question,respostas,A2,A3,A4,A5,B4,B6,B8,B9,B10,B11,B12,C1,C2,C3,C4,C8,D4,E1,E2,G4,G5,H1,taxa_acerto,num_submissoes,taxa_aceitacao,num_testes,num_consultas,num_erros_lgcs,num_errors_stx,num_erros,num_eventos,num_eventos_del,tempo_implementacao,qtd_alteracoes_codigo,dificuldade,discriminacao,usuarios_respondidos
1002,29,0,1,0,0,0,0,0,0,0,0,0,0,0,0,0,0,0,0,0,6,0,0,0.868421052631579,4.0,0.2171052631578947,3.421052631578948,7.421052631578948,0.8947368421052632,2.236842105263158,3.131578947368421,377.89473684210526,40.94736842105263,339.5563939393935,166.92105263157896,22.5,0.55,"1113,1152,1160,1168,1182,1188,1199,1237,1238,1244,1273,1285,1287,1297,1309,1433,1451,1520,1561,1563,1567,1592,1639,1655,3098,3102,3107,3135,3263,3305,3306,3315,3323,3324,3325,3417,3451,3486,3489,3543"
1018,31,0,3,0,1,0,0,0,0,0,0,0,0,0,0,0,0,0,0,0,11,0,0,0.8717948717948718,3.641025641025641,0.2394366197183098,5.897435897435898,9.538461538461538,1.794871794871795,0.9743589743589745,2.769230769230769,571.7948717948718,68.53846153846153,394.3782058823525,242.28205128205127,20.51,0.61,"1091,1114,1117,1151,1172,1173,1187,1190,1215,1246,1289,1292,1306,1307,1315,1393,1403,1449,1460,1554,1555,1642,1651,1677,1688,1704,3030,3047,3057,3076,3100,3112,3115,3119,3125,3136,3260,3322,3330"
1019,33,0,1,0,0,0,0,0,0,0,0,0,0,0,0,0,0,0,0,0,9,0,0,0.868421052631579,4.631578947368421,0.1875,4.631578947368421,9.263157894736842,1.4473684210526316,2.3157894736842106,3.763157894736842,673.6842105263158,90.86842105263158,390.1661515151509,273.7368421052632,17.5,0.52,"1096,1102,1157,1179,1193,1194,1203,1224,1232,1240,1241,1250,1259,1278,1294,1303,1305,1448,1461,1519,1604,1610,1645,1659,1661,1662,1708,3061,3065,3070,3072,3073,3093,3117,3307,3310,3311,3321,3400,3456"
1020,31,0,1,0,0,0,0,0,0,0,0,0,0,0,0,0,0,0,0,0,9,0,0,0.875,6.225,0.1405622489959839,9.0,15.225,1.725,3.625,5.35,848.025,117.2,379.9267142857136,386.375,16.67,0.54,"1105,1219,1221,1231,1234,1242,1253,1264,1281,1291,1296,1298,1299,1300,1564,1603,1612,1643,1644,1699,3048,3054,3055,3066,3069,3088,3104,3105,3106,3113,3124,3127,3128,3132,3140,3144,3266,3317,3327,3509,3511,3522"
1021,23,0,1,0,0,0,0,0,0,0,0,0,0,0,0,0,0,0,0,0,4,0,0,0.875,2.625,0.3333333333333333,6.09375,8.71875,0.71875,1.03125,1.75,727.40625,106.65625,445.12092857142807,254.78125,32.43,0.66,"1103,1111,1140,1155,1164,1191,1200,1214,1217,1236,1257,1267,1274,1293,1295,1310,1313,1431,1551,1557,1566,1601,1646,1654,1658,1668,1714,3084,3085,3089,3111,3129,3131,3418,3434,3476,3512"
1022,24,0,1,1,0,0,0,0,0,0,0,0,0,0,0,0,0,0,0,0,4,0,0,0.7941176470588235,4.0,0.1985294117647058,5.0588235294117645,9.058823529411764,1.4705882352941178,1.7352941176470589,3.2058823529411766,617.7352941176471,77.79411764705883,384.3851851851848,300.61764705882354,34.29,0.71,"1110,1118,1150,1174,1177,1218,1228,1249,1284,1286,1304,1311,1432,1464,1549,1559,1570,1636,1650,1652,1657,1664,1669,1676,1684,3071,3092,3137,3138,3259,3264,3304,3309,3331,3419"
1023,24,0,0,0,0,0,0,0,0,0,0,0,0,0,0,0,0,0,0,0,10,0,0,0.9142857142857144,3.257142857142857,0.2807017543859649,5.485714285714286,8.742857142857142,1.0857142857142856,1.2571428571428571,2.342857142857143,623.7714285714286,79.42857142857143,457.6875624999993,265.2857142857143,16.67,0.57,"1109,1112,1116,1176,1180,1181,1192,1196,1201,1208,1243,1251,1271,1275,1283,1302,1434,1463,1558,1687,1692,3044,3052,3081,3083,3086,3091,3097,3103,3139,3255,3258,3320,3328,3397,3508"
1024,35,0,3,1,0,0,0,0,0,0,0,0,0,0,0,0,0,0,0,0,4,0,1,0.8292682926829268,5.390243902439025,0.1538461538461538,5.170731707317073,10.560975609756095,2.5609756097560976,2.0,4.560975609756097,832.4878048780488,121.26829268292684,469.1077058823517,248.8780487804878,23.26,0.59,"1090,1101,1108,1153,1159,1162,1166,1178,1184,1185,1186,1197,1206,1210,1225,1226,1235,1258,1270,1280,1314,1443,1450,1560,1565,1600,1637,1647,1656,1660,1663,1694,3063,3067,3077,3114,3116,3143,3318,3401,3421,3435,3538"
1025,29,0,1,0,0,0,0,0,0,0,0,0,0,0,0,0,0,0,0,0,5,0,0,0.8571428571428571,3.690476190476191,0.232258064516129,5.666666666666667,9.357142857142858,1.4285714285714286,1.4047619047619049,2.833333333333333,611.8809523809524,74.57142857142857,377.5057499999992,315.7142857142857,15.79,0.56,"1094,1095,1097,1104,1161,1167,1216,1220,1233,1239,1263,1276,1279,1312,1384,1465,1550,1640,1649,1653,1674,1705,3049,3050,3051,3053,3058,3080,3087,3090,3095,3101,3120,3122,3133,3142,3477,3488"
1026,25,0,1,0,0,0,0,0,0,0,0,0,0,0,0,0,0,0,0,0,8,0,0,0.8285714285714286,4.114285714285714,0.2013888888888889,1.9142857142857144,6.0285714285714285,0.4857142857142857,2.8,3.2857142857142856,463.9142857142857,70.37142857142857,279.7337241379305,186.11428571428573,27.78,0.56,"1098,1158,1163,1165,1213,1248,1252,1254,1261,1269,1277,1308,1442,1462,1575,1608,1638,1666,1682,1691,1698,1702,1709,3045,3046,3059,3060,3064,3068,3075,3079,3130,3308,3313,3399,3495"
1027,83,0,7,1,0,0,0,0,0,0,0,0,0,0,0,0,0,0,0,0,31,0,0,0.8403361344537815,5.579831932773109,0.1506024096385542,20.16806722689076,25.747899159663863,2.201680672268908,2.53781512605042,4.739495798319328,1380.5126050420167,104.49579831932772,180.57203,394.4705882352941,27.0,0.39,"1094,1159,1203,1216,1237,1252,1267,1273,1287,1432,1462,1517,1565,1608,1640,1650,1666,1692,1705,2993,3046,3050,3066,3070,3088,3092,3097,3120,3127,3146,3166,3179,3191,3211,3219,3322,3367,3376,3378,3391,3392,3417,3495,3499,3532,3581,3607,4518,4641,4646,4653,4661,4667,4698,4699,4705,4715,4740,4758,4761,4762,4763,4769,4826,4830,4839,4864,4867,5014,5655,6013,7098,7106,7118,7119,7122,7131,7141,7146,7163,7171,7177,7178,7194,7196,7203,7209,7212,7221,7564,7591,7628,7635,7639,7643,7666,7668,7672,7673,7701"
1028,81,0,5,0,1,0,0,0,0,0,0,0,0,0,0,0,0,0,0,0,26,0,0,0.7870370370370371,5.907407407407407,0.1332288401253918,23.28703703703704,29.194444444444443,2.787037037037037,2.333333333333333,5.12037037037037,1659.111111111111,131.2685185185185,190.39272941176475,541.5833333333334,30.1,0.5,"1112,1114,1118,1214,1217,1218,1224,1240,1254,1284,1293,1297,1314,1449,1549,1550,1564,1567,1637,1638,1645,2514,3030,3045,3057,3061,3062,3081,3111,3124,3136,3157,3170,3176,3192,3200,3203,3267,3271,3309,3310,3373,3375,3384,3390,3439,3488,3489,3511,3555,4622,4624,4635,4650,4665,4670,4676,4685,4688,4696,4703,4722,4725,4730,4741,4742,4752,4766,4771,4774,4777,4840,4842,4843,4887,5668,5998,6011,6012,7104,7108,7123,7134,7155,7158,7174,7179,7234,7505,7506,7566,7567,7570,7576,7577,7585,7586,7623,7646,7651,7653,7657,7702"
1029,82,0,6,0,0,0,0,0,0,0,0,0,0,0,0,0,0,0,0,0,29,0,0,0.7559055118110236,4.070866141732283,0.1856866537717601,20.37007874015748,24.440944881889763,1.3228346456692914,1.9921259842519683,3.31496062992126,1578.6535433070867,112.53543307086616,215.29706249999924,449.1181102362205,33.01,0.49,"1105,1157,1163,1172,1231,1232,1243,1244,1258,1264,1275,1276,1302,1465,1551,1644,1652,1660,1674,1698,3048,3063,3072,3080,3083,3116,3143,3159,3198,3214,3306,3311,3320,3379,3435,3486,3497,3595,4626,4630,4632,4640,4647,4656,4671,4675,4682,4687,4694,4695,4700,4710,4711,4720,4723,4744,4749,4756,4760,4768,4776,4827,4831,4844,4846,4854,4857,4863,6026,6071,6258,7101,7111,7133,7137,7138,7139,7148,7151,7160,7164,7166,7168,7558,7561,7565,7569,7574,7582,7583,7595,7599,7600,7601,7608,7609,7615,7618,7621,7624,7682,7685,7690"
1030,68,0,3,1,0,0,0,0,0,0,0,0,0,0,0,0,0,0,0,0,30,0,0,0.8660714285714286,5.464285714285714,0.1584967320261437,20.151785714285715,25.616071428571427,1.8303571428571428,2.767857142857143,4.598214285714286,1352.633928571429,98.44642857142856,254.54012371134004,430.0535714285714,27.47,0.49,"1111,1116,1168,1184,1192,1270,1280,1286,1300,1308,1450,1647,3044,3047,3055,3060,3077,3100,3103,3117,3129,3148,3160,3164,3169,3187,3201,3202,3208,3216,3308,3397,3400,3443,3477,3508,4512,4631,4633,4638,4645,4651,4652,4655,4657,4672,4678,4686,4692,4701,4713,4717,4726,4738,4750,4751,4759,4778,4838,4841,5090,5536,5664,5826,6024,6059,7090,7102,7114,7116,7121,7127,7143,7154,7167,7181,7195,7563,7573,7575,7594,7603,7604,7607,7620,7640,7641,7648,7654,7656,7742"
1031,62,0,7,0,0,0,0,0,0,0,0,0,0,0,0,0,0,0,0,0,27,0,0,0.7864077669902912,5.446601941747573,0.1443850267379679,17.74757281553398,23.194174757281555,1.3883495145631068,3.271844660194174,4.660194174757281,1389.5436893203882,104.9126213592233,268.3049753086411,454.252427184466,33.73,0.59,"1091,1113,1161,1193,1199,1200,1215,1235,1241,1246,1277,1278,1285,1295,1304,1311,1401,1520,1702,3053,3075,3113,3144,3149,3162,3175,3209,3380,3394,3419,3444,3449,4643,4659,4677,4689,4706,4753,4767,4772,4773,4825,4828,4832,4833,4835,4836,4859,5008,5687,6074,6119,6165,7097,7109,7115,7126,7144,7176,7188,7205,7229,7239,7568,7579,7593,7605,7606,7610,7611,7613,7636,7644,7647,7659,7660,7663,7671,7686,7689,7697,7725,7740"
1032,72,0,3,0,0,0,0,0,0,0,0,0,0,0,0,0,0,0,0,0,29,0,0,0.868421052631579,5.342105263157895,0.1625615763546798,11.824561403508772,17.166666666666668,2.421052631578948,2.0526315789473686,4.473684210526316,991.640350877193,83.10526315789474,189.6278282828282,291.20175438596493,19.54,0.39,"1162,1190,1226,1283,1296,1461,1463,1655,1668,1699,1709,3011,3058,3065,3073,3085,3090,3130,3156,3165,3174,3188,3190,3212,3213,3313,3324,3330,3371,3374,3421,3451,3456,3485,3522,4628,4629,4639,4642,4649,4654,4673,4679,4697,4714,4732,4733,4818,4821,4829,4837,4845,4848,4849,4856,4875,5029,6157,6769,7103,7107,7125,7142,7161,7169,7175,7186,7187,7190,7193,7204,7220,7241,7510,7578,7580,7590,7592,7598,7612,7625,7626,7655,7658,7665,7704,7726"
1033,30,0,3,0,0,0,0,0,0,0,0,0,0,0,0,0,0,0,0,0,4,0,0,0.7551020408163265,9.877551020408164,0.0764462809917355,10.89795918367347,20.77551020408164,4.918367346938775,4.204081632653061,9.122448979591836,643.4897959183673,98.3265306122449,248.4927027027024,331.6122448979592,36.36,0.64,"1090,1096,1102,1104,1117,1152,1155,1182,1206,1210,1213,1242,1248,1259,1310,1434,1561,1566,1601,1639,1656,1682,3059,3067,3086,3135,3158,3171,3177,3182,3195,3204,3218,3307,3317,3318,3328,3383,3387,3399,3434,3440,3476,3543"
1034,39,0,3,0,0,0,0,0,0,0,0,0,0,0,0,0,0,0,0,0,6,0,0,0.8076923076923077,6.480769230769231,0.1246290801186943,10.23076923076923,16.71153846153846,2.7884615384615383,2.8846153846153846,5.673076923076923,580.2692307692307,93.17307692307692,264.89952380952354,305.59615384615387,21.28,0.41,"1151,1160,1177,1180,1181,1186,1188,1191,1197,1250,1261,1269,1281,1303,1431,1451,1554,1600,1646,1651,1657,1658,1661,1663,1684,3052,3076,3107,3119,3132,3140,3161,3172,3173,3183,3196,3199,3210,3259,3260,3263,3305,3321,3480,3483,3498,3538"
1035,24,0,0,0,0,0,0,0,0,0,0,0,0,0,0,0,0,0,0,0,6,0,0,0.8260869565217391,3.260869565217391,0.2533333333333333,6.021739130434782,9.282608695652174,1.0869565217391304,1.3478260869565215,2.4347826086956523,408.39130434782606,62.28260869565217,153.20894736842055,218.5217391304348,28.21,0.76,"1095,1103,1150,1153,1164,1219,1238,1239,1298,1307,1393,1557,1558,1570,1612,1662,1691,1714,3051,3054,3068,3079,3089,3102,3104,3106,3122,3138,3163,3186,3197,3269,3325,3369,3381,3385,3388,3389,3442"
1036,26,0,3,0,0,0,0,0,0,0,0,0,0,0,0,0,0,0,0,0,6,0,0,0.8461538461538461,4.384615384615385,0.1929824561403508,10.461538461538462,14.846153846153848,1.7179487179487178,1.8205128205128205,3.5384615384615383,423.6923076923077,65.56410256410257,187.2833333333332,266.3589743589744,23.53,0.56,"1097,1158,1165,1174,1187,1201,1253,1271,1305,1313,1315,1603,1643,1649,3091,3093,3096,3131,3142,3145,3180,3207,3215,3217,3221,3258,3304,3331,3370,3401,3441,3509,3512,3558"
1037,33,0,5,0,1,0,0,0,0,0,0,0,0,0,0,0,0,0,0,0,5,0,0,0.74,2.86,0.2587412587412587,9.06,11.92,0.7,1.42,2.12,575.3,83.36,227.7027837837836,227.52,38.3,0.75,"1110,1140,1166,1167,1176,1178,1196,1220,1234,1251,1257,1274,1279,1291,1299,1306,1384,1403,1443,1563,1575,1592,1610,1636,1642,1690,1694,1708,3049,3069,3087,3115,3125,3139,3151,3155,3178,3181,3184,3193,3205,3264,3323,3395,3418,3502,3544"
1038,32,0,1,0,0,0,0,0,0,0,0,0,0,0,0,0,0,0,0,0,8,0,0,0.7954545454545454,6.204545454545454,0.1282051282051282,8.954545454545455,15.159090909090908,2.977272727272727,2.4318181818181817,5.409090909090909,596.4545454545455,93.75,256.4261999999996,264.90909090909093,30.43,0.65,"1098,1101,1108,1109,1173,1179,1221,1222,1225,1228,1233,1249,1263,1289,1292,1294,1309,1433,1460,1464,1653,1654,1659,1669,1676,1704,3064,3071,3084,3095,3098,3105,3112,3133,3137,3167,3194,3255,3266,3315,3327,3368,3372,3386,3481,3531"
1080,49,0,0,0,0,1,0,0,0,0,0,0,0,0,0,0,0,0,0,0,35,0,0,0.9295774647887324,7.197183098591549,0.1291585127201565,15.661971830985916,22.859154929577464,5.464788732394366,0.8028169014084507,6.267605633802817,854.8732394366198,86.49295774647888,301.6264545454536,464.7183098591549,9.43,0.36,"1157,1161,1162,1184,1217,1239,1251,1253,1267,1270,1284,1292,1295,1298,1322,1324,1343,1391,1403,1433,1434,1451,1461,1462,1484,1491,1506,1573,1606,1633,1634,1657,1695,1718,3064,3065,3086,3093,3165,3169,3175,3180,3234,3269,3271,3371,3372,3381,3389,3393,3447,3532,3544"
1081,56,0,0,0,0,0,0,1,0,0,0,0,0,0,0,0,0,0,0,0,28,0,0,0.9390243902439024,5.036585365853658,0.1864406779661017,12.573170731707316,17.609756097560975,2.1951219512195124,1.902439024390244,4.097560975609756,852.5121951219512,93.84146341463416,293.6888831168821,368.0731707317073,13.43,0.46,"1110,1177,1199,1215,1233,1243,1247,1249,1278,1309,1325,1355,1431,1454,1464,1494,1519,1520,1527,1566,1592,1649,1655,1660,1666,1727,1732,3047,3058,3069,3091,3102,3107,3116,3122,3127,3134,3140,3159,3170,3171,3176,3183,3219,3230,3237,3239,3240,3243,3247,3266,3311,3321,3322,3323,3330,3368,3385,3440,3451,3476,3477,3486,3488,3511,3561,4622"
1082,57,0,1,0,0,0,0,0,0,0,0,0,0,0,0,0,0,0,0,0,45,0,0,0.9146341463414634,7.7073170731707314,0.1186708860759493,17.25609756097561,24.963414634146343,4.2073170731707314,2.5853658536585367,6.7926829268292686,950.6585365853658,101.5609756097561,497.6982266666656,598.670731707317,9.89,0.36,"1103,1104,1116,1140,1160,1163,1187,1191,1194,1214,1216,1237,1242,1285,1293,1297,1304,1307,1323,1328,1335,1339,1348,1383,1392,1396,1465,1482,1486,1497,1506,1518,1543,1562,1582,1591,1616,1618,1622,1639,1643,1662,1684,3031,3050,3072,3090,3096,3106,3111,3121,3163,3189,3194,3197,3201,3211,3212,3241,3320,3376,3435,3497,3508"
1083,49,0,0,0,0,0,0,1,0,0,0,0,0,0,0,0,0,0,0,0,29,0,0,0.8714285714285714,6.942857142857143,0.125514403292181,13.742857142857142,20.685714285714287,3.8142857142857145,2.257142857142857,6.071428571428571,832.0428571428571,103.32857142857142,278.77475409836023,445.07142857142856,19.05,0.36,"1094,1097,1150,1182,1186,1198,1213,1226,1268,1276,1303,1305,1306,1311,1313,1352,1357,1473,1480,1498,1504,1511,1540,1608,1621,1627,1628,1635,1637,1650,1659,1668,1677,1702,3044,3048,3071,3075,3077,3100,3104,3114,3128,3132,3137,3164,3174,3191,3204,3207,3218,3236,3276,3277,3304,3308,3373,3384,3404,3482,3495,3498,3503"
1084,48,0,0,0,0,0,0,1,0,0,0,0,0,0,0,0,0,0,0,0,31,0,0,0.9104477611940298,8.343283582089553,0.10912343470483,15.08955223880597,23.432835820895523,4.119402985074627,3.313432835820896,7.432835820895522,862.9850746268656,99.05970149253731,408.1170491803272,409.7761194029851,12.73,0.35,"1102,1151,1158,1178,1196,1252,1254,1283,1287,1296,1300,1302,1333,1398,1483,1487,1492,1507,1516,1533,1557,1565,1575,1578,1605,1625,1661,1663,1669,1682,1683,1699,1712,3056,3057,3066,3085,3105,3115,3125,3133,3135,3157,3160,3177,3178,3203,3210,3259,3260,3318,3395,3417,3419,3502"
1085,54,0,0,0,1,0,0,1,1,0,0,0,0,0,0,0,0,0,0,0,37,0,1,0.9135802469135802,6.024691358024692,0.151639344262295,13.950617283950615,19.97530864197531,2.740740740740741,2.3703703703703702,5.111111111111111,890.7283950617284,94.55555555555556,305.05504054054035,428.0,11.11,0.25,"1111,1114,1117,1173,1174,1180,1181,1185,1192,1200,1218,1231,1340,1349,1389,1395,1479,1483,1493,1502,1509,1512,1514,1522,1583,1600,1619,1631,1634,1638,1646,1653,1664,1687,1704,1719,3011,3030,3063,3068,3080,3088,3095,3101,3138,3148,3151,3196,3213,3216,3222,3231,3242,3255,3263,3264,3275,3279,3374,3399,3418,3439,3499"
1086,65,0,0,0,1,0,0,0,0,0,0,0,0,0,0,0,0,0,0,0,36,0,0,0.9629629629629628,4.790123456790123,0.2010309278350515,10.0,14.790123456790123,2.5185185185185186,1.308641975308642,3.8271604938271606,707.6666666666666,79.07407407407408,293.3541025641022,291.25925925925924,3.03,0.28,"1101,1153,1164,1165,1190,1201,1202,1224,1234,1236,1238,1240,1246,1259,1264,1289,1294,1299,1308,1327,1329,1331,1350,1441,1450,1458,1481,1488,1489,1490,1495,1500,1510,1514,1534,1549,1550,1555,1612,1636,1676,1691,1700,1703,3046,3051,3073,3081,3119,3131,3149,3162,3181,3182,3193,3202,3217,3228,3246,3248,3267,3273,3307,3327,3390,3512"
1087,66,0,0,0,0,0,0,1,0,0,0,0,0,0,0,0,0,0,0,0,42,0,0,0.9404761904761904,6.238095238095238,0.1507633587786259,14.011904761904765,20.25,2.345238095238096,2.952380952380953,5.297619047619048,1002.1428571428572,91.58333333333331,313.63232911392345,494.0833333333333,7.61,0.39,"1091,1113,1155,1172,1197,1203,1210,1232,1244,1275,1279,1281,1330,1332,1342,1345,1351,1390,1443,1485,1501,1534,1559,1563,1567,1586,1611,1614,1645,1652,1658,1674,1705,1709,1752,3059,3061,3062,3112,3120,3136,3139,3142,3144,3156,3184,3187,3190,3198,3199,3221,3223,3224,3227,3232,3235,3258,3265,3306,3309,3325,3370,3383,3388,3392,3394,3396,3397,3401,3456"
1088,51,0,0,0,0,0,0,0,0,0,0,0,0,0,0,0,0,0,0,0,37,0,0,0.958904109589041,7.219178082191781,0.1328273244781783,13.164383561643836,20.383561643835616,4.164383561643835,2.095890410958904,6.260273972602739,744.7397260273973,73.79452054794521,281.7639857142855,360.1506849315069,5.17,0.26,"1105,1118,1219,1220,1250,1255,1258,1263,1314,1326,1334,1338,1353,1358,1387,1393,1432,1437,1444,1485,1486,1495,1496,1498,1503,1615,3049,3053,3055,3079,3083,3084,3092,3126,3129,3143,3146,3155,3161,3166,3167,3179,3186,3188,3195,3214,3233,3245,3278,3305,3310,3314,3328,3331,3375,3380,3434,3444"
1089,46,0,0,0,0,0,0,0,0,0,0,0,0,0,0,0,0,0,0,0,9,0,2,0.84375,8.859375,0.0952380952380952,14.359375,23.21875,5.328125,2.6875,8.015625,886.015625,117.953125,499.6895925925926,499.109375,24.86,0.48,"1098,1108,1109,1112,1152,1166,1168,1193,1225,1235,1248,1273,1291,1312,1386,1394,1397,1401,1448,1480,1481,1499,1512,1551,1554,1571,1610,1644,1656,1692,1701,1729,1759,3052,3054,3070,3076,3089,3103,3113,3117,3124,3215,3270,3315,3324,3367,3369,3378,3379,3387,3391,3441,3443,3484,3485,3509,3531,3538"
1090,42,1,0,0,0,0,0,0,0,0,0,0,0,0,0,0,0,0,0,0,15,0,0,0.8387096774193549,7.82258064516129,0.1072164948453608,11.596774193548388,19.41935483870968,4.935483870967742,2.048387096774193,6.983870967741935,777.3709677419355,88.06451612903226,365.81855769230737,558.3064516129032,18.52,0.54,"1090,1095,1096,1159,1167,1176,1179,1188,1221,1257,1261,1271,1277,1286,1310,1315,1384,1430,1460,1463,1501,1508,1541,1558,1577,1588,1598,1603,1620,1623,1640,1647,1651,1654,1694,1698,1714,3060,3097,3098,3158,3205,3209,3225,3226,3313,3317,3448,3449,3483,3489,3522,3555,3570"
1091,51,0,4,0,0,1,0,3,0,0,0,0,0,0,0,0,0,0,0,0,36,0,0,0.8125,10.609375,0.0765832106038291,17.375,27.984375,7.921875,1.875,9.796875,666.59375,83.328125,432.1062499999994,432.515625,22.77,0.37,"1112,1116,1166,1185,1188,1213,1224,1232,1234,1254,1273,1283,1289,1293,1307,1349,1444,1481,1486,1508,1514,1522,1543,1549,1555,1562,1618,1634,1654,1660,1701,3053,3061,3066,3085,3091,3113,3115,3121,3142,3163,3164,3175,3189,3199,3202,3221,3235,3263,3276,3309,3320,3368,3372,3376,3385,3440,3449,3486,3555"
1092,52,0,5,0,0,0,0,0,0,0,0,0,0,0,0,0,0,0,0,0,35,0,0,0.6621621621621622,9.14864864864865,0.0723781388478582,19.25675675675676,28.405405405405407,6.783783783783784,1.7027027027027026,8.486486486486486,961.6621621621622,115.47297297297295,610.7056530612231,598.4324324324324,43.2,0.56,"1108,1109,1117,1160,1161,1164,1168,1174,1197,1199,1203,1214,1220,1231,1264,1276,1295,1304,1306,1308,1313,1331,1338,1345,1386,1389,1398,1433,1462,1481,1484,1485,1490,1503,1504,1506,1533,1534,1540,1543,1550,1565,1588,1615,1635,1638,1644,1646,1666,1692,1702,1714,1727,1732,3044,3046,3049,3052,3072,3080,3083,3098,3127,3131,3134,3144,3145,3157,3162,3165,3190,3195,3196,3213,3240,3264,3278,3305,3331,3390,3396"
1093,63,0,7,0,0,0,0,2,0,0,0,0,0,0,0,0,0,0,0,0,46,0,1,0.6704545454545454,8.965909090909092,0.0747782002534854,15.113636363636363,24.079545454545453,6.727272727272728,1.568181818181818,8.295454545454545,738.4318181818181,92.39772727272728,353.46205084745725,442.95454545454544,39.49,0.6,"1098,1101,1102,1118,1140,1151,1162,1172,1178,1187,1236,1243,1250,1253,1258,1267,1278,1281,1291,1292,1298,1322,1323,1327,1335,1343,1357,1383,1390,1401,1437,1473,1486,1491,1493,1495,1501,1516,1520,1534,1600,1621,1623,1625,1631,1633,1634,1668,3055,3058,3059,3063,3069,3071,3092,3096,3097,3100,3102,3105,3112,3116,3117,3125,3132,3137,3138,3140,3167,3171,3174,3180,3181,3212,3217,3222,3234,3237,3242,3259,3307,3311,3318,3384,3387,3399,3451,3456,3477,3497,3509,3570"
1094,48,1,10,0,0,0,0,0,0,0,0,0,0,0,0,0,0,0,0,0,32,0,1,0.6521739130434783,9.91304347826087,0.0657894736842105,23.014492753623188,32.927536231884055,7.710144927536231,1.5507246376811594,9.26086956521739,983.9130434782608,136.55072463768116,448.4419111111106,674.2753623188406,45.75,0.42,"1091,1096,1104,1105,1167,1218,1219,1233,1270,1279,1286,1296,1302,1328,1329,1330,1333,1334,1350,1391,1393,1434,1450,1461,1463,1464,1479,1480,1489,1495,1498,1502,1512,1611,1616,1640,1645,1682,1694,1705,1729,3047,3050,3075,3076,3086,3093,3095,3101,3106,3119,3124,3139,3149,3166,3186,3191,3194,3198,3209,3225,3227,3228,3236,3266,3306,3317,3322,3323,3374,3378,3485,3508,3531,3532"
1095,53,1,5,0,0,0,0,0,0,0,0,0,0,0,0,0,0,0,0,0,36,0,0,0.5945945945945946,11.0,0.054054054054054,16.22972972972973,27.22972972972973,8.743243243243244,1.662162162162162,10.405405405405403,850.9594594594595,103.37837837837836,479.1610454545444,503.55405405405406,48.3,0.56,"1090,1113,1157,1163,1182,1215,1226,1238,1252,1268,1287,1300,1303,1315,1324,1326,1332,1340,1384,1394,1396,1403,1430,1431,1441,1443,1458,1465,1480,1499,1509,1541,1566,1573,1578,1586,1603,1636,1649,1650,1656,1658,1661,1662,1663,1664,1677,1683,1703,1719,1752,3060,3070,3088,3089,3122,3128,3146,3148,3156,3219,3224,3230,3239,3260,3270,3277,3308,3310,3370,3380,3391,3392,3397,3417,3448,3488,3498,3502,3511"
1096,51,0,7,0,1,0,0,0,0,0,0,0,0,0,0,0,0,0,0,0,30,0,0,0.4729729729729729,10.0,0.0472972972972973,19.783783783783782,29.783783783783782,7.95945945945946,1.5675675675675675,9.527027027027026,1018.0945945945946,133.16216216216216,363.4901142857142,584.972972972973,55.67,0.54,"1095,1097,1111,1152,1153,1193,1200,1217,1225,1242,1247,1251,1257,1261,1275,1285,1294,1297,1309,1314,1342,1351,1355,1485,1487,1488,1492,1494,1506,1507,1511,1559,1610,1612,1627,1652,1657,1659,1669,1674,1676,1691,3011,3030,3048,3056,3077,3079,3081,3104,3111,3126,3151,3160,3179,3182,3183,3184,3187,3188,3197,3205,3208,3210,3223,3232,3245,3255,3265,3279,3315,3321,3367,3375,3379,3388,3395,3418,3419,3476,3482,3489"
1097,61,0,2,0,1,0,0,0,0,0,0,0,0,0,0,0,0,0,0,0,36,0,1,0.7142857142857143,7.916666666666667,0.0902255639097744,12.988095238095235,20.904761904761905,5.309523809523809,1.8928571428571428,7.2023809523809526,694.2261904761905,84.5952380952381,525.9879499999996,420.6190476190476,37.56,0.58,"1094,1103,1110,1114,1150,1155,1158,1184,1190,1194,1196,1201,1210,1216,1237,1240,1255,1263,1271,1284,1312,1432,1451,1483,1498,1501,1514,1518,1519,1527,1554,1557,1558,1583,1608,1614,1620,1628,1637,1639,1643,1687,1698,1700,1704,1709,1712,3051,3065,3073,3090,3103,3114,3135,3136,3158,3161,3169,3170,3176,3177,3200,3203,3204,3211,3215,3216,3218,3226,3233,3247,3273,3275,3304,3327,3328,3371,3373,3381,3383,3389,3394,3401,3404,3434,3439,3441,3444,3447,3495,3499,3503,3512,3544"
1098,52,2,0,0,0,0,0,1,0,0,0,0,0,0,0,0,0,0,0,0,37,0,0,0.7534246575342466,8.684931506849315,0.0867507886435331,16.164383561643834,24.84931506849315,6.273972602739726,1.6575342465753424,7.931506849315069,676.9589041095891,82.58904109589041,372.91323636363575,450.4657534246575,38.45,0.59,"1165,1176,1179,1186,1192,1202,1221,1244,1246,1249,1259,1299,1305,1310,1311,1325,1339,1348,1352,1353,1358,1392,1397,1460,1482,1496,1497,1500,1510,1512,1551,1563,1567,1575,1582,1591,1592,1606,1651,1699,1718,3031,3054,3057,3064,3068,3084,3107,3120,3129,3143,3155,3159,3178,3192,3193,3201,3207,3214,3231,3241,3243,3246,3248,3267,3269,3271,3313,3314,3324,3325,3330,3369,3435,3443,3483,3484,3561"
1109,49,0,1,0,0,2,0,36,11,0,2,0,0,0,0,0,0,0,1,0,23,0,0,0.4666666666666667,8.083333333333334,0.0577319587628866,20.133333333333333,28.216666666666665,6.433333333333334,1.1833333333333331,7.616666666666666,1517.5666666666666,166.51666666666668,425.4193571428564,1546.1833333333334,52.84,0.58,"1101,1105,1110,1153,1158,1166,1176,1187,1198,1206,1216,1224,1225,1237,1254,1285,1286,1298,1302,1306,1315,1346,1394,1431,1432,1441,1444,1487,1500,1511,1534,1567,1582,1629,1640,1650,1656,1698,1712,1719,3047,3054,3058,3080,3081,3084,3097,3128,3138,3142,3144,3191,3195,3200,3218,3221,3223,3240,3246,3248,3255,3258,3273,3305,3309,3310,3315,3330,3340,3344,3346,3352,3379,3397,3441"
1110,19,0,2,0,0,0,0,14,0,0,0,0,0,0,0,0,0,0,4,0,11,0,0,0.625,5.666666666666667,0.1102941176470588,15.708333333333334,21.375,3.208333333333333,1.8333333333333333,5.041666666666667,1769.0833333333333,188.79166666666663,1418.9089999999965,1134.125,56.88,0.79,"1095,1161,1179,1186,1196,1232,1233,1251,1257,1261,1273,1289,1304,1308,1330,1349,1357,1384,1387,1395,1396,1463,1493,1499,1510,1592,1598,1612,1620,1639,1655,1660,1682,1699"
1111,33,0,3,0,0,0,0,15,16,0,0,0,0,0,0,0,0,0,0,0,24,0,2,0.5384615384615384,7.019230769230769,0.0767123287671232,19.846153846153847,26.865384615384617,4.173076923076923,2.3076923076923075,6.480769230769231,1416.5576923076924,155.80769230769232,487.6297857142857,1518.0,54.77,0.68,"1113,1162,1252,1258,1294,1313,1334,1398,1460,1527,1586,1600,1652,1661,1663,1666,1704,1727,3044,3052,3082,3085,3092,3095,3132,3199,3205,3216,3217,3280,3307,3320,3336,3338,3347,3349,3367,3371,3376,3381,3448,3511,3645,3657,3694,3701,3747,3755,3763,3764,3801,6130,7506,7639,7648,7653"
1112,22,0,2,0,1,0,0,9,11,0,0,0,0,0,0,0,0,0,0,0,13,0,0,0.6206896551724138,9.03448275862069,0.0687022900763358,16.482758620689655,25.517241379310345,5.379310344827586,3.034482758620689,8.413793103448276,1192.4827586206898,147.58620689655172,892.5802777777754,937.3793103448276,49.0,0.7,"1114,1118,1174,1217,1218,1239,1255,1296,1299,1309,1325,1328,1331,1333,1335,1355,1356,1358,1388,1430,1462,1489,1491,1494,1507,1543,1565,1577,1636,1658,1664,1709"
1113,39,0,1,0,0,2,0,28,5,0,0,0,0,0,0,0,0,0,1,0,19,0,0,0.6181818181818182,7.836363636363636,0.0788863109048723,16.672727272727272,24.509090909090908,6.072727272727272,1.1454545454545455,7.218181818181818,1796.9636363636364,198.54545454545453,779.9647647058816,1888.090909090909,44.06,0.61,"1103,1108,1112,1155,1160,1172,1181,1190,1202,1214,1238,1250,1253,1263,1267,1293,1329,1343,1345,1392,1437,1443,1473,1484,1485,1488,1504,1549,1557,1645,1669,1687,3046,3089,3090,3091,3103,3116,3122,3129,3137,3155,3188,3193,3196,3209,3210,3259,3264,3311,3342,3372,3378,3387,3417,3421,3451,3476,3482,3503,3522,3531"
1114,42,0,1,0,2,6,0,22,6,0,1,0,0,0,0,0,0,0,0,0,29,0,1,0.4642857142857143,15.035714285714286,0.0308788598574821,19.303571428571427,34.339285714285715,12.410714285714286,2.1607142857142856,14.571428571428571,1615.7142857142858,201.5,1002.7620769230768,1437.8392857142858,57.28,0.55,"1090,1097,1098,1111,1116,1150,1152,1159,1178,1210,1234,1244,1283,1284,1303,1314,1322,1339,1348,1353,1383,1386,1451,1458,1481,1496,1508,1509,1518,1522,1541,1558,1561,1562,1618,1637,1644,1651,1657,1691,1701,1702,1705,1729,3060,3075,3107,3119,3133,3139,3145,3149,3197,3214,3219,3232,3236,3238,3243,3247,3260,3276,3304,3345,3348,3359,3423,3434,3435,3443,3489"
1115,53,0,2,0,0,5,0,23,0,0,0,0,0,0,0,0,0,0,0,0,32,0,0,0.5428571428571428,13.6,0.0399159663865546,24.77142857142857,38.371428571428574,10.628571428571428,2.4285714285714284,13.057142857142855,1421.2857142857142,162.04285714285714,655.0518947368408,1679.0,50.18,0.51,"1104,1117,1164,1165,1173,1180,1184,1197,1201,1213,1220,1242,1265,1278,1281,1310,1324,1326,1352,1486,1490,1497,1498,1501,1502,1506,1514,1540,1559,1563,1588,1614,1616,1625,1628,1631,1638,1649,1653,1654,1674,1694,1728,3053,3064,3065,3071,3076,3093,3098,3104,3105,3124,3126,3136,3198,3201,3202,3213,3225,3228,3237,3241,3277,3279,3321,3325,3331,3351,3362,3370,3375,3385,3386,3388,3391,3418,3449,3456,3477,3486,3495,3544"
1116,28,0,0,0,0,3,0,17,0,0,0,0,0,0,0,0,0,0,0,0,26,0,0,0.5588235294117647,7.382352941176471,0.0756972111553784,17.176470588235293,24.558823529411764,5.411764705882353,1.411764705882353,6.823529411764706,1165.6470588235295,144.97058823529412,1191.66947368421,955.3529411764706,47.85,0.55,"1091,1109,1140,1151,1157,1167,1182,1199,1219,1221,1222,1226,1231,1243,1246,1264,1276,1291,1295,1297,1323,1327,1350,1389,1434,1465,1480,1512,1516,1533,1575,1578,1610,1635,1642,1643,1676,1677,1764"
1117,25,2,3,0,0,8,0,14,0,0,0,0,0,0,0,0,0,0,0,0,12,0,1,0.3333333333333333,13.166666666666666,0.0253164556962025,27.38095238095238,40.54761904761905,8.285714285714286,4.547619047619048,12.833333333333334,2018.952380952381,233.3333333333333,974.6471428571408,3027.6666666666665,73.0,0.56,"1094,1102,1185,1192,1193,1194,1271,1275,1287,1292,1300,1305,1307,1342,1351,1390,1393,1433,1461,1464,1479,1482,1492,1503,1520,1550,1554,1583,1659,1668,1692,1703,1718,1732,1752,3011,3057,3106,3117,3127,3194,3222,3224,3227,3239,3266,3274,3306,3308,3314,3323,3324,3328,3350,3358,3426,3481,3488"
1119,63,0,2,0,0,2,0,10,0,0,0,0,0,0,0,0,0,0,15,0,59,0,0,0.875,7.1375,0.1225919439579684,11.3375,18.475,3.7375,2.525,6.2625,982.55,107.3625,477.1540142857138,738.0625,19.05,0.5,"1157,1163,1167,1198,1202,1217,1261,1267,1278,1285,1294,1308,1325,1335,1352,1358,1391,1393,1490,1491,1500,1504,1512,1578,1614,1636,1639,1640,1653,1655,1684,1729,3011,3044,3046,3060,3061,3069,3076,3077,3080,3085,3093,3095,3106,3130,3133,3137,3182,3198,3201,3205,3207,3210,3224,3235,3237,3243,3259,3273,3304,3313,3324,3331,3345,3350,3352,3367,3381,3385,3391,3423,3451,3476,3477,3482,3503"
1120,45,0,1,0,0,0,0,7,0,0,0,0,0,0,0,0,0,0,8,0,37,0,1,0.8214285714285714,12.107142857142858,0.0678466076696165,14.892857142857142,27.0,7.464285714285714,3.821428571428572,11.285714285714286,995.9285714285714,116.92857142857144,580.0681304347817,578.9821428571429,24.39,0.54,"1096,1097,1098,1104,1159,1160,1161,1162,1180,1193,1203,1246,1248,1281,1291,1305,1327,1330,1340,1343,1357,1387,1497,1498,1503,1514,1565,1582,1612,1629,1669,1698,1719,1727,1764,3058,3063,3065,3079,3096,3101,3107,3115,3122,3125,3136,3181,3192,3197,3263,3265,3349,3371,3386,3486,3522"
1122,61,0,0,0,0,0,0,7,0,0,0,0,0,0,0,0,0,0,12,0,39,0,2,0.8666666666666667,4.253333333333333,0.2037617554858934,11.986666666666666,16.24,2.4133333333333336,0.9733333333333334,3.3866666666666667,1215.7733333333333,156.38666666666666,457.3836307692301,746.7866666666666,15.09,0.32,"1117,1153,1185,1197,1232,1235,1242,1251,1252,1254,1255,1271,1275,1286,1295,1298,1303,1331,1342,1350,1383,1389,1397,1444,1460,1463,1483,1486,1522,1533,1541,1567,1631,1646,1650,1651,1652,1666,1692,3070,3081,3083,3088,3103,3127,3128,3134,3140,3144,3156,3158,3170,3171,3174,3177,3189,3195,3232,3247,3264,3314,3339,3344,3346,3368,3372,3383,3387,3393,3394,3434,3456,3495,3531,3561"
1125,42,0,0,0,0,0,0,5,0,0,0,0,0,0,0,0,0,0,5,0,36,0,0,0.9591836734693876,4.877551020408164,0.1966527196652719,8.510204081632653,13.387755102040815,2.3877551020408165,1.530612244897959,3.918367346938776,809.795918367347,102.89795918367346,421.3274255319135,427.9795918367347,9.02,0.17,"1091,1095,1102,1118,1150,1152,1186,1190,1231,1258,1264,1293,1348,1392,1395,1398,1443,1479,1510,1527,1540,1621,1637,1644,1663,1664,1703,3048,3086,3090,3124,3126,3161,3164,3165,3179,3199,3209,3211,3230,3236,3274,3315,3323,3375,3388,3497,3512"
1126,50,0,0,0,0,1,0,11,1,0,0,0,0,0,0,0,0,0,13,0,36,0,1,0.8813559322033898,6.796610169491525,0.1296758104738154,11.627118644067796,18.42372881355932,4.5423728813559325,1.3728813559322033,5.915254237288136,786.2881355932203,102.84745762711864,448.1684615384607,541.5084745762712,11.7,0.36,"1103,1155,1164,1172,1199,1257,1284,1306,1310,1313,1390,1437,1441,1484,1507,1543,1554,1588,1605,1610,1616,1627,1654,1657,1660,1668,1701,1718,3064,3068,3082,3084,3087,3131,3132,3148,3166,3175,3176,3202,3213,3234,3240,3244,3267,3305,3309,3311,3320,3325,3340,3342,3348,3419,3426,3447,3488"
1127,49,0,0,0,0,0,0,9,0,0,0,0,0,0,0,0,0,0,10,0,36,0,0,0.8793103448275862,7.275862068965517,0.1208530805687203,8.086206896551724,15.362068965517242,3.913793103448276,2.4827586206896552,6.396551724137931,975.396551724138,126.5,461.8714313725481,553.5172413793103,14.55,0.34,"1210,1237,1238,1283,1300,1304,1314,1315,1345,1396,1433,1465,1499,1501,1550,1611,1619,1633,1635,1647,1674,1704,1728,3053,3072,3116,3117,3129,3138,3145,3149,3151,3178,3183,3218,3222,3226,3246,3248,3260,3269,3306,3308,3310,3322,3333,3356,3359,3362,3373,3397,3421,3435,3511,3570"
1146,42,0,2,0,0,1,0,6,0,0,0,0,0,0,0,0,0,0,6,0,32,0,0,0.8571428571428571,4.836734693877551,0.1772151898734177,8.755102040816327,13.591836734693878,3.0408163265306123,0.9387755102040816,3.979591836734694,1005.9183673469388,132.0612244897959,393.0779999999983,574.3265306122449,15.96,0.39,"1244,1253,1273,1297,1309,1322,1328,1334,1394,1430,1489,1502,1511,1516,1518,1519,1520,1638,1658,1699,3054,3066,3075,3111,3114,3139,3143,3184,3194,3217,3228,3231,3238,3239,3242,3276,3321,3336,3338,3347,3353,3355,3370,3379,3444,3489,3498,3544"
1147,40,0,0,0,0,39,0,9,0,0,0,0,0,0,0,0,0,0,11,0,35,0,0,0.8979591836734694,5.306122448979592,0.1692307692307692,9.408163265306122,14.714285714285714,3.63265306122449,0.7755102040816326,4.408163265306122,822.8367346938776,97.40816326530611,421.069636363636,580.5714285714286,10.87,0.22,"1233,1243,1276,1296,1299,1323,1333,1339,1388,1401,1434,1480,1482,1493,1496,1591,1620,1625,1628,1659,1676,1705,3030,3031,3052,3071,3092,3100,3160,3188,3203,3216,3241,3270,3271,3307,3327,3328,3335,3378,3380,3389,3440,3449,3481,3499"
1148,51,0,1,0,0,2,0,8,0,0,0,0,0,0,0,0,0,0,9,0,41,0,0,0.8852459016393442,3.9672131147540974,0.2231404958677686,9.754098360655735,13.721311475409836,2.295081967213114,0.7868852459016393,3.081967213114754,1009.2950819672132,111.04918032786884,369.2159074074069,756.2131147540983,12.64,0.49,"1234,1250,1307,1324,1326,1346,1351,1461,1462,1485,1487,1492,1494,1534,1575,1577,1583,1586,1649,1682,1694,1752,3057,3089,3091,3097,3104,3119,3120,3135,3142,3159,3162,3169,3180,3187,3200,3215,3219,3223,3225,3227,3245,3255,3258,3277,3280,3317,3341,3374,3376,3384,3439,3441,3442,3448,3502,3532"
1149,39,0,1,0,0,1,0,10,0,0,0,0,0,0,0,0,0,0,11,0,25,0,0,0.8936170212765957,5.723404255319149,0.1561338289962825,11.808510638297872,17.53191489361702,2.7872340425531914,2.042553191489361,4.829787234042553,1010.0,120.38297872340424,357.33169047619003,724.0425531914893,16.67,0.44,"1239,1241,1263,1287,1289,1292,1302,1329,1349,1353,1386,1458,1464,1481,1506,1508,1509,1622,1643,1661,1732,3098,3102,3105,3146,3155,3157,3167,3190,3191,3193,3196,3204,3208,3214,3221,3266,3275,3279,3334,3337,3351,3358,3395,3418,3443,3484,3485"
1152,26,0,1,0,0,0,0,0,0,0,0,0,0,0,0,0,0,0,0,0,18,0,0,0.8387096774193549,2.5806451612903225,0.325,6.387096774193548,8.96774193548387,1.0,0.7419354838709677,1.7419354838709675,918.6451612903226,104.7741935483871,648.2272307692305,278.4516129032258,31.58,0.35,"1150,1163,1182,1201,1216,1234,1257,1276,1286,1305,1306,1309,1322,1328,1387,1390,1395,1430,1432,1483,1492,1497,1500,1512,1541,1557,1583,1586,1611,1618,1637,1646,1649,1655,1660,1666,1703,1807"
1154,17,0,1,0,0,0,0,0,0,0,0,0,0,0,0,0,0,0,0,0,15,0,0,0.7727272727272727,2.8181818181818183,0.2741935483870967,15.727272727272728,18.545454545454547,0.8636363636363636,1.181818181818182,2.0454545454545454,744.6363636363636,87.13636363636364,902.801588235294,201.5,48.48,0.68,"1094,1101,1194,1224,1225,1243,1248,1267,1302,1324,1340,1393,1480,1481,1484,1486,1488,1489,1490,1493,1496,1503,1504,1511,1516,1533,1582,1588,1620,1629,1682,1694,1732"
1155,19,1,1,0,0,0,0,0,0,0,0,0,0,0,0,0,0,0,0,0,12,0,0,0.9047619047619048,5.190476190476191,0.1743119266055046,14.142857142857142,19.33333333333333,3.0476190476190474,1.238095238095238,4.285714285714286,1137.190476190476,126.47619047619048,626.0858421052628,479.8095238095238,38.71,0.71,"1117,1152,1177,1185,1186,1188,1191,1199,1219,1231,1232,1253,1255,1261,1264,1281,1333,1353,1465,1494,1499,1502,1508,1510,1514,1565,1605,1621,1638,1652,1674"
1157,22,0,2,0,0,0,0,0,0,0,0,0,0,0,0,0,0,0,0,0,11,0,0,0.8620689655172413,3.4827586206896552,0.2475247524752475,8.172413793103448,11.655172413793103,2.206896551724138,0.4137931034482758,2.6206896551724137,663.4137931034483,78.06896551724138,577.8794399999997,229.5862068965517,30.3,0.5,"1103,1164,1165,1187,1238,1250,1275,1287,1293,1307,1326,1352,1391,1398,1479,1483,1484,1493,1494,1497,1499,1527,1551,1558,1578,1588,1616,1623,1635,1643,1703,1728,1807"
1158,16,0,7,0,0,0,0,1,0,0,0,0,0,0,0,0,0,0,0,0,10,0,0,0.8947368421052632,8.421052631578947,0.10625,29.0,37.42105263157895,5.631578947368421,1.894736842105263,7.526315789473684,1257.7894736842106,183.57894736842104,683.5134705882347,503.89473684210526,38.46,0.63,"1096,1097,1105,1111,1159,1162,1173,1178,1196,1233,1239,1346,1431,1437,1441,1451,1481,1486,1488,1502,1504,1514,1519,1606,1633,1760"
1159,18,0,2,0,0,0,0,0,0,0,0,0,0,0,0,0,0,0,0,0,17,0,0,0.72,5.16,0.1395348837209302,11.64,16.8,3.76,0.68,4.44,886.84,103.48,482.30861111111074,385.28,35.71,0.49,"1104,1157,1158,1184,1203,1215,1237,1251,1308,1315,1332,1334,1339,1348,1355,1480,1490,1492,1496,1507,1516,1522,1541,1549,1559,1563,1631,1658"
1161,22,0,4,0,0,0,0,0,0,0,0,0,0,0,0,0,0,0,0,0,21,0,0,0.8888888888888888,11.074074074074074,0.0802675585284281,18.48148148148148,29.55555555555556,9.333333333333334,0.8518518518518519,10.185185185185183,1096.3703703703704,135.14814814814815,618.1255833333331,424.6296296296296,42.35,0.5,"1108,1116,1118,1172,1180,1192,1198,1206,1210,1214,1252,1289,1299,1304,1330,1357,1386,1392,1461,1462,1473,1491,1498,1501,1507,1527,1534,1543,1612,1615,1639,1645,1653,1659,1719,1727,1729"
1163,18,0,3,0,0,0,0,1,0,0,0,0,0,0,0,0,0,0,0,0,8,0,0,0.8636363636363636,3.0454545454545454,0.2835820895522388,19.545454545454547,22.59090909090909,1.7727272727272727,0.4090909090909091,2.1818181818181817,963.3636363636364,129.5909090909091,303.8528421052629,560.0,28.0,0.44,"1155,1221,1254,1278,1296,1300,1323,1329,1397,1433,1443,1450,1458,1479,1540,1555,1561,1577,1600,1635,1640,1651,1670,1699,1752"
1164,21,0,1,0,0,0,0,0,0,0,0,0,0,0,0,0,0,0,0,0,16,0,0,0.8181818181818182,6.0,0.1363636363636363,11.863636363636363,17.863636363636363,3.090909090909091,2.090909090909091,5.181818181818182,514.7272727272727,54.27272727272727,570.367333333333,247.5909090909091,33.33,0.74,"1109,1160,1162,1217,1275,1304,1310,1324,1331,1340,1348,1387,1401,1481,1485,1510,1527,1534,1561,1577,1611,1612,1616,1635,1639,1649,1653"
1166,16,1,1,0,0,1,0,0,0,0,0,0,0,0,0,0,0,0,0,0,15,0,0,0.631578947368421,9.157894736842104,0.0689655172413793,18.894736842105264,28.05263157894737,7.684210526315789,0.8421052631578947,8.526315789473685,882.0526315789474,134.52631578947367,1021.0547500000011,633.8947368421053,55.56,0.5,"1180,1251,1294,1313,1328,1330,1352,1353,1458,1483,1490,1492,1503,1508,1511,1514,1543,1562,1578,1582,1588,1625,1645,1670,1676,1677,1807"
1167,21,0,1,0,0,0,0,0,0,0,0,0,0,0,0,0,0,0,0,0,21,0,0,0.8333333333333334,3.458333333333333,0.2409638554216867,17.083333333333332,20.541666666666668,2.208333333333333,0.4166666666666667,2.625,577.0416666666666,50.5,634.6447999999993,378.625,43.75,0.67,"1097,1117,1150,1151,1158,1165,1174,1232,1234,1238,1244,1276,1286,1309,1332,1339,1355,1356,1393,1398,1434,1437,1496,1498,1507,1512,1520,1541,1557,1631,1699,1704"
1169,19,0,2,0,0,0,0,0,0,0,0,0,0,0,0,0,0,0,0,0,16,0,0,0.625,7.208333333333333,0.0867052023121387,17.583333333333332,24.791666666666668,5.0,1.5833333333333333,6.583333333333333,635.4166666666666,62.91666666666666,1164.816733333332,454.6666666666667,48.15,0.78,"1168,1190,1203,1218,1226,1231,1237,1281,1295,1302,1306,1314,1322,1327,1343,1346,1349,1388,1451,1491,1499,1519,1628,1638,1703,1727,1752"
1170,16,0,3,0,0,0,0,0,0,0,0,0,0,0,0,0,0,0,0,0,15,0,0,0.6,4.5,0.1333333333333333,15.3,19.8,3.1,0.8,3.9,569.8,57.85,495.4892499999996,271.7,53.85,0.29,"1114,1140,1222,1257,1258,1284,1287,1298,1333,1350,1357,1358,1430,1443,1479,1480,1486,1488,1540,1558,1620,1637,1692,1698,1728,1760"
1174,25,0,0,0,0,0,0,0,0,0,0,0,0,0,0,0,0,0,0,0,24,0,0,0.7586206896551724,6.344827586206897,0.1195652173913043,18.13793103448276,24.48275862068965,3.310344827586207,2.2758620689655173,5.586206896551724,707.6206896551724,81.51724137931035,695.8616363636363,340.6896551724138,31.25,0.29,"1181,1199,1213,1225,1246,1283,1289,1299,1305,1392,1431,1479,1486,1488,1489,1498,1502,1507,1508,1512,1514,1540,1541,1543,1563,1582,1588,1610,1627,1635,1660,1719"
1175,27,0,0,0,0,1,0,0,0,0,0,0,0,0,0,0,0,0,0,0,24,0,0,0.8064516129032258,5.516129032258065,0.1461988304093567,12.935483870967742,18.451612903225808,3.4838709677419355,1.2258064516129032,4.709677419354839,589.1612903225806,61.83870967741935,633.0284399999997,307.03225806451616,32.35,0.7,"1103,1108,1113,1186,1210,1214,1308,1334,1383,1395,1396,1433,1450,1463,1480,1481,1491,1494,1497,1527,1533,1550,1565,1583,1592,1600,1605,1618,1633,1640,1646,1663,1664,1732"
1192,19,0,2,0,0,0,0,18,0,0,0,0,0,0,0,0,0,0,0,0,12,0,0,0.5714285714285714,26.904761904761905,0.0212389380530973,17.61904761904762,44.523809523809526,19.428571428571427,6.904761904761905,26.33333333333333,690.2380952380952,70.47619047619048,1161.812333333334,778.6666666666666,37.65,0.37,"1113,1117,1160,1190,1193,1264,1303,1329,1357,1386,1389,1391,1441,1463,1482,1491,1514,1583,1622,1635,1668,1674,1704"
1193,22,0,1,0,0,0,0,20,0,0,0,0,0,0,0,0,0,0,0,0,18,0,0,0.6896551724137931,7.758620689655173,0.0888888888888888,13.413793103448276,21.17241379310345,3.1379310344827585,3.931034482758621,7.068965517241379,849.3448275862069,101.86206896551724,1029.111999999999,523.9310344827586,32.14,0.34,"1103,1158,1161,1168,1176,1199,1214,1231,1250,1275,1285,1333,1394,1398,1434,1462,1490,1493,1496,1507,1527,1606,1615,1619,1631,1643,1645,1698"
1194,23,0,2,0,0,0,0,23,0,0,0,0,0,0,0,0,0,0,0,0,22,0,0,0.8333333333333334,6.958333333333333,0.1197604790419161,8.833333333333334,15.791666666666666,2.4166666666666665,3.7083333333333335,6.125,597.25,65.20833333333333,697.28645,468.9583333333333,20.0,0.61,"1140,1181,1235,1251,1281,1293,1313,1324,1351,1383,1390,1401,1430,1485,1489,1497,1519,1534,1562,1575,1603,1655,1658,1666,1729"
1196,20,0,3,0,0,0,0,16,0,0,0,0,0,0,0,0,0,0,0,0,17,0,0,0.7391304347826086,9.478260869565217,0.0779816513761468,20.47826086956522,29.95652173913044,5.913043478260869,2.8260869565217392,8.73913043478261,906.4347826086956,102.8695652173913,833.3993529411755,982.304347826087,36.0,0.34,"1111,1118,1151,1155,1181,1243,1289,1325,1326,1339,1348,1392,1431,1498,1520,1540,1558,1605,1616,1637,1644,1649,1653,1682,1699"
1197,19,0,1,0,0,0,0,15,0,0,0,0,0,0,0,0,0,0,0,0,17,0,0,0.5833333333333334,11.375,0.0512820512820512,16.5,27.875,7.375,3.4166666666666665,10.791666666666666,835.375,102.04166666666669,848.754,596.9166666666666,51.18,0.45,"1091,1108,1162,1164,1180,1210,1215,1233,1238,1246,1248,1276,1295,1302,1335,1340,1350,1352,1464,1481,1486,1494,1503,1512,1612,1650,1663,1703"
1198,16,0,5,0,0,0,0,12,0,0,0,0,0,0,0,0,0,0,0,0,14,0,0,0.7777777777777778,7.611111111111111,0.1021897810218978,12.0,19.61111111111111,3.1666666666666665,3.6666666666666665,6.833333333333333,536.8888888888889,65.0,685.9407142857142,282.94444444444446,36.36,0.35,"1257,1267,1287,1353,1356,1388,1465,1479,1488,1577,1610,1618,1620,1621,1627,1628,1639,1656,1657,1664,1692,1694"
1200,22,0,1,0,0,0,0,16,0,0,0,0,0,0,0,0,0,0,0,0,18,0,0,0.782608695652174,9.652173913043478,0.081081081081081,8.521739130434783,18.17391304347826,6.304347826086956,2.565217391304348,8.869565217391305,503.4782608695652,48.34782608695652,507.7341111111109,219.8260869565217,28.54,0.29,"1109,1112,1165,1201,1213,1255,1286,1296,1299,1304,1308,1309,1314,1331,1332,1358,1395,1397,1504,1541,1628,1638,1652,1661,1669,1684,1732,1752"
1203,16,0,1,0,0,0,0,14,0,0,0,0,0,0,0,0,0,0,0,0,10,0,0,0.7619047619047619,4.666666666666667,0.1632653061224489,13.476190476190476,18.142857142857142,2.380952380952381,1.5238095238095235,3.9047619047619047,741.4761904761905,100.52380952380952,788.1488124999997,405.9047619047619,36.36,0.49,"1095,1113,1116,1194,1226,1239,1258,1286,1292,1305,1325,1349,1356,1389,1401,1431,1509,1565,1575,1577,1619,1727"
1204,18,0,0,0,0,0,0,18,0,0,0,0,0,0,0,0,0,0,0,0,10,0,0,0.85,6.0,0.1416666666666666,15.0,21.0,3.2,1.95,5.15,506.15,58.35,638.017176470588,299.45,21.23,0.57,"1097,1165,1187,1215,1291,1328,1339,1358,1392,1393,1403,1450,1502,1503,1508,1522,1588,1610,1631,1640,1664,1698"
1205,30,0,2,0,0,0,0,28,0,0,0,0,0,0,0,0,0,0,0,0,17,0,0,0.90625,4.15625,0.2180451127819548,8.46875,12.625,1.75,1.5,3.25,564.125,68.4375,499.5631034482753,228.375,12.12,0.46,"1091,1112,1190,1238,1243,1257,1293,1333,1348,1384,1390,1397,1448,1465,1479,1486,1489,1494,1496,1497,1498,1510,1512,1583,1611,1623,1638,1646,1649,1659,1660,1694,1699"
1206,17,0,0,0,0,0,0,16,0,0,0,0,0,0,0,0,0,0,0,0,11,0,0,1.0,4.052631578947368,0.2467532467532467,5.526315789473684,9.578947368421051,2.473684210526316,0.5789473684210527,3.0526315789473686,437.89473684210526,38.21052631578947,543.3435789473682,158.52631578947367,26.09,0.71,"1140,1160,1163,1164,1185,1199,1276,1287,1308,1327,1335,1340,1396,1464,1493,1540,1561,1605,1628,1644,1666,1701,1732"
1207,17,0,0,0,0,1,0,14,0,0,0,0,0,0,0,0,0,0,0,0,11,0,0,0.8947368421052632,9.473684210526317,0.0944444444444444,14.157894736842104,23.63157894736842,4.052631578947368,4.526315789473684,8.578947368421053,668.1052631578947,88.47368421052632,567.4778235294115,344.5263157894737,14.05,0.43,"1108,1250,1273,1284,1296,1304,1326,1346,1352,1387,1434,1481,1485,1490,1541,1616,1627,1643,1705"
1208,17,0,0,0,0,0,0,16,0,0,0,0,0,0,0,0,0,0,0,0,10,0,0,0.7894736842105263,7.105263157894737,0.1111111111111111,9.68421052631579,16.789473684210527,5.052631578947368,1.263157894736842,6.315789473684211,550.421052631579,60.526315789473685,675.2600666666661,198.21052631578948,18.35,0.51,"1161,1162,1168,1176,1210,1253,1281,1294,1299,1314,1350,1357,1386,1480,1500,1504,1612,1637,1645,1661"
1210,27,0,3,0,0,0,0,25,0,0,0,0,0,0,0,0,0,0,0,0,17,0,0,0.7096774193548387,6.225806451612903,0.1139896373056994,9.741935483870968,15.96774193548387,4.096774193548387,1.4193548387096775,5.516129032258065,443.5806451612903,50.2258064516129,444.7944545454545,319.0,30.22,0.47,"1117,1153,1216,1225,1244,1248,1252,1259,1261,1289,1313,1323,1353,1430,1443,1458,1463,1482,1492,1501,1615,1621,1627,1628,1636,1639,1650,1668,1669,1670,1677,1728"
1211,22,0,1,0,0,0,0,20,0,0,0,0,0,0,0,0,0,0,0,0,16,0,0,0.84,7.48,0.1122994652406417,18.76,26.24,4.8,1.84,6.64,779.36,89.08,774.0583333333327,516.28,11.12,0.29,"1178,1201,1220,1233,1255,1263,1275,1295,1298,1303,1306,1307,1329,1331,1343,1388,1451,1462,1488,1527,1620,1629,1652,1684"
1212,24,0,0,0,0,0,0,23,0,0,0,0,0,0,0,0,0,0,0,0,14,0,0,0.8928571428571429,5.821428571428571,0.1533742331288343,13.892857142857142,19.714285714285715,3.0,1.9285714285714288,4.928571428571429,598.8214285714286,71.67857142857143,811.7483599999995,324.5,13.59,0.39,"1102,1103,1155,1213,1214,1218,1219,1232,1234,1235,1246,1394,1395,1514,1550,1562,1582,1603,1622,1628,1658,1663,1674,1676,1703,1704,1752"
1213,17,0,0,0,0,0,0,16,0,0,0,0,0,0,0,0,0,0,0,0,13,0,0,0.8823529411764706,6.235294117647059,0.1415094339622641,10.470588235294118,16.705882352941178,4.176470588235294,1.1764705882352942,5.352941176470588,398.2941176470589,51.1764705882353,362.5535999999998,174.94117647058823,30.32,0.53,"1096,1104,1111,1118,1151,1184,1186,1193,1264,1267,1310,1383,1387,1533,1558,1563,1586,1606,1618,1656,1682,1692"
1214,18,0,1,0,0,0,0,17,0,0,0,0,0,0,0,0,0,0,0,0,13,0,0,0.9473684210526316,4.315789473684211,0.2195121951219512,5.315789473684211,9.63157894736842,2.894736842105264,0.4736842105263157,3.3684210526315788,343.10526315789474,36.26315789473684,483.7868333333333,172.57894736842104,7.0,0.22,"1109,1110,1152,1158,1251,1285,1309,1332,1351,1391,1441,1454,1499,1507,1519,1520,1651,1655,1657"
1247,24,0,2,0,0,0,0,24,0,0,0,0,0,0,0,0,0,0,0,0,24,0,0,0.8666666666666667,9.133333333333333,0.0948905109489051,17.766666666666666,26.9,3.733333333333333,4.533333333333333,8.266666666666667,1032.1,130.6,1273.5939615384611,794.6333333333333,17.24,0.3,"1110,1184,1187,1217,1225,1231,1243,1255,1264,1281,1309,1328,1329,1353,1392,1479,1482,1492,1508,1534,1559,1565,1575,1578,1603,1615,1687,1703,1732"
1248,20,0,0,0,0,0,0,20,0,0,0,0,0,0,0,0,0,0,0,0,20,0,0,0.6956521739130435,6.260869565217392,0.1111111111111111,14.695652173913045,20.95652173913044,1.826086956521739,3.739130434782609,5.565217391304348,1059.608695652174,115.69565217391305,1194.082499999999,659.0869565217391,27.57,0.31,"1095,1097,1159,1163,1181,1213,1237,1238,1244,1254,1261,1306,1307,1350,1357,1388,1518,1554,1611,1637,1657,1659,1660"
1249,21,0,1,0,0,0,0,20,0,0,0,0,0,0,0,0,2,0,0,0,21,0,0,0.8260869565217391,11.652173913043478,0.0708955223880597,16.52173913043478,28.17391304347826,6.304347826086956,4.521739130434782,10.826086956521738,963.304347826087,116.21739130434784,878.3352105263156,655.2608695652174,20.83,0.42,"1109,1158,1178,1218,1226,1257,1294,1296,1339,1340,1351,1396,1460,1461,1498,1561,1605,1612,1618,1622,1649,1652,1653,1670"
1250,18,0,0,0,0,0,0,18,0,0,0,0,0,0,0,0,0,0,0,0,18,0,0,0.8636363636363636,8.863636363636363,0.0974358974358974,12.681818181818182,21.545454545454547,4.636363636363637,3.363636363636364,8.0,915.318181818182,96.5909090909091,958.8977368421045,476.04545454545456,21.23,0.59,"1102,1111,1112,1182,1185,1246,1287,1349,1391,1398,1401,1488,1550,1567,1582,1583,1619,1638,1651,1684,1692,1752"
1251,19,0,2,0,0,0,0,19,0,0,0,0,0,0,0,0,0,0,0,0,18,0,0,0.8260869565217391,7.391304347826087,0.1117647058823529,10.73913043478261,18.13043478260869,3.695652173913044,2.869565217391304,6.565217391304348,748.9130434782609,86.43478260869566,934.0733157894736,353.5217391304348,30.89,0.64,"1161,1194,1248,1252,1259,1273,1293,1300,1324,1326,1327,1356,1389,1390,1430,1463,1465,1491,1509,1512,1543,1557,1606,1610,1641,1663,1698"
1252,27,1,1,0,0,0,0,24,0,0,0,0,0,0,0,0,0,0,0,0,26,0,0,0.84375,8.34375,0.1011235955056179,11.59375,19.9375,4.15625,3.34375,7.5,1005.125,146.5625,1014.241148148148,529.0,17.24,0.54,"1155,1190,1201,1239,1258,1276,1286,1303,1310,1330,1331,1333,1348,1386,1394,1437,1480,1494,1507,1510,1541,1586,1588,1623,1644,1655,1669,1674,1704"
1253,23,0,3,0,0,0,0,22,0,0,0,0,0,0,0,0,0,0,0,0,23,0,0,0.8214285714285714,8.607142857142858,0.0954356846473029,17.392857142857142,26.0,3.392857142857143,4.392857142857143,7.785714285714286,964.1428571428572,109.78571428571428,868.6088260869564,528.6071428571429,15.38,0.5,"1113,1117,1160,1176,1186,1215,1235,1283,1285,1314,1322,1332,1343,1397,1462,1483,1502,1519,1522,1555,1563,1635,1636,1640,1643,1729"
1254,19,0,1,0,0,0,0,19,0,0,0,0,0,0,0,0,0,0,0,0,19,0,0,0.9473684210526316,5.2631578947368425,0.18,13.0,18.26315789473684,2.3684210526315788,1.947368421052632,4.315789473684211,918.2105263157896,111.36842105263158,1018.1524999999988,595.3684210526316,5.26,0.22,"1108,1116,1210,1219,1220,1234,1299,1313,1464,1489,1493,1497,1504,1520,1631,1633,1639,1676,1682"
1257,24,0,0,0,0,0,0,24,0,0,0,0,0,0,0,0,0,0,0,0,23,0,0,0.9615384615384616,7.153846153846154,0.1344086021505376,11.615384615384617,18.76923076923077,2.8076923076923075,3.3846153846153846,6.1923076923076925,888.0769230769231,103.3846153846154,1048.3886399999988,434.5,7.69,0.44,"1153,1214,1251,1284,1302,1358,1393,1403,1431,1434,1441,1451,1485,1490,1499,1500,1501,1516,1527,1620,1621,1625,1628,1650,1664,1694"
1258,16,0,7,0,0,0,0,0,0,0,0,0,0,0,0,0,0,0,0,0,16,0,0,0.6521739130434783,5.652173913043479,0.1153846153846153,7.130434782608695,12.782608695652174,3.0,2.0,5.0,675.6086956521739,67.26086956521739,782.0121333333328,394.5217391304348,53.12,0.35,"1082,1095,1108,1158,1162,1176,1180,1181,1213,1237,1248,1305,1323,1333,1351,1358,1390,1392,1395,1398,1431,1460,1464,1490,1509,1605,1621,1636,1651,1660,1674,1729"
1260,16,0,4,0,0,0,0,1,0,0,0,0,0,0,0,0,1,0,0,0,15,0,0,0.631578947368421,8.947368421052632,0.0705882352941176,11.421052631578949,20.36842105263158,2.210526315789474,6.105263157894737,8.31578947368421,821.5263157894736,73.94736842105263,828.8448333333328,759.3157894736842,47.62,0.62,"1082,1111,1225,1239,1283,1291,1298,1309,1314,1357,1463,1479,1502,1512,1522,1540,1557,1586,1616,1646,1653"
1265,19,0,8,0,0,0,0,0,0,0,0,0,0,0,0,0,0,0,0,0,19,0,0,0.7083333333333334,8.208333333333334,0.0862944162436548,10.333333333333334,18.541666666666668,2.7916666666666665,4.708333333333333,7.5,793.9583333333334,79.75,765.7190588235294,325.75,39.29,0.5,"1104,1118,1243,1252,1258,1300,1307,1310,1322,1328,1329,1352,1391,1394,1481,1501,1510,1520,1611,1620,1638,1640,1643,1649,1669,1670,1676,1703"
1349,18,0,4,0,0,0,0,0,0,0,0,0,0,0,0,0,0,0,0,0,13,0,0,0.6956521739130435,4.739130434782608,0.146788990825688,23.217391304347824,27.95652173913044,3.1739130434782608,0.8695652173913043,4.043478260869565,933.0869565217392,91.2608695652174,493.7185624999986,548.0869565217391,37.91,0.69,"1903,1911,1922,1948,1977,2001,2008,2016,2197,2199,2580,3650,3728,3735,3740,3753,3757,3761,3783,4749,4765,4774"
1350,17,0,3,0,0,0,0,0,0,0,0,0,0,0,0,0,0,0,0,0,9,0,0,0.7931034482758621,7.206896551724138,0.1100478468899521,14.0,21.20689655172414,4.517241379310345,1.896551724137931,6.413793103448276,814.448275862069,96.55172413793105,446.61882608695606,477.9655172413793,33.33,0.66,"1900,1904,1906,1929,1958,1959,1963,1979,1980,2010,2013,2046,2511,3655,3691,3709,3726,3743,3746,3763,4660,4718,4772,4850"
1354,19,0,2,0,0,0,0,0,0,0,0,0,0,0,0,0,0,0,0,0,11,0,0,0.7142857142857143,2.7857142857142856,0.2564102564102564,12.142857142857142,14.928571428571429,1.0,1.0714285714285714,2.071428571428572,590.1071428571429,64.25,202.19655,268.82142857142856,44.44,0.78,"1148,1895,1913,1926,1961,1983,1992,2012,2040,2376,2554,2616,3645,3708,3723,3725,3731,3741,3770,3776,3799,3800,3801,4758,4768,4858,4887"
1356,19,0,1,0,0,0,0,0,0,0,0,0,0,0,0,0,0,0,0,0,11,0,0,0.8214285714285714,12.25,0.0670553935860058,17.142857142857142,29.392857142857142,5.107142857142857,6.321428571428571,11.428571428571429,1384.75,145.14285714285714,571.632695652172,723.2857142857143,35.71,0.66,"1892,1928,1942,1947,1952,1982,2018,2031,2034,2510,2681,3656,3693,3712,3724,3754,3775,3792,3798,3816,4722,4750,4762,4763,4766,4770,4771,4777"
1361,31,0,1,0,0,0,0,0,0,0,0,0,0,0,0,0,0,0,0,0,15,0,0,0.7169811320754716,3.509433962264151,0.2043010752688172,19.0,22.50943396226415,0.8301886792452831,1.962264150943396,2.792452830188679,1063.811320754717,121.67924528301889,781.5559473684203,812.9811320754717,45.83,0.78,"1918,1923,1978,1996,2007,2119,2122,2134,2141,2146,2172,2202,2216,2229,2232,2233,2242,2272,2276,2299,2304,2314,2315,2322,2329,2358,2367,2393,2411,2419,2422,2527,2561,2615,2834,2848,2854,2880,2887,2888,2932,2941,2952,3704,3727,3734,3757,3816"
1362,31,0,1,0,0,0,0,0,0,0,0,0,0,0,0,0,0,0,0,0,18,0,1,0.9148936170212766,1.9574468085106385,0.4673913043478261,7.702127659574468,9.659574468085106,0.425531914893617,0.6170212765957447,1.0425531914893618,467.5531914893617,52.46808510638298,477.4737209302323,220.4468085106383,28.57,0.58,"1148,1938,2024,2034,2040,2120,2126,2130,2149,2155,2171,2177,2179,2195,2197,2213,2224,2250,2251,2285,2286,2309,2319,2342,2348,2374,2389,2400,2530,2555,2580,2622,2822,2827,2829,2832,2853,2882,2950,3722,3737,3770"
1363,35,0,3,0,1,0,0,0,0,0,0,0,0,0,0,0,0,0,0,0,19,0,0,0.8723404255319149,2.8297872340425534,0.3082706766917293,11.787234042553193,14.617021276595745,1.25531914893617,0.7021276595744681,1.9574468085106385,668.1702127659574,75.02127659574468,624.9112195121947,353.1063829787234,26.09,0.55,"1544,1950,1969,2123,2125,2132,2142,2164,2176,2188,2193,2201,2207,2227,2228,2234,2239,2241,2245,2246,2254,2263,2303,2312,2325,2384,2401,2423,2429,2463,2478,2495,2534,2557,2566,2597,2809,2819,2826,2845,2934,2937,2939,3725,3761,3781"
1364,72,0,3,0,1,0,0,0,0,0,0,0,0,0,0,0,0,0,0,0,62,0,1,0.8867924528301887,3.9056603773584895,0.2270531400966183,14.066037735849056,17.971698113207548,0.6509433962264151,2.3679245283018866,3.018867924528302,845.5566037735849,56.4245283018868,240.3229999999996,401.3018867924528,32.35,0.46,"1466,1892,1902,1904,1910,1921,1963,2010,2022,2023,2148,2154,2194,2237,2244,2247,2258,2262,2265,2266,2271,2295,2313,2327,2338,2355,2399,2420,2511,2549,2552,2573,2820,2865,2875,2954,3650,3711,3712,3715,3723,3735,3739,3793,4282,4632,4635,4639,4640,4649,4650,4658,4669,4679,4686,4688,4695,4698,4710,4739,4750,4756,4765,4770,4828,4831,4844,4849,4867,5008,5536,6092,7105,7127,7140,7160,7212,7217,7584,7585,7590,7592,7611,7612,7623,7646,7655,7673,7690,7725,8181,8185,8192,8193,8210,8231,8247,8249,8290,8403,8412,8415"
1365,68,0,5,0,0,0,0,0,0,0,0,0,0,0,0,0,0,0,0,0,56,0,0,0.8282828282828283,2.797979797979798,0.296028880866426,12.252525252525253,15.05050505050505,0.9292929292929292,1.0404040404040404,1.9696969696969693,1057.5252525252524,69.4949494949495,316.29947560975467,371.7474747474748,36.22,0.52,"1905,1949,1982,2012,2025,2114,2118,2129,2144,2166,2169,2192,2199,2240,2269,2282,2283,2289,2294,2353,2363,2376,2428,2432,2510,2513,2515,2540,2574,2808,2851,2855,2866,2889,2923,3658,3759,3775,3800,3964,4512,4622,4627,4633,4638,4651,4652,4656,4660,4666,4670,4672,4681,4685,4696,4706,4723,4725,4730,4741,4757,4759,4827,4843,4845,5210,5687,5826,6011,6769,7097,7108,7119,7143,7146,7179,7181,7187,7205,7505,7561,7567,7573,7579,7583,7628,7653,7671,7672,7685,7697,7776,8172,8195,8201,8244,8248,8300"
1366,70,0,3,0,0,0,0,0,0,0,0,0,0,0,0,0,0,0,0,0,60,0,0,0.8785046728971962,3.785046728971962,0.2320987654320987,14.757009345794392,18.54205607476636,0.8691588785046729,2.037383177570093,2.9065420560747666,1112.9906542056074,80.92523364485982,308.035063829787,473.5981308411215,26.37,0.5,"1439,1906,1920,1992,1998,2017,2019,2039,2102,2116,2128,2196,2208,2223,2256,2267,2284,2287,2296,2298,2300,2317,2340,2343,2386,2398,2405,2416,2479,2514,2807,2837,2863,2925,3607,3716,3740,4642,4654,4659,4668,4676,4677,4682,4694,4699,4701,4713,4719,4722,4744,4761,4763,4766,4773,4774,4781,4833,4846,4858,6024,6074,7132,7158,7161,7163,7168,7174,7177,7196,7204,7209,7221,7569,7574,7577,7594,7624,7635,7648,7650,7702,8158,8167,8168,8188,8227,8323,8325,8327,8414"
1367,36,0,7,0,0,0,0,0,0,0,0,0,0,0,0,0,0,0,0,0,18,0,0,0.5833333333333334,4.583333333333333,0.1272727272727272,17.520833333333332,22.104166666666668,3.0,1.0,4.0,1081.2291666666667,157.45833333333334,879.6577499999988,720.6875,56.6,0.71,"1895,1928,1948,1983,1984,2011,2018,2104,2105,2112,2139,2150,2174,2182,2187,2190,2200,2204,2215,2217,2225,2259,2278,2291,2293,2316,2337,2341,2352,2360,2382,2387,2390,2395,2418,2421,2425,2433,2512,2602,2811,2812,2824,2831,2846,2928,2940,3726,3728,3763,3764,3772,3855"
1368,17,0,2,0,0,0,0,0,0,0,0,0,0,0,0,0,0,0,0,0,9,0,0,0.5161290322580645,3.3870967741935485,0.1523809523809524,14.03225806451613,17.419354838709676,1.4516129032258065,1.4193548387096775,2.870967741935484,892.5806451612904,125.87096774193547,844.3864999999994,468.0967741935484,61.13,0.68,"1987,2003,2029,2049,2136,2260,2261,2273,2362,2380,2383,2480,2490,2496,2497,2508,2533,2565,2583,2613,2816,2833,2850,2852,2857,2922,2929,2969,3738,3768"
1369,30,0,5,1,0,0,0,0,0,0,0,0,0,0,0,0,0,0,0,0,14,0,0,0.6888888888888889,4.177777777777778,0.1648936170212765,17.177777777777777,21.355555555555554,0.9333333333333332,2.555555555555556,3.488888888888889,1038.2444444444443,146.84444444444443,863.6849677419355,692.6888888888889,47.92,0.66,"1917,1947,1952,2016,2035,2103,2107,2108,2124,2133,2138,2156,2206,2211,2255,2275,2280,2320,2378,2392,2397,2408,2413,2426,2531,2616,2681,2813,2814,2817,2825,2828,2859,2862,2878,2881,2948,2949,2961,2971,3654,3657,3713,3729,3733,3774,3799,3801"
1370,34,0,2,0,0,0,0,0,0,0,0,0,0,0,0,0,0,0,0,0,13,0,0,0.8409090909090909,1.9090909090909087,0.4404761904761904,6.727272727272728,8.636363636363637,0.4772727272727273,0.5909090909090909,1.068181818181818,562.0227272727273,60.45454545454545,547.1098108108105,249.04545454545453,34.04,0.72,"1900,1911,1930,1936,1939,1958,1986,2001,2021,2110,2117,2127,2137,2145,2175,2212,2219,2222,2235,2249,2270,2288,2290,2305,2311,2318,2344,2365,2366,2379,2388,2394,2396,2404,2409,2481,2535,2554,2815,2821,2830,2927,2938,2951,2955,3807,3828"
1371,35,0,6,1,0,0,0,0,0,0,0,0,0,0,0,0,0,0,0,0,18,0,0,0.75,3.0384615384615383,0.2468354430379747,14.076923076923077,17.115384615384617,0.8653846153846154,1.4230769230769231,2.2884615384615383,880.3076923076923,127.15384615384616,647.0176153846148,516.6538461538462,41.51,0.74,"1897,1903,1929,1962,1968,2002,2004,2008,2031,2041,2051,2101,2113,2115,2121,2131,2140,2158,2159,2160,2165,2185,2220,2226,2238,2248,2253,2274,2281,2292,2301,2306,2336,2370,2372,2385,2391,2402,2407,2417,2532,2587,2806,2810,2836,2860,2933,2953,2960,3730,3758,3773,3806"
1372,25,0,0,0,0,0,0,0,0,0,0,0,0,0,0,0,0,0,0,0,18,0,0,0.7105263157894737,2.9473684210526314,0.2410714285714285,13.394736842105264,16.342105263157894,1.0263157894736843,1.2105263157894737,2.236842105263158,1093.9473684210527,165.8684210526316,755.4887037037022,613.6315789473684,45.0,0.62,"1896,1908,1925,1926,1951,1957,1961,1980,2111,2143,2152,2162,2167,2181,2191,2198,2210,2214,2221,2230,2252,2264,2277,2323,2324,2359,2361,2373,2375,2406,2424,2430,2431,2562,2818,2823,2856,2864,2876,3710"
1379,17,0,3,0,0,0,0,0,0,0,0,0,0,0,0,0,0,0,0,0,9,0,0,0.75,3.7083333333333335,0.2022471910112359,10.583333333333334,14.291666666666666,2.333333333333333,0.625,2.958333333333333,633.625,74.29166666666667,316.5811111111108,273.0416666666667,36.36,0.72,"1914,1915,1931,1937,1951,2003,2021,2192,3654,3706,3710,3748,3751,3756,3772,3805,3808,3855,4627,4662,4721,4773"
1390,89,0,3,4,0,0,0,6,0,0,0,0,0,0,0,0,0,0,0,0,37,0,0,0.9347826086956522,3.63768115942029,0.2569721115537848,10.166666666666666,13.804347826086955,1.3043478260869563,1.3985507246376812,2.7028985507246377,528.7028985507246,42.68840579710145,133.96854263565842,262.5072463768116,16.35,0.6,"1591,1914,1917,1926,1935,1941,2034,2833,2837,2856,2875,2925,2955,2976,2978,3077,3096,3119,3126,3239,3264,3266,3273,3278,3304,3308,3313,3315,3325,3327,3435,3476,3652,3735,3739,3792,3810,3817,3988,3992,4008,4016,4022,4026,4039,4042,4050,4060,4103,4104,4121,4125,4153,4154,4201,4214,4236,4237,4258,4305,4308,4339,4345,4353,4375,4381,4695,4697,4698,4699,4737,4741,6080,7109,7118,7122,7123,7132,7136,7137,7138,7142,7146,7151,7159,7164,7165,7171,7176,7185,7186,7229,7241,7508,7563,7567,7576,7583,7586,7591,7603,7605,7606,7647"
1391,70,0,2,0,0,0,0,2,1,0,0,0,0,0,0,0,0,0,0,0,24,0,1,0.9021739130434784,2.858695652173913,0.3155893536121673,7.978260869565218,10.83695652173913,1.5434782608695652,0.4130434782608695,1.9565217391304348,401.69565217391306,42.78260869565217,130.82872289156617,179.18478260869566,19.75,0.63,"1893,1936,1938,1949,1950,1980,1992,2022,2806,2818,2823,2824,2848,2874,2882,2888,2929,2968,2969,3052,3056,3076,3084,3129,3137,3224,3317,3323,3328,3419,3495,3503,3570,3691,3695,3702,3714,3758,3828,4000,4003,4014,4015,4023,4029,4058,4071,4128,4130,4144,4161,4165,4211,4212,4233,4271,4322,4328,4334,4354,4357,4358,4366,4380,4384,4470,4505,4666,4671,4676,4677,4678,4685,4696,4701,4730,4731,4875,7643,7651,7655"
1392,97,0,4,0,0,0,0,11,2,0,0,0,0,0,0,0,0,0,0,0,31,0,6,0.8802816901408451,3.8943661971830985,0.2260397830018083,10.084507042253522,13.97887323943662,1.3943661971830985,1.619718309859155,3.014084507042253,762.2394366197183,69.28873239436619,224.16483199999988,228.9647887323944,20.0,0.52,"1366,1904,1927,1929,1931,1952,1962,1969,1979,2000,2013,2016,2020,2535,2600,2808,2809,2819,2820,2826,2864,3013,3058,3070,3075,3090,3093,3115,3121,3131,3225,3228,3232,3237,3240,3247,3248,3260,3307,3489,3512,3692,3698,3722,3772,4006,4031,4033,4041,4062,4078,4083,4105,4109,4131,4132,4135,4151,4205,4225,4266,4311,4312,4327,4348,4373,4382,4387,4422,4469,4477,4487,4491,4518,4529,4670,4672,4700,4712,4732,4781,4861,5090,5664,7106,7107,7108,7115,7116,7127,7154,7166,7178,7216,7220,7235,7569,7571,7573,7580,7582,7594,7596,7599,7602,7610,7618,7626,7636,7644,7653,7663,7668,7672,7742"
1393,68,0,2,0,0,0,0,7,1,0,0,0,0,0,0,0,0,0,0,0,38,0,1,0.8928571428571429,3.696428571428572,0.2415458937198067,7.9375,11.633928571428571,2.0625,0.7410714285714286,2.8035714285714284,526.1785714285714,45.75,127.90462999999988,172.23214285714286,25.29,0.58,"1895,1901,1903,1909,1948,1959,1981,2002,2037,2196,2197,2813,2832,2851,2853,2922,2954,2979,3053,3064,3068,3069,3081,3088,3107,3124,3322,3447,3451,3486,3488,3511,3561,3656,3703,3709,3711,3725,3740,3761,3778,3782,3783,3806,4013,4021,4034,4037,4043,4045,4059,4075,4122,4124,4134,4235,4244,4320,4359,4369,4706,4709,4710,4713,4738,4821,5816,6074,6165,7114,7133,7172,7175,7179,7221,7239,7248,7502,7566,7575,7579,7584,7617,7620,7628,7682,7740"
1394,73,0,4,0,0,1,0,4,1,0,0,0,0,0,0,0,0,0,0,0,39,0,1,0.8137254901960784,7.098039215686274,0.1146408839779005,17.225490196078432,24.323529411764707,5.2745098039215685,1.0098039215686274,6.284313725490196,1030.8529411764705,100.9313725490196,233.1011445783128,417.9705882352941,35.64,0.67,"1908,1918,1937,1946,1986,2029,2046,2192,2514,2681,2831,2836,2927,2940,2971,2975,3050,3051,3055,3062,3073,3103,3104,3112,3116,3143,3235,3246,3314,3399,3456,3473,3509,3546,3645,3713,3986,3998,4009,4017,4024,4028,4049,4067,4082,4119,4136,4137,4138,4140,4148,4150,4152,4168,4199,4202,4210,4216,4219,4226,4227,4246,4254,4259,4267,4321,4347,4349,4374,4389,4413,4446,4462,4483,4622,4669,4681,4694,4867,5687,6024,6086,7103,7105,7111,7124,7125,7131,7143,7149,7163,7180,7193,7203,7565,7593,7598,7611,7615,7640,7660"
1395,50,0,1,0,0,0,0,5,1,0,0,0,0,0,0,0,0,0,0,0,20,0,1,0.7528089887640449,5.820224719101123,0.1293436293436293,22.26966292134832,28.08988764044944,3.842696629213483,1.2247191011235956,5.067415730337078,1150.112359550562,99.25842696629212,280.906940298507,427.1573033707865,31.75,0.75,"1896,1897,1905,1928,1961,2003,2821,2828,2862,2880,2952,3030,3046,3071,3097,3101,3117,3122,3134,3241,3320,3324,3418,3657,3707,3715,3721,3730,3763,3768,3776,3999,4054,4061,4116,4118,4120,4129,4166,4208,4232,4245,4286,4383,4726,5998,6011,6157,7090,7102,7134,7139,7141,7144,7148,7167,7174,7181,7190,7194,7204,7237,7648"
1396,102,0,1,0,0,1,0,8,1,0,0,0,0,0,0,0,0,0,0,0,38,0,5,0.8269230769230769,5.371794871794871,0.1539379474940334,15.83974358974359,21.21153846153846,2.032051282051282,2.5128205128205128,4.544871794871795,811.5769230769231,83.0,189.61402325581392,329.6602564102564,21.6,0.59,"1439,1891,1921,1924,1925,1940,1942,1958,1964,2007,2010,2198,2580,2815,2855,2866,2878,2912,2928,2948,2950,2961,2963,3049,3059,3061,3066,3080,3083,3089,3095,3100,3106,3125,3135,3138,3139,3140,3227,3263,3306,3311,3318,3331,3401,3477,3704,3705,3723,3724,3728,3737,3755,3764,3801,3807,3808,3987,4004,4032,4038,4046,4070,4077,4079,4081,4099,4108,4126,4149,4157,4159,4213,4221,4229,4240,4264,4272,4326,4350,4355,4363,4365,4378,4385,4414,4431,4496,4667,4668,4684,4686,4687,4688,4692,4739,4857,7097,7098,7126,7128,7130,7155,7162,7168,7169,7177,7188,7192,7195,7570,7595,7601,7607,7616,7622,7624,7650,7654,7657,7659,7673,7693,7697,7748"
1397,53,0,3,0,0,0,0,1,0,0,0,0,0,0,0,0,0,0,0,0,27,0,0,0.6875,4.075,0.1687116564417178,18.6,22.675,2.7,0.6875,3.3875,939.075,98.425,300.37852727272707,422.525,45.57,0.69,"1466,1892,1902,1922,1923,1934,1939,1996,2021,2031,2051,2054,2376,2510,2554,2810,2812,2829,2834,2857,2858,2889,2932,3047,3065,3111,3133,3230,3276,3305,3321,3330,3397,3434,3508,3696,3701,3708,3710,3712,3774,3994,4005,4007,4010,4086,4097,4101,4112,4143,4145,4146,4155,4163,4198,4223,4228,4239,4265,4336,4344,4351,4362,4367,4370,4372,4379,4463,4471,4476,4488,4665,4673,4675,4679,4715,4725,4733,7642"
1398,80,0,2,1,0,0,0,8,1,0,0,0,0,0,0,0,0,0,0,0,35,0,1,0.859504132231405,4.231404958677686,0.203125,14.93388429752066,19.165289256198346,2.4214876033057853,0.950413223140496,3.371900826446281,845.9256198347107,81.62809917355372,261.57147115384566,319.6528925619835,24.27,0.53,"1907,1911,1915,1920,1930,1933,1963,1977,1978,1984,1998,2023,2024,2199,2371,2807,2814,2822,2876,2881,2939,2949,2993,3054,3063,3079,3085,3086,3092,3102,3105,3136,3142,3144,3223,3234,3236,3242,3243,3245,3255,3259,3277,3279,3417,3448,3595,3650,3651,3706,3716,3729,3731,3738,3855,3985,3997,4002,4044,4057,4066,4073,4076,4098,4113,4123,4127,4139,4206,4209,4234,4304,4316,4337,4352,4377,4424,4433,4445,4461,4485,4515,4682,4744,5655,6012,6071,6141,7101,7112,7121,7205,7211,7212,7214,7234,7564,7568,7639,7656,7658,7685,7702"
1399,52,0,3,0,0,0,0,5,0,0,0,0,0,0,0,0,0,0,0,0,25,0,0,0.7313432835820896,4.985074626865671,0.1467065868263473,18.55223880597015,23.53731343283582,3.3582089552238807,0.8955223880597015,4.253731343283582,1045.7910447761194,146.32835820895522,485.0803469387752,744.8805970149253,37.14,0.71,"1906,1910,1919,1947,1983,2004,2008,2011,2038,2511,2816,2817,2825,2827,2830,2846,2854,2859,2936,2941,3044,3048,3057,3060,3072,3091,3098,3120,3128,3132,3222,3233,3258,3309,3310,3522,3654,3658,3697,3699,3718,3759,3781,3784,3793,3799,3989,3993,3995,4001,4011,4012,4027,4040,4047,4065,4085,4102,4106,4160,4162,4203,4207,4224,4230,4261,4310,4368,4432,4434"
1400,39,0,4,0,0,0,0,10,0,0,0,0,0,0,0,0,0,0,0,0,18,0,0,0.7241379310344828,6.275862068965517,0.1153846153846153,12.275862068965518,18.55172413793104,4.620689655172414,0.9310344827586208,5.551724137931035,826.8793103448276,82.13793103448276,766.8067142857135,396.6034482758621,46.55,0.5,"1544,1896,1905,1928,2008,2115,2123,2131,2132,2164,2165,2176,2177,2181,2226,2227,2234,2265,2267,2269,2273,2275,2280,2282,2294,2295,2296,2298,2392,2393,2408,2425,2426,2481,2508,2517,2530,2574,2587,2631,2823,2830,2855,2878,2961,3705,3711,3712,3715,3722,3758,3759,3776,3799,3813,3855,7510,7666"
1401,44,0,6,0,0,0,0,12,0,0,0,0,0,0,0,0,0,0,0,0,14,0,0,0.8070175438596491,6.508771929824562,0.1239892183288409,12.912280701754383,19.42105263157895,4.666666666666667,1.0350877192982455,5.701754385964913,808.9298245614035,101.80701754385964,610.168608695652,398.5438596491228,26.0,0.48,"1897,1929,1962,2011,2016,2029,2158,2190,2195,2201,2211,2219,2233,2238,2252,2268,2289,2293,2325,2329,2336,2338,2357,2382,2397,2399,2423,2478,2510,2681,2807,2812,2818,2834,2858,2881,2963,3607,3620,3651,3703,3714,3726,3742,3748,3753,3792,7651,7654,7655"
1402,41,0,4,0,0,0,0,9,0,0,0,0,0,0,0,0,0,0,0,0,14,0,0,0.875,2.696428571428572,0.3245033112582781,9.339285714285714,12.035714285714286,1.2321428571428572,0.5892857142857143,1.821428571428572,598.6964285714286,73.28571428571429,477.2920612244898,251.66071428571428,26.0,0.7,"1466,1961,1963,1983,2007,2114,2175,2179,2199,2224,2237,2240,2245,2246,2266,2271,2277,2287,2292,2327,2337,2348,2372,2385,2388,2391,2405,2409,2413,2417,2420,2512,2602,2810,2814,2815,2856,2866,2941,3697,3724,3729,3738,3746,3749,7642,7650,7653,7690,7740"
1403,42,0,6,0,0,0,0,9,0,0,0,0,0,0,0,0,0,0,0,0,10,0,0,0.8548387096774194,4.016129032258065,0.2128514056224899,10.935483870967742,14.951612903225806,2.1451612903225805,1.0161290322580645,3.161290322580645,675.1774193548387,77.16129032258064,541.5521698113201,317.9193548387097,26.42,0.73,"1892,1910,1914,1922,1933,1969,2022,2024,2034,2038,2101,2107,2122,2129,2166,2171,2185,2188,2200,2215,2216,2229,2239,2241,2258,2264,2274,2281,2283,2299,2312,2362,2395,2396,2416,2534,2554,2564,2566,2597,2808,2833,2940,3013,3699,3706,3735,3754,3778,5536,6013,7578,7640"
1404,38,0,8,0,0,1,0,7,0,0,0,0,0,0,0,0,0,0,0,0,25,0,2,0.9090909090909092,3.022727272727273,0.3007518796992481,7.75,10.772727272727272,1.3636363636363635,0.75,2.113636363636364,634.9545454545455,62.95454545454545,618.6227749999996,307.95454545454544,25.0,0.63,"1927,1977,1986,1998,2037,2102,2105,2116,2144,2156,2187,2197,2207,2214,2221,2235,2251,2261,2291,2323,2324,2341,2342,2352,2411,2429,2430,2495,2511,2531,2540,2625,2634,2824,2825,2826,2854,2874,2880,2975,3701,3708,3716,3764,3793,3798,3810,7648"
1405,33,0,3,0,0,0,0,7,0,0,0,0,0,0,0,0,0,0,0,0,16,0,1,0.8292682926829268,3.707317073170732,0.2236842105263158,7.658536585365853,11.365853658536585,2.414634146341464,0.4634146341463415,2.8780487804878048,534.1463414634146,58.58536585365854,473.10411764705896,228.5121951219512,48.15,0.71,"1893,1902,1907,1937,1941,1949,1959,2010,2031,2051,2110,2133,2159,2184,2212,2232,2253,2288,2301,2304,2316,2361,2366,2367,2373,2384,2386,2389,2421,2463,2496,2565,2622,2809,2820,2821,2827,2831,2853,2864,2876,3695,3698,3710,3737,3747,3751,3782,3806,6130,7508,7639,7643,7656"
1406,28,0,3,0,0,0,0,7,0,0,0,0,0,0,0,0,0,0,0,0,10,0,0,0.8409090909090909,3.25,0.2587412587412587,10.181818181818182,13.431818181818182,1.181818181818182,1.2272727272727273,2.409090909090909,673.5227272727273,79.20454545454545,686.2114864864863,263.6363636363636,33.33,0.46,"1895,1926,2046,2054,2112,2124,2125,2127,2130,2134,2142,2198,2210,2242,2244,2254,2262,2314,2320,2343,2371,2375,2378,2380,2402,2480,2583,2816,2819,2828,2862,2882,3709,3745,3761,3768,3772,3817,7561"
1407,41,0,5,0,0,1,0,2,0,0,0,0,0,0,0,0,0,0,0,0,33,0,0,0.6964285714285714,9.589285714285714,0.0726256983240223,15.035714285714286,24.625,8.160714285714286,0.7321428571428571,8.892857142857142,1014.8392857142856,118.25,916.5628974358964,437.0535714285714,50.0,0.6,"1906,1947,1952,1958,2002,2003,2023,2120,2121,2152,2154,2155,2174,2193,2194,2198,2206,2213,2222,2223,2230,2255,2263,2276,2284,2285,2317,2322,2360,2387,2390,2394,2401,2407,2418,2433,2550,2561,2573,2806,2813,2832,2836,2837,2851,2859,2939,3696,3707,3713,3721,3781,3784,3801,7506,7644"
1408,44,0,3,0,0,0,0,10,0,0,0,0,0,0,0,0,0,0,0,0,29,0,2,0.875,2.571428571428572,0.3402777777777778,7.357142857142857,9.928571428571429,1.1964285714285714,0.5,1.6964285714285714,629.9107142857143,73.17857142857143,431.5727551020405,235.8392857142857,26.42,0.51,"1948,1950,1979,1981,1992,1996,2013,2020,2117,2136,2137,2141,2146,2167,2172,2220,2248,2290,2300,2305,2319,2340,2344,2363,2376,2379,2383,2400,2404,2422,2424,2428,2431,2432,2515,2535,2552,2562,2875,2922,2925,3650,3656,3657,3692,3694,3700,3702,3743,3752,3828,7558,7647"
1409,37,0,1,1,0,0,0,10,0,0,0,0,0,0,0,0,0,0,0,0,21,0,1,0.7758620689655172,3.3448275862068964,0.2319587628865979,9.39655172413793,12.741379310344827,1.4137931034482758,1.1551724137931034,2.5689655172413794,719.0689655172414,76.89655172413794,686.7317999999999,409.82758620689657,38.46,0.52,"1439,1919,1930,1942,1964,1978,2103,2104,2108,2118,2119,2126,2128,2143,2145,2162,2169,2192,2208,2225,2247,2249,2250,2259,2272,2286,2303,2306,2315,2318,2321,2345,2353,2398,2479,2532,2533,2580,2817,2822,2829,2857,3645,3654,3658,3691,3704,3739,3774,3805,3807,7505"
1481,19,0,0,0,0,7,0,5,0,0,0,0,0,0,0,0,0,0,2,0,14,0,1,0.75,5.666666666666667,0.1323529411764706,15.125,20.791666666666668,3.7083333333333335,1.2083333333333333,4.916666666666667,1380.625,164.875,822.8588888888864,1871.9583333333333,19.0,0.58,"1896,1905,1907,1913,1921,1928,1931,1936,1964,1979,1986,2002,2011,2016,2024,2376,3658,3698,3704,3751,3828"
1483,17,0,0,0,0,17,0,9,1,0,0,0,0,0,0,0,0,0,1,0,9,0,1,0.7,13.75,0.0509090909090909,22.95,36.7,9.9,3.15,13.05,2149.75,261.6,842.4022857142835,2811.35,28.77,0.77,"1466,1892,1904,1910,1917,1919,1927,1947,1969,1978,1992,1996,2196,2198,2204,3700,3713,3721,3735,3739,3755,3782"
1522,25,0,9,0,0,0,0,1,0,0,0,0,0,0,0,0,0,0,0,0,22,0,0,0.6571428571428571,3.7142857142857135,0.1769230769230769,15.485714285714286,19.2,2.771428571428572,0.2857142857142857,3.057142857142857,811.9428571428572,97.65714285714286,650.4413913043475,307.85714285714283,50.46,0.49,"1903,1906,1933,1934,1941,1979,1998,2192,2196,2219,2221,2227,2235,2280,2286,2294,2303,2386,2399,2512,2515,2531,2806,2810,2833,2853,2865,2866,2875,4008,4013,4189,4210,4214,4339,4376,4384,4429,4500"
1523,38,0,7,0,0,1,0,0,0,0,0,0,0,0,1,0,0,0,0,0,33,0,0,0.8095238095238095,7.547619047619047,0.1072555205047318,20.83333333333333,28.38095238095238,6.0,0.7380952380952381,6.738095238095238,875.5952380952381,113.21428571428572,905.705264705882,499.3333333333333,22.76,0.61,"1893,1919,1925,1958,2011,2016,2034,2211,2213,2215,2216,2230,2237,2238,2239,2266,2284,2353,2400,2405,2513,2625,2812,2814,2852,2854,2855,2878,2922,2928,3858,4007,4172,4199,4212,4244,4337,4354,4378,4478,4485"
1524,27,0,7,0,0,0,0,0,0,0,0,0,0,0,0,0,0,0,0,0,18,0,0,0.675,4.65,0.1451612903225806,14.625,19.275,3.1,0.875,3.975,672.2,88.575,598.0540370370368,313.825,38.73,0.83,"1318,1910,1921,1969,1984,2010,2199,2224,2371,2390,2393,2398,2404,2535,2809,2815,2818,2822,2823,2825,2829,2859,2888,2952,4178,4192,4203,4205,4207,4208,4226,4227,4355,4362,4369,4431,4469"
1525,25,0,3,2,0,0,0,1,0,0,0,0,0,0,0,0,0,0,0,0,21,0,0,0.6666666666666666,5.833333333333333,0.1142857142857142,16.805555555555557,22.63888888888889,5.111111111111111,0.0555555555555555,5.166666666666667,629.9722222222222,82.5,544.9023750000002,322.55555555555554,51.09,0.56,"1895,1897,1931,1936,2003,2241,2288,2290,2292,2299,2406,2417,2418,2631,2807,2816,2828,2834,2836,2960,3987,4004,4190,4206,4232,4312,4342,4351,4352,4370,4482,4496"
1526,27,0,3,0,0,0,0,1,0,0,0,0,1,0,0,0,0,0,0,0,20,0,0,0.8888888888888888,2.861111111111111,0.3106796116504854,15.77777777777778,18.63888888888889,1.7777777777777777,0.1944444444444444,1.9722222222222223,672.5555555555555,92.47222222222224,726.5004687499993,299.3611111111111,27.03,0.53,"1922,1923,1929,1942,2024,2197,2198,2220,2281,2287,2289,2304,2306,2383,2384,2385,2387,2388,2397,2402,2517,2561,2573,2583,2826,2827,2832,2874,2881,2955,2963,3988,4011,4014,4363,4432,4479"
1527,28,1,2,0,0,0,0,2,0,0,0,0,0,0,0,0,0,0,0,0,22,0,0,0.75,6.0,0.125,16.5,22.5,4.46875,0.78125,5.25,808.625,97.125,858.358333333333,371.40625,29.41,0.45,"1902,1905,1938,1948,1963,1978,1980,2002,2008,2023,2029,2214,2283,2305,2376,2511,2562,2811,2820,2858,2918,2929,3986,4005,4175,4187,4194,4216,4223,4245,4382,4443,4481,4501"
1528,25,0,3,0,0,0,0,1,0,0,0,0,0,0,0,0,0,0,0,0,16,0,0,0.7105263157894737,8.526315789473685,0.0833333333333333,17.07894736842105,25.605263157894736,7.315789473684211,0.5,7.815789473684211,793.8947368421053,103.84210526315788,649.5769999999998,336.9736842105263,50.46,0.49,"1466,1914,1924,1926,1928,1947,1977,1992,1993,2007,2232,2234,2293,2300,2391,2392,2395,2396,2401,2408,2411,2510,2554,2565,3985,4173,4179,4181,4191,4211,4219,4225,4230,4235,4385,4413,4470"
1529,22,0,6,0,0,0,0,1,0,0,0,0,0,0,0,0,0,0,0,0,18,0,0,0.6571428571428571,9.685714285714283,0.0678466076696165,17.4,27.085714285714285,7.085714285714285,1.9428571428571428,9.028571428571428,972.6285714285714,120.54285714285714,528.7478260869558,521.6,53.94,0.83,"1907,1920,1935,1952,2031,2046,2223,2225,2229,2240,2291,2416,2420,2566,2574,2580,2813,2817,2830,2857,2864,2882,3994,3995,3999,4003,4009,4180,4183,4213,4234,4330,4357,4368"
1530,22,0,4,0,0,0,0,0,0,0,0,0,0,0,0,0,0,0,0,0,16,0,0,0.6585365853658537,3.365853658536585,0.1956521739130435,17.975609756097562,21.341463414634145,1.6585365853658536,1.048780487804878,2.707317073170732,941.560975609756,117.48780487804878,478.3094814814812,596.0,50.46,0.65,"1896,1908,1909,1918,1930,1937,2051,2210,2217,2222,2226,2233,2276,2282,2295,2394,2407,2463,2615,2819,2821,4001,4171,4176,4182,4201,4233,4236,4237,4240,4246,4350,4367,4375,4380,4446,4466"
1531,54,1,1,0,0,0,0,2,0,0,0,0,0,0,0,0,0,0,0,0,50,0,1,0.5833333333333334,5.527777777777778,0.1055276381909547,31.98611111111111,37.513888888888886,4.152777777777778,0.7916666666666666,4.944444444444445,894.1388888888889,110.0,483.68838095238016,768.4861111111111,55.17,0.65,"1907,1931,1938,1963,1998,2011,2104,2107,2142,2143,2172,2219,2241,2242,2244,2246,2251,2255,2263,2267,2272,2287,2314,2322,2327,2342,2384,2386,2397,2399,2407,2426,2428,2510,2574,2855,2856,2857,3030,3048,3049,3053,3071,3073,3084,3143,3146,3176,3192,3217,3219,3304,3313,3328,3367,3368,3376,3387,3399,3488,3531,3620,3699,3704,3705,3708,3723,3746,3758,3985,4011,4033,4083,4106,4108,4116,4162,4168,4312,4336,4389,4461,4476,4496"
1532,40,1,3,0,0,0,0,1,0,0,0,0,0,0,0,0,0,0,0,0,39,0,0,0.6833333333333333,2.8,0.244047619047619,22.966666666666665,25.766666666666666,1.7,0.4166666666666667,2.1166666666666667,597.4833333333333,68.35,239.8397073170732,521.2666666666667,50.26,0.59,"1914,1939,1941,2121,2123,2155,2196,2212,2213,2224,2230,2258,2265,2273,2275,2300,2318,2387,2401,2405,2832,2851,2952,3059,3082,3087,3116,3119,3130,3135,3136,3165,3177,3199,3203,3271,3306,3330,3374,3386,3418,3434,3485,3497,3509,3544,3546,3561,3570,3712,3739,3986,4001,4003,4007,4034,4066,4097,4109,4112,4119,4134,4138,4159,4422"
1533,38,0,6,0,0,0,0,1,0,0,0,0,0,0,0,0,0,0,0,0,34,0,0,0.6222222222222222,5.6,0.1111111111111111,22.355555555555554,27.95555555555556,4.2444444444444445,0.7333333333333333,4.977777777777778,679.3777777777777,73.24444444444444,544.8169642857139,462.4888888888889,54.77,0.55,"1906,1952,1969,2002,2034,2114,2126,2130,2136,2167,2198,2248,2268,2278,2378,2396,2413,2424,2480,2508,2532,2622,3083,3097,3115,3131,3134,3145,3155,3156,3194,3214,3263,3267,3311,3331,3370,3371,3393,3419,3443,3651,3654,3702,3709,3759,3792,4041,4120,4130,4132,4143,4146,4151,4263,6354"
1534,41,1,4,0,0,0,0,3,0,0,0,0,0,0,0,0,0,0,0,0,38,0,1,0.7307692307692307,2.9423076923076925,0.2483660130718954,24.096153846153847,27.03846153846154,1.4807692307692308,0.7307692307692307,2.2115384615384617,691.8461538461538,78.40384615384616,366.7310263157896,583.7884615384615,51.56,0.71,"1366,1903,1927,1978,1985,2003,2124,2140,2145,2156,2165,2176,2200,2235,2262,2286,2305,2371,2375,2390,2398,2422,2430,2479,2831,2866,2955,3100,3111,3175,3178,3181,3183,3198,3260,3270,3308,3380,3441,3499,3652,3658,3696,3706,3738,3740,3743,3776,3828,3999,4027,4061,4062,4101,4155,4258,4267,4470,4485,6336,6446,6455,6461,6488"
1535,45,0,4,0,0,0,0,3,0,0,0,1,0,0,0,0,0,0,0,0,38,0,0,0.7164179104477612,5.313432835820896,0.1348314606741573,21.074626865671643,26.388059701492537,3.1343283582089554,1.462686567164179,4.597014925373134,670.6567164179105,72.35820895522389,309.2953749999998,433.7014925373134,46.58,0.62,"1922,1948,2024,2031,2051,2102,2113,2115,2116,2117,2137,2177,2190,2227,2245,2266,2316,2317,2338,2340,2376,2382,2383,2393,2425,2515,2615,2625,2634,2865,2928,3054,3057,3060,3061,3063,3064,3070,3075,3076,3092,3104,3117,3144,3167,3188,3205,3209,3216,3310,3373,3394,3439,3482,3645,3650,3700,3742,3749,3750,4000,4028,4037,4058,4113,4128,4140,4145,4157,4166,4286,4304,4433"
1536,38,0,4,0,0,0,0,5,1,0,0,0,0,0,0,0,0,0,0,0,35,0,0,0.5740740740740741,5.981481481481482,0.0959752321981424,28.83333333333333,34.81481481481482,4.518518518518518,0.8888888888888888,5.407407407407407,727.3148148148148,86.48148148148148,574.621709677419,568.0,54.17,0.56,"1466,1905,1947,2010,2046,2103,2120,2122,2127,2134,2154,2162,2169,2170,2181,2240,2254,2269,2271,2284,2320,2324,2367,2392,2394,2411,2431,2495,2830,2833,2834,3058,3081,3089,3107,3122,3157,3180,3186,3190,3197,3204,3213,3314,3324,3390,3449,3484,3502,3522,3657,3697,3701,3710,3753,3808,3817,4013,4014,4099,4126,4148,4150,4264"
1537,36,0,1,0,0,0,0,0,0,0,0,0,0,0,0,0,0,0,0,0,35,0,1,0.6842105263157895,4.491228070175438,0.15234375,27.36842105263158,31.859649122807017,0.9824561403508772,2.824561403508772,3.807017543859649,763.7894736842105,79.78947368421052,461.7586666666664,596.3333333333334,51.6,0.64,"1893,1992,2131,2144,2158,2174,2188,2197,2205,2217,2250,2252,2329,2336,2361,2388,2395,2400,2402,2408,2418,2531,2566,2583,2836,2971,3065,3066,3079,3080,3091,3105,3126,3139,3148,3158,3164,3170,3193,3200,3201,3202,3208,3215,3264,3317,3322,3435,3444,3656,3703,3707,3713,3716,3721,3731,3737,3751,3987,4079,4102,4121,4123,4139,4161,4163,4462,4463,6388,6443,6449,6460,6481"
1538,26,0,4,0,0,0,0,3,1,0,0,0,0,0,0,0,0,0,0,0,23,0,0,0.5333333333333333,2.7333333333333334,0.1951219512195122,22.42222222222222,25.155555555555555,1.7333333333333334,0.4666666666666667,2.2,777.1111111111111,87.17777777777778,531.9192916666667,444.6444444444445,68.42,0.62,"1935,1958,2105,2110,2125,2185,2198,2199,2201,2206,2261,2294,2312,2325,2337,2373,2404,2423,2478,2534,2602,2853,2854,2858,3044,3045,3069,3072,3102,3103,3112,3140,3179,3182,3187,3189,3305,3315,3321,3325,3327,3375,3379,3388,3512,3532,3692,3774,3988,4005,4023,4103,4129,4144,4149,4153,4160"
1539,38,0,3,0,0,0,0,7,2,0,0,0,0,0,1,0,0,0,0,0,37,0,0,0.7551020408163265,3.816326530612245,0.1978609625668449,17.653061224489797,21.46938775510204,2.061224489795918,1.0,3.061224489795918,567.1632653061224,58.08163265306123,601.5481081081078,330.55102040816325,55.07,0.74,"1895,1913,1936,1979,2029,2101,2112,2129,2152,2159,2194,2208,2214,2233,2249,2289,2341,2385,2416,2433,2517,2554,2580,2859,2864,3046,3086,3088,3093,3101,3124,3127,3142,3191,3207,3211,3221,3259,3307,3320,3378,3381,3417,3451,3476,3477,3486,3489,3691,3698,3711,3735,3745,3755,3796,3998,4004,4009,4031,4044,4060,4065,4124,4127,4137,4154,4165,4266,4469"
1540,39,0,5,0,0,0,0,4,1,0,0,0,0,0,0,0,0,0,0,0,34,0,0,0.576271186440678,4.677966101694915,0.1231884057971014,25.661016949152543,30.338983050847457,3.542372881355932,0.559322033898305,4.101694915254237,855.542372881356,101.69491525423727,571.5289705882343,593.9322033898305,56.67,0.61,"1896,1897,1909,1928,1977,2008,2108,2118,2166,2179,2187,2193,2220,2222,2232,2253,2259,2274,2276,2296,2319,2348,2421,2429,2512,2540,2555,2587,2852,2918,3077,3085,3095,3098,3106,3113,3120,3121,3138,3151,3171,3195,3196,3212,3255,3309,3389,3391,3397,3508,3730,3778,3798,3806,3807,3994,3995,4024,4026,4029,4057,4104,4105,4118,4122,4125,4136,4152,4424,4477"
1593,41,0,5,0,0,0,0,1,0,0,0,0,0,0,0,0,0,0,0,0,29,0,0,0.6027397260273972,7.643835616438356,0.078853046594982,32.54794520547945,40.19178082191781,5.273972602739726,1.7671232876712328,7.041095890410959,1400.041095890411,184.986301369863,382.5645454545454,966.0410958904108,52.05,0.52,"1905,1919,1938,1964,2020,2029,3050,3054,3083,3093,3161,3171,3176,3181,3187,3197,3199,3213,3276,3328,3333,3355,3373,3384,3388,3399,3498,3544,3620,3698,3713,3988,3993,3998,4061,4062,4109,4129,4145,4148,4153,4154,4159,4177,4187,4227,4236,4246,4327,4354,4385,5816,7122,7142,7159,7166,7175"
1594,47,0,6,0,0,0,0,2,0,0,0,0,0,0,0,0,0,0,0,0,41,0,0,0.8111111111111111,4.155555555555556,0.195187165775401,16.144444444444446,20.3,2.188888888888889,1.1555555555555554,3.344444444444445,628.3,87.86666666666666,224.83320547945192,405.23333333333335,30.88,0.63,"1903,1948,1979,2007,2013,3049,3057,3063,3065,3080,3101,3102,3105,3112,3145,3155,3157,3158,3160,3189,3230,3236,3237,3259,3277,3315,3327,3341,3379,3387,3418,3485,3486,3489,3691,3704,3710,3778,4065,4135,4137,4155,4160,4166,4173,4191,4207,4208,4213,4258,4267,4312,4330,4337,4339,4367,4372,4431,4432,4477,4478,4491,7116,7123,7125,7151,7192,7235"
1595,42,0,4,0,0,1,0,5,0,0,0,0,0,0,0,0,0,0,0,0,23,0,0,0.7341772151898734,6.835443037974684,0.1074074074074074,19.58227848101265,26.417721518987346,4.1265822784810124,1.9746835443037976,6.10126582278481,1141.0759493670887,176.20253164556962,221.3484137931032,695.4050632911392,32.78,0.47,"1925,1984,1992,2681,3070,3075,3077,3091,3103,3106,3130,3146,3149,3169,3177,3190,3203,3217,3232,3239,3260,3310,3339,3343,3345,3358,3378,3394,3522,3708,3714,3716,3751,3753,3755,3774,3986,4128,4131,4174,4175,4189,4198,4228,4232,4245,4264,4266,4347,4384,4424,4443,4470,4496,7126,7134,7168,7176,7186"
1596,42,1,5,0,0,0,0,4,0,0,0,0,0,0,0,0,0,0,0,0,31,0,0,0.7922077922077922,6.428571428571429,0.1232323232323232,24.03896103896104,30.467532467532468,4.441558441558442,1.1948051948051948,5.636363636363637,1184.3896103896104,143.16883116883116,213.2990327868851,756.7662337662338,34.54,0.57,"1901,1902,1924,1928,1958,2031,3011,3044,3079,3134,3156,3164,3174,3179,3183,3202,3204,3305,3349,3356,3419,3442,3447,3703,3705,3729,3740,3776,3806,4078,4079,4083,4114,4119,4123,4127,4138,4139,4146,4157,4182,4183,4194,4229,4240,4369,4382,4414,5998,6165,7103,7114,7133,7148,7180,7212"
1597,56,4,4,0,0,2,0,29,0,0,0,0,0,0,0,0,0,0,0,0,40,0,0,0.8543689320388349,4.271844660194175,0.2,14.75728155339806,19.02912621359223,1.6116504854368932,1.805825242718447,3.41747572815534,739.9126213592233,80.88349514563107,292.8766022727271,399.6504854368932,29.22,0.58,"1318,1896,1897,1906,1908,1920,1923,1926,1935,1941,1947,3053,3066,3076,3085,3089,3095,3100,3126,3131,3143,3148,3151,3162,3167,3180,3184,3194,3207,3208,3210,3215,3225,3228,3241,3244,3255,3263,3264,3271,3338,3348,3425,3440,3441,3443,3499,3503,3699,3737,3754,3792,3796,3807,3994,3995,4005,4013,4066,4082,4099,4108,4132,4140,4163,4168,4188,4216,4225,4271,4357,4387,4483,6024,7105,7106,7112,7146,7181,7185,7211"
1598,66,6,12,0,0,0,0,28,2,0,0,0,0,0,0,0,0,0,0,0,35,0,0,0.816,6.216,0.1312741312741312,20.384,26.6,3.528,1.872,5.4,943.232,99.352,167.38632352941133,664.688,26.9,0.48,"1895,1907,1918,1922,1930,1978,2002,2051,3030,3097,3113,3138,3170,3192,3193,3201,3212,3221,3234,3242,3245,3278,3304,3307,3313,3350,3351,3359,3361,3374,3389,3393,3397,3476,3484,3502,3570,3652,3656,3658,3706,3828,4000,4011,4124,4136,4151,4162,4181,4199,4205,4244,4322,4351,4366,4375,4379,4389,4444,4472,4487,5008,5029,5167,5687,5817,6011,6367,6435,6444,6523,7097,7111,7121,7131,7144,7163,7171,7196,7571,7578,7636,7648"
1599,82,11,5,0,0,0,0,34,2,0,0,0,0,0,0,0,0,0,0,0,58,0,0,0.8344827586206897,2.9172413793103447,0.2860520094562648,16.055172413793102,18.97241379310345,0.896551724137931,1.186206896551724,2.082758620689656,918.1310344827588,87.93793103448276,226.1274049586776,462.2344827586207,28.28,0.45,"1591,1910,1914,1917,1927,1933,1934,1950,1986,2001,2016,2023,2038,2636,3069,3071,3082,3084,3087,3092,3115,3135,3137,3195,3209,3214,3216,3218,3224,3235,3247,3308,3309,3314,3324,3325,3331,3337,3342,3347,3353,3368,3371,3375,3380,3434,3444,3495,3512,3531,3692,3721,3750,3989,4001,4003,4008,4097,4149,4152,4165,4170,4171,4178,4179,4203,4206,4210,4211,4212,4223,4230,4358,4378,4380,4413,4476,4481,5041,5536,5668,6080,6345,6351,6409,6412,6413,6414,6421,6434,6436,6499,7107,7127,7136,7143,7161,7174,7178,7237,7502,7561,7582,7589,7592,7594,7596,7617,7653,7656,7660,7671"
1600,58,6,8,0,0,0,0,32,2,0,0,0,0,0,0,0,0,0,0,0,30,0,0,0.8679245283018868,5.10377358490566,0.1700554528650646,19.0,24.10377358490566,2.30188679245283,1.9339622641509435,4.235849056603773,1140.2075471698113,94.56603773584904,235.4967282608684,568.4245283018868,29.27,0.52,"1952,2003,2011,2034,3046,3064,3081,3104,3124,3125,3142,3166,3182,3198,3222,3231,3265,3269,3306,3317,3362,3367,3370,3381,3390,3477,3488,3546,3651,3657,3697,3715,3722,3738,3746,3858,4004,4009,4085,4101,4103,4106,4113,4122,4126,4150,4185,4190,4192,4202,4214,4219,4237,4342,4427,4469,4501,5647,6343,6344,6404,6408,6411,6427,6439,6549,7098,7118,7119,7138,7162,7169,7190,7195,7229,7598,7603,7605,7616,7650,7651,7663"
1601,46,0,6,0,0,0,0,30,0,0,0,0,1,0,0,0,0,0,0,0,33,0,0,0.8375,5.8375,0.1434689507494646,15.05,20.8875,2.3375,2.6625,5.0,780.4,87.0375,393.0219850746257,329.375,30.36,0.54,"1904,1936,1937,1996,1998,2024,3031,3086,3090,3139,3140,3165,3188,3211,3240,3243,3246,3311,3322,3334,3376,3385,3391,3435,3449,3481,3497,3645,3712,3735,3745,3749,3759,3783,3798,4002,4006,4007,4060,4105,4116,4118,4120,4121,4130,4143,4161,4172,4176,4180,4224,4235,4363,4368,4377,4485,5090,7124,7132,7137,7139,7154,7158,7160,7165,7204,7216"
1602,39,0,7,0,0,0,0,21,0,0,0,0,0,0,0,0,0,0,0,0,33,0,0,0.8266666666666667,3.8933333333333335,0.2123287671232876,13.146666666666668,17.04,2.053333333333333,1.0133333333333334,3.066666666666667,546.8266666666667,61.4,233.3985483870964,223.7333333333333,30.91,0.66,"1931,1939,1942,1980,2019,3058,3060,3088,3098,3111,3117,3119,3122,3136,3144,3175,3178,3191,3196,3219,3233,3238,3273,3320,3323,3330,3344,3417,3439,3483,3532,3650,3709,3784,3985,3997,4014,4125,4134,4144,4233,4349,4352,4370,4446,4518,4781,5664,7101,7102,7128,7130,7164,7167,7188"
1603,36,2,2,0,0,0,0,19,0,0,0,0,0,0,0,0,0,0,0,0,30,0,0,0.7647058823529411,3.450980392156863,0.2215909090909091,10.509803921568627,13.96078431372549,1.9019607843137247,0.7843137254901961,2.6862745098039214,477.078431372549,60.549019607843135,326.67584615384607,496.6078431372549,32.7,0.63,"1964,2020,2031,2038,2192,2198,2384,2390,2396,2625,3046,3069,3079,3086,3088,3104,3111,3122,3136,3143,3145,3169,3179,3182,3183,3184,3194,3210,3211,3215,3235,3237,3243,3265,3273,3275,3311,3317,3339,3351,3371,3381,3477,3495,3522,3698,3712,3713,3729,3735,3737,3746,3798"
1604,21,2,3,0,0,0,0,15,1,0,0,0,0,0,0,0,0,0,0,0,17,0,0,0.6470588235294118,3.676470588235294,0.176,11.088235294117649,14.764705882352942,2.5,0.5294117647058824,3.0294117647058822,529.7647058823529,56.97058823529412,102.06245454545446,433.2941176470589,47.63,0.77,"1996,2007,2023,2387,2397,2411,3030,3058,3076,3082,3103,3137,3151,3176,3181,3224,3233,3241,3247,3264,3269,3271,3359,3368,3389,3434,3442,3476,3503,3650,3657,3699,3738,3776,3792"
1605,24,17,3,0,0,0,0,20,0,0,0,0,0,0,0,0,0,0,0,0,17,0,0,0.7352941176470589,4.882352941176471,0.1506024096385542,16.470588235294116,21.352941176470587,3.0588235294117645,1.088235294117647,4.147058823529412,776.7352941176471,107.32352941176472,308.01816000000065,684.1764705882352,38.46,0.64,"1904,1919,1936,1958,1984,2382,2391,2405,2636,3031,3070,3071,3083,3091,3124,3146,3156,3157,3196,3204,3228,3230,3236,3309,3324,3331,3334,3337,3356,3484,3489,3499,3512,3645,3705,3723,3745,3755,3774"
1606,19,0,3,0,0,0,0,1,0,0,0,0,0,0,0,0,0,0,0,0,14,0,0,0.46875,4.4375,0.1056338028169014,20.375,24.8125,2.90625,1.0625,3.96875,805.875,114.3125,670.1496666666644,783.40625,61.39,0.71,"1917,1998,2003,2389,2511,2512,2554,3087,3089,3095,3098,3113,3117,3144,3158,3161,3199,3213,3219,3232,3239,3276,3308,3310,3314,3361,3373,3441,3497,3652,3716,3721,3753,3759,3778,3807,3828,3855"
1607,19,0,5,0,0,0,0,2,0,0,0,0,0,0,0,0,0,0,0,0,16,0,0,0.53125,5.875,0.0904255319148936,21.46875,27.34375,2.53125,2.8125,5.34375,821.53125,102.9375,476.8331764705877,693.15625,59.52,0.62,"1901,1905,1906,1938,1942,1952,1980,2011,2029,2198,2383,2398,2404,2510,2681,3060,3080,3093,3100,3112,3125,3135,3138,3164,3170,3187,3208,3214,3259,3304,3313,3328,3330,3353,3375,3380,3388,3435,3656,3697,3710,3796"
1608,18,0,2,0,0,0,0,10,1,0,0,0,0,0,0,0,0,0,0,0,15,0,0,0.71875,3.53125,0.2035398230088495,13.21875,16.75,2.21875,0.59375,2.8125,656.625,88.28125,208.91395652173912,332.03125,52.38,0.35,"1466,1896,2013,2385,2400,2402,2513,2517,2580,2583,3054,3064,3065,3081,3090,3097,3101,3102,3140,3192,3202,3218,3221,3238,3244,3306,3320,3333,3341,3342,3343,3347,3370,3378,3440,3447,3486,3502,3532,3570,3691,3704"
1609,16,0,4,0,0,0,0,11,1,0,0,0,0,0,0,0,0,0,0,0,15,0,0,0.3448275862068966,6.0,0.057471264367816,27.55172413793104,33.55172413793103,3.7586206896551726,1.896551724137931,5.655172413793103,1333.7241379310344,179.89655172413794,660.3651000000007,988.8275862068964,70.64,0.36,"1903,1928,1935,1950,1979,2016,2019,2392,2408,3044,3057,3066,3092,3105,3119,3139,3148,3165,3175,3198,3207,3209,3216,3222,3255,3327,3344,3348,3349,3385,3387,3390,3425,3443,3449,3485,3651,3706,3714,3740,3749,3783"
1610,21,0,0,0,0,0,0,0,0,0,0,0,0,0,0,0,0,0,0,0,19,0,0,0.9230769230769232,1.8846153846153848,0.4897959183673469,9.5,11.384615384615383,0.3076923076923077,0.6538461538461539,0.9615384615384616,334.7307692307692,55.96153846153846,88.76370833333334,259.11538461538464,23.08,0.48,"1591,1925,1947,2024,2407,2463,3053,3063,3077,3115,3130,3188,3203,3225,3240,3246,3307,3355,3376,3379,3393,3394,3544,3658,3709,3750"
1611,19,0,1,1,0,1,0,1,0,0,0,0,0,0,0,0,0,0,0,0,12,0,0,0.7096774193548387,2.870967741935484,0.247191011235955,21.193548387096776,24.06451612903226,1.5806451612903225,0.5806451612903226,2.161290322580645,901.8387096774194,120.90322580645162,257.55886363636364,974.2903225806452,47.37,0.65,"1895,1918,1920,1948,2002,2034,2051,2388,2393,2395,3075,3084,3085,3106,3126,3131,3155,3160,3171,3190,3201,3212,3231,3245,3277,3305,3345,3362,3367,3391,3399,3483,3488,3620,3703,3751,3754,3806"
1613,18,0,0,0,0,0,0,18,0,0,0,0,0,0,0,0,0,0,0,0,12,0,0,0.6176470588235294,5.264705882352941,0.1173184357541899,13.941176470588236,19.205882352941178,2.088235294117647,2.5588235294117645,4.647058823529412,1095.7941176470588,137.35294117647058,554.8474285714271,960.9411764705884,65.29,0.47,"1895,1931,1964,2016,2120,2122,2165,2166,2177,2206,2223,2237,2244,2265,2271,2276,2287,2314,2340,2367,2378,2478,2495,2534,2574,2836,2874,3125,3315,3338,3353,3355,3570,3986,3998,4078,4085,4199,4225,4237,4246,4258,4337,4339,4349,4368,4432,4483"
1614,30,0,3,0,0,1,0,25,0,0,0,0,0,0,0,0,0,0,0,0,21,0,0,0.6382978723404256,4.23404255319149,0.1507537688442211,15.829787234042554,20.06382978723404,1.6595744680851063,1.9361702127659568,3.595744680851064,1370.042553191489,157.06382978723406,1179.1402999999996,1163.914893617021,47.61,0.68,"1927,1930,1948,2034,2051,2101,2110,2123,2156,2193,2258,2289,2336,2342,2382,2387,2391,2392,2432,2510,2806,2833,2856,2889,3112,3124,3126,3131,3139,3263,3311,3325,3328,3351,3418,3477,4004,4011,4027,4032,4061,4066,4198,4202,4230,4232,4377,4469,4487"
1615,31,7,3,0,0,1,0,20,0,0,3,0,0,0,0,0,0,0,1,0,21,0,0,0.5333333333333333,6.088888888888889,0.0875912408759124,18.0,24.08888888888889,3.933333333333333,1.6222222222222222,5.555555555555555,1470.4222222222222,164.11111111111111,1057.359625,1361.4222222222222,55.36,0.58,"1466,1933,1958,2011,2046,2137,2162,2195,2200,2210,2224,2230,2234,2235,2263,2280,2281,2288,2290,2301,2312,2324,2384,2399,2408,2423,2532,2533,2813,2815,2822,2852,2855,2878,2918,2960,3111,3307,3308,3313,3314,3331,3345,3417,4000,4026,4037,4079,4203,4212,4216,4223,4245,4367,4379,4382,4385,4413,4431"
1616,25,0,8,0,0,0,0,18,0,0,0,0,0,0,0,0,0,0,0,0,14,0,0,0.4358974358974359,4.846153846153846,0.0899470899470899,15.461538461538462,20.307692307692307,1.8974358974358967,2.5128205128205128,4.410256410256411,1091.3076923076924,127.6923076923077,909.8158235294114,1193.076923076923,73.08,0.47,"1934,1941,1986,2024,2143,2145,2176,2179,2190,2199,2212,2225,2248,2251,2260,2274,2278,2283,2291,2300,2323,2348,2388,2395,2413,2416,2580,2811,2827,2854,3113,3130,3136,3144,3305,3337,3343,3344,3349,3350,3425,3495,3993,4040,4267,4322,4363,4370,4375,4378,4387,4485"
1617,22,0,2,0,0,0,0,16,0,0,0,0,0,0,0,0,0,0,0,0,16,0,0,0.5882352941176471,6.0588235294117645,0.0970873786407767,12.617647058823527,18.676470588235293,1.9411764705882355,3.5294117647058822,5.470588235294118,1109.470588235294,136.14705882352942,833.9189499999991,803.8529411764706,57.0,0.49,"1923,2002,2103,2132,2144,2158,2222,2226,2227,2239,2250,2266,2269,2275,2296,2317,2353,2361,2417,2428,2430,2535,2587,2821,2830,2936,2952,2955,3322,3342,3348,3358,3359,3473,4001,4007,4023,4031,4044,4211,4235,4244,4264,4327,4366"
1618,17,0,5,0,0,0,0,5,0,0,0,0,0,0,0,0,0,0,0,0,14,0,0,0.2666666666666666,3.8333333333333335,0.0695652173913043,25.433333333333334,29.266666666666666,1.8333333333333333,1.7333333333333334,3.566666666666667,1252.1,162.63333333333333,1422.1329999999984,910.0,82.13,0.25,"1937,1992,2003,2023,2108,2115,2117,2121,2124,2126,2154,2192,2201,2219,2221,2240,2242,2261,2264,2267,2293,2304,2315,2320,2325,2329,2379,2385,2397,2422,2433,2565,2602,2808,2812,2859,2939,2975,3115,3137,3140,3264,3339,3476,3988,3997,4033,4039,4083,4207,4233,4358,4369,4461"
1620,40,0,2,0,0,0,0,1,0,0,0,0,0,0,0,0,0,0,0,0,26,0,0,0.8857142857142857,2.361904761904762,0.375,8.380952380952381,10.742857142857142,0.8571428571428571,0.6190476190476191,1.4761904761904765,519.0380952380953,57.51428571428571,438.7956666666665,346.81904761904764,43.94,0.61,"1902,1978,2001,2019,2112,2118,2136,2142,2167,2175,2187,2198,2208,2213,2229,2246,2249,2252,2253,2255,2284,2294,2303,2316,2322,2373,2390,2396,2402,2407,2424,2429,2463,2508,2562,2809,2817,2819,2834,2851,3119,3138,3143,3306,3330,3334,3347,3362,3512,4024,4028,4041,4050,4073,4082,4206,4210,4213,4219,4224,4227,4236,4347,4354,4380,4446"
1621,29,0,3,0,0,0,0,19,0,0,0,0,0,0,0,0,0,0,0,0,18,0,0,0.6,3.7818181818181817,0.1586538461538461,19.10909090909091,22.89090909090909,0.9272727272727272,2.2545454545454544,3.1818181818181817,1390.290909090909,180.01818181818183,965.436727272726,1114.7272727272727,54.02,0.6,"1896,1922,1924,1926,2020,2104,2131,2152,2159,2181,2185,2216,2238,2259,2268,2272,2292,2299,2305,2311,2318,2319,2366,2400,2401,2405,2409,2425,2479,2540,2561,2622,2816,2825,2881,2882,2922,2929,2971,3117,3122,3142,3310,3323,3324,3333,3341,3397,3419,3989,3995,4005,4012,4013,4214,4228,4384,4491"
1622,27,0,2,0,0,0,0,4,0,0,0,0,0,0,0,0,0,0,0,0,21,0,0,0.8863636363636364,2.272727272727273,0.39,6.795454545454546,9.068181818181818,0.6363636363636364,0.75,1.3863636363636365,598.6363636363636,65.86363636363636,677.03282051282,220.70454545454547,27.95,0.47,"1318,1914,1929,1998,2007,2102,2134,2155,2214,2215,2220,2233,2245,2306,2375,2389,2398,2404,2420,2421,2511,2512,2814,2823,2828,2832,2858,2875,2888,3546,4060,4208,4312,4351,4357,4389,4496"
1639,63,0,7,0,0,0,0,61,0,0,0,0,0,0,0,0,2,0,0,0,53,0,0,0.8620689655172413,2.9195402298850577,0.2952755905511811,20.79310344827586,23.71264367816092,1.1494252873563218,0.9080459770114944,2.057471264367816,1326.2528735632184,110.17241379310344,424.31968000000086,687.4252873563219,21.33,0.56,"1591,1919,1934,2019,2179,2395,2397,2398,2580,2615,2851,2929,3054,3058,3064,3075,3079,3091,3092,3188,3196,3210,3313,3317,3324,3327,3330,3399,3502,3699,3754,3798,3806,3855,4040,4044,4102,4118,4126,4132,4136,4152,4159,4185,4190,4194,4202,4244,4366,4367,4446,4476,5090,5121,5179,5647,6011,6165,6351,6356,6406,6415,6422,6464,6488,7116,7122,7166,7229,7577,7601,7606,7647,7666,7690"
1640,73,1,6,0,0,0,0,73,0,0,0,0,0,0,0,0,3,0,0,0,50,0,0,0.7722772277227723,2.782178217821782,0.2775800711743772,21.7920792079208,24.574257425742573,1.188118811881188,0.8217821782178217,2.00990099009901,1714.0,134.75247524752476,399.2857307692313,657.1782178217821,43.52,0.63,"1895,1903,1914,1918,1924,1928,1952,2007,2011,2396,2399,2404,2510,2554,2830,2858,2975,3149,3198,3212,3216,3240,3259,3277,3320,3322,3325,3421,3441,3443,3546,3697,3713,3745,3755,3964,4006,4079,4097,4122,4123,4130,4143,4151,4154,4180,4198,4199,4229,4399,4470,4480,4501,5013,5036,5699,6110,6124,6340,6345,6404,6414,6420,6458,6499,7108,7126,7138,7142,7165,7177,7186,7204,7502,7571,7580,7588,7616,7626,7663,8163,8180,8201,8217,9157,9171,9179,9189,9200,9201,9240,9297,9304,9666,9742,9758,9775,9780,9786,9795,9811,9823,9824,9871,9882,9889,9952,9977"
1641,78,1,9,0,0,0,0,77,1,0,0,0,0,0,0,0,2,0,0,0,57,0,0,0.6982758620689655,2.939655172413793,0.2375366568914956,21.61206896551724,24.55172413793104,1.3362068965517242,0.9051724137931034,2.2413793103448274,1968.629310344828,142.29310344827587,464.2425555555542,643.2586206896551,41.82,0.45,"1902,1905,1920,1922,1923,1931,1936,1942,1979,2003,2172,2185,2208,2390,2515,2517,2833,2855,2964,3046,3048,3060,3063,3076,3093,3097,3146,3190,3191,3211,3215,3238,3245,3419,3512,3531,3705,3746,3759,3776,4080,4106,4121,4155,4160,4207,4208,4210,4219,4227,4240,4431,4483,4815,5041,5167,5210,5812,6151,6308,6343,6344,6358,6359,6360,6401,6421,6423,6433,7106,7121,7132,7137,7160,7170,7239,7510,7561,7586,7599,7628,7648,7665,8158,8171,8181,8229,8237,8325,8414,9131,9170,9181,9219,9221,9225,9227,9228,9229,9678,9690,9704,9772,9781,9782,9790,9807,9822,9837,9888"
1642,89,1,3,0,0,0,0,84,0,1,0,0,0,0,0,0,1,0,0,0,69,0,0,0.8108108108108109,3.994594594594594,0.2029769959404601,18.37837837837838,22.37297297297297,1.572972972972973,1.6108108108108108,3.183783783783784,1465.4162162162163,104.89189189189187,442.0180266666684,482.2,42.56,0.4,"1380,1769,1906,1941,1998,2165,2174,2177,2361,2391,2394,2400,2401,2408,2511,2512,2583,2859,3031,3065,3084,3085,3090,3101,3104,3195,3232,3235,3237,3435,3499,3590,3607,3706,3722,3737,3739,3750,3796,3858,3988,3994,4002,4004,4011,4039,4057,4061,4082,4108,4109,4113,4172,4206,4211,4214,4225,4246,4347,4363,4379,4382,4413,4472,5029,5036,5173,5285,5308,5817,6110,6336,6345,6394,6417,6418,6434,6444,6453,6466,7098,7118,7128,7131,7144,7161,7169,7235,7506,7575,7579,7590,7617,7660,8160,8168,8189,8204,8210,8412,9173,9176,9192,9194,9233,9237,9241,9248,9252,9274,9290,9301,9669,9680,9682,9684,9685,9688,9735,9739,9746,9762,9771,9799,9812,9816,9818,9829,9880,9957"
1643,64,2,4,0,0,0,0,62,0,0,0,0,0,0,0,0,0,0,0,0,48,0,1,0.8367346938775511,4.153061224489796,0.2014742014742014,21.20408163265306,25.357142857142858,1.1428571428571428,2.173469387755102,3.316326530612245,1459.938775510204,104.89795918367346,351.5354268292675,611.8163265306123,33.34,0.64,"2175,2199,2383,2405,2854,3081,3086,3100,3197,3209,3219,3228,3273,3304,3306,3308,3417,3434,3595,3652,3694,3707,3716,3723,3774,3783,3807,4023,4027,4032,4060,4139,4150,4189,4216,4264,4266,4351,4385,4443,4479,4482,5292,5605,5815,5837,6080,6338,6360,6413,6417,6427,6443,6462,7101,7102,7107,7125,7158,7188,7566,7570,7600,7608,8169,8172,8188,8197,8391,9162,9180,9191,9198,9204,9214,9220,9250,9263,9273,9303,9312,9668,9709,9737,9763,9770,9776,9787,9789,9815,9890,9940"
1644,80,1,7,0,0,0,0,79,1,0,0,0,0,0,0,0,3,0,0,0,61,0,1,0.6638655462184874,4.478991596638656,0.148217636022514,25.0,29.478991596638654,2.2857142857142856,1.5294117647058822,3.815126050420168,1790.2941176470588,162.07563025210084,404.999544303797,776.1512605042017,45.1,0.55,"1318,1366,1925,1926,1927,1980,2198,2407,2495,2834,2968,3030,3057,3080,3102,3192,3194,3199,3203,3214,3224,3231,3247,3276,3310,3311,3397,3488,3561,3613,3615,3645,3704,3709,3710,3721,3740,3743,3749,3956,3967,3985,3987,3995,3997,4001,4005,4099,4125,4131,4134,4137,4138,4140,4144,4153,4174,4212,4228,4233,4235,4236,4271,4337,4342,4380,4463,4477,4496,5121,5133,6407,6408,6410,6422,6460,6466,6484,6549,7143,7148,7174,7175,7180,7196,7589,7592,7598,7602,7603,7615,7668,7671,8187,8403,8807,9193,9197,9199,9205,9206,9209,9276,9295,9662,9672,9691,9692,9707,9738,9755,9791,9817,9819,9827,9828,9932,9954,9978"
1645,75,0,3,0,0,0,0,74,1,0,0,0,0,0,0,0,1,0,0,0,58,0,1,0.7714285714285715,3.552380952380952,0.2171581769436997,22.057142857142857,25.60952380952381,1.1904761904761905,1.5904761904761904,2.780952380952381,1467.9714285714283,109.27619047619048,495.5305061728415,614.8761904761905,42.48,0.37,"1896,1904,1937,1938,1978,2034,2046,2386,2856,3044,3071,3083,3103,3148,3155,3193,3204,3207,3208,3217,3225,3236,3246,3307,3315,3331,3477,3486,3650,3691,3729,3753,3778,3992,4083,4101,4105,4124,4135,4157,4161,4168,4173,4179,4188,4203,4230,4258,4375,4444,4456,4481,4552,5473,5668,6086,6092,6354,6408,6409,6418,6425,6445,6446,6474,6523,7097,7105,7159,7185,7216,7565,7576,7618,7620,7635,7653,8183,8184,8213,8247,8321,8880,9159,9167,9168,9186,9211,9212,9226,9234,9235,9236,9244,9270,9310,9313,9665,9673,9675,9681,9705,9706,9752,9754,9774,9826,9830,9840,9876,9897,9912,9959"
1646,98,3,3,0,0,0,0,98,1,0,0,0,0,0,0,0,2,0,0,0,81,0,0,0.8916666666666667,4.05,0.2201646090534979,21.15833333333333,25.20833333333333,1.4583333333333333,1.7,3.158333333333333,1716.25,118.71666666666668,455.11430841121495,612.9916666666667,22.04,0.49,"1913,1930,1935,1947,1984,1986,2002,2031,2038,2051,2166,2167,2169,2197,2392,2625,2836,2864,2952,3053,3066,3095,3098,3105,3106,3145,3151,3213,3223,3230,3233,3234,3242,3275,3473,3692,3698,3715,3989,3998,4000,4007,4024,4026,4041,4050,4058,4116,4120,4129,4145,4146,4148,4178,4191,4213,4224,4322,4422,5012,5285,5647,5655,5664,5687,6013,6024,6351,6367,6410,6415,6420,6436,6439,6612,7111,7123,7124,7163,7190,7195,7505,7563,7573,7594,7596,7650,7659,7673,8195,8408,9163,9178,9232,9242,9264,9271,9286,9296,9663,9671,9686,9703,9708,9710,9743,9745,9764,9769,9773,9778,9783,9794,9801,9806,9821,9834,9836,9841,9850,9895"
1647,88,1,8,0,0,0,0,85,0,0,0,0,0,0,0,0,1,0,0,0,67,0,0,0.808695652173913,5.008695652173913,0.1614583333333333,20.05217391304348,25.06086956521739,2.1478260869565218,2.0521739130434784,4.2,1658.817391304348,117.47826086956522,355.11033333333387,587.991304347826,34.46,0.56,"1466,1901,1907,1917,1933,2176,2187,2385,2387,2388,2409,2513,2681,2853,3069,3070,3201,3222,3226,3227,3239,3278,3309,3314,3418,3489,3522,3651,3658,3738,3828,4033,4059,4066,4114,4119,4127,4163,4170,4175,4187,4223,4226,4234,4237,4345,4354,4372,4384,4389,4424,4432,4461,4469,4478,4487,4494,5628,5817,5839,5998,6172,6303,6411,6420,6424,6426,6435,6453,6670,7103,7130,7136,7171,7192,7568,7583,7593,7611,7622,7651,7658,7748,8159,8164,8170,8186,8192,8207,8236,8244,8409,9137,9147,9149,9164,9165,9174,9184,9196,9216,9255,9279,9676,9683,9694,9733,9736,9760,9785,9788,9796,9802,9832,9833,9843,9955,9956,9958"
1648,76,1,8,0,0,0,0,73,0,0,0,0,0,0,0,0,1,0,0,0,59,0,1,0.7941176470588235,4.421568627450981,0.17960088691796,24.147058823529413,28.5686274509804,2.235294117647059,1.392156862745098,3.627450980392157,1469.9901960784314,118.7843137254902,397.9756049382712,713.1764705882352,33.0,0.64,"1921,1929,1939,2020,2181,2382,2384,2393,2402,2852,2912,3087,3088,3089,3202,3218,3221,3265,3305,3323,3328,3447,3449,3476,3503,3657,3751,3792,4009,4013,4103,4128,4149,4171,4176,4183,4267,4282,4312,4339,4352,4357,4370,4378,4816,5008,5133,6262,6310,6359,6411,6412,6423,6455,6456,6467,6485,7112,7114,7119,7127,7133,7134,7139,7146,7162,7164,7167,7172,7178,7181,7558,7564,7567,7578,7584,7595,7605,8167,8196,8227,8300,8323,9160,9175,9217,9224,9239,9243,9267,9280,9700,9741,9753,9756,9759,9777,9779,9814,9838,9953"
1649,71,0,4,0,0,0,0,64,0,0,0,0,0,0,0,0,0,0,0,0,59,0,0,0.8688524590163934,3.2540983606557377,0.2670025188916876,12.663934426229508,15.918032786885243,1.213114754098361,1.1721311475409837,2.3852459016393444,1137.5983606557377,105.09836065573772,522.2184528301873,682.3934426229508,26.32,0.42,"1466,1926,1929,1938,1986,2112,2114,2154,2159,2167,2169,2185,2190,2200,2206,2212,2213,2229,2232,2240,2253,2258,2260,2267,2273,2274,2276,2283,2284,2293,2295,2304,2305,2319,2322,2336,2373,2399,2401,2417,2422,2423,2430,2510,2513,2602,2622,2806,2816,2817,2829,2960,3063,3159,3162,3171,3183,3271,3276,3278,3308,3417,3485,3489,3561,3699,3705,3710,3738,3746,3783,4202,4211,4236,4370,4470,5041,5167,5812,6351,6404,6408,6409,6458,6549,7588,7593,7595,7598,7599,7603,7615,7635,7647,7653"
1650,45,0,0,1,0,1,0,41,0,0,0,0,0,0,0,0,0,0,0,0,37,0,0,0.8709677419354839,2.849462365591398,0.3056603773584905,12.419354838709678,15.268817204301076,0.946236559139785,1.032258064516129,1.978494623655914,1095.1720430107528,95.70967741935485,360.4972098765429,727.0537634408602,36.23,0.35,"1896,1905,1906,1920,1922,1928,2003,2034,2158,2162,2198,2230,2239,2248,2249,2251,2252,2268,2294,2317,2340,2378,2382,2416,2424,2431,2587,2615,2836,2856,2859,2864,3030,3065,3090,3098,3102,3164,3169,3227,3239,3273,3311,3399,3418,3650,3657,3698,3723,3749,3750,3988,4013,4057,4246,6013,6172,6338,6413,6420,7563,7564,7566,7571,7577,7600,7602,7658,7659"
1651,42,0,4,0,0,1,0,37,0,0,0,0,0,0,0,0,0,0,0,0,35,0,0,0.7752808988764045,2.8876404494382024,0.2684824902723735,14.651685393258427,17.53932584269663,0.8202247191011236,1.2921348314606742,2.1123595505617976,1389.4606741573034,115.8314606741573,375.3526811594199,854.6516853932584,40.62,0.51,"1318,1895,1919,1924,1952,1984,2219,2235,2242,2250,2259,2261,2314,2315,2325,2337,2391,2396,2402,2413,2580,2815,2819,2828,2834,2881,3105,3158,3167,3184,3242,3269,3322,3325,3498,3692,3776,3798,3828,3989,3994,4008,4009,4060,4080,4312,4339,4369,4379,4487,5029,5173,5285,6343,6453,7506,7568,7570,7580,7592,7618,7650,7663,7671"
1652,46,0,4,0,0,0,0,45,0,0,0,0,0,0,0,0,1,0,0,0,30,0,0,0.8588235294117647,2.8117647058823527,0.3054393305439331,11.411764705882351,14.223529411764703,1.1176470588235294,0.8352941176470589,1.952941176470588,924.8823529411764,81.08235294117647,422.7150273972595,647.5294117647059,29.04,0.54,"1921,1925,1927,1931,1934,1947,2020,2031,2123,2124,2126,2134,2142,2143,2177,2193,2245,2271,2341,2342,2375,2379,2397,2408,2425,2428,2511,2808,2813,2814,2912,3031,3066,3085,3087,3088,3092,3100,3161,3178,3225,3226,3246,3305,3435,3691,3792,3796,3807,4210,4214,4244,4375,4413,5647,5817,6354,6359,6424,6436,6443,6455,6467,7502,7558,7561,7573,7579,7589,7611"
1653,54,0,4,0,0,0,0,49,0,0,0,0,0,0,0,0,0,0,0,0,42,0,0,0.9081632653061223,3.591836734693877,0.2528409090909091,12.010204081632653,15.60204081632653,1.1020408163265305,1.5816326530612246,2.683673469387755,1152.4897959183672,101.90816326530611,431.01796629213504,634.3571428571429,24.0,0.4,"1913,1914,1980,2011,2103,2113,2188,2226,2237,2247,2255,2280,2285,2366,2384,2385,2409,2480,2508,2562,2574,2809,2824,2833,2875,2964,3053,3064,3070,3075,3084,3089,3093,3095,3106,3187,3331,3434,3447,3697,3716,3721,3737,3739,3745,3751,3778,3855,4007,4207,4233,4337,4363,4367,5012,5036,5179,5839,6336,6356,6410,6417,6433,6434,6456,6461,6485,6523,7239,7510,7594,7605,7606,7617,7622"
1654,53,0,0,0,0,1,0,49,0,0,0,0,0,0,0,0,0,0,0,0,40,0,0,0.8857142857142857,3.990476190476192,0.2219570405727923,12.676190476190476,16.666666666666668,1.7904761904761906,1.3142857142857145,3.104761904761905,1165.838095238095,118.20952380952382,437.6494301075264,745.8571428571429,36.11,0.59,"1901,1917,1939,1941,1979,1998,2019,2051,2105,2107,2108,2110,2118,2122,2130,2137,2165,2197,2220,2222,2223,2224,2234,2244,2246,2282,2291,2300,2303,2318,2353,2426,2515,2531,2535,2566,2818,2820,2878,3046,3076,3080,3083,3103,3175,3177,3228,3236,3259,3307,3315,3320,3323,3421,3439,3440,3477,3503,3595,3645,3713,3729,3753,3997,4061,4082,4206,4226,4230,4345,4354,4357,4382,4469,4496,5013,6360,6415,6418,6466,7578,7583,7626,7665"
1655,47,0,3,0,0,0,0,41,0,0,0,0,0,0,0,0,0,0,0,0,33,0,0,0.8557692307692307,2.4134615384615383,0.3545816733067729,11.528846153846152,13.942307692307692,0.8173076923076923,0.7403846153846154,1.5576923076923077,990.1153846153846,93.66346153846152,413.2051348314597,677.2115384615385,25.0,0.37,"1907,1918,1923,1930,1933,1937,1978,2038,2116,2129,2144,2208,2233,2241,2263,2272,2287,2289,2316,2320,2367,2388,2395,2398,2432,2532,2540,2573,2681,2830,2852,2853,2882,3044,3069,3071,3081,3091,3180,3222,3245,3247,3277,3310,3419,3476,3522,3755,4001,4083,4235,4322,4351,6345,6394,6427,6435,6439,6464,7575,7601,7616,7648,7673"
1656,49,0,10,0,0,0,0,45,0,0,0,0,0,0,0,0,1,0,0,0,39,0,0,0.8901098901098901,3.89010989010989,0.2288135593220339,13.24175824175824,17.13186813186813,1.4175824175824177,1.5824175824175823,3.0,1130.1538461538462,95.84615384615384,464.1219259259248,711.4945054945055,35.14,0.49,"1591,1936,2104,2131,2176,2199,2201,2205,2210,2221,2225,2254,2265,2286,2296,2329,2386,2407,2420,2495,2625,2827,3054,3058,3060,3079,3101,3104,3160,3179,3189,3223,3224,3232,3238,3240,3244,3306,3328,3397,3488,3497,3652,3709,3740,3774,3985,4011,4079,4198,4208,4213,4219,4224,4227,4352,4380,4384,4431,4446,4483,5308,5815,6151,6407,6425,6446,6474,6499,7567,7590,7596,7666,7690"
1657,42,0,7,0,0,0,0,38,0,0,0,0,0,0,0,0,0,0,0,0,33,0,0,0.8314606741573034,3.044943820224719,0.2730627306273063,10.03370786516854,13.07865168539326,1.202247191011236,1.0112359550561798,2.213483146067416,987.4044943820224,99.24719101123596,507.06568918918856,484.9887640449438,31.67,0.59,"1904,1942,2002,2007,2102,2115,2166,2174,2181,2187,2194,2216,2238,2266,2288,2290,2301,2387,2394,2433,2478,2561,2565,2807,2822,2823,2825,3086,3097,3157,3170,3231,3313,3314,3317,3327,3651,3694,3706,3707,3715,3806,3995,4000,4002,4004,4203,4237,4271,6110,6340,6401,6411,6462,7505,7565,7576,7584,7651,7668"
1658,69,0,10,1,0,0,0,65,0,0,0,0,0,0,0,0,0,0,0,0,54,0,0,0.8557692307692307,3.942307692307693,0.2170731707317073,13.442307692307692,17.384615384615383,1.5192307692307692,1.5673076923076923,3.0865384615384617,978.2403846153846,98.64423076923076,418.11999999999966,648.6538461538462,26.44,0.34,"1902,1903,1935,2046,2117,2120,2121,2125,2127,2136,2145,2152,2179,2227,2262,2264,2269,2275,2281,2292,2299,2306,2311,2323,2324,2338,2361,2383,2390,2392,2393,2400,2405,2429,2512,2533,2534,2554,2583,2812,2826,2854,2874,3057,3165,3166,3176,3181,3182,3230,3233,3234,3235,3237,3243,3265,3275,3304,3309,3324,3444,3512,3607,3658,3704,3743,3754,3759,3992,4058,4066,4199,4212,4216,4228,4229,4366,4372,5473,5837,6367,6412,6444,7608,7620,7660,7748"
1833,36,0,2,0,0,0,0,0,0,0,0,0,0,0,0,0,0,0,0,0,33,0,0,0.8269230769230769,4.076923076923077,0.2028301886792453,14.673076923076923,18.75,2.1346153846153846,1.1153846153846154,3.25,644.3653846153846,78.75,476.9386976744183,394.5769230769231,20.0,0.45,"2110,2116,2124,2125,2130,2136,2139,2143,2158,2166,2167,2185,2188,2192,2204,2215,2221,2233,2237,2242,2271,2276,2290,2312,2315,2370,2382,2393,2394,2399,2416,2463,2512,2533,2615,2830,2834,2856,2889,2971"
1834,25,0,2,1,0,0,0,0,0,0,0,0,0,0,0,0,0,0,0,0,24,0,0,0.8611111111111112,4.722222222222222,0.1823529411764705,11.416666666666666,16.13888888888889,1.2222222222222223,2.638888888888889,3.861111111111111,668.8888888888889,85.86111111111111,473.67129032258,339.22222222222223,25.81,0.44,"2144,2152,2174,2177,2184,2194,2225,2234,2239,2248,2262,2263,2275,2303,2337,2342,2383,2385,2402,2408,2426,2432,2510,2552,2573,2845,2853,2854,2859,2928,2950"
1835,25,0,0,0,0,0,0,0,0,0,0,0,0,0,0,0,0,0,0,0,22,0,1,0.96875,2.34375,0.4133333333333333,9.125,11.46875,0.46875,0.90625,1.375,379.28125,45.34375,386.0063548387096,153.46875,24.24,0.58,"2101,2122,2126,2145,2154,2160,2206,2219,2223,2226,2229,2256,2266,2269,2281,2291,2294,2298,2299,2305,2311,2323,2325,2329,2363,2378,2380,2384,2530,2557,2561,2836,2923"
1836,22,0,1,0,0,0,0,0,0,0,0,0,0,0,0,0,0,0,0,0,18,0,0,0.7837837837837838,3.891891891891892,0.2013888888888889,14.27027027027027,18.16216216216216,1.648648648648649,1.4594594594594594,3.108108108108108,528.0,68.35135135135135,632.5471724137929,260.56756756756755,38.71,0.66,"2129,2132,2146,2162,2165,2201,2207,2216,2240,2247,2249,2268,2280,2285,2306,2336,2343,2352,2373,2396,2406,2409,2413,2422,2478,2583,2602,2832,2927,2951,2969"
1837,26,0,1,0,0,0,0,0,0,0,0,0,0,0,0,0,0,0,0,0,19,0,0,0.9310344827586208,1.6896551724137931,0.5510204081632653,4.896551724137931,6.586206896551724,0.1379310344827586,0.6206896551724138,0.7586206896551724,272.9310344827586,30.93103448275862,267.0239259259259,120.72413793103448,30.56,0.51,"2107,2127,2175,2190,2191,2197,2199,2210,2212,2224,2238,2246,2267,2270,2273,2282,2293,2296,2304,2313,2319,2327,2340,2367,2379,2417,2428,2480,2481,2495,2511,2515,2531,2864,2866,2949"
1838,32,0,1,0,0,0,0,0,0,0,0,0,0,0,0,0,0,0,0,0,31,0,0,0.9473684210526316,2.8421052631578947,0.3333333333333333,5.973684210526316,8.81578947368421,1.5526315789473684,0.3421052631578947,1.894736842105263,484.0,46.63157894736842,400.392694444444,231.71052631578948,16.22,0.54,"2105,2113,2115,2118,2133,2134,2156,2176,2200,2214,2241,2244,2245,2253,2258,2261,2272,2295,2301,2338,2353,2360,2375,2376,2392,2401,2429,2479,2508,2534,2555,2574,2580,2616,2850,2851,2863"
1839,20,0,1,0,0,0,0,0,0,0,0,0,0,0,0,0,0,0,0,0,20,0,0,0.8947368421052632,4.2368421052631575,0.2111801242236025,10.763157894736842,15.0,2.6578947368421053,0.6842105263157895,3.3421052631578947,566.4736842105264,68.60526315789474,552.0902647058819,246.0,37.5,0.46,"1544,2102,2111,2112,2120,2148,2149,2159,2195,2211,2220,2292,2300,2314,2320,2324,2348,2389,2390,2404,2405,2420,2425,2430,2431,2490,2597,2831,2932,2934,2940,2954"
1840,23,0,3,0,0,0,0,0,0,0,0,0,0,0,0,0,0,0,0,0,21,0,0,0.7777777777777778,2.888888888888889,0.2692307692307692,10.666666666666666,13.555555555555555,0.6666666666666666,1.4444444444444444,2.111111111111111,737.3888888888889,102.25,548.1679285714282,364.80555555555554,38.71,0.34,"2104,2108,2131,2169,2171,2181,2187,2208,2228,2230,2250,2255,2265,2274,2284,2287,2322,2341,2355,2387,2411,2418,2421,2423,2513,2527,2625,2837,2857,2888,2952"
1841,21,0,0,0,0,0,0,0,0,0,0,0,0,0,0,0,0,0,0,0,21,0,0,0.6071428571428571,7.285714285714286,0.0833333333333333,17.285714285714285,24.571428571428573,4.392857142857143,2.2857142857142856,6.678571428571429,680.8571428571429,79.42857142857143,816.3198823529398,342.17857142857144,64.29,0.62,"1466,2103,2114,2121,2123,2128,2137,2140,2155,2164,2196,2198,2213,2227,2232,2235,2252,2254,2264,2278,2283,2289,2316,2317,2318,2366,2397,2398,2400,2407,2424,2517,2532,2554,2565,2566,2622,2833,2865,2887,2925,2948"
1842,21,0,0,0,0,0,0,0,0,0,0,0,0,0,0,0,0,0,0,0,19,0,0,0.7647058823529411,3.794117647058824,0.2015503875968992,14.205882352941176,18.0,1.7352941176470589,1.2941176470588236,3.0294117647058822,605.4411764705883,76.23529411764706,521.7107307692302,313.02941176470586,38.71,0.65,"2117,2141,2142,2172,2179,2193,2202,2217,2222,2251,2286,2288,2309,2361,2386,2388,2391,2395,2419,2433,2540,2549,2562,2587,2848,2852,2855,2876,2929,2941,2955"
1937,29,0,2,0,0,0,0,6,0,0,0,0,0,0,0,0,0,0,0,0,22,0,0,0.8461538461538461,4.435897435897436,0.1907514450867052,19.0,23.435897435897434,1.9230769230769231,1.6666666666666667,3.58974358974359,992.8205128205128,129.53846153846155,994.2564242424238,644.9230769230769,16.67,0.3,"2102,2105,2108,2118,2188,2190,2198,2201,2210,2233,2241,2249,2262,2275,2303,2304,2320,2321,2344,2345,2382,2386,2387,2393,2405,2417,2420,2423,2428,2432"
1938,30,0,1,0,0,0,0,4,0,0,0,0,0,0,0,0,0,0,0,0,19,0,0,0.8857142857142857,4.0,0.2214285714285714,14.142857142857142,18.142857142857142,2.4571428571428573,0.6571428571428571,3.1142857142857143,920.1428571428572,120.02857142857142,782.6424838709673,516.1142857142858,12.5,0.55,"1466,2107,2134,2141,2143,2166,2207,2208,2211,2215,2221,2245,2246,2251,2254,2264,2280,2281,2290,2299,2300,2301,2317,2353,2363,2366,2389,2429,2495,2511,2531,2534"
1939,21,0,2,0,0,0,0,6,0,0,0,0,0,0,0,0,0,0,0,0,15,0,0,0.90625,3.59375,0.2521739130434782,11.28125,14.875,1.28125,1.40625,2.6875,791.625,95.40625,693.7302068965511,417.0625,22.22,0.48,"2114,2115,2116,2119,2121,2126,2158,2167,2177,2200,2214,2252,2258,2260,2283,2311,2312,2319,2329,2352,2391,2409,2422,2512,2552,2565,2587"
1940,20,0,2,0,0,0,0,4,0,0,0,0,0,0,0,0,0,0,0,0,14,0,0,0.8275862068965517,5.310344827586207,0.1558441558441558,16.620689655172413,21.93103448275862,3.4482758620689653,1.0344827586206895,4.482758620689655,1030.5862068965516,141.27586206896552,950.4072499999988,467.3103448275862,20.83,0.29,"2117,2122,2123,2172,2176,2193,2198,2206,2225,2230,2238,2240,2266,2269,2292,2296,2322,2324,2337,2342,2554,2566,2574,2580"
1941,28,0,2,0,0,0,0,9,0,0,0,0,0,0,0,0,0,0,0,0,17,0,0,0.8823529411764706,5.411764705882353,0.1630434782608695,13.882352941176473,19.294117647058822,3.676470588235294,0.8529411764705882,4.529411764705882,852.6470588235294,115.91176470588236,850.8131666666666,436.4411764705882,29.41,0.78,"2124,2154,2175,2187,2196,2197,2216,2219,2220,2222,2224,2229,2234,2237,2253,2263,2315,2341,2360,2361,2383,2394,2398,2400,2407,2416,2418,2425,2481,2515,2517,2564,2573,2602"
1942,26,0,1,0,0,0,0,5,0,0,0,0,0,0,0,0,0,0,0,0,16,0,1,0.8181818181818182,7.848484848484849,0.1042471042471042,18.33333333333333,26.181818181818183,4.515151515151516,2.515151515151515,7.03030303030303,941.4242424242424,129.03030303030303,843.52437037037,468.5757575757576,20.69,0.48,"2104,2125,2155,2162,2165,2212,2213,2248,2265,2268,2271,2273,2314,2327,2378,2388,2390,2395,2396,2397,2401,2408,2421,2433,2479,2496,2532,2540,2562"
1943,17,0,1,0,0,0,0,5,0,0,0,0,0,0,0,0,0,0,0,0,12,0,0,0.8076923076923077,5.384615384615385,0.15,14.423076923076923,19.807692307692307,2.730769230769231,1.8461538461538465,4.576923076923077,1017.6923076923076,138.03846153846155,1119.9087619047614,535.4230769230769,28.57,0.73,"2101,2130,2146,2152,2156,2180,2182,2250,2261,2272,2277,2325,2338,2376,2385,2402,2411,2508,2533,2561,2600"
1944,25,0,2,0,0,0,0,1,0,0,0,0,0,0,0,0,0,0,0,0,18,0,0,0.875,7.1875,0.1217391304347826,17.71875,24.90625,4.90625,1.40625,6.3125,910.875,112.4375,845.7297857142846,529.40625,14.29,0.55,"1544,2127,2129,2136,2142,2169,2174,2194,2199,2232,2235,2244,2274,2282,2284,2293,2294,2305,2318,2343,2348,2380,2430,2463,2513,2530,2583,2622"
1945,35,0,3,1,0,0,0,9,0,0,0,0,0,0,0,0,0,0,0,0,28,0,0,0.8536585365853658,5.804878048780488,0.1470588235294117,15.341463414634148,21.146341463414632,3.634146341463415,1.3170731707317074,4.951219512195122,937.0731707317074,121.97560975609755,777.407885714285,639.0243902439024,18.92,0.49,"2103,2113,2131,2145,2164,2171,2179,2185,2192,2195,2223,2226,2227,2239,2242,2247,2255,2259,2267,2285,2286,2287,2288,2289,2295,2298,2306,2336,2340,2371,2384,2392,2399,2424,2478,2625,2634"
1946,23,0,1,0,0,0,0,8,0,0,0,0,0,0,0,0,0,0,0,0,21,0,2,0.9285714285714286,3.75,0.2476190476190476,8.107142857142858,11.857142857142858,1.0714285714285714,1.75,2.821428571428572,761.4285714285714,88.35714285714286,908.9502307692304,323.2142857142857,8.33,0.48,"2110,2112,2120,2132,2133,2137,2144,2159,2181,2276,2291,2316,2323,2362,2367,2372,2373,2375,2404,2413,2426,2431,2480,2510"
1977,24,0,1,0,0,1,0,4,0,0,0,0,0,0,0,0,0,0,1,0,18,0,0,0.7272727272727273,5.606060606060606,0.1297297297297297,8.818181818181818,14.424242424242424,4.606060606060606,0.2727272727272727,4.878787878787879,1233.6666666666667,154.8181818181818,916.6285833333324,527.1818181818181,43.75,0.33,"2108,2120,2125,2152,2167,2203,2206,2212,2223,2247,2250,2260,2267,2269,2271,2277,2280,2318,2348,2375,2402,2413,2416,2424,2428,2433,2517,2618,2831,2858,2923,2954"
1978,20,0,0,0,0,2,0,5,0,0,0,0,0,0,0,0,0,0,0,0,15,0,0,0.7307692307692307,8.807692307692308,0.0829694323144104,15.615384615384617,24.423076923076923,7.6923076923076925,0.3846153846153846,8.076923076923077,1416.2692307692307,160.69230769230768,1018.6854736842078,1021.0769230769232,48.28,0.54,"2122,2143,2144,2146,2148,2165,2198,2229,2230,2233,2238,2248,2252,2253,2266,2286,2288,2289,2342,2344,2376,2400,2404,2597,2615,2833,2888,2925,2929"
1979,19,0,0,0,0,2,0,2,0,0,0,0,0,0,0,0,0,0,0,0,13,0,0,0.8,3.72,0.2150537634408602,10.92,14.64,2.04,0.88,2.92,1043.68,123.76,760.9431499999993,464.68,39.29,0.57,"1466,2104,2105,2123,2127,2172,2176,2177,2193,2197,2204,2224,2235,2262,2263,2281,2299,2360,2379,2530,2554,2622,2634,2853,2854,2864,2952,2975"
1980,25,0,1,0,0,1,0,9,0,0,0,0,0,0,0,0,0,0,0,0,8,0,0,0.5882352941176471,5.441176470588236,0.1081081081081081,14.0,19.44117647058824,3.264705882352941,1.588235294117647,4.852941176470588,1389.4411764705883,194.73529411764707,747.9683999999983,778.1470588235294,48.39,0.51,"2107,2132,2195,2208,2210,2213,2220,2249,2255,2282,2284,2304,2320,2353,2361,2383,2390,2392,2407,2411,2430,2495,2510,2513,2531,2587,2631,2830,2836,2856,2963"
1981,36,0,1,0,0,1,0,6,0,0,0,0,0,0,0,0,0,0,0,0,23,0,0,0.7317073170731707,6.0,0.1219512195121951,14.073170731707316,20.07317073170732,4.609756097560975,0.6585365853658537,5.2682926829268295,1500.0731707317073,194.0731707317073,1136.7619333333305,933.5853658536586,35.71,0.45,"2117,2126,2131,2136,2142,2145,2156,2159,2164,2179,2184,2194,2226,2237,2239,2246,2258,2273,2291,2303,2311,2329,2337,2345,2366,2384,2387,2391,2394,2398,2399,2420,2426,2534,2562,2580,2583,2855,2857,2887,2934,2936"
1982,27,0,0,0,0,1,0,7,0,0,0,0,0,0,0,0,0,0,0,0,18,0,0,0.8648648648648649,5.0,0.1729729729729729,12.891891891891891,17.89189189189189,3.216216216216216,0.918918918918919,4.135135135135135,1249.5675675675675,152.51351351351352,935.2385624999976,774.4324324324324,27.27,0.44,"1544,2101,2124,2133,2154,2192,2198,2216,2219,2240,2242,2254,2272,2301,2316,2322,2323,2327,2336,2396,2423,2508,2511,2540,2565,2602,2625,2851,2859,2933,2940,2941,2955"
1983,25,0,0,0,0,0,0,6,0,0,0,0,0,0,0,0,0,0,1,0,14,0,0,0.6875,5.78125,0.1189189189189189,15.90625,21.6875,4.5625,0.53125,5.09375,1503.625,166.75,970.8999090909078,1103.8125,52.63,0.69,"2103,2113,2114,2127,2129,2150,2155,2158,2170,2173,2188,2190,2196,2200,2211,2227,2264,2293,2295,2300,2312,2325,2341,2367,2378,2382,2386,2395,2417,2418,2429,2478,2479,2532,2552,2573,2834,2866"
1985,25,0,2,0,0,1,0,6,0,0,0,0,0,0,0,0,0,0,0,0,10,0,0,0.6451612903225806,6.903225806451613,0.0934579439252336,18.774193548387096,25.677419354838708,4.903225806451613,1.3548387096774193,6.258064516129032,1793.2903225806451,235.4516129032258,1054.1948999999984,1677.3225806451612,46.88,0.3,"2130,2134,2141,2162,2166,2174,2221,2222,2241,2251,2265,2275,2283,2285,2292,2294,2305,2319,2324,2340,2355,2373,2389,2401,2405,2408,2409,2515,2561,2574,2832,2852"
1986,22,0,0,0,0,2,0,5,0,0,0,0,0,0,0,0,0,0,0,0,14,0,0,0.7142857142857143,6.75,0.1058201058201058,16.428571428571427,23.178571428571427,5.178571428571429,0.8571428571428571,6.035714285714286,1548.4642857142858,207.1071428571429,964.5452000000004,1106.7857142857142,37.5,0.32,"2102,2110,2118,2121,2169,2185,2187,2199,2225,2244,2245,2261,2268,2274,2276,2290,2317,2388,2397,2425,2463,2555,2566,2862"
1987,23,0,0,0,0,0,0,6,0,0,0,0,0,0,0,0,0,0,0,0,15,0,1,0.8285714285714286,5.914285714285715,0.1400966183574879,13.17142857142857,19.085714285714285,2.914285714285714,2.171428571428572,5.085714285714285,1174.0,128.8,715.1916896551706,644.8,30.0,0.56,"2107,2114,2124,2127,2130,2137,2156,2158,2162,2274,2275,2290,2301,2316,2340,2418,2422,2432,2433,2552,2566,2815,2819,2820,2821,2822,2853,2888,2936,2939"
1988,20,0,0,0,0,0,0,4,0,0,0,0,0,0,0,0,0,0,0,0,14,0,0,0.8484848484848485,6.878787878787879,0.1233480176211453,17.696969696969695,24.57575757575757,4.909090909090909,1.121212121212121,6.03030303030303,1143.7878787878788,130.75757575757575,929.6473571428552,762.7272727272727,18.18,0.56,"2105,2110,2121,2125,2152,2167,2234,2252,2260,2262,2273,2284,2288,2319,2323,2324,2382,2385,2811,2825,2832,2864"
1989,39,0,2,0,0,0,0,6,0,0,0,0,0,0,0,0,0,0,0,0,26,0,1,0.7954545454545454,6.909090909090909,0.1151315789473684,14.75,21.65909090909091,4.818181818181818,1.2954545454545454,6.113636363636363,1084.6818181818182,138.77272727272728,852.0897142857134,611.4090909090909,19.05,0.43,"2101,2104,2116,2123,2165,2166,2190,2195,2199,2200,2207,2212,2225,2241,2242,2244,2248,2250,2266,2267,2269,2306,2312,2320,2361,2386,2393,2395,2405,2421,2463,2478,2530,2535,2808,2823,2824,2828,2851,2856,2874,2941"
1990,27,0,2,0,0,1,0,7,0,0,0,0,0,0,0,0,0,0,0,0,20,0,0,0.8529411764705882,9.029411764705882,0.0944625407166123,14.411764705882351,23.44117647058824,7.470588235294118,0.7058823529411765,8.176470588235293,1104.970588235294,127.05882352941175,730.9913793103439,934.3823529411764,27.27,0.52,"2117,2144,2145,2164,2192,2197,2213,2216,2219,2226,2227,2230,2240,2253,2261,2299,2300,2303,2318,2388,2390,2401,2404,2425,2430,2555,2622,2813,2829,2831,2857,2887,2889"
1991,29,0,1,0,0,1,0,5,0,0,0,0,0,0,0,0,0,0,0,0,19,0,0,0.8484848484848485,5.484848484848484,0.154696132596685,15.606060606060606,21.09090909090909,3.8484848484848486,0.7878787878787878,4.636363636363637,1208.090909090909,137.24242424242425,905.806142857141,815.2727272727273,26.47,0.52,"1466,2141,2146,2170,2179,2196,2220,2223,2224,2238,2245,2246,2249,2265,2277,2295,2327,2348,2387,2391,2396,2513,2515,2517,2618,2625,2806,2834,2858,2862,2866,2878,2922,2960"
1992,31,0,1,0,0,0,0,7,0,0,0,0,0,0,0,0,0,0,0,0,20,0,0,0.825,7.925,0.1041009463722397,15.85,23.775,6.55,0.55,7.1,1098.45,131.1,1003.2404848484828,870.575,34.21,0.69,"2131,2143,2169,2172,2174,2177,2187,2193,2194,2206,2208,2237,2268,2271,2272,2280,2286,2294,2304,2311,2329,2336,2353,2373,2383,2398,2402,2424,2428,2481,2512,2565,2634,2814,2833,2925,2952,2954"
1993,18,0,1,0,0,0,0,4,0,0,0,0,0,0,0,0,0,0,0,0,12,0,0,0.6666666666666666,7.291666666666667,0.0914285714285714,14.708333333333334,22.0,5.041666666666667,1.5833333333333333,6.625,1075.3333333333333,117.0,781.0559999999995,816.7916666666666,51.85,0.65,"1544,2113,2122,2173,2176,2210,2233,2239,2285,2291,2293,2305,2397,2400,2407,2409,2423,2532,2561,2583,2631,2809,2816,2827,2852,2855,2875"
1994,31,0,0,0,0,0,0,6,0,0,0,0,0,0,0,0,0,0,0,0,25,0,0,0.7777777777777778,4.416666666666667,0.1761006289308176,11.916666666666666,16.333333333333332,3.1944444444444446,0.4444444444444444,3.638888888888889,1036.3333333333333,109.08333333333331,693.6508214285705,656.1666666666666,29.41,0.68,"2103,2108,2129,2155,2159,2188,2201,2221,2229,2254,2255,2258,2259,2281,2287,2342,2378,2392,2399,2408,2417,2420,2426,2480,2540,2574,2580,2587,2602,2615,2826,2830,2881,2940"
1995,24,0,1,0,0,0,0,8,0,0,0,0,0,0,0,0,0,0,0,0,16,0,0,0.7222222222222222,6.388888888888889,0.1130434782608695,16.52777777777778,22.916666666666668,4.972222222222222,0.6944444444444444,5.666666666666667,1160.2777777777778,128.13888888888889,1004.773384615384,869.6111111111111,38.71,0.61,"2118,2132,2134,2136,2142,2181,2251,2263,2276,2283,2289,2292,2317,2325,2344,2345,2366,2367,2375,2389,2394,2495,2508,2511,2531,2810,2817,2836,2859,2882,2963"
1996,27,0,3,0,0,0,0,6,0,0,0,0,0,0,0,0,0,0,0,0,23,0,0,0.8611111111111112,5.611111111111111,0.1534653465346534,14.916666666666666,20.52777777777778,4.166666666666667,0.5833333333333334,4.75,1089.111111111111,117.08333333333331,966.8800645161278,714.25,40.0,0.56,"2102,2112,2120,2126,2148,2150,2154,2185,2198,2204,2211,2222,2235,2247,2264,2282,2296,2322,2337,2355,2376,2379,2384,2411,2413,2416,2479,2510,2534,2554,2562,2573,2807,2812,2837,2854,2880,2929,2955,2975"
2030,28,1,2,0,0,0,0,24,0,0,0,0,0,0,0,0,0,0,0,0,22,0,0,0.7021276595744681,3.3191489361702127,0.2115384615384615,20.51063829787234,23.829787234042552,1.25531914893617,1.3617021276595744,2.617021276595745,1059.042553191489,103.74468085106383,386.3237575757577,581.8723404255319,48.15,0.4,"2112,2114,2121,2165,2190,2267,2271,2311,2327,2394,2428,2433,2510,2587,2602,2622,2634,3082,3086,3090,3096,3142,3144,3156,3161,3162,3189,3203,3216,3240,3344,3477,3497,3570,3692,3711,3743,3817,5012,5179,5815,5837,6340,6343,6354,6356,6364,6409,6418,6427,6458,6485,6523,6533"
2031,50,5,4,0,0,0,0,38,1,0,0,0,0,0,0,0,0,0,0,0,42,0,1,0.8805970149253731,2.82089552238806,0.3121693121693121,12.686567164179104,15.507462686567164,1.0746268656716418,0.8656716417910447,1.9402985074626864,710.5671641791045,65.91044776119404,347.5876610169491,356.76119402985074,27.54,0.25,"2108,2116,2120,2126,2176,2197,2246,2319,2320,2323,2325,2336,2399,2405,2411,2421,2513,2583,3095,3104,3113,3115,3130,3171,3204,3221,3225,3227,3235,3237,3246,3276,3331,3333,3338,3341,3342,3361,3399,3425,3435,3444,3485,3499,3531,3561,3656,3658,3776,3784,3798,3807,5173,5285,5812,6151,6344,6367,6393,6404,6408,6412,6413,6420,6426,6434,6439,6447,6484"
2032,40,2,1,0,0,0,0,35,1,0,1,0,1,0,0,0,0,0,0,0,36,0,1,0.8076923076923077,2.8653846153846154,0.2818791946308724,19.21153846153846,22.07692307692308,1.3269230769230769,0.7307692307692307,2.0576923076923075,770.9230769230769,84.1923076923077,333.8769285714281,428.38461538461536,43.33,0.48,"1591,2104,2123,2127,2152,2158,2162,2169,2177,2179,2192,2198,2205,2244,2249,2261,2274,2275,2322,2375,2393,2430,2478,3045,3057,3063,3069,3091,3105,3116,3120,3122,3145,3181,3187,3190,3226,3228,3233,3244,3267,3317,3419,3498,3750,3774,5036,5167,5839,6342,6358,6359,6411,6421,6429,6431,6455,6464,6499,6549"
2033,24,3,4,0,0,0,0,16,0,0,0,0,0,0,0,0,0,0,0,0,13,0,0,0.78125,3.09375,0.2525252525252525,19.53125,22.625,1.1875,1.125,2.3125,915.03125,137.25,508.0467599999991,682.71875,29.03,0.53,"2115,2124,2167,2181,2185,2196,2208,2361,2391,2495,3046,3053,3072,3093,3157,3188,3197,3212,3219,3242,3259,3315,3324,3348,3349,3502,3697,3702,3706,3712,3715"
2034,43,0,2,0,0,0,0,4,0,0,0,0,0,0,0,0,0,0,1,0,36,0,0,0.8571428571428571,2.9285714285714284,0.2926829268292683,12.892857142857142,15.821428571428571,1.1964285714285714,0.875,2.071428571428572,422.375,55.82142857142857,240.7473124999999,284.0,21.82,0.59,"2103,2129,2134,2142,2159,2166,2170,2277,2312,2314,2316,2318,2367,2383,2397,2400,2401,2407,2408,2422,2511,2532,3061,3066,3070,3079,3088,3101,3111,3126,3148,3177,3178,3196,3200,3208,3217,3232,3238,3245,3260,3306,3345,3350,3352,3362,3451,3495,3509,3657,3691,3703,3704,3745,3808"
2035,55,0,6,0,0,0,0,12,0,0,0,0,0,0,0,0,0,0,0,0,45,0,0,0.8529411764705882,2.911764705882353,0.2929292929292929,20.38235294117647,23.294117647058822,1.588235294117647,0.4705882352941176,2.0588235294117645,720.8088235294117,86.26470588235294,311.8944310344826,571.1617647058823,21.88,0.31,"2110,2125,2131,2144,2174,2188,2201,2245,2251,2254,2263,2268,2324,2338,2341,2388,2392,2479,2480,2517,3031,3044,3073,3085,3098,3100,3119,3165,3175,3180,3183,3194,3195,3214,3265,3273,3328,3351,3397,3440,3441,3508,3522,3532,3708,3714,3742,3751,3855,5038,5041,5121,5604,5817,5835,6350,6351,6360,6368,6394,6432,6456,6462,6520"
2036,34,0,4,0,0,0,0,26,0,0,0,0,0,0,0,0,0,0,0,0,27,0,0,0.6923076923076923,3.173076923076923,0.2181818181818181,20.78846153846154,23.96153846153846,1.5192307692307692,0.9615384615384616,2.480769230769231,716.6153846153846,89.76923076923077,343.86919444444385,631.7884615384615,49.21,0.46,"2101,2107,2143,2145,2155,2187,2248,2260,2262,2317,2342,2376,2390,2402,2413,2508,2515,2540,2550,2552,2580,3065,3071,3077,3081,3084,3087,3089,3097,3103,3112,3143,3146,3151,3179,3191,3192,3205,3210,3215,3243,3275,3308,3310,3321,3337,3339,3343,3347,3355,3423,3489,3654,3696,3705,3718,5036,5835,6382,6415,6420,6455,6670"
2037,44,4,3,2,0,0,0,30,1,0,0,0,0,0,0,0,0,0,0,0,20,0,1,0.7692307692307693,4.615384615384615,0.1666666666666666,19.15384615384616,23.76923076923077,3.0384615384615383,0.8076923076923077,3.8461538461538463,964.5961538461538,106.8076923076923,272.9511749999997,495.0576923076923,47.69,0.46,"2102,2105,2113,2117,2137,2140,2156,2193,2194,2199,2252,2255,2269,2273,2340,2424,2426,2463,3060,3080,3117,3124,3158,3163,3169,3198,3207,3211,3213,3218,3230,3231,3234,3236,3255,3263,3311,3313,3314,3320,3334,3448,3449,3699,3753,5179,5473,6110,6342,6344,6351,6381,6394,6410,6414,6424,6426,6434,6435,6436,6457,6466,6467,6520,6612"
2038,59,3,4,0,0,0,0,40,0,0,1,0,1,0,0,0,0,0,0,0,50,0,0,0.8518518518518519,2.691358024691358,0.3165137614678899,16.617283950617285,19.30864197530864,0.925925925925926,0.9135802469135802,1.839506172839506,756.0123456790124,89.91358024691358,401.928333333333,500.38271604938274,25.0,0.48,"1466,2122,2130,2154,2195,2200,2242,2250,2258,2259,2264,2265,2272,2278,2315,2329,2337,2348,2371,2373,2382,2384,2385,2387,2396,2398,2404,2425,2534,2554,3054,3075,3102,3106,3107,3127,3138,3160,3164,3176,3201,3202,3209,3222,3223,3224,3264,3274,3277,3307,3322,3325,3327,3353,3356,3417,3418,3442,3486,3488,3645,3650,3652,3698,3701,3710,3749,3759,3778,5628,6172,6362,6417,6429,6445,6533"
2039,30,3,2,0,0,0,0,22,0,0,0,0,0,0,0,0,0,0,0,0,28,0,0,0.6938775510204082,2.7142857142857144,0.2556390977443609,20.22448979591837,22.93877551020408,1.0612244897959184,0.9591836734693876,2.020408163265306,717.0408163265306,101.42857142857144,339.96167647058803,606.7755102040817,48.33,0.52,"2118,2136,2172,2198,2206,2253,2378,2386,2395,2423,2512,2555,2615,2625,2631,3030,3048,3049,3058,3059,3064,3076,3083,3092,3131,3132,3139,3140,3149,3155,3166,3167,3170,3182,3184,3199,3239,3247,3248,3271,3278,3279,3304,3305,3309,3335,3359,3434,3439,3443,3447,3512,3620,3651,3707,3709,3713,3716,3746,3755"
2121,26,0,3,0,0,0,0,0,0,0,0,0,0,0,0,0,0,0,0,0,17,0,0,0.9411764705882352,2.8529411764705883,0.3298969072164948,8.176470588235293,11.029411764705882,0.9117647058823528,1.0,1.911764705882353,707.8235294117648,78.0,646.8969374999996,369.5882352941176,10.34,0.37,"2122,2127,2137,2140,2152,2156,2165,2169,2181,2193,2225,2226,2229,2233,2258,2260,2267,2276,2280,2291,2295,2323,2389,2421,2495,2561,2565,2836,2918"
2122,26,0,1,0,0,0,0,3,0,0,0,0,0,0,0,0,0,0,0,0,17,0,0,0.96875,2.4375,0.3974358974358974,9.0,11.4375,0.78125,0.6875,1.46875,606.3125,68.9375,659.1320322580636,371.5,0.0,0.0,"2118,2132,2159,2172,2200,2208,2214,2247,2252,2288,2293,2304,2316,2318,2324,2361,2366,2373,2384,2395,2420,2428,2511,2513,2831,2852"
2123,28,0,1,0,0,0,0,10,0,0,0,0,0,0,0,0,0,0,0,0,19,0,0,0.945945945945946,3.783783783783784,0.25,10.16216216216216,13.945945945945946,1.7297297297297298,1.108108108108108,2.8378378378378377,765.5135135135135,89.4054054054054,820.2690285714276,498.1351351351352,12.9,0.12,"2108,2112,2116,2136,2144,2177,2215,2234,2240,2259,2268,2275,2296,2303,2319,2325,2379,2382,2383,2393,2394,2397,2422,2425,2430,2531,2622,2851,2853,2936,2975"
2124,26,1,2,0,0,0,0,3,0,0,0,0,0,0,0,0,0,0,0,0,18,0,0,0.9032258064516128,4.67741935483871,0.193103448275862,15.806451612903226,20.483870967741936,2.677419354838709,1.096774193548387,3.774193548387097,946.9354838709676,119.0,1018.1486071428556,789.6451612903226,17.24,0.31,"2110,2120,2141,2155,2219,2242,2249,2253,2264,2271,2273,2274,2283,2287,2289,2292,2305,2306,2367,2391,2398,2399,2426,2533,2554,2573,2583,2602,2854"
2125,21,0,2,0,0,0,0,0,0,0,0,0,0,0,0,0,0,0,0,0,11,0,0,0.9565217391304348,3.565217391304348,0.2682926829268293,14.173913043478262,17.73913043478261,1.4782608695652173,1.1304347826086956,2.608695652173913,919.9130434782608,109.91304347826087,962.7343181818164,721.3478260869565,8.7,0.14,"2179,2185,2188,2194,2210,2212,2216,2220,2222,2232,2248,2261,2265,2281,2286,2290,2300,2388,2402,2409,2479,2517,2856"
2126,28,0,0,0,0,0,0,1,1,0,0,0,0,0,0,0,0,0,0,0,15,0,0,1.0,2.96875,0.3368421052631579,8.21875,11.1875,1.0,0.96875,1.96875,654.09375,66.90625,759.2001249999996,362.6875,3.45,0.32,"2102,2104,2115,2162,2167,2224,2263,2266,2272,2315,2317,2320,2329,2340,2375,2378,2385,2387,2390,2407,2416,2424,2432,2463,2480,2510,2587,2634,2858"
2127,23,0,0,0,0,0,0,1,0,0,0,0,0,0,0,0,0,0,0,0,13,0,0,0.8285714285714286,5.4,0.1534391534391534,15.914285714285716,21.31428571428572,3.6,0.9714285714285714,4.571428571428571,959.7714285714286,135.6,1016.7507931034476,629.3428571428572,17.92,0.21,"2103,2107,2113,2131,2195,2198,2213,2221,2227,2237,2246,2251,2254,2262,2284,2294,2336,2400,2404,2411,2413,2417,2429,2540,2562,2834"
2128,20,0,2,0,0,0,0,4,1,0,0,0,0,0,0,0,0,0,0,0,13,0,0,0.9,5.2,0.173076923076923,17.933333333333334,23.133333333333333,3.0,1.3,4.3,1085.0666666666666,138.03333333333333,847.209555555555,815.4666666666667,13.64,0.54,"2121,2124,2126,2134,2143,2174,2206,2235,2250,2312,2314,2337,2338,2342,2478,2508,2532,2574,2625,2857,2859,2963"
2129,26,0,0,0,0,0,0,1,0,0,0,0,0,0,0,0,0,0,0,0,9,0,0,0.9393939393939394,3.333333333333333,0.2818181818181818,9.787878787878787,13.12121212121212,1.4848484848484849,0.9090909090909092,2.393939393939394,760.5757575757576,96.1818181818182,705.3586129032249,525.4545454545455,9.54,0.35,"2101,2117,2123,2142,2145,2154,2158,2166,2175,2176,2190,2199,2223,2230,2239,2245,2269,2277,2278,2301,2348,2392,2396,2401,2405,2433,2512,2566"
2130,23,0,2,0,0,0,0,1,0,0,0,0,0,0,0,0,0,0,0,0,15,0,0,0.967741935483871,3.129032258064516,0.3092783505154639,9.161290322580646,12.290322580645162,1.5483870967741935,0.6129032258064516,2.161290322580645,714.4516129032259,83.87096774193549,682.7863333333321,363.9032258064516,0.0,0.0,"1466,2105,2125,2187,2192,2198,2201,2238,2241,2244,2255,2299,2311,2322,2353,2408,2423,2534,2580,2830,2832,2833,2855"
2148,18,0,0,0,0,0,0,18,0,0,0,0,0,0,0,0,0,0,0,0,16,0,0,1.0,2.0476190476190474,0.4883720930232558,18.476190476190474,20.52380952380953,0.9047619047619048,0.1428571428571428,1.0476190476190477,727.9047619047619,97.9047619047619,768.7576666666666,452.2857142857143,33.33,0.66,"2104,2125,2127,2131,2165,2166,2212,2219,2221,2225,2237,2240,2252,2258,2285,2294,2340,2341,2382,2386,2392,2396,2398,2400,2511,2512,2566"
2150,19,0,0,0,0,0,0,15,0,0,0,0,0,0,0,0,0,0,0,0,15,0,0,0.8571428571428571,4.809523809523809,0.1782178217821782,11.38095238095238,16.19047619047619,3.095238095238096,0.8571428571428571,3.952380952380953,722.6666666666666,106.66666666666669,627.7438333333333,450.8571428571428,28.0,0.49,"2105,2155,2174,2187,2188,2195,2197,2199,2200,2222,2250,2268,2303,2305,2323,2325,2337,2366,2390,2399,2420,2423,2428,2478,2561"
2152,20,0,3,0,0,0,0,15,0,0,0,0,0,0,0,0,1,0,0,0,19,0,0,0.782608695652174,4.521739130434782,0.173076923076923,10.521739130434783,15.043478260869565,1.826086956521739,1.9130434782608696,3.739130434782609,732.5217391304348,99.91304347826087,854.2092777777771,464.0869565217391,34.62,0.43,"2103,2112,2114,2130,2142,2176,2193,2240,2253,2262,2275,2276,2296,2299,2300,2306,2319,2329,2361,2367,2379,2383,2393,2395,2533,2573"
2153,23,0,3,0,0,0,0,0,0,0,0,0,0,0,0,0,0,0,0,0,23,0,0,0.8076923076923077,3.5,0.2307692307692307,11.307692307692308,14.807692307692308,1.7307692307692308,0.9615384615384616,2.6923076923076925,711.1923076923077,90.15384615384616,708.1739523809517,389.61538461538464,17.96,0.51,"2179,2213,2216,2227,2233,2259,2266,2291,2295,2301,2304,2318,2322,2324,2384,2394,2407,2408,2426,2429,2432,2510,2513,2540,2565,2580"
2301,61,0,0,0,0,0,0,0,0,0,0,0,0,0,0,0,0,0,0,0,51,0,0,0.8522727272727273,2.727272727272727,0.3125,12.272727272727272,15.0,0.8522727272727273,1.0227272727272727,1.875,1314.3863636363635,61.34090909090909,311.8743200000044,407.6590909090909,25.97,0.57,"2812,2817,2819,2848,2880,2937,3595,3956,4399,4518,4624,4636,4645,4647,4671,4678,4689,4709,4714,4715,4717,4732,4749,4752,4758,4762,4776,4777,4818,4826,4829,4830,4832,4835,4837,4840,4848,4863,5014,5090,5500,6124,7106,7116,7138,7139,7142,7148,7149,7167,7170,7178,7192,7203,7510,7564,7568,7595,7601,7607,7608,7636,7644,7654,7682,8164,8171,8180,8182,8183,8229,8230,8232,8233,8237,8314,8391"
2429,16,0,3,1,0,0,0,0,0,0,0,0,0,0,0,0,0,0,0,0,7,0,0,0.8928571428571429,1.25,0.7142857142857143,7.428571428571429,8.678571428571429,0.2857142857142857,0.0714285714285714,0.3571428571428571,223.4642857142857,36.785714285714285,0.0,261.07142857142856,33.33,0.69,"3049,3055,3083,3105,3111,3130,3144,3151,3160,3166,3172,3200,3203,3221,3259,3308,3309,3318,3324,3327,3369,3380,3390,3495"
2432,25,0,0,0,0,0,0,0,0,0,0,0,0,0,0,0,0,0,0,0,10,0,0,0.9523809523809524,1.738095238095238,0.547945205479452,4.761904761904762,6.5,0.6666666666666666,0.119047619047619,0.7857142857142857,234.9047619047619,32.42857142857143,43.26969999999999,184.95238095238096,8.82,0.41,"3048,3071,3075,3076,3081,3087,3092,3107,3113,3122,3125,3129,3142,3159,3171,3175,3176,3180,3181,3196,3214,3267,3305,3320,3322,3328,3330,3331,3376,3386,3387,3394,3434,3480"
2433,18,0,1,0,0,0,0,0,0,0,0,0,0,0,0,0,0,0,0,0,4,0,0,0.8620689655172413,5.275862068965517,0.1633986928104575,12.10344827586207,17.379310344827587,3.827586206896552,0.5862068965517241,4.413793103448276,517.6206896551724,82.82758620689656,14.14956,439.8965517241379,30.77,0.48,"3044,3052,3066,3069,3103,3117,3124,3140,3158,3178,3189,3198,3215,3218,3258,3270,3388,3391,3397,3400,3417,3421,3489,3511,3532,3558"
2434,17,0,1,0,0,0,0,0,0,0,0,0,0,0,0,0,0,0,0,0,8,0,0,0.8888888888888888,2.259259259259259,0.3934426229508196,5.185185185185185,7.444444444444445,0.5925925925925926,0.7777777777777778,1.3703703703703705,208.22222222222223,30.55555555555556,41.72737499999993,193.7037037037037,13.64,0.43,"3050,3068,3073,3080,3085,3101,3106,3156,3161,3173,3179,3190,3192,3216,3304,3321,3323,3385,3444,3451,3498,3508"
2436,20,0,3,0,0,0,0,0,0,0,0,0,0,0,0,0,0,0,0,0,4,0,0,0.7352941176470589,2.8529411764705883,0.2577319587628865,11.823529411764708,14.676470588235292,1.7352941176470589,0.3823529411764705,2.117647058823529,361.3529411764706,57.1764705882353,112.17139999999996,318.0882352941176,34.48,0.38,"3045,3063,3070,3072,3089,3104,3112,3127,3137,3138,3146,3182,3194,3202,3211,3212,3217,3263,3264,3367,3373,3379,3435,3439,3449,3481,3485,3488,3538"
2437,24,0,4,0,0,0,0,0,0,0,0,0,0,0,0,0,0,0,0,0,7,0,0,0.5714285714285714,4.809523809523809,0.1188118811881188,17.571428571428573,22.38095238095238,4.047619047619048,0.1904761904761904,4.238095238095238,688.8571428571429,112.23809523809524,63.77808333333337,367.3571428571428,40.62,0.56,"3030,3051,3053,3054,3057,3065,3067,3093,3098,3100,3119,3132,3133,3149,3155,3163,3169,3170,3193,3197,3199,3205,3207,3219,3255,3317,3389,3401,3440,3441,3476,3531"
2438,16,0,0,0,0,0,0,0,0,0,0,0,0,0,0,0,0,0,0,0,6,0,0,0.8709677419354839,2.5161290322580645,0.3461538461538461,4.67741935483871,7.193548387096774,0.5161290322580645,1.1290322580645162,1.6451612903225807,168.61290322580646,23.193548387096776,23.41766666666666,105.03225806451611,21.74,0.46,"3011,3062,3064,3084,3088,3097,3145,3165,3174,3201,3204,3209,3269,3310,3325,3371,3372,3381,3418,3419,3443,3502,3543"
2452,16,0,0,0,0,0,0,11,7,0,0,0,0,0,0,0,0,0,0,0,10,0,0,0.8846153846153846,4.576923076923077,0.1932773109243697,11.346153846153848,15.923076923076923,3.269230769230769,0.4230769230769231,3.692307692307693,421.0,50.80769230769231,63.33660869565215,256.0,9.52,0.51,"3061,3079,3080,3115,3116,3128,3166,3258,3307,3315,3327,3342,3344,3345,3346,3349,3359,3387,3397,3417,3434"
2456,17,0,0,0,0,0,0,13,0,0,0,0,0,0,0,0,0,0,0,0,9,0,0,0.8571428571428571,2.071428571428572,0.4137931034482758,15.785714285714286,17.857142857142858,0.9285714285714286,0.2857142857142857,1.2142857142857142,616.5357142857143,74.32142857142857,209.66320833333344,526.5,28.57,0.69,"3053,3054,3063,3066,3089,3093,3127,3133,3137,3138,3139,3159,3162,3171,3310,3317,3325,3331,3337,3340,3350,3383,3392,3435,3482,3485,3489,3511"
2460,17,0,2,0,0,0,0,9,0,0,0,0,0,0,0,0,0,0,0,0,13,0,0,0.8846153846153846,3.5,0.2527472527472527,9.5,13.0,2.230769230769231,0.3846153846153846,2.6153846153846154,400.7692307692308,52.69230769230769,184.42317391304337,281.2307692307692,20.0,0.33,"3011,3052,3057,3083,3086,3090,3096,3105,3140,3169,3178,3187,3189,3322,3324,3334,3352,3353,3370,3378,3379,3444,3488,3495,3512"
2487,16,0,0,0,0,1,0,12,0,0,0,0,0,0,0,0,0,0,9,0,12,0,0,0.64,3.8,0.1684210526315789,22.64,26.44,1.6,1.56,3.16,2293.04,247.16,377.5143125000001,2906.48,40.74,0.47,"3048,3063,3068,3069,3070,3087,3088,3101,3111,3148,3190,3192,3207,3208,3211,3215,3230,3233,3242,3245,3313,3334,3337,3341,3395,3447,3561"
2488,17,0,0,0,0,0,0,8,8,0,0,0,0,0,0,0,0,0,0,0,13,0,0,0.7619047619047619,7.523809523809524,0.1012658227848101,24.714285714285715,32.23809523809524,5.809523809523809,0.9523809523809524,6.761904761904762,1479.952380952381,179.95238095238096,0.0,1610.142857142857,41.67,0.56,"1591,3083,3086,3125,3130,3131,3134,3140,3143,3146,3151,3203,3204,3226,3234,3265,3322,3327,3333,3339,3389,3499,3502,3570"
2671,46,0,1,0,0,0,0,0,0,0,0,0,0,0,0,0,0,0,0,0,29,0,0,0.9577464788732394,1.2394366197183098,0.7727272727272727,4.788732394366197,6.028169014084507,0.0704225352112676,0.2112676056338028,0.2816901408450704,308.3380281690141,11.070422535211268,23.20467647058828,82.70422535211267,19.3,0.62,"3615,3710,3729,3730,3737,3759,3813,4552,4625,4626,4631,4663,4673,4721,4737,4836,4864,5664,5668,6119,6262,7103,7104,7111,7123,7133,7137,7201,7563,7565,7566,7570,7602,7603,7606,7609,7615,7616,7620,7639,7647,7660,7665,7704,8160,8161,8184,8186,8189,8190,8191,8235,8243,8245,8251,8308,8395"
2672,62,0,1,0,0,0,0,0,0,0,0,0,0,0,0,0,0,0,0,0,55,0,1,0.913978494623656,2.3118279569892475,0.3953488372093023,7.440860215053763,9.75268817204301,0.5483870967741935,0.8494623655913979,1.3978494623655917,527.0967741935484,24.40860215053764,48.500647058823375,190.11827956989248,15.28,0.55,"3655,3706,3709,3715,3722,3745,3755,3761,3768,3784,3805,4641,4646,4657,4661,4667,4711,4712,4733,4751,4768,4771,4825,4839,4841,4842,4850,5654,5655,5816,6012,7098,7101,7102,7109,7118,7122,7126,7136,7141,7144,7154,7162,7164,7169,7171,7172,7175,7186,7188,7193,7211,7229,7234,7580,7586,7598,7621,7651,7666,7668,8159,8162,8194,8197,8200,8207,8305,8321,8326,8389,8408"
2673,57,0,1,0,0,0,0,0,0,0,0,0,0,0,0,0,0,0,0,0,36,0,0,0.9285714285714286,1.806122448979592,0.5141242937853108,6.63265306122449,8.438775510204081,0.336734693877551,0.5408163265306123,0.8775510204081632,403.4183673469388,19.8061224489796,37.383999999999794,121.90816326530611,19.72,0.54,"1517,1769,2912,3609,3645,3699,3712,3723,3725,3753,3799,3808,4419,4628,4629,4643,4662,4684,4687,4692,4700,4705,4718,4720,4726,4767,4769,4838,4887,5029,5998,6071,6165,7090,7107,7115,7125,7130,7151,7190,7239,7241,7506,7558,7576,7578,7596,7599,7605,7610,7617,7618,7622,7642,7657,7659,7663,7686,7701,8163,8169,8170,8187,8196,8211,8213,8228,8236,8289,8324,8409"
2804,16,0,4,0,0,0,0,0,0,0,0,0,0,0,0,0,0,0,0,0,7,0,0,0.8260869565217391,4.043478260869565,0.2043010752688172,17.82608695652174,21.869565217391305,2.9130434782608696,0.3043478260869565,3.217391304347826,1387.2608695652175,77.08695652173913,44.944157894736726,347.4347826086956,36.36,0.65,"3708,3710,3755,5826,6011,6074,7097,7125,7139,7166,7506,7561,7564,7565,7578,7588,7595,7596,7602,7615,7618,7635"
2826,22,3,3,0,0,0,0,18,0,0,0,0,0,0,0,0,0,0,0,0,17,0,1,0.8421052631578947,4.289473684210527,0.1963190184049079,12.0,16.289473684210527,2.710526315789474,0.7368421052631579,3.4473684210526314,1426.2105263157894,80.55263157894737,140.55037499999898,314.9736842105263,23.08,0.45,"3713,5036,5173,5837,6420,6445,6446,6449,6612,7097,7098,7118,7125,7127,7143,7161,7162,7167,7185,7188,7216,7558,7573,7635,7668,7690"
2827,34,1,4,0,0,0,0,30,0,0,0,0,0,0,0,0,0,0,0,0,24,0,0,0.9111111111111112,2.7111111111111112,0.3360655737704918,10.11111111111111,12.822222222222225,1.1111111111111112,0.6888888888888889,1.8,1209.9555555555555,63.422222222222224,313.1559512195123,383.1555555555556,17.5,0.49,"3705,3709,3784,3798,5138,5628,5687,5815,5816,6338,6359,6363,6410,6420,6423,6426,6432,6474,7124,7130,7132,7136,7146,7148,7151,7154,7164,7174,7190,7204,7239,7565,7568,7577,7583,7588,7595,7599,7626,7685"
2844,25,0,3,0,0,0,0,8,3,0,0,0,0,0,0,0,0,0,0,0,21,0,0,0.9473684210526316,3.1578947368421053,0.3,13.81578947368421,16.973684210526315,1.7105263157894737,0.5,2.210526315789474,1412.421052631579,69.71052631578948,438.63841666666735,317.10526315789474,17.24,0.48,"3694,3710,3855,5036,5090,5687,6080,6345,6411,6423,7107,7112,7116,7130,7132,7136,7144,7162,7163,7180,7216,7564,7586,7595,7608,7650,7671,7673,7748"
2845,58,0,4,0,0,1,0,12,2,0,0,0,0,0,0,0,2,0,0,0,44,0,1,0.891566265060241,5.397590361445783,0.1651785714285714,15.409638554216867,20.80722891566265,3.27710843373494,1.2289156626506024,4.506024096385542,1828.566265060241,89.25301204819277,312.50506756756613,393.7951807228916,18.35,0.33,"5285,5292,5605,5817,6414,6417,6420,6422,7101,7118,7123,7134,7172,7175,7178,7190,7223,7505,7565,7577,7626,7659,8636,8643,8658,8681,8687,8724,8748,8760,8796,8800,8804,8806,8817,9180,9181,9214,9240,9250,9274,9280,9286,9312,9313,9668,9673,9678,9688,9704,9709,9744,9752,9754,9758,9764,9769,9774,9783,9799,9814,9828,9832,9837,9838,9888,9897,9956,9978"
2846,51,0,1,0,0,1,0,7,0,0,0,0,0,0,0,0,3,0,1,0,34,0,2,0.9206349206349206,2.984126984126984,0.3085106382978723,9.904761904761903,12.88888888888889,1.4444444444444444,0.6190476190476191,2.063492063492064,874.6825396825396,37.19047619047619,142.54170689655072,201.36507936507937,14.88,0.45,"3607,3650,3691,3692,3749,3967,5121,5537,6013,6344,6408,6413,7103,7114,7121,7166,7506,7558,7570,7584,7622,8635,8637,8638,8655,8662,8671,8674,8686,8717,8731,8740,8766,8776,8795,8809,9147,9167,9184,9226,9246,9297,9666,9690,9692,9759,9775,9776,9796,9798,9811,9827,9829,9889,9940,9958"
2847,68,0,1,0,0,0,0,10,0,0,0,0,0,0,0,0,3,0,0,0,47,0,2,0.9302325581395348,2.186046511627907,0.425531914893617,7.755813953488372,9.94186046511628,0.7209302325581395,0.5348837209302325,1.255813953488372,813.0813953488372,36.61627906976744,197.9235499999988,147.93023255813952,17.5,0.5,"1380,3645,3698,3704,3716,3754,3759,3798,4494,5133,5647,6011,6086,6303,6351,6359,6406,6410,6415,6418,6453,6541,7119,7148,7158,7161,7167,7181,7188,7196,7204,7571,7580,7611,7620,7648,7690,8169,8188,8237,8323,8409,8412,8639,8640,8656,8668,8716,8722,8729,8741,8744,8758,8785,9131,9162,9163,9168,9178,9211,9212,9216,9232,9267,9662,9663,9680,9685,9700,9733,9735,9772,9781,9782,9786,9802,9821,9824,9834,9895"
2849,18,1,1,0,0,0,0,8,3,0,0,0,0,0,0,0,1,0,0,0,15,0,0,1.0,2.257142857142857,0.4430379746835443,12.085714285714284,14.342857142857143,0.9142857142857144,0.3428571428571428,1.2571428571428571,1188.9714285714283,57.54285714285714,248.18977142856923,182.82857142857145,5.26,0.4,"2964,3745,5655,7106,7137,7142,7164,7165,7171,7561,7566,7576,7594,7599,7602,7605,7615,7635,7647"
2851,25,0,6,0,0,0,0,13,4,0,0,0,0,0,0,0,1,0,0,0,18,0,0,0.8205128205128205,2.923076923076923,0.2807017543859649,17.94871794871795,20.871794871794872,1.6666666666666667,0.4358974358974359,2.102564102564102,1350.7435897435898,97.66666666666669,127.761906249999,406.12820512820514,22.64,0.41,"3595,3652,3705,3706,3707,3750,3751,3776,5664,5998,6130,7102,7105,7125,7131,7138,7169,7176,7195,7563,7578,7579,7593,7598,7606,7618,7658,7668"
2852,17,0,3,0,0,0,0,3,2,0,0,0,0,0,0,0,0,0,0,0,13,0,0,0.8055555555555556,3.4444444444444446,0.2338709677419354,10.75,14.194444444444445,2.0,0.6388888888888888,2.638888888888889,1653.7222222222222,89.25,582.527965517243,309.75,20.0,0.42,"3657,3699,3709,3753,3778,7097,7122,7128,7143,7159,7174,7177,7239,7583,7589,7603,7628,7653,7660,7665"
2853,18,0,2,0,1,0,0,6,2,0,0,0,0,0,0,0,0,0,0,0,14,0,0,0.896551724137931,2.3448275862068964,0.3823529411764705,17.586206896551722,19.93103448275862,1.0,0.4482758620689655,1.4482758620689655,1351.103448275862,77.79310344827586,291.4131153846123,379.8965517241379,14.05,0.65,"2912,3658,3746,5029,7098,7108,7124,7139,7146,7160,7192,7229,7502,7575,7592,7616,7617,7651,7663"
2918,23,0,4,2,0,0,0,0,0,0,0,0,0,0,0,0,0,0,0,0,8,0,0,0.6129032258064516,8.193548387096774,0.0748031496062992,18.870967741935484,27.06451612903226,4.451612903225806,3.129032258064516,7.580645161290323,646.7096774193549,101.6774193548387,0.0,505.3225806451613,44.83,0.77,"3986,4014,4031,4032,4040,4048,4082,4097,4107,4143,4153,4162,4185,4191,4208,4211,4214,4223,4232,4238,4326,4357,4358,4368,4369,4377,4378,4410,4422"
2919,26,0,1,1,0,0,0,0,0,0,0,0,0,0,0,0,0,0,0,0,24,0,0,0.8064516129032258,2.4516129032258065,0.3289473684210526,4.870967741935484,7.32258064516129,1.1290322580645162,0.5161290322580645,1.6451612903225807,298.51612903225805,31.32258064516129,63.71035999999998,129.4193548387097,20.0,0.52,"3989,3999,4001,4023,4024,4034,4044,4046,4104,4112,4117,4147,4163,4165,4171,4207,4224,4226,4230,4244,4316,4330,4344,4359,4371,4375,4424,4443,4444,4460"
2920,26,0,4,0,1,0,0,0,0,0,0,0,0,0,0,0,0,0,0,0,15,0,0,0.6857142857142857,9.142857142857142,0.075,21.942857142857143,31.085714285714285,4.342857142857143,4.114285714285714,8.457142857142857,706.0,107.62857142857143,42.30666666666665,598.8285714285714,41.94,0.64,"3987,3992,3994,4009,4058,4066,4072,4073,4080,4085,4123,4134,4135,4136,4150,4168,4175,4184,4189,4209,4240,4322,4347,4349,4351,4366,4367,4381,4461,4463,4466"
2921,27,0,1,0,0,0,0,0,0,0,0,0,0,0,0,0,0,0,0,0,10,0,0,0.6666666666666666,7.333333333333333,0.0909090909090909,14.61111111111111,21.944444444444443,3.9722222222222223,2.6944444444444446,6.666666666666667,585.8888888888889,77.19444444444444,92.59129166666666,392.94444444444446,36.11,0.62,"4003,4011,4017,4039,4057,4062,4109,4118,4119,4120,4130,4138,4139,4151,4154,4166,4176,4183,4186,4202,4205,4245,4271,4320,4339,4342,4348,4353,4372,4431,4432,4446,4472,4476,4483,4491"
2922,16,0,0,0,0,0,0,0,0,0,0,0,0,0,0,0,0,0,0,0,15,0,0,0.7142857142857143,4.285714285714286,0.1666666666666666,20.61904761904762,24.904761904761905,1.1428571428571428,2.4285714285714284,3.571428571428572,500.1904761904762,73.85714285714286,67.4607333333333,341.8095238095238,48.15,0.83,"4006,4008,4019,4022,4059,4067,4078,4083,4086,4149,4188,4193,4210,4213,4221,4231,4235,4237,4337,4354,4355,4370,4374,4379,4428,4469,4478"
2924,22,0,2,1,1,0,0,0,0,0,0,0,0,0,0,0,0,0,0,0,21,0,0,0.8,3.422222222222222,0.2337662337662337,9.466666666666669,12.88888888888889,1.5777777777777775,1.0444444444444445,2.6222222222222222,303.24444444444447,39.37777777777778,58.44119444444425,167.64444444444445,27.59,0.61,"4013,4047,4065,4099,4108,4110,4125,4128,4133,4137,4140,4145,4148,4155,4173,4174,4177,4179,4227,4239,4254,4334,4363,4376,4413,4414,4470,4477,4482"
2925,17,0,3,1,0,0,0,0,0,0,0,0,0,0,0,0,0,0,0,0,11,0,0,0.625,5.25,0.119047619047619,16.666666666666668,21.916666666666668,2.0416666666666665,2.583333333333333,4.625,413.25,65.625,156.26533333333322,211.91666666666663,50.0,0.78,"3995,3997,4005,4016,4029,4042,4061,4069,4077,4079,4116,4124,4131,4172,4190,4195,4218,4225,4234,4246,4312,4327,4328,4352,4385,4465"
2926,18,0,2,0,0,0,0,0,0,0,0,0,0,0,0,0,0,0,0,0,9,0,0,0.6086956521739131,6.130434782608695,0.0992907801418439,13.26086956521739,19.39130434782609,4.478260869565218,1.0434782608695652,5.521739130434782,530.695652173913,70.3913043478261,74.58385714285714,289.0,50.0,0.79,"3988,4000,4004,4028,4043,4050,4060,4071,4076,4081,4129,4146,4198,4203,4215,4216,4219,4228,4229,4272,4305,4345,4362,4380,4384,4427"
2927,33,0,6,0,0,0,0,0,0,0,0,0,0,0,0,0,0,0,0,0,12,0,1,0.7804878048780488,6.121951219512195,0.1274900398406374,11.804878048780488,17.926829268292682,2.8292682926829267,2.5121951219512195,5.341463414634147,450.390243902439,72.4390243902439,101.78590624999993,277.9024390243902,27.5,0.72,"3473,3858,3985,3993,3998,4002,4010,4015,4021,4026,4033,4037,4038,4041,4054,4063,4075,4106,4113,4114,4126,4127,4152,4161,4170,4182,4194,4201,4206,4212,4233,4236,4308,4311,4319,4336,4343,4383,4429,4445"
2930,23,0,1,0,0,0,0,0,0,0,0,0,0,0,0,0,0,0,0,0,23,0,0,0.8064516129032258,3.838709677419355,0.2100840336134453,14.419354838709678,18.258064516129032,1.5483870967741935,1.4838709677419355,3.032258064516129,543.0322580645161,77.19354838709677,100.25155999999984,236.51612903225808,23.33,0.72,"4029,4046,4048,4062,4066,4086,4097,4103,4108,4122,4125,4129,4133,4145,4148,4159,4202,4207,4213,4215,4218,4224,4229,4245,4272,4334,4336,4424,4465,4483"
2931,20,0,0,0,1,0,0,0,0,0,0,0,0,0,0,0,0,0,0,0,18,0,0,1.0,4.5,0.2222222222222222,13.409090909090908,17.90909090909091,1.0909090909090908,2.409090909090909,3.5,282.0,45.04545454545455,26.71540909090908,210.72727272727272,13.04,0.59,"4017,4036,4037,4040,4054,4077,4080,4081,4104,4120,4137,4138,4144,4149,4153,4206,4214,4230,4304,4319,4339,4461,4477"
2932,18,0,2,1,0,0,0,0,0,0,0,0,0,0,0,0,0,0,0,0,17,0,1,0.8695652173913043,3.608695652173913,0.2409638554216867,11.652173913043478,15.26086956521739,2.0434782608695654,0.6956521739130435,2.739130434782609,432.39130434782606,64.56521739130434,26.341899999999992,233.5217391304348,20.0,0.7,"4023,4065,4071,4073,4075,4099,4105,4109,4131,4134,4143,4147,4151,4162,4203,4234,4238,4240,4316,4327"
2966,23,0,2,0,0,0,0,2,0,0,0,0,0,0,0,0,0,0,0,0,11,0,0,0.7878787878787878,7.151515151515151,0.1101694915254237,14.030303030303031,21.181818181818183,3.515151515151515,2.8484848484848486,6.363636363636363,710.3636363636364,92.87878787878788,163.68269230769226,396.1515151515151,35.48,0.67,"3994,4001,4011,4021,4023,4070,4071,4081,4101,4122,4171,4181,4188,4199,4212,4225,4227,4228,4236,4264,4322,4347,4375,4376,4377,4383,4384,4446,4470,4477,4491"
2967,34,0,4,0,0,5,0,8,0,0,1,0,0,0,0,0,0,0,0,0,19,0,0,0.723404255319149,6.212765957446808,0.1164383561643835,18.659574468085108,24.87234042553192,3.276595744680851,2.2127659574468086,5.48936170212766,1199.872340425532,99.8936170212766,263.5731176470585,446.9574468085106,34.15,0.72,"2912,3988,3995,4027,4032,4034,4065,4085,4106,4124,4136,4140,4148,4153,4162,4174,4202,4211,4240,4246,4326,4330,4336,4352,4367,4385,4424,4428,4431,4461,4471,4480,7239,7583,7584,7595,7601,7611,7617,7668,7742"
2968,76,0,10,0,0,0,0,14,0,0,0,0,0,0,0,0,0,0,0,0,39,0,1,0.7927927927927928,2.8828828828828827,0.275,12.36036036036036,15.243243243243244,0.7297297297297297,1.3603603603603605,2.09009009009009,1462.027027027027,97.91891891891892,208.5136250000008,406.84684684684686,32.35,0.63,"3985,4002,4009,4016,4017,4047,4054,4076,4105,4151,4154,4155,4160,4179,4182,4183,4193,4194,4198,4210,4230,4232,4254,4310,4316,4337,4344,4345,4362,4382,4444,4476,4500,7502,7568,7569,7570,7586,7596,7598,7599,7600,7603,7610,7620,7635,7659,7663,7671,7672,7693,7702,8158,8168,8237,8314,8324,8408,8633,8640,8648,8688,8728,8749,8755,8771,8778,8789,8798,8801,8830,8834,8889,9158,9178,9179,9186,9195,9216,9236,9240,9243,9254,9279,9301,9664,9668,9675,9676,9681,9742,9746,9770,9775,9807,9828,9840,9876,9890,9928,9953,9958"
2970,31,0,0,0,0,0,0,1,0,0,0,0,0,0,0,0,0,0,0,0,26,0,0,0.7674418604651163,3.72093023255814,0.20625,16.790697674418606,20.511627906976745,2.186046511627907,0.7674418604651163,2.953488372093023,891.5348837209302,85.16279069767442,158.34475757575672,327.2093023255814,35.9,0.8,"1366,3473,3987,4003,4033,4043,4066,4067,4086,4123,4128,4131,4132,4134,4143,4161,4165,4180,4189,4203,4206,4239,4271,4304,4349,4357,4363,4366,4413,4427,4479,7566,7575,7576,7580,7626,7673,7704,7748"
2971,21,0,3,0,0,0,0,0,0,0,0,0,0,0,0,0,0,0,0,0,16,0,0,0.8260869565217391,7.304347826086956,0.1130952380952381,13.73913043478261,21.043478260869566,5.0,1.4782608695652173,6.478260869565218,562.7391304347826,73.95652173913044,138.1354210526316,325.0434782608696,32.14,0.81,"3986,4012,4026,4029,4039,4040,4045,4059,4062,4078,4082,4097,4121,4127,4145,4157,4159,4177,4244,4265,4320,4339,4365,4380,4389,4433,4487,4488"
2972,30,0,0,0,0,0,0,1,0,0,0,0,0,0,0,0,0,0,0,0,25,0,2,0.8974358974358975,3.7948717948717934,0.2364864864864864,10.384615384615383,14.17948717948718,1.9743589743589745,0.9230769230769232,2.8974358974358974,728.6923076923077,68.1025641025641,276.4126000000003,240.89743589743588,14.71,0.59,"3546,3595,3998,4015,4028,4050,4058,4079,4099,4109,4113,4135,4139,4144,4152,4187,4245,4267,4305,4327,4348,4422,4432,4463,4466,4529,7565,7582,7588,7613,7616,7628,7657,7682"
2973,44,0,3,0,0,0,0,1,0,0,0,0,0,0,0,0,0,0,0,0,40,0,0,0.7833333333333333,8.45,0.0927021696252465,17.883333333333333,26.33333333333333,6.9,0.7666666666666667,7.666666666666667,919.85,92.65,134.84310638297856,365.65,26.92,0.62,"3858,3989,3997,4004,4005,4007,4013,4022,4038,4057,4060,4077,4098,4112,4118,4126,4137,4138,4146,4168,4170,4172,4175,4178,4191,4205,4223,4224,4226,4229,4235,4266,4342,4351,4359,4414,4485,4505,4515,7563,7577,7579,7593,7594,7605,7606,7608,7612,7615,7624,7625,7697"
2974,23,0,3,0,0,0,0,1,0,0,0,0,0,0,0,0,0,0,0,0,8,0,0,0.7307692307692307,6.6923076923076925,0.1091954022988505,14.384615384615383,21.07692307692308,2.8076923076923075,3.1538461538461537,5.961538461538462,842.6153846153846,116.92307692307692,248.24715789473663,328.96153846153845,43.33,0.82,"3999,4037,4046,4049,4083,4120,4125,4129,4163,4184,4186,4192,4207,4208,4214,4237,4258,4286,4308,4350,4354,4369,4370,4378,4379,4387,4443,4469,4472,4481"
2975,17,0,2,0,0,0,0,0,0,0,0,0,0,0,0,0,0,0,0,0,6,0,0,0.7741935483870968,6.67741935483871,0.1159420289855072,11.741935483870968,18.41935483870968,3.548387096774193,2.3548387096774195,5.903225806451613,684.7096774193549,86.93548387096774,190.1499166666666,339.48387096774195,44.44,0.66,"3992,3993,4010,4014,4042,4102,4108,4119,4149,4166,4176,4190,4213,4216,4219,4221,4233,4261,4312,4321,4355,4358,4368,4373,4381,4445,4496"
3031,56,0,0,0,0,0,0,36,25,0,0,0,0,0,0,0,0,0,0,0,53,0,0,0.9444444444444444,2.430555555555556,0.3885714285714285,9.125,11.555555555555555,1.0694444444444444,0.4166666666666667,1.4861111111111112,522.7222222222222,35.06944444444444,71.2486617647064,147.94444444444446,19.9,0.6,"3590,3609,3987,3988,3995,4011,4012,4026,4032,4041,4060,4097,4098,4103,4112,4116,4118,4122,4129,4135,4148,4153,4183,4184,4187,4198,4228,4234,4271,4272,4305,4322,4339,4342,4351,4352,4479,5167,5173,5817,5839,6262,6340,6393,6420,6427,6439,6466,6484,7217,8168,8172,8188,8189,8197,8412,8638,8669,8675,8725,8727,8733,8734,8772,8791,8809,8889"
3032,43,0,0,0,2,0,0,24,23,0,0,0,0,0,0,0,0,0,0,0,40,0,0,0.9423076923076924,3.3653846153846154,0.28,11.826923076923077,15.192307692307692,1.4807692307692308,0.9423076923076924,2.423076923076923,1021.2692307692308,58.05769230769231,142.03493877550932,245.92307692307693,25.0,0.71,"4003,4004,4044,4066,4108,4128,4131,4138,4149,4154,4174,4191,4206,4209,4210,4212,4213,4224,4226,4239,4244,4267,4286,4345,4380,4382,4387,4432,4443,4444,4496,5285,5815,6356,6364,6393,6412,6461,6485,8637,8646,8717,8728,8738,8743,8747,8748,8750,8756,8767,8777,8793,8804,8820,8834,8887"
3033,49,0,0,0,0,1,0,4,0,0,0,0,0,0,0,0,0,0,0,0,45,0,1,0.9032258064516128,2.903225806451613,0.3111111111111111,12.03225806451613,14.935483870967742,1.467741935483871,0.532258064516129,2.0,801.3064516129032,45.064516129032256,28.015339285714244,230.48387096774192,14.55,0.47,"3454,3997,3999,4005,4007,4008,4039,4057,4105,4106,4119,4125,4136,4139,4155,4163,4185,4188,4202,4211,4369,4502,5737,8159,8160,8167,8182,8184,8185,8210,8213,8217,8227,8236,8251,8321,8633,8636,8643,8648,8654,8656,8665,8676,8677,8720,8721,8749,8755,8760,8771,8782,8800,8805,8877"
3034,16,0,1,0,0,1,0,7,0,0,0,0,0,0,0,0,0,0,0,0,15,0,1,0.7916666666666666,7.541666666666667,0.1049723756906077,21.83333333333333,29.375,1.5416666666666667,5.208333333333333,6.75,1265.8333333333333,93.29166666666669,437.217842105262,538.25,50.0,0.72,"3858,3998,4013,4016,4024,4082,4127,4159,4173,4199,4203,4214,4216,4227,4235,4413,4485,5038,5133,6349,6354,6360,6381,6390,6414,6425,6436,6456,6481,6533"
3035,25,0,0,0,0,2,0,10,0,0,0,0,0,0,0,0,0,0,0,0,25,0,0,0.8571428571428571,3.571428571428572,0.24,21.057142857142857,24.62857142857143,1.5714285714285714,1.1428571428571428,2.7142857142857144,1561.571428571429,105.85714285714286,183.66643333333272,857.8,40.0,0.75,"3986,4001,4002,4017,4033,4059,4061,4109,4113,4146,4160,4182,4190,4219,4229,4266,4304,4363,4424,4431,4476,4487,5308,6338,6342,6367,6444,6446,6541,6549,8634,8661,8662,8673,8681,8686,8726,8730,8741,8753"
3036,45,2,0,0,0,1,0,33,0,0,1,0,0,0,0,0,0,0,0,0,43,0,2,0.9298245614035088,2.456140350877193,0.3785714285714285,7.771929824561403,10.228070175438596,0.8596491228070176,0.6666666666666666,1.5263157894736843,684.719298245614,34.70175438596491,87.38903773584845,127.59649122807018,16.67,0.57,"3615,4014,4023,4058,4062,4101,4102,4130,4143,4144,4152,4166,4175,4232,4237,4282,4350,4355,4366,4367,4372,4389,4478,4500,4501,6092,6338,6386,6436,8183,8191,8204,8228,8290,8300,8308,8326,8403,8414,8635,8659,8664,8667,8679,8685,8716,8722,8724,8731,8736,8752,8759,8787,8789"
3037,45,2,1,0,1,2,0,33,0,0,1,0,0,0,0,0,0,0,0,0,41,0,0,0.9420289855072465,1.9275362318840576,0.4887218045112781,6.565217391304348,8.492753623188406,0.4782608695652174,0.5072463768115942,0.9855072463768116,539.8985507246376,29.10144927536232,98.38026153846104,132.36231884057972,20.0,0.6,"4031,4050,4085,4099,4120,4207,4223,4245,4375,4377,4383,4384,4477,4480,5012,5138,5285,5537,6110,6132,6338,6354,6359,6360,6376,6382,6386,6401,6411,6432,6443,6462,6485,8158,8170,8235,8248,8331,8629,8641,8645,8668,8687,8689,8715,8735,8754,8762,8776,8783,8788,8790,8801,8810,8835"
3038,44,0,2,0,4,1,0,20,0,0,0,0,0,0,0,0,0,0,0,0,34,0,3,0.7741935483870968,3.645161290322581,0.2123893805309734,17.35483870967742,21.0,1.7419354838709675,1.1290322580645162,2.870967741935484,929.4354838709676,50.61290322580645,139.6210000000008,320.96774193548384,31.0,0.66,"2647,3413,3994,4009,4028,4037,4054,4126,4137,4145,4172,4193,4236,4258,4336,4385,4429,4461,4469,4481,4488,4505,4552,5210,5812,6151,6351,6388,6404,6432,6433,6612,8163,8164,8169,8171,8190,8196,8244,8247,8289,8323,8632,8639,8647,8723,8732,8745,8758,8764,8785,8786,8795,8806,8819,8828,8830"
3039,27,0,2,0,0,2,0,5,0,0,0,0,0,0,0,0,0,0,0,0,24,0,0,0.6363636363636364,6.515151515151516,0.0976744186046511,23.181818181818183,29.69696969696969,4.121212121212121,1.7575757575757576,5.878787878787879,1581.6666666666667,141.3030303030303,322.9729047619051,744.030303030303,49.15,0.27,"3473,4027,4083,4121,4123,4132,4151,4162,4171,4176,4208,4225,4230,4233,4246,4264,4337,4347,4362,4376,4381,4414,4422,4463,4470,4472,4491,5023,6336,6345,6386,6415,6424,6427,6429,6431,6447,6455,6464,6531"
3041,54,0,0,0,0,0,0,8,0,0,0,0,0,0,0,0,0,0,0,0,45,0,0,0.8472222222222222,3.083333333333333,0.2747747747747748,12.805555555555555,15.88888888888889,1.7361111111111112,0.5,2.236111111111111,740.4027777777778,45.11111111111112,108.43950819672123,290.4166666666667,26.56,0.64,"1366,3108,3546,3956,3985,3989,4000,4040,4042,4065,4073,4078,4079,4124,4134,4140,4157,4161,4168,4178,4179,4205,4261,4327,4334,4354,4357,4358,4433,4446,4483,5038,5457,5646,6349,6423,6425,6433,6435,7223,8180,8186,8187,8192,8193,8195,8211,8237,8305,8409,8651,8658,8666,8670,8729,8739,8744,8746,8779,8792,8797,8816,8876,8918"
3058,16,0,0,0,0,0,0,10,3,0,0,0,0,0,0,0,0,0,0,0,6,0,0,0.9444444444444444,2.333333333333333,0.4047619047619047,13.166666666666666,15.5,1.0555555555555556,0.3333333333333333,1.3888888888888888,844.7777777777778,61.22222222222222,195.29970588235167,599.0,5.88,0.34,"4057,4059,4082,4108,4304,4334,4433,5036,5473,5835,6340,6394,6418,6422,6445,6457,6474"
3062,19,0,1,0,0,2,0,7,0,0,1,0,0,0,0,0,0,0,0,0,14,0,0,0.7,10.8,0.0648148148148148,16.9,27.7,8.9,1.2,10.1,1593.05,207.0,647.0022857142847,702.65,33.33,0.55,"3995,4013,4032,4132,4150,4159,4171,4208,4212,4214,4225,4232,4239,4337,4373,4377,4382,4413,4461,4470,4491"
3063,26,0,4,0,0,2,0,13,2,0,0,0,0,0,0,0,0,0,0,0,22,0,0,0.6774193548387096,3.935483870967742,0.1721311475409836,24.225806451612904,28.161290322580644,2.3870967741935485,0.8709677419354839,3.2580645161290325,1594.7096774193549,207.5483870967742,366.6171904761911,1137.6774193548388,38.71,0.66,"3988,3989,3993,3994,4004,4006,4012,4016,4028,4041,4044,4137,4145,4154,4160,4163,4178,4190,4193,4198,4207,4233,4235,4244,4339,4367,4380,4384,4446,4463,4477"
3068,16,0,1,0,0,2,0,11,0,0,0,0,0,0,0,0,0,0,5,0,12,0,1,0.5263157894736842,8.789473684210526,0.059880239520958,28.63157894736842,37.42105263157895,6.315789473684211,1.947368421052632,8.263157894736842,2009.7894736842104,263.89473684210526,59.27509999999967,1123.8947368421052,60.87,0.69,"3999,4003,4023,4027,4040,4123,4149,4151,4188,4189,4199,4219,4224,4230,4234,4236,4349,4352,4381,4410,4480,4483,4501"
3069,18,0,1,1,0,3,0,6,1,0,0,0,0,0,0,0,0,0,0,0,10,0,0,0.5652173913043478,8.26086956521739,0.0684210526315789,27.217391304347824,35.47826086956522,5.478260869565218,2.217391304347826,7.695652173913044,1361.4782608695652,180.2608695652174,537.013538461538,917.4782608695652,53.85,0.71,"3858,4000,4007,4011,4033,4042,4126,4134,4136,4138,4152,4165,4211,4216,4246,4312,4342,4348,4354,4357,4369,4431,4460,4464,4478,4496"
3089,21,1,2,0,0,0,0,10,0,0,0,0,0,0,0,0,0,0,0,0,16,0,0,0.7916666666666666,4.833333333333333,0.1637931034482758,30.58333333333333,35.416666666666664,3.375,0.6666666666666666,4.041666666666667,1030.0,117.79166666666669,122.6532631578948,1025.25,38.9,0.72,"4001,4004,4009,4029,4101,4104,4105,4129,4140,4145,4149,4152,4172,4178,4181,4192,4205,4216,4233,4237,4258,4266,4267,4271,4312,4369,4375,4461,4463,4476"
3124,24,0,4,0,0,0,0,1,0,0,0,0,0,0,0,0,0,0,0,0,21,0,0,0.7297297297297297,5.1891891891891895,0.140625,13.16216216216216,18.35135135135135,1.837837837837838,2.621621621621621,4.45945945945946,777.918918918919,64.43243243243244,125.81203703703676,313.7567567567568,43.83,0.53,"4013,4014,4024,4118,4124,4126,4139,4151,4177,4187,4188,4199,4219,4227,4237,4330,4349,4363,4375,4380,4477,4481,6024,7105,7106,7112,7123,7127,7134,7142,7146,7165,7171,7172,7186"
3134,18,0,2,0,0,0,0,0,0,0,0,0,0,0,0,0,0,0,0,0,15,0,0,0.7083333333333334,4.875,0.1452991452991453,15.416666666666666,20.291666666666668,2.1666666666666665,2.0,4.166666666666667,891.0,77.5,133.34217647058642,408.9166666666667,48.28,0.69,"3546,3989,4000,4027,4099,4108,4129,4135,4143,4166,4176,4185,4211,4213,4246,4258,4267,4339,4427,4476,4478,4487,4496,5179,5817,6356,6360,6427,6466"
3136,21,0,2,0,0,0,0,0,0,0,0,0,0,0,0,0,0,0,0,0,21,0,0,0.8055555555555556,5.055555555555555,0.1593406593406593,9.055555555555555,14.11111111111111,1.0833333333333333,3.1666666666666665,4.25,893.3333333333334,66.58333333333333,290.08386206896506,217.25,36.36,0.58,"3858,3988,3997,4001,4011,4026,4120,4136,4163,4210,4229,4266,4327,4351,4358,4372,4384,6080,7114,7116,7119,7122,7131,7132,7159,7161,7162,7163,7167,7169,7178,7195,7196"
3137,20,0,3,0,0,0,0,1,0,0,0,0,0,0,0,0,0,0,0,0,20,0,0,0.65625,4.09375,0.1603053435114503,17.3125,21.40625,2.0,1.4375,3.4375,1342.4375,83.375,198.82876190475977,520.0625,56.76,0.64,"4032,4085,4122,4155,4161,4165,4170,4181,4189,4192,4206,4214,4216,4223,4224,4378,4379,4387,4422,4424,4461,5008,5012,5664,5668,6363,6432,7111,7125,7126,7136,7138,7148,7164,7166,7177,7185"
3138,16,0,4,0,0,0,0,0,0,0,0,0,0,0,0,0,0,0,0,0,10,0,0,0.8181818181818182,7.363636363636363,0.1111111111111111,22.27272727272728,29.63636363636364,5.727272727272728,0.8181818181818182,6.545454545454546,1326.4545454545455,113.13636363636364,327.6746666666688,693.9545454545455,40.29,0.5,"4005,4012,4031,4033,4050,4066,4101,4105,4114,4159,4160,4173,4178,4180,4208,4342,4366,4369,4385,4389,4413,5173,6435,6549"
3139,16,0,3,0,0,0,0,1,0,0,0,0,0,0,0,0,0,0,0,0,14,0,0,0.7083333333333334,3.625,0.1954022988505747,23.291666666666668,26.916666666666668,1.7916666666666667,1.125,2.9166666666666665,971.25,117.79166666666669,164.3569411764706,483.7916666666667,45.83,0.71,"3473,4008,4041,4079,4082,4083,4106,4134,4144,4145,4171,4174,4175,4182,4194,4228,4230,4236,4240,4322,4444,5167,6362,6425"
3141,30,0,2,0,0,0,0,2,0,0,0,0,0,0,0,0,1,0,0,0,25,0,0,0.782608695652174,4.3478260869565215,0.18,15.869565217391305,20.217391304347824,2.630434782608696,0.9347826086956522,3.565217391304348,1005.5217391304348,73.80434782608695,197.21222222222173,519.0217391304348,35.0,0.53,"3995,4004,4103,4113,4125,4131,4146,4152,4183,4191,4212,4244,4337,4347,4352,4354,4370,5041,5655,5998,6011,6086,6358,6453,6464,7128,7130,7137,7139,7143,7144,7160,7176,7180,7181,7188,7190,7192,7204,7216"
3176,26,0,3,0,0,3,0,10,1,0,0,0,0,0,0,0,1,0,1,0,15,0,0,0.7941176470588235,2.235294117647059,0.3552631578947368,13.5,15.735294117647058,0.9411764705882352,0.5,1.4411764705882353,1269.3235294117646,98.61764705882354,165.7319259259258,698.7058823529412,37.14,0.53,"3995,4009,4033,4057,4080,4124,4132,4163,4172,4198,4202,4208,4211,4212,4216,4230,4266,4322,4357,4389,4413,4461,4480,5285,5837,5839,6172,6354,6360,6408,6415,6420,6423,6425,6466"
3180,22,0,3,0,0,0,0,22,0,0,0,0,0,0,0,0,0,0,0,0,15,0,0,0.825,2.5,0.33,11.7,14.2,0.725,0.95,1.675,904.45,61.725,128.28299999999976,289.025,26.67,0.43,"4013,4039,4079,4102,4104,4125,4138,4145,4151,4157,4189,4199,4229,4236,4380,4487,5121,5133,6340,6351,6406,6414,6417,6420,6422,6427,6445,6455,6457,6466"
3181,19,0,3,0,0,0,0,9,0,0,0,0,0,0,0,0,0,0,0,0,15,0,1,0.8571428571428571,4.0,0.2142857142857142,14.761904761904765,18.761904761904763,2.4761904761904763,0.6666666666666666,3.142857142857143,1648.6666666666667,112.04761904761904,150.2464444444445,835.8571428571429,34.62,0.6,"1366,3987,3997,4032,4103,4105,4108,4128,4129,4131,4146,4159,4173,4175,4206,4339,5036,5285,5812,5817,6344,6351,6356,6394,6434,6461"
3183,19,0,2,0,0,0,0,0,0,0,0,0,0,0,0,0,1,0,0,0,16,0,0,0.625,3.5,0.1785714285714285,29.33333333333333,32.833333333333336,1.75,1.125,2.875,946.875,120.54166666666669,271.1323999999998,494.875,58.33,0.46,"3988,3998,4004,4026,4041,4044,4061,4082,4109,4119,4120,4136,4137,4143,4149,4160,4171,4179,4194,4210,4312,4337,4345,4366,4384,4444,4463,4469,4470,4478,5647,5815,6360,6433,6488,6499"
3309,38,0,2,0,0,0,0,0,0,0,0,0,0,0,0,0,0,0,0,0,16,0,0,0.8656716417910447,5.417910447761194,0.1597796143250688,24.85074626865672,30.26865671641791,1.9701492537313432,2.582089552238806,4.552238805970149,2243.0,130.59701492537314,106.05387931034406,537.4925373134329,17.78,0.51,"2912,4625,4636,4637,4666,4668,4669,4681,4684,4709,4712,4719,4731,4737,4739,4757,4765,4770,4781,4850,4858,5500,5816,7105,7130,7132,7136,7140,7149,7162,7165,7172,7192,7211,7502,7571,7584,7588,7596,7602,7616,7617,7622,7642,7650"
3368,26,0,0,0,0,0,0,3,0,0,0,0,0,0,0,0,0,0,0,0,9,0,0,0.9411764705882352,2.823529411764706,0.3333333333333333,15.117647058823527,17.941176470588236,0.7647058823529411,1.1176470588235294,1.8823529411764703,1486.8235294117646,84.05882352941177,98.22924999999913,340.11764705882354,7.14,0.27,"4672,4679,4681,4730,4731,5090,5655,5664,6071,6124,7101,7105,7127,7139,7166,7205,7237,7248,8181,8187,8192,8227,8247,8248,8305,8321,8323,8415"
3371,24,0,1,0,0,0,0,2,0,0,0,0,0,0,0,0,0,0,0,0,14,0,0,0.8780487804878049,2.926829268292683,0.3,15.073170731707316,18.0,1.1219512195121952,0.926829268292683,2.048780487804878,1485.4878048780488,74.63414634146342,146.16913888888757,278.9512195121951,20.0,0.5,"3964,4687,4688,4733,4875,6080,7106,7108,7109,7124,7128,7136,7148,7164,7169,7171,7174,7181,7188,7192,7234,8164,8189,8193,8194,8228,8245,8308,8389,8414"
3383,21,0,0,0,0,0,0,1,0,0,0,0,0,0,0,0,0,0,0,0,10,0,0,0.868421052631579,4.947368421052632,0.175531914893617,11.921052631578949,16.86842105263158,2.1578947368421053,1.921052631578948,4.078947368421052,1170.7631578947369,49.44736842105263,208.52884848484828,176.92105263157896,13.04,0.44,"4666,4675,4682,4684,4706,4738,5816,5998,6086,6157,7103,7114,7116,7159,7167,7185,7186,7193,7194,8186,8188,8190,8197"
3384,20,0,1,0,0,0,0,5,0,0,0,0,0,0,0,0,0,0,0,0,14,0,1,0.9032258064516128,3.6774193548387095,0.2456140350877192,17.741935483870968,21.41935483870968,2.032258064516129,0.7419354838709677,2.774193548387097,1751.3870967741937,90.35483870967742,260.86210714285625,305.3225806451613,21.74,0.3,"4670,4678,4696,4712,4715,4732,4857,6074,6092,7121,7132,7138,7172,7175,7177,8159,8201,8204,8207,8237,8324,8325,8327"
3385,18,0,0,0,0,0,0,0,0,0,0,0,0,0,0,0,0,0,0,0,8,0,0,0.8823529411764706,2.911764705882353,0.303030303030303,15.382352941176473,18.294117647058822,1.1176470588235294,0.9117647058823528,2.0294117647058822,1501.3529411764705,77.23529411764706,10.68330000000004,337.55882352941177,33.33,0.75,"4665,4667,4669,4671,4676,4685,4692,4697,4699,4725,4739,4744,5210,5687,7102,7107,7111,7162,7178,8161,8169,8172,8210,8391"
3387,22,0,1,0,0,0,0,2,0,0,0,0,0,0,0,0,0,0,0,0,15,0,0,0.9333333333333332,2.833333333333333,0.3294117647058823,18.2,21.03333333333333,1.4333333333333331,0.4666666666666667,1.9,1530.8666666666666,75.0,150.20650000000106,354.9,16.0,0.59,"4552,4622,4668,4695,4726,6024,7090,7098,7118,7126,7137,7155,7170,7176,7179,7212,7216,7221,8160,8183,8211,8244,8251,8290,8408"
3388,19,0,0,0,0,0,0,4,0,0,0,0,0,0,0,0,0,0,0,0,12,0,0,0.9666666666666668,3.433333333333333,0.2815533980582524,17.233333333333334,20.666666666666668,1.7666666666666666,0.7,2.466666666666667,1504.3333333333333,69.36666666666666,194.52686206896325,437.2,20.83,0.07,"4673,4700,4701,4709,4713,4741,4821,6011,6012,6165,6262,7123,7125,7130,7141,7146,7151,7163,7180,7241,8180,8185,8229,8249"
3526,18,0,0,0,0,0,0,2,0,0,0,0,0,0,0,0,0,0,0,0,18,0,0,0.88,2.96,0.2972972972972973,11.8,14.76,1.48,0.6,2.08,1422.32,53.72,78.90186363636313,312.88,18.18,0.55,"5816,7106,7125,7131,7132,7134,7158,7159,7160,7172,7190,7195,7502,7570,7588,7594,7647,7657,7665,7668,7690,7693"
3582,19,0,0,0,0,0,0,7,1,1,0,0,0,0,0,0,0,0,0,0,10,0,0,0.8285714285714286,2.771428571428572,0.2989690721649484,11.4,14.17142857142857,1.4,0.5428571428571428,1.9428571428571428,1334.571428571429,76.85714285714286,260.72213793103595,335.9714285714286,21.74,0.53,"2964,6172,6336,6340,6360,6368,6382,6386,6394,6461,6466,6467,6484,7506,7570,7575,7601,7602,7620,7622,7658,7666,7748"
3583,17,2,1,0,0,0,0,6,1,0,0,0,0,0,0,0,0,0,0,0,5,0,0,0.71875,2.8125,0.2555555555555555,13.84375,16.65625,0.65625,1.4375,2.09375,1465.4375,73.71875,396.301869565216,429.21875,32.0,0.66,"5012,5179,5473,5839,6013,6110,6151,6356,6417,6425,6433,6443,6456,6457,6462,6499,6670,7566,7576,7584,7608,7618,7643,7659,7665"
3586,65,15,0,0,0,0,0,58,0,0,0,0,0,0,0,0,0,0,0,0,33,0,2,0.9036144578313252,2.903614457831325,0.3112033195020747,9.975903614457833,12.879518072289155,1.0240963855421688,0.9759036144578314,2.0,1414.0481927710844,72.3855421686747,44.580226666666086,320.0843373493976,17.11,0.48,"5041,5699,6338,6345,6350,6351,6354,6356,6360,6435,6439,7566,7578,7584,7606,7616,7617,7622,7656,7668,7671,7673,8638,8647,8655,8656,8659,8681,8688,8732,8752,8764,8771,8783,8789,8795,8796,8817,8880,9162,9176,9193,9206,9209,9214,9225,9228,9229,9233,9240,9254,9264,9267,9269,9273,9280,9286,9690,9705,9709,9753,9763,9769,9773,9774,9788,9801,9802,9816,9823,9827,9829,9831,9834,9836,9959"
3587,61,36,2,0,0,0,0,54,0,0,0,0,0,0,0,0,0,0,0,0,29,0,2,0.95,2.1125,0.4497041420118343,10.5375,12.65,0.7125,0.45,1.1625,1308.8625,57.3875,222.18344736841985,299.1125,15.94,0.22,"3454,3566,3967,4456,5138,5179,6172,6303,6358,6417,6422,6426,6432,6449,6464,6467,7239,7567,7568,7573,7588,7635,7648,7651,8634,8653,8686,8723,8748,8762,8785,8792,8828,8830,9131,9147,9167,9174,9178,9201,9211,9235,9236,9242,9243,9248,9271,9274,9297,9313,9681,9684,9685,9711,9755,9762,9777,9781,9785,9786,9791,9818,9819,9820,9843,9849,9890,9940,9958"
3588,65,43,1,0,0,0,0,59,0,0,0,0,0,0,0,0,0,0,0,0,36,0,1,0.902439024390244,3.4878048780487805,0.2587412587412587,9.914634146341465,13.402439024390244,1.5121951219512195,1.0731707317073171,2.5853658536585367,1331.7926829268292,58.4390243902439,214.6888648648633,318.4024390243902,14.08,0.38,"2964,3413,4815,5646,6310,6340,6404,6408,6410,6413,6420,6421,6453,6455,6457,6461,6499,6670,7502,7561,7579,7589,7593,7603,7605,7653,7659,8633,8639,8658,8665,8668,8669,8674,8724,8727,8734,8736,8738,8759,8760,8767,8772,8878,8889,9173,9191,9192,9205,9217,9221,9237,9239,9244,9301,9691,9764,9796,9807,9808,9811,9815,9817,9821,9828,9832,9841,9876,9895,9897,9977"
3589,62,0,5,0,0,0,0,57,0,0,0,0,0,0,0,0,1,0,0,0,35,0,0,0.8666666666666667,3.188888888888889,0.2717770034843205,9.477777777777778,12.666666666666666,1.2222222222222223,1.1,2.3222222222222224,1476.7333333333331,73.66666666666667,133.42449999999866,326.74444444444447,24.36,0.51,"1380,4494,4816,5167,6110,6362,6368,6382,6414,6423,6433,6444,6460,6462,6481,6541,6549,6612,7506,7571,7575,7620,7628,7647,7650,7660,7693,8663,8670,8673,8685,8730,8741,8742,8743,8777,8797,8807,9161,9166,9175,9179,9194,9198,9224,9246,9312,9669,9676,9683,9692,9694,9707,9710,9733,9734,9736,9741,9752,9754,9756,9758,9759,9775,9778,9789,9806,9812,9822,9826,9837,9888,9889,9912,9954,9955,9956,9978"
3590,67,18,2,0,0,51,0,64,0,0,9,0,0,0,0,0,0,0,0,0,40,0,0,0.9418604651162792,2.2790697674418605,0.413265306122449,10.348837209302326,12.627906976744184,0.6976744186046512,0.6395348837209303,1.337209302325581,1369.8837209302326,61.55813953488372,161.63564197530832,384.5232558139535,16.25,0.46,"5473,5536,5605,5628,5839,6151,6344,6367,6406,6409,6415,6418,6420,6434,6436,6446,6466,6499,7569,7576,7586,7598,7602,7615,7618,7626,7666,8637,8645,8660,8687,8716,8717,8720,8721,8722,8725,8733,8740,8755,8758,8766,8779,8782,8809,8816,8886,9137,9149,9164,9168,9170,9204,9212,9216,9220,9232,9234,9241,9278,9279,9663,9671,9673,9682,9686,9688,9703,9704,9738,9742,9745,9771,9779,9790,9833,9840,9848,9850,9953"
3591,50,0,1,0,0,27,0,46,1,0,11,0,0,0,0,0,0,0,0,0,31,0,0,0.9305555555555556,2.0416666666666665,0.4557823129251701,7.333333333333333,9.375,0.4444444444444444,0.6666666666666666,1.1111111111111112,1164.513888888889,51.80555555555556,92.85770149253764,243.27777777777777,27.54,0.46,"2647,2912,5012,5173,5292,5308,5457,5815,6359,6386,6425,6427,6456,6474,6488,6523,7563,7565,7577,7608,7685,8632,8635,8643,8648,8651,8662,8677,8679,8729,8744,8745,8753,8754,8776,8788,9180,9184,9199,9200,9227,9250,9255,9272,9290,9303,9304,9310,9665,9668,9672,9678,9680,9700,9706,9739,9743,9744,9746,9760,9772,9787,9794,9799,9813,9814,9830,9871,9971"
3592,21,9,1,0,0,0,0,19,1,0,0,0,0,0,1,0,0,0,0,0,12,0,0,0.8181818181818182,4.090909090909091,0.2,14.0,18.09090909090909,2.212121212121212,1.0606060606060606,3.272727272727273,2432.969696969697,135.0909090909091,343.40133333333097,604.4848484848485,20.83,0.54,"5029,5837,6013,6363,6407,6411,6412,6458,6520,6612,7564,7570,7580,7582,7590,7592,7594,7595,7599,7663,7665,7686,7690,7748"
3593,64,0,1,0,0,31,0,56,0,0,18,0,0,0,0,0,0,0,0,0,43,0,0,0.9090909090909092,2.9220779220779223,0.3111111111111111,12.272727272727272,15.194805194805197,0.935064935064935,1.077922077922078,2.012987012987013,1659.948051948052,75.87012987012987,167.91728571428365,450.0519480519481,18.47,0.33,"3613,5036,5537,5647,5817,6308,6336,6343,6394,6443,6445,6484,7558,7583,7596,7601,7611,7636,7643,7644,7658,8636,8640,8644,8664,8666,8671,8726,8731,8735,8739,8746,8747,8749,8750,8756,8780,8784,8786,8790,8791,8793,8800,8804,8835,8876,8918,9159,9171,9181,9189,9196,9226,9252,9276,9295,9662,9675,9708,9735,9737,9751,9770,9780,9782,9783,9793,9795,9798,9809,9838,9880,9952,9957"
5162,20,0,2,0,0,0,0,0,0,0,0,0,0,0,0,0,0,0,0,0,11,0,0,0.96875,3.96875,0.2440944881889764,15.96875,19.9375,0.90625,2.09375,3.0,1503.84375,62.40625,236.02470967741664,387.40625,20.0,0.68,"6026,6059,6157,7114,7121,7131,7134,7155,7165,7166,7176,7195,7220,7502,7571,7575,7582,7588,7591,7593,7600,7625,7626,7658,7726"
5163,64,0,2,0,0,0,0,0,0,0,0,0,0,0,0,0,0,0,0,0,28,0,0,0.9418604651162792,2.488372093023256,0.3785046728971962,10.55813953488372,13.046511627906977,1.0116279069767442,0.5348837209302325,1.5465116279069768,817.0813953488372,49.27906976744186,95.79004938271558,238.46511627906972,11.27,0.47,"2647,3615,4518,5687,6165,7097,7114,7131,7136,7155,7158,7171,7561,7574,7577,7595,7596,7602,7625,7690,8163,8171,8190,8201,8249,8300,8325,8633,8650,8671,8679,8721,8738,8779,8807,8820,8877,9157,9167,9168,9173,9181,9199,9201,9206,9212,9214,9216,9232,9235,9236,9242,9244,9271,9287,9302,9665,9707,9711,9738,9751,9754,9755,9773,9774,9779,9793,9814,9840,9843,9889"
5164,59,0,2,0,0,0,0,0,0,0,0,0,0,0,0,0,1,0,0,0,21,0,1,0.9418604651162792,3.383720930232558,0.2783505154639175,9.976744186046512,13.36046511627907,1.3488372093023255,1.0930232558139534,2.441860465116279,803.7441860465116,42.96511627906977,166.34239506172787,191.3372093023256,19.72,0.5,"3607,5210,5482,5500,5816,6071,7107,7109,7115,7122,7125,7126,7149,7154,7162,7164,7168,7177,7178,7205,7211,7223,7239,7505,7569,7601,7603,7609,7624,7639,7644,7659,7686,8172,8187,8204,8235,8629,8644,8645,8659,8687,8733,8734,8747,8754,8757,8759,8808,8873,9131,9154,9166,9174,9184,9185,9194,9223,9241,9278,9294,9704,9747,9780,9786,9812,9818,9825,9842,9848,9871"
5165,56,0,1,0,0,0,0,0,0,0,0,0,0,0,0,0,0,0,0,0,28,0,1,0.9367088607594936,3.5316455696202533,0.2652329749103942,9.873417721518988,13.40506329113924,2.0632911392405062,0.5316455696202531,2.59493670886076,846.620253164557,49.48101265822785,75.61864864864962,177.9620253164557,20.29,0.43,"1380,3595,3613,5014,5655,6012,6308,7166,7167,7186,7188,7201,7204,7212,7564,7566,7583,7590,7604,7658,7671,8170,8207,8302,8327,8389,8395,8412,8651,8658,8673,8677,8725,8726,8729,8735,8736,8749,8767,8776,8784,8787,8794,8796,8801,8804,9137,9149,9165,9171,9186,9193,9198,9205,9227,9255,9274,9290,9310,9666,9735,9736,9741,9746,9752,9760,9806,9834,9958"
5166,66,0,5,0,0,0,0,0,0,0,0,0,0,0,0,0,0,0,0,0,26,0,0,0.8979591836734694,2.346938775510204,0.3826086956521739,10.357142857142858,12.70408163265306,1.0,0.4489795918367347,1.4489795918367347,884.6326530612245,49.19387755102041,131.3295909090905,212.39795918367344,19.74,0.6,"3413,3454,3967,5008,6074,7102,7105,7116,7119,7138,7160,7161,7181,7190,7193,7196,7241,7510,7563,7585,7599,7606,7642,7673,7685,7702,7704,8160,8183,8185,8213,8227,8228,8409,8640,8641,8647,8657,8660,8661,8667,8746,8758,8762,8764,8783,8785,8790,8809,8812,8828,9160,9163,9164,9170,9176,9202,9220,9240,9246,9269,9301,9662,9668,9734,9745,9756,9769,9772,9775,9792,9796,9807,9819,9829,9836"
5167,70,0,3,0,1,0,0,0,0,0,0,0,0,0,0,0,0,0,0,0,28,0,0,0.9431818181818182,2.034090909090909,0.4636871508379888,8.852272727272727,10.886363636363637,0.6931818181818182,0.3977272727272727,1.0909090909090908,895.1136363636364,55.27272727272727,127.53361445783187,194.0681818181818,11.84,0.38,"1769,2912,3609,5087,5654,5664,5737,6024,6026,6092,6262,6541,7090,7104,7106,7118,7127,7134,7146,7170,7176,7192,7578,7610,7611,7648,7776,8169,8186,8194,8247,8251,8321,8322,8635,8638,8646,8665,8666,8681,8686,8689,8727,8739,8741,8748,8752,8760,8778,8780,8782,8810,8816,8817,8819,8834,8835,8876,8880,9162,9169,9180,9195,9221,9304,9313,9672,9700,9703,9742,9753,9766,9815,9817,9828,9876"
5168,75,0,2,0,0,0,0,0,0,0,0,0,0,0,0,0,0,0,0,0,33,0,0,0.9150943396226416,3.89622641509434,0.234866828087167,12.20754716981132,16.10377358490566,2.3773584905660377,0.6037735849056604,2.981132075471698,1098.5849056603774,63.0,82.72638144329832,226.61320754716985,17.07,0.49,"2514,4399,4816,5090,6119,6124,6157,7111,7140,7175,7187,7195,7217,7502,7558,7568,7576,7582,7586,7600,7607,7617,7623,7636,7647,7654,7697,7726,8167,8178,8181,8191,8230,8236,8403,8670,8675,8715,8744,8777,8786,8791,8793,8795,8797,8798,8886,9147,9158,9159,9175,9179,9192,9197,9209,9218,9225,9254,9264,9272,9273,9276,9280,9297,9312,9664,9706,9709,9743,9757,9758,9782,9783,9788,9791,9804,9809,9810,9813,9823,9826,9882"
5169,67,0,1,0,0,0,0,0,0,0,0,0,0,0,0,0,0,0,0,0,31,0,0,0.8617021276595744,3.9468085106382977,0.2183288409703504,14.340425531914894,18.28723404255319,1.925531914893617,1.1595744680851063,3.0851063829787235,1141.3297872340424,71.06382978723404,130.21393827160475,221.80851063829783,17.57,0.37,"4282,4494,4815,5029,5065,5699,5826,6011,7098,7103,7108,7130,7132,7165,7169,7174,7221,7229,7565,7570,7588,7615,7616,7643,7651,7653,7655,7668,7672,7725,8159,8162,8164,8182,8197,8233,8244,8245,8248,8391,8408,8632,8637,8653,8720,8730,8731,8740,8743,8772,8789,8799,8818,9191,9208,9219,9229,9231,9248,9263,9673,9701,9767,9778,9781,9785,9801,9811,9816,9820,9830,9850,9881,9957"
5170,60,0,6,1,0,0,0,0,0,0,0,0,0,0,0,0,0,0,0,0,15,0,0,0.9,2.825,0.3185840707964602,11.375,14.2,1.3875,0.5375,1.925,1048.05,65.0,202.16402777777543,218.55,14.93,0.47,"3566,4456,5537,6059,6303,6769,7141,7142,7151,7163,7172,7203,7209,7567,7580,7640,7646,7665,7666,7740,8168,8193,8210,8232,8243,8289,8290,8308,8324,8634,8636,8643,8669,8688,8716,8724,8737,8755,8756,8766,8788,8792,8800,8805,8811,8869,8887,9182,9189,9200,9204,9211,9233,9234,9289,9293,9296,9298,9737,9739,9759,9776,9777,9790,9795,9827,9888"
5171,80,0,2,0,0,0,0,0,0,0,0,0,0,0,0,0,0,0,0,0,25,0,1,0.923809523809524,3.733333333333333,0.2474489795918367,11.352380952380951,15.085714285714284,2.2666666666666666,0.5428571428571428,2.8095238095238093,956.9428571428572,50.23809523809524,105.15786597938116,201.59047619047612,14.94,0.48,"3108,3956,3964,4552,5536,5998,6903,7143,7179,7194,7571,7575,7579,7584,7591,7592,7598,7605,7608,7612,7618,7621,7626,7628,7635,7641,7660,7663,7682,7689,8161,8180,8184,8192,8196,8211,8229,8231,8237,8305,8314,8326,8414,8415,8639,8649,8655,8656,8662,8663,8674,8683,8685,8722,8742,8745,8750,8753,8806,8830,8874,8889,9161,9196,9228,9237,9247,9250,9275,9667,9669,9705,9708,9710,9733,9763,9764,9770,9787,9789,9794,9798,9799,9802,9822,9831,9832"
5172,56,0,2,0,0,0,0,0,0,0,0,0,0,0,0,0,0,0,0,0,29,0,0,0.9066666666666666,3.826666666666666,0.2369337979094076,11.253333333333334,15.08,2.3866666666666667,0.5333333333333333,2.92,860.12,45.02666666666666,89.89095588235233,183.69333333333333,22.06,0.52,"2068,4419,4781,5646,5668,6013,6310,7101,7121,7123,7133,7137,7139,7144,7148,7220,7506,7573,7593,7594,7613,7620,7622,7650,7656,7657,7701,7782,8158,8188,8189,8195,8200,8206,8323,8648,8654,8664,8668,8717,8723,8728,8732,8771,8870,8875,8878,9178,9210,9215,9217,9224,9226,9267,9286,9306,9663,9670,9671,9744,9762,9771,9797,9808,9821,9824,9880,9932"
5188,46,0,1,0,0,0,0,1,0,0,0,0,0,0,0,0,0,0,0,0,16,0,0,0.958904109589041,3.3424657534246576,0.2868852459016393,7.493150684931507,10.835616438356164,1.808219178082192,0.5753424657534246,2.3835616438356166,1027.972602739726,45.2054794520548,67.20782857142822,188.2054794520548,4.17,0.23,"5826,6011,6086,6165,7098,7125,7185,7211,7239,7563,7591,7592,7594,7613,7616,7657,7668,8185,8204,8217,8235,8325,8408,8632,8639,8654,8661,8662,8666,8681,8725,8742,8789,8797,8830,9684,9685,9737,9745,9746,9756,9772,9785,9809,9811,9820,9940,9953"
5190,19,0,0,0,0,0,0,1,0,0,0,0,0,0,0,0,0,0,0,0,6,0,0,0.9130434782608696,3.4347826086956523,0.2658227848101265,10.434782608695652,13.869565217391305,2.260869565217391,0.2608695652173913,2.5217391304347827,1602.608695652174,64.91304347826087,380.0056666666634,374.1304347826087,5.0,0.38,"2514,2912,6080,7097,7116,7139,7141,7144,7146,7167,7168,7172,7176,7179,7195,7212,7216,7564,7580,7673"
5193,17,0,2,0,0,0,0,1,0,0,0,0,0,0,0,0,0,0,0,0,11,0,1,0.8333333333333334,3.466666666666667,0.2403846153846154,14.833333333333334,18.3,1.5666666666666669,1.0666666666666669,2.6333333333333333,2867.266666666667,142.93333333333334,593.2810800000008,503.6,30.0,0.63,"6024,7101,7112,7134,7159,7180,7192,7205,7220,7577,7579,7583,7586,7607,7615,7628,7635,7671,7682,7704"
5194,16,0,0,0,0,0,0,2,0,0,0,0,0,0,0,0,0,0,0,0,6,0,0,0.925925925925926,8.481481481481481,0.1091703056768559,13.666666666666666,22.14814814814815,4.592592592592593,2.962962962962963,7.555555555555555,1601.888888888889,62.77777777777778,181.5879999999989,411.8518518518519,27.27,0.78,"5998,7090,7114,7115,7138,7166,7177,7190,7241,7571,7573,7576,7582,7588,7595,7599,7600,7610,7624,7625,7663,7697"
5196,19,0,0,0,0,0,0,3,0,0,0,0,0,0,0,0,0,0,0,0,10,0,0,0.8888888888888888,5.592592592592593,0.1589403973509933,17.0,22.59259259259259,3.740740740740741,0.9629629629629628,4.703703703703703,2077.037037037037,87.14814814814815,288.5365833333306,499.2962962962963,10.53,0.55,"5655,7118,7122,7124,7130,7178,7204,7229,7565,7569,7584,7590,7611,7617,7620,7626,7636,7659,7748"
5197,26,0,0,0,0,0,0,0,0,0,0,0,0,0,0,0,0,0,0,0,9,0,1,1.0,3.972972972972973,0.2517006802721088,7.594594594594595,11.567567567567568,2.5405405405405403,0.4324324324324324,2.972972972972973,1080.918918918919,45.54054054054054,154.78383783783644,169.75675675675674,7.14,0.39,"3108,5090,6376,7103,7131,7186,7188,7567,7570,7575,7660,7693,7742,8163,8182,8187,8247,8644,8647,8668,8724,8731,8732,8738,8752,8756,8816,8828"
5234,19,0,0,0,0,0,0,7,2,0,0,0,0,0,0,0,0,0,0,0,19,0,0,0.9523809523809524,5.380952380952381,0.1769911504424778,19.476190476190474,24.857142857142858,3.761904761904762,0.6666666666666666,4.428571428571429,1946.2857142857144,94.52380952380952,72.4603499999996,379.7142857142857,25.32,0.75,"3595,6071,6080,7102,7103,7112,7130,7132,7133,7134,7136,7138,7141,7142,7143,7163,7167,7179,7237,7561,7583,7605,7658,7663,7704"
5235,21,0,0,0,0,0,0,7,1,0,0,0,0,0,0,0,0,0,0,0,19,0,0,0.9310344827586208,7.241379310344827,0.1285714285714285,20.448275862068964,27.6896551724138,5.758620689655173,0.5517241379310345,6.310344827586207,2165.586206896552,103.86206896551724,312.96014814815,505.7931034482759,10.59,0.53,"5655,5664,5816,5826,7104,7109,7124,7154,7155,7160,7239,7506,7510,7567,7568,7601,7611,7612,7615,7622,7625,7726"
5237,21,0,0,0,0,13,0,3,0,0,1,0,0,0,0,0,0,0,0,0,20,0,0,0.8064516129032258,5.193548387096774,0.15527950310559,11.806451612903226,17.0,3.4838709677419355,0.9032258064516128,4.387096774193548,2060.0967741935483,86.03225806451613,212.15259999999785,449.9354838709677,28.37,0.53,"5536,5687,6011,6086,6165,7106,7118,7127,7137,7149,7161,7180,7185,7188,7192,7204,7248,7505,7508,7575,7594,7606,7608,7613,7671,7689,7702"
5239,17,0,0,0,0,0,0,8,9,0,0,0,0,0,0,0,0,0,0,0,17,0,0,1.0,4.4,0.2272727272727272,11.64,16.04,2.2,1.2,3.4,1568.76,84.16,163.7986799999987,328.56,5.56,0.23,"5008,5029,5090,7098,7105,7131,7151,7158,7168,7570,7573,7579,7602,7628,7653,7665,7668,7742"
5241,16,0,0,0,0,0,0,13,8,0,0,0,0,0,0,0,0,0,0,0,6,0,0,0.8888888888888888,2.259259259259259,0.3934426229508196,13.11111111111111,15.37037037037037,1.2592592592592593,0.1111111111111111,1.3703703703703705,1366.4814814814815,66.74074074074075,255.14474999999948,159.66666666666666,18.75,0.55,"6024,7101,7121,7159,7162,7165,7178,7211,7216,7586,7610,7616,7624,7651,7693,7697"
5245,30,0,2,0,0,1,0,16,14,0,0,0,0,0,0,0,0,0,0,0,19,0,0,0.88,6.2,0.1419354838709677,21.62,27.82,4.14,1.18,5.32,4666.8,173.98,384.5947045454497,1643.76,25.71,0.61,"5029,5536,5826,6024,6130,7125,7133,7158,7162,7163,7169,7180,7185,7188,7196,7212,7220,7561,7565,7567,7590,7592,7595,7603,7616,7617,7618,7650,7654,7671,7682,7697,7704,7742,7748"
5246,22,0,1,0,0,0,0,17,4,0,0,0,0,0,0,0,0,0,1,0,12,0,0,0.7894736842105263,6.973684210526316,0.1132075471698113,22.13157894736842,29.105263157894736,4.368421052631579,1.8157894736842104,6.184210526315789,5166.394736842105,188.81578947368425,431.7025666666626,1434.2368421052631,32.26,0.48,"6080,7101,7103,7106,7119,7122,7131,7132,7148,7149,7178,7510,7570,7573,7574,7588,7598,7602,7605,7606,7608,7609,7612,7624,7626,7636,7651,7653,7657,7663,7726"
5247,19,0,0,0,0,1,0,11,1,0,0,0,0,0,0,0,0,0,0,0,13,0,1,0.9,8.933333333333334,0.1007462686567164,22.4,31.33333333333333,3.733333333333333,4.3,8.033333333333333,5580.466666666666,229.46666666666667,436.0919259259276,1450.2333333333331,40.62,0.8,"2964,5090,5816,7097,7118,7128,7134,7138,7141,7143,7179,7193,7195,7508,7568,7578,7579,7580,7582,7584,7586,7592,7593,7602,7610,7611,7613,7616,7618,7625,7654,7673"
5249,16,0,1,0,0,0,0,10,0,0,0,0,0,0,0,0,0,0,5,0,11,0,2,0.6206896551724138,4.655172413793103,0.1333333333333333,21.24137931034483,25.89655172413793,2.206896551724138,1.827586206896552,4.0344827586206895,8004.0344827586205,307.51724137931035,621.9983333333414,2708.586206896552,34.95,0.83,"3595,5500,5664,6130,7506,7508,7578,7580,7583,7586,7594,7596,7601,7611,7643,7644,7648,7658,7659,7668,7702"
5251,32,1,2,2,0,4,0,26,1,0,0,0,0,0,0,0,0,0,3,0,15,0,0,0.6666666666666666,8.955555555555556,0.0744416873449131,36.66666666666666,45.62222222222222,6.8,1.488888888888889,8.28888888888889,9705.622222222222,311.6222222222222,1382.8293333333872,3937.155555555556,43.69,0.64,"2912,4518,6013,6165,7098,7105,7111,7126,7127,7139,7151,7154,7167,7177,7181,7186,7239,7502,7505,7558,7563,7564,7566,7569,7571,7575,7577,7579,7584,7593,7599,7615,7620,7622,7628,7639,7640,7647,7660,7665,7666,7685,7689,7690,7693"
5254,28,0,0,0,0,0,0,21,0,0,0,0,0,0,0,0,0,0,0,0,12,0,0,0.8809523809523809,2.6666666666666665,0.3303571428571428,14.523809523809524,17.19047619047619,1.3333333333333333,0.4523809523809524,1.7857142857142858,1937.7857142857144,82.30952380952381,266.56081081081106,676.0238095238095,20.84,0.55,"2964,5500,5998,6011,7098,7111,7124,7139,7141,7165,7176,7180,7181,7248,7506,7563,7564,7565,7575,7590,7599,7603,7608,7622,7624,7626,7628,7648,7663,7673,7704,7748"
5255,20,0,1,0,0,0,0,14,0,0,0,0,0,0,0,0,0,1,0,0,14,1,0,0.8709677419354839,2.225806451612903,0.391304347826087,12.096774193548388,14.32258064516129,0.967741935483871,0.3870967741935484,1.3548387096774193,2519.1290322580644,84.25806451612904,181.4788148148129,686.2903225806451,35.71,0.71,"5664,6091,7097,7103,7104,7107,7118,7133,7164,7167,7168,7188,7235,7502,7510,7561,7568,7571,7594,7595,7612,7617,7620,7640,7643,7671,7693,7697"
5259,25,0,1,0,0,0,0,18,0,0,0,0,0,0,0,0,0,0,0,0,18,0,0,0.967741935483871,3.5806451612903225,0.2702702702702703,14.612903225806452,18.193548387096776,2.3548387096774195,0.2580645161290322,2.6129032258064515,2027.774193548387,95.80645161290325,273.2800333333323,436.0,10.71,0.31,"3595,5029,5536,5655,5826,7106,7108,7109,7114,7123,7179,7186,7195,7229,7558,7566,7569,7570,7574,7588,7636,7644,7647,7650,7657,7668,7682,7689"
5283,17,0,1,0,0,0,0,12,1,0,0,0,0,0,0,0,0,0,0,0,14,0,0,0.9285714285714286,3.857142857142857,0.2407407407407407,24.607142857142858,28.464285714285715,2.6785714285714284,0.25,2.9285714285714284,2371.75,136.17857142857142,576.6901538461557,675.6428571428571,15.79,0.64,"5536,6012,6165,7118,7134,7137,7141,7146,7160,7165,7196,7216,7569,7592,7594,7605,7624,7626,7660"
5370,16,0,0,0,0,1,0,9,3,0,1,0,0,0,0,0,0,0,0,0,13,0,0,0.7619047619047619,7.523809523809524,0.1012658227848101,25.38095238095238,32.904761904761905,4.380952380952381,2.380952380952381,6.761904761904762,2532.285714285714,128.23809523809524,481.9331250000168,729.0952380952381,11.71,0.51,"5008,5664,5668,6011,7103,7105,7106,7121,7137,7139,7142,7159,7160,7171,7175,7178,7196"
5383,16,0,5,0,0,3,0,4,1,0,0,0,0,0,0,0,0,0,0,0,11,0,0,0.9615384615384616,2.8461538461538463,0.3378378378378378,20.76923076923077,23.615384615384617,1.1153846153846154,0.7692307692307693,1.8846153846153848,2900.3076923076924,132.15384615384616,276.1553599999993,1051.1538461538462,15.79,0.37,"2964,5687,6011,6024,7107,7123,7132,7137,7142,7158,7188,7192,7204,7212,7239,7635,7660,7668,7748"
5386,17,0,0,0,0,5,0,1,0,0,0,0,0,0,0,0,0,0,0,0,6,0,0,0.8787878787878788,2.8181818181818183,0.3118279569892473,13.181818181818182,16.0,1.0303030303030305,0.9090909090909092,1.93939393939394,2372.151515151515,113.3030303030303,288.27465517240995,658.6363636363636,19.05,0.51,"5008,6080,7098,7111,7125,7148,7165,7185,7186,7506,7561,7565,7576,7582,7598,7617,7622,7647,7648,7659,7693"
5623,54,0,4,0,0,0,0,14,0,0,0,0,0,0,0,0,0,0,0,0,19,0,1,0.9473684210526316,1.986842105263158,0.4768211920529801,6.776315789473684,8.763157894736842,0.4868421052631579,0.5526315789473685,1.0394736842105263,776.3026315789474,32.0,78.98181944444391,250.76315789473685,15.87,0.58,"3566,3613,5537,5826,7567,7571,7590,7604,7618,7660,8160,8181,8190,8191,8192,8235,8248,8300,8305,8308,8323,8325,8389,8670,8685,8727,8729,8733,8734,8745,8753,8783,8787,8794,8880,9185,9204,9206,9225,9226,9227,9273,9275,9297,9302,9313,9662,9665,9683,9693,9704,9752,9753,9754,9789,9793,9796,9811,9813,9827,9880,9957,9959"
5625,54,0,3,0,0,0,0,6,0,0,0,0,0,0,0,0,0,0,0,0,24,0,0,0.943661971830986,2.591549295774648,0.3641304347826087,12.23943661971831,14.830985915492958,0.7887323943661971,0.8591549295774648,1.647887323943662,1511.6901408450703,78.73239436619718,90.71110447761104,417.8732394366197,14.75,0.5,"4815,5029,5154,5210,6132,7170,7564,7573,7591,7592,7602,7607,7622,7636,7658,7685,8170,8172,8204,8210,8233,8244,8646,8668,8686,8687,8723,8735,8738,8740,8758,8767,8804,9161,9162,9164,9176,9184,9194,9223,9235,9239,9252,9269,9276,9671,9690,9692,9751,9756,9764,9772,9776,9779,9799,9814,9821,9832,9849,9881,9942"
5626,54,0,5,0,0,0,0,0,0,0,0,0,0,0,0,0,0,0,0,0,19,0,0,0.9710144927536232,1.9275362318840576,0.5037593984962406,7.333333333333333,9.26086956521739,0.8985507246376812,0.0579710144927536,0.9565217391304348,845.6376811594203,40.14492753623188,82.82277611940249,183.0,13.33,0.55,"3454,3595,3956,5029,6262,7502,7593,7596,7598,7605,7606,7608,7612,7618,7622,7702,8192,8211,8251,8290,8633,8655,8663,8686,8688,8720,8722,8733,8734,8736,8739,8764,8771,8779,8790,8798,8818,8874,8889,9671,9680,9681,9686,9689,9703,9734,9736,9747,9753,9754,9775,9782,9792,9807,9816,9817,9821,9830,9834,9842"
5929,58,0,4,0,1,0,0,0,0,0,0,0,0,0,0,0,0,0,0,0,22,0,0,0.9466666666666668,2.1333333333333333,0.44375,9.746666666666666,11.88,0.6533333333333333,0.5333333333333333,1.1866666666666668,729.3066666666666,49.29333333333334,16.017971830985818,210.52,22.22,0.52,"3413,3454,3967,4399,4552,4815,5065,5537,6541,8160,8162,8163,8178,8181,8182,8184,8188,8194,8201,8211,8247,8248,8324,8326,8395,8409,8636,8662,8677,8723,8731,8737,8743,8754,8759,8764,8797,8801,8806,8807,8808,8834,8876,9158,9168,9194,9227,9228,9244,9250,9276,9662,9668,9705,9707,9742,9751,9770,9781,9786,9794,9812,9820,9823,9827,9840,9869,9880,9881,9882,9889,9958"
5930,44,0,1,0,0,0,0,0,0,0,0,0,0,0,0,0,0,0,0,0,13,0,0,0.9814814814814816,2.555555555555556,0.3840579710144927,5.777777777777778,8.333333333333334,1.0925925925925926,0.4814814814814814,1.5740740740740742,496.3703703703704,21.09259259259259,57.66920754716966,104.70370370370372,16.98,0.41,"2647,3609,5482,6303,8158,8180,8183,8200,8228,8230,8231,8233,8305,8632,8635,8639,8660,8665,8686,8687,8721,8725,8733,8742,8747,8749,8755,8767,8780,8873,9137,9157,9179,9186,9192,9196,9198,9211,9217,9220,9232,9234,9273,9710,9738,9752,9766,9771,9773,9774,9793,9821,9957"
5931,41,0,3,1,0,0,0,0,0,0,0,0,0,0,0,0,0,0,0,0,11,0,1,0.8548387096774194,2.5806451612903225,0.33125,11.016129032258064,13.596774193548388,1.0,0.7258064516129032,1.7258064516129032,1295.1774193548388,72.33870967741936,121.77937735848896,268.0483870967742,30.91,0.38,"5210,5737,6262,7223,8171,8190,8192,8195,8196,8229,8243,8244,8251,8300,8415,8629,8644,8656,8663,8673,8674,8716,8724,8727,8732,8738,8740,8758,8760,8772,8787,8790,8798,8810,8889,9154,9160,9166,9184,9189,9193,9208,9236,9242,9269,9271,9297,9670,9776,9780,9800,9804,9825,9848,9932"
5932,50,0,3,2,0,0,0,0,0,0,0,0,0,0,0,0,0,0,0,0,17,0,0,0.8870967741935484,1.7903225806451613,0.4954954954954955,14.03225806451613,15.82258064516129,0.4354838709677419,0.4677419354838709,0.9032258064516128,869.0322580645161,54.854838709677416,1.719927272727274,273.3709677419355,25.0,0.56,"1769,5087,6092,6124,6308,6310,8236,8249,8323,8389,8391,8403,8634,8646,8650,8651,8653,8664,8670,8671,8679,8681,8722,8726,8728,8734,8744,8745,8766,8771,8776,8777,8782,8783,8784,8786,8811,8812,8816,8817,8835,8875,8877,9163,9174,9178,9181,9191,9205,9224,9255,9289,9290,9294,9296,9313,9666,9700,9735,9736,9743,9757,9759,9829"
5935,59,0,3,0,0,0,0,0,0,0,0,0,0,0,0,0,0,0,0,0,21,0,0,0.9295774647887324,2.605633802816901,0.3567567567567568,15.929577464788732,18.535211267605632,1.1830985915492958,0.4929577464788732,1.676056338028169,1152.5070422535211,65.09859154929578,45.27989393939367,422.76056338028167,11.29,0.41,"3108,3964,4282,4419,4456,8164,8170,8186,8187,8207,8210,8245,8289,8314,8325,8408,8637,8638,8640,8648,8683,8689,8715,8739,8748,8785,8789,8792,8795,8800,8818,8820,8830,8869,8874,8878,9162,9165,9180,9182,9195,9197,9216,9233,9286,9298,9664,9671,9673,9711,9734,9758,9779,9807,9810,9815,9818,9828,9830,9836,9876,9888"
5936,44,0,3,0,0,0,0,0,0,0,0,0,0,0,0,0,0,0,0,0,16,0,0,0.9206349206349206,2.2698412698412698,0.4055944055944055,13.492063492063492,15.761904761904765,0.6666666666666666,0.6825396825396826,1.3492063492063493,1054.888888888889,56.15873015873016,70.02903448275742,332.3333333333333,24.56,0.53,"2068,3566,3956,6903,7170,8169,8172,8193,8197,8227,8232,8235,8237,8302,8414,8633,8641,8643,8657,8658,8661,8666,8667,8668,8675,8685,8730,8736,8746,8750,8752,8756,8757,8762,8791,8793,8794,8799,8809,9164,9167,9202,9221,9235,9248,9267,9280,9663,9763,9764,9777,9789,9796,9798,9806,9814,9834"
5937,29,0,0,0,0,0,0,0,0,0,0,0,0,0,0,0,0,0,0,0,12,0,0,0.875,4.75,0.1842105263157894,12.5625,17.3125,2.833333333333333,1.0416666666666667,3.875,1254.0208333333333,69.89583333333333,67.19621428571347,293.625,34.15,0.69,"3615,5646,5654,7217,7776,8159,8161,8167,8168,8185,8189,8191,8204,8213,8290,8308,8321,8327,8412,8645,8647,8649,8655,8659,8669,8688,8717,8720,8729,8741,8753,8779,8788,8796,8804,8805,8819,8828,8870,8886,8887"
5946,44,0,2,0,0,0,0,8,0,0,0,0,0,0,0,0,0,0,0,0,15,0,0,0.9649122807017544,3.0,0.3216374269005848,10.473684210526317,13.473684210526317,1.1929824561403508,0.8421052631578947,2.0350877192982457,1410.561403508772,66.71929824561404,120.47927272727112,309.1578947368421,18.52,0.44,"3413,4494,4552,5482,6092,8182,8249,8327,8661,8662,8675,8717,8725,8739,8752,8754,8772,8791,8792,8795,9147,9180,9181,9191,9192,9197,9212,9218,9219,9224,9263,9272,9290,9303,9663,9669,9670,9684,9691,9701,9703,9705,9708,9710,9743,9745,9769,9783,9802,9804,9809,9925,9947,9952"
5947,56,0,3,0,0,0,0,10,0,0,0,0,0,0,0,0,0,0,0,0,24,0,2,0.9696969696969696,2.575757575757576,0.3764705882352941,7.772727272727272,10.348484848484848,0.6060606060606061,1.0,1.606060606060606,1395.6060606060605,72.15151515151516,51.97571874999951,272.8787878787879,8.2,0.39,"3956,3964,5292,5605,5737,6124,8164,8180,8195,8197,8200,8251,8321,8629,8644,8647,8667,8669,8673,8676,8677,8720,8730,8731,8747,8750,8776,8779,8797,8800,8809,8816,8818,8870,9137,9154,9163,9168,9171,9175,9189,9196,9200,9228,9241,9255,9261,9274,9682,9687,9709,9738,9760,9763,9778,9780,9794,9825,9829,9932,9955"
5949,47,0,1,0,0,0,0,5,0,0,0,0,0,0,0,0,0,0,0,0,17,0,3,0.9333333333333332,1.95,0.4786324786324786,6.816666666666666,8.766666666666667,0.5333333333333333,0.4833333333333333,1.0166666666666666,885.6666666666666,41.53333333333333,74.96101785714252,142.63333333333333,13.21,0.52,"5699,8169,8186,8189,8193,8211,8326,8409,8414,8632,8634,8636,8645,8664,8681,8721,8722,8724,8741,8760,8780,8790,8799,8875,8887,9131,9166,9170,9173,9201,9205,9217,9220,9232,9233,9247,9250,9285,9304,9673,9686,9711,9734,9739,9758,9791,9801,9824,9826,9837,9841,9889,9895"
5950,44,0,2,0,0,0,0,6,0,0,0,0,0,0,0,0,0,0,0,0,23,0,1,0.9285714285714286,2.2857142857142856,0.40625,8.178571428571429,10.464285714285714,0.8214285714285714,0.5357142857142857,1.3571428571428572,1215.071428571429,50.17857142857143,85.62026923076876,247.6428571428572,12.24,0.4,"2647,4399,4816,6262,6303,6541,6903,8159,8161,8163,8183,8185,8188,8207,8228,8229,8247,8635,8637,8638,8658,8660,8737,8744,8807,8817,8835,8877,8918,9149,9159,9167,9229,9294,9735,9736,9744,9747,9755,9759,9767,9782,9815,9820,9822,9838,9850,9912,9941"
5951,38,0,4,0,0,0,0,9,0,0,0,0,0,0,0,0,0,0,0,0,15,0,0,0.9615384615384616,3.2884615384615383,0.2923976608187134,10.673076923076923,13.961538461538462,1.2692307692307692,1.0576923076923077,2.326923076923077,1547.673076923077,80.0,148.02398000000093,343.7307692307692,19.15,0.61,"3108,3454,3967,5087,6310,6376,8167,8187,8196,8289,8290,8302,8643,8653,8656,8666,8671,8732,8736,8742,8766,8793,8796,8819,8828,8886,9193,9198,9209,9237,9278,9280,9677,9685,9688,9700,9707,9786,9788,9792,9795,9812,9823,9834,9843,9871,9956"
5952,33,0,1,0,0,0,0,5,0,0,0,0,0,0,0,0,0,0,0,0,13,0,1,0.9523809523809524,1.9761904761904765,0.4819277108433735,10.904761904761903,12.88095238095238,0.5714285714285714,0.4523809523809524,1.0238095238095235,1384.8809523809523,90.4047619047619,206.5600249999977,343.6666666666667,17.5,0.49,"4456,8171,8194,8201,8227,8236,8245,8391,8655,8665,8680,8689,8726,8743,8748,8756,8764,8782,8785,8786,8820,9157,9248,9267,9286,9295,9672,9678,9680,9733,9741,9777,9781,9787,9790,9798,9806,9842,9888,9897"
5953,45,0,4,0,0,0,0,6,0,0,0,0,0,0,0,0,0,0,0,0,18,0,3,0.9074074074074074,2.203703703703704,0.4117647058823529,8.092592592592593,10.296296296296296,0.5370370370370371,0.7592592592592593,1.2962962962962965,1258.5,61.888888888888886,66.73563265306063,275.75925925925924,12.24,0.39,"6308,7217,7223,8184,8217,8232,8415,8639,8651,8659,8663,8674,8679,8715,8746,8759,8762,8777,8806,8874,8878,9160,9165,9174,9199,9211,9234,9244,9296,9694,9737,9757,9771,9773,9774,9785,9797,9808,9810,9816,9817,9818,9819,9830,9831,9833,9836,9848,9940"
5998,36,0,1,0,0,0,0,0,0,0,0,0,0,0,0,0,0,0,0,0,14,0,0,0.9361702127659576,2.9148936170212765,0.3211678832116788,8.127659574468085,11.04255319148936,1.4042553191489362,0.574468085106383,1.9787234042553192,954.936170212766,46.02127659574468,121.59543181818124,208.6170212765957,0.0,0.0,"3964,3967,5482,8158,8181,8192,8244,8305,9157,9158,9219,9234,9237,9239,9240,9241,9250,9303,9670,9683,9707,9709,9742,9743,9744,9773,9777,9780,9783,9796,9801,9807,9817,9833,9940,9958"
5999,36,0,2,0,0,0,0,1,1,0,0,0,0,0,0,0,0,0,0,0,11,0,2,0.9574468085106383,2.702127659574468,0.3543307086614173,7.553191489361702,10.25531914893617,1.1063829787234043,0.6382978723404256,1.74468085106383,497.8936170212766,20.42553191489361,23.313266666666685,122.72340425531917,18.6,0.64,"4399,8196,8249,8251,8325,8331,8389,8409,8414,8880,9159,9164,9189,9206,9211,9214,9225,9244,9248,9285,9294,9296,9302,9662,9663,9669,9676,9677,9684,9686,9734,9752,9756,9764,9785,9788,9798,9822,9827,9829,9897,9912,9954"
6000,39,0,1,0,0,0,0,2,0,0,0,0,0,0,0,0,0,0,0,0,16,0,0,0.9433962264150944,1.7358490566037736,0.5434782608695652,6.90566037735849,8.641509433962264,0.3584905660377358,0.4339622641509434,0.7924528301886793,584.2641509433962,37.37735849056604,79.59991999999994,118.8490566037736,9.52,0.46,"4816,5292,7170,8172,8182,8183,8200,8204,8210,8211,8236,8326,8408,9147,9163,9181,9193,9196,9198,9228,9252,9255,9278,9304,9675,9680,9682,9688,9733,9738,9759,9767,9769,9776,9787,9792,9802,9843,9849,9871,9880,9957"
6002,42,0,1,0,0,0,0,4,1,0,0,0,0,0,0,0,0,0,0,0,6,0,0,1.0,1.8958333333333333,0.5274725274725275,8.270833333333334,10.166666666666666,0.6041666666666666,0.2916666666666667,0.8958333333333334,723.875,46.333333333333336,22.42981249999989,184.16666666666663,8.7,0.44,"4456,4815,6124,6903,8163,8167,8185,8195,8197,8228,8237,8308,8314,8415,9137,9195,9201,9212,9231,9233,9263,9269,9290,9665,9673,9692,9739,9754,9758,9760,9766,9774,9775,9778,9781,9782,9789,9790,9791,9812,9821,9836,9848,9850,9876,9941"
6003,40,0,2,0,0,0,0,1,0,0,0,0,0,0,0,0,0,0,0,0,12,0,1,1.0,2.0416666666666665,0.4897959183673469,8.416666666666666,10.458333333333334,0.6666666666666666,0.375,1.0416666666666667,658.875,29.6875,71.70618749999899,193.25,2.44,0.21,"6132,6310,8169,8186,8189,8191,8201,8232,8245,8248,8300,8323,9161,9168,9184,9191,9199,9200,9204,9224,9226,9232,9301,9672,9678,9681,9691,9705,9708,9710,9745,9753,9755,9793,9797,9799,9811,9813,9820,9825,9832"
6004,36,0,2,0,0,0,0,3,0,0,0,0,0,0,0,0,0,0,0,0,13,0,0,0.9565217391304348,2.630434782608696,0.3636363636363636,7.282608695652174,9.91304347826087,0.6304347826086957,1.0434782608695652,1.673913043478261,737.0652173913044,37.23913043478261,48.97540909090898,152.54347826086956,2.7,0.29,"5210,5605,5699,6303,7217,8164,8217,8235,8247,8289,8807,9131,9149,9166,9167,9170,9216,9254,9273,9313,9668,9701,9735,9763,9772,9786,9794,9806,9814,9826,9828,9830,9881,9890,9947,9952,9953"
6005,28,0,0,0,0,0,0,1,0,0,0,0,0,0,0,0,0,0,0,0,8,0,2,0.972972972972973,2.945945945945946,0.3302752293577982,8.486486486486486,11.432432432432432,1.2972972972972974,0.6756756756756757,1.972972972972973,882.3783783783783,54.729729729729726,102.13027777777737,154.21621621621622,9.68,0.44,"5154,6262,6308,8170,8171,8180,8190,8193,8194,8233,9154,9160,9178,9186,9209,9235,9272,9276,9279,9295,9664,9685,9693,9704,9779,9795,9808,9815,9819,9888,9959"
6006,22,0,0,0,0,0,0,2,1,0,0,0,0,0,0,0,0,0,0,0,9,0,0,0.8888888888888888,3.0277777777777777,0.2935779816513761,5.611111111111111,8.63888888888889,0.6388888888888888,1.5,2.138888888888889,659.0277777777778,28.83333333333333,39.03881249999972,137.47222222222223,18.52,0.54,"8161,8187,8188,8229,8321,8324,9171,9173,9180,9218,9227,9236,9280,9286,9711,9736,9747,9751,9816,9818,9824,9837,9840,9841,9842,9925,9928"
6007,38,0,0,0,0,0,0,1,0,0,0,0,0,0,0,0,0,0,0,0,15,0,0,0.9387755102040816,1.4489795918367347,0.647887323943662,3.693877551020408,5.142857142857143,0.1836734693877551,0.3265306122448979,0.5102040816326531,423.7959183673469,19.693877551020407,74.41026086956495,65.57142857142857,11.63,0.53,"3613,3956,4494,6092,8184,8207,8302,8391,9174,9176,9194,9197,9205,9217,9247,9267,9274,9275,9297,9671,9690,9694,9700,9703,9737,9741,9746,9757,9770,9771,9804,9809,9810,9823,9831,9834,9838,9889,9895,9932,9942,9955,9956"
6008,37,0,1,0,0,0,0,0,0,0,0,0,0,0,0,0,0,0,0,0,11,0,0,0.9347826086956522,2.9130434782608696,0.3208955223880597,6.782608695652174,9.695652173913045,1.1956521739130437,0.782608695652174,1.9782608695652173,722.7391304347826,32.91304347826087,73.3416511627902,129.2826086956522,10.26,0.46,"2647,4399,6124,7217,8168,8181,8200,8229,8237,8248,8249,8300,8305,8638,8643,8675,8677,8679,8748,8754,8782,8785,8834,8878,9662,9663,9668,9669,9709,9757,9769,9771,9781,9801,9810,9825,9826,9958,9959"
6009,32,0,0,0,0,0,0,0,0,0,0,0,0,0,0,0,0,0,0,0,10,0,1,0.9743589743589745,2.41025641025641,0.4042553191489361,6.538461538461538,8.948717948717949,1.2307692307692308,0.2051282051282051,1.435897435897436,625.974358974359,25.128205128205128,22.138315789473573,125.46153846153848,5.88,0.36,"3964,5210,5537,6092,8245,8636,8640,8645,8656,8658,8673,8723,8737,8778,8792,8801,8835,9670,9672,9673,9682,9705,9744,9755,9770,9786,9787,9788,9795,9822,9824,9836,9880,9941"
6010,35,0,0,0,0,0,0,0,0,0,0,0,0,0,0,0,0,0,0,0,16,0,1,0.9318181818181818,3.863636363636364,0.2411764705882353,7.590909090909091,11.454545454545457,2.2954545454545454,0.6363636363636364,2.9318181818181817,942.0909090909092,43.04545454545455,96.55329268292648,189.0,17.07,0.44,"8161,8180,8201,8210,8232,8409,8653,8665,8715,8746,8777,8784,8793,8795,8806,8817,8870,8918,9664,9676,9691,9704,9735,9742,9767,9773,9774,9789,9802,9806,9812,9814,9823,9876,9889,9890,9925,9928,9942,9954,9956"
6011,32,0,2,0,0,0,0,0,0,0,0,0,0,0,0,0,0,0,0,0,10,0,0,0.9047619047619048,2.761904761904762,0.3275862068965517,5.833333333333333,8.595238095238095,1.5238095238095235,0.3333333333333333,1.8571428571428568,856.047619047619,38.785714285714285,73.28336842105183,127.92857142857144,19.44,0.39,"5737,8158,8170,8188,8193,8197,8244,8289,8637,8676,8687,8727,8755,8766,8767,8776,8787,8794,8796,8875,8877,8887,9665,9683,9694,9711,9738,9760,9764,9778,9794,9797,9808,9813,9850,9871"
6012,36,0,2,0,0,1,0,0,0,0,0,0,0,0,0,0,0,0,0,0,17,0,0,0.9534883720930232,2.883720930232558,0.3306451612903225,6.418604651162791,9.30232558139535,1.4651162790697674,0.4651162790697674,1.930232558139535,722.4186046511628,37.06976744186046,61.71878048780447,169.41860465116278,5.56,0.37,"4552,6132,8167,8190,8194,8195,8228,8233,8236,8646,8671,8689,8726,8730,8740,8750,8762,8780,8819,9690,9708,9743,9759,9763,9777,9779,9790,9796,9798,9815,9818,9828,9832,9947,9952,9955"
6013,48,0,2,0,0,0,0,1,0,0,0,0,0,0,0,0,0,0,0,0,20,0,2,0.9649122807017544,1.7017543859649122,0.5670103092783505,4.140350877192983,5.842105263157895,0.6842105263157895,0.0526315789473684,0.7368421052631579,643.9298245614035,25.017543859649123,99.38199999999968,67.96491228070175,9.8,0.31,"7170,7223,8169,8171,8183,8186,8189,8321,8323,8327,8389,8629,8635,8651,8659,8660,8664,8667,8669,8685,8721,8729,8741,8743,8744,8745,8747,8749,8759,8786,8800,8804,9678,9688,9692,9693,9707,9710,9752,9780,9793,9804,9829,9838,9840,9841,9848,9849,9881,9897,9932"
6014,49,0,0,0,0,0,0,1,0,0,0,0,0,0,0,0,0,0,0,0,13,0,1,1.0,2.5517241379310347,0.3918918918918919,5.844827586206897,8.39655172413793,1.1896551724137931,0.3620689655172414,1.5517241379310345,736.7241379310345,30.82758620689655,29.38236206896533,112.8793103448276,7.55,0.38,"3413,3566,6541,8159,8160,8164,8172,8184,8191,8196,8207,8227,8308,8314,8324,8326,8414,8634,8648,8670,8674,8717,8728,8735,8753,8758,8760,8772,8783,8791,8799,8809,8886,9675,9700,9701,9733,9739,9741,9751,9758,9776,9783,9791,9799,9819,9827,9831,9833,9843,9888,9895,9957"
6107,22,0,1,0,0,0,0,17,12,0,0,0,0,0,0,0,0,0,0,0,12,0,0,0.9666666666666668,2.5,0.3866666666666666,7.266666666666667,9.766666666666667,1.3666666666666667,0.1666666666666666,1.5333333333333334,896.5,33.46666666666667,92.26534482758522,135.03333333333333,16.0,0.61,"2647,3413,5737,6376,7223,8161,8171,8200,8247,8289,8326,8412,8632,8644,8662,8673,8680,8717,8740,8755,8756,8766,8787,8792,8809"
6108,24,0,0,0,0,0,0,8,14,0,0,0,0,0,0,0,0,0,0,0,12,0,0,0.9629629629629628,3.555555555555556,0.2708333333333333,8.37037037037037,11.925925925925926,2.037037037037037,0.5555555555555556,2.592592592592593,1079.2592592592594,55.03703703703704,60.57284615384554,232.59259259259252,11.11,0.47,"6092,8168,8169,8172,8181,8207,8211,8245,8321,8323,8391,8635,8645,8653,8720,8722,8731,8758,8771,8772,8777,8780,8788,8793,8797,8816,8828"
6109,20,0,0,0,0,0,0,8,12,0,0,0,0,0,0,0,0,0,0,0,9,0,1,0.9615384615384616,1.1923076923076923,0.8064516129032258,6.461538461538462,7.653846153846154,0.1923076923076923,0.0384615384615384,0.2307692307692307,465.2307692307692,16.923076923076923,45.25179999999965,151.42307692307693,9.09,0.3,"4502,5210,5457,6124,8167,8191,8196,8204,8248,8325,8409,8664,8677,8685,8716,8736,8739,8754,8778,8784,8791,8819"
6110,17,0,0,0,0,0,0,8,12,0,0,0,0,0,0,0,0,0,0,0,7,0,0,0.9583333333333334,1.8333333333333333,0.5227272727272727,5.333333333333333,7.166666666666667,0.5,0.375,0.875,795.0,28.83333333333333,70.84247826086919,170.45833333333334,15.0,0.44,"6541,8170,8183,8186,8190,8232,8235,8634,8640,8651,8670,8676,8733,8743,8748,8760,8796,8801,8804,8889"
6112,29,0,0,0,0,0,0,11,12,0,0,0,0,0,0,0,0,0,0,0,17,0,1,1.0,2.324324324324324,0.4302325581395348,6.972972972972973,9.297297297297296,0.945945945945946,0.3783783783783784,1.3243243243243243,739.9459459459459,23.027027027027028,109.86256756756636,152.59459459459458,3.33,0.31,"3454,3609,3615,4552,8160,8163,8185,8187,8210,8228,8236,8414,8637,8643,8646,8656,8658,8660,8674,8728,8767,8790,8805,8806,8817,8830,8834,8835,8886,8918"
6122,31,0,1,0,0,0,0,11,13,0,0,0,0,0,0,0,0,0,0,0,19,0,1,0.975609756097561,1.7560975609756098,0.5555555555555556,6.048780487804878,7.804878048780488,0.5365853658536586,0.2439024390243902,0.7804878048780488,665.0731707317074,23.97560975609756,79.69434999999935,117.1219512195122,3.23,0.31,"3590,5537,5646,6262,8164,8180,8184,8188,8237,8244,8305,8324,8633,8638,8648,8663,8669,8671,8681,8686,8715,8721,8723,8725,8726,8744,8745,8746,8747,8782,8795"
6123,29,0,1,0,0,0,0,21,13,0,0,0,0,0,0,0,0,0,0,0,15,0,1,1.0,1.8235294117647056,0.5483870967741935,7.235294117647059,9.058823529411764,0.5588235294117647,0.2647058823529412,0.8235294117647058,513.5,18.58823529411765,54.62908823529346,152.44117647058823,3.33,0.18,"3956,6132,8159,8192,8193,8201,8227,8251,8403,8636,8639,8641,8647,8654,8665,8667,8668,8687,8688,8689,8741,8749,8752,8764,8776,8783,8785,8786,8820,8876"
6124,24,0,0,0,0,0,0,11,2,0,0,0,0,0,0,0,0,0,0,0,10,0,1,1.0,4.580645161290323,0.2183098591549295,12.96774193548387,17.548387096774192,3.225806451612903,0.3548387096774194,3.5806451612903225,1334.516129032258,54.74193548387097,32.65661290322553,338.0,0.0,0.0,"4282,8158,8182,8189,8195,8197,8290,8389,8659,8666,8675,8724,8729,8732,8735,8738,8742,8750,8753,8759,8789,8800,8810,8878"
6173,36,0,0,0,0,1,0,36,1,0,0,0,0,0,0,0,0,0,0,0,24,0,0,0.9791666666666666,2.520833333333333,0.3884297520661157,11.75,14.270833333333334,0.4583333333333333,1.0833333333333333,1.5416666666666667,943.2291666666666,49.72916666666666,220.4188936170193,226.5,5.26,0.3,"6124,7170,7217,8170,8183,8187,8201,8210,8247,8251,8403,8409,9690,9700,9711,9733,9737,9746,9755,9774,9776,9777,9788,9791,9793,9794,9806,9808,9824,9829,9832,9880,9895,9947,9954,9956,9959,9971"
6175,25,0,1,0,0,1,0,4,0,0,0,0,0,0,0,0,0,0,0,0,23,0,0,0.96875,2.09375,0.4626865671641791,15.15625,17.25,0.90625,0.21875,1.125,1012.5,46.125,33.883516129032,365.15625,11.11,0.53,"3964,6124,8161,8181,8200,8201,8207,8245,8325,8389,8391,8640,8644,8653,8660,8663,8671,8674,8688,8740,8742,8766,8778,8780,8796,8817,8878"
6191,27,1,4,0,0,0,0,23,0,0,0,0,1,0,0,0,0,0,0,0,12,0,2,0.9230769230769232,4.0256410256410255,0.2292993630573248,16.435897435897434,20.46153846153846,1.7692307692307692,1.3333333333333333,3.102564102564102,1687.974358974359,100.48717948717947,51.23736111111082,442.87179487179486,24.24,0.68,"3590,8158,8159,8164,8186,8191,8195,8213,8232,8324,8331,9662,9678,9681,9688,9692,9703,9743,9744,9752,9754,9770,9779,9789,9790,9795,9796,9817,9836,9838,9889,9955,9978"
6192,21,0,0,0,0,0,0,20,0,0,0,0,0,0,0,0,0,0,0,0,12,0,0,0.8888888888888888,3.2777777777777777,0.2711864406779661,11.833333333333334,15.11111111111111,1.4444444444444444,0.9444444444444444,2.388888888888889,1091.4444444444443,63.05555555555556,72.57443749999923,179.69444444444446,32.14,0.52,"3615,6092,6262,8167,8168,8181,8227,8237,8245,8314,8321,9663,9677,9707,9756,9760,9763,9769,9772,9775,9797,9813,9827,9834,9840,9888,9952,9958"
6196,41,0,5,0,0,0,0,0,0,0,0,0,0,0,0,0,0,0,0,0,8,0,0,0.981132075471698,5.132075471698113,0.1911764705882352,10.39622641509434,15.528301886792454,3.30188679245283,0.8490566037735849,4.150943396226415,1228.6792452830189,53.528301886792455,69.78605769230747,255.73584905660377,13.04,0.26,"1380,1769,4816,5646,6092,6308,8170,8192,8207,8229,8251,8321,8324,8662,8720,8742,8745,8764,8767,8777,8778,8779,8792,8828,8918,9168,9176,9216,9217,9221,9229,9297,9664,9685,9701,9735,9739,9775,9779,9786,9795,9810,9826,9827,9871,9881"
6197,31,0,4,0,0,0,0,3,0,0,0,0,1,0,0,0,0,0,0,0,5,0,0,0.8974358974358975,2.8461538461538463,0.3153153153153153,14.794871794871796,17.641025641025642,1.7435897435897436,0.2051282051282051,1.948717948717949,1596.8461538461538,82.8974358974359,104.30148571428462,372.1538461538461,23.43,0.43,"4282,4494,5457,8190,8227,8314,8632,8666,8668,8681,8739,8741,8746,8776,8782,8810,8834,9194,9206,9220,9225,9681,9684,9686,9694,9705,9709,9733,9755,9774,9791,9824,9825,9828,9848,9888,9958"
6198,49,0,7,0,0,0,0,1,0,0,0,0,1,0,0,0,0,0,0,0,8,0,0,0.9076923076923076,4.923076923076923,0.184375,8.953846153846154,13.876923076923076,2.815384615384616,1.2,4.015384615384615,1234.3538461538462,58.64615384615384,124.8189491525416,256.0153846153846,26.34,0.66,"2647,3108,3613,4399,4456,8181,8188,8200,8228,8325,8326,8331,8412,8659,8665,8671,8685,8721,8743,8747,8754,8766,8771,8793,8800,8806,8830,8878,8889,9166,9175,9189,9201,9226,9228,9240,9269,9271,9303,9312,9666,9668,9670,9677,9678,9703,9710,9753,9764,9773,9782,9783,9785,9790,9797,9802,9811,9818,9820,9880,9932,9940"
6199,52,0,7,0,0,0,0,4,0,0,0,0,1,0,0,0,0,0,0,0,7,0,0,0.8923076923076924,3.661538461538461,0.2436974789915966,11.784615384615384,15.446153846153846,1.9384615384615385,0.8307692307692308,2.769230769230769,1360.9076923076923,70.2,127.4515344827572,265.89230769230767,20.31,0.43,"3615,5537,5737,6310,6903,8180,8197,8204,8217,8247,8248,8629,8634,8636,8638,8647,8664,8687,8730,8735,8740,8748,8749,8752,8786,8790,8816,8819,9162,9163,9192,9200,9204,9209,9232,9236,9237,9244,9246,9267,9275,9280,9663,9672,9675,9676,9688,9708,9711,9738,9744,9752,9754,9762,9772,9778,9780,9787,9794,9798,9807,9952,9957,9978"
6200,44,0,4,0,0,0,0,0,0,0,0,0,0,0,0,0,0,0,0,0,6,0,0,0.9387755102040816,6.530612244897959,0.14375,12.020408163265309,18.551020408163264,4.469387755102041,1.1224489795918366,5.591836734693878,1689.0204081632653,82.53061224489795,267.71913043478133,273.51020408163265,19.23,0.46,"8158,8159,8196,8235,8244,8289,8658,8715,8725,8728,8733,8738,8744,8750,8755,8758,8759,8785,8789,8796,8809,8817,8820,8835,9131,9147,9161,9173,9179,9191,9234,9264,9272,9273,9279,9290,9310,9662,9673,9680,9682,9736,9741,9759,9777,9788,9799,9808,9815,9830,9836,9895"
6201,45,0,6,0,0,0,0,0,0,0,0,0,0,0,1,0,0,0,0,0,9,0,0,0.9183673469387756,3.571428571428572,0.2571428571428571,11.673469387755102,15.244897959183673,2.224489795918368,0.4285714285714285,2.653061224489796,1577.2244897959183,72.75510204081633,126.69631111111026,252.1836734693877,20.75,0.57,"3413,3566,3964,3967,5699,6124,6376,8201,8210,8233,8245,8249,8308,8391,8648,8653,8688,8722,8731,8732,8734,8736,8753,8805,8818,9149,9157,9167,9171,9174,9185,9211,9227,9276,9289,9295,9734,9751,9760,9770,9771,9776,9806,9812,9813,9822,9832,9834,9837,9840,9841,9869,9876"
6202,57,0,3,0,0,0,0,3,0,0,0,0,0,0,0,0,0,0,0,0,6,0,1,0.9032258064516128,4.612903225806452,0.1958041958041958,14.46774193548387,19.080645161290324,2.677419354838709,1.032258064516129,3.70967741935484,1099.9032258064517,50.11290322580645,138.79617857142807,265.1290322580645,16.13,0.6,"3590,3609,5210,5605,6303,7170,7217,8167,8183,8184,8186,8187,8222,8236,8300,8403,8408,8633,8635,8639,8640,8644,8663,8679,8724,8727,8729,8762,8780,8783,8787,8804,9137,9164,9178,9181,9193,9198,9215,9233,9239,9243,9248,9250,9252,9274,9313,9665,9690,9691,9707,9743,9769,9789,9816,9849,9897,9912,9953,9954,9955,9971"
6203,38,0,2,0,0,0,0,2,0,0,0,0,0,0,0,0,0,0,0,0,8,0,0,0.8125,2.9166666666666665,0.2785714285714286,9.9375,12.854166666666666,1.3333333333333333,0.7708333333333334,2.1041666666666665,929.0625,49.47916666666666,47.18807692307677,248.72916666666663,28.26,0.57,"3454,3956,5292,8160,8232,8237,8323,8409,8637,8660,8667,8669,8677,8686,8716,8717,8756,8760,8772,9184,9186,9196,9199,9205,9212,9263,9301,9304,9310,9671,9704,9737,9742,9756,9758,9763,9781,9796,9809,9817,9819,9829,9831,9850,9889,9956"
6204,46,0,6,0,0,0,0,1,0,0,0,0,0,0,0,0,0,0,0,0,11,0,0,0.9666666666666668,2.283333333333333,0.4233576642335766,9.383333333333333,11.666666666666666,1.0666666666666669,0.25,1.3166666666666669,888.3,39.43333333333333,191.97418965517087,208.88333333333333,13.46,0.39,"4552,4815,6262,6541,8164,8168,8172,8185,8189,8195,8305,8389,8643,8645,8661,8670,8676,8723,8726,8784,8788,8791,8795,8797,8807,8880,8886,9154,9180,9214,9219,9224,9235,9241,9242,9254,9278,9296,9669,9683,9692,9700,9706,9745,9746,9793,9801,9814,9838,9890,9947,9959"
6206,44,0,4,0,0,0,0,42,0,0,0,0,0,0,0,0,0,0,0,0,33,0,1,0.7966101694915254,4.186440677966102,0.1902834008097166,11.932203389830509,16.11864406779661,2.1864406779661016,1.2033898305084745,3.389830508474576,1012.6271186440678,54.0,79.340978723404,179.66101694915255,29.75,0.68,"1380,5457,5605,6092,8159,8172,8189,8204,8249,8289,8326,8632,8635,8636,8639,8660,8671,8723,8759,8782,8787,8793,8800,8804,8809,8810,8878,8918,9162,9163,9166,9175,9198,9201,9206,9211,9212,9220,9226,9240,9254,9269,9276,9295,9688,9700,9747,9764,9806,9811,9827,9831,9869,9871,9889,9971"
6207,53,0,3,0,0,0,0,52,0,0,0,0,1,0,0,0,0,0,0,0,35,0,0,0.9375,3.703125,0.2531645569620253,12.1875,15.890625,1.8125,0.953125,2.765625,1009.578125,48.0625,186.6011333333329,191.65625,8.49,0.36,"3566,3590,4815,6303,6308,8180,8184,8187,8245,8324,8403,8408,8633,8728,8747,8783,8788,8790,8830,8835,9137,9184,9193,9200,9232,9233,9234,9236,9243,9267,9296,9663,9672,9680,9683,9703,9734,9736,9743,9751,9778,9785,9789,9808,9810,9812,9824,9834,9837,9840,9849,9888,9940,9954,9956"
6208,45,1,1,0,0,0,0,41,0,0,0,0,0,0,0,0,0,0,0,0,33,0,0,1.0,4.236363636363636,0.2360515021459227,8.290909090909091,12.527272727272727,2.345454545454545,0.8909090909090909,3.2363636363636363,887.7454545454545,43.4,99.35740000000064,152.98181818181817,8.16,0.41,"3413,3956,5737,8185,8244,8638,8686,8687,8715,8716,8722,8745,8746,8752,8756,8760,8771,8816,8880,9178,9181,9196,9204,9225,9246,9274,9301,9662,9664,9669,9691,9692,9704,9735,9737,9742,9769,9772,9776,9777,9780,9786,9787,9794,9802,9809,9820,9836,9957"
6209,54,0,1,0,0,0,0,53,0,0,0,0,0,0,0,0,0,0,0,0,36,0,0,0.9411764705882352,2.6029411764705883,0.3615819209039548,8.294117647058824,10.897058823529411,1.2794117647058822,0.3823529411764705,1.661764705882353,832.3529411764706,50.69117647058823,105.33753124999976,141.14705882352942,8.77,0.46,"1769,3613,5537,6124,6262,6310,6541,7170,8158,8160,8168,8188,8192,8195,8323,8325,8643,8664,8666,8667,8668,8675,8685,8725,8726,8731,8736,8738,8758,8791,8795,8807,8820,9165,9192,9205,9216,9217,9228,9244,9248,9273,9279,9665,9673,9741,9755,9779,9798,9826,9829,9830,9841,9848,9876,9932,9955"
6210,37,0,1,0,0,0,0,35,0,0,0,0,0,0,0,0,0,0,0,0,29,0,0,0.9285714285714286,2.8095238095238093,0.3305084745762712,9.904761904761903,12.714285714285714,1.5476190476190477,0.3333333333333333,1.880952380952381,801.1666666666666,34.476190476190474,95.24717948717888,147.21428571428572,21.98,0.48,"4494,6376,8181,8247,8648,8658,8661,8730,8732,8743,8754,8764,8772,8784,8792,8806,8828,9131,9199,9229,9242,9271,9272,9280,9303,9310,9666,9678,9682,9686,9690,9694,9706,9709,9746,9752,9754,9793,9807,9813,9819,9825,9958,9978"
6211,38,1,1,0,0,0,0,35,0,0,0,0,0,0,0,0,0,0,0,0,30,0,0,0.8863636363636364,6.659090909090909,0.1331058020477815,9.590909090909092,16.25,4.0,1.7727272727272727,5.7727272727272725,1077.3636363636365,58.02272727272727,27.852820512820408,245.97727272727272,19.57,0.57,"3108,3454,3964,7217,8170,8183,8190,8207,8251,8391,8629,8647,8653,8665,8670,8681,8742,8749,8750,8766,8767,8785,8797,8817,9157,9164,9179,9219,9224,9290,9671,9676,9745,9753,9756,9759,9762,9763,9773,9783,9790,9822,9838,9880,9952,9953"
6212,43,1,0,0,0,0,0,40,0,0,0,0,0,0,0,0,0,0,0,0,31,0,0,0.9655172413793104,2.6206896551724137,0.3684210526315789,8.086206896551724,10.70689655172414,1.137931034482759,0.5172413793103449,1.6551724137931034,789.8965517241379,40.55172413793103,167.3841607142853,160.1206896551724,11.1,0.36,"3615,4282,4456,4552,5699,8164,8196,8200,8201,8210,8217,8227,8300,8409,8640,8645,8727,8729,8733,8740,8741,8762,8789,8796,8805,8819,8834,8886,9160,9173,9194,9215,9227,9237,9252,9685,9708,9733,9739,9770,9771,9775,9791,9832,9850,9881,9912,9947"
6213,43,1,4,0,0,0,0,42,0,0,0,0,0,0,0,0,0,0,0,0,26,0,0,0.9649122807017544,3.192982456140351,0.3021978021978022,8.982456140350877,12.175438596491228,1.894736842105263,0.3333333333333333,2.2280701754385963,889.0350877192982,41.47368421052632,90.65727272727206,187.56140350877192,10.42,0.45,"3609,4399,4816,5292,6903,8186,8197,8236,8321,8331,8637,8662,8663,8669,8720,8721,8734,8739,8753,8889,9147,9149,9154,9167,9171,9180,9186,9221,9235,9241,9250,9264,9278,9297,9312,9313,9668,9677,9701,9705,9710,9711,9744,9788,9796,9801,9817,9895"
6214,50,1,0,0,0,0,0,46,0,0,0,0,0,0,0,0,0,0,0,0,39,0,0,0.9836065573770492,3.5245901639344264,0.2790697674418604,8.459016393442623,11.98360655737705,1.7540983606557377,0.7868852459016393,2.540983606557377,773.4426229508197,35.67213114754098,35.103999999999864,189.0983606557377,10.91,0.49,"2647,3967,5210,5646,8167,8222,8229,8235,8237,8305,8389,8634,8644,8655,8659,8679,8688,8717,8724,8735,8744,8748,8755,8776,8779,8780,9161,9168,9176,9189,9191,9209,9304,9670,9675,9681,9684,9707,9738,9758,9760,9774,9781,9782,9795,9797,9799,9814,9815,9816,9818,9828,9890,9897,9959"
6216,16,0,3,0,0,0,0,14,0,0,0,0,0,0,0,0,0,0,0,0,15,0,1,0.7916666666666666,3.7916666666666665,0.2087912087912088,18.875,22.666666666666668,1.9583333333333333,1.0416666666666667,3.0,2110.25,126.16666666666669,0.0,373.7916666666667,30.14,0.76,"3967,6308,6903,8160,8186,8191,8300,8314,8324,8807,9131,9171,9178,9200,9206,9217,9224,9225,9240,9248,9290"
6217,18,0,5,0,0,0,0,18,0,0,0,0,0,0,0,0,0,0,0,0,16,0,1,0.8461538461538461,3.923076923076923,0.2156862745098039,10.884615384615383,14.807692307692308,1.6538461538461535,1.4230769230769231,3.076923076923077,902.9615384615385,51.80769230769231,179.05190909090786,137.46153846153845,23.81,0.7,"3613,3964,4815,6303,8197,8204,8217,8244,8321,8326,8880,9189,9204,9214,9215,9229,9242,9252,9276,9295,9310"
6218,22,0,3,0,0,0,0,21,0,0,0,0,0,0,0,0,0,0,0,0,22,0,0,0.8846153846153846,3.0,0.2948717948717949,18.53846153846154,21.53846153846154,1.7307692307692308,0.3846153846153846,2.1153846153846154,2111.269230769231,112.26923076923076,381.69934782609545,338.03846153846155,22.22,0.14,"3956,5605,7170,8167,8189,8190,8195,8228,8245,8325,8389,8408,9149,9165,9167,9168,9184,9193,9198,9219,9236,9246,9264,9269,9274,9279,9312"
6219,18,0,2,0,0,0,0,17,0,0,0,0,0,0,0,0,0,0,0,0,16,0,0,0.9,4.5,0.2,24.45,28.95,3.25,0.35,3.6,1576.95,93.05,0.0,364.4,22.73,0.48,"1769,3590,4552,6310,8164,8170,8180,8196,8201,8210,8237,9137,9157,9160,9174,9175,9186,9201,9226,9254,9303,9313"
6220,17,0,1,0,0,0,0,17,0,0,0,0,0,0,0,0,0,0,0,0,16,0,0,0.7692307692307693,4.5,0.1709401709401709,12.346153846153848,16.846153846153847,2.3076923076923075,1.4230769230769231,3.730769230769231,987.6538461538462,48.38461538461539,25.007249999999846,185.92307692307693,36.36,0.76,"1380,5210,8232,8247,8248,8249,8251,8323,9163,9181,9191,9192,9196,9199,9211,9227,9228,9233,9239,9275,9297,9304"
6221,24,0,2,0,0,0,0,23,0,0,0,0,0,0,0,0,0,0,0,0,21,0,1,0.8064516129032258,3.612903225806452,0.2232142857142857,15.612903225806452,19.225806451612904,2.0,0.8064516129032258,2.806451612903226,1220.451612903226,63.96774193548387,93.59275999999916,240.5483870967742,32.14,0.54,"4399,4456,5699,6124,6262,7217,8158,8183,8185,8200,8207,8227,8236,8305,8403,9176,9179,9180,9194,9208,9209,9212,9216,9241,9244,9250,9273,9278"
6222,22,0,2,0,0,0,0,22,0,0,0,0,0,0,0,0,0,0,0,0,21,0,1,0.7931034482758621,3.413793103448276,0.2323232323232323,20.379310344827587,23.79310344827586,1.9655172413793105,0.6551724137931034,2.6206896551724137,1838.7241379310344,120.82758620689656,152.3147826086951,298.7241379310345,34.62,0.47,"3615,4282,4816,8159,8172,8188,8222,8235,8289,8331,8391,8409,9147,9154,9161,9162,9166,9205,9221,9232,9234,9243,9272,9280,9296,9301"
6245,31,2,4,0,0,0,0,27,0,0,0,0,0,0,0,0,0,0,0,0,12,0,0,0.9142857142857144,1.6857142857142855,0.5423728813559322,8.971428571428572,10.657142857142857,0.4285714285714285,0.3428571428571428,0.7714285714285715,989.3714285714286,50.94285714285714,157.9721562500005,287.0857142857143,30.95,0.69,"3956,4552,8180,8184,8185,8190,8200,8217,8229,8233,8289,8323,8325,8326,8389,8412,9672,9673,9675,9683,9684,9691,9701,9708,9709,9734,9735,9753,9764,9780,9814,9819,9828,9830,9831,9837,9841,9849,9881,9912,9932,9957"
6246,26,2,2,1,0,0,0,23,0,0,1,0,1,0,0,0,0,0,0,0,14,0,0,0.9523809523809524,1.3095238095238095,0.7272727272727273,8.238095238095237,9.547619047619047,0.0952380952380952,0.2619047619047619,0.3571428571428571,492.6904761904762,30.476190476190474,43.03417499999959,215.3571428571429,10.34,0.36,"1769,3964,4282,4399,5210,8188,8189,8196,8228,8408,9665,9666,9670,9676,9705,9710,9738,9778,9781,9783,9802,9807,9810,9811,9815,9848,9850,9890,9897"
6247,25,0,1,0,0,0,0,24,0,0,0,0,0,0,0,0,0,0,0,0,13,0,0,1.0,2.4242424242424243,0.4125,9.696969696969695,12.12121212121212,1.0303030303030305,0.3939393939393939,1.4242424242424243,989.6969696969696,51.24242424242424,60.34342424242367,199.1515151515152,13.79,0.43,"8160,8172,8192,8197,8236,8244,8248,8249,8300,9664,9669,9680,9682,9706,9736,9758,9771,9773,9785,9787,9801,9812,9816,9818,9820,9825,9826,9871,9940"
6248,23,1,2,0,0,1,0,22,0,0,0,0,0,0,0,0,0,0,0,0,12,0,1,0.9310344827586208,3.0689655172413794,0.3033707865168539,12.689655172413794,15.758620689655173,1.4482758620689655,0.6896551724137931,2.1379310344827585,999.5862068965516,47.3448275862069,83.18814814814799,279.51724137931035,21.43,0.59,"3609,8204,8207,8222,8235,8305,8308,8391,9668,9671,9685,9686,9694,9704,9741,9742,9745,9747,9751,9762,9782,9786,9798,9799,9809,9822,9876,9953"
6305,19,0,1,0,0,0,0,17,0,0,0,0,0,0,0,0,0,0,0,0,11,0,1,0.95,2.1,0.4523809523809524,12.3,14.4,0.5,0.65,1.15,1313.15,45.95,120.23068421052392,609.0,14.29,0.5,"3413,5537,7170,8160,8164,8167,8180,8192,8193,8245,8325,8638,8651,8660,8664,8666,8733,8741,8746,8747,8782"
6306,19,0,1,0,0,0,0,19,0,0,0,0,0,0,0,0,0,0,0,0,12,0,0,1.0,2.227272727272727,0.4489795918367347,9.590909090909092,11.818181818181818,0.5909090909090909,0.6363636363636364,1.2272727272727273,1964.3181818181813,81.27272727272727,196.3434090909024,358.77272727272725,5.0,0.18,"2647,3956,6092,8185,8194,8640,8659,8663,8670,8671,8677,8726,8732,8735,8755,8759,8816,8834,8878,8918"
6308,16,0,2,0,0,0,0,16,0,0,0,0,0,0,0,0,0,0,0,0,10,0,0,0.9130434782608696,5.521739130434782,0.1653543307086614,13.043478260869565,18.565217391304348,1.9565217391304348,2.652173913043478,4.608695652173913,2437.6521739130435,114.43478260869566,165.66366666666462,566.0,15.79,0.57,"8171,8172,8188,8210,8237,8403,8644,8674,8679,8687,8738,8752,8754,8762,8766,8780,8792,8796,8820"
6311,18,0,0,0,0,0,0,18,0,0,0,0,0,0,0,0,0,0,0,0,11,0,0,0.8636363636363636,3.954545454545455,0.2183908045977011,13.409090909090908,17.363636363636363,1.2727272727272727,1.818181818181818,3.090909090909091,2180.454545454545,95.86363636363636,298.6470526315777,580.1818181818181,10.0,0.52,"4552,8163,8207,8643,8647,8656,8658,8669,8681,8717,8727,8728,8734,8767,8772,8786,8791,8793,8835,8876"
6312,22,0,2,0,1,0,0,20,0,0,0,0,0,0,0,0,0,0,0,0,14,0,0,0.9166666666666666,1.9166666666666667,0.4782608695652174,9.375,11.291666666666666,0.2916666666666667,0.7083333333333334,1.0,1419.4583333333333,67.58333333333333,164.91881818181568,508.0833333333333,22.22,0.64,"1769,3566,4399,6124,6541,8181,8186,8201,8230,8236,8321,8414,8632,8634,8653,8662,8665,8716,8720,8722,8753,8758,8785,8795,8804,8830,8886"
6315,16,0,1,0,0,0,0,16,0,0,0,0,0,0,0,0,0,0,0,0,9,0,0,0.9523809523809524,2.952380952380953,0.3225806451612903,12.80952380952381,15.761904761904765,0.9047619047619048,1.0952380952380951,2.0,1327.4761904761904,56.142857142857146,128.98219999999884,549.2380952380952,5.88,0.42,"3590,8158,8169,8190,8195,8196,8244,8308,8412,8688,8745,8760,8776,8783,8800,8817,8889"
6316,20,0,2,0,1,0,0,19,0,0,0,0,0,0,0,0,0,0,0,0,9,0,0,0.9230769230769232,2.5,0.3692307692307692,9.153846153846152,11.653846153846152,0.8076923076923077,0.7692307692307693,1.5769230769230769,1422.423076923077,61.34615384615385,282.53949999999645,352.1923076923077,21.74,0.65,"3964,5457,8183,8184,8189,8233,8247,8249,8290,8300,8323,8655,8673,8729,8730,8740,8743,8749,8756,8771,8777,8778,8789"
6342,37,0,3,0,0,0,0,3,1,0,0,0,0,0,0,0,0,0,0,0,29,0,1,0.9347826086956522,4.0,0.233695652173913,11.347826086956522,15.347826086956522,2.5,0.5652173913043478,3.065217391304348,909.0,51.08695652173913,70.37932558139462,189.34782608695653,14.63,0.48,"1769,4399,4494,4815,6092,6124,8169,8210,8321,8389,8880,9147,9154,9164,9181,9196,9204,9205,9221,9233,9271,9274,9280,9313,9672,9688,9711,9734,9736,9741,9744,9745,9751,9756,9762,9780,9840,9848,9954,9958,9971"
6343,27,0,2,0,0,0,0,0,0,0,0,0,0,0,0,0,0,0,0,0,21,0,0,0.9722222222222222,2.6944444444444446,0.3608247422680412,10.36111111111111,13.055555555555555,1.1944444444444444,0.5277777777777778,1.7222222222222223,733.1388888888889,45.86111111111112,114.54414285714232,180.36111111111111,3.57,0.33,"1380,6308,7217,8237,8245,9220,9224,9227,9239,9243,9244,9246,9264,9276,9304,9746,9763,9771,9776,9777,9782,9790,9798,9806,9816,9817,9843,9952"
6344,45,0,3,0,0,0,0,2,0,0,0,0,0,0,0,0,0,0,0,0,37,0,0,0.9107142857142856,3.607142857142857,0.2524752475247525,19.446428571428573,23.053571428571427,1.7142857142857142,0.9821428571428572,2.696428571428572,1052.7857142857142,56.0,80.47605882352906,318.07142857142856,12.24,0.44,"5210,6303,8164,8168,8181,8183,8187,8197,8204,8403,8409,8807,9165,9175,9193,9216,9217,9226,9234,9235,9252,9301,9665,9680,9681,9682,9690,9692,9707,9708,9743,9773,9774,9781,9785,9786,9789,9795,9813,9822,9826,9827,9850,9940,9953,9955,9957,9959,9978"
6345,28,0,1,0,0,0,0,2,0,0,0,0,0,0,0,0,0,0,0,0,24,0,1,0.9714285714285714,3.2285714285714286,0.3008849557522124,11.142857142857142,14.371428571428572,1.2857142857142858,0.9714285714285714,2.257142857142857,1114.0285714285717,70.68571428571428,111.1000588235298,289.8,9.68,0.39,"3615,3967,5605,8158,8167,8172,8201,8244,8323,9149,9184,9191,9199,9212,9225,9237,9242,9295,9662,9671,9705,9758,9791,9802,9807,9820,9823,9834,9836,9876,9977"
6346,34,0,5,0,0,1,1,1,1,0,0,0,0,0,0,0,0,0,0,0,31,0,0,0.951219512195122,3.1219512195121952,0.3046875,12.829268292682928,15.951219512195122,1.7317073170731707,0.4390243902439024,2.1707317073170733,1005.5853658536586,61.68292682926829,205.48002564102384,231.85365853658536,13.51,0.42,"3590,3964,4552,8160,8189,8194,8195,8235,8247,8300,8391,9131,9160,9163,9168,9171,9179,9189,9198,9241,9267,9278,9673,9683,9686,9700,9703,9759,9764,9772,9794,9799,9810,9821,9829,9849,9890"
6347,35,0,2,0,0,2,0,0,0,0,0,0,0,0,0,0,0,0,0,0,30,0,0,0.8863636363636364,3.886363636363636,0.2280701754385964,13.977272727272728,17.863636363636363,2.0,1.0,3.0,1350.9318181818182,71.02272727272727,114.95343589743524,285.75,17.95,0.54,"3613,5699,8163,8171,8192,8196,8308,8325,9137,9166,9173,9186,9200,9206,9214,9228,9236,9240,9254,9272,9312,9675,9676,9684,9691,9701,9706,9710,9738,9752,9755,9775,9793,9809,9814,9833,9895,9897,9956"
6350,34,0,8,0,0,1,0,1,0,0,0,0,0,0,0,0,0,0,0,0,32,0,0,0.9387755102040816,2.897959183673469,0.323943661971831,11.448979591836734,14.346938775510203,1.163265306122449,0.7959183673469388,1.959183673469388,736.3265306122449,34.44897959183673,52.14876086956501,247.4081632653061,17.95,0.54,"4456,6310,8159,8170,8185,8207,8230,8232,8236,8290,8324,9161,9180,9194,9201,9211,9232,9248,9269,9669,9677,9678,9694,9704,9709,9735,9737,9739,9742,9787,9808,9815,9828,9831,9832,9838,9841,9880,9912"
6351,26,0,3,0,0,0,0,2,0,0,0,0,0,0,0,0,0,0,0,0,22,0,0,0.9473684210526316,4.289473684210527,0.2208588957055214,15.263157894736842,19.55263157894737,2.0,1.3421052631578947,3.3421052631578947,1494.9473684210527,86.07894736842105,143.513055555555,322.0,7.41,0.17,"3956,5292,7170,8184,8188,8193,8414,9167,9174,9250,9290,9297,9303,9310,9663,9668,9685,9760,9769,9770,9778,9783,9788,9801,9818,9888,9889"
6352,23,0,3,0,0,1,0,2,0,0,0,0,0,0,0,0,0,0,0,0,20,0,0,0.8857142857142857,4.057142857142857,0.2183098591549295,11.028571428571428,15.085714285714284,1.9428571428571428,1.2285714285714286,3.171428571428572,1083.3428571428572,59.457142857142856,33.27974193548384,242.68571428571428,29.03,0.52,"4816,8213,8227,8233,8248,8326,8412,9159,9162,9170,9176,9178,9192,9209,9229,9255,9273,9279,9286,9733,9753,9754,9779,9796,9811,9812,9819,9830,9837,9871,9881"
6358,34,0,2,0,0,0,0,0,0,0,0,0,0,0,0,0,0,0,0,0,31,0,0,1.0,5.256410256410256,0.1902439024390244,12.743589743589745,18.0,3.1538461538461537,1.1025641025641026,4.256410256410256,1049.076923076923,52.66666666666666,204.03907692307803,268.56410256410254,2.86,0.08,"3590,3964,6092,6124,8193,8300,8321,8637,8644,8646,8655,8662,8667,8721,8724,8727,8733,8752,8767,8834,8886,8889,9234,9236,9252,9663,9682,9686,9706,9771,9774,9818,9821,9836,9876"
6359,38,0,1,0,0,0,0,0,0,0,0,0,0,0,0,0,0,0,0,0,34,0,0,1.0,3.5434782608695654,0.2822085889570552,18.45652173913044,22.0,2.065217391304348,0.4782608695652174,2.5434782608695654,1228.6304347826087,69.80434782608695,149.02584782608622,277.3260869565217,7.32,0.28,"4282,4815,5605,5699,8160,8227,8244,8648,8687,8722,8723,8732,8738,8746,8780,8795,9179,9189,9191,9194,9197,9239,9269,9272,9279,9297,9666,9676,9678,9745,9754,9773,9778,9785,9786,9788,9795,9802,9806,9837,9952"
6360,51,0,2,0,0,0,0,3,0,0,0,0,0,0,0,0,1,0,0,0,44,0,0,0.9672131147540984,4.049180327868853,0.2388663967611336,17.75409836065574,21.80327868852459,2.377049180327869,0.7049180327868853,3.081967213114754,1062.8688524590164,49.78688524590164,62.441338983050464,328.55737704918033,7.27,0.43,"3413,3454,7223,8186,8201,8207,8247,8409,8414,8638,8663,8664,8679,8681,8715,8730,8744,8750,8758,8764,8788,8793,8807,8828,8835,9175,9186,9205,9209,9217,9226,9240,9241,9242,9244,9255,9267,9295,9304,9688,9694,9709,9710,9746,9755,9772,9783,9790,9809,9834,9838,9882,9912,9957,9958"
6361,34,0,0,0,0,0,0,3,0,0,0,0,0,0,0,0,0,0,0,0,33,0,1,0.9761904761904762,4.023809523809524,0.2426035502958579,19.928571428571427,23.95238095238096,2.2857142857142856,0.7619047619047619,3.0476190476190474,1060.571428571429,65.07142857142857,209.391707317072,261.8809523809524,10.53,0.53,"8164,8167,8195,8205,8210,8229,8235,8236,8248,8412,8639,8658,8674,8731,8741,8772,8782,8800,9162,9212,9243,9250,9303,9310,9671,9673,9735,9736,9739,9753,9777,9780,9826,9841,9953,9954,9977,9978"
6362,44,0,1,0,0,0,0,1,0,0,0,0,0,0,0,0,1,0,0,0,41,0,0,0.9622641509433962,3.660377358490566,0.2628865979381443,13.11320754716981,16.77358490566038,1.981132075471698,0.7169811320754716,2.69811320754717,815.433962264151,39.471698113207545,55.978411764705776,218.03773584905665,6.38,0.26,"2647,3615,4494,6310,6376,6541,8159,8171,8305,8325,8403,8408,8634,8640,8643,8686,8717,8726,8745,8755,8760,8771,8790,8804,9163,9173,9181,9193,9200,9221,9224,9263,9264,9271,9278,9665,9704,9744,9756,9770,9799,9801,9812,9814,9819,9871,9897"
6363,46,0,1,0,0,0,0,3,0,0,0,0,0,0,0,0,1,0,0,0,43,0,0,0.9491525423728814,2.7457627118644066,0.345679012345679,11.677966101694915,14.423728813559322,1.271186440677966,0.5254237288135594,1.7966101694915255,774.4745762711865,35.25423728813559,56.78016071428544,148.54237288135593,2.13,0.25,"1380,3108,3956,3967,4399,5210,5537,5646,7170,8158,8197,8656,8669,8677,8735,8743,8778,8785,8809,8816,9147,9165,9192,9199,9228,9286,9290,9672,9680,9681,9685,9692,9701,9705,9707,9737,9742,9752,9775,9776,9796,9815,9816,9823,9830,9840,9889"
6364,40,0,1,0,0,0,0,2,0,0,0,0,0,0,0,0,1,0,0,0,38,0,0,1.0,3.7058823529411766,0.2698412698412698,12.392156862745098,16.098039215686274,2.117647058823529,0.5882352941176471,2.7058823529411766,885.6274509803922,41.3921568627451,35.43476470588227,155.88235294117646,0.0,0.0,"6262,6308,8172,8188,8189,8633,8645,8666,8720,8739,8740,8742,8749,8753,8756,8783,8784,8791,8817,9131,9170,9184,9196,9216,9232,9312,9668,9683,9684,9738,9741,9762,9779,9789,9807,9827,9832,9843,9848,9849"
6365,45,0,2,0,0,0,0,2,0,0,0,0,0,0,0,0,0,0,0,0,44,0,0,0.9807692307692308,2.5384615384615383,0.3863636363636363,13.076923076923077,15.615384615384617,1.0384615384615383,0.5192307692307693,1.5576923076923077,796.3846153846154,40.44230769230769,61.91517647058806,205.0,8.33,0.34,"1769,4816,6303,8170,8183,8184,8187,8192,8194,8204,8217,8629,8632,8653,8660,8665,8716,8725,8748,8759,8766,8777,8779,8806,8810,9164,9167,9171,9201,9206,9225,9227,9270,9276,9296,9301,9662,9669,9691,9733,9743,9758,9759,9763,9794,9811,9833,9850"
6366,43,0,1,0,0,0,0,0,0,0,0,0,0,0,0,0,1,0,0,0,39,0,0,0.9215686274509804,7.627450980392157,0.1208226221079691,19.50980392156863,27.137254901960784,3.843137254901961,2.862745098039216,6.705882352941177,1242.843137254902,70.68627450980392,138.91363829787318,312.80392156862746,15.98,0.29,"3613,5457,8163,8168,8196,8635,8636,8647,8671,8688,8734,8736,8747,8776,8789,8797,8878,8880,8918,9137,9149,9157,9159,9160,9168,9174,9176,9178,9180,9220,9235,9246,9248,9273,9280,9690,9708,9751,9760,9764,9817,9820,9822,9824,9829,9888,9895,9932"
6367,44,0,0,0,0,0,0,1,0,0,0,0,0,0,0,0,0,0,0,0,38,0,0,0.9821428571428572,3.0,0.3273809523809524,13.982142857142858,16.982142857142858,1.75,0.2678571428571428,2.017857142857143,843.2321428571429,47.10714285714285,43.38209090909076,218.8928571428572,4.35,0.15,"3566,4456,4552,5292,8169,8180,8181,8213,8233,8237,8323,8391,8668,8670,8729,8754,8762,8786,8792,8796,9198,9204,9211,9214,9219,9229,9233,9237,9274,9313,9675,9700,9703,9769,9781,9782,9787,9791,9798,9828,9880,9890,9940,9955,9956,9959"
6371,50,0,5,0,1,0,0,9,2,0,0,0,0,0,0,0,0,0,0,0,39,0,0,0.9206349206349206,5.349206349206349,0.172106824925816,15.698412698412698,21.047619047619047,2.888888888888889,1.5396825396825398,4.428571428571429,1805.253968253968,88.42857142857143,237.65955172413703,398.936507936508,23.11,0.51,"3454,4456,6124,6262,8159,8160,8163,8168,8172,8186,8187,8194,8196,8210,8247,8325,8391,8414,8632,8633,8634,8660,8665,8667,8677,8679,8721,8732,8733,8749,8756,8762,8783,8793,8810,8834,8889,9170,9189,9193,9221,9224,9279,9686,9707,9745,9746,9755,9760,9762,9777,9779,9790,9794,9819,9826,9840,9841,9849,9876,9882,9912"
6372,23,0,3,0,0,0,0,21,0,0,0,0,0,0,0,0,0,0,0,0,14,0,0,1.0,2.1,0.4761904761904761,9.433333333333334,11.533333333333331,0.5333333333333333,0.5666666666666667,1.1,1596.3333333333333,80.6,258.4920666666651,371.53333333333336,0.0,0.0,"3613,8159,8192,8196,8321,8807,9171,9176,9178,9191,9209,9224,9240,9271,9276,9301,9663,9746,9777,9780,9811,9833,9958"
6373,29,0,0,0,0,0,0,27,0,0,0,0,0,0,0,0,0,0,0,0,18,0,1,0.9166666666666666,2.6666666666666665,0.34375,13.333333333333334,16.0,0.6666666666666666,1.0833333333333333,1.75,1757.888888888889,87.08333333333333,189.84590909090903,352.44444444444446,21.91,0.59,"4552,8164,8188,8213,8325,8391,8414,8880,9200,9214,9216,9217,9234,9243,9250,9252,9264,9272,9279,9286,9297,9680,9710,9735,9743,9753,9754,9759,9775,9776,9850,9876,9890,9940,9977"
6374,38,0,2,0,0,0,0,38,0,0,0,0,0,0,0,0,0,0,0,0,23,0,0,0.9302325581395348,3.046511627906977,0.3053435114503817,15.255813953488373,18.302325581395348,0.9534883720930232,1.162790697674419,2.116279069767442,1921.558139534884,99.0,182.3875749999975,468.04651162790697,11.63,0.33,"5292,8160,8189,8195,8204,8248,9170,9174,9192,9226,9235,9239,9244,9255,9269,9278,9312,9668,9684,9692,9701,9703,9756,9758,9763,9771,9779,9785,9786,9788,9789,9790,9801,9802,9816,9828,9829,9871,9888,9889,9932,9953,9978"
6375,26,0,2,0,0,0,0,24,0,0,0,0,0,0,0,0,0,0,0,0,11,0,0,0.9393939393939394,1.93939393939394,0.484375,7.9393939393939394,9.87878787878788,0.5151515151515151,0.4848484848484848,1.0,1179.060606060606,51.121212121212125,293.4611290322568,203.5757575757576,10.34,0.36,"3615,4494,5210,5699,7170,8168,9173,9179,9186,9199,9225,9232,9236,9248,9267,9310,9662,9672,9691,9751,9752,9774,9778,9809,9817,9827,9834,9954,9955"
6376,26,0,2,0,0,0,0,25,0,0,0,0,0,0,0,0,1,0,0,0,14,0,0,1.0,2.914285714285714,0.3431372549019608,13.028571428571428,15.942857142857145,0.6571428571428571,1.2571428571428571,1.9142857142857144,1829.2,87.17142857142858,286.850142857144,373.6571428571429,7.14,0.41,"4815,6124,6262,6303,6308,8193,8197,8235,8247,8305,8412,9147,9180,9198,9201,9227,9233,9295,9304,9678,9694,9706,9791,9795,9799,9824,9848,9959"
6377,31,0,0,0,0,0,0,30,0,0,0,0,0,0,0,0,1,0,0,0,19,0,0,0.9714285714285714,2.5428571428571427,0.3820224719101123,7.685714285714286,10.228571428571428,0.5428571428571428,1.0285714285714285,1.5714285714285714,1118.6,48.371428571428574,97.55541176470446,338.22857142857146,13.89,0.55,"3964,4456,4816,8201,8229,9131,9167,9175,9181,9184,9193,9197,9204,9220,9263,9313,9666,9669,9676,9681,9682,9737,9738,9742,9762,9773,9796,9812,9815,9820,9821,9822,9826,9832,9837,9956"
6378,26,0,1,0,0,0,0,24,0,0,0,0,0,0,0,0,0,0,0,0,14,0,0,0.9142857142857144,2.5428571428571427,0.3595505617977528,14.6,17.142857142857142,1.0571428571428572,0.5714285714285714,1.6285714285714286,1567.571428571429,69.74285714285715,159.2131562500007,417.25714285714287,16.67,0.13,"1380,1769,3590,8167,8181,8183,8184,8186,8194,8227,8236,9137,9149,9196,9205,9211,9221,9237,9274,9705,9739,9744,9755,9764,9770,9819,9823,9843,9849,9880"
6379,25,0,0,0,0,0,0,24,0,0,0,0,0,0,0,0,0,0,0,0,13,0,0,1.0,5.161290322580645,0.19375,12.612903225806452,17.774193548387096,1.4516129032258065,2.7096774193548385,4.161290322580645,1839.483870967742,72.74193548387096,89.18270967741866,359.4516129032258,3.85,0.23,"3956,6310,8207,8210,8217,8237,8300,8403,9157,9168,9189,9212,9219,9241,9242,9270,9273,9675,9760,9781,9787,9806,9807,9814,9818,9830"
6380,32,0,2,0,0,0,0,28,0,0,0,0,0,0,0,0,0,0,0,0,21,0,0,0.9487179487179488,2.7948717948717947,0.3394495412844037,9.692307692307692,12.487179487179487,1.0,0.8461538461538461,1.8461538461538465,1349.4615384615386,54.61538461538461,153.29448648648548,311.5897435897436,13.89,0.48,"3967,4399,5605,8158,8170,8171,8172,8180,8187,8244,9164,9165,9206,9228,9229,9280,9290,9303,9671,9673,9683,9686,9688,9707,9708,9709,9736,9741,9772,9782,9794,9836,9841,9897,9912,9957"
6381,25,0,2,1,0,0,0,24,0,0,0,0,0,0,0,0,0,0,0,0,17,0,0,1.0,3.40625,0.2935779816513761,13.15625,16.5625,0.90625,1.5,2.40625,1850.625,96.0,251.847437499998,573.71875,7.41,0.44,"4282,8163,8169,8323,8408,8409,9159,9160,9162,9163,9194,9246,9296,9665,9685,9690,9700,9704,9745,9769,9783,9798,9838,9840,9882,9895,9952"
6382,45,0,1,0,0,0,0,8,1,0,0,0,0,0,0,0,2,0,0,0,32,0,0,0.9107142857142856,3.267857142857143,0.2786885245901639,14.107142857142858,17.375,1.625,0.7321428571428571,2.357142857142857,1439.857142857143,72.21428571428571,301.0903137254878,305.67857142857144,16.65,0.39,"1769,3108,3413,3590,3964,4399,4815,8167,8180,8183,8189,8207,8244,8248,8321,8644,8645,8646,8648,8669,8723,8735,8745,8747,8750,8790,9157,9160,9174,9198,9206,9209,9217,9219,9225,9244,9270,9273,9290,9296,9301,9665,9669,9672,9683,9742,9812,9815,9836,9850,9932,9952"
6391,41,0,3,0,0,0,0,4,0,0,0,0,0,0,0,0,2,0,0,0,29,0,0,0.8490566037735849,4.584905660377358,0.1851851851851851,14.39622641509434,18.9811320754717,2.39622641509434,1.339622641509434,3.7358490566037736,1484.8867924528302,80.75471698113208,272.5248222222209,281.62264150943395,28.3,0.41,"4552,4816,6310,7170,8164,8170,8181,8184,8217,8739,8743,8746,8753,8759,8779,8791,8792,8797,8807,8886,9171,9191,9205,9233,9237,9239,9242,9248,9263,9271,9278,9671,9675,9682,9684,9694,9705,9706,9710,9741,9771,9780,9785,9787,9816,9818,9833,9843,9880,9953,9954,9955,9977"
6393,35,0,2,0,0,0,0,9,2,0,0,0,0,0,0,0,3,0,0,0,26,0,3,0.8604651162790697,3.441860465116279,0.25,14.86046511627907,18.302325581395348,1.9534883720930232,0.627906976744186,2.581395348837209,1411.0,63.674418604651166,155.7980810810796,352.8139534883721,33.98,0.72,"3615,5457,5646,6376,8158,8171,8195,8213,8229,8235,8305,8408,8647,8666,8727,8734,8738,8755,8771,8778,8788,8789,8816,9137,9149,9164,9179,9192,9196,9201,9227,9228,9235,9252,9269,9272,9304,9676,9701,9708,9736,9739,9743,9756,9778,9795,9817,9848,9890,9957,9959"
6394,35,0,2,0,0,1,0,7,0,0,0,0,0,0,0,0,2,0,0,0,23,0,0,0.9555555555555556,6.266666666666667,0.1524822695035461,14.822222222222225,21.08888888888889,3.4444444444444446,1.8666666666666667,5.311111111111111,1634.6666666666667,78.42222222222222,162.6054186046503,302.5777777777778,5.41,0.32,"3613,4282,5210,6308,8193,8201,8227,8300,8403,8663,8688,8720,8742,8772,8777,8828,8835,8880,9176,9186,9194,9199,9200,9204,9229,9234,9255,9264,9295,9737,9738,9770,9788,9789,9806,9823,9830"
6396,41,0,4,0,0,0,0,3,0,0,1,0,0,0,0,0,4,0,0,0,29,0,4,0.9183673469387756,3.183673469387755,0.2884615384615384,12.040816326530612,15.224489795918368,1.346938775510204,0.9183673469387756,2.26530612244898,1442.7142857142858,74.93877551020408,313.4980222222211,276.81632653061223,15.22,0.46,"2647,3566,3956,5699,8192,8197,8204,8236,8653,8664,8670,8715,8725,8726,8730,8736,8752,8754,8764,8767,8780,8782,8784,8786,8878,8918,9165,9173,9175,9220,9236,9241,9243,9276,9303,9310,9681,9691,9703,9753,9763,9773,9791,9801,9807,9871"
6466,16,0,1,0,0,0,0,0,0,0,0,0,0,0,0,0,0,0,0,0,7,0,0,0.8421052631578947,2.9473684210526314,0.2857142857142857,10.736842105263158,13.68421052631579,1.5263157894736843,0.5789473684210527,2.1052631578947367,1269.1052631578948,89.78947368421052,0.0,222.21052631578948,18.5,0.52,"8632,8638,8646,8650,8663,8671,8680,8720,8726,8732,8736,8762,8788,8793,8794,8798,8801,8816"
6468,22,0,1,0,1,0,0,0,0,0,0,0,0,0,0,0,0,0,0,0,7,0,0,0.9393939393939394,1.303030303030303,0.7209302325581395,12.575757575757576,13.87878787878788,0.2727272727272727,0.0909090909090909,0.3636363636363636,567.3636363636364,27.151515151515152,0.0,260.6363636363636,22.22,0.51,"2068,3108,6310,8645,8647,8664,8665,8681,8716,8743,8752,8756,8778,8780,8787,8830,8874,8880,8886,9137,9159,9166,9170,9171,9178,9199,9276"
6469,49,0,0,0,0,0,0,0,0,0,0,0,0,0,0,0,0,0,0,0,13,0,0,0.9473684210526316,2.6140350877192984,0.3624161073825503,11.859649122807015,14.473684210526317,0.5964912280701754,1.0701754385964912,1.6666666666666667,1060.0877192982457,75.64912280701755,69.37772222222382,286.4035087719298,25.4,0.58,"1380,3566,5065,5087,5537,8637,8677,8727,8733,8734,8735,8742,8754,8758,8767,8772,8777,8783,8808,8811,8834,8873,8876,8878,9154,9157,9182,9196,9201,9212,9214,9224,9227,9240,9254,9269,9274,9275,9280,9286,9294,9302,9310,9313,9664,9672,9741,9745,9754,9758,9766,9770,9776,9781,9794,9796,9798,9817,9819,9822,9834,9880,9957"
6470,36,0,0,0,0,0,0,0,0,0,0,0,0,0,0,0,0,0,0,0,9,0,0,0.9761904761904762,3.1666666666666665,0.3082706766917293,8.261904761904763,11.428571428571429,1.8571428571428568,0.3333333333333333,2.1904761904761907,391.5238095238095,23.666666666666668,6.460853658536591,171.35714285714286,20.0,0.57,"8636,8649,8687,8688,8729,8731,8740,8749,8759,8779,8792,8795,8799,8804,8812,9163,9181,9225,9231,9234,9235,9237,9248,9301,9671,9703,9707,9708,9709,9710,9736,9744,9753,9756,9757,9759,9764,9769,9775,9785,9807,9824,9830,9876,9882"
6471,42,0,0,0,0,0,0,0,0,0,0,0,0,0,0,0,0,0,0,0,15,0,0,1.0,1.8958333333333333,0.5274725274725275,10.104166666666666,12.0,0.4166666666666667,0.4791666666666667,0.8958333333333334,603.2916666666666,31.875,95.24852083333236,234.91666666666663,14.29,0.3,"2647,7782,8660,8668,8685,8715,8725,8739,8745,8747,8771,8785,8789,8790,8870,9149,9164,9169,9179,9186,9194,9202,9211,9244,9272,9287,9306,9665,9666,9673,9734,9735,9739,9747,9767,9773,9777,9786,9787,9797,9825,9832,9836,9842,9843,9848,9871,9888,9958"
6472,42,0,1,0,0,0,0,0,0,0,0,0,0,0,0,0,0,0,0,0,12,0,1,0.9464285714285714,1.4464285714285714,0.654320987654321,7.892857142857143,9.339285714285714,0.4285714285714285,0.0714285714285714,0.5,620.375,26.928571428571427,118.87773584905597,208.69642857142856,16.67,0.6,"3454,5699,5737,6541,7223,8655,8686,8721,8728,8741,8755,8805,8807,8820,8887,9173,9175,9191,9192,9205,9209,9215,9217,9221,9223,9232,9267,9289,9293,9663,9706,9733,9737,9742,9763,9772,9774,9779,9783,9791,9792,9806,9812,9813,9815,9826,9828,9831"
6473,49,0,0,0,0,0,0,0,0,0,0,0,0,0,0,0,0,0,0,0,22,0,0,0.95,1.85,0.5135135135135135,10.683333333333334,12.533333333333331,0.5833333333333334,0.3166666666666666,0.9,955.75,58.88333333333333,20.603912280701707,274.0833333333333,12.73,0.19,"4815,5646,6308,6903,8629,8634,8635,8640,8643,8653,8658,8659,8661,8669,8689,8717,8722,8723,8737,8738,8750,8753,8760,9147,9161,9174,9180,9189,9200,9219,9220,9236,9241,9250,9255,9271,9278,9296,9662,9670,9705,9711,9751,9780,9782,9793,9795,9814,9816,9818,9820,9823,9840,9881,9932"
6474,37,0,2,0,0,0,0,0,0,0,0,0,0,0,0,0,0,0,0,0,16,0,0,0.9318181818181818,6.0,0.1553030303030303,13.681818181818182,19.681818181818183,2.5454545454545454,2.522727272727273,5.068181818181818,774.6136363636364,35.77272727272727,59.72036585365844,292.54545454545456,20.45,0.58,"3413,3613,3967,4456,4494,5482,6303,8633,8644,8651,8656,8662,8744,8776,8784,8797,8819,8835,8869,8875,8889,9162,9165,9167,9168,9193,9198,9204,9216,9273,9298,9668,9700,9701,9704,9743,9746,9762,9788,9801,9810,9827,9850,9869"
6475,50,0,0,0,0,0,0,0,0,0,0,0,0,0,0,0,0,0,0,0,13,0,1,0.9516129032258064,2.161290322580645,0.4402985074626865,10.46774193548387,12.629032258064516,0.3387096774193548,0.8709677419354839,1.2096774193548387,482.46774193548384,27.12903225806452,25.552491525423545,251.3870967741936,9.26,0.24,"4816,8641,8648,8654,8673,8674,8730,8746,8757,8782,8786,8800,8806,8809,8810,8817,8828,8877,9131,9158,9160,9176,9184,9195,9197,9218,9226,9228,9229,9233,9247,9263,9264,9290,9304,9312,9667,9669,9738,9752,9755,9760,9771,9778,9789,9790,9799,9804,9808,9809,9811,9821,9829,9889"
6476,30,0,1,0,0,0,0,0,0,0,0,0,0,0,0,0,0,0,0,0,12,0,0,0.9285714285714286,1.9523809523809523,0.4756097560975609,9.071428571428571,11.023809523809524,0.3333333333333333,0.6904761904761905,1.0238095238095235,539.6428571428571,31.857142857142858,41.073025641025474,286.3809523809524,12.74,0.51,"1380,8633,8636,8671,8722,8728,8734,8755,8767,8771,8778,8787,8795,8810,8877,9159,9163,9167,9170,9176,9186,9194,9217,9242,9247,9278,9298,9668,9743,9764,9777,9782,9824,9825"
6477,48,0,1,0,0,0,0,0,0,0,0,0,0,0,0,0,0,0,0,0,20,0,0,0.9642857142857144,1.7678571428571428,0.5454545454545454,8.053571428571429,9.821428571428571,0.5178571428571429,0.2857142857142857,0.8035714285714286,548.7321428571429,38.42857142857143,87.18322222222183,176.48214285714286,9.62,0.4,"3613,4815,5065,8638,8647,8649,8651,8653,8661,8668,8724,8727,8733,8741,8742,8750,8766,8779,8790,8792,8793,8797,8816,8817,8870,9157,9160,9161,9174,9184,9193,9195,9196,9205,9220,9233,9234,9272,9294,9297,9312,9700,9705,9709,9742,9745,9776,9795,9802,9806,9829,9836"
6478,37,0,3,0,0,0,0,0,0,0,0,0,0,0,0,0,0,0,0,0,14,0,0,0.96,2.28,0.4210526315789473,9.72,12.0,0.5,0.82,1.32,1002.18,78.14,79.80989583333212,234.74,9.76,0.25,"2068,2647,3108,8656,8662,8665,8674,8675,8677,8688,8729,8738,8743,8745,8748,8784,8785,8801,8807,8809,8834,8873,9166,9169,9198,9202,9214,9216,9235,9240,9273,9275,9276,9310,9662,9785,9787,9808,9812,9820,9848"
6479,44,0,5,0,1,0,0,0,0,0,0,0,0,0,0,0,0,0,0,0,20,0,0,0.8301886792452831,3.962264150943396,0.2095238095238095,16.830188679245282,20.79245283018868,1.9433962264150944,1.1886792452830188,3.1320754716981134,1215.433962264151,85.67924528301887,189.5838181818184,394.0754716981132,20.83,0.6,"5087,5646,8632,8635,8637,8643,8650,8689,8716,8723,8730,8732,8772,8777,8799,8820,8876,8887,9168,9206,9215,9231,9236,9250,9271,9280,9290,9302,9664,9665,9672,9704,9708,9751,9752,9759,9770,9772,9792,9797,9799,9809,9827,9828,9831,9843,9880,9888"
6480,35,0,2,0,0,0,0,0,0,0,0,0,0,0,0,0,0,0,0,0,11,0,0,0.9772727272727272,2.2954545454545454,0.4257425742574257,14.045454545454543,16.34090909090909,0.1136363636363636,1.2045454545454546,1.318181818181818,742.75,60.95454545454545,89.98923255813997,227.3181818181818,7.89,0.32,"7782,8629,8667,8673,8744,8780,8783,8805,8811,8835,8889,9147,9154,9164,9197,9219,9221,9223,9248,9269,9306,9669,9671,9711,9739,9746,9754,9755,9769,9771,9779,9793,9815,9821,9823,9830,9850,9957"
6481,39,0,0,0,0,0,0,0,0,0,0,0,0,0,0,0,0,0,0,0,17,0,0,0.92,2.96,0.3108108108108108,8.6,11.56,0.44,1.6,2.04,758.32,56.22,68.53573913043428,186.58,11.36,0.45,"3413,3454,4494,6308,8640,8645,8654,8658,8664,8669,8686,8725,8739,8754,8758,8759,8869,8874,8878,9149,9165,9182,9189,9210,9225,9229,9254,9287,9289,9670,9706,9737,9741,9757,9758,9781,9790,9798,9800,9807,9813,9816,9834,9889"
6482,34,0,0,0,0,0,0,0,0,0,0,0,0,0,0,0,0,0,0,0,12,0,0,1.0,2.6222222222222222,0.3813559322033898,8.844444444444445,11.466666666666669,0.4222222222222222,1.2,1.6222222222222222,698.4444444444445,47.04444444444445,148.31842222222227,217.2,8.11,0.29,"6541,7223,8670,8681,8685,8731,8735,8737,8740,8747,8789,8794,8800,8808,8819,8875,9131,9162,9173,9185,9192,9200,9212,9228,9255,9296,9304,9663,9753,9760,9774,9791,9796,9804,9810,9871,9881"
6483,43,0,1,0,0,0,0,0,0,0,0,0,0,0,0,0,0,0,0,0,10,0,0,0.979591836734694,1.530612244897959,0.64,4.877551020408164,6.408163265306122,0.1224489795918367,0.4285714285714285,0.5510204081632653,228.0612244897959,10.551020408163266,51.117645833333256,101.91836734693878,6.52,0.34,"3967,4816,5537,6310,8634,8639,8646,8660,8715,8720,8736,8746,8752,8753,8782,8786,8788,8804,8818,9171,9175,9178,9179,9180,9191,9199,9201,9224,9226,9227,9263,9264,9274,9313,9710,9738,9744,9747,9763,9766,9775,9786,9788,9789,9794,9842"
6484,33,0,0,0,0,0,0,0,0,0,0,0,0,0,0,0,0,0,0,0,9,0,0,0.9534883720930232,1.9069767441860463,0.5,5.395348837209302,7.302325581395348,0.3720930232558139,0.5813953488372093,0.9534883720930232,637.0930232558139,38.55813953488372,23.566243902439005,142.53488372093022,13.16,0.29,"4456,5699,6903,8663,8666,8687,8726,8756,8791,8796,8806,8812,8828,8830,9158,9208,9218,9232,9267,9301,9666,9667,9701,9733,9734,9735,9756,9762,9767,9773,9778,9801,9817,9822,9832,9840,9932,9958"
6485,39,0,2,0,0,0,0,0,0,0,0,0,0,0,0,0,0,0,0,0,17,0,0,0.94,2.78,0.3381294964028777,6.98,9.76,0.24,1.6,1.84,629.02,43.32,70.31534042553166,140.24,11.36,0.45,"3566,5482,5737,6303,8641,8644,8648,8655,8657,8659,8679,8717,8721,8749,8757,8760,8762,8764,8776,8798,8880,8886,9137,9181,9204,9209,9211,9237,9241,9244,9286,9293,9673,9703,9707,9736,9780,9783,9811,9814,9818,9819,9826,9876"
6506,17,0,0,0,0,0,0,4,0,0,0,0,0,0,0,0,0,0,0,0,8,0,2,0.8947368421052632,1.894736842105263,0.4722222222222222,10.210526315789474,12.105263157894736,0.7368421052631579,0.2631578947368421,1.0,1118.4736842105262,72.05263157894737,0.0,210.1578947368421,20.62,0.69,"5087,8635,8640,8645,8648,8680,8720,8730,8731,8733,8741,8744,8750,8756,8779,8780,8783,8800,8835,8870,8918"
6509,16,0,1,0,0,0,0,2,0,0,0,0,0,0,0,0,0,0,0,0,8,0,0,0.9444444444444444,1.8888888888888888,0.5,14.72222222222222,16.61111111111111,0.7777777777777778,0.1666666666666666,0.9444444444444444,1837.7777777777776,87.05555555555556,28.972823529411546,419.77777777777777,7.82,0.24,"2647,3413,3566,6376,7223,8660,8662,8674,8688,8689,8715,8721,8725,8735,8771,8795,8818"
6511,16,0,1,0,0,0,0,2,0,0,0,0,0,0,0,0,0,0,0,0,3,0,0,0.8947368421052632,7.736842105263157,0.1156462585034013,16.105263157894736,23.84210526315789,5.2105263157894735,1.631578947368421,6.842105263157895,2815.2631578947367,138.8421052631579,213.000882352939,795.7894736842105,7.82,0.19,"6541,8633,8637,8639,8644,8647,8653,8664,8676,8736,8739,8762,8794,8796,8809,8817,8887"
6514,18,0,0,0,0,0,0,0,0,0,0,0,0,0,0,0,0,0,0,0,16,0,0,0.7916666666666666,8.666666666666666,0.0913461538461538,23.875,32.541666666666664,6.916666666666667,0.9583333333333334,7.875,2348.75,145.41666666666666,171.75484210526253,507.4583333333333,22.24,0.6,"3454,5537,8632,8647,8651,8663,8666,8670,8685,8729,8748,8752,8764,8778,8782,8792,8798,8801,8816,8819,8889"
6529,17,0,0,0,0,0,0,0,0,0,0,0,0,0,0,0,0,0,0,0,15,0,0,0.9473684210526316,9.789473684210526,0.0967741935483871,23.42105263157895,33.21052631578947,7.315789473684211,1.5263157894736843,8.842105263157896,2111.7894736842104,137.1578947368421,42.66177777777748,427.5263157894737,15.79,0.5,"2647,6376,6541,7223,8635,8655,8656,8662,8664,8667,8677,8740,8743,8766,8776,8791,8809,8820,8918"
6534,20,0,0,0,0,0,0,0,0,0,0,0,0,0,0,0,0,0,0,0,17,0,0,1.0,6.5,0.1538461538461538,18.363636363636363,24.863636363636363,4.2727272727272725,1.2272727272727273,5.5,1965.9545454545453,121.04545454545456,155.24390909090764,407.54545454545456,0.0,0.0,"3108,8634,8644,8653,8659,8676,8681,8725,8726,8730,8732,8753,8759,8772,8784,8787,8789,8794,8830,8834"
6535,22,0,1,0,0,0,0,2,0,0,0,0,0,0,0,0,0,0,0,0,19,0,0,0.8,7.52,0.1063829787234042,23.72,31.24,5.32,1.4,6.72,2077.76,133.92,209.1983999999977,752.36,14.52,0.53,"8638,8639,8643,8661,8722,8738,8739,8744,8754,8758,8771,8783,8788,8795,8796,8799,8800,8804,8828,8875,8877,8878,8886"
6548,20,0,0,0,0,0,0,8,0,0,0,0,0,0,0,0,0,0,0,0,19,0,1,1.0,1.3478260869565215,0.7419354838709677,4.521739130434782,5.869565217391305,0.1739130434782608,0.1739130434782608,0.3478260869565217,389.8695652173913,18.869565217391305,74.95095652173835,48.52173913043478,0.0,0.0,"8636,8643,8646,8654,8656,8663,8673,8674,8720,8727,8734,8743,8750,8764,8776,8777,8780,8795,8797,8801"
6549,20,0,0,0,0,0,0,5,0,0,0,0,0,0,0,0,0,0,0,0,17,0,0,1.0,2.090909090909091,0.4782608695652174,6.227272727272728,8.318181818181818,0.3181818181818182,0.7727272727272727,1.0909090909090908,418.3636363636364,27.59090909090909,22.792181818181778,77.0,0.0,0.0,"5457,6376,8633,8640,8660,8667,8668,8669,8681,8687,8716,8717,8725,8736,8740,8762,8787,8793,8806,8834"
6561,20,0,1,0,0,0,0,8,0,0,0,0,0,0,0,0,0,0,0,0,15,0,0,1.0,1.173913043478261,0.8518518518518519,3.9130434782608696,5.086956521739131,0.0434782608695652,0.1304347826086956,0.1739130434782608,208.1304347826087,8.91304347826087,42.74965217391268,55.65217391304348,0.0,0.0,"2647,6541,8651,8658,8661,8723,8733,8748,8755,8778,8779,8783,8791,8792,8804,8816,8820,8830,8877,8918"
6565,19,0,1,0,0,0,0,10,0,0,0,0,0,0,0,0,0,0,0,0,10,0,0,0.96,4.88,0.1967213114754098,10.68,15.56,3.2,0.72,3.92,1726.44,69.92,0.0,289.92,5.0,0.38,"3454,8674,8685,8717,8720,8723,8729,8736,8744,8754,8760,8762,8776,8791,8793,8817,8830,8887,8889,8918"
6566,17,0,0,0,0,0,0,6,0,0,0,0,0,0,0,0,0,0,0,0,8,0,0,1.0,3.9,0.2564102564102564,9.85,13.75,2.55,0.35,2.9,1421.7,84.3,28.37219999999981,227.65,0.0,0.0,"8632,8634,8661,8662,8677,8679,8686,8727,8731,8738,8740,8755,8764,8789,8804,8810,8819"
6571,17,0,0,0,0,0,0,7,0,0,0,0,0,0,0,0,0,0,0,0,8,0,1,1.0,2.2222222222222223,0.45,7.777777777777778,10.0,0.8888888888888888,0.3333333333333333,1.2222222222222223,1015.1666666666666,46.888888888888886,97.3546666666661,182.5555555555556,0.0,0.0,"5646,7223,8637,8653,8667,8689,8715,8728,8735,8767,8778,8788,8795,8796,8797,8816,8878"
6572,17,0,0,0,0,0,0,12,0,0,0,0,0,0,0,0,0,0,0,0,3,0,0,1.0,6.818181818181818,0.1466666666666666,17.454545454545453,24.27272727272728,4.909090909090909,0.9090909090909092,5.818181818181818,2112.681818181818,108.13636363636364,128.6024999999984,373.4090909090909,0.0,0.0,"8629,8635,8639,8640,8648,8663,8670,8722,8724,8752,8766,8783,8785,8786,8800,8806,8809"
6609,16,0,3,0,0,0,0,14,0,0,0,0,0,0,0,0,0,0,0,0,13,0,0,0.8888888888888888,4.722222222222222,0.188235294117647,17.333333333333332,22.05555555555556,1.8333333333333333,2.0,3.8333333333333335,1878.8333333333333,118.88888888888889,278.48243750000256,439.8888888888889,26.32,0.44,"3108,3413,5457,8635,8671,8722,8724,8734,8744,8745,8746,8750,8752,8764,8780,8792,8806,8830,8834"
6626,17,0,0,0,0,0,0,16,0,0,0,0,0,0,0,0,0,0,0,0,10,0,0,1.0,1.7142857142857142,0.5833333333333334,10.75,12.464285714285714,0.5,0.2142857142857142,0.7142857142857143,717.7142857142857,38.392857142857146,210.1268571428571,215.0,10.53,0.5,"3454,5537,6376,8640,8658,8665,8721,8725,8726,8732,8738,8749,8756,8766,8767,8782,8793,8804,8834"
6646,34,0,6,0,0,0,0,4,0,0,0,0,0,0,0,0,0,0,0,0,16,0,0,0.975609756097561,2.975609756097561,0.3278688524590163,8.195121951219512,11.170731707317072,0.7804878048780488,1.2195121951219512,2.0,1166.1463414634147,50.78048780487805,427.7470000000016,198.26829268292684,27.66,0.49,"3967,4815,5699,8634,8656,8666,8728,8730,8744,8764,8766,8777,8800,8806,9160,9165,9170,9204,9217,9232,9242,9267,9295,9303,9671,9694,9703,9704,9708,9735,9736,9737,9745,9763,9764,9783,9788,9806,9815,9818,9830,9832,9836,9888,9954,9956,9978"
6647,44,0,5,1,0,0,0,3,0,0,0,0,0,0,0,0,0,0,0,0,14,0,0,1.0,2.893617021276596,0.3455882352941176,6.595744680851064,9.48936170212766,0.9787234042553192,0.9148936170212766,1.893617021276596,983.4893617021276,47.255319148936174,103.76623404255248,203.53191489361703,6.38,0.3,"3613,6310,8669,8687,8721,8732,8739,8745,8750,8754,8756,8760,8771,8784,8795,8804,9149,9174,9175,9194,9212,9220,9221,9278,9663,9672,9676,9710,9741,9756,9762,9769,9770,9779,9781,9782,9795,9799,9802,9819,9822,9823,9831,9833,9849,9912,9957"
6649,41,0,5,0,0,0,0,1,0,0,1,0,0,0,0,0,0,0,0,0,18,0,0,0.9787234042553192,2.6595744680851063,0.368,6.574468085106383,9.23404255319149,0.7021276595744681,0.9787234042553192,1.680851063829787,1099.127659574468,50.723404255319146,107.3644565217387,246.4042553191489,10.87,0.5,"2647,6308,8643,8663,8668,8725,8733,8734,8746,8749,8752,8772,8786,8835,9163,9166,9181,9189,9205,9206,9211,9224,9226,9229,9252,9264,9274,9280,9673,9675,9686,9734,9739,9772,9773,9778,9798,9801,9807,9811,9812,9827,9838,9850,9889,9959"
6650,36,0,8,0,0,0,0,0,0,0,0,0,0,0,0,0,0,0,0,0,16,0,0,0.9767441860465116,1.813953488372093,0.5384615384615384,7.953488372093023,9.767441860465116,0.1162790697674418,0.7209302325581395,0.8372093023255814,730.9767441860465,27.930232558139537,149.4188095238084,201.7906976744186,16.28,0.44,"4494,5605,8632,8633,8639,8653,8659,8665,8673,8716,8731,8748,8762,8785,8809,8816,8830,8878,9161,9164,9167,9180,9191,9200,9209,9214,9225,9228,9233,9235,9272,9310,9681,9691,9711,9751,9754,9774,9775,9786,9793,9828,9940"
6651,27,0,4,0,0,0,0,2,0,0,1,0,0,0,0,0,0,0,0,0,13,0,0,0.96875,3.0625,0.3163265306122449,8.4375,11.5,0.8125,1.28125,2.09375,1421.09375,58.625,196.42193548386723,294.84375,20.59,0.51,"3454,3566,5457,8664,8671,8722,8723,8726,8738,8778,8828,9147,9168,9234,9237,9241,9243,9248,9250,9304,9662,9678,9684,9700,9705,9707,9733,9771,9794,9808,9809,9817,9837,9880"
6652,30,0,5,0,0,0,0,1,0,0,0,0,0,0,0,0,0,0,0,0,14,0,0,0.918918918918919,2.45945945945946,0.3736263736263736,7.054054054054054,9.513513513513514,0.1621621621621621,1.3783783783783785,1.5405405405405406,996.7297297297296,43.91891891891892,89.73947058823424,238.02702702702703,25.0,0.3,"1380,4816,5292,5537,5646,6376,6541,8636,8651,8658,8660,8670,8789,8790,8792,8807,8876,9176,9184,9192,9236,9239,9240,9269,9271,9297,9301,9313,9688,9701,9706,9743,9744,9752,9758,9787,9790,9882,9897,9971"
6653,33,0,4,0,0,0,0,2,0,0,0,0,0,0,0,0,0,0,0,0,16,0,0,0.975609756097561,2.6341463414634148,0.3703703703703703,9.24390243902439,11.878048780487806,0.3902439024390244,1.2682926829268293,1.6585365853658536,1040.658536585366,51.170731707317074,200.93157499999887,230.609756097561,8.33,0.45,"4456,8637,8645,8655,8686,8688,8727,8729,8736,8741,8742,8759,8780,8793,9171,9193,9198,9227,9244,9246,9254,9276,9279,9668,9738,9746,9755,9791,9796,9820,9826,9834,9843,9876,9953,9977"
6654,27,0,0,0,0,0,0,1,0,0,0,0,0,0,0,0,0,0,0,0,12,0,0,0.918918918918919,2.972972972972973,0.3090909090909091,10.216216216216216,13.18918918918919,0.3783783783783784,1.6756756756756757,2.054054054054054,1110.945945945946,44.32432432432432,167.52988235294004,306.5405405405405,15.62,0.48,"6303,8640,8662,8679,8776,8782,8796,8880,8889,9173,9178,9179,9199,9201,9216,9286,9669,9682,9683,9692,9753,9759,9777,9789,9816,9821,9840,9871,9890,9895,9955,9958"
6655,32,0,9,0,0,0,0,0,0,0,0,0,0,0,0,0,0,0,0,0,18,0,0,0.9473684210526316,3.526315789473684,0.2686567164179104,11.289473684210526,14.81578947368421,0.6052631578947368,1.973684210526316,2.5789473684210527,1950.5263157894733,99.60526315789474,231.2834444444484,435.92105263157896,11.11,0.3,"8635,8648,8677,8681,8685,8720,8724,8735,8740,8743,8753,8755,8791,8817,8918,9131,9137,9196,9255,9273,9290,9312,9665,9685,9690,9742,9760,9776,9780,9785,9813,9814,9829,9841,9848,9952"
6670,17,0,0,0,0,0,0,14,0,0,0,0,0,0,0,0,0,0,0,0,10,0,0,0.9047619047619048,5.476190476190476,0.1652173913043478,22.0,27.476190476190474,2.4761904761904763,2.095238095238096,4.571428571428571,2433.4761904761904,124.8095238095238,451.1808947368365,635.3333333333334,16.65,0.66,"3454,7223,8637,8646,8647,8679,8721,8723,8724,8739,8740,8742,8748,8758,8760,8766,8782,8792,8828,8835"
6698,21,0,1,0,0,0,0,0,0,0,0,0,0,0,0,0,0,0,0,0,8,0,0,0.875,2.09375,0.417910447761194,14.5,16.59375,0.46875,0.75,1.21875,1353.5625,80.375,49.66296428571389,415.53125,31.03,0.69,"1380,7782,9161,9170,9175,9201,9206,9214,9237,9246,9274,9275,9287,9301,9302,9312,9669,9704,9744,9746,9760,9769,9785,9795,9797,9816,9822,9831,9871"
6699,25,0,0,0,0,0,0,0,0,0,0,0,0,0,0,0,0,0,0,0,6,0,0,1.0,1.7692307692307692,0.5652173913043478,9.884615384615383,11.653846153846152,0.3076923076923077,0.4615384615384615,0.7692307692307693,727.0,49.11538461538461,10.798000000000023,276.2692307692308,10.71,0.46,"3613,5699,9147,9169,9171,9176,9215,9218,9229,9254,9304,9310,9703,9739,9753,9754,9756,9778,9782,9783,9787,9788,9791,9799,9801,9819,9826,9842"
6700,28,0,3,0,0,0,0,0,0,0,0,0,0,0,0,0,0,0,0,0,10,0,0,0.9393939393939394,1.5757575757575757,0.5961538461538461,10.181818181818182,11.757575757575758,0.4848484848484848,0.1515151515151515,0.6363636363636364,942.3636363636364,49.30303030303031,164.43574193548312,189.84848484848484,7.14,0.14,"4494,4816,8880,9131,9149,9159,9173,9209,9212,9225,9226,9263,9264,9278,9672,9706,9708,9737,9741,9747,9767,9775,9808,9809,9811,9813,9817,9824"
6701,21,0,1,0,0,0,0,0,0,0,0,0,0,0,0,0,0,0,0,0,6,0,0,0.896551724137931,2.1379310344827585,0.4193548387096774,9.827586206896552,11.96551724137931,0.8620689655172413,0.3793103448275862,1.2413793103448276,799.448275862069,48.44827586206897,9.02865384615386,189.79310344827587,12.5,0.56,"9199,9200,9204,9219,9223,9231,9241,9272,9306,9665,9667,9701,9709,9733,9745,9755,9762,9772,9790,9792,9802,9832,9843,9850"
6721,27,0,1,0,0,0,0,0,0,0,0,0,0,0,0,0,0,0,0,0,23,0,0,0.9032258064516128,4.67741935483871,0.193103448275862,18.741935483870968,23.41935483870968,2.903225806451613,0.8709677419354839,3.774193548387097,1174.8064516129032,69.54838709677419,7.770857142857151,232.6129032258065,7.41,0.46,"4816,6903,9137,9147,9157,9159,9192,9196,9198,9223,9224,9243,9313,9675,9694,9733,9753,9770,9790,9793,9804,9810,9837,9840,9940,9953,9956"
6722,21,0,1,0,0,0,0,0,0,0,0,0,0,0,0,0,0,0,0,0,14,0,0,0.8928571428571429,5.357142857142857,0.1666666666666666,15.535714285714286,20.892857142857142,3.107142857142857,1.3571428571428572,4.464285714285714,1317.928571428571,74.92857142857143,175.9085999999992,263.1428571428572,23.08,0.64,"9131,9165,9170,9179,9197,9206,9217,9231,9240,9254,9278,9279,9294,9301,9691,9700,9758,9773,9781,9782,9788,9789,9799,9821,9843,9897"
6723,25,0,1,0,1,0,0,0,0,0,0,0,0,0,0,0,0,0,0,0,17,0,0,0.9615384615384616,4.807692307692308,0.2,14.884615384615383,19.692307692307693,2.3461538461538463,1.5,3.8461538461538463,1371.8846153846157,64.15384615384616,102.41671999999964,229.8846153846154,7.69,0.28,"9161,9181,9200,9211,9239,9304,9306,9670,9672,9678,9710,9746,9752,9762,9764,9767,9776,9780,9795,9818,9829,9830,9848,9890,9952,9957"
6725,24,0,1,0,0,0,0,1,0,0,0,0,0,0,0,0,0,0,0,0,20,0,0,0.90625,4.0,0.2265625,12.28125,16.28125,1.9375,1.15625,3.09375,944.9375,48.0,24.579103448275813,196.6875,8.0,0.47,"3613,5605,9171,9178,9186,9216,9286,9297,9303,9671,9677,9743,9744,9766,9785,9792,9802,9808,9809,9816,9822,9825,9831,9833,9947"
6726,26,0,1,0,0,0,0,0,0,0,0,0,0,0,0,0,0,0,0,0,16,0,1,0.9310344827586208,3.0689655172413794,0.3033707865168539,10.448275862068966,13.517241379310343,1.827586206896552,0.3103448275862069,2.1379310344827585,830.3793103448276,40.310344827586206,21.385074074074097,187.27586206896552,7.41,0.45,"3967,4815,6303,9162,9174,9204,9214,9234,9250,9252,9263,9267,9274,9664,9683,9735,9738,9755,9756,9794,9807,9813,9815,9834,9838,9912,9958"
6727,30,0,3,0,0,0,0,0,0,0,0,0,0,0,0,0,0,0,0,0,24,0,0,0.9705882352941176,3.5,0.2773109243697479,15.0,18.5,1.8529411764705883,0.6764705882352942,2.5294117647058822,1371.5,68.0,44.59418181818175,266.44117647058823,9.09,0.48,"4494,5699,9166,9168,9173,9189,9193,9212,9218,9235,9247,9272,9296,9662,9663,9673,9681,9685,9688,9689,9690,9693,9704,9742,9771,9786,9787,9797,9801,9811,9817,9880,9954"
6728,35,0,0,0,0,0,0,0,0,0,0,0,0,0,0,0,0,0,0,0,23,0,0,1.0,3.365853658536585,0.2971014492753623,13.585365853658535,16.951219512195124,2.024390243902439,0.3414634146341463,2.365853658536585,1051.878048780488,58.73170731707317,69.40636585365824,176.58536585365854,2.78,0.29,"8807,9149,9160,9164,9175,9195,9201,9228,9241,9248,9255,9280,9290,9302,9676,9682,9684,9707,9708,9741,9751,9754,9757,9763,9772,9777,9779,9796,9806,9826,9827,9842,9850,9881,9888,9942"
6729,27,0,0,0,0,0,0,0,0,0,0,0,0,0,0,0,0,0,0,0,18,0,0,0.8857142857142857,5.0,0.1771428571428571,20.228571428571428,25.228571428571428,2.685714285714285,1.4285714285714286,4.114285714285714,2101.3142857142857,159.65714285714284,149.51358064516336,305.6857142857143,10.34,0.53,"5292,5482,8880,9154,9158,9163,9185,9191,9209,9219,9225,9232,9233,9236,9244,9273,9295,9669,9686,9687,9711,9734,9737,9769,9774,9820,9849,9876,9895"
6730,29,0,0,0,0,0,0,0,0,0,0,0,0,0,0,0,0,0,0,0,22,0,0,0.9444444444444444,4.777777777777778,0.1976744186046511,14.13888888888889,18.916666666666668,1.6388888888888888,2.1944444444444446,3.8333333333333335,1160.138888888889,62.05555555555556,30.06252941176461,226.5,6.67,0.38,"4456,5154,6310,9194,9199,9220,9237,9269,9276,9285,9665,9668,9692,9701,9703,9705,9739,9745,9760,9778,9783,9791,9798,9812,9824,9832,9836,9925,9928,9955"
6731,25,0,1,0,0,0,0,0,0,0,0,0,0,0,0,0,0,0,0,0,18,0,0,0.9032258064516128,3.645161290322581,0.247787610619469,10.35483870967742,14.0,1.5806451612903225,1.1612903225806452,2.7419354838709675,1025.6129032258063,57.25806451612903,105.82357142857047,220.6451612903226,11.11,0.5,"6308,9167,9176,9180,9184,9205,9226,9227,9229,9261,9275,9680,9709,9736,9747,9759,9775,9814,9819,9823,9828,9841,9871,9889,9932,9941,9959"
6746,23,0,1,0,0,0,0,11,0,0,0,0,0,0,0,0,0,0,0,0,16,0,2,0.9629629629629628,1.3703703703703705,0.7027027027027027,2.851851851851852,4.222222222222222,0.074074074074074,0.3333333333333333,0.4074074074074074,227.03703703703704,10.407407407407408,28.762769230769287,14.77777777777778,11.54,0.56,"4816,5065,6303,9137,9158,9167,9199,9242,9255,9271,9278,9280,9684,9707,9711,9736,9782,9789,9810,9813,9836,9838,9942,9956,9959,9978"
6747,22,0,0,0,0,0,0,5,0,0,0,0,0,0,0,0,0,0,0,0,20,0,0,0.896551724137931,2.6206896551724137,0.3421052631578947,7.103448275862069,9.724137931034482,0.3103448275862069,1.4137931034482758,1.7241379310344829,517.9310344827586,30.20689655172414,0.0,129.86206896551724,15.38,0.49,"3967,5605,8880,9178,9179,9263,9296,9313,9677,9735,9741,9746,9760,9764,9807,9818,9821,9825,9840,9850,9869,9888,9895,9941,9953,9954"
6748,21,0,0,0,0,0,0,8,0,0,0,0,0,0,0,0,0,0,0,0,14,0,0,1.0,1.2666666666666666,0.7894736842105263,3.2,4.466666666666667,0.1666666666666666,0.1,0.2666666666666666,193.26666666666668,8.4,0.0,11.8,8.7,0.46,"8945,9147,9166,9181,9232,9241,9275,9279,9286,9295,9301,9662,9665,9706,9708,9709,9733,9755,9772,9779,9816,9897,9952"
6749,27,0,0,0,0,0,0,11,0,0,0,0,0,0,0,0,0,0,0,0,19,0,2,1.0,1.4838709677419355,0.6739130434782609,5.612903225806452,7.096774193548387,0.2903225806451613,0.1935483870967742,0.4838709677419355,389.8064516129032,11.612903225806452,21.25399999999985,30.70967741935484,6.9,0.4,"8807,9149,9160,9163,9170,9174,9175,9180,9193,9195,9219,9239,9254,9294,9756,9781,9788,9791,9794,9802,9822,9826,9827,9829,9849,9881,9889,9890,9932"
6750,21,0,0,0,0,0,0,8,0,0,0,0,0,0,0,0,0,0,0,0,13,0,1,1.0,1.1851851851851851,0.84375,2.814814814814815,4.0,0.1111111111111111,0.074074074074074,0.1851851851851851,150.4814814814815,7.185185185185185,0.0,22.55555555555556,0.0,0.0,"4456,9220,9252,9269,9272,9302,9663,9689,9692,9693,9743,9745,9754,9795,9806,9815,9819,9830,9871,9940,9958"
6751,31,0,0,0,0,0,0,8,0,0,0,0,0,0,0,0,0,0,0,0,19,0,0,0.972972972972973,1.3243243243243243,0.7346938775510204,8.08108108108108,9.405405405405403,0.1351351351351351,0.2162162162162162,0.3513513513513513,280.81081081081084,11.35135135135135,5.777750000000015,51.62162162162162,6.06,0.39,"5699,9157,9159,9171,9197,9206,9212,9216,9218,9221,9226,9236,9237,9303,9673,9686,9688,9690,9694,9737,9752,9758,9771,9778,9785,9799,9801,9808,9811,9823,9832,9834,9957"
6752,24,0,1,0,0,0,0,10,0,0,0,0,0,0,0,0,0,0,0,0,13,0,0,1.0,2.142857142857143,0.4666666666666667,2.571428571428572,4.714285714285714,0.4285714285714285,0.7142857142857143,1.1428571428571428,366.75,14.821428571428571,48.5363571428569,78.0,4.0,0.34,"9198,9208,9211,9231,9240,9264,9276,9664,9668,9685,9687,9704,9742,9780,9787,9793,9809,9814,9817,9820,9841,9842,9876,9951,9955"
6753,45,0,0,0,0,0,0,16,0,0,0,0,0,0,0,0,0,0,0,0,30,0,3,0.9807692307692308,1.4807692307692308,0.6623376623376623,3.6346153846153846,5.115384615384615,0.1923076923076923,0.3076923076923077,0.5,349.8269230769231,18.923076923076923,41.70109803921555,36.63461538461539,6.25,0.41,"4815,6310,6903,9131,9162,9164,9165,9184,9201,9205,9225,9227,9228,9233,9234,9243,9248,9310,9312,9669,9670,9675,9678,9680,9682,9710,9734,9739,9744,9747,9751,9753,9762,9763,9766,9769,9774,9777,9783,9790,9792,9797,9804,9824,9833,9848,9947,9977"
6754,38,0,0,0,0,0,0,11,0,0,0,0,0,0,0,0,0,0,0,0,26,0,0,1.0,1.6585365853658536,0.6029411764705882,4.048780487804878,5.7073170731707314,0.3414634146341463,0.3170731707317073,0.6585365853658537,243.1219512195122,11.975609756097562,27.7959024390242,69.34146341463415,0.0,0.0,"3613,6308,9173,9189,9191,9209,9214,9217,9229,9244,9246,9267,9273,9274,9671,9676,9681,9683,9691,9700,9701,9703,9705,9738,9759,9767,9770,9773,9775,9776,9786,9796,9798,9812,9828,9831,9837,9912"
6756,32,0,0,0,0,0,0,12,0,0,0,0,0,0,0,0,0,0,0,0,13,0,0,0.9833333333333332,2.3666666666666667,0.4154929577464789,6.05,8.416666666666666,0.6166666666666667,0.7666666666666667,1.3833333333333333,1060.8666666666666,52.2,99.09093220338872,171.95,5.88,0.23,"8880,9149,9180,9221,9225,9232,9236,9247,9248,9274,9276,9280,9296,9297,9680,9685,9686,9693,9694,9709,9711,9741,9756,9763,9796,9801,9804,9807,9810,9813,9828,9829,9833,9838"
6757,29,0,4,0,0,0,0,13,0,0,0,0,0,0,0,0,0,0,0,0,11,0,1,0.9,2.15,0.4186046511627907,9.9,12.05,1.025,0.225,1.25,1115.6,51.225,43.728888888888605,215.125,13.33,0.4,"8945,9147,9162,9176,9255,9267,9271,9290,9295,9310,9663,9678,9703,9704,9706,9734,9736,9737,9738,9743,9752,9798,9816,9831,9840,9869,9889,9956,9958,9959"
6758,29,0,2,0,0,0,0,8,0,0,0,0,0,0,0,0,0,0,0,0,6,0,3,0.9743589743589745,2.5128205128205128,0.3877551020408163,8.153846153846153,10.666666666666666,1.1794871794871795,0.358974358974359,1.5384615384615383,807.4615384615385,41.71794871794872,28.01621052631563,197.46153846153845,10.41,0.45,"4456,5605,9163,9205,9209,9216,9218,9220,9240,9263,9264,9273,9302,9677,9684,9692,9745,9754,9764,9769,9770,9772,9781,9789,9797,9802,9820,9822,9824,9834,9947,9954"
6759,30,0,0,0,0,0,0,11,0,0,0,0,0,0,0,0,0,0,0,0,7,0,1,0.975609756097561,3.1219512195121952,0.3125,7.146341463414634,10.268292682926829,1.2926829268292683,0.8536585365853658,2.1463414634146343,664.609756097561,26.0,52.21817499999936,155.26829268292684,9.09,0.46,"4816,5292,5699,6303,6308,6310,9137,9178,9181,9189,9199,9217,9219,9228,9234,9252,9279,9665,9670,9690,9733,9758,9759,9782,9814,9815,9825,9841,9842,9871,9953,9955,9957"
6760,29,0,0,0,0,0,0,14,0,0,0,0,0,0,0,0,0,0,0,0,11,0,0,0.9767441860465116,2.86046511627907,0.3414634146341463,5.209302325581396,8.069767441860465,0.9767441860465116,0.9069767441860463,1.8837209302325584,570.6279069767442,27.46511627906977,29.78299999999982,110.86046511627907,3.45,0.32,"9161,9165,9191,9193,9211,9224,9227,9244,9664,9681,9682,9691,9705,9742,9751,9774,9779,9787,9799,9806,9812,9817,9823,9848,9850,9890,9897,9912,9952"
6761,28,0,2,0,0,0,0,10,0,0,0,0,0,0,0,0,0,0,0,0,8,0,0,0.9411764705882352,2.588235294117647,0.3636363636363636,6.411764705882353,9.0,0.5294117647058824,1.1176470588235294,1.6470588235294117,900.5588235294117,43.088235294117645,13.475593749999865,236.8235294117647,15.62,0.57,"4494,4815,8807,9158,9164,9174,9179,9192,9195,9212,9233,9241,9243,9269,9312,9662,9688,9700,9701,9747,9755,9766,9767,9776,9777,9783,9786,9788,9791,9827,9832,9836"
6762,29,0,0,3,0,0,0,9,0,0,0,0,0,0,0,0,0,0,0,0,6,0,0,0.9772727272727272,2.7954545454545454,0.3495934959349593,5.068181818181818,7.863636363636363,0.8636363636363636,0.9545454545454546,1.818181818181818,952.1363636363636,48.61363636363637,122.89690697674368,188.77272727272728,6.45,0.4,"6903,9159,9160,9170,9171,9197,9198,9204,9206,9208,9214,9229,9239,9246,9272,9275,9313,9668,9669,9673,9675,9676,9708,9753,9780,9785,9790,9795,9808,9821,9932"
6763,27,0,1,0,0,0,0,11,0,0,0,0,0,0,0,0,0,0,0,0,10,0,0,0.9736842105263158,1.973684210526316,0.4933333333333333,7.921052631578948,9.894736842105264,0.7894736842105263,0.2105263157894736,1.0,968.1315789473684,52.86842105263158,137.05610810810722,167.18421052631578,2.48,0.33,"3613,3967,9157,9166,9175,9186,9196,9200,9231,9235,9237,9242,9254,9278,9301,9671,9683,9689,9744,9760,9775,9778,9809,9819,9830,9876,9940"
6764,27,0,1,0,0,0,0,14,0,0,0,0,0,0,0,0,0,0,0,0,10,0,1,0.9736842105263158,1.921052631578948,0.5068493150684932,6.921052631578948,8.842105263157896,0.631578947368421,0.3157894736842105,0.9473684210526316,698.578947368421,37.39473684210526,143.54086486486565,209.8947368421053,13.33,0.51,"9131,9167,9173,9184,9194,9201,9226,9286,9294,9303,9687,9707,9710,9735,9739,9746,9762,9771,9773,9793,9794,9811,9818,9826,9837,9881,9888,9895,9941,9978"
6765,28,0,2,0,0,0,0,6,1,0,0,0,0,0,0,0,0,0,0,0,20,0,2,0.7941176470588235,4.5,0.1764705882352941,23.73529411764705,28.23529411764705,2.647058823529412,1.0588235294117647,3.7058823529411766,3505.676470588235,174.35294117647058,307.29225925925624,766.2058823529412,30.3,0.51,"4456,4815,4816,5699,9192,9229,9244,9297,9303,9664,9670,9673,9677,9685,9708,9734,9752,9753,9754,9758,9759,9778,9780,9782,9783,9799,9817,9825,9833,9838,9842,9890,9940"
6776,21,0,1,0,0,0,0,4,1,0,0,0,0,0,0,0,0,0,0,0,8,0,0,0.8148148148148148,34.2962962962963,0.0237580993520518,24.296296296296298,58.5925925925926,27.03703703703704,6.444444444444445,33.48148148148148,4327.703703703704,217.40740740740745,159.71395454545333,1099.925925925926,29.63,0.64,"9180,9193,9196,9200,9212,9228,9241,9269,9272,9278,9279,9295,9302,9668,9687,9700,9704,9710,9736,9738,9776,9792,9802,9806,9881,9942,9952"
6777,29,0,1,0,0,0,0,12,3,0,0,0,0,0,0,0,0,0,0,0,10,0,1,0.9714285714285714,4.371428571428571,0.2222222222222222,17.34285714285714,21.714285714285715,2.8857142857142857,0.5142857142857142,3.4,2441.4,113.91428571428573,255.01767647058853,655.0285714285715,14.71,0.62,"3613,6310,6903,9171,9174,9178,9191,9199,9201,9211,9218,9220,9235,9247,9286,9290,9669,9671,9686,9701,9703,9742,9763,9793,9811,9814,9820,9829,9850,9869,9876,9932,9941,9954"
6778,18,0,1,1,0,1,0,5,1,0,0,0,0,0,0,0,0,0,0,0,9,0,1,0.9047619047619048,3.380952380952381,0.2676056338028169,19.571428571428573,22.95238095238096,2.095238095238096,0.3809523809523809,2.4761904761904763,3093.333333333333,160.1904761904762,259.1467368421005,742.047619047619,32.0,0.69,"5065,8880,9137,9160,9170,9194,9197,9209,9219,9233,9243,9252,9267,9275,9688,9690,9692,9747,9762,9772,9781,9789,9797,9808,9871"
6779,23,0,3,0,0,1,0,5,1,0,0,0,0,0,0,0,0,0,0,0,14,0,2,0.8571428571428571,4.107142857142857,0.208695652173913,15.892857142857142,20.0,2.9642857142857144,0.2857142857142857,3.25,3039.428571428572,142.0,115.02274999999912,567.1428571428571,27.59,0.45,"4494,6303,9162,9163,9176,9181,9204,9216,9255,9274,9312,9678,9680,9681,9683,9693,9705,9755,9779,9786,9807,9815,9826,9828,9830,9832,9834,9895,9956"
6780,18,0,1,1,0,0,0,6,1,0,0,0,0,0,0,0,0,1,0,0,9,1,1,0.896551724137931,6.275862068965517,0.1428571428571428,19.86206896551724,26.13793103448276,3.931034482758621,1.4482758620689655,5.379310344827586,3272.206896551724,154.24137931034485,416.8388076923223,983.1379310344828,21.74,0.54,"9159,9165,9166,9189,9206,9224,9227,9231,9273,9280,9662,9675,9676,9733,9735,9756,9769,9774,9813,9836,9889,9947,9951"
6781,34,0,3,0,0,1,0,8,1,0,1,0,0,0,0,0,0,0,0,0,17,0,1,0.8108108108108109,5.918918918918919,0.136986301369863,21.83783783783784,27.75675675675676,3.783783783783784,1.3243243243243243,5.108108108108108,3629.2432432432433,174.86486486486487,113.86303333333257,788.3513513513514,25.0,0.53,"5292,9131,9149,9184,9205,9217,9226,9236,9242,9254,9313,9665,9682,9706,9737,9743,9744,9745,9760,9764,9767,9770,9785,9787,9790,9794,9801,9809,9816,9823,9831,9840,9848,9957,9958,9978"
6784,25,0,0,0,0,0,0,7,1,0,0,0,0,0,0,0,0,0,0,0,15,0,1,0.875,5.6875,0.1538461538461538,29.28125,34.96875,3.40625,1.40625,4.8125,4472.375,224.34375,212.21324999999925,1158.96875,11.54,0.44,"6308,8945,9158,9167,9173,9195,9198,9221,9225,9234,9248,9264,9301,9709,9746,9751,9791,9796,9798,9810,9818,9822,9824,9827,9841,9959"
6818,16,0,1,1,0,0,0,0,0,0,0,0,0,0,0,0,0,0,0,0,10,0,0,0.9523809523809524,2.095238095238096,0.4545454545454545,15.714285714285714,17.80952380952381,0.7142857142857143,0.4285714285714285,1.1428571428571428,923.4285714285714,51.95238095238095,367.3320999999991,247.1904761904762,21.05,0.62,"5699,9167,9173,9185,9192,9204,9211,9212,9216,9217,9219,9220,9229,9233,9246,9248,9250,9264,9276"
6829,22,0,0,0,0,0,0,18,0,0,0,0,0,0,0,0,0,0,0,0,11,0,0,0.925925925925926,1.8148148148148149,0.5102040816326531,4.62962962962963,6.444444444444445,0.5185185185185185,0.3703703703703703,0.8888888888888888,1001.2592592592592,34.666666666666664,125.47539999999884,151.07407407407408,15.38,0.46,"4816,9131,9147,9164,9194,9201,9232,9244,9269,9276,9683,9704,9707,9754,9760,9763,9769,9783,9808,9811,9817,9819,9820,9833,9843,9895"
6830,20,0,2,0,0,0,0,20,0,0,0,0,0,0,0,0,0,0,0,0,6,0,0,0.8888888888888888,3.703703703703704,0.24,9.51851851851852,13.22222222222222,0.8148148148148148,2.0,2.814814814814815,1221.5555555555557,57.03703703703704,97.16054166666568,381.8148148148149,16.67,0.5,"9167,9168,9171,9174,9179,9199,9200,9234,9273,9310,9665,9701,9776,9793,9794,9795,9796,9799,9807,9809,9812,9826,9871,9956"
6832,32,0,1,0,0,0,0,31,0,0,0,0,0,0,0,0,0,0,0,0,15,0,0,0.9722222222222222,2.083333333333333,0.4666666666666667,10.694444444444445,12.77777777777778,0.8055555555555556,0.3055555555555556,1.1111111111111112,1000.3611111111112,39.44444444444444,63.0595999999986,340.52777777777777,6.85,0.16,"9161,9178,9212,9217,9220,9227,9229,9235,9278,9286,9671,9678,9684,9690,9705,9708,9734,9741,9742,9745,9746,9775,9777,9779,9791,9801,9818,9822,9827,9828,9888,9940,9952,9953"
6833,31,0,2,0,0,0,0,30,0,0,0,0,0,0,0,0,0,0,0,0,18,0,0,1.0,3.852941176470588,0.2595419847328244,9.235294117647058,13.088235294117649,0.9705882352941176,1.8823529411764703,2.8529411764705883,1532.9117647058824,85.08823529411765,92.90532352941077,350.29411764705884,8.82,0.29,"9160,9191,9198,9204,9205,9221,9236,9239,9246,9248,9274,9304,9313,9676,9691,9692,9706,9737,9738,9759,9762,9764,9773,9786,9789,9814,9829,9832,9836,9841,9850,9890,9954,9955"
6835,23,0,3,0,0,0,0,22,0,0,0,0,0,0,0,0,0,0,0,0,11,0,0,0.9310344827586208,1.5517241379310345,0.6,7.517241379310345,9.06896551724138,0.2413793103448276,0.3793103448275862,0.6206896551724138,772.7931034482758,36.51724137931034,0.0,194.48275862068965,24.14,0.66,"1380,3613,3967,4494,5292,5605,9149,9163,9173,9175,9189,9196,9216,9242,9243,9250,9264,9662,9663,9669,9686,9703,9744,9756,9770,9810,9823,9837,9971"
6837,19,0,3,0,0,0,0,18,0,0,0,0,0,0,0,0,0,0,0,0,4,0,0,0.9047619047619048,5.238095238095238,0.1727272727272727,7.904761904761905,13.142857142857142,0.9047619047619048,3.4285714285714284,4.333333333333333,1232.809523809524,61.23809523809524,0.0,363.6666666666667,18.18,0.54,"6303,9137,9180,9192,9209,9214,9228,9254,9267,9280,9301,9672,9700,9711,9735,9790,9815,9816,9876,9958,9959,9977"
6838,22,0,2,0,0,0,0,20,0,0,0,0,0,0,0,0,0,0,0,0,5,0,0,0.9230769230769232,2.1153846153846154,0.4363636363636363,7.846153846153846,9.961538461538462,0.6153846153846154,0.5769230769230769,1.1923076923076923,1220.6923076923076,56.26923076923077,351.7101666666661,327.2692307692308,8.33,0.21,"5699,6310,9170,9176,9225,9226,9237,9252,9272,9303,9668,9673,9675,9681,9733,9755,9758,9771,9778,9782,9806,9880,9889,9897"
6936,23,0,1,0,0,9,0,16,0,0,1,0,0,0,0,0,0,0,0,0,9,0,0,0.92,2.96,0.3108108108108108,14.48,17.44,0.8,1.24,2.04,2472.96,123.72,132.23143478260985,329.28,24.14,0.75,"9668,9671,9687,9690,9711,9734,9735,9739,9746,9760,9769,9771,9782,9795,9796,9801,9807,9810,9813,9815,9817,9826,9840,9940,9942,9952,9957,9959,9978"
6939,16,0,0,0,0,8,0,13,0,0,0,0,0,0,0,0,0,0,0,0,6,0,0,0.9444444444444444,2.055555555555556,0.4594594594594595,11.11111111111111,13.166666666666666,0.7222222222222222,0.3888888888888889,1.1111111111111112,1400.9444444444443,48.333333333333336,51.137823529411,274.0,15.79,0.41,"9665,9673,9693,9710,9738,9742,9751,9774,9777,9778,9799,9804,9811,9812,9824,9825,9876,9912,9932"
6960,18,0,6,0,0,0,0,16,0,0,0,0,0,0,0,0,0,0,0,0,18,0,0,0.8947368421052632,3.1052631578947367,0.288135593220339,16.157894736842106,19.26315789473684,2.0526315789473686,0.1578947368421052,2.210526315789474,1467.6315789473683,82.10526315789474,268.60947058823353,258.7894736842105,15.0,0.53,"9665,9676,9736,9738,9744,9745,9752,9756,9770,9771,9780,9781,9797,9812,9814,9817,9818,9826,9897,9955"
6961,18,0,2,1,0,0,0,17,0,0,0,0,0,0,0,0,0,0,0,0,18,0,0,0.9130434782608696,2.9130434782608696,0.3134328358208955,16.652173913043477,19.565217391304348,1.3478260869565215,0.6521739130434783,2.0,622.304347826087,28.30434782608696,0.0,128.43478260869566,21.23,0.56,"9669,9670,9671,9678,9706,9762,9764,9774,9775,9788,9794,9810,9816,9840,9848,9849,9876,9881,9889,9895,9932,9971"
7011,28,0,13,0,0,0,0,23,0,0,0,0,0,0,0,0,0,0,0,0,26,0,0,0.9032258064516128,3.419354838709677,0.2641509433962264,15.935483870967742,19.35483870967742,1.903225806451613,0.6129032258064516,2.5161290322580645,1677.9354838709678,95.3225806451613,85.05089285714219,196.48387096774192,16.67,0.51,"9663,9664,9677,9710,9733,9734,9737,9741,9742,9743,9746,9758,9760,9769,9779,9782,9783,9785,9796,9801,9807,9808,9819,9825,9827,9829,9831,9841,9871,9940"
7014,17,1,2,0,0,0,0,13,0,0,0,0,0,0,0,0,0,0,0,0,15,0,0,0.8947368421052632,4.789473684210527,0.1868131868131868,22.21052631578948,27.0,3.263157894736842,0.631578947368421,3.8947368421052633,1498.7368421052631,79.89473684210526,62.06788235294087,341.57894736842104,30.43,0.51,"9662,9666,9668,9685,9690,9735,9751,9754,9778,9790,9795,9806,9809,9815,9822,9869,9880,9888,9890,9947,9956,9957,9958"
