question,usuario,misconceptions_detectados,total_misconceptions,categorias_afetadas
1002,1113,,0,0
1002,1160,,0,0
1002,1168,,0,0
1002,1182,,0,0
1002,1188,A3,1,1
1002,1238,,0,0
1002,1244,,0,0
1002,1273,,0,0
1002,1285,G4,1,1
1002,1287,G4,1,1
1002,1309,,0,0
1002,1433,,0,0
1002,1451,,0,0
1002,1563,,0,0
1002,1567,,0,0
1002,1592,,0,0
1002,1639,,0,0
1002,3098,,0,0
1002,3102,,0,0
1002,3107,,0,0
1002,3263,,0,0
1002,3305,,0,0
1002,3306,,0,0
1002,3315,,0,0
1002,3323,,0,0
1002,3324,,0,0
1002,3325,,0,0
1002,3417,G4,1,1
1002,3451,G4,1,1
1002,3486,G4,1,1
1002,3489,,0,0
1002,3543,G4,1,1
1018,1091,A3,1,1
1018,1114,"A5,G4",2,2
1018,1117,,0,0
1018,1151,"A3,G4",2,2
1018,1172,,0,0
1018,1187,,0,0
1018,1190,,0,0
1018,1215,,0,0
1018,1246,,0,0
1018,1289,G4,1,1
1018,1292,G4,1,1
1018,1306,G4,1,1
1018,1307,,0,0
1018,1393,,0,0
1018,1403,,0,0
1018,1449,,0,0
1018,1460,,0,0
1018,1554,,0,0
1018,1642,,0,0
1018,1651,,0,0
1018,1704,G4,1,1
1018,3030,,0,0
1018,3047,"A3,G4",2,2
1018,3057,,0,0
1018,3076,,0,0
1018,3100,,0,0
1018,3112,G4,1,1
1018,3115,G4,1,1
1018,3119,,0,0
1018,3125,,0,0
1018,3136,,0,0
1018,3260,G4,1,1
1018,3322,G4,1,1
1018,3330,,0,0
1019,1096,,0,0
1019,1102,,0,0
1019,1157,,0,0
1019,1179,,0,0
1019,1193,,0,0
1019,1203,,0,0
1019,1224,,0,0
1019,1232,,0,0
1019,1241,,0,0
1019,1250,,0,0
1019,1259,,0,0
1019,1278,G4,1,1
1019,1303,G4,1,1
1019,1305,,0,0
1019,1448,G4,1,1
1019,1461,,0,0
1019,1610,,0,0
1019,1645,,0,0
1019,1659,,0,0
1019,1661,,0,0
1019,1662,,0,0
1019,3061,"A3,G4",2,2
1019,3065,G4,1,1
1019,3070,,0,0
1019,3072,G4,1,1
1019,3073,,0,0
1019,3093,,0,0
1019,3117,,0,0
1019,3307,,0,0
1019,3310,G4,1,1
1019,3311,,0,0
1019,3321,,0,0
1019,3400,G4,1,1
1019,3456,G4,1,1
1020,1105,G4,1,1
1020,1219,,0,0
1020,1221,,0,0
1020,1231,,0,0
1020,1234,,0,0
1020,1253,,0,0
1020,1264,,0,0
1020,1281,,0,0
1020,1291,,0,0
1020,1296,,0,0
1020,1298,,0,0
1020,1299,,0,0
1020,1300,,0,0
1020,1603,G4,1,1
1020,1612,,0,0
1020,1643,,0,0
1020,1699,,0,0
1020,3048,G4,1,1
1020,3054,,0,0
1020,3066,,0,0
1020,3069,,0,0
1020,3088,G4,1,1
1020,3104,G4,1,1
1020,3105,,0,0
1020,3106,,0,0
1020,3113,G4,1,1
1020,3124,G4,1,1
1020,3128,,0,0
1020,3132,G4,1,1
1020,3140,G4,1,1
1020,3144,G4,1,1
1020,3317,,0,0
1020,3327,,0,0
1020,3509,A3,1,1
1020,3511,G4,1,1
1020,3522,G4,1,1
1021,1103,,0,0
1021,1111,,0,0
1021,1140,,0,0
1021,1155,,0,0
1021,1191,A3,1,1
1021,1200,,0,0
1021,1214,,0,0
1021,1217,G4,1,1
1021,1267,,0,0
1021,1293,,0,0
1021,1295,,0,0
1021,1310,,0,0
1021,1313,A3,1,1
1021,1431,G4,1,1
1021,1557,,0,0
1021,1566,,0,0
1021,1646,A3,1,1
1021,1654,,0,0
1021,1658,,0,0
1021,3084,G4,1,1
1021,3085,G4,1,1
1021,3089,G4,1,1
1021,3131,,0,0
1021,3418,G4,1,1
1021,3434,G4,1,1
1021,3476,,0,0
1021,3512,,0,0
1022,1110,,0,0
1022,1118,,0,0
1022,1150,,0,0
1022,1174,,0,0
1022,1218,,0,0
1022,1284,,0,0
1022,1286,,0,0
1022,1304,G4,1,1
1022,1432,,0,0
1022,1464,,0,0
1022,1549,"A3,A4",2,1
1022,1636,,0,0
1022,1650,,0,0
1022,1652,,0,0
1022,1657,,0,0
1022,3071,,0,0
1022,3092,G4,1,1
1022,3137,G4,1,1
1022,3138,,0,0
1022,3259,,0,0
1022,3264,G4,1,1
1022,3304,,0,0
1022,3309,,0,0
1022,3331,G4,1,1
1022,3419,,0,0
1023,1109,,0,0
1023,1112,,0,0
1023,1116,,0,0
1023,1176,,0,0
1023,1181,,0,0
1023,1192,G4,1,1
1023,1196,G4,1,1
1023,1201,,0,0
1023,1243,,0,0
1023,1251,,0,0
1023,1283,G4,1,1
1023,1302,G4,1,1
1023,1434,G4,1,1
1023,1463,,0,0
1023,1558,,0,0
1023,1692,,0,0
1023,3044,G4,1,1
1023,3052,G4,1,1
1023,3081,G4,1,1
1023,3083,G4,1,1
1023,3086,,0,0
1023,3091,G4,1,1
1023,3097,,0,0
1023,3103,G4,1,1
1023,3139,,0,0
1023,3255,,0,0
1023,3320,G4,1,1
1023,3328,,0,0
1023,3397,G4,1,1
1023,3508,G4,1,1
1024,1090,,0,0
1024,1101,,0,0
1024,1108,,0,0
1024,1153,,0,0
1024,1162,,0,0
1024,1166,,0,0
1024,1178,,0,0
1024,1184,,0,0
1024,1186,,0,0
1024,1197,,0,0
1024,1206,,0,0
1024,1210,,0,0
1024,1225,,0,0
1024,1226,,0,0
1024,1258,,0,0
1024,1270,,0,0
1024,1280,G4,1,1
1024,1314,,0,0
1024,1443,A3,1,1
1024,1450,,0,0
1024,1565,,0,0
1024,1600,,0,0
1024,1637,,0,0
1024,1647,A3,1,1
1024,1656,,0,0
1024,1660,,0,0
1024,1694,G4,1,1
1024,3063,G4,1,1
1024,3114,,0,0
1024,3116,,0,0
1024,3143,,0,0
1024,3318,,0,0
1024,3401,,0,0
1024,3421,,0,0
1024,3435,,0,0
1024,3538,G4,1,1
1025,1094,G4,1,1
1025,1095,G4,1,1
1025,1097,,0,0
1025,1104,,0,0
1025,1161,,0,0
1025,1167,,0,0
1025,1220,,0,0
1025,1233,,0,0
1025,1239,A3,1,1
1025,1263,,0,0
1025,1276,,0,0
1025,1312,A3,1,1
1025,1465,,0,0
1025,1550,,0,0
1025,1640,,0,0
1025,1649,,0,0
1025,1653,,0,0
1025,1674,,0,0
1025,1705,,0,0
1025,3049,,0,0
1025,3050,G4,1,1
1025,3051,G4,1,1
1025,3053,,0,0
1025,3058,,0,0
1025,3080,,0,0
1025,3087,G4,1,1
1025,3090,,0,0
1025,3095,G4,1,1
1025,3120,,0,0
1025,3122,,0,0
1025,3133,,0,0
1025,3142,G4,1,1
1025,3477,,0,0
1025,3488,,0,0
1026,1158,,0,0
1026,1163,,0,0
1026,1213,,0,0
1026,1248,,0,0
1026,1252,,0,0
1026,1254,G4,1,1
1026,1261,G4,1,1
1026,1308,G4,1,1
1026,1575,,0,0
1026,1608,,0,0
1026,1638,,0,0
1026,1682,,0,0
1026,1691,,0,0
1026,1698,,0,0
1026,1702,,0,0
1026,3045,A3,1,1
1026,3046,G4,1,1
1026,3059,G4,1,1
1026,3060,G4,1,1
1026,3064,,0,0
1026,3068,,0,0
1026,3075,G4,1,1
1026,3079,,0,0
1026,3308,G4,1,1
1026,3313,,0,0
1026,3399,G4,1,1
1026,3495,,0,0
1027,1094,"A3,A4,G4",3,2
1027,1203,G4,1,1
1027,1252,,0,0
1027,1267,,0,0
1027,1273,,0,0
1027,1287,,0,0
1027,1432,,0,0
1027,1462,,0,0
1027,1517,,0,0
1027,1608,,0,0
1027,1640,,0,0
1027,1650,A3,1,1
1027,1666,"A3,G4",2,2
1027,1692,,0,0
1027,1705,,0,0
1027,2993,G4,1,1
1027,3046,G4,1,1
1027,3050,,0,0
1027,3066,,0,0
1027,3070,,0,0
1027,3088,G4,1,1
1027,3092,G4,1,1
1027,3097,,0,0
1027,3120,,0,0
1027,3146,G4,1,1
1027,3166,,0,0
1027,3179,,0,0
1027,3191,,0,0
1027,3211,,0,0
1027,3219,G4,1,1
1027,3322,,0,0
1027,3367,G4,1,1
1027,3376,,0,0
1027,3378,G4,1,1
1027,3391,,0,0
1027,3392,,0,0
1027,3417,,0,0
1027,3495,,0,0
1027,3499,G4,1,1
1027,3581,,0,0
1027,3607,,0,0
1027,4518,,0,0
1027,4641,,0,0
1027,4653,,0,0
1027,4661,,0,0
1027,4667,,0,0
1027,4698,,0,0
1027,4699,,0,0
1027,4705,,0,0
1027,4715,,0,0
1027,4758,,0,0
1027,4761,G4,1,1
1027,4762,G4,1,1
1027,4763,G4,1,1
1027,4769,G4,1,1
1027,4826,,0,0
1027,4830,G4,1,1
1027,4839,G4,1,1
1027,4864,A3,1,1
1027,4867,,0,0
1027,5014,G4,1,1
1027,5655,,0,0
1027,7098,G4,1,1
1027,7106,G4,1,1
1027,7118,G4,1,1
1027,7119,,0,0
1027,7122,G4,1,1
1027,7131,,0,0
1027,7141,,0,0
1027,7146,G4,1,1
1027,7163,,0,0
1027,7171,G4,1,1
1027,7177,G4,1,1
1027,7178,G4,1,1
1027,7194,,0,0
1027,7196,G4,1,1
1027,7203,,0,0
1027,7212,G4,1,1
1027,7564,,0,0
1027,7591,,0,0
1027,7628,,0,0
1027,7635,G4,1,1
1027,7639,,0,0
1027,7666,G4,1,1
1027,7668,G4,1,1
1027,7673,,0,0
1028,1112,,0,0
1028,1114,A5,1,1
1028,1118,,0,0
1028,1214,,0,0
1028,1217,G4,1,1
1028,1218,,0,0
1028,1224,,0,0
1028,1284,,0,0
1028,1293,,0,0
1028,1314,,0,0
1028,1449,A3,1,1
1028,1550,,0,0
1028,1567,,0,0
1028,1637,G4,1,1
1028,2514,,0,0
1028,3030,,0,0
1028,3045,A3,1,1
1028,3057,,0,0
1028,3061,,0,0
1028,3062,,0,0
1028,3081,G4,1,1
1028,3124,G4,1,1
1028,3136,,0,0
1028,3157,G4,1,1
1028,3170,,0,0
1028,3176,G4,1,1
1028,3192,G4,1,1
1028,3200,,0,0
1028,3203,,0,0
1028,3267,G4,1,1
1028,3309,,0,0
1028,3310,,0,0
1028,3373,,0,0
1028,3375,,0,0
1028,3384,,0,0
1028,3390,,0,0
1028,3439,A3,1,1
1028,3488,,0,0
1028,3489,,0,0
1028,3511,G4,1,1
1028,3555,,0,0
1028,4622,"A3,G4",2,2
1028,4624,,0,0
1028,4650,,0,0
1028,4665,,0,0
1028,4670,G4,1,1
1028,4676,,0,0
1028,4688,,0,0
1028,4696,G4,1,1
1028,4725,,0,0
1028,4730,,0,0
1028,4741,G4,1,1
1028,4742,,0,0
1028,4766,G4,1,1
1028,4771,G4,1,1
1028,4774,,0,0
1028,4777,G4,1,1
1028,4840,G4,1,1
1028,4842,G4,1,1
1028,4887,,0,0
1028,5668,G4,1,1
1028,5998,G4,1,1
1028,6011,,0,0
1028,6012,,0,0
1028,7104,,0,0
1028,7108,G4,1,1
1028,7123,G4,1,1
1028,7134,,0,0
1028,7155,,0,0
1028,7158,G4,1,1
1028,7174,G4,1,1
1028,7179,G4,1,1
1028,7505,,0,0
1028,7506,,0,0
1028,7566,G4,1,1
1028,7567,,0,0
1028,7570,G4,1,1
1028,7576,,0,0
1028,7577,,0,0
1028,7586,,0,0
1028,7623,,0,0
1028,7651,,0,0
1028,7653,,0,0
1028,7657,,0,0
1028,7702,G4,1,1
1029,1105,,0,0
1029,1157,,0,0
1029,1172,,0,0
1029,1231,,0,0
1029,1232,,0,0
1029,1244,,0,0
1029,1264,,0,0
1029,1275,A3,1,1
1029,1276,,0,0
1029,1551,,0,0
1029,1644,,0,0
1029,1652,,0,0
1029,1660,,0,0
1029,1674,,0,0
1029,1698,,0,0
1029,3048,G4,1,1
1029,3063,G4,1,1
1029,3072,,0,0
1029,3080,,0,0
1029,3083,,0,0
1029,3116,,0,0
1029,3143,,0,0
1029,3159,,0,0
1029,3198,,0,0
1029,3306,,0,0
1029,3311,,0,0
1029,3320,,0,0
1029,3379,,0,0
1029,3435,,0,0
1029,3486,G4,1,1
1029,3497,,0,0
1029,3595,,0,0
1029,4626,G4,1,1
1029,4632,,0,0
1029,4640,G4,1,1
1029,4647,,0,0
1029,4656,A3,1,1
1029,4671,,0,0
1029,4675,,0,0
1029,4682,,0,0
1029,4687,G4,1,1
1029,4694,A3,1,1
1029,4695,,0,0
1029,4700,,0,0
1029,4710,G4,1,1
1029,4711,G4,1,1
1029,4720,G4,1,1
1029,4723,G4,1,1
1029,4744,"A3,G4",2,2
1029,4749,G4,1,1
1029,4756,G4,1,1
1029,4760,,0,0
1029,4768,,0,0
1029,4827,G4,1,1
1029,4844,G4,1,1
1029,4846,G4,1,1
1029,4857,G4,1,1
1029,4863,,0,0
1029,6026,G4,1,1
1029,6071,,0,0
1029,7101,G4,1,1
1029,7111,,0,0
1029,7138,,0,0
1029,7139,G4,1,1
1029,7148,"A3,G4",2,2
1029,7160,,0,0
1029,7164,,0,0
1029,7166,,0,0
1029,7168,,0,0
1029,7558,,0,0
1029,7561,G4,1,1
1029,7569,"A3,G4",2,2
1029,7574,G4,1,1
1029,7582,"A3,G4",2,2
1029,7595,,0,0
1029,7599,,0,0
1029,7600,G4,1,1
1029,7601,G4,1,1
1029,7608,,0,0
1029,7615,G4,1,1
1029,7618,,0,0
1029,7621,,0,0
1029,7624,,0,0
1029,7685,G4,1,1
1029,7690,,0,0
1030,1111,,0,0
1030,1116,,0,0
1030,1168,,0,0
1030,1184,,0,0
1030,1192,,0,0
1030,1270,A3,1,1
1030,1280,,0,0
1030,1286,,0,0
1030,1308,,0,0
1030,1450,,0,0
1030,3044,G4,1,1
1030,3060,G4,1,1
1030,3100,,0,0
1030,3103,G4,1,1
1030,3117,,0,0
1030,3148,G4,1,1
1030,3164,G4,1,1
1030,3169,A3,1,1
1030,3202,,0,0
1030,3216,,0,0
1030,3308,G4,1,1
1030,3397,G4,1,1
1030,3400,G4,1,1
1030,3443,,0,0
1030,3477,,0,0
1030,3508,,0,0
1030,4512,G4,1,1
1030,4631,,0,0
1030,4633,,0,0
1030,4638,G4,1,1
1030,4645,G4,1,1
1030,4651,,0,0
1030,4652,G4,1,1
1030,4655,,0,0
1030,4672,,0,0
1030,4678,,0,0
1030,4692,G4,1,1
1030,4701,,0,0
1030,4713,,0,0
1030,4717,G4,1,1
1030,4738,,0,0
1030,4750,"A4,G4",2,2
1030,4751,G4,1,1
1030,4759,G4,1,1
1030,4778,G4,1,1
1030,4841,G4,1,1
1030,5090,,0,0
1030,5536,,0,0
1030,5664,,0,0
1030,5826,,0,0
1030,6024,,0,0
1030,6059,,0,0
1030,7090,,0,0
1030,7102,G4,1,1
1030,7114,,0,0
1030,7116,G4,1,1
1030,7121,G4,1,1
1030,7127,G4,1,1
1030,7143,G4,1,1
1030,7154,G4,1,1
1030,7167,,0,0
1030,7181,G4,1,1
1030,7195,G4,1,1
1030,7573,G4,1,1
1030,7575,,0,0
1030,7594,,0,0
1030,7603,,0,0
1030,7604,,0,0
1030,7620,"A3,G4",2,2
1030,7648,G4,1,1
1031,1091,,0,0
1031,1113,,0,0
1031,1193,,0,0
1031,1200,,0,0
1031,1215,,0,0
1031,1235,,0,0
1031,1246,,0,0
1031,1278,G4,1,1
1031,1285,,0,0
1031,1295,,0,0
1031,1304,,0,0
1031,1401,A3,1,1
1031,3053,G4,1,1
1031,3075,G4,1,1
1031,3113,,0,0
1031,3144,,0,0
1031,3149,,0,0
1031,3162,A3,1,1
1031,3209,,0,0
1031,3380,,0,0
1031,3394,,0,0
1031,3419,,0,0
1031,4643,G4,1,1
1031,4659,,0,0
1031,4677,,0,0
1031,4689,G4,1,1
1031,4706,,0,0
1031,4772,G4,1,1
1031,4773,G4,1,1
1031,4825,G4,1,1
1031,4832,"A3,G4",2,2
1031,4833,G4,1,1
1031,4835,G4,1,1
1031,4836,,0,0
1031,5008,G4,1,1
1031,5687,,0,0
1031,6074,G4,1,1
1031,6119,G4,1,1
1031,6165,G4,1,1
1031,7097,G4,1,1
1031,7109,G4,1,1
1031,7126,G4,1,1
1031,7144,,0,0
1031,7176,G4,1,1
1031,7188,G4,1,1
1031,7205,G4,1,1
1031,7229,G4,1,1
1031,7239,,0,0
1031,7568,G4,1,1
1031,7579,,0,0
1031,7605,,0,0
1031,7606,G4,1,1
1031,7610,,0,0
1031,7611,,0,0
1031,7636,G4,1,1
1031,7644,G4,1,1
1031,7647,A3,1,1
1031,7659,,0,0
1031,7660,,0,0
1031,7663,,0,0
1031,7671,,0,0
1031,7689,G4,1,1
1031,7697,G4,1,1
1032,1162,,0,0
1032,1190,,0,0
1032,1226,,0,0
1032,1296,,0,0
1032,1461,,0,0
1032,1463,,0,0
1032,1655,A3,1,1
1032,1668,,0,0
1032,1699,,0,0
1032,3011,G4,1,1
1032,3058,,0,0
1032,3065,,0,0
1032,3085,,0,0
1032,3090,,0,0
1032,3156,,0,0
1032,3165,,0,0
1032,3188,G4,1,1
1032,3190,,0,0
1032,3212,G4,1,1
1032,3213,,0,0
1032,3313,,0,0
1032,3324,,0,0
1032,3330,,0,0
1032,3371,,0,0
1032,3374,G4,1,1
1032,3421,,0,0
1032,3451,G4,1,1
1032,3456,G4,1,1
1032,3485,,0,0
1032,4628,,0,0
1032,4629,,0,0
1032,4639,,0,0
1032,4642,G4,1,1
1032,4649,G4,1,1
1032,4654,,0,0
1032,4673,,0,0
1032,4679,,0,0
1032,4697,,0,0
1032,4714,,0,0
1032,4732,,0,0
1032,4733,G4,1,1
1032,4818,,0,0
1032,4829,G4,1,1
1032,4845,,0,0
1032,4849,,0,0
1032,4856,G4,1,1
1032,4875,G4,1,1
1032,5029,,0,0
1032,6157,G4,1,1
1032,6769,G4,1,1
1032,7103,G4,1,1
1032,7107,G4,1,1
1032,7125,G4,1,1
1032,7142,,0,0
1032,7161,,0,0
1032,7175,G4,1,1
1032,7186,G4,1,1
1032,7187,,0,0
1032,7190,G4,1,1
1032,7193,G4,1,1
1032,7204,,0,0
1032,7510,,0,0
1032,7578,G4,1,1
1032,7580,,0,0
1032,7590,G4,1,1
1032,7592,,0,0
1032,7598,,0,0
1032,7612,,0,0
1032,7625,G4,1,1
1032,7626,,0,0
1032,7655,,0,0
1032,7658,"A3,G4",2,2
1032,7665,,0,0
1032,7726,G4,1,1
1033,1090,G4,1,1
1033,1096,,0,0
1033,1102,,0,0
1033,1104,,0,0
1033,1117,,0,0
1033,1155,,0,0
1033,1182,,0,0
1033,1206,,0,0
1033,1210,,0,0
1033,1213,,0,0
1033,1259,,0,0
1033,1310,,0,0
1033,1566,,0,0
1033,1639,,0,0
1033,3059,G4,1,1
1033,3086,,0,0
1033,3171,,0,0
1033,3177,"A3,G4",2,2
1033,3182,,0,0
1033,3195,,0,0
1033,3204,,0,0
1033,3307,,0,0
1033,3317,,0,0
1033,3318,,0,0
1033,3328,,0,0
1033,3383,A3,1,1
1033,3387,,0,0
1033,3399,G4,1,1
1033,3434,G4,1,1
1033,3440,"A3,G4",2,2
1033,3476,,0,0
1033,3543,,0,0
1034,1151,,0,0
1034,1160,,0,0
1034,1180,A3,1,1
1034,1181,,0,0
1034,1186,,0,0
1034,1191,,0,0
1034,1197,,0,0
1034,1261,,0,0
1034,1281,,0,0
1034,1431,,0,0
1034,1451,,0,0
1034,1554,G4,1,1
1034,1600,,0,0
1034,1646,,0,0
1034,1651,A3,1,1
1034,1657,,0,0
1034,1658,,0,0
1034,1661,,0,0
1034,1663,,0,0
1034,1684,,0,0
1034,3052,,0,0
1034,3076,,0,0
1034,3107,,0,0
1034,3119,,0,0
1034,3132,"A3,G4",2,2
1034,3140,G4,1,1
1034,3161,,0,0
1034,3173,,0,0
1034,3196,,0,0
1034,3199,,0,0
1034,3210,,0,0
1034,3259,,0,0
1034,3260,G4,1,1
1034,3263,,0,0
1034,3305,,0,0
1034,3321,,0,0
1034,3480,,0,0
1034,3483,,0,0
1034,3498,G4,1,1
1034,3538,G4,1,1
1035,1095,G4,1,1
1035,1103,,0,0
1035,1150,G4,1,1
1035,1153,,0,0
1035,1219,G4,1,1
1035,1238,,0,0
1035,1298,,0,0
1035,1307,,0,0
1035,1393,,0,0
1035,1557,,0,0
1035,1558,,0,0
1035,1612,,0,0
1035,1691,,0,0
1035,3051,G4,1,1
1035,3054,,0,0
1035,3068,,0,0
1035,3079,,0,0
1035,3089,"A3,G4",2,2
1035,3102,,0,0
1035,3104,,0,0
1035,3106,A3,1,1
1035,3122,,0,0
1035,3138,G4,1,1
1035,3197,G4,1,1
1035,3325,,0,0
1035,3381,,0,0
1035,3388,,0,0
1035,3389,,0,0
1035,3442,,0,0
1036,1097,,0,0
1036,1158,,0,0
1036,1165,A3,1,1
1036,1174,,0,0
1036,1187,,0,0
1036,1201,,0,0
1036,1253,,0,0
1036,1271,,0,0
1036,1305,,0,0
1036,1603,,0,0
1036,1643,,0,0
1036,1649,,0,0
1036,3091,G4,1,1
1036,3093,,0,0
1036,3131,,0,0
1036,3142,,0,0
1036,3145,,0,0
1036,3180,,0,0
1036,3215,G4,1,1
1036,3217,,0,0
1036,3221,G4,1,1
1036,3304,G4,1,1
1036,3331,G4,1,1
1036,3370,,0,0
1036,3401,,0,0
1036,3441,G4,1,1
1036,3509,A3,1,1
1036,3512,"A3,G4",2,2
1037,1110,,0,0
1037,1140,"A3,A5",2,1
1037,1166,,0,0
1037,1167,,0,0
1037,1176,,0,0
1037,1178,A3,1,1
1037,1196,,0,0
1037,1220,,0,0
1037,1234,,0,0
1037,1279,,0,0
1037,1299,,0,0
1037,1306,,0,0
1037,1403,,0,0
1037,1443,A3,1,1
1037,1563,,0,0
1037,1575,,0,0
1037,1592,,0,0
1037,1610,,0,0
1037,1636,,0,0
1037,1694,,0,0
1037,3069,,0,0
1037,3087,,0,0
1037,3115,,0,0
1037,3139,,0,0
1037,3151,G4,1,1
1037,3155,,0,0
1037,3181,,0,0
1037,3184,G4,1,1
1037,3193,G4,1,1
1037,3205,,0,0
1037,3264,G4,1,1
1037,3323,A3,1,1
1037,3418,G4,1,1
1037,3544,,0,0
1038,1101,,0,0
1038,1108,,0,0
1038,1109,,0,0
1038,1179,,0,0
1038,1221,,0,0
1038,1225,,0,0
1038,1233,G4,1,1
1038,1263,,0,0
1038,1289,G4,1,1
1038,1292,G4,1,1
1038,1309,G4,1,1
1038,1433,A3,1,1
1038,1460,,0,0
1038,1464,,0,0
1038,1653,,0,0
1038,1654,,0,0
1038,1659,,0,0
1038,1669,,0,0
1038,1676,,0,0
1038,1704,,0,0
1038,3064,,0,0
1038,3071,,0,0
1038,3084,,0,0
1038,3095,G4,1,1
1038,3098,,0,0
1038,3105,,0,0
1038,3112,,0,0
1038,3137,,0,0
1038,3167,,0,0
1038,3194,G4,1,1
1038,3255,G4,1,1
1038,3315,,0,0
1038,3327,,0,0
1038,3368,,0,0
1038,3372,G4,1,1
1038,3386,G4,1,1
1080,1157,G4,1,1
1080,1161,G4,1,1
1080,1162,G4,1,1
1080,1184,G4,1,1
1080,1217,G4,1,1
1080,1239,G4,1,1
1080,1251,,0,0
1080,1253,G4,1,1
1080,1267,G4,1,1
1080,1270,,0,0
1080,1284,,0,0
1080,1292,G4,1,1
1080,1295,G4,1,1
1080,1298,G4,1,1
1080,1322,G4,1,1
1080,1324,G4,1,1
1080,1343,G4,1,1
1080,1391,G4,1,1
1080,1403,,0,0
1080,1433,,0,0
1080,1434,G4,1,1
1080,1451,,0,0
1080,1461,,0,0
1080,1462,G4,1,1
1080,1484,G4,1,1
1080,1491,,0,0
1080,1506,G4,1,1
1080,1573,,0,0
1080,1606,G4,1,1
1080,1633,,0,0
1080,1634,G4,1,1
1080,1657,G4,1,1
1080,3064,,0,0
1080,3065,G4,1,1
1080,3086,G4,1,1
1080,3093,G4,1,1
1080,3165,,0,0
1080,3169,G4,1,1
1080,3175,G4,1,1
1080,3180,,0,0
1080,3234,G4,1,1
1080,3269,G4,1,1
1080,3271,G4,1,1
1080,3371,G4,1,1
1080,3372,G4,1,1
1080,3381,,0,0
1080,3389,G4,1,1
1080,3393,G4,1,1
1080,3447,G4,1,1
1080,3532,G4,1,1
1080,3544,"B4,G4",2,2
1081,1110,,0,0
1081,1199,G4,1,1
1081,1215,,0,0
1081,1233,,0,0
1081,1243,,0,0
1081,1278,G4,1,1
1081,1309,,0,0
1081,1325,,0,0
1081,1355,G4,1,1
1081,1431,G4,1,1
1081,1464,G4,1,1
1081,1494,,0,0
1081,1519,,0,0
1081,1520,,0,0
1081,1527,,0,0
1081,1566,,0,0
1081,1649,G4,1,1
1081,1660,B8,1,1
1081,1666,,0,0
1081,3047,,0,0
1081,3058,G4,1,1
1081,3069,,0,0
1081,3091,G4,1,1
1081,3102,G4,1,1
1081,3107,,0,0
1081,3116,G4,1,1
1081,3122,,0,0
1081,3127,G4,1,1
1081,3134,G4,1,1
1081,3140,G4,1,1
1081,3159,G4,1,1
1081,3170,,0,0
1081,3171,G4,1,1
1081,3176,G4,1,1
1081,3183,G4,1,1
1081,3219,G4,1,1
1081,3230,G4,1,1
1081,3237,,0,0
1081,3239,,0,0
1081,3240,G4,1,1
1081,3243,G4,1,1
1081,3247,,0,0
1081,3266,,0,0
1081,3311,G4,1,1
1081,3321,,0,0
1081,3322,,0,0
1081,3323,,0,0
1081,3330,,0,0
1081,3368,G4,1,1
1081,3385,,0,0
1081,3440,G4,1,1
1081,3451,G4,1,1
1081,3476,G4,1,1
1081,3477,,0,0
1081,3486,G4,1,1
1081,3488,,0,0
1081,3511,G4,1,1
1081,3561,G4,1,1
1081,4622,G4,1,1
1082,1103,G4,1,1
1082,1104,,0,0
1082,1116,G4,1,1
1082,1140,G4,1,1
1082,1160,G4,1,1
1082,1163,G4,1,1
1082,1187,G4,1,1
1082,1191,,0,0
1082,1194,G4,1,1
1082,1214,G4,1,1
1082,1216,,0,0
1082,1237,G4,1,1
1082,1285,G4,1,1
1082,1293,G4,1,1
1082,1297,G4,1,1
1082,1304,G4,1,1
1082,1307,G4,1,1
1082,1323,,0,0
1082,1328,G4,1,1
1082,1335,,0,0
1082,1339,,0,0
1082,1348,G4,1,1
1082,1383,,0,0
1082,1392,G4,1,1
1082,1396,G4,1,1
1082,1465,G4,1,1
1082,1482,G4,1,1
1082,1486,G4,1,1
1082,1497,G4,1,1
1082,1506,G4,1,1
1082,1518,G4,1,1
1082,1543,G4,1,1
1082,1562,G4,1,1
1082,1582,G4,1,1
1082,1591,,0,0
1082,1616,,0,0
1082,1618,G4,1,1
1082,1639,G4,1,1
1082,1643,"A3,G4",2,2
1082,1684,,0,0
1082,3031,G4,1,1
1082,3050,G4,1,1
1082,3072,G4,1,1
1082,3090,G4,1,1
1082,3106,G4,1,1
1082,3111,G4,1,1
1082,3121,,0,0
1082,3163,G4,1,1
1082,3189,G4,1,1
1082,3194,G4,1,1
1082,3197,G4,1,1
1082,3201,,0,0
1082,3211,G4,1,1
1082,3212,G4,1,1
1082,3241,,0,0
1082,3320,G4,1,1
1082,3376,G4,1,1
1082,3435,G4,1,1
1082,3497,G4,1,1
1082,3508,G4,1,1
1083,1094,G4,1,1
1083,1097,G4,1,1
1083,1150,G4,1,1
1083,1182,,0,0
1083,1186,,0,0
1083,1213,G4,1,1
1083,1226,G4,1,1
1083,1268,,0,0
1083,1276,G4,1,1
1083,1305,,0,0
1083,1306,G4,1,1
1083,1311,,0,0
1083,1313,G4,1,1
1083,1352,G4,1,1
1083,1473,,0,0
1083,1498,G4,1,1
1083,1504,G4,1,1
1083,1540,,0,0
1083,1608,,0,0
1083,1627,,0,0
1083,1628,,0,0
1083,1637,,0,0
1083,1650,,0,0
1083,1659,,0,0
1083,1702,G4,1,1
1083,3044,G4,1,1
1083,3048,G4,1,1
1083,3071,G4,1,1
1083,3075,G4,1,1
1083,3077,,0,0
1083,3100,G4,1,1
1083,3104,,0,0
1083,3114,,0,0
1083,3128,,0,0
1083,3132,G4,1,1
1083,3137,G4,1,1
1083,3164,G4,1,1
1083,3174,"B8,G4",2,2
1083,3191,,0,0
1083,3204,G4,1,1
1083,3207,,0,0
1083,3218,,0,0
1083,3236,,0,0
1083,3276,G4,1,1
1083,3277,G4,1,1
1083,3304,G4,1,1
1083,3308,G4,1,1
1083,3373,,0,0
1083,3384,G4,1,1
1083,3482,G4,1,1
1083,3495,G4,1,1
1083,3498,G4,1,1
1083,3503,G4,1,1
1084,1102,,0,0
1084,1151,G4,1,1
1084,1158,G4,1,1
1084,1178,G4,1,1
1084,1196,G4,1,1
1084,1252,G4,1,1
1084,1254,G4,1,1
1084,1283,,0,0
1084,1287,G4,1,1
1084,1296,G4,1,1
1084,1300,,0,0
1084,1302,G4,1,1
1084,1333,G4,1,1
1084,1398,G4,1,1
1084,1487,G4,1,1
1084,1492,,0,0
1084,1507,G4,1,1
1084,1516,,0,0
1084,1533,,0,0
1084,1557,G4,1,1
1084,1565,,0,0
1084,1575,B8,1,1
1084,1578,G4,1,1
1084,1661,,0,0
1084,1663,,0,0
1084,1669,,0,0
1084,1682,G4,1,1
1084,1699,,0,0
1084,1712,G4,1,1
1084,3056,G4,1,1
1084,3057,,0,0
1084,3066,,0,0
1084,3085,G4,1,1
1084,3105,G4,1,1
1084,3115,G4,1,1
1084,3125,G4,1,1
1084,3135,G4,1,1
1084,3157,G4,1,1
1084,3160,G4,1,1
1084,3177,G4,1,1
1084,3178,G4,1,1
1084,3203,G4,1,1
1084,3210,G4,1,1
1084,3259,,0,0
1084,3260,G4,1,1
1084,3318,G4,1,1
1084,3395,,0,0
1084,3417,G4,1,1
1084,3419,G4,1,1
1084,3502,,0,0
1085,1111,G4,1,1
1085,1114,"A5,G4",2,2
1085,1117,G4,1,1
1085,1174,,0,0
1085,1180,G4,1,1
1085,1185,G4,1,1
1085,1192,G4,1,1
1085,1200,,0,0
1085,1218,,0,0
1085,1231,G4,1,1
1085,1340,G4,1,1
1085,1349,G4,1,1
1085,1389,G4,1,1
1085,1479,G4,1,1
1085,1483,,0,0
1085,1493,G4,1,1
1085,1502,G4,1,1
1085,1509,,0,0
1085,1512,G4,1,1
1085,1514,G4,1,1
1085,1522,"B8,B9",2,1
1085,1583,"G4,H1",2,2
1085,1600,G4,1,1
1085,1619,,0,0
1085,1631,,0,0
1085,1634,G4,1,1
1085,1638,G4,1,1
1085,1646,,0,0
1085,1653,G4,1,1
1085,1664,,0,0
1085,1687,G4,1,1
1085,1704,G4,1,1
1085,3011,G4,1,1
1085,3030,,0,0
1085,3063,G4,1,1
1085,3068,G4,1,1
1085,3080,G4,1,1
1085,3088,G4,1,1
1085,3095,G4,1,1
1085,3101,G4,1,1
1085,3138,,0,0
1085,3148,G4,1,1
1085,3151,G4,1,1
1085,3196,G4,1,1
1085,3213,G4,1,1
1085,3216,G4,1,1
1085,3222,G4,1,1
1085,3231,,0,0
1085,3242,,0,0
1085,3255,,0,0
1085,3263,G4,1,1
1085,3264,G4,1,1
1085,3275,,0,0
1085,3279,,0,0
1085,3374,G4,1,1
1085,3399,G4,1,1
1085,3418,,0,0
1085,3439,G4,1,1
1085,3499,G4,1,1
1086,1101,,0,0
1086,1153,G4,1,1
1086,1164,G4,1,1
1086,1165,,0,0
1086,1190,,0,0
1086,1201,G4,1,1
1086,1202,G4,1,1
1086,1224,,0,0
1086,1234,G4,1,1
1086,1236,G4,1,1
1086,1238,,0,0
1086,1240,,0,0
1086,1246,,0,0
1086,1259,,0,0
1086,1264,G4,1,1
1086,1289,G4,1,1
1086,1294,,0,0
1086,1299,G4,1,1
1086,1308,G4,1,1
1086,1327,,0,0
1086,1329,G4,1,1
1086,1331,,0,0
1086,1350,G4,1,1
1086,1441,,0,0
1086,1450,G4,1,1
1086,1458,G4,1,1
1086,1481,G4,1,1
1086,1488,,0,0
1086,1489,G4,1,1
1086,1490,G4,1,1
1086,1495,G4,1,1
1086,1500,G4,1,1
1086,1510,,0,0
1086,1514,G4,1,1
1086,1534,G4,1,1
1086,1549,G4,1,1
1086,1550,G4,1,1
1086,1555,,0,0
1086,1612,G4,1,1
1086,1636,,0,0
1086,1676,,0,0
1086,1691,A5,1,1
1086,1700,,0,0
1086,1703,,0,0
1086,3046,G4,1,1
1086,3051,,0,0
1086,3073,G4,1,1
1086,3081,G4,1,1
1086,3119,,0,0
1086,3131,,0,0
1086,3149,,0,0
1086,3162,,0,0
1086,3181,,0,0
1086,3182,,0,0
1086,3193,G4,1,1
1086,3202,G4,1,1
1086,3217,G4,1,1
1086,3228,,0,0
1086,3246,G4,1,1
1086,3248,G4,1,1
1086,3267,G4,1,1
1086,3273,G4,1,1
1086,3307,G4,1,1
1086,3327,,0,0
1086,3390,G4,1,1
1086,3512,G4,1,1
1087,1091,G4,1,1
1087,1113,G4,1,1
1087,1155,G4,1,1
1087,1172,G4,1,1
1087,1197,,0,0
1087,1203,,0,0
1087,1210,,0,0
1087,1232,G4,1,1
1087,1275,,0,0
1087,1281,G4,1,1
1087,1330,,0,0
1087,1332,,0,0
1087,1342,G4,1,1
1087,1345,,0,0
1087,1351,,0,0
1087,1390,,0,0
1087,1443,G4,1,1
1087,1485,G4,1,1
1087,1501,G4,1,1
1087,1534,G4,1,1
1087,1559,G4,1,1
1087,1563,,0,0
1087,1567,,0,0
1087,1586,,0,0
1087,1614,G4,1,1
1087,1645,,0,0
1087,1652,,0,0
1087,1658,G4,1,1
1087,1674,,0,0
1087,1705,G4,1,1
1087,1709,G4,1,1
1087,1752,G4,1,1
1087,3059,G4,1,1
1087,3061,G4,1,1
1087,3062,G4,1,1
1087,3112,G4,1,1
1087,3120,G4,1,1
1087,3136,G4,1,1
1087,3139,,0,0
1087,3142,,0,0
1087,3144,G4,1,1
1087,3156,G4,1,1
1087,3184,G4,1,1
1087,3187,G4,1,1
1087,3190,,0,0
1087,3198,G4,1,1
1087,3199,G4,1,1
1087,3221,G4,1,1
1087,3223,G4,1,1
1087,3224,,0,0
1087,3227,,0,0
1087,3232,,0,0
1087,3235,G4,1,1
1087,3258,G4,1,1
1087,3265,G4,1,1
1087,3306,,0,0
1087,3309,G4,1,1
1087,3325,,0,0
1087,3370,,0,0
1087,3383,G4,1,1
1087,3388,G4,1,1
1087,3392,G4,1,1
1087,3394,,0,0
1087,3397,"B8,G4",2,2
1087,3401,G4,1,1
1087,3456,G4,1,1
1088,1105,G4,1,1
1088,1118,G4,1,1
1088,1219,G4,1,1
1088,1220,G4,1,1
1088,1250,G4,1,1
1088,1255,,0,0
1088,1258,,0,0
1088,1314,,0,0
1088,1326,G4,1,1
1088,1334,G4,1,1
1088,1338,G4,1,1
1088,1353,G4,1,1
1088,1358,G4,1,1
1088,1393,G4,1,1
1088,1432,,0,0
1088,1437,,0,0
1088,1444,G4,1,1
1088,1485,G4,1,1
1088,1486,G4,1,1
1088,1495,G4,1,1
1088,1496,,0,0
1088,1498,G4,1,1
1088,1503,,0,0
1088,1615,G4,1,1
1088,3049,G4,1,1
1088,3053,G4,1,1
1088,3055,G4,1,1
1088,3079,,0,0
1088,3083,G4,1,1
1088,3084,G4,1,1
1088,3092,G4,1,1
1088,3126,,0,0
1088,3129,A3,1,1
1088,3143,G4,1,1
1088,3146,G4,1,1
1088,3155,G4,1,1
1088,3161,G4,1,1
1088,3166,G4,1,1
1088,3167,G4,1,1
1088,3179,,0,0
1088,3186,,0,0
1088,3188,G4,1,1
1088,3195,,0,0
1088,3214,G4,1,1
1088,3233,G4,1,1
1088,3245,G4,1,1
1088,3278,,0,0
1088,3305,G4,1,1
1088,3310,G4,1,1
1088,3314,G4,1,1
1088,3328,G4,1,1
1088,3331,G4,1,1
1088,3375,G4,1,1
1088,3380,,0,0
1088,3434,G4,1,1
1088,3444,G4,1,1
1089,1098,,0,0
1089,1108,G4,1,1
1089,1109,,0,0
1089,1112,,0,0
1089,1152,,0,0
1089,1166,,0,0
1089,1168,,0,0
1089,1193,,0,0
1089,1225,,0,0
1089,1235,G4,1,1
1089,1273,,0,0
1089,1291,G4,1,1
1089,1312,G4,1,1
1089,1386,,0,0
1089,1394,H1,1,1
1089,1401,,0,0
1089,1448,,0,0
1089,1481,,0,0
1089,1499,,0,0
1089,1551,,0,0
1089,1554,,0,0
1089,1571,,0,0
1089,1610,,0,0
1089,1644,,0,0
1089,1656,,0,0
1089,1692,,0,0
1089,3052,G4,1,1
1089,3054,,0,0
1089,3070,,0,0
1089,3076,,0,0
1089,3089,G4,1,1
1089,3103,G4,1,1
1089,3113,,0,0
1089,3117,,0,0
1089,3124,G4,1,1
1089,3215,G4,1,1
1089,3270,,0,0
1089,3315,,0,0
1089,3324,,0,0
1089,3367,G4,1,1
1089,3378,,0,0
1089,3379,,0,0
1089,3387,,0,0
1089,3441,,0,0
1089,3443,,0,0
1089,3484,,0,0
1089,3485,,0,0
1089,3509,,0,0
1089,3531,G4,1,1
1090,1090,,0,0
1090,1095,G4,1,1
1090,1096,,0,0
1090,1159,,0,0
1090,1167,,0,0
1090,1176,,0,0
1090,1179,G4,1,1
1090,1221,,0,0
1090,1257,,0,0
1090,1271,,0,0
1090,1277,G4,1,1
1090,1286,G4,1,1
1090,1310,,0,0
1090,1430,,0,0
1090,1460,,0,0
1090,1463,,0,0
1090,1501,,0,0
1090,1508,,0,0
1090,1541,G4,1,1
1090,1558,,0,0
1090,1588,,0,0
1090,1598,G4,1,1
1090,1603,,0,0
1090,1620,,0,0
1090,1640,,0,0
1090,1651,,0,0
1090,1654,,0,0
1090,1694,G4,1,1
1090,1698,,0,0
1090,3060,,0,0
1090,3097,,0,0
1090,3098,G4,1,1
1090,3158,G4,1,1
1090,3205,,0,0
1090,3209,G4,1,1
1090,3225,"A2,G4",2,2
1090,3226,,0,0
1090,3313,G4,1,1
1090,3317,,0,0
1090,3448,G4,1,1
1090,3449,G4,1,1
1090,3483,,0,0
1090,3489,,0,0
1090,3522,,0,0
1090,3555,,0,0
1090,3570,G4,1,1
1091,1112,"A3,B8",2,2
1091,1116,G4,1,1
1091,1166,"B8,G4",2,2
1091,1185,G4,1,1
1091,1188,A3,1,1
1091,1213,G4,1,1
1091,1224,,0,0
1091,1232,G4,1,1
1091,1254,,0,0
1091,1273,,0,0
1091,1283,B8,1,1
1091,1289,G4,1,1
1091,1293,G4,1,1
1091,1307,G4,1,1
1091,1349,,0,0
1091,1444,"A3,B4,G4",3,3
1091,1508,G4,1,1
1091,1514,G4,1,1
1091,1522,"A3,G4",2,2
1091,1543,G4,1,1
1091,1549,,0,0
1091,1634,,0,0
1091,1654,,0,0
1091,1660,,0,0
1091,3053,G4,1,1
1091,3061,G4,1,1
1091,3066,,0,0
1091,3085,G4,1,1
1091,3091,G4,1,1
1091,3113,G4,1,1
1091,3115,G4,1,1
1091,3121,,0,0
1091,3142,G4,1,1
1091,3163,G4,1,1
1091,3164,,0,0
1091,3175,,0,0
1091,3189,G4,1,1
1091,3199,G4,1,1
1091,3202,G4,1,1
1091,3221,G4,1,1
1091,3235,G4,1,1
1091,3263,,0,0
1091,3276,G4,1,1
1091,3309,G4,1,1
1091,3320,G4,1,1
1091,3368,G4,1,1
1091,3372,G4,1,1
1091,3376,G4,1,1
1091,3385,G4,1,1
1091,3440,G4,1,1
1091,3449,G4,1,1
1091,3486,G4,1,1
1091,3555,G4,1,1
1092,1108,G4,1,1
1092,1109,,0,0
1092,1117,G4,1,1
1092,1160,G4,1,1
1092,1168,G4,1,1
1092,1199,"A3,G4,H1",3,3
1092,1203,G4,1,1
1092,1214,G4,1,1
1092,1231,G4,1,1
1092,1264,,0,0
1092,1276,,0,0
1092,1295,G4,1,1
1092,1304,,0,0
1092,1306,G4,1,1
1092,1308,G4,1,1
1092,1338,G4,1,1
1092,1345,G4,1,1
1092,1389,G4,1,1
1092,1462,,0,0
1092,1481,G4,1,1
1092,1484,G4,1,1
1092,1490,,0,0
1092,1503,G4,1,1
1092,1504,G4,1,1
1092,1506,,0,0
1092,1533,,0,0
1092,1534,,0,0
1092,1540,,0,0
1092,1565,A3,1,1
1092,1588,G4,1,1
1092,1615,G4,1,1
1092,1638,,0,0
1092,1692,,0,0
1092,1727,G4,1,1
1092,3044,G4,1,1
1092,3046,G4,1,1
1092,3049,,0,0
1092,3052,G4,1,1
1092,3072,G4,1,1
1092,3080,G4,1,1
1092,3083,G4,1,1
1092,3098,G4,1,1
1092,3131,G4,1,1
1092,3144,G4,1,1
1092,3145,G4,1,1
1092,3157,G4,1,1
1092,3162,,0,0
1092,3165,,0,0
1092,3190,,0,0
1092,3195,,0,0
1092,3196,G4,1,1
1092,3213,G4,1,1
1092,3278,G4,1,1
1092,3305,,0,0
1092,3331,G4,1,1
1092,3390,"A3,G4",2,2
1093,1118,G4,1,1
1093,1140,B8,1,1
1093,1172,G4,1,1
1093,1187,G4,1,1
1093,1236,"A3,G4",2,2
1093,1250,"B8,G4",2,2
1093,1253,A3,1,1
1093,1267,G4,1,1
1093,1278,G4,1,1
1093,1281,G4,1,1
1093,1292,G4,1,1
1093,1298,G4,1,1
1093,1322,G4,1,1
1093,1327,,0,0
1093,1343,G4,1,1
1093,1383,G4,1,1
1093,1390,G4,1,1
1093,1437,G4,1,1
1093,1486,G4,1,1
1093,1493,,0,0
1093,1495,G4,1,1
1093,1501,"A3,H1",2,2
1093,1516,,0,0
1093,1520,A3,1,1
1093,1534,G4,1,1
1093,1631,,0,0
1093,1633,G4,1,1
1093,1668,,0,0
1093,3058,G4,1,1
1093,3059,G4,1,1
1093,3063,"A3,G4",2,2
1093,3069,G4,1,1
1093,3071,G4,1,1
1093,3092,G4,1,1
1093,3097,,0,0
1093,3100,,0,0
1093,3102,G4,1,1
1093,3105,G4,1,1
1093,3112,G4,1,1
1093,3117,G4,1,1
1093,3125,G4,1,1
1093,3132,G4,1,1
1093,3137,G4,1,1
1093,3138,,0,0
1093,3140,G4,1,1
1093,3167,,0,0
1093,3171,,0,0
1093,3180,,0,0
1093,3181,,0,0
1093,3212,G4,1,1
1093,3217,G4,1,1
1093,3222,G4,1,1
1093,3234,,0,0
1093,3237,G4,1,1
1093,3242,,0,0
1093,3259,G4,1,1
1093,3307,G4,1,1
1093,3311,G4,1,1
1093,3318,G4,1,1
1093,3384,A3,1,1
1093,3387,A3,1,1
1093,3399,G4,1,1
1093,3451,"G4,H1",2,2
1093,3456,G4,1,1
1093,3477,G4,1,1
1093,3497,G4,1,1
1093,3509,G4,1,1
1093,3570,G4,1,1
1094,1091,G4,1,1
1094,1104,G4,1,1
1094,1218,G4,1,1
1094,1233,,0,0
1094,1270,"A3,G4",2,2
1094,1286,G4,1,1
1094,1296,G4,1,1
1094,1328,G4,1,1
1094,1329,G4,1,1
1094,1330,"A3,G4",2,2
1094,1333,G4,1,1
1094,1334,G4,1,1
1094,1350,G4,1,1
1094,1393,,0,0
1094,1434,"A3,G4",2,2
1094,1450,G4,1,1
1094,1461,G4,1,1
1094,1463,,0,0
1094,1464,G4,1,1
1094,1489,G4,1,1
1094,1495,G4,1,1
1094,1498,"A3,H1",2,2
1094,1616,G4,1,1
1094,1640,A3,1,1
1094,1694,A3,1,1
1094,1729,G4,1,1
1094,3050,G4,1,1
1094,3075,,0,0
1094,3076,G4,1,1
1094,3086,G4,1,1
1094,3093,,0,0
1094,3095,G4,1,1
1094,3101,H1,1,1
1094,3106,G4,1,1
1094,3124,G4,1,1
1094,3139,G4,1,1
1094,3149,,0,0
1094,3166,G4,1,1
1094,3191,,0,0
1094,3194,G4,1,1
1094,3198,G4,1,1
1094,3209,"A3,G4",2,2
1094,3225,"A2,G4",2,2
1094,3228,,0,0
1094,3236,G4,1,1
1094,3266,A3,1,1
1094,3306,A3,1,1
1094,3317,G4,1,1
1094,3322,,0,0
1094,3323,G4,1,1
1094,3374,G4,1,1
1094,3378,A3,1,1
1094,3485,,0,0
1094,3508,"A3,G4",2,2
1094,3532,,0,0
1095,1090,G4,1,1
1095,1113,G4,1,1
1095,1157,G4,1,1
1095,1182,,0,0
1095,1215,,0,0
1095,1226,G4,1,1
1095,1238,,0,0
1095,1252,G4,1,1
1095,1268,G4,1,1
1095,1287,G4,1,1
1095,1300,,0,0
1095,1324,G4,1,1
1095,1326,G4,1,1
1095,1340,G4,1,1
1095,1384,,0,0
1095,1430,G4,1,1
1095,1431,,0,0
1095,1441,,0,0
1095,1443,G4,1,1
1095,1480,"A3,G4",2,2
1095,1499,G4,1,1
1095,1509,"A3,G4",2,2
1095,1541,G4,1,1
1095,1586,G4,1,1
1095,1636,,0,0
1095,1649,A3,1,1
1095,1650,,0,0
1095,1658,G4,1,1
1095,1662,A3,1,1
1095,1664,,0,0
1095,3060,G4,1,1
1095,3070,G4,1,1
1095,3088,G4,1,1
1095,3089,G4,1,1
1095,3122,,0,0
1095,3146,G4,1,1
1095,3148,G4,1,1
1095,3156,G4,1,1
1095,3219,G4,1,1
1095,3224,,0,0
1095,3239,"A2,G4",2,2
1095,3260,G4,1,1
1095,3270,G4,1,1
1095,3277,G4,1,1
1095,3308,G4,1,1
1095,3310,G4,1,1
1095,3370,G4,1,1
1095,3380,A3,1,1
1095,3391,,0,0
1095,3392,G4,1,1
1095,3397,,0,0
1095,3417,G4,1,1
1095,3488,G4,1,1
1095,3498,"A3,G4",2,2
1095,3502,G4,1,1
1095,3511,G4,1,1
1096,1095,G4,1,1
1096,1097,G4,1,1
1096,1111,G4,1,1
1096,1152,G4,1,1
1096,1153,G4,1,1
1096,1217,G4,1,1
1096,1225,,0,0
1096,1247,,0,0
1096,1251,,0,0
1096,1275,A3,1,1
1096,1285,,0,0
1096,1294,,0,0
1096,1309,,0,0
1096,1314,G4,1,1
1096,1485,,0,0
1096,1488,A3,1,1
1096,1507,G4,1,1
1096,1511,A3,1,1
1096,1627,G4,1,1
1096,1652,,0,0
1096,1657,,0,0
1096,1659,,0,0
1096,1674,G4,1,1
1096,1676,,0,0
1096,1691,A5,1,1
1096,3011,,0,0
1096,3030,,0,0
1096,3048,G4,1,1
1096,3056,G4,1,1
1096,3079,,0,0
1096,3081,G4,1,1
1096,3104,,0,0
1096,3111,,0,0
1096,3151,G4,1,1
1096,3160,G4,1,1
1096,3179,G4,1,1
1096,3182,G4,1,1
1096,3183,,0,0
1096,3184,G4,1,1
1096,3188,G4,1,1
1096,3208,G4,1,1
1096,3210,G4,1,1
1096,3223,,0,0
1096,3245,,0,0
1096,3255,G4,1,1
1096,3279,G4,1,1
1096,3315,G4,1,1
1096,3321,,0,0
1096,3367,G4,1,1
1096,3379,,0,0
1096,3388,,0,0
1096,3395,"A3,G4",2,2
1096,3418,G4,1,1
1096,3419,G4,1,1
1096,3476,G4,1,1
1096,3489,G4,1,1
1097,1103,,0,0
1097,1110,,0,0
1097,1114,A5,1,1
1097,1150,G4,1,1
1097,1155,G4,1,1
1097,1158,G4,1,1
1097,1184,,0,0
1097,1190,,0,0
1097,1201,G4,1,1
1097,1271,,0,0
1097,1284,G4,1,1
1097,1432,,0,0
1097,1451,,0,0
1097,1483,,0,0
1097,1498,G4,1,1
1097,1501,G4,1,1
1097,1527,,0,0
1097,1558,,0,0
1097,1608,,0,0
1097,1620,,0,0
1097,1637,G4,1,1
1097,1639,,0,0
1097,1643,,0,0
1097,1698,"A3,G4",2,2
1097,1704,G4,1,1
1097,1712,,0,0
1097,3051,G4,1,1
1097,3073,G4,1,1
1097,3090,G4,1,1
1097,3103,G4,1,1
1097,3114,,0,0
1097,3136,G4,1,1
1097,3158,G4,1,1
1097,3161,,0,0
1097,3169,G4,1,1
1097,3170,,0,0
1097,3176,G4,1,1
1097,3177,G4,1,1
1097,3200,G4,1,1
1097,3203,G4,1,1
1097,3204,G4,1,1
1097,3211,G4,1,1
1097,3215,G4,1,1
1097,3216,G4,1,1
1097,3226,,0,0
1097,3233,G4,1,1
1097,3304,,0,0
1097,3327,G4,1,1
1097,3328,,0,0
1097,3371,G4,1,1
1097,3373,G4,1,1
1097,3381,A3,1,1
1097,3383,G4,1,1
1097,3389,G4,1,1
1097,3394,H1,1,1
1097,3434,G4,1,1
1097,3439,,0,0
1097,3441,,0,0
1097,3444,G4,1,1
1097,3447,G4,1,1
1097,3495,G4,1,1
1097,3499,G4,1,1
1097,3512,G4,1,1
1097,3544,,0,0
1098,1176,G4,1,1
1098,1179,G4,1,1
1098,1221,"B8,G4",2,2
1098,1246,G4,1,1
1098,1259,,0,0
1098,1299,G4,1,1
1098,1310,,0,0
1098,1325,,0,0
1098,1339,G4,1,1
1098,1348,G4,1,1
1098,1352,G4,1,1
1098,1353,,0,0
1098,1358,G4,1,1
1098,1460,G4,1,1
1098,1482,G4,1,1
1098,1496,,0,0
1098,1497,G4,1,1
1098,1510,G4,1,1
1098,1551,,0,0
1098,1575,B8,1,1
1098,1582,,0,0
1098,1591,"A2,G4",2,2
1098,1699,,0,0
1098,3054,G4,1,1
1098,3057,G4,1,1
1098,3064,G4,1,1
1098,3068,G4,1,1
1098,3084,,0,0
1098,3107,,0,0
1098,3120,G4,1,1
1098,3129,,0,0
1098,3143,,0,0
1098,3155,G4,1,1
1098,3159,G4,1,1
1098,3178,G4,1,1
1098,3192,,0,0
1098,3193,G4,1,1
1098,3201,G4,1,1
1098,3207,G4,1,1
1098,3231,G4,1,1
1098,3243,"A2,G4",2,2
1098,3246,G4,1,1
1098,3267,G4,1,1
1098,3269,G4,1,1
1098,3271,,0,0
1098,3313,G4,1,1
1098,3324,G4,1,1
1098,3325,G4,1,1
1098,3330,G4,1,1
1098,3369,G4,1,1
1098,3435,G4,1,1
1098,3443,G4,1,1
1098,3483,,0,0
1098,3561,G4,1,1
1109,1101,,0,0
1109,1110,,0,0
1109,1153,B8,1,1
1109,1158,B8,1,1
1109,1166,B8,1,1
1109,1176,"B8,B9",2,1
1109,1187,"B8,G4",2,2
1109,1206,,0,0
1109,1224,"B8,G4",2,2
1109,1225,,0,0
1109,1285,B9,1,1
1109,1286,"B8,B9,G4",3,2
1109,1298,,0,0
1109,1302,"B8,G4",2,2
1109,1306,"B8,B9",2,1
1109,1315,"B8,G4",2,2
1109,1431,"B8,G4",2,2
1109,1432,,0,0
1109,1444,"B8,G4",2,2
1109,1500,"B4,G4",2,2
1109,1534,,0,0
1109,1582,B8,1,1
1109,1640,B8,1,1
1109,1650,B8,1,1
1109,1656,B8,1,1
1109,1698,B9,1,1
1109,1712,"A3,B11,B8",3,2
1109,3054,B8,1,1
1109,3058,"B8,B9",2,1
1109,3080,"B8,B9",2,1
1109,3081,,0,0
1109,3084,"B8,B9",2,1
1109,3097,B8,1,1
1109,3138,B8,1,1
1109,3142,,0,0
1109,3191,"B8,B9",2,1
1109,3200,B8,1,1
1109,3221,"B8,B9,G4",3,2
1109,3223,"B8,E1",2,2
1109,3240,G4,1,1
1109,3246,"B8,G4",2,2
1109,3248,,0,0
1109,3255,"B8,G4",2,2
1109,3305,,0,0
1109,3309,"B8,G4",2,2
1109,3310,"B8,G4",2,2
1109,3315,"B8,B9",2,1
1109,3344,"B8,G4",2,2
1109,3346,"B8,B9,G4",3,2
1109,3352,"B9,G4",2,2
1109,3379,B8,1,1
1109,3397,"B4,G4",2,2
1109,3441,"B8,G4",2,2
1110,1095,"A3,B8,G4",3,3
1110,1196,"B8,E1,G4",3,3
1110,1232,"B8,G4",2,2
1110,1233,"A3,B4,B8,G4,H1",5,4
1110,1257,,0,0
1110,1273,,0,0
1110,1289,G4,1,1
1110,1304,"B8,G4",2,2
1110,1308,"B8,G4",2,2
1110,1349,"B8,G4",2,2
1110,1357,"B8,E1",2,2
1110,1463,G4,1,1
1110,1493,,0,0
1110,1499,"B8,E1",2,2
1110,1510,"B8,E1",2,2
1110,1612,"B8,G4",2,2
1110,1639,"B8,G4",2,2
1110,1660,B8,1,1
1110,1699,,0,0
1111,1113,"B8,B9,G4",3,2
1111,1162,,0,0
1111,1252,"B9,G4,H1",3,3
1111,1294,"A3,B8,G4",3,3
1111,1313,B9,1,1
1111,1460,"B8,B9",2,1
1111,1527,B9,1,1
1111,1652,"B9,G4",2,2
1111,1704,"B8,B9,G4",3,2
1111,3044,"B8,B9,G4",3,2
1111,3052,"B8,B9,G4",3,2
1111,3082,"B9,G4",2,2
1111,3085,"B8,G4",2,2
1111,3092,"B8,G4",2,2
1111,3095,G4,1,1
1111,3132,"B8,B9,G4",3,2
1111,3199,"B8,B9,G4",3,2
1111,3205,"B8,B9,G4",3,2
1111,3216,"B9,G4",2,2
1111,3217,"B8,G4",2,2
1111,3307,"A3,G4",2,2
1111,3320,"B8,B9,G4",3,2
1111,3336,G4,1,1
1111,3347,"B8,G4",2,2
1111,3349,"B8,B9",2,1
1111,3371,"B8,B9,G4",3,2
1111,3376,G4,1,1
1111,3381,,0,0
1111,3645,,0,0
1111,3657,,0,0
1111,3701,G4,1,1
1111,3755,G4,1,1
1111,3764,,0,0
1111,6130,G4,1,1
1111,7506,,0,0
1111,7648,"B8,G4",2,2
1111,7653,,0,0
1112,1114,"A5,B8,B9,G4",4,3
1112,1118,B9,1,1
1112,1174,,0,0
1112,1218,G4,1,1
1112,1255,B9,1,1
1112,1296,"B8,G4",2,2
1112,1299,,0,0
1112,1309,"B9,G4",2,2
1112,1325,,0,0
1112,1331,,0,0
1112,1333,"B8,G4",2,2
1112,1355,,0,0
1112,1356,,0,0
1112,1388,G4,1,1
1112,1430,"B8,B9,G4",3,2
1112,1462,"B9,G4",2,2
1112,1489,"B8,B9,G4",3,2
1112,1491,G4,1,1
1112,1507,"B8,B9,G4",3,2
1112,1565,"A3,B8,G4",3,3
1112,1636,B9,1,1
1112,1658,B9,1,1
1113,1103,B8,1,1
1113,1108,"B8,B9",2,1
1113,1155,B8,1,1
1113,1181,B8,1,1
1113,1190,,0,0
1113,1202,"B8,G4",2,2
1113,1214,B9,1,1
1113,1238,B8,1,1
1113,1250,"B8,G4",2,2
1113,1253,,0,0
1113,1263,"A3,B8,G4",3,3
1113,1267,G4,1,1
1113,1293,,0,0
1113,1329,"B8,G4",2,2
1113,1343,"B4,G4",2,2
1113,1345,"B8,G4",2,2
1113,1392,"B8,B9",2,1
1113,1437,B8,1,1
1113,1443,G4,1,1
1113,1473,"B8,G4",2,2
1113,1485,"B8,G4",2,2
1113,3046,"B8,G4",2,2
1113,3089,B8,1,1
1113,3090,G4,1,1
1113,3091,B8,1,1
1113,3103,G4,1,1
1113,3116,E1,1,1
1113,3122,G4,1,1
1113,3129,"B4,G4",2,2
1113,3137,B8,1,1
1113,3155,B8,1,1
1113,3188,"B8,G4",2,2
1113,3193,B8,1,1
1113,3196,B8,1,1
1113,3209,B8,1,1
1113,3259,"B8,G4",2,2
1113,3264,B8,1,1
1113,3311,"B8,B9",2,1
1113,3342,"B8,G4",2,2
1113,3378,"B8,G4",2,2
1113,3417,G4,1,1
1113,3451,"B9,G4",2,2
1113,3476,,0,0
1113,3522,G4,1,1
1114,1090,"B8,G4",2,2
1114,1097,"B8,B9,G4",3,2
1114,1111,B11,1,1
1114,1116,"B8,G4",2,2
1114,1150,"B8,G4",2,2
1114,1152,B8,1,1
1114,1178,,0,0
1114,1210,"B8,G4",2,2
1114,1283,"B4,B8",2,1
1114,1284,B8,1,1
1114,1303,G4,1,1
1114,1314,"B8,G4",2,2
1114,1322,G4,1,1
1114,1339,"B8,G4",2,2
1114,1348,"B8,G4",2,2
1114,1451,A3,1,1
1114,1458,B8,1,1
1114,1481,"B8,B9,G4",3,2
1114,1496,"B9,G4",2,2
1114,1518,"B8,G4",2,2
1114,1541,"B8,G4",2,2
1114,1558,"B8,B9,G4",3,2
1114,1637,G4,1,1
1114,1644,"A5,B8",2,2
1114,1651,"B4,G4",2,2
1114,1657,B4,1,1
1114,1691,"A5,B8",2,2
1114,1705,"B4,B9",2,1
1114,3060,"B8,G4",2,2
1114,3075,G4,1,1
1114,3107,,0,0
1114,3119,H1,1,1
1114,3145,,0,0
1114,3149,"B8,G4",2,2
1114,3197,"B8,G4",2,2
1114,3232,"B4,B8,B9,G4",4,2
1114,3247,"B8,G4",2,2
1114,3260,G4,1,1
1114,3276,G4,1,1
1114,3345,"B4,G4",2,2
1114,3348,G4,1,1
1114,3423,"B4,G4",2,2
1114,3434,"B8,G4",2,2
1114,3435,"B4,B8",2,1
1114,3443,G4,1,1
1114,3489,B8,1,1
1115,1104,B8,1,1
1115,1117,G4,1,1
1115,1164,"B4,B8",2,1
1115,1184,B8,1,1
1115,1201,"B8,G4",2,2
1115,1213,"B8,G4",2,2
1115,1242,G4,1,1
1115,1265,,0,0
1115,1278,"B8,G4",2,2
1115,1281,G4,1,1
1115,1310,G4,1,1
1115,1324,"B4,B8,G4",3,2
1115,1326,,0,0
1115,1352,G4,1,1
1115,1486,B8,1,1
1115,1497,"B8,G4",2,2
1115,1501,,0,0
1115,1502,G4,1,1
1115,1506,A3,1,1
1115,1514,G4,1,1
1115,1540,B4,1,1
1115,1563,"B8,G4",2,2
1115,1588,"B8,G4",2,2
1115,1616,,0,0
1115,1649,"B4,G4",2,2
1115,1654,G4,1,1
1115,1674,B4,1,1
1115,1694,"B8,G4",2,2
1115,3053,G4,1,1
1115,3064,"B8,G4",2,2
1115,3071,B8,1,1
1115,3076,,0,0
1115,3093,,0,0
1115,3098,,0,0
1115,3104,"B8,G4",2,2
1115,3124,,0,0
1115,3136,G4,1,1
1115,3198,"B8,G4",2,2
1115,3202,G4,1,1
1115,3213,"B8,G4",2,2
1115,3225,,0,0
1115,3228,,0,0
1115,3237,,0,0
1115,3241,B8,1,1
1115,3277,G4,1,1
1115,3321,A3,1,1
1115,3325,"B8,G4",2,2
1115,3331,"B8,G4",2,2
1115,3351,"B8,G4",2,2
1115,3362,"B8,G4",2,2
1115,3388,,0,0
1115,3418,,0,0
1115,3449,"B8,G4",2,2
1115,3477,,0,0
1115,3486,"B8,G4",2,2
1115,3495,G4,1,1
1115,3544,,0,0
1116,1091,"B4,G4",2,2
1116,1109,B8,1,1
1116,1140,"B8,G4",2,2
1116,1157,"B8,G4",2,2
1116,1167,"B8,G4",2,2
1116,1182,"B8,G4",2,2
1116,1199,"B8,G4",2,2
1116,1219,G4,1,1
1116,1221,G4,1,1
1116,1226,G4,1,1
1116,1231,"B8,G4",2,2
1116,1243,"B4,G4",2,2
1116,1246,B8,1,1
1116,1264,"B8,G4",2,2
1116,1276,G4,1,1
1116,1291,"B8,G4",2,2
1116,1295,G4,1,1
1116,1297,"B8,G4",2,2
1116,1327,"B8,G4",2,2
1116,1389,"B4,B8,G4",3,2
1116,1434,G4,1,1
1116,1465,"B4,B8,G4",3,2
1116,1516,"B8,G4",2,2
1116,1533,"B8,G4",2,2
1116,1575,G4,1,1
1116,1610,G4,1,1
1116,1642,"B8,G4",2,2
1116,1676,G4,1,1
1117,1271,"A3,H1",2,2
1117,1292,"B8,G4",2,2
1117,1300,"B8,G4",2,2
1117,1307,"B8,G4",2,2
1117,1390,A2,1,1
1117,1393,B8,1,1
1117,1461,A2,1,1
1117,1464,"B4,B8,G4",3,2
1117,1482,"A3,B4,B8",3,2
1117,1492,,0,0
1117,1550,"B4,B8,G4",3,2
1117,1554,B4,1,1
1117,1659,B8,1,1
1117,1692,A3,1,1
1117,3057,"B8,G4",2,2
1117,3106,B8,1,1
1117,3117,,0,0
1117,3194,"B4,G4",2,2
1117,3222,"B8,G4",2,2
1117,3224,"B11,B8,G4",3,2
1117,3227,"B8,G4",2,2
1117,3239,"B8,G4",2,2
1117,3306,B4,1,1
1117,3314,"B4,B8,G4",3,2
1117,3324,,0,0
1117,3328,B4,1,1
1117,3488,"B4,B8",2,1
1118,1101,,0,0
1118,1108,,0,0
1118,1109,,0,0
1118,1110,,0,0
1118,1111,,0,0
1118,1112,,0,0
1118,1113,,0,0
1118,1114,,0,0
1118,1115,,0,0
1118,1116,,0,0
1118,1140,G4,1,1
1118,1166,"B8,E1",2,2
1118,1176,"B8,E1",2,2
1118,1213,,0,0
1118,1214,,0,0
1118,1215,,0,0
1118,1216,,0,0
1118,1217,,0,0
1118,1218,,0,0
1118,1219,,0,0
1118,1220,,0,0
1118,1221,,0,0
1118,1222,,0,0
1118,1224,,0,0
1118,1225,,0,0
1118,1226,,0,0
1118,1228,,0,0
1118,1448,,0,0
1118,1449,,0,0
1118,1450,,0,0
1118,1451,,0,0
1118,1555,,0,0
1118,1557,,0,0
1118,1558,,0,0
1118,1559,,0,0
1118,1560,,0,0
1118,1561,,0,0
1118,1562,,0,0
1118,1563,,0,0
1118,1564,,0,0
1118,1592,G4,1,1
1118,1603,,0,0
1118,1604,,0,0
1118,1685,,0,0
1118,1686,,0,0
1118,1687,,0,0
1118,1688,,0,0
1118,1690,,0,0
1118,1691,,0,0
1118,1702,,0,0
1118,1709,,0,0
1118,1712,,0,0
1118,1846,,0,0
1119,1167,G4,1,1
1119,1217,G4,1,1
1119,1261,G4,1,1
1119,1267,G4,1,1
1119,1278,G4,1,1
1119,1285,,0,0
1119,1294,G4,1,1
1119,1308,G4,1,1
1119,1325,"E1,G4",2,2
1119,1335,"B4,G4",2,2
1119,1352,"B8,E1,G4",3,3
1119,1358,G4,1,1
1119,1391,G4,1,1
1119,1393,"B8,E1,G4",3,3
1119,1490,"A3,G4",2,2
1119,1491,G4,1,1
1119,1500,G4,1,1
1119,1504,G4,1,1
1119,1512,G4,1,1
1119,1614,G4,1,1
1119,1636,"B8,E1,G4",3,3
1119,1639,G4,1,1
1119,1640,"B8,E1,G4",3,3
1119,1653,G4,1,1
1119,1655,G4,1,1
1119,1729,G4,1,1
1119,3011,"B8,E1,G4",3,3
1119,3044,"B8,E1,G4",3,3
1119,3046,G4,1,1
1119,3060,G4,1,1
1119,3061,G4,1,1
1119,3069,G4,1,1
1119,3076,G4,1,1
1119,3080,G4,1,1
1119,3085,G4,1,1
1119,3093,G4,1,1
1119,3095,G4,1,1
1119,3106,"B8,E1",2,2
1119,3130,"E1,G4",2,2
1119,3133,,0,0
1119,3137,G4,1,1
1119,3182,G4,1,1
1119,3198,"B8,E1,G4",3,3
1119,3205,G4,1,1
1119,3207,"E1,G4",2,2
1119,3210,"E1,G4",2,2
1119,3224,G4,1,1
1119,3235,"B8,E1,G4",3,3
1119,3237,G4,1,1
1119,3243,,0,0
1119,3259,G4,1,1
1119,3273,G4,1,1
1119,3304,"A3,B4",2,2
1119,3313,G4,1,1
1119,3324,G4,1,1
1119,3331,G4,1,1
1119,3345,"E1,G4",2,2
1119,3350,G4,1,1
1119,3352,G4,1,1
1119,3367,"B8,E1,G4",3,3
1119,3381,G4,1,1
1119,3385,G4,1,1
1119,3391,G4,1,1
1119,3423,G4,1,1
1119,3451,G4,1,1
1119,3476,G4,1,1
1119,3477,G4,1,1
1119,3482,,0,0
1119,3503,G4,1,1
1120,1097,G4,1,1
1120,1104,H1,1,1
1120,1160,G4,1,1
1120,1161,G4,1,1
1120,1162,G4,1,1
1120,1180,G4,1,1
1120,1193,,0,0
1120,1203,G4,1,1
1120,1246,,0,0
1120,1248,G4,1,1
1120,1281,"E1,G4",2,2
1120,1291,,0,0
1120,1305,,0,0
1120,1327,G4,1,1
1120,1330,G4,1,1
1120,1343,G4,1,1
1120,1387,G4,1,1
1120,1497,G4,1,1
1120,1498,G4,1,1
1120,1503,A3,1,1
1120,1514,G4,1,1
1120,1565,,0,0
1120,1582,,0,0
1120,1612,"B8,E1,G4",3,3
1120,1629,G4,1,1
1120,1669,,0,0
1120,1698,"B8,E1,G4",3,3
1120,1719,G4,1,1
1120,1727,G4,1,1
1120,3058,"B8,E1,G4",3,3
1120,3063,G4,1,1
1120,3065,"B8,E1,G4",3,3
1120,3079,G4,1,1
1120,3096,G4,1,1
1120,3101,"B8,G4",2,2
1120,3107,G4,1,1
1120,3115,"B8,E1,G4",3,3
1120,3122,G4,1,1
1120,3125,G4,1,1
1120,3136,G4,1,1
1120,3181,G4,1,1
1120,3192,G4,1,1
1120,3197,G4,1,1
1120,3263,G4,1,1
1120,3265,G4,1,1
1120,3349,"B8,E1,G4",3,3
1120,3386,G4,1,1
1120,3486,"B8,E1,G4",3,3
1122,1117,G4,1,1
1122,1153,G4,1,1
1122,1185,G4,1,1
1122,1232,G4,1,1
1122,1242,G4,1,1
1122,1251,,0,0
1122,1252,,0,0
1122,1254,,0,0
1122,1255,,0,0
1122,1271,G4,1,1
1122,1286,"B4,B8,E1,G4",4,3
1122,1295,"B8,E1,G4",3,3
1122,1298,,0,0
1122,1303,,0,0
1122,1331,G4,1,1
1122,1342,"B8,E1,G4",3,3
1122,1350,G4,1,1
1122,1383,,0,0
1122,1389,,0,0
1122,1397,G4,1,1
1122,1444,,0,0
1122,1460,G4,1,1
1122,1463,,0,0
1122,1483,G4,1,1
1122,1486,G4,1,1
1122,1522,,0,0
1122,1533,,0,0
1122,1631,G4,1,1
1122,1650,,0,0
1122,1651,H1,1,1
1122,1652,"B8,E1,G4",3,3
1122,1666,,0,0
1122,1692,,0,0
1122,3070,G4,1,1
1122,3081,G4,1,1
1122,3083,"B8,E1,G4",3,3
1122,3088,"B8,E1,G4",3,3
1122,3103,"B8,E1,G4",3,3
1122,3127,,0,0
1122,3128,,0,0
1122,3134,G4,1,1
1122,3140,"B8,E1,G4",3,3
1122,3144,G4,1,1
1122,3156,G4,1,1
1122,3158,G4,1,1
1122,3170,G4,1,1
1122,3171,G4,1,1
1122,3177,G4,1,1
1122,3189,G4,1,1
1122,3195,,0,0
1122,3232,,0,0
1122,3247,G4,1,1
1122,3264,"B8,E1,G4",3,3
1122,3314,G4,1,1
1122,3339,G4,1,1
1122,3344,"B8,E1,G4",3,3
1122,3346,"E1,G4",2,2
1122,3368,"A3,E1,G4",3,3
1122,3372,E1,1,1
1122,3387,"E1,G4",2,2
1122,3393,"E1,G4",2,2
1122,3394,G4,1,1
1122,3434,G4,1,1
1122,3495,,0,0
1122,3531,"G4,H1",2,2
1122,3561,G4,1,1
1125,1091,G4,1,1
1125,1095,G4,1,1
1125,1102,G4,1,1
1125,1118,G4,1,1
1125,1150,G4,1,1
1125,1152,"B8,E1,G4",3,3
1125,1186,G4,1,1
1125,1231,G4,1,1
1125,1258,G4,1,1
1125,1264,G4,1,1
1125,1293,"B8,E1",2,2
1125,1348,"B8,E1,G4",3,3
1125,1392,G4,1,1
1125,1395,G4,1,1
1125,1398,G4,1,1
1125,1443,,0,0
1125,1479,G4,1,1
1125,1510,G4,1,1
1125,1527,G4,1,1
1125,1540,G4,1,1
1125,1621,G4,1,1
1125,1637,G4,1,1
1125,1644,"B8,E1,G4",3,3
1125,1664,G4,1,1
1125,1703,G4,1,1
1125,3048,G4,1,1
1125,3086,G4,1,1
1125,3090,G4,1,1
1125,3124,,0,0
1125,3126,G4,1,1
1125,3161,,0,0
1125,3164,G4,1,1
1125,3165,G4,1,1
1125,3179,,0,0
1125,3199,G4,1,1
1125,3209,G4,1,1
1125,3211,G4,1,1
1125,3230,"B8,E1,G4",3,3
1125,3274,G4,1,1
1125,3315,G4,1,1
1125,3323,G4,1,1
1125,3375,G4,1,1
1125,3497,,0,0
1125,3512,G4,1,1
1126,1103,,0,0
1126,1155,E1,1,1
1126,1164,G4,1,1
1126,1172,G4,1,1
1126,1199,,0,0
1126,1257,,0,0
1126,1284,"B8,E1,G4",3,3
1126,1306,G4,1,1
1126,1310,G4,1,1
1126,1313,G4,1,1
1126,1390,G4,1,1
1126,1437,"B8,E1,G4",3,3
1126,1441,G4,1,1
1126,1484,G4,1,1
1126,1507,G4,1,1
1126,1543,G4,1,1
1126,1554,,0,0
1126,1588,"B8,E1,G4",3,3
1126,1605,G4,1,1
1126,1610,G4,1,1
1126,1616,,0,0
1126,1654,"B8,E1,G4,H1",4,4
1126,1657,G4,1,1
1126,1660,"B8,E1,G4",3,3
1126,1668,"B8,E1",2,2
1126,1718,G4,1,1
1126,3064,"B8,E1,G4",3,3
1126,3068,,0,0
1126,3082,G4,1,1
1126,3084,"B4,G4",2,2
1126,3087,G4,1,1
1126,3131,,0,0
1126,3132,"B8,B9,E1,G4",4,3
1126,3148,"B8,E1,G4",3,3
1126,3166,G4,1,1
1126,3175,,0,0
1126,3176,G4,1,1
1126,3202,"E1,G4",2,2
1126,3213,"E1,G4",2,2
1126,3234,G4,1,1
1126,3240,G4,1,1
1126,3244,"B4,B8,G4",3,2
1126,3267,G4,1,1
1126,3305,,0,0
1126,3309,,0,0
1126,3311,G4,1,1
1126,3320,"B8,E1",2,2
1126,3325,G4,1,1
1126,3342,,0,0
1126,3348,G4,1,1
1126,3419,G4,1,1
1126,3426,G4,1,1
1126,3447,G4,1,1
1126,3488,G4,1,1
1127,1210,,0,0
1127,1238,,0,0
1127,1283,,0,0
1127,1300,G4,1,1
1127,1304,"E1,G4",2,2
1127,1314,"B8,E1,G4",3,3
1127,1315,G4,1,1
1127,1345,"B8,E1,G4",3,3
1127,1396,,0,0
1127,1433,,0,0
1127,1465,,0,0
1127,1499,G4,1,1
1127,1501,G4,1,1
1127,1611,G4,1,1
1127,1619,G4,1,1
1127,1633,,0,0
1127,1635,,0,0
1127,1647,,0,0
1127,1704,G4,1,1
1127,3053,G4,1,1
1127,3116,,0,0
1127,3117,"B8,E1,G4",3,3
1127,3129,G4,1,1
1127,3138,"B8,E1",2,2
1127,3145,G4,1,1
1127,3149,"B8,E1,G4",3,3
1127,3151,G4,1,1
1127,3178,G4,1,1
1127,3183,G4,1,1
1127,3218,,0,0
1127,3222,G4,1,1
1127,3226,G4,1,1
1127,3246,G4,1,1
1127,3248,,0,0
1127,3260,G4,1,1
1127,3269,G4,1,1
1127,3306,,0,0
1127,3308,G4,1,1
1127,3310,"B8,E1,G4",3,3
1127,3322,G4,1,1
1127,3333,G4,1,1
1127,3356,G4,1,1
1127,3359,"B8,E1,G4",3,3
1127,3362,"B8,E1,G4",3,3
1127,3373,G4,1,1
1127,3397,G4,1,1
1127,3421,G4,1,1
1127,3435,G4,1,1
1127,3511,G4,1,1
1127,3570,G4,1,1
1146,1244,G4,1,1
1146,1253,G4,1,1
1146,1273,G4,1,1
1146,1297,G4,1,1
1146,1309,G4,1,1
1146,1322,,0,0
1146,1334,G4,1,1
1146,1394,G4,1,1
1146,1430,G4,1,1
1146,1489,G4,1,1
1146,1502,G4,1,1
1146,1516,,0,0
1146,1518,G4,1,1
1146,1638,,0,0
1146,1658,G4,1,1
1146,1699,,0,0
1146,3054,,0,0
1146,3066,"B8,E1",2,2
1146,3075,G4,1,1
1146,3111,,0,0
1146,3114,,0,0
1146,3139,"B8,E1,G4",3,3
1146,3143,G4,1,1
1146,3184,G4,1,1
1146,3194,G4,1,1
1146,3217,"B8,E1,G4",3,3
1146,3228,G4,1,1
1146,3231,G4,1,1
1146,3238,G4,1,1
1146,3239,"B4,G4",2,2
1146,3242,,0,0
1146,3276,G4,1,1
1146,3321,G4,1,1
1146,3336,G4,1,1
1146,3338,G4,1,1
1146,3347,"A3,B8,E1,G4",4,4
1146,3353,G4,1,1
1146,3355,"B8,E1,G4",3,3
1146,3370,,0,0
1146,3379,"B8,E1,G4",3,3
1146,3444,,0,0
1146,3489,"B8,E1,G4",3,3
1146,3498,G4,1,1
1146,3544,G4,1,1
1147,1233,"B4,G4",2,2
1147,1243,"B4,G4",2,2
1147,1276,"B4,G4",2,2
1147,1296,"B4,G4",2,2
1147,1323,"B4,G4",2,2
1147,1333,"B4,G4",2,2
1147,1388,"B4,G4",2,2
1147,1401,"B4,B8",2,1
1147,1434,"B4,G4",2,2
1147,1480,"B4,G4",2,2
1147,1482,"B4,G4",2,2
1147,1493,B4,1,1
1147,1496,"B4,E1,G4",3,3
1147,1591,"B4,G4",2,2
1147,1620,B4,1,1
1147,1625,B4,1,1
1147,1628,"B4,G4",2,2
1147,1659,"B4,B8,E1,G4",4,3
1147,1676,"B4,G4",2,2
1147,1705,"B4,G4",2,2
1147,3030,"B4,G4",2,2
1147,3031,"B4,G4",2,2
1147,3052,"B8,E1,G4",3,3
1147,3071,"B4,B8,E1,G4",4,3
1147,3092,"B4,G4",2,2
1147,3100,G4,1,1
1147,3160,"B4,G4",2,2
1147,3188,"B4,B8,E1,G4",4,3
1147,3203,"B4,B8,E1,G4",4,3
1147,3216,"B4,E1,G4",3,3
1147,3241,"B4,G4",2,2
1147,3270,"B4,G4",2,2
1147,3271,"B4,G4",2,2
1147,3307,"B4,G4",2,2
1147,3328,"B4,E1,G4",3,3
1147,3335,"B4,G4",2,2
1147,3378,"B4,B8,E1,G4",4,3
1147,3380,"B4,B8,E1,G4",4,3
1147,3389,"B4,G4",2,2
1147,3440,"B4,G4",2,2
1147,3449,"B4,B8,E1,G4",4,3
1147,3481,"B4,G4",2,2
1147,3499,"B4,G4",2,2
1148,1250,G4,1,1
1148,1307,G4,1,1
1148,1324,G4,1,1
1148,1326,,0,0
1148,1346,,0,0
1148,1351,G4,1,1
1148,1461,G4,1,1
1148,1462,G4,1,1
1148,1485,G4,1,1
1148,1487,G4,1,1
1148,1492,G4,1,1
1148,1494,,0,0
1148,1534,G4,1,1
1148,1575,"A3,B8,G4",3,3
1148,1583,G4,1,1
1148,1586,G4,1,1
1148,1649,G4,1,1
1148,1682,"B8,E1,G4",3,3
1148,1694,G4,1,1
1148,1752,,0,0
1148,3057,"B8,E1,G4",3,3
1148,3089,,0,0
1148,3091,"B8,E1,G4",3,3
1148,3097,G4,1,1
1148,3104,,0,0
1148,3119,G4,1,1
1148,3120,G4,1,1
1148,3135,"B4,G4",2,2
1148,3142,"E1,G4",2,2
1148,3159,,0,0
1148,3162,G4,1,1
1148,3169,G4,1,1
1148,3180,G4,1,1
1148,3187,G4,1,1
1148,3200,"B8,E1",2,2
1148,3215,"B8,E1,G4",3,3
1148,3219,"E1,G4",2,2
1148,3223,G4,1,1
1148,3225,,0,0
1148,3227,G4,1,1
1148,3245,G4,1,1
1148,3255,G4,1,1
1148,3258,"B8,E1,G4",3,3
1148,3277,G4,1,1
1148,3280,G4,1,1
1148,3317,,0,0
1148,3341,G4,1,1
1148,3374,G4,1,1
1148,3376,"B4,G4",2,2
1148,3384,G4,1,1
1148,3439,,0,0
1148,3441,"B8,E1,G4",3,3
1148,3448,G4,1,1
1148,3502,"B8,E1",2,2
1148,3532,G4,1,1
1149,1287,G4,1,1
1149,1289,G4,1,1
1149,1292,"B8,E1,G4",3,3
1149,1302,G4,1,1
1149,1329,"B4,B8,E1,G4",4,3
1149,1349,,0,0
1149,1353,G4,1,1
1149,1386,,0,0
1149,1458,,0,0
1149,1464,G4,1,1
1149,1481,G4,1,1
1149,1506,,0,0
1149,1509,G4,1,1
1149,1622,G4,1,1
1149,1643,"A3,B8,E1",3,3
1149,1661,"B8,E1,G4",3,3
1149,1732,,0,0
1149,3098,,0,0
1149,3102,G4,1,1
1149,3105,G4,1,1
1149,3146,"B8,E1,G4",3,3
1149,3155,"B8,E1",2,2
1149,3157,G4,1,1
1149,3167,,0,0
1149,3190,,0,0
1149,3191,"B8,E1,G4",3,3
1149,3193,"B8,E1",2,2
1149,3196,,0,0
1149,3204,G4,1,1
1149,3208,G4,1,1
1149,3214,G4,1,1
1149,3221,G4,1,1
1149,3266,G4,1,1
1149,3275,G4,1,1
1149,3334,"B8,E1,G4",3,3
1149,3337,,0,0
1149,3351,"B8,E1,G4",3,3
1149,3395,G4,1,1
1149,3418,G4,1,1
1149,3443,,0,0
1149,3484,,0,0
1149,3485,,0,0
1152,1201,G4,1,1
1152,1286,G4,1,1
1152,1306,,0,0
1152,1309,G4,1,1
1152,1322,"A3,G4",2,2
1152,1328,G4,1,1
1152,1387,G4,1,1
1152,1390,G4,1,1
1152,1395,G4,1,1
1152,1430,G4,1,1
1152,1432,,0,0
1152,1483,G4,1,1
1152,1492,,0,0
1152,1497,,0,0
1152,1512,,0,0
1152,1541,,0,0
1152,1557,G4,1,1
1152,1583,G4,1,1
1152,1586,G4,1,1
1152,1611,G4,1,1
1152,1618,G4,1,1
1152,1649,G4,1,1
1152,1660,G4,1,1
1152,1666,G4,1,1
1152,1703,,0,0
1152,1807,,0,0
1154,1324,G4,1,1
1154,1480,G4,1,1
1154,1481,G4,1,1
1154,1484,G4,1,1
1154,1486,G4,1,1
1154,1488,G4,1,1
1154,1489,G4,1,1
1154,1490,G4,1,1
1154,1493,,0,0
1154,1496,G4,1,1
1154,1503,,0,0
1154,1504,G4,1,1
1154,1516,G4,1,1
1154,1533,G4,1,1
1154,1582,G4,1,1
1154,1588,G4,1,1
1154,1694,"A3,G4",2,2
1155,1117,G4,1,1
1155,1199,,0,0
1155,1231,,0,0
1155,1232,G4,1,1
1155,1253,A3,1,1
1155,1255,,0,0
1155,1264,,0,0
1155,1281,G4,1,1
1155,1333,G4,1,1
1155,1353,G4,1,1
1155,1494,G4,1,1
1155,1499,,0,0
1155,1502,G4,1,1
1155,1508,G4,1,1
1155,1510,G4,1,1
1155,1514,G4,1,1
1155,1638,,0,0
1155,1652,G4,1,1
1155,1674,,0,0
1157,1103,G4,1,1
1157,1250,"A3,G4",2,2
1157,1275,,0,0
1157,1307,G4,1,1
1157,1391,,0,0
1157,1398,,0,0
1157,1479,G4,1,1
1157,1483,,0,0
1157,1484,G4,1,1
1157,1493,,0,0
1157,1494,G4,1,1
1157,1497,,0,0
1157,1499,,0,0
1157,1527,G4,1,1
1157,1558,G4,1,1
1157,1588,G4,1,1
1157,1616,,0,0
1157,1623,,0,0
1157,1635,A3,1,1
1157,1643,G4,1,1
1157,1703,,0,0
1157,1807,G4,1,1
1158,1096,,0,0
1158,1097,G4,1,1
1158,1111,G4,1,1
1158,1178,,0,0
1158,1196,A3,1,1
1158,1239,A3,1,1
1158,1431,A3,1,1
1158,1437,"A3,G4",2,2
1158,1451,,0,0
1158,1481,"A3,G4",2,2
1158,1486,G4,1,1
1158,1488,G4,1,1
1158,1502,G4,1,1
1158,1504,G4,1,1
1158,1514,G4,1,1
1158,1633,,0,0
1159,1104,G4,1,1
1159,1157,G4,1,1
1159,1158,G4,1,1
1159,1184,G4,1,1
1159,1308,G4,1,1
1159,1315,"A3,G4",2,2
1159,1339,"A3,G4",2,2
1159,1348,G4,1,1
1159,1480,G4,1,1
1159,1490,G4,1,1
1159,1492,G4,1,1
1159,1496,G4,1,1
1159,1507,G4,1,1
1159,1516,G4,1,1
1159,1541,G4,1,1
1159,1559,G4,1,1
1159,1563,,0,0
1159,1631,G4,1,1
1161,1116,G4,1,1
1161,1118,G4,1,1
1161,1180,G4,1,1
1161,1198,"A3,G4",2,2
1161,1206,A3,1,1
1161,1214,G4,1,1
1161,1289,G4,1,1
1161,1299,G4,1,1
1161,1304,G4,1,1
1161,1392,G4,1,1
1161,1461,G4,1,1
1161,1491,G4,1,1
1161,1498,G4,1,1
1161,1501,G4,1,1
1161,1507,G4,1,1
1161,1527,G4,1,1
1161,1534,G4,1,1
1161,1543,G4,1,1
1161,1612,"A3,G4",2,2
1161,1639,G4,1,1
1161,1659,,0,0
1161,1727,G4,1,1
1163,1155,G4,1,1
1163,1221,"A3,G4",2,2
1163,1278,G4,1,1
1163,1296,G4,1,1
1163,1329,G4,1,1
1163,1397,G4,1,1
1163,1443,,0,0
1163,1450,,0,0
1163,1458,G4,1,1
1163,1479,,0,0
1163,1540,,0,0
1163,1577,,0,0
1163,1600,A3,1,1
1163,1635,G4,1,1
1163,1640,,0,0
1163,1651,A3,1,1
1163,1699,,0,0
1163,1752,A3,1,1
1164,1109,,0,0
1164,1217,,0,0
1164,1275,,0,0
1164,1304,G4,1,1
1164,1310,G4,1,1
1164,1324,G4,1,1
1164,1340,G4,1,1
1164,1348,G4,1,1
1164,1387,G4,1,1
1164,1481,G4,1,1
1164,1485,G4,1,1
1164,1510,G4,1,1
1164,1527,,0,0
1164,1534,G4,1,1
1164,1611,G4,1,1
1164,1612,G4,1,1
1164,1616,G4,1,1
1164,1635,G4,1,1
1164,1639,G4,1,1
1164,1649,,0,0
1164,1653,,0,0
1166,1180,,0,0
1166,1313,G4,1,1
1166,1330,G4,1,1
1166,1353,,0,0
1166,1458,G4,1,1
1166,1483,G4,1,1
1166,1490,G4,1,1
1166,1492,"B4,G4",2,2
1166,1503,G4,1,1
1166,1511,G4,1,1
1166,1514,G4,1,1
1166,1543,G4,1,1
1166,1562,"A2,A3,G4",3,2
1166,1582,G4,1,1
1166,1588,G4,1,1
1166,1625,G4,1,1
1166,1807,G4,1,1
1167,1097,G4,1,1
1167,1117,G4,1,1
1167,1158,G4,1,1
1167,1232,G4,1,1
1167,1234,"A3,G4",2,2
1167,1276,G4,1,1
1167,1286,G4,1,1
1167,1309,G4,1,1
1167,1339,G4,1,1
1167,1355,G4,1,1
1167,1393,G4,1,1
1167,1398,G4,1,1
1167,1434,G4,1,1
1167,1437,G4,1,1
1167,1496,G4,1,1
1167,1498,G4,1,1
1167,1507,G4,1,1
1167,1512,G4,1,1
1167,1541,G4,1,1
1167,1631,G4,1,1
1167,1704,,0,0
1169,1203,,0,0
1169,1218,G4,1,1
1169,1226,G4,1,1
1169,1231,G4,1,1
1169,1281,G4,1,1
1169,1295,"A3,G4",2,2
1169,1306,G4,1,1
1169,1314,G4,1,1
1169,1327,G4,1,1
1169,1343,G4,1,1
1169,1346,"A3,G4",2,2
1169,1349,G4,1,1
1169,1388,G4,1,1
1169,1451,G4,1,1
1169,1491,G4,1,1
1169,1499,G4,1,1
1169,1628,G4,1,1
1169,1638,,0,0
1169,1703,,0,0
1170,1140,G4,1,1
1170,1257,"A3,G4",2,2
1170,1284,G4,1,1
1170,1298,G4,1,1
1170,1333,G4,1,1
1170,1350,G4,1,1
1170,1357,G4,1,1
1170,1358,G4,1,1
1170,1430,G4,1,1
1170,1479,G4,1,1
1170,1480,G4,1,1
1170,1488,G4,1,1
1170,1540,G4,1,1
1170,1558,G4,1,1
1170,1620,"A3,G4",2,2
1170,1637,G4,1,1
1174,1199,,0,0
1174,1225,G4,1,1
1174,1283,G4,1,1
1174,1289,G4,1,1
1174,1299,G4,1,1
1174,1392,G4,1,1
1174,1479,G4,1,1
1174,1486,G4,1,1
1174,1488,G4,1,1
1174,1489,G4,1,1
1174,1498,G4,1,1
1174,1502,G4,1,1
1174,1507,G4,1,1
1174,1508,"A3,G4",2,2
1174,1512,G4,1,1
1174,1514,G4,1,1
1174,1540,G4,1,1
1174,1541,G4,1,1
1174,1543,G4,1,1
1174,1582,G4,1,1
1174,1588,G4,1,1
1174,1610,G4,1,1
1174,1627,G4,1,1
1174,1635,G4,1,1
1174,1660,G4,1,1
1175,1103,G4,1,1
1175,1108,G4,1,1
1175,1113,G4,1,1
1175,1210,G4,1,1
1175,1214,G4,1,1
1175,1308,G4,1,1
1175,1383,G4,1,1
1175,1395,G4,1,1
1175,1396,G4,1,1
1175,1450,G4,1,1
1175,1463,,0,0
1175,1480,G4,1,1
1175,1481,G4,1,1
1175,1491,G4,1,1
1175,1494,G4,1,1
1175,1497,G4,1,1
1175,1527,,0,0
1175,1533,G4,1,1
1175,1550,G4,1,1
1175,1583,G4,1,1
1175,1592,G4,1,1
1175,1605,G4,1,1
1175,1618,G4,1,1
1175,1633,G4,1,1
1175,1640,,0,0
1175,1664,"B4,G4",2,2
1175,1732,G4,1,1
1192,1113,"B8,G4",2,2
1192,1117,"B8,G4",2,2
1192,1190,"B8,G4",2,2
1192,1264,B8,1,1
1192,1303,"B8,G4",2,2
1192,1329,"B8,G4",2,2
1192,1357,"A3,B8,G4",3,3
1192,1386,B8,1,1
1192,1391,"B8,G4",2,2
1192,1441,"B8,G4",2,2
1192,1463,B8,1,1
1192,1482,"B8,G4",2,2
1192,1491,"B8,G4",2,2
1192,1514,"B8,G4",2,2
1192,1583,B8,1,1
1192,1622,B8,1,1
1192,1635,"A3,B8,G4",3,3
1192,1668,B8,1,1
1192,1674,,0,0
1193,1103,"B8,G4",2,2
1193,1158,"B8,G4",2,2
1193,1161,,0,0
1193,1176,"B8,G4",2,2
1193,1214,"B8,G4",2,2
1193,1231,"B8,G4",2,2
1193,1285,"B8,G4",2,2
1193,1333,"B8,G4",2,2
1193,1394,B8,1,1
1193,1398,"B8,G4",2,2
1193,1462,"B8,G4",2,2
1193,1493,B8,1,1
1193,1496,"B8,G4",2,2
1193,1507,"B8,G4",2,2
1193,1527,B8,1,1
1193,1606,"B8,G4",2,2
1193,1615,"B8,G4",2,2
1193,1619,"B8,G4",2,2
1193,1631,"B8,G4",2,2
1193,1643,,0,0
1193,1645,"B8,G4",2,2
1193,1698,"B8,G4",2,2
1194,1140,"B8,G4",2,2
1194,1181,,0,0
1194,1251,"B8,G4",2,2
1194,1281,"A3,B8,G4",3,3
1194,1293,"B8,G4",2,2
1194,1313,"B8,G4",2,2
1194,1324,"B8,G4",2,2
1194,1351,"B8,G4",2,2
1194,1383,"B8,G4",2,2
1194,1390,"A3,B8,G4",3,3
1194,1401,"B8,G4",2,2
1194,1430,"B8,G4",2,2
1194,1485,"B8,G4",2,2
1194,1489,"B8,G4",2,2
1194,1497,"B8,G4",2,2
1194,1519,"B8,G4",2,2
1194,1534,"B8,G4",2,2
1194,1562,,0,0
1194,1575,"A3,G4",2,2
1194,1655,"B8,G4",2,2
1194,1658,"B8,G4",2,2
1194,1666,"B8,G4",2,2
1194,1729,"B8,G4",2,2
1196,1111,"B8,G4",2,2
1196,1118,"B8,G4",2,2
1196,1243,"B8,G4",2,2
1196,1289,"B8,G4",2,2
1196,1325,"B8,G4",2,2
1196,1326,"A3,B8,G4",3,3
1196,1339,"A3,B8,G4",3,3
1196,1348,"A3,B8,G4",3,3
1196,1392,"B8,G4",2,2
1196,1498,B8,1,1
1196,1520,G4,1,1
1196,1540,"B8,G4",2,2
1196,1605,"B8,G4",2,2
1196,1616,"B8,G4",2,2
1196,1637,B8,1,1
1196,1644,,0,0
1196,1649,G4,1,1
1196,1653,"B8,G4",2,2
1196,1682,"B8,G4",2,2
1196,1699,,0,0
1197,1108,"A3,B8,G4",3,3
1197,1180,"B8,G4",2,2
1197,1210,G4,1,1
1197,1215,G4,1,1
1197,1233,"B8,G4",2,2
1197,1238,"B8,G4",2,2
1197,1248,"B8,G4",2,2
1197,1276,"B8,G4",2,2
1197,1295,"B8,G4",2,2
1197,1335,"B8,G4",2,2
1197,1350,"B8,G4",2,2
1197,1352,"B8,G4",2,2
1197,1464,"B8,G4",2,2
1197,1481,"B8,G4",2,2
1197,1503,B8,1,1
1197,1512,"B8,G4",2,2
1197,1612,"B8,H1",2,2
1197,1650,G4,1,1
1197,1663,"B8,G4",2,2
1198,1257,B8,1,1
1198,1353,"B8,G4",2,2
1198,1356,"B8,G4",2,2
1198,1388,"A3,B8,G4",3,3
1198,1465,"A3,B8,G4",3,3
1198,1479,"B8,G4",2,2
1198,1488,"B8,G4",2,2
1198,1610,"B8,G4",2,2
1198,1618,"A3,B8,G4",3,3
1198,1620,"A3,B8,G4",3,3
1198,1621,"A3,B8,G4",3,3
1198,1639,B8,1,1
1198,1656,G4,1,1
1198,1657,G4,1,1
1198,1664,G4,1,1
1198,1692,G4,1,1
1200,1109,G4,1,1
1200,1112,"B8,G4",2,2
1200,1201,"B8,G4",2,2
1200,1213,"B8,G4",2,2
1200,1255,"B8,G4",2,2
1200,1286,"B8,G4",2,2
1200,1296,"A3,B8,G4",3,3
1200,1304,B8,1,1
1200,1308,"B8,G4",2,2
1200,1309,"B8,G4",2,2
1200,1332,"B8,G4",2,2
1200,1358,"B8,G4",2,2
1200,1395,B8,1,1
1200,1397,"B8,G4",2,2
1200,1628,B8,1,1
1200,1638,G4,1,1
1200,1652,,0,0
1200,1661,G4,1,1
1200,1669,G4,1,1
1200,1684,G4,1,1
1200,1732,"B8,G4",2,2
1200,1752,"B8,G4",2,2
1203,1095,"B8,G4",2,2
1203,1113,B8,1,1
1203,1116,"B8,G4",2,2
1203,1239,,0,0
1203,1258,"A3,B8",2,2
1203,1286,"B8,G4",2,2
1203,1292,"B8,G4",2,2
1203,1305,"B8,G4",2,2
1203,1325,"B8,G4",2,2
1203,1349,B8,1,1
1203,1356,"B8,G4",2,2
1203,1389,B8,1,1
1203,1401,B8,1,1
1203,1565,G4,1,1
1203,1619,"B8,G4",2,2
1203,1727,"B8,G4",2,2
1204,1097,"B8,G4",2,2
1204,1165,"B8,G4",2,2
1204,1215,"B8,G4",2,2
1204,1291,"B8,G4",2,2
1204,1328,"B8,G4",2,2
1204,1339,"B8,G4",2,2
1204,1358,"B8,G4",2,2
1204,1392,B8,1,1
1204,1393,"B8,G4",2,2
1204,1502,B8,1,1
1204,1503,B8,1,1
1204,1508,B8,1,1
1204,1588,"B8,G4",2,2
1204,1610,"B8,G4",2,2
1204,1631,B8,1,1
1204,1640,B8,1,1
1204,1664,B8,1,1
1204,1698,B8,1,1
1205,1112,"B8,G4",2,2
1205,1190,"B8,G4",2,2
1205,1238,"B8,G4",2,2
1205,1243,"A3,B8",2,2
1205,1257,B8,1,1
1205,1293,"B8,G4",2,2
1205,1333,"B8,G4",2,2
1205,1348,"B8,G4",2,2
1205,1390,"B8,G4",2,2
1205,1397,"B8,G4",2,2
1205,1448,,0,0
1205,1465,"B8,G4",2,2
1205,1479,"B8,G4",2,2
1205,1486,B8,1,1
1205,1489,"B8,G4",2,2
1205,1494,B8,1,1
1205,1496,"B8,G4",2,2
1205,1497,B8,1,1
1205,1498,"A3,B8",2,2
1205,1510,"B8,G4",2,2
1205,1583,B8,1,1
1205,1611,"B8,G4",2,2
1205,1623,"B8,G4",2,2
1205,1638,"B8,G4",2,2
1205,1646,B8,1,1
1205,1649,B8,1,1
1205,1659,B8,1,1
1205,1660,G4,1,1
1205,1694,B8,1,1
1205,1699,B8,1,1
1206,1140,"B8,G4",2,2
1206,1199,"B8,G4",2,2
1206,1276,B8,1,1
1206,1287,"B8,G4",2,2
1206,1308,"B8,G4",2,2
1206,1327,"B8,G4",2,2
1206,1335,"B8,G4",2,2
1206,1340,"B8,G4",2,2
1206,1396,B8,1,1
1206,1464,"B8,G4",2,2
1206,1493,B8,1,1
1206,1540,B8,1,1
1206,1605,B8,1,1
1206,1628,"B8,G4",2,2
1206,1644,G4,1,1
1206,1666,B8,1,1
1206,1732,"B8,G4",2,2
1207,1108,B8,1,1
1207,1250,B4,1,1
1207,1273,,0,0
1207,1284,"B8,G4",2,2
1207,1296,"B8,G4",2,2
1207,1304,B8,1,1
1207,1326,"B8,G4",2,2
1207,1346,"B8,G4",2,2
1207,1352,"B8,G4",2,2
1207,1434,B8,1,1
1207,1481,"B8,G4",2,2
1207,1485,"B8,G4",2,2
1207,1490,"B8,G4",2,2
1207,1541,"B8,G4",2,2
1207,1616,"B8,G4",2,2
1207,1627,"B8,G4",2,2
1207,1643,,0,0
1208,1162,"B8,G4",2,2
1208,1176,"B8,G4",2,2
1208,1210,,0,0
1208,1253,B8,1,1
1208,1281,"B8,G4",2,2
1208,1294,"B8,G4",2,2
1208,1314,"B8,G4",2,2
1208,1350,"B8,G4",2,2
1208,1357,"B8,G4",2,2
1208,1386,B8,1,1
1208,1480,B8,1,1
1208,1500,"B8,G4",2,2
1208,1504,"B8,G4",2,2
1208,1612,B8,1,1
1208,1637,"B8,G4",2,2
1208,1645,B8,1,1
1208,1661,B8,1,1
1210,1117,"B8,G4",2,2
1210,1153,"A3,G4",2,2
1210,1225,"B8,G4",2,2
1210,1244,"A3,B8",2,2
1210,1248,B8,1,1
1210,1259,"B8,G4",2,2
1210,1289,"B8,G4",2,2
1210,1313,B8,1,1
1210,1323,"B8,G4",2,2
1210,1353,"B8,G4",2,2
1210,1430,"B8,G4",2,2
1210,1443,,0,0
1210,1458,"B8,G4",2,2
1210,1463,B8,1,1
1210,1482,B8,1,1
1210,1492,B8,1,1
1210,1501,"A3,B8",2,2
1210,1615,"B8,G4",2,2
1210,1621,B8,1,1
1210,1627,"B8,G4",2,2
1210,1636,"B8,G4",2,2
1210,1639,"B8,G4",2,2
1210,1650,"B8,G4",2,2
1210,1668,"B8,G4",2,2
1210,1669,A3,1,1
1210,1670,B8,1,1
1210,1728,"B8,G4",2,2
1211,1178,"A3,G4",2,2
1211,1201,"B8,G4",2,2
1211,1220,"B8,G4",2,2
1211,1233,B8,1,1
1211,1255,"B8,G4",2,2
1211,1275,B8,1,1
1211,1295,"B8,G4",2,2
1211,1303,B8,1,1
1211,1306,"B8,G4",2,2
1211,1307,"B8,G4",2,2
1211,1329,"B8,G4",2,2
1211,1331,"B8,G4",2,2
1211,1343,"B8,G4",2,2
1211,1388,"B8,G4",2,2
1211,1451,"B8,G4",2,2
1211,1462,"B8,G4",2,2
1211,1488,"B8,G4",2,2
1211,1527,B8,1,1
1211,1620,"B8,G4",2,2
1211,1629,"B8,G4",2,2
1211,1652,,0,0
1211,1684,B8,1,1
1212,1103,"B8,G4",2,2
1212,1155,B8,1,1
1212,1213,"B8,G4",2,2
1212,1214,"B8,G4",2,2
1212,1218,"B8,G4",2,2
1212,1219,"B8,G4",2,2
1212,1232,"B8,G4",2,2
1212,1234,"B8,G4",2,2
1212,1235,"B8,G4",2,2
1212,1246,B8,1,1
1212,1394,B8,1,1
1212,1395,"B8,G4",2,2
1212,1514,"B8,G4",2,2
1212,1562,"B8,G4",2,2
1212,1582,"B8,G4",2,2
1212,1603,"B8,G4",2,2
1212,1622,B8,1,1
1212,1628,"B8,G4",2,2
1212,1658,B8,1,1
1212,1663,B8,1,1
1212,1674,,0,0
1212,1676,B8,1,1
1212,1704,B8,1,1
1212,1752,B8,1,1
1213,1104,"B8,G4",2,2
1213,1111,"B8,G4",2,2
1213,1118,"B8,G4",2,2
1213,1151,G4,1,1
1213,1184,"B8,G4",2,2
1213,1264,B8,1,1
1213,1310,"B8,G4",2,2
1213,1383,B8,1,1
1213,1387,"B8,G4",2,2
1213,1533,"B8,G4",2,2
1213,1563,"B8,G4",2,2
1213,1586,"B8,G4",2,2
1213,1606,"B8,G4",2,2
1213,1618,B8,1,1
1213,1656,"B8,G4",2,2
1213,1682,B8,1,1
1213,1692,"B8,G4",2,2
1214,1109,"B8,G4",2,2
1214,1110,"B8,G4",2,2
1214,1158,"B8,G4",2,2
1214,1251,B8,1,1
1214,1285,"B8,G4",2,2
1214,1309,B8,1,1
1214,1332,"B8,G4",2,2
1214,1351,"B8,G4",2,2
1214,1391,B8,1,1
1214,1441,"B8,G4",2,2
1214,1454,"B8,G4",2,2
1214,1499,"A3,G4",2,2
1214,1507,"B8,G4",2,2
1214,1519,B8,1,1
1214,1520,B8,1,1
1214,1651,"B8,G4",2,2
1214,1655,"B8,G4",2,2
1214,1657,"B8,G4",2,2
1247,1110,"B8,G4",2,2
1247,1184,"B8,G4",2,2
1247,1187,"B8,G4",2,2
1247,1217,"B8,G4",2,2
1247,1225,"B8,G4",2,2
1247,1231,"B8,G4",2,2
1247,1243,"A3,B8,G4",3,3
1247,1264,"A3,B8,G4",3,3
1247,1281,"B8,G4",2,2
1247,1309,"B8,G4",2,2
1247,1328,"B8,G4",2,2
1247,1329,"B8,G4",2,2
1247,1353,"B8,G4",2,2
1247,1479,"B8,G4",2,2
1247,1482,"B8,G4",2,2
1247,1492,"B8,G4",2,2
1247,1508,"B8,G4",2,2
1247,1534,"B8,G4",2,2
1247,1559,"B8,G4",2,2
1247,1565,"B8,G4",2,2
1247,1575,"B8,G4",2,2
1247,1603,"B8,G4",2,2
1247,1687,"B8,G4",2,2
1247,1703,"B8,G4",2,2
1248,1095,"B8,G4",2,2
1248,1097,"B8,G4",2,2
1248,1181,"B8,G4",2,2
1248,1213,"B8,G4",2,2
1248,1237,"B8,G4",2,2
1248,1238,"B8,G4",2,2
1248,1244,"B8,G4",2,2
1248,1254,"B8,G4",2,2
1248,1261,"B8,G4",2,2
1248,1306,"B8,G4",2,2
1248,1307,"B8,G4",2,2
1248,1350,"B8,G4",2,2
1248,1357,"B8,G4",2,2
1248,1388,"B8,G4",2,2
1248,1518,"B8,G4",2,2
1248,1611,"B8,G4",2,2
1248,1637,"B8,G4",2,2
1248,1657,"B8,G4",2,2
1248,1659,"B8,G4",2,2
1248,1660,"B8,G4",2,2
1249,1109,"B8,G4",2,2
1249,1158,"A3,B8,G4",3,3
1249,1178,G4,1,1
1249,1218,"B8,C8,G4",3,3
1249,1257,"B8,G4",2,2
1249,1296,"B8,G4",2,2
1249,1339,"B8,G4",2,2
1249,1340,"B8,G4",2,2
1249,1351,"B8,G4",2,2
1249,1396,"B8,G4",2,2
1249,1460,"B8,G4",2,2
1249,1461,"B8,G4",2,2
1249,1561,"B8,G4",2,2
1249,1605,"B8,G4",2,2
1249,1612,"B8,C8,G4",3,3
1249,1618,"B8,G4",2,2
1249,1622,"B8,G4",2,2
1249,1649,"B8,G4",2,2
1249,1652,"B8,G4",2,2
1249,1653,"B8,G4",2,2
1249,1670,"B8,G4",2,2
1250,1111,"B8,G4",2,2
1250,1112,"B8,G4",2,2
1250,1182,"B8,G4",2,2
1250,1246,"B8,G4",2,2
1250,1287,"B8,G4",2,2
1250,1349,"B8,G4",2,2
1250,1391,"B8,G4",2,2
1250,1401,"B8,G4",2,2
1250,1488,"B8,G4",2,2
1250,1550,"B8,G4",2,2
1250,1582,"B8,G4",2,2
1250,1583,"B8,G4",2,2
1250,1619,"B8,G4",2,2
1250,1638,"B8,G4",2,2
1250,1651,"B8,G4",2,2
1250,1684,"B8,G4",2,2
1250,1692,"B8,G4",2,2
1250,1752,"B8,G4",2,2
1251,1248,"B8,G4",2,2
1251,1252,"A3,B8,G4",3,3
1251,1259,"B8,G4",2,2
1251,1273,B8,1,1
1251,1300,"B8,G4",2,2
1251,1324,"B8,G4",2,2
1251,1326,"B8,G4",2,2
1251,1327,"B8,G4",2,2
1251,1390,"B8,G4",2,2
1251,1430,"B8,G4",2,2
1251,1463,"B8,G4",2,2
1251,1465,"B8,G4",2,2
1251,1491,"B8,G4",2,2
1251,1512,"A3,B8,G4",3,3
1251,1543,"B8,G4",2,2
1251,1557,"B8,G4",2,2
1251,1610,"B8,G4",2,2
1251,1663,"B8,G4",2,2
1251,1698,"B8,G4",2,2
1252,1155,"B8,G4",2,2
1252,1190,G4,1,1
1252,1201,"B8,G4",2,2
1252,1239,,0,0
1252,1258,"A3,B8,G4",3,3
1252,1276,"B8,G4",2,2
1252,1286,"B8,G4",2,2
1252,1303,"B8,G4",2,2
1252,1310,"B8,G4",2,2
1252,1330,"A3,B8,G4",3,3
1252,1331,"B8,G4",2,2
1252,1333,"B8,G4",2,2
1252,1348,"B8,G4",2,2
1252,1386,"B8,G4",2,2
1252,1437,"B8,G4",2,2
1252,1480,"B8,G4",2,2
1252,1494,"B8,G4",2,2
1252,1507,"B8,G4",2,2
1252,1510,"B8,G4",2,2
1252,1541,"B8,G4",2,2
1252,1586,"B8,G4",2,2
1252,1588,"B8,G4",2,2
1252,1644,"B8,G4",2,2
1252,1655,"B8,G4",2,2
1252,1669,"B8,G4",2,2
1252,1674,A2,1,1
1252,1704,"B8,G4",2,2
1253,1113,"B8,G4",2,2
1253,1117,"B8,G4",2,2
1253,1160,"A3,B8,G4",3,3
1253,1176,"B8,G4",2,2
1253,1215,"B8,G4",2,2
1253,1235,"B8,G4",2,2
1253,1283,"B8,G4",2,2
1253,1285,"B8,G4",2,2
1253,1314,"B8,G4",2,2
1253,1322,"B8,G4",2,2
1253,1332,"B8,G4",2,2
1253,1343,"B8,G4",2,2
1253,1397,"B8,G4",2,2
1253,1483,"A3,B8,G4",3,3
1253,1502,"B8,G4",2,2
1253,1519,"B8,G4",2,2
1253,1522,"A3,G4",2,2
1253,1555,"B8,G4",2,2
1253,1563,"B8,G4",2,2
1253,1636,"B8,G4",2,2
1253,1640,"B8,G4",2,2
1253,1643,"B8,G4",2,2
1253,1729,"B8,G4",2,2
1254,1108,"B8,G4",2,2
1254,1116,"B8,G4",2,2
1254,1210,"B8,G4",2,2
1254,1219,"B8,G4",2,2
1254,1220,"A3,B8,G4",3,3
1254,1234,"B8,G4",2,2
1254,1299,"B8,G4",2,2
1254,1313,"B8,G4",2,2
1254,1464,"B8,G4",2,2
1254,1489,"B8,G4",2,2
1254,1493,"B8,G4",2,2
1254,1497,"B8,G4",2,2
1254,1504,"B8,G4",2,2
1254,1520,"B8,G4",2,2
1254,1631,"B8,G4",2,2
1254,1633,"B8,G4",2,2
1254,1639,"B8,G4",2,2
1254,1676,"B8,G4",2,2
1254,1682,"B8,G4",2,2
1257,1153,"B8,G4",2,2
1257,1214,"B8,G4",2,2
1257,1251,"B8,G4",2,2
1257,1284,"B8,G4",2,2
1257,1358,"B8,G4",2,2
1257,1393,"B8,G4",2,2
1257,1431,B8,1,1
1257,1434,"B8,G4",2,2
1257,1441,"B8,G4",2,2
1257,1451,"B8,G4",2,2
1257,1485,"B8,G4",2,2
1257,1490,"B8,G4",2,2
1257,1499,"B8,G4",2,2
1257,1500,"B8,G4",2,2
1257,1501,"B8,G4",2,2
1257,1516,"B8,G4",2,2
1257,1527,"B8,G4",2,2
1257,1620,"B8,G4",2,2
1257,1621,"B8,G4",2,2
1257,1625,"B8,G4",2,2
1257,1628,"B8,G4",2,2
1257,1650,"B8,G4",2,2
1257,1664,"B8,G4",2,2
1257,1694,"B8,G4",2,2
1258,1082,G4,1,1
1258,1095,G4,1,1
1258,1108,G4,1,1
1258,1351,G4,1,1
1258,1390,"A3,G4",2,2
1258,1392,G4,1,1
1258,1395,"A3,G4",2,2
1258,1398,"A3,G4",2,2
1258,1490,G4,1,1
1258,1605,,0,0
1258,1621,"A3,G4",2,2
1258,1636,G4,1,1
1258,1651,"A3,G4",2,2
1258,1660,"A3,G4",2,2
1258,1674,G4,1,1
1258,1729,G4,1,1
1260,1082,G4,1,1
1260,1111,G4,1,1
1260,1239,"B8,G4",2,2
1260,1283,G4,1,1
1260,1298,"A3,G4",2,2
1260,1309,"C8,G4",2,2
1260,1314,G4,1,1
1260,1463,A3,1,1
1260,1479,G4,1,1
1260,1502,G4,1,1
1260,1512,G4,1,1
1260,1522,"A3,G4",2,2
1260,1540,G4,1,1
1260,1586,"A3,G4",2,2
1260,1616,"A3,G4",2,2
1260,1653,G4,1,1
1265,1104,"A3,G4",2,2
1265,1118,G4,1,1
1265,1300,"A3,G4",2,2
1265,1307,G4,1,1
1265,1310,"A3,G4",2,2
1265,1329,"A3,G4",2,2
1265,1391,"A3,G4",2,2
1265,1481,G4,1,1
1265,1501,G4,1,1
1265,1510,G4,1,1
1265,1520,G4,1,1
1265,1611,"A3,G4",2,2
1265,1620,"A3,G4",2,2
1265,1638,"A3,G4",2,2
1265,1640,"A3,G4",2,2
1265,1643,G4,1,1
1265,1669,G4,1,1
1265,1670,G4,1,1
1265,1676,G4,1,1
1349,1903,G4,1,1
1349,1922,,0,0
1349,1977,,0,0
1349,2001,,0,0
1349,2016,G4,1,1
1349,2197,G4,1,1
1349,2199,G4,1,1
1349,2580,"A3,G4",2,2
1349,3650,,0,0
1349,3735,G4,1,1
1349,3740,"A3,G4",2,2
1349,3753,"A3,G4",2,2
1349,3757,"A3,G4",2,2
1349,3761,G4,1,1
1349,3783,,0,0
1349,4749,G4,1,1
1349,4765,G4,1,1
1349,4774,G4,1,1
1350,1904,G4,1,1
1350,1929,A3,1,1
1350,1963,,0,0
1350,1979,,0,0
1350,1980,G4,1,1
1350,2010,G4,1,1
1350,2013,,0,0
1350,2046,A3,1,1
1350,2511,,0,0
1350,3691,,0,0
1350,3709,G4,1,1
1350,3743,,0,0
1350,3746,G4,1,1
1350,4660,G4,1,1
1350,4718,G4,1,1
1350,4772,G4,1,1
1350,4850,"A3,G4",2,2
1354,1148,G4,1,1
1354,1895,,0,0
1354,1926,G4,1,1
1354,1992,,0,0
1354,2012,"A3,G4,H1",3,3
1354,2040,,0,0
1354,2376,G4,1,1
1354,2554,G4,1,1
1354,2616,G4,1,1
1354,3645,,0,0
1354,3708,A3,1,1
1354,3723,G4,1,1
1354,3741,"A3,G4",2,2
1354,3776,G4,1,1
1354,3799,,0,0
1354,4758,,0,0
1354,4768,G4,1,1
1354,4858,G4,1,1
1354,4887,G4,1,1
1356,1892,G4,1,1
1356,1942,,0,0
1356,1947,,0,0
1356,1952,G4,1,1
1356,2031,A3,1,1
1356,2034,,0,0
1356,2510,G4,1,1
1356,2681,,0,0
1356,3656,,0,0
1356,3712,G4,1,1
1356,3798,,0,0
1356,4722,G4,1,1
1356,4750,G4,1,1
1356,4762,G4,1,1
1356,4763,G4,1,1
1356,4766,,0,0
1356,4770,G4,1,1
1356,4771,G4,1,1
1356,4777,G4,1,1
1361,1918,G4,1,1
1361,1923,,0,0
1361,1978,,0,0
1361,1996,,0,0
1361,2007,G4,1,1
1361,2122,,0,0
1361,2134,G4,1,1
1361,2141,,0,0
1361,2146,,0,0
1361,2172,A3,1,1
1361,2216,G4,1,1
1361,2229,G4,1,1
1361,2242,G4,1,1
1361,2276,G4,1,1
1361,2299,G4,1,1
1361,2304,,0,0
1361,2314,G4,1,1
1361,2315,,0,0
1361,2322,,0,0
1361,2329,G4,1,1
1361,2367,G4,1,1
1361,2393,G4,1,1
1361,2411,G4,1,1
1361,2561,,0,0
1361,2615,,0,0
1361,2834,,0,0
1361,2854,"A3,G4",2,2
1361,2880,A3,1,1
1361,2932,,0,0
1361,2952,G4,1,1
1361,3704,G4,1,1
1362,1148,,0,0
1362,1938,G4,1,1
1362,2024,G4,1,1
1362,2034,G4,1,1
1362,2040,,0,0
1362,2120,,0,0
1362,2126,G4,1,1
1362,2130,G4,1,1
1362,2155,,0,0
1362,2177,G4,1,1
1362,2179,,0,0
1362,2197,,0,0
1362,2213,G4,1,1
1362,2224,G4,1,1
1362,2251,,0,0
1362,2309,G4,1,1
1362,2319,"G4,H1",2,2
1362,2342,"A3,G4",2,2
1362,2389,G4,1,1
1362,2400,,0,0
1362,2555,G4,1,1
1362,2580,G4,1,1
1362,2622,G4,1,1
1362,2822,,0,0
1362,2827,G4,1,1
1362,2829,G4,1,1
1362,2832,G4,1,1
1362,2853,,0,0
1362,2882,,0,0
1362,2950,,0,0
1362,3737,,0,0
1363,1544,G4,1,1
1363,1950,G4,1,1
1363,1969,"A3,G4",2,2
1363,2123,G4,1,1
1363,2132,G4,1,1
1363,2142,,0,0
1363,2164,G4,1,1
1363,2176,,0,0
1363,2188,,0,0
1363,2193,G4,1,1
1363,2201,G4,1,1
1363,2228,G4,1,1
1363,2239,,0,0
1363,2245,G4,1,1
1363,2246,,0,0
1363,2254,,0,0
1363,2263,G4,1,1
1363,2303,G4,1,1
1363,2312,,0,0
1363,2325,,0,0
1363,2384,G4,1,1
1363,2401,,0,0
1363,2423,"A3,G4",2,2
1363,2429,A5,1,1
1363,2463,G4,1,1
1363,2478,G4,1,1
1363,2495,,0,0
1363,2557,G4,1,1
1363,2597,,0,0
1363,2809,,0,0
1363,2819,G4,1,1
1363,2826,,0,0
1363,2937,,0,0
1363,3761,G4,1,1
1363,3781,,0,0
1364,1466,G4,1,1
1364,1892,G4,1,1
1364,1902,G4,1,1
1364,1904,G4,1,1
1364,1910,G4,1,1
1364,1963,,0,0
1364,2194,,0,0
1364,2258,G4,1,1
1364,2262,G4,1,1
1364,2266,,0,0
1364,2271,"A3,G4",2,2
1364,2295,G4,1,1
1364,2313,G4,1,1
1364,2327,G4,1,1
1364,2338,,0,0
1364,2399,G4,1,1
1364,2511,,0,0
1364,2549,G4,1,1
1364,2552,G4,1,1
1364,2875,G4,1,1
1364,2954,G4,1,1
1364,3650,G4,1,1
1364,3711,G4,1,1
1364,3712,G4,1,1
1364,3715,G4,1,1
1364,4282,,0,0
1364,4632,G4,1,1
1364,4639,G4,1,1
1364,4640,G4,1,1
1364,4649,G4,1,1
1364,4658,G4,1,1
1364,4669,G4,1,1
1364,4679,G4,1,1
1364,4686,G4,1,1
1364,4688,,0,0
1364,4695,G4,1,1
1364,4710,G4,1,1
1364,4739,G4,1,1
1364,4750,G4,1,1
1364,4756,G4,1,1
1364,4765,G4,1,1
1364,4770,G4,1,1
1364,4831,G4,1,1
1364,4844,G4,1,1
1364,4849,G4,1,1
1364,4867,G4,1,1
1364,5008,G4,1,1
1364,5536,G4,1,1
1364,6092,G4,1,1
1364,7105,,0,0
1364,7160,G4,1,1
1364,7212,G4,1,1
1364,7584,G4,1,1
1364,7590,G4,1,1
1364,7592,G4,1,1
1364,7611,G4,1,1
1364,7612,G4,1,1
1364,7623,G4,1,1
1364,7655,G4,1,1
1364,7673,G4,1,1
1364,7690,G4,1,1
1364,8181,G4,1,1
1364,8185,G4,1,1
1364,8192,G4,1,1
1364,8193,,0,0
1364,8210,,0,0
1364,8231,"A5,G4",2,2
1364,8247,G4,1,1
1364,8249,G4,1,1
1364,8290,G4,1,1
1364,8412,G4,1,1
1364,8415,"A3,G4",2,2
1365,1905,G4,1,1
1365,2114,G4,1,1
1365,2118,G4,1,1
1365,2129,G4,1,1
1365,2144,G4,1,1
1365,2192,G4,1,1
1365,2199,G4,1,1
1365,2269,G4,1,1
1365,2282,G4,1,1
1365,2283,G4,1,1
1365,2289,G4,1,1
1365,2294,G4,1,1
1365,2353,G4,1,1
1365,2376,G4,1,1
1365,2510,G4,1,1
1365,2513,,0,0
1365,2515,G4,1,1
1365,2540,,0,0
1365,2574,G4,1,1
1365,2808,,0,0
1365,2855,G4,1,1
1365,2866,G4,1,1
1365,2889,G4,1,1
1365,3658,G4,1,1
1365,3759,,0,0
1365,3964,,0,0
1365,4512,G4,1,1
1365,4622,G4,1,1
1365,4627,G4,1,1
1365,4638,G4,1,1
1365,4651,G4,1,1
1365,4656,A3,1,1
1365,4660,"A3,G4",2,2
1365,4670,G4,1,1
1365,4681,G4,1,1
1365,4685,"A3,A4",2,1
1365,4706,G4,1,1
1365,4723,G4,1,1
1365,4730,,0,0
1365,4741,,0,0
1365,4759,G4,1,1
1365,4827,G4,1,1
1365,4845,G4,1,1
1365,5210,G4,1,1
1365,5826,G4,1,1
1365,6011,G4,1,1
1365,6769,G4,1,1
1365,7097,"A3,G4",2,2
1365,7108,G4,1,1
1365,7119,G4,1,1
1365,7143,G4,1,1
1365,7146,G4,1,1
1365,7179,G4,1,1
1365,7181,G4,1,1
1365,7187,G4,1,1
1365,7205,G4,1,1
1365,7505,,0,0
1365,7567,G4,1,1
1365,7573,,0,0
1365,7579,G4,1,1
1365,7583,"A3,G4",2,2
1365,7628,"A3,G4",2,2
1365,7671,,0,0
1365,7685,G4,1,1
1365,8172,G4,1,1
1365,8195,G4,1,1
1365,8201,G4,1,1
1365,8244,G4,1,1
1366,1920,G4,1,1
1366,1992,,0,0
1366,1998,G4,1,1
1366,2019,G4,1,1
1366,2102,G4,1,1
1366,2128,G4,1,1
1366,2208,G4,1,1
1366,2223,,0,0
1366,2256,G4,1,1
1366,2267,G4,1,1
1366,2284,G4,1,1
1366,2287,G4,1,1
1366,2300,"A3,G4",2,2
1366,2343,G4,1,1
1366,2386,G4,1,1
1366,2398,G4,1,1
1366,2416,G4,1,1
1366,2479,G4,1,1
1366,2514,G4,1,1
1366,2807,G4,1,1
1366,2837,G4,1,1
1366,2863,G4,1,1
1366,3607,G4,1,1
1366,3716,G4,1,1
1366,4642,G4,1,1
1366,4654,G4,1,1
1366,4659,G4,1,1
1366,4668,G4,1,1
1366,4676,,0,0
1366,4677,,0,0
1366,4682,"A3,G4",2,2
1366,4701,G4,1,1
1366,4719,G4,1,1
1366,4722,G4,1,1
1366,4744,"A3,G4",2,2
1366,4761,G4,1,1
1366,4763,G4,1,1
1366,4766,G4,1,1
1366,4773,G4,1,1
1366,4774,G4,1,1
1366,4781,G4,1,1
1366,4833,G4,1,1
1366,4858,G4,1,1
1366,6024,G4,1,1
1366,6074,,0,0
1366,7132,G4,1,1
1366,7158,G4,1,1
1366,7161,G4,1,1
1366,7163,,0,0
1366,7168,G4,1,1
1366,7174,G4,1,1
1366,7177,G4,1,1
1366,7196,G4,1,1
1366,7204,G4,1,1
1366,7569,G4,1,1
1366,7574,G4,1,1
1366,7577,"A3,G4",2,2
1366,7594,,0,0
1366,7624,,0,0
1366,7635,G4,1,1
1366,7648,G4,1,1
1366,7650,G4,1,1
1366,7702,G4,1,1
1366,8158,G4,1,1
1366,8167,,0,0
1366,8168,G4,1,1
1366,8188,G4,1,1
1366,8323,G4,1,1
1366,8325,G4,1,1
1366,8414,,0,0
1367,1895,,0,0
1367,1983,,0,0
1367,1984,"A3,G4",2,2
1367,2011,G4,1,1
1367,2104,,0,0
1367,2112,A3,1,1
1367,2174,,0,0
1367,2187,,0,0
1367,2200,G4,1,1
1367,2204,G4,1,1
1367,2215,G4,1,1
1367,2217,"A3,G4",2,2
1367,2225,G4,1,1
1367,2278,,0,0
1367,2291,"A3,G4,H1",3,3
1367,2293,,0,0
1367,2316,,0,0
1367,2337,,0,0
1367,2341,A3,1,1
1367,2360,,0,0
1367,2382,,0,0
1367,2387,A3,1,1
1367,2390,G4,1,1
1367,2395,G4,1,1
1367,2418,"A3,G4,H1",3,3
1367,2421,G4,1,1
1367,2425,G4,1,1
1367,2433,"A3,G4",2,2
1367,2512,G4,1,1
1367,2602,,0,0
1367,2812,,0,0
1367,2824,G4,1,1
1367,2831,,0,0
1367,2928,,0,0
1367,2940,,0,0
1367,3764,A3,1,1
1368,1987,,0,0
1368,2003,G4,1,1
1368,2029,,0,0
1368,2136,,0,0
1368,2380,G4,1,1
1368,2383,A3,1,1
1368,2480,G4,1,1
1368,2508,G4,1,1
1368,2565,,0,0
1368,2583,G4,1,1
1368,2816,G4,1,1
1368,2833,,0,0
1368,2852,,0,0
1368,2922,,0,0
1368,2929,,0,0
1368,3738,G4,1,1
1368,3768,A3,1,1
1369,1917,G4,1,1
1369,1947,,0,0
1369,2016,G4,1,1
1369,2103,G4,1,1
1369,2107,,0,0
1369,2124,,0,0
1369,2156,A3,1,1
1369,2206,"A3,G4",2,2
1369,2211,G4,1,1
1369,2255,A3,1,1
1369,2320,,0,0
1369,2392,G4,1,1
1369,2397,,0,0
1369,2413,,0,0
1369,2426,,0,0
1369,2813,G4,1,1
1369,2814,,0,0
1369,2817,,0,0
1369,2825,G4,1,1
1369,2859,G4,1,1
1369,2878,,0,0
1369,2881,G4,1,1
1369,2948,,0,0
1369,2949,A3,1,1
1369,3654,G4,1,1
1369,3657,,0,0
1369,3713,G4,1,1
1369,3729,,0,0
1369,3774,,0,0
1369,3799,G4,1,1
1370,1936,G4,1,1
1370,1939,"A3,G4",2,2
1370,1986,,0,0
1370,2001,,0,0
1370,2110,G4,1,1
1370,2117,,0,0
1370,2127,G4,1,1
1370,2137,,0,0
1370,2145,,0,0
1370,2212,G4,1,1
1370,2219,,0,0
1370,2249,,0,0
1370,2270,,0,0
1370,2288,,0,0
1370,2290,,0,0
1370,2305,,0,0
1370,2318,G4,1,1
1370,2366,A3,1,1
1370,2379,,0,0
1370,2388,G4,1,1
1370,2394,,0,0
1370,2396,G4,1,1
1370,2404,,0,0
1370,2481,G4,1,1
1370,2535,,0,0
1370,2554,G4,1,1
1370,2815,G4,1,1
1370,2821,,0,0
1370,2830,G4,1,1
1370,2927,,0,0
1370,2951,,0,0
1370,2955,G4,1,1
1370,3807,A3,1,1
1370,3828,,0,0
1371,1897,G4,1,1
1371,1903,G4,1,1
1371,1929,"A3,G4",2,2
1371,1968,"A3,A4",2,1
1371,2002,,0,0
1371,2041,G4,1,1
1371,2051,G4,1,1
1371,2101,,0,0
1371,2113,A3,1,1
1371,2121,G4,1,1
1371,2140,,0,0
1371,2158,G4,1,1
1371,2159,G4,1,1
1371,2165,,0,0
1371,2185,G4,1,1
1371,2220,,0,0
1371,2238,G4,1,1
1371,2253,G4,1,1
1371,2274,G4,1,1
1371,2281,G4,1,1
1371,2301,A3,1,1
1371,2306,,0,0
1371,2336,G4,1,1
1371,2370,"A3,G4",2,2
1371,2372,,0,0
1371,2385,G4,1,1
1371,2391,G4,1,1
1371,2402,,0,0
1371,2407,,0,0
1371,2417,,0,0
1371,2532,,0,0
1371,2806,A3,1,1
1371,2836,,0,0
1371,2960,G4,1,1
1371,3806,,0,0
1372,1896,G4,1,1
1372,1908,G4,1,1
1372,1926,G4,1,1
1372,1957,G4,1,1
1372,1980,G4,1,1
1372,2143,G4,1,1
1372,2152,G4,1,1
1372,2162,,0,0
1372,2181,G4,1,1
1372,2198,G4,1,1
1372,2214,G4,1,1
1372,2323,G4,1,1
1372,2324,G4,1,1
1372,2361,G4,1,1
1372,2373,G4,1,1
1372,2375,,0,0
1372,2424,,0,0
1372,2430,,0,0
1372,2562,G4,1,1
1372,2818,,0,0
1372,2823,G4,1,1
1372,2856,G4,1,1
1372,2864,,0,0
1372,2876,G4,1,1
1372,3710,,0,0
1379,1914,,0,0
1379,1931,G4,1,1
1379,1937,G4,1,1
1379,2003,A3,1,1
1379,2021,"A3,G4",2,2
1379,2192,,0,0
1379,3654,G4,1,1
1379,3706,,0,0
1379,3710,,0,0
1379,3748,G4,1,1
1379,3751,,0,0
1379,3808,,0,0
1379,3855,A3,1,1
1379,4627,G4,1,1
1379,4662,G4,1,1
1379,4721,G4,1,1
1379,4773,G4,1,1
1390,1591,,0,0
1390,1914,,0,0
1390,1917,G4,1,1
1390,1926,,0,0
1390,1935,,0,0
1390,1941,A4,1,1
1390,2034,B8,1,1
1390,2833,,0,0
1390,2837,G4,1,1
1390,2856,"A4,G4",2,2
1390,2875,G4,1,1
1390,2925,,0,0
1390,2955,,0,0
1390,2978,,0,0
1390,3119,G4,1,1
1390,3126,,0,0
1390,3239,G4,1,1
1390,3273,"A4,G4",2,2
1390,3278,,0,0
1390,3304,,0,0
1390,3308,G4,1,1
1390,3313,G4,1,1
1390,3315,,0,0
1390,3325,G4,1,1
1390,3327,,0,0
1390,3435,G4,1,1
1390,3476,,0,0
1390,3652,,0,0
1390,3735,,0,0
1390,3739,G4,1,1
1390,3810,,0,0
1390,3817,A3,1,1
1390,3988,G4,1,1
1390,3992,,0,0
1390,4008,G4,1,1
1390,4016,A3,1,1
1390,4022,,0,0
1390,4026,A4,1,1
1390,4039,G4,1,1
1390,4042,B8,1,1
1390,4050,,0,0
1390,4060,G4,1,1
1390,4103,G4,1,1
1390,4104,G4,1,1
1390,4121,G4,1,1
1390,4125,G4,1,1
1390,4153,G4,1,1
1390,4154,G4,1,1
1390,4214,,0,0
1390,4236,,0,0
1390,4237,,0,0
1390,4258,,0,0
1390,4339,,0,0
1390,4375,,0,0
1390,4381,G4,1,1
1390,4695,,0,0
1390,4699,,0,0
1390,4737,,0,0
1390,4741,,0,0
1390,6080,G4,1,1
1390,7109,G4,1,1
1390,7118,,0,0
1390,7122,G4,1,1
1390,7123,G4,1,1
1390,7132,G4,1,1
1390,7136,G4,1,1
1390,7137,,0,0
1390,7138,,0,0
1390,7142,,0,0
1390,7146,G4,1,1
1390,7151,B8,1,1
1390,7159,,0,0
1390,7164,,0,0
1390,7165,A3,1,1
1390,7171,G4,1,1
1390,7176,G4,1,1
1390,7185,,0,0
1390,7186,G4,1,1
1390,7229,G4,1,1
1390,7508,G4,1,1
1390,7563,B8,1,1
1390,7567,,0,0
1390,7576,G4,1,1
1390,7583,G4,1,1
1390,7586,,0,0
1390,7591,"B8,G4",2,2
1390,7603,,0,0
1390,7605,,0,0
1390,7606,,0,0
1390,7647,B8,1,1
1391,1893,,0,0
1391,1936,G4,1,1
1391,1938,,0,0
1391,1949,"A3,G4",2,2
1391,1980,,0,0
1391,1992,,0,0
1391,2022,"A3,B8,H1",3,3
1391,2806,,0,0
1391,2818,"B8,B9",2,1
1391,2823,,0,0
1391,2824,,0,0
1391,2848,G4,1,1
1391,2874,,0,0
1391,2882,,0,0
1391,2888,,0,0
1391,2929,,0,0
1391,2969,,0,0
1391,3052,G4,1,1
1391,3076,,0,0
1391,3084,,0,0
1391,3129,,0,0
1391,3137,G4,1,1
1391,3224,,0,0
1391,3317,,0,0
1391,3323,,0,0
1391,3328,,0,0
1391,3419,,0,0
1391,3495,,0,0
1391,3570,G4,1,1
1391,3691,,0,0
1391,3695,G4,1,1
1391,3702,,0,0
1391,3714,,0,0
1391,3758,,0,0
1391,3828,G4,1,1
1391,4000,G4,1,1
1391,4003,"B8,G4",2,2
1391,4015,G4,1,1
1391,4023,,0,0
1391,4029,G4,1,1
1391,4128,G4,1,1
1391,4130,"B8,G4",2,2
1391,4144,G4,1,1
1391,4161,,0,0
1391,4165,,0,0
1391,4211,G4,1,1
1391,4212,G4,1,1
1391,4233,G4,1,1
1391,4271,,0,0
1391,4322,,0,0
1391,4328,,0,0
1391,4334,G4,1,1
1391,4354,,0,0
1391,4357,,0,0
1391,4358,,0,0
1391,4366,A3,1,1
1391,4380,,0,0
1391,4505,H1,1,1
1391,4666,,0,0
1391,4671,,0,0
1391,4676,G4,1,1
1391,4677,,0,0
1391,4678,,0,0
1391,4685,G4,1,1
1391,4696,G4,1,1
1391,4701,,0,0
1391,4730,,0,0
1391,4731,,0,0
1391,4875,G4,1,1
1391,7643,G4,1,1
1391,7651,,0,0
1391,7655,,0,0
1392,1366,B8,1,1
1392,1904,G4,1,1
1392,1927,,0,0
1392,1929,,0,0
1392,1931,,0,0
1392,1952,,0,0
1392,1962,"G4,H1",2,2
1392,1969,,0,0
1392,1979,"B8,B9",2,1
1392,2013,G4,1,1
1392,2016,,0,0
1392,2020,,0,0
1392,2535,"A3,G4",2,2
1392,2808,,0,0
1392,2809,,0,0
1392,2819,,0,0
1392,2826,,0,0
1392,2864,B8,1,1
1392,3013,,0,0
1392,3058,,0,0
1392,3070,,0,0
1392,3075,G4,1,1
1392,3090,G4,1,1
1392,3093,A3,1,1
1392,3115,,0,0
1392,3131,,0,0
1392,3225,G4,1,1
1392,3228,G4,1,1
1392,3232,G4,1,1
1392,3237,,0,0
1392,3240,G4,1,1
1392,3248,H1,1,1
1392,3260,G4,1,1
1392,3307,,0,0
1392,3489,B8,1,1
1392,3512,H1,1,1
1392,3692,B8,1,1
1392,3698,H1,1,1
1392,3722,"B9,G4",2,2
1392,3772,A3,1,1
1392,4033,,0,0
1392,4041,A3,1,1
1392,4062,G4,1,1
1392,4078,,0,0
1392,4083,,0,0
1392,4105,G4,1,1
1392,4109,,0,0
1392,4131,,0,0
1392,4132,,0,0
1392,4135,,0,0
1392,4151,G4,1,1
1392,4225,,0,0
1392,4266,,0,0
1392,4311,G4,1,1
1392,4312,,0,0
1392,4327,G4,1,1
1392,4373,,0,0
1392,4422,,0,0
1392,4469,,0,0
1392,4477,,0,0
1392,4487,,0,0
1392,4491,G4,1,1
1392,4518,H1,1,1
1392,4670,G4,1,1
1392,4672,,0,0
1392,4700,,0,0
1392,4712,,0,0
1392,4732,B8,1,1
1392,4781,"B8,G4",2,2
1392,4861,G4,1,1
1392,5090,,0,0
1392,5664,,0,0
1392,7106,A3,1,1
1392,7107,G4,1,1
1392,7108,G4,1,1
1392,7115,G4,1,1
1392,7127,G4,1,1
1392,7154,G4,1,1
1392,7166,,0,0
1392,7178,G4,1,1
1392,7216,,0,0
1392,7569,G4,1,1
1392,7571,B8,1,1
1392,7573,B8,1,1
1392,7580,,0,0
1392,7582,,0,0
1392,7594,,0,0
1392,7596,,0,0
1392,7599,,0,0
1392,7602,,0,0
1392,7610,,0,0
1392,7618,B8,1,1
1392,7626,B8,1,1
1392,7636,"B8,G4",2,2
1392,7644,,0,0
1392,7653,"G4,H1",2,2
1392,7663,,0,0
1392,7668,G4,1,1
1392,7672,,0,0
1392,7742,,0,0
1393,1895,G4,1,1
1393,1901,G4,1,1
1393,1903,G4,1,1
1393,1909,G4,1,1
1393,2002,G4,1,1
1393,2197,B8,1,1
1393,2813,,0,0
1393,2832,G4,1,1
1393,2851,,0,0
1393,2922,,0,0
1393,2954,,0,0
1393,2979,G4,1,1
1393,3053,G4,1,1
1393,3064,G4,1,1
1393,3068,,0,0
1393,3069,G4,1,1
1393,3081,,0,0
1393,3088,G4,1,1
1393,3107,,0,0
1393,3124,,0,0
1393,3322,,0,0
1393,3447,"B8,G4",2,2
1393,3451,G4,1,1
1393,3486,"B8,G4",2,2
1393,3488,"B8,G4",2,2
1393,3511,G4,1,1
1393,3561,G4,1,1
1393,3656,G4,1,1
1393,3703,,0,0
1393,3709,G4,1,1
1393,3725,B8,1,1
1393,3761,,0,0
1393,3782,"B8,G4",2,2
1393,3806,,0,0
1393,4013,G4,1,1
1393,4021,,0,0
1393,4034,G4,1,1
1393,4037,B8,1,1
1393,4043,,0,0
1393,4059,,0,0
1393,4122,,0,0
1393,4124,,0,0
1393,4134,G4,1,1
1393,4235,G4,1,1
1393,4244,G4,1,1
1393,4320,G4,1,1
1393,4369,G4,1,1
1393,4706,,0,0
1393,4709,G4,1,1
1393,4710,,0,0
1393,4713,,0,0
1393,4738,G4,1,1
1393,4821,G4,1,1
1393,5816,G4,1,1
1393,6074,,0,0
1393,6165,,0,0
1393,7114,,0,0
1393,7172,"B8,B9,G4",3,2
1393,7175,G4,1,1
1393,7239,,0,0
1393,7248,,0,0
1393,7502,G4,1,1
1393,7566,G4,1,1
1393,7575,,0,0
1393,7579,,0,0
1393,7584,,0,0
1393,7617,,0,0
1393,7620,G4,1,1
1393,7628,G4,1,1
1393,7682,G4,1,1
1393,7740,"A3,G4",2,2
1394,1908,G4,1,1
1394,1918,G4,1,1
1394,1937,,0,0
1394,1986,G4,1,1
1394,2029,,0,0
1394,2046,,0,0
1394,2192,G4,1,1
1394,2514,G4,1,1
1394,2681,G4,1,1
1394,2836,,0,0
1394,2940,G4,1,1
1394,2975,"B8,B9",2,1
1394,3050,G4,1,1
1394,3051,,0,0
1394,3073,G4,1,1
1394,3103,G4,1,1
1394,3104,,0,0
1394,3116,,0,0
1394,3143,,0,0
1394,3314,,0,0
1394,3399,G4,1,1
1394,3473,,0,0
1394,3509,G4,1,1
1394,3546,,0,0
1394,3645,,0,0
1394,3713,G4,1,1
1394,3986,"A3,B4,G4",3,3
1394,4017,,0,0
1394,4028,,0,0
1394,4067,,0,0
1394,4119,,0,0
1394,4136,"A3,G4",2,2
1394,4137,G4,1,1
1394,4138,G4,1,1
1394,4140,G4,1,1
1394,4148,G4,1,1
1394,4150,H1,1,1
1394,4152,,0,0
1394,4168,,0,0
1394,4199,G4,1,1
1394,4210,,0,0
1394,4216,G4,1,1
1394,4219,G4,1,1
1394,4226,G4,1,1
1394,4227,,0,0
1394,4246,G4,1,1
1394,4254,G4,1,1
1394,4267,,0,0
1394,4349,A3,1,1
1394,4389,G4,1,1
1394,4413,,0,0
1394,4446,G4,1,1
1394,4622,G4,1,1
1394,4669,,0,0
1394,4681,,0,0
1394,4694,G4,1,1
1394,4867,G4,1,1
1394,5687,,0,0
1394,6024,G4,1,1
1394,7103,,0,0
1394,7105,B8,1,1
1394,7111,G4,1,1
1394,7124,,0,0
1394,7125,G4,1,1
1394,7131,G4,1,1
1394,7143,G4,1,1
1394,7163,,0,0
1394,7180,G4,1,1
1394,7193,G4,1,1
1394,7203,,0,0
1394,7598,,0,0
1394,7611,G4,1,1
1394,7615,G4,1,1
1394,7640,A3,1,1
1394,7660,B8,1,1
1395,1896,G4,1,1
1395,1897,,0,0
1395,1905,,0,0
1395,2003,,0,0
1395,2821,,0,0
1395,2880,,0,0
1395,2952,G4,1,1
1395,3030,,0,0
1395,3046,,0,0
1395,3071,"B8,G4",2,2
1395,3097,,0,0
1395,3101,,0,0
1395,3117,,0,0
1395,3122,,0,0
1395,3134,,0,0
1395,3320,,0,0
1395,3324,,0,0
1395,3418,,0,0
1395,3657,,0,0
1395,3707,,0,0
1395,3715,G4,1,1
1395,3721,,0,0
1395,3768,,0,0
1395,3776,"B8,G4",2,2
1395,3999,G4,1,1
1395,4054,"B8,G4",2,2
1395,4061,,0,0
1395,4116,,0,0
1395,4118,,0,0
1395,4120,G4,1,1
1395,4129,B8,1,1
1395,4166,,0,0
1395,4208,,0,0
1395,4286,G4,1,1
1395,4726,B4,1,1
1395,5998,G4,1,1
1395,6011,G4,1,1
1395,6157,G4,1,1
1395,7090,,0,0
1395,7102,G4,1,1
1395,7134,,0,0
1395,7139,,0,0
1395,7141,G4,1,1
1395,7144,,0,0
1395,7148,H1,1,1
1395,7167,,0,0
1395,7174,G4,1,1
1395,7181,"B8,B9,G4",3,2
1395,7190,G4,1,1
1395,7194,G4,1,1
1395,7204,,0,0
1395,7237,G4,1,1
1395,7648,G4,1,1
1396,1439,G4,1,1
1396,1921,,0,0
1396,1924,,0,0
1396,1925,H1,1,1
1396,1940,B8,1,1
1396,1942,B8,1,1
1396,1964,,0,0
1396,2007,,0,0
1396,2010,,0,0
1396,2198,G4,1,1
1396,2580,,0,0
1396,2815,,0,0
1396,2855,G4,1,1
1396,2866,G4,1,1
1396,2878,"B8,B9",2,1
1396,2912,,0,0
1396,2928,,0,0
1396,2950,,0,0
1396,2961,,0,0
1396,2963,B8,1,1
1396,3049,,0,0
1396,3059,G4,1,1
1396,3061,G4,1,1
1396,3066,,0,0
1396,3080,,0,0
1396,3083,,0,0
1396,3089,,0,0
1396,3095,G4,1,1
1396,3100,,0,0
1396,3106,,0,0
1396,3125,,0,0
1396,3135,,0,0
1396,3138,,0,0
1396,3139,G4,1,1
1396,3140,"B8,G4",2,2
1396,3227,G4,1,1
1396,3263,,0,0
1396,3306,,0,0
1396,3311,,0,0
1396,3318,G4,1,1
1396,3331,,0,0
1396,3401,,0,0
1396,3477,G4,1,1
1396,3704,,0,0
1396,3705,G4,1,1
1396,3723,G4,1,1
1396,3728,,0,0
1396,3737,,0,0
1396,3755,G4,1,1
1396,3807,H1,1,1
1396,3808,,0,0
1396,3987,G4,1,1
1396,4004,,0,0
1396,4032,,0,0
1396,4046,H1,1,1
1396,4070,,0,0
1396,4077,,0,0
1396,4081,"A3,B4",2,2
1396,4099,,0,0
1396,4108,,0,0
1396,4126,,0,0
1396,4149,,0,0
1396,4157,G4,1,1
1396,4159,,0,0
1396,4213,G4,1,1
1396,4229,,0,0
1396,4240,G4,1,1
1396,4264,,0,0
1396,4272,,0,0
1396,4350,G4,1,1
1396,4363,"B8,G4",2,2
1396,4365,,0,0
1396,4378,G4,1,1
1396,4414,,0,0
1396,4431,G4,1,1
1396,4496,,0,0
1396,4667,H1,1,1
1396,4668,,0,0
1396,4684,,0,0
1396,4686,G4,1,1
1396,4687,G4,1,1
1396,4688,,0,0
1396,4692,,0,0
1396,4739,G4,1,1
1396,4857,G4,1,1
1396,7097,G4,1,1
1396,7098,G4,1,1
1396,7130,G4,1,1
1396,7155,G4,1,1
1396,7162,,0,0
1396,7168,,0,0
1396,7169,G4,1,1
1396,7188,G4,1,1
1396,7192,"G4,H1",2,2
1396,7570,,0,0
1396,7595,,0,0
1396,7601,,0,0
1396,7607,G4,1,1
1396,7616,,0,0
1396,7622,B8,1,1
1396,7624,,0,0
1396,7650,G4,1,1
1396,7657,,0,0
1396,7659,,0,0
1396,7673,,0,0
1396,7693,B8,1,1
1396,7697,G4,1,1
1396,7748,G4,1,1
1397,1466,G4,1,1
1397,1892,,0,0
1397,1902,B8,1,1
1397,1922,,0,0
1397,1923,G4,1,1
1397,1934,,0,0
1397,1996,,0,0
1397,2031,G4,1,1
1397,2051,,0,0
1397,2054,,0,0
1397,2376,G4,1,1
1397,2510,G4,1,1
1397,2554,"A3,G4",2,2
1397,2812,,0,0
1397,2829,G4,1,1
1397,2834,G4,1,1
1397,2857,"A3,G4",2,2
1397,2858,,0,0
1397,2889,G4,1,1
1397,2932,G4,1,1
1397,3276,G4,1,1
1397,3305,,0,0
1397,3321,,0,0
1397,3330,G4,1,1
1397,3397,,0,0
1397,3434,G4,1,1
1397,3508,,0,0
1397,3710,"A3,G4",2,2
1397,3774,,0,0
1397,4086,,0,0
1397,4097,,0,0
1397,4101,G4,1,1
1397,4112,G4,1,1
1397,4143,G4,1,1
1397,4145,G4,1,1
1397,4146,,0,0
1397,4155,G4,1,1
1397,4163,G4,1,1
1397,4228,,0,0
1397,4239,,0,0
1397,4336,G4,1,1
1397,4351,,0,0
1397,4367,G4,1,1
1397,4372,,0,0
1397,4463,G4,1,1
1397,4476,,0,0
1397,4488,,0,0
1397,4665,,0,0
1397,4673,G4,1,1
1397,4675,,0,0
1397,4679,,0,0
1397,4715,G4,1,1
1397,4733,,0,0
1397,7642,G4,1,1
1398,1907,B8,1,1
1398,1915,,0,0
1398,1920,,0,0
1398,1930,,0,0
1398,1933,,0,0
1398,1963,,0,0
1398,1977,,0,0
1398,1978,,0,0
1398,1984,B8,1,1
1398,1998,"B8,G4",2,2
1398,2023,,0,0
1398,2024,"B8,G4",2,2
1398,2199,,0,0
1398,2371,,0,0
1398,2807,,0,0
1398,2814,,0,0
1398,2822,,0,0
1398,2881,G4,1,1
1398,2939,"B8,B9,G4",3,2
1398,2993,G4,1,1
1398,3054,,0,0
1398,3063,,0,0
1398,3079,,0,0
1398,3085,G4,1,1
1398,3086,G4,1,1
1398,3092,G4,1,1
1398,3102,G4,1,1
1398,3105,,0,0
1398,3136,G4,1,1
1398,3142,,0,0
1398,3144,,0,0
1398,3223,,0,0
1398,3234,,0,0
1398,3243,"G4,H1",2,2
1398,3245,,0,0
1398,3255,G4,1,1
1398,3259,,0,0
1398,3277,G4,1,1
1398,3417,,0,0
1398,3448,"A3,G4",2,2
1398,3595,,0,0
1398,3650,,0,0
1398,3651,G4,1,1
1398,3706,,0,0
1398,3716,G4,1,1
1398,3729,"B8,G4",2,2
1398,3731,G4,1,1
1398,3738,G4,1,1
1398,3855,,0,0
1398,3985,G4,1,1
1398,3997,,0,0
1398,4002,G4,1,1
1398,4044,,0,0
1398,4057,,0,0
1398,4066,,0,0
1398,4098,,0,0
1398,4123,,0,0
1398,4127,G4,1,1
1398,4139,,0,0
1398,4206,G4,1,1
1398,4234,A3,1,1
1398,4304,A3,1,1
1398,4316,G4,1,1
1398,4337,,0,0
1398,4352,,0,0
1398,4377,,0,0
1398,4424,B8,1,1
1398,4433,,0,0
1398,4461,G4,1,1
1398,4485,G4,1,1
1398,4515,,0,0
1398,4682,,0,0
1398,4744,A4,1,1
1398,5655,,0,0
1398,6012,G4,1,1
1398,7101,G4,1,1
1398,7112,G4,1,1
1398,7121,"B8,G4",2,2
1398,7212,G4,1,1
1398,7214,G4,1,1
1398,7564,G4,1,1
1398,7568,G4,1,1
1398,7639,G4,1,1
1398,7658,G4,1,1
1398,7685,G4,1,1
1398,7702,G4,1,1
1399,1906,G4,1,1
1399,1910,,0,0
1399,1919,,0,0
1399,1947,B8,1,1
1399,1983,G4,1,1
1399,2011,,0,0
1399,2038,"B8,G4",2,2
1399,2511,,0,0
1399,2816,G4,1,1
1399,2817,,0,0
1399,2825,G4,1,1
1399,2827,,0,0
1399,2830,,0,0
1399,2859,G4,1,1
1399,2941,G4,1,1
1399,3044,G4,1,1
1399,3048,G4,1,1
1399,3057,B8,1,1
1399,3060,G4,1,1
1399,3072,G4,1,1
1399,3091,B8,1,1
1399,3098,,0,0
1399,3120,,0,0
1399,3132,,0,0
1399,3222,"B8,G4",2,2
1399,3233,,0,0
1399,3309,G4,1,1
1399,3310,G4,1,1
1399,3522,"A3,G4",2,2
1399,3654,,0,0
1399,3658,G4,1,1
1399,3697,G4,1,1
1399,3699,,0,0
1399,3759,,0,0
1399,3781,,0,0
1399,3784,,0,0
1399,3793,,0,0
1399,3799,,0,0
1399,3989,,0,0
1399,3993,G4,1,1
1399,3995,G4,1,1
1399,4001,G4,1,1
1399,4011,G4,1,1
1399,4027,"B8,G4",2,2
1399,4040,,0,0
1399,4047,,0,0
1399,4085,,0,0
1399,4102,G4,1,1
1399,4160,G4,1,1
1399,4162,"B8,G4",2,2
1399,4203,,0,0
1399,4207,,0,0
1399,4230,,0,0
1399,4432,G4,1,1
1399,4434,A3,1,1
1400,1544,,0,0
1400,1896,G4,1,1
1400,1905,,0,0
1400,1928,,0,0
1400,2008,"A3,G4",2,2
1400,2123,"B8,G4",2,2
1400,2131,"B8,G4",2,2
1400,2164,,0,0
1400,2165,,0,0
1400,2176,,0,0
1400,2177,G4,1,1
1400,2181,B8,1,1
1400,2226,,0,0
1400,2265,,0,0
1400,2267,"A3,G4",2,2
1400,2280,,0,0
1400,2282,,0,0
1400,2294,,0,0
1400,2392,,0,0
1400,2393,B8,1,1
1400,2408,,0,0
1400,2425,"B8,G4",2,2
1400,2426,,0,0
1400,2508,G4,1,1
1400,2517,,0,0
1400,2574,"A3,G4",2,2
1400,2823,G4,1,1
1400,2830,"B8,G4",2,2
1400,2855,"B8,G4",2,2
1400,2878,B8,1,1
1400,3715,G4,1,1
1400,3722,G4,1,1
1400,3758,,0,0
1400,3759,,0,0
1400,3776,"A3,G4",2,2
1400,3799,G4,1,1
1400,3855,"B8,G4",2,2
1400,7510,,0,0
1400,7666,"B8,G4",2,2
1401,1897,,0,0
1401,1929,A3,1,1
1401,2011,,0,0
1401,2016,,0,0
1401,2029,,0,0
1401,2158,,0,0
1401,2190,,0,0
1401,2195,A3,1,1
1401,2201,A3,1,1
1401,2211,,0,0
1401,2219,B8,1,1
1401,2233,,0,0
1401,2238,B8,1,1
1401,2252,G4,1,1
1401,2289,B8,1,1
1401,2293,G4,1,1
1401,2325,G4,1,1
1401,2329,G4,1,1
1401,2336,B8,1,1
1401,2338,,0,0
1401,2382,B8,1,1
1401,2397,A3,1,1
1401,2399,G4,1,1
1401,2423,,0,0
1401,2478,B8,1,1
1401,2510,G4,1,1
1401,2681,G4,1,1
1401,2812,B8,1,1
1401,2818,B8,1,1
1401,2834,G4,1,1
1401,2858,,0,0
1401,2881,G4,1,1
1401,2963,"B8,G4",2,2
1401,3607,B8,1,1
1401,3620,B8,1,1
1401,3651,G4,1,1
1401,3703,,0,0
1401,3714,,0,0
1401,3742,,0,0
1401,3748,G4,1,1
1401,3753,A3,1,1
1401,3792,G4,1,1
1401,7651,B8,1,1
1401,7655,G4,1,1
1402,1466,G4,1,1
1402,1963,B8,1,1
1402,1983,,0,0
1402,2007,,0,0
1402,2114,B8,1,1
1402,2175,,0,0
1402,2179,,0,0
1402,2199,,0,0
1402,2224,,0,0
1402,2237,,0,0
1402,2240,G4,1,1
1402,2245,,0,0
1402,2246,,0,0
1402,2266,,0,0
1402,2271,,0,0
1402,2277,,0,0
1402,2287,,0,0
1402,2292,G4,1,1
1402,2337,B8,1,1
1402,2372,,0,0
1402,2385,"B8,G4",2,2
1402,2388,"B8,G4",2,2
1402,2391,B8,1,1
1402,2405,"A3,G4",2,2
1402,2409,,0,0
1402,2417,,0,0
1402,2420,,0,0
1402,2512,,0,0
1402,2602,,0,0
1402,2814,B8,1,1
1402,2815,G4,1,1
1402,2856,G4,1,1
1402,2866,A3,1,1
1402,3697,G4,1,1
1402,3729,B8,1,1
1402,3738,,0,0
1402,3746,G4,1,1
1402,3749,G4,1,1
1402,7642,G4,1,1
1402,7650,G4,1,1
1402,7690,G4,1,1
1403,1892,A3,1,1
1403,1910,,0,0
1403,1914,G4,1,1
1403,1922,,0,0
1403,1933,,0,0
1403,1969,A3,1,1
1403,2024,"B8,G4",2,2
1403,2034,B8,1,1
1403,2101,,0,0
1403,2107,"A3,B8,G4",3,3
1403,2122,"A3,G4",2,2
1403,2129,,0,0
1403,2166,"B8,G4",2,2
1403,2185,,0,0
1403,2188,,0,0
1403,2200,,0,0
1403,2215,,0,0
1403,2216,,0,0
1403,2229,,0,0
1403,2239,,0,0
1403,2241,A3,1,1
1403,2258,,0,0
1403,2264,,0,0
1403,2281,,0,0
1403,2283,,0,0
1403,2299,G4,1,1
1403,2312,B8,1,1
1403,2395,,0,0
1403,2396,G4,1,1
1403,2416,,0,0
1403,2534,,0,0
1403,2554,,0,0
1403,2808,B8,1,1
1403,2833,,0,0
1403,2940,G4,1,1
1403,3699,,0,0
1403,3706,,0,0
1403,3735,B8,1,1
1403,3778,,0,0
1403,6013,"B8,G4",2,2
1403,7578,,0,0
1403,7640,"A3,B8,G4",3,3
1404,1927,,0,0
1404,1977,B8,1,1
1404,1986,G4,1,1
1404,1998,G4,1,1
1404,2102,G4,1,1
1404,2144,G4,1,1
1404,2156,A3,1,1
1404,2187,B8,1,1
1404,2197,"A3,G4",2,2
1404,2214,"G4,H1",2,2
1404,2221,G4,1,1
1404,2235,"G4,H1",2,2
1404,2251,"A3,G4",2,2
1404,2261,G4,1,1
1404,2291,G4,1,1
1404,2324,"B8,G4",2,2
1404,2341,,0,0
1404,2342,B8,1,1
1404,2352,,0,0
1404,2411,G4,1,1
1404,2429,A3,1,1
1404,2430,A3,1,1
1404,2495,,0,0
1404,2511,A3,1,1
1404,2540,G4,1,1
1404,2625,"B8,G4",2,2
1404,2824,G4,1,1
1404,2825,G4,1,1
1404,2826,G4,1,1
1404,2854,"B8,G4",2,2
1404,2874,G4,1,1
1404,2880,,0,0
1404,2975,"B8,G4",2,2
1404,3701,,0,0
1404,3716,G4,1,1
1404,3798,G4,1,1
1404,3810,G4,1,1
1404,7648,"A3,G4",2,2
1405,1893,G4,1,1
1405,1907,,0,0
1405,1937,,0,0
1405,1941,,0,0
1405,1959,,0,0
1405,2010,,0,0
1405,2051,G4,1,1
1405,2110,G4,1,1
1405,2159,,0,0
1405,2212,G4,1,1
1405,2288,G4,1,1
1405,2301,G4,1,1
1405,2304,,0,0
1405,2316,G4,1,1
1405,2361,"B8,G4",2,2
1405,2366,,0,0
1405,2384,"B8,G4",2,2
1405,2386,,0,0
1405,2389,G4,1,1
1405,2463,B8,1,1
1405,2565,,0,0
1405,2622,,0,0
1405,2809,,0,0
1405,2827,,0,0
1405,2831,A3,1,1
1405,2853,,0,0
1405,2864,B8,1,1
1405,3698,A3,1,1
1405,3710,G4,1,1
1405,3751,G4,1,1
1405,3782,"B8,G4",2,2
1405,3806,G4,1,1
1405,6130,G4,1,1
1406,1895,"B8,G4",2,2
1406,1926,G4,1,1
1406,2046,,0,0
1406,2124,A3,1,1
1406,2125,,0,0
1406,2127,G4,1,1
1406,2130,A3,1,1
1406,2134,,0,0
1406,2142,,0,0
1406,2198,G4,1,1
1406,2210,,0,0
1406,2242,B8,1,1
1406,2244,B8,1,1
1406,2254,,0,0
1406,2314,"B8,G4",2,2
1406,2371,G4,1,1
1406,2378,,0,0
1406,2380,,0,0
1406,2402,B8,1,1
1406,2480,,0,0
1406,2583,,0,0
1406,2816,,0,0
1406,2819,"B8,G4",2,2
1406,2882,,0,0
1406,3709,,0,0
1406,3745,"B8,G4",2,2
1406,3761,G4,1,1
1406,3768,G4,1,1
1407,1906,G4,1,1
1407,1947,B8,1,1
1407,1952,"B8,G4",2,2
1407,2002,G4,1,1
1407,2003,,0,0
1407,2120,G4,1,1
1407,2121,"A3,G4",2,2
1407,2152,G4,1,1
1407,2154,G4,1,1
1407,2174,G4,1,1
1407,2193,G4,1,1
1407,2194,G4,1,1
1407,2206,G4,1,1
1407,2223,,0,0
1407,2255,G4,1,1
1407,2263,G4,1,1
1407,2276,G4,1,1
1407,2284,G4,1,1
1407,2285,"A3,B4,G4",3,3
1407,2317,G4,1,1
1407,2322,G4,1,1
1407,2387,G4,1,1
1407,2390,G4,1,1
1407,2394,,0,0
1407,2401,"A3,G4",2,2
1407,2407,,0,0
1407,2418,G4,1,1
1407,2433,"A3,G4",2,2
1407,2561,G4,1,1
1407,2806,G4,1,1
1407,2813,G4,1,1
1407,2832,G4,1,1
1407,2836,,0,0
1407,2837,G4,1,1
1407,2859,G4,1,1
1407,3696,,0,0
1407,3707,G4,1,1
1407,3713,G4,1,1
1407,3781,G4,1,1
1407,7506,,0,0
1407,7644,G4,1,1
1408,1948,"A3,B8",2,2
1408,1979,B8,1,1
1408,1992,"B8,G4",2,2
1408,1996,,0,0
1408,2013,G4,1,1
1408,2020,,0,0
1408,2117,B8,1,1
1408,2136,G4,1,1
1408,2137,"B8,G4",2,2
1408,2141,,0,0
1408,2146,"B8,G4",2,2
1408,2172,,0,0
1408,2220,G4,1,1
1408,2248,"A3,G4",2,2
1408,2300,G4,1,1
1408,2305,G4,1,1
1408,2319,G4,1,1
1408,2340,,0,0
1408,2344,H1,1,1
1408,2363,B8,1,1
1408,2376,G4,1,1
1408,2383,G4,1,1
1408,2400,G4,1,1
1408,2404,"B8,G4",2,2
1408,2428,G4,1,1
1408,2431,G4,1,1
1408,2432,G4,1,1
1408,2515,,0,0
1408,2535,G4,1,1
1408,2552,G4,1,1
1408,2562,G4,1,1
1408,2875,G4,1,1
1408,2922,G4,1,1
1408,2925,,0,0
1408,3650,,0,0
1408,3656,"G4,H1",2,2
1408,3657,G4,1,1
1408,3692,"B8,G4",2,2
1408,3700,G4,1,1
1408,3702,,0,0
1408,3743,G4,1,1
1408,3828,,0,0
1408,7558,G4,1,1
1408,7647,B8,1,1
1409,1919,A3,1,1
1409,1930,,0,0
1409,1942,"B8,G4",2,2
1409,1964,"B8,G4",2,2
1409,1978,G4,1,1
1409,2103,B8,1,1
1409,2104,G4,1,1
1409,2108,"B8,G4",2,2
1409,2118,,0,0
1409,2126,B8,1,1
1409,2143,,0,0
1409,2145,,0,0
1409,2192,G4,1,1
1409,2208,G4,1,1
1409,2225,G4,1,1
1409,2247,G4,1,1
1409,2306,G4,1,1
1409,2315,"A4,B8",2,2
1409,2318,"B8,G4",2,2
1409,2321,"B8,G4",2,2
1409,2345,,0,0
1409,2353,G4,1,1
1409,2398,"B8,G4",2,2
1409,2479,,0,0
1409,2533,,0,0
1409,2817,"B8,G4",2,2
1409,2822,,0,0
1409,2829,G4,1,1
1409,2857,G4,1,1
1409,3645,,0,0
1409,3654,,0,0
1409,3658,G4,1,1
1409,3704,,0,0
1409,3739,G4,1,1
1409,3774,G4,1,1
1409,3807,H1,1,1
1409,7505,G4,1,1
1481,1896,G4,1,1
1481,1905,"B8,G4",2,2
1481,1907,,0,0
1481,1913,G4,1,1
1481,1921,"B4,B8,G4",3,2
1481,1928,G4,1,1
1481,1936,"B4,E1,G4",3,3
1481,1979,B4,1,1
1481,1986,G4,1,1
1481,2002,"B4,E1,G4",3,3
1481,2011,"B8,G4",2,2
1481,2016,G4,1,1
1481,2024,"B4,G4",2,2
1481,2376,B8,1,1
1481,3658,G4,1,1
1481,3698,H1,1,1
1481,3704,"B4,G4",2,2
1481,3751,B4,1,1
1481,3828,,0,0
1483,1466,"B4,G4",2,2
1483,1892,B4,1,1
1483,1904,"B4,G4",2,2
1483,1910,"B4,H1",2,2
1483,1917,"B4,B8",2,1
1483,1919,"B4,B8",2,1
1483,1927,B4,1,1
1483,1947,"B4,B8,B9,E1,G4",5,3
1483,1969,"B4,B8",2,1
1483,1978,"B4,B8",2,1
1483,1992,"B4,B8,G4",3,2
1483,1996,"B4,B8",2,1
1483,2198,"B4,B8,G4",3,2
1483,2204,"B4,G4,H1",3,3
1483,3713,"B4,G4",2,2
1483,3755,"B4,B8,G4",3,2
1483,3782,"B4,G4",2,2
1522,1903,"A3,G4",2,2
1522,1933,G4,1,1
1522,1934,G4,1,1
1522,1941,"B8,G4",2,2
1522,1979,G4,1,1
1522,1998,,0,0
1522,2196,G4,1,1
1522,2219,"A3,G4",2,2
1522,2221,"A3,G4",2,2
1522,2235,"A3,G4",2,2
1522,2280,"A3,G4",2,2
1522,2294,G4,1,1
1522,2303,"A3,G4",2,2
1522,2386,G4,1,1
1522,2531,A3,1,1
1522,2833,,0,0
1522,2853,G4,1,1
1522,2866,"G4,H1",2,2
1522,4013,G4,1,1
1522,4189,G4,1,1
1522,4210,G4,1,1
1522,4339,G4,1,1
1522,4376,H1,1,1
1522,4384,"A3,G4",2,2
1522,4429,,0,0
1523,1919,,0,0
1523,2011,G4,1,1
1523,2016,,0,0
1523,2034,,0,0
1523,2211,G4,1,1
1523,2213,G4,1,1
1523,2215,"A3,G4",2,2
1523,2216,,0,0
1523,2230,G4,1,1
1523,2237,G4,1,1
1523,2238,G4,1,1
1523,2239,"A3,G4",2,2
1523,2266,G4,1,1
1523,2284,"A3,G4",2,2
1523,2353,G4,1,1
1523,2400,G4,1,1
1523,2405,"A3,G4",2,2
1523,2513,,0,0
1523,2625,G4,1,1
1523,2812,G4,1,1
1523,2814,G4,1,1
1523,2852,G4,1,1
1523,2854,G4,1,1
1523,2855,G4,1,1
1523,2878,G4,1,1
1523,2922,G4,1,1
1523,2928,G4,1,1
1523,3858,"C3,G4",2,2
1523,4007,"A3,G4",2,2
1523,4172,"A3,G4",2,2
1523,4199,G4,1,1
1523,4212,G4,1,1
1523,4244,"A3,G4",2,2
1523,4337,G4,1,1
1523,4354,G4,1,1
1523,4378,"B4,G4",2,2
1523,4478,A3,1,1
1523,4485,,0,0
1524,1318,,0,0
1524,1910,G4,1,1
1524,1969,A3,1,1
1524,1984,,0,0
1524,2199,,0,0
1524,2224,"A3,G4",2,2
1524,2390,G4,1,1
1524,2393,,0,0
1524,2398,G4,1,1
1524,2404,,0,0
1524,2535,G4,1,1
1524,2815,G4,1,1
1524,2818,,0,0
1524,2822,G4,1,1
1524,2823,A3,1,1
1524,2825,G4,1,1
1524,2829,G4,1,1
1524,2859,G4,1,1
1524,2888,A3,1,1
1524,2952,G4,1,1
1524,4178,,0,0
1524,4208,G4,1,1
1524,4226,G4,1,1
1524,4227,"A3,G4",2,2
1524,4362,"A3,G4",2,2
1524,4431,"A3,G4",2,2
1524,4469,G4,1,1
1525,1895,G4,1,1
1525,1897,G4,1,1
1525,1931,G4,1,1
1525,1936,G4,1,1
1525,2003,,0,0
1525,2288,G4,1,1
1525,2299,G4,1,1
1525,2406,,0,0
1525,2417,G4,1,1
1525,2418,,0,0
1525,2816,G4,1,1
1525,2828,G4,1,1
1525,2834,G4,1,1
1525,2836,G4,1,1
1525,2960,G4,1,1
1525,3987,G4,1,1
1525,4004,G4,1,1
1525,4190,G4,1,1
1525,4206,"B8,G4",2,2
1525,4232,A3,1,1
1525,4312,"A4,G4",2,2
1525,4351,"A4,G4",2,2
1525,4370,A3,1,1
1525,4482,G4,1,1
1525,4496,G4,1,1
1526,1922,G4,1,1
1526,1923,G4,1,1
1526,2024,G4,1,1
1526,2198,G4,1,1
1526,2220,,0,0
1526,2281,"A3,G4",2,2
1526,2287,"A3,G4",2,2
1526,2304,G4,1,1
1526,2306,,0,0
1526,2383,G4,1,1
1526,2384,G4,1,1
1526,2385,G4,1,1
1526,2387,G4,1,1
1526,2388,G4,1,1
1526,2397,G4,1,1
1526,2402,G4,1,1
1526,2517,,0,0
1526,2561,,0,0
1526,2573,,0,0
1526,2583,,0,0
1526,2826,G4,1,1
1526,2827,G4,1,1
1526,2874,,0,0
1526,2881,G4,1,1
1526,2963,"A3,B8,C1,G4",4,4
1526,3988,G4,1,1
1526,4011,G4,1,1
1527,1902,G4,1,1
1527,1905,G4,1,1
1527,1938,"B8,G4",2,2
1527,1948,G4,1,1
1527,1963,G4,1,1
1527,1978,G4,1,1
1527,1980,G4,1,1
1527,2002,G4,1,1
1527,2023,,0,0
1527,2029,,0,0
1527,2283,G4,1,1
1527,2305,"A3,G4",2,2
1527,2376,G4,1,1
1527,2511,,0,0
1527,2811,B8,1,1
1527,2858,G4,1,1
1527,2918,G4,1,1
1527,2929,,0,0
1527,4005,G4,1,1
1527,4175,G4,1,1
1527,4187,,0,0
1527,4194,"A3,G4",2,2
1527,4216,G4,1,1
1527,4223,G4,1,1
1527,4382,G4,1,1
1527,4443,"A2,G4",2,2
1527,4481,G4,1,1
1527,4501,G4,1,1
1528,1466,G4,1,1
1528,1914,,0,0
1528,1924,,0,0
1528,1926,G4,1,1
1528,1928,G4,1,1
1528,1947,,0,0
1528,1977,,0,0
1528,1992,B8,1,1
1528,2007,,0,0
1528,2232,"A3,G4",2,2
1528,2293,,0,0
1528,2396,,0,0
1528,2401,G4,1,1
1528,2411,,0,0
1528,2554,G4,1,1
1528,2565,G4,1,1
1528,3985,G4,1,1
1528,4179,A3,1,1
1528,4191,G4,1,1
1528,4211,G4,1,1
1528,4219,G4,1,1
1528,4225,G4,1,1
1528,4230,,0,0
1528,4235,G4,1,1
1528,4413,,0,0
1529,1920,G4,1,1
1529,1935,G4,1,1
1529,1952,"B8,G4",2,2
1529,2223,,0,0
1529,2225,G4,1,1
1529,2229,G4,1,1
1529,2291,G4,1,1
1529,2416,G4,1,1
1529,2574,G4,1,1
1529,2580,"A3,G4",2,2
1529,2817,,0,0
1529,2830,G4,1,1
1529,2864,A3,1,1
1529,2882,G4,1,1
1529,3995,G4,1,1
1529,3999,"A3,G4",2,2
1529,4180,,0,0
1529,4183,"A3,G4",2,2
1529,4213,G4,1,1
1529,4234,,0,0
1529,4330,G4,1,1
1529,4357,G4,1,1
1530,1909,,0,0
1530,1918,G4,1,1
1530,1930,G4,1,1
1530,1937,,0,0
1530,2051,G4,1,1
1530,2276,G4,1,1
1530,2295,"A3,G4",2,2
1530,2407,"A3,G4",2,2
1530,2615,,0,0
1530,2819,G4,1,1
1530,2821,,0,0
1530,4001,G4,1,1
1530,4171,G4,1,1
1530,4176,,0,0
1530,4233,,0,0
1530,4236,"A3,G4",2,2
1530,4237,G4,1,1
1530,4246,G4,1,1
1530,4367,G4,1,1
1530,4380,G4,1,1
1530,4446,G4,1,1
1530,4466,G4,1,1
1531,1907,G4,1,1
1531,1931,G4,1,1
1531,1963,G4,1,1
1531,1998,G4,1,1
1531,2011,G4,1,1
1531,2104,G4,1,1
1531,2142,G4,1,1
1531,2143,"B8,G4",2,2
1531,2172,G4,1,1
1531,2219,G4,1,1
1531,2241,G4,1,1
1531,2242,,0,0
1531,2244,G4,1,1
1531,2246,G4,1,1
1531,2267,G4,1,1
1531,2314,G4,1,1
1531,2322,G4,1,1
1531,2342,"A3,G4",2,2
1531,2384,G4,1,1
1531,2386,G4,1,1
1531,2397,G4,1,1
1531,2407,G4,1,1
1531,2426,G4,1,1
1531,2510,G4,1,1
1531,2574,G4,1,1
1531,3030,G4,1,1
1531,3048,G4,1,1
1531,3049,G4,1,1
1531,3053,G4,1,1
1531,3071,,0,0
1531,3073,G4,1,1
1531,3146,G4,1,1
1531,3192,G4,1,1
1531,3217,,0,0
1531,3219,G4,1,1
1531,3313,G4,1,1
1531,3328,G4,1,1
1531,3367,G4,1,1
1531,3387,,0,0
1531,3399,G4,1,1
1531,3488,G4,1,1
1531,3620,,0,0
1531,3699,G4,1,1
1531,3705,G4,1,1
1531,3746,G4,1,1
1531,3758,G4,1,1
1531,4033,G4,1,1
1531,4083,"A3,G4",2,2
1531,4108,"A2,B8,G4",3,3
1531,4162,G4,1,1
1531,4168,G4,1,1
1531,4312,G4,1,1
1531,4336,"G4,H1",2,2
1531,4389,G4,1,1
1531,4461,G4,1,1
1531,4476,G4,1,1
1532,1914,G4,1,1
1532,1939,"A3,G4",2,2
1532,1941,A2,1,1
1532,2121,G4,1,1
1532,2123,"A3,G4",2,2
1532,2196,G4,1,1
1532,2212,G4,1,1
1532,2213,"A3,G4",2,2
1532,2224,G4,1,1
1532,2258,G4,1,1
1532,2318,G4,1,1
1532,2387,G4,1,1
1532,2401,G4,1,1
1532,2405,G4,1,1
1532,2851,"A3,G4",2,2
1532,2952,G4,1,1
1532,3082,"A3,G4",2,2
1532,3087,G4,1,1
1532,3130,G4,1,1
1532,3199,G4,1,1
1532,3203,G4,1,1
1532,3306,G4,1,1
1532,3330,G4,1,1
1532,3374,G4,1,1
1532,3418,G4,1,1
1532,3434,G4,1,1
1532,3497,,0,0
1532,3509,G4,1,1
1532,3544,,0,0
1532,3546,G4,1,1
1532,3561,G4,1,1
1532,3570,G4,1,1
1532,3712,G4,1,1
1532,3739,G4,1,1
1532,4001,G4,1,1
1532,4007,G4,1,1
1532,4066,G4,1,1
1532,4109,G4,1,1
1532,4112,G4,1,1
1532,4119,G4,1,1
1532,4138,G4,1,1
1532,4159,G4,1,1
1532,4422,G4,1,1
1533,1906,G4,1,1
1533,1952,"B8,G4",2,2
1533,2002,"A3,G4",2,2
1533,2034,G4,1,1
1533,2126,G4,1,1
1533,2130,"A3,G4",2,2
1533,2167,G4,1,1
1533,2268,G4,1,1
1533,2378,G4,1,1
1533,2396,G4,1,1
1533,2424,G4,1,1
1533,2480,G4,1,1
1533,2532,G4,1,1
1533,2622,G4,1,1
1533,3097,,0,0
1533,3115,G4,1,1
1533,3131,,0,0
1533,3145,G4,1,1
1533,3155,G4,1,1
1533,3194,G4,1,1
1533,3214,G4,1,1
1533,3263,"A3,G4",2,2
1533,3267,G4,1,1
1533,3311,G4,1,1
1533,3331,,0,0
1533,3371,"A3,G4",2,2
1533,3393,,0,0
1533,3419,G4,1,1
1533,3443,G4,1,1
1533,3651,G4,1,1
1533,3702,G4,1,1
1533,3709,G4,1,1
1533,3759,G4,1,1
1533,3792,G4,1,1
1533,4120,G4,1,1
1533,4130,G4,1,1
1533,4132,G4,1,1
1533,4146,G4,1,1
1533,4151,G4,1,1
1534,1366,,0,0
1534,1903,G4,1,1
1534,1978,G4,1,1
1534,1985,G4,1,1
1534,2003,G4,1,1
1534,2124,G4,1,1
1534,2145,G4,1,1
1534,2176,G4,1,1
1534,2200,G4,1,1
1534,2390,G4,1,1
1534,2398,G4,1,1
1534,2422,"B8,G4,H1",3,3
1534,2430,G4,1,1
1534,2479,G4,1,1
1534,2831,"A3,G4",2,2
1534,3100,G4,1,1
1534,3111,G4,1,1
1534,3178,"B8,G4",2,2
1534,3181,,0,0
1534,3183,G4,1,1
1534,3198,G4,1,1
1534,3260,G4,1,1
1534,3308,G4,1,1
1534,3380,"A3,G4",2,2
1534,3499,"A3,G4",2,2
1534,3652,G4,1,1
1534,3658,G4,1,1
1534,3706,,0,0
1534,3738,G4,1,1
1534,3740,G4,1,1
1534,3743,G4,1,1
1534,3776,G4,1,1
1534,3828,G4,1,1
1534,4027,G4,1,1
1534,4101,G4,1,1
1534,4155,G4,1,1
1534,4258,"A2,B8,G4",3,3
1534,4267,G4,1,1
1534,4470,G4,1,1
1534,4485,"A3,G4",2,2
1534,6336,"B8,G4",2,2
1534,6446,G4,1,1
1535,1922,,0,0
1535,1948,"A3,G4",2,2
1535,2024,G4,1,1
1535,2102,,0,0
1535,2113,G4,1,1
1535,2115,"A3,G4",2,2
1535,2116,,0,0
1535,2117,G4,1,1
1535,2177,G4,1,1
1535,2190,G4,1,1
1535,2245,G4,1,1
1535,2266,G4,1,1
1535,2316,G4,1,1
1535,2376,G4,1,1
1535,2383,G4,1,1
1535,2393,"B8,G4",2,2
1535,2425,G4,1,1
1535,2515,G4,1,1
1535,2615,,0,0
1535,2625,G4,1,1
1535,3057,G4,1,1
1535,3060,G4,1,1
1535,3061,G4,1,1
1535,3063,G4,1,1
1535,3064,G4,1,1
1535,3070,,0,0
1535,3075,G4,1,1
1535,3076,G4,1,1
1535,3092,G4,1,1
1535,3104,G4,1,1
1535,3117,G4,1,1
1535,3167,"B8,G4",2,2
1535,3188,G4,1,1
1535,3209,G4,1,1
1535,3216,G4,1,1
1535,3310,G4,1,1
1535,3373,,0,0
1535,3645,G4,1,1
1535,3650,"B12,B8",2,1
1535,3749,G4,1,1
1535,4000,G4,1,1
1535,4028,G4,1,1
1535,4113,"A3,G4",2,2
1535,4128,"G4,H1",2,2
1535,4140,G4,1,1
1535,4145,G4,1,1
1535,4166,G4,1,1
1535,4286,"A3,G4",2,2
1535,4304,G4,1,1
1536,1466,G4,1,1
1536,1905,G4,1,1
1536,1947,G4,1,1
1536,2120,G4,1,1
1536,2122,G4,1,1
1536,2127,G4,1,1
1536,2134,G4,1,1
1536,2162,G4,1,1
1536,2170,"A3,G4",2,2
1536,2240,"A3,G4",2,2
1536,2254,G4,1,1
1536,2269,G4,1,1
1536,2324,G4,1,1
1536,2367,"A3,G4",2,2
1536,2411,G4,1,1
1536,2830,G4,1,1
1536,2833,"B8,G4",2,2
1536,2834,G4,1,1
1536,3058,G4,1,1
1536,3081,G4,1,1
1536,3089,G4,1,1
1536,3107,,0,0
1536,3122,G4,1,1
1536,3157,,0,0
1536,3190,G4,1,1
1536,3197,G4,1,1
1536,3204,G4,1,1
1536,3213,G4,1,1
1536,3314,G4,1,1
1536,3324,G4,1,1
1536,3390,G4,1,1
1536,3449,G4,1,1
1536,3484,,0,0
1536,3522,G4,1,1
1536,3657,"B8,B9,G4",3,2
1536,3710,"B8,G4",2,2
1536,3753,G4,1,1
1536,3808,"B8,G4",2,2
1536,4013,G4,1,1
1536,4126,G4,1,1
1536,4264,"B8,G4",2,2
1537,1893,G4,1,1
1537,2144,G4,1,1
1537,2158,G4,1,1
1537,2188,G4,1,1
1537,2205,G4,1,1
1537,2250,G4,1,1
1537,2252,G4,1,1
1537,2329,G4,1,1
1537,2361,G4,1,1
1537,2388,G4,1,1
1537,2395,G4,1,1
1537,2400,G4,1,1
1537,3066,G4,1,1
1537,3091,"A3,G4",2,2
1537,3105,G4,1,1
1537,3139,G4,1,1
1537,3148,G4,1,1
1537,3164,G4,1,1
1537,3170,"A3,G4",2,2
1537,3193,G4,1,1
1537,3200,G4,1,1
1537,3202,G4,1,1
1537,3215,G4,1,1
1537,3322,G4,1,1
1537,3435,G4,1,1
1537,3656,G4,1,1
1537,3703,G4,1,1
1537,3707,,0,0
1537,3713,G4,1,1
1537,3716,G4,1,1
1537,3721,G4,1,1
1537,3737,G4,1,1
1537,3751,G4,1,1
1537,3987,G4,1,1
1537,4102,G4,1,1
1537,4123,G4,1,1
1537,4139,G4,1,1
1537,4161,"G4,H1",2,2
1537,4163,G4,1,1
1538,1935,G4,1,1
1538,2105,G4,1,1
1538,2110,G4,1,1
1538,2185,"A3,G4",2,2
1538,2198,"B8,G4",2,2
1538,2261,,0,0
1538,2294,G4,1,1
1538,2312,B8,1,1
1538,2534,A3,1,1
1538,2854,"A3,B8,B9,G4",4,3
1538,3069,G4,1,1
1538,3072,G4,1,1
1538,3102,G4,1,1
1538,3103,G4,1,1
1538,3182,G4,1,1
1538,3315,G4,1,1
1538,3321,G4,1,1
1538,3325,G4,1,1
1538,3327,G4,1,1
1538,3388,,0,0
1538,3774,G4,1,1
1538,3988,G4,1,1
1538,4023,,0,0
1538,4103,G4,1,1
1538,4129,"A3,G4",2,2
1538,4144,G4,1,1
1538,4149,G4,1,1
1538,4160,G4,1,1
1539,1895,G4,1,1
1539,1936,G4,1,1
1539,1979,G4,1,1
1539,2101,G4,1,1
1539,2129,G4,1,1
1539,2152,"B8,B9,G4",3,2
1539,2159,G4,1,1
1539,2194,G4,1,1
1539,2208,"A3,G4",2,2
1539,2385,"B8,G4",2,2
1539,2416,G4,1,1
1539,2580,"A3,G4",2,2
1539,2859,G4,1,1
1539,2864,"B8,B9,G4",3,2
1539,3046,,0,0
1539,3086,G4,1,1
1539,3088,G4,1,1
1539,3101,"A3,G4",2,2
1539,3142,"B8,G4",2,2
1539,3211,"B8,C3,G4",3,3
1539,3221,G4,1,1
1539,3259,G4,1,1
1539,3307,G4,1,1
1539,3378,G4,1,1
1539,3381,G4,1,1
1539,3476,G4,1,1
1539,3486,G4,1,1
1539,3489,G4,1,1
1539,3691,G4,1,1
1539,3698,G4,1,1
1539,3711,G4,1,1
1539,3735,,0,0
1539,3745,"B8,G4",2,2
1539,3755,G4,1,1
1539,4004,"B8,G4",2,2
1539,4044,G4,1,1
1539,4124,G4,1,1
1539,4127,G4,1,1
1539,4137,"A3,G4",2,2
1539,4154,G4,1,1
1539,4266,G4,1,1
1539,4469,G4,1,1
1540,1896,"A3,G4",2,2
1540,1977,G4,1,1
1540,2108,,0,0
1540,2118,G4,1,1
1540,2166,"A3,G4",2,2
1540,2179,G4,1,1
1540,2187,G4,1,1
1540,2193,"A3,G4",2,2
1540,2220,G4,1,1
1540,2253,G4,1,1
1540,2259,G4,1,1
1540,2276,G4,1,1
1540,2296,G4,1,1
1540,2319,G4,1,1
1540,2429,G4,1,1
1540,2512,G4,1,1
1540,2555,G4,1,1
1540,2852,"B8,B9,G4",3,2
1540,2918,G4,1,1
1540,3077,G4,1,1
1540,3085,G4,1,1
1540,3095,G4,1,1
1540,3098,G4,1,1
1540,3106,,0,0
1540,3120,,0,0
1540,3151,G4,1,1
1540,3195,G4,1,1
1540,3255,,0,0
1540,3309,G4,1,1
1540,3389,,0,0
1540,3391,,0,0
1540,3778,"A3,G4",2,2
1540,3806,G4,1,1
1540,3807,G4,1,1
1540,3994,"A3,G4",2,2
1540,3995,"B8,G4",2,2
1540,4024,G4,1,1
1540,4026,"B8,G4",2,2
1540,4105,"B8,G4",2,2
1540,4118,G4,1,1
1540,4122,G4,1,1
1540,4125,G4,1,1
1540,4152,G4,1,1
1540,4424,G4,1,1
1593,1905,"B8,G4",2,2
1593,1938,,0,0
1593,1964,G4,1,1
1593,2020,A3,1,1
1593,3054,G4,1,1
1593,3083,G4,1,1
1593,3093,,0,0
1593,3171,"A3,G4",2,2
1593,3176,,0,0
1593,3181,,0,0
1593,3197,G4,1,1
1593,3213,G4,1,1
1593,3276,G4,1,1
1593,3328,,0,0
1593,3333,G4,1,1
1593,3355,G4,1,1
1593,3384,,0,0
1593,3388,A3,1,1
1593,3399,G4,1,1
1593,3498,G4,1,1
1593,3544,,0,0
1593,3620,G4,1,1
1593,3698,G4,1,1
1593,3713,"A3,G4",2,2
1593,3988,G4,1,1
1593,3993,,0,0
1593,4061,,0,0
1593,4109,G4,1,1
1593,4129,G4,1,1
1593,4145,"A3,G4",2,2
1593,4148,G4,1,1
1593,4153,G4,1,1
1593,4154,G4,1,1
1593,4159,G4,1,1
1593,4187,,0,0
1593,4227,G4,1,1
1593,4236,G4,1,1
1593,4354,,0,0
1593,7122,G4,1,1
1593,7142,G4,1,1
1593,7159,G4,1,1
1593,7166,G4,1,1
1593,7175,G4,1,1
1594,1903,G4,1,1
1594,1979,G4,1,1
1594,2007,G4,1,1
1594,2013,,0,0
1594,3057,G4,1,1
1594,3080,"G4,H1",2,2
1594,3102,G4,1,1
1594,3105,,0,0
1594,3112,G4,1,1
1594,3145,G4,1,1
1594,3155,G4,1,1
1594,3157,G4,1,1
1594,3230,G4,1,1
1594,3236,G4,1,1
1594,3237,G4,1,1
1594,3259,,0,0
1594,3277,G4,1,1
1594,3315,,0,0
1594,3327,"A3,G4",2,2
1594,3341,G4,1,1
1594,3379,G4,1,1
1594,3387,G4,1,1
1594,3418,G4,1,1
1594,3486,G4,1,1
1594,3489,G4,1,1
1594,3691,G4,1,1
1594,3704,G4,1,1
1594,3710,"A3,G4",2,2
1594,3778,,0,0
1594,4137,G4,1,1
1594,4155,G4,1,1
1594,4166,G4,1,1
1594,4191,G4,1,1
1594,4207,"A3,B8,G4",3,3
1594,4208,G4,1,1
1594,4213,"A3,G4",2,2
1594,4258,G4,1,1
1594,4267,G4,1,1
1594,4312,,0,0
1594,4337,G4,1,1
1594,4367,"A3,G4",2,2
1594,4372,G4,1,1
1594,4431,G4,1,1
1594,4432,G4,1,1
1594,4477,"B8,G4",2,2
1594,4478,G4,1,1
1594,7116,G4,1,1
1594,7123,G4,1,1
1594,7125,G4,1,1
1594,7151,,0,0
1594,7235,G4,1,1
1595,1984,G4,1,1
1595,1992,,0,0
1595,2681,G4,1,1
1595,3070,G4,1,1
1595,3075,G4,1,1
1595,3077,"A3,G4",2,2
1595,3091,"B8,G4",2,2
1595,3103,G4,1,1
1595,3106,B8,1,1
1595,3130,G4,1,1
1595,3149,,0,0
1595,3169,G4,1,1
1595,3190,"B8,G4",2,2
1595,3232,,0,0
1595,3239,,0,0
1595,3310,,0,0
1595,3339,,0,0
1595,3343,G4,1,1
1595,3345,G4,1,1
1595,3358,,0,0
1595,3378,,0,0
1595,3394,B8,1,1
1595,3522,"A3,G4",2,2
1595,3714,G4,1,1
1595,3716,G4,1,1
1595,3751,,0,0
1595,3753,G4,1,1
1595,3755,G4,1,1
1595,3774,,0,0
1595,4128,"A3,B8,G4",3,3
1595,4131,,0,0
1595,4174,G4,1,1
1595,4175,G4,1,1
1595,4189,"B8,G4",2,2
1595,4198,,0,0
1595,4228,G4,1,1
1595,4264,B8,1,1
1595,4266,,0,0
1595,4347,G4,1,1
1595,4384,G4,1,1
1595,4443,,0,0
1595,4470,,0,0
1595,4496,"A3,G4",2,2
1595,7126,G4,1,1
1595,7134,,0,0
1595,7168,B4,1,1
1595,7176,"A3,G4",2,2
1595,7186,G4,1,1
1596,1901,G4,1,1
1596,1902,,0,0
1596,1924,,0,0
1596,1928,,0,0
1596,1958,,0,0
1596,2031,G4,1,1
1596,3011,,0,0
1596,3044,"B8,G4",2,2
1596,3079,,0,0
1596,3134,G4,1,1
1596,3156,G4,1,1
1596,3164,"A3,G4",2,2
1596,3179,G4,1,1
1596,3202,"A2,G4",2,2
1596,3305,,0,0
1596,3349,,0,0
1596,3419,,0,0
1596,3703,B8,1,1
1596,3705,B8,1,1
1596,3729,,0,0
1596,3776,G4,1,1
1596,3806,,0,0
1596,4083,G4,1,1
1596,4119,"B8,G4",2,2
1596,4123,G4,1,1
1596,4127,"A3,G4",2,2
1596,4138,"A3,G4",2,2
1596,4139,,0,0
1596,4146,G4,1,1
1596,4157,G4,1,1
1596,4183,G4,1,1
1596,4194,"A3,G4",2,2
1596,4240,G4,1,1
1596,4369,G4,1,1
1596,4382,G4,1,1
1596,4414,G4,1,1
1596,5998,G4,1,1
1596,6165,,0,0
1596,7103,G4,1,1
1596,7114,G4,1,1
1596,7148,G4,1,1
1596,7180,G4,1,1
1596,7212,G4,1,1
1597,1318,,0,0
1597,1896,"B8,G4",2,2
1597,1908,G4,1,1
1597,1920,"B8,G4",2,2
1597,1923,"B8,G4",2,2
1597,1926,"B8,G4",2,2
1597,1935,B8,1,1
1597,1947,B8,1,1
1597,3053,"A2,G4",2,2
1597,3066,"B8,G4",2,2
1597,3076,"A2,G4",2,2
1597,3085,"B8,B9",2,1
1597,3089,"A3,B8,G4",3,3
1597,3095,"A2,G4",2,2
1597,3100,"B8,G4",2,2
1597,3126,B8,1,1
1597,3131,B8,1,1
1597,3143,B4,1,1
1597,3148,G4,1,1
1597,3151,G4,1,1
1597,3184,"B8,G4",2,2
1597,3194,"B8,G4",2,2
1597,3207,"B8,G4",2,2
1597,3215,G4,1,1
1597,3225,"B8,G4",2,2
1597,3228,"B8,G4",2,2
1597,3255,"A2,G4",2,2
1597,3263,"A2,G4",2,2
1597,3264,B4,1,1
1597,3348,G4,1,1
1597,3425,"B8,G4",2,2
1597,3441,B8,1,1
1597,3443,"B8,G4",2,2
1597,3503,"B8,G4",2,2
1597,3699,G4,1,1
1597,3754,,0,0
1597,3796,"B8,G4",2,2
1597,3807,B8,1,1
1597,3994,G4,1,1
1597,3995,G4,1,1
1597,4013,"A2,G4",2,2
1597,4066,B8,1,1
1597,4099,"B8,G4",2,2
1597,4108,,0,0
1597,4132,G4,1,1
1597,4140,"A3,B8,G4",3,3
1597,4163,"A3,G4",2,2
1597,4168,"B8,G4",2,2
1597,4188,G4,1,1
1597,4216,"B8,G4",2,2
1597,4225,G4,1,1
1597,4357,B8,1,1
1597,4387,"A3,G4",2,2
1597,4483,G4,1,1
1597,6024,,0,0
1597,7105,,0,0
1597,7106,"B8,G4",2,2
1597,7112,"B8,G4",2,2
1597,7181,G4,1,1
1597,7185,"B8,G4",2,2
1597,7211,,0,0
1598,1895,"B8,G4",2,2
1598,1918,G4,1,1
1598,1922,"A3,B8,G4",3,3
1598,1930,"A3,G4",2,2
1598,1978,"B8,G4",2,2
1598,2002,B8,1,1
1598,2051,"A3,G4",2,2
1598,3030,G4,1,1
1598,3097,,0,0
1598,3113,"B8,G4",2,2
1598,3138,,0,0
1598,3170,,0,0
1598,3192,"B8,G4",2,2
1598,3193,"B8,G4",2,2
1598,3201,"B8,G4",2,2
1598,3221,"B8,G4",2,2
1598,3234,"B8,G4",2,2
1598,3242,"A2,G4",2,2
1598,3245,"A2,G4",2,2
1598,3304,"B8,G4",2,2
1598,3307,,0,0
1598,3313,G4,1,1
1598,3350,"B8,B9",2,1
1598,3351,B8,1,1
1598,3359,"A3,B8,G4",3,3
1598,3374,"A3,B8",2,2
1598,3389,"A2,A3",2,1
1598,3393,A2,1,1
1598,3476,G4,1,1
1598,3484,A2,1,1
1598,3570,G4,1,1
1598,3652,G4,1,1
1598,3656,"A3,B8,G4",3,3
1598,3658,"B8,G4",2,2
1598,3706,B8,1,1
1598,3828,,0,0
1598,4000,G4,1,1
1598,4011,,0,0
1598,4124,"B8,G4",2,2
1598,4151,G4,1,1
1598,4162,G4,1,1
1598,4351,"A3,B8,B9",3,2
1598,4366,,0,0
1598,4375,,0,0
1598,4379,,0,0
1598,4389,B8,1,1
1598,4472,,0,0
1598,4487,,0,0
1598,5008,,0,0
1598,5029,G4,1,1
1598,5167,"A3,B8",2,2
1598,5687,,0,0
1598,5817,,0,0
1598,6367,G4,1,1
1598,6435,,0,0
1598,6444,"B8,G4",2,2
1598,6523,"B8,G4",2,2
1598,7097,G4,1,1
1598,7111,A2,1,1
1598,7121,"A3,B8",2,2
1598,7163,,0,0
1598,7171,G4,1,1
1598,7196,B8,1,1
1598,7571,G4,1,1
1598,7578,"A3,G4",2,2
1598,7636,B8,1,1
1598,7648,"A3,B8,G4",3,3
1599,1591,"B8,G4",2,2
1599,1910,G4,1,1
1599,1914,G4,1,1
1599,1917,"A2,B8,G4",3,3
1599,1927,"B8,G4",2,2
1599,1934,A2,1,1
1599,1950,,0,0
1599,1986,B8,1,1
1599,2016,,0,0
1599,2023,A3,1,1
1599,2038,,0,0
1599,2636,"A3,B8,G4",3,3
1599,3071,"B8,G4",2,2
1599,3082,G4,1,1
1599,3084,G4,1,1
1599,3087,G4,1,1
1599,3092,G4,1,1
1599,3115,"A2,G4",2,2
1599,3135,"B8,G4",2,2
1599,3137,G4,1,1
1599,3195,"B8,G4",2,2
1599,3209,"B8,G4",2,2
1599,3216,"B8,G4",2,2
1599,3224,"A2,G4",2,2
1599,3235,"B8,G4",2,2
1599,3247,"B8,G4",2,2
1599,3308,,0,0
1599,3309,,0,0
1599,3314,,0,0
1599,3324,G4,1,1
1599,3325,,0,0
1599,3331,,0,0
1599,3337,B8,1,1
1599,3342,"B8,G4",2,2
1599,3347,"B8,G4",2,2
1599,3353,"B8,G4",2,2
1599,3368,A2,1,1
1599,3371,"B8,G4",2,2
1599,3375,"B8,G4",2,2
1599,3380,"B8,G4",2,2
1599,3434,"A2,G4",2,2
1599,3495,,0,0
1599,3512,G4,1,1
1599,3721,"B8,G4",2,2
1599,3750,,0,0
1599,4001,"A2,A3,G4",3,2
1599,4097,"A2,G4",2,2
1599,4149,"B8,G4",2,2
1599,4171,G4,1,1
1599,4179,G4,1,1
1599,4203,G4,1,1
1599,4206,G4,1,1
1599,4210,"B8,G4",2,2
1599,4211,,0,0
1599,4212,"A2,G4",2,2
1599,4223,G4,1,1
1599,4230,A2,1,1
1599,4358,,0,0
1599,4378,"B8,G4",2,2
1599,4380,"B8,G4,H1",3,3
1599,4476,"B8,G4",2,2
1599,4481,,0,0
1599,5041,G4,1,1
1599,5668,"B8,G4",2,2
1599,6080,,0,0
1599,6345,"B8,G4",2,2
1599,6351,G4,1,1
1599,6412,"B8,B9,G4",3,2
1599,6414,"A2,G4",2,2
1599,6434,,0,0
1599,6499,,0,0
1599,7107,"B8,G4",2,2
1599,7127,"B8,G4",2,2
1599,7136,"A2,G4",2,2
1599,7161,,0,0
1599,7174,G4,1,1
1599,7178,G4,1,1
1599,7502,"B8,G4",2,2
1599,7589,G4,1,1
1599,7592,"A3,G4",2,2
1599,7594,G4,1,1
1599,7596,"B8,G4",2,2
1599,7617,,0,0
1599,7653,,0,0
1599,7656,G4,1,1
1599,7660,,0,0
1599,7671,"B8,G4",2,2
1600,1952,"B8,G4",2,2
1600,2011,,0,0
1600,2034,,0,0
1600,3046,"B8,G4",2,2
1600,3064,G4,1,1
1600,3081,G4,1,1
1600,3104,,0,0
1600,3124,G4,1,1
1600,3142,"A2,G4",2,2
1600,3166,,0,0
1600,3182,"B8,G4",2,2
1600,3198,"B8,G4",2,2
1600,3222,"A2,G4",2,2
1600,3231,,0,0
1600,3265,B8,1,1
1600,3269,"B8,G4",2,2
1600,3306,"A3,G4",2,2
1600,3317,,0,0
1600,3362,"B8,G4",2,2
1600,3367,"A2,A3",2,1
1600,3370,A2,1,1
1600,3381,"A2,A3",2,1
1600,3390,A2,1,1
1600,3488,G4,1,1
1600,3546,B8,1,1
1600,3651,G4,1,1
1600,3657,B8,1,1
1600,3697,G4,1,1
1600,3738,"B8,G4",2,2
1600,3858,B8,1,1
1600,4004,G4,1,1
1600,4101,"B8,G4",2,2
1600,4103,"B8,G4",2,2
1600,4106,"B8,B9,G4",3,2
1600,4113,"B8,G4",2,2
1600,4122,"A3,G4",2,2
1600,4150,A3,1,1
1600,4214,"B8,G4",2,2
1600,4219,G4,1,1
1600,4469,"B8,G4",2,2
1600,5647,"A2,B8",2,2
1600,6343,,0,0
1600,6404,,0,0
1600,6411,,0,0
1600,6427,B8,1,1
1600,6439,B8,1,1
1600,6549,"A3,B8",2,2
1600,7098,"B8,G4",2,2
1600,7118,"A3,B8,G4",3,3
1600,7119,"B8,G4",2,2
1600,7138,"B8,G4",2,2
1600,7162,,0,0
1600,7169,,0,0
1600,7190,"B8,G4",2,2
1600,7195,,0,0
1600,7598,"B8,B9",2,1
1600,7603,B8,1,1
1600,7605,"B8,G4",2,2
1600,7616,B8,1,1
1600,7650,B8,1,1
1600,7651,"B8,G4",2,2
1601,1904,"B8,G4",2,2
1601,1936,"B8,G4",2,2
1601,1937,,0,0
1601,1998,G4,1,1
1601,2024,,0,0
1601,3031,B8,1,1
1601,3086,G4,1,1
1601,3090,G4,1,1
1601,3139,"A3,B8,G4",3,3
1601,3140,"A3,B8,G4",3,3
1601,3188,"B8,G4",2,2
1601,3240,"B8,G4",2,2
1601,3243,"B8,G4",2,2
1601,3246,"B8,G4",2,2
1601,3311,B8,1,1
1601,3322,A3,1,1
1601,3334,"B8,G4",2,2
1601,3376,"B8,G4",2,2
1601,3385,"B8,G4",2,2
1601,3391,"B8,G4",2,2
1601,3435,G4,1,1
1601,3481,"B8,G4",2,2
1601,3645,B8,1,1
1601,3712,G4,1,1
1601,3745,"B8,G4",2,2
1601,3749,G4,1,1
1601,3759,"B8,G4",2,2
1601,3798,"B8,G4",2,2
1601,4007,"A3,G4",2,2
1601,4060,A3,1,1
1601,4105,B8,1,1
1601,4116,"A3,G4",2,2
1601,4118,,0,0
1601,4120,"B8,C1,G4",3,3
1601,4143,"B8,G4",2,2
1601,4161,"B8,G4",2,2
1601,4176,"B8,G4",2,2
1601,4224,"B8,G4",2,2
1601,4368,G4,1,1
1601,4377,"A3,G4",2,2
1601,5090,"B8,G4",2,2
1601,7124,"B8,G4",2,2
1601,7139,B8,1,1
1601,7154,"B8,G4",2,2
1601,7158,,0,0
1601,7160,,0,0
1601,7165,G4,1,1
1601,7204,G4,1,1
1601,7216,B8,1,1
1602,1931,,0,0
1602,1939,,0,0
1602,1980,,0,0
1602,3058,"B8,G4",2,2
1602,3060,G4,1,1
1602,3088,"A3,B8,G4",3,3
1602,3098,,0,0
1602,3111,"B8,G4",2,2
1602,3117,"B8,G4",2,2
1602,3119,G4,1,1
1602,3122,"A3,B8,G4",3,3
1602,3136,"B8,G4",2,2
1602,3144,"B8,G4",2,2
1602,3191,"B8,G4",2,2
1602,3196,"A3,G4",2,2
1602,3233,"B8,G4",2,2
1602,3238,"B8,G4",2,2
1602,3273,"B8,G4",2,2
1602,3320,,0,0
1602,3323,A3,1,1
1602,3330,A3,1,1
1602,3344,G4,1,1
1602,3417,A3,1,1
1602,3483,"B8,G4",2,2
1602,3650,"A3,B8,G4",3,3
1602,3709,"B8,G4",2,2
1602,3985,"B8,G4",2,2
1602,4125,G4,1,1
1602,4134,"B8,G4",2,2
1602,4144,"B8,G4",2,2
1602,4370,"B8,G4",2,2
1602,4446,G4,1,1
1602,4518,G4,1,1
1602,4781,G4,1,1
1602,5664,G4,1,1
1602,7101,G4,1,1
1602,7102,G4,1,1
1602,7130,"B8,G4",2,2
1602,7164,"B8,G4",2,2
1602,7167,"B8,G4",2,2
1602,7188,"B8,G4",2,2
1603,2038,A3,1,1
1603,2192,"B8,G4",2,2
1603,2198,"B8,G4",2,2
1603,2384,G4,1,1
1603,2390,G4,1,1
1603,2396,"A2,B8,G4",3,3
1603,2625,B8,1,1
1603,3046,"A2,B8,G4",3,3
1603,3079,B8,1,1
1603,3086,"B8,G4",2,2
1603,3088,"B8,G4",2,2
1603,3104,"A2,B8",2,2
1603,3111,B8,1,1
1603,3122,G4,1,1
1603,3145,G4,1,1
1603,3182,"B8,G4",2,2
1603,3183,"B8,G4",2,2
1603,3184,"B8,G4",2,2
1603,3194,"B8,G4",2,2
1603,3215,"B8,G4",2,2
1603,3235,G4,1,1
1603,3237,G4,1,1
1603,3243,G4,1,1
1603,3265,G4,1,1
1603,3273,G4,1,1
1603,3275,G4,1,1
1603,3311,,0,0
1603,3317,,0,0
1603,3339,G4,1,1
1603,3351,"B8,G4",2,2
1603,3381,"A3,G4",2,2
1603,3477,"B8,G4",2,2
1603,3495,"B8,G4",2,2
1603,3522,G4,1,1
1603,3698,"B8,G4",2,2
1603,3712,"B8,G4",2,2
1603,3713,"B8,G4",2,2
1603,3729,G4,1,1
1603,3737,,0,0
1603,3746,B8,1,1
1603,3798,"B8,G4",2,2
1604,1996,B8,1,1
1604,2387,"B8,G4",2,2
1604,2397,"B8,G4",2,2
1604,2411,"B8,G4",2,2
1604,3030,"B8,G4,H1",3,3
1604,3058,"B8,G4",2,2
1604,3076,"B8,G4",2,2
1604,3082,G4,1,1
1604,3103,"B8,G4",2,2
1604,3151,"B8,G4",2,2
1604,3181,"A3,B8",2,2
1604,3224,"B8,G4",2,2
1604,3233,"B8,G4",2,2
1604,3241,"A2,B8,G4",3,3
1604,3247,G4,1,1
1604,3264,"B4,B8",2,1
1604,3271,"A3,G4",2,2
1604,3368,G4,1,1
1604,3434,"B8,G4",2,2
1604,3476,"B8,G4",2,2
1604,3650,"B8,G4",2,2
1604,3657,"A2,B9,G4",3,3
1604,3699,"B8,G4",2,2
1604,3738,"B8,G4",2,2
1604,3776,,0,0
1604,3792,A3,1,1
1605,1904,"B8,G4",2,2
1605,1936,"A2,B8,G4",3,3
1605,1984,B8,1,1
1605,2382,"A2,B8,G4",3,3
1605,2391,"A2,B8",2,2
1605,2405,A3,1,1
1605,3070,"A2,B8,G4",3,3
1605,3071,"A2,B8,G4",3,3
1605,3083,"A2,B8,G4",3,3
1605,3091,"A2,B8,G4",3,3
1605,3124,"A2,B8,G4",3,3
1605,3196,"A2,B8,G4",3,3
1605,3228,G4,1,1
1605,3236,"A2,B8,G4",3,3
1605,3309,"A2,B8,G4",3,3
1605,3324,"A2,B8",2,2
1605,3331,"A2,B8",2,2
1605,3334,"A2,B8,G4",3,3
1605,3337,"A2,B8",2,2
1605,3484,,0,0
1605,3512,"A2,B8,G4",3,3
1605,3645,"A2,B8,G4",3,3
1605,3705,"A3,B8,G4",3,3
1605,3745,"A2,B8,G4",3,3
1605,3755,"B8,G4",2,2
1605,3774,A2,1,1
1606,1917,"A3,B8,G4",3,3
1606,1998,G4,1,1
1606,2389,G4,1,1
1606,2511,"A3,H1",2,2
1606,2554,G4,1,1
1606,3087,G4,1,1
1606,3095,G4,1,1
1606,3098,G4,1,1
1606,3113,G4,1,1
1606,3117,,0,0
1606,3144,"A3,G4",2,2
1606,3213,G4,1,1
1606,3219,G4,1,1
1606,3308,G4,1,1
1606,3361,"A3,G4",2,2
1606,3373,,0,0
1606,3652,G4,1,1
1606,3716,G4,1,1
1606,3759,,0,0
1606,3778,,0,0
1606,3807,A3,1,1
1606,3828,G4,1,1
1607,1901,,0,0
1607,1905,G4,1,1
1607,1952,"B8,G4",2,2
1607,2011,G4,1,1
1607,2398,"A3,G4",2,2
1607,2510,G4,1,1
1607,2681,G4,1,1
1607,3060,G4,1,1
1607,3080,"G4,H1",2,2
1607,3093,G4,1,1
1607,3100,,0,0
1607,3125,,0,0
1607,3138,B8,1,1
1607,3259,G4,1,1
1607,3313,G4,1,1
1607,3330,"A3,G4",2,2
1607,3353,G4,1,1
1607,3380,A3,1,1
1607,3388,G4,1,1
1607,3435,G4,1,1
1607,3656,G4,1,1
1607,3697,G4,1,1
1607,3710,"A3,G4",2,2
1608,1466,"B8,G4",2,2
1608,2385,"B8,G4",2,2
1608,2400,,0,0
1608,2580,G4,1,1
1608,3064,"B8,G4",2,2
1608,3065,G4,1,1
1608,3081,G4,1,1
1608,3090,G4,1,1
1608,3097,"A2,A3,G4",3,2
1608,3102,G4,1,1
1608,3140,G4,1,1
1608,3221,"B8,G4",2,2
1608,3244,"B8,G4",2,2
1608,3306,"A3,G4",2,2
1608,3341,,0,0
1608,3342,"B8,G4",2,2
1608,3343,"A3,G4",2,2
1608,3347,G4,1,1
1608,3447,"B8,G4",2,2
1608,3570,"B8,B9,G4",3,2
1608,3691,"B8,G4",2,2
1608,3704,B8,1,1
1609,1903,"A3,G4",2,2
1609,1928,G4,1,1
1609,3066,"B8,G4",2,2
1609,3092,"B8,C1,G4",3,3
1609,3105,B8,1,1
1609,3139,"A3,B8,G4",3,3
1609,3148,,0,0
1609,3222,,0,0
1609,3255,"B8,G4",2,2
1609,3344,"B8,G4",2,2
1609,3348,"A3,B8,G4",3,3
1609,3385,"B8,G4",2,2
1609,3387,"B8,G4",2,2
1609,3390,"B8,G4",2,2
1609,3425,"B8,G4",2,2
1609,3651,"B8,G4",2,2
1609,3706,,0,0
1609,3714,,0,0
1610,1591,G4,1,1
1610,1947,G4,1,1
1610,2407,G4,1,1
1610,2463,G4,1,1
1610,3053,G4,1,1
1610,3063,G4,1,1
1610,3077,G4,1,1
1610,3115,G4,1,1
1610,3130,,0,0
1610,3225,G4,1,1
1610,3240,G4,1,1
1610,3246,G4,1,1
1610,3307,,0,0
1610,3355,G4,1,1
1610,3376,G4,1,1
1610,3379,G4,1,1
1610,3393,G4,1,1
1610,3394,G4,1,1
1610,3544,G4,1,1
1610,3658,G4,1,1
1610,3709,G4,1,1
1610,3750,G4,1,1
1611,1895,G4,1,1
1611,1920,"A3,B4,B8,G4",4,3
1611,2002,B8,1,1
1611,2051,G4,1,1
1611,2388,G4,1,1
1611,2393,G4,1,1
1611,3075,G4,1,1
1611,3084,G4,1,1
1611,3085,"B8,G4",2,2
1611,3106,,0,0
1611,3126,,0,0
1611,3131,,0,0
1611,3155,,0,0
1611,3171,,0,0
1611,3190,G4,1,1
1611,3201,G4,1,1
1611,3245,G4,1,1
1611,3345,G4,1,1
1611,3488,G4,1,1
1611,3620,"A4,B4,G4",3,3
1611,3703,,0,0
1611,3751,,0,0
1611,3754,G4,1,1
1611,3806,G4,1,1
1613,1895,B8,1,1
1613,2122,"B8,G4",2,2
1613,2165,B8,1,1
1613,2223,B8,1,1
1613,2237,"B8,G4",2,2
1613,2265,B8,1,1
1613,2314,"B8,G4",2,2
1613,2478,"B8,G4",2,2
1613,2874,B8,1,1
1613,3315,B8,1,1
1613,3353,"B8,G4",2,2
1613,3355,"B8,G4",2,2
1613,3570,"B8,G4",2,2
1613,4225,"B8,G4",2,2
1613,4258,"B8,G4",2,2
1613,4337,"B8,G4",2,2
1613,4368,"B8,G4",2,2
1613,4432,"B8,G4",2,2
1614,1927,"B8,G4",2,2
1614,2101,B8,1,1
1614,2110,"B8,G4",2,2
1614,2123,"B8,G4",2,2
1614,2193,"B8,G4",2,2
1614,2258,G4,1,1
1614,2289,"B8,G4",2,2
1614,2336,B8,1,1
1614,2382,"B8,G4",2,2
1614,2387,"B8,G4",2,2
1614,2391,"B8,G4",2,2
1614,2432,B8,1,1
1614,2510,"B8,G4",2,2
1614,2806,"B8,G4",2,2
1614,2833,"B8,G4",2,2
1614,2889,B8,1,1
1614,3131,B8,1,1
1614,3263,"B8,G4",2,2
1614,3311,"B8,G4",2,2
1614,3325,"B8,G4",2,2
1614,3418,A3,1,1
1614,4004,G4,1,1
1614,4011,B8,1,1
1614,4027,"B8,G4",2,2
1614,4061,B8,1,1
1614,4066,"B8,G4",2,2
1614,4230,"B4,B8",2,1
1614,4377,,0,0
1614,4469,"B8,G4",2,2
1614,4487,,0,0
1615,1466,"B8,G4",2,2
1615,2011,"A2,G4",2,2
1615,2137,"B8,G4",2,2
1615,2162,A3,1,1
1615,2200,"B8,G4",2,2
1615,2224,"B8,G4",2,2
1615,2281,"A3,G4",2,2
1615,2288,G4,1,1
1615,2301,"A3,G4",2,2
1615,2312,"A2,B8",2,2
1615,2384,"B8,G4",2,2
1615,2423,"A2,G4",2,2
1615,2815,,0,0
1615,2822,A2,1,1
1615,2852,"B8,G4",2,2
1615,2855,,0,0
1615,2918,"B8,G4",2,2
1615,2960,"B11,B8,G4",3,2
1615,3111,B8,1,1
1615,3307,B8,1,1
1615,3308,"B11,B8",2,1
1615,3313,"A2,B11,B8,G4",4,3
1615,3314,"B8,E1",2,2
1615,3331,B8,1,1
1615,3345,G4,1,1
1615,4026,"A2,B4,B8,G4",4,3
1615,4212,"A2,A3,G4",3,2
1615,4216,"B8,G4",2,2
1615,4367,"B8,G4",2,2
1615,4379,B8,1,1
1615,4431,"B8,G4",2,2
1616,1934,"B8,G4",2,2
1616,1986,B8,1,1
1616,2145,B8,1,1
1616,2176,A3,1,1
1616,2190,"B8,G4",2,2
1616,2199,B8,1,1
1616,2212,"B8,G4",2,2
1616,2225,"B8,G4",2,2
1616,2283,"B8,G4",2,2
1616,2323,"A3,B8,G4",3,3
1616,2388,"B8,G4",2,2
1616,2580,"A3,G4",2,2
1616,2827,"B8,G4",2,2
1616,3130,"A3,G4",2,2
1616,3144,"B8,G4",2,2
1616,3337,B8,1,1
1616,3343,"B8,G4",2,2
1616,3344,"A3,B8,G4",3,3
1616,3350,B8,1,1
1616,3425,G4,1,1
1616,3495,"B8,G4",2,2
1616,4040,B8,1,1
1616,4267,"A3,B8",2,2
1616,4378,A3,1,1
1616,4485,"A3,B8,G4",3,3
1617,1923,"B8,G4",2,2
1617,2002,"B8,G4",2,2
1617,2132,,0,0
1617,2144,"B8,G4",2,2
1617,2227,"B8,G4",2,2
1617,2239,"B8,G4",2,2
1617,2266,"A3,B8,G4",3,3
1617,2275,G4,1,1
1617,2296,G4,1,1
1617,2428,G4,1,1
1617,2430,G4,1,1
1617,2535,"B8,G4",2,2
1617,2587,"B8,G4",2,2
1617,2830,B8,1,1
1617,2936,"B8,G4",2,2
1617,2952,B8,1,1
1617,3348,"A3,B8,G4",3,3
1617,3473,,0,0
1617,4001,"B8,G4",2,2
1617,4044,B8,1,1
1617,4211,B8,1,1
1617,4235,"B8,G4",2,2
1618,1992,B8,1,1
1618,2117,"B8,G4",2,2
1618,2201,,0,0
1618,2219,G4,1,1
1618,2261,G4,1,1
1618,2267,G4,1,1
1618,2315,G4,1,1
1618,2325,G4,1,1
1618,2385,"A3,G4",2,2
1618,2397,"B8,G4",2,2
1618,2422,"A3,G4",2,2
1618,2433,G4,1,1
1618,2808,A3,1,1
1618,2812,,0,0
1618,3264,,0,0
1618,4033,"B8,G4",2,2
1618,4461,"A3,G4",2,2
1620,1978,G4,1,1
1620,2112,,0,0
1620,2118,,0,0
1620,2167,A3,1,1
1620,2187,,0,0
1620,2198,G4,1,1
1620,2208,,0,0
1620,2213,G4,1,1
1620,2229,,0,0
1620,2246,A3,1,1
1620,2249,,0,0
1620,2253,,0,0
1620,2255,,0,0
1620,2294,G4,1,1
1620,2303,G4,1,1
1620,2316,G4,1,1
1620,2322,G4,1,1
1620,2390,G4,1,1
1620,2396,G4,1,1
1620,2407,G4,1,1
1620,2429,G4,1,1
1620,2463,G4,1,1
1620,2817,,0,0
1620,2819,G4,1,1
1620,3138,B8,1,1
1620,3306,,0,0
1620,3334,G4,1,1
1620,3347,G4,1,1
1620,4041,G4,1,1
1620,4073,,0,0
1620,4206,G4,1,1
1620,4210,G4,1,1
1620,4213,G4,1,1
1620,4219,G4,1,1
1620,4227,G4,1,1
1620,4236,G4,1,1
1620,4347,G4,1,1
1620,4354,G4,1,1
1620,4380,G4,1,1
1620,4446,G4,1,1
1621,1896,"A3,B8,G4",3,3
1621,1922,"B8,G4",2,2
1621,1924,"B8,G4",2,2
1621,1926,G4,1,1
1621,2131,"B8,G4",2,2
1621,2181,B8,1,1
1621,2185,"A3,B8",2,2
1621,2238,"B8,G4",2,2
1621,2259,B8,1,1
1621,2268,G4,1,1
1621,2299,G4,1,1
1621,2311,,0,0
1621,2318,G4,1,1
1621,2319,B8,1,1
1621,2366,G4,1,1
1621,2400,,0,0
1621,2405,,0,0
1621,2425,"B8,G4",2,2
1621,2540,"B8,G4",2,2
1621,2561,B8,1,1
1621,2622,G4,1,1
1621,2816,B8,1,1
1621,2825,"B8,G4",2,2
1621,2881,"B8,G4",2,2
1621,3117,G4,1,1
1621,3142,B8,1,1
1621,3310,"A3,G4",2,2
1621,3324,B8,1,1
1621,3995,"B8,G4",2,2
1622,1318,,0,0
1622,1914,"B8,G4",2,2
1622,2102,G4,1,1
1622,2134,G4,1,1
1622,2155,G4,1,1
1622,2215,G4,1,1
1622,2220,G4,1,1
1622,2245,,0,0
1622,2306,G4,1,1
1622,2375,G4,1,1
1622,2398,"B8,G4",2,2
1622,2420,"A3,G4",2,2
1622,2511,A3,1,1
1622,2512,G4,1,1
1622,2814,,0,0
1622,2823,G4,1,1
1622,2828,G4,1,1
1622,2832,G4,1,1
1622,2858,G4,1,1
1622,2875,G4,1,1
1622,2888,G4,1,1
1622,3546,,0,0
1622,4060,,0,0
1622,4208,"B8,G4",2,2
1622,4351,G4,1,1
1622,4357,"B8,G4",2,2
1622,4496,G4,1,1
1639,1591,B8,1,1
1639,1919,"A2,B8",2,2
1639,1934,"B8,G4",2,2
1639,2019,"B8,G4",2,2
1639,2179,"B8,G4",2,2
1639,2395,"B8,G4",2,2
1639,2397,"B8,G4",2,2
1639,2398,"B8,G4",2,2
1639,2580,"A3,B8,G4",3,3
1639,2615,B8,1,1
1639,2929,"B8,G4",2,2
1639,3054,"B8,G4",2,2
1639,3058,"B8,G4",2,2
1639,3064,"B8,G4",2,2
1639,3075,"B8,G4",2,2
1639,3079,"B8,G4",2,2
1639,3091,"B8,G4",2,2
1639,3092,"B8,C8,G4",3,3
1639,3196,"B8,G4",2,2
1639,3313,"B8,G4",2,2
1639,3317,"B8,G4",2,2
1639,3324,"B8,C8,G4",3,3
1639,3327,"B8,G4",2,2
1639,3330,"B8,G4",2,2
1639,3399,"B8,G4",2,2
1639,3502,"B8,G4",2,2
1639,3699,"B8,G4",2,2
1639,3754,"A3,B8,G4",3,3
1639,3798,"B8,G4",2,2
1639,3806,"B8,G4",2,2
1639,3855,"B8,G4",2,2
1639,4040,"B8,G4",2,2
1639,4044,"B8,G4",2,2
1639,4102,"B8,G4",2,2
1639,4118,"B8,G4",2,2
1639,4132,"B8,G4",2,2
1639,4152,"B8,G4",2,2
1639,4159,"B8,G4",2,2
1639,4190,"A3,B8,G4",3,3
1639,4194,"B8,G4",2,2
1639,4202,"B8,G4",2,2
1639,4244,B8,1,1
1639,4367,"B8,G4",2,2
1639,4446,"B8,G4",2,2
1639,4476,"B8,G4",2,2
1639,5090,"B8,G4",2,2
1639,5121,"B8,G4",2,2
1639,5179,B8,1,1
1639,5647,B8,1,1
1639,6011,"B8,G4",2,2
1639,6165,"A3,B8,G4",3,3
1639,6351,"B8,G4",2,2
1639,6356,"B8,G4",2,2
1639,6406,"A3,B8,G4",3,3
1639,6422,"B8,G4",2,2
1639,6464,B8,1,1
1639,6488,A3,1,1
1639,7116,B8,1,1
1639,7122,"B8,G4",2,2
1639,7166,"B8,G4",2,2
1639,7229,"B8,G4",2,2
1639,7577,"B8,G4",2,2
1639,7601,"B8,G4",2,2
1639,7606,"B8,G4",2,2
1639,7647,"B8,G4",2,2
1639,7666,"B8,G4",2,2
1639,7690,"B8,G4",2,2
1640,1895,"B8,G4",2,2
1640,1903,"A3,B8,G4",3,3
1640,1914,"B8,G4",2,2
1640,1918,"B8,G4",2,2
1640,1924,"B8,G4",2,2
1640,1928,"B8,G4",2,2
1640,2007,B8,1,1
1640,2011,"B8,G4",2,2
1640,2396,"B8,G4",2,2
1640,2399,"B8,G4",2,2
1640,2510,"B8,G4",2,2
1640,2554,B8,1,1
1640,2830,"B8,G4",2,2
1640,2858,"B8,G4",2,2
1640,3149,"B8,G4",2,2
1640,3198,"A2,A3,B8,C8,G4",5,4
1640,3212,"A3,B8,G4",3,3
1640,3216,,0,0
1640,3240,B8,1,1
1640,3259,"B8,G4",2,2
1640,3320,"B8,G4",2,2
1640,3322,"B8,G4",2,2
1640,3325,"B8,C8,G4",3,3
1640,3421,"B8,G4",2,2
1640,3441,"B8,G4",2,2
1640,3443,"B8,G4",2,2
1640,3546,B8,1,1
1640,3697,"A3,B8,G4",3,3
1640,3713,"B8,G4",2,2
1640,3745,"B8,G4",2,2
1640,3755,"B8,G4",2,2
1640,3964,B8,1,1
1640,4122,"B8,G4",2,2
1640,4123,"B8,G4",2,2
1640,4151,"B8,G4",2,2
1640,4154,"B8,G4",2,2
1640,4199,"B8,C8,G4",3,3
1640,4229,,0,0
1640,4399,B8,1,1
1640,4501,"B8,G4",2,2
1640,5013,B8,1,1
1640,5036,"B8,G4",2,2
1640,5699,B8,1,1
1640,6110,,0,0
1640,6340,B8,1,1
1640,6345,B8,1,1
1640,6404,B8,1,1
1640,7126,"B8,G4",2,2
1640,7138,"B8,G4",2,2
1640,7142,"B8,G4",2,2
1640,7165,B8,1,1
1640,7186,"B8,G4",2,2
1640,7204,"B8,G4",2,2
1640,7502,"A3,B8,G4",3,3
1640,7580,"B8,G4",2,2
1640,7588,B8,1,1
1640,7616,B8,1,1
1640,7626,"B8,G4",2,2
1640,7663,B8,1,1
1640,8180,"B8,G4",2,2
1640,8201,"B8,G4",2,2
1640,9171,"B8,G4",2,2
1640,9189,B8,1,1
1640,9201,"A3,B8,C8,G4,H1",5,5
1640,9666,B8,1,1
1640,9742,"B8,G4",2,2
1640,9775,B8,1,1
1640,9780,"B8,G4",2,2
1640,9786,B8,1,1
1640,9811,B8,1,1
1640,9823,B8,1,1
1640,9889,"B8,G4",2,2
1640,9977,"B8,G4",2,2
1641,1902,,0,0
1641,1905,B8,1,1
1641,1920,"B8,G4",2,2
1641,1923,"B8,G4",2,2
1641,1936,"B8,G4",2,2
1641,1942,"B8,G4",2,2
1641,1979,B8,1,1
1641,2003,"B8,G4",2,2
1641,2172,"B8,G4",2,2
1641,2185,"B8,G4",2,2
1641,2208,"B8,G4",2,2
1641,2390,"B8,G4",2,2
1641,2517,"B8,G4",2,2
1641,2833,"A3,B8,G4",3,3
1641,2855,"B8,G4",2,2
1641,2964,B8,1,1
1641,3046,"B8,G4",2,2
1641,3060,"A2,B8,G4",3,3
1641,3076,"B8,G4",2,2
1641,3093,,0,0
1641,3190,"B8,G4,H1",3,3
1641,3191,"B8,G4",2,2
1641,3215,"A3,B8,G4",3,3
1641,3238,B8,1,1
1641,3245,"B8,G4",2,2
1641,3419,"B8,G4",2,2
1641,3512,"B8,G4",2,2
1641,3705,"A3,B8,G4",3,3
1641,3746,,0,0
1641,3759,"B8,G4",2,2
1641,3776,"B8,G4",2,2
1641,4106,"B8,G4",2,2
1641,4121,"B8,G4",2,2
1641,4160,"B8,C8,G4",3,3
1641,4207,"B8,G4",2,2
1641,4208,"B8,G4",2,2
1641,4210,B8,1,1
1641,4219,"A3,B8,G4",3,3
1641,4227,"B8,G4",2,2
1641,4431,"B8,G4",2,2
1641,4815,B8,1,1
1641,5041,"B8,G4",2,2
1641,5167,B8,1,1
1641,5812,B8,1,1
1641,6151,"B8,G4",2,2
1641,6308,B8,1,1
1641,6344,"B8,G4",2,2
1641,6359,"B8,G4",2,2
1641,6360,"B8,G4",2,2
1641,6423,"B8,G4",2,2
1641,6433,B8,1,1
1641,7121,"B8,G4",2,2
1641,7132,"A3,B8,G4",3,3
1641,7137,"B8,G4",2,2
1641,7160,"B8,G4",2,2
1641,7239,"A3,B8,G4",3,3
1641,7510,B8,1,1
1641,7586,"A3,B8",2,2
1641,7599,"B8,G4",2,2
1641,7628,"B9,G4",2,2
1641,7648,"B8,G4",2,2
1641,7665,B8,1,1
1641,8158,"B8,G4",2,2
1641,8171,"B8,G4",2,2
1641,8229,B8,1,1
1641,8237,B8,1,1
1641,8414,"B8,G4",2,2
1641,9131,"B8,G4",2,2
1641,9219,"B8,G4",2,2
1641,9227,"B8,G4",2,2
1641,9228,"B8,G4",2,2
1641,9690,"B8,G4",2,2
1641,9704,"B8,G4",2,2
1641,9772,"B8,G4",2,2
1641,9781,B8,1,1
1641,9782,B8,1,1
1641,9790,"B8,G4",2,2
1641,9807,"B8,G4",2,2
1641,9822,B8,1,1
1641,9888,B8,1,1
1642,1380,"B8,G4",2,2
1642,1769,B8,1,1
1642,1906,"B8,G4",2,2
1642,1998,"B8,G4",2,2
1642,2165,"B8,G4",2,2
1642,2174,"B8,G4",2,2
1642,2361,"B8,G4",2,2
1642,2391,"B8,G4",2,2
1642,2394,"B8,G4",2,2
1642,2400,B8,1,1
1642,2401,"B8,G4",2,2
1642,2408,"B8,G4",2,2
1642,2512,"B8,G4",2,2
1642,2859,"B8,G4",2,2
1642,3031,B8,1,1
1642,3084,"B8,G4",2,2
1642,3101,"B8,G4",2,2
1642,3195,"B8,G4",2,2
1642,3232,B8,1,1
1642,3235,B8,1,1
1642,3237,B8,1,1
1642,3435,"B8,G4",2,2
1642,3499,"B8,G4",2,2
1642,3590,B8,1,1
1642,3607,"B8,G4",2,2
1642,3750,"B8,G4",2,2
1642,3796,"B8,G4",2,2
1642,3858,"B8,G4",2,2
1642,3988,"B8,G4",2,2
1642,3994,"B8,G4",2,2
1642,4004,"A2,G4",2,2
1642,4011,"B8,G4",2,2
1642,4039,"B8,G4",2,2
1642,4061,B8,1,1
1642,4108,"B8,G4",2,2
1642,4113,"B8,G4",2,2
1642,4172,"B8,G4",2,2
1642,4206,"B8,G4",2,2
1642,4211,"B8,G4",2,2
1642,4214,,0,0
1642,4225,"B8,C8,G4",3,3
1642,4363,"B8,G4",2,2
1642,4382,"B8,G4",2,2
1642,4413,"A3,G4",2,2
1642,4472,"A3,B8",2,2
1642,5029,"B8,G4",2,2
1642,5036,"B8,G4",2,2
1642,5173,B8,1,1
1642,5308,,0,0
1642,5817,"B8,G4",2,2
1642,6336,"B8,G4",2,2
1642,6345,B8,1,1
1642,6394,"B8,G4",2,2
1642,6418,"B8,G4",2,2
1642,6434,"B8,G4",2,2
1642,6444,"B8,G4",2,2
1642,6453,B8,1,1
1642,6466,"B8,G4",2,2
1642,7098,"B8,G4",2,2
1642,7118,"B8,G4",2,2
1642,7131,B8,1,1
1642,7144,"B8,G4",2,2
1642,7161,"B8,G4",2,2
1642,7506,B10,1,1
1642,7575,"B8,G4",2,2
1642,7579,"B8,G4",2,2
1642,7590,"B8,G4",2,2
1642,7617,B8,1,1
1642,7660,"B8,G4",2,2
1642,8168,"B8,G4",2,2
1642,8189,"B8,G4",2,2
1642,8210,"B8,G4",2,2
1642,9173,B8,1,1
1642,9176,B8,1,1
1642,9194,"B8,G4",2,2
1642,9237,"B8,G4",2,2
1642,9241,"B8,G4",2,2
1642,9248,"B8,G4",2,2
1642,9252,"B8,G4",2,2
1642,9274,"B8,G4",2,2
1642,9290,"B8,G4",2,2
1642,9301,"B8,G4",2,2
1642,9669,"B8,G4",2,2
1642,9682,"B8,C8,G4",3,3
1642,9735,"B8,G4",2,2
1642,9746,"A3,B8,G4",3,3
1642,9771,B8,1,1
1642,9799,"B8,G4",2,2
1642,9812,"B8,G4",2,2
1642,9816,B8,1,1
1642,9818,"B8,G4",2,2
1642,9880,"B8,G4",2,2
1643,2199,"B8,G4",2,2
1643,2383,"B8,G4",2,2
1643,2405,"B8,G4",2,2
1643,3081,"B8,C8,G4",3,3
1643,3086,"A3,B8,C8,G4",4,4
1643,3100,"B8,G4",2,2
1643,3197,,0,0
1643,3209,,0,0
1643,3228,B8,1,1
1643,3304,"B8,G4",2,2
1643,3306,"B8,G4",2,2
1643,3308,"B8,G4",2,2
1643,3417,"B8,G4",2,2
1643,3434,"B8,G4",2,2
1643,3595,B8,1,1
1643,3652,"A2,B8,G4",3,3
1643,3707,"B8,G4",2,2
1643,3716,"B8,G4",2,2
1643,3723,"B8,G4",2,2
1643,3774,"B8,G4",2,2
1643,3783,"B8,G4",2,2
1643,3807,"B8,G4",2,2
1643,4023,,0,0
1643,4027,B8,1,1
1643,4060,"A3,B8",2,2
1643,4139,"B8,G4",2,2
1643,4150,"B8,G4",2,2
1643,4189,"B8,G4,H1",3,3
1643,4264,B8,1,1
1643,4266,"B8,G4",2,2
1643,4351,"B8,G4",2,2
1643,4443,"A2,B8,G4",3,3
1643,4479,,0,0
1643,4482,"A3,G4",2,2
1643,5292,"B8,G4",2,2
1643,5837,"B8,G4",2,2
1643,6080,"B8,G4",2,2
1643,6360,"B8,G4",2,2
1643,6417,"B8,G4",2,2
1643,6427,B8,1,1
1643,7101,"B8,G4",2,2
1643,7102,"B8,G4",2,2
1643,7107,"B8,G4",2,2
1643,7125,B8,1,1
1643,7158,"B8,G4",2,2
1643,7188,"A3,B8,G4",3,3
1643,7566,"B8,G4",2,2
1643,7570,"B8,G4",2,2
1643,7608,"B8,G4",2,2
1643,8169,"B8,G4",2,2
1643,8172,"B8,G4",2,2
1643,8188,"B8,G4",2,2
1643,9180,B8,1,1
1643,9191,"B8,G4",2,2
1643,9198,"B8,G4",2,2
1643,9220,B8,1,1
1643,9250,"A3,B8",2,2
1643,9263,"B8,G4",2,2
1643,9273,B8,1,1
1643,9312,"B8,G4",2,2
1643,9668,B8,1,1
1643,9709,"B8,G4",2,2
1643,9763,B8,1,1
1643,9770,B8,1,1
1643,9776,B8,1,1
1643,9787,B8,1,1
1643,9789,"B8,G4",2,2
1643,9815,"B8,G4",2,2
1643,9890,"B8,G4",2,2
1644,1318,B8,1,1
1644,1366,B8,1,1
1644,1927,"B8,G4",2,2
1644,2198,"B8,G4",2,2
1644,2407,"A3,B8,G4",3,3
1644,3030,"B8,G4",2,2
1644,3057,"B8,G4",2,2
1644,3102,"B8,G4",2,2
1644,3192,B8,1,1
1644,3194,"B8,G4",2,2
1644,3199,"B8,G4",2,2
1644,3224,"B8,G4",2,2
1644,3231,"B8,G4",2,2
1644,3247,B8,1,1
1644,3276,B8,1,1
1644,3310,B8,1,1
1644,3311,B8,1,1
1644,3561,B8,1,1
1644,3613,B8,1,1
1644,3615,B8,1,1
1644,3645,"B8,G4",2,2
1644,3704,"B8,G4",2,2
1644,3709,"B8,G4",2,2
1644,3710,"B8,G4",2,2
1644,3740,"B8,G4",2,2
1644,3956,"B8,G4",2,2
1644,3967,"B8,G4",2,2
1644,3985,"B8,C8,G4",3,3
1644,3995,"A3,B8,G4",3,3
1644,4001,"A2,B8,B9,G4",4,3
1644,4099,"B8,G4",2,2
1644,4125,"B8,G4",2,2
1644,4137,"B8,G4",2,2
1644,4138,"B8,G4",2,2
1644,4140,"B8,G4",2,2
1644,4144,"B8,G4",2,2
1644,4153,"B8,G4",2,2
1644,4212,"B8,G4",2,2
1644,4228,"B8,G4",2,2
1644,4233,"B8,G4",2,2
1644,4235,"B8,G4",2,2
1644,4236,"B8,G4",2,2
1644,4271,B8,1,1
1644,4342,"B8,G4",2,2
1644,4380,"A3,B8,G4",3,3
1644,4477,"B8,G4",2,2
1644,4496,"B8,G4",2,2
1644,5121,"B8,G4",2,2
1644,5133,"A3,B8,G4",3,3
1644,6407,B8,1,1
1644,6410,"B8,G4",2,2
1644,6422,"B8,G4",2,2
1644,6466,"B8,G4",2,2
1644,6549,B8,1,1
1644,7143,"B8,G4",2,2
1644,7148,"B8,G4",2,2
1644,7174,"B8,G4",2,2
1644,7175,"B8,G4",2,2
1644,7196,B8,1,1
1644,7589,"B8,G4",2,2
1644,7592,B8,1,1
1644,7602,"B8,G4",2,2
1644,7615,"B8,G4",2,2
1644,7668,"B8,G4",2,2
1644,7671,B8,1,1
1644,8187,"B8,G4",2,2
1644,8403,G4,1,1
1644,8807,"A3,B8,G4",3,3
1644,9193,"B8,G4",2,2
1644,9199,"B8,G4",2,2
1644,9205,"B8,G4",2,2
1644,9209,"A3,B8",2,2
1644,9276,"B8,G4",2,2
1644,9662,"B8,G4",2,2
1644,9672,B8,1,1
1644,9738,"B8,C8,G4",3,3
1644,9791,"B8,G4",2,2
1644,9817,B8,1,1
1644,9819,"A3,B8,G4",3,3
1644,9827,"B8,G4",2,2
1644,9828,"B8,G4",2,2
1644,9932,B8,1,1
1645,1896,"B8,G4",2,2
1645,1904,"B8,G4",2,2
1645,1937,"B8,G4",2,2
1645,1978,"A3,B8,G4,H1",4,4
1645,2034,"B8,G4",2,2
1645,2046,B8,1,1
1645,2386,"B8,G4",2,2
1645,2856,"B8,G4",2,2
1645,3071,"B8,G4",2,2
1645,3083,"A3,B8,G4",3,3
1645,3103,"B8,G4",2,2
1645,3148,"B8,G4",2,2
1645,3155,"B8,G4",2,2
1645,3193,"B8,G4",2,2
1645,3204,"B8,G4",2,2
1645,3207,"B8,G4",2,2
1645,3208,,0,0
1645,3225,"B8,G4",2,2
1645,3236,B8,1,1
1645,3246,B8,1,1
1645,3307,"B8,G4",2,2
1645,3315,B8,1,1
1645,3331,"B8,C8,G4",3,3
1645,3650,"B8,G4",2,2
1645,3691,"B8,G4",2,2
1645,3778,B8,1,1
1645,3992,"A3,G4",2,2
1645,4083,"B8,G4",2,2
1645,4101,"B8,G4",2,2
1645,4105,"B8,G4",2,2
1645,4124,"B8,G4",2,2
1645,4157,"B8,G4",2,2
1645,4161,"B8,G4",2,2
1645,4168,"B8,G4",2,2
1645,4179,,0,0
1645,4188,"B8,G4",2,2
1645,4203,B8,1,1
1645,4230,B8,1,1
1645,4258,"B8,G4",2,2
1645,4375,"B8,G4",2,2
1645,4456,B8,1,1
1645,4481,"B8,G4",2,2
1645,4552,"B8,G4",2,2
1645,5668,"B8,G4",2,2
1645,6418,"A3,B8",2,2
1645,6425,"B8,G4",2,2
1645,6446,B8,1,1
1645,6474,B8,1,1
1645,6523,"B8,G4",2,2
1645,7097,"B8,G4",2,2
1645,7105,"B8,G4",2,2
1645,7159,"B8,G4",2,2
1645,7185,"B8,G4",2,2
1645,7216,B8,1,1
1645,7618,"B8,G4",2,2
1645,7620,"B8,G4",2,2
1645,7635,"B8,G4",2,2
1645,7653,"B8,G4",2,2
1645,8183,"B8,G4",2,2
1645,8213,"B8,G4",2,2
1645,8247,"B8,G4",2,2
1645,9167,"B8,G4",2,2
1645,9168,B8,1,1
1645,9186,B8,1,1
1645,9212,"B8,G4",2,2
1645,9226,B8,1,1
1645,9270,"B8,G4",2,2
1645,9310,"B8,G4",2,2
1645,9665,"B8,G4",2,2
1645,9705,"B8,G4",2,2
1645,9706,"B8,G4",2,2
1645,9754,B8,1,1
1645,9774,"B8,G4",2,2
1645,9840,"B8,G4",2,2
1645,9897,"A3,B8,G4",3,3
1645,9912,"B8,G4",2,2
1645,9959,"B8,G4",2,2
1646,1913,"B8,G4",2,2
1646,1930,"B8,G4",2,2
1646,1935,"B8,G4",2,2
1646,1947,"B8,G4",2,2
1646,1984,B8,1,1
1646,1986,"B8,G4",2,2
1646,2002,"B8,G4",2,2
1646,2031,"B8,G4",2,2
1646,2038,B8,1,1
1646,2051,"B8,G4",2,2
1646,2166,"B8,G4",2,2
1646,2167,B8,1,1
1646,2169,"B8,G4",2,2
1646,2197,,0,0
1646,2392,"B8,G4",2,2
1646,2625,"B8,G4",2,2
1646,2836,"B8,G4",2,2
1646,2864,B8,1,1
1646,2952,"B8,G4",2,2
1646,3053,"B8,G4",2,2
1646,3066,"B8,G4",2,2
1646,3095,"B8,G4",2,2
1646,3098,G4,1,1
1646,3106,"B8,G4",2,2
1646,3145,"B8,G4",2,2
1646,3151,"A3,B8,G4",3,3
1646,3213,"B8,G4",2,2
1646,3223,"B8,G4",2,2
1646,3230,"B8,G4",2,2
1646,3233,"B8,G4",2,2
1646,3234,"B8,G4",2,2
1646,3242,"B8,G4",2,2
1646,3275,"B8,G4",2,2
1646,3692,"B8,G4",2,2
1646,3698,"A2,B8,G4",3,3
1646,3715,"B8,G4",2,2
1646,4000,"B8,G4",2,2
1646,4007,"A2,B8,G4",3,3
1646,4026,"B8,G4",2,2
1646,4041,"B8,B9",2,1
1646,4050,B8,1,1
1646,4116,"B8,G4",2,2
1646,4120,"B8,G4",2,2
1646,4129,"B8,G4",2,2
1646,4145,"B8,G4",2,2
1646,4146,"B8,G4",2,2
1646,4148,"B8,G4",2,2
1646,4191,B8,1,1
1646,4213,"B8,G4",2,2
1646,5012,"B8,G4",2,2
1646,5285,"B8,G4",2,2
1646,5647,B8,1,1
1646,5655,B8,1,1
1646,5664,"B8,G4",2,2
1646,5687,B8,1,1
1646,6013,"B8,G4",2,2
1646,6024,"B8,G4",2,2
1646,6351,"B8,G4",2,2
1646,6367,"B8,G4",2,2
1646,6420,"B8,G4",2,2
1646,6436,"B8,G4",2,2
1646,6439,B8,1,1
1646,7111,"B8,G4",2,2
1646,7123,"B8,G4",2,2
1646,7124,"A3,B8,G4",3,3
1646,7163,"A2,B8,G4",3,3
1646,7190,"B8,C8,G4",3,3
1646,7195,"B8,G4",2,2
1646,7563,"A3,B8",2,2
1646,7594,B8,1,1
1646,7596,"B8,G4",2,2
1646,7650,"B8,G4",2,2
1646,7659,"B8,G4",2,2
1646,7673,"B8,G4",2,2
1646,8195,"B8,G4",2,2
1646,8408,"B8,G4",2,2
1646,9178,"B8,G4",2,2
1646,9232,"B8,G4",2,2
1646,9242,"B8,G4",2,2
1646,9264,"B8,G4",2,2
1646,9271,"B8,G4",2,2
1646,9286,B8,1,1
1646,9296,"B8,G4",2,2
1646,9663,"B8,G4",2,2
1646,9671,"B8,G4",2,2
1646,9686,"B8,G4",2,2
1646,9703,"B8,G4",2,2
1646,9708,"B8,G4",2,2
1646,9710,"B8,G4",2,2
1646,9745,"B8,G4",2,2
1646,9769,"B8,G4",2,2
1646,9773,"B8,G4",2,2
1646,9778,"B8,G4",2,2
1646,9794,"B8,G4",2,2
1646,9801,"B8,G4",2,2
1646,9806,B8,1,1
1646,9821,B8,1,1
1646,9834,"B8,G4",2,2
1646,9836,"B8,G4",2,2
1646,9841,"B8,C8,G4",3,3
1646,9895,"B8,G4",2,2
1647,1466,"B8,G4",2,2
1647,1901,B8,1,1
1647,1917,"B8,G4",2,2
1647,1933,"A3,B8,G4",3,3
1647,2176,"B8,G4",2,2
1647,2187,B8,1,1
1647,2385,"B8,G4",2,2
1647,2387,"B8,G4",2,2
1647,2388,"B8,G4",2,2
1647,2513,"B8,G4",2,2
1647,2681,"B8,G4",2,2
1647,3069,"B8,G4",2,2
1647,3070,"B8,G4",2,2
1647,3222,"B8,G4",2,2
1647,3226,B8,1,1
1647,3227,"B8,G4",2,2
1647,3239,B8,1,1
1647,3309,"B8,G4",2,2
1647,3314,"B8,G4",2,2
1647,3418,"B8,G4",2,2
1647,3522,"B8,G4",2,2
1647,3651,"B8,G4",2,2
1647,3658,"B8,G4",2,2
1647,3738,"B8,G4",2,2
1647,4033,"B8,G4",2,2
1647,4066,"A3,B8,G4",3,3
1647,4119,"B8,G4",2,2
1647,4127,"A3,B8,G4",3,3
1647,4163,"B8,G4",2,2
1647,4170,,0,0
1647,4175,"B8,G4",2,2
1647,4187,B8,1,1
1647,4234,A3,1,1
1647,4345,"B8,G4",2,2
1647,4354,"B8,G4",2,2
1647,4372,"B8,G4",2,2
1647,4384,"B8,G4",2,2
1647,4389,"B8,G4",2,2
1647,4432,"B8,G4",2,2
1647,4469,"B8,G4",2,2
1647,4478,B8,1,1
1647,4494,B8,1,1
1647,5817,"B8,G4",2,2
1647,5839,B8,1,1
1647,5998,A2,1,1
1647,6303,B8,1,1
1647,6411,,0,0
1647,6424,B8,1,1
1647,6426,"B8,G4",2,2
1647,6435,B8,1,1
1647,6453,B8,1,1
1647,7103,"B8,G4",2,2
1647,7130,"B8,G4",2,2
1647,7136,"B8,G4",2,2
1647,7171,"B8,G4",2,2
1647,7568,"B8,G4",2,2
1647,7583,"B8,C8,G4",3,3
1647,7593,"B8,G4",2,2
1647,7611,"B8,G4",2,2
1647,7622,"B8,G4",2,2
1647,7651,"A3,B8,G4",3,3
1647,7748,"B8,G4",2,2
1647,8159,"B8,G4",2,2
1647,8164,"A3,B8,G4",3,3
1647,8170,"B8,G4",2,2
1647,8186,"A3,B8,G4",3,3
1647,8192,"B8,G4",2,2
1647,8207,"B8,G4",2,2
1647,8244,"B8,G4",2,2
1647,8409,"B8,G4",2,2
1647,9137,B8,1,1
1647,9147,B8,1,1
1647,9164,B8,1,1
1647,9184,B8,1,1
1647,9196,"B8,G4",2,2
1647,9216,"A3,B8,G4",3,3
1647,9255,"B8,G4",2,2
1647,9279,"B8,G4",2,2
1647,9736,"A3,B8",2,2
1647,9785,B8,1,1
1647,9788,"B8,G4",2,2
1647,9796,"B8,G4",2,2
1647,9802,"B8,G4",2,2
1647,9832,"B8,G4",2,2
1647,9833,"B8,G4",2,2
1647,9843,"B8,G4",2,2
1647,9955,"B8,G4",2,2
1647,9956,"B8,G4",2,2
1647,9958,B8,1,1
1648,1921,"B8,G4",2,2
1648,1929,"A3,G4",2,2
1648,2020,"B8,G4",2,2
1648,2181,"B8,G4",2,2
1648,2382,"B8,G4",2,2
1648,2384,"B8,G4",2,2
1648,2393,"B8,G4",2,2
1648,2402,"B8,G4",2,2
1648,2852,"B8,G4",2,2
1648,2912,B8,1,1
1648,3087,"B8,G4",2,2
1648,3088,"B8,C8,G4",3,3
1648,3089,"A3,B8,G4",3,3
1648,3202,"B8,G4",2,2
1648,3221,"B8,G4",2,2
1648,3265,,0,0
1648,3328,"B8,G4",2,2
1648,3447,"B8,G4",2,2
1648,3449,"B8,G4",2,2
1648,3476,B8,1,1
1648,3503,B8,1,1
1648,3657,"B8,G4",2,2
1648,3751,B8,1,1
1648,4009,"B8,G4",2,2
1648,4013,"B8,G4",2,2
1648,4103,B8,1,1
1648,4128,"B8,C8,G4",3,3
1648,4149,"B8,G4",2,2
1648,4171,"A3,B8",2,2
1648,4176,G4,1,1
1648,4267,"B8,G4",2,2
1648,4282,B8,1,1
1648,4312,"A3,B8,G4",3,3
1648,4352,"B8,G4",2,2
1648,4357,"B8,G4",2,2
1648,4370,"B8,G4",2,2
1648,4816,B8,1,1
1648,5008,"A3,B8,G4",3,3
1648,5133,"B8,G4",2,2
1648,6262,"A3,B8,G4",3,3
1648,6310,B8,1,1
1648,6359,"B8,G4",2,2
1648,6411,"A3,B8",2,2
1648,6412,"A3,B8,G4",3,3
1648,6423,"A3,B8,C8,G4",4,4
1648,6455,B8,1,1
1648,7112,"B8,G4",2,2
1648,7114,"B8,G4",2,2
1648,7119,B8,1,1
1648,7127,"B8,G4",2,2
1648,7134,"B8,G4",2,2
1648,7139,"B8,G4",2,2
1648,7146,"B8,G4",2,2
1648,7162,"A2,B8,G4",3,3
1648,7164,"B8,G4",2,2
1648,7167,"B8,G4",2,2
1648,7172,"B8,G4",2,2
1648,7181,"A3,B8,G4",3,3
1648,7558,"B8,G4",2,2
1648,7564,"B8,G4",2,2
1648,7567,"A3,B8",2,2
1648,7584,"B8,C8,G4",3,3
1648,7595,B8,1,1
1648,7605,"B8,G4",2,2
1648,8167,"B8,G4",2,2
1648,8196,"B8,G4",2,2
1648,8323,"B8,G4",2,2
1648,9175,B8,1,1
1648,9217,B8,1,1
1648,9700,"B8,G4",2,2
1648,9741,"B8,G4",2,2
1648,9753,"B8,G4",2,2
1648,9756,B8,1,1
1648,9759,"B8,G4",2,2
1648,9777,"B8,G4",2,2
1648,9779,"B8,G4",2,2
1648,9814,"B8,G4",2,2
1648,9838,"B8,G4",2,2
1648,9953,"B8,G4",2,2
1649,1466,"B8,G4",2,2
1649,1986,B8,1,1
1649,2114,"B8,G4",2,2
1649,2159,"B8,G4",2,2
1649,2167,B8,1,1
1649,2169,"B8,G4",2,2
1649,2185,B8,1,1
1649,2190,"B8,G4",2,2
1649,2200,"B8,G4",2,2
1649,2212,"B8,G4",2,2
1649,2213,"B8,G4",2,2
1649,2229,"B8,G4",2,2
1649,2232,"B8,G4",2,2
1649,2240,,0,0
1649,2253,"B8,G4",2,2
1649,2258,"B8,G4",2,2
1649,2260,"B8,G4",2,2
1649,2267,"B8,G4",2,2
1649,2273,"B8,G4",2,2
1649,2274,"B8,G4",2,2
1649,2276,"B8,G4",2,2
1649,2283,"B8,G4",2,2
1649,2284,"B8,G4",2,2
1649,2293,G4,1,1
1649,2295,"A3,B8,G4",3,3
1649,2304,G4,1,1
1649,2305,"B8,G4",2,2
1649,2319,"B8,G4",2,2
1649,2322,"B8,G4",2,2
1649,2336,B8,1,1
1649,2401,"A3,B8,G4",3,3
1649,2417,"B8,G4",2,2
1649,2422,"B8,G4",2,2
1649,2423,"B8,G4",2,2
1649,2430,"B8,G4",2,2
1649,2510,"B8,G4",2,2
1649,2513,"B8,G4",2,2
1649,2602,"B8,G4",2,2
1649,2622,"A3,G4",2,2
1649,2806,"B8,G4",2,2
1649,2816,G4,1,1
1649,2817,B8,1,1
1649,3063,"A3,B8,G4",3,3
1649,3162,"B8,G4",2,2
1649,3171,,0,0
1649,3183,"B8,G4",2,2
1649,3271,"B8,G4",2,2
1649,3276,"B8,G4",2,2
1649,3278,"B8,G4",2,2
1649,3308,"B8,G4",2,2
1649,3485,B8,1,1
1649,3489,"B8,G4",2,2
1649,3699,"B8,G4",2,2
1649,3705,"B8,G4",2,2
1649,3710,"B8,G4",2,2
1649,3738,"B8,G4",2,2
1649,3746,,0,0
1649,3783,"B8,G4",2,2
1649,4211,"B8,G4",2,2
1649,4236,"B8,G4",2,2
1649,5041,"B8,G4",2,2
1649,5167,"B8,G4",2,2
1649,5812,,0,0
1649,6404,,0,0
1649,6549,"B8,G4",2,2
1649,7588,B8,1,1
1649,7595,B8,1,1
1649,7598,"B8,G4",2,2
1649,7599,"B8,G4",2,2
1649,7615,"B8,G4",2,2
1649,7647,"B8,G4",2,2
1649,7653,"B8,G4",2,2
1650,1905,B8,1,1
1650,1906,G4,1,1
1650,1922,"B8,G4",2,2
1650,1928,"B8,G4",2,2
1650,2003,B8,1,1
1650,2034,"B8,G4",2,2
1650,2158,"B8,G4",2,2
1650,2198,"B8,G4",2,2
1650,2230,"A4,B8,G4",3,3
1650,2239,"B8,G4",2,2
1650,2248,"B8,G4",2,2
1650,2251,"B8,G4",2,2
1650,2252,"B8,G4",2,2
1650,2268,"B8,G4",2,2
1650,2294,"B8,G4",2,2
1650,2317,G4,1,1
1650,2382,B8,1,1
1650,2424,"B8,G4",2,2
1650,2431,"B8,G4",2,2
1650,2587,"B8,G4",2,2
1650,2615,,0,0
1650,2836,"B8,G4",2,2
1650,2856,"B8,G4",2,2
1650,2859,"B8,G4",2,2
1650,2864,,0,0
1650,3030,"B8,G4",2,2
1650,3065,"B8,G4",2,2
1650,3098,"A3,B8,G4",3,3
1650,3102,"B8,G4",2,2
1650,3227,"B8,G4",2,2
1650,3239,"B8,G4",2,2
1650,3273,"B4,B8,G4",3,2
1650,3311,B8,1,1
1650,3399,"B8,G4",2,2
1650,3650,"B8,G4",2,2
1650,3657,"B8,G4",2,2
1650,3698,G4,1,1
1650,3723,"B8,G4",2,2
1650,3750,"B8,G4",2,2
1650,4013,"B8,G4",2,2
1650,6013,"B8,G4",2,2
1650,6413,"B8,G4",2,2
1650,7564,"B8,G4",2,2
1650,7566,"B8,G4",2,2
1650,7577,"B8,G4",2,2
1650,7602,B8,1,1
1650,7658,B8,1,1
1650,7659,B8,1,1
1651,1895,B8,1,1
1651,1984,,0,0
1651,2219,"B8,G4",2,2
1651,2235,"B8,G4",2,2
1651,2242,G4,1,1
1651,2250,"B8,G4",2,2
1651,2259,"B8,G4",2,2
1651,2261,"B8,G4",2,2
1651,2314,"B8,G4",2,2
1651,2315,"B8,G4",2,2
1651,2325,G4,1,1
1651,2337,B8,1,1
1651,2391,B8,1,1
1651,2396,,0,0
1651,2402,"B8,G4",2,2
1651,2413,G4,1,1
1651,2815,G4,1,1
1651,2819,G4,1,1
1651,2828,"B8,G4",2,2
1651,2834,"B8,G4",2,2
1651,2881,"B8,G4",2,2
1651,3167,"B8,G4",2,2
1651,3184,"B8,G4",2,2
1651,3242,"B8,G4",2,2
1651,3322,B8,1,1
1651,3325,"B8,G4",2,2
1651,3692,"B8,G4",2,2
1651,3798,"B8,G4",2,2
1651,3828,"B8,G4",2,2
1651,3994,"B8,G4",2,2
1651,4060,"A3,B8,G4",3,3
1651,4080,"B8,G4",2,2
1651,5029,"A3,B8,G4",3,3
1651,5173,B8,1,1
1651,6453,"B8,G4",2,2
1651,7506,"B8,G4",2,2
1651,7568,"B8,G4",2,2
1651,7580,"B8,G4",2,2
1651,7592,,0,0
1651,7650,"B8,G4",2,2
1651,7663,"B8,G4",2,2
1651,7671,B8,1,1
1652,1934,"B8,G4",2,2
1652,1947,B8,1,1
1652,2020,B8,1,1
1652,2123,"B8,G4",2,2
1652,2124,"B8,G4",2,2
1652,2126,"B8,G4",2,2
1652,2134,"B8,G4",2,2
1652,2142,B8,1,1
1652,2177,"B8,G4",2,2
1652,2193,"B8,G4",2,2
1652,2245,"B8,G4",2,2
1652,2271,"B8,G4",2,2
1652,2375,"B8,G4",2,2
1652,2379,"A3,B8,G4",3,3
1652,2397,"B8,G4",2,2
1652,2408,"B8,G4",2,2
1652,2425,"B8,G4",2,2
1652,2428,"A3,G4",2,2
1652,2808,B8,1,1
1652,2813,"B8,G4",2,2
1652,2912,B8,1,1
1652,3031,B8,1,1
1652,3066,"B8,G4",2,2
1652,3085,"B8,G4",2,2
1652,3087,"B8,G4",2,2
1652,3088,"B8,G4",2,2
1652,3092,"B8,C8,G4",3,3
1652,3100,"B8,G4",2,2
1652,3225,"B8,G4",2,2
1652,3226,B8,1,1
1652,3246,B8,1,1
1652,3305,B8,1,1
1652,3435,"B8,G4",2,2
1652,3691,"A3,B8,G4",3,3
1652,3796,"B8,G4",2,2
1652,3807,"B8,G4",2,2
1652,4210,B8,1,1
1652,4214,"B8,G4",2,2
1652,4244,B8,1,1
1652,4375,"B8,G4",2,2
1652,5647,"A3,B8",2,2
1652,5817,"B8,G4",2,2
1652,6359,"B8,G4",2,2
1652,6424,"B8,C8,G4",3,3
1652,6436,B8,1,1
1652,6455,B8,1,1
1652,7502,"B8,G4",2,2
1652,7558,B8,1,1
1652,7573,"B8,G4",2,2
1652,7579,"B8,G4",2,2
1652,7589,B8,1,1
1652,7611,"B8,G4",2,2
1653,1913,G4,1,1
1653,1914,G4,1,1
1653,2011,"B8,G4",2,2
1653,2113,"B8,G4",2,2
1653,2188,"B8,G4",2,2
1653,2226,"B8,G4",2,2
1653,2247,"B8,G4",2,2
1653,2255,"B8,G4",2,2
1653,2280,"B8,G4",2,2
1653,2366,"B8,G4",2,2
1653,2384,"B8,G4",2,2
1653,2385,"B8,G4",2,2
1653,2508,,0,0
1653,2562,"B8,G4",2,2
1653,2574,"B8,G4",2,2
1653,2809,"B8,G4",2,2
1653,2833,"B8,G4",2,2
1653,2875,G4,1,1
1653,2964,B8,1,1
1653,3053,"B8,G4",2,2
1653,3064,"A3,B8,G4",3,3
1653,3070,"B8,G4",2,2
1653,3075,"B8,G4",2,2
1653,3084,"B8,G4",2,2
1653,3089,"B8,G4",2,2
1653,3093,"A3,B8,G4",3,3
1653,3095,"B8,G4",2,2
1653,3106,"B8,G4",2,2
1653,3187,"B8,G4",2,2
1653,3331,"B8,G4",2,2
1653,3434,"B8,G4",2,2
1653,3447,"B8,G4",2,2
1653,3697,"B8,G4",2,2
1653,3716,"B8,G4",2,2
1653,3737,"B8,G4",2,2
1653,3739,"B8,G4",2,2
1653,3745,"B8,G4",2,2
1653,3751,,0,0
1653,3778,B8,1,1
1653,4007,"B8,G4",2,2
1653,4207,B8,1,1
1653,4233,B8,1,1
1653,4363,"B8,G4",2,2
1653,4367,"B8,G4",2,2
1653,5012,"B8,G4",2,2
1653,5036,"A3,B8,G4",3,3
1653,5179,B8,1,1
1653,5839,"B8,G4",2,2
1653,6336,"B8,G4",2,2
1653,6356,"B8,G4",2,2
1653,6417,,0,0
1653,6433,"B8,G4",2,2
1653,6434,B8,1,1
1653,6523,"B8,G4",2,2
1653,7239,"B8,G4",2,2
1653,7510,B8,1,1
1653,7594,B8,1,1
1653,7605,"B8,G4",2,2
1653,7606,"B8,G4",2,2
1653,7617,"A3,B8",2,2
1653,7622,B8,1,1
1654,1901,"B8,G4",2,2
1654,1917,"B8,G4",2,2
1654,1979,B8,1,1
1654,1998,B8,1,1
1654,2019,"B8,G4",2,2
1654,2051,"B8,G4",2,2
1654,2110,"B8,G4",2,2
1654,2118,"B8,G4",2,2
1654,2137,B8,1,1
1654,2165,B8,1,1
1654,2220,B8,1,1
1654,2222,"B8,G4",2,2
1654,2223,B8,1,1
1654,2224,"B8,G4",2,2
1654,2244,"B8,G4",2,2
1654,2246,"B8,G4",2,2
1654,2282,"B8,G4",2,2
1654,2291,"B8,G4",2,2
1654,2303,"B8,G4",2,2
1654,2318,"B8,G4",2,2
1654,2353,"B8,G4",2,2
1654,2426,"B8,G4",2,2
1654,2531,"B8,G4",2,2
1654,2535,G4,1,1
1654,2818,"B8,G4",2,2
1654,2820,G4,1,1
1654,2878,"B8,G4",2,2
1654,3046,"B8,G4",2,2
1654,3076,"B8,G4",2,2
1654,3103,"B8,G4",2,2
1654,3175,"B8,G4",2,2
1654,3228,"B8,G4",2,2
1654,3236,"B8,G4",2,2
1654,3259,"B8,G4",2,2
1654,3307,B8,1,1
1654,3315,B8,1,1
1654,3320,"B4,B8,G4",3,2
1654,3439,"B8,G4",2,2
1654,3477,"B8,G4",2,2
1654,3503,"B8,G4",2,2
1654,3595,B8,1,1
1654,3645,"B8,G4",2,2
1654,3713,"B8,G4",2,2
1654,4206,"B8,G4",2,2
1654,4230,B8,1,1
1654,4354,"B8,G4",2,2
1654,4382,"B8,G4",2,2
1654,4469,"B8,G4",2,2
1654,5013,B8,1,1
1654,6360,"B8,G4",2,2
1654,6418,,0,0
1654,6466,"B8,G4",2,2
1654,7583,"B8,G4",2,2
1654,7626,"B8,G4",2,2
1654,7665,,0,0
1655,1918,G4,1,1
1655,1923,"B8,G4",2,2
1655,2129,"B8,G4",2,2
1655,2144,"B8,G4",2,2
1655,2208,B8,1,1
1655,2241,"B8,G4",2,2
1655,2263,"B8,G4",2,2
1655,2272,"B8,G4",2,2
1655,2287,G4,1,1
1655,2289,G4,1,1
1655,2316,"A3,G4",2,2
1655,2320,"B8,G4",2,2
1655,2367,"B8,G4",2,2
1655,2388,"B8,G4",2,2
1655,2395,"B8,G4",2,2
1655,2398,"B8,G4",2,2
1655,2432,"B8,G4",2,2
1655,2532,"B8,G4",2,2
1655,2540,"B8,G4",2,2
1655,2573,B8,1,1
1655,2681,"A3,B8,G4,H1",4,4
1655,2830,"B8,G4",2,2
1655,2852,"B8,G4",2,2
1655,3044,"B8,G4",2,2
1655,3069,B8,1,1
1655,3071,"B8,G4",2,2
1655,3081,"A3,B8,G4",3,3
1655,3091,"A3,B8,G4",3,3
1655,3222,"B8,G4",2,2
1655,3245,B8,1,1
1655,3247,B8,1,1
1655,3277,"B8,G4",2,2
1655,3310,B8,1,1
1655,3476,B8,1,1
1655,3755,G4,1,1
1655,4001,"B8,G4",2,2
1655,4083,"B8,G4",2,2
1655,4235,"B8,G4",2,2
1655,4351,"A3,B8,G4",3,3
1655,6345,"B8,G4",2,2
1655,6394,B8,1,1
1655,6427,B8,1,1
1655,6435,B8,1,1
1655,6439,B8,1,1
1655,6464,B8,1,1
1655,7575,"B8,G4",2,2
1655,7601,B8,1,1
1655,7616,B8,1,1
1655,7648,"B8,G4",2,2
1656,1591,"B8,G4",2,2
1656,2104,"B8,G4",2,2
1656,2176,,0,0
1656,2199,,0,0
1656,2201,"B8,G4",2,2
1656,2210,"B8,G4",2,2
1656,2221,"B8,G4",2,2
1656,2225,"B8,G4",2,2
1656,2254,"B8,G4",2,2
1656,2265,"B8,G4",2,2
1656,2296,,0,0
1656,2329,"B8,G4",2,2
1656,2407,"A3,B8,G4",3,3
1656,2420,"B8,G4",2,2
1656,2495,"B8,G4",2,2
1656,2625,"A3,B8,G4",3,3
1656,2827,"B8,G4",2,2
1656,3054,"A3,B8,G4",3,3
1656,3058,B8,1,1
1656,3060,"B8,G4",2,2
1656,3101,"B8,G4",2,2
1656,3223,"A3,B8,G4",3,3
1656,3224,"A3,B8,G4",3,3
1656,3232,"B8,G4",2,2
1656,3238,"B8,G4",2,2
1656,3240,"B8,G4",2,2
1656,3306,"B8,G4",2,2
1656,3328,"B8,G4",2,2
1656,3652,G4,1,1
1656,3709,"B8,G4",2,2
1656,3774,B8,1,1
1656,4198,"A3,B8,G4",3,3
1656,4208,"B8,G4",2,2
1656,4213,"B8,G4",2,2
1656,4219,"A3,B8",2,2
1656,4227,"A3,B8,G4",3,3
1656,4352,"B8,G4",2,2
1656,4380,"B8,G4",2,2
1656,4431,"B8,G4",2,2
1656,4446,"B8,G4",2,2
1656,6151,"B8,G4",2,2
1656,6407,B8,1,1
1656,6425,B8,1,1
1656,6446,B8,1,1
1656,6474,"A3,G4",2,2
1656,7567,B8,1,1
1656,7590,,0,0
1656,7596,"A3,B8",2,2
1656,7666,"B8,G4",2,2
1656,7690,"B8,G4",2,2
1657,1904,"A3,B8,G4",3,3
1657,2002,B8,1,1
1657,2166,"B8,G4",2,2
1657,2174,B8,1,1
1657,2181,B8,1,1
1657,2187,B8,1,1
1657,2194,"B8,G4",2,2
1657,2216,"B8,G4",2,2
1657,2238,"A3,B8,G4",3,3
1657,2266,"B8,G4",2,2
1657,2288,G4,1,1
1657,2290,"A3,B8,G4",3,3
1657,2301,G4,1,1
1657,2387,"A3,B8,G4",3,3
1657,2394,"B8,G4",2,2
1657,2433,"B8,G4",2,2
1657,2561,B8,1,1
1657,2565,"B8,G4",2,2
1657,2807,G4,1,1
1657,2822,"A3,B8",2,2
1657,2823,"B8,G4",2,2
1657,2825,"B8,G4",2,2
1657,3231,"B8,G4",2,2
1657,3313,"B8,G4",2,2
1657,3314,"B8,G4",2,2
1657,3317,B8,1,1
1657,3327,"B8,G4",2,2
1657,3651,"B8,G4",2,2
1657,3694,"A3,G4",2,2
1657,3715,"B8,G4",2,2
1657,3806,"B8,G4",2,2
1657,3995,"B8,G4",2,2
1657,4000,"B8,G4",2,2
1657,4004,"B8,G4",2,2
1657,4203,B8,1,1
1657,4237,"B8,G4",2,2
1657,6340,B8,1,1
1657,7505,"B8,G4",2,2
1657,7576,"B8,G4",2,2
1657,7584,"B8,G4",2,2
1657,7651,"A3,B8,G4",3,3
1657,7668,"B8,G4",2,2
1658,1903,"B8,G4",2,2
1658,2117,"B8,G4",2,2
1658,2120,"B8,G4",2,2
1658,2121,"B8,G4",2,2
1658,2136,"B8,G4",2,2
1658,2145,"B8,G4",2,2
1658,2152,"B8,G4",2,2
1658,2179,B8,1,1
1658,2227,B8,1,1
1658,2262,"B8,G4",2,2
1658,2264,"B8,G4",2,2
1658,2269,"B8,G4",2,2
1658,2275,"B8,G4",2,2
1658,2281,"B8,G4",2,2
1658,2292,"B8,G4",2,2
1658,2299,"B8,G4",2,2
1658,2306,"B8,G4",2,2
1658,2311,"B8,G4",2,2
1658,2323,"B8,G4",2,2
1658,2324,"A4,B8,G4",3,3
1658,2338,"B8,G4",2,2
1658,2361,"B8,G4",2,2
1658,2383,"A3,B8,G4",3,3
1658,2390,B8,1,1
1658,2392,B8,1,1
1658,2393,"A3,B8,G4",3,3
1658,2400,B8,1,1
1658,2405,"B8,G4",2,2
1658,2429,"B8,G4",2,2
1658,2533,"B8,G4",2,2
1658,2534,"B8,G4",2,2
1658,2812,B8,1,1
1658,2826,"B8,G4",2,2
1658,2874,"B8,G4",2,2
1658,3165,"A3,G4",2,2
1658,3166,"B8,G4",2,2
1658,3176,"B8,G4",2,2
1658,3181,"A3,B8",2,2
1658,3182,B8,1,1
1658,3230,"A3,B8,G4",3,3
1658,3233,"B8,G4",2,2
1658,3234,"B8,G4",2,2
1658,3235,"B8,G4",2,2
1658,3237,"B8,G4",2,2
1658,3243,"B8,G4",2,2
1658,3275,"B8,G4",2,2
1658,3304,"B8,G4",2,2
1658,3309,"B8,G4",2,2
1658,3324,B8,1,1
1658,3444,"B8,G4",2,2
1658,3512,B8,1,1
1658,3607,G4,1,1
1658,3658,"B8,G4",2,2
1658,3754,"A3,B8,G4",3,3
1658,3759,G4,1,1
1658,4199,B8,1,1
1658,4212,"B8,G4",2,2
1658,4216,"B8,G4",2,2
1658,4366,"B8,G4",2,2
1658,4372,"B8,G4",2,2
1658,5473,"A3,B8",2,2
1658,5837,"B8,G4",2,2
1658,6367,"A3,B8,G4",3,3
1658,6412,"A3,B8,G4",3,3
1658,6444,,0,0
1658,7608,"B8,G4",2,2
1658,7620,"A3,B8",2,2
1658,7660,B8,1,1
1658,7748,"B8,G4",2,2
1833,2110,G4,1,1
1833,2116,G4,1,1
1833,2124,G4,1,1
1833,2125,G4,1,1
1833,2130,G4,1,1
1833,2136,G4,1,1
1833,2143,G4,1,1
1833,2158,G4,1,1
1833,2166,G4,1,1
1833,2167,G4,1,1
1833,2185,"A3,G4",2,2
1833,2188,G4,1,1
1833,2192,G4,1,1
1833,2215,G4,1,1
1833,2221,G4,1,1
1833,2237,G4,1,1
1833,2242,G4,1,1
1833,2271,,0,0
1833,2276,G4,1,1
1833,2290,G4,1,1
1833,2312,,0,0
1833,2315,"A3,G4",2,2
1833,2370,,0,0
1833,2382,G4,1,1
1833,2393,G4,1,1
1833,2394,G4,1,1
1833,2399,G4,1,1
1833,2416,G4,1,1
1833,2463,G4,1,1
1833,2512,G4,1,1
1833,2533,G4,1,1
1833,2615,G4,1,1
1833,2830,"A3,G4",2,2
1833,2834,G4,1,1
1833,2856,,0,0
1833,2889,G4,1,1
1834,2144,G4,1,1
1834,2152,G4,1,1
1834,2174,G4,1,1
1834,2177,G4,1,1
1834,2184,G4,1,1
1834,2194,G4,1,1
1834,2225,G4,1,1
1834,2239,G4,1,1
1834,2248,,0,0
1834,2263,G4,1,1
1834,2275,"A3,G4",2,2
1834,2303,G4,1,1
1834,2337,G4,1,1
1834,2342,G4,1,1
1834,2385,G4,1,1
1834,2402,G4,1,1
1834,2408,G4,1,1
1834,2426,G4,1,1
1834,2510,G4,1,1
1834,2573,"A3,A4,G4",3,2
1834,2853,,0,0
1834,2854,G4,1,1
1834,2859,G4,1,1
1834,2928,G4,1,1
1834,2950,G4,1,1
1835,2101,G4,1,1
1835,2122,G4,1,1
1835,2145,H1,1,1
1835,2154,G4,1,1
1835,2206,G4,1,1
1835,2219,G4,1,1
1835,2223,,0,0
1835,2226,G4,1,1
1835,2229,G4,1,1
1835,2256,G4,1,1
1835,2266,G4,1,1
1835,2281,G4,1,1
1835,2294,G4,1,1
1835,2298,G4,1,1
1835,2299,G4,1,1
1835,2305,G4,1,1
1835,2323,G4,1,1
1835,2325,G4,1,1
1835,2329,,0,0
1835,2378,G4,1,1
1835,2380,G4,1,1
1835,2384,G4,1,1
1835,2557,G4,1,1
1835,2561,G4,1,1
1835,2836,G4,1,1
1836,2129,G4,1,1
1836,2132,G4,1,1
1836,2146,,0,0
1836,2162,G4,1,1
1836,2165,G4,1,1
1836,2201,G4,1,1
1836,2216,G4,1,1
1836,2247,,0,0
1836,2249,G4,1,1
1836,2280,G4,1,1
1836,2285,"A3,G4",2,2
1836,2306,G4,1,1
1836,2336,G4,1,1
1836,2373,,0,0
1836,2396,G4,1,1
1836,2406,,0,0
1836,2409,G4,1,1
1836,2478,G4,1,1
1836,2602,G4,1,1
1836,2832,G4,1,1
1836,2927,G4,1,1
1836,2951,G4,1,1
1837,2127,G4,1,1
1837,2197,,0,0
1837,2199,G4,1,1
1837,2210,G4,1,1
1837,2212,G4,1,1
1837,2224,G4,1,1
1837,2238,G4,1,1
1837,2246,,0,0
1837,2267,G4,1,1
1837,2273,G4,1,1
1837,2282,G4,1,1
1837,2293,G4,1,1
1837,2296,G4,1,1
1837,2304,,0,0
1837,2313,G4,1,1
1837,2319,G4,1,1
1837,2327,G4,1,1
1837,2340,"A3,G4",2,2
1837,2417,G4,1,1
1837,2480,,0,0
1837,2481,,0,0
1837,2495,G4,1,1
1837,2511,,0,0
1837,2515,G4,1,1
1837,2864,,0,0
1837,2866,G4,1,1
1838,2105,G4,1,1
1838,2113,G4,1,1
1838,2115,G4,1,1
1838,2118,G4,1,1
1838,2134,G4,1,1
1838,2156,G4,1,1
1838,2176,G4,1,1
1838,2200,G4,1,1
1838,2214,G4,1,1
1838,2244,G4,1,1
1838,2245,G4,1,1
1838,2253,G4,1,1
1838,2258,G4,1,1
1838,2261,,0,0
1838,2272,G4,1,1
1838,2295,G4,1,1
1838,2301,"A3,G4",2,2
1838,2338,G4,1,1
1838,2353,G4,1,1
1838,2375,G4,1,1
1838,2376,G4,1,1
1838,2392,G4,1,1
1838,2401,G4,1,1
1838,2429,G4,1,1
1838,2479,G4,1,1
1838,2508,G4,1,1
1838,2534,G4,1,1
1838,2555,G4,1,1
1838,2574,G4,1,1
1838,2580,G4,1,1
1838,2616,G4,1,1
1838,2863,G4,1,1
1839,1544,G4,1,1
1839,2102,G4,1,1
1839,2112,G4,1,1
1839,2120,G4,1,1
1839,2159,G4,1,1
1839,2211,G4,1,1
1839,2220,G4,1,1
1839,2300,G4,1,1
1839,2314,G4,1,1
1839,2324,G4,1,1
1839,2348,G4,1,1
1839,2389,G4,1,1
1839,2390,G4,1,1
1839,2404,G4,1,1
1839,2425,G4,1,1
1839,2430,G4,1,1
1839,2597,G4,1,1
1839,2831,"A3,G4",2,2
1839,2932,G4,1,1
1839,2940,G4,1,1
1840,2104,G4,1,1
1840,2169,G4,1,1
1840,2181,G4,1,1
1840,2187,G4,1,1
1840,2208,G4,1,1
1840,2228,G4,1,1
1840,2230,"A3,G4",2,2
1840,2255,G4,1,1
1840,2265,"A3,G4",2,2
1840,2274,G4,1,1
1840,2284,G4,1,1
1840,2322,G4,1,1
1840,2341,,0,0
1840,2387,G4,1,1
1840,2411,G4,1,1
1840,2421,G4,1,1
1840,2423,G4,1,1
1840,2513,G4,1,1
1840,2527,G4,1,1
1840,2837,G4,1,1
1840,2857,,0,0
1840,2888,G4,1,1
1840,2952,G4,1,1
1841,1466,G4,1,1
1841,2103,G4,1,1
1841,2114,G4,1,1
1841,2121,G4,1,1
1841,2123,G4,1,1
1841,2137,G4,1,1
1841,2140,G4,1,1
1841,2155,G4,1,1
1841,2196,,0,0
1841,2198,G4,1,1
1841,2254,G4,1,1
1841,2316,G4,1,1
1841,2317,G4,1,1
1841,2318,G4,1,1
1841,2397,G4,1,1
1841,2398,G4,1,1
1841,2400,G4,1,1
1841,2407,G4,1,1
1841,2554,G4,1,1
1841,2565,G4,1,1
1841,2833,G4,1,1
1842,2117,G4,1,1
1842,2141,,0,0
1842,2142,,0,0
1842,2179,G4,1,1
1842,2193,G4,1,1
1842,2217,G4,1,1
1842,2251,G4,1,1
1842,2288,,0,0
1842,2309,G4,1,1
1842,2361,G4,1,1
1842,2386,G4,1,1
1842,2388,G4,1,1
1842,2391,G4,1,1
1842,2395,G4,1,1
1842,2433,G4,1,1
1842,2540,G4,1,1
1842,2562,G4,1,1
1842,2852,G4,1,1
1842,2855,G4,1,1
1842,2876,G4,1,1
1842,2929,G4,1,1
1937,2102,G4,1,1
1937,2105,G4,1,1
1937,2108,,0,0
1937,2118,G4,1,1
1937,2188,,0,0
1937,2190,,0,0
1937,2198,G4,1,1
1937,2201,"A3,G4",2,2
1937,2210,G4,1,1
1937,2233,G4,1,1
1937,2241,,0,0
1937,2249,,0,0
1937,2275,G4,1,1
1937,2303,G4,1,1
1937,2304,,0,0
1937,2320,G4,1,1
1937,2321,"B8,G4",2,2
1937,2344,G4,1,1
1937,2345,,0,0
1937,2382,"B8,G4",2,2
1937,2386,G4,1,1
1937,2387,B8,1,1
1937,2393,"B8,G4",2,2
1937,2405,"B8,G4",2,2
1937,2417,,0,0
1937,2420,G4,1,1
1937,2423,G4,1,1
1937,2428,G4,1,1
1937,2432,G4,1,1
1938,1466,G4,1,1
1938,2107,"B8,G4",2,2
1938,2134,,0,0
1938,2141,G4,1,1
1938,2143,G4,1,1
1938,2166,"B8,G4",2,2
1938,2208,G4,1,1
1938,2211,G4,1,1
1938,2215,G4,1,1
1938,2221,G4,1,1
1938,2245,G4,1,1
1938,2246,G4,1,1
1938,2251,G4,1,1
1938,2254,G4,1,1
1938,2264,G4,1,1
1938,2280,,0,0
1938,2281,,0,0
1938,2290,,0,0
1938,2299,G4,1,1
1938,2300,G4,1,1
1938,2301,G4,1,1
1938,2317,,0,0
1938,2353,G4,1,1
1938,2363,B8,1,1
1938,2366,,0,0
1938,2389,,0,0
1938,2429,A3,1,1
1938,2511,,0,0
1938,2531,,0,0
1938,2534,"B8,G4",2,2
1939,2114,B8,1,1
1939,2115,,0,0
1939,2119,B8,1,1
1939,2121,G4,1,1
1939,2126,B8,1,1
1939,2158,G4,1,1
1939,2177,G4,1,1
1939,2200,G4,1,1
1939,2214,"A3,G4",2,2
1939,2252,G4,1,1
1939,2258,G4,1,1
1939,2311,"B8,G4",2,2
1939,2312,"B8,G4",2,2
1939,2319,G4,1,1
1939,2329,G4,1,1
1939,2352,G4,1,1
1939,2391,"B8,G4",2,2
1939,2409,G4,1,1
1939,2512,G4,1,1
1939,2552,A3,1,1
1939,2565,,0,0
1940,2117,G4,1,1
1940,2122,G4,1,1
1940,2123,"B8,G4",2,2
1940,2172,G4,1,1
1940,2176,,0,0
1940,2193,,0,0
1940,2206,G4,1,1
1940,2225,G4,1,1
1940,2230,G4,1,1
1940,2238,B8,1,1
1940,2240,G4,1,1
1940,2266,G4,1,1
1940,2292,A3,1,1
1940,2322,,0,0
1940,2324,G4,1,1
1940,2337,"B8,G4",2,2
1940,2342,"B8,G4",2,2
1940,2554,G4,1,1
1940,2574,G4,1,1
1940,2580,A3,1,1
1941,2124,B8,1,1
1941,2154,G4,1,1
1941,2187,"B8,G4",2,2
1941,2196,,0,0
1941,2197,A3,1,1
1941,2216,,0,0
1941,2219,B8,1,1
1941,2220,G4,1,1
1941,2222,G4,1,1
1941,2224,G4,1,1
1941,2229,G4,1,1
1941,2237,G4,1,1
1941,2253,G4,1,1
1941,2263,"B8,G4",2,2
1941,2315,"B8,G4",2,2
1941,2361,"B8,G4",2,2
1941,2383,,0,0
1941,2394,B8,1,1
1941,2398,"B8,G4",2,2
1941,2400,G4,1,1
1941,2407,,0,0
1941,2416,G4,1,1
1941,2418,G4,1,1
1941,2425,"B8,G4",2,2
1941,2515,,0,0
1941,2517,,0,0
1941,2573,G4,1,1
1941,2602,,0,0
1942,2104,G4,1,1
1942,2125,G4,1,1
1942,2162,G4,1,1
1942,2165,,0,0
1942,2212,G4,1,1
1942,2248,,0,0
1942,2265,G4,1,1
1942,2271,,0,0
1942,2273,G4,1,1
1942,2314,"B8,G4",2,2
1942,2327,"B8,G4",2,2
1942,2378,,0,0
1942,2388,"B8,G4",2,2
1942,2390,,0,0
1942,2395,G4,1,1
1942,2396,G4,1,1
1942,2397,"A3,G4",2,2
1942,2401,B8,1,1
1942,2408,,0,0
1942,2421,G4,1,1
1942,2433,"B8,G4",2,2
1942,2479,G4,1,1
1942,2496,H1,1,1
1942,2532,"A3,B4",2,2
1942,2540,G4,1,1
1942,2562,,0,0
1943,2101,G4,1,1
1943,2130,,0,0
1943,2146,"B8,G4",2,2
1943,2152,G4,1,1
1943,2156,A3,1,1
1943,2250,G4,1,1
1943,2261,G4,1,1
1943,2272,G4,1,1
1943,2277,,0,0
1943,2325,G4,1,1
1943,2376,G4,1,1
1943,2385,"B8,G4",2,2
1943,2402,B8,1,1
1943,2411,G4,1,1
1943,2508,G4,1,1
1943,2533,B8,1,1
1943,2561,"B8,G4",2,2
1944,1544,G4,1,1
1944,2127,G4,1,1
1944,2129,G4,1,1
1944,2136,G4,1,1
1944,2142,G4,1,1
1944,2174,G4,1,1
1944,2194,,0,0
1944,2199,G4,1,1
1944,2232,G4,1,1
1944,2235,G4,1,1
1944,2244,G4,1,1
1944,2274,G4,1,1
1944,2282,,0,0
1944,2284,G4,1,1
1944,2293,G4,1,1
1944,2294,,0,0
1944,2305,G4,1,1
1944,2318,G4,1,1
1944,2348,G4,1,1
1944,2380,,0,0
1944,2430,A3,1,1
1944,2463,"B8,G4",2,2
1944,2513,,0,0
1944,2583,A3,1,1
1944,2622,G4,1,1
1945,2103,"B8,G4",2,2
1945,2131,B8,1,1
1945,2145,,0,0
1945,2164,G4,1,1
1945,2179,,0,0
1945,2185,"B8,G4",2,2
1945,2192,G4,1,1
1945,2195,G4,1,1
1945,2223,G4,1,1
1945,2226,"A3,G4",2,2
1945,2227,G4,1,1
1945,2239,,0,0
1945,2242,"B8,G4",2,2
1945,2247,G4,1,1
1945,2255,G4,1,1
1945,2259,G4,1,1
1945,2267,G4,1,1
1945,2285,G4,1,1
1945,2286,,0,0
1945,2287,G4,1,1
1945,2288,G4,1,1
1945,2289,B8,1,1
1945,2295,"A3,G4",2,2
1945,2298,,0,0
1945,2306,G4,1,1
1945,2336,"B8,G4",2,2
1945,2340,,0,0
1945,2371,G4,1,1
1945,2384,"B8,G4",2,2
1945,2392,G4,1,1
1945,2399,"A3,G4",2,2
1945,2424,G4,1,1
1945,2478,"B8,G4",2,2
1945,2625,"B8,G4",2,2
1945,2634,G4,1,1
1946,2110,G4,1,1
1946,2112,G4,1,1
1946,2120,"B8,G4,H1",3,3
1946,2132,"B8,G4",2,2
1946,2133,,0,0
1946,2137,"B8,G4",2,2
1946,2144,G4,1,1
1946,2159,G4,1,1
1946,2181,"B8,G4",2,2
1946,2276,G4,1,1
1946,2291,G4,1,1
1946,2316,G4,1,1
1946,2323,"B8,G4",2,2
1946,2367,,0,0
1946,2372,,0,0
1946,2373,G4,1,1
1946,2375,G4,1,1
1946,2404,"B8,G4",2,2
1946,2413,G4,1,1
1946,2426,"B8,G4",2,2
1946,2431,"B8,G4",2,2
1946,2480,G4,1,1
1946,2510,G4,1,1
1977,2120,G4,1,1
1977,2125,,0,0
1977,2152,G4,1,1
1977,2206,G4,1,1
1977,2212,"B8,G4",2,2
1977,2223,,0,0
1977,2247,G4,1,1
1977,2250,G4,1,1
1977,2260,G4,1,1
1977,2267,G4,1,1
1977,2269,"B8,G4",2,2
1977,2271,G4,1,1
1977,2277,G4,1,1
1977,2280,G4,1,1
1977,2318,B8,1,1
1977,2348,,0,0
1977,2375,G4,1,1
1977,2416,,0,0
1977,2424,G4,1,1
1977,2433,G4,1,1
1977,2618,,0,0
1977,2831,"A3,G4",2,2
1977,2858,B4,1,1
1977,2954,G4,1,1
1978,2122,G4,1,1
1978,2143,G4,1,1
1978,2144,G4,1,1
1978,2146,,0,0
1978,2229,"B8,G4",2,2
1978,2230,G4,1,1
1978,2238,"B4,G4",2,2
1978,2248,G4,1,1
1978,2252,,0,0
1978,2253,G4,1,1
1978,2266,"B8,G4",2,2
1978,2288,G4,1,1
1978,2342,G4,1,1
1978,2376,"B8,G4",2,2
1978,2400,"B4,G4",2,2
1978,2404,G4,1,1
1978,2615,,0,0
1978,2833,B8,1,1
1978,2888,"B8,G4",2,2
1978,2929,,0,0
1979,1466,G4,1,1
1979,2104,,0,0
1979,2123,G4,1,1
1979,2176,,0,0
1979,2177,"B8,G4",2,2
1979,2193,G4,1,1
1979,2197,,0,0
1979,2204,G4,1,1
1979,2224,,0,0
1979,2262,G4,1,1
1979,2263,G4,1,1
1979,2281,G4,1,1
1979,2299,G4,1,1
1979,2379,,0,0
1979,2554,"B4,B8,G4",3,2
1979,2622,G4,1,1
1979,2853,G4,1,1
1979,2864,,0,0
1979,2975,"B4,G4",2,2
1980,2132,B8,1,1
1980,2195,,0,0
1980,2208,,0,0
1980,2210,"B8,G4",2,2
1980,2220,,0,0
1980,2249,,0,0
1980,2282,,0,0
1980,2284,"B8,G4",2,2
1980,2304,,0,0
1980,2320,,0,0
1980,2353,B8,1,1
1980,2361,G4,1,1
1980,2383,,0,0
1980,2390,,0,0
1980,2392,,0,0
1980,2407,G4,1,1
1980,2411,"B4,G4",2,2
1980,2430,B8,1,1
1980,2510,G4,1,1
1980,2531,"A3,B8",2,2
1980,2587,"B8,G4",2,2
1980,2830,G4,1,1
1980,2836,A3,1,1
1980,2856,B8,1,1
1980,2963,,0,0
1981,2117,G4,1,1
1981,2126,G4,1,1
1981,2131,G4,1,1
1981,2136,G4,1,1
1981,2142,,0,0
1981,2145,,0,0
1981,2156,,0,0
1981,2159,G4,1,1
1981,2164,,0,0
1981,2179,,0,0
1981,2194,G4,1,1
1981,2239,,0,0
1981,2246,,0,0
1981,2258,"B8,G4",2,2
1981,2273,G4,1,1
1981,2291,,0,0
1981,2303,,0,0
1981,2311,G4,1,1
1981,2329,"B8,G4",2,2
1981,2337,"B8,G4",2,2
1981,2345,B8,1,1
1981,2366,G4,1,1
1981,2384,G4,1,1
1981,2387,G4,1,1
1981,2391,B4,1,1
1981,2394,G4,1,1
1981,2398,"B8,G4",2,2
1981,2399,,0,0
1981,2426,"B8,G4",2,2
1981,2534,G4,1,1
1981,2562,"A3,G4",2,2
1981,2580,G4,1,1
1981,2583,,0,0
1981,2855,G4,1,1
1981,2857,G4,1,1
1981,2936,G4,1,1
1982,1544,,0,0
1982,2101,B8,1,1
1982,2124,G4,1,1
1982,2154,G4,1,1
1982,2192,"B8,G4",2,2
1982,2198,G4,1,1
1982,2216,G4,1,1
1982,2219,"B8,G4",2,2
1982,2240,G4,1,1
1982,2242,"B8,G4",2,2
1982,2254,"B8,G4",2,2
1982,2272,G4,1,1
1982,2301,,0,0
1982,2316,B8,1,1
1982,2322,,0,0
1982,2323,G4,1,1
1982,2327,G4,1,1
1982,2336,B8,1,1
1982,2396,G4,1,1
1982,2423,,0,0
1982,2508,G4,1,1
1982,2511,B4,1,1
1982,2540,G4,1,1
1982,2565,G4,1,1
1982,2602,G4,1,1
1982,2625,,0,0
1982,2851,G4,1,1
1983,2103,B8,1,1
1983,2129,G4,1,1
1983,2150,G4,1,1
1983,2158,G4,1,1
1983,2188,G4,1,1
1983,2190,,0,0
1983,2200,G4,1,1
1983,2211,"B8,G4",2,2
1983,2293,"B8,E1,G4",3,3
1983,2295,,0,0
1983,2312,,0,0
1983,2325,G4,1,1
1983,2341,,0,0
1983,2378,,0,0
1983,2382,,0,0
1983,2386,,0,0
1983,2395,G4,1,1
1983,2417,,0,0
1983,2429,B8,1,1
1983,2478,G4,1,1
1983,2479,G4,1,1
1983,2532,,0,0
1983,2552,,0,0
1983,2834,G4,1,1
1983,2866,"B8,G4",2,2
1985,2141,,0,0
1985,2162,,0,0
1985,2166,,0,0
1985,2174,G4,1,1
1985,2241,G4,1,1
1985,2251,,0,0
1985,2265,,0,0
1985,2275,"B8,G4",2,2
1985,2283,"B4,G4",2,2
1985,2292,G4,1,1
1985,2294,B8,1,1
1985,2305,,0,0
1985,2319,G4,1,1
1985,2324,,0,0
1985,2340,G4,1,1
1985,2373,,0,0
1985,2389,"B8,G4",2,2
1985,2401,,0,0
1985,2405,,0,0
1985,2408,A3,1,1
1985,2515,,0,0
1985,2561,,0,0
1985,2574,B8,1,1
1985,2832,G4,1,1
1985,2852,"B8,G4",2,2
1986,2102,G4,1,1
1986,2110,"B4,B8,G4",3,2
1986,2118,,0,0
1986,2121,G4,1,1
1986,2169,"B8,G4",2,2
1986,2185,B8,1,1
1986,2187,,0,0
1986,2199,,0,0
1986,2225,G4,1,1
1986,2244,G4,1,1
1986,2245,,0,0
1986,2261,,0,0
1986,2274,G4,1,1
1986,2276,"B8,G4",2,2
1986,2290,,0,0
1986,2317,G4,1,1
1986,2388,"B4,G4",2,2
1986,2397,G4,1,1
1986,2425,G4,1,1
1986,2463,G4,1,1
1986,2555,,0,0
1986,2566,,0,0
1987,2107,"B8,G4",2,2
1987,2114,B8,1,1
1987,2124,B8,1,1
1987,2127,G4,1,1
1987,2130,B8,1,1
1987,2137,G4,1,1
1987,2156,G4,1,1
1987,2158,G4,1,1
1987,2162,,0,0
1987,2290,G4,1,1
1987,2301,G4,1,1
1987,2316,G4,1,1
1987,2418,,0,0
1987,2432,,0,0
1987,2433,,0,0
1987,2552,"B8,G4",2,2
1987,2815,G4,1,1
1987,2819,G4,1,1
1987,2821,B8,1,1
1987,2822,G4,1,1
1987,2853,G4,1,1
1987,2888,G4,1,1
1987,2936,G4,1,1
1988,2105,,0,0
1988,2110,G4,1,1
1988,2121,G4,1,1
1988,2125,B8,1,1
1988,2152,G4,1,1
1988,2167,G4,1,1
1988,2252,,0,0
1988,2260,,0,0
1988,2262,,0,0
1988,2284,G4,1,1
1988,2288,G4,1,1
1988,2319,G4,1,1
1988,2323,,0,0
1988,2324,G4,1,1
1988,2382,"B8,G4",2,2
1988,2385,"B8,G4",2,2
1988,2811,G4,1,1
1988,2825,"B8,G4",2,2
1988,2832,G4,1,1
1988,2864,G4,1,1
1989,2101,G4,1,1
1989,2104,G4,1,1
1989,2116,,0,0
1989,2123,G4,1,1
1989,2165,G4,1,1
1989,2166,,0,0
1989,2190,G4,1,1
1989,2195,G4,1,1
1989,2199,G4,1,1
1989,2200,G4,1,1
1989,2207,"A3,G4,H1",3,3
1989,2212,"B8,G4",2,2
1989,2225,G4,1,1
1989,2241,,0,0
1989,2242,,0,0
1989,2244,,0,0
1989,2248,,0,0
1989,2250,G4,1,1
1989,2266,G4,1,1
1989,2267,G4,1,1
1989,2269,,0,0
1989,2306,,0,0
1989,2312,,0,0
1989,2320,,0,0
1989,2386,G4,1,1
1989,2393,G4,1,1
1989,2395,G4,1,1
1989,2405,G4,1,1
1989,2421,,0,0
1989,2463,"B8,G4",2,2
1989,2478,,0,0
1989,2530,A3,1,1
1989,2535,G4,1,1
1989,2808,"B8,G4",2,2
1989,2824,"B8,G4",2,2
1989,2828,G4,1,1
1989,2851,G4,1,1
1989,2856,"B8,G4",2,2
1989,2874,"B8,G4",2,2
1990,2117,"B8,G4",2,2
1990,2144,G4,1,1
1990,2145,,0,0
1990,2192,"B8,G4",2,2
1990,2197,,0,0
1990,2213,G4,1,1
1990,2216,"A3,G4",2,2
1990,2219,"B8,G4",2,2
1990,2226,"B8,G4",2,2
1990,2227,A3,1,1
1990,2230,G4,1,1
1990,2240,A3,1,1
1990,2253,,0,0
1990,2261,G4,1,1
1990,2299,"G4,H1",2,2
1990,2303,,0,0
1990,2388,"B8,G4",2,2
1990,2390,G4,1,1
1990,2401,G4,1,1
1990,2404,G4,1,1
1990,2425,"B8,G4",2,2
1990,2622,,0,0
1990,2813,"B8,G4",2,2
1990,2829,G4,1,1
1990,2831,"B4,G4",2,2
1990,2857,G4,1,1
1990,2889,G4,1,1
1991,1466,G4,1,1
1991,2141,G4,1,1
1991,2146,G4,1,1
1991,2223,G4,1,1
1991,2224,"B8,G4",2,2
1991,2238,G4,1,1
1991,2245,,0,0
1991,2246,,0,0
1991,2249,G4,1,1
1991,2265,,0,0
1991,2277,,0,0
1991,2295,G4,1,1
1991,2327,,0,0
1991,2348,G4,1,1
1991,2387,"B8,G4",2,2
1991,2391,,0,0
1991,2396,G4,1,1
1991,2513,"B8,G4",2,2
1991,2515,B8,1,1
1991,2517,G4,1,1
1991,2618,G4,1,1
1991,2625,G4,1,1
1991,2806,B8,1,1
1991,2834,G4,1,1
1991,2858,"B4,G4",2,2
1991,2866,A3,1,1
1991,2878,,0,0
1991,2922,G4,1,1
1991,2960,G4,1,1
1992,2131,"A3,B8",2,2
1992,2143,"B8,G4",2,2
1992,2174,G4,1,1
1992,2177,G4,1,1
1992,2187,G4,1,1
1992,2193,"B8,G4",2,2
1992,2194,"B8,G4",2,2
1992,2206,G4,1,1
1992,2208,G4,1,1
1992,2271,,0,0
1992,2272,,0,0
1992,2280,,0,0
1992,2286,B8,1,1
1992,2294,G4,1,1
1992,2304,,0,0
1992,2311,,0,0
1992,2329,"B8,G4",2,2
1992,2336,G4,1,1
1992,2353,B8,1,1
1992,2373,G4,1,1
1992,2383,G4,1,1
1992,2398,G4,1,1
1992,2402,,0,0
1992,2424,,0,0
1992,2428,G4,1,1
1992,2512,G4,1,1
1992,2565,,0,0
1992,2814,G4,1,1
1992,2833,G4,1,1
1992,2952,G4,1,1
1992,2954,G4,1,1
1993,1544,G4,1,1
1993,2113,B8,1,1
1993,2176,,0,0
1993,2210,G4,1,1
1993,2233,G4,1,1
1993,2239,G4,1,1
1993,2291,B8,1,1
1993,2305,,0,0
1993,2397,G4,1,1
1993,2400,G4,1,1
1993,2407,,0,0
1993,2561,G4,1,1
1993,2809,"A3,G4",2,2
1993,2816,,0,0
1993,2827,"B8,G4",2,2
1993,2852,B8,1,1
1993,2855,G4,1,1
1993,2875,G4,1,1
1994,2103,"B8,G4",2,2
1994,2129,"B8,G4",2,2
1994,2155,,0,0
1994,2159,G4,1,1
1994,2188,G4,1,1
1994,2201,G4,1,1
1994,2221,"B8,G4",2,2
1994,2229,G4,1,1
1994,2254,,0,0
1994,2255,,0,0
1994,2258,G4,1,1
1994,2281,,0,0
1994,2287,G4,1,1
1994,2342,G4,1,1
1994,2378,,0,0
1994,2392,G4,1,1
1994,2399,G4,1,1
1994,2417,"B8,G4",2,2
1994,2420,,0,0
1994,2426,G4,1,1
1994,2480,G4,1,1
1994,2540,,0,0
1994,2574,G4,1,1
1994,2580,G4,1,1
1994,2587,,0,0
1994,2602,G4,1,1
1994,2615,G4,1,1
1994,2826,"B8,G4",2,2
1994,2830,G4,1,1
1994,2881,G4,1,1
1994,2940,,0,0
1995,2118,,0,0
1995,2134,G4,1,1
1995,2136,G4,1,1
1995,2142,G4,1,1
1995,2181,"B8,G4",2,2
1995,2251,G4,1,1
1995,2263,,0,0
1995,2276,"B8,G4",2,2
1995,2289,B8,1,1
1995,2317,G4,1,1
1995,2325,G4,1,1
1995,2344,B8,1,1
1995,2345,B8,1,1
1995,2366,,0,0
1995,2375,,0,0
1995,2389,"B8,G4",2,2
1995,2394,G4,1,1
1995,2508,G4,1,1
1995,2511,"B8,G4",2,2
1995,2531,"A3,G4",2,2
1995,2817,G4,1,1
1995,2836,G4,1,1
1995,2859,G4,1,1
1995,2882,B8,1,1
1996,2102,G4,1,1
1996,2112,,0,0
1996,2120,"A3,G4",2,2
1996,2126,G4,1,1
1996,2154,G4,1,1
1996,2185,G4,1,1
1996,2198,G4,1,1
1996,2204,G4,1,1
1996,2222,"B8,G4",2,2
1996,2264,"A3,G4",2,2
1996,2282,,0,0
1996,2355,,0,0
1996,2376,"B8,G4",2,2
1996,2379,G4,1,1
1996,2384,G4,1,1
1996,2416,G4,1,1
1996,2479,G4,1,1
1996,2510,G4,1,1
1996,2534,,0,0
1996,2554,"B8,G4",2,2
1996,2562,G4,1,1
1996,2573,"B8,G4",2,2
1996,2807,G4,1,1
1996,2812,"B8,G4",2,2
1996,2854,G4,1,1
1996,2929,,0,0
1996,2975,G4,1,1
2030,2112,"B8,G4",2,2
2030,2114,B8,1,1
2030,2121,"B8,G4",2,2
2030,2165,"B8,G4",2,2
2030,2190,"A3,B8,G4",3,3
2030,2394,"B8,G4",2,2
2030,2433,"B8,G4",2,2
2030,2602,"B8,G4",2,2
2030,2622,"B8,G4",2,2
2030,3082,"B8,G4",2,2
2030,3090,"A3,B8,G4",3,3
2030,3142,"B8,G4",2,2
2030,3144,"B8,G4",2,2
2030,3162,G4,1,1
2030,3203,B8,1,1
2030,3216,G4,1,1
2030,3344,"B8,G4",2,2
2030,3477,"B8,G4",2,2
2030,3570,"B8,G4",2,2
2030,3692,B8,1,1
2030,3743,G4,1,1
2030,3817,"B8,G4",2,2
2030,5012,"B8,G4",2,2
2030,5179,B8,1,1
2030,5837,A2,1,1
2030,6340,B8,1,1
2030,6343,"B8,G4",2,2
2030,6356,"B8,G4",2,2
2030,6427,"A3,B8,G4",3,3
2030,6533,"B8,G4",2,2
2031,2108,"B8,E1,G4",3,3
2031,2120,B8,1,1
2031,2176,"B8,G4",2,2
2031,2246,"B8,G4",2,2
2031,2319,"A2,G4",2,2
2031,2320,"B8,G4",2,2
2031,2325,"B8,G4",2,2
2031,2405,B8,1,1
2031,2411,"B8,G4",2,2
2031,2421,"B8,G4",2,2
2031,2513,B8,1,1
2031,2583,B8,1,1
2031,3095,"A2,G4",2,2
2031,3104,"A2,G4",2,2
2031,3115,"B8,G4",2,2
2031,3130,"B8,G4",2,2
2031,3171,"B8,G4",2,2
2031,3204,"B8,G4",2,2
2031,3221,G4,1,1
2031,3225,"B8,G4",2,2
2031,3227,"B8,G4",2,2
2031,3235,"A2,G4",2,2
2031,3237,"B8,G4",2,2
2031,3246,"A2,G4",2,2
2031,3276,"A2,G4",2,2
2031,3331,"B8,G4",2,2
2031,3333,"B8,G4",2,2
2031,3338,"B8,G4",2,2
2031,3341,"B8,G4",2,2
2031,3342,"B8,G4",2,2
2031,3361,"B8,G4,H1",3,3
2031,3399,"A2,G4",2,2
2031,3425,"B8,G4",2,2
2031,3656,"B8,G4",2,2
2031,3658,G4,1,1
2031,3784,"A3,B8,B9",3,2
2031,3807,"A3,B8,G4",3,3
2031,5173,B8,1,1
2031,5285,"A3,B8,G4",3,3
2031,5812,"B8,G4",2,2
2031,6151,,0,0
2031,6344,"B8,G4",2,2
2031,6367,G4,1,1
2031,6393,"B8,G4",2,2
2031,6404,,0,0
2031,6412,"B8,G4",2,2
2031,6413,"A3,B8,G4",3,3
2031,6420,"B8,G4",2,2
2031,6426,"B8,G4",2,2
2031,6434,"B8,G4",2,2
2031,6439,"B8,G4",2,2
2031,6447,"B8,G4",2,2
2032,1591,"B8,G4",2,2
2032,2104,"B8,G4",2,2
2032,2123,"B8,G4",2,2
2032,2127,"B8,G4",2,2
2032,2158,"B8,G4",2,2
2032,2162,"B8,G4",2,2
2032,2169,"B8,G4",2,2
2032,2177,"B8,G4",2,2
2032,2179,"B8,G4",2,2
2032,2198,"B8,G4",2,2
2032,2244,"B8,G4",2,2
2032,2249,"B8,G4",2,2
2032,2261,"A2,B8,G4",3,3
2032,2274,,0,0
2032,2322,"B8,G4",2,2
2032,2375,G4,1,1
2032,2393,"B8,G4",2,2
2032,2478,,0,0
2032,3057,"B8,G4",2,2
2032,3063,,0,0
2032,3069,G4,1,1
2032,3105,B8,1,1
2032,3120,"B8,G4",2,2
2032,3122,"B8,G4",2,2
2032,3145,"B8,G4",2,2
2032,3181,"B8,C1,G4",3,3
2032,3190,"B8,G4",2,2
2032,3233,B8,1,1
2032,3244,"B8,G4",2,2
2032,3267,"A3,B8,G4",3,3
2032,3317,G4,1,1
2032,3750,"B8,G4",2,2
2032,3774,"B8,G4",2,2
2032,5036,"B8,G4",2,2
2032,5167,"B8,G4",2,2
2032,5839,"B8,B9,G4",3,2
2032,6411,"A2,A3",2,1
2032,6429,"B8,G4",2,2
2032,6431,"B8,G4",2,2
2032,6464,"B8,G4",2,2
2032,6549,"B8,G4",2,2
2033,2115,"B8,G4",2,2
2033,2124,"A3,B8",2,2
2033,2167,"A3,B8",2,2
2033,2181,"B8,G4",2,2
2033,2185,"A3,B8",2,2
2033,2208,"A3,B8",2,2
2033,2361,"B8,G4",2,2
2033,2391,B8,1,1
2033,3046,"A2,G4",2,2
2033,3053,"A2,G4",2,2
2033,3072,"A2,G4",2,2
2033,3188,"B8,G4",2,2
2033,3197,"B8,G4",2,2
2033,3212,,0,0
2033,3315,B8,1,1
2033,3324,B8,1,1
2033,3348,,0,0
2033,3349,B8,1,1
2033,3502,G4,1,1
2033,3697,G4,1,1
2033,3702,"B8,G4",2,2
2033,3706,"B8,G4",2,2
2033,3712,G4,1,1
2033,3715,B8,1,1
2034,2103,G4,1,1
2034,2129,G4,1,1
2034,2134,G4,1,1
2034,2142,G4,1,1
2034,2159,G4,1,1
2034,2166,G4,1,1
2034,2170,G4,1,1
2034,2312,,0,0
2034,2314,G4,1,1
2034,2316,G4,1,1
2034,2318,G4,1,1
2034,2383,G4,1,1
2034,2397,G4,1,1
2034,2400,G4,1,1
2034,2401,G4,1,1
2034,2407,G4,1,1
2034,2408,G4,1,1
2034,2511,,0,0
2034,2532,,0,0
2034,3061,,0,0
2034,3066,G4,1,1
2034,3070,G4,1,1
2034,3079,,0,0
2034,3088,,0,0
2034,3101,"A3,G4",2,2
2034,3111,,0,0
2034,3148,"B8,G4",2,2
2034,3196,G4,1,1
2034,3200,G4,1,1
2034,3208,G4,1,1
2034,3232,"B8,G4",2,2
2034,3238,G4,1,1
2034,3245,G4,1,1
2034,3260,G4,1,1
2034,3306,G4,1,1
2034,3345,G4,1,1
2034,3352,G4,1,1
2034,3362,"A3,G4",2,2
2034,3451,G4,1,1
2034,3495,,0,0
2034,3657,G4,1,1
2034,3691,G4,1,1
2034,3703,,0,0
2034,3704,G4,1,1
2034,3745,G4,1,1
2034,3808,"B8,E1,G4",3,3
2035,2110,G4,1,1
2035,2125,G4,1,1
2035,2131,"A3,G4",2,2
2035,2144,,0,0
2035,2174,"A3,B8,G4",3,3
2035,2188,G4,1,1
2035,2201,G4,1,1
2035,2245,G4,1,1
2035,2251,G4,1,1
2035,2254,G4,1,1
2035,2263,G4,1,1
2035,2338,G4,1,1
2035,2341,A3,1,1
2035,2388,G4,1,1
2035,2392,A3,1,1
2035,2479,,0,0
2035,2480,G4,1,1
2035,2517,,0,0
2035,3031,G4,1,1
2035,3044,G4,1,1
2035,3073,G4,1,1
2035,3085,G4,1,1
2035,3098,G4,1,1
2035,3100,G4,1,1
2035,3119,"B8,G4",2,2
2035,3165,"A3,G4",2,2
2035,3175,"B8,G4",2,2
2035,3180,G4,1,1
2035,3183,G4,1,1
2035,3194,G4,1,1
2035,3195,,0,0
2035,3214,,0,0
2035,3265,"B8,G4",2,2
2035,3273,,0,0
2035,3328,G4,1,1
2035,3351,"B8,G4",2,2
2035,3397,G4,1,1
2035,3441,,0,0
2035,3508,"B8,G4",2,2
2035,3522,G4,1,1
2035,3532,"B8,G4",2,2
2035,3708,"A3,G4",2,2
2035,3714,,0,0
2035,3742,G4,1,1
2035,3751,G4,1,1
2035,3855,,0,0
2035,5038,,0,0
2035,5041,"B8,G4",2,2
2035,5121,"B8,G4",2,2
2035,5817,"B8,G4",2,2
2035,5835,G4,1,1
2035,6351,G4,1,1
2035,6360,G4,1,1
2035,6368,G4,1,1
2035,6394,G4,1,1
2035,6432,"A3,G4",2,2
2035,6456,"B8,G4",2,2
2035,6462,"B8,G4",2,2
2035,6520,G4,1,1
2036,2101,B8,1,1
2036,2143,"B8,G4",2,2
2036,2145,"B8,G4",2,2
2036,2187,"A3,B8",2,2
2036,2248,"B8,G4",2,2
2036,2262,"B8,G4",2,2
2036,2317,B8,1,1
2036,2342,"B8,G4",2,2
2036,2376,"B8,G4",2,2
2036,2390,"B8,G4",2,2
2036,2402,B8,1,1
2036,2413,B8,1,1
2036,2580,"B8,G4",2,2
2036,3071,"B8,G4",2,2
2036,3081,G4,1,1
2036,3089,"A2,B8,G4",3,3
2036,3097,"B8,G4",2,2
2036,3103,G4,1,1
2036,3112,A3,1,1
2036,3143,"B8,G4",2,2
2036,3151,"B8,G4",2,2
2036,3179,"B8,G4",2,2
2036,3191,"B8,G4",2,2
2036,3205,"B8,G4",2,2
2036,3215,"B8,G4",2,2
2036,3275,B8,1,1
2036,3308,G4,1,1
2036,3310,G4,1,1
2036,3321,"B8,G4",2,2
2036,3337,"B8,G4",2,2
2036,3343,G4,1,1
2036,3355,"B8,G4",2,2
2036,3423,G4,1,1
2036,3705,,0,0
2036,5036,"B8,G4",2,2
2036,5835,G4,1,1
2036,6382,"B8,G4",2,2
2036,6670,,0,0
2037,2113,"B8,G4",2,2
2037,2117,"A2,G4",2,2
2037,2140,,0,0
2037,2156,"A3,B8,B9,G4",4,3
2037,2193,B8,1,1
2037,2194,"B8,G4",2,2
2037,2252,"A4,B8,G4",3,3
2037,2273,"B8,G4",2,2
2037,2340,A2,1,1
2037,2426,B8,1,1
2037,2463,A3,1,1
2037,3060,"A2,G4",2,2
2037,3080,B8,1,1
2037,3117,,0,0
2037,3169,"A3,B8",2,2
2037,3198,B8,1,1
2037,3207,B8,1,1
2037,3211,B8,1,1
2037,3213,"B8,G4",2,2
2037,3218,B8,1,1
2037,3230,B8,1,1
2037,3234,"B8,G4",2,2
2037,3255,"B8,G4",2,2
2037,3263,G4,1,1
2037,3311,"B8,G4",2,2
2037,3313,G4,1,1
2037,3314,B8,1,1
2037,3320,B8,1,1
2037,3334,,0,0
2037,3448,B8,1,1
2037,3449,"A4,B8,G4",3,3
2037,3699,B8,1,1
2037,5179,,0,0
2037,5473,B8,1,1
2037,6344,"B8,G4",2,2
2037,6351,B8,1,1
2037,6394,"B8,G4",2,2
2037,6414,G4,1,1
2037,6424,B8,1,1
2037,6434,B8,1,1
2037,6435,,0,0
2037,6436,"B8,G4",2,2
2037,6457,B8,1,1
2037,6466,A3,1,1
2037,6467,B8,1,1
2038,1466,"B8,G4",2,2
2038,2122,"B8,G4",2,2
2038,2130,"B8,G4",2,2
2038,2200,"B8,G4",2,2
2038,2242,"B8,G4",2,2
2038,2250,"B8,G4",2,2
2038,2258,"B8,G4",2,2
2038,2259,"B8,G4",2,2
2038,2264,"B8,G4",2,2
2038,2265,"B8,G4",2,2
2038,2272,"B8,G4",2,2
2038,2315,B8,1,1
2038,2329,,0,0
2038,2348,"B8,G4",2,2
2038,2382,G4,1,1
2038,2384,G4,1,1
2038,2385,"B8,G4",2,2
2038,2387,"B8,G4",2,2
2038,2396,"B8,G4",2,2
2038,2398,G4,1,1
2038,2404,"B8,G4",2,2
2038,2425,"B8,G4",2,2
2038,2534,"B8,G4",2,2
2038,2554,G4,1,1
2038,3054,"A3,B8,G4",3,3
2038,3075,"B8,G4",2,2
2038,3102,"B8,G4",2,2
2038,3106,"B8,G4",2,2
2038,3107,B8,1,1
2038,3127,G4,1,1
2038,3138,,0,0
2038,3160,A3,1,1
2038,3164,"B8,G4",2,2
2038,3176,"B11,B8,G4",3,2
2038,3201,"B8,G4",2,2
2038,3202,A3,1,1
2038,3209,"B8,G4",2,2
2038,3222,"A2,G4",2,2
2038,3223,"B8,G4",2,2
2038,3224,"B8,G4",2,2
2038,3264,G4,1,1
2038,3277,"B8,G4",2,2
2038,3307,"B8,G4",2,2
2038,3322,"B8,G4",2,2
2038,3325,G4,1,1
2038,3327,"B8,G4",2,2
2038,3353,G4,1,1
2038,3417,"B8,G4",2,2
2038,3418,,0,0
2038,3645,"B8,G4",2,2
2038,3650,"A2,B8,G4",3,3
2038,3652,,0,0
2038,3710,G4,1,1
2038,3749,G4,1,1
2038,3759,G4,1,1
2038,3778,"B8,G4",2,2
2038,5628,"A3,B8,G4",3,3
2038,6172,"B8,G4",2,2
2038,6417,A2,1,1
2038,6429,"B8,G4",2,2
2038,6445,"B8,G4",2,2
2038,6533,B8,1,1
2039,2118,"B8,G4",2,2
2039,2172,"B8,G4",2,2
2039,2206,"B8,G4",2,2
2039,2253,"B8,G4",2,2
2039,2378,"B8,G4",2,2
2039,2386,,0,0
2039,2512,"B4,B8,G4",3,2
2039,2615,"A2,G4",2,2
2039,2625,"B8,G4",2,2
2039,3030,"B8,G4",2,2
2039,3048,"A2,G4",2,2
2039,3058,"B8,G4",2,2
2039,3076,G4,1,1
2039,3083,G4,1,1
2039,3092,"A2,G4",2,2
2039,3131,G4,1,1
2039,3139,"B8,G4",2,2
2039,3140,"A3,B8,G4",3,3
2039,3149,"B8,G4",2,2
2039,3155,"B8,G4",2,2
2039,3166,"B8,G4",2,2
2039,3182,"B8,G4",2,2
2039,3184,"A2,A3,G4",3,2
2039,3199,"B8,G4",2,2
2039,3305,B8,1,1
2039,3335,"B8,G4",2,2
2039,3434,"B8,G4",2,2
2039,3443,"B8,G4",2,2
2039,3447,"B8,G4",2,2
2039,3620,"B8,G4",2,2
2039,3651,G4,1,1
2039,3707,"B8,G4",2,2
2039,3709,G4,1,1
2039,3716,"B8,G4",2,2
2039,3755,G4,1,1
2121,2122,,0,0
2121,2137,G4,1,1
2121,2152,"A3,G4",2,2
2121,2156,G4,1,1
2121,2165,,0,0
2121,2181,,0,0
2121,2193,G4,1,1
2121,2225,G4,1,1
2121,2226,G4,1,1
2121,2229,,0,0
2121,2233,G4,1,1
2121,2258,,0,0
2121,2260,G4,1,1
2121,2267,G4,1,1
2121,2276,G4,1,1
2121,2280,G4,1,1
2121,2291,G4,1,1
2121,2295,"G4,H1",2,2
2121,2323,,0,0
2121,2389,G4,1,1
2121,2421,"A3,G4",2,2
2121,2495,,0,0
2121,2561,,0,0
2121,2565,"A3,G4",2,2
2121,2836,G4,1,1
2121,2918,,0,0
2122,2118,,0,0
2122,2132,,0,0
2122,2159,,0,0
2122,2172,G4,1,1
2122,2200,,0,0
2122,2208,,0,0
2122,2214,G4,1,1
2122,2247,G4,1,1
2122,2252,,0,0
2122,2288,G4,1,1
2122,2293,G4,1,1
2122,2304,G4,1,1
2122,2316,G4,1,1
2122,2318,"B8,G4",2,2
2122,2324,G4,1,1
2122,2361,G4,1,1
2122,2366,G4,1,1
2122,2373,A3,1,1
2122,2384,G4,1,1
2122,2395,,0,0
2122,2420,G4,1,1
2122,2428,"B8,G4",2,2
2122,2511,,0,0
2122,2513,G4,1,1
2122,2831,"B8,G4",2,2
2122,2852,G4,1,1
2123,2108,G4,1,1
2123,2112,,0,0
2123,2116,G4,1,1
2123,2136,G4,1,1
2123,2144,"B8,G4",2,2
2123,2177,"B8,G4",2,2
2123,2215,,0,0
2123,2240,G4,1,1
2123,2259,G4,1,1
2123,2268,,0,0
2123,2275,,0,0
2123,2296,G4,1,1
2123,2303,G4,1,1
2123,2319,"B8,G4",2,2
2123,2325,"B8,G4",2,2
2123,2379,,0,0
2123,2382,"B8,G4",2,2
2123,2393,"B8,G4",2,2
2123,2394,G4,1,1
2123,2397,G4,1,1
2123,2422,,0,0
2123,2425,,0,0
2123,2430,,0,0
2123,2531,"B8,G4",2,2
2123,2622,"B8,G4",2,2
2123,2851,A3,1,1
2123,2936,B8,1,1
2123,2975,"B8,G4",2,2
2124,2110,"A3,G4",2,2
2124,2141,"A2,G4",2,2
2124,2155,,0,0
2124,2219,A3,1,1
2124,2242,G4,1,1
2124,2249,G4,1,1
2124,2253,G4,1,1
2124,2264,G4,1,1
2124,2271,G4,1,1
2124,2273,G4,1,1
2124,2274,G4,1,1
2124,2283,G4,1,1
2124,2287,G4,1,1
2124,2289,G4,1,1
2124,2292,G4,1,1
2124,2305,G4,1,1
2124,2306,"B8,G4",2,2
2124,2367,,0,0
2124,2391,,0,0
2124,2398,G4,1,1
2124,2399,G4,1,1
2124,2426,,0,0
2124,2533,,0,0
2124,2573,,0,0
2124,2602,B8,1,1
2124,2854,"B8,G4",2,2
2125,2179,,0,0
2125,2185,A3,1,1
2125,2188,G4,1,1
2125,2194,G4,1,1
2125,2210,,0,0
2125,2212,G4,1,1
2125,2216,G4,1,1
2125,2220,,0,0
2125,2222,A3,1,1
2125,2232,G4,1,1
2125,2248,G4,1,1
2125,2261,,0,0
2125,2265,,0,0
2125,2281,G4,1,1
2125,2286,G4,1,1
2125,2290,,0,0
2125,2300,G4,1,1
2125,2388,G4,1,1
2125,2409,G4,1,1
2125,2479,,0,0
2125,2856,,0,0
2126,2102,,0,0
2126,2104,G4,1,1
2126,2115,,0,0
2126,2162,,0,0
2126,2167,,0,0
2126,2224,,0,0
2126,2263,G4,1,1
2126,2266,G4,1,1
2126,2272,,0,0
2126,2315,,0,0
2126,2317,,0,0
2126,2320,G4,1,1
2126,2329,G4,1,1
2126,2340,,0,0
2126,2375,G4,1,1
2126,2378,,0,0
2126,2385,G4,1,1
2126,2387,G4,1,1
2126,2390,G4,1,1
2126,2407,"B8,B9,G4",3,2
2126,2416,G4,1,1
2126,2424,G4,1,1
2126,2432,,0,0
2126,2463,G4,1,1
2126,2480,G4,1,1
2126,2510,,0,0
2126,2587,,0,0
2126,2858,G4,1,1
2127,2103,,0,0
2127,2113,,0,0
2127,2131,G4,1,1
2127,2195,,0,0
2127,2213,G4,1,1
2127,2221,,0,0
2127,2227,,0,0
2127,2237,,0,0
2127,2246,G4,1,1
2127,2251,G4,1,1
2127,2254,G4,1,1
2127,2262,G4,1,1
2127,2284,G4,1,1
2127,2294,G4,1,1
2127,2336,G4,1,1
2127,2400,,0,0
2127,2411,,0,0
2127,2413,"B8,G4",2,2
2127,2417,,0,0
2127,2429,,0,0
2127,2540,G4,1,1
2127,2562,G4,1,1
2127,2834,G4,1,1
2128,2121,G4,1,1
2128,2124,,0,0
2128,2126,,0,0
2128,2134,,0,0
2128,2143,G4,1,1
2128,2174,,0,0
2128,2206,"A3,G4",2,2
2128,2235,,0,0
2128,2250,G4,1,1
2128,2312,,0,0
2128,2314,"A3,B8,G4",3,3
2128,2337,G4,1,1
2128,2338,G4,1,1
2128,2342,,0,0
2128,2478,"B8,G4",2,2
2128,2508,G4,1,1
2128,2532,G4,1,1
2128,2574,,0,0
2128,2625,"B8,B9,G4",3,2
2128,2859,G4,1,1
2129,2101,G4,1,1
2129,2117,,0,0
2129,2123,G4,1,1
2129,2142,,0,0
2129,2145,,0,0
2129,2154,,0,0
2129,2158,G4,1,1
2129,2166,,0,0
2129,2175,,0,0
2129,2176,,0,0
2129,2190,G4,1,1
2129,2199,,0,0
2129,2223,,0,0
2129,2230,G4,1,1
2129,2239,G4,1,1
2129,2245,,0,0
2129,2269,,0,0
2129,2277,G4,1,1
2129,2278,,0,0
2129,2301,G4,1,1
2129,2348,,0,0
2129,2392,,0,0
2129,2396,B8,1,1
2129,2405,G4,1,1
2129,2433,,0,0
2129,2512,,0,0
2129,2566,,0,0
2130,1466,"A3,G4",2,2
2130,2105,,0,0
2130,2125,G4,1,1
2130,2187,,0,0
2130,2192,"B8,G4",2,2
2130,2198,G4,1,1
2130,2201,G4,1,1
2130,2238,G4,1,1
2130,2241,G4,1,1
2130,2244,,0,0
2130,2255,"A3,G4",2,2
2130,2299,G4,1,1
2130,2311,,0,0
2130,2322,,0,0
2130,2353,,0,0
2130,2408,G4,1,1
2130,2423,G4,1,1
2130,2534,G4,1,1
2130,2580,G4,1,1
2130,2830,G4,1,1
2130,2832,,0,0
2130,2833,,0,0
2130,2855,,0,0
2148,2131,"B8,G4",2,2
2148,2165,B8,1,1
2148,2166,B8,1,1
2148,2212,"B8,G4",2,2
2148,2219,"B8,G4",2,2
2148,2225,"B8,G4",2,2
2148,2240,"B8,G4",2,2
2148,2252,"B8,G4",2,2
2148,2258,"B8,G4",2,2
2148,2294,"B8,G4",2,2
2148,2382,"B8,G4",2,2
2148,2386,"B8,G4",2,2
2148,2392,"B8,G4",2,2
2148,2396,"B8,G4",2,2
2148,2398,"B8,G4",2,2
2148,2400,"B8,G4",2,2
2148,2511,"B8,G4",2,2
2148,2512,"B8,G4",2,2
2150,2187,B8,1,1
2150,2188,"B8,G4",2,2
2150,2197,"B8,G4",2,2
2150,2199,,0,0
2150,2200,"B8,G4",2,2
2150,2250,"B8,G4",2,2
2150,2268,"B8,G4",2,2
2150,2303,"B8,G4",2,2
2150,2305,"B8,G4",2,2
2150,2323,G4,1,1
2150,2325,G4,1,1
2150,2337,"B8,G4",2,2
2150,2366,"B8,G4",2,2
2150,2390,B8,1,1
2150,2399,"B8,G4",2,2
2150,2420,"B8,G4",2,2
2150,2423,"B8,G4",2,2
2150,2428,G4,1,1
2150,2561,B8,1,1
2152,2103,G4,1,1
2152,2112,G4,1,1
2152,2176,"B8,G4",2,2
2152,2193,,0,0
2152,2240,G4,1,1
2152,2253,"B8,G4",2,2
2152,2275,"B8,G4",2,2
2152,2276,"A3,G4",2,2
2152,2296,"B8,G4",2,2
2152,2299,"B8,G4",2,2
2152,2300,"B8,C8,G4",3,3
2152,2306,,0,0
2152,2319,"A3,B8",2,2
2152,2329,"B8,G4",2,2
2152,2361,"B8,G4",2,2
2152,2367,G4,1,1
2152,2383,"B8,G4",2,2
2152,2393,"B8,G4",2,2
2152,2395,"B8,G4",2,2
2152,2533,"B8,G4",2,2
2153,2179,G4,1,1
2153,2213,G4,1,1
2153,2216,G4,1,1
2153,2227,G4,1,1
2153,2259,"A3,G4",2,2
2153,2266,G4,1,1
2153,2291,G4,1,1
2153,2295,,0,0
2153,2301,G4,1,1
2153,2304,G4,1,1
2153,2318,G4,1,1
2153,2322,G4,1,1
2153,2324,G4,1,1
2153,2384,G4,1,1
2153,2394,G4,1,1
2153,2407,G4,1,1
2153,2408,G4,1,1
2153,2426,"A3,G4",2,2
2153,2429,G4,1,1
2153,2432,G4,1,1
2153,2510,G4,1,1
2153,2540,G4,1,1
2153,2580,"A3,G4",2,2
2301,2812,G4,1,1
2301,2817,G4,1,1
2301,2819,G4,1,1
2301,2880,,0,0
2301,3595,G4,1,1
2301,3956,G4,1,1
2301,4399,G4,1,1
2301,4518,,0,0
2301,4624,G4,1,1
2301,4645,G4,1,1
2301,4647,,0,0
2301,4671,G4,1,1
2301,4678,G4,1,1
2301,4689,G4,1,1
2301,4714,G4,1,1
2301,4715,G4,1,1
2301,4717,G4,1,1
2301,4732,G4,1,1
2301,4749,G4,1,1
2301,4758,G4,1,1
2301,4762,G4,1,1
2301,4777,G4,1,1
2301,4818,G4,1,1
2301,4826,G4,1,1
2301,4829,G4,1,1
2301,4830,G4,1,1
2301,4832,,0,0
2301,4835,G4,1,1
2301,5014,G4,1,1
2301,5090,G4,1,1
2301,5500,G4,1,1
2301,6124,G4,1,1
2301,7106,G4,1,1
2301,7116,G4,1,1
2301,7138,G4,1,1
2301,7139,G4,1,1
2301,7142,,0,0
2301,7148,"A3,G4",2,2
2301,7167,G4,1,1
2301,7170,G4,1,1
2301,7178,G4,1,1
2301,7203,G4,1,1
2301,7510,G4,1,1
2301,7568,G4,1,1
2301,7595,,0,0
2301,7601,G4,1,1
2301,7607,,0,0
2301,7608,G4,1,1
2301,7636,G4,1,1
2301,7644,G4,1,1
2301,8164,G4,1,1
2301,8171,G4,1,1
2301,8180,G4,1,1
2301,8182,,0,0
2301,8183,G4,1,1
2301,8229,G4,1,1
2301,8230,G4,1,1
2301,8232,G4,1,1
2301,8233,G4,1,1
2301,8237,,0,0
2301,8391,,0,0
2429,3055,,0,0
2429,3083,,0,0
2429,3105,,0,0
2429,3144,G4,1,1
2429,3151,G4,1,1
2429,3166,,0,0
2429,3172,"A3,A4",2,1
2429,3200,,0,0
2429,3203,G4,1,1
2429,3221,G4,1,1
2429,3259,,0,0
2429,3308,"A3,G4",2,2
2429,3309,G4,1,1
2429,3318,,0,0
2429,3324,,0,0
2429,3380,,0,0
2429,3390,,0,0
2429,3495,G4,1,1
2430,3046,,0,0
2430,3060,,0,0
2430,3079,,0,0
2430,3095,,0,0
2430,3120,,0,0
2430,3131,,0,0
2430,3148,G4,1,1
2430,3177,,0,0
2430,3210,,0,0
2430,3307,,0,0
2430,3315,,0,0
2430,3392,,0,0
2430,3477,,0,0
2430,3499,G4,1,1
2430,3509,,0,0
2430,3522,,0,0
2430,3555,,0,0
2431,3058,,0,0
2431,3059,,0,0
2431,3061,,0,0
2431,3091,G4,1,1
2431,3102,,0,0
2431,3115,G4,1,1
2431,3116,,0,0
2431,3139,A3,1,1
2431,3164,"A3,G4",2,2
2431,3188,G4,1,1
2431,3195,,0,0
2431,3208,,0,0
2431,3213,,0,0
2431,3260,,0,0
2431,3313,G4,1,1
2431,3497,,0,0
2431,3512,,0,0
2432,3048,,0,0
2432,3071,,0,0
2432,3075,,0,0
2432,3076,,0,0
2432,3081,,0,0
2432,3087,,0,0
2432,3092,G4,1,1
2432,3107,,0,0
2432,3113,G4,1,1
2432,3122,,0,0
2432,3129,G4,1,1
2432,3142,G4,1,1
2432,3159,,0,0
2432,3171,,0,0
2432,3176,G4,1,1
2432,3180,,0,0
2432,3181,,0,0
2432,3196,,0,0
2432,3267,,0,0
2432,3305,,0,0
2432,3320,G4,1,1
2432,3322,G4,1,1
2432,3328,G4,1,1
2432,3330,,0,0
2432,3331,G4,1,1
2432,3376,,0,0
2432,3386,G4,1,1
2432,3387,G4,1,1
2432,3394,,0,0
2432,3434,,0,0
2432,3480,,0,0
2433,3044,,0,0
2433,3052,,0,0
2433,3066,,0,0
2433,3069,,0,0
2433,3103,G4,1,1
2433,3117,,0,0
2433,3124,G4,1,1
2433,3140,G4,1,1
2433,3189,A3,1,1
2433,3198,,0,0
2433,3215,G4,1,1
2433,3258,,0,0
2433,3388,,0,0
2433,3391,,0,0
2433,3397,G4,1,1
2433,3400,,0,0
2433,3417,,0,0
2433,3421,,0,0
2433,3489,,0,0
2433,3511,,0,0
2434,3050,,0,0
2434,3068,,0,0
2434,3073,,0,0
2434,3080,,0,0
2434,3085,G4,1,1
2434,3106,G4,1,1
2434,3156,G4,1,1
2434,3161,G4,1,1
2434,3173,,0,0
2434,3179,,0,0
2434,3190,G4,1,1
2434,3192,G4,1,1
2434,3216,,0,0
2434,3304,"A3,G4",2,2
2434,3321,,0,0
2434,3323,,0,0
2434,3385,G4,1,1
2434,3451,G4,1,1
2434,3498,,0,0
2434,3508,G4,1,1
2435,3047,,0,0
2435,3086,,0,0
2435,3090,,0,0
2435,3096,,0,0
2435,3136,,0,0
2435,3143,,0,0
2435,3157,"A3,G4",2,2
2435,3184,G4,1,1
2435,3191,A3,1,1
2435,3306,A3,1,1
2435,3311,,0,0
2435,3368,,0,0
2435,3374,G4,1,1
2435,3375,,0,0
2435,3399,,0,0
2435,3486,,0,0
2435,3544,,0,0
2436,3045,,0,0
2436,3063,,0,0
2436,3070,,0,0
2436,3072,,0,0
2436,3104,,0,0
2436,3112,,0,0
2436,3137,,0,0
2436,3138,,0,0
2436,3146,G4,1,1
2436,3182,,0,0
2436,3194,G4,1,1
2436,3202,,0,0
2436,3211,,0,0
2436,3212,G4,1,1
2436,3217,A3,1,1
2436,3263,,0,0
2436,3264,A3,1,1
2436,3367,,0,0
2436,3373,,0,0
2436,3379,,0,0
2436,3435,,0,0
2436,3439,"A3,G4",2,2
2436,3488,,0,0
2437,3030,,0,0
2437,3051,,0,0
2437,3053,G4,1,1
2437,3054,,0,0
2437,3057,,0,0
2437,3065,,0,0
2437,3067,A3,1,1
2437,3093,,0,0
2437,3098,,0,0
2437,3100,,0,0
2437,3119,A3,1,1
2437,3132,G4,1,1
2437,3133,,0,0
2437,3149,,0,0
2437,3155,G4,1,1
2437,3170,,0,0
2437,3193,G4,1,1
2437,3197,A3,1,1
2437,3199,G4,1,1
2437,3207,,0,0
2437,3219,,0,0
2437,3255,,0,0
2437,3317,,0,0
2437,3389,A3,1,1
2437,3401,,0,0
2437,3440,"A3,G4",2,2
2437,3441,,0,0
2437,3476,,0,0
2438,3011,G4,1,1
2438,3062,,0,0
2438,3064,,0,0
2438,3084,G4,1,1
2438,3088,"A3,G4",2,2
2438,3097,,0,0
2438,3145,G4,1,1
2438,3165,,0,0
2438,3201,G4,1,1
2438,3209,G4,1,1
2438,3310,G4,1,1
2438,3325,,0,0
2438,3371,,0,0
2438,3372,G4,1,1
2438,3381,,0,0
2438,3418,,0,0
2438,3419,,0,0
2438,3443,,0,0
2438,3543,,0,0
2452,3061,B9,1,1
2452,3079,B8,1,1
2452,3080,"B8,B9,G4",3,2
2452,3115,"B8,G4",2,2
2452,3116,"B8,B9,G4",3,2
2452,3166,"B8,B9,G4",3,2
2452,3307,,0,0
2452,3315,"B8,B9",2,1
2452,3327,B9,1,1
2452,3342,"B8,G4",2,2
2452,3344,"B8,G4",2,2
2452,3345,"B9,G4",2,2
2452,3346,"B8,B9,G4",3,2
2452,3349,B8,1,1
2452,3359,"B8,G4",2,2
2452,3387,"B8,G4",2,2
2452,3397,"B8,G4",2,2
2452,3417,,0,0
2452,3434,"B8,G4",2,2
2454,3058,B8,1,1
2454,3065,"A3,B8",2,2
2454,3082,G4,1,1
2454,3103,G4,1,1
2454,3157,G4,1,1
2454,3180,B8,1,1
2454,3184,G4,1,1
2454,3328,"B8,G4",2,2
2454,3330,,0,0
2454,3358,"B8,G4",2,2
2454,3362,"B8,G4",2,2
2454,3376,,0,0
2454,3418,B8,1,1
2454,3419,,0,0
2454,3423,G4,1,1
2454,3477,,0,0
2455,3044,G4,1,1
2455,3064,"B8,G4",2,2
2455,3069,"B8,G4",2,2
2455,3071,B8,1,1
2455,3075,"B8,G4",2,2
2455,3084,"B8,G4",2,2
2455,3104,"B8,G4",2,2
2455,3130,"B8,G4",2,2
2455,3144,"B8,G4",2,2
2455,3158,G4,1,1
2455,3175,B8,1,1
2455,3183,"B8,G4",2,2
2455,3260,G4,1,1
2455,3308,"B8,G4",2,2
2455,3426,,0,0
2455,3497,B8,1,1
2455,3544,B8,1,1
2456,3053,G4,1,1
2456,3054,B8,1,1
2456,3063,"B8,G4",2,2
2456,3066,B8,1,1
2456,3089,G4,1,1
2456,3093,B8,1,1
2456,3127,"B8,G4",2,2
2456,3138,B8,1,1
2456,3139,"B8,G4",2,2
2456,3162,,0,0
2456,3171,B8,1,1
2456,3310,"B8,G4",2,2
2456,3317,,0,0
2456,3325,"B8,G4",2,2
2456,3331,,0,0
2456,3337,B8,1,1
2456,3350,"B8,G4",2,2
2456,3435,"B8,G4",2,2
2456,3485,"B8,G4",2,2
2456,3489,B8,1,1
2456,3511,"B8,G4",2,2
2458,3068,"B8,G4",2,2
2458,3070,G4,1,1
2458,3076,"B8,G4",2,2
2458,3081,"B8,G4",2,2
2458,3100,"B8,G4",2,2
2458,3107,,0,0
2458,3119,B8,1,1
2458,3131,,0,0
2458,3167,B8,1,1
2458,3263,,0,0
2458,3267,B8,1,1
2458,3269,"B8,G4",2,2
2458,3311,B8,1,1
2458,3338,"A3,B8,G4",3,3
2458,3347,"B8,G4",2,2
2458,3386,G4,1,1
2459,3087,"B8,G4",2,2
2459,3092,"B8,G4",2,2
2459,3097,,0,0
2459,3098,G4,1,1
2459,3132,"B8,G4",2,2
2459,3135,G4,1,1
2459,3160,"A3,B8",2,2
2459,3176,G4,1,1
2459,3181,B8,1,1
2459,3255,"B8,G4",2,2
2459,3304,"A3,B8,G4",3,3
2459,3305,B8,1,1
2459,3306,,0,0
2459,3313,"B8,G4",2,2
2459,3333,"B8,G4",2,2
2459,3341,"B8,G4",2,2
2459,3355,"B8,G4",2,2
2459,3388,,0,0
2459,3394,B8,1,1
2460,3011,"B8,G4",2,2
2460,3052,"A3,B8,G4",3,3
2460,3057,"B8,G4",2,2
2460,3083,G4,1,1
2460,3086,"B8,G4",2,2
2460,3090,G4,1,1
2460,3096,"B8,G4",2,2
2460,3105,G4,1,1
2460,3140,"B8,G4",2,2
2460,3169,"B8,G4",2,2
2460,3178,"B8,G4",2,2
2460,3187,G4,1,1
2460,3189,"B8,G4,H1",3,3
2460,3322,G4,1,1
2460,3324,,0,0
2460,3334,B8,1,1
2460,3352,G4,1,1
2460,3353,G4,1,1
2460,3379,B8,1,1
2460,3444,G4,1,1
2460,3488,G4,1,1
2460,3495,G4,1,1
2460,3512,,0,0
2461,3030,"B8,G4",2,2
2461,3046,"B8,G4",2,2
2461,3048,"B8,G4",2,2
2461,3085,"B8,G4",2,2
2461,3095,G4,1,1
2461,3102,G4,1,1
2461,3106,B8,1,1
2461,3117,,0,0
2461,3122,B8,1,1
2461,3124,,0,0
2461,3136,"B8,G4",2,2
2461,3142,"B8,B9,G4",3,2
2461,3156,G4,1,1
2461,3182,"B9,G4",2,2
2461,3314,"B8,B9,G4",3,2
2461,3335,G4,1,1
2461,3351,"B8,G4",2,2
2461,3381,,0,0
2461,3486,"B8,G4",2,2
2461,3561,"B8,B9",2,1
2487,3048,B8,1,1
2487,3063,"B8,E1,G4",3,3
2487,3068,B8,1,1
2487,3069,"B8,E1,G4",3,3
2487,3070,"B8,E1,G4",3,3
2487,3087,"A3,B8,E1,G4",4,4
2487,3088,"B8,G4",2,2
2487,3190,"B8,E1,G4",3,3
2487,3192,"A3,B8,E1,G4",4,4
2487,3215,G4,1,1
2487,3230,"B8,G4",2,2
2487,3242,,0,0
2487,3313,"B4,B8,E1,G4",4,3
2487,3334,"B8,G4",2,2
2487,3337,"B8,E1",2,2
2487,3341,"E1,G4",2,2
2487,3447,,0,0
2487,3561,E1,1,1
2488,1591,,0,0
2488,3083,"B8,G4",2,2
2488,3086,"B8,B9,G4",3,2
2488,3125,,0,0
2488,3130,"B8,G4",2,2
2488,3131,"B8,B9",2,1
2488,3140,"B9,G4",2,2
2488,3146,"B8,B9",2,1
2488,3151,G4,1,1
2488,3203,"B8,G4",2,2
2488,3204,"B8,B9,G4",3,2
2488,3226,,0,0
2488,3234,"B8,G4",2,2
2488,3265,"B8,B9,G4",3,2
2488,3322,G4,1,1
2488,3333,G4,1,1
2488,3339,G4,1,1
2488,3499,"B8,B9,G4",3,2
2488,3570,"B9,G4",2,2
2530,3058,G4,1,1
2530,3060,G4,1,1
2530,3082,G4,1,1
2530,3104,G4,1,1
2530,3117,G4,1,1
2530,3138,,0,0
2530,3142,G4,1,1
2530,3212,G4,1,1
2530,3224,G4,1,1
2530,3237,G4,1,1
2530,3260,G4,1,1
2530,3310,"A3,G4",2,2
2530,3315,,0,0
2530,3347,,0,0
2530,3348,G4,1,1
2530,3381,,0,0
2535,3053,"E1,G4",2,2
2535,3096,"G4,H1",2,2
2535,3102,"E1,G4",2,2
2535,3103,G4,1,1
2535,3106,E1,1,1
2535,3111,E1,1,1
2535,3213,"E1,G4",2,2
2535,3222,"E1,G4",2,2
2535,3227,"E1,G4",2,2
2535,3246,"E1,G4",2,2
2535,3314,G4,1,1
2535,3327,G4,1,1
2535,3334,,0,0
2535,3337,"E1,G4",2,2
2535,3351,"E1,G4",2,2
2535,3425,"E1,G4",2,2
2536,3030,,0,0
2536,3084,G4,1,1
2536,3122,G4,1,1
2536,3202,G4,1,1
2536,3221,G4,1,1
2536,3239,B8,1,1
2536,3248,,0,0
2536,3255,G4,1,1
2536,3263,G4,1,1
2536,3276,G4,1,1
2536,3311,G4,1,1
2536,3313,G4,1,1
2536,3333,G4,1,1
2536,3342,G4,1,1
2536,3443,"A3,G4",2,2
2536,3476,,0,0
2536,3508,G4,1,1
2537,3061,G4,1,1
2537,3063,"A3,G4",2,2
2537,3073,G4,1,1
2537,3075,G4,1,1
2537,3076,G4,1,1
2537,3079,G4,1,1
2537,3192,G4,1,1
2537,3209,A3,1,1
2537,3210,,0,0
2537,3215,"A3,G4",2,2
2537,3225,A3,1,1
2537,3306,G4,1,1
2537,3308,G4,1,1
2537,3309,G4,1,1
2537,3352,G4,1,1
2537,3355,G4,1,1
2537,3419,G4,1,1
2590,3063,"B12,B8,G4",3,2
2590,3064,"B8,G4",2,2
2590,3075,"B8,G4",2,2
2590,3092,"B8,C8,G4",3,3
2590,3098,G4,1,1
2590,3104,"B8,C8,G4",3,3
2590,3164,B8,1,1
2590,3171,"B8,G4",2,2
2590,3181,B8,1,1
2590,3190,"B8,G4",2,2
2590,3196,"B8,G4",2,2
2590,3197,"B8,G4",2,2
2590,3435,G4,1,1
2590,3441,"B8,G4",2,2
2590,3502,"B8,G4",2,2
2590,3522,"B8,G4",2,2
2671,3615,G4,1,1
2671,3710,G4,1,1
2671,3729,G4,1,1
2671,3737,G4,1,1
2671,3759,,0,0
2671,4552,,0,0
2671,4625,,0,0
2671,4631,G4,1,1
2671,4663,G4,1,1
2671,4673,G4,1,1
2671,4721,G4,1,1
2671,4737,,0,0
2671,4836,,0,0
2671,5664,G4,1,1
2671,5668,G4,1,1
2671,6119,G4,1,1
2671,6262,,0,0
2671,7103,G4,1,1
2671,7104,G4,1,1
2671,7111,G4,1,1
2671,7123,G4,1,1
2671,7137,,0,0
2671,7563,,0,0
2671,7565,G4,1,1
2671,7566,G4,1,1
2671,7570,G4,1,1
2671,7602,G4,1,1
2671,7603,,0,0
2671,7606,G4,1,1
2671,7615,G4,1,1
2671,7616,,0,0
2671,7620,G4,1,1
2671,7647,,0,0
2671,7660,,0,0
2671,7665,,0,0
2671,7704,G4,1,1
2671,8160,G4,1,1
2671,8161,G4,1,1
2671,8184,,0,0
2671,8186,"A3,G4",2,2
2671,8189,G4,1,1
2671,8190,G4,1,1
2671,8235,,0,0
2671,8243,,0,0
2671,8245,G4,1,1
2671,8251,,0,0
2672,3706,G4,1,1
2672,3709,G4,1,1
2672,3715,,0,0
2672,3722,G4,1,1
2672,3745,G4,1,1
2672,3755,G4,1,1
2672,3761,G4,1,1
2672,3768,G4,1,1
2672,3784,G4,1,1
2672,4641,G4,1,1
2672,4657,G4,1,1
2672,4661,G4,1,1
2672,4667,G4,1,1
2672,4712,G4,1,1
2672,4733,G4,1,1
2672,4768,G4,1,1
2672,4771,G4,1,1
2672,4825,G4,1,1
2672,4839,G4,1,1
2672,4841,G4,1,1
2672,4842,G4,1,1
2672,5654,G4,1,1
2672,5655,,0,0
2672,5816,G4,1,1
2672,6012,G4,1,1
2672,7098,G4,1,1
2672,7101,G4,1,1
2672,7102,G4,1,1
2672,7109,G4,1,1
2672,7118,G4,1,1
2672,7122,G4,1,1
2672,7126,G4,1,1
2672,7136,G4,1,1
2672,7144,G4,1,1
2672,7154,G4,1,1
2672,7162,,0,0
2672,7164,,0,0
2672,7171,G4,1,1
2672,7172,G4,1,1
2672,7175,G4,1,1
2672,7186,G4,1,1
2672,7188,G4,1,1
2672,7193,G4,1,1
2672,7211,"A3,G4",2,2
2672,7229,G4,1,1
2672,7580,G4,1,1
2672,7586,G4,1,1
2672,7598,G4,1,1
2672,7621,G4,1,1
2672,7651,G4,1,1
2672,7666,G4,1,1
2672,7668,"G4,H1",2,2
2672,8159,G4,1,1
2672,8162,G4,1,1
2672,8194,G4,1,1
2672,8197,,0,0
2672,8200,,0,0
2672,8207,G4,1,1
2672,8305,G4,1,1
2672,8321,G4,1,1
2672,8389,G4,1,1
2672,8408,,0,0
2673,1517,G4,1,1
2673,1769,,0,0
2673,2912,,0,0
2673,3609,G4,1,1
2673,3645,,0,0
2673,3699,,0,0
2673,3712,G4,1,1
2673,3753,,0,0
2673,3799,G4,1,1
2673,3808,G4,1,1
2673,4419,,0,0
2673,4628,G4,1,1
2673,4629,,0,0
2673,4643,G4,1,1
2673,4662,,0,0
2673,4684,G4,1,1
2673,4687,G4,1,1
2673,4692,G4,1,1
2673,4700,G4,1,1
2673,4718,G4,1,1
2673,4720,,0,0
2673,4769,G4,1,1
2673,4887,"A3,G4",2,2
2673,5029,,0,0
2673,5998,G4,1,1
2673,6165,G4,1,1
2673,7090,,0,0
2673,7107,G4,1,1
2673,7125,G4,1,1
2673,7130,G4,1,1
2673,7190,G4,1,1
2673,7239,G4,1,1
2673,7506,G4,1,1
2673,7558,,0,0
2673,7576,G4,1,1
2673,7578,G4,1,1
2673,7596,G4,1,1
2673,7599,,0,0
2673,7605,G4,1,1
2673,7610,,0,0
2673,7617,,0,0
2673,7618,,0,0
2673,7622,G4,1,1
2673,7642,G4,1,1
2673,7657,G4,1,1
2673,7659,,0,0
2673,7663,,0,0
2673,8163,G4,1,1
2673,8169,G4,1,1
2673,8170,G4,1,1
2673,8187,G4,1,1
2673,8211,G4,1,1
2673,8213,,0,0
2673,8228,,0,0
2673,8236,G4,1,1
2673,8289,G4,1,1
2673,8409,,0,0
2804,3710,G4,1,1
2804,3755,"A3,G4",2,2
2804,6011,,0,0
2804,6074,,0,0
2804,7097,"A3,G4",2,2
2804,7125,G4,1,1
2804,7139,,0,0
2804,7166,,0,0
2804,7506,,0,0
2804,7561,G4,1,1
2804,7588,,0,0
2804,7595,A3,1,1
2804,7596,,0,0
2804,7602,,0,0
2804,7615,"A3,G4",2,2
2804,7635,G4,1,1
2826,3713,"A3,B8,G4",3,3
2826,5173,B8,1,1
2826,5837,"A2,G4",2,2
2826,6420,"B8,G4",2,2
2826,6445,B8,1,1
2826,6446,B8,1,1
2826,7097,"B8,G4",2,2
2826,7098,"B8,G4",2,2
2826,7118,"B8,G4",2,2
2826,7125,"B8,G4",2,2
2826,7127,"A2,B8,G4",3,3
2826,7161,"B8,G4",2,2
2826,7162,G4,1,1
2826,7167,"B8,G4",2,2
2826,7185,"B8,G4",2,2
2826,7188,"A3,B8,G4",3,3
2826,7216,B8,1,1
2826,7558,G4,1,1
2826,7573,"B8,G4",2,2
2826,7635,"A3,B8,G4",3,3
2826,7668,"A2,G4",2,2
2826,7690,B8,1,1
2827,3705,B8,1,1
2827,3709,"B8,G4",2,2
2827,3784,,0,0
2827,5138,"B8,G4",2,2
2827,5687,B8,1,1
2827,5816,"B8,G4",2,2
2827,6338,"B8,G4",2,2
2827,6410,"B8,G4",2,2
2827,6423,B8,1,1
2827,6426,,0,0
2827,6432,B8,1,1
2827,6474,A2,1,1
2827,7124,"B8,G4",2,2
2827,7130,"B8,G4",2,2
2827,7132,"A3,B8",2,2
2827,7136,"B8,G4",2,2
2827,7146,"B8,G4",2,2
2827,7148,"B8,G4",2,2
2827,7151,B8,1,1
2827,7154,"B8,G4",2,2
2827,7164,"B8,G4",2,2
2827,7174,G4,1,1
2827,7190,"B8,G4",2,2
2827,7204,"B8,G4",2,2
2827,7239,"B8,G4",2,2
2827,7565,"B8,G4",2,2
2827,7568,"B8,G4",2,2
2827,7577,"B8,G4",2,2
2827,7583,B8,1,1
2827,7588,"A3,B8,G4",3,3
2827,7595,B8,1,1
2827,7599,"B8,G4",2,2
2827,7626,"B8,G4",2,2
2827,7685,"A3,B8,G4",3,3
2844,3710,"B8,G4",2,2
2844,3855,"B8,G4",2,2
2844,5036,"B8,B9,G4",3,2
2844,5090,G4,1,1
2844,5687,G4,1,1
2844,6080,"A3,G4",2,2
2844,6411,G4,1,1
2844,6423,G4,1,1
2844,7107,"B8,G4",2,2
2844,7112,G4,1,1
2844,7116,G4,1,1
2844,7130,G4,1,1
2844,7132,"B8,B9",2,1
2844,7136,G4,1,1
2844,7162,G4,1,1
2844,7163,G4,1,1
2844,7180,"A3,G4",2,2
2844,7216,"B8,B9",2,1
2844,7564,"A3,B8,G4",3,3
2844,7595,B8,1,1
2844,7608,G4,1,1
2844,7650,G4,1,1
2844,7671,,0,0
2844,7673,G4,1,1
2844,7748,G4,1,1
2845,5285,G4,1,1
2845,5292,H1,1,1
2845,5605,,0,0
2845,5817,"B8,G4",2,2
2845,6414,"B8,G4",2,2
2845,6417,"B8,B9,G4",3,2
2845,6420,G4,1,1
2845,6422,G4,1,1
2845,7101,G4,1,1
2845,7118,,0,0
2845,7123,G4,1,1
2845,7134,B8,1,1
2845,7172,G4,1,1
2845,7178,G4,1,1
2845,7190,"C8,G4",2,2
2845,7565,G4,1,1
2845,7577,G4,1,1
2845,7626,G4,1,1
2845,7659,"B8,G4",2,2
2845,8636,"A3,G4",2,2
2845,8643,G4,1,1
2845,8658,G4,1,1
2845,8687,G4,1,1
2845,8724,G4,1,1
2845,8748,"B8,C8,G4",3,3
2845,8796,,0,0
2845,8800,"B8,B9,G4",3,2
2845,8804,"A3,G4",2,2
2845,8817,G4,1,1
2845,9180,,0,0
2845,9214,,0,0
2845,9240,,0,0
2845,9250,"B8,G4",2,2
2845,9274,G4,1,1
2845,9280,,0,0
2845,9286,,0,0
2845,9312,G4,1,1
2845,9313,,0,0
2845,9668,G4,1,1
2845,9673,G4,1,1
2845,9704,G4,1,1
2845,9709,"B4,B8,G4",3,2
2845,9752,"B8,G4",2,2
2845,9754,G4,1,1
2845,9758,"A3,G4",2,2
2845,9764,"B8,G4",2,2
2845,9769,,0,0
2845,9774,G4,1,1
2845,9783,,0,0
2845,9799,G4,1,1
2845,9814,G4,1,1
2845,9828,G4,1,1
2845,9832,"B8,G4",2,2
2845,9837,"A3,G4",2,2
2845,9838,G4,1,1
2845,9888,,0,0
2845,9897,,0,0
2845,9956,G4,1,1
2846,3607,,0,0
2846,3650,G4,1,1
2846,3691,G4,1,1
2846,3692,G4,1,1
2846,3749,G4,1,1
2846,3967,G4,1,1
2846,5121,G4,1,1
2846,5537,,0,0
2846,6013,G4,1,1
2846,6344,G4,1,1
2846,6413,G4,1,1
2846,7103,"B8,E1,G4",3,3
2846,7114,G4,1,1
2846,7121,,0,0
2846,7166,G4,1,1
2846,7506,G4,1,1
2846,7558,,0,0
2846,7570,G4,1,1
2846,7584,"B8,C8,G4",3,3
2846,7622,G4,1,1
2846,8637,G4,1,1
2846,8638,G4,1,1
2846,8662,G4,1,1
2846,8671,G4,1,1
2846,8674,,0,0
2846,8686,,0,0
2846,8717,"C8,G4",2,2
2846,8731,G4,1,1
2846,8740,G4,1,1
2846,8766,"G4,H1",2,2
2846,8776,G4,1,1
2846,8795,"C8,G4",2,2
2846,8809,,0,0
2846,9147,"B4,B8",2,1
2846,9167,"B8,G4",2,2
2846,9184,,0,0
2846,9226,B8,1,1
2846,9246,A3,1,1
2846,9297,,0,0
2846,9666,,0,0
2846,9690,G4,1,1
2846,9759,,0,0
2846,9775,,0,0
2846,9776,G4,1,1
2846,9796,"B8,G4,H1",3,3
2846,9798,"B8,G4",2,2
2846,9811,,0,0
2846,9827,G4,1,1
2846,9829,,0,0
2846,9889,G4,1,1
2846,9958,,0,0
2847,1380,G4,1,1
2847,3645,G4,1,1
2847,3698,"B8,G4",2,2
2847,3704,G4,1,1
2847,3716,G4,1,1
2847,3759,G4,1,1
2847,3798,"B8,G4",2,2
2847,4494,G4,1,1
2847,5133,G4,1,1
2847,5647,,0,0
2847,6011,"B8,C8,G4",3,3
2847,6303,G4,1,1
2847,6351,G4,1,1
2847,6359,,0,0
2847,6406,,0,0
2847,6410,"B8,G4",2,2
2847,6415,,0,0
2847,6418,"C8,G4",2,2
2847,6453,,0,0
2847,6541,G4,1,1
2847,7119,G4,1,1
2847,7148,"B8,G4",2,2
2847,7158,G4,1,1
2847,7161,G4,1,1
2847,7167,G4,1,1
2847,7181,G4,1,1
2847,7188,G4,1,1
2847,7196,"B8,G4",2,2
2847,7204,G4,1,1
2847,7580,G4,1,1
2847,7611,G4,1,1
2847,7648,G4,1,1
2847,7690,G4,1,1
2847,8169,G4,1,1
2847,8188,G4,1,1
2847,8237,,0,0
2847,8323,G4,1,1
2847,8409,G4,1,1
2847,8412,A3,1,1
2847,8639,C8,1,1
2847,8716,,0,0
2847,8722,"B8,G4",2,2
2847,8729,"G4,H1",2,2
2847,8741,"B8,G4",2,2
2847,8744,"B8,G4",2,2
2847,9131,"B8,G4",2,2
2847,9163,G4,1,1
2847,9168,,0,0
2847,9178,G4,1,1
2847,9211,,0,0
2847,9212,,0,0
2847,9216,,0,0
2847,9232,"G4,H1",2,2
2847,9267,,0,0
2847,9662,G4,1,1
2847,9663,,0,0
2847,9700,G4,1,1
2847,9733,G4,1,1
2847,9735,G4,1,1
2847,9772,,0,0
2847,9781,G4,1,1
2847,9782,,0,0
2847,9786,,0,0
2847,9802,G4,1,1
2847,9821,,0,0
2847,9824,,0,0
2847,9834,,0,0
2847,9895,G4,1,1
2849,2964,"B8,G4",2,2
2849,3745,"B8,B9,G4",3,2
2849,5655,"C8,G4",2,2
2849,7106,G4,1,1
2849,7137,G4,1,1
2849,7142,"A3,G4",2,2
2849,7164,"B8,G4",2,2
2849,7165,B8,1,1
2849,7171,G4,1,1
2849,7566,"B8,G4",2,2
2849,7576,G4,1,1
2849,7594,B8,1,1
2849,7599,G4,1,1
2849,7602,G4,1,1
2849,7605,G4,1,1
2849,7615,"B8,B9",2,1
2849,7635,"A2,B8,B9,G4",4,3
2849,7647,G4,1,1
2851,3595,,0,0
2851,3652,B8,1,1
2851,3705,"A3,B8,G4",3,3
2851,3706,,0,0
2851,3707,"B8,G4",2,2
2851,3750,"A3,B8,B9,G4",4,3
2851,3751,"B8,G4",2,2
2851,3776,"B8,G4",2,2
2851,5998,G4,1,1
2851,7102,"C8,G4",2,2
2851,7105,G4,1,1
2851,7125,,0,0
2851,7131,"B8,B9",2,1
2851,7138,"A3,B8,G4",3,3
2851,7176,G4,1,1
2851,7195,"B8,B9,G4",3,2
2851,7563,"B8,G4",2,2
2851,7578,,0,0
2851,7579,"B8,B9,G4",3,2
2851,7593,G4,1,1
2851,7598,"A3,G4",2,2
2851,7606,"A3,B8,G4,H1",4,4
2851,7618,,0,0
2851,7658,G4,1,1
2851,7668,"B8,G4",2,2
2852,3657,"B8,B9,G4",3,2
2852,3699,G4,1,1
2852,3709,G4,1,1
2852,3778,,0,0
2852,7097,G4,1,1
2852,7122,G4,1,1
2852,7143,A3,1,1
2852,7159,"B8,B9,G4",3,2
2852,7174,G4,1,1
2852,7177,G4,1,1
2852,7239,G4,1,1
2852,7589,"B8,G4",2,2
2852,7603,A3,1,1
2852,7628,G4,1,1
2852,7653,G4,1,1
2852,7660,G4,1,1
2852,7665,,0,0
2853,2912,"B8,G4",2,2
2853,3658,G4,1,1
2853,3746,"A3,B8",2,2
2853,5029,G4,1,1
2853,7098,"B8,B9,G4",3,2
2853,7108,G4,1,1
2853,7124,G4,1,1
2853,7139,,0,0
2853,7146,G4,1,1
2853,7160,"B8,G4",2,2
2853,7229,"A3,B8,G4",3,3
2853,7502,"A3,G4",2,2
2853,7575,G4,1,1
2853,7592,"B8,B9,G4",3,2
2853,7616,G4,1,1
2853,7617,A5,1,1
2853,7651,G4,1,1
2853,7663,,0,0
2918,4031,A3,1,1
2918,4032,,0,0
2918,4040,,0,0
2918,4082,"A3,A4",2,1
2918,4097,G4,1,1
2918,4107,G4,1,1
2918,4143,G4,1,1
2918,4153,,0,0
2918,4162,G4,1,1
2918,4191,G4,1,1
2918,4208,,0,0
2918,4211,G4,1,1
2918,4214,,0,0
2918,4223,,0,0
2918,4232,,0,0
2918,4238,,0,0
2918,4357,,0,0
2918,4358,,0,0
2918,4369,"A3,G4",2,2
2918,4377,,0,0
2918,4378,G4,1,1
2918,4410,"A3,A4",2,1
2918,4422,,0,0
2919,3989,,0,0
2919,3999,G4,1,1
2919,4001,G4,1,1
2919,4023,G4,1,1
2919,4024,G4,1,1
2919,4034,G4,1,1
2919,4044,G4,1,1
2919,4104,G4,1,1
2919,4112,G4,1,1
2919,4117,G4,1,1
2919,4147,G4,1,1
2919,4163,G4,1,1
2919,4165,G4,1,1
2919,4171,G4,1,1
2919,4207,G4,1,1
2919,4224,G4,1,1
2919,4226,G4,1,1
2919,4230,G4,1,1
2919,4244,G4,1,1
2919,4316,G4,1,1
2919,4344,G4,1,1
2919,4359,,0,0
2919,4375,"A3,A4,G4",3,2
2919,4424,G4,1,1
2919,4443,G4,1,1
2919,4444,G4,1,1
2920,3987,G4,1,1
2920,3992,G4,1,1
2920,3994,,0,0
2920,4009,"A3,G4",2,2
2920,4066,A5,1,1
2920,4072,,0,0
2920,4080,G4,1,1
2920,4085,G4,1,1
2920,4123,G4,1,1
2920,4134,,0,0
2920,4135,,0,0
2920,4136,G4,1,1
2920,4168,G4,1,1
2920,4175,G4,1,1
2920,4189,,0,0
2920,4209,,0,0
2920,4240,G4,1,1
2920,4322,,0,0
2920,4347,,0,0
2920,4349,A3,1,1
2920,4351,G4,1,1
2920,4366,G4,1,1
2920,4367,G4,1,1
2920,4381,G4,1,1
2920,4461,,0,0
2921,4011,G4,1,1
2921,4039,G4,1,1
2921,4057,,0,0
2921,4062,G4,1,1
2921,4109,,0,0
2921,4118,G4,1,1
2921,4119,,0,0
2921,4120,,0,0
2921,4130,G4,1,1
2921,4138,,0,0
2921,4139,,0,0
2921,4151,,0,0
2921,4154,G4,1,1
2921,4166,,0,0
2921,4176,,0,0
2921,4183,,0,0
2921,4202,,0,0
2921,4205,G4,1,1
2921,4245,,0,0
2921,4342,,0,0
2921,4431,,0,0
2921,4432,G4,1,1
2921,4446,,0,0
2921,4472,,0,0
2921,4476,,0,0
2921,4483,G4,1,1
2921,4491,G4,1,1
2922,4019,,0,0
2922,4059,G4,1,1
2922,4067,G4,1,1
2922,4083,G4,1,1
2922,4149,G4,1,1
2922,4188,G4,1,1
2922,4210,G4,1,1
2922,4213,G4,1,1
2922,4231,G4,1,1
2922,4235,G4,1,1
2922,4237,G4,1,1
2922,4337,,0,0
2922,4354,G4,1,1
2922,4428,G4,1,1
2922,4469,G4,1,1
2922,4478,G4,1,1
2924,4013,G4,1,1
2924,4065,G4,1,1
2924,4099,G4,1,1
2924,4110,G4,1,1
2924,4125,G4,1,1
2924,4128,G4,1,1
2924,4137,G4,1,1
2924,4140,G4,1,1
2924,4145,G4,1,1
2924,4148,G4,1,1
2924,4155,"A3,A4,G4",3,2
2924,4173,G4,1,1
2924,4179,"A5,G4",2,2
2924,4227,G4,1,1
2924,4239,G4,1,1
2924,4254,G4,1,1
2924,4334,G4,1,1
2924,4363,G4,1,1
2924,4413,G4,1,1
2924,4414,G4,1,1
2924,4470,"A3,G4",2,2
2924,4477,,0,0
2925,3995,G4,1,1
2925,4005,,0,0
2925,4016,,0,0
2925,4029,G4,1,1
2925,4077,"A3,G4",2,2
2925,4116,G4,1,1
2925,4124,G4,1,1
2925,4131,,0,0
2925,4172,G4,1,1
2925,4225,,0,0
2925,4234,"A3,A4,H1",3,2
2925,4246,G4,1,1
2925,4312,,0,0
2925,4327,G4,1,1
2925,4328,G4,1,1
2925,4352,G4,1,1
2925,4385,"A3,G4",2,2
2926,3988,G4,1,1
2926,4000,A3,1,1
2926,4004,,0,0
2926,4028,,0,0
2926,4050,G4,1,1
2926,4060,G4,1,1
2926,4129,,0,0
2926,4146,,0,0
2926,4198,G4,1,1
2926,4203,A3,1,1
2926,4215,,0,0
2926,4216,G4,1,1
2926,4219,,0,0
2926,4228,G4,1,1
2926,4229,G4,1,1
2926,4362,A3,1,1
2926,4380,,0,0
2926,4384,G4,1,1
2927,3473,,0,0
2927,3858,,0,0
2927,3985,G4,1,1
2927,3993,G4,1,1
2927,3998,G4,1,1
2927,4002,,0,0
2927,4010,,0,0
2927,4015,A3,1,1
2927,4021,A3,1,1
2927,4026,G4,1,1
2927,4033,A3,1,1
2927,4037,,0,0
2927,4041,,0,0
2927,4054,G4,1,1
2927,4075,A3,1,1
2927,4106,G4,1,1
2927,4113,G4,1,1
2927,4126,,0,0
2927,4127,,0,0
2927,4152,,0,0
2927,4161,,0,0
2927,4170,,0,0
2927,4182,A3,1,1
2927,4194,,0,0
2927,4206,G4,1,1
2927,4212,G4,1,1
2927,4233,,0,0
2927,4236,,0,0
2927,4308,,0,0
2927,4311,G4,1,1
2927,4336,,0,0
2927,4383,"A3,G4",2,2
2927,4429,G4,1,1
2930,4029,G4,1,1
2930,4062,G4,1,1
2930,4066,"A3,G4",2,2
2930,4086,G4,1,1
2930,4097,G4,1,1
2930,4103,G4,1,1
2930,4108,G4,1,1
2930,4122,G4,1,1
2930,4125,G4,1,1
2930,4129,G4,1,1
2930,4145,G4,1,1
2930,4148,G4,1,1
2930,4159,G4,1,1
2930,4202,G4,1,1
2930,4207,G4,1,1
2930,4213,G4,1,1
2930,4215,G4,1,1
2930,4224,G4,1,1
2930,4229,G4,1,1
2930,4334,G4,1,1
2930,4336,G4,1,1
2930,4424,G4,1,1
2930,4465,G4,1,1
2931,4017,G4,1,1
2931,4037,,0,0
2931,4040,G4,1,1
2931,4054,G4,1,1
2931,4080,G4,1,1
2931,4081,G4,1,1
2931,4104,G4,1,1
2931,4120,G4,1,1
2931,4137,G4,1,1
2931,4138,G4,1,1
2931,4144,G4,1,1
2931,4149,G4,1,1
2931,4153,G4,1,1
2931,4206,G4,1,1
2931,4214,G4,1,1
2931,4230,G4,1,1
2931,4304,"A5,G4",2,2
2931,4339,G4,1,1
2931,4461,G4,1,1
2931,4477,,0,0
2932,4023,G4,1,1
2932,4065,G4,1,1
2932,4075,"A3,G4",2,2
2932,4099,G4,1,1
2932,4105,G4,1,1
2932,4109,G4,1,1
2932,4131,G4,1,1
2932,4134,G4,1,1
2932,4143,G4,1,1
2932,4147,G4,1,1
2932,4151,G4,1,1
2932,4162,G4,1,1
2932,4203,G4,1,1
2932,4234,"A3,A4",2,1
2932,4238,G4,1,1
2932,4240,G4,1,1
2932,4316,G4,1,1
2932,4327,G4,1,1
2966,3994,,0,0
2966,4001,G4,1,1
2966,4011,,0,0
2966,4023,G4,1,1
2966,4081,,0,0
2966,4101,G4,1,1
2966,4122,G4,1,1
2966,4171,,0,0
2966,4181,,0,0
2966,4188,"B8,G4",2,2
2966,4199,,0,0
2966,4212,G4,1,1
2966,4225,G4,1,1
2966,4227,G4,1,1
2966,4228,G4,1,1
2966,4236,,0,0
2966,4322,,0,0
2966,4375,,0,0
2966,4376,"A3,B8",2,2
2966,4377,,0,0
2966,4470,"A3,G4",2,2
2966,4477,,0,0
2966,4491,G4,1,1
2967,2912,B4,1,1
2967,3988,G4,1,1
2967,3995,"B11,B8,G4",3,2
2967,4027,"B8,G4",2,2
2967,4032,,0,0
2967,4034,"B4,G4",2,2
2967,4065,,0,0
2967,4085,,0,0
2967,4124,"B8,G4",2,2
2967,4136,"A3,G4",2,2
2967,4140,G4,1,1
2967,4153,"B4,B8,G4",3,2
2967,4162,"B8,G4",2,2
2967,4174,,0,0
2967,4202,H1,1,1
2967,4211,G4,1,1
2967,4240,A3,1,1
2967,4246,G4,1,1
2967,4336,G4,1,1
2967,4352,G4,1,1
2967,4367,G4,1,1
2967,4424,"B8,G4",2,2
2967,4428,B8,1,1
2967,4431,"B4,G4",2,2
2967,4480,A3,1,1
2967,7239,G4,1,1
2967,7583,,0,0
2967,7584,,0,0
2967,7595,,0,0
2967,7601,B8,1,1
2967,7611,G4,1,1
2967,7617,B4,1,1
2967,7668,G4,1,1
2967,7742,,0,0
2968,3985,G4,1,1
2968,4002,,0,0
2968,4017,"A3,B8",2,2
2968,4151,G4,1,1
2968,4154,G4,1,1
2968,4155,"A3,G4",2,2
2968,4160,G4,1,1
2968,4182,"A3,G4",2,2
2968,4183,,0,0
2968,4194,G4,1,1
2968,4198,"A3,G4",2,2
2968,4210,,0,0
2968,4230,,0,0
2968,4232,,0,0
2968,4254,"B8,G4",2,2
2968,4316,,0,0
2968,4337,B8,1,1
2968,4476,G4,1,1
2968,4500,A3,1,1
2968,7502,G4,1,1
2968,7568,G4,1,1
2968,7569,"B8,G4",2,2
2968,7570,"B8,G4",2,2
2968,7586,,0,0
2968,7596,,0,0
2968,7598,,0,0
2968,7599,G4,1,1
2968,7600,"A3,G4",2,2
2968,7603,,0,0
2968,7610,G4,1,1
2968,7620,G4,1,1
2968,7635,G4,1,1
2968,7659,,0,0
2968,7663,,0,0
2968,7671,G4,1,1
2968,7672,G4,1,1
2968,7693,B8,1,1
2968,7702,G4,1,1
2968,8158,,0,0
2968,8168,G4,1,1
2968,8237,,0,0
2968,8408,,0,0
2968,8633,,0,0
2968,8648,B8,1,1
2968,8688,"B8,G4",2,2
2968,8749,,0,0
2968,8755,"G4,H1",2,2
2968,8771,G4,1,1
2968,8789,G4,1,1
2968,8830,,0,0
2968,8834,G4,1,1
2968,9158,G4,1,1
2968,9178,,0,0
2968,9186,,0,0
2968,9216,B8,1,1
2968,9236,,0,0
2968,9240,,0,0
2968,9243,,0,0
2968,9254,,0,0
2968,9301,,0,0
2968,9664,,0,0
2968,9668,,0,0
2968,9675,,0,0
2968,9676,"B8,G4",2,2
2968,9742,G4,1,1
2968,9746,G4,1,1
2968,9770,B8,1,1
2968,9775,,0,0
2968,9807,"B8,G4",2,2
2968,9828,"B8,G4",2,2
2968,9840,G4,1,1
2968,9876,A3,1,1
2968,9890,G4,1,1
2968,9953,"B8,G4",2,2
2968,9958,,0,0
2970,1366,G4,1,1
2970,3473,G4,1,1
2970,3987,G4,1,1
2970,4003,G4,1,1
2970,4033,G4,1,1
2970,4066,,0,0
2970,4086,G4,1,1
2970,4123,G4,1,1
2970,4128,G4,1,1
2970,4131,G4,1,1
2970,4132,,0,0
2970,4134,G4,1,1
2970,4143,G4,1,1
2970,4161,G4,1,1
2970,4165,G4,1,1
2970,4180,G4,1,1
2970,4206,G4,1,1
2970,4239,,0,0
2970,4357,G4,1,1
2970,4363,G4,1,1
2970,4413,G4,1,1
2970,4427,G4,1,1
2970,4479,,0,0
2970,7566,G4,1,1
2970,7575,G4,1,1
2970,7576,G4,1,1
2970,7580,G4,1,1
2970,7626,B8,1,1
2970,7673,G4,1,1
2970,7704,G4,1,1
2970,7748,,0,0
2971,3986,G4,1,1
2971,4012,"A3,G4",2,2
2971,4026,G4,1,1
2971,4029,G4,1,1
2971,4039,G4,1,1
2971,4040,,0,0
2971,4045,"A3,G4",2,2
2971,4059,,0,0
2971,4062,G4,1,1
2971,4097,G4,1,1
2971,4121,G4,1,1
2971,4127,"A3,G4",2,2
2971,4145,G4,1,1
2971,4157,G4,1,1
2971,4159,,0,0
2971,4244,G4,1,1
2971,4320,,0,0
2971,4339,G4,1,1
2971,4380,G4,1,1
2971,4389,,0,0
2971,4433,G4,1,1
2972,3546,G4,1,1
2972,3595,,0,0
2972,3998,"G4,H1",2,2
2972,4015,G4,1,1
2972,4028,G4,1,1
2972,4050,G4,1,1
2972,4058,G4,1,1
2972,4079,G4,1,1
2972,4099,G4,1,1
2972,4109,G4,1,1
2972,4113,"G4,H1",2,2
2972,4135,G4,1,1
2972,4139,G4,1,1
2972,4144,"B8,G4",2,2
2972,4152,G4,1,1
2972,4187,G4,1,1
2972,4267,G4,1,1
2972,4327,G4,1,1
2972,4348,G4,1,1
2972,4422,G4,1,1
2972,4432,,0,0
2972,4463,G4,1,1
2972,4529,,0,0
2972,7565,G4,1,1
2972,7588,,0,0
2972,7613,,0,0
2972,7616,G4,1,1
2972,7628,G4,1,1
2972,7657,G4,1,1
2972,7682,G4,1,1
2973,3858,G4,1,1
2973,3989,G4,1,1
2973,3997,G4,1,1
2973,4004,G4,1,1
2973,4005,"A3,G4",2,2
2973,4007,G4,1,1
2973,4013,G4,1,1
2973,4057,G4,1,1
2973,4060,G4,1,1
2973,4098,G4,1,1
2973,4112,G4,1,1
2973,4118,G4,1,1
2973,4126,G4,1,1
2973,4137,G4,1,1
2973,4138,G4,1,1
2973,4146,G4,1,1
2973,4168,"A3,G4",2,2
2973,4170,G4,1,1
2973,4172,G4,1,1
2973,4175,G4,1,1
2973,4178,G4,1,1
2973,4191,G4,1,1
2973,4223,,0,0
2973,4224,G4,1,1
2973,4226,G4,1,1
2973,4229,G4,1,1
2973,4235,G4,1,1
2973,4266,G4,1,1
2973,4342,G4,1,1
2973,4351,G4,1,1
2973,4414,G4,1,1
2973,4485,G4,1,1
2973,4505,A3,1,1
2973,4515,,0,0
2973,7563,"B8,G4",2,2
2973,7577,G4,1,1
2973,7579,G4,1,1
2973,7594,G4,1,1
2973,7605,,0,0
2973,7606,G4,1,1
2973,7608,G4,1,1
2973,7615,G4,1,1
2973,7624,G4,1,1
2973,7625,G4,1,1
2974,3999,G4,1,1
2974,4037,,0,0
2974,4083,,0,0
2974,4120,,0,0
2974,4125,G4,1,1
2974,4129,,0,0
2974,4163,G4,1,1
2974,4186,,0,0
2974,4207,,0,0
2974,4208,,0,0
2974,4214,G4,1,1
2974,4237,,0,0
2974,4258,,0,0
2974,4350,G4,1,1
2974,4354,"A3,B8",2,2
2974,4369,"A3,G4",2,2
2974,4378,G4,1,1
2974,4379,,0,0
2974,4387,,0,0
2974,4443,,0,0
2974,4469,,0,0
2974,4472,,0,0
2974,4481,,0,0
2975,3992,G4,1,1
2975,3993,G4,1,1
2975,4042,,0,0
2975,4102,G4,1,1
2975,4108,,0,0
2975,4149,,0,0
2975,4166,,0,0
2975,4176,,0,0
2975,4190,,0,0
2975,4213,G4,1,1
2975,4216,G4,1,1
2975,4219,G4,1,1
2975,4233,,0,0
2975,4312,,0,0
2975,4358,,0,0
2975,4373,A3,1,1
2975,4381,,0,0
3031,3590,G4,1,1
3031,3609,"B9,G4",2,2
3031,3987,"B8,B9,G4",3,2
3031,3988,"B9,G4",2,2
3031,3995,"B9,G4",2,2
3031,4011,G4,1,1
3031,4012,"B8,G4",2,2
3031,4026,"B8,G4",2,2
3031,4032,G4,1,1
3031,4041,"B8,B9,G4",3,2
3031,4060,"B8,B9,G4",3,2
3031,4097,"B8,G4",2,2
3031,4098,B8,1,1
3031,4103,"B8,G4",2,2
3031,4112,"B8,G4",2,2
3031,4116,"B8,B9,G4",3,2
3031,4118,"B9,G4",2,2
3031,4122,G4,1,1
3031,4129,"B8,G4",2,2
3031,4135,G4,1,1
3031,4148,"B8,G4",2,2
3031,4153,"B8,G4",2,2
3031,4183,"B8,B9,G4",3,2
3031,4187,"B8,B9",2,1
3031,4198,"B8,B9,G4",3,2
3031,4228,"B8,B9,G4",3,2
3031,4271,,0,0
3031,4322,"B8,G4",2,2
3031,4342,"B8,B9,G4",3,2
3031,4351,"B8,B9,G4",3,2
3031,4352,"B8,B9,G4",3,2
3031,5167,"B8,G4",2,2
3031,5173,"B8,G4",2,2
3031,5817,G4,1,1
3031,5839,"B8,B9,G4",3,2
3031,6262,"B9,G4",2,2
3031,6340,"B8,G4",2,2
3031,6420,G4,1,1
3031,6427,"B8,B9,G4",3,2
3031,6439,"B9,G4",2,2
3031,8168,G4,1,1
3031,8172,"B8,B9,G4",3,2
3031,8188,G4,1,1
3031,8197,B9,1,1
3031,8412,"B8,G4",2,2
3031,8638,"B8,G4",2,2
3031,8669,"B9,G4",2,2
3031,8675,"B8,B9",2,1
3031,8725,G4,1,1
3031,8727,"B8,G4",2,2
3031,8733,G4,1,1
3031,8734,"B8,G4",2,2
3031,8772,G4,1,1
3031,8791,"B8,G4",2,2
3031,8809,"B8,B9,G4",3,2
3031,8889,"B8,G4",2,2
3032,4003,"B11,B8,G4",3,2
3032,4004,"B9,G4",2,2
3032,4044,"B8,B9,G4",3,2
3032,4066,"B8,B9,G4",3,2
3032,4108,"B8,B9,G4",3,2
3032,4128,"B9,G4",2,2
3032,4131,"B8,G4",2,2
3032,4138,"B9,G4",2,2
3032,4149,"B8,B9,G4",3,2
3032,4154,"B8,B9,G4",3,2
3032,4191,"A5,B8,B9",3,2
3032,4206,"B8,G4",2,2
3032,4209,"B8,G4",2,2
3032,4210,G4,1,1
3032,4212,"B9,G4",2,2
3032,4213,G4,1,1
3032,4224,"B8,B9,G4",3,2
3032,4226,G4,1,1
3032,4244,"B8,G4",2,2
3032,4267,"B8,B9,G4",3,2
3032,4380,"B8,B9,G4",3,2
3032,4382,"B8,G4",2,2
3032,4432,"B8,B9,G4",3,2
3032,4443,"B8,G4",2,2
3032,4444,"B9,G4",2,2
3032,5285,"A5,B8,B9,G4",4,3
3032,6356,"B8,B9,G4",3,2
3032,6393,G4,1,1
3032,6412,"B9,G4",2,2
3032,8637,"B8,B9,G4",3,2
3032,8646,"B9,G4",2,2
3032,8717,G4,1,1
3032,8728,"B8,G4",2,2
3032,8738,G4,1,1
3032,8743,G4,1,1
3032,8747,G4,1,1
3032,8748,"B8,B9,G4",3,2
3032,8750,"B8,B9,G4",3,2
3032,8756,,0,0
3032,8767,"B9,G4",2,2
3032,8777,"B8,G4",2,2
3032,8804,,0,0
3032,8834,G4,1,1
3033,3454,G4,1,1
3033,3997,G4,1,1
3033,4005,"G4,H1",2,2
3033,4007,G4,1,1
3033,4008,"B4,G4",2,2
3033,4039,G4,1,1
3033,4057,G4,1,1
3033,4105,G4,1,1
3033,4119,G4,1,1
3033,4125,G4,1,1
3033,4139,G4,1,1
3033,4155,"B8,G4",2,2
3033,4163,"B8,G4",2,2
3033,4185,,0,0
3033,4188,"B8,G4",2,2
3033,4202,,0,0
3033,4211,G4,1,1
3033,4369,G4,1,1
3033,4502,G4,1,1
3033,5737,G4,1,1
3033,8159,G4,1,1
3033,8160,G4,1,1
3033,8167,G4,1,1
3033,8182,G4,1,1
3033,8185,G4,1,1
3033,8210,G4,1,1
3033,8213,G4,1,1
3033,8217,G4,1,1
3033,8236,G4,1,1
3033,8251,,0,0
3033,8321,G4,1,1
3033,8633,G4,1,1
3033,8636,,0,0
3033,8643,,0,0
3033,8648,G4,1,1
3033,8654,G4,1,1
3033,8656,G4,1,1
3033,8665,G4,1,1
3033,8677,G4,1,1
3033,8720,G4,1,1
3033,8721,G4,1,1
3033,8749,G4,1,1
3033,8755,G4,1,1
3033,8760,G4,1,1
3033,8771,G4,1,1
3033,8782,G4,1,1
3033,8800,G4,1,1
3033,8805,G4,1,1
3033,8877,B8,1,1
3034,3858,G4,1,1
3034,4013,G4,1,1
3034,4127,"B8,G4",2,2
3034,4159,G4,1,1
3034,4173,"B8,G4",2,2
3034,4199,"A3,G4",2,2
3034,4203,"B4,G4,H1",3,3
3034,4214,G4,1,1
3034,4227,"B8,G4",2,2
3034,4235,"B8,G4",2,2
3034,4413,G4,1,1
3034,5133,G4,1,1
3034,6354,G4,1,1
3034,6360,"B8,G4",2,2
3034,6425,"B8,G4",2,2
3034,6436,B8,1,1
3035,4001,G4,1,1
3035,4033,"B4,B8,G4",3,2
3035,4059,"B8,G4",2,2
3035,4109,G4,1,1
3035,4146,"B8,G4",2,2
3035,4160,"B8,G4",2,2
3035,4219,"B8,G4",2,2
3035,4229,G4,1,1
3035,4266,"B8,G4",2,2
3035,4431,"B8,G4",2,2
3035,6338,G4,1,1
3035,6367,G4,1,1
3035,6444,G4,1,1
3035,6446,G4,1,1
3035,6541,G4,1,1
3035,8634,"B4,B8,G4",3,2
3035,8661,G4,1,1
3035,8662,G4,1,1
3035,8673,"B8,G4",2,2
3035,8681,G4,1,1
3035,8686,G4,1,1
3035,8726,G4,1,1
3035,8730,G4,1,1
3035,8741,"B8,G4",2,2
3035,8753,G4,1,1
3036,3615,"B8,G4",2,2
3036,4023,"B8,G4",2,2
3036,4058,"B8,G4",2,2
3036,4062,"B8,G4",2,2
3036,4101,"B8,G4",2,2
3036,4102,"B8,G4",2,2
3036,4143,"B8,G4",2,2
3036,4144,"B8,G4",2,2
3036,4152,"A2,G4",2,2
3036,4166,"B8,G4",2,2
3036,4175,"B8,G4",2,2
3036,4232,"G4,H1",2,2
3036,4237,"B8,G4",2,2
3036,4282,"B8,G4",2,2
3036,4350,"B8,G4",2,2
3036,4366,"B8,G4",2,2
3036,4367,"B8,G4",2,2
3036,4389,G4,1,1
3036,6092,"B8,G4",2,2
3036,6338,G4,1,1
3036,6386,"B4,B8,G4",3,2
3036,6436,B8,1,1
3036,8183,"B8,G4",2,2
3036,8191,B8,1,1
3036,8204,"B8,G4",2,2
3036,8228,"G4,H1",2,2
3036,8290,G4,1,1
3036,8308,"B8,G4",2,2
3036,8403,"B8,G4",2,2
3036,8414,"B8,G4",2,2
3036,8635,G4,1,1
3036,8659,"B8,G4",2,2
3036,8664,G4,1,1
3036,8667,"B8,G4",2,2
3036,8679,"B8,G4",2,2
3036,8685,"B8,G4",2,2
3036,8716,"B8,G4",2,2
3036,8722,G4,1,1
3036,8724,"B8,G4",2,2
3036,8731,"B8,G4",2,2
3036,8736,G4,1,1
3036,8752,"B11,B8,G4",3,2
3036,8759,"B8,G4",2,2
3036,8787,"A2,G4",2,2
3036,8789,G4,1,1
3037,4031,"B11,B8",2,1
3037,4050,"B8,G4",2,2
3037,4085,G4,1,1
3037,4099,"B8,G4",2,2
3037,4120,"B8,G4",2,2
3037,4207,G4,1,1
3037,4223,,0,0
3037,4375,"B4,B8,G4",3,2
3037,4377,"A2,B8,G4",3,3
3037,4384,G4,1,1
3037,4477,"B8,G4",2,2
3037,5012,"B8,G4",2,2
3037,5138,"B8,G4",2,2
3037,5285,"A5,B8,G4",3,3
3037,5537,,0,0
3037,6132,"B8,G4",2,2
3037,6338,G4,1,1
3037,6360,"B8,G4",2,2
3037,6382,"B8,G4",2,2
3037,6386,"B4,B8,G4",3,2
3037,6401,"B8,G4",2,2
3037,6411,"B8,G4",2,2
3037,6432,G4,1,1
3037,6462,"B8,G4",2,2
3037,8158,"B8,G4",2,2
3037,8170,G4,1,1
3037,8235,"B8,G4",2,2
3037,8629,"B8,G4",2,2
3037,8641,"A3,B8,G4",3,3
3037,8645,"B8,G4",2,2
3037,8668,"B8,G4",2,2
3037,8687,"B8,G4",2,2
3037,8689,"B8,G4",2,2
3037,8715,"B8,G4",2,2
3037,8735,"B8,G4",2,2
3037,8754,"B8,G4",2,2
3037,8762,"B8,G4",2,2
3037,8776,"B8,G4",2,2
3037,8783,"B8,G4",2,2
3037,8788,"A2,G4",2,2
3037,8790,,0,0
3037,8801,"B8,G4",2,2
3037,8810,,0,0
3037,8835,G4,1,1
3038,2647,B8,1,1
3038,3413,"A5,G4",2,2
3038,3994,B8,1,1
3038,4009,,0,0
3038,4028,"B8,G4",2,2
3038,4037,"A5,B8,G4",3,3
3038,4137,"B8,G4",2,2
3038,4145,G4,1,1
3038,4172,"B8,G4",2,2
3038,4236,"A5,B8,G4",3,3
3038,4258,"B8,G4",2,2
3038,4461,,0,0
3038,4469,G4,1,1
3038,4552,"B8,G4",2,2
3038,5210,"B4,B8,G4",3,2
3038,5812,G4,1,1
3038,6151,"G4,H1",2,2
3038,6351,G4,1,1
3038,6388,,0,0
3038,6404,"B8,G4",2,2
3038,6432,"B8,G4",2,2
3038,6433,"B8,G4",2,2
3038,8163,G4,1,1
3038,8164,"A5,B8,G4",3,3
3038,8169,G4,1,1
3038,8171,G4,1,1
3038,8190,G4,1,1
3038,8196,,0,0
3038,8244,G4,1,1
3038,8247,G4,1,1
3038,8323,"B8,G4",2,2
3038,8632,G4,1,1
3038,8639,,0,0
3038,8647,H1,1,1
3038,8723,"B8,G4",2,2
3038,8732,B8,1,1
3038,8745,"B8,G4",2,2
3038,8758,B8,1,1
3038,8764,,0,0
3038,8785,G4,1,1
3038,8806,G4,1,1
3038,8819,"B8,G4",2,2
3038,8828,G4,1,1
3038,8830,,0,0
3039,3473,B8,1,1
3039,4027,"B8,G4",2,2
3039,4121,"A3,G4",2,2
3039,4123,G4,1,1
3039,4132,G4,1,1
3039,4162,G4,1,1
3039,4171,G4,1,1
3039,4208,"B8,G4",2,2
3039,4225,,0,0
3039,4230,G4,1,1
3039,4233,A3,1,1
3039,4246,G4,1,1
3039,4337,G4,1,1
3039,4362,G4,1,1
3039,4381,G4,1,1
3039,4491,G4,1,1
3039,5023,G4,1,1
3039,6336,G4,1,1
3039,6345,G4,1,1
3039,6386,G4,1,1
3039,6415,,0,0
3039,6424,G4,1,1
3039,6427,G4,1,1
3039,6429,G4,1,1
3039,6431,"B8,G4",2,2
3039,6447,"B4,G4",2,2
3039,6464,G4,1,1
3041,1366,,0,0
3041,3108,G4,1,1
3041,3546,G4,1,1
3041,3956,G4,1,1
3041,3989,G4,1,1
3041,4000,G4,1,1
3041,4040,"B8,G4",2,2
3041,4042,G4,1,1
3041,4065,B8,1,1
3041,4079,B8,1,1
3041,4124,"B8,G4",2,2
3041,4134,,0,0
3041,4140,,0,0
3041,4157,G4,1,1
3041,4161,"B8,G4",2,2
3041,4168,G4,1,1
3041,4178,G4,1,1
3041,4179,"B8,G4",2,2
3041,4327,G4,1,1
3041,4334,G4,1,1
3041,4354,G4,1,1
3041,4357,G4,1,1
3041,4433,G4,1,1
3041,4446,G4,1,1
3041,5457,G4,1,1
3041,5646,G4,1,1
3041,6423,G4,1,1
3041,6425,G4,1,1
3041,6433,G4,1,1
3041,6435,G4,1,1
3041,7223,G4,1,1
3041,8180,G4,1,1
3041,8186,,0,0
3041,8187,G4,1,1
3041,8192,,0,0
3041,8193,G4,1,1
3041,8195,G4,1,1
3041,8211,"B8,G4",2,2
3041,8237,G4,1,1
3041,8305,,0,0
3041,8409,G4,1,1
3041,8651,G4,1,1
3041,8658,G4,1,1
3041,8670,G4,1,1
3041,8729,G4,1,1
3041,8739,,0,0
3041,8744,G4,1,1
3041,8746,G4,1,1
3041,8779,G4,1,1
3041,8792,G4,1,1
3041,8797,G4,1,1
3041,8816,G4,1,1
3041,8876,,0,0
3041,8918,G4,1,1
3058,4057,B8,1,1
3058,4059,B9,1,1
3058,4082,,0,0
3058,4108,B8,1,1
3058,4304,"B8,G4",2,2
3058,4334,"B8,G4",2,2
3058,4433,G4,1,1
3058,5036,"B8,B9",2,1
3058,5473,"B8,B9",2,1
3058,5835,G4,1,1
3058,6340,B8,1,1
3058,6394,B8,1,1
3058,6418,,0,0
3058,6422,"B8,G4",2,2
3058,6445,"B8,G4",2,2
3058,6474,,0,0
3062,3995,"B4,G4",2,2
3062,4013,G4,1,1
3062,4032,"B8,G4",2,2
3062,4132,"B8,G4",2,2
3062,4159,G4,1,1
3062,4171,B8,1,1
3062,4212,G4,1,1
3062,4214,"B4,G4",2,2
3062,4225,"B8,G4",2,2
3062,4232,,0,0
3062,4239,A3,1,1
3062,4337,,0,0
3062,4373,"B8,G4",2,2
3062,4377,"B11,B8,G4",3,2
3062,4382,G4,1,1
3062,4413,G4,1,1
3062,4461,B8,1,1
3062,4470,G4,1,1
3062,4491,G4,1,1
3063,3988,G4,1,1
3063,3989,,0,0
3063,3993,"A3,G4",2,2
3063,4004,G4,1,1
3063,4012,"B8,G4",2,2
3063,4028,"A3,B8,G4",3,3
3063,4041,B8,1,1
3063,4044,,0,0
3063,4137,"B4,B8,G4",3,2
3063,4145,"B8,G4",2,2
3063,4154,"B8,G4",2,2
3063,4160,"B8,G4",2,2
3063,4163,G4,1,1
3063,4178,"B8,G4",2,2
3063,4190,G4,1,1
3063,4198,"B4,B8,G4",3,2
3063,4207,G4,1,1
3063,4233,"B8,G4",2,2
3063,4235,"A3,B8,B9,G4",4,3
3063,4244,"B4,G4",2,2
3063,4339,"B4,B8,G4",3,2
3063,4367,G4,1,1
3063,4380,G4,1,1
3063,4446,G4,1,1
3063,4463,"B8,B9,G4",3,2
3063,4477,"B8,G4",2,2
3068,3999,"B8,E1,G4",3,3
3068,4023,B8,1,1
3068,4027,"B8,E1,G4,H1",4,4
3068,4040,"B8,G4",2,2
3068,4123,"B8,G4",2,2
3068,4149,B8,1,1
3068,4188,G4,1,1
3068,4189,B4,1,1
3068,4199,"B4,G4",2,2
3068,4219,"B8,G4",2,2
3068,4224,,0,0
3068,4230,"B8,G4",2,2
3068,4236,,0,0
3068,4352,G4,1,1
3068,4381,"E1,G4",2,2
3068,4480,,0,0
3069,3858,B8,1,1
3069,4007,B4,1,1
3069,4011,,0,0
3069,4033,"B4,B8",2,1
3069,4042,,0,0
3069,4134,,0,0
3069,4138,G4,1,1
3069,4152,G4,1,1
3069,4211,,0,0
3069,4216,,0,0
3069,4246,,0,0
3069,4342,"B8,B9,G4",3,2
3069,4354,,0,0
3069,4369,G4,1,1
3069,4431,,0,0
3069,4460,"A3,A4",2,1
3069,4464,G4,1,1
3069,4478,G4,1,1
3089,4001,G4,1,1
3089,4004,G4,1,1
3089,4101,G4,1,1
3089,4129,"B8,G4",2,2
3089,4140,G4,1,1
3089,4145,G4,1,1
3089,4149,"B8,G4",2,2
3089,4152,G4,1,1
3089,4172,"B8,G4",2,2
3089,4178,G4,1,1
3089,4205,,0,0
3089,4216,"B8,G4",2,2
3089,4233,"A3,B8",2,2
3089,4237,B8,1,1
3089,4258,G4,1,1
3089,4266,B8,1,1
3089,4267,"B8,G4",2,2
3089,4312,"A2,G4",2,2
3089,4375,"A3,B8,G4",3,3
3089,4461,B8,1,1
3089,4476,"B8,G4",2,2
3124,4013,G4,1,1
3124,4024,G4,1,1
3124,4118,G4,1,1
3124,4124,G4,1,1
3124,4126,,0,0
3124,4139,,0,0
3124,4219,"A3,G4",2,2
3124,4227,G4,1,1
3124,4349,"A3,G4",2,2
3124,4363,G4,1,1
3124,4375,G4,1,1
3124,4380,"B8,G4",2,2
3124,6024,G4,1,1
3124,7105,,0,0
3124,7106,G4,1,1
3124,7112,G4,1,1
3124,7123,"A3,G4",2,2
3124,7127,G4,1,1
3124,7134,G4,1,1
3124,7142,G4,1,1
3124,7146,G4,1,1
3124,7165,G4,1,1
3124,7171,G4,1,1
3124,7172,"A3,G4",2,2
3134,3546,,0,0
3134,4027,G4,1,1
3134,4099,G4,1,1
3134,4108,,0,0
3134,4129,G4,1,1
3134,4143,G4,1,1
3134,4166,G4,1,1
3134,4211,G4,1,1
3134,4213,G4,1,1
3134,4258,G4,1,1
3134,4267,,0,0
3134,4487,G4,1,1
3134,5179,G4,1,1
3134,5817,G4,1,1
3134,6356,"A3,G4",2,2
3134,6360,G4,1,1
3134,6427,G4,1,1
3134,6466,G4,1,1
3136,3858,G4,1,1
3136,4001,"A3,G4",2,2
3136,4011,G4,1,1
3136,4210,G4,1,1
3136,4266,G4,1,1
3136,4351,G4,1,1
3136,4358,G4,1,1
3136,4372,G4,1,1
3136,6080,G4,1,1
3136,7114,G4,1,1
3136,7116,"A3,G4",2,2
3136,7119,G4,1,1
3136,7122,G4,1,1
3136,7159,G4,1,1
3136,7161,G4,1,1
3136,7162,G4,1,1
3136,7163,G4,1,1
3136,7167,G4,1,1
3136,7178,G4,1,1
3136,7195,G4,1,1
3136,7196,G4,1,1
3137,4122,G4,1,1
3137,4155,G4,1,1
3137,4161,"A3,G4",2,2
3137,4206,G4,1,1
3137,4214,"A3,G4",2,2
3137,4379,,0,0
3137,4422,G4,1,1
3137,4461,"A3,G4",2,2
3137,5008,G4,1,1
3137,5012,"B8,G4",2,2
3137,5664,G4,1,1
3137,5668,G4,1,1
3137,6432,G4,1,1
3137,7125,G4,1,1
3137,7136,G4,1,1
3137,7138,G4,1,1
3137,7164,G4,1,1
3137,7166,G4,1,1
3137,7177,G4,1,1
3137,7185,G4,1,1
3138,4005,G4,1,1
3138,4033,,0,0
3138,4050,,0,0
3138,4066,G4,1,1
3138,4101,G4,1,1
3138,4105,A3,1,1
3138,4114,A3,1,1
3138,4159,G4,1,1
3138,4160,G4,1,1
3138,4173,G4,1,1
3138,4208,G4,1,1
3138,4385,G4,1,1
3138,4389,,0,0
3138,5173,A3,1,1
3138,6435,G4,1,1
3138,6549,"A3,G4",2,2
3139,3473,,0,0
3139,4008,,0,0
3139,4041,G4,1,1
3139,4083,G4,1,1
3139,4106,A3,1,1
3139,4144,G4,1,1
3139,4145,"A3,G4",2,2
3139,4171,"B8,G4",2,2
3139,4175,G4,1,1
3139,4228,G4,1,1
3139,4230,G4,1,1
3139,4236,G4,1,1
3139,4240,G4,1,1
3139,4322,G4,1,1
3139,5167,"A3,G4",2,2
3139,6425,G4,1,1
3141,3995,G4,1,1
3141,4004,G4,1,1
3141,4103,"B8,G4",2,2
3141,4125,G4,1,1
3141,4131,,0,0
3141,4146,"A3,G4",2,2
3141,4183,G4,1,1
3141,4191,,0,0
3141,4212,G4,1,1
3141,4244,,0,0
3141,4337,G4,1,1
3141,4347,G4,1,1
3141,4354,G4,1,1
3141,4370,G4,1,1
3141,5041,"B8,G4",2,2
3141,5655,G4,1,1
3141,5998,G4,1,1
3141,6453,G4,1,1
3141,6464,G4,1,1
3141,7130,G4,1,1
3141,7137,G4,1,1
3141,7139,,0,0
3141,7143,G4,1,1
3141,7144,G4,1,1
3141,7160,G4,1,1
3141,7176,G4,1,1
3141,7181,"A3,G4",2,2
3141,7190,"C8,G4",2,2
3141,7204,G4,1,1
3141,7216,,0,0
3176,3995,G4,1,1
3176,4009,,0,0
3176,4033,"B8,B9,G4",3,2
3176,4124,G4,1,1
3176,4132,"B8,G4",2,2
3176,4163,G4,1,1
3176,4172,"B8,E1,G4",3,3
3176,4198,,0,0
3176,4202,,0,0
3176,4208,B4,1,1
3176,4211,G4,1,1
3176,4212,"B8,G4",2,2
3176,4230,,0,0
3176,4266,G4,1,1
3176,4357,"A3,B8",2,2
3176,4389,B8,1,1
3176,4413,,0,0
3176,5285,G4,1,1
3176,5837,G4,1,1
3176,5839,B4,1,1
3176,6360,"B8,G4",2,2
3176,6415,"B4,B8",2,1
3176,6420,B8,1,1
3176,6423,"C8,G4",2,2
3176,6425,,0,0
3176,6466,"B8,G4",2,2
3180,4013,"B8,G4",2,2
3180,4039,"B8,G4",2,2
3180,4102,"B8,G4",2,2
3180,4125,"B8,G4",2,2
3180,4138,"B8,G4",2,2
3180,4145,"B8,G4",2,2
3180,4151,"B8,G4",2,2
3180,4189,B8,1,1
3180,4199,"B8,G4",2,2
3180,4229,B8,1,1
3180,4236,"B8,G4",2,2
3180,4380,"B8,G4",2,2
3180,5121,"A3,B8,G4",3,3
3180,5133,"A3,B8,G4",3,3
3180,6340,B8,1,1
3180,6406,"B8,G4",2,2
3180,6414,B8,1,1
3180,6417,"A3,B8,G4",3,3
3180,6422,"B8,G4",2,2
3180,6427,B8,1,1
3180,6455,B8,1,1
3180,6466,B8,1,1
3181,1366,,0,0
3181,4032,G4,1,1
3181,4103,,0,0
3181,4105,G4,1,1
3181,4108,A3,1,1
3181,4129,"B8,G4",2,2
3181,4131,,0,0
3181,4146,"B8,G4",2,2
3181,4159,"B8,G4",2,2
3181,4173,"B8,G4,H1",3,3
3181,4175,"B8,G4",2,2
3181,4206,"A3,G4",2,2
3181,5036,"B8,G4",2,2
3181,5285,G4,1,1
3181,5812,,0,0
3181,5817,"B8,G4",2,2
3181,6356,"B8,G4",2,2
3181,6394,"B8,G4",2,2
3181,6434,G4,1,1
3183,4004,G4,1,1
3183,4026,G4,1,1
3183,4041,G4,1,1
3183,4044,,0,0
3183,4109,G4,1,1
3183,4120,G4,1,1
3183,4137,G4,1,1
3183,4149,G4,1,1
3183,4160,"A3,C8,G4",3,3
3183,4171,G4,1,1
3183,4179,G4,1,1
3183,4210,G4,1,1
3183,4345,G4,1,1
3183,4384,G4,1,1
3183,4469,G4,1,1
3183,5647,,0,0
3183,6360,G4,1,1
3183,6433,,0,0
3183,6488,"A3,G4",2,2
3309,2912,,0,0
3309,4625,,0,0
3309,4637,G4,1,1
3309,4666,,0,0
3309,4668,,0,0
3309,4669,,0,0
3309,4681,,0,0
3309,4684,G4,1,1
3309,4709,G4,1,1
3309,4712,,0,0
3309,4719,,0,0
3309,4731,G4,1,1
3309,4737,A3,1,1
3309,4739,G4,1,1
3309,4765,G4,1,1
3309,4770,G4,1,1
3309,4781,,0,0
3309,4858,G4,1,1
3309,5500,,0,0
3309,5816,G4,1,1
3309,7105,G4,1,1
3309,7130,,0,0
3309,7136,G4,1,1
3309,7149,,0,0
3309,7162,,0,0
3309,7165,A3,1,1
3309,7172,G4,1,1
3309,7502,G4,1,1
3309,7571,,0,0
3309,7584,,0,0
3309,7588,,0,0
3309,7596,G4,1,1
3309,7602,,0,0
3309,7616,,0,0
3309,7617,,0,0
3309,7622,,0,0
3309,7642,G4,1,1
3309,7650,G4,1,1
3368,4672,,0,0
3368,4679,G4,1,1
3368,4681,,0,0
3368,4730,,0,0
3368,4731,G4,1,1
3368,5090,,0,0
3368,5655,G4,1,1
3368,5664,,0,0
3368,6124,,0,0
3368,7101,G4,1,1
3368,7105,B8,1,1
3368,7127,"B8,G4",2,2
3368,7139,,0,0
3368,7166,G4,1,1
3368,7205,G4,1,1
3368,7237,,0,0
3368,7248,,0,0
3368,8181,,0,0
3368,8187,,0,0
3368,8192,G4,1,1
3368,8247,,0,0
3368,8248,,0,0
3368,8305,,0,0
3368,8321,G4,1,1
3368,8323,B8,1,1
3368,8415,,0,0
3371,3964,B8,1,1
3371,4687,,0,0
3371,4688,,0,0
3371,4733,G4,1,1
3371,4875,G4,1,1
3371,6080,,0,0
3371,7106,,0,0
3371,7108,G4,1,1
3371,7109,G4,1,1
3371,7124,G4,1,1
3371,7136,G4,1,1
3371,7164,,0,0
3371,7169,"A3,G4",2,2
3371,7171,,0,0
3371,7174,G4,1,1
3371,7181,"B8,G4",2,2
3371,7188,G4,1,1
3371,8164,G4,1,1
3371,8189,,0,0
3371,8193,,0,0
3371,8194,G4,1,1
3371,8245,,0,0
3371,8308,G4,1,1
3371,8389,G4,1,1
3383,4666,,0,0
3383,4675,G4,1,1
3383,4682,G4,1,1
3383,4684,G4,1,1
3383,4706,,0,0
3383,4738,G4,1,1
3383,5816,,0,0
3383,5998,G4,1,1
3383,6157,G4,1,1
3383,7103,G4,1,1
3383,7114,,0,0
3383,7116,G4,1,1
3383,7159,,0,0
3383,7167,,0,0
3383,7185,"B8,G4",2,2
3383,7186,,0,0
3383,7193,G4,1,1
3383,8186,,0,0
3383,8188,,0,0
3383,8190,,0,0
3383,8197,,0,0
3384,4670,"B8,G4",2,2
3384,4678,,0,0
3384,4696,G4,1,1
3384,4712,,0,0
3384,4715,G4,1,1
3384,4857,G4,1,1
3384,6074,B8,1,1
3384,6092,"G4,H1",2,2
3384,7121,"B8,G4",2,2
3384,7132,G4,1,1
3384,7138,G4,1,1
3384,7172,"B8,G4",2,2
3384,7175,G4,1,1
3384,7177,G4,1,1
3384,8159,,0,0
3384,8201,G4,1,1
3384,8207,G4,1,1
3384,8237,,0,0
3384,8324,"A3,B8",2,2
3384,8325,G4,1,1
3385,4665,,0,0
3385,4667,,0,0
3385,4669,,0,0
3385,4671,G4,1,1
3385,4676,G4,1,1
3385,4697,,0,0
3385,4739,"A3,G4",2,2
3385,5210,,0,0
3385,5687,G4,1,1
3385,7102,G4,1,1
3385,7107,G4,1,1
3385,7111,G4,1,1
3385,7162,,0,0
3385,8161,,0,0
3385,8169,G4,1,1
3385,8172,,0,0
3385,8210,G4,1,1
3385,8391,,0,0
3387,4552,B8,1,1
3387,4622,G4,1,1
3387,4668,G4,1,1
3387,4695,"B8,G4",2,2
3387,6024,"A3,G4",2,2
3387,7090,,0,0
3387,7098,,0,0
3387,7118,,0,0
3387,7126,G4,1,1
3387,7137,,0,0
3387,7155,G4,1,1
3387,7170,G4,1,1
3387,7176,G4,1,1
3387,7179,G4,1,1
3387,7212,G4,1,1
3387,7216,,0,0
3387,8160,G4,1,1
3387,8183,,0,0
3387,8244,G4,1,1
3387,8251,G4,1,1
3387,8290,G4,1,1
3387,8408,G4,1,1
3388,4673,G4,1,1
3388,4700,,0,0
3388,4701,B8,1,1
3388,4709,G4,1,1
3388,4713,G4,1,1
3388,4741,B8,1,1
3388,4821,G4,1,1
3388,6012,G4,1,1
3388,6165,,0,0
3388,7123,G4,1,1
3388,7125,"B8,G4",2,2
3388,7130,,0,0
3388,7141,G4,1,1
3388,7146,G4,1,1
3388,7151,,0,0
3388,7163,,0,0
3388,8180,G4,1,1
3388,8185,G4,1,1
3388,8249,"B8,G4",2,2
3526,5816,G4,1,1
3526,7106,G4,1,1
3526,7125,G4,1,1
3526,7132,G4,1,1
3526,7134,G4,1,1
3526,7158,G4,1,1
3526,7159,G4,1,1
3526,7160,G4,1,1
3526,7172,"B8,G4",2,2
3526,7190,G4,1,1
3526,7195,G4,1,1
3526,7502,G4,1,1
3526,7588,G4,1,1
3526,7594,"B8,G4",2,2
3526,7665,G4,1,1
3526,7668,G4,1,1
3526,7690,G4,1,1
3526,7693,G4,1,1
3582,2964,,0,0
3582,6172,"B8,G4",2,2
3582,6336,"B8,G4",2,2
3582,6340,"B8,B9",2,1
3582,6360,G4,1,1
3582,6382,G4,1,1
3582,6386,"B8,G4",2,2
3582,6394,,0,0
3582,6467,,0,0
3582,6484,"A3,G4",2,2
3582,7506,B10,1,1
3582,7570,,0,0
3582,7575,,0,0
3582,7601,,0,0
3582,7602,,0,0
3582,7622,"B8,G4",2,2
3582,7658,G4,1,1
3582,7666,"B8,G4",2,2
3582,7748,"B8,G4",2,2
3583,5012,G4,1,1
3583,5179,,0,0
3583,5473,,0,0
3583,5839,,0,0
3583,6013,"A2,B8,G4",3,3
3583,6151,,0,0
3583,6356,A3,1,1
3583,6417,,0,0
3583,6425,B8,1,1
3583,6433,B8,1,1
3583,6457,"B8,G4",2,2
3583,7566,G4,1,1
3583,7576,G4,1,1
3583,7584,A2,1,1
3583,7618,,0,0
3583,7659,"B8,B9",2,1
3583,7665,B8,1,1
3586,5041,"B8,G4",2,2
3586,5699,B8,1,1
3586,6338,"B8,G4",2,2
3586,6345,"B8,G4",2,2
3586,6351,"B8,G4",2,2
3586,6356,"A2,B8,G4",3,3
3586,6360,"B8,G4",2,2
3586,6435,B8,1,1
3586,6439,B8,1,1
3586,7566,"A2,B8,G4",3,3
3586,7584,"A2,B8",2,2
3586,7606,"B8,G4",2,2
3586,7616,B8,1,1
3586,7617,,0,0
3586,7622,B8,1,1
3586,7656,G4,1,1
3586,7668,"A2,B8,G4",3,3
3586,7671,B8,1,1
3586,7673,B8,1,1
3586,8638,"B8,G4",2,2
3586,8647,B8,1,1
3586,8655,"B8,G4",2,2
3586,8656,"B8,G4",2,2
3586,8659,"B8,G4",2,2
3586,8681,"A2,B8,G4",3,3
3586,8688,"A2,B8,G4",3,3
3586,8732,"B8,G4",2,2
3586,8752,"B8,G4",2,2
3586,8764,B8,1,1
3586,8771,"B8,G4",2,2
3586,8783,"B8,G4",2,2
3586,8795,"B8,G4",2,2
3586,8796,B8,1,1
3586,8817,"B8,G4",2,2
3586,8880,"A2,B8",2,2
3586,9176,"A2,B8",2,2
3586,9193,"B8,G4",2,2
3586,9209,"A2,B8",2,2
3586,9228,A2,1,1
3586,9229,"B8,G4",2,2
3586,9233,B8,1,1
3586,9240,B8,1,1
3586,9254,"A2,B8",2,2
3586,9264,,0,0
3586,9267,B8,1,1
3586,9269,"A2,B8",2,2
3586,9273,"A2,B8",2,2
3586,9286,B8,1,1
3586,9690,G4,1,1
3586,9705,"B8,G4",2,2
3586,9753,"B8,G4",2,2
3586,9763,B8,1,1
3586,9769,G4,1,1
3586,9773,B8,1,1
3586,9774,"B8,G4",2,2
3586,9788,B8,1,1
3586,9801,"B8,G4",2,2
3586,9802,A2,1,1
3586,9816,"B8,H1",2,2
3586,9827,"A2,B8",2,2
3586,9829,"B8,G4",2,2
3586,9831,B8,1,1
3586,9834,B8,1,1
3586,9836,"B8,G4",2,2
3586,9959,"B8,G4,H1",3,3
3587,3454,A2,1,1
3587,3566,B8,1,1
3587,3967,"B8,G4",2,2
3587,4456,B8,1,1
3587,5138,"A2,B8,G4",3,3
3587,5179,"A2,B8",2,2
3587,6172,"A2,B8,G4",3,3
3587,6303,"A2,B8",2,2
3587,6358,"A2,B8,G4",3,3
3587,6417,"A2,B8,G4",3,3
3587,6422,"A2,B8,G4",3,3
3587,6426,B8,1,1
3587,6432,"A2,G4",2,2
3587,6464,G4,1,1
3587,6467,,0,0
3587,7239,"A2,B8,G4",3,3
3587,7567,"A2,B8",2,2
3587,7568,"A2,B8,G4",3,3
3587,7573,"A2,B8,G4",3,3
3587,7588,B8,1,1
3587,7635,"A2,B8,G4",3,3
3587,7648,"A2,B8,G4",3,3
3587,7651,"A2,B8,G4",3,3
3587,8634,"A2,B8",2,2
3587,8653,B8,1,1
3587,8686,"A2,B8,G4",3,3
3587,8723,"A2,B8,G4",3,3
3587,8748,,0,0
3587,8762,"A2,B8,G4",3,3
3587,8792,"A2,B8,G4",3,3
3587,8828,"A2,B8",2,2
3587,8830,,0,0
3587,9131,"B8,G4",2,2
3587,9147,B8,1,1
3587,9167,"A2,B8",2,2
3587,9174,"B8,H1",2,2
3587,9211,"A2,B8",2,2
3587,9235,A2,1,1
3587,9236,A2,1,1
3587,9242,"A2,B8",2,2
3587,9248,"A2,B8",2,2
3587,9274,"A2,B8",2,2
3587,9297,"A2,B8",2,2
3587,9313,"B8,G4",2,2
3587,9681,"A3,B8,G4",3,3
3587,9684,"B8,G4",2,2
3587,9685,"B8,G4",2,2
3587,9711,"A2,B8",2,2
3587,9755,"A2,A3,B8",3,2
3587,9762,"B8,G4",2,2
3587,9777,B8,1,1
3587,9781,B8,1,1
3587,9785,B8,1,1
3587,9786,"A2,B8",2,2
3587,9818,"B8,H1",2,2
3587,9819,B8,1,1
3587,9820,"B8,G4",2,2
3587,9849,B8,1,1
3587,9890,"A2,B8,G4",3,3
3587,9940,"A2,B8,G4",3,3
3587,9958,B8,1,1
3588,2964,B8,1,1
3588,3413,A2,1,1
3588,4815,B8,1,1
3588,5646,"A2,B8,G4",3,3
3588,6310,,0,0
3588,6340,"A2,B8",2,2
3588,6404,"A3,B8",2,2
3588,6410,B8,1,1
3588,6453,"A2,B8,G4",3,3
3588,6455,"A2,B8",2,2
3588,6457,"A2,B8",2,2
3588,6461,,0,0
3588,6499,,0,0
3588,6670,"A2,B8,G4",3,3
3588,7502,"B8,G4",2,2
3588,7561,"A2,B8,G4",3,3
3588,7579,"B8,G4",2,2
3588,7589,"A2,B8,G4",3,3
3588,7603,"A2,B8,G4",3,3
3588,7605,"A2,B8,G4",3,3
3588,7653,"A2,B8,G4",3,3
3588,7659,"A2,B8,G4",3,3
3588,8633,"A2,B8,G4",3,3
3588,8639,"A2,B8,G4",3,3
3588,8658,"A2,B8,G4",3,3
3588,8665,"A2,B8,G4",3,3
3588,8668,"A2,B8",2,2
3588,8669,"A2,B8,G4",3,3
3588,8674,A3,1,1
3588,8724,"A2,B8,G4",3,3
3588,8727,"A2,B8,G4",3,3
3588,8734,"A2,B8",2,2
3588,8736,"B8,G4",2,2
3588,8738,"A2,B8,G4",3,3
3588,8759,"A2,B8",2,2
3588,8760,"A2,B8",2,2
3588,8767,"A2,B8,G4",3,3
3588,8772,"A2,B8,G4",3,3
3588,8878,"A2,B8,G4",3,3
3588,8889,"A2,B8,G4",3,3
3588,9173,B8,1,1
3588,9191,"A2,B8,G4",3,3
3588,9192,"B8,G4",2,2
3588,9205,"B8,G4",2,2
3588,9217,"A2,B8",2,2
3588,9221,"A2,B8,G4",3,3
3588,9237,"A2,B8,G4",3,3
3588,9239,"B8,H1",2,2
3588,9244,A2,1,1
3588,9301,"A2,B8,G4",3,3
3588,9691,"A2,B8,G4",3,3
3588,9764,"A2,B8,G4",3,3
3588,9796,"A2,B8",2,2
3588,9807,B8,1,1
3588,9808,B8,1,1
3588,9811,B8,1,1
3588,9815,"A2,B8",2,2
3588,9817,"A2,B8",2,2
3588,9821,B8,1,1
3588,9828,"A2,B8,G4",3,3
3588,9832,"B8,G4",2,2
3588,9841,"A2,B8,G4",3,3
3588,9876,B8,1,1
3588,9895,"B8,G4",2,2
3588,9897,B8,1,1
3589,1380,,0,0
3589,4494,B8,1,1
3589,4816,B8,1,1
3589,5167,"B8,G4",2,2
3589,6110,"B8,C8",2,2
3589,6382,"B8,G4",2,2
3589,6414,"A3,B8,G4",3,3
3589,6423,"B8,G4",2,2
3589,6433,B8,1,1
3589,6444,"B8,G4",2,2
3589,6460,"B8,G4",2,2
3589,6541,,0,0
3589,6549,B8,1,1
3589,7506,G4,1,1
3589,7571,"B8,G4",2,2
3589,7575,B8,1,1
3589,7628,"B8,G4",2,2
3589,7647,B8,1,1
3589,7650,"B8,G4",2,2
3589,7660,B8,1,1
3589,7693,"B8,G4",2,2
3589,8663,"B8,G4",2,2
3589,8670,B8,1,1
3589,8673,"B8,G4",2,2
3589,8730,"B8,G4",2,2
3589,8741,"B8,G4",2,2
3589,8742,B8,1,1
3589,8743,"B8,G4",2,2
3589,8777,"B8,G4",2,2
3589,8797,"B8,G4",2,2
3589,8807,,0,0
3589,9161,B8,1,1
3589,9166,B8,1,1
3589,9175,B8,1,1
3589,9194,"A3,B8,G4",3,3
3589,9198,"B8,G4",2,2
3589,9246,B8,1,1
3589,9312,B8,1,1
3589,9669,B8,1,1
3589,9676,,0,0
3589,9683,"A3,B8,G4",3,3
3589,9692,"A3,B8,G4",3,3
3589,9710,B8,1,1
3589,9733,"B8,G4",2,2
3589,9736,G4,1,1
3589,9741,"B8,G4",2,2
3589,9752,"B8,G4",2,2
3589,9756,"B8,G4",2,2
3589,9758,"B8,G4",2,2
3589,9759,B8,1,1
3589,9775,B8,1,1
3589,9778,B8,1,1
3589,9789,B8,1,1
3589,9806,B8,1,1
3589,9812,B8,1,1
3589,9822,"B8,G4",2,2
3589,9826,"B8,G4",2,2
3589,9889,B8,1,1
3589,9912,"B8,G4",2,2
3589,9954,"B8,G4",2,2
3589,9955,"B8,G4",2,2
3589,9956,"B8,G4",2,2
3590,5473,"B11,B8,G4",3,2
3590,5536,"B11,B8",2,1
3590,5839,"B4,B8,G4",3,2
3590,6151,"B4,B8",2,1
3590,6367,"B8,G4",2,2
3590,6406,"B11,B8,G4",3,2
3590,6420,"A2,B11,B8,G4",4,3
3590,6434,"B4,B8",2,1
3590,6436,"B11,B8,G4",3,2
3590,6446,"B4,B8",2,1
3590,7576,"A2,B4,B8,G4",4,3
3590,7598,"B4,B8,G4",3,2
3590,7602,"B4,G4",2,2
3590,7615,"B4,B8,G4",3,2
3590,7618,"A2,B4",2,2
3590,7626,"B4,B8,G4",3,2
3590,7666,G4,1,1
3590,8637,"A2,B8,G4",3,3
3590,8645,"B4,B8,G4",3,2
3590,8660,"A2,B8,G4",3,3
3590,8687,"A2,B4,B8",3,2
3590,8716,"B4,B8,G4",3,2
3590,8717,"A2,B4,B8,G4",4,3
3590,8720,"A2,B8,G4",3,3
3590,8721,"B4,B8,G4",3,2
3590,8722,"A2,B4,B8",3,2
3590,8725,"B4,B8,G4",3,2
3590,8733,"A2,B4,B8,G4",4,3
3590,8740,"B4,B8,G4",3,2
3590,8755,"B4,B8,G4",3,2
3590,8758,"B4,B8,G4",3,2
3590,8766,"B4,B8",2,1
3590,8779,"B4,B8",2,1
3590,8782,"B4,B8,G4",3,2
3590,8809,"B4,B8,G4",3,2
3590,8816,"B4,B8,G4",3,2
3590,9137,"B4,B8",2,1
3590,9149,"A3,B4,B8",3,2
3590,9164,"B4,B8",2,1
3590,9168,"B4,B8",2,1
3590,9170,"B4,B8",2,1
3590,9204,"B4,B8,G4",3,2
3590,9212,"A2,B11,B8",3,2
3590,9216,"B4,B8",2,1
3590,9220,B8,1,1
3590,9232,"A2,B4,B8,G4",4,3
3590,9234,"B4,B8",2,1
3590,9241,"B4,B8",2,1
3590,9278,"B4,B8",2,1
3590,9279,"B4,B8",2,1
3590,9663,"A2,B4,B8,G4",4,3
3590,9671,"A2,B4,B8",3,2
3590,9673,"B4,B8,G4",3,2
3590,9682,"B4,B8,G4",3,2
3590,9686,"A2,B4,B8,G4",4,3
3590,9688,"A3,B4,B8,G4",4,3
3590,9703,"A2,B11,B8",3,2
3590,9738,"B4,B8,G4",3,2
3590,9742,"A2,B4,B8,G4",4,3
3590,9745,"B4,B8,G4",3,2
3590,9771,"B4,B8",2,1
3590,9790,"A2,B11,B8",3,2
3590,9833,"B4,B8,G4",3,2
3590,9840,"B4,B8,G4",3,2
3590,9848,"B4,B8",2,1
3590,9850,"B11,B8,G4",3,2
3590,9953,B8,1,1
3591,2647,,0,0
3591,2912,B4,1,1
3591,5012,"B4,B8,G4",3,2
3591,5173,"B4,B8",2,1
3591,5292,B8,1,1
3591,5457,"B4,B8,G4",3,2
3591,6386,"B4,B8,G4",3,2
3591,6425,"B4,B8",2,1
3591,6427,"B4,B8",2,1
3591,6474,"B4,B8",2,1
3591,6523,"B8,G4",2,2
3591,7563,"B8,G4",2,2
3591,7565,"B4,B8,G4",3,2
3591,7577,"B4,B8,G4",3,2
3591,7685,"B8,G4",2,2
3591,8632,,0,0
3591,8635,"B4,B8,G4",3,2
3591,8643,"B4,B8,G4",3,2
3591,8648,"B11,B8",2,1
3591,8651,"B11,B8,G4",3,2
3591,8662,B8,1,1
3591,8677,"B4,B8",2,1
3591,8679,"B8,G4",2,2
3591,8729,"B11,B8,G4",3,2
3591,8744,"B4,B8,G4",3,2
3591,8745,"B11,B8,G4",3,2
3591,8753,"B11,B8",2,1
3591,8754,"B4,B8,G4",3,2
3591,8776,"B11,B8,G4",3,2
3591,9180,"B11,B8",2,1
3591,9199,"B4,B8,G4",3,2
3591,9200,"B8,G4",2,2
3591,9227,"B4,B8,G4",3,2
3591,9272,"B4,B8,G4",3,2
3591,9290,"B4,B8",2,1
3591,9303,"B4,B8,G4",3,2
3591,9304,,0,0
3591,9310,"A3,B4,B8",3,2
3591,9665,"B4,B8,G4",3,2
3591,9668,"B4,B8",2,1
3591,9672,"B4,B8",2,1
3591,9744,"B11,B8,G4",3,2
3591,9746,"B11,B8,G4",3,2
3591,9760,"B4,B8,G4",3,2
3591,9772,"B8,G4",2,2
3591,9787,"B4,B8,G4",3,2
3591,9794,"B11,B8,G4",3,2
3591,9799,"B11,B8,G4",3,2
3591,9814,"B8,B9,G4",3,2
3591,9830,"B4,B8",2,1
3592,5029,"B8,G4",2,2
3592,5837,"A2,G4",2,2
3592,6013,"A2,B8,G4",3,3
3592,6407,B8,1,1
3592,6411,"B8,C3",2,2
3592,6412,"A2,B8,G4",3,3
3592,6458,"A2,B8,G4",3,3
3592,6520,"A3,B8",2,2
3592,6612,B8,1,1
3592,7564,"A2,B8,G4",3,3
3592,7570,B8,1,1
3592,7580,"B8,G4",2,2
3592,7590,"A2,B8,G4",3,3
3592,7592,"B8,G4",2,2
3592,7594,"B8,B9,G4",3,2
3592,7595,"A2,B8",2,2
3592,7599,"A2,B8,G4",3,3
3592,7663,"A2,B8",2,2
3592,7665,B8,1,1
3592,7690,,0,0
3592,7748,"B8,G4",2,2
3593,3613,B8,1,1
3593,5036,"B8,G4",2,2
3593,5537,,0,0
3593,5647,"B4,B8,G4",3,2
3593,5817,G4,1,1
3593,6308,B8,1,1
3593,6336,"B4,B8,G4",3,2
3593,6343,G4,1,1
3593,6394,"B11,B8,G4",3,2
3593,6443,"B11,B8",2,1
3593,6445,"B8,G4",2,2
3593,7558,"B11,B8,G4",3,2
3593,7583,"B11,B8,G4",3,2
3593,7596,"B4,B8",2,1
3593,7601,"B4,B8",2,1
3593,7611,G4,1,1
3593,7636,"B4,B8",2,1
3593,7643,"B11,B8,G4",3,2
3593,7644,"B4,G4",2,2
3593,7658,"B11,B8,G4",3,2
3593,8636,"B11,B8,G4",3,2
3593,8640,"B4,B8,G4",3,2
3593,8644,"B11,B8,G4",3,2
3593,8664,"B11,B8,G4",3,2
3593,8726,"B4,B8,G4",3,2
3593,8731,"B4,B8,G4",3,2
3593,8735,"B4,B8,G4",3,2
3593,8739,"B11,B8",2,1
3593,8746,"B4,B8,G4",3,2
3593,8747,"B4,B8,G4",3,2
3593,8749,"B4,B8,G4",3,2
3593,8750,"B11,B8",2,1
3593,8756,"B4,B8",2,1
3593,8780,G4,1,1
3593,8784,"B4,B8,G4",3,2
3593,8790,"B4,B8,G4",3,2
3593,8793,"B4,B8,G4",3,2
3593,8800,"B4,B8",2,1
3593,8804,"B4,B8,G4",3,2
3593,8835,"B11,B8",2,1
3593,8876,"B4,B8",2,1
3593,8918,"B4,B8,G4",3,2
3593,9171,B8,1,1
3593,9189,"B11,B8,G4",3,2
3593,9196,"B4,B8,G4",3,2
3593,9226,"B11,B8",2,1
3593,9252,"A3,B11,B8,G4",4,3
3593,9295,"B8,G4",2,2
3593,9662,"B8,G4",2,2
3593,9675,"B11,B8",2,1
3593,9735,"B4,B8,G4",3,2
3593,9737,"B4,B8,G4",3,2
3593,9751,"B4,B8,G4",3,2
3593,9780,"B4,B8,G4",3,2
3593,9782,B8,1,1
3593,9783,"B8,G4",2,2
3593,9793,"B4,B8",2,1
3593,9795,"B4,B8",2,1
3593,9798,"B11,B8,G4",3,2
3593,9809,"B11,B8,G4",3,2
3593,9838,"B8,G4",2,2
3593,9880,"B4,B8",2,1
3593,9952,"B4,G4",2,2
3593,9957,"B4,B8",2,1
5162,6026,G4,1,1
5162,6157,G4,1,1
5162,7114,,0,0
5162,7121,G4,1,1
5162,7131,G4,1,1
5162,7134,,0,0
5162,7155,,0,0
5162,7165,,0,0
5162,7166,,0,0
5162,7176,,0,0
5162,7195,G4,1,1
5162,7502,"A3,G4",2,2
5162,7571,G4,1,1
5162,7575,,0,0
5162,7588,,0,0
5162,7591,G4,1,1
5162,7600,G4,1,1
5162,7626,,0,0
5162,7658,"A3,G4",2,2
5162,7726,G4,1,1
5163,2647,,0,0
5163,3615,G4,1,1
5163,4518,G4,1,1
5163,5687,,0,0
5163,6165,G4,1,1
5163,7097,G4,1,1
5163,7114,,0,0
5163,7131,,0,0
5163,7136,G4,1,1
5163,7155,G4,1,1
5163,7158,G4,1,1
5163,7171,G4,1,1
5163,7561,G4,1,1
5163,7574,G4,1,1
5163,7577,,0,0
5163,7595,,0,0
5163,7596,,0,0
5163,7602,,0,0
5163,7625,G4,1,1
5163,7690,G4,1,1
5163,8163,G4,1,1
5163,8171,,0,0
5163,8190,,0,0
5163,8201,G4,1,1
5163,8249,,0,0
5163,8300,,0,0
5163,8325,G4,1,1
5163,8633,,0,0
5163,8671,,0,0
5163,8679,G4,1,1
5163,8721,G4,1,1
5163,8738,G4,1,1
5163,8779,,0,0
5163,8807,,0,0
5163,8820,G4,1,1
5163,8877,,0,0
5163,9157,,0,0
5163,9167,G4,1,1
5163,9168,G4,1,1
5163,9173,,0,0
5163,9199,G4,1,1
5163,9201,G4,1,1
5163,9206,A3,1,1
5163,9212,G4,1,1
5163,9214,,0,0
5163,9216,,0,0
5163,9232,,0,0
5163,9235,,0,0
5163,9244,,0,0
5163,9271,,0,0
5163,9665,G4,1,1
5163,9707,,0,0
5163,9738,,0,0
5163,9751,G4,1,1
5163,9754,,0,0
5163,9755,A3,1,1
5163,9773,,0,0
5163,9774,,0,0
5163,9779,,0,0
5163,9793,,0,0
5163,9814,G4,1,1
5163,9840,G4,1,1
5163,9843,,0,0
5163,9889,,0,0
5164,3607,,0,0
5164,5210,,0,0
5164,5482,,0,0
5164,5500,,0,0
5164,5816,G4,1,1
5164,6071,G4,1,1
5164,7107,G4,1,1
5164,7109,G4,1,1
5164,7122,G4,1,1
5164,7125,"A3,G4",2,2
5164,7154,G4,1,1
5164,7162,,0,0
5164,7164,,0,0
5164,7168,,0,0
5164,7177,G4,1,1
5164,7178,G4,1,1
5164,7205,G4,1,1
5164,7211,,0,0
5164,7223,,0,0
5164,7239,,0,0
5164,7505,G4,1,1
5164,7569,G4,1,1
5164,7601,G4,1,1
5164,7603,,0,0
5164,7624,,0,0
5164,7639,G4,1,1
5164,7644,G4,1,1
5164,7659,,0,0
5164,8172,,0,0
5164,8204,,0,0
5164,8235,,0,0
5164,8629,,0,0
5164,8644,"A3,G4",2,2
5164,8645,G4,1,1
5164,8659,,0,0
5164,8687,,0,0
5164,8733,,0,0
5164,8734,,0,0
5164,8747,,0,0
5164,8757,,0,0
5164,8759,,0,0
5164,8873,G4,1,1
5164,9131,,0,0
5164,9166,C8,1,1
5164,9174,,0,0
5164,9184,,0,0
5164,9194,G4,1,1
5164,9223,G4,1,1
5164,9241,,0,0
5164,9278,,0,0
5164,9704,,0,0
5164,9747,,0,0
5164,9780,,0,0
5164,9786,,0,0
5164,9812,,0,0
5164,9818,,0,0
5164,9842,H1,1,1
5164,9848,,0,0
5164,9871,,0,0
5165,1380,,0,0
5165,3595,,0,0
5165,3613,,0,0
5165,5014,,0,0
5165,5655,,0,0
5165,6012,G4,1,1
5165,6308,,0,0
5165,7166,,0,0
5165,7167,,0,0
5165,7186,G4,1,1
5165,7188,G4,1,1
5165,7204,G4,1,1
5165,7212,G4,1,1
5165,7564,,0,0
5165,7566,G4,1,1
5165,7583,,0,0
5165,7590,G4,1,1
5165,7658,"A3,G4",2,2
5165,7671,,0,0
5165,8170,,0,0
5165,8207,G4,1,1
5165,8389,,0,0
5165,8395,G4,1,1
5165,8412,G4,1,1
5165,8658,,0,0
5165,8673,G4,1,1
5165,8677,,0,0
5165,8725,G4,1,1
5165,8726,G4,1,1
5165,8729,,0,0
5165,8736,G4,1,1
5165,8776,G4,1,1
5165,8784,G4,1,1
5165,8787,G4,1,1
5165,8796,,0,0
5165,8804,,0,0
5165,9137,,0,0
5165,9149,,0,0
5165,9165,G4,1,1
5165,9171,G4,1,1
5165,9186,,0,0
5165,9193,,0,0
5165,9198,G4,1,1
5165,9205,,0,0
5165,9227,G4,1,1
5165,9255,G4,1,1
5165,9274,,0,0
5165,9290,,0,0
5165,9666,,0,0
5165,9735,"G4,H1",2,2
5165,9741,G4,1,1
5165,9746,G4,1,1
5165,9752,G4,1,1
5165,9760,,0,0
5165,9806,,0,0
5165,9834,G4,1,1
5166,3413,G4,1,1
5166,3454,G4,1,1
5166,3967,,0,0
5166,5008,,0,0
5166,6074,G4,1,1
5166,7102,G4,1,1
5166,7105,,0,0
5166,7116,,0,0
5166,7119,,0,0
5166,7138,G4,1,1
5166,7160,G4,1,1
5166,7161,G4,1,1
5166,7181,G4,1,1
5166,7190,G4,1,1
5166,7193,G4,1,1
5166,7196,G4,1,1
5166,7510,,0,0
5166,7599,,0,0
5166,7606,G4,1,1
5166,7642,G4,1,1
5166,7673,G4,1,1
5166,7685,"A3,G4",2,2
5166,7702,G4,1,1
5166,8160,G4,1,1
5166,8183,G4,1,1
5166,8185,,0,0
5166,8213,,0,0
5166,8228,G4,1,1
5166,8409,,0,0
5166,8641,,0,0
5166,8647,,0,0
5166,8657,,0,0
5166,8661,G4,1,1
5166,8667,,0,0
5166,8746,G4,1,1
5166,8762,,0,0
5166,8764,G4,1,1
5166,8783,,0,0
5166,8785,A3,1,1
5166,8790,,0,0
5166,8809,G4,1,1
5166,8812,"A3,G4",2,2
5166,8828,,0,0
5166,9160,,0,0
5166,9163,,0,0
5166,9164,G4,1,1
5166,9176,,0,0
5166,9202,,0,0
5166,9220,,0,0
5166,9240,"A3,H1",2,2
5166,9246,,0,0
5166,9269,,0,0
5166,9301,,0,0
5166,9662,,0,0
5166,9668,,0,0
5166,9734,,0,0
5166,9745,G4,1,1
5166,9756,A3,1,1
5166,9769,,0,0
5166,9772,,0,0
5166,9775,,0,0
5166,9796,,0,0
5166,9807,,0,0
5166,9819,,0,0
5166,9829,,0,0
5166,9836,G4,1,1
5167,1769,,0,0
5167,2912,,0,0
5167,3609,,0,0
5167,5654,,0,0
5167,5664,,0,0
5167,5737,G4,1,1
5167,6024,,0,0
5167,6026,"A3,G4",2,2
5167,6092,,0,0
5167,6262,,0,0
5167,6541,,0,0
5167,7090,,0,0
5167,7104,G4,1,1
5167,7106,G4,1,1
5167,7118,,0,0
5167,7127,G4,1,1
5167,7134,,0,0
5167,7146,G4,1,1
5167,7170,G4,1,1
5167,7176,G4,1,1
5167,7578,G4,1,1
5167,7610,,0,0
5167,7611,G4,1,1
5167,7648,"A5,G4",2,2
5167,7776,G4,1,1
5167,8169,G4,1,1
5167,8186,,0,0
5167,8194,,0,0
5167,8247,,0,0
5167,8251,,0,0
5167,8321,G4,1,1
5167,8635,"A3,G4",2,2
5167,8638,G4,1,1
5167,8646,G4,1,1
5167,8665,G4,1,1
5167,8681,G4,1,1
5167,8686,,0,0
5167,8689,,0,0
5167,8739,A3,1,1
5167,8741,,0,0
5167,8748,,0,0
5167,8752,G4,1,1
5167,8760,,0,0
5167,8778,,0,0
5167,8780,,0,0
5167,8782,G4,1,1
5167,8810,,0,0
5167,8816,,0,0
5167,8817,G4,1,1
5167,8834,,0,0
5167,8835,,0,0
5167,8876,,0,0
5167,8880,G4,1,1
5167,9162,,0,0
5167,9169,G4,1,1
5167,9180,,0,0
5167,9195,G4,1,1
5167,9221,,0,0
5167,9304,,0,0
5167,9313,,0,0
5167,9672,,0,0
5167,9700,,0,0
5167,9703,,0,0
5167,9742,G4,1,1
5167,9753,,0,0
5167,9766,A3,1,1
5167,9815,,0,0
5167,9817,G4,1,1
5167,9828,G4,1,1
5167,9876,,0,0
5168,2514,,0,0
5168,4399,,0,0
5168,4816,,0,0
5168,5090,G4,1,1
5168,6119,G4,1,1
5168,6124,G4,1,1
5168,6157,G4,1,1
5168,7111,,0,0
5168,7175,G4,1,1
5168,7187,G4,1,1
5168,7195,G4,1,1
5168,7217,G4,1,1
5168,7502,G4,1,1
5168,7558,G4,1,1
5168,7568,"A3,G4",2,2
5168,7576,G4,1,1
5168,7582,G4,1,1
5168,7586,,0,0
5168,7600,G4,1,1
5168,7617,,0,0
5168,7623,,0,0
5168,7636,G4,1,1
5168,7647,,0,0
5168,7654,G4,1,1
5168,7697,G4,1,1
5168,7726,G4,1,1
5168,8167,,0,0
5168,8181,,0,0
5168,8230,,0,0
5168,8236,,0,0
5168,8670,,0,0
5168,8675,G4,1,1
5168,8715,G4,1,1
5168,8744,,0,0
5168,8777,,0,0
5168,8786,,0,0
5168,8791,G4,1,1
5168,8793,,0,0
5168,8795,G4,1,1
5168,8797,G4,1,1
5168,8798,,0,0
5168,8886,,0,0
5168,9147,,0,0
5168,9158,,0,0
5168,9159,,0,0
5168,9175,,0,0
5168,9179,,0,0
5168,9192,G4,1,1
5168,9197,G4,1,1
5168,9209,,0,0
5168,9218,,0,0
5168,9225,,0,0
5168,9254,,0,0
5168,9264,,0,0
5168,9272,G4,1,1
5168,9273,,0,0
5168,9276,,0,0
5168,9280,,0,0
5168,9312,,0,0
5168,9664,,0,0
5168,9706,,0,0
5168,9709,,0,0
5168,9743,,0,0
5168,9757,G4,1,1
5168,9758,G4,1,1
5168,9782,,0,0
5168,9783,G4,1,1
5168,9788,,0,0
5168,9791,,0,0
5168,9804,G4,1,1
5168,9809,G4,1,1
5168,9810,G4,1,1
5168,9813,,0,0
5168,9823,,0,0
5168,9826,,0,0
5169,4282,,0,0
5169,4494,,0,0
5169,4815,,0,0
5169,5029,,0,0
5169,5065,G4,1,1
5169,5699,,0,0
5169,5826,G4,1,1
5169,6011,G4,1,1
5169,7098,G4,1,1
5169,7103,G4,1,1
5169,7108,G4,1,1
5169,7130,G4,1,1
5169,7132,G4,1,1
5169,7165,,0,0
5169,7169,A3,1,1
5169,7174,G4,1,1
5169,7229,G4,1,1
5169,7565,"A3,G4",2,2
5169,7570,G4,1,1
5169,7588,,0,0
5169,7615,G4,1,1
5169,7616,,0,0
5169,7651,,0,0
5169,7653,G4,1,1
5169,7655,G4,1,1
5169,7668,G4,1,1
5169,7725,,0,0
5169,8159,G4,1,1
5169,8162,G4,1,1
5169,8164,,0,0
5169,8182,,0,0
5169,8197,,0,0
5169,8233,,0,0
5169,8244,G4,1,1
5169,8245,,0,0
5169,8248,,0,0
5169,8391,G4,1,1
5169,8408,,0,0
5169,8632,,0,0
5169,8637,G4,1,1
5169,8653,,0,0
5169,8720,,0,0
5169,8730,G4,1,1
5169,8740,A3,1,1
5169,8743,,0,0
5169,8772,,0,0
5169,8789,G4,1,1
5169,8799,,0,0
5169,8818,G4,1,1
5169,9191,G4,1,1
5169,9208,,0,0
5169,9219,G4,1,1
5169,9248,,0,0
5169,9263,,0,0
5169,9673,,0,0
5169,9701,,0,0
5169,9767,G4,1,1
5169,9778,,0,0
5169,9781,,0,0
5169,9785,,0,0
5169,9801,G4,1,1
5169,9811,,0,0
5169,9816,G4,1,1
5169,9820,G4,1,1
5169,9830,,0,0
5169,9850,,0,0
5169,9881,,0,0
5170,3566,,0,0
5170,4456,,0,0
5170,5537,,0,0
5170,6059,,0,0
5170,6303,,0,0
5170,6769,G4,1,1
5170,7141,G4,1,1
5170,7142,,0,0
5170,7163,,0,0
5170,7172,G4,1,1
5170,7203,,0,0
5170,7209,A3,1,1
5170,7567,,0,0
5170,7580,,0,0
5170,7640,G4,1,1
5170,7665,,0,0
5170,7666,G4,1,1
5170,8168,G4,1,1
5170,8193,,0,0
5170,8210,,0,0
5170,8232,,0,0
5170,8243,,0,0
5170,8289,G4,1,1
5170,8290,G4,1,1
5170,8308,G4,1,1
5170,8324,,0,0
5170,8634,,0,0
5170,8636,,0,0
5170,8643,A3,1,1
5170,8669,,0,0
5170,8688,,0,0
5170,8716,G4,1,1
5170,8724,G4,1,1
5170,8737,,0,0
5170,8755,G4,1,1
5170,8756,,0,0
5170,8766,A3,1,1
5170,8788,,0,0
5170,8792,,0,0
5170,8800,,0,0
5170,8805,,0,0
5170,8869,,0,0
5170,8887,,0,0
5170,9182,,0,0
5170,9189,G4,1,1
5170,9200,G4,1,1
5170,9204,G4,1,1
5170,9211,,0,0
5170,9233,,0,0
5170,9234,A3,1,1
5170,9289,,0,0
5170,9296,,0,0
5170,9737,,0,0
5170,9739,,0,0
5170,9759,,0,0
5170,9776,,0,0
5170,9777,,0,0
5170,9790,,0,0
5170,9827,,0,0
5170,9888,,0,0
5171,3108,,0,0
5171,3956,G4,1,1
5171,3964,,0,0
5171,4552,,0,0
5171,5536,G4,1,1
5171,5998,G4,1,1
5171,6903,,0,0
5171,7143,G4,1,1
5171,7179,G4,1,1
5171,7194,G4,1,1
5171,7571,G4,1,1
5171,7575,,0,0
5171,7579,,0,0
5171,7584,,0,0
5171,7591,,0,0
5171,7592,G4,1,1
5171,7605,,0,0
5171,7608,G4,1,1
5171,7612,G4,1,1
5171,7618,,0,0
5171,7621,,0,0
5171,7626,,0,0
5171,7628,,0,0
5171,7635,G4,1,1
5171,7641,,0,0
5171,7660,,0,0
5171,7663,,0,0
5171,8161,,0,0
5171,8180,,0,0
5171,8184,,0,0
5171,8192,,0,0
5171,8211,G4,1,1
5171,8229,,0,0
5171,8231,,0,0
5171,8237,A3,1,1
5171,8305,G4,1,1
5171,8314,,0,0
5171,8326,,0,0
5171,8414,,0,0
5171,8415,,0,0
5171,8639,,0,0
5171,8655,,0,0
5171,8656,,0,0
5171,8662,,0,0
5171,8663,,0,0
5171,8674,G4,1,1
5171,8685,,0,0
5171,8722,,0,0
5171,8742,G4,1,1
5171,8750,G4,1,1
5171,8753,,0,0
5171,8806,,0,0
5171,8830,,0,0
5171,8874,,0,0
5171,8889,,0,0
5171,9161,,0,0
5171,9196,G4,1,1
5171,9228,,0,0
5171,9237,,0,0
5171,9247,,0,0
5171,9250,,0,0
5171,9275,,0,0
5171,9667,,0,0
5171,9669,,0,0
5171,9705,,0,0
5171,9708,,0,0
5171,9710,H1,1,1
5171,9733,G4,1,1
5171,9763,,0,0
5171,9764,G4,1,1
5171,9770,,0,0
5171,9787,,0,0
5171,9789,,0,0
5171,9794,G4,1,1
5171,9798,G4,1,1
5171,9799,,0,0
5171,9802,G4,1,1
5171,9822,G4,1,1
5171,9831,,0,0
5171,9832,G4,1,1
5172,2068,,0,0
5172,4419,,0,0
5172,4781,,0,0
5172,5646,G4,1,1
5172,5668,G4,1,1
5172,6310,,0,0
5172,7101,G4,1,1
5172,7121,G4,1,1
5172,7123,G4,1,1
5172,7137,A3,1,1
5172,7139,G4,1,1
5172,7144,,0,0
5172,7506,,0,0
5172,7573,G4,1,1
5172,7594,,0,0
5172,7620,G4,1,1
5172,7622,,0,0
5172,7650,G4,1,1
5172,7657,G4,1,1
5172,7701,,0,0
5172,7782,G4,1,1
5172,8158,,0,0
5172,8188,,0,0
5172,8195,G4,1,1
5172,8200,,0,0
5172,8206,,0,0
5172,8323,,0,0
5172,8648,,0,0
5172,8664,,0,0
5172,8668,G4,1,1
5172,8717,G4,1,1
5172,8723,G4,1,1
5172,8728,G4,1,1
5172,8732,,0,0
5172,8771,G4,1,1
5172,8870,G4,1,1
5172,8875,G4,1,1
5172,8878,,0,0
5172,9178,G4,1,1
5172,9217,,0,0
5172,9224,G4,1,1
5172,9226,,0,0
5172,9267,,0,0
5172,9286,G4,1,1
5172,9306,G4,1,1
5172,9663,"A3,G4",2,2
5172,9670,,0,0
5172,9671,,0,0
5172,9744,G4,1,1
5172,9762,G4,1,1
5172,9771,,0,0
5172,9797,G4,1,1
5172,9808,G4,1,1
5172,9821,,0,0
5172,9824,G4,1,1
5172,9880,,0,0
5188,5826,,0,0
5188,6011,,0,0
5188,6086,,0,0
5188,6165,G4,1,1
5188,7098,,0,0
5188,7125,G4,1,1
5188,7185,,0,0
5188,7211,A3,1,1
5188,7239,,0,0
5188,7563,B8,1,1
5188,7591,G4,1,1
5188,7592,G4,1,1
5188,7594,,0,0
5188,7613,,0,0
5188,7616,,0,0
5188,7657,,0,0
5188,7668,G4,1,1
5188,8185,,0,0
5188,8217,G4,1,1
5188,8235,,0,0
5188,8325,G4,1,1
5188,8408,,0,0
5188,8632,,0,0
5188,8639,,0,0
5188,8654,,0,0
5188,8661,G4,1,1
5188,8662,,0,0
5188,8681,G4,1,1
5188,8725,G4,1,1
5188,8742,,0,0
5188,8789,,0,0
5188,8797,G4,1,1
5188,8830,,0,0
5188,9684,G4,1,1
5188,9685,G4,1,1
5188,9737,,0,0
5188,9745,,0,0
5188,9746,G4,1,1
5188,9756,,0,0
5188,9772,,0,0
5188,9785,,0,0
5188,9809,G4,1,1
5188,9811,,0,0
5188,9820,,0,0
5188,9940,,0,0
5188,9953,G4,1,1
5190,2514,,0,0
5190,2912,,0,0
5190,6080,,0,0
5190,7097,G4,1,1
5190,7116,G4,1,1
5190,7139,,0,0
5190,7141,,0,0
5190,7144,,0,0
5190,7146,,0,0
5190,7167,,0,0
5190,7168,,0,0
5190,7172,"B8,G4",2,2
5190,7176,G4,1,1
5190,7195,G4,1,1
5190,7212,G4,1,1
5190,7216,,0,0
5190,7564,,0,0
5190,7580,,0,0
5190,7673,,0,0
5193,6024,G4,1,1
5193,7101,,0,0
5193,7112,"B8,G4",2,2
5193,7134,G4,1,1
5193,7159,,0,0
5193,7180,G4,1,1
5193,7192,H1,1,1
5193,7220,"A3,G4",2,2
5193,7577,G4,1,1
5193,7579,,0,0
5193,7583,G4,1,1
5193,7586,,0,0
5193,7615,"A3,G4",2,2
5193,7628,G4,1,1
5193,7635,G4,1,1
5193,7671,G4,1,1
5193,7682,,0,0
5194,5998,G4,1,1
5194,7090,,0,0
5194,7114,,0,0
5194,7138,G4,1,1
5194,7166,,0,0
5194,7177,G4,1,1
5194,7190,"B8,G4",2,2
5194,7571,B8,1,1
5194,7573,,0,0
5194,7576,G4,1,1
5194,7588,,0,0
5194,7595,,0,0
5194,7599,,0,0
5194,7600,G4,1,1
5194,7624,,0,0
5194,7663,,0,0
5196,5655,,0,0
5196,7118,G4,1,1
5196,7122,,0,0
5196,7124,,0,0
5196,7130,,0,0
5196,7178,G4,1,1
5196,7204,,0,0
5196,7229,G4,1,1
5196,7565,,0,0
5196,7569,"B8,G4",2,2
5196,7584,,0,0
5196,7590,G4,1,1
5196,7611,G4,1,1
5196,7617,,0,0
5196,7620,G4,1,1
5196,7626,B8,1,1
5196,7636,"B8,G4",2,2
5196,7659,G4,1,1
5196,7748,G4,1,1
5197,3108,,0,0
5197,5090,,0,0
5197,7103,,0,0
5197,7131,,0,0
5197,7186,,0,0
5197,7188,G4,1,1
5197,7567,,0,0
5197,7570,G4,1,1
5197,7575,,0,0
5197,7660,,0,0
5197,7693,,0,0
5197,7742,,0,0
5197,8163,,0,0
5197,8182,,0,0
5197,8187,,0,0
5197,8247,,0,0
5197,8644,G4,1,1
5197,8647,H1,1,1
5197,8668,G4,1,1
5197,8724,G4,1,1
5197,8731,G4,1,1
5197,8732,,0,0
5197,8738,G4,1,1
5197,8756,,0,0
5197,8816,G4,1,1
5197,8828,G4,1,1
5234,3595,G4,1,1
5234,6080,G4,1,1
5234,7102,G4,1,1
5234,7103,"B8,B9,G4",3,2
5234,7112,G4,1,1
5234,7130,G4,1,1
5234,7132,G4,1,1
5234,7134,G4,1,1
5234,7136,"B8,G4",2,2
5234,7138,G4,1,1
5234,7142,"B8,G4",2,2
5234,7143,"B8,G4",2,2
5234,7163,"B8,G4",2,2
5234,7167,G4,1,1
5234,7561,G4,1,1
5234,7583,G4,1,1
5234,7605,"B8,G4",2,2
5234,7658,G4,1,1
5234,7663,"B8,B9,G4",3,2
5235,5655,G4,1,1
5235,5664,G4,1,1
5235,5816,G4,1,1
5235,5826,G4,1,1
5235,7104,,0,0
5235,7109,"B8,G4",2,2
5235,7124,G4,1,1
5235,7154,"B8,G4",2,2
5235,7155,"B8,G4",2,2
5235,7160,"B8,B9,G4",3,2
5235,7239,G4,1,1
5235,7506,G4,1,1
5235,7510,B8,1,1
5235,7567,G4,1,1
5235,7568,G4,1,1
5235,7601,G4,1,1
5235,7611,G4,1,1
5235,7615,G4,1,1
5235,7622,"B8,G4",2,2
5235,7625,,0,0
5235,7726,G4,1,1
5237,5536,"B4,G4",2,2
5237,6011,G4,1,1
5237,7106,"B4,G4",2,2
5237,7118,"B4,G4",2,2
5237,7127,"B4,G4",2,2
5237,7137,"B4,G4",2,2
5237,7161,"B8,G4",2,2
5237,7180,"B4,G4",2,2
5237,7185,"B4,G4",2,2
5237,7188,"B4,G4",2,2
5237,7204,"B4,G4",2,2
5237,7248,G4,1,1
5237,7505,"B4,G4",2,2
5237,7508,"B4,G4",2,2
5237,7575,G4,1,1
5237,7594,G4,1,1
5237,7608,G4,1,1
5237,7613,,0,0
5237,7671,"B4,B8,G4",3,2
5237,7689,"B11,B8,G4",3,2
5237,7702,"B4,G4",2,2
5239,5008,"B8,G4",2,2
5239,5029,"B8,B9,G4",3,2
5239,5090,G4,1,1
5239,7098,"B8,B9,G4",3,2
5239,7105,G4,1,1
5239,7131,"B9,G4",2,2
5239,7158,"B8,B9,G4",3,2
5239,7168,"B8,B9,G4",3,2
5239,7570,G4,1,1
5239,7573,G4,1,1
5239,7579,G4,1,1
5239,7602,G4,1,1
5239,7628,"B8,B9,G4",3,2
5239,7653,"B8,B9,G4",3,2
5239,7665,"B9,G4",2,2
5239,7668,"B9,G4",2,2
5239,7742,"B8,G4",2,2
5241,6024,"B9,G4",2,2
5241,7101,"B8,G4",2,2
5241,7121,"B8,G4",2,2
5241,7159,"B8,B9",2,1
5241,7162,B8,1,1
5241,7165,"B8,B9",2,1
5241,7178,"B8,B9,G4",3,2
5241,7211,B8,1,1
5241,7216,"B8,B9",2,1
5241,7586,"B8,B9",2,1
5241,7610,"B8,G4",2,2
5241,7616,B8,1,1
5241,7624,"B8,B9",2,1
5241,7651,"B8,B9",2,1
5241,7693,,0,0
5241,7697,"B8,G4",2,2
5245,5029,"B8,G4",2,2
5245,5826,B9,1,1
5245,6024,"B9,G4",2,2
5245,6130,"B8,B9,G4",3,2
5245,7125,G4,1,1
5245,7158,B8,1,1
5245,7162,"B8,B9",2,1
5245,7163,B8,1,1
5245,7169,"A3,B8,G4",3,3
5245,7180,"B9,G4",2,2
5245,7185,"B8,B9,G4",3,2
5245,7188,"B8,B9,G4",3,2
5245,7196,B4,1,1
5245,7212,G4,1,1
5245,7561,"B9,G4",2,2
5245,7565,,0,0
5245,7567,"B8,B9",2,1
5245,7590,"B8,G4",2,2
5245,7592,G4,1,1
5245,7595,"B8,B9",2,1
5245,7603,G4,1,1
5245,7616,"B8,B9",2,1
5245,7617,B9,1,1
5245,7618,B8,1,1
5245,7650,G4,1,1
5245,7671,"B8,B9,G4",3,2
5245,7682,"B8,G4",2,2
5245,7704,,0,0
5245,7742,G4,1,1
5245,7748,"B9,G4",2,2
5246,7101,B8,1,1
5246,7103,"B8,G4",2,2
5246,7106,"B8,G4",2,2
5246,7119,B9,1,1
5246,7131,B8,1,1
5246,7132,"B8,G4",2,2
5246,7510,B8,1,1
5246,7570,,0,0
5246,7588,B8,1,1
5246,7598,"B8,G4",2,2
5246,7602,B9,1,1
5246,7605,"B8,G4",2,2
5246,7606,"B8,G4",2,2
5246,7608,G4,1,1
5246,7624,B8,1,1
5246,7626,,0,0
5246,7636,"B8,G4",2,2
5246,7651,B8,1,1
5246,7653,"B8,G4",2,2
5246,7657,"B8,B9",2,1
5246,7663,"B8,G4",2,2
5246,7726,"E1,G4",2,2
5247,2964,,0,0
5247,5090,,0,0
5247,5816,"B4,G4",2,2
5247,7097,"B8,G4",2,2
5247,7118,,0,0
5247,7134,"B8,G4",2,2
5247,7138,G4,1,1
5247,7143,"B8,G4",2,2
5247,7193,"B8,B9,G4",3,2
5247,7195,"B8,G4",2,2
5247,7568,"B8,G4",2,2
5247,7579,B8,1,1
5247,7580,"B8,G4",2,2
5247,7586,H1,1,1
5247,7592,"B8,G4",2,2
5247,7602,,0,0
5247,7611,"B8,G4",2,2
5247,7616,G4,1,1
5247,7673,"B8,G4",2,2
5249,3595,"B8,E1",2,2
5249,5500,"B8,E1,G4",3,3
5249,5664,"B8,G4",2,2
5249,7506,,0,0
5249,7580,"E1,G4",2,2
5249,7583,"B8,G4",2,2
5249,7594,G4,1,1
5249,7596,B8,1,1
5249,7601,"G4,H1",2,2
5249,7611,"B8,G4",2,2
5249,7644,,0,0
5249,7648,,0,0
5249,7658,"A3,B8,E1",3,3
5249,7659,"B8,E1",2,2
5249,7668,G4,1,1
5249,7702,"B8,G4,H1",3,3
5251,2912,B8,1,1
5251,4518,,0,0
5251,6013,"B8,G4",2,2
5251,7098,"B8,E1,G4",3,3
5251,7105,B8,1,1
5251,7111,"B4,B8,G4",3,2
5251,7139,B8,1,1
5251,7151,,0,0
5251,7154,"B8,G4",2,2
5251,7167,B4,1,1
5251,7181,"A2,B8,B9,G4",4,3
5251,7239,"B8,E1",2,2
5251,7502,"A4,G4",2,2
5251,7505,"A3,B8,E1",3,3
5251,7558,B8,1,1
5251,7563,"A3,B8",2,2
5251,7564,"B4,B8,G4",3,2
5251,7566,"B8,G4",2,2
5251,7571,B8,1,1
5251,7575,"B8,G4",2,2
5251,7579,,0,0
5251,7599,B8,1,1
5251,7615,"B4,B8,G4",3,2
5251,7620,G4,1,1
5251,7622,B8,1,1
5251,7639,,0,0
5251,7647,"A4,B8,G4",3,3
5251,7660,B8,1,1
5251,7666,B8,1,1
5251,7685,"B8,G4",2,2
5251,7689,"B8,G4",2,2
5251,7693,B8,1,1
5254,2964,B8,1,1
5254,5500,,0,0
5254,5998,G4,1,1
5254,6011,,0,0
5254,7098,B8,1,1
5254,7111,"B8,G4",2,2
5254,7124,B8,1,1
5254,7139,,0,0
5254,7165,B8,1,1
5254,7176,G4,1,1
5254,7180,"B8,G4",2,2
5254,7181,"B8,G4",2,2
5254,7248,"B8,G4",2,2
5254,7506,B8,1,1
5254,7563,B8,1,1
5254,7564,B8,1,1
5254,7565,"B8,G4",2,2
5254,7575,B8,1,1
5254,7590,"B8,G4",2,2
5254,7599,B8,1,1
5254,7603,"B8,G4",2,2
5254,7608,G4,1,1
5254,7622,"B8,G4",2,2
5254,7624,B8,1,1
5254,7626,,0,0
5254,7663,B8,1,1
5254,7673,"B8,G4",2,2
5254,7748,,0,0
5255,5664,"B8,G4",2,2
5255,7097,"B8,G4",2,2
5255,7103,"B8,G4",2,2
5255,7107,G4,1,1
5255,7118,B8,1,1
5255,7164,G4,1,1
5255,7167,"B8,G4",2,2
5255,7168,B8,1,1
5255,7188,"B8,G4",2,2
5255,7502,"B8,G4",2,2
5255,7510,,0,0
5255,7568,"B8,G4",2,2
5255,7571,B8,1,1
5255,7594,B8,1,1
5255,7595,B8,1,1
5255,7617,"A3,D4,G4,G5",4,3
5255,7620,G4,1,1
5255,7640,G4,1,1
5255,7671,"B8,G4",2,2
5255,7693,"B8,G4",2,2
5259,3595,B8,1,1
5259,5029,"A3,B8,G4",3,3
5259,5536,B8,1,1
5259,5655,,0,0
5259,5826,G4,1,1
5259,7106,G4,1,1
5259,7108,"B8,G4",2,2
5259,7109,"B8,G4",2,2
5259,7114,B8,1,1
5259,7186,"B8,G4",2,2
5259,7195,"B8,G4",2,2
5259,7229,"B8,G4",2,2
5259,7558,B8,1,1
5259,7566,"B8,G4",2,2
5259,7569,"B8,G4",2,2
5259,7570,G4,1,1
5259,7588,,0,0
5259,7636,"B8,G4",2,2
5259,7644,"B8,G4",2,2
5259,7647,"B8,G4",2,2
5259,7650,"B8,G4",2,2
5259,7657,B8,1,1
5259,7668,G4,1,1
5259,7682,G4,1,1
5259,7689,"B8,G4",2,2
5283,5536,"B8,G4",2,2
5283,6165,G4,1,1
5283,7118,"B8,G4",2,2
5283,7134,,0,0
5283,7137,,0,0
5283,7146,"B8,G4",2,2
5283,7160,"B8,G4",2,2
5283,7165,"B8,G4",2,2
5283,7196,"B8,G4",2,2
5283,7216,,0,0
5283,7569,G4,1,1
5283,7592,G4,1,1
5283,7594,"B8,G4",2,2
5283,7605,"B8,G4",2,2
5283,7624,"B8,G4",2,2
5283,7626,"B8,B9,G4",3,2
5283,7660,"A3,B8",2,2
5370,5008,B11,1,1
5370,5664,G4,1,1
5370,5668,G4,1,1
5370,6011,G4,1,1
5370,7103,"B8,G4",2,2
5370,7105,"B4,B8,G4",3,2
5370,7106,"B8,G4",2,2
5370,7121,B8,1,1
5370,7139,G4,1,1
5370,7142,"B8,G4",2,2
5370,7159,"B8,B9,G4",3,2
5370,7160,"B8,B9,G4",3,2
5370,7171,,0,0
5370,7175,"B8,B9,G4",3,2
5370,7178,G4,1,1
5370,7196,"B8,G4",2,2
5383,2964,,0,0
5383,5687,,0,0
5383,7107,G4,1,1
5383,7123,G4,1,1
5383,7132,"B8,B9",2,1
5383,7137,,0,0
5383,7142,G4,1,1
5383,7158,"A3,G4",2,2
5383,7188,G4,1,1
5383,7204,"A3,B8,G4",3,3
5383,7212,"A3,G4",2,2
5383,7239,G4,1,1
5383,7635,"B4,G4",2,2
5383,7660,"A3,B4,B8",3,2
5383,7668,G4,1,1
5383,7748,"A3,B4,B8,G4",4,3
5386,5008,,0,0
5386,6080,B4,1,1
5386,7098,"B4,G4",2,2
5386,7111,,0,0
5386,7125,G4,1,1
5386,7148,"B4,G4",2,2
5386,7165,B4,1,1
5386,7185,G4,1,1
5386,7186,B4,1,1
5386,7506,,0,0
5386,7565,G4,1,1
5386,7576,G4,1,1
5386,7598,,0,0
5386,7617,,0,0
5386,7622,,0,0
5386,7659,B8,1,1
5386,7693,,0,0
5623,3566,,0,0
5623,3613,B8,1,1
5623,5537,A3,1,1
5623,5826,"B8,G4",2,2
5623,7567,B8,1,1
5623,7571,"B8,G4",2,2
5623,7590,G4,1,1
5623,7618,B8,1,1
5623,7660,,0,0
5623,8160,G4,1,1
5623,8181,,0,0
5623,8190,G4,1,1
5623,8192,G4,1,1
5623,8235,B8,1,1
5623,8248,"A3,B4",2,2
5623,8305,G4,1,1
5623,8308,,0,0
5623,8323,B8,1,1
5623,8325,,0,0
5623,8389,G4,1,1
5623,8670,"B8,G4",2,2
5623,8729,,0,0
5623,8733,,0,0
5623,8734,"B8,G4",2,2
5623,8745,G4,1,1
5623,8753,,0,0
5623,8783,"B8,G4",2,2
5623,8787,G4,1,1
5623,8880,,0,0
5623,9204,G4,1,1
5623,9225,"A3,H1",2,2
5623,9226,,0,0
5623,9227,G4,1,1
5623,9273,,0,0
5623,9297,,0,0
5623,9302,"G4,H1",2,2
5623,9313,G4,1,1
5623,9662,,0,0
5623,9665,,0,0
5623,9683,,0,0
5623,9693,,0,0
5623,9704,G4,1,1
5623,9752,G4,1,1
5623,9753,,0,0
5623,9754,,0,0
5623,9789,B8,1,1
5623,9793,B8,1,1
5623,9796,,0,0
5623,9811,B8,1,1
5623,9813,,0,0
5623,9827,B8,1,1
5623,9880,,0,0
5623,9957,A3,1,1
5623,9959,A3,1,1
5625,4815,,0,0
5625,5029,"B8,G4",2,2
5625,5210,G4,1,1
5625,7170,G4,1,1
5625,7564,,0,0
5625,7573,B8,1,1
5625,7591,G4,1,1
5625,7592,G4,1,1
5625,7602,,0,0
5625,7607,G4,1,1
5625,7622,B8,1,1
5625,7636,"B8,G4",2,2
5625,7658,G4,1,1
5625,7685,G4,1,1
5625,8170,"A3,G4",2,2
5625,8172,G4,1,1
5625,8210,G4,1,1
5625,8233,G4,1,1
5625,8244,G4,1,1
5625,8646,G4,1,1
5625,8668,G4,1,1
5625,8686,G4,1,1
5625,8687,,0,0
5625,8723,,0,0
5625,8735,,0,0
5625,8738,,0,0
5625,8740,,0,0
5625,8758,B8,1,1
5625,8804,G4,1,1
5625,9161,,0,0
5625,9164,G4,1,1
5625,9176,B8,1,1
5625,9184,,0,0
5625,9194,G4,1,1
5625,9235,A3,1,1
5625,9239,,0,0
5625,9252,,0,0
5625,9269,,0,0
5625,9671,,0,0
5625,9690,,0,0
5625,9692,G4,1,1
5625,9751,G4,1,1
5625,9756,,0,0
5625,9764,,0,0
5625,9772,,0,0
5625,9776,,0,0
5625,9779,A3,1,1
5625,9799,,0,0
5625,9814,G4,1,1
5625,9821,,0,0
5625,9832,G4,1,1
5625,9849,G4,1,1
5625,9881,,0,0
5625,9942,,0,0
5626,3454,,0,0
5626,3595,,0,0
5626,3956,,0,0
5626,5029,G4,1,1
5626,6262,,0,0
5626,7502,G4,1,1
5626,7593,,0,0
5626,7596,G4,1,1
5626,7605,,0,0
5626,7606,G4,1,1
5626,7608,,0,0
5626,7618,A3,1,1
5626,7622,,0,0
5626,7702,G4,1,1
5626,8192,G4,1,1
5626,8211,"A3,G4",2,2
5626,8251,,0,0
5626,8290,G4,1,1
5626,8655,,0,0
5626,8663,G4,1,1
5626,8686,,0,0
5626,8688,,0,0
5626,8720,,0,0
5626,8722,,0,0
5626,8733,,0,0
5626,8734,,0,0
5626,8736,,0,0
5626,8739,,0,0
5626,8764,"A3,G4",2,2
5626,8771,G4,1,1
5626,8779,G4,1,1
5626,8790,,0,0
5626,8798,A3,1,1
5626,8874,,0,0
5626,8889,,0,0
5626,9671,,0,0
5626,9680,G4,1,1
5626,9681,,0,0
5626,9686,G4,1,1
5626,9703,,0,0
5626,9734,,0,0
5626,9736,,0,0
5626,9747,G4,1,1
5626,9753,G4,1,1
5626,9754,,0,0
5626,9775,,0,0
5626,9782,,0,0
5626,9807,,0,0
5626,9816,G4,1,1
5626,9817,G4,1,1
5626,9821,,0,0
5626,9830,,0,0
5626,9834,G4,1,1
5626,9842,,0,0
5929,3413,G4,1,1
5929,3454,A3,1,1
5929,3967,G4,1,1
5929,4399,A5,1,1
5929,4552,,0,0
5929,4815,,0,0
5929,5537,,0,0
5929,6541,,0,0
5929,8160,G4,1,1
5929,8162,,0,0
5929,8163,G4,1,1
5929,8182,G4,1,1
5929,8184,,0,0
5929,8188,,0,0
5929,8194,G4,1,1
5929,8201,G4,1,1
5929,8211,G4,1,1
5929,8247,,0,0
5929,8324,G4,1,1
5929,8409,,0,0
5929,8636,,0,0
5929,8662,,0,0
5929,8677,A3,1,1
5929,8731,G4,1,1
5929,8737,G4,1,1
5929,8743,"A3,G4",2,2
5929,8759,,0,0
5929,8764,G4,1,1
5929,8797,G4,1,1
5929,8806,,0,0
5929,8807,,0,0
5929,8834,,0,0
5929,8876,,0,0
5929,9158,,0,0
5929,9168,,0,0
5929,9194,G4,1,1
5929,9227,,0,0
5929,9228,A3,1,1
5929,9244,,0,0
5929,9250,,0,0
5929,9662,,0,0
5929,9668,,0,0
5929,9705,,0,0
5929,9707,G4,1,1
5929,9742,G4,1,1
5929,9751,G4,1,1
5929,9770,,0,0
5929,9781,,0,0
5929,9786,,0,0
5929,9794,G4,1,1
5929,9812,,0,0
5929,9820,G4,1,1
5929,9823,,0,0
5929,9827,,0,0
5929,9840,G4,1,1
5929,9880,,0,0
5929,9881,,0,0
5929,9889,G4,1,1
5930,2647,,0,0
5930,3609,,0,0
5930,5482,,0,0
5930,6303,,0,0
5930,8158,G4,1,1
5930,8180,,0,0
5930,8183,,0,0
5930,8200,,0,0
5930,8228,G4,1,1
5930,8230,G4,1,1
5930,8231,G4,1,1
5930,8233,,0,0
5930,8305,"A3,G4",2,2
5930,8632,,0,0
5930,8639,,0,0
5930,8665,G4,1,1
5930,8686,,0,0
5930,8687,,0,0
5930,8721,G4,1,1
5930,8733,,0,0
5930,8742,,0,0
5930,8755,G4,1,1
5930,8780,,0,0
5930,8873,G4,1,1
5930,9137,,0,0
5930,9157,,0,0
5930,9186,,0,0
5930,9192,G4,1,1
5930,9196,G4,1,1
5930,9198,G4,1,1
5930,9211,,0,0
5930,9217,,0,0
5930,9220,"A3,G4",2,2
5930,9232,,0,0
5930,9234,,0,0
5930,9273,,0,0
5930,9710,,0,0
5930,9738,,0,0
5930,9752,,0,0
5930,9771,,0,0
5930,9773,H1,1,1
5930,9774,,0,0
5930,9793,,0,0
5930,9821,,0,0
5931,5210,,0,0
5931,5737,G4,1,1
5931,6262,,0,0
5931,7223,,0,0
5931,8171,,0,0
5931,8190,,0,0
5931,8192,,0,0
5931,8195,G4,1,1
5931,8229,"A4,G4",2,2
5931,8243,,0,0
5931,8244,G4,1,1
5931,8251,,0,0
5931,8300,,0,0
5931,8415,,0,0
5931,8629,,0,0
5931,8644,G4,1,1
5931,8663,,0,0
5931,8673,G4,1,1
5931,8674,,0,0
5931,8716,G4,1,1
5931,8724,"A3,G4",2,2
5931,8732,,0,0
5931,8738,"A3,G4,H1",3,3
5931,8740,,0,0
5931,8760,,0,0
5931,8772,,0,0
5931,8787,,0,0
5931,8790,,0,0
5931,8810,,0,0
5931,9160,,0,0
5931,9166,,0,0
5931,9184,,0,0
5931,9189,G4,1,1
5931,9193,,0,0
5931,9269,,0,0
5931,9271,,0,0
5931,9670,,0,0
5931,9776,,0,0
5931,9780,A3,1,1
5931,9804,G4,1,1
5931,9848,,0,0
5932,1769,,0,0
5932,6092,G4,1,1
5932,6124,,0,0
5932,6308,,0,0
5932,6310,,0,0
5932,8236,G4,1,1
5932,8249,G4,1,1
5932,8323,,0,0
5932,8389,,0,0
5932,8634,,0,0
5932,8646,G4,1,1
5932,8651,G4,1,1
5932,8653,,0,0
5932,8664,,0,0
5932,8670,,0,0
5932,8671,G4,1,1
5932,8679,G4,1,1
5932,8681,,0,0
5932,8722,A4,1,1
5932,8726,A4,1,1
5932,8728,G4,1,1
5932,8734,,0,0
5932,8744,,0,0
5932,8771,G4,1,1
5932,8776,G4,1,1
5932,8777,,0,0
5932,8782,A3,1,1
5932,8783,,0,0
5932,8786,,0,0
5932,8816,A3,1,1
5932,8835,,0,0
5932,8877,,0,0
5932,9163,,0,0
5932,9174,,0,0
5932,9178,G4,1,1
5932,9191,G4,1,1
5932,9205,A3,1,1
5932,9224,G4,1,1
5932,9255,,0,0
5932,9289,,0,0
5932,9290,,0,0
5932,9296,,0,0
5932,9313,G4,1,1
5932,9666,,0,0
5932,9700,,0,0
5932,9735,G4,1,1
5932,9743,,0,0
5932,9757,G4,1,1
5932,9759,G4,1,1
5932,9829,,0,0
5935,3108,,0,0
5935,3964,,0,0
5935,4282,,0,0
5935,4419,,0,0
5935,4456,,0,0
5935,8164,,0,0
5935,8170,,0,0
5935,8186,G4,1,1
5935,8187,G4,1,1
5935,8207,G4,1,1
5935,8210,,0,0
5935,8245,,0,0
5935,8289,G4,1,1
5935,8314,,0,0
5935,8325,,0,0
5935,8408,,0,0
5935,8637,G4,1,1
5935,8638,G4,1,1
5935,8648,,0,0
5935,8683,,0,0
5935,8689,G4,1,1
5935,8715,,0,0
5935,8739,,0,0
5935,8748,,0,0
5935,8789,G4,1,1
5935,8792,,0,0
5935,8795,G4,1,1
5935,8800,,0,0
5935,8818,G4,1,1
5935,8820,,0,0
5935,8830,,0,0
5935,8869,,0,0
5935,8874,,0,0
5935,8878,,0,0
5935,9165,,0,0
5935,9180,,0,0
5935,9182,,0,0
5935,9195,"A3,G4",2,2
5935,9197,G4,1,1
5935,9216,,0,0
5935,9233,,0,0
5935,9286,G4,1,1
5935,9298,A3,1,1
5935,9664,,0,0
5935,9671,A3,1,1
5935,9673,G4,1,1
5935,9711,G4,1,1
5935,9734,,0,0
5935,9758,G4,1,1
5935,9779,,0,0
5935,9807,,0,0
5935,9810,G4,1,1
5935,9815,,0,0
5935,9818,G4,1,1
5935,9828,G4,1,1
5935,9830,G4,1,1
5935,9836,G4,1,1
5935,9876,,0,0
5935,9888,,0,0
5936,2068,,0,0
5936,3566,,0,0
5936,3956,,0,0
5936,6903,,0,0
5936,7170,"A3,G4",2,2
5936,8169,G4,1,1
5936,8172,,0,0
5936,8193,,0,0
5936,8197,,0,0
5936,8235,,0,0
5936,8237,,0,0
5936,8641,,0,0
5936,8643,G4,1,1
5936,8658,,0,0
5936,8661,G4,1,1
5936,8667,,0,0
5936,8668,,0,0
5936,8675,G4,1,1
5936,8685,,0,0
5936,8730,G4,1,1
5936,8736,G4,1,1
5936,8746,G4,1,1
5936,8750,"A3,G4",2,2
5936,8756,,0,0
5936,8762,G4,1,1
5936,8791,,0,0
5936,8799,,0,0
5936,8809,G4,1,1
5936,9164,,0,0
5936,9167,G4,1,1
5936,9202,G4,1,1
5936,9221,,0,0
5936,9248,,0,0
5936,9267,,0,0
5936,9663,,0,0
5936,9763,,0,0
5936,9764,"A3,G4",2,2
5936,9777,,0,0
5936,9789,,0,0
5936,9796,,0,0
5936,9798,A3,1,1
5936,9806,,0,0
5936,9814,G4,1,1
5936,9834,G4,1,1
5937,3615,,0,0
5937,5646,G4,1,1
5937,5654,,0,0
5937,8159,G4,1,1
5937,8161,G4,1,1
5937,8167,,0,0
5937,8168,G4,1,1
5937,8185,,0,0
5937,8213,,0,0
5937,8290,G4,1,1
5937,8308,,0,0
5937,8321,G4,1,1
5937,8645,G4,1,1
5937,8647,,0,0
5937,8659,G4,1,1
5937,8669,G4,1,1
5937,8688,,0,0
5937,8717,G4,1,1
5937,8720,,0,0
5937,8729,G4,1,1
5937,8741,,0,0
5937,8753,,0,0
5937,8779,,0,0
5937,8796,,0,0
5937,8804,,0,0
5937,8805,,0,0
5937,8828,G4,1,1
5937,8870,,0,0
5937,8887,,0,0
5946,3413,"B8,G4",2,2
5946,4494,,0,0
5946,4552,B8,1,1
5946,5482,,0,0
5946,6092,,0,0
5946,8182,,0,0
5946,8249,"B8,G4",2,2
5946,8661,G4,1,1
5946,8662,,0,0
5946,8675,G4,1,1
5946,8717,"B8,G4",2,2
5946,8725,G4,1,1
5946,8739,,0,0
5946,8754,,0,0
5946,8772,,0,0
5946,8791,,0,0
5946,8792,,0,0
5946,8795,G4,1,1
5946,9147,,0,0
5946,9180,B8,1,1
5946,9181,,0,0
5946,9192,G4,1,1
5946,9212,,0,0
5946,9218,,0,0
5946,9219,G4,1,1
5946,9224,A3,1,1
5946,9272,G4,1,1
5946,9290,B8,1,1
5946,9303,,0,0
5946,9663,,0,0
5946,9669,,0,0
5946,9670,,0,0
5946,9701,,0,0
5946,9703,,0,0
5946,9705,,0,0
5946,9708,,0,0
5946,9743,"A3,G4",2,2
5946,9745,"B8,G4",2,2
5946,9769,,0,0
5946,9783,,0,0
5946,9802,,0,0
5946,9804,G4,1,1
5946,9809,"B8,G4",2,2
5946,9952,G4,1,1
5947,3956,B8,1,1
5947,3964,B8,1,1
5947,5292,G4,1,1
5947,5605,G4,1,1
5947,5737,G4,1,1
5947,6124,G4,1,1
5947,8164,,0,0
5947,8180,G4,1,1
5947,8195,G4,1,1
5947,8197,,0,0
5947,8200,"A3,B8",2,2
5947,8251,,0,0
5947,8321,G4,1,1
5947,8629,,0,0
5947,8644,"B8,G4",2,2
5947,8647,,0,0
5947,8667,,0,0
5947,8669,"B8,G4",2,2
5947,8673,,0,0
5947,8676,,0,0
5947,8677,,0,0
5947,8720,G4,1,1
5947,8730,G4,1,1
5947,8731,G4,1,1
5947,8747,,0,0
5947,8750,"G4,H1",2,2
5947,8776,G4,1,1
5947,8779,,0,0
5947,8800,,0,0
5947,8809,G4,1,1
5947,8816,G4,1,1
5947,8870,,0,0
5947,9137,,0,0
5947,9163,,0,0
5947,9168,B8,1,1
5947,9171,G4,1,1
5947,9175,,0,0
5947,9189,G4,1,1
5947,9196,G4,1,1
5947,9200,G4,1,1
5947,9228,,0,0
5947,9241,H1,1,1
5947,9255,G4,1,1
5947,9274,,0,0
5947,9682,B8,1,1
5947,9709,B8,1,1
5947,9738,,0,0
5947,9760,G4,1,1
5947,9763,,0,0
5947,9778,B8,1,1
5947,9780,A3,1,1
5947,9794,,0,0
5947,9825,G4,1,1
5947,9829,B8,1,1
5947,9932,G4,1,1
5947,9955,A3,1,1
5949,5699,,0,0
5949,8169,G4,1,1
5949,8186,,0,0
5949,8189,G4,1,1
5949,8193,,0,0
5949,8409,,0,0
5949,8632,,0,0
5949,8634,,0,0
5949,8636,G4,1,1
5949,8645,"B8,G4",2,2
5949,8664,,0,0
5949,8681,,0,0
5949,8721,G4,1,1
5949,8722,B8,1,1
5949,8724,G4,1,1
5949,8741,H1,1,1
5949,8760,,0,0
5949,8780,,0,0
5949,8790,,0,0
5949,8799,H1,1,1
5949,8875,,0,0
5949,8887,,0,0
5949,9131,G4,1,1
5949,9166,,0,0
5949,9170,G4,1,1
5949,9173,,0,0
5949,9201,,0,0
5949,9205,B8,1,1
5949,9217,,0,0
5949,9220,,0,0
5949,9232,G4,1,1
5949,9233,H1,1,1
5949,9250,G4,1,1
5949,9285,G4,1,1
5949,9304,,0,0
5949,9673,,0,0
5949,9686,G4,1,1
5949,9711,,0,0
5949,9734,G4,1,1
5949,9739,,0,0
5949,9791,B8,1,1
5949,9801,G4,1,1
5949,9824,,0,0
5949,9826,G4,1,1
5949,9841,B8,1,1
5949,9889,,0,0
5949,9895,G4,1,1
5950,2647,B8,1,1
5950,4399,B8,1,1
5950,4816,B8,1,1
5950,6303,B8,1,1
5950,6541,,0,0
5950,6903,G4,1,1
5950,8159,,0,0
5950,8161,,0,0
5950,8163,"A3,G4",2,2
5950,8183,G4,1,1
5950,8185,G4,1,1
5950,8188,,0,0
5950,8207,G4,1,1
5950,8228,"B8,G4",2,2
5950,8247,G4,1,1
5950,8635,"A3,G4",2,2
5950,8637,,0,0
5950,8658,,0,0
5950,8660,G4,1,1
5950,8737,G4,1,1
5950,8744,G4,1,1
5950,8807,,0,0
5950,8817,,0,0
5950,8835,G4,1,1
5950,8877,G4,1,1
5950,8918,G4,1,1
5950,9149,G4,1,1
5950,9167,G4,1,1
5950,9229,,0,0
5950,9735,G4,1,1
5950,9736,H1,1,1
5950,9744,G4,1,1
5950,9747,G4,1,1
5950,9755,,0,0
5950,9759,,0,0
5950,9767,G4,1,1
5950,9782,,0,0
5950,9815,,0,0
5950,9820,,0,0
5950,9822,G4,1,1
5950,9838,,0,0
5950,9850,,0,0
5950,9912,"B8,G4",2,2
5950,9941,G4,1,1
5951,3108,B8,1,1
5951,3454,,0,0
5951,3967,"B8,G4",2,2
5951,6310,B8,1,1
5951,8167,,0,0
5951,8187,G4,1,1
5951,8289,G4,1,1
5951,8290,G4,1,1
5951,8643,,0,0
5951,8653,,0,0
5951,8656,"B8,G4",2,2
5951,8666,G4,1,1
5951,8671,"A3,G4",2,2
5951,8732,,0,0
5951,8736,,0,0
5951,8742,,0,0
5951,8796,,0,0
5951,8819,G4,1,1
5951,8828,G4,1,1
5951,9193,"B8,G4",2,2
5951,9198,G4,1,1
5951,9209,,0,0
5951,9237,,0,0
5951,9278,,0,0
5951,9280,,0,0
5951,9685,G4,1,1
5951,9700,G4,1,1
5951,9707,B8,1,1
5951,9786,A3,1,1
5951,9788,B8,1,1
5951,9792,A3,1,1
5951,9795,,0,0
5951,9812,,0,0
5951,9823,G4,1,1
5951,9834,"A3,G4",2,2
5951,9843,B8,1,1
5951,9871,,0,0
5951,9956,B8,1,1
5952,4456,,0,0
5952,8171,B8,1,1
5952,8194,,0,0
5952,8201,G4,1,1
5952,8236,,0,0
5952,8245,,0,0
5952,8391,G4,1,1
5952,8665,"G4,H1",2,2
5952,8689,G4,1,1
5952,8748,B8,1,1
5952,8756,,0,0
5952,8764,G4,1,1
5952,8782,G4,1,1
5952,8786,B8,1,1
5952,9157,,0,0
5952,9248,G4,1,1
5952,9267,,0,0
5952,9286,G4,1,1
5952,9295,,0,0
5952,9672,,0,0
5952,9678,G4,1,1
5952,9680,G4,1,1
5952,9733,,0,0
5952,9741,G4,1,1
5952,9777,,0,0
5952,9781,A3,1,1
5952,9787,B8,1,1
5952,9790,,0,0
5952,9798,,0,0
5952,9806,,0,0
5952,9842,B8,1,1
5952,9888,,0,0
5952,9897,G4,1,1
5953,6308,B8,1,1
5953,7217,,0,0
5953,7223,B8,1,1
5953,8184,,0,0
5953,8217,G4,1,1
5953,8415,G4,1,1
5953,8639,A3,1,1
5953,8651,A3,1,1
5953,8659,G4,1,1
5953,8663,G4,1,1
5953,8674,G4,1,1
5953,8679,G4,1,1
5953,8715,G4,1,1
5953,8746,G4,1,1
5953,8759,,0,0
5953,8762,,0,0
5953,8777,"G4,H1",2,2
5953,8806,,0,0
5953,9160,G4,1,1
5953,9165,,0,0
5953,9174,G4,1,1
5953,9199,H1,1,1
5953,9234,H1,1,1
5953,9244,,0,0
5953,9296,,0,0
5953,9694,G4,1,1
5953,9737,,0,0
5953,9757,,0,0
5953,9771,A3,1,1
5953,9773,B8,1,1
5953,9774,,0,0
5953,9785,B8,1,1
5953,9797,,0,0
5953,9808,"A3,G4",2,2
5953,9810,"B8,G4",2,2
5953,9816,G4,1,1
5953,9817,,0,0
5953,9818,,0,0
5953,9819,,0,0
5953,9830,G4,1,1
5953,9831,,0,0
5953,9833,G4,1,1
5953,9836,,0,0
5953,9848,B8,1,1
5953,9940,G4,1,1
5998,3964,,0,0
5998,3967,G4,1,1
5998,5482,G4,1,1
5998,8158,,0,0
5998,8181,"A3,G4",2,2
5998,8192,G4,1,1
5998,8244,G4,1,1
5998,8305,,0,0
5998,9157,,0,0
5998,9158,,0,0
5998,9219,G4,1,1
5998,9234,,0,0
5998,9237,,0,0
5998,9239,,0,0
5998,9240,,0,0
5998,9241,,0,0
5998,9250,G4,1,1
5998,9303,,0,0
5998,9670,,0,0
5998,9683,G4,1,1
5998,9707,,0,0
5998,9709,,0,0
5998,9742,,0,0
5998,9743,G4,1,1
5998,9744,,0,0
5998,9773,,0,0
5998,9777,,0,0
5998,9780,,0,0
5998,9783,G4,1,1
5998,9796,,0,0
5998,9801,G4,1,1
5998,9807,,0,0
5998,9817,G4,1,1
5998,9833,G4,1,1
5998,9940,G4,1,1
5998,9958,,0,0
5999,4399,,0,0
5999,8196,,0,0
5999,8249,,0,0
5999,8251,,0,0
5999,8325,G4,1,1
5999,8389,,0,0
5999,8409,,0,0
5999,8414,,0,0
5999,8880,,0,0
5999,9164,G4,1,1
5999,9189,G4,1,1
5999,9211,,0,0
5999,9214,,0,0
5999,9225,,0,0
5999,9244,,0,0
5999,9248,,0,0
5999,9285,G4,1,1
5999,9296,G4,1,1
5999,9302,H1,1,1
5999,9662,,0,0
5999,9663,,0,0
5999,9669,,0,0
5999,9676,,0,0
5999,9684,"A3,G4",2,2
5999,9686,G4,1,1
5999,9734,"A3,G4",2,2
5999,9752,G4,1,1
5999,9756,,0,0
5999,9764,G4,1,1
5999,9785,,0,0
5999,9788,,0,0
5999,9798,G4,1,1
5999,9822,,0,0
5999,9827,,0,0
5999,9829,"B8,B9",2,1
5999,9897,H1,1,1
6000,4816,G4,1,1
6000,5292,G4,1,1
6000,7170,G4,1,1
6000,8172,,0,0
6000,8182,,0,0
6000,8183,,0,0
6000,8200,,0,0
6000,8210,,0,0
6000,8211,"B8,G4",2,2
6000,8236,G4,1,1
6000,8408,,0,0
6000,9147,,0,0
6000,9163,,0,0
6000,9181,,0,0
6000,9193,G4,1,1
6000,9196,,0,0
6000,9198,G4,1,1
6000,9228,,0,0
6000,9252,,0,0
6000,9255,G4,1,1
6000,9278,B8,1,1
6000,9304,,0,0
6000,9675,G4,1,1
6000,9680,G4,1,1
6000,9682,,0,0
6000,9688,,0,0
6000,9733,,0,0
6000,9738,G4,1,1
6000,9759,G4,1,1
6000,9767,G4,1,1
6000,9769,,0,0
6000,9776,,0,0
6000,9787,,0,0
6000,9802,,0,0
6000,9843,,0,0
6000,9849,G4,1,1
6000,9871,,0,0
6000,9880,G4,1,1
6000,9957,,0,0
6002,4456,,0,0
6002,4815,,0,0
6002,6124,"B8,B9",2,1
6002,6903,,0,0
6002,8163,G4,1,1
6002,8167,,0,0
6002,8185,,0,0
6002,8195,A3,1,1
6002,8197,,0,0
6002,8228,"B8,G4",2,2
6002,8237,,0,0
6002,8308,,0,0
6002,8314,,0,0
6002,9137,,0,0
6002,9195,G4,1,1
6002,9201,,0,0
6002,9212,,0,0
6002,9233,,0,0
6002,9263,G4,1,1
6002,9269,,0,0
6002,9290,B8,1,1
6002,9665,G4,1,1
6002,9673,,0,0
6002,9692,,0,0
6002,9739,,0,0
6002,9754,,0,0
6002,9760,"B8,G4",2,2
6002,9774,,0,0
6002,9775,,0,0
6002,9778,,0,0
6002,9781,,0,0
6002,9782,,0,0
6002,9789,,0,0
6002,9790,,0,0
6002,9791,,0,0
6002,9812,,0,0
6002,9821,,0,0
6002,9836,,0,0
6002,9848,,0,0
6002,9850,,0,0
6002,9876,,0,0
6002,9941,,0,0
6003,6132,A3,1,1
6003,6310,,0,0
6003,8169,G4,1,1
6003,8186,,0,0
6003,8189,A3,1,1
6003,8191,"G4,H1",2,2
6003,8201,G4,1,1
6003,8232,,0,0
6003,8245,,0,0
6003,8248,,0,0
6003,8323,,0,0
6003,9161,,0,0
6003,9168,B8,1,1
6003,9184,,0,0
6003,9191,G4,1,1
6003,9199,,0,0
6003,9200,G4,1,1
6003,9204,G4,1,1
6003,9224,,0,0
6003,9226,,0,0
6003,9232,,0,0
6003,9301,,0,0
6003,9672,,0,0
6003,9678,G4,1,1
6003,9681,,0,0
6003,9691,G4,1,1
6003,9705,,0,0
6003,9708,,0,0
6003,9710,,0,0
6003,9745,G4,1,1
6003,9753,,0,0
6003,9755,,0,0
6003,9793,,0,0
6003,9797,G4,1,1
6003,9799,,0,0
6003,9811,,0,0
6003,9813,,0,0
6003,9820,,0,0
6003,9825,"A3,G4",2,2
6003,9832,G4,1,1
6004,5210,,0,0
6004,5605,G4,1,1
6004,5699,,0,0
6004,6303,,0,0
6004,8164,,0,0
6004,8217,G4,1,1
6004,8235,B8,1,1
6004,8247,,0,0
6004,8289,,0,0
6004,8807,,0,0
6004,9131,G4,1,1
6004,9149,G4,1,1
6004,9166,,0,0
6004,9167,G4,1,1
6004,9170,,0,0
6004,9216,,0,0
6004,9254,,0,0
6004,9273,,0,0
6004,9313,G4,1,1
6004,9668,A3,1,1
6004,9701,,0,0
6004,9735,G4,1,1
6004,9763,,0,0
6004,9772,B8,1,1
6004,9786,,0,0
6004,9794,G4,1,1
6004,9806,B8,1,1
6004,9814,G4,1,1
6004,9826,G4,1,1
6004,9828,G4,1,1
6004,9830,,0,0
6004,9881,,0,0
6004,9890,,0,0
6004,9947,G4,1,1
6004,9952,A3,1,1
6004,9953,,0,0
6005,6262,,0,0
6005,6308,,0,0
6005,8170,G4,1,1
6005,8171,,0,0
6005,8180,,0,0
6005,8190,,0,0
6005,8193,,0,0
6005,8194,,0,0
6005,8233,,0,0
6005,9160,G4,1,1
6005,9178,G4,1,1
6005,9186,,0,0
6005,9209,,0,0
6005,9235,,0,0
6005,9272,G4,1,1
6005,9276,H1,1,1
6005,9295,,0,0
6005,9664,H1,1,1
6005,9685,G4,1,1
6005,9693,,0,0
6005,9704,G4,1,1
6005,9779,B8,1,1
6005,9795,,0,0
6005,9808,G4,1,1
6005,9815,G4,1,1
6005,9819,,0,0
6005,9888,,0,0
6005,9959,,0,0
6006,8161,G4,1,1
6006,8187,,0,0
6006,8188,,0,0
6006,8229,,0,0
6006,8321,G4,1,1
6006,9171,G4,1,1
6006,9173,,0,0
6006,9180,,0,0
6006,9218,,0,0
6006,9227,,0,0
6006,9280,,0,0
6006,9286,G4,1,1
6006,9711,,0,0
6006,9736,,0,0
6006,9747,,0,0
6006,9751,G4,1,1
6006,9816,G4,1,1
6006,9818,,0,0
6006,9824,G4,1,1
6006,9840,G4,1,1
6006,9841,"B8,B9",2,1
6006,9842,"B8,G4",2,2
6007,3613,,0,0
6007,3956,G4,1,1
6007,4494,,0,0
6007,6092,,0,0
6007,8184,,0,0
6007,8207,G4,1,1
6007,9174,,0,0
6007,9176,,0,0
6007,9194,G4,1,1
6007,9197,G4,1,1
6007,9205,,0,0
6007,9217,,0,0
6007,9267,,0,0
6007,9274,,0,0
6007,9297,,0,0
6007,9671,,0,0
6007,9690,,0,0
6007,9694,G4,1,1
6007,9700,B8,1,1
6007,9703,,0,0
6007,9737,,0,0
6007,9741,G4,1,1
6007,9746,G4,1,1
6007,9757,G4,1,1
6007,9770,,0,0
6007,9771,,0,0
6007,9804,G4,1,1
6007,9809,G4,1,1
6007,9810,G4,1,1
6007,9823,G4,1,1
6007,9831,,0,0
6007,9834,G4,1,1
6007,9838,,0,0
6007,9889,,0,0
6007,9895,G4,1,1
6007,9932,G4,1,1
6007,9955,,0,0
6007,9956,,0,0
6008,2647,,0,0
6008,4399,,0,0
6008,6124,G4,1,1
6008,8168,G4,1,1
6008,8181,,0,0
6008,8200,,0,0
6008,8229,,0,0
6008,8237,,0,0
6008,8248,A3,1,1
6008,8249,G4,1,1
6008,8305,G4,1,1
6008,8638,,0,0
6008,8643,,0,0
6008,8675,G4,1,1
6008,8677,,0,0
6008,8679,G4,1,1
6008,8748,,0,0
6008,8754,G4,1,1
6008,8782,,0,0
6008,8785,,0,0
6008,8834,,0,0
6008,8878,G4,1,1
6008,9662,,0,0
6008,9663,,0,0
6008,9668,,0,0
6008,9669,,0,0
6008,9709,,0,0
6008,9757,,0,0
6008,9769,,0,0
6008,9771,,0,0
6008,9781,,0,0
6008,9801,G4,1,1
6008,9810,G4,1,1
6008,9825,G4,1,1
6008,9826,,0,0
6008,9958,,0,0
6008,9959,,0,0
6009,3964,,0,0
6009,5210,,0,0
6009,5537,,0,0
6009,6092,,0,0
6009,8245,,0,0
6009,8636,G4,1,1
6009,8645,G4,1,1
6009,8656,,0,0
6009,8658,,0,0
6009,8673,G4,1,1
6009,8723,,0,0
6009,8737,,0,0
6009,8778,G4,1,1
6009,8792,G4,1,1
6009,8835,,0,0
6009,9670,,0,0
6009,9672,,0,0
6009,9673,,0,0
6009,9682,,0,0
6009,9705,G4,1,1
6009,9744,,0,0
6009,9755,G4,1,1
6009,9770,,0,0
6009,9786,,0,0
6009,9787,,0,0
6009,9788,,0,0
6009,9795,G4,1,1
6009,9822,,0,0
6009,9824,G4,1,1
6009,9836,,0,0
6009,9880,,0,0
6009,9941,"G4,H1",2,2
6010,8161,,0,0
6010,8180,G4,1,1
6010,8201,G4,1,1
6010,8210,G4,1,1
6010,8409,,0,0
6010,8653,,0,0
6010,8665,"G4,H1",2,2
6010,8715,G4,1,1
6010,8746,G4,1,1
6010,8777,G4,1,1
6010,8784,G4,1,1
6010,8795,G4,1,1
6010,8806,,0,0
6010,8870,,0,0
6010,9664,,0,0
6010,9676,,0,0
6010,9691,G4,1,1
6010,9704,,0,0
6010,9735,G4,1,1
6010,9742,,0,0
6010,9767,G4,1,1
6010,9773,,0,0
6010,9774,,0,0
6010,9789,,0,0
6010,9802,G4,1,1
6010,9806,,0,0
6010,9812,,0,0
6010,9814,,0,0
6010,9823,G4,1,1
6010,9876,,0,0
6010,9889,G4,1,1
6010,9890,G4,1,1
6010,9925,,0,0
6010,9928,,0,0
6010,9956,,0,0
6011,5737,G4,1,1
6011,8158,,0,0
6011,8170,,0,0
6011,8188,,0,0
6011,8193,,0,0
6011,8197,,0,0
6011,8244,,0,0
6011,8289,,0,0
6011,8637,"A3,G4",2,2
6011,8687,,0,0
6011,8727,,0,0
6011,8755,"A3,G4",2,2
6011,8766,,0,0
6011,8776,G4,1,1
6011,8787,,0,0
6011,8796,,0,0
6011,8877,,0,0
6011,8887,,0,0
6011,9665,G4,1,1
6011,9683,,0,0
6011,9694,G4,1,1
6011,9711,,0,0
6011,9738,,0,0
6011,9760,G4,1,1
6011,9764,,0,0
6011,9778,,0,0
6011,9794,G4,1,1
6011,9797,G4,1,1
6011,9808,G4,1,1
6011,9813,,0,0
6011,9850,,0,0
6011,9871,,0,0
6012,4552,,0,0
6012,6132,G4,1,1
6012,8167,,0,0
6012,8190,G4,1,1
6012,8194,A3,1,1
6012,8195,G4,1,1
6012,8228,"A3,B4,G4",3,3
6012,8233,,0,0
6012,8236,,0,0
6012,8646,G4,1,1
6012,8671,G4,1,1
6012,8689,G4,1,1
6012,8726,,0,0
6012,8730,G4,1,1
6012,8740,G4,1,1
6012,8750,G4,1,1
6012,8762,,0,0
6012,8780,,0,0
6012,8819,G4,1,1
6012,9690,,0,0
6012,9708,,0,0
6012,9743,G4,1,1
6012,9759,G4,1,1
6012,9763,,0,0
6012,9777,,0,0
6012,9779,,0,0
6012,9790,,0,0
6012,9796,,0,0
6012,9798,G4,1,1
6012,9815,,0,0
6012,9818,,0,0
6012,9828,G4,1,1
6012,9832,"A3,G4",2,2
6012,9947,,0,0
6012,9952,G4,1,1
6012,9955,,0,0
6013,7170,,0,0
6013,7223,A3,1,1
6013,8169,G4,1,1
6013,8171,"B8,G4",2,2
6013,8183,G4,1,1
6013,8186,,0,0
6013,8321,G4,1,1
6013,8323,,0,0
6013,8389,,0,0
6013,8629,,0,0
6013,8651,G4,1,1
6013,8659,G4,1,1
6013,8660,G4,1,1
6013,8664,,0,0
6013,8667,,0,0
6013,8669,,0,0
6013,8685,,0,0
6013,8721,G4,1,1
6013,8729,G4,1,1
6013,8741,H1,1,1
6013,8743,"G4,H1",2,2
6013,8744,G4,1,1
6013,8745,,0,0
6013,8747,,0,0
6013,8749,G4,1,1
6013,8759,,0,0
6013,8786,,0,0
6013,8800,,0,0
6013,8804,A3,1,1
6013,9678,,0,0
6013,9688,"A3,G4",2,2
6013,9692,,0,0
6013,9693,,0,0
6013,9707,,0,0
6013,9710,,0,0
6013,9752,G4,1,1
6013,9780,,0,0
6013,9793,,0,0
6013,9804,G4,1,1
6013,9829,G4,1,1
6013,9838,,0,0
6013,9840,G4,1,1
6013,9841,G4,1,1
6013,9848,,0,0
6013,9849,G4,1,1
6013,9881,,0,0
6013,9897,,0,0
6013,9932,G4,1,1
6014,3413,G4,1,1
6014,3566,,0,0
6014,6541,,0,0
6014,8159,,0,0
6014,8160,G4,1,1
6014,8164,,0,0
6014,8172,,0,0
6014,8184,,0,0
6014,8196,G4,1,1
6014,8207,G4,1,1
6014,8308,,0,0
6014,8314,,0,0
6014,8324,,0,0
6014,8414,,0,0
6014,8634,,0,0
6014,8648,,0,0
6014,8670,G4,1,1
6014,8674,,0,0
6014,8717,G4,1,1
6014,8728,G4,1,1
6014,8735,,0,0
6014,8753,,0,0
6014,8758,,0,0
6014,8760,,0,0
6014,8772,,0,0
6014,8783,B8,1,1
6014,8791,,0,0
6014,8799,H1,1,1
6014,8809,G4,1,1
6014,8886,,0,0
6014,9675,,0,0
6014,9700,,0,0
6014,9701,,0,0
6014,9733,G4,1,1
6014,9739,,0,0
6014,9741,G4,1,1
6014,9751,G4,1,1
6014,9776,,0,0
6014,9783,,0,0
6014,9791,,0,0
6014,9799,,0,0
6014,9819,,0,0
6014,9827,,0,0
6014,9831,,0,0
6014,9833,G4,1,1
6014,9843,,0,0
6014,9888,,0,0
6014,9895,G4,1,1
6014,9957,,0,0
6107,2647,"B8,B9",2,1
6107,3413,G4,1,1
6107,5737,"B8,B9,G4",3,2
6107,6376,"B8,B9,G4",3,2
6107,7223,B8,1,1
6107,8171,G4,1,1
6107,8200,B8,1,1
6107,8247,"B8,G4",2,2
6107,8412,"B8,B9,G4",3,2
6107,8632,B9,1,1
6107,8644,"B8,B9,G4",3,2
6107,8662,"A3,B8,B9",3,2
6107,8673,"B8,B9",2,1
6107,8680,,0,0
6107,8717,"B8,G4",2,2
6107,8740,"B8,G4",2,2
6107,8755,"B8,G4",2,2
6107,8756,B9,1,1
6107,8766,"B8,B9",2,1
6107,8787,B8,1,1
6107,8792,"B8,B9,G4",3,2
6107,8809,"B8,B9,G4",3,2
6108,6092,"B8,G4",2,2
6108,8168,"B8,B9,G4",3,2
6108,8169,G4,1,1
6108,8172,"B8,B9",2,1
6108,8181,"B8,B9,G4",3,2
6108,8207,"B8,G4",2,2
6108,8245,B9,1,1
6108,8321,"B8,B9,G4",3,2
6108,8323,B9,1,1
6108,8391,"B8,G4",2,2
6108,8635,"B9,G4",2,2
6108,8645,"B9,G4",2,2
6108,8653,B9,1,1
6108,8720,,0,0
6108,8722,B9,1,1
6108,8731,"B9,G4",2,2
6108,8758,B8,1,1
6108,8771,G4,1,1
6108,8772,,0,0
6108,8780,"B9,G4",2,2
6108,8788,B9,1,1
6108,8797,,0,0
6108,8816,B9,1,1
6108,8828,,0,0
6109,4502,"B9,G4",2,2
6109,5210,"B8,B9,G4",3,2
6109,5457,B9,1,1
6109,6124,"B9,H1",2,2
6109,8167,B9,1,1
6109,8191,,0,0
6109,8196,B9,1,1
6109,8204,"B8,G4",2,2
6109,8325,G4,1,1
6109,8409,B9,1,1
6109,8664,,0,0
6109,8677,B8,1,1
6109,8685,"B8,G4",2,2
6109,8716,"B8,B9",2,1
6109,8736,G4,1,1
6109,8739,B8,1,1
6109,8754,"B9,G4",2,2
6109,8784,"B8,B9",2,1
6109,8791,"B9,G4",2,2
6109,8819,"B8,B9,G4",3,2
6110,6541,B9,1,1
6110,8170,"B9,G4",2,2
6110,8183,"B8,B9,G4",3,2
6110,8186,"B8,B9,G4",3,2
6110,8190,"B8,G4",2,2
6110,8235,B9,1,1
6110,8634,B8,1,1
6110,8651,"B8,B9",2,1
6110,8670,"B8,G4",2,2
6110,8676,"B8,B9,G4",3,2
6110,8733,,0,0
6110,8743,"B9,G4",2,2
6110,8748,"B8,B9",2,1
6110,8760,B9,1,1
6110,8796,B9,1,1
6110,8801,,0,0
6110,8804,B9,1,1
6112,3454,,0,0
6112,3609,B9,1,1
6112,3615,"B8,B9",2,1
6112,4552,,0,0
6112,8160,G4,1,1
6112,8163,G4,1,1
6112,8185,G4,1,1
6112,8187,G4,1,1
6112,8210,"B8,G4",2,2
6112,8228,"G4,H1",2,2
6112,8236,"B9,G4",2,2
6112,8414,"B8,B9,G4",3,2
6112,8637,"B8,B9",2,1
6112,8643,,0,0
6112,8646,"B9,G4",2,2
6112,8656,"B8,G4",2,2
6112,8658,B8,1,1
6112,8660,"B8,B9,G4",3,2
6112,8674,"B8,G4",2,2
6112,8728,G4,1,1
6112,8767,"B9,G4",2,2
6112,8790,,0,0
6112,8805,"B8,B9",2,1
6112,8806,"B8,B9",2,1
6112,8817,"B9,G4",2,2
6112,8830,,0,0
6112,8834,,0,0
6112,8835,G4,1,1
6112,8918,"B8,B9,G4",3,2
6122,3590,G4,1,1
6122,5537,B9,1,1
6122,5646,G4,1,1
6122,6262,,0,0
6122,8164,B9,1,1
6122,8180,"B8,G4",2,2
6122,8184,"B8,B9",2,1
6122,8188,"A3,G4",2,2
6122,8237,"B8,B9",2,1
6122,8244,G4,1,1
6122,8305,"B8,B9",2,1
6122,8324,,0,0
6122,8633,G4,1,1
6122,8638,"B8,G4",2,2
6122,8648,,0,0
6122,8663,"B8,B9,G4",3,2
6122,8669,B9,1,1
6122,8671,"B8,B9",2,1
6122,8681,G4,1,1
6122,8686,,0,0
6122,8715,"B8,B9,G4",3,2
6122,8721,"B8,B9,G4",3,2
6122,8723,G4,1,1
6122,8725,G4,1,1
6122,8726,G4,1,1
6122,8744,"B8,G4",2,2
6122,8745,"B8,B9,G4",3,2
6122,8746,"G4,H1",2,2
6122,8747,"B9,G4",2,2
6122,8782,"B9,G4",2,2
6122,8795,,0,0
6123,3956,"B8,B9,G4",3,2
6123,6132,"B8,G4",2,2
6123,8159,"B8,G4",2,2
6123,8192,B8,1,1
6123,8193,"B8,B9,G4",3,2
6123,8201,"B9,G4",2,2
6123,8251,,0,0
6123,8403,"B8,B9,G4",3,2
6123,8636,H1,1,1
6123,8639,,0,0
6123,8641,B8,1,1
6123,8647,"B8,B9",2,1
6123,8654,"B8,G4",2,2
6123,8665,"B8,B9,G4",3,2
6123,8667,"B8,B9",2,1
6123,8668,"B8,G4",2,2
6123,8687,"B8,B9",2,1
6123,8688,"B8,G4",2,2
6123,8689,B8,1,1
6123,8741,B8,1,1
6123,8749,"B9,G4",2,2
6123,8752,"B9,G4",2,2
6123,8764,B9,1,1
6123,8776,"B8,G4",2,2
6123,8783,"B8,B9,G4",3,2
6123,8785,A3,1,1
6123,8786,B8,1,1
6123,8820,"B8,B9,G4",3,2
6123,8876,B8,1,1
6124,4282,,0,0
6124,8158,,0,0
6124,8182,G4,1,1
6124,8189,"B8,B9",2,1
6124,8195,G4,1,1
6124,8197,G4,1,1
6124,8290,G4,1,1
6124,8389,G4,1,1
6124,8659,"B8,G4",2,2
6124,8666,,0,0
6124,8675,B8,1,1
6124,8724,B8,1,1
6124,8729,B8,1,1
6124,8732,B8,1,1
6124,8735,G4,1,1
6124,8738,G4,1,1
6124,8742,B8,1,1
6124,8750,"B8,G4",2,2
6124,8753,,0,0
6124,8759,B8,1,1
6124,8789,G4,1,1
6124,8800,H1,1,1
6124,8810,B8,1,1
6124,8878,"B8,B9",2,1
6173,7170,B8,1,1
6173,8170,"B8,G4",2,2
6173,8183,"B8,G4",2,2
6173,8187,"B8,G4",2,2
6173,8201,"B8,G4",2,2
6173,8210,"B8,G4",2,2
6173,8247,"B8,G4",2,2
6173,8251,"B8,G4",2,2
6173,8403,"B8,G4",2,2
6173,8409,"B8,G4",2,2
6173,9690,B8,1,1
6173,9700,"B8,G4",2,2
6173,9711,B8,1,1
6173,9733,"B8,G4",2,2
6173,9737,"B8,G4",2,2
6173,9746,"B8,G4",2,2
6173,9755,B8,1,1
6173,9774,"B8,G4",2,2
6173,9776,B8,1,1
6173,9777,B8,1,1
6173,9788,B8,1,1
6173,9791,"B8,G4",2,2
6173,9793,B8,1,1
6173,9794,"B8,G4",2,2
6173,9806,B8,1,1
6173,9808,"B8,G4",2,2
6173,9824,B8,1,1
6173,9829,B8,1,1
6173,9832,"B8,B9,G4",3,2
6173,9880,"B8,G4",2,2
6173,9895,"B8,G4",2,2
6173,9947,"B8,G4",2,2
6173,9954,"B8,G4",2,2
6173,9956,"B8,G4",2,2
6173,9959,"B8,G4",2,2
6173,9971,B8,1,1
6175,3964,"B8,G4",2,2
6175,6124,G4,1,1
6175,8181,,0,0
6175,8200,B8,1,1
6175,8201,"A3,G4",2,2
6175,8207,"B4,G4",2,2
6175,8245,G4,1,1
6175,8325,G4,1,1
6175,8389,G4,1,1
6175,8391,G4,1,1
6175,8640,G4,1,1
6175,8644,"B8,G4",2,2
6175,8653,G4,1,1
6175,8660,,0,0
6175,8663,G4,1,1
6175,8671,G4,1,1
6175,8674,G4,1,1
6175,8688,G4,1,1
6175,8740,G4,1,1
6175,8742,"B8,G4",2,2
6175,8766,G4,1,1
6175,8780,G4,1,1
6175,8796,G4,1,1
6175,8817,G4,1,1
6175,8878,G4,1,1
6191,3590,B8,1,1
6191,8158,"A3,B8,G4",3,3
6191,8159,G4,1,1
6191,8164,B8,1,1
6191,8186,"B8,G4",2,2
6191,8195,"A3,B8",2,2
6191,8213,"A3,B8,G4,H1",4,4
6191,8232,"A3,H1",2,2
6191,8324,B8,1,1
6191,9662,B8,1,1
6191,9678,G4,1,1
6191,9681,B8,1,1
6191,9688,"G4,H1",2,2
6191,9692,"B8,G4",2,2
6191,9703,B8,1,1
6191,9743,B8,1,1
6191,9744,"B8,G4",2,2
6191,9752,B8,1,1
6191,9770,"A3,B8",2,2
6191,9779,"B8,G4",2,2
6191,9789,"B8,G4",2,2
6191,9790,A2,1,1
6191,9796,B8,1,1
6191,9817,B8,1,1
6191,9836,B8,1,1
6191,9838,"B8,G4",2,2
6191,9889,"B8,G4",2,2
6191,9955,"A3,B8",2,2
6192,3615,B8,1,1
6192,6092,"B8,G4",2,2
6192,6262,B8,1,1
6192,8167,"B8,G4",2,2
6192,8168,"B8,G4",2,2
6192,8181,"B8,G4",2,2
6192,8227,B8,1,1
6192,8237,B8,1,1
6192,8245,"B8,G4",2,2
6192,8321,"B8,G4",2,2
6192,9663,G4,1,1
6192,9707,B8,1,1
6192,9756,B8,1,1
6192,9763,"B8,G4",2,2
6192,9769,B8,1,1
6192,9772,"B8,G4",2,2
6192,9775,B8,1,1
6192,9813,"B8,G4",2,2
6192,9827,"B8,G4",2,2
6192,9834,B8,1,1
6192,9958,"B8,G4",2,2
6196,1380,,0,0
6196,1769,,0,0
6196,4816,A3,1,1
6196,5646,,0,0
6196,6308,,0,0
6196,8170,G4,1,1
6196,8192,,0,0
6196,8207,A3,1,1
6196,8229,,0,0
6196,8251,A3,1,1
6196,8321,G4,1,1
6196,8324,,0,0
6196,8662,A3,1,1
6196,8720,,0,0
6196,8742,,0,0
6196,8745,,0,0
6196,8764,,0,0
6196,8767,,0,0
6196,8779,G4,1,1
6196,8792,G4,1,1
6196,8828,,0,0
6196,8918,,0,0
6196,9168,,0,0
6196,9176,,0,0
6196,9216,,0,0
6196,9217,,0,0
6196,9221,,0,0
6196,9229,,0,0
6196,9297,,0,0
6196,9664,"A3,G4",2,2
6196,9685,,0,0
6196,9701,,0,0
6196,9735,,0,0
6196,9775,,0,0
6196,9779,G4,1,1
6196,9786,,0,0
6196,9810,G4,1,1
6196,9826,,0,0
6196,9827,G4,1,1
6196,9871,,0,0
6196,9881,,0,0
6197,4282,,0,0
6197,4494,,0,0
6197,5457,,0,0
6197,8190,,0,0
6197,8227,,0,0
6197,8314,,0,0
6197,8632,,0,0
6197,8666,,0,0
6197,8668,,0,0
6197,8681,,0,0
6197,8739,,0,0
6197,8741,A3,1,1
6197,8776,,0,0
6197,8782,G4,1,1
6197,8810,A3,1,1
6197,9194,,0,0
6197,9220,,0,0
6197,9225,,0,0
6197,9681,,0,0
6197,9684,"A3,B8",2,2
6197,9686,"A3,B8,G4",3,3
6197,9705,G4,1,1
6197,9709,A3,1,1
6197,9733,"B8,C1,G4",3,3
6197,9774,,0,0
6197,9791,,0,0
6197,9824,,0,0
6197,9825,,0,0
6197,9828,G4,1,1
6197,9848,,0,0
6197,9958,,0,0
6198,2647,,0,0
6198,3108,,0,0
6198,3613,,0,0
6198,4399,,0,0
6198,4456,,0,0
6198,8181,,0,0
6198,8188,,0,0
6198,8331,,0,0
6198,8659,G4,1,1
6198,8665,G4,1,1
6198,8671,A3,1,1
6198,8721,,0,0
6198,8743,A3,1,1
6198,8747,,0,0
6198,8754,,0,0
6198,8771,G4,1,1
6198,8800,A3,1,1
6198,8806,,0,0
6198,8830,,0,0
6198,8889,G4,1,1
6198,9166,,0,0
6198,9175,,0,0
6198,9189,,0,0
6198,9201,,0,0
6198,9226,,0,0
6198,9228,,0,0
6198,9240,,0,0
6198,9269,,0,0
6198,9303,,0,0
6198,9312,G4,1,1
6198,9666,,0,0
6198,9668,,0,0
6198,9670,,0,0
6198,9677,"A3,G4",2,2
6198,9703,,0,0
6198,9710,A3,1,1
6198,9753,,0,0
6198,9764,"B8,C1,G4",3,3
6198,9773,A3,1,1
6198,9782,,0,0
6198,9783,,0,0
6198,9785,,0,0
6198,9790,A3,1,1
6198,9802,,0,0
6198,9811,,0,0
6198,9820,,0,0
6198,9880,,0,0
6198,9932,,0,0
6198,9940,G4,1,1
6199,3615,,0,0
6199,5537,,0,0
6199,5737,A3,1,1
6199,6310,,0,0
6199,6903,A3,1,1
6199,8197,B8,1,1
6199,8204,A3,1,1
6199,8217,G4,1,1
6199,8247,,0,0
6199,8629,,0,0
6199,8634,,0,0
6199,8636,G4,1,1
6199,8664,,0,0
6199,8687,,0,0
6199,8730,,0,0
6199,8735,,0,0
6199,8740,,0,0
6199,8748,,0,0
6199,8749,,0,0
6199,8752,,0,0
6199,8790,G4,1,1
6199,8816,,0,0
6199,8819,,0,0
6199,9200,G4,1,1
6199,9204,B8,1,1
6199,9209,,0,0
6199,9232,A3,1,1
6199,9236,,0,0
6199,9237,,0,0
6199,9244,,0,0
6199,9246,,0,0
6199,9280,,0,0
6199,9663,,0,0
6199,9672,,0,0
6199,9675,,0,0
6199,9676,"B8,C1",2,2
6199,9708,,0,0
6199,9711,A3,1,1
6199,9738,,0,0
6199,9744,"A3,G4",2,2
6199,9752,,0,0
6199,9754,,0,0
6199,9762,,0,0
6199,9772,,0,0
6199,9778,,0,0
6199,9780,,0,0
6199,9787,,0,0
6199,9794,,0,0
6199,9798,"A3,G4",2,2
6199,9807,,0,0
6199,9957,B8,1,1
6199,9978,G4,1,1
6200,8158,,0,0
6200,8159,,0,0
6200,8196,,0,0
6200,8235,,0,0
6200,8244,A3,1,1
6200,8289,,0,0
6200,8715,,0,0
6200,8725,,0,0
6200,8728,,0,0
6200,8733,,0,0
6200,8738,,0,0
6200,8744,,0,0
6200,8750,,0,0
6200,8755,,0,0
6200,8758,,0,0
6200,8759,G4,1,1
6200,8789,G4,1,1
6200,8796,,0,0
6200,8817,,0,0
6200,8820,,0,0
6200,8835,"A3,G4",2,2
6200,9131,G4,1,1
6200,9147,,0,0
6200,9161,,0,0
6200,9173,,0,0
6200,9179,,0,0
6200,9234,,0,0
6200,9264,,0,0
6200,9273,,0,0
6200,9279,,0,0
6200,9290,A3,1,1
6200,9662,,0,0
6200,9673,,0,0
6200,9682,,0,0
6200,9736,,0,0
6200,9741,,0,0
6200,9759,,0,0
6200,9777,,0,0
6200,9788,,0,0
6200,9799,,0,0
6200,9808,,0,0
6200,9815,G4,1,1
6200,9836,,0,0
6200,9895,G4,1,1
6201,3413,G4,1,1
6201,3566,,0,0
6201,3964,,0,0
6201,3967,,0,0
6201,5699,,0,0
6201,6124,,0,0
6201,6376,G4,1,1
6201,8201,G4,1,1
6201,8210,,0,0
6201,8245,,0,0
6201,8391,,0,0
6201,8653,A3,1,1
6201,8688,A3,1,1
6201,8722,A3,1,1
6201,8731,,0,0
6201,8732,,0,0
6201,8734,,0,0
6201,8736,,0,0
6201,8753,,0,0
6201,8805,,0,0
6201,8818,,0,0
6201,9149,,0,0
6201,9167,A3,1,1
6201,9171,,0,0
6201,9185,"A3,C3",2,2
6201,9211,,0,0
6201,9227,G4,1,1
6201,9276,,0,0
6201,9289,,0,0
6201,9734,,0,0
6201,9751,G4,1,1
6201,9760,G4,1,1
6201,9770,,0,0
6201,9771,A3,1,1
6201,9776,,0,0
6201,9806,A3,1,1
6201,9812,,0,0
6201,9813,,0,0
6201,9822,G4,1,1
6201,9832,G4,1,1
6201,9834,,0,0
6201,9837,,0,0
6201,9840,,0,0
6201,9841,G4,1,1
6201,9876,,0,0
6202,3590,,0,0
6202,3609,,0,0
6202,5210,,0,0
6202,5605,,0,0
6202,6303,,0,0
6202,7170,,0,0
6202,8167,,0,0
6202,8183,,0,0
6202,8184,,0,0
6202,8186,,0,0
6202,8187,,0,0
6202,8236,,0,0
6202,8403,"A3,B8",2,2
6202,8408,,0,0
6202,8633,,0,0
6202,8635,A3,1,1
6202,8639,,0,0
6202,8640,,0,0
6202,8644,G4,1,1
6202,8663,,0,0
6202,8679,,0,0
6202,8724,,0,0
6202,8727,,0,0
6202,8729,,0,0
6202,8762,,0,0
6202,8780,,0,0
6202,8783,G4,1,1
6202,8787,"B8,H1",2,2
6202,8804,,0,0
6202,9137,,0,0
6202,9164,,0,0
6202,9178,,0,0
6202,9181,,0,0
6202,9193,,0,0
6202,9198,G4,1,1
6202,9215,,0,0
6202,9233,,0,0
6202,9239,,0,0
6202,9243,,0,0
6202,9248,,0,0
6202,9250,,0,0
6202,9252,,0,0
6202,9274,,0,0
6202,9313,,0,0
6202,9665,,0,0
6202,9690,G4,1,1
6202,9707,A3,1,1
6202,9743,G4,1,1
6202,9769,,0,0
6202,9789,,0,0
6202,9816,,0,0
6202,9849,,0,0
6202,9897,,0,0
6202,9953,,0,0
6202,9954,,0,0
6202,9955,G4,1,1
6202,9971,B8,1,1
6203,3454,,0,0
6203,3956,,0,0
6203,5292,,0,0
6203,8160,G4,1,1
6203,8237,,0,0
6203,8323,,0,0
6203,8409,,0,0
6203,8637,G4,1,1
6203,8660,,0,0
6203,8667,,0,0
6203,8686,,0,0
6203,8716,,0,0
6203,8717,,0,0
6203,8756,"A3,B8",2,2
6203,8760,,0,0
6203,8772,G4,1,1
6203,9184,,0,0
6203,9196,G4,1,1
6203,9199,,0,0
6203,9212,,0,0
6203,9301,,0,0
6203,9304,A3,1,1
6203,9310,,0,0
6203,9671,,0,0
6203,9704,,0,0
6203,9737,,0,0
6203,9742,G4,1,1
6203,9756,,0,0
6203,9763,,0,0
6203,9781,,0,0
6203,9796,B8,1,1
6203,9809,G4,1,1
6203,9817,,0,0
6203,9819,,0,0
6203,9829,,0,0
6203,9850,,0,0
6203,9889,G4,1,1
6203,9956,,0,0
6204,4552,,0,0
6204,4815,,0,0
6204,6262,,0,0
6204,6541,,0,0
6204,8164,,0,0
6204,8168,,0,0
6204,8172,,0,0
6204,8189,,0,0
6204,8195,A3,1,1
6204,8305,,0,0
6204,8643,G4,1,1
6204,8645,G4,1,1
6204,8661,"A3,G4",2,2
6204,8670,A3,1,1
6204,8723,,0,0
6204,8726,,0,0
6204,8784,,0,0
6204,8788,A3,1,1
6204,8791,G4,1,1
6204,8795,,0,0
6204,8797,,0,0
6204,8807,,0,0
6204,8880,,0,0
6204,8886,,0,0
6204,9154,,0,0
6204,9180,,0,0
6204,9219,G4,1,1
6204,9224,,0,0
6204,9235,,0,0
6204,9241,,0,0
6204,9254,,0,0
6204,9296,G4,1,1
6204,9669,B8,1,1
6204,9683,,0,0
6204,9692,G4,1,1
6204,9700,A3,1,1
6204,9706,,0,0
6204,9745,G4,1,1
6204,9746,G4,1,1
6204,9793,,0,0
6204,9801,G4,1,1
6204,9814,"A3,G4",2,2
6204,9838,,0,0
6204,9890,,0,0
6204,9947,,0,0
6204,9959,,0,0
6206,1380,"B8,G4",2,2
6206,5605,"B8,G4",2,2
6206,6092,"B8,G4",2,2
6206,8159,"B8,G4",2,2
6206,8172,"B8,G4",2,2
6206,8189,"A3,B8,G4",3,3
6206,8204,"B8,G4",2,2
6206,8249,"B8,G4",2,2
6206,8632,"B8,G4",2,2
6206,8636,B8,1,1
6206,8639,"A3,B8,G4",3,3
6206,8671,"B8,G4",2,2
6206,8723,"B8,G4",2,2
6206,8759,"B8,G4",2,2
6206,8782,B8,1,1
6206,8787,"B8,G4",2,2
6206,8793,"B8,G4",2,2
6206,8804,"B8,G4",2,2
6206,8809,"B8,G4",2,2
6206,8810,B8,1,1
6206,9163,"B8,G4",2,2
6206,9166,"B8,G4",2,2
6206,9175,B8,1,1
6206,9198,"B8,G4",2,2
6206,9201,"B8,G4",2,2
6206,9206,"A3,B8,G4",3,3
6206,9211,"B8,G4",2,2
6206,9212,"B8,G4",2,2
6206,9220,B8,1,1
6206,9226,"A3,B8,G4",3,3
6206,9240,B8,1,1
6206,9254,"B8,G4",2,2
6206,9269,B8,1,1
6206,9295,"B8,G4",2,2
6206,9700,B8,1,1
6206,9764,"B8,G4",2,2
6206,9806,B8,1,1
6206,9811,"B8,G4",2,2
6206,9827,"B8,G4",2,2
6206,9831,G4,1,1
6206,9869,"A3,H1",2,2
6206,9871,"B8,G4",2,2
6206,9889,"B8,G4",2,2
6206,9971,B8,1,1
6207,3566,B8,1,1
6207,3590,B8,1,1
6207,4815,"B8,G4",2,2
6207,6303,"B8,G4",2,2
6207,6308,B8,1,1
6207,8180,"B8,G4",2,2
6207,8184,B8,1,1
6207,8187,"B8,G4",2,2
6207,8245,"B8,G4",2,2
6207,8403,"B8,G4",2,2
6207,8408,"B8,G4",2,2
6207,8633,"B8,G4",2,2
6207,8728,"B8,G4",2,2
6207,8747,"B8,G4",2,2
6207,8783,"B8,G4",2,2
6207,8788,B8,1,1
6207,8790,"B8,G4",2,2
6207,8830,G4,1,1
6207,8835,"B8,G4",2,2
6207,9137,"A3,B8",2,2
6207,9184,B8,1,1
6207,9193,"B8,G4",2,2
6207,9200,"B8,G4",2,2
6207,9232,"B8,G4",2,2
6207,9233,B8,1,1
6207,9234,B8,1,1
6207,9236,"B8,G4",2,2
6207,9243,B8,1,1
6207,9267,"B8,G4",2,2
6207,9296,"B8,G4",2,2
6207,9663,B8,1,1
6207,9672,B8,1,1
6207,9680,"B8,C1,G4",3,3
6207,9683,"B8,G4",2,2
6207,9703,B8,1,1
6207,9734,B8,1,1
6207,9736,"B8,G4",2,2
6207,9743,"B8,G4",2,2
6207,9751,"B8,G4",2,2
6207,9778,B8,1,1
6207,9785,B8,1,1
6207,9789,B8,1,1
6207,9808,"B8,G4",2,2
6207,9810,"A3,B8,G4",3,3
6207,9812,"A3,B8",2,2
6207,9824,"B8,G4",2,2
6207,9834,"B8,G4",2,2
6207,9837,"B8,G4",2,2
6207,9840,"B8,G4",2,2
6207,9849,"B8,G4",2,2
6207,9940,"B8,G4",2,2
6207,9954,"B8,G4",2,2
6207,9956,"B8,G4",2,2
6208,3413,"B8,G4",2,2
6208,3956,"B8,G4",2,2
6208,5737,G4,1,1
6208,8185,"B8,G4",2,2
6208,8244,"B8,G4",2,2
6208,8638,"B8,G4",2,2
6208,8686,"B8,G4",2,2
6208,8687,"B8,G4",2,2
6208,8715,"B8,G4",2,2
6208,8722,"B8,G4",2,2
6208,8745,A2,1,1
6208,8746,"B8,G4",2,2
6208,8752,"B8,G4",2,2
6208,8756,"B8,G4",2,2
6208,8760,B8,1,1
6208,8771,"B8,G4",2,2
6208,8816,"B8,G4",2,2
6208,9178,"A3,B8,G4",3,3
6208,9196,"B8,G4",2,2
6208,9204,"B8,G4",2,2
6208,9225,B8,1,1
6208,9274,G4,1,1
6208,9301,"B8,G4",2,2
6208,9662,B8,1,1
6208,9664,"B8,G4",2,2
6208,9669,B8,1,1
6208,9691,,0,0
6208,9692,"B8,G4",2,2
6208,9704,"B8,G4",2,2
6208,9735,"B8,G4",2,2
6208,9737,"B8,G4",2,2
6208,9742,"B8,G4",2,2
6208,9769,"B8,G4",2,2
6208,9772,B8,1,1
6208,9776,B8,1,1
6208,9777,B8,1,1
6208,9780,"B8,G4",2,2
6208,9786,B8,1,1
6208,9787,B8,1,1
6208,9794,"B8,G4",2,2
6208,9802,"B8,G4",2,2
6208,9809,"B8,G4",2,2
6208,9820,"B8,G4",2,2
6208,9836,"B8,G4",2,2
6208,9957,B8,1,1
6209,1769,B8,1,1
6209,3613,B8,1,1
6209,5537,"B8,G4",2,2
6209,6124,"B8,G4",2,2
6209,6262,B8,1,1
6209,6310,"B8,G4",2,2
6209,6541,B8,1,1
6209,7170,B8,1,1
6209,8158,"A3,B8,G4",3,3
6209,8160,"B8,G4",2,2
6209,8168,"B8,G4",2,2
6209,8188,"B8,G4",2,2
6209,8192,"B8,G4",2,2
6209,8195,"B8,G4",2,2
6209,8323,B8,1,1
6209,8325,"B8,G4",2,2
6209,8643,"B8,G4",2,2
6209,8664,B8,1,1
6209,8666,B8,1,1
6209,8667,"B8,G4",2,2
6209,8668,"B8,G4",2,2
6209,8725,"B8,G4",2,2
6209,8726,"B8,G4",2,2
6209,8731,"B8,G4",2,2
6209,8736,"B8,G4",2,2
6209,8738,"B8,G4",2,2
6209,8791,"B8,G4",2,2
6209,8795,"B8,G4",2,2
6209,8807,"B8,G4",2,2
6209,8820,G4,1,1
6209,9165,"B8,G4",2,2
6209,9192,"B8,G4",2,2
6209,9205,B8,1,1
6209,9216,B8,1,1
6209,9217,B8,1,1
6209,9228,"B8,G4",2,2
6209,9244,"B8,G4",2,2
6209,9248,B8,1,1
6209,9273,B8,1,1
6209,9279,B8,1,1
6209,9665,"B8,G4",2,2
6209,9673,B8,1,1
6209,9741,"B8,G4",2,2
6209,9755,B8,1,1
6209,9779,"B8,G4",2,2
6209,9798,B8,1,1
6209,9826,"B8,G4",2,2
6209,9829,"B8,G4",2,2
6209,9830,B8,1,1
6209,9841,"B8,G4",2,2
6209,9848,"B8,G4",2,2
6209,9876,"B8,G4",2,2
6209,9932,"B8,G4",2,2
6209,9955,"B8,G4",2,2
6210,4494,"B8,G4",2,2
6210,6376,"B8,G4",2,2
6210,8181,"A3,B8,G4",3,3
6210,8247,"B8,G4",2,2
6210,8648,"B8,G4",2,2
6210,8658,"B8,G4",2,2
6210,8661,"B8,G4",2,2
6210,8730,"B8,G4",2,2
6210,8732,"B8,G4",2,2
6210,8743,"B8,G4",2,2
6210,8754,"B8,G4",2,2
6210,8764,"B8,G4",2,2
6210,8772,"B8,G4",2,2
6210,8784,"B8,G4",2,2
6210,8792,"B8,G4",2,2
6210,8806,"B8,G4",2,2
6210,8828,"B8,G4",2,2
6210,9131,"B8,G4",2,2
6210,9199,"B8,G4",2,2
6210,9229,B8,1,1
6210,9280,B8,1,1
6210,9666,B8,1,1
6210,9678,G4,1,1
6210,9682,,0,0
6210,9686,"B8,G4",2,2
6210,9690,"B8,G4",2,2
6210,9694,"B8,G4",2,2
6210,9706,B8,1,1
6210,9709,B8,1,1
6210,9746,"B8,G4",2,2
6210,9752,"B8,G4",2,2
6210,9793,"B8,G4",2,2
6210,9807,"B8,G4",2,2
6210,9819,"B8,G4",2,2
6210,9825,B8,1,1
6210,9958,B8,1,1
6210,9978,"B8,G4",2,2
6211,3108,B8,1,1
6211,3454,"B8,G4",2,2
6211,3964,"B8,G4",2,2
6211,8170,"B8,G4",2,2
6211,8183,"B8,G4",2,2
6211,8190,"B8,G4",2,2
6211,8251,"B8,G4",2,2
6211,8629,B8,1,1
6211,8653,G4,1,1
6211,8665,"B8,G4",2,2
6211,8670,"B8,G4",2,2
6211,8681,"B8,G4",2,2
6211,8742,B8,1,1
6211,8749,"B8,G4",2,2
6211,8750,"B8,G4",2,2
6211,8766,B8,1,1
6211,8797,"B8,G4",2,2
6211,8817,"B8,G4",2,2
6211,9157,"B8,G4",2,2
6211,9164,"B8,G4",2,2
6211,9219,"B8,G4",2,2
6211,9224,"B8,G4",2,2
6211,9290,B8,1,1
6211,9671,"B8,G4",2,2
6211,9676,B8,1,1
6211,9745,"B8,G4",2,2
6211,9753,"B8,G4",2,2
6211,9756,"A3,B8,G4",3,3
6211,9759,"B8,G4",2,2
6211,9762,"B8,G4",2,2
6211,9763,"B8,G4",2,2
6211,9773,"B8,G4",2,2
6211,9783,,0,0
6211,9790,A2,1,1
6211,9822,"B8,G4",2,2
6211,9838,"B8,G4",2,2
6211,9880,"B8,G4",2,2
6211,9953,"B8,G4",2,2
6212,3615,B8,1,1
6212,4282,B8,1,1
6212,4456,B8,1,1
6212,4552,"B8,G4",2,2
6212,5699,B8,1,1
6212,8164,G4,1,1
6212,8196,"B8,G4",2,2
6212,8200,"B8,G4",2,2
6212,8201,"B8,G4",2,2
6212,8210,"B8,G4",2,2
6212,8217,"A2,G4",2,2
6212,8227,B8,1,1
6212,8300,B8,1,1
6212,8409,"B8,G4",2,2
6212,8645,"B8,G4",2,2
6212,8727,"B8,G4",2,2
6212,8729,"B8,G4",2,2
6212,8733,"B8,G4",2,2
6212,8740,"B8,G4",2,2
6212,8741,"B8,G4",2,2
6212,8762,"B8,G4",2,2
6212,8789,"B8,G4",2,2
6212,8796,"B8,G4",2,2
6212,8805,B8,1,1
6212,8819,"B8,G4",2,2
6212,8886,"B8,G4",2,2
6212,9173,"B8,G4",2,2
6212,9194,"B8,G4",2,2
6212,9227,"B8,G4",2,2
6212,9237,"B8,G4",2,2
6212,9252,"B8,G4",2,2
6212,9685,,0,0
6212,9708,"B8,G4",2,2
6212,9733,"B8,G4",2,2
6212,9770,B8,1,1
6212,9771,B8,1,1
6212,9775,B8,1,1
6212,9791,B8,1,1
6212,9832,"B8,G4",2,2
6212,9850,"B8,G4",2,2
6212,9881,"B8,G4",2,2
6212,9912,"B8,G4",2,2
6212,9947,"B8,G4",2,2
6213,3609,B8,1,1
6213,4399,B8,1,1
6213,4816,"B8,G4",2,2
6213,5292,"B8,G4",2,2
6213,6903,"B8,G4",2,2
6213,8186,"B8,G4",2,2
6213,8197,B8,1,1
6213,8236,"B8,G4",2,2
6213,8321,B8,1,1
6213,8637,"A3,B8,G4",3,3
6213,8662,"B8,G4",2,2
6213,8663,"B8,G4",2,2
6213,8669,"B8,G4",2,2
6213,8720,"B8,G4",2,2
6213,8721,"B8,G4",2,2
6213,8734,"B8,G4",2,2
6213,8739,"B8,G4",2,2
6213,8753,"B8,G4",2,2
6213,9147,"B8,G4",2,2
6213,9149,"B8,G4",2,2
6213,9154,B8,1,1
6213,9167,B8,1,1
6213,9171,"A3,B8",2,2
6213,9180,"B8,G4",2,2
6213,9186,"A3,B8",2,2
6213,9221,"B8,G4",2,2
6213,9235,B8,1,1
6213,9241,B8,1,1
6213,9278,"B8,G4",2,2
6213,9297,B8,1,1
6213,9312,"B8,G4",2,2
6213,9313,"A3,B8,G4",3,3
6213,9668,A2,1,1
6213,9701,B8,1,1
6213,9705,"B8,G4",2,2
6213,9710,B8,1,1
6213,9711,B8,1,1
6213,9744,"B8,G4",2,2
6213,9788,B8,1,1
6213,9796,"B8,G4",2,2
6213,9801,"B8,G4",2,2
6213,9817,B8,1,1
6213,9895,"B8,G4",2,2
6214,2647,B8,1,1
6214,3967,"B8,G4",2,2
6214,5210,"B8,G4",2,2
6214,5646,"B8,G4",2,2
6214,8167,"B8,G4",2,2
6214,8229,B8,1,1
6214,8235,"B8,G4",2,2
6214,8237,B8,1,1
6214,8305,B8,1,1
6214,8389,"B8,G4",2,2
6214,8634,"B8,G4",2,2
6214,8644,"B8,G4",2,2
6214,8659,"B8,G4",2,2
6214,8679,"B8,G4",2,2
6214,8688,G4,1,1
6214,8717,"A2,G4",2,2
6214,8724,"B8,G4",2,2
6214,8735,"B8,G4",2,2
6214,8744,"B8,G4",2,2
6214,8748,"B8,G4",2,2
6214,8755,"B8,G4",2,2
6214,8776,"B8,G4",2,2
6214,8779,"B8,G4",2,2
6214,8780,"B8,G4",2,2
6214,9161,"B8,G4",2,2
6214,9168,"B8,G4",2,2
6214,9176,B8,1,1
6214,9189,"B8,G4",2,2
6214,9191,"B8,G4",2,2
6214,9209,B8,1,1
6214,9304,G4,1,1
6214,9670,"B8,G4",2,2
6214,9675,"B8,G4",2,2
6214,9681,B8,1,1
6214,9684,"B8,G4",2,2
6214,9707,"B8,G4",2,2
6214,9738,"B8,G4",2,2
6214,9758,"B8,G4",2,2
6214,9760,B8,1,1
6214,9774,"B8,G4",2,2
6214,9781,"B8,G4",2,2
6214,9782,B8,1,1
6214,9799,B8,1,1
6214,9814,"B8,G4",2,2
6214,9815,G4,1,1
6214,9816,B8,1,1
6214,9828,"B8,G4",2,2
6214,9890,"B8,G4",2,2
6214,9897,"B8,G4",2,2
6214,9959,"B8,G4",2,2
6216,3967,"B8,G4",2,2
6216,6308,"B8,G4",2,2
6216,6903,"B8,G4",2,2
6216,8160,"B8,G4",2,2
6216,8186,"B8,G4",2,2
6216,8807,"A3,B8,G4",3,3
6216,9131,"A3,B8,G4",3,3
6216,9171,"B8,G4",2,2
6216,9178,"A3,B8,G4",3,3
6216,9200,"B8,G4",2,2
6216,9217,"B8,G4",2,2
6216,9224,,0,0
6216,9225,,0,0
6216,9240,"B8,G4",2,2
6216,9248,"B8,G4",2,2
6216,9290,"B8,G4",2,2
6217,3613,"B8,G4",2,2
6217,3964,"B8,G4",2,2
6217,4815,"B8,G4",2,2
6217,6303,"B8,G4",2,2
6217,8197,"A3,B8,G4",3,3
6217,8204,"B8,G4",2,2
6217,8217,"A3,B8,G4",3,3
6217,8244,"A3,B8,G4",3,3
6217,8321,"B8,G4",2,2
6217,8880,"A3,B8,G4",3,3
6217,9189,"B8,G4",2,2
6217,9204,"B8,G4",2,2
6217,9214,B8,1,1
6217,9215,,0,0
6217,9229,B8,1,1
6217,9252,"B8,G4",2,2
6217,9276,"A3,B8,G4",3,3
6217,9310,"B8,G4",2,2
6218,3956,"B8,G4",2,2
6218,5605,"B8,G4",2,2
6218,7170,"B8,G4",2,2
6218,8167,"B8,G4",2,2
6218,8190,"B8,G4",2,2
6218,8195,"A3,B8,G4",3,3
6218,8245,"B8,G4",2,2
6218,8389,"A3,B8,G4",3,3
6218,8408,"B8,G4",2,2
6218,9165,"B8,G4",2,2
6218,9167,"B8,G4",2,2
6218,9168,"B8,G4",2,2
6218,9184,"A3,B8,G4",3,3
6218,9193,"B8,G4",2,2
6218,9219,"B8,G4",2,2
6218,9236,"B8,G4",2,2
6218,9246,"B8,G4",2,2
6218,9264,"B8,G4",2,2
6218,9269,"B8,G4",2,2
6218,9274,G4,1,1
6218,9279,"B8,G4",2,2
6218,9312,"B8,G4",2,2
6219,1769,B8,1,1
6219,3590,"B8,G4",2,2
6219,4552,"B8,G4",2,2
6219,6310,"B8,G4",2,2
6219,8164,"A3,B8",2,2
6219,8170,"B8,G4",2,2
6219,8196,"B8,G4",2,2
6219,8201,"B8,G4",2,2
6219,8210,"B8,G4",2,2
6219,8237,"B8,G4",2,2
6219,9137,"B8,G4",2,2
6219,9157,"B8,G4",2,2
6219,9174,G4,1,1
6219,9175,"B8,G4",2,2
6219,9186,"B8,G4",2,2
6219,9201,"B8,G4",2,2
6219,9254,"B8,G4",2,2
6219,9313,"A3,B8,G4",3,3
6220,1380,"B8,G4",2,2
6220,5210,"B8,G4",2,2
6220,8247,"B8,G4",2,2
6220,8249,"B8,G4",2,2
6220,8251,"B8,G4",2,2
6220,8323,"B8,G4",2,2
6220,9163,"A3,B8,G4",3,3
6220,9191,"B8,G4",2,2
6220,9192,"B8,G4",2,2
6220,9196,"B8,G4",2,2
6220,9199,"B8,G4",2,2
6220,9211,"B8,G4",2,2
6220,9227,"B8,G4",2,2
6220,9228,"B8,G4",2,2
6220,9233,"B8,G4",2,2
6220,9239,"B8,G4",2,2
6220,9297,B8,1,1
6221,4399,B8,1,1
6221,4456,"B8,G4",2,2
6221,5699,"B8,G4",2,2
6221,6262,"B8,G4",2,2
6221,8158,"A3,B8,G4",3,3
6221,8183,"B8,G4",2,2
6221,8185,"B8,G4",2,2
6221,8200,"B8,G4",2,2
6221,8207,"B8,G4",2,2
6221,8227,"B8,G4",2,2
6221,8236,"B8,G4",2,2
6221,8305,"B8,G4",2,2
6221,9176,"A3,B8,G4",3,3
6221,9180,"B8,G4",2,2
6221,9194,,0,0
6221,9208,A3,1,1
6221,9209,B8,1,1
6221,9212,"B8,G4",2,2
6221,9216,"B8,G4",2,2
6221,9241,"B8,G4",2,2
6221,9244,"B8,G4",2,2
6221,9250,"B8,G4,H1",3,3
6221,9273,"B8,G4",2,2
6221,9278,B8,1,1
6222,3615,"B8,G4",2,2
6222,4282,"B8,G4",2,2
6222,4816,"B8,G4",2,2
6222,8159,"B8,G4",2,2
6222,8172,"B8,G4",2,2
6222,8188,"B8,G4",2,2
6222,8235,"B8,G4",2,2
6222,8289,"B8,G4",2,2
6222,8391,"B8,G4",2,2
6222,8409,"A2,G4",2,2
6222,9154,"B8,G4",2,2
6222,9161,"B8,G4",2,2
6222,9162,"B8,G4,H1",3,3
6222,9166,"B8,G4",2,2
6222,9205,B8,1,1
6222,9221,"A3,B8,G4",3,3
6222,9232,"B8,G4",2,2
6222,9234,"B8,G4",2,2
6222,9243,"B8,G4",2,2
6222,9280,"B8,G4",2,2
6222,9296,"A3,B8,G4",3,3
6222,9301,"B8,G4",2,2
6245,3956,B8,1,1
6245,4552,B8,1,1
6245,8180,"A3,B8,G4",3,3
6245,8184,"A3,B8",2,2
6245,8190,B8,1,1
6245,8200,B8,1,1
6245,8217,"A2,G4",2,2
6245,8233,,0,0
6245,8289,B8,1,1
6245,8323,B8,1,1
6245,8325,"B8,G4",2,2
6245,8389,"B8,G4",2,2
6245,9672,B8,1,1
6245,9673,A2,1,1
6245,9675,B8,1,1
6245,9683,"B8,G4",2,2
6245,9701,"B8,G4",2,2
6245,9708,B8,1,1
6245,9709,B8,1,1
6245,9735,,0,0
6245,9753,"B8,G4",2,2
6245,9764,"B8,G4",2,2
6245,9780,"A3,B8",2,2
6245,9814,"B8,G4",2,2
6245,9819,"A3,B8",2,2
6245,9828,"B8,G4",2,2
6245,9830,,0,0
6245,9841,B8,1,1
6245,9881,"B8,G4",2,2
6245,9932,"B8,G4",2,2
6245,9957,B8,1,1
6246,1769,B8,1,1
6246,3964,B8,1,1
6246,4282,"A4,B8",2,2
6246,4399,B8,1,1
6246,5210,"B8,G4",2,2
6246,8188,B8,1,1
6246,8189,"A3,B8,G4",3,3
6246,8408,"A2,A3,G4",3,2
6246,9665,"B8,G4",2,2
6246,9666,B8,1,1
6246,9670,"B8,G4",2,2
6246,9676,"B11,B8,C1,G4",4,3
6246,9705,"B8,G4",2,2
6246,9710,"B8,G4",2,2
6246,9778,B8,1,1
6246,9781,"B8,G4",2,2
6246,9783,B8,1,1
6246,9802,"B8,G4",2,2
6246,9807,B8,1,1
6246,9810,"B8,G4",2,2
6246,9811,"A2,G4",2,2
6246,9815,,0,0
6246,9848,B8,1,1
6246,9850,B8,1,1
6246,9890,"B8,G4",2,2
6246,9897,"B8,G4",2,2
6247,8160,"B8,G4",2,2
6247,8172,"B8,G4",2,2
6247,8192,"B8,G4",2,2
6247,8197,B8,1,1
6247,8236,"B8,G4",2,2
6247,8244,"B8,G4",2,2
6247,8249,B8,1,1
6247,8300,B8,1,1
6247,9664,"B8,G4",2,2
6247,9669,B8,1,1
6247,9680,"B8,G4",2,2
6247,9682,G4,1,1
6247,9706,"B8,G4",2,2
6247,9758,B8,1,1
6247,9771,B8,1,1
6247,9773,"B8,G4",2,2
6247,9785,B8,1,1
6247,9787,"A3,B8",2,2
6247,9801,"B8,G4",2,2
6247,9812,B8,1,1
6247,9816,B8,1,1
6247,9820,"B8,G4",2,2
6247,9826,B8,1,1
6247,9871,B8,1,1
6247,9940,"B8,G4",2,2
6248,3609,B8,1,1
6248,8204,"A3,B8,G4",3,3
6248,8207,"B8,G4,H1",3,3
6248,8235,B8,1,1
6248,8305,B8,1,1
6248,9668,A2,1,1
6248,9671,B8,1,1
6248,9685,"B4,B8",2,1
6248,9686,B8,1,1
6248,9694,G4,1,1
6248,9704,"B8,G4",2,2
6248,9741,"B8,G4",2,2
6248,9742,"B8,G4",2,2
6248,9745,"B8,G4",2,2
6248,9751,"B8,G4",2,2
6248,9762,"B8,G4",2,2
6248,9782,"A3,B8",2,2
6248,9786,B8,1,1
6248,9799,B8,1,1
6248,9809,"B8,G4",2,2
6248,9822,"B8,G4",2,2
6248,9876,"B8,G4",2,2
6248,9953,B8,1,1
6305,3413,,0,0
6305,5537,,0,0
6305,7170,,0,0
6305,8160,"B8,G4",2,2
6305,8164,"B8,G4",2,2
6305,8167,B8,1,1
6305,8180,"B8,G4",2,2
6305,8192,"A3,B8",2,2
6305,8193,"B8,G4",2,2
6305,8245,"B8,G4",2,2
6305,8638,"B8,G4",2,2
6305,8660,"B8,G4",2,2
6305,8664,B8,1,1
6305,8666,B8,1,1
6305,8733,"B8,G4",2,2
6305,8741,B8,1,1
6305,8746,"B8,G4",2,2
6305,8747,B8,1,1
6305,8782,"B8,G4,H1",3,3
6306,2647,"B8,G4",2,2
6306,3956,"A3,B8,G4",3,3
6306,6092,"B8,G4",2,2
6306,8185,"B8,G4",2,2
6306,8194,B8,1,1
6306,8640,B8,1,1
6306,8659,"B8,G4",2,2
6306,8663,"B8,G4",2,2
6306,8670,"B8,G4",2,2
6306,8677,B8,1,1
6306,8726,"B8,G4",2,2
6306,8732,B8,1,1
6306,8735,B8,1,1
6306,8755,"B8,G4",2,2
6306,8759,"B8,G4",2,2
6306,8816,B8,1,1
6306,8834,B8,1,1
6306,8878,"B8,G4",2,2
6306,8918,"B8,G4",2,2
6308,8171,"B8,G4",2,2
6308,8172,"B8,G4",2,2
6308,8188,"A3,B8,G4",3,3
6308,8210,"B8,G4",2,2
6308,8237,B8,1,1
6308,8644,"B8,G4",2,2
6308,8674,B8,1,1
6308,8679,"B8,G4",2,2
6308,8687,"B8,G4",2,2
6308,8738,B8,1,1
6308,8752,B8,1,1
6308,8754,B8,1,1
6308,8762,"A3,B8",2,2
6308,8766,"B8,G4",2,2
6308,8780,"B8,G4",2,2
6308,8796,"B8,G4",2,2
6311,4552,B8,1,1
6311,8163,"B8,G4",2,2
6311,8207,"B8,G4",2,2
6311,8643,"B8,G4",2,2
6311,8647,B8,1,1
6311,8658,"B8,G4",2,2
6311,8669,"B8,G4",2,2
6311,8681,"B8,G4",2,2
6311,8717,"B8,G4",2,2
6311,8727,B8,1,1
6311,8728,"B8,G4",2,2
6311,8734,,0,0
6311,8767,"B8,G4",2,2
6311,8772,"B8,G4",2,2
6311,8786,B8,1,1
6311,8791,B8,1,1
6311,8835,"B8,G4",2,2
6311,8876,B8,1,1
6312,1769,B8,1,1
6312,3566,B8,1,1
6312,4399,B8,1,1
6312,6541,A5,1,1
6312,8181,"B8,G4",2,2
6312,8186,B8,1,1
6312,8201,"B8,G4",2,2
6312,8230,,0,0
6312,8236,"B8,G4",2,2
6312,8321,"B8,G4",2,2
6312,8414,"A3,B8,G4",3,3
6312,8632,"B8,G4",2,2
6312,8634,"B8,G4",2,2
6312,8653,B8,1,1
6312,8662,"B8,G4",2,2
6312,8665,"B8,G4",2,2
6312,8716,"B8,G4",2,2
6312,8720,"B8,G4",2,2
6312,8722,"B8,G4",2,2
6312,8753,B8,1,1
6312,8795,B8,1,1
6312,8830,"B8,G4",2,2
6315,3590,B8,1,1
6315,8158,B8,1,1
6315,8169,B8,1,1
6315,8190,"B8,G4",2,2
6315,8195,"B8,G4",2,2
6315,8196,"B8,G4",2,2
6315,8244,"B8,G4",2,2
6315,8412,B8,1,1
6315,8688,"A3,B8,G4",3,3
6315,8745,"B8,G4",2,2
6315,8760,"B8,G4",2,2
6315,8776,"B8,G4",2,2
6315,8783,B8,1,1
6315,8800,B8,1,1
6315,8817,"B8,G4",2,2
6315,8889,B8,1,1
6316,3964,B8,1,1
6316,5457,,0,0
6316,8183,"B8,G4",2,2
6316,8184,"A3,B8",2,2
6316,8189,"B8,G4",2,2
6316,8247,"B8,G4",2,2
6316,8249,A5,1,1
6316,8290,"B8,G4",2,2
6316,8323,"B8,G4",2,2
6316,8673,B8,1,1
6316,8729,B8,1,1
6316,8730,B8,1,1
6316,8740,B8,1,1
6316,8743,"B8,G4",2,2
6316,8749,B8,1,1
6316,8756,B8,1,1
6316,8771,"A3,B8,G4",3,3
6316,8777,,0,0
6316,8778,B8,1,1
6316,8789,B8,1,1
6342,1769,G4,1,1
6342,4399,,0,0
6342,4494,G4,1,1
6342,4815,G4,1,1
6342,6092,G4,1,1
6342,6124,G4,1,1
6342,8169,G4,1,1
6342,8210,G4,1,1
6342,8321,,0,0
6342,8389,G4,1,1
6342,8880,G4,1,1
6342,9147,G4,1,1
6342,9164,G4,1,1
6342,9196,G4,1,1
6342,9204,G4,1,1
6342,9205,G4,1,1
6342,9233,G4,1,1
6342,9271,G4,1,1
6342,9274,G4,1,1
6342,9280,G4,1,1
6342,9313,G4,1,1
6342,9672,G4,1,1
6342,9688,G4,1,1
6342,9711,,0,0
6342,9734,,0,0
6342,9736,G4,1,1
6342,9741,"A3,G4",2,2
6342,9744,"A3,G4",2,2
6342,9745,G4,1,1
6342,9751,B8,1,1
6342,9756,G4,1,1
6342,9762,"B8,B9,G4",3,2
6342,9780,,0,0
6342,9840,G4,1,1
6342,9848,"A3,G4",2,2
6342,9958,,0,0
6342,9971,,0,0
6343,1380,G4,1,1
6343,6308,G4,1,1
6343,8237,,0,0
6343,8245,G4,1,1
6343,9220,G4,1,1
6343,9224,G4,1,1
6343,9227,G4,1,1
6343,9239,G4,1,1
6343,9243,G4,1,1
6343,9244,G4,1,1
6343,9246,G4,1,1
6343,9264,G4,1,1
6343,9276,G4,1,1
6343,9304,G4,1,1
6343,9746,G4,1,1
6343,9763,G4,1,1
6343,9771,,0,0
6343,9776,G4,1,1
6343,9777,"A3,G4",2,2
6343,9782,,0,0
6343,9790,G4,1,1
6343,9798,G4,1,1
6343,9806,A3,1,1
6343,9816,,0,0
6343,9817,,0,0
6343,9843,G4,1,1
6343,9952,G4,1,1
6344,5210,G4,1,1
6344,6303,,0,0
6344,8164,"A3,G4",2,2
6344,8168,G4,1,1
6344,8181,G4,1,1
6344,8183,G4,1,1
6344,8187,,0,0
6344,8197,G4,1,1
6344,8204,G4,1,1
6344,8403,G4,1,1
6344,8807,G4,1,1
6344,9165,G4,1,1
6344,9175,G4,1,1
6344,9193,G4,1,1
6344,9216,G4,1,1
6344,9217,B8,1,1
6344,9226,"B8,G4",2,2
6344,9234,G4,1,1
6344,9235,G4,1,1
6344,9252,"A3,G4",2,2
6344,9301,G4,1,1
6344,9665,G4,1,1
6344,9680,G4,1,1
6344,9681,G4,1,1
6344,9682,G4,1,1
6344,9690,G4,1,1
6344,9692,G4,1,1
6344,9708,G4,1,1
6344,9743,G4,1,1
6344,9773,G4,1,1
6344,9774,G4,1,1
6344,9781,G4,1,1
6344,9785,,0,0
6344,9786,G4,1,1
6344,9789,,0,0
6344,9795,G4,1,1
6344,9813,G4,1,1
6344,9822,G4,1,1
6344,9826,G4,1,1
6344,9827,,0,0
6344,9850,G4,1,1
6344,9940,,0,0
6344,9953,,0,0
6344,9955,"A3,G4",2,2
6344,9959,G4,1,1
6345,3615,G4,1,1
6345,3967,"B8,G4",2,2
6345,5605,G4,1,1
6345,8158,G4,1,1
6345,8167,G4,1,1
6345,8172,G4,1,1
6345,8201,G4,1,1
6345,8244,G4,1,1
6345,8323,G4,1,1
6345,9149,G4,1,1
6345,9191,G4,1,1
6345,9199,"A3,G4,H1",3,3
6345,9212,,0,0
6345,9225,B8,1,1
6345,9237,,0,0
6345,9242,G4,1,1
6345,9295,G4,1,1
6345,9662,G4,1,1
6345,9671,G4,1,1
6345,9705,G4,1,1
6345,9758,,0,0
6345,9791,G4,1,1
6345,9802,G4,1,1
6345,9807,G4,1,1
6345,9820,G4,1,1
6345,9834,G4,1,1
6345,9836,G4,1,1
6345,9876,G4,1,1
6346,3590,G4,1,1
6346,3964,G4,1,1
6346,4552,G4,1,1
6346,8160,G4,1,1
6346,8189,G4,1,1
6346,8194,G4,1,1
6346,8195,"B8,B9,G4",3,2
6346,8235,G4,1,1
6346,8247,G4,1,1
6346,8300,G4,1,1
6346,8391,G4,1,1
6346,9131,G4,1,1
6346,9163,G4,1,1
6346,9168,G4,1,1
6346,9171,,0,0
6346,9189,G4,1,1
6346,9198,G4,1,1
6346,9241,G4,1,1
6346,9267,G4,1,1
6346,9278,G4,1,1
6346,9673,G4,1,1
6346,9683,"B6,G4",2,2
6346,9686,"A3,B4,G4",3,3
6346,9700,G4,1,1
6346,9703,G4,1,1
6346,9759,G4,1,1
6346,9764,G4,1,1
6346,9772,G4,1,1
6346,9794,G4,1,1
6346,9799,A3,1,1
6346,9821,"A3,G4",2,2
6346,9829,,0,0
6346,9849,"A3,G4",2,2
6346,9890,"A3,G4",2,2
6347,3613,G4,1,1
6347,5699,G4,1,1
6347,8163,"A3,G4",2,2
6347,8171,G4,1,1
6347,8192,"A3,G4",2,2
6347,8196,G4,1,1
6347,8325,"B4,G4",2,2
6347,9137,"B4,G4",2,2
6347,9166,G4,1,1
6347,9173,G4,1,1
6347,9200,G4,1,1
6347,9206,,0,0
6347,9214,G4,1,1
6347,9228,G4,1,1
6347,9236,G4,1,1
6347,9254,G4,1,1
6347,9272,G4,1,1
6347,9312,G4,1,1
6347,9675,,0,0
6347,9676,,0,0
6347,9684,G4,1,1
6347,9701,,0,0
6347,9706,G4,1,1
6347,9710,G4,1,1
6347,9738,G4,1,1
6347,9752,G4,1,1
6347,9755,G4,1,1
6347,9775,G4,1,1
6347,9793,,0,0
6347,9809,"A3,G4",2,2
6347,9814,G4,1,1
6347,9833,,0,0
6347,9895,G4,1,1
6347,9897,G4,1,1
6347,9956,,0,0
6350,4456,G4,1,1
6350,6310,G4,1,1
6350,8159,G4,1,1
6350,8170,G4,1,1
6350,8185,"A3,G4",2,2
6350,8207,"A3,G4",2,2
6350,8232,,0,0
6350,8236,"B8,G4",2,2
6350,8290,G4,1,1
6350,8324,G4,1,1
6350,9161,,0,0
6350,9180,G4,1,1
6350,9194,G4,1,1
6350,9201,G4,1,1
6350,9211,G4,1,1
6350,9232,G4,1,1
6350,9248,G4,1,1
6350,9269,G4,1,1
6350,9669,G4,1,1
6350,9677,"A3,G4",2,2
6350,9678,G4,1,1
6350,9704,G4,1,1
6350,9735,G4,1,1
6350,9737,"A3,G4",2,2
6350,9742,G4,1,1
6350,9787,"A3,G4",2,2
6350,9815,G4,1,1
6350,9828,G4,1,1
6350,9831,"A3,G4",2,2
6350,9832,G4,1,1
6350,9838,G4,1,1
6350,9841,"B4,G4",2,2
6350,9880,"A3,G4",2,2
6350,9912,"A3,G4",2,2
6351,3956,,0,0
6351,5292,G4,1,1
6351,7170,"A3,G4",2,2
6351,8184,,0,0
6351,8188,G4,1,1
6351,8193,G4,1,1
6351,8414,G4,1,1
6351,9167,"A3,B8,G4",3,3
6351,9174,G4,1,1
6351,9250,G4,1,1
6351,9290,,0,0
6351,9297,G4,1,1
6351,9303,,0,0
6351,9310,G4,1,1
6351,9663,G4,1,1
6351,9668,G4,1,1
6351,9685,G4,1,1
6351,9760,G4,1,1
6351,9769,"A3,G4",2,2
6351,9770,G4,1,1
6351,9778,G4,1,1
6351,9783,G4,1,1
6351,9788,G4,1,1
6351,9801,"B8,G4",2,2
6351,9818,,0,0
6351,9889,G4,1,1
6352,4816,G4,1,1
6352,8213,,0,0
6352,8227,G4,1,1
6352,8233,G4,1,1
6352,8248,G4,1,1
6352,8412,A3,1,1
6352,9170,G4,1,1
6352,9176,,0,0
6352,9192,G4,1,1
6352,9209,G4,1,1
6352,9229,G4,1,1
6352,9273,B8,1,1
6352,9279,G4,1,1
6352,9286,G4,1,1
6352,9733,G4,1,1
6352,9753,G4,1,1
6352,9779,G4,1,1
6352,9796,G4,1,1
6352,9811,G4,1,1
6352,9812,G4,1,1
6352,9819,"A3,G4",2,2
6352,9837,G4,1,1
6352,9871,"A3,G4",2,2
6358,3590,G4,1,1
6358,3964,G4,1,1
6358,6124,G4,1,1
6358,8193,G4,1,1
6358,8300,,0,0
6358,8321,G4,1,1
6358,8637,G4,1,1
6358,8644,G4,1,1
6358,8646,G4,1,1
6358,8655,A3,1,1
6358,8662,G4,1,1
6358,8667,G4,1,1
6358,8721,G4,1,1
6358,8724,G4,1,1
6358,8727,G4,1,1
6358,8733,G4,1,1
6358,8752,G4,1,1
6358,8767,"A3,G4",2,2
6358,8834,G4,1,1
6358,8886,,0,0
6358,8889,G4,1,1
6358,9234,G4,1,1
6358,9236,G4,1,1
6358,9252,G4,1,1
6358,9663,G4,1,1
6358,9682,G4,1,1
6358,9686,G4,1,1
6358,9706,G4,1,1
6358,9771,G4,1,1
6358,9774,G4,1,1
6358,9818,G4,1,1
6358,9821,G4,1,1
6358,9836,G4,1,1
6358,9876,G4,1,1
6359,4282,G4,1,1
6359,4815,G4,1,1
6359,5605,G4,1,1
6359,5699,G4,1,1
6359,8227,G4,1,1
6359,8244,G4,1,1
6359,8648,G4,1,1
6359,8687,G4,1,1
6359,8722,G4,1,1
6359,8723,G4,1,1
6359,8732,G4,1,1
6359,8738,G4,1,1
6359,8746,G4,1,1
6359,8780,G4,1,1
6359,8795,G4,1,1
6359,9189,G4,1,1
6359,9191,G4,1,1
6359,9194,G4,1,1
6359,9239,,0,0
6359,9269,G4,1,1
6359,9272,G4,1,1
6359,9279,G4,1,1
6359,9297,,0,0
6359,9666,A3,1,1
6359,9676,,0,0
6359,9678,G4,1,1
6359,9745,G4,1,1
6359,9754,G4,1,1
6359,9773,G4,1,1
6359,9778,G4,1,1
6359,9785,G4,1,1
6359,9786,G4,1,1
6359,9788,G4,1,1
6359,9795,G4,1,1
6359,9802,G4,1,1
6359,9806,G4,1,1
6359,9837,G4,1,1
6359,9952,G4,1,1
6360,3413,G4,1,1
6360,3454,G4,1,1
6360,8186,G4,1,1
6360,8201,G4,1,1
6360,8207,G4,1,1
6360,8247,"B8,G4",2,2
6360,8409,,0,0
6360,8414,"A3,G4",2,2
6360,8638,G4,1,1
6360,8663,G4,1,1
6360,8664,"B8,G4",2,2
6360,8679,G4,1,1
6360,8681,G4,1,1
6360,8715,G4,1,1
6360,8730,G4,1,1
6360,8744,G4,1,1
6360,8750,G4,1,1
6360,8764,G4,1,1
6360,8788,G4,1,1
6360,8793,G4,1,1
6360,8807,G4,1,1
6360,8828,G4,1,1
6360,8835,G4,1,1
6360,9175,,0,0
6360,9186,,0,0
6360,9205,G4,1,1
6360,9209,A3,1,1
6360,9217,G4,1,1
6360,9226,,0,0
6360,9240,,0,0
6360,9241,G4,1,1
6360,9242,"C8,G4",2,2
6360,9244,G4,1,1
6360,9255,G4,1,1
6360,9267,G4,1,1
6360,9295,G4,1,1
6360,9304,,0,0
6360,9709,G4,1,1
6360,9710,G4,1,1
6360,9746,G4,1,1
6360,9755,G4,1,1
6360,9772,G4,1,1
6360,9783,"B8,G4",2,2
6360,9790,G4,1,1
6360,9809,G4,1,1
6360,9834,G4,1,1
6360,9838,G4,1,1
6360,9882,G4,1,1
6360,9912,G4,1,1
6360,9957,G4,1,1
6360,9958,G4,1,1
6361,8164,G4,1,1
6361,8167,G4,1,1
6361,8195,"B8,G4",2,2
6361,8210,,0,0
6361,8229,G4,1,1
6361,8235,G4,1,1
6361,8236,G4,1,1
6361,8248,G4,1,1
6361,8412,"B8,G4",2,2
6361,8639,G4,1,1
6361,8658,G4,1,1
6361,8674,G4,1,1
6361,8731,G4,1,1
6361,8741,G4,1,1
6361,8772,"B8,G4",2,2
6361,8782,G4,1,1
6361,8800,G4,1,1
6361,9212,G4,1,1
6361,9243,,0,0
6361,9250,G4,1,1
6361,9303,"G4,H1",2,2
6361,9310,G4,1,1
6361,9671,G4,1,1
6361,9673,G4,1,1
6361,9735,G4,1,1
6361,9736,G4,1,1
6361,9739,G4,1,1
6361,9753,G4,1,1
6361,9777,G4,1,1
6361,9780,G4,1,1
6361,9826,G4,1,1
6361,9841,G4,1,1
6361,9953,G4,1,1
6361,9954,G4,1,1
6362,2647,,0,0
6362,3615,G4,1,1
6362,4494,G4,1,1
6362,6310,G4,1,1
6362,6376,A3,1,1
6362,6541,G4,1,1
6362,8159,G4,1,1
6362,8171,G4,1,1
6362,8305,G4,1,1
6362,8325,G4,1,1
6362,8403,G4,1,1
6362,8408,G4,1,1
6362,8640,G4,1,1
6362,8643,G4,1,1
6362,8686,G4,1,1
6362,8717,G4,1,1
6362,8726,G4,1,1
6362,8745,G4,1,1
6362,8755,G4,1,1
6362,8760,G4,1,1
6362,8771,G4,1,1
6362,8790,G4,1,1
6362,8804,G4,1,1
6362,9163,G4,1,1
6362,9173,G4,1,1
6362,9193,G4,1,1
6362,9200,G4,1,1
6362,9221,G4,1,1
6362,9224,"B8,G4",2,2
6362,9263,"C8,G4",2,2
6362,9264,G4,1,1
6362,9271,G4,1,1
6362,9278,G4,1,1
6362,9665,G4,1,1
6362,9704,G4,1,1
6362,9744,G4,1,1
6362,9756,G4,1,1
6362,9770,G4,1,1
6362,9799,,0,0
6362,9801,G4,1,1
6362,9812,G4,1,1
6362,9814,G4,1,1
6362,9819,G4,1,1
6362,9897,G4,1,1
6363,1380,G4,1,1
6363,3108,G4,1,1
6363,3956,G4,1,1
6363,3967,G4,1,1
6363,4399,G4,1,1
6363,5210,"C8,G4",2,2
6363,5537,G4,1,1
6363,5646,G4,1,1
6363,7170,G4,1,1
6363,8158,G4,1,1
6363,8197,,0,0
6363,8656,G4,1,1
6363,8669,G4,1,1
6363,8677,,0,0
6363,8735,G4,1,1
6363,8743,G4,1,1
6363,8778,G4,1,1
6363,8809,"B8,G4",2,2
6363,8816,G4,1,1
6363,9147,G4,1,1
6363,9165,G4,1,1
6363,9192,G4,1,1
6363,9199,G4,1,1
6363,9228,G4,1,1
6363,9286,G4,1,1
6363,9290,G4,1,1
6363,9672,"B8,G4",2,2
6363,9680,G4,1,1
6363,9681,G4,1,1
6363,9685,G4,1,1
6363,9692,G4,1,1
6363,9701,"B8,G4",2,2
6363,9705,G4,1,1
6363,9707,G4,1,1
6363,9737,G4,1,1
6363,9742,G4,1,1
6363,9752,G4,1,1
6363,9775,G4,1,1
6363,9776,G4,1,1
6363,9796,G4,1,1
6363,9815,G4,1,1
6363,9816,A3,1,1
6363,9823,G4,1,1
6363,9830,G4,1,1
6363,9840,G4,1,1
6363,9889,G4,1,1
6364,6262,G4,1,1
6364,6308,G4,1,1
6364,8172,G4,1,1
6364,8188,G4,1,1
6364,8189,G4,1,1
6364,8633,G4,1,1
6364,8645,"B8,G4",2,2
6364,8666,G4,1,1
6364,8720,G4,1,1
6364,8739,G4,1,1
6364,8740,G4,1,1
6364,8742,,0,0
6364,8749,G4,1,1
6364,8753,"B8,G4",2,2
6364,8756,G4,1,1
6364,8783,G4,1,1
6364,8784,G4,1,1
6364,8791,G4,1,1
6364,8817,G4,1,1
6364,9131,G4,1,1
6364,9170,G4,1,1
6364,9184,G4,1,1
6364,9196,G4,1,1
6364,9216,"A3,G4",2,2
6364,9232,"C8,G4",2,2
6364,9312,G4,1,1
6364,9668,G4,1,1
6364,9683,G4,1,1
6364,9684,G4,1,1
6364,9738,G4,1,1
6364,9741,G4,1,1
6364,9762,G4,1,1
6364,9779,G4,1,1
6364,9789,,0,0
6364,9807,,0,0
6364,9827,G4,1,1
6364,9832,G4,1,1
6364,9843,G4,1,1
6364,9848,G4,1,1
6364,9849,G4,1,1
6365,1769,G4,1,1
6365,4816,G4,1,1
6365,6303,G4,1,1
6365,8170,G4,1,1
6365,8183,G4,1,1
6365,8184,G4,1,1
6365,8187,"B8,G4",2,2
6365,8192,G4,1,1
6365,8194,G4,1,1
6365,8204,G4,1,1
6365,8217,"A3,G4",2,2
6365,8632,G4,1,1
6365,8653,G4,1,1
6365,8660,G4,1,1
6365,8665,"A3,B8,G4",3,3
6365,8716,G4,1,1
6365,8725,G4,1,1
6365,8748,G4,1,1
6365,8759,G4,1,1
6365,8766,G4,1,1
6365,8777,G4,1,1
6365,8779,G4,1,1
6365,8810,G4,1,1
6365,9164,G4,1,1
6365,9167,G4,1,1
6365,9171,G4,1,1
6365,9201,G4,1,1
6365,9225,G4,1,1
6365,9227,G4,1,1
6365,9270,G4,1,1
6365,9276,G4,1,1
6365,9296,G4,1,1
6365,9301,,0,0
6365,9662,G4,1,1
6365,9669,G4,1,1
6365,9691,G4,1,1
6365,9733,G4,1,1
6365,9743,G4,1,1
6365,9758,G4,1,1
6365,9759,G4,1,1
6365,9763,G4,1,1
6365,9794,G4,1,1
6365,9811,G4,1,1
6365,9833,G4,1,1
6365,9850,G4,1,1
6366,3613,G4,1,1
6366,5457,G4,1,1
6366,8163,"A3,G4",2,2
6366,8168,G4,1,1
6366,8196,G4,1,1
6366,8636,G4,1,1
6366,8647,,0,0
6366,8671,G4,1,1
6366,8688,G4,1,1
6366,8734,G4,1,1
6366,8736,G4,1,1
6366,8747,G4,1,1
6366,8776,G4,1,1
6366,8789,G4,1,1
6366,8797,G4,1,1
6366,8880,G4,1,1
6366,8918,G4,1,1
6366,9137,G4,1,1
6366,9149,G4,1,1
6366,9157,G4,1,1
6366,9160,G4,1,1
6366,9168,G4,1,1
6366,9174,G4,1,1
6366,9176,,0,0
6366,9178,G4,1,1
6366,9180,G4,1,1
6366,9220,G4,1,1
6366,9235,G4,1,1
6366,9246,,0,0
6366,9248,"C8,G4",2,2
6366,9273,G4,1,1
6366,9280,G4,1,1
6366,9690,G4,1,1
6366,9708,G4,1,1
6366,9751,G4,1,1
6366,9760,G4,1,1
6366,9764,G4,1,1
6366,9817,G4,1,1
6366,9824,G4,1,1
6366,9829,G4,1,1
6366,9888,G4,1,1
6366,9895,G4,1,1
6366,9932,,0,0
6367,3566,,0,0
6367,4456,G4,1,1
6367,4552,G4,1,1
6367,5292,G4,1,1
6367,8169,G4,1,1
6367,8180,G4,1,1
6367,8181,G4,1,1
6367,8213,,0,0
6367,8237,G4,1,1
6367,8323,G4,1,1
6367,8391,G4,1,1
6367,8668,G4,1,1
6367,8670,G4,1,1
6367,8729,G4,1,1
6367,8754,G4,1,1
6367,8762,G4,1,1
6367,8786,G4,1,1
6367,8792,G4,1,1
6367,8796,G4,1,1
6367,9198,G4,1,1
6367,9204,G4,1,1
6367,9211,,0,0
6367,9214,,0,0
6367,9219,G4,1,1
6367,9229,G4,1,1
6367,9237,G4,1,1
6367,9274,G4,1,1
6367,9313,G4,1,1
6367,9675,,0,0
6367,9700,G4,1,1
6367,9703,G4,1,1
6367,9769,G4,1,1
6367,9781,G4,1,1
6367,9782,,0,0
6367,9787,G4,1,1
6367,9791,G4,1,1
6367,9798,G4,1,1
6367,9828,G4,1,1
6367,9880,G4,1,1
6367,9890,G4,1,1
6367,9940,G4,1,1
6367,9955,G4,1,1
6367,9956,"B8,G4",2,2
6367,9959,G4,1,1
6371,3454,B8,1,1
6371,4456,A5,1,1
6371,6262,G4,1,1
6371,8159,"B8,G4",2,2
6371,8163,G4,1,1
6371,8168,G4,1,1
6371,8172,"A3,G4",2,2
6371,8186,G4,1,1
6371,8187,"B8,B9,G4",3,2
6371,8196,G4,1,1
6371,8210,G4,1,1
6371,8247,G4,1,1
6371,8414,G4,1,1
6371,8632,"A3,B8,G4",3,3
6371,8633,"A3,G4",2,2
6371,8660,,0,0
6371,8665,G4,1,1
6371,8667,G4,1,1
6371,8679,"B8,B9,G4",3,2
6371,8721,G4,1,1
6371,8732,"B8,G4",2,2
6371,8733,"B8,G4",2,2
6371,8749,G4,1,1
6371,8756,G4,1,1
6371,8762,"A3,G4",2,2
6371,8783,,0,0
6371,8834,G4,1,1
6371,8889,G4,1,1
6371,9170,G4,1,1
6371,9189,G4,1,1
6371,9193,G4,1,1
6371,9224,G4,1,1
6371,9279,,0,0
6371,9686,G4,1,1
6371,9745,G4,1,1
6371,9746,G4,1,1
6371,9760,"A3,G4",2,2
6371,9762,G4,1,1
6371,9777,,0,0
6371,9779,G4,1,1
6371,9790,"B8,G4",2,2
6371,9794,G4,1,1
6371,9819,,0,0
6371,9826,,0,0
6371,9840,G4,1,1
6371,9841,G4,1,1
6371,9849,,0,0
6371,9876,,0,0
6371,9882,,0,0
6371,9912,"B8,G4",2,2
6372,3613,B8,1,1
6372,8159,"B8,G4",2,2
6372,8192,"B8,G4",2,2
6372,8196,"B8,G4",2,2
6372,8321,"A3,B8,G4",3,3
6372,8807,G4,1,1
6372,9171,B8,1,1
6372,9176,B8,1,1
6372,9178,"B8,G4",2,2
6372,9191,"B8,G4",2,2
6372,9209,B8,1,1
6372,9224,"A3,B8",2,2
6372,9240,B8,1,1
6372,9271,"B8,G4",2,2
6372,9276,"B8,G4",2,2
6372,9301,G4,1,1
6372,9663,"A3,B8,G4",3,3
6372,9746,"B8,G4",2,2
6372,9777,B8,1,1
6372,9780,B8,1,1
6372,9811,"B8,G4",2,2
6372,9833,"B8,G4",2,2
6372,9958,B8,1,1
6373,4552,B8,1,1
6373,8164,"B8,G4",2,2
6373,8188,"B8,G4",2,2
6373,8213,B8,1,1
6373,8391,"B8,G4",2,2
6373,8414,"B8,G4",2,2
6373,8880,"B8,G4",2,2
6373,9200,"B8,G4",2,2
6373,9216,B8,1,1
6373,9217,B8,1,1
6373,9234,B8,1,1
6373,9243,G4,1,1
6373,9252,"B8,G4",2,2
6373,9264,"B8,G4",2,2
6373,9272,"B8,G4",2,2
6373,9279,G4,1,1
6373,9286,"B8,G4",2,2
6373,9680,"B8,H1",2,2
6373,9710,"B8,G4",2,2
6373,9735,"B8,G4",2,2
6373,9743,"B8,G4",2,2
6373,9753,B8,1,1
6373,9754,B8,1,1
6373,9759,B8,1,1
6373,9775,"B8,G4",2,2
6373,9776,B8,1,1
6373,9850,"B8,G4",2,2
6373,9876,B8,1,1
6373,9890,"B8,G4",2,2
6374,5292,B8,1,1
6374,8160,"B8,G4",2,2
6374,8189,"B8,G4",2,2
6374,8195,"B8,G4",2,2
6374,8204,"B8,G4",2,2
6374,8248,"B8,G4",2,2
6374,9170,B8,1,1
6374,9192,"B8,G4",2,2
6374,9226,B8,1,1
6374,9235,B8,1,1
6374,9244,"A3,B8,G4",3,3
6374,9255,"B8,G4",2,2
6374,9269,"B8,G4",2,2
6374,9278,B8,1,1
6374,9312,"B8,G4",2,2
6374,9668,B8,1,1
6374,9684,"B8,G4",2,2
6374,9701,B8,1,1
6374,9703,"B8,G4",2,2
6374,9756,B8,1,1
6374,9758,"B8,G4",2,2
6374,9763,B8,1,1
6374,9771,"B8,G4",2,2
6374,9779,"B8,G4",2,2
6374,9785,"B8,G4",2,2
6374,9786,B8,1,1
6374,9788,B8,1,1
6374,9789,"B8,G4",2,2
6374,9790,B8,1,1
6374,9801,B8,1,1
6374,9802,"B8,G4",2,2
6374,9828,"B8,G4",2,2
6374,9829,"A3,B8,G4",3,3
6374,9871,"B8,G4",2,2
6374,9888,"B8,G4",2,2
6374,9889,"B8,G4",2,2
6374,9932,B8,1,1
6374,9953,B8,1,1
6375,3615,B8,1,1
6375,4494,B8,1,1
6375,5210,B8,1,1
6375,5699,,0,0
6375,8168,G4,1,1
6375,9173,B8,1,1
6375,9186,B8,1,1
6375,9199,"A3,B8,G4",3,3
6375,9225,"A3,B8,H1",3,3
6375,9232,,0,0
6375,9236,B8,1,1
6375,9248,"B8,G4",2,2
6375,9267,B8,1,1
6375,9310,"B8,G4",2,2
6375,9662,"B8,G4",2,2
6375,9672,B8,1,1
6375,9691,"B8,G4",2,2
6375,9751,"B8,G4",2,2
6375,9752,B8,1,1
6375,9774,"B8,G4",2,2
6375,9778,B8,1,1
6375,9817,B8,1,1
6375,9827,"B8,G4",2,2
6375,9834,B8,1,1
6375,9954,B8,1,1
6375,9955,"B8,G4",2,2
6376,4815,,0,0
6376,6124,"B8,G4",2,2
6376,6262,B8,1,1
6376,6303,B8,1,1
6376,6308,B8,1,1
6376,8193,"B8,G4",2,2
6376,8197,B8,1,1
6376,8235,"B8,G4",2,2
6376,8247,"B8,G4",2,2
6376,8305,"B8,G4",2,2
6376,8412,"A3,B8",2,2
6376,9147,B8,1,1
6376,9180,B8,1,1
6376,9198,"B8,G4",2,2
6376,9201,"B8,C8,G4",3,3
6376,9227,"B8,G4",2,2
6376,9233,"B8,G4",2,2
6376,9295,"B8,G4",2,2
6376,9678,"B8,G4",2,2
6376,9706,"B8,G4",2,2
6376,9791,"B8,G4",2,2
6376,9795,B8,1,1
6376,9799,"B8,G4",2,2
6376,9824,"A3,B8",2,2
6376,9848,B8,1,1
6376,9959,B8,1,1
6377,3964,B8,1,1
6377,4456,B8,1,1
6377,4816,B8,1,1
6377,8201,"B8,G4",2,2
6377,9131,"B8,G4",2,2
6377,9167,"B8,G4",2,2
6377,9175,B8,1,1
6377,9184,B8,1,1
6377,9193,"B8,G4",2,2
6377,9204,G4,1,1
6377,9220,"B8,G4",2,2
6377,9263,"B8,G4",2,2
6377,9313,B8,1,1
6377,9666,B8,1,1
6377,9669,"B8,G4",2,2
6377,9676,B8,1,1
6377,9681,"B8,G4",2,2
6377,9682,"B8,C8,G4",3,3
6377,9737,"B8,G4",2,2
6377,9738,B8,1,1
6377,9742,"B8,G4",2,2
6377,9762,B8,1,1
6377,9773,B8,1,1
6377,9796,B8,1,1
6377,9812,"B8,G4",2,2
6377,9815,"B8,G4",2,2
6377,9821,"B8,G4",2,2
6377,9822,"B8,G4",2,2
6377,9826,"B8,G4",2,2
6377,9832,"B8,G4",2,2
6377,9956,"B8,G4",2,2
6378,1380,A3,1,1
6378,1769,B8,1,1
6378,3590,B8,1,1
6378,8167,"B8,G4",2,2
6378,8181,"B8,G4",2,2
6378,8183,"B8,G4",2,2
6378,8184,"B8,G4",2,2
6378,8186,"B8,G4",2,2
6378,8194,"B8,G4",2,2
6378,8227,B8,1,1
6378,9137,B8,1,1
6378,9149,B8,1,1
6378,9196,"B8,G4",2,2
6378,9205,B8,1,1
6378,9211,B8,1,1
6378,9221,B8,1,1
6378,9237,"B8,G4",2,2
6378,9274,"B8,G4",2,2
6378,9705,"B8,G4",2,2
6378,9739,B8,1,1
6378,9744,"B8,G4",2,2
6378,9770,"B8,G4",2,2
6378,9819,"B8,G4",2,2
6378,9823,B8,1,1
6378,9843,G4,1,1
6378,9880,B8,1,1
6379,3956,"B8,G4",2,2
6379,6310,B8,1,1
6379,8207,"B8,G4",2,2
6379,8210,G4,1,1
6379,8237,B8,1,1
6379,8300,B8,1,1
6379,8403,"B8,G4",2,2
6379,9157,B8,1,1
6379,9168,B8,1,1
6379,9189,B8,1,1
6379,9212,"B8,G4",2,2
6379,9219,"B8,G4",2,2
6379,9241,"B8,G4",2,2
6379,9242,"B8,G4",2,2
6379,9270,"B8,G4",2,2
6379,9273,B8,1,1
6379,9675,"B8,G4",2,2
6379,9760,"B8,G4",2,2
6379,9781,B8,1,1
6379,9787,B8,1,1
6379,9806,B8,1,1
6379,9807,B8,1,1
6379,9814,"B8,G4",2,2
6379,9818,B8,1,1
6379,9830,"B8,G4",2,2
6380,3967,"B8,G4",2,2
6380,4399,B8,1,1
6380,5605,B8,1,1
6380,8158,"B8,G4",2,2
6380,8170,"B8,G4",2,2
6380,8171,"B8,G4",2,2
6380,8172,"B8,G4",2,2
6380,8187,"B8,G4",2,2
6380,8244,B8,1,1
6380,9164,"B8,G4",2,2
6380,9165,"A3,B8",2,2
6380,9228,G4,1,1
6380,9229,"B8,G4",2,2
6380,9280,G4,1,1
6380,9290,G4,1,1
6380,9303,,0,0
6380,9671,B8,1,1
6380,9673,B8,1,1
6380,9683,"B8,G4",2,2
6380,9686,"A3,B8,G4",3,3
6380,9688,"B8,G4",2,2
6380,9708,"B8,G4",2,2
6380,9709,"B8,G4",2,2
6380,9736,B8,1,1
6380,9741,"B8,G4",2,2
6380,9772,B8,1,1
6380,9782,B8,1,1
6380,9794,"B8,G4",2,2
6380,9836,,0,0
6380,9841,"B8,G4",2,2
6380,9897,B8,1,1
6380,9912,"B8,G4",2,2
6381,4282,"A4,B8,G4",3,3
6381,8163,"B8,G4",2,2
6381,8169,"B8,G4",2,2
6381,8323,B8,1,1
6381,8408,B8,1,1
6381,8409,B8,1,1
6381,9160,"B8,G4",2,2
6381,9163,B8,1,1
6381,9194,"B8,G4",2,2
6381,9246,B8,1,1
6381,9296,"B8,G4",2,2
6381,9665,B8,1,1
6381,9685,"B8,G4",2,2
6381,9690,"B8,G4",2,2
6381,9700,G4,1,1
6381,9704,"A3,B8,G4",3,3
6381,9745,"B8,G4",2,2
6381,9769,B8,1,1
6381,9783,"A3,B8,G4",3,3
6381,9798,"B8,G4",2,2
6381,9838,"B8,G4",2,2
6381,9840,"B8,G4",2,2
6381,9882,B8,1,1
6381,9895,"B8,G4",2,2
6381,9952,"B8,G4",2,2
6382,1769,G4,1,1
6382,3108,,0,0
6382,3413,,0,0
6382,3590,B8,1,1
6382,3964,G4,1,1
6382,4399,,0,0
6382,4815,,0,0
6382,8167,G4,1,1
6382,8183,"B8,B9,G4",3,2
6382,8189,G4,1,1
6382,8244,"B8,G4",2,2
6382,8644,G4,1,1
6382,8645,"B8,G4",2,2
6382,8646,G4,1,1
6382,8723,G4,1,1
6382,8735,G4,1,1
6382,8745,G4,1,1
6382,8747,"C8,G4",2,2
6382,8750,"C8,G4",2,2
6382,8790,G4,1,1
6382,9157,,0,0
6382,9160,"B8,G4",2,2
6382,9174,,0,0
6382,9198,G4,1,1
6382,9209,,0,0
6382,9217,B8,1,1
6382,9219,G4,1,1
6382,9225,B8,1,1
6382,9244,G4,1,1
6382,9270,G4,1,1
6382,9273,,0,0
6382,9290,,0,0
6382,9296,,0,0
6382,9301,G4,1,1
6382,9665,G4,1,1
6382,9669,G4,1,1
6382,9672,G4,1,1
6382,9683,G4,1,1
6382,9742,G4,1,1
6382,9812,G4,1,1
6382,9815,G4,1,1
6382,9836,G4,1,1
6382,9850,"B8,G4",2,2
6382,9932,,0,0
6382,9952,"A3,G4",2,2
6391,4552,,0,0
6391,4816,,0,0
6391,6310,,0,0
6391,8164,G4,1,1
6391,8170,G4,1,1
6391,8739,"B8,C8,G4",3,3
6391,8743,"B8,G4",2,2
6391,8746,G4,1,1
6391,8753,"A3,G4",2,2
6391,8759,"B8,G4",2,2
6391,8779,G4,1,1
6391,8791,"A3,G4",2,2
6391,8797,G4,1,1
6391,8807,G4,1,1
6391,9171,G4,1,1
6391,9191,G4,1,1
6391,9205,G4,1,1
6391,9233,,0,0
6391,9242,G4,1,1
6391,9248,G4,1,1
6391,9263,G4,1,1
6391,9271,G4,1,1
6391,9671,"B8,G4",2,2
6391,9675,G4,1,1
6391,9682,"C8,G4",2,2
6391,9684,,0,0
6391,9705,"A3,G4",2,2
6391,9706,,0,0
6391,9710,,0,0
6391,9741,G4,1,1
6391,9771,,0,0
6391,9780,,0,0
6391,9785,,0,0
6391,9787,,0,0
6391,9818,G4,1,1
6391,9833,G4,1,1
6391,9843,G4,1,1
6391,9880,,0,0
6391,9953,G4,1,1
6391,9954,G4,1,1
6391,9955,G4,1,1
6393,3615,,0,0
6393,5646,"B8,G4",2,2
6393,8158,G4,1,1
6393,8171,"B8,G4",2,2
6393,8195,"B8,B9,G4",3,2
6393,8213,"B8,B9",2,1
6393,8229,,0,0
6393,8235,G4,1,1
6393,8408,"B8,G4",2,2
6393,8727,"C8,G4",2,2
6393,8734,"B8,C8,G4",3,3
6393,8738,G4,1,1
6393,8755,"B8,G4",2,2
6393,8771,G4,1,1
6393,8789,G4,1,1
6393,8816,G4,1,1
6393,9137,G4,1,1
6393,9149,"A3,G4,H1",3,3
6393,9164,"G4,H1",2,2
6393,9192,,0,0
6393,9196,G4,1,1
6393,9201,"B8,C8,G4",3,3
6393,9227,G4,1,1
6393,9228,G4,1,1
6393,9252,G4,1,1
6393,9676,,0,0
6393,9708,G4,1,1
6393,9736,G4,1,1
6393,9756,B8,1,1
6393,9778,,0,0
6393,9795,G4,1,1
6393,9817,,0,0
6393,9848,H1,1,1
6393,9890,"A3,G4",2,2
6393,9959,G4,1,1
6394,3613,,0,0
6394,4282,G4,1,1
6394,5210,,0,0
6394,6308,,0,0
6394,8201,"B8,G4",2,2
6394,8227,,0,0
6394,8300,G4,1,1
6394,8663,"B8,G4",2,2
6394,8688,,0,0
6394,8720,G4,1,1
6394,8742,"B8,G4",2,2
6394,8772,G4,1,1
6394,8777,"C8,G4",2,2
6394,8828,"B8,C8,G4",3,3
6394,8835,"A3,G4",2,2
6394,8880,G4,1,1
6394,9176,,0,0
6394,9186,,0,0
6394,9194,G4,1,1
6394,9199,"B8,G4",2,2
6394,9200,G4,1,1
6394,9204,G4,1,1
6394,9229,G4,1,1
6394,9234,G4,1,1
6394,9255,G4,1,1
6394,9264,G4,1,1
6394,9295,"B4,B8,G4",3,2
6394,9737,G4,1,1
6394,9738,G4,1,1
6394,9770,G4,1,1
6394,9788,A3,1,1
6394,9789,,0,0
6394,9806,,0,0
6394,9823,B8,1,1
6394,9830,,0,0
6396,2647,,0,0
6396,3566,,0,0
6396,3956,G4,1,1
6396,5699,,0,0
6396,8192,G4,1,1
6396,8204,"B11,B8",2,1
6396,8653,"A3,G4",2,2
6396,8664,"B8,G4",2,2
6396,8670,C8,1,1
6396,8715,G4,1,1
6396,8725,G4,1,1
6396,8726,G4,1,1
6396,8730,G4,1,1
6396,8736,"C8,G4",2,2
6396,8752,G4,1,1
6396,8754,G4,1,1
6396,8764,G4,1,1
6396,8767,G4,1,1
6396,8780,G4,1,1
6396,8782,"C8,G4",2,2
6396,8784,G4,1,1
6396,8918,"B8,G4",2,2
6396,9165,G4,1,1
6396,9173,,0,0
6396,9175,G4,1,1
6396,9220,H1,1,1
6396,9236,,0,0
6396,9241,G4,1,1
6396,9276,"G4,H1",2,2
6396,9303,,0,0
6396,9310,"A3,G4",2,2
6396,9681,"A3,G4",2,2
6396,9691,"A3,G4,H1",3,3
6396,9703,G4,1,1
6396,9753,G4,1,1
6396,9763,,0,0
6396,9773,H1,1,1
6396,9791,G4,1,1
6396,9801,G4,1,1
6396,9807,,0,0
6396,9871,"C8,G4",2,2
6466,8632,G4,1,1
6466,8638,,0,0
6466,8646,,0,0
6466,8663,,0,0
6466,8671,G4,1,1
6466,8680,"A3,G4",2,2
6466,8720,,0,0
6466,8726,,0,0
6466,8732,,0,0
6466,8736,G4,1,1
6466,8762,G4,1,1
6466,8793,G4,1,1
6466,8794,,0,0
6466,8798,G4,1,1
6466,8801,,0,0
6466,8816,,0,0
6468,2068,,0,0
6468,3108,,0,0
6468,6310,,0,0
6468,8645,G4,1,1
6468,8647,A5,1,1
6468,8664,G4,1,1
6468,8665,G4,1,1
6468,8681,,0,0
6468,8756,,0,0
6468,8780,,0,0
6468,8787,G4,1,1
6468,8830,,0,0
6468,8874,,0,0
6468,8880,G4,1,1
6468,8886,,0,0
6468,9137,,0,0
6468,9159,A3,1,1
6468,9166,,0,0
6468,9170,G4,1,1
6468,9171,,0,0
6468,9178,,0,0
6468,9199,,0,0
6469,1380,,0,0
6469,3566,,0,0
6469,5065,,0,0
6469,5537,,0,0
6469,8637,G4,1,1
6469,8677,,0,0
6469,8733,,0,0
6469,8734,,0,0
6469,8735,,0,0
6469,8742,,0,0
6469,8754,,0,0
6469,8758,,0,0
6469,8772,G4,1,1
6469,8777,,0,0
6469,8783,,0,0
6469,8834,,0,0
6469,8873,G4,1,1
6469,8876,,0,0
6469,8878,,0,0
6469,9157,,0,0
6469,9182,,0,0
6469,9196,,0,0
6469,9201,G4,1,1
6469,9214,,0,0
6469,9224,,0,0
6469,9227,G4,1,1
6469,9254,,0,0
6469,9269,,0,0
6469,9274,,0,0
6469,9280,,0,0
6469,9286,G4,1,1
6469,9313,G4,1,1
6469,9664,,0,0
6469,9672,,0,0
6469,9741,G4,1,1
6469,9745,G4,1,1
6469,9754,,0,0
6469,9758,G4,1,1
6469,9770,,0,0
6469,9776,,0,0
6469,9781,,0,0
6469,9794,,0,0
6469,9796,,0,0
6469,9798,,0,0
6469,9817,,0,0
6469,9819,G4,1,1
6469,9822,G4,1,1
6469,9834,G4,1,1
6469,9880,,0,0
6470,8636,,0,0
6470,8687,,0,0
6470,8688,G4,1,1
6470,8729,,0,0
6470,8731,G4,1,1
6470,8759,,0,0
6470,8779,,0,0
6470,8792,,0,0
6470,8795,,0,0
6470,8799,,0,0
6470,8804,,0,0
6470,9163,,0,0
6470,9225,,0,0
6470,9234,,0,0
6470,9235,,0,0
6470,9237,G4,1,1
6470,9248,,0,0
6470,9301,,0,0
6470,9671,,0,0
6470,9703,,0,0
6470,9707,,0,0
6470,9708,G4,1,1
6470,9709,,0,0
6470,9710,,0,0
6470,9744,G4,1,1
6470,9753,,0,0
6470,9756,,0,0
6470,9757,G4,1,1
6470,9759,G4,1,1
6470,9764,G4,1,1
6470,9769,,0,0
6470,9775,G4,1,1
6470,9785,,0,0
6470,9807,,0,0
6470,9830,,0,0
6470,9876,,0,0
6471,2647,,0,0
6471,7782,G4,1,1
6471,8668,G4,1,1
6471,8685,,0,0
6471,8715,G4,1,1
6471,8725,,0,0
6471,8739,,0,0
6471,8747,,0,0
6471,8771,G4,1,1
6471,8785,G4,1,1
6471,8789,,0,0
6471,8790,G4,1,1
6471,9149,,0,0
6471,9164,G4,1,1
6471,9169,G4,1,1
6471,9186,,0,0
6471,9194,G4,1,1
6471,9202,,0,0
6471,9211,,0,0
6471,9244,,0,0
6471,9272,G4,1,1
6471,9306,G4,1,1
6471,9665,,0,0
6471,9666,,0,0
6471,9673,,0,0
6471,9734,,0,0
6471,9735,G4,1,1
6471,9739,,0,0
6471,9747,G4,1,1
6471,9767,G4,1,1
6471,9773,,0,0
6471,9777,,0,0
6471,9786,,0,0
6471,9787,,0,0
6471,9797,,0,0
6471,9832,G4,1,1
6471,9836,,0,0
6471,9842,,0,0
6471,9843,,0,0
6471,9848,,0,0
6471,9871,,0,0
6471,9888,,0,0
6472,3454,G4,1,1
6472,5699,,0,0
6472,5737,,0,0
6472,6541,,0,0
6472,7223,,0,0
6472,8686,G4,1,1
6472,8721,G4,1,1
6472,8728,"A3,G4",2,2
6472,8741,,0,0
6472,8755,G4,1,1
6472,8805,,0,0
6472,8807,,0,0
6472,8820,,0,0
6472,8887,,0,0
6472,9173,,0,0
6472,9175,,0,0
6472,9191,G4,1,1
6472,9192,,0,0
6472,9209,,0,0
6472,9217,,0,0
6472,9221,,0,0
6472,9223,,0,0
6472,9232,,0,0
6472,9267,,0,0
6472,9663,,0,0
6472,9706,,0,0
6472,9733,,0,0
6472,9737,G4,1,1
6472,9742,,0,0
6472,9763,G4,1,1
6472,9772,,0,0
6472,9774,,0,0
6472,9779,G4,1,1
6472,9783,G4,1,1
6472,9791,,0,0
6472,9806,G4,1,1
6472,9812,,0,0
6472,9813,,0,0
6472,9815,,0,0
6472,9826,,0,0
6472,9828,G4,1,1
6472,9831,G4,1,1
6473,4815,,0,0
6473,5646,G4,1,1
6473,6308,,0,0
6473,6903,G4,1,1
6473,8629,G4,1,1
6473,8634,,0,0
6473,8635,,0,0
6473,8640,,0,0
6473,8643,G4,1,1
6473,8653,,0,0
6473,8658,G4,1,1
6473,8659,,0,0
6473,8661,G4,1,1
6473,8669,G4,1,1
6473,8689,G4,1,1
6473,8717,G4,1,1
6473,8722,,0,0
6473,8723,G4,1,1
6473,8737,G4,1,1
6473,8750,G4,1,1
6473,8753,,0,0
6473,8760,,0,0
6473,9147,,0,0
6473,9161,,0,0
6473,9174,,0,0
6473,9180,,0,0
6473,9189,G4,1,1
6473,9200,G4,1,1
6473,9219,G4,1,1
6473,9220,,0,0
6473,9250,,0,0
6473,9255,G4,1,1
6473,9271,,0,0
6473,9278,G4,1,1
6473,9296,,0,0
6473,9662,,0,0
6473,9670,,0,0
6473,9705,,0,0
6473,9751,,0,0
6473,9780,,0,0
6473,9782,,0,0
6473,9793,G4,1,1
6473,9814,G4,1,1
6473,9816,,0,0
6473,9818,G4,1,1
6473,9820,G4,1,1
6473,9823,,0,0
6473,9840,G4,1,1
6473,9881,,0,0
6474,3413,G4,1,1
6474,3613,,0,0
6474,3967,G4,1,1
6474,4456,,0,0
6474,4494,,0,0
6474,5482,G4,1,1
6474,6303,,0,0
6474,8633,,0,0
6474,8644,G4,1,1
6474,8651,G4,1,1
6474,8662,,0,0
6474,8744,A3,1,1
6474,8776,,0,0
6474,8797,G4,1,1
6474,8835,,0,0
6474,8875,G4,1,1
6474,9162,,0,0
6474,9165,G4,1,1
6474,9167,,0,0
6474,9168,G4,1,1
6474,9193,,0,0
6474,9198,G4,1,1
6474,9204,G4,1,1
6474,9216,G4,1,1
6474,9273,,0,0
6474,9298,,0,0
6474,9668,,0,0
6474,9700,,0,0
6474,9701,,0,0
6474,9704,,0,0
6474,9743,"A3,G4",2,2
6474,9746,G4,1,1
6474,9762,G4,1,1
6474,9788,,0,0
6474,9810,G4,1,1
6474,9827,,0,0
6474,9850,,0,0
6475,4816,,0,0
6475,8641,,0,0
6475,8648,,0,0
6475,8673,,0,0
6475,8674,,0,0
6475,8730,G4,1,1
6475,8746,G4,1,1
6475,8782,,0,0
6475,8786,,0,0
6475,8800,,0,0
6475,8806,G4,1,1
6475,8809,G4,1,1
6475,8810,,0,0
6475,8817,G4,1,1
6475,8828,,0,0
6475,8877,,0,0
6475,9131,,0,0
6475,9158,,0,0
6475,9160,,0,0
6475,9176,,0,0
6475,9184,,0,0
6475,9195,,0,0
6475,9197,G4,1,1
6475,9218,,0,0
6475,9228,,0,0
6475,9229,,0,0
6475,9233,,0,0
6475,9263,,0,0
6475,9264,,0,0
6475,9290,,0,0
6475,9304,,0,0
6475,9312,G4,1,1
6475,9667,,0,0
6475,9669,,0,0
6475,9738,G4,1,1
6475,9752,G4,1,1
6475,9755,,0,0
6475,9760,,0,0
6475,9771,,0,0
6475,9778,H1,1,1
6475,9789,,0,0
6475,9790,,0,0
6475,9799,,0,0
6475,9804,G4,1,1
6475,9808,G4,1,1
6475,9809,G4,1,1
6475,9811,,0,0
6475,9821,,0,0
6475,9829,,0,0
6475,9889,G4,1,1
6476,1380,,0,0
6476,8633,,0,0
6476,8636,,0,0
6476,8671,G4,1,1
6476,8722,,0,0
6476,8728,G4,1,1
6476,8734,,0,0
6476,8755,G4,1,1
6476,8767,G4,1,1
6476,8771,G4,1,1
6476,8778,,0,0
6476,8787,,0,0
6476,8795,G4,1,1
6476,8810,,0,0
6476,8877,,0,0
6476,9159,G4,1,1
6476,9163,,0,0
6476,9167,G4,1,1
6476,9170,,0,0
6476,9176,,0,0
6476,9186,,0,0
6476,9194,G4,1,1
6476,9217,,0,0
6476,9278,G4,1,1
6476,9668,A3,1,1
6476,9743,,0,0
6476,9764,,0,0
6476,9777,G4,1,1
6476,9782,,0,0
6476,9824,G4,1,1
6477,3613,,0,0
6477,4815,,0,0
6477,5065,G4,1,1
6477,8638,,0,0
6477,8647,,0,0
6477,8651,G4,1,1
6477,8653,,0,0
6477,8661,G4,1,1
6477,8668,,0,0
6477,8724,G4,1,1
6477,8727,"A3,G4",2,2
6477,8733,,0,0
6477,8741,,0,0
6477,8742,,0,0
6477,8750,G4,1,1
6477,8766,G4,1,1
6477,8779,,0,0
6477,8790,,0,0
6477,8792,,0,0
6477,8797,G4,1,1
6477,8816,,0,0
6477,8817,G4,1,1
6477,8870,,0,0
6477,9157,,0,0
6477,9160,,0,0
6477,9161,,0,0
6477,9174,,0,0
6477,9184,,0,0
6477,9193,,0,0
6477,9195,G4,1,1
6477,9196,G4,1,1
6477,9205,,0,0
6477,9220,G4,1,1
6477,9233,,0,0
6477,9234,,0,0
6477,9272,G4,1,1
6477,9297,,0,0
6477,9312,,0,0
6477,9700,,0,0
6477,9705,,0,0
6477,9709,G4,1,1
6477,9742,G4,1,1
6477,9745,G4,1,1
6477,9776,G4,1,1
6477,9802,G4,1,1
6477,9806,G4,1,1
6477,9829,G4,1,1
6477,9836,,0,0
6478,2068,,0,0
6478,2647,,0,0
6478,3108,,0,0
6478,8656,,0,0
6478,8662,,0,0
6478,8665,G4,1,1
6478,8674,G4,1,1
6478,8675,G4,1,1
6478,8677,,0,0
6478,8688,G4,1,1
6478,8729,G4,1,1
6478,8738,G4,1,1
6478,8743,G4,1,1
6478,8748,,0,0
6478,8784,G4,1,1
6478,8785,A3,1,1
6478,8807,,0,0
6478,8809,G4,1,1
6478,8834,,0,0
6478,8873,G4,1,1
6478,9166,,0,0
6478,9169,G4,1,1
6478,9198,G4,1,1
6478,9202,G4,1,1
6478,9214,,0,0
6478,9216,,0,0
6478,9235,,0,0
6478,9273,,0,0
6478,9275,A3,1,1
6478,9276,A3,1,1
6478,9662,,0,0
6478,9785,,0,0
6478,9787,,0,0
6478,9808,G4,1,1
6478,9812,,0,0
6478,9820,,0,0
6478,9848,,0,0
6479,5087,"A3,A5,G4",3,2
6479,5646,G4,1,1
6479,8632,,0,0
6479,8635,,0,0
6479,8637,,0,0
6479,8643,,0,0
6479,8689,,0,0
6479,8716,G4,1,1
6479,8723,G4,1,1
6479,8730,G4,1,1
6479,8732,,0,0
6479,8772,,0,0
6479,8777,G4,1,1
6479,8799,,0,0
6479,8820,G4,1,1
6479,8876,,0,0
6479,8887,,0,0
6479,9168,G4,1,1
6479,9206,A3,1,1
6479,9215,,0,0
6479,9236,A3,1,1
6479,9250,,0,0
6479,9271,,0,0
6479,9280,,0,0
6479,9290,,0,0
6479,9664,,0,0
6479,9665,"A3,G4",2,2
6479,9672,,0,0
6479,9704,G4,1,1
6479,9708,,0,0
6479,9751,G4,1,1
6479,9752,G4,1,1
6479,9759,G4,1,1
6479,9770,G4,1,1
6479,9772,,0,0
6479,9797,G4,1,1
6479,9799,G4,1,1
6479,9809,G4,1,1
6479,9827,,0,0
6479,9828,G4,1,1
6479,9831,G4,1,1
6479,9843,,0,0
6479,9880,,0,0
6479,9888,,0,0
6480,7782,G4,1,1
6480,8629,,0,0
6480,8667,G4,1,1
6480,8673,,0,0
6480,8744,,0,0
6480,8780,,0,0
6480,8783,,0,0
6480,8805,,0,0
6480,8835,,0,0
6480,8889,,0,0
6480,9147,,0,0
6480,9164,"A3,G4",2,2
6480,9197,G4,1,1
6480,9219,G4,1,1
6480,9221,,0,0
6480,9223,,0,0
6480,9248,,0,0
6480,9269,,0,0
6480,9306,"A3,G4",2,2
6480,9669,,0,0
6480,9671,G4,1,1
6480,9711,,0,0
6480,9739,,0,0
6480,9746,G4,1,1
6480,9754,,0,0
6480,9755,,0,0
6480,9769,A3,1,1
6480,9771,,0,0
6480,9779,,0,0
6480,9793,G4,1,1
6480,9815,,0,0
6480,9821,,0,0
6480,9823,G4,1,1
6480,9830,G4,1,1
6480,9850,,0,0
6481,3413,G4,1,1
6481,3454,,0,0
6481,4494,,0,0
6481,6308,,0,0
6481,8640,,0,0
6481,8645,G4,1,1
6481,8658,G4,1,1
6481,8664,G4,1,1
6481,8669,G4,1,1
6481,8686,,0,0
6481,8725,G4,1,1
6481,8739,,0,0
6481,8758,,0,0
6481,8759,,0,0
6481,8869,,0,0
6481,8874,,0,0
6481,8878,,0,0
6481,9149,,0,0
6481,9165,G4,1,1
6481,9182,,0,0
6481,9189,G4,1,1
6481,9225,G4,1,1
6481,9229,,0,0
6481,9254,,0,0
6481,9289,,0,0
6481,9670,,0,0
6481,9706,,0,0
6481,9737,,0,0
6481,9741,G4,1,1
6481,9757,G4,1,1
6481,9758,G4,1,1
6481,9781,G4,1,1
6481,9790,,0,0
6481,9798,G4,1,1
6481,9807,,0,0
6481,9813,,0,0
6481,9816,G4,1,1
6481,9834,G4,1,1
6481,9889,G4,1,1
6482,6541,,0,0
6482,7223,,0,0
6482,8670,,0,0
6482,8681,,0,0
6482,8685,,0,0
6482,8731,G4,1,1
6482,8735,G4,1,1
6482,8737,G4,1,1
6482,8740,G4,1,1
6482,8789,G4,1,1
6482,8794,,0,0
6482,8800,G4,1,1
6482,8808,,0,0
6482,8875,G4,1,1
6482,9131,,0,0
6482,9162,,0,0
6482,9173,,0,0
6482,9192,,0,0
6482,9200,G4,1,1
6482,9212,,0,0
6482,9228,,0,0
6482,9255,,0,0
6482,9296,,0,0
6482,9304,,0,0
6482,9663,,0,0
6482,9753,,0,0
6482,9760,G4,1,1
6482,9774,,0,0
6482,9791,,0,0
6482,9796,G4,1,1
6482,9804,G4,1,1
6482,9810,,0,0
6482,9871,,0,0
6482,9881,G4,1,1
6483,3967,,0,0
6483,4816,,0,0
6483,5537,,0,0
6483,6310,,0,0
6483,8634,,0,0
6483,8639,,0,0
6483,8646,G4,1,1
6483,8715,,0,0
6483,8720,G4,1,1
6483,8736,G4,1,1
6483,8746,,0,0
6483,8753,,0,0
6483,8782,,0,0
6483,8786,,0,0
6483,8788,,0,0
6483,8804,,0,0
6483,8818,"A3,G4",2,2
6483,9171,,0,0
6483,9175,,0,0
6483,9178,G4,1,1
6483,9179,,0,0
6483,9180,,0,0
6483,9191,G4,1,1
6483,9199,,0,0
6483,9201,G4,1,1
6483,9224,G4,1,1
6483,9226,,0,0
6483,9227,,0,0
6483,9263,,0,0
6483,9264,,0,0
6483,9274,,0,0
6483,9313,,0,0
6483,9710,,0,0
6483,9738,,0,0
6483,9744,G4,1,1
6483,9747,,0,0
6483,9763,,0,0
6483,9775,,0,0
6483,9786,,0,0
6483,9788,,0,0
6483,9789,,0,0
6483,9794,G4,1,1
6483,9842,,0,0
6484,4456,,0,0
6484,5699,,0,0
6484,6903,,0,0
6484,8663,,0,0
6484,8687,,0,0
6484,8726,,0,0
6484,8756,,0,0
6484,8791,G4,1,1
6484,8796,,0,0
6484,8806,,0,0
6484,8828,,0,0
6484,8830,,0,0
6484,9158,,0,0
6484,9218,,0,0
6484,9232,,0,0
6484,9267,,0,0
6484,9301,G4,1,1
6484,9666,,0,0
6484,9667,,0,0
6484,9701,,0,0
6484,9733,,0,0
6484,9734,,0,0
6484,9735,G4,1,1
6484,9756,,0,0
6484,9762,,0,0
6484,9767,G4,1,1
6484,9773,G4,1,1
6484,9778,,0,0
6484,9801,G4,1,1
6484,9817,,0,0
6484,9822,G4,1,1
6484,9832,G4,1,1
6484,9840,G4,1,1
6485,3566,,0,0
6485,5482,,0,0
6485,5737,,0,0
6485,6303,,0,0
6485,8641,G4,1,1
6485,8644,G4,1,1
6485,8648,,0,0
6485,8655,,0,0
6485,8657,G4,1,1
6485,8659,,0,0
6485,8679,G4,1,1
6485,8717,G4,1,1
6485,8721,G4,1,1
6485,8749,G4,1,1
6485,8757,"A3,G4",2,2
6485,8760,,0,0
6485,8762,,0,0
6485,8764,G4,1,1
6485,8776,G4,1,1
6485,8880,G4,1,1
6485,8886,,0,0
6485,9137,,0,0
6485,9204,G4,1,1
6485,9209,,0,0
6485,9211,,0,0
6485,9237,G4,1,1
6485,9241,A3,1,1
6485,9244,,0,0
6485,9286,,0,0
6485,9673,,0,0
6485,9703,,0,0
6485,9780,G4,1,1
6485,9783,G4,1,1
6485,9811,A3,1,1
6485,9814,G4,1,1
6485,9818,,0,0
6485,9819,,0,0
6485,9826,,0,0
6485,9876,G4,1,1
6506,8635,H1,1,1
6506,8645,G4,1,1
6506,8648,B8,1,1
6506,8720,G4,1,1
6506,8730,G4,1,1
6506,8731,G4,1,1
6506,8733,B8,1,1
6506,8741,H1,1,1
6506,8744,G4,1,1
6506,8750,G4,1,1
6506,8756,,0,0
6506,8779,G4,1,1
6506,8780,,0,0
6506,8783,B8,1,1
6506,8800,,0,0
6506,8835,G4,1,1
6506,8870,B8,1,1
6509,2647,,0,0
6509,3413,"B8,G4",2,2
6509,3566,B8,1,1
6509,7223,,0,0
6509,8660,G4,1,1
6509,8662,,0,0
6509,8674,,0,0
6509,8688,G4,1,1
6509,8689,G4,1,1
6509,8715,,0,0
6509,8721,G4,1,1
6509,8725,G4,1,1
6509,8735,A3,1,1
6509,8771,G4,1,1
6509,8795,G4,1,1
6509,8818,,0,0
6511,6541,,0,0
6511,8633,"B8,G4",2,2
6511,8639,A3,1,1
6511,8644,"B8,G4",2,2
6511,8647,,0,0
6511,8653,,0,0
6511,8664,,0,0
6511,8676,,0,0
6511,8736,,0,0
6511,8739,,0,0
6511,8762,,0,0
6511,8794,,0,0
6511,8796,,0,0
6511,8809,G4,1,1
6511,8817,,0,0
6511,8887,,0,0
6514,3454,G4,1,1
6514,5537,G4,1,1
6514,8632,G4,1,1
6514,8647,,0,0
6514,8651,G4,1,1
6514,8663,G4,1,1
6514,8666,G4,1,1
6514,8670,G4,1,1
6514,8729,G4,1,1
6514,8748,G4,1,1
6514,8764,G4,1,1
6514,8778,G4,1,1
6514,8782,G4,1,1
6514,8792,G4,1,1
6514,8798,,0,0
6514,8801,,0,0
6514,8816,G4,1,1
6514,8889,G4,1,1
6529,2647,G4,1,1
6529,6376,,0,0
6529,6541,G4,1,1
6529,7223,G4,1,1
6529,8635,G4,1,1
6529,8655,G4,1,1
6529,8656,G4,1,1
6529,8662,G4,1,1
6529,8664,G4,1,1
6529,8667,G4,1,1
6529,8677,G4,1,1
6529,8740,G4,1,1
6529,8743,G4,1,1
6529,8766,G4,1,1
6529,8776,G4,1,1
6529,8791,,0,0
6529,8809,G4,1,1
6534,3108,,0,0
6534,8634,,0,0
6534,8644,G4,1,1
6534,8653,G4,1,1
6534,8659,G4,1,1
6534,8676,G4,1,1
6534,8681,G4,1,1
6534,8725,G4,1,1
6534,8726,G4,1,1
6534,8730,G4,1,1
6534,8732,G4,1,1
6534,8753,G4,1,1
6534,8759,G4,1,1
6534,8772,G4,1,1
6534,8784,G4,1,1
6534,8787,G4,1,1
6534,8789,G4,1,1
6534,8794,G4,1,1
6534,8830,,0,0
6534,8834,G4,1,1
6535,8638,G4,1,1
6535,8639,G4,1,1
6535,8643,G4,1,1
6535,8661,G4,1,1
6535,8722,,0,0
6535,8738,"B8,G4",2,2
6535,8739,G4,1,1
6535,8744,G4,1,1
6535,8754,"B8,G4",2,2
6535,8758,,0,0
6535,8771,G4,1,1
6535,8783,G4,1,1
6535,8795,G4,1,1
6535,8796,G4,1,1
6535,8799,G4,1,1
6535,8800,G4,1,1
6535,8804,G4,1,1
6535,8828,G4,1,1
6535,8875,"A3,G4",2,2
6535,8877,,0,0
6535,8878,G4,1,1
6535,8886,G4,1,1
6548,8636,H1,1,1
6548,8643,G4,1,1
6548,8646,G4,1,1
6548,8654,"B8,G4",2,2
6548,8656,"B8,G4",2,2
6548,8663,"B8,G4",2,2
6548,8673,"B8,G4",2,2
6548,8674,"B8,G4",2,2
6548,8720,G4,1,1
6548,8727,"B8,G4",2,2
6548,8734,G4,1,1
6548,8743,G4,1,1
6548,8750,"B8,G4",2,2
6548,8764,G4,1,1
6548,8776,G4,1,1
6548,8777,G4,1,1
6548,8780,G4,1,1
6548,8795,G4,1,1
6548,8797,G4,1,1
6548,8801,"B8,G4",2,2
6549,5457,B8,1,1
6549,6376,G4,1,1
6549,8633,"B8,G4",2,2
6549,8640,G4,1,1
6549,8660,G4,1,1
6549,8667,G4,1,1
6549,8668,"B8,G4",2,2
6549,8669,G4,1,1
6549,8681,G4,1,1
6549,8687,G4,1,1
6549,8716,G4,1,1
6549,8717,G4,1,1
6549,8725,"B8,G4",2,2
6549,8736,,0,0
6549,8740,"B8,G4",2,2
6549,8762,G4,1,1
6549,8787,G4,1,1
6549,8793,G4,1,1
6549,8806,G4,1,1
6549,8834,,0,0
6561,2647,,0,0
6561,6541,G4,1,1
6561,8651,"B8,G4",2,2
6561,8658,,0,0
6561,8661,"B8,G4",2,2
6561,8723,"B8,G4",2,2
6561,8733,G4,1,1
6561,8748,"A3,B8",2,2
6561,8755,G4,1,1
6561,8778,"B8,G4",2,2
6561,8779,G4,1,1
6561,8783,"B8,G4",2,2
6561,8791,G4,1,1
6561,8792,G4,1,1
6561,8804,G4,1,1
6561,8816,G4,1,1
6561,8820,B8,1,1
6561,8830,,0,0
6561,8877,G4,1,1
6561,8918,"B8,G4",2,2
6565,3454,,0,0
6565,8674,B8,1,1
6565,8685,"B8,G4",2,2
6565,8717,G4,1,1
6565,8720,,0,0
6565,8723,"B8,G4",2,2
6565,8729,B8,1,1
6565,8736,G4,1,1
6565,8744,G4,1,1
6565,8754,"B8,G4",2,2
6565,8760,,0,0
6565,8762,G4,1,1
6565,8776,"B8,G4",2,2
6565,8791,G4,1,1
6565,8793,"A3,B8",2,2
6565,8817,B8,1,1
6565,8830,,0,0
6565,8889,B8,1,1
6565,8918,"B8,G4",2,2
6566,8632,,0,0
6566,8634,B8,1,1
6566,8661,"B8,G4",2,2
6566,8662,,0,0
6566,8677,,0,0
6566,8679,"B8,G4",2,2
6566,8686,,0,0
6566,8727,"B8,G4",2,2
6566,8731,G4,1,1
6566,8738,G4,1,1
6566,8740,"B8,G4",2,2
6566,8755,,0,0
6566,8764,G4,1,1
6566,8789,,0,0
6566,8804,,0,0
6566,8810,,0,0
6566,8819,"B8,G4",2,2
6571,5646,G4,1,1
6571,7223,B8,1,1
6571,8637,B8,1,1
6571,8653,G4,1,1
6571,8667,,0,0
6571,8689,B8,1,1
6571,8715,"B8,G4",2,2
6571,8728,"B8,G4",2,2
6571,8735,"B8,G4",2,2
6571,8767,G4,1,1
6571,8778,"B8,G4",2,2
6571,8788,,0,0
6571,8795,,0,0
6571,8796,,0,0
6571,8797,H1,1,1
6571,8816,G4,1,1
6571,8878,,0,0
6572,8629,B8,1,1
6572,8635,,0,0
6572,8639,,0,0
6572,8640,B8,1,1
6572,8648,B8,1,1
6572,8663,"B8,G4",2,2
6572,8670,"B8,G4",2,2
6572,8722,,0,0
6572,8724,B8,1,1
6572,8752,"B8,G4",2,2
6572,8766,B8,1,1
6572,8783,B8,1,1
6572,8785,,0,0
6572,8786,B8,1,1
6572,8800,,0,0
6572,8806,B8,1,1
6572,8809,B8,1,1
6609,3108,,0,0
6609,3413,G4,1,1
6609,8671,"B8,G4",2,2
6609,8722,"B8,G4",2,2
6609,8724,"B8,G4",2,2
6609,8734,"B8,G4",2,2
6609,8744,"B8,G4",2,2
6609,8745,"B8,G4",2,2
6609,8746,"B8,G4",2,2
6609,8750,"B8,G4",2,2
6609,8752,"B8,G4",2,2
6609,8764,"A3,B8,G4",3,3
6609,8780,"B8,G4",2,2
6609,8806,"A3,B8,G4",3,3
6609,8830,B8,1,1
6609,8834,"A3,B8",2,2
6626,3454,"B8,G4",2,2
6626,5537,"B8,G4",2,2
6626,8658,"B8,G4",2,2
6626,8665,"B8,G4",2,2
6626,8721,"B8,G4",2,2
6626,8725,B8,1,1
6626,8726,"B8,G4",2,2
6626,8732,G4,1,1
6626,8738,B8,1,1
6626,8749,B8,1,1
6626,8756,B8,1,1
6626,8766,B8,1,1
6626,8767,"B8,G4",2,2
6626,8782,B8,1,1
6626,8793,"B8,G4",2,2
6626,8804,"B8,G4",2,2
6626,8834,B8,1,1
6646,3967,G4,1,1
6646,4815,,0,0
6646,5699,,0,0
6646,8634,A3,1,1
6646,8666,,0,0
6646,8728,G4,1,1
6646,8744,"A3,G4",2,2
6646,8764,"A3,G4",2,2
6646,8800,G4,1,1
6646,9170,,0,0
6646,9204,,0,0
6646,9217,,0,0
6646,9232,A3,1,1
6646,9242,,0,0
6646,9303,,0,0
6646,9671,,0,0
6646,9704,G4,1,1
6646,9708,B8,1,1
6646,9735,G4,1,1
6646,9736,G4,1,1
6646,9737,G4,1,1
6646,9745,B8,1,1
6646,9763,,0,0
6646,9764,"A3,G4",2,2
6646,9783,G4,1,1
6646,9788,,0,0
6646,9806,A3,1,1
6646,9815,G4,1,1
6646,9818,,0,0
6646,9830,G4,1,1
6646,9832,"B8,G4",2,2
6646,9836,G4,1,1
6646,9954,G4,1,1
6646,9956,B8,1,1
6647,3613,,0,0
6647,6310,,0,0
6647,8669,A3,1,1
6647,8687,,0,0
6647,8721,G4,1,1
6647,8732,,0,0
6647,8739,,0,0
6647,8745,,0,0
6647,8750,"A3,G4",2,2
6647,8754,"A3,G4",2,2
6647,8756,,0,0
6647,8760,,0,0
6647,8771,G4,1,1
6647,8784,G4,1,1
6647,8795,,0,0
6647,9149,A3,1,1
6647,9174,,0,0
6647,9175,,0,0
6647,9194,B8,1,1
6647,9212,,0,0
6647,9220,G4,1,1
6647,9221,,0,0
6647,9278,,0,0
6647,9663,,0,0
6647,9672,,0,0
6647,9710,B8,1,1
6647,9741,G4,1,1
6647,9756,,0,0
6647,9762,G4,1,1
6647,9769,G4,1,1
6647,9770,,0,0
6647,9779,G4,1,1
6647,9781,,0,0
6647,9782,,0,0
6647,9795,,0,0
6647,9799,G4,1,1
6647,9802,,0,0
6647,9819,,0,0
6647,9822,G4,1,1
6647,9831,G4,1,1
6647,9833,B8,1,1
6647,9849,,0,0
6647,9912,"A3,G4",2,2
6647,9957,A4,1,1
6649,2647,,0,0
6649,6308,,0,0
6649,8643,,0,0
6649,8663,G4,1,1
6649,8668,A3,1,1
6649,8725,"A3,G4",2,2
6649,8733,,0,0
6649,8734,,0,0
6649,8749,"A3,G4",2,2
6649,8752,"A3,G4",2,2
6649,8772,,0,0
6649,8786,"A3,G4",2,2
6649,8835,G4,1,1
6649,9166,G4,1,1
6649,9189,"B11,B8",2,1
6649,9205,G4,1,1
6649,9211,,0,0
6649,9224,,0,0
6649,9226,,0,0
6649,9229,G4,1,1
6649,9252,G4,1,1
6649,9264,,0,0
6649,9274,G4,1,1
6649,9280,,0,0
6649,9673,,0,0
6649,9675,,0,0
6649,9686,G4,1,1
6649,9739,,0,0
6649,9772,,0,0
6649,9773,,0,0
6649,9778,,0,0
6649,9798,G4,1,1
6649,9801,G4,1,1
6649,9807,G4,1,1
6649,9811,,0,0
6649,9812,G4,1,1
6649,9827,G4,1,1
6649,9838,G4,1,1
6649,9850,,0,0
6649,9889,,0,0
6649,9959,G4,1,1
6650,4494,,0,0
6650,5605,G4,1,1
6650,8632,"A3,G4",2,2
6650,8639,,0,0
6650,8653,,0,0
6650,8659,"A3,G4",2,2
6650,8665,"A3,G4",2,2
6650,8716,,0,0
6650,8731,"A3,G4",2,2
6650,8748,,0,0
6650,8762,"A3,G4",2,2
6650,8809,G4,1,1
6650,8816,,0,0
6650,8830,,0,0
6650,8878,"A3,G4",2,2
6650,9161,,0,0
6650,9164,,0,0
6650,9167,G4,1,1
6650,9180,A3,1,1
6650,9200,G4,1,1
6650,9209,,0,0
6650,9214,,0,0
6650,9225,,0,0
6650,9228,,0,0
6650,9233,,0,0
6650,9235,,0,0
6650,9310,A3,1,1
6650,9681,G4,1,1
6650,9691,G4,1,1
6650,9751,G4,1,1
6650,9774,G4,1,1
6650,9775,,0,0
6650,9786,,0,0
6650,9793,G4,1,1
6650,9828,G4,1,1
6650,9940,,0,0
6651,3454,,0,0
6651,3566,,0,0
6651,8664,"A3,G4",2,2
6651,8722,,0,0
6651,8723,,0,0
6651,8726,,0,0
6651,8738,"A3,G4",2,2
6651,8778,G4,1,1
6651,9147,,0,0
6651,9168,G4,1,1
6651,9234,,0,0
6651,9237,"B11,B8,G4",3,2
6651,9241,,0,0
6651,9243,,0,0
6651,9248,,0,0
6651,9304,G4,1,1
6651,9662,,0,0
6651,9678,G4,1,1
6651,9700,"B8,G4",2,2
6651,9705,G4,1,1
6651,9733,"A3,G4",2,2
6651,9771,,0,0
6651,9794,G4,1,1
6651,9808,A3,1,1
6651,9809,G4,1,1
6651,9817,,0,0
6651,9880,G4,1,1
6652,1380,,0,0
6652,4816,,0,0
6652,5292,"A3,G4",2,2
6652,5646,G4,1,1
6652,6541,,0,0
6652,8658,,0,0
6652,8660,G4,1,1
6652,8670,,0,0
6652,8789,"A3,G4",2,2
6652,8790,"A3,G4",2,2
6652,8807,,0,0
6652,8876,,0,0
6652,9176,A3,1,1
6652,9192,G4,1,1
6652,9236,G4,1,1
6652,9239,,0,0
6652,9269,G4,1,1
6652,9271,G4,1,1
6652,9297,,0,0
6652,9301,,0,0
6652,9313,,0,0
6652,9706,B8,1,1
6652,9743,G4,1,1
6652,9744,G4,1,1
6652,9752,"A3,G4",2,2
6652,9758,G4,1,1
6652,9787,,0,0
6652,9790,,0,0
6652,9897,,0,0
6652,9971,G4,1,1
6653,4456,,0,0
6653,8637,G4,1,1
6653,8645,G4,1,1
6653,8655,G4,1,1
6653,8686,,0,0
6653,8688,,0,0
6653,8727,"A3,G4",2,2
6653,8729,"A3,G4",2,2
6653,8736,G4,1,1
6653,8741,,0,0
6653,8742,,0,0
6653,8759,G4,1,1
6653,8780,G4,1,1
6653,9171,A3,1,1
6653,9193,G4,1,1
6653,9198,G4,1,1
6653,9227,,0,0
6653,9244,,0,0
6653,9246,,0,0
6653,9254,,0,0
6653,9276,G4,1,1
6653,9279,,0,0
6653,9668,"A3,G4",2,2
6653,9738,"B8,G4",2,2
6653,9746,G4,1,1
6653,9755,G4,1,1
6653,9791,G4,1,1
6653,9796,,0,0
6653,9820,,0,0
6653,9826,,0,0
6653,9834,,0,0
6653,9876,,0,0
6653,9953,B8,1,1
6654,6303,,0,0
6654,8662,,0,0
6654,8679,G4,1,1
6654,8776,G4,1,1
6654,8782,G4,1,1
6654,8796,,0,0
6654,8880,G4,1,1
6654,9173,,0,0
6654,9199,G4,1,1
6654,9216,,0,0
6654,9286,,0,0
6654,9669,B8,1,1
6654,9682,,0,0
6654,9683,G4,1,1
6654,9692,G4,1,1
6654,9753,G4,1,1
6654,9759,,0,0
6654,9777,,0,0
6654,9789,,0,0
6654,9816,,0,0
6654,9821,,0,0
6654,9840,G4,1,1
6654,9871,,0,0
6654,9890,G4,1,1
6654,9895,G4,1,1
6654,9955,G4,1,1
6654,9958,,0,0
6655,8648,,0,0
6655,8677,,0,0
6655,8681,,0,0
6655,8685,G4,1,1
6655,8720,G4,1,1
6655,8724,,0,0
6655,8735,"A3,G4",2,2
6655,8740,"A3,G4",2,2
6655,8743,"A3,G4",2,2
6655,8753,,0,0
6655,8755,"A3,G4",2,2
6655,8791,"A3,G4",2,2
6655,8817,G4,1,1
6655,8918,"A3,G4",2,2
6655,9131,G4,1,1
6655,9137,,0,0
6655,9196,G4,1,1
6655,9273,,0,0
6655,9290,,0,0
6655,9312,,0,0
6655,9690,G4,1,1
6655,9742,G4,1,1
6655,9760,G4,1,1
6655,9776,,0,0
6655,9780,,0,0
6655,9785,,0,0
6655,9813,,0,0
6655,9814,G4,1,1
6655,9829,A3,1,1
6655,9841,G4,1,1
6655,9848,,0,0
6655,9952,"A3,G4",2,2
6670,3454,B8,1,1
6670,8646,B8,1,1
6670,8647,B8,1,1
6670,8679,"B8,G4",2,2
6670,8721,"B8,G4",2,2
6670,8723,G4,1,1
6670,8724,G4,1,1
6670,8739,"B8,G4",2,2
6670,8740,B8,1,1
6670,8742,"B8,G4",2,2
6670,8748,"B8,G4",2,2
6670,8760,B8,1,1
6670,8766,"B8,G4",2,2
6670,8782,B8,1,1
6670,8792,B8,1,1
6670,8828,"B8,G4",2,2
6670,8835,G4,1,1
6698,1380,,0,0
6698,7782,G4,1,1
6698,9161,,0,0
6698,9170,,0,0
6698,9175,,0,0
6698,9201,G4,1,1
6698,9274,,0,0
6698,9301,,0,0
6698,9312,,0,0
6698,9669,,0,0
6698,9704,"A3,G4",2,2
6698,9744,,0,0
6698,9746,G4,1,1
6698,9760,G4,1,1
6698,9769,,0,0
6698,9785,,0,0
6698,9797,,0,0
6698,9816,G4,1,1
6698,9822,G4,1,1
6698,9831,,0,0
6698,9871,,0,0
6699,3613,,0,0
6699,5699,,0,0
6699,9147,,0,0
6699,9169,G4,1,1
6699,9171,,0,0
6699,9176,,0,0
6699,9218,,0,0
6699,9229,,0,0
6699,9254,,0,0
6699,9304,,0,0
6699,9703,,0,0
6699,9739,,0,0
6699,9753,,0,0
6699,9756,,0,0
6699,9778,,0,0
6699,9782,,0,0
6699,9783,G4,1,1
6699,9787,G4,1,1
6699,9788,,0,0
6699,9791,G4,1,1
6699,9799,G4,1,1
6699,9801,G4,1,1
6699,9819,,0,0
6699,9826,,0,0
6699,9842,,0,0
6700,4494,,0,0
6700,4816,,0,0
6700,8880,,0,0
6700,9131,G4,1,1
6700,9149,,0,0
6700,9159,,0,0
6700,9173,,0,0
6700,9209,,0,0
6700,9212,"A3,G4",2,2
6700,9225,,0,0
6700,9226,,0,0
6700,9263,,0,0
6700,9264,,0,0
6700,9278,G4,1,1
6700,9672,,0,0
6700,9706,"A3,G4",2,2
6700,9708,A3,1,1
6700,9737,,0,0
6700,9741,G4,1,1
6700,9747,G4,1,1
6700,9767,G4,1,1
6700,9775,,0,0
6700,9808,G4,1,1
6700,9809,G4,1,1
6700,9811,,0,0
6700,9813,G4,1,1
6700,9817,,0,0
6700,9824,,0,0
6701,9199,,0,0
6701,9200,G4,1,1
6701,9204,G4,1,1
6701,9219,G4,1,1
6701,9241,,0,0
6701,9272,G4,1,1
6701,9306,,0,0
6701,9665,G4,1,1
6701,9667,,0,0
6701,9701,,0,0
6701,9709,,0,0
6701,9733,,0,0
6701,9745,,0,0
6701,9755,A3,1,1
6701,9762,,0,0
6701,9772,,0,0
6701,9790,,0,0
6701,9802,,0,0
6701,9832,G4,1,1
6701,9843,,0,0
6701,9850,,0,0
6721,4816,G4,1,1
6721,6903,G4,1,1
6721,9137,G4,1,1
6721,9147,G4,1,1
6721,9157,,0,0
6721,9159,"A3,G4",2,2
6721,9192,G4,1,1
6721,9196,G4,1,1
6721,9198,G4,1,1
6721,9223,,0,0
6721,9224,G4,1,1
6721,9243,,0,0
6721,9313,G4,1,1
6721,9675,,0,0
6721,9694,G4,1,1
6721,9733,G4,1,1
6721,9753,G4,1,1
6721,9770,G4,1,1
6721,9790,G4,1,1
6721,9793,G4,1,1
6721,9804,G4,1,1
6721,9810,G4,1,1
6721,9837,G4,1,1
6721,9840,G4,1,1
6721,9940,G4,1,1
6721,9953,G4,1,1
6721,9956,G4,1,1
6722,9131,G4,1,1
6722,9165,A3,1,1
6722,9170,G4,1,1
6722,9197,G4,1,1
6722,9206,G4,1,1
6722,9217,G4,1,1
6722,9240,,0,0
6722,9254,G4,1,1
6722,9278,,0,0
6722,9301,G4,1,1
6722,9691,G4,1,1
6722,9700,G4,1,1
6722,9773,G4,1,1
6722,9781,G4,1,1
6722,9782,G4,1,1
6722,9788,,0,0
6722,9789,,0,0
6722,9799,G4,1,1
6722,9821,,0,0
6722,9843,,0,0
6722,9897,G4,1,1
6723,9161,G4,1,1
6723,9181,,0,0
6723,9200,G4,1,1
6723,9211,,0,0
6723,9239,,0,0
6723,9304,,0,0
6723,9670,G4,1,1
6723,9672,G4,1,1
6723,9678,"A5,G4",2,2
6723,9710,,0,0
6723,9746,G4,1,1
6723,9752,G4,1,1
6723,9762,A3,1,1
6723,9764,G4,1,1
6723,9767,G4,1,1
6723,9776,,0,0
6723,9780,G4,1,1
6723,9795,G4,1,1
6723,9818,G4,1,1
6723,9829,G4,1,1
6723,9830,G4,1,1
6723,9848,,0,0
6723,9890,G4,1,1
6723,9952,G4,1,1
6723,9957,"A3,G4",2,2
6725,3613,G4,1,1
6725,5605,G4,1,1
6725,9171,G4,1,1
6725,9178,G4,1,1
6725,9186,,0,0
6725,9216,G4,1,1
6725,9286,G4,1,1
6725,9297,,0,0
6725,9303,A3,1,1
6725,9671,G4,1,1
6725,9677,,0,0
6725,9743,G4,1,1
6725,9744,G4,1,1
6725,9785,G4,1,1
6725,9792,G4,1,1
6725,9802,G4,1,1
6725,9808,G4,1,1
6725,9809,G4,1,1
6725,9816,G4,1,1
6725,9822,,0,0
6725,9825,G4,1,1
6725,9831,G4,1,1
6725,9833,G4,1,1
6725,9947,G4,1,1
6726,3967,G4,1,1
6726,4815,G4,1,1
6726,6303,G4,1,1
6726,9162,"G4,H1",2,2
6726,9174,,0,0
6726,9204,G4,1,1
6726,9214,,0,0
6726,9234,,0,0
6726,9250,G4,1,1
6726,9252,G4,1,1
6726,9267,G4,1,1
6726,9274,,0,0
6726,9664,A3,1,1
6726,9683,G4,1,1
6726,9735,G4,1,1
6726,9738,G4,1,1
6726,9755,,0,0
6726,9756,,0,0
6726,9794,G4,1,1
6726,9807,,0,0
6726,9813,,0,0
6726,9815,G4,1,1
6726,9834,G4,1,1
6726,9838,G4,1,1
6726,9912,G4,1,1
6726,9958,,0,0
6727,4494,G4,1,1
6727,5699,G4,1,1
6727,9166,G4,1,1
6727,9168,G4,1,1
6727,9173,A3,1,1
6727,9189,G4,1,1
6727,9193,G4,1,1
6727,9212,,0,0
6727,9218,G4,1,1
6727,9235,,0,0
6727,9272,G4,1,1
6727,9296,G4,1,1
6727,9662,,0,0
6727,9663,G4,1,1
6727,9673,G4,1,1
6727,9681,A3,1,1
6727,9685,G4,1,1
6727,9688,G4,1,1
6727,9690,G4,1,1
6727,9693,G4,1,1
6727,9704,"A3,G4",2,2
6727,9742,G4,1,1
6727,9771,G4,1,1
6727,9786,,0,0
6727,9787,G4,1,1
6727,9797,G4,1,1
6727,9801,G4,1,1
6727,9811,G4,1,1
6727,9817,G4,1,1
6727,9880,G4,1,1
6728,8807,,0,0
6728,9149,G4,1,1
6728,9160,,0,0
6728,9164,G4,1,1
6728,9175,,0,0
6728,9195,G4,1,1
6728,9201,G4,1,1
6728,9228,G4,1,1
6728,9241,,0,0
6728,9248,G4,1,1
6728,9255,G4,1,1
6728,9280,G4,1,1
6728,9290,G4,1,1
6728,9302,,0,0
6728,9676,G4,1,1
6728,9682,G4,1,1
6728,9684,G4,1,1
6728,9707,,0,0
6728,9708,,0,0
6728,9741,G4,1,1
6728,9751,G4,1,1
6728,9754,G4,1,1
6728,9757,G4,1,1
6728,9763,G4,1,1
6728,9772,G4,1,1
6728,9777,,0,0
6728,9779,,0,0
6728,9796,G4,1,1
6728,9806,,0,0
6728,9826,,0,0
6728,9827,G4,1,1
6728,9842,,0,0
6728,9850,G4,1,1
6728,9881,G4,1,1
6728,9888,G4,1,1
6729,5292,G4,1,1
6729,5482,G4,1,1
6729,8880,G4,1,1
6729,9158,G4,1,1
6729,9163,G4,1,1
6729,9191,G4,1,1
6729,9209,,0,0
6729,9219,G4,1,1
6729,9225,,0,0
6729,9232,,0,0
6729,9233,,0,0
6729,9236,,0,0
6729,9244,,0,0
6729,9273,,0,0
6729,9295,G4,1,1
6729,9669,G4,1,1
6729,9686,G4,1,1
6729,9687,G4,1,1
6729,9711,G4,1,1
6729,9734,,0,0
6729,9737,G4,1,1
6729,9769,,0,0
6729,9774,G4,1,1
6729,9820,G4,1,1
6729,9849,G4,1,1
6729,9876,,0,0
6729,9895,G4,1,1
6730,4456,,0,0
6730,6310,G4,1,1
6730,9194,G4,1,1
6730,9199,G4,1,1
6730,9220,G4,1,1
6730,9237,G4,1,1
6730,9269,,0,0
6730,9276,H1,1,1
6730,9285,G4,1,1
6730,9665,G4,1,1
6730,9668,,0,0
6730,9692,G4,1,1
6730,9701,G4,1,1
6730,9703,G4,1,1
6730,9705,,0,0
6730,9739,G4,1,1
6730,9745,G4,1,1
6730,9760,G4,1,1
6730,9778,G4,1,1
6730,9783,G4,1,1
6730,9791,G4,1,1
6730,9798,G4,1,1
6730,9812,G4,1,1
6730,9824,G4,1,1
6730,9832,G4,1,1
6730,9836,G4,1,1
6730,9925,,0,0
6730,9928,,0,0
6730,9955,G4,1,1
6731,6308,,0,0
6731,9167,G4,1,1
6731,9176,,0,0
6731,9180,G4,1,1
6731,9184,,0,0
6731,9205,G4,1,1
6731,9226,,0,0
6731,9227,G4,1,1
6731,9229,G4,1,1
6731,9680,G4,1,1
6731,9709,,0,0
6731,9736,G4,1,1
6731,9747,"A3,G4",2,2
6731,9759,G4,1,1
6731,9775,G4,1,1
6731,9814,G4,1,1
6731,9819,G4,1,1
6731,9823,G4,1,1
6731,9828,G4,1,1
6731,9841,G4,1,1
6731,9871,,0,0
6731,9889,G4,1,1
6731,9932,G4,1,1
6731,9941,G4,1,1
6731,9959,,0,0
6746,4816,"B8,G4",2,2
6746,6303,G4,1,1
6746,9137,B8,1,1
6746,9158,G4,1,1
6746,9167,"B8,G4",2,2
6746,9199,"G4,H1",2,2
6746,9242,,0,0
6746,9255,G4,1,1
6746,9271,B8,1,1
6746,9278,"B8,G4",2,2
6746,9280,,0,0
6746,9684,G4,1,1
6746,9707,,0,0
6746,9711,"B8,G4",2,2
6746,9736,"B8,G4",2,2
6746,9782,B8,1,1
6746,9789,H1,1,1
6746,9810,G4,1,1
6746,9813,"B8,G4",2,2
6746,9836,G4,1,1
6746,9838,"A3,G4",2,2
6746,9956,"B8,G4",2,2
6746,9959,"B8,G4",2,2
6747,3967,G4,1,1
6747,5605,G4,1,1
6747,8880,G4,1,1
6747,9178,G4,1,1
6747,9263,G4,1,1
6747,9296,"B8,G4",2,2
6747,9313,G4,1,1
6747,9735,G4,1,1
6747,9741,G4,1,1
6747,9746,G4,1,1
6747,9760,"B8,G4",2,2
6747,9764,G4,1,1
6747,9807,G4,1,1
6747,9818,G4,1,1
6747,9821,"B8,G4",2,2
6747,9825,"B8,G4",2,2
6747,9840,G4,1,1
6747,9850,G4,1,1
6747,9869,,0,0
6747,9895,G4,1,1
6747,9941,"B8,G4",2,2
6747,9953,,0,0
6748,8945,B8,1,1
6748,9147,B8,1,1
6748,9166,"B8,G4",2,2
6748,9232,G4,1,1
6748,9241,,0,0
6748,9279,G4,1,1
6748,9286,"B8,G4",2,2
6748,9295,,0,0
6748,9301,G4,1,1
6748,9662,G4,1,1
6748,9665,"B8,G4",2,2
6748,9706,G4,1,1
6748,9708,G4,1,1
6748,9709,,0,0
6748,9733,G4,1,1
6748,9755,G4,1,1
6748,9772,,0,0
6748,9779,G4,1,1
6748,9816,"B8,G4",2,2
6748,9897,B8,1,1
6748,9952,G4,1,1
6749,8807,G4,1,1
6749,9149,"B8,G4",2,2
6749,9160,"G4,H1",2,2
6749,9163,"B8,G4",2,2
6749,9170,"B8,G4",2,2
6749,9174,,0,0
6749,9175,,0,0
6749,9180,"B8,G4",2,2
6749,9193,G4,1,1
6749,9195,"B8,G4",2,2
6749,9219,G4,1,1
6749,9239,,0,0
6749,9254,"B8,G4",2,2
6749,9756,,0,0
6749,9781,G4,1,1
6749,9788,"B8,G4",2,2
6749,9791,"B8,G4",2,2
6749,9794,"G4,H1",2,2
6749,9802,,0,0
6749,9822,"B8,G4",2,2
6749,9826,,0,0
6749,9827,G4,1,1
6749,9829,B8,1,1
6749,9881,"B8,G4",2,2
6749,9889,G4,1,1
6749,9890,G4,1,1
6749,9932,,0,0
6750,4456,,0,0
6750,9220,,0,0
6750,9252,"B8,G4",2,2
6750,9269,,0,0
6750,9272,G4,1,1
6750,9302,,0,0
6750,9663,G4,1,1
6750,9689,B8,1,1
6750,9692,"B8,G4",2,2
6750,9693,B8,1,1
6750,9743,"B8,G4",2,2
6750,9745,G4,1,1
6750,9754,"G4,H1",2,2
6750,9795,G4,1,1
6750,9806,"B8,G4",2,2
6750,9815,G4,1,1
6750,9819,B8,1,1
6750,9830,G4,1,1
6750,9871,"B8,G4",2,2
6750,9940,G4,1,1
6750,9958,,0,0
6751,5699,,0,0
6751,9157,B8,1,1
6751,9171,G4,1,1
6751,9197,G4,1,1
6751,9206,,0,0
6751,9212,,0,0
6751,9216,B8,1,1
6751,9218,G4,1,1
6751,9221,B8,1,1
6751,9226,,0,0
6751,9236,,0,0
6751,9237,"B8,G4",2,2
6751,9303,,0,0
6751,9673,G4,1,1
6751,9686,G4,1,1
6751,9690,G4,1,1
6751,9694,G4,1,1
6751,9737,G4,1,1
6751,9752,G4,1,1
6751,9758,G4,1,1
6751,9771,G4,1,1
6751,9778,G4,1,1
6751,9785,G4,1,1
6751,9799,,0,0
6751,9801,G4,1,1
6751,9808,G4,1,1
6751,9811,B8,1,1
6751,9823,"B8,G4",2,2
6751,9832,"B8,G4",2,2
6751,9834,"B8,G4",2,2
6751,9957,,0,0
6752,9198,G4,1,1
6752,9208,B8,1,1
6752,9211,,0,0
6752,9231,G4,1,1
6752,9240,,0,0
6752,9264,B8,1,1
6752,9276,,0,0
6752,9664,"B8,G4",2,2
6752,9668,B8,1,1
6752,9685,"B8,G4",2,2
6752,9687,G4,1,1
6752,9704,G4,1,1
6752,9742,G4,1,1
6752,9780,"A3,B8",2,2
6752,9787,"B8,G4",2,2
6752,9793,B8,1,1
6752,9809,G4,1,1
6752,9814,"B8,G4",2,2
6752,9817,B8,1,1
6752,9820,G4,1,1
6752,9841,G4,1,1
6752,9842,G4,1,1
6752,9876,,0,0
6752,9955,,0,0
6753,4815,,0,0
6753,6310,,0,0
6753,6903,G4,1,1
6753,9131,B8,1,1
6753,9164,"B8,G4",2,2
6753,9165,G4,1,1
6753,9184,,0,0
6753,9201,G4,1,1
6753,9205,"B8,G4",2,2
6753,9225,B8,1,1
6753,9227,"B8,G4",2,2
6753,9228,G4,1,1
6753,9233,H1,1,1
6753,9234,"G4,H1",2,2
6753,9243,,0,0
6753,9248,G4,1,1
6753,9310,"G4,H1",2,2
6753,9312,"B8,G4",2,2
6753,9669,,0,0
6753,9670,"B8,G4",2,2
6753,9675,"B8,G4",2,2
6753,9678,"B8,G4",2,2
6753,9680,"B8,G4",2,2
6753,9682,B8,1,1
6753,9710,,0,0
6753,9734,"B8,G4",2,2
6753,9739,,0,0
6753,9744,G4,1,1
6753,9747,G4,1,1
6753,9751,G4,1,1
6753,9753,"B8,G4",2,2
6753,9762,G4,1,1
6753,9763,G4,1,1
6753,9766,"B8,G4",2,2
6753,9769,,0,0
6753,9774,G4,1,1
6753,9777,,0,0
6753,9783,,0,0
6753,9790,B8,1,1
6753,9797,G4,1,1
6753,9804,G4,1,1
6753,9824,"B8,G4",2,2
6753,9833,G4,1,1
6753,9848,G4,1,1
6753,9947,G4,1,1
6754,3613,G4,1,1
6754,6308,,0,0
6754,9173,"B8,G4",2,2
6754,9189,G4,1,1
6754,9191,G4,1,1
6754,9209,B8,1,1
6754,9214,,0,0
6754,9217,G4,1,1
6754,9229,B8,1,1
6754,9244,G4,1,1
6754,9246,,0,0
6754,9267,G4,1,1
6754,9273,G4,1,1
6754,9274,G4,1,1
6754,9671,"B8,G4",2,2
6754,9676,G4,1,1
6754,9681,G4,1,1
6754,9683,G4,1,1
6754,9691,B8,1,1
6754,9700,,0,0
6754,9701,"B8,G4",2,2
6754,9703,G4,1,1
6754,9705,G4,1,1
6754,9738,G4,1,1
6754,9759,G4,1,1
6754,9767,G4,1,1
6754,9770,,0,0
6754,9773,"B8,G4",2,2
6754,9775,,0,0
6754,9776,B8,1,1
6754,9786,"B8,G4",2,2
6754,9796,G4,1,1
6754,9798,G4,1,1
6754,9812,"B8,G4",2,2
6754,9828,"B8,G4",2,2
6754,9831,,0,0
6754,9837,,0,0
6754,9912,G4,1,1
6756,8880,,0,0
6756,9149,"B8,G4",2,2
6756,9180,B8,1,1
6756,9221,B8,1,1
6756,9232,G4,1,1
6756,9236,,0,0
6756,9248,,0,0
6756,9274,,0,0
6756,9276,B8,1,1
6756,9280,,0,0
6756,9296,"B8,G4",2,2
6756,9297,,0,0
6756,9680,"B8,G4",2,2
6756,9685,B8,1,1
6756,9686,G4,1,1
6756,9693,B8,1,1
6756,9694,G4,1,1
6756,9709,,0,0
6756,9711,B8,1,1
6756,9741,,0,0
6756,9756,,0,0
6756,9763,G4,1,1
6756,9796,,0,0
6756,9801,G4,1,1
6756,9804,G4,1,1
6756,9807,G4,1,1
6756,9810,G4,1,1
6756,9813,B8,1,1
6756,9828,G4,1,1
6756,9829,B8,1,1
6756,9833,B8,1,1
6756,9838,G4,1,1
6757,8945,,0,0
6757,9147,B8,1,1
6757,9176,"A3,B8",2,2
6757,9255,,0,0
6757,9267,"A3,G4",2,2
6757,9271,,0,0
6757,9290,,0,0
6757,9295,,0,0
6757,9310,B8,1,1
6757,9663,B8,1,1
6757,9678,"B8,G4",2,2
6757,9703,,0,0
6757,9704,"B8,G4",2,2
6757,9706,"A3,A4,G4,H1",4,3
6757,9734,B8,1,1
6757,9736,B8,1,1
6757,9737,G4,1,1
6757,9738,,0,0
6757,9743,"B8,G4",2,2
6757,9752,G4,1,1
6757,9798,,0,0
6757,9816,"B8,G4",2,2
6757,9831,G4,1,1
6757,9840,G4,1,1
6757,9869,"A3,B8",2,2
6757,9889,,0,0
6757,9956,"B8,G4",2,2
6757,9958,,0,0
6757,9959,B8,1,1
6758,4456,,0,0
6758,5605,G4,1,1
6758,9163,"A3,B8",2,2
6758,9205,,0,0
6758,9209,B8,1,1
6758,9216,B8,1,1
6758,9218,,0,0
6758,9220,,0,0
6758,9263,,0,0
6758,9264,H1,1,1
6758,9273,,0,0
6758,9302,,0,0
6758,9684,G4,1,1
6758,9692,B8,1,1
6758,9745,G4,1,1
6758,9754,H1,1,1
6758,9764,G4,1,1
6758,9769,,0,0
6758,9770,H1,1,1
6758,9772,,0,0
6758,9781,"A3,B8",2,2
6758,9789,,0,0
6758,9797,,0,0
6758,9802,,0,0
6758,9820,,0,0
6758,9822,"B8,G4",2,2
6758,9824,B8,1,1
6758,9834,"B8,G4",2,2
6758,9947,,0,0
6759,4816,B8,1,1
6759,5699,,0,0
6759,6303,,0,0
6759,6308,,0,0
6759,6310,,0,0
6759,9137,B8,1,1
6759,9178,G4,1,1
6759,9189,B8,1,1
6759,9199,H1,1,1
6759,9217,,0,0
6759,9219,G4,1,1
6759,9228,,0,0
6759,9234,,0,0
6759,9252,"B8,G4",2,2
6759,9279,,0,0
6759,9665,G4,1,1
6759,9670,B8,1,1
6759,9690,,0,0
6759,9733,,0,0
6759,9758,G4,1,1
6759,9759,,0,0
6759,9782,B8,1,1
6759,9814,"B8,G4",2,2
6759,9815,G4,1,1
6759,9841,,0,0
6759,9842,B8,1,1
6759,9871,B8,1,1
6759,9953,B8,1,1
6759,9955,,0,0
6759,9957,B8,1,1
6760,9161,,0,0
6760,9165,,0,0
6760,9191,G4,1,1
6760,9193,G4,1,1
6760,9211,B8,1,1
6760,9224,G4,1,1
6760,9227,B8,1,1
6760,9244,,0,0
6760,9664,B8,1,1
6760,9681,,0,0
6760,9682,B8,1,1
6760,9691,"B8,G4",2,2
6760,9705,,0,0
6760,9742,G4,1,1
6760,9751,G4,1,1
6760,9774,,0,0
6760,9779,,0,0
6760,9787,"B8,G4",2,2
6760,9799,B8,1,1
6760,9806,"B8,G4",2,2
6760,9812,B8,1,1
6760,9817,B8,1,1
6760,9823,"B8,G4",2,2
6760,9848,B8,1,1
6760,9850,,0,0
6760,9890,"B8,G4",2,2
6760,9897,B8,1,1
6760,9912,G4,1,1
6760,9952,,0,0
6761,4494,B8,1,1
6761,4815,,0,0
6761,8807,,0,0
6761,9158,G4,1,1
6761,9164,B8,1,1
6761,9174,,0,0
6761,9192,G4,1,1
6761,9195,,0,0
6761,9212,,0,0
6761,9233,,0,0
6761,9241,B8,1,1
6761,9243,A3,1,1
6761,9269,,0,0
6761,9312,B8,1,1
6761,9662,G4,1,1
6761,9700,"B8,G4",2,2
6761,9701,B8,1,1
6761,9747,G4,1,1
6761,9755,,0,0
6761,9767,G4,1,1
6761,9777,B8,1,1
6761,9783,,0,0
6761,9786,B8,1,1
6761,9788,B8,1,1
6761,9791,G4,1,1
6761,9827,,0,0
6761,9832,"B8,G4",2,2
6761,9836,A3,1,1
6762,6903,,0,0
6762,9160,"A4,G4",2,2
6762,9170,"A4,B8",2,2
6762,9171,,0,0
6762,9197,G4,1,1
6762,9198,G4,1,1
6762,9204,G4,1,1
6762,9208,B8,1,1
6762,9214,B8,1,1
6762,9229,B8,1,1
6762,9239,,0,0
6762,9246,,0,0
6762,9272,,0,0
6762,9275,,0,0
6762,9313,,0,0
6762,9668,,0,0
6762,9669,,0,0
6762,9673,,0,0
6762,9675,B8,1,1
6762,9676,,0,0
6762,9708,,0,0
6762,9753,"B8,G4",2,2
6762,9780,B8,1,1
6762,9785,,0,0
6762,9790,B8,1,1
6762,9795,,0,0
6762,9808,,0,0
6762,9821,"A4,B8,G4",3,3
6762,9932,,0,0
6763,3613,,0,0
6763,3967,G4,1,1
6763,9157,B8,1,1
6763,9166,"B8,G4",2,2
6763,9175,,0,0
6763,9186,B8,1,1
6763,9196,,0,0
6763,9200,G4,1,1
6763,9231,G4,1,1
6763,9235,,0,0
6763,9237,"B8,G4",2,2
6763,9242,,0,0
6763,9254,,0,0
6763,9278,B8,1,1
6763,9301,B8,1,1
6763,9671,B8,1,1
6763,9683,G4,1,1
6763,9689,B8,1,1
6763,9744,G4,1,1
6763,9760,"B8,G4",2,2
6763,9775,,0,0
6763,9778,B8,1,1
6763,9809,G4,1,1
6763,9819,"B8,G4",2,2
6763,9830,,0,0
6763,9876,A3,1,1
6763,9940,,0,0
6764,9131,"B8,G4",2,2
6764,9167,"B8,G4",2,2
6764,9173,B8,1,1
6764,9184,,0,0
6764,9194,B8,1,1
6764,9201,G4,1,1
6764,9226,B8,1,1
6764,9286,"B8,G4",2,2
6764,9303,A3,1,1
6764,9687,"B8,G4",2,2
6764,9707,,0,0
6764,9710,"B8,G4",2,2
6764,9735,G4,1,1
6764,9739,,0,0
6764,9746,"B8,G4",2,2
6764,9762,,0,0
6764,9771,,0,0
6764,9773,B8,1,1
6764,9793,B8,1,1
6764,9794,H1,1,1
6764,9811,B8,1,1
6764,9818,,0,0
6764,9826,,0,0
6764,9837,,0,0
6764,9881,B8,1,1
6764,9895,G4,1,1
6764,9941,"B8,G4",2,2
6765,4456,,0,0
6765,4815,,0,0
6765,4816,,0,0
6765,5699,G4,1,1
6765,9192,G4,1,1
6765,9229,G4,1,1
6765,9244,G4,1,1
6765,9297,A3,1,1
6765,9670,"B8,G4",2,2
6765,9673,G4,1,1
6765,9685,"B8,G4",2,2
6765,9708,G4,1,1
6765,9734,,0,0
6765,9752,G4,1,1
6765,9753,G4,1,1
6765,9754,,0,0
6765,9758,"B8,G4",2,2
6765,9759,G4,1,1
6765,9778,G4,1,1
6765,9780,"A3,G4",2,2
6765,9782,,0,0
6765,9783,G4,1,1
6765,9817,,0,0
6765,9833,G4,1,1
6765,9838,G4,1,1
6765,9842,"B8,B9",2,1
6765,9890,G4,1,1
6765,9940,B8,1,1
6776,9180,,0,0
6776,9193,G4,1,1
6776,9196,G4,1,1
6776,9200,G4,1,1
6776,9228,,0,0
6776,9241,,0,0
6776,9269,,0,0
6776,9272,G4,1,1
6776,9278,,0,0
6776,9279,G4,1,1
6776,9295,,0,0
6776,9302,B8,1,1
6776,9668,"B8,G4",2,2
6776,9687,"A3,B9,G4",3,3
6776,9700,,0,0
6776,9704,B8,1,1
6776,9710,,0,0
6776,9738,G4,1,1
6776,9776,,0,0
6776,9802,,0,0
6776,9806,B8,1,1
6777,3613,,0,0
6777,6310,,0,0
6777,6903,,0,0
6777,9171,B8,1,1
6777,9174,,0,0
6777,9178,G4,1,1
6777,9191,G4,1,1
6777,9199,H1,1,1
6777,9201,G4,1,1
6777,9211,,0,0
6777,9220,B8,1,1
6777,9235,,0,0
6777,9286,G4,1,1
6777,9290,B8,1,1
6777,9669,B8,1,1
6777,9671,B8,1,1
6777,9686,G4,1,1
6777,9701,B8,1,1
6777,9703,,0,0
6777,9742,G4,1,1
6777,9763,G4,1,1
6777,9793,"B8,G4",2,2
6777,9811,"A3,B8,B9",3,2
6777,9814,"B8,G4",2,2
6777,9820,"B8,B9,G4",3,2
6777,9829,"B8,B9",2,1
6777,9850,,0,0
6777,9876,,0,0
6777,9932,B8,1,1
6778,9137,,0,0
6778,9160,,0,0
6778,9170,G4,1,1
6778,9194,G4,1,1
6778,9209,B8,1,1
6778,9219,"B8,G4",2,2
6778,9233,,0,0
6778,9252,"B4,B8",2,1
6778,9267,,0,0
6778,9690,,0,0
6778,9692,,0,0
6778,9747,"B8,G4",2,2
6778,9772,G4,1,1
6778,9781,"B8,B9",2,1
6778,9789,G4,1,1
6778,9797,,0,0
6778,9808,"A3,G4",2,2
6778,9871,G4,1,1
6779,4494,,0,0
6779,6303,,0,0
6779,9176,"A3,B8",2,2
6779,9216,G4,1,1
6779,9255,G4,1,1
6779,9274,,0,0
6779,9312,B8,1,1
6779,9680,"B8,G4",2,2
6779,9681,"B8,G4",2,2
6779,9683,G4,1,1
6779,9693,,0,0
6779,9705,G4,1,1
6779,9755,,0,0
6779,9779,G4,1,1
6779,9786,"A3,G4,H1",3,3
6779,9807,G4,1,1
6779,9815,,0,0
6779,9826,,0,0
6779,9828,G4,1,1
6779,9830,"B8,B9",2,1
6779,9832,"B4,G4",2,2
6779,9834,G4,1,1
6779,9895,G4,1,1
6780,9165,,0,0
6780,9166,"B8,D4,G4,G5",4,3
6780,9189,"B8,G4",2,2
6780,9224,G4,1,1
6780,9227,"B8,G4",2,2
6780,9231,G4,1,1
6780,9273,,0,0
6780,9280,,0,0
6780,9662,,0,0
6780,9675,"A3,G4",2,2
6780,9676,"A4,G4",2,2
6780,9733,,0,0
6780,9735,"G4,H1",2,2
6780,9756,,0,0
6780,9769,,0,0
6780,9774,B8,1,1
6780,9889,"B8,G4",2,2
6780,9947,"B8,B9",2,1
6781,9131,"A3,B8,G4,H1",4,4
6781,9149,B8,1,1
6781,9184,A3,1,1
6781,9205,,0,0
6781,9217,,0,0
6781,9226,,0,0
6781,9236,,0,0
6781,9242,,0,0
6781,9254,B8,1,1
6781,9313,,0,0
6781,9665,"B8,G4",2,2
6781,9682,G4,1,1
6781,9706,,0,0
6781,9737,G4,1,1
6781,9744,"B8,G4",2,2
6781,9745,G4,1,1
6781,9760,G4,1,1
6781,9764,G4,1,1
6781,9767,"B8,B9,G4",3,2
6781,9770,,0,0
6781,9785,,0,0
6781,9787,,0,0
6781,9790,B8,1,1
6781,9794,G4,1,1
6781,9801,,0,0
6781,9809,G4,1,1
6781,9816,G4,1,1
6781,9823,G4,1,1
6781,9831,,0,0
6781,9840,G4,1,1
6781,9848,G4,1,1
6781,9957,"B8,G4",2,2
6781,9958,,0,0
6781,9978,B11,1,1
6784,6308,B8,1,1
6784,8945,,0,0
6784,9158,G4,1,1
6784,9167,"B8,G4",2,2
6784,9173,G4,1,1
6784,9195,G4,1,1
6784,9198,G4,1,1
6784,9221,,0,0
6784,9225,G4,1,1
6784,9234,,0,0
6784,9248,G4,1,1
6784,9264,B8,1,1
6784,9301,G4,1,1
6784,9709,,0,0
6784,9746,G4,1,1
6784,9751,"B8,G4",2,2
6784,9791,,0,0
6784,9796,B8,1,1
6784,9798,,0,0
6784,9810,"B8,B9,G4",3,2
6784,9818,"A3,B8",2,2
6784,9822,G4,1,1
6784,9827,G4,1,1
6784,9841,G4,1,1
6784,9959,G4,1,1
6818,5699,G4,1,1
6818,9167,G4,1,1
6818,9173,G4,1,1
6818,9192,G4,1,1
6818,9211,G4,1,1
6818,9212,G4,1,1
6818,9216,,0,0
6818,9217,,0,0
6818,9219,G4,1,1
6818,9220,,0,0
6818,9229,G4,1,1
6818,9233,,0,0
6818,9248,G4,1,1
6818,9250,G4,1,1
6818,9264,,0,0
6818,9276,G4,1,1
6829,4816,B8,1,1
6829,9131,"B8,G4",2,2
6829,9147,B8,1,1
6829,9164,B8,1,1
6829,9194,"B8,G4",2,2
6829,9201,"B8,G4",2,2
6829,9232,"B8,G4",2,2
6829,9244,B8,1,1
6829,9269,"B8,G4",2,2
6829,9276,"B8,G4",2,2
6829,9683,"B8,G4",2,2
6829,9760,G4,1,1
6829,9763,G4,1,1
6829,9769,G4,1,1
6829,9783,,0,0
6829,9808,B8,1,1
6829,9811,B8,1,1
6829,9817,B8,1,1
6829,9819,B8,1,1
6829,9820,B8,1,1
6829,9833,B8,1,1
6829,9895,"B8,G4",2,2
6830,9167,B8,1,1
6830,9168,B8,1,1
6830,9171,"A3,B8",2,2
6830,9174,B8,1,1
6830,9199,"B8,G4",2,2
6830,9200,"B8,G4",2,2
6830,9234,B8,1,1
6830,9273,B8,1,1
6830,9310,B8,1,1
6830,9665,"B8,G4",2,2
6830,9793,"B8,G4",2,2
6830,9794,B8,1,1
6830,9795,B8,1,1
6830,9796,B8,1,1
6830,9799,B8,1,1
6830,9807,B8,1,1
6830,9809,"B8,G4",2,2
6830,9812,B8,1,1
6830,9826,"B8,G4",2,2
6830,9956,"A3,B8",2,2
6832,9161,B8,1,1
6832,9212,"B8,G4",2,2
6832,9217,B8,1,1
6832,9220,B8,1,1
6832,9227,"B8,G4",2,2
6832,9229,"B8,G4",2,2
6832,9235,B8,1,1
6832,9278,B8,1,1
6832,9286,B8,1,1
6832,9671,B8,1,1
6832,9678,"B8,G4",2,2
6832,9684,"B8,G4",2,2
6832,9690,"B8,G4",2,2
6832,9705,B8,1,1
6832,9708,B8,1,1
6832,9734,B8,1,1
6832,9741,"B8,G4",2,2
6832,9742,"B8,G4",2,2
6832,9745,"A3,B8",2,2
6832,9746,"B8,G4",2,2
6832,9775,B8,1,1
6832,9777,B8,1,1
6832,9779,"B8,G4",2,2
6832,9791,"B8,G4",2,2
6832,9801,"B8,G4",2,2
6832,9818,B8,1,1
6832,9822,B8,1,1
6832,9827,B8,1,1
6832,9828,"B8,G4",2,2
6832,9940,"B8,G4",2,2
6832,9952,G4,1,1
6832,9953,B8,1,1
6833,9191,"B8,G4",2,2
6833,9198,"B8,G4",2,2
6833,9205,B8,1,1
6833,9221,B8,1,1
6833,9236,"B8,G4",2,2
6833,9239,B8,1,1
6833,9246,B8,1,1
6833,9248,"B8,G4",2,2
6833,9274,"B8,G4",2,2
6833,9313,B8,1,1
6833,9676,"A3,B8",2,2
6833,9691,"B8,G4",2,2
6833,9692,"B8,G4",2,2
6833,9706,B8,1,1
6833,9737,"B8,G4",2,2
6833,9738,"B8,G4",2,2
6833,9759,B8,1,1
6833,9762,"B8,G4",2,2
6833,9764,"B8,G4",2,2
6833,9773,B8,1,1
6833,9786,B8,1,1
6833,9789,B8,1,1
6833,9814,"B8,G4",2,2
6833,9829,"B8,G4",2,2
6833,9832,G4,1,1
6833,9836,B8,1,1
6833,9841,"B8,G4",2,2
6833,9850,B8,1,1
6833,9890,"B8,G4",2,2
6833,9954,"B8,G4",2,2
6833,9955,"A3,B8,G4",3,3
6835,1380,B8,1,1
6835,3613,B8,1,1
6835,3967,"B8,G4",2,2
6835,4494,"B8,G4",2,2
6835,5292,B8,1,1
6835,5605,"A3,B8,G4",3,3
6835,9149,"A3,B8",2,2
6835,9173,B8,1,1
6835,9175,B8,1,1
6835,9189,"B8,G4",2,2
6835,9196,"B8,G4",2,2
6835,9216,B8,1,1
6835,9242,"B8,G4",2,2
6835,9243,,0,0
6835,9264,B8,1,1
6835,9662,B8,1,1
6835,9663,G4,1,1
6835,9669,B8,1,1
6835,9686,"B8,G4",2,2
6835,9703,"B8,G4",2,2
6835,9744,"B8,G4",2,2
6835,9756,"B8,G4",2,2
6835,9770,B8,1,1
6837,6303,B8,1,1
6837,9137,"A3,B8",2,2
6837,9180,B8,1,1
6837,9192,"B8,G4",2,2
6837,9209,B8,1,1
6837,9214,,0,0
6837,9228,,0,0
6837,9254,"A3,B8,G4",3,3
6837,9267,"A3,B8",2,2
6837,9301,B8,1,1
6837,9672,B8,1,1
6837,9711,B8,1,1
6837,9735,"B8,G4",2,2
6837,9790,B8,1,1
6837,9815,B8,1,1
6837,9816,B8,1,1
6837,9876,B8,1,1
6837,9958,"B8,G4",2,2
6837,9959,B8,1,1
6838,5699,,0,0
6838,6310,B8,1,1
6838,9170,B8,1,1
6838,9176,B8,1,1
6838,9225,"A3,B8",2,2
6838,9226,B8,1,1
6838,9237,"B8,G4",2,2
6838,9252,"B8,G4",2,2
6838,9272,"B8,G4",2,2
6838,9303,B8,1,1
6838,9668,B8,1,1
6838,9673,G4,1,1
6838,9675,B8,1,1
6838,9681,"B8,G4",2,2
6838,9758,B8,1,1
6838,9771,B8,1,1
6838,9778,B8,1,1
6838,9782,B8,1,1
6838,9806,B8,1,1
6838,9880,B8,1,1
6838,9889,"A3,B8",2,2
6838,9897,B8,1,1
6936,9668,B8,1,1
6936,9671,B8,1,1
6936,9690,,0,0
6936,9734,"B4,B8",2,1
6936,9735,"B4,G4",2,2
6936,9739,"B4,B8",2,1
6936,9746,"B11,B8,G4",3,2
6936,9760,"A3,B8,G4",3,3
6936,9769,B8,1,1
6936,9771,"B4,B8",2,1
6936,9782,B8,1,1
6936,9795,"B4,G4",2,2
6936,9796,"B4,B8",2,1
6936,9801,G4,1,1
6936,9807,"B8,G4",2,2
6936,9810,"B8,G4",2,2
6936,9815,,0,0
6936,9817,B8,1,1
6936,9826,B8,1,1
6936,9840,"B4,G4",2,2
6936,9940,,0,0
6936,9957,"B4,B8",2,1
6936,9959,"B4,B8,G4",3,2
6939,9665,"B4,B8,G4",3,2
6939,9673,"B4,B8",2,1
6939,9693,"B4,B8",2,1
6939,9710,B8,1,1
6939,9738,B4,1,1
6939,9742,G4,1,1
6939,9751,"B8,G4",2,2
6939,9774,B8,1,1
6939,9777,"B4,B8",2,1
6939,9778,B8,1,1
6939,9799,B8,1,1
6939,9804,"B4,G4",2,2
6939,9811,"B4,B8",2,1
6939,9812,"B4,B8,G4",3,2
6939,9824,"B8,G4",2,2
6939,9932,B8,1,1
6960,9665,"A3,G4",2,2
6960,9676,"B8,G4",2,2
6960,9736,"B8,G4",2,2
6960,9738,"B8,G4",2,2
6960,9744,"A3,G4",2,2
6960,9745,"A3,B8,G4",3,3
6960,9752,"A3,B8,G4",3,3
6960,9756,"B8,G4",2,2
6960,9770,"B8,G4",2,2
6960,9771,"A3,B8,G4",3,3
6960,9780,"B8,G4",2,2
6960,9781,"B8,G4",2,2
6960,9812,"B8,G4",2,2
6960,9814,"B8,G4",2,2
6960,9817,"B8,G4",2,2
6960,9826,"B8,G4",2,2
6960,9897,"A3,B8,G4",3,3
6960,9955,"B8,G4",2,2
6961,9669,"B8,G4",2,2
6961,9670,"B8,G4",2,2
6961,9671,G4,1,1
6961,9706,"B8,G4",2,2
6961,9762,"B8,G4",2,2
6961,9764,"B8,G4",2,2
6961,9774,"B8,G4",2,2
6961,9775,"A4,B8,G4",3,3
6961,9788,"B8,G4",2,2
6961,9794,"B8,G4",2,2
6961,9810,"B8,G4",2,2
6961,9816,"B8,G4",2,2
6961,9848,"B8,G4",2,2
6961,9849,"B8,G4",2,2
6961,9876,"B8,G4",2,2
6961,9889,"A3,B8,G4",3,3
6961,9895,"B8,G4",2,2
6961,9932,"B8,G4",2,2
7011,9663,A3,1,1
7011,9664,"A3,G4",2,2
7011,9677,"A3,G4",2,2
7011,9710,"A3,B8,G4",3,3
7011,9733,"A3,B8,G4",3,3
7011,9734,"B8,G4",2,2
7011,9737,"B8,G4",2,2
7011,9741,"A3,B8,G4",3,3
7011,9742,G4,1,1
7011,9743,"A3,B8,G4",3,3
7011,9746,"B8,G4",2,2
7011,9758,,0,0
7011,9769,"A3,B8,G4",3,3
7011,9779,"B8,G4",2,2
7011,9782,B8,1,1
7011,9783,"A3,B8,G4",3,3
7011,9785,"B8,G4",2,2
7011,9796,"B8,G4",2,2
7011,9801,G4,1,1
7011,9807,"A3,B8,G4",3,3
7011,9808,"A3,B8,G4",3,3
7011,9819,"A3,B8,G4",3,3
7011,9825,"B8,G4",2,2
7011,9827,"B8,G4",2,2
7011,9829,"A3,B8,G4",3,3
7011,9841,"B8,G4",2,2
7011,9871,"A3,B8,G4",3,3
7011,9940,"B8,G4",2,2
7014,9662,"B8,G4",2,2
7014,9666,G4,1,1
7014,9668,A2,1,1
7014,9690,"B8,G4",2,2
7014,9735,"B8,G4",2,2
7014,9751,"B8,G4",2,2
7014,9778,"B8,G4",2,2
7014,9806,"B8,G4",2,2
7014,9809,"B8,G4",2,2
7014,9815,G4,1,1
7014,9822,"B8,G4",2,2
7014,9880,"A3,B8,G4",3,3
7014,9890,G4,1,1
7014,9947,"B8,G4",2,2
7014,9956,"B8,G4",2,2
7014,9957,"A3,B8",2,2
7014,9958,"B8,G4",2,2
