question,PC3,respostas,ocorrencias_pc3,pct_cometeram,pct_nao_cometeram,taxa_acerto
1018,G4,37,10,27.027027027027028,72.97297297297297,0.8717948717948718
1018,B8,37,0,0.0,100.0,0.8717948717948718
1018,B4,37,0,0.0,100.0,0.8717948717948718
1018,B9,37,0,0.0,100.0,0.8717948717948718
1019,G4,35,9,25.71428571428571,74.28571428571429,0.868421052631579
1019,B8,35,0,0.0,100.0,0.868421052631579
1019,B4,35,0,0.0,100.0,0.868421052631579
1019,B9,35,0,0.0,100.0,0.868421052631579
1002,G4,42,8,19.047619047619047,80.95238095238095,0.868421052631579
1002,B8,42,0,0.0,100.0,0.868421052631579
1002,B4,42,0,0.0,100.0,0.868421052631579
1002,B9,42,0,0.0,100.0,0.868421052631579
1021,G4,32,9,28.125,71.875,0.875
1021,B8,32,0,0.0,100.0,0.875
1021,B4,32,0,0.0,100.0,0.875
1021,B9,32,0,0.0,100.0,0.875
1022,G4,33,5,15.151515151515152,84.84848484848484,0.7941176470588235
1022,B8,33,0,0.0,100.0,0.7941176470588235
1022,B4,33,0,0.0,100.0,0.7941176470588235
1022,B9,33,0,0.0,100.0,0.7941176470588235
1020,G4,40,14,35.0,65.0,0.875
1020,B8,40,0,0.0,100.0,0.875
1020,B4,40,0,0.0,100.0,0.875
1020,B9,40,0,0.0,100.0,0.875
1023,G4,35,15,42.857142857142854,57.14285714285714,0.9142857142857144
1023,B8,35,0,0.0,100.0,0.9142857142857144
1023,B4,35,0,0.0,100.0,0.9142857142857144
1023,B9,35,0,0.0,100.0,0.9142857142857144
1024,G4,43,4,9.30232558139535,90.69767441860465,0.8292682926829268
1024,B8,43,0,0.0,100.0,0.8292682926829268
1024,B4,43,0,0.0,100.0,0.8292682926829268
1024,B9,43,0,0.0,100.0,0.8292682926829268
1025,G4,37,8,21.62162162162162,78.37837837837837,0.8571428571428571
1025,B8,37,0,0.0,100.0,0.8571428571428571
1025,B4,37,0,0.0,100.0,0.8571428571428571
1025,B9,37,0,0.0,100.0,0.8571428571428571
1026,G4,39,10,25.64102564102564,74.35897435897436,0.8285714285714286
1026,B8,39,0,0.0,100.0,0.8285714285714286
1026,B4,39,0,0.0,100.0,0.8285714285714286
1026,B9,39,0,0.0,100.0,0.8285714285714286
1028,G4,106,38,35.84905660377358,64.15094339622641,0.7870370370370371
1028,B8,106,0,0.0,100.0,0.7870370370370371
1028,B4,106,0,0.0,100.0,0.7870370370370371
1028,B9,106,0,0.0,100.0,0.7870370370370371
1027,G4,115,37,32.17391304347826,67.82608695652173,0.8403361344537815
1027,B8,115,0,0.0,100.0,0.8403361344537815
1027,B4,115,0,0.0,100.0,0.8403361344537815
1027,B9,115,0,0.0,100.0,0.8403361344537815
1029,G4,121,42,34.710743801652896,65.28925619834712,0.7559055118110236
1029,B8,121,0,0.0,100.0,0.7559055118110236
1029,B4,121,0,0.0,100.0,0.7559055118110236
1029,B9,121,0,0.0,100.0,0.7559055118110236
1030,G4,118,44,37.28813559322034,62.71186440677966,0.8660714285714286
1030,B8,118,0,0.0,100.0,0.8660714285714286
1030,B4,118,0,0.0,100.0,0.8660714285714286
1030,B9,118,0,0.0,100.0,0.8660714285714286
1031,G4,102,37,36.27450980392157,63.725490196078425,0.7864077669902912
1031,B8,102,0,0.0,100.0,0.7864077669902912
1031,B4,102,0,0.0,100.0,0.7864077669902912
1031,B9,102,0,0.0,100.0,0.7864077669902912
1033,G4,53,9,16.9811320754717,83.01886792452831,0.7551020408163265
1033,B8,53,0,0.0,100.0,0.7551020408163265
1033,B4,53,0,0.0,100.0,0.7551020408163265
1033,B9,53,0,0.0,100.0,0.7551020408163265
1032,G4,112,41,36.607142857142854,63.39285714285714,0.868421052631579
1032,B8,112,0,0.0,100.0,0.868421052631579
1032,B4,112,0,0.0,100.0,0.868421052631579
1032,B9,112,0,0.0,100.0,0.868421052631579
1034,G4,51,10,19.607843137254903,80.3921568627451,0.8076923076923077
1034,B8,51,0,0.0,100.0,0.8076923076923077
1034,B4,51,0,0.0,100.0,0.8076923076923077
1034,B9,51,0,0.0,100.0,0.8076923076923077
1036,G4,40,8,20.0,80.0,0.8461538461538461
1036,B8,40,0,0.0,100.0,0.8461538461538461
1036,B4,40,0,0.0,100.0,0.8461538461538461
1036,B9,40,0,0.0,100.0,0.8461538461538461
1035,G4,47,12,25.53191489361702,74.46808510638297,0.8260869565217391
1035,B8,47,0,0.0,100.0,0.8260869565217391
1035,B4,47,0,0.0,100.0,0.8260869565217391
1035,B9,47,0,0.0,100.0,0.8260869565217391
1037,G4,52,11,21.153846153846153,78.84615384615384,0.74
1037,B8,52,0,0.0,100.0,0.74
1037,B4,52,0,0.0,100.0,0.74
1037,B9,52,0,0.0,100.0,0.74
1038,G4,45,7,15.555555555555555,84.44444444444444,0.7954545454545454
1038,B8,45,0,0.0,100.0,0.7954545454545454
1038,B4,45,0,0.0,100.0,0.7954545454545454
1038,B9,45,0,0.0,100.0,0.7954545454545454
1080,G4,57,42,73.68421052631578,26.31578947368421,0.9295774647887324
1080,B8,57,0,0.0,100.0,0.9295774647887324
1080,B4,57,1,1.7543859649122806,98.24561403508771,0.9295774647887324
1080,B9,57,0,0.0,100.0,0.9295774647887324
1081,G4,83,43,51.80722891566265,48.19277108433735,0.9390243902439024
1081,B8,83,0,0.0,100.0,0.9390243902439024
1081,B4,83,0,0.0,100.0,0.9390243902439024
1081,B9,83,0,0.0,100.0,0.9390243902439024
1082,G4,77,55,71.42857142857143,28.57142857142857,0.9146341463414634
1082,B8,77,0,0.0,100.0,0.9146341463414634
1082,B4,77,0,0.0,100.0,0.9146341463414634
1082,B9,77,0,0.0,100.0,0.9146341463414634
1083,G4,65,38,58.46153846153847,41.53846153846154,0.8714285714285714
1083,B8,65,0,0.0,100.0,0.8714285714285714
1083,B4,65,0,0.0,100.0,0.8714285714285714
1083,B9,65,0,0.0,100.0,0.8714285714285714
1084,G4,63,40,63.49206349206349,36.507936507936506,0.9104477611940298
1084,B8,63,0,0.0,100.0,0.9104477611940298
1084,B4,63,0,0.0,100.0,0.9104477611940298
1084,B9,63,0,0.0,100.0,0.9104477611940298
1085,G4,76,52,68.42105263157895,31.57894736842105,0.9135802469135802
1085,B8,76,2,2.631578947368421,97.36842105263158,0.9135802469135802
1085,B4,76,0,0.0,100.0,0.9135802469135802
1085,B9,76,2,2.631578947368421,97.36842105263158,0.9135802469135802
1086,G4,75,46,61.33333333333333,38.666666666666664,0.9629629629629628
1086,B8,75,0,0.0,100.0,0.9629629629629628
1086,B4,75,0,0.0,100.0,0.9629629629629628
1086,B9,75,0,0.0,100.0,0.9629629629629628
1087,G4,78,48,61.53846153846154,38.46153846153847,0.9404761904761904
1087,B8,78,0,0.0,100.0,0.9404761904761904
1087,B4,78,0,0.0,100.0,0.9404761904761904
1087,B9,78,0,0.0,100.0,0.9404761904761904
1088,G4,67,47,70.1492537313433,29.850746268656714,0.958904109589041
1088,B8,67,0,0.0,100.0,0.958904109589041
1088,B4,67,0,0.0,100.0,0.958904109589041
1088,B9,67,0,0.0,100.0,0.958904109589041
1089,G4,65,18,27.692307692307693,72.3076923076923,0.84375
1089,B8,65,0,0.0,100.0,0.84375
1089,B4,65,0,0.0,100.0,0.84375
1089,B9,65,0,0.0,100.0,0.84375
1090,G4,62,22,35.483870967741936,64.51612903225806,0.8387096774193549
1090,B8,62,0,0.0,100.0,0.8387096774193549
1090,B4,62,0,0.0,100.0,0.8387096774193549
1090,B9,62,0,0.0,100.0,0.8387096774193549
1091,G4,65,44,67.6923076923077,32.30769230769231,0.8125
1091,B8,65,0,0.0,100.0,0.8125
1091,B4,65,1,1.5384615384615385,98.46153846153847,0.8125
1091,B9,65,0,0.0,100.0,0.8125
1092,G4,83,41,49.39759036144578,50.602409638554214,0.6621621621621622
1092,B8,83,0,0.0,100.0,0.6621621621621622
1092,B4,83,0,0.0,100.0,0.6621621621621622
1092,B9,83,0,0.0,100.0,0.6621621621621622
1093,G4,94,59,62.76595744680851,37.234042553191486,0.6704545454545454
1093,B8,94,0,0.0,100.0,0.6704545454545454
1093,B4,94,0,0.0,100.0,0.6704545454545454
1093,B9,94,0,0.0,100.0,0.6704545454545454
1094,G4,79,48,60.75949367088608,39.24050632911392,0.6521739130434783
1094,B8,79,0,0.0,100.0,0.6521739130434783
1094,B4,79,0,0.0,100.0,0.6521739130434783
1094,B9,79,0,0.0,100.0,0.6521739130434783
1095,G4,84,49,58.333333333333336,41.66666666666667,0.5945945945945946
1095,B8,84,0,0.0,100.0,0.5945945945945946
1095,B4,84,0,0.0,100.0,0.5945945945945946
1095,B9,84,0,0.0,100.0,0.5945945945945946
1096,G4,84,41,48.80952380952381,51.19047619047619,0.4729729729729729
1096,B8,84,0,0.0,100.0,0.4729729729729729
1096,B4,84,0,0.0,100.0,0.4729729729729729
1096,B9,84,0,0.0,100.0,0.4729729729729729
1097,G4,95,45,47.368421052631575,52.63157894736842,0.7142857142857143
1097,B8,95,0,0.0,100.0,0.7142857142857143
1097,B4,95,0,0.0,100.0,0.7142857142857143
1097,B9,95,0,0.0,100.0,0.7142857142857143
1098,G4,88,52,59.09090909090909,40.909090909090914,0.7534246575342466
1098,B8,88,0,0.0,100.0,0.7534246575342466
1098,B4,88,0,0.0,100.0,0.7534246575342466
1098,B9,88,0,0.0,100.0,0.7534246575342466
1110,G4,34,16,47.05882352941176,52.94117647058824,0.625
1110,B8,34,13,38.23529411764706,61.76470588235294,0.625
1110,B4,34,1,2.941176470588235,97.05882352941177,0.625
1110,B9,34,0,0.0,100.0,0.625
1112,G4,31,13,41.935483870967744,58.06451612903226,0.6206896551724138
1112,B8,31,8,25.806451612903224,74.19354838709677,0.6206896551724138
1112,B4,31,0,0.0,100.0,0.6206896551724138
1112,B9,31,9,29.03225806451613,70.96774193548387,0.6206896551724138
1109,G4,74,25,33.78378378378378,66.21621621621621,0.4666666666666667
1109,B8,74,33,44.5945945945946,55.4054054054054,0.4666666666666667
1109,B4,74,2,2.7027027027027026,97.2972972972973,0.4666666666666667
1109,B9,74,12,16.216216216216218,83.78378378378379,0.4666666666666667
1111,G4,57,35,61.40350877192983,38.59649122807017,0.5384615384615384
1111,B8,57,20,35.08771929824561,64.91228070175438,0.5384615384615384
1111,B4,57,1,1.7543859649122806,98.24561403508771,0.5384615384615384
1111,B9,57,20,35.08771929824561,64.91228070175438,0.5384615384615384
1113,G4,63,25,39.682539682539684,60.317460317460316,0.6181818181818182
1113,B8,63,26,41.269841269841265,58.730158730158735,0.6181818181818182
1113,B4,63,2,3.1746031746031744,96.82539682539682,0.6181818181818182
1113,B9,63,5,7.936507936507936,92.06349206349206,0.6181818181818182
1114,G4,73,42,57.534246575342465,42.465753424657535,0.4642857142857143
1114,B8,73,31,42.465753424657535,57.534246575342465,0.4642857142857143
1114,B4,73,10,13.698630136986301,86.3013698630137,0.4642857142857143
1114,B9,73,7,9.58904109589041,90.41095890410958,0.4642857142857143
1116,G4,34,24,70.58823529411765,29.411764705882355,0.5588235294117647
1116,B8,34,14,41.17647058823529,58.82352941176471,0.5588235294117647
1116,B4,34,4,11.76470588235294,88.23529411764706,0.5588235294117647
1116,B9,34,0,0.0,100.0,0.5588235294117647
1115,G4,84,38,45.23809523809524,54.761904761904766,0.5428571428571428
1115,B8,84,28,33.33333333333333,66.66666666666666,0.5428571428571428
1115,B4,84,6,7.142857142857142,92.85714285714286,0.5428571428571428
1115,B9,84,0,0.0,100.0,0.5428571428571428
1118,G4,56,5,8.928571428571429,91.07142857142857,0.8571428571428571
1118,B8,56,3,5.357142857142857,94.64285714285714,0.8571428571428571
1118,B4,56,0,0.0,100.0,0.8571428571428571
1118,B9,56,0,0.0,100.0,0.8571428571428571
1117,G4,56,15,26.785714285714285,73.21428571428571,0.3333333333333333
1117,B8,56,12,21.428571428571427,78.57142857142857,0.3333333333333333
1117,B4,56,10,17.857142857142858,82.14285714285714,0.3333333333333333
1117,B9,56,0,0.0,100.0,0.3333333333333333
1119,G4,76,64,84.21052631578947,15.789473684210526,0.875
1119,B8,76,9,11.842105263157894,88.1578947368421,0.875
1119,B4,76,2,2.631578947368421,97.36842105263158,0.875
1119,B9,76,0,0.0,100.0,0.875
1120,G4,58,44,75.86206896551724,24.137931034482758,0.8214285714285714
1120,B8,58,6,10.344827586206897,89.65517241379311,0.8214285714285714
1120,B4,58,0,0.0,100.0,0.8214285714285714
1120,B9,58,0,0.0,100.0,0.8214285714285714
1122,G4,75,47,62.66666666666667,37.333333333333336,0.8666666666666667
1122,B8,75,10,13.333333333333334,86.66666666666667,0.8666666666666667
1122,B4,75,1,1.3333333333333335,98.66666666666667,0.8666666666666667
1122,B9,75,0,0.0,100.0,0.8666666666666667
1125,G4,48,40,83.33333333333334,16.666666666666664,0.9591836734693876
1125,B8,48,5,10.416666666666668,89.58333333333334,0.9591836734693876
1125,B4,48,0,0.0,100.0,0.9591836734693876
1125,B9,48,0,0.0,100.0,0.9591836734693876
1126,G4,53,38,71.69811320754717,28.30188679245283,0.8813559322033898
1126,B8,53,8,15.09433962264151,84.90566037735849,0.8813559322033898
1126,B4,53,2,3.7735849056603774,96.22641509433963,0.8813559322033898
1126,B9,53,1,1.8867924528301887,98.11320754716981,0.8813559322033898
1127,G4,58,38,65.51724137931035,34.48275862068966,0.8793103448275862
1127,B8,58,8,13.793103448275861,86.20689655172413,0.8793103448275862
1127,B4,58,0,0.0,100.0,0.8793103448275862
1127,B9,58,0,0.0,100.0,0.8793103448275862
1146,G4,48,33,68.75,31.25,0.8571428571428571
1146,B8,48,7,14.583333333333334,85.41666666666666,0.8571428571428571
1146,B4,48,1,2.083333333333333,97.91666666666666,0.8571428571428571
1146,B9,48,0,0.0,100.0,0.8571428571428571
1147,G4,49,42,85.71428571428571,14.285714285714285,0.8979591836734694
1147,B8,49,8,16.3265306122449,83.6734693877551,0.8979591836734694
1147,B4,49,44,89.79591836734694,10.204081632653061,0.8979591836734694
1147,B9,49,0,0.0,100.0,0.8979591836734694
1149,G4,47,29,61.702127659574465,38.297872340425535,0.8936170212765957
1149,B8,47,10,21.27659574468085,78.72340425531915,0.8936170212765957
1149,B4,47,1,2.127659574468085,97.87234042553192,0.8936170212765957
1149,B9,47,0,0.0,100.0,0.8936170212765957
1148,G4,57,42,73.68421052631578,26.31578947368421,0.8852459016393442
1148,B8,57,7,12.280701754385964,87.71929824561403,0.8852459016393442
1148,B4,57,2,3.508771929824561,96.49122807017544,0.8852459016393442
1148,B9,57,0,0.0,100.0,0.8852459016393442
1152,G4,34,18,52.94117647058824,47.05882352941176,0.8387096774193549
1152,B8,34,0,0.0,100.0,0.8387096774193549
1152,B4,34,0,0.0,100.0,0.8387096774193549
1152,B9,34,0,0.0,100.0,0.8387096774193549
1153,G4,23,10,43.47826086956522,56.52173913043478,0.7058823529411765
1153,B8,23,0,0.0,100.0,0.7058823529411765
1153,B4,23,0,0.0,100.0,0.7058823529411765
1153,B9,23,0,0.0,100.0,0.7058823529411765
1154,G4,32,20,62.5,37.5,0.7727272727272727
1154,B8,32,0,0.0,100.0,0.7727272727272727
1154,B4,32,0,0.0,100.0,0.7727272727272727
1154,B9,32,0,0.0,100.0,0.7727272727272727
1155,G4,29,17,58.620689655172406,41.37931034482759,0.9047619047619048
1155,B8,29,0,0.0,100.0,0.9047619047619048
1155,B4,29,0,0.0,100.0,0.9047619047619048
1155,B9,29,0,0.0,100.0,0.9047619047619048
1156,G4,19,10,52.63157894736842,47.368421052631575,0.7692307692307693
1156,B8,19,0,0.0,100.0,0.7692307692307693
1156,B4,19,0,0.0,100.0,0.7692307692307693
1156,B9,19,0,0.0,100.0,0.7692307692307693
1158,G4,27,12,44.44444444444444,55.55555555555556,0.8947368421052632
1158,B8,27,0,0.0,100.0,0.8947368421052632
1158,B4,27,0,0.0,100.0,0.8947368421052632
1158,B9,27,0,0.0,100.0,0.8947368421052632
1157,G4,32,17,53.125,46.875,0.8620689655172413
1157,B8,32,0,0.0,100.0,0.8620689655172413
1157,B4,32,0,0.0,100.0,0.8620689655172413
1157,B9,32,0,0.0,100.0,0.8620689655172413
1159,G4,26,18,69.23076923076923,30.76923076923077,0.72
1159,B8,26,0,0.0,100.0,0.72
1159,B4,26,0,0.0,100.0,0.72
1159,B9,26,0,0.0,100.0,0.72
1160,G4,23,15,65.21739130434783,34.78260869565217,0.8
1160,B8,23,0,0.0,100.0,0.8
1160,B4,23,0,0.0,100.0,0.8
1160,B9,23,0,0.0,100.0,0.8
1162,G4,22,8,36.36363636363637,63.63636363636363,0.6666666666666666
1162,B8,22,0,0.0,100.0,0.6666666666666666
1162,B4,22,0,0.0,100.0,0.6666666666666666
1162,B9,22,0,0.0,100.0,0.6666666666666666
1161,G4,37,29,78.37837837837837,21.62162162162162,0.8888888888888888
1161,B8,37,0,0.0,100.0,0.8888888888888888
1161,B4,37,0,0.0,100.0,0.8888888888888888
1161,B9,37,0,0.0,100.0,0.8888888888888888
1163,G4,26,13,50.0,50.0,0.8636363636363636
1163,B8,26,0,0.0,100.0,0.8636363636363636
1163,B4,26,0,0.0,100.0,0.8636363636363636
1163,B9,26,0,0.0,100.0,0.8636363636363636
1165,G4,22,16,72.72727272727273,27.27272727272727,0.7058823529411765
1165,B8,22,0,0.0,100.0,0.7058823529411765
1165,B4,22,0,0.0,100.0,0.7058823529411765
1165,B9,22,0,0.0,100.0,0.7058823529411765
1164,G4,28,20,71.42857142857143,28.57142857142857,0.8181818181818182
1164,B8,28,0,0.0,100.0,0.8181818181818182
1164,B4,28,0,0.0,100.0,0.8181818181818182
1164,B9,28,0,0.0,100.0,0.8181818181818182
1166,G4,25,17,68.0,32.0,0.631578947368421
1166,B8,25,0,0.0,100.0,0.631578947368421
1166,B4,25,1,4.0,96.0,0.631578947368421
1166,B9,25,0,0.0,100.0,0.631578947368421
1168,G4,19,14,73.68421052631578,26.31578947368421,0.5714285714285714
1168,B8,19,0,0.0,100.0,0.5714285714285714
1168,B4,19,0,0.0,100.0,0.5714285714285714
1168,B9,19,0,0.0,100.0,0.5714285714285714
1167,G4,32,23,71.875,28.125,0.8333333333333334
1167,B8,32,0,0.0,100.0,0.8333333333333334
1167,B4,32,0,0.0,100.0,0.8333333333333334
1167,B9,32,0,0.0,100.0,0.8333333333333334
1169,G4,23,15,65.21739130434783,34.78260869565217,0.625
1169,B8,23,0,0.0,100.0,0.625
1169,B4,23,0,0.0,100.0,0.625
1169,B9,23,0,0.0,100.0,0.625
1170,G4,25,19,76.0,24.0,0.6
1170,B8,25,0,0.0,100.0,0.6
1170,B4,25,0,0.0,100.0,0.6
1170,B9,25,0,0.0,100.0,0.6
1171,G4,20,13,65.0,35.0,0.75
1171,B8,20,0,0.0,100.0,0.75
1171,B4,20,0,0.0,100.0,0.75
1171,B9,20,0,0.0,100.0,0.75
1172,G4,20,13,65.0,35.0,0.7058823529411765
1172,B8,20,0,0.0,100.0,0.7058823529411765
1172,B4,20,1,5.0,95.0,0.7058823529411765
1172,B9,20,0,0.0,100.0,0.7058823529411765
1173,G4,17,9,52.94117647058824,47.05882352941176,0.6
1173,B8,17,0,0.0,100.0,0.6
1173,B4,17,0,0.0,100.0,0.6
1173,B9,17,0,0.0,100.0,0.6
1192,G4,23,14,60.86956521739131,39.130434782608695,0.5714285714285714
1192,B8,23,0,0.0,100.0,0.5714285714285714
1192,B4,23,0,0.0,100.0,0.5714285714285714
1192,B9,23,0,0.0,100.0,0.5714285714285714
1175,G4,34,28,82.35294117647058,17.647058823529413,0.8064516129032258
1175,B8,34,0,0.0,100.0,0.8064516129032258
1175,B4,34,1,2.941176470588235,97.05882352941177,0.8064516129032258
1175,B9,34,0,0.0,100.0,0.8064516129032258
1174,G4,31,28,90.32258064516128,9.67741935483871,0.7586206896551724
1174,B8,31,0,0.0,100.0,0.7586206896551724
1174,B4,31,0,0.0,100.0,0.7586206896551724
1174,B9,31,0,0.0,100.0,0.7586206896551724
1194,G4,20,18,90.0,10.0,0.8333333333333334
1194,B8,20,0,0.0,100.0,0.8333333333333334
1194,B4,20,0,0.0,100.0,0.8333333333333334
1194,B9,20,0,0.0,100.0,0.8333333333333334
1193,G4,27,18,66.66666666666666,33.33333333333333,0.6896551724137931
1193,B8,27,0,0.0,100.0,0.6896551724137931
1193,B4,27,0,0.0,100.0,0.6896551724137931
1193,B9,27,0,0.0,100.0,0.6896551724137931
1196,G4,25,18,72.0,28.000000000000004,0.7391304347826086
1196,B8,25,0,0.0,100.0,0.7391304347826086
1196,B4,25,0,0.0,100.0,0.7391304347826086
1196,B9,25,0,0.0,100.0,0.7391304347826086
1198,G4,18,13,72.22222222222221,27.77777777777778,0.7777777777777778
1198,B8,18,0,0.0,100.0,0.7777777777777778
1198,B4,18,0,0.0,100.0,0.7777777777777778
1198,B9,18,0,0.0,100.0,0.7777777777777778
1199,G4,16,12,75.0,25.0,0.6428571428571429
1199,B8,16,0,0.0,100.0,0.6428571428571429
1199,B4,16,0,0.0,100.0,0.6428571428571429
1199,B9,16,0,0.0,100.0,0.6428571428571429
1197,G4,29,20,68.96551724137932,31.03448275862069,0.5833333333333334
1197,B8,29,0,0.0,100.0,0.5833333333333334
1197,B4,29,0,0.0,100.0,0.5833333333333334
1197,B9,29,0,0.0,100.0,0.5833333333333334
1201,G4,21,16,76.19047619047619,23.809523809523807,0.6666666666666666
1201,B8,21,0,0.0,100.0,0.6666666666666666
1201,B4,21,0,0.0,100.0,0.6666666666666666
1201,B9,21,0,0.0,100.0,0.6666666666666666
1200,G4,28,22,78.57142857142857,21.428571428571427,0.782608695652174
1200,B8,28,0,0.0,100.0,0.782608695652174
1200,B4,28,0,0.0,100.0,0.782608695652174
1200,B9,28,0,0.0,100.0,0.782608695652174
1202,G4,21,13,61.904761904761905,38.095238095238095,0.5
1202,B8,21,0,0.0,100.0,0.5
1202,B4,21,0,0.0,100.0,0.5
1202,B9,21,0,0.0,100.0,0.5
1203,G4,21,9,42.857142857142854,57.14285714285714,0.7619047619047619
1203,B8,21,0,0.0,100.0,0.7619047619047619
1203,B4,21,0,0.0,100.0,0.7619047619047619
1203,B9,21,0,0.0,100.0,0.7619047619047619
1204,G4,20,10,50.0,50.0,0.85
1204,B8,20,0,0.0,100.0,0.85
1204,B4,20,0,0.0,100.0,0.85
1204,B9,20,0,0.0,100.0,0.85
1206,G4,24,12,50.0,50.0,1.0
1206,B8,24,0,0.0,100.0,1.0
1206,B4,24,0,0.0,100.0,1.0
1206,B9,24,0,0.0,100.0,1.0
1207,G4,17,11,64.70588235294117,35.294117647058826,0.8947368421052632
1207,B8,17,0,0.0,100.0,0.8947368421052632
1207,B4,17,1,5.88235294117647,94.11764705882352,0.8947368421052632
1207,B9,17,0,0.0,100.0,0.8947368421052632
1205,G4,30,15,50.0,50.0,0.90625
1205,B8,30,0,0.0,100.0,0.90625
1205,B4,30,0,0.0,100.0,0.90625
1205,B9,30,0,0.0,100.0,0.90625
1208,G4,19,10,52.63157894736842,47.368421052631575,0.7894736842105263
1208,B8,19,0,0.0,100.0,0.7894736842105263
1208,B4,19,0,0.0,100.0,0.7894736842105263
1208,B9,19,0,0.0,100.0,0.7894736842105263
1209,G4,18,14,77.77777777777779,22.22222222222222,1.0
1209,B8,18,0,0.0,100.0,1.0
1209,B4,18,0,0.0,100.0,1.0
1209,B9,18,0,0.0,100.0,1.0
1210,G4,28,14,50.0,50.0,0.7096774193548387
1210,B8,28,0,0.0,100.0,0.7096774193548387
1210,B4,28,0,0.0,100.0,0.7096774193548387
1210,B9,28,0,0.0,100.0,0.7096774193548387
1211,G4,22,16,72.72727272727273,27.27272727272727,0.84
1211,B8,22,0,0.0,100.0,0.84
1211,B4,22,0,0.0,100.0,0.84
1211,B9,22,0,0.0,100.0,0.84
1212,G4,27,17,62.96296296296296,37.03703703703704,0.8928571428571429
1212,B8,27,0,0.0,100.0,0.8928571428571429
1212,B4,27,0,0.0,100.0,0.8928571428571429
1212,B9,27,0,0.0,100.0,0.8928571428571429
1213,G4,21,15,71.42857142857143,28.57142857142857,0.8823529411764706
1213,B8,21,0,0.0,100.0,0.8823529411764706
1213,B4,21,0,0.0,100.0,0.8823529411764706
1213,B9,21,0,0.0,100.0,0.8823529411764706
1214,G4,17,13,76.47058823529412,23.52941176470588,0.9473684210526316
1214,B8,17,0,0.0,100.0,0.9473684210526316
1214,B4,17,0,0.0,100.0,0.9473684210526316
1214,B9,17,0,0.0,100.0,0.9473684210526316
1225,G4,23,21,91.30434782608695,8.695652173913043,0.8947368421052632
1225,B8,23,0,0.0,100.0,0.8947368421052632
1225,B4,23,0,0.0,100.0,0.8947368421052632
1225,B9,23,0,0.0,100.0,0.8947368421052632
1246,G4,18,16,88.88888888888889,11.11111111111111,0.7222222222222222
1246,B8,18,9,50.0,50.0,0.7222222222222222
1246,B4,18,0,0.0,100.0,0.7222222222222222
1246,B9,18,0,0.0,100.0,0.7222222222222222
1247,G4,30,27,90.0,10.0,0.8666666666666667
1247,B8,30,21,70.0,30.0,0.8666666666666667
1247,B4,30,0,0.0,100.0,0.8666666666666667
1247,B9,30,0,0.0,100.0,0.8666666666666667
1249,G4,21,20,95.23809523809523,4.761904761904762,0.8260869565217391
1249,B8,21,15,71.42857142857143,28.57142857142857,0.8260869565217391
1249,B4,21,0,0.0,100.0,0.8260869565217391
1249,B9,21,0,0.0,100.0,0.8260869565217391
1248,G4,22,22,100.0,0.0,0.6956521739130435
1248,B8,22,12,54.54545454545454,45.45454545454545,0.6956521739130435
1248,B4,22,0,0.0,100.0,0.6956521739130435
1248,B9,22,0,0.0,100.0,0.6956521739130435
1250,G4,22,19,86.36363636363636,13.636363636363635,0.8636363636363636
1250,B8,22,16,72.72727272727273,27.27272727272727,0.8636363636363636
1250,B4,22,0,0.0,100.0,0.8636363636363636
1250,B9,22,0,0.0,100.0,0.8636363636363636
1251,G4,23,17,73.91304347826086,26.08695652173913,0.8260869565217391
1251,B8,23,11,47.82608695652174,52.17391304347826,0.8260869565217391
1251,B4,23,0,0.0,100.0,0.8260869565217391
1251,B9,23,0,0.0,100.0,0.8260869565217391
1252,G4,30,26,86.66666666666667,13.333333333333334,0.84375
1252,B8,30,20,66.66666666666666,33.33333333333333,0.84375
1252,B4,30,0,0.0,100.0,0.84375
1252,B9,30,0,0.0,100.0,0.84375
1254,G4,18,18,100.0,0.0,0.9473684210526316
1254,B8,18,18,100.0,0.0,0.9473684210526316
1254,B4,18,0,0.0,100.0,0.9473684210526316
1254,B9,18,0,0.0,100.0,0.9473684210526316
1253,G4,26,24,92.3076923076923,7.6923076923076925,0.8214285714285714
1253,B8,26,16,61.53846153846154,38.46153846153847,0.8214285714285714
1253,B4,26,0,0.0,100.0,0.8214285714285714
1253,B9,26,0,0.0,100.0,0.8214285714285714
1255,G4,18,14,77.77777777777779,22.22222222222222,0.7894736842105263
1255,B8,18,9,50.0,50.0,0.7894736842105263
1255,B4,18,0,0.0,100.0,0.7894736842105263
1255,B9,18,0,0.0,100.0,0.7894736842105263
1260,G4,20,15,75.0,25.0,0.631578947368421
1260,B8,20,0,0.0,100.0,0.631578947368421
1260,B4,20,0,0.0,100.0,0.631578947368421
1260,B9,20,0,0.0,100.0,0.631578947368421
1257,G4,22,19,86.36363636363636,13.636363636363635,0.9615384615384616
1257,B8,22,15,68.18181818181817,31.818181818181817,0.9615384615384616
1257,B4,22,0,0.0,100.0,0.9615384615384616
1257,B9,22,0,0.0,100.0,0.9615384615384616
1258,G4,28,21,75.0,25.0,0.6521739130434783
1258,B8,28,0,0.0,100.0,0.6521739130434783
1258,B4,28,0,0.0,100.0,0.6521739130434783
1258,B9,28,0,0.0,100.0,0.6521739130434783
1262,G4,18,16,88.88888888888889,11.11111111111111,0.8947368421052632
1262,B8,18,0,0.0,100.0,0.8947368421052632
1262,B4,18,0,0.0,100.0,0.8947368421052632
1262,B9,18,0,0.0,100.0,0.8947368421052632
1261,G4,24,19,79.16666666666666,20.833333333333336,0.6666666666666666
1261,B8,24,0,0.0,100.0,0.6666666666666666
1261,B4,24,0,0.0,100.0,0.6666666666666666
1261,B9,24,0,0.0,100.0,0.6666666666666666
1263,G4,21,15,71.42857142857143,28.57142857142857,0.6111111111111112
1263,B8,21,0,0.0,100.0,0.6111111111111112
1263,B4,21,0,0.0,100.0,0.6111111111111112
1263,B9,21,0,0.0,100.0,0.6111111111111112
1264,G4,18,16,88.88888888888889,11.11111111111111,0.7058823529411765
1264,B8,18,0,0.0,100.0,0.7058823529411765
1264,B4,18,0,0.0,100.0,0.7058823529411765
1264,B9,18,0,0.0,100.0,0.7058823529411765
1266,G4,18,17,94.44444444444444,5.555555555555555,0.5555555555555556
1266,B8,18,0,0.0,100.0,0.5555555555555556
1266,B4,18,0,0.0,100.0,0.5555555555555556
1266,B9,18,0,0.0,100.0,0.5555555555555556
1265,G4,27,23,85.18518518518519,14.814814814814813,0.7083333333333334
1265,B8,27,0,0.0,100.0,0.7083333333333334
1265,B4,27,0,0.0,100.0,0.7083333333333334
1265,B9,27,0,0.0,100.0,0.7083333333333334
1269,G4,22,15,68.18181818181817,31.818181818181817,0.3157894736842105
1269,B8,22,0,0.0,100.0,0.3157894736842105
1269,B4,22,0,0.0,100.0,0.3157894736842105
1269,B9,22,0,0.0,100.0,0.3157894736842105
1350,G4,16,7,43.75,56.25,0.7931034482758621
1350,B8,16,0,0.0,100.0,0.7931034482758621
1350,B4,16,0,0.0,100.0,0.7931034482758621
1350,B9,16,0,0.0,100.0,0.7931034482758621
1349,G4,21,12,57.14285714285714,42.857142857142854,0.6956521739130435
1349,B8,21,0,0.0,100.0,0.6956521739130435
1349,B4,21,0,0.0,100.0,0.6956521739130435
1349,B9,21,0,0.0,100.0,0.6956521739130435
1351,G4,22,13,59.09090909090909,40.909090909090914,0.68
1351,B8,22,0,0.0,100.0,0.68
1351,B4,22,0,0.0,100.0,0.68
1351,B9,22,0,0.0,100.0,0.68
1354,G4,19,12,63.1578947368421,36.84210526315789,0.7142857142857143
1354,B8,19,0,0.0,100.0,0.7142857142857143
1354,B4,19,0,0.0,100.0,0.7142857142857143
1354,B9,19,0,0.0,100.0,0.7142857142857143
1356,G4,25,10,40.0,60.0,0.8214285714285714
1356,B8,25,0,0.0,100.0,0.8214285714285714
1356,B4,25,0,0.0,100.0,0.8214285714285714
1356,B9,25,0,0.0,100.0,0.8214285714285714
1359,G4,21,12,57.14285714285714,42.857142857142854,0.6666666666666666
1359,B8,21,0,0.0,100.0,0.6666666666666666
1359,B4,21,0,0.0,100.0,0.6666666666666666
1359,B9,21,0,0.0,100.0,0.6666666666666666
1362,G4,35,16,45.714285714285715,54.285714285714285,0.9148936170212766
1362,B8,35,0,0.0,100.0,0.9148936170212766
1362,B4,35,0,0.0,100.0,0.9148936170212766
1362,B9,35,0,0.0,100.0,0.9148936170212766
1361,G4,45,23,51.11111111111111,48.888888888888886,0.7169811320754716
1361,B8,45,0,0.0,100.0,0.7169811320754716
1361,B4,45,0,0.0,100.0,0.7169811320754716
1361,B9,45,0,0.0,100.0,0.7169811320754716
1363,G4,41,21,51.21951219512195,48.78048780487805,0.8723404255319149
1363,B8,41,0,0.0,100.0,0.8723404255319149
1363,B4,41,0,0.0,100.0,0.8723404255319149
1363,B9,41,0,0.0,100.0,0.8723404255319149
1365,G4,107,73,68.22429906542055,31.775700934579437,0.8282828282828283
1365,B8,107,0,0.0,100.0,0.8282828282828283
1365,B4,107,0,0.0,100.0,0.8282828282828283
1365,B9,107,0,0.0,100.0,0.8282828282828283
1364,G4,101,78,77.22772277227723,22.772277227722775,0.8867924528301887
1364,B8,101,0,0.0,100.0,0.8867924528301887
1364,B4,101,0,0.0,100.0,0.8867924528301887
1364,B9,101,0,0.0,100.0,0.8867924528301887
1366,G4,92,67,72.82608695652173,27.173913043478258,0.8785046728971962
1366,B8,92,0,0.0,100.0,0.8785046728971962
1366,B4,92,0,0.0,100.0,0.8785046728971962
1366,B9,92,0,0.0,100.0,0.8785046728971962
1368,G4,25,10,40.0,60.0,0.5161290322580645
1368,B8,25,0,0.0,100.0,0.5161290322580645
1368,B4,25,0,0.0,100.0,0.5161290322580645
1368,B9,25,0,0.0,100.0,0.5161290322580645
1367,G4,45,18,40.0,60.0,0.5833333333333334
1367,B8,45,0,0.0,100.0,0.5833333333333334
1367,B4,45,0,0.0,100.0,0.5833333333333334
1367,B9,45,0,0.0,100.0,0.5833333333333334
1369,G4,44,18,40.909090909090914,59.09090909090909,0.6888888888888889
1369,B8,44,0,0.0,100.0,0.6888888888888889
1369,B4,44,0,0.0,100.0,0.6888888888888889
1369,B9,44,0,0.0,100.0,0.6888888888888889
1370,G4,36,15,41.66666666666667,58.333333333333336,0.8409090909090909
1370,B8,36,0,0.0,100.0,0.8409090909090909
1370,B4,36,0,0.0,100.0,0.8409090909090909
1370,B9,36,0,0.0,100.0,0.8409090909090909
1372,G4,34,19,55.88235294117647,44.11764705882353,0.7105263157894737
1372,B8,34,0,0.0,100.0,0.7105263157894737
1372,B4,34,0,0.0,100.0,0.7105263157894737
1372,B9,34,0,0.0,100.0,0.7105263157894737
1379,G4,19,8,42.10526315789473,57.89473684210527,0.75
1379,B8,19,0,0.0,100.0,0.75
1379,B4,19,0,0.0,100.0,0.75
1379,B9,19,0,0.0,100.0,0.75
1371,G4,49,21,42.857142857142854,57.14285714285714,0.75
1371,B8,49,0,0.0,100.0,0.75
1371,B4,49,0,0.0,100.0,0.75
1371,B9,49,0,0.0,100.0,0.75
1380,G4,17,11,64.70588235294117,35.294117647058826,0.7894736842105263
1380,B8,17,0,0.0,100.0,0.7894736842105263
1380,B4,17,0,0.0,100.0,0.7894736842105263
1380,B9,17,0,0.0,100.0,0.7894736842105263
1391,G4,78,27,34.61538461538461,65.38461538461539,0.9021739130434784
1391,B8,78,1,1.282051282051282,98.71794871794873,0.9021739130434784
1391,B4,78,0,0.0,100.0,0.9021739130434784
1391,B9,78,1,1.282051282051282,98.71794871794873,0.9021739130434784
1390,G4,114,53,46.49122807017544,53.50877192982456,0.9347826086956522
1390,B8,114,1,0.8771929824561403,99.12280701754386,0.9347826086956522
1390,B4,114,0,0.0,100.0,0.9347826086956522
1390,B9,114,0,0.0,100.0,0.9347826086956522
1392,G4,125,36,28.799999999999997,71.2,0.8802816901408451
1392,B8,125,5,4.0,96.0,0.8802816901408451
1392,B4,125,1,0.8,99.2,0.8802816901408451
1392,B9,125,4,3.2,96.8,0.8802816901408451
1393,G4,102,50,49.01960784313725,50.98039215686274,0.8928571428571429
1393,B8,102,2,1.9607843137254901,98.0392156862745,0.8928571428571429
1393,B4,102,0,0.0,100.0,0.8928571428571429
1393,B9,102,1,0.9803921568627451,99.01960784313727,0.8928571428571429
1395,G4,79,27,34.177215189873415,65.82278481012658,0.7528089887640449
1395,B8,79,1,1.2658227848101267,98.73417721518987,0.7528089887640449
1395,B4,79,1,1.2658227848101267,98.73417721518987,0.7528089887640449
1395,B9,79,1,1.2658227848101267,98.73417721518987,0.7528089887640449
1394,G4,105,49,46.666666666666664,53.333333333333336,0.8137254901960784
1394,B8,105,2,1.9047619047619049,98.09523809523809,0.8137254901960784
1394,B4,105,0,0.0,100.0,0.8137254901960784
1394,B9,105,1,0.9523809523809524,99.04761904761905,0.8137254901960784
1397,G4,73,29,39.726027397260275,60.273972602739725,0.6875
1397,B8,73,0,0.0,100.0,0.6875
1397,B4,73,0,0.0,100.0,0.6875
1397,B9,73,0,0.0,100.0,0.6875
1396,G4,122,42,34.42622950819672,65.57377049180327,0.8269230769230769
1396,B8,122,1,0.819672131147541,99.18032786885246,0.8269230769230769
1396,B4,122,2,1.639344262295082,98.36065573770492,0.8269230769230769
1396,B9,122,1,0.819672131147541,99.18032786885246,0.8269230769230769
1398,G4,102,39,38.23529411764706,61.76470588235294,0.859504132231405
1398,B8,102,2,1.9607843137254901,98.0392156862745,0.859504132231405
1398,B4,102,0,0.0,100.0,0.859504132231405
1398,B9,102,2,1.9607843137254901,98.0392156862745,0.859504132231405
1399,G4,58,26,44.827586206896555,55.172413793103445,0.7313432835820896
1399,B8,58,2,3.4482758620689653,96.55172413793103,0.7313432835820896
1399,B4,58,0,0.0,100.0,0.7313432835820896
1399,B9,58,0,0.0,100.0,0.7313432835820896
1401,G4,42,15,35.714285714285715,64.28571428571429,0.8070175438596491
1401,B8,42,5,11.904761904761903,88.09523809523809,0.8070175438596491
1401,B4,42,0,0.0,100.0,0.8070175438596491
1401,B9,42,0,0.0,100.0,0.8070175438596491
1400,G4,58,24,41.37931034482759,58.620689655172406,0.7241379310344828
1400,B8,58,2,3.4482758620689653,96.55172413793103,0.7241379310344828
1400,B4,58,0,0.0,100.0,0.7241379310344828
1400,B9,58,0,0.0,100.0,0.7241379310344828
1402,G4,43,14,32.55813953488372,67.44186046511628,0.875
1402,B8,43,1,2.3255813953488373,97.67441860465115,0.875
1402,B4,43,0,0.0,100.0,0.875
1402,B9,43,0,0.0,100.0,0.875
1404,G4,42,26,61.904761904761905,38.095238095238095,0.9090909090909092
1404,B8,42,0,0.0,100.0,0.9090909090909092
1404,B4,42,0,0.0,100.0,0.9090909090909092
1404,B9,42,0,0.0,100.0,0.9090909090909092
1405,G4,41,17,41.46341463414634,58.536585365853654,0.8292682926829268
1405,B8,41,0,0.0,100.0,0.8292682926829268
1405,B4,41,0,0.0,100.0,0.8292682926829268
1405,B9,41,0,0.0,100.0,0.8292682926829268
1403,G4,54,13,24.074074074074073,75.92592592592592,0.8548387096774194
1403,B8,54,1,1.8518518518518516,98.14814814814815,0.8548387096774194
1403,B4,54,0,0.0,100.0,0.8548387096774194
1403,B9,54,0,0.0,100.0,0.8548387096774194
1406,G4,38,11,28.947368421052634,71.05263157894737,0.8409090909090909
1406,B8,38,2,5.263157894736842,94.73684210526315,0.8409090909090909
1406,B4,38,1,2.631578947368421,97.36842105263158,0.8409090909090909
1406,B9,38,0,0.0,100.0,0.8409090909090909
1407,G4,49,35,71.42857142857143,28.57142857142857,0.6964285714285714
1407,B8,49,1,2.0408163265306123,97.95918367346938,0.6964285714285714
1407,B4,49,0,0.0,100.0,0.6964285714285714
1407,B9,49,0,0.0,100.0,0.6964285714285714
1408,G4,43,25,58.139534883720934,41.86046511627907,0.875
1408,B8,43,2,4.651162790697675,95.34883720930233,0.875
1408,B4,43,0,0.0,100.0,0.875
1408,B9,43,0,0.0,100.0,0.875
1418,G4,16,5,31.25,68.75,0.7272727272727273
1418,B8,16,0,0.0,100.0,0.7272727272727273
1418,B4,16,0,0.0,100.0,0.7272727272727273
1418,B9,16,0,0.0,100.0,0.7272727272727273
1483,G4,18,6,33.33333333333333,66.66666666666666,0.7
1483,B8,18,7,38.88888888888889,61.111111111111114,0.7
1483,B4,18,13,72.22222222222221,27.77777777777778,0.7
1483,B9,18,0,0.0,100.0,0.7
1484,G4,17,9,52.94117647058824,47.05882352941176,0.65
1484,B8,17,4,23.52941176470588,76.47058823529412,0.65
1484,B4,17,12,70.58823529411765,29.411764705882355,0.65
1484,B9,17,0,0.0,100.0,0.65
1486,G4,17,5,29.411764705882355,70.58823529411765,0.8571428571428571
1486,B8,17,6,35.294117647058826,64.70588235294117,0.8571428571428571
1486,B4,17,12,70.58823529411765,29.411764705882355,0.8571428571428571
1486,B9,17,0,0.0,100.0,0.8571428571428571
1488,G4,17,2,11.76470588235294,88.23529411764706,0.7916666666666666
1488,B8,17,8,47.05882352941176,52.94117647058824,0.7916666666666666
1488,B4,17,0,0.0,100.0,0.7916666666666666
1488,B9,17,1,5.88235294117647,94.11764705882352,0.7916666666666666
1409,G4,49,25,51.02040816326531,48.97959183673469,0.7758620689655172
1409,B8,49,1,2.0408163265306123,97.95918367346938,0.7758620689655172
1409,B4,49,0,0.0,100.0,0.7758620689655172
1409,B9,49,0,0.0,100.0,0.7758620689655172
1489,G4,17,5,29.411764705882355,70.58823529411765,1.0
1489,B8,17,8,47.05882352941176,52.94117647058824,1.0
1489,B4,17,0,0.0,100.0,1.0
1489,B9,17,2,11.76470588235294,88.23529411764706,1.0
1490,G4,19,5,26.31578947368421,73.68421052631578,0.95
1490,B8,19,10,52.63157894736842,47.368421052631575,0.95
1490,B4,19,1,5.263157894736842,94.73684210526315,0.95
1490,B9,19,1,5.263157894736842,94.73684210526315,0.95
1492,G4,17,4,23.52941176470588,76.47058823529412,0.8823529411764706
1492,B8,17,7,41.17647058823529,58.82352941176471,0.8823529411764706
1492,B4,17,0,0.0,100.0,0.8823529411764706
1492,B9,17,1,5.88235294117647,94.11764705882352,0.8823529411764706
1491,G4,25,10,40.0,60.0,0.9642857142857144
1491,B8,25,10,40.0,60.0,0.9642857142857144
1491,B4,25,0,0.0,100.0,0.9642857142857144
1491,B9,25,0,0.0,100.0,0.9642857142857144
1495,G4,19,8,42.10526315789473,57.89473684210527,0.9545454545454546
1495,B8,19,8,42.10526315789473,57.89473684210527,0.9545454545454546
1495,B4,19,0,0.0,100.0,0.9545454545454546
1495,B9,19,1,5.263157894736842,94.73684210526315,0.9545454545454546
1496,G4,16,7,43.75,56.25,0.8888888888888888
1496,B8,16,10,62.5,37.5,0.8888888888888888
1496,B4,16,0,0.0,100.0,0.8888888888888888
1496,B9,16,4,25.0,75.0,0.8888888888888888
1521,G4,35,19,54.285714285714285,45.714285714285715,0.46875
1521,B8,35,0,0.0,100.0,0.46875
1521,B4,35,0,0.0,100.0,0.46875
1521,B9,35,0,0.0,100.0,0.46875
1522,G4,43,33,76.74418604651163,23.25581395348837,0.6571428571428571
1522,B8,43,1,2.3255813953488373,97.67441860465115,0.6571428571428571
1522,B4,43,0,0.0,100.0,0.6571428571428571
1522,B9,43,0,0.0,100.0,0.6571428571428571
1523,G4,38,32,84.21052631578947,15.789473684210526,0.8095238095238095
1523,B8,38,0,0.0,100.0,0.8095238095238095
1523,B4,38,1,2.631578947368421,97.36842105263158,0.8095238095238095
1523,B9,38,0,0.0,100.0,0.8095238095238095
1524,G4,35,19,54.285714285714285,45.714285714285715,0.675
1524,B8,35,0,0.0,100.0,0.675
1524,B4,35,0,0.0,100.0,0.675
1524,B9,35,0,0.0,100.0,0.675
1526,G4,36,26,72.22222222222221,27.77777777777778,0.8888888888888888
1526,B8,36,0,0.0,100.0,0.8888888888888888
1526,B4,36,0,0.0,100.0,0.8888888888888888
1526,B9,36,0,0.0,100.0,0.8888888888888888
1525,G4,36,28,77.77777777777779,22.22222222222222,0.6666666666666666
1525,B8,36,0,0.0,100.0,0.6666666666666666
1525,B4,36,0,0.0,100.0,0.6666666666666666
1525,B9,36,0,0.0,100.0,0.6666666666666666
1527,G4,28,22,78.57142857142857,21.428571428571427,0.75
1527,B8,28,0,0.0,100.0,0.75
1527,B4,28,0,0.0,100.0,0.75
1527,B9,28,0,0.0,100.0,0.75
1529,G4,34,24,70.58823529411765,29.411764705882355,0.6571428571428571
1529,B8,34,0,0.0,100.0,0.6571428571428571
1529,B4,34,0,0.0,100.0,0.6571428571428571
1529,B9,34,0,0.0,100.0,0.6571428571428571
1528,G4,38,19,50.0,50.0,0.7105263157894737
1528,B8,38,0,0.0,100.0,0.7105263157894737
1528,B4,38,0,0.0,100.0,0.7105263157894737
1528,B9,38,0,0.0,100.0,0.7105263157894737
1530,G4,47,32,68.08510638297872,31.914893617021278,0.6585365853658537
1530,B8,47,0,0.0,100.0,0.6585365853658537
1530,B4,47,0,0.0,100.0,0.6585365853658537
1530,B9,47,0,0.0,100.0,0.6585365853658537
1533,G4,54,43,79.62962962962963,20.37037037037037,0.6222222222222222
1533,B8,54,0,0.0,100.0,0.6222222222222222
1533,B4,54,0,0.0,100.0,0.6222222222222222
1533,B9,54,0,0.0,100.0,0.6222222222222222
1532,G4,68,57,83.82352941176471,16.176470588235293,0.6833333333333333
1532,B8,68,0,0.0,100.0,0.6833333333333333
1532,B4,68,0,0.0,100.0,0.6833333333333333
1532,B9,68,0,0.0,100.0,0.6833333333333333
1531,G4,82,63,76.82926829268293,23.170731707317074,0.5833333333333334
1531,B8,82,1,1.2195121951219512,98.78048780487805,0.5833333333333334
1531,B4,82,0,0.0,100.0,0.5833333333333334
1531,B9,82,0,0.0,100.0,0.5833333333333334
1534,G4,55,42,76.36363636363637,23.636363636363637,0.7307692307692307
1534,B8,55,1,1.8181818181818181,98.18181818181819,0.7307692307692307
1534,B4,55,0,0.0,100.0,0.7307692307692307
1534,B9,55,0,0.0,100.0,0.7307692307692307
1536,G4,59,44,74.57627118644068,25.423728813559322,0.5740740740740741
1536,B8,59,0,0.0,100.0,0.5740740740740741
1536,B4,59,0,0.0,100.0,0.5740740740740741
1536,B9,59,0,0.0,100.0,0.5740740740740741
1535,G4,79,61,77.21518987341773,22.78481012658228,0.7164179104477612
1535,B8,79,0,0.0,100.0,0.7164179104477612
1535,B4,79,0,0.0,100.0,0.7164179104477612
1535,B9,79,0,0.0,100.0,0.7164179104477612
1537,G4,70,53,75.71428571428571,24.285714285714285,0.6842105263157895
1537,B8,70,0,0.0,100.0,0.6842105263157895
1537,B4,70,0,0.0,100.0,0.6842105263157895
1537,B9,70,0,0.0,100.0,0.6842105263157895
1538,G4,57,39,68.42105263157895,31.57894736842105,0.5333333333333333
1538,B8,57,0,0.0,100.0,0.5333333333333333
1538,B4,57,0,0.0,100.0,0.5333333333333333
1538,B9,57,0,0.0,100.0,0.5333333333333333
1539,G4,68,60,88.23529411764706,11.76470588235294,0.7551020408163265
1539,B8,68,2,2.941176470588235,97.05882352941177,0.7551020408163265
1539,B4,68,0,0.0,100.0,0.7551020408163265
1539,B9,68,1,1.4705882352941175,98.52941176470588,0.7551020408163265
1540,G4,72,53,73.61111111111111,26.38888888888889,0.576271186440678
1540,B8,72,2,2.7777777777777777,97.22222222222221,0.576271186440678
1540,B4,72,0,0.0,100.0,0.576271186440678
1540,B9,72,0,0.0,100.0,0.576271186440678
1593,G4,72,45,62.5,37.5,0.6027397260273972
1593,B8,72,0,0.0,100.0,0.6027397260273972
1593,B4,72,0,0.0,100.0,0.6027397260273972
1593,B9,72,0,0.0,100.0,0.6027397260273972
1594,G4,101,77,76.23762376237624,23.762376237623762,0.8111111111111111
1594,B8,101,0,0.0,100.0,0.8111111111111111
1594,B4,101,0,0.0,100.0,0.8111111111111111
1594,B9,101,0,0.0,100.0,0.8111111111111111
1595,G4,77,40,51.94805194805194,48.05194805194805,0.7341772151898734
1595,B8,77,0,0.0,100.0,0.7341772151898734
1595,B4,77,1,1.2987012987012987,98.7012987012987,0.7341772151898734
1595,B9,77,0,0.0,100.0,0.7341772151898734
1596,G4,75,43,57.333333333333336,42.66666666666667,0.7922077922077922
1596,B8,75,0,0.0,100.0,0.7922077922077922
1596,B4,75,0,0.0,100.0,0.7922077922077922
1596,B9,75,0,0.0,100.0,0.7922077922077922
1597,G4,107,66,61.6822429906542,38.31775700934579,0.8543689320388349
1597,B8,107,4,3.7383177570093453,96.26168224299066,0.8543689320388349
1597,B4,107,2,1.8691588785046727,98.13084112149532,0.8543689320388349
1597,B9,107,0,0.0,100.0,0.8543689320388349
1598,G4,119,68,57.14285714285714,42.857142857142854,0.816
1598,B8,119,4,3.361344537815126,96.63865546218487,0.816
1598,B4,119,0,0.0,100.0,0.816
1598,B9,119,0,0.0,100.0,0.816
1599,G4,142,89,62.676056338028175,37.32394366197183,0.8344827586206897
1599,B8,142,7,4.929577464788732,95.07042253521126,0.8344827586206897
1599,B4,142,2,1.4084507042253522,98.59154929577466,0.8344827586206897
1599,B9,142,0,0.0,100.0,0.8344827586206897
1600,G4,112,57,50.89285714285714,49.107142857142854,0.8679245283018868
1600,B8,112,9,8.035714285714286,91.96428571428571,0.8679245283018868
1600,B4,112,0,0.0,100.0,0.8679245283018868
1600,B9,112,0,0.0,100.0,0.8679245283018868
1601,G4,86,61,70.93023255813954,29.069767441860467,0.8375
1601,B8,86,0,0.0,100.0,0.8375
1601,B4,86,0,0.0,100.0,0.8375
1601,B9,86,0,0.0,100.0,0.8375
1602,G4,75,55,73.33333333333333,26.666666666666668,0.8266666666666667
1602,B8,75,0,0.0,100.0,0.8266666666666667
1602,B4,75,0,0.0,100.0,0.8266666666666667
1602,B9,75,0,0.0,100.0,0.8266666666666667
1604,G4,33,23,69.6969696969697,30.303030303030305,0.6470588235294118
1604,B8,33,16,48.484848484848484,51.515151515151516,0.6470588235294118
1604,B4,33,1,3.0303030303030303,96.96969696969697,0.6470588235294118
1604,B9,33,0,0.0,100.0,0.6470588235294118
1603,G4,50,31,62.0,38.0,0.7647058823529411
1603,B8,50,17,34.0,66.0,0.7647058823529411
1603,B4,50,0,0.0,100.0,0.7647058823529411
1603,B9,50,0,0.0,100.0,0.7647058823529411
1605,G4,36,26,72.22222222222221,27.77777777777778,0.7352941176470589
1605,B8,36,25,69.44444444444444,30.555555555555557,0.7352941176470589
1605,B4,36,0,0.0,100.0,0.7352941176470589
1605,B9,36,0,0.0,100.0,0.7352941176470589
1606,G4,39,24,61.53846153846154,38.46153846153847,0.46875
1606,B8,39,2,5.128205128205128,94.87179487179486,0.46875
1606,B4,39,0,0.0,100.0,0.46875
1606,B9,39,0,0.0,100.0,0.46875
1607,G4,40,25,62.5,37.5,0.53125
1607,B8,40,1,2.5,97.5,0.53125
1607,B4,40,0,0.0,100.0,0.53125
1607,B9,40,0,0.0,100.0,0.53125
1608,G4,47,33,70.2127659574468,29.78723404255319,0.71875
1608,B8,47,5,10.638297872340425,89.36170212765957,0.71875
1608,B4,47,0,0.0,100.0,0.71875
1608,B9,47,2,4.25531914893617,95.74468085106383,0.71875
1610,G4,26,24,92.3076923076923,7.6923076923076925,0.9230769230769232
1610,B8,26,0,0.0,100.0,0.9230769230769232
1610,B4,26,0,0.0,100.0,0.9230769230769232
1610,B9,26,0,0.0,100.0,0.9230769230769232
1609,G4,42,23,54.761904761904766,45.23809523809524,0.3448275862068966
1609,B8,42,0,0.0,100.0,0.3448275862068966
1609,B4,42,0,0.0,100.0,0.3448275862068966
1609,B9,42,0,0.0,100.0,0.3448275862068966
1611,G4,38,22,57.89473684210527,42.10526315789473,0.7096774193548387
1611,B8,38,1,2.631578947368421,97.36842105263158,0.7096774193548387
1611,B4,38,3,7.894736842105263,92.10526315789474,0.7096774193548387
1611,B9,38,0,0.0,100.0,0.7096774193548387
1613,G4,47,19,40.42553191489361,59.57446808510638,0.6176470588235294
1613,B8,47,18,38.297872340425535,61.702127659574465,0.6176470588235294
1613,B4,47,0,0.0,100.0,0.6176470588235294
1613,B9,47,0,0.0,100.0,0.6176470588235294
1614,G4,55,27,49.09090909090909,50.90909090909091,0.6382978723404256
1614,B8,55,30,54.54545454545454,45.45454545454545,0.6382978723404256
1614,B4,55,2,3.6363636363636362,96.36363636363636,0.6382978723404256
1614,B9,55,0,0.0,100.0,0.6382978723404256
1615,G4,56,27,48.214285714285715,51.78571428571429,0.5333333333333333
1615,B8,56,18,32.142857142857146,67.85714285714286,0.5333333333333333
1615,B4,56,1,1.7857142857142856,98.21428571428571,0.5333333333333333
1615,B9,56,0,0.0,100.0,0.5333333333333333
1616,G4,48,24,50.0,50.0,0.4358974358974359
1616,B8,48,19,39.58333333333333,60.416666666666664,0.4358974358974359
1616,B4,48,0,0.0,100.0,0.4358974358974359
1616,B9,48,0,0.0,100.0,0.4358974358974359
1617,G4,48,26,54.166666666666664,45.83333333333333,0.5882352941176471
1617,B8,48,21,43.75,56.25,0.5882352941176471
1617,B4,48,1,2.083333333333333,97.91666666666666,0.5882352941176471
1617,B9,48,0,0.0,100.0,0.5882352941176471
1619,G4,46,25,54.347826086956516,45.65217391304348,0.5151515151515151
1619,B8,46,20,43.47826086956522,56.52173913043478,0.5151515151515151
1619,B4,46,1,2.1739130434782608,97.82608695652173,0.5151515151515151
1619,B9,46,0,0.0,100.0,0.5151515151515151
1618,G4,55,33,60.0,40.0,0.2666666666666666
1618,B8,55,3,5.454545454545454,94.54545454545455,0.2666666666666666
1618,B4,55,0,0.0,100.0,0.2666666666666666
1618,B9,55,0,0.0,100.0,0.2666666666666666
1622,G4,41,29,70.73170731707317,29.268292682926827,0.8863636363636364
1622,B8,41,2,4.878048780487805,95.1219512195122,0.8863636363636364
1622,B4,41,0,0.0,100.0,0.8863636363636364
1622,B9,41,0,0.0,100.0,0.8863636363636364
1621,G4,56,33,58.92857142857143,41.07142857142857,0.6
1621,B8,56,22,39.285714285714285,60.71428571428571,0.6
1621,B4,56,2,3.571428571428571,96.42857142857143,0.6
1621,B9,56,0,0.0,100.0,0.6
1620,G4,111,68,61.261261261261254,38.73873873873874,0.8857142857142857
1620,B8,111,1,0.9009009009009009,99.09909909909909,0.8857142857142857
1620,B4,111,1,0.9009009009009009,99.09909909909909,0.8857142857142857
1620,B9,111,0,0.0,100.0,0.8857142857142857
1639,G4,84,67,79.76190476190477,20.238095238095237,0.8620689655172413
1639,B8,84,0,0.0,100.0,0.8620689655172413
1639,B4,84,0,0.0,100.0,0.8620689655172413
1639,B9,84,0,0.0,100.0,0.8620689655172413
1640,G4,121,66,54.54545454545454,45.45454545454545,0.7722772277227723
1640,B8,121,0,0.0,100.0,0.7722772277227723
1640,B4,121,0,0.0,100.0,0.7722772277227723
1640,B9,121,0,0.0,100.0,0.7722772277227723
1641,G4,112,72,64.28571428571429,35.714285714285715,0.6982758620689655
1641,B8,112,0,0.0,100.0,0.6982758620689655
1641,B4,112,0,0.0,100.0,0.6982758620689655
1641,B9,112,0,0.0,100.0,0.6982758620689655
1643,G4,107,64,59.813084112149525,40.18691588785047,0.8367346938775511
1643,B8,107,1,0.9345794392523363,99.06542056074767,0.8367346938775511
1643,B4,107,0,0.0,100.0,0.8367346938775511
1643,B9,107,1,0.9345794392523363,99.06542056074767,0.8367346938775511
1644,G4,121,79,65.28925619834712,34.710743801652896,0.6638655462184874
1644,B8,121,1,0.8264462809917356,99.17355371900827,0.6638655462184874
1644,B4,121,0,0.0,100.0,0.6638655462184874
1644,B9,121,0,0.0,100.0,0.6638655462184874
1642,G4,189,134,70.8994708994709,29.100529100529098,0.8108108108108109
1642,B8,189,2,1.0582010582010581,98.94179894179894,0.8108108108108109
1642,B4,189,0,0.0,100.0,0.8108108108108109
1642,B9,189,0,0.0,100.0,0.8108108108108109
1645,G4,120,76,63.33333333333333,36.666666666666664,0.7714285714285715
1645,B8,120,1,0.8333333333333334,99.16666666666667,0.7714285714285715
1645,B4,120,0,0.0,100.0,0.7714285714285715
1645,B9,120,0,0.0,100.0,0.7714285714285715
1646,G4,121,94,77.68595041322314,22.31404958677686,0.8916666666666667
1646,B8,121,2,1.6528925619834711,98.34710743801654,0.8916666666666667
1646,B4,121,0,0.0,100.0,0.8916666666666667
1646,B9,121,0,0.0,100.0,0.8916666666666667
1647,G4,124,75,60.483870967741936,39.516129032258064,0.808695652173913
1647,B8,124,0,0.0,100.0,0.808695652173913
1647,B4,124,0,0.0,100.0,0.808695652173913
1647,B9,124,0,0.0,100.0,0.808695652173913
1648,G4,108,71,65.74074074074075,34.25925925925926,0.7941176470588235
1648,B8,108,0,0.0,100.0,0.7941176470588235
1648,B4,108,0,0.0,100.0,0.7941176470588235
1648,B9,108,0,0.0,100.0,0.7941176470588235
1649,G4,123,88,71.54471544715447,28.455284552845526,0.8688524590163934
1649,B8,123,78,63.41463414634146,36.58536585365854,0.8688524590163934
1649,B4,123,5,4.0650406504065035,95.9349593495935,0.8688524590163934
1649,B9,123,0,0.0,100.0,0.8688524590163934
1650,G4,101,75,74.25742574257426,25.742574257425744,0.8709677419354839
1650,B8,101,60,59.4059405940594,40.5940594059406,0.8709677419354839
1650,B4,101,1,0.9900990099009901,99.00990099009901,0.8709677419354839
1650,B9,101,0,0.0,100.0,0.8709677419354839
1651,G4,101,65,64.35643564356435,35.64356435643564,0.7752808988764045
1651,B8,101,54,53.46534653465347,46.53465346534654,0.7752808988764045
1651,B4,101,0,0.0,100.0,0.7752808988764045
1651,B9,101,0,0.0,100.0,0.7752808988764045
1652,G4,94,57,60.63829787234043,39.361702127659576,0.8588235294117647
1652,B8,94,52,55.319148936170215,44.680851063829785,0.8588235294117647
1652,B4,94,1,1.0638297872340425,98.93617021276596,0.8588235294117647
1652,B9,94,0,0.0,100.0,0.8588235294117647
1653,G4,101,70,69.3069306930693,30.693069306930692,0.9081632653061223
1653,B8,101,64,63.366336633663366,36.633663366336634,0.9081632653061223
1653,B4,101,0,0.0,100.0,0.9081632653061223
1653,B9,101,0,0.0,100.0,0.9081632653061223
1654,G4,111,72,64.86486486486487,35.13513513513514,0.8857142857142857
1654,B8,111,71,63.96396396396396,36.03603603603604,0.8857142857142857
1654,B4,111,5,4.504504504504505,95.4954954954955,0.8857142857142857
1654,B9,111,0,0.0,100.0,0.8857142857142857
1655,G4,110,72,65.45454545454545,34.54545454545455,0.8557692307692307
1655,B8,110,67,60.909090909090914,39.09090909090909,0.8557692307692307
1655,B4,110,0,0.0,100.0,0.8557692307692307
1655,B9,110,0,0.0,100.0,0.8557692307692307
1656,G4,113,76,67.2566371681416,32.743362831858406,0.8901098901098901
1656,B8,113,67,59.29203539823009,40.707964601769916,0.8901098901098901
1656,B4,113,2,1.7699115044247788,98.23008849557522,0.8901098901098901
1656,B9,113,0,0.0,100.0,0.8901098901098901
1726,G4,16,4,25.0,75.0,0.6666666666666666
1726,B8,16,1,6.25,93.75,0.6666666666666666
1726,B4,16,1,6.25,93.75,0.6666666666666666
1726,B9,16,0,0.0,100.0,0.6666666666666666
1657,G4,102,61,59.80392156862745,40.19607843137255,0.8314606741573034
1657,B8,102,56,54.90196078431373,45.09803921568628,0.8314606741573034
1657,B4,102,3,2.941176470588235,97.05882352941177,0.8314606741573034
1657,B9,102,0,0.0,100.0,0.8314606741573034
1727,G4,23,9,39.130434782608695,60.86956521739131,0.6714285714285714
1727,B8,23,1,4.3478260869565215,95.65217391304348,0.6714285714285714
1727,B4,23,1,4.3478260869565215,95.65217391304348,0.6714285714285714
1727,B9,23,0,0.0,100.0,0.6714285714285714
1834,G4,29,25,86.20689655172413,13.793103448275861,0.8611111111111112
1834,B8,29,0,0.0,100.0,0.8611111111111112
1834,B4,29,0,0.0,100.0,0.8611111111111112
1834,B9,29,0,0.0,100.0,0.8611111111111112
1833,G4,42,35,83.33333333333334,16.666666666666664,0.8269230769230769
1833,B8,42,0,0.0,100.0,0.8269230769230769
1833,B4,42,0,0.0,100.0,0.8269230769230769
1833,B9,42,0,0.0,100.0,0.8269230769230769
1658,G4,111,80,72.07207207207207,27.927927927927925,0.8557692307692307
1658,B8,111,75,67.56756756756756,32.432432432432435,0.8557692307692307
1658,B4,111,0,0.0,100.0,0.8557692307692307
1658,B9,111,0,0.0,100.0,0.8557692307692307
1836,G4,27,19,70.37037037037037,29.629629629629626,0.7837837837837838
1836,B8,27,0,0.0,100.0,0.7837837837837838
1836,B4,27,0,0.0,100.0,0.7837837837837838
1836,B9,27,0,0.0,100.0,0.7837837837837838
1835,G4,33,23,69.6969696969697,30.303030303030305,0.96875
1835,B8,33,0,0.0,100.0,0.96875
1835,B4,33,0,0.0,100.0,0.96875
1835,B9,33,0,0.0,100.0,0.96875
1837,G4,33,19,57.57575757575758,42.42424242424242,0.9310344827586208
1837,B8,33,0,0.0,100.0,0.9310344827586208
1837,B4,33,0,0.0,100.0,0.9310344827586208
1837,B9,33,0,0.0,100.0,0.9310344827586208
1839,G4,27,21,77.77777777777779,22.22222222222222,0.8947368421052632
1839,B8,27,0,0.0,100.0,0.8947368421052632
1839,B4,27,0,0.0,100.0,0.8947368421052632
1839,B9,27,0,0.0,100.0,0.8947368421052632
1838,G4,37,34,91.8918918918919,8.108108108108109,0.9473684210526316
1838,B8,37,0,0.0,100.0,0.9473684210526316
1838,B4,37,0,0.0,100.0,0.9473684210526316
1838,B9,37,0,0.0,100.0,0.9473684210526316
1840,G4,33,28,84.84848484848484,15.151515151515152,0.7777777777777778
1840,B8,33,0,0.0,100.0,0.7777777777777778
1840,B4,33,0,0.0,100.0,0.7777777777777778
1840,B9,33,0,0.0,100.0,0.7777777777777778
1841,G4,40,31,77.5,22.5,0.6071428571428571
1841,B8,40,0,0.0,100.0,0.6071428571428571
1841,B4,40,0,0.0,100.0,0.6071428571428571
1841,B9,40,0,0.0,100.0,0.6071428571428571
1842,G4,30,22,73.33333333333333,26.666666666666668,0.7647058823529411
1842,B8,30,0,0.0,100.0,0.7647058823529411
1842,B4,30,0,0.0,100.0,0.7647058823529411
1842,B9,30,0,0.0,100.0,0.7647058823529411
1937,G4,30,20,66.66666666666666,33.33333333333333,0.8461538461538461
1937,B8,30,0,0.0,100.0,0.8461538461538461
1937,B4,30,0,0.0,100.0,0.8461538461538461
1937,B9,30,0,0.0,100.0,0.8461538461538461
1938,G4,25,17,68.0,32.0,0.8857142857142857
1938,B8,25,0,0.0,100.0,0.8857142857142857
1938,B4,25,0,0.0,100.0,0.8857142857142857
1938,B9,25,0,0.0,100.0,0.8857142857142857
1939,G4,29,18,62.06896551724138,37.93103448275862,0.90625
1939,B8,29,0,0.0,100.0,0.90625
1939,B4,29,0,0.0,100.0,0.90625
1939,B9,29,0,0.0,100.0,0.90625
1940,G4,26,17,65.38461538461539,34.61538461538461,0.8275862068965517
1940,B8,26,0,0.0,100.0,0.8275862068965517
1940,B4,26,0,0.0,100.0,0.8275862068965517
1940,B9,26,0,0.0,100.0,0.8275862068965517
1942,G4,28,18,64.28571428571429,35.714285714285715,0.8181818181818182
1942,B8,28,1,3.571428571428571,96.42857142857143,0.8181818181818182
1942,B4,28,1,3.571428571428571,96.42857142857143,0.8181818181818182
1942,B9,28,0,0.0,100.0,0.8181818181818182
1941,G4,36,18,50.0,50.0,0.8823529411764706
1941,B8,36,0,0.0,100.0,0.8823529411764706
1941,B4,36,0,0.0,100.0,0.8823529411764706
1941,B9,36,0,0.0,100.0,0.8823529411764706
1943,G4,22,14,63.63636363636363,36.36363636363637,0.8076923076923077
1943,B8,22,0,0.0,100.0,0.8076923076923077
1943,B4,22,0,0.0,100.0,0.8076923076923077
1943,B9,22,0,0.0,100.0,0.8076923076923077
1944,G4,28,19,67.85714285714286,32.142857142857146,0.875
1944,B8,28,0,0.0,100.0,0.875
1944,B4,28,0,0.0,100.0,0.875
1944,B9,28,0,0.0,100.0,0.875
1946,G4,24,22,91.66666666666666,8.333333333333332,0.9285714285714286
1946,B8,24,0,0.0,100.0,0.9285714285714286
1946,B4,24,0,0.0,100.0,0.9285714285714286
1946,B9,24,0,0.0,100.0,0.9285714285714286
1945,G4,37,25,67.56756756756756,32.432432432432435,0.8536585365853658
1945,B8,37,2,5.405405405405405,94.5945945945946,0.8536585365853658
1945,B4,37,0,0.0,100.0,0.8536585365853658
1945,B9,37,0,0.0,100.0,0.8536585365853658
1977,G4,32,17,53.125,46.875,0.7272727272727273
1977,B8,32,4,12.5,87.5,0.7272727272727273
1977,B4,32,1,3.125,96.875,0.7272727272727273
1977,B9,32,0,0.0,100.0,0.7272727272727273
1978,G4,25,15,60.0,40.0,0.7307692307692307
1978,B8,25,5,20.0,80.0,0.7307692307692307
1978,B4,25,2,8.0,92.0,0.7307692307692307
1978,B9,25,0,0.0,100.0,0.7307692307692307
1979,G4,26,15,57.692307692307686,42.30769230769231,0.8
1979,B8,26,1,3.8461538461538463,96.15384615384616,0.8
1979,B4,26,2,7.6923076923076925,92.3076923076923,0.8
1979,B9,26,0,0.0,100.0,0.8
1980,G4,28,9,32.142857142857146,67.85714285714286,0.5882352941176471
1980,B8,28,5,17.857142857142858,82.14285714285714,0.5882352941176471
1980,B4,28,1,3.571428571428571,96.42857142857143,0.5882352941176471
1980,B9,28,0,0.0,100.0,0.5882352941176471
1981,G4,38,23,60.526315789473685,39.473684210526315,0.7317073170731707
1981,B8,38,6,15.789473684210526,84.21052631578947,0.7317073170731707
1981,B4,38,1,2.631578947368421,97.36842105263158,0.7317073170731707
1981,B9,38,0,0.0,100.0,0.7317073170731707
1982,G4,35,19,54.285714285714285,45.714285714285715,0.8648648648648649
1982,B8,35,6,17.142857142857142,82.85714285714286,0.8648648648648649
1982,B4,35,2,5.714285714285714,94.28571428571428,0.8648648648648649
1982,B9,35,0,0.0,100.0,0.8648648648648649
1984,G4,19,11,57.89473684210527,42.10526315789473,0.6842105263157895
1984,B8,19,1,5.263157894736842,94.73684210526315,0.6842105263157895
1984,B4,19,0,0.0,100.0,0.6842105263157895
1984,B9,19,0,0.0,100.0,0.6842105263157895
1983,G4,36,15,41.66666666666667,58.333333333333336,0.6875
1983,B8,36,6,16.666666666666664,83.33333333333334,0.6875
1983,B4,36,0,0.0,100.0,0.6875
1983,B9,36,0,0.0,100.0,0.6875
1985,G4,31,11,35.483870967741936,64.51612903225806,0.6451612903225806
1985,B8,31,4,12.903225806451612,87.09677419354838,0.6451612903225806
1985,B4,31,1,3.225806451612903,96.7741935483871,0.6451612903225806
1985,B9,31,0,0.0,100.0,0.6451612903225806
1986,G4,25,14,56.00000000000001,44.0,0.7142857142857143
1986,B8,25,4,16.0,84.0,0.7142857142857143
1986,B4,25,2,8.0,92.0,0.7142857142857143
1986,B9,25,0,0.0,100.0,0.7142857142857143
1988,G4,21,14,66.66666666666666,33.33333333333333,0.8484848484848485
1988,B8,21,2,9.523809523809524,90.47619047619048,0.8484848484848485
1988,B4,21,0,0.0,100.0,0.8484848484848485
1988,B9,21,0,0.0,100.0,0.8484848484848485
1987,G4,34,20,58.82352941176471,41.17647058823529,0.8285714285714286
1987,B8,34,6,17.647058823529413,82.35294117647058,0.8285714285714286
1987,B4,34,0,0.0,100.0,0.8285714285714286
1987,B9,34,0,0.0,100.0,0.8285714285714286
1990,G4,31,21,67.74193548387096,32.25806451612903,0.8529411764705882
1990,B8,31,7,22.58064516129032,77.41935483870968,0.8529411764705882
1990,B4,31,0,0.0,100.0,0.8529411764705882
1990,B9,31,0,0.0,100.0,0.8529411764705882
1989,G4,40,26,65.0,35.0,0.7954545454545454
1989,B8,40,5,12.5,87.5,0.7954545454545454
1989,B4,40,0,0.0,100.0,0.7954545454545454
1989,B9,40,0,0.0,100.0,0.7954545454545454
1991,G4,31,20,64.51612903225806,35.483870967741936,0.8484848484848485
1991,B8,31,5,16.129032258064516,83.87096774193549,0.8484848484848485
1991,B4,31,1,3.225806451612903,96.7741935483871,0.8484848484848485
1991,B9,31,0,0.0,100.0,0.8484848484848485
1993,G4,24,10,41.66666666666667,58.333333333333336,0.6666666666666666
1993,B8,24,3,12.5,87.5,0.6666666666666666
1993,B4,24,0,0.0,100.0,0.6666666666666666
1993,B9,24,0,0.0,100.0,0.6666666666666666
1992,G4,39,23,58.97435897435898,41.02564102564102,0.825
1992,B8,39,4,10.256410256410255,89.74358974358975,0.825
1992,B4,39,0,0.0,100.0,0.825
1992,B9,39,0,0.0,100.0,0.825
1994,G4,36,24,66.66666666666666,33.33333333333333,0.7777777777777778
1994,B8,36,5,13.88888888888889,86.11111111111111,0.7777777777777778
1994,B4,36,0,0.0,100.0,0.7777777777777778
1994,B9,36,0,0.0,100.0,0.7777777777777778
1995,G4,25,19,76.0,24.0,0.7222222222222222
1995,B8,25,6,24.0,76.0,0.7222222222222222
1995,B4,25,0,0.0,100.0,0.7222222222222222
1995,B9,25,0,0.0,100.0,0.7222222222222222
1996,G4,34,22,64.70588235294117,35.294117647058826,0.8611111111111112
1996,B8,34,6,17.647058823529413,82.35294117647058,0.8611111111111112
1996,B4,34,0,0.0,100.0,0.8611111111111112
1996,B9,34,0,0.0,100.0,0.8611111111111112
2030,G4,54,30,55.55555555555556,44.44444444444444,0.7021276595744681
2030,B8,54,4,7.4074074074074066,92.5925925925926,0.7021276595744681
2030,B4,54,0,0.0,100.0,0.7021276595744681
2030,B9,54,0,0.0,100.0,0.7021276595744681
2031,G4,67,55,82.08955223880598,17.91044776119403,0.8805970149253731
2031,B8,67,1,1.4925373134328357,98.50746268656717,0.8805970149253731
2031,B4,67,1,1.4925373134328357,98.50746268656717,0.8805970149253731
2031,B9,67,0,0.0,100.0,0.8805970149253731
2032,G4,56,38,67.85714285714286,32.142857142857146,0.8076923076923077
2032,B8,56,2,3.571428571428571,96.42857142857143,0.8076923076923077
2032,B4,56,0,0.0,100.0,0.8076923076923077
2032,B9,56,1,1.7857142857142856,98.21428571428571,0.8076923076923077
2033,G4,31,15,48.38709677419355,51.61290322580645,0.78125
2033,B8,31,0,0.0,100.0,0.78125
2033,B4,31,0,0.0,100.0,0.78125
2033,B9,31,0,0.0,100.0,0.78125
2034,G4,56,41,73.21428571428571,26.785714285714285,0.8571428571428571
2034,B8,56,0,0.0,100.0,0.8571428571428571
2034,B4,56,0,0.0,100.0,0.8571428571428571
2034,B9,56,0,0.0,100.0,0.8571428571428571
2036,G4,61,39,63.934426229508205,36.0655737704918,0.6923076923076923
2036,B8,61,4,6.557377049180328,93.44262295081968,0.6923076923076923
2036,B4,61,1,1.639344262295082,98.36065573770492,0.6923076923076923
2036,B9,61,0,0.0,100.0,0.6923076923076923
2035,G4,60,47,78.33333333333333,21.666666666666668,0.8529411764705882
2035,B8,60,7,11.666666666666666,88.33333333333333,0.8529411764705882
2035,B4,60,0,0.0,100.0,0.8529411764705882
2035,B9,60,0,0.0,100.0,0.8529411764705882
2037,G4,57,20,35.08771929824561,64.91228070175438,0.7692307692307693
2037,B8,57,2,3.508771929824561,96.49122807017544,0.7692307692307693
2037,B4,57,0,0.0,100.0,0.7692307692307693
2037,B9,57,1,1.7543859649122806,98.24561403508771,0.7692307692307693
2039,G4,62,49,79.03225806451613,20.967741935483872,0.6938775510204082
2039,B8,62,1,1.6129032258064515,98.38709677419355,0.6938775510204082
2039,B4,62,1,1.6129032258064515,98.38709677419355,0.6938775510204082
2039,B9,62,0,0.0,100.0,0.6938775510204082
2038,G4,75,60,80.0,20.0,0.8518518518518519
2038,B8,75,3,4.0,96.0,0.8518518518518519
2038,B4,75,0,0.0,100.0,0.8518518518518519
2038,B9,75,0,0.0,100.0,0.8518518518518519
2121,G4,31,19,61.29032258064516,38.70967741935484,0.9411764705882352
2121,B8,31,0,0.0,100.0,0.9411764705882352
2121,B4,31,0,0.0,100.0,0.9411764705882352
2121,B9,31,0,0.0,100.0,0.9411764705882352
2122,G4,26,16,61.53846153846154,38.46153846153847,0.96875
2122,B8,26,0,0.0,100.0,0.96875
2122,B4,26,1,3.8461538461538463,96.15384615384616,0.96875
2122,B9,26,0,0.0,100.0,0.96875
2123,G4,30,19,63.33333333333333,36.666666666666664,0.945945945945946
2123,B8,30,0,0.0,100.0,0.945945945945946
2123,B4,30,0,0.0,100.0,0.945945945945946
2123,B9,30,0,0.0,100.0,0.945945945945946
2124,G4,30,17,56.666666666666664,43.333333333333336,0.9032258064516128
2124,B8,30,0,0.0,100.0,0.9032258064516128
2124,B4,30,0,0.0,100.0,0.9032258064516128
2124,B9,30,0,0.0,100.0,0.9032258064516128
2125,G4,21,10,47.61904761904761,52.38095238095239,0.9565217391304348
2125,B8,21,0,0.0,100.0,0.9565217391304348
2125,B4,21,0,0.0,100.0,0.9565217391304348
2125,B9,21,0,0.0,100.0,0.9565217391304348
2127,G4,26,14,53.84615384615385,46.15384615384615,0.8285714285714286
2127,B8,26,0,0.0,100.0,0.8285714285714286
2127,B4,26,0,0.0,100.0,0.8285714285714286
2127,B9,26,0,0.0,100.0,0.8285714285714286
2126,G4,29,15,51.724137931034484,48.275862068965516,1.0
2126,B8,29,1,3.4482758620689653,96.55172413793103,1.0
2126,B4,29,0,0.0,100.0,1.0
2126,B9,29,1,3.4482758620689653,96.55172413793103,1.0
2128,G4,23,13,56.52173913043478,43.47826086956522,0.9
2128,B8,23,1,4.3478260869565215,95.65217391304348,0.9
2128,B4,23,0,0.0,100.0,0.9
2128,B9,23,1,4.3478260869565215,95.65217391304348,0.9
2130,G4,21,12,57.14285714285714,42.857142857142854,0.967741935483871
2130,B8,21,0,0.0,100.0,0.967741935483871
2130,B4,21,0,0.0,100.0,0.967741935483871
2130,B9,21,0,0.0,100.0,0.967741935483871
2129,G4,31,13,41.935483870967744,58.06451612903226,0.9393939393939394
2129,B8,31,1,3.225806451612903,96.7741935483871,0.9393939393939394
2129,B4,31,0,0.0,100.0,0.9393939393939394
2129,B9,31,0,0.0,100.0,0.9393939393939394
2146,G4,30,14,46.666666666666664,53.333333333333336,0.5
2146,B8,30,9,30.0,70.0,0.5
2146,B4,30,0,0.0,100.0,0.5
2146,B9,30,0,0.0,100.0,0.5
2147,G4,24,19,79.16666666666666,20.833333333333336,0.631578947368421
2147,B8,24,5,20.833333333333336,79.16666666666666,0.631578947368421
2147,B4,24,1,4.166666666666666,95.83333333333334,0.631578947368421
2147,B9,24,0,0.0,100.0,0.631578947368421
2149,G4,23,18,78.26086956521739,21.73913043478261,0.7
2149,B8,23,0,0.0,100.0,0.7
2149,B4,23,0,0.0,100.0,0.7
2149,B9,23,0,0.0,100.0,0.7
2148,G4,28,18,64.28571428571429,35.714285714285715,1.0
2148,B8,28,0,0.0,100.0,1.0
2148,B4,28,0,0.0,100.0,1.0
2148,B9,28,0,0.0,100.0,1.0
2150,G4,22,16,72.72727272727273,27.27272727272727,0.8571428571428571
2150,B8,22,12,54.54545454545454,45.45454545454545,0.8571428571428571
2150,B4,22,0,0.0,100.0,0.8571428571428571
2150,B9,22,0,0.0,100.0,0.8571428571428571
2152,G4,25,20,80.0,20.0,0.782608695652174
2152,B8,25,0,0.0,100.0,0.782608695652174
2152,B4,25,0,0.0,100.0,0.782608695652174
2152,B9,25,0,0.0,100.0,0.782608695652174
2153,G4,27,25,92.5925925925926,7.4074074074074066,0.8076923076923077
2153,B8,27,0,0.0,100.0,0.8076923076923077
2153,B4,27,0,0.0,100.0,0.8076923076923077
2153,B9,27,0,0.0,100.0,0.8076923076923077
2154,G4,19,18,94.73684210526315,5.263157894736842,0.7142857142857143
2154,B8,19,0,0.0,100.0,0.7142857142857143
2154,B4,19,0,0.0,100.0,0.7142857142857143
2154,B9,19,0,0.0,100.0,0.7142857142857143
2155,G4,24,16,66.66666666666666,33.33333333333333,0.631578947368421
2155,B8,24,9,37.5,62.5,0.631578947368421
2155,B4,24,1,4.166666666666666,95.83333333333334,0.631578947368421
2155,B9,24,3,12.5,87.5,0.631578947368421
2429,G4,38,17,44.73684210526316,55.26315789473685,0.8928571428571429
2429,B8,38,0,0.0,100.0,0.8928571428571429
2429,B4,38,0,0.0,100.0,0.8928571428571429
2429,B9,38,0,0.0,100.0,0.8928571428571429
2430,G4,21,2,9.523809523809524,90.47619047619048,0.9130434782608696
2430,B8,21,0,0.0,100.0,0.9130434782608696
2430,B4,21,0,0.0,100.0,0.9130434782608696
2430,B9,21,0,0.0,100.0,0.9130434782608696
2431,G4,29,9,31.03448275862069,68.96551724137932,0.9629629629629628
2431,B8,29,0,0.0,100.0,0.9629629629629628
2431,B4,29,0,0.0,100.0,0.9629629629629628
2431,B9,29,0,0.0,100.0,0.9629629629629628
2301,G4,82,67,81.70731707317073,18.29268292682927,0.8522727272727273
2301,B8,82,0,0.0,100.0,0.8522727272727273
2301,B4,82,0,0.0,100.0,0.8522727272727273
2301,B9,82,0,0.0,100.0,0.8522727272727273
2434,G4,27,16,59.25925925925925,40.74074074074074,0.8888888888888888
2434,B8,27,0,0.0,100.0,0.8888888888888888
2434,B4,27,0,0.0,100.0,0.8888888888888888
2434,B9,27,0,0.0,100.0,0.8888888888888888
2432,G4,43,16,37.2093023255814,62.7906976744186,0.9523809523809524
2432,B8,43,0,0.0,100.0,0.9523809523809524
2432,B4,43,0,0.0,100.0,0.9523809523809524
2432,B9,43,0,0.0,100.0,0.9523809523809524
2433,G4,33,6,18.181818181818183,81.81818181818183,0.8620689655172413
2433,B8,33,0,0.0,100.0,0.8620689655172413
2433,B4,33,0,0.0,100.0,0.8620689655172413
2433,B9,33,0,0.0,100.0,0.8620689655172413
2435,G4,29,6,20.689655172413794,79.3103448275862,0.8076923076923077
2435,B8,29,0,0.0,100.0,0.8076923076923077
2435,B4,29,0,0.0,100.0,0.8076923076923077
2435,B9,29,0,0.0,100.0,0.8076923076923077
2436,G4,39,7,17.94871794871795,82.05128205128204,0.7352941176470589
2436,B8,39,0,0.0,100.0,0.7352941176470589
2436,B4,39,0,0.0,100.0,0.7352941176470589
2436,B9,39,0,0.0,100.0,0.7352941176470589
2437,G4,43,12,27.906976744186046,72.09302325581395,0.5714285714285714
2437,B8,43,0,0.0,100.0,0.5714285714285714
2437,B4,43,0,0.0,100.0,0.5714285714285714
2437,B9,43,0,0.0,100.0,0.5714285714285714
2438,G4,31,11,35.483870967741936,64.51612903225806,0.8709677419354839
2438,B8,31,0,0.0,100.0,0.8709677419354839
2438,B4,31,0,0.0,100.0,0.8709677419354839
2438,B9,31,0,0.0,100.0,0.8709677419354839
2452,G4,25,16,64.0,36.0,0.8846153846153846
2452,B8,25,17,68.0,32.0,0.8846153846153846
2452,B4,25,0,0.0,100.0,0.8846153846153846
2452,B9,25,9,36.0,64.0,0.8846153846153846
2455,G4,22,14,63.63636363636363,36.36363636363637,0.9523809523809524
2455,B8,22,13,59.09090909090909,40.909090909090914,0.9523809523809524
2455,B4,22,0,0.0,100.0,0.9523809523809524
2455,B9,22,0,0.0,100.0,0.9523809523809524
2454,G4,26,11,42.30769230769231,57.692307692307686,0.5555555555555556
2454,B8,26,8,30.76923076923077,69.23076923076923,0.5555555555555556
2454,B4,26,0,0.0,100.0,0.5555555555555556
2454,B9,26,0,0.0,100.0,0.5555555555555556
2457,G4,18,10,55.55555555555556,44.44444444444444,0.9444444444444444
2457,B8,18,6,33.33333333333333,66.66666666666666,0.9444444444444444
2457,B4,18,0,0.0,100.0,0.9444444444444444
2457,B9,18,0,0.0,100.0,0.9444444444444444
2458,G4,19,9,47.368421052631575,52.63157894736842,0.8823529411764706
2458,B8,19,10,52.63157894736842,47.368421052631575,0.8823529411764706
2458,B4,19,0,0.0,100.0,0.8823529411764706
2458,B9,19,0,0.0,100.0,0.8823529411764706
2456,G4,31,13,41.935483870967744,58.06451612903226,0.8571428571428571
2456,B8,31,18,58.06451612903226,41.935483870967744,0.8571428571428571
2456,B4,31,0,0.0,100.0,0.8571428571428571
2456,B9,31,0,0.0,100.0,0.8571428571428571
2460,G4,27,20,74.07407407407408,25.925925925925924,0.8846153846153846
2460,B8,27,11,40.74074074074074,59.25925925925925,0.8846153846153846
2460,B4,27,0,0.0,100.0,0.8846153846153846
2460,B9,27,0,0.0,100.0,0.8846153846153846
2461,G4,25,14,56.00000000000001,44.0,0.9545454545454546
2461,B8,25,11,44.0,56.00000000000001,0.9545454545454546
2461,B4,25,0,0.0,100.0,0.9545454545454546
2461,B9,25,4,16.0,84.0,0.9545454545454546
2459,G4,27,13,48.148148148148145,51.85185185185185,0.782608695652174
2459,B8,27,12,44.44444444444444,55.55555555555556,0.782608695652174
2459,B4,27,0,0.0,100.0,0.782608695652174
2459,B9,27,0,0.0,100.0,0.782608695652174
2488,G4,25,16,64.0,36.0,0.7619047619047619
2488,B8,25,10,40.0,60.0,0.7619047619047619
2488,B4,25,0,0.0,100.0,0.7619047619047619
2488,B9,25,8,32.0,68.0,0.7619047619047619
2487,G4,26,16,61.53846153846154,38.46153846153847,0.64
2487,B8,26,17,65.38461538461539,34.61538461538461,0.64
2487,B4,26,3,11.538461538461538,88.46153846153845,0.64
2487,B9,26,0,0.0,100.0,0.64
2489,G4,28,10,35.714285714285715,64.28571428571429,0.631578947368421
2489,B8,28,11,39.285714285714285,60.71428571428571,0.631578947368421
2489,B4,28,1,3.571428571428571,96.42857142857143,0.631578947368421
2489,B9,28,1,3.571428571428571,96.42857142857143,0.631578947368421
2531,G4,23,15,65.21739130434783,34.78260869565217,0.375
2531,B8,23,0,0.0,100.0,0.375
2531,B4,23,0,0.0,100.0,0.375
2531,B9,23,0,0.0,100.0,0.375
2530,G4,30,20,66.66666666666666,33.33333333333333,0.6190476190476191
2530,B8,30,0,0.0,100.0,0.6190476190476191
2530,B4,30,0,0.0,100.0,0.6190476190476191
2530,B9,30,0,0.0,100.0,0.6190476190476191
2532,G4,25,12,48.0,52.0,0.5294117647058824
2532,B8,25,0,0.0,100.0,0.5294117647058824
2532,B4,25,0,0.0,100.0,0.5294117647058824
2532,B9,25,0,0.0,100.0,0.5294117647058824
2535,G4,21,14,66.66666666666666,33.33333333333333,0.631578947368421
2535,B8,21,0,0.0,100.0,0.631578947368421
2535,B4,21,0,0.0,100.0,0.631578947368421
2535,B9,21,0,0.0,100.0,0.631578947368421
2533,G4,24,16,66.66666666666666,33.33333333333333,0.4615384615384615
2533,B8,24,0,0.0,100.0,0.4615384615384615
2533,B4,24,0,0.0,100.0,0.4615384615384615
2533,B9,24,0,0.0,100.0,0.4615384615384615
2536,G4,24,18,75.0,25.0,0.55
2536,B8,24,0,0.0,100.0,0.55
2536,B4,24,0,0.0,100.0,0.55
2536,B9,24,0,0.0,100.0,0.55
2538,G4,29,18,62.06896551724138,37.93103448275862,0.4166666666666667
2538,B8,29,0,0.0,100.0,0.4166666666666667
2538,B4,29,0,0.0,100.0,0.4166666666666667
2538,B9,29,0,0.0,100.0,0.4166666666666667
2539,G4,25,16,64.0,36.0,0.8
2539,B8,25,0,0.0,100.0,0.8
2539,B4,25,0,0.0,100.0,0.8
2539,B9,25,0,0.0,100.0,0.8
2537,G4,34,21,61.76470588235294,38.23529411764706,0.3636363636363636
2537,B8,34,0,0.0,100.0,0.3636363636363636
2537,B4,34,0,0.0,100.0,0.3636363636363636
2537,B9,34,0,0.0,100.0,0.3636363636363636
2587,G4,17,13,76.47058823529412,23.52941176470588,0.75
2587,B8,17,0,0.0,100.0,0.75
2587,B4,17,0,0.0,100.0,0.75
2587,B9,17,0,0.0,100.0,0.75
2548,G4,16,12,75.0,25.0,0.0
2548,B8,16,1,6.25,93.75,0.0
2548,B4,16,0,0.0,100.0,0.0
2548,B9,16,0,0.0,100.0,0.0
2588,G4,23,13,56.52173913043478,43.47826086956522,0.625
2588,B8,23,0,0.0,100.0,0.625
2588,B4,23,0,0.0,100.0,0.625
2588,B9,23,0,0.0,100.0,0.625
2590,G4,23,19,82.6086956521739,17.391304347826086,0.8095238095238095
2590,B8,23,0,0.0,100.0,0.8095238095238095
2590,B4,23,0,0.0,100.0,0.8095238095238095
2590,B9,23,0,0.0,100.0,0.8095238095238095
2589,G4,22,14,63.63636363636363,36.36363636363637,0.7368421052631579
2589,B8,22,0,0.0,100.0,0.7368421052631579
2589,B4,22,0,0.0,100.0,0.7368421052631579
2589,B9,22,0,0.0,100.0,0.7368421052631579
2591,G4,21,14,66.66666666666666,33.33333333333333,0.6875
2591,B8,21,0,0.0,100.0,0.6875
2591,B4,21,0,0.0,100.0,0.6875
2591,B9,21,0,0.0,100.0,0.6875
2593,G4,17,8,47.05882352941176,52.94117647058824,0.8
2593,B8,17,0,0.0,100.0,0.8
2593,B4,17,0,0.0,100.0,0.8
2593,B9,17,0,0.0,100.0,0.8
2592,G4,24,19,79.16666666666666,20.833333333333336,0.7368421052631579
2592,B8,24,0,0.0,100.0,0.7368421052631579
2592,B4,24,0,0.0,100.0,0.7368421052631579
2592,B9,24,0,0.0,100.0,0.7368421052631579
2594,G4,29,17,58.620689655172406,41.37931034482759,0.6153846153846154
2594,B8,29,0,0.0,100.0,0.6153846153846154
2594,B4,29,0,0.0,100.0,0.6153846153846154
2594,B9,29,0,0.0,100.0,0.6153846153846154
2595,G4,21,16,76.19047619047619,23.809523809523807,0.3157894736842105
2595,B8,21,0,0.0,100.0,0.3157894736842105
2595,B4,21,0,0.0,100.0,0.3157894736842105
2595,B9,21,0,0.0,100.0,0.3157894736842105
2596,G4,22,17,77.27272727272727,22.727272727272727,0.8823529411764706
2596,B8,22,0,0.0,100.0,0.8823529411764706
2596,B4,22,0,0.0,100.0,0.8823529411764706
2596,B9,22,0,0.0,100.0,0.8823529411764706
2623,G4,21,8,38.095238095238095,61.904761904761905,0.6333333333333333
2623,B8,21,5,23.809523809523807,76.19047619047619,0.6333333333333333
2623,B4,21,0,0.0,100.0,0.6333333333333333
2623,B9,21,0,0.0,100.0,0.6333333333333333
2671,G4,60,35,58.333333333333336,41.66666666666667,0.9577464788732394
2671,B8,60,0,0.0,100.0,0.9577464788732394
2671,B4,60,0,0.0,100.0,0.9577464788732394
2671,B9,60,0,0.0,100.0,0.9577464788732394
2672,G4,85,67,78.82352941176471,21.176470588235293,0.913978494623656
2672,B8,85,0,0.0,100.0,0.913978494623656
2672,B4,85,0,0.0,100.0,0.913978494623656
2672,B9,85,0,0.0,100.0,0.913978494623656
2804,G4,27,10,37.03703703703704,62.96296296296296,0.8260869565217391
2804,B8,27,0,0.0,100.0,0.8260869565217391
2804,B4,27,0,0.0,100.0,0.8260869565217391
2804,B9,27,0,0.0,100.0,0.8260869565217391
2673,G4,82,50,60.97560975609756,39.02439024390244,0.9285714285714286
2673,B8,82,0,0.0,100.0,0.9285714285714286
2673,B4,82,0,0.0,100.0,0.9285714285714286
2673,B9,82,0,0.0,100.0,0.9285714285714286
2826,G4,32,24,75.0,25.0,0.8421052631578947
2826,B8,32,18,56.25,43.75,0.8421052631578947
2826,B4,32,0,0.0,100.0,0.8421052631578947
2826,B9,32,0,0.0,100.0,0.8421052631578947
2827,G4,43,28,65.11627906976744,34.883720930232556,0.9111111111111112
2827,B8,43,21,48.837209302325576,51.162790697674424,0.9111111111111112
2827,B4,43,0,0.0,100.0,0.9111111111111112
2827,B9,43,0,0.0,100.0,0.9111111111111112
2844,G4,43,36,83.72093023255815,16.27906976744186,0.9473684210526316
2844,B8,43,4,9.30232558139535,90.69767441860465,0.9473684210526316
2844,B4,43,1,2.3255813953488373,97.67441860465115,0.9473684210526316
2844,B9,43,0,0.0,100.0,0.9473684210526316
2845,G4,81,59,72.8395061728395,27.160493827160494,0.891566265060241
2845,B8,81,6,7.4074074074074066,92.5925925925926,0.891566265060241
2845,B4,81,1,1.2345679012345678,98.76543209876543,0.891566265060241
2845,B9,81,0,0.0,100.0,0.891566265060241
2846,G4,67,43,64.17910447761194,35.82089552238806,0.9206349206349206
2846,B8,67,1,1.4925373134328357,98.50746268656717,0.9206349206349206
2846,B4,67,1,1.4925373134328357,98.50746268656717,0.9206349206349206
2846,B9,67,0,0.0,100.0,0.9206349206349206
2849,G4,29,21,72.41379310344827,27.586206896551722,1.0
2849,B8,29,4,13.793103448275861,86.20689655172413,1.0
2849,B4,29,0,0.0,100.0,1.0
2849,B9,29,1,3.4482758620689653,96.55172413793103,1.0
2847,G4,90,65,72.22222222222221,27.77777777777778,0.9302325581395348
2847,B8,90,2,2.2222222222222223,97.77777777777777,0.9302325581395348
2847,B4,90,0,0.0,100.0,0.9302325581395348
2847,B9,90,0,0.0,100.0,0.9302325581395348
2850,G4,31,11,35.483870967741936,64.51612903225806,0.8387096774193549
2850,B8,31,0,0.0,100.0,0.8387096774193549
2850,B4,31,0,0.0,100.0,0.8387096774193549
2850,B9,31,0,0.0,100.0,0.8387096774193549
2851,G4,40,29,72.5,27.500000000000004,0.8205128205128205
2851,B8,40,4,10.0,90.0,0.8205128205128205
2851,B4,40,1,2.5,97.5,0.8205128205128205
2851,B9,40,3,7.5,92.5,0.8205128205128205
2853,G4,22,19,86.36363636363636,13.636363636363635,0.896551724137931
2853,B8,22,2,9.090909090909092,90.9090909090909,0.896551724137931
2853,B4,22,0,0.0,100.0,0.896551724137931
2853,B9,22,0,0.0,100.0,0.896551724137931
2852,G4,36,20,55.55555555555556,44.44444444444444,0.8055555555555556
2852,B8,36,2,5.555555555555555,94.44444444444444,0.8055555555555556
2852,B4,36,0,0.0,100.0,0.8055555555555556
2852,B9,36,0,0.0,100.0,0.8055555555555556
2918,G4,27,9,33.33333333333333,66.66666666666666,0.6129032258064516
2918,B8,27,0,0.0,100.0,0.6129032258064516
2918,B4,27,0,0.0,100.0,0.6129032258064516
2918,B9,27,0,0.0,100.0,0.6129032258064516
2919,G4,25,22,88.0,12.0,0.8064516129032258
2919,B8,25,0,0.0,100.0,0.8064516129032258
2919,B4,25,0,0.0,100.0,0.8064516129032258
2919,B9,25,0,0.0,100.0,0.8064516129032258
2920,G4,30,17,56.666666666666664,43.333333333333336,0.6857142857142857
2920,B8,30,0,0.0,100.0,0.6857142857142857
2920,B4,30,0,0.0,100.0,0.6857142857142857
2920,B9,30,0,0.0,100.0,0.6857142857142857
2922,G4,26,18,69.23076923076923,30.76923076923077,0.7142857142857143
2922,B8,26,0,0.0,100.0,0.7142857142857143
2922,B4,26,0,0.0,100.0,0.7142857142857143
2922,B9,26,0,0.0,100.0,0.7142857142857143
2921,G4,33,10,30.303030303030305,69.6969696969697,0.6666666666666666
2921,B8,33,0,0.0,100.0,0.6666666666666666
2921,B4,33,0,0.0,100.0,0.6666666666666666
2921,B9,33,0,0.0,100.0,0.6666666666666666
2925,G4,23,13,56.52173913043478,43.47826086956522,0.625
2925,B8,23,0,0.0,100.0,0.625
2925,B4,23,0,0.0,100.0,0.625
2925,B9,23,0,0.0,100.0,0.625
2926,G4,26,12,46.15384615384615,53.84615384615385,0.6086956521739131
2926,B8,26,0,0.0,100.0,0.6086956521739131
2926,B4,26,0,0.0,100.0,0.6086956521739131
2926,B9,26,0,0.0,100.0,0.6086956521739131
2924,G4,36,29,80.55555555555556,19.444444444444446,0.8
2924,B8,36,0,0.0,100.0,0.8
2924,B4,36,0,0.0,100.0,0.8
2924,B9,36,0,0.0,100.0,0.8
2928,G4,29,23,79.3103448275862,20.689655172413794,0.8372093023255814
2928,B8,29,0,0.0,100.0,0.8372093023255814
2928,B4,29,0,0.0,100.0,0.8372093023255814
2928,B9,29,0,0.0,100.0,0.8372093023255814
2927,G4,31,8,25.806451612903224,74.19354838709677,0.7804878048780488
2927,B8,31,0,0.0,100.0,0.7804878048780488
2927,B4,31,0,0.0,100.0,0.7804878048780488
2927,B9,31,0,0.0,100.0,0.7804878048780488
2930,G4,28,23,82.14285714285714,17.857142857142858,0.8064516129032258
2930,B8,28,0,0.0,100.0,0.8064516129032258
2930,B4,28,0,0.0,100.0,0.8064516129032258
2930,B9,28,0,0.0,100.0,0.8064516129032258
2931,G4,22,17,77.27272727272727,22.727272727272727,1.0
2931,B8,22,0,0.0,100.0,1.0
2931,B4,22,0,0.0,100.0,1.0
2931,B9,22,0,0.0,100.0,1.0
2932,G4,20,19,95.0,5.0,0.8695652173913043
2932,B8,20,0,0.0,100.0,0.8695652173913043
2932,B4,20,0,0.0,100.0,0.8695652173913043
2932,B9,20,0,0.0,100.0,0.8695652173913043
2934,G4,18,12,66.66666666666666,33.33333333333333,0.7333333333333333
2934,B8,18,0,0.0,100.0,0.7333333333333333
2934,B4,18,0,0.0,100.0,0.7333333333333333
2934,B9,18,0,0.0,100.0,0.7333333333333333
2935,G4,19,19,100.0,0.0,0.8
2935,B8,19,0,0.0,100.0,0.8
2935,B4,19,0,0.0,100.0,0.8
2935,B9,19,0,0.0,100.0,0.8
2938,G4,28,18,64.28571428571429,35.714285714285715,0.8461538461538461
2938,B8,28,0,0.0,100.0,0.8461538461538461
2938,B4,28,0,0.0,100.0,0.8461538461538461
2938,B9,28,0,0.0,100.0,0.8461538461538461
2946,G4,18,13,72.22222222222221,27.77777777777778,0.6666666666666666
2946,B8,18,0,0.0,100.0,0.6666666666666666
2946,B4,18,0,0.0,100.0,0.6666666666666666
2946,B9,18,0,0.0,100.0,0.6666666666666666
2966,G4,28,11,39.285714285714285,60.71428571428571,0.7878787878787878
2966,B8,28,1,3.571428571428571,96.42857142857143,0.7878787878787878
2966,B4,28,0,0.0,100.0,0.7878787878787878
2966,B9,28,0,0.0,100.0,0.7878787878787878
2967,G4,42,21,50.0,50.0,0.723404255319149
2967,B8,42,0,0.0,100.0,0.723404255319149
2967,B4,42,6,14.285714285714285,85.71428571428571,0.723404255319149
2967,B9,42,0,0.0,100.0,0.723404255319149
2969,G4,23,9,39.130434782608695,60.86956521739131,0.5
2969,B8,23,0,0.0,100.0,0.5
2969,B4,23,0,0.0,100.0,0.5
2969,B9,23,0,0.0,100.0,0.5
2971,G4,23,14,60.86956521739131,39.130434782608695,0.8260869565217391
2971,B8,23,0,0.0,100.0,0.8260869565217391
2971,B4,23,0,0.0,100.0,0.8260869565217391
2971,B9,23,0,0.0,100.0,0.8260869565217391
2970,G4,38,25,65.78947368421053,34.21052631578947,0.7674418604651163
2970,B8,38,0,0.0,100.0,0.7674418604651163
2970,B4,38,0,0.0,100.0,0.7674418604651163
2970,B9,38,0,0.0,100.0,0.7674418604651163
2972,G4,30,23,76.66666666666667,23.333333333333332,0.8974358974358975
2972,B8,30,0,0.0,100.0,0.8974358974358975
2972,B4,30,0,0.0,100.0,0.8974358974358975
2972,B9,30,0,0.0,100.0,0.8974358974358975
2968,G4,98,42,42.857142857142854,57.14285714285714,0.7927927927927928
2968,B8,98,3,3.061224489795918,96.93877551020408,0.7927927927927928
2968,B4,98,0,0.0,100.0,0.7927927927927928
2968,B9,98,0,0.0,100.0,0.7927927927927928
2974,G4,27,7,25.925925925925924,74.07407407407408,0.7307692307692307
2974,B8,27,0,0.0,100.0,0.7307692307692307
2974,B4,27,0,0.0,100.0,0.7307692307692307
2974,B9,27,0,0.0,100.0,0.7307692307692307
2975,G4,22,7,31.818181818181817,68.18181818181817,0.7741935483870968
2975,B8,22,0,0.0,100.0,0.7741935483870968
2975,B4,22,0,0.0,100.0,0.7741935483870968
2975,B9,22,0,0.0,100.0,0.7741935483870968
2973,G4,48,39,81.25,18.75,0.7833333333333333
2973,B8,48,0,0.0,100.0,0.7833333333333333
2973,B4,48,0,0.0,100.0,0.7833333333333333
2973,B9,48,0,0.0,100.0,0.7833333333333333
3032,G4,52,41,78.84615384615384,21.153846153846153,0.9423076923076924
3032,B8,52,22,42.30769230769231,57.692307692307686,0.9423076923076924
3032,B4,52,0,0.0,100.0,0.9423076923076924
3032,B9,52,23,44.230769230769226,55.769230769230774,0.9423076923076924
3033,G4,59,47,79.66101694915254,20.33898305084746,0.9032258064516128
3033,B8,59,4,6.779661016949152,93.22033898305084,0.9032258064516128
3033,B4,59,1,1.694915254237288,98.30508474576271,0.9032258064516128
3033,B9,59,0,0.0,100.0,0.9032258064516128
3031,G4,69,56,81.15942028985508,18.84057971014493,0.9444444444444444
3031,B8,69,35,50.72463768115942,49.275362318840585,0.9444444444444444
3031,B4,69,0,0.0,100.0,0.9444444444444444
3031,B9,69,25,36.231884057971016,63.76811594202898,0.9444444444444444
3034,G4,21,15,71.42857142857143,28.57142857142857,0.7916666666666666
3034,B8,21,8,38.095238095238095,61.904761904761905,0.7916666666666666
3034,B4,21,1,4.761904761904762,95.23809523809523,0.7916666666666666
3034,B9,21,0,0.0,100.0,0.7916666666666666
3035,G4,36,28,77.77777777777779,22.22222222222222,0.8571428571428571
3035,B8,36,10,27.77777777777778,72.22222222222221,0.8571428571428571
3035,B4,36,2,5.555555555555555,94.44444444444444,0.8571428571428571
3035,B9,36,0,0.0,100.0,0.8571428571428571
3036,G4,55,45,81.81818181818183,18.181818181818183,0.9298245614035088
3036,B8,55,29,52.72727272727272,47.27272727272727,0.9298245614035088
3036,B4,55,1,1.8181818181818181,98.18181818181819,0.9298245614035088
3036,B9,55,0,0.0,100.0,0.9298245614035088
3037,G4,52,41,78.84615384615384,21.153846153846153,0.9420289855072465
3037,B8,52,28,53.84615384615385,46.15384615384615,0.9420289855072465
3037,B4,52,2,3.8461538461538463,96.15384615384616,0.9420289855072465
3037,B9,52,0,0.0,100.0,0.9420289855072465
3039,G4,31,21,67.74193548387096,32.25806451612903,0.6363636363636364
3039,B8,31,3,9.67741935483871,90.32258064516128,0.6363636363636364
3039,B4,31,1,3.225806451612903,96.7741935483871,0.6363636363636364
3039,B9,31,0,0.0,100.0,0.6363636363636364
3051,G4,19,6,31.57894736842105,68.42105263157895,0.782608695652174
3051,B8,19,10,52.63157894736842,47.368421052631575,0.782608695652174
3051,B4,19,0,0.0,100.0,0.782608695652174
3051,B9,19,0,0.0,100.0,0.782608695652174
3038,G4,57,39,68.42105263157895,31.57894736842105,0.7741935483870968
3038,B8,57,23,40.35087719298245,59.64912280701754,0.7741935483870968
3038,B4,57,2,3.508771929824561,96.49122807017544,0.7741935483870968
3038,B9,57,0,0.0,100.0,0.7741935483870968
3058,G4,16,6,37.5,62.5,0.9444444444444444
3058,B8,16,10,62.5,37.5,0.9444444444444444
3058,B4,16,0,0.0,100.0,0.9444444444444444
3058,B9,16,3,18.75,81.25,0.9444444444444444
3054,G4,17,10,58.82352941176471,41.17647058823529,0.8333333333333334
3054,B8,17,6,35.294117647058826,64.70588235294117,0.8333333333333334
3054,B4,17,0,0.0,100.0,0.8333333333333334
3054,B9,17,3,17.647058823529413,82.35294117647058,0.8333333333333334
3060,G4,16,8,50.0,50.0,0.5294117647058824
3060,B8,16,4,25.0,75.0,0.5294117647058824
3060,B4,16,1,6.25,93.75,0.5294117647058824
3060,B9,16,1,6.25,93.75,0.5294117647058824
3041,G4,63,46,73.01587301587301,26.984126984126984,0.8472222222222222
3041,B8,63,8,12.698412698412698,87.3015873015873,0.8472222222222222
3041,B4,63,0,0.0,100.0,0.8472222222222222
3041,B9,63,0,0.0,100.0,0.8472222222222222
3062,G4,18,12,66.66666666666666,33.33333333333333,0.7
3062,B8,18,4,22.22222222222222,77.77777777777779,0.7
3062,B4,18,2,11.11111111111111,88.88888888888889,0.7
3062,B9,18,0,0.0,100.0,0.7
3064,G4,17,6,35.294117647058826,64.70588235294117,0.4666666666666667
3064,B8,17,8,47.05882352941176,52.94117647058824,0.4666666666666667
3064,B4,17,1,5.88235294117647,94.11764705882352,0.4666666666666667
3064,B9,17,1,5.88235294117647,94.11764705882352,0.4666666666666667
3065,G4,18,13,72.22222222222221,27.77777777777778,0.625
3065,B8,18,13,72.22222222222221,27.77777777777778,0.625
3065,B4,18,4,22.22222222222222,77.77777777777779,0.625
3065,B9,18,0,0.0,100.0,0.625
3063,G4,26,20,76.92307692307693,23.076923076923077,0.6774193548387096
3063,B8,26,9,34.61538461538461,65.38461538461539,0.6774193548387096
3063,B4,26,3,11.538461538461538,88.46153846153845,0.6774193548387096
3063,B9,26,2,7.6923076923076925,92.3076923076923,0.6774193548387096
3066,G4,16,10,62.5,37.5,0.4615384615384615
3066,B8,16,2,12.5,87.5,0.4615384615384615
3066,B4,16,0,0.0,100.0,0.4615384615384615
3066,B9,16,2,12.5,87.5,0.4615384615384615
3068,G4,21,12,57.14285714285714,42.857142857142854,0.5263157894736842
3068,B8,21,7,33.33333333333333,66.66666666666666,0.5263157894736842
3068,B4,21,2,9.523809523809524,90.47619047619048,0.5263157894736842
3068,B9,21,0,0.0,100.0,0.5263157894736842
3069,G4,24,9,37.5,62.5,0.5652173913043478
3069,B8,24,4,16.666666666666664,83.33333333333334,0.5652173913043478
3069,B4,24,2,8.333333333333332,91.66666666666666,0.5652173913043478
3069,B9,24,1,4.166666666666666,95.83333333333334,0.5652173913043478
3087,G4,23,10,43.47826086956522,56.52173913043478,0.3333333333333333
3087,B8,23,1,4.3478260869565215,95.65217391304348,0.3333333333333333
3087,B4,23,1,4.3478260869565215,95.65217391304348,0.3333333333333333
3087,B9,23,0,0.0,100.0,0.3333333333333333
3088,G4,21,10,47.61904761904761,52.38095238095239,0.3636363636363636
3088,B8,21,1,4.761904761904762,95.23809523809523,0.3636363636363636
3088,B4,21,0,0.0,100.0,0.3636363636363636
3088,B9,21,0,0.0,100.0,0.3636363636363636
3091,G4,18,10,55.55555555555556,44.44444444444444,0.2142857142857142
3091,B8,18,6,33.33333333333333,66.66666666666666,0.2142857142857142
3091,B4,18,0,0.0,100.0,0.2142857142857142
3091,B9,18,0,0.0,100.0,0.2142857142857142
3089,G4,26,17,65.38461538461539,34.61538461538461,0.7916666666666666
3089,B8,26,6,23.076923076923077,76.92307692307693,0.7916666666666666
3089,B4,26,0,0.0,100.0,0.7916666666666666
3089,B9,26,0,0.0,100.0,0.7916666666666666
3092,G4,17,10,58.82352941176471,41.17647058823529,0.25
3092,B8,17,4,23.52941176470588,76.47058823529412,0.25
3092,B4,17,0,0.0,100.0,0.25
3092,B9,17,0,0.0,100.0,0.25
3093,G4,19,10,52.63157894736842,47.368421052631575,0.5714285714285714
3093,B8,19,6,31.57894736842105,68.42105263157895,0.5714285714285714
3093,B4,19,0,0.0,100.0,0.5714285714285714
3093,B9,19,0,0.0,100.0,0.5714285714285714
3095,G4,19,13,68.42105263157895,31.57894736842105,0.6111111111111112
3095,B8,19,8,42.10526315789473,57.89473684210527,0.6111111111111112
3095,B4,19,0,0.0,100.0,0.6111111111111112
3095,B9,19,0,0.0,100.0,0.6111111111111112
3096,G4,19,10,52.63157894736842,47.368421052631575,0.5625
3096,B8,19,9,47.368421052631575,52.63157894736842,0.5625
3096,B4,19,2,10.526315789473683,89.47368421052632,0.5625
3096,B9,19,0,0.0,100.0,0.5625
3097,G4,18,14,77.77777777777779,22.22222222222222,0.6
3097,B8,18,6,33.33333333333333,66.66666666666666,0.6
3097,B4,18,1,5.555555555555555,94.44444444444444,0.6
3097,B9,18,0,0.0,100.0,0.6
3123,G4,26,20,76.92307692307693,23.076923076923077,0.6666666666666666
3123,B8,26,0,0.0,100.0,0.6666666666666666
3123,B4,26,0,0.0,100.0,0.6666666666666666
3123,B9,26,0,0.0,100.0,0.6666666666666666
3135,G4,17,9,52.94117647058824,47.05882352941176,0.7647058823529411
3135,B8,17,0,0.0,100.0,0.7647058823529411
3135,B4,17,0,0.0,100.0,0.7647058823529411
3135,B9,17,0,0.0,100.0,0.7647058823529411
3134,G4,30,23,76.66666666666667,23.333333333333332,0.7083333333333334
3134,B8,30,1,3.3333333333333335,96.66666666666667,0.7083333333333334
3134,B4,30,0,0.0,100.0,0.7083333333333334
3134,B9,30,0,0.0,100.0,0.7083333333333334
3124,G4,40,31,77.5,22.5,0.7297297297297297
3124,B8,40,0,0.0,100.0,0.7297297297297297
3124,B4,40,0,0.0,100.0,0.7297297297297297
3124,B9,40,0,0.0,100.0,0.7297297297297297
3138,G4,25,13,52.0,48.0,0.8181818181818182
3138,B8,25,0,0.0,100.0,0.8181818181818182
3138,B4,25,0,0.0,100.0,0.8181818181818182
3138,B9,25,0,0.0,100.0,0.8181818181818182
3137,G4,38,27,71.05263157894737,28.947368421052634,0.65625
3137,B8,38,0,0.0,100.0,0.65625
3137,B4,38,0,0.0,100.0,0.65625
3137,B9,38,0,0.0,100.0,0.65625
3136,G4,42,33,78.57142857142857,21.428571428571427,0.8055555555555556
3136,B8,42,0,0.0,100.0,0.8055555555555556
3136,B4,42,0,0.0,100.0,0.8055555555555556
3136,B9,42,0,0.0,100.0,0.8055555555555556
3140,G4,24,14,58.333333333333336,41.66666666666667,0.5
3140,B8,24,0,0.0,100.0,0.5
3140,B4,24,0,0.0,100.0,0.5
3140,B9,24,0,0.0,100.0,0.5
3139,G4,31,22,70.96774193548387,29.03225806451613,0.7083333333333334
3139,B8,31,0,0.0,100.0,0.7083333333333334
3139,B4,31,0,0.0,100.0,0.7083333333333334
3139,B9,31,0,0.0,100.0,0.7083333333333334
3141,G4,44,32,72.72727272727273,27.27272727272727,0.782608695652174
3141,B8,44,0,0.0,100.0,0.782608695652174
3141,B4,44,0,0.0,100.0,0.782608695652174
3141,B9,44,0,0.0,100.0,0.782608695652174
3176,G4,35,14,40.0,60.0,0.7941176470588235
3176,B8,35,2,5.714285714285714,94.28571428571428,0.7941176470588235
3176,B4,35,2,5.714285714285714,94.28571428571428,0.7941176470588235
3176,B9,35,0,0.0,100.0,0.7941176470588235
3177,G4,30,24,80.0,20.0,0.875
3177,B8,30,17,56.666666666666664,43.333333333333336,0.875
3177,B4,30,0,0.0,100.0,0.875
3177,B9,30,0,0.0,100.0,0.875
3178,G4,19,11,57.89473684210527,42.10526315789473,0.6923076923076923
3178,B8,19,2,10.526315789473683,89.47368421052632,0.6923076923076923
3178,B4,19,0,0.0,100.0,0.6923076923076923
3178,B9,19,0,0.0,100.0,0.6923076923076923
3179,G4,29,23,79.3103448275862,20.689655172413794,0.4814814814814814
3179,B8,29,2,6.896551724137931,93.10344827586206,0.4814814814814814
3179,B4,29,0,0.0,100.0,0.4814814814814814
3179,B9,29,0,0.0,100.0,0.4814814814814814
3181,G4,22,16,72.72727272727273,27.27272727272727,0.8571428571428571
3181,B8,22,5,22.727272727272727,77.27272727272727,0.8571428571428571
3181,B4,22,0,0.0,100.0,0.8571428571428571
3181,B9,22,0,0.0,100.0,0.8571428571428571
3180,G4,42,26,61.904761904761905,38.095238095238095,0.825
3180,B8,42,24,57.14285714285714,42.857142857142854,0.825
3180,B4,42,0,0.0,100.0,0.825
3180,B9,42,0,0.0,100.0,0.825
3182,G4,18,8,44.44444444444444,55.55555555555556,0.1666666666666666
3182,B8,18,3,16.666666666666664,83.33333333333334,0.1666666666666666
3182,B4,18,0,0.0,100.0,0.1666666666666666
3182,B9,18,0,0.0,100.0,0.1666666666666666
3184,G4,26,17,65.38461538461539,34.61538461538461,0.3888888888888889
3184,B8,26,0,0.0,100.0,0.3888888888888889
3184,B4,26,0,0.0,100.0,0.3888888888888889
3184,B9,26,0,0.0,100.0,0.3888888888888889
3185,G4,23,9,39.130434782608695,60.86956521739131,1.0
3185,B8,23,0,0.0,100.0,1.0
3185,B4,23,0,0.0,100.0,1.0
3185,B9,23,0,0.0,100.0,1.0
3183,G4,34,21,61.76470588235294,38.23529411764706,0.625
3183,B8,34,0,0.0,100.0,0.625
3183,B4,34,0,0.0,100.0,0.625
3183,B9,34,0,0.0,100.0,0.625
3229,G4,37,8,21.62162162162162,78.37837837837837,1.0
3229,B8,37,0,0.0,100.0,1.0
3229,B4,37,0,0.0,100.0,1.0
3229,B9,37,0,0.0,100.0,1.0
3368,G4,35,13,37.142857142857146,62.857142857142854,0.9411764705882352
3368,B8,35,2,5.714285714285714,94.28571428571428,0.9411764705882352
3368,B4,35,0,0.0,100.0,0.9411764705882352
3368,B9,35,0,0.0,100.0,0.9411764705882352
3309,G4,61,27,44.26229508196721,55.73770491803278,0.8656716417910447
3309,B8,61,0,0.0,100.0,0.8656716417910447
3309,B4,61,0,0.0,100.0,0.8656716417910447
3309,B9,61,0,0.0,100.0,0.8656716417910447
3369,G4,22,12,54.54545454545454,45.45454545454545,1.0
3369,B8,22,0,0.0,100.0,1.0
3369,B4,22,0,0.0,100.0,1.0
3369,B9,22,0,0.0,100.0,1.0
3370,G4,22,12,54.54545454545454,45.45454545454545,0.875
3370,B8,22,2,9.090909090909092,90.9090909090909,0.875
3370,B4,22,0,0.0,100.0,0.875
3370,B9,22,0,0.0,100.0,0.875
3384,G4,28,18,64.28571428571429,35.714285714285715,0.9032258064516128
3384,B8,28,3,10.714285714285714,89.28571428571429,0.9032258064516128
3384,B4,28,0,0.0,100.0,0.9032258064516128
3384,B9,28,0,0.0,100.0,0.9032258064516128
3383,G4,32,19,59.375,40.625,0.868421052631579
3383,B8,32,0,0.0,100.0,0.868421052631579
3383,B4,32,0,0.0,100.0,0.868421052631579
3383,B9,32,0,0.0,100.0,0.868421052631579
3371,G4,42,24,57.14285714285714,42.857142857142854,0.8780487804878049
3371,B8,42,3,7.142857142857142,92.85714285714286,0.8780487804878049
3371,B4,42,0,0.0,100.0,0.8780487804878049
3371,B9,42,0,0.0,100.0,0.8780487804878049
3386,G4,19,12,63.1578947368421,36.84210526315789,0.9090909090909092
3386,B8,19,2,10.526315789473683,89.47368421052632,0.9090909090909092
3386,B4,19,0,0.0,100.0,0.9090909090909092
3386,B9,19,0,0.0,100.0,0.9090909090909092
3385,G4,29,15,51.724137931034484,48.275862068965516,0.8823529411764706
3385,B8,29,0,0.0,100.0,0.8823529411764706
3385,B4,29,0,0.0,100.0,0.8823529411764706
3385,B9,29,0,0.0,100.0,0.8823529411764706
3387,G4,28,16,57.14285714285714,42.857142857142854,0.9333333333333332
3387,B8,28,0,0.0,100.0,0.9333333333333332
3387,B4,28,0,0.0,100.0,0.9333333333333332
3387,B9,28,0,0.0,100.0,0.9333333333333332
3388,G4,29,19,65.51724137931035,34.48275862068966,0.9666666666666668
3388,B8,29,1,3.4482758620689653,96.55172413793103,0.9666666666666668
3388,B4,29,0,0.0,100.0,0.9666666666666668
3388,B9,29,0,0.0,100.0,0.9666666666666668
3524,G4,23,19,82.6086956521739,17.391304347826086,0.7619047619047619
3524,B8,23,0,0.0,100.0,0.7619047619047619
3524,B4,23,0,0.0,100.0,0.7619047619047619
3524,B9,23,0,0.0,100.0,0.7619047619047619
3525,G4,20,13,65.0,35.0,0.6666666666666666
3525,B8,20,0,0.0,100.0,0.6666666666666666
3525,B4,20,0,0.0,100.0,0.6666666666666666
3525,B9,20,0,0.0,100.0,0.6666666666666666
3527,G4,18,13,72.22222222222221,27.77777777777778,1.0
3527,B8,18,0,0.0,100.0,1.0
3527,B4,18,0,0.0,100.0,1.0
3527,B9,18,0,0.0,100.0,1.0
3526,G4,29,25,86.20689655172413,13.793103448275861,0.88
3526,B8,29,0,0.0,100.0,0.88
3526,B4,29,0,0.0,100.0,0.88
3526,B9,29,0,0.0,100.0,0.88
3581,G4,21,9,42.857142857142854,57.14285714285714,0.8260869565217391
3581,B8,21,2,9.523809523809524,90.47619047619048,0.8260869565217391
3581,B4,21,0,0.0,100.0,0.8260869565217391
3581,B9,21,0,0.0,100.0,0.8260869565217391
3582,G4,33,16,48.484848484848484,51.515151515151516,0.8285714285714286
3582,B8,33,2,6.0606060606060606,93.93939393939394,0.8285714285714286
3582,B4,33,0,0.0,100.0,0.8285714285714286
3582,B9,33,0,0.0,100.0,0.8285714285714286
3584,G4,27,15,55.55555555555556,44.44444444444444,0.78125
3584,B8,27,2,7.4074074074074066,92.5925925925926,0.78125
3584,B4,27,0,0.0,100.0,0.78125
3584,B9,27,0,0.0,100.0,0.78125
3583,G4,28,8,28.57142857142857,71.42857142857143,0.71875
3583,B8,28,3,10.714285714285714,89.28571428571429,0.71875
3583,B4,28,0,0.0,100.0,0.71875
3583,B9,28,0,0.0,100.0,0.71875
3587,G4,71,30,42.25352112676056,57.74647887323944,0.95
3587,B8,71,47,66.19718309859155,33.80281690140845,0.95
3587,B4,71,1,1.4084507042253522,98.59154929577466,0.95
3587,B9,71,0,0.0,100.0,0.95
3588,G4,73,37,50.68493150684932,49.31506849315068,0.902439024390244
3588,B8,73,47,64.38356164383562,35.61643835616438,0.902439024390244
3588,B4,73,0,0.0,100.0,0.902439024390244
3588,B9,73,0,0.0,100.0,0.902439024390244
3586,G4,88,41,46.590909090909086,53.40909090909091,0.9036144578313252
3586,B8,88,49,55.68181818181818,44.31818181818182,0.9036144578313252
3586,B4,88,0,0.0,100.0,0.9036144578313252
3586,B9,88,0,0.0,100.0,0.9036144578313252
3591,G4,80,39,48.75,51.24999999999999,0.9305555555555556
3591,B8,80,44,55.00000000000001,45.0,0.9305555555555556
3591,B4,80,34,42.5,57.49999999999999,0.9305555555555556
3591,B9,80,0,0.0,100.0,0.9305555555555556
3590,G4,91,47,51.64835164835166,48.35164835164835,0.9418604651162792
3590,B8,91,61,67.03296703296702,32.967032967032964,0.9418604651162792
3590,B4,91,58,63.73626373626373,36.26373626373626,0.9418604651162792
3590,B9,91,0,0.0,100.0,0.9418604651162792
3589,G4,90,49,54.44444444444444,45.55555555555556,0.8666666666666667
3589,B8,90,56,62.22222222222222,37.77777777777778,0.8666666666666667
3589,B4,90,0,0.0,100.0,0.8666666666666667
3589,B9,90,0,0.0,100.0,0.8666666666666667
3679,G4,19,15,78.94736842105263,21.052631578947366,0.8823529411764706
3679,B8,19,2,10.526315789473683,89.47368421052632,0.8823529411764706
3679,B4,19,3,15.789473684210526,84.21052631578947,0.8823529411764706
3679,B9,19,0,0.0,100.0,0.8823529411764706
3592,G4,29,14,48.275862068965516,51.724137931034484,0.8181818181818182
3592,B8,29,18,62.06896551724138,37.93103448275862,0.8181818181818182
3592,B4,29,0,0.0,100.0,0.8181818181818182
3592,B9,29,0,0.0,100.0,0.8181818181818182
5019,G4,18,9,50.0,50.0,0.8571428571428571
5019,B8,18,7,38.88888888888889,61.111111111111114,0.8571428571428571
5019,B4,18,0,0.0,100.0,0.8571428571428571
5019,B9,18,8,44.44444444444444,55.55555555555556,0.8571428571428571
5162,G4,28,15,53.57142857142857,46.42857142857143,0.96875
5162,B8,28,0,0.0,100.0,0.96875
5162,B4,28,0,0.0,100.0,0.96875
5162,B9,28,0,0.0,100.0,0.96875
3593,G4,80,50,62.5,37.5,0.9090909090909092
3593,B8,80,42,52.5,47.5,0.9090909090909092
3593,B4,80,35,43.75,56.25,0.9090909090909092
3593,B9,80,0,0.0,100.0,0.9090909090909092
5163,G4,79,34,43.037974683544306,56.9620253164557,0.9418604651162792
5163,B8,79,0,0.0,100.0,0.9418604651162792
5163,B4,79,0,0.0,100.0,0.9418604651162792
5163,B9,79,0,0.0,100.0,0.9418604651162792
5164,G4,82,29,35.36585365853659,64.63414634146342,0.9418604651162792
5164,B8,82,0,0.0,100.0,0.9418604651162792
5164,B4,82,0,0.0,100.0,0.9418604651162792
5164,B9,82,0,0.0,100.0,0.9418604651162792
5165,G4,74,35,47.2972972972973,52.702702702702695,0.9367088607594936
5165,B8,74,0,0.0,100.0,0.9367088607594936
5165,B4,74,0,0.0,100.0,0.9367088607594936
5165,B9,74,0,0.0,100.0,0.9367088607594936
5166,G4,92,38,41.30434782608695,58.69565217391305,0.8979591836734694
5166,B8,92,0,0.0,100.0,0.8979591836734694
5166,B4,92,0,0.0,100.0,0.8979591836734694
5166,B9,92,0,0.0,100.0,0.8979591836734694
5167,G4,82,31,37.80487804878049,62.19512195121951,0.9431818181818182
5167,B8,82,0,0.0,100.0,0.9431818181818182
5167,B4,82,0,0.0,100.0,0.9431818181818182
5167,B9,82,0,0.0,100.0,0.9431818181818182
5168,G4,89,33,37.07865168539326,62.92134831460674,0.9150943396226416
5168,B8,89,0,0.0,100.0,0.9150943396226416
5168,B4,89,0,0.0,100.0,0.9150943396226416
5168,B9,89,0,0.0,100.0,0.9150943396226416
5170,G4,64,14,21.875,78.125,0.9
5170,B8,64,0,0.0,100.0,0.9
5170,B4,64,0,0.0,100.0,0.9
5170,B9,64,0,0.0,100.0,0.9
5169,G4,86,37,43.02325581395349,56.97674418604651,0.8617021276595744
5169,B8,86,0,0.0,100.0,0.8617021276595744
5169,B4,86,0,0.0,100.0,0.8617021276595744
5169,B9,86,0,0.0,100.0,0.8617021276595744
5171,G4,92,28,30.434782608695656,69.56521739130434,0.923809523809524
5171,B8,92,0,0.0,100.0,0.923809523809524
5171,B4,92,0,0.0,100.0,0.923809523809524
5171,B9,92,0,0.0,100.0,0.923809523809524
5188,G4,59,20,33.89830508474576,66.10169491525424,0.958904109589041
5188,B8,59,0,0.0,100.0,0.958904109589041
5188,B4,59,0,0.0,100.0,0.958904109589041
5188,B9,59,0,0.0,100.0,0.958904109589041
5172,G4,74,30,40.54054054054054,59.45945945945946,0.9066666666666666
5172,B8,74,0,0.0,100.0,0.9066666666666666
5172,B4,74,0,0.0,100.0,0.9066666666666666
5172,B9,74,0,0.0,100.0,0.9066666666666666
5190,G4,24,9,37.5,62.5,0.9130434782608696
5190,B8,24,1,4.166666666666666,95.83333333333334,0.9130434782608696
5190,B4,24,0,0.0,100.0,0.9130434782608696
5190,B9,24,0,0.0,100.0,0.9130434782608696
5193,G4,24,18,75.0,25.0,0.8333333333333334
5193,B8,24,0,0.0,100.0,0.8333333333333334
5193,B4,24,0,0.0,100.0,0.8333333333333334
5193,B9,24,0,0.0,100.0,0.8333333333333334
5194,G4,28,10,35.714285714285715,64.28571428571429,0.925925925925926
5194,B8,28,1,3.571428571428571,96.42857142857143,0.925925925925926
5194,B4,28,0,0.0,100.0,0.925925925925926
5194,B9,28,0,0.0,100.0,0.925925925925926
5195,G4,18,9,50.0,50.0,0.7333333333333333
5195,B8,18,0,0.0,100.0,0.7333333333333333
5195,B4,18,0,0.0,100.0,0.7333333333333333
5195,B9,18,0,0.0,100.0,0.7333333333333333
5196,G4,25,9,36.0,64.0,0.8888888888888888
5196,B8,25,1,4.0,96.0,0.8888888888888888
5196,B4,25,0,0.0,100.0,0.8888888888888888
5196,B9,25,0,0.0,100.0,0.8888888888888888
5231,G4,21,16,76.19047619047619,23.809523809523807,0.8571428571428571
5231,B8,21,3,14.285714285714285,85.71428571428571,0.8571428571428571
5231,B4,21,0,0.0,100.0,0.8571428571428571
5231,B9,21,0,0.0,100.0,0.8571428571428571
5233,G4,23,16,69.56521739130434,30.434782608695656,0.8260869565217391
5233,B8,23,1,4.3478260869565215,95.65217391304348,0.8260869565217391
5233,B4,23,1,4.3478260869565215,95.65217391304348,0.8260869565217391
5233,B9,23,0,0.0,100.0,0.8260869565217391
5197,G4,36,13,36.11111111111111,63.888888888888886,1.0
5197,B8,36,0,0.0,100.0,1.0
5197,B4,36,0,0.0,100.0,1.0
5197,B9,36,0,0.0,100.0,1.0
5236,G4,19,18,94.73684210526315,5.263157894736842,0.9130434782608696
5236,B8,19,2,10.526315789473683,89.47368421052632,0.9130434782608696
5236,B4,19,0,0.0,100.0,0.9130434782608696
5236,B9,19,0,0.0,100.0,0.9130434782608696
5234,G4,27,24,88.88888888888889,11.11111111111111,0.9523809523809524
5234,B8,27,3,11.11111111111111,88.88888888888889,0.9523809523809524
5234,B4,27,1,3.7037037037037033,96.29629629629629,0.9523809523809524
5234,B9,27,1,3.7037037037037033,96.29629629629629,0.9523809523809524
5235,G4,27,24,88.88888888888889,11.11111111111111,0.9310344827586208
5235,B8,27,2,7.4074074074074066,92.5925925925926,0.9310344827586208
5235,B4,27,0,0.0,100.0,0.9310344827586208
5235,B9,27,0,0.0,100.0,0.9310344827586208
5238,G4,19,16,84.21052631578947,15.789473684210526,1.0
5238,B8,19,2,10.526315789473683,89.47368421052632,1.0
5238,B4,19,6,31.57894736842105,68.42105263157895,1.0
5238,B9,19,0,0.0,100.0,1.0
5239,G4,23,22,95.65217391304348,4.3478260869565215,1.0
5239,B8,23,12,52.17391304347826,47.82608695652174,1.0
5239,B4,23,0,0.0,100.0,1.0
5239,B9,23,10,43.47826086956522,56.52173913043478,1.0
5237,G4,29,20,68.96551724137932,31.03448275862069,0.8064516129032258
5237,B8,29,1,3.4482758620689653,96.55172413793103,0.8064516129032258
5237,B4,29,12,41.37931034482759,58.620689655172406,0.8064516129032258
5237,B9,29,0,0.0,100.0,0.8064516129032258
5240,G4,22,15,68.18181818181817,31.818181818181817,0.9166666666666666
5240,B8,22,13,59.09090909090909,40.909090909090914,0.9166666666666666
5240,B4,22,0,0.0,100.0,0.9166666666666666
5240,B9,22,9,40.909090909090914,59.09090909090909,0.9166666666666666
5241,G4,25,11,44.0,56.00000000000001,0.8888888888888888
5241,B8,25,13,52.0,48.0,0.8888888888888888
5241,B4,25,0,0.0,100.0,0.8888888888888888
5241,B9,25,13,52.0,48.0,0.8888888888888888
5246,G4,37,17,45.94594594594595,54.054054054054056,0.7894736842105263
5246,B8,37,19,51.35135135135135,48.64864864864865,0.7894736842105263
5246,B4,37,0,0.0,100.0,0.7894736842105263
5246,B9,37,5,13.513513513513514,86.48648648648648,0.7894736842105263
5245,G4,51,31,60.78431372549019,39.21568627450981,0.88
5245,B8,51,25,49.01960784313725,50.98039215686274,0.88
5245,B4,51,1,1.9607843137254901,98.0392156862745,0.88
5245,B9,51,21,41.17647058823529,58.82352941176471,0.88
5247,G4,36,19,52.77777777777778,47.22222222222222,0.9
5247,B8,36,13,36.11111111111111,63.888888888888886,0.9
5247,B4,36,2,5.555555555555555,94.44444444444444,0.9
5247,B9,36,1,2.7777777777777777,97.22222222222221,0.9
5250,G4,22,18,81.81818181818183,18.181818181818183,0.8
5250,B8,22,14,63.63636363636363,36.36363636363637,0.8
5250,B4,22,2,9.090909090909092,90.9090909090909,0.8
5250,B9,22,5,22.727272727272727,77.27272727272727,0.8
5249,G4,24,14,58.333333333333336,41.66666666666667,0.6206896551724138
5249,B8,24,9,37.5,62.5,0.6206896551724138
5249,B4,24,0,0.0,100.0,0.6206896551724138
5249,B9,24,0,0.0,100.0,0.6206896551724138
5255,G4,35,19,54.285714285714285,45.714285714285715,0.8709677419354839
5255,B8,35,18,51.42857142857142,48.57142857142857,0.8709677419354839
5255,B4,35,0,0.0,100.0,0.8709677419354839
5255,B9,35,0,0.0,100.0,0.8709677419354839
5251,G4,52,23,44.230769230769226,55.769230769230774,0.6666666666666666
5251,B8,52,25,48.07692307692308,51.92307692307693,0.6666666666666666
5251,B4,52,7,13.461538461538462,86.53846153846155,0.6666666666666666
5251,B9,52,1,1.9230769230769231,98.07692307692307,0.6666666666666666
5254,G4,37,17,45.94594594594595,54.054054054054056,0.8809523809523809
5254,B8,37,23,62.16216216216216,37.83783783783784,0.8809523809523809
5254,B4,37,0,0.0,100.0,0.8809523809523809
5254,B9,37,0,0.0,100.0,0.8809523809523809
5256,G4,24,16,66.66666666666666,33.33333333333333,0.9
5256,B8,24,10,41.66666666666667,58.333333333333336,0.9
5256,B4,24,0,0.0,100.0,0.9
5256,B9,24,0,0.0,100.0,0.9
5259,G4,31,21,67.74193548387096,32.25806451612903,0.967741935483871
5259,B8,31,17,54.83870967741935,45.16129032258064,0.967741935483871
5259,B4,31,0,0.0,100.0,0.967741935483871
5259,B9,31,0,0.0,100.0,0.967741935483871
5257,G4,28,15,53.57142857142857,46.42857142857143,0.9
5257,B8,28,9,32.142857142857146,67.85714285714286,0.9
5257,B4,28,0,0.0,100.0,0.9
5257,B9,28,5,17.857142857142858,82.14285714285714,0.9
5269,G4,20,13,65.0,35.0,0.65
5269,B8,20,0,0.0,100.0,0.65
5269,B4,20,0,0.0,100.0,0.65
5269,B9,20,0,0.0,100.0,0.65
5286,G4,18,12,66.66666666666666,33.33333333333333,0.8125
5286,B8,18,0,0.0,100.0,0.8125
5286,B4,18,0,0.0,100.0,0.8125
5286,B9,18,0,0.0,100.0,0.8125
5283,G4,26,21,80.76923076923077,19.230769230769234,0.9285714285714286
5283,B8,26,3,11.538461538461538,88.46153846153845,0.9285714285714286
5283,B4,26,0,0.0,100.0,0.9285714285714286
5283,B9,26,1,3.8461538461538463,96.15384615384616,0.9285714285714286
5287,G4,21,11,52.38095238095239,47.61904761904761,1.0
5287,B8,21,6,28.57142857142857,71.42857142857143,1.0
5287,B4,21,0,0.0,100.0,1.0
5287,B9,21,0,0.0,100.0,1.0
5288,G4,19,9,47.368421052631575,52.63157894736842,0.8260869565217391
5288,B8,19,1,5.263157894736842,94.73684210526315,0.8260869565217391
5288,B4,19,1,5.263157894736842,94.73684210526315,0.8260869565217391
5288,B9,19,1,5.263157894736842,94.73684210526315,0.8260869565217391
5289,G4,20,13,65.0,35.0,0.7619047619047619
5289,B8,20,1,5.0,95.0,0.7619047619047619
5289,B4,20,0,0.0,100.0,0.7619047619047619
5289,B9,20,0,0.0,100.0,0.7619047619047619
5291,G4,22,13,59.09090909090909,40.909090909090914,0.95
5291,B8,22,4,18.181818181818183,81.81818181818183,0.95
5291,B4,22,0,0.0,100.0,0.95
5291,B9,22,0,0.0,100.0,0.95
5290,G4,30,17,56.666666666666664,43.333333333333336,0.9655172413793104
5290,B8,30,5,16.666666666666664,83.33333333333334,0.9655172413793104
5290,B4,30,0,0.0,100.0,0.9655172413793104
5290,B9,30,5,16.666666666666664,83.33333333333334,0.9655172413793104
5292,G4,22,10,45.45454545454545,54.54545454545454,0.8823529411764706
5292,B8,22,2,9.090909090909092,90.9090909090909,0.8823529411764706
5292,B4,22,0,0.0,100.0,0.8823529411764706
5292,B9,22,0,0.0,100.0,0.8823529411764706
5293,G4,22,16,72.72727272727273,27.27272727272727,0.9047619047619048
5293,B8,22,0,0.0,100.0,0.9047619047619048
5293,B4,22,0,0.0,100.0,0.9047619047619048
5293,B9,22,0,0.0,100.0,0.9047619047619048
5301,G4,21,9,42.857142857142854,57.14285714285714,0.875
5301,B8,21,0,0.0,100.0,0.875
5301,B4,21,0,0.0,100.0,0.875
5301,B9,21,0,0.0,100.0,0.875
5300,G4,29,23,79.3103448275862,20.689655172413794,0.8571428571428571
5300,B8,29,0,0.0,100.0,0.8571428571428571
5300,B4,29,0,0.0,100.0,0.8571428571428571
5300,B9,29,0,0.0,100.0,0.8571428571428571
5302,G4,16,12,75.0,25.0,0.9285714285714286
5302,B8,16,0,0.0,100.0,0.9285714285714286
5302,B4,16,0,0.0,100.0,0.9285714285714286
5302,B9,16,0,0.0,100.0,0.9285714285714286
5303,G4,24,14,58.333333333333336,41.66666666666667,1.0
5303,B8,24,0,0.0,100.0,1.0
5303,B4,24,0,0.0,100.0,1.0
5303,B9,24,0,0.0,100.0,1.0
5304,G4,21,12,57.14285714285714,42.857142857142854,0.7777777777777778
5304,B8,21,0,0.0,100.0,0.7777777777777778
5304,B4,21,0,0.0,100.0,0.7777777777777778
5304,B9,21,0,0.0,100.0,0.7777777777777778
5306,G4,16,15,93.75,6.25,0.9230769230769232
5306,B8,16,0,0.0,100.0,0.9230769230769232
5306,B4,16,0,0.0,100.0,0.9230769230769232
5306,B9,16,0,0.0,100.0,0.9230769230769232
5307,G4,17,16,94.11764705882352,5.88235294117647,0.7333333333333333
5307,B8,17,0,0.0,100.0,0.7333333333333333
5307,B4,17,0,0.0,100.0,0.7333333333333333
5307,B9,17,0,0.0,100.0,0.7333333333333333
5308,G4,19,15,78.94736842105263,21.052631578947366,0.9375
5308,B8,19,0,0.0,100.0,0.9375
5308,B4,19,0,0.0,100.0,0.9375
5308,B9,19,0,0.0,100.0,0.9375
5309,G4,18,15,83.33333333333334,16.666666666666664,0.8125
5309,B8,18,0,0.0,100.0,0.8125
5309,B4,18,0,0.0,100.0,0.8125
5309,B9,18,0,0.0,100.0,0.8125
5310,G4,22,14,63.63636363636363,36.36363636363637,0.8125
5310,B8,22,0,0.0,100.0,0.8125
5310,B4,22,0,0.0,100.0,0.8125
5310,B9,22,0,0.0,100.0,0.8125
5311,G4,23,11,47.82608695652174,52.17391304347826,0.8695652173913043
5311,B8,23,0,0.0,100.0,0.8695652173913043
5311,B4,23,0,0.0,100.0,0.8695652173913043
5311,B9,23,0,0.0,100.0,0.8695652173913043
5313,G4,16,6,37.5,62.5,0.8
5313,B8,16,0,0.0,100.0,0.8
5313,B4,16,0,0.0,100.0,0.8
5313,B9,16,0,0.0,100.0,0.8
5312,G4,20,15,75.0,25.0,0.8947368421052632
5312,B8,20,1,5.0,95.0,0.8947368421052632
5312,B4,20,0,0.0,100.0,0.8947368421052632
5312,B9,20,0,0.0,100.0,0.8947368421052632
5367,G4,19,10,52.63157894736842,47.368421052631575,0.8823529411764706
5367,B8,19,0,0.0,100.0,0.8823529411764706
5367,B4,19,0,0.0,100.0,0.8823529411764706
5367,B9,19,0,0.0,100.0,0.8823529411764706
5370,G4,21,17,80.95238095238095,19.047619047619047,0.7619047619047619
5370,B8,21,4,19.047619047619047,80.95238095238095,0.7619047619047619
5370,B4,21,1,4.761904761904762,95.23809523809523,0.7619047619047619
5370,B9,21,0,0.0,100.0,0.7619047619047619
5369,G4,26,14,53.84615384615385,46.15384615384615,1.0
5369,B8,26,0,0.0,100.0,1.0
5369,B4,26,0,0.0,100.0,1.0
5369,B9,26,0,0.0,100.0,1.0
5382,G4,19,6,31.57894736842105,68.42105263157895,0.8333333333333334
5382,B8,19,0,0.0,100.0,0.8333333333333334
5382,B4,19,4,21.052631578947366,78.94736842105263,0.8333333333333334
5382,B9,19,0,0.0,100.0,0.8333333333333334
5374,G4,27,15,55.55555555555556,44.44444444444444,0.8695652173913043
5374,B8,27,1,3.7037037037037033,96.29629629629629,0.8695652173913043
5374,B4,27,4,14.814814814814813,85.18518518518519,0.8695652173913043
5374,B9,27,0,0.0,100.0,0.8695652173913043
5383,G4,27,19,70.37037037037037,29.629629629629626,0.9615384615384616
5383,B8,27,3,11.11111111111111,88.88888888888889,0.9615384615384616
5383,B4,27,7,25.925925925925924,74.07407407407408,0.9615384615384616
5383,B9,27,0,0.0,100.0,0.9615384615384616
5384,G4,20,10,50.0,50.0,0.9523809523809524
5384,B8,20,0,0.0,100.0,0.9523809523809524
5384,B4,20,5,25.0,75.0,0.9523809523809524
5384,B9,20,0,0.0,100.0,0.9523809523809524
5385,G4,26,16,61.53846153846154,38.46153846153847,0.9545454545454546
5385,B8,26,0,0.0,100.0,0.9545454545454546
5385,B4,26,2,7.6923076923076925,92.3076923076923,0.9545454545454546
5385,B9,26,0,0.0,100.0,0.9545454545454546
5386,G4,34,14,41.17647058823529,58.82352941176471,0.8787878787878788
5386,B8,34,1,2.941176470588235,97.05882352941177,0.8787878787878788
5386,B4,34,5,14.705882352941178,85.29411764705883,0.8787878787878788
5386,B9,34,0,0.0,100.0,0.8787878787878788
5387,G4,18,8,44.44444444444444,55.55555555555556,0.875
5387,B8,18,0,0.0,100.0,0.875
5387,B4,18,5,27.77777777777778,72.22222222222221,0.875
5387,B9,18,0,0.0,100.0,0.875
5388,G4,25,15,60.0,40.0,0.8095238095238095
5388,B8,25,0,0.0,100.0,0.8095238095238095
5388,B4,25,4,16.0,84.0,0.8095238095238095
5388,B9,25,0,0.0,100.0,0.8095238095238095
5389,G4,24,13,54.166666666666664,45.83333333333333,0.9130434782608696
5389,B8,24,2,8.333333333333332,91.66666666666666,0.9130434782608696
5389,B4,24,3,12.5,87.5,0.9130434782608696
5389,B9,24,0,0.0,100.0,0.9130434782608696
5390,G4,23,11,47.82608695652174,52.17391304347826,0.9
5390,B8,23,0,0.0,100.0,0.9
5390,B4,23,1,4.3478260869565215,95.65217391304348,0.9
5390,B9,23,0,0.0,100.0,0.9
5623,G4,70,26,37.142857142857146,62.857142857142854,0.9473684210526316
5623,B8,70,2,2.857142857142857,97.14285714285714,0.9473684210526316
5623,B4,70,0,0.0,100.0,0.9473684210526316
5623,B9,70,0,0.0,100.0,0.9473684210526316
5625,G4,62,24,38.70967741935484,61.29032258064516,0.943661971830986
5625,B8,62,2,3.225806451612903,96.7741935483871,0.943661971830986
5625,B4,62,0,0.0,100.0,0.943661971830986
5625,B9,62,0,0.0,100.0,0.943661971830986
5626,G4,64,22,34.375,65.625,0.9710144927536232
5626,B8,64,0,0.0,100.0,0.9710144927536232
5626,B4,64,0,0.0,100.0,0.9710144927536232
5626,B9,64,0,0.0,100.0,0.9710144927536232
5930,G4,54,16,29.629629629629626,70.37037037037037,0.9814814814814816
5930,B8,54,0,0.0,100.0,0.9814814814814816
5930,B4,54,0,0.0,100.0,0.9814814814814816
5930,B9,54,0,0.0,100.0,0.9814814814814816
5931,G4,60,15,25.0,75.0,0.8548387096774194
5931,B8,60,0,0.0,100.0,0.8548387096774194
5931,B4,60,0,0.0,100.0,0.8548387096774194
5931,B9,60,0,0.0,100.0,0.8548387096774194
5929,G4,73,21,28.767123287671232,71.23287671232876,0.9466666666666668
5929,B8,73,0,0.0,100.0,0.9466666666666668
5929,B4,73,0,0.0,100.0,0.9466666666666668
5929,B9,73,0,0.0,100.0,0.9466666666666668
5932,G4,66,21,31.818181818181817,68.18181818181817,0.8870967741935484
5932,B8,66,0,0.0,100.0,0.8870967741935484
5932,B4,66,0,0.0,100.0,0.8870967741935484
5932,B9,66,0,0.0,100.0,0.8870967741935484
5935,G4,61,20,32.78688524590164,67.21311475409836,0.9295774647887324
5935,B8,61,0,0.0,100.0,0.9295774647887324
5935,B4,61,0,0.0,100.0,0.9295774647887324
5935,B9,61,0,0.0,100.0,0.9295774647887324
5936,G4,62,19,30.64516129032258,69.35483870967742,0.9206349206349206
5936,B8,62,0,0.0,100.0,0.9206349206349206
5936,B4,62,0,0.0,100.0,0.9206349206349206
5936,B9,62,0,0.0,100.0,0.9206349206349206
5937,G4,42,15,35.714285714285715,64.28571428571429,0.875
5937,B8,42,0,0.0,100.0,0.875
5937,B4,42,0,0.0,100.0,0.875
5937,B9,42,0,0.0,100.0,0.875
5946,G4,57,20,35.08771929824561,64.91228070175438,0.9649122807017544
5946,B8,57,1,1.7543859649122806,98.24561403508771,0.9649122807017544
5946,B4,57,1,1.7543859649122806,98.24561403508771,0.9649122807017544
5946,B9,57,0,0.0,100.0,0.9649122807017544
5947,G4,67,29,43.28358208955223,56.71641791044776,0.9696969696969696
5947,B8,67,6,8.955223880597014,91.04477611940298,0.9696969696969696
5947,B4,67,0,0.0,100.0,0.9696969696969696
5947,B9,67,0,0.0,100.0,0.9696969696969696
5949,G4,59,19,32.20338983050847,67.79661016949152,0.9333333333333332
5949,B8,59,1,1.694915254237288,98.30508474576271,0.9333333333333332
5949,B4,59,0,0.0,100.0,0.9333333333333332
5949,B9,59,0,0.0,100.0,0.9333333333333332
5950,G4,50,24,48.0,52.0,0.9285714285714286
5950,B8,50,1,2.0,98.0,0.9285714285714286
5950,B4,50,0,0.0,100.0,0.9285714285714286
5950,B9,50,0,0.0,100.0,0.9285714285714286
5951,G4,52,20,38.46153846153847,61.53846153846154,0.9615384615384616
5951,B8,52,2,3.8461538461538463,96.15384615384616,0.9615384615384616
5951,B4,52,0,0.0,100.0,0.9615384615384616
5951,B9,52,0,0.0,100.0,0.9615384615384616
5952,G4,39,15,38.46153846153847,61.53846153846154,0.9523809523809524
5952,B8,39,1,2.564102564102564,97.43589743589743,0.9523809523809524
5952,B4,39,0,0.0,100.0,0.9523809523809524
5952,B9,39,0,0.0,100.0,0.9523809523809524
5953,G4,48,17,35.41666666666667,64.58333333333334,0.9074074074074074
5953,B8,48,0,0.0,100.0,0.9074074074074074
5953,B4,48,0,0.0,100.0,0.9074074074074074
5953,B9,48,0,0.0,100.0,0.9074074074074074
5998,G4,37,15,40.54054054054054,59.45945945945946,0.9361702127659576
5998,B8,37,0,0.0,100.0,0.9361702127659576
5998,B4,37,0,0.0,100.0,0.9361702127659576
5998,B9,37,0,0.0,100.0,0.9361702127659576
5999,G4,45,12,26.666666666666668,73.33333333333333,0.9574468085106383
5999,B8,45,1,2.2222222222222223,97.77777777777777,0.9574468085106383
5999,B4,45,0,0.0,100.0,0.9574468085106383
5999,B9,45,1,2.2222222222222223,97.77777777777777,0.9574468085106383
6000,G4,50,16,32.0,68.0,0.9433962264150944
6000,B8,50,0,0.0,100.0,0.9433962264150944
6000,B4,50,0,0.0,100.0,0.9433962264150944
6000,B9,50,0,0.0,100.0,0.9433962264150944
6003,G4,38,12,31.57894736842105,68.42105263157895,1.0
6003,B8,38,0,0.0,100.0,1.0
6003,B4,38,0,0.0,100.0,1.0
6003,B9,38,0,0.0,100.0,1.0
6002,G4,45,9,20.0,80.0,1.0
6002,B8,45,1,2.2222222222222223,97.77777777777777,1.0
6002,B4,45,0,0.0,100.0,1.0
6002,B9,45,1,2.2222222222222223,97.77777777777777,1.0
6004,G4,36,12,33.33333333333333,66.66666666666666,0.9565217391304348
6004,B8,36,0,0.0,100.0,0.9565217391304348
6004,B4,36,0,0.0,100.0,0.9565217391304348
6004,B9,36,0,0.0,100.0,0.9565217391304348
6006,G4,26,9,34.61538461538461,65.38461538461539,0.8888888888888888
6006,B8,26,1,3.8461538461538463,96.15384615384616,0.8888888888888888
6006,B4,26,0,0.0,100.0,0.8888888888888888
6006,B9,26,1,3.8461538461538463,96.15384615384616,0.8888888888888888
6005,G4,29,9,31.03448275862069,68.96551724137932,0.972972972972973
6005,B8,29,0,0.0,100.0,0.972972972972973
6005,B4,29,0,0.0,100.0,0.972972972972973
6005,B9,29,0,0.0,100.0,0.972972972972973
6007,G4,41,15,36.58536585365854,63.41463414634146,0.9387755102040816
6007,B8,41,0,0.0,100.0,0.9387755102040816
6007,B4,41,0,0.0,100.0,0.9387755102040816
6007,B9,41,0,0.0,100.0,0.9387755102040816
6009,G4,35,11,31.428571428571427,68.57142857142857,0.9743589743589745
6009,B8,35,0,0.0,100.0,0.9743589743589745
6009,B4,35,0,0.0,100.0,0.9743589743589745
6009,B9,35,0,0.0,100.0,0.9743589743589745
6008,G4,42,13,30.952380952380953,69.04761904761905,0.9347826086956522
6008,B8,42,0,0.0,100.0,0.9347826086956522
6008,B4,42,0,0.0,100.0,0.9347826086956522
6008,B9,42,0,0.0,100.0,0.9347826086956522
6011,G4,38,13,34.21052631578947,65.78947368421053,0.9047619047619048
6011,B8,38,0,0.0,100.0,0.9047619047619048
6011,B4,38,0,0.0,100.0,0.9047619047619048
6011,B9,38,0,0.0,100.0,0.9047619047619048
6012,G4,37,16,43.24324324324324,56.75675675675676,0.9534883720930232
6012,B8,37,0,0.0,100.0,0.9534883720930232
6012,B4,37,1,2.7027027027027026,97.2972972972973,0.9534883720930232
6012,B9,37,0,0.0,100.0,0.9534883720930232
6010,G4,43,19,44.18604651162791,55.81395348837209,0.9318181818181818
6010,B8,43,0,0.0,100.0,0.9318181818181818
6010,B4,43,0,0.0,100.0,0.9318181818181818
6010,B9,43,0,0.0,100.0,0.9318181818181818
6107,G4,26,15,57.692307692307686,42.30769230769231,0.9666666666666668
6107,B8,26,16,61.53846153846154,38.46153846153847,0.9666666666666668
6107,B4,26,0,0.0,100.0,0.9666666666666668
6107,B9,26,13,50.0,50.0,0.9666666666666668
6014,G4,53,13,24.528301886792452,75.47169811320755,1.0
6014,B8,53,0,0.0,100.0,1.0
6014,B4,53,0,0.0,100.0,1.0
6014,B9,53,0,0.0,100.0,1.0
6013,G4,53,20,37.735849056603776,62.264150943396224,0.9649122807017544
6013,B8,53,0,0.0,100.0,0.9649122807017544
6013,B4,53,0,0.0,100.0,0.9649122807017544
6013,B9,53,0,0.0,100.0,0.9649122807017544
6108,G4,27,13,48.148148148148145,51.85185185185185,0.9629629629629628
6108,B8,27,7,25.925925925925924,74.07407407407408,0.9629629629629628
6108,B4,27,0,0.0,100.0,0.9629629629629628
6108,B9,27,14,51.85185185185185,48.148148148148145,0.9629629629629628
6109,G4,20,8,40.0,60.0,0.9615384615384616
6109,B8,20,5,25.0,75.0,0.9615384615384616
6109,B4,20,0,0.0,100.0,0.9615384615384616
6109,B9,20,12,60.0,40.0,0.9615384615384616
6111,G4,18,10,55.55555555555556,44.44444444444444,0.9523809523809524
6111,B8,18,4,22.22222222222222,77.77777777777779,0.9523809523809524
6111,B4,18,0,0.0,100.0,0.9523809523809524
6111,B9,18,7,38.88888888888889,61.111111111111114,0.9523809523809524
6110,G4,23,9,39.130434782608695,60.86956521739131,0.9583333333333334
6110,B8,23,10,43.47826086956522,56.52173913043478,0.9583333333333334
6110,B4,23,0,0.0,100.0,0.9583333333333334
6110,B9,23,13,56.52173913043478,43.47826086956522,0.9583333333333334
6122,G4,32,20,62.5,37.5,0.975609756097561
6122,B8,32,13,40.625,59.375,0.975609756097561
6122,B4,32,0,0.0,100.0,0.975609756097561
6122,B9,32,14,43.75,56.25,0.975609756097561
6123,G4,29,13,44.827586206896555,55.172413793103445,1.0
6123,B8,29,18,62.06896551724138,37.93103448275862,1.0
6123,B4,29,0,0.0,100.0,1.0
6123,B9,29,14,48.275862068965516,51.724137931034484,1.0
6112,G4,35,17,48.57142857142857,51.42857142857142,1.0
6112,B8,35,13,37.142857142857146,62.857142857142854,1.0
6112,B4,35,0,0.0,100.0,1.0
6112,B9,35,14,40.0,60.0,1.0
6124,G4,28,13,46.42857142857143,53.57142857142857,1.0
6124,B8,28,11,39.285714285714285,60.71428571428571,1.0
6124,B4,28,0,0.0,100.0,1.0
6124,B9,28,2,7.142857142857142,92.85714285714286,1.0
6175,G4,27,22,81.48148148148148,18.51851851851852,0.96875
6175,B8,27,5,18.51851851851852,81.48148148148148,0.96875
6175,B4,27,1,3.7037037037037033,96.29629629629629,0.96875
6175,B9,27,0,0.0,100.0,0.96875
6173,G4,47,25,53.191489361702125,46.808510638297875,0.9791666666666666
6173,B8,47,1,2.127659574468085,97.87234042553192,0.9791666666666666
6173,B4,47,0,0.0,100.0,0.9791666666666666
6173,B9,47,1,2.127659574468085,97.87234042553192,0.9791666666666666
6191,G4,35,15,42.857142857142854,57.14285714285714,0.9230769230769232
6191,B8,35,2,5.714285714285714,94.28571428571428,0.9230769230769232
6191,B4,35,0,0.0,100.0,0.9230769230769232
6191,B9,35,0,0.0,100.0,0.9230769230769232
6192,G4,34,18,52.94117647058824,47.05882352941176,0.8888888888888888
6192,B8,34,1,2.941176470588235,97.05882352941177,0.8888888888888888
6192,B4,34,0,0.0,100.0,0.8888888888888888
6192,B9,34,0,0.0,100.0,0.8888888888888888
6195,G4,20,18,90.0,10.0,0.9047619047619048
6195,B8,20,0,0.0,100.0,0.9047619047619048
6195,B4,20,0,0.0,100.0,0.9047619047619048
6195,B9,20,0,0.0,100.0,0.9047619047619048
6197,G4,36,5,13.88888888888889,86.11111111111111,0.8974358974358975
6197,B8,36,1,2.7777777777777777,97.22222222222221,0.8974358974358975
6197,B4,36,0,0.0,100.0,0.8974358974358975
6197,B9,36,0,0.0,100.0,0.8974358974358975
6196,G4,52,9,17.307692307692307,82.6923076923077,0.981132075471698
6196,B8,52,0,0.0,100.0,0.981132075471698
6196,B4,52,0,0.0,100.0,0.981132075471698
6196,B9,52,0,0.0,100.0,0.981132075471698
6198,G4,66,8,12.121212121212121,87.87878787878788,0.9076923076923076
6198,B8,66,0,0.0,100.0,0.9076923076923076
6198,B4,66,0,0.0,100.0,0.9076923076923076
6198,B9,66,0,0.0,100.0,0.9076923076923076
6199,G4,66,9,13.636363636363635,86.36363636363636,0.8923076923076924
6199,B8,66,0,0.0,100.0,0.8923076923076924
6199,B4,66,0,0.0,100.0,0.8923076923076924
6199,B9,66,0,0.0,100.0,0.8923076923076924
6200,G4,56,7,12.5,87.5,0.9387755102040816
6200,B8,56,0,0.0,100.0,0.9387755102040816
6200,B4,56,0,0.0,100.0,0.9387755102040816
6200,B9,56,0,0.0,100.0,0.9387755102040816
6201,G4,50,9,18.0,82.0,0.9183673469387756
6201,B8,50,0,0.0,100.0,0.9183673469387756
6201,B4,50,0,0.0,100.0,0.9183673469387756
6201,B9,50,0,0.0,100.0,0.9183673469387756
6203,G4,51,7,13.725490196078432,86.27450980392157,0.8125
6203,B8,51,0,0.0,100.0,0.8125
6203,B4,51,0,0.0,100.0,0.8125
6203,B9,51,0,0.0,100.0,0.8125
6202,G4,63,7,11.11111111111111,88.88888888888889,0.9032258064516128
6202,B8,63,0,0.0,100.0,0.9032258064516128
6202,B4,63,0,0.0,100.0,0.9032258064516128
6202,B9,63,0,0.0,100.0,0.9032258064516128
6204,G4,58,13,22.413793103448278,77.58620689655173,0.9666666666666668
6204,B8,58,0,0.0,100.0,0.9666666666666668
6204,B4,58,0,0.0,100.0,0.9666666666666668
6204,B9,58,0,0.0,100.0,0.9666666666666668
6206,G4,58,38,65.51724137931035,34.48275862068966,0.7966101694915254
6206,B8,58,1,1.7241379310344827,98.27586206896551,0.7966101694915254
6206,B4,58,0,0.0,100.0,0.7966101694915254
6206,B9,58,0,0.0,100.0,0.7966101694915254
6207,G4,57,38,66.66666666666666,33.33333333333333,0.9375
6207,B8,57,1,1.7543859649122806,98.24561403508771,0.9375
6207,B4,57,0,0.0,100.0,0.9375
6207,B9,57,0,0.0,100.0,0.9375
6208,G4,54,38,70.37037037037037,29.629629629629626,1.0
6208,B8,54,0,0.0,100.0,1.0
6208,B4,54,0,0.0,100.0,1.0
6208,B9,54,0,0.0,100.0,1.0
6210,G4,46,31,67.3913043478261,32.608695652173914,0.9285714285714286
6210,B8,46,1,2.1739130434782608,97.82608695652173,0.9285714285714286
6210,B4,46,0,0.0,100.0,0.9285714285714286
6210,B9,46,0,0.0,100.0,0.9285714285714286
6209,G4,62,42,67.74193548387096,32.25806451612903,0.9411764705882352
6209,B8,62,0,0.0,100.0,0.9411764705882352
6209,B4,62,0,0.0,100.0,0.9411764705882352
6209,B9,62,0,0.0,100.0,0.9411764705882352
6211,G4,47,33,70.2127659574468,29.78723404255319,0.8863636363636364
6211,B8,47,0,0.0,100.0,0.8863636363636364
6211,B4,47,0,0.0,100.0,0.8863636363636364
6211,B9,47,0,0.0,100.0,0.8863636363636364
6212,G4,53,34,64.15094339622641,35.84905660377358,0.9655172413793104
6212,B8,53,0,0.0,100.0,0.9655172413793104
6212,B4,53,0,0.0,100.0,0.9655172413793104
6212,B9,53,0,0.0,100.0,0.9655172413793104
6213,G4,51,28,54.90196078431373,45.09803921568628,0.9649122807017544
6213,B8,51,0,0.0,100.0,0.9649122807017544
6213,B4,51,0,0.0,100.0,0.9649122807017544
6213,B9,51,0,0.0,100.0,0.9649122807017544
6216,G4,17,13,76.47058823529412,23.52941176470588,0.7916666666666666
6216,B8,17,0,0.0,100.0,0.7916666666666666
6216,B4,17,0,0.0,100.0,0.7916666666666666
6216,B9,17,0,0.0,100.0,0.7916666666666666
6217,G4,19,15,78.94736842105263,21.052631578947366,0.8461538461538461
6217,B8,19,0,0.0,100.0,0.8461538461538461
6217,B4,19,0,0.0,100.0,0.8461538461538461
6217,B9,19,0,0.0,100.0,0.8461538461538461
6214,G4,58,42,72.41379310344827,27.586206896551722,0.9836065573770492
6214,B8,58,0,0.0,100.0,0.9836065573770492
6214,B4,58,0,0.0,100.0,0.9836065573770492
6214,B9,58,0,0.0,100.0,0.9836065573770492
6218,G4,27,23,85.18518518518519,14.814814814814813,0.8846153846153846
6218,B8,27,0,0.0,100.0,0.8846153846153846
6218,B4,27,0,0.0,100.0,0.8846153846153846
6218,B9,27,0,0.0,100.0,0.8846153846153846
6219,G4,23,18,78.26086956521739,21.73913043478261,0.9
6219,B8,23,0,0.0,100.0,0.9
6219,B4,23,0,0.0,100.0,0.9
6219,B9,23,0,0.0,100.0,0.9
6220,G4,21,17,80.95238095238095,19.047619047619047,0.7692307692307693
6220,B8,21,0,0.0,100.0,0.7692307692307693
6220,B4,21,0,0.0,100.0,0.7692307692307693
6220,B9,21,0,0.0,100.0,0.7692307692307693
6223,G4,23,20,86.95652173913044,13.043478260869565,0.8571428571428571
6223,B8,23,0,0.0,100.0,0.8571428571428571
6223,B4,23,0,0.0,100.0,0.8571428571428571
6223,B9,23,0,0.0,100.0,0.8571428571428571
6221,G4,31,23,74.19354838709677,25.806451612903224,0.8064516129032258
6221,B8,31,0,0.0,100.0,0.8064516129032258
6221,B4,31,0,0.0,100.0,0.8064516129032258
6221,B9,31,0,0.0,100.0,0.8064516129032258
6222,G4,25,20,80.0,20.0,0.7931034482758621
6222,B8,25,0,0.0,100.0,0.7931034482758621
6222,B4,25,0,0.0,100.0,0.7931034482758621
6222,B9,25,0,0.0,100.0,0.7931034482758621
6245,G4,40,13,32.5,67.5,0.9142857142857144
6245,B8,40,4,10.0,90.0,0.9142857142857144
6245,B4,40,0,0.0,100.0,0.9142857142857144
6245,B9,40,0,0.0,100.0,0.9142857142857144
6246,G4,40,19,47.5,52.5,0.9523809523809524
6246,B8,40,2,5.0,95.0,0.9523809523809524
6246,B4,40,1,2.5,97.5,0.9523809523809524
6246,B9,40,0,0.0,100.0,0.9523809523809524
6247,G4,42,15,35.714285714285715,64.28571428571429,1.0
6247,B8,42,1,2.380952380952381,97.61904761904762,1.0
6247,B4,42,0,0.0,100.0,1.0
6247,B9,42,0,0.0,100.0,1.0
6305,G4,20,10,50.0,50.0,0.95
6305,B8,20,11,55.00000000000001,45.0,0.95
6305,B4,20,0,0.0,100.0,0.95
6305,B9,20,0,0.0,100.0,0.95
6248,G4,28,12,42.857142857142854,57.14285714285714,0.9310344827586208
6248,B8,28,4,14.285714285714285,85.71428571428571,0.9310344827586208
6248,B4,28,1,3.571428571428571,96.42857142857143,0.9310344827586208
6248,B9,28,0,0.0,100.0,0.9310344827586208
6306,G4,24,16,66.66666666666666,33.33333333333333,1.0
6306,B8,24,17,70.83333333333334,29.166666666666668,1.0
6306,B4,24,0,0.0,100.0,1.0
6306,B9,24,0,0.0,100.0,1.0
6309,G4,17,10,58.82352941176471,41.17647058823529,0.8947368421052632
6309,B8,17,11,64.70588235294117,35.294117647058826,0.8947368421052632
6309,B4,17,0,0.0,100.0,0.8947368421052632
6309,B9,17,0,0.0,100.0,0.8947368421052632
6310,G4,19,10,52.63157894736842,47.368421052631575,0.7272727272727273
6310,B8,19,11,57.89473684210527,42.10526315789473,0.7272727272727273
6310,B4,19,0,0.0,100.0,0.7272727272727273
6310,B9,19,0,0.0,100.0,0.7272727272727273
6308,G4,23,14,60.86956521739131,39.130434782608695,0.9130434782608696
6308,B8,23,18,78.26086956521739,21.73913043478261,0.9130434782608696
6308,B4,23,0,0.0,100.0,0.9130434782608696
6308,B9,23,0,0.0,100.0,0.9130434782608696
6311,G4,21,12,57.14285714285714,42.857142857142854,0.8636363636363636
6311,B8,21,10,47.61904761904761,52.38095238095239,0.8636363636363636
6311,B4,21,0,0.0,100.0,0.8636363636363636
6311,B9,21,0,0.0,100.0,0.8636363636363636
6312,G4,26,15,57.692307692307686,42.30769230769231,0.9166666666666666
6312,B8,26,15,57.692307692307686,42.30769230769231,0.9166666666666666
6312,B4,26,0,0.0,100.0,0.9166666666666666
6312,B9,26,0,0.0,100.0,0.9166666666666666
6315,G4,19,8,42.10526315789473,57.89473684210527,0.9523809523809524
6315,B8,19,10,52.63157894736842,47.368421052631575,0.9523809523809524
6315,B4,19,0,0.0,100.0,0.9523809523809524
6315,B9,19,0,0.0,100.0,0.9523809523809524
6338,G4,16,11,68.75,31.25,0.9375
6338,B8,16,9,56.25,43.75,0.9375
6338,B4,16,0,0.0,100.0,0.9375
6338,B9,16,0,0.0,100.0,0.9375
6316,G4,25,10,40.0,60.0,0.9230769230769232
6316,B8,25,18,72.0,28.000000000000004,0.9230769230769232
6316,B4,25,0,0.0,100.0,0.9230769230769232
6316,B9,25,0,0.0,100.0,0.9230769230769232
6337,G4,16,12,75.0,25.0,0.75
6337,B8,16,4,25.0,75.0,0.75
6337,B4,16,0,0.0,100.0,0.75
6337,B9,16,0,0.0,100.0,0.75
6343,G4,31,23,74.19354838709677,25.806451612903224,0.9722222222222222
6343,B8,31,0,0.0,100.0,0.9722222222222222
6343,B4,31,0,0.0,100.0,0.9722222222222222
6343,B9,31,0,0.0,100.0,0.9722222222222222
6342,G4,44,34,77.27272727272727,22.727272727272727,0.9347826086956522
6342,B8,44,1,2.272727272727273,97.72727272727273,0.9347826086956522
6342,B4,44,0,0.0,100.0,0.9347826086956522
6342,B9,44,0,0.0,100.0,0.9347826086956522
6344,G4,53,43,81.13207547169812,18.867924528301888,0.9107142857142856
6344,B8,53,2,3.7735849056603774,96.22641509433963,0.9107142857142856
6344,B4,53,0,0.0,100.0,0.9107142857142856
6344,B9,53,0,0.0,100.0,0.9107142857142856
6345,G4,33,25,75.75757575757575,24.242424242424242,0.9714285714285714
6345,B8,33,1,3.0303030303030303,96.96969696969697,0.9714285714285714
6345,B4,33,0,0.0,100.0,0.9714285714285714
6345,B9,33,0,0.0,100.0,0.9714285714285714
6346,G4,39,34,87.17948717948718,12.82051282051282,0.951219512195122
6346,B8,39,1,2.564102564102564,97.43589743589743,0.951219512195122
6346,B4,39,1,2.564102564102564,97.43589743589743,0.951219512195122
6346,B9,39,0,0.0,100.0,0.951219512195122
6351,G4,31,23,74.19354838709677,25.806451612903224,0.9473684210526316
6351,B8,31,1,3.225806451612903,96.7741935483871,0.9473684210526316
6351,B4,31,0,0.0,100.0,0.9473684210526316
6351,B9,31,0,0.0,100.0,0.9473684210526316
6347,G4,43,33,76.74418604651163,23.25581395348837,0.8863636363636364
6347,B8,43,0,0.0,100.0,0.8863636363636364
6347,B4,43,2,4.651162790697675,95.34883720930233,0.8863636363636364
6347,B9,43,0,0.0,100.0,0.8863636363636364
6350,G4,41,37,90.2439024390244,9.75609756097561,0.9387755102040816
6350,B8,41,1,2.4390243902439024,97.5609756097561,0.9387755102040816
6350,B4,41,1,2.4390243902439024,97.5609756097561,0.9387755102040816
6350,B9,41,0,0.0,100.0,0.9387755102040816
6352,G4,35,24,68.57142857142857,31.428571428571427,0.8857142857142857
6352,B8,35,1,2.857142857142857,97.14285714285714,0.8857142857142857
6352,B4,35,0,0.0,100.0,0.8857142857142857
6352,B9,35,0,0.0,100.0,0.8857142857142857
6358,G4,40,34,85.0,15.0,1.0
6358,B8,40,0,0.0,100.0,1.0
6358,B4,40,0,0.0,100.0,1.0
6358,B9,40,0,0.0,100.0,1.0
6359,G4,42,36,85.71428571428571,14.285714285714285,1.0
6359,B8,42,0,0.0,100.0,1.0
6359,B4,42,0,0.0,100.0,1.0
6359,B9,42,0,0.0,100.0,1.0
6360,G4,57,46,80.7017543859649,19.298245614035086,0.9672131147540984
6360,B8,57,0,0.0,100.0,0.9672131147540984
6360,B4,57,0,0.0,100.0,0.9672131147540984
6360,B9,57,0,0.0,100.0,0.9672131147540984
6361,G4,39,35,89.74358974358975,10.256410256410255,0.9761904761904762
6361,B8,39,0,0.0,100.0,0.9761904761904762
6361,B4,39,0,0.0,100.0,0.9761904761904762
6361,B9,39,0,0.0,100.0,0.9761904761904762
6362,G4,50,44,88.0,12.0,0.9622641509433962
6362,B8,50,0,0.0,100.0,0.9622641509433962
6362,B4,50,0,0.0,100.0,0.9622641509433962
6362,B9,50,0,0.0,100.0,0.9622641509433962
6363,G4,51,46,90.19607843137256,9.803921568627452,0.9491525423728814
6363,B8,51,0,0.0,100.0,0.9491525423728814
6363,B4,51,0,0.0,100.0,0.9491525423728814
6363,B9,51,0,0.0,100.0,0.9491525423728814
6364,G4,48,45,93.75,6.25,1.0
6364,B8,48,0,0.0,100.0,1.0
6364,B4,48,0,0.0,100.0,1.0
6364,B9,48,0,0.0,100.0,1.0
6365,G4,48,45,93.75,6.25,0.9807692307692308
6365,B8,48,0,0.0,100.0,0.9807692307692308
6365,B4,48,0,0.0,100.0,0.9807692307692308
6365,B9,48,0,0.0,100.0,0.9807692307692308
6366,G4,47,38,80.85106382978722,19.148936170212767,0.9215686274509804
6366,B8,47,0,0.0,100.0,0.9215686274509804
6366,B4,47,0,0.0,100.0,0.9215686274509804
6366,B9,47,0,0.0,100.0,0.9215686274509804
6372,G4,24,14,58.333333333333336,41.66666666666667,1.0
6372,B8,24,18,75.0,25.0,1.0
6372,B4,24,0,0.0,100.0,1.0
6372,B9,24,0,0.0,100.0,1.0
6367,G4,50,44,88.0,12.0,0.9821428571428572
6367,B8,50,0,0.0,100.0,0.9821428571428572
6367,B4,50,0,0.0,100.0,0.9821428571428572
6367,B9,50,0,0.0,100.0,0.9821428571428572
6371,G4,65,45,69.23076923076923,30.76923076923077,0.9206349206349206
6371,B8,65,5,7.6923076923076925,92.3076923076923,0.9206349206349206
6371,B4,65,0,0.0,100.0,0.9206349206349206
6371,B9,65,0,0.0,100.0,0.9206349206349206
6373,G4,38,19,50.0,50.0,0.9166666666666666
6373,B8,38,26,68.42105263157895,31.57894736842105,0.9166666666666666
6373,B4,38,0,0.0,100.0,0.9166666666666666
6373,B9,38,0,0.0,100.0,0.9166666666666666
6374,G4,41,21,51.21951219512195,48.78048780487805,0.9302325581395348
6374,B8,41,32,78.04878048780488,21.951219512195124,0.9302325581395348
6374,B4,41,0,0.0,100.0,0.9302325581395348
6374,B9,41,0,0.0,100.0,0.9302325581395348
6375,G4,28,10,35.714285714285715,64.28571428571429,0.9393939393939394
6375,B8,28,20,71.42857142857143,28.57142857142857,0.9393939393939394
6375,B4,28,0,0.0,100.0,0.9393939393939394
6375,B9,28,0,0.0,100.0,0.9393939393939394
6376,G4,30,16,53.333333333333336,46.666666666666664,1.0
6376,B8,30,23,76.66666666666667,23.333333333333332,1.0
6376,B4,30,0,0.0,100.0,1.0
6376,B9,30,0,0.0,100.0,1.0
6378,G4,33,17,51.515151515151516,48.484848484848484,0.9142857142857144
6378,B8,33,20,60.60606060606061,39.39393939393939,0.9142857142857144
6378,B4,33,0,0.0,100.0,0.9142857142857144
6378,B9,33,0,0.0,100.0,0.9142857142857144
6377,G4,36,20,55.55555555555556,44.44444444444444,0.9714285714285714
6377,B8,36,25,69.44444444444444,30.555555555555557,0.9714285714285714
6377,B4,36,0,0.0,100.0,0.9714285714285714
6377,B9,36,0,0.0,100.0,0.9714285714285714
6379,G4,25,13,52.0,48.0,1.0
6379,B8,25,21,84.0,16.0,1.0
6379,B4,25,0,0.0,100.0,1.0
6379,B9,25,0,0.0,100.0,1.0
6381,G4,31,18,58.06451612903226,41.935483870967744,1.0
6381,B8,31,25,80.64516129032258,19.35483870967742,1.0
6381,B4,31,0,0.0,100.0,1.0
6381,B9,31,0,0.0,100.0,1.0
6380,G4,38,24,63.1578947368421,36.84210526315789,0.9487179487179488
6380,B8,38,23,60.526315789473685,39.473684210526315,0.9487179487179488
6380,B4,38,1,2.631578947368421,97.36842105263158,0.9487179487179488
6380,B9,38,0,0.0,100.0,0.9487179487179488
6382,G4,57,34,59.64912280701754,40.35087719298245,0.9107142857142856
6382,B8,57,4,7.017543859649122,92.98245614035088,0.9107142857142856
6382,B4,57,0,0.0,100.0,0.9107142857142856
6382,B9,57,0,0.0,100.0,0.9107142857142856
6393,G4,52,26,50.0,50.0,0.8604651162790697
6393,B8,52,4,7.6923076923076925,92.3076923076923,0.8604651162790697
6393,B4,52,0,0.0,100.0,0.8604651162790697
6393,B9,52,0,0.0,100.0,0.8604651162790697
6391,G4,55,35,63.63636363636363,36.36363636363637,0.8490566037735849
6391,B8,55,3,5.454545454545454,94.54545454545455,0.8490566037735849
6391,B4,55,0,0.0,100.0,0.8490566037735849
6391,B9,55,0,0.0,100.0,0.8490566037735849
6466,G4,20,8,40.0,60.0,0.8421052631578947
6466,B8,20,0,0.0,100.0,0.8421052631578947
6466,B4,20,0,0.0,100.0,0.8421052631578947
6466,B9,20,0,0.0,100.0,0.8421052631578947
6394,G4,41,27,65.85365853658537,34.146341463414636,0.9555555555555556
6394,B8,41,3,7.317073170731707,92.6829268292683,0.9555555555555556
6394,B4,41,1,2.4390243902439024,97.5609756097561,0.9555555555555556
6394,B9,41,0,0.0,100.0,0.9555555555555556
6468,G4,29,8,27.586206896551722,72.41379310344827,0.9393939393939394
6468,B8,29,0,0.0,100.0,0.9393939393939394
6468,B4,29,0,0.0,100.0,0.9393939393939394
6468,B9,29,0,0.0,100.0,0.9393939393939394
6396,G4,49,33,67.3469387755102,32.6530612244898,0.9183673469387756
6396,B8,49,1,2.0408163265306123,97.95918367346938,0.9183673469387756
6396,B4,49,1,2.0408163265306123,97.95918367346938,0.9183673469387756
6396,B9,49,0,0.0,100.0,0.9183673469387756
6470,G4,46,10,21.73913043478261,78.26086956521739,0.9761904761904762
6470,B8,46,0,0.0,100.0,0.9761904761904762
6470,B4,46,0,0.0,100.0,0.9761904761904762
6470,B9,46,0,0.0,100.0,0.9761904761904762
6471,G4,53,15,28.30188679245283,71.69811320754717,1.0
6471,B8,53,0,0.0,100.0,1.0
6471,B4,53,0,0.0,100.0,1.0
6471,B9,53,0,0.0,100.0,1.0
6469,G4,69,18,26.08695652173913,73.91304347826086,0.9473684210526316
6469,B8,69,0,0.0,100.0,0.9473684210526316
6469,B4,69,0,0.0,100.0,0.9473684210526316
6469,B9,69,0,0.0,100.0,0.9473684210526316
6473,G4,56,21,37.5,62.5,0.95
6473,B8,56,0,0.0,100.0,0.95
6473,B4,56,0,0.0,100.0,0.95
6473,B9,56,0,0.0,100.0,0.95
6472,G4,56,16,28.57142857142857,71.42857142857143,0.9464285714285714
6472,B8,56,0,0.0,100.0,0.9464285714285714
6472,B4,56,0,0.0,100.0,0.9464285714285714
6472,B9,56,0,0.0,100.0,0.9464285714285714
6474,G4,46,18,39.130434782608695,60.86956521739131,0.9318181818181818
6474,B8,46,0,0.0,100.0,0.9318181818181818
6474,B4,46,0,0.0,100.0,0.9318181818181818
6474,B9,46,0,0.0,100.0,0.9318181818181818
6476,G4,38,13,34.21052631578947,65.78947368421053,0.9285714285714286
6476,B8,38,0,0.0,100.0,0.9285714285714286
6476,B4,38,0,0.0,100.0,0.9285714285714286
6476,B9,38,0,0.0,100.0,0.9285714285714286
6475,G4,61,19,31.147540983606557,68.85245901639344,0.9516129032258064
6475,B8,61,0,0.0,100.0,0.9516129032258064
6475,B4,61,0,0.0,100.0,0.9516129032258064
6475,B9,61,0,0.0,100.0,0.9516129032258064
6477,G4,56,21,37.5,62.5,0.9642857142857144
6477,B8,56,0,0.0,100.0,0.9642857142857144
6477,B4,56,0,0.0,100.0,0.9642857142857144
6477,B9,56,0,0.0,100.0,0.9642857142857144
6478,G4,47,15,31.914893617021278,68.08510638297872,0.96
6478,B8,47,0,0.0,100.0,0.96
6478,B4,47,0,0.0,100.0,0.96
6478,B9,47,0,0.0,100.0,0.96
6480,G4,44,15,34.090909090909086,65.9090909090909,0.9772727272727272
6480,B8,44,0,0.0,100.0,0.9772727272727272
6480,B4,44,0,0.0,100.0,0.9772727272727272
6480,B9,44,0,0.0,100.0,0.9772727272727272
6479,G4,48,19,39.58333333333333,60.416666666666664,0.8301886792452831
6479,B8,48,0,0.0,100.0,0.8301886792452831
6479,B4,48,0,0.0,100.0,0.8301886792452831
6479,B9,48,0,0.0,100.0,0.8301886792452831
6481,G4,46,19,41.30434782608695,58.69565217391305,0.92
6481,B8,46,0,0.0,100.0,0.92
6481,B4,46,0,0.0,100.0,0.92
6481,B9,46,0,0.0,100.0,0.92
6482,G4,43,18,41.86046511627907,58.139534883720934,1.0
6482,B8,43,0,0.0,100.0,1.0
6482,B4,43,0,0.0,100.0,1.0
6482,B9,43,0,0.0,100.0,1.0
6483,G4,49,12,24.489795918367346,75.51020408163265,0.979591836734694
6483,B8,49,0,0.0,100.0,0.979591836734694
6483,B4,49,0,0.0,100.0,0.979591836734694
6483,B9,49,0,0.0,100.0,0.979591836734694
6484,G4,39,11,28.205128205128204,71.7948717948718,0.9534883720930232
6484,B8,39,0,0.0,100.0,0.9534883720930232
6484,B4,39,0,0.0,100.0,0.9534883720930232
6484,B9,39,0,0.0,100.0,0.9534883720930232
6505,G4,21,10,47.61904761904761,52.38095238095239,0.8421052631578947
6505,B8,21,0,0.0,100.0,0.8421052631578947
6505,B4,21,0,0.0,100.0,0.8421052631578947
6505,B9,21,0,0.0,100.0,0.8421052631578947
6506,G4,23,8,34.78260869565217,65.21739130434783,0.8947368421052632
6506,B8,23,0,0.0,100.0,0.8947368421052632
6506,B4,23,0,0.0,100.0,0.8947368421052632
6506,B9,23,0,0.0,100.0,0.8947368421052632
6485,G4,46,20,43.47826086956522,56.52173913043478,0.94
6485,B8,46,0,0.0,100.0,0.94
6485,B4,46,0,0.0,100.0,0.94
6485,B9,46,0,0.0,100.0,0.94
6508,G4,17,6,35.294117647058826,64.70588235294117,0.8461538461538461
6508,B8,17,0,0.0,100.0,0.8461538461538461
6508,B4,17,0,0.0,100.0,0.8461538461538461
6508,B9,17,0,0.0,100.0,0.8461538461538461
6509,G4,18,8,44.44444444444444,55.55555555555556,0.9444444444444444
6509,B8,18,0,0.0,100.0,0.9444444444444444
6509,B4,18,0,0.0,100.0,0.9444444444444444
6509,B9,18,0,0.0,100.0,0.9444444444444444
6510,G4,16,5,31.25,68.75,0.8571428571428571
6510,B8,16,0,0.0,100.0,0.8571428571428571
6510,B4,16,0,0.0,100.0,0.8571428571428571
6510,B9,16,0,0.0,100.0,0.8571428571428571
6511,G4,19,3,15.789473684210526,84.21052631578947,0.8947368421052632
6511,B8,19,0,0.0,100.0,0.8947368421052632
6511,B4,19,0,0.0,100.0,0.8947368421052632
6511,B9,19,0,0.0,100.0,0.8947368421052632
6512,G4,19,8,42.10526315789473,57.89473684210527,1.0
6512,B8,19,0,0.0,100.0,1.0
6512,B4,19,0,0.0,100.0,1.0
6512,B9,19,0,0.0,100.0,1.0
6513,G4,18,8,44.44444444444444,55.55555555555556,0.7647058823529411
6513,B8,18,0,0.0,100.0,0.7647058823529411
6513,B4,18,0,0.0,100.0,0.7647058823529411
6513,B9,18,0,0.0,100.0,0.7647058823529411
6515,G4,18,16,88.88888888888889,11.11111111111111,0.9375
6515,B8,18,0,0.0,100.0,0.9375
6515,B4,18,0,0.0,100.0,0.9375
6515,B9,18,0,0.0,100.0,0.9375
6529,G4,22,18,81.81818181818183,18.181818181818183,0.9473684210526316
6529,B8,22,0,0.0,100.0,0.9473684210526316
6529,B4,22,0,0.0,100.0,0.9473684210526316
6529,B9,22,0,0.0,100.0,0.9473684210526316
6514,G4,27,19,70.37037037037037,29.629629629629626,0.7916666666666666
6514,B8,27,0,0.0,100.0,0.7916666666666666
6514,B4,27,0,0.0,100.0,0.7916666666666666
6514,B9,27,0,0.0,100.0,0.7916666666666666
6534,G4,21,18,85.71428571428571,14.285714285714285,1.0
6534,B8,21,0,0.0,100.0,1.0
6534,B4,21,0,0.0,100.0,1.0
6534,B9,21,0,0.0,100.0,1.0
6535,G4,24,19,79.16666666666666,20.833333333333336,0.8
6535,B8,24,0,0.0,100.0,0.8
6535,B4,24,0,0.0,100.0,0.8
6535,B9,24,0,0.0,100.0,0.8
6548,G4,21,19,90.47619047619048,9.523809523809524,1.0
6548,B8,21,7,33.33333333333333,66.66666666666666,1.0
6548,B4,21,0,0.0,100.0,1.0
6548,B9,21,0,0.0,100.0,1.0
6549,G4,21,17,80.95238095238095,19.047619047619047,1.0
6549,B8,21,7,33.33333333333333,66.66666666666666,1.0
6549,B4,21,0,0.0,100.0,1.0
6549,B9,21,0,0.0,100.0,1.0
6554,G4,17,15,88.23529411764706,11.76470588235294,1.0
6554,B8,17,4,23.52941176470588,76.47058823529412,1.0
6554,B4,17,0,0.0,100.0,1.0
6554,B9,17,0,0.0,100.0,1.0
6558,G4,18,12,66.66666666666666,33.33333333333333,1.0
6558,B8,18,2,11.11111111111111,88.88888888888889,1.0
6558,B4,18,0,0.0,100.0,1.0
6558,B9,18,0,0.0,100.0,1.0
6563,G4,16,5,31.25,68.75,1.0
6563,B8,16,3,18.75,81.25,1.0
6563,B4,16,0,0.0,100.0,1.0
6563,B9,16,0,0.0,100.0,1.0
6561,G4,23,18,78.26086956521739,21.73913043478261,1.0
6561,B8,23,8,34.78260869565217,65.21739130434783,1.0
6561,B4,23,0,0.0,100.0,1.0
6561,B9,23,0,0.0,100.0,1.0
6565,G4,22,11,50.0,50.0,0.96
6565,B8,22,10,45.45454545454545,54.54545454545454,0.96
6565,B4,22,0,0.0,100.0,0.96
6565,B9,22,0,0.0,100.0,0.96
6566,G4,20,9,45.0,55.00000000000001,1.0
6566,B8,20,8,40.0,60.0,1.0
6566,B4,20,0,0.0,100.0,1.0
6566,B9,20,0,0.0,100.0,1.0
6567,G4,16,6,37.5,62.5,0.9444444444444444
6567,B8,16,3,18.75,81.25,0.9444444444444444
6567,B4,16,0,0.0,100.0,0.9444444444444444
6567,B9,16,0,0.0,100.0,0.9444444444444444
6571,G4,17,7,41.17647058823529,58.82352941176471,1.0
6571,B8,17,7,41.17647058823529,58.82352941176471,1.0
6571,B4,17,0,0.0,100.0,1.0
6571,B9,17,0,0.0,100.0,1.0
6572,G4,21,6,28.57142857142857,71.42857142857143,1.0
6572,B8,21,14,66.66666666666666,33.33333333333333,1.0
6572,B4,21,0,0.0,100.0,1.0
6572,B9,21,0,0.0,100.0,1.0
6597,G4,17,12,70.58823529411765,29.411764705882355,0.8666666666666667
6597,B8,17,12,70.58823529411765,29.411764705882355,0.8666666666666667
6597,B4,17,0,0.0,100.0,0.8666666666666667
6597,B9,17,0,0.0,100.0,0.8666666666666667
6598,G4,21,11,52.38095238095239,47.61904761904761,0.5
6598,B8,21,10,47.61904761904761,52.38095238095239,0.5
6598,B4,21,0,0.0,100.0,0.5
6598,B9,21,0,0.0,100.0,0.5
6605,G4,16,11,68.75,31.25,0.8888888888888888
6605,B8,16,0,0.0,100.0,0.8888888888888888
6605,B4,16,0,0.0,100.0,0.8888888888888888
6605,B9,16,0,0.0,100.0,0.8888888888888888
6602,G4,25,18,72.0,28.000000000000004,0.7894736842105263
6602,B8,25,10,40.0,60.0,0.7894736842105263
6602,B4,25,0,0.0,100.0,0.7894736842105263
6602,B9,25,0,0.0,100.0,0.7894736842105263
6608,G4,17,13,76.47058823529412,23.52941176470588,0.7142857142857143
6608,B8,17,0,0.0,100.0,0.7142857142857143
6608,B4,17,0,0.0,100.0,0.7142857142857143
6608,B9,17,0,0.0,100.0,0.7142857142857143
6610,G4,17,11,64.70588235294117,35.294117647058826,0.7333333333333333
6610,B8,17,0,0.0,100.0,0.7333333333333333
6610,B4,17,0,0.0,100.0,0.7333333333333333
6610,B9,17,0,0.0,100.0,0.7333333333333333
6609,G4,21,16,76.19047619047619,23.809523809523807,0.8888888888888888
6609,B8,21,0,0.0,100.0,0.8888888888888888
6609,B4,21,0,0.0,100.0,0.8888888888888888
6609,B9,21,0,0.0,100.0,0.8888888888888888
6612,G4,16,10,62.5,37.5,0.5714285714285714
6612,B8,16,0,0.0,100.0,0.5714285714285714
6612,B4,16,0,0.0,100.0,0.5714285714285714
6612,B9,16,0,0.0,100.0,0.5714285714285714
6625,G4,17,9,52.94117647058824,47.05882352941176,0.9090909090909092
6625,B8,17,0,0.0,100.0,0.9090909090909092
6625,B4,17,0,0.0,100.0,0.9090909090909092
6625,B9,17,0,0.0,100.0,0.9090909090909092
6613,G4,20,14,70.0,30.0,0.75
6613,B8,20,0,0.0,100.0,0.75
6613,B4,20,0,0.0,100.0,0.75
6613,B9,20,0,0.0,100.0,0.75
6628,G4,21,14,66.66666666666666,33.33333333333333,0.95
6628,B8,21,0,0.0,100.0,0.95
6628,B4,21,0,0.0,100.0,0.95
6628,B9,21,0,0.0,100.0,0.95
6627,G4,24,14,58.333333333333336,41.66666666666667,0.9583333333333334
6627,B8,24,1,4.166666666666666,95.83333333333334,0.9583333333333334
6627,B4,24,0,0.0,100.0,0.9583333333333334
6627,B9,24,0,0.0,100.0,0.9583333333333334
6626,G4,28,14,50.0,50.0,1.0
6626,B8,28,0,0.0,100.0,1.0
6626,B4,28,0,0.0,100.0,1.0
6626,B9,28,0,0.0,100.0,1.0
6630,G4,19,7,36.84210526315789,63.1578947368421,0.75
6630,B8,19,0,0.0,100.0,0.75
6630,B4,19,0,0.0,100.0,0.75
6630,B9,19,0,0.0,100.0,0.75
6629,G4,22,8,36.36363636363637,63.63636363636363,0.9
6629,B8,22,0,0.0,100.0,0.9
6629,B4,22,0,0.0,100.0,0.9
6629,B9,22,0,0.0,100.0,0.9
6639,G4,21,9,42.857142857142854,57.14285714285714,0.6875
6639,B8,21,0,0.0,100.0,0.6875
6639,B4,21,0,0.0,100.0,0.6875
6639,B9,21,0,0.0,100.0,0.6875
6640,G4,16,6,37.5,62.5,0.7692307692307693
6640,B8,16,0,0.0,100.0,0.7692307692307693
6640,B4,16,0,0.0,100.0,0.7692307692307693
6640,B9,16,0,0.0,100.0,0.7692307692307693
6646,G4,52,22,42.30769230769231,57.692307692307686,0.975609756097561
6646,B8,52,0,0.0,100.0,0.975609756097561
6646,B4,52,0,0.0,100.0,0.975609756097561
6646,B9,52,0,0.0,100.0,0.975609756097561
6647,G4,50,18,36.0,64.0,1.0
6647,B8,50,0,0.0,100.0,1.0
6647,B4,50,0,0.0,100.0,1.0
6647,B9,50,0,0.0,100.0,1.0
6649,G4,49,22,44.89795918367347,55.10204081632652,0.9787234042553192
6649,B8,49,0,0.0,100.0,0.9787234042553192
6649,B4,49,0,0.0,100.0,0.9787234042553192
6649,B9,49,0,0.0,100.0,0.9787234042553192
6651,G4,37,17,45.94594594594595,54.054054054054056,0.96875
6651,B8,37,0,0.0,100.0,0.96875
6651,B4,37,0,0.0,100.0,0.96875
6651,B9,37,0,0.0,100.0,0.96875
6650,G4,44,18,40.909090909090914,59.09090909090909,0.9767441860465116
6650,B8,44,0,0.0,100.0,0.9767441860465116
6650,B4,44,0,0.0,100.0,0.9767441860465116
6650,B9,44,0,0.0,100.0,0.9767441860465116
6652,G4,41,16,39.02439024390244,60.97560975609756,0.918918918918919
6652,B8,41,0,0.0,100.0,0.918918918918919
6652,B4,41,0,0.0,100.0,0.918918918918919
6652,B9,41,0,0.0,100.0,0.918918918918919
6653,G4,38,19,50.0,50.0,0.975609756097561
6653,B8,38,0,0.0,100.0,0.975609756097561
6653,B4,38,0,0.0,100.0,0.975609756097561
6653,B9,38,0,0.0,100.0,0.975609756097561
6654,G4,35,14,40.0,60.0,0.918918918918919
6654,B8,35,0,0.0,100.0,0.918918918918919
6654,B4,35,0,0.0,100.0,0.918918918918919
6654,B9,35,0,0.0,100.0,0.918918918918919
6656,G4,18,10,55.55555555555556,44.44444444444444,0.9375
6656,B8,18,0,0.0,100.0,0.9375
6656,B4,18,0,0.0,100.0,0.9375
6656,B9,18,0,0.0,100.0,0.9375
6667,G4,20,10,50.0,50.0,0.375
6667,B8,20,1,5.0,95.0,0.375
6667,B4,20,1,5.0,95.0,0.375
6667,B9,20,0,0.0,100.0,0.375
6655,G4,40,22,55.00000000000001,45.0,0.9473684210526316
6655,B8,40,0,0.0,100.0,0.9473684210526316
6655,B4,40,0,0.0,100.0,0.9473684210526316
6655,B9,40,0,0.0,100.0,0.9473684210526316
6668,G4,16,7,43.75,56.25,0.8333333333333334
6668,B8,16,1,6.25,93.75,0.8333333333333334
6668,B4,16,0,0.0,100.0,0.8333333333333334
6668,B9,16,0,0.0,100.0,0.8333333333333334
6670,G4,22,13,59.09090909090909,40.909090909090914,0.9047619047619048
6670,B8,22,2,9.090909090909092,90.9090909090909,0.9047619047619048
6670,B4,22,0,0.0,100.0,0.9047619047619048
6670,B9,22,0,0.0,100.0,0.9047619047619048
6671,G4,16,3,18.75,81.25,0.9333333333333332
6671,B8,16,0,0.0,100.0,0.9333333333333332
6671,B4,16,0,0.0,100.0,0.9333333333333332
6671,B9,16,0,0.0,100.0,0.9333333333333332
6672,G4,19,8,42.10526315789473,57.89473684210527,0.9166666666666666
6672,B8,19,0,0.0,100.0,0.9166666666666666
6672,B4,19,0,0.0,100.0,0.9166666666666666
6672,B9,19,0,0.0,100.0,0.9166666666666666
6677,G4,17,4,23.52941176470588,76.47058823529412,0.3333333333333333
6677,B8,17,0,0.0,100.0,0.3333333333333333
6677,B4,17,0,0.0,100.0,0.3333333333333333
6677,B9,17,0,0.0,100.0,0.3333333333333333
6698,G4,32,9,28.125,71.875,0.875
6698,B8,32,0,0.0,100.0,0.875
6698,B4,32,0,0.0,100.0,0.875
6698,B9,32,0,0.0,100.0,0.875
6699,G4,28,6,21.428571428571427,78.57142857142857,1.0
6699,B8,28,0,0.0,100.0,1.0
6699,B4,28,0,0.0,100.0,1.0
6699,B9,28,0,0.0,100.0,1.0
6700,G4,30,11,36.666666666666664,63.33333333333333,0.9393939393939394
6700,B8,30,0,0.0,100.0,0.9393939393939394
6700,B4,30,0,0.0,100.0,0.9393939393939394
6700,B9,30,0,0.0,100.0,0.9393939393939394
6701,G4,26,8,30.76923076923077,69.23076923076923,0.896551724137931
6701,B8,26,0,0.0,100.0,0.896551724137931
6701,B4,26,0,0.0,100.0,0.896551724137931
6701,B9,26,0,0.0,100.0,0.896551724137931
6721,G4,29,23,79.3103448275862,20.689655172413794,0.9032258064516128
6721,B8,29,0,0.0,100.0,0.9032258064516128
6721,B4,29,0,0.0,100.0,0.9032258064516128
6721,B9,29,0,0.0,100.0,0.9032258064516128
6722,G4,30,16,53.333333333333336,46.666666666666664,0.8928571428571429
6722,B8,30,0,0.0,100.0,0.8928571428571429
6722,B4,30,0,0.0,100.0,0.8928571428571429
6722,B9,30,0,0.0,100.0,0.8928571428571429
6723,G4,27,17,62.96296296296296,37.03703703703704,0.9615384615384616
6723,B8,27,0,0.0,100.0,0.9615384615384616
6723,B4,27,0,0.0,100.0,0.9615384615384616
6723,B9,27,0,0.0,100.0,0.9615384615384616
6725,G4,28,22,78.57142857142857,21.428571428571427,0.90625
6725,B8,28,0,0.0,100.0,0.90625
6725,B4,28,0,0.0,100.0,0.90625
6725,B9,28,0,0.0,100.0,0.90625
6726,G4,26,16,61.53846153846154,38.46153846153847,0.9310344827586208
6726,B8,26,0,0.0,100.0,0.9310344827586208
6726,B4,26,0,0.0,100.0,0.9310344827586208
6726,B9,26,0,0.0,100.0,0.9310344827586208
6727,G4,34,25,73.52941176470588,26.47058823529412,0.9705882352941176
6727,B8,34,0,0.0,100.0,0.9705882352941176
6727,B4,34,0,0.0,100.0,0.9705882352941176
6727,B9,34,0,0.0,100.0,0.9705882352941176
6728,G4,36,22,61.111111111111114,38.88888888888889,1.0
6728,B8,36,0,0.0,100.0,1.0
6728,B4,36,0,0.0,100.0,1.0
6728,B9,36,0,0.0,100.0,1.0
6729,G4,28,16,57.14285714285714,42.857142857142854,0.8857142857142857
6729,B8,28,0,0.0,100.0,0.8857142857142857
6729,B4,28,0,0.0,100.0,0.8857142857142857
6729,B9,28,0,0.0,100.0,0.8857142857142857
6730,G4,33,25,75.75757575757575,24.242424242424242,0.9444444444444444
6730,B8,33,0,0.0,100.0,0.9444444444444444
6730,B4,33,0,0.0,100.0,0.9444444444444444
6730,B9,33,0,0.0,100.0,0.9444444444444444
6731,G4,30,21,70.0,30.0,0.9032258064516128
6731,B8,30,0,0.0,100.0,0.9032258064516128
6731,B4,30,0,0.0,100.0,0.9032258064516128
6731,B9,30,0,0.0,100.0,0.9032258064516128
6746,G4,26,15,57.692307692307686,42.30769230769231,0.9629629629629628
6746,B8,26,12,46.15384615384615,53.84615384615385,0.9629629629629628
6746,B4,26,0,0.0,100.0,0.9629629629629628
6746,B9,26,0,0.0,100.0,0.9629629629629628
6747,G4,26,20,76.92307692307693,23.076923076923077,0.896551724137931
6747,B8,26,4,15.384615384615385,84.61538461538461,0.896551724137931
6747,B4,26,0,0.0,100.0,0.896551724137931
6747,B9,26,0,0.0,100.0,0.896551724137931
6748,G4,26,16,61.53846153846154,38.46153846153847,1.0
6748,B8,26,8,30.76923076923077,69.23076923076923,1.0
6748,B4,26,0,0.0,100.0,1.0
6748,B9,26,0,0.0,100.0,1.0
6750,G4,23,13,56.52173913043478,43.47826086956522,1.0
6750,B8,23,7,30.434782608695656,69.56521739130434,1.0
6750,B4,23,0,0.0,100.0,1.0
6750,B9,23,0,0.0,100.0,1.0
6749,G4,33,20,60.60606060606061,39.39393939393939,1.0
6749,B8,33,12,36.36363636363637,63.63636363636363,1.0
6749,B4,33,0,0.0,100.0,1.0
6749,B9,33,0,0.0,100.0,1.0
6751,G4,34,21,61.76470588235294,38.23529411764706,0.972972972972973
6751,B8,34,7,20.588235294117645,79.41176470588235,0.972972972972973
6751,B4,34,0,0.0,100.0,0.972972972972973
6751,B9,34,0,0.0,100.0,0.972972972972973
6752,G4,29,16,55.172413793103445,44.827586206896555,1.0
6752,B8,29,10,34.48275862068966,65.51724137931035,1.0
6752,B4,29,0,0.0,100.0,1.0
6752,B9,29,0,0.0,100.0,1.0
6755,G4,16,9,56.25,43.75,1.0
6755,B8,16,3,18.75,81.25,1.0
6755,B4,16,0,0.0,100.0,1.0
6755,B9,16,0,0.0,100.0,1.0
6753,G4,47,29,61.702127659574465,38.297872340425535,0.9807692307692308
6753,B8,47,16,34.04255319148936,65.95744680851064,0.9807692307692308
6753,B4,47,0,0.0,100.0,0.9807692307692308
6753,B9,47,0,0.0,100.0,0.9807692307692308
6754,G4,38,26,68.42105263157895,31.57894736842105,1.0
6754,B8,38,11,28.947368421052634,71.05263157894737,1.0
6754,B4,38,0,0.0,100.0,1.0
6754,B9,38,0,0.0,100.0,1.0
6757,G4,36,13,36.11111111111111,63.888888888888886,0.9
6757,B8,36,14,38.88888888888889,61.111111111111114,0.9
6757,B4,36,0,0.0,100.0,0.9
6757,B9,36,0,0.0,100.0,0.9
6758,G4,38,8,21.052631578947366,78.94736842105263,0.9743589743589745
6758,B8,38,11,28.947368421052634,71.05263157894737,0.9743589743589745
6758,B4,38,0,0.0,100.0,0.9743589743589745
6758,B9,38,0,0.0,100.0,0.9743589743589745
6756,G4,57,22,38.59649122807017,61.40350877192983,0.9833333333333332
6756,B8,57,21,36.84210526315789,63.1578947368421,0.9833333333333332
6756,B4,57,0,0.0,100.0,0.9833333333333332
6756,B9,57,0,0.0,100.0,0.9833333333333332
6759,G4,39,11,28.205128205128204,71.7948717948718,0.975609756097561
6759,B8,39,14,35.8974358974359,64.1025641025641,0.975609756097561
6759,B4,39,0,0.0,100.0,0.975609756097561
6759,B9,39,0,0.0,100.0,0.975609756097561
6760,G4,36,15,41.66666666666667,58.333333333333336,0.9767441860465116
6760,B8,36,17,47.22222222222222,52.77777777777778,0.9767441860465116
6760,B4,36,0,0.0,100.0,0.9767441860465116
6760,B9,36,0,0.0,100.0,0.9767441860465116
6761,G4,33,8,24.242424242424242,75.75757575757575,0.9411764705882352
6761,B8,33,11,33.33333333333333,66.66666666666666,0.9411764705882352
6761,B4,33,0,0.0,100.0,0.9411764705882352
6761,B9,33,0,0.0,100.0,0.9411764705882352
6762,G4,41,8,19.51219512195122,80.48780487804879,0.9772727272727272
6762,B8,41,13,31.70731707317073,68.29268292682927,0.9772727272727272
6762,B4,41,0,0.0,100.0,0.9772727272727272
6762,B9,41,0,0.0,100.0,0.9772727272727272
6763,G4,37,13,35.13513513513514,64.86486486486487,0.9736842105263158
6763,B8,37,12,32.432432432432435,67.56756756756756,0.9736842105263158
6763,B4,37,0,0.0,100.0,0.9736842105263158
6763,B9,37,0,0.0,100.0,0.9736842105263158
6764,G4,37,13,35.13513513513514,64.86486486486487,0.9736842105263158
6764,B8,37,17,45.94594594594595,54.054054054054056,0.9736842105263158
6764,B4,37,0,0.0,100.0,0.9736842105263158
6764,B9,37,0,0.0,100.0,0.9736842105263158
6767,G4,18,3,16.666666666666664,83.33333333333334,0.875
6767,B8,18,6,33.33333333333333,66.66666666666666,0.875
6767,B4,18,8,44.44444444444444,55.55555555555556,0.875
6767,B9,18,0,0.0,100.0,0.875
6765,G4,35,19,54.285714285714285,45.714285714285715,0.7941176470588235
6765,B8,35,4,11.428571428571429,88.57142857142857,0.7941176470588235
6765,B4,35,0,0.0,100.0,0.7941176470588235
6765,B9,35,2,5.714285714285714,94.28571428571428,0.7941176470588235
6772,G4,17,2,11.76470588235294,88.23529411764706,0.9047619047619048
6772,B8,17,9,52.94117647058824,47.05882352941176,0.9047619047619048
6772,B4,17,6,35.294117647058826,64.70588235294117,0.9047619047619048
6772,B9,17,0,0.0,100.0,0.9047619047619048
6776,G4,29,9,31.03448275862069,68.96551724137932,0.8148148148148148
6776,B8,29,2,6.896551724137931,93.10344827586206,0.8148148148148148
6776,B4,29,1,3.4482758620689653,96.55172413793103,0.8148148148148148
6776,B9,29,1,3.4482758620689653,96.55172413793103,0.8148148148148148
6778,G4,26,9,34.61538461538461,65.38461538461539,0.9047619047619048
6778,B8,26,6,23.076923076923077,76.92307692307693,0.9047619047619048
6778,B4,26,2,7.6923076923076925,92.3076923076923,0.9047619047619048
6778,B9,26,1,3.8461538461538463,96.15384615384616,0.9047619047619048
6777,G4,35,12,34.285714285714285,65.71428571428571,0.9714285714285714
6777,B8,35,12,34.285714285714285,65.71428571428571,0.9714285714285714
6777,B4,35,0,0.0,100.0,0.9714285714285714
6777,B9,35,4,11.428571428571429,88.57142857142857,0.9714285714285714
6779,G4,28,14,50.0,50.0,0.8571428571428571
6779,B8,28,5,17.857142857142858,82.14285714285714,0.8571428571428571
6779,B4,28,1,3.571428571428571,96.42857142857143,0.8571428571428571
6779,B9,28,1,3.571428571428571,96.42857142857143,0.8571428571428571
6780,G4,27,10,37.03703703703704,62.96296296296296,0.896551724137931
6780,B8,27,5,18.51851851851852,81.48148148148148,0.896551724137931
6780,B4,27,0,0.0,100.0,0.896551724137931
6780,B9,27,1,3.7037037037037033,96.29629629629629,0.896551724137931
6782,G4,21,8,38.095238095238095,61.904761904761905,0.6666666666666666
6782,B8,21,2,9.523809523809524,90.47619047619048,0.6666666666666666
6782,B4,21,0,0.0,100.0,0.6666666666666666
6782,B9,21,1,4.761904761904762,95.23809523809523,0.6666666666666666
6783,G4,23,6,26.08695652173913,73.91304347826086,0.7272727272727273
6783,B8,23,2,8.695652173913043,91.30434782608695,0.7272727272727273
6783,B4,23,0,0.0,100.0,0.7272727272727273
6783,B9,23,0,0.0,100.0,0.7272727272727273
6781,G4,37,18,48.64864864864865,51.35135135135135,0.8108108108108109
6781,B8,37,9,24.324324324324326,75.67567567567568,0.8108108108108109
6781,B4,37,0,0.0,100.0,0.8108108108108109
6781,B9,37,1,2.7027027027027026,97.2972972972973,0.8108108108108109
6784,G4,29,17,58.620689655172406,41.37931034482759,0.875
6784,B8,29,7,24.137931034482758,75.86206896551724,0.875
6784,B4,29,1,3.4482758620689653,96.55172413793103,0.875
6784,B9,29,1,3.4482758620689653,96.55172413793103,0.875
6816,G4,17,15,88.23529411764706,11.76470588235294,1.0
6816,B8,17,0,0.0,100.0,1.0
6816,B4,17,0,0.0,100.0,1.0
6816,B9,17,0,0.0,100.0,1.0
6815,G4,19,8,42.10526315789473,57.89473684210527,0.9333333333333332
6815,B8,19,0,0.0,100.0,0.9333333333333332
6815,B4,19,0,0.0,100.0,0.9333333333333332
6815,B9,19,0,0.0,100.0,0.9333333333333332
6817,G4,17,11,64.70588235294117,35.294117647058826,0.8
6817,B8,17,0,0.0,100.0,0.8
6817,B4,17,0,0.0,100.0,0.8
6817,B9,17,0,0.0,100.0,0.8
6818,G4,20,13,65.0,35.0,0.9523809523809524
6818,B8,20,0,0.0,100.0,0.9523809523809524
6818,B4,20,0,0.0,100.0,0.9523809523809524
6818,B9,20,0,0.0,100.0,0.9523809523809524
6829,G4,26,10,38.46153846153847,61.53846153846154,0.925925925925926
6829,B8,26,15,57.692307692307686,42.30769230769231,0.925925925925926
6829,B4,26,0,0.0,100.0,0.925925925925926
6829,B9,26,0,0.0,100.0,0.925925925925926
6830,G4,26,8,30.76923076923077,69.23076923076923,0.8888888888888888
6830,B8,26,17,65.38461538461539,34.61538461538461,0.8888888888888888
6830,B4,26,0,0.0,100.0,0.8888888888888888
6830,B9,26,0,0.0,100.0,0.8888888888888888
6831,G4,22,3,13.636363636363635,86.36363636363636,0.9523809523809524
6831,B8,22,14,63.63636363636363,36.36363636363637,0.9523809523809524
6831,B4,22,0,0.0,100.0,0.9523809523809524
6831,B9,22,0,0.0,100.0,0.9523809523809524
6832,G4,34,15,44.11764705882353,55.88235294117647,0.9722222222222222
6832,B8,34,27,79.41176470588235,20.588235294117645,0.9722222222222222
6832,B4,34,0,0.0,100.0,0.9722222222222222
6832,B9,34,0,0.0,100.0,0.9722222222222222
6834,G4,18,8,44.44444444444444,55.55555555555556,0.8947368421052632
6834,B8,18,10,55.55555555555556,44.44444444444444,0.8947368421052632
6834,B4,18,0,0.0,100.0,0.8947368421052632
6834,B9,18,0,0.0,100.0,0.8947368421052632
6833,G4,36,20,55.55555555555556,44.44444444444444,1.0
6833,B8,36,28,77.77777777777779,22.22222222222222,1.0
6833,B4,36,0,0.0,100.0,1.0
6833,B9,36,0,0.0,100.0,1.0
6836,G4,18,6,33.33333333333333,66.66666666666666,0.8823529411764706
6836,B8,18,12,66.66666666666666,33.33333333333333,0.8823529411764706
6836,B4,18,0,0.0,100.0,0.8823529411764706
6836,B9,18,0,0.0,100.0,0.8823529411764706
6837,G4,22,6,27.27272727272727,72.72727272727273,0.9047619047619048
6837,B8,22,15,68.18181818181817,31.818181818181817,0.9047619047619048
6837,B4,22,0,0.0,100.0,0.9047619047619048
6837,B9,22,0,0.0,100.0,0.9047619047619048
6931,G4,17,7,41.17647058823529,58.82352941176471,0.8333333333333334
6931,B8,17,12,70.58823529411765,29.411764705882355,0.8333333333333334
6931,B4,17,9,52.94117647058824,47.05882352941176,0.8333333333333334
6931,B9,17,0,0.0,100.0,0.8333333333333334
6835,G4,31,12,38.70967741935484,61.29032258064516,0.9310344827586208
6835,B8,31,18,58.06451612903226,41.935483870967744,0.9310344827586208
6835,B4,31,0,0.0,100.0,0.9310344827586208
6835,B9,31,0,0.0,100.0,0.9310344827586208
6838,G4,25,6,24.0,76.0,0.9230769230769232
6838,B8,25,18,72.0,28.000000000000004,0.9230769230769232
6838,B4,25,0,0.0,100.0,0.9230769230769232
6838,B9,25,0,0.0,100.0,0.9230769230769232
6935,G4,17,9,52.94117647058824,47.05882352941176,0.9230769230769232
6935,B8,17,10,58.82352941176471,41.17647058823529,0.9230769230769232
6935,B4,17,8,47.05882352941176,52.94117647058824,0.9230769230769232
6935,B9,17,0,0.0,100.0,0.9230769230769232
6938,G4,19,7,36.84210526315789,63.1578947368421,0.7777777777777778
6938,B8,19,13,68.42105263157895,31.57894736842105,0.7777777777777778
6938,B4,19,5,26.31578947368421,73.68421052631578,0.7777777777777778
6938,B9,19,0,0.0,100.0,0.7777777777777778
6936,G4,29,10,34.48275862068966,65.51724137931035,0.92
6936,B8,29,14,48.275862068965516,51.724137931034484,0.92
6936,B4,29,9,31.03448275862069,68.96551724137932,0.92
6936,B9,29,0,0.0,100.0,0.92
6939,G4,19,6,31.57894736842105,68.42105263157895,0.9444444444444444
6939,B8,19,13,68.42105263157895,31.57894736842105,0.9444444444444444
6939,B4,19,8,42.10526315789473,57.89473684210527,0.9444444444444444
6939,B9,19,0,0.0,100.0,0.9444444444444444
6960,G4,20,19,95.0,5.0,0.8947368421052632
6960,B8,20,0,0.0,100.0,0.8947368421052632
6960,B4,20,0,0.0,100.0,0.8947368421052632
6960,B9,20,0,0.0,100.0,0.8947368421052632
7010,G4,18,15,83.33333333333334,16.666666666666664,1.0
7010,B8,18,0,0.0,100.0,1.0
7010,B4,18,0,0.0,100.0,1.0
7010,B9,18,0,0.0,100.0,1.0
6961,G4,22,19,86.36363636363636,13.636363636363635,0.9130434782608696
6961,B8,22,0,0.0,100.0,0.9130434782608696
6961,B4,22,0,0.0,100.0,0.9130434782608696
6961,B9,22,0,0.0,100.0,0.9130434782608696
7013,G4,16,14,87.5,12.5,0.75
7013,B8,16,0,0.0,100.0,0.75
7013,B4,16,0,0.0,100.0,0.75
7013,B9,16,0,0.0,100.0,0.75
7014,G4,21,15,71.42857142857143,28.57142857142857,0.8947368421052632
7014,B8,21,0,0.0,100.0,0.8947368421052632
7014,B4,21,0,0.0,100.0,0.8947368421052632
7014,B9,21,0,0.0,100.0,0.8947368421052632
7011,G4,33,28,84.84848484848484,15.151515151515152,0.9032258064516128
7011,B8,33,0,0.0,100.0,0.9032258064516128
7011,B4,33,0,0.0,100.0,0.9032258064516128
7011,B9,33,0,0.0,100.0,0.9032258064516128
