question,respostas,A2,A3,A4,A5,B4,B6,B8,B9,B10,B11,B12,C1,C2,C3,C4,C8,D4,E1,E2,G4,G5,H1,modulo,prova,assessment_title
1019,35,5,20,0,28,3,0,17,2,0,1,0,0,0,0,0,0,0,6,0,32,0,0,introducao a ciencia dos computadores,exam,Avaliação 01 - Variáveis e Estrutura Sequencial
1018,37,0,23,0,33,5,0,19,3,0,0,0,0,0,0,0,1,0,2,0,34,0,0,introducao a ciencia dos computadores,exam,Avaliação 01 - Variáveis e Estrutura Sequencial
1002,42,4,27,0,41,4,0,27,7,0,0,0,0,0,0,0,3,0,5,0,41,0,0,introducao a ciencia dos computadores,exam,Avaliação 01 - Variáveis e Estrutura Sequencial
1021,32,2,25,0,27,4,0,19,3,0,1,0,0,0,0,0,0,0,3,0,27,0,0,introducao a ciencia dos computadores,exam,Avaliação 01 - Variáveis e Estrutura Sequencial
1022,33,4,17,1,28,11,0,24,4,0,1,0,0,0,1,0,4,0,6,1,29,0,0,introducao a ciencia dos computadores,exam,Avaliação 01 - Variáveis e Estrutura Sequencial
1020,40,6,30,0,32,4,0,29,3,0,0,0,0,0,0,0,3,0,10,0,39,0,0,introducao a ciencia dos computadores,exam,Avaliação 01 - Variáveis e Estrutura Sequencial
1023,35,4,25,0,32,9,0,27,5,0,0,0,0,0,0,0,1,0,12,0,34,0,0,introducao a ciencia dos computadores,exam,Avaliação 01 - Variáveis e Estrutura Sequencial
1024,43,2,28,0,30,4,0,19,4,0,0,0,0,0,0,0,0,0,5,0,37,0,0,introducao a ciencia dos computadores,exam,Avaliação 01 - Variáveis e Estrutura Sequencial
1025,37,3,25,1,31,7,0,22,4,0,0,0,0,0,0,0,0,0,5,0,37,0,0,introducao a ciencia dos computadores,exam,Avaliação 01 - Variáveis e Estrutura Sequencial
1026,39,5,22,0,34,1,0,24,5,0,0,0,0,0,0,0,0,0,8,0,33,0,0,introducao a ciencia dos computadores,exam,Avaliação 01 - Variáveis e Estrutura Sequencial
1028,106,9,62,2,90,12,0,57,12,0,0,0,2,0,1,0,1,0,12,0,97,0,0,introducao a ciencia dos computadores,exam,Avaliação 01 - Variáveis e Estrutura Sequencial
1027,115,14,65,1,97,20,0,60,25,0,1,0,1,0,2,0,3,0,12,0,109,0,1,introducao a ciencia dos computadores,exam,Avaliação 01 - Variáveis e Estrutura Sequencial
1029,121,11,63,1,102,23,2,59,16,0,2,0,1,0,0,0,0,0,14,0,114,0,1,introducao a ciencia dos computadores,exam,Avaliação 01 - Variáveis e Estrutura Sequencial
1031,102,10,50,3,83,17,0,52,16,0,0,0,1,0,0,0,1,0,12,1,95,0,0,introducao a ciencia dos computadores,exam,Avaliação 01 - Variáveis e Estrutura Sequencial
1030,118,11,54,7,105,21,1,52,13,0,1,0,0,0,0,0,2,0,10,0,110,0,0,introducao a ciencia dos computadores,exam,Avaliação 01 - Variáveis e Estrutura Sequencial
1033,53,4,36,0,45,7,0,35,5,0,0,0,0,0,0,0,0,0,10,0,48,0,0,introducao a ciencia dos computadores,exam,Avaliação 01 - Variáveis e Estrutura Sequencial
1032,112,10,59,1,96,16,1,56,13,0,0,0,0,0,2,0,2,0,14,0,107,0,0,introducao a ciencia dos computadores,exam,Avaliação 01 - Variáveis e Estrutura Sequencial
1034,51,5,39,2,42,11,0,30,6,0,0,0,0,0,0,0,1,0,9,0,44,0,0,introducao a ciencia dos computadores,exam,Avaliação 01 - Variáveis e Estrutura Sequencial
1035,47,5,30,1,34,3,0,28,3,0,0,0,0,0,0,0,3,0,6,0,42,0,0,introducao a ciencia dos computadores,exam,Avaliação 01 - Variáveis e Estrutura Sequencial
1036,40,5,23,2,32,8,0,26,4,0,0,0,1,0,0,0,1,0,10,0,38,0,0,introducao a ciencia dos computadores,exam,Avaliação 01 - Variáveis e Estrutura Sequencial
1037,52,3,38,0,42,3,1,39,4,0,1,0,0,0,0,0,0,0,13,0,46,0,0,introducao a ciencia dos computadores,exam,Avaliação 01 - Variáveis e Estrutura Sequencial
1038,45,3,28,0,36,10,0,27,7,0,0,0,0,0,0,0,3,0,4,0,41,0,0,introducao a ciencia dos computadores,exam,Avaliação 01 - Variáveis e Estrutura Sequencial
1080,57,4,45,1,50,13,0,36,8,0,0,0,0,0,1,0,1,0,5,0,54,0,1,introducao a ciencia dos computadores,exam,Avaliação Parcial 02 – Estrutura Condicional Composta (sem Aninhamento)
1081,83,11,63,2,75,15,0,59,19,0,0,0,1,0,0,0,3,0,16,0,79,0,0,introducao a ciencia dos computadores,exam,Avaliação Parcial 02 – Estrutura Condicional Composta (sem Aninhamento)
1082,77,6,57,2,68,14,0,52,10,0,1,0,0,0,1,0,1,0,9,0,75,0,0,introducao a ciencia dos computadores,exam,Avaliação Parcial 02 – Estrutura Condicional Composta (sem Aninhamento)
1083,65,9,46,3,53,8,0,46,7,0,0,0,0,0,0,0,3,0,11,0,62,0,0,introducao a ciencia dos computadores,exam,Avaliação Parcial 02 – Estrutura Condicional Composta (sem Aninhamento)
1084,63,4,44,1,56,12,1,45,4,0,1,0,0,0,0,0,2,0,11,1,63,0,1,introducao a ciencia dos computadores,exam,Avaliação Parcial 02 – Estrutura Condicional Composta (sem Aninhamento)
1085,76,9,50,2,68,16,0,61,9,0,2,0,0,0,0,0,2,0,10,0,75,0,1,introducao a ciencia dos computadores,exam,Avaliação Parcial 02 – Estrutura Condicional Composta (sem Aninhamento)
1086,75,4,40,3,64,13,1,58,8,0,0,0,1,0,0,0,4,0,11,0,71,0,0,introducao a ciencia dos computadores,exam,Avaliação Parcial 02 – Estrutura Condicional Composta (sem Aninhamento)
1089,65,7,45,0,54,8,0,39,5,0,0,0,0,0,1,0,1,0,16,0,60,0,0,introducao a ciencia dos computadores,exam,Avaliação Parcial 02 – Estrutura Condicional Composta (sem Aninhamento)
1088,67,7,46,0,56,15,0,46,9,0,0,0,0,0,1,0,2,0,14,0,65,0,0,introducao a ciencia dos computadores,exam,Avaliação Parcial 02 – Estrutura Condicional Composta (sem Aninhamento)
1087,78,7,44,0,64,11,0,53,13,0,1,0,0,0,0,0,3,0,12,0,77,0,0,introducao a ciencia dos computadores,exam,Avaliação Parcial 02 – Estrutura Condicional Composta (sem Aninhamento)
1091,65,8,38,2,56,10,0,44,10,0,0,0,0,0,0,0,0,0,17,0,63,0,0,introducao a ciencia dos computadores,exam,Avaliação Parcial 02 – Estrutura Condicional Composta (sem Aninhamento)
1090,62,5,42,3,48,8,0,37,9,0,0,0,0,0,0,0,0,0,10,0,59,0,0,introducao a ciencia dos computadores,exam,Avaliação Parcial 02 – Estrutura Condicional Composta (sem Aninhamento)
1092,83,5,57,1,71,9,0,58,9,0,1,0,0,0,0,0,0,0,10,0,80,0,0,introducao a ciencia dos computadores,exam,Avaliação Parcial 02 – Estrutura Condicional Composta (sem Aninhamento)
1094,79,9,55,0,70,18,0,59,7,0,0,0,0,0,1,0,4,0,14,0,78,0,2,introducao a ciencia dos computadores,exam,Avaliação Parcial 02 – Estrutura Condicional Composta (sem Aninhamento)
1093,94,10,64,0,79,15,1,64,10,0,0,0,0,0,1,0,2,0,20,0,92,0,0,introducao a ciencia dos computadores,exam,Avaliação Parcial 02 – Estrutura Condicional Composta (sem Aninhamento)
1095,84,7,63,2,72,13,0,60,9,0,1,0,1,0,1,0,4,0,14,0,80,0,0,introducao a ciencia dos computadores,exam,Avaliação Parcial 02 – Estrutura Condicional Composta (sem Aninhamento)
1096,84,7,59,1,74,11,0,62,10,0,1,0,0,0,0,0,3,0,15,1,81,0,0,introducao a ciencia dos computadores,exam,Avaliação Parcial 02 – Estrutura Condicional Composta (sem Aninhamento)
1098,88,7,55,0,76,18,0,55,8,0,0,0,0,0,0,0,3,0,19,0,84,0,0,introducao a ciencia dos computadores,exam,Avaliação Parcial 02 – Estrutura Condicional Composta (sem Aninhamento)
1097,95,3,56,5,81,17,0,65,13,0,2,0,1,0,1,0,0,0,15,0,91,0,0,introducao a ciencia dos computadores,exam,Avaliação Parcial 02 – Estrutura Condicional Composta (sem Aninhamento)
1110,34,0,21,0,31,3,0,25,0,0,0,0,0,0,1,0,1,0,7,0,34,0,0,introducao a ciencia dos computadores,exam,Avaliação Parcial 03 – Estruturas Condicionais Encadeadas
1112,31,0,15,0,30,6,0,23,9,0,0,0,0,0,0,0,3,0,2,0,31,0,1,introducao a ciencia dos computadores,exam,Avaliação Parcial 03 – Estruturas Condicionais Encadeadas
1109,74,6,51,2,58,8,0,53,14,0,1,0,0,0,0,0,1,0,19,0,73,0,0,introducao a ciencia dos computadores,exam,TP 3 – Condicionais Encadeadas (if/elif)
1111,57,7,39,1,44,13,0,38,22,0,0,0,0,0,1,0,1,0,11,0,56,0,0,introducao a ciencia dos computadores,exam,TP 2 - Condicional Simples e Composta (if/else)
1114,73,5,41,0,68,13,0,58,10,0,1,0,0,0,0,0,1,0,13,0,71,0,0,introducao a ciencia dos computadores,exam,TP 3 – Condicionais Encadeadas (if/elif)
1113,63,7,49,1,55,8,0,49,6,0,1,0,0,0,0,0,1,0,14,0,62,0,0,introducao a ciencia dos computadores,exam,TP 3 – Condicionais Encadeadas (if/elif)
1116,34,0,22,0,31,10,0,22,0,0,0,0,0,0,0,0,0,0,0,0,32,0,0,introducao a ciencia dos computadores,exam,Avaliação Parcial 03 – Estruturas Condicionais Encadeadas
1115,84,10,58,3,76,16,0,59,1,0,0,0,0,0,0,0,2,0,16,0,82,0,0,introducao a ciencia dos computadores,exam,TP 3 – Condicionais Encadeadas (if/elif)
1117,56,4,40,3,48,14,0,34,1,0,2,0,1,0,0,0,4,0,12,0,55,0,0,introducao a ciencia dos computadores,exam,TP 3 – Condicionais Encadeadas (if/elif)
1118,56,1,28,0,53,0,0,31,7,0,2,0,0,0,0,0,1,0,2,0,43,0,0,introducao a ciencia dos computadores,exam,Avaliação Parcial 03– Estrutura Condicional Encadeada
1120,58,2,44,0,53,4,1,41,6,0,0,0,0,0,0,0,1,0,12,0,56,0,0,introducao a ciencia dos computadores,exam,TP 3 – Condicionais Encadeadas (if/elif)
1119,76,11,50,1,66,10,0,54,10,0,1,0,1,0,0,0,4,0,16,0,76,0,0,introducao a ciencia dos computadores,exam,TP 3 – Condicionais Encadeadas (if/elif)
1122,75,6,57,0,62,8,0,54,13,0,1,0,1,0,0,0,1,0,17,0,73,0,0,introducao a ciencia dos computadores,exam,TP 3 – Condicionais Encadeadas (if/elif)
1125,48,5,30,0,44,6,0,35,8,0,0,0,0,0,2,0,1,0,6,0,48,0,0,introducao a ciencia dos computadores,exam,TP 3 – Condicionais Encadeadas (if/elif)
1126,53,2,40,1,47,8,0,44,9,0,0,0,0,0,0,0,1,0,13,1,53,0,0,introducao a ciencia dos computadores,exam,TP 3 – Condicionais Encadeadas (if/elif)
1127,58,6,37,1,50,9,0,42,4,0,0,0,0,0,0,0,1,0,14,0,56,0,0,introducao a ciencia dos computadores,exam,TP 3 – Condicionais Encadeadas (if/elif)
1146,48,3,26,1,44,4,0,36,4,0,0,0,0,0,0,0,1,0,8,0,47,0,0,introducao a ciencia dos computadores,exam,TP 3 – Condicionais Encadeadas (if/elif)
1147,49,4,33,1,47,45,0,37,6,0,0,0,0,0,1,0,2,0,11,0,49,0,1,introducao a ciencia dos computadores,exam,TP 3 – Condicionais Encadeadas (if/elif)
1149,47,7,35,1,44,5,0,37,5,0,0,0,0,0,1,0,1,0,11,0,47,0,0,introducao a ciencia dos computadores,exam,TP 3 – Condicionais Encadeadas (if/elif)
1148,57,9,42,1,52,7,0,47,4,0,0,0,0,0,0,0,2,0,13,0,57,0,1,introducao a ciencia dos computadores,exam,TP 3 – Condicionais Encadeadas (if/elif)
1152,34,0,20,0,33,7,0,26,4,0,0,0,0,0,0,0,2,0,3,0,34,0,0,introducao a ciencia dos computadores,exam,Avaliação Parcial 04 – Estrutura de Repetição por Condição (while)
1153,23,0,11,0,21,5,0,15,1,0,0,0,0,0,0,0,2,0,0,0,23,0,0,introducao a ciencia dos computadores,exam,Avaliação Parcial 04 – Estrutura de Repetição por Condição (while)
1154,32,0,21,1,30,6,0,24,3,0,1,0,0,0,0,0,0,0,3,0,32,0,0,introducao a ciencia dos computadores,exam,Avaliação Parcial 04 – Estrutura de Repetição por Condição (while)
1155,29,1,14,0,26,3,0,21,3,0,0,0,0,0,0,0,0,0,5,0,28,0,1,introducao a ciencia dos computadores,exam,Avaliação Parcial 04 – Estrutura de Repetição por Condição (while)
1156,19,1,14,0,19,3,0,15,3,0,0,0,0,0,0,0,1,0,1,0,19,0,0,introducao a ciencia dos computadores,exam,Avaliação Parcial 04 – Estrutura de Repetição por Condição (while)
1159,26,0,15,1,24,3,0,22,3,0,0,0,0,0,0,0,0,0,3,0,26,0,0,introducao a ciencia dos computadores,exam,Avaliação Parcial 04 – Estrutura de Repetição por Condição (while)
1158,27,1,20,0,24,2,0,18,1,0,1,0,0,0,0,0,0,0,2,0,27,0,0,introducao a ciencia dos computadores,exam,Avaliação Parcial 04 – Estrutura de Repetição por Condição (while)
1157,32,0,19,0,30,3,0,19,2,0,0,0,0,0,0,0,1,0,3,0,31,0,0,introducao a ciencia dos computadores,exam,Avaliação Parcial 04 – Estrutura de Repetição por Condição (while)
1160,23,0,20,0,20,5,0,13,1,0,0,0,0,0,0,0,0,0,2,0,22,0,0,introducao a ciencia dos computadores,exam,Avaliação Parcial 04 – Estrutura de Repetição por Condição (while)
1162,22,1,18,0,22,2,0,16,2,0,0,0,0,0,1,0,0,0,3,0,22,0,0,introducao a ciencia dos computadores,exam,Avaliação Parcial 04 – Estrutura de Repetição por Condição (while)
1161,37,1,21,0,31,2,0,27,8,0,0,0,0,0,0,0,1,0,4,0,36,0,0,introducao a ciencia dos computadores,exam,Avaliação Parcial 04 – Estrutura de Repetição por Condição (while)
1163,26,1,19,0,25,6,0,14,1,0,0,0,0,0,0,0,0,0,3,0,26,0,0,introducao a ciencia dos computadores,exam,Avaliação Parcial 04 – Estrutura de Repetição por Condição (while)
1164,28,0,21,0,28,3,0,21,2,0,0,0,0,0,0,0,1,0,4,0,28,0,0,introducao a ciencia dos computadores,exam,Avaliação Parcial 04 – Estrutura de Repetição por Condição (while)
1165,22,2,13,1,20,5,0,14,2,0,1,0,0,0,1,0,0,0,3,0,22,0,0,introducao a ciencia dos computadores,exam,Avaliação Parcial 04 – Estrutura de Repetição por Condição (while)
1166,25,1,13,0,22,4,0,19,0,0,0,0,0,0,0,0,0,0,2,0,25,0,0,introducao a ciencia dos computadores,exam,Avaliação Parcial 04 – Estrutura de Repetição por Condição (while)
1168,19,0,11,0,18,3,0,13,3,0,0,0,0,0,0,0,0,0,0,0,18,0,0,introducao a ciencia dos computadores,exam,Avaliação Parcial 04 – Estrutura de Repetição por Condição (while)
1167,32,0,17,0,30,7,0,24,5,0,0,0,0,0,0,0,1,0,4,0,32,0,0,introducao a ciencia dos computadores,exam,Avaliação Parcial 04 – Estrutura de Repetição por Condição (while)
1169,23,1,13,0,22,3,0,17,0,0,0,0,0,0,0,0,2,0,2,0,23,0,0,introducao a ciencia dos computadores,exam,Avaliação Parcial 04 – Estrutura de Repetição por Condição (while)
1170,25,0,16,0,24,4,0,19,5,0,0,0,0,0,0,0,1,0,3,0,24,0,1,introducao a ciencia dos computadores,exam,Avaliação Parcial 04 – Estrutura de Repetição por Condição (while)
1171,20,2,15,0,20,4,0,16,2,0,0,0,0,0,0,0,0,0,3,0,20,0,0,introducao a ciencia dos computadores,exam,Avaliação Parcial 04 – Estrutura de Repetição por Condição (while)
1172,20,0,13,1,20,5,0,15,1,0,1,0,0,0,0,0,0,0,2,0,20,0,0,introducao a ciencia dos computadores,exam,Avaliação Parcial 04 – Estrutura de Repetição por Condição (while)
1173,17,0,12,0,15,2,0,9,1,0,0,0,0,0,0,0,2,0,1,0,17,0,0,introducao a ciencia dos computadores,exam,Avaliação Parcial 04 – Estrutura de Repetição por Condição (while)
1174,31,1,17,0,30,4,0,27,3,0,0,0,0,0,0,0,0,0,2,0,31,0,0,introducao a ciencia dos computadores,exam,Avaliação Parcial 04 – Estrutura de Repetição por Condição (while)
1192,23,1,14,0,23,4,0,16,2,0,0,0,0,0,0,0,0,0,3,0,23,0,0,introducao a ciencia dos computadores,exam,Avaliação Parcial 05 – Vetores e Strings
1175,34,0,22,0,31,5,0,25,6,0,0,0,0,0,0,0,0,0,2,0,34,0,0,introducao a ciencia dos computadores,exam,Avaliação Parcial 04 – Estrutura de Repetição por Condição (while)
1194,20,1,14,0,20,4,0,19,3,0,0,0,0,0,0,0,0,0,1,0,20,0,0,introducao a ciencia dos computadores,exam,Avaliação Parcial 05 – Vetores e Strings
1193,27,0,15,0,27,5,0,21,8,0,0,0,0,0,0,0,0,0,4,0,27,0,1,introducao a ciencia dos computadores,exam,Avaliação Parcial 05 – Vetores e Strings
1196,25,0,14,0,25,5,0,19,3,0,1,0,0,0,0,0,0,0,5,0,25,0,0,introducao a ciencia dos computadores,exam,Avaliação Parcial 05 – Vetores e Strings
1198,18,1,15,0,18,5,0,12,0,0,0,0,0,0,0,0,0,0,0,0,18,0,0,introducao a ciencia dos computadores,exam,Avaliação Parcial 05 – Vetores e Strings
1199,16,1,10,0,16,2,0,10,0,0,0,0,0,0,0,0,0,0,1,0,16,0,0,introducao a ciencia dos computadores,exam,Avaliação Parcial 05 – Vetores e Strings
1197,29,0,21,0,28,8,0,23,4,0,0,0,0,0,0,0,3,0,3,0,29,0,0,introducao a ciencia dos computadores,exam,Avaliação Parcial 05 – Vetores e Strings
1200,28,1,15,0,28,4,0,25,4,0,0,0,0,0,0,0,2,0,6,0,28,0,0,introducao a ciencia dos computadores,exam,Avaliação Parcial 05 – Vetores e Strings
1202,21,1,15,0,21,3,0,18,1,0,0,0,0,0,1,0,1,0,2,0,21,0,0,introducao a ciencia dos computadores,exam,Avaliação Parcial 05 – Vetores e Strings
1201,21,0,13,0,20,5,0,17,0,0,0,0,0,0,0,0,0,0,2,0,21,0,0,introducao a ciencia dos computadores,exam,Avaliação Parcial 05 – Vetores e Strings
1203,21,0,15,0,21,3,0,13,2,0,1,0,0,0,0,0,0,0,3,0,21,0,0,introducao a ciencia dos computadores,exam,Avaliação Parcial 05 – Vetores e Strings
1204,20,0,13,0,19,1,0,16,3,0,0,0,0,0,0,0,1,0,3,0,19,0,0,introducao a ciencia dos computadores,exam,Avaliação Parcial 05 – Vetores e Strings
1206,24,0,18,0,22,7,0,17,1,0,0,0,0,0,1,0,1,0,1,0,24,0,0,introducao a ciencia dos computadores,exam,Avaliação Parcial 05 – Vetores e Strings
1205,30,0,19,0,30,7,0,22,2,0,0,0,0,0,0,0,0,0,5,0,30,0,1,introducao a ciencia dos computadores,exam,Avaliação Parcial 05 – Vetores e Strings
1207,17,2,13,0,16,4,0,15,3,0,0,0,0,0,0,0,0,0,2,0,17,0,0,introducao a ciencia dos computadores,exam,Avaliação Parcial 05 – Vetores e Strings
1208,19,1,10,0,19,2,0,15,1,0,0,0,0,0,0,0,1,0,6,0,19,0,0,introducao a ciencia dos computadores,exam,Avaliação Parcial 05 – Vetores e Strings
1209,18,2,12,0,18,3,0,13,1,0,0,0,0,0,0,0,0,0,1,0,18,0,0,introducao a ciencia dos computadores,exam,Avaliação Parcial 05 – Vetores e Strings
1210,28,1,19,0,28,4,0,18,2,0,0,0,0,0,0,0,0,0,1,0,28,0,0,introducao a ciencia dos computadores,exam,Avaliação Parcial 05 – Vetores e Strings
1211,22,0,17,0,22,6,0,18,4,0,0,0,0,0,0,0,0,0,3,0,22,0,0,introducao a ciencia dos computadores,exam,Avaliação Parcial 05 – Vetores e Strings
1212,27,2,15,0,27,4,0,21,3,0,0,0,0,0,0,0,2,0,1,0,27,0,0,introducao a ciencia dos computadores,exam,Avaliação Parcial 05 – Vetores e Strings
1214,17,0,9,0,17,2,0,14,3,0,0,0,0,0,0,0,1,0,2,0,17,0,0,introducao a ciencia dos computadores,exam,Avaliação Parcial 05 – Vetores e Strings
1213,21,0,15,0,20,2,0,14,2,0,1,0,0,0,0,0,0,0,1,0,21,0,0,introducao a ciencia dos computadores,exam,Avaliação Parcial 05 – Vetores e Strings
1246,18,1,12,0,18,1,0,14,2,0,0,0,0,0,0,0,0,0,2,0,18,0,0,introducao a ciencia dos computadores,exam,Avaliação Parcial 06 – Repetição por contagem
1247,30,0,17,0,29,4,0,24,3,0,0,0,0,0,0,0,2,0,3,0,30,0,0,introducao a ciencia dos computadores,exam,Avaliação Parcial 06 – Repetição por contagem
1225,23,0,15,1,23,5,1,17,6,0,0,0,0,0,0,0,1,0,2,0,23,0,0,introducao a programacao de computadores,exam,TP 6: Estrutura de Repetição por Contagem (for)
1248,22,1,15,0,22,5,0,15,0,0,0,0,0,0,0,0,0,0,3,0,22,0,0,introducao a ciencia dos computadores,exam,Avaliação Parcial 06 – Repetição por contagem
1251,23,0,16,0,22,3,0,12,4,0,1,0,0,0,0,0,0,0,1,0,22,0,0,introducao a ciencia dos computadores,exam,Avaliação Parcial 06 – Repetição por contagem
1249,21,1,14,0,21,2,0,19,2,0,0,0,0,0,0,0,2,0,3,0,21,0,0,introducao a ciencia dos computadores,exam,Avaliação Parcial 06 – Repetição por contagem
1250,22,0,17,0,20,3,0,16,0,0,1,0,0,0,0,0,0,0,0,0,22,0,0,introducao a ciencia dos computadores,exam,Avaliação Parcial 06 – Repetição por contagem
1253,26,0,17,0,25,2,0,21,5,0,0,0,0,0,0,0,0,0,3,0,26,0,0,introducao a ciencia dos computadores,exam,Avaliação Parcial 06 – Repetição por contagem
1254,18,0,9,0,18,3,0,18,2,0,0,0,0,0,0,0,1,0,1,0,18,0,0,introducao a ciencia dos computadores,exam,Avaliação Parcial 06 – Repetição por contagem
1252,30,1,18,0,30,6,0,22,3,0,0,0,0,0,1,0,0,0,8,0,30,0,1,introducao a ciencia dos computadores,exam,Avaliação Parcial 06 – Repetição por contagem
1255,18,2,13,0,18,3,0,12,1,0,0,0,0,0,0,0,0,0,2,0,18,0,0,introducao a ciencia dos computadores,exam,Avaliação Parcial 06 – Repetição por contagem
1257,22,0,16,0,21,6,0,18,2,0,0,0,0,0,0,0,1,0,0,0,21,0,0,introducao a ciencia dos computadores,exam,Avaliação Parcial 06 – Repetição por contagem
1258,28,1,21,0,28,7,0,21,4,0,0,0,0,0,0,0,2,0,3,0,28,0,1,introducao a ciencia dos computadores,exam,Avaliação Parcial 06 – Repetição por contagem
1260,20,0,11,0,20,3,0,15,2,0,1,0,0,0,0,0,1,0,2,0,20,0,0,introducao a ciencia dos computadores,exam,Avaliação Parcial 06 – Repetição por contagem
1261,24,1,16,0,24,3,0,22,2,0,0,0,0,0,0,0,1,0,1,0,24,0,0,introducao a ciencia dos computadores,exam,Avaliação Parcial 06 – Repetição por contagem
1263,21,0,12,0,21,5,0,16,1,0,0,0,0,0,0,0,0,0,4,0,21,0,0,introducao a ciencia dos computadores,exam,Avaliação Parcial 06 – Repetição por contagem
1262,18,1,10,0,18,1,0,18,1,0,0,0,0,0,0,0,0,0,3,0,18,0,0,introducao a ciencia dos computadores,exam,Avaliação Parcial 06 – Repetição por contagem
1264,18,1,11,0,18,3,0,15,1,0,0,0,0,0,1,0,0,0,1,0,18,0,0,introducao a ciencia dos computadores,exam,Avaliação Parcial 06 – Repetição por contagem
1266,18,1,12,0,18,3,0,16,2,0,0,0,0,0,0,0,0,0,1,0,18,0,0,introducao a ciencia dos computadores,exam,Avaliação Parcial 06 – Repetição por contagem
1265,27,0,21,0,27,5,0,17,3,0,0,0,0,0,0,0,1,0,4,0,27,0,0,introducao a ciencia dos computadores,exam,Avaliação Parcial 06 – Repetição por contagem
1269,22,1,14,0,21,4,0,17,5,0,0,0,0,0,0,0,0,0,1,0,22,0,0,introducao a ciencia dos computadores,exam,Avaliação Parcial 06 – Repetição por contagem
1350,16,0,11,0,13,5,0,8,1,0,0,0,0,0,0,0,0,0,1,0,14,0,0,introducao a ciencia dos computadores,exam,TP 1: Variáveis e Estrutura Sequencial
1349,21,1,13,0,20,9,0,12,2,0,0,1,1,0,0,0,2,0,1,0,19,0,0,introducao a ciencia dos computadores,exam,TP 1: Variáveis e Estrutura Sequencial
1354,19,1,8,0,16,6,0,4,1,0,0,0,0,0,0,0,0,0,0,0,18,0,0,introducao a ciencia dos computadores,exam,TP 1: Variáveis e Estrutura Sequencial
1351,22,3,14,1,21,7,1,13,3,0,1,0,0,0,0,0,0,1,1,0,21,0,0,introducao a ciencia dos computadores,exam,TP 1: Variáveis e Estrutura Sequencial
1356,25,1,10,3,19,11,1,11,0,0,0,0,0,0,0,0,0,0,3,0,22,0,0,introducao a ciencia dos computadores,exam,TP 1: Variáveis e Estrutura Sequencial
1359,21,1,11,2,17,12,0,12,3,0,0,0,0,0,0,0,1,0,2,0,21,0,0,introducao a ciencia dos computadores,exam,TP 1: Variáveis e Estrutura Sequencial
1362,35,2,22,1,31,5,0,22,2,0,0,0,1,0,0,0,1,0,1,0,32,0,0,introducao a ciencia dos computadores,exam,TP 1: Variáveis e Estrutura Sequencial
1361,45,3,24,2,41,6,0,27,2,0,0,0,0,0,0,0,1,0,1,0,41,0,0,introducao a ciencia dos computadores,exam,TP 1: Variáveis e Estrutura Sequencial
1363,41,3,27,0,38,4,0,24,1,0,0,0,0,0,0,0,0,0,0,0,40,0,0,introducao a ciencia dos computadores,exam,TP 1: Variáveis e Estrutura Sequencial
1366,92,5,47,2,83,9,0,45,12,0,1,0,0,0,0,0,2,0,1,0,87,0,0,introducao a ciencia dos computadores,exam,TP 1: Variáveis e Estrutura Sequencial
1364,101,6,54,5,86,15,1,54,13,0,0,1,2,0,0,0,1,0,1,0,96,0,2,introducao a ciencia dos computadores,exam,TP 1: Variáveis e Estrutura Sequencial
1365,107,6,56,5,94,11,1,56,18,0,1,0,0,0,1,0,1,0,0,0,98,0,0,introducao a ciencia dos computadores,exam,TP 1: Variáveis e Estrutura Sequencial
1368,25,2,18,1,22,6,0,19,1,0,0,0,0,0,0,0,0,0,0,0,23,0,0,introducao a ciencia dos computadores,exam,TP 1: Variáveis e Estrutura Sequencial
1367,45,2,34,2,38,5,0,22,2,0,0,0,0,0,1,0,0,0,1,0,43,0,0,introducao a ciencia dos computadores,exam,TP 1: Variáveis e Estrutura Sequencial
1369,44,2,32,3,35,10,1,29,5,0,0,0,0,0,0,0,0,0,3,0,42,0,0,introducao a ciencia dos computadores,exam,TP 1: Variáveis e Estrutura Sequencial
1370,36,4,24,2,33,7,0,25,1,0,0,0,0,0,0,0,1,0,2,0,32,0,0,introducao a ciencia dos computadores,exam,TP 1: Variáveis e Estrutura Sequencial
1379,19,0,12,2,15,6,0,9,1,0,1,0,0,0,0,0,0,0,1,0,18,0,0,introducao a ciencia dos computadores,exam,TP 1: Variáveis e Estrutura Sequencial
1372,34,1,24,5,29,4,1,23,2,0,1,0,0,0,0,0,0,0,0,0,30,0,0,introducao a ciencia dos computadores,exam,TP 1: Variáveis e Estrutura Sequencial
1380,17,3,7,0,13,6,0,6,1,0,0,0,0,0,0,0,0,0,1,0,16,0,0,introducao a ciencia dos computadores,exam,TP 1: Variáveis e Estrutura Sequencial
1371,49,1,34,2,40,11,0,29,2,0,0,0,1,0,0,0,0,0,1,0,44,0,0,introducao a ciencia dos computadores,exam,TP 1: Variáveis e Estrutura Sequencial
1391,78,5,47,2,67,10,0,46,9,0,3,0,0,0,1,0,2,0,7,1,74,0,0,introducao a ciencia dos computadores,exam,TP 02:  Est. Condicional Simples e Composta (2019)
1390,114,14,77,9,100,38,1,78,20,0,2,0,1,0,3,0,4,0,7,0,110,0,0,introducao a ciencia dos computadores,exam,TP Substitutivo
1392,125,15,73,7,102,26,2,84,23,0,2,0,1,0,0,0,2,0,9,0,117,0,0,introducao a ciencia dos computadores,exam,TP Substitutivo
1393,102,7,64,1,82,21,0,67,22,0,0,0,0,0,0,0,5,2,14,0,98,0,0,introducao a ciencia dos computadores,exam,TP Substitutivo
1395,79,10,53,2,70,18,2,47,13,0,1,0,0,0,0,0,2,0,5,0,77,0,1,introducao a ciencia dos computadores,exam,TP 02:  Est. Condicional Simples e Composta
1394,105,9,72,4,87,22,0,56,17,0,0,0,0,0,0,0,3,0,8,0,102,0,0,introducao a ciencia dos computadores,exam,TP 02:  Est. Condicional Simples e Composta (2019)
1397,73,5,45,3,62,18,0,48,4,0,0,0,2,0,0,0,3,0,4,0,66,0,2,introducao a ciencia dos computadores,exam,TP 2 - Condicional Simples e Composta (if/else)
1396,122,18,78,4,99,30,0,73,25,0,0,0,4,0,0,0,1,0,12,0,117,0,1,introducao a ciencia dos computadores,exam,TP 02:  Est. Condicional Simples e Composta (2019)
1398,102,11,67,6,84,18,1,73,20,0,0,1,0,0,1,0,2,0,13,0,97,0,0,introducao a ciencia dos computadores,exam,TP 02:  Est. Condicional Simples e Composta (2019)
1400,58,2,45,2,53,2,1,41,6,0,1,0,0,0,0,0,0,0,1,0,57,0,0,introducao a ciencia dos computadores,exam,TP 2 - Condicional Simples e Composta (if/else)
1399,58,10,38,0,51,13,1,44,4,0,1,0,0,0,0,0,2,0,12,0,57,0,0,introducao a ciencia dos computadores,exam,TP 2 - Condicional Simples e Composta (if/else)
1402,43,2,31,3,40,14,0,28,2,0,0,0,1,0,0,0,1,0,1,0,42,0,1,introducao a ciencia dos computadores,exam,TP 2 - Condicional Simples e Composta (if/else)
1401,42,4,27,3,39,11,0,34,5,0,0,0,1,0,0,0,0,0,1,0,42,0,0,introducao a ciencia dos computadores,exam,TP 2 - Condicional Simples e Composta (if/else)
1405,41,3,28,3,35,13,0,26,2,0,0,0,0,0,0,0,1,0,1,0,38,0,0,introducao a ciencia dos computadores,exam,TP 2 - Condicional Simples e Composta (if/else)
1403,54,3,38,1,50,15,0,36,2,0,1,0,0,0,0,0,0,1,2,0,52,0,0,introducao a ciencia dos computadores,exam,TP 2 - Condicional Simples e Composta (if/else)
1404,42,3,32,3,37,5,0,28,2,0,0,0,0,0,1,0,1,0,1,0,41,0,0,introducao a ciencia dos computadores,exam,TP 2 - Condicional Simples e Composta (if/else)
1406,38,2,26,4,34,7,0,24,4,0,0,0,0,0,0,0,0,0,0,0,38,0,0,introducao a ciencia dos computadores,exam,TP 2 - Condicional Simples e Composta (if/else)
1407,49,2,37,4,47,12,1,41,6,0,0,0,0,0,0,0,0,0,3,0,49,0,0,introducao a ciencia dos computadores,exam,TP 2 - Condicional Simples e Composta (if/else)
1408,43,6,32,1,42,9,0,30,4,0,0,1,0,0,0,0,0,0,1,0,41,0,0,introducao a ciencia dos computadores,exam,TP 2 - Condicional Simples e Composta (if/else)
1418,16,2,13,5,15,10,0,12,1,0,0,0,0,0,0,0,2,0,1,0,16,0,0,introducao a ciencia dos computadores,exam,TP 2 - Condicional Simples e Composta (if/else)
1483,18,2,13,0,16,13,1,15,2,0,0,0,0,0,0,0,0,0,3,0,17,0,0,introducao a ciencia dos computadores,exam,Trabalho Prático 3: Estruturas Condicionais Encadeadas
1484,17,2,13,2,15,13,0,9,0,0,1,0,1,0,0,0,0,0,2,0,16,0,0,introducao a ciencia dos computadores,exam,Trabalho Prático 3: Estruturas Condicionais Encadeadas
1486,17,3,12,0,15,12,0,14,4,0,0,1,0,0,0,0,0,0,1,0,16,0,0,introducao a ciencia dos computadores,exam,Trabalho Prático 3: Estruturas Condicionais Encadeadas
1409,49,6,37,1,45,11,0,35,1,0,1,0,1,0,0,0,0,0,1,0,48,0,0,introducao a ciencia dos computadores,exam,TP 2 - Condicional Simples e Composta (if/else)
1488,17,5,16,2,17,10,0,15,4,0,0,0,0,0,0,0,1,0,0,0,17,0,0,introducao a ciencia dos computadores,exam,Trabalho Prático 03 - Estrutura Condicional Encadeada
1489,17,5,12,1,15,10,0,17,5,0,0,1,0,0,0,0,2,0,0,0,17,0,0,introducao a ciencia dos computadores,exam,Trabalho Prático 03 - Estrutura Condicional Encadeada
1490,19,4,15,5,19,9,0,16,4,0,0,0,0,0,0,0,1,0,2,0,19,0,0,introducao a ciencia dos computadores,exam,Trabalho Prático 03 - Estrutura Condicional Encadeada
1492,17,1,16,1,14,13,0,15,4,0,0,0,0,0,0,0,3,0,2,0,16,0,0,introducao a ciencia dos computadores,exam,Trabalho Prático 03 - Estrutura Condicional Encadeada
1491,25,4,19,1,23,13,3,22,4,0,0,0,1,0,0,0,0,0,2,0,25,0,0,introducao a ciencia dos computadores,exam,Trabalho Prático 03 - Estrutura Condicional Encadeada
1496,16,4,11,1,16,8,1,15,8,0,1,0,0,0,0,0,1,0,2,0,15,0,1,introducao a ciencia dos computadores,exam,Trabalho Prático 03 - Estrutura Condicional Encadeada
1495,19,3,16,1,19,11,0,17,3,0,0,0,0,0,0,0,0,0,0,0,19,0,0,introducao a ciencia dos computadores,exam,Trabalho Prático 03 - Estrutura Condicional Encadeada
1521,35,2,31,2,34,10,0,25,3,0,0,0,0,0,1,0,1,0,1,0,34,0,1,introducao a ciencia dos computadores,exam,Trabalho Prático 4: Estrutura de Repetição por Condição (while)
1523,38,4,29,1,37,11,0,34,3,0,0,0,0,0,1,0,0,0,2,0,38,0,0,introducao a ciencia dos computadores,exam,Trabalho Prático 4: Estrutura de Repetição por Condição (while)
1522,43,3,30,2,39,10,0,38,2,0,0,0,0,0,0,0,0,0,2,0,42,0,1,introducao a ciencia dos computadores,exam,Trabalho Prático 4: Estrutura de Repetição por Condição (while)
1524,35,1,23,2,32,8,1,23,2,0,0,0,1,0,0,0,0,0,0,0,34,0,1,introducao a ciencia dos computadores,exam,Trabalho Prático 4: Estrutura de Repetição por Condição (while)
1526,36,2,23,1,35,7,0,28,3,0,0,0,1,0,0,0,1,0,0,0,36,0,0,introducao a ciencia dos computadores,exam,Trabalho Prático 4: Estrutura de Repetição por Condição (while)
1525,36,3,27,3,34,5,0,26,7,0,0,0,1,0,0,0,0,0,1,0,35,0,0,introducao a ciencia dos computadores,exam,Trabalho Prático 4: Estrutura de Repetição por Condição (while)
1527,28,1,17,0,28,10,0,22,3,0,0,0,0,0,0,0,1,0,2,0,28,0,1,introducao a ciencia dos computadores,exam,Trabalho Prático 4: Estrutura de Repetição por Condição (while)
1528,38,2,28,1,37,9,1,30,4,0,1,0,1,0,0,0,3,0,2,0,37,0,0,introducao a ciencia dos computadores,exam,Trabalho Prático 4: Estrutura de Repetição por Condição (while)
1529,34,2,28,3,34,7,0,25,3,0,2,0,0,0,0,0,0,0,2,0,34,0,1,introducao a ciencia dos computadores,exam,Trabalho Prático 4: Estrutura de Repetição por Condição (while)
1530,47,3,35,1,44,5,2,37,2,0,1,0,0,0,0,0,0,0,1,0,47,0,0,introducao a ciencia dos computadores,exam,Trabalho Prático 4: Estrutura de Repetição por Condição (while)
1532,68,10,49,3,67,11,0,57,9,0,2,0,0,0,1,0,2,0,8,0,68,0,0,introducao a ciencia dos computadores,exam,Trabalho Prático 4: Estrutura de Repetição por Condição (while)
1531,82,11,60,5,81,18,0,66,8,0,0,0,0,0,0,0,0,0,14,0,82,0,0,introducao a ciencia dos computadores,exam,Trabalho Prático 4: Estrutura de Repetição por Condição (while)
1533,54,6,38,1,53,10,0,41,5,0,1,0,0,0,0,0,0,0,7,1,54,0,0,introducao a ciencia dos computadores,exam,Trabalho Prático 4: Estrutura de Repetição por Condição (while)
1534,55,4,39,3,54,15,1,47,4,0,0,0,0,0,0,0,2,0,6,0,55,0,0,introducao a ciencia dos computadores,exam,Trabalho Prático 4: Estrutura de Repetição por Condição (while)
1536,59,4,41,3,57,12,1,48,7,0,0,0,1,0,0,0,2,0,8,0,58,0,0,introducao a ciencia dos computadores,exam,Trabalho Prático 4: Estrutura de Repetição por Condição (while)
1535,79,12,59,1,73,15,0,60,10,0,0,1,0,0,1,0,3,0,8,0,79,0,0,introducao a ciencia dos computadores,exam,Trabalho Prático 4: Estrutura de Repetição por Condição (while)
1537,70,2,56,2,70,13,0,55,6,0,1,0,1,0,0,0,1,0,11,0,69,0,0,introducao a ciencia dos computadores,exam,Trabalho Prático 4: Estrutura de Repetição por Condição (while)
1538,57,8,40,0,55,12,0,43,9,0,0,0,0,0,0,0,3,0,6,0,56,0,2,introducao a ciencia dos computadores,exam,Trabalho Prático 4: Estrutura de Repetição por Condição (while)
1539,68,8,53,1,66,18,1,51,15,0,1,0,1,0,1,0,2,0,9,0,68,0,0,introducao a ciencia dos computadores,exam,Trabalho Prático 4: Estrutura de Repetição por Condição (while)
1540,72,8,52,1,69,10,1,53,7,0,2,0,0,0,0,0,2,1,4,0,71,0,0,introducao a ciencia dos computadores,exam,Trabalho Prático 4: Estrutura de Repetição por Condição (while)
1593,72,9,55,3,71,20,2,58,13,0,0,0,0,0,0,0,1,0,7,0,72,0,0,introducao a ciencia dos computadores,exam,Trabalho Prático 05: Vetores e Strings
1594,101,9,80,7,100,18,0,82,18,0,0,0,0,0,1,0,5,1,17,0,101,0,0,introducao a ciencia dos computadores,exam,Trabalho Prático 05: Vetores e Strings
1596,75,6,58,2,74,19,0,62,17,0,0,0,0,0,0,0,1,0,13,1,75,0,1,introducao a ciencia dos computadores,exam,Trabalho Prático 05: Vetores e Strings
1595,77,11,58,2,77,24,0,63,12,0,0,0,1,0,1,0,1,0,16,0,77,0,0,introducao a ciencia dos computadores,exam,Trabalho Prático 05: Vetores e Strings
1597,107,20,73,3,106,30,3,83,17,0,5,0,0,0,0,0,2,0,18,0,107,0,1,introducao a ciencia dos computadores,exam,TP Substitutivo
1598,119,11,91,5,119,37,0,97,21,0,0,0,3,0,1,0,5,0,19,0,119,0,1,introducao a ciencia dos computadores,exam,TP Substitutivo
1599,142,24,109,5,140,48,3,114,30,0,4,0,0,0,2,0,8,1,20,1,141,0,0,introducao a ciencia dos computadores,exam,TP Substitutivo
1600,112,19,80,3,111,34,1,92,34,0,1,0,1,0,2,0,5,0,13,0,111,0,0,introducao a ciencia dos computadores,exam,TP Substitutivo
1601,86,10,66,1,85,30,1,73,17,0,0,0,0,0,1,0,2,0,12,0,85,0,1,introducao a ciencia dos computadores,exam,Trabalho Prático 05: Vetores e Strings
1602,75,6,54,2,75,17,1,61,14,0,0,1,0,0,0,0,3,0,13,0,75,0,1,introducao a ciencia dos computadores,exam,Trabalho Prático 05: Vetores e Strings
1604,33,2,27,0,32,11,1,28,4,0,2,1,0,0,0,0,2,0,7,0,32,0,0,introducao a ciencia dos computadores,exam,Trabalho Prático 05: Vetores e Strings
1603,50,8,37,2,50,10,0,45,9,0,0,0,0,0,1,0,3,0,8,0,50,0,0,introducao a ciencia dos computadores,exam,Trabalho Prático 05: Vetores e Strings
1605,36,24,26,1,36,16,0,35,4,0,0,0,0,0,0,0,1,0,12,0,36,0,0,introducao a ciencia dos computadores,exam,Trabalho Prático 05: Vetores e Strings
1606,39,7,27,1,38,11,0,35,6,0,0,0,0,0,0,0,0,1,7,0,39,0,0,introducao a ciencia dos computadores,exam,Trabalho Prático 05: Vetores e Strings
1607,40,6,28,2,40,16,0,35,4,0,0,0,1,0,0,0,0,0,5,0,40,0,0,introducao a ciencia dos computadores,exam,Trabalho Prático 05: Vetores e Strings
1608,47,3,34,1,46,14,2,38,4,0,2,0,0,0,0,0,0,0,13,0,47,0,1,introducao a ciencia dos computadores,exam,Trabalho Prático 05: Vetores e Strings
1609,42,5,31,2,42,14,0,34,6,0,0,0,1,0,2,0,2,0,15,0,42,0,0,introducao a ciencia dos computadores,exam,Trabalho Prático 05: Vetores e Strings
1610,26,5,19,0,26,9,1,23,5,0,0,0,0,0,0,0,0,0,11,0,26,0,0,introducao a ciencia dos computadores,exam,Trabalho Prático 05: Vetores e Strings
1611,38,1,28,2,38,17,0,28,6,0,0,0,0,0,0,0,0,0,8,0,38,0,0,introducao a ciencia dos computadores,exam,Trabalho Prático 05: Vetores e Strings
1613,47,2,35,1,47,4,0,37,5,0,0,0,0,0,0,0,1,0,1,0,47,0,0,introducao a ciencia dos computadores,exam,Trabalho Prático 05: Vetores e Strings
1614,55,6,42,1,55,11,1,47,8,0,0,0,1,0,0,0,1,0,6,0,55,0,0,introducao a ciencia dos computadores,exam,Trabalho Prático 05: Vetores e Strings
1616,48,3,35,3,48,13,0,37,3,0,0,0,1,0,0,0,1,0,6,0,48,0,0,introducao a ciencia dos computadores,exam,Trabalho Prático 05: Vetores e Strings
1615,56,9,41,5,56,10,0,45,3,0,0,0,0,0,0,0,1,0,4,0,56,0,1,introducao a ciencia dos computadores,exam,Trabalho Prático 05: Vetores e Strings
1617,48,2,33,0,47,8,0,40,2,0,1,0,1,0,0,0,1,0,4,0,48,0,0,introducao a ciencia dos computadores,exam,Trabalho Prático 05: Vetores e Strings
1619,46,5,34,2,45,9,1,35,3,0,1,0,0,0,1,0,0,0,3,0,46,0,0,introducao a ciencia dos computadores,exam,Trabalho Prático 05: Vetores e Strings
1618,55,4,43,3,54,5,0,44,8,0,1,0,0,0,0,0,2,0,5,0,55,0,0,introducao a ciencia dos computadores,exam,Trabalho Prático 05: Vetores e Strings
1622,41,1,33,3,41,9,0,28,4,0,1,0,0,0,0,0,1,0,0,0,41,0,1,introducao a ciencia dos computadores,exam,Trabalho Prático 05: Vetores e Strings
1621,56,3,41,0,56,10,1,50,5,0,2,0,1,0,0,0,2,0,5,1,56,0,2,introducao a ciencia dos computadores,exam,Trabalho Prático 05: Vetores e Strings
1620,111,6,84,7,110,21,0,89,16,0,0,0,0,0,0,0,7,0,6,0,109,0,0,introducao a ciencia dos computadores,exam,Trabalho Prático 05: Vetores e Strings
1639,84,15,63,3,84,21,1,64,10,0,1,0,0,0,1,0,3,0,7,0,84,0,0,introducao a ciencia dos computadores,exam,Trabalho Prático 06 - Estrutura de Repetição por Contagem (for)
1640,121,21,92,7,120,43,1,96,20,0,1,0,0,0,1,0,5,0,8,0,120,0,0,introducao a ciencia dos computadores,exam,Trabalho Prático 06 - Estrutura de Repetição por Contagem (for)
1641,112,19,80,5,110,31,2,100,19,0,0,0,0,0,1,0,8,0,10,1,112,0,0,introducao a ciencia dos computadores,exam,Trabalho Prático 06 - Estrutura de Repetição por Contagem (for)
1642,189,19,140,9,188,69,1,167,36,0,1,0,2,0,1,0,10,1,8,0,189,0,4,introducao a ciencia dos computadores,exam,Trabalho Prático 06 - Estrutura de Repetição por Contagem (for)
1643,107,16,80,6,107,33,0,90,20,0,1,0,1,0,0,0,6,0,5,0,105,0,0,introducao a ciencia dos computadores,exam,Trabalho Prático 06 - Estrutura de Repetição por Contagem (for)
1644,121,18,82,5,119,41,0,110,27,0,2,0,1,0,1,0,6,0,9,0,120,0,4,introducao a ciencia dos computadores,exam,Trabalho Prático 06 - Estrutura de Repetição por Contagem (for)
1645,120,24,89,4,117,40,3,105,23,0,1,1,0,0,0,0,2,1,13,0,119,0,0,introducao a ciencia dos computadores,exam,Trabalho Prático 06 - Estrutura de Repetição por Contagem (for)
1646,121,23,81,5,120,34,2,109,21,0,1,0,2,0,0,0,8,0,11,0,121,0,1,introducao a ciencia dos computadores,exam,Trabalho Prático 06 - Estrutura de Repetição por Contagem (for)
1647,124,19,88,5,123,35,5,99,22,0,0,0,3,0,0,0,3,0,12,0,124,0,1,introducao a ciencia dos computadores,exam,Trabalho Prático 06 - Estrutura de Repetição por Contagem (for)
1649,123,17,89,5,122,28,0,104,10,0,0,0,2,0,2,0,2,0,8,0,122,0,0,introducao a ciencia dos computadores,exam,Trabalho Prático 06 - Estrutura de Repetição por Contagem (for)
1648,108,16,77,9,107,36,2,95,26,0,1,0,0,0,1,0,5,0,5,0,108,0,1,introducao a ciencia dos computadores,exam,Trabalho Prático 06 - Estrutura de Repetição por Contagem (for)
1650,101,16,82,9,101,26,2,85,23,0,2,1,0,0,0,0,4,0,10,0,101,0,0,introducao a ciencia dos computadores,exam,Trabalho Prático 06 - Estrutura de Repetição por Contagem (for)
1651,101,17,75,8,100,23,0,83,18,0,0,0,2,0,0,0,3,0,8,0,101,0,1,introducao a ciencia dos computadores,exam,Trabalho Prático 06 - Estrutura de Repetição por Contagem (for)
1652,94,12,71,4,93,28,2,79,8,0,0,0,0,0,1,0,3,0,8,0,93,0,1,introducao a ciencia dos computadores,exam,Trabalho Prático 06 - Estrutura de Repetição por Contagem (for)
1653,101,20,73,2,100,22,0,93,16,0,1,0,0,0,1,0,1,2,11,0,101,0,1,introducao a ciencia dos computadores,exam,Trabalho Prático 06 - Estrutura de Repetição por Contagem (for)
1654,111,10,80,2,110,29,2,94,20,0,0,0,1,0,1,0,3,0,13,0,111,0,0,introducao a ciencia dos computadores,exam,Trabalho Prático 06 - Estrutura de Repetição por Contagem (for)
1655,110,14,80,8,109,29,0,95,18,0,0,0,1,0,0,0,3,0,14,1,109,0,0,introducao a ciencia dos computadores,exam,Trabalho Prático 06 - Estrutura de Repetição por Contagem (for)
1656,113,16,86,2,112,38,0,101,20,0,1,0,1,0,1,0,4,0,9,0,112,0,1,introducao a ciencia dos computadores,exam,Trabalho Prático 06 - Estrutura de Repetição por Contagem (for)
1726,16,3,15,0,16,3,0,13,4,0,0,0,0,0,0,0,1,0,6,0,16,0,0,introducao a ciencia dos computadores,exam,Prova Final
1727,23,3,21,1,23,11,0,21,7,0,0,0,0,0,0,0,2,0,10,0,23,0,0,introducao a ciencia dos computadores,exam,Prova Final
1833,42,3,35,3,40,7,0,30,1,0,0,0,0,0,0,0,0,0,0,0,42,0,0,introducao a ciencia dos computadores,exam,Trabalho Prático 01: Variáveis e Estrutura Sequencial de Programação
1657,102,14,80,5,102,33,0,90,15,0,2,0,2,0,0,0,4,0,11,1,102,0,0,introducao a ciencia dos computadores,exam,Trabalho Prático 06 - Estrutura de Repetição por Contagem (for)
1658,111,16,79,5,111,25,1,100,14,0,0,0,0,0,0,0,4,0,6,0,111,0,0,introducao a ciencia dos computadores,exam,Trabalho Prático 06 - Estrutura de Repetição por Contagem (for)
1834,29,1,22,2,29,3,0,24,1,0,0,0,1,0,0,0,0,0,0,0,29,0,0,introducao a ciencia dos computadores,exam,Trabalho Prático 01: Variáveis e Estrutura Sequencial de Programação
1836,27,2,22,0,26,2,0,15,1,0,0,0,0,0,0,0,0,0,0,0,26,0,0,introducao a ciencia dos computadores,exam,Trabalho Prático 01: Variáveis e Estrutura Sequencial de Programação
1835,33,0,19,0,30,1,0,21,1,0,0,0,0,0,0,0,0,0,0,0,31,0,0,introducao a ciencia dos computadores,exam,Trabalho Prático 01: Variáveis e Estrutura Sequencial de Programação
1837,33,2,18,1,31,4,0,22,0,0,0,0,1,0,0,0,1,0,1,0,29,0,0,introducao a ciencia dos computadores,exam,Trabalho Prático 01: Variáveis e Estrutura Sequencial de Programação
1839,27,0,15,1,22,1,0,16,2,0,0,0,0,0,0,0,0,0,0,0,25,0,1,introducao a ciencia dos computadores,exam,Trabalho Prático 01: Variáveis e Estrutura Sequencial de Programação
1838,37,1,26,1,33,1,0,24,1,0,0,0,0,0,0,0,0,0,0,0,35,0,0,introducao a ciencia dos computadores,exam,Trabalho Prático 01: Variáveis e Estrutura Sequencial de Programação
1840,33,1,25,1,32,3,0,20,1,0,0,0,0,0,0,0,0,0,1,0,32,0,0,introducao a ciencia dos computadores,exam,Trabalho Prático 01: Variáveis e Estrutura Sequencial de Programação
1842,30,5,16,1,29,4,0,21,1,0,0,0,0,0,0,0,0,0,0,0,29,0,0,introducao a ciencia dos computadores,exam,Trabalho Prático 01: Variáveis e Estrutura Sequencial de Programação
1841,40,1,31,2,38,5,0,27,1,0,0,0,0,0,0,0,0,0,0,0,40,0,0,introducao a ciencia dos computadores,exam,Trabalho Prático 01: Variáveis e Estrutura Sequencial de Programação
1937,30,2,22,0,28,0,0,21,1,0,0,0,1,0,0,0,0,0,1,0,29,0,1,introducao a ciencia dos computadores,exam,Trabalho Prático 02 - Estrutura Condicional Simples e Composta
1938,25,1,20,0,24,3,0,20,1,0,0,0,0,0,0,0,0,0,0,0,25,0,0,introducao a ciencia dos computadores,exam,Trabalho Prático 02 - Estrutura Condicional Simples e Composta
1939,29,3,22,1,29,3,0,21,0,0,0,0,0,0,0,0,0,0,0,0,29,0,0,introducao a ciencia dos computadores,exam,Trabalho Prático 02 - Estrutura Condicional Simples e Composta
1940,26,1,22,2,26,2,0,16,1,0,0,0,0,0,0,0,0,0,0,0,26,0,0,introducao a ciencia dos computadores,exam,Trabalho Prático 02 - Estrutura Condicional Simples e Composta
1943,22,1,15,0,19,1,0,14,2,0,0,0,0,0,0,0,0,0,0,0,20,0,0,introducao a ciencia dos computadores,exam,Trabalho Prático 02 - Estrutura Condicional Simples e Composta
1942,28,2,23,1,27,2,0,20,0,0,0,0,0,0,0,0,0,0,0,0,27,0,0,introducao a ciencia dos computadores,exam,Trabalho Prático 02 - Estrutura Condicional Simples e Composta
1941,36,0,24,3,34,3,0,24,2,0,0,0,1,0,0,0,1,0,0,0,34,0,0,introducao a ciencia dos computadores,exam,Trabalho Prático 02 - Estrutura Condicional Simples e Composta
1944,28,0,15,1,27,3,0,22,0,0,0,0,0,0,0,0,0,0,1,0,27,0,0,introducao a ciencia dos computadores,exam,Trabalho Prático 02 - Estrutura Condicional Simples e Composta
1946,24,2,16,0,23,6,0,18,0,0,0,0,0,0,0,0,0,0,0,0,23,0,0,introducao a ciencia dos computadores,exam,Trabalho Prático 02 - Estrutura Condicional Simples e Composta
1945,37,2,28,0,36,3,0,28,1,0,0,0,0,0,0,0,0,0,0,0,37,0,0,introducao a ciencia dos computadores,exam,Trabalho Prático 02 - Estrutura Condicional Simples e Composta
1978,25,2,15,2,25,2,0,17,0,0,0,0,0,0,0,0,0,0,0,0,25,0,0,introducao a ciencia dos computadores,exam,Trabalho Prático 3: Estruturas Condicionais Encadeadas
1977,32,0,23,0,29,1,0,18,1,0,0,0,0,0,0,0,0,0,1,0,30,0,0,introducao a ciencia dos computadores,exam,Trabalho Prático 3: Estruturas Condicionais Encadeadas
1979,26,0,19,2,21,4,0,17,0,0,0,0,0,0,0,0,1,0,0,0,25,0,0,introducao a ciencia dos computadores,exam,Trabalho Prático 3: Estruturas Condicionais Encadeadas
1980,28,0,22,1,26,5,0,22,3,0,0,0,2,0,0,0,0,0,0,0,28,0,0,introducao a ciencia dos computadores,exam,Trabalho Prático 3: Estruturas Condicionais Encadeadas
1982,35,2,21,1,32,2,0,22,1,0,0,0,0,0,0,0,0,0,0,0,33,0,0,introducao a ciencia dos computadores,exam,Trabalho Prático 3: Estruturas Condicionais Encadeadas
1981,38,3,25,0,36,1,0,34,2,0,0,0,0,0,0,0,0,0,0,0,36,0,1,introducao a ciencia dos computadores,exam,Trabalho Prático 3: Estruturas Condicionais Encadeadas
1983,36,2,28,1,34,3,0,27,1,0,0,0,1,0,0,0,0,0,1,0,35,0,0,introducao a ciencia dos computadores,exam,Trabalho Prático 3: Estruturas Condicionais Encadeadas
1984,19,1,11,0,18,2,0,11,0,0,0,0,0,0,0,0,0,0,0,0,18,0,0,introducao a ciencia dos computadores,exam,Trabalho Prático 3: Estruturas Condicionais Encadeadas
1986,25,2,17,0,24,6,0,21,0,0,0,0,0,0,0,0,0,0,0,0,25,0,0,introducao a ciencia dos computadores,exam,Trabalho Prático 3: Estruturas Condicionais Encadeadas
1985,31,4,24,2,30,4,0,27,1,0,0,0,0,0,0,0,0,0,0,0,30,0,0,introducao a ciencia dos computadores,exam,Trabalho Prático 3: Estruturas Condicionais Encadeadas
1987,34,4,27,1,32,1,0,22,2,0,0,0,0,0,0,0,0,0,0,0,34,0,0,introducao a ciencia dos computadores,exam,Trabalho Prático 3: Estruturas Condicionais Encadeadas
1988,21,2,19,2,21,2,0,17,2,0,0,0,0,0,0,0,0,0,0,0,21,0,0,introducao a ciencia dos computadores,exam,Trabalho Prático 3: Estruturas Condicionais Encadeadas
1989,40,1,30,3,39,4,0,31,1,0,0,0,0,0,1,0,0,0,0,0,39,0,0,introducao a ciencia dos computadores,exam,Trabalho Prático 3: Estruturas Condicionais Encadeadas
1990,31,2,19,1,31,2,0,27,1,0,0,0,0,0,0,0,1,0,0,0,31,0,0,introducao a ciencia dos computadores,exam,Trabalho Prático 3: Estruturas Condicionais Encadeadas
1991,31,3,18,0,29,7,0,22,2,0,0,0,0,0,0,0,0,0,0,0,31,0,0,introducao a ciencia dos computadores,exam,Trabalho Prático 3: Estruturas Condicionais Encadeadas
1992,39,1,26,0,38,3,0,26,0,0,0,0,0,0,0,0,0,0,0,0,39,0,0,introducao a ciencia dos computadores,exam,Trabalho Prático 3: Estruturas Condicionais Encadeadas
1993,24,2,16,0,22,3,0,18,1,0,0,0,0,0,0,0,0,0,1,0,23,0,0,introducao a ciencia dos computadores,exam,Trabalho Prático 3: Estruturas Condicionais Encadeadas
1994,36,2,25,1,35,0,0,27,0,0,0,0,1,0,0,0,0,0,1,0,36,0,1,introducao a ciencia dos computadores,exam,Trabalho Prático 3: Estruturas Condicionais Encadeadas
1995,25,1,18,0,23,4,0,21,1,0,0,0,1,0,0,0,0,0,0,0,24,0,0,introducao a ciencia dos computadores,exam,Trabalho Prático 3: Estruturas Condicionais Encadeadas
1996,34,0,22,2,31,6,0,26,1,0,0,0,1,0,0,0,0,0,0,0,33,0,0,introducao a ciencia dos computadores,exam,Trabalho Prático 3: Estruturas Condicionais Encadeadas
2030,54,5,40,1,49,13,0,40,10,0,0,0,1,0,0,0,1,0,4,0,53,0,0,introducao a ciencia dos computadores,exam,Trabalho Prático 4: Estrutura de Repetição por Condição (while)
2032,56,7,38,1,55,9,1,43,5,0,0,0,0,0,0,0,1,0,6,1,55,0,0,introducao a ciencia dos computadores,exam,Trabalho Prático 4: Estrutura de Repetição por Condição (while)
2031,67,14,47,0,65,16,0,52,10,0,0,0,0,0,1,0,2,0,10,0,67,0,0,introducao a ciencia dos computadores,exam,Trabalho Prático 4: Estrutura de Repetição por Condição (while)
2033,31,6,22,0,31,6,0,26,4,0,0,0,0,0,0,0,1,0,6,0,31,0,0,introducao a ciencia dos computadores,exam,Trabalho Prático 4: Estrutura de Repetição por Condição (while)
2034,56,6,42,1,53,12,0,43,7,0,0,0,1,0,0,0,2,0,11,0,56,0,0,introducao a ciencia dos computadores,exam,Trabalho Prático 4: Estrutura de Repetição por Condição (while)
2035,60,2,40,2,58,10,0,47,4,0,0,0,0,0,0,0,2,0,4,0,59,0,1,introducao a ciencia dos computadores,exam,Trabalho Prático 4: Estrutura de Repetição por Condição (while)
2036,61,9,43,1,58,10,0,48,7,0,0,0,0,0,0,0,0,0,16,0,60,0,1,introducao a ciencia dos computadores,exam,Trabalho Prático 4: Estrutura de Repetição por Condição (while)
2037,57,15,36,2,55,9,0,48,8,0,0,0,0,0,1,0,0,0,11,0,57,0,0,introducao a ciencia dos computadores,exam,Trabalho Prático 4: Estrutura de Repetição por Condição (while)
2039,62,11,44,3,57,13,0,48,11,0,0,0,1,0,1,0,2,0,9,0,62,0,0,introducao a ciencia dos computadores,exam,Trabalho Prático 4: Estrutura de Repetição por Condição (while)
2121,31,2,23,0,31,2,0,27,3,0,0,0,0,0,0,0,0,0,0,0,31,0,0,introducao a ciencia dos computadores,exam,Trabalho Prático 5: Vetores e Strings
2038,75,10,55,4,71,17,0,60,4,0,2,1,0,0,0,0,2,1,8,0,75,0,0,introducao a ciencia dos computadores,exam,Trabalho Prático 4: Estrutura de Repetição por Condição (while)
2122,26,1,17,2,26,4,0,18,0,0,0,0,0,0,0,0,0,0,1,0,26,0,1,introducao a ciencia dos computadores,exam,Trabalho Prático 5: Vetores e Strings
2123,30,2,25,1,30,2,0,21,0,0,0,0,1,0,0,0,0,0,1,0,30,0,0,introducao a ciencia dos computadores,exam,Trabalho Prático 5: Vetores e Strings
2124,30,2,23,1,30,7,0,25,0,0,0,0,0,0,0,0,0,0,0,0,30,0,0,introducao a ciencia dos computadores,exam,Trabalho Prático 5: Vetores e Strings
2125,21,1,13,1,21,2,0,18,0,0,0,0,0,0,0,0,0,0,0,0,21,0,0,introducao a ciencia dos computadores,exam,Trabalho Prático 5: Vetores e Strings
2126,29,1,21,1,28,2,0,18,3,0,0,0,0,0,0,0,0,0,0,0,29,0,0,introducao a ciencia dos computadores,exam,Trabalho Prático 5: Vetores e Strings
2127,26,1,19,0,26,2,0,24,0,0,0,0,1,0,0,0,0,0,0,0,26,0,0,introducao a ciencia dos computadores,exam,Trabalho Prático 5: Vetores e Strings
2128,23,1,21,1,22,3,0,18,1,0,0,0,1,0,0,0,0,0,0,0,23,0,0,introducao a ciencia dos computadores,exam,Trabalho Prático 5: Vetores e Strings
2130,21,2,17,1,21,2,0,16,1,0,0,0,0,0,0,0,0,0,0,0,21,0,0,introducao a ciencia dos computadores,exam,Trabalho Prático 5: Vetores e Strings
2129,31,2,22,2,31,3,0,23,1,0,0,0,0,0,0,0,0,0,0,0,30,0,0,introducao a ciencia dos computadores,exam,Trabalho Prático 5: Vetores e Strings
2146,30,2,25,1,30,1,0,24,2,0,0,0,0,0,0,0,0,0,0,0,30,0,0,introducao a ciencia dos computadores,exam,Trabalho Prático 6: Repetição por Contagem
2147,24,2,15,1,24,3,0,18,0,0,0,0,0,0,0,0,0,0,0,0,24,0,0,introducao a ciencia dos computadores,exam,Trabalho Prático 6: Repetição por Contagem
2148,28,3,20,1,28,4,0,22,0,0,0,0,0,0,0,0,0,0,0,0,28,0,0,introducao a ciencia dos computadores,exam,Trabalho Prático 6: Repetição por Contagem
2149,23,0,15,0,23,1,0,19,0,0,0,0,1,0,0,0,0,0,1,0,23,0,0,introducao a ciencia dos computadores,exam,Trabalho Prático 6: Repetição por Contagem
2150,22,1,19,0,22,3,0,18,0,0,0,0,0,0,0,0,1,0,0,0,22,0,1,introducao a ciencia dos computadores,exam,Trabalho Prático 6: Repetição por Contagem
2152,25,1,19,1,25,4,0,21,0,0,0,0,0,0,0,0,0,0,0,0,25,0,0,introducao a ciencia dos computadores,exam,Trabalho Prático 6: Repetição por Contagem
2153,27,0,20,2,27,1,0,23,1,0,0,0,0,0,0,0,0,0,0,0,27,0,0,introducao a ciencia dos computadores,exam,Trabalho Prático 6: Repetição por Contagem
2154,19,1,16,1,19,2,0,14,0,0,0,0,0,0,0,0,0,0,1,0,18,0,0,introducao a ciencia dos computadores,exam,Trabalho Prático 6: Repetição por Contagem
2155,24,2,19,1,24,4,0,18,3,0,0,0,1,0,0,0,0,0,0,0,24,0,0,introducao a ciencia dos computadores,exam,Trabalho Prático 6: Repetição por Contagem
2429,38,4,27,2,31,6,0,30,5,0,0,0,1,0,0,0,2,0,8,0,36,0,0,introducao a ciencia dos computadores,exam,TP 1 - Variáveis e Estrutura Sequencial
2430,21,7,11,0,19,4,0,16,5,0,0,0,0,0,0,0,0,0,7,0,21,0,0,introducao a ciencia dos computadores,exam,TP 1 - Variáveis e Estrutura Sequencial
2431,29,5,21,2,23,6,0,20,6,0,0,0,0,0,0,0,0,0,10,0,28,0,0,introducao a ciencia dos computadores,exam,TP 1 - Variáveis e Estrutura Sequencial
2301,82,7,37,4,74,10,0,35,13,0,0,0,0,0,0,0,1,0,2,0,80,0,1,introducao a ciencia dos computadores,exam,TP 01: Variáveis e Estrutura Sequencial
2432,43,7,29,0,41,10,1,33,1,0,0,0,0,0,1,0,1,0,7,0,42,0,0,introducao a ciencia dos computadores,exam,TP 1 - Variáveis e Estrutura Sequencial
2433,33,5,24,1,27,4,0,25,3,0,0,0,0,0,0,0,1,0,14,0,32,0,1,introducao a ciencia dos computadores,exam,TP 1 - Variáveis e Estrutura Sequencial
2434,27,1,18,0,24,5,0,14,4,0,0,0,0,0,0,0,0,0,5,0,26,0,0,introducao a ciencia dos computadores,exam,TP 1 - Variáveis e Estrutura Sequencial
2435,29,4,26,0,25,7,0,21,5,0,0,0,0,0,0,0,0,0,6,0,28,0,0,introducao a ciencia dos computadores,exam,TP 1 - Variáveis e Estrutura Sequencial
2437,43,4,29,0,32,4,0,31,5,0,1,0,1,0,0,0,2,0,12,0,38,0,0,introducao a ciencia dos computadores,exam,TP 1 - Variáveis e Estrutura Sequencial
2436,39,10,28,3,34,11,0,31,4,0,1,0,0,0,2,0,2,0,12,0,38,0,0,introducao a ciencia dos computadores,exam,TP 1 - Variáveis e Estrutura Sequencial
2438,31,3,21,0,27,2,0,19,4,0,0,0,0,0,0,0,2,0,8,1,31,0,0,introducao a ciencia dos computadores,exam,TP 1 - Variáveis e Estrutura Sequencial
2452,25,1,19,0,19,4,0,23,10,0,0,0,0,0,0,0,1,0,10,0,25,0,0,introducao a ciencia dos computadores,exam,TP 3 – Condicionais Encadeadas (if/elif)
2454,26,2,20,0,25,4,0,20,2,0,0,0,0,0,0,0,0,0,7,1,25,0,1,introducao a ciencia dos computadores,exam,TP 3 – Condicionais Encadeadas (if/elif)
2455,22,2,17,0,19,4,0,19,2,0,1,0,0,0,0,0,1,0,8,0,22,0,0,introducao a ciencia dos computadores,exam,TP 3 – Condicionais Encadeadas (if/elif)
2457,18,4,14,0,18,5,0,13,2,0,0,0,0,0,0,0,1,0,4,0,18,0,0,introducao a ciencia dos computadores,exam,TP 3 – Condicionais Encadeadas (if/elif)
2458,19,3,12,0,18,0,0,15,2,0,0,0,0,0,0,0,1,0,2,0,19,0,0,introducao a ciencia dos computadores,exam,TP 3 – Condicionais Encadeadas (if/elif)
2456,31,7,22,1,24,3,0,26,1,0,0,0,1,0,1,0,3,0,9,0,30,0,0,introducao a ciencia dos computadores,exam,TP 3 – Condicionais Encadeadas (if/elif)
2459,27,5,20,0,23,10,1,20,3,0,0,0,1,0,1,0,1,0,6,0,26,0,0,introducao a ciencia dos computadores,exam,TP 3 – Condicionais Encadeadas (if/elif)
2460,27,5,20,0,24,4,0,25,4,0,0,0,0,0,0,0,1,0,8,0,27,0,0,introducao a ciencia dos computadores,exam,TP 3 – Condicionais Encadeadas (if/elif)
2461,25,4,17,0,25,6,0,20,5,0,0,0,0,0,0,0,1,0,8,0,25,0,0,introducao a ciencia dos computadores,exam,TP 3 – Condicionais Encadeadas (if/elif)
2487,26,6,18,0,25,4,0,24,1,0,0,0,0,0,1,0,1,0,18,0,26,0,0,introducao a ciencia dos computadores,exam,TP 3 – Condicionais Encadeadas (if/elif)
2488,25,6,19,1,25,8,0,21,9,0,0,0,0,0,0,0,0,0,6,0,25,0,0,introducao a ciencia dos computadores,exam,TP 3 – Condicionais Encadeadas (if/elif)
2489,28,3,17,0,24,6,0,20,2,0,0,0,0,0,0,0,1,0,8,1,27,0,0,introducao a ciencia dos computadores,exam,TP 3 – Condicionais Encadeadas (if/elif)
2531,23,4,21,0,19,4,0,17,1,0,0,0,0,0,0,0,1,0,7,0,22,0,0,introducao a ciencia dos computadores,exam,TP 4: Estrutura de Repetição por Condição (while)
2532,25,5,15,1,24,6,0,19,7,0,1,0,0,0,1,0,2,0,8,0,25,0,0,introducao a ciencia dos computadores,exam,TP 4: Estrutura de Repetição por Condição (while)
2530,30,3,19,0,30,4,0,24,5,0,1,0,0,0,1,0,2,0,7,0,30,0,0,introducao a ciencia dos computadores,exam,TP 4: Estrutura de Repetição por Condição (while)
2533,24,1,14,0,20,5,0,17,1,0,0,0,1,0,0,0,2,0,10,0,24,0,0,introducao a ciencia dos computadores,exam,TP 4: Estrutura de Repetição por Condição (while)
2535,21,7,9,0,20,4,0,18,4,0,0,0,0,0,0,0,0,0,14,0,21,0,0,introducao a ciencia dos computadores,exam,TP 4: Estrutura de Repetição por Condição (while)
2536,24,6,16,1,23,7,0,20,3,0,0,0,0,0,0,0,0,0,3,0,24,0,0,introducao a ciencia dos computadores,exam,TP 4: Estrutura de Repetição por Condição (while)
2539,25,5,22,0,24,4,0,20,4,0,0,0,0,0,0,0,0,0,11,0,24,0,0,introducao a ciencia dos computadores,exam,TP 4: Estrutura de Repetição por Condição (while)
2538,29,9,21,0,28,6,0,25,7,0,0,0,0,0,0,0,1,0,10,0,29,0,0,introducao a ciencia dos computadores,exam,TP 4: Estrutura de Repetição por Condição (while)
2537,34,5,29,1,31,6,0,25,6,0,0,0,0,0,0,0,0,0,9,1,33,0,0,introducao a ciencia dos computadores,exam,TP 4: Estrutura de Repetição por Condição (while)
2548,16,1,13,0,16,0,0,15,4,0,0,0,0,0,0,0,1,0,5,0,16,0,0,introducao a programacao de computadores,exam,TP 5: Vetores e Strings
2587,17,4,12,0,17,6,0,15,2,0,0,0,0,0,1,0,0,0,5,0,17,0,0,introducao a ciencia dos computadores,exam,Prova Final
2588,23,7,18,0,23,4,0,20,6,0,0,0,0,0,0,0,1,0,7,0,23,0,0,introducao a ciencia dos computadores,exam,TP 6: Estrutura de Repetição por Contagem (for)
2590,23,4,19,0,23,4,1,22,2,0,0,0,0,0,1,0,2,0,5,0,23,0,1,introducao a ciencia dos computadores,exam,Prova Final
2589,22,3,19,0,22,7,0,17,4,0,0,0,1,0,0,0,0,0,2,0,22,0,0,introducao a ciencia dos computadores,exam,Prova Final
2591,21,2,18,0,20,5,0,17,5,0,0,0,0,0,0,0,1,0,7,0,21,0,0,introducao a ciencia dos computadores,exam,Prova Final
2593,17,4,11,0,17,5,0,16,7,0,0,0,0,0,0,0,1,0,4,0,17,0,0,introducao a ciencia dos computadores,exam,Prova Final
2592,24,2,20,0,24,3,0,20,8,0,1,0,0,0,0,0,0,0,5,0,24,0,0,introducao a ciencia dos computadores,exam,Prova Final
2595,21,7,14,0,21,6,0,19,0,0,0,0,1,0,1,0,2,0,3,0,21,0,0,introducao a ciencia dos computadores,exam,Prova Final
2594,29,3,20,0,29,5,0,21,2,0,0,0,0,0,0,0,1,0,5,1,29,0,0,introducao a ciencia dos computadores,exam,Prova Final
2596,22,2,18,1,22,6,0,17,4,0,0,0,1,0,0,0,0,0,6,0,22,0,0,introducao a ciencia dos computadores,exam,Prova Final
2623,21,4,17,1,21,6,0,19,5,0,0,0,1,0,0,0,2,0,4,0,21,0,0,introducao a ciencia dos computadores,exam,Prova Final
2671,60,5,38,2,49,12,0,33,11,0,0,0,1,0,0,0,1,0,1,0,56,0,0,introducao a ciencia dos computadores,exam,TP 1: Variáveis e Estrutura Sequencial
2804,27,5,22,1,27,13,1,24,7,0,0,0,0,0,0,0,0,0,0,0,27,0,0,introducao a ciencia dos computadores,exam,TP 4: Estrutura de Repetição por Condição (while)
2672,85,6,46,1,77,17,1,51,22,0,0,0,1,0,1,0,1,0,4,0,83,0,0,introducao a ciencia dos computadores,exam,TP 1: Variáveis e Estrutura Sequencial
2673,82,11,44,0,70,14,0,40,19,0,0,0,0,0,1,0,4,1,4,0,76,0,0,introducao a ciencia dos computadores,exam,TP 1: Variáveis e Estrutura Sequencial
2826,32,6,20,0,32,13,0,28,15,0,0,0,0,0,0,0,0,0,1,0,32,0,0,introducao a ciencia dos computadores,exam,TP 05: Vetores e Strings
2827,43,9,28,1,43,12,0,34,7,0,0,0,0,0,0,0,4,0,4,0,43,0,1,introducao a ciencia dos computadores,exam,TP 05: Vetores e Strings
2844,43,8,31,1,43,11,2,36,16,0,0,0,1,0,0,0,2,0,1,0,43,0,0,introducao a ciencia dos computadores,exam,Prova Final
2846,67,16,46,3,66,24,1,62,15,0,0,1,1,0,0,0,5,0,2,0,67,0,0,introducao a ciencia dos computadores,exam,Prova Final
2845,81,20,59,3,81,31,1,75,17,0,0,0,2,0,0,0,3,0,1,0,81,0,1,introducao a ciencia dos computadores,exam,Prova Final
2847,90,20,68,5,90,34,2,81,14,0,2,0,1,1,0,0,4,0,1,0,90,0,3,introducao a ciencia dos computadores,exam,Prova Final
2849,29,7,20,2,29,11,0,26,14,0,0,0,0,0,0,0,0,0,0,0,29,0,0,introducao a ciencia dos computadores,exam,TP Substitutivo
2850,31,9,24,1,30,15,0,29,5,0,0,0,0,0,3,0,1,0,1,0,31,0,0,introducao a ciencia dos computadores,exam,TP Substitutivo
2852,36,7,31,2,36,8,1,31,15,0,0,0,0,0,0,0,2,1,2,0,36,0,0,introducao a ciencia dos computadores,exam,TP Substitutivo
2853,22,2,16,0,22,11,3,19,8,0,0,0,0,0,0,0,1,1,3,0,22,0,0,introducao a ciencia dos computadores,exam,TP Substitutivo
2851,40,9,31,3,39,17,0,36,15,0,0,0,0,0,0,0,0,0,3,0,40,0,0,introducao a ciencia dos computadores,exam,TP Substitutivo
2918,27,1,23,4,22,4,0,12,1,0,1,0,0,0,0,0,0,0,0,0,25,0,0,introducao a ciencia dos computadores,exam,TP1: Variáveis e Estrutura Sequencial
2919,25,3,16,2,17,6,1,15,4,0,0,0,0,0,0,0,2,0,1,0,24,0,0,introducao a ciencia dos computadores,exam,TP1: Variáveis e Estrutura Sequencial
2920,30,0,24,2,26,2,0,18,3,0,0,0,0,0,0,0,1,0,1,0,29,0,0,introducao a ciencia dos computadores,exam,TP1: Variáveis e Estrutura Sequencial
2922,26,0,18,0,19,1,1,12,3,0,0,0,1,0,0,0,1,0,0,0,24,0,2,introducao a ciencia dos computadores,exam,TP1: Variáveis e Estrutura Sequencial
2921,33,1,26,0,30,5,0,21,8,0,1,0,0,0,0,0,1,0,1,0,32,0,0,introducao a ciencia dos computadores,exam,TP1: Variáveis e Estrutura Sequencial
2924,36,2,21,1,27,5,0,21,4,0,0,0,0,0,0,0,1,0,0,0,33,0,1,introducao a ciencia dos computadores,exam,TP1: Variáveis e Estrutura Sequencial
2925,23,1,16,2,18,1,0,11,3,0,1,0,0,0,0,0,1,0,1,0,20,0,1,introducao a ciencia dos computadores,exam,TP1: Variáveis e Estrutura Sequencial
2926,26,3,21,0,22,5,0,15,7,0,0,0,0,0,0,0,0,0,1,0,24,0,0,introducao a ciencia dos computadores,exam,TP1: Variáveis e Estrutura Sequencial
2927,31,2,23,2,19,3,0,15,1,0,0,0,0,0,1,0,1,0,0,0,28,0,0,introducao a ciencia dos computadores,exam,TP1: Variáveis e Estrutura Sequencial
2928,29,1,19,3,21,2,0,16,3,0,0,0,0,0,0,0,0,0,0,0,27,0,0,introducao a ciencia dos computadores,exam,TP1: Variáveis e Estrutura Sequencial
2930,28,1,17,0,23,2,0,18,5,0,0,0,0,0,0,0,1,0,0,0,25,0,0,introducao a ciencia dos computadores,exam,TP1: Variáveis e Estrutura Sequencial
2932,20,0,11,2,14,1,0,10,0,0,0,0,0,0,0,0,0,0,0,0,20,0,0,introducao a ciencia dos computadores,exam,TP1: Variáveis e Estrutura Sequencial
2931,22,0,11,0,19,5,0,15,3,0,0,0,0,0,0,0,1,0,0,0,20,0,0,introducao a ciencia dos computadores,exam,TP1: Variáveis e Estrutura Sequencial
2934,18,0,13,2,13,0,0,9,2,0,1,0,0,0,0,0,1,0,0,0,15,0,0,introducao a ciencia dos computadores,exam,TP1: Variáveis e Estrutura Sequencial
2935,19,0,13,0,15,0,0,10,1,0,0,0,0,0,0,0,3,0,0,0,19,0,0,introducao a ciencia dos computadores,exam,TP1: Variáveis e Estrutura Sequencial
2938,28,0,9,1,25,0,0,4,0,0,0,0,0,0,0,0,0,0,0,0,26,0,0,introducao a ciencia dos computadores,exam,TP 01: Variáveis e Estrutura Sequencial (2019)
2946,18,1,13,0,15,2,0,6,2,0,0,0,0,0,1,0,0,0,0,0,18,0,0,introducao a programacao de computadores,exam,TP1: Variáveis e Estrutura Sequencial
2966,28,3,22,2,24,5,1,18,2,0,0,0,0,0,0,0,1,0,2,0,27,0,1,introducao a ciencia dos computadores,exam,TP2 - Estrutura Condicional Simples e Composta
2969,23,0,14,1,14,2,0,12,2,0,0,0,0,0,0,0,1,0,0,0,22,0,0,introducao a ciencia dos computadores,exam,TP2 - Estrutura Condicional Simples e Composta
2967,42,6,30,1,39,9,0,30,10,0,1,0,0,0,0,0,2,1,2,0,41,0,0,introducao a ciencia dos computadores,exam,TP 02:  Est. Condicional Simples e Composta
2971,23,2,18,2,17,2,0,13,2,0,0,0,0,0,0,0,1,0,0,0,22,0,0,introducao a ciencia dos computadores,exam,TP2 - Estrutura Condicional Simples e Composta
2970,38,1,28,0,34,10,0,27,7,0,2,0,1,0,0,0,0,0,1,0,37,0,0,introducao a ciencia dos computadores,exam,TP 02:  Est. Condicional Simples e Composta
2972,30,2,20,1,25,3,0,21,7,0,0,0,0,0,0,0,0,0,2,0,29,0,0,introducao a ciencia dos computadores,exam,TP 02:  Est. Condicional Simples e Composta
2974,27,2,19,0,23,6,1,18,2,0,0,0,1,0,0,0,1,0,0,0,26,0,1,introducao a ciencia dos computadores,exam,TP2 - Estrutura Condicional Simples e Composta
2973,48,5,32,2,44,11,0,35,13,0,0,0,0,0,1,0,3,0,1,0,45,0,1,introducao a ciencia dos computadores,exam,TP 02:  Est. Condicional Simples e Composta
2975,22,2,18,2,17,1,0,12,3,0,0,0,0,0,0,0,0,0,1,0,21,0,1,introducao a ciencia dos computadores,exam,TP2 - Estrutura Condicional Simples e Composta
2968,98,18,67,4,85,29,1,77,12,0,2,0,3,0,0,0,2,0,2,0,93,0,0,introducao a ciencia dos computadores,exam,TP 02:  Est. Condicional Simples e Composta
3032,52,11,44,2,52,11,0,45,28,0,1,0,0,0,0,0,6,0,0,0,52,0,0,introducao a ciencia dos computadores,exam,TP3: Est. Condicional Encadeada
3031,69,10,48,6,65,14,0,56,31,0,2,0,0,1,0,0,2,0,0,0,69,0,0,introducao a ciencia dos computadores,exam,TP Substitutivo
3034,21,1,13,1,18,5,0,16,2,0,0,0,0,0,1,0,1,0,0,0,18,0,0,introducao a ciencia dos computadores,exam,TP3 e TP4 - Condicional e Repetição (while) (P)
3033,59,8,46,2,53,13,0,48,21,0,0,0,0,0,1,0,6,0,1,0,59,0,1,introducao a ciencia dos computadores,exam,TP Substitutivo
3035,36,4,28,1,35,7,1,27,6,0,0,0,0,0,0,0,1,0,1,0,36,0,0,introducao a ciencia dos computadores,exam,TP3: Est. Condicional Encadeada
3036,55,5,35,3,48,10,0,48,15,0,1,0,0,0,0,0,2,0,0,0,54,0,2,introducao a ciencia dos computadores,exam,TP Substitutivo
3037,52,9,38,2,49,11,0,43,15,0,1,0,0,0,0,0,0,0,1,0,51,0,0,introducao a ciencia dos computadores,exam,TP Substitutivo
3039,31,1,18,0,28,10,1,24,2,0,1,0,0,0,0,0,1,0,2,0,30,0,1,introducao a ciencia dos computadores,exam,TP3 e TP4 - Condicional e Repetição (while) (P)
3051,19,3,14,1,17,6,0,16,5,0,0,0,0,0,0,0,1,0,0,0,18,0,0,introducao a ciencia dos computadores,exam,Prova Final
3038,57,7,39,2,54,9,1,46,13,0,0,0,1,0,0,0,4,0,1,0,55,0,0,introducao a ciencia dos computadores,exam,TP Substitutivo
3054,17,1,9,0,16,0,0,12,3,0,0,0,0,0,0,0,0,0,0,0,16,0,0,introducao a ciencia dos computadores,exam,TP3 e TP4 - Condicional e Repetição (while) (P)
3058,16,3,12,1,14,2,0,13,4,0,0,0,0,0,0,0,1,0,0,0,16,0,0,introducao a ciencia dos computadores,exam,TP3 e TP4 - Condicional e Repetição (while) (P)
3060,16,0,12,0,14,2,0,10,2,0,0,0,0,0,0,0,0,0,0,0,16,0,0,introducao a ciencia dos computadores,exam,TP3 - Estrutura Condicional Encadeada
3062,18,1,13,0,17,3,1,14,1,0,2,0,0,0,0,0,2,0,0,0,18,0,0,introducao a ciencia dos computadores,exam,TP3 - Estrutura Condicional Encadeada
3063,26,3,23,0,24,3,0,20,9,0,0,0,0,0,0,0,2,0,1,0,25,0,0,introducao a ciencia dos computadores,exam,TP3 - Estrutura Condicional Encadeada
3064,17,0,14,1,14,3,0,13,2,0,1,0,0,0,0,0,0,0,0,0,15,0,1,introducao a ciencia dos computadores,exam,TP3 - Estrutura Condicional Encadeada
3041,63,5,49,5,57,9,0,51,13,0,0,0,0,0,1,0,4,0,0,0,61,0,0,introducao a ciencia dos computadores,exam,TP Substitutivo
3066,16,3,14,1,14,1,0,9,3,0,0,0,0,0,0,0,1,0,2,0,15,0,1,introducao a ciencia dos computadores,exam,TP3 - Estrutura Condicional Encadeada
3065,18,1,14,1,18,8,0,14,2,0,0,0,0,0,0,0,1,0,1,0,18,0,1,introducao a ciencia dos computadores,exam,TP3 - Estrutura Condicional Encadeada
3068,21,0,14,2,20,4,0,14,3,0,1,0,0,0,0,0,1,0,2,0,20,0,0,introducao a ciencia dos computadores,exam,TP3 - Estrutura Condicional Encadeada
3069,24,3,20,2,21,5,0,14,2,0,0,0,0,0,1,0,1,0,0,0,23,0,0,introducao a ciencia dos computadores,exam,TP3 - Estrutura Condicional Encadeada
3087,23,0,16,0,22,7,1,20,3,0,1,0,1,0,0,0,1,0,0,0,23,0,1,introducao a ciencia dos computadores,exam,TP4: Estrutura de Repetição por Condição (while)
3088,21,1,18,1,19,5,0,14,4,0,1,0,0,0,0,0,0,0,0,0,20,0,1,introducao a ciencia dos computadores,exam,TP4: Estrutura de Repetição por Condição (while)
3092,17,2,13,0,15,3,0,9,2,0,0,0,0,0,0,0,0,0,0,0,17,0,0,introducao a ciencia dos computadores,exam,TP4: Estrutura de Repetição por Condição (while)
3091,18,1,16,3,18,2,1,13,4,0,0,0,0,0,0,0,2,0,0,0,18,0,0,introducao a ciencia dos computadores,exam,TP4: Estrutura de Repetição por Condição (while)
3089,26,5,18,3,24,1,0,20,4,0,0,0,0,0,0,0,0,0,2,0,26,0,0,introducao a ciencia dos computadores,exam,TP4: Estrutura de Repetição por Condição (while)
3095,19,0,12,0,19,2,0,14,5,0,1,0,0,0,0,0,0,0,0,0,19,0,0,introducao a ciencia dos computadores,exam,TP4: Estrutura de Repetição por Condição (while)
3093,19,0,14,0,19,3,0,15,3,0,1,0,0,0,0,0,1,0,1,0,19,0,0,introducao a ciencia dos computadores,exam,TP4: Estrutura de Repetição por Condição (while)
3096,19,2,13,1,19,4,0,16,2,0,0,0,0,0,1,0,0,0,1,0,19,0,0,introducao a ciencia dos computadores,exam,TP4: Estrutura de Repetição por Condição (while)
3097,18,2,13,1,17,4,0,15,3,0,0,0,0,0,0,0,3,0,1,0,18,0,1,introducao a ciencia dos computadores,exam,TP4: Estrutura de Repetição por Condição (while)
3123,26,2,19,0,26,3,0,23,3,0,1,0,0,0,0,0,1,0,1,0,26,0,0,introducao a ciencia dos computadores,exam,Prova Final
3124,40,4,33,1,39,15,0,31,12,0,0,0,0,0,1,0,0,0,1,0,40,0,0,introducao a ciencia dos computadores,exam,Prova Final
3134,30,4,23,1,30,3,0,25,7,0,0,0,0,0,0,0,1,0,2,0,30,0,0,introducao a ciencia dos computadores,exam,Prova Final
3135,17,1,12,0,17,3,1,13,3,0,1,0,1,0,0,0,0,0,0,0,17,0,0,introducao a ciencia dos computadores,exam,Prova Final
3138,25,0,16,0,24,5,0,20,2,0,1,0,0,0,0,0,1,0,0,0,25,0,1,introducao a ciencia dos computadores,exam,Prova Final
3137,38,1,29,1,37,14,0,25,9,0,0,0,0,0,0,0,3,0,0,0,38,0,2,introducao a ciencia dos computadores,exam,Prova Final
3136,42,7,29,3,42,10,2,33,17,0,1,0,0,0,1,0,1,0,3,0,42,0,0,introducao a ciencia dos computadores,exam,Prova Final
3139,31,0,23,2,30,5,1,23,3,0,0,0,0,0,0,0,0,0,0,0,31,0,0,introducao a ciencia dos computadores,exam,Prova Final
3140,24,2,18,1,24,4,0,16,3,0,0,0,0,0,0,0,2,0,0,0,24,0,0,introducao a ciencia dos computadores,exam,Prova Final
3176,35,2,25,1,35,7,0,26,5,0,2,0,0,0,0,0,1,0,1,0,35,0,1,introducao a ciencia dos computadores,exam,Prova Final
3177,30,3,24,2,30,6,1,23,1,0,0,0,0,0,1,0,2,0,0,0,30,0,0,introducao a ciencia dos computadores,exam,Prova Final
3141,44,7,28,0,44,9,2,36,11,0,1,0,0,0,0,0,1,0,1,0,44,0,0,introducao a ciencia dos computadores,exam,Prova Final
3178,19,2,12,0,19,4,0,12,4,0,0,0,0,0,0,0,0,0,1,0,19,0,0,introducao a ciencia dos computadores,exam,Prova Final
3179,29,0,24,2,29,5,0,25,4,0,0,0,0,0,0,0,1,0,0,0,29,0,2,introducao a ciencia dos computadores,exam,Prova Final
3181,22,3,12,0,22,4,0,21,5,0,0,0,0,0,0,0,0,0,0,0,22,0,0,introducao a ciencia dos computadores,exam,Prova Final
3180,42,7,31,0,41,10,1,35,6,0,0,0,0,0,0,0,2,0,1,0,42,0,0,introducao a ciencia dos computadores,exam,Prova Final
3182,18,1,14,1,18,0,0,13,5,0,0,0,0,0,0,0,2,0,0,0,18,0,0,introducao a ciencia dos computadores,exam,Prova Final
3184,26,4,16,0,25,5,0,25,4,0,0,0,0,0,0,0,1,0,1,0,26,0,2,introducao a ciencia dos computadores,exam,Prova Final
3185,23,1,18,1,23,7,0,21,8,0,0,0,0,0,0,0,1,0,1,0,23,0,0,introducao a ciencia dos computadores,exam,Prova Final
3183,34,4,26,3,34,4,2,24,8,0,0,0,1,0,0,0,3,0,1,0,34,0,0,introducao a ciencia dos computadores,exam,Prova Final
3229,37,0,31,0,37,9,0,32,8,0,0,0,0,0,0,0,3,0,0,0,37,0,0,introducao a ciencia dos computadores,exam,TP: Revisão
3368,35,2,17,1,29,5,0,23,7,0,0,0,0,0,1,0,3,0,1,0,33,0,0,introducao a ciencia dos computadores,exam,TP 02:  Est. Condicional Simples e Composta (2019)
3309,61,3,31,1,50,9,0,26,11,0,0,0,0,0,0,0,1,1,0,0,55,0,0,introducao a ciencia dos computadores,exam,TP 01: Variáveis e Estrutura Sequencial
3369,22,2,11,0,18,6,0,12,5,0,0,0,0,0,0,0,1,0,1,0,20,0,0,introducao a ciencia dos computadores,exam,TP 02:  Est. Condicional Simples e Composta (2019)
3370,22,0,15,1,15,1,0,10,3,0,0,0,0,0,0,0,0,0,0,0,20,0,0,introducao a ciencia dos computadores,exam,TP 02:  Est. Condicional Simples e Composta (2019)
3383,32,1,17,1,27,4,1,17,9,0,0,0,0,0,1,0,0,0,1,0,31,0,0,introducao a ciencia dos computadores,exam,TP 02:  Est. Condicional Simples e Composta (2019)
3384,28,0,12,0,23,4,0,16,6,0,0,0,0,0,0,0,2,0,0,0,27,0,0,introducao a ciencia dos computadores,exam,TP 02:  Est. Condicional Simples e Composta (2019)
3371,42,1,26,0,38,13,1,28,11,0,0,0,1,0,0,0,0,0,0,0,40,0,1,introducao a ciencia dos computadores,exam,TP 02:  Est. Condicional Simples e Composta (2019)
3385,29,1,17,3,26,4,1,15,10,0,0,0,0,0,0,0,1,0,0,0,27,0,0,introducao a ciencia dos computadores,exam,TP 02:  Est. Condicional Simples e Composta (2019)
3386,19,1,9,0,16,0,0,13,10,0,0,0,0,0,0,0,0,0,0,0,19,0,0,introducao a ciencia dos computadores,exam,TP 02:  Est. Condicional Simples e Composta (2019)
3387,28,1,20,0,24,4,0,14,9,0,0,0,0,0,0,0,2,0,1,0,26,0,0,introducao a ciencia dos computadores,exam,TP 02:  Est. Condicional Simples e Composta (2019)
3388,29,2,19,1,27,3,1,12,5,0,0,0,0,0,0,0,0,0,1,0,29,0,0,introducao a ciencia dos computadores,exam,TP 02:  Est. Condicional Simples e Composta (2019)
3524,23,5,17,1,23,6,0,16,7,0,0,0,1,0,0,0,2,0,2,0,23,0,0,introducao a ciencia dos computadores,exam,TP 04: Estrutura de Repetição por Condição
3525,20,4,14,0,20,7,1,17,10,0,0,0,0,0,1,0,0,0,3,0,20,0,0,introducao a ciencia dos computadores,exam,TP 04: Estrutura de Repetição por Condição
3527,18,2,14,0,18,5,0,12,6,0,0,0,0,0,0,0,0,0,1,0,18,0,0,introducao a ciencia dos computadores,exam,TP 04: Estrutura de Repetição por Condição
3526,29,3,22,3,29,5,2,25,12,0,0,0,1,0,0,0,1,0,0,0,29,0,0,introducao a ciencia dos computadores,exam,TP 04: Estrutura de Repetição por Condição
3581,21,7,17,2,21,8,0,19,8,0,0,0,1,0,0,0,0,0,0,0,20,0,0,introducao a ciencia dos computadores,exam,TP Substitutivo
3583,28,11,15,0,28,10,0,24,9,0,0,0,0,0,0,0,2,0,1,0,27,0,1,introducao a ciencia dos computadores,exam,TP Substitutivo
3582,33,5,16,0,33,9,0,32,8,0,0,0,2,0,0,0,0,0,1,0,33,0,0,introducao a ciencia dos computadores,exam,TP Substitutivo
3584,27,4,23,0,27,12,0,22,3,0,0,0,1,0,1,0,1,0,1,0,26,0,0,introducao a ciencia dos computadores,exam,TP Substitutivo
3587,71,40,54,5,71,17,1,66,13,0,1,0,0,0,1,0,6,0,2,0,71,0,0,introducao a ciencia dos computadores,exam,TP 05: Vetores e Strings
3588,73,47,47,3,71,19,1,65,21,0,1,0,1,0,0,0,6,0,1,0,73,0,1,introducao a ciencia dos computadores,exam,TP 05: Vetores e Strings
3586,88,17,62,6,86,31,0,79,21,0,1,0,1,0,0,0,2,1,0,0,87,0,0,introducao a ciencia dos computadores,exam,TP 05: Vetores e Strings
3591,80,4,69,1,80,46,1,72,19,0,1,0,1,0,0,0,1,0,0,0,80,0,1,introducao a ciencia dos computadores,exam,TP 05: Vetores e Strings
3590,91,22,63,7,90,67,0,87,22,0,0,0,1,0,0,0,11,0,0,0,90,0,1,introducao a ciencia dos computadores,exam,TP 05: Vetores e Strings
3589,90,8,66,5,88,24,4,81,10,1,0,0,2,0,0,0,5,1,1,0,89,0,1,introducao a ciencia dos computadores,exam,TP 05: Vetores e Strings
3679,19,8,15,0,19,5,0,17,3,0,0,0,1,0,0,0,1,0,1,0,19,0,0,introducao a ciencia dos computadores,exam,Prova Final
3592,29,14,21,1,28,6,0,26,9,0,0,0,1,0,0,0,0,0,1,0,28,0,1,introducao a ciencia dos computadores,exam,TP 05: Vetores e Strings
5019,18,4,13,0,15,7,0,15,8,0,0,0,0,0,0,0,1,0,1,0,18,0,0,introducao a ciencia dos computadores,exam,TP 03 – Condicionais Encadeadas (if/elif)
5162,28,1,15,0,23,6,1,17,8,0,0,0,0,0,0,0,0,0,2,0,26,0,0,introducao a ciencia dos computadores,exam,TP 01: Variáveis e Estrutura Sequencial
3593,80,7,64,7,78,50,0,73,19,0,0,0,0,0,0,0,1,0,1,0,77,0,1,introducao a ciencia dos computadores,exam,TP 05: Vetores e Strings
5163,79,17,59,5,72,30,1,66,20,0,1,0,0,0,0,0,4,0,0,0,78,0,0,introducao a ciencia dos computadores,exam,TP 1: Variáveis e Estrutura Sequencial
5164,82,15,59,3,71,27,0,63,23,1,1,0,1,0,2,0,6,1,2,0,80,0,2,introducao a ciencia dos computadores,exam,TP 1: Variáveis e Estrutura Sequencial
5165,74,12,52,3,68,33,1,67,17,0,1,0,0,0,1,0,2,0,3,0,72,0,1,introducao a ciencia dos computadores,exam,TP 1: Variáveis e Estrutura Sequencial
5166,92,18,64,9,88,27,3,71,21,0,1,0,2,0,0,0,5,0,2,0,91,0,0,introducao a ciencia dos computadores,exam,TP 1: Variáveis e Estrutura Sequencial
5167,82,15,56,0,81,19,0,60,21,0,1,0,0,0,0,0,4,0,0,0,81,0,1,introducao a ciencia dos computadores,exam,TP 1: Variáveis e Estrutura Sequencial
5168,89,8,57,6,81,27,1,61,17,0,1,0,0,0,0,0,1,1,2,0,84,0,2,introducao a ciencia dos computadores,exam,TP 1: Variáveis e Estrutura Sequencial
5170,64,11,46,2,57,21,0,47,15,0,0,0,1,0,1,0,0,0,1,0,59,0,0,introducao a ciencia dos computadores,exam,TP 1: Variáveis e Estrutura Sequencial
5169,86,15,54,4,81,25,0,68,31,0,1,0,1,1,0,0,3,0,2,0,85,0,0,introducao a ciencia dos computadores,exam,TP 1: Variáveis e Estrutura Sequencial
5188,59,10,44,1,55,20,0,48,14,0,1,0,0,0,0,0,3,0,2,0,59,0,0,introducao a ciencia dos computadores,exam,TP 02:  Est. Condicional Simples e Composta
5172,74,11,47,2,64,17,0,53,6,0,2,0,0,0,0,0,1,0,1,0,67,0,1,introducao a ciencia dos computadores,exam,TP 1: Variáveis e Estrutura Sequencial
5171,92,15,60,5,81,33,1,70,23,0,1,0,2,0,0,0,4,0,0,0,86,0,1,introducao a ciencia dos computadores,exam,TP 1: Variáveis e Estrutura Sequencial
5190,24,2,15,0,20,7,0,17,8,0,0,0,1,0,0,0,0,0,2,0,23,0,0,introducao a ciencia dos computadores,exam,TP 02:  Est. Condicional Simples e Composta
5193,24,1,19,1,22,7,2,20,10,0,0,0,0,0,0,0,0,0,0,0,24,0,0,introducao a ciencia dos computadores,exam,TP 02:  Est. Condicional Simples e Composta
5195,18,0,11,1,17,7,0,9,5,0,0,0,0,0,0,0,0,0,0,0,18,0,0,introducao a programacao de computadores,exam,TP 02:  Est. Condicional Simples e Composta
5194,28,6,16,0,24,4,0,15,8,0,0,0,1,0,0,0,2,0,1,0,28,0,0,introducao a ciencia dos computadores,exam,TP 02:  Est. Condicional Simples e Composta
5196,25,6,16,0,25,9,0,23,8,0,0,0,0,0,0,0,1,1,1,0,25,0,0,introducao a ciencia dos computadores,exam,TP 02:  Est. Condicional Simples e Composta
5231,21,5,18,1,20,5,1,15,4,0,1,0,1,0,0,0,0,0,0,0,21,0,0,introducao a ciencia dos computadores,exam,TP 03 – Condicionais Encadeadas (if/elif)
5197,36,7,26,1,33,11,0,30,12,0,1,0,1,0,3,0,2,0,1,0,34,0,0,introducao a ciencia dos computadores,exam,TP 02:  Est. Condicional Simples e Composta
5233,23,4,16,0,20,7,1,20,6,0,0,0,0,0,0,0,0,0,1,0,23,0,0,introducao a ciencia dos computadores,exam,TP 03 – Condicionais Encadeadas (if/elif)
5234,27,4,20,0,26,7,0,21,10,0,0,0,0,0,0,0,0,0,3,0,27,0,0,introducao a ciencia dos computadores,exam,TP 03 – Condicionais Encadeadas (if/elif)
5236,19,3,15,1,19,5,0,14,4,0,0,0,0,0,1,0,0,0,0,0,19,0,0,introducao a ciencia dos computadores,exam,TP 03 – Condicionais Encadeadas (if/elif)
5235,27,4,14,0,25,8,1,22,5,0,0,0,1,0,1,0,1,0,3,0,27,0,0,introducao a ciencia dos computadores,exam,TP 03 – Condicionais Encadeadas (if/elif)
5238,19,0,11,0,16,9,0,14,5,0,1,0,0,0,0,0,0,1,1,0,18,0,1,introducao a ciencia dos computadores,exam,TP 03 – Condicionais Encadeadas (if/elif)
5237,29,3,22,2,27,16,0,19,6,0,0,0,0,0,0,0,0,0,0,0,29,0,0,introducao a ciencia dos computadores,exam,TP 03 – Condicionais Encadeadas (if/elif)
5239,23,3,14,0,22,6,1,21,15,0,0,0,1,0,0,0,0,0,2,0,23,0,0,introducao a ciencia dos computadores,exam,TP 03 – Condicionais Encadeadas (if/elif)
5240,22,5,14,2,22,6,0,18,11,0,0,0,1,0,0,0,2,0,2,0,22,0,0,introducao a ciencia dos computadores,exam,TP 03 – Condicionais Encadeadas (if/elif)
5241,25,4,12,1,23,3,1,21,16,0,0,0,0,0,0,0,0,0,0,0,25,0,0,introducao a ciencia dos computadores,exam,TP 03 – Condicionais Encadeadas (if/elif)
5245,51,11,41,3,47,18,2,41,28,0,0,0,0,0,1,0,0,1,1,0,51,0,0,introducao a ciencia dos computadores,exam,TP 03 – Condicionais Encadeadas (if/elif)
5246,37,5,22,0,35,10,1,30,15,0,2,0,1,0,0,0,0,0,2,0,37,0,1,introducao a ciencia dos computadores,exam,TP 03 – Condicionais Encadeadas (if/elif)
5247,36,4,25,1,34,10,0,27,12,0,0,0,1,0,0,0,1,0,2,0,36,0,0,introducao a ciencia dos computadores,exam,TP 03 – Condicionais Encadeadas (if/elif)
5249,24,5,15,1,23,9,0,22,8,0,0,0,0,0,0,0,1,0,5,0,24,0,0,introducao a ciencia dos computadores,exam,TP 03 – Condicionais Encadeadas (if/elif)
5250,22,0,14,2,21,5,2,15,8,0,0,0,1,0,0,0,0,0,0,0,22,0,0,introducao a ciencia dos computadores,exam,TP 03 – Condicionais Encadeadas (if/elif)
5255,35,4,21,2,32,12,0,27,13,0,0,0,0,0,0,0,0,1,2,0,34,0,0,introducao a ciencia dos computadores,exam,TP 03 – Condicionais Encadeadas (if/elif)
5254,37,9,25,1,35,13,0,31,13,0,0,0,1,0,0,0,0,0,1,0,37,0,0,introducao a ciencia dos computadores,exam,TP 03 – Condicionais Encadeadas (if/elif)
5251,52,10,36,1,51,21,0,43,6,0,0,0,1,0,1,0,2,0,2,0,52,0,0,introducao a ciencia dos computadores,exam,TP 03 – Condicionais Encadeadas (if/elif)
5256,24,0,16,0,23,9,2,17,6,0,0,0,0,0,0,0,1,0,3,0,24,0,0,introducao a ciencia dos computadores,exam,TP 03 – Condicionais Encadeadas (if/elif)
5257,28,5,20,0,26,9,1,23,10,0,0,0,0,0,1,0,0,0,3,0,28,0,0,introducao a ciencia dos computadores,exam,TP 03 – Condicionais Encadeadas (if/elif)
5283,26,2,12,1,26,15,1,20,9,0,0,0,1,0,0,0,1,0,1,0,26,0,0,introducao a ciencia dos computadores,exam,TP 04: Estrutura de Repetição por Condição
5269,20,2,17,0,20,4,0,16,9,0,0,0,0,0,0,0,0,0,0,0,20,0,0,introducao a ciencia dos computadores,exam,TP 04: Estrutura de Repetição por Condição
5259,31,7,18,2,30,8,0,24,7,0,1,0,3,0,1,0,0,0,1,0,31,0,0,introducao a ciencia dos computadores,exam,TP 03 – Condicionais Encadeadas (if/elif)
5288,19,2,9,0,18,3,0,14,8,0,0,0,1,0,0,0,0,0,1,0,19,0,0,introducao a ciencia dos computadores,exam,TP 04: Estrutura de Repetição por Condição
5286,18,5,13,1,18,9,1,13,4,0,0,0,0,0,1,0,0,1,1,0,18,0,0,introducao a ciencia dos computadores,exam,TP 04: Estrutura de Repetição por Condição
5287,21,0,16,0,21,6,1,18,5,0,0,0,1,0,0,0,0,0,3,0,21,0,0,introducao a ciencia dos computadores,exam,TP 04: Estrutura de Repetição por Condição
5291,22,6,17,0,22,4,1,20,7,0,0,0,0,0,0,0,1,0,2,0,22,0,1,introducao a ciencia dos computadores,exam,TP 04: Estrutura de Repetição por Condição
5289,20,4,14,1,20,8,0,13,8,0,0,0,0,0,1,0,0,0,1,0,20,0,0,introducao a ciencia dos computadores,exam,TP 04: Estrutura de Repetição por Condição
5290,30,8,20,1,30,9,0,24,13,0,0,0,0,0,0,0,1,0,0,0,30,0,0,introducao a ciencia dos computadores,exam,TP 04: Estrutura de Repetição por Condição
5292,22,4,15,0,21,5,1,18,4,0,1,0,0,0,0,0,1,0,1,0,22,0,0,introducao a ciencia dos computadores,exam,TP 04: Estrutura de Repetição por Condição
5293,22,4,15,1,22,6,0,17,8,0,0,0,1,0,0,0,0,0,0,0,22,0,0,introducao a ciencia dos computadores,exam,TP 04: Estrutura de Repetição por Condição
5300,29,4,21,5,28,10,2,23,6,0,0,0,2,0,0,0,0,0,1,0,29,0,0,introducao a ciencia dos computadores,exam,TP Substitutivo
5302,16,2,10,0,15,4,0,13,6,0,0,0,0,0,1,0,0,0,0,0,16,0,0,introducao a ciencia dos computadores,exam,TP 04: Estrutura de Repetição por Condição
5301,21,1,19,1,21,7,1,18,4,0,0,0,0,0,0,0,0,0,1,0,21,0,0,introducao a ciencia dos computadores,exam,TP Substitutivo
5303,24,1,16,2,24,12,0,19,4,0,1,0,0,0,0,0,0,0,1,0,24,0,0,introducao a ciencia dos computadores,exam,TP Substitutivo
5304,21,6,16,0,21,6,0,17,10,0,0,0,1,0,0,0,1,1,1,0,21,0,0,introducao a ciencia dos computadores,exam,TP 04: Estrutura de Repetição por Condição
5306,16,2,9,0,16,6,0,12,4,0,0,0,0,0,0,0,0,0,0,0,16,0,0,introducao a ciencia dos computadores,exam,TP 04: Estrutura de Repetição por Condição
5307,17,4,12,0,16,8,0,16,4,0,0,0,1,0,0,0,1,0,1,0,17,0,1,introducao a ciencia dos computadores,exam,TP 04: Estrutura de Repetição por Condição
5308,19,5,10,0,18,6,1,15,4,0,0,0,0,0,0,0,0,0,0,0,19,0,0,introducao a ciencia dos computadores,exam,TP 04: Estrutura de Repetição por Condição
5309,18,5,11,0,18,4,1,17,5,0,1,0,0,0,0,0,0,0,1,0,18,0,0,introducao a ciencia dos computadores,exam,TP 04: Estrutura de Repetição por Condição
5312,20,4,12,0,20,7,0,18,8,0,0,0,0,0,0,0,1,0,1,0,20,0,0,introducao a ciencia dos computadores,exam,TP 04: Estrutura de Repetição por Condição
5310,22,4,15,0,22,8,0,16,9,0,0,0,0,0,1,0,0,0,1,0,22,0,0,introducao a ciencia dos computadores,exam,TP 04: Estrutura de Repetição por Condição
5311,23,3,17,1,23,8,2,20,7,0,1,0,0,0,1,0,0,0,0,0,23,0,1,introducao a ciencia dos computadores,exam,TP 04: Estrutura de Repetição por Condição
5313,16,6,9,0,16,3,0,15,5,0,0,0,0,0,0,0,1,0,2,0,16,0,0,introducao a ciencia dos computadores,exam,TP 04: Estrutura de Repetição por Condição
5367,19,1,16,0,19,4,1,9,5,0,0,0,0,0,1,0,0,0,0,0,19,0,0,introducao a ciencia dos computadores,exam,TP5: Vetores e Strings
5370,21,1,14,1,21,5,3,19,5,0,0,0,0,0,0,0,0,0,1,0,21,0,0,introducao a ciencia dos computadores,exam,TP5: Vetores e Strings
5369,26,3,16,0,26,12,1,20,8,0,0,0,0,0,0,0,0,0,1,0,26,0,0,introducao a ciencia dos computadores,exam,TP5: Vetores e Strings
5374,27,6,18,1,27,8,1,22,9,0,0,0,0,0,1,0,1,0,2,0,27,0,0,introducao a ciencia dos computadores,exam,TP Substitutivo
5382,19,3,12,1,19,7,0,16,7,0,0,0,0,0,0,0,0,0,0,0,19,0,0,introducao a ciencia dos computadores,exam,TP Substitutivo
5383,27,6,22,1,27,10,0,21,11,0,0,0,0,0,0,0,1,0,1,0,27,0,0,introducao a ciencia dos computadores,exam,TP Substitutivo
5384,20,2,15,0,20,7,0,15,9,0,0,0,0,0,1,0,1,0,1,0,20,0,0,introducao a ciencia dos computadores,exam,TP Substitutivo
5385,26,5,18,2,26,5,2,21,5,0,0,0,0,0,0,0,1,0,3,0,26,0,0,introducao a ciencia dos computadores,exam,TP Substitutivo
5387,18,3,11,0,18,7,0,12,7,0,1,0,1,0,0,0,0,0,0,0,18,0,0,introducao a ciencia dos computadores,exam,TP Substitutivo
5386,34,5,27,2,34,18,1,32,14,0,0,0,1,0,1,0,1,1,3,0,34,0,1,introducao a ciencia dos computadores,exam,TP Substitutivo
5389,24,6,15,2,24,4,1,22,12,0,0,0,0,0,0,0,0,0,0,0,24,0,0,introducao a ciencia dos computadores,exam,TP Substitutivo
5388,25,3,20,1,25,13,0,23,7,0,0,0,0,0,0,0,0,0,0,0,25,0,0,introducao a ciencia dos computadores,exam,TP Substitutivo
5390,23,4,15,0,23,3,0,20,7,0,0,0,1,0,0,0,2,0,0,0,23,0,0,introducao a ciencia dos computadores,exam,TP Substitutivo
5623,70,18,53,5,61,26,1,60,15,0,2,0,0,0,2,0,4,0,0,0,69,0,0,introducao a ciencia dos computadores,exam,TP 02:  Est. Condicional Simples e Composta
5625,62,14,47,3,58,22,1,52,14,0,0,0,1,1,0,0,3,0,1,0,60,0,0,introducao a ciencia dos computadores,exam,TP 02:  Est. Condicional Simples e Composta
5626,64,17,48,8,59,17,1,54,13,0,1,0,0,0,0,0,3,0,2,0,62,0,1,introducao a ciencia dos computadores,exam,TP 02:  Est. Condicional Simples e Composta
5930,54,12,39,2,54,26,1,48,16,0,0,0,0,0,0,0,2,0,0,0,53,0,1,introducao a ciencia dos computadores,exam,TP 1: Variáveis e Estrutura Sequencial
5929,73,13,46,5,69,24,0,57,17,0,0,0,0,0,0,0,2,0,0,0,69,0,0,introducao a ciencia dos computadores,exam,TP 1: Variáveis e Estrutura Sequencial
5931,60,13,43,6,51,16,0,51,11,1,0,0,0,0,0,0,3,1,0,0,59,0,0,introducao a ciencia dos computadores,exam,TP 1: Variáveis e Estrutura Sequencial
5935,61,13,47,2,58,23,0,51,14,0,0,0,0,0,1,0,6,0,0,0,55,0,1,introducao a ciencia dos computadores,exam,TP 1: Variáveis e Estrutura Sequencial
5932,66,8,50,7,64,21,0,54,22,0,2,0,0,0,0,0,3,0,0,0,63,0,3,introducao a ciencia dos computadores,exam,TP 1: Variáveis e Estrutura Sequencial
5936,62,12,46,4,54,21,1,54,19,0,2,0,1,0,0,0,5,0,1,0,61,0,0,introducao a ciencia dos computadores,exam,TP 1: Variáveis e Estrutura Sequencial
5937,42,6,26,4,39,8,0,33,19,0,0,0,0,1,0,0,2,0,0,0,40,0,0,introducao a ciencia dos computadores,exam,TP1: Variáveis e Estrutura Sequencial
5946,57,12,35,3,53,26,0,49,7,0,2,0,0,0,0,0,3,0,0,0,55,0,2,introducao a ciencia dos computadores,exam,TP 02:  Est. Condicional Simples e Composta
5949,59,15,44,2,54,22,0,50,14,1,0,0,1,0,0,0,4,1,0,0,59,0,0,introducao a ciencia dos computadores,exam,TP 02:  Est. Condicional Simples e Composta
5947,67,7,51,4,60,30,0,59,22,0,0,0,0,0,0,0,1,0,1,0,66,0,1,introducao a ciencia dos computadores,exam,TP 02:  Est. Condicional Simples e Composta
5950,50,8,39,3,46,15,1,41,16,0,0,0,0,0,0,0,2,0,0,0,49,0,1,introducao a ciencia dos computadores,exam,TP 02:  Est. Condicional Simples e Composta
5952,39,4,31,3,37,17,1,38,13,0,0,0,1,0,0,0,4,0,0,0,39,0,1,introducao a ciencia dos computadores,exam,TP 02:  Est. Condicional Simples e Composta
5953,48,10,37,1,46,18,0,42,12,0,1,0,0,0,0,0,2,0,0,0,47,0,0,introducao a ciencia dos computadores,exam,TP 02:  Est. Condicional Simples e Composta
5951,52,8,38,5,49,19,1,46,11,0,1,0,0,0,1,0,4,0,0,0,51,0,1,introducao a ciencia dos computadores,exam,TP 02:  Est. Condicional Simples e Composta
5998,37,6,24,1,37,17,1,35,4,0,0,0,0,0,0,0,0,0,0,0,37,0,1,introducao a ciencia dos computadores,exam,TP 02:  Est. Condicional Simples e Composta
5999,45,9,32,2,40,20,1,37,7,0,0,0,2,0,0,0,2,0,0,0,44,0,0,introducao a ciencia dos computadores,exam,TP 02:  Est. Condicional Simples e Composta
6000,50,6,39,5,46,24,1,42,6,0,0,0,1,0,0,0,4,0,0,0,49,0,0,introducao a ciencia dos computadores,exam,TP 02:  Est. Condicional Simples e Composta
6002,45,6,36,2,43,20,0,44,7,0,1,0,1,0,0,0,2,0,0,0,45,0,0,introducao a ciencia dos computadores,exam,TP 02:  Est. Condicional Simples e Composta
6003,38,6,26,1,38,15,1,37,7,0,1,0,0,0,0,0,1,0,0,0,38,0,1,introducao a ciencia dos computadores,exam,TP 02:  Est. Condicional Simples e Composta
6004,36,10,24,2,34,21,1,32,6,1,0,0,0,0,0,0,2,1,0,0,36,0,1,introducao a ciencia dos computadores,exam,TP 02:  Est. Condicional Simples e Composta
6005,29,4,23,2,27,11,0,27,6,0,2,0,0,0,0,0,0,0,0,0,29,0,0,introducao a ciencia dos computadores,exam,TP 02:  Est. Condicional Simples e Composta
6006,26,4,18,2,24,11,0,21,3,0,0,0,0,0,1,0,2,0,0,0,24,0,1,introducao a ciencia dos computadores,exam,TP 02:  Est. Condicional Simples e Composta
6007,41,8,32,2,37,14,0,33,4,0,2,0,0,0,0,0,1,0,0,0,39,0,2,introducao a ciencia dos computadores,exam,TP 02:  Est. Condicional Simples e Composta
6008,42,5,29,2,40,12,0,36,17,0,0,0,0,0,0,0,2,0,0,0,42,0,0,introducao a ciencia dos computadores,exam,TP 02:  Est. Condicional Simples e Composta
6009,35,7,26,3,33,16,0,32,6,0,0,0,0,0,0,0,2,0,0,0,35,0,0,introducao a ciencia dos computadores,exam,TP 02:  Est. Condicional Simples e Composta
6011,38,7,28,1,32,11,2,31,12,0,1,0,1,0,0,0,2,0,0,0,38,0,0,introducao a ciencia dos computadores,exam,TP 02:  Est. Condicional Simples e Composta
6010,43,7,31,2,38,18,1,38,12,0,0,0,1,1,0,0,1,0,0,0,39,0,1,introducao a ciencia dos computadores,exam,TP 02:  Est. Condicional Simples e Composta
6012,37,9,25,1,36,12,1,36,12,0,0,0,0,0,0,0,0,0,0,0,37,0,0,introducao a ciencia dos computadores,exam,TP 02:  Est. Condicional Simples e Composta
6107,26,5,19,3,23,10,0,23,13,0,0,0,0,0,0,0,1,0,0,0,26,0,0,introducao a ciencia dos computadores,exam,TP3: Est. Condicional Encadeada
6013,53,7,38,1,50,23,0,51,21,0,0,0,0,0,0,0,2,0,0,0,52,0,1,introducao a ciencia dos computadores,exam,TP 02:  Est. Condicional Simples e Composta
6108,27,5,19,3,25,8,0,26,14,0,0,0,0,0,0,0,2,0,0,0,27,0,0,introducao a ciencia dos computadores,exam,TP3: Est. Condicional Encadeada
6109,20,1,15,0,18,6,0,19,12,0,0,0,0,0,0,0,4,0,0,0,20,0,0,introducao a ciencia dos computadores,exam,TP3: Est. Condicional Encadeada
6014,53,6,41,6,48,17,0,46,14,0,0,0,2,0,0,0,5,0,0,0,53,0,1,introducao a ciencia dos computadores,exam,TP 02:  Est. Condicional Simples e Composta
6110,23,4,19,1,20,4,1,22,13,0,0,0,0,0,0,0,2,0,0,0,23,0,0,introducao a ciencia dos computadores,exam,TP3: Est. Condicional Encadeada
6111,18,5,11,3,15,2,0,15,7,0,1,0,0,0,0,0,1,0,0,0,18,0,0,introducao a ciencia dos computadores,exam,TP3: Est. Condicional Encadeada
6112,35,6,28,2,35,10,0,31,15,0,0,0,0,0,1,0,4,0,0,0,35,0,0,introducao a ciencia dos computadores,exam,TP3: Est. Condicional Encadeada
6123,29,5,26,4,26,6,0,27,14,0,1,0,0,0,0,0,2,0,0,0,28,0,1,introducao a ciencia dos computadores,exam,TP3: Est. Condicional Encadeada
6122,32,9,23,1,31,10,0,29,15,0,0,0,0,1,0,0,2,0,0,0,32,0,0,introducao a ciencia dos computadores,exam,TP3: Est. Condicional Encadeada
6175,27,3,22,3,27,10,0,27,17,0,0,0,0,0,0,0,2,0,0,0,27,0,0,introducao a ciencia dos computadores,exam,TP Substitutivo
6124,28,4,23,1,26,6,0,26,7,0,0,0,0,0,0,0,0,0,0,0,28,0,0,introducao a ciencia dos computadores,exam,TP3: Est. Condicional Encadeada
6173,47,6,36,1,45,16,1,40,12,0,1,0,1,0,1,0,3,0,0,0,47,0,2,introducao a ciencia dos computadores,exam,TP 4: Estrutura de Repetição por Condição
6191,35,8,29,2,34,13,1,34,3,0,0,0,0,0,0,0,0,0,0,0,35,0,0,introducao a ciencia dos computadores,exam,TP 4: Estrutura de Repetição por Condição
6192,34,4,27,3,32,11,0,30,9,0,1,0,0,0,0,0,1,0,0,0,34,0,0,introducao a ciencia dos computadores,exam,TP 4: Estrutura de Repetição por Condição
6195,20,5,18,0,20,7,0,20,1,0,0,0,3,0,0,0,1,0,0,0,20,0,0,introducao a ciencia dos computadores,exam,TP Substitutivo
6197,36,8,30,2,32,12,0,34,3,0,0,0,1,0,0,0,3,0,0,0,36,0,0,introducao a ciencia dos computadores,exam,TP 4: Estrutura de Repetição por Condição
6196,52,14,42,8,52,18,0,50,11,0,0,0,1,0,0,0,3,0,0,0,52,0,1,introducao a ciencia dos computadores,exam,TP 4: Estrutura de Repetição por Condição
6198,66,19,45,3,63,28,0,62,16,1,1,0,1,0,0,0,4,1,0,0,66,0,1,introducao a ciencia dos computadores,exam,TP 4: Estrutura de Repetição por Condição
6199,66,12,53,3,64,34,1,63,16,0,2,0,1,0,0,0,3,0,0,0,65,0,0,introducao a ciencia dos computadores,exam,TP 4: Estrutura de Repetição por Condição
6201,50,9,37,3,47,19,2,44,10,0,1,0,0,0,1,0,3,0,0,0,49,0,0,introducao a ciencia dos computadores,exam,TP 4: Estrutura de Repetição por Condição
6200,56,9,45,2,56,28,2,53,10,0,0,0,0,0,0,0,1,0,0,0,55,0,0,introducao a ciencia dos computadores,exam,TP 4: Estrutura de Repetição por Condição
6202,63,12,49,4,60,20,0,56,19,0,1,0,0,0,1,0,6,0,0,0,62,0,1,introducao a ciencia dos computadores,exam,TP 4: Estrutura de Repetição por Condição
6203,51,15,37,1,48,18,0,47,14,0,1,0,0,0,0,0,4,0,0,0,50,0,0,introducao a ciencia dos computadores,exam,TP 4: Estrutura de Repetição por Condição
6204,58,7,45,5,55,27,1,52,18,0,1,0,0,0,0,0,2,0,0,0,58,0,2,introducao a ciencia dos computadores,exam,TP 4: Estrutura de Repetição por Condição
6206,58,17,50,4,54,22,0,53,14,1,0,0,1,0,0,0,6,1,0,0,57,0,1,introducao a ciencia dos computadores,exam,TP 4: Estrutura de Repetição por Condição
6207,57,9,45,2,55,23,2,56,11,0,0,0,0,0,1,0,3,0,0,0,57,0,1,introducao a ciencia dos computadores,exam,TP 4: Estrutura de Repetição por Condição
6208,54,14,40,5,52,31,0,48,14,0,2,0,0,0,0,0,0,0,0,0,53,0,1,introducao a ciencia dos computadores,exam,TP 4: Estrutura de Repetição por Condição
6210,46,9,35,4,45,14,0,44,9,0,1,0,0,0,0,0,4,0,0,0,46,0,0,introducao a ciencia dos computadores,exam,TP 4: Estrutura de Repetição por Condição
6209,62,11,42,1,60,28,0,58,15,0,0,0,0,0,0,0,6,0,0,0,62,0,0,introducao a ciencia dos computadores,exam,TP 4: Estrutura de Repetição por Condição
6211,47,9,38,2,46,21,1,43,12,0,0,0,1,0,0,0,2,0,0,0,46,0,0,introducao a ciencia dos computadores,exam,TP 4: Estrutura de Repetição por Condição
6212,53,7,39,8,51,20,1,51,16,0,0,0,2,0,0,0,1,0,0,0,53,0,0,introducao a ciencia dos computadores,exam,TP 4: Estrutura de Repetição por Condição
6213,51,16,39,1,49,18,1,46,13,0,1,0,0,0,0,0,3,0,0,0,51,0,2,introducao a ciencia dos computadores,exam,TP 4: Estrutura de Repetição por Condição
6217,19,3,14,1,18,5,0,17,4,0,0,0,0,0,0,0,1,0,0,0,19,0,0,introducao a ciencia dos computadores,exam,TP 4: Estrutura de Repetição por Condição
6216,17,3,13,2,16,5,0,15,1,0,1,0,0,0,0,0,2,0,0,0,17,0,0,introducao a ciencia dos computadores,exam,TP 4: Estrutura de Repetição por Condição
6214,58,13,42,5,57,23,1,54,12,0,1,0,0,0,0,0,3,0,0,0,57,0,0,introducao a ciencia dos computadores,exam,TP 4: Estrutura de Repetição por Condição
6218,27,6,17,1,26,14,1,27,5,0,0,0,0,0,0,0,2,0,0,0,27,0,0,introducao a ciencia dos computadores,exam,TP 4: Estrutura de Repetição por Condição
6219,23,3,18,1,22,7,0,23,6,0,0,0,0,0,0,0,1,0,0,0,23,0,0,introducao a ciencia dos computadores,exam,TP 4: Estrutura de Repetição por Condição
6220,21,4,15,3,20,9,0,17,3,0,1,0,0,0,0,0,1,0,0,0,20,0,0,introducao a ciencia dos computadores,exam,TP 4: Estrutura de Repetição por Condição
6221,31,6,26,1,29,15,0,27,9,0,0,0,0,0,0,0,3,0,0,0,30,0,2,introducao a ciencia dos computadores,exam,TP 4: Estrutura de Repetição por Condição
6223,23,4,18,1,22,7,0,20,5,0,1,0,0,0,1,0,2,0,0,0,23,0,0,introducao a ciencia dos computadores,exam,TP 4: Estrutura de Repetição por Condição
6222,25,4,19,2,22,10,0,22,5,1,0,0,0,0,0,0,2,1,0,0,24,0,0,introducao a ciencia dos computadores,exam,TP 4: Estrutura de Repetição por Condição
6247,42,5,35,5,41,13,1,41,8,0,0,0,0,0,0,0,4,0,0,0,41,0,0,introducao a ciencia dos computadores,exam,TP 4: Estrutura de Repetição por Condição
6245,40,5,30,4,38,21,1,37,9,0,0,0,1,0,0,0,2,0,0,0,40,0,1,introducao a ciencia dos computadores,exam,TP 4: Estrutura de Repetição por Condição
6246,40,6,27,3,40,17,1,38,9,0,0,0,1,0,0,0,1,0,0,0,40,0,1,introducao a ciencia dos computadores,exam,TP 4: Estrutura de Repetição por Condição
6305,20,4,18,1,19,5,0,19,9,0,0,0,0,0,0,0,4,0,0,0,20,0,0,introducao a ciencia dos computadores,exam,TP 05: Vetores e Strings
6306,24,4,20,2,23,9,0,23,9,0,0,0,0,0,0,0,1,0,1,0,24,0,0,introducao a ciencia dos computadores,exam,TP 05: Vetores e Strings
6248,28,7,23,0,25,11,0,25,3,0,0,0,0,0,0,0,1,0,0,0,27,0,0,introducao a ciencia dos computadores,exam,TP 4: Estrutura de Repetição por Condição
6309,17,2,13,3,17,5,0,16,8,0,0,0,0,0,0,0,3,0,0,0,17,0,0,introducao a ciencia dos computadores,exam,TP 05: Vetores e Strings
6308,23,4,18,4,23,7,0,23,15,0,1,0,0,0,0,0,1,0,0,0,23,0,1,introducao a ciencia dos computadores,exam,TP 05: Vetores e Strings
6311,21,8,15,1,21,8,0,20,5,0,1,0,0,0,0,0,3,0,0,0,20,0,0,introducao a ciencia dos computadores,exam,TP 05: Vetores e Strings
6310,19,5,18,1,18,7,0,18,9,0,0,0,0,0,1,0,5,0,0,0,19,0,0,introducao a ciencia dos computadores,exam,TP 05: Vetores e Strings
6312,26,6,17,2,26,7,0,24,15,0,0,0,0,0,0,0,0,0,0,0,26,0,0,introducao a ciencia dos computadores,exam,TP 05: Vetores e Strings
6315,19,3,17,2,17,2,0,18,7,0,0,0,0,0,0,0,0,0,0,0,19,0,0,introducao a ciencia dos computadores,exam,TP 05: Vetores e Strings
6337,16,1,12,0,16,2,0,15,6,0,0,0,0,0,1,0,1,0,0,0,16,0,0,introducao a ciencia dos computadores,exam,TP Substitutivo
6316,25,0,19,1,25,5,0,25,13,0,0,0,0,0,0,0,0,0,0,0,25,0,0,introducao a ciencia dos computadores,exam,TP 05: Vetores e Strings
6338,16,2,10,0,15,5,0,16,8,0,0,0,0,0,0,0,1,0,0,0,16,0,0,introducao a ciencia dos computadores,exam,TP Substitutivo
6343,31,4,25,0,31,15,0,27,4,0,1,0,0,0,0,0,0,0,0,0,31,0,0,introducao a ciencia dos computadores,exam,TP Substitutivo
6342,44,6,33,3,43,20,0,42,4,0,0,0,0,0,0,0,0,0,0,0,44,0,0,introducao a ciencia dos computadores,exam,TP Substitutivo
6344,53,10,38,2,53,17,1,50,11,0,0,0,0,0,1,0,3,0,0,0,53,0,1,introducao a ciencia dos computadores,exam,TP Substitutivo
6346,39,5,29,4,38,17,1,37,8,0,0,0,1,0,0,0,1,0,0,0,38,0,2,introducao a ciencia dos computadores,exam,TP Substitutivo
6345,33,8,24,3,33,13,0,31,7,0,0,0,0,0,0,0,2,0,0,0,33,0,0,introducao a ciencia dos computadores,exam,TP Substitutivo
6351,31,6,29,2,30,13,1,30,6,0,0,0,0,0,0,0,2,0,0,0,31,0,0,introducao a ciencia dos computadores,exam,TP Substitutivo
6350,41,11,25,1,39,23,1,37,9,0,0,0,1,0,0,0,5,0,0,0,41,0,1,introducao a ciencia dos computadores,exam,TP Substitutivo
6347,43,9,33,4,40,19,1,41,5,1,0,0,1,0,0,0,2,1,0,0,43,0,1,introducao a ciencia dos computadores,exam,TP Substitutivo
6352,35,7,29,3,32,20,0,32,4,0,1,0,1,0,0,0,2,0,0,0,35,0,0,introducao a ciencia dos computadores,exam,TP Substitutivo
6358,40,10,32,5,39,12,0,38,16,0,1,0,0,1,0,0,2,0,0,0,40,0,0,introducao a ciencia dos computadores,exam,TP 6: Estrutura de Repetição por Contagem (for)
6359,42,15,26,6,41,17,1,40,4,0,0,0,1,0,0,0,2,0,0,0,41,0,1,introducao a ciencia dos computadores,exam,TP 6: Estrutura de Repetição por Contagem (for)
6361,39,8,29,3,38,19,0,33,9,0,0,0,1,0,0,0,3,0,0,0,38,0,1,introducao a ciencia dos computadores,exam,TP 6: Estrutura de Repetição por Contagem (for)
6360,57,13,47,5,56,21,0,49,13,0,1,0,0,0,0,0,3,0,0,0,57,0,2,introducao a ciencia dos computadores,exam,TP 6: Estrutura de Repetição por Contagem (for)
6362,50,9,37,3,50,22,1,48,9,0,1,0,0,0,0,0,4,0,0,0,50,0,1,introducao a ciencia dos computadores,exam,TP 6: Estrutura de Repetição por Contagem (for)
6363,51,9,37,3,50,24,1,50,12,0,0,0,0,0,0,0,3,0,0,0,51,0,0,introducao a ciencia dos computadores,exam,TP 6: Estrutura de Repetição por Contagem (for)
6364,48,6,37,3,46,22,2,44,13,0,0,0,0,0,0,0,3,0,0,0,48,0,0,introducao a ciencia dos computadores,exam,TP 6: Estrutura de Repetição por Contagem (for)
6365,48,9,36,1,46,21,1,44,14,0,0,0,1,0,1,0,4,0,0,0,48,0,0,introducao a ciencia dos computadores,exam,TP 6: Estrutura de Repetição por Contagem (for)
6366,47,11,36,2,46,25,0,46,12,0,2,0,1,0,0,0,3,0,0,0,47,0,0,introducao a ciencia dos computadores,exam,TP 6: Estrutura de Repetição por Contagem (for)
6367,50,12,39,3,50,15,0,50,8,0,0,0,0,0,0,0,1,0,0,0,50,0,1,introducao a ciencia dos computadores,exam,TP 6: Estrutura de Repetição por Contagem (for)
6372,24,7,18,0,24,11,0,22,3,0,2,0,0,0,0,0,0,0,0,0,24,0,0,introducao a ciencia dos computadores,exam,TP 6: Estrutura de Repetição por Contagem (for)
6371,65,13,52,4,65,27,1,59,19,0,1,0,0,0,1,0,5,0,0,0,65,0,0,introducao a ciencia dos computadores,exam,TP 6: Estrutura de Repetição por Contagem (for)
6373,38,8,27,2,38,17,1,36,4,0,0,0,0,0,0,0,1,0,0,0,38,0,2,introducao a ciencia dos computadores,exam,TP 6: Estrutura de Repetição por Contagem (for)
6374,41,9,31,1,41,20,0,41,3,0,0,0,0,0,0,0,2,0,0,0,41,0,0,introducao a ciencia dos computadores,exam,TP 6: Estrutura de Repetição por Contagem (for)
6375,28,8,17,0,28,13,0,26,4,0,0,0,0,0,0,0,4,0,0,0,27,0,0,introducao a ciencia dos computadores,exam,TP 6: Estrutura de Repetição por Contagem (for)
6376,30,2,24,2,28,12,0,26,7,0,0,0,0,0,0,0,1,0,0,0,30,0,0,introducao a ciencia dos computadores,exam,TP 6: Estrutura de Repetição por Contagem (for)
6377,36,4,23,4,36,16,3,34,5,0,1,0,1,0,0,0,2,0,0,0,36,0,1,introducao a ciencia dos computadores,exam,TP 6: Estrutura de Repetição por Contagem (for)
6379,25,4,19,3,24,11,0,25,5,0,0,0,0,0,0,0,2,0,0,0,25,0,2,introducao a ciencia dos computadores,exam,TP 6: Estrutura de Repetição por Contagem (for)
6378,33,7,26,2,31,11,0,31,7,0,0,0,2,0,0,0,2,0,0,0,33,0,0,introducao a ciencia dos computadores,exam,TP 6: Estrutura de Repetição por Contagem (for)
6380,38,7,32,4,37,22,1,34,5,0,0,0,0,0,1,0,2,0,0,0,38,0,0,introducao a ciencia dos computadores,exam,TP 6: Estrutura de Repetição por Contagem (for)
6381,31,4,23,3,30,14,0,29,4,0,0,0,0,0,0,0,0,0,0,0,31,0,1,introducao a ciencia dos computadores,exam,TP 6: Estrutura de Repetição por Contagem (for)
6382,57,11,34,3,55,27,1,54,17,0,0,0,0,0,0,0,1,0,0,0,57,0,0,introducao a ciencia dos computadores,exam,TP 6: Estrutura de Repetição por Contagem (for)
6391,55,11,43,7,54,22,0,49,10,0,1,0,0,0,0,0,6,0,0,0,55,0,1,introducao a ciencia dos computadores,exam,TP 6: Estrutura de Repetição por Contagem (for)
6393,52,14,42,5,50,21,1,47,10,0,1,0,2,0,0,0,2,0,0,0,51,0,0,introducao a ciencia dos computadores,exam,TP 6: Estrutura de Repetição por Contagem (for)
6394,41,8,31,3,40,18,0,40,8,0,0,0,0,0,0,0,3,0,0,0,41,0,1,introducao a ciencia dos computadores,exam,TP 6: Estrutura de Repetição por Contagem (for)
6466,20,4,13,2,15,4,0,15,9,0,0,0,0,0,0,0,1,0,0,0,19,0,0,introducao a ciencia dos computadores,exam,TP1: Variáveis e Estrutura Sequencial
6468,29,4,21,2,25,10,0,26,7,1,2,0,0,0,0,0,1,1,0,0,27,0,0,introducao a ciencia dos computadores,exam,TP 1: Variáveis e Estrutura Sequencial
6396,49,8,37,3,48,21,0,49,16,0,1,0,0,0,0,0,4,0,0,0,49,0,1,introducao a ciencia dos computadores,exam,TP 6: Estrutura de Repetição por Contagem (for)
6469,69,17,49,4,65,30,0,57,12,0,2,0,0,0,0,0,3,0,0,0,64,0,0,introducao a ciencia dos computadores,exam,TP 1: Variáveis e Estrutura Sequencial
6470,46,10,32,6,45,20,0,40,7,0,0,0,1,0,0,0,1,0,0,0,46,0,1,introducao a ciencia dos computadores,exam,TP 1: Variáveis e Estrutura Sequencial
6471,53,9,43,1,51,26,1,44,9,0,1,0,1,0,0,0,3,0,0,0,50,0,2,introducao a ciencia dos computadores,exam,TP 1: Variáveis e Estrutura Sequencial
6472,56,13,40,1,55,20,0,42,5,0,0,0,1,1,0,0,1,0,1,0,54,0,0,introducao a ciencia dos computadores,exam,TP 1: Variáveis e Estrutura Sequencial
6474,46,11,34,3,46,15,1,36,6,0,1,0,0,0,0,0,0,0,0,0,43,0,1,introducao a ciencia dos computadores,exam,TP 1: Variáveis e Estrutura Sequencial
6473,56,13,40,3,55,27,0,51,10,0,1,0,0,0,0,0,1,0,0,0,55,0,1,introducao a ciencia dos computadores,exam,TP 1: Variáveis e Estrutura Sequencial
6475,61,9,45,2,59,29,1,52,12,0,1,0,0,0,0,0,4,0,0,0,60,0,1,introducao a ciencia dos computadores,exam,TP 1: Variáveis e Estrutura Sequencial
6476,38,13,33,4,35,15,1,33,5,0,1,0,1,0,0,0,2,0,0,0,36,0,0,introducao a ciencia dos computadores,exam,TP 1: Variáveis e Estrutura Sequencial
6477,56,10,44,7,55,25,0,50,11,0,0,0,0,1,0,0,0,0,0,0,53,0,1,introducao a ciencia dos computadores,exam,TP 1: Variáveis e Estrutura Sequencial
6478,47,7,34,0,42,17,0,39,11,1,1,0,0,0,0,0,2,1,0,0,45,0,0,introducao a ciencia dos computadores,exam,TP 1: Variáveis e Estrutura Sequencial
6479,48,6,36,1,44,18,1,36,7,0,1,0,0,0,0,0,1,0,0,0,46,0,0,introducao a ciencia dos computadores,exam,TP 1: Variáveis e Estrutura Sequencial
6480,44,12,32,3,42,20,0,34,10,0,1,0,1,0,0,0,2,0,0,0,44,0,1,introducao a ciencia dos computadores,exam,TP 1: Variáveis e Estrutura Sequencial
6481,46,10,30,2,43,15,0,35,7,0,0,0,0,0,0,0,1,0,0,0,41,0,0,introducao a ciencia dos computadores,exam,TP 1: Variáveis e Estrutura Sequencial
6482,43,6,33,2,40,17,0,31,6,0,1,0,0,0,1,0,2,0,1,0,42,0,0,introducao a ciencia dos computadores,exam,TP 1: Variáveis e Estrutura Sequencial
6483,49,12,35,2,48,20,0,44,10,0,3,0,0,0,0,0,5,0,0,0,48,0,2,introducao a ciencia dos computadores,exam,TP 1: Variáveis e Estrutura Sequencial
6484,39,6,17,2,36,17,1,36,8,0,0,0,1,0,0,0,3,0,0,0,38,0,1,introducao a ciencia dos computadores,exam,TP 1: Variáveis e Estrutura Sequencial
6505,21,6,16,2,20,8,0,18,6,0,1,0,0,0,0,0,2,0,0,0,21,0,0,introducao a ciencia dos computadores,exam,TP2: Est. Condicional Simples e Composta
6506,23,2,19,2,21,11,0,19,10,0,0,0,0,0,0,0,0,0,0,0,22,0,0,introducao a ciencia dos computadores,exam,TP2: Est. Condicional Simples e Composta
6485,46,13,34,5,42,20,0,41,10,0,0,0,0,0,0,0,1,0,0,0,45,0,1,introducao a ciencia dos computadores,exam,TP 1: Variáveis e Estrutura Sequencial
6508,17,6,11,0,14,7,0,15,7,0,0,0,0,0,0,0,0,0,0,0,16,0,0,introducao a ciencia dos computadores,exam,TP2: Est. Condicional Simples e Composta
6509,18,2,12,1,15,5,0,14,6,0,0,0,0,0,0,0,0,0,0,0,17,0,0,introducao a ciencia dos computadores,exam,TP2: Est. Condicional Simples e Composta
6510,16,4,11,0,11,2,0,13,4,0,0,0,0,0,0,0,1,0,0,0,16,0,0,introducao a ciencia dos computadores,exam,TP2: Est. Condicional Simples e Composta
6512,19,6,16,2,18,5,0,17,8,0,0,0,0,0,0,0,2,0,0,0,19,0,0,introducao a ciencia dos computadores,exam,TP2: Est. Condicional Simples e Composta
6511,19,4,15,2,17,3,0,16,12,0,0,0,0,0,0,0,4,0,0,0,19,0,0,introducao a ciencia dos computadores,exam,TP2: Est. Condicional Simples e Composta
6513,18,5,14,0,18,3,1,14,7,0,1,0,0,0,0,0,1,0,1,0,17,0,0,introducao a ciencia dos computadores,exam,TP2: Est. Condicional Simples e Composta
6514,27,4,24,2,21,4,0,22,12,0,1,0,0,0,0,0,3,0,0,0,27,0,0,introducao a ciencia dos computadores,exam,TP2: Est. Condicional Simples e Composta
6515,18,6,15,0,16,5,0,15,6,0,1,0,0,0,0,0,1,0,0,0,17,0,0,introducao a ciencia dos computadores,exam,TP2: Est. Condicional Simples e Composta
6529,22,0,19,1,22,8,0,20,12,0,0,0,0,0,0,0,0,0,1,0,22,0,0,introducao a ciencia dos computadores,exam,TP2: Est. Condicional Simples e Composta
6534,21,5,14,2,18,7,0,19,5,0,0,0,0,0,0,0,0,0,0,0,21,0,0,introducao a ciencia dos computadores,exam,TP2: Est. Condicional Simples e Composta
6535,24,6,19,4,22,8,0,22,8,0,0,0,0,0,0,0,3,0,0,0,24,0,0,introducao a ciencia dos computadores,exam,TP2: Est. Condicional Simples e Composta
6548,21,3,14,1,19,4,0,19,9,0,1,0,0,0,0,0,1,0,0,0,21,0,0,introducao a ciencia dos computadores,exam,TP3: Est. Condicional Encadeada
6554,17,5,13,2,17,7,0,16,10,0,0,0,0,0,0,0,2,0,0,0,17,0,0,introducao a ciencia dos computadores,exam,TP3: Est. Condicional Encadeada
6558,18,5,15,1,16,6,0,16,8,0,1,0,0,0,0,0,2,0,0,0,18,0,0,introducao a ciencia dos computadores,exam,TP3: Est. Condicional Encadeada
6549,21,9,15,1,20,8,0,21,9,0,0,0,0,0,0,0,3,0,0,0,21,0,0,introducao a ciencia dos computadores,exam,TP3: Est. Condicional Encadeada
6563,16,4,11,0,14,3,0,13,8,0,1,0,0,0,0,0,2,0,0,0,16,0,0,introducao a ciencia dos computadores,exam,TP3: Est. Condicional Encadeada
6561,23,5,17,3,22,8,0,21,12,0,0,0,0,1,0,0,1,0,0,0,23,0,0,introducao a ciencia dos computadores,exam,TP3: Est. Condicional Encadeada
6565,22,8,17,2,22,7,0,20,7,0,0,0,0,0,0,0,2,0,0,0,22,0,0,introducao a ciencia dos computadores,exam,TP3: Est. Condicional Encadeada
6566,20,4,18,1,20,7,0,19,8,0,0,0,0,0,0,0,1,0,0,0,20,0,0,introducao a ciencia dos computadores,exam,TP3: Est. Condicional Encadeada
6567,16,3,13,0,14,8,0,15,6,0,0,0,0,0,0,0,1,0,0,0,16,0,0,introducao a ciencia dos computadores,exam,TP3: Est. Condicional Encadeada
6571,17,4,14,1,17,7,0,17,9,0,0,0,0,0,0,0,1,0,0,0,17,0,0,introducao a ciencia dos computadores,exam,TP3: Est. Condicional Encadeada
6572,21,5,18,2,20,6,1,20,11,0,1,0,0,1,0,0,3,0,0,0,21,0,0,introducao a ciencia dos computadores,exam,TP3: Est. Condicional Encadeada
6597,17,3,16,1,17,3,0,17,8,0,1,0,0,0,0,0,1,0,0,0,17,0,0,introducao a ciencia dos computadores,exam,TP 04: Estrutura de Repetição por Condição
6598,21,9,19,1,20,7,0,20,10,0,1,0,0,0,0,0,1,0,0,0,21,0,0,introducao a ciencia dos computadores,exam,TP 04: Estrutura de Repetição por Condição
6605,16,5,13,0,16,3,0,15,7,0,0,0,0,0,0,0,3,0,0,0,16,0,0,introducao a ciencia dos computadores,exam,TP 04: Estrutura de Repetição por Condição
6608,17,5,12,1,16,4,1,16,7,0,0,0,0,0,0,0,1,0,0,0,17,0,0,introducao a ciencia dos computadores,exam,TP 04: Estrutura de Repetição por Condição
6602,25,7,20,2,23,7,1,23,11,0,0,0,0,0,0,0,2,0,0,0,25,0,0,introducao a ciencia dos computadores,exam,TP 04: Estrutura de Repetição por Condição
6612,16,1,11,2,16,9,0,16,9,0,0,0,0,0,0,0,0,0,0,0,16,0,0,introducao a ciencia dos computadores,exam,TP 04: Estrutura de Repetição por Condição
6609,21,8,17,4,21,7,0,20,11,0,2,0,0,0,0,0,2,0,0,0,21,0,0,introducao a ciencia dos computadores,exam,TP 04: Estrutura de Repetição por Condição
6610,17,4,15,1,15,8,0,17,6,0,0,0,0,0,0,0,2,0,0,0,17,0,0,introducao a ciencia dos computadores,exam,TP 04: Estrutura de Repetição por Condição
6613,20,7,16,1,18,6,0,17,11,0,0,0,0,0,0,0,2,0,0,0,20,0,0,introducao a ciencia dos computadores,exam,TP 04: Estrutura de Repetição por Condição
6625,17,6,16,0,16,5,1,15,4,0,0,0,0,0,0,0,0,0,0,0,17,0,0,introducao a ciencia dos computadores,exam,TP Substitutivo
6626,28,5,25,4,28,16,0,26,10,0,0,0,0,0,0,0,1,0,0,0,28,0,0,introducao a ciencia dos computadores,exam,TP Substitutivo
6628,21,6,19,0,21,8,0,19,7,0,1,0,0,0,0,0,3,0,1,0,21,0,0,introducao a ciencia dos computadores,exam,TP Substitutivo
6627,24,6,17,4,24,11,0,22,11,0,1,0,0,0,0,0,0,0,0,0,24,0,0,introducao a ciencia dos computadores,exam,TP Substitutivo
6629,22,8,17,0,22,7,0,22,6,0,0,0,0,0,0,0,3,0,0,0,22,0,0,introducao a ciencia dos computadores,exam,TP Substitutivo
6630,19,3,15,3,18,11,0,19,6,0,1,0,0,0,0,0,2,0,0,0,18,0,0,introducao a ciencia dos computadores,exam,TP Substitutivo
6639,21,2,18,1,21,8,1,21,7,0,0,0,0,0,0,0,0,0,0,0,21,0,0,introducao a ciencia dos computadores,exam,TP Substitutivo
6640,16,3,15,1,16,4,0,14,4,0,0,0,0,0,0,0,2,0,0,0,16,0,0,introducao a ciencia dos computadores,exam,TP Substitutivo
6646,52,12,43,6,50,24,1,51,8,0,0,0,1,0,0,0,3,0,0,0,52,0,1,introducao a ciencia dos computadores,exam,TP 5: Vetores e Strings
6647,50,11,39,3,50,24,1,49,13,0,0,0,1,0,0,0,1,0,0,0,50,0,1,introducao a ciencia dos computadores,exam,TP 5: Vetores e Strings
6649,49,13,36,2,47,24,0,47,5,1,2,0,1,0,0,0,2,1,0,0,49,0,0,introducao a ciencia dos computadores,exam,TP 5: Vetores e Strings
6651,37,9,28,3,37,21,0,32,5,0,0,0,1,0,0,0,2,0,0,0,37,0,2,introducao a ciencia dos computadores,exam,TP 5: Vetores e Strings
6650,44,20,34,1,44,17,1,42,10,0,0,0,0,0,0,0,2,0,0,0,44,0,0,introducao a ciencia dos computadores,exam,TP 5: Vetores e Strings
6652,41,9,36,3,41,13,0,38,7,0,0,0,0,0,0,0,1,0,0,0,40,0,0,introducao a ciencia dos computadores,exam,TP 5: Vetores e Strings
6653,38,9,24,1,38,15,1,34,6,0,1,0,0,0,0,0,3,0,0,0,38,0,0,introducao a ciencia dos computadores,exam,TP 5: Vetores e Strings
6656,18,3,16,5,18,10,0,16,5,0,0,0,0,0,0,0,2,0,1,0,18,0,0,introducao a ciencia dos computadores,exam,TP 5: Vetores e Strings
6654,35,5,25,3,35,20,1,32,6,0,1,0,0,0,0,0,4,0,0,0,34,0,0,introducao a ciencia dos computadores,exam,TP 5: Vetores e Strings
6655,40,6,30,1,40,23,0,39,8,0,0,0,0,0,0,0,1,0,0,0,40,0,0,introducao a ciencia dos computadores,exam,TP 5: Vetores e Strings
6667,20,7,15,2,20,9,1,17,11,0,0,0,0,0,0,0,2,0,0,0,20,0,0,introducao a ciencia dos computadores,exam,TP 6: Estrutura de Repetição por Contagem (for)
6668,16,5,13,2,16,6,0,16,6,0,0,0,0,0,0,0,1,0,0,0,16,0,0,introducao a ciencia dos computadores,exam,TP 6: Estrutura de Repetição por Contagem (for)
6670,22,8,17,2,22,6,0,19,10,0,0,0,0,0,0,0,5,0,0,0,22,0,0,introducao a ciencia dos computadores,exam,TP 6: Estrutura de Repetição por Contagem (for)
6671,16,4,13,2,16,6,1,15,6,0,0,0,0,0,0,0,0,0,0,0,16,0,0,introducao a ciencia dos computadores,exam,TP 6: Estrutura de Repetição por Contagem (for)
6672,19,6,10,1,19,6,0,18,9,0,0,0,0,1,0,0,3,0,0,0,19,0,0,introducao a ciencia dos computadores,exam,TP 6: Estrutura de Repetição por Contagem (for)
6677,17,9,9,2,17,3,0,14,5,0,1,0,0,0,0,0,1,0,0,0,17,0,0,introducao a ciencia dos computadores,exam,TP 6: Estrutura de Repetição por Contagem (for)
6698,32,6,22,2,29,12,0,26,1,0,3,0,0,0,0,0,2,0,0,0,31,0,0,introducao a ciencia dos computadores,exam,TP 1: Variáveis e Estrutura Sequencial
6699,28,6,17,0,28,9,0,24,1,0,0,0,1,0,0,0,0,0,0,0,28,0,1,introducao a ciencia dos computadores,exam,TP 1: Variáveis e Estrutura Sequencial
6700,30,7,23,2,28,16,0,28,2,0,1,0,0,0,0,0,1,0,0,0,30,0,0,introducao a ciencia dos computadores,exam,TP 1: Variáveis e Estrutura Sequencial
6701,26,3,21,0,25,15,1,19,1,0,0,0,1,0,0,0,0,0,0,0,24,0,1,introducao a ciencia dos computadores,exam,TP 1: Variáveis e Estrutura Sequencial
6721,29,2,21,0,27,19,0,23,1,0,0,0,1,0,0,0,0,0,0,0,28,0,0,introducao a ciencia dos computadores,exam,TP 2:  Est. Condicional Simples e Composta
6722,30,6,25,3,28,12,0,23,3,0,0,0,0,0,0,0,0,0,0,0,27,0,2,introducao a ciencia dos computadores,exam,TP 2:  Est. Condicional Simples e Composta
6725,28,6,20,1,26,12,0,26,1,0,2,0,0,0,0,0,0,0,0,0,28,0,0,introducao a ciencia dos computadores,exam,TP 2:  Est. Condicional Simples e Composta
6723,27,5,21,3,26,13,0,23,5,0,1,0,1,0,0,0,0,0,0,0,27,0,1,introducao a ciencia dos computadores,exam,TP 2:  Est. Condicional Simples e Composta
6726,26,4,18,1,26,11,1,22,1,0,1,0,0,0,0,0,1,0,0,0,26,0,1,introducao a ciencia dos computadores,exam,TP 2:  Est. Condicional Simples e Composta
6727,34,10,21,1,31,17,0,30,2,1,1,0,0,0,0,0,1,1,0,0,33,0,0,introducao a ciencia dos computadores,exam,TP 2:  Est. Condicional Simples e Composta
6728,36,6,27,3,34,23,1,32,2,0,0,0,1,0,0,0,3,0,0,0,35,0,2,introducao a ciencia dos computadores,exam,TP 2:  Est. Condicional Simples e Composta
6730,33,4,22,0,30,19,1,29,1,0,0,0,1,0,0,0,0,0,0,0,31,0,0,introducao a ciencia dos computadores,exam,TP 2:  Est. Condicional Simples e Composta
6729,28,9,21,1,25,15,0,25,2,0,0,0,0,0,1,0,1,0,0,0,28,0,0,introducao a ciencia dos computadores,exam,TP 2:  Est. Condicional Simples e Composta
6731,30,5,23,2,28,10,2,29,1,0,1,0,0,0,0,0,3,0,0,0,29,0,0,introducao a ciencia dos computadores,exam,TP 2:  Est. Condicional Simples e Composta
6747,26,5,19,2,24,10,0,22,2,0,3,0,1,0,0,0,2,0,0,0,24,0,1,introducao a ciencia dos computadores,exam,TP 3: Est. Condicional Encadeada
6746,26,3,22,2,25,15,1,24,2,0,0,0,0,0,0,0,1,0,0,0,25,0,0,introducao a ciencia dos computadores,exam,TP 3: Est. Condicional Encadeada
6748,26,4,21,2,23,16,0,24,0,1,1,0,1,0,0,0,2,1,0,0,24,0,1,introducao a ciencia dos computadores,exam,TP 3: Est. Condicional Encadeada
6749,33,5,23,5,32,15,0,29,5,0,0,0,0,0,0,0,0,0,0,0,31,0,0,introducao a ciencia dos computadores,exam,TP 3: Est. Condicional Encadeada
6750,23,7,17,1,20,12,0,23,1,0,0,0,0,0,0,0,1,0,0,0,22,0,0,introducao a ciencia dos computadores,exam,TP 3: Est. Condicional Encadeada
6751,34,8,25,1,31,21,1,29,3,0,1,0,0,0,0,0,0,0,0,0,34,0,1,introducao a ciencia dos computadores,exam,TP 3: Est. Condicional Encadeada
6752,29,6,22,0,26,15,0,26,5,0,0,0,0,0,0,0,1,0,0,0,28,0,1,introducao a ciencia dos computadores,exam,TP 3: Est. Condicional Encadeada
6755,16,4,12,1,16,9,0,15,0,0,0,0,0,0,0,0,0,0,0,0,16,0,0,introducao a ciencia dos computadores,exam,TP 3: Est. Condicional Encadeada
6753,47,4,35,0,46,25,1,41,1,0,1,0,1,0,0,0,3,0,0,0,47,0,1,introducao a ciencia dos computadores,exam,TP 3: Est. Condicional Encadeada
6754,38,13,23,2,37,18,2,37,1,0,0,0,1,0,0,0,0,0,0,0,38,0,1,introducao a ciencia dos computadores,exam,TP 3: Est. Condicional Encadeada
6757,36,3,28,2,35,20,0,34,0,0,0,0,0,0,0,0,0,0,0,0,34,0,0,introducao a ciencia dos computadores,exam,TP Substitutivo
6758,38,6,30,1,34,19,0,33,4,0,2,0,1,0,0,0,1,0,0,0,37,0,0,introducao a ciencia dos computadores,exam,TP Substitutivo
6756,57,16,46,3,55,29,1,54,5,0,0,0,3,0,0,0,3,0,0,0,57,0,0,introducao a ciencia dos computadores,exam,TP Substitutivo
6759,39,5,24,2,39,25,0,38,3,0,2,0,1,0,0,0,2,0,0,0,39,0,1,introducao a ciencia dos computadores,exam,TP Substitutivo
6760,36,9,26,0,36,21,0,35,1,0,0,0,0,0,0,0,2,0,0,0,36,0,0,introducao a ciencia dos computadores,exam,TP Substitutivo
6761,33,6,23,0,32,19,1,30,2,0,0,0,0,0,0,0,0,0,0,0,32,0,2,introducao a ciencia dos computadores,exam,TP Substitutivo
6762,41,7,36,6,37,23,1,34,3,0,1,0,1,0,0,0,0,0,0,0,40,0,1,introducao a ciencia dos computadores,exam,TP Substitutivo
6763,37,11,28,4,34,14,2,35,1,1,0,0,0,0,0,0,2,1,0,0,36,0,0,introducao a ciencia dos computadores,exam,TP Substitutivo
6764,37,6,29,2,35,17,1,34,4,0,2,0,1,0,0,0,1,0,0,0,36,0,2,introducao a ciencia dos computadores,exam,TP Substitutivo
6767,18,4,10,1,17,8,0,16,1,0,2,0,0,0,0,0,2,0,0,0,17,0,1,introducao a ciencia dos computadores,exam,TP 3: Est. Condicional Encadeada
6765,35,9,26,1,34,20,0,34,3,0,0,0,0,0,0,0,0,0,0,0,35,0,1,introducao a ciencia dos computadores,exam,TP 3: Est. Condicional Encadeada
6772,17,4,12,0,16,9,1,16,0,0,0,0,0,0,0,0,0,0,0,0,15,0,0,introducao a ciencia dos computadores,exam,TP 3: Est. Condicional Encadeada
6776,29,5,22,2,26,16,0,26,1,0,0,0,0,0,0,0,0,0,0,0,28,0,3,introducao a ciencia dos computadores,exam,TP 3: Est. Condicional Encadeada
6778,26,2,21,2,25,16,0,22,2,0,2,0,0,0,0,0,1,0,0,0,25,0,1,introducao a ciencia dos computadores,exam,TP 3: Est. Condicional Encadeada
6777,35,11,23,0,34,18,0,32,4,0,2,0,0,0,0,0,1,0,0,0,34,0,0,introducao a ciencia dos computadores,exam,TP 3: Est. Condicional Encadeada
6779,28,7,20,2,27,11,3,27,2,0,0,0,0,0,0,0,1,0,0,0,28,0,0,introducao a ciencia dos computadores,exam,TP 3: Est. Condicional Encadeada
6780,27,2,18,1,22,12,1,22,1,1,0,0,2,0,0,0,1,1,0,0,26,0,1,introducao a ciencia dos computadores,exam,TP 3: Est. Condicional Encadeada
6782,21,5,19,4,19,12,0,18,1,0,1,0,0,0,0,0,2,0,0,0,20,0,0,introducao a ciencia dos computadores,exam,TP 3: Est. Condicional Encadeada
6781,37,6,28,3,36,17,0,36,2,0,0,0,1,0,0,0,2,0,0,0,37,0,0,introducao a ciencia dos computadores,exam,TP 3: Est. Condicional Encadeada
6783,23,2,17,0,22,17,0,20,2,0,0,0,1,0,0,0,0,0,0,0,23,0,0,introducao a ciencia dos computadores,exam,TP 3: Est. Condicional Encadeada
6784,29,9,18,0,28,16,1,28,2,0,1,0,0,0,0,0,2,0,0,0,28,0,0,introducao a ciencia dos computadores,exam,TP 3: Est. Condicional Encadeada
6815,19,8,13,1,19,13,0,17,0,0,0,0,0,0,0,0,1,0,0,0,19,0,1,introducao a ciencia dos computadores,exam,TP 4: Estrutura de Repetição por Condição
6816,17,5,14,0,17,7,0,17,1,0,0,0,0,0,0,0,0,0,0,0,17,0,0,introducao a ciencia dos computadores,exam,TP 4: Estrutura de Repetição por Condição
6817,17,1,14,1,14,5,0,13,2,0,1,0,0,0,0,0,0,0,0,0,17,0,0,introducao a ciencia dos computadores,exam,TP 4: Estrutura de Repetição por Condição
6818,20,6,15,0,19,11,1,18,0,0,0,0,0,0,1,0,1,0,0,0,20,0,0,introducao a ciencia dos computadores,exam,TP 4: Estrutura de Repetição por Condição
6829,26,7,23,0,26,15,1,25,2,0,0,0,0,0,0,0,2,0,0,0,26,0,0,introducao a ciencia dos computadores,exam,TP 5: Vetores e Strings
6830,26,4,19,1,26,17,1,23,1,0,0,0,0,0,0,0,1,0,0,0,25,0,0,introducao a ciencia dos computadores,exam,TP 5: Vetores e Strings
6831,22,2,21,1,21,14,0,20,3,0,0,0,0,0,0,0,0,0,0,0,22,0,1,introducao a ciencia dos computadores,exam,TP 5: Vetores e Strings
6834,18,0,13,2,17,13,0,16,1,0,0,0,1,0,0,0,1,0,0,0,18,0,0,introducao a ciencia dos computadores,exam,TP 5: Vetores e Strings
6832,34,10,22,1,34,16,0,33,1,0,2,0,0,0,0,0,0,0,0,0,34,0,0,introducao a ciencia dos computadores,exam,TP 5: Vetores e Strings
6833,36,10,26,3,36,20,2,35,5,0,0,0,2,0,0,0,2,0,0,0,36,0,0,introducao a ciencia dos computadores,exam,TP 5: Vetores e Strings
6835,31,8,20,3,31,16,0,28,1,0,0,0,0,0,0,0,2,0,0,0,31,0,0,introducao a ciencia dos computadores,exam,TP 5: Vetores e Strings
6836,18,4,11,2,17,4,0,18,0,1,0,0,0,0,0,0,1,1,0,0,18,0,1,introducao a ciencia dos computadores,exam,TP 5: Vetores e Strings
6931,17,1,11,3,16,12,2,17,1,0,0,0,2,0,0,0,1,0,0,0,16,0,0,introducao a ciencia dos computadores,exam,TP 3: Est. Condicional Encadeada
6837,22,7,16,0,22,11,0,19,0,0,0,0,0,0,0,0,0,0,0,0,22,0,2,introducao a ciencia dos computadores,exam,TP 5: Vetores e Strings
6838,25,6,21,2,25,13,0,25,0,0,0,0,1,0,0,0,0,0,0,0,25,0,0,introducao a ciencia dos computadores,exam,TP 5: Vetores e Strings
6935,17,3,12,0,15,11,0,16,1,0,0,0,0,0,0,0,0,0,0,0,16,0,0,introducao a ciencia dos computadores,exam,TP 3: Est. Condicional Encadeada
6936,29,8,21,2,27,13,0,27,3,0,1,0,1,0,0,0,0,0,0,0,28,0,1,introducao a ciencia dos computadores,exam,TP 3: Est. Condicional Encadeada
6938,19,1,16,0,17,6,0,18,3,0,0,0,0,0,0,0,1,0,0,0,18,0,1,introducao a ciencia dos computadores,exam,TP 3: Est. Condicional Encadeada
6939,19,4,12,0,18,10,0,17,1,0,0,0,0,0,0,0,0,0,0,0,19,0,1,introducao a ciencia dos computadores,exam,TP 3: Est. Condicional Encadeada
6960,20,2,16,2,20,8,1,19,1,0,1,0,1,0,0,0,0,0,0,0,20,0,0,introducao a ciencia dos computadores,exam,TP 4: Estrutura de Repetição por Condição
6961,22,2,15,3,22,8,0,20,1,0,0,0,1,0,0,0,0,0,0,0,22,0,0,introducao a ciencia dos computadores,exam,TP 4: Estrutura de Repetição por Condição
7010,18,3,15,0,18,11,2,18,2,0,0,0,0,0,0,0,0,0,0,0,18,0,1,introducao a ciencia dos computadores,exam,TP 4: Estrutura de Repetição por Condição
7013,16,3,12,0,15,11,1,14,1,0,0,0,0,0,0,0,0,0,0,0,15,0,0,introducao a ciencia dos computadores,exam,TP 4: Estrutura de Repetição por Condição
7014,21,6,14,3,20,10,0,19,2,0,0,0,0,0,0,0,0,0,0,0,20,0,1,introducao a ciencia dos computadores,exam,TP 4: Estrutura de Repetição por Condição
7011,33,7,27,0,32,15,0,30,3,0,1,0,1,0,0,0,2,0,0,0,33,0,1,introducao a ciencia dos computadores,exam,TP 4: Estrutura de Repetição por Condição
