2025-08-18 19:30:36,192 cblogger [ERROR]: 		Error while extracting code complexity metrics: '(' was never closed (<unknown>, line 1)
Traceback (most recent call last):
  File "/root/QuestionInsight/Etapa_1/codebench-mining-tool/util.py", line 551, in extract_complexity_metrics
    v = ComplexityVisitor.from_code(code)
        ^^^^^^^^^^^^^^^^^^^^^^^^^^^^^^^^^
  File "/root/QuestionInsight/.venv/lib/python3.12/site-packages/radon/visitors.py", line 133, in from_code
    return cls.from_ast(code2ast(code), **kwargs)
                        ^^^^^^^^^^^^^^
  File "/root/QuestionInsight/.venv/lib/python3.12/site-packages/radon/visitors.py", line 48, in code2ast
    return ast.parse(source)
           ^^^^^^^^^^^^^^^^^
  File "/usr/lib/python3.12/ast.py", line 52, in parse
    return compile(source, filename, mode, flags,
           ^^^^^^^^^^^^^^^^^^^^^^^^^^^^^^^^^^^^^^
  File "<unknown>", line 1
    num = int(input("Insira um numero de 3 digitos: ")
             ^
SyntaxError: '(' was never closed
2025-08-18 19:30:36,194 cblogger [ERROR]: 		Error while extracting code size based metrics: SyntaxError at line: 1
Traceback (most recent call last):
  File "/root/QuestionInsight/.venv/lib/python3.12/site-packages/radon/raw.py", line 210, in analyze
    tokens, parsed_lines = _get_all_tokens(line, lines)
                           ^^^^^^^^^^^^^^^^^^^^^^^^^^^^
  File "/root/QuestionInsight/.venv/lib/python3.12/site-packages/radon/raw.py", line 117, in _get_all_tokens
    next_line = next(lines)
                ^^^^^^^^^^^
StopIteration

During handling of the above exception, another exception occurred:

Traceback (most recent call last):
  File "/root/QuestionInsight/Etapa_1/codebench-mining-tool/util.py", line 560, in extract_size_metrics
    a = analyze(code)
        ^^^^^^^^^^^^^
  File "/root/QuestionInsight/.venv/lib/python3.12/site-packages/radon/raw.py", line 212, in analyze
    raise SyntaxError('SyntaxError at line: {0}'.format(lineno))
SyntaxError: SyntaxError at line: 1
2025-08-18 19:30:36,194 cblogger [ERROR]: 		Error while extracting halsted code metrics: '(' was never closed (<unknown>, line 1)
Traceback (most recent call last):
  File "/root/QuestionInsight/Etapa_1/codebench-mining-tool/util.py", line 569, in extract_halstead_metrics
    h = h_visit(code)
        ^^^^^^^^^^^^^
  File "/root/QuestionInsight/.venv/lib/python3.12/site-packages/radon/metrics.py", line 29, in h_visit
    return h_visit_ast(ast.parse(code))
                       ^^^^^^^^^^^^^^^
  File "/usr/lib/python3.12/ast.py", line 52, in parse
    return compile(source, filename, mode, flags,
           ^^^^^^^^^^^^^^^^^^^^^^^^^^^^^^^^^^^^^^
  File "<unknown>", line 1
    num = int(input("Insira um numero de 3 digitos: ")
             ^
SyntaxError: '(' was never closed
2025-08-18 19:30:36,425 cblogger [ERROR]: 		Error while extracting code complexity metrics: invalid syntax (<unknown>, line 15)
Traceback (most recent call last):
  File "/root/QuestionInsight/Etapa_1/codebench-mining-tool/util.py", line 551, in extract_complexity_metrics
    v = ComplexityVisitor.from_code(code)
        ^^^^^^^^^^^^^^^^^^^^^^^^^^^^^^^^^
  File "/root/QuestionInsight/.venv/lib/python3.12/site-packages/radon/visitors.py", line 133, in from_code
    return cls.from_ast(code2ast(code), **kwargs)
                        ^^^^^^^^^^^^^^
  File "/root/QuestionInsight/.venv/lib/python3.12/site-packages/radon/visitors.py", line 48, in code2ast
    return ast.parse(source)
           ^^^^^^^^^^^^^^^^^
  File "/usr/lib/python3.12/ast.py", line 52, in parse
    return compile(source, filename, mode, flags,
           ^^^^^^^^^^^^^^^^^^^^^^^^^^^^^^^^^^^^^^
  File "<unknown>", line 15
    		https://codebench.icomp.ufam.edu.br/index.php?r=trabalho/view&id=4716&turma=491#tab-1621kcal += gramas[i] * 1.27
    		      ^^
SyntaxError: invalid syntax
2025-08-18 19:30:36,426 cblogger [ERROR]: 		Error while extracting halsted code metrics: invalid syntax (<unknown>, line 15)
Traceback (most recent call last):
  File "/root/QuestionInsight/Etapa_1/codebench-mining-tool/util.py", line 569, in extract_halstead_metrics
    h = h_visit(code)
        ^^^^^^^^^^^^^
  File "/root/QuestionInsight/.venv/lib/python3.12/site-packages/radon/metrics.py", line 29, in h_visit
    return h_visit_ast(ast.parse(code))
                       ^^^^^^^^^^^^^^^
  File "/usr/lib/python3.12/ast.py", line 52, in parse
    return compile(source, filename, mode, flags,
           ^^^^^^^^^^^^^^^^^^^^^^^^^^^^^^^^^^^^^^
  File "<unknown>", line 15
    		https://codebench.icomp.ufam.edu.br/index.php?r=trabalho/view&id=4716&turma=491#tab-1621kcal += gramas[i] * 1.27
    		      ^^
SyntaxError: invalid syntax
2025-08-18 19:30:36,426 cblogger [ERROR]: 		Error while extracting code token based metrics: 55
Traceback (most recent call last):
  File "/root/QuestionInsight/Etapa_1/codebench-mining-tool/util.py", line 633, in extract_token_metrics
    setattr(obj, TOKEN_NAMES[k], v)
                 ~~~~~~~~~~~^^^
KeyError: 55
2025-08-18 19:30:36,500 cblogger [ERROR]: 		Error while extracting code complexity metrics: invalid syntax (<unknown>, line 4)
Traceback (most recent call last):
  File "/root/QuestionInsight/Etapa_1/codebench-mining-tool/util.py", line 551, in extract_complexity_metrics
    v = ComplexityVisitor.from_code(code)
        ^^^^^^^^^^^^^^^^^^^^^^^^^^^^^^^^^
  File "/root/QuestionInsight/.venv/lib/python3.12/site-packages/radon/visitors.py", line 133, in from_code
    return cls.from_ast(code2ast(code), **kwargs)
                        ^^^^^^^^^^^^^^
  File "/root/QuestionInsight/.venv/lib/python3.12/site-packages/radon/visitors.py", line 48, in code2ast
    return ast.parse(source)
           ^^^^^^^^^^^^^^^^^
  File "/usr/lib/python3.12/ast.py", line 52, in parse
    return compile(source, filename, mode, flags,
           ^^^^^^^^^^^^^^^^^^^^^^^^^^^^^^^^^^^^^^
  File "<unknown>", line 4
    	soma = soma + 
    	              ^
SyntaxError: invalid syntax
2025-08-18 19:30:36,501 cblogger [ERROR]: 		Error while extracting halsted code metrics: invalid syntax (<unknown>, line 4)
Traceback (most recent call last):
  File "/root/QuestionInsight/Etapa_1/codebench-mining-tool/util.py", line 569, in extract_halstead_metrics
    h = h_visit(code)
        ^^^^^^^^^^^^^
  File "/root/QuestionInsight/.venv/lib/python3.12/site-packages/radon/metrics.py", line 29, in h_visit
    return h_visit_ast(ast.parse(code))
                       ^^^^^^^^^^^^^^^
  File "/usr/lib/python3.12/ast.py", line 52, in parse
    return compile(source, filename, mode, flags,
           ^^^^^^^^^^^^^^^^^^^^^^^^^^^^^^^^^^^^^^
  File "<unknown>", line 4
    	soma = soma + 
    	              ^
SyntaxError: invalid syntax
2025-08-18 19:30:36,507 cblogger [ERROR]: 		Error while extracting code complexity metrics: invalid syntax (<unknown>, line 5)
Traceback (most recent call last):
  File "/root/QuestionInsight/Etapa_1/codebench-mining-tool/util.py", line 551, in extract_complexity_metrics
    v = ComplexityVisitor.from_code(code)
        ^^^^^^^^^^^^^^^^^^^^^^^^^^^^^^^^^
  File "/root/QuestionInsight/.venv/lib/python3.12/site-packages/radon/visitors.py", line 133, in from_code
    return cls.from_ast(code2ast(code), **kwargs)
                        ^^^^^^^^^^^^^^
  File "/root/QuestionInsight/.venv/lib/python3.12/site-packages/radon/visitors.py", line 48, in code2ast
    return ast.parse(source)
           ^^^^^^^^^^^^^^^^^
  File "/usr/lib/python3.12/ast.py", line 52, in parse
    return compile(source, filename, mode, flags,
           ^^^^^^^^^^^^^^^^^^^^^^^^^^^^^^^^^^^^^^
  File "<unknown>", line 5
    while i len(string)
            ^^^
SyntaxError: invalid syntax
2025-08-18 19:30:36,512 cblogger [ERROR]: 		Error while extracting halsted code metrics: invalid syntax (<unknown>, line 5)
Traceback (most recent call last):
  File "/root/QuestionInsight/Etapa_1/codebench-mining-tool/util.py", line 569, in extract_halstead_metrics
    h = h_visit(code)
        ^^^^^^^^^^^^^
  File "/root/QuestionInsight/.venv/lib/python3.12/site-packages/radon/metrics.py", line 29, in h_visit
    return h_visit_ast(ast.parse(code))
                       ^^^^^^^^^^^^^^^
  File "/usr/lib/python3.12/ast.py", line 52, in parse
    return compile(source, filename, mode, flags,
           ^^^^^^^^^^^^^^^^^^^^^^^^^^^^^^^^^^^^^^
  File "<unknown>", line 5
    while i len(string)
            ^^^
SyntaxError: invalid syntax
2025-08-18 19:30:36,518 cblogger [ERROR]: 		Error while extracting code complexity metrics: '(' was never closed (<unknown>, line 6)
Traceback (most recent call last):
  File "/root/QuestionInsight/Etapa_1/codebench-mining-tool/util.py", line 551, in extract_complexity_metrics
    v = ComplexityVisitor.from_code(code)
        ^^^^^^^^^^^^^^^^^^^^^^^^^^^^^^^^^
  File "/root/QuestionInsight/.venv/lib/python3.12/site-packages/radon/visitors.py", line 133, in from_code
    return cls.from_ast(code2ast(code), **kwargs)
                        ^^^^^^^^^^^^^^
  File "/root/QuestionInsight/.venv/lib/python3.12/site-packages/radon/visitors.py", line 48, in code2ast
    return ast.parse(source)
           ^^^^^^^^^^^^^^^^^
  File "/usr/lib/python3.12/ast.py", line 52, in parse
    return compile(source, filename, mode, flags,
           ^^^^^^^^^^^^^^^^^^^^^^^^^^^^^^^^^^^^^^
  File "<unknown>", line 6
    print(round(valor, 2)
         ^
SyntaxError: '(' was never closed
2025-08-18 19:30:36,518 cblogger [ERROR]: 		Error while extracting code size based metrics: SyntaxError at line: 6
Traceback (most recent call last):
  File "/root/QuestionInsight/.venv/lib/python3.12/site-packages/radon/raw.py", line 210, in analyze
    tokens, parsed_lines = _get_all_tokens(line, lines)
                           ^^^^^^^^^^^^^^^^^^^^^^^^^^^^
  File "/root/QuestionInsight/.venv/lib/python3.12/site-packages/radon/raw.py", line 117, in _get_all_tokens
    next_line = next(lines)
                ^^^^^^^^^^^
StopIteration

During handling of the above exception, another exception occurred:

Traceback (most recent call last):
  File "/root/QuestionInsight/Etapa_1/codebench-mining-tool/util.py", line 560, in extract_size_metrics
    a = analyze(code)
        ^^^^^^^^^^^^^
  File "/root/QuestionInsight/.venv/lib/python3.12/site-packages/radon/raw.py", line 212, in analyze
    raise SyntaxError('SyntaxError at line: {0}'.format(lineno))
SyntaxError: SyntaxError at line: 6
2025-08-18 19:30:36,519 cblogger [ERROR]: 		Error while extracting halsted code metrics: '(' was never closed (<unknown>, line 6)
Traceback (most recent call last):
  File "/root/QuestionInsight/Etapa_1/codebench-mining-tool/util.py", line 569, in extract_halstead_metrics
    h = h_visit(code)
        ^^^^^^^^^^^^^
  File "/root/QuestionInsight/.venv/lib/python3.12/site-packages/radon/metrics.py", line 29, in h_visit
    return h_visit_ast(ast.parse(code))
                       ^^^^^^^^^^^^^^^
  File "/usr/lib/python3.12/ast.py", line 52, in parse
    return compile(source, filename, mode, flags,
           ^^^^^^^^^^^^^^^^^^^^^^^^^^^^^^^^^^^^^^
  File "<unknown>", line 6
    print(round(valor, 2)
         ^
SyntaxError: '(' was never closed
2025-08-18 19:30:36,524 cblogger [ERROR]: 		Error while extracting code complexity metrics: invalid syntax (<unknown>, line 2)
Traceback (most recent call last):
  File "/root/QuestionInsight/Etapa_1/codebench-mining-tool/util.py", line 551, in extract_complexity_metrics
    v = ComplexityVisitor.from_code(code)
        ^^^^^^^^^^^^^^^^^^^^^^^^^^^^^^^^^
  File "/root/QuestionInsight/.venv/lib/python3.12/site-packages/radon/visitors.py", line 133, in from_code
    return cls.from_ast(code2ast(code), **kwargs)
                        ^^^^^^^^^^^^^^
  File "/root/QuestionInsight/.venv/lib/python3.12/site-packages/radon/visitors.py", line 48, in code2ast
    return ast.parse(source)
           ^^^^^^^^^^^^^^^^^
  File "/usr/lib/python3.12/ast.py", line 52, in parse
    return compile(source, filename, mode, flags,
           ^^^^^^^^^^^^^^^^^^^^^^^^^^^^^^^^^^^^^^
  File "<unknown>", line 2
    print(string.???)
                 ^
SyntaxError: invalid syntax
2025-08-18 19:30:36,525 cblogger [ERROR]: 		Error while extracting halsted code metrics: invalid syntax (<unknown>, line 2)
Traceback (most recent call last):
  File "/root/QuestionInsight/Etapa_1/codebench-mining-tool/util.py", line 569, in extract_halstead_metrics
    h = h_visit(code)
        ^^^^^^^^^^^^^
  File "/root/QuestionInsight/.venv/lib/python3.12/site-packages/radon/metrics.py", line 29, in h_visit
    return h_visit_ast(ast.parse(code))
                       ^^^^^^^^^^^^^^^
  File "/usr/lib/python3.12/ast.py", line 52, in parse
    return compile(source, filename, mode, flags,
           ^^^^^^^^^^^^^^^^^^^^^^^^^^^^^^^^^^^^^^
  File "<unknown>", line 2
    print(string.???)
                 ^
SyntaxError: invalid syntax
2025-08-18 19:30:36,525 cblogger [ERROR]: 		Error while extracting code token based metrics: 55
Traceback (most recent call last):
  File "/root/QuestionInsight/Etapa_1/codebench-mining-tool/util.py", line 633, in extract_token_metrics
    setattr(obj, TOKEN_NAMES[k], v)
                 ~~~~~~~~~~~^^^
KeyError: 55
2025-08-18 19:30:36,531 cblogger [ERROR]: 		Error while extracting code complexity metrics: invalid syntax (<unknown>, line 5)
Traceback (most recent call last):
  File "/root/QuestionInsight/Etapa_1/codebench-mining-tool/util.py", line 551, in extract_complexity_metrics
    v = ComplexityVisitor.from_code(code)
        ^^^^^^^^^^^^^^^^^^^^^^^^^^^^^^^^^
  File "/root/QuestionInsight/.venv/lib/python3.12/site-packages/radon/visitors.py", line 133, in from_code
    return cls.from_ast(code2ast(code), **kwargs)
                        ^^^^^^^^^^^^^^
  File "/root/QuestionInsight/.venv/lib/python3.12/site-packages/radon/visitors.py", line 48, in code2ast
    return ast.parse(source)
           ^^^^^^^^^^^^^^^^^
  File "/usr/lib/python3.12/ast.py", line 52, in parse
    return compile(source, filename, mode, flags,
           ^^^^^^^^^^^^^^^^^^^^^^^^^^^^^^^^^^^^^^
  File "<unknown>", line 5
    for v in range(, size(
                   ^
SyntaxError: invalid syntax
2025-08-18 19:30:36,531 cblogger [ERROR]: 		Error while extracting code size based metrics: SyntaxError at line: 5
Traceback (most recent call last):
  File "/root/QuestionInsight/.venv/lib/python3.12/site-packages/radon/raw.py", line 210, in analyze
    tokens, parsed_lines = _get_all_tokens(line, lines)
                           ^^^^^^^^^^^^^^^^^^^^^^^^^^^^
  File "/root/QuestionInsight/.venv/lib/python3.12/site-packages/radon/raw.py", line 117, in _get_all_tokens
    next_line = next(lines)
                ^^^^^^^^^^^
StopIteration

During handling of the above exception, another exception occurred:

Traceback (most recent call last):
  File "/root/QuestionInsight/Etapa_1/codebench-mining-tool/util.py", line 560, in extract_size_metrics
    a = analyze(code)
        ^^^^^^^^^^^^^
  File "/root/QuestionInsight/.venv/lib/python3.12/site-packages/radon/raw.py", line 212, in analyze
    raise SyntaxError('SyntaxError at line: {0}'.format(lineno))
SyntaxError: SyntaxError at line: 5
2025-08-18 19:30:36,532 cblogger [ERROR]: 		Error while extracting halsted code metrics: invalid syntax (<unknown>, line 5)
Traceback (most recent call last):
  File "/root/QuestionInsight/Etapa_1/codebench-mining-tool/util.py", line 569, in extract_halstead_metrics
    h = h_visit(code)
        ^^^^^^^^^^^^^
  File "/root/QuestionInsight/.venv/lib/python3.12/site-packages/radon/metrics.py", line 29, in h_visit
    return h_visit_ast(ast.parse(code))
                       ^^^^^^^^^^^^^^^
  File "/usr/lib/python3.12/ast.py", line 52, in parse
    return compile(source, filename, mode, flags,
           ^^^^^^^^^^^^^^^^^^^^^^^^^^^^^^^^^^^^^^
  File "<unknown>", line 5
    for v in range(, size(
                   ^
SyntaxError: invalid syntax
2025-08-18 19:30:36,549 cblogger [ERROR]: 		Error while extracting code complexity metrics: invalid syntax (<unknown>, line 3)
Traceback (most recent call last):
  File "/root/QuestionInsight/Etapa_1/codebench-mining-tool/util.py", line 551, in extract_complexity_metrics
    v = ComplexityVisitor.from_code(code)
        ^^^^^^^^^^^^^^^^^^^^^^^^^^^^^^^^^
  File "/root/QuestionInsight/.venv/lib/python3.12/site-packages/radon/visitors.py", line 133, in from_code
    return cls.from_ast(code2ast(code), **kwargs)
                        ^^^^^^^^^^^^^^
  File "/root/QuestionInsight/.venv/lib/python3.12/site-packages/radon/visitors.py", line 48, in code2ast
    return ast.parse(source)
           ^^^^^^^^^^^^^^^^^
  File "/usr/lib/python3.12/ast.py", line 52, in parse
    return compile(source, filename, mode, flags,
           ^^^^^^^^^^^^^^^^^^^^^^^^^^^^^^^^^^^^^^
  File "<unknown>", line 3
    if
      ^
SyntaxError: invalid syntax
2025-08-18 19:30:36,550 cblogger [ERROR]: 		Error while extracting halsted code metrics: invalid syntax (<unknown>, line 3)
Traceback (most recent call last):
  File "/root/QuestionInsight/Etapa_1/codebench-mining-tool/util.py", line 569, in extract_halstead_metrics
    h = h_visit(code)
        ^^^^^^^^^^^^^
  File "/root/QuestionInsight/.venv/lib/python3.12/site-packages/radon/metrics.py", line 29, in h_visit
    return h_visit_ast(ast.parse(code))
                       ^^^^^^^^^^^^^^^
  File "/usr/lib/python3.12/ast.py", line 52, in parse
    return compile(source, filename, mode, flags,
           ^^^^^^^^^^^^^^^^^^^^^^^^^^^^^^^^^^^^^^
  File "<unknown>", line 3
    if
      ^
SyntaxError: invalid syntax
2025-08-18 19:30:36,557 cblogger [ERROR]: 		Error while extracting code complexity metrics: invalid syntax (<unknown>, line 5)
Traceback (most recent call last):
  File "/root/QuestionInsight/Etapa_1/codebench-mining-tool/util.py", line 551, in extract_complexity_metrics
    v = ComplexityVisitor.from_code(code)
        ^^^^^^^^^^^^^^^^^^^^^^^^^^^^^^^^^
  File "/root/QuestionInsight/.venv/lib/python3.12/site-packages/radon/visitors.py", line 133, in from_code
    return cls.from_ast(code2ast(code), **kwargs)
                        ^^^^^^^^^^^^^^
  File "/root/QuestionInsight/.venv/lib/python3.12/site-packages/radon/visitors.py", line 48, in code2ast
    return ast.parse(source)
           ^^^^^^^^^^^^^^^^^
  File "/usr/lib/python3.12/ast.py", line 52, in parse
    return compile(source, filename, mode, flags,
           ^^^^^^^^^^^^^^^^^^^^^^^^^^^^^^^^^^^^^^
  File "<unknown>", line 5
    i = 
        ^
SyntaxError: invalid syntax
2025-08-18 19:30:36,558 cblogger [ERROR]: 		Error while extracting halsted code metrics: invalid syntax (<unknown>, line 5)
Traceback (most recent call last):
  File "/root/QuestionInsight/Etapa_1/codebench-mining-tool/util.py", line 569, in extract_halstead_metrics
    h = h_visit(code)
        ^^^^^^^^^^^^^
  File "/root/QuestionInsight/.venv/lib/python3.12/site-packages/radon/metrics.py", line 29, in h_visit
    return h_visit_ast(ast.parse(code))
                       ^^^^^^^^^^^^^^^
  File "/usr/lib/python3.12/ast.py", line 52, in parse
    return compile(source, filename, mode, flags,
           ^^^^^^^^^^^^^^^^^^^^^^^^^^^^^^^^^^^^^^
  File "<unknown>", line 5
    i = 
        ^
SyntaxError: invalid syntax
2025-08-18 19:30:36,567 cblogger [ERROR]: 		Error while extracting code complexity metrics: expected an indented block after 'while' statement on line 4 (<unknown>, line 5)
Traceback (most recent call last):
  File "/root/QuestionInsight/Etapa_1/codebench-mining-tool/util.py", line 551, in extract_complexity_metrics
    v = ComplexityVisitor.from_code(code)
        ^^^^^^^^^^^^^^^^^^^^^^^^^^^^^^^^^
  File "/root/QuestionInsight/.venv/lib/python3.12/site-packages/radon/visitors.py", line 133, in from_code
    return cls.from_ast(code2ast(code), **kwargs)
                        ^^^^^^^^^^^^^^
  File "/root/QuestionInsight/.venv/lib/python3.12/site-packages/radon/visitors.py", line 48, in code2ast
    return ast.parse(source)
           ^^^^^^^^^^^^^^^^^
  File "/usr/lib/python3.12/ast.py", line 52, in parse
    return compile(source, filename, mode, flags,
           ^^^^^^^^^^^^^^^^^^^^^^^^^^^^^^^^^^^^^^
  File "<unknown>", line 5
    	
    	^
IndentationError: expected an indented block after 'while' statement on line 4
2025-08-18 19:30:36,568 cblogger [ERROR]: 		Error while extracting halsted code metrics: expected an indented block after 'while' statement on line 4 (<unknown>, line 5)
Traceback (most recent call last):
  File "/root/QuestionInsight/Etapa_1/codebench-mining-tool/util.py", line 569, in extract_halstead_metrics
    h = h_visit(code)
        ^^^^^^^^^^^^^
  File "/root/QuestionInsight/.venv/lib/python3.12/site-packages/radon/metrics.py", line 29, in h_visit
    return h_visit_ast(ast.parse(code))
                       ^^^^^^^^^^^^^^^
  File "/usr/lib/python3.12/ast.py", line 52, in parse
    return compile(source, filename, mode, flags,
           ^^^^^^^^^^^^^^^^^^^^^^^^^^^^^^^^^^^^^^
  File "<unknown>", line 5
    	
    	^
IndentationError: expected an indented block after 'while' statement on line 4
2025-08-18 19:30:36,588 cblogger [ERROR]: 		Error while extracting code complexity metrics: invalid syntax (<unknown>, line 5)
Traceback (most recent call last):
  File "/root/QuestionInsight/Etapa_1/codebench-mining-tool/util.py", line 551, in extract_complexity_metrics
    v = ComplexityVisitor.from_code(code)
        ^^^^^^^^^^^^^^^^^^^^^^^^^^^^^^^^^
  File "/root/QuestionInsight/.venv/lib/python3.12/site-packages/radon/visitors.py", line 133, in from_code
    return cls.from_ast(code2ast(code), **kwargs)
                        ^^^^^^^^^^^^^^
  File "/root/QuestionInsight/.venv/lib/python3.12/site-packages/radon/visitors.py", line 48, in code2ast
    return ast.parse(source)
           ^^^^^^^^^^^^^^^^^
  File "/usr/lib/python3.12/ast.py", line 52, in parse
    return compile(source, filename, mode, flags,
           ^^^^^^^^^^^^^^^^^^^^^^^^^^^^^^^^^^^^^^
  File "<unknown>", line 5
    while 
          ^
SyntaxError: invalid syntax
2025-08-18 19:30:36,588 cblogger [ERROR]: 		Error while extracting halsted code metrics: invalid syntax (<unknown>, line 5)
Traceback (most recent call last):
  File "/root/QuestionInsight/Etapa_1/codebench-mining-tool/util.py", line 569, in extract_halstead_metrics
    h = h_visit(code)
        ^^^^^^^^^^^^^
  File "/root/QuestionInsight/.venv/lib/python3.12/site-packages/radon/metrics.py", line 29, in h_visit
    return h_visit_ast(ast.parse(code))
                       ^^^^^^^^^^^^^^^
  File "/usr/lib/python3.12/ast.py", line 52, in parse
    return compile(source, filename, mode, flags,
           ^^^^^^^^^^^^^^^^^^^^^^^^^^^^^^^^^^^^^^
  File "<unknown>", line 5
    while 
          ^
SyntaxError: invalid syntax
2025-08-18 19:30:36,611 cblogger [ERROR]: 		Error while extracting code complexity metrics: expected an indented block after 'else' statement on line 6 (<unknown>, line 12)
Traceback (most recent call last):
  File "/root/QuestionInsight/Etapa_1/codebench-mining-tool/util.py", line 551, in extract_complexity_metrics
    v = ComplexityVisitor.from_code(code)
        ^^^^^^^^^^^^^^^^^^^^^^^^^^^^^^^^^
  File "/root/QuestionInsight/.venv/lib/python3.12/site-packages/radon/visitors.py", line 133, in from_code
    return cls.from_ast(code2ast(code), **kwargs)
                        ^^^^^^^^^^^^^^
  File "/root/QuestionInsight/.venv/lib/python3.12/site-packages/radon/visitors.py", line 48, in code2ast
    return ast.parse(source)
           ^^^^^^^^^^^^^^^^^
  File "/usr/lib/python3.12/ast.py", line 52, in parse
    return compile(source, filename, mode, flags,
           ^^^^^^^^^^^^^^^^^^^^^^^^^^^^^^^^^^^^^^
  File "<unknown>", line 12
    print(round (resultado, 2))
    ^^^^^
IndentationError: expected an indented block after 'else' statement on line 6
2025-08-18 19:30:36,611 cblogger [ERROR]: 		Error while extracting halsted code metrics: expected an indented block after 'else' statement on line 6 (<unknown>, line 12)
Traceback (most recent call last):
  File "/root/QuestionInsight/Etapa_1/codebench-mining-tool/util.py", line 569, in extract_halstead_metrics
    h = h_visit(code)
        ^^^^^^^^^^^^^
  File "/root/QuestionInsight/.venv/lib/python3.12/site-packages/radon/metrics.py", line 29, in h_visit
    return h_visit_ast(ast.parse(code))
                       ^^^^^^^^^^^^^^^
  File "/usr/lib/python3.12/ast.py", line 52, in parse
    return compile(source, filename, mode, flags,
           ^^^^^^^^^^^^^^^^^^^^^^^^^^^^^^^^^^^^^^
  File "<unknown>", line 12
    print(round (resultado, 2))
    ^^^^^
IndentationError: expected an indented block after 'else' statement on line 6
2025-08-18 19:30:36,616 cblogger [ERROR]: 		Error while extracting code complexity metrics: '(' was never closed (<unknown>, line 2)
Traceback (most recent call last):
  File "/root/QuestionInsight/Etapa_1/codebench-mining-tool/util.py", line 551, in extract_complexity_metrics
    v = ComplexityVisitor.from_code(code)
        ^^^^^^^^^^^^^^^^^^^^^^^^^^^^^^^^^
  File "/root/QuestionInsight/.venv/lib/python3.12/site-packages/radon/visitors.py", line 133, in from_code
    return cls.from_ast(code2ast(code), **kwargs)
                        ^^^^^^^^^^^^^^
  File "/root/QuestionInsight/.venv/lib/python3.12/site-packages/radon/visitors.py", line 48, in code2ast
    return ast.parse(source)
           ^^^^^^^^^^^^^^^^^
  File "/usr/lib/python3.12/ast.py", line 52, in parse
    return compile(source, filename, mode, flags,
           ^^^^^^^^^^^^^^^^^^^^^^^^^^^^^^^^^^^^^^
  File "<unknown>", line 2
    n = int(input("mumero de criancas")
           ^
SyntaxError: '(' was never closed
2025-08-18 19:30:36,617 cblogger [ERROR]: 		Error while extracting code size based metrics: SyntaxError at line: 2
Traceback (most recent call last):
  File "/root/QuestionInsight/.venv/lib/python3.12/site-packages/radon/raw.py", line 210, in analyze
    tokens, parsed_lines = _get_all_tokens(line, lines)
                           ^^^^^^^^^^^^^^^^^^^^^^^^^^^^
  File "/root/QuestionInsight/.venv/lib/python3.12/site-packages/radon/raw.py", line 117, in _get_all_tokens
    next_line = next(lines)
                ^^^^^^^^^^^
StopIteration

During handling of the above exception, another exception occurred:

Traceback (most recent call last):
  File "/root/QuestionInsight/Etapa_1/codebench-mining-tool/util.py", line 560, in extract_size_metrics
    a = analyze(code)
        ^^^^^^^^^^^^^
  File "/root/QuestionInsight/.venv/lib/python3.12/site-packages/radon/raw.py", line 212, in analyze
    raise SyntaxError('SyntaxError at line: {0}'.format(lineno))
SyntaxError: SyntaxError at line: 2
2025-08-18 19:30:36,617 cblogger [ERROR]: 		Error while extracting halsted code metrics: '(' was never closed (<unknown>, line 2)
Traceback (most recent call last):
  File "/root/QuestionInsight/Etapa_1/codebench-mining-tool/util.py", line 569, in extract_halstead_metrics
    h = h_visit(code)
        ^^^^^^^^^^^^^
  File "/root/QuestionInsight/.venv/lib/python3.12/site-packages/radon/metrics.py", line 29, in h_visit
    return h_visit_ast(ast.parse(code))
                       ^^^^^^^^^^^^^^^
  File "/usr/lib/python3.12/ast.py", line 52, in parse
    return compile(source, filename, mode, flags,
           ^^^^^^^^^^^^^^^^^^^^^^^^^^^^^^^^^^^^^^
  File "<unknown>", line 2
    n = int(input("mumero de criancas")
           ^
SyntaxError: '(' was never closed
2025-08-18 19:30:36,619 cblogger [ERROR]: 		Error while extracting code complexity metrics: cannot assign to literal here. Maybe you meant '==' instead of '='? (<unknown>, line 5)
Traceback (most recent call last):
  File "/root/QuestionInsight/Etapa_1/codebench-mining-tool/util.py", line 551, in extract_complexity_metrics
    v = ComplexityVisitor.from_code(code)
        ^^^^^^^^^^^^^^^^^^^^^^^^^^^^^^^^^
  File "/root/QuestionInsight/.venv/lib/python3.12/site-packages/radon/visitors.py", line 133, in from_code
    return cls.from_ast(code2ast(code), **kwargs)
                        ^^^^^^^^^^^^^^
  File "/root/QuestionInsight/.venv/lib/python3.12/site-packages/radon/visitors.py", line 48, in code2ast
    return ast.parse(source)
           ^^^^^^^^^^^^^^^^^
  File "/usr/lib/python3.12/ast.py", line 52, in parse
    return compile(source, filename, mode, flags,
           ^^^^^^^^^^^^^^^^^^^^^^^^^^^^^^^^^^^^^^
  File "<unknown>", line 5
    100 = 845 (input("Qual o valor unitario do jogo? "))
    ^^^
SyntaxError: cannot assign to literal here. Maybe you meant '==' instead of '='?
2025-08-18 19:30:36,620 cblogger [ERROR]: 		Error while extracting halsted code metrics: cannot assign to literal here. Maybe you meant '==' instead of '='? (<unknown>, line 5)
Traceback (most recent call last):
  File "/root/QuestionInsight/Etapa_1/codebench-mining-tool/util.py", line 569, in extract_halstead_metrics
    h = h_visit(code)
        ^^^^^^^^^^^^^
  File "/root/QuestionInsight/.venv/lib/python3.12/site-packages/radon/metrics.py", line 29, in h_visit
    return h_visit_ast(ast.parse(code))
                       ^^^^^^^^^^^^^^^
  File "/usr/lib/python3.12/ast.py", line 52, in parse
    return compile(source, filename, mode, flags,
           ^^^^^^^^^^^^^^^^^^^^^^^^^^^^^^^^^^^^^^
  File "<unknown>", line 5
    100 = 845 (input("Qual o valor unitario do jogo? "))
    ^^^
SyntaxError: cannot assign to literal here. Maybe you meant '==' instead of '='?
2025-08-18 19:30:36,620 cblogger [ERROR]: 		Error while extracting code token based metrics: 55
Traceback (most recent call last):
  File "/root/QuestionInsight/Etapa_1/codebench-mining-tool/util.py", line 633, in extract_token_metrics
    setattr(obj, TOKEN_NAMES[k], v)
                 ~~~~~~~~~~~^^^
KeyError: 55
2025-08-18 19:30:36,632 cblogger [ERROR]: 		Error while extracting code complexity metrics: invalid syntax (<unknown>, line 1)
Traceback (most recent call last):
  File "/root/QuestionInsight/Etapa_1/codebench-mining-tool/util.py", line 551, in extract_complexity_metrics
    v = ComplexityVisitor.from_code(code)
        ^^^^^^^^^^^^^^^^^^^^^^^^^^^^^^^^^
  File "/root/QuestionInsight/.venv/lib/python3.12/site-packages/radon/visitors.py", line 133, in from_code
    return cls.from_ast(code2ast(code), **kwargs)
                        ^^^^^^^^^^^^^^
  File "/root/QuestionInsight/.venv/lib/python3.12/site-packages/radon/visitors.py", line 48, in code2ast
    return ast.parse(source)
           ^^^^^^^^^^^^^^^^^
  File "/usr/lib/python3.12/ast.py", line 52, in parse
    return compile(source, filename, mode, flags,
           ^^^^^^^^^^^^^^^^^^^^^^^^^^^^^^^^^^^^^^
  File "<unknown>", line 1
    from impot math 
               ^^^^
SyntaxError: invalid syntax
2025-08-18 19:30:36,634 cblogger [ERROR]: 		Error while extracting halsted code metrics: invalid syntax (<unknown>, line 1)
Traceback (most recent call last):
  File "/root/QuestionInsight/Etapa_1/codebench-mining-tool/util.py", line 569, in extract_halstead_metrics
    h = h_visit(code)
        ^^^^^^^^^^^^^
  File "/root/QuestionInsight/.venv/lib/python3.12/site-packages/radon/metrics.py", line 29, in h_visit
    return h_visit_ast(ast.parse(code))
                       ^^^^^^^^^^^^^^^
  File "/usr/lib/python3.12/ast.py", line 52, in parse
    return compile(source, filename, mode, flags,
           ^^^^^^^^^^^^^^^^^^^^^^^^^^^^^^^^^^^^^^
  File "<unknown>", line 1
    from impot math 
               ^^^^
SyntaxError: invalid syntax
2025-08-18 19:30:36,822 cblogger [ERROR]: 		Error while extracting code complexity metrics: invalid syntax. Perhaps you forgot a comma? (<unknown>, line 11)
Traceback (most recent call last):
  File "/root/QuestionInsight/Etapa_1/codebench-mining-tool/util.py", line 551, in extract_complexity_metrics
    v = ComplexityVisitor.from_code(code)
        ^^^^^^^^^^^^^^^^^^^^^^^^^^^^^^^^^
  File "/root/QuestionInsight/.venv/lib/python3.12/site-packages/radon/visitors.py", line 133, in from_code
    return cls.from_ast(code2ast(code), **kwargs)
                        ^^^^^^^^^^^^^^
  File "/root/QuestionInsight/.venv/lib/python3.12/site-packages/radon/visitors.py", line 48, in code2ast
    return ast.parse(source)
           ^^^^^^^^^^^^^^^^^
  File "/usr/lib/python3.12/ast.py", line 52, in parse
    return compile(source, filename, mode, flags,
           ^^^^^^^^^^^^^^^^^^^^^^^^^^^^^^^^^^^^^^
  File "<unknown>", line 11
    if (___COMPLETE AQUI___):
        ^^^^^^^^^^^^^^^^^^^
SyntaxError: invalid syntax. Perhaps you forgot a comma?
2025-08-18 19:30:36,823 cblogger [ERROR]: 		Error while extracting halsted code metrics: invalid syntax. Perhaps you forgot a comma? (<unknown>, line 11)
Traceback (most recent call last):
  File "/root/QuestionInsight/Etapa_1/codebench-mining-tool/util.py", line 569, in extract_halstead_metrics
    h = h_visit(code)
        ^^^^^^^^^^^^^
  File "/root/QuestionInsight/.venv/lib/python3.12/site-packages/radon/metrics.py", line 29, in h_visit
    return h_visit_ast(ast.parse(code))
                       ^^^^^^^^^^^^^^^
  File "/usr/lib/python3.12/ast.py", line 52, in parse
    return compile(source, filename, mode, flags,
           ^^^^^^^^^^^^^^^^^^^^^^^^^^^^^^^^^^^^^^
  File "<unknown>", line 11
    if (___COMPLETE AQUI___):
        ^^^^^^^^^^^^^^^^^^^
SyntaxError: invalid syntax. Perhaps you forgot a comma?
2025-08-18 19:30:36,903 cblogger [ERROR]: 		Error while extracting code complexity metrics: invalid syntax (<unknown>, line 3)
Traceback (most recent call last):
  File "/root/QuestionInsight/Etapa_1/codebench-mining-tool/util.py", line 551, in extract_complexity_metrics
    v = ComplexityVisitor.from_code(code)
        ^^^^^^^^^^^^^^^^^^^^^^^^^^^^^^^^^
  File "/root/QuestionInsight/.venv/lib/python3.12/site-packages/radon/visitors.py", line 133, in from_code
    return cls.from_ast(code2ast(code), **kwargs)
                        ^^^^^^^^^^^^^^
  File "/root/QuestionInsight/.venv/lib/python3.12/site-packages/radon/visitors.py", line 48, in code2ast
    return ast.parse(source)
           ^^^^^^^^^^^^^^^^^
  File "/usr/lib/python3.12/ast.py", line 52, in parse
    return compile(source, filename, mode, flags,
           ^^^^^^^^^^^^^^^^^^^^^^^^^^^^^^^^^^^^^^
  File "<unknown>", line 3
    while 
          ^
SyntaxError: invalid syntax
2025-08-18 19:30:36,904 cblogger [ERROR]: 		Error while extracting halsted code metrics: invalid syntax (<unknown>, line 3)
Traceback (most recent call last):
  File "/root/QuestionInsight/Etapa_1/codebench-mining-tool/util.py", line 569, in extract_halstead_metrics
    h = h_visit(code)
        ^^^^^^^^^^^^^
  File "/root/QuestionInsight/.venv/lib/python3.12/site-packages/radon/metrics.py", line 29, in h_visit
    return h_visit_ast(ast.parse(code))
                       ^^^^^^^^^^^^^^^
  File "/usr/lib/python3.12/ast.py", line 52, in parse
    return compile(source, filename, mode, flags,
           ^^^^^^^^^^^^^^^^^^^^^^^^^^^^^^^^^^^^^^
  File "<unknown>", line 3
    while 
          ^
SyntaxError: invalid syntax
2025-08-18 19:30:36,911 cblogger [ERROR]: 		Error while extracting code complexity metrics: invalid syntax. Maybe you meant '==' or ':=' instead of '='? (<unknown>, line 2)
Traceback (most recent call last):
  File "/root/QuestionInsight/Etapa_1/codebench-mining-tool/util.py", line 551, in extract_complexity_metrics
    v = ComplexityVisitor.from_code(code)
        ^^^^^^^^^^^^^^^^^^^^^^^^^^^^^^^^^
  File "/root/QuestionInsight/.venv/lib/python3.12/site-packages/radon/visitors.py", line 133, in from_code
    return cls.from_ast(code2ast(code), **kwargs)
                        ^^^^^^^^^^^^^^
  File "/root/QuestionInsight/.venv/lib/python3.12/site-packages/radon/visitors.py", line 48, in code2ast
    return ast.parse(source)
           ^^^^^^^^^^^^^^^^^
  File "/usr/lib/python3.12/ast.py", line 52, in parse
    return compile(source, filename, mode, flags,
           ^^^^^^^^^^^^^^^^^^^^^^^^^^^^^^^^^^^^^^
  File "<unknown>", line 2
    while x=input("insira sua unidade:"):
          ^^^^^^^^^^^^^^^^^^^^^^^^^^^^^^
SyntaxError: invalid syntax. Maybe you meant '==' or ':=' instead of '='?
2025-08-18 19:30:36,914 cblogger [ERROR]: 		Error while extracting halsted code metrics: invalid syntax. Maybe you meant '==' or ':=' instead of '='? (<unknown>, line 2)
Traceback (most recent call last):
  File "/root/QuestionInsight/Etapa_1/codebench-mining-tool/util.py", line 569, in extract_halstead_metrics
    h = h_visit(code)
        ^^^^^^^^^^^^^
  File "/root/QuestionInsight/.venv/lib/python3.12/site-packages/radon/metrics.py", line 29, in h_visit
    return h_visit_ast(ast.parse(code))
                       ^^^^^^^^^^^^^^^
  File "/usr/lib/python3.12/ast.py", line 52, in parse
    return compile(source, filename, mode, flags,
           ^^^^^^^^^^^^^^^^^^^^^^^^^^^^^^^^^^^^^^
  File "<unknown>", line 2
    while x=input("insira sua unidade:"):
          ^^^^^^^^^^^^^^^^^^^^^^^^^^^^^^
SyntaxError: invalid syntax. Maybe you meant '==' or ':=' instead of '='?
2025-08-18 19:30:36,975 cblogger [ERROR]: 		Error while extracting code complexity metrics: '(' was never closed (<unknown>, line 2)
Traceback (most recent call last):
  File "/root/QuestionInsight/Etapa_1/codebench-mining-tool/util.py", line 551, in extract_complexity_metrics
    v = ComplexityVisitor.from_code(code)
        ^^^^^^^^^^^^^^^^^^^^^^^^^^^^^^^^^
  File "/root/QuestionInsight/.venv/lib/python3.12/site-packages/radon/visitors.py", line 133, in from_code
    return cls.from_ast(code2ast(code), **kwargs)
                        ^^^^^^^^^^^^^^
  File "/root/QuestionInsight/.venv/lib/python3.12/site-packages/radon/visitors.py", line 48, in code2ast
    return ast.parse(source)
           ^^^^^^^^^^^^^^^^^
  File "/usr/lib/python3.12/ast.py", line 52, in parse
    return compile(source, filename, mode, flags,
           ^^^^^^^^^^^^^^^^^^^^^^^^^^^^^^^^^^^^^^
  File "<unknown>", line 2
    print(fras
         ^
SyntaxError: '(' was never closed
2025-08-18 19:30:36,975 cblogger [ERROR]: 		Error while extracting code size based metrics: SyntaxError at line: 2
Traceback (most recent call last):
  File "/root/QuestionInsight/.venv/lib/python3.12/site-packages/radon/raw.py", line 210, in analyze
    tokens, parsed_lines = _get_all_tokens(line, lines)
                           ^^^^^^^^^^^^^^^^^^^^^^^^^^^^
  File "/root/QuestionInsight/.venv/lib/python3.12/site-packages/radon/raw.py", line 117, in _get_all_tokens
    next_line = next(lines)
                ^^^^^^^^^^^
StopIteration

During handling of the above exception, another exception occurred:

Traceback (most recent call last):
  File "/root/QuestionInsight/Etapa_1/codebench-mining-tool/util.py", line 560, in extract_size_metrics
    a = analyze(code)
        ^^^^^^^^^^^^^
  File "/root/QuestionInsight/.venv/lib/python3.12/site-packages/radon/raw.py", line 212, in analyze
    raise SyntaxError('SyntaxError at line: {0}'.format(lineno))
SyntaxError: SyntaxError at line: 2
2025-08-18 19:30:36,975 cblogger [ERROR]: 		Error while extracting halsted code metrics: '(' was never closed (<unknown>, line 2)
Traceback (most recent call last):
  File "/root/QuestionInsight/Etapa_1/codebench-mining-tool/util.py", line 569, in extract_halstead_metrics
    h = h_visit(code)
        ^^^^^^^^^^^^^
  File "/root/QuestionInsight/.venv/lib/python3.12/site-packages/radon/metrics.py", line 29, in h_visit
    return h_visit_ast(ast.parse(code))
                       ^^^^^^^^^^^^^^^
  File "/usr/lib/python3.12/ast.py", line 52, in parse
    return compile(source, filename, mode, flags,
           ^^^^^^^^^^^^^^^^^^^^^^^^^^^^^^^^^^^^^^
  File "<unknown>", line 2
    print(fras
         ^
SyntaxError: '(' was never closed
2025-08-18 19:30:37,025 cblogger [ERROR]: 		Error while extracting code complexity metrics: invalid syntax (<unknown>, line 6)
Traceback (most recent call last):
  File "/root/QuestionInsight/Etapa_1/codebench-mining-tool/util.py", line 551, in extract_complexity_metrics
    v = ComplexityVisitor.from_code(code)
        ^^^^^^^^^^^^^^^^^^^^^^^^^^^^^^^^^
  File "/root/QuestionInsight/.venv/lib/python3.12/site-packages/radon/visitors.py", line 133, in from_code
    return cls.from_ast(code2ast(code), **kwargs)
                        ^^^^^^^^^^^^^^
  File "/root/QuestionInsight/.venv/lib/python3.12/site-packages/radon/visitors.py", line 48, in code2ast
    return ast.parse(source)
           ^^^^^^^^^^^^^^^^^
  File "/usr/lib/python3.12/ast.py", line 52, in parse
    return compile(source, filename, mode, flags,
           ^^^^^^^^^^^^^^^^^^^^^^^^^^^^^^^^^^^^^^
  File "<unknown>", line 6
    while v == :
               ^
SyntaxError: invalid syntax
2025-08-18 19:30:37,026 cblogger [ERROR]: 		Error while extracting halsted code metrics: invalid syntax (<unknown>, line 6)
Traceback (most recent call last):
  File "/root/QuestionInsight/Etapa_1/codebench-mining-tool/util.py", line 569, in extract_halstead_metrics
    h = h_visit(code)
        ^^^^^^^^^^^^^
  File "/root/QuestionInsight/.venv/lib/python3.12/site-packages/radon/metrics.py", line 29, in h_visit
    return h_visit_ast(ast.parse(code))
                       ^^^^^^^^^^^^^^^
  File "/usr/lib/python3.12/ast.py", line 52, in parse
    return compile(source, filename, mode, flags,
           ^^^^^^^^^^^^^^^^^^^^^^^^^^^^^^^^^^^^^^
  File "<unknown>", line 6
    while v == :
               ^
SyntaxError: invalid syntax
2025-08-18 19:30:37,027 cblogger [ERROR]: 		Error while extracting code complexity metrics: invalid syntax (<unknown>, line 1)
Traceback (most recent call last):
  File "/root/QuestionInsight/Etapa_1/codebench-mining-tool/util.py", line 551, in extract_complexity_metrics
    v = ComplexityVisitor.from_code(code)
        ^^^^^^^^^^^^^^^^^^^^^^^^^^^^^^^^^
  File "/root/QuestionInsight/.venv/lib/python3.12/site-packages/radon/visitors.py", line 133, in from_code
    return cls.from_ast(code2ast(code), **kwargs)
                        ^^^^^^^^^^^^^^
  File "/root/QuestionInsight/.venv/lib/python3.12/site-packages/radon/visitors.py", line 48, in code2ast
    return ast.parse(source)
           ^^^^^^^^^^^^^^^^^
  File "/usr/lib/python3.12/ast.py", line 52, in parse
    return compile(source, filename, mode, flags,
           ^^^^^^^^^^^^^^^^^^^^^^^^^^^^^^^^^^^^^^
  File "<unknown>", line 1
    from math import 
                     ^
SyntaxError: invalid syntax
2025-08-18 19:30:37,028 cblogger [ERROR]: 		Error while extracting halsted code metrics: invalid syntax (<unknown>, line 1)
Traceback (most recent call last):
  File "/root/QuestionInsight/Etapa_1/codebench-mining-tool/util.py", line 569, in extract_halstead_metrics
    h = h_visit(code)
        ^^^^^^^^^^^^^
  File "/root/QuestionInsight/.venv/lib/python3.12/site-packages/radon/metrics.py", line 29, in h_visit
    return h_visit_ast(ast.parse(code))
                       ^^^^^^^^^^^^^^^
  File "/usr/lib/python3.12/ast.py", line 52, in parse
    return compile(source, filename, mode, flags,
           ^^^^^^^^^^^^^^^^^^^^^^^^^^^^^^^^^^^^^^
  File "<unknown>", line 1
    from math import 
                     ^
SyntaxError: invalid syntax
2025-08-18 19:30:37,038 cblogger [ERROR]: 		Error while extracting code complexity metrics: expected an indented block after 'if' statement on line 7 (<unknown>, line 8)
Traceback (most recent call last):
  File "/root/QuestionInsight/Etapa_1/codebench-mining-tool/util.py", line 551, in extract_complexity_metrics
    v = ComplexityVisitor.from_code(code)
        ^^^^^^^^^^^^^^^^^^^^^^^^^^^^^^^^^
  File "/root/QuestionInsight/.venv/lib/python3.12/site-packages/radon/visitors.py", line 133, in from_code
    return cls.from_ast(code2ast(code), **kwargs)
                        ^^^^^^^^^^^^^^
  File "/root/QuestionInsight/.venv/lib/python3.12/site-packages/radon/visitors.py", line 48, in code2ast
    return ast.parse(source)
           ^^^^^^^^^^^^^^^^^
  File "/usr/lib/python3.12/ast.py", line 52, in parse
    return compile(source, filename, mode, flags,
           ^^^^^^^^^^^^^^^^^^^^^^^^^^^^^^^^^^^^^^
  File "<unknown>", line 8
    	print(v)
    	^^^^^
IndentationError: expected an indented block after 'if' statement on line 7
2025-08-18 19:30:37,040 cblogger [ERROR]: 		Error while extracting halsted code metrics: expected an indented block after 'if' statement on line 7 (<unknown>, line 8)
Traceback (most recent call last):
  File "/root/QuestionInsight/Etapa_1/codebench-mining-tool/util.py", line 569, in extract_halstead_metrics
    h = h_visit(code)
        ^^^^^^^^^^^^^
  File "/root/QuestionInsight/.venv/lib/python3.12/site-packages/radon/metrics.py", line 29, in h_visit
    return h_visit_ast(ast.parse(code))
                       ^^^^^^^^^^^^^^^
  File "/usr/lib/python3.12/ast.py", line 52, in parse
    return compile(source, filename, mode, flags,
           ^^^^^^^^^^^^^^^^^^^^^^^^^^^^^^^^^^^^^^
  File "<unknown>", line 8
    	print(v)
    	^^^^^
IndentationError: expected an indented block after 'if' statement on line 7
2025-08-18 19:30:37,105 cblogger [ERROR]: 		Error while extracting code complexity metrics: invalid syntax (<unknown>, line 3)
Traceback (most recent call last):
  File "/root/QuestionInsight/Etapa_1/codebench-mining-tool/util.py", line 551, in extract_complexity_metrics
    v = ComplexityVisitor.from_code(code)
        ^^^^^^^^^^^^^^^^^^^^^^^^^^^^^^^^^
  File "/root/QuestionInsight/.venv/lib/python3.12/site-packages/radon/visitors.py", line 133, in from_code
    return cls.from_ast(code2ast(code), **kwargs)
                        ^^^^^^^^^^^^^^
  File "/root/QuestionInsight/.venv/lib/python3.12/site-packages/radon/visitors.py", line 48, in code2ast
    return ast.parse(source)
           ^^^^^^^^^^^^^^^^^
  File "/usr/lib/python3.12/ast.py", line 52, in parse
    return compile(source, filename, mode, flags,
           ^^^^^^^^^^^^^^^^^^^^^^^^^^^^^^^^^^^^^^
  File "<unknown>", line 3
    if quant=<17.5:
            ^
SyntaxError: invalid syntax
2025-08-18 19:30:37,105 cblogger [ERROR]: 		Error while extracting halsted code metrics: invalid syntax (<unknown>, line 3)
Traceback (most recent call last):
  File "/root/QuestionInsight/Etapa_1/codebench-mining-tool/util.py", line 569, in extract_halstead_metrics
    h = h_visit(code)
        ^^^^^^^^^^^^^
  File "/root/QuestionInsight/.venv/lib/python3.12/site-packages/radon/metrics.py", line 29, in h_visit
    return h_visit_ast(ast.parse(code))
                       ^^^^^^^^^^^^^^^
  File "/usr/lib/python3.12/ast.py", line 52, in parse
    return compile(source, filename, mode, flags,
           ^^^^^^^^^^^^^^^^^^^^^^^^^^^^^^^^^^^^^^
  File "<unknown>", line 3
    if quant=<17.5:
            ^
SyntaxError: invalid syntax
2025-08-18 19:30:37,135 cblogger [ERROR]: 		Error while extracting code complexity metrics: expected ':' (<unknown>, line 9)
Traceback (most recent call last):
  File "/root/QuestionInsight/Etapa_1/codebench-mining-tool/util.py", line 551, in extract_complexity_metrics
    v = ComplexityVisitor.from_code(code)
        ^^^^^^^^^^^^^^^^^^^^^^^^^^^^^^^^^
  File "/root/QuestionInsight/.venv/lib/python3.12/site-packages/radon/visitors.py", line 133, in from_code
    return cls.from_ast(code2ast(code), **kwargs)
                        ^^^^^^^^^^^^^^
  File "/root/QuestionInsight/.venv/lib/python3.12/site-packages/radon/visitors.py", line 48, in code2ast
    return ast.parse(source)
           ^^^^^^^^^^^^^^^^^
  File "/usr/lib/python3.12/ast.py", line 52, in parse
    return compile(source, filename, mode, flags,
           ^^^^^^^^^^^^^^^^^^^^^^^^^^^^^^^^^^^^^^
  File "<unknown>", line 9
    	if vet[i] % 3 == 0
    	                  ^
SyntaxError: expected ':'
2025-08-18 19:30:37,136 cblogger [ERROR]: 		Error while extracting halsted code metrics: expected ':' (<unknown>, line 9)
Traceback (most recent call last):
  File "/root/QuestionInsight/Etapa_1/codebench-mining-tool/util.py", line 569, in extract_halstead_metrics
    h = h_visit(code)
        ^^^^^^^^^^^^^
  File "/root/QuestionInsight/.venv/lib/python3.12/site-packages/radon/metrics.py", line 29, in h_visit
    return h_visit_ast(ast.parse(code))
                       ^^^^^^^^^^^^^^^
  File "/usr/lib/python3.12/ast.py", line 52, in parse
    return compile(source, filename, mode, flags,
           ^^^^^^^^^^^^^^^^^^^^^^^^^^^^^^^^^^^^^^
  File "<unknown>", line 9
    	if vet[i] % 3 == 0
    	                  ^
SyntaxError: expected ':'
2025-08-18 19:30:37,179 cblogger [ERROR]: 		Error while extracting code complexity metrics: invalid syntax (<unknown>, line 6)
Traceback (most recent call last):
  File "/root/QuestionInsight/Etapa_1/codebench-mining-tool/util.py", line 551, in extract_complexity_metrics
    v = ComplexityVisitor.from_code(code)
        ^^^^^^^^^^^^^^^^^^^^^^^^^^^^^^^^^
  File "/root/QuestionInsight/.venv/lib/python3.12/site-packages/radon/visitors.py", line 133, in from_code
    return cls.from_ast(code2ast(code), **kwargs)
                        ^^^^^^^^^^^^^^
  File "/root/QuestionInsight/.venv/lib/python3.12/site-packages/radon/visitors.py", line 48, in code2ast
    return ast.parse(source)
           ^^^^^^^^^^^^^^^^^
  File "/usr/lib/python3.12/ast.py", line 52, in parse
    return compile(source, filename, mode, flags,
           ^^^^^^^^^^^^^^^^^^^^^^^^^^^^^^^^^^^^^^
  File "<unknown>", line 6
    while
         ^
SyntaxError: invalid syntax
2025-08-18 19:30:37,179 cblogger [ERROR]: 		Error while extracting halsted code metrics: invalid syntax (<unknown>, line 6)
Traceback (most recent call last):
  File "/root/QuestionInsight/Etapa_1/codebench-mining-tool/util.py", line 569, in extract_halstead_metrics
    h = h_visit(code)
        ^^^^^^^^^^^^^
  File "/root/QuestionInsight/.venv/lib/python3.12/site-packages/radon/metrics.py", line 29, in h_visit
    return h_visit_ast(ast.parse(code))
                       ^^^^^^^^^^^^^^^
  File "/usr/lib/python3.12/ast.py", line 52, in parse
    return compile(source, filename, mode, flags,
           ^^^^^^^^^^^^^^^^^^^^^^^^^^^^^^^^^^^^^^
  File "<unknown>", line 6
    while
         ^
SyntaxError: invalid syntax
2025-08-18 19:30:37,282 cblogger [ERROR]: 		Error while extracting code complexity metrics: invalid syntax (<unknown>, line 4)
Traceback (most recent call last):
  File "/root/QuestionInsight/Etapa_1/codebench-mining-tool/util.py", line 551, in extract_complexity_metrics
    v = ComplexityVisitor.from_code(code)
        ^^^^^^^^^^^^^^^^^^^^^^^^^^^^^^^^^
  File "/root/QuestionInsight/.venv/lib/python3.12/site-packages/radon/visitors.py", line 133, in from_code
    return cls.from_ast(code2ast(code), **kwargs)
                        ^^^^^^^^^^^^^^
  File "/root/QuestionInsight/.venv/lib/python3.12/site-packages/radon/visitors.py", line 48, in code2ast
    return ast.parse(source)
           ^^^^^^^^^^^^^^^^^
  File "/usr/lib/python3.12/ast.py", line 52, in parse
    return compile(source, filename, mode, flags,
           ^^^^^^^^^^^^^^^^^^^^^^^^^^^^^^^^^^^^^^
  File "<unknown>", line 4
    while 
          ^
SyntaxError: invalid syntax
2025-08-18 19:30:37,282 cblogger [ERROR]: 		Error while extracting halsted code metrics: invalid syntax (<unknown>, line 4)
Traceback (most recent call last):
  File "/root/QuestionInsight/Etapa_1/codebench-mining-tool/util.py", line 569, in extract_halstead_metrics
    h = h_visit(code)
        ^^^^^^^^^^^^^
  File "/root/QuestionInsight/.venv/lib/python3.12/site-packages/radon/metrics.py", line 29, in h_visit
    return h_visit_ast(ast.parse(code))
                       ^^^^^^^^^^^^^^^
  File "/usr/lib/python3.12/ast.py", line 52, in parse
    return compile(source, filename, mode, flags,
           ^^^^^^^^^^^^^^^^^^^^^^^^^^^^^^^^^^^^^^
  File "<unknown>", line 4
    while 
          ^
SyntaxError: invalid syntax
2025-08-18 19:30:37,362 cblogger [ERROR]: 		Error while extracting code complexity metrics: expression cannot contain assignment, perhaps you meant "=="? (<unknown>, line 1)
Traceback (most recent call last):
  File "/root/QuestionInsight/Etapa_1/codebench-mining-tool/util.py", line 551, in extract_complexity_metrics
    v = ComplexityVisitor.from_code(code)
        ^^^^^^^^^^^^^^^^^^^^^^^^^^^^^^^^^
  File "/root/QuestionInsight/.venv/lib/python3.12/site-packages/radon/visitors.py", line 133, in from_code
    return cls.from_ast(code2ast(code), **kwargs)
                        ^^^^^^^^^^^^^^
  File "/root/QuestionInsight/.venv/lib/python3.12/site-packages/radon/visitors.py", line 48, in code2ast
    return ast.parse(source)
           ^^^^^^^^^^^^^^^^^
  File "/usr/lib/python3.12/ast.py", line 52, in parse
    return compile(source, filename, mode, flags,
           ^^^^^^^^^^^^^^^^^^^^^^^^^^^^^^^^^^^^^^
  File "<unknown>", line 1
    round(f(x)= x**2 and x and 1)
          ^^^^^
SyntaxError: expression cannot contain assignment, perhaps you meant "=="?
2025-08-18 19:30:37,363 cblogger [ERROR]: 		Error while extracting halsted code metrics: expression cannot contain assignment, perhaps you meant "=="? (<unknown>, line 1)
Traceback (most recent call last):
  File "/root/QuestionInsight/Etapa_1/codebench-mining-tool/util.py", line 569, in extract_halstead_metrics
    h = h_visit(code)
        ^^^^^^^^^^^^^
  File "/root/QuestionInsight/.venv/lib/python3.12/site-packages/radon/metrics.py", line 29, in h_visit
    return h_visit_ast(ast.parse(code))
                       ^^^^^^^^^^^^^^^
  File "/usr/lib/python3.12/ast.py", line 52, in parse
    return compile(source, filename, mode, flags,
           ^^^^^^^^^^^^^^^^^^^^^^^^^^^^^^^^^^^^^^
  File "<unknown>", line 1
    round(f(x)= x**2 and x and 1)
          ^^^^^
SyntaxError: expression cannot contain assignment, perhaps you meant "=="?
2025-08-18 19:30:37,366 cblogger [ERROR]: 		Error while extracting code complexity metrics: invalid syntax (<unknown>, line 8)
Traceback (most recent call last):
  File "/root/QuestionInsight/Etapa_1/codebench-mining-tool/util.py", line 551, in extract_complexity_metrics
    v = ComplexityVisitor.from_code(code)
        ^^^^^^^^^^^^^^^^^^^^^^^^^^^^^^^^^
  File "/root/QuestionInsight/.venv/lib/python3.12/site-packages/radon/visitors.py", line 133, in from_code
    return cls.from_ast(code2ast(code), **kwargs)
                        ^^^^^^^^^^^^^^
  File "/root/QuestionInsight/.venv/lib/python3.12/site-packages/radon/visitors.py", line 48, in code2ast
    return ast.parse(source)
           ^^^^^^^^^^^^^^^^^
  File "/usr/lib/python3.12/ast.py", line 52, in parse
    return compile(source, filename, mode, flags,
           ^^^^^^^^^^^^^^^^^^^^^^^^^^^^^^^^^^^^^^
  File "<unknown>", line 8
    total = 
            ^
SyntaxError: invalid syntax
2025-08-18 19:30:37,367 cblogger [ERROR]: 		Error while extracting halsted code metrics: invalid syntax (<unknown>, line 8)
Traceback (most recent call last):
  File "/root/QuestionInsight/Etapa_1/codebench-mining-tool/util.py", line 569, in extract_halstead_metrics
    h = h_visit(code)
        ^^^^^^^^^^^^^
  File "/root/QuestionInsight/.venv/lib/python3.12/site-packages/radon/metrics.py", line 29, in h_visit
    return h_visit_ast(ast.parse(code))
                       ^^^^^^^^^^^^^^^
  File "/usr/lib/python3.12/ast.py", line 52, in parse
    return compile(source, filename, mode, flags,
           ^^^^^^^^^^^^^^^^^^^^^^^^^^^^^^^^^^^^^^
  File "<unknown>", line 8
    total = 
            ^
SyntaxError: invalid syntax
2025-08-18 19:30:37,384 cblogger [ERROR]: 		Error while extracting code complexity metrics: expected an indented block after 'if' statement on line 7 (<unknown>, line 9)
Traceback (most recent call last):
  File "/root/QuestionInsight/Etapa_1/codebench-mining-tool/util.py", line 551, in extract_complexity_metrics
    v = ComplexityVisitor.from_code(code)
        ^^^^^^^^^^^^^^^^^^^^^^^^^^^^^^^^^
  File "/root/QuestionInsight/.venv/lib/python3.12/site-packages/radon/visitors.py", line 133, in from_code
    return cls.from_ast(code2ast(code), **kwargs)
                        ^^^^^^^^^^^^^^
  File "/root/QuestionInsight/.venv/lib/python3.12/site-packages/radon/visitors.py", line 48, in code2ast
    return ast.parse(source)
           ^^^^^^^^^^^^^^^^^
  File "/usr/lib/python3.12/ast.py", line 52, in parse
    return compile(source, filename, mode, flags,
           ^^^^^^^^^^^^^^^^^^^^^^^^^^^^^^^^^^^^^^
  File "<unknown>", line 9
    
    ^
IndentationError: expected an indented block after 'if' statement on line 7
2025-08-18 19:30:37,385 cblogger [ERROR]: 		Error while extracting halsted code metrics: expected an indented block after 'if' statement on line 7 (<unknown>, line 9)
Traceback (most recent call last):
  File "/root/QuestionInsight/Etapa_1/codebench-mining-tool/util.py", line 569, in extract_halstead_metrics
    h = h_visit(code)
        ^^^^^^^^^^^^^
  File "/root/QuestionInsight/.venv/lib/python3.12/site-packages/radon/metrics.py", line 29, in h_visit
    return h_visit_ast(ast.parse(code))
                       ^^^^^^^^^^^^^^^
  File "/usr/lib/python3.12/ast.py", line 52, in parse
    return compile(source, filename, mode, flags,
           ^^^^^^^^^^^^^^^^^^^^^^^^^^^^^^^^^^^^^^
  File "<unknown>", line 9
    
    ^
IndentationError: expected an indented block after 'if' statement on line 7
2025-08-18 19:30:37,387 cblogger [ERROR]: 		Error while extracting code complexity metrics: unterminated string literal (detected at line 4) (<unknown>, line 4)
Traceback (most recent call last):
  File "/root/QuestionInsight/Etapa_1/codebench-mining-tool/util.py", line 551, in extract_complexity_metrics
    v = ComplexityVisitor.from_code(code)
        ^^^^^^^^^^^^^^^^^^^^^^^^^^^^^^^^^
  File "/root/QuestionInsight/.venv/lib/python3.12/site-packages/radon/visitors.py", line 133, in from_code
    return cls.from_ast(code2ast(code), **kwargs)
                        ^^^^^^^^^^^^^^
  File "/root/QuestionInsight/.venv/lib/python3.12/site-packages/radon/visitors.py", line 48, in code2ast
    return ast.parse(source)
           ^^^^^^^^^^^^^^^^^
  File "/usr/lib/python3.12/ast.py", line 52, in parse
    return compile(source, filename, mode, flags,
           ^^^^^^^^^^^^^^^^^^^^^^^^^^^^^^^^^^^^^^
  File "<unknown>", line 4
    resultado = int(input("Digite o resultado do lançamento ("1 a 6""): "))
                                                                        ^
SyntaxError: unterminated string literal (detected at line 4)
2025-08-18 19:30:37,388 cblogger [ERROR]: 		Error while extracting code size based metrics: SyntaxError at line: 4
Traceback (most recent call last):
  File "/root/QuestionInsight/.venv/lib/python3.12/site-packages/radon/raw.py", line 210, in analyze
    tokens, parsed_lines = _get_all_tokens(line, lines)
                           ^^^^^^^^^^^^^^^^^^^^^^^^^^^^
  File "/root/QuestionInsight/.venv/lib/python3.12/site-packages/radon/raw.py", line 117, in _get_all_tokens
    next_line = next(lines)
                ^^^^^^^^^^^
StopIteration

During handling of the above exception, another exception occurred:

Traceback (most recent call last):
  File "/root/QuestionInsight/Etapa_1/codebench-mining-tool/util.py", line 560, in extract_size_metrics
    a = analyze(code)
        ^^^^^^^^^^^^^
  File "/root/QuestionInsight/.venv/lib/python3.12/site-packages/radon/raw.py", line 212, in analyze
    raise SyntaxError('SyntaxError at line: {0}'.format(lineno))
SyntaxError: SyntaxError at line: 4
2025-08-18 19:30:37,389 cblogger [ERROR]: 		Error while extracting halsted code metrics: unterminated string literal (detected at line 4) (<unknown>, line 4)
Traceback (most recent call last):
  File "/root/QuestionInsight/Etapa_1/codebench-mining-tool/util.py", line 569, in extract_halstead_metrics
    h = h_visit(code)
        ^^^^^^^^^^^^^
  File "/root/QuestionInsight/.venv/lib/python3.12/site-packages/radon/metrics.py", line 29, in h_visit
    return h_visit_ast(ast.parse(code))
                       ^^^^^^^^^^^^^^^
  File "/usr/lib/python3.12/ast.py", line 52, in parse
    return compile(source, filename, mode, flags,
           ^^^^^^^^^^^^^^^^^^^^^^^^^^^^^^^^^^^^^^
  File "<unknown>", line 4
    resultado = int(input("Digite o resultado do lançamento ("1 a 6""): "))
                                                                        ^
SyntaxError: unterminated string literal (detected at line 4)
2025-08-18 19:30:37,398 cblogger [ERROR]: 		Error while extracting code complexity metrics: expected ':' (<unknown>, line 7)
Traceback (most recent call last):
  File "/root/QuestionInsight/Etapa_1/codebench-mining-tool/util.py", line 551, in extract_complexity_metrics
    v = ComplexityVisitor.from_code(code)
        ^^^^^^^^^^^^^^^^^^^^^^^^^^^^^^^^^
  File "/root/QuestionInsight/.venv/lib/python3.12/site-packages/radon/visitors.py", line 133, in from_code
    return cls.from_ast(code2ast(code), **kwargs)
                        ^^^^^^^^^^^^^^
  File "/root/QuestionInsight/.venv/lib/python3.12/site-packages/radon/visitors.py", line 48, in code2ast
    return ast.parse(source)
           ^^^^^^^^^^^^^^^^^
  File "/usr/lib/python3.12/ast.py", line 52, in parse
    return compile(source, filename, mode, flags,
           ^^^^^^^^^^^^^^^^^^^^^^^^^^^^^^^^^^^^^^
  File "<unknown>", line 7
    	if x 
    	     ^
SyntaxError: expected ':'
2025-08-18 19:30:37,399 cblogger [ERROR]: 		Error while extracting halsted code metrics: expected ':' (<unknown>, line 7)
Traceback (most recent call last):
  File "/root/QuestionInsight/Etapa_1/codebench-mining-tool/util.py", line 569, in extract_halstead_metrics
    h = h_visit(code)
        ^^^^^^^^^^^^^
  File "/root/QuestionInsight/.venv/lib/python3.12/site-packages/radon/metrics.py", line 29, in h_visit
    return h_visit_ast(ast.parse(code))
                       ^^^^^^^^^^^^^^^
  File "/usr/lib/python3.12/ast.py", line 52, in parse
    return compile(source, filename, mode, flags,
           ^^^^^^^^^^^^^^^^^^^^^^^^^^^^^^^^^^^^^^
  File "<unknown>", line 7
    	if x 
    	     ^
SyntaxError: expected ':'
2025-08-18 19:30:37,400 cblogger [ERROR]: 		Error while extracting code complexity metrics: invalid syntax (<unknown>, line 4)
Traceback (most recent call last):
  File "/root/QuestionInsight/Etapa_1/codebench-mining-tool/util.py", line 551, in extract_complexity_metrics
    v = ComplexityVisitor.from_code(code)
        ^^^^^^^^^^^^^^^^^^^^^^^^^^^^^^^^^
  File "/root/QuestionInsight/.venv/lib/python3.12/site-packages/radon/visitors.py", line 133, in from_code
    return cls.from_ast(code2ast(code), **kwargs)
                        ^^^^^^^^^^^^^^
  File "/root/QuestionInsight/.venv/lib/python3.12/site-packages/radon/visitors.py", line 48, in code2ast
    return ast.parse(source)
           ^^^^^^^^^^^^^^^^^
  File "/usr/lib/python3.12/ast.py", line 52, in parse
    return compile(source, filename, mode, flags,
           ^^^^^^^^^^^^^^^^^^^^^^^^^^^^^^^^^^^^^^
  File "<unknown>", line 4
    while 
          ^
SyntaxError: invalid syntax
2025-08-18 19:30:37,401 cblogger [ERROR]: 		Error while extracting halsted code metrics: invalid syntax (<unknown>, line 4)
Traceback (most recent call last):
  File "/root/QuestionInsight/Etapa_1/codebench-mining-tool/util.py", line 569, in extract_halstead_metrics
    h = h_visit(code)
        ^^^^^^^^^^^^^
  File "/root/QuestionInsight/.venv/lib/python3.12/site-packages/radon/metrics.py", line 29, in h_visit
    return h_visit_ast(ast.parse(code))
                       ^^^^^^^^^^^^^^^
  File "/usr/lib/python3.12/ast.py", line 52, in parse
    return compile(source, filename, mode, flags,
           ^^^^^^^^^^^^^^^^^^^^^^^^^^^^^^^^^^^^^^
  File "<unknown>", line 4
    while 
          ^
SyntaxError: invalid syntax
2025-08-18 19:30:37,416 cblogger [ERROR]: 		Error while extracting code complexity metrics: invalid syntax (<unknown>, line 1)
Traceback (most recent call last):
  File "/root/QuestionInsight/Etapa_1/codebench-mining-tool/util.py", line 551, in extract_complexity_metrics
    v = ComplexityVisitor.from_code(code)
        ^^^^^^^^^^^^^^^^^^^^^^^^^^^^^^^^^
  File "/root/QuestionInsight/.venv/lib/python3.12/site-packages/radon/visitors.py", line 133, in from_code
    return cls.from_ast(code2ast(code), **kwargs)
                        ^^^^^^^^^^^^^^
  File "/root/QuestionInsight/.venv/lib/python3.12/site-packages/radon/visitors.py", line 48, in code2ast
    return ast.parse(source)
           ^^^^^^^^^^^^^^^^^
  File "/usr/lib/python3.12/ast.py", line 52, in parse
    return compile(source, filename, mode, flags,
           ^^^^^^^^^^^^^^^^^^^^^^^^^^^^^^^^^^^^^^
  File "<unknown>", line 1
    UFAM = universidade federaldo amazonas
                        ^^^^^^^^^
SyntaxError: invalid syntax
2025-08-18 19:30:37,417 cblogger [ERROR]: 		Error while extracting halsted code metrics: invalid syntax (<unknown>, line 1)
Traceback (most recent call last):
  File "/root/QuestionInsight/Etapa_1/codebench-mining-tool/util.py", line 569, in extract_halstead_metrics
    h = h_visit(code)
        ^^^^^^^^^^^^^
  File "/root/QuestionInsight/.venv/lib/python3.12/site-packages/radon/metrics.py", line 29, in h_visit
    return h_visit_ast(ast.parse(code))
                       ^^^^^^^^^^^^^^^
  File "/usr/lib/python3.12/ast.py", line 52, in parse
    return compile(source, filename, mode, flags,
           ^^^^^^^^^^^^^^^^^^^^^^^^^^^^^^^^^^^^^^
  File "<unknown>", line 1
    UFAM = universidade federaldo amazonas
                        ^^^^^^^^^
SyntaxError: invalid syntax
2025-08-18 19:30:37,463 cblogger [ERROR]: 		Error while extracting code complexity metrics: invalid syntax (<unknown>, line 1)
Traceback (most recent call last):
  File "/root/QuestionInsight/Etapa_1/codebench-mining-tool/util.py", line 551, in extract_complexity_metrics
    v = ComplexityVisitor.from_code(code)
        ^^^^^^^^^^^^^^^^^^^^^^^^^^^^^^^^^
  File "/root/QuestionInsight/.venv/lib/python3.12/site-packages/radon/visitors.py", line 133, in from_code
    return cls.from_ast(code2ast(code), **kwargs)
                        ^^^^^^^^^^^^^^
  File "/root/QuestionInsight/.venv/lib/python3.12/site-packages/radon/visitors.py", line 48, in code2ast
    return ast.parse(source)
           ^^^^^^^^^^^^^^^^^
  File "/usr/lib/python3.12/ast.py", line 52, in parse
    return compile(source, filename, mode, flags,
           ^^^^^^^^^^^^^^^^^^^^^^^^^^^^^^^^^^^^^^
  File "<unknown>", line 1
    resultados =
                ^
SyntaxError: invalid syntax
2025-08-18 19:30:37,463 cblogger [ERROR]: 		Error while extracting halsted code metrics: invalid syntax (<unknown>, line 1)
Traceback (most recent call last):
  File "/root/QuestionInsight/Etapa_1/codebench-mining-tool/util.py", line 569, in extract_halstead_metrics
    h = h_visit(code)
        ^^^^^^^^^^^^^
  File "/root/QuestionInsight/.venv/lib/python3.12/site-packages/radon/metrics.py", line 29, in h_visit
    return h_visit_ast(ast.parse(code))
                       ^^^^^^^^^^^^^^^
  File "/usr/lib/python3.12/ast.py", line 52, in parse
    return compile(source, filename, mode, flags,
           ^^^^^^^^^^^^^^^^^^^^^^^^^^^^^^^^^^^^^^
  File "<unknown>", line 1
    resultados =
                ^
SyntaxError: invalid syntax
2025-08-18 19:30:37,496 cblogger [ERROR]: 		Error while extracting code complexity metrics: unindent does not match any outer indentation level (<unknown>, line 5)
Traceback (most recent call last):
  File "/root/QuestionInsight/Etapa_1/codebench-mining-tool/util.py", line 551, in extract_complexity_metrics
    v = ComplexityVisitor.from_code(code)
        ^^^^^^^^^^^^^^^^^^^^^^^^^^^^^^^^^
  File "/root/QuestionInsight/.venv/lib/python3.12/site-packages/radon/visitors.py", line 133, in from_code
    return cls.from_ast(code2ast(code), **kwargs)
                        ^^^^^^^^^^^^^^
  File "/root/QuestionInsight/.venv/lib/python3.12/site-packages/radon/visitors.py", line 48, in code2ast
    return ast.parse(source)
           ^^^^^^^^^^^^^^^^^
  File "/usr/lib/python3.12/ast.py", line 52, in parse
    return compile(source, filename, mode, flags,
           ^^^^^^^^^^^^^^^^^^^^^^^^^^^^^^^^^^^^^^
  File "<unknown>", line 5
    palavra2 = ''.join(c.lower() for c in palavra2 if c.isalpha())
                                                                  ^
IndentationError: unindent does not match any outer indentation level
2025-08-18 19:30:37,497 cblogger [ERROR]: 		Error while extracting halsted code metrics: unindent does not match any outer indentation level (<unknown>, line 5)
Traceback (most recent call last):
  File "/root/QuestionInsight/Etapa_1/codebench-mining-tool/util.py", line 569, in extract_halstead_metrics
    h = h_visit(code)
        ^^^^^^^^^^^^^
  File "/root/QuestionInsight/.venv/lib/python3.12/site-packages/radon/metrics.py", line 29, in h_visit
    return h_visit_ast(ast.parse(code))
                       ^^^^^^^^^^^^^^^
  File "/usr/lib/python3.12/ast.py", line 52, in parse
    return compile(source, filename, mode, flags,
           ^^^^^^^^^^^^^^^^^^^^^^^^^^^^^^^^^^^^^^
  File "<unknown>", line 5
    palavra2 = ''.join(c.lower() for c in palavra2 if c.isalpha())
                                                                  ^
IndentationError: unindent does not match any outer indentation level
2025-08-18 19:30:40,427 cblogger [ERROR]: 		Error while extracting code complexity metrics: invalid syntax (<unknown>, line 1)
Traceback (most recent call last):
  File "/root/QuestionInsight/Etapa_1/codebench-mining-tool/util.py", line 551, in extract_complexity_metrics
    v = ComplexityVisitor.from_code(code)
        ^^^^^^^^^^^^^^^^^^^^^^^^^^^^^^^^^
  File "/root/QuestionInsight/.venv/lib/python3.12/site-packages/radon/visitors.py", line 133, in from_code
    return cls.from_ast(code2ast(code), **kwargs)
                        ^^^^^^^^^^^^^^
  File "/root/QuestionInsight/.venv/lib/python3.12/site-packages/radon/visitors.py", line 48, in code2ast
    return ast.parse(source)
           ^^^^^^^^^^^^^^^^^
  File "/usr/lib/python3.12/ast.py", line 52, in parse
    return compile(source, filename, mode, flags,
           ^^^^^^^^^^^^^^^^^^^^^^^^^^^^^^^^^^^^^^
  File "<unknown>", line 1
    float math inp
          ^^^^
SyntaxError: invalid syntax
2025-08-18 19:30:40,428 cblogger [ERROR]: 		Error while extracting halsted code metrics: invalid syntax (<unknown>, line 1)
Traceback (most recent call last):
  File "/root/QuestionInsight/Etapa_1/codebench-mining-tool/util.py", line 569, in extract_halstead_metrics
    h = h_visit(code)
        ^^^^^^^^^^^^^
  File "/root/QuestionInsight/.venv/lib/python3.12/site-packages/radon/metrics.py", line 29, in h_visit
    return h_visit_ast(ast.parse(code))
                       ^^^^^^^^^^^^^^^
  File "/usr/lib/python3.12/ast.py", line 52, in parse
    return compile(source, filename, mode, flags,
           ^^^^^^^^^^^^^^^^^^^^^^^^^^^^^^^^^^^^^^
  File "<unknown>", line 1
    float math inp
          ^^^^
SyntaxError: invalid syntax
2025-08-18 19:30:41,105 cblogger [ERROR]: 		Error while extracting code complexity metrics: '(' was never closed (<unknown>, line 2)
Traceback (most recent call last):
  File "/root/QuestionInsight/Etapa_1/codebench-mining-tool/util.py", line 551, in extract_complexity_metrics
    v = ComplexityVisitor.from_code(code)
        ^^^^^^^^^^^^^^^^^^^^^^^^^^^^^^^^^
  File "/root/QuestionInsight/.venv/lib/python3.12/site-packages/radon/visitors.py", line 133, in from_code
    return cls.from_ast(code2ast(code), **kwargs)
                        ^^^^^^^^^^^^^^
  File "/root/QuestionInsight/.venv/lib/python3.12/site-packages/radon/visitors.py", line 48, in code2ast
    return ast.parse(source)
           ^^^^^^^^^^^^^^^^^
  File "/usr/lib/python3.12/ast.py", line 52, in parse
    return compile(source, filename, mode, flags,
           ^^^^^^^^^^^^^^^^^^^^^^^^^^^^^^^^^^^^^^
  File "<unknown>", line 2
    a = float(input("quantidade de refrigerantes: ")
             ^
SyntaxError: '(' was never closed
2025-08-18 19:30:41,106 cblogger [ERROR]: 		Error while extracting code size based metrics: SyntaxError at line: 2
Traceback (most recent call last):
  File "/root/QuestionInsight/.venv/lib/python3.12/site-packages/radon/raw.py", line 210, in analyze
    tokens, parsed_lines = _get_all_tokens(line, lines)
                           ^^^^^^^^^^^^^^^^^^^^^^^^^^^^
  File "/root/QuestionInsight/.venv/lib/python3.12/site-packages/radon/raw.py", line 117, in _get_all_tokens
    next_line = next(lines)
                ^^^^^^^^^^^
StopIteration

During handling of the above exception, another exception occurred:

Traceback (most recent call last):
  File "/root/QuestionInsight/Etapa_1/codebench-mining-tool/util.py", line 560, in extract_size_metrics
    a = analyze(code)
        ^^^^^^^^^^^^^
  File "/root/QuestionInsight/.venv/lib/python3.12/site-packages/radon/raw.py", line 212, in analyze
    raise SyntaxError('SyntaxError at line: {0}'.format(lineno))
SyntaxError: SyntaxError at line: 2
2025-08-18 19:30:41,106 cblogger [ERROR]: 		Error while extracting halsted code metrics: '(' was never closed (<unknown>, line 2)
Traceback (most recent call last):
  File "/root/QuestionInsight/Etapa_1/codebench-mining-tool/util.py", line 569, in extract_halstead_metrics
    h = h_visit(code)
        ^^^^^^^^^^^^^
  File "/root/QuestionInsight/.venv/lib/python3.12/site-packages/radon/metrics.py", line 29, in h_visit
    return h_visit_ast(ast.parse(code))
                       ^^^^^^^^^^^^^^^
  File "/usr/lib/python3.12/ast.py", line 52, in parse
    return compile(source, filename, mode, flags,
           ^^^^^^^^^^^^^^^^^^^^^^^^^^^^^^^^^^^^^^
  File "<unknown>", line 2
    a = float(input("quantidade de refrigerantes: ")
             ^
SyntaxError: '(' was never closed
2025-08-18 19:30:41,500 cblogger [ERROR]: 		Error while extracting code complexity metrics: unterminated string literal (detected at line 1) (<unknown>, line 1)
Traceback (most recent call last):
  File "/root/QuestionInsight/Etapa_1/codebench-mining-tool/util.py", line 551, in extract_complexity_metrics
    v = ComplexityVisitor.from_code(code)
        ^^^^^^^^^^^^^^^^^^^^^^^^^^^^^^^^^
  File "/root/QuestionInsight/.venv/lib/python3.12/site-packages/radon/visitors.py", line 133, in from_code
    return cls.from_ast(code2ast(code), **kwargs)
                        ^^^^^^^^^^^^^^
  File "/root/QuestionInsight/.venv/lib/python3.12/site-packages/radon/visitors.py", line 48, in code2ast
    return ast.parse(source)
           ^^^^^^^^^^^^^^^^^
  File "/usr/lib/python3.12/ast.py", line 52, in parse
    return compile(source, filename, mode, flags,
           ^^^^^^^^^^^^^^^^^^^^^^^^^^^^^^^^^^^^^^
  File "<unknown>", line 1
    valor = float(input("qual o valor da renda
                        ^
SyntaxError: unterminated string literal (detected at line 1)
2025-08-18 19:30:41,501 cblogger [ERROR]: 		Error while extracting code size based metrics: SyntaxError at line: 1
Traceback (most recent call last):
  File "/root/QuestionInsight/.venv/lib/python3.12/site-packages/radon/raw.py", line 210, in analyze
    tokens, parsed_lines = _get_all_tokens(line, lines)
                           ^^^^^^^^^^^^^^^^^^^^^^^^^^^^
  File "/root/QuestionInsight/.venv/lib/python3.12/site-packages/radon/raw.py", line 117, in _get_all_tokens
    next_line = next(lines)
                ^^^^^^^^^^^
StopIteration

During handling of the above exception, another exception occurred:

Traceback (most recent call last):
  File "/root/QuestionInsight/Etapa_1/codebench-mining-tool/util.py", line 560, in extract_size_metrics
    a = analyze(code)
        ^^^^^^^^^^^^^
  File "/root/QuestionInsight/.venv/lib/python3.12/site-packages/radon/raw.py", line 212, in analyze
    raise SyntaxError('SyntaxError at line: {0}'.format(lineno))
SyntaxError: SyntaxError at line: 1
2025-08-18 19:30:41,501 cblogger [ERROR]: 		Error while extracting halsted code metrics: unterminated string literal (detected at line 1) (<unknown>, line 1)
Traceback (most recent call last):
  File "/root/QuestionInsight/Etapa_1/codebench-mining-tool/util.py", line 569, in extract_halstead_metrics
    h = h_visit(code)
        ^^^^^^^^^^^^^
  File "/root/QuestionInsight/.venv/lib/python3.12/site-packages/radon/metrics.py", line 29, in h_visit
    return h_visit_ast(ast.parse(code))
                       ^^^^^^^^^^^^^^^
  File "/usr/lib/python3.12/ast.py", line 52, in parse
    return compile(source, filename, mode, flags,
           ^^^^^^^^^^^^^^^^^^^^^^^^^^^^^^^^^^^^^^
  File "<unknown>", line 1
    valor = float(input("qual o valor da renda
                        ^
SyntaxError: unterminated string literal (detected at line 1)
2025-08-18 19:30:41,584 cblogger [ERROR]: 		Error while extracting code complexity metrics: invalid syntax (<unknown>, line 3)
Traceback (most recent call last):
  File "/root/QuestionInsight/Etapa_1/codebench-mining-tool/util.py", line 551, in extract_complexity_metrics
    v = ComplexityVisitor.from_code(code)
        ^^^^^^^^^^^^^^^^^^^^^^^^^^^^^^^^^
  File "/root/QuestionInsight/.venv/lib/python3.12/site-packages/radon/visitors.py", line 133, in from_code
    return cls.from_ast(code2ast(code), **kwargs)
                        ^^^^^^^^^^^^^^
  File "/root/QuestionInsight/.venv/lib/python3.12/site-packages/radon/visitors.py", line 48, in code2ast
    return ast.parse(source)
           ^^^^^^^^^^^^^^^^^
  File "/usr/lib/python3.12/ast.py", line 52, in parse
    return compile(source, filename, mode, flags,
           ^^^^^^^^^^^^^^^^^^^^^^^^^^^^^^^^^^^^^^
  File "<unknown>", line 3
    print=
          ^
SyntaxError: invalid syntax
2025-08-18 19:30:41,585 cblogger [ERROR]: 		Error while extracting halsted code metrics: invalid syntax (<unknown>, line 3)
Traceback (most recent call last):
  File "/root/QuestionInsight/Etapa_1/codebench-mining-tool/util.py", line 569, in extract_halstead_metrics
    h = h_visit(code)
        ^^^^^^^^^^^^^
  File "/root/QuestionInsight/.venv/lib/python3.12/site-packages/radon/metrics.py", line 29, in h_visit
    return h_visit_ast(ast.parse(code))
                       ^^^^^^^^^^^^^^^
  File "/usr/lib/python3.12/ast.py", line 52, in parse
    return compile(source, filename, mode, flags,
           ^^^^^^^^^^^^^^^^^^^^^^^^^^^^^^^^^^^^^^
  File "<unknown>", line 3
    print=
          ^
SyntaxError: invalid syntax
2025-08-18 19:30:41,735 cblogger [ERROR]: 		Error while extracting code complexity metrics: invalid syntax. Maybe you meant '==' or ':=' instead of '='? (<unknown>, line 11)
Traceback (most recent call last):
  File "/root/QuestionInsight/Etapa_1/codebench-mining-tool/util.py", line 551, in extract_complexity_metrics
    v = ComplexityVisitor.from_code(code)
        ^^^^^^^^^^^^^^^^^^^^^^^^^^^^^^^^^
  File "/root/QuestionInsight/.venv/lib/python3.12/site-packages/radon/visitors.py", line 133, in from_code
    return cls.from_ast(code2ast(code), **kwargs)
                        ^^^^^^^^^^^^^^
  File "/root/QuestionInsight/.venv/lib/python3.12/site-packages/radon/visitors.py", line 48, in code2ast
    return ast.parse(source)
           ^^^^^^^^^^^^^^^^^
  File "/usr/lib/python3.12/ast.py", line 52, in parse
    return compile(source, filename, mode, flags,
           ^^^^^^^^^^^^^^^^^^^^^^^^^^^^^^^^^^^^^^
  File "<unknown>", line 11
    	if (num = num//2):
    	    ^^^^^^^^^^^^
SyntaxError: invalid syntax. Maybe you meant '==' or ':=' instead of '='?
2025-08-18 19:30:41,737 cblogger [ERROR]: 		Error while extracting halsted code metrics: invalid syntax. Maybe you meant '==' or ':=' instead of '='? (<unknown>, line 11)
Traceback (most recent call last):
  File "/root/QuestionInsight/Etapa_1/codebench-mining-tool/util.py", line 569, in extract_halstead_metrics
    h = h_visit(code)
        ^^^^^^^^^^^^^
  File "/root/QuestionInsight/.venv/lib/python3.12/site-packages/radon/metrics.py", line 29, in h_visit
    return h_visit_ast(ast.parse(code))
                       ^^^^^^^^^^^^^^^
  File "/usr/lib/python3.12/ast.py", line 52, in parse
    return compile(source, filename, mode, flags,
           ^^^^^^^^^^^^^^^^^^^^^^^^^^^^^^^^^^^^^^
  File "<unknown>", line 11
    	if (num = num//2):
    	    ^^^^^^^^^^^^
SyntaxError: invalid syntax. Maybe you meant '==' or ':=' instead of '='?
2025-08-18 19:30:41,750 cblogger [ERROR]: 		Error while extracting code complexity metrics: '(' was never closed (<unknown>, line 3)
Traceback (most recent call last):
  File "/root/QuestionInsight/Etapa_1/codebench-mining-tool/util.py", line 551, in extract_complexity_metrics
    v = ComplexityVisitor.from_code(code)
        ^^^^^^^^^^^^^^^^^^^^^^^^^^^^^^^^^
  File "/root/QuestionInsight/.venv/lib/python3.12/site-packages/radon/visitors.py", line 133, in from_code
    return cls.from_ast(code2ast(code), **kwargs)
                        ^^^^^^^^^^^^^^
  File "/root/QuestionInsight/.venv/lib/python3.12/site-packages/radon/visitors.py", line 48, in code2ast
    return ast.parse(source)
           ^^^^^^^^^^^^^^^^^
  File "/usr/lib/python3.12/ast.py", line 52, in parse
    return compile(source, filename, mode, flags,
           ^^^^^^^^^^^^^^^^^^^^^^^^^^^^^^^^^^^^^^
  File "<unknown>", line 3
    vet = array(eval(input("")
                    ^
SyntaxError: '(' was never closed
2025-08-18 19:30:41,751 cblogger [ERROR]: 		Error while extracting code size based metrics: SyntaxError at line: 3
Traceback (most recent call last):
  File "/root/QuestionInsight/.venv/lib/python3.12/site-packages/radon/raw.py", line 210, in analyze
    tokens, parsed_lines = _get_all_tokens(line, lines)
                           ^^^^^^^^^^^^^^^^^^^^^^^^^^^^
  File "/root/QuestionInsight/.venv/lib/python3.12/site-packages/radon/raw.py", line 117, in _get_all_tokens
    next_line = next(lines)
                ^^^^^^^^^^^
StopIteration

During handling of the above exception, another exception occurred:

Traceback (most recent call last):
  File "/root/QuestionInsight/Etapa_1/codebench-mining-tool/util.py", line 560, in extract_size_metrics
    a = analyze(code)
        ^^^^^^^^^^^^^
  File "/root/QuestionInsight/.venv/lib/python3.12/site-packages/radon/raw.py", line 212, in analyze
    raise SyntaxError('SyntaxError at line: {0}'.format(lineno))
SyntaxError: SyntaxError at line: 3
2025-08-18 19:30:41,752 cblogger [ERROR]: 		Error while extracting halsted code metrics: '(' was never closed (<unknown>, line 3)
Traceback (most recent call last):
  File "/root/QuestionInsight/Etapa_1/codebench-mining-tool/util.py", line 569, in extract_halstead_metrics
    h = h_visit(code)
        ^^^^^^^^^^^^^
  File "/root/QuestionInsight/.venv/lib/python3.12/site-packages/radon/metrics.py", line 29, in h_visit
    return h_visit_ast(ast.parse(code))
                       ^^^^^^^^^^^^^^^
  File "/usr/lib/python3.12/ast.py", line 52, in parse
    return compile(source, filename, mode, flags,
           ^^^^^^^^^^^^^^^^^^^^^^^^^^^^^^^^^^^^^^
  File "<unknown>", line 3
    vet = array(eval(input("")
                    ^
SyntaxError: '(' was never closed
2025-08-18 19:30:41,852 cblogger [ERROR]: 		Error while extracting code complexity metrics: invalid syntax (<unknown>, line 3)
Traceback (most recent call last):
  File "/root/QuestionInsight/Etapa_1/codebench-mining-tool/util.py", line 551, in extract_complexity_metrics
    v = ComplexityVisitor.from_code(code)
        ^^^^^^^^^^^^^^^^^^^^^^^^^^^^^^^^^
  File "/root/QuestionInsight/.venv/lib/python3.12/site-packages/radon/visitors.py", line 133, in from_code
    return cls.from_ast(code2ast(code), **kwargs)
                        ^^^^^^^^^^^^^^
  File "/root/QuestionInsight/.venv/lib/python3.12/site-packages/radon/visitors.py", line 48, in code2ast
    return ast.parse(source)
           ^^^^^^^^^^^^^^^^^
  File "/usr/lib/python3.12/ast.py", line 52, in parse
    return compile(source, filename, mode, flags,
           ^^^^^^^^^^^^^^^^^^^^^^^^^^^^^^^^^^^^^^
  File "<unknown>", line 3
    total=consumo+25%
                     ^
SyntaxError: invalid syntax
2025-08-18 19:30:41,853 cblogger [ERROR]: 		Error while extracting halsted code metrics: invalid syntax (<unknown>, line 3)
Traceback (most recent call last):
  File "/root/QuestionInsight/Etapa_1/codebench-mining-tool/util.py", line 569, in extract_halstead_metrics
    h = h_visit(code)
        ^^^^^^^^^^^^^
  File "/root/QuestionInsight/.venv/lib/python3.12/site-packages/radon/metrics.py", line 29, in h_visit
    return h_visit_ast(ast.parse(code))
                       ^^^^^^^^^^^^^^^
  File "/usr/lib/python3.12/ast.py", line 52, in parse
    return compile(source, filename, mode, flags,
           ^^^^^^^^^^^^^^^^^^^^^^^^^^^^^^^^^^^^^^
  File "<unknown>", line 3
    total=consumo+25%
                     ^
SyntaxError: invalid syntax
2025-08-18 19:30:41,919 cblogger [ERROR]: 		Error while extracting code complexity metrics: invalid syntax. Maybe you meant '==' or ':=' instead of '='? (<unknown>, line 6)
Traceback (most recent call last):
  File "/root/QuestionInsight/Etapa_1/codebench-mining-tool/util.py", line 551, in extract_complexity_metrics
    v = ComplexityVisitor.from_code(code)
        ^^^^^^^^^^^^^^^^^^^^^^^^^^^^^^^^^
  File "/root/QuestionInsight/.venv/lib/python3.12/site-packages/radon/visitors.py", line 133, in from_code
    return cls.from_ast(code2ast(code), **kwargs)
                        ^^^^^^^^^^^^^^
  File "/root/QuestionInsight/.venv/lib/python3.12/site-packages/radon/visitors.py", line 48, in code2ast
    return ast.parse(source)
           ^^^^^^^^^^^^^^^^^
  File "/usr/lib/python3.12/ast.py", line 52, in parse
    return compile(source, filename, mode, flags,
           ^^^^^^^^^^^^^^^^^^^^^^^^^^^^^^^^^^^^^^
  File "<unknown>", line 6
    	if x = -1:
    	   ^^^^^^
SyntaxError: invalid syntax. Maybe you meant '==' or ':=' instead of '='?
2025-08-18 19:30:41,920 cblogger [ERROR]: 		Error while extracting halsted code metrics: invalid syntax. Maybe you meant '==' or ':=' instead of '='? (<unknown>, line 6)
Traceback (most recent call last):
  File "/root/QuestionInsight/Etapa_1/codebench-mining-tool/util.py", line 569, in extract_halstead_metrics
    h = h_visit(code)
        ^^^^^^^^^^^^^
  File "/root/QuestionInsight/.venv/lib/python3.12/site-packages/radon/metrics.py", line 29, in h_visit
    return h_visit_ast(ast.parse(code))
                       ^^^^^^^^^^^^^^^
  File "/usr/lib/python3.12/ast.py", line 52, in parse
    return compile(source, filename, mode, flags,
           ^^^^^^^^^^^^^^^^^^^^^^^^^^^^^^^^^^^^^^
  File "<unknown>", line 6
    	if x = -1:
    	   ^^^^^^
SyntaxError: invalid syntax. Maybe you meant '==' or ':=' instead of '='?
2025-08-18 19:30:41,964 cblogger [ERROR]: 		Error while extracting code complexity metrics: '(' was never closed (<unknown>, line 2)
Traceback (most recent call last):
  File "/root/QuestionInsight/Etapa_1/codebench-mining-tool/util.py", line 551, in extract_complexity_metrics
    v = ComplexityVisitor.from_code(code)
        ^^^^^^^^^^^^^^^^^^^^^^^^^^^^^^^^^
  File "/root/QuestionInsight/.venv/lib/python3.12/site-packages/radon/visitors.py", line 133, in from_code
    return cls.from_ast(code2ast(code), **kwargs)
                        ^^^^^^^^^^^^^^
  File "/root/QuestionInsight/.venv/lib/python3.12/site-packages/radon/visitors.py", line 48, in code2ast
    return ast.parse(source)
           ^^^^^^^^^^^^^^^^^
  File "/usr/lib/python3.12/ast.py", line 52, in parse
    return compile(source, filename, mode, flags,
           ^^^^^^^^^^^^^^^^^^^^^^^^^^^^^^^^^^^^^^
  File "<unknown>", line 2
    valor = (input(" valor da medida: ")
            ^
SyntaxError: '(' was never closed
2025-08-18 19:30:41,965 cblogger [ERROR]: 		Error while extracting code size based metrics: SyntaxError at line: 2
Traceback (most recent call last):
  File "/root/QuestionInsight/.venv/lib/python3.12/site-packages/radon/raw.py", line 210, in analyze
    tokens, parsed_lines = _get_all_tokens(line, lines)
                           ^^^^^^^^^^^^^^^^^^^^^^^^^^^^
  File "/root/QuestionInsight/.venv/lib/python3.12/site-packages/radon/raw.py", line 117, in _get_all_tokens
    next_line = next(lines)
                ^^^^^^^^^^^
StopIteration

During handling of the above exception, another exception occurred:

Traceback (most recent call last):
  File "/root/QuestionInsight/Etapa_1/codebench-mining-tool/util.py", line 560, in extract_size_metrics
    a = analyze(code)
        ^^^^^^^^^^^^^
  File "/root/QuestionInsight/.venv/lib/python3.12/site-packages/radon/raw.py", line 212, in analyze
    raise SyntaxError('SyntaxError at line: {0}'.format(lineno))
SyntaxError: SyntaxError at line: 2
2025-08-18 19:30:41,966 cblogger [ERROR]: 		Error while extracting halsted code metrics: '(' was never closed (<unknown>, line 2)
Traceback (most recent call last):
  File "/root/QuestionInsight/Etapa_1/codebench-mining-tool/util.py", line 569, in extract_halstead_metrics
    h = h_visit(code)
        ^^^^^^^^^^^^^
  File "/root/QuestionInsight/.venv/lib/python3.12/site-packages/radon/metrics.py", line 29, in h_visit
    return h_visit_ast(ast.parse(code))
                       ^^^^^^^^^^^^^^^
  File "/usr/lib/python3.12/ast.py", line 52, in parse
    return compile(source, filename, mode, flags,
           ^^^^^^^^^^^^^^^^^^^^^^^^^^^^^^^^^^^^^^
  File "<unknown>", line 2
    valor = (input(" valor da medida: ")
            ^
SyntaxError: '(' was never closed
2025-08-18 19:30:41,967 cblogger [ERROR]: 		Error while extracting code complexity metrics: '(' was never closed (<unknown>, line 4)
Traceback (most recent call last):
  File "/root/QuestionInsight/Etapa_1/codebench-mining-tool/util.py", line 551, in extract_complexity_metrics
    v = ComplexityVisitor.from_code(code)
        ^^^^^^^^^^^^^^^^^^^^^^^^^^^^^^^^^
  File "/root/QuestionInsight/.venv/lib/python3.12/site-packages/radon/visitors.py", line 133, in from_code
    return cls.from_ast(code2ast(code), **kwargs)
                        ^^^^^^^^^^^^^^
  File "/root/QuestionInsight/.venv/lib/python3.12/site-packages/radon/visitors.py", line 48, in code2ast
    return ast.parse(source)
           ^^^^^^^^^^^^^^^^^
  File "/usr/lib/python3.12/ast.py", line 52, in parse
    return compile(source, filename, mode, flags,
           ^^^^^^^^^^^^^^^^^^^^^^^^^^^^^^^^^^^^^^
  File "<unknown>", line 4
    inp1 = array(eval(input(" insira a quantidade: "))
                ^
SyntaxError: '(' was never closed
2025-08-18 19:30:41,972 cblogger [ERROR]: 		Error while extracting code size based metrics: SyntaxError at line: 4
Traceback (most recent call last):
  File "/root/QuestionInsight/.venv/lib/python3.12/site-packages/radon/raw.py", line 210, in analyze
    tokens, parsed_lines = _get_all_tokens(line, lines)
                           ^^^^^^^^^^^^^^^^^^^^^^^^^^^^
  File "/root/QuestionInsight/.venv/lib/python3.12/site-packages/radon/raw.py", line 117, in _get_all_tokens
    next_line = next(lines)
                ^^^^^^^^^^^
StopIteration

During handling of the above exception, another exception occurred:

Traceback (most recent call last):
  File "/root/QuestionInsight/Etapa_1/codebench-mining-tool/util.py", line 560, in extract_size_metrics
    a = analyze(code)
        ^^^^^^^^^^^^^
  File "/root/QuestionInsight/.venv/lib/python3.12/site-packages/radon/raw.py", line 212, in analyze
    raise SyntaxError('SyntaxError at line: {0}'.format(lineno))
SyntaxError: SyntaxError at line: 4
2025-08-18 19:30:41,973 cblogger [ERROR]: 		Error while extracting halsted code metrics: '(' was never closed (<unknown>, line 4)
Traceback (most recent call last):
  File "/root/QuestionInsight/Etapa_1/codebench-mining-tool/util.py", line 569, in extract_halstead_metrics
    h = h_visit(code)
        ^^^^^^^^^^^^^
  File "/root/QuestionInsight/.venv/lib/python3.12/site-packages/radon/metrics.py", line 29, in h_visit
    return h_visit_ast(ast.parse(code))
                       ^^^^^^^^^^^^^^^
  File "/usr/lib/python3.12/ast.py", line 52, in parse
    return compile(source, filename, mode, flags,
           ^^^^^^^^^^^^^^^^^^^^^^^^^^^^^^^^^^^^^^
  File "<unknown>", line 4
    inp1 = array(eval(input(" insira a quantidade: "))
                ^
SyntaxError: '(' was never closed
2025-08-18 19:30:42,022 cblogger [ERROR]: 		Error while extracting code complexity metrics: invalid syntax (<unknown>, line 5)
Traceback (most recent call last):
  File "/root/QuestionInsight/Etapa_1/codebench-mining-tool/util.py", line 551, in extract_complexity_metrics
    v = ComplexityVisitor.from_code(code)
        ^^^^^^^^^^^^^^^^^^^^^^^^^^^^^^^^^
  File "/root/QuestionInsight/.venv/lib/python3.12/site-packages/radon/visitors.py", line 133, in from_code
    return cls.from_ast(code2ast(code), **kwargs)
                        ^^^^^^^^^^^^^^
  File "/root/QuestionInsight/.venv/lib/python3.12/site-packages/radon/visitors.py", line 48, in code2ast
    return ast.parse(source)
           ^^^^^^^^^^^^^^^^^
  File "/usr/lib/python3.12/ast.py", line 52, in parse
    return compile(source, filename, mode, flags,
           ^^^^^^^^^^^^^^^^^^^^^^^^^^^^^^^^^^^^^^
  File "<unknown>", line 5
    qb = 
         ^
SyntaxError: invalid syntax
2025-08-18 19:30:42,023 cblogger [ERROR]: 		Error while extracting halsted code metrics: invalid syntax (<unknown>, line 5)
Traceback (most recent call last):
  File "/root/QuestionInsight/Etapa_1/codebench-mining-tool/util.py", line 569, in extract_halstead_metrics
    h = h_visit(code)
        ^^^^^^^^^^^^^
  File "/root/QuestionInsight/.venv/lib/python3.12/site-packages/radon/metrics.py", line 29, in h_visit
    return h_visit_ast(ast.parse(code))
                       ^^^^^^^^^^^^^^^
  File "/usr/lib/python3.12/ast.py", line 52, in parse
    return compile(source, filename, mode, flags,
           ^^^^^^^^^^^^^^^^^^^^^^^^^^^^^^^^^^^^^^
  File "<unknown>", line 5
    qb = 
         ^
SyntaxError: invalid syntax
2025-08-18 19:30:42,297 cblogger [ERROR]: 		Error while extracting code complexity metrics: expected an indented block after 'for' statement on line 8 (<unknown>, line 9)
Traceback (most recent call last):
  File "/root/QuestionInsight/Etapa_1/codebench-mining-tool/util.py", line 551, in extract_complexity_metrics
    v = ComplexityVisitor.from_code(code)
        ^^^^^^^^^^^^^^^^^^^^^^^^^^^^^^^^^
  File "/root/QuestionInsight/.venv/lib/python3.12/site-packages/radon/visitors.py", line 133, in from_code
    return cls.from_ast(code2ast(code), **kwargs)
                        ^^^^^^^^^^^^^^
  File "/root/QuestionInsight/.venv/lib/python3.12/site-packages/radon/visitors.py", line 48, in code2ast
    return ast.parse(source)
           ^^^^^^^^^^^^^^^^^
  File "/usr/lib/python3.12/ast.py", line 52, in parse
    return compile(source, filename, mode, flags,
           ^^^^^^^^^^^^^^^^^^^^^^^^^^^^^^^^^^^^^^
  File "<unknown>", line 9
    	
    	^
IndentationError: expected an indented block after 'for' statement on line 8
2025-08-18 19:30:42,305 cblogger [ERROR]: 		Error while extracting halsted code metrics: expected an indented block after 'for' statement on line 8 (<unknown>, line 9)
Traceback (most recent call last):
  File "/root/QuestionInsight/Etapa_1/codebench-mining-tool/util.py", line 569, in extract_halstead_metrics
    h = h_visit(code)
        ^^^^^^^^^^^^^
  File "/root/QuestionInsight/.venv/lib/python3.12/site-packages/radon/metrics.py", line 29, in h_visit
    return h_visit_ast(ast.parse(code))
                       ^^^^^^^^^^^^^^^
  File "/usr/lib/python3.12/ast.py", line 52, in parse
    return compile(source, filename, mode, flags,
           ^^^^^^^^^^^^^^^^^^^^^^^^^^^^^^^^^^^^^^
  File "<unknown>", line 9
    	
    	^
IndentationError: expected an indented block after 'for' statement on line 8
2025-08-18 19:30:42,370 cblogger [ERROR]: 		Error while extracting code complexity metrics: invalid syntax (<unknown>, line 7)
Traceback (most recent call last):
  File "/root/QuestionInsight/Etapa_1/codebench-mining-tool/util.py", line 551, in extract_complexity_metrics
    v = ComplexityVisitor.from_code(code)
        ^^^^^^^^^^^^^^^^^^^^^^^^^^^^^^^^^
  File "/root/QuestionInsight/.venv/lib/python3.12/site-packages/radon/visitors.py", line 133, in from_code
    return cls.from_ast(code2ast(code), **kwargs)
                        ^^^^^^^^^^^^^^
  File "/root/QuestionInsight/.venv/lib/python3.12/site-packages/radon/visitors.py", line 48, in code2ast
    return ast.parse(source)
           ^^^^^^^^^^^^^^^^^
  File "/usr/lib/python3.12/ast.py", line 52, in parse
    return compile(source, filename, mode, flags,
           ^^^^^^^^^^^^^^^^^^^^^^^^^^^^^^^^^^^^^^
  File "<unknown>", line 7
    while a[i]  "HLE":
                ^^^^^
SyntaxError: invalid syntax
2025-08-18 19:30:42,371 cblogger [ERROR]: 		Error while extracting halsted code metrics: invalid syntax (<unknown>, line 7)
Traceback (most recent call last):
  File "/root/QuestionInsight/Etapa_1/codebench-mining-tool/util.py", line 569, in extract_halstead_metrics
    h = h_visit(code)
        ^^^^^^^^^^^^^
  File "/root/QuestionInsight/.venv/lib/python3.12/site-packages/radon/metrics.py", line 29, in h_visit
    return h_visit_ast(ast.parse(code))
                       ^^^^^^^^^^^^^^^
  File "/usr/lib/python3.12/ast.py", line 52, in parse
    return compile(source, filename, mode, flags,
           ^^^^^^^^^^^^^^^^^^^^^^^^^^^^^^^^^^^^^^
  File "<unknown>", line 7
    while a[i]  "HLE":
                ^^^^^
SyntaxError: invalid syntax
2025-08-18 19:30:42,424 cblogger [ERROR]: 		Error while extracting code complexity metrics: invalid syntax (<unknown>, line 8)
Traceback (most recent call last):
  File "/root/QuestionInsight/Etapa_1/codebench-mining-tool/util.py", line 551, in extract_complexity_metrics
    v = ComplexityVisitor.from_code(code)
        ^^^^^^^^^^^^^^^^^^^^^^^^^^^^^^^^^
  File "/root/QuestionInsight/.venv/lib/python3.12/site-packages/radon/visitors.py", line 133, in from_code
    return cls.from_ast(code2ast(code), **kwargs)
                        ^^^^^^^^^^^^^^
  File "/root/QuestionInsight/.venv/lib/python3.12/site-packages/radon/visitors.py", line 48, in code2ast
    return ast.parse(source)
           ^^^^^^^^^^^^^^^^^
  File "/usr/lib/python3.12/ast.py", line 52, in parse
    return compile(source, filename, mode, flags,
           ^^^^^^^^^^^^^^^^^^^^^^^^^^^^^^^^^^^^^^
  File "<unknown>", line 8
    while i < size(a:
                    ^
SyntaxError: invalid syntax
2025-08-18 19:30:42,426 cblogger [ERROR]: 		Error while extracting code size based metrics: SyntaxError at line: 8
Traceback (most recent call last):
  File "/root/QuestionInsight/.venv/lib/python3.12/site-packages/radon/raw.py", line 210, in analyze
    tokens, parsed_lines = _get_all_tokens(line, lines)
                           ^^^^^^^^^^^^^^^^^^^^^^^^^^^^
  File "/root/QuestionInsight/.venv/lib/python3.12/site-packages/radon/raw.py", line 117, in _get_all_tokens
    next_line = next(lines)
                ^^^^^^^^^^^
StopIteration

During handling of the above exception, another exception occurred:

Traceback (most recent call last):
  File "/root/QuestionInsight/Etapa_1/codebench-mining-tool/util.py", line 560, in extract_size_metrics
    a = analyze(code)
        ^^^^^^^^^^^^^
  File "/root/QuestionInsight/.venv/lib/python3.12/site-packages/radon/raw.py", line 212, in analyze
    raise SyntaxError('SyntaxError at line: {0}'.format(lineno))
SyntaxError: SyntaxError at line: 8
2025-08-18 19:30:42,426 cblogger [ERROR]: 		Error while extracting halsted code metrics: invalid syntax (<unknown>, line 8)
Traceback (most recent call last):
  File "/root/QuestionInsight/Etapa_1/codebench-mining-tool/util.py", line 569, in extract_halstead_metrics
    h = h_visit(code)
        ^^^^^^^^^^^^^
  File "/root/QuestionInsight/.venv/lib/python3.12/site-packages/radon/metrics.py", line 29, in h_visit
    return h_visit_ast(ast.parse(code))
                       ^^^^^^^^^^^^^^^
  File "/usr/lib/python3.12/ast.py", line 52, in parse
    return compile(source, filename, mode, flags,
           ^^^^^^^^^^^^^^^^^^^^^^^^^^^^^^^^^^^^^^
  File "<unknown>", line 8
    while i < size(a:
                    ^
SyntaxError: invalid syntax
2025-08-18 19:30:42,428 cblogger [ERROR]: 		Error while extracting code complexity metrics: invalid syntax (<unknown>, line 8)
Traceback (most recent call last):
  File "/root/QuestionInsight/Etapa_1/codebench-mining-tool/util.py", line 551, in extract_complexity_metrics
    v = ComplexityVisitor.from_code(code)
        ^^^^^^^^^^^^^^^^^^^^^^^^^^^^^^^^^
  File "/root/QuestionInsight/.venv/lib/python3.12/site-packages/radon/visitors.py", line 133, in from_code
    return cls.from_ast(code2ast(code), **kwargs)
                        ^^^^^^^^^^^^^^
  File "/root/QuestionInsight/.venv/lib/python3.12/site-packages/radon/visitors.py", line 48, in code2ast
    return ast.parse(source)
           ^^^^^^^^^^^^^^^^^
  File "/usr/lib/python3.12/ast.py", line 52, in parse
    return compile(source, filename, mode, flags,
           ^^^^^^^^^^^^^^^^^^^^^^^^^^^^^^^^^^^^^^
  File "<unknown>", line 8
    if
      ^
SyntaxError: invalid syntax
2025-08-18 19:30:42,437 cblogger [ERROR]: 		Error while extracting halsted code metrics: invalid syntax (<unknown>, line 8)
Traceback (most recent call last):
  File "/root/QuestionInsight/Etapa_1/codebench-mining-tool/util.py", line 569, in extract_halstead_metrics
    h = h_visit(code)
        ^^^^^^^^^^^^^
  File "/root/QuestionInsight/.venv/lib/python3.12/site-packages/radon/metrics.py", line 29, in h_visit
    return h_visit_ast(ast.parse(code))
                       ^^^^^^^^^^^^^^^
  File "/usr/lib/python3.12/ast.py", line 52, in parse
    return compile(source, filename, mode, flags,
           ^^^^^^^^^^^^^^^^^^^^^^^^^^^^^^^^^^^^^^
  File "<unknown>", line 8
    if
      ^
SyntaxError: invalid syntax
2025-08-18 19:30:47,443 cblogger [ERROR]: 		Error while extracting code complexity metrics: invalid syntax (<unknown>, line 1)
Traceback (most recent call last):
  File "/root/QuestionInsight/Etapa_1/codebench-mining-tool/util.py", line 551, in extract_complexity_metrics
    v = ComplexityVisitor.from_code(code)
        ^^^^^^^^^^^^^^^^^^^^^^^^^^^^^^^^^
  File "/root/QuestionInsight/.venv/lib/python3.12/site-packages/radon/visitors.py", line 133, in from_code
    return cls.from_ast(code2ast(code), **kwargs)
                        ^^^^^^^^^^^^^^
  File "/root/QuestionInsight/.venv/lib/python3.12/site-packages/radon/visitors.py", line 48, in code2ast
    return ast.parse(source)
           ^^^^^^^^^^^^^^^^^
  File "/usr/lib/python3.12/ast.py", line 52, in parse
    return compile(source, filename, mode, flags,
           ^^^^^^^^^^^^^^^^^^^^^^^^^^^^^^^^^^^^^^
  File "<unknown>", line 1
    A=
      ^
SyntaxError: invalid syntax
2025-08-18 19:30:47,443 cblogger [ERROR]: 		Error while extracting halsted code metrics: invalid syntax (<unknown>, line 1)
Traceback (most recent call last):
  File "/root/QuestionInsight/Etapa_1/codebench-mining-tool/util.py", line 569, in extract_halstead_metrics
    h = h_visit(code)
        ^^^^^^^^^^^^^
  File "/root/QuestionInsight/.venv/lib/python3.12/site-packages/radon/metrics.py", line 29, in h_visit
    return h_visit_ast(ast.parse(code))
                       ^^^^^^^^^^^^^^^
  File "/usr/lib/python3.12/ast.py", line 52, in parse
    return compile(source, filename, mode, flags,
           ^^^^^^^^^^^^^^^^^^^^^^^^^^^^^^^^^^^^^^
  File "<unknown>", line 1
    A=
      ^
SyntaxError: invalid syntax
2025-08-18 19:30:47,444 cblogger [ERROR]: 		Error while extracting code complexity metrics: invalid syntax (<unknown>, line 3)
Traceback (most recent call last):
  File "/root/QuestionInsight/Etapa_1/codebench-mining-tool/util.py", line 551, in extract_complexity_metrics
    v = ComplexityVisitor.from_code(code)
        ^^^^^^^^^^^^^^^^^^^^^^^^^^^^^^^^^
  File "/root/QuestionInsight/.venv/lib/python3.12/site-packages/radon/visitors.py", line 133, in from_code
    return cls.from_ast(code2ast(code), **kwargs)
                        ^^^^^^^^^^^^^^
  File "/root/QuestionInsight/.venv/lib/python3.12/site-packages/radon/visitors.py", line 48, in code2ast
    return ast.parse(source)
           ^^^^^^^^^^^^^^^^^
  File "/usr/lib/python3.12/ast.py", line 52, in parse
    return compile(source, filename, mode, flags,
           ^^^^^^^^^^^^^^^^^^^^^^^^^^^^^^^^^^^^^^
  File "<unknown>", line 3
    numero0 = int(input"numero k-1 :")
                       ^^^^^^^^^^^^^^
SyntaxError: invalid syntax
2025-08-18 19:30:47,445 cblogger [ERROR]: 		Error while extracting halsted code metrics: invalid syntax (<unknown>, line 3)
Traceback (most recent call last):
  File "/root/QuestionInsight/Etapa_1/codebench-mining-tool/util.py", line 569, in extract_halstead_metrics
    h = h_visit(code)
        ^^^^^^^^^^^^^
  File "/root/QuestionInsight/.venv/lib/python3.12/site-packages/radon/metrics.py", line 29, in h_visit
    return h_visit_ast(ast.parse(code))
                       ^^^^^^^^^^^^^^^
  File "/usr/lib/python3.12/ast.py", line 52, in parse
    return compile(source, filename, mode, flags,
           ^^^^^^^^^^^^^^^^^^^^^^^^^^^^^^^^^^^^^^
  File "<unknown>", line 3
    numero0 = int(input"numero k-1 :")
                       ^^^^^^^^^^^^^^
SyntaxError: invalid syntax
2025-08-18 19:30:47,456 cblogger [ERROR]: 		Error while extracting code complexity metrics: expected ':' (<unknown>, line 8)
Traceback (most recent call last):
  File "/root/QuestionInsight/Etapa_1/codebench-mining-tool/util.py", line 551, in extract_complexity_metrics
    v = ComplexityVisitor.from_code(code)
        ^^^^^^^^^^^^^^^^^^^^^^^^^^^^^^^^^
  File "/root/QuestionInsight/.venv/lib/python3.12/site-packages/radon/visitors.py", line 133, in from_code
    return cls.from_ast(code2ast(code), **kwargs)
                        ^^^^^^^^^^^^^^
  File "/root/QuestionInsight/.venv/lib/python3.12/site-packages/radon/visitors.py", line 48, in code2ast
    return ast.parse(source)
           ^^^^^^^^^^^^^^^^^
  File "/usr/lib/python3.12/ast.py", line 52, in parse
    return compile(source, filename, mode, flags,
           ^^^^^^^^^^^^^^^^^^^^^^^^^^^^^^^^^^^^^^
  File "<unknown>", line 8
    for i in range(size(v))	
                           	^
SyntaxError: expected ':'
2025-08-18 19:30:47,457 cblogger [ERROR]: 		Error while extracting halsted code metrics: expected ':' (<unknown>, line 8)
Traceback (most recent call last):
  File "/root/QuestionInsight/Etapa_1/codebench-mining-tool/util.py", line 569, in extract_halstead_metrics
    h = h_visit(code)
        ^^^^^^^^^^^^^
  File "/root/QuestionInsight/.venv/lib/python3.12/site-packages/radon/metrics.py", line 29, in h_visit
    return h_visit_ast(ast.parse(code))
                       ^^^^^^^^^^^^^^^
  File "/usr/lib/python3.12/ast.py", line 52, in parse
    return compile(source, filename, mode, flags,
           ^^^^^^^^^^^^^^^^^^^^^^^^^^^^^^^^^^^^^^
  File "<unknown>", line 8
    for i in range(size(v))	
                           	^
SyntaxError: expected ':'
2025-08-18 19:30:47,464 cblogger [ERROR]: 		Error while extracting code complexity metrics: unexpected indent (<unknown>, line 5)
Traceback (most recent call last):
  File "/root/QuestionInsight/Etapa_1/codebench-mining-tool/util.py", line 551, in extract_complexity_metrics
    v = ComplexityVisitor.from_code(code)
        ^^^^^^^^^^^^^^^^^^^^^^^^^^^^^^^^^
  File "/root/QuestionInsight/.venv/lib/python3.12/site-packages/radon/visitors.py", line 133, in from_code
    return cls.from_ast(code2ast(code), **kwargs)
                        ^^^^^^^^^^^^^^
  File "/root/QuestionInsight/.venv/lib/python3.12/site-packages/radon/visitors.py", line 48, in code2ast
    return ast.parse(source)
           ^^^^^^^^^^^^^^^^^
  File "/usr/lib/python3.12/ast.py", line 52, in parse
    return compile(source, filename, mode, flags,
           ^^^^^^^^^^^^^^^^^^^^^^^^^^^^^^^^^^^^^^
  File "<unknown>", line 5
    if = (" tiver numero positivo")
IndentationError: unexpected indent
2025-08-18 19:30:47,465 cblogger [ERROR]: 		Error while extracting halsted code metrics: unexpected indent (<unknown>, line 5)
Traceback (most recent call last):
  File "/root/QuestionInsight/Etapa_1/codebench-mining-tool/util.py", line 569, in extract_halstead_metrics
    h = h_visit(code)
        ^^^^^^^^^^^^^
  File "/root/QuestionInsight/.venv/lib/python3.12/site-packages/radon/metrics.py", line 29, in h_visit
    return h_visit_ast(ast.parse(code))
                       ^^^^^^^^^^^^^^^
  File "/usr/lib/python3.12/ast.py", line 52, in parse
    return compile(source, filename, mode, flags,
           ^^^^^^^^^^^^^^^^^^^^^^^^^^^^^^^^^^^^^^
  File "<unknown>", line 5
    if = (" tiver numero positivo")
IndentationError: unexpected indent
2025-08-18 19:30:47,467 cblogger [ERROR]: 		Error while extracting code complexity metrics: Missing parentheses in call to 'print'. Did you mean print(...)? (<unknown>, line 6)
Traceback (most recent call last):
  File "/root/QuestionInsight/Etapa_1/codebench-mining-tool/util.py", line 551, in extract_complexity_metrics
    v = ComplexityVisitor.from_code(code)
        ^^^^^^^^^^^^^^^^^^^^^^^^^^^^^^^^^
  File "/root/QuestionInsight/.venv/lib/python3.12/site-packages/radon/visitors.py", line 133, in from_code
    return cls.from_ast(code2ast(code), **kwargs)
                        ^^^^^^^^^^^^^^
  File "/root/QuestionInsight/.venv/lib/python3.12/site-packages/radon/visitors.py", line 48, in code2ast
    return ast.parse(source)
           ^^^^^^^^^^^^^^^^^
  File "/usr/lib/python3.12/ast.py", line 52, in parse
    return compile(source, filename, mode, flags,
           ^^^^^^^^^^^^^^^^^^^^^^^^^^^^^^^^^^^^^^
  File "<unknown>", line 6
    	print "Não pode ser um triangulo"
    	^^^^^^^^^^^^^^^^^^^^^^^^^^^^^^^^^
SyntaxError: Missing parentheses in call to 'print'. Did you mean print(...)?
2025-08-18 19:30:47,468 cblogger [ERROR]: 		Error while extracting halsted code metrics: Missing parentheses in call to 'print'. Did you mean print(...)? (<unknown>, line 6)
Traceback (most recent call last):
  File "/root/QuestionInsight/Etapa_1/codebench-mining-tool/util.py", line 569, in extract_halstead_metrics
    h = h_visit(code)
        ^^^^^^^^^^^^^
  File "/root/QuestionInsight/.venv/lib/python3.12/site-packages/radon/metrics.py", line 29, in h_visit
    return h_visit_ast(ast.parse(code))
                       ^^^^^^^^^^^^^^^
  File "/usr/lib/python3.12/ast.py", line 52, in parse
    return compile(source, filename, mode, flags,
           ^^^^^^^^^^^^^^^^^^^^^^^^^^^^^^^^^^^^^^
  File "<unknown>", line 6
    	print "Não pode ser um triangulo"
    	^^^^^^^^^^^^^^^^^^^^^^^^^^^^^^^^^
SyntaxError: Missing parentheses in call to 'print'. Did you mean print(...)?
2025-08-18 19:30:47,500 cblogger [ERROR]: 		Error while extracting code complexity metrics: expected ':' (<unknown>, line 7)
Traceback (most recent call last):
  File "/root/QuestionInsight/Etapa_1/codebench-mining-tool/util.py", line 551, in extract_complexity_metrics
    v = ComplexityVisitor.from_code(code)
        ^^^^^^^^^^^^^^^^^^^^^^^^^^^^^^^^^
  File "/root/QuestionInsight/.venv/lib/python3.12/site-packages/radon/visitors.py", line 133, in from_code
    return cls.from_ast(code2ast(code), **kwargs)
                        ^^^^^^^^^^^^^^
  File "/root/QuestionInsight/.venv/lib/python3.12/site-packages/radon/visitors.py", line 48, in code2ast
    return ast.parse(source)
           ^^^^^^^^^^^^^^^^^
  File "/usr/lib/python3.12/ast.py", line 52, in parse
    return compile(source, filename, mode, flags,
           ^^^^^^^^^^^^^^^^^^^^^^^^^^^^^^^^^^^^^^
  File "<unknown>", line 7
    else 
         ^
SyntaxError: expected ':'
2025-08-18 19:30:47,501 cblogger [ERROR]: 		Error while extracting halsted code metrics: expected ':' (<unknown>, line 7)
Traceback (most recent call last):
  File "/root/QuestionInsight/Etapa_1/codebench-mining-tool/util.py", line 569, in extract_halstead_metrics
    h = h_visit(code)
        ^^^^^^^^^^^^^
  File "/root/QuestionInsight/.venv/lib/python3.12/site-packages/radon/metrics.py", line 29, in h_visit
    return h_visit_ast(ast.parse(code))
                       ^^^^^^^^^^^^^^^
  File "/usr/lib/python3.12/ast.py", line 52, in parse
    return compile(source, filename, mode, flags,
           ^^^^^^^^^^^^^^^^^^^^^^^^^^^^^^^^^^^^^^
  File "<unknown>", line 7
    else 
         ^
SyntaxError: expected ':'
2025-08-18 19:30:47,534 cblogger [ERROR]: 		Error while extracting code complexity metrics: invalid syntax (<unknown>, line 1)
Traceback (most recent call last):
  File "/root/QuestionInsight/Etapa_1/codebench-mining-tool/util.py", line 551, in extract_complexity_metrics
    v = ComplexityVisitor.from_code(code)
        ^^^^^^^^^^^^^^^^^^^^^^^^^^^^^^^^^
  File "/root/QuestionInsight/.venv/lib/python3.12/site-packages/radon/visitors.py", line 133, in from_code
    return cls.from_ast(code2ast(code), **kwargs)
                        ^^^^^^^^^^^^^^
  File "/root/QuestionInsight/.venv/lib/python3.12/site-packages/radon/visitors.py", line 48, in code2ast
    return ast.parse(source)
           ^^^^^^^^^^^^^^^^^
  File "/usr/lib/python3.12/ast.py", line 52, in parse
    return compile(source, filename, mode, flags,
           ^^^^^^^^^^^^^^^^^^^^^^^^^^^^^^^^^^^^^^
  File "<unknown>", line 1
    if = se >=20 or <=70 o coelho 
       ^
SyntaxError: invalid syntax
2025-08-18 19:30:47,535 cblogger [ERROR]: 		Error while extracting halsted code metrics: invalid syntax (<unknown>, line 1)
Traceback (most recent call last):
  File "/root/QuestionInsight/Etapa_1/codebench-mining-tool/util.py", line 569, in extract_halstead_metrics
    h = h_visit(code)
        ^^^^^^^^^^^^^
  File "/root/QuestionInsight/.venv/lib/python3.12/site-packages/radon/metrics.py", line 29, in h_visit
    return h_visit_ast(ast.parse(code))
                       ^^^^^^^^^^^^^^^
  File "/usr/lib/python3.12/ast.py", line 52, in parse
    return compile(source, filename, mode, flags,
           ^^^^^^^^^^^^^^^^^^^^^^^^^^^^^^^^^^^^^^
  File "<unknown>", line 1
    if = se >=20 or <=70 o coelho 
       ^
SyntaxError: invalid syntax
2025-08-18 19:30:47,584 cblogger [ERROR]: 		Error while extracting code complexity metrics: '(' was never closed (<unknown>, line 9)
Traceback (most recent call last):
  File "/root/QuestionInsight/Etapa_1/codebench-mining-tool/util.py", line 551, in extract_complexity_metrics
    v = ComplexityVisitor.from_code(code)
        ^^^^^^^^^^^^^^^^^^^^^^^^^^^^^^^^^
  File "/root/QuestionInsight/.venv/lib/python3.12/site-packages/radon/visitors.py", line 133, in from_code
    return cls.from_ast(code2ast(code), **kwargs)
                        ^^^^^^^^^^^^^^
  File "/root/QuestionInsight/.venv/lib/python3.12/site-packages/radon/visitors.py", line 48, in code2ast
    return ast.parse(source)
           ^^^^^^^^^^^^^^^^^
  File "/usr/lib/python3.12/ast.py", line 52, in parse
    return compile(source, filename, mode, flags,
           ^^^^^^^^^^^^^^^^^^^^^^^^^^^^^^^^^^^^^^
  File "<unknown>", line 9
    	print(round(F, 2)
    	     ^
SyntaxError: '(' was never closed
2025-08-18 19:30:47,585 cblogger [ERROR]: 		Error while extracting code size based metrics: SyntaxError at line: 9
Traceback (most recent call last):
  File "/root/QuestionInsight/.venv/lib/python3.12/site-packages/radon/raw.py", line 210, in analyze
    tokens, parsed_lines = _get_all_tokens(line, lines)
                           ^^^^^^^^^^^^^^^^^^^^^^^^^^^^
  File "/root/QuestionInsight/.venv/lib/python3.12/site-packages/radon/raw.py", line 117, in _get_all_tokens
    next_line = next(lines)
                ^^^^^^^^^^^
StopIteration

During handling of the above exception, another exception occurred:

Traceback (most recent call last):
  File "/root/QuestionInsight/Etapa_1/codebench-mining-tool/util.py", line 560, in extract_size_metrics
    a = analyze(code)
        ^^^^^^^^^^^^^
  File "/root/QuestionInsight/.venv/lib/python3.12/site-packages/radon/raw.py", line 212, in analyze
    raise SyntaxError('SyntaxError at line: {0}'.format(lineno))
SyntaxError: SyntaxError at line: 9
2025-08-18 19:30:47,586 cblogger [ERROR]: 		Error while extracting halsted code metrics: '(' was never closed (<unknown>, line 9)
Traceback (most recent call last):
  File "/root/QuestionInsight/Etapa_1/codebench-mining-tool/util.py", line 569, in extract_halstead_metrics
    h = h_visit(code)
        ^^^^^^^^^^^^^
  File "/root/QuestionInsight/.venv/lib/python3.12/site-packages/radon/metrics.py", line 29, in h_visit
    return h_visit_ast(ast.parse(code))
                       ^^^^^^^^^^^^^^^
  File "/usr/lib/python3.12/ast.py", line 52, in parse
    return compile(source, filename, mode, flags,
           ^^^^^^^^^^^^^^^^^^^^^^^^^^^^^^^^^^^^^^
  File "<unknown>", line 9
    	print(round(F, 2)
    	     ^
SyntaxError: '(' was never closed
2025-08-18 19:30:47,672 cblogger [ERROR]: 		Error while extracting code complexity metrics: invalid syntax (<unknown>, line 6)
Traceback (most recent call last):
  File "/root/QuestionInsight/Etapa_1/codebench-mining-tool/util.py", line 551, in extract_complexity_metrics
    v = ComplexityVisitor.from_code(code)
        ^^^^^^^^^^^^^^^^^^^^^^^^^^^^^^^^^
  File "/root/QuestionInsight/.venv/lib/python3.12/site-packages/radon/visitors.py", line 133, in from_code
    return cls.from_ast(code2ast(code), **kwargs)
                        ^^^^^^^^^^^^^^
  File "/root/QuestionInsight/.venv/lib/python3.12/site-packages/radon/visitors.py", line 48, in code2ast
    return ast.parse(source)
           ^^^^^^^^^^^^^^^^^
  File "/usr/lib/python3.12/ast.py", line 52, in parse
    return compile(source, filename, mode, flags,
           ^^^^^^^^^^^^^^^^^^^^^^^^^^^^^^^^^^^^^^
  File "<unknown>", line 6
    for i in :
             ^
SyntaxError: invalid syntax
2025-08-18 19:30:47,672 cblogger [ERROR]: 		Error while extracting halsted code metrics: invalid syntax (<unknown>, line 6)
Traceback (most recent call last):
  File "/root/QuestionInsight/Etapa_1/codebench-mining-tool/util.py", line 569, in extract_halstead_metrics
    h = h_visit(code)
        ^^^^^^^^^^^^^
  File "/root/QuestionInsight/.venv/lib/python3.12/site-packages/radon/metrics.py", line 29, in h_visit
    return h_visit_ast(ast.parse(code))
                       ^^^^^^^^^^^^^^^
  File "/usr/lib/python3.12/ast.py", line 52, in parse
    return compile(source, filename, mode, flags,
           ^^^^^^^^^^^^^^^^^^^^^^^^^^^^^^^^^^^^^^
  File "<unknown>", line 6
    for i in :
             ^
SyntaxError: invalid syntax
2025-08-18 19:30:47,693 cblogger [ERROR]: 		Error while extracting code complexity metrics: invalid syntax (<unknown>, line 4)
Traceback (most recent call last):
  File "/root/QuestionInsight/Etapa_1/codebench-mining-tool/util.py", line 551, in extract_complexity_metrics
    v = ComplexityVisitor.from_code(code)
        ^^^^^^^^^^^^^^^^^^^^^^^^^^^^^^^^^
  File "/root/QuestionInsight/.venv/lib/python3.12/site-packages/radon/visitors.py", line 133, in from_code
    return cls.from_ast(code2ast(code), **kwargs)
                        ^^^^^^^^^^^^^^
  File "/root/QuestionInsight/.venv/lib/python3.12/site-packages/radon/visitors.py", line 48, in code2ast
    return ast.parse(source)
           ^^^^^^^^^^^^^^^^^
  File "/usr/lib/python3.12/ast.py", line 52, in parse
    return compile(source, filename, mode, flags,
           ^^^^^^^^^^^^^^^^^^^^^^^^^^^^^^^^^^^^^^
  File "<unknown>", line 4
    	m = 
    	    ^
SyntaxError: invalid syntax
2025-08-18 19:30:47,695 cblogger [ERROR]: 		Error while extracting halsted code metrics: invalid syntax (<unknown>, line 4)
Traceback (most recent call last):
  File "/root/QuestionInsight/Etapa_1/codebench-mining-tool/util.py", line 569, in extract_halstead_metrics
    h = h_visit(code)
        ^^^^^^^^^^^^^
  File "/root/QuestionInsight/.venv/lib/python3.12/site-packages/radon/metrics.py", line 29, in h_visit
    return h_visit_ast(ast.parse(code))
                       ^^^^^^^^^^^^^^^
  File "/usr/lib/python3.12/ast.py", line 52, in parse
    return compile(source, filename, mode, flags,
           ^^^^^^^^^^^^^^^^^^^^^^^^^^^^^^^^^^^^^^
  File "<unknown>", line 4
    	m = 
    	    ^
SyntaxError: invalid syntax
2025-08-18 19:30:47,739 cblogger [ERROR]: 		Error while extracting code complexity metrics: '(' was never closed (<unknown>, line 1)
Traceback (most recent call last):
  File "/root/QuestionInsight/Etapa_1/codebench-mining-tool/util.py", line 551, in extract_complexity_metrics
    v = ComplexityVisitor.from_code(code)
        ^^^^^^^^^^^^^^^^^^^^^^^^^^^^^^^^^
  File "/root/QuestionInsight/.venv/lib/python3.12/site-packages/radon/visitors.py", line 133, in from_code
    return cls.from_ast(code2ast(code), **kwargs)
                        ^^^^^^^^^^^^^^
  File "/root/QuestionInsight/.venv/lib/python3.12/site-packages/radon/visitors.py", line 48, in code2ast
    return ast.parse(source)
           ^^^^^^^^^^^^^^^^^
  File "/usr/lib/python3.12/ast.py", line 52, in parse
    return compile(source, filename, mode, flags,
           ^^^^^^^^^^^^^^^^^^^^^^^^^^^^^^^^^^^^^^
  File "<unknown>", line 1
    ida = float(input("qual a idade?: ")
               ^
SyntaxError: '(' was never closed
2025-08-18 19:30:47,741 cblogger [ERROR]: 		Error while extracting code size based metrics: SyntaxError at line: 1
Traceback (most recent call last):
  File "/root/QuestionInsight/.venv/lib/python3.12/site-packages/radon/raw.py", line 210, in analyze
    tokens, parsed_lines = _get_all_tokens(line, lines)
                           ^^^^^^^^^^^^^^^^^^^^^^^^^^^^
  File "/root/QuestionInsight/.venv/lib/python3.12/site-packages/radon/raw.py", line 117, in _get_all_tokens
    next_line = next(lines)
                ^^^^^^^^^^^
StopIteration

During handling of the above exception, another exception occurred:

Traceback (most recent call last):
  File "/root/QuestionInsight/Etapa_1/codebench-mining-tool/util.py", line 560, in extract_size_metrics
    a = analyze(code)
        ^^^^^^^^^^^^^
  File "/root/QuestionInsight/.venv/lib/python3.12/site-packages/radon/raw.py", line 212, in analyze
    raise SyntaxError('SyntaxError at line: {0}'.format(lineno))
SyntaxError: SyntaxError at line: 1
2025-08-18 19:30:47,742 cblogger [ERROR]: 		Error while extracting halsted code metrics: '(' was never closed (<unknown>, line 1)
Traceback (most recent call last):
  File "/root/QuestionInsight/Etapa_1/codebench-mining-tool/util.py", line 569, in extract_halstead_metrics
    h = h_visit(code)
        ^^^^^^^^^^^^^
  File "/root/QuestionInsight/.venv/lib/python3.12/site-packages/radon/metrics.py", line 29, in h_visit
    return h_visit_ast(ast.parse(code))
                       ^^^^^^^^^^^^^^^
  File "/usr/lib/python3.12/ast.py", line 52, in parse
    return compile(source, filename, mode, flags,
           ^^^^^^^^^^^^^^^^^^^^^^^^^^^^^^^^^^^^^^
  File "<unknown>", line 1
    ida = float(input("qual a idade?: ")
               ^
SyntaxError: '(' was never closed
2025-08-18 19:30:47,872 cblogger [ERROR]: 		Error while extracting code complexity metrics: '(' was never closed (<unknown>, line 3)
Traceback (most recent call last):
  File "/root/QuestionInsight/Etapa_1/codebench-mining-tool/util.py", line 551, in extract_complexity_metrics
    v = ComplexityVisitor.from_code(code)
        ^^^^^^^^^^^^^^^^^^^^^^^^^^^^^^^^^
  File "/root/QuestionInsight/.venv/lib/python3.12/site-packages/radon/visitors.py", line 133, in from_code
    return cls.from_ast(code2ast(code), **kwargs)
                        ^^^^^^^^^^^^^^
  File "/root/QuestionInsight/.venv/lib/python3.12/site-packages/radon/visitors.py", line 48, in code2ast
    return ast.parse(source)
           ^^^^^^^^^^^^^^^^^
  File "/usr/lib/python3.12/ast.py", line 52, in parse
    return compile(source, filename, mode, flags,
           ^^^^^^^^^^^^^^^^^^^^^^^^^^^^^^^^^^^^^^
  File "<unknown>", line 3
    n = str(input(("Digite uma letra: ")).upper
           ^
SyntaxError: '(' was never closed
2025-08-18 19:30:47,873 cblogger [ERROR]: 		Error while extracting code size based metrics: SyntaxError at line: 3
Traceback (most recent call last):
  File "/root/QuestionInsight/.venv/lib/python3.12/site-packages/radon/raw.py", line 210, in analyze
    tokens, parsed_lines = _get_all_tokens(line, lines)
                           ^^^^^^^^^^^^^^^^^^^^^^^^^^^^
  File "/root/QuestionInsight/.venv/lib/python3.12/site-packages/radon/raw.py", line 117, in _get_all_tokens
    next_line = next(lines)
                ^^^^^^^^^^^
StopIteration

During handling of the above exception, another exception occurred:

Traceback (most recent call last):
  File "/root/QuestionInsight/Etapa_1/codebench-mining-tool/util.py", line 560, in extract_size_metrics
    a = analyze(code)
        ^^^^^^^^^^^^^
  File "/root/QuestionInsight/.venv/lib/python3.12/site-packages/radon/raw.py", line 212, in analyze
    raise SyntaxError('SyntaxError at line: {0}'.format(lineno))
SyntaxError: SyntaxError at line: 3
2025-08-18 19:30:47,874 cblogger [ERROR]: 		Error while extracting halsted code metrics: '(' was never closed (<unknown>, line 3)
Traceback (most recent call last):
  File "/root/QuestionInsight/Etapa_1/codebench-mining-tool/util.py", line 569, in extract_halstead_metrics
    h = h_visit(code)
        ^^^^^^^^^^^^^
  File "/root/QuestionInsight/.venv/lib/python3.12/site-packages/radon/metrics.py", line 29, in h_visit
    return h_visit_ast(ast.parse(code))
                       ^^^^^^^^^^^^^^^
  File "/usr/lib/python3.12/ast.py", line 52, in parse
    return compile(source, filename, mode, flags,
           ^^^^^^^^^^^^^^^^^^^^^^^^^^^^^^^^^^^^^^
  File "<unknown>", line 3
    n = str(input(("Digite uma letra: ")).upper
           ^
SyntaxError: '(' was never closed
2025-08-18 19:30:47,910 cblogger [ERROR]: 		Error while extracting code complexity metrics: unindent does not match any outer indentation level (<unknown>, line 8)
Traceback (most recent call last):
  File "/root/QuestionInsight/Etapa_1/codebench-mining-tool/util.py", line 551, in extract_complexity_metrics
    v = ComplexityVisitor.from_code(code)
        ^^^^^^^^^^^^^^^^^^^^^^^^^^^^^^^^^
  File "/root/QuestionInsight/.venv/lib/python3.12/site-packages/radon/visitors.py", line 133, in from_code
    return cls.from_ast(code2ast(code), **kwargs)
                        ^^^^^^^^^^^^^^
  File "/root/QuestionInsight/.venv/lib/python3.12/site-packages/radon/visitors.py", line 48, in code2ast
    return ast.parse(source)
           ^^^^^^^^^^^^^^^^^
  File "/usr/lib/python3.12/ast.py", line 52, in parse
    return compile(source, filename, mode, flags,
           ^^^^^^^^^^^^^^^^^^^^^^^^^^^^^^^^^^^^^^
  File "<unknown>", line 8
    	print(cont)
    	           ^
IndentationError: unindent does not match any outer indentation level
2025-08-18 19:30:47,911 cblogger [ERROR]: 		Error while extracting halsted code metrics: unindent does not match any outer indentation level (<unknown>, line 8)
Traceback (most recent call last):
  File "/root/QuestionInsight/Etapa_1/codebench-mining-tool/util.py", line 569, in extract_halstead_metrics
    h = h_visit(code)
        ^^^^^^^^^^^^^
  File "/root/QuestionInsight/.venv/lib/python3.12/site-packages/radon/metrics.py", line 29, in h_visit
    return h_visit_ast(ast.parse(code))
                       ^^^^^^^^^^^^^^^
  File "/usr/lib/python3.12/ast.py", line 52, in parse
    return compile(source, filename, mode, flags,
           ^^^^^^^^^^^^^^^^^^^^^^^^^^^^^^^^^^^^^^
  File "<unknown>", line 8
    	print(cont)
    	           ^
IndentationError: unindent does not match any outer indentation level
2025-08-18 19:30:48,493 cblogger [ERROR]: 		Error while extracting code complexity metrics: expected ':' (<unknown>, line 6)
Traceback (most recent call last):
  File "/root/QuestionInsight/Etapa_1/codebench-mining-tool/util.py", line 551, in extract_complexity_metrics
    v = ComplexityVisitor.from_code(code)
        ^^^^^^^^^^^^^^^^^^^^^^^^^^^^^^^^^
  File "/root/QuestionInsight/.venv/lib/python3.12/site-packages/radon/visitors.py", line 133, in from_code
    return cls.from_ast(code2ast(code), **kwargs)
                        ^^^^^^^^^^^^^^
  File "/root/QuestionInsight/.venv/lib/python3.12/site-packages/radon/visitors.py", line 48, in code2ast
    return ast.parse(source)
           ^^^^^^^^^^^^^^^^^
  File "/usr/lib/python3.12/ast.py", line 52, in parse
    return compile(source, filename, mode, flags,
           ^^^^^^^^^^^^^^^^^^^^^^^^^^^^^^^^^^^^^^
  File "<unknown>", line 6
    else;
        ^
SyntaxError: expected ':'
2025-08-18 19:30:48,493 cblogger [ERROR]: 		Error while extracting halsted code metrics: expected ':' (<unknown>, line 6)
Traceback (most recent call last):
  File "/root/QuestionInsight/Etapa_1/codebench-mining-tool/util.py", line 569, in extract_halstead_metrics
    h = h_visit(code)
        ^^^^^^^^^^^^^
  File "/root/QuestionInsight/.venv/lib/python3.12/site-packages/radon/metrics.py", line 29, in h_visit
    return h_visit_ast(ast.parse(code))
                       ^^^^^^^^^^^^^^^
  File "/usr/lib/python3.12/ast.py", line 52, in parse
    return compile(source, filename, mode, flags,
           ^^^^^^^^^^^^^^^^^^^^^^^^^^^^^^^^^^^^^^
  File "<unknown>", line 6
    else;
        ^
SyntaxError: expected ':'
2025-08-18 19:30:49,141 cblogger [ERROR]: 		Error while extracting code complexity metrics: '(' was never closed (<unknown>, line 1)
Traceback (most recent call last):
  File "/root/QuestionInsight/Etapa_1/codebench-mining-tool/util.py", line 551, in extract_complexity_metrics
    v = ComplexityVisitor.from_code(code)
        ^^^^^^^^^^^^^^^^^^^^^^^^^^^^^^^^^
  File "/root/QuestionInsight/.venv/lib/python3.12/site-packages/radon/visitors.py", line 133, in from_code
    return cls.from_ast(code2ast(code), **kwargs)
                        ^^^^^^^^^^^^^^
  File "/root/QuestionInsight/.venv/lib/python3.12/site-packages/radon/visitors.py", line 48, in code2ast
    return ast.parse(source)
           ^^^^^^^^^^^^^^^^^
  File "/usr/lib/python3.12/ast.py", line 52, in parse
    return compile(source, filename, mode, flags,
           ^^^^^^^^^^^^^^^^^^^^^^^^^^^^^^^^^^^^^^
  File "<unknown>", line 1
    x = int(input
           ^
SyntaxError: '(' was never closed
2025-08-18 19:30:49,142 cblogger [ERROR]: 		Error while extracting code size based metrics: SyntaxError at line: 1
Traceback (most recent call last):
  File "/root/QuestionInsight/.venv/lib/python3.12/site-packages/radon/raw.py", line 210, in analyze
    tokens, parsed_lines = _get_all_tokens(line, lines)
                           ^^^^^^^^^^^^^^^^^^^^^^^^^^^^
  File "/root/QuestionInsight/.venv/lib/python3.12/site-packages/radon/raw.py", line 117, in _get_all_tokens
    next_line = next(lines)
                ^^^^^^^^^^^
StopIteration

During handling of the above exception, another exception occurred:

Traceback (most recent call last):
  File "/root/QuestionInsight/Etapa_1/codebench-mining-tool/util.py", line 560, in extract_size_metrics
    a = analyze(code)
        ^^^^^^^^^^^^^
  File "/root/QuestionInsight/.venv/lib/python3.12/site-packages/radon/raw.py", line 212, in analyze
    raise SyntaxError('SyntaxError at line: {0}'.format(lineno))
SyntaxError: SyntaxError at line: 1
2025-08-18 19:30:49,142 cblogger [ERROR]: 		Error while extracting halsted code metrics: '(' was never closed (<unknown>, line 1)
Traceback (most recent call last):
  File "/root/QuestionInsight/Etapa_1/codebench-mining-tool/util.py", line 569, in extract_halstead_metrics
    h = h_visit(code)
        ^^^^^^^^^^^^^
  File "/root/QuestionInsight/.venv/lib/python3.12/site-packages/radon/metrics.py", line 29, in h_visit
    return h_visit_ast(ast.parse(code))
                       ^^^^^^^^^^^^^^^
  File "/usr/lib/python3.12/ast.py", line 52, in parse
    return compile(source, filename, mode, flags,
           ^^^^^^^^^^^^^^^^^^^^^^^^^^^^^^^^^^^^^^
  File "<unknown>", line 1
    x = int(input
           ^
SyntaxError: '(' was never closed
2025-08-18 19:30:54,859 cblogger [ERROR]: 		Error while extracting code complexity metrics: invalid syntax (<unknown>, line 8)
Traceback (most recent call last):
  File "/root/QuestionInsight/Etapa_1/codebench-mining-tool/util.py", line 551, in extract_complexity_metrics
    v = ComplexityVisitor.from_code(code)
        ^^^^^^^^^^^^^^^^^^^^^^^^^^^^^^^^^
  File "/root/QuestionInsight/.venv/lib/python3.12/site-packages/radon/visitors.py", line 133, in from_code
    return cls.from_ast(code2ast(code), **kwargs)
                        ^^^^^^^^^^^^^^
  File "/root/QuestionInsight/.venv/lib/python3.12/site-packages/radon/visitors.py", line 48, in code2ast
    return ast.parse(source)
           ^^^^^^^^^^^^^^^^^
  File "/usr/lib/python3.12/ast.py", line 52, in parse
    return compile(source, filename, mode, flags,
           ^^^^^^^^^^^^^^^^^^^^^^^^^^^^^^^^^^^^^^
  File "<unknown>", line 8
    s += 
         ^
SyntaxError: invalid syntax
2025-08-18 19:30:54,860 cblogger [ERROR]: 		Error while extracting halsted code metrics: invalid syntax (<unknown>, line 8)
Traceback (most recent call last):
  File "/root/QuestionInsight/Etapa_1/codebench-mining-tool/util.py", line 569, in extract_halstead_metrics
    h = h_visit(code)
        ^^^^^^^^^^^^^
  File "/root/QuestionInsight/.venv/lib/python3.12/site-packages/radon/metrics.py", line 29, in h_visit
    return h_visit_ast(ast.parse(code))
                       ^^^^^^^^^^^^^^^
  File "/usr/lib/python3.12/ast.py", line 52, in parse
    return compile(source, filename, mode, flags,
           ^^^^^^^^^^^^^^^^^^^^^^^^^^^^^^^^^^^^^^
  File "<unknown>", line 8
    s += 
         ^
SyntaxError: invalid syntax
2025-08-18 19:30:58,009 cblogger [ERROR]: 		Error while extracting code complexity metrics: '(' was never closed (<unknown>, line 3)
Traceback (most recent call last):
  File "/root/QuestionInsight/Etapa_1/codebench-mining-tool/util.py", line 551, in extract_complexity_metrics
    v = ComplexityVisitor.from_code(code)
        ^^^^^^^^^^^^^^^^^^^^^^^^^^^^^^^^^
  File "/root/QuestionInsight/.venv/lib/python3.12/site-packages/radon/visitors.py", line 133, in from_code
    return cls.from_ast(code2ast(code), **kwargs)
                        ^^^^^^^^^^^^^^
  File "/root/QuestionInsight/.venv/lib/python3.12/site-packages/radon/visitors.py", line 48, in code2ast
    return ast.parse(source)
           ^^^^^^^^^^^^^^^^^
  File "/usr/lib/python3.12/ast.py", line 52, in parse
    return compile(source, filename, mode, flags,
           ^^^^^^^^^^^^^^^^^^^^^^^^^^^^^^^^^^^^^^
  File "<unknown>", line 3
    x = array(eval(input("digite os numeros: "))
             ^
SyntaxError: '(' was never closed
2025-08-18 19:30:58,010 cblogger [ERROR]: 		Error while extracting code size based metrics: SyntaxError at line: 3
Traceback (most recent call last):
  File "/root/QuestionInsight/.venv/lib/python3.12/site-packages/radon/raw.py", line 210, in analyze
    tokens, parsed_lines = _get_all_tokens(line, lines)
                           ^^^^^^^^^^^^^^^^^^^^^^^^^^^^
  File "/root/QuestionInsight/.venv/lib/python3.12/site-packages/radon/raw.py", line 117, in _get_all_tokens
    next_line = next(lines)
                ^^^^^^^^^^^
StopIteration

During handling of the above exception, another exception occurred:

Traceback (most recent call last):
  File "/root/QuestionInsight/Etapa_1/codebench-mining-tool/util.py", line 560, in extract_size_metrics
    a = analyze(code)
        ^^^^^^^^^^^^^
  File "/root/QuestionInsight/.venv/lib/python3.12/site-packages/radon/raw.py", line 212, in analyze
    raise SyntaxError('SyntaxError at line: {0}'.format(lineno))
SyntaxError: SyntaxError at line: 3
2025-08-18 19:30:58,010 cblogger [ERROR]: 		Error while extracting halsted code metrics: '(' was never closed (<unknown>, line 3)
Traceback (most recent call last):
  File "/root/QuestionInsight/Etapa_1/codebench-mining-tool/util.py", line 569, in extract_halstead_metrics
    h = h_visit(code)
        ^^^^^^^^^^^^^
  File "/root/QuestionInsight/.venv/lib/python3.12/site-packages/radon/metrics.py", line 29, in h_visit
    return h_visit_ast(ast.parse(code))
                       ^^^^^^^^^^^^^^^
  File "/usr/lib/python3.12/ast.py", line 52, in parse
    return compile(source, filename, mode, flags,
           ^^^^^^^^^^^^^^^^^^^^^^^^^^^^^^^^^^^^^^
  File "<unknown>", line 3
    x = array(eval(input("digite os numeros: "))
             ^
SyntaxError: '(' was never closed
2025-08-18 19:30:58,563 cblogger [ERROR]: 		Error while extracting code complexity metrics: invalid syntax (<unknown>, line 6)
Traceback (most recent call last):
  File "/root/QuestionInsight/Etapa_1/codebench-mining-tool/util.py", line 551, in extract_complexity_metrics
    v = ComplexityVisitor.from_code(code)
        ^^^^^^^^^^^^^^^^^^^^^^^^^^^^^^^^^
  File "/root/QuestionInsight/.venv/lib/python3.12/site-packages/radon/visitors.py", line 133, in from_code
    return cls.from_ast(code2ast(code), **kwargs)
                        ^^^^^^^^^^^^^^
  File "/root/QuestionInsight/.venv/lib/python3.12/site-packages/radon/visitors.py", line 48, in code2ast
    return ast.parse(source)
           ^^^^^^^^^^^^^^^^^
  File "/usr/lib/python3.12/ast.py", line 52, in parse
    return compile(source, filename, mode, flags,
           ^^^^^^^^^^^^^^^^^^^^^^^^^^^^^^^^^^^^^^
  File "<unknown>", line 6
    vet = 
          ^
SyntaxError: invalid syntax
2025-08-18 19:30:58,564 cblogger [ERROR]: 		Error while extracting halsted code metrics: invalid syntax (<unknown>, line 6)
Traceback (most recent call last):
  File "/root/QuestionInsight/Etapa_1/codebench-mining-tool/util.py", line 569, in extract_halstead_metrics
    h = h_visit(code)
        ^^^^^^^^^^^^^
  File "/root/QuestionInsight/.venv/lib/python3.12/site-packages/radon/metrics.py", line 29, in h_visit
    return h_visit_ast(ast.parse(code))
                       ^^^^^^^^^^^^^^^
  File "/usr/lib/python3.12/ast.py", line 52, in parse
    return compile(source, filename, mode, flags,
           ^^^^^^^^^^^^^^^^^^^^^^^^^^^^^^^^^^^^^^
  File "<unknown>", line 6
    vet = 
          ^
SyntaxError: invalid syntax
2025-08-18 19:30:58,735 cblogger [ERROR]: 		Error while extracting code complexity metrics: invalid syntax (<unknown>, line 4)
Traceback (most recent call last):
  File "/root/QuestionInsight/Etapa_1/codebench-mining-tool/util.py", line 551, in extract_complexity_metrics
    v = ComplexityVisitor.from_code(code)
        ^^^^^^^^^^^^^^^^^^^^^^^^^^^^^^^^^
  File "/root/QuestionInsight/.venv/lib/python3.12/site-packages/radon/visitors.py", line 133, in from_code
    return cls.from_ast(code2ast(code), **kwargs)
                        ^^^^^^^^^^^^^^
  File "/root/QuestionInsight/.venv/lib/python3.12/site-packages/radon/visitors.py", line 48, in code2ast
    return ast.parse(source)
           ^^^^^^^^^^^^^^^^^
  File "/usr/lib/python3.12/ast.py", line 52, in parse
    return compile(source, filename, mode, flags,
           ^^^^^^^^^^^^^^^^^^^^^^^^^^^^^^^^^^^^^^
  File "<unknown>", line 4
    if n % == 3:
           ^^
SyntaxError: invalid syntax
2025-08-18 19:30:58,736 cblogger [ERROR]: 		Error while extracting halsted code metrics: invalid syntax (<unknown>, line 4)
Traceback (most recent call last):
  File "/root/QuestionInsight/Etapa_1/codebench-mining-tool/util.py", line 569, in extract_halstead_metrics
    h = h_visit(code)
        ^^^^^^^^^^^^^
  File "/root/QuestionInsight/.venv/lib/python3.12/site-packages/radon/metrics.py", line 29, in h_visit
    return h_visit_ast(ast.parse(code))
                       ^^^^^^^^^^^^^^^
  File "/usr/lib/python3.12/ast.py", line 52, in parse
    return compile(source, filename, mode, flags,
           ^^^^^^^^^^^^^^^^^^^^^^^^^^^^^^^^^^^^^^
  File "<unknown>", line 4
    if n % == 3:
           ^^
SyntaxError: invalid syntax
2025-08-18 19:30:58,775 cblogger [ERROR]: 		Error while extracting code complexity metrics: expected ':' (<unknown>, line 6)
Traceback (most recent call last):
  File "/root/QuestionInsight/Etapa_1/codebench-mining-tool/util.py", line 551, in extract_complexity_metrics
    v = ComplexityVisitor.from_code(code)
        ^^^^^^^^^^^^^^^^^^^^^^^^^^^^^^^^^
  File "/root/QuestionInsight/.venv/lib/python3.12/site-packages/radon/visitors.py", line 133, in from_code
    return cls.from_ast(code2ast(code), **kwargs)
                        ^^^^^^^^^^^^^^
  File "/root/QuestionInsight/.venv/lib/python3.12/site-packages/radon/visitors.py", line 48, in code2ast
    return ast.parse(source)
           ^^^^^^^^^^^^^^^^^
  File "/usr/lib/python3.12/ast.py", line 52, in parse
    return compile(source, filename, mode, flags,
           ^^^^^^^^^^^^^^^^^^^^^^^^^^^^^^^^^^^^^^
  File "<unknown>", line 6
    while x == "P" 
                   ^
SyntaxError: expected ':'
2025-08-18 19:30:58,776 cblogger [ERROR]: 		Error while extracting halsted code metrics: expected ':' (<unknown>, line 6)
Traceback (most recent call last):
  File "/root/QuestionInsight/Etapa_1/codebench-mining-tool/util.py", line 569, in extract_halstead_metrics
    h = h_visit(code)
        ^^^^^^^^^^^^^
  File "/root/QuestionInsight/.venv/lib/python3.12/site-packages/radon/metrics.py", line 29, in h_visit
    return h_visit_ast(ast.parse(code))
                       ^^^^^^^^^^^^^^^
  File "/usr/lib/python3.12/ast.py", line 52, in parse
    return compile(source, filename, mode, flags,
           ^^^^^^^^^^^^^^^^^^^^^^^^^^^^^^^^^^^^^^
  File "<unknown>", line 6
    while x == "P" 
                   ^
SyntaxError: expected ':'
2025-08-18 19:30:58,850 cblogger [ERROR]: 		Error while extracting code complexity metrics: expected an indented block after 'while' statement on line 10 (<unknown>, line 10)
Traceback (most recent call last):
  File "/root/QuestionInsight/Etapa_1/codebench-mining-tool/util.py", line 551, in extract_complexity_metrics
    v = ComplexityVisitor.from_code(code)
        ^^^^^^^^^^^^^^^^^^^^^^^^^^^^^^^^^
  File "/root/QuestionInsight/.venv/lib/python3.12/site-packages/radon/visitors.py", line 133, in from_code
    return cls.from_ast(code2ast(code), **kwargs)
                        ^^^^^^^^^^^^^^
  File "/root/QuestionInsight/.venv/lib/python3.12/site-packages/radon/visitors.py", line 48, in code2ast
    return ast.parse(source)
           ^^^^^^^^^^^^^^^^^
  File "/usr/lib/python3.12/ast.py", line 52, in parse
    return compile(source, filename, mode, flags,
           ^^^^^^^^^^^^^^^^^^^^^^^^^^^^^^^^^^^^^^
  File "<unknown>", line 10
    while(x<=y):
                ^
IndentationError: expected an indented block after 'while' statement on line 10
2025-08-18 19:30:58,851 cblogger [ERROR]: 		Error while extracting halsted code metrics: expected an indented block after 'while' statement on line 10 (<unknown>, line 10)
Traceback (most recent call last):
  File "/root/QuestionInsight/Etapa_1/codebench-mining-tool/util.py", line 569, in extract_halstead_metrics
    h = h_visit(code)
        ^^^^^^^^^^^^^
  File "/root/QuestionInsight/.venv/lib/python3.12/site-packages/radon/metrics.py", line 29, in h_visit
    return h_visit_ast(ast.parse(code))
                       ^^^^^^^^^^^^^^^
  File "/usr/lib/python3.12/ast.py", line 52, in parse
    return compile(source, filename, mode, flags,
           ^^^^^^^^^^^^^^^^^^^^^^^^^^^^^^^^^^^^^^
  File "<unknown>", line 10
    while(x<=y):
                ^
IndentationError: expected an indented block after 'while' statement on line 10
2025-08-18 19:30:58,973 cblogger [ERROR]: 		Error while extracting code complexity metrics: invalid syntax (<unknown>, line 8)
Traceback (most recent call last):
  File "/root/QuestionInsight/Etapa_1/codebench-mining-tool/util.py", line 551, in extract_complexity_metrics
    v = ComplexityVisitor.from_code(code)
        ^^^^^^^^^^^^^^^^^^^^^^^^^^^^^^^^^
  File "/root/QuestionInsight/.venv/lib/python3.12/site-packages/radon/visitors.py", line 133, in from_code
    return cls.from_ast(code2ast(code), **kwargs)
                        ^^^^^^^^^^^^^^
  File "/root/QuestionInsight/.venv/lib/python3.12/site-packages/radon/visitors.py", line 48, in code2ast
    return ast.parse(source)
           ^^^^^^^^^^^^^^^^^
  File "/usr/lib/python3.12/ast.py", line 52, in parse
    return compile(source, filename, mode, flags,
           ^^^^^^^^^^^^^^^^^^^^^^^^^^^^^^^^^^^^^^
  File "<unknown>", line 8
    print(vetor[0]) 1
                    ^
SyntaxError: invalid syntax
2025-08-18 19:30:58,974 cblogger [ERROR]: 		Error while extracting halsted code metrics: invalid syntax (<unknown>, line 8)
Traceback (most recent call last):
  File "/root/QuestionInsight/Etapa_1/codebench-mining-tool/util.py", line 569, in extract_halstead_metrics
    h = h_visit(code)
        ^^^^^^^^^^^^^
  File "/root/QuestionInsight/.venv/lib/python3.12/site-packages/radon/metrics.py", line 29, in h_visit
    return h_visit_ast(ast.parse(code))
                       ^^^^^^^^^^^^^^^
  File "/usr/lib/python3.12/ast.py", line 52, in parse
    return compile(source, filename, mode, flags,
           ^^^^^^^^^^^^^^^^^^^^^^^^^^^^^^^^^^^^^^
  File "<unknown>", line 8
    print(vetor[0]) 1
                    ^
SyntaxError: invalid syntax
2025-08-18 19:30:59,580 cblogger [ERROR]: 		Error while extracting code complexity metrics: expected an indented block after 'if' statement on line 7 (<unknown>, line 8)
Traceback (most recent call last):
  File "/root/QuestionInsight/Etapa_1/codebench-mining-tool/util.py", line 551, in extract_complexity_metrics
    v = ComplexityVisitor.from_code(code)
        ^^^^^^^^^^^^^^^^^^^^^^^^^^^^^^^^^
  File "/root/QuestionInsight/.venv/lib/python3.12/site-packages/radon/visitors.py", line 133, in from_code
    return cls.from_ast(code2ast(code), **kwargs)
                        ^^^^^^^^^^^^^^
  File "/root/QuestionInsight/.venv/lib/python3.12/site-packages/radon/visitors.py", line 48, in code2ast
    return ast.parse(source)
           ^^^^^^^^^^^^^^^^^
  File "/usr/lib/python3.12/ast.py", line 52, in parse
    return compile(source, filename, mode, flags,
           ^^^^^^^^^^^^^^^^^^^^^^^^^^^^^^^^^^^^^^
  File "<unknown>", line 8
    	s = s + v[i]
    	^
IndentationError: expected an indented block after 'if' statement on line 7
2025-08-18 19:30:59,582 cblogger [ERROR]: 		Error while extracting halsted code metrics: expected an indented block after 'if' statement on line 7 (<unknown>, line 8)
Traceback (most recent call last):
  File "/root/QuestionInsight/Etapa_1/codebench-mining-tool/util.py", line 569, in extract_halstead_metrics
    h = h_visit(code)
        ^^^^^^^^^^^^^
  File "/root/QuestionInsight/.venv/lib/python3.12/site-packages/radon/metrics.py", line 29, in h_visit
    return h_visit_ast(ast.parse(code))
                       ^^^^^^^^^^^^^^^
  File "/usr/lib/python3.12/ast.py", line 52, in parse
    return compile(source, filename, mode, flags,
           ^^^^^^^^^^^^^^^^^^^^^^^^^^^^^^^^^^^^^^
  File "<unknown>", line 8
    	s = s + v[i]
    	^
IndentationError: expected an indented block after 'if' statement on line 7
2025-08-18 19:30:59,765 cblogger [ERROR]: 		Error while extracting code complexity metrics: expected an indented block after 'if' statement on line 7 (<unknown>, line 10)
Traceback (most recent call last):
  File "/root/QuestionInsight/Etapa_1/codebench-mining-tool/util.py", line 551, in extract_complexity_metrics
    v = ComplexityVisitor.from_code(code)
        ^^^^^^^^^^^^^^^^^^^^^^^^^^^^^^^^^
  File "/root/QuestionInsight/.venv/lib/python3.12/site-packages/radon/visitors.py", line 133, in from_code
    return cls.from_ast(code2ast(code), **kwargs)
                        ^^^^^^^^^^^^^^
  File "/root/QuestionInsight/.venv/lib/python3.12/site-packages/radon/visitors.py", line 48, in code2ast
    return ast.parse(source)
           ^^^^^^^^^^^^^^^^^
  File "/usr/lib/python3.12/ast.py", line 52, in parse
    return compile(source, filename, mode, flags,
           ^^^^^^^^^^^^^^^^^^^^^^^^^^^^^^^^^^^^^^
  File "<unknown>", line 10
    
    ^
IndentationError: expected an indented block after 'if' statement on line 7
2025-08-18 19:30:59,766 cblogger [ERROR]: 		Error while extracting halsted code metrics: expected an indented block after 'if' statement on line 7 (<unknown>, line 10)
Traceback (most recent call last):
  File "/root/QuestionInsight/Etapa_1/codebench-mining-tool/util.py", line 569, in extract_halstead_metrics
    h = h_visit(code)
        ^^^^^^^^^^^^^
  File "/root/QuestionInsight/.venv/lib/python3.12/site-packages/radon/metrics.py", line 29, in h_visit
    return h_visit_ast(ast.parse(code))
                       ^^^^^^^^^^^^^^^
  File "/usr/lib/python3.12/ast.py", line 52, in parse
    return compile(source, filename, mode, flags,
           ^^^^^^^^^^^^^^^^^^^^^^^^^^^^^^^^^^^^^^
  File "<unknown>", line 10
    
    ^
IndentationError: expected an indented block after 'if' statement on line 7
2025-08-18 19:30:59,773 cblogger [ERROR]: 		Error while extracting code complexity metrics: expected ':' (<unknown>, line 10)
Traceback (most recent call last):
  File "/root/QuestionInsight/Etapa_1/codebench-mining-tool/util.py", line 551, in extract_complexity_metrics
    v = ComplexityVisitor.from_code(code)
        ^^^^^^^^^^^^^^^^^^^^^^^^^^^^^^^^^
  File "/root/QuestionInsight/.venv/lib/python3.12/site-packages/radon/visitors.py", line 133, in from_code
    return cls.from_ast(code2ast(code), **kwargs)
                        ^^^^^^^^^^^^^^
  File "/root/QuestionInsight/.venv/lib/python3.12/site-packages/radon/visitors.py", line 48, in code2ast
    return ast.parse(source)
           ^^^^^^^^^^^^^^^^^
  File "/usr/lib/python3.12/ast.py", line 52, in parse
    return compile(source, filename, mode, flags,
           ^^^^^^^^^^^^^^^^^^^^^^^^^^^^^^^^^^^^^^
  File "<unknown>", line 10
    	else;
    	    ^
SyntaxError: expected ':'
2025-08-18 19:30:59,774 cblogger [ERROR]: 		Error while extracting halsted code metrics: expected ':' (<unknown>, line 10)
Traceback (most recent call last):
  File "/root/QuestionInsight/Etapa_1/codebench-mining-tool/util.py", line 569, in extract_halstead_metrics
    h = h_visit(code)
        ^^^^^^^^^^^^^
  File "/root/QuestionInsight/.venv/lib/python3.12/site-packages/radon/metrics.py", line 29, in h_visit
    return h_visit_ast(ast.parse(code))
                       ^^^^^^^^^^^^^^^
  File "/usr/lib/python3.12/ast.py", line 52, in parse
    return compile(source, filename, mode, flags,
           ^^^^^^^^^^^^^^^^^^^^^^^^^^^^^^^^^^^^^^
  File "<unknown>", line 10
    	else;
    	    ^
SyntaxError: expected ':'
2025-08-18 19:30:59,883 cblogger [ERROR]: 		Error while extracting code complexity metrics: expected ':' (<unknown>, line 8)
Traceback (most recent call last):
  File "/root/QuestionInsight/Etapa_1/codebench-mining-tool/util.py", line 551, in extract_complexity_metrics
    v = ComplexityVisitor.from_code(code)
        ^^^^^^^^^^^^^^^^^^^^^^^^^^^^^^^^^
  File "/root/QuestionInsight/.venv/lib/python3.12/site-packages/radon/visitors.py", line 133, in from_code
    return cls.from_ast(code2ast(code), **kwargs)
                        ^^^^^^^^^^^^^^
  File "/root/QuestionInsight/.venv/lib/python3.12/site-packages/radon/visitors.py", line 48, in code2ast
    return ast.parse(source)
           ^^^^^^^^^^^^^^^^^
  File "/usr/lib/python3.12/ast.py", line 52, in parse
    return compile(source, filename, mode, flags,
           ^^^^^^^^^^^^^^^^^^^^^^^^^^^^^^^^^^^^^^
  File "<unknown>", line 8
    if ()
         ^
SyntaxError: expected ':'
2025-08-18 19:30:59,884 cblogger [ERROR]: 		Error while extracting halsted code metrics: expected ':' (<unknown>, line 8)
Traceback (most recent call last):
  File "/root/QuestionInsight/Etapa_1/codebench-mining-tool/util.py", line 569, in extract_halstead_metrics
    h = h_visit(code)
        ^^^^^^^^^^^^^
  File "/root/QuestionInsight/.venv/lib/python3.12/site-packages/radon/metrics.py", line 29, in h_visit
    return h_visit_ast(ast.parse(code))
                       ^^^^^^^^^^^^^^^
  File "/usr/lib/python3.12/ast.py", line 52, in parse
    return compile(source, filename, mode, flags,
           ^^^^^^^^^^^^^^^^^^^^^^^^^^^^^^^^^^^^^^
  File "<unknown>", line 8
    if ()
         ^
SyntaxError: expected ':'
2025-08-18 19:30:59,922 cblogger [ERROR]: 		Error while extracting code complexity metrics: expected an indented block after 'if' statement on line 7 (<unknown>, line 8)
Traceback (most recent call last):
  File "/root/QuestionInsight/Etapa_1/codebench-mining-tool/util.py", line 551, in extract_complexity_metrics
    v = ComplexityVisitor.from_code(code)
        ^^^^^^^^^^^^^^^^^^^^^^^^^^^^^^^^^
  File "/root/QuestionInsight/.venv/lib/python3.12/site-packages/radon/visitors.py", line 133, in from_code
    return cls.from_ast(code2ast(code), **kwargs)
                        ^^^^^^^^^^^^^^
  File "/root/QuestionInsight/.venv/lib/python3.12/site-packages/radon/visitors.py", line 48, in code2ast
    return ast.parse(source)
           ^^^^^^^^^^^^^^^^^
  File "/usr/lib/python3.12/ast.py", line 52, in parse
    return compile(source, filename, mode, flags,
           ^^^^^^^^^^^^^^^^^^^^^^^^^^^^^^^^^^^^^^
  File "<unknown>", line 8
    	cont = cont + 1
    	^^^^
IndentationError: expected an indented block after 'if' statement on line 7
2025-08-18 19:30:59,924 cblogger [ERROR]: 		Error while extracting halsted code metrics: expected an indented block after 'if' statement on line 7 (<unknown>, line 8)
Traceback (most recent call last):
  File "/root/QuestionInsight/Etapa_1/codebench-mining-tool/util.py", line 569, in extract_halstead_metrics
    h = h_visit(code)
        ^^^^^^^^^^^^^
  File "/root/QuestionInsight/.venv/lib/python3.12/site-packages/radon/metrics.py", line 29, in h_visit
    return h_visit_ast(ast.parse(code))
                       ^^^^^^^^^^^^^^^
  File "/usr/lib/python3.12/ast.py", line 52, in parse
    return compile(source, filename, mode, flags,
           ^^^^^^^^^^^^^^^^^^^^^^^^^^^^^^^^^^^^^^
  File "<unknown>", line 8
    	cont = cont + 1
    	^^^^
IndentationError: expected an indented block after 'if' statement on line 7
2025-08-18 19:30:59,938 cblogger [ERROR]: 		Error while extracting code complexity metrics: invalid syntax (<unknown>, line 1)
Traceback (most recent call last):
  File "/root/QuestionInsight/Etapa_1/codebench-mining-tool/util.py", line 551, in extract_complexity_metrics
    v = ComplexityVisitor.from_code(code)
        ^^^^^^^^^^^^^^^^^^^^^^^^^^^^^^^^^
  File "/root/QuestionInsight/.venv/lib/python3.12/site-packages/radon/visitors.py", line 133, in from_code
    return cls.from_ast(code2ast(code), **kwargs)
                        ^^^^^^^^^^^^^^
  File "/root/QuestionInsight/.venv/lib/python3.12/site-packages/radon/visitors.py", line 48, in code2ast
    return ast.parse(source)
           ^^^^^^^^^^^^^^^^^
  File "/usr/lib/python3.12/ast.py", line 52, in parse
    return compile(source, filename, mode, flags,
           ^^^^^^^^^^^^^^^^^^^^^^^^^^^^^^^^^^^^^^
  File "<unknown>", line 1
    coelhos= 
             ^
SyntaxError: invalid syntax
2025-08-18 19:30:59,943 cblogger [ERROR]: 		Error while extracting halsted code metrics: invalid syntax (<unknown>, line 1)
Traceback (most recent call last):
  File "/root/QuestionInsight/Etapa_1/codebench-mining-tool/util.py", line 569, in extract_halstead_metrics
    h = h_visit(code)
        ^^^^^^^^^^^^^
  File "/root/QuestionInsight/.venv/lib/python3.12/site-packages/radon/metrics.py", line 29, in h_visit
    return h_visit_ast(ast.parse(code))
                       ^^^^^^^^^^^^^^^
  File "/usr/lib/python3.12/ast.py", line 52, in parse
    return compile(source, filename, mode, flags,
           ^^^^^^^^^^^^^^^^^^^^^^^^^^^^^^^^^^^^^^
  File "<unknown>", line 1
    coelhos= 
             ^
SyntaxError: invalid syntax
2025-08-18 19:30:59,980 cblogger [ERROR]: 		Error while extracting code complexity metrics: '(' was never closed (<unknown>, line 1)
Traceback (most recent call last):
  File "/root/QuestionInsight/Etapa_1/codebench-mining-tool/util.py", line 551, in extract_complexity_metrics
    v = ComplexityVisitor.from_code(code)
        ^^^^^^^^^^^^^^^^^^^^^^^^^^^^^^^^^
  File "/root/QuestionInsight/.venv/lib/python3.12/site-packages/radon/visitors.py", line 133, in from_code
    return cls.from_ast(code2ast(code), **kwargs)
                        ^^^^^^^^^^^^^^
  File "/root/QuestionInsight/.venv/lib/python3.12/site-packages/radon/visitors.py", line 48, in code2ast
    return ast.parse(source)
           ^^^^^^^^^^^^^^^^^
  File "/usr/lib/python3.12/ast.py", line 52, in parse
    return compile(source, filename, mode, flags,
           ^^^^^^^^^^^^^^^^^^^^^^^^^^^^^^^^^^^^^^
  File "<unknown>", line 1
    esp = int(input("qtd espigas: ")
             ^
SyntaxError: '(' was never closed
2025-08-18 19:30:59,981 cblogger [ERROR]: 		Error while extracting code size based metrics: SyntaxError at line: 1
Traceback (most recent call last):
  File "/root/QuestionInsight/.venv/lib/python3.12/site-packages/radon/raw.py", line 210, in analyze
    tokens, parsed_lines = _get_all_tokens(line, lines)
                           ^^^^^^^^^^^^^^^^^^^^^^^^^^^^
  File "/root/QuestionInsight/.venv/lib/python3.12/site-packages/radon/raw.py", line 117, in _get_all_tokens
    next_line = next(lines)
                ^^^^^^^^^^^
StopIteration

During handling of the above exception, another exception occurred:

Traceback (most recent call last):
  File "/root/QuestionInsight/Etapa_1/codebench-mining-tool/util.py", line 560, in extract_size_metrics
    a = analyze(code)
        ^^^^^^^^^^^^^
  File "/root/QuestionInsight/.venv/lib/python3.12/site-packages/radon/raw.py", line 212, in analyze
    raise SyntaxError('SyntaxError at line: {0}'.format(lineno))
SyntaxError: SyntaxError at line: 1
2025-08-18 19:30:59,981 cblogger [ERROR]: 		Error while extracting halsted code metrics: '(' was never closed (<unknown>, line 1)
Traceback (most recent call last):
  File "/root/QuestionInsight/Etapa_1/codebench-mining-tool/util.py", line 569, in extract_halstead_metrics
    h = h_visit(code)
        ^^^^^^^^^^^^^
  File "/root/QuestionInsight/.venv/lib/python3.12/site-packages/radon/metrics.py", line 29, in h_visit
    return h_visit_ast(ast.parse(code))
                       ^^^^^^^^^^^^^^^
  File "/usr/lib/python3.12/ast.py", line 52, in parse
    return compile(source, filename, mode, flags,
           ^^^^^^^^^^^^^^^^^^^^^^^^^^^^^^^^^^^^^^
  File "<unknown>", line 1
    esp = int(input("qtd espigas: ")
             ^
SyntaxError: '(' was never closed
2025-08-18 19:31:00,021 cblogger [ERROR]: 		Error while extracting code complexity metrics: '(' was never closed (<unknown>, line 1)
Traceback (most recent call last):
  File "/root/QuestionInsight/Etapa_1/codebench-mining-tool/util.py", line 551, in extract_complexity_metrics
    v = ComplexityVisitor.from_code(code)
        ^^^^^^^^^^^^^^^^^^^^^^^^^^^^^^^^^
  File "/root/QuestionInsight/.venv/lib/python3.12/site-packages/radon/visitors.py", line 133, in from_code
    return cls.from_ast(code2ast(code), **kwargs)
                        ^^^^^^^^^^^^^^
  File "/root/QuestionInsight/.venv/lib/python3.12/site-packages/radon/visitors.py", line 48, in code2ast
    return ast.parse(source)
           ^^^^^^^^^^^^^^^^^
  File "/usr/lib/python3.12/ast.py", line 52, in parse
    return compile(source, filename, mode, flags,
           ^^^^^^^^^^^^^^^^^^^^^^^^^^^^^^^^^^^^^^
  File "<unknown>", line 1
    var(input("Digite um nome: ")
       ^
SyntaxError: '(' was never closed
2025-08-18 19:31:00,021 cblogger [ERROR]: 		Error while extracting code size based metrics: SyntaxError at line: 1
Traceback (most recent call last):
  File "/root/QuestionInsight/.venv/lib/python3.12/site-packages/radon/raw.py", line 210, in analyze
    tokens, parsed_lines = _get_all_tokens(line, lines)
                           ^^^^^^^^^^^^^^^^^^^^^^^^^^^^
  File "/root/QuestionInsight/.venv/lib/python3.12/site-packages/radon/raw.py", line 117, in _get_all_tokens
    next_line = next(lines)
                ^^^^^^^^^^^
StopIteration

During handling of the above exception, another exception occurred:

Traceback (most recent call last):
  File "/root/QuestionInsight/Etapa_1/codebench-mining-tool/util.py", line 560, in extract_size_metrics
    a = analyze(code)
        ^^^^^^^^^^^^^
  File "/root/QuestionInsight/.venv/lib/python3.12/site-packages/radon/raw.py", line 212, in analyze
    raise SyntaxError('SyntaxError at line: {0}'.format(lineno))
SyntaxError: SyntaxError at line: 1
2025-08-18 19:31:00,022 cblogger [ERROR]: 		Error while extracting halsted code metrics: '(' was never closed (<unknown>, line 1)
Traceback (most recent call last):
  File "/root/QuestionInsight/Etapa_1/codebench-mining-tool/util.py", line 569, in extract_halstead_metrics
    h = h_visit(code)
        ^^^^^^^^^^^^^
  File "/root/QuestionInsight/.venv/lib/python3.12/site-packages/radon/metrics.py", line 29, in h_visit
    return h_visit_ast(ast.parse(code))
                       ^^^^^^^^^^^^^^^
  File "/usr/lib/python3.12/ast.py", line 52, in parse
    return compile(source, filename, mode, flags,
           ^^^^^^^^^^^^^^^^^^^^^^^^^^^^^^^^^^^^^^
  File "<unknown>", line 1
    var(input("Digite um nome: ")
       ^
SyntaxError: '(' was never closed
2025-08-18 19:31:00,030 cblogger [ERROR]: 		Error while extracting code complexity metrics: invalid syntax. Perhaps you forgot a comma? (<unknown>, line 11)
Traceback (most recent call last):
  File "/root/QuestionInsight/Etapa_1/codebench-mining-tool/util.py", line 551, in extract_complexity_metrics
    v = ComplexityVisitor.from_code(code)
        ^^^^^^^^^^^^^^^^^^^^^^^^^^^^^^^^^
  File "/root/QuestionInsight/.venv/lib/python3.12/site-packages/radon/visitors.py", line 133, in from_code
    return cls.from_ast(code2ast(code), **kwargs)
                        ^^^^^^^^^^^^^^
  File "/root/QuestionInsight/.venv/lib/python3.12/site-packages/radon/visitors.py", line 48, in code2ast
    return ast.parse(source)
           ^^^^^^^^^^^^^^^^^
  File "/usr/lib/python3.12/ast.py", line 52, in parse
    return compile(source, filename, mode, flags,
           ^^^^^^^^^^^^^^^^^^^^^^^^^^^^^^^^^^^^^^
  File "<unknown>", line 11
    	if (CONDIÇÃO DE PARIDADE):
    	    ^^^^^^^^^^^
SyntaxError: invalid syntax. Perhaps you forgot a comma?
2025-08-18 19:31:00,030 cblogger [ERROR]: 		Error while extracting halsted code metrics: invalid syntax. Perhaps you forgot a comma? (<unknown>, line 11)
Traceback (most recent call last):
  File "/root/QuestionInsight/Etapa_1/codebench-mining-tool/util.py", line 569, in extract_halstead_metrics
    h = h_visit(code)
        ^^^^^^^^^^^^^
  File "/root/QuestionInsight/.venv/lib/python3.12/site-packages/radon/metrics.py", line 29, in h_visit
    return h_visit_ast(ast.parse(code))
                       ^^^^^^^^^^^^^^^
  File "/usr/lib/python3.12/ast.py", line 52, in parse
    return compile(source, filename, mode, flags,
           ^^^^^^^^^^^^^^^^^^^^^^^^^^^^^^^^^^^^^^
  File "<unknown>", line 11
    	if (CONDIÇÃO DE PARIDADE):
    	    ^^^^^^^^^^^
SyntaxError: invalid syntax. Perhaps you forgot a comma?
2025-08-18 19:31:00,031 cblogger [ERROR]: 		Error while extracting code token based metrics: 55
Traceback (most recent call last):
  File "/root/QuestionInsight/Etapa_1/codebench-mining-tool/util.py", line 633, in extract_token_metrics
    setattr(obj, TOKEN_NAMES[k], v)
                 ~~~~~~~~~~~^^^
KeyError: 55
2025-08-18 19:31:00,034 cblogger [ERROR]: 		Error while extracting code complexity metrics: illegal target for annotation (<unknown>, line 1)
Traceback (most recent call last):
  File "/root/QuestionInsight/Etapa_1/codebench-mining-tool/util.py", line 551, in extract_complexity_metrics
    v = ComplexityVisitor.from_code(code)
        ^^^^^^^^^^^^^^^^^^^^^^^^^^^^^^^^^
  File "/root/QuestionInsight/.venv/lib/python3.12/site-packages/radon/visitors.py", line 133, in from_code
    return cls.from_ast(code2ast(code), **kwargs)
                        ^^^^^^^^^^^^^^
  File "/root/QuestionInsight/.venv/lib/python3.12/site-packages/radon/visitors.py", line 48, in code2ast
    return ast.parse(source)
           ^^^^^^^^^^^^^^^^^
  File "/usr/lib/python3.12/ast.py", line 52, in parse
    return compile(source, filename, mode, flags,
           ^^^^^^^^^^^^^^^^^^^^^^^^^^^^^^^^^^^^^^
  File "<unknown>", line 1
    22/3/2023@16:28:2:459#tab-click:1331#
    ^^^^^^^^^^^^
SyntaxError: illegal target for annotation
2025-08-18 19:31:00,039 cblogger [ERROR]: 		Error while extracting halsted code metrics: illegal target for annotation (<unknown>, line 1)
Traceback (most recent call last):
  File "/root/QuestionInsight/Etapa_1/codebench-mining-tool/util.py", line 569, in extract_halstead_metrics
    h = h_visit(code)
        ^^^^^^^^^^^^^
  File "/root/QuestionInsight/.venv/lib/python3.12/site-packages/radon/metrics.py", line 29, in h_visit
    return h_visit_ast(ast.parse(code))
                       ^^^^^^^^^^^^^^^
  File "/usr/lib/python3.12/ast.py", line 52, in parse
    return compile(source, filename, mode, flags,
           ^^^^^^^^^^^^^^^^^^^^^^^^^^^^^^^^^^^^^^
  File "<unknown>", line 1
    22/3/2023@16:28:2:459#tab-click:1331#
    ^^^^^^^^^^^^
SyntaxError: illegal target for annotation
2025-08-18 19:31:00,116 cblogger [ERROR]: 		Error while extracting code complexity metrics: '(' was never closed (<unknown>, line 14)
Traceback (most recent call last):
  File "/root/QuestionInsight/Etapa_1/codebench-mining-tool/util.py", line 551, in extract_complexity_metrics
    v = ComplexityVisitor.from_code(code)
        ^^^^^^^^^^^^^^^^^^^^^^^^^^^^^^^^^
  File "/root/QuestionInsight/.venv/lib/python3.12/site-packages/radon/visitors.py", line 133, in from_code
    return cls.from_ast(code2ast(code), **kwargs)
                        ^^^^^^^^^^^^^^
  File "/root/QuestionInsight/.venv/lib/python3.12/site-packages/radon/visitors.py", line 48, in code2ast
    return ast.parse(source)
           ^^^^^^^^^^^^^^^^^
  File "/usr/lib/python3.12/ast.py", line 52, in parse
    return compile(source, filename, mode, flags,
           ^^^^^^^^^^^^^^^^^^^^^^^^^^^^^^^^^^^^^^
  File "<unknown>", line 14
    print(round("Ganhou R$ " + str(premio) ,3)
         ^
SyntaxError: '(' was never closed
2025-08-18 19:31:00,117 cblogger [ERROR]: 		Error while extracting code size based metrics: SyntaxError at line: 14
Traceback (most recent call last):
  File "/root/QuestionInsight/.venv/lib/python3.12/site-packages/radon/raw.py", line 210, in analyze
    tokens, parsed_lines = _get_all_tokens(line, lines)
                           ^^^^^^^^^^^^^^^^^^^^^^^^^^^^
  File "/root/QuestionInsight/.venv/lib/python3.12/site-packages/radon/raw.py", line 117, in _get_all_tokens
    next_line = next(lines)
                ^^^^^^^^^^^
StopIteration

During handling of the above exception, another exception occurred:

Traceback (most recent call last):
  File "/root/QuestionInsight/Etapa_1/codebench-mining-tool/util.py", line 560, in extract_size_metrics
    a = analyze(code)
        ^^^^^^^^^^^^^
  File "/root/QuestionInsight/.venv/lib/python3.12/site-packages/radon/raw.py", line 212, in analyze
    raise SyntaxError('SyntaxError at line: {0}'.format(lineno))
SyntaxError: SyntaxError at line: 14
2025-08-18 19:31:00,118 cblogger [ERROR]: 		Error while extracting halsted code metrics: '(' was never closed (<unknown>, line 14)
Traceback (most recent call last):
  File "/root/QuestionInsight/Etapa_1/codebench-mining-tool/util.py", line 569, in extract_halstead_metrics
    h = h_visit(code)
        ^^^^^^^^^^^^^
  File "/root/QuestionInsight/.venv/lib/python3.12/site-packages/radon/metrics.py", line 29, in h_visit
    return h_visit_ast(ast.parse(code))
                       ^^^^^^^^^^^^^^^
  File "/usr/lib/python3.12/ast.py", line 52, in parse
    return compile(source, filename, mode, flags,
           ^^^^^^^^^^^^^^^^^^^^^^^^^^^^^^^^^^^^^^
  File "<unknown>", line 14
    print(round("Ganhou R$ " + str(premio) ,3)
         ^
SyntaxError: '(' was never closed
2025-08-18 19:31:00,178 cblogger [ERROR]: 		Error while extracting code complexity metrics: expected an indented block after 'if' statement on line 7 (<unknown>, line 8)
Traceback (most recent call last):
  File "/root/QuestionInsight/Etapa_1/codebench-mining-tool/util.py", line 551, in extract_complexity_metrics
    v = ComplexityVisitor.from_code(code)
        ^^^^^^^^^^^^^^^^^^^^^^^^^^^^^^^^^
  File "/root/QuestionInsight/.venv/lib/python3.12/site-packages/radon/visitors.py", line 133, in from_code
    return cls.from_ast(code2ast(code), **kwargs)
                        ^^^^^^^^^^^^^^
  File "/root/QuestionInsight/.venv/lib/python3.12/site-packages/radon/visitors.py", line 48, in code2ast
    return ast.parse(source)
           ^^^^^^^^^^^^^^^^^
  File "/usr/lib/python3.12/ast.py", line 52, in parse
    return compile(source, filename, mode, flags,
           ^^^^^^^^^^^^^^^^^^^^^^^^^^^^^^^^^^^^^^
  File "<unknown>", line 8
    	if tempo_servico >= 10:
    	^^
IndentationError: expected an indented block after 'if' statement on line 7
2025-08-18 19:31:00,179 cblogger [ERROR]: 		Error while extracting halsted code metrics: expected an indented block after 'if' statement on line 7 (<unknown>, line 8)
Traceback (most recent call last):
  File "/root/QuestionInsight/Etapa_1/codebench-mining-tool/util.py", line 569, in extract_halstead_metrics
    h = h_visit(code)
        ^^^^^^^^^^^^^
  File "/root/QuestionInsight/.venv/lib/python3.12/site-packages/radon/metrics.py", line 29, in h_visit
    return h_visit_ast(ast.parse(code))
                       ^^^^^^^^^^^^^^^
  File "/usr/lib/python3.12/ast.py", line 52, in parse
    return compile(source, filename, mode, flags,
           ^^^^^^^^^^^^^^^^^^^^^^^^^^^^^^^^^^^^^^
  File "<unknown>", line 8
    	if tempo_servico >= 10:
    	^^
IndentationError: expected an indented block after 'if' statement on line 7
2025-08-18 19:31:00,300 cblogger [ERROR]: 		Error while extracting code complexity metrics: unexpected indent (<unknown>, line 12)
Traceback (most recent call last):
  File "/root/QuestionInsight/Etapa_1/codebench-mining-tool/util.py", line 551, in extract_complexity_metrics
    v = ComplexityVisitor.from_code(code)
        ^^^^^^^^^^^^^^^^^^^^^^^^^^^^^^^^^
  File "/root/QuestionInsight/.venv/lib/python3.12/site-packages/radon/visitors.py", line 133, in from_code
    return cls.from_ast(code2ast(code), **kwargs)
                        ^^^^^^^^^^^^^^
  File "/root/QuestionInsight/.venv/lib/python3.12/site-packages/radon/visitors.py", line 48, in code2ast
    return ast.parse(source)
           ^^^^^^^^^^^^^^^^^
  File "/usr/lib/python3.12/ast.py", line 52, in parse
    return compile(source, filename, mode, flags,
           ^^^^^^^^^^^^^^^^^^^^^^^^^^^^^^^^^^^^^^
  File "<unknown>", line 12
    	print(round(preco_total,2))
    ^
IndentationError: unexpected indent
2025-08-18 19:31:00,301 cblogger [ERROR]: 		Error while extracting halsted code metrics: unexpected indent (<unknown>, line 12)
Traceback (most recent call last):
  File "/root/QuestionInsight/Etapa_1/codebench-mining-tool/util.py", line 569, in extract_halstead_metrics
    h = h_visit(code)
        ^^^^^^^^^^^^^
  File "/root/QuestionInsight/.venv/lib/python3.12/site-packages/radon/metrics.py", line 29, in h_visit
    return h_visit_ast(ast.parse(code))
                       ^^^^^^^^^^^^^^^
  File "/usr/lib/python3.12/ast.py", line 52, in parse
    return compile(source, filename, mode, flags,
           ^^^^^^^^^^^^^^^^^^^^^^^^^^^^^^^^^^^^^^
  File "<unknown>", line 12
    	print(round(preco_total,2))
    ^
IndentationError: unexpected indent
2025-08-18 19:31:00,389 cblogger [ERROR]: 		Error while extracting code complexity metrics: expected ':' (<unknown>, line 9)
Traceback (most recent call last):
  File "/root/QuestionInsight/Etapa_1/codebench-mining-tool/util.py", line 551, in extract_complexity_metrics
    v = ComplexityVisitor.from_code(code)
        ^^^^^^^^^^^^^^^^^^^^^^^^^^^^^^^^^
  File "/root/QuestionInsight/.venv/lib/python3.12/site-packages/radon/visitors.py", line 133, in from_code
    return cls.from_ast(code2ast(code), **kwargs)
                        ^^^^^^^^^^^^^^
  File "/root/QuestionInsight/.venv/lib/python3.12/site-packages/radon/visitors.py", line 48, in code2ast
    return ast.parse(source)
           ^^^^^^^^^^^^^^^^^
  File "/usr/lib/python3.12/ast.py", line 52, in parse
    return compile(source, filename, mode, flags,
           ^^^^^^^^^^^^^^^^^^^^^^^^^^^^^^^^^^^^^^
  File "<unknown>", line 9
    	if ali
    	      ^
SyntaxError: expected ':'
2025-08-18 19:31:00,389 cblogger [ERROR]: 		Error while extracting halsted code metrics: expected ':' (<unknown>, line 9)
Traceback (most recent call last):
  File "/root/QuestionInsight/Etapa_1/codebench-mining-tool/util.py", line 569, in extract_halstead_metrics
    h = h_visit(code)
        ^^^^^^^^^^^^^
  File "/root/QuestionInsight/.venv/lib/python3.12/site-packages/radon/metrics.py", line 29, in h_visit
    return h_visit_ast(ast.parse(code))
                       ^^^^^^^^^^^^^^^
  File "/usr/lib/python3.12/ast.py", line 52, in parse
    return compile(source, filename, mode, flags,
           ^^^^^^^^^^^^^^^^^^^^^^^^^^^^^^^^^^^^^^
  File "<unknown>", line 9
    	if ali
    	      ^
SyntaxError: expected ':'
2025-08-18 19:31:00,525 cblogger [ERROR]: 		Error while extracting code complexity metrics: invalid syntax (<unknown>, line 27)
Traceback (most recent call last):
  File "/root/QuestionInsight/Etapa_1/codebench-mining-tool/util.py", line 551, in extract_complexity_metrics
    v = ComplexityVisitor.from_code(code)
        ^^^^^^^^^^^^^^^^^^^^^^^^^^^^^^^^^
  File "/root/QuestionInsight/.venv/lib/python3.12/site-packages/radon/visitors.py", line 133, in from_code
    return cls.from_ast(code2ast(code), **kwargs)
                        ^^^^^^^^^^^^^^
  File "/root/QuestionInsight/.venv/lib/python3.12/site-packages/radon/visitors.py", line 48, in code2ast
    return ast.parse(source)
           ^^^^^^^^^^^^^^^^^
  File "/usr/lib/python3.12/ast.py", line 52, in parse
    return compile(source, filename, mode, flags,
           ^^^^^^^^^^^^^^^^^^^^^^^^^^^^^^^^^^^^^^
  File "<unknown>", line 27
    	npar = ???
    	       ^
SyntaxError: invalid syntax
2025-08-18 19:31:00,526 cblogger [ERROR]: 		Error while extracting halsted code metrics: invalid syntax (<unknown>, line 27)
Traceback (most recent call last):
  File "/root/QuestionInsight/Etapa_1/codebench-mining-tool/util.py", line 569, in extract_halstead_metrics
    h = h_visit(code)
        ^^^^^^^^^^^^^
  File "/root/QuestionInsight/.venv/lib/python3.12/site-packages/radon/metrics.py", line 29, in h_visit
    return h_visit_ast(ast.parse(code))
                       ^^^^^^^^^^^^^^^
  File "/usr/lib/python3.12/ast.py", line 52, in parse
    return compile(source, filename, mode, flags,
           ^^^^^^^^^^^^^^^^^^^^^^^^^^^^^^^^^^^^^^
  File "<unknown>", line 27
    	npar = ???
    	       ^
SyntaxError: invalid syntax
2025-08-18 19:31:00,527 cblogger [ERROR]: 		Error while extracting code token based metrics: 55
Traceback (most recent call last):
  File "/root/QuestionInsight/Etapa_1/codebench-mining-tool/util.py", line 633, in extract_token_metrics
    setattr(obj, TOKEN_NAMES[k], v)
                 ~~~~~~~~~~~^^^
KeyError: 55
2025-08-18 19:31:01,747 cblogger [ERROR]: 		Error while extracting code complexity metrics: invalid syntax (<unknown>, line 6)
Traceback (most recent call last):
  File "/root/QuestionInsight/Etapa_1/codebench-mining-tool/util.py", line 551, in extract_complexity_metrics
    v = ComplexityVisitor.from_code(code)
        ^^^^^^^^^^^^^^^^^^^^^^^^^^^^^^^^^
  File "/root/QuestionInsight/.venv/lib/python3.12/site-packages/radon/visitors.py", line 133, in from_code
    return cls.from_ast(code2ast(code), **kwargs)
                        ^^^^^^^^^^^^^^
  File "/root/QuestionInsight/.venv/lib/python3.12/site-packages/radon/visitors.py", line 48, in code2ast
    return ast.parse(source)
           ^^^^^^^^^^^^^^^^^
  File "/usr/lib/python3.12/ast.py", line 52, in parse
    return compile(source, filename, mode, flags,
           ^^^^^^^^^^^^^^^^^^^^^^^^^^^^^^^^^^^^^^
  File "<unknown>", line 6
    if 
       ^
SyntaxError: invalid syntax
2025-08-18 19:31:01,748 cblogger [ERROR]: 		Error while extracting halsted code metrics: invalid syntax (<unknown>, line 6)
Traceback (most recent call last):
  File "/root/QuestionInsight/Etapa_1/codebench-mining-tool/util.py", line 569, in extract_halstead_metrics
    h = h_visit(code)
        ^^^^^^^^^^^^^
  File "/root/QuestionInsight/.venv/lib/python3.12/site-packages/radon/metrics.py", line 29, in h_visit
    return h_visit_ast(ast.parse(code))
                       ^^^^^^^^^^^^^^^
  File "/usr/lib/python3.12/ast.py", line 52, in parse
    return compile(source, filename, mode, flags,
           ^^^^^^^^^^^^^^^^^^^^^^^^^^^^^^^^^^^^^^
  File "<unknown>", line 6
    if 
       ^
SyntaxError: invalid syntax
2025-08-18 19:31:04,315 cblogger [ERROR]: 		Error while extracting code complexity metrics: invalid syntax (<unknown>, line 2)
Traceback (most recent call last):
  File "/root/QuestionInsight/Etapa_1/codebench-mining-tool/util.py", line 551, in extract_complexity_metrics
    v = ComplexityVisitor.from_code(code)
        ^^^^^^^^^^^^^^^^^^^^^^^^^^^^^^^^^
  File "/root/QuestionInsight/.venv/lib/python3.12/site-packages/radon/visitors.py", line 133, in from_code
    return cls.from_ast(code2ast(code), **kwargs)
                        ^^^^^^^^^^^^^^
  File "/root/QuestionInsight/.venv/lib/python3.12/site-packages/radon/visitors.py", line 48, in code2ast
    return ast.parse(source)
           ^^^^^^^^^^^^^^^^^
  File "/usr/lib/python3.12/ast.py", line 52, in parse
    return compile(source, filename, mode, flags,
           ^^^^^^^^^^^^^^^^^^^^^^^^^^^^^^^^^^^^^^
  File "<unknown>", line 2
    if num2%
            ^
SyntaxError: invalid syntax
2025-08-18 19:31:04,317 cblogger [ERROR]: 		Error while extracting halsted code metrics: invalid syntax (<unknown>, line 2)
Traceback (most recent call last):
  File "/root/QuestionInsight/Etapa_1/codebench-mining-tool/util.py", line 569, in extract_halstead_metrics
    h = h_visit(code)
        ^^^^^^^^^^^^^
  File "/root/QuestionInsight/.venv/lib/python3.12/site-packages/radon/metrics.py", line 29, in h_visit
    return h_visit_ast(ast.parse(code))
                       ^^^^^^^^^^^^^^^
  File "/usr/lib/python3.12/ast.py", line 52, in parse
    return compile(source, filename, mode, flags,
           ^^^^^^^^^^^^^^^^^^^^^^^^^^^^^^^^^^^^^^
  File "<unknown>", line 2
    if num2%
            ^
SyntaxError: invalid syntax
2025-08-18 19:31:04,817 cblogger [ERROR]: 		Error while extracting code complexity metrics: invalid syntax (<unknown>, line 7)
Traceback (most recent call last):
  File "/root/QuestionInsight/Etapa_1/codebench-mining-tool/util.py", line 551, in extract_complexity_metrics
    v = ComplexityVisitor.from_code(code)
        ^^^^^^^^^^^^^^^^^^^^^^^^^^^^^^^^^
  File "/root/QuestionInsight/.venv/lib/python3.12/site-packages/radon/visitors.py", line 133, in from_code
    return cls.from_ast(code2ast(code), **kwargs)
                        ^^^^^^^^^^^^^^
  File "/root/QuestionInsight/.venv/lib/python3.12/site-packages/radon/visitors.py", line 48, in code2ast
    return ast.parse(source)
           ^^^^^^^^^^^^^^^^^
  File "/usr/lib/python3.12/ast.py", line 52, in parse
    return compile(source, filename, mode, flags,
           ^^^^^^^^^^^^^^^^^^^^^^^^^^^^^^^^^^^^^^
  File "<unknown>", line 7
    	elif (IMC < 22.0 and var1 >=45):
    	^^^^
SyntaxError: invalid syntax
2025-08-18 19:31:04,824 cblogger [ERROR]: 		Error while extracting halsted code metrics: invalid syntax (<unknown>, line 7)
Traceback (most recent call last):
  File "/root/QuestionInsight/Etapa_1/codebench-mining-tool/util.py", line 569, in extract_halstead_metrics
    h = h_visit(code)
        ^^^^^^^^^^^^^
  File "/root/QuestionInsight/.venv/lib/python3.12/site-packages/radon/metrics.py", line 29, in h_visit
    return h_visit_ast(ast.parse(code))
                       ^^^^^^^^^^^^^^^
  File "/usr/lib/python3.12/ast.py", line 52, in parse
    return compile(source, filename, mode, flags,
           ^^^^^^^^^^^^^^^^^^^^^^^^^^^^^^^^^^^^^^
  File "<unknown>", line 7
    	elif (IMC < 22.0 and var1 >=45):
    	^^^^
SyntaxError: invalid syntax
2025-08-18 19:31:04,825 cblogger [ERROR]: 		Error while extracting code complexity metrics: unexpected indent (<unknown>, line 7)
Traceback (most recent call last):
  File "/root/QuestionInsight/Etapa_1/codebench-mining-tool/util.py", line 551, in extract_complexity_metrics
    v = ComplexityVisitor.from_code(code)
        ^^^^^^^^^^^^^^^^^^^^^^^^^^^^^^^^^
  File "/root/QuestionInsight/.venv/lib/python3.12/site-packages/radon/visitors.py", line 133, in from_code
    return cls.from_ast(code2ast(code), **kwargs)
                        ^^^^^^^^^^^^^^
  File "/root/QuestionInsight/.venv/lib/python3.12/site-packages/radon/visitors.py", line 48, in code2ast
    return ast.parse(source)
           ^^^^^^^^^^^^^^^^^
  File "/usr/lib/python3.12/ast.py", line 52, in parse
    return compile(source, filename, mode, flags,
           ^^^^^^^^^^^^^^^^^^^^^^^^^^^^^^^^^^^^^^
  File "<unknown>", line 7
    	 print()
    	^
IndentationError: unexpected indent
2025-08-18 19:31:04,826 cblogger [ERROR]: 		Error while extracting code size based metrics: SyntaxError at line: 8
Traceback (most recent call last):
  File "/root/QuestionInsight/.venv/lib/python3.12/site-packages/radon/raw.py", line 210, in analyze
    tokens, parsed_lines = _get_all_tokens(line, lines)
                           ^^^^^^^^^^^^^^^^^^^^^^^^^^^^
  File "/root/QuestionInsight/.venv/lib/python3.12/site-packages/radon/raw.py", line 117, in _get_all_tokens
    next_line = next(lines)
                ^^^^^^^^^^^
StopIteration

During handling of the above exception, another exception occurred:

Traceback (most recent call last):
  File "/root/QuestionInsight/Etapa_1/codebench-mining-tool/util.py", line 560, in extract_size_metrics
    a = analyze(code)
        ^^^^^^^^^^^^^
  File "/root/QuestionInsight/.venv/lib/python3.12/site-packages/radon/raw.py", line 212, in analyze
    raise SyntaxError('SyntaxError at line: {0}'.format(lineno))
SyntaxError: SyntaxError at line: 8
2025-08-18 19:31:04,826 cblogger [ERROR]: 		Error while extracting halsted code metrics: unexpected indent (<unknown>, line 7)
Traceback (most recent call last):
  File "/root/QuestionInsight/Etapa_1/codebench-mining-tool/util.py", line 569, in extract_halstead_metrics
    h = h_visit(code)
        ^^^^^^^^^^^^^
  File "/root/QuestionInsight/.venv/lib/python3.12/site-packages/radon/metrics.py", line 29, in h_visit
    return h_visit_ast(ast.parse(code))
                       ^^^^^^^^^^^^^^^
  File "/usr/lib/python3.12/ast.py", line 52, in parse
    return compile(source, filename, mode, flags,
           ^^^^^^^^^^^^^^^^^^^^^^^^^^^^^^^^^^^^^^
  File "<unknown>", line 7
    	 print()
    	^
IndentationError: unexpected indent
2025-08-18 19:31:04,832 cblogger [ERROR]: 		Error while extracting code complexity metrics: invalid syntax (<unknown>, line 3)
Traceback (most recent call last):
  File "/root/QuestionInsight/Etapa_1/codebench-mining-tool/util.py", line 551, in extract_complexity_metrics
    v = ComplexityVisitor.from_code(code)
        ^^^^^^^^^^^^^^^^^^^^^^^^^^^^^^^^^
  File "/root/QuestionInsight/.venv/lib/python3.12/site-packages/radon/visitors.py", line 133, in from_code
    return cls.from_ast(code2ast(code), **kwargs)
                        ^^^^^^^^^^^^^^
  File "/root/QuestionInsight/.venv/lib/python3.12/site-packages/radon/visitors.py", line 48, in code2ast
    return ast.parse(source)
           ^^^^^^^^^^^^^^^^^
  File "/usr/lib/python3.12/ast.py", line 52, in parse
    return compile(source, filename, mode, flags,
           ^^^^^^^^^^^^^^^^^^^^^^^^^^^^^^^^^^^^^^
  File "<unknown>", line 3
    input var = lados
          ^^^
SyntaxError: invalid syntax
2025-08-18 19:31:04,832 cblogger [ERROR]: 		Error while extracting halsted code metrics: invalid syntax (<unknown>, line 3)
Traceback (most recent call last):
  File "/root/QuestionInsight/Etapa_1/codebench-mining-tool/util.py", line 569, in extract_halstead_metrics
    h = h_visit(code)
        ^^^^^^^^^^^^^
  File "/root/QuestionInsight/.venv/lib/python3.12/site-packages/radon/metrics.py", line 29, in h_visit
    return h_visit_ast(ast.parse(code))
                       ^^^^^^^^^^^^^^^
  File "/usr/lib/python3.12/ast.py", line 52, in parse
    return compile(source, filename, mode, flags,
           ^^^^^^^^^^^^^^^^^^^^^^^^^^^^^^^^^^^^^^
  File "<unknown>", line 3
    input var = lados
          ^^^
SyntaxError: invalid syntax
2025-08-18 19:31:04,997 cblogger [ERROR]: 		Error while extracting code complexity metrics: invalid syntax (<unknown>, line 1)
Traceback (most recent call last):
  File "/root/QuestionInsight/Etapa_1/codebench-mining-tool/util.py", line 551, in extract_complexity_metrics
    v = ComplexityVisitor.from_code(code)
        ^^^^^^^^^^^^^^^^^^^^^^^^^^^^^^^^^
  File "/root/QuestionInsight/.venv/lib/python3.12/site-packages/radon/visitors.py", line 133, in from_code
    return cls.from_ast(code2ast(code), **kwargs)
                        ^^^^^^^^^^^^^^
  File "/root/QuestionInsight/.venv/lib/python3.12/site-packages/radon/visitors.py", line 48, in code2ast
    return ast.parse(source)
           ^^^^^^^^^^^^^^^^^
  File "/usr/lib/python3.12/ast.py", line 52, in parse
    return compile(source, filename, mode, flags,
           ^^^^^^^^^^^^^^^^^^^^^^^^^^^^^^^^^^^^^^
  File "<unknown>", line 1
    var1 int(input("digite a unidade de medida: "))
         ^^^
SyntaxError: invalid syntax
2025-08-18 19:31:04,997 cblogger [ERROR]: 		Error while extracting halsted code metrics: invalid syntax (<unknown>, line 1)
Traceback (most recent call last):
  File "/root/QuestionInsight/Etapa_1/codebench-mining-tool/util.py", line 569, in extract_halstead_metrics
    h = h_visit(code)
        ^^^^^^^^^^^^^
  File "/root/QuestionInsight/.venv/lib/python3.12/site-packages/radon/metrics.py", line 29, in h_visit
    return h_visit_ast(ast.parse(code))
                       ^^^^^^^^^^^^^^^
  File "/usr/lib/python3.12/ast.py", line 52, in parse
    return compile(source, filename, mode, flags,
           ^^^^^^^^^^^^^^^^^^^^^^^^^^^^^^^^^^^^^^
  File "<unknown>", line 1
    var1 int(input("digite a unidade de medida: "))
         ^^^
SyntaxError: invalid syntax
2025-08-18 19:31:05,446 cblogger [ERROR]: 		Error while extracting code complexity metrics: invalid syntax (<unknown>, line 1)
Traceback (most recent call last):
  File "/root/QuestionInsight/Etapa_1/codebench-mining-tool/util.py", line 551, in extract_complexity_metrics
    v = ComplexityVisitor.from_code(code)
        ^^^^^^^^^^^^^^^^^^^^^^^^^^^^^^^^^
  File "/root/QuestionInsight/.venv/lib/python3.12/site-packages/radon/visitors.py", line 133, in from_code
    return cls.from_ast(code2ast(code), **kwargs)
                        ^^^^^^^^^^^^^^
  File "/root/QuestionInsight/.venv/lib/python3.12/site-packages/radon/visitors.py", line 48, in code2ast
    return ast.parse(source)
           ^^^^^^^^^^^^^^^^^
  File "/usr/lib/python3.12/ast.py", line 52, in parse
    return compile(source, filename, mode, flags,
           ^^^^^^^^^^^^^^^^^^^^^^^^^^^^^^^^^^^^^^
  File "<unknown>", line 1
    round =
           ^
SyntaxError: invalid syntax
2025-08-18 19:31:05,446 cblogger [ERROR]: 		Error while extracting halsted code metrics: invalid syntax (<unknown>, line 1)
Traceback (most recent call last):
  File "/root/QuestionInsight/Etapa_1/codebench-mining-tool/util.py", line 569, in extract_halstead_metrics
    h = h_visit(code)
        ^^^^^^^^^^^^^
  File "/root/QuestionInsight/.venv/lib/python3.12/site-packages/radon/metrics.py", line 29, in h_visit
    return h_visit_ast(ast.parse(code))
                       ^^^^^^^^^^^^^^^
  File "/usr/lib/python3.12/ast.py", line 52, in parse
    return compile(source, filename, mode, flags,
           ^^^^^^^^^^^^^^^^^^^^^^^^^^^^^^^^^^^^^^
  File "<unknown>", line 1
    round =
           ^
SyntaxError: invalid syntax
2025-08-18 19:31:05,593 cblogger [ERROR]: 		Error while extracting code complexity metrics: invalid syntax. Perhaps you forgot a comma? (<unknown>, line 3)
Traceback (most recent call last):
  File "/root/QuestionInsight/Etapa_1/codebench-mining-tool/util.py", line 551, in extract_complexity_metrics
    v = ComplexityVisitor.from_code(code)
        ^^^^^^^^^^^^^^^^^^^^^^^^^^^^^^^^^
  File "/root/QuestionInsight/.venv/lib/python3.12/site-packages/radon/visitors.py", line 133, in from_code
    return cls.from_ast(code2ast(code), **kwargs)
                        ^^^^^^^^^^^^^^
  File "/root/QuestionInsight/.venv/lib/python3.12/site-packages/radon/visitors.py", line 48, in code2ast
    return ast.parse(source)
           ^^^^^^^^^^^^^^^^^
  File "/usr/lib/python3.12/ast.py", line 52, in parse
    return compile(source, filename, mode, flags,
           ^^^^^^^^^^^^^^^^^^^^^^^^^^^^^^^^^^^^^^
  File "<unknown>", line 3
    while(time a )
          ^^^^^^
SyntaxError: invalid syntax. Perhaps you forgot a comma?
2025-08-18 19:31:05,594 cblogger [ERROR]: 		Error while extracting halsted code metrics: invalid syntax. Perhaps you forgot a comma? (<unknown>, line 3)
Traceback (most recent call last):
  File "/root/QuestionInsight/Etapa_1/codebench-mining-tool/util.py", line 569, in extract_halstead_metrics
    h = h_visit(code)
        ^^^^^^^^^^^^^
  File "/root/QuestionInsight/.venv/lib/python3.12/site-packages/radon/metrics.py", line 29, in h_visit
    return h_visit_ast(ast.parse(code))
                       ^^^^^^^^^^^^^^^
  File "/usr/lib/python3.12/ast.py", line 52, in parse
    return compile(source, filename, mode, flags,
           ^^^^^^^^^^^^^^^^^^^^^^^^^^^^^^^^^^^^^^
  File "<unknown>", line 3
    while(time a )
          ^^^^^^
SyntaxError: invalid syntax. Perhaps you forgot a comma?
2025-08-18 19:31:05,638 cblogger [ERROR]: 		Error while extracting code complexity metrics: invalid syntax. Perhaps you forgot a comma? (<unknown>, line 1)
Traceback (most recent call last):
  File "/root/QuestionInsight/Etapa_1/codebench-mining-tool/util.py", line 551, in extract_complexity_metrics
    v = ComplexityVisitor.from_code(code)
        ^^^^^^^^^^^^^^^^^^^^^^^^^^^^^^^^^
  File "/root/QuestionInsight/.venv/lib/python3.12/site-packages/radon/visitors.py", line 133, in from_code
    return cls.from_ast(code2ast(code), **kwargs)
                        ^^^^^^^^^^^^^^
  File "/root/QuestionInsight/.venv/lib/python3.12/site-packages/radon/visitors.py", line 48, in code2ast
    return ast.parse(source)
           ^^^^^^^^^^^^^^^^^
  File "/usr/lib/python3.12/ast.py", line 52, in parse
    return compile(source, filename, mode, flags,
           ^^^^^^^^^^^^^^^^^^^^^^^^^^^^^^^^^^^^^^
  File "<unknown>", line 1
    print(50/3 2%)
          ^^^^^^
SyntaxError: invalid syntax. Perhaps you forgot a comma?
2025-08-18 19:31:05,650 cblogger [ERROR]: 		Error while extracting halsted code metrics: invalid syntax. Perhaps you forgot a comma? (<unknown>, line 1)
Traceback (most recent call last):
  File "/root/QuestionInsight/Etapa_1/codebench-mining-tool/util.py", line 569, in extract_halstead_metrics
    h = h_visit(code)
        ^^^^^^^^^^^^^
  File "/root/QuestionInsight/.venv/lib/python3.12/site-packages/radon/metrics.py", line 29, in h_visit
    return h_visit_ast(ast.parse(code))
                       ^^^^^^^^^^^^^^^
  File "/usr/lib/python3.12/ast.py", line 52, in parse
    return compile(source, filename, mode, flags,
           ^^^^^^^^^^^^^^^^^^^^^^^^^^^^^^^^^^^^^^
  File "<unknown>", line 1
    print(50/3 2%)
          ^^^^^^
SyntaxError: invalid syntax. Perhaps you forgot a comma?
2025-08-18 19:31:05,795 cblogger [ERROR]: 		Error while extracting code complexity metrics: expected ':' (<unknown>, line 4)
Traceback (most recent call last):
  File "/root/QuestionInsight/Etapa_1/codebench-mining-tool/util.py", line 551, in extract_complexity_metrics
    v = ComplexityVisitor.from_code(code)
        ^^^^^^^^^^^^^^^^^^^^^^^^^^^^^^^^^
  File "/root/QuestionInsight/.venv/lib/python3.12/site-packages/radon/visitors.py", line 133, in from_code
    return cls.from_ast(code2ast(code), **kwargs)
                        ^^^^^^^^^^^^^^
  File "/root/QuestionInsight/.venv/lib/python3.12/site-packages/radon/visitors.py", line 48, in code2ast
    return ast.parse(source)
           ^^^^^^^^^^^^^^^^^
  File "/usr/lib/python3.12/ast.py", line 52, in parse
    return compile(source, filename, mode, flags,
           ^^^^^^^^^^^^^^^^^^^^^^^^^^^^^^^^^^^^^^
  File "<unknown>", line 4
    while(var1<1 and var1)
                          ^
SyntaxError: expected ':'
2025-08-18 19:31:05,795 cblogger [ERROR]: 		Error while extracting halsted code metrics: expected ':' (<unknown>, line 4)
Traceback (most recent call last):
  File "/root/QuestionInsight/Etapa_1/codebench-mining-tool/util.py", line 569, in extract_halstead_metrics
    h = h_visit(code)
        ^^^^^^^^^^^^^
  File "/root/QuestionInsight/.venv/lib/python3.12/site-packages/radon/metrics.py", line 29, in h_visit
    return h_visit_ast(ast.parse(code))
                       ^^^^^^^^^^^^^^^
  File "/usr/lib/python3.12/ast.py", line 52, in parse
    return compile(source, filename, mode, flags,
           ^^^^^^^^^^^^^^^^^^^^^^^^^^^^^^^^^^^^^^
  File "<unknown>", line 4
    while(var1<1 and var1)
                          ^
SyntaxError: expected ':'
2025-08-18 19:31:05,884 cblogger [ERROR]: 		Error while extracting code complexity metrics: unindent does not match any outer indentation level (<unknown>, line 5)
Traceback (most recent call last):
  File "/root/QuestionInsight/Etapa_1/codebench-mining-tool/util.py", line 551, in extract_complexity_metrics
    v = ComplexityVisitor.from_code(code)
        ^^^^^^^^^^^^^^^^^^^^^^^^^^^^^^^^^
  File "/root/QuestionInsight/.venv/lib/python3.12/site-packages/radon/visitors.py", line 133, in from_code
    return cls.from_ast(code2ast(code), **kwargs)
                        ^^^^^^^^^^^^^^
  File "/root/QuestionInsight/.venv/lib/python3.12/site-packages/radon/visitors.py", line 48, in code2ast
    return ast.parse(source)
           ^^^^^^^^^^^^^^^^^
  File "/usr/lib/python3.12/ast.py", line 52, in parse
    return compile(source, filename, mode, flags,
           ^^^^^^^^^^^^^^^^^^^^^^^^^^^^^^^^^^^^^^
  File "<unknown>", line 5
    print("Ganhou R$ 100.000,00")
                                 ^
IndentationError: unindent does not match any outer indentation level
2025-08-18 19:31:05,885 cblogger [ERROR]: 		Error while extracting halsted code metrics: unindent does not match any outer indentation level (<unknown>, line 5)
Traceback (most recent call last):
  File "/root/QuestionInsight/Etapa_1/codebench-mining-tool/util.py", line 569, in extract_halstead_metrics
    h = h_visit(code)
        ^^^^^^^^^^^^^
  File "/root/QuestionInsight/.venv/lib/python3.12/site-packages/radon/metrics.py", line 29, in h_visit
    return h_visit_ast(ast.parse(code))
                       ^^^^^^^^^^^^^^^
  File "/usr/lib/python3.12/ast.py", line 52, in parse
    return compile(source, filename, mode, flags,
           ^^^^^^^^^^^^^^^^^^^^^^^^^^^^^^^^^^^^^^
  File "<unknown>", line 5
    print("Ganhou R$ 100.000,00")
                                 ^
IndentationError: unindent does not match any outer indentation level
2025-08-18 19:31:05,958 cblogger [ERROR]: 		Error while extracting code complexity metrics: invalid syntax (<unknown>, line 3)
Traceback (most recent call last):
  File "/root/QuestionInsight/Etapa_1/codebench-mining-tool/util.py", line 551, in extract_complexity_metrics
    v = ComplexityVisitor.from_code(code)
        ^^^^^^^^^^^^^^^^^^^^^^^^^^^^^^^^^
  File "/root/QuestionInsight/.venv/lib/python3.12/site-packages/radon/visitors.py", line 133, in from_code
    return cls.from_ast(code2ast(code), **kwargs)
                        ^^^^^^^^^^^^^^
  File "/root/QuestionInsight/.venv/lib/python3.12/site-packages/radon/visitors.py", line 48, in code2ast
    return ast.parse(source)
           ^^^^^^^^^^^^^^^^^
  File "/usr/lib/python3.12/ast.py", line 52, in parse
    return compile(source, filename, mode, flags,
           ^^^^^^^^^^^^^^^^^^^^^^^^^^^^^^^^^^^^^^
  File "<unknown>", line 3
    =
    ^
SyntaxError: invalid syntax
2025-08-18 19:31:05,959 cblogger [ERROR]: 		Error while extracting halsted code metrics: invalid syntax (<unknown>, line 3)
Traceback (most recent call last):
  File "/root/QuestionInsight/Etapa_1/codebench-mining-tool/util.py", line 569, in extract_halstead_metrics
    h = h_visit(code)
        ^^^^^^^^^^^^^
  File "/root/QuestionInsight/.venv/lib/python3.12/site-packages/radon/metrics.py", line 29, in h_visit
    return h_visit_ast(ast.parse(code))
                       ^^^^^^^^^^^^^^^
  File "/usr/lib/python3.12/ast.py", line 52, in parse
    return compile(source, filename, mode, flags,
           ^^^^^^^^^^^^^^^^^^^^^^^^^^^^^^^^^^^^^^
  File "<unknown>", line 3
    =
    ^
SyntaxError: invalid syntax
2025-08-18 19:31:06,049 cblogger [ERROR]: 		Error while extracting code complexity metrics: expected an indented block after 'while' statement on line 3 (<unknown>, line 4)
Traceback (most recent call last):
  File "/root/QuestionInsight/Etapa_1/codebench-mining-tool/util.py", line 551, in extract_complexity_metrics
    v = ComplexityVisitor.from_code(code)
        ^^^^^^^^^^^^^^^^^^^^^^^^^^^^^^^^^
  File "/root/QuestionInsight/.venv/lib/python3.12/site-packages/radon/visitors.py", line 133, in from_code
    return cls.from_ast(code2ast(code), **kwargs)
                        ^^^^^^^^^^^^^^
  File "/root/QuestionInsight/.venv/lib/python3.12/site-packages/radon/visitors.py", line 48, in code2ast
    return ast.parse(source)
           ^^^^^^^^^^^^^^^^^
  File "/usr/lib/python3.12/ast.py", line 52, in parse
    return compile(source, filename, mode, flags,
           ^^^^^^^^^^^^^^^^^^^^^^^^^^^^^^^^^^^^^^
  File "<unknown>", line 4
    	
    	^
IndentationError: expected an indented block after 'while' statement on line 3
2025-08-18 19:31:06,049 cblogger [ERROR]: 		Error while extracting halsted code metrics: expected an indented block after 'while' statement on line 3 (<unknown>, line 4)
Traceback (most recent call last):
  File "/root/QuestionInsight/Etapa_1/codebench-mining-tool/util.py", line 569, in extract_halstead_metrics
    h = h_visit(code)
        ^^^^^^^^^^^^^
  File "/root/QuestionInsight/.venv/lib/python3.12/site-packages/radon/metrics.py", line 29, in h_visit
    return h_visit_ast(ast.parse(code))
                       ^^^^^^^^^^^^^^^
  File "/usr/lib/python3.12/ast.py", line 52, in parse
    return compile(source, filename, mode, flags,
           ^^^^^^^^^^^^^^^^^^^^^^^^^^^^^^^^^^^^^^
  File "<unknown>", line 4
    	
    	^
IndentationError: expected an indented block after 'while' statement on line 3
2025-08-18 19:31:06,211 cblogger [ERROR]: 		Error while extracting code complexity metrics: invalid syntax (<unknown>, line 5)
Traceback (most recent call last):
  File "/root/QuestionInsight/Etapa_1/codebench-mining-tool/util.py", line 551, in extract_complexity_metrics
    v = ComplexityVisitor.from_code(code)
        ^^^^^^^^^^^^^^^^^^^^^^^^^^^^^^^^^
  File "/root/QuestionInsight/.venv/lib/python3.12/site-packages/radon/visitors.py", line 133, in from_code
    return cls.from_ast(code2ast(code), **kwargs)
                        ^^^^^^^^^^^^^^
  File "/root/QuestionInsight/.venv/lib/python3.12/site-packages/radon/visitors.py", line 48, in code2ast
    return ast.parse(source)
           ^^^^^^^^^^^^^^^^^
  File "/usr/lib/python3.12/ast.py", line 52, in parse
    return compile(source, filename, mode, flags,
           ^^^^^^^^^^^^^^^^^^^^^^^^^^^^^^^^^^^^^^
  File "<unknown>", line 5
    import.sqrt()
          ^
SyntaxError: invalid syntax
2025-08-18 19:31:06,215 cblogger [ERROR]: 		Error while extracting halsted code metrics: invalid syntax (<unknown>, line 5)
Traceback (most recent call last):
  File "/root/QuestionInsight/Etapa_1/codebench-mining-tool/util.py", line 569, in extract_halstead_metrics
    h = h_visit(code)
        ^^^^^^^^^^^^^
  File "/root/QuestionInsight/.venv/lib/python3.12/site-packages/radon/metrics.py", line 29, in h_visit
    return h_visit_ast(ast.parse(code))
                       ^^^^^^^^^^^^^^^
  File "/usr/lib/python3.12/ast.py", line 52, in parse
    return compile(source, filename, mode, flags,
           ^^^^^^^^^^^^^^^^^^^^^^^^^^^^^^^^^^^^^^
  File "<unknown>", line 5
    import.sqrt()
          ^
SyntaxError: invalid syntax
2025-08-18 19:31:06,277 cblogger [ERROR]: 		Error while extracting code complexity metrics: invalid syntax (<unknown>, line 9)
Traceback (most recent call last):
  File "/root/QuestionInsight/Etapa_1/codebench-mining-tool/util.py", line 551, in extract_complexity_metrics
    v = ComplexityVisitor.from_code(code)
        ^^^^^^^^^^^^^^^^^^^^^^^^^^^^^^^^^
  File "/root/QuestionInsight/.venv/lib/python3.12/site-packages/radon/visitors.py", line 133, in from_code
    return cls.from_ast(code2ast(code), **kwargs)
                        ^^^^^^^^^^^^^^
  File "/root/QuestionInsight/.venv/lib/python3.12/site-packages/radon/visitors.py", line 48, in code2ast
    return ast.parse(source)
           ^^^^^^^^^^^^^^^^^
  File "/usr/lib/python3.12/ast.py", line 52, in parse
    return compile(source, filename, mode, flags,
           ^^^^^^^^^^^^^^^^^^^^^^^^^^^^^^^^^^^^^^
  File "<unknown>", line 9
    	elif(lem(var[i].isupper()):
    	                          ^
SyntaxError: invalid syntax
2025-08-18 19:31:06,278 cblogger [ERROR]: 		Error while extracting code size based metrics: SyntaxError at line: 9
Traceback (most recent call last):
  File "/root/QuestionInsight/.venv/lib/python3.12/site-packages/radon/raw.py", line 210, in analyze
    tokens, parsed_lines = _get_all_tokens(line, lines)
                           ^^^^^^^^^^^^^^^^^^^^^^^^^^^^
  File "/root/QuestionInsight/.venv/lib/python3.12/site-packages/radon/raw.py", line 117, in _get_all_tokens
    next_line = next(lines)
                ^^^^^^^^^^^
StopIteration

During handling of the above exception, another exception occurred:

Traceback (most recent call last):
  File "/root/QuestionInsight/Etapa_1/codebench-mining-tool/util.py", line 560, in extract_size_metrics
    a = analyze(code)
        ^^^^^^^^^^^^^
  File "/root/QuestionInsight/.venv/lib/python3.12/site-packages/radon/raw.py", line 212, in analyze
    raise SyntaxError('SyntaxError at line: {0}'.format(lineno))
SyntaxError: SyntaxError at line: 9
2025-08-18 19:31:06,278 cblogger [ERROR]: 		Error while extracting halsted code metrics: invalid syntax (<unknown>, line 9)
Traceback (most recent call last):
  File "/root/QuestionInsight/Etapa_1/codebench-mining-tool/util.py", line 569, in extract_halstead_metrics
    h = h_visit(code)
        ^^^^^^^^^^^^^
  File "/root/QuestionInsight/.venv/lib/python3.12/site-packages/radon/metrics.py", line 29, in h_visit
    return h_visit_ast(ast.parse(code))
                       ^^^^^^^^^^^^^^^
  File "/usr/lib/python3.12/ast.py", line 52, in parse
    return compile(source, filename, mode, flags,
           ^^^^^^^^^^^^^^^^^^^^^^^^^^^^^^^^^^^^^^
  File "<unknown>", line 9
    	elif(lem(var[i].isupper()):
    	                          ^
SyntaxError: invalid syntax
2025-08-18 19:31:06,632 cblogger [ERROR]: 		Error while extracting code complexity metrics: invalid syntax (<unknown>, line 7)
Traceback (most recent call last):
  File "/root/QuestionInsight/Etapa_1/codebench-mining-tool/util.py", line 551, in extract_complexity_metrics
    v = ComplexityVisitor.from_code(code)
        ^^^^^^^^^^^^^^^^^^^^^^^^^^^^^^^^^
  File "/root/QuestionInsight/.venv/lib/python3.12/site-packages/radon/visitors.py", line 133, in from_code
    return cls.from_ast(code2ast(code), **kwargs)
                        ^^^^^^^^^^^^^^
  File "/root/QuestionInsight/.venv/lib/python3.12/site-packages/radon/visitors.py", line 48, in code2ast
    return ast.parse(source)
           ^^^^^^^^^^^^^^^^^
  File "/usr/lib/python3.12/ast.py", line 52, in parse
    return compile(source, filename, mode, flags,
           ^^^^^^^^^^^^^^^^^^^^^^^^^^^^^^^^^^^^^^
  File "<unknown>", line 7
    print(cont)x = int(input(''))
               ^
SyntaxError: invalid syntax
2025-08-18 19:31:06,633 cblogger [ERROR]: 		Error while extracting halsted code metrics: invalid syntax (<unknown>, line 7)
Traceback (most recent call last):
  File "/root/QuestionInsight/Etapa_1/codebench-mining-tool/util.py", line 569, in extract_halstead_metrics
    h = h_visit(code)
        ^^^^^^^^^^^^^
  File "/root/QuestionInsight/.venv/lib/python3.12/site-packages/radon/metrics.py", line 29, in h_visit
    return h_visit_ast(ast.parse(code))
                       ^^^^^^^^^^^^^^^
  File "/usr/lib/python3.12/ast.py", line 52, in parse
    return compile(source, filename, mode, flags,
           ^^^^^^^^^^^^^^^^^^^^^^^^^^^^^^^^^^^^^^
  File "<unknown>", line 7
    print(cont)x = int(input(''))
               ^
SyntaxError: invalid syntax
2025-08-18 19:31:06,689 cblogger [ERROR]: 		Error while extracting code complexity metrics: invalid syntax (<unknown>, line 2)
Traceback (most recent call last):
  File "/root/QuestionInsight/Etapa_1/codebench-mining-tool/util.py", line 551, in extract_complexity_metrics
    v = ComplexityVisitor.from_code(code)
        ^^^^^^^^^^^^^^^^^^^^^^^^^^^^^^^^^
  File "/root/QuestionInsight/.venv/lib/python3.12/site-packages/radon/visitors.py", line 133, in from_code
    return cls.from_ast(code2ast(code), **kwargs)
                        ^^^^^^^^^^^^^^
  File "/root/QuestionInsight/.venv/lib/python3.12/site-packages/radon/visitors.py", line 48, in code2ast
    return ast.parse(source)
           ^^^^^^^^^^^^^^^^^
  File "/usr/lib/python3.12/ast.py", line 52, in parse
    return compile(source, filename, mode, flags,
           ^^^^^^^^^^^^^^^^^^^^^^^^^^^^^^^^^^^^^^
  File "<unknown>", line 2
    print( 30 - 3** 2 + 8 / / 3 ** 2 * 10 )
                            ^
SyntaxError: invalid syntax
2025-08-18 19:31:06,691 cblogger [ERROR]: 		Error while extracting halsted code metrics: invalid syntax (<unknown>, line 2)
Traceback (most recent call last):
  File "/root/QuestionInsight/Etapa_1/codebench-mining-tool/util.py", line 569, in extract_halstead_metrics
    h = h_visit(code)
        ^^^^^^^^^^^^^
  File "/root/QuestionInsight/.venv/lib/python3.12/site-packages/radon/metrics.py", line 29, in h_visit
    return h_visit_ast(ast.parse(code))
                       ^^^^^^^^^^^^^^^
  File "/usr/lib/python3.12/ast.py", line 52, in parse
    return compile(source, filename, mode, flags,
           ^^^^^^^^^^^^^^^^^^^^^^^^^^^^^^^^^^^^^^
  File "<unknown>", line 2
    print( 30 - 3** 2 + 8 / / 3 ** 2 * 10 )
                            ^
SyntaxError: invalid syntax
2025-08-18 19:31:07,261 cblogger [ERROR]: 		Error while extracting code complexity metrics: invalid syntax (<unknown>, line 10)
Traceback (most recent call last):
  File "/root/QuestionInsight/Etapa_1/codebench-mining-tool/util.py", line 551, in extract_complexity_metrics
    v = ComplexityVisitor.from_code(code)
        ^^^^^^^^^^^^^^^^^^^^^^^^^^^^^^^^^
  File "/root/QuestionInsight/.venv/lib/python3.12/site-packages/radon/visitors.py", line 133, in from_code
    return cls.from_ast(code2ast(code), **kwargs)
                        ^^^^^^^^^^^^^^
  File "/root/QuestionInsight/.venv/lib/python3.12/site-packages/radon/visitors.py", line 48, in code2ast
    return ast.parse(source)
           ^^^^^^^^^^^^^^^^^
  File "/usr/lib/python3.12/ast.py", line 52, in parse
    return compile(source, filename, mode, flags,
           ^^^^^^^^^^^^^^^^^^^^^^^^^^^^^^^^^^^^^^
  File "<unknown>", line 10
    elif: 
    ^^^^
SyntaxError: invalid syntax
2025-08-18 19:31:07,269 cblogger [ERROR]: 		Error while extracting halsted code metrics: invalid syntax (<unknown>, line 10)
Traceback (most recent call last):
  File "/root/QuestionInsight/Etapa_1/codebench-mining-tool/util.py", line 569, in extract_halstead_metrics
    h = h_visit(code)
        ^^^^^^^^^^^^^
  File "/root/QuestionInsight/.venv/lib/python3.12/site-packages/radon/metrics.py", line 29, in h_visit
    return h_visit_ast(ast.parse(code))
                       ^^^^^^^^^^^^^^^
  File "/usr/lib/python3.12/ast.py", line 52, in parse
    return compile(source, filename, mode, flags,
           ^^^^^^^^^^^^^^^^^^^^^^^^^^^^^^^^^^^^^^
  File "<unknown>", line 10
    elif: 
    ^^^^
SyntaxError: invalid syntax
2025-08-18 19:31:07,354 cblogger [ERROR]: 		Error while extracting code complexity metrics: expected an indented block after 'while' statement on line 3 (<unknown>, line 7)
Traceback (most recent call last):
  File "/root/QuestionInsight/Etapa_1/codebench-mining-tool/util.py", line 551, in extract_complexity_metrics
    v = ComplexityVisitor.from_code(code)
        ^^^^^^^^^^^^^^^^^^^^^^^^^^^^^^^^^
  File "/root/QuestionInsight/.venv/lib/python3.12/site-packages/radon/visitors.py", line 133, in from_code
    return cls.from_ast(code2ast(code), **kwargs)
                        ^^^^^^^^^^^^^^
  File "/root/QuestionInsight/.venv/lib/python3.12/site-packages/radon/visitors.py", line 48, in code2ast
    return ast.parse(source)
           ^^^^^^^^^^^^^^^^^
  File "/usr/lib/python3.12/ast.py", line 52, in parse
    return compile(source, filename, mode, flags,
           ^^^^^^^^^^^^^^^^^^^^^^^^^^^^^^^^^^^^^^
  File "<unknown>", line 7
    	
    	^
IndentationError: expected an indented block after 'while' statement on line 3
2025-08-18 19:31:07,356 cblogger [ERROR]: 		Error while extracting halsted code metrics: expected an indented block after 'while' statement on line 3 (<unknown>, line 7)
Traceback (most recent call last):
  File "/root/QuestionInsight/Etapa_1/codebench-mining-tool/util.py", line 569, in extract_halstead_metrics
    h = h_visit(code)
        ^^^^^^^^^^^^^
  File "/root/QuestionInsight/.venv/lib/python3.12/site-packages/radon/metrics.py", line 29, in h_visit
    return h_visit_ast(ast.parse(code))
                       ^^^^^^^^^^^^^^^
  File "/usr/lib/python3.12/ast.py", line 52, in parse
    return compile(source, filename, mode, flags,
           ^^^^^^^^^^^^^^^^^^^^^^^^^^^^^^^^^^^^^^
  File "<unknown>", line 7
    	
    	^
IndentationError: expected an indented block after 'while' statement on line 3
2025-08-18 19:31:07,631 cblogger [ERROR]: 		Error while extracting code complexity metrics: cannot assign to expression (<unknown>, line 12)
Traceback (most recent call last):
  File "/root/QuestionInsight/Etapa_1/codebench-mining-tool/util.py", line 551, in extract_complexity_metrics
    v = ComplexityVisitor.from_code(code)
        ^^^^^^^^^^^^^^^^^^^^^^^^^^^^^^^^^
  File "/root/QuestionInsight/.venv/lib/python3.12/site-packages/radon/visitors.py", line 133, in from_code
    return cls.from_ast(code2ast(code), **kwargs)
                        ^^^^^^^^^^^^^^
  File "/root/QuestionInsight/.venv/lib/python3.12/site-packages/radon/visitors.py", line 48, in code2ast
    return ast.parse(source)
           ^^^^^^^^^^^^^^^^^
  File "/usr/lib/python3.12/ast.py", line 52, in parse
    return compile(source, filename, mode, flags,
           ^^^^^^^^^^^^^^^^^^^^^^^^^^^^^^^^^^^^^^
  File "<unknown>", line 12
    	total = q*3.5 = r*3
    	        ^^^^^
SyntaxError: cannot assign to expression
2025-08-18 19:31:07,633 cblogger [ERROR]: 		Error while extracting halsted code metrics: cannot assign to expression (<unknown>, line 12)
Traceback (most recent call last):
  File "/root/QuestionInsight/Etapa_1/codebench-mining-tool/util.py", line 569, in extract_halstead_metrics
    h = h_visit(code)
        ^^^^^^^^^^^^^
  File "/root/QuestionInsight/.venv/lib/python3.12/site-packages/radon/metrics.py", line 29, in h_visit
    return h_visit_ast(ast.parse(code))
                       ^^^^^^^^^^^^^^^
  File "/usr/lib/python3.12/ast.py", line 52, in parse
    return compile(source, filename, mode, flags,
           ^^^^^^^^^^^^^^^^^^^^^^^^^^^^^^^^^^^^^^
  File "<unknown>", line 12
    	total = q*3.5 = r*3
    	        ^^^^^
SyntaxError: cannot assign to expression
2025-08-18 19:31:08,601 cblogger [ERROR]: 		Error while extracting code complexity metrics: expected an indented block after 'while' statement on line 8 (<unknown>, line 9)
Traceback (most recent call last):
  File "/root/QuestionInsight/Etapa_1/codebench-mining-tool/util.py", line 551, in extract_complexity_metrics
    v = ComplexityVisitor.from_code(code)
        ^^^^^^^^^^^^^^^^^^^^^^^^^^^^^^^^^
  File "/root/QuestionInsight/.venv/lib/python3.12/site-packages/radon/visitors.py", line 133, in from_code
    return cls.from_ast(code2ast(code), **kwargs)
                        ^^^^^^^^^^^^^^
  File "/root/QuestionInsight/.venv/lib/python3.12/site-packages/radon/visitors.py", line 48, in code2ast
    return ast.parse(source)
           ^^^^^^^^^^^^^^^^^
  File "/usr/lib/python3.12/ast.py", line 52, in parse
    return compile(source, filename, mode, flags,
           ^^^^^^^^^^^^^^^^^^^^^^^^^^^^^^^^^^^^^^
  File "<unknown>", line 9
    	
    	^
IndentationError: expected an indented block after 'while' statement on line 8
2025-08-18 19:31:08,602 cblogger [ERROR]: 		Error while extracting halsted code metrics: expected an indented block after 'while' statement on line 8 (<unknown>, line 9)
Traceback (most recent call last):
  File "/root/QuestionInsight/Etapa_1/codebench-mining-tool/util.py", line 569, in extract_halstead_metrics
    h = h_visit(code)
        ^^^^^^^^^^^^^
  File "/root/QuestionInsight/.venv/lib/python3.12/site-packages/radon/metrics.py", line 29, in h_visit
    return h_visit_ast(ast.parse(code))
                       ^^^^^^^^^^^^^^^
  File "/usr/lib/python3.12/ast.py", line 52, in parse
    return compile(source, filename, mode, flags,
           ^^^^^^^^^^^^^^^^^^^^^^^^^^^^^^^^^^^^^^
  File "<unknown>", line 9
    	
    	^
IndentationError: expected an indented block after 'while' statement on line 8
2025-08-18 19:31:08,618 cblogger [ERROR]: 		Error while extracting code complexity metrics: invalid syntax (<unknown>, line 7)
Traceback (most recent call last):
  File "/root/QuestionInsight/Etapa_1/codebench-mining-tool/util.py", line 551, in extract_complexity_metrics
    v = ComplexityVisitor.from_code(code)
        ^^^^^^^^^^^^^^^^^^^^^^^^^^^^^^^^^
  File "/root/QuestionInsight/.venv/lib/python3.12/site-packages/radon/visitors.py", line 133, in from_code
    return cls.from_ast(code2ast(code), **kwargs)
                        ^^^^^^^^^^^^^^
  File "/root/QuestionInsight/.venv/lib/python3.12/site-packages/radon/visitors.py", line 48, in code2ast
    return ast.parse(source)
           ^^^^^^^^^^^^^^^^^
  File "/usr/lib/python3.12/ast.py", line 52, in parse
    return compile(source, filename, mode, flags,
           ^^^^^^^^^^^^^^^^^^^^^^^^^^^^^^^^^^^^^^
  File "<unknown>", line 7
    whilei < len (s):
                    ^
SyntaxError: invalid syntax
2025-08-18 19:31:08,620 cblogger [ERROR]: 		Error while extracting halsted code metrics: invalid syntax (<unknown>, line 7)
Traceback (most recent call last):
  File "/root/QuestionInsight/Etapa_1/codebench-mining-tool/util.py", line 569, in extract_halstead_metrics
    h = h_visit(code)
        ^^^^^^^^^^^^^
  File "/root/QuestionInsight/.venv/lib/python3.12/site-packages/radon/metrics.py", line 29, in h_visit
    return h_visit_ast(ast.parse(code))
                       ^^^^^^^^^^^^^^^
  File "/usr/lib/python3.12/ast.py", line 52, in parse
    return compile(source, filename, mode, flags,
           ^^^^^^^^^^^^^^^^^^^^^^^^^^^^^^^^^^^^^^
  File "<unknown>", line 7
    whilei < len (s):
                    ^
SyntaxError: invalid syntax
2025-08-18 19:31:08,672 cblogger [ERROR]: 		Error while extracting code complexity metrics: '(' was never closed (<unknown>, line 2)
Traceback (most recent call last):
  File "/root/QuestionInsight/Etapa_1/codebench-mining-tool/util.py", line 551, in extract_complexity_metrics
    v = ComplexityVisitor.from_code(code)
        ^^^^^^^^^^^^^^^^^^^^^^^^^^^^^^^^^
  File "/root/QuestionInsight/.venv/lib/python3.12/site-packages/radon/visitors.py", line 133, in from_code
    return cls.from_ast(code2ast(code), **kwargs)
                        ^^^^^^^^^^^^^^
  File "/root/QuestionInsight/.venv/lib/python3.12/site-packages/radon/visitors.py", line 48, in code2ast
    return ast.parse(source)
           ^^^^^^^^^^^^^^^^^
  File "/usr/lib/python3.12/ast.py", line 52, in parse
    return compile(source, filename, mode, flags,
           ^^^^^^^^^^^^^^^^^^^^^^^^^^^^^^^^^^^^^^
  File "<unknown>", line 2
    var =input(""
              ^
SyntaxError: '(' was never closed
2025-08-18 19:31:08,673 cblogger [ERROR]: 		Error while extracting code size based metrics: SyntaxError at line: 2
Traceback (most recent call last):
  File "/root/QuestionInsight/.venv/lib/python3.12/site-packages/radon/raw.py", line 210, in analyze
    tokens, parsed_lines = _get_all_tokens(line, lines)
                           ^^^^^^^^^^^^^^^^^^^^^^^^^^^^
  File "/root/QuestionInsight/.venv/lib/python3.12/site-packages/radon/raw.py", line 117, in _get_all_tokens
    next_line = next(lines)
                ^^^^^^^^^^^
StopIteration

During handling of the above exception, another exception occurred:

Traceback (most recent call last):
  File "/root/QuestionInsight/Etapa_1/codebench-mining-tool/util.py", line 560, in extract_size_metrics
    a = analyze(code)
        ^^^^^^^^^^^^^
  File "/root/QuestionInsight/.venv/lib/python3.12/site-packages/radon/raw.py", line 212, in analyze
    raise SyntaxError('SyntaxError at line: {0}'.format(lineno))
SyntaxError: SyntaxError at line: 2
2025-08-18 19:31:08,673 cblogger [ERROR]: 		Error while extracting halsted code metrics: '(' was never closed (<unknown>, line 2)
Traceback (most recent call last):
  File "/root/QuestionInsight/Etapa_1/codebench-mining-tool/util.py", line 569, in extract_halstead_metrics
    h = h_visit(code)
        ^^^^^^^^^^^^^
  File "/root/QuestionInsight/.venv/lib/python3.12/site-packages/radon/metrics.py", line 29, in h_visit
    return h_visit_ast(ast.parse(code))
                       ^^^^^^^^^^^^^^^
  File "/usr/lib/python3.12/ast.py", line 52, in parse
    return compile(source, filename, mode, flags,
           ^^^^^^^^^^^^^^^^^^^^^^^^^^^^^^^^^^^^^^
  File "<unknown>", line 2
    var =input(""
              ^
SyntaxError: '(' was never closed
2025-08-18 19:31:08,900 cblogger [ERROR]: 		Error while extracting code complexity metrics: expected an indented block after 'if' statement on line 5 (<unknown>, line 6)
Traceback (most recent call last):
  File "/root/QuestionInsight/Etapa_1/codebench-mining-tool/util.py", line 551, in extract_complexity_metrics
    v = ComplexityVisitor.from_code(code)
        ^^^^^^^^^^^^^^^^^^^^^^^^^^^^^^^^^
  File "/root/QuestionInsight/.venv/lib/python3.12/site-packages/radon/visitors.py", line 133, in from_code
    return cls.from_ast(code2ast(code), **kwargs)
                        ^^^^^^^^^^^^^^
  File "/root/QuestionInsight/.venv/lib/python3.12/site-packages/radon/visitors.py", line 48, in code2ast
    return ast.parse(source)
           ^^^^^^^^^^^^^^^^^
  File "/usr/lib/python3.12/ast.py", line 52, in parse
    return compile(source, filename, mode, flags,
           ^^^^^^^^^^^^^^^^^^^^^^^^^^^^^^^^^^^^^^
  File "<unknown>", line 6
    	
    	^
IndentationError: expected an indented block after 'if' statement on line 5
2025-08-18 19:31:08,901 cblogger [ERROR]: 		Error while extracting halsted code metrics: expected an indented block after 'if' statement on line 5 (<unknown>, line 6)
Traceback (most recent call last):
  File "/root/QuestionInsight/Etapa_1/codebench-mining-tool/util.py", line 569, in extract_halstead_metrics
    h = h_visit(code)
        ^^^^^^^^^^^^^
  File "/root/QuestionInsight/.venv/lib/python3.12/site-packages/radon/metrics.py", line 29, in h_visit
    return h_visit_ast(ast.parse(code))
                       ^^^^^^^^^^^^^^^
  File "/usr/lib/python3.12/ast.py", line 52, in parse
    return compile(source, filename, mode, flags,
           ^^^^^^^^^^^^^^^^^^^^^^^^^^^^^^^^^^^^^^
  File "<unknown>", line 6
    	
    	^
IndentationError: expected an indented block after 'if' statement on line 5
2025-08-18 19:31:09,077 cblogger [ERROR]: 		Error while extracting code complexity metrics: invalid syntax (<unknown>, line 4)
Traceback (most recent call last):
  File "/root/QuestionInsight/Etapa_1/codebench-mining-tool/util.py", line 551, in extract_complexity_metrics
    v = ComplexityVisitor.from_code(code)
        ^^^^^^^^^^^^^^^^^^^^^^^^^^^^^^^^^
  File "/root/QuestionInsight/.venv/lib/python3.12/site-packages/radon/visitors.py", line 133, in from_code
    return cls.from_ast(code2ast(code), **kwargs)
                        ^^^^^^^^^^^^^^
  File "/root/QuestionInsight/.venv/lib/python3.12/site-packages/radon/visitors.py", line 48, in code2ast
    return ast.parse(source)
           ^^^^^^^^^^^^^^^^^
  File "/usr/lib/python3.12/ast.py", line 52, in parse
    return compile(source, filename, mode, flags,
           ^^^^^^^^^^^^^^^^^^^^^^^^^^^^^^^^^^^^^^
  File "<unknown>", line 4
    	cal= 
    	     ^
SyntaxError: invalid syntax
2025-08-18 19:31:09,078 cblogger [ERROR]: 		Error while extracting halsted code metrics: invalid syntax (<unknown>, line 4)
Traceback (most recent call last):
  File "/root/QuestionInsight/Etapa_1/codebench-mining-tool/util.py", line 569, in extract_halstead_metrics
    h = h_visit(code)
        ^^^^^^^^^^^^^
  File "/root/QuestionInsight/.venv/lib/python3.12/site-packages/radon/metrics.py", line 29, in h_visit
    return h_visit_ast(ast.parse(code))
                       ^^^^^^^^^^^^^^^
  File "/usr/lib/python3.12/ast.py", line 52, in parse
    return compile(source, filename, mode, flags,
           ^^^^^^^^^^^^^^^^^^^^^^^^^^^^^^^^^^^^^^
  File "<unknown>", line 4
    	cal= 
    	     ^
SyntaxError: invalid syntax
2025-08-18 19:31:09,298 cblogger [ERROR]: 		Error while extracting code complexity metrics: '(' was never closed (<unknown>, line 4)
Traceback (most recent call last):
  File "/root/QuestionInsight/Etapa_1/codebench-mining-tool/util.py", line 551, in extract_complexity_metrics
    v = ComplexityVisitor.from_code(code)
        ^^^^^^^^^^^^^^^^^^^^^^^^^^^^^^^^^
  File "/root/QuestionInsight/.venv/lib/python3.12/site-packages/radon/visitors.py", line 133, in from_code
    return cls.from_ast(code2ast(code), **kwargs)
                        ^^^^^^^^^^^^^^
  File "/root/QuestionInsight/.venv/lib/python3.12/site-packages/radon/visitors.py", line 48, in code2ast
    return ast.parse(source)
           ^^^^^^^^^^^^^^^^^
  File "/usr/lib/python3.12/ast.py", line 52, in parse
    return compile(source, filename, mode, flags,
           ^^^^^^^^^^^^^^^^^^^^^^^^^^^^^^^^^^^^^^
  File "<unknown>", line 4
    while(
         ^
SyntaxError: '(' was never closed
2025-08-18 19:31:09,299 cblogger [ERROR]: 		Error while extracting code size based metrics: SyntaxError at line: 4
Traceback (most recent call last):
  File "/root/QuestionInsight/.venv/lib/python3.12/site-packages/radon/raw.py", line 210, in analyze
    tokens, parsed_lines = _get_all_tokens(line, lines)
                           ^^^^^^^^^^^^^^^^^^^^^^^^^^^^
  File "/root/QuestionInsight/.venv/lib/python3.12/site-packages/radon/raw.py", line 117, in _get_all_tokens
    next_line = next(lines)
                ^^^^^^^^^^^
StopIteration

During handling of the above exception, another exception occurred:

Traceback (most recent call last):
  File "/root/QuestionInsight/Etapa_1/codebench-mining-tool/util.py", line 560, in extract_size_metrics
    a = analyze(code)
        ^^^^^^^^^^^^^
  File "/root/QuestionInsight/.venv/lib/python3.12/site-packages/radon/raw.py", line 212, in analyze
    raise SyntaxError('SyntaxError at line: {0}'.format(lineno))
SyntaxError: SyntaxError at line: 4
2025-08-18 19:31:09,300 cblogger [ERROR]: 		Error while extracting halsted code metrics: '(' was never closed (<unknown>, line 4)
Traceback (most recent call last):
  File "/root/QuestionInsight/Etapa_1/codebench-mining-tool/util.py", line 569, in extract_halstead_metrics
    h = h_visit(code)
        ^^^^^^^^^^^^^
  File "/root/QuestionInsight/.venv/lib/python3.12/site-packages/radon/metrics.py", line 29, in h_visit
    return h_visit_ast(ast.parse(code))
                       ^^^^^^^^^^^^^^^
  File "/usr/lib/python3.12/ast.py", line 52, in parse
    return compile(source, filename, mode, flags,
           ^^^^^^^^^^^^^^^^^^^^^^^^^^^^^^^^^^^^^^
  File "<unknown>", line 4
    while(
         ^
SyntaxError: '(' was never closed
2025-08-18 19:31:09,637 cblogger [ERROR]: 		Error while extracting code complexity metrics: unexpected indent (<unknown>, line 1)
Traceback (most recent call last):
  File "/root/QuestionInsight/Etapa_1/codebench-mining-tool/util.py", line 551, in extract_complexity_metrics
    v = ComplexityVisitor.from_code(code)
        ^^^^^^^^^^^^^^^^^^^^^^^^^^^^^^^^^
  File "/root/QuestionInsight/.venv/lib/python3.12/site-packages/radon/visitors.py", line 133, in from_code
    return cls.from_ast(code2ast(code), **kwargs)
                        ^^^^^^^^^^^^^^
  File "/root/QuestionInsight/.venv/lib/python3.12/site-packages/radon/visitors.py", line 48, in code2ast
    return ast.parse(source)
           ^^^^^^^^^^^^^^^^^
  File "/usr/lib/python3.12/ast.py", line 52, in parse
    return compile(source, filename, mode, flags,
           ^^^^^^^^^^^^^^^^^^^^^^^^^^^^^^^^^^^^^^
  File "<unknown>", line 1
    altura_macaco = 1.75
IndentationError: unexpected indent
2025-08-18 19:31:09,637 cblogger [ERROR]: 		Error while extracting halsted code metrics: unexpected indent (<unknown>, line 1)
Traceback (most recent call last):
  File "/root/QuestionInsight/Etapa_1/codebench-mining-tool/util.py", line 569, in extract_halstead_metrics
    h = h_visit(code)
        ^^^^^^^^^^^^^
  File "/root/QuestionInsight/.venv/lib/python3.12/site-packages/radon/metrics.py", line 29, in h_visit
    return h_visit_ast(ast.parse(code))
                       ^^^^^^^^^^^^^^^
  File "/usr/lib/python3.12/ast.py", line 52, in parse
    return compile(source, filename, mode, flags,
           ^^^^^^^^^^^^^^^^^^^^^^^^^^^^^^^^^^^^^^
  File "<unknown>", line 1
    altura_macaco = 1.75
IndentationError: unexpected indent
2025-08-18 19:31:09,852 cblogger [ERROR]: 		Error while extracting code complexity metrics: inconsistent use of tabs and spaces in indentation (<unknown>, line 19)
Traceback (most recent call last):
  File "/root/QuestionInsight/Etapa_1/codebench-mining-tool/util.py", line 551, in extract_complexity_metrics
    v = ComplexityVisitor.from_code(code)
        ^^^^^^^^^^^^^^^^^^^^^^^^^^^^^^^^^
  File "/root/QuestionInsight/.venv/lib/python3.12/site-packages/radon/visitors.py", line 133, in from_code
    return cls.from_ast(code2ast(code), **kwargs)
                        ^^^^^^^^^^^^^^
  File "/root/QuestionInsight/.venv/lib/python3.12/site-packages/radon/visitors.py", line 48, in code2ast
    return ast.parse(source)
           ^^^^^^^^^^^^^^^^^
  File "/usr/lib/python3.12/ast.py", line 52, in parse
    return compile(source, filename, mode, flags,
           ^^^^^^^^^^^^^^^^^^^^^^^^^^^^^^^^^^^^^^
  File "<unknown>", line 19
    	vet = array(eval(input("Proximo vetor: ")))
TabError: inconsistent use of tabs and spaces in indentation
2025-08-18 19:31:09,853 cblogger [ERROR]: 		Error while extracting halsted code metrics: inconsistent use of tabs and spaces in indentation (<unknown>, line 19)
Traceback (most recent call last):
  File "/root/QuestionInsight/Etapa_1/codebench-mining-tool/util.py", line 569, in extract_halstead_metrics
    h = h_visit(code)
        ^^^^^^^^^^^^^
  File "/root/QuestionInsight/.venv/lib/python3.12/site-packages/radon/metrics.py", line 29, in h_visit
    return h_visit_ast(ast.parse(code))
                       ^^^^^^^^^^^^^^^
  File "/usr/lib/python3.12/ast.py", line 52, in parse
    return compile(source, filename, mode, flags,
           ^^^^^^^^^^^^^^^^^^^^^^^^^^^^^^^^^^^^^^
  File "<unknown>", line 19
    	vet = array(eval(input("Proximo vetor: ")))
TabError: inconsistent use of tabs and spaces in indentation
2025-08-18 19:31:09,958 cblogger [ERROR]: 		Error while extracting code complexity metrics: expected an indented block after 'if' statement on line 5 (<unknown>, line 6)
Traceback (most recent call last):
  File "/root/QuestionInsight/Etapa_1/codebench-mining-tool/util.py", line 551, in extract_complexity_metrics
    v = ComplexityVisitor.from_code(code)
        ^^^^^^^^^^^^^^^^^^^^^^^^^^^^^^^^^
  File "/root/QuestionInsight/.venv/lib/python3.12/site-packages/radon/visitors.py", line 133, in from_code
    return cls.from_ast(code2ast(code), **kwargs)
                        ^^^^^^^^^^^^^^
  File "/root/QuestionInsight/.venv/lib/python3.12/site-packages/radon/visitors.py", line 48, in code2ast
    return ast.parse(source)
           ^^^^^^^^^^^^^^^^^
  File "/usr/lib/python3.12/ast.py", line 52, in parse
    return compile(source, filename, mode, flags,
           ^^^^^^^^^^^^^^^^^^^^^^^^^^^^^^^^^^^^^^
  File "<unknown>", line 6
    print(soma)
IndentationError: expected an indented block after 'if' statement on line 5
2025-08-18 19:31:09,959 cblogger [ERROR]: 		Error while extracting halsted code metrics: expected an indented block after 'if' statement on line 5 (<unknown>, line 6)
Traceback (most recent call last):
  File "/root/QuestionInsight/Etapa_1/codebench-mining-tool/util.py", line 569, in extract_halstead_metrics
    h = h_visit(code)
        ^^^^^^^^^^^^^
  File "/root/QuestionInsight/.venv/lib/python3.12/site-packages/radon/metrics.py", line 29, in h_visit
    return h_visit_ast(ast.parse(code))
                       ^^^^^^^^^^^^^^^
  File "/usr/lib/python3.12/ast.py", line 52, in parse
    return compile(source, filename, mode, flags,
           ^^^^^^^^^^^^^^^^^^^^^^^^^^^^^^^^^^^^^^
  File "<unknown>", line 6
    print(soma)
IndentationError: expected an indented block after 'if' statement on line 5
2025-08-18 19:31:10,654 cblogger [ERROR]: 		Error while extracting code complexity metrics: expected an indented block after 'if' statement on line 10 (<unknown>, line 11)
Traceback (most recent call last):
  File "/root/QuestionInsight/Etapa_1/codebench-mining-tool/util.py", line 551, in extract_complexity_metrics
    v = ComplexityVisitor.from_code(code)
        ^^^^^^^^^^^^^^^^^^^^^^^^^^^^^^^^^
  File "/root/QuestionInsight/.venv/lib/python3.12/site-packages/radon/visitors.py", line 133, in from_code
    return cls.from_ast(code2ast(code), **kwargs)
                        ^^^^^^^^^^^^^^
  File "/root/QuestionInsight/.venv/lib/python3.12/site-packages/radon/visitors.py", line 48, in code2ast
    return ast.parse(source)
           ^^^^^^^^^^^^^^^^^
  File "/usr/lib/python3.12/ast.py", line 52, in parse
    return compile(source, filename, mode, flags,
           ^^^^^^^^^^^^^^^^^^^^^^^^^^^^^^^^^^^^^^
  File "<unknown>", line 11
    	if vet[i] == "FEIJOADA":
    	^^
IndentationError: expected an indented block after 'if' statement on line 10
2025-08-18 19:31:10,655 cblogger [ERROR]: 		Error while extracting halsted code metrics: expected an indented block after 'if' statement on line 10 (<unknown>, line 11)
Traceback (most recent call last):
  File "/root/QuestionInsight/Etapa_1/codebench-mining-tool/util.py", line 569, in extract_halstead_metrics
    h = h_visit(code)
        ^^^^^^^^^^^^^
  File "/root/QuestionInsight/.venv/lib/python3.12/site-packages/radon/metrics.py", line 29, in h_visit
    return h_visit_ast(ast.parse(code))
                       ^^^^^^^^^^^^^^^
  File "/usr/lib/python3.12/ast.py", line 52, in parse
    return compile(source, filename, mode, flags,
           ^^^^^^^^^^^^^^^^^^^^^^^^^^^^^^^^^^^^^^
  File "<unknown>", line 11
    	if vet[i] == "FEIJOADA":
    	^^
IndentationError: expected an indented block after 'if' statement on line 10
2025-08-18 19:31:10,758 cblogger [ERROR]: 		Error while extracting code complexity metrics: invalid syntax (<unknown>, line 9)
Traceback (most recent call last):
  File "/root/QuestionInsight/Etapa_1/codebench-mining-tool/util.py", line 551, in extract_complexity_metrics
    v = ComplexityVisitor.from_code(code)
        ^^^^^^^^^^^^^^^^^^^^^^^^^^^^^^^^^
  File "/root/QuestionInsight/.venv/lib/python3.12/site-packages/radon/visitors.py", line 133, in from_code
    return cls.from_ast(code2ast(code), **kwargs)
                        ^^^^^^^^^^^^^^
  File "/root/QuestionInsight/.venv/lib/python3.12/site-packages/radon/visitors.py", line 48, in code2ast
    return ast.parse(source)
           ^^^^^^^^^^^^^^^^^
  File "/usr/lib/python3.12/ast.py", line 52, in parse
    return compile(source, filename, mode, flags,
           ^^^^^^^^^^^^^^^^^^^^^^^^^^^^^^^^^^^^^^
  File "<unknown>", line 9
    eli(var1 > -1/2 and var1 <= 1/2):
                                    ^
SyntaxError: invalid syntax
2025-08-18 19:31:10,759 cblogger [ERROR]: 		Error while extracting halsted code metrics: invalid syntax (<unknown>, line 9)
Traceback (most recent call last):
  File "/root/QuestionInsight/Etapa_1/codebench-mining-tool/util.py", line 569, in extract_halstead_metrics
    h = h_visit(code)
        ^^^^^^^^^^^^^
  File "/root/QuestionInsight/.venv/lib/python3.12/site-packages/radon/metrics.py", line 29, in h_visit
    return h_visit_ast(ast.parse(code))
                       ^^^^^^^^^^^^^^^
  File "/usr/lib/python3.12/ast.py", line 52, in parse
    return compile(source, filename, mode, flags,
           ^^^^^^^^^^^^^^^^^^^^^^^^^^^^^^^^^^^^^^
  File "<unknown>", line 9
    eli(var1 > -1/2 and var1 <= 1/2):
                                    ^
SyntaxError: invalid syntax
2025-08-18 19:31:10,915 cblogger [ERROR]: 		Error while extracting code complexity metrics: invalid syntax (<unknown>, line 2)
Traceback (most recent call last):
  File "/root/QuestionInsight/Etapa_1/codebench-mining-tool/util.py", line 551, in extract_complexity_metrics
    v = ComplexityVisitor.from_code(code)
        ^^^^^^^^^^^^^^^^^^^^^^^^^^^^^^^^^
  File "/root/QuestionInsight/.venv/lib/python3.12/site-packages/radon/visitors.py", line 133, in from_code
    return cls.from_ast(code2ast(code), **kwargs)
                        ^^^^^^^^^^^^^^
  File "/root/QuestionInsight/.venv/lib/python3.12/site-packages/radon/visitors.py", line 48, in code2ast
    return ast.parse(source)
           ^^^^^^^^^^^^^^^^^
  File "/usr/lib/python3.12/ast.py", line 52, in parse
    return compile(source, filename, mode, flags,
           ^^^^^^^^^^^^^^^^^^^^^^^^^^^^^^^^^^^^^^
  File "<unknown>", line 2
    print(round(var,2)/)
                       ^
SyntaxError: invalid syntax
2025-08-18 19:31:10,916 cblogger [ERROR]: 		Error while extracting halsted code metrics: invalid syntax (<unknown>, line 2)
Traceback (most recent call last):
  File "/root/QuestionInsight/Etapa_1/codebench-mining-tool/util.py", line 569, in extract_halstead_metrics
    h = h_visit(code)
        ^^^^^^^^^^^^^
  File "/root/QuestionInsight/.venv/lib/python3.12/site-packages/radon/metrics.py", line 29, in h_visit
    return h_visit_ast(ast.parse(code))
                       ^^^^^^^^^^^^^^^
  File "/usr/lib/python3.12/ast.py", line 52, in parse
    return compile(source, filename, mode, flags,
           ^^^^^^^^^^^^^^^^^^^^^^^^^^^^^^^^^^^^^^
  File "<unknown>", line 2
    print(round(var,2)/)
                       ^
SyntaxError: invalid syntax
2025-08-18 19:31:10,931 cblogger [ERROR]: 		Error while extracting code complexity metrics: invalid syntax (<unknown>, line 3)
Traceback (most recent call last):
  File "/root/QuestionInsight/Etapa_1/codebench-mining-tool/util.py", line 551, in extract_complexity_metrics
    v = ComplexityVisitor.from_code(code)
        ^^^^^^^^^^^^^^^^^^^^^^^^^^^^^^^^^
  File "/root/QuestionInsight/.venv/lib/python3.12/site-packages/radon/visitors.py", line 133, in from_code
    return cls.from_ast(code2ast(code), **kwargs)
                        ^^^^^^^^^^^^^^
  File "/root/QuestionInsight/.venv/lib/python3.12/site-packages/radon/visitors.py", line 48, in code2ast
    return ast.parse(source)
           ^^^^^^^^^^^^^^^^^
  File "/usr/lib/python3.12/ast.py", line 52, in parse
    return compile(source, filename, mode, flags,
           ^^^^^^^^^^^^^^^^^^^^^^^^^^^^^^^^^^^^^^
  File "<unknown>", line 3
    if 
       ^
SyntaxError: invalid syntax
2025-08-18 19:31:10,932 cblogger [ERROR]: 		Error while extracting halsted code metrics: invalid syntax (<unknown>, line 3)
Traceback (most recent call last):
  File "/root/QuestionInsight/Etapa_1/codebench-mining-tool/util.py", line 569, in extract_halstead_metrics
    h = h_visit(code)
        ^^^^^^^^^^^^^
  File "/root/QuestionInsight/.venv/lib/python3.12/site-packages/radon/metrics.py", line 29, in h_visit
    return h_visit_ast(ast.parse(code))
                       ^^^^^^^^^^^^^^^
  File "/usr/lib/python3.12/ast.py", line 52, in parse
    return compile(source, filename, mode, flags,
           ^^^^^^^^^^^^^^^^^^^^^^^^^^^^^^^^^^^^^^
  File "<unknown>", line 3
    if 
       ^
SyntaxError: invalid syntax
2025-08-18 19:31:10,933 cblogger [ERROR]: 		Error while extracting code complexity metrics: invalid syntax (<unknown>, line 3)
Traceback (most recent call last):
  File "/root/QuestionInsight/Etapa_1/codebench-mining-tool/util.py", line 551, in extract_complexity_metrics
    v = ComplexityVisitor.from_code(code)
        ^^^^^^^^^^^^^^^^^^^^^^^^^^^^^^^^^
  File "/root/QuestionInsight/.venv/lib/python3.12/site-packages/radon/visitors.py", line 133, in from_code
    return cls.from_ast(code2ast(code), **kwargs)
                        ^^^^^^^^^^^^^^
  File "/root/QuestionInsight/.venv/lib/python3.12/site-packages/radon/visitors.py", line 48, in code2ast
    return ast.parse(source)
           ^^^^^^^^^^^^^^^^^
  File "/usr/lib/python3.12/ast.py", line 52, in parse
    return compile(source, filename, mode, flags,
           ^^^^^^^^^^^^^^^^^^^^^^^^^^^^^^^^^^^^^^
  File "<unknown>", line 3
    total = x <=> y
                ^
SyntaxError: invalid syntax
2025-08-18 19:31:10,934 cblogger [ERROR]: 		Error while extracting halsted code metrics: invalid syntax (<unknown>, line 3)
Traceback (most recent call last):
  File "/root/QuestionInsight/Etapa_1/codebench-mining-tool/util.py", line 569, in extract_halstead_metrics
    h = h_visit(code)
        ^^^^^^^^^^^^^
  File "/root/QuestionInsight/.venv/lib/python3.12/site-packages/radon/metrics.py", line 29, in h_visit
    return h_visit_ast(ast.parse(code))
                       ^^^^^^^^^^^^^^^
  File "/usr/lib/python3.12/ast.py", line 52, in parse
    return compile(source, filename, mode, flags,
           ^^^^^^^^^^^^^^^^^^^^^^^^^^^^^^^^^^^^^^
  File "<unknown>", line 3
    total = x <=> y
                ^
SyntaxError: invalid syntax
2025-08-18 19:31:10,975 cblogger [ERROR]: 		Error while extracting code complexity metrics: invalid syntax (<unknown>, line 2)
Traceback (most recent call last):
  File "/root/QuestionInsight/Etapa_1/codebench-mining-tool/util.py", line 551, in extract_complexity_metrics
    v = ComplexityVisitor.from_code(code)
        ^^^^^^^^^^^^^^^^^^^^^^^^^^^^^^^^^
  File "/root/QuestionInsight/.venv/lib/python3.12/site-packages/radon/visitors.py", line 133, in from_code
    return cls.from_ast(code2ast(code), **kwargs)
                        ^^^^^^^^^^^^^^
  File "/root/QuestionInsight/.venv/lib/python3.12/site-packages/radon/visitors.py", line 48, in code2ast
    return ast.parse(source)
           ^^^^^^^^^^^^^^^^^
  File "/usr/lib/python3.12/ast.py", line 52, in parse
    return compile(source, filename, mode, flags,
           ^^^^^^^^^^^^^^^^^^^^^^^^^^^^^^^^^^^^^^
  File "<unknown>", line 2
    Q1 = 
         ^
SyntaxError: invalid syntax
2025-08-18 19:31:10,975 cblogger [ERROR]: 		Error while extracting halsted code metrics: invalid syntax (<unknown>, line 2)
Traceback (most recent call last):
  File "/root/QuestionInsight/Etapa_1/codebench-mining-tool/util.py", line 569, in extract_halstead_metrics
    h = h_visit(code)
        ^^^^^^^^^^^^^
  File "/root/QuestionInsight/.venv/lib/python3.12/site-packages/radon/metrics.py", line 29, in h_visit
    return h_visit_ast(ast.parse(code))
                       ^^^^^^^^^^^^^^^
  File "/usr/lib/python3.12/ast.py", line 52, in parse
    return compile(source, filename, mode, flags,
           ^^^^^^^^^^^^^^^^^^^^^^^^^^^^^^^^^^^^^^
  File "<unknown>", line 2
    Q1 = 
         ^
SyntaxError: invalid syntax
2025-08-18 19:31:10,980 cblogger [ERROR]: 		Error while extracting code complexity metrics: expected ':' (<unknown>, line 4)
Traceback (most recent call last):
  File "/root/QuestionInsight/Etapa_1/codebench-mining-tool/util.py", line 551, in extract_complexity_metrics
    v = ComplexityVisitor.from_code(code)
        ^^^^^^^^^^^^^^^^^^^^^^^^^^^^^^^^^
  File "/root/QuestionInsight/.venv/lib/python3.12/site-packages/radon/visitors.py", line 133, in from_code
    return cls.from_ast(code2ast(code), **kwargs)
                        ^^^^^^^^^^^^^^
  File "/root/QuestionInsight/.venv/lib/python3.12/site-packages/radon/visitors.py", line 48, in code2ast
    return ast.parse(source)
           ^^^^^^^^^^^^^^^^^
  File "/usr/lib/python3.12/ast.py", line 52, in parse
    return compile(source, filename, mode, flags,
           ^^^^^^^^^^^^^^^^^^^^^^^^^^^^^^^^^^^^^^
  File "<unknown>", line 4
    if()
        ^
SyntaxError: expected ':'
2025-08-18 19:31:10,981 cblogger [ERROR]: 		Error while extracting halsted code metrics: expected ':' (<unknown>, line 4)
Traceback (most recent call last):
  File "/root/QuestionInsight/Etapa_1/codebench-mining-tool/util.py", line 569, in extract_halstead_metrics
    h = h_visit(code)
        ^^^^^^^^^^^^^
  File "/root/QuestionInsight/.venv/lib/python3.12/site-packages/radon/metrics.py", line 29, in h_visit
    return h_visit_ast(ast.parse(code))
                       ^^^^^^^^^^^^^^^
  File "/usr/lib/python3.12/ast.py", line 52, in parse
    return compile(source, filename, mode, flags,
           ^^^^^^^^^^^^^^^^^^^^^^^^^^^^^^^^^^^^^^
  File "<unknown>", line 4
    if()
        ^
SyntaxError: expected ':'
2025-08-18 19:31:11,118 cblogger [ERROR]: 		Error while extracting code complexity metrics: invalid syntax (<unknown>, line 4)
Traceback (most recent call last):
  File "/root/QuestionInsight/Etapa_1/codebench-mining-tool/util.py", line 551, in extract_complexity_metrics
    v = ComplexityVisitor.from_code(code)
        ^^^^^^^^^^^^^^^^^^^^^^^^^^^^^^^^^
  File "/root/QuestionInsight/.venv/lib/python3.12/site-packages/radon/visitors.py", line 133, in from_code
    return cls.from_ast(code2ast(code), **kwargs)
                        ^^^^^^^^^^^^^^
  File "/root/QuestionInsight/.venv/lib/python3.12/site-packages/radon/visitors.py", line 48, in code2ast
    return ast.parse(source)
           ^^^^^^^^^^^^^^^^^
  File "/usr/lib/python3.12/ast.py", line 52, in parse
    return compile(source, filename, mode, flags,
           ^^^^^^^^^^^^^^^^^^^^^^^^^^^^^^^^^^^^^^
  File "<unknown>", line 4
    math import *
         ^^^^^^
SyntaxError: invalid syntax
2025-08-18 19:31:11,119 cblogger [ERROR]: 		Error while extracting halsted code metrics: invalid syntax (<unknown>, line 4)
Traceback (most recent call last):
  File "/root/QuestionInsight/Etapa_1/codebench-mining-tool/util.py", line 569, in extract_halstead_metrics
    h = h_visit(code)
        ^^^^^^^^^^^^^
  File "/root/QuestionInsight/.venv/lib/python3.12/site-packages/radon/metrics.py", line 29, in h_visit
    return h_visit_ast(ast.parse(code))
                       ^^^^^^^^^^^^^^^
  File "/usr/lib/python3.12/ast.py", line 52, in parse
    return compile(source, filename, mode, flags,
           ^^^^^^^^^^^^^^^^^^^^^^^^^^^^^^^^^^^^^^
  File "<unknown>", line 4
    math import *
         ^^^^^^
SyntaxError: invalid syntax
2025-08-18 19:31:11,189 cblogger [ERROR]: 		Error while extracting code complexity metrics: expected an indented block after 'for' statement on line 11 (<unknown>, line 13)
Traceback (most recent call last):
  File "/root/QuestionInsight/Etapa_1/codebench-mining-tool/util.py", line 551, in extract_complexity_metrics
    v = ComplexityVisitor.from_code(code)
        ^^^^^^^^^^^^^^^^^^^^^^^^^^^^^^^^^
  File "/root/QuestionInsight/.venv/lib/python3.12/site-packages/radon/visitors.py", line 133, in from_code
    return cls.from_ast(code2ast(code), **kwargs)
                        ^^^^^^^^^^^^^^
  File "/root/QuestionInsight/.venv/lib/python3.12/site-packages/radon/visitors.py", line 48, in code2ast
    return ast.parse(source)
           ^^^^^^^^^^^^^^^^^
  File "/usr/lib/python3.12/ast.py", line 52, in parse
    return compile(source, filename, mode, flags,
           ^^^^^^^^^^^^^^^^^^^^^^^^^^^^^^^^^^^^^^
  File "<unknown>", line 13
    	
    	^
IndentationError: expected an indented block after 'for' statement on line 11
2025-08-18 19:31:11,190 cblogger [ERROR]: 		Error while extracting halsted code metrics: expected an indented block after 'for' statement on line 11 (<unknown>, line 13)
Traceback (most recent call last):
  File "/root/QuestionInsight/Etapa_1/codebench-mining-tool/util.py", line 569, in extract_halstead_metrics
    h = h_visit(code)
        ^^^^^^^^^^^^^
  File "/root/QuestionInsight/.venv/lib/python3.12/site-packages/radon/metrics.py", line 29, in h_visit
    return h_visit_ast(ast.parse(code))
                       ^^^^^^^^^^^^^^^
  File "/usr/lib/python3.12/ast.py", line 52, in parse
    return compile(source, filename, mode, flags,
           ^^^^^^^^^^^^^^^^^^^^^^^^^^^^^^^^^^^^^^
  File "<unknown>", line 13
    	
    	^
IndentationError: expected an indented block after 'for' statement on line 11
2025-08-18 19:31:11,196 cblogger [ERROR]: 		Error while extracting code complexity metrics: invalid syntax (<unknown>, line 4)
Traceback (most recent call last):
  File "/root/QuestionInsight/Etapa_1/codebench-mining-tool/util.py", line 551, in extract_complexity_metrics
    v = ComplexityVisitor.from_code(code)
        ^^^^^^^^^^^^^^^^^^^^^^^^^^^^^^^^^
  File "/root/QuestionInsight/.venv/lib/python3.12/site-packages/radon/visitors.py", line 133, in from_code
    return cls.from_ast(code2ast(code), **kwargs)
                        ^^^^^^^^^^^^^^
  File "/root/QuestionInsight/.venv/lib/python3.12/site-packages/radon/visitors.py", line 48, in code2ast
    return ast.parse(source)
           ^^^^^^^^^^^^^^^^^
  File "/usr/lib/python3.12/ast.py", line 52, in parse
    return compile(source, filename, mode, flags,
           ^^^^^^^^^^^^^^^^^^^^^^^^^^^^^^^^^^^^^^
  File "<unknown>", line 4
    t = 
        ^
SyntaxError: invalid syntax
2025-08-18 19:31:11,197 cblogger [ERROR]: 		Error while extracting halsted code metrics: invalid syntax (<unknown>, line 4)
Traceback (most recent call last):
  File "/root/QuestionInsight/Etapa_1/codebench-mining-tool/util.py", line 569, in extract_halstead_metrics
    h = h_visit(code)
        ^^^^^^^^^^^^^
  File "/root/QuestionInsight/.venv/lib/python3.12/site-packages/radon/metrics.py", line 29, in h_visit
    return h_visit_ast(ast.parse(code))
                       ^^^^^^^^^^^^^^^
  File "/usr/lib/python3.12/ast.py", line 52, in parse
    return compile(source, filename, mode, flags,
           ^^^^^^^^^^^^^^^^^^^^^^^^^^^^^^^^^^^^^^
  File "<unknown>", line 4
    t = 
        ^
SyntaxError: invalid syntax
2025-08-18 19:31:11,235 cblogger [ERROR]: 		Error while extracting code complexity metrics: '(' was never closed (<unknown>, line 9)
Traceback (most recent call last):
  File "/root/QuestionInsight/Etapa_1/codebench-mining-tool/util.py", line 551, in extract_complexity_metrics
    v = ComplexityVisitor.from_code(code)
        ^^^^^^^^^^^^^^^^^^^^^^^^^^^^^^^^^
  File "/root/QuestionInsight/.venv/lib/python3.12/site-packages/radon/visitors.py", line 133, in from_code
    return cls.from_ast(code2ast(code), **kwargs)
                        ^^^^^^^^^^^^^^
  File "/root/QuestionInsight/.venv/lib/python3.12/site-packages/radon/visitors.py", line 48, in code2ast
    return ast.parse(source)
           ^^^^^^^^^^^^^^^^^
  File "/usr/lib/python3.12/ast.py", line 52, in parse
    return compile(source, filename, mode, flags,
           ^^^^^^^^^^^^^^^^^^^^^^^^^^^^^^^^^^^^^^
  File "<unknown>", line 9
    	print("R$",(round(g,2))
    	     ^
SyntaxError: '(' was never closed
2025-08-18 19:31:11,236 cblogger [ERROR]: 		Error while extracting code size based metrics: SyntaxError at line: 9
Traceback (most recent call last):
  File "/root/QuestionInsight/.venv/lib/python3.12/site-packages/radon/raw.py", line 210, in analyze
    tokens, parsed_lines = _get_all_tokens(line, lines)
                           ^^^^^^^^^^^^^^^^^^^^^^^^^^^^
  File "/root/QuestionInsight/.venv/lib/python3.12/site-packages/radon/raw.py", line 117, in _get_all_tokens
    next_line = next(lines)
                ^^^^^^^^^^^
StopIteration

During handling of the above exception, another exception occurred:

Traceback (most recent call last):
  File "/root/QuestionInsight/Etapa_1/codebench-mining-tool/util.py", line 560, in extract_size_metrics
    a = analyze(code)
        ^^^^^^^^^^^^^
  File "/root/QuestionInsight/.venv/lib/python3.12/site-packages/radon/raw.py", line 212, in analyze
    raise SyntaxError('SyntaxError at line: {0}'.format(lineno))
SyntaxError: SyntaxError at line: 9
2025-08-18 19:31:11,237 cblogger [ERROR]: 		Error while extracting halsted code metrics: '(' was never closed (<unknown>, line 9)
Traceback (most recent call last):
  File "/root/QuestionInsight/Etapa_1/codebench-mining-tool/util.py", line 569, in extract_halstead_metrics
    h = h_visit(code)
        ^^^^^^^^^^^^^
  File "/root/QuestionInsight/.venv/lib/python3.12/site-packages/radon/metrics.py", line 29, in h_visit
    return h_visit_ast(ast.parse(code))
                       ^^^^^^^^^^^^^^^
  File "/usr/lib/python3.12/ast.py", line 52, in parse
    return compile(source, filename, mode, flags,
           ^^^^^^^^^^^^^^^^^^^^^^^^^^^^^^^^^^^^^^
  File "<unknown>", line 9
    	print("R$",(round(g,2))
    	     ^
SyntaxError: '(' was never closed
2025-08-18 19:31:11,428 cblogger [ERROR]: 		Error while extracting code complexity metrics: invalid syntax (<unknown>, line 7)
Traceback (most recent call last):
  File "/root/QuestionInsight/Etapa_1/codebench-mining-tool/util.py", line 551, in extract_complexity_metrics
    v = ComplexityVisitor.from_code(code)
        ^^^^^^^^^^^^^^^^^^^^^^^^^^^^^^^^^
  File "/root/QuestionInsight/.venv/lib/python3.12/site-packages/radon/visitors.py", line 133, in from_code
    return cls.from_ast(code2ast(code), **kwargs)
                        ^^^^^^^^^^^^^^
  File "/root/QuestionInsight/.venv/lib/python3.12/site-packages/radon/visitors.py", line 48, in code2ast
    return ast.parse(source)
           ^^^^^^^^^^^^^^^^^
  File "/usr/lib/python3.12/ast.py", line 52, in parse
    return compile(source, filename, mode, flags,
           ^^^^^^^^^^^^^^^^^^^^^^^^^^^^^^^^^^^^^^
  File "<unknown>", line 7
    while 
          ^
SyntaxError: invalid syntax
2025-08-18 19:31:11,429 cblogger [ERROR]: 		Error while extracting halsted code metrics: invalid syntax (<unknown>, line 7)
Traceback (most recent call last):
  File "/root/QuestionInsight/Etapa_1/codebench-mining-tool/util.py", line 569, in extract_halstead_metrics
    h = h_visit(code)
        ^^^^^^^^^^^^^
  File "/root/QuestionInsight/.venv/lib/python3.12/site-packages/radon/metrics.py", line 29, in h_visit
    return h_visit_ast(ast.parse(code))
                       ^^^^^^^^^^^^^^^
  File "/usr/lib/python3.12/ast.py", line 52, in parse
    return compile(source, filename, mode, flags,
           ^^^^^^^^^^^^^^^^^^^^^^^^^^^^^^^^^^^^^^
  File "<unknown>", line 7
    while 
          ^
SyntaxError: invalid syntax
2025-08-18 19:31:11,437 cblogger [ERROR]: 		Error while extracting code complexity metrics: inconsistent use of tabs and spaces in indentation (<unknown>, line 20)
Traceback (most recent call last):
  File "/root/QuestionInsight/Etapa_1/codebench-mining-tool/util.py", line 551, in extract_complexity_metrics
    v = ComplexityVisitor.from_code(code)
        ^^^^^^^^^^^^^^^^^^^^^^^^^^^^^^^^^
  File "/root/QuestionInsight/.venv/lib/python3.12/site-packages/radon/visitors.py", line 133, in from_code
    return cls.from_ast(code2ast(code), **kwargs)
                        ^^^^^^^^^^^^^^
  File "/root/QuestionInsight/.venv/lib/python3.12/site-packages/radon/visitors.py", line 48, in code2ast
    return ast.parse(source)
           ^^^^^^^^^^^^^^^^^
  File "/usr/lib/python3.12/ast.py", line 52, in parse
    return compile(source, filename, mode, flags,
           ^^^^^^^^^^^^^^^^^^^^^^^^^^^^^^^^^^^^^^
  File "<unknown>", line 20
    		print(qtd_total)
    ^
TabError: inconsistent use of tabs and spaces in indentation
2025-08-18 19:31:11,439 cblogger [ERROR]: 		Error while extracting halsted code metrics: inconsistent use of tabs and spaces in indentation (<unknown>, line 20)
Traceback (most recent call last):
  File "/root/QuestionInsight/Etapa_1/codebench-mining-tool/util.py", line 569, in extract_halstead_metrics
    h = h_visit(code)
        ^^^^^^^^^^^^^
  File "/root/QuestionInsight/.venv/lib/python3.12/site-packages/radon/metrics.py", line 29, in h_visit
    return h_visit_ast(ast.parse(code))
                       ^^^^^^^^^^^^^^^
  File "/usr/lib/python3.12/ast.py", line 52, in parse
    return compile(source, filename, mode, flags,
           ^^^^^^^^^^^^^^^^^^^^^^^^^^^^^^^^^^^^^^
  File "<unknown>", line 20
    		print(qtd_total)
    ^
TabError: inconsistent use of tabs and spaces in indentation
2025-08-18 19:31:11,456 cblogger [ERROR]: 		Error while extracting code complexity metrics: expected an indented block after 'if' statement on line 5 (<unknown>, line 7)
Traceback (most recent call last):
  File "/root/QuestionInsight/Etapa_1/codebench-mining-tool/util.py", line 551, in extract_complexity_metrics
    v = ComplexityVisitor.from_code(code)
        ^^^^^^^^^^^^^^^^^^^^^^^^^^^^^^^^^
  File "/root/QuestionInsight/.venv/lib/python3.12/site-packages/radon/visitors.py", line 133, in from_code
    return cls.from_ast(code2ast(code), **kwargs)
                        ^^^^^^^^^^^^^^
  File "/root/QuestionInsight/.venv/lib/python3.12/site-packages/radon/visitors.py", line 48, in code2ast
    return ast.parse(source)
           ^^^^^^^^^^^^^^^^^
  File "/usr/lib/python3.12/ast.py", line 52, in parse
    return compile(source, filename, mode, flags,
           ^^^^^^^^^^^^^^^^^^^^^^^^^^^^^^^^^^^^^^
  File "<unknown>", line 7
    elif (var>(var+var1+var2)/2):
    ^^^^
IndentationError: expected an indented block after 'if' statement on line 5
2025-08-18 19:31:11,460 cblogger [ERROR]: 		Error while extracting halsted code metrics: expected an indented block after 'if' statement on line 5 (<unknown>, line 7)
Traceback (most recent call last):
  File "/root/QuestionInsight/Etapa_1/codebench-mining-tool/util.py", line 569, in extract_halstead_metrics
    h = h_visit(code)
        ^^^^^^^^^^^^^
  File "/root/QuestionInsight/.venv/lib/python3.12/site-packages/radon/metrics.py", line 29, in h_visit
    return h_visit_ast(ast.parse(code))
                       ^^^^^^^^^^^^^^^
  File "/usr/lib/python3.12/ast.py", line 52, in parse
    return compile(source, filename, mode, flags,
           ^^^^^^^^^^^^^^^^^^^^^^^^^^^^^^^^^^^^^^
  File "<unknown>", line 7
    elif (var>(var+var1+var2)/2):
    ^^^^
IndentationError: expected an indented block after 'if' statement on line 5
2025-08-18 19:31:11,483 cblogger [ERROR]: 		Error while extracting code complexity metrics: invalid syntax (<unknown>, line 4)
Traceback (most recent call last):
  File "/root/QuestionInsight/Etapa_1/codebench-mining-tool/util.py", line 551, in extract_complexity_metrics
    v = ComplexityVisitor.from_code(code)
        ^^^^^^^^^^^^^^^^^^^^^^^^^^^^^^^^^
  File "/root/QuestionInsight/.venv/lib/python3.12/site-packages/radon/visitors.py", line 133, in from_code
    return cls.from_ast(code2ast(code), **kwargs)
                        ^^^^^^^^^^^^^^
  File "/root/QuestionInsight/.venv/lib/python3.12/site-packages/radon/visitors.py", line 48, in code2ast
    return ast.parse(source)
           ^^^^^^^^^^^^^^^^^
  File "/usr/lib/python3.12/ast.py", line 52, in parse
    return compile(source, filename, mode, flags,
           ^^^^^^^^^^^^^^^^^^^^^^^^^^^^^^^^^^^^^^
  File "<unknown>", line 4
    while 
          ^
SyntaxError: invalid syntax
2025-08-18 19:31:11,483 cblogger [ERROR]: 		Error while extracting halsted code metrics: invalid syntax (<unknown>, line 4)
Traceback (most recent call last):
  File "/root/QuestionInsight/Etapa_1/codebench-mining-tool/util.py", line 569, in extract_halstead_metrics
    h = h_visit(code)
        ^^^^^^^^^^^^^
  File "/root/QuestionInsight/.venv/lib/python3.12/site-packages/radon/metrics.py", line 29, in h_visit
    return h_visit_ast(ast.parse(code))
                       ^^^^^^^^^^^^^^^
  File "/usr/lib/python3.12/ast.py", line 52, in parse
    return compile(source, filename, mode, flags,
           ^^^^^^^^^^^^^^^^^^^^^^^^^^^^^^^^^^^^^^
  File "<unknown>", line 4
    while 
          ^
SyntaxError: invalid syntax
2025-08-18 19:31:11,541 cblogger [ERROR]: 		Error while extracting code complexity metrics: expected an indented block after 'for' statement on line 3 (<unknown>, line 4)
Traceback (most recent call last):
  File "/root/QuestionInsight/Etapa_1/codebench-mining-tool/util.py", line 551, in extract_complexity_metrics
    v = ComplexityVisitor.from_code(code)
        ^^^^^^^^^^^^^^^^^^^^^^^^^^^^^^^^^
  File "/root/QuestionInsight/.venv/lib/python3.12/site-packages/radon/visitors.py", line 133, in from_code
    return cls.from_ast(code2ast(code), **kwargs)
                        ^^^^^^^^^^^^^^
  File "/root/QuestionInsight/.venv/lib/python3.12/site-packages/radon/visitors.py", line 48, in code2ast
    return ast.parse(source)
           ^^^^^^^^^^^^^^^^^
  File "/usr/lib/python3.12/ast.py", line 52, in parse
    return compile(source, filename, mode, flags,
           ^^^^^^^^^^^^^^^^^^^^^^^^^^^^^^^^^^^^^^
  File "<unknown>", line 4
    	
    	^
IndentationError: expected an indented block after 'for' statement on line 3
2025-08-18 19:31:11,545 cblogger [ERROR]: 		Error while extracting halsted code metrics: expected an indented block after 'for' statement on line 3 (<unknown>, line 4)
Traceback (most recent call last):
  File "/root/QuestionInsight/Etapa_1/codebench-mining-tool/util.py", line 569, in extract_halstead_metrics
    h = h_visit(code)
        ^^^^^^^^^^^^^
  File "/root/QuestionInsight/.venv/lib/python3.12/site-packages/radon/metrics.py", line 29, in h_visit
    return h_visit_ast(ast.parse(code))
                       ^^^^^^^^^^^^^^^
  File "/usr/lib/python3.12/ast.py", line 52, in parse
    return compile(source, filename, mode, flags,
           ^^^^^^^^^^^^^^^^^^^^^^^^^^^^^^^^^^^^^^
  File "<unknown>", line 4
    	
    	^
IndentationError: expected an indented block after 'for' statement on line 3
2025-08-18 19:31:11,578 cblogger [ERROR]: 		Error while extracting code complexity metrics: invalid syntax (<unknown>, line 3)
Traceback (most recent call last):
  File "/root/QuestionInsight/Etapa_1/codebench-mining-tool/util.py", line 551, in extract_complexity_metrics
    v = ComplexityVisitor.from_code(code)
        ^^^^^^^^^^^^^^^^^^^^^^^^^^^^^^^^^
  File "/root/QuestionInsight/.venv/lib/python3.12/site-packages/radon/visitors.py", line 133, in from_code
    return cls.from_ast(code2ast(code), **kwargs)
                        ^^^^^^^^^^^^^^
  File "/root/QuestionInsight/.venv/lib/python3.12/site-packages/radon/visitors.py", line 48, in code2ast
    return ast.parse(source)
           ^^^^^^^^^^^^^^^^^
  File "/usr/lib/python3.12/ast.py", line 52, in parse
    return compile(source, filename, mode, flags,
           ^^^^^^^^^^^^^^^^^^^^^^^^^^^^^^^^^^^^^^
  File "<unknown>", line 3
    b=
      ^
SyntaxError: invalid syntax
2025-08-18 19:31:11,581 cblogger [ERROR]: 		Error while extracting halsted code metrics: invalid syntax (<unknown>, line 3)
Traceback (most recent call last):
  File "/root/QuestionInsight/Etapa_1/codebench-mining-tool/util.py", line 569, in extract_halstead_metrics
    h = h_visit(code)
        ^^^^^^^^^^^^^
  File "/root/QuestionInsight/.venv/lib/python3.12/site-packages/radon/metrics.py", line 29, in h_visit
    return h_visit_ast(ast.parse(code))
                       ^^^^^^^^^^^^^^^
  File "/usr/lib/python3.12/ast.py", line 52, in parse
    return compile(source, filename, mode, flags,
           ^^^^^^^^^^^^^^^^^^^^^^^^^^^^^^^^^^^^^^
  File "<unknown>", line 3
    b=
      ^
SyntaxError: invalid syntax
2025-08-18 19:31:11,618 cblogger [ERROR]: 		Error while extracting code complexity metrics: invalid syntax (<unknown>, line 7)
Traceback (most recent call last):
  File "/root/QuestionInsight/Etapa_1/codebench-mining-tool/util.py", line 551, in extract_complexity_metrics
    v = ComplexityVisitor.from_code(code)
        ^^^^^^^^^^^^^^^^^^^^^^^^^^^^^^^^^
  File "/root/QuestionInsight/.venv/lib/python3.12/site-packages/radon/visitors.py", line 133, in from_code
    return cls.from_ast(code2ast(code), **kwargs)
                        ^^^^^^^^^^^^^^
  File "/root/QuestionInsight/.venv/lib/python3.12/site-packages/radon/visitors.py", line 48, in code2ast
    return ast.parse(source)
           ^^^^^^^^^^^^^^^^^
  File "/usr/lib/python3.12/ast.py", line 52, in parse
    return compile(source, filename, mode, flags,
           ^^^^^^^^^^^^^^^^^^^^^^^^^^^^^^^^^^^^^^
  File "<unknown>", line 7
    while 
          ^
SyntaxError: invalid syntax
2025-08-18 19:31:11,622 cblogger [ERROR]: 		Error while extracting halsted code metrics: invalid syntax (<unknown>, line 7)
Traceback (most recent call last):
  File "/root/QuestionInsight/Etapa_1/codebench-mining-tool/util.py", line 569, in extract_halstead_metrics
    h = h_visit(code)
        ^^^^^^^^^^^^^
  File "/root/QuestionInsight/.venv/lib/python3.12/site-packages/radon/metrics.py", line 29, in h_visit
    return h_visit_ast(ast.parse(code))
                       ^^^^^^^^^^^^^^^
  File "/usr/lib/python3.12/ast.py", line 52, in parse
    return compile(source, filename, mode, flags,
           ^^^^^^^^^^^^^^^^^^^^^^^^^^^^^^^^^^^^^^
  File "<unknown>", line 7
    while 
          ^
SyntaxError: invalid syntax
2025-08-18 19:31:12,159 cblogger [ERROR]: 		Error while extracting code complexity metrics: invalid syntax (<unknown>, line 3)
Traceback (most recent call last):
  File "/root/QuestionInsight/Etapa_1/codebench-mining-tool/util.py", line 551, in extract_complexity_metrics
    v = ComplexityVisitor.from_code(code)
        ^^^^^^^^^^^^^^^^^^^^^^^^^^^^^^^^^
  File "/root/QuestionInsight/.venv/lib/python3.12/site-packages/radon/visitors.py", line 133, in from_code
    return cls.from_ast(code2ast(code), **kwargs)
                        ^^^^^^^^^^^^^^
  File "/root/QuestionInsight/.venv/lib/python3.12/site-packages/radon/visitors.py", line 48, in code2ast
    return ast.parse(source)
           ^^^^^^^^^^^^^^^^^
  File "/usr/lib/python3.12/ast.py", line 52, in parse
    return compile(source, filename, mode, flags,
           ^^^^^^^^^^^^^^^^^^^^^^^^^^^^^^^^^^^^^^
  File "<unknown>", line 3
    if 
       ^
SyntaxError: invalid syntax
2025-08-18 19:31:12,169 cblogger [ERROR]: 		Error while extracting halsted code metrics: invalid syntax (<unknown>, line 3)
Traceback (most recent call last):
  File "/root/QuestionInsight/Etapa_1/codebench-mining-tool/util.py", line 569, in extract_halstead_metrics
    h = h_visit(code)
        ^^^^^^^^^^^^^
  File "/root/QuestionInsight/.venv/lib/python3.12/site-packages/radon/metrics.py", line 29, in h_visit
    return h_visit_ast(ast.parse(code))
                       ^^^^^^^^^^^^^^^
  File "/usr/lib/python3.12/ast.py", line 52, in parse
    return compile(source, filename, mode, flags,
           ^^^^^^^^^^^^^^^^^^^^^^^^^^^^^^^^^^^^^^
  File "<unknown>", line 3
    if 
       ^
SyntaxError: invalid syntax
2025-08-18 19:31:12,195 cblogger [ERROR]: 		Error while extracting code complexity metrics: inconsistent use of tabs and spaces in indentation (<unknown>, line 13)
Traceback (most recent call last):
  File "/root/QuestionInsight/Etapa_1/codebench-mining-tool/util.py", line 551, in extract_complexity_metrics
    v = ComplexityVisitor.from_code(code)
        ^^^^^^^^^^^^^^^^^^^^^^^^^^^^^^^^^
  File "/root/QuestionInsight/.venv/lib/python3.12/site-packages/radon/visitors.py", line 133, in from_code
    return cls.from_ast(code2ast(code), **kwargs)
                        ^^^^^^^^^^^^^^
  File "/root/QuestionInsight/.venv/lib/python3.12/site-packages/radon/visitors.py", line 48, in code2ast
    return ast.parse(source)
           ^^^^^^^^^^^^^^^^^
  File "/usr/lib/python3.12/ast.py", line 52, in parse
    return compile(source, filename, mode, flags,
           ^^^^^^^^^^^^^^^^^^^^^^^^^^^^^^^^^^^^^^
  File "<unknown>", line 13
    	print(x)
    ^
TabError: inconsistent use of tabs and spaces in indentation
2025-08-18 19:31:12,201 cblogger [ERROR]: 		Error while extracting halsted code metrics: inconsistent use of tabs and spaces in indentation (<unknown>, line 13)
Traceback (most recent call last):
  File "/root/QuestionInsight/Etapa_1/codebench-mining-tool/util.py", line 569, in extract_halstead_metrics
    h = h_visit(code)
        ^^^^^^^^^^^^^
  File "/root/QuestionInsight/.venv/lib/python3.12/site-packages/radon/metrics.py", line 29, in h_visit
    return h_visit_ast(ast.parse(code))
                       ^^^^^^^^^^^^^^^
  File "/usr/lib/python3.12/ast.py", line 52, in parse
    return compile(source, filename, mode, flags,
           ^^^^^^^^^^^^^^^^^^^^^^^^^^^^^^^^^^^^^^
  File "<unknown>", line 13
    	print(x)
    ^
TabError: inconsistent use of tabs and spaces in indentation
2025-08-18 19:31:12,207 cblogger [ERROR]: 		Error while extracting code complexity metrics: invalid syntax (<unknown>, line 18)
Traceback (most recent call last):
  File "/root/QuestionInsight/Etapa_1/codebench-mining-tool/util.py", line 551, in extract_complexity_metrics
    v = ComplexityVisitor.from_code(code)
        ^^^^^^^^^^^^^^^^^^^^^^^^^^^^^^^^^
  File "/root/QuestionInsight/.venv/lib/python3.12/site-packages/radon/visitors.py", line 133, in from_code
    return cls.from_ast(code2ast(code), **kwargs)
                        ^^^^^^^^^^^^^^
  File "/root/QuestionInsight/.venv/lib/python3.12/site-packages/radon/visitors.py", line 48, in code2ast
    return ast.parse(source)
           ^^^^^^^^^^^^^^^^^
  File "/usr/lib/python3.12/ast.py", line 52, in parse
    return compile(source, filename, mode, flags,
           ^^^^^^^^^^^^^^^^^^^^^^^^^^^^^^^^^^^^^^
  File "<unknown>", line 18
    		print("Dados invalidos") VAI 
    		                         ^^^
SyntaxError: invalid syntax
2025-08-18 19:31:12,209 cblogger [ERROR]: 		Error while extracting halsted code metrics: invalid syntax (<unknown>, line 18)
Traceback (most recent call last):
  File "/root/QuestionInsight/Etapa_1/codebench-mining-tool/util.py", line 569, in extract_halstead_metrics
    h = h_visit(code)
        ^^^^^^^^^^^^^
  File "/root/QuestionInsight/.venv/lib/python3.12/site-packages/radon/metrics.py", line 29, in h_visit
    return h_visit_ast(ast.parse(code))
                       ^^^^^^^^^^^^^^^
  File "/usr/lib/python3.12/ast.py", line 52, in parse
    return compile(source, filename, mode, flags,
           ^^^^^^^^^^^^^^^^^^^^^^^^^^^^^^^^^^^^^^
  File "<unknown>", line 18
    		print("Dados invalidos") VAI 
    		                         ^^^
SyntaxError: invalid syntax
2025-08-18 19:31:12,406 cblogger [ERROR]: 		Error while extracting code complexity metrics: invalid syntax (<unknown>, line 3)
Traceback (most recent call last):
  File "/root/QuestionInsight/Etapa_1/codebench-mining-tool/util.py", line 551, in extract_complexity_metrics
    v = ComplexityVisitor.from_code(code)
        ^^^^^^^^^^^^^^^^^^^^^^^^^^^^^^^^^
  File "/root/QuestionInsight/.venv/lib/python3.12/site-packages/radon/visitors.py", line 133, in from_code
    return cls.from_ast(code2ast(code), **kwargs)
                        ^^^^^^^^^^^^^^
  File "/root/QuestionInsight/.venv/lib/python3.12/site-packages/radon/visitors.py", line 48, in code2ast
    return ast.parse(source)
           ^^^^^^^^^^^^^^^^^
  File "/usr/lib/python3.12/ast.py", line 52, in parse
    return compile(source, filename, mode, flags,
           ^^^^^^^^^^^^^^^^^^^^^^^^^^^^^^^^^^^^^^
  File "<unknown>", line 3
    while
         ^
SyntaxError: invalid syntax
2025-08-18 19:31:12,407 cblogger [ERROR]: 		Error while extracting halsted code metrics: invalid syntax (<unknown>, line 3)
Traceback (most recent call last):
  File "/root/QuestionInsight/Etapa_1/codebench-mining-tool/util.py", line 569, in extract_halstead_metrics
    h = h_visit(code)
        ^^^^^^^^^^^^^
  File "/root/QuestionInsight/.venv/lib/python3.12/site-packages/radon/metrics.py", line 29, in h_visit
    return h_visit_ast(ast.parse(code))
                       ^^^^^^^^^^^^^^^
  File "/usr/lib/python3.12/ast.py", line 52, in parse
    return compile(source, filename, mode, flags,
           ^^^^^^^^^^^^^^^^^^^^^^^^^^^^^^^^^^^^^^
  File "<unknown>", line 3
    while
         ^
SyntaxError: invalid syntax
2025-08-18 19:31:12,451 cblogger [ERROR]: 		Error while extracting code complexity metrics: cannot assign to function call here. Maybe you meant '==' instead of '='? (<unknown>, line 17)
Traceback (most recent call last):
  File "/root/QuestionInsight/Etapa_1/codebench-mining-tool/util.py", line 551, in extract_complexity_metrics
    v = ComplexityVisitor.from_code(code)
        ^^^^^^^^^^^^^^^^^^^^^^^^^^^^^^^^^
  File "/root/QuestionInsight/.venv/lib/python3.12/site-packages/radon/visitors.py", line 133, in from_code
    return cls.from_ast(code2ast(code), **kwargs)
                        ^^^^^^^^^^^^^^
  File "/root/QuestionInsight/.venv/lib/python3.12/site-packages/radon/visitors.py", line 48, in code2ast
    return ast.parse(source)
           ^^^^^^^^^^^^^^^^^
  File "/usr/lib/python3.12/ast.py", line 52, in parse
    return compile(source, filename, mode, flags,
           ^^^^^^^^^^^^^^^^^^^^^^^^^^^^^^^^^^^^^^
  File "<unknown>", line 17
    		a(cont1) = i
    		^^^^^^^^
SyntaxError: cannot assign to function call here. Maybe you meant '==' instead of '='?
2025-08-18 19:31:12,453 cblogger [ERROR]: 		Error while extracting halsted code metrics: cannot assign to function call here. Maybe you meant '==' instead of '='? (<unknown>, line 17)
Traceback (most recent call last):
  File "/root/QuestionInsight/Etapa_1/codebench-mining-tool/util.py", line 569, in extract_halstead_metrics
    h = h_visit(code)
        ^^^^^^^^^^^^^
  File "/root/QuestionInsight/.venv/lib/python3.12/site-packages/radon/metrics.py", line 29, in h_visit
    return h_visit_ast(ast.parse(code))
                       ^^^^^^^^^^^^^^^
  File "/usr/lib/python3.12/ast.py", line 52, in parse
    return compile(source, filename, mode, flags,
           ^^^^^^^^^^^^^^^^^^^^^^^^^^^^^^^^^^^^^^
  File "<unknown>", line 17
    		a(cont1) = i
    		^^^^^^^^
SyntaxError: cannot assign to function call here. Maybe you meant '==' instead of '='?
2025-08-18 19:31:12,616 cblogger [ERROR]: 		Error while extracting code complexity metrics: invalid syntax (<unknown>, line 10)
Traceback (most recent call last):
  File "/root/QuestionInsight/Etapa_1/codebench-mining-tool/util.py", line 551, in extract_complexity_metrics
    v = ComplexityVisitor.from_code(code)
        ^^^^^^^^^^^^^^^^^^^^^^^^^^^^^^^^^
  File "/root/QuestionInsight/.venv/lib/python3.12/site-packages/radon/visitors.py", line 133, in from_code
    return cls.from_ast(code2ast(code), **kwargs)
                        ^^^^^^^^^^^^^^
  File "/root/QuestionInsight/.venv/lib/python3.12/site-packages/radon/visitors.py", line 48, in code2ast
    return ast.parse(source)
           ^^^^^^^^^^^^^^^^^
  File "/usr/lib/python3.12/ast.py", line 52, in parse
    return compile(source, filename, mode, flags,
           ^^^^^^^^^^^^^^^^^^^^^^^^^^^^^^^^^^^^^^
  File "<unknown>", line 10
    	aluno + crescimento e
    	                    ^
SyntaxError: invalid syntax
2025-08-18 19:31:12,617 cblogger [ERROR]: 		Error while extracting halsted code metrics: invalid syntax (<unknown>, line 10)
Traceback (most recent call last):
  File "/root/QuestionInsight/Etapa_1/codebench-mining-tool/util.py", line 569, in extract_halstead_metrics
    h = h_visit(code)
        ^^^^^^^^^^^^^
  File "/root/QuestionInsight/.venv/lib/python3.12/site-packages/radon/metrics.py", line 29, in h_visit
    return h_visit_ast(ast.parse(code))
                       ^^^^^^^^^^^^^^^
  File "/usr/lib/python3.12/ast.py", line 52, in parse
    return compile(source, filename, mode, flags,
           ^^^^^^^^^^^^^^^^^^^^^^^^^^^^^^^^^^^^^^
  File "<unknown>", line 10
    	aluno + crescimento e
    	                    ^
SyntaxError: invalid syntax
2025-08-18 19:31:12,723 cblogger [ERROR]: 		Error while extracting code complexity metrics: expected an indented block after function definition on line 1 (<unknown>, line 2)
Traceback (most recent call last):
  File "/root/QuestionInsight/Etapa_1/codebench-mining-tool/util.py", line 551, in extract_complexity_metrics
    v = ComplexityVisitor.from_code(code)
        ^^^^^^^^^^^^^^^^^^^^^^^^^^^^^^^^^
  File "/root/QuestionInsight/.venv/lib/python3.12/site-packages/radon/visitors.py", line 133, in from_code
    return cls.from_ast(code2ast(code), **kwargs)
                        ^^^^^^^^^^^^^^
  File "/root/QuestionInsight/.venv/lib/python3.12/site-packages/radon/visitors.py", line 48, in code2ast
    return ast.parse(source)
           ^^^^^^^^^^^^^^^^^
  File "/usr/lib/python3.12/ast.py", line 52, in parse
    return compile(source, filename, mode, flags,
           ^^^^^^^^^^^^^^^^^^^^^^^^^^^^^^^^^^^^^^
  File "<unknown>", line 2
    soma=0
    ^^^^
IndentationError: expected an indented block after function definition on line 1
2025-08-18 19:31:12,724 cblogger [ERROR]: 		Error while extracting halsted code metrics: expected an indented block after function definition on line 1 (<unknown>, line 2)
Traceback (most recent call last):
  File "/root/QuestionInsight/Etapa_1/codebench-mining-tool/util.py", line 569, in extract_halstead_metrics
    h = h_visit(code)
        ^^^^^^^^^^^^^
  File "/root/QuestionInsight/.venv/lib/python3.12/site-packages/radon/metrics.py", line 29, in h_visit
    return h_visit_ast(ast.parse(code))
                       ^^^^^^^^^^^^^^^
  File "/usr/lib/python3.12/ast.py", line 52, in parse
    return compile(source, filename, mode, flags,
           ^^^^^^^^^^^^^^^^^^^^^^^^^^^^^^^^^^^^^^
  File "<unknown>", line 2
    soma=0
    ^^^^
IndentationError: expected an indented block after function definition on line 1
2025-08-18 19:31:12,737 cblogger [ERROR]: 		Error while extracting code complexity metrics: expected ':' (<unknown>, line 5)
Traceback (most recent call last):
  File "/root/QuestionInsight/Etapa_1/codebench-mining-tool/util.py", line 551, in extract_complexity_metrics
    v = ComplexityVisitor.from_code(code)
        ^^^^^^^^^^^^^^^^^^^^^^^^^^^^^^^^^
  File "/root/QuestionInsight/.venv/lib/python3.12/site-packages/radon/visitors.py", line 133, in from_code
    return cls.from_ast(code2ast(code), **kwargs)
                        ^^^^^^^^^^^^^^
  File "/root/QuestionInsight/.venv/lib/python3.12/site-packages/radon/visitors.py", line 48, in code2ast
    return ast.parse(source)
           ^^^^^^^^^^^^^^^^^
  File "/usr/lib/python3.12/ast.py", line 52, in parse
    return compile(source, filename, mode, flags,
           ^^^^^^^^^^^^^^^^^^^^^^^^^^^^^^^^^^^^^^
  File "<unknown>", line 5
    elif (1 and -1< x < 0) or  (0< x< 1)
                                        ^
SyntaxError: expected ':'
2025-08-18 19:31:12,738 cblogger [ERROR]: 		Error while extracting halsted code metrics: expected ':' (<unknown>, line 5)
Traceback (most recent call last):
  File "/root/QuestionInsight/Etapa_1/codebench-mining-tool/util.py", line 569, in extract_halstead_metrics
    h = h_visit(code)
        ^^^^^^^^^^^^^
  File "/root/QuestionInsight/.venv/lib/python3.12/site-packages/radon/metrics.py", line 29, in h_visit
    return h_visit_ast(ast.parse(code))
                       ^^^^^^^^^^^^^^^
  File "/usr/lib/python3.12/ast.py", line 52, in parse
    return compile(source, filename, mode, flags,
           ^^^^^^^^^^^^^^^^^^^^^^^^^^^^^^^^^^^^^^
  File "<unknown>", line 5
    elif (1 and -1< x < 0) or  (0< x< 1)
                                        ^
SyntaxError: expected ':'
2025-08-18 19:31:12,740 cblogger [ERROR]: 		Error while extracting code complexity metrics: expected ':' (<unknown>, line 5)
Traceback (most recent call last):
  File "/root/QuestionInsight/Etapa_1/codebench-mining-tool/util.py", line 551, in extract_complexity_metrics
    v = ComplexityVisitor.from_code(code)
        ^^^^^^^^^^^^^^^^^^^^^^^^^^^^^^^^^
  File "/root/QuestionInsight/.venv/lib/python3.12/site-packages/radon/visitors.py", line 133, in from_code
    return cls.from_ast(code2ast(code), **kwargs)
                        ^^^^^^^^^^^^^^
  File "/root/QuestionInsight/.venv/lib/python3.12/site-packages/radon/visitors.py", line 48, in code2ast
    return ast.parse(source)
           ^^^^^^^^^^^^^^^^^
  File "/usr/lib/python3.12/ast.py", line 52, in parse
    return compile(source, filename, mode, flags,
           ^^^^^^^^^^^^^^^^^^^^^^^^^^^^^^^^^^^^^^
  File "<unknown>", line 5
    if ftd == 0
               ^
SyntaxError: expected ':'
2025-08-18 19:31:12,750 cblogger [ERROR]: 		Error while extracting halsted code metrics: expected ':' (<unknown>, line 5)
Traceback (most recent call last):
  File "/root/QuestionInsight/Etapa_1/codebench-mining-tool/util.py", line 569, in extract_halstead_metrics
    h = h_visit(code)
        ^^^^^^^^^^^^^
  File "/root/QuestionInsight/.venv/lib/python3.12/site-packages/radon/metrics.py", line 29, in h_visit
    return h_visit_ast(ast.parse(code))
                       ^^^^^^^^^^^^^^^
  File "/usr/lib/python3.12/ast.py", line 52, in parse
    return compile(source, filename, mode, flags,
           ^^^^^^^^^^^^^^^^^^^^^^^^^^^^^^^^^^^^^^
  File "<unknown>", line 5
    if ftd == 0
               ^
SyntaxError: expected ':'
2025-08-18 19:31:12,782 cblogger [ERROR]: 		Error while extracting code complexity metrics: expected ':' (<unknown>, line 4)
Traceback (most recent call last):
  File "/root/QuestionInsight/Etapa_1/codebench-mining-tool/util.py", line 551, in extract_complexity_metrics
    v = ComplexityVisitor.from_code(code)
        ^^^^^^^^^^^^^^^^^^^^^^^^^^^^^^^^^
  File "/root/QuestionInsight/.venv/lib/python3.12/site-packages/radon/visitors.py", line 133, in from_code
    return cls.from_ast(code2ast(code), **kwargs)
                        ^^^^^^^^^^^^^^
  File "/root/QuestionInsight/.venv/lib/python3.12/site-packages/radon/visitors.py", line 48, in code2ast
    return ast.parse(source)
           ^^^^^^^^^^^^^^^^^
  File "/usr/lib/python3.12/ast.py", line 52, in parse
    return compile(source, filename, mode, flags,
           ^^^^^^^^^^^^^^^^^^^^^^^^^^^^^^^^^^^^^^
  File "<unknown>", line 4
    if vl 
          ^
SyntaxError: expected ':'
2025-08-18 19:31:12,783 cblogger [ERROR]: 		Error while extracting halsted code metrics: expected ':' (<unknown>, line 4)
Traceback (most recent call last):
  File "/root/QuestionInsight/Etapa_1/codebench-mining-tool/util.py", line 569, in extract_halstead_metrics
    h = h_visit(code)
        ^^^^^^^^^^^^^
  File "/root/QuestionInsight/.venv/lib/python3.12/site-packages/radon/metrics.py", line 29, in h_visit
    return h_visit_ast(ast.parse(code))
                       ^^^^^^^^^^^^^^^
  File "/usr/lib/python3.12/ast.py", line 52, in parse
    return compile(source, filename, mode, flags,
           ^^^^^^^^^^^^^^^^^^^^^^^^^^^^^^^^^^^^^^
  File "<unknown>", line 4
    if vl 
          ^
SyntaxError: expected ':'
2025-08-18 19:31:12,813 cblogger [ERROR]: 		Error while extracting code complexity metrics: unexpected indent (<unknown>, line 4)
Traceback (most recent call last):
  File "/root/QuestionInsight/Etapa_1/codebench-mining-tool/util.py", line 551, in extract_complexity_metrics
    v = ComplexityVisitor.from_code(code)
        ^^^^^^^^^^^^^^^^^^^^^^^^^^^^^^^^^
  File "/root/QuestionInsight/.venv/lib/python3.12/site-packages/radon/visitors.py", line 133, in from_code
    return cls.from_ast(code2ast(code), **kwargs)
                        ^^^^^^^^^^^^^^
  File "/root/QuestionInsight/.venv/lib/python3.12/site-packages/radon/visitors.py", line 48, in code2ast
    return ast.parse(source)
           ^^^^^^^^^^^^^^^^^
  File "/usr/lib/python3.12/ast.py", line 52, in parse
    return compile(source, filename, mode, flags,
           ^^^^^^^^^^^^^^^^^^^^^^^^^^^^^^^^^^^^^^
  File "<unknown>", line 4
    return posicao
IndentationError: unexpected indent
2025-08-18 19:31:12,814 cblogger [ERROR]: 		Error while extracting halsted code metrics: unexpected indent (<unknown>, line 4)
Traceback (most recent call last):
  File "/root/QuestionInsight/Etapa_1/codebench-mining-tool/util.py", line 569, in extract_halstead_metrics
    h = h_visit(code)
        ^^^^^^^^^^^^^
  File "/root/QuestionInsight/.venv/lib/python3.12/site-packages/radon/metrics.py", line 29, in h_visit
    return h_visit_ast(ast.parse(code))
                       ^^^^^^^^^^^^^^^
  File "/usr/lib/python3.12/ast.py", line 52, in parse
    return compile(source, filename, mode, flags,
           ^^^^^^^^^^^^^^^^^^^^^^^^^^^^^^^^^^^^^^
  File "<unknown>", line 4
    return posicao
IndentationError: unexpected indent
2025-08-18 19:31:12,815 cblogger [ERROR]: 		Error while extracting code complexity metrics: invalid syntax (<unknown>, line 1)
Traceback (most recent call last):
  File "/root/QuestionInsight/Etapa_1/codebench-mining-tool/util.py", line 551, in extract_complexity_metrics
    v = ComplexityVisitor.from_code(code)
        ^^^^^^^^^^^^^^^^^^^^^^^^^^^^^^^^^
  File "/root/QuestionInsight/.venv/lib/python3.12/site-packages/radon/visitors.py", line 133, in from_code
    return cls.from_ast(code2ast(code), **kwargs)
                        ^^^^^^^^^^^^^^
  File "/root/QuestionInsight/.venv/lib/python3.12/site-packages/radon/visitors.py", line 48, in code2ast
    return ast.parse(source)
           ^^^^^^^^^^^^^^^^^
  File "/usr/lib/python3.12/ast.py", line 52, in parse
    return compile(source, filename, mode, flags,
           ^^^^^^^^^^^^^^^^^^^^^^^^^^^^^^^^^^^^^^
  File "<unknown>", line 1
    comb = 
           ^
SyntaxError: invalid syntax
2025-08-18 19:31:12,822 cblogger [ERROR]: 		Error while extracting halsted code metrics: invalid syntax (<unknown>, line 1)
Traceback (most recent call last):
  File "/root/QuestionInsight/Etapa_1/codebench-mining-tool/util.py", line 569, in extract_halstead_metrics
    h = h_visit(code)
        ^^^^^^^^^^^^^
  File "/root/QuestionInsight/.venv/lib/python3.12/site-packages/radon/metrics.py", line 29, in h_visit
    return h_visit_ast(ast.parse(code))
                       ^^^^^^^^^^^^^^^
  File "/usr/lib/python3.12/ast.py", line 52, in parse
    return compile(source, filename, mode, flags,
           ^^^^^^^^^^^^^^^^^^^^^^^^^^^^^^^^^^^^^^
  File "<unknown>", line 1
    comb = 
           ^
SyntaxError: invalid syntax
2025-08-18 19:31:12,864 cblogger [ERROR]: 		Error while extracting code complexity metrics: invalid character '²' (U+00B2) (<unknown>, line 1)
Traceback (most recent call last):
  File "/root/QuestionInsight/Etapa_1/codebench-mining-tool/util.py", line 551, in extract_complexity_metrics
    v = ComplexityVisitor.from_code(code)
        ^^^^^^^^^^^^^^^^^^^^^^^^^^^^^^^^^
  File "/root/QuestionInsight/.venv/lib/python3.12/site-packages/radon/visitors.py", line 133, in from_code
    return cls.from_ast(code2ast(code), **kwargs)
                        ^^^^^^^^^^^^^^
  File "/root/QuestionInsight/.venv/lib/python3.12/site-packages/radon/visitors.py", line 48, in code2ast
    return ast.parse(source)
           ^^^^^^^^^^^^^^^^^
  File "/usr/lib/python3.12/ast.py", line 52, in parse
    return compile(source, filename, mode, flags,
           ^^^^^^^^^^^^^^^^^^^^^^^^^^^^^^^^^^^^^^
  File "<unknown>", line 1
    on= a²
         ^
SyntaxError: invalid character '²' (U+00B2)
2025-08-18 19:31:12,865 cblogger [ERROR]: 		Error while extracting halsted code metrics: invalid character '²' (U+00B2) (<unknown>, line 1)
Traceback (most recent call last):
  File "/root/QuestionInsight/Etapa_1/codebench-mining-tool/util.py", line 569, in extract_halstead_metrics
    h = h_visit(code)
        ^^^^^^^^^^^^^
  File "/root/QuestionInsight/.venv/lib/python3.12/site-packages/radon/metrics.py", line 29, in h_visit
    return h_visit_ast(ast.parse(code))
                       ^^^^^^^^^^^^^^^
  File "/usr/lib/python3.12/ast.py", line 52, in parse
    return compile(source, filename, mode, flags,
           ^^^^^^^^^^^^^^^^^^^^^^^^^^^^^^^^^^^^^^
  File "<unknown>", line 1
    on= a²
         ^
SyntaxError: invalid character '²' (U+00B2)
2025-08-18 19:31:12,877 cblogger [ERROR]: 		Error while extracting code complexity metrics: expected ':' (<unknown>, line 11)
Traceback (most recent call last):
  File "/root/QuestionInsight/Etapa_1/codebench-mining-tool/util.py", line 551, in extract_complexity_metrics
    v = ComplexityVisitor.from_code(code)
        ^^^^^^^^^^^^^^^^^^^^^^^^^^^^^^^^^
  File "/root/QuestionInsight/.venv/lib/python3.12/site-packages/radon/visitors.py", line 133, in from_code
    return cls.from_ast(code2ast(code), **kwargs)
                        ^^^^^^^^^^^^^^
  File "/root/QuestionInsight/.venv/lib/python3.12/site-packages/radon/visitors.py", line 48, in code2ast
    return ast.parse(source)
           ^^^^^^^^^^^^^^^^^
  File "/usr/lib/python3.12/ast.py", line 52, in parse
    return compile(source, filename, mode, flags,
           ^^^^^^^^^^^^^^^^^^^^^^^^^^^^^^^^^^^^^^
  File "<unknown>", line 11
    		if produto == "D"
    		                 ^
SyntaxError: expected ':'
2025-08-18 19:31:12,878 cblogger [ERROR]: 		Error while extracting halsted code metrics: expected ':' (<unknown>, line 11)
Traceback (most recent call last):
  File "/root/QuestionInsight/Etapa_1/codebench-mining-tool/util.py", line 569, in extract_halstead_metrics
    h = h_visit(code)
        ^^^^^^^^^^^^^
  File "/root/QuestionInsight/.venv/lib/python3.12/site-packages/radon/metrics.py", line 29, in h_visit
    return h_visit_ast(ast.parse(code))
                       ^^^^^^^^^^^^^^^
  File "/usr/lib/python3.12/ast.py", line 52, in parse
    return compile(source, filename, mode, flags,
           ^^^^^^^^^^^^^^^^^^^^^^^^^^^^^^^^^^^^^^
  File "<unknown>", line 11
    		if produto == "D"
    		                 ^
SyntaxError: expected ':'
2025-08-18 19:31:12,879 cblogger [ERROR]: 		Error while extracting code complexity metrics: invalid syntax (<unknown>, line 1)
Traceback (most recent call last):
  File "/root/QuestionInsight/Etapa_1/codebench-mining-tool/util.py", line 551, in extract_complexity_metrics
    v = ComplexityVisitor.from_code(code)
        ^^^^^^^^^^^^^^^^^^^^^^^^^^^^^^^^^
  File "/root/QuestionInsight/.venv/lib/python3.12/site-packages/radon/visitors.py", line 133, in from_code
    return cls.from_ast(code2ast(code), **kwargs)
                        ^^^^^^^^^^^^^^
  File "/root/QuestionInsight/.venv/lib/python3.12/site-packages/radon/visitors.py", line 48, in code2ast
    return ast.parse(source)
           ^^^^^^^^^^^^^^^^^
  File "/usr/lib/python3.12/ast.py", line 52, in parse
    return compile(source, filename, mode, flags,
           ^^^^^^^^^^^^^^^^^^^^^^^^^^^^^^^^^^^^^^
  File "<unknown>", line 1
    from numpy import
                     ^
SyntaxError: invalid syntax
2025-08-18 19:31:12,880 cblogger [ERROR]: 		Error while extracting halsted code metrics: invalid syntax (<unknown>, line 1)
Traceback (most recent call last):
  File "/root/QuestionInsight/Etapa_1/codebench-mining-tool/util.py", line 569, in extract_halstead_metrics
    h = h_visit(code)
        ^^^^^^^^^^^^^
  File "/root/QuestionInsight/.venv/lib/python3.12/site-packages/radon/metrics.py", line 29, in h_visit
    return h_visit_ast(ast.parse(code))
                       ^^^^^^^^^^^^^^^
  File "/usr/lib/python3.12/ast.py", line 52, in parse
    return compile(source, filename, mode, flags,
           ^^^^^^^^^^^^^^^^^^^^^^^^^^^^^^^^^^^^^^
  File "<unknown>", line 1
    from numpy import
                     ^
SyntaxError: invalid syntax
2025-08-18 19:31:12,995 cblogger [ERROR]: 		Error while extracting code complexity metrics: expected an indented block after 'for' statement on line 3 (<unknown>, line 3)
Traceback (most recent call last):
  File "/root/QuestionInsight/Etapa_1/codebench-mining-tool/util.py", line 551, in extract_complexity_metrics
    v = ComplexityVisitor.from_code(code)
        ^^^^^^^^^^^^^^^^^^^^^^^^^^^^^^^^^
  File "/root/QuestionInsight/.venv/lib/python3.12/site-packages/radon/visitors.py", line 133, in from_code
    return cls.from_ast(code2ast(code), **kwargs)
                        ^^^^^^^^^^^^^^
  File "/root/QuestionInsight/.venv/lib/python3.12/site-packages/radon/visitors.py", line 48, in code2ast
    return ast.parse(source)
           ^^^^^^^^^^^^^^^^^
  File "/usr/lib/python3.12/ast.py", line 52, in parse
    return compile(source, filename, mode, flags,
           ^^^^^^^^^^^^^^^^^^^^^^^^^^^^^^^^^^^^^^
  File "<unknown>", line 3
    for i in range(size(x)):
                            ^
IndentationError: expected an indented block after 'for' statement on line 3
2025-08-18 19:31:12,996 cblogger [ERROR]: 		Error while extracting halsted code metrics: expected an indented block after 'for' statement on line 3 (<unknown>, line 3)
Traceback (most recent call last):
  File "/root/QuestionInsight/Etapa_1/codebench-mining-tool/util.py", line 569, in extract_halstead_metrics
    h = h_visit(code)
        ^^^^^^^^^^^^^
  File "/root/QuestionInsight/.venv/lib/python3.12/site-packages/radon/metrics.py", line 29, in h_visit
    return h_visit_ast(ast.parse(code))
                       ^^^^^^^^^^^^^^^
  File "/usr/lib/python3.12/ast.py", line 52, in parse
    return compile(source, filename, mode, flags,
           ^^^^^^^^^^^^^^^^^^^^^^^^^^^^^^^^^^^^^^
  File "<unknown>", line 3
    for i in range(size(x)):
                            ^
IndentationError: expected an indented block after 'for' statement on line 3
2025-08-18 19:31:14,071 cblogger [ERROR]: 		Error while extracting code complexity metrics: invalid syntax (<unknown>, line 6)
Traceback (most recent call last):
  File "/root/QuestionInsight/Etapa_1/codebench-mining-tool/util.py", line 551, in extract_complexity_metrics
    v = ComplexityVisitor.from_code(code)
        ^^^^^^^^^^^^^^^^^^^^^^^^^^^^^^^^^
  File "/root/QuestionInsight/.venv/lib/python3.12/site-packages/radon/visitors.py", line 133, in from_code
    return cls.from_ast(code2ast(code), **kwargs)
                        ^^^^^^^^^^^^^^
  File "/root/QuestionInsight/.venv/lib/python3.12/site-packages/radon/visitors.py", line 48, in code2ast
    return ast.parse(source)
           ^^^^^^^^^^^^^^^^^
  File "/usr/lib/python3.12/ast.py", line 52, in parse
    return compile(source, filename, mode, flags,
           ^^^^^^^^^^^^^^^^^^^^^^^^^^^^^^^^^^^^^^
  File "<unknown>", line 6
    	if 
    	   ^
SyntaxError: invalid syntax
2025-08-18 19:31:14,082 cblogger [ERROR]: 		Error while extracting halsted code metrics: invalid syntax (<unknown>, line 6)
Traceback (most recent call last):
  File "/root/QuestionInsight/Etapa_1/codebench-mining-tool/util.py", line 569, in extract_halstead_metrics
    h = h_visit(code)
        ^^^^^^^^^^^^^
  File "/root/QuestionInsight/.venv/lib/python3.12/site-packages/radon/metrics.py", line 29, in h_visit
    return h_visit_ast(ast.parse(code))
                       ^^^^^^^^^^^^^^^
  File "/usr/lib/python3.12/ast.py", line 52, in parse
    return compile(source, filename, mode, flags,
           ^^^^^^^^^^^^^^^^^^^^^^^^^^^^^^^^^^^^^^
  File "<unknown>", line 6
    	if 
    	   ^
SyntaxError: invalid syntax
2025-08-18 19:31:14,143 cblogger [ERROR]: 		Error while extracting code complexity metrics: expected an indented block after 'if' statement on line 6 (<unknown>, line 7)
Traceback (most recent call last):
  File "/root/QuestionInsight/Etapa_1/codebench-mining-tool/util.py", line 551, in extract_complexity_metrics
    v = ComplexityVisitor.from_code(code)
        ^^^^^^^^^^^^^^^^^^^^^^^^^^^^^^^^^
  File "/root/QuestionInsight/.venv/lib/python3.12/site-packages/radon/visitors.py", line 133, in from_code
    return cls.from_ast(code2ast(code), **kwargs)
                        ^^^^^^^^^^^^^^
  File "/root/QuestionInsight/.venv/lib/python3.12/site-packages/radon/visitors.py", line 48, in code2ast
    return ast.parse(source)
           ^^^^^^^^^^^^^^^^^
  File "/usr/lib/python3.12/ast.py", line 52, in parse
    return compile(source, filename, mode, flags,
           ^^^^^^^^^^^^^^^^^^^^^^^^^^^^^^^^^^^^^^
  File "<unknown>", line 7
    print("Nao e triangulo")
    ^^^^^
IndentationError: expected an indented block after 'if' statement on line 6
2025-08-18 19:31:14,156 cblogger [ERROR]: 		Error while extracting halsted code metrics: expected an indented block after 'if' statement on line 6 (<unknown>, line 7)
Traceback (most recent call last):
  File "/root/QuestionInsight/Etapa_1/codebench-mining-tool/util.py", line 569, in extract_halstead_metrics
    h = h_visit(code)
        ^^^^^^^^^^^^^
  File "/root/QuestionInsight/.venv/lib/python3.12/site-packages/radon/metrics.py", line 29, in h_visit
    return h_visit_ast(ast.parse(code))
                       ^^^^^^^^^^^^^^^
  File "/usr/lib/python3.12/ast.py", line 52, in parse
    return compile(source, filename, mode, flags,
           ^^^^^^^^^^^^^^^^^^^^^^^^^^^^^^^^^^^^^^
  File "<unknown>", line 7
    print("Nao e triangulo")
    ^^^^^
IndentationError: expected an indented block after 'if' statement on line 6
2025-08-18 19:31:14,566 cblogger [ERROR]: 		Error while extracting code complexity metrics: invalid syntax. Maybe you meant '==' or ':=' instead of '='? (<unknown>, line 4)
Traceback (most recent call last):
  File "/root/QuestionInsight/Etapa_1/codebench-mining-tool/util.py", line 551, in extract_complexity_metrics
    v = ComplexityVisitor.from_code(code)
        ^^^^^^^^^^^^^^^^^^^^^^^^^^^^^^^^^
  File "/root/QuestionInsight/.venv/lib/python3.12/site-packages/radon/visitors.py", line 133, in from_code
    return cls.from_ast(code2ast(code), **kwargs)
                        ^^^^^^^^^^^^^^
  File "/root/QuestionInsight/.venv/lib/python3.12/site-packages/radon/visitors.py", line 48, in code2ast
    return ast.parse(source)
           ^^^^^^^^^^^^^^^^^
  File "/usr/lib/python3.12/ast.py", line 52, in parse
    return compile(source, filename, mode, flags,
           ^^^^^^^^^^^^^^^^^^^^^^^^^^^^^^^^^^^^^^
  File "<unknown>", line 4
    if (unidade =C):
        ^^^^^^^^^^
SyntaxError: invalid syntax. Maybe you meant '==' or ':=' instead of '='?
2025-08-18 19:31:14,566 cblogger [ERROR]: 		Error while extracting halsted code metrics: invalid syntax. Maybe you meant '==' or ':=' instead of '='? (<unknown>, line 4)
Traceback (most recent call last):
  File "/root/QuestionInsight/Etapa_1/codebench-mining-tool/util.py", line 569, in extract_halstead_metrics
    h = h_visit(code)
        ^^^^^^^^^^^^^
  File "/root/QuestionInsight/.venv/lib/python3.12/site-packages/radon/metrics.py", line 29, in h_visit
    return h_visit_ast(ast.parse(code))
                       ^^^^^^^^^^^^^^^
  File "/usr/lib/python3.12/ast.py", line 52, in parse
    return compile(source, filename, mode, flags,
           ^^^^^^^^^^^^^^^^^^^^^^^^^^^^^^^^^^^^^^
  File "<unknown>", line 4
    if (unidade =C):
        ^^^^^^^^^^
SyntaxError: invalid syntax. Maybe you meant '==' or ':=' instead of '='?
2025-08-18 19:31:14,720 cblogger [ERROR]: 		Error while extracting code complexity metrics: invalid syntax. Maybe you meant '==' or ':=' instead of '='? (<unknown>, line 3)
Traceback (most recent call last):
  File "/root/QuestionInsight/Etapa_1/codebench-mining-tool/util.py", line 551, in extract_complexity_metrics
    v = ComplexityVisitor.from_code(code)
        ^^^^^^^^^^^^^^^^^^^^^^^^^^^^^^^^^
  File "/root/QuestionInsight/.venv/lib/python3.12/site-packages/radon/visitors.py", line 133, in from_code
    return cls.from_ast(code2ast(code), **kwargs)
                        ^^^^^^^^^^^^^^
  File "/root/QuestionInsight/.venv/lib/python3.12/site-packages/radon/visitors.py", line 48, in code2ast
    return ast.parse(source)
           ^^^^^^^^^^^^^^^^^
  File "/usr/lib/python3.12/ast.py", line 52, in parse
    return compile(source, filename, mode, flags,
           ^^^^^^^^^^^^^^^^^^^^^^^^^^^^^^^^^^^^^^
  File "<unknown>", line 3
    if ((x = -100) and (x < 0):
         ^^^^^^^^
SyntaxError: invalid syntax. Maybe you meant '==' or ':=' instead of '='?
2025-08-18 19:31:14,721 cblogger [ERROR]: 		Error while extracting code size based metrics: SyntaxError at line: 3
Traceback (most recent call last):
  File "/root/QuestionInsight/.venv/lib/python3.12/site-packages/radon/raw.py", line 210, in analyze
    tokens, parsed_lines = _get_all_tokens(line, lines)
                           ^^^^^^^^^^^^^^^^^^^^^^^^^^^^
  File "/root/QuestionInsight/.venv/lib/python3.12/site-packages/radon/raw.py", line 117, in _get_all_tokens
    next_line = next(lines)
                ^^^^^^^^^^^
StopIteration

During handling of the above exception, another exception occurred:

Traceback (most recent call last):
  File "/root/QuestionInsight/Etapa_1/codebench-mining-tool/util.py", line 560, in extract_size_metrics
    a = analyze(code)
        ^^^^^^^^^^^^^
  File "/root/QuestionInsight/.venv/lib/python3.12/site-packages/radon/raw.py", line 212, in analyze
    raise SyntaxError('SyntaxError at line: {0}'.format(lineno))
SyntaxError: SyntaxError at line: 3
2025-08-18 19:31:14,721 cblogger [ERROR]: 		Error while extracting halsted code metrics: invalid syntax. Maybe you meant '==' or ':=' instead of '='? (<unknown>, line 3)
Traceback (most recent call last):
  File "/root/QuestionInsight/Etapa_1/codebench-mining-tool/util.py", line 569, in extract_halstead_metrics
    h = h_visit(code)
        ^^^^^^^^^^^^^
  File "/root/QuestionInsight/.venv/lib/python3.12/site-packages/radon/metrics.py", line 29, in h_visit
    return h_visit_ast(ast.parse(code))
                       ^^^^^^^^^^^^^^^
  File "/usr/lib/python3.12/ast.py", line 52, in parse
    return compile(source, filename, mode, flags,
           ^^^^^^^^^^^^^^^^^^^^^^^^^^^^^^^^^^^^^^
  File "<unknown>", line 3
    if ((x = -100) and (x < 0):
         ^^^^^^^^
SyntaxError: invalid syntax. Maybe you meant '==' or ':=' instead of '='?
2025-08-18 19:31:14,806 cblogger [ERROR]: 		Error while extracting code complexity metrics: invalid syntax. Perhaps you forgot a comma? (<unknown>, line 6)
Traceback (most recent call last):
  File "/root/QuestionInsight/Etapa_1/codebench-mining-tool/util.py", line 551, in extract_complexity_metrics
    v = ComplexityVisitor.from_code(code)
        ^^^^^^^^^^^^^^^^^^^^^^^^^^^^^^^^^
  File "/root/QuestionInsight/.venv/lib/python3.12/site-packages/radon/visitors.py", line 133, in from_code
    return cls.from_ast(code2ast(code), **kwargs)
                        ^^^^^^^^^^^^^^
  File "/root/QuestionInsight/.venv/lib/python3.12/site-packages/radon/visitors.py", line 48, in code2ast
    return ast.parse(source)
           ^^^^^^^^^^^^^^^^^
  File "/usr/lib/python3.12/ast.py", line 52, in parse
    return compile(source, filename, mode, flags,
           ^^^^^^^^^^^^^^^^^^^^^^^^^^^^^^^^^^^^^^
  File "<unknown>", line 6
    	print(horas extras e faltas de falta)
    	      ^^^^^^^^^^^^
SyntaxError: invalid syntax. Perhaps you forgot a comma?
2025-08-18 19:31:14,807 cblogger [ERROR]: 		Error while extracting halsted code metrics: invalid syntax. Perhaps you forgot a comma? (<unknown>, line 6)
Traceback (most recent call last):
  File "/root/QuestionInsight/Etapa_1/codebench-mining-tool/util.py", line 569, in extract_halstead_metrics
    h = h_visit(code)
        ^^^^^^^^^^^^^
  File "/root/QuestionInsight/.venv/lib/python3.12/site-packages/radon/metrics.py", line 29, in h_visit
    return h_visit_ast(ast.parse(code))
                       ^^^^^^^^^^^^^^^
  File "/usr/lib/python3.12/ast.py", line 52, in parse
    return compile(source, filename, mode, flags,
           ^^^^^^^^^^^^^^^^^^^^^^^^^^^^^^^^^^^^^^
  File "<unknown>", line 6
    	print(horas extras e faltas de falta)
    	      ^^^^^^^^^^^^
SyntaxError: invalid syntax. Perhaps you forgot a comma?
2025-08-18 19:31:15,121 cblogger [ERROR]: 		Error while extracting code complexity metrics: expected an indented block after 'if' statement on line 7 (<unknown>, line 9)
Traceback (most recent call last):
  File "/root/QuestionInsight/Etapa_1/codebench-mining-tool/util.py", line 551, in extract_complexity_metrics
    v = ComplexityVisitor.from_code(code)
        ^^^^^^^^^^^^^^^^^^^^^^^^^^^^^^^^^
  File "/root/QuestionInsight/.venv/lib/python3.12/site-packages/radon/visitors.py", line 133, in from_code
    return cls.from_ast(code2ast(code), **kwargs)
                        ^^^^^^^^^^^^^^
  File "/root/QuestionInsight/.venv/lib/python3.12/site-packages/radon/visitors.py", line 48, in code2ast
    return ast.parse(source)
           ^^^^^^^^^^^^^^^^^
  File "/usr/lib/python3.12/ast.py", line 52, in parse
    return compile(source, filename, mode, flags,
           ^^^^^^^^^^^^^^^^^^^^^^^^^^^^^^^^^^^^^^
  File "<unknown>", line 9
    	x=x+1
    	^
IndentationError: expected an indented block after 'if' statement on line 7
2025-08-18 19:31:15,122 cblogger [ERROR]: 		Error while extracting halsted code metrics: expected an indented block after 'if' statement on line 7 (<unknown>, line 9)
Traceback (most recent call last):
  File "/root/QuestionInsight/Etapa_1/codebench-mining-tool/util.py", line 569, in extract_halstead_metrics
    h = h_visit(code)
        ^^^^^^^^^^^^^
  File "/root/QuestionInsight/.venv/lib/python3.12/site-packages/radon/metrics.py", line 29, in h_visit
    return h_visit_ast(ast.parse(code))
                       ^^^^^^^^^^^^^^^
  File "/usr/lib/python3.12/ast.py", line 52, in parse
    return compile(source, filename, mode, flags,
           ^^^^^^^^^^^^^^^^^^^^^^^^^^^^^^^^^^^^^^
  File "<unknown>", line 9
    	x=x+1
    	^
IndentationError: expected an indented block after 'if' statement on line 7
2025-08-18 19:31:15,141 cblogger [ERROR]: 		Error while extracting code complexity metrics: invalid syntax (<unknown>, line 1)
Traceback (most recent call last):
  File "/root/QuestionInsight/Etapa_1/codebench-mining-tool/util.py", line 551, in extract_complexity_metrics
    v = ComplexityVisitor.from_code(code)
        ^^^^^^^^^^^^^^^^^^^^^^^^^^^^^^^^^
  File "/root/QuestionInsight/.venv/lib/python3.12/site-packages/radon/visitors.py", line 133, in from_code
    return cls.from_ast(code2ast(code), **kwargs)
                        ^^^^^^^^^^^^^^
  File "/root/QuestionInsight/.venv/lib/python3.12/site-packages/radon/visitors.py", line 48, in code2ast
    return ast.parse(source)
           ^^^^^^^^^^^^^^^^^
  File "/usr/lib/python3.12/ast.py", line 52, in parse
    return compile(source, filename, mode, flags,
           ^^^^^^^^^^^^^^^^^^^^^^^^^^^^^^^^^^^^^^
  File "<unknown>", line 1
    digito=int(input"numero ")
                    ^^^^^^^^^
SyntaxError: invalid syntax
2025-08-18 19:31:15,141 cblogger [ERROR]: 		Error while extracting halsted code metrics: invalid syntax (<unknown>, line 1)
Traceback (most recent call last):
  File "/root/QuestionInsight/Etapa_1/codebench-mining-tool/util.py", line 569, in extract_halstead_metrics
    h = h_visit(code)
        ^^^^^^^^^^^^^
  File "/root/QuestionInsight/.venv/lib/python3.12/site-packages/radon/metrics.py", line 29, in h_visit
    return h_visit_ast(ast.parse(code))
                       ^^^^^^^^^^^^^^^
  File "/usr/lib/python3.12/ast.py", line 52, in parse
    return compile(source, filename, mode, flags,
           ^^^^^^^^^^^^^^^^^^^^^^^^^^^^^^^^^^^^^^
  File "<unknown>", line 1
    digito=int(input"numero ")
                    ^^^^^^^^^
SyntaxError: invalid syntax
2025-08-18 19:31:15,187 cblogger [ERROR]: 		Error while extracting code complexity metrics: invalid syntax (<unknown>, line 6)
Traceback (most recent call last):
  File "/root/QuestionInsight/Etapa_1/codebench-mining-tool/util.py", line 551, in extract_complexity_metrics
    v = ComplexityVisitor.from_code(code)
        ^^^^^^^^^^^^^^^^^^^^^^^^^^^^^^^^^
  File "/root/QuestionInsight/.venv/lib/python3.12/site-packages/radon/visitors.py", line 133, in from_code
    return cls.from_ast(code2ast(code), **kwargs)
                        ^^^^^^^^^^^^^^
  File "/root/QuestionInsight/.venv/lib/python3.12/site-packages/radon/visitors.py", line 48, in code2ast
    return ast.parse(source)
           ^^^^^^^^^^^^^^^^^
  File "/usr/lib/python3.12/ast.py", line 52, in parse
    return compile(source, filename, mode, flags,
           ^^^^^^^^^^^^^^^^^^^^^^^^^^^^^^^^^^^^^^
  File "<unknown>", line 6
    if cidade== Belém and
                         ^
SyntaxError: invalid syntax
2025-08-18 19:31:15,188 cblogger [ERROR]: 		Error while extracting halsted code metrics: invalid syntax (<unknown>, line 6)
Traceback (most recent call last):
  File "/root/QuestionInsight/Etapa_1/codebench-mining-tool/util.py", line 569, in extract_halstead_metrics
    h = h_visit(code)
        ^^^^^^^^^^^^^
  File "/root/QuestionInsight/.venv/lib/python3.12/site-packages/radon/metrics.py", line 29, in h_visit
    return h_visit_ast(ast.parse(code))
                       ^^^^^^^^^^^^^^^
  File "/usr/lib/python3.12/ast.py", line 52, in parse
    return compile(source, filename, mode, flags,
           ^^^^^^^^^^^^^^^^^^^^^^^^^^^^^^^^^^^^^^
  File "<unknown>", line 6
    if cidade== Belém and
                         ^
SyntaxError: invalid syntax
2025-08-18 19:31:15,908 cblogger [ERROR]: 		Error while extracting code complexity metrics: invalid syntax (<unknown>, line 6)
Traceback (most recent call last):
  File "/root/QuestionInsight/Etapa_1/codebench-mining-tool/util.py", line 551, in extract_complexity_metrics
    v = ComplexityVisitor.from_code(code)
        ^^^^^^^^^^^^^^^^^^^^^^^^^^^^^^^^^
  File "/root/QuestionInsight/.venv/lib/python3.12/site-packages/radon/visitors.py", line 133, in from_code
    return cls.from_ast(code2ast(code), **kwargs)
                        ^^^^^^^^^^^^^^
  File "/root/QuestionInsight/.venv/lib/python3.12/site-packages/radon/visitors.py", line 48, in code2ast
    return ast.parse(source)
           ^^^^^^^^^^^^^^^^^
  File "/usr/lib/python3.12/ast.py", line 52, in parse
    return compile(source, filename, mode, flags,
           ^^^^^^^^^^^^^^^^^^^^^^^^^^^^^^^^^^^^^^
  File "<unknown>", line 6
    for 
        ^
SyntaxError: invalid syntax
2025-08-18 19:31:15,909 cblogger [ERROR]: 		Error while extracting halsted code metrics: invalid syntax (<unknown>, line 6)
Traceback (most recent call last):
  File "/root/QuestionInsight/Etapa_1/codebench-mining-tool/util.py", line 569, in extract_halstead_metrics
    h = h_visit(code)
        ^^^^^^^^^^^^^
  File "/root/QuestionInsight/.venv/lib/python3.12/site-packages/radon/metrics.py", line 29, in h_visit
    return h_visit_ast(ast.parse(code))
                       ^^^^^^^^^^^^^^^
  File "/usr/lib/python3.12/ast.py", line 52, in parse
    return compile(source, filename, mode, flags,
           ^^^^^^^^^^^^^^^^^^^^^^^^^^^^^^^^^^^^^^
  File "<unknown>", line 6
    for 
        ^
SyntaxError: invalid syntax
2025-08-18 19:31:16,503 cblogger [ERROR]: 		Error while extracting code complexity metrics: invalid syntax (<unknown>, line 3)
Traceback (most recent call last):
  File "/root/QuestionInsight/Etapa_1/codebench-mining-tool/util.py", line 551, in extract_complexity_metrics
    v = ComplexityVisitor.from_code(code)
        ^^^^^^^^^^^^^^^^^^^^^^^^^^^^^^^^^
  File "/root/QuestionInsight/.venv/lib/python3.12/site-packages/radon/visitors.py", line 133, in from_code
    return cls.from_ast(code2ast(code), **kwargs)
                        ^^^^^^^^^^^^^^
  File "/root/QuestionInsight/.venv/lib/python3.12/site-packages/radon/visitors.py", line 48, in code2ast
    return ast.parse(source)
           ^^^^^^^^^^^^^^^^^
  File "/usr/lib/python3.12/ast.py", line 52, in parse
    return compile(source, filename, mode, flags,
           ^^^^^^^^^^^^^^^^^^^^^^^^^^^^^^^^^^^^^^
  File "<unknown>", line 3
    if (( s <= 1659.38) and )
                            ^
SyntaxError: invalid syntax
2025-08-18 19:31:16,503 cblogger [ERROR]: 		Error while extracting halsted code metrics: invalid syntax (<unknown>, line 3)
Traceback (most recent call last):
  File "/root/QuestionInsight/Etapa_1/codebench-mining-tool/util.py", line 569, in extract_halstead_metrics
    h = h_visit(code)
        ^^^^^^^^^^^^^
  File "/root/QuestionInsight/.venv/lib/python3.12/site-packages/radon/metrics.py", line 29, in h_visit
    return h_visit_ast(ast.parse(code))
                       ^^^^^^^^^^^^^^^
  File "/usr/lib/python3.12/ast.py", line 52, in parse
    return compile(source, filename, mode, flags,
           ^^^^^^^^^^^^^^^^^^^^^^^^^^^^^^^^^^^^^^
  File "<unknown>", line 3
    if (( s <= 1659.38) and )
                            ^
SyntaxError: invalid syntax
2025-08-18 19:31:16,512 cblogger [ERROR]: 		Error while extracting code complexity metrics: unexpected indent (<unknown>, line 10)
Traceback (most recent call last):
  File "/root/QuestionInsight/Etapa_1/codebench-mining-tool/util.py", line 551, in extract_complexity_metrics
    v = ComplexityVisitor.from_code(code)
        ^^^^^^^^^^^^^^^^^^^^^^^^^^^^^^^^^
  File "/root/QuestionInsight/.venv/lib/python3.12/site-packages/radon/visitors.py", line 133, in from_code
    return cls.from_ast(code2ast(code), **kwargs)
                        ^^^^^^^^^^^^^^
  File "/root/QuestionInsight/.venv/lib/python3.12/site-packages/radon/visitors.py", line 48, in code2ast
    return ast.parse(source)
           ^^^^^^^^^^^^^^^^^
  File "/usr/lib/python3.12/ast.py", line 52, in parse
    return compile(source, filename, mode, flags,
           ^^^^^^^^^^^^^^^^^^^^^^^^^^^^^^^^^^^^^^
  File "<unknown>", line 10
    		cont1 = cont1 + 1
    	^
IndentationError: unexpected indent
2025-08-18 19:31:16,514 cblogger [ERROR]: 		Error while extracting halsted code metrics: unexpected indent (<unknown>, line 10)
Traceback (most recent call last):
  File "/root/QuestionInsight/Etapa_1/codebench-mining-tool/util.py", line 569, in extract_halstead_metrics
    h = h_visit(code)
        ^^^^^^^^^^^^^
  File "/root/QuestionInsight/.venv/lib/python3.12/site-packages/radon/metrics.py", line 29, in h_visit
    return h_visit_ast(ast.parse(code))
                       ^^^^^^^^^^^^^^^
  File "/usr/lib/python3.12/ast.py", line 52, in parse
    return compile(source, filename, mode, flags,
           ^^^^^^^^^^^^^^^^^^^^^^^^^^^^^^^^^^^^^^
  File "<unknown>", line 10
    		cont1 = cont1 + 1
    	^
IndentationError: unexpected indent
2025-08-18 19:31:16,585 cblogger [ERROR]: 		Error while extracting code complexity metrics: expression cannot contain assignment, perhaps you meant "=="? (<unknown>, line 3)
Traceback (most recent call last):
  File "/root/QuestionInsight/Etapa_1/codebench-mining-tool/util.py", line 551, in extract_complexity_metrics
    v = ComplexityVisitor.from_code(code)
        ^^^^^^^^^^^^^^^^^^^^^^^^^^^^^^^^^
  File "/root/QuestionInsight/.venv/lib/python3.12/site-packages/radon/visitors.py", line 133, in from_code
    return cls.from_ast(code2ast(code), **kwargs)
                        ^^^^^^^^^^^^^^
  File "/root/QuestionInsight/.venv/lib/python3.12/site-packages/radon/visitors.py", line 48, in code2ast
    return ast.parse(source)
           ^^^^^^^^^^^^^^^^^
  File "/usr/lib/python3.12/ast.py", line 52, in parse
    return compile(source, filename, mode, flags,
           ^^^^^^^^^^^^^^^^^^^^^^^^^^^^^^^^^^^^^^
  File "<unknown>", line 3
    v = zeros(size(l). dtype=int)
              ^^^^^^^^^^^^^^^
SyntaxError: expression cannot contain assignment, perhaps you meant "=="?
2025-08-18 19:31:16,585 cblogger [ERROR]: 		Error while extracting halsted code metrics: expression cannot contain assignment, perhaps you meant "=="? (<unknown>, line 3)
Traceback (most recent call last):
  File "/root/QuestionInsight/Etapa_1/codebench-mining-tool/util.py", line 569, in extract_halstead_metrics
    h = h_visit(code)
        ^^^^^^^^^^^^^
  File "/root/QuestionInsight/.venv/lib/python3.12/site-packages/radon/metrics.py", line 29, in h_visit
    return h_visit_ast(ast.parse(code))
                       ^^^^^^^^^^^^^^^
  File "/usr/lib/python3.12/ast.py", line 52, in parse
    return compile(source, filename, mode, flags,
           ^^^^^^^^^^^^^^^^^^^^^^^^^^^^^^^^^^^^^^
  File "<unknown>", line 3
    v = zeros(size(l). dtype=int)
              ^^^^^^^^^^^^^^^
SyntaxError: expression cannot contain assignment, perhaps you meant "=="?
2025-08-18 19:31:16,871 cblogger [ERROR]: 		Error while extracting code complexity metrics: expected an indented block after 'if' statement on line 14 (<unknown>, line 15)
Traceback (most recent call last):
  File "/root/QuestionInsight/Etapa_1/codebench-mining-tool/util.py", line 551, in extract_complexity_metrics
    v = ComplexityVisitor.from_code(code)
        ^^^^^^^^^^^^^^^^^^^^^^^^^^^^^^^^^
  File "/root/QuestionInsight/.venv/lib/python3.12/site-packages/radon/visitors.py", line 133, in from_code
    return cls.from_ast(code2ast(code), **kwargs)
                        ^^^^^^^^^^^^^^
  File "/root/QuestionInsight/.venv/lib/python3.12/site-packages/radon/visitors.py", line 48, in code2ast
    return ast.parse(source)
           ^^^^^^^^^^^^^^^^^
  File "/usr/lib/python3.12/ast.py", line 52, in parse
    return compile(source, filename, mode, flags,
           ^^^^^^^^^^^^^^^^^^^^^^^^^^^^^^^^^^^^^^
  File "<unknown>", line 15
    	print("Nao ha intersecao")
    	^^^^^
IndentationError: expected an indented block after 'if' statement on line 14
2025-08-18 19:31:16,872 cblogger [ERROR]: 		Error while extracting halsted code metrics: expected an indented block after 'if' statement on line 14 (<unknown>, line 15)
Traceback (most recent call last):
  File "/root/QuestionInsight/Etapa_1/codebench-mining-tool/util.py", line 569, in extract_halstead_metrics
    h = h_visit(code)
        ^^^^^^^^^^^^^
  File "/root/QuestionInsight/.venv/lib/python3.12/site-packages/radon/metrics.py", line 29, in h_visit
    return h_visit_ast(ast.parse(code))
                       ^^^^^^^^^^^^^^^
  File "/usr/lib/python3.12/ast.py", line 52, in parse
    return compile(source, filename, mode, flags,
           ^^^^^^^^^^^^^^^^^^^^^^^^^^^^^^^^^^^^^^
  File "<unknown>", line 15
    	print("Nao ha intersecao")
    	^^^^^
IndentationError: expected an indented block after 'if' statement on line 14
2025-08-18 19:31:17,252 cblogger [ERROR]: 		Error while extracting code complexity metrics: unindent does not match any outer indentation level (<unknown>, line 21)
Traceback (most recent call last):
  File "/root/QuestionInsight/Etapa_1/codebench-mining-tool/util.py", line 551, in extract_complexity_metrics
    v = ComplexityVisitor.from_code(code)
        ^^^^^^^^^^^^^^^^^^^^^^^^^^^^^^^^^
  File "/root/QuestionInsight/.venv/lib/python3.12/site-packages/radon/visitors.py", line 133, in from_code
    return cls.from_ast(code2ast(code), **kwargs)
                        ^^^^^^^^^^^^^^
  File "/root/QuestionInsight/.venv/lib/python3.12/site-packages/radon/visitors.py", line 48, in code2ast
    return ast.parse(source)
           ^^^^^^^^^^^^^^^^^
  File "/usr/lib/python3.12/ast.py", line 52, in parse
    return compile(source, filename, mode, flags,
           ^^^^^^^^^^^^^^^^^^^^^^^^^^^^^^^^^^^^^^
  File "<unknown>", line 21
    	else:
    	     ^
IndentationError: unindent does not match any outer indentation level
2025-08-18 19:31:17,255 cblogger [ERROR]: 		Error while extracting halsted code metrics: unindent does not match any outer indentation level (<unknown>, line 21)
Traceback (most recent call last):
  File "/root/QuestionInsight/Etapa_1/codebench-mining-tool/util.py", line 569, in extract_halstead_metrics
    h = h_visit(code)
        ^^^^^^^^^^^^^
  File "/root/QuestionInsight/.venv/lib/python3.12/site-packages/radon/metrics.py", line 29, in h_visit
    return h_visit_ast(ast.parse(code))
                       ^^^^^^^^^^^^^^^
  File "/usr/lib/python3.12/ast.py", line 52, in parse
    return compile(source, filename, mode, flags,
           ^^^^^^^^^^^^^^^^^^^^^^^^^^^^^^^^^^^^^^
  File "<unknown>", line 21
    	else:
    	     ^
IndentationError: unindent does not match any outer indentation level
2025-08-18 19:31:17,813 cblogger [ERROR]: 		Error while extracting code complexity metrics: expected ':' (<unknown>, line 3)
Traceback (most recent call last):
  File "/root/QuestionInsight/Etapa_1/codebench-mining-tool/util.py", line 551, in extract_complexity_metrics
    v = ComplexityVisitor.from_code(code)
        ^^^^^^^^^^^^^^^^^^^^^^^^^^^^^^^^^
  File "/root/QuestionInsight/.venv/lib/python3.12/site-packages/radon/visitors.py", line 133, in from_code
    return cls.from_ast(code2ast(code), **kwargs)
                        ^^^^^^^^^^^^^^
  File "/root/QuestionInsight/.venv/lib/python3.12/site-packages/radon/visitors.py", line 48, in code2ast
    return ast.parse(source)
           ^^^^^^^^^^^^^^^^^
  File "/usr/lib/python3.12/ast.py", line 52, in parse
    return compile(source, filename, mode, flags,
           ^^^^^^^^^^^^^^^^^^^^^^^^^^^^^^^^^^^^^^
  File "<unknown>", line 3
    for i in range(size)
                        ^
SyntaxError: expected ':'
2025-08-18 19:31:17,814 cblogger [ERROR]: 		Error while extracting halsted code metrics: expected ':' (<unknown>, line 3)
Traceback (most recent call last):
  File "/root/QuestionInsight/Etapa_1/codebench-mining-tool/util.py", line 569, in extract_halstead_metrics
    h = h_visit(code)
        ^^^^^^^^^^^^^
  File "/root/QuestionInsight/.venv/lib/python3.12/site-packages/radon/metrics.py", line 29, in h_visit
    return h_visit_ast(ast.parse(code))
                       ^^^^^^^^^^^^^^^
  File "/usr/lib/python3.12/ast.py", line 52, in parse
    return compile(source, filename, mode, flags,
           ^^^^^^^^^^^^^^^^^^^^^^^^^^^^^^^^^^^^^^
  File "<unknown>", line 3
    for i in range(size)
                        ^
SyntaxError: expected ':'
2025-08-18 19:31:17,835 cblogger [ERROR]: 		Error while extracting code complexity metrics: expected an indented block after 'for' statement on line 7 (<unknown>, line 8)
Traceback (most recent call last):
  File "/root/QuestionInsight/Etapa_1/codebench-mining-tool/util.py", line 551, in extract_complexity_metrics
    v = ComplexityVisitor.from_code(code)
        ^^^^^^^^^^^^^^^^^^^^^^^^^^^^^^^^^
  File "/root/QuestionInsight/.venv/lib/python3.12/site-packages/radon/visitors.py", line 133, in from_code
    return cls.from_ast(code2ast(code), **kwargs)
                        ^^^^^^^^^^^^^^
  File "/root/QuestionInsight/.venv/lib/python3.12/site-packages/radon/visitors.py", line 48, in code2ast
    return ast.parse(source)
           ^^^^^^^^^^^^^^^^^
  File "/usr/lib/python3.12/ast.py", line 52, in parse
    return compile(source, filename, mode, flags,
           ^^^^^^^^^^^^^^^^^^^^^^^^^^^^^^^^^^^^^^
  File "<unknown>", line 8
    	
    	^
IndentationError: expected an indented block after 'for' statement on line 7
2025-08-18 19:31:17,836 cblogger [ERROR]: 		Error while extracting halsted code metrics: expected an indented block after 'for' statement on line 7 (<unknown>, line 8)
Traceback (most recent call last):
  File "/root/QuestionInsight/Etapa_1/codebench-mining-tool/util.py", line 569, in extract_halstead_metrics
    h = h_visit(code)
        ^^^^^^^^^^^^^
  File "/root/QuestionInsight/.venv/lib/python3.12/site-packages/radon/metrics.py", line 29, in h_visit
    return h_visit_ast(ast.parse(code))
                       ^^^^^^^^^^^^^^^
  File "/usr/lib/python3.12/ast.py", line 52, in parse
    return compile(source, filename, mode, flags,
           ^^^^^^^^^^^^^^^^^^^^^^^^^^^^^^^^^^^^^^
  File "<unknown>", line 8
    	
    	^
IndentationError: expected an indented block after 'for' statement on line 7
2025-08-18 19:31:17,860 cblogger [ERROR]: 		Error while extracting code complexity metrics: expression cannot contain assignment, perhaps you meant "=="? (<unknown>, line 4)
Traceback (most recent call last):
  File "/root/QuestionInsight/Etapa_1/codebench-mining-tool/util.py", line 551, in extract_complexity_metrics
    v = ComplexityVisitor.from_code(code)
        ^^^^^^^^^^^^^^^^^^^^^^^^^^^^^^^^^
  File "/root/QuestionInsight/.venv/lib/python3.12/site-packages/radon/visitors.py", line 133, in from_code
    return cls.from_ast(code2ast(code), **kwargs)
                        ^^^^^^^^^^^^^^
  File "/root/QuestionInsight/.venv/lib/python3.12/site-packages/radon/visitors.py", line 48, in code2ast
    return ast.parse(source)
           ^^^^^^^^^^^^^^^^^
  File "/usr/lib/python3.12/ast.py", line 52, in parse
    return compile(source, filename, mode, flags,
           ^^^^^^^^^^^^^^^^^^^^^^^^^^^^^^^^^^^^^^
  File "<unknown>", line 4
    for i in range(len[v].dtype=float)
                   ^^^^^^^^^^^^^
SyntaxError: expression cannot contain assignment, perhaps you meant "=="?
2025-08-18 19:31:17,862 cblogger [ERROR]: 		Error while extracting halsted code metrics: expression cannot contain assignment, perhaps you meant "=="? (<unknown>, line 4)
Traceback (most recent call last):
  File "/root/QuestionInsight/Etapa_1/codebench-mining-tool/util.py", line 569, in extract_halstead_metrics
    h = h_visit(code)
        ^^^^^^^^^^^^^
  File "/root/QuestionInsight/.venv/lib/python3.12/site-packages/radon/metrics.py", line 29, in h_visit
    return h_visit_ast(ast.parse(code))
                       ^^^^^^^^^^^^^^^
  File "/usr/lib/python3.12/ast.py", line 52, in parse
    return compile(source, filename, mode, flags,
           ^^^^^^^^^^^^^^^^^^^^^^^^^^^^^^^^^^^^^^
  File "<unknown>", line 4
    for i in range(len[v].dtype=float)
                   ^^^^^^^^^^^^^
SyntaxError: expression cannot contain assignment, perhaps you meant "=="?
2025-08-18 19:31:18,350 cblogger [ERROR]: 		Error while extracting code complexity metrics: invalid syntax (<unknown>, line 9)
Traceback (most recent call last):
  File "/root/QuestionInsight/Etapa_1/codebench-mining-tool/util.py", line 551, in extract_complexity_metrics
    v = ComplexityVisitor.from_code(code)
        ^^^^^^^^^^^^^^^^^^^^^^^^^^^^^^^^^
  File "/root/QuestionInsight/.venv/lib/python3.12/site-packages/radon/visitors.py", line 133, in from_code
    return cls.from_ast(code2ast(code), **kwargs)
                        ^^^^^^^^^^^^^^
  File "/root/QuestionInsight/.venv/lib/python3.12/site-packages/radon/visitors.py", line 48, in code2ast
    return ast.parse(source)
           ^^^^^^^^^^^^^^^^^
  File "/usr/lib/python3.12/ast.py", line 52, in parse
    return compile(source, filename, mode, flags,
           ^^^^^^^^^^^^^^^^^^^^^^^^^^^^^^^^^^^^^^
  File "<unknown>", line 9
    	if i ==
    	       ^
SyntaxError: invalid syntax
2025-08-18 19:31:18,351 cblogger [ERROR]: 		Error while extracting halsted code metrics: invalid syntax (<unknown>, line 9)
Traceback (most recent call last):
  File "/root/QuestionInsight/Etapa_1/codebench-mining-tool/util.py", line 569, in extract_halstead_metrics
    h = h_visit(code)
        ^^^^^^^^^^^^^
  File "/root/QuestionInsight/.venv/lib/python3.12/site-packages/radon/metrics.py", line 29, in h_visit
    return h_visit_ast(ast.parse(code))
                       ^^^^^^^^^^^^^^^
  File "/usr/lib/python3.12/ast.py", line 52, in parse
    return compile(source, filename, mode, flags,
           ^^^^^^^^^^^^^^^^^^^^^^^^^^^^^^^^^^^^^^
  File "<unknown>", line 9
    	if i ==
    	       ^
SyntaxError: invalid syntax
2025-08-18 19:31:18,663 cblogger [ERROR]: 		Error while extracting code complexity metrics: expected ':' (<unknown>, line 8)
Traceback (most recent call last):
  File "/root/QuestionInsight/Etapa_1/codebench-mining-tool/util.py", line 551, in extract_complexity_metrics
    v = ComplexityVisitor.from_code(code)
        ^^^^^^^^^^^^^^^^^^^^^^^^^^^^^^^^^
  File "/root/QuestionInsight/.venv/lib/python3.12/site-packages/radon/visitors.py", line 133, in from_code
    return cls.from_ast(code2ast(code), **kwargs)
                        ^^^^^^^^^^^^^^
  File "/root/QuestionInsight/.venv/lib/python3.12/site-packages/radon/visitors.py", line 48, in code2ast
    return ast.parse(source)
           ^^^^^^^^^^^^^^^^^
  File "/usr/lib/python3.12/ast.py", line 52, in parse
    return compile(source, filename, mode, flags,
           ^^^^^^^^^^^^^^^^^^^^^^^^^^^^^^^^^^^^^^
  File "<unknown>", line 8
    			if (i >= 5 and i < 7)
    			                     ^
SyntaxError: expected ':'
2025-08-18 19:31:18,664 cblogger [ERROR]: 		Error while extracting halsted code metrics: expected ':' (<unknown>, line 8)
Traceback (most recent call last):
  File "/root/QuestionInsight/Etapa_1/codebench-mining-tool/util.py", line 569, in extract_halstead_metrics
    h = h_visit(code)
        ^^^^^^^^^^^^^
  File "/root/QuestionInsight/.venv/lib/python3.12/site-packages/radon/metrics.py", line 29, in h_visit
    return h_visit_ast(ast.parse(code))
                       ^^^^^^^^^^^^^^^
  File "/usr/lib/python3.12/ast.py", line 52, in parse
    return compile(source, filename, mode, flags,
           ^^^^^^^^^^^^^^^^^^^^^^^^^^^^^^^^^^^^^^
  File "<unknown>", line 8
    			if (i >= 5 and i < 7)
    			                     ^
SyntaxError: expected ':'
2025-08-18 19:31:18,935 cblogger [ERROR]: 		Error while extracting code complexity metrics: invalid syntax (<unknown>, line 1)
Traceback (most recent call last):
  File "/root/QuestionInsight/Etapa_1/codebench-mining-tool/util.py", line 551, in extract_complexity_metrics
    v = ComplexityVisitor.from_code(code)
        ^^^^^^^^^^^^^^^^^^^^^^^^^^^^^^^^^
  File "/root/QuestionInsight/.venv/lib/python3.12/site-packages/radon/visitors.py", line 133, in from_code
    return cls.from_ast(code2ast(code), **kwargs)
                        ^^^^^^^^^^^^^^
  File "/root/QuestionInsight/.venv/lib/python3.12/site-packages/radon/visitors.py", line 48, in code2ast
    return ast.parse(source)
           ^^^^^^^^^^^^^^^^^
  File "/usr/lib/python3.12/ast.py", line 52, in parse
    return compile(source, filename, mode, flags,
           ^^^^^^^^^^^^^^^^^^^^^^^^^^^^^^^^^^^^^^
  File "<unknown>", line 1
    var=int(input"valor da renda: ")
                 ^^^^^^^^^^^^^^^^^^
SyntaxError: invalid syntax
2025-08-18 19:31:18,937 cblogger [ERROR]: 		Error while extracting halsted code metrics: invalid syntax (<unknown>, line 1)
Traceback (most recent call last):
  File "/root/QuestionInsight/Etapa_1/codebench-mining-tool/util.py", line 569, in extract_halstead_metrics
    h = h_visit(code)
        ^^^^^^^^^^^^^
  File "/root/QuestionInsight/.venv/lib/python3.12/site-packages/radon/metrics.py", line 29, in h_visit
    return h_visit_ast(ast.parse(code))
                       ^^^^^^^^^^^^^^^
  File "/usr/lib/python3.12/ast.py", line 52, in parse
    return compile(source, filename, mode, flags,
           ^^^^^^^^^^^^^^^^^^^^^^^^^^^^^^^^^^^^^^
  File "<unknown>", line 1
    var=int(input"valor da renda: ")
                 ^^^^^^^^^^^^^^^^^^
SyntaxError: invalid syntax
2025-08-18 19:31:19,072 cblogger [ERROR]: 		Error while extracting code complexity metrics: '(' was never closed (<unknown>, line 1)
Traceback (most recent call last):
  File "/root/QuestionInsight/Etapa_1/codebench-mining-tool/util.py", line 551, in extract_complexity_metrics
    v = ComplexityVisitor.from_code(code)
        ^^^^^^^^^^^^^^^^^^^^^^^^^^^^^^^^^
  File "/root/QuestionInsight/.venv/lib/python3.12/site-packages/radon/visitors.py", line 133, in from_code
    return cls.from_ast(code2ast(code), **kwargs)
                        ^^^^^^^^^^^^^^
  File "/root/QuestionInsight/.venv/lib/python3.12/site-packages/radon/visitors.py", line 48, in code2ast
    return ast.parse(source)
           ^^^^^^^^^^^^^^^^^
  File "/usr/lib/python3.12/ast.py", line 52, in parse
    return compile(source, filename, mode, flags,
           ^^^^^^^^^^^^^^^^^^^^^^^^^^^^^^^^^^^^^^
  File "<unknown>", line 1
    input(int(": ").u
         ^
SyntaxError: '(' was never closed
2025-08-18 19:31:19,072 cblogger [ERROR]: 		Error while extracting code size based metrics: SyntaxError at line: 1
Traceback (most recent call last):
  File "/root/QuestionInsight/.venv/lib/python3.12/site-packages/radon/raw.py", line 210, in analyze
    tokens, parsed_lines = _get_all_tokens(line, lines)
                           ^^^^^^^^^^^^^^^^^^^^^^^^^^^^
  File "/root/QuestionInsight/.venv/lib/python3.12/site-packages/radon/raw.py", line 117, in _get_all_tokens
    next_line = next(lines)
                ^^^^^^^^^^^
StopIteration

During handling of the above exception, another exception occurred:

Traceback (most recent call last):
  File "/root/QuestionInsight/Etapa_1/codebench-mining-tool/util.py", line 560, in extract_size_metrics
    a = analyze(code)
        ^^^^^^^^^^^^^
  File "/root/QuestionInsight/.venv/lib/python3.12/site-packages/radon/raw.py", line 212, in analyze
    raise SyntaxError('SyntaxError at line: {0}'.format(lineno))
SyntaxError: SyntaxError at line: 1
2025-08-18 19:31:19,073 cblogger [ERROR]: 		Error while extracting halsted code metrics: '(' was never closed (<unknown>, line 1)
Traceback (most recent call last):
  File "/root/QuestionInsight/Etapa_1/codebench-mining-tool/util.py", line 569, in extract_halstead_metrics
    h = h_visit(code)
        ^^^^^^^^^^^^^
  File "/root/QuestionInsight/.venv/lib/python3.12/site-packages/radon/metrics.py", line 29, in h_visit
    return h_visit_ast(ast.parse(code))
                       ^^^^^^^^^^^^^^^
  File "/usr/lib/python3.12/ast.py", line 52, in parse
    return compile(source, filename, mode, flags,
           ^^^^^^^^^^^^^^^^^^^^^^^^^^^^^^^^^^^^^^
  File "<unknown>", line 1
    input(int(": ").u
         ^
SyntaxError: '(' was never closed
2025-08-18 19:31:19,290 cblogger [ERROR]: 		Error while extracting code complexity metrics: unterminated string literal (detected at line 1) (<unknown>, line 1)
Traceback (most recent call last):
  File "/root/QuestionInsight/Etapa_1/codebench-mining-tool/util.py", line 551, in extract_complexity_metrics
    v = ComplexityVisitor.from_code(code)
        ^^^^^^^^^^^^^^^^^^^^^^^^^^^^^^^^^
  File "/root/QuestionInsight/.venv/lib/python3.12/site-packages/radon/visitors.py", line 133, in from_code
    return cls.from_ast(code2ast(code), **kwargs)
                        ^^^^^^^^^^^^^^
  File "/root/QuestionInsight/.venv/lib/python3.12/site-packages/radon/visitors.py", line 48, in code2ast
    return ast.parse(source)
           ^^^^^^^^^^^^^^^^^
  File "/usr/lib/python3.12/ast.py", line 52, in parse
    return compile(source, filename, mode, flags,
           ^^^^^^^^^^^^^^^^^^^^^^^^^^^^^^^^^^^^^^
  File "<unknown>", line 1
    var1 = float(input(")
                       ^
SyntaxError: unterminated string literal (detected at line 1)
2025-08-18 19:31:19,290 cblogger [ERROR]: 		Error while extracting code size based metrics: SyntaxError at line: 1
Traceback (most recent call last):
  File "/root/QuestionInsight/.venv/lib/python3.12/site-packages/radon/raw.py", line 210, in analyze
    tokens, parsed_lines = _get_all_tokens(line, lines)
                           ^^^^^^^^^^^^^^^^^^^^^^^^^^^^
  File "/root/QuestionInsight/.venv/lib/python3.12/site-packages/radon/raw.py", line 117, in _get_all_tokens
    next_line = next(lines)
                ^^^^^^^^^^^
StopIteration

During handling of the above exception, another exception occurred:

Traceback (most recent call last):
  File "/root/QuestionInsight/Etapa_1/codebench-mining-tool/util.py", line 560, in extract_size_metrics
    a = analyze(code)
        ^^^^^^^^^^^^^
  File "/root/QuestionInsight/.venv/lib/python3.12/site-packages/radon/raw.py", line 212, in analyze
    raise SyntaxError('SyntaxError at line: {0}'.format(lineno))
SyntaxError: SyntaxError at line: 1
2025-08-18 19:31:19,291 cblogger [ERROR]: 		Error while extracting halsted code metrics: unterminated string literal (detected at line 1) (<unknown>, line 1)
Traceback (most recent call last):
  File "/root/QuestionInsight/Etapa_1/codebench-mining-tool/util.py", line 569, in extract_halstead_metrics
    h = h_visit(code)
        ^^^^^^^^^^^^^
  File "/root/QuestionInsight/.venv/lib/python3.12/site-packages/radon/metrics.py", line 29, in h_visit
    return h_visit_ast(ast.parse(code))
                       ^^^^^^^^^^^^^^^
  File "/usr/lib/python3.12/ast.py", line 52, in parse
    return compile(source, filename, mode, flags,
           ^^^^^^^^^^^^^^^^^^^^^^^^^^^^^^^^^^^^^^
  File "<unknown>", line 1
    var1 = float(input(")
                       ^
SyntaxError: unterminated string literal (detected at line 1)
2025-08-18 19:31:19,302 cblogger [ERROR]: 		Error while extracting code complexity metrics: invalid syntax (<unknown>, line 1)
Traceback (most recent call last):
  File "/root/QuestionInsight/Etapa_1/codebench-mining-tool/util.py", line 551, in extract_complexity_metrics
    v = ComplexityVisitor.from_code(code)
        ^^^^^^^^^^^^^^^^^^^^^^^^^^^^^^^^^
  File "/root/QuestionInsight/.venv/lib/python3.12/site-packages/radon/visitors.py", line 133, in from_code
    return cls.from_ast(code2ast(code), **kwargs)
                        ^^^^^^^^^^^^^^
  File "/root/QuestionInsight/.venv/lib/python3.12/site-packages/radon/visitors.py", line 48, in code2ast
    return ast.parse(source)
           ^^^^^^^^^^^^^^^^^
  File "/usr/lib/python3.12/ast.py", line 52, in parse
    return compile(source, filename, mode, flags,
           ^^^^^^^^^^^^^^^^^^^^^^^^^^^^^^^^^^^^^^
  File "<unknown>", line 1
    feom m
         ^
SyntaxError: invalid syntax
2025-08-18 19:31:19,303 cblogger [ERROR]: 		Error while extracting halsted code metrics: invalid syntax (<unknown>, line 1)
Traceback (most recent call last):
  File "/root/QuestionInsight/Etapa_1/codebench-mining-tool/util.py", line 569, in extract_halstead_metrics
    h = h_visit(code)
        ^^^^^^^^^^^^^
  File "/root/QuestionInsight/.venv/lib/python3.12/site-packages/radon/metrics.py", line 29, in h_visit
    return h_visit_ast(ast.parse(code))
                       ^^^^^^^^^^^^^^^
  File "/usr/lib/python3.12/ast.py", line 52, in parse
    return compile(source, filename, mode, flags,
           ^^^^^^^^^^^^^^^^^^^^^^^^^^^^^^^^^^^^^^
  File "<unknown>", line 1
    feom m
         ^
SyntaxError: invalid syntax
2025-08-18 19:31:19,313 cblogger [ERROR]: 		Error while extracting code complexity metrics: expected an indented block after 'while' statement on line 5 (<unknown>, line 7)
Traceback (most recent call last):
  File "/root/QuestionInsight/Etapa_1/codebench-mining-tool/util.py", line 551, in extract_complexity_metrics
    v = ComplexityVisitor.from_code(code)
        ^^^^^^^^^^^^^^^^^^^^^^^^^^^^^^^^^
  File "/root/QuestionInsight/.venv/lib/python3.12/site-packages/radon/visitors.py", line 133, in from_code
    return cls.from_ast(code2ast(code), **kwargs)
                        ^^^^^^^^^^^^^^
  File "/root/QuestionInsight/.venv/lib/python3.12/site-packages/radon/visitors.py", line 48, in code2ast
    return ast.parse(source)
           ^^^^^^^^^^^^^^^^^
  File "/usr/lib/python3.12/ast.py", line 52, in parse
    return compile(source, filename, mode, flags,
           ^^^^^^^^^^^^^^^^^^^^^^^^^^^^^^^^^^^^^^
  File "<unknown>", line 7
    	
    	^
IndentationError: expected an indented block after 'while' statement on line 5
2025-08-18 19:31:19,314 cblogger [ERROR]: 		Error while extracting halsted code metrics: expected an indented block after 'while' statement on line 5 (<unknown>, line 7)
Traceback (most recent call last):
  File "/root/QuestionInsight/Etapa_1/codebench-mining-tool/util.py", line 569, in extract_halstead_metrics
    h = h_visit(code)
        ^^^^^^^^^^^^^
  File "/root/QuestionInsight/.venv/lib/python3.12/site-packages/radon/metrics.py", line 29, in h_visit
    return h_visit_ast(ast.parse(code))
                       ^^^^^^^^^^^^^^^
  File "/usr/lib/python3.12/ast.py", line 52, in parse
    return compile(source, filename, mode, flags,
           ^^^^^^^^^^^^^^^^^^^^^^^^^^^^^^^^^^^^^^
  File "<unknown>", line 7
    	
    	^
IndentationError: expected an indented block after 'while' statement on line 5
2025-08-18 19:31:19,362 cblogger [ERROR]: 		Error while extracting code complexity metrics: '(' was never closed (<unknown>, line 7)
Traceback (most recent call last):
  File "/root/QuestionInsight/Etapa_1/codebench-mining-tool/util.py", line 551, in extract_complexity_metrics
    v = ComplexityVisitor.from_code(code)
        ^^^^^^^^^^^^^^^^^^^^^^^^^^^^^^^^^
  File "/root/QuestionInsight/.venv/lib/python3.12/site-packages/radon/visitors.py", line 133, in from_code
    return cls.from_ast(code2ast(code), **kwargs)
                        ^^^^^^^^^^^^^^
  File "/root/QuestionInsight/.venv/lib/python3.12/site-packages/radon/visitors.py", line 48, in code2ast
    return ast.parse(source)
           ^^^^^^^^^^^^^^^^^
  File "/usr/lib/python3.12/ast.py", line 52, in parse
    return compile(source, filename, mode, flags,
           ^^^^^^^^^^^^^^^^^^^^^^^^^^^^^^^^^^^^^^
  File "<unknown>", line 7
    if((Vo >=0)and (theta > 0) and (theta<90)
      ^
SyntaxError: '(' was never closed
2025-08-18 19:31:19,363 cblogger [ERROR]: 		Error while extracting code size based metrics: SyntaxError at line: 7
Traceback (most recent call last):
  File "/root/QuestionInsight/.venv/lib/python3.12/site-packages/radon/raw.py", line 210, in analyze
    tokens, parsed_lines = _get_all_tokens(line, lines)
                           ^^^^^^^^^^^^^^^^^^^^^^^^^^^^
  File "/root/QuestionInsight/.venv/lib/python3.12/site-packages/radon/raw.py", line 117, in _get_all_tokens
    next_line = next(lines)
                ^^^^^^^^^^^
StopIteration

During handling of the above exception, another exception occurred:

Traceback (most recent call last):
  File "/root/QuestionInsight/Etapa_1/codebench-mining-tool/util.py", line 560, in extract_size_metrics
    a = analyze(code)
        ^^^^^^^^^^^^^
  File "/root/QuestionInsight/.venv/lib/python3.12/site-packages/radon/raw.py", line 212, in analyze
    raise SyntaxError('SyntaxError at line: {0}'.format(lineno))
SyntaxError: SyntaxError at line: 7
2025-08-18 19:31:19,363 cblogger [ERROR]: 		Error while extracting halsted code metrics: '(' was never closed (<unknown>, line 7)
Traceback (most recent call last):
  File "/root/QuestionInsight/Etapa_1/codebench-mining-tool/util.py", line 569, in extract_halstead_metrics
    h = h_visit(code)
        ^^^^^^^^^^^^^
  File "/root/QuestionInsight/.venv/lib/python3.12/site-packages/radon/metrics.py", line 29, in h_visit
    return h_visit_ast(ast.parse(code))
                       ^^^^^^^^^^^^^^^
  File "/usr/lib/python3.12/ast.py", line 52, in parse
    return compile(source, filename, mode, flags,
           ^^^^^^^^^^^^^^^^^^^^^^^^^^^^^^^^^^^^^^
  File "<unknown>", line 7
    if((Vo >=0)and (theta > 0) and (theta<90)
      ^
SyntaxError: '(' was never closed
2025-08-18 19:31:19,437 cblogger [ERROR]: 		Error while extracting code complexity metrics: invalid syntax (<unknown>, line 3)
Traceback (most recent call last):
  File "/root/QuestionInsight/Etapa_1/codebench-mining-tool/util.py", line 551, in extract_complexity_metrics
    v = ComplexityVisitor.from_code(code)
        ^^^^^^^^^^^^^^^^^^^^^^^^^^^^^^^^^
  File "/root/QuestionInsight/.venv/lib/python3.12/site-packages/radon/visitors.py", line 133, in from_code
    return cls.from_ast(code2ast(code), **kwargs)
                        ^^^^^^^^^^^^^^
  File "/root/QuestionInsight/.venv/lib/python3.12/site-packages/radon/visitors.py", line 48, in code2ast
    return ast.parse(source)
           ^^^^^^^^^^^^^^^^^
  File "/usr/lib/python3.12/ast.py", line 52, in parse
    return compile(source, filename, mode, flags,
           ^^^^^^^^^^^^^^^^^^^^^^^^^^^^^^^^^^^^^^
  File "<unknown>", line 3
    var=
        ^
SyntaxError: invalid syntax
2025-08-18 19:31:19,438 cblogger [ERROR]: 		Error while extracting halsted code metrics: invalid syntax (<unknown>, line 3)
Traceback (most recent call last):
  File "/root/QuestionInsight/Etapa_1/codebench-mining-tool/util.py", line 569, in extract_halstead_metrics
    h = h_visit(code)
        ^^^^^^^^^^^^^
  File "/root/QuestionInsight/.venv/lib/python3.12/site-packages/radon/metrics.py", line 29, in h_visit
    return h_visit_ast(ast.parse(code))
                       ^^^^^^^^^^^^^^^
  File "/usr/lib/python3.12/ast.py", line 52, in parse
    return compile(source, filename, mode, flags,
           ^^^^^^^^^^^^^^^^^^^^^^^^^^^^^^^^^^^^^^
  File "<unknown>", line 3
    var=
        ^
SyntaxError: invalid syntax
2025-08-18 19:31:19,452 cblogger [ERROR]: 		Error while extracting code complexity metrics: invalid syntax (<unknown>, line 2)
Traceback (most recent call last):
  File "/root/QuestionInsight/Etapa_1/codebench-mining-tool/util.py", line 551, in extract_complexity_metrics
    v = ComplexityVisitor.from_code(code)
        ^^^^^^^^^^^^^^^^^^^^^^^^^^^^^^^^^
  File "/root/QuestionInsight/.venv/lib/python3.12/site-packages/radon/visitors.py", line 133, in from_code
    return cls.from_ast(code2ast(code), **kwargs)
                        ^^^^^^^^^^^^^^
  File "/root/QuestionInsight/.venv/lib/python3.12/site-packages/radon/visitors.py", line 48, in code2ast
    return ast.parse(source)
           ^^^^^^^^^^^^^^^^^
  File "/usr/lib/python3.12/ast.py", line 52, in parse
    return compile(source, filename, mode, flags,
           ^^^^^^^^^^^^^^^^^^^^^^^^^^^^^^^^^^^^^^
  File "<unknown>", line 2
    area =
          ^
SyntaxError: invalid syntax
2025-08-18 19:31:19,453 cblogger [ERROR]: 		Error while extracting halsted code metrics: invalid syntax (<unknown>, line 2)
Traceback (most recent call last):
  File "/root/QuestionInsight/Etapa_1/codebench-mining-tool/util.py", line 569, in extract_halstead_metrics
    h = h_visit(code)
        ^^^^^^^^^^^^^
  File "/root/QuestionInsight/.venv/lib/python3.12/site-packages/radon/metrics.py", line 29, in h_visit
    return h_visit_ast(ast.parse(code))
                       ^^^^^^^^^^^^^^^
  File "/usr/lib/python3.12/ast.py", line 52, in parse
    return compile(source, filename, mode, flags,
           ^^^^^^^^^^^^^^^^^^^^^^^^^^^^^^^^^^^^^^
  File "<unknown>", line 2
    area =
          ^
SyntaxError: invalid syntax
2025-08-18 19:31:19,864 cblogger [ERROR]: 		Error while extracting code complexity metrics: unindent does not match any outer indentation level (<unknown>, line 9)
Traceback (most recent call last):
  File "/root/QuestionInsight/Etapa_1/codebench-mining-tool/util.py", line 551, in extract_complexity_metrics
    v = ComplexityVisitor.from_code(code)
        ^^^^^^^^^^^^^^^^^^^^^^^^^^^^^^^^^
  File "/root/QuestionInsight/.venv/lib/python3.12/site-packages/radon/visitors.py", line 133, in from_code
    return cls.from_ast(code2ast(code), **kwargs)
                        ^^^^^^^^^^^^^^
  File "/root/QuestionInsight/.venv/lib/python3.12/site-packages/radon/visitors.py", line 48, in code2ast
    return ast.parse(source)
           ^^^^^^^^^^^^^^^^^
  File "/usr/lib/python3.12/ast.py", line 52, in parse
    return compile(source, filename, mode, flags,
           ^^^^^^^^^^^^^^^^^^^^^^^^^^^^^^^^^^^^^^
  File "<unknown>", line 9
    	elif x == 'L':
    	              ^
IndentationError: unindent does not match any outer indentation level
2025-08-18 19:31:19,865 cblogger [ERROR]: 		Error while extracting halsted code metrics: unindent does not match any outer indentation level (<unknown>, line 9)
Traceback (most recent call last):
  File "/root/QuestionInsight/Etapa_1/codebench-mining-tool/util.py", line 569, in extract_halstead_metrics
    h = h_visit(code)
        ^^^^^^^^^^^^^
  File "/root/QuestionInsight/.venv/lib/python3.12/site-packages/radon/metrics.py", line 29, in h_visit
    return h_visit_ast(ast.parse(code))
                       ^^^^^^^^^^^^^^^
  File "/usr/lib/python3.12/ast.py", line 52, in parse
    return compile(source, filename, mode, flags,
           ^^^^^^^^^^^^^^^^^^^^^^^^^^^^^^^^^^^^^^
  File "<unknown>", line 9
    	elif x == 'L':
    	              ^
IndentationError: unindent does not match any outer indentation level
2025-08-18 19:31:19,869 cblogger [ERROR]: 		Error while extracting code complexity metrics: expected ':' (<unknown>, line 4)
Traceback (most recent call last):
  File "/root/QuestionInsight/Etapa_1/codebench-mining-tool/util.py", line 551, in extract_complexity_metrics
    v = ComplexityVisitor.from_code(code)
        ^^^^^^^^^^^^^^^^^^^^^^^^^^^^^^^^^
  File "/root/QuestionInsight/.venv/lib/python3.12/site-packages/radon/visitors.py", line 133, in from_code
    return cls.from_ast(code2ast(code), **kwargs)
                        ^^^^^^^^^^^^^^
  File "/root/QuestionInsight/.venv/lib/python3.12/site-packages/radon/visitors.py", line 48, in code2ast
    return ast.parse(source)
           ^^^^^^^^^^^^^^^^^
  File "/usr/lib/python3.12/ast.py", line 52, in parse
    return compile(source, filename, mode, flags,
           ^^^^^^^^^^^^^^^^^^^^^^^^^^^^^^^^^^^^^^
  File "<unknown>", line 4
    if indice >400
                  ^
SyntaxError: expected ':'
2025-08-18 19:31:19,870 cblogger [ERROR]: 		Error while extracting halsted code metrics: expected ':' (<unknown>, line 4)
Traceback (most recent call last):
  File "/root/QuestionInsight/Etapa_1/codebench-mining-tool/util.py", line 569, in extract_halstead_metrics
    h = h_visit(code)
        ^^^^^^^^^^^^^
  File "/root/QuestionInsight/.venv/lib/python3.12/site-packages/radon/metrics.py", line 29, in h_visit
    return h_visit_ast(ast.parse(code))
                       ^^^^^^^^^^^^^^^
  File "/usr/lib/python3.12/ast.py", line 52, in parse
    return compile(source, filename, mode, flags,
           ^^^^^^^^^^^^^^^^^^^^^^^^^^^^^^^^^^^^^^
  File "<unknown>", line 4
    if indice >400
                  ^
SyntaxError: expected ':'
2025-08-18 19:31:19,878 cblogger [ERROR]: 		Error while extracting code complexity metrics: invalid syntax (<unknown>, line 2)
Traceback (most recent call last):
  File "/root/QuestionInsight/Etapa_1/codebench-mining-tool/util.py", line 551, in extract_complexity_metrics
    v = ComplexityVisitor.from_code(code)
        ^^^^^^^^^^^^^^^^^^^^^^^^^^^^^^^^^
  File "/root/QuestionInsight/.venv/lib/python3.12/site-packages/radon/visitors.py", line 133, in from_code
    return cls.from_ast(code2ast(code), **kwargs)
                        ^^^^^^^^^^^^^^
  File "/root/QuestionInsight/.venv/lib/python3.12/site-packages/radon/visitors.py", line 48, in code2ast
    return ast.parse(source)
           ^^^^^^^^^^^^^^^^^
  File "/usr/lib/python3.12/ast.py", line 52, in parse
    return compile(source, filename, mode, flags,
           ^^^^^^^^^^^^^^^^^^^^^^^^^^^^^^^^^^^^^^
  File "<unknown>", line 2
    print(pe:7)
            ^
SyntaxError: invalid syntax
2025-08-18 19:31:19,879 cblogger [ERROR]: 		Error while extracting halsted code metrics: invalid syntax (<unknown>, line 2)
Traceback (most recent call last):
  File "/root/QuestionInsight/Etapa_1/codebench-mining-tool/util.py", line 569, in extract_halstead_metrics
    h = h_visit(code)
        ^^^^^^^^^^^^^
  File "/root/QuestionInsight/.venv/lib/python3.12/site-packages/radon/metrics.py", line 29, in h_visit
    return h_visit_ast(ast.parse(code))
                       ^^^^^^^^^^^^^^^
  File "/usr/lib/python3.12/ast.py", line 52, in parse
    return compile(source, filename, mode, flags,
           ^^^^^^^^^^^^^^^^^^^^^^^^^^^^^^^^^^^^^^
  File "<unknown>", line 2
    print(pe:7)
            ^
SyntaxError: invalid syntax
2025-08-18 19:31:19,899 cblogger [ERROR]: 		Error while extracting code complexity metrics: invalid syntax (<unknown>, line 1)
Traceback (most recent call last):
  File "/root/QuestionInsight/Etapa_1/codebench-mining-tool/util.py", line 551, in extract_complexity_metrics
    v = ComplexityVisitor.from_code(code)
        ^^^^^^^^^^^^^^^^^^^^^^^^^^^^^^^^^
  File "/root/QuestionInsight/.venv/lib/python3.12/site-packages/radon/visitors.py", line 133, in from_code
    return cls.from_ast(code2ast(code), **kwargs)
                        ^^^^^^^^^^^^^^
  File "/root/QuestionInsight/.venv/lib/python3.12/site-packages/radon/visitors.py", line 48, in code2ast
    return ast.parse(source)
           ^^^^^^^^^^^^^^^^^
  File "/usr/lib/python3.12/ast.py", line 52, in parse
    return compile(source, filename, mode, flags,
           ^^^^^^^^^^^^^^^^^^^^^^^^^^^^^^^^^^^^^^
  File "<unknown>", line 1
    .
    ^
SyntaxError: invalid syntax
2025-08-18 19:31:19,900 cblogger [ERROR]: 		Error while extracting halsted code metrics: invalid syntax (<unknown>, line 1)
Traceback (most recent call last):
  File "/root/QuestionInsight/Etapa_1/codebench-mining-tool/util.py", line 569, in extract_halstead_metrics
    h = h_visit(code)
        ^^^^^^^^^^^^^
  File "/root/QuestionInsight/.venv/lib/python3.12/site-packages/radon/metrics.py", line 29, in h_visit
    return h_visit_ast(ast.parse(code))
                       ^^^^^^^^^^^^^^^
  File "/usr/lib/python3.12/ast.py", line 52, in parse
    return compile(source, filename, mode, flags,
           ^^^^^^^^^^^^^^^^^^^^^^^^^^^^^^^^^^^^^^
  File "<unknown>", line 1
    .
    ^
SyntaxError: invalid syntax
2025-08-18 19:31:19,902 cblogger [ERROR]: 		Error while extracting code complexity metrics: invalid syntax (<unknown>, line 14)
Traceback (most recent call last):
  File "/root/QuestionInsight/Etapa_1/codebench-mining-tool/util.py", line 551, in extract_complexity_metrics
    v = ComplexityVisitor.from_code(code)
        ^^^^^^^^^^^^^^^^^^^^^^^^^^^^^^^^^
  File "/root/QuestionInsight/.venv/lib/python3.12/site-packages/radon/visitors.py", line 133, in from_code
    return cls.from_ast(code2ast(code), **kwargs)
                        ^^^^^^^^^^^^^^
  File "/root/QuestionInsight/.venv/lib/python3.12/site-packages/radon/visitors.py", line 48, in code2ast
    return ast.parse(source)
           ^^^^^^^^^^^^^^^^^
  File "/usr/lib/python3.12/ast.py", line 52, in parse
    return compile(source, filename, mode, flags,
           ^^^^^^^^^^^^^^^^^^^^^^^^^^^^^^^^^^^^^^
  File "<unknown>", line 14
    	elif v[] == 3:
    	       ^
SyntaxError: invalid syntax
2025-08-18 19:31:19,913 cblogger [ERROR]: 		Error while extracting halsted code metrics: invalid syntax (<unknown>, line 14)
Traceback (most recent call last):
  File "/root/QuestionInsight/Etapa_1/codebench-mining-tool/util.py", line 569, in extract_halstead_metrics
    h = h_visit(code)
        ^^^^^^^^^^^^^
  File "/root/QuestionInsight/.venv/lib/python3.12/site-packages/radon/metrics.py", line 29, in h_visit
    return h_visit_ast(ast.parse(code))
                       ^^^^^^^^^^^^^^^
  File "/usr/lib/python3.12/ast.py", line 52, in parse
    return compile(source, filename, mode, flags,
           ^^^^^^^^^^^^^^^^^^^^^^^^^^^^^^^^^^^^^^
  File "<unknown>", line 14
    	elif v[] == 3:
    	       ^
SyntaxError: invalid syntax
2025-08-18 19:31:20,081 cblogger [ERROR]: 		Error while extracting code complexity metrics: invalid syntax (<unknown>, line 4)
Traceback (most recent call last):
  File "/root/QuestionInsight/Etapa_1/codebench-mining-tool/util.py", line 551, in extract_complexity_metrics
    v = ComplexityVisitor.from_code(code)
        ^^^^^^^^^^^^^^^^^^^^^^^^^^^^^^^^^
  File "/root/QuestionInsight/.venv/lib/python3.12/site-packages/radon/visitors.py", line 133, in from_code
    return cls.from_ast(code2ast(code), **kwargs)
                        ^^^^^^^^^^^^^^
  File "/root/QuestionInsight/.venv/lib/python3.12/site-packages/radon/visitors.py", line 48, in code2ast
    return ast.parse(source)
           ^^^^^^^^^^^^^^^^^
  File "/usr/lib/python3.12/ast.py", line 52, in parse
    return compile(source, filename, mode, flags,
           ^^^^^^^^^^^^^^^^^^^^^^^^^^^^^^^^^^^^^^
  File "<unknown>", line 4
    while :
          ^
SyntaxError: invalid syntax
2025-08-18 19:31:20,082 cblogger [ERROR]: 		Error while extracting halsted code metrics: invalid syntax (<unknown>, line 4)
Traceback (most recent call last):
  File "/root/QuestionInsight/Etapa_1/codebench-mining-tool/util.py", line 569, in extract_halstead_metrics
    h = h_visit(code)
        ^^^^^^^^^^^^^
  File "/root/QuestionInsight/.venv/lib/python3.12/site-packages/radon/metrics.py", line 29, in h_visit
    return h_visit_ast(ast.parse(code))
                       ^^^^^^^^^^^^^^^
  File "/usr/lib/python3.12/ast.py", line 52, in parse
    return compile(source, filename, mode, flags,
           ^^^^^^^^^^^^^^^^^^^^^^^^^^^^^^^^^^^^^^
  File "<unknown>", line 4
    while :
          ^
SyntaxError: invalid syntax
2025-08-18 19:31:20,119 cblogger [ERROR]: 		Error while extracting code complexity metrics: unexpected indent (<unknown>, line 3)
Traceback (most recent call last):
  File "/root/QuestionInsight/Etapa_1/codebench-mining-tool/util.py", line 551, in extract_complexity_metrics
    v = ComplexityVisitor.from_code(code)
        ^^^^^^^^^^^^^^^^^^^^^^^^^^^^^^^^^
  File "/root/QuestionInsight/.venv/lib/python3.12/site-packages/radon/visitors.py", line 133, in from_code
    return cls.from_ast(code2ast(code), **kwargs)
                        ^^^^^^^^^^^^^^
  File "/root/QuestionInsight/.venv/lib/python3.12/site-packages/radon/visitors.py", line 48, in code2ast
    return ast.parse(source)
           ^^^^^^^^^^^^^^^^^
  File "/usr/lib/python3.12/ast.py", line 52, in parse
    return compile(source, filename, mode, flags,
           ^^^^^^^^^^^^^^^^^^^^^^^^^^^^^^^^^^^^^^
  File "<unknown>", line 3
    for anel in vetor:
IndentationError: unexpected indent
2025-08-18 19:31:20,120 cblogger [ERROR]: 		Error while extracting halsted code metrics: unexpected indent (<unknown>, line 3)
Traceback (most recent call last):
  File "/root/QuestionInsight/Etapa_1/codebench-mining-tool/util.py", line 569, in extract_halstead_metrics
    h = h_visit(code)
        ^^^^^^^^^^^^^
  File "/root/QuestionInsight/.venv/lib/python3.12/site-packages/radon/metrics.py", line 29, in h_visit
    return h_visit_ast(ast.parse(code))
                       ^^^^^^^^^^^^^^^
  File "/usr/lib/python3.12/ast.py", line 52, in parse
    return compile(source, filename, mode, flags,
           ^^^^^^^^^^^^^^^^^^^^^^^^^^^^^^^^^^^^^^
  File "<unknown>", line 3
    for anel in vetor:
IndentationError: unexpected indent
2025-08-18 19:31:20,147 cblogger [ERROR]: 		Error while extracting code complexity metrics: expected ':' (<unknown>, line 5)
Traceback (most recent call last):
  File "/root/QuestionInsight/Etapa_1/codebench-mining-tool/util.py", line 551, in extract_complexity_metrics
    v = ComplexityVisitor.from_code(code)
        ^^^^^^^^^^^^^^^^^^^^^^^^^^^^^^^^^
  File "/root/QuestionInsight/.venv/lib/python3.12/site-packages/radon/visitors.py", line 133, in from_code
    return cls.from_ast(code2ast(code), **kwargs)
                        ^^^^^^^^^^^^^^
  File "/root/QuestionInsight/.venv/lib/python3.12/site-packages/radon/visitors.py", line 48, in code2ast
    return ast.parse(source)
           ^^^^^^^^^^^^^^^^^
  File "/usr/lib/python3.12/ast.py", line 52, in parse
    return compile(source, filename, mode, flags,
           ^^^^^^^^^^^^^^^^^^^^^^^^^^^^^^^^^^^^^^
  File "<unknown>", line 5
    for x in range(x,y)
                       ^
SyntaxError: expected ':'
2025-08-18 19:31:20,148 cblogger [ERROR]: 		Error while extracting halsted code metrics: expected ':' (<unknown>, line 5)
Traceback (most recent call last):
  File "/root/QuestionInsight/Etapa_1/codebench-mining-tool/util.py", line 569, in extract_halstead_metrics
    h = h_visit(code)
        ^^^^^^^^^^^^^
  File "/root/QuestionInsight/.venv/lib/python3.12/site-packages/radon/metrics.py", line 29, in h_visit
    return h_visit_ast(ast.parse(code))
                       ^^^^^^^^^^^^^^^
  File "/usr/lib/python3.12/ast.py", line 52, in parse
    return compile(source, filename, mode, flags,
           ^^^^^^^^^^^^^^^^^^^^^^^^^^^^^^^^^^^^^^
  File "<unknown>", line 5
    for x in range(x,y)
                       ^
SyntaxError: expected ':'
2025-08-18 19:31:20,170 cblogger [ERROR]: 		Error while extracting code complexity metrics: '(' was never closed (<unknown>, line 2)
Traceback (most recent call last):
  File "/root/QuestionInsight/Etapa_1/codebench-mining-tool/util.py", line 551, in extract_complexity_metrics
    v = ComplexityVisitor.from_code(code)
        ^^^^^^^^^^^^^^^^^^^^^^^^^^^^^^^^^
  File "/root/QuestionInsight/.venv/lib/python3.12/site-packages/radon/visitors.py", line 133, in from_code
    return cls.from_ast(code2ast(code), **kwargs)
                        ^^^^^^^^^^^^^^
  File "/root/QuestionInsight/.venv/lib/python3.12/site-packages/radon/visitors.py", line 48, in code2ast
    return ast.parse(source)
           ^^^^^^^^^^^^^^^^^
  File "/usr/lib/python3.12/ast.py", line 52, in parse
    return compile(source, filename, mode, flags,
           ^^^^^^^^^^^^^^^^^^^^^^^^^^^^^^^^^^^^^^
  File "<unknown>", line 2
    v = array(eval(int(input('n:'))
                  ^
SyntaxError: '(' was never closed
2025-08-18 19:31:20,172 cblogger [ERROR]: 		Error while extracting code size based metrics: SyntaxError at line: 2
Traceback (most recent call last):
  File "/root/QuestionInsight/.venv/lib/python3.12/site-packages/radon/raw.py", line 210, in analyze
    tokens, parsed_lines = _get_all_tokens(line, lines)
                           ^^^^^^^^^^^^^^^^^^^^^^^^^^^^
  File "/root/QuestionInsight/.venv/lib/python3.12/site-packages/radon/raw.py", line 117, in _get_all_tokens
    next_line = next(lines)
                ^^^^^^^^^^^
StopIteration

During handling of the above exception, another exception occurred:

Traceback (most recent call last):
  File "/root/QuestionInsight/Etapa_1/codebench-mining-tool/util.py", line 560, in extract_size_metrics
    a = analyze(code)
        ^^^^^^^^^^^^^
  File "/root/QuestionInsight/.venv/lib/python3.12/site-packages/radon/raw.py", line 212, in analyze
    raise SyntaxError('SyntaxError at line: {0}'.format(lineno))
SyntaxError: SyntaxError at line: 2
2025-08-18 19:31:20,174 cblogger [ERROR]: 		Error while extracting halsted code metrics: '(' was never closed (<unknown>, line 2)
Traceback (most recent call last):
  File "/root/QuestionInsight/Etapa_1/codebench-mining-tool/util.py", line 569, in extract_halstead_metrics
    h = h_visit(code)
        ^^^^^^^^^^^^^
  File "/root/QuestionInsight/.venv/lib/python3.12/site-packages/radon/metrics.py", line 29, in h_visit
    return h_visit_ast(ast.parse(code))
                       ^^^^^^^^^^^^^^^
  File "/usr/lib/python3.12/ast.py", line 52, in parse
    return compile(source, filename, mode, flags,
           ^^^^^^^^^^^^^^^^^^^^^^^^^^^^^^^^^^^^^^
  File "<unknown>", line 2
    v = array(eval(int(input('n:'))
                  ^
SyntaxError: '(' was never closed
2025-08-18 19:31:20,184 cblogger [ERROR]: 		Error while extracting code complexity metrics: '(' was never closed (<unknown>, line 6)
Traceback (most recent call last):
  File "/root/QuestionInsight/Etapa_1/codebench-mining-tool/util.py", line 551, in extract_complexity_metrics
    v = ComplexityVisitor.from_code(code)
        ^^^^^^^^^^^^^^^^^^^^^^^^^^^^^^^^^
  File "/root/QuestionInsight/.venv/lib/python3.12/site-packages/radon/visitors.py", line 133, in from_code
    return cls.from_ast(code2ast(code), **kwargs)
                        ^^^^^^^^^^^^^^
  File "/root/QuestionInsight/.venv/lib/python3.12/site-packages/radon/visitors.py", line 48, in code2ast
    return ast.parse(source)
           ^^^^^^^^^^^^^^^^^
  File "/usr/lib/python3.12/ast.py", line 52, in parse
    return compile(source, filename, mode, flags,
           ^^^^^^^^^^^^^^^^^^^^^^^^^^^^^^^^^^^^^^
  File "<unknown>", line 6
    print(('O valor do investimento é: R$',round(qf,2))
         ^
SyntaxError: '(' was never closed
2025-08-18 19:31:20,185 cblogger [ERROR]: 		Error while extracting code size based metrics: SyntaxError at line: 6
Traceback (most recent call last):
  File "/root/QuestionInsight/.venv/lib/python3.12/site-packages/radon/raw.py", line 210, in analyze
    tokens, parsed_lines = _get_all_tokens(line, lines)
                           ^^^^^^^^^^^^^^^^^^^^^^^^^^^^
  File "/root/QuestionInsight/.venv/lib/python3.12/site-packages/radon/raw.py", line 117, in _get_all_tokens
    next_line = next(lines)
                ^^^^^^^^^^^
StopIteration

During handling of the above exception, another exception occurred:

Traceback (most recent call last):
  File "/root/QuestionInsight/Etapa_1/codebench-mining-tool/util.py", line 560, in extract_size_metrics
    a = analyze(code)
        ^^^^^^^^^^^^^
  File "/root/QuestionInsight/.venv/lib/python3.12/site-packages/radon/raw.py", line 212, in analyze
    raise SyntaxError('SyntaxError at line: {0}'.format(lineno))
SyntaxError: SyntaxError at line: 6
2025-08-18 19:31:20,186 cblogger [ERROR]: 		Error while extracting halsted code metrics: '(' was never closed (<unknown>, line 6)
Traceback (most recent call last):
  File "/root/QuestionInsight/Etapa_1/codebench-mining-tool/util.py", line 569, in extract_halstead_metrics
    h = h_visit(code)
        ^^^^^^^^^^^^^
  File "/root/QuestionInsight/.venv/lib/python3.12/site-packages/radon/metrics.py", line 29, in h_visit
    return h_visit_ast(ast.parse(code))
                       ^^^^^^^^^^^^^^^
  File "/usr/lib/python3.12/ast.py", line 52, in parse
    return compile(source, filename, mode, flags,
           ^^^^^^^^^^^^^^^^^^^^^^^^^^^^^^^^^^^^^^
  File "<unknown>", line 6
    print(('O valor do investimento é: R$',round(qf,2))
         ^
SyntaxError: '(' was never closed
2025-08-18 19:31:20,198 cblogger [ERROR]: 		Error while extracting code complexity metrics: unindent does not match any outer indentation level (<unknown>, line 6)
Traceback (most recent call last):
  File "/root/QuestionInsight/Etapa_1/codebench-mining-tool/util.py", line 551, in extract_complexity_metrics
    v = ComplexityVisitor.from_code(code)
        ^^^^^^^^^^^^^^^^^^^^^^^^^^^^^^^^^
  File "/root/QuestionInsight/.venv/lib/python3.12/site-packages/radon/visitors.py", line 133, in from_code
    return cls.from_ast(code2ast(code), **kwargs)
                        ^^^^^^^^^^^^^^
  File "/root/QuestionInsight/.venv/lib/python3.12/site-packages/radon/visitors.py", line 48, in code2ast
    return ast.parse(source)
           ^^^^^^^^^^^^^^^^^
  File "/usr/lib/python3.12/ast.py", line 52, in parse
    return compile(source, filename, mode, flags,
           ^^^^^^^^^^^^^^^^^^^^^^^^^^^^^^^^^^^^^^
  File "<unknown>", line 6
    sum([x,y])
              ^
IndentationError: unindent does not match any outer indentation level
2025-08-18 19:31:20,200 cblogger [ERROR]: 		Error while extracting halsted code metrics: unindent does not match any outer indentation level (<unknown>, line 6)
Traceback (most recent call last):
  File "/root/QuestionInsight/Etapa_1/codebench-mining-tool/util.py", line 569, in extract_halstead_metrics
    h = h_visit(code)
        ^^^^^^^^^^^^^
  File "/root/QuestionInsight/.venv/lib/python3.12/site-packages/radon/metrics.py", line 29, in h_visit
    return h_visit_ast(ast.parse(code))
                       ^^^^^^^^^^^^^^^
  File "/usr/lib/python3.12/ast.py", line 52, in parse
    return compile(source, filename, mode, flags,
           ^^^^^^^^^^^^^^^^^^^^^^^^^^^^^^^^^^^^^^
  File "<unknown>", line 6
    sum([x,y])
              ^
IndentationError: unindent does not match any outer indentation level
2025-08-18 19:31:20,355 cblogger [ERROR]: 		Error while extracting code complexity metrics: '(' was never closed (<unknown>, line 3)
Traceback (most recent call last):
  File "/root/QuestionInsight/Etapa_1/codebench-mining-tool/util.py", line 551, in extract_complexity_metrics
    v = ComplexityVisitor.from_code(code)
        ^^^^^^^^^^^^^^^^^^^^^^^^^^^^^^^^^
  File "/root/QuestionInsight/.venv/lib/python3.12/site-packages/radon/visitors.py", line 133, in from_code
    return cls.from_ast(code2ast(code), **kwargs)
                        ^^^^^^^^^^^^^^
  File "/root/QuestionInsight/.venv/lib/python3.12/site-packages/radon/visitors.py", line 48, in code2ast
    return ast.parse(source)
           ^^^^^^^^^^^^^^^^^
  File "/usr/lib/python3.12/ast.py", line 52, in parse
    return compile(source, filename, mode, flags,
           ^^^^^^^^^^^^^^^^^^^^^^^^^^^^^^^^^^^^^^
  File "<unknown>", line 3
    s = int(input("s:")
           ^
SyntaxError: '(' was never closed
2025-08-18 19:31:20,359 cblogger [ERROR]: 		Error while extracting code size based metrics: SyntaxError at line: 3
Traceback (most recent call last):
  File "/root/QuestionInsight/.venv/lib/python3.12/site-packages/radon/raw.py", line 210, in analyze
    tokens, parsed_lines = _get_all_tokens(line, lines)
                           ^^^^^^^^^^^^^^^^^^^^^^^^^^^^
  File "/root/QuestionInsight/.venv/lib/python3.12/site-packages/radon/raw.py", line 117, in _get_all_tokens
    next_line = next(lines)
                ^^^^^^^^^^^
StopIteration

During handling of the above exception, another exception occurred:

Traceback (most recent call last):
  File "/root/QuestionInsight/Etapa_1/codebench-mining-tool/util.py", line 560, in extract_size_metrics
    a = analyze(code)
        ^^^^^^^^^^^^^
  File "/root/QuestionInsight/.venv/lib/python3.12/site-packages/radon/raw.py", line 212, in analyze
    raise SyntaxError('SyntaxError at line: {0}'.format(lineno))
SyntaxError: SyntaxError at line: 3
2025-08-18 19:31:20,360 cblogger [ERROR]: 		Error while extracting halsted code metrics: '(' was never closed (<unknown>, line 3)
Traceback (most recent call last):
  File "/root/QuestionInsight/Etapa_1/codebench-mining-tool/util.py", line 569, in extract_halstead_metrics
    h = h_visit(code)
        ^^^^^^^^^^^^^
  File "/root/QuestionInsight/.venv/lib/python3.12/site-packages/radon/metrics.py", line 29, in h_visit
    return h_visit_ast(ast.parse(code))
                       ^^^^^^^^^^^^^^^
  File "/usr/lib/python3.12/ast.py", line 52, in parse
    return compile(source, filename, mode, flags,
           ^^^^^^^^^^^^^^^^^^^^^^^^^^^^^^^^^^^^^^
  File "<unknown>", line 3
    s = int(input("s:")
           ^
SyntaxError: '(' was never closed
2025-08-18 19:31:20,416 cblogger [ERROR]: 		Error while extracting code complexity metrics: expected an indented block after 'if' statement on line 6 (<unknown>, line 7)
Traceback (most recent call last):
  File "/root/QuestionInsight/Etapa_1/codebench-mining-tool/util.py", line 551, in extract_complexity_metrics
    v = ComplexityVisitor.from_code(code)
        ^^^^^^^^^^^^^^^^^^^^^^^^^^^^^^^^^
  File "/root/QuestionInsight/.venv/lib/python3.12/site-packages/radon/visitors.py", line 133, in from_code
    return cls.from_ast(code2ast(code), **kwargs)
                        ^^^^^^^^^^^^^^
  File "/root/QuestionInsight/.venv/lib/python3.12/site-packages/radon/visitors.py", line 48, in code2ast
    return ast.parse(source)
           ^^^^^^^^^^^^^^^^^
  File "/usr/lib/python3.12/ast.py", line 52, in parse
    return compile(source, filename, mode, flags,
           ^^^^^^^^^^^^^^^^^^^^^^^^^^^^^^^^^^^^^^
  File "<unknown>", line 7
    print(num)
IndentationError: expected an indented block after 'if' statement on line 6
2025-08-18 19:31:20,417 cblogger [ERROR]: 		Error while extracting halsted code metrics: expected an indented block after 'if' statement on line 6 (<unknown>, line 7)
Traceback (most recent call last):
  File "/root/QuestionInsight/Etapa_1/codebench-mining-tool/util.py", line 569, in extract_halstead_metrics
    h = h_visit(code)
        ^^^^^^^^^^^^^
  File "/root/QuestionInsight/.venv/lib/python3.12/site-packages/radon/metrics.py", line 29, in h_visit
    return h_visit_ast(ast.parse(code))
                       ^^^^^^^^^^^^^^^
  File "/usr/lib/python3.12/ast.py", line 52, in parse
    return compile(source, filename, mode, flags,
           ^^^^^^^^^^^^^^^^^^^^^^^^^^^^^^^^^^^^^^
  File "<unknown>", line 7
    print(num)
IndentationError: expected an indented block after 'if' statement on line 6
2025-08-18 19:31:20,447 cblogger [ERROR]: 		Error while extracting code complexity metrics: expected an indented block after 'if' statement on line 3 (<unknown>, line 5)
Traceback (most recent call last):
  File "/root/QuestionInsight/Etapa_1/codebench-mining-tool/util.py", line 551, in extract_complexity_metrics
    v = ComplexityVisitor.from_code(code)
        ^^^^^^^^^^^^^^^^^^^^^^^^^^^^^^^^^
  File "/root/QuestionInsight/.venv/lib/python3.12/site-packages/radon/visitors.py", line 133, in from_code
    return cls.from_ast(code2ast(code), **kwargs)
                        ^^^^^^^^^^^^^^
  File "/root/QuestionInsight/.venv/lib/python3.12/site-packages/radon/visitors.py", line 48, in code2ast
    return ast.parse(source)
           ^^^^^^^^^^^^^^^^^
  File "/usr/lib/python3.12/ast.py", line 52, in parse
    return compile(source, filename, mode, flags,
           ^^^^^^^^^^^^^^^^^^^^^^^^^^^^^^^^^^^^^^
  File "<unknown>", line 5
    
    ^
IndentationError: expected an indented block after 'if' statement on line 3
2025-08-18 19:31:20,448 cblogger [ERROR]: 		Error while extracting halsted code metrics: expected an indented block after 'if' statement on line 3 (<unknown>, line 5)
Traceback (most recent call last):
  File "/root/QuestionInsight/Etapa_1/codebench-mining-tool/util.py", line 569, in extract_halstead_metrics
    h = h_visit(code)
        ^^^^^^^^^^^^^
  File "/root/QuestionInsight/.venv/lib/python3.12/site-packages/radon/metrics.py", line 29, in h_visit
    return h_visit_ast(ast.parse(code))
                       ^^^^^^^^^^^^^^^
  File "/usr/lib/python3.12/ast.py", line 52, in parse
    return compile(source, filename, mode, flags,
           ^^^^^^^^^^^^^^^^^^^^^^^^^^^^^^^^^^^^^^
  File "<unknown>", line 5
    
    ^
IndentationError: expected an indented block after 'if' statement on line 3
2025-08-18 19:31:20,475 cblogger [ERROR]: 		Error while extracting code complexity metrics: unindent does not match any outer indentation level (<unknown>, line 8)
Traceback (most recent call last):
  File "/root/QuestionInsight/Etapa_1/codebench-mining-tool/util.py", line 551, in extract_complexity_metrics
    v = ComplexityVisitor.from_code(code)
        ^^^^^^^^^^^^^^^^^^^^^^^^^^^^^^^^^
  File "/root/QuestionInsight/.venv/lib/python3.12/site-packages/radon/visitors.py", line 133, in from_code
    return cls.from_ast(code2ast(code), **kwargs)
                        ^^^^^^^^^^^^^^
  File "/root/QuestionInsight/.venv/lib/python3.12/site-packages/radon/visitors.py", line 48, in code2ast
    return ast.parse(source)
           ^^^^^^^^^^^^^^^^^
  File "/usr/lib/python3.12/ast.py", line 52, in parse
    return compile(source, filename, mode, flags,
           ^^^^^^^^^^^^^^^^^^^^^^^^^^^^^^^^^^^^^^
  File "<unknown>", line 8
    elif c[i] == 'M' : quant[2] = quant[2] + 1
                                              ^
IndentationError: unindent does not match any outer indentation level
2025-08-18 19:31:20,476 cblogger [ERROR]: 		Error while extracting halsted code metrics: unindent does not match any outer indentation level (<unknown>, line 8)
Traceback (most recent call last):
  File "/root/QuestionInsight/Etapa_1/codebench-mining-tool/util.py", line 569, in extract_halstead_metrics
    h = h_visit(code)
        ^^^^^^^^^^^^^
  File "/root/QuestionInsight/.venv/lib/python3.12/site-packages/radon/metrics.py", line 29, in h_visit
    return h_visit_ast(ast.parse(code))
                       ^^^^^^^^^^^^^^^
  File "/usr/lib/python3.12/ast.py", line 52, in parse
    return compile(source, filename, mode, flags,
           ^^^^^^^^^^^^^^^^^^^^^^^^^^^^^^^^^^^^^^
  File "<unknown>", line 8
    elif c[i] == 'M' : quant[2] = quant[2] + 1
                                              ^
IndentationError: unindent does not match any outer indentation level
2025-08-18 19:31:20,490 cblogger [ERROR]: 		Error while extracting code complexity metrics: unexpected indent (<unknown>, line 1)
Traceback (most recent call last):
  File "/root/QuestionInsight/Etapa_1/codebench-mining-tool/util.py", line 551, in extract_complexity_metrics
    v = ComplexityVisitor.from_code(code)
        ^^^^^^^^^^^^^^^^^^^^^^^^^^^^^^^^^
  File "/root/QuestionInsight/.venv/lib/python3.12/site-packages/radon/visitors.py", line 133, in from_code
    return cls.from_ast(code2ast(code), **kwargs)
                        ^^^^^^^^^^^^^^
  File "/root/QuestionInsight/.venv/lib/python3.12/site-packages/radon/visitors.py", line 48, in code2ast
    return ast.parse(source)
           ^^^^^^^^^^^^^^^^^
  File "/usr/lib/python3.12/ast.py", line 52, in parse
    return compile(source, filename, mode, flags,
           ^^^^^^^^^^^^^^^^^^^^^^^^^^^^^^^^^^^^^^
  File "<unknown>", line 1
    valor_plano_mensal = float(input("Digite o valor do plano de saude mensal individual: "))
IndentationError: unexpected indent
2025-08-18 19:31:20,504 cblogger [ERROR]: 		Error while extracting halsted code metrics: unexpected indent (<unknown>, line 1)
Traceback (most recent call last):
  File "/root/QuestionInsight/Etapa_1/codebench-mining-tool/util.py", line 569, in extract_halstead_metrics
    h = h_visit(code)
        ^^^^^^^^^^^^^
  File "/root/QuestionInsight/.venv/lib/python3.12/site-packages/radon/metrics.py", line 29, in h_visit
    return h_visit_ast(ast.parse(code))
                       ^^^^^^^^^^^^^^^
  File "/usr/lib/python3.12/ast.py", line 52, in parse
    return compile(source, filename, mode, flags,
           ^^^^^^^^^^^^^^^^^^^^^^^^^^^^^^^^^^^^^^
  File "<unknown>", line 1
    valor_plano_mensal = float(input("Digite o valor do plano de saude mensal individual: "))
IndentationError: unexpected indent
2025-08-18 19:31:20,530 cblogger [ERROR]: 		Error while extracting code complexity metrics: invalid syntax (<unknown>, line 8)
Traceback (most recent call last):
  File "/root/QuestionInsight/Etapa_1/codebench-mining-tool/util.py", line 551, in extract_complexity_metrics
    v = ComplexityVisitor.from_code(code)
        ^^^^^^^^^^^^^^^^^^^^^^^^^^^^^^^^^
  File "/root/QuestionInsight/.venv/lib/python3.12/site-packages/radon/visitors.py", line 133, in from_code
    return cls.from_ast(code2ast(code), **kwargs)
                        ^^^^^^^^^^^^^^
  File "/root/QuestionInsight/.venv/lib/python3.12/site-packages/radon/visitors.py", line 48, in code2ast
    return ast.parse(source)
           ^^^^^^^^^^^^^^^^^
  File "/usr/lib/python3.12/ast.py", line 52, in parse
    return compile(source, filename, mode, flags,
           ^^^^^^^^^^^^^^^^^^^^^^^^^^^^^^^^^^^^^^
  File "<unknown>", line 8
    	elif v[i] > :
    	            ^
SyntaxError: invalid syntax
2025-08-18 19:31:20,531 cblogger [ERROR]: 		Error while extracting halsted code metrics: invalid syntax (<unknown>, line 8)
Traceback (most recent call last):
  File "/root/QuestionInsight/Etapa_1/codebench-mining-tool/util.py", line 569, in extract_halstead_metrics
    h = h_visit(code)
        ^^^^^^^^^^^^^
  File "/root/QuestionInsight/.venv/lib/python3.12/site-packages/radon/metrics.py", line 29, in h_visit
    return h_visit_ast(ast.parse(code))
                       ^^^^^^^^^^^^^^^
  File "/usr/lib/python3.12/ast.py", line 52, in parse
    return compile(source, filename, mode, flags,
           ^^^^^^^^^^^^^^^^^^^^^^^^^^^^^^^^^^^^^^
  File "<unknown>", line 8
    	elif v[i] > :
    	            ^
SyntaxError: invalid syntax
2025-08-18 19:31:20,662 cblogger [ERROR]: 		Error while extracting code complexity metrics: invalid non-printable character U+200B (<unknown>, line 25)
Traceback (most recent call last):
  File "/root/QuestionInsight/Etapa_1/codebench-mining-tool/util.py", line 551, in extract_complexity_metrics
    v = ComplexityVisitor.from_code(code)
        ^^^^^^^^^^^^^^^^^^^^^^^^^^^^^^^^^
  File "/root/QuestionInsight/.venv/lib/python3.12/site-packages/radon/visitors.py", line 133, in from_code
    return cls.from_ast(code2ast(code), **kwargs)
                        ^^^^^^^^^^^^^^
  File "/root/QuestionInsight/.venv/lib/python3.12/site-packages/radon/visitors.py", line 48, in code2ast
    return ast.parse(source)
           ^^^^^^^^^^^^^^^^^
  File "/usr/lib/python3.12/ast.py", line 52, in parse
    return compile(source, filename, mode, flags,
           ^^^^^^^^^^^^^^^^^^^^^^^^^^^^^^^^^^^^^^
  File "<unknown>", line 25
    - Se as medidas são válidas, o programa calcula a área do triângulo usando a fórmula de Heron: área = raiz quadrada de p(p - a)(p - b)(p - c), onde p é o semi-perímetro (metade do perímetro) do triângulo​# Ao testar sua solução, não se limite ao caso de exemplo.
                                                                                                                                                                                                               ^
SyntaxError: invalid non-printable character U+200B
2025-08-18 19:31:20,666 cblogger [ERROR]: 		Error while extracting halsted code metrics: invalid non-printable character U+200B (<unknown>, line 25)
Traceback (most recent call last):
  File "/root/QuestionInsight/Etapa_1/codebench-mining-tool/util.py", line 569, in extract_halstead_metrics
    h = h_visit(code)
        ^^^^^^^^^^^^^
  File "/root/QuestionInsight/.venv/lib/python3.12/site-packages/radon/metrics.py", line 29, in h_visit
    return h_visit_ast(ast.parse(code))
                       ^^^^^^^^^^^^^^^
  File "/usr/lib/python3.12/ast.py", line 52, in parse
    return compile(source, filename, mode, flags,
           ^^^^^^^^^^^^^^^^^^^^^^^^^^^^^^^^^^^^^^
  File "<unknown>", line 25
    - Se as medidas são válidas, o programa calcula a área do triângulo usando a fórmula de Heron: área = raiz quadrada de p(p - a)(p - b)(p - c), onde p é o semi-perímetro (metade do perímetro) do triângulo​# Ao testar sua solução, não se limite ao caso de exemplo.
                                                                                                                                                                                                               ^
SyntaxError: invalid non-printable character U+200B
2025-08-18 19:31:20,668 cblogger [ERROR]: 		Error while extracting code token based metrics: 55
Traceback (most recent call last):
  File "/root/QuestionInsight/Etapa_1/codebench-mining-tool/util.py", line 633, in extract_token_metrics
    setattr(obj, TOKEN_NAMES[k], v)
                 ~~~~~~~~~~~^^^
KeyError: 55
2025-08-18 19:31:20,683 cblogger [ERROR]: 		Error while extracting code complexity metrics: invalid syntax (<unknown>, line 1)
Traceback (most recent call last):
  File "/root/QuestionInsight/Etapa_1/codebench-mining-tool/util.py", line 551, in extract_complexity_metrics
    v = ComplexityVisitor.from_code(code)
        ^^^^^^^^^^^^^^^^^^^^^^^^^^^^^^^^^
  File "/root/QuestionInsight/.venv/lib/python3.12/site-packages/radon/visitors.py", line 133, in from_code
    return cls.from_ast(code2ast(code), **kwargs)
                        ^^^^^^^^^^^^^^
  File "/root/QuestionInsight/.venv/lib/python3.12/site-packages/radon/visitors.py", line 48, in code2ast
    return ast.parse(source)
           ^^^^^^^^^^^^^^^^^
  File "/usr/lib/python3.12/ast.py", line 52, in parse
    return compile(source, filename, mode, flags,
           ^^^^^^^^^^^^^^^^^^^^^^^^^^^^^^^^^^^^^^
  File "<unknown>", line 1
    conta=
          ^
SyntaxError: invalid syntax
2025-08-18 19:31:20,684 cblogger [ERROR]: 		Error while extracting halsted code metrics: invalid syntax (<unknown>, line 1)
Traceback (most recent call last):
  File "/root/QuestionInsight/Etapa_1/codebench-mining-tool/util.py", line 569, in extract_halstead_metrics
    h = h_visit(code)
        ^^^^^^^^^^^^^
  File "/root/QuestionInsight/.venv/lib/python3.12/site-packages/radon/metrics.py", line 29, in h_visit
    return h_visit_ast(ast.parse(code))
                       ^^^^^^^^^^^^^^^
  File "/usr/lib/python3.12/ast.py", line 52, in parse
    return compile(source, filename, mode, flags,
           ^^^^^^^^^^^^^^^^^^^^^^^^^^^^^^^^^^^^^^
  File "<unknown>", line 1
    conta=
          ^
SyntaxError: invalid syntax
2025-08-18 19:31:20,748 cblogger [ERROR]: 		Error while extracting code complexity metrics: inconsistent use of tabs and spaces in indentation (<unknown>, line 6)
Traceback (most recent call last):
  File "/root/QuestionInsight/Etapa_1/codebench-mining-tool/util.py", line 551, in extract_complexity_metrics
    v = ComplexityVisitor.from_code(code)
        ^^^^^^^^^^^^^^^^^^^^^^^^^^^^^^^^^
  File "/root/QuestionInsight/.venv/lib/python3.12/site-packages/radon/visitors.py", line 133, in from_code
    return cls.from_ast(code2ast(code), **kwargs)
                        ^^^^^^^^^^^^^^
  File "/root/QuestionInsight/.venv/lib/python3.12/site-packages/radon/visitors.py", line 48, in code2ast
    return ast.parse(source)
           ^^^^^^^^^^^^^^^^^
  File "/usr/lib/python3.12/ast.py", line 52, in parse
    return compile(source, filename, mode, flags,
           ^^^^^^^^^^^^^^^^^^^^^^^^^^^^^^^^^^^^^^
  File "<unknown>", line 6
    	elif qdr<1 or qdr>50:
    ^
TabError: inconsistent use of tabs and spaces in indentation
2025-08-18 19:31:20,749 cblogger [ERROR]: 		Error while extracting halsted code metrics: inconsistent use of tabs and spaces in indentation (<unknown>, line 6)
Traceback (most recent call last):
  File "/root/QuestionInsight/Etapa_1/codebench-mining-tool/util.py", line 569, in extract_halstead_metrics
    h = h_visit(code)
        ^^^^^^^^^^^^^
  File "/root/QuestionInsight/.venv/lib/python3.12/site-packages/radon/metrics.py", line 29, in h_visit
    return h_visit_ast(ast.parse(code))
                       ^^^^^^^^^^^^^^^
  File "/usr/lib/python3.12/ast.py", line 52, in parse
    return compile(source, filename, mode, flags,
           ^^^^^^^^^^^^^^^^^^^^^^^^^^^^^^^^^^^^^^
  File "<unknown>", line 6
    	elif qdr<1 or qdr>50:
    ^
TabError: inconsistent use of tabs and spaces in indentation
2025-08-18 19:31:20,801 cblogger [ERROR]: 		Error while extracting code complexity metrics: invalid syntax (<unknown>, line 2)
Traceback (most recent call last):
  File "/root/QuestionInsight/Etapa_1/codebench-mining-tool/util.py", line 551, in extract_complexity_metrics
    v = ComplexityVisitor.from_code(code)
        ^^^^^^^^^^^^^^^^^^^^^^^^^^^^^^^^^
  File "/root/QuestionInsight/.venv/lib/python3.12/site-packages/radon/visitors.py", line 133, in from_code
    return cls.from_ast(code2ast(code), **kwargs)
                        ^^^^^^^^^^^^^^
  File "/root/QuestionInsight/.venv/lib/python3.12/site-packages/radon/visitors.py", line 48, in code2ast
    return ast.parse(source)
           ^^^^^^^^^^^^^^^^^
  File "/usr/lib/python3.12/ast.py", line 52, in parse
    return compile(source, filename, mode, flags,
           ^^^^^^^^^^^^^^^^^^^^^^^^^^^^^^^^^^^^^^
  File "<unknown>", line 2
    if 
       ^
SyntaxError: invalid syntax
2025-08-18 19:31:20,802 cblogger [ERROR]: 		Error while extracting halsted code metrics: invalid syntax (<unknown>, line 2)
Traceback (most recent call last):
  File "/root/QuestionInsight/Etapa_1/codebench-mining-tool/util.py", line 569, in extract_halstead_metrics
    h = h_visit(code)
        ^^^^^^^^^^^^^
  File "/root/QuestionInsight/.venv/lib/python3.12/site-packages/radon/metrics.py", line 29, in h_visit
    return h_visit_ast(ast.parse(code))
                       ^^^^^^^^^^^^^^^
  File "/usr/lib/python3.12/ast.py", line 52, in parse
    return compile(source, filename, mode, flags,
           ^^^^^^^^^^^^^^^^^^^^^^^^^^^^^^^^^^^^^^
  File "<unknown>", line 2
    if 
       ^
SyntaxError: invalid syntax
2025-08-18 19:31:20,833 cblogger [ERROR]: 		Error while extracting code complexity metrics: unindent does not match any outer indentation level (<unknown>, line 8)
Traceback (most recent call last):
  File "/root/QuestionInsight/Etapa_1/codebench-mining-tool/util.py", line 551, in extract_complexity_metrics
    v = ComplexityVisitor.from_code(code)
        ^^^^^^^^^^^^^^^^^^^^^^^^^^^^^^^^^
  File "/root/QuestionInsight/.venv/lib/python3.12/site-packages/radon/visitors.py", line 133, in from_code
    return cls.from_ast(code2ast(code), **kwargs)
                        ^^^^^^^^^^^^^^
  File "/root/QuestionInsight/.venv/lib/python3.12/site-packages/radon/visitors.py", line 48, in code2ast
    return ast.parse(source)
           ^^^^^^^^^^^^^^^^^
  File "/usr/lib/python3.12/ast.py", line 52, in parse
    return compile(source, filename, mode, flags,
           ^^^^^^^^^^^^^^^^^^^^^^^^^^^^^^^^^^^^^^
  File "<unknown>", line 8
    print(aprovados)
                    ^
IndentationError: unindent does not match any outer indentation level
2025-08-18 19:31:20,834 cblogger [ERROR]: 		Error while extracting halsted code metrics: unindent does not match any outer indentation level (<unknown>, line 8)
Traceback (most recent call last):
  File "/root/QuestionInsight/Etapa_1/codebench-mining-tool/util.py", line 569, in extract_halstead_metrics
    h = h_visit(code)
        ^^^^^^^^^^^^^
  File "/root/QuestionInsight/.venv/lib/python3.12/site-packages/radon/metrics.py", line 29, in h_visit
    return h_visit_ast(ast.parse(code))
                       ^^^^^^^^^^^^^^^
  File "/usr/lib/python3.12/ast.py", line 52, in parse
    return compile(source, filename, mode, flags,
           ^^^^^^^^^^^^^^^^^^^^^^^^^^^^^^^^^^^^^^
  File "<unknown>", line 8
    print(aprovados)
                    ^
IndentationError: unindent does not match any outer indentation level
2025-08-18 19:31:20,839 cblogger [ERROR]: 		Error while extracting code complexity metrics: unindent does not match any outer indentation level (<unknown>, line 6)
Traceback (most recent call last):
  File "/root/QuestionInsight/Etapa_1/codebench-mining-tool/util.py", line 551, in extract_complexity_metrics
    v = ComplexityVisitor.from_code(code)
        ^^^^^^^^^^^^^^^^^^^^^^^^^^^^^^^^^
  File "/root/QuestionInsight/.venv/lib/python3.12/site-packages/radon/visitors.py", line 133, in from_code
    return cls.from_ast(code2ast(code), **kwargs)
                        ^^^^^^^^^^^^^^
  File "/root/QuestionInsight/.venv/lib/python3.12/site-packages/radon/visitors.py", line 48, in code2ast
    return ast.parse(source)
           ^^^^^^^^^^^^^^^^^
  File "/usr/lib/python3.12/ast.py", line 52, in parse
    return compile(source, filename, mode, flags,
           ^^^^^^^^^^^^^^^^^^^^^^^^^^^^^^^^^^^^^^
  File "<unknown>", line 6
    valortotal=pdpj+(pdsj-(pdsj*(25/100)))
                                          ^
IndentationError: unindent does not match any outer indentation level
2025-08-18 19:31:20,840 cblogger [ERROR]: 		Error while extracting halsted code metrics: unindent does not match any outer indentation level (<unknown>, line 6)
Traceback (most recent call last):
  File "/root/QuestionInsight/Etapa_1/codebench-mining-tool/util.py", line 569, in extract_halstead_metrics
    h = h_visit(code)
        ^^^^^^^^^^^^^
  File "/root/QuestionInsight/.venv/lib/python3.12/site-packages/radon/metrics.py", line 29, in h_visit
    return h_visit_ast(ast.parse(code))
                       ^^^^^^^^^^^^^^^
  File "/usr/lib/python3.12/ast.py", line 52, in parse
    return compile(source, filename, mode, flags,
           ^^^^^^^^^^^^^^^^^^^^^^^^^^^^^^^^^^^^^^
  File "<unknown>", line 6
    valortotal=pdpj+(pdsj-(pdsj*(25/100)))
                                          ^
IndentationError: unindent does not match any outer indentation level
2025-08-18 19:31:20,993 cblogger [ERROR]: 		Error while extracting code complexity metrics: invalid syntax. Perhaps you forgot a comma? (<unknown>, line 1)
Traceback (most recent call last):
  File "/root/QuestionInsight/Etapa_1/codebench-mining-tool/util.py", line 551, in extract_complexity_metrics
    v = ComplexityVisitor.from_code(code)
        ^^^^^^^^^^^^^^^^^^^^^^^^^^^^^^^^^
  File "/root/QuestionInsight/.venv/lib/python3.12/site-packages/radon/visitors.py", line 133, in from_code
    return cls.from_ast(code2ast(code), **kwargs)
                        ^^^^^^^^^^^^^^
  File "/root/QuestionInsight/.venv/lib/python3.12/site-packages/radon/visitors.py", line 48, in code2ast
    return ast.parse(source)
           ^^^^^^^^^^^^^^^^^
  File "/usr/lib/python3.12/ast.py", line 52, in parse
    return compile(source, filename, mode, flags,
           ^^^^^^^^^^^^^^^^^^^^^^^^^^^^^^^^^^^^^^
  File "<unknown>", line 1
    var1=float(input(valor de A:))
                     ^^^^^^^^
SyntaxError: invalid syntax. Perhaps you forgot a comma?
2025-08-18 19:31:20,993 cblogger [ERROR]: 		Error while extracting halsted code metrics: invalid syntax. Perhaps you forgot a comma? (<unknown>, line 1)
Traceback (most recent call last):
  File "/root/QuestionInsight/Etapa_1/codebench-mining-tool/util.py", line 569, in extract_halstead_metrics
    h = h_visit(code)
        ^^^^^^^^^^^^^
  File "/root/QuestionInsight/.venv/lib/python3.12/site-packages/radon/metrics.py", line 29, in h_visit
    return h_visit_ast(ast.parse(code))
                       ^^^^^^^^^^^^^^^
  File "/usr/lib/python3.12/ast.py", line 52, in parse
    return compile(source, filename, mode, flags,
           ^^^^^^^^^^^^^^^^^^^^^^^^^^^^^^^^^^^^^^
  File "<unknown>", line 1
    var1=float(input(valor de A:))
                     ^^^^^^^^
SyntaxError: invalid syntax. Perhaps you forgot a comma?
2025-08-18 19:31:21,014 cblogger [ERROR]: 		Error while extracting code complexity metrics: invalid syntax (<unknown>, line 7)
Traceback (most recent call last):
  File "/root/QuestionInsight/Etapa_1/codebench-mining-tool/util.py", line 551, in extract_complexity_metrics
    v = ComplexityVisitor.from_code(code)
        ^^^^^^^^^^^^^^^^^^^^^^^^^^^^^^^^^
  File "/root/QuestionInsight/.venv/lib/python3.12/site-packages/radon/visitors.py", line 133, in from_code
    return cls.from_ast(code2ast(code), **kwargs)
                        ^^^^^^^^^^^^^^
  File "/root/QuestionInsight/.venv/lib/python3.12/site-packages/radon/visitors.py", line 48, in code2ast
    return ast.parse(source)
           ^^^^^^^^^^^^^^^^^
  File "/usr/lib/python3.12/ast.py", line 52, in parse
    return compile(source, filename, mode, flags,
           ^^^^^^^^^^^^^^^^^^^^^^^^^^^^^^^^^^^^^^
  File "<unknown>", line 7
    	if ist==
    	        ^
SyntaxError: invalid syntax
2025-08-18 19:31:21,015 cblogger [ERROR]: 		Error while extracting halsted code metrics: invalid syntax (<unknown>, line 7)
Traceback (most recent call last):
  File "/root/QuestionInsight/Etapa_1/codebench-mining-tool/util.py", line 569, in extract_halstead_metrics
    h = h_visit(code)
        ^^^^^^^^^^^^^
  File "/root/QuestionInsight/.venv/lib/python3.12/site-packages/radon/metrics.py", line 29, in h_visit
    return h_visit_ast(ast.parse(code))
                       ^^^^^^^^^^^^^^^
  File "/usr/lib/python3.12/ast.py", line 52, in parse
    return compile(source, filename, mode, flags,
           ^^^^^^^^^^^^^^^^^^^^^^^^^^^^^^^^^^^^^^
  File "<unknown>", line 7
    	if ist==
    	        ^
SyntaxError: invalid syntax
2025-08-18 19:31:21,017 cblogger [ERROR]: 		Error while extracting code complexity metrics: expected ':' (<unknown>, line 5)
Traceback (most recent call last):
  File "/root/QuestionInsight/Etapa_1/codebench-mining-tool/util.py", line 551, in extract_complexity_metrics
    v = ComplexityVisitor.from_code(code)
        ^^^^^^^^^^^^^^^^^^^^^^^^^^^^^^^^^
  File "/root/QuestionInsight/.venv/lib/python3.12/site-packages/radon/visitors.py", line 133, in from_code
    return cls.from_ast(code2ast(code), **kwargs)
                        ^^^^^^^^^^^^^^
  File "/root/QuestionInsight/.venv/lib/python3.12/site-packages/radon/visitors.py", line 48, in code2ast
    return ast.parse(source)
           ^^^^^^^^^^^^^^^^^
  File "/usr/lib/python3.12/ast.py", line 52, in parse
    return compile(source, filename, mode, flags,
           ^^^^^^^^^^^^^^^^^^^^^^^^^^^^^^^^^^^^^^
  File "<unknown>", line 5
    if (0<=pne)
               ^
SyntaxError: expected ':'
2025-08-18 19:31:21,020 cblogger [ERROR]: 		Error while extracting halsted code metrics: expected ':' (<unknown>, line 5)
Traceback (most recent call last):
  File "/root/QuestionInsight/Etapa_1/codebench-mining-tool/util.py", line 569, in extract_halstead_metrics
    h = h_visit(code)
        ^^^^^^^^^^^^^
  File "/root/QuestionInsight/.venv/lib/python3.12/site-packages/radon/metrics.py", line 29, in h_visit
    return h_visit_ast(ast.parse(code))
                       ^^^^^^^^^^^^^^^
  File "/usr/lib/python3.12/ast.py", line 52, in parse
    return compile(source, filename, mode, flags,
           ^^^^^^^^^^^^^^^^^^^^^^^^^^^^^^^^^^^^^^
  File "<unknown>", line 5
    if (0<=pne)
               ^
SyntaxError: expected ':'
2025-08-18 19:31:21,048 cblogger [ERROR]: 		Error while extracting code complexity metrics: expected an indented block after 'while' statement on line 5 (<unknown>, line 6)
Traceback (most recent call last):
  File "/root/QuestionInsight/Etapa_1/codebench-mining-tool/util.py", line 551, in extract_complexity_metrics
    v = ComplexityVisitor.from_code(code)
        ^^^^^^^^^^^^^^^^^^^^^^^^^^^^^^^^^
  File "/root/QuestionInsight/.venv/lib/python3.12/site-packages/radon/visitors.py", line 133, in from_code
    return cls.from_ast(code2ast(code), **kwargs)
                        ^^^^^^^^^^^^^^
  File "/root/QuestionInsight/.venv/lib/python3.12/site-packages/radon/visitors.py", line 48, in code2ast
    return ast.parse(source)
           ^^^^^^^^^^^^^^^^^
  File "/usr/lib/python3.12/ast.py", line 52, in parse
    return compile(source, filename, mode, flags,
           ^^^^^^^^^^^^^^^^^^^^^^^^^^^^^^^^^^^^^^
  File "<unknown>", line 6
    	
    	^
IndentationError: expected an indented block after 'while' statement on line 5
2025-08-18 19:31:21,061 cblogger [ERROR]: 		Error while extracting halsted code metrics: expected an indented block after 'while' statement on line 5 (<unknown>, line 6)
Traceback (most recent call last):
  File "/root/QuestionInsight/Etapa_1/codebench-mining-tool/util.py", line 569, in extract_halstead_metrics
    h = h_visit(code)
        ^^^^^^^^^^^^^
  File "/root/QuestionInsight/.venv/lib/python3.12/site-packages/radon/metrics.py", line 29, in h_visit
    return h_visit_ast(ast.parse(code))
                       ^^^^^^^^^^^^^^^
  File "/usr/lib/python3.12/ast.py", line 52, in parse
    return compile(source, filename, mode, flags,
           ^^^^^^^^^^^^^^^^^^^^^^^^^^^^^^^^^^^^^^
  File "<unknown>", line 6
    	
    	^
IndentationError: expected an indented block after 'while' statement on line 5
2025-08-18 19:31:21,131 cblogger [ERROR]: 		Error while extracting code complexity metrics: invalid syntax (<unknown>, line 6)
Traceback (most recent call last):
  File "/root/QuestionInsight/Etapa_1/codebench-mining-tool/util.py", line 551, in extract_complexity_metrics
    v = ComplexityVisitor.from_code(code)
        ^^^^^^^^^^^^^^^^^^^^^^^^^^^^^^^^^
  File "/root/QuestionInsight/.venv/lib/python3.12/site-packages/radon/visitors.py", line 133, in from_code
    return cls.from_ast(code2ast(code), **kwargs)
                        ^^^^^^^^^^^^^^
  File "/root/QuestionInsight/.venv/lib/python3.12/site-packages/radon/visitors.py", line 48, in code2ast
    return ast.parse(source)
           ^^^^^^^^^^^^^^^^^
  File "/usr/lib/python3.12/ast.py", line 52, in parse
    return compile(source, filename, mode, flags,
           ^^^^^^^^^^^^^^^^^^^^^^^^^^^^^^^^^^^^^^
  File "<unknown>", line 6
    while n1!n:
            ^
SyntaxError: invalid syntax
2025-08-18 19:31:21,132 cblogger [ERROR]: 		Error while extracting halsted code metrics: invalid syntax (<unknown>, line 6)
Traceback (most recent call last):
  File "/root/QuestionInsight/Etapa_1/codebench-mining-tool/util.py", line 569, in extract_halstead_metrics
    h = h_visit(code)
        ^^^^^^^^^^^^^
  File "/root/QuestionInsight/.venv/lib/python3.12/site-packages/radon/metrics.py", line 29, in h_visit
    return h_visit_ast(ast.parse(code))
                       ^^^^^^^^^^^^^^^
  File "/usr/lib/python3.12/ast.py", line 52, in parse
    return compile(source, filename, mode, flags,
           ^^^^^^^^^^^^^^^^^^^^^^^^^^^^^^^^^^^^^^
  File "<unknown>", line 6
    while n1!n:
            ^
SyntaxError: invalid syntax
2025-08-18 19:31:21,149 cblogger [ERROR]: 		Error while extracting code complexity metrics: '(' was never closed (<unknown>, line 4)
Traceback (most recent call last):
  File "/root/QuestionInsight/Etapa_1/codebench-mining-tool/util.py", line 551, in extract_complexity_metrics
    v = ComplexityVisitor.from_code(code)
        ^^^^^^^^^^^^^^^^^^^^^^^^^^^^^^^^^
  File "/root/QuestionInsight/.venv/lib/python3.12/site-packages/radon/visitors.py", line 133, in from_code
    return cls.from_ast(code2ast(code), **kwargs)
                        ^^^^^^^^^^^^^^
  File "/root/QuestionInsight/.venv/lib/python3.12/site-packages/radon/visitors.py", line 48, in code2ast
    return ast.parse(source)
           ^^^^^^^^^^^^^^^^^
  File "/usr/lib/python3.12/ast.py", line 52, in parse
    return compile(source, filename, mode, flags,
           ^^^^^^^^^^^^^^^^^^^^^^^^^^^^^^^^^^^^^^
  File "<unknown>", line 4
    a=(r*cos((pi/n))
      ^
SyntaxError: '(' was never closed
2025-08-18 19:31:21,150 cblogger [ERROR]: 		Error while extracting code size based metrics: SyntaxError at line: 4
Traceback (most recent call last):
  File "/root/QuestionInsight/.venv/lib/python3.12/site-packages/radon/raw.py", line 210, in analyze
    tokens, parsed_lines = _get_all_tokens(line, lines)
                           ^^^^^^^^^^^^^^^^^^^^^^^^^^^^
  File "/root/QuestionInsight/.venv/lib/python3.12/site-packages/radon/raw.py", line 117, in _get_all_tokens
    next_line = next(lines)
                ^^^^^^^^^^^
StopIteration

During handling of the above exception, another exception occurred:

Traceback (most recent call last):
  File "/root/QuestionInsight/Etapa_1/codebench-mining-tool/util.py", line 560, in extract_size_metrics
    a = analyze(code)
        ^^^^^^^^^^^^^
  File "/root/QuestionInsight/.venv/lib/python3.12/site-packages/radon/raw.py", line 212, in analyze
    raise SyntaxError('SyntaxError at line: {0}'.format(lineno))
SyntaxError: SyntaxError at line: 4
2025-08-18 19:31:21,151 cblogger [ERROR]: 		Error while extracting halsted code metrics: '(' was never closed (<unknown>, line 4)
Traceback (most recent call last):
  File "/root/QuestionInsight/Etapa_1/codebench-mining-tool/util.py", line 569, in extract_halstead_metrics
    h = h_visit(code)
        ^^^^^^^^^^^^^
  File "/root/QuestionInsight/.venv/lib/python3.12/site-packages/radon/metrics.py", line 29, in h_visit
    return h_visit_ast(ast.parse(code))
                       ^^^^^^^^^^^^^^^
  File "/usr/lib/python3.12/ast.py", line 52, in parse
    return compile(source, filename, mode, flags,
           ^^^^^^^^^^^^^^^^^^^^^^^^^^^^^^^^^^^^^^
  File "<unknown>", line 4
    a=(r*cos((pi/n))
      ^
SyntaxError: '(' was never closed
2025-08-18 19:31:21,180 cblogger [ERROR]: 		Error while extracting code complexity metrics: invalid syntax (<unknown>, line 2)
Traceback (most recent call last):
  File "/root/QuestionInsight/Etapa_1/codebench-mining-tool/util.py", line 551, in extract_complexity_metrics
    v = ComplexityVisitor.from_code(code)
        ^^^^^^^^^^^^^^^^^^^^^^^^^^^^^^^^^
  File "/root/QuestionInsight/.venv/lib/python3.12/site-packages/radon/visitors.py", line 133, in from_code
    return cls.from_ast(code2ast(code), **kwargs)
                        ^^^^^^^^^^^^^^
  File "/root/QuestionInsight/.venv/lib/python3.12/site-packages/radon/visitors.py", line 48, in code2ast
    return ast.parse(source)
           ^^^^^^^^^^^^^^^^^
  File "/usr/lib/python3.12/ast.py", line 52, in parse
    return compile(source, filename, mode, flags,
           ^^^^^^^^^^^^^^^^^^^^^^^^^^^^^^^^^^^^^^
  File "<unknown>", line 2
    =float(input("raio="))
    ^
SyntaxError: invalid syntax
2025-08-18 19:31:21,181 cblogger [ERROR]: 		Error while extracting code size based metrics: SyntaxError at line: 4
Traceback (most recent call last):
  File "/root/QuestionInsight/.venv/lib/python3.12/site-packages/radon/raw.py", line 210, in analyze
    tokens, parsed_lines = _get_all_tokens(line, lines)
                           ^^^^^^^^^^^^^^^^^^^^^^^^^^^^
  File "/root/QuestionInsight/.venv/lib/python3.12/site-packages/radon/raw.py", line 117, in _get_all_tokens
    next_line = next(lines)
                ^^^^^^^^^^^
StopIteration

During handling of the above exception, another exception occurred:

Traceback (most recent call last):
  File "/root/QuestionInsight/Etapa_1/codebench-mining-tool/util.py", line 560, in extract_size_metrics
    a = analyze(code)
        ^^^^^^^^^^^^^
  File "/root/QuestionInsight/.venv/lib/python3.12/site-packages/radon/raw.py", line 212, in analyze
    raise SyntaxError('SyntaxError at line: {0}'.format(lineno))
SyntaxError: SyntaxError at line: 4
2025-08-18 19:31:21,181 cblogger [ERROR]: 		Error while extracting halsted code metrics: invalid syntax (<unknown>, line 2)
Traceback (most recent call last):
  File "/root/QuestionInsight/Etapa_1/codebench-mining-tool/util.py", line 569, in extract_halstead_metrics
    h = h_visit(code)
        ^^^^^^^^^^^^^
  File "/root/QuestionInsight/.venv/lib/python3.12/site-packages/radon/metrics.py", line 29, in h_visit
    return h_visit_ast(ast.parse(code))
                       ^^^^^^^^^^^^^^^
  File "/usr/lib/python3.12/ast.py", line 52, in parse
    return compile(source, filename, mode, flags,
           ^^^^^^^^^^^^^^^^^^^^^^^^^^^^^^^^^^^^^^
  File "<unknown>", line 2
    =float(input("raio="))
    ^
SyntaxError: invalid syntax
2025-08-18 19:31:21,750 cblogger [ERROR]: 		Error while extracting code complexity metrics: expected ':' (<unknown>, line 3)
Traceback (most recent call last):
  File "/root/QuestionInsight/Etapa_1/codebench-mining-tool/util.py", line 551, in extract_complexity_metrics
    v = ComplexityVisitor.from_code(code)
        ^^^^^^^^^^^^^^^^^^^^^^^^^^^^^^^^^
  File "/root/QuestionInsight/.venv/lib/python3.12/site-packages/radon/visitors.py", line 133, in from_code
    return cls.from_ast(code2ast(code), **kwargs)
                        ^^^^^^^^^^^^^^
  File "/root/QuestionInsight/.venv/lib/python3.12/site-packages/radon/visitors.py", line 48, in code2ast
    return ast.parse(source)
           ^^^^^^^^^^^^^^^^^
  File "/usr/lib/python3.12/ast.py", line 52, in parse
    return compile(source, filename, mode, flags,
           ^^^^^^^^^^^^^^^^^^^^^^^^^^^^^^^^^^^^^^
  File "<unknown>", line 3
    while ()
            ^
SyntaxError: expected ':'
2025-08-18 19:31:21,751 cblogger [ERROR]: 		Error while extracting halsted code metrics: expected ':' (<unknown>, line 3)
Traceback (most recent call last):
  File "/root/QuestionInsight/Etapa_1/codebench-mining-tool/util.py", line 569, in extract_halstead_metrics
    h = h_visit(code)
        ^^^^^^^^^^^^^
  File "/root/QuestionInsight/.venv/lib/python3.12/site-packages/radon/metrics.py", line 29, in h_visit
    return h_visit_ast(ast.parse(code))
                       ^^^^^^^^^^^^^^^
  File "/usr/lib/python3.12/ast.py", line 52, in parse
    return compile(source, filename, mode, flags,
           ^^^^^^^^^^^^^^^^^^^^^^^^^^^^^^^^^^^^^^
  File "<unknown>", line 3
    while ()
            ^
SyntaxError: expected ':'
2025-08-18 19:31:22,026 cblogger [ERROR]: 		Error while extracting code complexity metrics: invalid syntax (<unknown>, line 6)
Traceback (most recent call last):
  File "/root/QuestionInsight/Etapa_1/codebench-mining-tool/util.py", line 551, in extract_complexity_metrics
    v = ComplexityVisitor.from_code(code)
        ^^^^^^^^^^^^^^^^^^^^^^^^^^^^^^^^^
  File "/root/QuestionInsight/.venv/lib/python3.12/site-packages/radon/visitors.py", line 133, in from_code
    return cls.from_ast(code2ast(code), **kwargs)
                        ^^^^^^^^^^^^^^
  File "/root/QuestionInsight/.venv/lib/python3.12/site-packages/radon/visitors.py", line 48, in code2ast
    return ast.parse(source)
           ^^^^^^^^^^^^^^^^^
  File "/usr/lib/python3.12/ast.py", line 52, in parse
    return compile(source, filename, mode, flags,
           ^^^^^^^^^^^^^^^^^^^^^^^^^^^^^^^^^^^^^^
  File "<unknown>", line 6
    tt = a1 + ahttps://www.google.com/amp/s/tecnoblog.net/responde/instagram-hackeado-veja-como-recuperar-a-sua-conta-invadida/amp2 
                    ^
SyntaxError: invalid syntax
2025-08-18 19:31:22,027 cblogger [ERROR]: 		Error while extracting halsted code metrics: invalid syntax (<unknown>, line 6)
Traceback (most recent call last):
  File "/root/QuestionInsight/Etapa_1/codebench-mining-tool/util.py", line 569, in extract_halstead_metrics
    h = h_visit(code)
        ^^^^^^^^^^^^^
  File "/root/QuestionInsight/.venv/lib/python3.12/site-packages/radon/metrics.py", line 29, in h_visit
    return h_visit_ast(ast.parse(code))
                       ^^^^^^^^^^^^^^^
  File "/usr/lib/python3.12/ast.py", line 52, in parse
    return compile(source, filename, mode, flags,
           ^^^^^^^^^^^^^^^^^^^^^^^^^^^^^^^^^^^^^^
  File "<unknown>", line 6
    tt = a1 + ahttps://www.google.com/amp/s/tecnoblog.net/responde/instagram-hackeado-veja-como-recuperar-a-sua-conta-invadida/amp2 
                    ^
SyntaxError: invalid syntax
2025-08-18 19:31:22,259 cblogger [ERROR]: 		Error while extracting code complexity metrics: expected an indented block after 'while' statement on line 7 (<unknown>, line 7)
Traceback (most recent call last):
  File "/root/QuestionInsight/Etapa_1/codebench-mining-tool/util.py", line 551, in extract_complexity_metrics
    v = ComplexityVisitor.from_code(code)
        ^^^^^^^^^^^^^^^^^^^^^^^^^^^^^^^^^
  File "/root/QuestionInsight/.venv/lib/python3.12/site-packages/radon/visitors.py", line 133, in from_code
    return cls.from_ast(code2ast(code), **kwargs)
                        ^^^^^^^^^^^^^^
  File "/root/QuestionInsight/.venv/lib/python3.12/site-packages/radon/visitors.py", line 48, in code2ast
    return ast.parse(source)
           ^^^^^^^^^^^^^^^^^
  File "/usr/lib/python3.12/ast.py", line 52, in parse
    return compile(source, filename, mode, flags,
           ^^^^^^^^^^^^^^^^^^^^^^^^^^^^^^^^^^^^^^
  File "<unknown>", line 7
    while (aab > aa): 
                      ^
IndentationError: expected an indented block after 'while' statement on line 7
2025-08-18 19:31:22,260 cblogger [ERROR]: 		Error while extracting halsted code metrics: expected an indented block after 'while' statement on line 7 (<unknown>, line 7)
Traceback (most recent call last):
  File "/root/QuestionInsight/Etapa_1/codebench-mining-tool/util.py", line 569, in extract_halstead_metrics
    h = h_visit(code)
        ^^^^^^^^^^^^^
  File "/root/QuestionInsight/.venv/lib/python3.12/site-packages/radon/metrics.py", line 29, in h_visit
    return h_visit_ast(ast.parse(code))
                       ^^^^^^^^^^^^^^^
  File "/usr/lib/python3.12/ast.py", line 52, in parse
    return compile(source, filename, mode, flags,
           ^^^^^^^^^^^^^^^^^^^^^^^^^^^^^^^^^^^^^^
  File "<unknown>", line 7
    while (aab > aa): 
                      ^
IndentationError: expected an indented block after 'while' statement on line 7
2025-08-18 19:31:22,529 cblogger [ERROR]: 		Error while extracting code complexity metrics: invalid syntax (<unknown>, line 3)
Traceback (most recent call last):
  File "/root/QuestionInsight/Etapa_1/codebench-mining-tool/util.py", line 551, in extract_complexity_metrics
    v = ComplexityVisitor.from_code(code)
        ^^^^^^^^^^^^^^^^^^^^^^^^^^^^^^^^^
  File "/root/QuestionInsight/.venv/lib/python3.12/site-packages/radon/visitors.py", line 133, in from_code
    return cls.from_ast(code2ast(code), **kwargs)
                        ^^^^^^^^^^^^^^
  File "/root/QuestionInsight/.venv/lib/python3.12/site-packages/radon/visitors.py", line 48, in code2ast
    return ast.parse(source)
           ^^^^^^^^^^^^^^^^^
  File "/usr/lib/python3.12/ast.py", line 52, in parse
    return compile(source, filename, mode, flags,
           ^^^^^^^^^^^^^^^^^^^^^^^^^^^^^^^^^^^^^^
  File "<unknown>", line 3
    ]
    ^
SyntaxError: invalid syntax
2025-08-18 19:31:22,530 cblogger [ERROR]: 		Error while extracting halsted code metrics: invalid syntax (<unknown>, line 3)
Traceback (most recent call last):
  File "/root/QuestionInsight/Etapa_1/codebench-mining-tool/util.py", line 569, in extract_halstead_metrics
    h = h_visit(code)
        ^^^^^^^^^^^^^
  File "/root/QuestionInsight/.venv/lib/python3.12/site-packages/radon/metrics.py", line 29, in h_visit
    return h_visit_ast(ast.parse(code))
                       ^^^^^^^^^^^^^^^
  File "/usr/lib/python3.12/ast.py", line 52, in parse
    return compile(source, filename, mode, flags,
           ^^^^^^^^^^^^^^^^^^^^^^^^^^^^^^^^^^^^^^
  File "<unknown>", line 3
    ]
    ^
SyntaxError: invalid syntax
2025-08-18 19:31:22,531 cblogger [ERROR]: 		Error while extracting code complexity metrics: invalid syntax (<unknown>, line 1)
Traceback (most recent call last):
  File "/root/QuestionInsight/Etapa_1/codebench-mining-tool/util.py", line 551, in extract_complexity_metrics
    v = ComplexityVisitor.from_code(code)
        ^^^^^^^^^^^^^^^^^^^^^^^^^^^^^^^^^
  File "/root/QuestionInsight/.venv/lib/python3.12/site-packages/radon/visitors.py", line 133, in from_code
    return cls.from_ast(code2ast(code), **kwargs)
                        ^^^^^^^^^^^^^^
  File "/root/QuestionInsight/.venv/lib/python3.12/site-packages/radon/visitors.py", line 48, in code2ast
    return ast.parse(source)
           ^^^^^^^^^^^^^^^^^
  File "/usr/lib/python3.12/ast.py", line 52, in parse
    return compile(source, filename, mode, flags,
           ^^^^^^^^^^^^^^^^^^^^^^^^^^^^^^^^^^^^^^
  File "<unknown>", line 1
    ifs"N" 
       ^^^
SyntaxError: invalid syntax
2025-08-18 19:31:22,532 cblogger [ERROR]: 		Error while extracting halsted code metrics: invalid syntax (<unknown>, line 1)
Traceback (most recent call last):
  File "/root/QuestionInsight/Etapa_1/codebench-mining-tool/util.py", line 569, in extract_halstead_metrics
    h = h_visit(code)
        ^^^^^^^^^^^^^
  File "/root/QuestionInsight/.venv/lib/python3.12/site-packages/radon/metrics.py", line 29, in h_visit
    return h_visit_ast(ast.parse(code))
                       ^^^^^^^^^^^^^^^
  File "/usr/lib/python3.12/ast.py", line 52, in parse
    return compile(source, filename, mode, flags,
           ^^^^^^^^^^^^^^^^^^^^^^^^^^^^^^^^^^^^^^
  File "<unknown>", line 1
    ifs"N" 
       ^^^
SyntaxError: invalid syntax
2025-08-18 19:31:22,535 cblogger [ERROR]: 		Error while extracting code complexity metrics: illegal target for annotation (<unknown>, line 2)
Traceback (most recent call last):
  File "/root/QuestionInsight/Etapa_1/codebench-mining-tool/util.py", line 551, in extract_complexity_metrics
    v = ComplexityVisitor.from_code(code)
        ^^^^^^^^^^^^^^^^^^^^^^^^^^^^^^^^^
  File "/root/QuestionInsight/.venv/lib/python3.12/site-packages/radon/visitors.py", line 133, in from_code
    return cls.from_ast(code2ast(code), **kwargs)
                        ^^^^^^^^^^^^^^
  File "/root/QuestionInsight/.venv/lib/python3.12/site-packages/radon/visitors.py", line 48, in code2ast
    return ast.parse(source)
           ^^^^^^^^^^^^^^^^^
  File "/usr/lib/python3.12/ast.py", line 52, in parse
    return compile(source, filename, mode, flags,
           ^^^^^^^^^^^^^^^^^^^^^^^^^^^^^^^^^^^^^^
  File "<unknown>", line 2
    28/3/2023@11:45:1:244#mousedown#{"isTrusted":true}
    ^^^^^^^^^^^^
SyntaxError: illegal target for annotation
2025-08-18 19:31:22,607 cblogger [ERROR]: 		Error while extracting halsted code metrics: illegal target for annotation (<unknown>, line 2)
Traceback (most recent call last):
  File "/root/QuestionInsight/Etapa_1/codebench-mining-tool/util.py", line 569, in extract_halstead_metrics
    h = h_visit(code)
        ^^^^^^^^^^^^^
  File "/root/QuestionInsight/.venv/lib/python3.12/site-packages/radon/metrics.py", line 29, in h_visit
    return h_visit_ast(ast.parse(code))
                       ^^^^^^^^^^^^^^^
  File "/usr/lib/python3.12/ast.py", line 52, in parse
    return compile(source, filename, mode, flags,
           ^^^^^^^^^^^^^^^^^^^^^^^^^^^^^^^^^^^^^^
  File "<unknown>", line 2
    28/3/2023@11:45:1:244#mousedown#{"isTrusted":true}
    ^^^^^^^^^^^^
SyntaxError: illegal target for annotation
2025-08-18 19:31:22,661 cblogger [ERROR]: 		Error while extracting code complexity metrics: invalid syntax (<unknown>, line 5)
Traceback (most recent call last):
  File "/root/QuestionInsight/Etapa_1/codebench-mining-tool/util.py", line 551, in extract_complexity_metrics
    v = ComplexityVisitor.from_code(code)
        ^^^^^^^^^^^^^^^^^^^^^^^^^^^^^^^^^
  File "/root/QuestionInsight/.venv/lib/python3.12/site-packages/radon/visitors.py", line 133, in from_code
    return cls.from_ast(code2ast(code), **kwargs)
                        ^^^^^^^^^^^^^^
  File "/root/QuestionInsight/.venv/lib/python3.12/site-packages/radon/visitors.py", line 48, in code2ast
    return ast.parse(source)
           ^^^^^^^^^^^^^^^^^
  File "/usr/lib/python3.12/ast.py", line 52, in parse
    return compile(source, filename, mode, flags,
           ^^^^^^^^^^^^^^^^^^^^^^^^^^^^^^^^^^^^^^
  File "<unknown>", line 5
    ????? = f???t(input("Qual o valor unitario do jogo? "))
    ^
SyntaxError: invalid syntax
2025-08-18 19:31:22,662 cblogger [ERROR]: 		Error while extracting halsted code metrics: invalid syntax (<unknown>, line 5)
Traceback (most recent call last):
  File "/root/QuestionInsight/Etapa_1/codebench-mining-tool/util.py", line 569, in extract_halstead_metrics
    h = h_visit(code)
        ^^^^^^^^^^^^^
  File "/root/QuestionInsight/.venv/lib/python3.12/site-packages/radon/metrics.py", line 29, in h_visit
    return h_visit_ast(ast.parse(code))
                       ^^^^^^^^^^^^^^^
  File "/usr/lib/python3.12/ast.py", line 52, in parse
    return compile(source, filename, mode, flags,
           ^^^^^^^^^^^^^^^^^^^^^^^^^^^^^^^^^^^^^^
  File "<unknown>", line 5
    ????? = f???t(input("Qual o valor unitario do jogo? "))
    ^
SyntaxError: invalid syntax
2025-08-18 19:31:22,662 cblogger [ERROR]: 		Error while extracting code token based metrics: 55
Traceback (most recent call last):
  File "/root/QuestionInsight/Etapa_1/codebench-mining-tool/util.py", line 633, in extract_token_metrics
    setattr(obj, TOKEN_NAMES[k], v)
                 ~~~~~~~~~~~^^^
KeyError: 55
2025-08-18 19:31:22,665 cblogger [ERROR]: 		Error while extracting code complexity metrics: unmatched ')' (<unknown>, line 3)
Traceback (most recent call last):
  File "/root/QuestionInsight/Etapa_1/codebench-mining-tool/util.py", line 551, in extract_complexity_metrics
    v = ComplexityVisitor.from_code(code)
        ^^^^^^^^^^^^^^^^^^^^^^^^^^^^^^^^^
  File "/root/QuestionInsight/.venv/lib/python3.12/site-packages/radon/visitors.py", line 133, in from_code
    return cls.from_ast(code2ast(code), **kwargs)
                        ^^^^^^^^^^^^^^
  File "/root/QuestionInsight/.venv/lib/python3.12/site-packages/radon/visitors.py", line 48, in code2ast
    return ast.parse(source)
           ^^^^^^^^^^^^^^^^^
  File "/usr/lib/python3.12/ast.py", line 52, in parse
    return compile(source, filename, mode, flags,
           ^^^^^^^^^^^^^^^^^^^^^^^^^^^^^^^^^^^^^^
  File "<unknown>", line 3
    if (Numero inteiro N <= 1) )
                               ^
SyntaxError: unmatched ')'
2025-08-18 19:31:22,666 cblogger [ERROR]: 		Error while extracting halsted code metrics: unmatched ')' (<unknown>, line 3)
Traceback (most recent call last):
  File "/root/QuestionInsight/Etapa_1/codebench-mining-tool/util.py", line 569, in extract_halstead_metrics
    h = h_visit(code)
        ^^^^^^^^^^^^^
  File "/root/QuestionInsight/.venv/lib/python3.12/site-packages/radon/metrics.py", line 29, in h_visit
    return h_visit_ast(ast.parse(code))
                       ^^^^^^^^^^^^^^^
  File "/usr/lib/python3.12/ast.py", line 52, in parse
    return compile(source, filename, mode, flags,
           ^^^^^^^^^^^^^^^^^^^^^^^^^^^^^^^^^^^^^^
  File "<unknown>", line 3
    if (Numero inteiro N <= 1) )
                               ^
SyntaxError: unmatched ')'
2025-08-18 19:31:22,680 cblogger [ERROR]: 		Error while extracting code complexity metrics: invalid syntax (<unknown>, line 6)
Traceback (most recent call last):
  File "/root/QuestionInsight/Etapa_1/codebench-mining-tool/util.py", line 551, in extract_complexity_metrics
    v = ComplexityVisitor.from_code(code)
        ^^^^^^^^^^^^^^^^^^^^^^^^^^^^^^^^^
  File "/root/QuestionInsight/.venv/lib/python3.12/site-packages/radon/visitors.py", line 133, in from_code
    return cls.from_ast(code2ast(code), **kwargs)
                        ^^^^^^^^^^^^^^
  File "/root/QuestionInsight/.venv/lib/python3.12/site-packages/radon/visitors.py", line 48, in code2ast
    return ast.parse(source)
           ^^^^^^^^^^^^^^^^^
  File "/usr/lib/python3.12/ast.py", line 52, in parse
    return compile(source, filename, mode, flags,
           ^^^^^^^^^^^^^^^^^^^^^^^^^^^^^^^^^^^^^^
  File "<unknown>", line 6
    num = ???(input("Digite um numero: "))
          ^
SyntaxError: invalid syntax
2025-08-18 19:31:22,681 cblogger [ERROR]: 		Error while extracting halsted code metrics: invalid syntax (<unknown>, line 6)
Traceback (most recent call last):
  File "/root/QuestionInsight/Etapa_1/codebench-mining-tool/util.py", line 569, in extract_halstead_metrics
    h = h_visit(code)
        ^^^^^^^^^^^^^
  File "/root/QuestionInsight/.venv/lib/python3.12/site-packages/radon/metrics.py", line 29, in h_visit
    return h_visit_ast(ast.parse(code))
                       ^^^^^^^^^^^^^^^
  File "/usr/lib/python3.12/ast.py", line 52, in parse
    return compile(source, filename, mode, flags,
           ^^^^^^^^^^^^^^^^^^^^^^^^^^^^^^^^^^^^^^
  File "<unknown>", line 6
    num = ???(input("Digite um numero: "))
          ^
SyntaxError: invalid syntax
2025-08-18 19:31:22,683 cblogger [ERROR]: 		Error while extracting code token based metrics: 55
Traceback (most recent call last):
  File "/root/QuestionInsight/Etapa_1/codebench-mining-tool/util.py", line 633, in extract_token_metrics
    setattr(obj, TOKEN_NAMES[k], v)
                 ~~~~~~~~~~~^^^
KeyError: 55
2025-08-18 19:31:22,709 cblogger [ERROR]: 		Error while extracting code complexity metrics: invalid syntax. Maybe you meant '==' or ':=' instead of '='? (<unknown>, line 2)
Traceback (most recent call last):
  File "/root/QuestionInsight/Etapa_1/codebench-mining-tool/util.py", line 551, in extract_complexity_metrics
    v = ComplexityVisitor.from_code(code)
        ^^^^^^^^^^^^^^^^^^^^^^^^^^^^^^^^^
  File "/root/QuestionInsight/.venv/lib/python3.12/site-packages/radon/visitors.py", line 133, in from_code
    return cls.from_ast(code2ast(code), **kwargs)
                        ^^^^^^^^^^^^^^
  File "/root/QuestionInsight/.venv/lib/python3.12/site-packages/radon/visitors.py", line 48, in code2ast
    return ast.parse(source)
           ^^^^^^^^^^^^^^^^^
  File "/usr/lib/python3.12/ast.py", line 52, in parse
    return compile(source, filename, mode, flags,
           ^^^^^^^^^^^^^^^^^^^^^^^^^^^^^^^^^^^^^^
  File "<unknown>", line 2
    while (x = 1)
           ^^^^^
SyntaxError: invalid syntax. Maybe you meant '==' or ':=' instead of '='?
2025-08-18 19:31:22,710 cblogger [ERROR]: 		Error while extracting halsted code metrics: invalid syntax. Maybe you meant '==' or ':=' instead of '='? (<unknown>, line 2)
Traceback (most recent call last):
  File "/root/QuestionInsight/Etapa_1/codebench-mining-tool/util.py", line 569, in extract_halstead_metrics
    h = h_visit(code)
        ^^^^^^^^^^^^^
  File "/root/QuestionInsight/.venv/lib/python3.12/site-packages/radon/metrics.py", line 29, in h_visit
    return h_visit_ast(ast.parse(code))
                       ^^^^^^^^^^^^^^^
  File "/usr/lib/python3.12/ast.py", line 52, in parse
    return compile(source, filename, mode, flags,
           ^^^^^^^^^^^^^^^^^^^^^^^^^^^^^^^^^^^^^^
  File "<unknown>", line 2
    while (x = 1)
           ^^^^^
SyntaxError: invalid syntax. Maybe you meant '==' or ':=' instead of '='?
2025-08-18 19:31:23,161 cblogger [ERROR]: 		Error while extracting code complexity metrics: expected an indented block after 'if' statement on line 4 (<unknown>, line 5)
Traceback (most recent call last):
  File "/root/QuestionInsight/Etapa_1/codebench-mining-tool/util.py", line 551, in extract_complexity_metrics
    v = ComplexityVisitor.from_code(code)
        ^^^^^^^^^^^^^^^^^^^^^^^^^^^^^^^^^
  File "/root/QuestionInsight/.venv/lib/python3.12/site-packages/radon/visitors.py", line 133, in from_code
    return cls.from_ast(code2ast(code), **kwargs)
                        ^^^^^^^^^^^^^^
  File "/root/QuestionInsight/.venv/lib/python3.12/site-packages/radon/visitors.py", line 48, in code2ast
    return ast.parse(source)
           ^^^^^^^^^^^^^^^^^
  File "/usr/lib/python3.12/ast.py", line 52, in parse
    return compile(source, filename, mode, flags,
           ^^^^^^^^^^^^^^^^^^^^^^^^^^^^^^^^^^^^^^
  File "<unknown>", line 5
    		
    		^
IndentationError: expected an indented block after 'if' statement on line 4
2025-08-18 19:31:23,163 cblogger [ERROR]: 		Error while extracting halsted code metrics: expected an indented block after 'if' statement on line 4 (<unknown>, line 5)
Traceback (most recent call last):
  File "/root/QuestionInsight/Etapa_1/codebench-mining-tool/util.py", line 569, in extract_halstead_metrics
    h = h_visit(code)
        ^^^^^^^^^^^^^
  File "/root/QuestionInsight/.venv/lib/python3.12/site-packages/radon/metrics.py", line 29, in h_visit
    return h_visit_ast(ast.parse(code))
                       ^^^^^^^^^^^^^^^
  File "/usr/lib/python3.12/ast.py", line 52, in parse
    return compile(source, filename, mode, flags,
           ^^^^^^^^^^^^^^^^^^^^^^^^^^^^^^^^^^^^^^
  File "<unknown>", line 5
    		
    		^
IndentationError: expected an indented block after 'if' statement on line 4
2025-08-18 19:31:23,345 cblogger [ERROR]: 		Error while extracting code complexity metrics: invalid syntax (<unknown>, line 1)
Traceback (most recent call last):
  File "/root/QuestionInsight/Etapa_1/codebench-mining-tool/util.py", line 551, in extract_complexity_metrics
    v = ComplexityVisitor.from_code(code)
        ^^^^^^^^^^^^^^^^^^^^^^^^^^^^^^^^^
  File "/root/QuestionInsight/.venv/lib/python3.12/site-packages/radon/visitors.py", line 133, in from_code
    return cls.from_ast(code2ast(code), **kwargs)
                        ^^^^^^^^^^^^^^
  File "/root/QuestionInsight/.venv/lib/python3.12/site-packages/radon/visitors.py", line 48, in code2ast
    return ast.parse(source)
           ^^^^^^^^^^^^^^^^^
  File "/usr/lib/python3.12/ast.py", line 52, in parse
    return compile(source, filename, mode, flags,
           ^^^^^^^^^^^^^^^^^^^^^^^^^^^^^^^^^^^^^^
  File "<unknown>", line 1
    n mjjjjjjjjjjjjjjjjjjjjjjjjjjjjjjjjjjjjjjjjjjjjjjjjjjjjbbbbbbmm
      ^^^^^^^^^^^^^^^^^^^^^^^^^^^^^^^^^^^^^^^^^^^^^^^^^^^^^^^^^^^^^
SyntaxError: invalid syntax
2025-08-18 19:31:23,346 cblogger [ERROR]: 		Error while extracting halsted code metrics: invalid syntax (<unknown>, line 1)
Traceback (most recent call last):
  File "/root/QuestionInsight/Etapa_1/codebench-mining-tool/util.py", line 569, in extract_halstead_metrics
    h = h_visit(code)
        ^^^^^^^^^^^^^
  File "/root/QuestionInsight/.venv/lib/python3.12/site-packages/radon/metrics.py", line 29, in h_visit
    return h_visit_ast(ast.parse(code))
                       ^^^^^^^^^^^^^^^
  File "/usr/lib/python3.12/ast.py", line 52, in parse
    return compile(source, filename, mode, flags,
           ^^^^^^^^^^^^^^^^^^^^^^^^^^^^^^^^^^^^^^
  File "<unknown>", line 1
    n mjjjjjjjjjjjjjjjjjjjjjjjjjjjjjjjjjjjjjjjjjjjjjjjjjjjjbbbbbbmm
      ^^^^^^^^^^^^^^^^^^^^^^^^^^^^^^^^^^^^^^^^^^^^^^^^^^^^^^^^^^^^^
SyntaxError: invalid syntax
2025-08-18 19:31:23,928 cblogger [ERROR]: 		Error while extracting code complexity metrics: unmatched ')' (<unknown>, line 8)
Traceback (most recent call last):
  File "/root/QuestionInsight/Etapa_1/codebench-mining-tool/util.py", line 551, in extract_complexity_metrics
    v = ComplexityVisitor.from_code(code)
        ^^^^^^^^^^^^^^^^^^^^^^^^^^^^^^^^^
  File "/root/QuestionInsight/.venv/lib/python3.12/site-packages/radon/visitors.py", line 133, in from_code
    return cls.from_ast(code2ast(code), **kwargs)
                        ^^^^^^^^^^^^^^
  File "/root/QuestionInsight/.venv/lib/python3.12/site-packages/radon/visitors.py", line 48, in code2ast
    return ast.parse(source)
           ^^^^^^^^^^^^^^^^^
  File "/usr/lib/python3.12/ast.py", line 52, in parse
    return compile(source, filename, mode, flags,
           ^^^^^^^^^^^^^^^^^^^^^^^^^^^^^^^^^^^^^^
  File "<unknown>", line 8
    print(round(total,2))))
                         ^
SyntaxError: unmatched ')'
2025-08-18 19:31:23,929 cblogger [ERROR]: 		Error while extracting halsted code metrics: unmatched ')' (<unknown>, line 8)
Traceback (most recent call last):
  File "/root/QuestionInsight/Etapa_1/codebench-mining-tool/util.py", line 569, in extract_halstead_metrics
    h = h_visit(code)
        ^^^^^^^^^^^^^
  File "/root/QuestionInsight/.venv/lib/python3.12/site-packages/radon/metrics.py", line 29, in h_visit
    return h_visit_ast(ast.parse(code))
                       ^^^^^^^^^^^^^^^
  File "/usr/lib/python3.12/ast.py", line 52, in parse
    return compile(source, filename, mode, flags,
           ^^^^^^^^^^^^^^^^^^^^^^^^^^^^^^^^^^^^^^
  File "<unknown>", line 8
    print(round(total,2))))
                         ^
SyntaxError: unmatched ')'
2025-08-18 19:31:24,137 cblogger [ERROR]: 		Error while extracting code complexity metrics: expected an indented block after 'while' statement on line 14 (<unknown>, line 15)
Traceback (most recent call last):
  File "/root/QuestionInsight/Etapa_1/codebench-mining-tool/util.py", line 551, in extract_complexity_metrics
    v = ComplexityVisitor.from_code(code)
        ^^^^^^^^^^^^^^^^^^^^^^^^^^^^^^^^^
  File "/root/QuestionInsight/.venv/lib/python3.12/site-packages/radon/visitors.py", line 133, in from_code
    return cls.from_ast(code2ast(code), **kwargs)
                        ^^^^^^^^^^^^^^
  File "/root/QuestionInsight/.venv/lib/python3.12/site-packages/radon/visitors.py", line 48, in code2ast
    return ast.parse(source)
           ^^^^^^^^^^^^^^^^^
  File "/usr/lib/python3.12/ast.py", line 52, in parse
    return compile(source, filename, mode, flags,
           ^^^^^^^^^^^^^^^^^^^^^^^^^^^^^^^^^^^^^^
  File "<unknown>", line 15
    inv = inv + s[i]
    ^^^
IndentationError: expected an indented block after 'while' statement on line 14
2025-08-18 19:31:24,139 cblogger [ERROR]: 		Error while extracting halsted code metrics: expected an indented block after 'while' statement on line 14 (<unknown>, line 15)
Traceback (most recent call last):
  File "/root/QuestionInsight/Etapa_1/codebench-mining-tool/util.py", line 569, in extract_halstead_metrics
    h = h_visit(code)
        ^^^^^^^^^^^^^
  File "/root/QuestionInsight/.venv/lib/python3.12/site-packages/radon/metrics.py", line 29, in h_visit
    return h_visit_ast(ast.parse(code))
                       ^^^^^^^^^^^^^^^
  File "/usr/lib/python3.12/ast.py", line 52, in parse
    return compile(source, filename, mode, flags,
           ^^^^^^^^^^^^^^^^^^^^^^^^^^^^^^^^^^^^^^
  File "<unknown>", line 15
    inv = inv + s[i]
    ^^^
IndentationError: expected an indented block after 'while' statement on line 14
2025-08-18 19:31:24,167 cblogger [ERROR]: 		Error while extracting code complexity metrics: invalid syntax (<unknown>, line 1)
Traceback (most recent call last):
  File "/root/QuestionInsight/Etapa_1/codebench-mining-tool/util.py", line 551, in extract_complexity_metrics
    v = ComplexityVisitor.from_code(code)
        ^^^^^^^^^^^^^^^^^^^^^^^^^^^^^^^^^
  File "/root/QuestionInsight/.venv/lib/python3.12/site-packages/radon/visitors.py", line 133, in from_code
    return cls.from_ast(code2ast(code), **kwargs)
                        ^^^^^^^^^^^^^^
  File "/root/QuestionInsight/.venv/lib/python3.12/site-packages/radon/visitors.py", line 48, in code2ast
    return ast.parse(source)
           ^^^^^^^^^^^^^^^^^
  File "/usr/lib/python3.12/ast.py", line 52, in parse
    return compile(source, filename, mode, flags,
           ^^^^^^^^^^^^^^^^^^^^^^^^^^^^^^^^^^^^^^
  File "<unknown>", line 1
    from numpy import
                     ^
SyntaxError: invalid syntax
2025-08-18 19:31:24,168 cblogger [ERROR]: 		Error while extracting halsted code metrics: invalid syntax (<unknown>, line 1)
Traceback (most recent call last):
  File "/root/QuestionInsight/Etapa_1/codebench-mining-tool/util.py", line 569, in extract_halstead_metrics
    h = h_visit(code)
        ^^^^^^^^^^^^^
  File "/root/QuestionInsight/.venv/lib/python3.12/site-packages/radon/metrics.py", line 29, in h_visit
    return h_visit_ast(ast.parse(code))
                       ^^^^^^^^^^^^^^^
  File "/usr/lib/python3.12/ast.py", line 52, in parse
    return compile(source, filename, mode, flags,
           ^^^^^^^^^^^^^^^^^^^^^^^^^^^^^^^^^^^^^^
  File "<unknown>", line 1
    from numpy import
                     ^
SyntaxError: invalid syntax
2025-08-18 19:31:24,288 cblogger [ERROR]: 		Error while extracting code complexity metrics: expected an indented block after 'elif' statement on line 9 (<unknown>, line 12)
Traceback (most recent call last):
  File "/root/QuestionInsight/Etapa_1/codebench-mining-tool/util.py", line 551, in extract_complexity_metrics
    v = ComplexityVisitor.from_code(code)
        ^^^^^^^^^^^^^^^^^^^^^^^^^^^^^^^^^
  File "/root/QuestionInsight/.venv/lib/python3.12/site-packages/radon/visitors.py", line 133, in from_code
    return cls.from_ast(code2ast(code), **kwargs)
                        ^^^^^^^^^^^^^^
  File "/root/QuestionInsight/.venv/lib/python3.12/site-packages/radon/visitors.py", line 48, in code2ast
    return ast.parse(source)
           ^^^^^^^^^^^^^^^^^
  File "/usr/lib/python3.12/ast.py", line 52, in parse
    return compile(source, filename, mode, flags,
           ^^^^^^^^^^^^^^^^^^^^^^^^^^^^^^^^^^^^^^
  File "<unknown>", line 12
    												 
    												 ^
IndentationError: expected an indented block after 'elif' statement on line 9
2025-08-18 19:31:24,289 cblogger [ERROR]: 		Error while extracting halsted code metrics: expected an indented block after 'elif' statement on line 9 (<unknown>, line 12)
Traceback (most recent call last):
  File "/root/QuestionInsight/Etapa_1/codebench-mining-tool/util.py", line 569, in extract_halstead_metrics
    h = h_visit(code)
        ^^^^^^^^^^^^^
  File "/root/QuestionInsight/.venv/lib/python3.12/site-packages/radon/metrics.py", line 29, in h_visit
    return h_visit_ast(ast.parse(code))
                       ^^^^^^^^^^^^^^^
  File "/usr/lib/python3.12/ast.py", line 52, in parse
    return compile(source, filename, mode, flags,
           ^^^^^^^^^^^^^^^^^^^^^^^^^^^^^^^^^^^^^^
  File "<unknown>", line 12
    												 
    												 ^
IndentationError: expected an indented block after 'elif' statement on line 9
2025-08-18 19:31:24,578 cblogger [ERROR]: 		Error while extracting code complexity metrics: invalid syntax (<unknown>, line 5)
Traceback (most recent call last):
  File "/root/QuestionInsight/Etapa_1/codebench-mining-tool/util.py", line 551, in extract_complexity_metrics
    v = ComplexityVisitor.from_code(code)
        ^^^^^^^^^^^^^^^^^^^^^^^^^^^^^^^^^
  File "/root/QuestionInsight/.venv/lib/python3.12/site-packages/radon/visitors.py", line 133, in from_code
    return cls.from_ast(code2ast(code), **kwargs)
                        ^^^^^^^^^^^^^^
  File "/root/QuestionInsight/.venv/lib/python3.12/site-packages/radon/visitors.py", line 48, in code2ast
    return ast.parse(source)
           ^^^^^^^^^^^^^^^^^
  File "/usr/lib/python3.12/ast.py", line 52, in parse
    return compile(source, filename, mode, flags,
           ^^^^^^^^^^^^^^^^^^^^^^^^^^^^^^^^^^^^^^
  File "<unknown>", line 5
    ????? = float(input("Qual o valor unitario do jogo? "))
    ^
SyntaxError: invalid syntax
2025-08-18 19:31:24,579 cblogger [ERROR]: 		Error while extracting halsted code metrics: invalid syntax (<unknown>, line 5)
Traceback (most recent call last):
  File "/root/QuestionInsight/Etapa_1/codebench-mining-tool/util.py", line 569, in extract_halstead_metrics
    h = h_visit(code)
        ^^^^^^^^^^^^^
  File "/root/QuestionInsight/.venv/lib/python3.12/site-packages/radon/metrics.py", line 29, in h_visit
    return h_visit_ast(ast.parse(code))
                       ^^^^^^^^^^^^^^^
  File "/usr/lib/python3.12/ast.py", line 52, in parse
    return compile(source, filename, mode, flags,
           ^^^^^^^^^^^^^^^^^^^^^^^^^^^^^^^^^^^^^^
  File "<unknown>", line 5
    ????? = float(input("Qual o valor unitario do jogo? "))
    ^
SyntaxError: invalid syntax
2025-08-18 19:31:24,579 cblogger [ERROR]: 		Error while extracting code token based metrics: 55
Traceback (most recent call last):
  File "/root/QuestionInsight/Etapa_1/codebench-mining-tool/util.py", line 633, in extract_token_metrics
    setattr(obj, TOKEN_NAMES[k], v)
                 ~~~~~~~~~~~^^^
KeyError: 55
2025-08-18 19:31:24,656 cblogger [ERROR]: 		Error while extracting code complexity metrics: unexpected indent (<unknown>, line 9)
Traceback (most recent call last):
  File "/root/QuestionInsight/Etapa_1/codebench-mining-tool/util.py", line 551, in extract_complexity_metrics
    v = ComplexityVisitor.from_code(code)
        ^^^^^^^^^^^^^^^^^^^^^^^^^^^^^^^^^
  File "/root/QuestionInsight/.venv/lib/python3.12/site-packages/radon/visitors.py", line 133, in from_code
    return cls.from_ast(code2ast(code), **kwargs)
                        ^^^^^^^^^^^^^^
  File "/root/QuestionInsight/.venv/lib/python3.12/site-packages/radon/visitors.py", line 48, in code2ast
    return ast.parse(source)
           ^^^^^^^^^^^^^^^^^
  File "/usr/lib/python3.12/ast.py", line 52, in parse
    return compile(source, filename, mode, flags,
           ^^^^^^^^^^^^^^^^^^^^^^^^^^^^^^^^^^^^^^
  File "<unknown>", line 9
    		print(b, 'divisores')
    	^
IndentationError: unexpected indent
2025-08-18 19:31:24,657 cblogger [ERROR]: 		Error while extracting halsted code metrics: unexpected indent (<unknown>, line 9)
Traceback (most recent call last):
  File "/root/QuestionInsight/Etapa_1/codebench-mining-tool/util.py", line 569, in extract_halstead_metrics
    h = h_visit(code)
        ^^^^^^^^^^^^^
  File "/root/QuestionInsight/.venv/lib/python3.12/site-packages/radon/metrics.py", line 29, in h_visit
    return h_visit_ast(ast.parse(code))
                       ^^^^^^^^^^^^^^^
  File "/usr/lib/python3.12/ast.py", line 52, in parse
    return compile(source, filename, mode, flags,
           ^^^^^^^^^^^^^^^^^^^^^^^^^^^^^^^^^^^^^^
  File "<unknown>", line 9
    		print(b, 'divisores')
    	^
IndentationError: unexpected indent
2025-08-18 19:31:24,680 cblogger [ERROR]: 		Error while extracting code complexity metrics: unmatched ')' (<unknown>, line 2)
Traceback (most recent call last):
  File "/root/QuestionInsight/Etapa_1/codebench-mining-tool/util.py", line 551, in extract_complexity_metrics
    v = ComplexityVisitor.from_code(code)
        ^^^^^^^^^^^^^^^^^^^^^^^^^^^^^^^^^
  File "/root/QuestionInsight/.venv/lib/python3.12/site-packages/radon/visitors.py", line 133, in from_code
    return cls.from_ast(code2ast(code), **kwargs)
                        ^^^^^^^^^^^^^^
  File "/root/QuestionInsight/.venv/lib/python3.12/site-packages/radon/visitors.py", line 48, in code2ast
    return ast.parse(source)
           ^^^^^^^^^^^^^^^^^
  File "/usr/lib/python3.12/ast.py", line 52, in parse
    return compile(source, filename, mode, flags,
           ^^^^^^^^^^^^^^^^^^^^^^^^^^^^^^^^^^^^^^
  File "<unknown>", line 2
    v = eval(input()))
                     ^
SyntaxError: unmatched ')'
2025-08-18 19:31:24,681 cblogger [ERROR]: 		Error while extracting halsted code metrics: unmatched ')' (<unknown>, line 2)
Traceback (most recent call last):
  File "/root/QuestionInsight/Etapa_1/codebench-mining-tool/util.py", line 569, in extract_halstead_metrics
    h = h_visit(code)
        ^^^^^^^^^^^^^
  File "/root/QuestionInsight/.venv/lib/python3.12/site-packages/radon/metrics.py", line 29, in h_visit
    return h_visit_ast(ast.parse(code))
                       ^^^^^^^^^^^^^^^
  File "/usr/lib/python3.12/ast.py", line 52, in parse
    return compile(source, filename, mode, flags,
           ^^^^^^^^^^^^^^^^^^^^^^^^^^^^^^^^^^^^^^
  File "<unknown>", line 2
    v = eval(input()))
                     ^
SyntaxError: unmatched ')'
2025-08-18 19:31:24,879 cblogger [ERROR]: 		Error while extracting code complexity metrics: invalid syntax (<unknown>, line 18)
Traceback (most recent call last):
  File "/root/QuestionInsight/Etapa_1/codebench-mining-tool/util.py", line 551, in extract_complexity_metrics
    v = ComplexityVisitor.from_code(code)
        ^^^^^^^^^^^^^^^^^^^^^^^^^^^^^^^^^
  File "/root/QuestionInsight/.venv/lib/python3.12/site-packages/radon/visitors.py", line 133, in from_code
    return cls.from_ast(code2ast(code), **kwargs)
                        ^^^^^^^^^^^^^^
  File "/root/QuestionInsight/.venv/lib/python3.12/site-packages/radon/visitors.py", line 48, in code2ast
    return ast.parse(source)
           ^^^^^^^^^^^^^^^^^
  File "/usr/lib/python3.12/ast.py", line 52, in parse
    return compile(source, filename, mode, flags,
           ^^^^^^^^^^^^^^^^^^^^^^^^^^^^^^^^^^^^^^
  File "<unknown>", line 18
    	elif (a == c) or (a == d:
    	                        ^
SyntaxError: invalid syntax
2025-08-18 19:31:24,882 cblogger [ERROR]: 		Error while extracting code size based metrics: SyntaxError at line: 18
Traceback (most recent call last):
  File "/root/QuestionInsight/.venv/lib/python3.12/site-packages/radon/raw.py", line 210, in analyze
    tokens, parsed_lines = _get_all_tokens(line, lines)
                           ^^^^^^^^^^^^^^^^^^^^^^^^^^^^
  File "/root/QuestionInsight/.venv/lib/python3.12/site-packages/radon/raw.py", line 117, in _get_all_tokens
    next_line = next(lines)
                ^^^^^^^^^^^
StopIteration

During handling of the above exception, another exception occurred:

Traceback (most recent call last):
  File "/root/QuestionInsight/Etapa_1/codebench-mining-tool/util.py", line 560, in extract_size_metrics
    a = analyze(code)
        ^^^^^^^^^^^^^
  File "/root/QuestionInsight/.venv/lib/python3.12/site-packages/radon/raw.py", line 212, in analyze
    raise SyntaxError('SyntaxError at line: {0}'.format(lineno))
SyntaxError: SyntaxError at line: 18
2025-08-18 19:31:24,885 cblogger [ERROR]: 		Error while extracting halsted code metrics: invalid syntax (<unknown>, line 18)
Traceback (most recent call last):
  File "/root/QuestionInsight/Etapa_1/codebench-mining-tool/util.py", line 569, in extract_halstead_metrics
    h = h_visit(code)
        ^^^^^^^^^^^^^
  File "/root/QuestionInsight/.venv/lib/python3.12/site-packages/radon/metrics.py", line 29, in h_visit
    return h_visit_ast(ast.parse(code))
                       ^^^^^^^^^^^^^^^
  File "/usr/lib/python3.12/ast.py", line 52, in parse
    return compile(source, filename, mode, flags,
           ^^^^^^^^^^^^^^^^^^^^^^^^^^^^^^^^^^^^^^
  File "<unknown>", line 18
    	elif (a == c) or (a == d:
    	                        ^
SyntaxError: invalid syntax
2025-08-18 19:31:24,999 cblogger [ERROR]: 		Error while extracting code complexity metrics: cannot assign to expression (<unknown>, line 9)
Traceback (most recent call last):
  File "/root/QuestionInsight/Etapa_1/codebench-mining-tool/util.py", line 551, in extract_complexity_metrics
    v = ComplexityVisitor.from_code(code)
        ^^^^^^^^^^^^^^^^^^^^^^^^^^^^^^^^^
  File "/root/QuestionInsight/.venv/lib/python3.12/site-packages/radon/visitors.py", line 133, in from_code
    return cls.from_ast(code2ast(code), **kwargs)
                        ^^^^^^^^^^^^^^
  File "/root/QuestionInsight/.venv/lib/python3.12/site-packages/radon/visitors.py", line 48, in code2ast
    return ast.parse(source)
           ^^^^^^^^^^^^^^^^^
  File "/usr/lib/python3.12/ast.py", line 52, in parse
    return compile(source, filename, mode, flags,
           ^^^^^^^^^^^^^^^^^^^^^^^^^^^^^^^^^^^^^^
  File "<unknown>", line 9
    		for v[i] >= (b / (20/100)) and v[i] <= (b / (50/100)):
    		    ^^^^^^^^^^^^^^^^^^^^^^^^^^^^^^^^^^^^^^^^^^^^^^^^^
SyntaxError: cannot assign to expression
2025-08-18 19:31:25,000 cblogger [ERROR]: 		Error while extracting halsted code metrics: cannot assign to expression (<unknown>, line 9)
Traceback (most recent call last):
  File "/root/QuestionInsight/Etapa_1/codebench-mining-tool/util.py", line 569, in extract_halstead_metrics
    h = h_visit(code)
        ^^^^^^^^^^^^^
  File "/root/QuestionInsight/.venv/lib/python3.12/site-packages/radon/metrics.py", line 29, in h_visit
    return h_visit_ast(ast.parse(code))
                       ^^^^^^^^^^^^^^^
  File "/usr/lib/python3.12/ast.py", line 52, in parse
    return compile(source, filename, mode, flags,
           ^^^^^^^^^^^^^^^^^^^^^^^^^^^^^^^^^^^^^^
  File "<unknown>", line 9
    		for v[i] >= (b / (20/100)) and v[i] <= (b / (50/100)):
    		    ^^^^^^^^^^^^^^^^^^^^^^^^^^^^^^^^^^^^^^^^^^^^^^^^^
SyntaxError: cannot assign to expression
2025-08-18 19:31:25,007 cblogger [ERROR]: 		Error while extracting code complexity metrics: invalid syntax (<unknown>, line 11)
Traceback (most recent call last):
  File "/root/QuestionInsight/Etapa_1/codebench-mining-tool/util.py", line 551, in extract_complexity_metrics
    v = ComplexityVisitor.from_code(code)
        ^^^^^^^^^^^^^^^^^^^^^^^^^^^^^^^^^
  File "/root/QuestionInsight/.venv/lib/python3.12/site-packages/radon/visitors.py", line 133, in from_code
    return cls.from_ast(code2ast(code), **kwargs)
                        ^^^^^^^^^^^^^^
  File "/root/QuestionInsight/.venv/lib/python3.12/site-packages/radon/visitors.py", line 48, in code2ast
    return ast.parse(source)
           ^^^^^^^^^^^^^^^^^
  File "/usr/lib/python3.12/ast.py", line 52, in parse
    return compile(source, filename, mode, flags,
           ^^^^^^^^^^^^^^^^^^^^^^^^^^^^^^^^^^^^^^
  File "<unknown>", line 11
    print(round((c * v) + 20, 2)) mkmjo9iihuihljjjlhbg,k bjkuijuyfvfg
                                  ^^^^^^^^^^^^^^^^^^^^
SyntaxError: invalid syntax
2025-08-18 19:31:25,008 cblogger [ERROR]: 		Error while extracting halsted code metrics: invalid syntax (<unknown>, line 11)
Traceback (most recent call last):
  File "/root/QuestionInsight/Etapa_1/codebench-mining-tool/util.py", line 569, in extract_halstead_metrics
    h = h_visit(code)
        ^^^^^^^^^^^^^
  File "/root/QuestionInsight/.venv/lib/python3.12/site-packages/radon/metrics.py", line 29, in h_visit
    return h_visit_ast(ast.parse(code))
                       ^^^^^^^^^^^^^^^
  File "/usr/lib/python3.12/ast.py", line 52, in parse
    return compile(source, filename, mode, flags,
           ^^^^^^^^^^^^^^^^^^^^^^^^^^^^^^^^^^^^^^
  File "<unknown>", line 11
    print(round((c * v) + 20, 2)) mkmjo9iihuihljjjlhbg,k bjkuijuyfvfg
                                  ^^^^^^^^^^^^^^^^^^^^
SyntaxError: invalid syntax
2025-08-18 19:31:25,030 cblogger [ERROR]: 		Error while extracting code complexity metrics: invalid syntax. Perhaps you forgot a comma? (<unknown>, line 1)
Traceback (most recent call last):
  File "/root/QuestionInsight/Etapa_1/codebench-mining-tool/util.py", line 551, in extract_complexity_metrics
    v = ComplexityVisitor.from_code(code)
        ^^^^^^^^^^^^^^^^^^^^^^^^^^^^^^^^^
  File "/root/QuestionInsight/.venv/lib/python3.12/site-packages/radon/visitors.py", line 133, in from_code
    return cls.from_ast(code2ast(code), **kwargs)
                        ^^^^^^^^^^^^^^
  File "/root/QuestionInsight/.venv/lib/python3.12/site-packages/radon/visitors.py", line 48, in code2ast
    return ast.parse(source)
           ^^^^^^^^^^^^^^^^^
  File "/usr/lib/python3.12/ast.py", line 52, in parse
    return compile(source, filename, mode, flags,
           ^^^^^^^^^^^^^^^^^^^^^^^^^^^^^^^^^^^^^^
  File "<unknown>", line 1
    x = int(input("volume de agua")
            
SyntaxError: invalid syntax. Perhaps you forgot a comma?
2025-08-18 19:31:25,031 cblogger [ERROR]: 		Error while extracting code size based metrics: SyntaxError at line: 1
Traceback (most recent call last):
  File "/root/QuestionInsight/.venv/lib/python3.12/site-packages/radon/raw.py", line 210, in analyze
    tokens, parsed_lines = _get_all_tokens(line, lines)
                           ^^^^^^^^^^^^^^^^^^^^^^^^^^^^
  File "/root/QuestionInsight/.venv/lib/python3.12/site-packages/radon/raw.py", line 117, in _get_all_tokens
    next_line = next(lines)
                ^^^^^^^^^^^
StopIteration

During handling of the above exception, another exception occurred:

Traceback (most recent call last):
  File "/root/QuestionInsight/Etapa_1/codebench-mining-tool/util.py", line 560, in extract_size_metrics
    a = analyze(code)
        ^^^^^^^^^^^^^
  File "/root/QuestionInsight/.venv/lib/python3.12/site-packages/radon/raw.py", line 212, in analyze
    raise SyntaxError('SyntaxError at line: {0}'.format(lineno))
SyntaxError: SyntaxError at line: 1
2025-08-18 19:31:25,033 cblogger [ERROR]: 		Error while extracting halsted code metrics: invalid syntax. Perhaps you forgot a comma? (<unknown>, line 1)
Traceback (most recent call last):
  File "/root/QuestionInsight/Etapa_1/codebench-mining-tool/util.py", line 569, in extract_halstead_metrics
    h = h_visit(code)
        ^^^^^^^^^^^^^
  File "/root/QuestionInsight/.venv/lib/python3.12/site-packages/radon/metrics.py", line 29, in h_visit
    return h_visit_ast(ast.parse(code))
                       ^^^^^^^^^^^^^^^
  File "/usr/lib/python3.12/ast.py", line 52, in parse
    return compile(source, filename, mode, flags,
           ^^^^^^^^^^^^^^^^^^^^^^^^^^^^^^^^^^^^^^
  File "<unknown>", line 1
    x = int(input("volume de agua")
            
SyntaxError: invalid syntax. Perhaps you forgot a comma?
2025-08-18 19:31:25,034 cblogger [ERROR]: 		Error while extracting code complexity metrics: expected an indented block after 'for' statement on line 5 (<unknown>, line 6)
Traceback (most recent call last):
  File "/root/QuestionInsight/Etapa_1/codebench-mining-tool/util.py", line 551, in extract_complexity_metrics
    v = ComplexityVisitor.from_code(code)
        ^^^^^^^^^^^^^^^^^^^^^^^^^^^^^^^^^
  File "/root/QuestionInsight/.venv/lib/python3.12/site-packages/radon/visitors.py", line 133, in from_code
    return cls.from_ast(code2ast(code), **kwargs)
                        ^^^^^^^^^^^^^^
  File "/root/QuestionInsight/.venv/lib/python3.12/site-packages/radon/visitors.py", line 48, in code2ast
    return ast.parse(source)
           ^^^^^^^^^^^^^^^^^
  File "/usr/lib/python3.12/ast.py", line 52, in parse
    return compile(source, filename, mode, flags,
           ^^^^^^^^^^^^^^^^^^^^^^^^^^^^^^^^^^^^^^
  File "<unknown>", line 6
    if c[i]=="P": quant[0]=quant[0]+1
    ^^
IndentationError: expected an indented block after 'for' statement on line 5
2025-08-18 19:31:25,036 cblogger [ERROR]: 		Error while extracting halsted code metrics: expected an indented block after 'for' statement on line 5 (<unknown>, line 6)
Traceback (most recent call last):
  File "/root/QuestionInsight/Etapa_1/codebench-mining-tool/util.py", line 569, in extract_halstead_metrics
    h = h_visit(code)
        ^^^^^^^^^^^^^
  File "/root/QuestionInsight/.venv/lib/python3.12/site-packages/radon/metrics.py", line 29, in h_visit
    return h_visit_ast(ast.parse(code))
                       ^^^^^^^^^^^^^^^
  File "/usr/lib/python3.12/ast.py", line 52, in parse
    return compile(source, filename, mode, flags,
           ^^^^^^^^^^^^^^^^^^^^^^^^^^^^^^^^^^^^^^
  File "<unknown>", line 6
    if c[i]=="P": quant[0]=quant[0]+1
    ^^
IndentationError: expected an indented block after 'for' statement on line 5
2025-08-18 19:31:25,044 cblogger [ERROR]: 		Error while extracting code complexity metrics: invalid syntax (<unknown>, line 5)
Traceback (most recent call last):
  File "/root/QuestionInsight/Etapa_1/codebench-mining-tool/util.py", line 551, in extract_complexity_metrics
    v = ComplexityVisitor.from_code(code)
        ^^^^^^^^^^^^^^^^^^^^^^^^^^^^^^^^^
  File "/root/QuestionInsight/.venv/lib/python3.12/site-packages/radon/visitors.py", line 133, in from_code
    return cls.from_ast(code2ast(code), **kwargs)
                        ^^^^^^^^^^^^^^
  File "/root/QuestionInsight/.venv/lib/python3.12/site-packages/radon/visitors.py", line 48, in code2ast
    return ast.parse(source)
           ^^^^^^^^^^^^^^^^^
  File "/usr/lib/python3.12/ast.py", line 52, in parse
    return compile(source, filename, mode, flags,
           ^^^^^^^^^^^^^^^^^^^^^^^^^^^^^^^^^^^^^^
  File "<unknown>", line 5
    L = 
        ^
SyntaxError: invalid syntax
2025-08-18 19:31:25,045 cblogger [ERROR]: 		Error while extracting halsted code metrics: invalid syntax (<unknown>, line 5)
Traceback (most recent call last):
  File "/root/QuestionInsight/Etapa_1/codebench-mining-tool/util.py", line 569, in extract_halstead_metrics
    h = h_visit(code)
        ^^^^^^^^^^^^^
  File "/root/QuestionInsight/.venv/lib/python3.12/site-packages/radon/metrics.py", line 29, in h_visit
    return h_visit_ast(ast.parse(code))
                       ^^^^^^^^^^^^^^^
  File "/usr/lib/python3.12/ast.py", line 52, in parse
    return compile(source, filename, mode, flags,
           ^^^^^^^^^^^^^^^^^^^^^^^^^^^^^^^^^^^^^^
  File "<unknown>", line 5
    L = 
        ^
SyntaxError: invalid syntax
2025-08-18 19:31:25,061 cblogger [ERROR]: 		Error while extracting code complexity metrics: invalid syntax (<unknown>, line 1)
Traceback (most recent call last):
  File "/root/QuestionInsight/Etapa_1/codebench-mining-tool/util.py", line 551, in extract_complexity_metrics
    v = ComplexityVisitor.from_code(code)
        ^^^^^^^^^^^^^^^^^^^^^^^^^^^^^^^^^
  File "/root/QuestionInsight/.venv/lib/python3.12/site-packages/radon/visitors.py", line 133, in from_code
    return cls.from_ast(code2ast(code), **kwargs)
                        ^^^^^^^^^^^^^^
  File "/root/QuestionInsight/.venv/lib/python3.12/site-packages/radon/visitors.py", line 48, in code2ast
    return ast.parse(source)
           ^^^^^^^^^^^^^^^^^
  File "/usr/lib/python3.12/ast.py", line 52, in parse
    return compile(source, filename, mode, flags,
           ^^^^^^^^^^^^^^^^^^^^^^^^^^^^^^^^^^^^^^
  File "<unknown>", line 1
    Salto em distância
          ^^
SyntaxError: invalid syntax
2025-08-18 19:31:25,062 cblogger [ERROR]: 		Error while extracting halsted code metrics: invalid syntax (<unknown>, line 1)
Traceback (most recent call last):
  File "/root/QuestionInsight/Etapa_1/codebench-mining-tool/util.py", line 569, in extract_halstead_metrics
    h = h_visit(code)
        ^^^^^^^^^^^^^
  File "/root/QuestionInsight/.venv/lib/python3.12/site-packages/radon/metrics.py", line 29, in h_visit
    return h_visit_ast(ast.parse(code))
                       ^^^^^^^^^^^^^^^
  File "/usr/lib/python3.12/ast.py", line 52, in parse
    return compile(source, filename, mode, flags,
           ^^^^^^^^^^^^^^^^^^^^^^^^^^^^^^^^^^^^^^
  File "<unknown>", line 1
    Salto em distância
          ^^
SyntaxError: invalid syntax
2025-08-18 19:31:25,064 cblogger [ERROR]: 		Error while extracting code complexity metrics: expected ':' (<unknown>, line 5)
Traceback (most recent call last):
  File "/root/QuestionInsight/Etapa_1/codebench-mining-tool/util.py", line 551, in extract_complexity_metrics
    v = ComplexityVisitor.from_code(code)
        ^^^^^^^^^^^^^^^^^^^^^^^^^^^^^^^^^
  File "/root/QuestionInsight/.venv/lib/python3.12/site-packages/radon/visitors.py", line 133, in from_code
    return cls.from_ast(code2ast(code), **kwargs)
                        ^^^^^^^^^^^^^^
  File "/root/QuestionInsight/.venv/lib/python3.12/site-packages/radon/visitors.py", line 48, in code2ast
    return ast.parse(source)
           ^^^^^^^^^^^^^^^^^
  File "/usr/lib/python3.12/ast.py", line 52, in parse
    return compile(source, filename, mode, flags,
           ^^^^^^^^^^^^^^^^^^^^^^^^^^^^^^^^^^^^^^
  File "<unknown>", line 5
    	if a [i]
    	        ^
SyntaxError: expected ':'
2025-08-18 19:31:25,070 cblogger [ERROR]: 		Error while extracting halsted code metrics: expected ':' (<unknown>, line 5)
Traceback (most recent call last):
  File "/root/QuestionInsight/Etapa_1/codebench-mining-tool/util.py", line 569, in extract_halstead_metrics
    h = h_visit(code)
        ^^^^^^^^^^^^^
  File "/root/QuestionInsight/.venv/lib/python3.12/site-packages/radon/metrics.py", line 29, in h_visit
    return h_visit_ast(ast.parse(code))
                       ^^^^^^^^^^^^^^^
  File "/usr/lib/python3.12/ast.py", line 52, in parse
    return compile(source, filename, mode, flags,
           ^^^^^^^^^^^^^^^^^^^^^^^^^^^^^^^^^^^^^^
  File "<unknown>", line 5
    	if a [i]
    	        ^
SyntaxError: expected ':'
2025-08-18 19:31:25,100 cblogger [ERROR]: 		Error while extracting code complexity metrics: invalid syntax (<unknown>, line 4)
Traceback (most recent call last):
  File "/root/QuestionInsight/Etapa_1/codebench-mining-tool/util.py", line 551, in extract_complexity_metrics
    v = ComplexityVisitor.from_code(code)
        ^^^^^^^^^^^^^^^^^^^^^^^^^^^^^^^^^
  File "/root/QuestionInsight/.venv/lib/python3.12/site-packages/radon/visitors.py", line 133, in from_code
    return cls.from_ast(code2ast(code), **kwargs)
                        ^^^^^^^^^^^^^^
  File "/root/QuestionInsight/.venv/lib/python3.12/site-packages/radon/visitors.py", line 48, in code2ast
    return ast.parse(source)
           ^^^^^^^^^^^^^^^^^
  File "/usr/lib/python3.12/ast.py", line 52, in parse
    return compile(source, filename, mode, flags,
           ^^^^^^^^^^^^^^^^^^^^^^^^^^^^^^^^^^^^^^
  File "<unknown>", line 4
    while float ICE 
                ^^^
SyntaxError: invalid syntax
2025-08-18 19:31:25,101 cblogger [ERROR]: 		Error while extracting halsted code metrics: invalid syntax (<unknown>, line 4)
Traceback (most recent call last):
  File "/root/QuestionInsight/Etapa_1/codebench-mining-tool/util.py", line 569, in extract_halstead_metrics
    h = h_visit(code)
        ^^^^^^^^^^^^^
  File "/root/QuestionInsight/.venv/lib/python3.12/site-packages/radon/metrics.py", line 29, in h_visit
    return h_visit_ast(ast.parse(code))
                       ^^^^^^^^^^^^^^^
  File "/usr/lib/python3.12/ast.py", line 52, in parse
    return compile(source, filename, mode, flags,
           ^^^^^^^^^^^^^^^^^^^^^^^^^^^^^^^^^^^^^^
  File "<unknown>", line 4
    while float ICE 
                ^^^
SyntaxError: invalid syntax
2025-08-18 19:31:25,133 cblogger [ERROR]: 		Error while extracting code complexity metrics: invalid syntax (<unknown>, line 3)
Traceback (most recent call last):
  File "/root/QuestionInsight/Etapa_1/codebench-mining-tool/util.py", line 551, in extract_complexity_metrics
    v = ComplexityVisitor.from_code(code)
        ^^^^^^^^^^^^^^^^^^^^^^^^^^^^^^^^^
  File "/root/QuestionInsight/.venv/lib/python3.12/site-packages/radon/visitors.py", line 133, in from_code
    return cls.from_ast(code2ast(code), **kwargs)
                        ^^^^^^^^^^^^^^
  File "/root/QuestionInsight/.venv/lib/python3.12/site-packages/radon/visitors.py", line 48, in code2ast
    return ast.parse(source)
           ^^^^^^^^^^^^^^^^^
  File "/usr/lib/python3.12/ast.py", line 52, in parse
    return compile(source, filename, mode, flags,
           ^^^^^^^^^^^^^^^^^^^^^^^^^^^^^^^^^^^^^^
  File "<unknown>", line 3
    if((a!="ARROZ") or (a!="CENOURA") or (a!="KAMPYO") or (a!="NORI") or (a!="OMELETE") or (a!="PEPINO") or (a!="SALMAO") or (a!="SHITAKE"):
                                                                                                                                           ^
SyntaxError: invalid syntax
2025-08-18 19:31:25,137 cblogger [ERROR]: 		Error while extracting code size based metrics: SyntaxError at line: 3
Traceback (most recent call last):
  File "/root/QuestionInsight/.venv/lib/python3.12/site-packages/radon/raw.py", line 210, in analyze
    tokens, parsed_lines = _get_all_tokens(line, lines)
                           ^^^^^^^^^^^^^^^^^^^^^^^^^^^^
  File "/root/QuestionInsight/.venv/lib/python3.12/site-packages/radon/raw.py", line 117, in _get_all_tokens
    next_line = next(lines)
                ^^^^^^^^^^^
StopIteration

During handling of the above exception, another exception occurred:

Traceback (most recent call last):
  File "/root/QuestionInsight/Etapa_1/codebench-mining-tool/util.py", line 560, in extract_size_metrics
    a = analyze(code)
        ^^^^^^^^^^^^^
  File "/root/QuestionInsight/.venv/lib/python3.12/site-packages/radon/raw.py", line 212, in analyze
    raise SyntaxError('SyntaxError at line: {0}'.format(lineno))
SyntaxError: SyntaxError at line: 3
2025-08-18 19:31:25,140 cblogger [ERROR]: 		Error while extracting halsted code metrics: invalid syntax (<unknown>, line 3)
Traceback (most recent call last):
  File "/root/QuestionInsight/Etapa_1/codebench-mining-tool/util.py", line 569, in extract_halstead_metrics
    h = h_visit(code)
        ^^^^^^^^^^^^^
  File "/root/QuestionInsight/.venv/lib/python3.12/site-packages/radon/metrics.py", line 29, in h_visit
    return h_visit_ast(ast.parse(code))
                       ^^^^^^^^^^^^^^^
  File "/usr/lib/python3.12/ast.py", line 52, in parse
    return compile(source, filename, mode, flags,
           ^^^^^^^^^^^^^^^^^^^^^^^^^^^^^^^^^^^^^^
  File "<unknown>", line 3
    if((a!="ARROZ") or (a!="CENOURA") or (a!="KAMPYO") or (a!="NORI") or (a!="OMELETE") or (a!="PEPINO") or (a!="SALMAO") or (a!="SHITAKE"):
                                                                                                                                           ^
SyntaxError: invalid syntax
2025-08-18 19:31:25,148 cblogger [ERROR]: 		Error while extracting code complexity metrics: '(' was never closed (<unknown>, line 13)
Traceback (most recent call last):
  File "/root/QuestionInsight/Etapa_1/codebench-mining-tool/util.py", line 551, in extract_complexity_metrics
    v = ComplexityVisitor.from_code(code)
        ^^^^^^^^^^^^^^^^^^^^^^^^^^^^^^^^^
  File "/root/QuestionInsight/.venv/lib/python3.12/site-packages/radon/visitors.py", line 133, in from_code
    return cls.from_ast(code2ast(code), **kwargs)
                        ^^^^^^^^^^^^^^
  File "/root/QuestionInsight/.venv/lib/python3.12/site-packages/radon/visitors.py", line 48, in code2ast
    return ast.parse(source)
           ^^^^^^^^^^^^^^^^^
  File "/usr/lib/python3.12/ast.py", line 52, in parse
    return compile(source, filename, mode, flags,
           ^^^^^^^^^^^^^^^^^^^^^^^^^^^^^^^^^^^^^^
  File "<unknown>", line 13
    	v = (4*pi*r**3/3) - ((pi*h**2*3*r-h)/3
    	                    ^
SyntaxError: '(' was never closed
2025-08-18 19:31:25,149 cblogger [ERROR]: 		Error while extracting code size based metrics: SyntaxError at line: 13
Traceback (most recent call last):
  File "/root/QuestionInsight/.venv/lib/python3.12/site-packages/radon/raw.py", line 210, in analyze
    tokens, parsed_lines = _get_all_tokens(line, lines)
                           ^^^^^^^^^^^^^^^^^^^^^^^^^^^^
  File "/root/QuestionInsight/.venv/lib/python3.12/site-packages/radon/raw.py", line 117, in _get_all_tokens
    next_line = next(lines)
                ^^^^^^^^^^^
StopIteration

During handling of the above exception, another exception occurred:

Traceback (most recent call last):
  File "/root/QuestionInsight/Etapa_1/codebench-mining-tool/util.py", line 560, in extract_size_metrics
    a = analyze(code)
        ^^^^^^^^^^^^^
  File "/root/QuestionInsight/.venv/lib/python3.12/site-packages/radon/raw.py", line 212, in analyze
    raise SyntaxError('SyntaxError at line: {0}'.format(lineno))
SyntaxError: SyntaxError at line: 13
2025-08-18 19:31:25,149 cblogger [ERROR]: 		Error while extracting halsted code metrics: '(' was never closed (<unknown>, line 13)
Traceback (most recent call last):
  File "/root/QuestionInsight/Etapa_1/codebench-mining-tool/util.py", line 569, in extract_halstead_metrics
    h = h_visit(code)
        ^^^^^^^^^^^^^
  File "/root/QuestionInsight/.venv/lib/python3.12/site-packages/radon/metrics.py", line 29, in h_visit
    return h_visit_ast(ast.parse(code))
                       ^^^^^^^^^^^^^^^
  File "/usr/lib/python3.12/ast.py", line 52, in parse
    return compile(source, filename, mode, flags,
           ^^^^^^^^^^^^^^^^^^^^^^^^^^^^^^^^^^^^^^
  File "<unknown>", line 13
    	v = (4*pi*r**3/3) - ((pi*h**2*3*r-h)/3
    	                    ^
SyntaxError: '(' was never closed
2025-08-18 19:31:25,166 cblogger [ERROR]: 		Error while extracting code complexity metrics: '(' was never closed (<unknown>, line 11)
Traceback (most recent call last):
  File "/root/QuestionInsight/Etapa_1/codebench-mining-tool/util.py", line 551, in extract_complexity_metrics
    v = ComplexityVisitor.from_code(code)
        ^^^^^^^^^^^^^^^^^^^^^^^^^^^^^^^^^
  File "/root/QuestionInsight/.venv/lib/python3.12/site-packages/radon/visitors.py", line 133, in from_code
    return cls.from_ast(code2ast(code), **kwargs)
                        ^^^^^^^^^^^^^^
  File "/root/QuestionInsight/.venv/lib/python3.12/site-packages/radon/visitors.py", line 48, in code2ast
    return ast.parse(source)
           ^^^^^^^^^^^^^^^^^
  File "/usr/lib/python3.12/ast.py", line 52, in parse
    return compile(source, filename, mode, flags,
           ^^^^^^^^^^^^^^^^^^^^^^^^^^^^^^^^^^^^^^
  File "<unknown>", line 11
    	if (golpro [1]>golcontra[1] 
    	   ^
SyntaxError: '(' was never closed
2025-08-18 19:31:25,168 cblogger [ERROR]: 		Error while extracting code size based metrics: SyntaxError at line: 11
Traceback (most recent call last):
  File "/root/QuestionInsight/.venv/lib/python3.12/site-packages/radon/raw.py", line 210, in analyze
    tokens, parsed_lines = _get_all_tokens(line, lines)
                           ^^^^^^^^^^^^^^^^^^^^^^^^^^^^
  File "/root/QuestionInsight/.venv/lib/python3.12/site-packages/radon/raw.py", line 117, in _get_all_tokens
    next_line = next(lines)
                ^^^^^^^^^^^
StopIteration

During handling of the above exception, another exception occurred:

Traceback (most recent call last):
  File "/root/QuestionInsight/Etapa_1/codebench-mining-tool/util.py", line 560, in extract_size_metrics
    a = analyze(code)
        ^^^^^^^^^^^^^
  File "/root/QuestionInsight/.venv/lib/python3.12/site-packages/radon/raw.py", line 212, in analyze
    raise SyntaxError('SyntaxError at line: {0}'.format(lineno))
SyntaxError: SyntaxError at line: 11
2025-08-18 19:31:25,168 cblogger [ERROR]: 		Error while extracting halsted code metrics: '(' was never closed (<unknown>, line 11)
Traceback (most recent call last):
  File "/root/QuestionInsight/Etapa_1/codebench-mining-tool/util.py", line 569, in extract_halstead_metrics
    h = h_visit(code)
        ^^^^^^^^^^^^^
  File "/root/QuestionInsight/.venv/lib/python3.12/site-packages/radon/metrics.py", line 29, in h_visit
    return h_visit_ast(ast.parse(code))
                       ^^^^^^^^^^^^^^^
  File "/usr/lib/python3.12/ast.py", line 52, in parse
    return compile(source, filename, mode, flags,
           ^^^^^^^^^^^^^^^^^^^^^^^^^^^^^^^^^^^^^^
  File "<unknown>", line 11
    	if (golpro [1]>golcontra[1] 
    	   ^
SyntaxError: '(' was never closed
2025-08-18 19:31:25,169 cblogger [ERROR]: 		Error while extracting code token based metrics: 55
Traceback (most recent call last):
  File "/root/QuestionInsight/Etapa_1/codebench-mining-tool/util.py", line 633, in extract_token_metrics
    setattr(obj, TOKEN_NAMES[k], v)
                 ~~~~~~~~~~~^^^
KeyError: 55
2025-08-18 19:31:25,204 cblogger [ERROR]: 		Error while extracting code complexity metrics: invalid syntax (<unknown>, line 2)
Traceback (most recent call last):
  File "/root/QuestionInsight/Etapa_1/codebench-mining-tool/util.py", line 551, in extract_complexity_metrics
    v = ComplexityVisitor.from_code(code)
        ^^^^^^^^^^^^^^^^^^^^^^^^^^^^^^^^^
  File "/root/QuestionInsight/.venv/lib/python3.12/site-packages/radon/visitors.py", line 133, in from_code
    return cls.from_ast(code2ast(code), **kwargs)
                        ^^^^^^^^^^^^^^
  File "/root/QuestionInsight/.venv/lib/python3.12/site-packages/radon/visitors.py", line 48, in code2ast
    return ast.parse(source)
           ^^^^^^^^^^^^^^^^^
  File "/usr/lib/python3.12/ast.py", line 52, in parse
    return compile(source, filename, mode, flags,
           ^^^^^^^^^^^^^^^^^^^^^^^^^^^^^^^^^^^^^^
  File "<unknown>", line 2
    if 
       ^
SyntaxError: invalid syntax
2025-08-18 19:31:25,205 cblogger [ERROR]: 		Error while extracting halsted code metrics: invalid syntax (<unknown>, line 2)
Traceback (most recent call last):
  File "/root/QuestionInsight/Etapa_1/codebench-mining-tool/util.py", line 569, in extract_halstead_metrics
    h = h_visit(code)
        ^^^^^^^^^^^^^
  File "/root/QuestionInsight/.venv/lib/python3.12/site-packages/radon/metrics.py", line 29, in h_visit
    return h_visit_ast(ast.parse(code))
                       ^^^^^^^^^^^^^^^
  File "/usr/lib/python3.12/ast.py", line 52, in parse
    return compile(source, filename, mode, flags,
           ^^^^^^^^^^^^^^^^^^^^^^^^^^^^^^^^^^^^^^
  File "<unknown>", line 2
    if 
       ^
SyntaxError: invalid syntax
2025-08-18 19:31:25,400 cblogger [ERROR]: 		Error while extracting code complexity metrics: '(' was never closed (<unknown>, line 3)
Traceback (most recent call last):
  File "/root/QuestionInsight/Etapa_1/codebench-mining-tool/util.py", line 551, in extract_complexity_metrics
    v = ComplexityVisitor.from_code(code)
        ^^^^^^^^^^^^^^^^^^^^^^^^^^^^^^^^^
  File "/root/QuestionInsight/.venv/lib/python3.12/site-packages/radon/visitors.py", line 133, in from_code
    return cls.from_ast(code2ast(code), **kwargs)
                        ^^^^^^^^^^^^^^
  File "/root/QuestionInsight/.venv/lib/python3.12/site-packages/radon/visitors.py", line 48, in code2ast
    return ast.parse(source)
           ^^^^^^^^^^^^^^^^^
  File "/usr/lib/python3.12/ast.py", line 52, in parse
    return compile(source, filename, mode, flags,
           ^^^^^^^^^^^^^^^^^^^^^^^^^^^^^^^^^^^^^^
  File "<unknown>", line 3
    qu = array(eval(input("vqu")
                   ^
SyntaxError: '(' was never closed
2025-08-18 19:31:25,402 cblogger [ERROR]: 		Error while extracting code size based metrics: SyntaxError at line: 3
Traceback (most recent call last):
  File "/root/QuestionInsight/.venv/lib/python3.12/site-packages/radon/raw.py", line 210, in analyze
    tokens, parsed_lines = _get_all_tokens(line, lines)
                           ^^^^^^^^^^^^^^^^^^^^^^^^^^^^
  File "/root/QuestionInsight/.venv/lib/python3.12/site-packages/radon/raw.py", line 117, in _get_all_tokens
    next_line = next(lines)
                ^^^^^^^^^^^
StopIteration

During handling of the above exception, another exception occurred:

Traceback (most recent call last):
  File "/root/QuestionInsight/Etapa_1/codebench-mining-tool/util.py", line 560, in extract_size_metrics
    a = analyze(code)
        ^^^^^^^^^^^^^
  File "/root/QuestionInsight/.venv/lib/python3.12/site-packages/radon/raw.py", line 212, in analyze
    raise SyntaxError('SyntaxError at line: {0}'.format(lineno))
SyntaxError: SyntaxError at line: 3
2025-08-18 19:31:25,402 cblogger [ERROR]: 		Error while extracting halsted code metrics: '(' was never closed (<unknown>, line 3)
Traceback (most recent call last):
  File "/root/QuestionInsight/Etapa_1/codebench-mining-tool/util.py", line 569, in extract_halstead_metrics
    h = h_visit(code)
        ^^^^^^^^^^^^^
  File "/root/QuestionInsight/.venv/lib/python3.12/site-packages/radon/metrics.py", line 29, in h_visit
    return h_visit_ast(ast.parse(code))
                       ^^^^^^^^^^^^^^^
  File "/usr/lib/python3.12/ast.py", line 52, in parse
    return compile(source, filename, mode, flags,
           ^^^^^^^^^^^^^^^^^^^^^^^^^^^^^^^^^^^^^^
  File "<unknown>", line 3
    qu = array(eval(input("vqu")
                   ^
SyntaxError: '(' was never closed
2025-08-18 19:31:25,418 cblogger [ERROR]: 		Error while extracting code complexity metrics: expected ':' (<unknown>, line 4)
Traceback (most recent call last):
  File "/root/QuestionInsight/Etapa_1/codebench-mining-tool/util.py", line 551, in extract_complexity_metrics
    v = ComplexityVisitor.from_code(code)
        ^^^^^^^^^^^^^^^^^^^^^^^^^^^^^^^^^
  File "/root/QuestionInsight/.venv/lib/python3.12/site-packages/radon/visitors.py", line 133, in from_code
    return cls.from_ast(code2ast(code), **kwargs)
                        ^^^^^^^^^^^^^^
  File "/root/QuestionInsight/.venv/lib/python3.12/site-packages/radon/visitors.py", line 48, in code2ast
    return ast.parse(source)
           ^^^^^^^^^^^^^^^^^
  File "/usr/lib/python3.12/ast.py", line 52, in parse
    return compile(source, filename, mode, flags,
           ^^^^^^^^^^^^^^^^^^^^^^^^^^^^^^^^^^^^^^
  File "<unknown>", line 4
    while x / 3 and y /3
                        ^
SyntaxError: expected ':'
2025-08-18 19:31:25,419 cblogger [ERROR]: 		Error while extracting halsted code metrics: expected ':' (<unknown>, line 4)
Traceback (most recent call last):
  File "/root/QuestionInsight/Etapa_1/codebench-mining-tool/util.py", line 569, in extract_halstead_metrics
    h = h_visit(code)
        ^^^^^^^^^^^^^
  File "/root/QuestionInsight/.venv/lib/python3.12/site-packages/radon/metrics.py", line 29, in h_visit
    return h_visit_ast(ast.parse(code))
                       ^^^^^^^^^^^^^^^
  File "/usr/lib/python3.12/ast.py", line 52, in parse
    return compile(source, filename, mode, flags,
           ^^^^^^^^^^^^^^^^^^^^^^^^^^^^^^^^^^^^^^
  File "<unknown>", line 4
    while x / 3 and y /3
                        ^
SyntaxError: expected ':'
2025-08-18 19:31:25,431 cblogger [ERROR]: 		Error while extracting code complexity metrics: unexpected indent (<unknown>, line 10)
Traceback (most recent call last):
  File "/root/QuestionInsight/Etapa_1/codebench-mining-tool/util.py", line 551, in extract_complexity_metrics
    v = ComplexityVisitor.from_code(code)
        ^^^^^^^^^^^^^^^^^^^^^^^^^^^^^^^^^
  File "/root/QuestionInsight/.venv/lib/python3.12/site-packages/radon/visitors.py", line 133, in from_code
    return cls.from_ast(code2ast(code), **kwargs)
                        ^^^^^^^^^^^^^^
  File "/root/QuestionInsight/.venv/lib/python3.12/site-packages/radon/visitors.py", line 48, in code2ast
    return ast.parse(source)
           ^^^^^^^^^^^^^^^^^
  File "/usr/lib/python3.12/ast.py", line 52, in parse
    return compile(source, filename, mode, flags,
           ^^^^^^^^^^^^^^^^^^^^^^^^^^^^^^^^^^^^^^
  File "<unknown>", line 10
    altura_x=altura_x+taxa_x                   # felino cresce ?.??m cada ano
IndentationError: unexpected indent
2025-08-18 19:31:25,432 cblogger [ERROR]: 		Error while extracting halsted code metrics: unexpected indent (<unknown>, line 10)
Traceback (most recent call last):
  File "/root/QuestionInsight/Etapa_1/codebench-mining-tool/util.py", line 569, in extract_halstead_metrics
    h = h_visit(code)
        ^^^^^^^^^^^^^
  File "/root/QuestionInsight/.venv/lib/python3.12/site-packages/radon/metrics.py", line 29, in h_visit
    return h_visit_ast(ast.parse(code))
                       ^^^^^^^^^^^^^^^
  File "/usr/lib/python3.12/ast.py", line 52, in parse
    return compile(source, filename, mode, flags,
           ^^^^^^^^^^^^^^^^^^^^^^^^^^^^^^^^^^^^^^
  File "<unknown>", line 10
    altura_x=altura_x+taxa_x                   # felino cresce ?.??m cada ano
IndentationError: unexpected indent
2025-08-18 19:31:25,485 cblogger [ERROR]: 		Error while extracting code complexity metrics: closing parenthesis ')' does not match opening parenthesis '[' (<unknown>, line 3)
Traceback (most recent call last):
  File "/root/QuestionInsight/Etapa_1/codebench-mining-tool/util.py", line 551, in extract_complexity_metrics
    v = ComplexityVisitor.from_code(code)
        ^^^^^^^^^^^^^^^^^^^^^^^^^^^^^^^^^
  File "/root/QuestionInsight/.venv/lib/python3.12/site-packages/radon/visitors.py", line 133, in from_code
    return cls.from_ast(code2ast(code), **kwargs)
                        ^^^^^^^^^^^^^^
  File "/root/QuestionInsight/.venv/lib/python3.12/site-packages/radon/visitors.py", line 48, in code2ast
    return ast.parse(source)
           ^^^^^^^^^^^^^^^^^
  File "/usr/lib/python3.12/ast.py", line 52, in parse
    return compile(source, filename, mode, flags,
           ^^^^^^^^^^^^^^^^^^^^^^^^^^^^^^^^^^^^^^
  File "<unknown>", line 3
    mes = array(["janeiro","fevereiro","marco","abril", "maio","junho","julho","agosto","setembro","outubro","novembro","dezembro]")
                                                                                                                                   ^
SyntaxError: closing parenthesis ')' does not match opening parenthesis '['
2025-08-18 19:31:25,486 cblogger [ERROR]: 		Error while extracting code size based metrics: SyntaxError at line: 3
Traceback (most recent call last):
  File "/root/QuestionInsight/.venv/lib/python3.12/site-packages/radon/raw.py", line 210, in analyze
    tokens, parsed_lines = _get_all_tokens(line, lines)
                           ^^^^^^^^^^^^^^^^^^^^^^^^^^^^
  File "/root/QuestionInsight/.venv/lib/python3.12/site-packages/radon/raw.py", line 117, in _get_all_tokens
    next_line = next(lines)
                ^^^^^^^^^^^
StopIteration

During handling of the above exception, another exception occurred:

Traceback (most recent call last):
  File "/root/QuestionInsight/Etapa_1/codebench-mining-tool/util.py", line 560, in extract_size_metrics
    a = analyze(code)
        ^^^^^^^^^^^^^
  File "/root/QuestionInsight/.venv/lib/python3.12/site-packages/radon/raw.py", line 212, in analyze
    raise SyntaxError('SyntaxError at line: {0}'.format(lineno))
SyntaxError: SyntaxError at line: 3
2025-08-18 19:31:25,486 cblogger [ERROR]: 		Error while extracting halsted code metrics: closing parenthesis ')' does not match opening parenthesis '[' (<unknown>, line 3)
Traceback (most recent call last):
  File "/root/QuestionInsight/Etapa_1/codebench-mining-tool/util.py", line 569, in extract_halstead_metrics
    h = h_visit(code)
        ^^^^^^^^^^^^^
  File "/root/QuestionInsight/.venv/lib/python3.12/site-packages/radon/metrics.py", line 29, in h_visit
    return h_visit_ast(ast.parse(code))
                       ^^^^^^^^^^^^^^^
  File "/usr/lib/python3.12/ast.py", line 52, in parse
    return compile(source, filename, mode, flags,
           ^^^^^^^^^^^^^^^^^^^^^^^^^^^^^^^^^^^^^^
  File "<unknown>", line 3
    mes = array(["janeiro","fevereiro","marco","abril", "maio","junho","julho","agosto","setembro","outubro","novembro","dezembro]")
                                                                                                                                   ^
SyntaxError: closing parenthesis ')' does not match opening parenthesis '['
2025-08-18 19:31:25,487 cblogger [ERROR]: 		Error while extracting code complexity metrics: invalid syntax. Perhaps you forgot a comma? (<unknown>, line 9)
Traceback (most recent call last):
  File "/root/QuestionInsight/Etapa_1/codebench-mining-tool/util.py", line 551, in extract_complexity_metrics
    v = ComplexityVisitor.from_code(code)
        ^^^^^^^^^^^^^^^^^^^^^^^^^^^^^^^^^
  File "/root/QuestionInsight/.venv/lib/python3.12/site-packages/radon/visitors.py", line 133, in from_code
    return cls.from_ast(code2ast(code), **kwargs)
                        ^^^^^^^^^^^^^^
  File "/root/QuestionInsight/.venv/lib/python3.12/site-packages/radon/visitors.py", line 48, in code2ast
    return ast.parse(source)
           ^^^^^^^^^^^^^^^^^
  File "/usr/lib/python3.12/ast.py", line 52, in parse
    return compile(source, filename, mode, flags,
           ^^^^^^^^^^^^^^^^^^^^^^^^^^^^^^^^^^^^^^
  File "<unknown>", line 9
    while (CONDIÇÃO DO LAÇO):
           ^^^^^^^^^^^
SyntaxError: invalid syntax. Perhaps you forgot a comma?
2025-08-18 19:31:25,490 cblogger [ERROR]: 		Error while extracting halsted code metrics: invalid syntax. Perhaps you forgot a comma? (<unknown>, line 9)
Traceback (most recent call last):
  File "/root/QuestionInsight/Etapa_1/codebench-mining-tool/util.py", line 569, in extract_halstead_metrics
    h = h_visit(code)
        ^^^^^^^^^^^^^
  File "/root/QuestionInsight/.venv/lib/python3.12/site-packages/radon/metrics.py", line 29, in h_visit
    return h_visit_ast(ast.parse(code))
                       ^^^^^^^^^^^^^^^
  File "/usr/lib/python3.12/ast.py", line 52, in parse
    return compile(source, filename, mode, flags,
           ^^^^^^^^^^^^^^^^^^^^^^^^^^^^^^^^^^^^^^
  File "<unknown>", line 9
    while (CONDIÇÃO DO LAÇO):
           ^^^^^^^^^^^
SyntaxError: invalid syntax. Perhaps you forgot a comma?
2025-08-18 19:31:25,504 cblogger [ERROR]: 		Error while extracting code complexity metrics: expected ':' (<unknown>, line 7)
Traceback (most recent call last):
  File "/root/QuestionInsight/Etapa_1/codebench-mining-tool/util.py", line 551, in extract_complexity_metrics
    v = ComplexityVisitor.from_code(code)
        ^^^^^^^^^^^^^^^^^^^^^^^^^^^^^^^^^
  File "/root/QuestionInsight/.venv/lib/python3.12/site-packages/radon/visitors.py", line 133, in from_code
    return cls.from_ast(code2ast(code), **kwargs)
                        ^^^^^^^^^^^^^^
  File "/root/QuestionInsight/.venv/lib/python3.12/site-packages/radon/visitors.py", line 48, in code2ast
    return ast.parse(source)
           ^^^^^^^^^^^^^^^^^
  File "/usr/lib/python3.12/ast.py", line 52, in parse
    return compile(source, filename, mode, flags,
           ^^^^^^^^^^^^^^^^^^^^^^^^^^^^^^^^^^^^^^
  File "<unknown>", line 7
    while 1.77>= 0 
                   ^
SyntaxError: expected ':'
2025-08-18 19:31:25,505 cblogger [ERROR]: 		Error while extracting halsted code metrics: expected ':' (<unknown>, line 7)
Traceback (most recent call last):
  File "/root/QuestionInsight/Etapa_1/codebench-mining-tool/util.py", line 569, in extract_halstead_metrics
    h = h_visit(code)
        ^^^^^^^^^^^^^
  File "/root/QuestionInsight/.venv/lib/python3.12/site-packages/radon/metrics.py", line 29, in h_visit
    return h_visit_ast(ast.parse(code))
                       ^^^^^^^^^^^^^^^
  File "/usr/lib/python3.12/ast.py", line 52, in parse
    return compile(source, filename, mode, flags,
           ^^^^^^^^^^^^^^^^^^^^^^^^^^^^^^^^^^^^^^
  File "<unknown>", line 7
    while 1.77>= 0 
                   ^
SyntaxError: expected ':'
2025-08-18 19:31:25,520 cblogger [ERROR]: 		Error while extracting code complexity metrics: cannot assign to expression here. Maybe you meant '==' instead of '='? (<unknown>, line 2)
Traceback (most recent call last):
  File "/root/QuestionInsight/Etapa_1/codebench-mining-tool/util.py", line 551, in extract_complexity_metrics
    v = ComplexityVisitor.from_code(code)
        ^^^^^^^^^^^^^^^^^^^^^^^^^^^^^^^^^
  File "/root/QuestionInsight/.venv/lib/python3.12/site-packages/radon/visitors.py", line 133, in from_code
    return cls.from_ast(code2ast(code), **kwargs)
                        ^^^^^^^^^^^^^^
  File "/root/QuestionInsight/.venv/lib/python3.12/site-packages/radon/visitors.py", line 48, in code2ast
    return ast.parse(source)
           ^^^^^^^^^^^^^^^^^
  File "/usr/lib/python3.12/ast.py", line 52, in parse
    return compile(source, filename, mode, flags,
           ^^^^^^^^^^^^^^^^^^^^^^^^^^^^^^^^^^^^^^
  File "<unknown>", line 2
    i+1=1
    ^^^
SyntaxError: cannot assign to expression here. Maybe you meant '==' instead of '='?
2025-08-18 19:31:25,521 cblogger [ERROR]: 		Error while extracting halsted code metrics: cannot assign to expression here. Maybe you meant '==' instead of '='? (<unknown>, line 2)
Traceback (most recent call last):
  File "/root/QuestionInsight/Etapa_1/codebench-mining-tool/util.py", line 569, in extract_halstead_metrics
    h = h_visit(code)
        ^^^^^^^^^^^^^
  File "/root/QuestionInsight/.venv/lib/python3.12/site-packages/radon/metrics.py", line 29, in h_visit
    return h_visit_ast(ast.parse(code))
                       ^^^^^^^^^^^^^^^
  File "/usr/lib/python3.12/ast.py", line 52, in parse
    return compile(source, filename, mode, flags,
           ^^^^^^^^^^^^^^^^^^^^^^^^^^^^^^^^^^^^^^
  File "<unknown>", line 2
    i+1=1
    ^^^
SyntaxError: cannot assign to expression here. Maybe you meant '==' instead of '='?
2025-08-18 19:31:25,524 cblogger [ERROR]: 		Error while extracting code complexity metrics: '(' was never closed (<unknown>, line 11)
Traceback (most recent call last):
  File "/root/QuestionInsight/Etapa_1/codebench-mining-tool/util.py", line 551, in extract_complexity_metrics
    v = ComplexityVisitor.from_code(code)
        ^^^^^^^^^^^^^^^^^^^^^^^^^^^^^^^^^
  File "/root/QuestionInsight/.venv/lib/python3.12/site-packages/radon/visitors.py", line 133, in from_code
    return cls.from_ast(code2ast(code), **kwargs)
                        ^^^^^^^^^^^^^^
  File "/root/QuestionInsight/.venv/lib/python3.12/site-packages/radon/visitors.py", line 48, in code2ast
    return ast.parse(source)
           ^^^^^^^^^^^^^^^^^
  File "/usr/lib/python3.12/ast.py", line 52, in parse
    return compile(source, filename, mode, flags,
           ^^^^^^^^^^^^^^^^^^^^^^^^^^^^^^^^^^^^^^
  File "<unknown>", line 11
    d = r*arccos(sin(t1)*sin(t2)+(cos(t1)*cos(t2)*cos(g1-g2)
                                 ^
SyntaxError: '(' was never closed
2025-08-18 19:31:25,528 cblogger [ERROR]: 		Error while extracting code size based metrics: SyntaxError at line: 11
Traceback (most recent call last):
  File "/root/QuestionInsight/.venv/lib/python3.12/site-packages/radon/raw.py", line 210, in analyze
    tokens, parsed_lines = _get_all_tokens(line, lines)
                           ^^^^^^^^^^^^^^^^^^^^^^^^^^^^
  File "/root/QuestionInsight/.venv/lib/python3.12/site-packages/radon/raw.py", line 117, in _get_all_tokens
    next_line = next(lines)
                ^^^^^^^^^^^
StopIteration

During handling of the above exception, another exception occurred:

Traceback (most recent call last):
  File "/root/QuestionInsight/Etapa_1/codebench-mining-tool/util.py", line 560, in extract_size_metrics
    a = analyze(code)
        ^^^^^^^^^^^^^
  File "/root/QuestionInsight/.venv/lib/python3.12/site-packages/radon/raw.py", line 212, in analyze
    raise SyntaxError('SyntaxError at line: {0}'.format(lineno))
SyntaxError: SyntaxError at line: 11
2025-08-18 19:31:25,539 cblogger [ERROR]: 		Error while extracting halsted code metrics: '(' was never closed (<unknown>, line 11)
Traceback (most recent call last):
  File "/root/QuestionInsight/Etapa_1/codebench-mining-tool/util.py", line 569, in extract_halstead_metrics
    h = h_visit(code)
        ^^^^^^^^^^^^^
  File "/root/QuestionInsight/.venv/lib/python3.12/site-packages/radon/metrics.py", line 29, in h_visit
    return h_visit_ast(ast.parse(code))
                       ^^^^^^^^^^^^^^^
  File "/usr/lib/python3.12/ast.py", line 52, in parse
    return compile(source, filename, mode, flags,
           ^^^^^^^^^^^^^^^^^^^^^^^^^^^^^^^^^^^^^^
  File "<unknown>", line 11
    d = r*arccos(sin(t1)*sin(t2)+(cos(t1)*cos(t2)*cos(g1-g2)
                                 ^
SyntaxError: '(' was never closed
2025-08-18 19:31:25,671 cblogger [ERROR]: 		Error while extracting code complexity metrics: expected ':' (<unknown>, line 5)
Traceback (most recent call last):
  File "/root/QuestionInsight/Etapa_1/codebench-mining-tool/util.py", line 551, in extract_complexity_metrics
    v = ComplexityVisitor.from_code(code)
        ^^^^^^^^^^^^^^^^^^^^^^^^^^^^^^^^^
  File "/root/QuestionInsight/.venv/lib/python3.12/site-packages/radon/visitors.py", line 133, in from_code
    return cls.from_ast(code2ast(code), **kwargs)
                        ^^^^^^^^^^^^^^
  File "/root/QuestionInsight/.venv/lib/python3.12/site-packages/radon/visitors.py", line 48, in code2ast
    return ast.parse(source)
           ^^^^^^^^^^^^^^^^^
  File "/usr/lib/python3.12/ast.py", line 52, in parse
    return compile(source, filename, mode, flags,
           ^^^^^^^^^^^^^^^^^^^^^^^^^^^^^^^^^^^^^^
  File "<unknown>", line 5
    while x>=1
              ^
SyntaxError: expected ':'
2025-08-18 19:31:25,672 cblogger [ERROR]: 		Error while extracting halsted code metrics: expected ':' (<unknown>, line 5)
Traceback (most recent call last):
  File "/root/QuestionInsight/Etapa_1/codebench-mining-tool/util.py", line 569, in extract_halstead_metrics
    h = h_visit(code)
        ^^^^^^^^^^^^^
  File "/root/QuestionInsight/.venv/lib/python3.12/site-packages/radon/metrics.py", line 29, in h_visit
    return h_visit_ast(ast.parse(code))
                       ^^^^^^^^^^^^^^^
  File "/usr/lib/python3.12/ast.py", line 52, in parse
    return compile(source, filename, mode, flags,
           ^^^^^^^^^^^^^^^^^^^^^^^^^^^^^^^^^^^^^^
  File "<unknown>", line 5
    while x>=1
              ^
SyntaxError: expected ':'
2025-08-18 19:31:25,676 cblogger [ERROR]: 		Error while extracting code complexity metrics: '(' was never closed (<unknown>, line 2)
Traceback (most recent call last):
  File "/root/QuestionInsight/Etapa_1/codebench-mining-tool/util.py", line 551, in extract_complexity_metrics
    v = ComplexityVisitor.from_code(code)
        ^^^^^^^^^^^^^^^^^^^^^^^^^^^^^^^^^
  File "/root/QuestionInsight/.venv/lib/python3.12/site-packages/radon/visitors.py", line 133, in from_code
    return cls.from_ast(code2ast(code), **kwargs)
                        ^^^^^^^^^^^^^^
  File "/root/QuestionInsight/.venv/lib/python3.12/site-packages/radon/visitors.py", line 48, in code2ast
    return ast.parse(source)
           ^^^^^^^^^^^^^^^^^
  File "/usr/lib/python3.12/ast.py", line 52, in parse
    return compile(source, filename, mode, flags,
           ^^^^^^^^^^^^^^^^^^^^^^^^^^^^^^^^^^^^^^
  File "<unknown>", line 2
    votos = (int(input("Informe os votos: ")
                ^
SyntaxError: '(' was never closed
2025-08-18 19:31:25,677 cblogger [ERROR]: 		Error while extracting code size based metrics: SyntaxError at line: 2
Traceback (most recent call last):
  File "/root/QuestionInsight/.venv/lib/python3.12/site-packages/radon/raw.py", line 210, in analyze
    tokens, parsed_lines = _get_all_tokens(line, lines)
                           ^^^^^^^^^^^^^^^^^^^^^^^^^^^^
  File "/root/QuestionInsight/.venv/lib/python3.12/site-packages/radon/raw.py", line 117, in _get_all_tokens
    next_line = next(lines)
                ^^^^^^^^^^^
StopIteration

During handling of the above exception, another exception occurred:

Traceback (most recent call last):
  File "/root/QuestionInsight/Etapa_1/codebench-mining-tool/util.py", line 560, in extract_size_metrics
    a = analyze(code)
        ^^^^^^^^^^^^^
  File "/root/QuestionInsight/.venv/lib/python3.12/site-packages/radon/raw.py", line 212, in analyze
    raise SyntaxError('SyntaxError at line: {0}'.format(lineno))
SyntaxError: SyntaxError at line: 2
2025-08-18 19:31:25,678 cblogger [ERROR]: 		Error while extracting halsted code metrics: '(' was never closed (<unknown>, line 2)
Traceback (most recent call last):
  File "/root/QuestionInsight/Etapa_1/codebench-mining-tool/util.py", line 569, in extract_halstead_metrics
    h = h_visit(code)
        ^^^^^^^^^^^^^
  File "/root/QuestionInsight/.venv/lib/python3.12/site-packages/radon/metrics.py", line 29, in h_visit
    return h_visit_ast(ast.parse(code))
                       ^^^^^^^^^^^^^^^
  File "/usr/lib/python3.12/ast.py", line 52, in parse
    return compile(source, filename, mode, flags,
           ^^^^^^^^^^^^^^^^^^^^^^^^^^^^^^^^^^^^^^
  File "<unknown>", line 2
    votos = (int(input("Informe os votos: ")
                ^
SyntaxError: '(' was never closed
2025-08-18 19:31:25,693 cblogger [ERROR]: 		Error while extracting code complexity metrics: expected an indented block after 'while' statement on line 4 (<unknown>, line 5)
Traceback (most recent call last):
  File "/root/QuestionInsight/Etapa_1/codebench-mining-tool/util.py", line 551, in extract_complexity_metrics
    v = ComplexityVisitor.from_code(code)
        ^^^^^^^^^^^^^^^^^^^^^^^^^^^^^^^^^
  File "/root/QuestionInsight/.venv/lib/python3.12/site-packages/radon/visitors.py", line 133, in from_code
    return cls.from_ast(code2ast(code), **kwargs)
                        ^^^^^^^^^^^^^^
  File "/root/QuestionInsight/.venv/lib/python3.12/site-packages/radon/visitors.py", line 48, in code2ast
    return ast.parse(source)
           ^^^^^^^^^^^^^^^^^
  File "/usr/lib/python3.12/ast.py", line 52, in parse
    return compile(source, filename, mode, flags,
           ^^^^^^^^^^^^^^^^^^^^^^^^^^^^^^^^^^^^^^
  File "<unknown>", line 5
    a = int(input())
    ^
IndentationError: expected an indented block after 'while' statement on line 4
2025-08-18 19:31:25,694 cblogger [ERROR]: 		Error while extracting halsted code metrics: expected an indented block after 'while' statement on line 4 (<unknown>, line 5)
Traceback (most recent call last):
  File "/root/QuestionInsight/Etapa_1/codebench-mining-tool/util.py", line 569, in extract_halstead_metrics
    h = h_visit(code)
        ^^^^^^^^^^^^^
  File "/root/QuestionInsight/.venv/lib/python3.12/site-packages/radon/metrics.py", line 29, in h_visit
    return h_visit_ast(ast.parse(code))
                       ^^^^^^^^^^^^^^^
  File "/usr/lib/python3.12/ast.py", line 52, in parse
    return compile(source, filename, mode, flags,
           ^^^^^^^^^^^^^^^^^^^^^^^^^^^^^^^^^^^^^^
  File "<unknown>", line 5
    a = int(input())
    ^
IndentationError: expected an indented block after 'while' statement on line 4
2025-08-18 19:31:25,707 cblogger [ERROR]: 		Error while extracting code complexity metrics: invalid syntax. Perhaps you forgot a comma? (<unknown>, line 14)
Traceback (most recent call last):
  File "/root/QuestionInsight/Etapa_1/codebench-mining-tool/util.py", line 551, in extract_complexity_metrics
    v = ComplexityVisitor.from_code(code)
        ^^^^^^^^^^^^^^^^^^^^^^^^^^^^^^^^^
  File "/root/QuestionInsight/.venv/lib/python3.12/site-packages/radon/visitors.py", line 133, in from_code
    return cls.from_ast(code2ast(code), **kwargs)
                        ^^^^^^^^^^^^^^
  File "/root/QuestionInsight/.venv/lib/python3.12/site-packages/radon/visitors.py", line 48, in code2ast
    return ast.parse(source)
           ^^^^^^^^^^^^^^^^^
  File "/usr/lib/python3.12/ast.py", line 52, in parse
    return compile(source, filename, mode, flags,
           ^^^^^^^^^^^^^^^^^^^^^^^^^^^^^^^^^^^^^^
  File "<unknown>", line 14
    while (condicao em funcao do cont):
           ^^^^^^^^^^^
SyntaxError: invalid syntax. Perhaps you forgot a comma?
2025-08-18 19:31:25,708 cblogger [ERROR]: 		Error while extracting halsted code metrics: invalid syntax. Perhaps you forgot a comma? (<unknown>, line 14)
Traceback (most recent call last):
  File "/root/QuestionInsight/Etapa_1/codebench-mining-tool/util.py", line 569, in extract_halstead_metrics
    h = h_visit(code)
        ^^^^^^^^^^^^^
  File "/root/QuestionInsight/.venv/lib/python3.12/site-packages/radon/metrics.py", line 29, in h_visit
    return h_visit_ast(ast.parse(code))
                       ^^^^^^^^^^^^^^^
  File "/usr/lib/python3.12/ast.py", line 52, in parse
    return compile(source, filename, mode, flags,
           ^^^^^^^^^^^^^^^^^^^^^^^^^^^^^^^^^^^^^^
  File "<unknown>", line 14
    while (condicao em funcao do cont):
           ^^^^^^^^^^^
SyntaxError: invalid syntax. Perhaps you forgot a comma?
2025-08-18 19:31:25,725 cblogger [ERROR]: 		Error while extracting code complexity metrics: invalid syntax (<unknown>, line 1)
Traceback (most recent call last):
  File "/root/QuestionInsight/Etapa_1/codebench-mining-tool/util.py", line 551, in extract_complexity_metrics
    v = ComplexityVisitor.from_code(code)
        ^^^^^^^^^^^^^^^^^^^^^^^^^^^^^^^^^
  File "/root/QuestionInsight/.venv/lib/python3.12/site-packages/radon/visitors.py", line 133, in from_code
    return cls.from_ast(code2ast(code), **kwargs)
                        ^^^^^^^^^^^^^^
  File "/root/QuestionInsight/.venv/lib/python3.12/site-packages/radon/visitors.py", line 48, in code2ast
    return ast.parse(source)
           ^^^^^^^^^^^^^^^^^
  File "/usr/lib/python3.12/ast.py", line 52, in parse
    return compile(source, filename, mode, flags,
           ^^^^^^^^^^^^^^^^^^^^^^^^^^^^^^^^^^^^^^
  File "<unknown>", line 1
    expressao = 
                ^
SyntaxError: invalid syntax
2025-08-18 19:31:25,726 cblogger [ERROR]: 		Error while extracting halsted code metrics: invalid syntax (<unknown>, line 1)
Traceback (most recent call last):
  File "/root/QuestionInsight/Etapa_1/codebench-mining-tool/util.py", line 569, in extract_halstead_metrics
    h = h_visit(code)
        ^^^^^^^^^^^^^
  File "/root/QuestionInsight/.venv/lib/python3.12/site-packages/radon/metrics.py", line 29, in h_visit
    return h_visit_ast(ast.parse(code))
                       ^^^^^^^^^^^^^^^
  File "/usr/lib/python3.12/ast.py", line 52, in parse
    return compile(source, filename, mode, flags,
           ^^^^^^^^^^^^^^^^^^^^^^^^^^^^^^^^^^^^^^
  File "<unknown>", line 1
    expressao = 
                ^
SyntaxError: invalid syntax
2025-08-18 19:31:25,774 cblogger [ERROR]: 		Error while extracting code complexity metrics: invalid decimal literal (<unknown>, line 2)
Traceback (most recent call last):
  File "/root/QuestionInsight/Etapa_1/codebench-mining-tool/util.py", line 551, in extract_complexity_metrics
    v = ComplexityVisitor.from_code(code)
        ^^^^^^^^^^^^^^^^^^^^^^^^^^^^^^^^^
  File "/root/QuestionInsight/.venv/lib/python3.12/site-packages/radon/visitors.py", line 133, in from_code
    return cls.from_ast(code2ast(code), **kwargs)
                        ^^^^^^^^^^^^^^
  File "/root/QuestionInsight/.venv/lib/python3.12/site-packages/radon/visitors.py", line 48, in code2ast
    return ast.parse(source)
           ^^^^^^^^^^^^^^^^^
  File "/usr/lib/python3.12/ast.py", line 52, in parse
    return compile(source, filename, mode, flags,
           ^^^^^^^^^^^^^^^^^^^^^^^^^^^^^^^^^^^^^^
  File "<unknown>", line 2
    area = 3/2 3a**2**0.5
               ^
SyntaxError: invalid decimal literal
2025-08-18 19:31:25,775 cblogger [ERROR]: 		Error while extracting halsted code metrics: invalid decimal literal (<unknown>, line 2)
Traceback (most recent call last):
  File "/root/QuestionInsight/Etapa_1/codebench-mining-tool/util.py", line 569, in extract_halstead_metrics
    h = h_visit(code)
        ^^^^^^^^^^^^^
  File "/root/QuestionInsight/.venv/lib/python3.12/site-packages/radon/metrics.py", line 29, in h_visit
    return h_visit_ast(ast.parse(code))
                       ^^^^^^^^^^^^^^^
  File "/usr/lib/python3.12/ast.py", line 52, in parse
    return compile(source, filename, mode, flags,
           ^^^^^^^^^^^^^^^^^^^^^^^^^^^^^^^^^^^^^^
  File "<unknown>", line 2
    area = 3/2 3a**2**0.5
               ^
SyntaxError: invalid decimal literal
2025-08-18 19:31:25,859 cblogger [ERROR]: 		Error while extracting code complexity metrics: expected ':' (<unknown>, line 7)
Traceback (most recent call last):
  File "/root/QuestionInsight/Etapa_1/codebench-mining-tool/util.py", line 551, in extract_complexity_metrics
    v = ComplexityVisitor.from_code(code)
        ^^^^^^^^^^^^^^^^^^^^^^^^^^^^^^^^^
  File "/root/QuestionInsight/.venv/lib/python3.12/site-packages/radon/visitors.py", line 133, in from_code
    return cls.from_ast(code2ast(code), **kwargs)
                        ^^^^^^^^^^^^^^
  File "/root/QuestionInsight/.venv/lib/python3.12/site-packages/radon/visitors.py", line 48, in code2ast
    return ast.parse(source)
           ^^^^^^^^^^^^^^^^^
  File "/usr/lib/python3.12/ast.py", line 52, in parse
    return compile(source, filename, mode, flags,
           ^^^^^^^^^^^^^^^^^^^^^^^^^^^^^^^^^^^^^^
  File "<unknown>", line 7
    	if()
    	    ^
SyntaxError: expected ':'
2025-08-18 19:31:25,859 cblogger [ERROR]: 		Error while extracting halsted code metrics: expected ':' (<unknown>, line 7)
Traceback (most recent call last):
  File "/root/QuestionInsight/Etapa_1/codebench-mining-tool/util.py", line 569, in extract_halstead_metrics
    h = h_visit(code)
        ^^^^^^^^^^^^^
  File "/root/QuestionInsight/.venv/lib/python3.12/site-packages/radon/metrics.py", line 29, in h_visit
    return h_visit_ast(ast.parse(code))
                       ^^^^^^^^^^^^^^^
  File "/usr/lib/python3.12/ast.py", line 52, in parse
    return compile(source, filename, mode, flags,
           ^^^^^^^^^^^^^^^^^^^^^^^^^^^^^^^^^^^^^^
  File "<unknown>", line 7
    	if()
    	    ^
SyntaxError: expected ':'
2025-08-18 19:31:26,056 cblogger [ERROR]: 		Error while extracting code complexity metrics: '(' was never closed (<unknown>, line 3)
Traceback (most recent call last):
  File "/root/QuestionInsight/Etapa_1/codebench-mining-tool/util.py", line 551, in extract_complexity_metrics
    v = ComplexityVisitor.from_code(code)
        ^^^^^^^^^^^^^^^^^^^^^^^^^^^^^^^^^
  File "/root/QuestionInsight/.venv/lib/python3.12/site-packages/radon/visitors.py", line 133, in from_code
    return cls.from_ast(code2ast(code), **kwargs)
                        ^^^^^^^^^^^^^^
  File "/root/QuestionInsight/.venv/lib/python3.12/site-packages/radon/visitors.py", line 48, in code2ast
    return ast.parse(source)
           ^^^^^^^^^^^^^^^^^
  File "/usr/lib/python3.12/ast.py", line 52, in parse
    return compile(source, filename, mode, flags,
           ^^^^^^^^^^^^^^^^^^^^^^^^^^^^^^^^^^^^^^
  File "<unknown>", line 3
    a = array(eval(input(" DIGITE O VALOR: "))
             ^
SyntaxError: '(' was never closed
2025-08-18 19:31:26,057 cblogger [ERROR]: 		Error while extracting code size based metrics: SyntaxError at line: 3
Traceback (most recent call last):
  File "/root/QuestionInsight/.venv/lib/python3.12/site-packages/radon/raw.py", line 210, in analyze
    tokens, parsed_lines = _get_all_tokens(line, lines)
                           ^^^^^^^^^^^^^^^^^^^^^^^^^^^^
  File "/root/QuestionInsight/.venv/lib/python3.12/site-packages/radon/raw.py", line 117, in _get_all_tokens
    next_line = next(lines)
                ^^^^^^^^^^^
StopIteration

During handling of the above exception, another exception occurred:

Traceback (most recent call last):
  File "/root/QuestionInsight/Etapa_1/codebench-mining-tool/util.py", line 560, in extract_size_metrics
    a = analyze(code)
        ^^^^^^^^^^^^^
  File "/root/QuestionInsight/.venv/lib/python3.12/site-packages/radon/raw.py", line 212, in analyze
    raise SyntaxError('SyntaxError at line: {0}'.format(lineno))
SyntaxError: SyntaxError at line: 3
2025-08-18 19:31:26,058 cblogger [ERROR]: 		Error while extracting halsted code metrics: '(' was never closed (<unknown>, line 3)
Traceback (most recent call last):
  File "/root/QuestionInsight/Etapa_1/codebench-mining-tool/util.py", line 569, in extract_halstead_metrics
    h = h_visit(code)
        ^^^^^^^^^^^^^
  File "/root/QuestionInsight/.venv/lib/python3.12/site-packages/radon/metrics.py", line 29, in h_visit
    return h_visit_ast(ast.parse(code))
                       ^^^^^^^^^^^^^^^
  File "/usr/lib/python3.12/ast.py", line 52, in parse
    return compile(source, filename, mode, flags,
           ^^^^^^^^^^^^^^^^^^^^^^^^^^^^^^^^^^^^^^
  File "<unknown>", line 3
    a = array(eval(input(" DIGITE O VALOR: "))
             ^
SyntaxError: '(' was never closed
2025-08-18 19:31:26,101 cblogger [ERROR]: 		Error while extracting code complexity metrics: expected an indented block after 'else' statement on line 12 (<unknown>, line 14)
Traceback (most recent call last):
  File "/root/QuestionInsight/Etapa_1/codebench-mining-tool/util.py", line 551, in extract_complexity_metrics
    v = ComplexityVisitor.from_code(code)
        ^^^^^^^^^^^^^^^^^^^^^^^^^^^^^^^^^
  File "/root/QuestionInsight/.venv/lib/python3.12/site-packages/radon/visitors.py", line 133, in from_code
    return cls.from_ast(code2ast(code), **kwargs)
                        ^^^^^^^^^^^^^^
  File "/root/QuestionInsight/.venv/lib/python3.12/site-packages/radon/visitors.py", line 48, in code2ast
    return ast.parse(source)
           ^^^^^^^^^^^^^^^^^
  File "/usr/lib/python3.12/ast.py", line 52, in parse
    return compile(source, filename, mode, flags,
           ^^^^^^^^^^^^^^^^^^^^^^^^^^^^^^^^^^^^^^
  File "<unknown>", line 14
    	
    	^
IndentationError: expected an indented block after 'else' statement on line 12
2025-08-18 19:31:26,102 cblogger [ERROR]: 		Error while extracting halsted code metrics: expected an indented block after 'else' statement on line 12 (<unknown>, line 14)
Traceback (most recent call last):
  File "/root/QuestionInsight/Etapa_1/codebench-mining-tool/util.py", line 569, in extract_halstead_metrics
    h = h_visit(code)
        ^^^^^^^^^^^^^
  File "/root/QuestionInsight/.venv/lib/python3.12/site-packages/radon/metrics.py", line 29, in h_visit
    return h_visit_ast(ast.parse(code))
                       ^^^^^^^^^^^^^^^
  File "/usr/lib/python3.12/ast.py", line 52, in parse
    return compile(source, filename, mode, flags,
           ^^^^^^^^^^^^^^^^^^^^^^^^^^^^^^^^^^^^^^
  File "<unknown>", line 14
    	
    	^
IndentationError: expected an indented block after 'else' statement on line 12
2025-08-18 19:31:26,150 cblogger [ERROR]: 		Error while extracting code complexity metrics: invalid syntax (<unknown>, line 1)
Traceback (most recent call last):
  File "/root/QuestionInsight/Etapa_1/codebench-mining-tool/util.py", line 551, in extract_complexity_metrics
    v = ComplexityVisitor.from_code(code)
        ^^^^^^^^^^^^^^^^^^^^^^^^^^^^^^^^^
  File "/root/QuestionInsight/.venv/lib/python3.12/site-packages/radon/visitors.py", line 133, in from_code
    return cls.from_ast(code2ast(code), **kwargs)
                        ^^^^^^^^^^^^^^
  File "/root/QuestionInsight/.venv/lib/python3.12/site-packages/radon/visitors.py", line 48, in code2ast
    return ast.parse(source)
           ^^^^^^^^^^^^^^^^^
  File "/usr/lib/python3.12/ast.py", line 52, in parse
    return compile(source, filename, mode, flags,
           ^^^^^^^^^^^^^^^^^^^^^^^^^^^^^^^^^^^^^^
  File "<unknown>", line 1
    from numpy import
                     ^
SyntaxError: invalid syntax
2025-08-18 19:31:26,151 cblogger [ERROR]: 		Error while extracting halsted code metrics: invalid syntax (<unknown>, line 1)
Traceback (most recent call last):
  File "/root/QuestionInsight/Etapa_1/codebench-mining-tool/util.py", line 569, in extract_halstead_metrics
    h = h_visit(code)
        ^^^^^^^^^^^^^
  File "/root/QuestionInsight/.venv/lib/python3.12/site-packages/radon/metrics.py", line 29, in h_visit
    return h_visit_ast(ast.parse(code))
                       ^^^^^^^^^^^^^^^
  File "/usr/lib/python3.12/ast.py", line 52, in parse
    return compile(source, filename, mode, flags,
           ^^^^^^^^^^^^^^^^^^^^^^^^^^^^^^^^^^^^^^
  File "<unknown>", line 1
    from numpy import
                     ^
SyntaxError: invalid syntax
2025-08-18 19:31:26,156 cblogger [ERROR]: 		Error while extracting code complexity metrics: invalid syntax (<unknown>, line 11)
Traceback (most recent call last):
  File "/root/QuestionInsight/Etapa_1/codebench-mining-tool/util.py", line 551, in extract_complexity_metrics
    v = ComplexityVisitor.from_code(code)
        ^^^^^^^^^^^^^^^^^^^^^^^^^^^^^^^^^
  File "/root/QuestionInsight/.venv/lib/python3.12/site-packages/radon/visitors.py", line 133, in from_code
    return cls.from_ast(code2ast(code), **kwargs)
                        ^^^^^^^^^^^^^^
  File "/root/QuestionInsight/.venv/lib/python3.12/site-packages/radon/visitors.py", line 48, in code2ast
    return ast.parse(source)
           ^^^^^^^^^^^^^^^^^
  File "/usr/lib/python3.12/ast.py", line 52, in parse
    return compile(source, filename, mode, flags,
           ^^^^^^^^^^^^^^^^^^^^^^^^^^^^^^^^^^^^^^
  File "<unknown>", line 11
    elif:
        ^
SyntaxError: invalid syntax
2025-08-18 19:31:26,157 cblogger [ERROR]: 		Error while extracting halsted code metrics: invalid syntax (<unknown>, line 11)
Traceback (most recent call last):
  File "/root/QuestionInsight/Etapa_1/codebench-mining-tool/util.py", line 569, in extract_halstead_metrics
    h = h_visit(code)
        ^^^^^^^^^^^^^
  File "/root/QuestionInsight/.venv/lib/python3.12/site-packages/radon/metrics.py", line 29, in h_visit
    return h_visit_ast(ast.parse(code))
                       ^^^^^^^^^^^^^^^
  File "/usr/lib/python3.12/ast.py", line 52, in parse
    return compile(source, filename, mode, flags,
           ^^^^^^^^^^^^^^^^^^^^^^^^^^^^^^^^^^^^^^
  File "<unknown>", line 11
    elif:
        ^
SyntaxError: invalid syntax
2025-08-18 19:31:26,384 cblogger [ERROR]: 		Error while extracting code complexity metrics: invalid syntax (<unknown>, line 1)
Traceback (most recent call last):
  File "/root/QuestionInsight/Etapa_1/codebench-mining-tool/util.py", line 551, in extract_complexity_metrics
    v = ComplexityVisitor.from_code(code)
        ^^^^^^^^^^^^^^^^^^^^^^^^^^^^^^^^^
  File "/root/QuestionInsight/.venv/lib/python3.12/site-packages/radon/visitors.py", line 133, in from_code
    return cls.from_ast(code2ast(code), **kwargs)
                        ^^^^^^^^^^^^^^
  File "/root/QuestionInsight/.venv/lib/python3.12/site-packages/radon/visitors.py", line 48, in code2ast
    return ast.parse(source)
           ^^^^^^^^^^^^^^^^^
  File "/usr/lib/python3.12/ast.py", line 52, in parse
    return compile(source, filename, mode, flags,
           ^^^^^^^^^^^^^^^^^^^^^^^^^^^^^^^^^^^^^^
  File "<unknown>", line 1
    from numpy import
                     ^
SyntaxError: invalid syntax
2025-08-18 19:31:26,385 cblogger [ERROR]: 		Error while extracting halsted code metrics: invalid syntax (<unknown>, line 1)
Traceback (most recent call last):
  File "/root/QuestionInsight/Etapa_1/codebench-mining-tool/util.py", line 569, in extract_halstead_metrics
    h = h_visit(code)
        ^^^^^^^^^^^^^
  File "/root/QuestionInsight/.venv/lib/python3.12/site-packages/radon/metrics.py", line 29, in h_visit
    return h_visit_ast(ast.parse(code))
                       ^^^^^^^^^^^^^^^
  File "/usr/lib/python3.12/ast.py", line 52, in parse
    return compile(source, filename, mode, flags,
           ^^^^^^^^^^^^^^^^^^^^^^^^^^^^^^^^^^^^^^
  File "<unknown>", line 1
    from numpy import
                     ^
SyntaxError: invalid syntax
2025-08-18 19:31:26,387 cblogger [ERROR]: 		Error while extracting code complexity metrics: invalid syntax (<unknown>, line 1)
Traceback (most recent call last):
  File "/root/QuestionInsight/Etapa_1/codebench-mining-tool/util.py", line 551, in extract_complexity_metrics
    v = ComplexityVisitor.from_code(code)
        ^^^^^^^^^^^^^^^^^^^^^^^^^^^^^^^^^
  File "/root/QuestionInsight/.venv/lib/python3.12/site-packages/radon/visitors.py", line 133, in from_code
    return cls.from_ast(code2ast(code), **kwargs)
                        ^^^^^^^^^^^^^^
  File "/root/QuestionInsight/.venv/lib/python3.12/site-packages/radon/visitors.py", line 48, in code2ast
    return ast.parse(source)
           ^^^^^^^^^^^^^^^^^
  File "/usr/lib/python3.12/ast.py", line 52, in parse
    return compile(source, filename, mode, flags,
           ^^^^^^^^^^^^^^^^^^^^^^^^^^^^^^^^^^^^^^
  File "<unknown>", line 1
    from numpy import
                     ^
SyntaxError: invalid syntax
2025-08-18 19:31:26,388 cblogger [ERROR]: 		Error while extracting halsted code metrics: invalid syntax (<unknown>, line 1)
Traceback (most recent call last):
  File "/root/QuestionInsight/Etapa_1/codebench-mining-tool/util.py", line 569, in extract_halstead_metrics
    h = h_visit(code)
        ^^^^^^^^^^^^^
  File "/root/QuestionInsight/.venv/lib/python3.12/site-packages/radon/metrics.py", line 29, in h_visit
    return h_visit_ast(ast.parse(code))
                       ^^^^^^^^^^^^^^^
  File "/usr/lib/python3.12/ast.py", line 52, in parse
    return compile(source, filename, mode, flags,
           ^^^^^^^^^^^^^^^^^^^^^^^^^^^^^^^^^^^^^^
  File "<unknown>", line 1
    from numpy import
                     ^
SyntaxError: invalid syntax
2025-08-18 19:31:29,685 cblogger [ERROR]: 		Error while extracting code complexity metrics: invalid syntax. Perhaps you forgot a comma? (<unknown>, line 11)
Traceback (most recent call last):
  File "/root/QuestionInsight/Etapa_1/codebench-mining-tool/util.py", line 551, in extract_complexity_metrics
    v = ComplexityVisitor.from_code(code)
        ^^^^^^^^^^^^^^^^^^^^^^^^^^^^^^^^^
  File "/root/QuestionInsight/.venv/lib/python3.12/site-packages/radon/visitors.py", line 133, in from_code
    return cls.from_ast(code2ast(code), **kwargs)
                        ^^^^^^^^^^^^^^
  File "/root/QuestionInsight/.venv/lib/python3.12/site-packages/radon/visitors.py", line 48, in code2ast
    return ast.parse(source)
           ^^^^^^^^^^^^^^^^^
  File "/usr/lib/python3.12/ast.py", line 52, in parse
    return compile(source, filename, mode, flags,
           ^^^^^^^^^^^^^^^^^^^^^^^^^^^^^^^^^^^^^^
  File "<unknown>", line 11
    if (___COMPLETE AQUI___):
        ^^^^^^^^^^^^^^^^^^^
SyntaxError: invalid syntax. Perhaps you forgot a comma?
2025-08-18 19:31:29,687 cblogger [ERROR]: 		Error while extracting halsted code metrics: invalid syntax. Perhaps you forgot a comma? (<unknown>, line 11)
Traceback (most recent call last):
  File "/root/QuestionInsight/Etapa_1/codebench-mining-tool/util.py", line 569, in extract_halstead_metrics
    h = h_visit(code)
        ^^^^^^^^^^^^^
  File "/root/QuestionInsight/.venv/lib/python3.12/site-packages/radon/metrics.py", line 29, in h_visit
    return h_visit_ast(ast.parse(code))
                       ^^^^^^^^^^^^^^^
  File "/usr/lib/python3.12/ast.py", line 52, in parse
    return compile(source, filename, mode, flags,
           ^^^^^^^^^^^^^^^^^^^^^^^^^^^^^^^^^^^^^^
  File "<unknown>", line 11
    if (___COMPLETE AQUI___):
        ^^^^^^^^^^^^^^^^^^^
SyntaxError: invalid syntax. Perhaps you forgot a comma?
2025-08-18 19:31:29,691 cblogger [ERROR]: 		Error while extracting code complexity metrics: expected an indented block after 'if' statement on line 6 (<unknown>, line 7)
Traceback (most recent call last):
  File "/root/QuestionInsight/Etapa_1/codebench-mining-tool/util.py", line 551, in extract_complexity_metrics
    v = ComplexityVisitor.from_code(code)
        ^^^^^^^^^^^^^^^^^^^^^^^^^^^^^^^^^
  File "/root/QuestionInsight/.venv/lib/python3.12/site-packages/radon/visitors.py", line 133, in from_code
    return cls.from_ast(code2ast(code), **kwargs)
                        ^^^^^^^^^^^^^^
  File "/root/QuestionInsight/.venv/lib/python3.12/site-packages/radon/visitors.py", line 48, in code2ast
    return ast.parse(source)
           ^^^^^^^^^^^^^^^^^
  File "/usr/lib/python3.12/ast.py", line 52, in parse
    return compile(source, filename, mode, flags,
           ^^^^^^^^^^^^^^^^^^^^^^^^^^^^^^^^^^^^^^
  File "<unknown>", line 7
    	b = c + 2.3
    	^
IndentationError: expected an indented block after 'if' statement on line 6
2025-08-18 19:31:29,692 cblogger [ERROR]: 		Error while extracting halsted code metrics: expected an indented block after 'if' statement on line 6 (<unknown>, line 7)
Traceback (most recent call last):
  File "/root/QuestionInsight/Etapa_1/codebench-mining-tool/util.py", line 569, in extract_halstead_metrics
    h = h_visit(code)
        ^^^^^^^^^^^^^
  File "/root/QuestionInsight/.venv/lib/python3.12/site-packages/radon/metrics.py", line 29, in h_visit
    return h_visit_ast(ast.parse(code))
                       ^^^^^^^^^^^^^^^
  File "/usr/lib/python3.12/ast.py", line 52, in parse
    return compile(source, filename, mode, flags,
           ^^^^^^^^^^^^^^^^^^^^^^^^^^^^^^^^^^^^^^
  File "<unknown>", line 7
    	b = c + 2.3
    	^
IndentationError: expected an indented block after 'if' statement on line 6
2025-08-18 19:31:30,011 cblogger [ERROR]: 		Error while extracting code complexity metrics: invalid syntax (<unknown>, line 2)
Traceback (most recent call last):
  File "/root/QuestionInsight/Etapa_1/codebench-mining-tool/util.py", line 551, in extract_complexity_metrics
    v = ComplexityVisitor.from_code(code)
        ^^^^^^^^^^^^^^^^^^^^^^^^^^^^^^^^^
  File "/root/QuestionInsight/.venv/lib/python3.12/site-packages/radon/visitors.py", line 133, in from_code
    return cls.from_ast(code2ast(code), **kwargs)
                        ^^^^^^^^^^^^^^
  File "/root/QuestionInsight/.venv/lib/python3.12/site-packages/radon/visitors.py", line 48, in code2ast
    return ast.parse(source)
           ^^^^^^^^^^^^^^^^^
  File "/usr/lib/python3.12/ast.py", line 52, in parse
    return compile(source, filename, mode, flags,
           ^^^^^^^^^^^^^^^^^^^^^^^^^^^^^^^^^^^^^^
  File "<unknown>", line 2
    if(x = ):
         ^
SyntaxError: invalid syntax
2025-08-18 19:31:30,013 cblogger [ERROR]: 		Error while extracting halsted code metrics: invalid syntax (<unknown>, line 2)
Traceback (most recent call last):
  File "/root/QuestionInsight/Etapa_1/codebench-mining-tool/util.py", line 569, in extract_halstead_metrics
    h = h_visit(code)
        ^^^^^^^^^^^^^
  File "/root/QuestionInsight/.venv/lib/python3.12/site-packages/radon/metrics.py", line 29, in h_visit
    return h_visit_ast(ast.parse(code))
                       ^^^^^^^^^^^^^^^
  File "/usr/lib/python3.12/ast.py", line 52, in parse
    return compile(source, filename, mode, flags,
           ^^^^^^^^^^^^^^^^^^^^^^^^^^^^^^^^^^^^^^
  File "<unknown>", line 2
    if(x = ):
         ^
SyntaxError: invalid syntax
2025-08-18 19:31:30,024 cblogger [ERROR]: 		Error while extracting code complexity metrics: invalid syntax. Maybe you meant '==' or ':=' instead of '='? (<unknown>, line 4)
Traceback (most recent call last):
  File "/root/QuestionInsight/Etapa_1/codebench-mining-tool/util.py", line 551, in extract_complexity_metrics
    v = ComplexityVisitor.from_code(code)
        ^^^^^^^^^^^^^^^^^^^^^^^^^^^^^^^^^
  File "/root/QuestionInsight/.venv/lib/python3.12/site-packages/radon/visitors.py", line 133, in from_code
    return cls.from_ast(code2ast(code), **kwargs)
                        ^^^^^^^^^^^^^^
  File "/root/QuestionInsight/.venv/lib/python3.12/site-packages/radon/visitors.py", line 48, in code2ast
    return ast.parse(source)
           ^^^^^^^^^^^^^^^^^
  File "/usr/lib/python3.12/ast.py", line 52, in parse
    return compile(source, filename, mode, flags,
           ^^^^^^^^^^^^^^^^^^^^^^^^^^^^^^^^^^^^^^
  File "<unknown>", line 4
    if (x = gina):
        ^^^^^^^^
SyntaxError: invalid syntax. Maybe you meant '==' or ':=' instead of '='?
2025-08-18 19:31:30,025 cblogger [ERROR]: 		Error while extracting halsted code metrics: invalid syntax. Maybe you meant '==' or ':=' instead of '='? (<unknown>, line 4)
Traceback (most recent call last):
  File "/root/QuestionInsight/Etapa_1/codebench-mining-tool/util.py", line 569, in extract_halstead_metrics
    h = h_visit(code)
        ^^^^^^^^^^^^^
  File "/root/QuestionInsight/.venv/lib/python3.12/site-packages/radon/metrics.py", line 29, in h_visit
    return h_visit_ast(ast.parse(code))
                       ^^^^^^^^^^^^^^^
  File "/usr/lib/python3.12/ast.py", line 52, in parse
    return compile(source, filename, mode, flags,
           ^^^^^^^^^^^^^^^^^^^^^^^^^^^^^^^^^^^^^^
  File "<unknown>", line 4
    if (x = gina):
        ^^^^^^^^
SyntaxError: invalid syntax. Maybe you meant '==' or ':=' instead of '='?
2025-08-18 19:31:30,280 cblogger [ERROR]: 		Error while extracting code complexity metrics: invalid syntax. Maybe you meant '==' or ':=' instead of '='? (<unknown>, line 6)
Traceback (most recent call last):
  File "/root/QuestionInsight/Etapa_1/codebench-mining-tool/util.py", line 551, in extract_complexity_metrics
    v = ComplexityVisitor.from_code(code)
        ^^^^^^^^^^^^^^^^^^^^^^^^^^^^^^^^^
  File "/root/QuestionInsight/.venv/lib/python3.12/site-packages/radon/visitors.py", line 133, in from_code
    return cls.from_ast(code2ast(code), **kwargs)
                        ^^^^^^^^^^^^^^
  File "/root/QuestionInsight/.venv/lib/python3.12/site-packages/radon/visitors.py", line 48, in code2ast
    return ast.parse(source)
           ^^^^^^^^^^^^^^^^^
  File "/usr/lib/python3.12/ast.py", line 52, in parse
    return compile(source, filename, mode, flags,
           ^^^^^^^^^^^^^^^^^^^^^^^^^^^^^^^^^^^^^^
  File "<unknown>", line 6
    if(t = b):
       ^^^^^
SyntaxError: invalid syntax. Maybe you meant '==' or ':=' instead of '='?
2025-08-18 19:31:30,282 cblogger [ERROR]: 		Error while extracting halsted code metrics: invalid syntax. Maybe you meant '==' or ':=' instead of '='? (<unknown>, line 6)
Traceback (most recent call last):
  File "/root/QuestionInsight/Etapa_1/codebench-mining-tool/util.py", line 569, in extract_halstead_metrics
    h = h_visit(code)
        ^^^^^^^^^^^^^
  File "/root/QuestionInsight/.venv/lib/python3.12/site-packages/radon/metrics.py", line 29, in h_visit
    return h_visit_ast(ast.parse(code))
                       ^^^^^^^^^^^^^^^
  File "/usr/lib/python3.12/ast.py", line 52, in parse
    return compile(source, filename, mode, flags,
           ^^^^^^^^^^^^^^^^^^^^^^^^^^^^^^^^^^^^^^
  File "<unknown>", line 6
    if(t = b):
       ^^^^^
SyntaxError: invalid syntax. Maybe you meant '==' or ':=' instead of '='?
2025-08-18 19:31:30,335 cblogger [ERROR]: 		Error while extracting code complexity metrics: invalid syntax (<unknown>, line 2)
Traceback (most recent call last):
  File "/root/QuestionInsight/Etapa_1/codebench-mining-tool/util.py", line 551, in extract_complexity_metrics
    v = ComplexityVisitor.from_code(code)
        ^^^^^^^^^^^^^^^^^^^^^^^^^^^^^^^^^
  File "/root/QuestionInsight/.venv/lib/python3.12/site-packages/radon/visitors.py", line 133, in from_code
    return cls.from_ast(code2ast(code), **kwargs)
                        ^^^^^^^^^^^^^^
  File "/root/QuestionInsight/.venv/lib/python3.12/site-packages/radon/visitors.py", line 48, in code2ast
    return ast.parse(source)
           ^^^^^^^^^^^^^^^^^
  File "/usr/lib/python3.12/ast.py", line 52, in parse
    return compile(source, filename, mode, flags,
           ^^^^^^^^^^^^^^^^^^^^^^^^^^^^^^^^^^^^^^
  File "<unknown>", line 2
    for
       ^
SyntaxError: invalid syntax
2025-08-18 19:31:30,338 cblogger [ERROR]: 		Error while extracting halsted code metrics: invalid syntax (<unknown>, line 2)
Traceback (most recent call last):
  File "/root/QuestionInsight/Etapa_1/codebench-mining-tool/util.py", line 569, in extract_halstead_metrics
    h = h_visit(code)
        ^^^^^^^^^^^^^
  File "/root/QuestionInsight/.venv/lib/python3.12/site-packages/radon/metrics.py", line 29, in h_visit
    return h_visit_ast(ast.parse(code))
                       ^^^^^^^^^^^^^^^
  File "/usr/lib/python3.12/ast.py", line 52, in parse
    return compile(source, filename, mode, flags,
           ^^^^^^^^^^^^^^^^^^^^^^^^^^^^^^^^^^^^^^
  File "<unknown>", line 2
    for
       ^
SyntaxError: invalid syntax
2025-08-18 19:31:30,347 cblogger [ERROR]: 		Error while extracting code complexity metrics: invalid syntax (<unknown>, line 18)
Traceback (most recent call last):
  File "/root/QuestionInsight/Etapa_1/codebench-mining-tool/util.py", line 551, in extract_complexity_metrics
    v = ComplexityVisitor.from_code(code)
        ^^^^^^^^^^^^^^^^^^^^^^^^^^^^^^^^^
  File "/root/QuestionInsight/.venv/lib/python3.12/site-packages/radon/visitors.py", line 133, in from_code
    return cls.from_ast(code2ast(code), **kwargs)
                        ^^^^^^^^^^^^^^
  File "/root/QuestionInsight/.venv/lib/python3.12/site-packages/radon/visitors.py", line 48, in code2ast
    return ast.parse(source)
           ^^^^^^^^^^^^^^^^^
  File "/usr/lib/python3.12/ast.py", line 52, in parse
    return compile(source, filename, mode, flags,
           ^^^^^^^^^^^^^^^^^^^^^^^^^^^^^^^^^^^^^^
  File "<unknown>", line 18
    	if
    	  ^
SyntaxError: invalid syntax
2025-08-18 19:31:30,348 cblogger [ERROR]: 		Error while extracting halsted code metrics: invalid syntax (<unknown>, line 18)
Traceback (most recent call last):
  File "/root/QuestionInsight/Etapa_1/codebench-mining-tool/util.py", line 569, in extract_halstead_metrics
    h = h_visit(code)
        ^^^^^^^^^^^^^
  File "/root/QuestionInsight/.venv/lib/python3.12/site-packages/radon/metrics.py", line 29, in h_visit
    return h_visit_ast(ast.parse(code))
                       ^^^^^^^^^^^^^^^
  File "/usr/lib/python3.12/ast.py", line 52, in parse
    return compile(source, filename, mode, flags,
           ^^^^^^^^^^^^^^^^^^^^^^^^^^^^^^^^^^^^^^
  File "<unknown>", line 18
    	if
    	  ^
SyntaxError: invalid syntax
2025-08-18 19:31:30,373 cblogger [ERROR]: 		Error while extracting code complexity metrics: invalid syntax (<unknown>, line 2)
Traceback (most recent call last):
  File "/root/QuestionInsight/Etapa_1/codebench-mining-tool/util.py", line 551, in extract_complexity_metrics
    v = ComplexityVisitor.from_code(code)
        ^^^^^^^^^^^^^^^^^^^^^^^^^^^^^^^^^
  File "/root/QuestionInsight/.venv/lib/python3.12/site-packages/radon/visitors.py", line 133, in from_code
    return cls.from_ast(code2ast(code), **kwargs)
                        ^^^^^^^^^^^^^^
  File "/root/QuestionInsight/.venv/lib/python3.12/site-packages/radon/visitors.py", line 48, in code2ast
    return ast.parse(source)
           ^^^^^^^^^^^^^^^^^
  File "/usr/lib/python3.12/ast.py", line 52, in parse
    return compile(source, filename, mode, flags,
           ^^^^^^^^^^^^^^^^^^^^^^^^^^^^^^^^^^^^^^
  File "<unknown>", line 2
    area = 
           ^
SyntaxError: invalid syntax
2025-08-18 19:31:30,373 cblogger [ERROR]: 		Error while extracting halsted code metrics: invalid syntax (<unknown>, line 2)
Traceback (most recent call last):
  File "/root/QuestionInsight/Etapa_1/codebench-mining-tool/util.py", line 569, in extract_halstead_metrics
    h = h_visit(code)
        ^^^^^^^^^^^^^
  File "/root/QuestionInsight/.venv/lib/python3.12/site-packages/radon/metrics.py", line 29, in h_visit
    return h_visit_ast(ast.parse(code))
                       ^^^^^^^^^^^^^^^
  File "/usr/lib/python3.12/ast.py", line 52, in parse
    return compile(source, filename, mode, flags,
           ^^^^^^^^^^^^^^^^^^^^^^^^^^^^^^^^^^^^^^
  File "<unknown>", line 2
    area = 
           ^
SyntaxError: invalid syntax
2025-08-18 19:31:30,873 cblogger [ERROR]: 		Error while extracting code complexity metrics: invalid syntax (<unknown>, line 5)
Traceback (most recent call last):
  File "/root/QuestionInsight/Etapa_1/codebench-mining-tool/util.py", line 551, in extract_complexity_metrics
    v = ComplexityVisitor.from_code(code)
        ^^^^^^^^^^^^^^^^^^^^^^^^^^^^^^^^^
  File "/root/QuestionInsight/.venv/lib/python3.12/site-packages/radon/visitors.py", line 133, in from_code
    return cls.from_ast(code2ast(code), **kwargs)
                        ^^^^^^^^^^^^^^
  File "/root/QuestionInsight/.venv/lib/python3.12/site-packages/radon/visitors.py", line 48, in code2ast
    return ast.parse(source)
           ^^^^^^^^^^^^^^^^^
  File "/usr/lib/python3.12/ast.py", line 52, in parse
    return compile(source, filename, mode, flags,
           ^^^^^^^^^^^^^^^^^^^^^^^^^^^^^^^^^^^^^^
  File "<unknown>", line 5
    valor_total = (jogo1 + (jogo2 - 25%)
                                       ^
SyntaxError: invalid syntax
2025-08-18 19:31:30,874 cblogger [ERROR]: 		Error while extracting code size based metrics: SyntaxError at line: 5
Traceback (most recent call last):
  File "/root/QuestionInsight/.venv/lib/python3.12/site-packages/radon/raw.py", line 210, in analyze
    tokens, parsed_lines = _get_all_tokens(line, lines)
                           ^^^^^^^^^^^^^^^^^^^^^^^^^^^^
  File "/root/QuestionInsight/.venv/lib/python3.12/site-packages/radon/raw.py", line 117, in _get_all_tokens
    next_line = next(lines)
                ^^^^^^^^^^^
StopIteration

During handling of the above exception, another exception occurred:

Traceback (most recent call last):
  File "/root/QuestionInsight/Etapa_1/codebench-mining-tool/util.py", line 560, in extract_size_metrics
    a = analyze(code)
        ^^^^^^^^^^^^^
  File "/root/QuestionInsight/.venv/lib/python3.12/site-packages/radon/raw.py", line 212, in analyze
    raise SyntaxError('SyntaxError at line: {0}'.format(lineno))
SyntaxError: SyntaxError at line: 5
2025-08-18 19:31:30,874 cblogger [ERROR]: 		Error while extracting halsted code metrics: invalid syntax (<unknown>, line 5)
Traceback (most recent call last):
  File "/root/QuestionInsight/Etapa_1/codebench-mining-tool/util.py", line 569, in extract_halstead_metrics
    h = h_visit(code)
        ^^^^^^^^^^^^^
  File "/root/QuestionInsight/.venv/lib/python3.12/site-packages/radon/metrics.py", line 29, in h_visit
    return h_visit_ast(ast.parse(code))
                       ^^^^^^^^^^^^^^^
  File "/usr/lib/python3.12/ast.py", line 52, in parse
    return compile(source, filename, mode, flags,
           ^^^^^^^^^^^^^^^^^^^^^^^^^^^^^^^^^^^^^^
  File "<unknown>", line 5
    valor_total = (jogo1 + (jogo2 - 25%)
                                       ^
SyntaxError: invalid syntax
2025-08-18 19:31:30,945 cblogger [ERROR]: 		Error while extracting code complexity metrics: invalid syntax (<unknown>, line 5)
Traceback (most recent call last):
  File "/root/QuestionInsight/Etapa_1/codebench-mining-tool/util.py", line 551, in extract_complexity_metrics
    v = ComplexityVisitor.from_code(code)
        ^^^^^^^^^^^^^^^^^^^^^^^^^^^^^^^^^
  File "/root/QuestionInsight/.venv/lib/python3.12/site-packages/radon/visitors.py", line 133, in from_code
    return cls.from_ast(code2ast(code), **kwargs)
                        ^^^^^^^^^^^^^^
  File "/root/QuestionInsight/.venv/lib/python3.12/site-packages/radon/visitors.py", line 48, in code2ast
    return ast.parse(source)
           ^^^^^^^^^^^^^^^^^
  File "/usr/lib/python3.12/ast.py", line 52, in parse
    return compile(source, filename, mode, flags,
           ^^^^^^^^^^^^^^^^^^^^^^^^^^^^^^^^^^^^^^
  File "<unknown>", line 5
    	idade = >= 2
    	        ^^
SyntaxError: invalid syntax
2025-08-18 19:31:30,947 cblogger [ERROR]: 		Error while extracting halsted code metrics: invalid syntax (<unknown>, line 5)
Traceback (most recent call last):
  File "/root/QuestionInsight/Etapa_1/codebench-mining-tool/util.py", line 569, in extract_halstead_metrics
    h = h_visit(code)
        ^^^^^^^^^^^^^
  File "/root/QuestionInsight/.venv/lib/python3.12/site-packages/radon/metrics.py", line 29, in h_visit
    return h_visit_ast(ast.parse(code))
                       ^^^^^^^^^^^^^^^
  File "/usr/lib/python3.12/ast.py", line 52, in parse
    return compile(source, filename, mode, flags,
           ^^^^^^^^^^^^^^^^^^^^^^^^^^^^^^^^^^^^^^
  File "<unknown>", line 5
    	idade = >= 2
    	        ^^
SyntaxError: invalid syntax
2025-08-18 19:31:31,001 cblogger [ERROR]: 		Error while extracting code complexity metrics: invalid syntax. Perhaps you forgot a comma? (<unknown>, line 1)
Traceback (most recent call last):
  File "/root/QuestionInsight/Etapa_1/codebench-mining-tool/util.py", line 551, in extract_complexity_metrics
    v = ComplexityVisitor.from_code(code)
        ^^^^^^^^^^^^^^^^^^^^^^^^^^^^^^^^^
  File "/root/QuestionInsight/.venv/lib/python3.12/site-packages/radon/visitors.py", line 133, in from_code
    return cls.from_ast(code2ast(code), **kwargs)
                        ^^^^^^^^^^^^^^
  File "/root/QuestionInsight/.venv/lib/python3.12/site-packages/radon/visitors.py", line 48, in code2ast
    return ast.parse(source)
           ^^^^^^^^^^^^^^^^^
  File "/usr/lib/python3.12/ast.py", line 52, in parse
    return compile(source, filename, mode, flags,
           ^^^^^^^^^^^^^^^^^^^^^^^^^^^^^^^^^^^^^^
  File "<unknown>", line 1
    nota1 = float(input(("digite a nota: "))
                  
SyntaxError: invalid syntax. Perhaps you forgot a comma?
2025-08-18 19:31:31,002 cblogger [ERROR]: 		Error while extracting code size based metrics: SyntaxError at line: 1
Traceback (most recent call last):
  File "/root/QuestionInsight/.venv/lib/python3.12/site-packages/radon/raw.py", line 210, in analyze
    tokens, parsed_lines = _get_all_tokens(line, lines)
                           ^^^^^^^^^^^^^^^^^^^^^^^^^^^^
  File "/root/QuestionInsight/.venv/lib/python3.12/site-packages/radon/raw.py", line 117, in _get_all_tokens
    next_line = next(lines)
                ^^^^^^^^^^^
StopIteration

During handling of the above exception, another exception occurred:

Traceback (most recent call last):
  File "/root/QuestionInsight/Etapa_1/codebench-mining-tool/util.py", line 560, in extract_size_metrics
    a = analyze(code)
        ^^^^^^^^^^^^^
  File "/root/QuestionInsight/.venv/lib/python3.12/site-packages/radon/raw.py", line 212, in analyze
    raise SyntaxError('SyntaxError at line: {0}'.format(lineno))
SyntaxError: SyntaxError at line: 1
2025-08-18 19:31:31,002 cblogger [ERROR]: 		Error while extracting halsted code metrics: invalid syntax. Perhaps you forgot a comma? (<unknown>, line 1)
Traceback (most recent call last):
  File "/root/QuestionInsight/Etapa_1/codebench-mining-tool/util.py", line 569, in extract_halstead_metrics
    h = h_visit(code)
        ^^^^^^^^^^^^^
  File "/root/QuestionInsight/.venv/lib/python3.12/site-packages/radon/metrics.py", line 29, in h_visit
    return h_visit_ast(ast.parse(code))
                       ^^^^^^^^^^^^^^^
  File "/usr/lib/python3.12/ast.py", line 52, in parse
    return compile(source, filename, mode, flags,
           ^^^^^^^^^^^^^^^^^^^^^^^^^^^^^^^^^^^^^^
  File "<unknown>", line 1
    nota1 = float(input(("digite a nota: "))
                  
SyntaxError: invalid syntax. Perhaps you forgot a comma?
2025-08-18 19:31:31,101 cblogger [ERROR]: 		Error while extracting code complexity metrics: invalid syntax (<unknown>, line 6)
Traceback (most recent call last):
  File "/root/QuestionInsight/Etapa_1/codebench-mining-tool/util.py", line 551, in extract_complexity_metrics
    v = ComplexityVisitor.from_code(code)
        ^^^^^^^^^^^^^^^^^^^^^^^^^^^^^^^^^
  File "/root/QuestionInsight/.venv/lib/python3.12/site-packages/radon/visitors.py", line 133, in from_code
    return cls.from_ast(code2ast(code), **kwargs)
                        ^^^^^^^^^^^^^^
  File "/root/QuestionInsight/.venv/lib/python3.12/site-packages/radon/visitors.py", line 48, in code2ast
    return ast.parse(source)
           ^^^^^^^^^^^^^^^^^
  File "/usr/lib/python3.12/ast.py", line 52, in parse
    return compile(source, filename, mode, flags,
           ^^^^^^^^^^^^^^^^^^^^^^^^^^^^^^^^^^^^^^
  File "<unknown>", line 6
    valor total = bolo + crois + cappuc
          ^^^^^
SyntaxError: invalid syntax
2025-08-18 19:31:31,102 cblogger [ERROR]: 		Error while extracting halsted code metrics: invalid syntax (<unknown>, line 6)
Traceback (most recent call last):
  File "/root/QuestionInsight/Etapa_1/codebench-mining-tool/util.py", line 569, in extract_halstead_metrics
    h = h_visit(code)
        ^^^^^^^^^^^^^
  File "/root/QuestionInsight/.venv/lib/python3.12/site-packages/radon/metrics.py", line 29, in h_visit
    return h_visit_ast(ast.parse(code))
                       ^^^^^^^^^^^^^^^
  File "/usr/lib/python3.12/ast.py", line 52, in parse
    return compile(source, filename, mode, flags,
           ^^^^^^^^^^^^^^^^^^^^^^^^^^^^^^^^^^^^^^
  File "<unknown>", line 6
    valor total = bolo + crois + cappuc
          ^^^^^
SyntaxError: invalid syntax
2025-08-18 19:31:31,114 cblogger [ERROR]: 		Error while extracting code complexity metrics: invalid syntax (<unknown>, line 2)
Traceback (most recent call last):
  File "/root/QuestionInsight/Etapa_1/codebench-mining-tool/util.py", line 551, in extract_complexity_metrics
    v = ComplexityVisitor.from_code(code)
        ^^^^^^^^^^^^^^^^^^^^^^^^^^^^^^^^^
  File "/root/QuestionInsight/.venv/lib/python3.12/site-packages/radon/visitors.py", line 133, in from_code
    return cls.from_ast(code2ast(code), **kwargs)
                        ^^^^^^^^^^^^^^
  File "/root/QuestionInsight/.venv/lib/python3.12/site-packages/radon/visitors.py", line 48, in code2ast
    return ast.parse(source)
           ^^^^^^^^^^^^^^^^^
  File "/usr/lib/python3.12/ast.py", line 52, in parse
    return compile(source, filename, mode, flags,
           ^^^^^^^^^^^^^^^^^^^^^^^^^^^^^^^^^^^^^^
  File "<unknown>", line 2
    D1 =
        ^
SyntaxError: invalid syntax
2025-08-18 19:31:31,120 cblogger [ERROR]: 		Error while extracting halsted code metrics: invalid syntax (<unknown>, line 2)
Traceback (most recent call last):
  File "/root/QuestionInsight/Etapa_1/codebench-mining-tool/util.py", line 569, in extract_halstead_metrics
    h = h_visit(code)
        ^^^^^^^^^^^^^
  File "/root/QuestionInsight/.venv/lib/python3.12/site-packages/radon/metrics.py", line 29, in h_visit
    return h_visit_ast(ast.parse(code))
                       ^^^^^^^^^^^^^^^
  File "/usr/lib/python3.12/ast.py", line 52, in parse
    return compile(source, filename, mode, flags,
           ^^^^^^^^^^^^^^^^^^^^^^^^^^^^^^^^^^^^^^
  File "<unknown>", line 2
    D1 =
        ^
SyntaxError: invalid syntax
2025-08-18 19:31:31,629 cblogger [ERROR]: 		Error while extracting code complexity metrics: expected ':' (<unknown>, line 14)
Traceback (most recent call last):
  File "/root/QuestionInsight/Etapa_1/codebench-mining-tool/util.py", line 551, in extract_complexity_metrics
    v = ComplexityVisitor.from_code(code)
        ^^^^^^^^^^^^^^^^^^^^^^^^^^^^^^^^^
  File "/root/QuestionInsight/.venv/lib/python3.12/site-packages/radon/visitors.py", line 133, in from_code
    return cls.from_ast(code2ast(code), **kwargs)
                        ^^^^^^^^^^^^^^
  File "/root/QuestionInsight/.venv/lib/python3.12/site-packages/radon/visitors.py", line 48, in code2ast
    return ast.parse(source)
           ^^^^^^^^^^^^^^^^^
  File "/usr/lib/python3.12/ast.py", line 52, in parse
    return compile(source, filename, mode, flags,
           ^^^^^^^^^^^^^^^^^^^^^^^^^^^^^^^^^^^^^^
  File "<unknown>", line 14
    			if ()
    			     ^
SyntaxError: expected ':'
2025-08-18 19:31:31,641 cblogger [ERROR]: 		Error while extracting halsted code metrics: expected ':' (<unknown>, line 14)
Traceback (most recent call last):
  File "/root/QuestionInsight/Etapa_1/codebench-mining-tool/util.py", line 569, in extract_halstead_metrics
    h = h_visit(code)
        ^^^^^^^^^^^^^
  File "/root/QuestionInsight/.venv/lib/python3.12/site-packages/radon/metrics.py", line 29, in h_visit
    return h_visit_ast(ast.parse(code))
                       ^^^^^^^^^^^^^^^
  File "/usr/lib/python3.12/ast.py", line 52, in parse
    return compile(source, filename, mode, flags,
           ^^^^^^^^^^^^^^^^^^^^^^^^^^^^^^^^^^^^^^
  File "<unknown>", line 14
    			if ()
    			     ^
SyntaxError: expected ':'
2025-08-18 19:31:31,657 cblogger [ERROR]: 		Error while extracting code complexity metrics: invalid syntax (<unknown>, line 3)
Traceback (most recent call last):
  File "/root/QuestionInsight/Etapa_1/codebench-mining-tool/util.py", line 551, in extract_complexity_metrics
    v = ComplexityVisitor.from_code(code)
        ^^^^^^^^^^^^^^^^^^^^^^^^^^^^^^^^^
  File "/root/QuestionInsight/.venv/lib/python3.12/site-packages/radon/visitors.py", line 133, in from_code
    return cls.from_ast(code2ast(code), **kwargs)
                        ^^^^^^^^^^^^^^
  File "/root/QuestionInsight/.venv/lib/python3.12/site-packages/radon/visitors.py", line 48, in code2ast
    return ast.parse(source)
           ^^^^^^^^^^^^^^^^^
  File "/usr/lib/python3.12/ast.py", line 52, in parse
    return compile(source, filename, mode, flags,
           ^^^^^^^^^^^^^^^^^^^^^^^^^^^^^^^^^^^^^^
  File "<unknown>", line 3
    while 
          ^
SyntaxError: invalid syntax
2025-08-18 19:31:31,658 cblogger [ERROR]: 		Error while extracting halsted code metrics: invalid syntax (<unknown>, line 3)
Traceback (most recent call last):
  File "/root/QuestionInsight/Etapa_1/codebench-mining-tool/util.py", line 569, in extract_halstead_metrics
    h = h_visit(code)
        ^^^^^^^^^^^^^
  File "/root/QuestionInsight/.venv/lib/python3.12/site-packages/radon/metrics.py", line 29, in h_visit
    return h_visit_ast(ast.parse(code))
                       ^^^^^^^^^^^^^^^
  File "/usr/lib/python3.12/ast.py", line 52, in parse
    return compile(source, filename, mode, flags,
           ^^^^^^^^^^^^^^^^^^^^^^^^^^^^^^^^^^^^^^
  File "<unknown>", line 3
    while 
          ^
SyntaxError: invalid syntax
2025-08-18 19:31:31,688 cblogger [ERROR]: 		Error while extracting code complexity metrics: expected ':' (<unknown>, line 4)
Traceback (most recent call last):
  File "/root/QuestionInsight/Etapa_1/codebench-mining-tool/util.py", line 551, in extract_complexity_metrics
    v = ComplexityVisitor.from_code(code)
        ^^^^^^^^^^^^^^^^^^^^^^^^^^^^^^^^^
  File "/root/QuestionInsight/.venv/lib/python3.12/site-packages/radon/visitors.py", line 133, in from_code
    return cls.from_ast(code2ast(code), **kwargs)
                        ^^^^^^^^^^^^^^
  File "/root/QuestionInsight/.venv/lib/python3.12/site-packages/radon/visitors.py", line 48, in code2ast
    return ast.parse(source)
           ^^^^^^^^^^^^^^^^^
  File "/usr/lib/python3.12/ast.py", line 52, in parse
    return compile(source, filename, mode, flags,
           ^^^^^^^^^^^^^^^^^^^^^^^^^^^^^^^^^^^^^^
  File "<unknown>", line 4
    if ()
         ^
SyntaxError: expected ':'
2025-08-18 19:31:31,689 cblogger [ERROR]: 		Error while extracting halsted code metrics: expected ':' (<unknown>, line 4)
Traceback (most recent call last):
  File "/root/QuestionInsight/Etapa_1/codebench-mining-tool/util.py", line 569, in extract_halstead_metrics
    h = h_visit(code)
        ^^^^^^^^^^^^^
  File "/root/QuestionInsight/.venv/lib/python3.12/site-packages/radon/metrics.py", line 29, in h_visit
    return h_visit_ast(ast.parse(code))
                       ^^^^^^^^^^^^^^^
  File "/usr/lib/python3.12/ast.py", line 52, in parse
    return compile(source, filename, mode, flags,
           ^^^^^^^^^^^^^^^^^^^^^^^^^^^^^^^^^^^^^^
  File "<unknown>", line 4
    if ()
         ^
SyntaxError: expected ':'
2025-08-18 19:31:31,989 cblogger [ERROR]: 		Error while extracting code complexity metrics: expected ':' (<unknown>, line 4)
Traceback (most recent call last):
  File "/root/QuestionInsight/Etapa_1/codebench-mining-tool/util.py", line 551, in extract_complexity_metrics
    v = ComplexityVisitor.from_code(code)
        ^^^^^^^^^^^^^^^^^^^^^^^^^^^^^^^^^
  File "/root/QuestionInsight/.venv/lib/python3.12/site-packages/radon/visitors.py", line 133, in from_code
    return cls.from_ast(code2ast(code), **kwargs)
                        ^^^^^^^^^^^^^^
  File "/root/QuestionInsight/.venv/lib/python3.12/site-packages/radon/visitors.py", line 48, in code2ast
    return ast.parse(source)
           ^^^^^^^^^^^^^^^^^
  File "/usr/lib/python3.12/ast.py", line 52, in parse
    return compile(source, filename, mode, flags,
           ^^^^^^^^^^^^^^^^^^^^^^^^^^^^^^^^^^^^^^
  File "<unknown>", line 4
    	if ()
    	     ^
SyntaxError: expected ':'
2025-08-18 19:31:32,017 cblogger [ERROR]: 		Error while extracting halsted code metrics: expected ':' (<unknown>, line 4)
Traceback (most recent call last):
  File "/root/QuestionInsight/Etapa_1/codebench-mining-tool/util.py", line 569, in extract_halstead_metrics
    h = h_visit(code)
        ^^^^^^^^^^^^^
  File "/root/QuestionInsight/.venv/lib/python3.12/site-packages/radon/metrics.py", line 29, in h_visit
    return h_visit_ast(ast.parse(code))
                       ^^^^^^^^^^^^^^^
  File "/usr/lib/python3.12/ast.py", line 52, in parse
    return compile(source, filename, mode, flags,
           ^^^^^^^^^^^^^^^^^^^^^^^^^^^^^^^^^^^^^^
  File "<unknown>", line 4
    	if ()
    	     ^
SyntaxError: expected ':'
2025-08-18 19:31:32,494 cblogger [ERROR]: 		Error while extracting code complexity metrics: expected an indented block after 'else' statement on line 20 (<unknown>, line 22)
Traceback (most recent call last):
  File "/root/QuestionInsight/Etapa_1/codebench-mining-tool/util.py", line 551, in extract_complexity_metrics
    v = ComplexityVisitor.from_code(code)
        ^^^^^^^^^^^^^^^^^^^^^^^^^^^^^^^^^
  File "/root/QuestionInsight/.venv/lib/python3.12/site-packages/radon/visitors.py", line 133, in from_code
    return cls.from_ast(code2ast(code), **kwargs)
                        ^^^^^^^^^^^^^^
  File "/root/QuestionInsight/.venv/lib/python3.12/site-packages/radon/visitors.py", line 48, in code2ast
    return ast.parse(source)
           ^^^^^^^^^^^^^^^^^
  File "/usr/lib/python3.12/ast.py", line 52, in parse
    return compile(source, filename, mode, flags,
           ^^^^^^^^^^^^^^^^^^^^^^^^^^^^^^^^^^^^^^
  File "<unknown>", line 22
    print (anos)
IndentationError: expected an indented block after 'else' statement on line 20
2025-08-18 19:31:32,495 cblogger [ERROR]: 		Error while extracting halsted code metrics: expected an indented block after 'else' statement on line 20 (<unknown>, line 22)
Traceback (most recent call last):
  File "/root/QuestionInsight/Etapa_1/codebench-mining-tool/util.py", line 569, in extract_halstead_metrics
    h = h_visit(code)
        ^^^^^^^^^^^^^
  File "/root/QuestionInsight/.venv/lib/python3.12/site-packages/radon/metrics.py", line 29, in h_visit
    return h_visit_ast(ast.parse(code))
                       ^^^^^^^^^^^^^^^
  File "/usr/lib/python3.12/ast.py", line 52, in parse
    return compile(source, filename, mode, flags,
           ^^^^^^^^^^^^^^^^^^^^^^^^^^^^^^^^^^^^^^
  File "<unknown>", line 22
    print (anos)
IndentationError: expected an indented block after 'else' statement on line 20
2025-08-18 19:31:33,444 cblogger [ERROR]: 		Error while extracting code complexity metrics: invalid syntax (<unknown>, line 5)
Traceback (most recent call last):
  File "/root/QuestionInsight/Etapa_1/codebench-mining-tool/util.py", line 551, in extract_complexity_metrics
    v = ComplexityVisitor.from_code(code)
        ^^^^^^^^^^^^^^^^^^^^^^^^^^^^^^^^^
  File "/root/QuestionInsight/.venv/lib/python3.12/site-packages/radon/visitors.py", line 133, in from_code
    return cls.from_ast(code2ast(code), **kwargs)
                        ^^^^^^^^^^^^^^
  File "/root/QuestionInsight/.venv/lib/python3.12/site-packages/radon/visitors.py", line 48, in code2ast
    return ast.parse(source)
           ^^^^^^^^^^^^^^^^^
  File "/usr/lib/python3.12/ast.py", line 52, in parse
    return compile(source, filename, mode, flags,
           ^^^^^^^^^^^^^^^^^^^^^^^^^^^^^^^^^^^^^^
  File "<unknown>", line 5
    while(s < size(vet):
                       ^
SyntaxError: invalid syntax
2025-08-18 19:31:33,445 cblogger [ERROR]: 		Error while extracting code size based metrics: SyntaxError at line: 5
Traceback (most recent call last):
  File "/root/QuestionInsight/.venv/lib/python3.12/site-packages/radon/raw.py", line 210, in analyze
    tokens, parsed_lines = _get_all_tokens(line, lines)
                           ^^^^^^^^^^^^^^^^^^^^^^^^^^^^
  File "/root/QuestionInsight/.venv/lib/python3.12/site-packages/radon/raw.py", line 117, in _get_all_tokens
    next_line = next(lines)
                ^^^^^^^^^^^
StopIteration

During handling of the above exception, another exception occurred:

Traceback (most recent call last):
  File "/root/QuestionInsight/Etapa_1/codebench-mining-tool/util.py", line 560, in extract_size_metrics
    a = analyze(code)
        ^^^^^^^^^^^^^
  File "/root/QuestionInsight/.venv/lib/python3.12/site-packages/radon/raw.py", line 212, in analyze
    raise SyntaxError('SyntaxError at line: {0}'.format(lineno))
SyntaxError: SyntaxError at line: 5
2025-08-18 19:31:33,445 cblogger [ERROR]: 		Error while extracting halsted code metrics: invalid syntax (<unknown>, line 5)
Traceback (most recent call last):
  File "/root/QuestionInsight/Etapa_1/codebench-mining-tool/util.py", line 569, in extract_halstead_metrics
    h = h_visit(code)
        ^^^^^^^^^^^^^
  File "/root/QuestionInsight/.venv/lib/python3.12/site-packages/radon/metrics.py", line 29, in h_visit
    return h_visit_ast(ast.parse(code))
                       ^^^^^^^^^^^^^^^
  File "/usr/lib/python3.12/ast.py", line 52, in parse
    return compile(source, filename, mode, flags,
           ^^^^^^^^^^^^^^^^^^^^^^^^^^^^^^^^^^^^^^
  File "<unknown>", line 5
    while(s < size(vet):
                       ^
SyntaxError: invalid syntax
2025-08-18 19:31:33,471 cblogger [ERROR]: 		Error while extracting code complexity metrics: expected an indented block after 'if' statement on line 8 (<unknown>, line 9)
Traceback (most recent call last):
  File "/root/QuestionInsight/Etapa_1/codebench-mining-tool/util.py", line 551, in extract_complexity_metrics
    v = ComplexityVisitor.from_code(code)
        ^^^^^^^^^^^^^^^^^^^^^^^^^^^^^^^^^
  File "/root/QuestionInsight/.venv/lib/python3.12/site-packages/radon/visitors.py", line 133, in from_code
    return cls.from_ast(code2ast(code), **kwargs)
                        ^^^^^^^^^^^^^^
  File "/root/QuestionInsight/.venv/lib/python3.12/site-packages/radon/visitors.py", line 48, in code2ast
    return ast.parse(source)
           ^^^^^^^^^^^^^^^^^
  File "/usr/lib/python3.12/ast.py", line 52, in parse
    return compile(source, filename, mode, flags,
           ^^^^^^^^^^^^^^^^^^^^^^^^^^^^^^^^^^^^^^
  File "<unknown>", line 9
    print(i)
IndentationError: expected an indented block after 'if' statement on line 8
2025-08-18 19:31:33,472 cblogger [ERROR]: 		Error while extracting halsted code metrics: expected an indented block after 'if' statement on line 8 (<unknown>, line 9)
Traceback (most recent call last):
  File "/root/QuestionInsight/Etapa_1/codebench-mining-tool/util.py", line 569, in extract_halstead_metrics
    h = h_visit(code)
        ^^^^^^^^^^^^^
  File "/root/QuestionInsight/.venv/lib/python3.12/site-packages/radon/metrics.py", line 29, in h_visit
    return h_visit_ast(ast.parse(code))
                       ^^^^^^^^^^^^^^^
  File "/usr/lib/python3.12/ast.py", line 52, in parse
    return compile(source, filename, mode, flags,
           ^^^^^^^^^^^^^^^^^^^^^^^^^^^^^^^^^^^^^^
  File "<unknown>", line 9
    print(i)
IndentationError: expected an indented block after 'if' statement on line 8
2025-08-18 19:31:33,473 cblogger [ERROR]: 		Error while extracting code complexity metrics: expected ':' (<unknown>, line 3)
Traceback (most recent call last):
  File "/root/QuestionInsight/Etapa_1/codebench-mining-tool/util.py", line 551, in extract_complexity_metrics
    v = ComplexityVisitor.from_code(code)
        ^^^^^^^^^^^^^^^^^^^^^^^^^^^^^^^^^
  File "/root/QuestionInsight/.venv/lib/python3.12/site-packages/radon/visitors.py", line 133, in from_code
    return cls.from_ast(code2ast(code), **kwargs)
                        ^^^^^^^^^^^^^^
  File "/root/QuestionInsight/.venv/lib/python3.12/site-packages/radon/visitors.py", line 48, in code2ast
    return ast.parse(source)
           ^^^^^^^^^^^^^^^^^
  File "/usr/lib/python3.12/ast.py", line 52, in parse
    return compile(source, filename, mode, flags,
           ^^^^^^^^^^^^^^^^^^^^^^^^^^^^^^^^^^^^^^
  File "<unknown>", line 3
    while(x>=0 and y)
                     ^
SyntaxError: expected ':'
2025-08-18 19:31:33,484 cblogger [ERROR]: 		Error while extracting halsted code metrics: expected ':' (<unknown>, line 3)
Traceback (most recent call last):
  File "/root/QuestionInsight/Etapa_1/codebench-mining-tool/util.py", line 569, in extract_halstead_metrics
    h = h_visit(code)
        ^^^^^^^^^^^^^
  File "/root/QuestionInsight/.venv/lib/python3.12/site-packages/radon/metrics.py", line 29, in h_visit
    return h_visit_ast(ast.parse(code))
                       ^^^^^^^^^^^^^^^
  File "/usr/lib/python3.12/ast.py", line 52, in parse
    return compile(source, filename, mode, flags,
           ^^^^^^^^^^^^^^^^^^^^^^^^^^^^^^^^^^^^^^
  File "<unknown>", line 3
    while(x>=0 and y)
                     ^
SyntaxError: expected ':'
2025-08-18 19:31:33,514 cblogger [ERROR]: 		Error while extracting code complexity metrics: invalid syntax (<unknown>, line 1)
Traceback (most recent call last):
  File "/root/QuestionInsight/Etapa_1/codebench-mining-tool/util.py", line 551, in extract_complexity_metrics
    v = ComplexityVisitor.from_code(code)
        ^^^^^^^^^^^^^^^^^^^^^^^^^^^^^^^^^
  File "/root/QuestionInsight/.venv/lib/python3.12/site-packages/radon/visitors.py", line 133, in from_code
    return cls.from_ast(code2ast(code), **kwargs)
                        ^^^^^^^^^^^^^^
  File "/root/QuestionInsight/.venv/lib/python3.12/site-packages/radon/visitors.py", line 48, in code2ast
    return ast.parse(source)
           ^^^^^^^^^^^^^^^^^
  File "/usr/lib/python3.12/ast.py", line 52, in parse
    return compile(source, filename, mode, flags,
           ^^^^^^^^^^^^^^^^^^^^^^^^^^^^^^^^^^^^^^
  File "<unknown>", line 1
    aresta =
            ^
SyntaxError: invalid syntax
2025-08-18 19:31:33,515 cblogger [ERROR]: 		Error while extracting halsted code metrics: invalid syntax (<unknown>, line 1)
Traceback (most recent call last):
  File "/root/QuestionInsight/Etapa_1/codebench-mining-tool/util.py", line 569, in extract_halstead_metrics
    h = h_visit(code)
        ^^^^^^^^^^^^^
  File "/root/QuestionInsight/.venv/lib/python3.12/site-packages/radon/metrics.py", line 29, in h_visit
    return h_visit_ast(ast.parse(code))
                       ^^^^^^^^^^^^^^^
  File "/usr/lib/python3.12/ast.py", line 52, in parse
    return compile(source, filename, mode, flags,
           ^^^^^^^^^^^^^^^^^^^^^^^^^^^^^^^^^^^^^^
  File "<unknown>", line 1
    aresta =
            ^
SyntaxError: invalid syntax
2025-08-18 19:31:33,614 cblogger [ERROR]: 		Error while extracting code complexity metrics: invalid syntax (<unknown>, line 11)
Traceback (most recent call last):
  File "/root/QuestionInsight/Etapa_1/codebench-mining-tool/util.py", line 551, in extract_complexity_metrics
    v = ComplexityVisitor.from_code(code)
        ^^^^^^^^^^^^^^^^^^^^^^^^^^^^^^^^^
  File "/root/QuestionInsight/.venv/lib/python3.12/site-packages/radon/visitors.py", line 133, in from_code
    return cls.from_ast(code2ast(code), **kwargs)
                        ^^^^^^^^^^^^^^
  File "/root/QuestionInsight/.venv/lib/python3.12/site-packages/radon/visitors.py", line 48, in code2ast
    return ast.parse(source)
           ^^^^^^^^^^^^^^^^^
  File "/usr/lib/python3.12/ast.py", line 52, in parse
    return compile(source, filename, mode, flags,
           ^^^^^^^^^^^^^^^^^^^^^^^^^^^^^^^^^^^^^^
  File "<unknown>", line 11
    cont = 
           ^
SyntaxError: invalid syntax
2025-08-18 19:31:33,615 cblogger [ERROR]: 		Error while extracting halsted code metrics: invalid syntax (<unknown>, line 11)
Traceback (most recent call last):
  File "/root/QuestionInsight/Etapa_1/codebench-mining-tool/util.py", line 569, in extract_halstead_metrics
    h = h_visit(code)
        ^^^^^^^^^^^^^
  File "/root/QuestionInsight/.venv/lib/python3.12/site-packages/radon/metrics.py", line 29, in h_visit
    return h_visit_ast(ast.parse(code))
                       ^^^^^^^^^^^^^^^
  File "/usr/lib/python3.12/ast.py", line 52, in parse
    return compile(source, filename, mode, flags,
           ^^^^^^^^^^^^^^^^^^^^^^^^^^^^^^^^^^^^^^
  File "<unknown>", line 11
    cont = 
           ^
SyntaxError: invalid syntax
2025-08-18 19:31:33,615 cblogger [ERROR]: 		Error while extracting code token based metrics: 55
Traceback (most recent call last):
  File "/root/QuestionInsight/Etapa_1/codebench-mining-tool/util.py", line 633, in extract_token_metrics
    setattr(obj, TOKEN_NAMES[k], v)
                 ~~~~~~~~~~~^^^
KeyError: 55
2025-08-18 19:31:33,679 cblogger [ERROR]: 		Error while extracting code complexity metrics: expected ':' (<unknown>, line 5)
Traceback (most recent call last):
  File "/root/QuestionInsight/Etapa_1/codebench-mining-tool/util.py", line 551, in extract_complexity_metrics
    v = ComplexityVisitor.from_code(code)
        ^^^^^^^^^^^^^^^^^^^^^^^^^^^^^^^^^
  File "/root/QuestionInsight/.venv/lib/python3.12/site-packages/radon/visitors.py", line 133, in from_code
    return cls.from_ast(code2ast(code), **kwargs)
                        ^^^^^^^^^^^^^^
  File "/root/QuestionInsight/.venv/lib/python3.12/site-packages/radon/visitors.py", line 48, in code2ast
    return ast.parse(source)
           ^^^^^^^^^^^^^^^^^
  File "/usr/lib/python3.12/ast.py", line 52, in parse
    return compile(source, filename, mode, flags,
           ^^^^^^^^^^^^^^^^^^^^^^^^^^^^^^^^^^^^^^
  File "<unknown>", line 5
    	if()
    	    ^
SyntaxError: expected ':'
2025-08-18 19:31:33,680 cblogger [ERROR]: 		Error while extracting halsted code metrics: expected ':' (<unknown>, line 5)
Traceback (most recent call last):
  File "/root/QuestionInsight/Etapa_1/codebench-mining-tool/util.py", line 569, in extract_halstead_metrics
    h = h_visit(code)
        ^^^^^^^^^^^^^
  File "/root/QuestionInsight/.venv/lib/python3.12/site-packages/radon/metrics.py", line 29, in h_visit
    return h_visit_ast(ast.parse(code))
                       ^^^^^^^^^^^^^^^
  File "/usr/lib/python3.12/ast.py", line 52, in parse
    return compile(source, filename, mode, flags,
           ^^^^^^^^^^^^^^^^^^^^^^^^^^^^^^^^^^^^^^
  File "<unknown>", line 5
    	if()
    	    ^
SyntaxError: expected ':'
2025-08-18 19:31:34,046 cblogger [ERROR]: 		Error while extracting code complexity metrics: invalid syntax (<unknown>, line 14)
Traceback (most recent call last):
  File "/root/QuestionInsight/Etapa_1/codebench-mining-tool/util.py", line 551, in extract_complexity_metrics
    v = ComplexityVisitor.from_code(code)
        ^^^^^^^^^^^^^^^^^^^^^^^^^^^^^^^^^
  File "/root/QuestionInsight/.venv/lib/python3.12/site-packages/radon/visitors.py", line 133, in from_code
    return cls.from_ast(code2ast(code), **kwargs)
                        ^^^^^^^^^^^^^^
  File "/root/QuestionInsight/.venv/lib/python3.12/site-packages/radon/visitors.py", line 48, in code2ast
    return ast.parse(source)
           ^^^^^^^^^^^^^^^^^
  File "/usr/lib/python3.12/ast.py", line 52, in parse
    return compile(source, filename, mode, flags,
           ^^^^^^^^^^^^^^^^^^^^^^^^^^^^^^^^^^^^^^
  File "<unknown>", line 14
    		vet[] =[i]
    		    ^
SyntaxError: invalid syntax
2025-08-18 19:31:34,047 cblogger [ERROR]: 		Error while extracting halsted code metrics: invalid syntax (<unknown>, line 14)
Traceback (most recent call last):
  File "/root/QuestionInsight/Etapa_1/codebench-mining-tool/util.py", line 569, in extract_halstead_metrics
    h = h_visit(code)
        ^^^^^^^^^^^^^
  File "/root/QuestionInsight/.venv/lib/python3.12/site-packages/radon/metrics.py", line 29, in h_visit
    return h_visit_ast(ast.parse(code))
                       ^^^^^^^^^^^^^^^
  File "/usr/lib/python3.12/ast.py", line 52, in parse
    return compile(source, filename, mode, flags,
           ^^^^^^^^^^^^^^^^^^^^^^^^^^^^^^^^^^^^^^
  File "<unknown>", line 14
    		vet[] =[i]
    		    ^
SyntaxError: invalid syntax
2025-08-18 19:31:34,099 cblogger [ERROR]: 		Error while extracting code complexity metrics: invalid syntax (<unknown>, line 7)
Traceback (most recent call last):
  File "/root/QuestionInsight/Etapa_1/codebench-mining-tool/util.py", line 551, in extract_complexity_metrics
    v = ComplexityVisitor.from_code(code)
        ^^^^^^^^^^^^^^^^^^^^^^^^^^^^^^^^^
  File "/root/QuestionInsight/.venv/lib/python3.12/site-packages/radon/visitors.py", line 133, in from_code
    return cls.from_ast(code2ast(code), **kwargs)
                        ^^^^^^^^^^^^^^
  File "/root/QuestionInsight/.venv/lib/python3.12/site-packages/radon/visitors.py", line 48, in code2ast
    return ast.parse(source)
           ^^^^^^^^^^^^^^^^^
  File "/usr/lib/python3.12/ast.py", line 52, in parse
    return compile(source, filename, mode, flags,
           ^^^^^^^^^^^^^^^^^^^^^^^^^^^^^^^^^^^^^^
  File "<unknown>", line 7
    	substituto[] = vet[i] * 2
    	           ^
SyntaxError: invalid syntax
2025-08-18 19:31:34,100 cblogger [ERROR]: 		Error while extracting halsted code metrics: invalid syntax (<unknown>, line 7)
Traceback (most recent call last):
  File "/root/QuestionInsight/Etapa_1/codebench-mining-tool/util.py", line 569, in extract_halstead_metrics
    h = h_visit(code)
        ^^^^^^^^^^^^^
  File "/root/QuestionInsight/.venv/lib/python3.12/site-packages/radon/metrics.py", line 29, in h_visit
    return h_visit_ast(ast.parse(code))
                       ^^^^^^^^^^^^^^^
  File "/usr/lib/python3.12/ast.py", line 52, in parse
    return compile(source, filename, mode, flags,
           ^^^^^^^^^^^^^^^^^^^^^^^^^^^^^^^^^^^^^^
  File "<unknown>", line 7
    	substituto[] = vet[i] * 2
    	           ^
SyntaxError: invalid syntax
2025-08-18 19:31:34,149 cblogger [ERROR]: 		Error while extracting code complexity metrics: unindent does not match any outer indentation level (<unknown>, line 10)
Traceback (most recent call last):
  File "/root/QuestionInsight/Etapa_1/codebench-mining-tool/util.py", line 551, in extract_complexity_metrics
    v = ComplexityVisitor.from_code(code)
        ^^^^^^^^^^^^^^^^^^^^^^^^^^^^^^^^^
  File "/root/QuestionInsight/.venv/lib/python3.12/site-packages/radon/visitors.py", line 133, in from_code
    return cls.from_ast(code2ast(code), **kwargs)
                        ^^^^^^^^^^^^^^
  File "/root/QuestionInsight/.venv/lib/python3.12/site-packages/radon/visitors.py", line 48, in code2ast
    return ast.parse(source)
           ^^^^^^^^^^^^^^^^^
  File "/usr/lib/python3.12/ast.py", line 52, in parse
    return compile(source, filename, mode, flags,
           ^^^^^^^^^^^^^^^^^^^^^^^^^^^^^^^^^^^^^^
  File "<unknown>", line 10
    cont += 1
             ^
IndentationError: unindent does not match any outer indentation level
2025-08-18 19:31:34,150 cblogger [ERROR]: 		Error while extracting halsted code metrics: unindent does not match any outer indentation level (<unknown>, line 10)
Traceback (most recent call last):
  File "/root/QuestionInsight/Etapa_1/codebench-mining-tool/util.py", line 569, in extract_halstead_metrics
    h = h_visit(code)
        ^^^^^^^^^^^^^
  File "/root/QuestionInsight/.venv/lib/python3.12/site-packages/radon/metrics.py", line 29, in h_visit
    return h_visit_ast(ast.parse(code))
                       ^^^^^^^^^^^^^^^
  File "/usr/lib/python3.12/ast.py", line 52, in parse
    return compile(source, filename, mode, flags,
           ^^^^^^^^^^^^^^^^^^^^^^^^^^^^^^^^^^^^^^
  File "<unknown>", line 10
    cont += 1
             ^
IndentationError: unindent does not match any outer indentation level
2025-08-18 19:31:34,174 cblogger [ERROR]: 		Error while extracting code complexity metrics: '(' was never closed (<unknown>, line 1)
Traceback (most recent call last):
  File "/root/QuestionInsight/Etapa_1/codebench-mining-tool/util.py", line 551, in extract_complexity_metrics
    v = ComplexityVisitor.from_code(code)
        ^^^^^^^^^^^^^^^^^^^^^^^^^^^^^^^^^
  File "/root/QuestionInsight/.venv/lib/python3.12/site-packages/radon/visitors.py", line 133, in from_code
    return cls.from_ast(code2ast(code), **kwargs)
                        ^^^^^^^^^^^^^^
  File "/root/QuestionInsight/.venv/lib/python3.12/site-packages/radon/visitors.py", line 48, in code2ast
    return ast.parse(source)
           ^^^^^^^^^^^^^^^^^
  File "/usr/lib/python3.12/ast.py", line 52, in parse
    return compile(source, filename, mode, flags,
           ^^^^^^^^^^^^^^^^^^^^^^^^^^^^^^^^^^^^^^
  File "<unknown>", line 1
    n = int(input("digite o n: ")
           ^
SyntaxError: '(' was never closed
2025-08-18 19:31:34,183 cblogger [ERROR]: 		Error while extracting code size based metrics: SyntaxError at line: 1
Traceback (most recent call last):
  File "/root/QuestionInsight/.venv/lib/python3.12/site-packages/radon/raw.py", line 210, in analyze
    tokens, parsed_lines = _get_all_tokens(line, lines)
                           ^^^^^^^^^^^^^^^^^^^^^^^^^^^^
  File "/root/QuestionInsight/.venv/lib/python3.12/site-packages/radon/raw.py", line 117, in _get_all_tokens
    next_line = next(lines)
                ^^^^^^^^^^^
StopIteration

During handling of the above exception, another exception occurred:

Traceback (most recent call last):
  File "/root/QuestionInsight/Etapa_1/codebench-mining-tool/util.py", line 560, in extract_size_metrics
    a = analyze(code)
        ^^^^^^^^^^^^^
  File "/root/QuestionInsight/.venv/lib/python3.12/site-packages/radon/raw.py", line 212, in analyze
    raise SyntaxError('SyntaxError at line: {0}'.format(lineno))
SyntaxError: SyntaxError at line: 1
2025-08-18 19:31:34,184 cblogger [ERROR]: 		Error while extracting halsted code metrics: '(' was never closed (<unknown>, line 1)
Traceback (most recent call last):
  File "/root/QuestionInsight/Etapa_1/codebench-mining-tool/util.py", line 569, in extract_halstead_metrics
    h = h_visit(code)
        ^^^^^^^^^^^^^
  File "/root/QuestionInsight/.venv/lib/python3.12/site-packages/radon/metrics.py", line 29, in h_visit
    return h_visit_ast(ast.parse(code))
                       ^^^^^^^^^^^^^^^
  File "/usr/lib/python3.12/ast.py", line 52, in parse
    return compile(source, filename, mode, flags,
           ^^^^^^^^^^^^^^^^^^^^^^^^^^^^^^^^^^^^^^
  File "<unknown>", line 1
    n = int(input("digite o n: ")
           ^
SyntaxError: '(' was never closed
2025-08-18 19:31:34,206 cblogger [ERROR]: 		Error while extracting code complexity metrics: '(' was never closed (<unknown>, line 3)
Traceback (most recent call last):
  File "/root/QuestionInsight/Etapa_1/codebench-mining-tool/util.py", line 551, in extract_complexity_metrics
    v = ComplexityVisitor.from_code(code)
        ^^^^^^^^^^^^^^^^^^^^^^^^^^^^^^^^^
  File "/root/QuestionInsight/.venv/lib/python3.12/site-packages/radon/visitors.py", line 133, in from_code
    return cls.from_ast(code2ast(code), **kwargs)
                        ^^^^^^^^^^^^^^
  File "/root/QuestionInsight/.venv/lib/python3.12/site-packages/radon/visitors.py", line 48, in code2ast
    return ast.parse(source)
           ^^^^^^^^^^^^^^^^^
  File "/usr/lib/python3.12/ast.py", line 52, in parse
    return compile(source, filename, mode, flags,
           ^^^^^^^^^^^^^^^^^^^^^^^^^^^^^^^^^^^^^^
  File "<unknown>", line 3
    print(round(area, 4)
         ^
SyntaxError: '(' was never closed
2025-08-18 19:31:34,207 cblogger [ERROR]: 		Error while extracting code size based metrics: SyntaxError at line: 3
Traceback (most recent call last):
  File "/root/QuestionInsight/.venv/lib/python3.12/site-packages/radon/raw.py", line 210, in analyze
    tokens, parsed_lines = _get_all_tokens(line, lines)
                           ^^^^^^^^^^^^^^^^^^^^^^^^^^^^
  File "/root/QuestionInsight/.venv/lib/python3.12/site-packages/radon/raw.py", line 117, in _get_all_tokens
    next_line = next(lines)
                ^^^^^^^^^^^
StopIteration

During handling of the above exception, another exception occurred:

Traceback (most recent call last):
  File "/root/QuestionInsight/Etapa_1/codebench-mining-tool/util.py", line 560, in extract_size_metrics
    a = analyze(code)
        ^^^^^^^^^^^^^
  File "/root/QuestionInsight/.venv/lib/python3.12/site-packages/radon/raw.py", line 212, in analyze
    raise SyntaxError('SyntaxError at line: {0}'.format(lineno))
SyntaxError: SyntaxError at line: 3
2025-08-18 19:31:34,208 cblogger [ERROR]: 		Error while extracting halsted code metrics: '(' was never closed (<unknown>, line 3)
Traceback (most recent call last):
  File "/root/QuestionInsight/Etapa_1/codebench-mining-tool/util.py", line 569, in extract_halstead_metrics
    h = h_visit(code)
        ^^^^^^^^^^^^^
  File "/root/QuestionInsight/.venv/lib/python3.12/site-packages/radon/metrics.py", line 29, in h_visit
    return h_visit_ast(ast.parse(code))
                       ^^^^^^^^^^^^^^^
  File "/usr/lib/python3.12/ast.py", line 52, in parse
    return compile(source, filename, mode, flags,
           ^^^^^^^^^^^^^^^^^^^^^^^^^^^^^^^^^^^^^^
  File "<unknown>", line 3
    print(round(area, 4)
         ^
SyntaxError: '(' was never closed
2025-08-18 19:31:34,210 cblogger [ERROR]: 		Error while extracting code complexity metrics: unexpected indent (<unknown>, line 13)
Traceback (most recent call last):
  File "/root/QuestionInsight/Etapa_1/codebench-mining-tool/util.py", line 551, in extract_complexity_metrics
    v = ComplexityVisitor.from_code(code)
        ^^^^^^^^^^^^^^^^^^^^^^^^^^^^^^^^^
  File "/root/QuestionInsight/.venv/lib/python3.12/site-packages/radon/visitors.py", line 133, in from_code
    return cls.from_ast(code2ast(code), **kwargs)
                        ^^^^^^^^^^^^^^
  File "/root/QuestionInsight/.venv/lib/python3.12/site-packages/radon/visitors.py", line 48, in code2ast
    return ast.parse(source)
           ^^^^^^^^^^^^^^^^^
  File "/usr/lib/python3.12/ast.py", line 52, in parse
    return compile(source, filename, mode, flags,
           ^^^^^^^^^^^^^^^^^^^^^^^^^^^^^^^^^^^^^^
  File "<unknown>", line 13
    			if musica_ao_vivo == "S":
    		^
IndentationError: unexpected indent
2025-08-18 19:31:34,215 cblogger [ERROR]: 		Error while extracting halsted code metrics: unexpected indent (<unknown>, line 13)
Traceback (most recent call last):
  File "/root/QuestionInsight/Etapa_1/codebench-mining-tool/util.py", line 569, in extract_halstead_metrics
    h = h_visit(code)
        ^^^^^^^^^^^^^
  File "/root/QuestionInsight/.venv/lib/python3.12/site-packages/radon/metrics.py", line 29, in h_visit
    return h_visit_ast(ast.parse(code))
                       ^^^^^^^^^^^^^^^
  File "/usr/lib/python3.12/ast.py", line 52, in parse
    return compile(source, filename, mode, flags,
           ^^^^^^^^^^^^^^^^^^^^^^^^^^^^^^^^^^^^^^
  File "<unknown>", line 13
    			if musica_ao_vivo == "S":
    		^
IndentationError: unexpected indent
2025-08-18 19:31:34,367 cblogger [ERROR]: 		Error while extracting code complexity metrics: unterminated string literal (detected at line 7) (<unknown>, line 7)
Traceback (most recent call last):
  File "/root/QuestionInsight/Etapa_1/codebench-mining-tool/util.py", line 551, in extract_complexity_metrics
    v = ComplexityVisitor.from_code(code)
        ^^^^^^^^^^^^^^^^^^^^^^^^^^^^^^^^^
  File "/root/QuestionInsight/.venv/lib/python3.12/site-packages/radon/visitors.py", line 133, in from_code
    return cls.from_ast(code2ast(code), **kwargs)
                        ^^^^^^^^^^^^^^
  File "/root/QuestionInsight/.venv/lib/python3.12/site-packages/radon/visitors.py", line 48, in code2ast
    return ast.parse(source)
           ^^^^^^^^^^^^^^^^^
  File "/usr/lib/python3.12/ast.py", line 52, in parse
    return compile(source, filename, mode, flags,
           ^^^^^^^^^^^^^^^^^^^^^^^^^^^^^^^^^^^^^^
  File "<unknown>", line 7
    	print("O valor da comissão a ser paga é: )
    	      ^
SyntaxError: unterminated string literal (detected at line 7)
2025-08-18 19:31:34,368 cblogger [ERROR]: 		Error while extracting code size based metrics: SyntaxError at line: 7
Traceback (most recent call last):
  File "/root/QuestionInsight/.venv/lib/python3.12/site-packages/radon/raw.py", line 210, in analyze
    tokens, parsed_lines = _get_all_tokens(line, lines)
                           ^^^^^^^^^^^^^^^^^^^^^^^^^^^^
  File "/root/QuestionInsight/.venv/lib/python3.12/site-packages/radon/raw.py", line 117, in _get_all_tokens
    next_line = next(lines)
                ^^^^^^^^^^^
StopIteration

During handling of the above exception, another exception occurred:

Traceback (most recent call last):
  File "/root/QuestionInsight/Etapa_1/codebench-mining-tool/util.py", line 560, in extract_size_metrics
    a = analyze(code)
        ^^^^^^^^^^^^^
  File "/root/QuestionInsight/.venv/lib/python3.12/site-packages/radon/raw.py", line 212, in analyze
    raise SyntaxError('SyntaxError at line: {0}'.format(lineno))
SyntaxError: SyntaxError at line: 7
2025-08-18 19:31:34,368 cblogger [ERROR]: 		Error while extracting halsted code metrics: unterminated string literal (detected at line 7) (<unknown>, line 7)
Traceback (most recent call last):
  File "/root/QuestionInsight/Etapa_1/codebench-mining-tool/util.py", line 569, in extract_halstead_metrics
    h = h_visit(code)
        ^^^^^^^^^^^^^
  File "/root/QuestionInsight/.venv/lib/python3.12/site-packages/radon/metrics.py", line 29, in h_visit
    return h_visit_ast(ast.parse(code))
                       ^^^^^^^^^^^^^^^
  File "/usr/lib/python3.12/ast.py", line 52, in parse
    return compile(source, filename, mode, flags,
           ^^^^^^^^^^^^^^^^^^^^^^^^^^^^^^^^^^^^^^
  File "<unknown>", line 7
    	print("O valor da comissão a ser paga é: )
    	      ^
SyntaxError: unterminated string literal (detected at line 7)
2025-08-18 19:31:34,411 cblogger [ERROR]: 		Error while extracting code complexity metrics: invalid syntax. Perhaps you forgot a comma? (<unknown>, line 14)
Traceback (most recent call last):
  File "/root/QuestionInsight/Etapa_1/codebench-mining-tool/util.py", line 551, in extract_complexity_metrics
    v = ComplexityVisitor.from_code(code)
        ^^^^^^^^^^^^^^^^^^^^^^^^^^^^^^^^^
  File "/root/QuestionInsight/.venv/lib/python3.12/site-packages/radon/visitors.py", line 133, in from_code
    return cls.from_ast(code2ast(code), **kwargs)
                        ^^^^^^^^^^^^^^
  File "/root/QuestionInsight/.venv/lib/python3.12/site-packages/radon/visitors.py", line 48, in code2ast
    return ast.parse(source)
           ^^^^^^^^^^^^^^^^^
  File "/usr/lib/python3.12/ast.py", line 52, in parse
    return compile(source, filename, mode, flags,
           ^^^^^^^^^^^^^^^^^^^^^^^^^^^^^^^^^^^^^^
  File "<unknown>", line 14
    while (condicao em funcao do cont):
           ^^^^^^^^^^^
SyntaxError: invalid syntax. Perhaps you forgot a comma?
2025-08-18 19:31:34,412 cblogger [ERROR]: 		Error while extracting halsted code metrics: invalid syntax. Perhaps you forgot a comma? (<unknown>, line 14)
Traceback (most recent call last):
  File "/root/QuestionInsight/Etapa_1/codebench-mining-tool/util.py", line 569, in extract_halstead_metrics
    h = h_visit(code)
        ^^^^^^^^^^^^^
  File "/root/QuestionInsight/.venv/lib/python3.12/site-packages/radon/metrics.py", line 29, in h_visit
    return h_visit_ast(ast.parse(code))
                       ^^^^^^^^^^^^^^^
  File "/usr/lib/python3.12/ast.py", line 52, in parse
    return compile(source, filename, mode, flags,
           ^^^^^^^^^^^^^^^^^^^^^^^^^^^^^^^^^^^^^^
  File "<unknown>", line 14
    while (condicao em funcao do cont):
           ^^^^^^^^^^^
SyntaxError: invalid syntax. Perhaps you forgot a comma?
2025-08-18 19:31:34,444 cblogger [ERROR]: 		Error while extracting code complexity metrics: '(' was never closed (<unknown>, line 4)
Traceback (most recent call last):
  File "/root/QuestionInsight/Etapa_1/codebench-mining-tool/util.py", line 551, in extract_complexity_metrics
    v = ComplexityVisitor.from_code(code)
        ^^^^^^^^^^^^^^^^^^^^^^^^^^^^^^^^^
  File "/root/QuestionInsight/.venv/lib/python3.12/site-packages/radon/visitors.py", line 133, in from_code
    return cls.from_ast(code2ast(code), **kwargs)
                        ^^^^^^^^^^^^^^
  File "/root/QuestionInsight/.venv/lib/python3.12/site-packages/radon/visitors.py", line 48, in code2ast
    return ast.parse(source)
           ^^^^^^^^^^^^^^^^^
  File "/usr/lib/python3.12/ast.py", line 52, in parse
    return compile(source, filename, mode, flags,
           ^^^^^^^^^^^^^^^^^^^^^^^^^^^^^^^^^^^^^^
  File "<unknown>", line 4
    p = (1 - ((factorial(365)) / factorial(365 - n) * (1/ (365 ** n)))
        ^
SyntaxError: '(' was never closed
2025-08-18 19:31:34,444 cblogger [ERROR]: 		Error while extracting code size based metrics: SyntaxError at line: 4
Traceback (most recent call last):
  File "/root/QuestionInsight/.venv/lib/python3.12/site-packages/radon/raw.py", line 210, in analyze
    tokens, parsed_lines = _get_all_tokens(line, lines)
                           ^^^^^^^^^^^^^^^^^^^^^^^^^^^^
  File "/root/QuestionInsight/.venv/lib/python3.12/site-packages/radon/raw.py", line 117, in _get_all_tokens
    next_line = next(lines)
                ^^^^^^^^^^^
StopIteration

During handling of the above exception, another exception occurred:

Traceback (most recent call last):
  File "/root/QuestionInsight/Etapa_1/codebench-mining-tool/util.py", line 560, in extract_size_metrics
    a = analyze(code)
        ^^^^^^^^^^^^^
  File "/root/QuestionInsight/.venv/lib/python3.12/site-packages/radon/raw.py", line 212, in analyze
    raise SyntaxError('SyntaxError at line: {0}'.format(lineno))
SyntaxError: SyntaxError at line: 4
2025-08-18 19:31:34,445 cblogger [ERROR]: 		Error while extracting halsted code metrics: '(' was never closed (<unknown>, line 4)
Traceback (most recent call last):
  File "/root/QuestionInsight/Etapa_1/codebench-mining-tool/util.py", line 569, in extract_halstead_metrics
    h = h_visit(code)
        ^^^^^^^^^^^^^
  File "/root/QuestionInsight/.venv/lib/python3.12/site-packages/radon/metrics.py", line 29, in h_visit
    return h_visit_ast(ast.parse(code))
                       ^^^^^^^^^^^^^^^
  File "/usr/lib/python3.12/ast.py", line 52, in parse
    return compile(source, filename, mode, flags,
           ^^^^^^^^^^^^^^^^^^^^^^^^^^^^^^^^^^^^^^
  File "<unknown>", line 4
    p = (1 - ((factorial(365)) / factorial(365 - n) * (1/ (365 ** n)))
        ^
SyntaxError: '(' was never closed
2025-08-18 19:31:35,222 cblogger [ERROR]: 		Error while extracting code complexity metrics: expected an indented block after 'if' statement on line 11 (<unknown>, line 12)
Traceback (most recent call last):
  File "/root/QuestionInsight/Etapa_1/codebench-mining-tool/util.py", line 551, in extract_complexity_metrics
    v = ComplexityVisitor.from_code(code)
        ^^^^^^^^^^^^^^^^^^^^^^^^^^^^^^^^^
  File "/root/QuestionInsight/.venv/lib/python3.12/site-packages/radon/visitors.py", line 133, in from_code
    return cls.from_ast(code2ast(code), **kwargs)
                        ^^^^^^^^^^^^^^
  File "/root/QuestionInsight/.venv/lib/python3.12/site-packages/radon/visitors.py", line 48, in code2ast
    return ast.parse(source)
           ^^^^^^^^^^^^^^^^^
  File "/usr/lib/python3.12/ast.py", line 52, in parse
    return compile(source, filename, mode, flags,
           ^^^^^^^^^^^^^^^^^^^^^^^^^^^^^^^^^^^^^^
  File "<unknown>", line 12
    	
    	^
IndentationError: expected an indented block after 'if' statement on line 11
2025-08-18 19:31:35,223 cblogger [ERROR]: 		Error while extracting halsted code metrics: expected an indented block after 'if' statement on line 11 (<unknown>, line 12)
Traceback (most recent call last):
  File "/root/QuestionInsight/Etapa_1/codebench-mining-tool/util.py", line 569, in extract_halstead_metrics
    h = h_visit(code)
        ^^^^^^^^^^^^^
  File "/root/QuestionInsight/.venv/lib/python3.12/site-packages/radon/metrics.py", line 29, in h_visit
    return h_visit_ast(ast.parse(code))
                       ^^^^^^^^^^^^^^^
  File "/usr/lib/python3.12/ast.py", line 52, in parse
    return compile(source, filename, mode, flags,
           ^^^^^^^^^^^^^^^^^^^^^^^^^^^^^^^^^^^^^^
  File "<unknown>", line 12
    	
    	^
IndentationError: expected an indented block after 'if' statement on line 11
2025-08-18 19:31:35,259 cblogger [ERROR]: 		Error while extracting code complexity metrics: expected ':' (<unknown>, line 8)
Traceback (most recent call last):
  File "/root/QuestionInsight/Etapa_1/codebench-mining-tool/util.py", line 551, in extract_complexity_metrics
    v = ComplexityVisitor.from_code(code)
        ^^^^^^^^^^^^^^^^^^^^^^^^^^^^^^^^^
  File "/root/QuestionInsight/.venv/lib/python3.12/site-packages/radon/visitors.py", line 133, in from_code
    return cls.from_ast(code2ast(code), **kwargs)
                        ^^^^^^^^^^^^^^
  File "/root/QuestionInsight/.venv/lib/python3.12/site-packages/radon/visitors.py", line 48, in code2ast
    return ast.parse(source)
           ^^^^^^^^^^^^^^^^^
  File "/usr/lib/python3.12/ast.py", line 52, in parse
    return compile(source, filename, mode, flags,
           ^^^^^^^^^^^^^^^^^^^^^^^^^^^^^^^^^^^^^^
  File "<unknown>", line 8
    	if vetor[0]
    	           ^
SyntaxError: expected ':'
2025-08-18 19:31:35,259 cblogger [ERROR]: 		Error while extracting halsted code metrics: expected ':' (<unknown>, line 8)
Traceback (most recent call last):
  File "/root/QuestionInsight/Etapa_1/codebench-mining-tool/util.py", line 569, in extract_halstead_metrics
    h = h_visit(code)
        ^^^^^^^^^^^^^
  File "/root/QuestionInsight/.venv/lib/python3.12/site-packages/radon/metrics.py", line 29, in h_visit
    return h_visit_ast(ast.parse(code))
                       ^^^^^^^^^^^^^^^
  File "/usr/lib/python3.12/ast.py", line 52, in parse
    return compile(source, filename, mode, flags,
           ^^^^^^^^^^^^^^^^^^^^^^^^^^^^^^^^^^^^^^
  File "<unknown>", line 8
    	if vetor[0]
    	           ^
SyntaxError: expected ':'
2025-08-18 19:31:35,319 cblogger [ERROR]: 		Error while extracting code complexity metrics: '(' was never closed (<unknown>, line 10)
Traceback (most recent call last):
  File "/root/QuestionInsight/Etapa_1/codebench-mining-tool/util.py", line 551, in extract_complexity_metrics
    v = ComplexityVisitor.from_code(code)
        ^^^^^^^^^^^^^^^^^^^^^^^^^^^^^^^^^
  File "/root/QuestionInsight/.venv/lib/python3.12/site-packages/radon/visitors.py", line 133, in from_code
    return cls.from_ast(code2ast(code), **kwargs)
                        ^^^^^^^^^^^^^^
  File "/root/QuestionInsight/.venv/lib/python3.12/site-packages/radon/visitors.py", line 48, in code2ast
    return ast.parse(source)
           ^^^^^^^^^^^^^^^^^
  File "/usr/lib/python3.12/ast.py", line 52, in parse
    return compile(source, filename, mode, flags,
           ^^^^^^^^^^^^^^^^^^^^^^^^^^^^^^^^^^^^^^
  File "<unknown>", line 10
    print(round(sqrt(c),3)
         ^
SyntaxError: '(' was never closed
2025-08-18 19:31:35,319 cblogger [ERROR]: 		Error while extracting code size based metrics: SyntaxError at line: 10
Traceback (most recent call last):
  File "/root/QuestionInsight/.venv/lib/python3.12/site-packages/radon/raw.py", line 210, in analyze
    tokens, parsed_lines = _get_all_tokens(line, lines)
                           ^^^^^^^^^^^^^^^^^^^^^^^^^^^^
  File "/root/QuestionInsight/.venv/lib/python3.12/site-packages/radon/raw.py", line 117, in _get_all_tokens
    next_line = next(lines)
                ^^^^^^^^^^^
StopIteration

During handling of the above exception, another exception occurred:

Traceback (most recent call last):
  File "/root/QuestionInsight/Etapa_1/codebench-mining-tool/util.py", line 560, in extract_size_metrics
    a = analyze(code)
        ^^^^^^^^^^^^^
  File "/root/QuestionInsight/.venv/lib/python3.12/site-packages/radon/raw.py", line 212, in analyze
    raise SyntaxError('SyntaxError at line: {0}'.format(lineno))
SyntaxError: SyntaxError at line: 10
2025-08-18 19:31:35,320 cblogger [ERROR]: 		Error while extracting halsted code metrics: '(' was never closed (<unknown>, line 10)
Traceback (most recent call last):
  File "/root/QuestionInsight/Etapa_1/codebench-mining-tool/util.py", line 569, in extract_halstead_metrics
    h = h_visit(code)
        ^^^^^^^^^^^^^
  File "/root/QuestionInsight/.venv/lib/python3.12/site-packages/radon/metrics.py", line 29, in h_visit
    return h_visit_ast(ast.parse(code))
                       ^^^^^^^^^^^^^^^
  File "/usr/lib/python3.12/ast.py", line 52, in parse
    return compile(source, filename, mode, flags,
           ^^^^^^^^^^^^^^^^^^^^^^^^^^^^^^^^^^^^^^
  File "<unknown>", line 10
    print(round(sqrt(c),3)
         ^
SyntaxError: '(' was never closed
2025-08-18 19:31:35,517 cblogger [ERROR]: 		Error while extracting code complexity metrics: invalid character '–' (U+2013) (<unknown>, line 1)
Traceback (most recent call last):
  File "/root/QuestionInsight/Etapa_1/codebench-mining-tool/util.py", line 551, in extract_complexity_metrics
    v = ComplexityVisitor.from_code(code)
        ^^^^^^^^^^^^^^^^^^^^^^^^^^^^^^^^^
  File "/root/QuestionInsight/.venv/lib/python3.12/site-packages/radon/visitors.py", line 133, in from_code
    return cls.from_ast(code2ast(code), **kwargs)
                        ^^^^^^^^^^^^^^
  File "/root/QuestionInsight/.venv/lib/python3.12/site-packages/radon/visitors.py", line 48, in code2ast
    return ast.parse(source)
           ^^^^^^^^^^^^^^^^^
  File "/usr/lib/python3.12/ast.py", line 52, in parse
    return compile(source, filename, mode, flags,
           ^^^^^^^^^^^^^^^^^^^^^^^^^^^^^^^^^^^^^^
  File "<unknown>", line 1
    expressao = 30 – 3 ** 2 + 8 // 3 ** 2 * 10
                   ^
SyntaxError: invalid character '–' (U+2013)
2025-08-18 19:31:35,518 cblogger [ERROR]: 		Error while extracting halsted code metrics: invalid character '–' (U+2013) (<unknown>, line 1)
Traceback (most recent call last):
  File "/root/QuestionInsight/Etapa_1/codebench-mining-tool/util.py", line 569, in extract_halstead_metrics
    h = h_visit(code)
        ^^^^^^^^^^^^^
  File "/root/QuestionInsight/.venv/lib/python3.12/site-packages/radon/metrics.py", line 29, in h_visit
    return h_visit_ast(ast.parse(code))
                       ^^^^^^^^^^^^^^^
  File "/usr/lib/python3.12/ast.py", line 52, in parse
    return compile(source, filename, mode, flags,
           ^^^^^^^^^^^^^^^^^^^^^^^^^^^^^^^^^^^^^^
  File "<unknown>", line 1
    expressao = 30 – 3 ** 2 + 8 // 3 ** 2 * 10
                   ^
SyntaxError: invalid character '–' (U+2013)
2025-08-18 19:31:35,682 cblogger [ERROR]: 		Error while extracting code complexity metrics: invalid decimal literal (<unknown>, line 9)
Traceback (most recent call last):
  File "/root/QuestionInsight/Etapa_1/codebench-mining-tool/util.py", line 551, in extract_complexity_metrics
    v = ComplexityVisitor.from_code(code)
        ^^^^^^^^^^^^^^^^^^^^^^^^^^^^^^^^^
  File "/root/QuestionInsight/.venv/lib/python3.12/site-packages/radon/visitors.py", line 133, in from_code
    return cls.from_ast(code2ast(code), **kwargs)
                        ^^^^^^^^^^^^^^
  File "/root/QuestionInsight/.venv/lib/python3.12/site-packages/radon/visitors.py", line 48, in code2ast
    return ast.parse(source)
           ^^^^^^^^^^^^^^^^^
  File "/usr/lib/python3.12/ast.py", line 52, in parse
    return compile(source, filename, mode, flags,
           ^^^^^^^^^^^^^^^^^^^^^^^^^^^^^^^^^^^^^^
  File "<unknown>", line 9
    a = sqrt(b**c - 2b*c cos(a))
                    ^
SyntaxError: invalid decimal literal
2025-08-18 19:31:35,683 cblogger [ERROR]: 		Error while extracting halsted code metrics: invalid decimal literal (<unknown>, line 9)
Traceback (most recent call last):
  File "/root/QuestionInsight/Etapa_1/codebench-mining-tool/util.py", line 569, in extract_halstead_metrics
    h = h_visit(code)
        ^^^^^^^^^^^^^
  File "/root/QuestionInsight/.venv/lib/python3.12/site-packages/radon/metrics.py", line 29, in h_visit
    return h_visit_ast(ast.parse(code))
                       ^^^^^^^^^^^^^^^
  File "/usr/lib/python3.12/ast.py", line 52, in parse
    return compile(source, filename, mode, flags,
           ^^^^^^^^^^^^^^^^^^^^^^^^^^^^^^^^^^^^^^
  File "<unknown>", line 9
    a = sqrt(b**c - 2b*c cos(a))
                    ^
SyntaxError: invalid decimal literal
2025-08-18 19:31:35,712 cblogger [ERROR]: 		Error while extracting code complexity metrics: '(' was never closed (<unknown>, line 3)
Traceback (most recent call last):
  File "/root/QuestionInsight/Etapa_1/codebench-mining-tool/util.py", line 551, in extract_complexity_metrics
    v = ComplexityVisitor.from_code(code)
        ^^^^^^^^^^^^^^^^^^^^^^^^^^^^^^^^^
  File "/root/QuestionInsight/.venv/lib/python3.12/site-packages/radon/visitors.py", line 133, in from_code
    return cls.from_ast(code2ast(code), **kwargs)
                        ^^^^^^^^^^^^^^
  File "/root/QuestionInsight/.venv/lib/python3.12/site-packages/radon/visitors.py", line 48, in code2ast
    return ast.parse(source)
           ^^^^^^^^^^^^^^^^^
  File "/usr/lib/python3.12/ast.py", line 52, in parse
    return compile(source, filename, mode, flags,
           ^^^^^^^^^^^^^^^^^^^^^^^^^^^^^^^^^^^^^^
  File "<unknown>", line 3
    print(int(var * 10)
         ^
SyntaxError: '(' was never closed
2025-08-18 19:31:35,712 cblogger [ERROR]: 		Error while extracting code size based metrics: SyntaxError at line: 3
Traceback (most recent call last):
  File "/root/QuestionInsight/.venv/lib/python3.12/site-packages/radon/raw.py", line 210, in analyze
    tokens, parsed_lines = _get_all_tokens(line, lines)
                           ^^^^^^^^^^^^^^^^^^^^^^^^^^^^
  File "/root/QuestionInsight/.venv/lib/python3.12/site-packages/radon/raw.py", line 117, in _get_all_tokens
    next_line = next(lines)
                ^^^^^^^^^^^
StopIteration

During handling of the above exception, another exception occurred:

Traceback (most recent call last):
  File "/root/QuestionInsight/Etapa_1/codebench-mining-tool/util.py", line 560, in extract_size_metrics
    a = analyze(code)
        ^^^^^^^^^^^^^
  File "/root/QuestionInsight/.venv/lib/python3.12/site-packages/radon/raw.py", line 212, in analyze
    raise SyntaxError('SyntaxError at line: {0}'.format(lineno))
SyntaxError: SyntaxError at line: 3
2025-08-18 19:31:35,713 cblogger [ERROR]: 		Error while extracting halsted code metrics: '(' was never closed (<unknown>, line 3)
Traceback (most recent call last):
  File "/root/QuestionInsight/Etapa_1/codebench-mining-tool/util.py", line 569, in extract_halstead_metrics
    h = h_visit(code)
        ^^^^^^^^^^^^^
  File "/root/QuestionInsight/.venv/lib/python3.12/site-packages/radon/metrics.py", line 29, in h_visit
    return h_visit_ast(ast.parse(code))
                       ^^^^^^^^^^^^^^^
  File "/usr/lib/python3.12/ast.py", line 52, in parse
    return compile(source, filename, mode, flags,
           ^^^^^^^^^^^^^^^^^^^^^^^^^^^^^^^^^^^^^^
  File "<unknown>", line 3
    print(int(var * 10)
         ^
SyntaxError: '(' was never closed
2025-08-18 19:31:35,746 cblogger [ERROR]: 		Error while extracting code complexity metrics: expected an indented block after 'else' statement on line 8 (<unknown>, line 10)
Traceback (most recent call last):
  File "/root/QuestionInsight/Etapa_1/codebench-mining-tool/util.py", line 551, in extract_complexity_metrics
    v = ComplexityVisitor.from_code(code)
        ^^^^^^^^^^^^^^^^^^^^^^^^^^^^^^^^^
  File "/root/QuestionInsight/.venv/lib/python3.12/site-packages/radon/visitors.py", line 133, in from_code
    return cls.from_ast(code2ast(code), **kwargs)
                        ^^^^^^^^^^^^^^
  File "/root/QuestionInsight/.venv/lib/python3.12/site-packages/radon/visitors.py", line 48, in code2ast
    return ast.parse(source)
           ^^^^^^^^^^^^^^^^^
  File "/usr/lib/python3.12/ast.py", line 52, in parse
    return compile(source, filename, mode, flags,
           ^^^^^^^^^^^^^^^^^^^^^^^^^^^^^^^^^^^^^^
  File "<unknown>", line 10
    print(round(total,2))
    ^^^^^
IndentationError: expected an indented block after 'else' statement on line 8
2025-08-18 19:31:35,747 cblogger [ERROR]: 		Error while extracting halsted code metrics: expected an indented block after 'else' statement on line 8 (<unknown>, line 10)
Traceback (most recent call last):
  File "/root/QuestionInsight/Etapa_1/codebench-mining-tool/util.py", line 569, in extract_halstead_metrics
    h = h_visit(code)
        ^^^^^^^^^^^^^
  File "/root/QuestionInsight/.venv/lib/python3.12/site-packages/radon/metrics.py", line 29, in h_visit
    return h_visit_ast(ast.parse(code))
                       ^^^^^^^^^^^^^^^
  File "/usr/lib/python3.12/ast.py", line 52, in parse
    return compile(source, filename, mode, flags,
           ^^^^^^^^^^^^^^^^^^^^^^^^^^^^^^^^^^^^^^
  File "<unknown>", line 10
    print(round(total,2))
    ^^^^^
IndentationError: expected an indented block after 'else' statement on line 8
2025-08-18 19:31:35,750 cblogger [ERROR]: 		Error while extracting code complexity metrics: invalid syntax (<unknown>, line 6)
Traceback (most recent call last):
  File "/root/QuestionInsight/Etapa_1/codebench-mining-tool/util.py", line 551, in extract_complexity_metrics
    v = ComplexityVisitor.from_code(code)
        ^^^^^^^^^^^^^^^^^^^^^^^^^^^^^^^^^
  File "/root/QuestionInsight/.venv/lib/python3.12/site-packages/radon/visitors.py", line 133, in from_code
    return cls.from_ast(code2ast(code), **kwargs)
                        ^^^^^^^^^^^^^^
  File "/root/QuestionInsight/.venv/lib/python3.12/site-packages/radon/visitors.py", line 48, in code2ast
    return ast.parse(source)
           ^^^^^^^^^^^^^^^^^
  File "/usr/lib/python3.12/ast.py", line 52, in parse
    return compile(source, filename, mode, flags,
           ^^^^^^^^^^^^^^^^^^^^^^^^^^^^^^^^^^^^^^
  File "<unknown>", line 6
    lanche=
           ^
SyntaxError: invalid syntax
2025-08-18 19:31:35,750 cblogger [ERROR]: 		Error while extracting halsted code metrics: invalid syntax (<unknown>, line 6)
Traceback (most recent call last):
  File "/root/QuestionInsight/Etapa_1/codebench-mining-tool/util.py", line 569, in extract_halstead_metrics
    h = h_visit(code)
        ^^^^^^^^^^^^^
  File "/root/QuestionInsight/.venv/lib/python3.12/site-packages/radon/metrics.py", line 29, in h_visit
    return h_visit_ast(ast.parse(code))
                       ^^^^^^^^^^^^^^^
  File "/usr/lib/python3.12/ast.py", line 52, in parse
    return compile(source, filename, mode, flags,
           ^^^^^^^^^^^^^^^^^^^^^^^^^^^^^^^^^^^^^^
  File "<unknown>", line 6
    lanche=
           ^
SyntaxError: invalid syntax
2025-08-18 19:31:35,784 cblogger [ERROR]: 		Error while extracting code complexity metrics: '(' was never closed (<unknown>, line 10)
Traceback (most recent call last):
  File "/root/QuestionInsight/Etapa_1/codebench-mining-tool/util.py", line 551, in extract_complexity_metrics
    v = ComplexityVisitor.from_code(code)
        ^^^^^^^^^^^^^^^^^^^^^^^^^^^^^^^^^
  File "/root/QuestionInsight/.venv/lib/python3.12/site-packages/radon/visitors.py", line 133, in from_code
    return cls.from_ast(code2ast(code), **kwargs)
                        ^^^^^^^^^^^^^^
  File "/root/QuestionInsight/.venv/lib/python3.12/site-packages/radon/visitors.py", line 48, in code2ast
    return ast.parse(source)
           ^^^^^^^^^^^^^^^^^
  File "/usr/lib/python3.12/ast.py", line 52, in parse
    return compile(source, filename, mode, flags,
           ^^^^^^^^^^^^^^^^^^^^^^^^^^^^^^^^^^^^^^
  File "<unknown>", line 10
    d=6371.01*acos((sin(t1)*sin(t2)+cos(t1)*cos(t2)*cos(g1-g2))
                  ^
SyntaxError: '(' was never closed
2025-08-18 19:31:35,785 cblogger [ERROR]: 		Error while extracting code size based metrics: SyntaxError at line: 10
Traceback (most recent call last):
  File "/root/QuestionInsight/.venv/lib/python3.12/site-packages/radon/raw.py", line 210, in analyze
    tokens, parsed_lines = _get_all_tokens(line, lines)
                           ^^^^^^^^^^^^^^^^^^^^^^^^^^^^
  File "/root/QuestionInsight/.venv/lib/python3.12/site-packages/radon/raw.py", line 117, in _get_all_tokens
    next_line = next(lines)
                ^^^^^^^^^^^
StopIteration

During handling of the above exception, another exception occurred:

Traceback (most recent call last):
  File "/root/QuestionInsight/Etapa_1/codebench-mining-tool/util.py", line 560, in extract_size_metrics
    a = analyze(code)
        ^^^^^^^^^^^^^
  File "/root/QuestionInsight/.venv/lib/python3.12/site-packages/radon/raw.py", line 212, in analyze
    raise SyntaxError('SyntaxError at line: {0}'.format(lineno))
SyntaxError: SyntaxError at line: 10
2025-08-18 19:31:35,786 cblogger [ERROR]: 		Error while extracting halsted code metrics: '(' was never closed (<unknown>, line 10)
Traceback (most recent call last):
  File "/root/QuestionInsight/Etapa_1/codebench-mining-tool/util.py", line 569, in extract_halstead_metrics
    h = h_visit(code)
        ^^^^^^^^^^^^^
  File "/root/QuestionInsight/.venv/lib/python3.12/site-packages/radon/metrics.py", line 29, in h_visit
    return h_visit_ast(ast.parse(code))
                       ^^^^^^^^^^^^^^^
  File "/usr/lib/python3.12/ast.py", line 52, in parse
    return compile(source, filename, mode, flags,
           ^^^^^^^^^^^^^^^^^^^^^^^^^^^^^^^^^^^^^^
  File "<unknown>", line 10
    d=6371.01*acos((sin(t1)*sin(t2)+cos(t1)*cos(t2)*cos(g1-g2))
                  ^
SyntaxError: '(' was never closed
2025-08-18 19:31:35,805 cblogger [ERROR]: 		Error while extracting code complexity metrics: expected an indented block after 'else' statement on line 8 (<unknown>, line 10)
Traceback (most recent call last):
  File "/root/QuestionInsight/Etapa_1/codebench-mining-tool/util.py", line 551, in extract_complexity_metrics
    v = ComplexityVisitor.from_code(code)
        ^^^^^^^^^^^^^^^^^^^^^^^^^^^^^^^^^
  File "/root/QuestionInsight/.venv/lib/python3.12/site-packages/radon/visitors.py", line 133, in from_code
    return cls.from_ast(code2ast(code), **kwargs)
                        ^^^^^^^^^^^^^^
  File "/root/QuestionInsight/.venv/lib/python3.12/site-packages/radon/visitors.py", line 48, in code2ast
    return ast.parse(source)
           ^^^^^^^^^^^^^^^^^
  File "/usr/lib/python3.12/ast.py", line 52, in parse
    return compile(source, filename, mode, flags,
           ^^^^^^^^^^^^^^^^^^^^^^^^^^^^^^^^^^^^^^
  File "<unknown>", line 10
    print(round(C,2))
    ^^^^^
IndentationError: expected an indented block after 'else' statement on line 8
2025-08-18 19:31:35,807 cblogger [ERROR]: 		Error while extracting halsted code metrics: expected an indented block after 'else' statement on line 8 (<unknown>, line 10)
Traceback (most recent call last):
  File "/root/QuestionInsight/Etapa_1/codebench-mining-tool/util.py", line 569, in extract_halstead_metrics
    h = h_visit(code)
        ^^^^^^^^^^^^^
  File "/root/QuestionInsight/.venv/lib/python3.12/site-packages/radon/metrics.py", line 29, in h_visit
    return h_visit_ast(ast.parse(code))
                       ^^^^^^^^^^^^^^^
  File "/usr/lib/python3.12/ast.py", line 52, in parse
    return compile(source, filename, mode, flags,
           ^^^^^^^^^^^^^^^^^^^^^^^^^^^^^^^^^^^^^^
  File "<unknown>", line 10
    print(round(C,2))
    ^^^^^
IndentationError: expected an indented block after 'else' statement on line 8
2025-08-18 19:31:35,894 cblogger [ERROR]: 		Error while extracting code complexity metrics: invalid syntax (<unknown>, line 5)
Traceback (most recent call last):
  File "/root/QuestionInsight/Etapa_1/codebench-mining-tool/util.py", line 551, in extract_complexity_metrics
    v = ComplexityVisitor.from_code(code)
        ^^^^^^^^^^^^^^^^^^^^^^^^^^^^^^^^^
  File "/root/QuestionInsight/.venv/lib/python3.12/site-packages/radon/visitors.py", line 133, in from_code
    return cls.from_ast(code2ast(code), **kwargs)
                        ^^^^^^^^^^^^^^
  File "/root/QuestionInsight/.venv/lib/python3.12/site-packages/radon/visitors.py", line 48, in code2ast
    return ast.parse(source)
           ^^^^^^^^^^^^^^^^^
  File "/usr/lib/python3.12/ast.py", line 52, in parse
    return compile(source, filename, mode, flags,
           ^^^^^^^^^^^^^^^^^^^^^^^^^^^^^^^^^^^^^^
  File "<unknown>", line 5
    	if v[i] != 
    	           ^
SyntaxError: invalid syntax
2025-08-18 19:31:35,895 cblogger [ERROR]: 		Error while extracting halsted code metrics: invalid syntax (<unknown>, line 5)
Traceback (most recent call last):
  File "/root/QuestionInsight/Etapa_1/codebench-mining-tool/util.py", line 569, in extract_halstead_metrics
    h = h_visit(code)
        ^^^^^^^^^^^^^
  File "/root/QuestionInsight/.venv/lib/python3.12/site-packages/radon/metrics.py", line 29, in h_visit
    return h_visit_ast(ast.parse(code))
                       ^^^^^^^^^^^^^^^
  File "/usr/lib/python3.12/ast.py", line 52, in parse
    return compile(source, filename, mode, flags,
           ^^^^^^^^^^^^^^^^^^^^^^^^^^^^^^^^^^^^^^
  File "<unknown>", line 5
    	if v[i] != 
    	           ^
SyntaxError: invalid syntax
2025-08-18 19:31:35,940 cblogger [ERROR]: 		Error while extracting code complexity metrics: expected an indented block after 'if' statement on line 6 (<unknown>, line 7)
Traceback (most recent call last):
  File "/root/QuestionInsight/Etapa_1/codebench-mining-tool/util.py", line 551, in extract_complexity_metrics
    v = ComplexityVisitor.from_code(code)
        ^^^^^^^^^^^^^^^^^^^^^^^^^^^^^^^^^
  File "/root/QuestionInsight/.venv/lib/python3.12/site-packages/radon/visitors.py", line 133, in from_code
    return cls.from_ast(code2ast(code), **kwargs)
                        ^^^^^^^^^^^^^^
  File "/root/QuestionInsight/.venv/lib/python3.12/site-packages/radon/visitors.py", line 48, in code2ast
    return ast.parse(source)
           ^^^^^^^^^^^^^^^^^
  File "/usr/lib/python3.12/ast.py", line 52, in parse
    return compile(source, filename, mode, flags,
           ^^^^^^^^^^^^^^^^^^^^^^^^^^^^^^^^^^^^^^
  File "<unknown>", line 7
    		
    		^
IndentationError: expected an indented block after 'if' statement on line 6
2025-08-18 19:31:35,940 cblogger [ERROR]: 		Error while extracting halsted code metrics: expected an indented block after 'if' statement on line 6 (<unknown>, line 7)
Traceback (most recent call last):
  File "/root/QuestionInsight/Etapa_1/codebench-mining-tool/util.py", line 569, in extract_halstead_metrics
    h = h_visit(code)
        ^^^^^^^^^^^^^
  File "/root/QuestionInsight/.venv/lib/python3.12/site-packages/radon/metrics.py", line 29, in h_visit
    return h_visit_ast(ast.parse(code))
                       ^^^^^^^^^^^^^^^
  File "/usr/lib/python3.12/ast.py", line 52, in parse
    return compile(source, filename, mode, flags,
           ^^^^^^^^^^^^^^^^^^^^^^^^^^^^^^^^^^^^^^
  File "<unknown>", line 7
    		
    		^
IndentationError: expected an indented block after 'if' statement on line 6
2025-08-18 19:31:35,990 cblogger [ERROR]: 		Error while extracting code complexity metrics: invalid syntax (<unknown>, line 2)
Traceback (most recent call last):
  File "/root/QuestionInsight/Etapa_1/codebench-mining-tool/util.py", line 551, in extract_complexity_metrics
    v = ComplexityVisitor.from_code(code)
        ^^^^^^^^^^^^^^^^^^^^^^^^^^^^^^^^^
  File "/root/QuestionInsight/.venv/lib/python3.12/site-packages/radon/visitors.py", line 133, in from_code
    return cls.from_ast(code2ast(code), **kwargs)
                        ^^^^^^^^^^^^^^
  File "/root/QuestionInsight/.venv/lib/python3.12/site-packages/radon/visitors.py", line 48, in code2ast
    return ast.parse(source)
           ^^^^^^^^^^^^^^^^^
  File "/usr/lib/python3.12/ast.py", line 52, in parse
    return compile(source, filename, mode, flags,
           ^^^^^^^^^^^^^^^^^^^^^^^^^^^^^^^^^^^^^^
  File "<unknown>", line 2
    s = 
        ^
SyntaxError: invalid syntax
2025-08-18 19:31:35,991 cblogger [ERROR]: 		Error while extracting halsted code metrics: invalid syntax (<unknown>, line 2)
Traceback (most recent call last):
  File "/root/QuestionInsight/Etapa_1/codebench-mining-tool/util.py", line 569, in extract_halstead_metrics
    h = h_visit(code)
        ^^^^^^^^^^^^^
  File "/root/QuestionInsight/.venv/lib/python3.12/site-packages/radon/metrics.py", line 29, in h_visit
    return h_visit_ast(ast.parse(code))
                       ^^^^^^^^^^^^^^^
  File "/usr/lib/python3.12/ast.py", line 52, in parse
    return compile(source, filename, mode, flags,
           ^^^^^^^^^^^^^^^^^^^^^^^^^^^^^^^^^^^^^^
  File "<unknown>", line 2
    s = 
        ^
SyntaxError: invalid syntax
2025-08-18 19:31:36,017 cblogger [ERROR]: 		Error while extracting code complexity metrics: expected an indented block after 'for' statement on line 7 (<unknown>, line 10)
Traceback (most recent call last):
  File "/root/QuestionInsight/Etapa_1/codebench-mining-tool/util.py", line 551, in extract_complexity_metrics
    v = ComplexityVisitor.from_code(code)
        ^^^^^^^^^^^^^^^^^^^^^^^^^^^^^^^^^
  File "/root/QuestionInsight/.venv/lib/python3.12/site-packages/radon/visitors.py", line 133, in from_code
    return cls.from_ast(code2ast(code), **kwargs)
                        ^^^^^^^^^^^^^^
  File "/root/QuestionInsight/.venv/lib/python3.12/site-packages/radon/visitors.py", line 48, in code2ast
    return ast.parse(source)
           ^^^^^^^^^^^^^^^^^
  File "/usr/lib/python3.12/ast.py", line 52, in parse
    return compile(source, filename, mode, flags,
           ^^^^^^^^^^^^^^^^^^^^^^^^^^^^^^^^^^^^^^
  File "<unknown>", line 10
    print(t)
    ^^^^^
IndentationError: expected an indented block after 'for' statement on line 7
2025-08-18 19:31:36,018 cblogger [ERROR]: 		Error while extracting halsted code metrics: expected an indented block after 'for' statement on line 7 (<unknown>, line 10)
Traceback (most recent call last):
  File "/root/QuestionInsight/Etapa_1/codebench-mining-tool/util.py", line 569, in extract_halstead_metrics
    h = h_visit(code)
        ^^^^^^^^^^^^^
  File "/root/QuestionInsight/.venv/lib/python3.12/site-packages/radon/metrics.py", line 29, in h_visit
    return h_visit_ast(ast.parse(code))
                       ^^^^^^^^^^^^^^^
  File "/usr/lib/python3.12/ast.py", line 52, in parse
    return compile(source, filename, mode, flags,
           ^^^^^^^^^^^^^^^^^^^^^^^^^^^^^^^^^^^^^^
  File "<unknown>", line 10
    print(t)
    ^^^^^
IndentationError: expected an indented block after 'for' statement on line 7
2025-08-18 19:31:36,047 cblogger [ERROR]: 		Error while extracting code complexity metrics: expected an indented block after 'if' statement on line 2 (<unknown>, line 5)
Traceback (most recent call last):
  File "/root/QuestionInsight/Etapa_1/codebench-mining-tool/util.py", line 551, in extract_complexity_metrics
    v = ComplexityVisitor.from_code(code)
        ^^^^^^^^^^^^^^^^^^^^^^^^^^^^^^^^^
  File "/root/QuestionInsight/.venv/lib/python3.12/site-packages/radon/visitors.py", line 133, in from_code
    return cls.from_ast(code2ast(code), **kwargs)
                        ^^^^^^^^^^^^^^
  File "/root/QuestionInsight/.venv/lib/python3.12/site-packages/radon/visitors.py", line 48, in code2ast
    return ast.parse(source)
           ^^^^^^^^^^^^^^^^^
  File "/usr/lib/python3.12/ast.py", line 52, in parse
    return compile(source, filename, mode, flags,
           ^^^^^^^^^^^^^^^^^^^^^^^^^^^^^^^^^^^^^^
  File "<unknown>", line 5
    
    ^
IndentationError: expected an indented block after 'if' statement on line 2
2025-08-18 19:31:36,048 cblogger [ERROR]: 		Error while extracting halsted code metrics: expected an indented block after 'if' statement on line 2 (<unknown>, line 5)
Traceback (most recent call last):
  File "/root/QuestionInsight/Etapa_1/codebench-mining-tool/util.py", line 569, in extract_halstead_metrics
    h = h_visit(code)
        ^^^^^^^^^^^^^
  File "/root/QuestionInsight/.venv/lib/python3.12/site-packages/radon/metrics.py", line 29, in h_visit
    return h_visit_ast(ast.parse(code))
                       ^^^^^^^^^^^^^^^
  File "/usr/lib/python3.12/ast.py", line 52, in parse
    return compile(source, filename, mode, flags,
           ^^^^^^^^^^^^^^^^^^^^^^^^^^^^^^^^^^^^^^
  File "<unknown>", line 5
    
    ^
IndentationError: expected an indented block after 'if' statement on line 2
2025-08-18 19:31:36,051 cblogger [ERROR]: 		Error while extracting code complexity metrics: invalid syntax (<unknown>, line 6)
Traceback (most recent call last):
  File "/root/QuestionInsight/Etapa_1/codebench-mining-tool/util.py", line 551, in extract_complexity_metrics
    v = ComplexityVisitor.from_code(code)
        ^^^^^^^^^^^^^^^^^^^^^^^^^^^^^^^^^
  File "/root/QuestionInsight/.venv/lib/python3.12/site-packages/radon/visitors.py", line 133, in from_code
    return cls.from_ast(code2ast(code), **kwargs)
                        ^^^^^^^^^^^^^^
  File "/root/QuestionInsight/.venv/lib/python3.12/site-packages/radon/visitors.py", line 48, in code2ast
    return ast.parse(source)
           ^^^^^^^^^^^^^^^^^
  File "/usr/lib/python3.12/ast.py", line 52, in parse
    return compile(source, filename, mode, flags,
           ^^^^^^^^^^^^^^^^^^^^^^^^^^^^^^^^^^^^^^
  File "<unknown>", line 6
    if: valor da renda (100.00 < 25/100)
      ^
SyntaxError: invalid syntax
2025-08-18 19:31:36,053 cblogger [ERROR]: 		Error while extracting halsted code metrics: invalid syntax (<unknown>, line 6)
Traceback (most recent call last):
  File "/root/QuestionInsight/Etapa_1/codebench-mining-tool/util.py", line 569, in extract_halstead_metrics
    h = h_visit(code)
        ^^^^^^^^^^^^^
  File "/root/QuestionInsight/.venv/lib/python3.12/site-packages/radon/metrics.py", line 29, in h_visit
    return h_visit_ast(ast.parse(code))
                       ^^^^^^^^^^^^^^^
  File "/usr/lib/python3.12/ast.py", line 52, in parse
    return compile(source, filename, mode, flags,
           ^^^^^^^^^^^^^^^^^^^^^^^^^^^^^^^^^^^^^^
  File "<unknown>", line 6
    if: valor da renda (100.00 < 25/100)
      ^
SyntaxError: invalid syntax
2025-08-18 19:31:36,061 cblogger [ERROR]: 		Error while extracting code complexity metrics: invalid syntax (<unknown>, line 2)
Traceback (most recent call last):
  File "/root/QuestionInsight/Etapa_1/codebench-mining-tool/util.py", line 551, in extract_complexity_metrics
    v = ComplexityVisitor.from_code(code)
        ^^^^^^^^^^^^^^^^^^^^^^^^^^^^^^^^^
  File "/root/QuestionInsight/.venv/lib/python3.12/site-packages/radon/visitors.py", line 133, in from_code
    return cls.from_ast(code2ast(code), **kwargs)
                        ^^^^^^^^^^^^^^
  File "/root/QuestionInsight/.venv/lib/python3.12/site-packages/radon/visitors.py", line 48, in code2ast
    return ast.parse(source)
           ^^^^^^^^^^^^^^^^^
  File "/usr/lib/python3.12/ast.py", line 52, in parse
    return compile(source, filename, mode, flags,
           ^^^^^^^^^^^^^^^^^^^^^^^^^^^^^^^^^^^^^^
  File "<unknown>", line 2
    qtda_recebido =
                   ^
SyntaxError: invalid syntax
2025-08-18 19:31:36,062 cblogger [ERROR]: 		Error while extracting halsted code metrics: invalid syntax (<unknown>, line 2)
Traceback (most recent call last):
  File "/root/QuestionInsight/Etapa_1/codebench-mining-tool/util.py", line 569, in extract_halstead_metrics
    h = h_visit(code)
        ^^^^^^^^^^^^^
  File "/root/QuestionInsight/.venv/lib/python3.12/site-packages/radon/metrics.py", line 29, in h_visit
    return h_visit_ast(ast.parse(code))
                       ^^^^^^^^^^^^^^^
  File "/usr/lib/python3.12/ast.py", line 52, in parse
    return compile(source, filename, mode, flags,
           ^^^^^^^^^^^^^^^^^^^^^^^^^^^^^^^^^^^^^^
  File "<unknown>", line 2
    qtda_recebido =
                   ^
SyntaxError: invalid syntax
2025-08-18 19:31:36,109 cblogger [ERROR]: 		Error while extracting code complexity metrics: invalid syntax (<unknown>, line 3)
Traceback (most recent call last):
  File "/root/QuestionInsight/Etapa_1/codebench-mining-tool/util.py", line 551, in extract_complexity_metrics
    v = ComplexityVisitor.from_code(code)
        ^^^^^^^^^^^^^^^^^^^^^^^^^^^^^^^^^
  File "/root/QuestionInsight/.venv/lib/python3.12/site-packages/radon/visitors.py", line 133, in from_code
    return cls.from_ast(code2ast(code), **kwargs)
                        ^^^^^^^^^^^^^^
  File "/root/QuestionInsight/.venv/lib/python3.12/site-packages/radon/visitors.py", line 48, in code2ast
    return ast.parse(source)
           ^^^^^^^^^^^^^^^^^
  File "/usr/lib/python3.12/ast.py", line 52, in parse
    return compile(source, filename, mode, flags,
           ^^^^^^^^^^^^^^^^^^^^^^^^^^^^^^^^^^^^^^
  File "<unknown>", line 3
    if: 
      ^
SyntaxError: invalid syntax
2025-08-18 19:31:36,110 cblogger [ERROR]: 		Error while extracting halsted code metrics: invalid syntax (<unknown>, line 3)
Traceback (most recent call last):
  File "/root/QuestionInsight/Etapa_1/codebench-mining-tool/util.py", line 569, in extract_halstead_metrics
    h = h_visit(code)
        ^^^^^^^^^^^^^
  File "/root/QuestionInsight/.venv/lib/python3.12/site-packages/radon/metrics.py", line 29, in h_visit
    return h_visit_ast(ast.parse(code))
                       ^^^^^^^^^^^^^^^
  File "/usr/lib/python3.12/ast.py", line 52, in parse
    return compile(source, filename, mode, flags,
           ^^^^^^^^^^^^^^^^^^^^^^^^^^^^^^^^^^^^^^
  File "<unknown>", line 3
    if: 
      ^
SyntaxError: invalid syntax
2025-08-18 19:31:36,113 cblogger [ERROR]: 		Error while extracting code complexity metrics: unmatched ')' (<unknown>, line 3)
Traceback (most recent call last):
  File "/root/QuestionInsight/Etapa_1/codebench-mining-tool/util.py", line 551, in extract_complexity_metrics
    v = ComplexityVisitor.from_code(code)
        ^^^^^^^^^^^^^^^^^^^^^^^^^^^^^^^^^
  File "/root/QuestionInsight/.venv/lib/python3.12/site-packages/radon/visitors.py", line 133, in from_code
    return cls.from_ast(code2ast(code), **kwargs)
                        ^^^^^^^^^^^^^^
  File "/root/QuestionInsight/.venv/lib/python3.12/site-packages/radon/visitors.py", line 48, in code2ast
    return ast.parse(source)
           ^^^^^^^^^^^^^^^^^
  File "/usr/lib/python3.12/ast.py", line 52, in parse
    return compile(source, filename, mode, flags,
           ^^^^^^^^^^^^^^^^^^^^^^^^^^^^^^^^^^^^^^
  File "<unknown>", line 3
    for i in range(n,-1,-1)):
                           ^
SyntaxError: unmatched ')'
2025-08-18 19:31:36,113 cblogger [ERROR]: 		Error while extracting halsted code metrics: unmatched ')' (<unknown>, line 3)
Traceback (most recent call last):
  File "/root/QuestionInsight/Etapa_1/codebench-mining-tool/util.py", line 569, in extract_halstead_metrics
    h = h_visit(code)
        ^^^^^^^^^^^^^
  File "/root/QuestionInsight/.venv/lib/python3.12/site-packages/radon/metrics.py", line 29, in h_visit
    return h_visit_ast(ast.parse(code))
                       ^^^^^^^^^^^^^^^
  File "/usr/lib/python3.12/ast.py", line 52, in parse
    return compile(source, filename, mode, flags,
           ^^^^^^^^^^^^^^^^^^^^^^^^^^^^^^^^^^^^^^
  File "<unknown>", line 3
    for i in range(n,-1,-1)):
                           ^
SyntaxError: unmatched ')'
2025-08-18 19:31:36,117 cblogger [ERROR]: 		Error while extracting code complexity metrics: '(' was never closed (<unknown>, line 1)
Traceback (most recent call last):
  File "/root/QuestionInsight/Etapa_1/codebench-mining-tool/util.py", line 551, in extract_complexity_metrics
    v = ComplexityVisitor.from_code(code)
        ^^^^^^^^^^^^^^^^^^^^^^^^^^^^^^^^^
  File "/root/QuestionInsight/.venv/lib/python3.12/site-packages/radon/visitors.py", line 133, in from_code
    return cls.from_ast(code2ast(code), **kwargs)
                        ^^^^^^^^^^^^^^
  File "/root/QuestionInsight/.venv/lib/python3.12/site-packages/radon/visitors.py", line 48, in code2ast
    return ast.parse(source)
           ^^^^^^^^^^^^^^^^^
  File "/usr/lib/python3.12/ast.py", line 52, in parse
    return compile(source, filename, mode, flags,
           ^^^^^^^^^^^^^^^^^^^^^^^^^^^^^^^^^^^^^^
  File "<unknown>", line 1
    input(60*23
         ^
SyntaxError: '(' was never closed
2025-08-18 19:31:36,118 cblogger [ERROR]: 		Error while extracting code size based metrics: SyntaxError at line: 1
Traceback (most recent call last):
  File "/root/QuestionInsight/.venv/lib/python3.12/site-packages/radon/raw.py", line 210, in analyze
    tokens, parsed_lines = _get_all_tokens(line, lines)
                           ^^^^^^^^^^^^^^^^^^^^^^^^^^^^
  File "/root/QuestionInsight/.venv/lib/python3.12/site-packages/radon/raw.py", line 117, in _get_all_tokens
    next_line = next(lines)
                ^^^^^^^^^^^
StopIteration

During handling of the above exception, another exception occurred:

Traceback (most recent call last):
  File "/root/QuestionInsight/Etapa_1/codebench-mining-tool/util.py", line 560, in extract_size_metrics
    a = analyze(code)
        ^^^^^^^^^^^^^
  File "/root/QuestionInsight/.venv/lib/python3.12/site-packages/radon/raw.py", line 212, in analyze
    raise SyntaxError('SyntaxError at line: {0}'.format(lineno))
SyntaxError: SyntaxError at line: 1
2025-08-18 19:31:36,118 cblogger [ERROR]: 		Error while extracting halsted code metrics: '(' was never closed (<unknown>, line 1)
Traceback (most recent call last):
  File "/root/QuestionInsight/Etapa_1/codebench-mining-tool/util.py", line 569, in extract_halstead_metrics
    h = h_visit(code)
        ^^^^^^^^^^^^^
  File "/root/QuestionInsight/.venv/lib/python3.12/site-packages/radon/metrics.py", line 29, in h_visit
    return h_visit_ast(ast.parse(code))
                       ^^^^^^^^^^^^^^^
  File "/usr/lib/python3.12/ast.py", line 52, in parse
    return compile(source, filename, mode, flags,
           ^^^^^^^^^^^^^^^^^^^^^^^^^^^^^^^^^^^^^^
  File "<unknown>", line 1
    input(60*23
         ^
SyntaxError: '(' was never closed
2025-08-18 19:31:36,129 cblogger [ERROR]: 		Error while extracting code complexity metrics: invalid syntax (<unknown>, line 2)
Traceback (most recent call last):
  File "/root/QuestionInsight/Etapa_1/codebench-mining-tool/util.py", line 551, in extract_complexity_metrics
    v = ComplexityVisitor.from_code(code)
        ^^^^^^^^^^^^^^^^^^^^^^^^^^^^^^^^^
  File "/root/QuestionInsight/.venv/lib/python3.12/site-packages/radon/visitors.py", line 133, in from_code
    return cls.from_ast(code2ast(code), **kwargs)
                        ^^^^^^^^^^^^^^
  File "/root/QuestionInsight/.venv/lib/python3.12/site-packages/radon/visitors.py", line 48, in code2ast
    return ast.parse(source)
           ^^^^^^^^^^^^^^^^^
  File "/usr/lib/python3.12/ast.py", line 52, in parse
    return compile(source, filename, mode, flags,
           ^^^^^^^^^^^^^^^^^^^^^^^^^^^^^^^^^^^^^^
  File "<unknown>", line 2
    print(round(,2))
                ^
SyntaxError: invalid syntax
2025-08-18 19:31:36,129 cblogger [ERROR]: 		Error while extracting halsted code metrics: invalid syntax (<unknown>, line 2)
Traceback (most recent call last):
  File "/root/QuestionInsight/Etapa_1/codebench-mining-tool/util.py", line 569, in extract_halstead_metrics
    h = h_visit(code)
        ^^^^^^^^^^^^^
  File "/root/QuestionInsight/.venv/lib/python3.12/site-packages/radon/metrics.py", line 29, in h_visit
    return h_visit_ast(ast.parse(code))
                       ^^^^^^^^^^^^^^^
  File "/usr/lib/python3.12/ast.py", line 52, in parse
    return compile(source, filename, mode, flags,
           ^^^^^^^^^^^^^^^^^^^^^^^^^^^^^^^^^^^^^^
  File "<unknown>", line 2
    print(round(,2))
                ^
SyntaxError: invalid syntax
2025-08-18 19:31:36,135 cblogger [ERROR]: 		Error while extracting code complexity metrics: expected an indented block after 'while' statement on line 9 (<unknown>, line 10)
Traceback (most recent call last):
  File "/root/QuestionInsight/Etapa_1/codebench-mining-tool/util.py", line 551, in extract_complexity_metrics
    v = ComplexityVisitor.from_code(code)
        ^^^^^^^^^^^^^^^^^^^^^^^^^^^^^^^^^
  File "/root/QuestionInsight/.venv/lib/python3.12/site-packages/radon/visitors.py", line 133, in from_code
    return cls.from_ast(code2ast(code), **kwargs)
                        ^^^^^^^^^^^^^^
  File "/root/QuestionInsight/.venv/lib/python3.12/site-packages/radon/visitors.py", line 48, in code2ast
    return ast.parse(source)
           ^^^^^^^^^^^^^^^^^
  File "/usr/lib/python3.12/ast.py", line 52, in parse
    return compile(source, filename, mode, flags,
           ^^^^^^^^^^^^^^^^^^^^^^^^^^^^^^^^^^^^^^
  File "<unknown>", line 10
    soma = soma + n
IndentationError: expected an indented block after 'while' statement on line 9
2025-08-18 19:31:36,137 cblogger [ERROR]: 		Error while extracting halsted code metrics: expected an indented block after 'while' statement on line 9 (<unknown>, line 10)
Traceback (most recent call last):
  File "/root/QuestionInsight/Etapa_1/codebench-mining-tool/util.py", line 569, in extract_halstead_metrics
    h = h_visit(code)
        ^^^^^^^^^^^^^
  File "/root/QuestionInsight/.venv/lib/python3.12/site-packages/radon/metrics.py", line 29, in h_visit
    return h_visit_ast(ast.parse(code))
                       ^^^^^^^^^^^^^^^
  File "/usr/lib/python3.12/ast.py", line 52, in parse
    return compile(source, filename, mode, flags,
           ^^^^^^^^^^^^^^^^^^^^^^^^^^^^^^^^^^^^^^
  File "<unknown>", line 10
    soma = soma + n
IndentationError: expected an indented block after 'while' statement on line 9
2025-08-18 19:31:36,150 cblogger [ERROR]: 		Error while extracting code complexity metrics: expected ':' (<unknown>, line 7)
Traceback (most recent call last):
  File "/root/QuestionInsight/Etapa_1/codebench-mining-tool/util.py", line 551, in extract_complexity_metrics
    v = ComplexityVisitor.from_code(code)
        ^^^^^^^^^^^^^^^^^^^^^^^^^^^^^^^^^
  File "/root/QuestionInsight/.venv/lib/python3.12/site-packages/radon/visitors.py", line 133, in from_code
    return cls.from_ast(code2ast(code), **kwargs)
                        ^^^^^^^^^^^^^^
  File "/root/QuestionInsight/.venv/lib/python3.12/site-packages/radon/visitors.py", line 48, in code2ast
    return ast.parse(source)
           ^^^^^^^^^^^^^^^^^
  File "/usr/lib/python3.12/ast.py", line 52, in parse
    return compile(source, filename, mode, flags,
           ^^^^^^^^^^^^^^^^^^^^^^^^^^^^^^^^^^^^^^
  File "<unknown>", line 7
    if (num % 2 == 0)
                     ^
SyntaxError: expected ':'
2025-08-18 19:31:36,151 cblogger [ERROR]: 		Error while extracting halsted code metrics: expected ':' (<unknown>, line 7)
Traceback (most recent call last):
  File "/root/QuestionInsight/Etapa_1/codebench-mining-tool/util.py", line 569, in extract_halstead_metrics
    h = h_visit(code)
        ^^^^^^^^^^^^^
  File "/root/QuestionInsight/.venv/lib/python3.12/site-packages/radon/metrics.py", line 29, in h_visit
    return h_visit_ast(ast.parse(code))
                       ^^^^^^^^^^^^^^^
  File "/usr/lib/python3.12/ast.py", line 52, in parse
    return compile(source, filename, mode, flags,
           ^^^^^^^^^^^^^^^^^^^^^^^^^^^^^^^^^^^^^^
  File "<unknown>", line 7
    if (num % 2 == 0)
                     ^
SyntaxError: expected ':'
2025-08-18 19:31:36,248 cblogger [ERROR]: 		Error while extracting code complexity metrics: '(' was never closed (<unknown>, line 4)
Traceback (most recent call last):
  File "/root/QuestionInsight/Etapa_1/codebench-mining-tool/util.py", line 551, in extract_complexity_metrics
    v = ComplexityVisitor.from_code(code)
        ^^^^^^^^^^^^^^^^^^^^^^^^^^^^^^^^^
  File "/root/QuestionInsight/.venv/lib/python3.12/site-packages/radon/visitors.py", line 133, in from_code
    return cls.from_ast(code2ast(code), **kwargs)
                        ^^^^^^^^^^^^^^
  File "/root/QuestionInsight/.venv/lib/python3.12/site-packages/radon/visitors.py", line 48, in code2ast
    return ast.parse(source)
           ^^^^^^^^^^^^^^^^^
  File "/usr/lib/python3.12/ast.py", line 52, in parse
    return compile(source, filename, mode, flags,
           ^^^^^^^^^^^^^^^^^^^^^^^^^^^^^^^^^^^^^^
  File "<unknown>", line 4
    print(round((((a*a)+(b*b)+(c*c))/(a+b+c)),7)
         ^
SyntaxError: '(' was never closed
2025-08-18 19:31:36,248 cblogger [ERROR]: 		Error while extracting code size based metrics: SyntaxError at line: 4
Traceback (most recent call last):
  File "/root/QuestionInsight/.venv/lib/python3.12/site-packages/radon/raw.py", line 210, in analyze
    tokens, parsed_lines = _get_all_tokens(line, lines)
                           ^^^^^^^^^^^^^^^^^^^^^^^^^^^^
  File "/root/QuestionInsight/.venv/lib/python3.12/site-packages/radon/raw.py", line 117, in _get_all_tokens
    next_line = next(lines)
                ^^^^^^^^^^^
StopIteration

During handling of the above exception, another exception occurred:

Traceback (most recent call last):
  File "/root/QuestionInsight/Etapa_1/codebench-mining-tool/util.py", line 560, in extract_size_metrics
    a = analyze(code)
        ^^^^^^^^^^^^^
  File "/root/QuestionInsight/.venv/lib/python3.12/site-packages/radon/raw.py", line 212, in analyze
    raise SyntaxError('SyntaxError at line: {0}'.format(lineno))
SyntaxError: SyntaxError at line: 4
2025-08-18 19:31:36,249 cblogger [ERROR]: 		Error while extracting halsted code metrics: '(' was never closed (<unknown>, line 4)
Traceback (most recent call last):
  File "/root/QuestionInsight/Etapa_1/codebench-mining-tool/util.py", line 569, in extract_halstead_metrics
    h = h_visit(code)
        ^^^^^^^^^^^^^
  File "/root/QuestionInsight/.venv/lib/python3.12/site-packages/radon/metrics.py", line 29, in h_visit
    return h_visit_ast(ast.parse(code))
                       ^^^^^^^^^^^^^^^
  File "/usr/lib/python3.12/ast.py", line 52, in parse
    return compile(source, filename, mode, flags,
           ^^^^^^^^^^^^^^^^^^^^^^^^^^^^^^^^^^^^^^
  File "<unknown>", line 4
    print(round((((a*a)+(b*b)+(c*c))/(a+b+c)),7)
         ^
SyntaxError: '(' was never closed
2025-08-18 19:31:36,285 cblogger [ERROR]: 		Error while extracting code complexity metrics: '(' was never closed (<unknown>, line 12)
Traceback (most recent call last):
  File "/root/QuestionInsight/Etapa_1/codebench-mining-tool/util.py", line 551, in extract_complexity_metrics
    v = ComplexityVisitor.from_code(code)
        ^^^^^^^^^^^^^^^^^^^^^^^^^^^^^^^^^
  File "/root/QuestionInsight/.venv/lib/python3.12/site-packages/radon/visitors.py", line 133, in from_code
    return cls.from_ast(code2ast(code), **kwargs)
                        ^^^^^^^^^^^^^^
  File "/root/QuestionInsight/.venv/lib/python3.12/site-packages/radon/visitors.py", line 48, in code2ast
    return ast.parse(source)
           ^^^^^^^^^^^^^^^^^
  File "/usr/lib/python3.12/ast.py", line 52, in parse
    return compile(source, filename, mode, flags,
           ^^^^^^^^^^^^^^^^^^^^^^^^^^^^^^^^^^^^^^
  File "<unknown>", line 12
    h = float(input("Digite o nivel de combustivel: ")
             ^
SyntaxError: '(' was never closed
2025-08-18 19:31:36,287 cblogger [ERROR]: 		Error while extracting code size based metrics: SyntaxError at line: 12
Traceback (most recent call last):
  File "/root/QuestionInsight/.venv/lib/python3.12/site-packages/radon/raw.py", line 210, in analyze
    tokens, parsed_lines = _get_all_tokens(line, lines)
                           ^^^^^^^^^^^^^^^^^^^^^^^^^^^^
  File "/root/QuestionInsight/.venv/lib/python3.12/site-packages/radon/raw.py", line 117, in _get_all_tokens
    next_line = next(lines)
                ^^^^^^^^^^^
StopIteration

During handling of the above exception, another exception occurred:

Traceback (most recent call last):
  File "/root/QuestionInsight/Etapa_1/codebench-mining-tool/util.py", line 560, in extract_size_metrics
    a = analyze(code)
        ^^^^^^^^^^^^^
  File "/root/QuestionInsight/.venv/lib/python3.12/site-packages/radon/raw.py", line 212, in analyze
    raise SyntaxError('SyntaxError at line: {0}'.format(lineno))
SyntaxError: SyntaxError at line: 12
2025-08-18 19:31:36,287 cblogger [ERROR]: 		Error while extracting halsted code metrics: '(' was never closed (<unknown>, line 12)
Traceback (most recent call last):
  File "/root/QuestionInsight/Etapa_1/codebench-mining-tool/util.py", line 569, in extract_halstead_metrics
    h = h_visit(code)
        ^^^^^^^^^^^^^
  File "/root/QuestionInsight/.venv/lib/python3.12/site-packages/radon/metrics.py", line 29, in h_visit
    return h_visit_ast(ast.parse(code))
                       ^^^^^^^^^^^^^^^
  File "/usr/lib/python3.12/ast.py", line 52, in parse
    return compile(source, filename, mode, flags,
           ^^^^^^^^^^^^^^^^^^^^^^^^^^^^^^^^^^^^^^
  File "<unknown>", line 12
    h = float(input("Digite o nivel de combustivel: ")
             ^
SyntaxError: '(' was never closed
2025-08-18 19:31:36,324 cblogger [ERROR]: 		Error while extracting code complexity metrics: '(' was never closed (<unknown>, line 6)
Traceback (most recent call last):
  File "/root/QuestionInsight/Etapa_1/codebench-mining-tool/util.py", line 551, in extract_complexity_metrics
    v = ComplexityVisitor.from_code(code)
        ^^^^^^^^^^^^^^^^^^^^^^^^^^^^^^^^^
  File "/root/QuestionInsight/.venv/lib/python3.12/site-packages/radon/visitors.py", line 133, in from_code
    return cls.from_ast(code2ast(code), **kwargs)
                        ^^^^^^^^^^^^^^
  File "/root/QuestionInsight/.venv/lib/python3.12/site-packages/radon/visitors.py", line 48, in code2ast
    return ast.parse(source)
           ^^^^^^^^^^^^^^^^^
  File "/usr/lib/python3.12/ast.py", line 52, in parse
    return compile(source, filename, mode, flags,
           ^^^^^^^^^^^^^^^^^^^^^^^^^^^^^^^^^^^^^^
  File "<unknown>", line 6
    h = float(input("Digite o nivel de combustivel: ")
             ^
SyntaxError: '(' was never closed
2025-08-18 19:31:36,328 cblogger [ERROR]: 		Error while extracting code size based metrics: SyntaxError at line: 6
Traceback (most recent call last):
  File "/root/QuestionInsight/.venv/lib/python3.12/site-packages/radon/raw.py", line 210, in analyze
    tokens, parsed_lines = _get_all_tokens(line, lines)
                           ^^^^^^^^^^^^^^^^^^^^^^^^^^^^
  File "/root/QuestionInsight/.venv/lib/python3.12/site-packages/radon/raw.py", line 117, in _get_all_tokens
    next_line = next(lines)
                ^^^^^^^^^^^
StopIteration

During handling of the above exception, another exception occurred:

Traceback (most recent call last):
  File "/root/QuestionInsight/Etapa_1/codebench-mining-tool/util.py", line 560, in extract_size_metrics
    a = analyze(code)
        ^^^^^^^^^^^^^
  File "/root/QuestionInsight/.venv/lib/python3.12/site-packages/radon/raw.py", line 212, in analyze
    raise SyntaxError('SyntaxError at line: {0}'.format(lineno))
SyntaxError: SyntaxError at line: 6
2025-08-18 19:31:36,329 cblogger [ERROR]: 		Error while extracting halsted code metrics: '(' was never closed (<unknown>, line 6)
Traceback (most recent call last):
  File "/root/QuestionInsight/Etapa_1/codebench-mining-tool/util.py", line 569, in extract_halstead_metrics
    h = h_visit(code)
        ^^^^^^^^^^^^^
  File "/root/QuestionInsight/.venv/lib/python3.12/site-packages/radon/metrics.py", line 29, in h_visit
    return h_visit_ast(ast.parse(code))
                       ^^^^^^^^^^^^^^^
  File "/usr/lib/python3.12/ast.py", line 52, in parse
    return compile(source, filename, mode, flags,
           ^^^^^^^^^^^^^^^^^^^^^^^^^^^^^^^^^^^^^^
  File "<unknown>", line 6
    h = float(input("Digite o nivel de combustivel: ")
             ^
SyntaxError: '(' was never closed
2025-08-18 19:31:36,507 cblogger [ERROR]: 		Error while extracting code complexity metrics: invalid syntax (<unknown>, line 3)
Traceback (most recent call last):
  File "/root/QuestionInsight/Etapa_1/codebench-mining-tool/util.py", line 551, in extract_complexity_metrics
    v = ComplexityVisitor.from_code(code)
        ^^^^^^^^^^^^^^^^^^^^^^^^^^^^^^^^^
  File "/root/QuestionInsight/.venv/lib/python3.12/site-packages/radon/visitors.py", line 133, in from_code
    return cls.from_ast(code2ast(code), **kwargs)
                        ^^^^^^^^^^^^^^
  File "/root/QuestionInsight/.venv/lib/python3.12/site-packages/radon/visitors.py", line 48, in code2ast
    return ast.parse(source)
           ^^^^^^^^^^^^^^^^^
  File "/usr/lib/python3.12/ast.py", line 52, in parse
    return compile(source, filename, mode, flags,
           ^^^^^^^^^^^^^^^^^^^^^^^^^^^^^^^^^^^^^^
  File "<unknown>", line 3
    partidas =  
                ^
SyntaxError: invalid syntax
2025-08-18 19:31:36,507 cblogger [ERROR]: 		Error while extracting halsted code metrics: invalid syntax (<unknown>, line 3)
Traceback (most recent call last):
  File "/root/QuestionInsight/Etapa_1/codebench-mining-tool/util.py", line 569, in extract_halstead_metrics
    h = h_visit(code)
        ^^^^^^^^^^^^^
  File "/root/QuestionInsight/.venv/lib/python3.12/site-packages/radon/metrics.py", line 29, in h_visit
    return h_visit_ast(ast.parse(code))
                       ^^^^^^^^^^^^^^^
  File "/usr/lib/python3.12/ast.py", line 52, in parse
    return compile(source, filename, mode, flags,
           ^^^^^^^^^^^^^^^^^^^^^^^^^^^^^^^^^^^^^^
  File "<unknown>", line 3
    partidas =  
                ^
SyntaxError: invalid syntax
2025-08-18 19:31:37,041 cblogger [ERROR]: 		Error while extracting code complexity metrics: '(' was never closed (<unknown>, line 6)
Traceback (most recent call last):
  File "/root/QuestionInsight/Etapa_1/codebench-mining-tool/util.py", line 551, in extract_complexity_metrics
    v = ComplexityVisitor.from_code(code)
        ^^^^^^^^^^^^^^^^^^^^^^^^^^^^^^^^^
  File "/root/QuestionInsight/.venv/lib/python3.12/site-packages/radon/visitors.py", line 133, in from_code
    return cls.from_ast(code2ast(code), **kwargs)
                        ^^^^^^^^^^^^^^
  File "/root/QuestionInsight/.venv/lib/python3.12/site-packages/radon/visitors.py", line 48, in code2ast
    return ast.parse(source)
           ^^^^^^^^^^^^^^^^^
  File "/usr/lib/python3.12/ast.py", line 52, in parse
    return compile(source, filename, mode, flags,
           ^^^^^^^^^^^^^^^^^^^^^^^^^^^^^^^^^^^^^^
  File "<unknown>", line 6
    	if(num==
    	  ^
SyntaxError: '(' was never closed
2025-08-18 19:31:37,042 cblogger [ERROR]: 		Error while extracting code size based metrics: SyntaxError at line: 6
Traceback (most recent call last):
  File "/root/QuestionInsight/.venv/lib/python3.12/site-packages/radon/raw.py", line 210, in analyze
    tokens, parsed_lines = _get_all_tokens(line, lines)
                           ^^^^^^^^^^^^^^^^^^^^^^^^^^^^
  File "/root/QuestionInsight/.venv/lib/python3.12/site-packages/radon/raw.py", line 117, in _get_all_tokens
    next_line = next(lines)
                ^^^^^^^^^^^
StopIteration

During handling of the above exception, another exception occurred:

Traceback (most recent call last):
  File "/root/QuestionInsight/Etapa_1/codebench-mining-tool/util.py", line 560, in extract_size_metrics
    a = analyze(code)
        ^^^^^^^^^^^^^
  File "/root/QuestionInsight/.venv/lib/python3.12/site-packages/radon/raw.py", line 212, in analyze
    raise SyntaxError('SyntaxError at line: {0}'.format(lineno))
SyntaxError: SyntaxError at line: 6
2025-08-18 19:31:37,042 cblogger [ERROR]: 		Error while extracting halsted code metrics: '(' was never closed (<unknown>, line 6)
Traceback (most recent call last):
  File "/root/QuestionInsight/Etapa_1/codebench-mining-tool/util.py", line 569, in extract_halstead_metrics
    h = h_visit(code)
        ^^^^^^^^^^^^^
  File "/root/QuestionInsight/.venv/lib/python3.12/site-packages/radon/metrics.py", line 29, in h_visit
    return h_visit_ast(ast.parse(code))
                       ^^^^^^^^^^^^^^^
  File "/usr/lib/python3.12/ast.py", line 52, in parse
    return compile(source, filename, mode, flags,
           ^^^^^^^^^^^^^^^^^^^^^^^^^^^^^^^^^^^^^^
  File "<unknown>", line 6
    	if(num==
    	  ^
SyntaxError: '(' was never closed
2025-08-18 19:31:37,193 cblogger [ERROR]: 		Error while extracting code complexity metrics: invalid non-printable character U+00A0 (<unknown>, line 12)
Traceback (most recent call last):
  File "/root/QuestionInsight/Etapa_1/codebench-mining-tool/util.py", line 551, in extract_complexity_metrics
    v = ComplexityVisitor.from_code(code)
        ^^^^^^^^^^^^^^^^^^^^^^^^^^^^^^^^^
  File "/root/QuestionInsight/.venv/lib/python3.12/site-packages/radon/visitors.py", line 133, in from_code
    return cls.from_ast(code2ast(code), **kwargs)
                        ^^^^^^^^^^^^^^
  File "/root/QuestionInsight/.venv/lib/python3.12/site-packages/radon/visitors.py", line 48, in code2ast
    return ast.parse(source)
           ^^^^^^^^^^^^^^^^^
  File "/usr/lib/python3.12/ast.py", line 52, in parse
    return compile(source, filename, mode, flags,
           ^^^^^^^^^^^^^^^^^^^^^^^^^^^^^^^^^^^^^^
  File "<unknown>", line 12
    print(round(porc, 2))
                     ^
SyntaxError: invalid non-printable character U+00A0
2025-08-18 19:31:37,197 cblogger [ERROR]: 		Error while extracting halsted code metrics: invalid non-printable character U+00A0 (<unknown>, line 12)
Traceback (most recent call last):
  File "/root/QuestionInsight/Etapa_1/codebench-mining-tool/util.py", line 569, in extract_halstead_metrics
    h = h_visit(code)
        ^^^^^^^^^^^^^
  File "/root/QuestionInsight/.venv/lib/python3.12/site-packages/radon/metrics.py", line 29, in h_visit
    return h_visit_ast(ast.parse(code))
                       ^^^^^^^^^^^^^^^
  File "/usr/lib/python3.12/ast.py", line 52, in parse
    return compile(source, filename, mode, flags,
           ^^^^^^^^^^^^^^^^^^^^^^^^^^^^^^^^^^^^^^
  File "<unknown>", line 12
    print(round(porc, 2))
                     ^
SyntaxError: invalid non-printable character U+00A0
2025-08-18 19:31:37,326 cblogger [ERROR]: 		Error while extracting code complexity metrics: unindent does not match any outer indentation level (<unknown>, line 8)
Traceback (most recent call last):
  File "/root/QuestionInsight/Etapa_1/codebench-mining-tool/util.py", line 551, in extract_complexity_metrics
    v = ComplexityVisitor.from_code(code)
        ^^^^^^^^^^^^^^^^^^^^^^^^^^^^^^^^^
  File "/root/QuestionInsight/.venv/lib/python3.12/site-packages/radon/visitors.py", line 133, in from_code
    return cls.from_ast(code2ast(code), **kwargs)
                        ^^^^^^^^^^^^^^
  File "/root/QuestionInsight/.venv/lib/python3.12/site-packages/radon/visitors.py", line 48, in code2ast
    return ast.parse(source)
           ^^^^^^^^^^^^^^^^^
  File "/usr/lib/python3.12/ast.py", line 52, in parse
    return compile(source, filename, mode, flags,
           ^^^^^^^^^^^^^^^^^^^^^^^^^^^^^^^^^^^^^^
  File "<unknown>", line 8
    if(divisor==1):
                   ^
IndentationError: unindent does not match any outer indentation level
2025-08-18 19:31:37,327 cblogger [ERROR]: 		Error while extracting halsted code metrics: unindent does not match any outer indentation level (<unknown>, line 8)
Traceback (most recent call last):
  File "/root/QuestionInsight/Etapa_1/codebench-mining-tool/util.py", line 569, in extract_halstead_metrics
    h = h_visit(code)
        ^^^^^^^^^^^^^
  File "/root/QuestionInsight/.venv/lib/python3.12/site-packages/radon/metrics.py", line 29, in h_visit
    return h_visit_ast(ast.parse(code))
                       ^^^^^^^^^^^^^^^
  File "/usr/lib/python3.12/ast.py", line 52, in parse
    return compile(source, filename, mode, flags,
           ^^^^^^^^^^^^^^^^^^^^^^^^^^^^^^^^^^^^^^
  File "<unknown>", line 8
    if(divisor==1):
                   ^
IndentationError: unindent does not match any outer indentation level
2025-08-18 19:31:37,360 cblogger [ERROR]: 		Error while extracting code complexity metrics: invalid syntax (<unknown>, line 6)
Traceback (most recent call last):
  File "/root/QuestionInsight/Etapa_1/codebench-mining-tool/util.py", line 551, in extract_complexity_metrics
    v = ComplexityVisitor.from_code(code)
        ^^^^^^^^^^^^^^^^^^^^^^^^^^^^^^^^^
  File "/root/QuestionInsight/.venv/lib/python3.12/site-packages/radon/visitors.py", line 133, in from_code
    return cls.from_ast(code2ast(code), **kwargs)
                        ^^^^^^^^^^^^^^
  File "/root/QuestionInsight/.venv/lib/python3.12/site-packages/radon/visitors.py", line 48, in code2ast
    return ast.parse(source)
           ^^^^^^^^^^^^^^^^^
  File "/usr/lib/python3.12/ast.py", line 52, in parse
    return compile(source, filename, mode, flags,
           ^^^^^^^^^^^^^^^^^^^^^^^^^^^^^^^^^^^^^^
  File "<unknown>", line 6
    	if(b!=a+1 and d!=c+):
    	                   ^
SyntaxError: invalid syntax
2025-08-18 19:31:37,363 cblogger [ERROR]: 		Error while extracting halsted code metrics: invalid syntax (<unknown>, line 6)
Traceback (most recent call last):
  File "/root/QuestionInsight/Etapa_1/codebench-mining-tool/util.py", line 569, in extract_halstead_metrics
    h = h_visit(code)
        ^^^^^^^^^^^^^
  File "/root/QuestionInsight/.venv/lib/python3.12/site-packages/radon/metrics.py", line 29, in h_visit
    return h_visit_ast(ast.parse(code))
                       ^^^^^^^^^^^^^^^
  File "/usr/lib/python3.12/ast.py", line 52, in parse
    return compile(source, filename, mode, flags,
           ^^^^^^^^^^^^^^^^^^^^^^^^^^^^^^^^^^^^^^
  File "<unknown>", line 6
    	if(b!=a+1 and d!=c+):
    	                   ^
SyntaxError: invalid syntax
2025-08-18 19:31:37,486 cblogger [ERROR]: 		Error while extracting code complexity metrics: invalid syntax (<unknown>, line 3)
Traceback (most recent call last):
  File "/root/QuestionInsight/Etapa_1/codebench-mining-tool/util.py", line 551, in extract_complexity_metrics
    v = ComplexityVisitor.from_code(code)
        ^^^^^^^^^^^^^^^^^^^^^^^^^^^^^^^^^
  File "/root/QuestionInsight/.venv/lib/python3.12/site-packages/radon/visitors.py", line 133, in from_code
    return cls.from_ast(code2ast(code), **kwargs)
                        ^^^^^^^^^^^^^^
  File "/root/QuestionInsight/.venv/lib/python3.12/site-packages/radon/visitors.py", line 48, in code2ast
    return ast.parse(source)
           ^^^^^^^^^^^^^^^^^
  File "/usr/lib/python3.12/ast.py", line 52, in parse
    return compile(source, filename, mode, flags,
           ^^^^^^^^^^^^^^^^^^^^^^^^^^^^^^^^^^^^^^
  File "<unknown>", line 3
    i=
      ^
SyntaxError: invalid syntax
2025-08-18 19:31:37,490 cblogger [ERROR]: 		Error while extracting halsted code metrics: invalid syntax (<unknown>, line 3)
Traceback (most recent call last):
  File "/root/QuestionInsight/Etapa_1/codebench-mining-tool/util.py", line 569, in extract_halstead_metrics
    h = h_visit(code)
        ^^^^^^^^^^^^^
  File "/root/QuestionInsight/.venv/lib/python3.12/site-packages/radon/metrics.py", line 29, in h_visit
    return h_visit_ast(ast.parse(code))
                       ^^^^^^^^^^^^^^^
  File "/usr/lib/python3.12/ast.py", line 52, in parse
    return compile(source, filename, mode, flags,
           ^^^^^^^^^^^^^^^^^^^^^^^^^^^^^^^^^^^^^^
  File "<unknown>", line 3
    i=
      ^
SyntaxError: invalid syntax
2025-08-18 19:31:37,494 cblogger [ERROR]: 		Error while extracting code complexity metrics: expected ':' (<unknown>, line 5)
Traceback (most recent call last):
  File "/root/QuestionInsight/Etapa_1/codebench-mining-tool/util.py", line 551, in extract_complexity_metrics
    v = ComplexityVisitor.from_code(code)
        ^^^^^^^^^^^^^^^^^^^^^^^^^^^^^^^^^
  File "/root/QuestionInsight/.venv/lib/python3.12/site-packages/radon/visitors.py", line 133, in from_code
    return cls.from_ast(code2ast(code), **kwargs)
                        ^^^^^^^^^^^^^^
  File "/root/QuestionInsight/.venv/lib/python3.12/site-packages/radon/visitors.py", line 48, in code2ast
    return ast.parse(source)
           ^^^^^^^^^^^^^^^^^
  File "/usr/lib/python3.12/ast.py", line 52, in parse
    return compile(source, filename, mode, flags,
           ^^^^^^^^^^^^^^^^^^^^^^^^^^^^^^^^^^^^^^
  File "<unknown>", line 5
    for i in range(size)
                        ^
SyntaxError: expected ':'
2025-08-18 19:31:37,495 cblogger [ERROR]: 		Error while extracting halsted code metrics: expected ':' (<unknown>, line 5)
Traceback (most recent call last):
  File "/root/QuestionInsight/Etapa_1/codebench-mining-tool/util.py", line 569, in extract_halstead_metrics
    h = h_visit(code)
        ^^^^^^^^^^^^^
  File "/root/QuestionInsight/.venv/lib/python3.12/site-packages/radon/metrics.py", line 29, in h_visit
    return h_visit_ast(ast.parse(code))
                       ^^^^^^^^^^^^^^^
  File "/usr/lib/python3.12/ast.py", line 52, in parse
    return compile(source, filename, mode, flags,
           ^^^^^^^^^^^^^^^^^^^^^^^^^^^^^^^^^^^^^^
  File "<unknown>", line 5
    for i in range(size)
                        ^
SyntaxError: expected ':'
2025-08-18 19:31:37,510 cblogger [ERROR]: 		Error while extracting code complexity metrics: invalid syntax (<unknown>, line 9)
Traceback (most recent call last):
  File "/root/QuestionInsight/Etapa_1/codebench-mining-tool/util.py", line 551, in extract_complexity_metrics
    v = ComplexityVisitor.from_code(code)
        ^^^^^^^^^^^^^^^^^^^^^^^^^^^^^^^^^
  File "/root/QuestionInsight/.venv/lib/python3.12/site-packages/radon/visitors.py", line 133, in from_code
    return cls.from_ast(code2ast(code), **kwargs)
                        ^^^^^^^^^^^^^^
  File "/root/QuestionInsight/.venv/lib/python3.12/site-packages/radon/visitors.py", line 48, in code2ast
    return ast.parse(source)
           ^^^^^^^^^^^^^^^^^
  File "/usr/lib/python3.12/ast.py", line 52, in parse
    return compile(source, filename, mode, flags,
           ^^^^^^^^^^^^^^^^^^^^^^^^^^^^^^^^^^^^^^
  File "<unknown>", line 9
    	elif n >=20 and n<40:
    	^^^^
SyntaxError: invalid syntax
2025-08-18 19:31:37,511 cblogger [ERROR]: 		Error while extracting halsted code metrics: invalid syntax (<unknown>, line 9)
Traceback (most recent call last):
  File "/root/QuestionInsight/Etapa_1/codebench-mining-tool/util.py", line 569, in extract_halstead_metrics
    h = h_visit(code)
        ^^^^^^^^^^^^^
  File "/root/QuestionInsight/.venv/lib/python3.12/site-packages/radon/metrics.py", line 29, in h_visit
    return h_visit_ast(ast.parse(code))
                       ^^^^^^^^^^^^^^^
  File "/usr/lib/python3.12/ast.py", line 52, in parse
    return compile(source, filename, mode, flags,
           ^^^^^^^^^^^^^^^^^^^^^^^^^^^^^^^^^^^^^^
  File "<unknown>", line 9
    	elif n >=20 and n<40:
    	^^^^
SyntaxError: invalid syntax
2025-08-18 19:31:37,714 cblogger [ERROR]: 		Error while extracting code complexity metrics: invalid syntax (<unknown>, line 13)
Traceback (most recent call last):
  File "/root/QuestionInsight/Etapa_1/codebench-mining-tool/util.py", line 551, in extract_complexity_metrics
    v = ComplexityVisitor.from_code(code)
        ^^^^^^^^^^^^^^^^^^^^^^^^^^^^^^^^^
  File "/root/QuestionInsight/.venv/lib/python3.12/site-packages/radon/visitors.py", line 133, in from_code
    return cls.from_ast(code2ast(code), **kwargs)
                        ^^^^^^^^^^^^^^
  File "/root/QuestionInsight/.venv/lib/python3.12/site-packages/radon/visitors.py", line 48, in code2ast
    return ast.parse(source)
           ^^^^^^^^^^^^^^^^^
  File "/usr/lib/python3.12/ast.py", line 52, in parse
    return compile(source, filename, mode, flags,
           ^^^^^^^^^^^^^^^^^^^^^^^^^^^^^^^^^^^^^^
  File "<unknown>", line 13
    total = 
            ^
SyntaxError: invalid syntax
2025-08-18 19:31:37,715 cblogger [ERROR]: 		Error while extracting halsted code metrics: invalid syntax (<unknown>, line 13)
Traceback (most recent call last):
  File "/root/QuestionInsight/Etapa_1/codebench-mining-tool/util.py", line 569, in extract_halstead_metrics
    h = h_visit(code)
        ^^^^^^^^^^^^^
  File "/root/QuestionInsight/.venv/lib/python3.12/site-packages/radon/metrics.py", line 29, in h_visit
    return h_visit_ast(ast.parse(code))
                       ^^^^^^^^^^^^^^^
  File "/usr/lib/python3.12/ast.py", line 52, in parse
    return compile(source, filename, mode, flags,
           ^^^^^^^^^^^^^^^^^^^^^^^^^^^^^^^^^^^^^^
  File "<unknown>", line 13
    total = 
            ^
SyntaxError: invalid syntax
2025-08-18 19:31:37,770 cblogger [ERROR]: 		Error while extracting code complexity metrics: invalid syntax (<unknown>, line 2)
Traceback (most recent call last):
  File "/root/QuestionInsight/Etapa_1/codebench-mining-tool/util.py", line 551, in extract_complexity_metrics
    v = ComplexityVisitor.from_code(code)
        ^^^^^^^^^^^^^^^^^^^^^^^^^^^^^^^^^
  File "/root/QuestionInsight/.venv/lib/python3.12/site-packages/radon/visitors.py", line 133, in from_code
    return cls.from_ast(code2ast(code), **kwargs)
                        ^^^^^^^^^^^^^^
  File "/root/QuestionInsight/.venv/lib/python3.12/site-packages/radon/visitors.py", line 48, in code2ast
    return ast.parse(source)
           ^^^^^^^^^^^^^^^^^
  File "/usr/lib/python3.12/ast.py", line 52, in parse
    return compile(source, filename, mode, flags,
           ^^^^^^^^^^^^^^^^^^^^^^^^^^^^^^^^^^^^^^
  File "<unknown>", line 2
    secrt=
          ^
SyntaxError: invalid syntax
2025-08-18 19:31:37,772 cblogger [ERROR]: 		Error while extracting halsted code metrics: invalid syntax (<unknown>, line 2)
Traceback (most recent call last):
  File "/root/QuestionInsight/Etapa_1/codebench-mining-tool/util.py", line 569, in extract_halstead_metrics
    h = h_visit(code)
        ^^^^^^^^^^^^^
  File "/root/QuestionInsight/.venv/lib/python3.12/site-packages/radon/metrics.py", line 29, in h_visit
    return h_visit_ast(ast.parse(code))
                       ^^^^^^^^^^^^^^^
  File "/usr/lib/python3.12/ast.py", line 52, in parse
    return compile(source, filename, mode, flags,
           ^^^^^^^^^^^^^^^^^^^^^^^^^^^^^^^^^^^^^^
  File "<unknown>", line 2
    secrt=
          ^
SyntaxError: invalid syntax
2025-08-18 19:31:37,796 cblogger [ERROR]: 		Error while extracting code complexity metrics: invalid syntax (<unknown>, line 6)
Traceback (most recent call last):
  File "/root/QuestionInsight/Etapa_1/codebench-mining-tool/util.py", line 551, in extract_complexity_metrics
    v = ComplexityVisitor.from_code(code)
        ^^^^^^^^^^^^^^^^^^^^^^^^^^^^^^^^^
  File "/root/QuestionInsight/.venv/lib/python3.12/site-packages/radon/visitors.py", line 133, in from_code
    return cls.from_ast(code2ast(code), **kwargs)
                        ^^^^^^^^^^^^^^
  File "/root/QuestionInsight/.venv/lib/python3.12/site-packages/radon/visitors.py", line 48, in code2ast
    return ast.parse(source)
           ^^^^^^^^^^^^^^^^^
  File "/usr/lib/python3.12/ast.py", line 52, in parse
    return compile(source, filename, mode, flags,
           ^^^^^^^^^^^^^^^^^^^^^^^^^^^^^^^^^^^^^^
  File "<unknown>", line 6
    while numr <=:
                 ^
SyntaxError: invalid syntax
2025-08-18 19:31:37,798 cblogger [ERROR]: 		Error while extracting halsted code metrics: invalid syntax (<unknown>, line 6)
Traceback (most recent call last):
  File "/root/QuestionInsight/Etapa_1/codebench-mining-tool/util.py", line 569, in extract_halstead_metrics
    h = h_visit(code)
        ^^^^^^^^^^^^^
  File "/root/QuestionInsight/.venv/lib/python3.12/site-packages/radon/metrics.py", line 29, in h_visit
    return h_visit_ast(ast.parse(code))
                       ^^^^^^^^^^^^^^^
  File "/usr/lib/python3.12/ast.py", line 52, in parse
    return compile(source, filename, mode, flags,
           ^^^^^^^^^^^^^^^^^^^^^^^^^^^^^^^^^^^^^^
  File "<unknown>", line 6
    while numr <=:
                 ^
SyntaxError: invalid syntax
2025-08-18 19:31:38,126 cblogger [ERROR]: 		Error while extracting code complexity metrics: unindent does not match any outer indentation level (<unknown>, line 5)
Traceback (most recent call last):
  File "/root/QuestionInsight/Etapa_1/codebench-mining-tool/util.py", line 551, in extract_complexity_metrics
    v = ComplexityVisitor.from_code(code)
        ^^^^^^^^^^^^^^^^^^^^^^^^^^^^^^^^^
  File "/root/QuestionInsight/.venv/lib/python3.12/site-packages/radon/visitors.py", line 133, in from_code
    return cls.from_ast(code2ast(code), **kwargs)
                        ^^^^^^^^^^^^^^
  File "/root/QuestionInsight/.venv/lib/python3.12/site-packages/radon/visitors.py", line 48, in code2ast
    return ast.parse(source)
           ^^^^^^^^^^^^^^^^^
  File "/usr/lib/python3.12/ast.py", line 52, in parse
    return compile(source, filename, mode, flags,
           ^^^^^^^^^^^^^^^^^^^^^^^^^^^^^^^^^^^^^^
  File "<unknown>", line 5
    Custo = 6.00
                ^
IndentationError: unindent does not match any outer indentation level
2025-08-18 19:31:38,126 cblogger [ERROR]: 		Error while extracting code size based metrics: SyntaxError at line: 17
Traceback (most recent call last):
  File "/root/QuestionInsight/.venv/lib/python3.12/site-packages/radon/raw.py", line 210, in analyze
    tokens, parsed_lines = _get_all_tokens(line, lines)
                           ^^^^^^^^^^^^^^^^^^^^^^^^^^^^
  File "/root/QuestionInsight/.venv/lib/python3.12/site-packages/radon/raw.py", line 117, in _get_all_tokens
    next_line = next(lines)
                ^^^^^^^^^^^
StopIteration

During handling of the above exception, another exception occurred:

Traceback (most recent call last):
  File "/root/QuestionInsight/Etapa_1/codebench-mining-tool/util.py", line 560, in extract_size_metrics
    a = analyze(code)
        ^^^^^^^^^^^^^
  File "/root/QuestionInsight/.venv/lib/python3.12/site-packages/radon/raw.py", line 212, in analyze
    raise SyntaxError('SyntaxError at line: {0}'.format(lineno))
SyntaxError: SyntaxError at line: 17
2025-08-18 19:31:38,127 cblogger [ERROR]: 		Error while extracting halsted code metrics: unindent does not match any outer indentation level (<unknown>, line 5)
Traceback (most recent call last):
  File "/root/QuestionInsight/Etapa_1/codebench-mining-tool/util.py", line 569, in extract_halstead_metrics
    h = h_visit(code)
        ^^^^^^^^^^^^^
  File "/root/QuestionInsight/.venv/lib/python3.12/site-packages/radon/metrics.py", line 29, in h_visit
    return h_visit_ast(ast.parse(code))
                       ^^^^^^^^^^^^^^^
  File "/usr/lib/python3.12/ast.py", line 52, in parse
    return compile(source, filename, mode, flags,
           ^^^^^^^^^^^^^^^^^^^^^^^^^^^^^^^^^^^^^^
  File "<unknown>", line 5
    Custo = 6.00
                ^
IndentationError: unindent does not match any outer indentation level
2025-08-18 19:31:38,141 cblogger [ERROR]: 		Error while extracting code complexity metrics: invalid syntax. Maybe you meant '==' or ':=' instead of '='? (<unknown>, line 6)
Traceback (most recent call last):
  File "/root/QuestionInsight/Etapa_1/codebench-mining-tool/util.py", line 551, in extract_complexity_metrics
    v = ComplexityVisitor.from_code(code)
        ^^^^^^^^^^^^^^^^^^^^^^^^^^^^^^^^^
  File "/root/QuestionInsight/.venv/lib/python3.12/site-packages/radon/visitors.py", line 133, in from_code
    return cls.from_ast(code2ast(code), **kwargs)
                        ^^^^^^^^^^^^^^
  File "/root/QuestionInsight/.venv/lib/python3.12/site-packages/radon/visitors.py", line 48, in code2ast
    return ast.parse(source)
           ^^^^^^^^^^^^^^^^^
  File "/usr/lib/python3.12/ast.py", line 52, in parse
    return compile(source, filename, mode, flags,
           ^^^^^^^^^^^^^^^^^^^^^^^^^^^^^^^^^^^^^^
  File "<unknown>", line 6
    if bolsal = "B"
       ^^^^^^^^^^^^
SyntaxError: invalid syntax. Maybe you meant '==' or ':=' instead of '='?
2025-08-18 19:31:38,142 cblogger [ERROR]: 		Error while extracting halsted code metrics: invalid syntax. Maybe you meant '==' or ':=' instead of '='? (<unknown>, line 6)
Traceback (most recent call last):
  File "/root/QuestionInsight/Etapa_1/codebench-mining-tool/util.py", line 569, in extract_halstead_metrics
    h = h_visit(code)
        ^^^^^^^^^^^^^
  File "/root/QuestionInsight/.venv/lib/python3.12/site-packages/radon/metrics.py", line 29, in h_visit
    return h_visit_ast(ast.parse(code))
                       ^^^^^^^^^^^^^^^
  File "/usr/lib/python3.12/ast.py", line 52, in parse
    return compile(source, filename, mode, flags,
           ^^^^^^^^^^^^^^^^^^^^^^^^^^^^^^^^^^^^^^
  File "<unknown>", line 6
    if bolsal = "B"
       ^^^^^^^^^^^^
SyntaxError: invalid syntax. Maybe you meant '==' or ':=' instead of '='?
2025-08-18 19:31:38,160 cblogger [ERROR]: 		Error while extracting code complexity metrics: invalid syntax (<unknown>, line 6)
Traceback (most recent call last):
  File "/root/QuestionInsight/Etapa_1/codebench-mining-tool/util.py", line 551, in extract_complexity_metrics
    v = ComplexityVisitor.from_code(code)
        ^^^^^^^^^^^^^^^^^^^^^^^^^^^^^^^^^
  File "/root/QuestionInsight/.venv/lib/python3.12/site-packages/radon/visitors.py", line 133, in from_code
    return cls.from_ast(code2ast(code), **kwargs)
                        ^^^^^^^^^^^^^^
  File "/root/QuestionInsight/.venv/lib/python3.12/site-packages/radon/visitors.py", line 48, in code2ast
    return ast.parse(source)
           ^^^^^^^^^^^^^^^^^
  File "/usr/lib/python3.12/ast.py", line 52, in parse
    return compile(source, filename, mode, flags,
           ^^^^^^^^^^^^^^^^^^^^^^^^^^^^^^^^^^^^^^
  File "<unknown>", line 6
    while 
          ^
SyntaxError: invalid syntax
2025-08-18 19:31:38,160 cblogger [ERROR]: 		Error while extracting halsted code metrics: invalid syntax (<unknown>, line 6)
Traceback (most recent call last):
  File "/root/QuestionInsight/Etapa_1/codebench-mining-tool/util.py", line 569, in extract_halstead_metrics
    h = h_visit(code)
        ^^^^^^^^^^^^^
  File "/root/QuestionInsight/.venv/lib/python3.12/site-packages/radon/metrics.py", line 29, in h_visit
    return h_visit_ast(ast.parse(code))
                       ^^^^^^^^^^^^^^^
  File "/usr/lib/python3.12/ast.py", line 52, in parse
    return compile(source, filename, mode, flags,
           ^^^^^^^^^^^^^^^^^^^^^^^^^^^^^^^^^^^^^^
  File "<unknown>", line 6
    while 
          ^
SyntaxError: invalid syntax
2025-08-18 19:31:38,175 cblogger [ERROR]: 		Error while extracting code complexity metrics: inconsistent use of tabs and spaces in indentation (<unknown>, line 10)
Traceback (most recent call last):
  File "/root/QuestionInsight/Etapa_1/codebench-mining-tool/util.py", line 551, in extract_complexity_metrics
    v = ComplexityVisitor.from_code(code)
        ^^^^^^^^^^^^^^^^^^^^^^^^^^^^^^^^^
  File "/root/QuestionInsight/.venv/lib/python3.12/site-packages/radon/visitors.py", line 133, in from_code
    return cls.from_ast(code2ast(code), **kwargs)
                        ^^^^^^^^^^^^^^
  File "/root/QuestionInsight/.venv/lib/python3.12/site-packages/radon/visitors.py", line 48, in code2ast
    return ast.parse(source)
           ^^^^^^^^^^^^^^^^^
  File "/usr/lib/python3.12/ast.py", line 52, in parse
    return compile(source, filename, mode, flags,
           ^^^^^^^^^^^^^^^^^^^^^^^^^^^^^^^^^^^^^^
  File "<unknown>", line 10
    aumento = salario + salario * 8/100
TabError: inconsistent use of tabs and spaces in indentation
2025-08-18 19:31:38,176 cblogger [ERROR]: 		Error while extracting halsted code metrics: inconsistent use of tabs and spaces in indentation (<unknown>, line 10)
Traceback (most recent call last):
  File "/root/QuestionInsight/Etapa_1/codebench-mining-tool/util.py", line 569, in extract_halstead_metrics
    h = h_visit(code)
        ^^^^^^^^^^^^^
  File "/root/QuestionInsight/.venv/lib/python3.12/site-packages/radon/metrics.py", line 29, in h_visit
    return h_visit_ast(ast.parse(code))
                       ^^^^^^^^^^^^^^^
  File "/usr/lib/python3.12/ast.py", line 52, in parse
    return compile(source, filename, mode, flags,
           ^^^^^^^^^^^^^^^^^^^^^^^^^^^^^^^^^^^^^^
  File "<unknown>", line 10
    aumento = salario + salario * 8/100
TabError: inconsistent use of tabs and spaces in indentation
2025-08-18 19:31:38,178 cblogger [ERROR]: 		Error while extracting code complexity metrics: cannot assign to expression here. Maybe you meant '==' instead of '='? (<unknown>, line 13)
Traceback (most recent call last):
  File "/root/QuestionInsight/Etapa_1/codebench-mining-tool/util.py", line 551, in extract_complexity_metrics
    v = ComplexityVisitor.from_code(code)
        ^^^^^^^^^^^^^^^^^^^^^^^^^^^^^^^^^
  File "/root/QuestionInsight/.venv/lib/python3.12/site-packages/radon/visitors.py", line 133, in from_code
    return cls.from_ast(code2ast(code), **kwargs)
                        ^^^^^^^^^^^^^^
  File "/root/QuestionInsight/.venv/lib/python3.12/site-packages/radon/visitors.py", line 48, in code2ast
    return ast.parse(source)
           ^^^^^^^^^^^^^^^^^
  File "/usr/lib/python3.12/ast.py", line 52, in parse
    return compile(source, filename, mode, flags,
           ^^^^^^^^^^^^^^^^^^^^^^^^^^^^^^^^^^^^^^
  File "<unknown>", line 13
    a * x + b * y = c
    ^^^^^^^^^^^^^
SyntaxError: cannot assign to expression here. Maybe you meant '==' instead of '='?
2025-08-18 19:31:38,179 cblogger [ERROR]: 		Error while extracting halsted code metrics: cannot assign to expression here. Maybe you meant '==' instead of '='? (<unknown>, line 13)
Traceback (most recent call last):
  File "/root/QuestionInsight/Etapa_1/codebench-mining-tool/util.py", line 569, in extract_halstead_metrics
    h = h_visit(code)
        ^^^^^^^^^^^^^
  File "/root/QuestionInsight/.venv/lib/python3.12/site-packages/radon/metrics.py", line 29, in h_visit
    return h_visit_ast(ast.parse(code))
                       ^^^^^^^^^^^^^^^
  File "/usr/lib/python3.12/ast.py", line 52, in parse
    return compile(source, filename, mode, flags,
           ^^^^^^^^^^^^^^^^^^^^^^^^^^^^^^^^^^^^^^
  File "<unknown>", line 13
    a * x + b * y = c
    ^^^^^^^^^^^^^
SyntaxError: cannot assign to expression here. Maybe you meant '==' instead of '='?
2025-08-18 19:31:38,196 cblogger [ERROR]: 		Error while extracting code complexity metrics: inconsistent use of tabs and spaces in indentation (<unknown>, line 14)
Traceback (most recent call last):
  File "/root/QuestionInsight/Etapa_1/codebench-mining-tool/util.py", line 551, in extract_complexity_metrics
    v = ComplexityVisitor.from_code(code)
        ^^^^^^^^^^^^^^^^^^^^^^^^^^^^^^^^^
  File "/root/QuestionInsight/.venv/lib/python3.12/site-packages/radon/visitors.py", line 133, in from_code
    return cls.from_ast(code2ast(code), **kwargs)
                        ^^^^^^^^^^^^^^
  File "/root/QuestionInsight/.venv/lib/python3.12/site-packages/radon/visitors.py", line 48, in code2ast
    return ast.parse(source)
           ^^^^^^^^^^^^^^^^^
  File "/usr/lib/python3.12/ast.py", line 52, in parse
    return compile(source, filename, mode, flags,
           ^^^^^^^^^^^^^^^^^^^^^^^^^^^^^^^^^^^^^^
  File "<unknown>", line 14
    		print("pertence")
    ^
TabError: inconsistent use of tabs and spaces in indentation
2025-08-18 19:31:38,196 cblogger [ERROR]: 		Error while extracting halsted code metrics: inconsistent use of tabs and spaces in indentation (<unknown>, line 14)
Traceback (most recent call last):
  File "/root/QuestionInsight/Etapa_1/codebench-mining-tool/util.py", line 569, in extract_halstead_metrics
    h = h_visit(code)
        ^^^^^^^^^^^^^
  File "/root/QuestionInsight/.venv/lib/python3.12/site-packages/radon/metrics.py", line 29, in h_visit
    return h_visit_ast(ast.parse(code))
                       ^^^^^^^^^^^^^^^
  File "/usr/lib/python3.12/ast.py", line 52, in parse
    return compile(source, filename, mode, flags,
           ^^^^^^^^^^^^^^^^^^^^^^^^^^^^^^^^^^^^^^
  File "<unknown>", line 14
    		print("pertence")
    ^
TabError: inconsistent use of tabs and spaces in indentation
2025-08-18 19:31:38,211 cblogger [ERROR]: 		Error while extracting code complexity metrics: unexpected indent (<unknown>, line 12)
Traceback (most recent call last):
  File "/root/QuestionInsight/Etapa_1/codebench-mining-tool/util.py", line 551, in extract_complexity_metrics
    v = ComplexityVisitor.from_code(code)
        ^^^^^^^^^^^^^^^^^^^^^^^^^^^^^^^^^
  File "/root/QuestionInsight/.venv/lib/python3.12/site-packages/radon/visitors.py", line 133, in from_code
    return cls.from_ast(code2ast(code), **kwargs)
                        ^^^^^^^^^^^^^^
  File "/root/QuestionInsight/.venv/lib/python3.12/site-packages/radon/visitors.py", line 48, in code2ast
    return ast.parse(source)
           ^^^^^^^^^^^^^^^^^
  File "/usr/lib/python3.12/ast.py", line 52, in parse
    return compile(source, filename, mode, flags,
           ^^^^^^^^^^^^^^^^^^^^^^^^^^^^^^^^^^^^^^
  File "<unknown>", line 12
    	print(round(quanttot2,2))
    ^
IndentationError: unexpected indent
2025-08-18 19:31:38,212 cblogger [ERROR]: 		Error while extracting halsted code metrics: unexpected indent (<unknown>, line 12)
Traceback (most recent call last):
  File "/root/QuestionInsight/Etapa_1/codebench-mining-tool/util.py", line 569, in extract_halstead_metrics
    h = h_visit(code)
        ^^^^^^^^^^^^^
  File "/root/QuestionInsight/.venv/lib/python3.12/site-packages/radon/metrics.py", line 29, in h_visit
    return h_visit_ast(ast.parse(code))
                       ^^^^^^^^^^^^^^^
  File "/usr/lib/python3.12/ast.py", line 52, in parse
    return compile(source, filename, mode, flags,
           ^^^^^^^^^^^^^^^^^^^^^^^^^^^^^^^^^^^^^^
  File "<unknown>", line 12
    	print(round(quanttot2,2))
    ^
IndentationError: unexpected indent
2025-08-18 19:31:38,217 cblogger [ERROR]: 		Error while extracting code complexity metrics: invalid syntax. Perhaps you forgot a comma? (<unknown>, line 6)
Traceback (most recent call last):
  File "/root/QuestionInsight/Etapa_1/codebench-mining-tool/util.py", line 551, in extract_complexity_metrics
    v = ComplexityVisitor.from_code(code)
        ^^^^^^^^^^^^^^^^^^^^^^^^^^^^^^^^^
  File "/root/QuestionInsight/.venv/lib/python3.12/site-packages/radon/visitors.py", line 133, in from_code
    return cls.from_ast(code2ast(code), **kwargs)
                        ^^^^^^^^^^^^^^
  File "/root/QuestionInsight/.venv/lib/python3.12/site-packages/radon/visitors.py", line 48, in code2ast
    return ast.parse(source)
           ^^^^^^^^^^^^^^^^^
  File "/usr/lib/python3.12/ast.py", line 52, in parse
    return compile(source, filename, mode, flags,
           ^^^^^^^^^^^^^^^^^^^^^^^^^^^^^^^^^^^^^^
  File "<unknown>", line 6
    a = sqrt(ladob**2 + ladoc**2-2*ladob*ladoc*(radians)cos(alfa))
             ^^^^^^^^^^^^^^^^^^^^^^^^^^^^^^^^^^^^^^^^^^^^^^^^^^^^
SyntaxError: invalid syntax. Perhaps you forgot a comma?
2025-08-18 19:31:38,217 cblogger [ERROR]: 		Error while extracting halsted code metrics: invalid syntax. Perhaps you forgot a comma? (<unknown>, line 6)
Traceback (most recent call last):
  File "/root/QuestionInsight/Etapa_1/codebench-mining-tool/util.py", line 569, in extract_halstead_metrics
    h = h_visit(code)
        ^^^^^^^^^^^^^
  File "/root/QuestionInsight/.venv/lib/python3.12/site-packages/radon/metrics.py", line 29, in h_visit
    return h_visit_ast(ast.parse(code))
                       ^^^^^^^^^^^^^^^
  File "/usr/lib/python3.12/ast.py", line 52, in parse
    return compile(source, filename, mode, flags,
           ^^^^^^^^^^^^^^^^^^^^^^^^^^^^^^^^^^^^^^
  File "<unknown>", line 6
    a = sqrt(ladob**2 + ladoc**2-2*ladob*ladoc*(radians)cos(alfa))
             ^^^^^^^^^^^^^^^^^^^^^^^^^^^^^^^^^^^^^^^^^^^^^^^^^^^^
SyntaxError: invalid syntax. Perhaps you forgot a comma?
2025-08-18 19:31:38,233 cblogger [ERROR]: 		Error while extracting code complexity metrics: invalid syntax (<unknown>, line 4)
Traceback (most recent call last):
  File "/root/QuestionInsight/Etapa_1/codebench-mining-tool/util.py", line 551, in extract_complexity_metrics
    v = ComplexityVisitor.from_code(code)
        ^^^^^^^^^^^^^^^^^^^^^^^^^^^^^^^^^
  File "/root/QuestionInsight/.venv/lib/python3.12/site-packages/radon/visitors.py", line 133, in from_code
    return cls.from_ast(code2ast(code), **kwargs)
                        ^^^^^^^^^^^^^^
  File "/root/QuestionInsight/.venv/lib/python3.12/site-packages/radon/visitors.py", line 48, in code2ast
    return ast.parse(source)
           ^^^^^^^^^^^^^^^^^
  File "/usr/lib/python3.12/ast.py", line 52, in parse
    return compile(source, filename, mode, flags,
           ^^^^^^^^^^^^^^^^^^^^^^^^^^^^^^^^^^^^^^
  File "<unknown>", line 4
    tp = 
         ^
SyntaxError: invalid syntax
2025-08-18 19:31:38,233 cblogger [ERROR]: 		Error while extracting halsted code metrics: invalid syntax (<unknown>, line 4)
Traceback (most recent call last):
  File "/root/QuestionInsight/Etapa_1/codebench-mining-tool/util.py", line 569, in extract_halstead_metrics
    h = h_visit(code)
        ^^^^^^^^^^^^^
  File "/root/QuestionInsight/.venv/lib/python3.12/site-packages/radon/metrics.py", line 29, in h_visit
    return h_visit_ast(ast.parse(code))
                       ^^^^^^^^^^^^^^^
  File "/usr/lib/python3.12/ast.py", line 52, in parse
    return compile(source, filename, mode, flags,
           ^^^^^^^^^^^^^^^^^^^^^^^^^^^^^^^^^^^^^^
  File "<unknown>", line 4
    tp = 
         ^
SyntaxError: invalid syntax
2025-08-18 19:31:38,537 cblogger [ERROR]: 		Error while extracting code complexity metrics: inconsistent use of tabs and spaces in indentation (<unknown>, line 13)
Traceback (most recent call last):
  File "/root/QuestionInsight/Etapa_1/codebench-mining-tool/util.py", line 551, in extract_complexity_metrics
    v = ComplexityVisitor.from_code(code)
        ^^^^^^^^^^^^^^^^^^^^^^^^^^^^^^^^^
  File "/root/QuestionInsight/.venv/lib/python3.12/site-packages/radon/visitors.py", line 133, in from_code
    return cls.from_ast(code2ast(code), **kwargs)
                        ^^^^^^^^^^^^^^
  File "/root/QuestionInsight/.venv/lib/python3.12/site-packages/radon/visitors.py", line 48, in code2ast
    return ast.parse(source)
           ^^^^^^^^^^^^^^^^^
  File "/usr/lib/python3.12/ast.py", line 52, in parse
    return compile(source, filename, mode, flags,
           ^^^^^^^^^^^^^^^^^^^^^^^^^^^^^^^^^^^^^^
  File "<unknown>", line 13
    		else :
    ^
TabError: inconsistent use of tabs and spaces in indentation
2025-08-18 19:31:38,539 cblogger [ERROR]: 		Error while extracting halsted code metrics: inconsistent use of tabs and spaces in indentation (<unknown>, line 13)
Traceback (most recent call last):
  File "/root/QuestionInsight/Etapa_1/codebench-mining-tool/util.py", line 569, in extract_halstead_metrics
    h = h_visit(code)
        ^^^^^^^^^^^^^
  File "/root/QuestionInsight/.venv/lib/python3.12/site-packages/radon/metrics.py", line 29, in h_visit
    return h_visit_ast(ast.parse(code))
                       ^^^^^^^^^^^^^^^
  File "/usr/lib/python3.12/ast.py", line 52, in parse
    return compile(source, filename, mode, flags,
           ^^^^^^^^^^^^^^^^^^^^^^^^^^^^^^^^^^^^^^
  File "<unknown>", line 13
    		else :
    ^
TabError: inconsistent use of tabs and spaces in indentation
2025-08-18 19:31:38,754 cblogger [ERROR]: 		Error while extracting code complexity metrics: '(' was never closed (<unknown>, line 1)
Traceback (most recent call last):
  File "/root/QuestionInsight/Etapa_1/codebench-mining-tool/util.py", line 551, in extract_complexity_metrics
    v = ComplexityVisitor.from_code(code)
        ^^^^^^^^^^^^^^^^^^^^^^^^^^^^^^^^^
  File "/root/QuestionInsight/.venv/lib/python3.12/site-packages/radon/visitors.py", line 133, in from_code
    return cls.from_ast(code2ast(code), **kwargs)
                        ^^^^^^^^^^^^^^
  File "/root/QuestionInsight/.venv/lib/python3.12/site-packages/radon/visitors.py", line 48, in code2ast
    return ast.parse(source)
           ^^^^^^^^^^^^^^^^^
  File "/usr/lib/python3.12/ast.py", line 52, in parse
    return compile(source, filename, mode, flags,
           ^^^^^^^^^^^^^^^^^^^^^^^^^^^^^^^^^^^^^^
  File "<unknown>", line 1
    anoA=int(input(" digite ano atual: ")
            ^
SyntaxError: '(' was never closed
2025-08-18 19:31:38,754 cblogger [ERROR]: 		Error while extracting code size based metrics: SyntaxError at line: 1
Traceback (most recent call last):
  File "/root/QuestionInsight/.venv/lib/python3.12/site-packages/radon/raw.py", line 210, in analyze
    tokens, parsed_lines = _get_all_tokens(line, lines)
                           ^^^^^^^^^^^^^^^^^^^^^^^^^^^^
  File "/root/QuestionInsight/.venv/lib/python3.12/site-packages/radon/raw.py", line 117, in _get_all_tokens
    next_line = next(lines)
                ^^^^^^^^^^^
StopIteration

During handling of the above exception, another exception occurred:

Traceback (most recent call last):
  File "/root/QuestionInsight/Etapa_1/codebench-mining-tool/util.py", line 560, in extract_size_metrics
    a = analyze(code)
        ^^^^^^^^^^^^^
  File "/root/QuestionInsight/.venv/lib/python3.12/site-packages/radon/raw.py", line 212, in analyze
    raise SyntaxError('SyntaxError at line: {0}'.format(lineno))
SyntaxError: SyntaxError at line: 1
2025-08-18 19:31:38,755 cblogger [ERROR]: 		Error while extracting halsted code metrics: '(' was never closed (<unknown>, line 1)
Traceback (most recent call last):
  File "/root/QuestionInsight/Etapa_1/codebench-mining-tool/util.py", line 569, in extract_halstead_metrics
    h = h_visit(code)
        ^^^^^^^^^^^^^
  File "/root/QuestionInsight/.venv/lib/python3.12/site-packages/radon/metrics.py", line 29, in h_visit
    return h_visit_ast(ast.parse(code))
                       ^^^^^^^^^^^^^^^
  File "/usr/lib/python3.12/ast.py", line 52, in parse
    return compile(source, filename, mode, flags,
           ^^^^^^^^^^^^^^^^^^^^^^^^^^^^^^^^^^^^^^
  File "<unknown>", line 1
    anoA=int(input(" digite ano atual: ")
            ^
SyntaxError: '(' was never closed
2025-08-18 19:31:38,769 cblogger [ERROR]: 		Error while extracting code complexity metrics: inconsistent use of tabs and spaces in indentation (<unknown>, line 13)
Traceback (most recent call last):
  File "/root/QuestionInsight/Etapa_1/codebench-mining-tool/util.py", line 551, in extract_complexity_metrics
    v = ComplexityVisitor.from_code(code)
        ^^^^^^^^^^^^^^^^^^^^^^^^^^^^^^^^^
  File "/root/QuestionInsight/.venv/lib/python3.12/site-packages/radon/visitors.py", line 133, in from_code
    return cls.from_ast(code2ast(code), **kwargs)
                        ^^^^^^^^^^^^^^
  File "/root/QuestionInsight/.venv/lib/python3.12/site-packages/radon/visitors.py", line 48, in code2ast
    return ast.parse(source)
           ^^^^^^^^^^^^^^^^^
  File "/usr/lib/python3.12/ast.py", line 52, in parse
    return compile(source, filename, mode, flags,
           ^^^^^^^^^^^^^^^^^^^^^^^^^^^^^^^^^^^^^^
  File "<unknown>", line 13
    	   print(horas_extras, "extra e " , horas_falta, "de falta")
    ^
TabError: inconsistent use of tabs and spaces in indentation
2025-08-18 19:31:38,771 cblogger [ERROR]: 		Error while extracting halsted code metrics: inconsistent use of tabs and spaces in indentation (<unknown>, line 13)
Traceback (most recent call last):
  File "/root/QuestionInsight/Etapa_1/codebench-mining-tool/util.py", line 569, in extract_halstead_metrics
    h = h_visit(code)
        ^^^^^^^^^^^^^
  File "/root/QuestionInsight/.venv/lib/python3.12/site-packages/radon/metrics.py", line 29, in h_visit
    return h_visit_ast(ast.parse(code))
                       ^^^^^^^^^^^^^^^
  File "/usr/lib/python3.12/ast.py", line 52, in parse
    return compile(source, filename, mode, flags,
           ^^^^^^^^^^^^^^^^^^^^^^^^^^^^^^^^^^^^^^
  File "<unknown>", line 13
    	   print(horas_extras, "extra e " , horas_falta, "de falta")
    ^
TabError: inconsistent use of tabs and spaces in indentation
2025-08-18 19:31:38,773 cblogger [ERROR]: 		Error while extracting code complexity metrics: expected ':' (<unknown>, line 17)
Traceback (most recent call last):
  File "/root/QuestionInsight/Etapa_1/codebench-mining-tool/util.py", line 551, in extract_complexity_metrics
    v = ComplexityVisitor.from_code(code)
        ^^^^^^^^^^^^^^^^^^^^^^^^^^^^^^^^^
  File "/root/QuestionInsight/.venv/lib/python3.12/site-packages/radon/visitors.py", line 133, in from_code
    return cls.from_ast(code2ast(code), **kwargs)
                        ^^^^^^^^^^^^^^
  File "/root/QuestionInsight/.venv/lib/python3.12/site-packages/radon/visitors.py", line 48, in code2ast
    return ast.parse(source)
           ^^^^^^^^^^^^^^^^^
  File "/usr/lib/python3.12/ast.py", line 52, in parse
    return compile(source, filename, mode, flags,
           ^^^^^^^^^^^^^^^^^^^^^^^^^^^^^^^^^^^^^^
  File "<unknown>", line 17
    if quantidade_necessaria 
                             ^
SyntaxError: expected ':'
2025-08-18 19:31:38,774 cblogger [ERROR]: 		Error while extracting halsted code metrics: expected ':' (<unknown>, line 17)
Traceback (most recent call last):
  File "/root/QuestionInsight/Etapa_1/codebench-mining-tool/util.py", line 569, in extract_halstead_metrics
    h = h_visit(code)
        ^^^^^^^^^^^^^
  File "/root/QuestionInsight/.venv/lib/python3.12/site-packages/radon/metrics.py", line 29, in h_visit
    return h_visit_ast(ast.parse(code))
                       ^^^^^^^^^^^^^^^
  File "/usr/lib/python3.12/ast.py", line 52, in parse
    return compile(source, filename, mode, flags,
           ^^^^^^^^^^^^^^^^^^^^^^^^^^^^^^^^^^^^^^
  File "<unknown>", line 17
    if quantidade_necessaria 
                             ^
SyntaxError: expected ':'
2025-08-18 19:31:38,860 cblogger [ERROR]: 		Error while extracting code complexity metrics: invalid syntax (<unknown>, line 7)
Traceback (most recent call last):
  File "/root/QuestionInsight/Etapa_1/codebench-mining-tool/util.py", line 551, in extract_complexity_metrics
    v = ComplexityVisitor.from_code(code)
        ^^^^^^^^^^^^^^^^^^^^^^^^^^^^^^^^^
  File "/root/QuestionInsight/.venv/lib/python3.12/site-packages/radon/visitors.py", line 133, in from_code
    return cls.from_ast(code2ast(code), **kwargs)
                        ^^^^^^^^^^^^^^
  File "/root/QuestionInsight/.venv/lib/python3.12/site-packages/radon/visitors.py", line 48, in code2ast
    return ast.parse(source)
           ^^^^^^^^^^^^^^^^^
  File "/usr/lib/python3.12/ast.py", line 52, in parse
    return compile(source, filename, mode, flags,
           ^^^^^^^^^^^^^^^^^^^^^^^^^^^^^^^^^^^^^^
  File "<unknown>", line 7
    resultado = zeros(???,dtype = int)
                      ^
SyntaxError: invalid syntax
2025-08-18 19:31:38,861 cblogger [ERROR]: 		Error while extracting halsted code metrics: invalid syntax (<unknown>, line 7)
Traceback (most recent call last):
  File "/root/QuestionInsight/Etapa_1/codebench-mining-tool/util.py", line 569, in extract_halstead_metrics
    h = h_visit(code)
        ^^^^^^^^^^^^^
  File "/root/QuestionInsight/.venv/lib/python3.12/site-packages/radon/metrics.py", line 29, in h_visit
    return h_visit_ast(ast.parse(code))
                       ^^^^^^^^^^^^^^^
  File "/usr/lib/python3.12/ast.py", line 52, in parse
    return compile(source, filename, mode, flags,
           ^^^^^^^^^^^^^^^^^^^^^^^^^^^^^^^^^^^^^^
  File "<unknown>", line 7
    resultado = zeros(???,dtype = int)
                      ^
SyntaxError: invalid syntax
2025-08-18 19:31:38,862 cblogger [ERROR]: 		Error while extracting code token based metrics: 55
Traceback (most recent call last):
  File "/root/QuestionInsight/Etapa_1/codebench-mining-tool/util.py", line 633, in extract_token_metrics
    setattr(obj, TOKEN_NAMES[k], v)
                 ~~~~~~~~~~~^^^
KeyError: 55
2025-08-18 19:31:38,867 cblogger [ERROR]: 		Error while extracting code complexity metrics: expected ':' (<unknown>, line 4)
Traceback (most recent call last):
  File "/root/QuestionInsight/Etapa_1/codebench-mining-tool/util.py", line 551, in extract_complexity_metrics
    v = ComplexityVisitor.from_code(code)
        ^^^^^^^^^^^^^^^^^^^^^^^^^^^^^^^^^
  File "/root/QuestionInsight/.venv/lib/python3.12/site-packages/radon/visitors.py", line 133, in from_code
    return cls.from_ast(code2ast(code), **kwargs)
                        ^^^^^^^^^^^^^^
  File "/root/QuestionInsight/.venv/lib/python3.12/site-packages/radon/visitors.py", line 48, in code2ast
    return ast.parse(source)
           ^^^^^^^^^^^^^^^^^
  File "/usr/lib/python3.12/ast.py", line 52, in parse
    return compile(source, filename, mode, flags,
           ^^^^^^^^^^^^^^^^^^^^^^^^^^^^^^^^^^^^^^
  File "<unknown>", line 4
    	if i % 3
    	        ^
SyntaxError: expected ':'
2025-08-18 19:31:38,868 cblogger [ERROR]: 		Error while extracting halsted code metrics: expected ':' (<unknown>, line 4)
Traceback (most recent call last):
  File "/root/QuestionInsight/Etapa_1/codebench-mining-tool/util.py", line 569, in extract_halstead_metrics
    h = h_visit(code)
        ^^^^^^^^^^^^^
  File "/root/QuestionInsight/.venv/lib/python3.12/site-packages/radon/metrics.py", line 29, in h_visit
    return h_visit_ast(ast.parse(code))
                       ^^^^^^^^^^^^^^^
  File "/usr/lib/python3.12/ast.py", line 52, in parse
    return compile(source, filename, mode, flags,
           ^^^^^^^^^^^^^^^^^^^^^^^^^^^^^^^^^^^^^^
  File "<unknown>", line 4
    	if i % 3
    	        ^
SyntaxError: expected ':'
2025-08-18 19:31:38,881 cblogger [ERROR]: 		Error while extracting code complexity metrics: unmatched ']' (<unknown>, line 37)
Traceback (most recent call last):
  File "/root/QuestionInsight/Etapa_1/codebench-mining-tool/util.py", line 551, in extract_complexity_metrics
    v = ComplexityVisitor.from_code(code)
        ^^^^^^^^^^^^^^^^^^^^^^^^^^^^^^^^^
  File "/root/QuestionInsight/.venv/lib/python3.12/site-packages/radon/visitors.py", line 133, in from_code
    return cls.from_ast(code2ast(code), **kwargs)
                        ^^^^^^^^^^^^^^
  File "/root/QuestionInsight/.venv/lib/python3.12/site-packages/radon/visitors.py", line 48, in code2ast
    return ast.parse(source)
           ^^^^^^^^^^^^^^^^^
  File "/usr/lib/python3.12/ast.py", line 52, in parse
    return compile(source, filename, mode, flags,
           ^^^^^^^^^^^^^^^^^^^^^^^^^^^^^^^^^^^^^^
  File "<unknown>", line 37
    0] + lista_digitos[1] * 2 + lista_digitos[2] * 3 + lista_digitos[3] * 4) % 11
     ^
SyntaxError: unmatched ']'
2025-08-18 19:31:38,890 cblogger [ERROR]: 		Error while extracting code size based metrics: SyntaxError at line: 62
Traceback (most recent call last):
  File "/root/QuestionInsight/.venv/lib/python3.12/site-packages/radon/raw.py", line 210, in analyze
    tokens, parsed_lines = _get_all_tokens(line, lines)
                           ^^^^^^^^^^^^^^^^^^^^^^^^^^^^
  File "/root/QuestionInsight/.venv/lib/python3.12/site-packages/radon/raw.py", line 117, in _get_all_tokens
    next_line = next(lines)
                ^^^^^^^^^^^
StopIteration

During handling of the above exception, another exception occurred:

Traceback (most recent call last):
  File "/root/QuestionInsight/Etapa_1/codebench-mining-tool/util.py", line 560, in extract_size_metrics
    a = analyze(code)
        ^^^^^^^^^^^^^
  File "/root/QuestionInsight/.venv/lib/python3.12/site-packages/radon/raw.py", line 212, in analyze
    raise SyntaxError('SyntaxError at line: {0}'.format(lineno))
SyntaxError: SyntaxError at line: 62
2025-08-18 19:31:38,890 cblogger [ERROR]: 		Error while extracting halsted code metrics: unmatched ']' (<unknown>, line 37)
Traceback (most recent call last):
  File "/root/QuestionInsight/Etapa_1/codebench-mining-tool/util.py", line 569, in extract_halstead_metrics
    h = h_visit(code)
        ^^^^^^^^^^^^^
  File "/root/QuestionInsight/.venv/lib/python3.12/site-packages/radon/metrics.py", line 29, in h_visit
    return h_visit_ast(ast.parse(code))
                       ^^^^^^^^^^^^^^^
  File "/usr/lib/python3.12/ast.py", line 52, in parse
    return compile(source, filename, mode, flags,
           ^^^^^^^^^^^^^^^^^^^^^^^^^^^^^^^^^^^^^^
  File "<unknown>", line 37
    0] + lista_digitos[1] * 2 + lista_digitos[2] * 3 + lista_digitos[3] * 4) % 11
     ^
SyntaxError: unmatched ']'
2025-08-18 19:31:38,974 cblogger [ERROR]: 		Error while extracting code complexity metrics: unexpected indent (<unknown>, line 1)
Traceback (most recent call last):
  File "/root/QuestionInsight/Etapa_1/codebench-mining-tool/util.py", line 551, in extract_complexity_metrics
    v = ComplexityVisitor.from_code(code)
        ^^^^^^^^^^^^^^^^^^^^^^^^^^^^^^^^^
  File "/root/QuestionInsight/.venv/lib/python3.12/site-packages/radon/visitors.py", line 133, in from_code
    return cls.from_ast(code2ast(code), **kwargs)
                        ^^^^^^^^^^^^^^
  File "/root/QuestionInsight/.venv/lib/python3.12/site-packages/radon/visitors.py", line 48, in code2ast
    return ast.parse(source)
           ^^^^^^^^^^^^^^^^^
  File "/usr/lib/python3.12/ast.py", line 52, in parse
    return compile(source, filename, mode, flags,
           ^^^^^^^^^^^^^^^^^^^^^^^^^^^^^^^^^^^^^^
  File "<unknown>", line 1
    from import math*
IndentationError: unexpected indent
2025-08-18 19:31:38,975 cblogger [ERROR]: 		Error while extracting halsted code metrics: unexpected indent (<unknown>, line 1)
Traceback (most recent call last):
  File "/root/QuestionInsight/Etapa_1/codebench-mining-tool/util.py", line 569, in extract_halstead_metrics
    h = h_visit(code)
        ^^^^^^^^^^^^^
  File "/root/QuestionInsight/.venv/lib/python3.12/site-packages/radon/metrics.py", line 29, in h_visit
    return h_visit_ast(ast.parse(code))
                       ^^^^^^^^^^^^^^^
  File "/usr/lib/python3.12/ast.py", line 52, in parse
    return compile(source, filename, mode, flags,
           ^^^^^^^^^^^^^^^^^^^^^^^^^^^^^^^^^^^^^^
  File "<unknown>", line 1
    from import math*
IndentationError: unexpected indent
2025-08-18 19:31:39,039 cblogger [ERROR]: 		Error while extracting code complexity metrics: unterminated string literal (detected at line 9) (<unknown>, line 9)
Traceback (most recent call last):
  File "/root/QuestionInsight/Etapa_1/codebench-mining-tool/util.py", line 551, in extract_complexity_metrics
    v = ComplexityVisitor.from_code(code)
        ^^^^^^^^^^^^^^^^^^^^^^^^^^^^^^^^^
  File "/root/QuestionInsight/.venv/lib/python3.12/site-packages/radon/visitors.py", line 133, in from_code
    return cls.from_ast(code2ast(code), **kwargs)
                        ^^^^^^^^^^^^^^
  File "/root/QuestionInsight/.venv/lib/python3.12/site-packages/radon/visitors.py", line 48, in code2ast
    return ast.parse(source)
           ^^^^^^^^^^^^^^^^^
  File "/usr/lib/python3.12/ast.py", line 52, in parse
    return compile(source, filename, mode, flags,
           ^^^^^^^^^^^^^^^^^^^^^^^^^^^^^^^^^^^^^^
  File "<unknown>", line 9
    return  {maiusculas} maiusculas, {minusculas} minusculas"
                                                            ^
SyntaxError: unterminated string literal (detected at line 9)
2025-08-18 19:31:39,039 cblogger [ERROR]: 		Error while extracting code size based metrics: SyntaxError at line: 9
Traceback (most recent call last):
  File "/root/QuestionInsight/.venv/lib/python3.12/site-packages/radon/raw.py", line 210, in analyze
    tokens, parsed_lines = _get_all_tokens(line, lines)
                           ^^^^^^^^^^^^^^^^^^^^^^^^^^^^
  File "/root/QuestionInsight/.venv/lib/python3.12/site-packages/radon/raw.py", line 117, in _get_all_tokens
    next_line = next(lines)
                ^^^^^^^^^^^
StopIteration

During handling of the above exception, another exception occurred:

Traceback (most recent call last):
  File "/root/QuestionInsight/Etapa_1/codebench-mining-tool/util.py", line 560, in extract_size_metrics
    a = analyze(code)
        ^^^^^^^^^^^^^
  File "/root/QuestionInsight/.venv/lib/python3.12/site-packages/radon/raw.py", line 212, in analyze
    raise SyntaxError('SyntaxError at line: {0}'.format(lineno))
SyntaxError: SyntaxError at line: 9
2025-08-18 19:31:39,046 cblogger [ERROR]: 		Error while extracting halsted code metrics: unterminated string literal (detected at line 9) (<unknown>, line 9)
Traceback (most recent call last):
  File "/root/QuestionInsight/Etapa_1/codebench-mining-tool/util.py", line 569, in extract_halstead_metrics
    h = h_visit(code)
        ^^^^^^^^^^^^^
  File "/root/QuestionInsight/.venv/lib/python3.12/site-packages/radon/metrics.py", line 29, in h_visit
    return h_visit_ast(ast.parse(code))
                       ^^^^^^^^^^^^^^^
  File "/usr/lib/python3.12/ast.py", line 52, in parse
    return compile(source, filename, mode, flags,
           ^^^^^^^^^^^^^^^^^^^^^^^^^^^^^^^^^^^^^^
  File "<unknown>", line 9
    return  {maiusculas} maiusculas, {minusculas} minusculas"
                                                            ^
SyntaxError: unterminated string literal (detected at line 9)
2025-08-18 19:31:39,060 cblogger [ERROR]: 		Error while extracting code complexity metrics: invalid syntax (<unknown>, line 5)
Traceback (most recent call last):
  File "/root/QuestionInsight/Etapa_1/codebench-mining-tool/util.py", line 551, in extract_complexity_metrics
    v = ComplexityVisitor.from_code(code)
        ^^^^^^^^^^^^^^^^^^^^^^^^^^^^^^^^^
  File "/root/QuestionInsight/.venv/lib/python3.12/site-packages/radon/visitors.py", line 133, in from_code
    return cls.from_ast(code2ast(code), **kwargs)
                        ^^^^^^^^^^^^^^
  File "/root/QuestionInsight/.venv/lib/python3.12/site-packages/radon/visitors.py", line 48, in code2ast
    return ast.parse(source)
           ^^^^^^^^^^^^^^^^^
  File "/usr/lib/python3.12/ast.py", line 52, in parse
    return compile(source, filename, mode, flags,
           ^^^^^^^^^^^^^^^^^^^^^^^^^^^^^^^^^^^^^^
  File "<unknown>", line 5
    	v % 
    	    ^
SyntaxError: invalid syntax
2025-08-18 19:31:39,061 cblogger [ERROR]: 		Error while extracting halsted code metrics: invalid syntax (<unknown>, line 5)
Traceback (most recent call last):
  File "/root/QuestionInsight/Etapa_1/codebench-mining-tool/util.py", line 569, in extract_halstead_metrics
    h = h_visit(code)
        ^^^^^^^^^^^^^
  File "/root/QuestionInsight/.venv/lib/python3.12/site-packages/radon/metrics.py", line 29, in h_visit
    return h_visit_ast(ast.parse(code))
                       ^^^^^^^^^^^^^^^
  File "/usr/lib/python3.12/ast.py", line 52, in parse
    return compile(source, filename, mode, flags,
           ^^^^^^^^^^^^^^^^^^^^^^^^^^^^^^^^^^^^^^
  File "<unknown>", line 5
    	v % 
    	    ^
SyntaxError: invalid syntax
2025-08-18 19:31:39,150 cblogger [ERROR]: 		Error while extracting code complexity metrics: unindent does not match any outer indentation level (<unknown>, line 10)
Traceback (most recent call last):
  File "/root/QuestionInsight/Etapa_1/codebench-mining-tool/util.py", line 551, in extract_complexity_metrics
    v = ComplexityVisitor.from_code(code)
        ^^^^^^^^^^^^^^^^^^^^^^^^^^^^^^^^^
  File "/root/QuestionInsight/.venv/lib/python3.12/site-packages/radon/visitors.py", line 133, in from_code
    return cls.from_ast(code2ast(code), **kwargs)
                        ^^^^^^^^^^^^^^
  File "/root/QuestionInsight/.venv/lib/python3.12/site-packages/radon/visitors.py", line 48, in code2ast
    return ast.parse(source)
           ^^^^^^^^^^^^^^^^^
  File "/usr/lib/python3.12/ast.py", line 52, in parse
    return compile(source, filename, mode, flags,
           ^^^^^^^^^^^^^^^^^^^^^^^^^^^^^^^^^^^^^^
  File "<unknown>", line 10
    j += 5
          ^
IndentationError: unindent does not match any outer indentation level
2025-08-18 19:31:39,157 cblogger [ERROR]: 		Error while extracting halsted code metrics: unindent does not match any outer indentation level (<unknown>, line 10)
Traceback (most recent call last):
  File "/root/QuestionInsight/Etapa_1/codebench-mining-tool/util.py", line 569, in extract_halstead_metrics
    h = h_visit(code)
        ^^^^^^^^^^^^^
  File "/root/QuestionInsight/.venv/lib/python3.12/site-packages/radon/metrics.py", line 29, in h_visit
    return h_visit_ast(ast.parse(code))
                       ^^^^^^^^^^^^^^^
  File "/usr/lib/python3.12/ast.py", line 52, in parse
    return compile(source, filename, mode, flags,
           ^^^^^^^^^^^^^^^^^^^^^^^^^^^^^^^^^^^^^^
  File "<unknown>", line 10
    j += 5
          ^
IndentationError: unindent does not match any outer indentation level
2025-08-18 19:31:39,160 cblogger [ERROR]: 		Error while extracting code complexity metrics: '(' was never closed (<unknown>, line 1)
Traceback (most recent call last):
  File "/root/QuestionInsight/Etapa_1/codebench-mining-tool/util.py", line 551, in extract_complexity_metrics
    v = ComplexityVisitor.from_code(code)
        ^^^^^^^^^^^^^^^^^^^^^^^^^^^^^^^^^
  File "/root/QuestionInsight/.venv/lib/python3.12/site-packages/radon/visitors.py", line 133, in from_code
    return cls.from_ast(code2ast(code), **kwargs)
                        ^^^^^^^^^^^^^^
  File "/root/QuestionInsight/.venv/lib/python3.12/site-packages/radon/visitors.py", line 48, in code2ast
    return ast.parse(source)
           ^^^^^^^^^^^^^^^^^
  File "/usr/lib/python3.12/ast.py", line 52, in parse
    return compile(source, filename, mode, flags,
           ^^^^^^^^^^^^^^^^^^^^^^^^^^^^^^^^^^^^^^
  File "<unknown>", line 1
    input(2000*333
         ^
SyntaxError: '(' was never closed
2025-08-18 19:31:39,161 cblogger [ERROR]: 		Error while extracting code size based metrics: SyntaxError at line: 1
Traceback (most recent call last):
  File "/root/QuestionInsight/.venv/lib/python3.12/site-packages/radon/raw.py", line 210, in analyze
    tokens, parsed_lines = _get_all_tokens(line, lines)
                           ^^^^^^^^^^^^^^^^^^^^^^^^^^^^
  File "/root/QuestionInsight/.venv/lib/python3.12/site-packages/radon/raw.py", line 117, in _get_all_tokens
    next_line = next(lines)
                ^^^^^^^^^^^
StopIteration

During handling of the above exception, another exception occurred:

Traceback (most recent call last):
  File "/root/QuestionInsight/Etapa_1/codebench-mining-tool/util.py", line 560, in extract_size_metrics
    a = analyze(code)
        ^^^^^^^^^^^^^
  File "/root/QuestionInsight/.venv/lib/python3.12/site-packages/radon/raw.py", line 212, in analyze
    raise SyntaxError('SyntaxError at line: {0}'.format(lineno))
SyntaxError: SyntaxError at line: 1
2025-08-18 19:31:39,162 cblogger [ERROR]: 		Error while extracting halsted code metrics: '(' was never closed (<unknown>, line 1)
Traceback (most recent call last):
  File "/root/QuestionInsight/Etapa_1/codebench-mining-tool/util.py", line 569, in extract_halstead_metrics
    h = h_visit(code)
        ^^^^^^^^^^^^^
  File "/root/QuestionInsight/.venv/lib/python3.12/site-packages/radon/metrics.py", line 29, in h_visit
    return h_visit_ast(ast.parse(code))
                       ^^^^^^^^^^^^^^^
  File "/usr/lib/python3.12/ast.py", line 52, in parse
    return compile(source, filename, mode, flags,
           ^^^^^^^^^^^^^^^^^^^^^^^^^^^^^^^^^^^^^^
  File "<unknown>", line 1
    input(2000*333
         ^
SyntaxError: '(' was never closed
2025-08-18 19:31:39,182 cblogger [ERROR]: 		Error while extracting code complexity metrics: invalid syntax (<unknown>, line 1)
Traceback (most recent call last):
  File "/root/QuestionInsight/Etapa_1/codebench-mining-tool/util.py", line 551, in extract_complexity_metrics
    v = ComplexityVisitor.from_code(code)
        ^^^^^^^^^^^^^^^^^^^^^^^^^^^^^^^^^
  File "/root/QuestionInsight/.venv/lib/python3.12/site-packages/radon/visitors.py", line 133, in from_code
    return cls.from_ast(code2ast(code), **kwargs)
                        ^^^^^^^^^^^^^^
  File "/root/QuestionInsight/.venv/lib/python3.12/site-packages/radon/visitors.py", line 48, in code2ast
    return ast.parse(source)
           ^^^^^^^^^^^^^^^^^
  File "/usr/lib/python3.12/ast.py", line 52, in parse
    return compile(source, filename, mode, flags,
           ^^^^^^^^^^^^^^^^^^^^^^^^^^^^^^^^^^^^^^
  File "<unknown>", line 1
    print*****
           ^^
SyntaxError: invalid syntax
2025-08-18 19:31:39,182 cblogger [ERROR]: 		Error while extracting halsted code metrics: invalid syntax (<unknown>, line 1)
Traceback (most recent call last):
  File "/root/QuestionInsight/Etapa_1/codebench-mining-tool/util.py", line 569, in extract_halstead_metrics
    h = h_visit(code)
        ^^^^^^^^^^^^^
  File "/root/QuestionInsight/.venv/lib/python3.12/site-packages/radon/metrics.py", line 29, in h_visit
    return h_visit_ast(ast.parse(code))
                       ^^^^^^^^^^^^^^^
  File "/usr/lib/python3.12/ast.py", line 52, in parse
    return compile(source, filename, mode, flags,
           ^^^^^^^^^^^^^^^^^^^^^^^^^^^^^^^^^^^^^^
  File "<unknown>", line 1
    print*****
           ^^
SyntaxError: invalid syntax
2025-08-18 19:31:39,209 cblogger [ERROR]: 		Error while extracting code complexity metrics: unindent does not match any outer indentation level (<unknown>, line 10)
Traceback (most recent call last):
  File "/root/QuestionInsight/Etapa_1/codebench-mining-tool/util.py", line 551, in extract_complexity_metrics
    v = ComplexityVisitor.from_code(code)
        ^^^^^^^^^^^^^^^^^^^^^^^^^^^^^^^^^
  File "/root/QuestionInsight/.venv/lib/python3.12/site-packages/radon/visitors.py", line 133, in from_code
    return cls.from_ast(code2ast(code), **kwargs)
                        ^^^^^^^^^^^^^^
  File "/root/QuestionInsight/.venv/lib/python3.12/site-packages/radon/visitors.py", line 48, in code2ast
    return ast.parse(source)
           ^^^^^^^^^^^^^^^^^
  File "/usr/lib/python3.12/ast.py", line 52, in parse
    return compile(source, filename, mode, flags,
           ^^^^^^^^^^^^^^^^^^^^^^^^^^^^^^^^^^^^^^
  File "<unknown>", line 10
    j += 1
          ^
IndentationError: unindent does not match any outer indentation level
2025-08-18 19:31:39,210 cblogger [ERROR]: 		Error while extracting halsted code metrics: unindent does not match any outer indentation level (<unknown>, line 10)
Traceback (most recent call last):
  File "/root/QuestionInsight/Etapa_1/codebench-mining-tool/util.py", line 569, in extract_halstead_metrics
    h = h_visit(code)
        ^^^^^^^^^^^^^
  File "/root/QuestionInsight/.venv/lib/python3.12/site-packages/radon/metrics.py", line 29, in h_visit
    return h_visit_ast(ast.parse(code))
                       ^^^^^^^^^^^^^^^
  File "/usr/lib/python3.12/ast.py", line 52, in parse
    return compile(source, filename, mode, flags,
           ^^^^^^^^^^^^^^^^^^^^^^^^^^^^^^^^^^^^^^
  File "<unknown>", line 10
    j += 1
          ^
IndentationError: unindent does not match any outer indentation level
2025-08-18 19:31:39,460 cblogger [ERROR]: 		Error while extracting code complexity metrics: expected ':' (<unknown>, line 9)
Traceback (most recent call last):
  File "/root/QuestionInsight/Etapa_1/codebench-mining-tool/util.py", line 551, in extract_complexity_metrics
    v = ComplexityVisitor.from_code(code)
        ^^^^^^^^^^^^^^^^^^^^^^^^^^^^^^^^^
  File "/root/QuestionInsight/.venv/lib/python3.12/site-packages/radon/visitors.py", line 133, in from_code
    return cls.from_ast(code2ast(code), **kwargs)
                        ^^^^^^^^^^^^^^
  File "/root/QuestionInsight/.venv/lib/python3.12/site-packages/radon/visitors.py", line 48, in code2ast
    return ast.parse(source)
           ^^^^^^^^^^^^^^^^^
  File "/usr/lib/python3.12/ast.py", line 52, in parse
    return compile(source, filename, mode, flags,
           ^^^^^^^^^^^^^^^^^^^^^^^^^^^^^^^^^^^^^^
  File "<unknown>", line 9
    for i in range(size(golpro)) and range(size(golcontra))
                                                           ^
SyntaxError: expected ':'
2025-08-18 19:31:39,461 cblogger [ERROR]: 		Error while extracting halsted code metrics: expected ':' (<unknown>, line 9)
Traceback (most recent call last):
  File "/root/QuestionInsight/Etapa_1/codebench-mining-tool/util.py", line 569, in extract_halstead_metrics
    h = h_visit(code)
        ^^^^^^^^^^^^^
  File "/root/QuestionInsight/.venv/lib/python3.12/site-packages/radon/metrics.py", line 29, in h_visit
    return h_visit_ast(ast.parse(code))
                       ^^^^^^^^^^^^^^^
  File "/usr/lib/python3.12/ast.py", line 52, in parse
    return compile(source, filename, mode, flags,
           ^^^^^^^^^^^^^^^^^^^^^^^^^^^^^^^^^^^^^^
  File "<unknown>", line 9
    for i in range(size(golpro)) and range(size(golcontra))
                                                           ^
SyntaxError: expected ':'
2025-08-18 19:31:39,492 cblogger [ERROR]: 		Error while extracting code complexity metrics: invalid syntax (<unknown>, line 12)
Traceback (most recent call last):
  File "/root/QuestionInsight/Etapa_1/codebench-mining-tool/util.py", line 551, in extract_complexity_metrics
    v = ComplexityVisitor.from_code(code)
        ^^^^^^^^^^^^^^^^^^^^^^^^^^^^^^^^^
  File "/root/QuestionInsight/.venv/lib/python3.12/site-packages/radon/visitors.py", line 133, in from_code
    return cls.from_ast(code2ast(code), **kwargs)
                        ^^^^^^^^^^^^^^
  File "/root/QuestionInsight/.venv/lib/python3.12/site-packages/radon/visitors.py", line 48, in code2ast
    return ast.parse(source)
           ^^^^^^^^^^^^^^^^^
  File "/usr/lib/python3.12/ast.py", line 52, in parse
    return compile(source, filename, mode, flags,
           ^^^^^^^^^^^^^^^^^^^^^^^^^^^^^^^^^^^^^^
  File "<unknown>", line 12
    	+=1
    	^^
SyntaxError: invalid syntax
2025-08-18 19:31:39,493 cblogger [ERROR]: 		Error while extracting halsted code metrics: invalid syntax (<unknown>, line 12)
Traceback (most recent call last):
  File "/root/QuestionInsight/Etapa_1/codebench-mining-tool/util.py", line 569, in extract_halstead_metrics
    h = h_visit(code)
        ^^^^^^^^^^^^^
  File "/root/QuestionInsight/.venv/lib/python3.12/site-packages/radon/metrics.py", line 29, in h_visit
    return h_visit_ast(ast.parse(code))
                       ^^^^^^^^^^^^^^^
  File "/usr/lib/python3.12/ast.py", line 52, in parse
    return compile(source, filename, mode, flags,
           ^^^^^^^^^^^^^^^^^^^^^^^^^^^^^^^^^^^^^^
  File "<unknown>", line 12
    	+=1
    	^^
SyntaxError: invalid syntax
2025-08-18 19:31:39,993 cblogger [ERROR]: 		Error while extracting code complexity metrics: invalid syntax (<unknown>, line 9)
Traceback (most recent call last):
  File "/root/QuestionInsight/Etapa_1/codebench-mining-tool/util.py", line 551, in extract_complexity_metrics
    v = ComplexityVisitor.from_code(code)
        ^^^^^^^^^^^^^^^^^^^^^^^^^^^^^^^^^
  File "/root/QuestionInsight/.venv/lib/python3.12/site-packages/radon/visitors.py", line 133, in from_code
    return cls.from_ast(code2ast(code), **kwargs)
                        ^^^^^^^^^^^^^^
  File "/root/QuestionInsight/.venv/lib/python3.12/site-packages/radon/visitors.py", line 48, in code2ast
    return ast.parse(source)
           ^^^^^^^^^^^^^^^^^
  File "/usr/lib/python3.12/ast.py", line 52, in parse
    return compile(source, filename, mode, flags,
           ^^^^^^^^^^^^^^^^^^^^^^^^^^^^^^^^^^^^^^
  File "<unknown>", line 9
    if a or b or c or d =/ float:
                        ^
SyntaxError: invalid syntax
2025-08-18 19:31:39,994 cblogger [ERROR]: 		Error while extracting halsted code metrics: invalid syntax (<unknown>, line 9)
Traceback (most recent call last):
  File "/root/QuestionInsight/Etapa_1/codebench-mining-tool/util.py", line 569, in extract_halstead_metrics
    h = h_visit(code)
        ^^^^^^^^^^^^^
  File "/root/QuestionInsight/.venv/lib/python3.12/site-packages/radon/metrics.py", line 29, in h_visit
    return h_visit_ast(ast.parse(code))
                       ^^^^^^^^^^^^^^^
  File "/usr/lib/python3.12/ast.py", line 52, in parse
    return compile(source, filename, mode, flags,
           ^^^^^^^^^^^^^^^^^^^^^^^^^^^^^^^^^^^^^^
  File "<unknown>", line 9
    if a or b or c or d =/ float:
                        ^
SyntaxError: invalid syntax
2025-08-18 19:31:39,998 cblogger [ERROR]: 		Error while extracting code complexity metrics: invalid syntax (<unknown>, line 7)
Traceback (most recent call last):
  File "/root/QuestionInsight/Etapa_1/codebench-mining-tool/util.py", line 551, in extract_complexity_metrics
    v = ComplexityVisitor.from_code(code)
        ^^^^^^^^^^^^^^^^^^^^^^^^^^^^^^^^^
  File "/root/QuestionInsight/.venv/lib/python3.12/site-packages/radon/visitors.py", line 133, in from_code
    return cls.from_ast(code2ast(code), **kwargs)
                        ^^^^^^^^^^^^^^
  File "/root/QuestionInsight/.venv/lib/python3.12/site-packages/radon/visitors.py", line 48, in code2ast
    return ast.parse(source)
           ^^^^^^^^^^^^^^^^^
  File "/usr/lib/python3.12/ast.py", line 52, in parse
    return compile(source, filename, mode, flags,
           ^^^^^^^^^^^^^^^^^^^^^^^^^^^^^^^^^^^^^^
  File "<unknown>", line 7
    volume = 4*pi*(raio**3)/
                            ^
SyntaxError: invalid syntax
2025-08-18 19:31:39,998 cblogger [ERROR]: 		Error while extracting halsted code metrics: invalid syntax (<unknown>, line 7)
Traceback (most recent call last):
  File "/root/QuestionInsight/Etapa_1/codebench-mining-tool/util.py", line 569, in extract_halstead_metrics
    h = h_visit(code)
        ^^^^^^^^^^^^^
  File "/root/QuestionInsight/.venv/lib/python3.12/site-packages/radon/metrics.py", line 29, in h_visit
    return h_visit_ast(ast.parse(code))
                       ^^^^^^^^^^^^^^^
  File "/usr/lib/python3.12/ast.py", line 52, in parse
    return compile(source, filename, mode, flags,
           ^^^^^^^^^^^^^^^^^^^^^^^^^^^^^^^^^^^^^^
  File "<unknown>", line 7
    volume = 4*pi*(raio**3)/
                            ^
SyntaxError: invalid syntax
2025-08-18 19:31:40,018 cblogger [ERROR]: 		Error while extracting code complexity metrics: invalid syntax. Perhaps you forgot a comma? (<unknown>, line 2)
Traceback (most recent call last):
  File "/root/QuestionInsight/Etapa_1/codebench-mining-tool/util.py", line 551, in extract_complexity_metrics
    v = ComplexityVisitor.from_code(code)
        ^^^^^^^^^^^^^^^^^^^^^^^^^^^^^^^^^
  File "/root/QuestionInsight/.venv/lib/python3.12/site-packages/radon/visitors.py", line 133, in from_code
    return cls.from_ast(code2ast(code), **kwargs)
                        ^^^^^^^^^^^^^^
  File "/root/QuestionInsight/.venv/lib/python3.12/site-packages/radon/visitors.py", line 48, in code2ast
    return ast.parse(source)
           ^^^^^^^^^^^^^^^^^
  File "/usr/lib/python3.12/ast.py", line 52, in parse
    return compile(source, filename, mode, flags,
           ^^^^^^^^^^^^^^^^^^^^^^^^^^^^^^^^^^^^^^
  File "<unknown>", line 2
    v= array(input(insira o conjunto numerico:   ))
                   ^^^^^^^^
SyntaxError: invalid syntax. Perhaps you forgot a comma?
2025-08-18 19:31:40,021 cblogger [ERROR]: 		Error while extracting halsted code metrics: invalid syntax. Perhaps you forgot a comma? (<unknown>, line 2)
Traceback (most recent call last):
  File "/root/QuestionInsight/Etapa_1/codebench-mining-tool/util.py", line 569, in extract_halstead_metrics
    h = h_visit(code)
        ^^^^^^^^^^^^^
  File "/root/QuestionInsight/.venv/lib/python3.12/site-packages/radon/metrics.py", line 29, in h_visit
    return h_visit_ast(ast.parse(code))
                       ^^^^^^^^^^^^^^^
  File "/usr/lib/python3.12/ast.py", line 52, in parse
    return compile(source, filename, mode, flags,
           ^^^^^^^^^^^^^^^^^^^^^^^^^^^^^^^^^^^^^^
  File "<unknown>", line 2
    v= array(input(insira o conjunto numerico:   ))
                   ^^^^^^^^
SyntaxError: invalid syntax. Perhaps you forgot a comma?
2025-08-18 19:31:40,024 cblogger [ERROR]: 		Error while extracting code complexity metrics: invalid syntax (<unknown>, line 2)
Traceback (most recent call last):
  File "/root/QuestionInsight/Etapa_1/codebench-mining-tool/util.py", line 551, in extract_complexity_metrics
    v = ComplexityVisitor.from_code(code)
        ^^^^^^^^^^^^^^^^^^^^^^^^^^^^^^^^^
  File "/root/QuestionInsight/.venv/lib/python3.12/site-packages/radon/visitors.py", line 133, in from_code
    return cls.from_ast(code2ast(code), **kwargs)
                        ^^^^^^^^^^^^^^
  File "/root/QuestionInsight/.venv/lib/python3.12/site-packages/radon/visitors.py", line 48, in code2ast
    return ast.parse(source)
           ^^^^^^^^^^^^^^^^^
  File "/usr/lib/python3.12/ast.py", line 52, in parse
    return compile(source, filename, mode, flags,
           ^^^^^^^^^^^^^^^^^^^^^^^^^^^^^^^^^^^^^^
  File "<unknown>", line 2
    s= (array (eval( input "insira o nome:   ")))
                           ^^^^^^^^^^^^^^^^^^^
SyntaxError: invalid syntax
2025-08-18 19:31:40,025 cblogger [ERROR]: 		Error while extracting halsted code metrics: invalid syntax (<unknown>, line 2)
Traceback (most recent call last):
  File "/root/QuestionInsight/Etapa_1/codebench-mining-tool/util.py", line 569, in extract_halstead_metrics
    h = h_visit(code)
        ^^^^^^^^^^^^^
  File "/root/QuestionInsight/.venv/lib/python3.12/site-packages/radon/metrics.py", line 29, in h_visit
    return h_visit_ast(ast.parse(code))
                       ^^^^^^^^^^^^^^^
  File "/usr/lib/python3.12/ast.py", line 52, in parse
    return compile(source, filename, mode, flags,
           ^^^^^^^^^^^^^^^^^^^^^^^^^^^^^^^^^^^^^^
  File "<unknown>", line 2
    s= (array (eval( input "insira o nome:   ")))
                           ^^^^^^^^^^^^^^^^^^^
SyntaxError: invalid syntax
2025-08-18 19:31:40,029 cblogger [ERROR]: 		Error while extracting code complexity metrics: invalid syntax (<unknown>, line 6)
Traceback (most recent call last):
  File "/root/QuestionInsight/Etapa_1/codebench-mining-tool/util.py", line 551, in extract_complexity_metrics
    v = ComplexityVisitor.from_code(code)
        ^^^^^^^^^^^^^^^^^^^^^^^^^^^^^^^^^
  File "/root/QuestionInsight/.venv/lib/python3.12/site-packages/radon/visitors.py", line 133, in from_code
    return cls.from_ast(code2ast(code), **kwargs)
                        ^^^^^^^^^^^^^^
  File "/root/QuestionInsight/.venv/lib/python3.12/site-packages/radon/visitors.py", line 48, in code2ast
    return ast.parse(source)
           ^^^^^^^^^^^^^^^^^
  File "/usr/lib/python3.12/ast.py", line 52, in parse
    return compile(source, filename, mode, flags,
           ^^^^^^^^^^^^^^^^^^^^^^^^^^^^^^^^^^^^^^
  File "<unknown>", line 6
    c = ?????? * cos (g) 
        ^
SyntaxError: invalid syntax
2025-08-18 19:31:40,030 cblogger [ERROR]: 		Error while extracting halsted code metrics: invalid syntax (<unknown>, line 6)
Traceback (most recent call last):
  File "/root/QuestionInsight/Etapa_1/codebench-mining-tool/util.py", line 569, in extract_halstead_metrics
    h = h_visit(code)
        ^^^^^^^^^^^^^
  File "/root/QuestionInsight/.venv/lib/python3.12/site-packages/radon/metrics.py", line 29, in h_visit
    return h_visit_ast(ast.parse(code))
                       ^^^^^^^^^^^^^^^
  File "/usr/lib/python3.12/ast.py", line 52, in parse
    return compile(source, filename, mode, flags,
           ^^^^^^^^^^^^^^^^^^^^^^^^^^^^^^^^^^^^^^
  File "<unknown>", line 6
    c = ?????? * cos (g) 
        ^
SyntaxError: invalid syntax
2025-08-18 19:31:40,030 cblogger [ERROR]: 		Error while extracting code token based metrics: 55
Traceback (most recent call last):
  File "/root/QuestionInsight/Etapa_1/codebench-mining-tool/util.py", line 633, in extract_token_metrics
    setattr(obj, TOKEN_NAMES[k], v)
                 ~~~~~~~~~~~^^^
KeyError: 55
2025-08-18 19:31:40,041 cblogger [ERROR]: 		Error while extracting code complexity metrics: invalid syntax (<unknown>, line 15)
Traceback (most recent call last):
  File "/root/QuestionInsight/Etapa_1/codebench-mining-tool/util.py", line 551, in extract_complexity_metrics
    v = ComplexityVisitor.from_code(code)
        ^^^^^^^^^^^^^^^^^^^^^^^^^^^^^^^^^
  File "/root/QuestionInsight/.venv/lib/python3.12/site-packages/radon/visitors.py", line 133, in from_code
    return cls.from_ast(code2ast(code), **kwargs)
                        ^^^^^^^^^^^^^^
  File "/root/QuestionInsight/.venv/lib/python3.12/site-packages/radon/visitors.py", line 48, in code2ast
    return ast.parse(source)
           ^^^^^^^^^^^^^^^^^
  File "/usr/lib/python3.12/ast.py", line 52, in parse
    return compile(source, filename, mode, flags,
           ^^^^^^^^^^^^^^^^^^^^^^^^^^^^^^^^^^^^^^
  File "<unknown>", line 15
    			else: 
    			^^^^
SyntaxError: invalid syntax
2025-08-18 19:31:40,042 cblogger [ERROR]: 		Error while extracting halsted code metrics: invalid syntax (<unknown>, line 15)
Traceback (most recent call last):
  File "/root/QuestionInsight/Etapa_1/codebench-mining-tool/util.py", line 569, in extract_halstead_metrics
    h = h_visit(code)
        ^^^^^^^^^^^^^
  File "/root/QuestionInsight/.venv/lib/python3.12/site-packages/radon/metrics.py", line 29, in h_visit
    return h_visit_ast(ast.parse(code))
                       ^^^^^^^^^^^^^^^
  File "/usr/lib/python3.12/ast.py", line 52, in parse
    return compile(source, filename, mode, flags,
           ^^^^^^^^^^^^^^^^^^^^^^^^^^^^^^^^^^^^^^
  File "<unknown>", line 15
    			else: 
    			^^^^
SyntaxError: invalid syntax
2025-08-18 19:31:40,047 cblogger [ERROR]: 		Error while extracting code complexity metrics: invalid syntax (<unknown>, line 3)
Traceback (most recent call last):
  File "/root/QuestionInsight/Etapa_1/codebench-mining-tool/util.py", line 551, in extract_complexity_metrics
    v = ComplexityVisitor.from_code(code)
        ^^^^^^^^^^^^^^^^^^^^^^^^^^^^^^^^^
  File "/root/QuestionInsight/.venv/lib/python3.12/site-packages/radon/visitors.py", line 133, in from_code
    return cls.from_ast(code2ast(code), **kwargs)
                        ^^^^^^^^^^^^^^
  File "/root/QuestionInsight/.venv/lib/python3.12/site-packages/radon/visitors.py", line 48, in code2ast
    return ast.parse(source)
           ^^^^^^^^^^^^^^^^^
  File "/usr/lib/python3.12/ast.py", line 52, in parse
    return compile(source, filename, mode, flags,
           ^^^^^^^^^^^^^^^^^^^^^^^^^^^^^^^^^^^^^^
  File "<unknown>", line 3
    import .math
           ^
SyntaxError: invalid syntax
2025-08-18 19:31:40,047 cblogger [ERROR]: 		Error while extracting halsted code metrics: invalid syntax (<unknown>, line 3)
Traceback (most recent call last):
  File "/root/QuestionInsight/Etapa_1/codebench-mining-tool/util.py", line 569, in extract_halstead_metrics
    h = h_visit(code)
        ^^^^^^^^^^^^^
  File "/root/QuestionInsight/.venv/lib/python3.12/site-packages/radon/metrics.py", line 29, in h_visit
    return h_visit_ast(ast.parse(code))
                       ^^^^^^^^^^^^^^^
  File "/usr/lib/python3.12/ast.py", line 52, in parse
    return compile(source, filename, mode, flags,
           ^^^^^^^^^^^^^^^^^^^^^^^^^^^^^^^^^^^^^^
  File "<unknown>", line 3
    import .math
           ^
SyntaxError: invalid syntax
2025-08-18 19:31:40,052 cblogger [ERROR]: 		Error while extracting code complexity metrics: invalid syntax. Perhaps you forgot a comma? (<unknown>, line 2)
Traceback (most recent call last):
  File "/root/QuestionInsight/Etapa_1/codebench-mining-tool/util.py", line 551, in extract_complexity_metrics
    v = ComplexityVisitor.from_code(code)
        ^^^^^^^^^^^^^^^^^^^^^^^^^^^^^^^^^
  File "/root/QuestionInsight/.venv/lib/python3.12/site-packages/radon/visitors.py", line 133, in from_code
    return cls.from_ast(code2ast(code), **kwargs)
                        ^^^^^^^^^^^^^^
  File "/root/QuestionInsight/.venv/lib/python3.12/site-packages/radon/visitors.py", line 48, in code2ast
    return ast.parse(source)
           ^^^^^^^^^^^^^^^^^
  File "/usr/lib/python3.12/ast.py", line 52, in parse
    return compile(source, filename, mode, flags,
           ^^^^^^^^^^^^^^^^^^^^^^^^^^^^^^^^^^^^^^
  File "<unknown>", line 2
    print.upper (ada lovelace foi a primeira programadora da historia.)
                 ^^^^^^^^^^^^
SyntaxError: invalid syntax. Perhaps you forgot a comma?
2025-08-18 19:31:40,052 cblogger [ERROR]: 		Error while extracting halsted code metrics: invalid syntax. Perhaps you forgot a comma? (<unknown>, line 2)
Traceback (most recent call last):
  File "/root/QuestionInsight/Etapa_1/codebench-mining-tool/util.py", line 569, in extract_halstead_metrics
    h = h_visit(code)
        ^^^^^^^^^^^^^
  File "/root/QuestionInsight/.venv/lib/python3.12/site-packages/radon/metrics.py", line 29, in h_visit
    return h_visit_ast(ast.parse(code))
                       ^^^^^^^^^^^^^^^
  File "/usr/lib/python3.12/ast.py", line 52, in parse
    return compile(source, filename, mode, flags,
           ^^^^^^^^^^^^^^^^^^^^^^^^^^^^^^^^^^^^^^
  File "<unknown>", line 2
    print.upper (ada lovelace foi a primeira programadora da historia.)
                 ^^^^^^^^^^^^
SyntaxError: invalid syntax. Perhaps you forgot a comma?
2025-08-18 19:31:40,055 cblogger [ERROR]: 		Error while extracting code complexity metrics: invalid syntax (<unknown>, line 4)
Traceback (most recent call last):
  File "/root/QuestionInsight/Etapa_1/codebench-mining-tool/util.py", line 551, in extract_complexity_metrics
    v = ComplexityVisitor.from_code(code)
        ^^^^^^^^^^^^^^^^^^^^^^^^^^^^^^^^^
  File "/root/QuestionInsight/.venv/lib/python3.12/site-packages/radon/visitors.py", line 133, in from_code
    return cls.from_ast(code2ast(code), **kwargs)
                        ^^^^^^^^^^^^^^
  File "/root/QuestionInsight/.venv/lib/python3.12/site-packages/radon/visitors.py", line 48, in code2ast
    return ast.parse(source)
           ^^^^^^^^^^^^^^^^^
  File "/usr/lib/python3.12/ast.py", line 52, in parse
    return compile(source, filename, mode, flags,
           ^^^^^^^^^^^^^^^^^^^^^^^^^^^^^^^^^^^^^^
  File "<unknown>", line 4
    while i=!3:
           ^
SyntaxError: invalid syntax
2025-08-18 19:31:40,059 cblogger [ERROR]: 		Error while extracting halsted code metrics: invalid syntax (<unknown>, line 4)
Traceback (most recent call last):
  File "/root/QuestionInsight/Etapa_1/codebench-mining-tool/util.py", line 569, in extract_halstead_metrics
    h = h_visit(code)
        ^^^^^^^^^^^^^
  File "/root/QuestionInsight/.venv/lib/python3.12/site-packages/radon/metrics.py", line 29, in h_visit
    return h_visit_ast(ast.parse(code))
                       ^^^^^^^^^^^^^^^
  File "/usr/lib/python3.12/ast.py", line 52, in parse
    return compile(source, filename, mode, flags,
           ^^^^^^^^^^^^^^^^^^^^^^^^^^^^^^^^^^^^^^
  File "<unknown>", line 4
    while i=!3:
           ^
SyntaxError: invalid syntax
2025-08-18 19:31:40,060 cblogger [ERROR]: 		Error while extracting code complexity metrics: invalid syntax. Perhaps you forgot a comma? (<unknown>, line 11)
Traceback (most recent call last):
  File "/root/QuestionInsight/Etapa_1/codebench-mining-tool/util.py", line 551, in extract_complexity_metrics
    v = ComplexityVisitor.from_code(code)
        ^^^^^^^^^^^^^^^^^^^^^^^^^^^^^^^^^
  File "/root/QuestionInsight/.venv/lib/python3.12/site-packages/radon/visitors.py", line 133, in from_code
    return cls.from_ast(code2ast(code), **kwargs)
                        ^^^^^^^^^^^^^^
  File "/root/QuestionInsight/.venv/lib/python3.12/site-packages/radon/visitors.py", line 48, in code2ast
    return ast.parse(source)
           ^^^^^^^^^^^^^^^^^
  File "/usr/lib/python3.12/ast.py", line 52, in parse
    return compile(source, filename, mode, flags,
           ^^^^^^^^^^^^^^^^^^^^^^^^^^^^^^^^^^^^^^
  File "<unknown>", line 11
    	if (CONDIÇÃO DE PARIDADE):
    	    ^^^^^^^^^^^
SyntaxError: invalid syntax. Perhaps you forgot a comma?
2025-08-18 19:31:40,061 cblogger [ERROR]: 		Error while extracting halsted code metrics: invalid syntax. Perhaps you forgot a comma? (<unknown>, line 11)
Traceback (most recent call last):
  File "/root/QuestionInsight/Etapa_1/codebench-mining-tool/util.py", line 569, in extract_halstead_metrics
    h = h_visit(code)
        ^^^^^^^^^^^^^
  File "/root/QuestionInsight/.venv/lib/python3.12/site-packages/radon/metrics.py", line 29, in h_visit
    return h_visit_ast(ast.parse(code))
                       ^^^^^^^^^^^^^^^
  File "/usr/lib/python3.12/ast.py", line 52, in parse
    return compile(source, filename, mode, flags,
           ^^^^^^^^^^^^^^^^^^^^^^^^^^^^^^^^^^^^^^
  File "<unknown>", line 11
    	if (CONDIÇÃO DE PARIDADE):
    	    ^^^^^^^^^^^
SyntaxError: invalid syntax. Perhaps you forgot a comma?
2025-08-18 19:31:40,062 cblogger [ERROR]: 		Error while extracting code token based metrics: 55
Traceback (most recent call last):
  File "/root/QuestionInsight/Etapa_1/codebench-mining-tool/util.py", line 633, in extract_token_metrics
    setattr(obj, TOKEN_NAMES[k], v)
                 ~~~~~~~~~~~^^^
KeyError: 55
2025-08-18 19:31:40,076 cblogger [ERROR]: 		Error while extracting code complexity metrics: invalid syntax (<unknown>, line 2)
Traceback (most recent call last):
  File "/root/QuestionInsight/Etapa_1/codebench-mining-tool/util.py", line 551, in extract_complexity_metrics
    v = ComplexityVisitor.from_code(code)
        ^^^^^^^^^^^^^^^^^^^^^^^^^^^^^^^^^
  File "/root/QuestionInsight/.venv/lib/python3.12/site-packages/radon/visitors.py", line 133, in from_code
    return cls.from_ast(code2ast(code), **kwargs)
                        ^^^^^^^^^^^^^^
  File "/root/QuestionInsight/.venv/lib/python3.12/site-packages/radon/visitors.py", line 48, in code2ast
    return ast.parse(source)
           ^^^^^^^^^^^^^^^^^
  File "/usr/lib/python3.12/ast.py", line 52, in parse
    return compile(source, filename, mode, flags,
           ^^^^^^^^^^^^^^^^^^^^^^^^^^^^^^^^^^^^^^
  File "<unknown>", line 2
    if "x"  3:
            ^
SyntaxError: invalid syntax
2025-08-18 19:31:40,076 cblogger [ERROR]: 		Error while extracting halsted code metrics: invalid syntax (<unknown>, line 2)
Traceback (most recent call last):
  File "/root/QuestionInsight/Etapa_1/codebench-mining-tool/util.py", line 569, in extract_halstead_metrics
    h = h_visit(code)
        ^^^^^^^^^^^^^
  File "/root/QuestionInsight/.venv/lib/python3.12/site-packages/radon/metrics.py", line 29, in h_visit
    return h_visit_ast(ast.parse(code))
                       ^^^^^^^^^^^^^^^
  File "/usr/lib/python3.12/ast.py", line 52, in parse
    return compile(source, filename, mode, flags,
           ^^^^^^^^^^^^^^^^^^^^^^^^^^^^^^^^^^^^^^
  File "<unknown>", line 2
    if "x"  3:
            ^
SyntaxError: invalid syntax
2025-08-18 19:31:40,078 cblogger [ERROR]: 		Error while extracting code complexity metrics: invalid syntax (<unknown>, line 11)
Traceback (most recent call last):
  File "/root/QuestionInsight/Etapa_1/codebench-mining-tool/util.py", line 551, in extract_complexity_metrics
    v = ComplexityVisitor.from_code(code)
        ^^^^^^^^^^^^^^^^^^^^^^^^^^^^^^^^^
  File "/root/QuestionInsight/.venv/lib/python3.12/site-packages/radon/visitors.py", line 133, in from_code
    return cls.from_ast(code2ast(code), **kwargs)
                        ^^^^^^^^^^^^^^
  File "/root/QuestionInsight/.venv/lib/python3.12/site-packages/radon/visitors.py", line 48, in code2ast
    return ast.parse(source)
           ^^^^^^^^^^^^^^^^^
  File "/usr/lib/python3.12/ast.py", line 52, in parse
    return compile(source, filename, mode, flags,
           ^^^^^^^^^^^^^^^^^^^^^^^^^^^^^^^^^^^^^^
  File "<unknown>", line 11
    if (a>=0 and b=> 0 and c>=0):
                  ^
SyntaxError: invalid syntax
2025-08-18 19:31:40,079 cblogger [ERROR]: 		Error while extracting halsted code metrics: invalid syntax (<unknown>, line 11)
Traceback (most recent call last):
  File "/root/QuestionInsight/Etapa_1/codebench-mining-tool/util.py", line 569, in extract_halstead_metrics
    h = h_visit(code)
        ^^^^^^^^^^^^^
  File "/root/QuestionInsight/.venv/lib/python3.12/site-packages/radon/metrics.py", line 29, in h_visit
    return h_visit_ast(ast.parse(code))
                       ^^^^^^^^^^^^^^^
  File "/usr/lib/python3.12/ast.py", line 52, in parse
    return compile(source, filename, mode, flags,
           ^^^^^^^^^^^^^^^^^^^^^^^^^^^^^^^^^^^^^^
  File "<unknown>", line 11
    if (a>=0 and b=> 0 and c>=0):
                  ^
SyntaxError: invalid syntax
2025-08-18 19:31:40,085 cblogger [ERROR]: 		Error while extracting code complexity metrics: invalid syntax (<unknown>, line 10)
Traceback (most recent call last):
  File "/root/QuestionInsight/Etapa_1/codebench-mining-tool/util.py", line 551, in extract_complexity_metrics
    v = ComplexityVisitor.from_code(code)
        ^^^^^^^^^^^^^^^^^^^^^^^^^^^^^^^^^
  File "/root/QuestionInsight/.venv/lib/python3.12/site-packages/radon/visitors.py", line 133, in from_code
    return cls.from_ast(code2ast(code), **kwargs)
                        ^^^^^^^^^^^^^^
  File "/root/QuestionInsight/.venv/lib/python3.12/site-packages/radon/visitors.py", line 48, in code2ast
    return ast.parse(source)
           ^^^^^^^^^^^^^^^^^
  File "/usr/lib/python3.12/ast.py", line 52, in parse
    return compile(source, filename, mode, flags,
           ^^^^^^^^^^^^^^^^^^^^^^^^^^^^^^^^^^^^^^
  File "<unknown>", line 10
    while total_j > total _o
                          ^^
SyntaxError: invalid syntax
2025-08-18 19:31:40,086 cblogger [ERROR]: 		Error while extracting halsted code metrics: invalid syntax (<unknown>, line 10)
Traceback (most recent call last):
  File "/root/QuestionInsight/Etapa_1/codebench-mining-tool/util.py", line 569, in extract_halstead_metrics
    h = h_visit(code)
        ^^^^^^^^^^^^^
  File "/root/QuestionInsight/.venv/lib/python3.12/site-packages/radon/metrics.py", line 29, in h_visit
    return h_visit_ast(ast.parse(code))
                       ^^^^^^^^^^^^^^^
  File "/usr/lib/python3.12/ast.py", line 52, in parse
    return compile(source, filename, mode, flags,
           ^^^^^^^^^^^^^^^^^^^^^^^^^^^^^^^^^^^^^^
  File "<unknown>", line 10
    while total_j > total _o
                          ^^
SyntaxError: invalid syntax
2025-08-18 19:31:40,131 cblogger [ERROR]: 		Error while extracting code complexity metrics: invalid syntax. Perhaps you forgot a comma? (<unknown>, line 11)
Traceback (most recent call last):
  File "/root/QuestionInsight/Etapa_1/codebench-mining-tool/util.py", line 551, in extract_complexity_metrics
    v = ComplexityVisitor.from_code(code)
        ^^^^^^^^^^^^^^^^^^^^^^^^^^^^^^^^^
  File "/root/QuestionInsight/.venv/lib/python3.12/site-packages/radon/visitors.py", line 133, in from_code
    return cls.from_ast(code2ast(code), **kwargs)
                        ^^^^^^^^^^^^^^
  File "/root/QuestionInsight/.venv/lib/python3.12/site-packages/radon/visitors.py", line 48, in code2ast
    return ast.parse(source)
           ^^^^^^^^^^^^^^^^^
  File "/usr/lib/python3.12/ast.py", line 52, in parse
    return compile(source, filename, mode, flags,
           ^^^^^^^^^^^^^^^^^^^^^^^^^^^^^^^^^^^^^^
  File "<unknown>", line 11
    if (___COMPLETE AQUI___):
        ^^^^^^^^^^^^^^^^^^^
SyntaxError: invalid syntax. Perhaps you forgot a comma?
2025-08-18 19:31:40,132 cblogger [ERROR]: 		Error while extracting halsted code metrics: invalid syntax. Perhaps you forgot a comma? (<unknown>, line 11)
Traceback (most recent call last):
  File "/root/QuestionInsight/Etapa_1/codebench-mining-tool/util.py", line 569, in extract_halstead_metrics
    h = h_visit(code)
        ^^^^^^^^^^^^^
  File "/root/QuestionInsight/.venv/lib/python3.12/site-packages/radon/metrics.py", line 29, in h_visit
    return h_visit_ast(ast.parse(code))
                       ^^^^^^^^^^^^^^^
  File "/usr/lib/python3.12/ast.py", line 52, in parse
    return compile(source, filename, mode, flags,
           ^^^^^^^^^^^^^^^^^^^^^^^^^^^^^^^^^^^^^^
  File "<unknown>", line 11
    if (___COMPLETE AQUI___):
        ^^^^^^^^^^^^^^^^^^^
SyntaxError: invalid syntax. Perhaps you forgot a comma?
2025-08-18 19:31:40,256 cblogger [ERROR]: 		Error while extracting code complexity metrics: invalid syntax (<unknown>, line 5)
Traceback (most recent call last):
  File "/root/QuestionInsight/Etapa_1/codebench-mining-tool/util.py", line 551, in extract_complexity_metrics
    v = ComplexityVisitor.from_code(code)
        ^^^^^^^^^^^^^^^^^^^^^^^^^^^^^^^^^
  File "/root/QuestionInsight/.venv/lib/python3.12/site-packages/radon/visitors.py", line 133, in from_code
    return cls.from_ast(code2ast(code), **kwargs)
                        ^^^^^^^^^^^^^^
  File "/root/QuestionInsight/.venv/lib/python3.12/site-packages/radon/visitors.py", line 48, in code2ast
    return ast.parse(source)
           ^^^^^^^^^^^^^^^^^
  File "/usr/lib/python3.12/ast.py", line 52, in parse
    return compile(source, filename, mode, flags,
           ^^^^^^^^^^^^^^^^^^^^^^^^^^^^^^^^^^^^^^
  File "<unknown>", line 5
    ????? = f???t(input("Qual o valor unitario do jogo? "))
    ^
SyntaxError: invalid syntax
2025-08-18 19:31:40,257 cblogger [ERROR]: 		Error while extracting halsted code metrics: invalid syntax (<unknown>, line 5)
Traceback (most recent call last):
  File "/root/QuestionInsight/Etapa_1/codebench-mining-tool/util.py", line 569, in extract_halstead_metrics
    h = h_visit(code)
        ^^^^^^^^^^^^^
  File "/root/QuestionInsight/.venv/lib/python3.12/site-packages/radon/metrics.py", line 29, in h_visit
    return h_visit_ast(ast.parse(code))
                       ^^^^^^^^^^^^^^^
  File "/usr/lib/python3.12/ast.py", line 52, in parse
    return compile(source, filename, mode, flags,
           ^^^^^^^^^^^^^^^^^^^^^^^^^^^^^^^^^^^^^^
  File "<unknown>", line 5
    ????? = f???t(input("Qual o valor unitario do jogo? "))
    ^
SyntaxError: invalid syntax
2025-08-18 19:31:40,257 cblogger [ERROR]: 		Error while extracting code token based metrics: 55
Traceback (most recent call last):
  File "/root/QuestionInsight/Etapa_1/codebench-mining-tool/util.py", line 633, in extract_token_metrics
    setattr(obj, TOKEN_NAMES[k], v)
                 ~~~~~~~~~~~^^^
KeyError: 55
2025-08-18 19:31:40,517 cblogger [ERROR]: 		Error while extracting code complexity metrics: invalid syntax (<unknown>, line 1)
Traceback (most recent call last):
  File "/root/QuestionInsight/Etapa_1/codebench-mining-tool/util.py", line 551, in extract_complexity_metrics
    v = ComplexityVisitor.from_code(code)
        ^^^^^^^^^^^^^^^^^^^^^^^^^^^^^^^^^
  File "/root/QuestionInsight/.venv/lib/python3.12/site-packages/radon/visitors.py", line 133, in from_code
    return cls.from_ast(code2ast(code), **kwargs)
                        ^^^^^^^^^^^^^^
  File "/root/QuestionInsight/.venv/lib/python3.12/site-packages/radon/visitors.py", line 48, in code2ast
    return ast.parse(source)
           ^^^^^^^^^^^^^^^^^
  File "/usr/lib/python3.12/ast.py", line 52, in parse
    return compile(source, filename, mode, flags,
           ^^^^^^^^^^^^^^^^^^^^^^^^^^^^^^^^^^^^^^
  File "<unknown>", line 1
    marth from 
          ^^^^
SyntaxError: invalid syntax
2025-08-18 19:31:40,518 cblogger [ERROR]: 		Error while extracting halsted code metrics: invalid syntax (<unknown>, line 1)
Traceback (most recent call last):
  File "/root/QuestionInsight/Etapa_1/codebench-mining-tool/util.py", line 569, in extract_halstead_metrics
    h = h_visit(code)
        ^^^^^^^^^^^^^
  File "/root/QuestionInsight/.venv/lib/python3.12/site-packages/radon/metrics.py", line 29, in h_visit
    return h_visit_ast(ast.parse(code))
                       ^^^^^^^^^^^^^^^
  File "/usr/lib/python3.12/ast.py", line 52, in parse
    return compile(source, filename, mode, flags,
           ^^^^^^^^^^^^^^^^^^^^^^^^^^^^^^^^^^^^^^
  File "<unknown>", line 1
    marth from 
          ^^^^
SyntaxError: invalid syntax
2025-08-18 19:31:40,824 cblogger [ERROR]: 		Error while extracting code complexity metrics: invalid syntax (<unknown>, line 4)
Traceback (most recent call last):
  File "/root/QuestionInsight/Etapa_1/codebench-mining-tool/util.py", line 551, in extract_complexity_metrics
    v = ComplexityVisitor.from_code(code)
        ^^^^^^^^^^^^^^^^^^^^^^^^^^^^^^^^^
  File "/root/QuestionInsight/.venv/lib/python3.12/site-packages/radon/visitors.py", line 133, in from_code
    return cls.from_ast(code2ast(code), **kwargs)
                        ^^^^^^^^^^^^^^
  File "/root/QuestionInsight/.venv/lib/python3.12/site-packages/radon/visitors.py", line 48, in code2ast
    return ast.parse(source)
           ^^^^^^^^^^^^^^^^^
  File "/usr/lib/python3.12/ast.py", line 52, in parse
    return compile(source, filename, mode, flags,
           ^^^^^^^^^^^^^^^^^^^^^^^^^^^^^^^^^^^^^^
  File "<unknown>", line 4
    h=
      ^
SyntaxError: invalid syntax
2025-08-18 19:31:40,825 cblogger [ERROR]: 		Error while extracting halsted code metrics: invalid syntax (<unknown>, line 4)
Traceback (most recent call last):
  File "/root/QuestionInsight/Etapa_1/codebench-mining-tool/util.py", line 569, in extract_halstead_metrics
    h = h_visit(code)
        ^^^^^^^^^^^^^
  File "/root/QuestionInsight/.venv/lib/python3.12/site-packages/radon/metrics.py", line 29, in h_visit
    return h_visit_ast(ast.parse(code))
                       ^^^^^^^^^^^^^^^
  File "/usr/lib/python3.12/ast.py", line 52, in parse
    return compile(source, filename, mode, flags,
           ^^^^^^^^^^^^^^^^^^^^^^^^^^^^^^^^^^^^^^
  File "<unknown>", line 4
    h=
      ^
SyntaxError: invalid syntax
2025-08-18 19:31:41,091 cblogger [ERROR]: 		Error while extracting code complexity metrics: invalid syntax (<unknown>, line 5)
Traceback (most recent call last):
  File "/root/QuestionInsight/Etapa_1/codebench-mining-tool/util.py", line 551, in extract_complexity_metrics
    v = ComplexityVisitor.from_code(code)
        ^^^^^^^^^^^^^^^^^^^^^^^^^^^^^^^^^
  File "/root/QuestionInsight/.venv/lib/python3.12/site-packages/radon/visitors.py", line 133, in from_code
    return cls.from_ast(code2ast(code), **kwargs)
                        ^^^^^^^^^^^^^^
  File "/root/QuestionInsight/.venv/lib/python3.12/site-packages/radon/visitors.py", line 48, in code2ast
    return ast.parse(source)
           ^^^^^^^^^^^^^^^^^
  File "/usr/lib/python3.12/ast.py", line 52, in parse
    return compile(source, filename, mode, flags,
           ^^^^^^^^^^^^^^^^^^^^^^^^^^^^^^^^^^^^^^
  File "<unknown>", line 5
    	if n%1==0 and n%3==0 and:
    	                        ^
SyntaxError: invalid syntax
2025-08-18 19:31:41,092 cblogger [ERROR]: 		Error while extracting halsted code metrics: invalid syntax (<unknown>, line 5)
Traceback (most recent call last):
  File "/root/QuestionInsight/Etapa_1/codebench-mining-tool/util.py", line 569, in extract_halstead_metrics
    h = h_visit(code)
        ^^^^^^^^^^^^^
  File "/root/QuestionInsight/.venv/lib/python3.12/site-packages/radon/metrics.py", line 29, in h_visit
    return h_visit_ast(ast.parse(code))
                       ^^^^^^^^^^^^^^^
  File "/usr/lib/python3.12/ast.py", line 52, in parse
    return compile(source, filename, mode, flags,
           ^^^^^^^^^^^^^^^^^^^^^^^^^^^^^^^^^^^^^^
  File "<unknown>", line 5
    	if n%1==0 and n%3==0 and:
    	                        ^
SyntaxError: invalid syntax
2025-08-18 19:31:41,137 cblogger [ERROR]: 		Error while extracting code complexity metrics: invalid syntax (<unknown>, line 9)
Traceback (most recent call last):
  File "/root/QuestionInsight/Etapa_1/codebench-mining-tool/util.py", line 551, in extract_complexity_metrics
    v = ComplexityVisitor.from_code(code)
        ^^^^^^^^^^^^^^^^^^^^^^^^^^^^^^^^^
  File "/root/QuestionInsight/.venv/lib/python3.12/site-packages/radon/visitors.py", line 133, in from_code
    return cls.from_ast(code2ast(code), **kwargs)
                        ^^^^^^^^^^^^^^
  File "/root/QuestionInsight/.venv/lib/python3.12/site-packages/radon/visitors.py", line 48, in code2ast
    return ast.parse(source)
           ^^^^^^^^^^^^^^^^^
  File "/usr/lib/python3.12/ast.py", line 52, in parse
    return compile(source, filename, mode, flags,
           ^^^^^^^^^^^^^^^^^^^^^^^^^^^^^^^^^^^^^^
  File "<unknown>", line 9
    	if 
    	   ^
SyntaxError: invalid syntax
2025-08-18 19:31:41,138 cblogger [ERROR]: 		Error while extracting halsted code metrics: invalid syntax (<unknown>, line 9)
Traceback (most recent call last):
  File "/root/QuestionInsight/Etapa_1/codebench-mining-tool/util.py", line 569, in extract_halstead_metrics
    h = h_visit(code)
        ^^^^^^^^^^^^^
  File "/root/QuestionInsight/.venv/lib/python3.12/site-packages/radon/metrics.py", line 29, in h_visit
    return h_visit_ast(ast.parse(code))
                       ^^^^^^^^^^^^^^^
  File "/usr/lib/python3.12/ast.py", line 52, in parse
    return compile(source, filename, mode, flags,
           ^^^^^^^^^^^^^^^^^^^^^^^^^^^^^^^^^^^^^^
  File "<unknown>", line 9
    	if 
    	   ^
SyntaxError: invalid syntax
2025-08-18 19:31:41,202 cblogger [ERROR]: 		Error while extracting code complexity metrics: expected an indented block after 'if' statement on line 7 (<unknown>, line 8)
Traceback (most recent call last):
  File "/root/QuestionInsight/Etapa_1/codebench-mining-tool/util.py", line 551, in extract_complexity_metrics
    v = ComplexityVisitor.from_code(code)
        ^^^^^^^^^^^^^^^^^^^^^^^^^^^^^^^^^
  File "/root/QuestionInsight/.venv/lib/python3.12/site-packages/radon/visitors.py", line 133, in from_code
    return cls.from_ast(code2ast(code), **kwargs)
                        ^^^^^^^^^^^^^^
  File "/root/QuestionInsight/.venv/lib/python3.12/site-packages/radon/visitors.py", line 48, in code2ast
    return ast.parse(source)
           ^^^^^^^^^^^^^^^^^
  File "/usr/lib/python3.12/ast.py", line 52, in parse
    return compile(source, filename, mode, flags,
           ^^^^^^^^^^^^^^^^^^^^^^^^^^^^^^^^^^^^^^
  File "<unknown>", line 8
    	print(i)
    	^^^^^
IndentationError: expected an indented block after 'if' statement on line 7
2025-08-18 19:31:41,203 cblogger [ERROR]: 		Error while extracting halsted code metrics: expected an indented block after 'if' statement on line 7 (<unknown>, line 8)
Traceback (most recent call last):
  File "/root/QuestionInsight/Etapa_1/codebench-mining-tool/util.py", line 569, in extract_halstead_metrics
    h = h_visit(code)
        ^^^^^^^^^^^^^
  File "/root/QuestionInsight/.venv/lib/python3.12/site-packages/radon/metrics.py", line 29, in h_visit
    return h_visit_ast(ast.parse(code))
                       ^^^^^^^^^^^^^^^
  File "/usr/lib/python3.12/ast.py", line 52, in parse
    return compile(source, filename, mode, flags,
           ^^^^^^^^^^^^^^^^^^^^^^^^^^^^^^^^^^^^^^
  File "<unknown>", line 8
    	print(i)
    	^^^^^
IndentationError: expected an indented block after 'if' statement on line 7
2025-08-18 19:31:41,529 cblogger [ERROR]: 		Error while extracting code complexity metrics: expected an indented block after 'if' statement on line 6 (<unknown>, line 7)
Traceback (most recent call last):
  File "/root/QuestionInsight/Etapa_1/codebench-mining-tool/util.py", line 551, in extract_complexity_metrics
    v = ComplexityVisitor.from_code(code)
        ^^^^^^^^^^^^^^^^^^^^^^^^^^^^^^^^^
  File "/root/QuestionInsight/.venv/lib/python3.12/site-packages/radon/visitors.py", line 133, in from_code
    return cls.from_ast(code2ast(code), **kwargs)
                        ^^^^^^^^^^^^^^
  File "/root/QuestionInsight/.venv/lib/python3.12/site-packages/radon/visitors.py", line 48, in code2ast
    return ast.parse(source)
           ^^^^^^^^^^^^^^^^^
  File "/usr/lib/python3.12/ast.py", line 52, in parse
    return compile(source, filename, mode, flags,
           ^^^^^^^^^^^^^^^^^^^^^^^^^^^^^^^^^^^^^^
  File "<unknown>", line 7
    elif (mm == "02"):
    ^^^^
IndentationError: expected an indented block after 'if' statement on line 6
2025-08-18 19:31:41,530 cblogger [ERROR]: 		Error while extracting halsted code metrics: expected an indented block after 'if' statement on line 6 (<unknown>, line 7)
Traceback (most recent call last):
  File "/root/QuestionInsight/Etapa_1/codebench-mining-tool/util.py", line 569, in extract_halstead_metrics
    h = h_visit(code)
        ^^^^^^^^^^^^^
  File "/root/QuestionInsight/.venv/lib/python3.12/site-packages/radon/metrics.py", line 29, in h_visit
    return h_visit_ast(ast.parse(code))
                       ^^^^^^^^^^^^^^^
  File "/usr/lib/python3.12/ast.py", line 52, in parse
    return compile(source, filename, mode, flags,
           ^^^^^^^^^^^^^^^^^^^^^^^^^^^^^^^^^^^^^^
  File "<unknown>", line 7
    elif (mm == "02"):
    ^^^^
IndentationError: expected an indented block after 'if' statement on line 6
2025-08-18 19:31:41,682 cblogger [ERROR]: 		Error while extracting code complexity metrics: unexpected indent (<unknown>, line 9)
Traceback (most recent call last):
  File "/root/QuestionInsight/Etapa_1/codebench-mining-tool/util.py", line 551, in extract_complexity_metrics
    v = ComplexityVisitor.from_code(code)
        ^^^^^^^^^^^^^^^^^^^^^^^^^^^^^^^^^
  File "/root/QuestionInsight/.venv/lib/python3.12/site-packages/radon/visitors.py", line 133, in from_code
    return cls.from_ast(code2ast(code), **kwargs)
                        ^^^^^^^^^^^^^^
  File "/root/QuestionInsight/.venv/lib/python3.12/site-packages/radon/visitors.py", line 48, in code2ast
    return ast.parse(source)
           ^^^^^^^^^^^^^^^^^
  File "/usr/lib/python3.12/ast.py", line 52, in parse
    return compile(source, filename, mode, flags,
           ^^^^^^^^^^^^^^^^^^^^^^^^^^^^^^^^^^^^^^
  File "<unknown>", line 9
    		if (b>= 1.37):
    	^
IndentationError: unexpected indent
2025-08-18 19:31:41,683 cblogger [ERROR]: 		Error while extracting halsted code metrics: unexpected indent (<unknown>, line 9)
Traceback (most recent call last):
  File "/root/QuestionInsight/Etapa_1/codebench-mining-tool/util.py", line 569, in extract_halstead_metrics
    h = h_visit(code)
        ^^^^^^^^^^^^^
  File "/root/QuestionInsight/.venv/lib/python3.12/site-packages/radon/metrics.py", line 29, in h_visit
    return h_visit_ast(ast.parse(code))
                       ^^^^^^^^^^^^^^^
  File "/usr/lib/python3.12/ast.py", line 52, in parse
    return compile(source, filename, mode, flags,
           ^^^^^^^^^^^^^^^^^^^^^^^^^^^^^^^^^^^^^^
  File "<unknown>", line 9
    		if (b>= 1.37):
    	^
IndentationError: unexpected indent
2025-08-18 19:31:41,739 cblogger [ERROR]: 		Error while extracting code complexity metrics: expected an indented block after 'if' statement on line 9 (<unknown>, line 10)
Traceback (most recent call last):
  File "/root/QuestionInsight/Etapa_1/codebench-mining-tool/util.py", line 551, in extract_complexity_metrics
    v = ComplexityVisitor.from_code(code)
        ^^^^^^^^^^^^^^^^^^^^^^^^^^^^^^^^^
  File "/root/QuestionInsight/.venv/lib/python3.12/site-packages/radon/visitors.py", line 133, in from_code
    return cls.from_ast(code2ast(code), **kwargs)
                        ^^^^^^^^^^^^^^
  File "/root/QuestionInsight/.venv/lib/python3.12/site-packages/radon/visitors.py", line 48, in code2ast
    return ast.parse(source)
           ^^^^^^^^^^^^^^^^^
  File "/usr/lib/python3.12/ast.py", line 52, in parse
    return compile(source, filename, mode, flags,
           ^^^^^^^^^^^^^^^^^^^^^^^^^^^^^^^^^^^^^^
  File "<unknown>", line 10
    if ((a*f) - (c*d))/((a*e) - (b*d)) != 0:
    ^^
IndentationError: expected an indented block after 'if' statement on line 9
2025-08-18 19:31:41,740 cblogger [ERROR]: 		Error while extracting halsted code metrics: expected an indented block after 'if' statement on line 9 (<unknown>, line 10)
Traceback (most recent call last):
  File "/root/QuestionInsight/Etapa_1/codebench-mining-tool/util.py", line 569, in extract_halstead_metrics
    h = h_visit(code)
        ^^^^^^^^^^^^^
  File "/root/QuestionInsight/.venv/lib/python3.12/site-packages/radon/metrics.py", line 29, in h_visit
    return h_visit_ast(ast.parse(code))
                       ^^^^^^^^^^^^^^^
  File "/usr/lib/python3.12/ast.py", line 52, in parse
    return compile(source, filename, mode, flags,
           ^^^^^^^^^^^^^^^^^^^^^^^^^^^^^^^^^^^^^^
  File "<unknown>", line 10
    if ((a*f) - (c*d))/((a*e) - (b*d)) != 0:
    ^^
IndentationError: expected an indented block after 'if' statement on line 9
2025-08-18 19:31:41,750 cblogger [ERROR]: 		Error while extracting code complexity metrics: invalid syntax (<unknown>, line 5)
Traceback (most recent call last):
  File "/root/QuestionInsight/Etapa_1/codebench-mining-tool/util.py", line 551, in extract_complexity_metrics
    v = ComplexityVisitor.from_code(code)
        ^^^^^^^^^^^^^^^^^^^^^^^^^^^^^^^^^
  File "/root/QuestionInsight/.venv/lib/python3.12/site-packages/radon/visitors.py", line 133, in from_code
    return cls.from_ast(code2ast(code), **kwargs)
                        ^^^^^^^^^^^^^^
  File "/root/QuestionInsight/.venv/lib/python3.12/site-packages/radon/visitors.py", line 48, in code2ast
    return ast.parse(source)
           ^^^^^^^^^^^^^^^^^
  File "/usr/lib/python3.12/ast.py", line 52, in parse
    return compile(source, filename, mode, flags,
           ^^^^^^^^^^^^^^^^^^^^^^^^^^^^^^^^^^^^^^
  File "<unknown>", line 5
    elif:
        ^
SyntaxError: invalid syntax
2025-08-18 19:31:41,751 cblogger [ERROR]: 		Error while extracting halsted code metrics: invalid syntax (<unknown>, line 5)
Traceback (most recent call last):
  File "/root/QuestionInsight/Etapa_1/codebench-mining-tool/util.py", line 569, in extract_halstead_metrics
    h = h_visit(code)
        ^^^^^^^^^^^^^
  File "/root/QuestionInsight/.venv/lib/python3.12/site-packages/radon/metrics.py", line 29, in h_visit
    return h_visit_ast(ast.parse(code))
                       ^^^^^^^^^^^^^^^
  File "/usr/lib/python3.12/ast.py", line 52, in parse
    return compile(source, filename, mode, flags,
           ^^^^^^^^^^^^^^^^^^^^^^^^^^^^^^^^^^^^^^
  File "<unknown>", line 5
    elif:
        ^
SyntaxError: invalid syntax
2025-08-18 19:31:41,771 cblogger [ERROR]: 		Error while extracting code complexity metrics: unexpected indent (<unknown>, line 11)
Traceback (most recent call last):
  File "/root/QuestionInsight/Etapa_1/codebench-mining-tool/util.py", line 551, in extract_complexity_metrics
    v = ComplexityVisitor.from_code(code)
        ^^^^^^^^^^^^^^^^^^^^^^^^^^^^^^^^^
  File "/root/QuestionInsight/.venv/lib/python3.12/site-packages/radon/visitors.py", line 133, in from_code
    return cls.from_ast(code2ast(code), **kwargs)
                        ^^^^^^^^^^^^^^
  File "/root/QuestionInsight/.venv/lib/python3.12/site-packages/radon/visitors.py", line 48, in code2ast
    return ast.parse(source)
           ^^^^^^^^^^^^^^^^^
  File "/usr/lib/python3.12/ast.py", line 52, in parse
    return compile(source, filename, mode, flags,
           ^^^^^^^^^^^^^^^^^^^^^^^^^^^^^^^^^^^^^^
  File "<unknown>", line 11
    		if ("b <= a"):
    	^
IndentationError: unexpected indent
2025-08-18 19:31:41,772 cblogger [ERROR]: 		Error while extracting halsted code metrics: unexpected indent (<unknown>, line 11)
Traceback (most recent call last):
  File "/root/QuestionInsight/Etapa_1/codebench-mining-tool/util.py", line 569, in extract_halstead_metrics
    h = h_visit(code)
        ^^^^^^^^^^^^^
  File "/root/QuestionInsight/.venv/lib/python3.12/site-packages/radon/metrics.py", line 29, in h_visit
    return h_visit_ast(ast.parse(code))
                       ^^^^^^^^^^^^^^^
  File "/usr/lib/python3.12/ast.py", line 52, in parse
    return compile(source, filename, mode, flags,
           ^^^^^^^^^^^^^^^^^^^^^^^^^^^^^^^^^^^^^^
  File "<unknown>", line 11
    		if ("b <= a"):
    	^
IndentationError: unexpected indent
2025-08-18 19:31:41,778 cblogger [ERROR]: 		Error while extracting code complexity metrics: unexpected indent (<unknown>, line 6)
Traceback (most recent call last):
  File "/root/QuestionInsight/Etapa_1/codebench-mining-tool/util.py", line 551, in extract_complexity_metrics
    v = ComplexityVisitor.from_code(code)
        ^^^^^^^^^^^^^^^^^^^^^^^^^^^^^^^^^
  File "/root/QuestionInsight/.venv/lib/python3.12/site-packages/radon/visitors.py", line 133, in from_code
    return cls.from_ast(code2ast(code), **kwargs)
                        ^^^^^^^^^^^^^^
  File "/root/QuestionInsight/.venv/lib/python3.12/site-packages/radon/visitors.py", line 48, in code2ast
    return ast.parse(source)
           ^^^^^^^^^^^^^^^^^
  File "/usr/lib/python3.12/ast.py", line 52, in parse
    return compile(source, filename, mode, flags,
           ^^^^^^^^^^^^^^^^^^^^^^^^^^^^^^^^^^^^^^
  File "<unknown>", line 6
    		if ((N % 3) and (N % 5)):
    	^
IndentationError: unexpected indent
2025-08-18 19:31:41,778 cblogger [ERROR]: 		Error while extracting halsted code metrics: unexpected indent (<unknown>, line 6)
Traceback (most recent call last):
  File "/root/QuestionInsight/Etapa_1/codebench-mining-tool/util.py", line 569, in extract_halstead_metrics
    h = h_visit(code)
        ^^^^^^^^^^^^^
  File "/root/QuestionInsight/.venv/lib/python3.12/site-packages/radon/metrics.py", line 29, in h_visit
    return h_visit_ast(ast.parse(code))
                       ^^^^^^^^^^^^^^^
  File "/usr/lib/python3.12/ast.py", line 52, in parse
    return compile(source, filename, mode, flags,
           ^^^^^^^^^^^^^^^^^^^^^^^^^^^^^^^^^^^^^^
  File "<unknown>", line 6
    		if ((N % 3) and (N % 5)):
    	^
IndentationError: unexpected indent
2025-08-18 19:31:41,842 cblogger [ERROR]: 		Error while extracting code complexity metrics: '(' was never closed (<unknown>, line 4)
Traceback (most recent call last):
  File "/root/QuestionInsight/Etapa_1/codebench-mining-tool/util.py", line 551, in extract_complexity_metrics
    v = ComplexityVisitor.from_code(code)
        ^^^^^^^^^^^^^^^^^^^^^^^^^^^^^^^^^
  File "/root/QuestionInsight/.venv/lib/python3.12/site-packages/radon/visitors.py", line 133, in from_code
    return cls.from_ast(code2ast(code), **kwargs)
                        ^^^^^^^^^^^^^^
  File "/root/QuestionInsight/.venv/lib/python3.12/site-packages/radon/visitors.py", line 48, in code2ast
    return ast.parse(source)
           ^^^^^^^^^^^^^^^^^
  File "/usr/lib/python3.12/ast.py", line 52, in parse
    return compile(source, filename, mode, flags,
           ^^^^^^^^^^^^^^^^^^^^^^^^^^^^^^^^^^^^^^
  File "<unknown>", line 4
    total2 = (varlor - (15/100*valor)*familia
             ^
SyntaxError: '(' was never closed
2025-08-18 19:31:41,922 cblogger [ERROR]: 		Error while extracting code size based metrics: SyntaxError at line: 4
Traceback (most recent call last):
  File "/root/QuestionInsight/.venv/lib/python3.12/site-packages/radon/raw.py", line 210, in analyze
    tokens, parsed_lines = _get_all_tokens(line, lines)
                           ^^^^^^^^^^^^^^^^^^^^^^^^^^^^
  File "/root/QuestionInsight/.venv/lib/python3.12/site-packages/radon/raw.py", line 117, in _get_all_tokens
    next_line = next(lines)
                ^^^^^^^^^^^
StopIteration

During handling of the above exception, another exception occurred:

Traceback (most recent call last):
  File "/root/QuestionInsight/Etapa_1/codebench-mining-tool/util.py", line 560, in extract_size_metrics
    a = analyze(code)
        ^^^^^^^^^^^^^
  File "/root/QuestionInsight/.venv/lib/python3.12/site-packages/radon/raw.py", line 212, in analyze
    raise SyntaxError('SyntaxError at line: {0}'.format(lineno))
SyntaxError: SyntaxError at line: 4
2025-08-18 19:31:41,923 cblogger [ERROR]: 		Error while extracting halsted code metrics: '(' was never closed (<unknown>, line 4)
Traceback (most recent call last):
  File "/root/QuestionInsight/Etapa_1/codebench-mining-tool/util.py", line 569, in extract_halstead_metrics
    h = h_visit(code)
        ^^^^^^^^^^^^^
  File "/root/QuestionInsight/.venv/lib/python3.12/site-packages/radon/metrics.py", line 29, in h_visit
    return h_visit_ast(ast.parse(code))
                       ^^^^^^^^^^^^^^^
  File "/usr/lib/python3.12/ast.py", line 52, in parse
    return compile(source, filename, mode, flags,
           ^^^^^^^^^^^^^^^^^^^^^^^^^^^^^^^^^^^^^^
  File "<unknown>", line 4
    total2 = (varlor - (15/100*valor)*familia
             ^
SyntaxError: '(' was never closed
2025-08-18 19:31:41,992 cblogger [ERROR]: 		Error while extracting code complexity metrics: '(' was never closed (<unknown>, line 9)
Traceback (most recent call last):
  File "/root/QuestionInsight/Etapa_1/codebench-mining-tool/util.py", line 551, in extract_complexity_metrics
    v = ComplexityVisitor.from_code(code)
        ^^^^^^^^^^^^^^^^^^^^^^^^^^^^^^^^^
  File "/root/QuestionInsight/.venv/lib/python3.12/site-packages/radon/visitors.py", line 133, in from_code
    return cls.from_ast(code2ast(code), **kwargs)
                        ^^^^^^^^^^^^^^
  File "/root/QuestionInsight/.venv/lib/python3.12/site-packages/radon/visitors.py", line 48, in code2ast
    return ast.parse(source)
           ^^^^^^^^^^^^^^^^^
  File "/usr/lib/python3.12/ast.py", line 52, in parse
    return compile(source, filename, mode, flags,
           ^^^^^^^^^^^^^^^^^^^^^^^^^^^^^^^^^^^^^^
  File "<unknown>", line 9
    R = ((v0**2)*sin(2*(a))/g
        ^
SyntaxError: '(' was never closed
2025-08-18 19:31:41,993 cblogger [ERROR]: 		Error while extracting code size based metrics: SyntaxError at line: 9
Traceback (most recent call last):
  File "/root/QuestionInsight/.venv/lib/python3.12/site-packages/radon/raw.py", line 210, in analyze
    tokens, parsed_lines = _get_all_tokens(line, lines)
                           ^^^^^^^^^^^^^^^^^^^^^^^^^^^^
  File "/root/QuestionInsight/.venv/lib/python3.12/site-packages/radon/raw.py", line 117, in _get_all_tokens
    next_line = next(lines)
                ^^^^^^^^^^^
StopIteration

During handling of the above exception, another exception occurred:

Traceback (most recent call last):
  File "/root/QuestionInsight/Etapa_1/codebench-mining-tool/util.py", line 560, in extract_size_metrics
    a = analyze(code)
        ^^^^^^^^^^^^^
  File "/root/QuestionInsight/.venv/lib/python3.12/site-packages/radon/raw.py", line 212, in analyze
    raise SyntaxError('SyntaxError at line: {0}'.format(lineno))
SyntaxError: SyntaxError at line: 9
2025-08-18 19:31:41,993 cblogger [ERROR]: 		Error while extracting halsted code metrics: '(' was never closed (<unknown>, line 9)
Traceback (most recent call last):
  File "/root/QuestionInsight/Etapa_1/codebench-mining-tool/util.py", line 569, in extract_halstead_metrics
    h = h_visit(code)
        ^^^^^^^^^^^^^
  File "/root/QuestionInsight/.venv/lib/python3.12/site-packages/radon/metrics.py", line 29, in h_visit
    return h_visit_ast(ast.parse(code))
                       ^^^^^^^^^^^^^^^
  File "/usr/lib/python3.12/ast.py", line 52, in parse
    return compile(source, filename, mode, flags,
           ^^^^^^^^^^^^^^^^^^^^^^^^^^^^^^^^^^^^^^
  File "<unknown>", line 9
    R = ((v0**2)*sin(2*(a))/g
        ^
SyntaxError: '(' was never closed
2025-08-18 19:31:42,040 cblogger [ERROR]: 		Error while extracting code complexity metrics: invalid syntax (<unknown>, line 9)
Traceback (most recent call last):
  File "/root/QuestionInsight/Etapa_1/codebench-mining-tool/util.py", line 551, in extract_complexity_metrics
    v = ComplexityVisitor.from_code(code)
        ^^^^^^^^^^^^^^^^^^^^^^^^^^^^^^^^^
  File "/root/QuestionInsight/.venv/lib/python3.12/site-packages/radon/visitors.py", line 133, in from_code
    return cls.from_ast(code2ast(code), **kwargs)
                        ^^^^^^^^^^^^^^
  File "/root/QuestionInsight/.venv/lib/python3.12/site-packages/radon/visitors.py", line 48, in code2ast
    return ast.parse(source)
           ^^^^^^^^^^^^^^^^^
  File "/usr/lib/python3.12/ast.py", line 52, in parse
    return compile(source, filename, mode, flags,
           ^^^^^^^^^^^^^^^^^^^^^^^^^^^^^^^^^^^^^^
  File "<unknown>", line 9
    while (size(vet) > ???):
                       ^
SyntaxError: invalid syntax
2025-08-18 19:31:42,041 cblogger [ERROR]: 		Error while extracting halsted code metrics: invalid syntax (<unknown>, line 9)
Traceback (most recent call last):
  File "/root/QuestionInsight/Etapa_1/codebench-mining-tool/util.py", line 569, in extract_halstead_metrics
    h = h_visit(code)
        ^^^^^^^^^^^^^
  File "/root/QuestionInsight/.venv/lib/python3.12/site-packages/radon/metrics.py", line 29, in h_visit
    return h_visit_ast(ast.parse(code))
                       ^^^^^^^^^^^^^^^
  File "/usr/lib/python3.12/ast.py", line 52, in parse
    return compile(source, filename, mode, flags,
           ^^^^^^^^^^^^^^^^^^^^^^^^^^^^^^^^^^^^^^
  File "<unknown>", line 9
    while (size(vet) > ???):
                       ^
SyntaxError: invalid syntax
2025-08-18 19:31:42,042 cblogger [ERROR]: 		Error while extracting code token based metrics: 55
Traceback (most recent call last):
  File "/root/QuestionInsight/Etapa_1/codebench-mining-tool/util.py", line 633, in extract_token_metrics
    setattr(obj, TOKEN_NAMES[k], v)
                 ~~~~~~~~~~~^^^
KeyError: 55
2025-08-18 19:31:42,042 cblogger [ERROR]: 		Error while extracting code complexity metrics: invalid syntax (<unknown>, line 1)
Traceback (most recent call last):
  File "/root/QuestionInsight/Etapa_1/codebench-mining-tool/util.py", line 551, in extract_complexity_metrics
    v = ComplexityVisitor.from_code(code)
        ^^^^^^^^^^^^^^^^^^^^^^^^^^^^^^^^^
  File "/root/QuestionInsight/.venv/lib/python3.12/site-packages/radon/visitors.py", line 133, in from_code
    return cls.from_ast(code2ast(code), **kwargs)
                        ^^^^^^^^^^^^^^
  File "/root/QuestionInsight/.venv/lib/python3.12/site-packages/radon/visitors.py", line 48, in code2ast
    return ast.parse(source)
           ^^^^^^^^^^^^^^^^^
  File "/usr/lib/python3.12/ast.py", line 52, in parse
    return compile(source, filename, mode, flags,
           ^^^^^^^^^^^^^^^^^^^^^^^^^^^^^^^^^^^^^^
  File "<unknown>", line 1
    dist = float(in
                 ^^
SyntaxError: invalid syntax
2025-08-18 19:31:42,043 cblogger [ERROR]: 		Error while extracting code size based metrics: SyntaxError at line: 1
Traceback (most recent call last):
  File "/root/QuestionInsight/.venv/lib/python3.12/site-packages/radon/raw.py", line 210, in analyze
    tokens, parsed_lines = _get_all_tokens(line, lines)
                           ^^^^^^^^^^^^^^^^^^^^^^^^^^^^
  File "/root/QuestionInsight/.venv/lib/python3.12/site-packages/radon/raw.py", line 117, in _get_all_tokens
    next_line = next(lines)
                ^^^^^^^^^^^
StopIteration

During handling of the above exception, another exception occurred:

Traceback (most recent call last):
  File "/root/QuestionInsight/Etapa_1/codebench-mining-tool/util.py", line 560, in extract_size_metrics
    a = analyze(code)
        ^^^^^^^^^^^^^
  File "/root/QuestionInsight/.venv/lib/python3.12/site-packages/radon/raw.py", line 212, in analyze
    raise SyntaxError('SyntaxError at line: {0}'.format(lineno))
SyntaxError: SyntaxError at line: 1
2025-08-18 19:31:42,043 cblogger [ERROR]: 		Error while extracting halsted code metrics: invalid syntax (<unknown>, line 1)
Traceback (most recent call last):
  File "/root/QuestionInsight/Etapa_1/codebench-mining-tool/util.py", line 569, in extract_halstead_metrics
    h = h_visit(code)
        ^^^^^^^^^^^^^
  File "/root/QuestionInsight/.venv/lib/python3.12/site-packages/radon/metrics.py", line 29, in h_visit
    return h_visit_ast(ast.parse(code))
                       ^^^^^^^^^^^^^^^
  File "/usr/lib/python3.12/ast.py", line 52, in parse
    return compile(source, filename, mode, flags,
           ^^^^^^^^^^^^^^^^^^^^^^^^^^^^^^^^^^^^^^
  File "<unknown>", line 1
    dist = float(in
                 ^^
SyntaxError: invalid syntax
2025-08-18 19:31:42,045 cblogger [ERROR]: 		Error while extracting code complexity metrics: invalid syntax (<unknown>, line 1)
Traceback (most recent call last):
  File "/root/QuestionInsight/Etapa_1/codebench-mining-tool/util.py", line 551, in extract_complexity_metrics
    v = ComplexityVisitor.from_code(code)
        ^^^^^^^^^^^^^^^^^^^^^^^^^^^^^^^^^
  File "/root/QuestionInsight/.venv/lib/python3.12/site-packages/radon/visitors.py", line 133, in from_code
    return cls.from_ast(code2ast(code), **kwargs)
                        ^^^^^^^^^^^^^^
  File "/root/QuestionInsight/.venv/lib/python3.12/site-packages/radon/visitors.py", line 48, in code2ast
    return ast.parse(source)
           ^^^^^^^^^^^^^^^^^
  File "/usr/lib/python3.12/ast.py", line 52, in parse
    return compile(source, filename, mode, flags,
           ^^^^^^^^^^^^^^^^^^^^^^^^^^^^^^^^^^^^^^
  File "<unknown>", line 1
    = float(input("a = "))
    ^
SyntaxError: invalid syntax
2025-08-18 19:31:42,046 cblogger [ERROR]: 		Error while extracting halsted code metrics: invalid syntax (<unknown>, line 1)
Traceback (most recent call last):
  File "/root/QuestionInsight/Etapa_1/codebench-mining-tool/util.py", line 569, in extract_halstead_metrics
    h = h_visit(code)
        ^^^^^^^^^^^^^
  File "/root/QuestionInsight/.venv/lib/python3.12/site-packages/radon/metrics.py", line 29, in h_visit
    return h_visit_ast(ast.parse(code))
                       ^^^^^^^^^^^^^^^
  File "/usr/lib/python3.12/ast.py", line 52, in parse
    return compile(source, filename, mode, flags,
           ^^^^^^^^^^^^^^^^^^^^^^^^^^^^^^^^^^^^^^
  File "<unknown>", line 1
    = float(input("a = "))
    ^
SyntaxError: invalid syntax
2025-08-18 19:31:42,068 cblogger [ERROR]: 		Error while extracting code complexity metrics: invalid syntax (<unknown>, line 1)
Traceback (most recent call last):
  File "/root/QuestionInsight/Etapa_1/codebench-mining-tool/util.py", line 551, in extract_complexity_metrics
    v = ComplexityVisitor.from_code(code)
        ^^^^^^^^^^^^^^^^^^^^^^^^^^^^^^^^^
  File "/root/QuestionInsight/.venv/lib/python3.12/site-packages/radon/visitors.py", line 133, in from_code
    return cls.from_ast(code2ast(code), **kwargs)
                        ^^^^^^^^^^^^^^
  File "/root/QuestionInsight/.venv/lib/python3.12/site-packages/radon/visitors.py", line 48, in code2ast
    return ast.parse(source)
           ^^^^^^^^^^^^^^^^^
  File "/usr/lib/python3.12/ast.py", line 52, in parse
    return compile(source, filename, mode, flags,
           ^^^^^^^^^^^^^^^^^^^^^^^^^^^^^^^^^^^^^^
  File "<unknown>", line 1
    print("Em ",,"a UFAM completou", YYYY - XXXX, "anos de fundacao.")
                ^
SyntaxError: invalid syntax
2025-08-18 19:31:42,069 cblogger [ERROR]: 		Error while extracting halsted code metrics: invalid syntax (<unknown>, line 1)
Traceback (most recent call last):
  File "/root/QuestionInsight/Etapa_1/codebench-mining-tool/util.py", line 569, in extract_halstead_metrics
    h = h_visit(code)
        ^^^^^^^^^^^^^
  File "/root/QuestionInsight/.venv/lib/python3.12/site-packages/radon/metrics.py", line 29, in h_visit
    return h_visit_ast(ast.parse(code))
                       ^^^^^^^^^^^^^^^
  File "/usr/lib/python3.12/ast.py", line 52, in parse
    return compile(source, filename, mode, flags,
           ^^^^^^^^^^^^^^^^^^^^^^^^^^^^^^^^^^^^^^
  File "<unknown>", line 1
    print("Em ",,"a UFAM completou", YYYY - XXXX, "anos de fundacao.")
                ^
SyntaxError: invalid syntax
2025-08-18 19:31:42,084 cblogger [ERROR]: 		Error while extracting code complexity metrics: invalid syntax (<unknown>, line 1)
Traceback (most recent call last):
  File "/root/QuestionInsight/Etapa_1/codebench-mining-tool/util.py", line 551, in extract_complexity_metrics
    v = ComplexityVisitor.from_code(code)
        ^^^^^^^^^^^^^^^^^^^^^^^^^^^^^^^^^
  File "/root/QuestionInsight/.venv/lib/python3.12/site-packages/radon/visitors.py", line 133, in from_code
    return cls.from_ast(code2ast(code), **kwargs)
                        ^^^^^^^^^^^^^^
  File "/root/QuestionInsight/.venv/lib/python3.12/site-packages/radon/visitors.py", line 48, in code2ast
    return ast.parse(source)
           ^^^^^^^^^^^^^^^^^
  File "/usr/lib/python3.12/ast.py", line 52, in parse
    return compile(source, filename, mode, flags,
           ^^^^^^^^^^^^^^^^^^^^^^^^^^^^^^^^^^^^^^
  File "<unknown>", line 1
    aresta =
            ^
SyntaxError: invalid syntax
2025-08-18 19:31:42,087 cblogger [ERROR]: 		Error while extracting halsted code metrics: invalid syntax (<unknown>, line 1)
Traceback (most recent call last):
  File "/root/QuestionInsight/Etapa_1/codebench-mining-tool/util.py", line 569, in extract_halstead_metrics
    h = h_visit(code)
        ^^^^^^^^^^^^^
  File "/root/QuestionInsight/.venv/lib/python3.12/site-packages/radon/metrics.py", line 29, in h_visit
    return h_visit_ast(ast.parse(code))
                       ^^^^^^^^^^^^^^^
  File "/usr/lib/python3.12/ast.py", line 52, in parse
    return compile(source, filename, mode, flags,
           ^^^^^^^^^^^^^^^^^^^^^^^^^^^^^^^^^^^^^^
  File "<unknown>", line 1
    aresta =
            ^
SyntaxError: invalid syntax
