2025-08-18 19:36:04,095 cblogger [ERROR]: 		Error while extracting code complexity metrics: expected ':' (<unknown>, line 4)
Traceback (most recent call last):
  File "/root/QuestionInsight/Etapa_1/codebench-mining-tool/util.py", line 551, in extract_complexity_metrics
    v = ComplexityVisitor.from_code(code)
        ^^^^^^^^^^^^^^^^^^^^^^^^^^^^^^^^^
  File "/root/QuestionInsight/.venv/lib/python3.12/site-packages/radon/visitors.py", line 133, in from_code
    return cls.from_ast(code2ast(code), **kwargs)
                        ^^^^^^^^^^^^^^
  File "/root/QuestionInsight/.venv/lib/python3.12/site-packages/radon/visitors.py", line 48, in code2ast
    return ast.parse(source)
           ^^^^^^^^^^^^^^^^^
  File "/usr/lib/python3.12/ast.py", line 52, in parse
    return compile(source, filename, mode, flags,
           ^^^^^^^^^^^^^^^^^^^^^^^^^^^^^^^^^^^^^^
  File "<unknown>", line 4
    if	()
      	  ^
SyntaxError: expected ':'
2025-08-18 19:36:04,098 cblogger [ERROR]: 		Error while extracting halsted code metrics: expected ':' (<unknown>, line 4)
Traceback (most recent call last):
  File "/root/QuestionInsight/Etapa_1/codebench-mining-tool/util.py", line 569, in extract_halstead_metrics
    h = h_visit(code)
        ^^^^^^^^^^^^^
  File "/root/QuestionInsight/.venv/lib/python3.12/site-packages/radon/metrics.py", line 29, in h_visit
    return h_visit_ast(ast.parse(code))
                       ^^^^^^^^^^^^^^^
  File "/usr/lib/python3.12/ast.py", line 52, in parse
    return compile(source, filename, mode, flags,
           ^^^^^^^^^^^^^^^^^^^^^^^^^^^^^^^^^^^^^^
  File "<unknown>", line 4
    if	()
      	  ^
SyntaxError: expected ':'
2025-08-18 19:36:04,147 cblogger [ERROR]: 		Error while extracting code complexity metrics: unindent does not match any outer indentation level (<unknown>, line 11)
Traceback (most recent call last):
  File "/root/QuestionInsight/Etapa_1/codebench-mining-tool/util.py", line 551, in extract_complexity_metrics
    v = ComplexityVisitor.from_code(code)
        ^^^^^^^^^^^^^^^^^^^^^^^^^^^^^^^^^
  File "/root/QuestionInsight/.venv/lib/python3.12/site-packages/radon/visitors.py", line 133, in from_code
    return cls.from_ast(code2ast(code), **kwargs)
                        ^^^^^^^^^^^^^^
  File "/root/QuestionInsight/.venv/lib/python3.12/site-packages/radon/visitors.py", line 48, in code2ast
    return ast.parse(source)
           ^^^^^^^^^^^^^^^^^
  File "/usr/lib/python3.12/ast.py", line 52, in parse
    return compile(source, filename, mode, flags,
           ^^^^^^^^^^^^^^^^^^^^^^^^^^^^^^^^^^^^^^
  File "<unknown>", line 11
    		elif ((a==b)or(b==c)or(a==c)):
    		                              ^
IndentationError: unindent does not match any outer indentation level
2025-08-18 19:36:04,148 cblogger [ERROR]: 		Error while extracting halsted code metrics: unindent does not match any outer indentation level (<unknown>, line 11)
Traceback (most recent call last):
  File "/root/QuestionInsight/Etapa_1/codebench-mining-tool/util.py", line 569, in extract_halstead_metrics
    h = h_visit(code)
        ^^^^^^^^^^^^^
  File "/root/QuestionInsight/.venv/lib/python3.12/site-packages/radon/metrics.py", line 29, in h_visit
    return h_visit_ast(ast.parse(code))
                       ^^^^^^^^^^^^^^^
  File "/usr/lib/python3.12/ast.py", line 52, in parse
    return compile(source, filename, mode, flags,
           ^^^^^^^^^^^^^^^^^^^^^^^^^^^^^^^^^^^^^^
  File "<unknown>", line 11
    		elif ((a==b)or(b==c)or(a==c)):
    		                              ^
IndentationError: unindent does not match any outer indentation level
2025-08-18 19:36:04,174 cblogger [ERROR]: 		Error while extracting code complexity metrics: invalid syntax (<unknown>, line 7)
Traceback (most recent call last):
  File "/root/QuestionInsight/Etapa_1/codebench-mining-tool/util.py", line 551, in extract_complexity_metrics
    v = ComplexityVisitor.from_code(code)
        ^^^^^^^^^^^^^^^^^^^^^^^^^^^^^^^^^
  File "/root/QuestionInsight/.venv/lib/python3.12/site-packages/radon/visitors.py", line 133, in from_code
    return cls.from_ast(code2ast(code), **kwargs)
                        ^^^^^^^^^^^^^^
  File "/root/QuestionInsight/.venv/lib/python3.12/site-packages/radon/visitors.py", line 48, in code2ast
    return ast.parse(source)
           ^^^^^^^^^^^^^^^^^
  File "/usr/lib/python3.12/ast.py", line 52, in parse
    return compile(source, filename, mode, flags,
           ^^^^^^^^^^^^^^^^^^^^^^^^^^^^^^^^^^^^^^
  File "<unknown>", line 7
    	total= 
    	       ^
SyntaxError: invalid syntax
2025-08-18 19:36:04,175 cblogger [ERROR]: 		Error while extracting halsted code metrics: invalid syntax (<unknown>, line 7)
Traceback (most recent call last):
  File "/root/QuestionInsight/Etapa_1/codebench-mining-tool/util.py", line 569, in extract_halstead_metrics
    h = h_visit(code)
        ^^^^^^^^^^^^^
  File "/root/QuestionInsight/.venv/lib/python3.12/site-packages/radon/metrics.py", line 29, in h_visit
    return h_visit_ast(ast.parse(code))
                       ^^^^^^^^^^^^^^^
  File "/usr/lib/python3.12/ast.py", line 52, in parse
    return compile(source, filename, mode, flags,
           ^^^^^^^^^^^^^^^^^^^^^^^^^^^^^^^^^^^^^^
  File "<unknown>", line 7
    	total= 
    	       ^
SyntaxError: invalid syntax
2025-08-18 19:36:04,230 cblogger [ERROR]: 		Error while extracting code complexity metrics: '(' was never closed (<unknown>, line 1)
Traceback (most recent call last):
  File "/root/QuestionInsight/Etapa_1/codebench-mining-tool/util.py", line 551, in extract_complexity_metrics
    v = ComplexityVisitor.from_code(code)
        ^^^^^^^^^^^^^^^^^^^^^^^^^^^^^^^^^
  File "/root/QuestionInsight/.venv/lib/python3.12/site-packages/radon/visitors.py", line 133, in from_code
    return cls.from_ast(code2ast(code), **kwargs)
                        ^^^^^^^^^^^^^^
  File "/root/QuestionInsight/.venv/lib/python3.12/site-packages/radon/visitors.py", line 48, in code2ast
    return ast.parse(source)
           ^^^^^^^^^^^^^^^^^
  File "/usr/lib/python3.12/ast.py", line 52, in parse
    return compile(source, filename, mode, flags,
           ^^^^^^^^^^^^^^^^^^^^^^^^^^^^^^^^^^^^^^
  File "<unknown>", line 1
    var1 = (input("nome do objeto:")
           ^
SyntaxError: '(' was never closed
2025-08-18 19:36:04,230 cblogger [ERROR]: 		Error while extracting code size based metrics: SyntaxError at line: 1
Traceback (most recent call last):
  File "/root/QuestionInsight/.venv/lib/python3.12/site-packages/radon/raw.py", line 210, in analyze
    tokens, parsed_lines = _get_all_tokens(line, lines)
                           ^^^^^^^^^^^^^^^^^^^^^^^^^^^^
  File "/root/QuestionInsight/.venv/lib/python3.12/site-packages/radon/raw.py", line 117, in _get_all_tokens
    next_line = next(lines)
                ^^^^^^^^^^^
StopIteration

During handling of the above exception, another exception occurred:

Traceback (most recent call last):
  File "/root/QuestionInsight/Etapa_1/codebench-mining-tool/util.py", line 560, in extract_size_metrics
    a = analyze(code)
        ^^^^^^^^^^^^^
  File "/root/QuestionInsight/.venv/lib/python3.12/site-packages/radon/raw.py", line 212, in analyze
    raise SyntaxError('SyntaxError at line: {0}'.format(lineno))
SyntaxError: SyntaxError at line: 1
2025-08-18 19:36:04,231 cblogger [ERROR]: 		Error while extracting halsted code metrics: '(' was never closed (<unknown>, line 1)
Traceback (most recent call last):
  File "/root/QuestionInsight/Etapa_1/codebench-mining-tool/util.py", line 569, in extract_halstead_metrics
    h = h_visit(code)
        ^^^^^^^^^^^^^
  File "/root/QuestionInsight/.venv/lib/python3.12/site-packages/radon/metrics.py", line 29, in h_visit
    return h_visit_ast(ast.parse(code))
                       ^^^^^^^^^^^^^^^
  File "/usr/lib/python3.12/ast.py", line 52, in parse
    return compile(source, filename, mode, flags,
           ^^^^^^^^^^^^^^^^^^^^^^^^^^^^^^^^^^^^^^
  File "<unknown>", line 1
    var1 = (input("nome do objeto:")
           ^
SyntaxError: '(' was never closed
2025-08-18 19:36:04,537 cblogger [ERROR]: 		Error while extracting code complexity metrics: invalid syntax. Perhaps you forgot a comma? (<unknown>, line 13)
Traceback (most recent call last):
  File "/root/QuestionInsight/Etapa_1/codebench-mining-tool/util.py", line 551, in extract_complexity_metrics
    v = ComplexityVisitor.from_code(code)
        ^^^^^^^^^^^^^^^^^^^^^^^^^^^^^^^^^
  File "/root/QuestionInsight/.venv/lib/python3.12/site-packages/radon/visitors.py", line 133, in from_code
    return cls.from_ast(code2ast(code), **kwargs)
                        ^^^^^^^^^^^^^^
  File "/root/QuestionInsight/.venv/lib/python3.12/site-packages/radon/visitors.py", line 48, in code2ast
    return ast.parse(source)
           ^^^^^^^^^^^^^^^^^
  File "/usr/lib/python3.12/ast.py", line 52, in parse
    return compile(source, filename, mode, flags,
           ^^^^^^^^^^^^^^^^^^^^^^^^^^^^^^^^^^^^^^
  File "<unknown>", line 13
    if (___COMPLETE AQUI___):
        ^^^^^^^^^^^^^^^^^^^
SyntaxError: invalid syntax. Perhaps you forgot a comma?
2025-08-18 19:36:04,538 cblogger [ERROR]: 		Error while extracting halsted code metrics: invalid syntax. Perhaps you forgot a comma? (<unknown>, line 13)
Traceback (most recent call last):
  File "/root/QuestionInsight/Etapa_1/codebench-mining-tool/util.py", line 569, in extract_halstead_metrics
    h = h_visit(code)
        ^^^^^^^^^^^^^
  File "/root/QuestionInsight/.venv/lib/python3.12/site-packages/radon/metrics.py", line 29, in h_visit
    return h_visit_ast(ast.parse(code))
                       ^^^^^^^^^^^^^^^
  File "/usr/lib/python3.12/ast.py", line 52, in parse
    return compile(source, filename, mode, flags,
           ^^^^^^^^^^^^^^^^^^^^^^^^^^^^^^^^^^^^^^
  File "<unknown>", line 13
    if (___COMPLETE AQUI___):
        ^^^^^^^^^^^^^^^^^^^
SyntaxError: invalid syntax. Perhaps you forgot a comma?
2025-08-18 19:36:04,544 cblogger [ERROR]: 		Error while extracting code complexity metrics: inconsistent use of tabs and spaces in indentation (<unknown>, line 4)
Traceback (most recent call last):
  File "/root/QuestionInsight/Etapa_1/codebench-mining-tool/util.py", line 551, in extract_complexity_metrics
    v = ComplexityVisitor.from_code(code)
        ^^^^^^^^^^^^^^^^^^^^^^^^^^^^^^^^^
  File "/root/QuestionInsight/.venv/lib/python3.12/site-packages/radon/visitors.py", line 133, in from_code
    return cls.from_ast(code2ast(code), **kwargs)
                        ^^^^^^^^^^^^^^
  File "/root/QuestionInsight/.venv/lib/python3.12/site-packages/radon/visitors.py", line 48, in code2ast
    return ast.parse(source)
           ^^^^^^^^^^^^^^^^^
  File "/usr/lib/python3.12/ast.py", line 52, in parse
    return compile(source, filename, mode, flags,
           ^^^^^^^^^^^^^^^^^^^^^^^^^^^^^^^^^^^^^^
  File "<unknown>", line 4
    	P2=0
    ^
TabError: inconsistent use of tabs and spaces in indentation
2025-08-18 19:36:04,545 cblogger [ERROR]: 		Error while extracting halsted code metrics: inconsistent use of tabs and spaces in indentation (<unknown>, line 4)
Traceback (most recent call last):
  File "/root/QuestionInsight/Etapa_1/codebench-mining-tool/util.py", line 569, in extract_halstead_metrics
    h = h_visit(code)
        ^^^^^^^^^^^^^
  File "/root/QuestionInsight/.venv/lib/python3.12/site-packages/radon/metrics.py", line 29, in h_visit
    return h_visit_ast(ast.parse(code))
                       ^^^^^^^^^^^^^^^
  File "/usr/lib/python3.12/ast.py", line 52, in parse
    return compile(source, filename, mode, flags,
           ^^^^^^^^^^^^^^^^^^^^^^^^^^^^^^^^^^^^^^
  File "<unknown>", line 4
    	P2=0
    ^
TabError: inconsistent use of tabs and spaces in indentation
2025-08-18 19:36:04,597 cblogger [ERROR]: 		Error while extracting code complexity metrics: expected an indented block after 'else' statement on line 6 (<unknown>, line 7)
Traceback (most recent call last):
  File "/root/QuestionInsight/Etapa_1/codebench-mining-tool/util.py", line 551, in extract_complexity_metrics
    v = ComplexityVisitor.from_code(code)
        ^^^^^^^^^^^^^^^^^^^^^^^^^^^^^^^^^
  File "/root/QuestionInsight/.venv/lib/python3.12/site-packages/radon/visitors.py", line 133, in from_code
    return cls.from_ast(code2ast(code), **kwargs)
                        ^^^^^^^^^^^^^^
  File "/root/QuestionInsight/.venv/lib/python3.12/site-packages/radon/visitors.py", line 48, in code2ast
    return ast.parse(source)
           ^^^^^^^^^^^^^^^^^
  File "/usr/lib/python3.12/ast.py", line 52, in parse
    return compile(source, filename, mode, flags,
           ^^^^^^^^^^^^^^^^^^^^^^^^^^^^^^^^^^^^^^
  File "<unknown>", line 7
    	
    	^
IndentationError: expected an indented block after 'else' statement on line 6
2025-08-18 19:36:04,597 cblogger [ERROR]: 		Error while extracting halsted code metrics: expected an indented block after 'else' statement on line 6 (<unknown>, line 7)
Traceback (most recent call last):
  File "/root/QuestionInsight/Etapa_1/codebench-mining-tool/util.py", line 569, in extract_halstead_metrics
    h = h_visit(code)
        ^^^^^^^^^^^^^
  File "/root/QuestionInsight/.venv/lib/python3.12/site-packages/radon/metrics.py", line 29, in h_visit
    return h_visit_ast(ast.parse(code))
                       ^^^^^^^^^^^^^^^
  File "/usr/lib/python3.12/ast.py", line 52, in parse
    return compile(source, filename, mode, flags,
           ^^^^^^^^^^^^^^^^^^^^^^^^^^^^^^^^^^^^^^
  File "<unknown>", line 7
    	
    	^
IndentationError: expected an indented block after 'else' statement on line 6
2025-08-18 19:36:04,622 cblogger [ERROR]: 		Error while extracting code complexity metrics: expected ':' (<unknown>, line 3)
Traceback (most recent call last):
  File "/root/QuestionInsight/Etapa_1/codebench-mining-tool/util.py", line 551, in extract_complexity_metrics
    v = ComplexityVisitor.from_code(code)
        ^^^^^^^^^^^^^^^^^^^^^^^^^^^^^^^^^
  File "/root/QuestionInsight/.venv/lib/python3.12/site-packages/radon/visitors.py", line 133, in from_code
    return cls.from_ast(code2ast(code), **kwargs)
                        ^^^^^^^^^^^^^^
  File "/root/QuestionInsight/.venv/lib/python3.12/site-packages/radon/visitors.py", line 48, in code2ast
    return ast.parse(source)
           ^^^^^^^^^^^^^^^^^
  File "/usr/lib/python3.12/ast.py", line 52, in parse
    return compile(source, filename, mode, flags,
           ^^^^^^^^^^^^^^^^^^^^^^^^^^^^^^^^^^^^^^
  File "<unknown>", line 3
    if()
        ^
SyntaxError: expected ':'
2025-08-18 19:36:04,624 cblogger [ERROR]: 		Error while extracting halsted code metrics: expected ':' (<unknown>, line 3)
Traceback (most recent call last):
  File "/root/QuestionInsight/Etapa_1/codebench-mining-tool/util.py", line 569, in extract_halstead_metrics
    h = h_visit(code)
        ^^^^^^^^^^^^^
  File "/root/QuestionInsight/.venv/lib/python3.12/site-packages/radon/metrics.py", line 29, in h_visit
    return h_visit_ast(ast.parse(code))
                       ^^^^^^^^^^^^^^^
  File "/usr/lib/python3.12/ast.py", line 52, in parse
    return compile(source, filename, mode, flags,
           ^^^^^^^^^^^^^^^^^^^^^^^^^^^^^^^^^^^^^^
  File "<unknown>", line 3
    if()
        ^
SyntaxError: expected ':'
2025-08-18 19:36:04,670 cblogger [ERROR]: 		Error while extracting code complexity metrics: invalid syntax (<unknown>, line 6)
Traceback (most recent call last):
  File "/root/QuestionInsight/Etapa_1/codebench-mining-tool/util.py", line 551, in extract_complexity_metrics
    v = ComplexityVisitor.from_code(code)
        ^^^^^^^^^^^^^^^^^^^^^^^^^^^^^^^^^
  File "/root/QuestionInsight/.venv/lib/python3.12/site-packages/radon/visitors.py", line 133, in from_code
    return cls.from_ast(code2ast(code), **kwargs)
                        ^^^^^^^^^^^^^^
  File "/root/QuestionInsight/.venv/lib/python3.12/site-packages/radon/visitors.py", line 48, in code2ast
    return ast.parse(source)
           ^^^^^^^^^^^^^^^^^
  File "/usr/lib/python3.12/ast.py", line 52, in parse
    return compile(source, filename, mode, flags,
           ^^^^^^^^^^^^^^^^^^^^^^^^^^^^^^^^^^^^^^
  File "<unknown>", line 6
    	else:
    	^^^^
SyntaxError: invalid syntax
2025-08-18 19:36:04,671 cblogger [ERROR]: 		Error while extracting halsted code metrics: invalid syntax (<unknown>, line 6)
Traceback (most recent call last):
  File "/root/QuestionInsight/Etapa_1/codebench-mining-tool/util.py", line 569, in extract_halstead_metrics
    h = h_visit(code)
        ^^^^^^^^^^^^^
  File "/root/QuestionInsight/.venv/lib/python3.12/site-packages/radon/metrics.py", line 29, in h_visit
    return h_visit_ast(ast.parse(code))
                       ^^^^^^^^^^^^^^^
  File "/usr/lib/python3.12/ast.py", line 52, in parse
    return compile(source, filename, mode, flags,
           ^^^^^^^^^^^^^^^^^^^^^^^^^^^^^^^^^^^^^^
  File "<unknown>", line 6
    	else:
    	^^^^
SyntaxError: invalid syntax
2025-08-18 19:36:04,689 cblogger [ERROR]: 		Error while extracting code complexity metrics: expected ':' (<unknown>, line 3)
Traceback (most recent call last):
  File "/root/QuestionInsight/Etapa_1/codebench-mining-tool/util.py", line 551, in extract_complexity_metrics
    v = ComplexityVisitor.from_code(code)
        ^^^^^^^^^^^^^^^^^^^^^^^^^^^^^^^^^
  File "/root/QuestionInsight/.venv/lib/python3.12/site-packages/radon/visitors.py", line 133, in from_code
    return cls.from_ast(code2ast(code), **kwargs)
                        ^^^^^^^^^^^^^^
  File "/root/QuestionInsight/.venv/lib/python3.12/site-packages/radon/visitors.py", line 48, in code2ast
    return ast.parse(source)
           ^^^^^^^^^^^^^^^^^
  File "/usr/lib/python3.12/ast.py", line 52, in parse
    return compile(source, filename, mode, flags,
           ^^^^^^^^^^^^^^^^^^^^^^^^^^^^^^^^^^^^^^
  File "<unknown>", line 3
    if()
        ^
SyntaxError: expected ':'
2025-08-18 19:36:04,689 cblogger [ERROR]: 		Error while extracting halsted code metrics: expected ':' (<unknown>, line 3)
Traceback (most recent call last):
  File "/root/QuestionInsight/Etapa_1/codebench-mining-tool/util.py", line 569, in extract_halstead_metrics
    h = h_visit(code)
        ^^^^^^^^^^^^^
  File "/root/QuestionInsight/.venv/lib/python3.12/site-packages/radon/metrics.py", line 29, in h_visit
    return h_visit_ast(ast.parse(code))
                       ^^^^^^^^^^^^^^^
  File "/usr/lib/python3.12/ast.py", line 52, in parse
    return compile(source, filename, mode, flags,
           ^^^^^^^^^^^^^^^^^^^^^^^^^^^^^^^^^^^^^^
  File "<unknown>", line 3
    if()
        ^
SyntaxError: expected ':'
2025-08-18 19:36:04,700 cblogger [ERROR]: 		Error while extracting code complexity metrics: invalid syntax (<unknown>, line 7)
Traceback (most recent call last):
  File "/root/QuestionInsight/Etapa_1/codebench-mining-tool/util.py", line 551, in extract_complexity_metrics
    v = ComplexityVisitor.from_code(code)
        ^^^^^^^^^^^^^^^^^^^^^^^^^^^^^^^^^
  File "/root/QuestionInsight/.venv/lib/python3.12/site-packages/radon/visitors.py", line 133, in from_code
    return cls.from_ast(code2ast(code), **kwargs)
                        ^^^^^^^^^^^^^^
  File "/root/QuestionInsight/.venv/lib/python3.12/site-packages/radon/visitors.py", line 48, in code2ast
    return ast.parse(source)
           ^^^^^^^^^^^^^^^^^
  File "/usr/lib/python3.12/ast.py", line 52, in parse
    return compile(source, filename, mode, flags,
           ^^^^^^^^^^^^^^^^^^^^^^^^^^^^^^^^^^^^^^
  File "<unknown>", line 7
    if(h.)
         ^
SyntaxError: invalid syntax
2025-08-18 19:36:04,700 cblogger [ERROR]: 		Error while extracting halsted code metrics: invalid syntax (<unknown>, line 7)
Traceback (most recent call last):
  File "/root/QuestionInsight/Etapa_1/codebench-mining-tool/util.py", line 569, in extract_halstead_metrics
    h = h_visit(code)
        ^^^^^^^^^^^^^
  File "/root/QuestionInsight/.venv/lib/python3.12/site-packages/radon/metrics.py", line 29, in h_visit
    return h_visit_ast(ast.parse(code))
                       ^^^^^^^^^^^^^^^
  File "/usr/lib/python3.12/ast.py", line 52, in parse
    return compile(source, filename, mode, flags,
           ^^^^^^^^^^^^^^^^^^^^^^^^^^^^^^^^^^^^^^
  File "<unknown>", line 7
    if(h.)
         ^
SyntaxError: invalid syntax
2025-08-18 19:36:04,739 cblogger [ERROR]: 		Error while extracting code complexity metrics: invalid syntax (<unknown>, line 1)
Traceback (most recent call last):
  File "/root/QuestionInsight/Etapa_1/codebench-mining-tool/util.py", line 551, in extract_complexity_metrics
    v = ComplexityVisitor.from_code(code)
        ^^^^^^^^^^^^^^^^^^^^^^^^^^^^^^^^^
  File "/root/QuestionInsight/.venv/lib/python3.12/site-packages/radon/visitors.py", line 133, in from_code
    return cls.from_ast(code2ast(code), **kwargs)
                        ^^^^^^^^^^^^^^
  File "/root/QuestionInsight/.venv/lib/python3.12/site-packages/radon/visitors.py", line 48, in code2ast
    return ast.parse(source)
           ^^^^^^^^^^^^^^^^^
  File "/usr/lib/python3.12/ast.py", line 52, in parse
    return compile(source, filename, mode, flags,
           ^^^^^^^^^^^^^^^^^^^^^^^^^^^^^^^^^^^^^^
  File "<unknown>", line 1
    from math import
                    ^
SyntaxError: invalid syntax
2025-08-18 19:36:04,740 cblogger [ERROR]: 		Error while extracting halsted code metrics: invalid syntax (<unknown>, line 1)
Traceback (most recent call last):
  File "/root/QuestionInsight/Etapa_1/codebench-mining-tool/util.py", line 569, in extract_halstead_metrics
    h = h_visit(code)
        ^^^^^^^^^^^^^
  File "/root/QuestionInsight/.venv/lib/python3.12/site-packages/radon/metrics.py", line 29, in h_visit
    return h_visit_ast(ast.parse(code))
                       ^^^^^^^^^^^^^^^
  File "/usr/lib/python3.12/ast.py", line 52, in parse
    return compile(source, filename, mode, flags,
           ^^^^^^^^^^^^^^^^^^^^^^^^^^^^^^^^^^^^^^
  File "<unknown>", line 1
    from math import
                    ^
SyntaxError: invalid syntax
2025-08-18 19:36:04,744 cblogger [ERROR]: 		Error while extracting code complexity metrics: invalid syntax (<unknown>, line 5)
Traceback (most recent call last):
  File "/root/QuestionInsight/Etapa_1/codebench-mining-tool/util.py", line 551, in extract_complexity_metrics
    v = ComplexityVisitor.from_code(code)
        ^^^^^^^^^^^^^^^^^^^^^^^^^^^^^^^^^
  File "/root/QuestionInsight/.venv/lib/python3.12/site-packages/radon/visitors.py", line 133, in from_code
    return cls.from_ast(code2ast(code), **kwargs)
                        ^^^^^^^^^^^^^^
  File "/root/QuestionInsight/.venv/lib/python3.12/site-packages/radon/visitors.py", line 48, in code2ast
    return ast.parse(source)
           ^^^^^^^^^^^^^^^^^
  File "/usr/lib/python3.12/ast.py", line 52, in parse
    return compile(source, filename, mode, flags,
           ^^^^^^^^^^^^^^^^^^^^^^^^^^^^^^^^^^^^^^
  File "<unknown>", line 5
    ????? = f???t(input("Qual o valor unitario do jogo? "))
    ^
SyntaxError: invalid syntax
2025-08-18 19:36:04,745 cblogger [ERROR]: 		Error while extracting halsted code metrics: invalid syntax (<unknown>, line 5)
Traceback (most recent call last):
  File "/root/QuestionInsight/Etapa_1/codebench-mining-tool/util.py", line 569, in extract_halstead_metrics
    h = h_visit(code)
        ^^^^^^^^^^^^^
  File "/root/QuestionInsight/.venv/lib/python3.12/site-packages/radon/metrics.py", line 29, in h_visit
    return h_visit_ast(ast.parse(code))
                       ^^^^^^^^^^^^^^^
  File "/usr/lib/python3.12/ast.py", line 52, in parse
    return compile(source, filename, mode, flags,
           ^^^^^^^^^^^^^^^^^^^^^^^^^^^^^^^^^^^^^^
  File "<unknown>", line 5
    ????? = f???t(input("Qual o valor unitario do jogo? "))
    ^
SyntaxError: invalid syntax
2025-08-18 19:36:04,746 cblogger [ERROR]: 		Error while extracting code token based metrics: 55
Traceback (most recent call last):
  File "/root/QuestionInsight/Etapa_1/codebench-mining-tool/util.py", line 633, in extract_token_metrics
    setattr(obj, TOKEN_NAMES[k], v)
                 ~~~~~~~~~~~^^^
KeyError: 55
2025-08-18 19:36:04,772 cblogger [ERROR]: 		Error while extracting code complexity metrics: invalid syntax (<unknown>, line 7)
Traceback (most recent call last):
  File "/root/QuestionInsight/Etapa_1/codebench-mining-tool/util.py", line 551, in extract_complexity_metrics
    v = ComplexityVisitor.from_code(code)
        ^^^^^^^^^^^^^^^^^^^^^^^^^^^^^^^^^
  File "/root/QuestionInsight/.venv/lib/python3.12/site-packages/radon/visitors.py", line 133, in from_code
    return cls.from_ast(code2ast(code), **kwargs)
                        ^^^^^^^^^^^^^^
  File "/root/QuestionInsight/.venv/lib/python3.12/site-packages/radon/visitors.py", line 48, in code2ast
    return ast.parse(source)
           ^^^^^^^^^^^^^^^^^
  File "/usr/lib/python3.12/ast.py", line 52, in parse
    return compile(source, filename, mode, flags,
           ^^^^^^^^^^^^^^^^^^^^^^^^^^^^^^^^^^^^^^
  File "<unknown>", line 7
    else:
    ^^^^
SyntaxError: invalid syntax
2025-08-18 19:36:04,772 cblogger [ERROR]: 		Error while extracting halsted code metrics: invalid syntax (<unknown>, line 7)
Traceback (most recent call last):
  File "/root/QuestionInsight/Etapa_1/codebench-mining-tool/util.py", line 569, in extract_halstead_metrics
    h = h_visit(code)
        ^^^^^^^^^^^^^
  File "/root/QuestionInsight/.venv/lib/python3.12/site-packages/radon/metrics.py", line 29, in h_visit
    return h_visit_ast(ast.parse(code))
                       ^^^^^^^^^^^^^^^
  File "/usr/lib/python3.12/ast.py", line 52, in parse
    return compile(source, filename, mode, flags,
           ^^^^^^^^^^^^^^^^^^^^^^^^^^^^^^^^^^^^^^
  File "<unknown>", line 7
    else:
    ^^^^
SyntaxError: invalid syntax
2025-08-18 19:36:04,784 cblogger [ERROR]: 		Error while extracting code complexity metrics: invalid syntax (<unknown>, line 1)
Traceback (most recent call last):
  File "/root/QuestionInsight/Etapa_1/codebench-mining-tool/util.py", line 551, in extract_complexity_metrics
    v = ComplexityVisitor.from_code(code)
        ^^^^^^^^^^^^^^^^^^^^^^^^^^^^^^^^^
  File "/root/QuestionInsight/.venv/lib/python3.12/site-packages/radon/visitors.py", line 133, in from_code
    return cls.from_ast(code2ast(code), **kwargs)
                        ^^^^^^^^^^^^^^
  File "/root/QuestionInsight/.venv/lib/python3.12/site-packages/radon/visitors.py", line 48, in code2ast
    return ast.parse(source)
           ^^^^^^^^^^^^^^^^^
  File "/usr/lib/python3.12/ast.py", line 52, in parse
    return compile(source, filename, mode, flags,
           ^^^^^^^^^^^^^^^^^^^^^^^^^^^^^^^^^^^^^^
  File "<unknown>", line 1
    aresta =
            ^
SyntaxError: invalid syntax
2025-08-18 19:36:04,784 cblogger [ERROR]: 		Error while extracting halsted code metrics: invalid syntax (<unknown>, line 1)
Traceback (most recent call last):
  File "/root/QuestionInsight/Etapa_1/codebench-mining-tool/util.py", line 569, in extract_halstead_metrics
    h = h_visit(code)
        ^^^^^^^^^^^^^
  File "/root/QuestionInsight/.venv/lib/python3.12/site-packages/radon/metrics.py", line 29, in h_visit
    return h_visit_ast(ast.parse(code))
                       ^^^^^^^^^^^^^^^
  File "/usr/lib/python3.12/ast.py", line 52, in parse
    return compile(source, filename, mode, flags,
           ^^^^^^^^^^^^^^^^^^^^^^^^^^^^^^^^^^^^^^
  File "<unknown>", line 1
    aresta =
            ^
SyntaxError: invalid syntax
2025-08-18 19:36:04,800 cblogger [ERROR]: 		Error while extracting code complexity metrics: unmatched ')' (<unknown>, line 7)
Traceback (most recent call last):
  File "/root/QuestionInsight/Etapa_1/codebench-mining-tool/util.py", line 551, in extract_complexity_metrics
    v = ComplexityVisitor.from_code(code)
        ^^^^^^^^^^^^^^^^^^^^^^^^^^^^^^^^^
  File "/root/QuestionInsight/.venv/lib/python3.12/site-packages/radon/visitors.py", line 133, in from_code
    return cls.from_ast(code2ast(code), **kwargs)
                        ^^^^^^^^^^^^^^
  File "/root/QuestionInsight/.venv/lib/python3.12/site-packages/radon/visitors.py", line 48, in code2ast
    return ast.parse(source)
           ^^^^^^^^^^^^^^^^^
  File "/usr/lib/python3.12/ast.py", line 52, in parse
    return compile(source, filename, mode, flags,
           ^^^^^^^^^^^^^^^^^^^^^^^^^^^^^^^^^^^^^^
  File "<unknown>", line 7
    	valor = 4*var)
    	             ^
SyntaxError: unmatched ')'
2025-08-18 19:36:04,801 cblogger [ERROR]: 		Error while extracting halsted code metrics: unmatched ')' (<unknown>, line 7)
Traceback (most recent call last):
  File "/root/QuestionInsight/Etapa_1/codebench-mining-tool/util.py", line 569, in extract_halstead_metrics
    h = h_visit(code)
        ^^^^^^^^^^^^^
  File "/root/QuestionInsight/.venv/lib/python3.12/site-packages/radon/metrics.py", line 29, in h_visit
    return h_visit_ast(ast.parse(code))
                       ^^^^^^^^^^^^^^^
  File "/usr/lib/python3.12/ast.py", line 52, in parse
    return compile(source, filename, mode, flags,
           ^^^^^^^^^^^^^^^^^^^^^^^^^^^^^^^^^^^^^^
  File "<unknown>", line 7
    	valor = 4*var)
    	             ^
SyntaxError: unmatched ')'
2025-08-18 19:36:05,004 cblogger [ERROR]: 		Error while extracting code complexity metrics: expected ':' (<unknown>, line 20)
Traceback (most recent call last):
  File "/root/QuestionInsight/Etapa_1/codebench-mining-tool/util.py", line 551, in extract_complexity_metrics
    v = ComplexityVisitor.from_code(code)
        ^^^^^^^^^^^^^^^^^^^^^^^^^^^^^^^^^
  File "/root/QuestionInsight/.venv/lib/python3.12/site-packages/radon/visitors.py", line 133, in from_code
    return cls.from_ast(code2ast(code), **kwargs)
                        ^^^^^^^^^^^^^^
  File "/root/QuestionInsight/.venv/lib/python3.12/site-packages/radon/visitors.py", line 48, in code2ast
    return ast.parse(source)
           ^^^^^^^^^^^^^^^^^
  File "/usr/lib/python3.12/ast.py", line 52, in parse
    return compile(source, filename, mode, flags,
           ^^^^^^^^^^^^^^^^^^^^^^^^^^^^^^^^^^^^^^
  File "<unknown>", line 20
    		if()	
    		    	^
SyntaxError: expected ':'
2025-08-18 19:36:05,005 cblogger [ERROR]: 		Error while extracting halsted code metrics: expected ':' (<unknown>, line 20)
Traceback (most recent call last):
  File "/root/QuestionInsight/Etapa_1/codebench-mining-tool/util.py", line 569, in extract_halstead_metrics
    h = h_visit(code)
        ^^^^^^^^^^^^^
  File "/root/QuestionInsight/.venv/lib/python3.12/site-packages/radon/metrics.py", line 29, in h_visit
    return h_visit_ast(ast.parse(code))
                       ^^^^^^^^^^^^^^^
  File "/usr/lib/python3.12/ast.py", line 52, in parse
    return compile(source, filename, mode, flags,
           ^^^^^^^^^^^^^^^^^^^^^^^^^^^^^^^^^^^^^^
  File "<unknown>", line 20
    		if()	
    		    	^
SyntaxError: expected ':'
2025-08-18 19:36:05,147 cblogger [ERROR]: 		Error while extracting code complexity metrics: '(' was never closed (<unknown>, line 2)
Traceback (most recent call last):
  File "/root/QuestionInsight/Etapa_1/codebench-mining-tool/util.py", line 551, in extract_complexity_metrics
    v = ComplexityVisitor.from_code(code)
        ^^^^^^^^^^^^^^^^^^^^^^^^^^^^^^^^^
  File "/root/QuestionInsight/.venv/lib/python3.12/site-packages/radon/visitors.py", line 133, in from_code
    return cls.from_ast(code2ast(code), **kwargs)
                        ^^^^^^^^^^^^^^
  File "/root/QuestionInsight/.venv/lib/python3.12/site-packages/radon/visitors.py", line 48, in code2ast
    return ast.parse(source)
           ^^^^^^^^^^^^^^^^^
  File "/usr/lib/python3.12/ast.py", line 52, in parse
    return compile(source, filename, mode, flags,
           ^^^^^^^^^^^^^^^^^^^^^^^^^^^^^^^^^^^^^^
  File "<unknown>", line 2
    var1 = float(input("Distancia em metros")
                ^
SyntaxError: '(' was never closed
2025-08-18 19:36:05,147 cblogger [ERROR]: 		Error while extracting code size based metrics: SyntaxError at line: 2
Traceback (most recent call last):
  File "/root/QuestionInsight/.venv/lib/python3.12/site-packages/radon/raw.py", line 210, in analyze
    tokens, parsed_lines = _get_all_tokens(line, lines)
                           ^^^^^^^^^^^^^^^^^^^^^^^^^^^^
  File "/root/QuestionInsight/.venv/lib/python3.12/site-packages/radon/raw.py", line 117, in _get_all_tokens
    next_line = next(lines)
                ^^^^^^^^^^^
StopIteration

During handling of the above exception, another exception occurred:

Traceback (most recent call last):
  File "/root/QuestionInsight/Etapa_1/codebench-mining-tool/util.py", line 560, in extract_size_metrics
    a = analyze(code)
        ^^^^^^^^^^^^^
  File "/root/QuestionInsight/.venv/lib/python3.12/site-packages/radon/raw.py", line 212, in analyze
    raise SyntaxError('SyntaxError at line: {0}'.format(lineno))
SyntaxError: SyntaxError at line: 2
2025-08-18 19:36:05,148 cblogger [ERROR]: 		Error while extracting halsted code metrics: '(' was never closed (<unknown>, line 2)
Traceback (most recent call last):
  File "/root/QuestionInsight/Etapa_1/codebench-mining-tool/util.py", line 569, in extract_halstead_metrics
    h = h_visit(code)
        ^^^^^^^^^^^^^
  File "/root/QuestionInsight/.venv/lib/python3.12/site-packages/radon/metrics.py", line 29, in h_visit
    return h_visit_ast(ast.parse(code))
                       ^^^^^^^^^^^^^^^
  File "/usr/lib/python3.12/ast.py", line 52, in parse
    return compile(source, filename, mode, flags,
           ^^^^^^^^^^^^^^^^^^^^^^^^^^^^^^^^^^^^^^
  File "<unknown>", line 2
    var1 = float(input("Distancia em metros")
                ^
SyntaxError: '(' was never closed
2025-08-18 19:36:05,386 cblogger [ERROR]: 		Error while extracting code complexity metrics: invalid syntax (<unknown>, line 7)
Traceback (most recent call last):
  File "/root/QuestionInsight/Etapa_1/codebench-mining-tool/util.py", line 551, in extract_complexity_metrics
    v = ComplexityVisitor.from_code(code)
        ^^^^^^^^^^^^^^^^^^^^^^^^^^^^^^^^^
  File "/root/QuestionInsight/.venv/lib/python3.12/site-packages/radon/visitors.py", line 133, in from_code
    return cls.from_ast(code2ast(code), **kwargs)
                        ^^^^^^^^^^^^^^
  File "/root/QuestionInsight/.venv/lib/python3.12/site-packages/radon/visitors.py", line 48, in code2ast
    return ast.parse(source)
           ^^^^^^^^^^^^^^^^^
  File "/usr/lib/python3.12/ast.py", line 52, in parse
    return compile(source, filename, mode, flags,
           ^^^^^^^^^^^^^^^^^^^^^^^^^^^^^^^^^^^^^^
  File "<unknown>", line 7
    x = 
        ^
SyntaxError: invalid syntax
2025-08-18 19:36:05,386 cblogger [ERROR]: 		Error while extracting halsted code metrics: invalid syntax (<unknown>, line 7)
Traceback (most recent call last):
  File "/root/QuestionInsight/Etapa_1/codebench-mining-tool/util.py", line 569, in extract_halstead_metrics
    h = h_visit(code)
        ^^^^^^^^^^^^^
  File "/root/QuestionInsight/.venv/lib/python3.12/site-packages/radon/metrics.py", line 29, in h_visit
    return h_visit_ast(ast.parse(code))
                       ^^^^^^^^^^^^^^^
  File "/usr/lib/python3.12/ast.py", line 52, in parse
    return compile(source, filename, mode, flags,
           ^^^^^^^^^^^^^^^^^^^^^^^^^^^^^^^^^^^^^^
  File "<unknown>", line 7
    x = 
        ^
SyntaxError: invalid syntax
2025-08-18 19:36:05,400 cblogger [ERROR]: 		Error while extracting code complexity metrics: expected ':' (<unknown>, line 6)
Traceback (most recent call last):
  File "/root/QuestionInsight/Etapa_1/codebench-mining-tool/util.py", line 551, in extract_complexity_metrics
    v = ComplexityVisitor.from_code(code)
        ^^^^^^^^^^^^^^^^^^^^^^^^^^^^^^^^^
  File "/root/QuestionInsight/.venv/lib/python3.12/site-packages/radon/visitors.py", line 133, in from_code
    return cls.from_ast(code2ast(code), **kwargs)
                        ^^^^^^^^^^^^^^
  File "/root/QuestionInsight/.venv/lib/python3.12/site-packages/radon/visitors.py", line 48, in code2ast
    return ast.parse(source)
           ^^^^^^^^^^^^^^^^^
  File "/usr/lib/python3.12/ast.py", line 52, in parse
    return compile(source, filename, mode, flags,
           ^^^^^^^^^^^^^^^^^^^^^^^^^^^^^^^^^^^^^^
  File "<unknown>", line 6
    if()
        ^
SyntaxError: expected ':'
2025-08-18 19:36:05,401 cblogger [ERROR]: 		Error while extracting halsted code metrics: expected ':' (<unknown>, line 6)
Traceback (most recent call last):
  File "/root/QuestionInsight/Etapa_1/codebench-mining-tool/util.py", line 569, in extract_halstead_metrics
    h = h_visit(code)
        ^^^^^^^^^^^^^
  File "/root/QuestionInsight/.venv/lib/python3.12/site-packages/radon/metrics.py", line 29, in h_visit
    return h_visit_ast(ast.parse(code))
                       ^^^^^^^^^^^^^^^
  File "/usr/lib/python3.12/ast.py", line 52, in parse
    return compile(source, filename, mode, flags,
           ^^^^^^^^^^^^^^^^^^^^^^^^^^^^^^^^^^^^^^
  File "<unknown>", line 6
    if()
        ^
SyntaxError: expected ':'
2025-08-18 19:36:05,429 cblogger [ERROR]: 		Error while extracting code complexity metrics: invalid syntax (<unknown>, line 4)
Traceback (most recent call last):
  File "/root/QuestionInsight/Etapa_1/codebench-mining-tool/util.py", line 551, in extract_complexity_metrics
    v = ComplexityVisitor.from_code(code)
        ^^^^^^^^^^^^^^^^^^^^^^^^^^^^^^^^^
  File "/root/QuestionInsight/.venv/lib/python3.12/site-packages/radon/visitors.py", line 133, in from_code
    return cls.from_ast(code2ast(code), **kwargs)
                        ^^^^^^^^^^^^^^
  File "/root/QuestionInsight/.venv/lib/python3.12/site-packages/radon/visitors.py", line 48, in code2ast
    return ast.parse(source)
           ^^^^^^^^^^^^^^^^^
  File "/usr/lib/python3.12/ast.py", line 52, in parse
    return compile(source, filename, mode, flags,
           ^^^^^^^^^^^^^^^^^^^^^^^^^^^^^^^^^^^^^^
  File "<unknown>", line 4
    	c = 
    	    ^
SyntaxError: invalid syntax
2025-08-18 19:36:05,430 cblogger [ERROR]: 		Error while extracting halsted code metrics: invalid syntax (<unknown>, line 4)
Traceback (most recent call last):
  File "/root/QuestionInsight/Etapa_1/codebench-mining-tool/util.py", line 569, in extract_halstead_metrics
    h = h_visit(code)
        ^^^^^^^^^^^^^
  File "/root/QuestionInsight/.venv/lib/python3.12/site-packages/radon/metrics.py", line 29, in h_visit
    return h_visit_ast(ast.parse(code))
                       ^^^^^^^^^^^^^^^
  File "/usr/lib/python3.12/ast.py", line 52, in parse
    return compile(source, filename, mode, flags,
           ^^^^^^^^^^^^^^^^^^^^^^^^^^^^^^^^^^^^^^
  File "<unknown>", line 4
    	c = 
    	    ^
SyntaxError: invalid syntax
2025-08-18 19:36:05,490 cblogger [ERROR]: 		Error while extracting code complexity metrics: invalid syntax (<unknown>, line 1)
Traceback (most recent call last):
  File "/root/QuestionInsight/Etapa_1/codebench-mining-tool/util.py", line 551, in extract_complexity_metrics
    v = ComplexityVisitor.from_code(code)
        ^^^^^^^^^^^^^^^^^^^^^^^^^^^^^^^^^
  File "/root/QuestionInsight/.venv/lib/python3.12/site-packages/radon/visitors.py", line 133, in from_code
    return cls.from_ast(code2ast(code), **kwargs)
                        ^^^^^^^^^^^^^^
  File "/root/QuestionInsight/.venv/lib/python3.12/site-packages/radon/visitors.py", line 48, in code2ast
    return ast.parse(source)
           ^^^^^^^^^^^^^^^^^
  File "/usr/lib/python3.12/ast.py", line 52, in parse
    return compile(source, filename, mode, flags,
           ^^^^^^^^^^^^^^^^^^^^^^^^^^^^^^^^^^^^^^
  File "<unknown>", line 1
    from math import
                    ^
SyntaxError: invalid syntax
2025-08-18 19:36:05,491 cblogger [ERROR]: 		Error while extracting halsted code metrics: invalid syntax (<unknown>, line 1)
Traceback (most recent call last):
  File "/root/QuestionInsight/Etapa_1/codebench-mining-tool/util.py", line 569, in extract_halstead_metrics
    h = h_visit(code)
        ^^^^^^^^^^^^^
  File "/root/QuestionInsight/.venv/lib/python3.12/site-packages/radon/metrics.py", line 29, in h_visit
    return h_visit_ast(ast.parse(code))
                       ^^^^^^^^^^^^^^^
  File "/usr/lib/python3.12/ast.py", line 52, in parse
    return compile(source, filename, mode, flags,
           ^^^^^^^^^^^^^^^^^^^^^^^^^^^^^^^^^^^^^^
  File "<unknown>", line 1
    from math import
                    ^
SyntaxError: invalid syntax
2025-08-18 19:36:06,692 cblogger [ERROR]: 		Error while extracting code complexity metrics: unindent does not match any outer indentation level (<unknown>, line 7)
Traceback (most recent call last):
  File "/root/QuestionInsight/Etapa_1/codebench-mining-tool/util.py", line 551, in extract_complexity_metrics
    v = ComplexityVisitor.from_code(code)
        ^^^^^^^^^^^^^^^^^^^^^^^^^^^^^^^^^
  File "/root/QuestionInsight/.venv/lib/python3.12/site-packages/radon/visitors.py", line 133, in from_code
    return cls.from_ast(code2ast(code), **kwargs)
                        ^^^^^^^^^^^^^^
  File "/root/QuestionInsight/.venv/lib/python3.12/site-packages/radon/visitors.py", line 48, in code2ast
    return ast.parse(source)
           ^^^^^^^^^^^^^^^^^
  File "/usr/lib/python3.12/ast.py", line 52, in parse
    return compile(source, filename, mode, flags,
           ^^^^^^^^^^^^^^^^^^^^^^^^^^^^^^^^^^^^^^
  File "<unknown>", line 7
    total = p1 + (p2 -(p2*0,25))
                                ^
IndentationError: unindent does not match any outer indentation level
2025-08-18 19:36:06,693 cblogger [ERROR]: 		Error while extracting halsted code metrics: unindent does not match any outer indentation level (<unknown>, line 7)
Traceback (most recent call last):
  File "/root/QuestionInsight/Etapa_1/codebench-mining-tool/util.py", line 569, in extract_halstead_metrics
    h = h_visit(code)
        ^^^^^^^^^^^^^
  File "/root/QuestionInsight/.venv/lib/python3.12/site-packages/radon/metrics.py", line 29, in h_visit
    return h_visit_ast(ast.parse(code))
                       ^^^^^^^^^^^^^^^
  File "/usr/lib/python3.12/ast.py", line 52, in parse
    return compile(source, filename, mode, flags,
           ^^^^^^^^^^^^^^^^^^^^^^^^^^^^^^^^^^^^^^
  File "<unknown>", line 7
    total = p1 + (p2 -(p2*0,25))
                                ^
IndentationError: unindent does not match any outer indentation level
2025-08-18 19:36:08,315 cblogger [ERROR]: 		Error while extracting code complexity metrics: unindent does not match any outer indentation level (<unknown>, line 9)
Traceback (most recent call last):
  File "/root/QuestionInsight/Etapa_1/codebench-mining-tool/util.py", line 551, in extract_complexity_metrics
    v = ComplexityVisitor.from_code(code)
        ^^^^^^^^^^^^^^^^^^^^^^^^^^^^^^^^^
  File "/root/QuestionInsight/.venv/lib/python3.12/site-packages/radon/visitors.py", line 133, in from_code
    return cls.from_ast(code2ast(code), **kwargs)
                        ^^^^^^^^^^^^^^
  File "/root/QuestionInsight/.venv/lib/python3.12/site-packages/radon/visitors.py", line 48, in code2ast
    return ast.parse(source)
           ^^^^^^^^^^^^^^^^^
  File "/usr/lib/python3.12/ast.py", line 52, in parse
    return compile(source, filename, mode, flags,
           ^^^^^^^^^^^^^^^^^^^^^^^^^^^^^^^^^^^^^^
  File "<unknown>", line 9
    print (x1)
              ^
IndentationError: unindent does not match any outer indentation level
2025-08-18 19:36:08,316 cblogger [ERROR]: 		Error while extracting halsted code metrics: unindent does not match any outer indentation level (<unknown>, line 9)
Traceback (most recent call last):
  File "/root/QuestionInsight/Etapa_1/codebench-mining-tool/util.py", line 569, in extract_halstead_metrics
    h = h_visit(code)
        ^^^^^^^^^^^^^
  File "/root/QuestionInsight/.venv/lib/python3.12/site-packages/radon/metrics.py", line 29, in h_visit
    return h_visit_ast(ast.parse(code))
                       ^^^^^^^^^^^^^^^
  File "/usr/lib/python3.12/ast.py", line 52, in parse
    return compile(source, filename, mode, flags,
           ^^^^^^^^^^^^^^^^^^^^^^^^^^^^^^^^^^^^^^
  File "<unknown>", line 9
    print (x1)
              ^
IndentationError: unindent does not match any outer indentation level
2025-08-18 19:36:11,716 cblogger [ERROR]: 		Error while extracting code complexity metrics: invalid syntax (<unknown>, line 1)
Traceback (most recent call last):
  File "/root/QuestionInsight/Etapa_1/codebench-mining-tool/util.py", line 551, in extract_complexity_metrics
    v = ComplexityVisitor.from_code(code)
        ^^^^^^^^^^^^^^^^^^^^^^^^^^^^^^^^^
  File "/root/QuestionInsight/.venv/lib/python3.12/site-packages/radon/visitors.py", line 133, in from_code
    return cls.from_ast(code2ast(code), **kwargs)
                        ^^^^^^^^^^^^^^
  File "/root/QuestionInsight/.venv/lib/python3.12/site-packages/radon/visitors.py", line 48, in code2ast
    return ast.parse(source)
           ^^^^^^^^^^^^^^^^^
  File "/usr/lib/python3.12/ast.py", line 52, in parse
    return compile(source, filename, mode, flags,
           ^^^^^^^^^^^^^^^^^^^^^^^^^^^^^^^^^^^^^^
  File "<unknown>", line 1
    num=input"objto"
             ^^^^^^^
SyntaxError: invalid syntax
2025-08-18 19:36:11,717 cblogger [ERROR]: 		Error while extracting halsted code metrics: invalid syntax (<unknown>, line 1)
Traceback (most recent call last):
  File "/root/QuestionInsight/Etapa_1/codebench-mining-tool/util.py", line 569, in extract_halstead_metrics
    h = h_visit(code)
        ^^^^^^^^^^^^^
  File "/root/QuestionInsight/.venv/lib/python3.12/site-packages/radon/metrics.py", line 29, in h_visit
    return h_visit_ast(ast.parse(code))
                       ^^^^^^^^^^^^^^^
  File "/usr/lib/python3.12/ast.py", line 52, in parse
    return compile(source, filename, mode, flags,
           ^^^^^^^^^^^^^^^^^^^^^^^^^^^^^^^^^^^^^^
  File "<unknown>", line 1
    num=input"objto"
             ^^^^^^^
SyntaxError: invalid syntax
2025-08-18 19:36:11,912 cblogger [ERROR]: 		Error while extracting code complexity metrics: expected an indented block after 'else' statement on line 5 (<unknown>, line 5)
Traceback (most recent call last):
  File "/root/QuestionInsight/Etapa_1/codebench-mining-tool/util.py", line 551, in extract_complexity_metrics
    v = ComplexityVisitor.from_code(code)
        ^^^^^^^^^^^^^^^^^^^^^^^^^^^^^^^^^
  File "/root/QuestionInsight/.venv/lib/python3.12/site-packages/radon/visitors.py", line 133, in from_code
    return cls.from_ast(code2ast(code), **kwargs)
                        ^^^^^^^^^^^^^^
  File "/root/QuestionInsight/.venv/lib/python3.12/site-packages/radon/visitors.py", line 48, in code2ast
    return ast.parse(source)
           ^^^^^^^^^^^^^^^^^
  File "/usr/lib/python3.12/ast.py", line 52, in parse
    return compile(source, filename, mode, flags,
           ^^^^^^^^^^^^^^^^^^^^^^^^^^^^^^^^^^^^^^
  File "<unknown>", line 5
    else:
         ^
IndentationError: expected an indented block after 'else' statement on line 5
2025-08-18 19:36:11,912 cblogger [ERROR]: 		Error while extracting halsted code metrics: expected an indented block after 'else' statement on line 5 (<unknown>, line 5)
Traceback (most recent call last):
  File "/root/QuestionInsight/Etapa_1/codebench-mining-tool/util.py", line 569, in extract_halstead_metrics
    h = h_visit(code)
        ^^^^^^^^^^^^^
  File "/root/QuestionInsight/.venv/lib/python3.12/site-packages/radon/metrics.py", line 29, in h_visit
    return h_visit_ast(ast.parse(code))
                       ^^^^^^^^^^^^^^^
  File "/usr/lib/python3.12/ast.py", line 52, in parse
    return compile(source, filename, mode, flags,
           ^^^^^^^^^^^^^^^^^^^^^^^^^^^^^^^^^^^^^^
  File "<unknown>", line 5
    else:
         ^
IndentationError: expected an indented block after 'else' statement on line 5
2025-08-18 19:36:11,991 cblogger [ERROR]: 		Error while extracting code complexity metrics: invalid syntax (<unknown>, line 1)
Traceback (most recent call last):
  File "/root/QuestionInsight/Etapa_1/codebench-mining-tool/util.py", line 551, in extract_complexity_metrics
    v = ComplexityVisitor.from_code(code)
        ^^^^^^^^^^^^^^^^^^^^^^^^^^^^^^^^^
  File "/root/QuestionInsight/.venv/lib/python3.12/site-packages/radon/visitors.py", line 133, in from_code
    return cls.from_ast(code2ast(code), **kwargs)
                        ^^^^^^^^^^^^^^
  File "/root/QuestionInsight/.venv/lib/python3.12/site-packages/radon/visitors.py", line 48, in code2ast
    return ast.parse(source)
           ^^^^^^^^^^^^^^^^^
  File "/usr/lib/python3.12/ast.py", line 52, in parse
    return compile(source, filename, mode, flags,
           ^^^^^^^^^^^^^^^^^^^^^^^^^^^^^^^^^^^^^^
  File "<unknown>", line 1
    math import*
         ^^^^^^
SyntaxError: invalid syntax
2025-08-18 19:36:11,991 cblogger [ERROR]: 		Error while extracting halsted code metrics: invalid syntax (<unknown>, line 1)
Traceback (most recent call last):
  File "/root/QuestionInsight/Etapa_1/codebench-mining-tool/util.py", line 569, in extract_halstead_metrics
    h = h_visit(code)
        ^^^^^^^^^^^^^
  File "/root/QuestionInsight/.venv/lib/python3.12/site-packages/radon/metrics.py", line 29, in h_visit
    return h_visit_ast(ast.parse(code))
                       ^^^^^^^^^^^^^^^
  File "/usr/lib/python3.12/ast.py", line 52, in parse
    return compile(source, filename, mode, flags,
           ^^^^^^^^^^^^^^^^^^^^^^^^^^^^^^^^^^^^^^
  File "<unknown>", line 1
    math import*
         ^^^^^^
SyntaxError: invalid syntax
2025-08-18 19:36:12,015 cblogger [ERROR]: 		Error while extracting code complexity metrics: unterminated string literal (detected at line 6) (<unknown>, line 6)
Traceback (most recent call last):
  File "/root/QuestionInsight/Etapa_1/codebench-mining-tool/util.py", line 551, in extract_complexity_metrics
    v = ComplexityVisitor.from_code(code)
        ^^^^^^^^^^^^^^^^^^^^^^^^^^^^^^^^^
  File "/root/QuestionInsight/.venv/lib/python3.12/site-packages/radon/visitors.py", line 133, in from_code
    return cls.from_ast(code2ast(code), **kwargs)
                        ^^^^^^^^^^^^^^
  File "/root/QuestionInsight/.venv/lib/python3.12/site-packages/radon/visitors.py", line 48, in code2ast
    return ast.parse(source)
           ^^^^^^^^^^^^^^^^^
  File "/usr/lib/python3.12/ast.py", line 52, in parse
    return compile(source, filename, mode, flags,
           ^^^^^^^^^^^^^^^^^^^^^^^^^^^^^^^^^^^^^^
  File "<unknown>", line 6
    if ("):
        ^
SyntaxError: unterminated string literal (detected at line 6)
2025-08-18 19:36:12,016 cblogger [ERROR]: 		Error while extracting code size based metrics: SyntaxError at line: 6
Traceback (most recent call last):
  File "/root/QuestionInsight/.venv/lib/python3.12/site-packages/radon/raw.py", line 210, in analyze
    tokens, parsed_lines = _get_all_tokens(line, lines)
                           ^^^^^^^^^^^^^^^^^^^^^^^^^^^^
  File "/root/QuestionInsight/.venv/lib/python3.12/site-packages/radon/raw.py", line 117, in _get_all_tokens
    next_line = next(lines)
                ^^^^^^^^^^^
StopIteration

During handling of the above exception, another exception occurred:

Traceback (most recent call last):
  File "/root/QuestionInsight/Etapa_1/codebench-mining-tool/util.py", line 560, in extract_size_metrics
    a = analyze(code)
        ^^^^^^^^^^^^^
  File "/root/QuestionInsight/.venv/lib/python3.12/site-packages/radon/raw.py", line 212, in analyze
    raise SyntaxError('SyntaxError at line: {0}'.format(lineno))
SyntaxError: SyntaxError at line: 6
2025-08-18 19:36:12,017 cblogger [ERROR]: 		Error while extracting halsted code metrics: unterminated string literal (detected at line 6) (<unknown>, line 6)
Traceback (most recent call last):
  File "/root/QuestionInsight/Etapa_1/codebench-mining-tool/util.py", line 569, in extract_halstead_metrics
    h = h_visit(code)
        ^^^^^^^^^^^^^
  File "/root/QuestionInsight/.venv/lib/python3.12/site-packages/radon/metrics.py", line 29, in h_visit
    return h_visit_ast(ast.parse(code))
                       ^^^^^^^^^^^^^^^
  File "/usr/lib/python3.12/ast.py", line 52, in parse
    return compile(source, filename, mode, flags,
           ^^^^^^^^^^^^^^^^^^^^^^^^^^^^^^^^^^^^^^
  File "<unknown>", line 6
    if ("):
        ^
SyntaxError: unterminated string literal (detected at line 6)
2025-08-18 19:36:12,031 cblogger [ERROR]: 		Error while extracting code complexity metrics: invalid syntax (<unknown>, line 7)
Traceback (most recent call last):
  File "/root/QuestionInsight/Etapa_1/codebench-mining-tool/util.py", line 551, in extract_complexity_metrics
    v = ComplexityVisitor.from_code(code)
        ^^^^^^^^^^^^^^^^^^^^^^^^^^^^^^^^^
  File "/root/QuestionInsight/.venv/lib/python3.12/site-packages/radon/visitors.py", line 133, in from_code
    return cls.from_ast(code2ast(code), **kwargs)
                        ^^^^^^^^^^^^^^
  File "/root/QuestionInsight/.venv/lib/python3.12/site-packages/radon/visitors.py", line 48, in code2ast
    return ast.parse(source)
           ^^^^^^^^^^^^^^^^^
  File "/usr/lib/python3.12/ast.py", line 52, in parse
    return compile(source, filename, mode, flags,
           ^^^^^^^^^^^^^^^^^^^^^^^^^^^^^^^^^^^^^^
  File "<unknown>", line 7
    	custo= 5.00*10000 + 4.00*
    	                         ^
SyntaxError: invalid syntax
2025-08-18 19:36:12,032 cblogger [ERROR]: 		Error while extracting halsted code metrics: invalid syntax (<unknown>, line 7)
Traceback (most recent call last):
  File "/root/QuestionInsight/Etapa_1/codebench-mining-tool/util.py", line 569, in extract_halstead_metrics
    h = h_visit(code)
        ^^^^^^^^^^^^^
  File "/root/QuestionInsight/.venv/lib/python3.12/site-packages/radon/metrics.py", line 29, in h_visit
    return h_visit_ast(ast.parse(code))
                       ^^^^^^^^^^^^^^^
  File "/usr/lib/python3.12/ast.py", line 52, in parse
    return compile(source, filename, mode, flags,
           ^^^^^^^^^^^^^^^^^^^^^^^^^^^^^^^^^^^^^^
  File "<unknown>", line 7
    	custo= 5.00*10000 + 4.00*
    	                         ^
SyntaxError: invalid syntax
2025-08-18 19:36:12,049 cblogger [ERROR]: 		Error while extracting code complexity metrics: '(' was never closed (<unknown>, line 7)
Traceback (most recent call last):
  File "/root/QuestionInsight/Etapa_1/codebench-mining-tool/util.py", line 551, in extract_complexity_metrics
    v = ComplexityVisitor.from_code(code)
        ^^^^^^^^^^^^^^^^^^^^^^^^^^^^^^^^^
  File "/root/QuestionInsight/.venv/lib/python3.12/site-packages/radon/visitors.py", line 133, in from_code
    return cls.from_ast(code2ast(code), **kwargs)
                        ^^^^^^^^^^^^^^
  File "/root/QuestionInsight/.venv/lib/python3.12/site-packages/radon/visitors.py", line 48, in code2ast
    return ast.parse(source)
           ^^^^^^^^^^^^^^^^^
  File "/usr/lib/python3.12/ast.py", line 52, in parse
    return compile(source, filename, mode, flags,
           ^^^^^^^^^^^^^^^^^^^^^^^^^^^^^^^^^^^^^^
  File "<unknown>", line 7
    z = int(input("1 para volume do ar ou 2 para volume do combustivel: ")
           ^
SyntaxError: '(' was never closed
2025-08-18 19:36:12,050 cblogger [ERROR]: 		Error while extracting code size based metrics: SyntaxError at line: 7
Traceback (most recent call last):
  File "/root/QuestionInsight/.venv/lib/python3.12/site-packages/radon/raw.py", line 210, in analyze
    tokens, parsed_lines = _get_all_tokens(line, lines)
                           ^^^^^^^^^^^^^^^^^^^^^^^^^^^^
  File "/root/QuestionInsight/.venv/lib/python3.12/site-packages/radon/raw.py", line 117, in _get_all_tokens
    next_line = next(lines)
                ^^^^^^^^^^^
StopIteration

During handling of the above exception, another exception occurred:

Traceback (most recent call last):
  File "/root/QuestionInsight/Etapa_1/codebench-mining-tool/util.py", line 560, in extract_size_metrics
    a = analyze(code)
        ^^^^^^^^^^^^^
  File "/root/QuestionInsight/.venv/lib/python3.12/site-packages/radon/raw.py", line 212, in analyze
    raise SyntaxError('SyntaxError at line: {0}'.format(lineno))
SyntaxError: SyntaxError at line: 7
2025-08-18 19:36:12,051 cblogger [ERROR]: 		Error while extracting halsted code metrics: '(' was never closed (<unknown>, line 7)
Traceback (most recent call last):
  File "/root/QuestionInsight/Etapa_1/codebench-mining-tool/util.py", line 569, in extract_halstead_metrics
    h = h_visit(code)
        ^^^^^^^^^^^^^
  File "/root/QuestionInsight/.venv/lib/python3.12/site-packages/radon/metrics.py", line 29, in h_visit
    return h_visit_ast(ast.parse(code))
                       ^^^^^^^^^^^^^^^
  File "/usr/lib/python3.12/ast.py", line 52, in parse
    return compile(source, filename, mode, flags,
           ^^^^^^^^^^^^^^^^^^^^^^^^^^^^^^^^^^^^^^
  File "<unknown>", line 7
    z = int(input("1 para volume do ar ou 2 para volume do combustivel: ")
           ^
SyntaxError: '(' was never closed
2025-08-18 19:36:12,058 cblogger [ERROR]: 		Error while extracting code complexity metrics: expected ':' (<unknown>, line 10)
Traceback (most recent call last):
  File "/root/QuestionInsight/Etapa_1/codebench-mining-tool/util.py", line 551, in extract_complexity_metrics
    v = ComplexityVisitor.from_code(code)
        ^^^^^^^^^^^^^^^^^^^^^^^^^^^^^^^^^
  File "/root/QuestionInsight/.venv/lib/python3.12/site-packages/radon/visitors.py", line 133, in from_code
    return cls.from_ast(code2ast(code), **kwargs)
                        ^^^^^^^^^^^^^^
  File "/root/QuestionInsight/.venv/lib/python3.12/site-packages/radon/visitors.py", line 48, in code2ast
    return ast.parse(source)
           ^^^^^^^^^^^^^^^^^
  File "/usr/lib/python3.12/ast.py", line 52, in parse
    return compile(source, filename, mode, flags,
           ^^^^^^^^^^^^^^^^^^^^^^^^^^^^^^^^^^^^^^
  File "<unknown>", line 10
    else
        ^
SyntaxError: expected ':'
2025-08-18 19:36:12,059 cblogger [ERROR]: 		Error while extracting halsted code metrics: expected ':' (<unknown>, line 10)
Traceback (most recent call last):
  File "/root/QuestionInsight/Etapa_1/codebench-mining-tool/util.py", line 569, in extract_halstead_metrics
    h = h_visit(code)
        ^^^^^^^^^^^^^
  File "/root/QuestionInsight/.venv/lib/python3.12/site-packages/radon/metrics.py", line 29, in h_visit
    return h_visit_ast(ast.parse(code))
                       ^^^^^^^^^^^^^^^
  File "/usr/lib/python3.12/ast.py", line 52, in parse
    return compile(source, filename, mode, flags,
           ^^^^^^^^^^^^^^^^^^^^^^^^^^^^^^^^^^^^^^
  File "<unknown>", line 10
    else
        ^
SyntaxError: expected ':'
2025-08-18 19:36:12,080 cblogger [ERROR]: 		Error while extracting code complexity metrics: invalid syntax. Perhaps you forgot a comma? (<unknown>, line 1)
Traceback (most recent call last):
  File "/root/QuestionInsight/Etapa_1/codebench-mining-tool/util.py", line 551, in extract_complexity_metrics
    v = ComplexityVisitor.from_code(code)
        ^^^^^^^^^^^^^^^^^^^^^^^^^^^^^^^^^
  File "/root/QuestionInsight/.venv/lib/python3.12/site-packages/radon/visitors.py", line 133, in from_code
    return cls.from_ast(code2ast(code), **kwargs)
                        ^^^^^^^^^^^^^^
  File "/root/QuestionInsight/.venv/lib/python3.12/site-packages/radon/visitors.py", line 48, in code2ast
    return ast.parse(source)
           ^^^^^^^^^^^^^^^^^
  File "/usr/lib/python3.12/ast.py", line 52, in parse
    return compile(source, filename, mode, flags,
           ^^^^^^^^^^^^^^^^^^^^^^^^^^^^^^^^^^^^^^
  File "<unknown>", line 1
    var1= float(input("A quantidade de minutos consumidos durante certo mes: ")
                
SyntaxError: invalid syntax. Perhaps you forgot a comma?
2025-08-18 19:36:12,080 cblogger [ERROR]: 		Error while extracting code size based metrics: SyntaxError at line: 1
Traceback (most recent call last):
  File "/root/QuestionInsight/.venv/lib/python3.12/site-packages/radon/raw.py", line 210, in analyze
    tokens, parsed_lines = _get_all_tokens(line, lines)
                           ^^^^^^^^^^^^^^^^^^^^^^^^^^^^
  File "/root/QuestionInsight/.venv/lib/python3.12/site-packages/radon/raw.py", line 117, in _get_all_tokens
    next_line = next(lines)
                ^^^^^^^^^^^
StopIteration

During handling of the above exception, another exception occurred:

Traceback (most recent call last):
  File "/root/QuestionInsight/Etapa_1/codebench-mining-tool/util.py", line 560, in extract_size_metrics
    a = analyze(code)
        ^^^^^^^^^^^^^
  File "/root/QuestionInsight/.venv/lib/python3.12/site-packages/radon/raw.py", line 212, in analyze
    raise SyntaxError('SyntaxError at line: {0}'.format(lineno))
SyntaxError: SyntaxError at line: 1
2025-08-18 19:36:12,081 cblogger [ERROR]: 		Error while extracting halsted code metrics: invalid syntax. Perhaps you forgot a comma? (<unknown>, line 1)
Traceback (most recent call last):
  File "/root/QuestionInsight/Etapa_1/codebench-mining-tool/util.py", line 569, in extract_halstead_metrics
    h = h_visit(code)
        ^^^^^^^^^^^^^
  File "/root/QuestionInsight/.venv/lib/python3.12/site-packages/radon/metrics.py", line 29, in h_visit
    return h_visit_ast(ast.parse(code))
                       ^^^^^^^^^^^^^^^
  File "/usr/lib/python3.12/ast.py", line 52, in parse
    return compile(source, filename, mode, flags,
           ^^^^^^^^^^^^^^^^^^^^^^^^^^^^^^^^^^^^^^
  File "<unknown>", line 1
    var1= float(input("A quantidade de minutos consumidos durante certo mes: ")
                
SyntaxError: invalid syntax. Perhaps you forgot a comma?
2025-08-18 19:36:12,096 cblogger [ERROR]: 		Error while extracting code complexity metrics: expected an indented block after 'if' statement on line 9 (<unknown>, line 10)
Traceback (most recent call last):
  File "/root/QuestionInsight/Etapa_1/codebench-mining-tool/util.py", line 551, in extract_complexity_metrics
    v = ComplexityVisitor.from_code(code)
        ^^^^^^^^^^^^^^^^^^^^^^^^^^^^^^^^^
  File "/root/QuestionInsight/.venv/lib/python3.12/site-packages/radon/visitors.py", line 133, in from_code
    return cls.from_ast(code2ast(code), **kwargs)
                        ^^^^^^^^^^^^^^
  File "/root/QuestionInsight/.venv/lib/python3.12/site-packages/radon/visitors.py", line 48, in code2ast
    return ast.parse(source)
           ^^^^^^^^^^^^^^^^^
  File "/usr/lib/python3.12/ast.py", line 52, in parse
    return compile(source, filename, mode, flags,
           ^^^^^^^^^^^^^^^^^^^^^^^^^^^^^^^^^^^^^^
  File "<unknown>", line 10
    	
    	^
IndentationError: expected an indented block after 'if' statement on line 9
2025-08-18 19:36:12,097 cblogger [ERROR]: 		Error while extracting halsted code metrics: expected an indented block after 'if' statement on line 9 (<unknown>, line 10)
Traceback (most recent call last):
  File "/root/QuestionInsight/Etapa_1/codebench-mining-tool/util.py", line 569, in extract_halstead_metrics
    h = h_visit(code)
        ^^^^^^^^^^^^^
  File "/root/QuestionInsight/.venv/lib/python3.12/site-packages/radon/metrics.py", line 29, in h_visit
    return h_visit_ast(ast.parse(code))
                       ^^^^^^^^^^^^^^^
  File "/usr/lib/python3.12/ast.py", line 52, in parse
    return compile(source, filename, mode, flags,
           ^^^^^^^^^^^^^^^^^^^^^^^^^^^^^^^^^^^^^^
  File "<unknown>", line 10
    	
    	^
IndentationError: expected an indented block after 'if' statement on line 9
2025-08-18 19:36:12,128 cblogger [ERROR]: 		Error while extracting code complexity metrics: invalid syntax (<unknown>, line 4)
Traceback (most recent call last):
  File "/root/QuestionInsight/Etapa_1/codebench-mining-tool/util.py", line 551, in extract_complexity_metrics
    v = ComplexityVisitor.from_code(code)
        ^^^^^^^^^^^^^^^^^^^^^^^^^^^^^^^^^
  File "/root/QuestionInsight/.venv/lib/python3.12/site-packages/radon/visitors.py", line 133, in from_code
    return cls.from_ast(code2ast(code), **kwargs)
                        ^^^^^^^^^^^^^^
  File "/root/QuestionInsight/.venv/lib/python3.12/site-packages/radon/visitors.py", line 48, in code2ast
    return ast.parse(source)
           ^^^^^^^^^^^^^^^^^
  File "/usr/lib/python3.12/ast.py", line 52, in parse
    return compile(source, filename, mode, flags,
           ^^^^^^^^^^^^^^^^^^^^^^^^^^^^^^^^^^^^^^
  File "<unknown>", line 4
    if:(escala == "F"):
      ^
SyntaxError: invalid syntax
2025-08-18 19:36:12,129 cblogger [ERROR]: 		Error while extracting halsted code metrics: invalid syntax (<unknown>, line 4)
Traceback (most recent call last):
  File "/root/QuestionInsight/Etapa_1/codebench-mining-tool/util.py", line 569, in extract_halstead_metrics
    h = h_visit(code)
        ^^^^^^^^^^^^^
  File "/root/QuestionInsight/.venv/lib/python3.12/site-packages/radon/metrics.py", line 29, in h_visit
    return h_visit_ast(ast.parse(code))
                       ^^^^^^^^^^^^^^^
  File "/usr/lib/python3.12/ast.py", line 52, in parse
    return compile(source, filename, mode, flags,
           ^^^^^^^^^^^^^^^^^^^^^^^^^^^^^^^^^^^^^^
  File "<unknown>", line 4
    if:(escala == "F"):
      ^
SyntaxError: invalid syntax
2025-08-18 19:36:12,181 cblogger [ERROR]: 		Error while extracting code complexity metrics: invalid syntax (<unknown>, line 5)
Traceback (most recent call last):
  File "/root/QuestionInsight/Etapa_1/codebench-mining-tool/util.py", line 551, in extract_complexity_metrics
    v = ComplexityVisitor.from_code(code)
        ^^^^^^^^^^^^^^^^^^^^^^^^^^^^^^^^^
  File "/root/QuestionInsight/.venv/lib/python3.12/site-packages/radon/visitors.py", line 133, in from_code
    return cls.from_ast(code2ast(code), **kwargs)
                        ^^^^^^^^^^^^^^
  File "/root/QuestionInsight/.venv/lib/python3.12/site-packages/radon/visitors.py", line 48, in code2ast
    return ast.parse(source)
           ^^^^^^^^^^^^^^^^^
  File "/usr/lib/python3.12/ast.py", line 52, in parse
    return compile(source, filename, mode, flags,
           ^^^^^^^^^^^^^^^^^^^^^^^^^^^^^^^^^^^^^^
  File "<unknown>", line 5
    b=
      ^
SyntaxError: invalid syntax
2025-08-18 19:36:12,182 cblogger [ERROR]: 		Error while extracting halsted code metrics: invalid syntax (<unknown>, line 5)
Traceback (most recent call last):
  File "/root/QuestionInsight/Etapa_1/codebench-mining-tool/util.py", line 569, in extract_halstead_metrics
    h = h_visit(code)
        ^^^^^^^^^^^^^
  File "/root/QuestionInsight/.venv/lib/python3.12/site-packages/radon/metrics.py", line 29, in h_visit
    return h_visit_ast(ast.parse(code))
                       ^^^^^^^^^^^^^^^
  File "/usr/lib/python3.12/ast.py", line 52, in parse
    return compile(source, filename, mode, flags,
           ^^^^^^^^^^^^^^^^^^^^^^^^^^^^^^^^^^^^^^
  File "<unknown>", line 5
    b=
      ^
SyntaxError: invalid syntax
2025-08-18 19:36:12,193 cblogger [ERROR]: 		Error while extracting code complexity metrics: invalid syntax. Perhaps you forgot a comma? (<unknown>, line 13)
Traceback (most recent call last):
  File "/root/QuestionInsight/Etapa_1/codebench-mining-tool/util.py", line 551, in extract_complexity_metrics
    v = ComplexityVisitor.from_code(code)
        ^^^^^^^^^^^^^^^^^^^^^^^^^^^^^^^^^
  File "/root/QuestionInsight/.venv/lib/python3.12/site-packages/radon/visitors.py", line 133, in from_code
    return cls.from_ast(code2ast(code), **kwargs)
                        ^^^^^^^^^^^^^^
  File "/root/QuestionInsight/.venv/lib/python3.12/site-packages/radon/visitors.py", line 48, in code2ast
    return ast.parse(source)
           ^^^^^^^^^^^^^^^^^
  File "/usr/lib/python3.12/ast.py", line 52, in parse
    return compile(source, filename, mode, flags,
           ^^^^^^^^^^^^^^^^^^^^^^^^^^^^^^^^^^^^^^
  File "<unknown>", line 13
    if (___COMPLETE AQUI___):
        ^^^^^^^^^^^^^^^^^^^
SyntaxError: invalid syntax. Perhaps you forgot a comma?
2025-08-18 19:36:12,194 cblogger [ERROR]: 		Error while extracting halsted code metrics: invalid syntax. Perhaps you forgot a comma? (<unknown>, line 13)
Traceback (most recent call last):
  File "/root/QuestionInsight/Etapa_1/codebench-mining-tool/util.py", line 569, in extract_halstead_metrics
    h = h_visit(code)
        ^^^^^^^^^^^^^
  File "/root/QuestionInsight/.venv/lib/python3.12/site-packages/radon/metrics.py", line 29, in h_visit
    return h_visit_ast(ast.parse(code))
                       ^^^^^^^^^^^^^^^
  File "/usr/lib/python3.12/ast.py", line 52, in parse
    return compile(source, filename, mode, flags,
           ^^^^^^^^^^^^^^^^^^^^^^^^^^^^^^^^^^^^^^
  File "<unknown>", line 13
    if (___COMPLETE AQUI___):
        ^^^^^^^^^^^^^^^^^^^
SyntaxError: invalid syntax. Perhaps you forgot a comma?
2025-08-18 19:36:12,341 cblogger [ERROR]: 		Error while extracting code complexity metrics: expected an indented block after 'if' statement on line 3 (<unknown>, line 4)
Traceback (most recent call last):
  File "/root/QuestionInsight/Etapa_1/codebench-mining-tool/util.py", line 551, in extract_complexity_metrics
    v = ComplexityVisitor.from_code(code)
        ^^^^^^^^^^^^^^^^^^^^^^^^^^^^^^^^^
  File "/root/QuestionInsight/.venv/lib/python3.12/site-packages/radon/visitors.py", line 133, in from_code
    return cls.from_ast(code2ast(code), **kwargs)
                        ^^^^^^^^^^^^^^
  File "/root/QuestionInsight/.venv/lib/python3.12/site-packages/radon/visitors.py", line 48, in code2ast
    return ast.parse(source)
           ^^^^^^^^^^^^^^^^^
  File "/usr/lib/python3.12/ast.py", line 52, in parse
    return compile(source, filename, mode, flags,
           ^^^^^^^^^^^^^^^^^^^^^^^^^^^^^^^^^^^^^^
  File "<unknown>", line 4
    print ('sim')
    ^^^^^
IndentationError: expected an indented block after 'if' statement on line 3
2025-08-18 19:36:12,341 cblogger [ERROR]: 		Error while extracting halsted code metrics: expected an indented block after 'if' statement on line 3 (<unknown>, line 4)
Traceback (most recent call last):
  File "/root/QuestionInsight/Etapa_1/codebench-mining-tool/util.py", line 569, in extract_halstead_metrics
    h = h_visit(code)
        ^^^^^^^^^^^^^
  File "/root/QuestionInsight/.venv/lib/python3.12/site-packages/radon/metrics.py", line 29, in h_visit
    return h_visit_ast(ast.parse(code))
                       ^^^^^^^^^^^^^^^
  File "/usr/lib/python3.12/ast.py", line 52, in parse
    return compile(source, filename, mode, flags,
           ^^^^^^^^^^^^^^^^^^^^^^^^^^^^^^^^^^^^^^
  File "<unknown>", line 4
    print ('sim')
    ^^^^^
IndentationError: expected an indented block after 'if' statement on line 3
2025-08-18 19:36:12,777 cblogger [ERROR]: 		Error while extracting code complexity metrics: invalid syntax (<unknown>, line 8)
Traceback (most recent call last):
  File "/root/QuestionInsight/Etapa_1/codebench-mining-tool/util.py", line 551, in extract_complexity_metrics
    v = ComplexityVisitor.from_code(code)
        ^^^^^^^^^^^^^^^^^^^^^^^^^^^^^^^^^
  File "/root/QuestionInsight/.venv/lib/python3.12/site-packages/radon/visitors.py", line 133, in from_code
    return cls.from_ast(code2ast(code), **kwargs)
                        ^^^^^^^^^^^^^^
  File "/root/QuestionInsight/.venv/lib/python3.12/site-packages/radon/visitors.py", line 48, in code2ast
    return ast.parse(source)
           ^^^^^^^^^^^^^^^^^
  File "/usr/lib/python3.12/ast.py", line 52, in parse
    return compile(source, filename, mode, flags,
           ^^^^^^^^^^^^^^^^^^^^^^^^^^^^^^^^^^^^^^
  File "<unknown>", line 8
    	elif (a == b and b == c and c == a):
    	^^^^
SyntaxError: invalid syntax
2025-08-18 19:36:12,778 cblogger [ERROR]: 		Error while extracting halsted code metrics: invalid syntax (<unknown>, line 8)
Traceback (most recent call last):
  File "/root/QuestionInsight/Etapa_1/codebench-mining-tool/util.py", line 569, in extract_halstead_metrics
    h = h_visit(code)
        ^^^^^^^^^^^^^
  File "/root/QuestionInsight/.venv/lib/python3.12/site-packages/radon/metrics.py", line 29, in h_visit
    return h_visit_ast(ast.parse(code))
                       ^^^^^^^^^^^^^^^
  File "/usr/lib/python3.12/ast.py", line 52, in parse
    return compile(source, filename, mode, flags,
           ^^^^^^^^^^^^^^^^^^^^^^^^^^^^^^^^^^^^^^
  File "<unknown>", line 8
    	elif (a == b and b == c and c == a):
    	^^^^
SyntaxError: invalid syntax
2025-08-18 19:36:13,063 cblogger [ERROR]: 		Error while extracting code complexity metrics: invalid syntax. Perhaps you forgot a comma? (<unknown>, line 14)
Traceback (most recent call last):
  File "/root/QuestionInsight/Etapa_1/codebench-mining-tool/util.py", line 551, in extract_complexity_metrics
    v = ComplexityVisitor.from_code(code)
        ^^^^^^^^^^^^^^^^^^^^^^^^^^^^^^^^^
  File "/root/QuestionInsight/.venv/lib/python3.12/site-packages/radon/visitors.py", line 133, in from_code
    return cls.from_ast(code2ast(code), **kwargs)
                        ^^^^^^^^^^^^^^
  File "/root/QuestionInsight/.venv/lib/python3.12/site-packages/radon/visitors.py", line 48, in code2ast
    return ast.parse(source)
           ^^^^^^^^^^^^^^^^^
  File "/usr/lib/python3.12/ast.py", line 52, in parse
    return compile(source, filename, mode, flags,
           ^^^^^^^^^^^^^^^^^^^^^^^^^^^^^^^^^^^^^^
  File "<unknown>", line 14
    	if (___COMPLETE AQUI___):
    	    ^^^^^^^^^^^^^^^^^^^
SyntaxError: invalid syntax. Perhaps you forgot a comma?
2025-08-18 19:36:13,064 cblogger [ERROR]: 		Error while extracting halsted code metrics: invalid syntax. Perhaps you forgot a comma? (<unknown>, line 14)
Traceback (most recent call last):
  File "/root/QuestionInsight/Etapa_1/codebench-mining-tool/util.py", line 569, in extract_halstead_metrics
    h = h_visit(code)
        ^^^^^^^^^^^^^
  File "/root/QuestionInsight/.venv/lib/python3.12/site-packages/radon/metrics.py", line 29, in h_visit
    return h_visit_ast(ast.parse(code))
                       ^^^^^^^^^^^^^^^
  File "/usr/lib/python3.12/ast.py", line 52, in parse
    return compile(source, filename, mode, flags,
           ^^^^^^^^^^^^^^^^^^^^^^^^^^^^^^^^^^^^^^
  File "<unknown>", line 14
    	if (___COMPLETE AQUI___):
    	    ^^^^^^^^^^^^^^^^^^^
SyntaxError: invalid syntax. Perhaps you forgot a comma?
2025-08-18 19:36:13,084 cblogger [ERROR]: 		Error while extracting code complexity metrics: invalid syntax (<unknown>, line 7)
Traceback (most recent call last):
  File "/root/QuestionInsight/Etapa_1/codebench-mining-tool/util.py", line 551, in extract_complexity_metrics
    v = ComplexityVisitor.from_code(code)
        ^^^^^^^^^^^^^^^^^^^^^^^^^^^^^^^^^
  File "/root/QuestionInsight/.venv/lib/python3.12/site-packages/radon/visitors.py", line 133, in from_code
    return cls.from_ast(code2ast(code), **kwargs)
                        ^^^^^^^^^^^^^^
  File "/root/QuestionInsight/.venv/lib/python3.12/site-packages/radon/visitors.py", line 48, in code2ast
    return ast.parse(source)
           ^^^^^^^^^^^^^^^^^
  File "/usr/lib/python3.12/ast.py", line 52, in parse
    return compile(source, filename, mode, flags,
           ^^^^^^^^^^^^^^^^^^^^^^^^^^^^^^^^^^^^^^
  File "<unknown>", line 7
    p=2*x +
           ^
SyntaxError: invalid syntax
2025-08-18 19:36:13,085 cblogger [ERROR]: 		Error while extracting halsted code metrics: invalid syntax (<unknown>, line 7)
Traceback (most recent call last):
  File "/root/QuestionInsight/Etapa_1/codebench-mining-tool/util.py", line 569, in extract_halstead_metrics
    h = h_visit(code)
        ^^^^^^^^^^^^^
  File "/root/QuestionInsight/.venv/lib/python3.12/site-packages/radon/metrics.py", line 29, in h_visit
    return h_visit_ast(ast.parse(code))
                       ^^^^^^^^^^^^^^^
  File "/usr/lib/python3.12/ast.py", line 52, in parse
    return compile(source, filename, mode, flags,
           ^^^^^^^^^^^^^^^^^^^^^^^^^^^^^^^^^^^^^^
  File "<unknown>", line 7
    p=2*x +
           ^
SyntaxError: invalid syntax
2025-08-18 19:36:13,122 cblogger [ERROR]: 		Error while extracting code complexity metrics: invalid syntax (<unknown>, line 2)
Traceback (most recent call last):
  File "/root/QuestionInsight/Etapa_1/codebench-mining-tool/util.py", line 551, in extract_complexity_metrics
    v = ComplexityVisitor.from_code(code)
        ^^^^^^^^^^^^^^^^^^^^^^^^^^^^^^^^^
  File "/root/QuestionInsight/.venv/lib/python3.12/site-packages/radon/visitors.py", line 133, in from_code
    return cls.from_ast(code2ast(code), **kwargs)
                        ^^^^^^^^^^^^^^
  File "/root/QuestionInsight/.venv/lib/python3.12/site-packages/radon/visitors.py", line 48, in code2ast
    return ast.parse(source)
           ^^^^^^^^^^^^^^^^^
  File "/usr/lib/python3.12/ast.py", line 52, in parse
    return compile(source, filename, mode, flags,
           ^^^^^^^^^^^^^^^^^^^^^^^^^^^^^^^^^^^^^^
  File "<unknown>", line 2
    numero de pessoas=int(input("numero de pessoas?: "))
           ^^
SyntaxError: invalid syntax
2025-08-18 19:36:13,122 cblogger [ERROR]: 		Error while extracting halsted code metrics: invalid syntax (<unknown>, line 2)
Traceback (most recent call last):
  File "/root/QuestionInsight/Etapa_1/codebench-mining-tool/util.py", line 569, in extract_halstead_metrics
    h = h_visit(code)
        ^^^^^^^^^^^^^
  File "/root/QuestionInsight/.venv/lib/python3.12/site-packages/radon/metrics.py", line 29, in h_visit
    return h_visit_ast(ast.parse(code))
                       ^^^^^^^^^^^^^^^
  File "/usr/lib/python3.12/ast.py", line 52, in parse
    return compile(source, filename, mode, flags,
           ^^^^^^^^^^^^^^^^^^^^^^^^^^^^^^^^^^^^^^
  File "<unknown>", line 2
    numero de pessoas=int(input("numero de pessoas?: "))
           ^^
SyntaxError: invalid syntax
2025-08-18 19:36:13,193 cblogger [ERROR]: 		Error while extracting code complexity metrics: invalid syntax (<unknown>, line 11)
Traceback (most recent call last):
  File "/root/QuestionInsight/Etapa_1/codebench-mining-tool/util.py", line 551, in extract_complexity_metrics
    v = ComplexityVisitor.from_code(code)
        ^^^^^^^^^^^^^^^^^^^^^^^^^^^^^^^^^
  File "/root/QuestionInsight/.venv/lib/python3.12/site-packages/radon/visitors.py", line 133, in from_code
    return cls.from_ast(code2ast(code), **kwargs)
                        ^^^^^^^^^^^^^^
  File "/root/QuestionInsight/.venv/lib/python3.12/site-packages/radon/visitors.py", line 48, in code2ast
    return ast.parse(source)
           ^^^^^^^^^^^^^^^^^
  File "/usr/lib/python3.12/ast.py", line 52, in parse
    return compile(source, filename, mode, flags,
           ^^^^^^^^^^^^^^^^^^^^^^^^^^^^^^^^^^^^^^
  File "<unknown>", line 11
    	if(a=b=c):
    	    ^
SyntaxError: invalid syntax
2025-08-18 19:36:13,194 cblogger [ERROR]: 		Error while extracting halsted code metrics: invalid syntax (<unknown>, line 11)
Traceback (most recent call last):
  File "/root/QuestionInsight/Etapa_1/codebench-mining-tool/util.py", line 569, in extract_halstead_metrics
    h = h_visit(code)
        ^^^^^^^^^^^^^
  File "/root/QuestionInsight/.venv/lib/python3.12/site-packages/radon/metrics.py", line 29, in h_visit
    return h_visit_ast(ast.parse(code))
                       ^^^^^^^^^^^^^^^
  File "/usr/lib/python3.12/ast.py", line 52, in parse
    return compile(source, filename, mode, flags,
           ^^^^^^^^^^^^^^^^^^^^^^^^^^^^^^^^^^^^^^
  File "<unknown>", line 11
    	if(a=b=c):
    	    ^
SyntaxError: invalid syntax
2025-08-18 19:36:13,215 cblogger [ERROR]: 		Error while extracting code complexity metrics: invalid syntax (<unknown>, line 9)
Traceback (most recent call last):
  File "/root/QuestionInsight/Etapa_1/codebench-mining-tool/util.py", line 551, in extract_complexity_metrics
    v = ComplexityVisitor.from_code(code)
        ^^^^^^^^^^^^^^^^^^^^^^^^^^^^^^^^^
  File "/root/QuestionInsight/.venv/lib/python3.12/site-packages/radon/visitors.py", line 133, in from_code
    return cls.from_ast(code2ast(code), **kwargs)
                        ^^^^^^^^^^^^^^
  File "/root/QuestionInsight/.venv/lib/python3.12/site-packages/radon/visitors.py", line 48, in code2ast
    return ast.parse(source)
           ^^^^^^^^^^^^^^^^^
  File "/usr/lib/python3.12/ast.py", line 52, in parse
    return compile(source, filename, mode, flags,
           ^^^^^^^^^^^^^^^^^^^^^^^^^^^^^^^^^^^^^^
  File "<unknown>", line 9
    	20*50+
    	      ^
SyntaxError: invalid syntax
2025-08-18 19:36:13,215 cblogger [ERROR]: 		Error while extracting halsted code metrics: invalid syntax (<unknown>, line 9)
Traceback (most recent call last):
  File "/root/QuestionInsight/Etapa_1/codebench-mining-tool/util.py", line 569, in extract_halstead_metrics
    h = h_visit(code)
        ^^^^^^^^^^^^^
  File "/root/QuestionInsight/.venv/lib/python3.12/site-packages/radon/metrics.py", line 29, in h_visit
    return h_visit_ast(ast.parse(code))
                       ^^^^^^^^^^^^^^^
  File "/usr/lib/python3.12/ast.py", line 52, in parse
    return compile(source, filename, mode, flags,
           ^^^^^^^^^^^^^^^^^^^^^^^^^^^^^^^^^^^^^^
  File "<unknown>", line 9
    	20*50+
    	      ^
SyntaxError: invalid syntax
2025-08-18 19:36:13,574 cblogger [ERROR]: 		Error while extracting code complexity metrics: expected an indented block after 'if' statement on line 7 (<unknown>, line 7)
Traceback (most recent call last):
  File "/root/QuestionInsight/Etapa_1/codebench-mining-tool/util.py", line 551, in extract_complexity_metrics
    v = ComplexityVisitor.from_code(code)
        ^^^^^^^^^^^^^^^^^^^^^^^^^^^^^^^^^
  File "/root/QuestionInsight/.venv/lib/python3.12/site-packages/radon/visitors.py", line 133, in from_code
    return cls.from_ast(code2ast(code), **kwargs)
                        ^^^^^^^^^^^^^^
  File "/root/QuestionInsight/.venv/lib/python3.12/site-packages/radon/visitors.py", line 48, in code2ast
    return ast.parse(source)
           ^^^^^^^^^^^^^^^^^
  File "/usr/lib/python3.12/ast.py", line 52, in parse
    return compile(source, filename, mode, flags,
           ^^^^^^^^^^^^^^^^^^^^^^^^^^^^^^^^^^^^^^
  File "<unknown>", line 7
    if(a>0 and b>0 and c>0):
                            ^
IndentationError: expected an indented block after 'if' statement on line 7
2025-08-18 19:36:13,574 cblogger [ERROR]: 		Error while extracting halsted code metrics: expected an indented block after 'if' statement on line 7 (<unknown>, line 7)
Traceback (most recent call last):
  File "/root/QuestionInsight/Etapa_1/codebench-mining-tool/util.py", line 569, in extract_halstead_metrics
    h = h_visit(code)
        ^^^^^^^^^^^^^
  File "/root/QuestionInsight/.venv/lib/python3.12/site-packages/radon/metrics.py", line 29, in h_visit
    return h_visit_ast(ast.parse(code))
                       ^^^^^^^^^^^^^^^
  File "/usr/lib/python3.12/ast.py", line 52, in parse
    return compile(source, filename, mode, flags,
           ^^^^^^^^^^^^^^^^^^^^^^^^^^^^^^^^^^^^^^
  File "<unknown>", line 7
    if(a>0 and b>0 and c>0):
                            ^
IndentationError: expected an indented block after 'if' statement on line 7
2025-08-18 19:36:13,611 cblogger [ERROR]: 		Error while extracting code complexity metrics: invalid syntax (<unknown>, line 4)
Traceback (most recent call last):
  File "/root/QuestionInsight/Etapa_1/codebench-mining-tool/util.py", line 551, in extract_complexity_metrics
    v = ComplexityVisitor.from_code(code)
        ^^^^^^^^^^^^^^^^^^^^^^^^^^^^^^^^^
  File "/root/QuestionInsight/.venv/lib/python3.12/site-packages/radon/visitors.py", line 133, in from_code
    return cls.from_ast(code2ast(code), **kwargs)
                        ^^^^^^^^^^^^^^
  File "/root/QuestionInsight/.venv/lib/python3.12/site-packages/radon/visitors.py", line 48, in code2ast
    return ast.parse(source)
           ^^^^^^^^^^^^^^^^^
  File "/usr/lib/python3.12/ast.py", line 52, in parse
    return compile(source, filename, mode, flags,
           ^^^^^^^^^^^^^^^^^^^^^^^^^^^^^^^^^^^^^^
  File "<unknown>", line 4
    nome do patrono = (input())
         ^^
SyntaxError: invalid syntax
2025-08-18 19:36:13,611 cblogger [ERROR]: 		Error while extracting halsted code metrics: invalid syntax (<unknown>, line 4)
Traceback (most recent call last):
  File "/root/QuestionInsight/Etapa_1/codebench-mining-tool/util.py", line 569, in extract_halstead_metrics
    h = h_visit(code)
        ^^^^^^^^^^^^^
  File "/root/QuestionInsight/.venv/lib/python3.12/site-packages/radon/metrics.py", line 29, in h_visit
    return h_visit_ast(ast.parse(code))
                       ^^^^^^^^^^^^^^^
  File "/usr/lib/python3.12/ast.py", line 52, in parse
    return compile(source, filename, mode, flags,
           ^^^^^^^^^^^^^^^^^^^^^^^^^^^^^^^^^^^^^^
  File "<unknown>", line 4
    nome do patrono = (input())
         ^^
SyntaxError: invalid syntax
2025-08-18 19:36:13,619 cblogger [ERROR]: 		Error while extracting code complexity metrics: Missing parentheses in call to 'print'. Did you mean print(...)? (<unknown>, line 6)
Traceback (most recent call last):
  File "/root/QuestionInsight/Etapa_1/codebench-mining-tool/util.py", line 551, in extract_complexity_metrics
    v = ComplexityVisitor.from_code(code)
        ^^^^^^^^^^^^^^^^^^^^^^^^^^^^^^^^^
  File "/root/QuestionInsight/.venv/lib/python3.12/site-packages/radon/visitors.py", line 133, in from_code
    return cls.from_ast(code2ast(code), **kwargs)
                        ^^^^^^^^^^^^^^
  File "/root/QuestionInsight/.venv/lib/python3.12/site-packages/radon/visitors.py", line 48, in code2ast
    return ast.parse(source)
           ^^^^^^^^^^^^^^^^^
  File "/usr/lib/python3.12/ast.py", line 52, in parse
    return compile(source, filename, mode, flags,
           ^^^^^^^^^^^^^^^^^^^^^^^^^^^^^^^^^^^^^^
  File "<unknown>", line 6
    	print round(var2,2)
    	^^^^^^^^^^^^^^^^^^^
SyntaxError: Missing parentheses in call to 'print'. Did you mean print(...)?
2025-08-18 19:36:13,620 cblogger [ERROR]: 		Error while extracting halsted code metrics: Missing parentheses in call to 'print'. Did you mean print(...)? (<unknown>, line 6)
Traceback (most recent call last):
  File "/root/QuestionInsight/Etapa_1/codebench-mining-tool/util.py", line 569, in extract_halstead_metrics
    h = h_visit(code)
        ^^^^^^^^^^^^^
  File "/root/QuestionInsight/.venv/lib/python3.12/site-packages/radon/metrics.py", line 29, in h_visit
    return h_visit_ast(ast.parse(code))
                       ^^^^^^^^^^^^^^^
  File "/usr/lib/python3.12/ast.py", line 52, in parse
    return compile(source, filename, mode, flags,
           ^^^^^^^^^^^^^^^^^^^^^^^^^^^^^^^^^^^^^^
  File "<unknown>", line 6
    	print round(var2,2)
    	^^^^^^^^^^^^^^^^^^^
SyntaxError: Missing parentheses in call to 'print'. Did you mean print(...)?
2025-08-18 19:36:13,621 cblogger [ERROR]: 		Error while extracting code complexity metrics: Missing parentheses in call to 'print'. Did you mean print(...)? (<unknown>, line 5)
Traceback (most recent call last):
  File "/root/QuestionInsight/Etapa_1/codebench-mining-tool/util.py", line 551, in extract_complexity_metrics
    v = ComplexityVisitor.from_code(code)
        ^^^^^^^^^^^^^^^^^^^^^^^^^^^^^^^^^
  File "/root/QuestionInsight/.venv/lib/python3.12/site-packages/radon/visitors.py", line 133, in from_code
    return cls.from_ast(code2ast(code), **kwargs)
                        ^^^^^^^^^^^^^^
  File "/root/QuestionInsight/.venv/lib/python3.12/site-packages/radon/visitors.py", line 48, in code2ast
    return ast.parse(source)
           ^^^^^^^^^^^^^^^^^
  File "/usr/lib/python3.12/ast.py", line 52, in parse
    return compile(source, filename, mode, flags,
           ^^^^^^^^^^^^^^^^^^^^^^^^^^^^^^^^^^^^^^
  File "<unknown>", line 5
    print round(total,7)
    ^^^^^^^^^^^^^^^^^^^^
SyntaxError: Missing parentheses in call to 'print'. Did you mean print(...)?
2025-08-18 19:36:13,622 cblogger [ERROR]: 		Error while extracting halsted code metrics: Missing parentheses in call to 'print'. Did you mean print(...)? (<unknown>, line 5)
Traceback (most recent call last):
  File "/root/QuestionInsight/Etapa_1/codebench-mining-tool/util.py", line 569, in extract_halstead_metrics
    h = h_visit(code)
        ^^^^^^^^^^^^^
  File "/root/QuestionInsight/.venv/lib/python3.12/site-packages/radon/metrics.py", line 29, in h_visit
    return h_visit_ast(ast.parse(code))
                       ^^^^^^^^^^^^^^^
  File "/usr/lib/python3.12/ast.py", line 52, in parse
    return compile(source, filename, mode, flags,
           ^^^^^^^^^^^^^^^^^^^^^^^^^^^^^^^^^^^^^^
  File "<unknown>", line 5
    print round(total,7)
    ^^^^^^^^^^^^^^^^^^^^
SyntaxError: Missing parentheses in call to 'print'. Did you mean print(...)?
2025-08-18 19:36:13,623 cblogger [ERROR]: 		Error while extracting code complexity metrics: cannot assign to expression (<unknown>, line 6)
Traceback (most recent call last):
  File "/root/QuestionInsight/Etapa_1/codebench-mining-tool/util.py", line 551, in extract_complexity_metrics
    v = ComplexityVisitor.from_code(code)
        ^^^^^^^^^^^^^^^^^^^^^^^^^^^^^^^^^
  File "/root/QuestionInsight/.venv/lib/python3.12/site-packages/radon/visitors.py", line 133, in from_code
    return cls.from_ast(code2ast(code), **kwargs)
                        ^^^^^^^^^^^^^^
  File "/root/QuestionInsight/.venv/lib/python3.12/site-packages/radon/visitors.py", line 48, in code2ast
    return ast.parse(source)
           ^^^^^^^^^^^^^^^^^
  File "/usr/lib/python3.12/ast.py", line 52, in parse
    return compile(source, filename, mode, flags,
           ^^^^^^^^^^^^^^^^^^^^^^^^^^^^^^^^^^^^^^
  File "<unknown>", line 6
    equa = 2*var1+var2 = 3
           ^^^^^^^^^^^
SyntaxError: cannot assign to expression
2025-08-18 19:36:13,624 cblogger [ERROR]: 		Error while extracting halsted code metrics: cannot assign to expression (<unknown>, line 6)
Traceback (most recent call last):
  File "/root/QuestionInsight/Etapa_1/codebench-mining-tool/util.py", line 569, in extract_halstead_metrics
    h = h_visit(code)
        ^^^^^^^^^^^^^
  File "/root/QuestionInsight/.venv/lib/python3.12/site-packages/radon/metrics.py", line 29, in h_visit
    return h_visit_ast(ast.parse(code))
                       ^^^^^^^^^^^^^^^
  File "/usr/lib/python3.12/ast.py", line 52, in parse
    return compile(source, filename, mode, flags,
           ^^^^^^^^^^^^^^^^^^^^^^^^^^^^^^^^^^^^^^
  File "<unknown>", line 6
    equa = 2*var1+var2 = 3
           ^^^^^^^^^^^
SyntaxError: cannot assign to expression
2025-08-18 19:36:13,631 cblogger [ERROR]: 		Error while extracting code complexity metrics: cannot use starred expression here (<unknown>, line 2)
Traceback (most recent call last):
  File "/root/QuestionInsight/Etapa_1/codebench-mining-tool/util.py", line 551, in extract_complexity_metrics
    v = ComplexityVisitor.from_code(code)
        ^^^^^^^^^^^^^^^^^^^^^^^^^^^^^^^^^
  File "/root/QuestionInsight/.venv/lib/python3.12/site-packages/radon/visitors.py", line 133, in from_code
    return cls.from_ast(code2ast(code), **kwargs)
                        ^^^^^^^^^^^^^^
  File "/root/QuestionInsight/.venv/lib/python3.12/site-packages/radon/visitors.py", line 48, in code2ast
    return ast.parse(source)
           ^^^^^^^^^^^^^^^^^
  File "/usr/lib/python3.12/ast.py", line 52, in parse
    return compile(source, filename, mode, flags,
           ^^^^^^^^^^^^^^^^^^^^^^^^^^^^^^^^^^^^^^
  File "<unknown>", line 2
    m1 = (*4)
          ^^
SyntaxError: cannot use starred expression here
2025-08-18 19:36:13,633 cblogger [ERROR]: 		Error while extracting halsted code metrics: cannot use starred expression here (<unknown>, line 2)
Traceback (most recent call last):
  File "/root/QuestionInsight/Etapa_1/codebench-mining-tool/util.py", line 569, in extract_halstead_metrics
    h = h_visit(code)
        ^^^^^^^^^^^^^
  File "/root/QuestionInsight/.venv/lib/python3.12/site-packages/radon/metrics.py", line 29, in h_visit
    return h_visit_ast(ast.parse(code))
                       ^^^^^^^^^^^^^^^
  File "/usr/lib/python3.12/ast.py", line 52, in parse
    return compile(source, filename, mode, flags,
           ^^^^^^^^^^^^^^^^^^^^^^^^^^^^^^^^^^^^^^
  File "<unknown>", line 2
    m1 = (*4)
          ^^
SyntaxError: cannot use starred expression here
2025-08-18 19:36:13,641 cblogger [ERROR]: 		Error while extracting code complexity metrics: expected an indented block after 'if' statement on line 5 (<unknown>, line 6)
Traceback (most recent call last):
  File "/root/QuestionInsight/Etapa_1/codebench-mining-tool/util.py", line 551, in extract_complexity_metrics
    v = ComplexityVisitor.from_code(code)
        ^^^^^^^^^^^^^^^^^^^^^^^^^^^^^^^^^
  File "/root/QuestionInsight/.venv/lib/python3.12/site-packages/radon/visitors.py", line 133, in from_code
    return cls.from_ast(code2ast(code), **kwargs)
                        ^^^^^^^^^^^^^^
  File "/root/QuestionInsight/.venv/lib/python3.12/site-packages/radon/visitors.py", line 48, in code2ast
    return ast.parse(source)
           ^^^^^^^^^^^^^^^^^
  File "/usr/lib/python3.12/ast.py", line 52, in parse
    return compile(source, filename, mode, flags,
           ^^^^^^^^^^^^^^^^^^^^^^^^^^^^^^^^^^^^^^
  File "<unknown>", line 6
    print round(falta + equa1,2)
    ^^^^^
IndentationError: expected an indented block after 'if' statement on line 5
2025-08-18 19:36:13,642 cblogger [ERROR]: 		Error while extracting halsted code metrics: expected an indented block after 'if' statement on line 5 (<unknown>, line 6)
Traceback (most recent call last):
  File "/root/QuestionInsight/Etapa_1/codebench-mining-tool/util.py", line 569, in extract_halstead_metrics
    h = h_visit(code)
        ^^^^^^^^^^^^^
  File "/root/QuestionInsight/.venv/lib/python3.12/site-packages/radon/metrics.py", line 29, in h_visit
    return h_visit_ast(ast.parse(code))
                       ^^^^^^^^^^^^^^^
  File "/usr/lib/python3.12/ast.py", line 52, in parse
    return compile(source, filename, mode, flags,
           ^^^^^^^^^^^^^^^^^^^^^^^^^^^^^^^^^^^^^^
  File "<unknown>", line 6
    print round(falta + equa1,2)
    ^^^^^
IndentationError: expected an indented block after 'if' statement on line 5
2025-08-18 19:36:13,648 cblogger [ERROR]: 		Error while extracting code complexity metrics: invalid syntax. Maybe you meant '==' or ':=' instead of '='? (<unknown>, line 8)
Traceback (most recent call last):
  File "/root/QuestionInsight/Etapa_1/codebench-mining-tool/util.py", line 551, in extract_complexity_metrics
    v = ComplexityVisitor.from_code(code)
        ^^^^^^^^^^^^^^^^^^^^^^^^^^^^^^^^^
  File "/root/QuestionInsight/.venv/lib/python3.12/site-packages/radon/visitors.py", line 133, in from_code
    return cls.from_ast(code2ast(code), **kwargs)
                        ^^^^^^^^^^^^^^
  File "/root/QuestionInsight/.venv/lib/python3.12/site-packages/radon/visitors.py", line 48, in code2ast
    return ast.parse(source)
           ^^^^^^^^^^^^^^^^^
  File "/usr/lib/python3.12/ast.py", line 52, in parse
    return compile(source, filename, mode, flags,
           ^^^^^^^^^^^^^^^^^^^^^^^^^^^^^^^^^^^^^^
  File "<unknown>", line 8
    elif(a=b!=c) and (b=c!=a) and (c=a!=b):
         ^^^
SyntaxError: invalid syntax. Maybe you meant '==' or ':=' instead of '='?
2025-08-18 19:36:13,648 cblogger [ERROR]: 		Error while extracting halsted code metrics: invalid syntax. Maybe you meant '==' or ':=' instead of '='? (<unknown>, line 8)
Traceback (most recent call last):
  File "/root/QuestionInsight/Etapa_1/codebench-mining-tool/util.py", line 569, in extract_halstead_metrics
    h = h_visit(code)
        ^^^^^^^^^^^^^
  File "/root/QuestionInsight/.venv/lib/python3.12/site-packages/radon/metrics.py", line 29, in h_visit
    return h_visit_ast(ast.parse(code))
                       ^^^^^^^^^^^^^^^
  File "/usr/lib/python3.12/ast.py", line 52, in parse
    return compile(source, filename, mode, flags,
           ^^^^^^^^^^^^^^^^^^^^^^^^^^^^^^^^^^^^^^
  File "<unknown>", line 8
    elif(a=b!=c) and (b=c!=a) and (c=a!=b):
         ^^^
SyntaxError: invalid syntax. Maybe you meant '==' or ':=' instead of '='?
2025-08-18 19:36:13,649 cblogger [ERROR]: 		Error while extracting code complexity metrics: Missing parentheses in call to 'print'. Did you mean print(...)? (<unknown>, line 5)
Traceback (most recent call last):
  File "/root/QuestionInsight/Etapa_1/codebench-mining-tool/util.py", line 551, in extract_complexity_metrics
    v = ComplexityVisitor.from_code(code)
        ^^^^^^^^^^^^^^^^^^^^^^^^^^^^^^^^^
  File "/root/QuestionInsight/.venv/lib/python3.12/site-packages/radon/visitors.py", line 133, in from_code
    return cls.from_ast(code2ast(code), **kwargs)
                        ^^^^^^^^^^^^^^
  File "/root/QuestionInsight/.venv/lib/python3.12/site-packages/radon/visitors.py", line 48, in code2ast
    return ast.parse(source)
           ^^^^^^^^^^^^^^^^^
  File "/usr/lib/python3.12/ast.py", line 52, in parse
    return compile(source, filename, mode, flags,
           ^^^^^^^^^^^^^^^^^^^^^^^^^^^^^^^^^^^^^^
  File "<unknown>", line 5
    print round(total,2)
    ^^^^^^^^^^^^^^^^^^^^
SyntaxError: Missing parentheses in call to 'print'. Did you mean print(...)?
2025-08-18 19:36:13,650 cblogger [ERROR]: 		Error while extracting halsted code metrics: Missing parentheses in call to 'print'. Did you mean print(...)? (<unknown>, line 5)
Traceback (most recent call last):
  File "/root/QuestionInsight/Etapa_1/codebench-mining-tool/util.py", line 569, in extract_halstead_metrics
    h = h_visit(code)
        ^^^^^^^^^^^^^
  File "/root/QuestionInsight/.venv/lib/python3.12/site-packages/radon/metrics.py", line 29, in h_visit
    return h_visit_ast(ast.parse(code))
                       ^^^^^^^^^^^^^^^
  File "/usr/lib/python3.12/ast.py", line 52, in parse
    return compile(source, filename, mode, flags,
           ^^^^^^^^^^^^^^^^^^^^^^^^^^^^^^^^^^^^^^
  File "<unknown>", line 5
    print round(total,2)
    ^^^^^^^^^^^^^^^^^^^^
SyntaxError: Missing parentheses in call to 'print'. Did you mean print(...)?
2025-08-18 19:36:13,657 cblogger [ERROR]: 		Error while extracting code complexity metrics: Missing parentheses in call to 'print'. Did you mean print(...)? (<unknown>, line 4)
Traceback (most recent call last):
  File "/root/QuestionInsight/Etapa_1/codebench-mining-tool/util.py", line 551, in extract_complexity_metrics
    v = ComplexityVisitor.from_code(code)
        ^^^^^^^^^^^^^^^^^^^^^^^^^^^^^^^^^
  File "/root/QuestionInsight/.venv/lib/python3.12/site-packages/radon/visitors.py", line 133, in from_code
    return cls.from_ast(code2ast(code), **kwargs)
                        ^^^^^^^^^^^^^^
  File "/root/QuestionInsight/.venv/lib/python3.12/site-packages/radon/visitors.py", line 48, in code2ast
    return ast.parse(source)
           ^^^^^^^^^^^^^^^^^
  File "/usr/lib/python3.12/ast.py", line 52, in parse
    return compile(source, filename, mode, flags,
           ^^^^^^^^^^^^^^^^^^^^^^^^^^^^^^^^^^^^^^
  File "<unknown>", line 4
    print round(total,3 "km/l")
    ^^^^^^^^^^^
SyntaxError: Missing parentheses in call to 'print'. Did you mean print(...)?
2025-08-18 19:36:13,658 cblogger [ERROR]: 		Error while extracting halsted code metrics: Missing parentheses in call to 'print'. Did you mean print(...)? (<unknown>, line 4)
Traceback (most recent call last):
  File "/root/QuestionInsight/Etapa_1/codebench-mining-tool/util.py", line 569, in extract_halstead_metrics
    h = h_visit(code)
        ^^^^^^^^^^^^^
  File "/root/QuestionInsight/.venv/lib/python3.12/site-packages/radon/metrics.py", line 29, in h_visit
    return h_visit_ast(ast.parse(code))
                       ^^^^^^^^^^^^^^^
  File "/usr/lib/python3.12/ast.py", line 52, in parse
    return compile(source, filename, mode, flags,
           ^^^^^^^^^^^^^^^^^^^^^^^^^^^^^^^^^^^^^^
  File "<unknown>", line 4
    print round(total,3 "km/l")
    ^^^^^^^^^^^
SyntaxError: Missing parentheses in call to 'print'. Did you mean print(...)?
2025-08-18 19:36:13,683 cblogger [ERROR]: 		Error while extracting code complexity metrics: invalid syntax (<unknown>, line 1)
Traceback (most recent call last):
  File "/root/QuestionInsight/Etapa_1/codebench-mining-tool/util.py", line 551, in extract_complexity_metrics
    v = ComplexityVisitor.from_code(code)
        ^^^^^^^^^^^^^^^^^^^^^^^^^^^^^^^^^
  File "/root/QuestionInsight/.venv/lib/python3.12/site-packages/radon/visitors.py", line 133, in from_code
    return cls.from_ast(code2ast(code), **kwargs)
                        ^^^^^^^^^^^^^^
  File "/root/QuestionInsight/.venv/lib/python3.12/site-packages/radon/visitors.py", line 48, in code2ast
    return ast.parse(source)
           ^^^^^^^^^^^^^^^^^
  File "/usr/lib/python3.12/ast.py", line 52, in parse
    return compile(source, filename, mode, flags,
           ^^^^^^^^^^^^^^^^^^^^^^^^^^^^^^^^^^^^^^
  File "<unknown>", line 1
    var1 = 
           ^
SyntaxError: invalid syntax
2025-08-18 19:36:13,683 cblogger [ERROR]: 		Error while extracting halsted code metrics: invalid syntax (<unknown>, line 1)
Traceback (most recent call last):
  File "/root/QuestionInsight/Etapa_1/codebench-mining-tool/util.py", line 569, in extract_halstead_metrics
    h = h_visit(code)
        ^^^^^^^^^^^^^
  File "/root/QuestionInsight/.venv/lib/python3.12/site-packages/radon/metrics.py", line 29, in h_visit
    return h_visit_ast(ast.parse(code))
                       ^^^^^^^^^^^^^^^
  File "/usr/lib/python3.12/ast.py", line 52, in parse
    return compile(source, filename, mode, flags,
           ^^^^^^^^^^^^^^^^^^^^^^^^^^^^^^^^^^^^^^
  File "<unknown>", line 1
    var1 = 
           ^
SyntaxError: invalid syntax
2025-08-18 19:36:13,702 cblogger [ERROR]: 		Error while extracting code complexity metrics: invalid syntax (<unknown>, line 3)
Traceback (most recent call last):
  File "/root/QuestionInsight/Etapa_1/codebench-mining-tool/util.py", line 551, in extract_complexity_metrics
    v = ComplexityVisitor.from_code(code)
        ^^^^^^^^^^^^^^^^^^^^^^^^^^^^^^^^^
  File "/root/QuestionInsight/.venv/lib/python3.12/site-packages/radon/visitors.py", line 133, in from_code
    return cls.from_ast(code2ast(code), **kwargs)
                        ^^^^^^^^^^^^^^
  File "/root/QuestionInsight/.venv/lib/python3.12/site-packages/radon/visitors.py", line 48, in code2ast
    return ast.parse(source)
           ^^^^^^^^^^^^^^^^^
  File "/usr/lib/python3.12/ast.py", line 52, in parse
    return compile(source, filename, mode, flags,
           ^^^^^^^^^^^^^^^^^^^^^^^^^^^^^^^^^^^^^^
  File "<unknown>", line 3
    if = ()
       ^
SyntaxError: invalid syntax
2025-08-18 19:36:13,703 cblogger [ERROR]: 		Error while extracting halsted code metrics: invalid syntax (<unknown>, line 3)
Traceback (most recent call last):
  File "/root/QuestionInsight/Etapa_1/codebench-mining-tool/util.py", line 569, in extract_halstead_metrics
    h = h_visit(code)
        ^^^^^^^^^^^^^
  File "/root/QuestionInsight/.venv/lib/python3.12/site-packages/radon/metrics.py", line 29, in h_visit
    return h_visit_ast(ast.parse(code))
                       ^^^^^^^^^^^^^^^
  File "/usr/lib/python3.12/ast.py", line 52, in parse
    return compile(source, filename, mode, flags,
           ^^^^^^^^^^^^^^^^^^^^^^^^^^^^^^^^^^^^^^
  File "<unknown>", line 3
    if = ()
       ^
SyntaxError: invalid syntax
2025-08-18 19:36:16,114 cblogger [ERROR]: 		Error while extracting code complexity metrics: invalid syntax (<unknown>, line 4)
Traceback (most recent call last):
  File "/root/QuestionInsight/Etapa_1/codebench-mining-tool/util.py", line 551, in extract_complexity_metrics
    v = ComplexityVisitor.from_code(code)
        ^^^^^^^^^^^^^^^^^^^^^^^^^^^^^^^^^
  File "/root/QuestionInsight/.venv/lib/python3.12/site-packages/radon/visitors.py", line 133, in from_code
    return cls.from_ast(code2ast(code), **kwargs)
                        ^^^^^^^^^^^^^^
  File "/root/QuestionInsight/.venv/lib/python3.12/site-packages/radon/visitors.py", line 48, in code2ast
    return ast.parse(source)
           ^^^^^^^^^^^^^^^^^
  File "/usr/lib/python3.12/ast.py", line 52, in parse
    return compile(source, filename, mode, flags,
           ^^^^^^^^^^^^^^^^^^^^^^^^^^^^^^^^^^^^^^
  File "<unknown>", line 4
    var1 = 
           ^
SyntaxError: invalid syntax
2025-08-18 19:36:16,115 cblogger [ERROR]: 		Error while extracting halsted code metrics: invalid syntax (<unknown>, line 4)
Traceback (most recent call last):
  File "/root/QuestionInsight/Etapa_1/codebench-mining-tool/util.py", line 569, in extract_halstead_metrics
    h = h_visit(code)
        ^^^^^^^^^^^^^
  File "/root/QuestionInsight/.venv/lib/python3.12/site-packages/radon/metrics.py", line 29, in h_visit
    return h_visit_ast(ast.parse(code))
                       ^^^^^^^^^^^^^^^
  File "/usr/lib/python3.12/ast.py", line 52, in parse
    return compile(source, filename, mode, flags,
           ^^^^^^^^^^^^^^^^^^^^^^^^^^^^^^^^^^^^^^
  File "<unknown>", line 4
    var1 = 
           ^
SyntaxError: invalid syntax
2025-08-18 19:36:16,815 cblogger [ERROR]: 		Error while extracting code complexity metrics: invalid syntax. Perhaps you forgot a comma? (<unknown>, line 10)
Traceback (most recent call last):
  File "/root/QuestionInsight/Etapa_1/codebench-mining-tool/util.py", line 551, in extract_complexity_metrics
    v = ComplexityVisitor.from_code(code)
        ^^^^^^^^^^^^^^^^^^^^^^^^^^^^^^^^^
  File "/root/QuestionInsight/.venv/lib/python3.12/site-packages/radon/visitors.py", line 133, in from_code
    return cls.from_ast(code2ast(code), **kwargs)
                        ^^^^^^^^^^^^^^
  File "/root/QuestionInsight/.venv/lib/python3.12/site-packages/radon/visitors.py", line 48, in code2ast
    return ast.parse(source)
           ^^^^^^^^^^^^^^^^^
  File "/usr/lib/python3.12/ast.py", line 52, in parse
    return compile(source, filename, mode, flags,
           ^^^^^^^^^^^^^^^^^^^^^^^^^^^^^^^^^^^^^^
  File "<unknown>", line 10
    print("Entradas:"+a"," b ","c)
          ^^^^^^^^^^^^^^^^
SyntaxError: invalid syntax. Perhaps you forgot a comma?
2025-08-18 19:36:16,818 cblogger [ERROR]: 		Error while extracting halsted code metrics: invalid syntax. Perhaps you forgot a comma? (<unknown>, line 10)
Traceback (most recent call last):
  File "/root/QuestionInsight/Etapa_1/codebench-mining-tool/util.py", line 569, in extract_halstead_metrics
    h = h_visit(code)
        ^^^^^^^^^^^^^
  File "/root/QuestionInsight/.venv/lib/python3.12/site-packages/radon/metrics.py", line 29, in h_visit
    return h_visit_ast(ast.parse(code))
                       ^^^^^^^^^^^^^^^
  File "/usr/lib/python3.12/ast.py", line 52, in parse
    return compile(source, filename, mode, flags,
           ^^^^^^^^^^^^^^^^^^^^^^^^^^^^^^^^^^^^^^
  File "<unknown>", line 10
    print("Entradas:"+a"," b ","c)
          ^^^^^^^^^^^^^^^^
SyntaxError: invalid syntax. Perhaps you forgot a comma?
2025-08-18 19:36:17,081 cblogger [ERROR]: 		Error while extracting code complexity metrics: cannot assign to expression here. Maybe you meant '==' instead of '='? (<unknown>, line 1)
Traceback (most recent call last):
  File "/root/QuestionInsight/Etapa_1/codebench-mining-tool/util.py", line 551, in extract_complexity_metrics
    v = ComplexityVisitor.from_code(code)
        ^^^^^^^^^^^^^^^^^^^^^^^^^^^^^^^^^
  File "/root/QuestionInsight/.venv/lib/python3.12/site-packages/radon/visitors.py", line 133, in from_code
    return cls.from_ast(code2ast(code), **kwargs)
                        ^^^^^^^^^^^^^^
  File "/root/QuestionInsight/.venv/lib/python3.12/site-packages/radon/visitors.py", line 48, in code2ast
    return ast.parse(source)
           ^^^^^^^^^^^^^^^^^
  File "/usr/lib/python3.12/ast.py", line 52, in parse
    return compile(source, filename, mode, flags,
           ^^^^^^^^^^^^^^^^^^^^^^^^^^^^^^^^^^^^^^
  File "<unknown>", line 1
    victor-bia = 7.2
    ^^^^^^^^^^
SyntaxError: cannot assign to expression here. Maybe you meant '==' instead of '='?
2025-08-18 19:36:17,083 cblogger [ERROR]: 		Error while extracting halsted code metrics: cannot assign to expression here. Maybe you meant '==' instead of '='? (<unknown>, line 1)
Traceback (most recent call last):
  File "/root/QuestionInsight/Etapa_1/codebench-mining-tool/util.py", line 569, in extract_halstead_metrics
    h = h_visit(code)
        ^^^^^^^^^^^^^
  File "/root/QuestionInsight/.venv/lib/python3.12/site-packages/radon/metrics.py", line 29, in h_visit
    return h_visit_ast(ast.parse(code))
                       ^^^^^^^^^^^^^^^
  File "/usr/lib/python3.12/ast.py", line 52, in parse
    return compile(source, filename, mode, flags,
           ^^^^^^^^^^^^^^^^^^^^^^^^^^^^^^^^^^^^^^
  File "<unknown>", line 1
    victor-bia = 7.2
    ^^^^^^^^^^
SyntaxError: cannot assign to expression here. Maybe you meant '==' instead of '='?
2025-08-18 19:36:17,119 cblogger [ERROR]: 		Error while extracting code complexity metrics: invalid syntax. Perhaps you forgot a comma? (<unknown>, line 3)
Traceback (most recent call last):
  File "/root/QuestionInsight/Etapa_1/codebench-mining-tool/util.py", line 551, in extract_complexity_metrics
    v = ComplexityVisitor.from_code(code)
        ^^^^^^^^^^^^^^^^^^^^^^^^^^^^^^^^^
  File "/root/QuestionInsight/.venv/lib/python3.12/site-packages/radon/visitors.py", line 133, in from_code
    return cls.from_ast(code2ast(code), **kwargs)
                        ^^^^^^^^^^^^^^
  File "/root/QuestionInsight/.venv/lib/python3.12/site-packages/radon/visitors.py", line 48, in code2ast
    return ast.parse(source)
           ^^^^^^^^^^^^^^^^^
  File "/usr/lib/python3.12/ast.py", line 52, in parse
    return compile(source, filename, mode, flags,
           ^^^^^^^^^^^^^^^^^^^^^^^^^^^^^^^^^^^^^^
  File "<unknown>", line 3
    if(opcao em "S"):
       ^^^^^^^^
SyntaxError: invalid syntax. Perhaps you forgot a comma?
2025-08-18 19:36:17,120 cblogger [ERROR]: 		Error while extracting halsted code metrics: invalid syntax. Perhaps you forgot a comma? (<unknown>, line 3)
Traceback (most recent call last):
  File "/root/QuestionInsight/Etapa_1/codebench-mining-tool/util.py", line 569, in extract_halstead_metrics
    h = h_visit(code)
        ^^^^^^^^^^^^^
  File "/root/QuestionInsight/.venv/lib/python3.12/site-packages/radon/metrics.py", line 29, in h_visit
    return h_visit_ast(ast.parse(code))
                       ^^^^^^^^^^^^^^^
  File "/usr/lib/python3.12/ast.py", line 52, in parse
    return compile(source, filename, mode, flags,
           ^^^^^^^^^^^^^^^^^^^^^^^^^^^^^^^^^^^^^^
  File "<unknown>", line 3
    if(opcao em "S"):
       ^^^^^^^^
SyntaxError: invalid syntax. Perhaps you forgot a comma?
2025-08-18 19:36:17,266 cblogger [ERROR]: 		Error while extracting code complexity metrics: '(' was never closed (<unknown>, line 1)
Traceback (most recent call last):
  File "/root/QuestionInsight/Etapa_1/codebench-mining-tool/util.py", line 551, in extract_complexity_metrics
    v = ComplexityVisitor.from_code(code)
        ^^^^^^^^^^^^^^^^^^^^^^^^^^^^^^^^^
  File "/root/QuestionInsight/.venv/lib/python3.12/site-packages/radon/visitors.py", line 133, in from_code
    return cls.from_ast(code2ast(code), **kwargs)
                        ^^^^^^^^^^^^^^
  File "/root/QuestionInsight/.venv/lib/python3.12/site-packages/radon/visitors.py", line 48, in code2ast
    return ast.parse(source)
           ^^^^^^^^^^^^^^^^^
  File "/usr/lib/python3.12/ast.py", line 52, in parse
    return compile(source, filename, mode, flags,
           ^^^^^^^^^^^^^^^^^^^^^^^^^^^^^^^^^^^^^^
  File "<unknown>", line 1
    n= int(input("numero?")
          ^
SyntaxError: '(' was never closed
2025-08-18 19:36:17,267 cblogger [ERROR]: 		Error while extracting code size based metrics: SyntaxError at line: 1
Traceback (most recent call last):
  File "/root/QuestionInsight/.venv/lib/python3.12/site-packages/radon/raw.py", line 210, in analyze
    tokens, parsed_lines = _get_all_tokens(line, lines)
                           ^^^^^^^^^^^^^^^^^^^^^^^^^^^^
  File "/root/QuestionInsight/.venv/lib/python3.12/site-packages/radon/raw.py", line 117, in _get_all_tokens
    next_line = next(lines)
                ^^^^^^^^^^^
StopIteration

During handling of the above exception, another exception occurred:

Traceback (most recent call last):
  File "/root/QuestionInsight/Etapa_1/codebench-mining-tool/util.py", line 560, in extract_size_metrics
    a = analyze(code)
        ^^^^^^^^^^^^^
  File "/root/QuestionInsight/.venv/lib/python3.12/site-packages/radon/raw.py", line 212, in analyze
    raise SyntaxError('SyntaxError at line: {0}'.format(lineno))
SyntaxError: SyntaxError at line: 1
2025-08-18 19:36:17,267 cblogger [ERROR]: 		Error while extracting halsted code metrics: '(' was never closed (<unknown>, line 1)
Traceback (most recent call last):
  File "/root/QuestionInsight/Etapa_1/codebench-mining-tool/util.py", line 569, in extract_halstead_metrics
    h = h_visit(code)
        ^^^^^^^^^^^^^
  File "/root/QuestionInsight/.venv/lib/python3.12/site-packages/radon/metrics.py", line 29, in h_visit
    return h_visit_ast(ast.parse(code))
                       ^^^^^^^^^^^^^^^
  File "/usr/lib/python3.12/ast.py", line 52, in parse
    return compile(source, filename, mode, flags,
           ^^^^^^^^^^^^^^^^^^^^^^^^^^^^^^^^^^^^^^
  File "<unknown>", line 1
    n= int(input("numero?")
          ^
SyntaxError: '(' was never closed
2025-08-18 19:36:17,411 cblogger [ERROR]: 		Error while extracting code complexity metrics: expected an indented block after 'if' statement on line 10 (<unknown>, line 11)
Traceback (most recent call last):
  File "/root/QuestionInsight/Etapa_1/codebench-mining-tool/util.py", line 551, in extract_complexity_metrics
    v = ComplexityVisitor.from_code(code)
        ^^^^^^^^^^^^^^^^^^^^^^^^^^^^^^^^^
  File "/root/QuestionInsight/.venv/lib/python3.12/site-packages/radon/visitors.py", line 133, in from_code
    return cls.from_ast(code2ast(code), **kwargs)
                        ^^^^^^^^^^^^^^
  File "/root/QuestionInsight/.venv/lib/python3.12/site-packages/radon/visitors.py", line 48, in code2ast
    return ast.parse(source)
           ^^^^^^^^^^^^^^^^^
  File "/usr/lib/python3.12/ast.py", line 52, in parse
    return compile(source, filename, mode, flags,
           ^^^^^^^^^^^^^^^^^^^^^^^^^^^^^^^^^^^^^^
  File "<unknown>", line 11
    	s = (a + b + c) / 2.0
    	^
IndentationError: expected an indented block after 'if' statement on line 10
2025-08-18 19:36:17,411 cblogger [ERROR]: 		Error while extracting halsted code metrics: expected an indented block after 'if' statement on line 10 (<unknown>, line 11)
Traceback (most recent call last):
  File "/root/QuestionInsight/Etapa_1/codebench-mining-tool/util.py", line 569, in extract_halstead_metrics
    h = h_visit(code)
        ^^^^^^^^^^^^^
  File "/root/QuestionInsight/.venv/lib/python3.12/site-packages/radon/metrics.py", line 29, in h_visit
    return h_visit_ast(ast.parse(code))
                       ^^^^^^^^^^^^^^^
  File "/usr/lib/python3.12/ast.py", line 52, in parse
    return compile(source, filename, mode, flags,
           ^^^^^^^^^^^^^^^^^^^^^^^^^^^^^^^^^^^^^^
  File "<unknown>", line 11
    	s = (a + b + c) / 2.0
    	^
IndentationError: expected an indented block after 'if' statement on line 10
2025-08-18 19:36:17,717 cblogger [ERROR]: 		Error while extracting code complexity metrics: invalid syntax (<unknown>, line 15)
Traceback (most recent call last):
  File "/root/QuestionInsight/Etapa_1/codebench-mining-tool/util.py", line 551, in extract_complexity_metrics
    v = ComplexityVisitor.from_code(code)
        ^^^^^^^^^^^^^^^^^^^^^^^^^^^^^^^^^
  File "/root/QuestionInsight/.venv/lib/python3.12/site-packages/radon/visitors.py", line 133, in from_code
    return cls.from_ast(code2ast(code), **kwargs)
                        ^^^^^^^^^^^^^^
  File "/root/QuestionInsight/.venv/lib/python3.12/site-packages/radon/visitors.py", line 48, in code2ast
    return ast.parse(source)
           ^^^^^^^^^^^^^^^^^
  File "/usr/lib/python3.12/ast.py", line 52, in parse
    return compile(source, filename, mode, flags,
           ^^^^^^^^^^^^^^^^^^^^^^^^^^^^^^^^^^^^^^
  File "<unknown>", line 15
    	if (a>=b+c or b>=a+c or c>=):
    	                           ^
SyntaxError: invalid syntax
2025-08-18 19:36:17,718 cblogger [ERROR]: 		Error while extracting halsted code metrics: invalid syntax (<unknown>, line 15)
Traceback (most recent call last):
  File "/root/QuestionInsight/Etapa_1/codebench-mining-tool/util.py", line 569, in extract_halstead_metrics
    h = h_visit(code)
        ^^^^^^^^^^^^^
  File "/root/QuestionInsight/.venv/lib/python3.12/site-packages/radon/metrics.py", line 29, in h_visit
    return h_visit_ast(ast.parse(code))
                       ^^^^^^^^^^^^^^^
  File "/usr/lib/python3.12/ast.py", line 52, in parse
    return compile(source, filename, mode, flags,
           ^^^^^^^^^^^^^^^^^^^^^^^^^^^^^^^^^^^^^^
  File "<unknown>", line 15
    	if (a>=b+c or b>=a+c or c>=):
    	                           ^
SyntaxError: invalid syntax
2025-08-18 19:36:17,778 cblogger [ERROR]: 		Error while extracting code complexity metrics: invalid syntax (<unknown>, line 7)
Traceback (most recent call last):
  File "/root/QuestionInsight/Etapa_1/codebench-mining-tool/util.py", line 551, in extract_complexity_metrics
    v = ComplexityVisitor.from_code(code)
        ^^^^^^^^^^^^^^^^^^^^^^^^^^^^^^^^^
  File "/root/QuestionInsight/.venv/lib/python3.12/site-packages/radon/visitors.py", line 133, in from_code
    return cls.from_ast(code2ast(code), **kwargs)
                        ^^^^^^^^^^^^^^
  File "/root/QuestionInsight/.venv/lib/python3.12/site-packages/radon/visitors.py", line 48, in code2ast
    return ast.parse(source)
           ^^^^^^^^^^^^^^^^^
  File "/usr/lib/python3.12/ast.py", line 52, in parse
    return compile(source, filename, mode, flags,
           ^^^^^^^^^^^^^^^^^^^^^^^^^^^^^^^^^^^^^^
  File "<unknown>", line 7
    elif(delta > 0 or delta < 0):
    ^^^^
SyntaxError: invalid syntax
2025-08-18 19:36:17,779 cblogger [ERROR]: 		Error while extracting halsted code metrics: invalid syntax (<unknown>, line 7)
Traceback (most recent call last):
  File "/root/QuestionInsight/Etapa_1/codebench-mining-tool/util.py", line 569, in extract_halstead_metrics
    h = h_visit(code)
        ^^^^^^^^^^^^^
  File "/root/QuestionInsight/.venv/lib/python3.12/site-packages/radon/metrics.py", line 29, in h_visit
    return h_visit_ast(ast.parse(code))
                       ^^^^^^^^^^^^^^^
  File "/usr/lib/python3.12/ast.py", line 52, in parse
    return compile(source, filename, mode, flags,
           ^^^^^^^^^^^^^^^^^^^^^^^^^^^^^^^^^^^^^^
  File "<unknown>", line 7
    elif(delta > 0 or delta < 0):
    ^^^^
SyntaxError: invalid syntax
2025-08-18 19:36:17,914 cblogger [ERROR]: 		Error while extracting code complexity metrics: invalid syntax (<unknown>, line 5)
Traceback (most recent call last):
  File "/root/QuestionInsight/Etapa_1/codebench-mining-tool/util.py", line 551, in extract_complexity_metrics
    v = ComplexityVisitor.from_code(code)
        ^^^^^^^^^^^^^^^^^^^^^^^^^^^^^^^^^
  File "/root/QuestionInsight/.venv/lib/python3.12/site-packages/radon/visitors.py", line 133, in from_code
    return cls.from_ast(code2ast(code), **kwargs)
                        ^^^^^^^^^^^^^^
  File "/root/QuestionInsight/.venv/lib/python3.12/site-packages/radon/visitors.py", line 48, in code2ast
    return ast.parse(source)
           ^^^^^^^^^^^^^^^^^
  File "/usr/lib/python3.12/ast.py", line 52, in parse
    return compile(source, filename, mode, flags,
           ^^^^^^^^^^^^^^^^^^^^^^^^^^^^^^^^^^^^^^
  File "<unknown>", line 5
    vidarestante = 
                   ^
SyntaxError: invalid syntax
2025-08-18 19:36:17,914 cblogger [ERROR]: 		Error while extracting halsted code metrics: invalid syntax (<unknown>, line 5)
Traceback (most recent call last):
  File "/root/QuestionInsight/Etapa_1/codebench-mining-tool/util.py", line 569, in extract_halstead_metrics
    h = h_visit(code)
        ^^^^^^^^^^^^^
  File "/root/QuestionInsight/.venv/lib/python3.12/site-packages/radon/metrics.py", line 29, in h_visit
    return h_visit_ast(ast.parse(code))
                       ^^^^^^^^^^^^^^^
  File "/usr/lib/python3.12/ast.py", line 52, in parse
    return compile(source, filename, mode, flags,
           ^^^^^^^^^^^^^^^^^^^^^^^^^^^^^^^^^^^^^^
  File "<unknown>", line 5
    vidarestante = 
                   ^
SyntaxError: invalid syntax
2025-08-18 19:36:18,063 cblogger [ERROR]: 		Error while extracting code complexity metrics: '(' was never closed (<unknown>, line 7)
Traceback (most recent call last):
  File "/root/QuestionInsight/Etapa_1/codebench-mining-tool/util.py", line 551, in extract_complexity_metrics
    v = ComplexityVisitor.from_code(code)
        ^^^^^^^^^^^^^^^^^^^^^^^^^^^^^^^^^
  File "/root/QuestionInsight/.venv/lib/python3.12/site-packages/radon/visitors.py", line 133, in from_code
    return cls.from_ast(code2ast(code), **kwargs)
                        ^^^^^^^^^^^^^^
  File "/root/QuestionInsight/.venv/lib/python3.12/site-packages/radon/visitors.py", line 48, in code2ast
    return ast.parse(source)
           ^^^^^^^^^^^^^^^^^
  File "/usr/lib/python3.12/ast.py", line 52, in parse
    return compile(source, filename, mode, flags,
           ^^^^^^^^^^^^^^^^^^^^^^^^^^^^^^^^^^^^^^
  File "<unknown>", line 7
    print(round(m, 7)
         ^
SyntaxError: '(' was never closed
2025-08-18 19:36:18,064 cblogger [ERROR]: 		Error while extracting code size based metrics: SyntaxError at line: 7
Traceback (most recent call last):
  File "/root/QuestionInsight/.venv/lib/python3.12/site-packages/radon/raw.py", line 210, in analyze
    tokens, parsed_lines = _get_all_tokens(line, lines)
                           ^^^^^^^^^^^^^^^^^^^^^^^^^^^^
  File "/root/QuestionInsight/.venv/lib/python3.12/site-packages/radon/raw.py", line 117, in _get_all_tokens
    next_line = next(lines)
                ^^^^^^^^^^^
StopIteration

During handling of the above exception, another exception occurred:

Traceback (most recent call last):
  File "/root/QuestionInsight/Etapa_1/codebench-mining-tool/util.py", line 560, in extract_size_metrics
    a = analyze(code)
        ^^^^^^^^^^^^^
  File "/root/QuestionInsight/.venv/lib/python3.12/site-packages/radon/raw.py", line 212, in analyze
    raise SyntaxError('SyntaxError at line: {0}'.format(lineno))
SyntaxError: SyntaxError at line: 7
2025-08-18 19:36:18,065 cblogger [ERROR]: 		Error while extracting halsted code metrics: '(' was never closed (<unknown>, line 7)
Traceback (most recent call last):
  File "/root/QuestionInsight/Etapa_1/codebench-mining-tool/util.py", line 569, in extract_halstead_metrics
    h = h_visit(code)
        ^^^^^^^^^^^^^
  File "/root/QuestionInsight/.venv/lib/python3.12/site-packages/radon/metrics.py", line 29, in h_visit
    return h_visit_ast(ast.parse(code))
                       ^^^^^^^^^^^^^^^
  File "/usr/lib/python3.12/ast.py", line 52, in parse
    return compile(source, filename, mode, flags,
           ^^^^^^^^^^^^^^^^^^^^^^^^^^^^^^^^^^^^^^
  File "<unknown>", line 7
    print(round(m, 7)
         ^
SyntaxError: '(' was never closed
2025-08-18 19:36:18,089 cblogger [ERROR]: 		Error while extracting code complexity metrics: invalid syntax (<unknown>, line 1)
Traceback (most recent call last):
  File "/root/QuestionInsight/Etapa_1/codebench-mining-tool/util.py", line 551, in extract_complexity_metrics
    v = ComplexityVisitor.from_code(code)
        ^^^^^^^^^^^^^^^^^^^^^^^^^^^^^^^^^
  File "/root/QuestionInsight/.venv/lib/python3.12/site-packages/radon/visitors.py", line 133, in from_code
    return cls.from_ast(code2ast(code), **kwargs)
                        ^^^^^^^^^^^^^^
  File "/root/QuestionInsight/.venv/lib/python3.12/site-packages/radon/visitors.py", line 48, in code2ast
    return ast.parse(source)
           ^^^^^^^^^^^^^^^^^
  File "/usr/lib/python3.12/ast.py", line 52, in parse
    return compile(source, filename, mode, flags,
           ^^^^^^^^^^^^^^^^^^^^^^^^^^^^^^^^^^^^^^
  File "<unknown>", line 1
    from math imput
              ^^^^^
SyntaxError: invalid syntax
2025-08-18 19:36:18,090 cblogger [ERROR]: 		Error while extracting halsted code metrics: invalid syntax (<unknown>, line 1)
Traceback (most recent call last):
  File "/root/QuestionInsight/Etapa_1/codebench-mining-tool/util.py", line 569, in extract_halstead_metrics
    h = h_visit(code)
        ^^^^^^^^^^^^^
  File "/root/QuestionInsight/.venv/lib/python3.12/site-packages/radon/metrics.py", line 29, in h_visit
    return h_visit_ast(ast.parse(code))
                       ^^^^^^^^^^^^^^^
  File "/usr/lib/python3.12/ast.py", line 52, in parse
    return compile(source, filename, mode, flags,
           ^^^^^^^^^^^^^^^^^^^^^^^^^^^^^^^^^^^^^^
  File "<unknown>", line 1
    from math imput
              ^^^^^
SyntaxError: invalid syntax
2025-08-18 19:36:18,105 cblogger [ERROR]: 		Error while extracting code complexity metrics: invalid syntax (<unknown>, line 1)
Traceback (most recent call last):
  File "/root/QuestionInsight/Etapa_1/codebench-mining-tool/util.py", line 551, in extract_complexity_metrics
    v = ComplexityVisitor.from_code(code)
        ^^^^^^^^^^^^^^^^^^^^^^^^^^^^^^^^^
  File "/root/QuestionInsight/.venv/lib/python3.12/site-packages/radon/visitors.py", line 133, in from_code
    return cls.from_ast(code2ast(code), **kwargs)
                        ^^^^^^^^^^^^^^
  File "/root/QuestionInsight/.venv/lib/python3.12/site-packages/radon/visitors.py", line 48, in code2ast
    return ast.parse(source)
           ^^^^^^^^^^^^^^^^^
  File "/usr/lib/python3.12/ast.py", line 52, in parse
    return compile(source, filename, mode, flags,
           ^^^^^^^^^^^^^^^^^^^^^^^^^^^^^^^^^^^^^^
  File "<unknown>", line 1
    input = 
            ^
SyntaxError: invalid syntax
2025-08-18 19:36:18,105 cblogger [ERROR]: 		Error while extracting halsted code metrics: invalid syntax (<unknown>, line 1)
Traceback (most recent call last):
  File "/root/QuestionInsight/Etapa_1/codebench-mining-tool/util.py", line 569, in extract_halstead_metrics
    h = h_visit(code)
        ^^^^^^^^^^^^^
  File "/root/QuestionInsight/.venv/lib/python3.12/site-packages/radon/metrics.py", line 29, in h_visit
    return h_visit_ast(ast.parse(code))
                       ^^^^^^^^^^^^^^^
  File "/usr/lib/python3.12/ast.py", line 52, in parse
    return compile(source, filename, mode, flags,
           ^^^^^^^^^^^^^^^^^^^^^^^^^^^^^^^^^^^^^^
  File "<unknown>", line 1
    input = 
            ^
SyntaxError: invalid syntax
2025-08-18 19:36:18,648 cblogger [ERROR]: 		Error while extracting code complexity metrics: unmatched ')' (<unknown>, line 4)
Traceback (most recent call last):
  File "/root/QuestionInsight/Etapa_1/codebench-mining-tool/util.py", line 551, in extract_complexity_metrics
    v = ComplexityVisitor.from_code(code)
        ^^^^^^^^^^^^^^^^^^^^^^^^^^^^^^^^^
  File "/root/QuestionInsight/.venv/lib/python3.12/site-packages/radon/visitors.py", line 133, in from_code
    return cls.from_ast(code2ast(code), **kwargs)
                        ^^^^^^^^^^^^^^
  File "/root/QuestionInsight/.venv/lib/python3.12/site-packages/radon/visitors.py", line 48, in code2ast
    return ast.parse(source)
           ^^^^^^^^^^^^^^^^^
  File "/usr/lib/python3.12/ast.py", line 52, in parse
    return compile(source, filename, mode, flags,
           ^^^^^^^^^^^^^^^^^^^^^^^^^^^^^^^^^^^^^^
  File "<unknown>", line 4
    printquantidade*preco + frete)
                                 ^
SyntaxError: unmatched ')'
2025-08-18 19:36:18,648 cblogger [ERROR]: 		Error while extracting halsted code metrics: unmatched ')' (<unknown>, line 4)
Traceback (most recent call last):
  File "/root/QuestionInsight/Etapa_1/codebench-mining-tool/util.py", line 569, in extract_halstead_metrics
    h = h_visit(code)
        ^^^^^^^^^^^^^
  File "/root/QuestionInsight/.venv/lib/python3.12/site-packages/radon/metrics.py", line 29, in h_visit
    return h_visit_ast(ast.parse(code))
                       ^^^^^^^^^^^^^^^
  File "/usr/lib/python3.12/ast.py", line 52, in parse
    return compile(source, filename, mode, flags,
           ^^^^^^^^^^^^^^^^^^^^^^^^^^^^^^^^^^^^^^
  File "<unknown>", line 4
    printquantidade*preco + frete)
                                 ^
SyntaxError: unmatched ')'
2025-08-18 19:36:56,916 cblogger [ERROR]: 		Error while extracting code complexity metrics: invalid syntax (<unknown>, line 5)
Traceback (most recent call last):
  File "/root/QuestionInsight/Etapa_1/codebench-mining-tool/util.py", line 551, in extract_complexity_metrics
    v = ComplexityVisitor.from_code(code)
        ^^^^^^^^^^^^^^^^^^^^^^^^^^^^^^^^^
  File "/root/QuestionInsight/.venv/lib/python3.12/site-packages/radon/visitors.py", line 133, in from_code
    return cls.from_ast(code2ast(code), **kwargs)
                        ^^^^^^^^^^^^^^
  File "/root/QuestionInsight/.venv/lib/python3.12/site-packages/radon/visitors.py", line 48, in code2ast
    return ast.parse(source)
           ^^^^^^^^^^^^^^^^^
  File "/usr/lib/python3.12/ast.py", line 52, in parse
    return compile(source, filename, mode, flags,
           ^^^^^^^^^^^^^^^^^^^^^^^^^^^^^^^^^^^^^^
  File "<unknown>", line 5
    ????? = f???t(input("Qual o valor unitario do jogo? "))
    ^
SyntaxError: invalid syntax
2025-08-18 19:36:56,917 cblogger [ERROR]: 		Error while extracting halsted code metrics: invalid syntax (<unknown>, line 5)
Traceback (most recent call last):
  File "/root/QuestionInsight/Etapa_1/codebench-mining-tool/util.py", line 569, in extract_halstead_metrics
    h = h_visit(code)
        ^^^^^^^^^^^^^
  File "/root/QuestionInsight/.venv/lib/python3.12/site-packages/radon/metrics.py", line 29, in h_visit
    return h_visit_ast(ast.parse(code))
                       ^^^^^^^^^^^^^^^
  File "/usr/lib/python3.12/ast.py", line 52, in parse
    return compile(source, filename, mode, flags,
           ^^^^^^^^^^^^^^^^^^^^^^^^^^^^^^^^^^^^^^
  File "<unknown>", line 5
    ????? = f???t(input("Qual o valor unitario do jogo? "))
    ^
SyntaxError: invalid syntax
2025-08-18 19:36:56,918 cblogger [ERROR]: 		Error while extracting code token based metrics: 55
Traceback (most recent call last):
  File "/root/QuestionInsight/Etapa_1/codebench-mining-tool/util.py", line 633, in extract_token_metrics
    setattr(obj, TOKEN_NAMES[k], v)
                 ~~~~~~~~~~~^^^
KeyError: 55
2025-08-18 19:36:56,936 cblogger [ERROR]: 		Error while extracting code complexity metrics: unexpected indent (<unknown>, line 5)
Traceback (most recent call last):
  File "/root/QuestionInsight/Etapa_1/codebench-mining-tool/util.py", line 551, in extract_complexity_metrics
    v = ComplexityVisitor.from_code(code)
        ^^^^^^^^^^^^^^^^^^^^^^^^^^^^^^^^^
  File "/root/QuestionInsight/.venv/lib/python3.12/site-packages/radon/visitors.py", line 133, in from_code
    return cls.from_ast(code2ast(code), **kwargs)
                        ^^^^^^^^^^^^^^
  File "/root/QuestionInsight/.venv/lib/python3.12/site-packages/radon/visitors.py", line 48, in code2ast
    return ast.parse(source)
           ^^^^^^^^^^^^^^^^^
  File "/usr/lib/python3.12/ast.py", line 52, in parse
    return compile(source, filename, mode, flags,
           ^^^^^^^^^^^^^^^^^^^^^^^^^^^^^^^^^^^^^^
  File "<unknown>", line 5
    	n3 = n2 + n1
    ^
IndentationError: unexpected indent
2025-08-18 19:36:56,937 cblogger [ERROR]: 		Error while extracting halsted code metrics: unexpected indent (<unknown>, line 5)
Traceback (most recent call last):
  File "/root/QuestionInsight/Etapa_1/codebench-mining-tool/util.py", line 569, in extract_halstead_metrics
    h = h_visit(code)
        ^^^^^^^^^^^^^
  File "/root/QuestionInsight/.venv/lib/python3.12/site-packages/radon/metrics.py", line 29, in h_visit
    return h_visit_ast(ast.parse(code))
                       ^^^^^^^^^^^^^^^
  File "/usr/lib/python3.12/ast.py", line 52, in parse
    return compile(source, filename, mode, flags,
           ^^^^^^^^^^^^^^^^^^^^^^^^^^^^^^^^^^^^^^
  File "<unknown>", line 5
    	n3 = n2 + n1
    ^
IndentationError: unexpected indent
2025-08-18 19:36:56,944 cblogger [ERROR]: 		Error while extracting code complexity metrics: invalid syntax (<unknown>, line 3)
Traceback (most recent call last):
  File "/root/QuestionInsight/Etapa_1/codebench-mining-tool/util.py", line 551, in extract_complexity_metrics
    v = ComplexityVisitor.from_code(code)
        ^^^^^^^^^^^^^^^^^^^^^^^^^^^^^^^^^
  File "/root/QuestionInsight/.venv/lib/python3.12/site-packages/radon/visitors.py", line 133, in from_code
    return cls.from_ast(code2ast(code), **kwargs)
                        ^^^^^^^^^^^^^^
  File "/root/QuestionInsight/.venv/lib/python3.12/site-packages/radon/visitors.py", line 48, in code2ast
    return ast.parse(source)
           ^^^^^^^^^^^^^^^^^
  File "/usr/lib/python3.12/ast.py", line 52, in parse
    return compile(source, filename, mode, flags,
           ^^^^^^^^^^^^^^^^^^^^^^^^^^^^^^^^^^^^^^
  File "<unknown>", line 3
    a = 
        ^
SyntaxError: invalid syntax
2025-08-18 19:36:56,945 cblogger [ERROR]: 		Error while extracting halsted code metrics: invalid syntax (<unknown>, line 3)
Traceback (most recent call last):
  File "/root/QuestionInsight/Etapa_1/codebench-mining-tool/util.py", line 569, in extract_halstead_metrics
    h = h_visit(code)
        ^^^^^^^^^^^^^
  File "/root/QuestionInsight/.venv/lib/python3.12/site-packages/radon/metrics.py", line 29, in h_visit
    return h_visit_ast(ast.parse(code))
                       ^^^^^^^^^^^^^^^
  File "/usr/lib/python3.12/ast.py", line 52, in parse
    return compile(source, filename, mode, flags,
           ^^^^^^^^^^^^^^^^^^^^^^^^^^^^^^^^^^^^^^
  File "<unknown>", line 3
    a = 
        ^
SyntaxError: invalid syntax
2025-08-18 19:36:56,955 cblogger [ERROR]: 		Error while extracting code complexity metrics: invalid syntax (<unknown>, line 6)
Traceback (most recent call last):
  File "/root/QuestionInsight/Etapa_1/codebench-mining-tool/util.py", line 551, in extract_complexity_metrics
    v = ComplexityVisitor.from_code(code)
        ^^^^^^^^^^^^^^^^^^^^^^^^^^^^^^^^^
  File "/root/QuestionInsight/.venv/lib/python3.12/site-packages/radon/visitors.py", line 133, in from_code
    return cls.from_ast(code2ast(code), **kwargs)
                        ^^^^^^^^^^^^^^
  File "/root/QuestionInsight/.venv/lib/python3.12/site-packages/radon/visitors.py", line 48, in code2ast
    return ast.parse(source)
           ^^^^^^^^^^^^^^^^^
  File "/usr/lib/python3.12/ast.py", line 52, in parse
    return compile(source, filename, mode, flags,
           ^^^^^^^^^^^^^^^^^^^^^^^^^^^^^^^^^^^^^^
  File "<unknown>", line 6
    tot =
         ^
SyntaxError: invalid syntax
2025-08-18 19:36:56,956 cblogger [ERROR]: 		Error while extracting halsted code metrics: invalid syntax (<unknown>, line 6)
Traceback (most recent call last):
  File "/root/QuestionInsight/Etapa_1/codebench-mining-tool/util.py", line 569, in extract_halstead_metrics
    h = h_visit(code)
        ^^^^^^^^^^^^^
  File "/root/QuestionInsight/.venv/lib/python3.12/site-packages/radon/metrics.py", line 29, in h_visit
    return h_visit_ast(ast.parse(code))
                       ^^^^^^^^^^^^^^^
  File "/usr/lib/python3.12/ast.py", line 52, in parse
    return compile(source, filename, mode, flags,
           ^^^^^^^^^^^^^^^^^^^^^^^^^^^^^^^^^^^^^^
  File "<unknown>", line 6
    tot =
         ^
SyntaxError: invalid syntax
2025-08-18 19:36:56,963 cblogger [ERROR]: 		Error while extracting code complexity metrics: invalid syntax (<unknown>, line 15)
Traceback (most recent call last):
  File "/root/QuestionInsight/Etapa_1/codebench-mining-tool/util.py", line 551, in extract_complexity_metrics
    v = ComplexityVisitor.from_code(code)
        ^^^^^^^^^^^^^^^^^^^^^^^^^^^^^^^^^
  File "/root/QuestionInsight/.venv/lib/python3.12/site-packages/radon/visitors.py", line 133, in from_code
    return cls.from_ast(code2ast(code), **kwargs)
                        ^^^^^^^^^^^^^^
  File "/root/QuestionInsight/.venv/lib/python3.12/site-packages/radon/visitors.py", line 48, in code2ast
    return ast.parse(source)
           ^^^^^^^^^^^^^^^^^
  File "/usr/lib/python3.12/ast.py", line 52, in parse
    return compile(source, filename, mode, flags,
           ^^^^^^^^^^^^^^^^^^^^^^^^^^^^^^^^^^^^^^
  File "<unknown>", line 15
    else:
    ^^^^
SyntaxError: invalid syntax
2025-08-18 19:36:56,964 cblogger [ERROR]: 		Error while extracting halsted code metrics: invalid syntax (<unknown>, line 15)
Traceback (most recent call last):
  File "/root/QuestionInsight/Etapa_1/codebench-mining-tool/util.py", line 569, in extract_halstead_metrics
    h = h_visit(code)
        ^^^^^^^^^^^^^
  File "/root/QuestionInsight/.venv/lib/python3.12/site-packages/radon/metrics.py", line 29, in h_visit
    return h_visit_ast(ast.parse(code))
                       ^^^^^^^^^^^^^^^
  File "/usr/lib/python3.12/ast.py", line 52, in parse
    return compile(source, filename, mode, flags,
           ^^^^^^^^^^^^^^^^^^^^^^^^^^^^^^^^^^^^^^
  File "<unknown>", line 15
    else:
    ^^^^
SyntaxError: invalid syntax
2025-08-18 19:36:57,055 cblogger [ERROR]: 		Error while extracting code complexity metrics: invalid character '–' (U+2013) (<unknown>, line 2)
Traceback (most recent call last):
  File "/root/QuestionInsight/Etapa_1/codebench-mining-tool/util.py", line 551, in extract_complexity_metrics
    v = ComplexityVisitor.from_code(code)
        ^^^^^^^^^^^^^^^^^^^^^^^^^^^^^^^^^
  File "/root/QuestionInsight/.venv/lib/python3.12/site-packages/radon/visitors.py", line 133, in from_code
    return cls.from_ast(code2ast(code), **kwargs)
                        ^^^^^^^^^^^^^^
  File "/root/QuestionInsight/.venv/lib/python3.12/site-packages/radon/visitors.py", line 48, in code2ast
    return ast.parse(source)
           ^^^^^^^^^^^^^^^^^
  File "/usr/lib/python3.12/ast.py", line 52, in parse
    return compile(source, filename, mode, flags,
           ^^^^^^^^^^^^^^^^^^^^^^^^^^^^^^^^^^^^^^
  File "<unknown>", line 2
    expressão = 30 – (3 ** 2) + 8 // (3 ** 2) * 10
                   ^
SyntaxError: invalid character '–' (U+2013)
2025-08-18 19:36:57,055 cblogger [ERROR]: 		Error while extracting halsted code metrics: invalid character '–' (U+2013) (<unknown>, line 2)
Traceback (most recent call last):
  File "/root/QuestionInsight/Etapa_1/codebench-mining-tool/util.py", line 569, in extract_halstead_metrics
    h = h_visit(code)
        ^^^^^^^^^^^^^
  File "/root/QuestionInsight/.venv/lib/python3.12/site-packages/radon/metrics.py", line 29, in h_visit
    return h_visit_ast(ast.parse(code))
                       ^^^^^^^^^^^^^^^
  File "/usr/lib/python3.12/ast.py", line 52, in parse
    return compile(source, filename, mode, flags,
           ^^^^^^^^^^^^^^^^^^^^^^^^^^^^^^^^^^^^^^
  File "<unknown>", line 2
    expressão = 30 – (3 ** 2) + 8 // (3 ** 2) * 10
                   ^
SyntaxError: invalid character '–' (U+2013)
2025-08-18 19:36:57,061 cblogger [ERROR]: 		Error while extracting code complexity metrics: '(' was never closed (<unknown>, line 9)
Traceback (most recent call last):
  File "/root/QuestionInsight/Etapa_1/codebench-mining-tool/util.py", line 551, in extract_complexity_metrics
    v = ComplexityVisitor.from_code(code)
        ^^^^^^^^^^^^^^^^^^^^^^^^^^^^^^^^^
  File "/root/QuestionInsight/.venv/lib/python3.12/site-packages/radon/visitors.py", line 133, in from_code
    return cls.from_ast(code2ast(code), **kwargs)
                        ^^^^^^^^^^^^^^
  File "/root/QuestionInsight/.venv/lib/python3.12/site-packages/radon/visitors.py", line 48, in code2ast
    return ast.parse(source)
           ^^^^^^^^^^^^^^^^^
  File "/usr/lib/python3.12/ast.py", line 52, in parse
    return compile(source, filename, mode, flags,
           ^^^^^^^^^^^^^^^^^^^^^^^^^^^^^^^^^^^^^^
  File "<unknown>", line 9
    D = R*(math.acos*(math.sin(t1)*math.sin(t2))+(math.cos(t1)*math.cos(t2))*(math.cos(g1-g2))
          ^
SyntaxError: '(' was never closed
2025-08-18 19:36:57,062 cblogger [ERROR]: 		Error while extracting code size based metrics: SyntaxError at line: 9
Traceback (most recent call last):
  File "/root/QuestionInsight/.venv/lib/python3.12/site-packages/radon/raw.py", line 210, in analyze
    tokens, parsed_lines = _get_all_tokens(line, lines)
                           ^^^^^^^^^^^^^^^^^^^^^^^^^^^^
  File "/root/QuestionInsight/.venv/lib/python3.12/site-packages/radon/raw.py", line 117, in _get_all_tokens
    next_line = next(lines)
                ^^^^^^^^^^^
StopIteration

During handling of the above exception, another exception occurred:

Traceback (most recent call last):
  File "/root/QuestionInsight/Etapa_1/codebench-mining-tool/util.py", line 560, in extract_size_metrics
    a = analyze(code)
        ^^^^^^^^^^^^^
  File "/root/QuestionInsight/.venv/lib/python3.12/site-packages/radon/raw.py", line 212, in analyze
    raise SyntaxError('SyntaxError at line: {0}'.format(lineno))
SyntaxError: SyntaxError at line: 9
2025-08-18 19:36:57,063 cblogger [ERROR]: 		Error while extracting halsted code metrics: '(' was never closed (<unknown>, line 9)
Traceback (most recent call last):
  File "/root/QuestionInsight/Etapa_1/codebench-mining-tool/util.py", line 569, in extract_halstead_metrics
    h = h_visit(code)
        ^^^^^^^^^^^^^
  File "/root/QuestionInsight/.venv/lib/python3.12/site-packages/radon/metrics.py", line 29, in h_visit
    return h_visit_ast(ast.parse(code))
                       ^^^^^^^^^^^^^^^
  File "/usr/lib/python3.12/ast.py", line 52, in parse
    return compile(source, filename, mode, flags,
           ^^^^^^^^^^^^^^^^^^^^^^^^^^^^^^^^^^^^^^
  File "<unknown>", line 9
    D = R*(math.acos*(math.sin(t1)*math.sin(t2))+(math.cos(t1)*math.cos(t2))*(math.cos(g1-g2))
          ^
SyntaxError: '(' was never closed
2025-08-18 19:36:57,298 cblogger [ERROR]: 		Error while extracting code complexity metrics: expected an indented block after 'if' statement on line 9 (<unknown>, line 10)
Traceback (most recent call last):
  File "/root/QuestionInsight/Etapa_1/codebench-mining-tool/util.py", line 551, in extract_complexity_metrics
    v = ComplexityVisitor.from_code(code)
        ^^^^^^^^^^^^^^^^^^^^^^^^^^^^^^^^^
  File "/root/QuestionInsight/.venv/lib/python3.12/site-packages/radon/visitors.py", line 133, in from_code
    return cls.from_ast(code2ast(code), **kwargs)
                        ^^^^^^^^^^^^^^
  File "/root/QuestionInsight/.venv/lib/python3.12/site-packages/radon/visitors.py", line 48, in code2ast
    return ast.parse(source)
           ^^^^^^^^^^^^^^^^^
  File "/usr/lib/python3.12/ast.py", line 52, in parse
    return compile(source, filename, mode, flags,
           ^^^^^^^^^^^^^^^^^^^^^^^^^^^^^^^^^^^^^^
  File "<unknown>", line 10
    	print("Entrada: ",ced)
    	^^^^^
IndentationError: expected an indented block after 'if' statement on line 9
2025-08-18 19:36:57,299 cblogger [ERROR]: 		Error while extracting halsted code metrics: expected an indented block after 'if' statement on line 9 (<unknown>, line 10)
Traceback (most recent call last):
  File "/root/QuestionInsight/Etapa_1/codebench-mining-tool/util.py", line 569, in extract_halstead_metrics
    h = h_visit(code)
        ^^^^^^^^^^^^^
  File "/root/QuestionInsight/.venv/lib/python3.12/site-packages/radon/metrics.py", line 29, in h_visit
    return h_visit_ast(ast.parse(code))
                       ^^^^^^^^^^^^^^^
  File "/usr/lib/python3.12/ast.py", line 52, in parse
    return compile(source, filename, mode, flags,
           ^^^^^^^^^^^^^^^^^^^^^^^^^^^^^^^^^^^^^^
  File "<unknown>", line 10
    	print("Entrada: ",ced)
    	^^^^^
IndentationError: expected an indented block after 'if' statement on line 9
2025-08-18 19:36:57,325 cblogger [ERROR]: 		Error while extracting code complexity metrics: invalid syntax (<unknown>, line 9)
Traceback (most recent call last):
  File "/root/QuestionInsight/Etapa_1/codebench-mining-tool/util.py", line 551, in extract_complexity_metrics
    v = ComplexityVisitor.from_code(code)
        ^^^^^^^^^^^^^^^^^^^^^^^^^^^^^^^^^
  File "/root/QuestionInsight/.venv/lib/python3.12/site-packages/radon/visitors.py", line 133, in from_code
    return cls.from_ast(code2ast(code), **kwargs)
                        ^^^^^^^^^^^^^^
  File "/root/QuestionInsight/.venv/lib/python3.12/site-packages/radon/visitors.py", line 48, in code2ast
    return ast.parse(source)
           ^^^^^^^^^^^^^^^^^
  File "/usr/lib/python3.12/ast.py", line 52, in parse
    return compile(source, filename, mode, flags,
           ^^^^^^^^^^^^^^^^^^^^^^^^^^^^^^^^^^^^^^
  File "<unknown>", line 9
    if(dist==abs(r-dist):
                        ^
SyntaxError: invalid syntax
2025-08-18 19:36:57,326 cblogger [ERROR]: 		Error while extracting code size based metrics: SyntaxError at line: 9
Traceback (most recent call last):
  File "/root/QuestionInsight/.venv/lib/python3.12/site-packages/radon/raw.py", line 210, in analyze
    tokens, parsed_lines = _get_all_tokens(line, lines)
                           ^^^^^^^^^^^^^^^^^^^^^^^^^^^^
  File "/root/QuestionInsight/.venv/lib/python3.12/site-packages/radon/raw.py", line 117, in _get_all_tokens
    next_line = next(lines)
                ^^^^^^^^^^^
StopIteration

During handling of the above exception, another exception occurred:

Traceback (most recent call last):
  File "/root/QuestionInsight/Etapa_1/codebench-mining-tool/util.py", line 560, in extract_size_metrics
    a = analyze(code)
        ^^^^^^^^^^^^^
  File "/root/QuestionInsight/.venv/lib/python3.12/site-packages/radon/raw.py", line 212, in analyze
    raise SyntaxError('SyntaxError at line: {0}'.format(lineno))
SyntaxError: SyntaxError at line: 9
2025-08-18 19:36:57,326 cblogger [ERROR]: 		Error while extracting halsted code metrics: invalid syntax (<unknown>, line 9)
Traceback (most recent call last):
  File "/root/QuestionInsight/Etapa_1/codebench-mining-tool/util.py", line 569, in extract_halstead_metrics
    h = h_visit(code)
        ^^^^^^^^^^^^^
  File "/root/QuestionInsight/.venv/lib/python3.12/site-packages/radon/metrics.py", line 29, in h_visit
    return h_visit_ast(ast.parse(code))
                       ^^^^^^^^^^^^^^^
  File "/usr/lib/python3.12/ast.py", line 52, in parse
    return compile(source, filename, mode, flags,
           ^^^^^^^^^^^^^^^^^^^^^^^^^^^^^^^^^^^^^^
  File "<unknown>", line 9
    if(dist==abs(r-dist):
                        ^
SyntaxError: invalid syntax
2025-08-18 19:36:57,386 cblogger [ERROR]: 		Error while extracting code complexity metrics: invalid syntax (<unknown>, line 10)
Traceback (most recent call last):
  File "/root/QuestionInsight/Etapa_1/codebench-mining-tool/util.py", line 551, in extract_complexity_metrics
    v = ComplexityVisitor.from_code(code)
        ^^^^^^^^^^^^^^^^^^^^^^^^^^^^^^^^^
  File "/root/QuestionInsight/.venv/lib/python3.12/site-packages/radon/visitors.py", line 133, in from_code
    return cls.from_ast(code2ast(code), **kwargs)
                        ^^^^^^^^^^^^^^
  File "/root/QuestionInsight/.venv/lib/python3.12/site-packages/radon/visitors.py", line 48, in code2ast
    return ast.parse(source)
           ^^^^^^^^^^^^^^^^^
  File "/usr/lib/python3.12/ast.py", line 52, in parse
    return compile(source, filename, mode, flags,
           ^^^^^^^^^^^^^^^^^^^^^^^^^^^^^^^^^^^^^^
  File "<unknown>", line 10
    	mensagem = Troco de , y 
    	                 ^^
SyntaxError: invalid syntax
2025-08-18 19:36:57,387 cblogger [ERROR]: 		Error while extracting halsted code metrics: invalid syntax (<unknown>, line 10)
Traceback (most recent call last):
  File "/root/QuestionInsight/Etapa_1/codebench-mining-tool/util.py", line 569, in extract_halstead_metrics
    h = h_visit(code)
        ^^^^^^^^^^^^^
  File "/root/QuestionInsight/.venv/lib/python3.12/site-packages/radon/metrics.py", line 29, in h_visit
    return h_visit_ast(ast.parse(code))
                       ^^^^^^^^^^^^^^^
  File "/usr/lib/python3.12/ast.py", line 52, in parse
    return compile(source, filename, mode, flags,
           ^^^^^^^^^^^^^^^^^^^^^^^^^^^^^^^^^^^^^^
  File "<unknown>", line 10
    	mensagem = Troco de , y 
    	                 ^^
SyntaxError: invalid syntax
2025-08-18 19:36:57,397 cblogger [ERROR]: 		Error while extracting code complexity metrics: unmatched ')' (<unknown>, line 3)
Traceback (most recent call last):
  File "/root/QuestionInsight/Etapa_1/codebench-mining-tool/util.py", line 551, in extract_complexity_metrics
    v = ComplexityVisitor.from_code(code)
        ^^^^^^^^^^^^^^^^^^^^^^^^^^^^^^^^^
  File "/root/QuestionInsight/.venv/lib/python3.12/site-packages/radon/visitors.py", line 133, in from_code
    return cls.from_ast(code2ast(code), **kwargs)
                        ^^^^^^^^^^^^^^
  File "/root/QuestionInsight/.venv/lib/python3.12/site-packages/radon/visitors.py", line 48, in code2ast
    return ast.parse(source)
           ^^^^^^^^^^^^^^^^^
  File "/usr/lib/python3.12/ast.py", line 52, in parse
    return compile(source, filename, mode, flags,
           ^^^^^^^^^^^^^^^^^^^^^^^^^^^^^^^^^^^^^^
  File "<unknown>", line 3
    var p = 1 - (a/365-n)) * (1/b)
                         ^
SyntaxError: unmatched ')'
2025-08-18 19:36:57,397 cblogger [ERROR]: 		Error while extracting halsted code metrics: unmatched ')' (<unknown>, line 3)
Traceback (most recent call last):
  File "/root/QuestionInsight/Etapa_1/codebench-mining-tool/util.py", line 569, in extract_halstead_metrics
    h = h_visit(code)
        ^^^^^^^^^^^^^
  File "/root/QuestionInsight/.venv/lib/python3.12/site-packages/radon/metrics.py", line 29, in h_visit
    return h_visit_ast(ast.parse(code))
                       ^^^^^^^^^^^^^^^
  File "/usr/lib/python3.12/ast.py", line 52, in parse
    return compile(source, filename, mode, flags,
           ^^^^^^^^^^^^^^^^^^^^^^^^^^^^^^^^^^^^^^
  File "<unknown>", line 3
    var p = 1 - (a/365-n)) * (1/b)
                         ^
SyntaxError: unmatched ')'
2025-08-18 19:36:57,448 cblogger [ERROR]: 		Error while extracting code complexity metrics: invalid syntax (<unknown>, line 3)
Traceback (most recent call last):
  File "/root/QuestionInsight/Etapa_1/codebench-mining-tool/util.py", line 551, in extract_complexity_metrics
    v = ComplexityVisitor.from_code(code)
        ^^^^^^^^^^^^^^^^^^^^^^^^^^^^^^^^^
  File "/root/QuestionInsight/.venv/lib/python3.12/site-packages/radon/visitors.py", line 133, in from_code
    return cls.from_ast(code2ast(code), **kwargs)
                        ^^^^^^^^^^^^^^
  File "/root/QuestionInsight/.venv/lib/python3.12/site-packages/radon/visitors.py", line 48, in code2ast
    return ast.parse(source)
           ^^^^^^^^^^^^^^^^^
  File "/usr/lib/python3.12/ast.py", line 52, in parse
    return compile(source, filename, mode, flags,
           ^^^^^^^^^^^^^^^^^^^^^^^^^^^^^^^^^^^^^^
  File "<unknown>", line 3
    total2 = total1 + 
                      ^
SyntaxError: invalid syntax
2025-08-18 19:36:57,449 cblogger [ERROR]: 		Error while extracting halsted code metrics: invalid syntax (<unknown>, line 3)
Traceback (most recent call last):
  File "/root/QuestionInsight/Etapa_1/codebench-mining-tool/util.py", line 569, in extract_halstead_metrics
    h = h_visit(code)
        ^^^^^^^^^^^^^
  File "/root/QuestionInsight/.venv/lib/python3.12/site-packages/radon/metrics.py", line 29, in h_visit
    return h_visit_ast(ast.parse(code))
                       ^^^^^^^^^^^^^^^
  File "/usr/lib/python3.12/ast.py", line 52, in parse
    return compile(source, filename, mode, flags,
           ^^^^^^^^^^^^^^^^^^^^^^^^^^^^^^^^^^^^^^
  File "<unknown>", line 3
    total2 = total1 + 
                      ^
SyntaxError: invalid syntax
2025-08-18 19:36:57,451 cblogger [ERROR]: 		Error while extracting code complexity metrics: invalid syntax (<unknown>, line 5)
Traceback (most recent call last):
  File "/root/QuestionInsight/Etapa_1/codebench-mining-tool/util.py", line 551, in extract_complexity_metrics
    v = ComplexityVisitor.from_code(code)
        ^^^^^^^^^^^^^^^^^^^^^^^^^^^^^^^^^
  File "/root/QuestionInsight/.venv/lib/python3.12/site-packages/radon/visitors.py", line 133, in from_code
    return cls.from_ast(code2ast(code), **kwargs)
                        ^^^^^^^^^^^^^^
  File "/root/QuestionInsight/.venv/lib/python3.12/site-packages/radon/visitors.py", line 48, in code2ast
    return ast.parse(source)
           ^^^^^^^^^^^^^^^^^
  File "/usr/lib/python3.12/ast.py", line 52, in parse
    return compile(source, filename, mode, flags,
           ^^^^^^^^^^^^^^^^^^^^^^^^^^^^^^^^^^^^^^
  File "<unknown>", line 5
    B = 
        ^
SyntaxError: invalid syntax
2025-08-18 19:36:57,452 cblogger [ERROR]: 		Error while extracting halsted code metrics: invalid syntax (<unknown>, line 5)
Traceback (most recent call last):
  File "/root/QuestionInsight/Etapa_1/codebench-mining-tool/util.py", line 569, in extract_halstead_metrics
    h = h_visit(code)
        ^^^^^^^^^^^^^
  File "/root/QuestionInsight/.venv/lib/python3.12/site-packages/radon/metrics.py", line 29, in h_visit
    return h_visit_ast(ast.parse(code))
                       ^^^^^^^^^^^^^^^
  File "/usr/lib/python3.12/ast.py", line 52, in parse
    return compile(source, filename, mode, flags,
           ^^^^^^^^^^^^^^^^^^^^^^^^^^^^^^^^^^^^^^
  File "<unknown>", line 5
    B = 
        ^
SyntaxError: invalid syntax
2025-08-18 19:36:57,460 cblogger [ERROR]: 		Error while extracting code complexity metrics: unindent does not match any outer indentation level (<unknown>, line 11)
Traceback (most recent call last):
  File "/root/QuestionInsight/Etapa_1/codebench-mining-tool/util.py", line 551, in extract_complexity_metrics
    v = ComplexityVisitor.from_code(code)
        ^^^^^^^^^^^^^^^^^^^^^^^^^^^^^^^^^
  File "/root/QuestionInsight/.venv/lib/python3.12/site-packages/radon/visitors.py", line 133, in from_code
    return cls.from_ast(code2ast(code), **kwargs)
                        ^^^^^^^^^^^^^^
  File "/root/QuestionInsight/.venv/lib/python3.12/site-packages/radon/visitors.py", line 48, in code2ast
    return ast.parse(source)
           ^^^^^^^^^^^^^^^^^
  File "/usr/lib/python3.12/ast.py", line 52, in parse
    return compile(source, filename, mode, flags,
           ^^^^^^^^^^^^^^^^^^^^^^^^^^^^^^^^^^^^^^
  File "<unknown>", line 11
    anterior = proxima
                      ^
IndentationError: unindent does not match any outer indentation level
2025-08-18 19:36:57,460 cblogger [ERROR]: 		Error while extracting halsted code metrics: unindent does not match any outer indentation level (<unknown>, line 11)
Traceback (most recent call last):
  File "/root/QuestionInsight/Etapa_1/codebench-mining-tool/util.py", line 569, in extract_halstead_metrics
    h = h_visit(code)
        ^^^^^^^^^^^^^
  File "/root/QuestionInsight/.venv/lib/python3.12/site-packages/radon/metrics.py", line 29, in h_visit
    return h_visit_ast(ast.parse(code))
                       ^^^^^^^^^^^^^^^
  File "/usr/lib/python3.12/ast.py", line 52, in parse
    return compile(source, filename, mode, flags,
           ^^^^^^^^^^^^^^^^^^^^^^^^^^^^^^^^^^^^^^
  File "<unknown>", line 11
    anterior = proxima
                      ^
IndentationError: unindent does not match any outer indentation level
2025-08-18 19:36:57,467 cblogger [ERROR]: 		Error while extracting code complexity metrics: invalid syntax (<unknown>, line 3)
Traceback (most recent call last):
  File "/root/QuestionInsight/Etapa_1/codebench-mining-tool/util.py", line 551, in extract_complexity_metrics
    v = ComplexityVisitor.from_code(code)
        ^^^^^^^^^^^^^^^^^^^^^^^^^^^^^^^^^
  File "/root/QuestionInsight/.venv/lib/python3.12/site-packages/radon/visitors.py", line 133, in from_code
    return cls.from_ast(code2ast(code), **kwargs)
                        ^^^^^^^^^^^^^^
  File "/root/QuestionInsight/.venv/lib/python3.12/site-packages/radon/visitors.py", line 48, in code2ast
    return ast.parse(source)
           ^^^^^^^^^^^^^^^^^
  File "/usr/lib/python3.12/ast.py", line 52, in parse
    return compile(source, filename, mode, flags,
           ^^^^^^^^^^^^^^^^^^^^^^^^^^^^^^^^^^^^^^
  File "<unknown>", line 3
    print = 
            ^
SyntaxError: invalid syntax
2025-08-18 19:36:57,468 cblogger [ERROR]: 		Error while extracting halsted code metrics: invalid syntax (<unknown>, line 3)
Traceback (most recent call last):
  File "/root/QuestionInsight/Etapa_1/codebench-mining-tool/util.py", line 569, in extract_halstead_metrics
    h = h_visit(code)
        ^^^^^^^^^^^^^
  File "/root/QuestionInsight/.venv/lib/python3.12/site-packages/radon/metrics.py", line 29, in h_visit
    return h_visit_ast(ast.parse(code))
                       ^^^^^^^^^^^^^^^
  File "/usr/lib/python3.12/ast.py", line 52, in parse
    return compile(source, filename, mode, flags,
           ^^^^^^^^^^^^^^^^^^^^^^^^^^^^^^^^^^^^^^
  File "<unknown>", line 3
    print = 
            ^
SyntaxError: invalid syntax
2025-08-18 19:36:57,469 cblogger [ERROR]: 		Error while extracting code complexity metrics: invalid syntax (<unknown>, line 2)
Traceback (most recent call last):
  File "/root/QuestionInsight/Etapa_1/codebench-mining-tool/util.py", line 551, in extract_complexity_metrics
    v = ComplexityVisitor.from_code(code)
        ^^^^^^^^^^^^^^^^^^^^^^^^^^^^^^^^^
  File "/root/QuestionInsight/.venv/lib/python3.12/site-packages/radon/visitors.py", line 133, in from_code
    return cls.from_ast(code2ast(code), **kwargs)
                        ^^^^^^^^^^^^^^
  File "/root/QuestionInsight/.venv/lib/python3.12/site-packages/radon/visitors.py", line 48, in code2ast
    return ast.parse(source)
           ^^^^^^^^^^^^^^^^^
  File "/usr/lib/python3.12/ast.py", line 52, in parse
    return compile(source, filename, mode, flags,
           ^^^^^^^^^^^^^^^^^^^^^^^^^^^^^^^^^^^^^^
  File "<unknown>", line 2
    A = (3/2) * (3*a**2)0.5
                        ^^^
SyntaxError: invalid syntax
2025-08-18 19:36:57,470 cblogger [ERROR]: 		Error while extracting halsted code metrics: invalid syntax (<unknown>, line 2)
Traceback (most recent call last):
  File "/root/QuestionInsight/Etapa_1/codebench-mining-tool/util.py", line 569, in extract_halstead_metrics
    h = h_visit(code)
        ^^^^^^^^^^^^^
  File "/root/QuestionInsight/.venv/lib/python3.12/site-packages/radon/metrics.py", line 29, in h_visit
    return h_visit_ast(ast.parse(code))
                       ^^^^^^^^^^^^^^^
  File "/usr/lib/python3.12/ast.py", line 52, in parse
    return compile(source, filename, mode, flags,
           ^^^^^^^^^^^^^^^^^^^^^^^^^^^^^^^^^^^^^^
  File "<unknown>", line 2
    A = (3/2) * (3*a**2)0.5
                        ^^^
SyntaxError: invalid syntax
2025-08-18 19:36:57,494 cblogger [ERROR]: 		Error while extracting code complexity metrics: unexpected indent (<unknown>, line 5)
Traceback (most recent call last):
  File "/root/QuestionInsight/Etapa_1/codebench-mining-tool/util.py", line 551, in extract_complexity_metrics
    v = ComplexityVisitor.from_code(code)
        ^^^^^^^^^^^^^^^^^^^^^^^^^^^^^^^^^
  File "/root/QuestionInsight/.venv/lib/python3.12/site-packages/radon/visitors.py", line 133, in from_code
    return cls.from_ast(code2ast(code), **kwargs)
                        ^^^^^^^^^^^^^^
  File "/root/QuestionInsight/.venv/lib/python3.12/site-packages/radon/visitors.py", line 48, in code2ast
    return ast.parse(source)
           ^^^^^^^^^^^^^^^^^
  File "/usr/lib/python3.12/ast.py", line 52, in parse
    return compile(source, filename, mode, flags,
           ^^^^^^^^^^^^^^^^^^^^^^^^^^^^^^^^^^^^^^
  File "<unknown>", line 5
    print(e)
IndentationError: unexpected indent
2025-08-18 19:36:57,495 cblogger [ERROR]: 		Error while extracting halsted code metrics: unexpected indent (<unknown>, line 5)
Traceback (most recent call last):
  File "/root/QuestionInsight/Etapa_1/codebench-mining-tool/util.py", line 569, in extract_halstead_metrics
    h = h_visit(code)
        ^^^^^^^^^^^^^
  File "/root/QuestionInsight/.venv/lib/python3.12/site-packages/radon/metrics.py", line 29, in h_visit
    return h_visit_ast(ast.parse(code))
                       ^^^^^^^^^^^^^^^
  File "/usr/lib/python3.12/ast.py", line 52, in parse
    return compile(source, filename, mode, flags,
           ^^^^^^^^^^^^^^^^^^^^^^^^^^^^^^^^^^^^^^
  File "<unknown>", line 5
    print(e)
IndentationError: unexpected indent
2025-08-18 19:36:57,692 cblogger [ERROR]: 		Error while extracting code complexity metrics: invalid syntax. Perhaps you forgot a comma? (<unknown>, line 2)
Traceback (most recent call last):
  File "/root/QuestionInsight/Etapa_1/codebench-mining-tool/util.py", line 551, in extract_complexity_metrics
    v = ComplexityVisitor.from_code(code)
        ^^^^^^^^^^^^^^^^^^^^^^^^^^^^^^^^^
  File "/root/QuestionInsight/.venv/lib/python3.12/site-packages/radon/visitors.py", line 133, in from_code
    return cls.from_ast(code2ast(code), **kwargs)
                        ^^^^^^^^^^^^^^
  File "/root/QuestionInsight/.venv/lib/python3.12/site-packages/radon/visitors.py", line 48, in code2ast
    return ast.parse(source)
           ^^^^^^^^^^^^^^^^^
  File "/usr/lib/python3.12/ast.py", line 52, in parse
    return compile(source, filename, mode, flags,
           ^^^^^^^^^^^^^^^^^^^^^^^^^^^^^^^^^^^^^^
  File "<unknown>", line 2
    print(var round(31.5, 3))
          ^^^^^^^^^^^^^^^^^^
SyntaxError: invalid syntax. Perhaps you forgot a comma?
2025-08-18 19:36:57,693 cblogger [ERROR]: 		Error while extracting halsted code metrics: invalid syntax. Perhaps you forgot a comma? (<unknown>, line 2)
Traceback (most recent call last):
  File "/root/QuestionInsight/Etapa_1/codebench-mining-tool/util.py", line 569, in extract_halstead_metrics
    h = h_visit(code)
        ^^^^^^^^^^^^^
  File "/root/QuestionInsight/.venv/lib/python3.12/site-packages/radon/metrics.py", line 29, in h_visit
    return h_visit_ast(ast.parse(code))
                       ^^^^^^^^^^^^^^^
  File "/usr/lib/python3.12/ast.py", line 52, in parse
    return compile(source, filename, mode, flags,
           ^^^^^^^^^^^^^^^^^^^^^^^^^^^^^^^^^^^^^^
  File "<unknown>", line 2
    print(var round(31.5, 3))
          ^^^^^^^^^^^^^^^^^^
SyntaxError: invalid syntax. Perhaps you forgot a comma?
2025-08-18 19:36:57,699 cblogger [ERROR]: 		Error while extracting code complexity metrics: invalid decimal literal (<unknown>, line 1)
Traceback (most recent call last):
  File "/root/QuestionInsight/Etapa_1/codebench-mining-tool/util.py", line 551, in extract_complexity_metrics
    v = ComplexityVisitor.from_code(code)
        ^^^^^^^^^^^^^^^^^^^^^^^^^^^^^^^^^
  File "/root/QuestionInsight/.venv/lib/python3.12/site-packages/radon/visitors.py", line 133, in from_code
    return cls.from_ast(code2ast(code), **kwargs)
                        ^^^^^^^^^^^^^^
  File "/root/QuestionInsight/.venv/lib/python3.12/site-packages/radon/visitors.py", line 48, in code2ast
    return ast.parse(source)
           ^^^^^^^^^^^^^^^^^
  File "/usr/lib/python3.12/ast.py", line 52, in parse
    return compile(source, filename, mode, flags,
           ^^^^^^^^^^^^^^^^^^^^^^^^^^^^^^^^^^^^^^
  File "<unknown>", line 1
    aresta = 5cm
             ^
SyntaxError: invalid decimal literal
2025-08-18 19:36:57,700 cblogger [ERROR]: 		Error while extracting halsted code metrics: invalid decimal literal (<unknown>, line 1)
Traceback (most recent call last):
  File "/root/QuestionInsight/Etapa_1/codebench-mining-tool/util.py", line 569, in extract_halstead_metrics
    h = h_visit(code)
        ^^^^^^^^^^^^^
  File "/root/QuestionInsight/.venv/lib/python3.12/site-packages/radon/metrics.py", line 29, in h_visit
    return h_visit_ast(ast.parse(code))
                       ^^^^^^^^^^^^^^^
  File "/usr/lib/python3.12/ast.py", line 52, in parse
    return compile(source, filename, mode, flags,
           ^^^^^^^^^^^^^^^^^^^^^^^^^^^^^^^^^^^^^^
  File "<unknown>", line 1
    aresta = 5cm
             ^
SyntaxError: invalid decimal literal
2025-08-18 19:36:57,711 cblogger [ERROR]: 		Error while extracting code complexity metrics: invalid syntax. Perhaps you forgot a comma? (<unknown>, line 1)
Traceback (most recent call last):
  File "/root/QuestionInsight/Etapa_1/codebench-mining-tool/util.py", line 551, in extract_complexity_metrics
    v = ComplexityVisitor.from_code(code)
        ^^^^^^^^^^^^^^^^^^^^^^^^^^^^^^^^^
  File "/root/QuestionInsight/.venv/lib/python3.12/site-packages/radon/visitors.py", line 133, in from_code
    return cls.from_ast(code2ast(code), **kwargs)
                        ^^^^^^^^^^^^^^
  File "/root/QuestionInsight/.venv/lib/python3.12/site-packages/radon/visitors.py", line 48, in code2ast
    return ast.parse(source)
           ^^^^^^^^^^^^^^^^^
  File "/usr/lib/python3.12/ast.py", line 52, in parse
    return compile(source, filename, mode, flags,
           ^^^^^^^^^^^^^^^^^^^^^^^^^^^^^^^^^^^^^^
  File "<unknown>", line 1
    var1 = int(input(min(1,2,3))
               ^
SyntaxError: invalid syntax. Perhaps you forgot a comma?
2025-08-18 19:36:57,711 cblogger [ERROR]: 		Error while extracting code size based metrics: SyntaxError at line: 1
Traceback (most recent call last):
  File "/root/QuestionInsight/.venv/lib/python3.12/site-packages/radon/raw.py", line 210, in analyze
    tokens, parsed_lines = _get_all_tokens(line, lines)
                           ^^^^^^^^^^^^^^^^^^^^^^^^^^^^
  File "/root/QuestionInsight/.venv/lib/python3.12/site-packages/radon/raw.py", line 117, in _get_all_tokens
    next_line = next(lines)
                ^^^^^^^^^^^
StopIteration

During handling of the above exception, another exception occurred:

Traceback (most recent call last):
  File "/root/QuestionInsight/Etapa_1/codebench-mining-tool/util.py", line 560, in extract_size_metrics
    a = analyze(code)
        ^^^^^^^^^^^^^
  File "/root/QuestionInsight/.venv/lib/python3.12/site-packages/radon/raw.py", line 212, in analyze
    raise SyntaxError('SyntaxError at line: {0}'.format(lineno))
SyntaxError: SyntaxError at line: 1
2025-08-18 19:36:57,712 cblogger [ERROR]: 		Error while extracting halsted code metrics: invalid syntax. Perhaps you forgot a comma? (<unknown>, line 1)
Traceback (most recent call last):
  File "/root/QuestionInsight/Etapa_1/codebench-mining-tool/util.py", line 569, in extract_halstead_metrics
    h = h_visit(code)
        ^^^^^^^^^^^^^
  File "/root/QuestionInsight/.venv/lib/python3.12/site-packages/radon/metrics.py", line 29, in h_visit
    return h_visit_ast(ast.parse(code))
                       ^^^^^^^^^^^^^^^
  File "/usr/lib/python3.12/ast.py", line 52, in parse
    return compile(source, filename, mode, flags,
           ^^^^^^^^^^^^^^^^^^^^^^^^^^^^^^^^^^^^^^
  File "<unknown>", line 1
    var1 = int(input(min(1,2,3))
               ^
SyntaxError: invalid syntax. Perhaps you forgot a comma?
2025-08-18 19:36:57,950 cblogger [ERROR]: 		Error while extracting code complexity metrics: '(' was never closed (<unknown>, line 2)
Traceback (most recent call last):
  File "/root/QuestionInsight/Etapa_1/codebench-mining-tool/util.py", line 551, in extract_complexity_metrics
    v = ComplexityVisitor.from_code(code)
        ^^^^^^^^^^^^^^^^^^^^^^^^^^^^^^^^^
  File "/root/QuestionInsight/.venv/lib/python3.12/site-packages/radon/visitors.py", line 133, in from_code
    return cls.from_ast(code2ast(code), **kwargs)
                        ^^^^^^^^^^^^^^
  File "/root/QuestionInsight/.venv/lib/python3.12/site-packages/radon/visitors.py", line 48, in code2ast
    return ast.parse(source)
           ^^^^^^^^^^^^^^^^^
  File "/usr/lib/python3.12/ast.py", line 52, in parse
    return compile(source, filename, mode, flags,
           ^^^^^^^^^^^^^^^^^^^^^^^^^^^^^^^^^^^^^^
  File "<unknown>", line 2
    print((input(N))
         ^
SyntaxError: '(' was never closed
2025-08-18 19:36:57,950 cblogger [ERROR]: 		Error while extracting code size based metrics: SyntaxError at line: 2
Traceback (most recent call last):
  File "/root/QuestionInsight/.venv/lib/python3.12/site-packages/radon/raw.py", line 210, in analyze
    tokens, parsed_lines = _get_all_tokens(line, lines)
                           ^^^^^^^^^^^^^^^^^^^^^^^^^^^^
  File "/root/QuestionInsight/.venv/lib/python3.12/site-packages/radon/raw.py", line 117, in _get_all_tokens
    next_line = next(lines)
                ^^^^^^^^^^^
StopIteration

During handling of the above exception, another exception occurred:

Traceback (most recent call last):
  File "/root/QuestionInsight/Etapa_1/codebench-mining-tool/util.py", line 560, in extract_size_metrics
    a = analyze(code)
        ^^^^^^^^^^^^^
  File "/root/QuestionInsight/.venv/lib/python3.12/site-packages/radon/raw.py", line 212, in analyze
    raise SyntaxError('SyntaxError at line: {0}'.format(lineno))
SyntaxError: SyntaxError at line: 2
2025-08-18 19:36:57,951 cblogger [ERROR]: 		Error while extracting halsted code metrics: '(' was never closed (<unknown>, line 2)
Traceback (most recent call last):
  File "/root/QuestionInsight/Etapa_1/codebench-mining-tool/util.py", line 569, in extract_halstead_metrics
    h = h_visit(code)
        ^^^^^^^^^^^^^
  File "/root/QuestionInsight/.venv/lib/python3.12/site-packages/radon/metrics.py", line 29, in h_visit
    return h_visit_ast(ast.parse(code))
                       ^^^^^^^^^^^^^^^
  File "/usr/lib/python3.12/ast.py", line 52, in parse
    return compile(source, filename, mode, flags,
           ^^^^^^^^^^^^^^^^^^^^^^^^^^^^^^^^^^^^^^
  File "<unknown>", line 2
    print((input(N))
         ^
SyntaxError: '(' was never closed
2025-08-18 19:36:57,982 cblogger [ERROR]: 		Error while extracting code complexity metrics: invalid syntax (<unknown>, line 1)
Traceback (most recent call last):
  File "/root/QuestionInsight/Etapa_1/codebench-mining-tool/util.py", line 551, in extract_complexity_metrics
    v = ComplexityVisitor.from_code(code)
        ^^^^^^^^^^^^^^^^^^^^^^^^^^^^^^^^^
  File "/root/QuestionInsight/.venv/lib/python3.12/site-packages/radon/visitors.py", line 133, in from_code
    return cls.from_ast(code2ast(code), **kwargs)
                        ^^^^^^^^^^^^^^
  File "/root/QuestionInsight/.venv/lib/python3.12/site-packages/radon/visitors.py", line 48, in code2ast
    return ast.parse(source)
           ^^^^^^^^^^^^^^^^^
  File "/usr/lib/python3.12/ast.py", line 52, in parse
    return compile(source, filename, mode, flags,
           ^^^^^^^^^^^^^^^^^^^^^^^^^^^^^^^^^^^^^^
  File "<unknown>", line 1
    S=1 1 2 3 5 8 13 21
        ^
SyntaxError: invalid syntax
2025-08-18 19:36:57,982 cblogger [ERROR]: 		Error while extracting halsted code metrics: invalid syntax (<unknown>, line 1)
Traceback (most recent call last):
  File "/root/QuestionInsight/Etapa_1/codebench-mining-tool/util.py", line 569, in extract_halstead_metrics
    h = h_visit(code)
        ^^^^^^^^^^^^^
  File "/root/QuestionInsight/.venv/lib/python3.12/site-packages/radon/metrics.py", line 29, in h_visit
    return h_visit_ast(ast.parse(code))
                       ^^^^^^^^^^^^^^^
  File "/usr/lib/python3.12/ast.py", line 52, in parse
    return compile(source, filename, mode, flags,
           ^^^^^^^^^^^^^^^^^^^^^^^^^^^^^^^^^^^^^^
  File "<unknown>", line 1
    S=1 1 2 3 5 8 13 21
        ^
SyntaxError: invalid syntax
2025-08-18 19:36:57,992 cblogger [ERROR]: 		Error while extracting code complexity metrics: invalid syntax (<unknown>, line 3)
Traceback (most recent call last):
  File "/root/QuestionInsight/Etapa_1/codebench-mining-tool/util.py", line 551, in extract_complexity_metrics
    v = ComplexityVisitor.from_code(code)
        ^^^^^^^^^^^^^^^^^^^^^^^^^^^^^^^^^
  File "/root/QuestionInsight/.venv/lib/python3.12/site-packages/radon/visitors.py", line 133, in from_code
    return cls.from_ast(code2ast(code), **kwargs)
                        ^^^^^^^^^^^^^^
  File "/root/QuestionInsight/.venv/lib/python3.12/site-packages/radon/visitors.py", line 48, in code2ast
    return ast.parse(source)
           ^^^^^^^^^^^^^^^^^
  File "/usr/lib/python3.12/ast.py", line 52, in parse
    return compile(source, filename, mode, flags,
           ^^^^^^^^^^^^^^^^^^^^^^^^^^^^^^^^^^^^^^
  File "<unknown>", line 3
    a = 
        ^
SyntaxError: invalid syntax
2025-08-18 19:36:57,993 cblogger [ERROR]: 		Error while extracting halsted code metrics: invalid syntax (<unknown>, line 3)
Traceback (most recent call last):
  File "/root/QuestionInsight/Etapa_1/codebench-mining-tool/util.py", line 569, in extract_halstead_metrics
    h = h_visit(code)
        ^^^^^^^^^^^^^
  File "/root/QuestionInsight/.venv/lib/python3.12/site-packages/radon/metrics.py", line 29, in h_visit
    return h_visit_ast(ast.parse(code))
                       ^^^^^^^^^^^^^^^
  File "/usr/lib/python3.12/ast.py", line 52, in parse
    return compile(source, filename, mode, flags,
           ^^^^^^^^^^^^^^^^^^^^^^^^^^^^^^^^^^^^^^
  File "<unknown>", line 3
    a = 
        ^
SyntaxError: invalid syntax
2025-08-18 19:36:58,078 cblogger [ERROR]: 		Error while extracting code complexity metrics: invalid syntax (<unknown>, line 5)
Traceback (most recent call last):
  File "/root/QuestionInsight/Etapa_1/codebench-mining-tool/util.py", line 551, in extract_complexity_metrics
    v = ComplexityVisitor.from_code(code)
        ^^^^^^^^^^^^^^^^^^^^^^^^^^^^^^^^^
  File "/root/QuestionInsight/.venv/lib/python3.12/site-packages/radon/visitors.py", line 133, in from_code
    return cls.from_ast(code2ast(code), **kwargs)
                        ^^^^^^^^^^^^^^
  File "/root/QuestionInsight/.venv/lib/python3.12/site-packages/radon/visitors.py", line 48, in code2ast
    return ast.parse(source)
           ^^^^^^^^^^^^^^^^^
  File "/usr/lib/python3.12/ast.py", line 52, in parse
    return compile(source, filename, mode, flags,
           ^^^^^^^^^^^^^^^^^^^^^^^^^^^^^^^^^^^^^^
  File "<unknown>", line 5
    	m = 1.60934 / 
    	              ^
SyntaxError: invalid syntax
2025-08-18 19:36:58,079 cblogger [ERROR]: 		Error while extracting halsted code metrics: invalid syntax (<unknown>, line 5)
Traceback (most recent call last):
  File "/root/QuestionInsight/Etapa_1/codebench-mining-tool/util.py", line 569, in extract_halstead_metrics
    h = h_visit(code)
        ^^^^^^^^^^^^^
  File "/root/QuestionInsight/.venv/lib/python3.12/site-packages/radon/metrics.py", line 29, in h_visit
    return h_visit_ast(ast.parse(code))
                       ^^^^^^^^^^^^^^^
  File "/usr/lib/python3.12/ast.py", line 52, in parse
    return compile(source, filename, mode, flags,
           ^^^^^^^^^^^^^^^^^^^^^^^^^^^^^^^^^^^^^^
  File "<unknown>", line 5
    	m = 1.60934 / 
    	              ^
SyntaxError: invalid syntax
2025-08-18 19:36:58,283 cblogger [ERROR]: 		Error while extracting code complexity metrics: invalid syntax (<unknown>, line 1)
Traceback (most recent call last):
  File "/root/QuestionInsight/Etapa_1/codebench-mining-tool/util.py", line 551, in extract_complexity_metrics
    v = ComplexityVisitor.from_code(code)
        ^^^^^^^^^^^^^^^^^^^^^^^^^^^^^^^^^
  File "/root/QuestionInsight/.venv/lib/python3.12/site-packages/radon/visitors.py", line 133, in from_code
    return cls.from_ast(code2ast(code), **kwargs)
                        ^^^^^^^^^^^^^^
  File "/root/QuestionInsight/.venv/lib/python3.12/site-packages/radon/visitors.py", line 48, in code2ast
    return ast.parse(source)
           ^^^^^^^^^^^^^^^^^
  File "/usr/lib/python3.12/ast.py", line 52, in parse
    return compile(source, filename, mode, flags,
           ^^^^^^^^^^^^^^^^^^^^^^^^^^^^^^^^^^^^^^
  File "<unknown>", line 1
    N= 1 1 2 3 5 8 13 21 34 55 89 144
         ^
SyntaxError: invalid syntax
2025-08-18 19:36:58,284 cblogger [ERROR]: 		Error while extracting halsted code metrics: invalid syntax (<unknown>, line 1)
Traceback (most recent call last):
  File "/root/QuestionInsight/Etapa_1/codebench-mining-tool/util.py", line 569, in extract_halstead_metrics
    h = h_visit(code)
        ^^^^^^^^^^^^^
  File "/root/QuestionInsight/.venv/lib/python3.12/site-packages/radon/metrics.py", line 29, in h_visit
    return h_visit_ast(ast.parse(code))
                       ^^^^^^^^^^^^^^^
  File "/usr/lib/python3.12/ast.py", line 52, in parse
    return compile(source, filename, mode, flags,
           ^^^^^^^^^^^^^^^^^^^^^^^^^^^^^^^^^^^^^^
  File "<unknown>", line 1
    N= 1 1 2 3 5 8 13 21 34 55 89 144
         ^
SyntaxError: invalid syntax
2025-08-18 19:36:58,848 cblogger [ERROR]: 		Error while extracting code complexity metrics: invalid syntax (<unknown>, line 8)
Traceback (most recent call last):
  File "/root/QuestionInsight/Etapa_1/codebench-mining-tool/util.py", line 551, in extract_complexity_metrics
    v = ComplexityVisitor.from_code(code)
        ^^^^^^^^^^^^^^^^^^^^^^^^^^^^^^^^^
  File "/root/QuestionInsight/.venv/lib/python3.12/site-packages/radon/visitors.py", line 133, in from_code
    return cls.from_ast(code2ast(code), **kwargs)
                        ^^^^^^^^^^^^^^
  File "/root/QuestionInsight/.venv/lib/python3.12/site-packages/radon/visitors.py", line 48, in code2ast
    return ast.parse(source)
           ^^^^^^^^^^^^^^^^^
  File "/usr/lib/python3.12/ast.py", line 52, in parse
    return compile(source, filename, mode, flags,
           ^^^^^^^^^^^^^^^^^^^^^^^^^^^^^^^^^^^^^^
  File "<unknown>", line 8
    elif(a >= b) and (c >= d):
    ^^^^
SyntaxError: invalid syntax
2025-08-18 19:36:58,849 cblogger [ERROR]: 		Error while extracting halsted code metrics: invalid syntax (<unknown>, line 8)
Traceback (most recent call last):
  File "/root/QuestionInsight/Etapa_1/codebench-mining-tool/util.py", line 569, in extract_halstead_metrics
    h = h_visit(code)
        ^^^^^^^^^^^^^
  File "/root/QuestionInsight/.venv/lib/python3.12/site-packages/radon/metrics.py", line 29, in h_visit
    return h_visit_ast(ast.parse(code))
                       ^^^^^^^^^^^^^^^
  File "/usr/lib/python3.12/ast.py", line 52, in parse
    return compile(source, filename, mode, flags,
           ^^^^^^^^^^^^^^^^^^^^^^^^^^^^^^^^^^^^^^
  File "<unknown>", line 8
    elif(a >= b) and (c >= d):
    ^^^^
SyntaxError: invalid syntax
2025-08-18 19:36:58,903 cblogger [ERROR]: 		Error while extracting code complexity metrics: expected ':' (<unknown>, line 15)
Traceback (most recent call last):
  File "/root/QuestionInsight/Etapa_1/codebench-mining-tool/util.py", line 551, in extract_complexity_metrics
    v = ComplexityVisitor.from_code(code)
        ^^^^^^^^^^^^^^^^^^^^^^^^^^^^^^^^^
  File "/root/QuestionInsight/.venv/lib/python3.12/site-packages/radon/visitors.py", line 133, in from_code
    return cls.from_ast(code2ast(code), **kwargs)
                        ^^^^^^^^^^^^^^
  File "/root/QuestionInsight/.venv/lib/python3.12/site-packages/radon/visitors.py", line 48, in code2ast
    return ast.parse(source)
           ^^^^^^^^^^^^^^^^^
  File "/usr/lib/python3.12/ast.py", line 52, in parse
    return compile(source, filename, mode, flags,
           ^^^^^^^^^^^^^^^^^^^^^^^^^^^^^^^^^^^^^^
  File "<unknown>", line 15
    if()
        ^
SyntaxError: expected ':'
2025-08-18 19:36:58,908 cblogger [ERROR]: 		Error while extracting halsted code metrics: expected ':' (<unknown>, line 15)
Traceback (most recent call last):
  File "/root/QuestionInsight/Etapa_1/codebench-mining-tool/util.py", line 569, in extract_halstead_metrics
    h = h_visit(code)
        ^^^^^^^^^^^^^
  File "/root/QuestionInsight/.venv/lib/python3.12/site-packages/radon/metrics.py", line 29, in h_visit
    return h_visit_ast(ast.parse(code))
                       ^^^^^^^^^^^^^^^
  File "/usr/lib/python3.12/ast.py", line 52, in parse
    return compile(source, filename, mode, flags,
           ^^^^^^^^^^^^^^^^^^^^^^^^^^^^^^^^^^^^^^
  File "<unknown>", line 15
    if()
        ^
SyntaxError: expected ':'
2025-08-18 19:36:59,108 cblogger [ERROR]: 		Error while extracting code complexity metrics: expected ':' (<unknown>, line 9)
Traceback (most recent call last):
  File "/root/QuestionInsight/Etapa_1/codebench-mining-tool/util.py", line 551, in extract_complexity_metrics
    v = ComplexityVisitor.from_code(code)
        ^^^^^^^^^^^^^^^^^^^^^^^^^^^^^^^^^
  File "/root/QuestionInsight/.venv/lib/python3.12/site-packages/radon/visitors.py", line 133, in from_code
    return cls.from_ast(code2ast(code), **kwargs)
                        ^^^^^^^^^^^^^^
  File "/root/QuestionInsight/.venv/lib/python3.12/site-packages/radon/visitors.py", line 48, in code2ast
    return ast.parse(source)
           ^^^^^^^^^^^^^^^^^
  File "/usr/lib/python3.12/ast.py", line 52, in parse
    return compile(source, filename, mode, flags,
           ^^^^^^^^^^^^^^^^^^^^^^^^^^^^^^^^^^^^^^
  File "<unknown>", line 9
    elif()
          ^
SyntaxError: expected ':'
2025-08-18 19:36:59,109 cblogger [ERROR]: 		Error while extracting halsted code metrics: expected ':' (<unknown>, line 9)
Traceback (most recent call last):
  File "/root/QuestionInsight/Etapa_1/codebench-mining-tool/util.py", line 569, in extract_halstead_metrics
    h = h_visit(code)
        ^^^^^^^^^^^^^
  File "/root/QuestionInsight/.venv/lib/python3.12/site-packages/radon/metrics.py", line 29, in h_visit
    return h_visit_ast(ast.parse(code))
                       ^^^^^^^^^^^^^^^
  File "/usr/lib/python3.12/ast.py", line 52, in parse
    return compile(source, filename, mode, flags,
           ^^^^^^^^^^^^^^^^^^^^^^^^^^^^^^^^^^^^^^
  File "<unknown>", line 9
    elif()
          ^
SyntaxError: expected ':'
2025-08-18 19:36:59,298 cblogger [ERROR]: 		Error while extracting code complexity metrics: invalid syntax (<unknown>, line 6)
Traceback (most recent call last):
  File "/root/QuestionInsight/Etapa_1/codebench-mining-tool/util.py", line 551, in extract_complexity_metrics
    v = ComplexityVisitor.from_code(code)
        ^^^^^^^^^^^^^^^^^^^^^^^^^^^^^^^^^
  File "/root/QuestionInsight/.venv/lib/python3.12/site-packages/radon/visitors.py", line 133, in from_code
    return cls.from_ast(code2ast(code), **kwargs)
                        ^^^^^^^^^^^^^^
  File "/root/QuestionInsight/.venv/lib/python3.12/site-packages/radon/visitors.py", line 48, in code2ast
    return ast.parse(source)
           ^^^^^^^^^^^^^^^^^
  File "/usr/lib/python3.12/ast.py", line 52, in parse
    return compile(source, filename, mode, flags,
           ^^^^^^^^^^^^^^^^^^^^^^^^^^^^^^^^^^^^^^
  File "<unknown>", line 6
    print(in(quantidade)
          ^^
SyntaxError: invalid syntax
2025-08-18 19:36:59,299 cblogger [ERROR]: 		Error while extracting code size based metrics: SyntaxError at line: 6
Traceback (most recent call last):
  File "/root/QuestionInsight/.venv/lib/python3.12/site-packages/radon/raw.py", line 210, in analyze
    tokens, parsed_lines = _get_all_tokens(line, lines)
                           ^^^^^^^^^^^^^^^^^^^^^^^^^^^^
  File "/root/QuestionInsight/.venv/lib/python3.12/site-packages/radon/raw.py", line 117, in _get_all_tokens
    next_line = next(lines)
                ^^^^^^^^^^^
StopIteration

During handling of the above exception, another exception occurred:

Traceback (most recent call last):
  File "/root/QuestionInsight/Etapa_1/codebench-mining-tool/util.py", line 560, in extract_size_metrics
    a = analyze(code)
        ^^^^^^^^^^^^^
  File "/root/QuestionInsight/.venv/lib/python3.12/site-packages/radon/raw.py", line 212, in analyze
    raise SyntaxError('SyntaxError at line: {0}'.format(lineno))
SyntaxError: SyntaxError at line: 6
2025-08-18 19:36:59,299 cblogger [ERROR]: 		Error while extracting halsted code metrics: invalid syntax (<unknown>, line 6)
Traceback (most recent call last):
  File "/root/QuestionInsight/Etapa_1/codebench-mining-tool/util.py", line 569, in extract_halstead_metrics
    h = h_visit(code)
        ^^^^^^^^^^^^^
  File "/root/QuestionInsight/.venv/lib/python3.12/site-packages/radon/metrics.py", line 29, in h_visit
    return h_visit_ast(ast.parse(code))
                       ^^^^^^^^^^^^^^^
  File "/usr/lib/python3.12/ast.py", line 52, in parse
    return compile(source, filename, mode, flags,
           ^^^^^^^^^^^^^^^^^^^^^^^^^^^^^^^^^^^^^^
  File "<unknown>", line 6
    print(in(quantidade)
          ^^
SyntaxError: invalid syntax
2025-08-18 19:36:59,343 cblogger [ERROR]: 		Error while extracting code complexity metrics: invalid syntax (<unknown>, line 9)
Traceback (most recent call last):
  File "/root/QuestionInsight/Etapa_1/codebench-mining-tool/util.py", line 551, in extract_complexity_metrics
    v = ComplexityVisitor.from_code(code)
        ^^^^^^^^^^^^^^^^^^^^^^^^^^^^^^^^^
  File "/root/QuestionInsight/.venv/lib/python3.12/site-packages/radon/visitors.py", line 133, in from_code
    return cls.from_ast(code2ast(code), **kwargs)
                        ^^^^^^^^^^^^^^
  File "/root/QuestionInsight/.venv/lib/python3.12/site-packages/radon/visitors.py", line 48, in code2ast
    return ast.parse(source)
           ^^^^^^^^^^^^^^^^^
  File "/usr/lib/python3.12/ast.py", line 52, in parse
    return compile(source, filename, mode, flags,
           ^^^^^^^^^^^^^^^^^^^^^^^^^^^^^^^^^^^^^^
  File "<unknown>", line 9
    a1 = 
         ^
SyntaxError: invalid syntax
2025-08-18 19:36:59,344 cblogger [ERROR]: 		Error while extracting halsted code metrics: invalid syntax (<unknown>, line 9)
Traceback (most recent call last):
  File "/root/QuestionInsight/Etapa_1/codebench-mining-tool/util.py", line 569, in extract_halstead_metrics
    h = h_visit(code)
        ^^^^^^^^^^^^^
  File "/root/QuestionInsight/.venv/lib/python3.12/site-packages/radon/metrics.py", line 29, in h_visit
    return h_visit_ast(ast.parse(code))
                       ^^^^^^^^^^^^^^^
  File "/usr/lib/python3.12/ast.py", line 52, in parse
    return compile(source, filename, mode, flags,
           ^^^^^^^^^^^^^^^^^^^^^^^^^^^^^^^^^^^^^^
  File "<unknown>", line 9
    a1 = 
         ^
SyntaxError: invalid syntax
2025-08-18 19:36:59,409 cblogger [ERROR]: 		Error while extracting code complexity metrics: invalid syntax. Perhaps you forgot a comma? (<unknown>, line 8)
Traceback (most recent call last):
  File "/root/QuestionInsight/Etapa_1/codebench-mining-tool/util.py", line 551, in extract_complexity_metrics
    v = ComplexityVisitor.from_code(code)
        ^^^^^^^^^^^^^^^^^^^^^^^^^^^^^^^^^
  File "/root/QuestionInsight/.venv/lib/python3.12/site-packages/radon/visitors.py", line 133, in from_code
    return cls.from_ast(code2ast(code), **kwargs)
                        ^^^^^^^^^^^^^^
  File "/root/QuestionInsight/.venv/lib/python3.12/site-packages/radon/visitors.py", line 48, in code2ast
    return ast.parse(source)
           ^^^^^^^^^^^^^^^^^
  File "/usr/lib/python3.12/ast.py", line 52, in parse
    return compile(source, filename, mode, flags,
           ^^^^^^^^^^^^^^^^^^^^^^^^^^^^^^^^^^^^^^
  File "<unknown>", line 8
    	print(x, "pertence ao intervalo", a +"," b)
    	                                  ^^^^^^^^
SyntaxError: invalid syntax. Perhaps you forgot a comma?
2025-08-18 19:36:59,410 cblogger [ERROR]: 		Error while extracting halsted code metrics: invalid syntax. Perhaps you forgot a comma? (<unknown>, line 8)
Traceback (most recent call last):
  File "/root/QuestionInsight/Etapa_1/codebench-mining-tool/util.py", line 569, in extract_halstead_metrics
    h = h_visit(code)
        ^^^^^^^^^^^^^
  File "/root/QuestionInsight/.venv/lib/python3.12/site-packages/radon/metrics.py", line 29, in h_visit
    return h_visit_ast(ast.parse(code))
                       ^^^^^^^^^^^^^^^
  File "/usr/lib/python3.12/ast.py", line 52, in parse
    return compile(source, filename, mode, flags,
           ^^^^^^^^^^^^^^^^^^^^^^^^^^^^^^^^^^^^^^
  File "<unknown>", line 8
    	print(x, "pertence ao intervalo", a +"," b)
    	                                  ^^^^^^^^
SyntaxError: invalid syntax. Perhaps you forgot a comma?
2025-08-18 19:36:59,450 cblogger [ERROR]: 		Error while extracting code complexity metrics: unterminated string literal (detected at line 15) (<unknown>, line 15)
Traceback (most recent call last):
  File "/root/QuestionInsight/Etapa_1/codebench-mining-tool/util.py", line 551, in extract_complexity_metrics
    v = ComplexityVisitor.from_code(code)
        ^^^^^^^^^^^^^^^^^^^^^^^^^^^^^^^^^
  File "/root/QuestionInsight/.venv/lib/python3.12/site-packages/radon/visitors.py", line 133, in from_code
    return cls.from_ast(code2ast(code), **kwargs)
                        ^^^^^^^^^^^^^^
  File "/root/QuestionInsight/.venv/lib/python3.12/site-packages/radon/visitors.py", line 48, in code2ast
    return ast.parse(source)
           ^^^^^^^^^^^^^^^^^
  File "/usr/lib/python3.12/ast.py", line 52, in parse
    return compile(source, filename, mode, flags,
           ^^^^^^^^^^^^^^^^^^^^^^^^^^^^^^^^^^^^^^
  File "<unknown>", line 15
    	print("Entradas:"',' a',' b', c)
    	                          ^
SyntaxError: unterminated string literal (detected at line 15)
2025-08-18 19:36:59,451 cblogger [ERROR]: 		Error while extracting code size based metrics: SyntaxError at line: 15
Traceback (most recent call last):
  File "/root/QuestionInsight/.venv/lib/python3.12/site-packages/radon/raw.py", line 210, in analyze
    tokens, parsed_lines = _get_all_tokens(line, lines)
                           ^^^^^^^^^^^^^^^^^^^^^^^^^^^^
  File "/root/QuestionInsight/.venv/lib/python3.12/site-packages/radon/raw.py", line 117, in _get_all_tokens
    next_line = next(lines)
                ^^^^^^^^^^^
StopIteration

During handling of the above exception, another exception occurred:

Traceback (most recent call last):
  File "/root/QuestionInsight/Etapa_1/codebench-mining-tool/util.py", line 560, in extract_size_metrics
    a = analyze(code)
        ^^^^^^^^^^^^^
  File "/root/QuestionInsight/.venv/lib/python3.12/site-packages/radon/raw.py", line 212, in analyze
    raise SyntaxError('SyntaxError at line: {0}'.format(lineno))
SyntaxError: SyntaxError at line: 15
2025-08-18 19:36:59,451 cblogger [ERROR]: 		Error while extracting halsted code metrics: unterminated string literal (detected at line 15) (<unknown>, line 15)
Traceback (most recent call last):
  File "/root/QuestionInsight/Etapa_1/codebench-mining-tool/util.py", line 569, in extract_halstead_metrics
    h = h_visit(code)
        ^^^^^^^^^^^^^
  File "/root/QuestionInsight/.venv/lib/python3.12/site-packages/radon/metrics.py", line 29, in h_visit
    return h_visit_ast(ast.parse(code))
                       ^^^^^^^^^^^^^^^
  File "/usr/lib/python3.12/ast.py", line 52, in parse
    return compile(source, filename, mode, flags,
           ^^^^^^^^^^^^^^^^^^^^^^^^^^^^^^^^^^^^^^
  File "<unknown>", line 15
    	print("Entradas:"',' a',' b', c)
    	                          ^
SyntaxError: unterminated string literal (detected at line 15)
2025-08-18 19:36:59,462 cblogger [ERROR]: 		Error while extracting code complexity metrics: invalid syntax (<unknown>, line 15)
Traceback (most recent call last):
  File "/root/QuestionInsight/Etapa_1/codebench-mining-tool/util.py", line 551, in extract_complexity_metrics
    v = ComplexityVisitor.from_code(code)
        ^^^^^^^^^^^^^^^^^^^^^^^^^^^^^^^^^
  File "/root/QuestionInsight/.venv/lib/python3.12/site-packages/radon/visitors.py", line 133, in from_code
    return cls.from_ast(code2ast(code), **kwargs)
                        ^^^^^^^^^^^^^^
  File "/root/QuestionInsight/.venv/lib/python3.12/site-packages/radon/visitors.py", line 48, in code2ast
    return ast.parse(source)
           ^^^^^^^^^^^^^^^^^
  File "/usr/lib/python3.12/ast.py", line 52, in parse
    return compile(source, filename, mode, flags,
           ^^^^^^^^^^^^^^^^^^^^^^^^^^^^^^^^^^^^^^
  File "<unknown>", line 15
    else:
    ^^^^
SyntaxError: invalid syntax
2025-08-18 19:36:59,464 cblogger [ERROR]: 		Error while extracting halsted code metrics: invalid syntax (<unknown>, line 15)
Traceback (most recent call last):
  File "/root/QuestionInsight/Etapa_1/codebench-mining-tool/util.py", line 569, in extract_halstead_metrics
    h = h_visit(code)
        ^^^^^^^^^^^^^
  File "/root/QuestionInsight/.venv/lib/python3.12/site-packages/radon/metrics.py", line 29, in h_visit
    return h_visit_ast(ast.parse(code))
                       ^^^^^^^^^^^^^^^
  File "/usr/lib/python3.12/ast.py", line 52, in parse
    return compile(source, filename, mode, flags,
           ^^^^^^^^^^^^^^^^^^^^^^^^^^^^^^^^^^^^^^
  File "<unknown>", line 15
    else:
    ^^^^
SyntaxError: invalid syntax
2025-08-18 19:36:59,470 cblogger [ERROR]: 		Error while extracting code complexity metrics: invalid syntax (<unknown>, line 1)
Traceback (most recent call last):
  File "/root/QuestionInsight/Etapa_1/codebench-mining-tool/util.py", line 551, in extract_complexity_metrics
    v = ComplexityVisitor.from_code(code)
        ^^^^^^^^^^^^^^^^^^^^^^^^^^^^^^^^^
  File "/root/QuestionInsight/.venv/lib/python3.12/site-packages/radon/visitors.py", line 133, in from_code
    return cls.from_ast(code2ast(code), **kwargs)
                        ^^^^^^^^^^^^^^
  File "/root/QuestionInsight/.venv/lib/python3.12/site-packages/radon/visitors.py", line 48, in code2ast
    return ast.parse(source)
           ^^^^^^^^^^^^^^^^^
  File "/usr/lib/python3.12/ast.py", line 52, in parse
    return compile(source, filename, mode, flags,
           ^^^^^^^^^^^^^^^^^^^^^^^^^^^^^^^^^^^^^^
  File "<unknown>", line 1
    = float(input(": "))
    ^
SyntaxError: invalid syntax
2025-08-18 19:36:59,471 cblogger [ERROR]: 		Error while extracting halsted code metrics: invalid syntax (<unknown>, line 1)
Traceback (most recent call last):
  File "/root/QuestionInsight/Etapa_1/codebench-mining-tool/util.py", line 569, in extract_halstead_metrics
    h = h_visit(code)
        ^^^^^^^^^^^^^
  File "/root/QuestionInsight/.venv/lib/python3.12/site-packages/radon/metrics.py", line 29, in h_visit
    return h_visit_ast(ast.parse(code))
                       ^^^^^^^^^^^^^^^
  File "/usr/lib/python3.12/ast.py", line 52, in parse
    return compile(source, filename, mode, flags,
           ^^^^^^^^^^^^^^^^^^^^^^^^^^^^^^^^^^^^^^
  File "<unknown>", line 1
    = float(input(": "))
    ^
SyntaxError: invalid syntax
2025-08-18 19:36:59,668 cblogger [ERROR]: 		Error while extracting code complexity metrics: invalid syntax (<unknown>, line 1)
Traceback (most recent call last):
  File "/root/QuestionInsight/Etapa_1/codebench-mining-tool/util.py", line 551, in extract_complexity_metrics
    v = ComplexityVisitor.from_code(code)
        ^^^^^^^^^^^^^^^^^^^^^^^^^^^^^^^^^
  File "/root/QuestionInsight/.venv/lib/python3.12/site-packages/radon/visitors.py", line 133, in from_code
    return cls.from_ast(code2ast(code), **kwargs)
                        ^^^^^^^^^^^^^^
  File "/root/QuestionInsight/.venv/lib/python3.12/site-packages/radon/visitors.py", line 48, in code2ast
    return ast.parse(source)
           ^^^^^^^^^^^^^^^^^
  File "/usr/lib/python3.12/ast.py", line 52, in parse
    return compile(source, filename, mode, flags,
           ^^^^^^^^^^^^^^^^^^^^^^^^^^^^^^^^^^^^^^
  File "<unknown>", line 1
    *from math import*
     ^^^^
SyntaxError: invalid syntax
2025-08-18 19:36:59,669 cblogger [ERROR]: 		Error while extracting halsted code metrics: invalid syntax (<unknown>, line 1)
Traceback (most recent call last):
  File "/root/QuestionInsight/Etapa_1/codebench-mining-tool/util.py", line 569, in extract_halstead_metrics
    h = h_visit(code)
        ^^^^^^^^^^^^^
  File "/root/QuestionInsight/.venv/lib/python3.12/site-packages/radon/metrics.py", line 29, in h_visit
    return h_visit_ast(ast.parse(code))
                       ^^^^^^^^^^^^^^^
  File "/usr/lib/python3.12/ast.py", line 52, in parse
    return compile(source, filename, mode, flags,
           ^^^^^^^^^^^^^^^^^^^^^^^^^^^^^^^^^^^^^^
  File "<unknown>", line 1
    *from math import*
     ^^^^
SyntaxError: invalid syntax
2025-08-18 19:36:59,709 cblogger [ERROR]: 		Error while extracting code complexity metrics: expected ':' (<unknown>, line 9)
Traceback (most recent call last):
  File "/root/QuestionInsight/Etapa_1/codebench-mining-tool/util.py", line 551, in extract_complexity_metrics
    v = ComplexityVisitor.from_code(code)
        ^^^^^^^^^^^^^^^^^^^^^^^^^^^^^^^^^
  File "/root/QuestionInsight/.venv/lib/python3.12/site-packages/radon/visitors.py", line 133, in from_code
    return cls.from_ast(code2ast(code), **kwargs)
                        ^^^^^^^^^^^^^^
  File "/root/QuestionInsight/.venv/lib/python3.12/site-packages/radon/visitors.py", line 48, in code2ast
    return ast.parse(source)
           ^^^^^^^^^^^^^^^^^
  File "/usr/lib/python3.12/ast.py", line 52, in parse
    return compile(source, filename, mode, flags,
           ^^^^^^^^^^^^^^^^^^^^^^^^^^^^^^^^^^^^^^
  File "<unknown>", line 9
    if((x<y+z)) and (y>x+z) and (z>y+x)
                                       ^
SyntaxError: expected ':'
2025-08-18 19:36:59,710 cblogger [ERROR]: 		Error while extracting halsted code metrics: expected ':' (<unknown>, line 9)
Traceback (most recent call last):
  File "/root/QuestionInsight/Etapa_1/codebench-mining-tool/util.py", line 569, in extract_halstead_metrics
    h = h_visit(code)
        ^^^^^^^^^^^^^
  File "/root/QuestionInsight/.venv/lib/python3.12/site-packages/radon/metrics.py", line 29, in h_visit
    return h_visit_ast(ast.parse(code))
                       ^^^^^^^^^^^^^^^
  File "/usr/lib/python3.12/ast.py", line 52, in parse
    return compile(source, filename, mode, flags,
           ^^^^^^^^^^^^^^^^^^^^^^^^^^^^^^^^^^^^^^
  File "<unknown>", line 9
    if((x<y+z)) and (y>x+z) and (z>y+x)
                                       ^
SyntaxError: expected ':'
2025-08-18 19:36:59,724 cblogger [ERROR]: 		Error while extracting code complexity metrics: '(' was never closed (<unknown>, line 11)
Traceback (most recent call last):
  File "/root/QuestionInsight/Etapa_1/codebench-mining-tool/util.py", line 551, in extract_complexity_metrics
    v = ComplexityVisitor.from_code(code)
        ^^^^^^^^^^^^^^^^^^^^^^^^^^^^^^^^^
  File "/root/QuestionInsight/.venv/lib/python3.12/site-packages/radon/visitors.py", line 133, in from_code
    return cls.from_ast(code2ast(code), **kwargs)
                        ^^^^^^^^^^^^^^
  File "/root/QuestionInsight/.venv/lib/python3.12/site-packages/radon/visitors.py", line 48, in code2ast
    return ast.parse(source)
           ^^^^^^^^^^^^^^^^^
  File "/usr/lib/python3.12/ast.py", line 52, in parse
    return compile(source, filename, mode, flags,
           ^^^^^^^^^^^^^^^^^^^^^^^^^^^^^^^^^^^^^^
  File "<unknown>", line 11
    d = (6371.01 * arcos((sin*t1) * (sin*t2) + (cos*t1) * (cos*t2) * cos(g1-g2))
        ^
SyntaxError: '(' was never closed
2025-08-18 19:36:59,725 cblogger [ERROR]: 		Error while extracting code size based metrics: SyntaxError at line: 11
Traceback (most recent call last):
  File "/root/QuestionInsight/.venv/lib/python3.12/site-packages/radon/raw.py", line 210, in analyze
    tokens, parsed_lines = _get_all_tokens(line, lines)
                           ^^^^^^^^^^^^^^^^^^^^^^^^^^^^
  File "/root/QuestionInsight/.venv/lib/python3.12/site-packages/radon/raw.py", line 117, in _get_all_tokens
    next_line = next(lines)
                ^^^^^^^^^^^
StopIteration

During handling of the above exception, another exception occurred:

Traceback (most recent call last):
  File "/root/QuestionInsight/Etapa_1/codebench-mining-tool/util.py", line 560, in extract_size_metrics
    a = analyze(code)
        ^^^^^^^^^^^^^
  File "/root/QuestionInsight/.venv/lib/python3.12/site-packages/radon/raw.py", line 212, in analyze
    raise SyntaxError('SyntaxError at line: {0}'.format(lineno))
SyntaxError: SyntaxError at line: 11
2025-08-18 19:36:59,726 cblogger [ERROR]: 		Error while extracting halsted code metrics: '(' was never closed (<unknown>, line 11)
Traceback (most recent call last):
  File "/root/QuestionInsight/Etapa_1/codebench-mining-tool/util.py", line 569, in extract_halstead_metrics
    h = h_visit(code)
        ^^^^^^^^^^^^^
  File "/root/QuestionInsight/.venv/lib/python3.12/site-packages/radon/metrics.py", line 29, in h_visit
    return h_visit_ast(ast.parse(code))
                       ^^^^^^^^^^^^^^^
  File "/usr/lib/python3.12/ast.py", line 52, in parse
    return compile(source, filename, mode, flags,
           ^^^^^^^^^^^^^^^^^^^^^^^^^^^^^^^^^^^^^^
  File "<unknown>", line 11
    d = (6371.01 * arcos((sin*t1) * (sin*t2) + (cos*t1) * (cos*t2) * cos(g1-g2))
        ^
SyntaxError: '(' was never closed
2025-08-18 19:36:59,734 cblogger [ERROR]: 		Error while extracting code complexity metrics: unindent does not match any outer indentation level (<unknown>, line 5)
Traceback (most recent call last):
  File "/root/QuestionInsight/Etapa_1/codebench-mining-tool/util.py", line 551, in extract_complexity_metrics
    v = ComplexityVisitor.from_code(code)
        ^^^^^^^^^^^^^^^^^^^^^^^^^^^^^^^^^
  File "/root/QuestionInsight/.venv/lib/python3.12/site-packages/radon/visitors.py", line 133, in from_code
    return cls.from_ast(code2ast(code), **kwargs)
                        ^^^^^^^^^^^^^^
  File "/root/QuestionInsight/.venv/lib/python3.12/site-packages/radon/visitors.py", line 48, in code2ast
    return ast.parse(source)
           ^^^^^^^^^^^^^^^^^
  File "/usr/lib/python3.12/ast.py", line 52, in parse
    return compile(source, filename, mode, flags,
           ^^^^^^^^^^^^^^^^^^^^^^^^^^^^^^^^^^^^^^
  File "<unknown>", line 5
    proximo = proximo + anterior  
                                  ^
IndentationError: unindent does not match any outer indentation level
2025-08-18 19:36:59,734 cblogger [ERROR]: 		Error while extracting halsted code metrics: unindent does not match any outer indentation level (<unknown>, line 5)
Traceback (most recent call last):
  File "/root/QuestionInsight/Etapa_1/codebench-mining-tool/util.py", line 569, in extract_halstead_metrics
    h = h_visit(code)
        ^^^^^^^^^^^^^
  File "/root/QuestionInsight/.venv/lib/python3.12/site-packages/radon/metrics.py", line 29, in h_visit
    return h_visit_ast(ast.parse(code))
                       ^^^^^^^^^^^^^^^
  File "/usr/lib/python3.12/ast.py", line 52, in parse
    return compile(source, filename, mode, flags,
           ^^^^^^^^^^^^^^^^^^^^^^^^^^^^^^^^^^^^^^
  File "<unknown>", line 5
    proximo = proximo + anterior  
                                  ^
IndentationError: unindent does not match any outer indentation level
2025-08-18 19:36:59,852 cblogger [ERROR]: 		Error while extracting code complexity metrics: '(' was never closed (<unknown>, line 4)
Traceback (most recent call last):
  File "/root/QuestionInsight/Etapa_1/codebench-mining-tool/util.py", line 551, in extract_complexity_metrics
    v = ComplexityVisitor.from_code(code)
        ^^^^^^^^^^^^^^^^^^^^^^^^^^^^^^^^^
  File "/root/QuestionInsight/.venv/lib/python3.12/site-packages/radon/visitors.py", line 133, in from_code
    return cls.from_ast(code2ast(code), **kwargs)
                        ^^^^^^^^^^^^^^
  File "/root/QuestionInsight/.venv/lib/python3.12/site-packages/radon/visitors.py", line 48, in code2ast
    return ast.parse(source)
           ^^^^^^^^^^^^^^^^^
  File "/usr/lib/python3.12/ast.py", line 52, in parse
    return compile(source, filename, mode, flags,
           ^^^^^^^^^^^^^^^^^^^^^^^^^^^^^^^^^^^^^^
  File "<unknown>", line 4
    cedula = int(input("Valor da cedula: ")
                ^
SyntaxError: '(' was never closed
2025-08-18 19:36:59,852 cblogger [ERROR]: 		Error while extracting code size based metrics: SyntaxError at line: 4
Traceback (most recent call last):
  File "/root/QuestionInsight/.venv/lib/python3.12/site-packages/radon/raw.py", line 210, in analyze
    tokens, parsed_lines = _get_all_tokens(line, lines)
                           ^^^^^^^^^^^^^^^^^^^^^^^^^^^^
  File "/root/QuestionInsight/.venv/lib/python3.12/site-packages/radon/raw.py", line 117, in _get_all_tokens
    next_line = next(lines)
                ^^^^^^^^^^^
StopIteration

During handling of the above exception, another exception occurred:

Traceback (most recent call last):
  File "/root/QuestionInsight/Etapa_1/codebench-mining-tool/util.py", line 560, in extract_size_metrics
    a = analyze(code)
        ^^^^^^^^^^^^^
  File "/root/QuestionInsight/.venv/lib/python3.12/site-packages/radon/raw.py", line 212, in analyze
    raise SyntaxError('SyntaxError at line: {0}'.format(lineno))
SyntaxError: SyntaxError at line: 4
2025-08-18 19:36:59,853 cblogger [ERROR]: 		Error while extracting halsted code metrics: '(' was never closed (<unknown>, line 4)
Traceback (most recent call last):
  File "/root/QuestionInsight/Etapa_1/codebench-mining-tool/util.py", line 569, in extract_halstead_metrics
    h = h_visit(code)
        ^^^^^^^^^^^^^
  File "/root/QuestionInsight/.venv/lib/python3.12/site-packages/radon/metrics.py", line 29, in h_visit
    return h_visit_ast(ast.parse(code))
                       ^^^^^^^^^^^^^^^
  File "/usr/lib/python3.12/ast.py", line 52, in parse
    return compile(source, filename, mode, flags,
           ^^^^^^^^^^^^^^^^^^^^^^^^^^^^^^^^^^^^^^
  File "<unknown>", line 4
    cedula = int(input("Valor da cedula: ")
                ^
SyntaxError: '(' was never closed
2025-08-18 19:36:59,956 cblogger [ERROR]: 		Error while extracting code complexity metrics: unexpected indent (<unknown>, line 7)
Traceback (most recent call last):
  File "/root/QuestionInsight/Etapa_1/codebench-mining-tool/util.py", line 551, in extract_complexity_metrics
    v = ComplexityVisitor.from_code(code)
        ^^^^^^^^^^^^^^^^^^^^^^^^^^^^^^^^^
  File "/root/QuestionInsight/.venv/lib/python3.12/site-packages/radon/visitors.py", line 133, in from_code
    return cls.from_ast(code2ast(code), **kwargs)
                        ^^^^^^^^^^^^^^
  File "/root/QuestionInsight/.venv/lib/python3.12/site-packages/radon/visitors.py", line 48, in code2ast
    return ast.parse(source)
           ^^^^^^^^^^^^^^^^^
  File "/usr/lib/python3.12/ast.py", line 52, in parse
    return compile(source, filename, mode, flags,
           ^^^^^^^^^^^^^^^^^^^^^^^^^^^^^^^^^^^^^^
  File "<unknown>", line 7
    	if()
    ^
IndentationError: unexpected indent
2025-08-18 19:36:59,957 cblogger [ERROR]: 		Error while extracting halsted code metrics: unexpected indent (<unknown>, line 7)
Traceback (most recent call last):
  File "/root/QuestionInsight/Etapa_1/codebench-mining-tool/util.py", line 569, in extract_halstead_metrics
    h = h_visit(code)
        ^^^^^^^^^^^^^
  File "/root/QuestionInsight/.venv/lib/python3.12/site-packages/radon/metrics.py", line 29, in h_visit
    return h_visit_ast(ast.parse(code))
                       ^^^^^^^^^^^^^^^
  File "/usr/lib/python3.12/ast.py", line 52, in parse
    return compile(source, filename, mode, flags,
           ^^^^^^^^^^^^^^^^^^^^^^^^^^^^^^^^^^^^^^
  File "<unknown>", line 7
    	if()
    ^
IndentationError: unexpected indent
2025-08-18 19:36:59,961 cblogger [ERROR]: 		Error while extracting code complexity metrics: invalid syntax (<unknown>, line 3)
Traceback (most recent call last):
  File "/root/QuestionInsight/Etapa_1/codebench-mining-tool/util.py", line 551, in extract_complexity_metrics
    v = ComplexityVisitor.from_code(code)
        ^^^^^^^^^^^^^^^^^^^^^^^^^^^^^^^^^
  File "/root/QuestionInsight/.venv/lib/python3.12/site-packages/radon/visitors.py", line 133, in from_code
    return cls.from_ast(code2ast(code), **kwargs)
                        ^^^^^^^^^^^^^^
  File "/root/QuestionInsight/.venv/lib/python3.12/site-packages/radon/visitors.py", line 48, in code2ast
    return ast.parse(source)
           ^^^^^^^^^^^^^^^^^
  File "/usr/lib/python3.12/ast.py", line 52, in parse
    return compile(source, filename, mode, flags,
           ^^^^^^^^^^^^^^^^^^^^^^^^^^^^^^^^^^^^^^
  File "<unknown>", line 3
    if((genero == "Masculino") and (peso>84.0 <=)):
                                                ^
SyntaxError: invalid syntax
2025-08-18 19:36:59,962 cblogger [ERROR]: 		Error while extracting halsted code metrics: invalid syntax (<unknown>, line 3)
Traceback (most recent call last):
  File "/root/QuestionInsight/Etapa_1/codebench-mining-tool/util.py", line 569, in extract_halstead_metrics
    h = h_visit(code)
        ^^^^^^^^^^^^^
  File "/root/QuestionInsight/.venv/lib/python3.12/site-packages/radon/metrics.py", line 29, in h_visit
    return h_visit_ast(ast.parse(code))
                       ^^^^^^^^^^^^^^^
  File "/usr/lib/python3.12/ast.py", line 52, in parse
    return compile(source, filename, mode, flags,
           ^^^^^^^^^^^^^^^^^^^^^^^^^^^^^^^^^^^^^^
  File "<unknown>", line 3
    if((genero == "Masculino") and (peso>84.0 <=)):
                                                ^
SyntaxError: invalid syntax
2025-08-18 19:36:59,975 cblogger [ERROR]: 		Error while extracting code complexity metrics: invalid syntax (<unknown>, line 1)
Traceback (most recent call last):
  File "/root/QuestionInsight/Etapa_1/codebench-mining-tool/util.py", line 551, in extract_complexity_metrics
    v = ComplexityVisitor.from_code(code)
        ^^^^^^^^^^^^^^^^^^^^^^^^^^^^^^^^^
  File "/root/QuestionInsight/.venv/lib/python3.12/site-packages/radon/visitors.py", line 133, in from_code
    return cls.from_ast(code2ast(code), **kwargs)
                        ^^^^^^^^^^^^^^
  File "/root/QuestionInsight/.venv/lib/python3.12/site-packages/radon/visitors.py", line 48, in code2ast
    return ast.parse(source)
           ^^^^^^^^^^^^^^^^^
  File "/usr/lib/python3.12/ast.py", line 52, in parse
    return compile(source, filename, mode, flags,
           ^^^^^^^^^^^^^^^^^^^^^^^^^^^^^^^^^^^^^^
  File "<unknown>", line 1
    import from math
           ^^^^
SyntaxError: invalid syntax
2025-08-18 19:36:59,977 cblogger [ERROR]: 		Error while extracting halsted code metrics: invalid syntax (<unknown>, line 1)
Traceback (most recent call last):
  File "/root/QuestionInsight/Etapa_1/codebench-mining-tool/util.py", line 569, in extract_halstead_metrics
    h = h_visit(code)
        ^^^^^^^^^^^^^
  File "/root/QuestionInsight/.venv/lib/python3.12/site-packages/radon/metrics.py", line 29, in h_visit
    return h_visit_ast(ast.parse(code))
                       ^^^^^^^^^^^^^^^
  File "/usr/lib/python3.12/ast.py", line 52, in parse
    return compile(source, filename, mode, flags,
           ^^^^^^^^^^^^^^^^^^^^^^^^^^^^^^^^^^^^^^
  File "<unknown>", line 1
    import from math
           ^^^^
SyntaxError: invalid syntax
2025-08-18 19:36:59,998 cblogger [ERROR]: 		Error while extracting code complexity metrics: invalid syntax (<unknown>, line 2)
Traceback (most recent call last):
  File "/root/QuestionInsight/Etapa_1/codebench-mining-tool/util.py", line 551, in extract_complexity_metrics
    v = ComplexityVisitor.from_code(code)
        ^^^^^^^^^^^^^^^^^^^^^^^^^^^^^^^^^
  File "/root/QuestionInsight/.venv/lib/python3.12/site-packages/radon/visitors.py", line 133, in from_code
    return cls.from_ast(code2ast(code), **kwargs)
                        ^^^^^^^^^^^^^^
  File "/root/QuestionInsight/.venv/lib/python3.12/site-packages/radon/visitors.py", line 48, in code2ast
    return ast.parse(source)
           ^^^^^^^^^^^^^^^^^
  File "/usr/lib/python3.12/ast.py", line 52, in parse
    return compile(source, filename, mode, flags,
           ^^^^^^^^^^^^^^^^^^^^^^^^^^^^^^^^^^^^^^
  File "<unknown>", line 2
    encomenda = 
                ^
SyntaxError: invalid syntax
2025-08-18 19:36:59,999 cblogger [ERROR]: 		Error while extracting halsted code metrics: invalid syntax (<unknown>, line 2)
Traceback (most recent call last):
  File "/root/QuestionInsight/Etapa_1/codebench-mining-tool/util.py", line 569, in extract_halstead_metrics
    h = h_visit(code)
        ^^^^^^^^^^^^^
  File "/root/QuestionInsight/.venv/lib/python3.12/site-packages/radon/metrics.py", line 29, in h_visit
    return h_visit_ast(ast.parse(code))
                       ^^^^^^^^^^^^^^^
  File "/usr/lib/python3.12/ast.py", line 52, in parse
    return compile(source, filename, mode, flags,
           ^^^^^^^^^^^^^^^^^^^^^^^^^^^^^^^^^^^^^^
  File "<unknown>", line 2
    encomenda = 
                ^
SyntaxError: invalid syntax
2025-08-18 19:37:00,020 cblogger [ERROR]: 		Error while extracting code complexity metrics: invalid syntax. Perhaps you forgot a comma? (<unknown>, line 1)
Traceback (most recent call last):
  File "/root/QuestionInsight/Etapa_1/codebench-mining-tool/util.py", line 551, in extract_complexity_metrics
    v = ComplexityVisitor.from_code(code)
        ^^^^^^^^^^^^^^^^^^^^^^^^^^^^^^^^^
  File "/root/QuestionInsight/.venv/lib/python3.12/site-packages/radon/visitors.py", line 133, in from_code
    return cls.from_ast(code2ast(code), **kwargs)
                        ^^^^^^^^^^^^^^
  File "/root/QuestionInsight/.venv/lib/python3.12/site-packages/radon/visitors.py", line 48, in code2ast
    return ast.parse(source)
           ^^^^^^^^^^^^^^^^^
  File "/usr/lib/python3.12/ast.py", line 52, in parse
    return compile(source, filename, mode, flags,
           ^^^^^^^^^^^^^^^^^^^^^^^^^^^^^^^^^^^^^^
  File "<unknown>", line 1
    N = (1 1 2 3 5 8 13 21)
         ^^^
SyntaxError: invalid syntax. Perhaps you forgot a comma?
2025-08-18 19:37:00,021 cblogger [ERROR]: 		Error while extracting halsted code metrics: invalid syntax. Perhaps you forgot a comma? (<unknown>, line 1)
Traceback (most recent call last):
  File "/root/QuestionInsight/Etapa_1/codebench-mining-tool/util.py", line 569, in extract_halstead_metrics
    h = h_visit(code)
        ^^^^^^^^^^^^^
  File "/root/QuestionInsight/.venv/lib/python3.12/site-packages/radon/metrics.py", line 29, in h_visit
    return h_visit_ast(ast.parse(code))
                       ^^^^^^^^^^^^^^^
  File "/usr/lib/python3.12/ast.py", line 52, in parse
    return compile(source, filename, mode, flags,
           ^^^^^^^^^^^^^^^^^^^^^^^^^^^^^^^^^^^^^^
  File "<unknown>", line 1
    N = (1 1 2 3 5 8 13 21)
         ^^^
SyntaxError: invalid syntax. Perhaps you forgot a comma?
2025-08-18 19:37:00,025 cblogger [ERROR]: 		Error while extracting code complexity metrics: cannot assign to literal here. Maybe you meant '==' instead of '='? (<unknown>, line 3)
Traceback (most recent call last):
  File "/root/QuestionInsight/Etapa_1/codebench-mining-tool/util.py", line 551, in extract_complexity_metrics
    v = ComplexityVisitor.from_code(code)
        ^^^^^^^^^^^^^^^^^^^^^^^^^^^^^^^^^
  File "/root/QuestionInsight/.venv/lib/python3.12/site-packages/radon/visitors.py", line 133, in from_code
    return cls.from_ast(code2ast(code), **kwargs)
                        ^^^^^^^^^^^^^^
  File "/root/QuestionInsight/.venv/lib/python3.12/site-packages/radon/visitors.py", line 48, in code2ast
    return ast.parse(source)
           ^^^^^^^^^^^^^^^^^
  File "/usr/lib/python3.12/ast.py", line 52, in parse
    return compile(source, filename, mode, flags,
           ^^^^^^^^^^^^^^^^^^^^^^^^^^^^^^^^^^^^^^
  File "<unknown>", line 3
    if (120 = 1*3 + 2*3 + 0*3):
        ^^^
SyntaxError: cannot assign to literal here. Maybe you meant '==' instead of '='?
2025-08-18 19:37:00,026 cblogger [ERROR]: 		Error while extracting halsted code metrics: cannot assign to literal here. Maybe you meant '==' instead of '='? (<unknown>, line 3)
Traceback (most recent call last):
  File "/root/QuestionInsight/Etapa_1/codebench-mining-tool/util.py", line 569, in extract_halstead_metrics
    h = h_visit(code)
        ^^^^^^^^^^^^^
  File "/root/QuestionInsight/.venv/lib/python3.12/site-packages/radon/metrics.py", line 29, in h_visit
    return h_visit_ast(ast.parse(code))
                       ^^^^^^^^^^^^^^^
  File "/usr/lib/python3.12/ast.py", line 52, in parse
    return compile(source, filename, mode, flags,
           ^^^^^^^^^^^^^^^^^^^^^^^^^^^^^^^^^^^^^^
  File "<unknown>", line 3
    if (120 = 1*3 + 2*3 + 0*3):
        ^^^
SyntaxError: cannot assign to literal here. Maybe you meant '==' instead of '='?
2025-08-18 19:37:00,054 cblogger [ERROR]: 		Error while extracting code complexity metrics: invalid non-printable character U+200B (<unknown>, line 16)
Traceback (most recent call last):
  File "/root/QuestionInsight/Etapa_1/codebench-mining-tool/util.py", line 551, in extract_complexity_metrics
    v = ComplexityVisitor.from_code(code)
        ^^^^^^^^^^^^^^^^^^^^^^^^^^^^^^^^^
  File "/root/QuestionInsight/.venv/lib/python3.12/site-packages/radon/visitors.py", line 133, in from_code
    return cls.from_ast(code2ast(code), **kwargs)
                        ^^^^^^^^^^^^^^
  File "/root/QuestionInsight/.venv/lib/python3.12/site-packages/radon/visitors.py", line 48, in code2ast
    return ast.parse(source)
           ^^^^^^^^^^^^^^^^^
  File "/usr/lib/python3.12/ast.py", line 52, in parse
    return compile(source, filename, mode, flags,
           ^^^^^^^^^^^^^^^^^^^^^^^^^^^^^^^^^^^^^^
  File "<unknown>", line 16
    ​
    ^
SyntaxError: invalid non-printable character U+200B
2025-08-18 19:37:00,055 cblogger [ERROR]: 		Error while extracting halsted code metrics: invalid non-printable character U+200B (<unknown>, line 16)
Traceback (most recent call last):
  File "/root/QuestionInsight/Etapa_1/codebench-mining-tool/util.py", line 569, in extract_halstead_metrics
    h = h_visit(code)
        ^^^^^^^^^^^^^
  File "/root/QuestionInsight/.venv/lib/python3.12/site-packages/radon/metrics.py", line 29, in h_visit
    return h_visit_ast(ast.parse(code))
                       ^^^^^^^^^^^^^^^
  File "/usr/lib/python3.12/ast.py", line 52, in parse
    return compile(source, filename, mode, flags,
           ^^^^^^^^^^^^^^^^^^^^^^^^^^^^^^^^^^^^^^
  File "<unknown>", line 16
    ​
    ^
SyntaxError: invalid non-printable character U+200B
2025-08-18 19:37:00,089 cblogger [ERROR]: 		Error while extracting code complexity metrics: unexpected indent (<unknown>, line 16)
Traceback (most recent call last):
  File "/root/QuestionInsight/Etapa_1/codebench-mining-tool/util.py", line 551, in extract_complexity_metrics
    v = ComplexityVisitor.from_code(code)
        ^^^^^^^^^^^^^^^^^^^^^^^^^^^^^^^^^
  File "/root/QuestionInsight/.venv/lib/python3.12/site-packages/radon/visitors.py", line 133, in from_code
    return cls.from_ast(code2ast(code), **kwargs)
                        ^^^^^^^^^^^^^^
  File "/root/QuestionInsight/.venv/lib/python3.12/site-packages/radon/visitors.py", line 48, in code2ast
    return ast.parse(source)
           ^^^^^^^^^^^^^^^^^
  File "/usr/lib/python3.12/ast.py", line 52, in parse
    return compile(source, filename, mode, flags,
           ^^^^^^^^^^^^^^^^^^^^^^^^^^^^^^^^^^^^^^
  File "<unknown>", line 16
    		if (a+b+c >0):
    	^
IndentationError: unexpected indent
2025-08-18 19:37:00,090 cblogger [ERROR]: 		Error while extracting halsted code metrics: unexpected indent (<unknown>, line 16)
Traceback (most recent call last):
  File "/root/QuestionInsight/Etapa_1/codebench-mining-tool/util.py", line 569, in extract_halstead_metrics
    h = h_visit(code)
        ^^^^^^^^^^^^^
  File "/root/QuestionInsight/.venv/lib/python3.12/site-packages/radon/metrics.py", line 29, in h_visit
    return h_visit_ast(ast.parse(code))
                       ^^^^^^^^^^^^^^^
  File "/usr/lib/python3.12/ast.py", line 52, in parse
    return compile(source, filename, mode, flags,
           ^^^^^^^^^^^^^^^^^^^^^^^^^^^^^^^^^^^^^^
  File "<unknown>", line 16
    		if (a+b+c >0):
    	^
IndentationError: unexpected indent
2025-08-18 19:37:00,708 cblogger [ERROR]: 		Error while extracting code complexity metrics: unexpected indent (<unknown>, line 1)
Traceback (most recent call last):
  File "/root/QuestionInsight/Etapa_1/codebench-mining-tool/util.py", line 551, in extract_complexity_metrics
    v = ComplexityVisitor.from_code(code)
        ^^^^^^^^^^^^^^^^^^^^^^^^^^^^^^^^^
  File "/root/QuestionInsight/.venv/lib/python3.12/site-packages/radon/visitors.py", line 133, in from_code
    return cls.from_ast(code2ast(code), **kwargs)
                        ^^^^^^^^^^^^^^
  File "/root/QuestionInsight/.venv/lib/python3.12/site-packages/radon/visitors.py", line 48, in code2ast
    return ast.parse(source)
           ^^^^^^^^^^^^^^^^^
  File "/usr/lib/python3.12/ast.py", line 52, in parse
    return compile(source, filename, mode, flags,
           ^^^^^^^^^^^^^^^^^^^^^^^^^^^^^^^^^^^^^^
  File "<unknown>", line 1
    	frase=(input())
    ^
IndentationError: unexpected indent
2025-08-18 19:37:00,708 cblogger [ERROR]: 		Error while extracting halsted code metrics: unexpected indent (<unknown>, line 1)
Traceback (most recent call last):
  File "/root/QuestionInsight/Etapa_1/codebench-mining-tool/util.py", line 569, in extract_halstead_metrics
    h = h_visit(code)
        ^^^^^^^^^^^^^
  File "/root/QuestionInsight/.venv/lib/python3.12/site-packages/radon/metrics.py", line 29, in h_visit
    return h_visit_ast(ast.parse(code))
                       ^^^^^^^^^^^^^^^
  File "/usr/lib/python3.12/ast.py", line 52, in parse
    return compile(source, filename, mode, flags,
           ^^^^^^^^^^^^^^^^^^^^^^^^^^^^^^^^^^^^^^
  File "<unknown>", line 1
    	frase=(input())
    ^
IndentationError: unexpected indent
2025-08-18 19:37:00,767 cblogger [ERROR]: 		Error while extracting code complexity metrics: expected ':' (<unknown>, line 7)
Traceback (most recent call last):
  File "/root/QuestionInsight/Etapa_1/codebench-mining-tool/util.py", line 551, in extract_complexity_metrics
    v = ComplexityVisitor.from_code(code)
        ^^^^^^^^^^^^^^^^^^^^^^^^^^^^^^^^^
  File "/root/QuestionInsight/.venv/lib/python3.12/site-packages/radon/visitors.py", line 133, in from_code
    return cls.from_ast(code2ast(code), **kwargs)
                        ^^^^^^^^^^^^^^
  File "/root/QuestionInsight/.venv/lib/python3.12/site-packages/radon/visitors.py", line 48, in code2ast
    return ast.parse(source)
           ^^^^^^^^^^^^^^^^^
  File "/usr/lib/python3.12/ast.py", line 52, in parse
    return compile(source, filename, mode, flags,
           ^^^^^^^^^^^^^^^^^^^^^^^^^^^^^^^^^^^^^^
  File "<unknown>", line 7
    if (num % 2 == 0)
                     ^
SyntaxError: expected ':'
2025-08-18 19:37:00,768 cblogger [ERROR]: 		Error while extracting halsted code metrics: expected ':' (<unknown>, line 7)
Traceback (most recent call last):
  File "/root/QuestionInsight/Etapa_1/codebench-mining-tool/util.py", line 569, in extract_halstead_metrics
    h = h_visit(code)
        ^^^^^^^^^^^^^
  File "/root/QuestionInsight/.venv/lib/python3.12/site-packages/radon/metrics.py", line 29, in h_visit
    return h_visit_ast(ast.parse(code))
                       ^^^^^^^^^^^^^^^
  File "/usr/lib/python3.12/ast.py", line 52, in parse
    return compile(source, filename, mode, flags,
           ^^^^^^^^^^^^^^^^^^^^^^^^^^^^^^^^^^^^^^
  File "<unknown>", line 7
    if (num % 2 == 0)
                     ^
SyntaxError: expected ':'
2025-08-18 19:37:00,776 cblogger [ERROR]: 		Error while extracting code complexity metrics: invalid decimal literal (<unknown>, line 5)
Traceback (most recent call last):
  File "/root/QuestionInsight/Etapa_1/codebench-mining-tool/util.py", line 551, in extract_complexity_metrics
    v = ComplexityVisitor.from_code(code)
        ^^^^^^^^^^^^^^^^^^^^^^^^^^^^^^^^^
  File "/root/QuestionInsight/.venv/lib/python3.12/site-packages/radon/visitors.py", line 133, in from_code
    return cls.from_ast(code2ast(code), **kwargs)
                        ^^^^^^^^^^^^^^
  File "/root/QuestionInsight/.venv/lib/python3.12/site-packages/radon/visitors.py", line 48, in code2ast
    return ast.parse(source)
           ^^^^^^^^^^^^^^^^^
  File "/usr/lib/python3.12/ast.py", line 52, in parse
    return compile(source, filename, mode, flags,
           ^^^^^^^^^^^^^^^^^^^^^^^^^^^^^^^^^^^^^^
  File "<unknown>", line 5
    a=  b**2 + c**2 - 2bc 
                      ^
SyntaxError: invalid decimal literal
2025-08-18 19:37:00,777 cblogger [ERROR]: 		Error while extracting halsted code metrics: invalid decimal literal (<unknown>, line 5)
Traceback (most recent call last):
  File "/root/QuestionInsight/Etapa_1/codebench-mining-tool/util.py", line 569, in extract_halstead_metrics
    h = h_visit(code)
        ^^^^^^^^^^^^^
  File "/root/QuestionInsight/.venv/lib/python3.12/site-packages/radon/metrics.py", line 29, in h_visit
    return h_visit_ast(ast.parse(code))
                       ^^^^^^^^^^^^^^^
  File "/usr/lib/python3.12/ast.py", line 52, in parse
    return compile(source, filename, mode, flags,
           ^^^^^^^^^^^^^^^^^^^^^^^^^^^^^^^^^^^^^^
  File "<unknown>", line 5
    a=  b**2 + c**2 - 2bc 
                      ^
SyntaxError: invalid decimal literal
2025-08-18 19:37:00,782 cblogger [ERROR]: 		Error while extracting code complexity metrics: invalid decimal literal (<unknown>, line 1)
Traceback (most recent call last):
  File "/root/QuestionInsight/Etapa_1/codebench-mining-tool/util.py", line 551, in extract_complexity_metrics
    v = ComplexityVisitor.from_code(code)
        ^^^^^^^^^^^^^^^^^^^^^^^^^^^^^^^^^
  File "/root/QuestionInsight/.venv/lib/python3.12/site-packages/radon/visitors.py", line 133, in from_code
    return cls.from_ast(code2ast(code), **kwargs)
                        ^^^^^^^^^^^^^^
  File "/root/QuestionInsight/.venv/lib/python3.12/site-packages/radon/visitors.py", line 48, in code2ast
    return ast.parse(source)
           ^^^^^^^^^^^^^^^^^
  File "/usr/lib/python3.12/ast.py", line 52, in parse
    return compile(source, filename, mode, flags,
           ^^^^^^^^^^^^^^^^^^^^^^^^^^^^^^^^^^^^^^
  File "<unknown>", line 1
    http://codebench.icomp.ufam.edu.br/index.php?r=trabalho%2Fview&id=2007#tab-nota
                                                            ^
SyntaxError: invalid decimal literal
2025-08-18 19:37:00,782 cblogger [ERROR]: 		Error while extracting halsted code metrics: invalid decimal literal (<unknown>, line 1)
Traceback (most recent call last):
  File "/root/QuestionInsight/Etapa_1/codebench-mining-tool/util.py", line 569, in extract_halstead_metrics
    h = h_visit(code)
        ^^^^^^^^^^^^^
  File "/root/QuestionInsight/.venv/lib/python3.12/site-packages/radon/metrics.py", line 29, in h_visit
    return h_visit_ast(ast.parse(code))
                       ^^^^^^^^^^^^^^^
  File "/usr/lib/python3.12/ast.py", line 52, in parse
    return compile(source, filename, mode, flags,
           ^^^^^^^^^^^^^^^^^^^^^^^^^^^^^^^^^^^^^^
  File "<unknown>", line 1
    http://codebench.icomp.ufam.edu.br/index.php?r=trabalho%2Fview&id=2007#tab-nota
                                                            ^
SyntaxError: invalid decimal literal
2025-08-18 19:37:00,783 cblogger [ERROR]: 		Error while extracting code token based metrics: 55
Traceback (most recent call last):
  File "/root/QuestionInsight/Etapa_1/codebench-mining-tool/util.py", line 633, in extract_token_metrics
    setattr(obj, TOKEN_NAMES[k], v)
                 ~~~~~~~~~~~^^^
KeyError: 55
2025-08-18 19:37:00,887 cblogger [ERROR]: 		Error while extracting code complexity metrics: invalid syntax. Perhaps you forgot a comma? (<unknown>, line 1)
Traceback (most recent call last):
  File "/root/QuestionInsight/Etapa_1/codebench-mining-tool/util.py", line 551, in extract_complexity_metrics
    v = ComplexityVisitor.from_code(code)
        ^^^^^^^^^^^^^^^^^^^^^^^^^^^^^^^^^
  File "/root/QuestionInsight/.venv/lib/python3.12/site-packages/radon/visitors.py", line 133, in from_code
    return cls.from_ast(code2ast(code), **kwargs)
                        ^^^^^^^^^^^^^^
  File "/root/QuestionInsight/.venv/lib/python3.12/site-packages/radon/visitors.py", line 48, in code2ast
    return ast.parse(source)
           ^^^^^^^^^^^^^^^^^
  File "/usr/lib/python3.12/ast.py", line 52, in parse
    return compile(source, filename, mode, flags,
           ^^^^^^^^^^^^^^^^^^^^^^^^^^^^^^^^^^^^^^
  File "<unknown>", line 1
    print(digite um valor)
          ^^^^^^^^^
SyntaxError: invalid syntax. Perhaps you forgot a comma?
2025-08-18 19:37:00,889 cblogger [ERROR]: 		Error while extracting halsted code metrics: invalid syntax. Perhaps you forgot a comma? (<unknown>, line 1)
Traceback (most recent call last):
  File "/root/QuestionInsight/Etapa_1/codebench-mining-tool/util.py", line 569, in extract_halstead_metrics
    h = h_visit(code)
        ^^^^^^^^^^^^^
  File "/root/QuestionInsight/.venv/lib/python3.12/site-packages/radon/metrics.py", line 29, in h_visit
    return h_visit_ast(ast.parse(code))
                       ^^^^^^^^^^^^^^^
  File "/usr/lib/python3.12/ast.py", line 52, in parse
    return compile(source, filename, mode, flags,
           ^^^^^^^^^^^^^^^^^^^^^^^^^^^^^^^^^^^^^^
  File "<unknown>", line 1
    print(digite um valor)
          ^^^^^^^^^
SyntaxError: invalid syntax. Perhaps you forgot a comma?
2025-08-18 19:37:01,079 cblogger [ERROR]: 		Error while extracting code complexity metrics: invalid syntax (<unknown>, line 1)
Traceback (most recent call last):
  File "/root/QuestionInsight/Etapa_1/codebench-mining-tool/util.py", line 551, in extract_complexity_metrics
    v = ComplexityVisitor.from_code(code)
        ^^^^^^^^^^^^^^^^^^^^^^^^^^^^^^^^^
  File "/root/QuestionInsight/.venv/lib/python3.12/site-packages/radon/visitors.py", line 133, in from_code
    return cls.from_ast(code2ast(code), **kwargs)
                        ^^^^^^^^^^^^^^
  File "/root/QuestionInsight/.venv/lib/python3.12/site-packages/radon/visitors.py", line 48, in code2ast
    return ast.parse(source)
           ^^^^^^^^^^^^^^^^^
  File "/usr/lib/python3.12/ast.py", line 52, in parse
    return compile(source, filename, mode, flags,
           ^^^^^^^^^^^^^^^^^^^^^^^^^^^^^^^^^^^^^^
  File "<unknown>", line 1
    raio r= float()
         ^
SyntaxError: invalid syntax
2025-08-18 19:37:01,086 cblogger [ERROR]: 		Error while extracting halsted code metrics: invalid syntax (<unknown>, line 1)
Traceback (most recent call last):
  File "/root/QuestionInsight/Etapa_1/codebench-mining-tool/util.py", line 569, in extract_halstead_metrics
    h = h_visit(code)
        ^^^^^^^^^^^^^
  File "/root/QuestionInsight/.venv/lib/python3.12/site-packages/radon/metrics.py", line 29, in h_visit
    return h_visit_ast(ast.parse(code))
                       ^^^^^^^^^^^^^^^
  File "/usr/lib/python3.12/ast.py", line 52, in parse
    return compile(source, filename, mode, flags,
           ^^^^^^^^^^^^^^^^^^^^^^^^^^^^^^^^^^^^^^
  File "<unknown>", line 1
    raio r= float()
         ^
SyntaxError: invalid syntax
2025-08-18 19:37:01,099 cblogger [ERROR]: 		Error while extracting code complexity metrics: invalid syntax (<unknown>, line 8)
Traceback (most recent call last):
  File "/root/QuestionInsight/Etapa_1/codebench-mining-tool/util.py", line 551, in extract_complexity_metrics
    v = ComplexityVisitor.from_code(code)
        ^^^^^^^^^^^^^^^^^^^^^^^^^^^^^^^^^
  File "/root/QuestionInsight/.venv/lib/python3.12/site-packages/radon/visitors.py", line 133, in from_code
    return cls.from_ast(code2ast(code), **kwargs)
                        ^^^^^^^^^^^^^^
  File "/root/QuestionInsight/.venv/lib/python3.12/site-packages/radon/visitors.py", line 48, in code2ast
    return ast.parse(source)
           ^^^^^^^^^^^^^^^^^
  File "/usr/lib/python3.12/ast.py", line 52, in parse
    return compile(source, filename, mode, flags,
           ^^^^^^^^^^^^^^^^^^^^^^^^^^^^^^^^^^^^^^
  File "<unknown>", line 8
    total = 
            ^
SyntaxError: invalid syntax
2025-08-18 19:37:01,100 cblogger [ERROR]: 		Error while extracting halsted code metrics: invalid syntax (<unknown>, line 8)
Traceback (most recent call last):
  File "/root/QuestionInsight/Etapa_1/codebench-mining-tool/util.py", line 569, in extract_halstead_metrics
    h = h_visit(code)
        ^^^^^^^^^^^^^
  File "/root/QuestionInsight/.venv/lib/python3.12/site-packages/radon/metrics.py", line 29, in h_visit
    return h_visit_ast(ast.parse(code))
                       ^^^^^^^^^^^^^^^
  File "/usr/lib/python3.12/ast.py", line 52, in parse
    return compile(source, filename, mode, flags,
           ^^^^^^^^^^^^^^^^^^^^^^^^^^^^^^^^^^^^^^
  File "<unknown>", line 8
    total = 
            ^
SyntaxError: invalid syntax
2025-08-18 19:37:01,471 cblogger [ERROR]: 		Error while extracting code complexity metrics: '(' was never closed (<unknown>, line 6)
Traceback (most recent call last):
  File "/root/QuestionInsight/Etapa_1/codebench-mining-tool/util.py", line 551, in extract_complexity_metrics
    v = ComplexityVisitor.from_code(code)
        ^^^^^^^^^^^^^^^^^^^^^^^^^^^^^^^^^
  File "/root/QuestionInsight/.venv/lib/python3.12/site-packages/radon/visitors.py", line 133, in from_code
    return cls.from_ast(code2ast(code), **kwargs)
                        ^^^^^^^^^^^^^^
  File "/root/QuestionInsight/.venv/lib/python3.12/site-packages/radon/visitors.py", line 48, in code2ast
    return ast.parse(source)
           ^^^^^^^^^^^^^^^^^
  File "/usr/lib/python3.12/ast.py", line 52, in parse
    return compile(source, filename, mode, flags,
           ^^^^^^^^^^^^^^^^^^^^^^^^^^^^^^^^^^^^^^
  File "<unknown>", line 6
    print(round(x,2)
         ^
SyntaxError: '(' was never closed
2025-08-18 19:37:01,471 cblogger [ERROR]: 		Error while extracting code size based metrics: SyntaxError at line: 6
Traceback (most recent call last):
  File "/root/QuestionInsight/.venv/lib/python3.12/site-packages/radon/raw.py", line 210, in analyze
    tokens, parsed_lines = _get_all_tokens(line, lines)
                           ^^^^^^^^^^^^^^^^^^^^^^^^^^^^
  File "/root/QuestionInsight/.venv/lib/python3.12/site-packages/radon/raw.py", line 117, in _get_all_tokens
    next_line = next(lines)
                ^^^^^^^^^^^
StopIteration

During handling of the above exception, another exception occurred:

Traceback (most recent call last):
  File "/root/QuestionInsight/Etapa_1/codebench-mining-tool/util.py", line 560, in extract_size_metrics
    a = analyze(code)
        ^^^^^^^^^^^^^
  File "/root/QuestionInsight/.venv/lib/python3.12/site-packages/radon/raw.py", line 212, in analyze
    raise SyntaxError('SyntaxError at line: {0}'.format(lineno))
SyntaxError: SyntaxError at line: 6
2025-08-18 19:37:01,472 cblogger [ERROR]: 		Error while extracting halsted code metrics: '(' was never closed (<unknown>, line 6)
Traceback (most recent call last):
  File "/root/QuestionInsight/Etapa_1/codebench-mining-tool/util.py", line 569, in extract_halstead_metrics
    h = h_visit(code)
        ^^^^^^^^^^^^^
  File "/root/QuestionInsight/.venv/lib/python3.12/site-packages/radon/metrics.py", line 29, in h_visit
    return h_visit_ast(ast.parse(code))
                       ^^^^^^^^^^^^^^^
  File "/usr/lib/python3.12/ast.py", line 52, in parse
    return compile(source, filename, mode, flags,
           ^^^^^^^^^^^^^^^^^^^^^^^^^^^^^^^^^^^^^^
  File "<unknown>", line 6
    print(round(x,2)
         ^
SyntaxError: '(' was never closed
2025-08-18 19:37:01,485 cblogger [ERROR]: 		Error while extracting code complexity metrics: unexpected indent (<unknown>, line 4)
Traceback (most recent call last):
  File "/root/QuestionInsight/Etapa_1/codebench-mining-tool/util.py", line 551, in extract_complexity_metrics
    v = ComplexityVisitor.from_code(code)
        ^^^^^^^^^^^^^^^^^^^^^^^^^^^^^^^^^
  File "/root/QuestionInsight/.venv/lib/python3.12/site-packages/radon/visitors.py", line 133, in from_code
    return cls.from_ast(code2ast(code), **kwargs)
                        ^^^^^^^^^^^^^^
  File "/root/QuestionInsight/.venv/lib/python3.12/site-packages/radon/visitors.py", line 48, in code2ast
    return ast.parse(source)
           ^^^^^^^^^^^^^^^^^
  File "/usr/lib/python3.12/ast.py", line 52, in parse
    return compile(source, filename, mode, flags,
           ^^^^^^^^^^^^^^^^^^^^^^^^^^^^^^^^^^^^^^
  File "<unknown>", line 4
    from math import*
IndentationError: unexpected indent
2025-08-18 19:37:01,486 cblogger [ERROR]: 		Error while extracting code size based metrics: SyntaxError at line: 5
Traceback (most recent call last):
  File "/root/QuestionInsight/.venv/lib/python3.12/site-packages/radon/raw.py", line 210, in analyze
    tokens, parsed_lines = _get_all_tokens(line, lines)
                           ^^^^^^^^^^^^^^^^^^^^^^^^^^^^
  File "/root/QuestionInsight/.venv/lib/python3.12/site-packages/radon/raw.py", line 117, in _get_all_tokens
    next_line = next(lines)
                ^^^^^^^^^^^
StopIteration

During handling of the above exception, another exception occurred:

Traceback (most recent call last):
  File "/root/QuestionInsight/Etapa_1/codebench-mining-tool/util.py", line 560, in extract_size_metrics
    a = analyze(code)
        ^^^^^^^^^^^^^
  File "/root/QuestionInsight/.venv/lib/python3.12/site-packages/radon/raw.py", line 212, in analyze
    raise SyntaxError('SyntaxError at line: {0}'.format(lineno))
SyntaxError: SyntaxError at line: 5
2025-08-18 19:37:01,487 cblogger [ERROR]: 		Error while extracting halsted code metrics: unexpected indent (<unknown>, line 4)
Traceback (most recent call last):
  File "/root/QuestionInsight/Etapa_1/codebench-mining-tool/util.py", line 569, in extract_halstead_metrics
    h = h_visit(code)
        ^^^^^^^^^^^^^
  File "/root/QuestionInsight/.venv/lib/python3.12/site-packages/radon/metrics.py", line 29, in h_visit
    return h_visit_ast(ast.parse(code))
                       ^^^^^^^^^^^^^^^
  File "/usr/lib/python3.12/ast.py", line 52, in parse
    return compile(source, filename, mode, flags,
           ^^^^^^^^^^^^^^^^^^^^^^^^^^^^^^^^^^^^^^
  File "<unknown>", line 4
    from math import*
IndentationError: unexpected indent
2025-08-18 19:37:01,492 cblogger [ERROR]: 		Error while extracting code complexity metrics: '(' was never closed (<unknown>, line 1)
Traceback (most recent call last):
  File "/root/QuestionInsight/Etapa_1/codebench-mining-tool/util.py", line 551, in extract_complexity_metrics
    v = ComplexityVisitor.from_code(code)
        ^^^^^^^^^^^^^^^^^^^^^^^^^^^^^^^^^
  File "/root/QuestionInsight/.venv/lib/python3.12/site-packages/radon/visitors.py", line 133, in from_code
    return cls.from_ast(code2ast(code), **kwargs)
                        ^^^^^^^^^^^^^^
  File "/root/QuestionInsight/.venv/lib/python3.12/site-packages/radon/visitors.py", line 48, in code2ast
    return ast.parse(source)
           ^^^^^^^^^^^^^^^^^
  File "/usr/lib/python3.12/ast.py", line 52, in parse
    return compile(source, filename, mode, flags,
           ^^^^^^^^^^^^^^^^^^^^^^^^^^^^^^^^^^^^^^
  File "<unknown>", line 1
    var1= int(input("difite o valor de 4 d")
             ^
SyntaxError: '(' was never closed
2025-08-18 19:37:01,493 cblogger [ERROR]: 		Error while extracting code size based metrics: SyntaxError at line: 1
Traceback (most recent call last):
  File "/root/QuestionInsight/.venv/lib/python3.12/site-packages/radon/raw.py", line 210, in analyze
    tokens, parsed_lines = _get_all_tokens(line, lines)
                           ^^^^^^^^^^^^^^^^^^^^^^^^^^^^
  File "/root/QuestionInsight/.venv/lib/python3.12/site-packages/radon/raw.py", line 117, in _get_all_tokens
    next_line = next(lines)
                ^^^^^^^^^^^
StopIteration

During handling of the above exception, another exception occurred:

Traceback (most recent call last):
  File "/root/QuestionInsight/Etapa_1/codebench-mining-tool/util.py", line 560, in extract_size_metrics
    a = analyze(code)
        ^^^^^^^^^^^^^
  File "/root/QuestionInsight/.venv/lib/python3.12/site-packages/radon/raw.py", line 212, in analyze
    raise SyntaxError('SyntaxError at line: {0}'.format(lineno))
SyntaxError: SyntaxError at line: 1
2025-08-18 19:37:01,493 cblogger [ERROR]: 		Error while extracting halsted code metrics: '(' was never closed (<unknown>, line 1)
Traceback (most recent call last):
  File "/root/QuestionInsight/Etapa_1/codebench-mining-tool/util.py", line 569, in extract_halstead_metrics
    h = h_visit(code)
        ^^^^^^^^^^^^^
  File "/root/QuestionInsight/.venv/lib/python3.12/site-packages/radon/metrics.py", line 29, in h_visit
    return h_visit_ast(ast.parse(code))
                       ^^^^^^^^^^^^^^^
  File "/usr/lib/python3.12/ast.py", line 52, in parse
    return compile(source, filename, mode, flags,
           ^^^^^^^^^^^^^^^^^^^^^^^^^^^^^^^^^^^^^^
  File "<unknown>", line 1
    var1= int(input("difite o valor de 4 d")
             ^
SyntaxError: '(' was never closed
2025-08-18 19:37:01,767 cblogger [ERROR]: 		Error while extracting code complexity metrics: '(' was never closed (<unknown>, line 6)
Traceback (most recent call last):
  File "/root/QuestionInsight/Etapa_1/codebench-mining-tool/util.py", line 551, in extract_complexity_metrics
    v = ComplexityVisitor.from_code(code)
        ^^^^^^^^^^^^^^^^^^^^^^^^^^^^^^^^^
  File "/root/QuestionInsight/.venv/lib/python3.12/site-packages/radon/visitors.py", line 133, in from_code
    return cls.from_ast(code2ast(code), **kwargs)
                        ^^^^^^^^^^^^^^
  File "/root/QuestionInsight/.venv/lib/python3.12/site-packages/radon/visitors.py", line 48, in code2ast
    return ast.parse(source)
           ^^^^^^^^^^^^^^^^^
  File "/usr/lib/python3.12/ast.py", line 52, in parse
    return compile(source, filename, mode, flags,
           ^^^^^^^^^^^^^^^^^^^^^^^^^^^^^^^^^^^^^^
  File "<unknown>", line 6
    print=(round(total,n)
          ^
SyntaxError: '(' was never closed
2025-08-18 19:37:01,768 cblogger [ERROR]: 		Error while extracting code size based metrics: SyntaxError at line: 6
Traceback (most recent call last):
  File "/root/QuestionInsight/.venv/lib/python3.12/site-packages/radon/raw.py", line 210, in analyze
    tokens, parsed_lines = _get_all_tokens(line, lines)
                           ^^^^^^^^^^^^^^^^^^^^^^^^^^^^
  File "/root/QuestionInsight/.venv/lib/python3.12/site-packages/radon/raw.py", line 117, in _get_all_tokens
    next_line = next(lines)
                ^^^^^^^^^^^
StopIteration

During handling of the above exception, another exception occurred:

Traceback (most recent call last):
  File "/root/QuestionInsight/Etapa_1/codebench-mining-tool/util.py", line 560, in extract_size_metrics
    a = analyze(code)
        ^^^^^^^^^^^^^
  File "/root/QuestionInsight/.venv/lib/python3.12/site-packages/radon/raw.py", line 212, in analyze
    raise SyntaxError('SyntaxError at line: {0}'.format(lineno))
SyntaxError: SyntaxError at line: 6
2025-08-18 19:37:01,769 cblogger [ERROR]: 		Error while extracting halsted code metrics: '(' was never closed (<unknown>, line 6)
Traceback (most recent call last):
  File "/root/QuestionInsight/Etapa_1/codebench-mining-tool/util.py", line 569, in extract_halstead_metrics
    h = h_visit(code)
        ^^^^^^^^^^^^^
  File "/root/QuestionInsight/.venv/lib/python3.12/site-packages/radon/metrics.py", line 29, in h_visit
    return h_visit_ast(ast.parse(code))
                       ^^^^^^^^^^^^^^^
  File "/usr/lib/python3.12/ast.py", line 52, in parse
    return compile(source, filename, mode, flags,
           ^^^^^^^^^^^^^^^^^^^^^^^^^^^^^^^^^^^^^^
  File "<unknown>", line 6
    print=(round(total,n)
          ^
SyntaxError: '(' was never closed
2025-08-18 19:37:01,874 cblogger [ERROR]: 		Error while extracting code complexity metrics: invalid syntax (<unknown>, line 5)
Traceback (most recent call last):
  File "/root/QuestionInsight/Etapa_1/codebench-mining-tool/util.py", line 551, in extract_complexity_metrics
    v = ComplexityVisitor.from_code(code)
        ^^^^^^^^^^^^^^^^^^^^^^^^^^^^^^^^^
  File "/root/QuestionInsight/.venv/lib/python3.12/site-packages/radon/visitors.py", line 133, in from_code
    return cls.from_ast(code2ast(code), **kwargs)
                        ^^^^^^^^^^^^^^
  File "/root/QuestionInsight/.venv/lib/python3.12/site-packages/radon/visitors.py", line 48, in code2ast
    return ast.parse(source)
           ^^^^^^^^^^^^^^^^^
  File "/usr/lib/python3.12/ast.py", line 52, in parse
    return compile(source, filename, mode, flags,
           ^^^^^^^^^^^^^^^^^^^^^^^^^^^^^^^^^^^^^^
  File "<unknown>", line 5
    else:
    ^^^^
SyntaxError: invalid syntax
2025-08-18 19:37:01,876 cblogger [ERROR]: 		Error while extracting code size based metrics: SyntaxError at line: 4
Traceback (most recent call last):
  File "/root/QuestionInsight/.venv/lib/python3.12/site-packages/radon/raw.py", line 210, in analyze
    tokens, parsed_lines = _get_all_tokens(line, lines)
                           ^^^^^^^^^^^^^^^^^^^^^^^^^^^^
  File "/root/QuestionInsight/.venv/lib/python3.12/site-packages/radon/raw.py", line 117, in _get_all_tokens
    next_line = next(lines)
                ^^^^^^^^^^^
StopIteration

During handling of the above exception, another exception occurred:

Traceback (most recent call last):
  File "/root/QuestionInsight/Etapa_1/codebench-mining-tool/util.py", line 560, in extract_size_metrics
    a = analyze(code)
        ^^^^^^^^^^^^^
  File "/root/QuestionInsight/.venv/lib/python3.12/site-packages/radon/raw.py", line 212, in analyze
    raise SyntaxError('SyntaxError at line: {0}'.format(lineno))
SyntaxError: SyntaxError at line: 4
2025-08-18 19:37:01,877 cblogger [ERROR]: 		Error while extracting halsted code metrics: invalid syntax (<unknown>, line 5)
Traceback (most recent call last):
  File "/root/QuestionInsight/Etapa_1/codebench-mining-tool/util.py", line 569, in extract_halstead_metrics
    h = h_visit(code)
        ^^^^^^^^^^^^^
  File "/root/QuestionInsight/.venv/lib/python3.12/site-packages/radon/metrics.py", line 29, in h_visit
    return h_visit_ast(ast.parse(code))
                       ^^^^^^^^^^^^^^^
  File "/usr/lib/python3.12/ast.py", line 52, in parse
    return compile(source, filename, mode, flags,
           ^^^^^^^^^^^^^^^^^^^^^^^^^^^^^^^^^^^^^^
  File "<unknown>", line 5
    else:
    ^^^^
SyntaxError: invalid syntax
2025-08-18 19:37:01,885 cblogger [ERROR]: 		Error while extracting code complexity metrics: '(' was never closed (<unknown>, line 3)
Traceback (most recent call last):
  File "/root/QuestionInsight/Etapa_1/codebench-mining-tool/util.py", line 551, in extract_complexity_metrics
    v = ComplexityVisitor.from_code(code)
        ^^^^^^^^^^^^^^^^^^^^^^^^^^^^^^^^^
  File "/root/QuestionInsight/.venv/lib/python3.12/site-packages/radon/visitors.py", line 133, in from_code
    return cls.from_ast(code2ast(code), **kwargs)
                        ^^^^^^^^^^^^^^
  File "/root/QuestionInsight/.venv/lib/python3.12/site-packages/radon/visitors.py", line 48, in code2ast
    return ast.parse(source)
           ^^^^^^^^^^^^^^^^^
  File "/usr/lib/python3.12/ast.py", line 52, in parse
    return compile(source, filename, mode, flags,
           ^^^^^^^^^^^^^^^^^^^^^^^^^^^^^^^^^^^^^^
  File "<unknown>", line 3
    x = 1 - (factorial(365)/factorial(365 - n)) * (1/(365**n) 
                                                  ^
SyntaxError: '(' was never closed
2025-08-18 19:37:01,886 cblogger [ERROR]: 		Error while extracting code size based metrics: SyntaxError at line: 3
Traceback (most recent call last):
  File "/root/QuestionInsight/.venv/lib/python3.12/site-packages/radon/raw.py", line 210, in analyze
    tokens, parsed_lines = _get_all_tokens(line, lines)
                           ^^^^^^^^^^^^^^^^^^^^^^^^^^^^
  File "/root/QuestionInsight/.venv/lib/python3.12/site-packages/radon/raw.py", line 117, in _get_all_tokens
    next_line = next(lines)
                ^^^^^^^^^^^
StopIteration

During handling of the above exception, another exception occurred:

Traceback (most recent call last):
  File "/root/QuestionInsight/Etapa_1/codebench-mining-tool/util.py", line 560, in extract_size_metrics
    a = analyze(code)
        ^^^^^^^^^^^^^
  File "/root/QuestionInsight/.venv/lib/python3.12/site-packages/radon/raw.py", line 212, in analyze
    raise SyntaxError('SyntaxError at line: {0}'.format(lineno))
SyntaxError: SyntaxError at line: 3
2025-08-18 19:37:01,886 cblogger [ERROR]: 		Error while extracting halsted code metrics: '(' was never closed (<unknown>, line 3)
Traceback (most recent call last):
  File "/root/QuestionInsight/Etapa_1/codebench-mining-tool/util.py", line 569, in extract_halstead_metrics
    h = h_visit(code)
        ^^^^^^^^^^^^^
  File "/root/QuestionInsight/.venv/lib/python3.12/site-packages/radon/metrics.py", line 29, in h_visit
    return h_visit_ast(ast.parse(code))
                       ^^^^^^^^^^^^^^^
  File "/usr/lib/python3.12/ast.py", line 52, in parse
    return compile(source, filename, mode, flags,
           ^^^^^^^^^^^^^^^^^^^^^^^^^^^^^^^^^^^^^^
  File "<unknown>", line 3
    x = 1 - (factorial(365)/factorial(365 - n)) * (1/(365**n) 
                                                  ^
SyntaxError: '(' was never closed
2025-08-18 19:37:01,948 cblogger [ERROR]: 		Error while extracting code complexity metrics: invalid syntax (<unknown>, line 7)
Traceback (most recent call last):
  File "/root/QuestionInsight/Etapa_1/codebench-mining-tool/util.py", line 551, in extract_complexity_metrics
    v = ComplexityVisitor.from_code(code)
        ^^^^^^^^^^^^^^^^^^^^^^^^^^^^^^^^^
  File "/root/QuestionInsight/.venv/lib/python3.12/site-packages/radon/visitors.py", line 133, in from_code
    return cls.from_ast(code2ast(code), **kwargs)
                        ^^^^^^^^^^^^^^
  File "/root/QuestionInsight/.venv/lib/python3.12/site-packages/radon/visitors.py", line 48, in code2ast
    return ast.parse(source)
           ^^^^^^^^^^^^^^^^^
  File "/usr/lib/python3.12/ast.py", line 52, in parse
    return compile(source, filename, mode, flags,
           ^^^^^^^^^^^^^^^^^^^^^^^^^^^^^^^^^^^^^^
  File "<unknown>", line 7
    if (num: 2 == 0)
           ^
SyntaxError: invalid syntax
2025-08-18 19:37:01,949 cblogger [ERROR]: 		Error while extracting halsted code metrics: invalid syntax (<unknown>, line 7)
Traceback (most recent call last):
  File "/root/QuestionInsight/Etapa_1/codebench-mining-tool/util.py", line 569, in extract_halstead_metrics
    h = h_visit(code)
        ^^^^^^^^^^^^^
  File "/root/QuestionInsight/.venv/lib/python3.12/site-packages/radon/metrics.py", line 29, in h_visit
    return h_visit_ast(ast.parse(code))
                       ^^^^^^^^^^^^^^^
  File "/usr/lib/python3.12/ast.py", line 52, in parse
    return compile(source, filename, mode, flags,
           ^^^^^^^^^^^^^^^^^^^^^^^^^^^^^^^^^^^^^^
  File "<unknown>", line 7
    if (num: 2 == 0)
           ^
SyntaxError: invalid syntax
2025-08-18 19:37:02,044 cblogger [ERROR]: 		Error while extracting code complexity metrics: expected '(' (<unknown>, line 4)
Traceback (most recent call last):
  File "/root/QuestionInsight/Etapa_1/codebench-mining-tool/util.py", line 551, in extract_complexity_metrics
    v = ComplexityVisitor.from_code(code)
        ^^^^^^^^^^^^^^^^^^^^^^^^^^^^^^^^^
  File "/root/QuestionInsight/.venv/lib/python3.12/site-packages/radon/visitors.py", line 133, in from_code
    return cls.from_ast(code2ast(code), **kwargs)
                        ^^^^^^^^^^^^^^
  File "/root/QuestionInsight/.venv/lib/python3.12/site-packages/radon/visitors.py", line 48, in code2ast
    return ast.parse(source)
           ^^^^^^^^^^^^^^^^^
  File "/usr/lib/python3.12/ast.py", line 52, in parse
    return compile(source, filename, mode, flags,
           ^^^^^^^^^^^^^^^^^^^^^^^^^^^^^^^^^^^^^^
  File "<unknown>", line 4
    def distancia
                 ^
SyntaxError: expected '('
2025-08-18 19:37:02,044 cblogger [ERROR]: 		Error while extracting halsted code metrics: expected '(' (<unknown>, line 4)
Traceback (most recent call last):
  File "/root/QuestionInsight/Etapa_1/codebench-mining-tool/util.py", line 569, in extract_halstead_metrics
    h = h_visit(code)
        ^^^^^^^^^^^^^
  File "/root/QuestionInsight/.venv/lib/python3.12/site-packages/radon/metrics.py", line 29, in h_visit
    return h_visit_ast(ast.parse(code))
                       ^^^^^^^^^^^^^^^
  File "/usr/lib/python3.12/ast.py", line 52, in parse
    return compile(source, filename, mode, flags,
           ^^^^^^^^^^^^^^^^^^^^^^^^^^^^^^^^^^^^^^
  File "<unknown>", line 4
    def distancia
                 ^
SyntaxError: expected '('
2025-08-18 19:37:02,064 cblogger [ERROR]: 		Error while extracting code complexity metrics: unexpected indent (<unknown>, line 1)
Traceback (most recent call last):
  File "/root/QuestionInsight/Etapa_1/codebench-mining-tool/util.py", line 551, in extract_complexity_metrics
    v = ComplexityVisitor.from_code(code)
        ^^^^^^^^^^^^^^^^^^^^^^^^^^^^^^^^^
  File "/root/QuestionInsight/.venv/lib/python3.12/site-packages/radon/visitors.py", line 133, in from_code
    return cls.from_ast(code2ast(code), **kwargs)
                        ^^^^^^^^^^^^^^
  File "/root/QuestionInsight/.venv/lib/python3.12/site-packages/radon/visitors.py", line 48, in code2ast
    return ast.parse(source)
           ^^^^^^^^^^^^^^^^^
  File "/usr/lib/python3.12/ast.py", line 52, in parse
    return compile(source, filename, mode, flags,
           ^^^^^^^^^^^^^^^^^^^^^^^^^^^^^^^^^^^^^^
  File "<unknown>", line 1
    	def verificador(n):
    ^
IndentationError: unexpected indent
2025-08-18 19:37:02,065 cblogger [ERROR]: 		Error while extracting halsted code metrics: unexpected indent (<unknown>, line 1)
Traceback (most recent call last):
  File "/root/QuestionInsight/Etapa_1/codebench-mining-tool/util.py", line 569, in extract_halstead_metrics
    h = h_visit(code)
        ^^^^^^^^^^^^^
  File "/root/QuestionInsight/.venv/lib/python3.12/site-packages/radon/metrics.py", line 29, in h_visit
    return h_visit_ast(ast.parse(code))
                       ^^^^^^^^^^^^^^^
  File "/usr/lib/python3.12/ast.py", line 52, in parse
    return compile(source, filename, mode, flags,
           ^^^^^^^^^^^^^^^^^^^^^^^^^^^^^^^^^^^^^^
  File "<unknown>", line 1
    	def verificador(n):
    ^
IndentationError: unexpected indent
2025-08-18 19:37:02,103 cblogger [ERROR]: 		Error while extracting code complexity metrics: invalid syntax (<unknown>, line 1)
Traceback (most recent call last):
  File "/root/QuestionInsight/Etapa_1/codebench-mining-tool/util.py", line 551, in extract_complexity_metrics
    v = ComplexityVisitor.from_code(code)
        ^^^^^^^^^^^^^^^^^^^^^^^^^^^^^^^^^
  File "/root/QuestionInsight/.venv/lib/python3.12/site-packages/radon/visitors.py", line 133, in from_code
    return cls.from_ast(code2ast(code), **kwargs)
                        ^^^^^^^^^^^^^^
  File "/root/QuestionInsight/.venv/lib/python3.12/site-packages/radon/visitors.py", line 48, in code2ast
    return ast.parse(source)
           ^^^^^^^^^^^^^^^^^
  File "/usr/lib/python3.12/ast.py", line 52, in parse
    return compile(source, filename, mode, flags,
           ^^^^^^^^^^^^^^^^^^^^^^^^^^^^^^^^^^^^^^
  File "<unknown>", line 1
    from math 
              ^
SyntaxError: invalid syntax
2025-08-18 19:37:02,103 cblogger [ERROR]: 		Error while extracting halsted code metrics: invalid syntax (<unknown>, line 1)
Traceback (most recent call last):
  File "/root/QuestionInsight/Etapa_1/codebench-mining-tool/util.py", line 569, in extract_halstead_metrics
    h = h_visit(code)
        ^^^^^^^^^^^^^
  File "/root/QuestionInsight/.venv/lib/python3.12/site-packages/radon/metrics.py", line 29, in h_visit
    return h_visit_ast(ast.parse(code))
                       ^^^^^^^^^^^^^^^
  File "/usr/lib/python3.12/ast.py", line 52, in parse
    return compile(source, filename, mode, flags,
           ^^^^^^^^^^^^^^^^^^^^^^^^^^^^^^^^^^^^^^
  File "<unknown>", line 1
    from math 
              ^
SyntaxError: invalid syntax
2025-08-18 19:37:02,257 cblogger [ERROR]: 		Error while extracting code complexity metrics: '(' was never closed (<unknown>, line 2)
Traceback (most recent call last):
  File "/root/QuestionInsight/Etapa_1/codebench-mining-tool/util.py", line 551, in extract_complexity_metrics
    v = ComplexityVisitor.from_code(code)
        ^^^^^^^^^^^^^^^^^^^^^^^^^^^^^^^^^
  File "/root/QuestionInsight/.venv/lib/python3.12/site-packages/radon/visitors.py", line 133, in from_code
    return cls.from_ast(code2ast(code), **kwargs)
                        ^^^^^^^^^^^^^^
  File "/root/QuestionInsight/.venv/lib/python3.12/site-packages/radon/visitors.py", line 48, in code2ast
    return ast.parse(source)
           ^^^^^^^^^^^^^^^^^
  File "/usr/lib/python3.12/ast.py", line 52, in parse
    return compile(source, filename, mode, flags,
           ^^^^^^^^^^^^^^^^^^^^^^^^^^^^^^^^^^^^^^
  File "<unknown>", line 2
    pgt = float(input("digite o pagamento: ")
               ^
SyntaxError: '(' was never closed
2025-08-18 19:37:02,258 cblogger [ERROR]: 		Error while extracting code size based metrics: SyntaxError at line: 2
Traceback (most recent call last):
  File "/root/QuestionInsight/.venv/lib/python3.12/site-packages/radon/raw.py", line 210, in analyze
    tokens, parsed_lines = _get_all_tokens(line, lines)
                           ^^^^^^^^^^^^^^^^^^^^^^^^^^^^
  File "/root/QuestionInsight/.venv/lib/python3.12/site-packages/radon/raw.py", line 117, in _get_all_tokens
    next_line = next(lines)
                ^^^^^^^^^^^
StopIteration

During handling of the above exception, another exception occurred:

Traceback (most recent call last):
  File "/root/QuestionInsight/Etapa_1/codebench-mining-tool/util.py", line 560, in extract_size_metrics
    a = analyze(code)
        ^^^^^^^^^^^^^
  File "/root/QuestionInsight/.venv/lib/python3.12/site-packages/radon/raw.py", line 212, in analyze
    raise SyntaxError('SyntaxError at line: {0}'.format(lineno))
SyntaxError: SyntaxError at line: 2
2025-08-18 19:37:02,259 cblogger [ERROR]: 		Error while extracting halsted code metrics: '(' was never closed (<unknown>, line 2)
Traceback (most recent call last):
  File "/root/QuestionInsight/Etapa_1/codebench-mining-tool/util.py", line 569, in extract_halstead_metrics
    h = h_visit(code)
        ^^^^^^^^^^^^^
  File "/root/QuestionInsight/.venv/lib/python3.12/site-packages/radon/metrics.py", line 29, in h_visit
    return h_visit_ast(ast.parse(code))
                       ^^^^^^^^^^^^^^^
  File "/usr/lib/python3.12/ast.py", line 52, in parse
    return compile(source, filename, mode, flags,
           ^^^^^^^^^^^^^^^^^^^^^^^^^^^^^^^^^^^^^^
  File "<unknown>", line 2
    pgt = float(input("digite o pagamento: ")
               ^
SyntaxError: '(' was never closed
2025-08-18 19:37:02,277 cblogger [ERROR]: 		Error while extracting code complexity metrics: invalid syntax (<unknown>, line 6)
Traceback (most recent call last):
  File "/root/QuestionInsight/Etapa_1/codebench-mining-tool/util.py", line 551, in extract_complexity_metrics
    v = ComplexityVisitor.from_code(code)
        ^^^^^^^^^^^^^^^^^^^^^^^^^^^^^^^^^
  File "/root/QuestionInsight/.venv/lib/python3.12/site-packages/radon/visitors.py", line 133, in from_code
    return cls.from_ast(code2ast(code), **kwargs)
                        ^^^^^^^^^^^^^^
  File "/root/QuestionInsight/.venv/lib/python3.12/site-packages/radon/visitors.py", line 48, in code2ast
    return ast.parse(source)
           ^^^^^^^^^^^^^^^^^
  File "/usr/lib/python3.12/ast.py", line 52, in parse
    return compile(source, filename, mode, flags,
           ^^^^^^^^^^^^^^^^^^^^^^^^^^^^^^^^^^^^^^
  File "<unknown>", line 6
    v1 = 
         ^
SyntaxError: invalid syntax
2025-08-18 19:37:02,278 cblogger [ERROR]: 		Error while extracting halsted code metrics: invalid syntax (<unknown>, line 6)
Traceback (most recent call last):
  File "/root/QuestionInsight/Etapa_1/codebench-mining-tool/util.py", line 569, in extract_halstead_metrics
    h = h_visit(code)
        ^^^^^^^^^^^^^
  File "/root/QuestionInsight/.venv/lib/python3.12/site-packages/radon/metrics.py", line 29, in h_visit
    return h_visit_ast(ast.parse(code))
                       ^^^^^^^^^^^^^^^
  File "/usr/lib/python3.12/ast.py", line 52, in parse
    return compile(source, filename, mode, flags,
           ^^^^^^^^^^^^^^^^^^^^^^^^^^^^^^^^^^^^^^
  File "<unknown>", line 6
    v1 = 
         ^
SyntaxError: invalid syntax
2025-08-18 19:37:02,370 cblogger [ERROR]: 		Error while extracting code complexity metrics: '(' was never closed (<unknown>, line 5)
Traceback (most recent call last):
  File "/root/QuestionInsight/Etapa_1/codebench-mining-tool/util.py", line 551, in extract_complexity_metrics
    v = ComplexityVisitor.from_code(code)
        ^^^^^^^^^^^^^^^^^^^^^^^^^^^^^^^^^
  File "/root/QuestionInsight/.venv/lib/python3.12/site-packages/radon/visitors.py", line 133, in from_code
    return cls.from_ast(code2ast(code), **kwargs)
                        ^^^^^^^^^^^^^^
  File "/root/QuestionInsight/.venv/lib/python3.12/site-packages/radon/visitors.py", line 48, in code2ast
    return ast.parse(source)
           ^^^^^^^^^^^^^^^^^
  File "/usr/lib/python3.12/ast.py", line 52, in parse
    return compile(source, filename, mode, flags,
           ^^^^^^^^^^^^^^^^^^^^^^^^^^^^^^^^^^^^^^
  File "<unknown>", line 5
    var = (input("45*8")
          ^
SyntaxError: '(' was never closed
2025-08-18 19:37:02,371 cblogger [ERROR]: 		Error while extracting code size based metrics: SyntaxError at line: 5
Traceback (most recent call last):
  File "/root/QuestionInsight/.venv/lib/python3.12/site-packages/radon/raw.py", line 210, in analyze
    tokens, parsed_lines = _get_all_tokens(line, lines)
                           ^^^^^^^^^^^^^^^^^^^^^^^^^^^^
  File "/root/QuestionInsight/.venv/lib/python3.12/site-packages/radon/raw.py", line 117, in _get_all_tokens
    next_line = next(lines)
                ^^^^^^^^^^^
StopIteration

During handling of the above exception, another exception occurred:

Traceback (most recent call last):
  File "/root/QuestionInsight/Etapa_1/codebench-mining-tool/util.py", line 560, in extract_size_metrics
    a = analyze(code)
        ^^^^^^^^^^^^^
  File "/root/QuestionInsight/.venv/lib/python3.12/site-packages/radon/raw.py", line 212, in analyze
    raise SyntaxError('SyntaxError at line: {0}'.format(lineno))
SyntaxError: SyntaxError at line: 5
2025-08-18 19:37:02,371 cblogger [ERROR]: 		Error while extracting halsted code metrics: '(' was never closed (<unknown>, line 5)
Traceback (most recent call last):
  File "/root/QuestionInsight/Etapa_1/codebench-mining-tool/util.py", line 569, in extract_halstead_metrics
    h = h_visit(code)
        ^^^^^^^^^^^^^
  File "/root/QuestionInsight/.venv/lib/python3.12/site-packages/radon/metrics.py", line 29, in h_visit
    return h_visit_ast(ast.parse(code))
                       ^^^^^^^^^^^^^^^
  File "/usr/lib/python3.12/ast.py", line 52, in parse
    return compile(source, filename, mode, flags,
           ^^^^^^^^^^^^^^^^^^^^^^^^^^^^^^^^^^^^^^
  File "<unknown>", line 5
    var = (input("45*8")
          ^
SyntaxError: '(' was never closed
2025-08-18 19:37:02,415 cblogger [ERROR]: 		Error while extracting code complexity metrics: invalid syntax (<unknown>, line 3)
Traceback (most recent call last):
  File "/root/QuestionInsight/Etapa_1/codebench-mining-tool/util.py", line 551, in extract_complexity_metrics
    v = ComplexityVisitor.from_code(code)
        ^^^^^^^^^^^^^^^^^^^^^^^^^^^^^^^^^
  File "/root/QuestionInsight/.venv/lib/python3.12/site-packages/radon/visitors.py", line 133, in from_code
    return cls.from_ast(code2ast(code), **kwargs)
                        ^^^^^^^^^^^^^^
  File "/root/QuestionInsight/.venv/lib/python3.12/site-packages/radon/visitors.py", line 48, in code2ast
    return ast.parse(source)
           ^^^^^^^^^^^^^^^^^
  File "/usr/lib/python3.12/ast.py", line 52, in parse
    return compile(source, filename, mode, flags,
           ^^^^^^^^^^^^^^^^^^^^^^^^^^^^^^^^^^^^^^
  File "<unknown>", line 3
    print("eleitor"):
                    ^
SyntaxError: invalid syntax
2025-08-18 19:37:02,415 cblogger [ERROR]: 		Error while extracting halsted code metrics: invalid syntax (<unknown>, line 3)
Traceback (most recent call last):
  File "/root/QuestionInsight/Etapa_1/codebench-mining-tool/util.py", line 569, in extract_halstead_metrics
    h = h_visit(code)
        ^^^^^^^^^^^^^
  File "/root/QuestionInsight/.venv/lib/python3.12/site-packages/radon/metrics.py", line 29, in h_visit
    return h_visit_ast(ast.parse(code))
                       ^^^^^^^^^^^^^^^
  File "/usr/lib/python3.12/ast.py", line 52, in parse
    return compile(source, filename, mode, flags,
           ^^^^^^^^^^^^^^^^^^^^^^^^^^^^^^^^^^^^^^
  File "<unknown>", line 3
    print("eleitor"):
                    ^
SyntaxError: invalid syntax
2025-08-18 19:37:02,595 cblogger [ERROR]: 		Error while extracting code complexity metrics: expected an indented block after 'if' statement on line 4 (<unknown>, line 6)
Traceback (most recent call last):
  File "/root/QuestionInsight/Etapa_1/codebench-mining-tool/util.py", line 551, in extract_complexity_metrics
    v = ComplexityVisitor.from_code(code)
        ^^^^^^^^^^^^^^^^^^^^^^^^^^^^^^^^^
  File "/root/QuestionInsight/.venv/lib/python3.12/site-packages/radon/visitors.py", line 133, in from_code
    return cls.from_ast(code2ast(code), **kwargs)
                        ^^^^^^^^^^^^^^
  File "/root/QuestionInsight/.venv/lib/python3.12/site-packages/radon/visitors.py", line 48, in code2ast
    return ast.parse(source)
           ^^^^^^^^^^^^^^^^^
  File "/usr/lib/python3.12/ast.py", line 52, in parse
    return compile(source, filename, mode, flags,
           ^^^^^^^^^^^^^^^^^^^^^^^^^^^^^^^^^^^^^^
  File "<unknown>", line 6
    else:
    ^^^^
IndentationError: expected an indented block after 'if' statement on line 4
2025-08-18 19:37:02,595 cblogger [ERROR]: 		Error while extracting halsted code metrics: expected an indented block after 'if' statement on line 4 (<unknown>, line 6)
Traceback (most recent call last):
  File "/root/QuestionInsight/Etapa_1/codebench-mining-tool/util.py", line 569, in extract_halstead_metrics
    h = h_visit(code)
        ^^^^^^^^^^^^^
  File "/root/QuestionInsight/.venv/lib/python3.12/site-packages/radon/metrics.py", line 29, in h_visit
    return h_visit_ast(ast.parse(code))
                       ^^^^^^^^^^^^^^^
  File "/usr/lib/python3.12/ast.py", line 52, in parse
    return compile(source, filename, mode, flags,
           ^^^^^^^^^^^^^^^^^^^^^^^^^^^^^^^^^^^^^^
  File "<unknown>", line 6
    else:
    ^^^^
IndentationError: expected an indented block after 'if' statement on line 4
2025-08-18 19:37:02,609 cblogger [ERROR]: 		Error while extracting code complexity metrics: expected ':' (<unknown>, line 6)
Traceback (most recent call last):
  File "/root/QuestionInsight/Etapa_1/codebench-mining-tool/util.py", line 551, in extract_complexity_metrics
    v = ComplexityVisitor.from_code(code)
        ^^^^^^^^^^^^^^^^^^^^^^^^^^^^^^^^^
  File "/root/QuestionInsight/.venv/lib/python3.12/site-packages/radon/visitors.py", line 133, in from_code
    return cls.from_ast(code2ast(code), **kwargs)
                        ^^^^^^^^^^^^^^
  File "/root/QuestionInsight/.venv/lib/python3.12/site-packages/radon/visitors.py", line 48, in code2ast
    return ast.parse(source)
           ^^^^^^^^^^^^^^^^^
  File "/usr/lib/python3.12/ast.py", line 52, in parse
    return compile(source, filename, mode, flags,
           ^^^^^^^^^^^^^^^^^^^^^^^^^^^^^^^^^^^^^^
  File "<unknown>", line 6
    if(var)
           ^
SyntaxError: expected ':'
2025-08-18 19:37:02,610 cblogger [ERROR]: 		Error while extracting halsted code metrics: expected ':' (<unknown>, line 6)
Traceback (most recent call last):
  File "/root/QuestionInsight/Etapa_1/codebench-mining-tool/util.py", line 569, in extract_halstead_metrics
    h = h_visit(code)
        ^^^^^^^^^^^^^
  File "/root/QuestionInsight/.venv/lib/python3.12/site-packages/radon/metrics.py", line 29, in h_visit
    return h_visit_ast(ast.parse(code))
                       ^^^^^^^^^^^^^^^
  File "/usr/lib/python3.12/ast.py", line 52, in parse
    return compile(source, filename, mode, flags,
           ^^^^^^^^^^^^^^^^^^^^^^^^^^^^^^^^^^^^^^
  File "<unknown>", line 6
    if(var)
           ^
SyntaxError: expected ':'
2025-08-18 19:37:02,656 cblogger [ERROR]: 		Error while extracting code complexity metrics: invalid syntax (<unknown>, line 2)
Traceback (most recent call last):
  File "/root/QuestionInsight/Etapa_1/codebench-mining-tool/util.py", line 551, in extract_complexity_metrics
    v = ComplexityVisitor.from_code(code)
        ^^^^^^^^^^^^^^^^^^^^^^^^^^^^^^^^^
  File "/root/QuestionInsight/.venv/lib/python3.12/site-packages/radon/visitors.py", line 133, in from_code
    return cls.from_ast(code2ast(code), **kwargs)
                        ^^^^^^^^^^^^^^
  File "/root/QuestionInsight/.venv/lib/python3.12/site-packages/radon/visitors.py", line 48, in code2ast
    return ast.parse(source)
           ^^^^^^^^^^^^^^^^^
  File "/usr/lib/python3.12/ast.py", line 52, in parse
    return compile(source, filename, mode, flags,
           ^^^^^^^^^^^^^^^^^^^^^^^^^^^^^^^^^^^^^^
  File "<unknown>", line 2
    area = 
           ^
SyntaxError: invalid syntax
2025-08-18 19:37:02,656 cblogger [ERROR]: 		Error while extracting halsted code metrics: invalid syntax (<unknown>, line 2)
Traceback (most recent call last):
  File "/root/QuestionInsight/Etapa_1/codebench-mining-tool/util.py", line 569, in extract_halstead_metrics
    h = h_visit(code)
        ^^^^^^^^^^^^^
  File "/root/QuestionInsight/.venv/lib/python3.12/site-packages/radon/metrics.py", line 29, in h_visit
    return h_visit_ast(ast.parse(code))
                       ^^^^^^^^^^^^^^^
  File "/usr/lib/python3.12/ast.py", line 52, in parse
    return compile(source, filename, mode, flags,
           ^^^^^^^^^^^^^^^^^^^^^^^^^^^^^^^^^^^^^^
  File "<unknown>", line 2
    area = 
           ^
SyntaxError: invalid syntax
2025-08-18 19:37:02,657 cblogger [ERROR]: 		Error while extracting code complexity metrics: '(' was never closed (<unknown>, line 1)
Traceback (most recent call last):
  File "/root/QuestionInsight/Etapa_1/codebench-mining-tool/util.py", line 551, in extract_complexity_metrics
    v = ComplexityVisitor.from_code(code)
        ^^^^^^^^^^^^^^^^^^^^^^^^^^^^^^^^^
  File "/root/QuestionInsight/.venv/lib/python3.12/site-packages/radon/visitors.py", line 133, in from_code
    return cls.from_ast(code2ast(code), **kwargs)
                        ^^^^^^^^^^^^^^
  File "/root/QuestionInsight/.venv/lib/python3.12/site-packages/radon/visitors.py", line 48, in code2ast
    return ast.parse(source)
           ^^^^^^^^^^^^^^^^^
  File "/usr/lib/python3.12/ast.py", line 52, in parse
    return compile(source, filename, mode, flags,
           ^^^^^^^^^^^^^^^^^^^^^^^^^^^^^^^^^^^^^^
  File "<unknown>", line 1
    v = float(input("valor que deve ser pago:")
             ^
SyntaxError: '(' was never closed
2025-08-18 19:37:02,657 cblogger [ERROR]: 		Error while extracting code size based metrics: SyntaxError at line: 1
Traceback (most recent call last):
  File "/root/QuestionInsight/.venv/lib/python3.12/site-packages/radon/raw.py", line 210, in analyze
    tokens, parsed_lines = _get_all_tokens(line, lines)
                           ^^^^^^^^^^^^^^^^^^^^^^^^^^^^
  File "/root/QuestionInsight/.venv/lib/python3.12/site-packages/radon/raw.py", line 117, in _get_all_tokens
    next_line = next(lines)
                ^^^^^^^^^^^
StopIteration

During handling of the above exception, another exception occurred:

Traceback (most recent call last):
  File "/root/QuestionInsight/Etapa_1/codebench-mining-tool/util.py", line 560, in extract_size_metrics
    a = analyze(code)
        ^^^^^^^^^^^^^
  File "/root/QuestionInsight/.venv/lib/python3.12/site-packages/radon/raw.py", line 212, in analyze
    raise SyntaxError('SyntaxError at line: {0}'.format(lineno))
SyntaxError: SyntaxError at line: 1
2025-08-18 19:37:02,658 cblogger [ERROR]: 		Error while extracting halsted code metrics: '(' was never closed (<unknown>, line 1)
Traceback (most recent call last):
  File "/root/QuestionInsight/Etapa_1/codebench-mining-tool/util.py", line 569, in extract_halstead_metrics
    h = h_visit(code)
        ^^^^^^^^^^^^^
  File "/root/QuestionInsight/.venv/lib/python3.12/site-packages/radon/metrics.py", line 29, in h_visit
    return h_visit_ast(ast.parse(code))
                       ^^^^^^^^^^^^^^^
  File "/usr/lib/python3.12/ast.py", line 52, in parse
    return compile(source, filename, mode, flags,
           ^^^^^^^^^^^^^^^^^^^^^^^^^^^^^^^^^^^^^^
  File "<unknown>", line 1
    v = float(input("valor que deve ser pago:")
             ^
SyntaxError: '(' was never closed
2025-08-18 19:37:02,673 cblogger [ERROR]: 		Error while extracting code complexity metrics: expected ':' (<unknown>, line 7)
Traceback (most recent call last):
  File "/root/QuestionInsight/Etapa_1/codebench-mining-tool/util.py", line 551, in extract_complexity_metrics
    v = ComplexityVisitor.from_code(code)
        ^^^^^^^^^^^^^^^^^^^^^^^^^^^^^^^^^
  File "/root/QuestionInsight/.venv/lib/python3.12/site-packages/radon/visitors.py", line 133, in from_code
    return cls.from_ast(code2ast(code), **kwargs)
                        ^^^^^^^^^^^^^^
  File "/root/QuestionInsight/.venv/lib/python3.12/site-packages/radon/visitors.py", line 48, in code2ast
    return ast.parse(source)
           ^^^^^^^^^^^^^^^^^
  File "/usr/lib/python3.12/ast.py", line 52, in parse
    return compile(source, filename, mode, flags,
           ^^^^^^^^^^^^^^^^^^^^^^^^^^^^^^^^^^^^^^
  File "<unknown>", line 7
    if (123==123)
                 ^
SyntaxError: expected ':'
2025-08-18 19:37:02,674 cblogger [ERROR]: 		Error while extracting halsted code metrics: expected ':' (<unknown>, line 7)
Traceback (most recent call last):
  File "/root/QuestionInsight/Etapa_1/codebench-mining-tool/util.py", line 569, in extract_halstead_metrics
    h = h_visit(code)
        ^^^^^^^^^^^^^
  File "/root/QuestionInsight/.venv/lib/python3.12/site-packages/radon/metrics.py", line 29, in h_visit
    return h_visit_ast(ast.parse(code))
                       ^^^^^^^^^^^^^^^
  File "/usr/lib/python3.12/ast.py", line 52, in parse
    return compile(source, filename, mode, flags,
           ^^^^^^^^^^^^^^^^^^^^^^^^^^^^^^^^^^^^^^
  File "<unknown>", line 7
    if (123==123)
                 ^
SyntaxError: expected ':'
2025-08-18 19:37:02,743 cblogger [ERROR]: 		Error while extracting code complexity metrics: expected an indented block after 'if' statement on line 7 (<unknown>, line 8)
Traceback (most recent call last):
  File "/root/QuestionInsight/Etapa_1/codebench-mining-tool/util.py", line 551, in extract_complexity_metrics
    v = ComplexityVisitor.from_code(code)
        ^^^^^^^^^^^^^^^^^^^^^^^^^^^^^^^^^
  File "/root/QuestionInsight/.venv/lib/python3.12/site-packages/radon/visitors.py", line 133, in from_code
    return cls.from_ast(code2ast(code), **kwargs)
                        ^^^^^^^^^^^^^^
  File "/root/QuestionInsight/.venv/lib/python3.12/site-packages/radon/visitors.py", line 48, in code2ast
    return ast.parse(source)
           ^^^^^^^^^^^^^^^^^
  File "/usr/lib/python3.12/ast.py", line 52, in parse
    return compile(source, filename, mode, flags,
           ^^^^^^^^^^^^^^^^^^^^^^^^^^^^^^^^^^^^^^
  File "<unknown>", line 8
    	
    	^
IndentationError: expected an indented block after 'if' statement on line 7
2025-08-18 19:37:02,744 cblogger [ERROR]: 		Error while extracting halsted code metrics: expected an indented block after 'if' statement on line 7 (<unknown>, line 8)
Traceback (most recent call last):
  File "/root/QuestionInsight/Etapa_1/codebench-mining-tool/util.py", line 569, in extract_halstead_metrics
    h = h_visit(code)
        ^^^^^^^^^^^^^
  File "/root/QuestionInsight/.venv/lib/python3.12/site-packages/radon/metrics.py", line 29, in h_visit
    return h_visit_ast(ast.parse(code))
                       ^^^^^^^^^^^^^^^
  File "/usr/lib/python3.12/ast.py", line 52, in parse
    return compile(source, filename, mode, flags,
           ^^^^^^^^^^^^^^^^^^^^^^^^^^^^^^^^^^^^^^
  File "<unknown>", line 8
    	
    	^
IndentationError: expected an indented block after 'if' statement on line 7
2025-08-18 19:37:02,781 cblogger [ERROR]: 		Error while extracting code complexity metrics: invalid syntax (<unknown>, line 3)
Traceback (most recent call last):
  File "/root/QuestionInsight/Etapa_1/codebench-mining-tool/util.py", line 551, in extract_complexity_metrics
    v = ComplexityVisitor.from_code(code)
        ^^^^^^^^^^^^^^^^^^^^^^^^^^^^^^^^^
  File "/root/QuestionInsight/.venv/lib/python3.12/site-packages/radon/visitors.py", line 133, in from_code
    return cls.from_ast(code2ast(code), **kwargs)
                        ^^^^^^^^^^^^^^
  File "/root/QuestionInsight/.venv/lib/python3.12/site-packages/radon/visitors.py", line 48, in code2ast
    return ast.parse(source)
           ^^^^^^^^^^^^^^^^^
  File "/usr/lib/python3.12/ast.py", line 52, in parse
    return compile(source, filename, mode, flags,
           ^^^^^^^^^^^^^^^^^^^^^^^^^^^^^^^^^^^^^^
  File "<unknown>", line 3
    var3 = 50+34&
                 ^
SyntaxError: invalid syntax
2025-08-18 19:37:02,782 cblogger [ERROR]: 		Error while extracting halsted code metrics: invalid syntax (<unknown>, line 3)
Traceback (most recent call last):
  File "/root/QuestionInsight/Etapa_1/codebench-mining-tool/util.py", line 569, in extract_halstead_metrics
    h = h_visit(code)
        ^^^^^^^^^^^^^
  File "/root/QuestionInsight/.venv/lib/python3.12/site-packages/radon/metrics.py", line 29, in h_visit
    return h_visit_ast(ast.parse(code))
                       ^^^^^^^^^^^^^^^
  File "/usr/lib/python3.12/ast.py", line 52, in parse
    return compile(source, filename, mode, flags,
           ^^^^^^^^^^^^^^^^^^^^^^^^^^^^^^^^^^^^^^
  File "<unknown>", line 3
    var3 = 50+34&
                 ^
SyntaxError: invalid syntax
2025-08-18 19:37:02,870 cblogger [ERROR]: 		Error while extracting code complexity metrics: expected ':' (<unknown>, line 7)
Traceback (most recent call last):
  File "/root/QuestionInsight/Etapa_1/codebench-mining-tool/util.py", line 551, in extract_complexity_metrics
    v = ComplexityVisitor.from_code(code)
        ^^^^^^^^^^^^^^^^^^^^^^^^^^^^^^^^^
  File "/root/QuestionInsight/.venv/lib/python3.12/site-packages/radon/visitors.py", line 133, in from_code
    return cls.from_ast(code2ast(code), **kwargs)
                        ^^^^^^^^^^^^^^
  File "/root/QuestionInsight/.venv/lib/python3.12/site-packages/radon/visitors.py", line 48, in code2ast
    return ast.parse(source)
           ^^^^^^^^^^^^^^^^^
  File "/usr/lib/python3.12/ast.py", line 52, in parse
    return compile(source, filename, mode, flags,
           ^^^^^^^^^^^^^^^^^^^^^^^^^^^^^^^^^^^^^^
  File "<unknown>", line 7
    if (num % 2 == 0)
                     ^
SyntaxError: expected ':'
2025-08-18 19:37:02,870 cblogger [ERROR]: 		Error while extracting halsted code metrics: expected ':' (<unknown>, line 7)
Traceback (most recent call last):
  File "/root/QuestionInsight/Etapa_1/codebench-mining-tool/util.py", line 569, in extract_halstead_metrics
    h = h_visit(code)
        ^^^^^^^^^^^^^
  File "/root/QuestionInsight/.venv/lib/python3.12/site-packages/radon/metrics.py", line 29, in h_visit
    return h_visit_ast(ast.parse(code))
                       ^^^^^^^^^^^^^^^
  File "/usr/lib/python3.12/ast.py", line 52, in parse
    return compile(source, filename, mode, flags,
           ^^^^^^^^^^^^^^^^^^^^^^^^^^^^^^^^^^^^^^
  File "<unknown>", line 7
    if (num % 2 == 0)
                     ^
SyntaxError: expected ':'
2025-08-18 19:37:02,924 cblogger [ERROR]: 		Error while extracting code complexity metrics: '(' was never closed (<unknown>, line 2)
Traceback (most recent call last):
  File "/root/QuestionInsight/Etapa_1/codebench-mining-tool/util.py", line 551, in extract_complexity_metrics
    v = ComplexityVisitor.from_code(code)
        ^^^^^^^^^^^^^^^^^^^^^^^^^^^^^^^^^
  File "/root/QuestionInsight/.venv/lib/python3.12/site-packages/radon/visitors.py", line 133, in from_code
    return cls.from_ast(code2ast(code), **kwargs)
                        ^^^^^^^^^^^^^^
  File "/root/QuestionInsight/.venv/lib/python3.12/site-packages/radon/visitors.py", line 48, in code2ast
    return ast.parse(source)
           ^^^^^^^^^^^^^^^^^
  File "/usr/lib/python3.12/ast.py", line 52, in parse
    return compile(source, filename, mode, flags,
           ^^^^^^^^^^^^^^^^^^^^^^^^^^^^^^^^^^^^^^
  File "<unknown>", line 2
    print(round(var
               ^
SyntaxError: '(' was never closed
2025-08-18 19:37:02,924 cblogger [ERROR]: 		Error while extracting code size based metrics: SyntaxError at line: 2
Traceback (most recent call last):
  File "/root/QuestionInsight/.venv/lib/python3.12/site-packages/radon/raw.py", line 210, in analyze
    tokens, parsed_lines = _get_all_tokens(line, lines)
                           ^^^^^^^^^^^^^^^^^^^^^^^^^^^^
  File "/root/QuestionInsight/.venv/lib/python3.12/site-packages/radon/raw.py", line 117, in _get_all_tokens
    next_line = next(lines)
                ^^^^^^^^^^^
StopIteration

During handling of the above exception, another exception occurred:

Traceback (most recent call last):
  File "/root/QuestionInsight/Etapa_1/codebench-mining-tool/util.py", line 560, in extract_size_metrics
    a = analyze(code)
        ^^^^^^^^^^^^^
  File "/root/QuestionInsight/.venv/lib/python3.12/site-packages/radon/raw.py", line 212, in analyze
    raise SyntaxError('SyntaxError at line: {0}'.format(lineno))
SyntaxError: SyntaxError at line: 2
2025-08-18 19:37:02,925 cblogger [ERROR]: 		Error while extracting halsted code metrics: '(' was never closed (<unknown>, line 2)
Traceback (most recent call last):
  File "/root/QuestionInsight/Etapa_1/codebench-mining-tool/util.py", line 569, in extract_halstead_metrics
    h = h_visit(code)
        ^^^^^^^^^^^^^
  File "/root/QuestionInsight/.venv/lib/python3.12/site-packages/radon/metrics.py", line 29, in h_visit
    return h_visit_ast(ast.parse(code))
                       ^^^^^^^^^^^^^^^
  File "/usr/lib/python3.12/ast.py", line 52, in parse
    return compile(source, filename, mode, flags,
           ^^^^^^^^^^^^^^^^^^^^^^^^^^^^^^^^^^^^^^
  File "<unknown>", line 2
    print(round(var
               ^
SyntaxError: '(' was never closed
2025-08-18 19:37:02,927 cblogger [ERROR]: 		Error while extracting code complexity metrics: invalid syntax. Perhaps you forgot a comma? (<unknown>, line 3)
Traceback (most recent call last):
  File "/root/QuestionInsight/Etapa_1/codebench-mining-tool/util.py", line 551, in extract_complexity_metrics
    v = ComplexityVisitor.from_code(code)
        ^^^^^^^^^^^^^^^^^^^^^^^^^^^^^^^^^
  File "/root/QuestionInsight/.venv/lib/python3.12/site-packages/radon/visitors.py", line 133, in from_code
    return cls.from_ast(code2ast(code), **kwargs)
                        ^^^^^^^^^^^^^^
  File "/root/QuestionInsight/.venv/lib/python3.12/site-packages/radon/visitors.py", line 48, in code2ast
    return ast.parse(source)
           ^^^^^^^^^^^^^^^^^
  File "/usr/lib/python3.12/ast.py", line 52, in parse
    return compile(source, filename, mode, flags,
           ^^^^^^^^^^^^^^^^^^^^^^^^^^^^^^^^^^^^^^
  File "<unknown>", line 3
    s1=float(input("asda")
             
SyntaxError: invalid syntax. Perhaps you forgot a comma?
2025-08-18 19:37:02,928 cblogger [ERROR]: 		Error while extracting code size based metrics: SyntaxError at line: 3
Traceback (most recent call last):
  File "/root/QuestionInsight/.venv/lib/python3.12/site-packages/radon/raw.py", line 210, in analyze
    tokens, parsed_lines = _get_all_tokens(line, lines)
                           ^^^^^^^^^^^^^^^^^^^^^^^^^^^^
  File "/root/QuestionInsight/.venv/lib/python3.12/site-packages/radon/raw.py", line 117, in _get_all_tokens
    next_line = next(lines)
                ^^^^^^^^^^^
StopIteration

During handling of the above exception, another exception occurred:

Traceback (most recent call last):
  File "/root/QuestionInsight/Etapa_1/codebench-mining-tool/util.py", line 560, in extract_size_metrics
    a = analyze(code)
        ^^^^^^^^^^^^^
  File "/root/QuestionInsight/.venv/lib/python3.12/site-packages/radon/raw.py", line 212, in analyze
    raise SyntaxError('SyntaxError at line: {0}'.format(lineno))
SyntaxError: SyntaxError at line: 3
2025-08-18 19:37:02,928 cblogger [ERROR]: 		Error while extracting halsted code metrics: invalid syntax. Perhaps you forgot a comma? (<unknown>, line 3)
Traceback (most recent call last):
  File "/root/QuestionInsight/Etapa_1/codebench-mining-tool/util.py", line 569, in extract_halstead_metrics
    h = h_visit(code)
        ^^^^^^^^^^^^^
  File "/root/QuestionInsight/.venv/lib/python3.12/site-packages/radon/metrics.py", line 29, in h_visit
    return h_visit_ast(ast.parse(code))
                       ^^^^^^^^^^^^^^^
  File "/usr/lib/python3.12/ast.py", line 52, in parse
    return compile(source, filename, mode, flags,
           ^^^^^^^^^^^^^^^^^^^^^^^^^^^^^^^^^^^^^^
  File "<unknown>", line 3
    s1=float(input("asda")
             
SyntaxError: invalid syntax. Perhaps you forgot a comma?
2025-08-18 19:37:03,096 cblogger [ERROR]: 		Error while extracting code complexity metrics: invalid syntax (<unknown>, line 2)
Traceback (most recent call last):
  File "/root/QuestionInsight/Etapa_1/codebench-mining-tool/util.py", line 551, in extract_complexity_metrics
    v = ComplexityVisitor.from_code(code)
        ^^^^^^^^^^^^^^^^^^^^^^^^^^^^^^^^^
  File "/root/QuestionInsight/.venv/lib/python3.12/site-packages/radon/visitors.py", line 133, in from_code
    return cls.from_ast(code2ast(code), **kwargs)
                        ^^^^^^^^^^^^^^
  File "/root/QuestionInsight/.venv/lib/python3.12/site-packages/radon/visitors.py", line 48, in code2ast
    return ast.parse(source)
           ^^^^^^^^^^^^^^^^^
  File "/usr/lib/python3.12/ast.py", line 52, in parse
    return compile(source, filename, mode, flags,
           ^^^^^^^^^^^^^^^^^^^^^^^^^^^^^^^^^^^^^^
  File "<unknown>", line 2
    b=
      ^
SyntaxError: invalid syntax
2025-08-18 19:37:03,097 cblogger [ERROR]: 		Error while extracting halsted code metrics: invalid syntax (<unknown>, line 2)
Traceback (most recent call last):
  File "/root/QuestionInsight/Etapa_1/codebench-mining-tool/util.py", line 569, in extract_halstead_metrics
    h = h_visit(code)
        ^^^^^^^^^^^^^
  File "/root/QuestionInsight/.venv/lib/python3.12/site-packages/radon/metrics.py", line 29, in h_visit
    return h_visit_ast(ast.parse(code))
                       ^^^^^^^^^^^^^^^
  File "/usr/lib/python3.12/ast.py", line 52, in parse
    return compile(source, filename, mode, flags,
           ^^^^^^^^^^^^^^^^^^^^^^^^^^^^^^^^^^^^^^
  File "<unknown>", line 2
    b=
      ^
SyntaxError: invalid syntax
2025-08-18 19:37:03,183 cblogger [ERROR]: 		Error while extracting code complexity metrics: expected ':' (<unknown>, line 5)
Traceback (most recent call last):
  File "/root/QuestionInsight/Etapa_1/codebench-mining-tool/util.py", line 551, in extract_complexity_metrics
    v = ComplexityVisitor.from_code(code)
        ^^^^^^^^^^^^^^^^^^^^^^^^^^^^^^^^^
  File "/root/QuestionInsight/.venv/lib/python3.12/site-packages/radon/visitors.py", line 133, in from_code
    return cls.from_ast(code2ast(code), **kwargs)
                        ^^^^^^^^^^^^^^
  File "/root/QuestionInsight/.venv/lib/python3.12/site-packages/radon/visitors.py", line 48, in code2ast
    return ast.parse(source)
           ^^^^^^^^^^^^^^^^^
  File "/usr/lib/python3.12/ast.py", line 52, in parse
    return compile(source, filename, mode, flags,
           ^^^^^^^^^^^^^^^^^^^^^^^^^^^^^^^^^^^^^^
  File "<unknown>", line 5
    if(x)
         ^
SyntaxError: expected ':'
2025-08-18 19:37:03,184 cblogger [ERROR]: 		Error while extracting halsted code metrics: expected ':' (<unknown>, line 5)
Traceback (most recent call last):
  File "/root/QuestionInsight/Etapa_1/codebench-mining-tool/util.py", line 569, in extract_halstead_metrics
    h = h_visit(code)
        ^^^^^^^^^^^^^
  File "/root/QuestionInsight/.venv/lib/python3.12/site-packages/radon/metrics.py", line 29, in h_visit
    return h_visit_ast(ast.parse(code))
                       ^^^^^^^^^^^^^^^
  File "/usr/lib/python3.12/ast.py", line 52, in parse
    return compile(source, filename, mode, flags,
           ^^^^^^^^^^^^^^^^^^^^^^^^^^^^^^^^^^^^^^
  File "<unknown>", line 5
    if(x)
         ^
SyntaxError: expected ':'
2025-08-18 19:37:03,211 cblogger [ERROR]: 		Error while extracting code complexity metrics: invalid syntax. Perhaps you forgot a comma? (<unknown>, line 11)
Traceback (most recent call last):
  File "/root/QuestionInsight/Etapa_1/codebench-mining-tool/util.py", line 551, in extract_complexity_metrics
    v = ComplexityVisitor.from_code(code)
        ^^^^^^^^^^^^^^^^^^^^^^^^^^^^^^^^^
  File "/root/QuestionInsight/.venv/lib/python3.12/site-packages/radon/visitors.py", line 133, in from_code
    return cls.from_ast(code2ast(code), **kwargs)
                        ^^^^^^^^^^^^^^
  File "/root/QuestionInsight/.venv/lib/python3.12/site-packages/radon/visitors.py", line 48, in code2ast
    return ast.parse(source)
           ^^^^^^^^^^^^^^^^^
  File "/usr/lib/python3.12/ast.py", line 52, in parse
    return compile(source, filename, mode, flags,
           ^^^^^^^^^^^^^^^^^^^^^^^^^^^^^^^^^^^^^^
  File "<unknown>", line 11
    if (x > 0  y!=0):
        ^^^^^^^^^^^
SyntaxError: invalid syntax. Perhaps you forgot a comma?
2025-08-18 19:37:03,211 cblogger [ERROR]: 		Error while extracting halsted code metrics: invalid syntax. Perhaps you forgot a comma? (<unknown>, line 11)
Traceback (most recent call last):
  File "/root/QuestionInsight/Etapa_1/codebench-mining-tool/util.py", line 569, in extract_halstead_metrics
    h = h_visit(code)
        ^^^^^^^^^^^^^
  File "/root/QuestionInsight/.venv/lib/python3.12/site-packages/radon/metrics.py", line 29, in h_visit
    return h_visit_ast(ast.parse(code))
                       ^^^^^^^^^^^^^^^
  File "/usr/lib/python3.12/ast.py", line 52, in parse
    return compile(source, filename, mode, flags,
           ^^^^^^^^^^^^^^^^^^^^^^^^^^^^^^^^^^^^^^
  File "<unknown>", line 11
    if (x > 0  y!=0):
        ^^^^^^^^^^^
SyntaxError: invalid syntax. Perhaps you forgot a comma?
2025-08-18 19:37:03,259 cblogger [ERROR]: 		Error while extracting code complexity metrics: '(' was never closed (<unknown>, line 3)
Traceback (most recent call last):
  File "/root/QuestionInsight/Etapa_1/codebench-mining-tool/util.py", line 551, in extract_complexity_metrics
    v = ComplexityVisitor.from_code(code)
        ^^^^^^^^^^^^^^^^^^^^^^^^^^^^^^^^^
  File "/root/QuestionInsight/.venv/lib/python3.12/site-packages/radon/visitors.py", line 133, in from_code
    return cls.from_ast(code2ast(code), **kwargs)
                        ^^^^^^^^^^^^^^
  File "/root/QuestionInsight/.venv/lib/python3.12/site-packages/radon/visitors.py", line 48, in code2ast
    return ast.parse(source)
           ^^^^^^^^^^^^^^^^^
  File "/usr/lib/python3.12/ast.py", line 52, in parse
    return compile(source, filename, mode, flags,
           ^^^^^^^^^^^^^^^^^^^^^^^^^^^^^^^^^^^^^^
  File "<unknown>", line 3
    p=1- factorial(365/factorial(365-var)*1/365**var
                  ^
SyntaxError: '(' was never closed
2025-08-18 19:37:03,260 cblogger [ERROR]: 		Error while extracting code size based metrics: SyntaxError at line: 3
Traceback (most recent call last):
  File "/root/QuestionInsight/.venv/lib/python3.12/site-packages/radon/raw.py", line 210, in analyze
    tokens, parsed_lines = _get_all_tokens(line, lines)
                           ^^^^^^^^^^^^^^^^^^^^^^^^^^^^
  File "/root/QuestionInsight/.venv/lib/python3.12/site-packages/radon/raw.py", line 117, in _get_all_tokens
    next_line = next(lines)
                ^^^^^^^^^^^
StopIteration

During handling of the above exception, another exception occurred:

Traceback (most recent call last):
  File "/root/QuestionInsight/Etapa_1/codebench-mining-tool/util.py", line 560, in extract_size_metrics
    a = analyze(code)
        ^^^^^^^^^^^^^
  File "/root/QuestionInsight/.venv/lib/python3.12/site-packages/radon/raw.py", line 212, in analyze
    raise SyntaxError('SyntaxError at line: {0}'.format(lineno))
SyntaxError: SyntaxError at line: 3
2025-08-18 19:37:03,260 cblogger [ERROR]: 		Error while extracting halsted code metrics: '(' was never closed (<unknown>, line 3)
Traceback (most recent call last):
  File "/root/QuestionInsight/Etapa_1/codebench-mining-tool/util.py", line 569, in extract_halstead_metrics
    h = h_visit(code)
        ^^^^^^^^^^^^^
  File "/root/QuestionInsight/.venv/lib/python3.12/site-packages/radon/metrics.py", line 29, in h_visit
    return h_visit_ast(ast.parse(code))
                       ^^^^^^^^^^^^^^^
  File "/usr/lib/python3.12/ast.py", line 52, in parse
    return compile(source, filename, mode, flags,
           ^^^^^^^^^^^^^^^^^^^^^^^^^^^^^^^^^^^^^^
  File "<unknown>", line 3
    p=1- factorial(365/factorial(365-var)*1/365**var
                  ^
SyntaxError: '(' was never closed
2025-08-18 19:37:03,271 cblogger [ERROR]: 		Error while extracting code complexity metrics: invalid syntax (<unknown>, line 2)
Traceback (most recent call last):
  File "/root/QuestionInsight/Etapa_1/codebench-mining-tool/util.py", line 551, in extract_complexity_metrics
    v = ComplexityVisitor.from_code(code)
        ^^^^^^^^^^^^^^^^^^^^^^^^^^^^^^^^^
  File "/root/QuestionInsight/.venv/lib/python3.12/site-packages/radon/visitors.py", line 133, in from_code
    return cls.from_ast(code2ast(code), **kwargs)
                        ^^^^^^^^^^^^^^
  File "/root/QuestionInsight/.venv/lib/python3.12/site-packages/radon/visitors.py", line 48, in code2ast
    return ast.parse(source)
           ^^^^^^^^^^^^^^^^^
  File "/usr/lib/python3.12/ast.py", line 52, in parse
    return compile(source, filename, mode, flags,
           ^^^^^^^^^^^^^^^^^^^^^^^^^^^^^^^^^^^^^^
  File "<unknown>", line 2
    area = 
           ^
SyntaxError: invalid syntax
2025-08-18 19:37:03,272 cblogger [ERROR]: 		Error while extracting halsted code metrics: invalid syntax (<unknown>, line 2)
Traceback (most recent call last):
  File "/root/QuestionInsight/Etapa_1/codebench-mining-tool/util.py", line 569, in extract_halstead_metrics
    h = h_visit(code)
        ^^^^^^^^^^^^^
  File "/root/QuestionInsight/.venv/lib/python3.12/site-packages/radon/metrics.py", line 29, in h_visit
    return h_visit_ast(ast.parse(code))
                       ^^^^^^^^^^^^^^^
  File "/usr/lib/python3.12/ast.py", line 52, in parse
    return compile(source, filename, mode, flags,
           ^^^^^^^^^^^^^^^^^^^^^^^^^^^^^^^^^^^^^^
  File "<unknown>", line 2
    area = 
           ^
SyntaxError: invalid syntax
2025-08-18 19:37:03,444 cblogger [ERROR]: 		Error while extracting code complexity metrics: invalid syntax (<unknown>, line 1)
Traceback (most recent call last):
  File "/root/QuestionInsight/Etapa_1/codebench-mining-tool/util.py", line 551, in extract_complexity_metrics
    v = ComplexityVisitor.from_code(code)
        ^^^^^^^^^^^^^^^^^^^^^^^^^^^^^^^^^
  File "/root/QuestionInsight/.venv/lib/python3.12/site-packages/radon/visitors.py", line 133, in from_code
    return cls.from_ast(code2ast(code), **kwargs)
                        ^^^^^^^^^^^^^^
  File "/root/QuestionInsight/.venv/lib/python3.12/site-packages/radon/visitors.py", line 48, in code2ast
    return ast.parse(source)
           ^^^^^^^^^^^^^^^^^
  File "/usr/lib/python3.12/ast.py", line 52, in parse
    return compile(source, filename, mode, flags,
           ^^^^^^^^^^^^^^^^^^^^^^^^^^^^^^^^^^^^^^
  File "<unknown>", line 1
    a =
       ^
SyntaxError: invalid syntax
2025-08-18 19:37:03,444 cblogger [ERROR]: 		Error while extracting halsted code metrics: invalid syntax (<unknown>, line 1)
Traceback (most recent call last):
  File "/root/QuestionInsight/Etapa_1/codebench-mining-tool/util.py", line 569, in extract_halstead_metrics
    h = h_visit(code)
        ^^^^^^^^^^^^^
  File "/root/QuestionInsight/.venv/lib/python3.12/site-packages/radon/metrics.py", line 29, in h_visit
    return h_visit_ast(ast.parse(code))
                       ^^^^^^^^^^^^^^^
  File "/usr/lib/python3.12/ast.py", line 52, in parse
    return compile(source, filename, mode, flags,
           ^^^^^^^^^^^^^^^^^^^^^^^^^^^^^^^^^^^^^^
  File "<unknown>", line 1
    a =
       ^
SyntaxError: invalid syntax
2025-08-18 19:37:03,496 cblogger [ERROR]: 		Error while extracting code complexity metrics: invalid syntax (<unknown>, line 2)
Traceback (most recent call last):
  File "/root/QuestionInsight/Etapa_1/codebench-mining-tool/util.py", line 551, in extract_complexity_metrics
    v = ComplexityVisitor.from_code(code)
        ^^^^^^^^^^^^^^^^^^^^^^^^^^^^^^^^^
  File "/root/QuestionInsight/.venv/lib/python3.12/site-packages/radon/visitors.py", line 133, in from_code
    return cls.from_ast(code2ast(code), **kwargs)
                        ^^^^^^^^^^^^^^
  File "/root/QuestionInsight/.venv/lib/python3.12/site-packages/radon/visitors.py", line 48, in code2ast
    return ast.parse(source)
           ^^^^^^^^^^^^^^^^^
  File "/usr/lib/python3.12/ast.py", line 52, in parse
    return compile(source, filename, mode, flags,
           ^^^^^^^^^^^^^^^^^^^^^^^^^^^^^^^^^^^^^^
  File "<unknown>", line 2
    price =
           ^
SyntaxError: invalid syntax
2025-08-18 19:37:03,496 cblogger [ERROR]: 		Error while extracting halsted code metrics: invalid syntax (<unknown>, line 2)
Traceback (most recent call last):
  File "/root/QuestionInsight/Etapa_1/codebench-mining-tool/util.py", line 569, in extract_halstead_metrics
    h = h_visit(code)
        ^^^^^^^^^^^^^
  File "/root/QuestionInsight/.venv/lib/python3.12/site-packages/radon/metrics.py", line 29, in h_visit
    return h_visit_ast(ast.parse(code))
                       ^^^^^^^^^^^^^^^
  File "/usr/lib/python3.12/ast.py", line 52, in parse
    return compile(source, filename, mode, flags,
           ^^^^^^^^^^^^^^^^^^^^^^^^^^^^^^^^^^^^^^
  File "<unknown>", line 2
    price =
           ^
SyntaxError: invalid syntax
2025-08-18 19:37:03,886 cblogger [ERROR]: 		Error while extracting code complexity metrics: expected ':' (<unknown>, line 9)
Traceback (most recent call last):
  File "/root/QuestionInsight/Etapa_1/codebench-mining-tool/util.py", line 551, in extract_complexity_metrics
    v = ComplexityVisitor.from_code(code)
        ^^^^^^^^^^^^^^^^^^^^^^^^^^^^^^^^^
  File "/root/QuestionInsight/.venv/lib/python3.12/site-packages/radon/visitors.py", line 133, in from_code
    return cls.from_ast(code2ast(code), **kwargs)
                        ^^^^^^^^^^^^^^
  File "/root/QuestionInsight/.venv/lib/python3.12/site-packages/radon/visitors.py", line 48, in code2ast
    return ast.parse(source)
           ^^^^^^^^^^^^^^^^^
  File "/usr/lib/python3.12/ast.py", line 52, in parse
    return compile(source, filename, mode, flags,
           ^^^^^^^^^^^^^^^^^^^^^^^^^^^^^^^^^^^^^^
  File "<unknown>", line 9
    else (es=="F"):
         ^
SyntaxError: expected ':'
2025-08-18 19:37:03,887 cblogger [ERROR]: 		Error while extracting halsted code metrics: expected ':' (<unknown>, line 9)
Traceback (most recent call last):
  File "/root/QuestionInsight/Etapa_1/codebench-mining-tool/util.py", line 569, in extract_halstead_metrics
    h = h_visit(code)
        ^^^^^^^^^^^^^
  File "/root/QuestionInsight/.venv/lib/python3.12/site-packages/radon/metrics.py", line 29, in h_visit
    return h_visit_ast(ast.parse(code))
                       ^^^^^^^^^^^^^^^
  File "/usr/lib/python3.12/ast.py", line 52, in parse
    return compile(source, filename, mode, flags,
           ^^^^^^^^^^^^^^^^^^^^^^^^^^^^^^^^^^^^^^
  File "<unknown>", line 9
    else (es=="F"):
         ^
SyntaxError: expected ':'
2025-08-18 19:37:03,972 cblogger [ERROR]: 		Error while extracting code complexity metrics: invalid syntax (<unknown>, line 4)
Traceback (most recent call last):
  File "/root/QuestionInsight/Etapa_1/codebench-mining-tool/util.py", line 551, in extract_complexity_metrics
    v = ComplexityVisitor.from_code(code)
        ^^^^^^^^^^^^^^^^^^^^^^^^^^^^^^^^^
  File "/root/QuestionInsight/.venv/lib/python3.12/site-packages/radon/visitors.py", line 133, in from_code
    return cls.from_ast(code2ast(code), **kwargs)
                        ^^^^^^^^^^^^^^
  File "/root/QuestionInsight/.venv/lib/python3.12/site-packages/radon/visitors.py", line 48, in code2ast
    return ast.parse(source)
           ^^^^^^^^^^^^^^^^^
  File "/usr/lib/python3.12/ast.py", line 52, in parse
    return compile(source, filename, mode, flags,
           ^^^^^^^^^^^^^^^^^^^^^^^^^^^^^^^^^^^^^^
  File "<unknown>", line 4
    for i in range (len(b):
                          ^
SyntaxError: invalid syntax
2025-08-18 19:37:03,973 cblogger [ERROR]: 		Error while extracting code size based metrics: SyntaxError at line: 4
Traceback (most recent call last):
  File "/root/QuestionInsight/.venv/lib/python3.12/site-packages/radon/raw.py", line 210, in analyze
    tokens, parsed_lines = _get_all_tokens(line, lines)
                           ^^^^^^^^^^^^^^^^^^^^^^^^^^^^
  File "/root/QuestionInsight/.venv/lib/python3.12/site-packages/radon/raw.py", line 117, in _get_all_tokens
    next_line = next(lines)
                ^^^^^^^^^^^
StopIteration

During handling of the above exception, another exception occurred:

Traceback (most recent call last):
  File "/root/QuestionInsight/Etapa_1/codebench-mining-tool/util.py", line 560, in extract_size_metrics
    a = analyze(code)
        ^^^^^^^^^^^^^
  File "/root/QuestionInsight/.venv/lib/python3.12/site-packages/radon/raw.py", line 212, in analyze
    raise SyntaxError('SyntaxError at line: {0}'.format(lineno))
SyntaxError: SyntaxError at line: 4
2025-08-18 19:37:03,973 cblogger [ERROR]: 		Error while extracting halsted code metrics: invalid syntax (<unknown>, line 4)
Traceback (most recent call last):
  File "/root/QuestionInsight/Etapa_1/codebench-mining-tool/util.py", line 569, in extract_halstead_metrics
    h = h_visit(code)
        ^^^^^^^^^^^^^
  File "/root/QuestionInsight/.venv/lib/python3.12/site-packages/radon/metrics.py", line 29, in h_visit
    return h_visit_ast(ast.parse(code))
                       ^^^^^^^^^^^^^^^
  File "/usr/lib/python3.12/ast.py", line 52, in parse
    return compile(source, filename, mode, flags,
           ^^^^^^^^^^^^^^^^^^^^^^^^^^^^^^^^^^^^^^
  File "<unknown>", line 4
    for i in range (len(b):
                          ^
SyntaxError: invalid syntax
2025-08-18 19:37:04,044 cblogger [ERROR]: 		Error while extracting code complexity metrics: invalid syntax (<unknown>, line 5)
Traceback (most recent call last):
  File "/root/QuestionInsight/Etapa_1/codebench-mining-tool/util.py", line 551, in extract_complexity_metrics
    v = ComplexityVisitor.from_code(code)
        ^^^^^^^^^^^^^^^^^^^^^^^^^^^^^^^^^
  File "/root/QuestionInsight/.venv/lib/python3.12/site-packages/radon/visitors.py", line 133, in from_code
    return cls.from_ast(code2ast(code), **kwargs)
                        ^^^^^^^^^^^^^^
  File "/root/QuestionInsight/.venv/lib/python3.12/site-packages/radon/visitors.py", line 48, in code2ast
    return ast.parse(source)
           ^^^^^^^^^^^^^^^^^
  File "/usr/lib/python3.12/ast.py", line 52, in parse
    return compile(source, filename, mode, flags,
           ^^^^^^^^^^^^^^^^^^^^^^^^^^^^^^^^^^^^^^
  File "<unknown>", line 5
    if (c =)
          ^
SyntaxError: invalid syntax
2025-08-18 19:37:04,045 cblogger [ERROR]: 		Error while extracting halsted code metrics: invalid syntax (<unknown>, line 5)
Traceback (most recent call last):
  File "/root/QuestionInsight/Etapa_1/codebench-mining-tool/util.py", line 569, in extract_halstead_metrics
    h = h_visit(code)
        ^^^^^^^^^^^^^
  File "/root/QuestionInsight/.venv/lib/python3.12/site-packages/radon/metrics.py", line 29, in h_visit
    return h_visit_ast(ast.parse(code))
                       ^^^^^^^^^^^^^^^
  File "/usr/lib/python3.12/ast.py", line 52, in parse
    return compile(source, filename, mode, flags,
           ^^^^^^^^^^^^^^^^^^^^^^^^^^^^^^^^^^^^^^
  File "<unknown>", line 5
    if (c =)
          ^
SyntaxError: invalid syntax
2025-08-18 19:37:04,062 cblogger [ERROR]: 		Error while extracting code complexity metrics: invalid syntax (<unknown>, line 2)
Traceback (most recent call last):
  File "/root/QuestionInsight/Etapa_1/codebench-mining-tool/util.py", line 551, in extract_complexity_metrics
    v = ComplexityVisitor.from_code(code)
        ^^^^^^^^^^^^^^^^^^^^^^^^^^^^^^^^^
  File "/root/QuestionInsight/.venv/lib/python3.12/site-packages/radon/visitors.py", line 133, in from_code
    return cls.from_ast(code2ast(code), **kwargs)
                        ^^^^^^^^^^^^^^
  File "/root/QuestionInsight/.venv/lib/python3.12/site-packages/radon/visitors.py", line 48, in code2ast
    return ast.parse(source)
           ^^^^^^^^^^^^^^^^^
  File "/usr/lib/python3.12/ast.py", line 52, in parse
    return compile(source, filename, mode, flags,
           ^^^^^^^^^^^^^^^^^^^^^^^^^^^^^^^^^^^^^^
  File "<unknown>", line 2
    area = 
           ^
SyntaxError: invalid syntax
2025-08-18 19:37:04,062 cblogger [ERROR]: 		Error while extracting halsted code metrics: invalid syntax (<unknown>, line 2)
Traceback (most recent call last):
  File "/root/QuestionInsight/Etapa_1/codebench-mining-tool/util.py", line 569, in extract_halstead_metrics
    h = h_visit(code)
        ^^^^^^^^^^^^^
  File "/root/QuestionInsight/.venv/lib/python3.12/site-packages/radon/metrics.py", line 29, in h_visit
    return h_visit_ast(ast.parse(code))
                       ^^^^^^^^^^^^^^^
  File "/usr/lib/python3.12/ast.py", line 52, in parse
    return compile(source, filename, mode, flags,
           ^^^^^^^^^^^^^^^^^^^^^^^^^^^^^^^^^^^^^^
  File "<unknown>", line 2
    area = 
           ^
SyntaxError: invalid syntax
2025-08-18 19:37:04,383 cblogger [ERROR]: 		Error while extracting code complexity metrics: invalid syntax (<unknown>, line 8)
Traceback (most recent call last):
  File "/root/QuestionInsight/Etapa_1/codebench-mining-tool/util.py", line 551, in extract_complexity_metrics
    v = ComplexityVisitor.from_code(code)
        ^^^^^^^^^^^^^^^^^^^^^^^^^^^^^^^^^
  File "/root/QuestionInsight/.venv/lib/python3.12/site-packages/radon/visitors.py", line 133, in from_code
    return cls.from_ast(code2ast(code), **kwargs)
                        ^^^^^^^^^^^^^^
  File "/root/QuestionInsight/.venv/lib/python3.12/site-packages/radon/visitors.py", line 48, in code2ast
    return ast.parse(source)
           ^^^^^^^^^^^^^^^^^
  File "/usr/lib/python3.12/ast.py", line 52, in parse
    return compile(source, filename, mode, flags,
           ^^^^^^^^^^^^^^^^^^^^^^^^^^^^^^^^^^^^^^
  File "<unknown>", line 8
    print(round(,2))
                ^
SyntaxError: invalid syntax
2025-08-18 19:37:04,384 cblogger [ERROR]: 		Error while extracting halsted code metrics: invalid syntax (<unknown>, line 8)
Traceback (most recent call last):
  File "/root/QuestionInsight/Etapa_1/codebench-mining-tool/util.py", line 569, in extract_halstead_metrics
    h = h_visit(code)
        ^^^^^^^^^^^^^
  File "/root/QuestionInsight/.venv/lib/python3.12/site-packages/radon/metrics.py", line 29, in h_visit
    return h_visit_ast(ast.parse(code))
                       ^^^^^^^^^^^^^^^
  File "/usr/lib/python3.12/ast.py", line 52, in parse
    return compile(source, filename, mode, flags,
           ^^^^^^^^^^^^^^^^^^^^^^^^^^^^^^^^^^^^^^
  File "<unknown>", line 8
    print(round(,2))
                ^
SyntaxError: invalid syntax
2025-08-18 19:37:04,426 cblogger [ERROR]: 		Error while extracting code complexity metrics: expected an indented block after 'else' statement on line 8 (<unknown>, line 9)
Traceback (most recent call last):
  File "/root/QuestionInsight/Etapa_1/codebench-mining-tool/util.py", line 551, in extract_complexity_metrics
    v = ComplexityVisitor.from_code(code)
        ^^^^^^^^^^^^^^^^^^^^^^^^^^^^^^^^^
  File "/root/QuestionInsight/.venv/lib/python3.12/site-packages/radon/visitors.py", line 133, in from_code
    return cls.from_ast(code2ast(code), **kwargs)
                        ^^^^^^^^^^^^^^
  File "/root/QuestionInsight/.venv/lib/python3.12/site-packages/radon/visitors.py", line 48, in code2ast
    return ast.parse(source)
           ^^^^^^^^^^^^^^^^^
  File "/usr/lib/python3.12/ast.py", line 52, in parse
    return compile(source, filename, mode, flags,
           ^^^^^^^^^^^^^^^^^^^^^^^^^^^^^^^^^^^^^^
  File "<unknown>", line 9
    
    ^
IndentationError: expected an indented block after 'else' statement on line 8
2025-08-18 19:37:04,426 cblogger [ERROR]: 		Error while extracting halsted code metrics: expected an indented block after 'else' statement on line 8 (<unknown>, line 9)
Traceback (most recent call last):
  File "/root/QuestionInsight/Etapa_1/codebench-mining-tool/util.py", line 569, in extract_halstead_metrics
    h = h_visit(code)
        ^^^^^^^^^^^^^
  File "/root/QuestionInsight/.venv/lib/python3.12/site-packages/radon/metrics.py", line 29, in h_visit
    return h_visit_ast(ast.parse(code))
                       ^^^^^^^^^^^^^^^
  File "/usr/lib/python3.12/ast.py", line 52, in parse
    return compile(source, filename, mode, flags,
           ^^^^^^^^^^^^^^^^^^^^^^^^^^^^^^^^^^^^^^
  File "<unknown>", line 9
    
    ^
IndentationError: expected an indented block after 'else' statement on line 8
2025-08-18 19:37:05,194 cblogger [ERROR]: 		Error while extracting code complexity metrics: invalid syntax (<unknown>, line 4)
Traceback (most recent call last):
  File "/root/QuestionInsight/Etapa_1/codebench-mining-tool/util.py", line 551, in extract_complexity_metrics
    v = ComplexityVisitor.from_code(code)
        ^^^^^^^^^^^^^^^^^^^^^^^^^^^^^^^^^
  File "/root/QuestionInsight/.venv/lib/python3.12/site-packages/radon/visitors.py", line 133, in from_code
    return cls.from_ast(code2ast(code), **kwargs)
                        ^^^^^^^^^^^^^^
  File "/root/QuestionInsight/.venv/lib/python3.12/site-packages/radon/visitors.py", line 48, in code2ast
    return ast.parse(source)
           ^^^^^^^^^^^^^^^^^
  File "/usr/lib/python3.12/ast.py", line 52, in parse
    return compile(source, filename, mode, flags,
           ^^^^^^^^^^^^^^^^^^^^^^^^^^^^^^^^^^^^^^
  File "<unknown>", line 4
    t= 
       ^
SyntaxError: invalid syntax
2025-08-18 19:37:05,195 cblogger [ERROR]: 		Error while extracting halsted code metrics: invalid syntax (<unknown>, line 4)
Traceback (most recent call last):
  File "/root/QuestionInsight/Etapa_1/codebench-mining-tool/util.py", line 569, in extract_halstead_metrics
    h = h_visit(code)
        ^^^^^^^^^^^^^
  File "/root/QuestionInsight/.venv/lib/python3.12/site-packages/radon/metrics.py", line 29, in h_visit
    return h_visit_ast(ast.parse(code))
                       ^^^^^^^^^^^^^^^
  File "/usr/lib/python3.12/ast.py", line 52, in parse
    return compile(source, filename, mode, flags,
           ^^^^^^^^^^^^^^^^^^^^^^^^^^^^^^^^^^^^^^
  File "<unknown>", line 4
    t= 
       ^
SyntaxError: invalid syntax
2025-08-18 19:37:05,212 cblogger [ERROR]: 		Error while extracting code complexity metrics: invalid syntax (<unknown>, line 6)
Traceback (most recent call last):
  File "/root/QuestionInsight/Etapa_1/codebench-mining-tool/util.py", line 551, in extract_complexity_metrics
    v = ComplexityVisitor.from_code(code)
        ^^^^^^^^^^^^^^^^^^^^^^^^^^^^^^^^^
  File "/root/QuestionInsight/.venv/lib/python3.12/site-packages/radon/visitors.py", line 133, in from_code
    return cls.from_ast(code2ast(code), **kwargs)
                        ^^^^^^^^^^^^^^
  File "/root/QuestionInsight/.venv/lib/python3.12/site-packages/radon/visitors.py", line 48, in code2ast
    return ast.parse(source)
           ^^^^^^^^^^^^^^^^^
  File "/usr/lib/python3.12/ast.py", line 52, in parse
    return compile(source, filename, mode, flags,
           ^^^^^^^^^^^^^^^^^^^^^^^^^^^^^^^^^^^^^^
  File "<unknown>", line 6
    if 
       ^
SyntaxError: invalid syntax
2025-08-18 19:37:05,212 cblogger [ERROR]: 		Error while extracting halsted code metrics: invalid syntax (<unknown>, line 6)
Traceback (most recent call last):
  File "/root/QuestionInsight/Etapa_1/codebench-mining-tool/util.py", line 569, in extract_halstead_metrics
    h = h_visit(code)
        ^^^^^^^^^^^^^
  File "/root/QuestionInsight/.venv/lib/python3.12/site-packages/radon/metrics.py", line 29, in h_visit
    return h_visit_ast(ast.parse(code))
                       ^^^^^^^^^^^^^^^
  File "/usr/lib/python3.12/ast.py", line 52, in parse
    return compile(source, filename, mode, flags,
           ^^^^^^^^^^^^^^^^^^^^^^^^^^^^^^^^^^^^^^
  File "<unknown>", line 6
    if 
       ^
SyntaxError: invalid syntax
2025-08-18 19:37:05,394 cblogger [ERROR]: 		Error while extracting code complexity metrics: expected ':' (<unknown>, line 3)
Traceback (most recent call last):
  File "/root/QuestionInsight/Etapa_1/codebench-mining-tool/util.py", line 551, in extract_complexity_metrics
    v = ComplexityVisitor.from_code(code)
        ^^^^^^^^^^^^^^^^^^^^^^^^^^^^^^^^^
  File "/root/QuestionInsight/.venv/lib/python3.12/site-packages/radon/visitors.py", line 133, in from_code
    return cls.from_ast(code2ast(code), **kwargs)
                        ^^^^^^^^^^^^^^
  File "/root/QuestionInsight/.venv/lib/python3.12/site-packages/radon/visitors.py", line 48, in code2ast
    return ast.parse(source)
           ^^^^^^^^^^^^^^^^^
  File "/usr/lib/python3.12/ast.py", line 52, in parse
    return compile(source, filename, mode, flags,
           ^^^^^^^^^^^^^^^^^^^^^^^^^^^^^^^^^^^^^^
  File "<unknown>", line 3
    if(h>400)
             ^
SyntaxError: expected ':'
2025-08-18 19:37:05,395 cblogger [ERROR]: 		Error while extracting halsted code metrics: expected ':' (<unknown>, line 3)
Traceback (most recent call last):
  File "/root/QuestionInsight/Etapa_1/codebench-mining-tool/util.py", line 569, in extract_halstead_metrics
    h = h_visit(code)
        ^^^^^^^^^^^^^
  File "/root/QuestionInsight/.venv/lib/python3.12/site-packages/radon/metrics.py", line 29, in h_visit
    return h_visit_ast(ast.parse(code))
                       ^^^^^^^^^^^^^^^
  File "/usr/lib/python3.12/ast.py", line 52, in parse
    return compile(source, filename, mode, flags,
           ^^^^^^^^^^^^^^^^^^^^^^^^^^^^^^^^^^^^^^
  File "<unknown>", line 3
    if(h>400)
             ^
SyntaxError: expected ':'
2025-08-18 19:37:06,840 cblogger [ERROR]: 		Error while extracting code complexity metrics: unexpected indent (<unknown>, line 10)
Traceback (most recent call last):
  File "/root/QuestionInsight/Etapa_1/codebench-mining-tool/util.py", line 551, in extract_complexity_metrics
    v = ComplexityVisitor.from_code(code)
        ^^^^^^^^^^^^^^^^^^^^^^^^^^^^^^^^^
  File "/root/QuestionInsight/.venv/lib/python3.12/site-packages/radon/visitors.py", line 133, in from_code
    return cls.from_ast(code2ast(code), **kwargs)
                        ^^^^^^^^^^^^^^
  File "/root/QuestionInsight/.venv/lib/python3.12/site-packages/radon/visitors.py", line 48, in code2ast
    return ast.parse(source)
           ^^^^^^^^^^^^^^^^^
  File "/usr/lib/python3.12/ast.py", line 52, in parse
    return compile(source, filename, mode, flags,
           ^^^^^^^^^^^^^^^^^^^^^^^^^^^^^^^^^^^^^^
  File "<unknown>", line 10
    	 if (f == (9 * c + 32) / 5):
    	^
IndentationError: unexpected indent
2025-08-18 19:37:06,840 cblogger [ERROR]: 		Error while extracting halsted code metrics: unexpected indent (<unknown>, line 10)
Traceback (most recent call last):
  File "/root/QuestionInsight/Etapa_1/codebench-mining-tool/util.py", line 569, in extract_halstead_metrics
    h = h_visit(code)
        ^^^^^^^^^^^^^
  File "/root/QuestionInsight/.venv/lib/python3.12/site-packages/radon/metrics.py", line 29, in h_visit
    return h_visit_ast(ast.parse(code))
                       ^^^^^^^^^^^^^^^
  File "/usr/lib/python3.12/ast.py", line 52, in parse
    return compile(source, filename, mode, flags,
           ^^^^^^^^^^^^^^^^^^^^^^^^^^^^^^^^^^^^^^
  File "<unknown>", line 10
    	 if (f == (9 * c + 32) / 5):
    	^
IndentationError: unexpected indent
2025-08-18 19:37:07,271 cblogger [ERROR]: 		Error while extracting code complexity metrics: invalid syntax (<unknown>, line 4)
Traceback (most recent call last):
  File "/root/QuestionInsight/Etapa_1/codebench-mining-tool/util.py", line 551, in extract_complexity_metrics
    v = ComplexityVisitor.from_code(code)
        ^^^^^^^^^^^^^^^^^^^^^^^^^^^^^^^^^
  File "/root/QuestionInsight/.venv/lib/python3.12/site-packages/radon/visitors.py", line 133, in from_code
    return cls.from_ast(code2ast(code), **kwargs)
                        ^^^^^^^^^^^^^^
  File "/root/QuestionInsight/.venv/lib/python3.12/site-packages/radon/visitors.py", line 48, in code2ast
    return ast.parse(source)
           ^^^^^^^^^^^^^^^^^
  File "/usr/lib/python3.12/ast.py", line 52, in parse
    return compile(source, filename, mode, flags,
           ^^^^^^^^^^^^^^^^^^^^^^^^^^^^^^^^^^^^^^
  File "<unknown>", line 4
    q_final = 1500 * (1 + juros)**
                                  ^
SyntaxError: invalid syntax
2025-08-18 19:37:07,272 cblogger [ERROR]: 		Error while extracting halsted code metrics: invalid syntax (<unknown>, line 4)
Traceback (most recent call last):
  File "/root/QuestionInsight/Etapa_1/codebench-mining-tool/util.py", line 569, in extract_halstead_metrics
    h = h_visit(code)
        ^^^^^^^^^^^^^
  File "/root/QuestionInsight/.venv/lib/python3.12/site-packages/radon/metrics.py", line 29, in h_visit
    return h_visit_ast(ast.parse(code))
                       ^^^^^^^^^^^^^^^
  File "/usr/lib/python3.12/ast.py", line 52, in parse
    return compile(source, filename, mode, flags,
           ^^^^^^^^^^^^^^^^^^^^^^^^^^^^^^^^^^^^^^
  File "<unknown>", line 4
    q_final = 1500 * (1 + juros)**
                                  ^
SyntaxError: invalid syntax
2025-08-18 19:37:07,310 cblogger [ERROR]: 		Error while extracting code complexity metrics: invalid syntax (<unknown>, line 3)
Traceback (most recent call last):
  File "/root/QuestionInsight/Etapa_1/codebench-mining-tool/util.py", line 551, in extract_complexity_metrics
    v = ComplexityVisitor.from_code(code)
        ^^^^^^^^^^^^^^^^^^^^^^^^^^^^^^^^^
  File "/root/QuestionInsight/.venv/lib/python3.12/site-packages/radon/visitors.py", line 133, in from_code
    return cls.from_ast(code2ast(code), **kwargs)
                        ^^^^^^^^^^^^^^
  File "/root/QuestionInsight/.venv/lib/python3.12/site-packages/radon/visitors.py", line 48, in code2ast
    return ast.parse(source)
           ^^^^^^^^^^^^^^^^^
  File "/usr/lib/python3.12/ast.py", line 52, in parse
    return compile(source, filename, mode, flags,
           ^^^^^^^^^^^^^^^^^^^^^^^^^^^^^^^^^^^^^^
  File "<unknown>", line 3
    propriedade = 
                  ^
SyntaxError: invalid syntax
2025-08-18 19:37:07,310 cblogger [ERROR]: 		Error while extracting halsted code metrics: invalid syntax (<unknown>, line 3)
Traceback (most recent call last):
  File "/root/QuestionInsight/Etapa_1/codebench-mining-tool/util.py", line 569, in extract_halstead_metrics
    h = h_visit(code)
        ^^^^^^^^^^^^^
  File "/root/QuestionInsight/.venv/lib/python3.12/site-packages/radon/metrics.py", line 29, in h_visit
    return h_visit_ast(ast.parse(code))
                       ^^^^^^^^^^^^^^^
  File "/usr/lib/python3.12/ast.py", line 52, in parse
    return compile(source, filename, mode, flags,
           ^^^^^^^^^^^^^^^^^^^^^^^^^^^^^^^^^^^^^^
  File "<unknown>", line 3
    propriedade = 
                  ^
SyntaxError: invalid syntax
2025-08-18 19:37:07,374 cblogger [ERROR]: 		Error while extracting code complexity metrics: '(' was never closed (<unknown>, line 6)
Traceback (most recent call last):
  File "/root/QuestionInsight/Etapa_1/codebench-mining-tool/util.py", line 551, in extract_complexity_metrics
    v = ComplexityVisitor.from_code(code)
        ^^^^^^^^^^^^^^^^^^^^^^^^^^^^^^^^^
  File "/root/QuestionInsight/.venv/lib/python3.12/site-packages/radon/visitors.py", line 133, in from_code
    return cls.from_ast(code2ast(code), **kwargs)
                        ^^^^^^^^^^^^^^
  File "/root/QuestionInsight/.venv/lib/python3.12/site-packages/radon/visitors.py", line 48, in code2ast
    return ast.parse(source)
           ^^^^^^^^^^^^^^^^^
  File "/usr/lib/python3.12/ast.py", line 52, in parse
    return compile(source, filename, mode, flags,
           ^^^^^^^^^^^^^^^^^^^^^^^^^^^^^^^^^^^^^^
  File "<unknown>", line 6
    print(round(c, 2)
         ^
SyntaxError: '(' was never closed
2025-08-18 19:37:07,375 cblogger [ERROR]: 		Error while extracting code size based metrics: SyntaxError at line: 6
Traceback (most recent call last):
  File "/root/QuestionInsight/.venv/lib/python3.12/site-packages/radon/raw.py", line 210, in analyze
    tokens, parsed_lines = _get_all_tokens(line, lines)
                           ^^^^^^^^^^^^^^^^^^^^^^^^^^^^
  File "/root/QuestionInsight/.venv/lib/python3.12/site-packages/radon/raw.py", line 117, in _get_all_tokens
    next_line = next(lines)
                ^^^^^^^^^^^
StopIteration

During handling of the above exception, another exception occurred:

Traceback (most recent call last):
  File "/root/QuestionInsight/Etapa_1/codebench-mining-tool/util.py", line 560, in extract_size_metrics
    a = analyze(code)
        ^^^^^^^^^^^^^
  File "/root/QuestionInsight/.venv/lib/python3.12/site-packages/radon/raw.py", line 212, in analyze
    raise SyntaxError('SyntaxError at line: {0}'.format(lineno))
SyntaxError: SyntaxError at line: 6
2025-08-18 19:37:07,375 cblogger [ERROR]: 		Error while extracting halsted code metrics: '(' was never closed (<unknown>, line 6)
Traceback (most recent call last):
  File "/root/QuestionInsight/Etapa_1/codebench-mining-tool/util.py", line 569, in extract_halstead_metrics
    h = h_visit(code)
        ^^^^^^^^^^^^^
  File "/root/QuestionInsight/.venv/lib/python3.12/site-packages/radon/metrics.py", line 29, in h_visit
    return h_visit_ast(ast.parse(code))
                       ^^^^^^^^^^^^^^^
  File "/usr/lib/python3.12/ast.py", line 52, in parse
    return compile(source, filename, mode, flags,
           ^^^^^^^^^^^^^^^^^^^^^^^^^^^^^^^^^^^^^^
  File "<unknown>", line 6
    print(round(c, 2)
         ^
SyntaxError: '(' was never closed
2025-08-18 19:37:07,377 cblogger [ERROR]: 		Error while extracting code complexity metrics: invalid syntax (<unknown>, line 2)
Traceback (most recent call last):
  File "/root/QuestionInsight/Etapa_1/codebench-mining-tool/util.py", line 551, in extract_complexity_metrics
    v = ComplexityVisitor.from_code(code)
        ^^^^^^^^^^^^^^^^^^^^^^^^^^^^^^^^^
  File "/root/QuestionInsight/.venv/lib/python3.12/site-packages/radon/visitors.py", line 133, in from_code
    return cls.from_ast(code2ast(code), **kwargs)
                        ^^^^^^^^^^^^^^
  File "/root/QuestionInsight/.venv/lib/python3.12/site-packages/radon/visitors.py", line 48, in code2ast
    return ast.parse(source)
           ^^^^^^^^^^^^^^^^^
  File "/usr/lib/python3.12/ast.py", line 52, in parse
    return compile(source, filename, mode, flags,
           ^^^^^^^^^^^^^^^^^^^^^^^^^^^^^^^^^^^^^^
  File "<unknown>", line 2
    childe=(bili//100*30%)
                         ^
SyntaxError: invalid syntax
2025-08-18 19:37:07,378 cblogger [ERROR]: 		Error while extracting halsted code metrics: invalid syntax (<unknown>, line 2)
Traceback (most recent call last):
  File "/root/QuestionInsight/Etapa_1/codebench-mining-tool/util.py", line 569, in extract_halstead_metrics
    h = h_visit(code)
        ^^^^^^^^^^^^^
  File "/root/QuestionInsight/.venv/lib/python3.12/site-packages/radon/metrics.py", line 29, in h_visit
    return h_visit_ast(ast.parse(code))
                       ^^^^^^^^^^^^^^^
  File "/usr/lib/python3.12/ast.py", line 52, in parse
    return compile(source, filename, mode, flags,
           ^^^^^^^^^^^^^^^^^^^^^^^^^^^^^^^^^^^^^^
  File "<unknown>", line 2
    childe=(bili//100*30%)
                         ^
SyntaxError: invalid syntax
2025-08-18 19:37:08,031 cblogger [ERROR]: 		Error while extracting code complexity metrics: '(' was never closed (<unknown>, line 5)
Traceback (most recent call last):
  File "/root/QuestionInsight/Etapa_1/codebench-mining-tool/util.py", line 551, in extract_complexity_metrics
    v = ComplexityVisitor.from_code(code)
        ^^^^^^^^^^^^^^^^^^^^^^^^^^^^^^^^^
  File "/root/QuestionInsight/.venv/lib/python3.12/site-packages/radon/visitors.py", line 133, in from_code
    return cls.from_ast(code2ast(code), **kwargs)
                        ^^^^^^^^^^^^^^
  File "/root/QuestionInsight/.venv/lib/python3.12/site-packages/radon/visitors.py", line 48, in code2ast
    return ast.parse(source)
           ^^^^^^^^^^^^^^^^^
  File "/usr/lib/python3.12/ast.py", line 52, in parse
    return compile(source, filename, mode, flags,
           ^^^^^^^^^^^^^^^^^^^^^^^^^^^^^^^^^^^^^^
  File "<unknown>", line 5
    a=(1/2)*((r*cos(pi/n))**2*tan(pi/n)
            ^
SyntaxError: '(' was never closed
2025-08-18 19:37:08,032 cblogger [ERROR]: 		Error while extracting code size based metrics: SyntaxError at line: 5
Traceback (most recent call last):
  File "/root/QuestionInsight/.venv/lib/python3.12/site-packages/radon/raw.py", line 210, in analyze
    tokens, parsed_lines = _get_all_tokens(line, lines)
                           ^^^^^^^^^^^^^^^^^^^^^^^^^^^^
  File "/root/QuestionInsight/.venv/lib/python3.12/site-packages/radon/raw.py", line 117, in _get_all_tokens
    next_line = next(lines)
                ^^^^^^^^^^^
StopIteration

During handling of the above exception, another exception occurred:

Traceback (most recent call last):
  File "/root/QuestionInsight/Etapa_1/codebench-mining-tool/util.py", line 560, in extract_size_metrics
    a = analyze(code)
        ^^^^^^^^^^^^^
  File "/root/QuestionInsight/.venv/lib/python3.12/site-packages/radon/raw.py", line 212, in analyze
    raise SyntaxError('SyntaxError at line: {0}'.format(lineno))
SyntaxError: SyntaxError at line: 5
2025-08-18 19:37:08,033 cblogger [ERROR]: 		Error while extracting halsted code metrics: '(' was never closed (<unknown>, line 5)
Traceback (most recent call last):
  File "/root/QuestionInsight/Etapa_1/codebench-mining-tool/util.py", line 569, in extract_halstead_metrics
    h = h_visit(code)
        ^^^^^^^^^^^^^
  File "/root/QuestionInsight/.venv/lib/python3.12/site-packages/radon/metrics.py", line 29, in h_visit
    return h_visit_ast(ast.parse(code))
                       ^^^^^^^^^^^^^^^
  File "/usr/lib/python3.12/ast.py", line 52, in parse
    return compile(source, filename, mode, flags,
           ^^^^^^^^^^^^^^^^^^^^^^^^^^^^^^^^^^^^^^
  File "<unknown>", line 5
    a=(1/2)*((r*cos(pi/n))**2*tan(pi/n)
            ^
SyntaxError: '(' was never closed
2025-08-18 19:37:08,109 cblogger [ERROR]: 		Error while extracting code complexity metrics: expected ':' (<unknown>, line 2)
Traceback (most recent call last):
  File "/root/QuestionInsight/Etapa_1/codebench-mining-tool/util.py", line 551, in extract_complexity_metrics
    v = ComplexityVisitor.from_code(code)
        ^^^^^^^^^^^^^^^^^^^^^^^^^^^^^^^^^
  File "/root/QuestionInsight/.venv/lib/python3.12/site-packages/radon/visitors.py", line 133, in from_code
    return cls.from_ast(code2ast(code), **kwargs)
                        ^^^^^^^^^^^^^^
  File "/root/QuestionInsight/.venv/lib/python3.12/site-packages/radon/visitors.py", line 48, in code2ast
    return ast.parse(source)
           ^^^^^^^^^^^^^^^^^
  File "/usr/lib/python3.12/ast.py", line 52, in parse
    return compile(source, filename, mode, flags,
           ^^^^^^^^^^^^^^^^^^^^^^^^^^^^^^^^^^^^^^
  File "<unknown>", line 2
    if (x < 10)
               ^
SyntaxError: expected ':'
2025-08-18 19:37:08,109 cblogger [ERROR]: 		Error while extracting halsted code metrics: expected ':' (<unknown>, line 2)
Traceback (most recent call last):
  File "/root/QuestionInsight/Etapa_1/codebench-mining-tool/util.py", line 569, in extract_halstead_metrics
    h = h_visit(code)
        ^^^^^^^^^^^^^
  File "/root/QuestionInsight/.venv/lib/python3.12/site-packages/radon/metrics.py", line 29, in h_visit
    return h_visit_ast(ast.parse(code))
                       ^^^^^^^^^^^^^^^
  File "/usr/lib/python3.12/ast.py", line 52, in parse
    return compile(source, filename, mode, flags,
           ^^^^^^^^^^^^^^^^^^^^^^^^^^^^^^^^^^^^^^
  File "<unknown>", line 2
    if (x < 10)
               ^
SyntaxError: expected ':'
2025-08-18 19:37:08,123 cblogger [ERROR]: 		Error while extracting code complexity metrics: expected ':' (<unknown>, line 7)
Traceback (most recent call last):
  File "/root/QuestionInsight/Etapa_1/codebench-mining-tool/util.py", line 551, in extract_complexity_metrics
    v = ComplexityVisitor.from_code(code)
        ^^^^^^^^^^^^^^^^^^^^^^^^^^^^^^^^^
  File "/root/QuestionInsight/.venv/lib/python3.12/site-packages/radon/visitors.py", line 133, in from_code
    return cls.from_ast(code2ast(code), **kwargs)
                        ^^^^^^^^^^^^^^
  File "/root/QuestionInsight/.venv/lib/python3.12/site-packages/radon/visitors.py", line 48, in code2ast
    return ast.parse(source)
           ^^^^^^^^^^^^^^^^^
  File "/usr/lib/python3.12/ast.py", line 52, in parse
    return compile(source, filename, mode, flags,
           ^^^^^^^^^^^^^^^^^^^^^^^^^^^^^^^^^^^^^^
  File "<unknown>", line 7
    if (num % 2 == 0)
                     ^
SyntaxError: expected ':'
2025-08-18 19:37:08,123 cblogger [ERROR]: 		Error while extracting halsted code metrics: expected ':' (<unknown>, line 7)
Traceback (most recent call last):
  File "/root/QuestionInsight/Etapa_1/codebench-mining-tool/util.py", line 569, in extract_halstead_metrics
    h = h_visit(code)
        ^^^^^^^^^^^^^
  File "/root/QuestionInsight/.venv/lib/python3.12/site-packages/radon/metrics.py", line 29, in h_visit
    return h_visit_ast(ast.parse(code))
                       ^^^^^^^^^^^^^^^
  File "/usr/lib/python3.12/ast.py", line 52, in parse
    return compile(source, filename, mode, flags,
           ^^^^^^^^^^^^^^^^^^^^^^^^^^^^^^^^^^^^^^
  File "<unknown>", line 7
    if (num % 2 == 0)
                     ^
SyntaxError: expected ':'
2025-08-18 19:37:08,165 cblogger [ERROR]: 		Error while extracting code complexity metrics: expected ':' (<unknown>, line 8)
Traceback (most recent call last):
  File "/root/QuestionInsight/Etapa_1/codebench-mining-tool/util.py", line 551, in extract_complexity_metrics
    v = ComplexityVisitor.from_code(code)
        ^^^^^^^^^^^^^^^^^^^^^^^^^^^^^^^^^
  File "/root/QuestionInsight/.venv/lib/python3.12/site-packages/radon/visitors.py", line 133, in from_code
    return cls.from_ast(code2ast(code), **kwargs)
                        ^^^^^^^^^^^^^^
  File "/root/QuestionInsight/.venv/lib/python3.12/site-packages/radon/visitors.py", line 48, in code2ast
    return ast.parse(source)
           ^^^^^^^^^^^^^^^^^
  File "/usr/lib/python3.12/ast.py", line 52, in parse
    return compile(source, filename, mode, flags,
           ^^^^^^^^^^^^^^^^^^^^^^^^^^^^^^^^^^^^^^
  File "<unknown>", line 8
    else (nome == "h"):
         ^
SyntaxError: expected ':'
2025-08-18 19:37:08,166 cblogger [ERROR]: 		Error while extracting halsted code metrics: expected ':' (<unknown>, line 8)
Traceback (most recent call last):
  File "/root/QuestionInsight/Etapa_1/codebench-mining-tool/util.py", line 569, in extract_halstead_metrics
    h = h_visit(code)
        ^^^^^^^^^^^^^
  File "/root/QuestionInsight/.venv/lib/python3.12/site-packages/radon/metrics.py", line 29, in h_visit
    return h_visit_ast(ast.parse(code))
                       ^^^^^^^^^^^^^^^
  File "/usr/lib/python3.12/ast.py", line 52, in parse
    return compile(source, filename, mode, flags,
           ^^^^^^^^^^^^^^^^^^^^^^^^^^^^^^^^^^^^^^
  File "<unknown>", line 8
    else (nome == "h"):
         ^
SyntaxError: expected ':'
2025-08-18 19:37:08,285 cblogger [ERROR]: 		Error while extracting code complexity metrics: expected ':' (<unknown>, line 7)
Traceback (most recent call last):
  File "/root/QuestionInsight/Etapa_1/codebench-mining-tool/util.py", line 551, in extract_complexity_metrics
    v = ComplexityVisitor.from_code(code)
        ^^^^^^^^^^^^^^^^^^^^^^^^^^^^^^^^^
  File "/root/QuestionInsight/.venv/lib/python3.12/site-packages/radon/visitors.py", line 133, in from_code
    return cls.from_ast(code2ast(code), **kwargs)
                        ^^^^^^^^^^^^^^
  File "/root/QuestionInsight/.venv/lib/python3.12/site-packages/radon/visitors.py", line 48, in code2ast
    return ast.parse(source)
           ^^^^^^^^^^^^^^^^^
  File "/usr/lib/python3.12/ast.py", line 52, in parse
    return compile(source, filename, mode, flags,
           ^^^^^^^^^^^^^^^^^^^^^^^^^^^^^^^^^^^^^^
  File "<unknown>", line 7
    if (num % 2 == 0)
                     ^
SyntaxError: expected ':'
2025-08-18 19:37:08,285 cblogger [ERROR]: 		Error while extracting halsted code metrics: expected ':' (<unknown>, line 7)
Traceback (most recent call last):
  File "/root/QuestionInsight/Etapa_1/codebench-mining-tool/util.py", line 569, in extract_halstead_metrics
    h = h_visit(code)
        ^^^^^^^^^^^^^
  File "/root/QuestionInsight/.venv/lib/python3.12/site-packages/radon/metrics.py", line 29, in h_visit
    return h_visit_ast(ast.parse(code))
                       ^^^^^^^^^^^^^^^
  File "/usr/lib/python3.12/ast.py", line 52, in parse
    return compile(source, filename, mode, flags,
           ^^^^^^^^^^^^^^^^^^^^^^^^^^^^^^^^^^^^^^
  File "<unknown>", line 7
    if (num % 2 == 0)
                     ^
SyntaxError: expected ':'
2025-08-18 19:37:08,326 cblogger [ERROR]: 		Error while extracting code complexity metrics: '(' was never closed (<unknown>, line 6)
Traceback (most recent call last):
  File "/root/QuestionInsight/Etapa_1/codebench-mining-tool/util.py", line 551, in extract_complexity_metrics
    v = ComplexityVisitor.from_code(code)
        ^^^^^^^^^^^^^^^^^^^^^^^^^^^^^^^^^
  File "/root/QuestionInsight/.venv/lib/python3.12/site-packages/radon/visitors.py", line 133, in from_code
    return cls.from_ast(code2ast(code), **kwargs)
                        ^^^^^^^^^^^^^^
  File "/root/QuestionInsight/.venv/lib/python3.12/site-packages/radon/visitors.py", line 48, in code2ast
    return ast.parse(source)
           ^^^^^^^^^^^^^^^^^
  File "/usr/lib/python3.12/ast.py", line 52, in parse
    return compile(source, filename, mode, flags,
           ^^^^^^^^^^^^^^^^^^^^^^^^^^^^^^^^^^^^^^
  File "<unknown>", line 6
    a=(float(sqrt((b**2) + (c**2) - 2*((b)*(c)*(radians(cos(bc))))))
      ^
SyntaxError: '(' was never closed
2025-08-18 19:37:08,327 cblogger [ERROR]: 		Error while extracting code size based metrics: SyntaxError at line: 6
Traceback (most recent call last):
  File "/root/QuestionInsight/.venv/lib/python3.12/site-packages/radon/raw.py", line 210, in analyze
    tokens, parsed_lines = _get_all_tokens(line, lines)
                           ^^^^^^^^^^^^^^^^^^^^^^^^^^^^
  File "/root/QuestionInsight/.venv/lib/python3.12/site-packages/radon/raw.py", line 117, in _get_all_tokens
    next_line = next(lines)
                ^^^^^^^^^^^
StopIteration

During handling of the above exception, another exception occurred:

Traceback (most recent call last):
  File "/root/QuestionInsight/Etapa_1/codebench-mining-tool/util.py", line 560, in extract_size_metrics
    a = analyze(code)
        ^^^^^^^^^^^^^
  File "/root/QuestionInsight/.venv/lib/python3.12/site-packages/radon/raw.py", line 212, in analyze
    raise SyntaxError('SyntaxError at line: {0}'.format(lineno))
SyntaxError: SyntaxError at line: 6
2025-08-18 19:37:08,328 cblogger [ERROR]: 		Error while extracting halsted code metrics: '(' was never closed (<unknown>, line 6)
Traceback (most recent call last):
  File "/root/QuestionInsight/Etapa_1/codebench-mining-tool/util.py", line 569, in extract_halstead_metrics
    h = h_visit(code)
        ^^^^^^^^^^^^^
  File "/root/QuestionInsight/.venv/lib/python3.12/site-packages/radon/metrics.py", line 29, in h_visit
    return h_visit_ast(ast.parse(code))
                       ^^^^^^^^^^^^^^^
  File "/usr/lib/python3.12/ast.py", line 52, in parse
    return compile(source, filename, mode, flags,
           ^^^^^^^^^^^^^^^^^^^^^^^^^^^^^^^^^^^^^^
  File "<unknown>", line 6
    a=(float(sqrt((b**2) + (c**2) - 2*((b)*(c)*(radians(cos(bc))))))
      ^
SyntaxError: '(' was never closed
2025-08-18 19:37:08,489 cblogger [ERROR]: 		Error while extracting code complexity metrics: invalid syntax (<unknown>, line 4)
Traceback (most recent call last):
  File "/root/QuestionInsight/Etapa_1/codebench-mining-tool/util.py", line 551, in extract_complexity_metrics
    v = ComplexityVisitor.from_code(code)
        ^^^^^^^^^^^^^^^^^^^^^^^^^^^^^^^^^
  File "/root/QuestionInsight/.venv/lib/python3.12/site-packages/radon/visitors.py", line 133, in from_code
    return cls.from_ast(code2ast(code), **kwargs)
                        ^^^^^^^^^^^^^^
  File "/root/QuestionInsight/.venv/lib/python3.12/site-packages/radon/visitors.py", line 48, in code2ast
    return ast.parse(source)
           ^^^^^^^^^^^^^^^^^
  File "/usr/lib/python3.12/ast.py", line 52, in parse
    return compile(source, filename, mode, flags,
           ^^^^^^^^^^^^^^^^^^^^^^^^^^^^^^^^^^^^^^
  File "<unknown>", line 4
    m=
      ^
SyntaxError: invalid syntax
2025-08-18 19:37:08,490 cblogger [ERROR]: 		Error while extracting halsted code metrics: invalid syntax (<unknown>, line 4)
Traceback (most recent call last):
  File "/root/QuestionInsight/Etapa_1/codebench-mining-tool/util.py", line 569, in extract_halstead_metrics
    h = h_visit(code)
        ^^^^^^^^^^^^^
  File "/root/QuestionInsight/.venv/lib/python3.12/site-packages/radon/metrics.py", line 29, in h_visit
    return h_visit_ast(ast.parse(code))
                       ^^^^^^^^^^^^^^^
  File "/usr/lib/python3.12/ast.py", line 52, in parse
    return compile(source, filename, mode, flags,
           ^^^^^^^^^^^^^^^^^^^^^^^^^^^^^^^^^^^^^^
  File "<unknown>", line 4
    m=
      ^
SyntaxError: invalid syntax
2025-08-18 19:37:08,813 cblogger [ERROR]: 		Error while extracting code complexity metrics: '(' was never closed (<unknown>, line 2)
Traceback (most recent call last):
  File "/root/QuestionInsight/Etapa_1/codebench-mining-tool/util.py", line 551, in extract_complexity_metrics
    v = ComplexityVisitor.from_code(code)
        ^^^^^^^^^^^^^^^^^^^^^^^^^^^^^^^^^
  File "/root/QuestionInsight/.venv/lib/python3.12/site-packages/radon/visitors.py", line 133, in from_code
    return cls.from_ast(code2ast(code), **kwargs)
                        ^^^^^^^^^^^^^^
  File "/root/QuestionInsight/.venv/lib/python3.12/site-packages/radon/visitors.py", line 48, in code2ast
    return ast.parse(source)
           ^^^^^^^^^^^^^^^^^
  File "/usr/lib/python3.12/ast.py", line 52, in parse
    return compile(source, filename, mode, flags,
           ^^^^^^^^^^^^^^^^^^^^^^^^^^^^^^^^^^^^^^
  File "<unknown>", line 2
    b= float(input("valor b : ")
            ^
SyntaxError: '(' was never closed
2025-08-18 19:37:08,814 cblogger [ERROR]: 		Error while extracting code size based metrics: SyntaxError at line: 2
Traceback (most recent call last):
  File "/root/QuestionInsight/.venv/lib/python3.12/site-packages/radon/raw.py", line 210, in analyze
    tokens, parsed_lines = _get_all_tokens(line, lines)
                           ^^^^^^^^^^^^^^^^^^^^^^^^^^^^
  File "/root/QuestionInsight/.venv/lib/python3.12/site-packages/radon/raw.py", line 117, in _get_all_tokens
    next_line = next(lines)
                ^^^^^^^^^^^
StopIteration

During handling of the above exception, another exception occurred:

Traceback (most recent call last):
  File "/root/QuestionInsight/Etapa_1/codebench-mining-tool/util.py", line 560, in extract_size_metrics
    a = analyze(code)
        ^^^^^^^^^^^^^
  File "/root/QuestionInsight/.venv/lib/python3.12/site-packages/radon/raw.py", line 212, in analyze
    raise SyntaxError('SyntaxError at line: {0}'.format(lineno))
SyntaxError: SyntaxError at line: 2
2025-08-18 19:37:08,814 cblogger [ERROR]: 		Error while extracting halsted code metrics: '(' was never closed (<unknown>, line 2)
Traceback (most recent call last):
  File "/root/QuestionInsight/Etapa_1/codebench-mining-tool/util.py", line 569, in extract_halstead_metrics
    h = h_visit(code)
        ^^^^^^^^^^^^^
  File "/root/QuestionInsight/.venv/lib/python3.12/site-packages/radon/metrics.py", line 29, in h_visit
    return h_visit_ast(ast.parse(code))
                       ^^^^^^^^^^^^^^^
  File "/usr/lib/python3.12/ast.py", line 52, in parse
    return compile(source, filename, mode, flags,
           ^^^^^^^^^^^^^^^^^^^^^^^^^^^^^^^^^^^^^^
  File "<unknown>", line 2
    b= float(input("valor b : ")
            ^
SyntaxError: '(' was never closed
2025-08-18 19:37:08,863 cblogger [ERROR]: 		Error while extracting code complexity metrics: expression cannot contain assignment, perhaps you meant "=="? (<unknown>, line 8)
Traceback (most recent call last):
  File "/root/QuestionInsight/Etapa_1/codebench-mining-tool/util.py", line 551, in extract_complexity_metrics
    v = ComplexityVisitor.from_code(code)
        ^^^^^^^^^^^^^^^^^^^^^^^^^^^^^^^^^
  File "/root/QuestionInsight/.venv/lib/python3.12/site-packages/radon/visitors.py", line 133, in from_code
    return cls.from_ast(code2ast(code), **kwargs)
                        ^^^^^^^^^^^^^^
  File "/root/QuestionInsight/.venv/lib/python3.12/site-packages/radon/visitors.py", line 48, in code2ast
    return ast.parse(source)
           ^^^^^^^^^^^^^^^^^
  File "/usr/lib/python3.12/ast.py", line 52, in parse
    return compile(source, filename, mode, flags,
           ^^^^^^^^^^^^^^^^^^^^^^^^^^^^^^^^^^^^^^
  File "<unknown>", line 8
    	print(mensagem.lower() = "Par")
    	      ^^^^^^^^^^^^^^^^^^
SyntaxError: expression cannot contain assignment, perhaps you meant "=="?
2025-08-18 19:37:08,864 cblogger [ERROR]: 		Error while extracting halsted code metrics: expression cannot contain assignment, perhaps you meant "=="? (<unknown>, line 8)
Traceback (most recent call last):
  File "/root/QuestionInsight/Etapa_1/codebench-mining-tool/util.py", line 569, in extract_halstead_metrics
    h = h_visit(code)
        ^^^^^^^^^^^^^
  File "/root/QuestionInsight/.venv/lib/python3.12/site-packages/radon/metrics.py", line 29, in h_visit
    return h_visit_ast(ast.parse(code))
                       ^^^^^^^^^^^^^^^
  File "/usr/lib/python3.12/ast.py", line 52, in parse
    return compile(source, filename, mode, flags,
           ^^^^^^^^^^^^^^^^^^^^^^^^^^^^^^^^^^^^^^
  File "<unknown>", line 8
    	print(mensagem.lower() = "Par")
    	      ^^^^^^^^^^^^^^^^^^
SyntaxError: expression cannot contain assignment, perhaps you meant "=="?
2025-08-18 19:37:08,900 cblogger [ERROR]: 		Error while extracting code complexity metrics: invalid character '–' (U+2013) (<unknown>, line 1)
Traceback (most recent call last):
  File "/root/QuestionInsight/Etapa_1/codebench-mining-tool/util.py", line 551, in extract_complexity_metrics
    v = ComplexityVisitor.from_code(code)
        ^^^^^^^^^^^^^^^^^^^^^^^^^^^^^^^^^
  File "/root/QuestionInsight/.venv/lib/python3.12/site-packages/radon/visitors.py", line 133, in from_code
    return cls.from_ast(code2ast(code), **kwargs)
                        ^^^^^^^^^^^^^^
  File "/root/QuestionInsight/.venv/lib/python3.12/site-packages/radon/visitors.py", line 48, in code2ast
    return ast.parse(source)
           ^^^^^^^^^^^^^^^^^
  File "/usr/lib/python3.12/ast.py", line 52, in parse
    return compile(source, filename, mode, flags,
           ^^^^^^^^^^^^^^^^^^^^^^^^^^^^^^^^^^^^^^
  File "<unknown>", line 1
    expressao = 30 – 3 ** 2 + 8 // 3 ** 2 * 10
                   ^
SyntaxError: invalid character '–' (U+2013)
2025-08-18 19:37:08,901 cblogger [ERROR]: 		Error while extracting halsted code metrics: invalid character '–' (U+2013) (<unknown>, line 1)
Traceback (most recent call last):
  File "/root/QuestionInsight/Etapa_1/codebench-mining-tool/util.py", line 569, in extract_halstead_metrics
    h = h_visit(code)
        ^^^^^^^^^^^^^
  File "/root/QuestionInsight/.venv/lib/python3.12/site-packages/radon/metrics.py", line 29, in h_visit
    return h_visit_ast(ast.parse(code))
                       ^^^^^^^^^^^^^^^
  File "/usr/lib/python3.12/ast.py", line 52, in parse
    return compile(source, filename, mode, flags,
           ^^^^^^^^^^^^^^^^^^^^^^^^^^^^^^^^^^^^^^
  File "<unknown>", line 1
    expressao = 30 – 3 ** 2 + 8 // 3 ** 2 * 10
                   ^
SyntaxError: invalid character '–' (U+2013)
2025-08-18 19:37:08,924 cblogger [ERROR]: 		Error while extracting code complexity metrics: invalid syntax (<unknown>, line 2)
Traceback (most recent call last):
  File "/root/QuestionInsight/Etapa_1/codebench-mining-tool/util.py", line 551, in extract_complexity_metrics
    v = ComplexityVisitor.from_code(code)
        ^^^^^^^^^^^^^^^^^^^^^^^^^^^^^^^^^
  File "/root/QuestionInsight/.venv/lib/python3.12/site-packages/radon/visitors.py", line 133, in from_code
    return cls.from_ast(code2ast(code), **kwargs)
                        ^^^^^^^^^^^^^^
  File "/root/QuestionInsight/.venv/lib/python3.12/site-packages/radon/visitors.py", line 48, in code2ast
    return ast.parse(source)
           ^^^^^^^^^^^^^^^^^
  File "/usr/lib/python3.12/ast.py", line 52, in parse
    return compile(source, filename, mode, flags,
           ^^^^^^^^^^^^^^^^^^^^^^^^^^^^^^^^^^^^^^
  File "<unknown>", line 2
    area = 
           ^
SyntaxError: invalid syntax
2025-08-18 19:37:08,924 cblogger [ERROR]: 		Error while extracting halsted code metrics: invalid syntax (<unknown>, line 2)
Traceback (most recent call last):
  File "/root/QuestionInsight/Etapa_1/codebench-mining-tool/util.py", line 569, in extract_halstead_metrics
    h = h_visit(code)
        ^^^^^^^^^^^^^
  File "/root/QuestionInsight/.venv/lib/python3.12/site-packages/radon/metrics.py", line 29, in h_visit
    return h_visit_ast(ast.parse(code))
                       ^^^^^^^^^^^^^^^
  File "/usr/lib/python3.12/ast.py", line 52, in parse
    return compile(source, filename, mode, flags,
           ^^^^^^^^^^^^^^^^^^^^^^^^^^^^^^^^^^^^^^
  File "<unknown>", line 2
    area = 
           ^
SyntaxError: invalid syntax
2025-08-18 19:37:09,082 cblogger [ERROR]: 		Error while extracting code complexity metrics: invalid syntax (<unknown>, line 1)
Traceback (most recent call last):
  File "/root/QuestionInsight/Etapa_1/codebench-mining-tool/util.py", line 551, in extract_complexity_metrics
    v = ComplexityVisitor.from_code(code)
        ^^^^^^^^^^^^^^^^^^^^^^^^^^^^^^^^^
  File "/root/QuestionInsight/.venv/lib/python3.12/site-packages/radon/visitors.py", line 133, in from_code
    return cls.from_ast(code2ast(code), **kwargs)
                        ^^^^^^^^^^^^^^
  File "/root/QuestionInsight/.venv/lib/python3.12/site-packages/radon/visitors.py", line 48, in code2ast
    return ast.parse(source)
           ^^^^^^^^^^^^^^^^^
  File "/usr/lib/python3.12/ast.py", line 52, in parse
    return compile(source, filename, mode, flags,
           ^^^^^^^^^^^^^^^^^^^^^^^^^^^^^^^^^^^^^^
  File "<unknown>", line 1
    print(4*)
            ^
SyntaxError: invalid syntax
2025-08-18 19:37:09,083 cblogger [ERROR]: 		Error while extracting halsted code metrics: invalid syntax (<unknown>, line 1)
Traceback (most recent call last):
  File "/root/QuestionInsight/Etapa_1/codebench-mining-tool/util.py", line 569, in extract_halstead_metrics
    h = h_visit(code)
        ^^^^^^^^^^^^^
  File "/root/QuestionInsight/.venv/lib/python3.12/site-packages/radon/metrics.py", line 29, in h_visit
    return h_visit_ast(ast.parse(code))
                       ^^^^^^^^^^^^^^^
  File "/usr/lib/python3.12/ast.py", line 52, in parse
    return compile(source, filename, mode, flags,
           ^^^^^^^^^^^^^^^^^^^^^^^^^^^^^^^^^^^^^^
  File "<unknown>", line 1
    print(4*)
            ^
SyntaxError: invalid syntax
2025-08-18 19:37:09,561 cblogger [ERROR]: 		Error while extracting code complexity metrics: invalid syntax. Perhaps you forgot a comma? (<unknown>, line 6)
Traceback (most recent call last):
  File "/root/QuestionInsight/Etapa_1/codebench-mining-tool/util.py", line 551, in extract_complexity_metrics
    v = ComplexityVisitor.from_code(code)
        ^^^^^^^^^^^^^^^^^^^^^^^^^^^^^^^^^
  File "/root/QuestionInsight/.venv/lib/python3.12/site-packages/radon/visitors.py", line 133, in from_code
    return cls.from_ast(code2ast(code), **kwargs)
                        ^^^^^^^^^^^^^^
  File "/root/QuestionInsight/.venv/lib/python3.12/site-packages/radon/visitors.py", line 48, in code2ast
    return ast.parse(source)
           ^^^^^^^^^^^^^^^^^
  File "/usr/lib/python3.12/ast.py", line 52, in parse
    return compile(source, filename, mode, flags,
           ^^^^^^^^^^^^^^^^^^^^^^^^^^^^^^^^^^^^^^
  File "<unknown>", line 6
    print(round mp / 2 , 2)
          ^^^^^^^^^^^^
SyntaxError: invalid syntax. Perhaps you forgot a comma?
2025-08-18 19:37:09,562 cblogger [ERROR]: 		Error while extracting halsted code metrics: invalid syntax. Perhaps you forgot a comma? (<unknown>, line 6)
Traceback (most recent call last):
  File "/root/QuestionInsight/Etapa_1/codebench-mining-tool/util.py", line 569, in extract_halstead_metrics
    h = h_visit(code)
        ^^^^^^^^^^^^^
  File "/root/QuestionInsight/.venv/lib/python3.12/site-packages/radon/metrics.py", line 29, in h_visit
    return h_visit_ast(ast.parse(code))
                       ^^^^^^^^^^^^^^^
  File "/usr/lib/python3.12/ast.py", line 52, in parse
    return compile(source, filename, mode, flags,
           ^^^^^^^^^^^^^^^^^^^^^^^^^^^^^^^^^^^^^^
  File "<unknown>", line 6
    print(round mp / 2 , 2)
          ^^^^^^^^^^^^
SyntaxError: invalid syntax. Perhaps you forgot a comma?
2025-08-18 19:37:09,594 cblogger [ERROR]: 		Error while extracting code complexity metrics: unindent does not match any outer indentation level (<unknown>, line 6)
Traceback (most recent call last):
  File "/root/QuestionInsight/Etapa_1/codebench-mining-tool/util.py", line 551, in extract_complexity_metrics
    v = ComplexityVisitor.from_code(code)
        ^^^^^^^^^^^^^^^^^^^^^^^^^^^^^^^^^
  File "/root/QuestionInsight/.venv/lib/python3.12/site-packages/radon/visitors.py", line 133, in from_code
    return cls.from_ast(code2ast(code), **kwargs)
                        ^^^^^^^^^^^^^^
  File "/root/QuestionInsight/.venv/lib/python3.12/site-packages/radon/visitors.py", line 48, in code2ast
    return ast.parse(source)
           ^^^^^^^^^^^^^^^^^
  File "/usr/lib/python3.12/ast.py", line 52, in parse
    return compile(source, filename, mode, flags,
           ^^^^^^^^^^^^^^^^^^^^^^^^^^^^^^^^^^^^^^
  File "<unknown>", line 6
    	mensagem = " a " 
    	                 ^
IndentationError: unindent does not match any outer indentation level
2025-08-18 19:37:09,594 cblogger [ERROR]: 		Error while extracting halsted code metrics: unindent does not match any outer indentation level (<unknown>, line 6)
Traceback (most recent call last):
  File "/root/QuestionInsight/Etapa_1/codebench-mining-tool/util.py", line 569, in extract_halstead_metrics
    h = h_visit(code)
        ^^^^^^^^^^^^^
  File "/root/QuestionInsight/.venv/lib/python3.12/site-packages/radon/metrics.py", line 29, in h_visit
    return h_visit_ast(ast.parse(code))
                       ^^^^^^^^^^^^^^^
  File "/usr/lib/python3.12/ast.py", line 52, in parse
    return compile(source, filename, mode, flags,
           ^^^^^^^^^^^^^^^^^^^^^^^^^^^^^^^^^^^^^^
  File "<unknown>", line 6
    	mensagem = " a " 
    	                 ^
IndentationError: unindent does not match any outer indentation level
2025-08-18 19:37:09,764 cblogger [ERROR]: 		Error while extracting code complexity metrics: '(' was never closed (<unknown>, line 5)
Traceback (most recent call last):
  File "/root/QuestionInsight/Etapa_1/codebench-mining-tool/util.py", line 551, in extract_complexity_metrics
    v = ComplexityVisitor.from_code(code)
        ^^^^^^^^^^^^^^^^^^^^^^^^^^^^^^^^^
  File "/root/QuestionInsight/.venv/lib/python3.12/site-packages/radon/visitors.py", line 133, in from_code
    return cls.from_ast(code2ast(code), **kwargs)
                        ^^^^^^^^^^^^^^
  File "/root/QuestionInsight/.venv/lib/python3.12/site-packages/radon/visitors.py", line 48, in code2ast
    return ast.parse(source)
           ^^^^^^^^^^^^^^^^^
  File "/usr/lib/python3.12/ast.py", line 52, in parse
    return compile(source, filename, mode, flags,
           ^^^^^^^^^^^^^^^^^^^^^^^^^^^^^^^^^^^^^^
  File "<unknown>", line 5
    d = (v**2)*(radians(sin(2*a)/g)
               ^
SyntaxError: '(' was never closed
2025-08-18 19:37:09,765 cblogger [ERROR]: 		Error while extracting code size based metrics: SyntaxError at line: 5
Traceback (most recent call last):
  File "/root/QuestionInsight/.venv/lib/python3.12/site-packages/radon/raw.py", line 210, in analyze
    tokens, parsed_lines = _get_all_tokens(line, lines)
                           ^^^^^^^^^^^^^^^^^^^^^^^^^^^^
  File "/root/QuestionInsight/.venv/lib/python3.12/site-packages/radon/raw.py", line 117, in _get_all_tokens
    next_line = next(lines)
                ^^^^^^^^^^^
StopIteration

During handling of the above exception, another exception occurred:

Traceback (most recent call last):
  File "/root/QuestionInsight/Etapa_1/codebench-mining-tool/util.py", line 560, in extract_size_metrics
    a = analyze(code)
        ^^^^^^^^^^^^^
  File "/root/QuestionInsight/.venv/lib/python3.12/site-packages/radon/raw.py", line 212, in analyze
    raise SyntaxError('SyntaxError at line: {0}'.format(lineno))
SyntaxError: SyntaxError at line: 5
2025-08-18 19:37:09,766 cblogger [ERROR]: 		Error while extracting halsted code metrics: '(' was never closed (<unknown>, line 5)
Traceback (most recent call last):
  File "/root/QuestionInsight/Etapa_1/codebench-mining-tool/util.py", line 569, in extract_halstead_metrics
    h = h_visit(code)
        ^^^^^^^^^^^^^
  File "/root/QuestionInsight/.venv/lib/python3.12/site-packages/radon/metrics.py", line 29, in h_visit
    return h_visit_ast(ast.parse(code))
                       ^^^^^^^^^^^^^^^
  File "/usr/lib/python3.12/ast.py", line 52, in parse
    return compile(source, filename, mode, flags,
           ^^^^^^^^^^^^^^^^^^^^^^^^^^^^^^^^^^^^^^
  File "<unknown>", line 5
    d = (v**2)*(radians(sin(2*a)/g)
               ^
SyntaxError: '(' was never closed
2025-08-18 19:37:09,790 cblogger [ERROR]: 		Error while extracting code complexity metrics: invalid syntax (<unknown>, line 1)
Traceback (most recent call last):
  File "/root/QuestionInsight/Etapa_1/codebench-mining-tool/util.py", line 551, in extract_complexity_metrics
    v = ComplexityVisitor.from_code(code)
        ^^^^^^^^^^^^^^^^^^^^^^^^^^^^^^^^^
  File "/root/QuestionInsight/.venv/lib/python3.12/site-packages/radon/visitors.py", line 133, in from_code
    return cls.from_ast(code2ast(code), **kwargs)
                        ^^^^^^^^^^^^^^
  File "/root/QuestionInsight/.venv/lib/python3.12/site-packages/radon/visitors.py", line 48, in code2ast
    return ast.parse(source)
           ^^^^^^^^^^^^^^^^^
  File "/usr/lib/python3.12/ast.py", line 52, in parse
    return compile(source, filename, mode, flags,
           ^^^^^^^^^^^^^^^^^^^^^^^^^^^^^^^^^^^^^^
  File "<unknown>", line 1
    frase = 
            ^
SyntaxError: invalid syntax
2025-08-18 19:37:09,790 cblogger [ERROR]: 		Error while extracting halsted code metrics: invalid syntax (<unknown>, line 1)
Traceback (most recent call last):
  File "/root/QuestionInsight/Etapa_1/codebench-mining-tool/util.py", line 569, in extract_halstead_metrics
    h = h_visit(code)
        ^^^^^^^^^^^^^
  File "/root/QuestionInsight/.venv/lib/python3.12/site-packages/radon/metrics.py", line 29, in h_visit
    return h_visit_ast(ast.parse(code))
                       ^^^^^^^^^^^^^^^
  File "/usr/lib/python3.12/ast.py", line 52, in parse
    return compile(source, filename, mode, flags,
           ^^^^^^^^^^^^^^^^^^^^^^^^^^^^^^^^^^^^^^
  File "<unknown>", line 1
    frase = 
            ^
SyntaxError: invalid syntax
2025-08-18 19:37:09,805 cblogger [ERROR]: 		Error while extracting code complexity metrics: '(' was never closed (<unknown>, line 7)
Traceback (most recent call last):
  File "/root/QuestionInsight/Etapa_1/codebench-mining-tool/util.py", line 551, in extract_complexity_metrics
    v = ComplexityVisitor.from_code(code)
        ^^^^^^^^^^^^^^^^^^^^^^^^^^^^^^^^^
  File "/root/QuestionInsight/.venv/lib/python3.12/site-packages/radon/visitors.py", line 133, in from_code
    return cls.from_ast(code2ast(code), **kwargs)
                        ^^^^^^^^^^^^^^
  File "/root/QuestionInsight/.venv/lib/python3.12/site-packages/radon/visitors.py", line 48, in code2ast
    return ast.parse(source)
           ^^^^^^^^^^^^^^^^^
  File "/usr/lib/python3.12/ast.py", line 52, in parse
    return compile(source, filename, mode, flags,
           ^^^^^^^^^^^^^^^^^^^^^^^^^^^^^^^^^^^^^^
  File "<unknown>", line 7
    print('\numUnidade: {}'
         ^
SyntaxError: '(' was never closed
2025-08-18 19:37:09,805 cblogger [ERROR]: 		Error while extracting code size based metrics: SyntaxError at line: 7
Traceback (most recent call last):
  File "/root/QuestionInsight/.venv/lib/python3.12/site-packages/radon/raw.py", line 210, in analyze
    tokens, parsed_lines = _get_all_tokens(line, lines)
                           ^^^^^^^^^^^^^^^^^^^^^^^^^^^^
  File "/root/QuestionInsight/.venv/lib/python3.12/site-packages/radon/raw.py", line 117, in _get_all_tokens
    next_line = next(lines)
                ^^^^^^^^^^^
StopIteration

During handling of the above exception, another exception occurred:

Traceback (most recent call last):
  File "/root/QuestionInsight/Etapa_1/codebench-mining-tool/util.py", line 560, in extract_size_metrics
    a = analyze(code)
        ^^^^^^^^^^^^^
  File "/root/QuestionInsight/.venv/lib/python3.12/site-packages/radon/raw.py", line 212, in analyze
    raise SyntaxError('SyntaxError at line: {0}'.format(lineno))
SyntaxError: SyntaxError at line: 7
2025-08-18 19:37:09,806 cblogger [ERROR]: 		Error while extracting halsted code metrics: '(' was never closed (<unknown>, line 7)
Traceback (most recent call last):
  File "/root/QuestionInsight/Etapa_1/codebench-mining-tool/util.py", line 569, in extract_halstead_metrics
    h = h_visit(code)
        ^^^^^^^^^^^^^
  File "/root/QuestionInsight/.venv/lib/python3.12/site-packages/radon/metrics.py", line 29, in h_visit
    return h_visit_ast(ast.parse(code))
                       ^^^^^^^^^^^^^^^
  File "/usr/lib/python3.12/ast.py", line 52, in parse
    return compile(source, filename, mode, flags,
           ^^^^^^^^^^^^^^^^^^^^^^^^^^^^^^^^^^^^^^
  File "<unknown>", line 7
    print('\numUnidade: {}'
         ^
SyntaxError: '(' was never closed
2025-08-18 19:37:09,817 cblogger [ERROR]: 		Error while extracting code complexity metrics: invalid syntax (<unknown>, line 9)
Traceback (most recent call last):
  File "/root/QuestionInsight/Etapa_1/codebench-mining-tool/util.py", line 551, in extract_complexity_metrics
    v = ComplexityVisitor.from_code(code)
        ^^^^^^^^^^^^^^^^^^^^^^^^^^^^^^^^^
  File "/root/QuestionInsight/.venv/lib/python3.12/site-packages/radon/visitors.py", line 133, in from_code
    return cls.from_ast(code2ast(code), **kwargs)
                        ^^^^^^^^^^^^^^
  File "/root/QuestionInsight/.venv/lib/python3.12/site-packages/radon/visitors.py", line 48, in code2ast
    return ast.parse(source)
           ^^^^^^^^^^^^^^^^^
  File "/usr/lib/python3.12/ast.py", line 52, in parse
    return compile(source, filename, mode, flags,
           ^^^^^^^^^^^^^^^^^^^^^^^^^^^^^^^^^^^^^^
  File "<unknown>", line 9
    if (x =< valor):
          ^
SyntaxError: invalid syntax
2025-08-18 19:37:09,818 cblogger [ERROR]: 		Error while extracting halsted code metrics: invalid syntax (<unknown>, line 9)
Traceback (most recent call last):
  File "/root/QuestionInsight/Etapa_1/codebench-mining-tool/util.py", line 569, in extract_halstead_metrics
    h = h_visit(code)
        ^^^^^^^^^^^^^
  File "/root/QuestionInsight/.venv/lib/python3.12/site-packages/radon/metrics.py", line 29, in h_visit
    return h_visit_ast(ast.parse(code))
                       ^^^^^^^^^^^^^^^
  File "/usr/lib/python3.12/ast.py", line 52, in parse
    return compile(source, filename, mode, flags,
           ^^^^^^^^^^^^^^^^^^^^^^^^^^^^^^^^^^^^^^
  File "<unknown>", line 9
    if (x =< valor):
          ^
SyntaxError: invalid syntax
2025-08-18 19:37:09,828 cblogger [ERROR]: 		Error while extracting code complexity metrics: expected ':' (<unknown>, line 1)
Traceback (most recent call last):
  File "/root/QuestionInsight/Etapa_1/codebench-mining-tool/util.py", line 551, in extract_complexity_metrics
    v = ComplexityVisitor.from_code(code)
        ^^^^^^^^^^^^^^^^^^^^^^^^^^^^^^^^^
  File "/root/QuestionInsight/.venv/lib/python3.12/site-packages/radon/visitors.py", line 133, in from_code
    return cls.from_ast(code2ast(code), **kwargs)
                        ^^^^^^^^^^^^^^
  File "/root/QuestionInsight/.venv/lib/python3.12/site-packages/radon/visitors.py", line 48, in code2ast
    return ast.parse(source)
           ^^^^^^^^^^^^^^^^^
  File "/usr/lib/python3.12/ast.py", line 52, in parse
    return compile(source, filename, mode, flags,
           ^^^^^^^^^^^^^^^^^^^^^^^^^^^^^^^^^^^^^^
  File "<unknown>", line 1
    if el
         ^
SyntaxError: expected ':'
2025-08-18 19:37:09,828 cblogger [ERROR]: 		Error while extracting halsted code metrics: expected ':' (<unknown>, line 1)
Traceback (most recent call last):
  File "/root/QuestionInsight/Etapa_1/codebench-mining-tool/util.py", line 569, in extract_halstead_metrics
    h = h_visit(code)
        ^^^^^^^^^^^^^
  File "/root/QuestionInsight/.venv/lib/python3.12/site-packages/radon/metrics.py", line 29, in h_visit
    return h_visit_ast(ast.parse(code))
                       ^^^^^^^^^^^^^^^
  File "/usr/lib/python3.12/ast.py", line 52, in parse
    return compile(source, filename, mode, flags,
           ^^^^^^^^^^^^^^^^^^^^^^^^^^^^^^^^^^^^^^
  File "<unknown>", line 1
    if el
         ^
SyntaxError: expected ':'
2025-08-18 19:37:09,880 cblogger [ERROR]: 		Error while extracting code complexity metrics: invalid syntax (<unknown>, line 5)
Traceback (most recent call last):
  File "/root/QuestionInsight/Etapa_1/codebench-mining-tool/util.py", line 551, in extract_complexity_metrics
    v = ComplexityVisitor.from_code(code)
        ^^^^^^^^^^^^^^^^^^^^^^^^^^^^^^^^^
  File "/root/QuestionInsight/.venv/lib/python3.12/site-packages/radon/visitors.py", line 133, in from_code
    return cls.from_ast(code2ast(code), **kwargs)
                        ^^^^^^^^^^^^^^
  File "/root/QuestionInsight/.venv/lib/python3.12/site-packages/radon/visitors.py", line 48, in code2ast
    return ast.parse(source)
           ^^^^^^^^^^^^^^^^^
  File "/usr/lib/python3.12/ast.py", line 52, in parse
    return compile(source, filename, mode, flags,
           ^^^^^^^^^^^^^^^^^^^^^^^^^^^^^^^^^^^^^^
  File "<unknown>", line 5
    ????? = f???t(input("Qual o valor unitario do jogo? "))
    ^
SyntaxError: invalid syntax
2025-08-18 19:37:09,880 cblogger [ERROR]: 		Error while extracting halsted code metrics: invalid syntax (<unknown>, line 5)
Traceback (most recent call last):
  File "/root/QuestionInsight/Etapa_1/codebench-mining-tool/util.py", line 569, in extract_halstead_metrics
    h = h_visit(code)
        ^^^^^^^^^^^^^
  File "/root/QuestionInsight/.venv/lib/python3.12/site-packages/radon/metrics.py", line 29, in h_visit
    return h_visit_ast(ast.parse(code))
                       ^^^^^^^^^^^^^^^
  File "/usr/lib/python3.12/ast.py", line 52, in parse
    return compile(source, filename, mode, flags,
           ^^^^^^^^^^^^^^^^^^^^^^^^^^^^^^^^^^^^^^
  File "<unknown>", line 5
    ????? = f???t(input("Qual o valor unitario do jogo? "))
    ^
SyntaxError: invalid syntax
2025-08-18 19:37:09,881 cblogger [ERROR]: 		Error while extracting code token based metrics: 55
Traceback (most recent call last):
  File "/root/QuestionInsight/Etapa_1/codebench-mining-tool/util.py", line 633, in extract_token_metrics
    setattr(obj, TOKEN_NAMES[k], v)
                 ~~~~~~~~~~~^^^
KeyError: 55
2025-08-18 19:37:09,890 cblogger [ERROR]: 		Error while extracting code complexity metrics: invalid syntax (<unknown>, line 2)
Traceback (most recent call last):
  File "/root/QuestionInsight/Etapa_1/codebench-mining-tool/util.py", line 551, in extract_complexity_metrics
    v = ComplexityVisitor.from_code(code)
        ^^^^^^^^^^^^^^^^^^^^^^^^^^^^^^^^^
  File "/root/QuestionInsight/.venv/lib/python3.12/site-packages/radon/visitors.py", line 133, in from_code
    return cls.from_ast(code2ast(code), **kwargs)
                        ^^^^^^^^^^^^^^
  File "/root/QuestionInsight/.venv/lib/python3.12/site-packages/radon/visitors.py", line 48, in code2ast
    return ast.parse(source)
           ^^^^^^^^^^^^^^^^^
  File "/usr/lib/python3.12/ast.py", line 52, in parse
    return compile(source, filename, mode, flags,
           ^^^^^^^^^^^^^^^^^^^^^^^^^^^^^^^^^^^^^^
  File "<unknown>", line 2
    print.lower(string.???)
                       ^
SyntaxError: invalid syntax
2025-08-18 19:37:09,891 cblogger [ERROR]: 		Error while extracting halsted code metrics: invalid syntax (<unknown>, line 2)
Traceback (most recent call last):
  File "/root/QuestionInsight/Etapa_1/codebench-mining-tool/util.py", line 569, in extract_halstead_metrics
    h = h_visit(code)
        ^^^^^^^^^^^^^
  File "/root/QuestionInsight/.venv/lib/python3.12/site-packages/radon/metrics.py", line 29, in h_visit
    return h_visit_ast(ast.parse(code))
                       ^^^^^^^^^^^^^^^
  File "/usr/lib/python3.12/ast.py", line 52, in parse
    return compile(source, filename, mode, flags,
           ^^^^^^^^^^^^^^^^^^^^^^^^^^^^^^^^^^^^^^
  File "<unknown>", line 2
    print.lower(string.???)
                       ^
SyntaxError: invalid syntax
2025-08-18 19:37:09,891 cblogger [ERROR]: 		Error while extracting code token based metrics: 55
Traceback (most recent call last):
  File "/root/QuestionInsight/Etapa_1/codebench-mining-tool/util.py", line 633, in extract_token_metrics
    setattr(obj, TOKEN_NAMES[k], v)
                 ~~~~~~~~~~~^^^
KeyError: 55
2025-08-18 19:37:09,991 cblogger [ERROR]: 		Error while extracting code complexity metrics: expression cannot contain assignment, perhaps you meant "=="? (<unknown>, line 1)
Traceback (most recent call last):
  File "/root/QuestionInsight/Etapa_1/codebench-mining-tool/util.py", line 551, in extract_complexity_metrics
    v = ComplexityVisitor.from_code(code)
        ^^^^^^^^^^^^^^^^^^^^^^^^^^^^^^^^^
  File "/root/QuestionInsight/.venv/lib/python3.12/site-packages/radon/visitors.py", line 133, in from_code
    return cls.from_ast(code2ast(code), **kwargs)
                        ^^^^^^^^^^^^^^
  File "/root/QuestionInsight/.venv/lib/python3.12/site-packages/radon/visitors.py", line 48, in code2ast
    return ast.parse(source)
           ^^^^^^^^^^^^^^^^^
  File "/usr/lib/python3.12/ast.py", line 52, in parse
    return compile(source, filename, mode, flags,
           ^^^^^^^^^^^^^^^^^^^^^^^^^^^^^^^^^^^^^^
  File "<unknown>", line 1
    print(round (250/6=42))
                 ^^^^^^
SyntaxError: expression cannot contain assignment, perhaps you meant "=="?
2025-08-18 19:37:09,991 cblogger [ERROR]: 		Error while extracting halsted code metrics: expression cannot contain assignment, perhaps you meant "=="? (<unknown>, line 1)
Traceback (most recent call last):
  File "/root/QuestionInsight/Etapa_1/codebench-mining-tool/util.py", line 569, in extract_halstead_metrics
    h = h_visit(code)
        ^^^^^^^^^^^^^
  File "/root/QuestionInsight/.venv/lib/python3.12/site-packages/radon/metrics.py", line 29, in h_visit
    return h_visit_ast(ast.parse(code))
                       ^^^^^^^^^^^^^^^
  File "/usr/lib/python3.12/ast.py", line 52, in parse
    return compile(source, filename, mode, flags,
           ^^^^^^^^^^^^^^^^^^^^^^^^^^^^^^^^^^^^^^
  File "<unknown>", line 1
    print(round (250/6=42))
                 ^^^^^^
SyntaxError: expression cannot contain assignment, perhaps you meant "=="?
2025-08-18 19:37:10,206 cblogger [ERROR]: 		Error while extracting code complexity metrics: invalid syntax (<unknown>, line 1)
Traceback (most recent call last):
  File "/root/QuestionInsight/Etapa_1/codebench-mining-tool/util.py", line 551, in extract_complexity_metrics
    v = ComplexityVisitor.from_code(code)
        ^^^^^^^^^^^^^^^^^^^^^^^^^^^^^^^^^
  File "/root/QuestionInsight/.venv/lib/python3.12/site-packages/radon/visitors.py", line 133, in from_code
    return cls.from_ast(code2ast(code), **kwargs)
                        ^^^^^^^^^^^^^^
  File "/root/QuestionInsight/.venv/lib/python3.12/site-packages/radon/visitors.py", line 48, in code2ast
    return ast.parse(source)
           ^^^^^^^^^^^^^^^^^
  File "/usr/lib/python3.12/ast.py", line 52, in parse
    return compile(source, filename, mode, flags,
           ^^^^^^^^^^^^^^^^^^^^^^^^^^^^^^^^^^^^^^
  File "<unknown>", line 1
    Kaleb print 
          ^^^^^
SyntaxError: invalid syntax
2025-08-18 19:37:10,206 cblogger [ERROR]: 		Error while extracting halsted code metrics: invalid syntax (<unknown>, line 1)
Traceback (most recent call last):
  File "/root/QuestionInsight/Etapa_1/codebench-mining-tool/util.py", line 569, in extract_halstead_metrics
    h = h_visit(code)
        ^^^^^^^^^^^^^
  File "/root/QuestionInsight/.venv/lib/python3.12/site-packages/radon/metrics.py", line 29, in h_visit
    return h_visit_ast(ast.parse(code))
                       ^^^^^^^^^^^^^^^
  File "/usr/lib/python3.12/ast.py", line 52, in parse
    return compile(source, filename, mode, flags,
           ^^^^^^^^^^^^^^^^^^^^^^^^^^^^^^^^^^^^^^
  File "<unknown>", line 1
    Kaleb print 
          ^^^^^
SyntaxError: invalid syntax
2025-08-18 19:37:10,231 cblogger [ERROR]: 		Error while extracting code complexity metrics: invalid syntax (<unknown>, line 4)
Traceback (most recent call last):
  File "/root/QuestionInsight/Etapa_1/codebench-mining-tool/util.py", line 551, in extract_complexity_metrics
    v = ComplexityVisitor.from_code(code)
        ^^^^^^^^^^^^^^^^^^^^^^^^^^^^^^^^^
  File "/root/QuestionInsight/.venv/lib/python3.12/site-packages/radon/visitors.py", line 133, in from_code
    return cls.from_ast(code2ast(code), **kwargs)
                        ^^^^^^^^^^^^^^
  File "/root/QuestionInsight/.venv/lib/python3.12/site-packages/radon/visitors.py", line 48, in code2ast
    return ast.parse(source)
           ^^^^^^^^^^^^^^^^^
  File "/usr/lib/python3.12/ast.py", line 52, in parse
    return compile(source, filename, mode, flags,
           ^^^^^^^^^^^^^^^^^^^^^^^^^^^^^^^^^^^^^^
  File "<unknown>", line 4
    pt = 
         ^
SyntaxError: invalid syntax
2025-08-18 19:37:10,232 cblogger [ERROR]: 		Error while extracting halsted code metrics: invalid syntax (<unknown>, line 4)
Traceback (most recent call last):
  File "/root/QuestionInsight/Etapa_1/codebench-mining-tool/util.py", line 569, in extract_halstead_metrics
    h = h_visit(code)
        ^^^^^^^^^^^^^
  File "/root/QuestionInsight/.venv/lib/python3.12/site-packages/radon/metrics.py", line 29, in h_visit
    return h_visit_ast(ast.parse(code))
                       ^^^^^^^^^^^^^^^
  File "/usr/lib/python3.12/ast.py", line 52, in parse
    return compile(source, filename, mode, flags,
           ^^^^^^^^^^^^^^^^^^^^^^^^^^^^^^^^^^^^^^
  File "<unknown>", line 4
    pt = 
         ^
SyntaxError: invalid syntax
2025-08-18 19:37:10,283 cblogger [ERROR]: 		Error while extracting code complexity metrics: expected ':' (<unknown>, line 7)
Traceback (most recent call last):
  File "/root/QuestionInsight/Etapa_1/codebench-mining-tool/util.py", line 551, in extract_complexity_metrics
    v = ComplexityVisitor.from_code(code)
        ^^^^^^^^^^^^^^^^^^^^^^^^^^^^^^^^^
  File "/root/QuestionInsight/.venv/lib/python3.12/site-packages/radon/visitors.py", line 133, in from_code
    return cls.from_ast(code2ast(code), **kwargs)
                        ^^^^^^^^^^^^^^
  File "/root/QuestionInsight/.venv/lib/python3.12/site-packages/radon/visitors.py", line 48, in code2ast
    return ast.parse(source)
           ^^^^^^^^^^^^^^^^^
  File "/usr/lib/python3.12/ast.py", line 52, in parse
    return compile(source, filename, mode, flags,
           ^^^^^^^^^^^^^^^^^^^^^^^^^^^^^^^^^^^^^^
  File "<unknown>", line 7
    if (num % 2 == 0)
                     ^
SyntaxError: expected ':'
2025-08-18 19:37:10,283 cblogger [ERROR]: 		Error while extracting halsted code metrics: expected ':' (<unknown>, line 7)
Traceback (most recent call last):
  File "/root/QuestionInsight/Etapa_1/codebench-mining-tool/util.py", line 569, in extract_halstead_metrics
    h = h_visit(code)
        ^^^^^^^^^^^^^
  File "/root/QuestionInsight/.venv/lib/python3.12/site-packages/radon/metrics.py", line 29, in h_visit
    return h_visit_ast(ast.parse(code))
                       ^^^^^^^^^^^^^^^
  File "/usr/lib/python3.12/ast.py", line 52, in parse
    return compile(source, filename, mode, flags,
           ^^^^^^^^^^^^^^^^^^^^^^^^^^^^^^^^^^^^^^
  File "<unknown>", line 7
    if (num % 2 == 0)
                     ^
SyntaxError: expected ':'
2025-08-18 19:37:10,744 cblogger [ERROR]: 		Error while extracting code complexity metrics: invalid syntax (<unknown>, line 1)
Traceback (most recent call last):
  File "/root/QuestionInsight/Etapa_1/codebench-mining-tool/util.py", line 551, in extract_complexity_metrics
    v = ComplexityVisitor.from_code(code)
        ^^^^^^^^^^^^^^^^^^^^^^^^^^^^^^^^^
  File "/root/QuestionInsight/.venv/lib/python3.12/site-packages/radon/visitors.py", line 133, in from_code
    return cls.from_ast(code2ast(code), **kwargs)
                        ^^^^^^^^^^^^^^
  File "/root/QuestionInsight/.venv/lib/python3.12/site-packages/radon/visitors.py", line 48, in code2ast
    return ast.parse(source)
           ^^^^^^^^^^^^^^^^^
  File "/usr/lib/python3.12/ast.py", line 52, in parse
    return compile(source, filename, mode, flags,
           ^^^^^^^^^^^^^^^^^^^^^^^^^^^^^^^^^^^^^^
  File "<unknown>", line 1
    aresta = 
             ^
SyntaxError: invalid syntax
2025-08-18 19:37:10,745 cblogger [ERROR]: 		Error while extracting halsted code metrics: invalid syntax (<unknown>, line 1)
Traceback (most recent call last):
  File "/root/QuestionInsight/Etapa_1/codebench-mining-tool/util.py", line 569, in extract_halstead_metrics
    h = h_visit(code)
        ^^^^^^^^^^^^^
  File "/root/QuestionInsight/.venv/lib/python3.12/site-packages/radon/metrics.py", line 29, in h_visit
    return h_visit_ast(ast.parse(code))
                       ^^^^^^^^^^^^^^^
  File "/usr/lib/python3.12/ast.py", line 52, in parse
    return compile(source, filename, mode, flags,
           ^^^^^^^^^^^^^^^^^^^^^^^^^^^^^^^^^^^^^^
  File "<unknown>", line 1
    aresta = 
             ^
SyntaxError: invalid syntax
2025-08-18 19:37:11,003 cblogger [ERROR]: 		Error while extracting code complexity metrics: '(' was never closed (<unknown>, line 12)
Traceback (most recent call last):
  File "/root/QuestionInsight/Etapa_1/codebench-mining-tool/util.py", line 551, in extract_complexity_metrics
    v = ComplexityVisitor.from_code(code)
        ^^^^^^^^^^^^^^^^^^^^^^^^^^^^^^^^^
  File "/root/QuestionInsight/.venv/lib/python3.12/site-packages/radon/visitors.py", line 133, in from_code
    return cls.from_ast(code2ast(code), **kwargs)
                        ^^^^^^^^^^^^^^
  File "/root/QuestionInsight/.venv/lib/python3.12/site-packages/radon/visitors.py", line 48, in code2ast
    return ast.parse(source)
           ^^^^^^^^^^^^^^^^^
  File "/usr/lib/python3.12/ast.py", line 52, in parse
    return compile(source, filename, mode, flags,
           ^^^^^^^^^^^^^^^^^^^^^^^^^^^^^^^^^^^^^^
  File "<unknown>", line 12
    	print(round(Total, 2)
    	     ^
SyntaxError: '(' was never closed
2025-08-18 19:37:11,003 cblogger [ERROR]: 		Error while extracting code size based metrics: SyntaxError at line: 12
Traceback (most recent call last):
  File "/root/QuestionInsight/.venv/lib/python3.12/site-packages/radon/raw.py", line 210, in analyze
    tokens, parsed_lines = _get_all_tokens(line, lines)
                           ^^^^^^^^^^^^^^^^^^^^^^^^^^^^
  File "/root/QuestionInsight/.venv/lib/python3.12/site-packages/radon/raw.py", line 117, in _get_all_tokens
    next_line = next(lines)
                ^^^^^^^^^^^
StopIteration

During handling of the above exception, another exception occurred:

Traceback (most recent call last):
  File "/root/QuestionInsight/Etapa_1/codebench-mining-tool/util.py", line 560, in extract_size_metrics
    a = analyze(code)
        ^^^^^^^^^^^^^
  File "/root/QuestionInsight/.venv/lib/python3.12/site-packages/radon/raw.py", line 212, in analyze
    raise SyntaxError('SyntaxError at line: {0}'.format(lineno))
SyntaxError: SyntaxError at line: 12
2025-08-18 19:37:11,004 cblogger [ERROR]: 		Error while extracting halsted code metrics: '(' was never closed (<unknown>, line 12)
Traceback (most recent call last):
  File "/root/QuestionInsight/Etapa_1/codebench-mining-tool/util.py", line 569, in extract_halstead_metrics
    h = h_visit(code)
        ^^^^^^^^^^^^^
  File "/root/QuestionInsight/.venv/lib/python3.12/site-packages/radon/metrics.py", line 29, in h_visit
    return h_visit_ast(ast.parse(code))
                       ^^^^^^^^^^^^^^^
  File "/usr/lib/python3.12/ast.py", line 52, in parse
    return compile(source, filename, mode, flags,
           ^^^^^^^^^^^^^^^^^^^^^^^^^^^^^^^^^^^^^^
  File "<unknown>", line 12
    	print(round(Total, 2)
    	     ^
SyntaxError: '(' was never closed
2025-08-18 19:37:11,048 cblogger [ERROR]: 		Error while extracting code complexity metrics: invalid syntax (<unknown>, line 7)
Traceback (most recent call last):
  File "/root/QuestionInsight/Etapa_1/codebench-mining-tool/util.py", line 551, in extract_complexity_metrics
    v = ComplexityVisitor.from_code(code)
        ^^^^^^^^^^^^^^^^^^^^^^^^^^^^^^^^^
  File "/root/QuestionInsight/.venv/lib/python3.12/site-packages/radon/visitors.py", line 133, in from_code
    return cls.from_ast(code2ast(code), **kwargs)
                        ^^^^^^^^^^^^^^
  File "/root/QuestionInsight/.venv/lib/python3.12/site-packages/radon/visitors.py", line 48, in code2ast
    return ast.parse(source)
           ^^^^^^^^^^^^^^^^^
  File "/usr/lib/python3.12/ast.py", line 52, in parse
    return compile(source, filename, mode, flags,
           ^^^^^^^^^^^^^^^^^^^^^^^^^^^^^^^^^^^^^^
  File "<unknown>", line 7
    if = (form = "A"):
       ^
SyntaxError: invalid syntax
2025-08-18 19:37:11,049 cblogger [ERROR]: 		Error while extracting halsted code metrics: invalid syntax (<unknown>, line 7)
Traceback (most recent call last):
  File "/root/QuestionInsight/Etapa_1/codebench-mining-tool/util.py", line 569, in extract_halstead_metrics
    h = h_visit(code)
        ^^^^^^^^^^^^^
  File "/root/QuestionInsight/.venv/lib/python3.12/site-packages/radon/metrics.py", line 29, in h_visit
    return h_visit_ast(ast.parse(code))
                       ^^^^^^^^^^^^^^^
  File "/usr/lib/python3.12/ast.py", line 52, in parse
    return compile(source, filename, mode, flags,
           ^^^^^^^^^^^^^^^^^^^^^^^^^^^^^^^^^^^^^^
  File "<unknown>", line 7
    if = (form = "A"):
       ^
SyntaxError: invalid syntax
2025-08-18 19:37:11,432 cblogger [ERROR]: 		Error while extracting code complexity metrics: '(' was never closed (<unknown>, line 11)
Traceback (most recent call last):
  File "/root/QuestionInsight/Etapa_1/codebench-mining-tool/util.py", line 551, in extract_complexity_metrics
    v = ComplexityVisitor.from_code(code)
        ^^^^^^^^^^^^^^^^^^^^^^^^^^^^^^^^^
  File "/root/QuestionInsight/.venv/lib/python3.12/site-packages/radon/visitors.py", line 133, in from_code
    return cls.from_ast(code2ast(code), **kwargs)
                        ^^^^^^^^^^^^^^
  File "/root/QuestionInsight/.venv/lib/python3.12/site-packages/radon/visitors.py", line 48, in code2ast
    return ast.parse(source)
           ^^^^^^^^^^^^^^^^^
  File "/usr/lib/python3.12/ast.py", line 52, in parse
    return compile(source, filename, mode, flags,
           ^^^^^^^^^^^^^^^^^^^^^^^^^^^^^^^^^^^^^^
  File "<unknown>", line 11
    R=((v**2)*(sen(b))/g
      ^
SyntaxError: '(' was never closed
2025-08-18 19:37:11,433 cblogger [ERROR]: 		Error while extracting code size based metrics: SyntaxError at line: 11
Traceback (most recent call last):
  File "/root/QuestionInsight/.venv/lib/python3.12/site-packages/radon/raw.py", line 210, in analyze
    tokens, parsed_lines = _get_all_tokens(line, lines)
                           ^^^^^^^^^^^^^^^^^^^^^^^^^^^^
  File "/root/QuestionInsight/.venv/lib/python3.12/site-packages/radon/raw.py", line 117, in _get_all_tokens
    next_line = next(lines)
                ^^^^^^^^^^^
StopIteration

During handling of the above exception, another exception occurred:

Traceback (most recent call last):
  File "/root/QuestionInsight/Etapa_1/codebench-mining-tool/util.py", line 560, in extract_size_metrics
    a = analyze(code)
        ^^^^^^^^^^^^^
  File "/root/QuestionInsight/.venv/lib/python3.12/site-packages/radon/raw.py", line 212, in analyze
    raise SyntaxError('SyntaxError at line: {0}'.format(lineno))
SyntaxError: SyntaxError at line: 11
2025-08-18 19:37:11,433 cblogger [ERROR]: 		Error while extracting halsted code metrics: '(' was never closed (<unknown>, line 11)
Traceback (most recent call last):
  File "/root/QuestionInsight/Etapa_1/codebench-mining-tool/util.py", line 569, in extract_halstead_metrics
    h = h_visit(code)
        ^^^^^^^^^^^^^
  File "/root/QuestionInsight/.venv/lib/python3.12/site-packages/radon/metrics.py", line 29, in h_visit
    return h_visit_ast(ast.parse(code))
                       ^^^^^^^^^^^^^^^
  File "/usr/lib/python3.12/ast.py", line 52, in parse
    return compile(source, filename, mode, flags,
           ^^^^^^^^^^^^^^^^^^^^^^^^^^^^^^^^^^^^^^
  File "<unknown>", line 11
    R=((v**2)*(sen(b))/g
      ^
SyntaxError: '(' was never closed
2025-08-18 19:37:11,469 cblogger [ERROR]: 		Error while extracting code complexity metrics: leading zeros in decimal integer literals are not permitted; use an 0o prefix for octal integers (<unknown>, line 2)
Traceback (most recent call last):
  File "/root/QuestionInsight/Etapa_1/codebench-mining-tool/util.py", line 551, in extract_complexity_metrics
    v = ComplexityVisitor.from_code(code)
        ^^^^^^^^^^^^^^^^^^^^^^^^^^^^^^^^^
  File "/root/QuestionInsight/.venv/lib/python3.12/site-packages/radon/visitors.py", line 133, in from_code
    return cls.from_ast(code2ast(code), **kwargs)
                        ^^^^^^^^^^^^^^
  File "/root/QuestionInsight/.venv/lib/python3.12/site-packages/radon/visitors.py", line 48, in code2ast
    return ast.parse(source)
           ^^^^^^^^^^^^^^^^^
  File "/usr/lib/python3.12/ast.py", line 52, in parse
    return compile(source, filename, mode, flags,
           ^^^^^^^^^^^^^^^^^^^^^^^^^^^^^^^^^^^^^^
  File "<unknown>", line 2
    rad = 0,0174533*x
            ^
SyntaxError: leading zeros in decimal integer literals are not permitted; use an 0o prefix for octal integers
2025-08-18 19:37:11,470 cblogger [ERROR]: 		Error while extracting halsted code metrics: leading zeros in decimal integer literals are not permitted; use an 0o prefix for octal integers (<unknown>, line 2)
Traceback (most recent call last):
  File "/root/QuestionInsight/Etapa_1/codebench-mining-tool/util.py", line 569, in extract_halstead_metrics
    h = h_visit(code)
        ^^^^^^^^^^^^^
  File "/root/QuestionInsight/.venv/lib/python3.12/site-packages/radon/metrics.py", line 29, in h_visit
    return h_visit_ast(ast.parse(code))
                       ^^^^^^^^^^^^^^^
  File "/usr/lib/python3.12/ast.py", line 52, in parse
    return compile(source, filename, mode, flags,
           ^^^^^^^^^^^^^^^^^^^^^^^^^^^^^^^^^^^^^^
  File "<unknown>", line 2
    rad = 0,0174533*x
            ^
SyntaxError: leading zeros in decimal integer literals are not permitted; use an 0o prefix for octal integers
2025-08-18 19:37:11,694 cblogger [ERROR]: 		Error while extracting code complexity metrics: invalid syntax. Maybe you meant '==' or ':=' instead of '='? (<unknown>, line 5)
Traceback (most recent call last):
  File "/root/QuestionInsight/Etapa_1/codebench-mining-tool/util.py", line 551, in extract_complexity_metrics
    v = ComplexityVisitor.from_code(code)
        ^^^^^^^^^^^^^^^^^^^^^^^^^^^^^^^^^
  File "/root/QuestionInsight/.venv/lib/python3.12/site-packages/radon/visitors.py", line 133, in from_code
    return cls.from_ast(code2ast(code), **kwargs)
                        ^^^^^^^^^^^^^^
  File "/root/QuestionInsight/.venv/lib/python3.12/site-packages/radon/visitors.py", line 48, in code2ast
    return ast.parse(source)
           ^^^^^^^^^^^^^^^^^
  File "/usr/lib/python3.12/ast.py", line 52, in parse
    return compile(source, filename, mode, flags,
           ^^^^^^^^^^^^^^^^^^^^^^^^^^^^^^^^^^^^^^
  File "<unknown>", line 5
    if KM=1.6093
       ^^^^^^^^^
SyntaxError: invalid syntax. Maybe you meant '==' or ':=' instead of '='?
2025-08-18 19:37:11,695 cblogger [ERROR]: 		Error while extracting halsted code metrics: invalid syntax. Maybe you meant '==' or ':=' instead of '='? (<unknown>, line 5)
Traceback (most recent call last):
  File "/root/QuestionInsight/Etapa_1/codebench-mining-tool/util.py", line 569, in extract_halstead_metrics
    h = h_visit(code)
        ^^^^^^^^^^^^^
  File "/root/QuestionInsight/.venv/lib/python3.12/site-packages/radon/metrics.py", line 29, in h_visit
    return h_visit_ast(ast.parse(code))
                       ^^^^^^^^^^^^^^^
  File "/usr/lib/python3.12/ast.py", line 52, in parse
    return compile(source, filename, mode, flags,
           ^^^^^^^^^^^^^^^^^^^^^^^^^^^^^^^^^^^^^^
  File "<unknown>", line 5
    if KM=1.6093
       ^^^^^^^^^
SyntaxError: invalid syntax. Maybe you meant '==' or ':=' instead of '='?
2025-08-18 19:37:11,976 cblogger [ERROR]: 		Error while extracting code complexity metrics: expected ':' (<unknown>, line 3)
Traceback (most recent call last):
  File "/root/QuestionInsight/Etapa_1/codebench-mining-tool/util.py", line 551, in extract_complexity_metrics
    v = ComplexityVisitor.from_code(code)
        ^^^^^^^^^^^^^^^^^^^^^^^^^^^^^^^^^
  File "/root/QuestionInsight/.venv/lib/python3.12/site-packages/radon/visitors.py", line 133, in from_code
    return cls.from_ast(code2ast(code), **kwargs)
                        ^^^^^^^^^^^^^^
  File "/root/QuestionInsight/.venv/lib/python3.12/site-packages/radon/visitors.py", line 48, in code2ast
    return ast.parse(source)
           ^^^^^^^^^^^^^^^^^
  File "/usr/lib/python3.12/ast.py", line 52, in parse
    return compile(source, filename, mode, flags,
           ^^^^^^^^^^^^^^^^^^^^^^^^^^^^^^^^^^^^^^
  File "<unknown>", line 3
    if()
        ^
SyntaxError: expected ':'
2025-08-18 19:37:11,976 cblogger [ERROR]: 		Error while extracting halsted code metrics: expected ':' (<unknown>, line 3)
Traceback (most recent call last):
  File "/root/QuestionInsight/Etapa_1/codebench-mining-tool/util.py", line 569, in extract_halstead_metrics
    h = h_visit(code)
        ^^^^^^^^^^^^^
  File "/root/QuestionInsight/.venv/lib/python3.12/site-packages/radon/metrics.py", line 29, in h_visit
    return h_visit_ast(ast.parse(code))
                       ^^^^^^^^^^^^^^^
  File "/usr/lib/python3.12/ast.py", line 52, in parse
    return compile(source, filename, mode, flags,
           ^^^^^^^^^^^^^^^^^^^^^^^^^^^^^^^^^^^^^^
  File "<unknown>", line 3
    if()
        ^
SyntaxError: expected ':'
2025-08-18 19:37:12,193 cblogger [ERROR]: 		Error while extracting code complexity metrics: invalid syntax (<unknown>, line 1)
Traceback (most recent call last):
  File "/root/QuestionInsight/Etapa_1/codebench-mining-tool/util.py", line 551, in extract_complexity_metrics
    v = ComplexityVisitor.from_code(code)
        ^^^^^^^^^^^^^^^^^^^^^^^^^^^^^^^^^
  File "/root/QuestionInsight/.venv/lib/python3.12/site-packages/radon/visitors.py", line 133, in from_code
    return cls.from_ast(code2ast(code), **kwargs)
                        ^^^^^^^^^^^^^^
  File "/root/QuestionInsight/.venv/lib/python3.12/site-packages/radon/visitors.py", line 48, in code2ast
    return ast.parse(source)
           ^^^^^^^^^^^^^^^^^
  File "/usr/lib/python3.12/ast.py", line 52, in parse
    return compile(source, filename, mode, flags,
           ^^^^^^^^^^^^^^^^^^^^^^^^^^^^^^^^^^^^^^
  File "<unknown>", line 1
    distancia = 
                ^
SyntaxError: invalid syntax
2025-08-18 19:37:12,194 cblogger [ERROR]: 		Error while extracting halsted code metrics: invalid syntax (<unknown>, line 1)
Traceback (most recent call last):
  File "/root/QuestionInsight/Etapa_1/codebench-mining-tool/util.py", line 569, in extract_halstead_metrics
    h = h_visit(code)
        ^^^^^^^^^^^^^
  File "/root/QuestionInsight/.venv/lib/python3.12/site-packages/radon/metrics.py", line 29, in h_visit
    return h_visit_ast(ast.parse(code))
                       ^^^^^^^^^^^^^^^
  File "/usr/lib/python3.12/ast.py", line 52, in parse
    return compile(source, filename, mode, flags,
           ^^^^^^^^^^^^^^^^^^^^^^^^^^^^^^^^^^^^^^
  File "<unknown>", line 1
    distancia = 
                ^
SyntaxError: invalid syntax
2025-08-18 19:37:12,242 cblogger [ERROR]: 		Error while extracting code complexity metrics: leading zeros in decimal integer literals are not permitted; use an 0o prefix for octal integers (<unknown>, line 9)
Traceback (most recent call last):
  File "/root/QuestionInsight/Etapa_1/codebench-mining-tool/util.py", line 551, in extract_complexity_metrics
    v = ComplexityVisitor.from_code(code)
        ^^^^^^^^^^^^^^^^^^^^^^^^^^^^^^^^^
  File "/root/QuestionInsight/.venv/lib/python3.12/site-packages/radon/visitors.py", line 133, in from_code
    return cls.from_ast(code2ast(code), **kwargs)
                        ^^^^^^^^^^^^^^
  File "/root/QuestionInsight/.venv/lib/python3.12/site-packages/radon/visitors.py", line 48, in code2ast
    return ast.parse(source)
           ^^^^^^^^^^^^^^^^^
  File "/usr/lib/python3.12/ast.py", line 52, in parse
    return compile(source, filename, mode, flags,
           ^^^^^^^^^^^^^^^^^^^^^^^^^^^^^^^^^^^^^^
  File "<unknown>", line 9
    r = 6371,01
             ^
SyntaxError: leading zeros in decimal integer literals are not permitted; use an 0o prefix for octal integers
2025-08-18 19:37:12,243 cblogger [ERROR]: 		Error while extracting code size based metrics: SyntaxError at line: 10
Traceback (most recent call last):
  File "/root/QuestionInsight/.venv/lib/python3.12/site-packages/radon/raw.py", line 210, in analyze
    tokens, parsed_lines = _get_all_tokens(line, lines)
                           ^^^^^^^^^^^^^^^^^^^^^^^^^^^^
  File "/root/QuestionInsight/.venv/lib/python3.12/site-packages/radon/raw.py", line 117, in _get_all_tokens
    next_line = next(lines)
                ^^^^^^^^^^^
StopIteration

During handling of the above exception, another exception occurred:

Traceback (most recent call last):
  File "/root/QuestionInsight/Etapa_1/codebench-mining-tool/util.py", line 560, in extract_size_metrics
    a = analyze(code)
        ^^^^^^^^^^^^^
  File "/root/QuestionInsight/.venv/lib/python3.12/site-packages/radon/raw.py", line 212, in analyze
    raise SyntaxError('SyntaxError at line: {0}'.format(lineno))
SyntaxError: SyntaxError at line: 10
2025-08-18 19:37:12,243 cblogger [ERROR]: 		Error while extracting halsted code metrics: leading zeros in decimal integer literals are not permitted; use an 0o prefix for octal integers (<unknown>, line 9)
Traceback (most recent call last):
  File "/root/QuestionInsight/Etapa_1/codebench-mining-tool/util.py", line 569, in extract_halstead_metrics
    h = h_visit(code)
        ^^^^^^^^^^^^^
  File "/root/QuestionInsight/.venv/lib/python3.12/site-packages/radon/metrics.py", line 29, in h_visit
    return h_visit_ast(ast.parse(code))
                       ^^^^^^^^^^^^^^^
  File "/usr/lib/python3.12/ast.py", line 52, in parse
    return compile(source, filename, mode, flags,
           ^^^^^^^^^^^^^^^^^^^^^^^^^^^^^^^^^^^^^^
  File "<unknown>", line 9
    r = 6371,01
             ^
SyntaxError: leading zeros in decimal integer literals are not permitted; use an 0o prefix for octal integers
2025-08-18 19:37:12,281 cblogger [ERROR]: 		Error while extracting code complexity metrics: unexpected indent (<unknown>, line 2)
Traceback (most recent call last):
  File "/root/QuestionInsight/Etapa_1/codebench-mining-tool/util.py", line 551, in extract_complexity_metrics
    v = ComplexityVisitor.from_code(code)
        ^^^^^^^^^^^^^^^^^^^^^^^^^^^^^^^^^
  File "/root/QuestionInsight/.venv/lib/python3.12/site-packages/radon/visitors.py", line 133, in from_code
    return cls.from_ast(code2ast(code), **kwargs)
                        ^^^^^^^^^^^^^^
  File "/root/QuestionInsight/.venv/lib/python3.12/site-packages/radon/visitors.py", line 48, in code2ast
    return ast.parse(source)
           ^^^^^^^^^^^^^^^^^
  File "/usr/lib/python3.12/ast.py", line 52, in parse
    return compile(source, filename, mode, flags,
           ^^^^^^^^^^^^^^^^^^^^^^^^^^^^^^^^^^^^^^
  File "<unknown>", line 2
    	jogo = float(input("valor do jogo"))
    ^
IndentationError: unexpected indent
2025-08-18 19:37:12,282 cblogger [ERROR]: 		Error while extracting halsted code metrics: unexpected indent (<unknown>, line 2)
Traceback (most recent call last):
  File "/root/QuestionInsight/Etapa_1/codebench-mining-tool/util.py", line 569, in extract_halstead_metrics
    h = h_visit(code)
        ^^^^^^^^^^^^^
  File "/root/QuestionInsight/.venv/lib/python3.12/site-packages/radon/metrics.py", line 29, in h_visit
    return h_visit_ast(ast.parse(code))
                       ^^^^^^^^^^^^^^^
  File "/usr/lib/python3.12/ast.py", line 52, in parse
    return compile(source, filename, mode, flags,
           ^^^^^^^^^^^^^^^^^^^^^^^^^^^^^^^^^^^^^^
  File "<unknown>", line 2
    	jogo = float(input("valor do jogo"))
    ^
IndentationError: unexpected indent
2025-08-18 19:37:12,339 cblogger [ERROR]: 		Error while extracting code complexity metrics: invalid syntax (<unknown>, line 2)
Traceback (most recent call last):
  File "/root/QuestionInsight/Etapa_1/codebench-mining-tool/util.py", line 551, in extract_complexity_metrics
    v = ComplexityVisitor.from_code(code)
        ^^^^^^^^^^^^^^^^^^^^^^^^^^^^^^^^^
  File "/root/QuestionInsight/.venv/lib/python3.12/site-packages/radon/visitors.py", line 133, in from_code
    return cls.from_ast(code2ast(code), **kwargs)
                        ^^^^^^^^^^^^^^
  File "/root/QuestionInsight/.venv/lib/python3.12/site-packages/radon/visitors.py", line 48, in code2ast
    return ast.parse(source)
           ^^^^^^^^^^^^^^^^^
  File "/usr/lib/python3.12/ast.py", line 52, in parse
    return compile(source, filename, mode, flags,
           ^^^^^^^^^^^^^^^^^^^^^^^^^^^^^^^^^^^^^^
  File "<unknown>", line 2
    fad =(81/100)ras+12
                 ^^^
SyntaxError: invalid syntax
2025-08-18 19:37:12,339 cblogger [ERROR]: 		Error while extracting halsted code metrics: invalid syntax (<unknown>, line 2)
Traceback (most recent call last):
  File "/root/QuestionInsight/Etapa_1/codebench-mining-tool/util.py", line 569, in extract_halstead_metrics
    h = h_visit(code)
        ^^^^^^^^^^^^^
  File "/root/QuestionInsight/.venv/lib/python3.12/site-packages/radon/metrics.py", line 29, in h_visit
    return h_visit_ast(ast.parse(code))
                       ^^^^^^^^^^^^^^^
  File "/usr/lib/python3.12/ast.py", line 52, in parse
    return compile(source, filename, mode, flags,
           ^^^^^^^^^^^^^^^^^^^^^^^^^^^^^^^^^^^^^^
  File "<unknown>", line 2
    fad =(81/100)ras+12
                 ^^^
SyntaxError: invalid syntax
2025-08-18 19:37:12,378 cblogger [ERROR]: 		Error while extracting code complexity metrics: unexpected indent (<unknown>, line 4)
Traceback (most recent call last):
  File "/root/QuestionInsight/Etapa_1/codebench-mining-tool/util.py", line 551, in extract_complexity_metrics
    v = ComplexityVisitor.from_code(code)
        ^^^^^^^^^^^^^^^^^^^^^^^^^^^^^^^^^
  File "/root/QuestionInsight/.venv/lib/python3.12/site-packages/radon/visitors.py", line 133, in from_code
    return cls.from_ast(code2ast(code), **kwargs)
                        ^^^^^^^^^^^^^^
  File "/root/QuestionInsight/.venv/lib/python3.12/site-packages/radon/visitors.py", line 48, in code2ast
    return ast.parse(source)
           ^^^^^^^^^^^^^^^^^
  File "/usr/lib/python3.12/ast.py", line 52, in parse
    return compile(source, filename, mode, flags,
           ^^^^^^^^^^^^^^^^^^^^^^^^^^^^^^^^^^^^^^
  File "<unknown>", line 4
    from math import*
IndentationError: unexpected indent
2025-08-18 19:37:12,378 cblogger [ERROR]: 		Error while extracting halsted code metrics: unexpected indent (<unknown>, line 4)
Traceback (most recent call last):
  File "/root/QuestionInsight/Etapa_1/codebench-mining-tool/util.py", line 569, in extract_halstead_metrics
    h = h_visit(code)
        ^^^^^^^^^^^^^
  File "/root/QuestionInsight/.venv/lib/python3.12/site-packages/radon/metrics.py", line 29, in h_visit
    return h_visit_ast(ast.parse(code))
                       ^^^^^^^^^^^^^^^
  File "/usr/lib/python3.12/ast.py", line 52, in parse
    return compile(source, filename, mode, flags,
           ^^^^^^^^^^^^^^^^^^^^^^^^^^^^^^^^^^^^^^
  File "<unknown>", line 4
    from math import*
IndentationError: unexpected indent
2025-08-18 19:37:12,450 cblogger [ERROR]: 		Error while extracting code complexity metrics: invalid syntax (<unknown>, line 13)
Traceback (most recent call last):
  File "/root/QuestionInsight/Etapa_1/codebench-mining-tool/util.py", line 551, in extract_complexity_metrics
    v = ComplexityVisitor.from_code(code)
        ^^^^^^^^^^^^^^^^^^^^^^^^^^^^^^^^^
  File "/root/QuestionInsight/.venv/lib/python3.12/site-packages/radon/visitors.py", line 133, in from_code
    return cls.from_ast(code2ast(code), **kwargs)
                        ^^^^^^^^^^^^^^
  File "/root/QuestionInsight/.venv/lib/python3.12/site-packages/radon/visitors.py", line 48, in code2ast
    return ast.parse(source)
           ^^^^^^^^^^^^^^^^^
  File "/usr/lib/python3.12/ast.py", line 52, in parse
    return compile(source, filename, mode, flags,
           ^^^^^^^^^^^^^^^^^^^^^^^^^^^^^^^^^^^^^^
  File "<unknown>", line 13
    print("Valor total: R$" ,(round(compra, 2)))2
                                                ^
SyntaxError: invalid syntax
2025-08-18 19:37:12,450 cblogger [ERROR]: 		Error while extracting halsted code metrics: invalid syntax (<unknown>, line 13)
Traceback (most recent call last):
  File "/root/QuestionInsight/Etapa_1/codebench-mining-tool/util.py", line 569, in extract_halstead_metrics
    h = h_visit(code)
        ^^^^^^^^^^^^^
  File "/root/QuestionInsight/.venv/lib/python3.12/site-packages/radon/metrics.py", line 29, in h_visit
    return h_visit_ast(ast.parse(code))
                       ^^^^^^^^^^^^^^^
  File "/usr/lib/python3.12/ast.py", line 52, in parse
    return compile(source, filename, mode, flags,
           ^^^^^^^^^^^^^^^^^^^^^^^^^^^^^^^^^^^^^^
  File "<unknown>", line 13
    print("Valor total: R$" ,(round(compra, 2)))2
                                                ^
SyntaxError: invalid syntax
2025-08-18 19:37:12,635 cblogger [ERROR]: 		Error while extracting code complexity metrics: invalid syntax (<unknown>, line 1)
Traceback (most recent call last):
  File "/root/QuestionInsight/Etapa_1/codebench-mining-tool/util.py", line 551, in extract_complexity_metrics
    v = ComplexityVisitor.from_code(code)
        ^^^^^^^^^^^^^^^^^^^^^^^^^^^^^^^^^
  File "/root/QuestionInsight/.venv/lib/python3.12/site-packages/radon/visitors.py", line 133, in from_code
    return cls.from_ast(code2ast(code), **kwargs)
                        ^^^^^^^^^^^^^^
  File "/root/QuestionInsight/.venv/lib/python3.12/site-packages/radon/visitors.py", line 48, in code2ast
    return ast.parse(source)
           ^^^^^^^^^^^^^^^^^
  File "/usr/lib/python3.12/ast.py", line 52, in parse
    return compile(source, filename, mode, flags,
           ^^^^^^^^^^^^^^^^^^^^^^^^^^^^^^^^^^^^^^
  File "<unknown>", line 1
    flow.
         ^
SyntaxError: invalid syntax
2025-08-18 19:37:12,635 cblogger [ERROR]: 		Error while extracting halsted code metrics: invalid syntax (<unknown>, line 1)
Traceback (most recent call last):
  File "/root/QuestionInsight/Etapa_1/codebench-mining-tool/util.py", line 569, in extract_halstead_metrics
    h = h_visit(code)
        ^^^^^^^^^^^^^
  File "/root/QuestionInsight/.venv/lib/python3.12/site-packages/radon/metrics.py", line 29, in h_visit
    return h_visit_ast(ast.parse(code))
                       ^^^^^^^^^^^^^^^
  File "/usr/lib/python3.12/ast.py", line 52, in parse
    return compile(source, filename, mode, flags,
           ^^^^^^^^^^^^^^^^^^^^^^^^^^^^^^^^^^^^^^
  File "<unknown>", line 1
    flow.
         ^
SyntaxError: invalid syntax
2025-08-18 19:37:12,642 cblogger [ERROR]: 		Error while extracting code complexity metrics: invalid syntax (<unknown>, line 1)
Traceback (most recent call last):
  File "/root/QuestionInsight/Etapa_1/codebench-mining-tool/util.py", line 551, in extract_complexity_metrics
    v = ComplexityVisitor.from_code(code)
        ^^^^^^^^^^^^^^^^^^^^^^^^^^^^^^^^^
  File "/root/QuestionInsight/.venv/lib/python3.12/site-packages/radon/visitors.py", line 133, in from_code
    return cls.from_ast(code2ast(code), **kwargs)
                        ^^^^^^^^^^^^^^
  File "/root/QuestionInsight/.venv/lib/python3.12/site-packages/radon/visitors.py", line 48, in code2ast
    return ast.parse(source)
           ^^^^^^^^^^^^^^^^^
  File "/usr/lib/python3.12/ast.py", line 52, in parse
    return compile(source, filename, mode, flags,
           ^^^^^^^^^^^^^^^^^^^^^^^^^^^^^^^^^^^^^^
  File "<unknown>", line 1
    aresta =
            ^
SyntaxError: invalid syntax
2025-08-18 19:37:12,643 cblogger [ERROR]: 		Error while extracting halsted code metrics: invalid syntax (<unknown>, line 1)
Traceback (most recent call last):
  File "/root/QuestionInsight/Etapa_1/codebench-mining-tool/util.py", line 569, in extract_halstead_metrics
    h = h_visit(code)
        ^^^^^^^^^^^^^
  File "/root/QuestionInsight/.venv/lib/python3.12/site-packages/radon/metrics.py", line 29, in h_visit
    return h_visit_ast(ast.parse(code))
                       ^^^^^^^^^^^^^^^
  File "/usr/lib/python3.12/ast.py", line 52, in parse
    return compile(source, filename, mode, flags,
           ^^^^^^^^^^^^^^^^^^^^^^^^^^^^^^^^^^^^^^
  File "<unknown>", line 1
    aresta =
            ^
SyntaxError: invalid syntax
2025-08-18 19:37:12,664 cblogger [ERROR]: 		Error while extracting code complexity metrics: invalid syntax. Perhaps you forgot a comma? (<unknown>, line 2)
Traceback (most recent call last):
  File "/root/QuestionInsight/Etapa_1/codebench-mining-tool/util.py", line 551, in extract_complexity_metrics
    v = ComplexityVisitor.from_code(code)
        ^^^^^^^^^^^^^^^^^^^^^^^^^^^^^^^^^
  File "/root/QuestionInsight/.venv/lib/python3.12/site-packages/radon/visitors.py", line 133, in from_code
    return cls.from_ast(code2ast(code), **kwargs)
                        ^^^^^^^^^^^^^^
  File "/root/QuestionInsight/.venv/lib/python3.12/site-packages/radon/visitors.py", line 48, in code2ast
    return ast.parse(source)
           ^^^^^^^^^^^^^^^^^
  File "/usr/lib/python3.12/ast.py", line 52, in parse
    return compile(source, filename, mode, flags,
           ^^^^^^^^^^^^^^^^^^^^^^^^^^^^^^^^^^^^^^
  File "<unknown>", line 2
    print(1 1 2 3 5 8 13 21 34 55 89)
          ^^^
SyntaxError: invalid syntax. Perhaps you forgot a comma?
2025-08-18 19:37:12,664 cblogger [ERROR]: 		Error while extracting halsted code metrics: invalid syntax. Perhaps you forgot a comma? (<unknown>, line 2)
Traceback (most recent call last):
  File "/root/QuestionInsight/Etapa_1/codebench-mining-tool/util.py", line 569, in extract_halstead_metrics
    h = h_visit(code)
        ^^^^^^^^^^^^^
  File "/root/QuestionInsight/.venv/lib/python3.12/site-packages/radon/metrics.py", line 29, in h_visit
    return h_visit_ast(ast.parse(code))
                       ^^^^^^^^^^^^^^^
  File "/usr/lib/python3.12/ast.py", line 52, in parse
    return compile(source, filename, mode, flags,
           ^^^^^^^^^^^^^^^^^^^^^^^^^^^^^^^^^^^^^^
  File "<unknown>", line 2
    print(1 1 2 3 5 8 13 21 34 55 89)
          ^^^
SyntaxError: invalid syntax. Perhaps you forgot a comma?
2025-08-18 19:37:12,970 cblogger [ERROR]: 		Error while extracting code complexity metrics: invalid syntax (<unknown>, line 1)
Traceback (most recent call last):
  File "/root/QuestionInsight/Etapa_1/codebench-mining-tool/util.py", line 551, in extract_complexity_metrics
    v = ComplexityVisitor.from_code(code)
        ^^^^^^^^^^^^^^^^^^^^^^^^^^^^^^^^^
  File "/root/QuestionInsight/.venv/lib/python3.12/site-packages/radon/visitors.py", line 133, in from_code
    return cls.from_ast(code2ast(code), **kwargs)
                        ^^^^^^^^^^^^^^
  File "/root/QuestionInsight/.venv/lib/python3.12/site-packages/radon/visitors.py", line 48, in code2ast
    return ast.parse(source)
           ^^^^^^^^^^^^^^^^^
  File "/usr/lib/python3.12/ast.py", line 52, in parse
    return compile(source, filename, mode, flags,
           ^^^^^^^^^^^^^^^^^^^^^^^^^^^^^^^^^^^^^^
  File "<unknown>", line 1
    E1=
       ^
SyntaxError: invalid syntax
2025-08-18 19:37:12,970 cblogger [ERROR]: 		Error while extracting halsted code metrics: invalid syntax (<unknown>, line 1)
Traceback (most recent call last):
  File "/root/QuestionInsight/Etapa_1/codebench-mining-tool/util.py", line 569, in extract_halstead_metrics
    h = h_visit(code)
        ^^^^^^^^^^^^^
  File "/root/QuestionInsight/.venv/lib/python3.12/site-packages/radon/metrics.py", line 29, in h_visit
    return h_visit_ast(ast.parse(code))
                       ^^^^^^^^^^^^^^^
  File "/usr/lib/python3.12/ast.py", line 52, in parse
    return compile(source, filename, mode, flags,
           ^^^^^^^^^^^^^^^^^^^^^^^^^^^^^^^^^^^^^^
  File "<unknown>", line 1
    E1=
       ^
SyntaxError: invalid syntax
2025-08-18 19:37:13,814 cblogger [ERROR]: 		Error while extracting code complexity metrics: cannot assign to function call here. Maybe you meant '==' instead of '='? (<unknown>, line 4)
Traceback (most recent call last):
  File "/root/QuestionInsight/Etapa_1/codebench-mining-tool/util.py", line 551, in extract_complexity_metrics
    v = ComplexityVisitor.from_code(code)
        ^^^^^^^^^^^^^^^^^^^^^^^^^^^^^^^^^
  File "/root/QuestionInsight/.venv/lib/python3.12/site-packages/radon/visitors.py", line 133, in from_code
    return cls.from_ast(code2ast(code), **kwargs)
                        ^^^^^^^^^^^^^^
  File "/root/QuestionInsight/.venv/lib/python3.12/site-packages/radon/visitors.py", line 48, in code2ast
    return ast.parse(source)
           ^^^^^^^^^^^^^^^^^
  File "/usr/lib/python3.12/ast.py", line 52, in parse
    return compile(source, filename, mode, flags,
           ^^^^^^^^^^^^^^^^^^^^^^^^^^^^^^^^^^^^^^
  File "<unknown>", line 4
    p(n)= 1 - (factorial(365)/factorial(365-n)) * (1/(365**n))
    ^^^^
SyntaxError: cannot assign to function call here. Maybe you meant '==' instead of '='?
2025-08-18 19:37:13,814 cblogger [ERROR]: 		Error while extracting halsted code metrics: cannot assign to function call here. Maybe you meant '==' instead of '='? (<unknown>, line 4)
Traceback (most recent call last):
  File "/root/QuestionInsight/Etapa_1/codebench-mining-tool/util.py", line 569, in extract_halstead_metrics
    h = h_visit(code)
        ^^^^^^^^^^^^^
  File "/root/QuestionInsight/.venv/lib/python3.12/site-packages/radon/metrics.py", line 29, in h_visit
    return h_visit_ast(ast.parse(code))
                       ^^^^^^^^^^^^^^^
  File "/usr/lib/python3.12/ast.py", line 52, in parse
    return compile(source, filename, mode, flags,
           ^^^^^^^^^^^^^^^^^^^^^^^^^^^^^^^^^^^^^^
  File "<unknown>", line 4
    p(n)= 1 - (factorial(365)/factorial(365-n)) * (1/(365**n))
    ^^^^
SyntaxError: cannot assign to function call here. Maybe you meant '==' instead of '='?
2025-08-18 19:37:13,842 cblogger [ERROR]: 		Error while extracting code complexity metrics: invalid syntax (<unknown>, line 1)
Traceback (most recent call last):
  File "/root/QuestionInsight/Etapa_1/codebench-mining-tool/util.py", line 551, in extract_complexity_metrics
    v = ComplexityVisitor.from_code(code)
        ^^^^^^^^^^^^^^^^^^^^^^^^^^^^^^^^^
  File "/root/QuestionInsight/.venv/lib/python3.12/site-packages/radon/visitors.py", line 133, in from_code
    return cls.from_ast(code2ast(code), **kwargs)
                        ^^^^^^^^^^^^^^
  File "/root/QuestionInsight/.venv/lib/python3.12/site-packages/radon/visitors.py", line 48, in code2ast
    return ast.parse(source)
           ^^^^^^^^^^^^^^^^^
  File "/usr/lib/python3.12/ast.py", line 52, in parse
    return compile(source, filename, mode, flags,
           ^^^^^^^^^^^^^^^^^^^^^^^^^^^^^^^^^^^^^^
  File "<unknown>", line 1
    x = 
        ^
SyntaxError: invalid syntax
2025-08-18 19:37:13,842 cblogger [ERROR]: 		Error while extracting halsted code metrics: invalid syntax (<unknown>, line 1)
Traceback (most recent call last):
  File "/root/QuestionInsight/Etapa_1/codebench-mining-tool/util.py", line 569, in extract_halstead_metrics
    h = h_visit(code)
        ^^^^^^^^^^^^^
  File "/root/QuestionInsight/.venv/lib/python3.12/site-packages/radon/metrics.py", line 29, in h_visit
    return h_visit_ast(ast.parse(code))
                       ^^^^^^^^^^^^^^^
  File "/usr/lib/python3.12/ast.py", line 52, in parse
    return compile(source, filename, mode, flags,
           ^^^^^^^^^^^^^^^^^^^^^^^^^^^^^^^^^^^^^^
  File "<unknown>", line 1
    x = 
        ^
SyntaxError: invalid syntax
2025-08-18 19:37:13,884 cblogger [ERROR]: 		Error while extracting code complexity metrics: expected ':' (<unknown>, line 3)
Traceback (most recent call last):
  File "/root/QuestionInsight/Etapa_1/codebench-mining-tool/util.py", line 551, in extract_complexity_metrics
    v = ComplexityVisitor.from_code(code)
        ^^^^^^^^^^^^^^^^^^^^^^^^^^^^^^^^^
  File "/root/QuestionInsight/.venv/lib/python3.12/site-packages/radon/visitors.py", line 133, in from_code
    return cls.from_ast(code2ast(code), **kwargs)
                        ^^^^^^^^^^^^^^
  File "/root/QuestionInsight/.venv/lib/python3.12/site-packages/radon/visitors.py", line 48, in code2ast
    return ast.parse(source)
           ^^^^^^^^^^^^^^^^^
  File "/usr/lib/python3.12/ast.py", line 52, in parse
    return compile(source, filename, mode, flags,
           ^^^^^^^^^^^^^^^^^^^^^^^^^^^^^^^^^^^^^^
  File "<unknown>", line 3
    if(num )
            ^
SyntaxError: expected ':'
2025-08-18 19:37:13,885 cblogger [ERROR]: 		Error while extracting halsted code metrics: expected ':' (<unknown>, line 3)
Traceback (most recent call last):
  File "/root/QuestionInsight/Etapa_1/codebench-mining-tool/util.py", line 569, in extract_halstead_metrics
    h = h_visit(code)
        ^^^^^^^^^^^^^
  File "/root/QuestionInsight/.venv/lib/python3.12/site-packages/radon/metrics.py", line 29, in h_visit
    return h_visit_ast(ast.parse(code))
                       ^^^^^^^^^^^^^^^
  File "/usr/lib/python3.12/ast.py", line 52, in parse
    return compile(source, filename, mode, flags,
           ^^^^^^^^^^^^^^^^^^^^^^^^^^^^^^^^^^^^^^
  File "<unknown>", line 3
    if(num )
            ^
SyntaxError: expected ':'
2025-08-18 19:37:14,330 cblogger [ERROR]: 		Error while extracting code complexity metrics: invalid syntax (<unknown>, line 4)
Traceback (most recent call last):
  File "/root/QuestionInsight/Etapa_1/codebench-mining-tool/util.py", line 551, in extract_complexity_metrics
    v = ComplexityVisitor.from_code(code)
        ^^^^^^^^^^^^^^^^^^^^^^^^^^^^^^^^^
  File "/root/QuestionInsight/.venv/lib/python3.12/site-packages/radon/visitors.py", line 133, in from_code
    return cls.from_ast(code2ast(code), **kwargs)
                        ^^^^^^^^^^^^^^
  File "/root/QuestionInsight/.venv/lib/python3.12/site-packages/radon/visitors.py", line 48, in code2ast
    return ast.parse(source)
           ^^^^^^^^^^^^^^^^^
  File "/usr/lib/python3.12/ast.py", line 52, in parse
    return compile(source, filename, mode, flags,
           ^^^^^^^^^^^^^^^^^^^^^^^^^^^^^^^^^^^^^^
  File "<unknown>", line 4
    else: 1 1 3
            ^
SyntaxError: invalid syntax
2025-08-18 19:37:14,331 cblogger [ERROR]: 		Error while extracting halsted code metrics: invalid syntax (<unknown>, line 4)
Traceback (most recent call last):
  File "/root/QuestionInsight/Etapa_1/codebench-mining-tool/util.py", line 569, in extract_halstead_metrics
    h = h_visit(code)
        ^^^^^^^^^^^^^
  File "/root/QuestionInsight/.venv/lib/python3.12/site-packages/radon/metrics.py", line 29, in h_visit
    return h_visit_ast(ast.parse(code))
                       ^^^^^^^^^^^^^^^
  File "/usr/lib/python3.12/ast.py", line 52, in parse
    return compile(source, filename, mode, flags,
           ^^^^^^^^^^^^^^^^^^^^^^^^^^^^^^^^^^^^^^
  File "<unknown>", line 4
    else: 1 1 3
            ^
SyntaxError: invalid syntax
2025-08-18 19:37:14,585 cblogger [ERROR]: 		Error while extracting code complexity metrics: invalid syntax. Perhaps you forgot a comma? (<unknown>, line 7)
Traceback (most recent call last):
  File "/root/QuestionInsight/Etapa_1/codebench-mining-tool/util.py", line 551, in extract_complexity_metrics
    v = ComplexityVisitor.from_code(code)
        ^^^^^^^^^^^^^^^^^^^^^^^^^^^^^^^^^
  File "/root/QuestionInsight/.venv/lib/python3.12/site-packages/radon/visitors.py", line 133, in from_code
    return cls.from_ast(code2ast(code), **kwargs)
                        ^^^^^^^^^^^^^^
  File "/root/QuestionInsight/.venv/lib/python3.12/site-packages/radon/visitors.py", line 48, in code2ast
    return ast.parse(source)
           ^^^^^^^^^^^^^^^^^
  File "/usr/lib/python3.12/ast.py", line 52, in parse
    return compile(source, filename, mode, flags,
           ^^^^^^^^^^^^^^^^^^^^^^^^^^^^^^^^^^^^^^
  File "<unknown>", line 7
    print (round v, 2)
           ^^^^^^^
SyntaxError: invalid syntax. Perhaps you forgot a comma?
2025-08-18 19:37:14,585 cblogger [ERROR]: 		Error while extracting halsted code metrics: invalid syntax. Perhaps you forgot a comma? (<unknown>, line 7)
Traceback (most recent call last):
  File "/root/QuestionInsight/Etapa_1/codebench-mining-tool/util.py", line 569, in extract_halstead_metrics
    h = h_visit(code)
        ^^^^^^^^^^^^^
  File "/root/QuestionInsight/.venv/lib/python3.12/site-packages/radon/metrics.py", line 29, in h_visit
    return h_visit_ast(ast.parse(code))
                       ^^^^^^^^^^^^^^^
  File "/usr/lib/python3.12/ast.py", line 52, in parse
    return compile(source, filename, mode, flags,
           ^^^^^^^^^^^^^^^^^^^^^^^^^^^^^^^^^^^^^^
  File "<unknown>", line 7
    print (round v, 2)
           ^^^^^^^
SyntaxError: invalid syntax. Perhaps you forgot a comma?
2025-08-18 19:37:14,619 cblogger [ERROR]: 		Error while extracting code complexity metrics: expected ':' (<unknown>, line 2)
Traceback (most recent call last):
  File "/root/QuestionInsight/Etapa_1/codebench-mining-tool/util.py", line 551, in extract_complexity_metrics
    v = ComplexityVisitor.from_code(code)
        ^^^^^^^^^^^^^^^^^^^^^^^^^^^^^^^^^
  File "/root/QuestionInsight/.venv/lib/python3.12/site-packages/radon/visitors.py", line 133, in from_code
    return cls.from_ast(code2ast(code), **kwargs)
                        ^^^^^^^^^^^^^^
  File "/root/QuestionInsight/.venv/lib/python3.12/site-packages/radon/visitors.py", line 48, in code2ast
    return ast.parse(source)
           ^^^^^^^^^^^^^^^^^
  File "/usr/lib/python3.12/ast.py", line 52, in parse
    return compile(source, filename, mode, flags,
           ^^^^^^^^^^^^^^^^^^^^^^^^^^^^^^^^^^^^^^
  File "<unknown>", line 2
    if(nome == "cervo")
                       ^
SyntaxError: expected ':'
2025-08-18 19:37:14,620 cblogger [ERROR]: 		Error while extracting halsted code metrics: expected ':' (<unknown>, line 2)
Traceback (most recent call last):
  File "/root/QuestionInsight/Etapa_1/codebench-mining-tool/util.py", line 569, in extract_halstead_metrics
    h = h_visit(code)
        ^^^^^^^^^^^^^
  File "/root/QuestionInsight/.venv/lib/python3.12/site-packages/radon/metrics.py", line 29, in h_visit
    return h_visit_ast(ast.parse(code))
                       ^^^^^^^^^^^^^^^
  File "/usr/lib/python3.12/ast.py", line 52, in parse
    return compile(source, filename, mode, flags,
           ^^^^^^^^^^^^^^^^^^^^^^^^^^^^^^^^^^^^^^
  File "<unknown>", line 2
    if(nome == "cervo")
                       ^
SyntaxError: expected ':'
2025-08-18 19:37:14,621 cblogger [ERROR]: 		Error while extracting code complexity metrics: invalid syntax (<unknown>, line 5)
Traceback (most recent call last):
  File "/root/QuestionInsight/Etapa_1/codebench-mining-tool/util.py", line 551, in extract_complexity_metrics
    v = ComplexityVisitor.from_code(code)
        ^^^^^^^^^^^^^^^^^^^^^^^^^^^^^^^^^
  File "/root/QuestionInsight/.venv/lib/python3.12/site-packages/radon/visitors.py", line 133, in from_code
    return cls.from_ast(code2ast(code), **kwargs)
                        ^^^^^^^^^^^^^^
  File "/root/QuestionInsight/.venv/lib/python3.12/site-packages/radon/visitors.py", line 48, in code2ast
    return ast.parse(source)
           ^^^^^^^^^^^^^^^^^
  File "/usr/lib/python3.12/ast.py", line 52, in parse
    return compile(source, filename, mode, flags,
           ^^^^^^^^^^^^^^^^^^^^^^^^^^^^^^^^^^^^^^
  File "<unknown>", line 5
    numero de lados = 6
           ^^
SyntaxError: invalid syntax
2025-08-18 19:37:14,621 cblogger [ERROR]: 		Error while extracting code size based metrics: SyntaxError at line: 7
Traceback (most recent call last):
  File "/root/QuestionInsight/.venv/lib/python3.12/site-packages/radon/raw.py", line 210, in analyze
    tokens, parsed_lines = _get_all_tokens(line, lines)
                           ^^^^^^^^^^^^^^^^^^^^^^^^^^^^
  File "/root/QuestionInsight/.venv/lib/python3.12/site-packages/radon/raw.py", line 117, in _get_all_tokens
    next_line = next(lines)
                ^^^^^^^^^^^
StopIteration

During handling of the above exception, another exception occurred:

Traceback (most recent call last):
  File "/root/QuestionInsight/Etapa_1/codebench-mining-tool/util.py", line 560, in extract_size_metrics
    a = analyze(code)
        ^^^^^^^^^^^^^
  File "/root/QuestionInsight/.venv/lib/python3.12/site-packages/radon/raw.py", line 212, in analyze
    raise SyntaxError('SyntaxError at line: {0}'.format(lineno))
SyntaxError: SyntaxError at line: 7
2025-08-18 19:37:14,622 cblogger [ERROR]: 		Error while extracting halsted code metrics: invalid syntax (<unknown>, line 5)
Traceback (most recent call last):
  File "/root/QuestionInsight/Etapa_1/codebench-mining-tool/util.py", line 569, in extract_halstead_metrics
    h = h_visit(code)
        ^^^^^^^^^^^^^
  File "/root/QuestionInsight/.venv/lib/python3.12/site-packages/radon/metrics.py", line 29, in h_visit
    return h_visit_ast(ast.parse(code))
                       ^^^^^^^^^^^^^^^
  File "/usr/lib/python3.12/ast.py", line 52, in parse
    return compile(source, filename, mode, flags,
           ^^^^^^^^^^^^^^^^^^^^^^^^^^^^^^^^^^^^^^
  File "<unknown>", line 5
    numero de lados = 6
           ^^
SyntaxError: invalid syntax
2025-08-18 19:37:14,650 cblogger [ERROR]: 		Error while extracting code complexity metrics: '(' was never closed (<unknown>, line 1)
Traceback (most recent call last):
  File "/root/QuestionInsight/Etapa_1/codebench-mining-tool/util.py", line 551, in extract_complexity_metrics
    v = ComplexityVisitor.from_code(code)
        ^^^^^^^^^^^^^^^^^^^^^^^^^^^^^^^^^
  File "/root/QuestionInsight/.venv/lib/python3.12/site-packages/radon/visitors.py", line 133, in from_code
    return cls.from_ast(code2ast(code), **kwargs)
                        ^^^^^^^^^^^^^^
  File "/root/QuestionInsight/.venv/lib/python3.12/site-packages/radon/visitors.py", line 48, in code2ast
    return ast.parse(source)
           ^^^^^^^^^^^^^^^^^
  File "/usr/lib/python3.12/ast.py", line 52, in parse
    return compile(source, filename, mode, flags,
           ^^^^^^^^^^^^^^^^^^^^^^^^^^^^^^^^^^^^^^
  File "<unknown>", line 1
    preco = float(input("qual valor de compra ?")
                 ^
SyntaxError: '(' was never closed
2025-08-18 19:37:14,651 cblogger [ERROR]: 		Error while extracting code size based metrics: SyntaxError at line: 1
Traceback (most recent call last):
  File "/root/QuestionInsight/.venv/lib/python3.12/site-packages/radon/raw.py", line 210, in analyze
    tokens, parsed_lines = _get_all_tokens(line, lines)
                           ^^^^^^^^^^^^^^^^^^^^^^^^^^^^
  File "/root/QuestionInsight/.venv/lib/python3.12/site-packages/radon/raw.py", line 117, in _get_all_tokens
    next_line = next(lines)
                ^^^^^^^^^^^
StopIteration

During handling of the above exception, another exception occurred:

Traceback (most recent call last):
  File "/root/QuestionInsight/Etapa_1/codebench-mining-tool/util.py", line 560, in extract_size_metrics
    a = analyze(code)
        ^^^^^^^^^^^^^
  File "/root/QuestionInsight/.venv/lib/python3.12/site-packages/radon/raw.py", line 212, in analyze
    raise SyntaxError('SyntaxError at line: {0}'.format(lineno))
SyntaxError: SyntaxError at line: 1
2025-08-18 19:37:14,651 cblogger [ERROR]: 		Error while extracting halsted code metrics: '(' was never closed (<unknown>, line 1)
Traceback (most recent call last):
  File "/root/QuestionInsight/Etapa_1/codebench-mining-tool/util.py", line 569, in extract_halstead_metrics
    h = h_visit(code)
        ^^^^^^^^^^^^^
  File "/root/QuestionInsight/.venv/lib/python3.12/site-packages/radon/metrics.py", line 29, in h_visit
    return h_visit_ast(ast.parse(code))
                       ^^^^^^^^^^^^^^^
  File "/usr/lib/python3.12/ast.py", line 52, in parse
    return compile(source, filename, mode, flags,
           ^^^^^^^^^^^^^^^^^^^^^^^^^^^^^^^^^^^^^^
  File "<unknown>", line 1
    preco = float(input("qual valor de compra ?")
                 ^
SyntaxError: '(' was never closed
2025-08-18 19:37:14,688 cblogger [ERROR]: 		Error while extracting code complexity metrics: invalid syntax (<unknown>, line 2)
Traceback (most recent call last):
  File "/root/QuestionInsight/Etapa_1/codebench-mining-tool/util.py", line 551, in extract_complexity_metrics
    v = ComplexityVisitor.from_code(code)
        ^^^^^^^^^^^^^^^^^^^^^^^^^^^^^^^^^
  File "/root/QuestionInsight/.venv/lib/python3.12/site-packages/radon/visitors.py", line 133, in from_code
    return cls.from_ast(code2ast(code), **kwargs)
                        ^^^^^^^^^^^^^^
  File "/root/QuestionInsight/.venv/lib/python3.12/site-packages/radon/visitors.py", line 48, in code2ast
    return ast.parse(source)
           ^^^^^^^^^^^^^^^^^
  File "/usr/lib/python3.12/ast.py", line 52, in parse
    return compile(source, filename, mode, flags,
           ^^^^^^^^^^^^^^^^^^^^^^^^^^^^^^^^^^^^^^
  File "<unknown>", line 2
    valor fixo = 10
          ^^^^
SyntaxError: invalid syntax
2025-08-18 19:37:14,689 cblogger [ERROR]: 		Error while extracting halsted code metrics: invalid syntax (<unknown>, line 2)
Traceback (most recent call last):
  File "/root/QuestionInsight/Etapa_1/codebench-mining-tool/util.py", line 569, in extract_halstead_metrics
    h = h_visit(code)
        ^^^^^^^^^^^^^
  File "/root/QuestionInsight/.venv/lib/python3.12/site-packages/radon/metrics.py", line 29, in h_visit
    return h_visit_ast(ast.parse(code))
                       ^^^^^^^^^^^^^^^
  File "/usr/lib/python3.12/ast.py", line 52, in parse
    return compile(source, filename, mode, flags,
           ^^^^^^^^^^^^^^^^^^^^^^^^^^^^^^^^^^^^^^
  File "<unknown>", line 2
    valor fixo = 10
          ^^^^
SyntaxError: invalid syntax
2025-08-18 19:37:15,529 cblogger [ERROR]: 		Error while extracting code complexity metrics: invalid syntax (<unknown>, line 4)
Traceback (most recent call last):
  File "/root/QuestionInsight/Etapa_1/codebench-mining-tool/util.py", line 551, in extract_complexity_metrics
    v = ComplexityVisitor.from_code(code)
        ^^^^^^^^^^^^^^^^^^^^^^^^^^^^^^^^^
  File "/root/QuestionInsight/.venv/lib/python3.12/site-packages/radon/visitors.py", line 133, in from_code
    return cls.from_ast(code2ast(code), **kwargs)
                        ^^^^^^^^^^^^^^
  File "/root/QuestionInsight/.venv/lib/python3.12/site-packages/radon/visitors.py", line 48, in code2ast
    return ast.parse(source)
           ^^^^^^^^^^^^^^^^^
  File "/usr/lib/python3.12/ast.py", line 52, in parse
    return compile(source, filename, mode, flags,
           ^^^^^^^^^^^^^^^^^^^^^^^^^^^^^^^^^^^^^^
  File "<unknown>", line 4
    from*math*import
        ^
SyntaxError: invalid syntax
2025-08-18 19:37:15,529 cblogger [ERROR]: 		Error while extracting code size based metrics: SyntaxError at line: 5
Traceback (most recent call last):
  File "/root/QuestionInsight/.venv/lib/python3.12/site-packages/radon/raw.py", line 210, in analyze
    tokens, parsed_lines = _get_all_tokens(line, lines)
                           ^^^^^^^^^^^^^^^^^^^^^^^^^^^^
  File "/root/QuestionInsight/.venv/lib/python3.12/site-packages/radon/raw.py", line 117, in _get_all_tokens
    next_line = next(lines)
                ^^^^^^^^^^^
StopIteration

During handling of the above exception, another exception occurred:

Traceback (most recent call last):
  File "/root/QuestionInsight/Etapa_1/codebench-mining-tool/util.py", line 560, in extract_size_metrics
    a = analyze(code)
        ^^^^^^^^^^^^^
  File "/root/QuestionInsight/.venv/lib/python3.12/site-packages/radon/raw.py", line 212, in analyze
    raise SyntaxError('SyntaxError at line: {0}'.format(lineno))
SyntaxError: SyntaxError at line: 5
2025-08-18 19:37:15,530 cblogger [ERROR]: 		Error while extracting halsted code metrics: invalid syntax (<unknown>, line 4)
Traceback (most recent call last):
  File "/root/QuestionInsight/Etapa_1/codebench-mining-tool/util.py", line 569, in extract_halstead_metrics
    h = h_visit(code)
        ^^^^^^^^^^^^^
  File "/root/QuestionInsight/.venv/lib/python3.12/site-packages/radon/metrics.py", line 29, in h_visit
    return h_visit_ast(ast.parse(code))
                       ^^^^^^^^^^^^^^^
  File "/usr/lib/python3.12/ast.py", line 52, in parse
    return compile(source, filename, mode, flags,
           ^^^^^^^^^^^^^^^^^^^^^^^^^^^^^^^^^^^^^^
  File "<unknown>", line 4
    from*math*import
        ^
SyntaxError: invalid syntax
2025-08-18 19:37:15,713 cblogger [ERROR]: 		Error while extracting code complexity metrics: expected ':' (<unknown>, line 4)
Traceback (most recent call last):
  File "/root/QuestionInsight/Etapa_1/codebench-mining-tool/util.py", line 551, in extract_complexity_metrics
    v = ComplexityVisitor.from_code(code)
        ^^^^^^^^^^^^^^^^^^^^^^^^^^^^^^^^^
  File "/root/QuestionInsight/.venv/lib/python3.12/site-packages/radon/visitors.py", line 133, in from_code
    return cls.from_ast(code2ast(code), **kwargs)
                        ^^^^^^^^^^^^^^
  File "/root/QuestionInsight/.venv/lib/python3.12/site-packages/radon/visitors.py", line 48, in code2ast
    return ast.parse(source)
           ^^^^^^^^^^^^^^^^^
  File "/usr/lib/python3.12/ast.py", line 52, in parse
    return compile(source, filename, mode, flags,
           ^^^^^^^^^^^^^^^^^^^^^^^^^^^^^^^^^^^^^^
  File "<unknown>", line 4
    for i in range(num-1)
                         ^
SyntaxError: expected ':'
2025-08-18 19:37:15,714 cblogger [ERROR]: 		Error while extracting halsted code metrics: expected ':' (<unknown>, line 4)
Traceback (most recent call last):
  File "/root/QuestionInsight/Etapa_1/codebench-mining-tool/util.py", line 569, in extract_halstead_metrics
    h = h_visit(code)
        ^^^^^^^^^^^^^
  File "/root/QuestionInsight/.venv/lib/python3.12/site-packages/radon/metrics.py", line 29, in h_visit
    return h_visit_ast(ast.parse(code))
                       ^^^^^^^^^^^^^^^
  File "/usr/lib/python3.12/ast.py", line 52, in parse
    return compile(source, filename, mode, flags,
           ^^^^^^^^^^^^^^^^^^^^^^^^^^^^^^^^^^^^^^
  File "<unknown>", line 4
    for i in range(num-1)
                         ^
SyntaxError: expected ':'
2025-08-18 19:37:15,835 cblogger [ERROR]: 		Error while extracting code complexity metrics: unterminated string literal (detected at line 1) (<unknown>, line 1)
Traceback (most recent call last):
  File "/root/QuestionInsight/Etapa_1/codebench-mining-tool/util.py", line 551, in extract_complexity_metrics
    v = ComplexityVisitor.from_code(code)
        ^^^^^^^^^^^^^^^^^^^^^^^^^^^^^^^^^
  File "/root/QuestionInsight/.venv/lib/python3.12/site-packages/radon/visitors.py", line 133, in from_code
    return cls.from_ast(code2ast(code), **kwargs)
                        ^^^^^^^^^^^^^^
  File "/root/QuestionInsight/.venv/lib/python3.12/site-packages/radon/visitors.py", line 48, in code2ast
    return ast.parse(source)
           ^^^^^^^^^^^^^^^^^
  File "/usr/lib/python3.12/ast.py", line 52, in parse
    return compile(source, filename, mode, flags,
           ^^^^^^^^^^^^^^^^^^^^^^^^^^^^^^^^^^^^^^
  File "<unknown>", line 1
    print("700
          ^
SyntaxError: unterminated string literal (detected at line 1)
2025-08-18 19:37:15,835 cblogger [ERROR]: 		Error while extracting code size based metrics: SyntaxError at line: 1
Traceback (most recent call last):
  File "/root/QuestionInsight/.venv/lib/python3.12/site-packages/radon/raw.py", line 210, in analyze
    tokens, parsed_lines = _get_all_tokens(line, lines)
                           ^^^^^^^^^^^^^^^^^^^^^^^^^^^^
  File "/root/QuestionInsight/.venv/lib/python3.12/site-packages/radon/raw.py", line 117, in _get_all_tokens
    next_line = next(lines)
                ^^^^^^^^^^^
StopIteration

During handling of the above exception, another exception occurred:

Traceback (most recent call last):
  File "/root/QuestionInsight/Etapa_1/codebench-mining-tool/util.py", line 560, in extract_size_metrics
    a = analyze(code)
        ^^^^^^^^^^^^^
  File "/root/QuestionInsight/.venv/lib/python3.12/site-packages/radon/raw.py", line 212, in analyze
    raise SyntaxError('SyntaxError at line: {0}'.format(lineno))
SyntaxError: SyntaxError at line: 1
2025-08-18 19:37:15,836 cblogger [ERROR]: 		Error while extracting halsted code metrics: unterminated string literal (detected at line 1) (<unknown>, line 1)
Traceback (most recent call last):
  File "/root/QuestionInsight/Etapa_1/codebench-mining-tool/util.py", line 569, in extract_halstead_metrics
    h = h_visit(code)
        ^^^^^^^^^^^^^
  File "/root/QuestionInsight/.venv/lib/python3.12/site-packages/radon/metrics.py", line 29, in h_visit
    return h_visit_ast(ast.parse(code))
                       ^^^^^^^^^^^^^^^
  File "/usr/lib/python3.12/ast.py", line 52, in parse
    return compile(source, filename, mode, flags,
           ^^^^^^^^^^^^^^^^^^^^^^^^^^^^^^^^^^^^^^
  File "<unknown>", line 1
    print("700
          ^
SyntaxError: unterminated string literal (detected at line 1)
2025-08-18 19:37:16,207 cblogger [ERROR]: 		Error while extracting code complexity metrics: inconsistent use of tabs and spaces in indentation (<unknown>, line 10)
Traceback (most recent call last):
  File "/root/QuestionInsight/Etapa_1/codebench-mining-tool/util.py", line 551, in extract_complexity_metrics
    v = ComplexityVisitor.from_code(code)
        ^^^^^^^^^^^^^^^^^^^^^^^^^^^^^^^^^
  File "/root/QuestionInsight/.venv/lib/python3.12/site-packages/radon/visitors.py", line 133, in from_code
    return cls.from_ast(code2ast(code), **kwargs)
                        ^^^^^^^^^^^^^^
  File "/root/QuestionInsight/.venv/lib/python3.12/site-packages/radon/visitors.py", line 48, in code2ast
    return ast.parse(source)
           ^^^^^^^^^^^^^^^^^
  File "/usr/lib/python3.12/ast.py", line 52, in parse
    return compile(source, filename, mode, flags,
           ^^^^^^^^^^^^^^^^^^^^^^^^^^^^^^^^^^^^^^
  File "<unknown>", line 10
    	y = (a*f - c*d)/k	
    ^
TabError: inconsistent use of tabs and spaces in indentation
2025-08-18 19:37:16,208 cblogger [ERROR]: 		Error while extracting halsted code metrics: inconsistent use of tabs and spaces in indentation (<unknown>, line 10)
Traceback (most recent call last):
  File "/root/QuestionInsight/Etapa_1/codebench-mining-tool/util.py", line 569, in extract_halstead_metrics
    h = h_visit(code)
        ^^^^^^^^^^^^^
  File "/root/QuestionInsight/.venv/lib/python3.12/site-packages/radon/metrics.py", line 29, in h_visit
    return h_visit_ast(ast.parse(code))
                       ^^^^^^^^^^^^^^^
  File "/usr/lib/python3.12/ast.py", line 52, in parse
    return compile(source, filename, mode, flags,
           ^^^^^^^^^^^^^^^^^^^^^^^^^^^^^^^^^^^^^^
  File "<unknown>", line 10
    	y = (a*f - c*d)/k	
    ^
TabError: inconsistent use of tabs and spaces in indentation
2025-08-18 19:37:16,240 cblogger [ERROR]: 		Error while extracting code complexity metrics: invalid syntax (<unknown>, line 2)
Traceback (most recent call last):
  File "/root/QuestionInsight/Etapa_1/codebench-mining-tool/util.py", line 551, in extract_complexity_metrics
    v = ComplexityVisitor.from_code(code)
        ^^^^^^^^^^^^^^^^^^^^^^^^^^^^^^^^^
  File "/root/QuestionInsight/.venv/lib/python3.12/site-packages/radon/visitors.py", line 133, in from_code
    return cls.from_ast(code2ast(code), **kwargs)
                        ^^^^^^^^^^^^^^
  File "/root/QuestionInsight/.venv/lib/python3.12/site-packages/radon/visitors.py", line 48, in code2ast
    return ast.parse(source)
           ^^^^^^^^^^^^^^^^^
  File "/usr/lib/python3.12/ast.py", line 52, in parse
    return compile(source, filename, mode, flags,
           ^^^^^^^^^^^^^^^^^^^^^^^^^^^^^^^^^^^^^^
  File "<unknown>", line 2
    calculo = 
              ^
SyntaxError: invalid syntax
2025-08-18 19:37:16,240 cblogger [ERROR]: 		Error while extracting halsted code metrics: invalid syntax (<unknown>, line 2)
Traceback (most recent call last):
  File "/root/QuestionInsight/Etapa_1/codebench-mining-tool/util.py", line 569, in extract_halstead_metrics
    h = h_visit(code)
        ^^^^^^^^^^^^^
  File "/root/QuestionInsight/.venv/lib/python3.12/site-packages/radon/metrics.py", line 29, in h_visit
    return h_visit_ast(ast.parse(code))
                       ^^^^^^^^^^^^^^^
  File "/usr/lib/python3.12/ast.py", line 52, in parse
    return compile(source, filename, mode, flags,
           ^^^^^^^^^^^^^^^^^^^^^^^^^^^^^^^^^^^^^^
  File "<unknown>", line 2
    calculo = 
              ^
SyntaxError: invalid syntax
2025-08-18 19:37:16,242 cblogger [ERROR]: 		Error while extracting code complexity metrics: invalid syntax (<unknown>, line 2)
Traceback (most recent call last):
  File "/root/QuestionInsight/Etapa_1/codebench-mining-tool/util.py", line 551, in extract_complexity_metrics
    v = ComplexityVisitor.from_code(code)
        ^^^^^^^^^^^^^^^^^^^^^^^^^^^^^^^^^
  File "/root/QuestionInsight/.venv/lib/python3.12/site-packages/radon/visitors.py", line 133, in from_code
    return cls.from_ast(code2ast(code), **kwargs)
                        ^^^^^^^^^^^^^^
  File "/root/QuestionInsight/.venv/lib/python3.12/site-packages/radon/visitors.py", line 48, in code2ast
    return ast.parse(source)
           ^^^^^^^^^^^^^^^^^
  File "/usr/lib/python3.12/ast.py", line 52, in parse
    return compile(source, filename, mode, flags,
           ^^^^^^^^^^^^^^^^^^^^^^^^^^^^^^^^^^^^^^
  File "<unknown>", line 2
    b=
      ^
SyntaxError: invalid syntax
2025-08-18 19:37:16,243 cblogger [ERROR]: 		Error while extracting halsted code metrics: invalid syntax (<unknown>, line 2)
Traceback (most recent call last):
  File "/root/QuestionInsight/Etapa_1/codebench-mining-tool/util.py", line 569, in extract_halstead_metrics
    h = h_visit(code)
        ^^^^^^^^^^^^^
  File "/root/QuestionInsight/.venv/lib/python3.12/site-packages/radon/metrics.py", line 29, in h_visit
    return h_visit_ast(ast.parse(code))
                       ^^^^^^^^^^^^^^^
  File "/usr/lib/python3.12/ast.py", line 52, in parse
    return compile(source, filename, mode, flags,
           ^^^^^^^^^^^^^^^^^^^^^^^^^^^^^^^^^^^^^^
  File "<unknown>", line 2
    b=
      ^
SyntaxError: invalid syntax
2025-08-18 19:37:16,396 cblogger [ERROR]: 		Error while extracting code complexity metrics: invalid syntax (<unknown>, line 4)
Traceback (most recent call last):
  File "/root/QuestionInsight/Etapa_1/codebench-mining-tool/util.py", line 551, in extract_complexity_metrics
    v = ComplexityVisitor.from_code(code)
        ^^^^^^^^^^^^^^^^^^^^^^^^^^^^^^^^^
  File "/root/QuestionInsight/.venv/lib/python3.12/site-packages/radon/visitors.py", line 133, in from_code
    return cls.from_ast(code2ast(code), **kwargs)
                        ^^^^^^^^^^^^^^
  File "/root/QuestionInsight/.venv/lib/python3.12/site-packages/radon/visitors.py", line 48, in code2ast
    return ast.parse(source)
           ^^^^^^^^^^^^^^^^^
  File "/usr/lib/python3.12/ast.py", line 52, in parse
    return compile(source, filename, mode, flags,
           ^^^^^^^^^^^^^^^^^^^^^^^^^^^^^^^^^^^^^^
  File "<unknown>", line 4
    from math import
                    ^
SyntaxError: invalid syntax
2025-08-18 19:37:16,397 cblogger [ERROR]: 		Error while extracting halsted code metrics: invalid syntax (<unknown>, line 4)
Traceback (most recent call last):
  File "/root/QuestionInsight/Etapa_1/codebench-mining-tool/util.py", line 569, in extract_halstead_metrics
    h = h_visit(code)
        ^^^^^^^^^^^^^
  File "/root/QuestionInsight/.venv/lib/python3.12/site-packages/radon/metrics.py", line 29, in h_visit
    return h_visit_ast(ast.parse(code))
                       ^^^^^^^^^^^^^^^
  File "/usr/lib/python3.12/ast.py", line 52, in parse
    return compile(source, filename, mode, flags,
           ^^^^^^^^^^^^^^^^^^^^^^^^^^^^^^^^^^^^^^
  File "<unknown>", line 4
    from math import
                    ^
SyntaxError: invalid syntax
2025-08-18 19:37:16,412 cblogger [ERROR]: 		Error while extracting code complexity metrics: invalid syntax (<unknown>, line 1)
Traceback (most recent call last):
  File "/root/QuestionInsight/Etapa_1/codebench-mining-tool/util.py", line 551, in extract_complexity_metrics
    v = ComplexityVisitor.from_code(code)
        ^^^^^^^^^^^^^^^^^^^^^^^^^^^^^^^^^
  File "/root/QuestionInsight/.venv/lib/python3.12/site-packages/radon/visitors.py", line 133, in from_code
    return cls.from_ast(code2ast(code), **kwargs)
                        ^^^^^^^^^^^^^^
  File "/root/QuestionInsight/.venv/lib/python3.12/site-packages/radon/visitors.py", line 48, in code2ast
    return ast.parse(source)
           ^^^^^^^^^^^^^^^^^
  File "/usr/lib/python3.12/ast.py", line 52, in parse
    return compile(source, filename, mode, flags,
           ^^^^^^^^^^^^^^^^^^^^^^^^^^^^^^^^^^^^^^
  File "<unknown>", line 1
    var = # Este código é apenas um ESBOÇO da solução.
          ^^^^^^^^^^^^^^^^^^^^^^^^^^^^^^^^^^^^^^^^^^^^^
SyntaxError: invalid syntax
2025-08-18 19:37:16,413 cblogger [ERROR]: 		Error while extracting halsted code metrics: invalid syntax (<unknown>, line 1)
Traceback (most recent call last):
  File "/root/QuestionInsight/Etapa_1/codebench-mining-tool/util.py", line 569, in extract_halstead_metrics
    h = h_visit(code)
        ^^^^^^^^^^^^^
  File "/root/QuestionInsight/.venv/lib/python3.12/site-packages/radon/metrics.py", line 29, in h_visit
    return h_visit_ast(ast.parse(code))
                       ^^^^^^^^^^^^^^^
  File "/usr/lib/python3.12/ast.py", line 52, in parse
    return compile(source, filename, mode, flags,
           ^^^^^^^^^^^^^^^^^^^^^^^^^^^^^^^^^^^^^^
  File "<unknown>", line 1
    var = # Este código é apenas um ESBOÇO da solução.
          ^^^^^^^^^^^^^^^^^^^^^^^^^^^^^^^^^^^^^^^^^^^^^
SyntaxError: invalid syntax
2025-08-18 19:37:16,413 cblogger [ERROR]: 		Error while extracting code token based metrics: 55
Traceback (most recent call last):
  File "/root/QuestionInsight/Etapa_1/codebench-mining-tool/util.py", line 633, in extract_token_metrics
    setattr(obj, TOKEN_NAMES[k], v)
                 ~~~~~~~~~~~^^^
KeyError: 55
2025-08-18 19:37:16,546 cblogger [ERROR]: 		Error while extracting code complexity metrics: expected ':' (<unknown>, line 7)
Traceback (most recent call last):
  File "/root/QuestionInsight/Etapa_1/codebench-mining-tool/util.py", line 551, in extract_complexity_metrics
    v = ComplexityVisitor.from_code(code)
        ^^^^^^^^^^^^^^^^^^^^^^^^^^^^^^^^^
  File "/root/QuestionInsight/.venv/lib/python3.12/site-packages/radon/visitors.py", line 133, in from_code
    return cls.from_ast(code2ast(code), **kwargs)
                        ^^^^^^^^^^^^^^
  File "/root/QuestionInsight/.venv/lib/python3.12/site-packages/radon/visitors.py", line 48, in code2ast
    return ast.parse(source)
           ^^^^^^^^^^^^^^^^^
  File "/usr/lib/python3.12/ast.py", line 52, in parse
    return compile(source, filename, mode, flags,
           ^^^^^^^^^^^^^^^^^^^^^^^^^^^^^^^^^^^^^^
  File "<unknown>", line 7
    if (num % 2 == 0)
                     ^
SyntaxError: expected ':'
2025-08-18 19:37:16,549 cblogger [ERROR]: 		Error while extracting halsted code metrics: expected ':' (<unknown>, line 7)
Traceback (most recent call last):
  File "/root/QuestionInsight/Etapa_1/codebench-mining-tool/util.py", line 569, in extract_halstead_metrics
    h = h_visit(code)
        ^^^^^^^^^^^^^
  File "/root/QuestionInsight/.venv/lib/python3.12/site-packages/radon/metrics.py", line 29, in h_visit
    return h_visit_ast(ast.parse(code))
                       ^^^^^^^^^^^^^^^
  File "/usr/lib/python3.12/ast.py", line 52, in parse
    return compile(source, filename, mode, flags,
           ^^^^^^^^^^^^^^^^^^^^^^^^^^^^^^^^^^^^^^
  File "<unknown>", line 7
    if (num % 2 == 0)
                     ^
SyntaxError: expected ':'
2025-08-18 19:37:17,092 cblogger [ERROR]: 		Error while extracting code complexity metrics: cannot assign to function call (<unknown>, line 1)
Traceback (most recent call last):
  File "/root/QuestionInsight/Etapa_1/codebench-mining-tool/util.py", line 551, in extract_complexity_metrics
    v = ComplexityVisitor.from_code(code)
        ^^^^^^^^^^^^^^^^^^^^^^^^^^^^^^^^^
  File "/root/QuestionInsight/.venv/lib/python3.12/site-packages/radon/visitors.py", line 133, in from_code
    return cls.from_ast(code2ast(code), **kwargs)
                        ^^^^^^^^^^^^^^
  File "/root/QuestionInsight/.venv/lib/python3.12/site-packages/radon/visitors.py", line 48, in code2ast
    return ast.parse(source)
           ^^^^^^^^^^^^^^^^^
  File "/usr/lib/python3.12/ast.py", line 52, in parse
    return compile(source, filename, mode, flags,
           ^^^^^^^^^^^^^^^^^^^^^^^^^^^^^^^^^^^^^^
  File "<unknown>", line 1
    quantia (250.6)=
    ^^^^^^^^^^^^^^^
SyntaxError: cannot assign to function call
2025-08-18 19:37:17,092 cblogger [ERROR]: 		Error while extracting halsted code metrics: cannot assign to function call (<unknown>, line 1)
Traceback (most recent call last):
  File "/root/QuestionInsight/Etapa_1/codebench-mining-tool/util.py", line 569, in extract_halstead_metrics
    h = h_visit(code)
        ^^^^^^^^^^^^^
  File "/root/QuestionInsight/.venv/lib/python3.12/site-packages/radon/metrics.py", line 29, in h_visit
    return h_visit_ast(ast.parse(code))
                       ^^^^^^^^^^^^^^^
  File "/usr/lib/python3.12/ast.py", line 52, in parse
    return compile(source, filename, mode, flags,
           ^^^^^^^^^^^^^^^^^^^^^^^^^^^^^^^^^^^^^^
  File "<unknown>", line 1
    quantia (250.6)=
    ^^^^^^^^^^^^^^^
SyntaxError: cannot assign to function call
2025-08-18 19:37:17,329 cblogger [ERROR]: 		Error while extracting code complexity metrics: invalid decimal literal (<unknown>, line 8)
Traceback (most recent call last):
  File "/root/QuestionInsight/Etapa_1/codebench-mining-tool/util.py", line 551, in extract_complexity_metrics
    v = ComplexityVisitor.from_code(code)
        ^^^^^^^^^^^^^^^^^^^^^^^^^^^^^^^^^
  File "/root/QuestionInsight/.venv/lib/python3.12/site-packages/radon/visitors.py", line 133, in from_code
    return cls.from_ast(code2ast(code), **kwargs)
                        ^^^^^^^^^^^^^^
  File "/root/QuestionInsight/.venv/lib/python3.12/site-packages/radon/visitors.py", line 48, in code2ast
    return ast.parse(source)
           ^^^^^^^^^^^^^^^^^
  File "/usr/lib/python3.12/ast.py", line 52, in parse
    return compile(source, filename, mode, flags,
           ^^^^^^^^^^^^^^^^^^^^^^^^^^^^^^^^^^^^^^
  File "<unknown>", line 8
    http://codebench.icomp.ufam.edu.br/index.php?r=trabalho%2Fview&id=1903#
                                                            ^
SyntaxError: invalid decimal literal
2025-08-18 19:37:17,330 cblogger [ERROR]: 		Error while extracting halsted code metrics: invalid decimal literal (<unknown>, line 8)
Traceback (most recent call last):
  File "/root/QuestionInsight/Etapa_1/codebench-mining-tool/util.py", line 569, in extract_halstead_metrics
    h = h_visit(code)
        ^^^^^^^^^^^^^
  File "/root/QuestionInsight/.venv/lib/python3.12/site-packages/radon/metrics.py", line 29, in h_visit
    return h_visit_ast(ast.parse(code))
                       ^^^^^^^^^^^^^^^
  File "/usr/lib/python3.12/ast.py", line 52, in parse
    return compile(source, filename, mode, flags,
           ^^^^^^^^^^^^^^^^^^^^^^^^^^^^^^^^^^^^^^
  File "<unknown>", line 8
    http://codebench.icomp.ufam.edu.br/index.php?r=trabalho%2Fview&id=1903#
                                                            ^
SyntaxError: invalid decimal literal
2025-08-18 19:37:17,330 cblogger [ERROR]: 		Error while extracting code token based metrics: 55
Traceback (most recent call last):
  File "/root/QuestionInsight/Etapa_1/codebench-mining-tool/util.py", line 633, in extract_token_metrics
    setattr(obj, TOKEN_NAMES[k], v)
                 ~~~~~~~~~~~^^^
KeyError: 55
2025-08-18 19:37:17,369 cblogger [ERROR]: 		Error while extracting code complexity metrics: unexpected indent (<unknown>, line 9)
Traceback (most recent call last):
  File "/root/QuestionInsight/Etapa_1/codebench-mining-tool/util.py", line 551, in extract_complexity_metrics
    v = ComplexityVisitor.from_code(code)
        ^^^^^^^^^^^^^^^^^^^^^^^^^^^^^^^^^
  File "/root/QuestionInsight/.venv/lib/python3.12/site-packages/radon/visitors.py", line 133, in from_code
    return cls.from_ast(code2ast(code), **kwargs)
                        ^^^^^^^^^^^^^^
  File "/root/QuestionInsight/.venv/lib/python3.12/site-packages/radon/visitors.py", line 48, in code2ast
    return ast.parse(source)
           ^^^^^^^^^^^^^^^^^
  File "/usr/lib/python3.12/ast.py", line 52, in parse
    return compile(source, filename, mode, flags,
           ^^^^^^^^^^^^^^^^^^^^^^^^^^^^^^^^^^^^^^
  File "<unknown>", line 9
    	x = (c*e - b*f) / (a*e - b*d)
    ^
IndentationError: unexpected indent
2025-08-18 19:37:17,370 cblogger [ERROR]: 		Error while extracting halsted code metrics: unexpected indent (<unknown>, line 9)
Traceback (most recent call last):
  File "/root/QuestionInsight/Etapa_1/codebench-mining-tool/util.py", line 569, in extract_halstead_metrics
    h = h_visit(code)
        ^^^^^^^^^^^^^
  File "/root/QuestionInsight/.venv/lib/python3.12/site-packages/radon/metrics.py", line 29, in h_visit
    return h_visit_ast(ast.parse(code))
                       ^^^^^^^^^^^^^^^
  File "/usr/lib/python3.12/ast.py", line 52, in parse
    return compile(source, filename, mode, flags,
           ^^^^^^^^^^^^^^^^^^^^^^^^^^^^^^^^^^^^^^
  File "<unknown>", line 9
    	x = (c*e - b*f) / (a*e - b*d)
    ^
IndentationError: unexpected indent
2025-08-18 19:37:17,591 cblogger [ERROR]: 		Error while extracting code complexity metrics: expected an indented block after 'else' statement on line 7 (<unknown>, line 8)
Traceback (most recent call last):
  File "/root/QuestionInsight/Etapa_1/codebench-mining-tool/util.py", line 551, in extract_complexity_metrics
    v = ComplexityVisitor.from_code(code)
        ^^^^^^^^^^^^^^^^^^^^^^^^^^^^^^^^^
  File "/root/QuestionInsight/.venv/lib/python3.12/site-packages/radon/visitors.py", line 133, in from_code
    return cls.from_ast(code2ast(code), **kwargs)
                        ^^^^^^^^^^^^^^
  File "/root/QuestionInsight/.venv/lib/python3.12/site-packages/radon/visitors.py", line 48, in code2ast
    return ast.parse(source)
           ^^^^^^^^^^^^^^^^^
  File "/usr/lib/python3.12/ast.py", line 52, in parse
    return compile(source, filename, mode, flags,
           ^^^^^^^^^^^^^^^^^^^^^^^^^^^^^^^^^^^^^^
  File "<unknown>", line 8
    print(x, "nao eh patrono do Harry Potter")	
    ^^^^^
IndentationError: expected an indented block after 'else' statement on line 7
2025-08-18 19:37:17,592 cblogger [ERROR]: 		Error while extracting halsted code metrics: expected an indented block after 'else' statement on line 7 (<unknown>, line 8)
Traceback (most recent call last):
  File "/root/QuestionInsight/Etapa_1/codebench-mining-tool/util.py", line 569, in extract_halstead_metrics
    h = h_visit(code)
        ^^^^^^^^^^^^^
  File "/root/QuestionInsight/.venv/lib/python3.12/site-packages/radon/metrics.py", line 29, in h_visit
    return h_visit_ast(ast.parse(code))
                       ^^^^^^^^^^^^^^^
  File "/usr/lib/python3.12/ast.py", line 52, in parse
    return compile(source, filename, mode, flags,
           ^^^^^^^^^^^^^^^^^^^^^^^^^^^^^^^^^^^^^^
  File "<unknown>", line 8
    print(x, "nao eh patrono do Harry Potter")	
    ^^^^^
IndentationError: expected an indented block after 'else' statement on line 7
2025-08-18 19:37:17,623 cblogger [ERROR]: 		Error while extracting code complexity metrics: invalid syntax (<unknown>, line 1)
Traceback (most recent call last):
  File "/root/QuestionInsight/Etapa_1/codebench-mining-tool/util.py", line 551, in extract_complexity_metrics
    v = ComplexityVisitor.from_code(code)
        ^^^^^^^^^^^^^^^^^^^^^^^^^^^^^^^^^
  File "/root/QuestionInsight/.venv/lib/python3.12/site-packages/radon/visitors.py", line 133, in from_code
    return cls.from_ast(code2ast(code), **kwargs)
                        ^^^^^^^^^^^^^^
  File "/root/QuestionInsight/.venv/lib/python3.12/site-packages/radon/visitors.py", line 48, in code2ast
    return ast.parse(source)
           ^^^^^^^^^^^^^^^^^
  File "/usr/lib/python3.12/ast.py", line 52, in parse
    return compile(source, filename, mode, flags,
           ^^^^^^^^^^^^^^^^^^^^^^^^^^^^^^^^^^^^^^
  File "<unknown>", line 1
    from math import#
                    ^^
SyntaxError: invalid syntax
2025-08-18 19:37:17,623 cblogger [ERROR]: 		Error while extracting halsted code metrics: invalid syntax (<unknown>, line 1)
Traceback (most recent call last):
  File "/root/QuestionInsight/Etapa_1/codebench-mining-tool/util.py", line 569, in extract_halstead_metrics
    h = h_visit(code)
        ^^^^^^^^^^^^^
  File "/root/QuestionInsight/.venv/lib/python3.12/site-packages/radon/metrics.py", line 29, in h_visit
    return h_visit_ast(ast.parse(code))
                       ^^^^^^^^^^^^^^^
  File "/usr/lib/python3.12/ast.py", line 52, in parse
    return compile(source, filename, mode, flags,
           ^^^^^^^^^^^^^^^^^^^^^^^^^^^^^^^^^^^^^^
  File "<unknown>", line 1
    from math import#
                    ^^
SyntaxError: invalid syntax
2025-08-18 19:37:17,628 cblogger [ERROR]: 		Error while extracting code complexity metrics: invalid syntax (<unknown>, line 5)
Traceback (most recent call last):
  File "/root/QuestionInsight/Etapa_1/codebench-mining-tool/util.py", line 551, in extract_complexity_metrics
    v = ComplexityVisitor.from_code(code)
        ^^^^^^^^^^^^^^^^^^^^^^^^^^^^^^^^^
  File "/root/QuestionInsight/.venv/lib/python3.12/site-packages/radon/visitors.py", line 133, in from_code
    return cls.from_ast(code2ast(code), **kwargs)
                        ^^^^^^^^^^^^^^
  File "/root/QuestionInsight/.venv/lib/python3.12/site-packages/radon/visitors.py", line 48, in code2ast
    return ast.parse(source)
           ^^^^^^^^^^^^^^^^^
  File "/usr/lib/python3.12/ast.py", line 52, in parse
    return compile(source, filename, mode, flags,
           ^^^^^^^^^^^^^^^^^^^^^^^^^^^^^^^^^^^^^^
  File "<unknown>", line 5
    if val_ap <= 
                 ^
SyntaxError: invalid syntax
2025-08-18 19:37:17,629 cblogger [ERROR]: 		Error while extracting halsted code metrics: invalid syntax (<unknown>, line 5)
Traceback (most recent call last):
  File "/root/QuestionInsight/Etapa_1/codebench-mining-tool/util.py", line 569, in extract_halstead_metrics
    h = h_visit(code)
        ^^^^^^^^^^^^^
  File "/root/QuestionInsight/.venv/lib/python3.12/site-packages/radon/metrics.py", line 29, in h_visit
    return h_visit_ast(ast.parse(code))
                       ^^^^^^^^^^^^^^^
  File "/usr/lib/python3.12/ast.py", line 52, in parse
    return compile(source, filename, mode, flags,
           ^^^^^^^^^^^^^^^^^^^^^^^^^^^^^^^^^^^^^^
  File "<unknown>", line 5
    if val_ap <= 
                 ^
SyntaxError: invalid syntax
2025-08-18 19:37:17,772 cblogger [ERROR]: 		Error while extracting code complexity metrics: invalid syntax (<unknown>, line 1)
Traceback (most recent call last):
  File "/root/QuestionInsight/Etapa_1/codebench-mining-tool/util.py", line 551, in extract_complexity_metrics
    v = ComplexityVisitor.from_code(code)
        ^^^^^^^^^^^^^^^^^^^^^^^^^^^^^^^^^
  File "/root/QuestionInsight/.venv/lib/python3.12/site-packages/radon/visitors.py", line 133, in from_code
    return cls.from_ast(code2ast(code), **kwargs)
                        ^^^^^^^^^^^^^^
  File "/root/QuestionInsight/.venv/lib/python3.12/site-packages/radon/visitors.py", line 48, in code2ast
    return ast.parse(source)
           ^^^^^^^^^^^^^^^^^
  File "/usr/lib/python3.12/ast.py", line 52, in parse
    return compile(source, filename, mode, flags,
           ^^^^^^^^^^^^^^^^^^^^^^^^^^^^^^^^^^^^^^
  File "<unknown>", line 1
    x = 
        ^
SyntaxError: invalid syntax
2025-08-18 19:37:17,773 cblogger [ERROR]: 		Error while extracting halsted code metrics: invalid syntax (<unknown>, line 1)
Traceback (most recent call last):
  File "/root/QuestionInsight/Etapa_1/codebench-mining-tool/util.py", line 569, in extract_halstead_metrics
    h = h_visit(code)
        ^^^^^^^^^^^^^
  File "/root/QuestionInsight/.venv/lib/python3.12/site-packages/radon/metrics.py", line 29, in h_visit
    return h_visit_ast(ast.parse(code))
                       ^^^^^^^^^^^^^^^
  File "/usr/lib/python3.12/ast.py", line 52, in parse
    return compile(source, filename, mode, flags,
           ^^^^^^^^^^^^^^^^^^^^^^^^^^^^^^^^^^^^^^
  File "<unknown>", line 1
    x = 
        ^
SyntaxError: invalid syntax
2025-08-18 19:37:18,275 cblogger [ERROR]: 		Error while extracting code complexity metrics: invalid syntax (<unknown>, line 6)
Traceback (most recent call last):
  File "/root/QuestionInsight/Etapa_1/codebench-mining-tool/util.py", line 551, in extract_complexity_metrics
    v = ComplexityVisitor.from_code(code)
        ^^^^^^^^^^^^^^^^^^^^^^^^^^^^^^^^^
  File "/root/QuestionInsight/.venv/lib/python3.12/site-packages/radon/visitors.py", line 133, in from_code
    return cls.from_ast(code2ast(code), **kwargs)
                        ^^^^^^^^^^^^^^
  File "/root/QuestionInsight/.venv/lib/python3.12/site-packages/radon/visitors.py", line 48, in code2ast
    return ast.parse(source)
           ^^^^^^^^^^^^^^^^^
  File "/usr/lib/python3.12/ast.py", line 52, in parse
    return compile(source, filename, mode, flags,
           ^^^^^^^^^^^^^^^^^^^^^^^^^^^^^^^^^^^^^^
  File "<unknown>", line 6
    print(round(Xm,1))print(round(Xm,1))
                      ^^^^^
SyntaxError: invalid syntax
2025-08-18 19:37:18,276 cblogger [ERROR]: 		Error while extracting halsted code metrics: invalid syntax (<unknown>, line 6)
Traceback (most recent call last):
  File "/root/QuestionInsight/Etapa_1/codebench-mining-tool/util.py", line 569, in extract_halstead_metrics
    h = h_visit(code)
        ^^^^^^^^^^^^^
  File "/root/QuestionInsight/.venv/lib/python3.12/site-packages/radon/metrics.py", line 29, in h_visit
    return h_visit_ast(ast.parse(code))
                       ^^^^^^^^^^^^^^^
  File "/usr/lib/python3.12/ast.py", line 52, in parse
    return compile(source, filename, mode, flags,
           ^^^^^^^^^^^^^^^^^^^^^^^^^^^^^^^^^^^^^^
  File "<unknown>", line 6
    print(round(Xm,1))print(round(Xm,1))
                      ^^^^^
SyntaxError: invalid syntax
2025-08-18 19:37:18,286 cblogger [ERROR]: 		Error while extracting code complexity metrics: unexpected indent (<unknown>, line 2)
Traceback (most recent call last):
  File "/root/QuestionInsight/Etapa_1/codebench-mining-tool/util.py", line 551, in extract_complexity_metrics
    v = ComplexityVisitor.from_code(code)
        ^^^^^^^^^^^^^^^^^^^^^^^^^^^^^^^^^
  File "/root/QuestionInsight/.venv/lib/python3.12/site-packages/radon/visitors.py", line 133, in from_code
    return cls.from_ast(code2ast(code), **kwargs)
                        ^^^^^^^^^^^^^^
  File "/root/QuestionInsight/.venv/lib/python3.12/site-packages/radon/visitors.py", line 48, in code2ast
    return ast.parse(source)
           ^^^^^^^^^^^^^^^^^
  File "/usr/lib/python3.12/ast.py", line 52, in parse
    return compile(source, filename, mode, flags,
           ^^^^^^^^^^^^^^^^^^^^^^^^^^^^^^^^^^^^^^
  File "<unknown>", line 2
    = vendas * 0.3  
IndentationError: unexpected indent
2025-08-18 19:37:18,287 cblogger [ERROR]: 		Error while extracting halsted code metrics: unexpected indent (<unknown>, line 2)
Traceback (most recent call last):
  File "/root/QuestionInsight/Etapa_1/codebench-mining-tool/util.py", line 569, in extract_halstead_metrics
    h = h_visit(code)
        ^^^^^^^^^^^^^
  File "/root/QuestionInsight/.venv/lib/python3.12/site-packages/radon/metrics.py", line 29, in h_visit
    return h_visit_ast(ast.parse(code))
                       ^^^^^^^^^^^^^^^
  File "/usr/lib/python3.12/ast.py", line 52, in parse
    return compile(source, filename, mode, flags,
           ^^^^^^^^^^^^^^^^^^^^^^^^^^^^^^^^^^^^^^
  File "<unknown>", line 2
    = vendas * 0.3  
IndentationError: unexpected indent
2025-08-18 19:37:18,303 cblogger [ERROR]: 		Error while extracting code complexity metrics: invalid syntax (<unknown>, line 1)
Traceback (most recent call last):
  File "/root/QuestionInsight/Etapa_1/codebench-mining-tool/util.py", line 551, in extract_complexity_metrics
    v = ComplexityVisitor.from_code(code)
        ^^^^^^^^^^^^^^^^^^^^^^^^^^^^^^^^^
  File "/root/QuestionInsight/.venv/lib/python3.12/site-packages/radon/visitors.py", line 133, in from_code
    return cls.from_ast(code2ast(code), **kwargs)
                        ^^^^^^^^^^^^^^
  File "/root/QuestionInsight/.venv/lib/python3.12/site-packages/radon/visitors.py", line 48, in code2ast
    return ast.parse(source)
           ^^^^^^^^^^^^^^^^^
  File "/usr/lib/python3.12/ast.py", line 52, in parse
    return compile(source, filename, mode, flags,
           ^^^^^^^^^^^^^^^^^^^^^^^^^^^^^^^^^^^^^^
  File "<unknown>", line 1
    print(x "nao eh patrono do Harry Potter")
            ^^^^^^^^^^^^^^^^^^^^^^^^^^^^^^^^
SyntaxError: invalid syntax
2025-08-18 19:37:18,304 cblogger [ERROR]: 		Error while extracting halsted code metrics: invalid syntax (<unknown>, line 1)
Traceback (most recent call last):
  File "/root/QuestionInsight/Etapa_1/codebench-mining-tool/util.py", line 569, in extract_halstead_metrics
    h = h_visit(code)
        ^^^^^^^^^^^^^
  File "/root/QuestionInsight/.venv/lib/python3.12/site-packages/radon/metrics.py", line 29, in h_visit
    return h_visit_ast(ast.parse(code))
                       ^^^^^^^^^^^^^^^
  File "/usr/lib/python3.12/ast.py", line 52, in parse
    return compile(source, filename, mode, flags,
           ^^^^^^^^^^^^^^^^^^^^^^^^^^^^^^^^^^^^^^
  File "<unknown>", line 1
    print(x "nao eh patrono do Harry Potter")
            ^^^^^^^^^^^^^^^^^^^^^^^^^^^^^^^^
SyntaxError: invalid syntax
2025-08-18 19:37:21,837 cblogger [ERROR]: 		Error while extracting code complexity metrics: unexpected indent (<unknown>, line 5)
Traceback (most recent call last):
  File "/root/QuestionInsight/Etapa_1/codebench-mining-tool/util.py", line 551, in extract_complexity_metrics
    v = ComplexityVisitor.from_code(code)
        ^^^^^^^^^^^^^^^^^^^^^^^^^^^^^^^^^
  File "/root/QuestionInsight/.venv/lib/python3.12/site-packages/radon/visitors.py", line 133, in from_code
    return cls.from_ast(code2ast(code), **kwargs)
                        ^^^^^^^^^^^^^^
  File "/root/QuestionInsight/.venv/lib/python3.12/site-packages/radon/visitors.py", line 48, in code2ast
    return ast.parse(source)
           ^^^^^^^^^^^^^^^^^
  File "/usr/lib/python3.12/ast.py", line 52, in parse
    return compile(source, filename, mode, flags,
           ^^^^^^^^^^^^^^^^^^^^^^^^^^^^^^^^^^^^^^
  File "<unknown>", line 5
    	D= (b**2)- 4*a*c
    ^
IndentationError: unexpected indent
2025-08-18 19:37:21,839 cblogger [ERROR]: 		Error while extracting halsted code metrics: unexpected indent (<unknown>, line 5)
Traceback (most recent call last):
  File "/root/QuestionInsight/Etapa_1/codebench-mining-tool/util.py", line 569, in extract_halstead_metrics
    h = h_visit(code)
        ^^^^^^^^^^^^^
  File "/root/QuestionInsight/.venv/lib/python3.12/site-packages/radon/metrics.py", line 29, in h_visit
    return h_visit_ast(ast.parse(code))
                       ^^^^^^^^^^^^^^^
  File "/usr/lib/python3.12/ast.py", line 52, in parse
    return compile(source, filename, mode, flags,
           ^^^^^^^^^^^^^^^^^^^^^^^^^^^^^^^^^^^^^^
  File "<unknown>", line 5
    	D= (b**2)- 4*a*c
    ^
IndentationError: unexpected indent
2025-08-18 19:37:21,842 cblogger [ERROR]: 		Error while extracting code complexity metrics: invalid syntax. Perhaps you forgot a comma? (<unknown>, line 6)
Traceback (most recent call last):
  File "/root/QuestionInsight/Etapa_1/codebench-mining-tool/util.py", line 551, in extract_complexity_metrics
    v = ComplexityVisitor.from_code(code)
        ^^^^^^^^^^^^^^^^^^^^^^^^^^^^^^^^^
  File "/root/QuestionInsight/.venv/lib/python3.12/site-packages/radon/visitors.py", line 133, in from_code
    return cls.from_ast(code2ast(code), **kwargs)
                        ^^^^^^^^^^^^^^
  File "/root/QuestionInsight/.venv/lib/python3.12/site-packages/radon/visitors.py", line 48, in code2ast
    return ast.parse(source)
           ^^^^^^^^^^^^^^^^^
  File "/usr/lib/python3.12/ast.py", line 52, in parse
    return compile(source, filename, mode, flags,
           ^^^^^^^^^^^^^^^^^^^^^^^^^^^^^^^^^^^^^^
  File "<unknown>", line 6
    a= radians(input(float(""))
               
SyntaxError: invalid syntax. Perhaps you forgot a comma?
2025-08-18 19:37:21,844 cblogger [ERROR]: 		Error while extracting code size based metrics: SyntaxError at line: 6
Traceback (most recent call last):
  File "/root/QuestionInsight/.venv/lib/python3.12/site-packages/radon/raw.py", line 210, in analyze
    tokens, parsed_lines = _get_all_tokens(line, lines)
                           ^^^^^^^^^^^^^^^^^^^^^^^^^^^^
  File "/root/QuestionInsight/.venv/lib/python3.12/site-packages/radon/raw.py", line 117, in _get_all_tokens
    next_line = next(lines)
                ^^^^^^^^^^^
StopIteration

During handling of the above exception, another exception occurred:

Traceback (most recent call last):
  File "/root/QuestionInsight/Etapa_1/codebench-mining-tool/util.py", line 560, in extract_size_metrics
    a = analyze(code)
        ^^^^^^^^^^^^^
  File "/root/QuestionInsight/.venv/lib/python3.12/site-packages/radon/raw.py", line 212, in analyze
    raise SyntaxError('SyntaxError at line: {0}'.format(lineno))
SyntaxError: SyntaxError at line: 6
2025-08-18 19:37:21,844 cblogger [ERROR]: 		Error while extracting halsted code metrics: invalid syntax. Perhaps you forgot a comma? (<unknown>, line 6)
Traceback (most recent call last):
  File "/root/QuestionInsight/Etapa_1/codebench-mining-tool/util.py", line 569, in extract_halstead_metrics
    h = h_visit(code)
        ^^^^^^^^^^^^^
  File "/root/QuestionInsight/.venv/lib/python3.12/site-packages/radon/metrics.py", line 29, in h_visit
    return h_visit_ast(ast.parse(code))
                       ^^^^^^^^^^^^^^^
  File "/usr/lib/python3.12/ast.py", line 52, in parse
    return compile(source, filename, mode, flags,
           ^^^^^^^^^^^^^^^^^^^^^^^^^^^^^^^^^^^^^^
  File "<unknown>", line 6
    a= radians(input(float(""))
               
SyntaxError: invalid syntax. Perhaps you forgot a comma?
2025-08-18 19:37:21,851 cblogger [ERROR]: 		Error while extracting code complexity metrics: unexpected indent (<unknown>, line 5)
Traceback (most recent call last):
  File "/root/QuestionInsight/Etapa_1/codebench-mining-tool/util.py", line 551, in extract_complexity_metrics
    v = ComplexityVisitor.from_code(code)
        ^^^^^^^^^^^^^^^^^^^^^^^^^^^^^^^^^
  File "/root/QuestionInsight/.venv/lib/python3.12/site-packages/radon/visitors.py", line 133, in from_code
    return cls.from_ast(code2ast(code), **kwargs)
                        ^^^^^^^^^^^^^^
  File "/root/QuestionInsight/.venv/lib/python3.12/site-packages/radon/visitors.py", line 48, in code2ast
    return ast.parse(source)
           ^^^^^^^^^^^^^^^^^
  File "/usr/lib/python3.12/ast.py", line 52, in parse
    return compile(source, filename, mode, flags,
           ^^^^^^^^^^^^^^^^^^^^^^^^^^^^^^^^^^^^^^
  File "<unknown>", line 5
    var=input(input("37"))
IndentationError: unexpected indent
2025-08-18 19:37:21,851 cblogger [ERROR]: 		Error while extracting halsted code metrics: unexpected indent (<unknown>, line 5)
Traceback (most recent call last):
  File "/root/QuestionInsight/Etapa_1/codebench-mining-tool/util.py", line 569, in extract_halstead_metrics
    h = h_visit(code)
        ^^^^^^^^^^^^^
  File "/root/QuestionInsight/.venv/lib/python3.12/site-packages/radon/metrics.py", line 29, in h_visit
    return h_visit_ast(ast.parse(code))
                       ^^^^^^^^^^^^^^^
  File "/usr/lib/python3.12/ast.py", line 52, in parse
    return compile(source, filename, mode, flags,
           ^^^^^^^^^^^^^^^^^^^^^^^^^^^^^^^^^^^^^^
  File "<unknown>", line 5
    var=input(input("37"))
IndentationError: unexpected indent
2025-08-18 19:37:21,939 cblogger [ERROR]: 		Error while extracting code complexity metrics: invalid syntax (<unknown>, line 1)
Traceback (most recent call last):
  File "/root/QuestionInsight/Etapa_1/codebench-mining-tool/util.py", line 551, in extract_complexity_metrics
    v = ComplexityVisitor.from_code(code)
        ^^^^^^^^^^^^^^^^^^^^^^^^^^^^^^^^^
  File "/root/QuestionInsight/.venv/lib/python3.12/site-packages/radon/visitors.py", line 133, in from_code
    return cls.from_ast(code2ast(code), **kwargs)
                        ^^^^^^^^^^^^^^
  File "/root/QuestionInsight/.venv/lib/python3.12/site-packages/radon/visitors.py", line 48, in code2ast
    return ast.parse(source)
           ^^^^^^^^^^^^^^^^^
  File "/usr/lib/python3.12/ast.py", line 52, in parse
    return compile(source, filename, mode, flags,
           ^^^^^^^^^^^^^^^^^^^^^^^^^^^^^^^^^^^^^^
  File "<unknown>", line 1
    from math import
                    ^
SyntaxError: invalid syntax
2025-08-18 19:37:21,939 cblogger [ERROR]: 		Error while extracting code size based metrics: SyntaxError at line: 3
Traceback (most recent call last):
  File "/root/QuestionInsight/.venv/lib/python3.12/site-packages/radon/raw.py", line 210, in analyze
    tokens, parsed_lines = _get_all_tokens(line, lines)
                           ^^^^^^^^^^^^^^^^^^^^^^^^^^^^
  File "/root/QuestionInsight/.venv/lib/python3.12/site-packages/radon/raw.py", line 117, in _get_all_tokens
    next_line = next(lines)
                ^^^^^^^^^^^
StopIteration

During handling of the above exception, another exception occurred:

Traceback (most recent call last):
  File "/root/QuestionInsight/Etapa_1/codebench-mining-tool/util.py", line 560, in extract_size_metrics
    a = analyze(code)
        ^^^^^^^^^^^^^
  File "/root/QuestionInsight/.venv/lib/python3.12/site-packages/radon/raw.py", line 212, in analyze
    raise SyntaxError('SyntaxError at line: {0}'.format(lineno))
SyntaxError: SyntaxError at line: 3
2025-08-18 19:37:21,940 cblogger [ERROR]: 		Error while extracting halsted code metrics: invalid syntax (<unknown>, line 1)
Traceback (most recent call last):
  File "/root/QuestionInsight/Etapa_1/codebench-mining-tool/util.py", line 569, in extract_halstead_metrics
    h = h_visit(code)
        ^^^^^^^^^^^^^
  File "/root/QuestionInsight/.venv/lib/python3.12/site-packages/radon/metrics.py", line 29, in h_visit
    return h_visit_ast(ast.parse(code))
                       ^^^^^^^^^^^^^^^
  File "/usr/lib/python3.12/ast.py", line 52, in parse
    return compile(source, filename, mode, flags,
           ^^^^^^^^^^^^^^^^^^^^^^^^^^^^^^^^^^^^^^
  File "<unknown>", line 1
    from math import
                    ^
SyntaxError: invalid syntax
2025-08-18 19:37:22,294 cblogger [ERROR]: 		Error while extracting code complexity metrics: '(' was never closed (<unknown>, line 2)
Traceback (most recent call last):
  File "/root/QuestionInsight/Etapa_1/codebench-mining-tool/util.py", line 551, in extract_complexity_metrics
    v = ComplexityVisitor.from_code(code)
        ^^^^^^^^^^^^^^^^^^^^^^^^^^^^^^^^^
  File "/root/QuestionInsight/.venv/lib/python3.12/site-packages/radon/visitors.py", line 133, in from_code
    return cls.from_ast(code2ast(code), **kwargs)
                        ^^^^^^^^^^^^^^
  File "/root/QuestionInsight/.venv/lib/python3.12/site-packages/radon/visitors.py", line 48, in code2ast
    return ast.parse(source)
           ^^^^^^^^^^^^^^^^^
  File "/usr/lib/python3.12/ast.py", line 52, in parse
    return compile(source, filename, mode, flags,
           ^^^^^^^^^^^^^^^^^^^^^^^^^^^^^^^^^^^^^^
  File "<unknown>", line 2
    b= int(input("Numero de vzs: ")
          ^
SyntaxError: '(' was never closed
2025-08-18 19:37:22,295 cblogger [ERROR]: 		Error while extracting code size based metrics: SyntaxError at line: 2
Traceback (most recent call last):
  File "/root/QuestionInsight/.venv/lib/python3.12/site-packages/radon/raw.py", line 210, in analyze
    tokens, parsed_lines = _get_all_tokens(line, lines)
                           ^^^^^^^^^^^^^^^^^^^^^^^^^^^^
  File "/root/QuestionInsight/.venv/lib/python3.12/site-packages/radon/raw.py", line 117, in _get_all_tokens
    next_line = next(lines)
                ^^^^^^^^^^^
StopIteration

During handling of the above exception, another exception occurred:

Traceback (most recent call last):
  File "/root/QuestionInsight/Etapa_1/codebench-mining-tool/util.py", line 560, in extract_size_metrics
    a = analyze(code)
        ^^^^^^^^^^^^^
  File "/root/QuestionInsight/.venv/lib/python3.12/site-packages/radon/raw.py", line 212, in analyze
    raise SyntaxError('SyntaxError at line: {0}'.format(lineno))
SyntaxError: SyntaxError at line: 2
2025-08-18 19:37:22,295 cblogger [ERROR]: 		Error while extracting halsted code metrics: '(' was never closed (<unknown>, line 2)
Traceback (most recent call last):
  File "/root/QuestionInsight/Etapa_1/codebench-mining-tool/util.py", line 569, in extract_halstead_metrics
    h = h_visit(code)
        ^^^^^^^^^^^^^
  File "/root/QuestionInsight/.venv/lib/python3.12/site-packages/radon/metrics.py", line 29, in h_visit
    return h_visit_ast(ast.parse(code))
                       ^^^^^^^^^^^^^^^
  File "/usr/lib/python3.12/ast.py", line 52, in parse
    return compile(source, filename, mode, flags,
           ^^^^^^^^^^^^^^^^^^^^^^^^^^^^^^^^^^^^^^
  File "<unknown>", line 2
    b= int(input("Numero de vzs: ")
          ^
SyntaxError: '(' was never closed
2025-08-18 19:37:22,354 cblogger [ERROR]: 		Error while extracting code complexity metrics: invalid syntax (<unknown>, line 6)
Traceback (most recent call last):
  File "/root/QuestionInsight/Etapa_1/codebench-mining-tool/util.py", line 551, in extract_complexity_metrics
    v = ComplexityVisitor.from_code(code)
        ^^^^^^^^^^^^^^^^^^^^^^^^^^^^^^^^^
  File "/root/QuestionInsight/.venv/lib/python3.12/site-packages/radon/visitors.py", line 133, in from_code
    return cls.from_ast(code2ast(code), **kwargs)
                        ^^^^^^^^^^^^^^
  File "/root/QuestionInsight/.venv/lib/python3.12/site-packages/radon/visitors.py", line 48, in code2ast
    return ast.parse(source)
           ^^^^^^^^^^^^^^^^^
  File "/usr/lib/python3.12/ast.py", line 52, in parse
    return compile(source, filename, mode, flags,
           ^^^^^^^^^^^^^^^^^^^^^^^^^^^^^^^^^^^^^^
  File "<unknown>", line 6
    if total>=6,50:
               ^
SyntaxError: invalid syntax
2025-08-18 19:37:22,355 cblogger [ERROR]: 		Error while extracting halsted code metrics: invalid syntax (<unknown>, line 6)
Traceback (most recent call last):
  File "/root/QuestionInsight/Etapa_1/codebench-mining-tool/util.py", line 569, in extract_halstead_metrics
    h = h_visit(code)
        ^^^^^^^^^^^^^
  File "/root/QuestionInsight/.venv/lib/python3.12/site-packages/radon/metrics.py", line 29, in h_visit
    return h_visit_ast(ast.parse(code))
                       ^^^^^^^^^^^^^^^
  File "/usr/lib/python3.12/ast.py", line 52, in parse
    return compile(source, filename, mode, flags,
           ^^^^^^^^^^^^^^^^^^^^^^^^^^^^^^^^^^^^^^
  File "<unknown>", line 6
    if total>=6,50:
               ^
SyntaxError: invalid syntax
2025-08-18 19:37:22,474 cblogger [ERROR]: 		Error while extracting code complexity metrics: invalid syntax (<unknown>, line 1)
Traceback (most recent call last):
  File "/root/QuestionInsight/Etapa_1/codebench-mining-tool/util.py", line 551, in extract_complexity_metrics
    v = ComplexityVisitor.from_code(code)
        ^^^^^^^^^^^^^^^^^^^^^^^^^^^^^^^^^
  File "/root/QuestionInsight/.venv/lib/python3.12/site-packages/radon/visitors.py", line 133, in from_code
    return cls.from_ast(code2ast(code), **kwargs)
                        ^^^^^^^^^^^^^^
  File "/root/QuestionInsight/.venv/lib/python3.12/site-packages/radon/visitors.py", line 48, in code2ast
    return ast.parse(source)
           ^^^^^^^^^^^^^^^^^
  File "/usr/lib/python3.12/ast.py", line 52, in parse
    return compile(source, filename, mode, flags,
           ^^^^^^^^^^^^^^^^^^^^^^^^^^^^^^^^^^^^^^
  File "<unknown>", line 1
    aresta =
            ^
SyntaxError: invalid syntax
2025-08-18 19:37:22,475 cblogger [ERROR]: 		Error while extracting halsted code metrics: invalid syntax (<unknown>, line 1)
Traceback (most recent call last):
  File "/root/QuestionInsight/Etapa_1/codebench-mining-tool/util.py", line 569, in extract_halstead_metrics
    h = h_visit(code)
        ^^^^^^^^^^^^^
  File "/root/QuestionInsight/.venv/lib/python3.12/site-packages/radon/metrics.py", line 29, in h_visit
    return h_visit_ast(ast.parse(code))
                       ^^^^^^^^^^^^^^^
  File "/usr/lib/python3.12/ast.py", line 52, in parse
    return compile(source, filename, mode, flags,
           ^^^^^^^^^^^^^^^^^^^^^^^^^^^^^^^^^^^^^^
  File "<unknown>", line 1
    aresta =
            ^
SyntaxError: invalid syntax
2025-08-18 19:37:22,574 cblogger [ERROR]: 		Error while extracting code complexity metrics: '(' was never closed (<unknown>, line 2)
Traceback (most recent call last):
  File "/root/QuestionInsight/Etapa_1/codebench-mining-tool/util.py", line 551, in extract_complexity_metrics
    v = ComplexityVisitor.from_code(code)
        ^^^^^^^^^^^^^^^^^^^^^^^^^^^^^^^^^
  File "/root/QuestionInsight/.venv/lib/python3.12/site-packages/radon/visitors.py", line 133, in from_code
    return cls.from_ast(code2ast(code), **kwargs)
                        ^^^^^^^^^^^^^^
  File "/root/QuestionInsight/.venv/lib/python3.12/site-packages/radon/visitors.py", line 48, in code2ast
    return ast.parse(source)
           ^^^^^^^^^^^^^^^^^
  File "/usr/lib/python3.12/ast.py", line 52, in parse
    return compile(source, filename, mode, flags,
           ^^^^^^^^^^^^^^^^^^^^^^^^^^^^^^^^^^^^^^
  File "<unknown>", line 2
    b = (((15 + (0,37**3))*30)*35/100
        ^
SyntaxError: '(' was never closed
2025-08-18 19:37:22,576 cblogger [ERROR]: 		Error while extracting code size based metrics: SyntaxError at line: 2
Traceback (most recent call last):
  File "/root/QuestionInsight/.venv/lib/python3.12/site-packages/radon/raw.py", line 210, in analyze
    tokens, parsed_lines = _get_all_tokens(line, lines)
                           ^^^^^^^^^^^^^^^^^^^^^^^^^^^^
  File "/root/QuestionInsight/.venv/lib/python3.12/site-packages/radon/raw.py", line 117, in _get_all_tokens
    next_line = next(lines)
                ^^^^^^^^^^^
StopIteration

During handling of the above exception, another exception occurred:

Traceback (most recent call last):
  File "/root/QuestionInsight/Etapa_1/codebench-mining-tool/util.py", line 560, in extract_size_metrics
    a = analyze(code)
        ^^^^^^^^^^^^^
  File "/root/QuestionInsight/.venv/lib/python3.12/site-packages/radon/raw.py", line 212, in analyze
    raise SyntaxError('SyntaxError at line: {0}'.format(lineno))
SyntaxError: SyntaxError at line: 2
2025-08-18 19:37:22,576 cblogger [ERROR]: 		Error while extracting halsted code metrics: '(' was never closed (<unknown>, line 2)
Traceback (most recent call last):
  File "/root/QuestionInsight/Etapa_1/codebench-mining-tool/util.py", line 569, in extract_halstead_metrics
    h = h_visit(code)
        ^^^^^^^^^^^^^
  File "/root/QuestionInsight/.venv/lib/python3.12/site-packages/radon/metrics.py", line 29, in h_visit
    return h_visit_ast(ast.parse(code))
                       ^^^^^^^^^^^^^^^
  File "/usr/lib/python3.12/ast.py", line 52, in parse
    return compile(source, filename, mode, flags,
           ^^^^^^^^^^^^^^^^^^^^^^^^^^^^^^^^^^^^^^
  File "<unknown>", line 2
    b = (((15 + (0,37**3))*30)*35/100
        ^
SyntaxError: '(' was never closed
