2025-07-17 23:33:37,416 cblogger [ERROR]: 		Error while extracting code complexity metrics: expected ':' (<unknown>, line 4)
Traceback (most recent call last):
  File "/root/trabalho_super/QuestionInsight/Etapa_1/codebench-mining-tool/util.py", line 551, in extract_complexity_metrics
    v = ComplexityVisitor.from_code(code)
        ^^^^^^^^^^^^^^^^^^^^^^^^^^^^^^^^^
  File "/root/trabalho_super/venv_jupyter/lib/python3.12/site-packages/radon/visitors.py", line 133, in from_code
    return cls.from_ast(code2ast(code), **kwargs)
                        ^^^^^^^^^^^^^^
  File "/root/trabalho_super/venv_jupyter/lib/python3.12/site-packages/radon/visitors.py", line 48, in code2ast
    return ast.parse(source)
           ^^^^^^^^^^^^^^^^^
  File "/usr/lib/python3.12/ast.py", line 52, in parse
    return compile(source, filename, mode, flags,
           ^^^^^^^^^^^^^^^^^^^^^^^^^^^^^^^^^^^^^^
  File "<unknown>", line 4
    if	()
      	  ^
SyntaxError: expected ':'
2025-07-17 23:33:37,419 cblogger [ERROR]: 		Error while extracting halsted code metrics: expected ':' (<unknown>, line 4)
Traceback (most recent call last):
  File "/root/trabalho_super/QuestionInsight/Etapa_1/codebench-mining-tool/util.py", line 569, in extract_halstead_metrics
    h = h_visit(code)
        ^^^^^^^^^^^^^
  File "/root/trabalho_super/venv_jupyter/lib/python3.12/site-packages/radon/metrics.py", line 29, in h_visit
    return h_visit_ast(ast.parse(code))
                       ^^^^^^^^^^^^^^^
  File "/usr/lib/python3.12/ast.py", line 52, in parse
    return compile(source, filename, mode, flags,
           ^^^^^^^^^^^^^^^^^^^^^^^^^^^^^^^^^^^^^^
  File "<unknown>", line 4
    if	()
      	  ^
SyntaxError: expected ':'
2025-07-17 23:33:37,484 cblogger [ERROR]: 		Error while extracting code complexity metrics: unindent does not match any outer indentation level (<unknown>, line 11)
Traceback (most recent call last):
  File "/root/trabalho_super/QuestionInsight/Etapa_1/codebench-mining-tool/util.py", line 551, in extract_complexity_metrics
    v = ComplexityVisitor.from_code(code)
        ^^^^^^^^^^^^^^^^^^^^^^^^^^^^^^^^^
  File "/root/trabalho_super/venv_jupyter/lib/python3.12/site-packages/radon/visitors.py", line 133, in from_code
    return cls.from_ast(code2ast(code), **kwargs)
                        ^^^^^^^^^^^^^^
  File "/root/trabalho_super/venv_jupyter/lib/python3.12/site-packages/radon/visitors.py", line 48, in code2ast
    return ast.parse(source)
           ^^^^^^^^^^^^^^^^^
  File "/usr/lib/python3.12/ast.py", line 52, in parse
    return compile(source, filename, mode, flags,
           ^^^^^^^^^^^^^^^^^^^^^^^^^^^^^^^^^^^^^^
  File "<unknown>", line 11
    		elif ((a==b)or(b==c)or(a==c)):
    		                              ^
IndentationError: unindent does not match any outer indentation level
2025-07-17 23:33:37,485 cblogger [ERROR]: 		Error while extracting halsted code metrics: unindent does not match any outer indentation level (<unknown>, line 11)
Traceback (most recent call last):
  File "/root/trabalho_super/QuestionInsight/Etapa_1/codebench-mining-tool/util.py", line 569, in extract_halstead_metrics
    h = h_visit(code)
        ^^^^^^^^^^^^^
  File "/root/trabalho_super/venv_jupyter/lib/python3.12/site-packages/radon/metrics.py", line 29, in h_visit
    return h_visit_ast(ast.parse(code))
                       ^^^^^^^^^^^^^^^
  File "/usr/lib/python3.12/ast.py", line 52, in parse
    return compile(source, filename, mode, flags,
           ^^^^^^^^^^^^^^^^^^^^^^^^^^^^^^^^^^^^^^
  File "<unknown>", line 11
    		elif ((a==b)or(b==c)or(a==c)):
    		                              ^
IndentationError: unindent does not match any outer indentation level
2025-07-17 23:33:37,522 cblogger [ERROR]: 		Error while extracting code complexity metrics: invalid syntax (<unknown>, line 7)
Traceback (most recent call last):
  File "/root/trabalho_super/QuestionInsight/Etapa_1/codebench-mining-tool/util.py", line 551, in extract_complexity_metrics
    v = ComplexityVisitor.from_code(code)
        ^^^^^^^^^^^^^^^^^^^^^^^^^^^^^^^^^
  File "/root/trabalho_super/venv_jupyter/lib/python3.12/site-packages/radon/visitors.py", line 133, in from_code
    return cls.from_ast(code2ast(code), **kwargs)
                        ^^^^^^^^^^^^^^
  File "/root/trabalho_super/venv_jupyter/lib/python3.12/site-packages/radon/visitors.py", line 48, in code2ast
    return ast.parse(source)
           ^^^^^^^^^^^^^^^^^
  File "/usr/lib/python3.12/ast.py", line 52, in parse
    return compile(source, filename, mode, flags,
           ^^^^^^^^^^^^^^^^^^^^^^^^^^^^^^^^^^^^^^
  File "<unknown>", line 7
    	total= 
    	       ^
SyntaxError: invalid syntax
2025-07-17 23:33:37,523 cblogger [ERROR]: 		Error while extracting halsted code metrics: invalid syntax (<unknown>, line 7)
Traceback (most recent call last):
  File "/root/trabalho_super/QuestionInsight/Etapa_1/codebench-mining-tool/util.py", line 569, in extract_halstead_metrics
    h = h_visit(code)
        ^^^^^^^^^^^^^
  File "/root/trabalho_super/venv_jupyter/lib/python3.12/site-packages/radon/metrics.py", line 29, in h_visit
    return h_visit_ast(ast.parse(code))
                       ^^^^^^^^^^^^^^^
  File "/usr/lib/python3.12/ast.py", line 52, in parse
    return compile(source, filename, mode, flags,
           ^^^^^^^^^^^^^^^^^^^^^^^^^^^^^^^^^^^^^^
  File "<unknown>", line 7
    	total= 
    	       ^
SyntaxError: invalid syntax
2025-07-17 23:33:37,704 cblogger [ERROR]: 		Error while extracting code complexity metrics: '(' was never closed (<unknown>, line 1)
Traceback (most recent call last):
  File "/root/trabalho_super/QuestionInsight/Etapa_1/codebench-mining-tool/util.py", line 551, in extract_complexity_metrics
    v = ComplexityVisitor.from_code(code)
        ^^^^^^^^^^^^^^^^^^^^^^^^^^^^^^^^^
  File "/root/trabalho_super/venv_jupyter/lib/python3.12/site-packages/radon/visitors.py", line 133, in from_code
    return cls.from_ast(code2ast(code), **kwargs)
                        ^^^^^^^^^^^^^^
  File "/root/trabalho_super/venv_jupyter/lib/python3.12/site-packages/radon/visitors.py", line 48, in code2ast
    return ast.parse(source)
           ^^^^^^^^^^^^^^^^^
  File "/usr/lib/python3.12/ast.py", line 52, in parse
    return compile(source, filename, mode, flags,
           ^^^^^^^^^^^^^^^^^^^^^^^^^^^^^^^^^^^^^^
  File "<unknown>", line 1
    var1 = (input("nome do objeto:")
           ^
SyntaxError: '(' was never closed
2025-07-17 23:33:37,704 cblogger [ERROR]: 		Error while extracting code size based metrics: SyntaxError at line: 1
Traceback (most recent call last):
  File "/root/trabalho_super/venv_jupyter/lib/python3.12/site-packages/radon/raw.py", line 210, in analyze
    tokens, parsed_lines = _get_all_tokens(line, lines)
                           ^^^^^^^^^^^^^^^^^^^^^^^^^^^^
  File "/root/trabalho_super/venv_jupyter/lib/python3.12/site-packages/radon/raw.py", line 117, in _get_all_tokens
    next_line = next(lines)
                ^^^^^^^^^^^
StopIteration

During handling of the above exception, another exception occurred:

Traceback (most recent call last):
  File "/root/trabalho_super/QuestionInsight/Etapa_1/codebench-mining-tool/util.py", line 560, in extract_size_metrics
    a = analyze(code)
        ^^^^^^^^^^^^^
  File "/root/trabalho_super/venv_jupyter/lib/python3.12/site-packages/radon/raw.py", line 212, in analyze
    raise SyntaxError('SyntaxError at line: {0}'.format(lineno))
SyntaxError: SyntaxError at line: 1
2025-07-17 23:33:37,705 cblogger [ERROR]: 		Error while extracting halsted code metrics: '(' was never closed (<unknown>, line 1)
Traceback (most recent call last):
  File "/root/trabalho_super/QuestionInsight/Etapa_1/codebench-mining-tool/util.py", line 569, in extract_halstead_metrics
    h = h_visit(code)
        ^^^^^^^^^^^^^
  File "/root/trabalho_super/venv_jupyter/lib/python3.12/site-packages/radon/metrics.py", line 29, in h_visit
    return h_visit_ast(ast.parse(code))
                       ^^^^^^^^^^^^^^^
  File "/usr/lib/python3.12/ast.py", line 52, in parse
    return compile(source, filename, mode, flags,
           ^^^^^^^^^^^^^^^^^^^^^^^^^^^^^^^^^^^^^^
  File "<unknown>", line 1
    var1 = (input("nome do objeto:")
           ^
SyntaxError: '(' was never closed
2025-07-17 23:33:37,956 cblogger [ERROR]: 		Error while extracting code complexity metrics: invalid syntax. Perhaps you forgot a comma? (<unknown>, line 13)
Traceback (most recent call last):
  File "/root/trabalho_super/QuestionInsight/Etapa_1/codebench-mining-tool/util.py", line 551, in extract_complexity_metrics
    v = ComplexityVisitor.from_code(code)
        ^^^^^^^^^^^^^^^^^^^^^^^^^^^^^^^^^
  File "/root/trabalho_super/venv_jupyter/lib/python3.12/site-packages/radon/visitors.py", line 133, in from_code
    return cls.from_ast(code2ast(code), **kwargs)
                        ^^^^^^^^^^^^^^
  File "/root/trabalho_super/venv_jupyter/lib/python3.12/site-packages/radon/visitors.py", line 48, in code2ast
    return ast.parse(source)
           ^^^^^^^^^^^^^^^^^
  File "/usr/lib/python3.12/ast.py", line 52, in parse
    return compile(source, filename, mode, flags,
           ^^^^^^^^^^^^^^^^^^^^^^^^^^^^^^^^^^^^^^
  File "<unknown>", line 13
    if (___COMPLETE AQUI___):
        ^^^^^^^^^^^^^^^^^^^
SyntaxError: invalid syntax. Perhaps you forgot a comma?
2025-07-17 23:33:37,958 cblogger [ERROR]: 		Error while extracting halsted code metrics: invalid syntax. Perhaps you forgot a comma? (<unknown>, line 13)
Traceback (most recent call last):
  File "/root/trabalho_super/QuestionInsight/Etapa_1/codebench-mining-tool/util.py", line 569, in extract_halstead_metrics
    h = h_visit(code)
        ^^^^^^^^^^^^^
  File "/root/trabalho_super/venv_jupyter/lib/python3.12/site-packages/radon/metrics.py", line 29, in h_visit
    return h_visit_ast(ast.parse(code))
                       ^^^^^^^^^^^^^^^
  File "/usr/lib/python3.12/ast.py", line 52, in parse
    return compile(source, filename, mode, flags,
           ^^^^^^^^^^^^^^^^^^^^^^^^^^^^^^^^^^^^^^
  File "<unknown>", line 13
    if (___COMPLETE AQUI___):
        ^^^^^^^^^^^^^^^^^^^
SyntaxError: invalid syntax. Perhaps you forgot a comma?
2025-07-17 23:33:37,967 cblogger [ERROR]: 		Error while extracting code complexity metrics: inconsistent use of tabs and spaces in indentation (<unknown>, line 4)
Traceback (most recent call last):
  File "/root/trabalho_super/QuestionInsight/Etapa_1/codebench-mining-tool/util.py", line 551, in extract_complexity_metrics
    v = ComplexityVisitor.from_code(code)
        ^^^^^^^^^^^^^^^^^^^^^^^^^^^^^^^^^
  File "/root/trabalho_super/venv_jupyter/lib/python3.12/site-packages/radon/visitors.py", line 133, in from_code
    return cls.from_ast(code2ast(code), **kwargs)
                        ^^^^^^^^^^^^^^
  File "/root/trabalho_super/venv_jupyter/lib/python3.12/site-packages/radon/visitors.py", line 48, in code2ast
    return ast.parse(source)
           ^^^^^^^^^^^^^^^^^
  File "/usr/lib/python3.12/ast.py", line 52, in parse
    return compile(source, filename, mode, flags,
           ^^^^^^^^^^^^^^^^^^^^^^^^^^^^^^^^^^^^^^
  File "<unknown>", line 4
    	P2=0
    ^
TabError: inconsistent use of tabs and spaces in indentation
2025-07-17 23:33:37,968 cblogger [ERROR]: 		Error while extracting halsted code metrics: inconsistent use of tabs and spaces in indentation (<unknown>, line 4)
Traceback (most recent call last):
  File "/root/trabalho_super/QuestionInsight/Etapa_1/codebench-mining-tool/util.py", line 569, in extract_halstead_metrics
    h = h_visit(code)
        ^^^^^^^^^^^^^
  File "/root/trabalho_super/venv_jupyter/lib/python3.12/site-packages/radon/metrics.py", line 29, in h_visit
    return h_visit_ast(ast.parse(code))
                       ^^^^^^^^^^^^^^^
  File "/usr/lib/python3.12/ast.py", line 52, in parse
    return compile(source, filename, mode, flags,
           ^^^^^^^^^^^^^^^^^^^^^^^^^^^^^^^^^^^^^^
  File "<unknown>", line 4
    	P2=0
    ^
TabError: inconsistent use of tabs and spaces in indentation
2025-07-17 23:33:38,023 cblogger [ERROR]: 		Error while extracting code complexity metrics: expected an indented block after 'else' statement on line 6 (<unknown>, line 7)
Traceback (most recent call last):
  File "/root/trabalho_super/QuestionInsight/Etapa_1/codebench-mining-tool/util.py", line 551, in extract_complexity_metrics
    v = ComplexityVisitor.from_code(code)
        ^^^^^^^^^^^^^^^^^^^^^^^^^^^^^^^^^
  File "/root/trabalho_super/venv_jupyter/lib/python3.12/site-packages/radon/visitors.py", line 133, in from_code
    return cls.from_ast(code2ast(code), **kwargs)
                        ^^^^^^^^^^^^^^
  File "/root/trabalho_super/venv_jupyter/lib/python3.12/site-packages/radon/visitors.py", line 48, in code2ast
    return ast.parse(source)
           ^^^^^^^^^^^^^^^^^
  File "/usr/lib/python3.12/ast.py", line 52, in parse
    return compile(source, filename, mode, flags,
           ^^^^^^^^^^^^^^^^^^^^^^^^^^^^^^^^^^^^^^
  File "<unknown>", line 7
    	
    	^
IndentationError: expected an indented block after 'else' statement on line 6
2025-07-17 23:33:38,024 cblogger [ERROR]: 		Error while extracting halsted code metrics: expected an indented block after 'else' statement on line 6 (<unknown>, line 7)
Traceback (most recent call last):
  File "/root/trabalho_super/QuestionInsight/Etapa_1/codebench-mining-tool/util.py", line 569, in extract_halstead_metrics
    h = h_visit(code)
        ^^^^^^^^^^^^^
  File "/root/trabalho_super/venv_jupyter/lib/python3.12/site-packages/radon/metrics.py", line 29, in h_visit
    return h_visit_ast(ast.parse(code))
                       ^^^^^^^^^^^^^^^
  File "/usr/lib/python3.12/ast.py", line 52, in parse
    return compile(source, filename, mode, flags,
           ^^^^^^^^^^^^^^^^^^^^^^^^^^^^^^^^^^^^^^
  File "<unknown>", line 7
    	
    	^
IndentationError: expected an indented block after 'else' statement on line 6
2025-07-17 23:33:38,525 cblogger [ERROR]: 		Error while extracting code complexity metrics: expected ':' (<unknown>, line 3)
Traceback (most recent call last):
  File "/root/trabalho_super/QuestionInsight/Etapa_1/codebench-mining-tool/util.py", line 551, in extract_complexity_metrics
    v = ComplexityVisitor.from_code(code)
        ^^^^^^^^^^^^^^^^^^^^^^^^^^^^^^^^^
  File "/root/trabalho_super/venv_jupyter/lib/python3.12/site-packages/radon/visitors.py", line 133, in from_code
    return cls.from_ast(code2ast(code), **kwargs)
                        ^^^^^^^^^^^^^^
  File "/root/trabalho_super/venv_jupyter/lib/python3.12/site-packages/radon/visitors.py", line 48, in code2ast
    return ast.parse(source)
           ^^^^^^^^^^^^^^^^^
  File "/usr/lib/python3.12/ast.py", line 52, in parse
    return compile(source, filename, mode, flags,
           ^^^^^^^^^^^^^^^^^^^^^^^^^^^^^^^^^^^^^^
  File "<unknown>", line 3
    if()
        ^
SyntaxError: expected ':'
2025-07-17 23:33:38,525 cblogger [ERROR]: 		Error while extracting halsted code metrics: expected ':' (<unknown>, line 3)
Traceback (most recent call last):
  File "/root/trabalho_super/QuestionInsight/Etapa_1/codebench-mining-tool/util.py", line 569, in extract_halstead_metrics
    h = h_visit(code)
        ^^^^^^^^^^^^^
  File "/root/trabalho_super/venv_jupyter/lib/python3.12/site-packages/radon/metrics.py", line 29, in h_visit
    return h_visit_ast(ast.parse(code))
                       ^^^^^^^^^^^^^^^
  File "/usr/lib/python3.12/ast.py", line 52, in parse
    return compile(source, filename, mode, flags,
           ^^^^^^^^^^^^^^^^^^^^^^^^^^^^^^^^^^^^^^
  File "<unknown>", line 3
    if()
        ^
SyntaxError: expected ':'
2025-07-17 23:33:38,609 cblogger [ERROR]: 		Error while extracting code complexity metrics: invalid syntax (<unknown>, line 6)
Traceback (most recent call last):
  File "/root/trabalho_super/QuestionInsight/Etapa_1/codebench-mining-tool/util.py", line 551, in extract_complexity_metrics
    v = ComplexityVisitor.from_code(code)
        ^^^^^^^^^^^^^^^^^^^^^^^^^^^^^^^^^
  File "/root/trabalho_super/venv_jupyter/lib/python3.12/site-packages/radon/visitors.py", line 133, in from_code
    return cls.from_ast(code2ast(code), **kwargs)
                        ^^^^^^^^^^^^^^
  File "/root/trabalho_super/venv_jupyter/lib/python3.12/site-packages/radon/visitors.py", line 48, in code2ast
    return ast.parse(source)
           ^^^^^^^^^^^^^^^^^
  File "/usr/lib/python3.12/ast.py", line 52, in parse
    return compile(source, filename, mode, flags,
           ^^^^^^^^^^^^^^^^^^^^^^^^^^^^^^^^^^^^^^
  File "<unknown>", line 6
    	else:
    	^^^^
SyntaxError: invalid syntax
2025-07-17 23:33:38,610 cblogger [ERROR]: 		Error while extracting halsted code metrics: invalid syntax (<unknown>, line 6)
Traceback (most recent call last):
  File "/root/trabalho_super/QuestionInsight/Etapa_1/codebench-mining-tool/util.py", line 569, in extract_halstead_metrics
    h = h_visit(code)
        ^^^^^^^^^^^^^
  File "/root/trabalho_super/venv_jupyter/lib/python3.12/site-packages/radon/metrics.py", line 29, in h_visit
    return h_visit_ast(ast.parse(code))
                       ^^^^^^^^^^^^^^^
  File "/usr/lib/python3.12/ast.py", line 52, in parse
    return compile(source, filename, mode, flags,
           ^^^^^^^^^^^^^^^^^^^^^^^^^^^^^^^^^^^^^^
  File "<unknown>", line 6
    	else:
    	^^^^
SyntaxError: invalid syntax
2025-07-17 23:33:38,653 cblogger [ERROR]: 		Error while extracting code complexity metrics: expected ':' (<unknown>, line 3)
Traceback (most recent call last):
  File "/root/trabalho_super/QuestionInsight/Etapa_1/codebench-mining-tool/util.py", line 551, in extract_complexity_metrics
    v = ComplexityVisitor.from_code(code)
        ^^^^^^^^^^^^^^^^^^^^^^^^^^^^^^^^^
  File "/root/trabalho_super/venv_jupyter/lib/python3.12/site-packages/radon/visitors.py", line 133, in from_code
    return cls.from_ast(code2ast(code), **kwargs)
                        ^^^^^^^^^^^^^^
  File "/root/trabalho_super/venv_jupyter/lib/python3.12/site-packages/radon/visitors.py", line 48, in code2ast
    return ast.parse(source)
           ^^^^^^^^^^^^^^^^^
  File "/usr/lib/python3.12/ast.py", line 52, in parse
    return compile(source, filename, mode, flags,
           ^^^^^^^^^^^^^^^^^^^^^^^^^^^^^^^^^^^^^^
  File "<unknown>", line 3
    if()
        ^
SyntaxError: expected ':'
2025-07-17 23:33:38,654 cblogger [ERROR]: 		Error while extracting halsted code metrics: expected ':' (<unknown>, line 3)
Traceback (most recent call last):
  File "/root/trabalho_super/QuestionInsight/Etapa_1/codebench-mining-tool/util.py", line 569, in extract_halstead_metrics
    h = h_visit(code)
        ^^^^^^^^^^^^^
  File "/root/trabalho_super/venv_jupyter/lib/python3.12/site-packages/radon/metrics.py", line 29, in h_visit
    return h_visit_ast(ast.parse(code))
                       ^^^^^^^^^^^^^^^
  File "/usr/lib/python3.12/ast.py", line 52, in parse
    return compile(source, filename, mode, flags,
           ^^^^^^^^^^^^^^^^^^^^^^^^^^^^^^^^^^^^^^
  File "<unknown>", line 3
    if()
        ^
SyntaxError: expected ':'
2025-07-17 23:33:38,670 cblogger [ERROR]: 		Error while extracting code complexity metrics: invalid syntax (<unknown>, line 7)
Traceback (most recent call last):
  File "/root/trabalho_super/QuestionInsight/Etapa_1/codebench-mining-tool/util.py", line 551, in extract_complexity_metrics
    v = ComplexityVisitor.from_code(code)
        ^^^^^^^^^^^^^^^^^^^^^^^^^^^^^^^^^
  File "/root/trabalho_super/venv_jupyter/lib/python3.12/site-packages/radon/visitors.py", line 133, in from_code
    return cls.from_ast(code2ast(code), **kwargs)
                        ^^^^^^^^^^^^^^
  File "/root/trabalho_super/venv_jupyter/lib/python3.12/site-packages/radon/visitors.py", line 48, in code2ast
    return ast.parse(source)
           ^^^^^^^^^^^^^^^^^
  File "/usr/lib/python3.12/ast.py", line 52, in parse
    return compile(source, filename, mode, flags,
           ^^^^^^^^^^^^^^^^^^^^^^^^^^^^^^^^^^^^^^
  File "<unknown>", line 7
    if(h.)
         ^
SyntaxError: invalid syntax
2025-07-17 23:33:38,670 cblogger [ERROR]: 		Error while extracting halsted code metrics: invalid syntax (<unknown>, line 7)
Traceback (most recent call last):
  File "/root/trabalho_super/QuestionInsight/Etapa_1/codebench-mining-tool/util.py", line 569, in extract_halstead_metrics
    h = h_visit(code)
        ^^^^^^^^^^^^^
  File "/root/trabalho_super/venv_jupyter/lib/python3.12/site-packages/radon/metrics.py", line 29, in h_visit
    return h_visit_ast(ast.parse(code))
                       ^^^^^^^^^^^^^^^
  File "/usr/lib/python3.12/ast.py", line 52, in parse
    return compile(source, filename, mode, flags,
           ^^^^^^^^^^^^^^^^^^^^^^^^^^^^^^^^^^^^^^
  File "<unknown>", line 7
    if(h.)
         ^
SyntaxError: invalid syntax
2025-07-17 23:33:38,738 cblogger [ERROR]: 		Error while extracting code complexity metrics: invalid syntax (<unknown>, line 1)
Traceback (most recent call last):
  File "/root/trabalho_super/QuestionInsight/Etapa_1/codebench-mining-tool/util.py", line 551, in extract_complexity_metrics
    v = ComplexityVisitor.from_code(code)
        ^^^^^^^^^^^^^^^^^^^^^^^^^^^^^^^^^
  File "/root/trabalho_super/venv_jupyter/lib/python3.12/site-packages/radon/visitors.py", line 133, in from_code
    return cls.from_ast(code2ast(code), **kwargs)
                        ^^^^^^^^^^^^^^
  File "/root/trabalho_super/venv_jupyter/lib/python3.12/site-packages/radon/visitors.py", line 48, in code2ast
    return ast.parse(source)
           ^^^^^^^^^^^^^^^^^
  File "/usr/lib/python3.12/ast.py", line 52, in parse
    return compile(source, filename, mode, flags,
           ^^^^^^^^^^^^^^^^^^^^^^^^^^^^^^^^^^^^^^
  File "<unknown>", line 1
    from math import
                    ^
SyntaxError: invalid syntax
2025-07-17 23:33:38,739 cblogger [ERROR]: 		Error while extracting halsted code metrics: invalid syntax (<unknown>, line 1)
Traceback (most recent call last):
  File "/root/trabalho_super/QuestionInsight/Etapa_1/codebench-mining-tool/util.py", line 569, in extract_halstead_metrics
    h = h_visit(code)
        ^^^^^^^^^^^^^
  File "/root/trabalho_super/venv_jupyter/lib/python3.12/site-packages/radon/metrics.py", line 29, in h_visit
    return h_visit_ast(ast.parse(code))
                       ^^^^^^^^^^^^^^^
  File "/usr/lib/python3.12/ast.py", line 52, in parse
    return compile(source, filename, mode, flags,
           ^^^^^^^^^^^^^^^^^^^^^^^^^^^^^^^^^^^^^^
  File "<unknown>", line 1
    from math import
                    ^
SyntaxError: invalid syntax
2025-07-17 23:33:38,747 cblogger [ERROR]: 		Error while extracting code complexity metrics: invalid syntax (<unknown>, line 5)
Traceback (most recent call last):
  File "/root/trabalho_super/QuestionInsight/Etapa_1/codebench-mining-tool/util.py", line 551, in extract_complexity_metrics
    v = ComplexityVisitor.from_code(code)
        ^^^^^^^^^^^^^^^^^^^^^^^^^^^^^^^^^
  File "/root/trabalho_super/venv_jupyter/lib/python3.12/site-packages/radon/visitors.py", line 133, in from_code
    return cls.from_ast(code2ast(code), **kwargs)
                        ^^^^^^^^^^^^^^
  File "/root/trabalho_super/venv_jupyter/lib/python3.12/site-packages/radon/visitors.py", line 48, in code2ast
    return ast.parse(source)
           ^^^^^^^^^^^^^^^^^
  File "/usr/lib/python3.12/ast.py", line 52, in parse
    return compile(source, filename, mode, flags,
           ^^^^^^^^^^^^^^^^^^^^^^^^^^^^^^^^^^^^^^
  File "<unknown>", line 5
    ????? = f???t(input("Qual o valor unitario do jogo? "))
    ^
SyntaxError: invalid syntax
2025-07-17 23:33:38,749 cblogger [ERROR]: 		Error while extracting halsted code metrics: invalid syntax (<unknown>, line 5)
Traceback (most recent call last):
  File "/root/trabalho_super/QuestionInsight/Etapa_1/codebench-mining-tool/util.py", line 569, in extract_halstead_metrics
    h = h_visit(code)
        ^^^^^^^^^^^^^
  File "/root/trabalho_super/venv_jupyter/lib/python3.12/site-packages/radon/metrics.py", line 29, in h_visit
    return h_visit_ast(ast.parse(code))
                       ^^^^^^^^^^^^^^^
  File "/usr/lib/python3.12/ast.py", line 52, in parse
    return compile(source, filename, mode, flags,
           ^^^^^^^^^^^^^^^^^^^^^^^^^^^^^^^^^^^^^^
  File "<unknown>", line 5
    ????? = f???t(input("Qual o valor unitario do jogo? "))
    ^
SyntaxError: invalid syntax
2025-07-17 23:33:38,750 cblogger [ERROR]: 		Error while extracting code token based metrics: 55
Traceback (most recent call last):
  File "/root/trabalho_super/QuestionInsight/Etapa_1/codebench-mining-tool/util.py", line 633, in extract_token_metrics
    setattr(obj, TOKEN_NAMES[k], v)
                 ~~~~~~~~~~~^^^
KeyError: 55
2025-07-17 23:33:38,780 cblogger [ERROR]: 		Error while extracting code complexity metrics: invalid syntax (<unknown>, line 7)
Traceback (most recent call last):
  File "/root/trabalho_super/QuestionInsight/Etapa_1/codebench-mining-tool/util.py", line 551, in extract_complexity_metrics
    v = ComplexityVisitor.from_code(code)
        ^^^^^^^^^^^^^^^^^^^^^^^^^^^^^^^^^
  File "/root/trabalho_super/venv_jupyter/lib/python3.12/site-packages/radon/visitors.py", line 133, in from_code
    return cls.from_ast(code2ast(code), **kwargs)
                        ^^^^^^^^^^^^^^
  File "/root/trabalho_super/venv_jupyter/lib/python3.12/site-packages/radon/visitors.py", line 48, in code2ast
    return ast.parse(source)
           ^^^^^^^^^^^^^^^^^
  File "/usr/lib/python3.12/ast.py", line 52, in parse
    return compile(source, filename, mode, flags,
           ^^^^^^^^^^^^^^^^^^^^^^^^^^^^^^^^^^^^^^
  File "<unknown>", line 7
    else:
    ^^^^
SyntaxError: invalid syntax
2025-07-17 23:33:38,781 cblogger [ERROR]: 		Error while extracting halsted code metrics: invalid syntax (<unknown>, line 7)
Traceback (most recent call last):
  File "/root/trabalho_super/QuestionInsight/Etapa_1/codebench-mining-tool/util.py", line 569, in extract_halstead_metrics
    h = h_visit(code)
        ^^^^^^^^^^^^^
  File "/root/trabalho_super/venv_jupyter/lib/python3.12/site-packages/radon/metrics.py", line 29, in h_visit
    return h_visit_ast(ast.parse(code))
                       ^^^^^^^^^^^^^^^
  File "/usr/lib/python3.12/ast.py", line 52, in parse
    return compile(source, filename, mode, flags,
           ^^^^^^^^^^^^^^^^^^^^^^^^^^^^^^^^^^^^^^
  File "<unknown>", line 7
    else:
    ^^^^
SyntaxError: invalid syntax
2025-07-17 23:33:38,796 cblogger [ERROR]: 		Error while extracting code complexity metrics: invalid syntax (<unknown>, line 1)
Traceback (most recent call last):
  File "/root/trabalho_super/QuestionInsight/Etapa_1/codebench-mining-tool/util.py", line 551, in extract_complexity_metrics
    v = ComplexityVisitor.from_code(code)
        ^^^^^^^^^^^^^^^^^^^^^^^^^^^^^^^^^
  File "/root/trabalho_super/venv_jupyter/lib/python3.12/site-packages/radon/visitors.py", line 133, in from_code
    return cls.from_ast(code2ast(code), **kwargs)
                        ^^^^^^^^^^^^^^
  File "/root/trabalho_super/venv_jupyter/lib/python3.12/site-packages/radon/visitors.py", line 48, in code2ast
    return ast.parse(source)
           ^^^^^^^^^^^^^^^^^
  File "/usr/lib/python3.12/ast.py", line 52, in parse
    return compile(source, filename, mode, flags,
           ^^^^^^^^^^^^^^^^^^^^^^^^^^^^^^^^^^^^^^
  File "<unknown>", line 1
    aresta =
            ^
SyntaxError: invalid syntax
2025-07-17 23:33:38,796 cblogger [ERROR]: 		Error while extracting halsted code metrics: invalid syntax (<unknown>, line 1)
Traceback (most recent call last):
  File "/root/trabalho_super/QuestionInsight/Etapa_1/codebench-mining-tool/util.py", line 569, in extract_halstead_metrics
    h = h_visit(code)
        ^^^^^^^^^^^^^
  File "/root/trabalho_super/venv_jupyter/lib/python3.12/site-packages/radon/metrics.py", line 29, in h_visit
    return h_visit_ast(ast.parse(code))
                       ^^^^^^^^^^^^^^^
  File "/usr/lib/python3.12/ast.py", line 52, in parse
    return compile(source, filename, mode, flags,
           ^^^^^^^^^^^^^^^^^^^^^^^^^^^^^^^^^^^^^^
  File "<unknown>", line 1
    aresta =
            ^
SyntaxError: invalid syntax
2025-07-17 23:33:38,817 cblogger [ERROR]: 		Error while extracting code complexity metrics: unmatched ')' (<unknown>, line 7)
Traceback (most recent call last):
  File "/root/trabalho_super/QuestionInsight/Etapa_1/codebench-mining-tool/util.py", line 551, in extract_complexity_metrics
    v = ComplexityVisitor.from_code(code)
        ^^^^^^^^^^^^^^^^^^^^^^^^^^^^^^^^^
  File "/root/trabalho_super/venv_jupyter/lib/python3.12/site-packages/radon/visitors.py", line 133, in from_code
    return cls.from_ast(code2ast(code), **kwargs)
                        ^^^^^^^^^^^^^^
  File "/root/trabalho_super/venv_jupyter/lib/python3.12/site-packages/radon/visitors.py", line 48, in code2ast
    return ast.parse(source)
           ^^^^^^^^^^^^^^^^^
  File "/usr/lib/python3.12/ast.py", line 52, in parse
    return compile(source, filename, mode, flags,
           ^^^^^^^^^^^^^^^^^^^^^^^^^^^^^^^^^^^^^^
  File "<unknown>", line 7
    	valor = 4*var)
    	             ^
SyntaxError: unmatched ')'
2025-07-17 23:33:38,818 cblogger [ERROR]: 		Error while extracting halsted code metrics: unmatched ')' (<unknown>, line 7)
Traceback (most recent call last):
  File "/root/trabalho_super/QuestionInsight/Etapa_1/codebench-mining-tool/util.py", line 569, in extract_halstead_metrics
    h = h_visit(code)
        ^^^^^^^^^^^^^
  File "/root/trabalho_super/venv_jupyter/lib/python3.12/site-packages/radon/metrics.py", line 29, in h_visit
    return h_visit_ast(ast.parse(code))
                       ^^^^^^^^^^^^^^^
  File "/usr/lib/python3.12/ast.py", line 52, in parse
    return compile(source, filename, mode, flags,
           ^^^^^^^^^^^^^^^^^^^^^^^^^^^^^^^^^^^^^^
  File "<unknown>", line 7
    	valor = 4*var)
    	             ^
SyntaxError: unmatched ')'
2025-07-17 23:33:39,161 cblogger [ERROR]: 		Error while extracting code complexity metrics: expected ':' (<unknown>, line 20)
Traceback (most recent call last):
  File "/root/trabalho_super/QuestionInsight/Etapa_1/codebench-mining-tool/util.py", line 551, in extract_complexity_metrics
    v = ComplexityVisitor.from_code(code)
        ^^^^^^^^^^^^^^^^^^^^^^^^^^^^^^^^^
  File "/root/trabalho_super/venv_jupyter/lib/python3.12/site-packages/radon/visitors.py", line 133, in from_code
    return cls.from_ast(code2ast(code), **kwargs)
                        ^^^^^^^^^^^^^^
  File "/root/trabalho_super/venv_jupyter/lib/python3.12/site-packages/radon/visitors.py", line 48, in code2ast
    return ast.parse(source)
           ^^^^^^^^^^^^^^^^^
  File "/usr/lib/python3.12/ast.py", line 52, in parse
    return compile(source, filename, mode, flags,
           ^^^^^^^^^^^^^^^^^^^^^^^^^^^^^^^^^^^^^^
  File "<unknown>", line 20
    		if()	
    		    	^
SyntaxError: expected ':'
2025-07-17 23:33:39,162 cblogger [ERROR]: 		Error while extracting halsted code metrics: expected ':' (<unknown>, line 20)
Traceback (most recent call last):
  File "/root/trabalho_super/QuestionInsight/Etapa_1/codebench-mining-tool/util.py", line 569, in extract_halstead_metrics
    h = h_visit(code)
        ^^^^^^^^^^^^^
  File "/root/trabalho_super/venv_jupyter/lib/python3.12/site-packages/radon/metrics.py", line 29, in h_visit
    return h_visit_ast(ast.parse(code))
                       ^^^^^^^^^^^^^^^
  File "/usr/lib/python3.12/ast.py", line 52, in parse
    return compile(source, filename, mode, flags,
           ^^^^^^^^^^^^^^^^^^^^^^^^^^^^^^^^^^^^^^
  File "<unknown>", line 20
    		if()	
    		    	^
SyntaxError: expected ':'
2025-07-17 23:33:39,331 cblogger [ERROR]: 		Error while extracting code complexity metrics: '(' was never closed (<unknown>, line 2)
Traceback (most recent call last):
  File "/root/trabalho_super/QuestionInsight/Etapa_1/codebench-mining-tool/util.py", line 551, in extract_complexity_metrics
    v = ComplexityVisitor.from_code(code)
        ^^^^^^^^^^^^^^^^^^^^^^^^^^^^^^^^^
  File "/root/trabalho_super/venv_jupyter/lib/python3.12/site-packages/radon/visitors.py", line 133, in from_code
    return cls.from_ast(code2ast(code), **kwargs)
                        ^^^^^^^^^^^^^^
  File "/root/trabalho_super/venv_jupyter/lib/python3.12/site-packages/radon/visitors.py", line 48, in code2ast
    return ast.parse(source)
           ^^^^^^^^^^^^^^^^^
  File "/usr/lib/python3.12/ast.py", line 52, in parse
    return compile(source, filename, mode, flags,
           ^^^^^^^^^^^^^^^^^^^^^^^^^^^^^^^^^^^^^^
  File "<unknown>", line 2
    var1 = float(input("Distancia em metros")
                ^
SyntaxError: '(' was never closed
2025-07-17 23:33:39,332 cblogger [ERROR]: 		Error while extracting code size based metrics: SyntaxError at line: 2
Traceback (most recent call last):
  File "/root/trabalho_super/venv_jupyter/lib/python3.12/site-packages/radon/raw.py", line 210, in analyze
    tokens, parsed_lines = _get_all_tokens(line, lines)
                           ^^^^^^^^^^^^^^^^^^^^^^^^^^^^
  File "/root/trabalho_super/venv_jupyter/lib/python3.12/site-packages/radon/raw.py", line 117, in _get_all_tokens
    next_line = next(lines)
                ^^^^^^^^^^^
StopIteration

During handling of the above exception, another exception occurred:

Traceback (most recent call last):
  File "/root/trabalho_super/QuestionInsight/Etapa_1/codebench-mining-tool/util.py", line 560, in extract_size_metrics
    a = analyze(code)
        ^^^^^^^^^^^^^
  File "/root/trabalho_super/venv_jupyter/lib/python3.12/site-packages/radon/raw.py", line 212, in analyze
    raise SyntaxError('SyntaxError at line: {0}'.format(lineno))
SyntaxError: SyntaxError at line: 2
2025-07-17 23:33:39,332 cblogger [ERROR]: 		Error while extracting halsted code metrics: '(' was never closed (<unknown>, line 2)
Traceback (most recent call last):
  File "/root/trabalho_super/QuestionInsight/Etapa_1/codebench-mining-tool/util.py", line 569, in extract_halstead_metrics
    h = h_visit(code)
        ^^^^^^^^^^^^^
  File "/root/trabalho_super/venv_jupyter/lib/python3.12/site-packages/radon/metrics.py", line 29, in h_visit
    return h_visit_ast(ast.parse(code))
                       ^^^^^^^^^^^^^^^
  File "/usr/lib/python3.12/ast.py", line 52, in parse
    return compile(source, filename, mode, flags,
           ^^^^^^^^^^^^^^^^^^^^^^^^^^^^^^^^^^^^^^
  File "<unknown>", line 2
    var1 = float(input("Distancia em metros")
                ^
SyntaxError: '(' was never closed
2025-07-17 23:33:39,486 cblogger [ERROR]: 		Error while extracting code complexity metrics: invalid syntax (<unknown>, line 7)
Traceback (most recent call last):
  File "/root/trabalho_super/QuestionInsight/Etapa_1/codebench-mining-tool/util.py", line 551, in extract_complexity_metrics
    v = ComplexityVisitor.from_code(code)
        ^^^^^^^^^^^^^^^^^^^^^^^^^^^^^^^^^
  File "/root/trabalho_super/venv_jupyter/lib/python3.12/site-packages/radon/visitors.py", line 133, in from_code
    return cls.from_ast(code2ast(code), **kwargs)
                        ^^^^^^^^^^^^^^
  File "/root/trabalho_super/venv_jupyter/lib/python3.12/site-packages/radon/visitors.py", line 48, in code2ast
    return ast.parse(source)
           ^^^^^^^^^^^^^^^^^
  File "/usr/lib/python3.12/ast.py", line 52, in parse
    return compile(source, filename, mode, flags,
           ^^^^^^^^^^^^^^^^^^^^^^^^^^^^^^^^^^^^^^
  File "<unknown>", line 7
    x = 
        ^
SyntaxError: invalid syntax
2025-07-17 23:33:39,486 cblogger [ERROR]: 		Error while extracting halsted code metrics: invalid syntax (<unknown>, line 7)
Traceback (most recent call last):
  File "/root/trabalho_super/QuestionInsight/Etapa_1/codebench-mining-tool/util.py", line 569, in extract_halstead_metrics
    h = h_visit(code)
        ^^^^^^^^^^^^^
  File "/root/trabalho_super/venv_jupyter/lib/python3.12/site-packages/radon/metrics.py", line 29, in h_visit
    return h_visit_ast(ast.parse(code))
                       ^^^^^^^^^^^^^^^
  File "/usr/lib/python3.12/ast.py", line 52, in parse
    return compile(source, filename, mode, flags,
           ^^^^^^^^^^^^^^^^^^^^^^^^^^^^^^^^^^^^^^
  File "<unknown>", line 7
    x = 
        ^
SyntaxError: invalid syntax
2025-07-17 23:33:39,509 cblogger [ERROR]: 		Error while extracting code complexity metrics: expected ':' (<unknown>, line 6)
Traceback (most recent call last):
  File "/root/trabalho_super/QuestionInsight/Etapa_1/codebench-mining-tool/util.py", line 551, in extract_complexity_metrics
    v = ComplexityVisitor.from_code(code)
        ^^^^^^^^^^^^^^^^^^^^^^^^^^^^^^^^^
  File "/root/trabalho_super/venv_jupyter/lib/python3.12/site-packages/radon/visitors.py", line 133, in from_code
    return cls.from_ast(code2ast(code), **kwargs)
                        ^^^^^^^^^^^^^^
  File "/root/trabalho_super/venv_jupyter/lib/python3.12/site-packages/radon/visitors.py", line 48, in code2ast
    return ast.parse(source)
           ^^^^^^^^^^^^^^^^^
  File "/usr/lib/python3.12/ast.py", line 52, in parse
    return compile(source, filename, mode, flags,
           ^^^^^^^^^^^^^^^^^^^^^^^^^^^^^^^^^^^^^^
  File "<unknown>", line 6
    if()
        ^
SyntaxError: expected ':'
2025-07-17 23:33:39,510 cblogger [ERROR]: 		Error while extracting halsted code metrics: expected ':' (<unknown>, line 6)
Traceback (most recent call last):
  File "/root/trabalho_super/QuestionInsight/Etapa_1/codebench-mining-tool/util.py", line 569, in extract_halstead_metrics
    h = h_visit(code)
        ^^^^^^^^^^^^^
  File "/root/trabalho_super/venv_jupyter/lib/python3.12/site-packages/radon/metrics.py", line 29, in h_visit
    return h_visit_ast(ast.parse(code))
                       ^^^^^^^^^^^^^^^
  File "/usr/lib/python3.12/ast.py", line 52, in parse
    return compile(source, filename, mode, flags,
           ^^^^^^^^^^^^^^^^^^^^^^^^^^^^^^^^^^^^^^
  File "<unknown>", line 6
    if()
        ^
SyntaxError: expected ':'
2025-07-17 23:33:39,556 cblogger [ERROR]: 		Error while extracting code complexity metrics: invalid syntax (<unknown>, line 4)
Traceback (most recent call last):
  File "/root/trabalho_super/QuestionInsight/Etapa_1/codebench-mining-tool/util.py", line 551, in extract_complexity_metrics
    v = ComplexityVisitor.from_code(code)
        ^^^^^^^^^^^^^^^^^^^^^^^^^^^^^^^^^
  File "/root/trabalho_super/venv_jupyter/lib/python3.12/site-packages/radon/visitors.py", line 133, in from_code
    return cls.from_ast(code2ast(code), **kwargs)
                        ^^^^^^^^^^^^^^
  File "/root/trabalho_super/venv_jupyter/lib/python3.12/site-packages/radon/visitors.py", line 48, in code2ast
    return ast.parse(source)
           ^^^^^^^^^^^^^^^^^
  File "/usr/lib/python3.12/ast.py", line 52, in parse
    return compile(source, filename, mode, flags,
           ^^^^^^^^^^^^^^^^^^^^^^^^^^^^^^^^^^^^^^
  File "<unknown>", line 4
    	c = 
    	    ^
SyntaxError: invalid syntax
2025-07-17 23:33:39,556 cblogger [ERROR]: 		Error while extracting halsted code metrics: invalid syntax (<unknown>, line 4)
Traceback (most recent call last):
  File "/root/trabalho_super/QuestionInsight/Etapa_1/codebench-mining-tool/util.py", line 569, in extract_halstead_metrics
    h = h_visit(code)
        ^^^^^^^^^^^^^
  File "/root/trabalho_super/venv_jupyter/lib/python3.12/site-packages/radon/metrics.py", line 29, in h_visit
    return h_visit_ast(ast.parse(code))
                       ^^^^^^^^^^^^^^^
  File "/usr/lib/python3.12/ast.py", line 52, in parse
    return compile(source, filename, mode, flags,
           ^^^^^^^^^^^^^^^^^^^^^^^^^^^^^^^^^^^^^^
  File "<unknown>", line 4
    	c = 
    	    ^
SyntaxError: invalid syntax
2025-07-17 23:33:39,637 cblogger [ERROR]: 		Error while extracting code complexity metrics: invalid syntax (<unknown>, line 1)
Traceback (most recent call last):
  File "/root/trabalho_super/QuestionInsight/Etapa_1/codebench-mining-tool/util.py", line 551, in extract_complexity_metrics
    v = ComplexityVisitor.from_code(code)
        ^^^^^^^^^^^^^^^^^^^^^^^^^^^^^^^^^
  File "/root/trabalho_super/venv_jupyter/lib/python3.12/site-packages/radon/visitors.py", line 133, in from_code
    return cls.from_ast(code2ast(code), **kwargs)
                        ^^^^^^^^^^^^^^
  File "/root/trabalho_super/venv_jupyter/lib/python3.12/site-packages/radon/visitors.py", line 48, in code2ast
    return ast.parse(source)
           ^^^^^^^^^^^^^^^^^
  File "/usr/lib/python3.12/ast.py", line 52, in parse
    return compile(source, filename, mode, flags,
           ^^^^^^^^^^^^^^^^^^^^^^^^^^^^^^^^^^^^^^
  File "<unknown>", line 1
    from math import
                    ^
SyntaxError: invalid syntax
2025-07-17 23:33:39,637 cblogger [ERROR]: 		Error while extracting halsted code metrics: invalid syntax (<unknown>, line 1)
Traceback (most recent call last):
  File "/root/trabalho_super/QuestionInsight/Etapa_1/codebench-mining-tool/util.py", line 569, in extract_halstead_metrics
    h = h_visit(code)
        ^^^^^^^^^^^^^
  File "/root/trabalho_super/venv_jupyter/lib/python3.12/site-packages/radon/metrics.py", line 29, in h_visit
    return h_visit_ast(ast.parse(code))
                       ^^^^^^^^^^^^^^^
  File "/usr/lib/python3.12/ast.py", line 52, in parse
    return compile(source, filename, mode, flags,
           ^^^^^^^^^^^^^^^^^^^^^^^^^^^^^^^^^^^^^^
  File "<unknown>", line 1
    from math import
                    ^
SyntaxError: invalid syntax
2025-07-17 23:33:39,776 cblogger [ERROR]: 		Error while extracting code complexity metrics: unindent does not match any outer indentation level (<unknown>, line 7)
Traceback (most recent call last):
  File "/root/trabalho_super/QuestionInsight/Etapa_1/codebench-mining-tool/util.py", line 551, in extract_complexity_metrics
    v = ComplexityVisitor.from_code(code)
        ^^^^^^^^^^^^^^^^^^^^^^^^^^^^^^^^^
  File "/root/trabalho_super/venv_jupyter/lib/python3.12/site-packages/radon/visitors.py", line 133, in from_code
    return cls.from_ast(code2ast(code), **kwargs)
                        ^^^^^^^^^^^^^^
  File "/root/trabalho_super/venv_jupyter/lib/python3.12/site-packages/radon/visitors.py", line 48, in code2ast
    return ast.parse(source)
           ^^^^^^^^^^^^^^^^^
  File "/usr/lib/python3.12/ast.py", line 52, in parse
    return compile(source, filename, mode, flags,
           ^^^^^^^^^^^^^^^^^^^^^^^^^^^^^^^^^^^^^^
  File "<unknown>", line 7
    total = p1 + (p2 -(p2*0,25))
                                ^
IndentationError: unindent does not match any outer indentation level
2025-07-17 23:33:39,777 cblogger [ERROR]: 		Error while extracting halsted code metrics: unindent does not match any outer indentation level (<unknown>, line 7)
Traceback (most recent call last):
  File "/root/trabalho_super/QuestionInsight/Etapa_1/codebench-mining-tool/util.py", line 569, in extract_halstead_metrics
    h = h_visit(code)
        ^^^^^^^^^^^^^
  File "/root/trabalho_super/venv_jupyter/lib/python3.12/site-packages/radon/metrics.py", line 29, in h_visit
    return h_visit_ast(ast.parse(code))
                       ^^^^^^^^^^^^^^^
  File "/usr/lib/python3.12/ast.py", line 52, in parse
    return compile(source, filename, mode, flags,
           ^^^^^^^^^^^^^^^^^^^^^^^^^^^^^^^^^^^^^^
  File "<unknown>", line 7
    total = p1 + (p2 -(p2*0,25))
                                ^
IndentationError: unindent does not match any outer indentation level
2025-07-17 23:33:39,834 cblogger [ERROR]: 		Error while extracting code complexity metrics: unindent does not match any outer indentation level (<unknown>, line 9)
Traceback (most recent call last):
  File "/root/trabalho_super/QuestionInsight/Etapa_1/codebench-mining-tool/util.py", line 551, in extract_complexity_metrics
    v = ComplexityVisitor.from_code(code)
        ^^^^^^^^^^^^^^^^^^^^^^^^^^^^^^^^^
  File "/root/trabalho_super/venv_jupyter/lib/python3.12/site-packages/radon/visitors.py", line 133, in from_code
    return cls.from_ast(code2ast(code), **kwargs)
                        ^^^^^^^^^^^^^^
  File "/root/trabalho_super/venv_jupyter/lib/python3.12/site-packages/radon/visitors.py", line 48, in code2ast
    return ast.parse(source)
           ^^^^^^^^^^^^^^^^^
  File "/usr/lib/python3.12/ast.py", line 52, in parse
    return compile(source, filename, mode, flags,
           ^^^^^^^^^^^^^^^^^^^^^^^^^^^^^^^^^^^^^^
  File "<unknown>", line 9
    print (x1)
              ^
IndentationError: unindent does not match any outer indentation level
2025-07-17 23:33:39,835 cblogger [ERROR]: 		Error while extracting halsted code metrics: unindent does not match any outer indentation level (<unknown>, line 9)
Traceback (most recent call last):
  File "/root/trabalho_super/QuestionInsight/Etapa_1/codebench-mining-tool/util.py", line 569, in extract_halstead_metrics
    h = h_visit(code)
        ^^^^^^^^^^^^^
  File "/root/trabalho_super/venv_jupyter/lib/python3.12/site-packages/radon/metrics.py", line 29, in h_visit
    return h_visit_ast(ast.parse(code))
                       ^^^^^^^^^^^^^^^
  File "/usr/lib/python3.12/ast.py", line 52, in parse
    return compile(source, filename, mode, flags,
           ^^^^^^^^^^^^^^^^^^^^^^^^^^^^^^^^^^^^^^
  File "<unknown>", line 9
    print (x1)
              ^
IndentationError: unindent does not match any outer indentation level
2025-07-17 23:33:40,103 cblogger [ERROR]: 		Error while extracting code complexity metrics: invalid syntax (<unknown>, line 1)
Traceback (most recent call last):
  File "/root/trabalho_super/QuestionInsight/Etapa_1/codebench-mining-tool/util.py", line 551, in extract_complexity_metrics
    v = ComplexityVisitor.from_code(code)
        ^^^^^^^^^^^^^^^^^^^^^^^^^^^^^^^^^
  File "/root/trabalho_super/venv_jupyter/lib/python3.12/site-packages/radon/visitors.py", line 133, in from_code
    return cls.from_ast(code2ast(code), **kwargs)
                        ^^^^^^^^^^^^^^
  File "/root/trabalho_super/venv_jupyter/lib/python3.12/site-packages/radon/visitors.py", line 48, in code2ast
    return ast.parse(source)
           ^^^^^^^^^^^^^^^^^
  File "/usr/lib/python3.12/ast.py", line 52, in parse
    return compile(source, filename, mode, flags,
           ^^^^^^^^^^^^^^^^^^^^^^^^^^^^^^^^^^^^^^
  File "<unknown>", line 1
    num=input"objto"
             ^^^^^^^
SyntaxError: invalid syntax
2025-07-17 23:33:40,105 cblogger [ERROR]: 		Error while extracting halsted code metrics: invalid syntax (<unknown>, line 1)
Traceback (most recent call last):
  File "/root/trabalho_super/QuestionInsight/Etapa_1/codebench-mining-tool/util.py", line 569, in extract_halstead_metrics
    h = h_visit(code)
        ^^^^^^^^^^^^^
  File "/root/trabalho_super/venv_jupyter/lib/python3.12/site-packages/radon/metrics.py", line 29, in h_visit
    return h_visit_ast(ast.parse(code))
                       ^^^^^^^^^^^^^^^
  File "/usr/lib/python3.12/ast.py", line 52, in parse
    return compile(source, filename, mode, flags,
           ^^^^^^^^^^^^^^^^^^^^^^^^^^^^^^^^^^^^^^
  File "<unknown>", line 1
    num=input"objto"
             ^^^^^^^
SyntaxError: invalid syntax
2025-07-17 23:33:40,206 cblogger [ERROR]: 		Error while extracting code complexity metrics: expected an indented block after 'else' statement on line 5 (<unknown>, line 5)
Traceback (most recent call last):
  File "/root/trabalho_super/QuestionInsight/Etapa_1/codebench-mining-tool/util.py", line 551, in extract_complexity_metrics
    v = ComplexityVisitor.from_code(code)
        ^^^^^^^^^^^^^^^^^^^^^^^^^^^^^^^^^
  File "/root/trabalho_super/venv_jupyter/lib/python3.12/site-packages/radon/visitors.py", line 133, in from_code
    return cls.from_ast(code2ast(code), **kwargs)
                        ^^^^^^^^^^^^^^
  File "/root/trabalho_super/venv_jupyter/lib/python3.12/site-packages/radon/visitors.py", line 48, in code2ast
    return ast.parse(source)
           ^^^^^^^^^^^^^^^^^
  File "/usr/lib/python3.12/ast.py", line 52, in parse
    return compile(source, filename, mode, flags,
           ^^^^^^^^^^^^^^^^^^^^^^^^^^^^^^^^^^^^^^
  File "<unknown>", line 5
    else:
         ^
IndentationError: expected an indented block after 'else' statement on line 5
2025-07-17 23:33:40,207 cblogger [ERROR]: 		Error while extracting halsted code metrics: expected an indented block after 'else' statement on line 5 (<unknown>, line 5)
Traceback (most recent call last):
  File "/root/trabalho_super/QuestionInsight/Etapa_1/codebench-mining-tool/util.py", line 569, in extract_halstead_metrics
    h = h_visit(code)
        ^^^^^^^^^^^^^
  File "/root/trabalho_super/venv_jupyter/lib/python3.12/site-packages/radon/metrics.py", line 29, in h_visit
    return h_visit_ast(ast.parse(code))
                       ^^^^^^^^^^^^^^^
  File "/usr/lib/python3.12/ast.py", line 52, in parse
    return compile(source, filename, mode, flags,
           ^^^^^^^^^^^^^^^^^^^^^^^^^^^^^^^^^^^^^^
  File "<unknown>", line 5
    else:
         ^
IndentationError: expected an indented block after 'else' statement on line 5
2025-07-17 23:33:40,268 cblogger [ERROR]: 		Error while extracting code complexity metrics: invalid syntax (<unknown>, line 1)
Traceback (most recent call last):
  File "/root/trabalho_super/QuestionInsight/Etapa_1/codebench-mining-tool/util.py", line 551, in extract_complexity_metrics
    v = ComplexityVisitor.from_code(code)
        ^^^^^^^^^^^^^^^^^^^^^^^^^^^^^^^^^
  File "/root/trabalho_super/venv_jupyter/lib/python3.12/site-packages/radon/visitors.py", line 133, in from_code
    return cls.from_ast(code2ast(code), **kwargs)
                        ^^^^^^^^^^^^^^
  File "/root/trabalho_super/venv_jupyter/lib/python3.12/site-packages/radon/visitors.py", line 48, in code2ast
    return ast.parse(source)
           ^^^^^^^^^^^^^^^^^
  File "/usr/lib/python3.12/ast.py", line 52, in parse
    return compile(source, filename, mode, flags,
           ^^^^^^^^^^^^^^^^^^^^^^^^^^^^^^^^^^^^^^
  File "<unknown>", line 1
    math import*
         ^^^^^^
SyntaxError: invalid syntax
2025-07-17 23:33:40,269 cblogger [ERROR]: 		Error while extracting halsted code metrics: invalid syntax (<unknown>, line 1)
Traceback (most recent call last):
  File "/root/trabalho_super/QuestionInsight/Etapa_1/codebench-mining-tool/util.py", line 569, in extract_halstead_metrics
    h = h_visit(code)
        ^^^^^^^^^^^^^
  File "/root/trabalho_super/venv_jupyter/lib/python3.12/site-packages/radon/metrics.py", line 29, in h_visit
    return h_visit_ast(ast.parse(code))
                       ^^^^^^^^^^^^^^^
  File "/usr/lib/python3.12/ast.py", line 52, in parse
    return compile(source, filename, mode, flags,
           ^^^^^^^^^^^^^^^^^^^^^^^^^^^^^^^^^^^^^^
  File "<unknown>", line 1
    math import*
         ^^^^^^
SyntaxError: invalid syntax
2025-07-17 23:33:40,293 cblogger [ERROR]: 		Error while extracting code complexity metrics: unterminated string literal (detected at line 6) (<unknown>, line 6)
Traceback (most recent call last):
  File "/root/trabalho_super/QuestionInsight/Etapa_1/codebench-mining-tool/util.py", line 551, in extract_complexity_metrics
    v = ComplexityVisitor.from_code(code)
        ^^^^^^^^^^^^^^^^^^^^^^^^^^^^^^^^^
  File "/root/trabalho_super/venv_jupyter/lib/python3.12/site-packages/radon/visitors.py", line 133, in from_code
    return cls.from_ast(code2ast(code), **kwargs)
                        ^^^^^^^^^^^^^^
  File "/root/trabalho_super/venv_jupyter/lib/python3.12/site-packages/radon/visitors.py", line 48, in code2ast
    return ast.parse(source)
           ^^^^^^^^^^^^^^^^^
  File "/usr/lib/python3.12/ast.py", line 52, in parse
    return compile(source, filename, mode, flags,
           ^^^^^^^^^^^^^^^^^^^^^^^^^^^^^^^^^^^^^^
  File "<unknown>", line 6
    if ("):
        ^
SyntaxError: unterminated string literal (detected at line 6)
2025-07-17 23:33:40,293 cblogger [ERROR]: 		Error while extracting code size based metrics: SyntaxError at line: 6
Traceback (most recent call last):
  File "/root/trabalho_super/venv_jupyter/lib/python3.12/site-packages/radon/raw.py", line 210, in analyze
    tokens, parsed_lines = _get_all_tokens(line, lines)
                           ^^^^^^^^^^^^^^^^^^^^^^^^^^^^
  File "/root/trabalho_super/venv_jupyter/lib/python3.12/site-packages/radon/raw.py", line 117, in _get_all_tokens
    next_line = next(lines)
                ^^^^^^^^^^^
StopIteration

During handling of the above exception, another exception occurred:

Traceback (most recent call last):
  File "/root/trabalho_super/QuestionInsight/Etapa_1/codebench-mining-tool/util.py", line 560, in extract_size_metrics
    a = analyze(code)
        ^^^^^^^^^^^^^
  File "/root/trabalho_super/venv_jupyter/lib/python3.12/site-packages/radon/raw.py", line 212, in analyze
    raise SyntaxError('SyntaxError at line: {0}'.format(lineno))
SyntaxError: SyntaxError at line: 6
2025-07-17 23:33:40,294 cblogger [ERROR]: 		Error while extracting halsted code metrics: unterminated string literal (detected at line 6) (<unknown>, line 6)
Traceback (most recent call last):
  File "/root/trabalho_super/QuestionInsight/Etapa_1/codebench-mining-tool/util.py", line 569, in extract_halstead_metrics
    h = h_visit(code)
        ^^^^^^^^^^^^^
  File "/root/trabalho_super/venv_jupyter/lib/python3.12/site-packages/radon/metrics.py", line 29, in h_visit
    return h_visit_ast(ast.parse(code))
                       ^^^^^^^^^^^^^^^
  File "/usr/lib/python3.12/ast.py", line 52, in parse
    return compile(source, filename, mode, flags,
           ^^^^^^^^^^^^^^^^^^^^^^^^^^^^^^^^^^^^^^
  File "<unknown>", line 6
    if ("):
        ^
SyntaxError: unterminated string literal (detected at line 6)
2025-07-17 23:33:40,311 cblogger [ERROR]: 		Error while extracting code complexity metrics: invalid syntax (<unknown>, line 7)
Traceback (most recent call last):
  File "/root/trabalho_super/QuestionInsight/Etapa_1/codebench-mining-tool/util.py", line 551, in extract_complexity_metrics
    v = ComplexityVisitor.from_code(code)
        ^^^^^^^^^^^^^^^^^^^^^^^^^^^^^^^^^
  File "/root/trabalho_super/venv_jupyter/lib/python3.12/site-packages/radon/visitors.py", line 133, in from_code
    return cls.from_ast(code2ast(code), **kwargs)
                        ^^^^^^^^^^^^^^
  File "/root/trabalho_super/venv_jupyter/lib/python3.12/site-packages/radon/visitors.py", line 48, in code2ast
    return ast.parse(source)
           ^^^^^^^^^^^^^^^^^
  File "/usr/lib/python3.12/ast.py", line 52, in parse
    return compile(source, filename, mode, flags,
           ^^^^^^^^^^^^^^^^^^^^^^^^^^^^^^^^^^^^^^
  File "<unknown>", line 7
    	custo= 5.00*10000 + 4.00*
    	                         ^
SyntaxError: invalid syntax
2025-07-17 23:33:40,312 cblogger [ERROR]: 		Error while extracting halsted code metrics: invalid syntax (<unknown>, line 7)
Traceback (most recent call last):
  File "/root/trabalho_super/QuestionInsight/Etapa_1/codebench-mining-tool/util.py", line 569, in extract_halstead_metrics
    h = h_visit(code)
        ^^^^^^^^^^^^^
  File "/root/trabalho_super/venv_jupyter/lib/python3.12/site-packages/radon/metrics.py", line 29, in h_visit
    return h_visit_ast(ast.parse(code))
                       ^^^^^^^^^^^^^^^
  File "/usr/lib/python3.12/ast.py", line 52, in parse
    return compile(source, filename, mode, flags,
           ^^^^^^^^^^^^^^^^^^^^^^^^^^^^^^^^^^^^^^
  File "<unknown>", line 7
    	custo= 5.00*10000 + 4.00*
    	                         ^
SyntaxError: invalid syntax
2025-07-17 23:33:40,330 cblogger [ERROR]: 		Error while extracting code complexity metrics: '(' was never closed (<unknown>, line 7)
Traceback (most recent call last):
  File "/root/trabalho_super/QuestionInsight/Etapa_1/codebench-mining-tool/util.py", line 551, in extract_complexity_metrics
    v = ComplexityVisitor.from_code(code)
        ^^^^^^^^^^^^^^^^^^^^^^^^^^^^^^^^^
  File "/root/trabalho_super/venv_jupyter/lib/python3.12/site-packages/radon/visitors.py", line 133, in from_code
    return cls.from_ast(code2ast(code), **kwargs)
                        ^^^^^^^^^^^^^^
  File "/root/trabalho_super/venv_jupyter/lib/python3.12/site-packages/radon/visitors.py", line 48, in code2ast
    return ast.parse(source)
           ^^^^^^^^^^^^^^^^^
  File "/usr/lib/python3.12/ast.py", line 52, in parse
    return compile(source, filename, mode, flags,
           ^^^^^^^^^^^^^^^^^^^^^^^^^^^^^^^^^^^^^^
  File "<unknown>", line 7
    z = int(input("1 para volume do ar ou 2 para volume do combustivel: ")
           ^
SyntaxError: '(' was never closed
2025-07-17 23:33:40,331 cblogger [ERROR]: 		Error while extracting code size based metrics: SyntaxError at line: 7
Traceback (most recent call last):
  File "/root/trabalho_super/venv_jupyter/lib/python3.12/site-packages/radon/raw.py", line 210, in analyze
    tokens, parsed_lines = _get_all_tokens(line, lines)
                           ^^^^^^^^^^^^^^^^^^^^^^^^^^^^
  File "/root/trabalho_super/venv_jupyter/lib/python3.12/site-packages/radon/raw.py", line 117, in _get_all_tokens
    next_line = next(lines)
                ^^^^^^^^^^^
StopIteration

During handling of the above exception, another exception occurred:

Traceback (most recent call last):
  File "/root/trabalho_super/QuestionInsight/Etapa_1/codebench-mining-tool/util.py", line 560, in extract_size_metrics
    a = analyze(code)
        ^^^^^^^^^^^^^
  File "/root/trabalho_super/venv_jupyter/lib/python3.12/site-packages/radon/raw.py", line 212, in analyze
    raise SyntaxError('SyntaxError at line: {0}'.format(lineno))
SyntaxError: SyntaxError at line: 7
2025-07-17 23:33:40,331 cblogger [ERROR]: 		Error while extracting halsted code metrics: '(' was never closed (<unknown>, line 7)
Traceback (most recent call last):
  File "/root/trabalho_super/QuestionInsight/Etapa_1/codebench-mining-tool/util.py", line 569, in extract_halstead_metrics
    h = h_visit(code)
        ^^^^^^^^^^^^^
  File "/root/trabalho_super/venv_jupyter/lib/python3.12/site-packages/radon/metrics.py", line 29, in h_visit
    return h_visit_ast(ast.parse(code))
                       ^^^^^^^^^^^^^^^
  File "/usr/lib/python3.12/ast.py", line 52, in parse
    return compile(source, filename, mode, flags,
           ^^^^^^^^^^^^^^^^^^^^^^^^^^^^^^^^^^^^^^
  File "<unknown>", line 7
    z = int(input("1 para volume do ar ou 2 para volume do combustivel: ")
           ^
SyntaxError: '(' was never closed
2025-07-17 23:33:40,342 cblogger [ERROR]: 		Error while extracting code complexity metrics: expected ':' (<unknown>, line 10)
Traceback (most recent call last):
  File "/root/trabalho_super/QuestionInsight/Etapa_1/codebench-mining-tool/util.py", line 551, in extract_complexity_metrics
    v = ComplexityVisitor.from_code(code)
        ^^^^^^^^^^^^^^^^^^^^^^^^^^^^^^^^^
  File "/root/trabalho_super/venv_jupyter/lib/python3.12/site-packages/radon/visitors.py", line 133, in from_code
    return cls.from_ast(code2ast(code), **kwargs)
                        ^^^^^^^^^^^^^^
  File "/root/trabalho_super/venv_jupyter/lib/python3.12/site-packages/radon/visitors.py", line 48, in code2ast
    return ast.parse(source)
           ^^^^^^^^^^^^^^^^^
  File "/usr/lib/python3.12/ast.py", line 52, in parse
    return compile(source, filename, mode, flags,
           ^^^^^^^^^^^^^^^^^^^^^^^^^^^^^^^^^^^^^^
  File "<unknown>", line 10
    else
        ^
SyntaxError: expected ':'
2025-07-17 23:33:40,342 cblogger [ERROR]: 		Error while extracting halsted code metrics: expected ':' (<unknown>, line 10)
Traceback (most recent call last):
  File "/root/trabalho_super/QuestionInsight/Etapa_1/codebench-mining-tool/util.py", line 569, in extract_halstead_metrics
    h = h_visit(code)
        ^^^^^^^^^^^^^
  File "/root/trabalho_super/venv_jupyter/lib/python3.12/site-packages/radon/metrics.py", line 29, in h_visit
    return h_visit_ast(ast.parse(code))
                       ^^^^^^^^^^^^^^^
  File "/usr/lib/python3.12/ast.py", line 52, in parse
    return compile(source, filename, mode, flags,
           ^^^^^^^^^^^^^^^^^^^^^^^^^^^^^^^^^^^^^^
  File "<unknown>", line 10
    else
        ^
SyntaxError: expected ':'
2025-07-17 23:33:40,362 cblogger [ERROR]: 		Error while extracting code complexity metrics: invalid syntax. Perhaps you forgot a comma? (<unknown>, line 1)
Traceback (most recent call last):
  File "/root/trabalho_super/QuestionInsight/Etapa_1/codebench-mining-tool/util.py", line 551, in extract_complexity_metrics
    v = ComplexityVisitor.from_code(code)
        ^^^^^^^^^^^^^^^^^^^^^^^^^^^^^^^^^
  File "/root/trabalho_super/venv_jupyter/lib/python3.12/site-packages/radon/visitors.py", line 133, in from_code
    return cls.from_ast(code2ast(code), **kwargs)
                        ^^^^^^^^^^^^^^
  File "/root/trabalho_super/venv_jupyter/lib/python3.12/site-packages/radon/visitors.py", line 48, in code2ast
    return ast.parse(source)
           ^^^^^^^^^^^^^^^^^
  File "/usr/lib/python3.12/ast.py", line 52, in parse
    return compile(source, filename, mode, flags,
           ^^^^^^^^^^^^^^^^^^^^^^^^^^^^^^^^^^^^^^
  File "<unknown>", line 1
    var1= float(input("A quantidade de minutos consumidos durante certo mes: ")
                
SyntaxError: invalid syntax. Perhaps you forgot a comma?
2025-07-17 23:33:40,362 cblogger [ERROR]: 		Error while extracting code size based metrics: SyntaxError at line: 1
Traceback (most recent call last):
  File "/root/trabalho_super/venv_jupyter/lib/python3.12/site-packages/radon/raw.py", line 210, in analyze
    tokens, parsed_lines = _get_all_tokens(line, lines)
                           ^^^^^^^^^^^^^^^^^^^^^^^^^^^^
  File "/root/trabalho_super/venv_jupyter/lib/python3.12/site-packages/radon/raw.py", line 117, in _get_all_tokens
    next_line = next(lines)
                ^^^^^^^^^^^
StopIteration

During handling of the above exception, another exception occurred:

Traceback (most recent call last):
  File "/root/trabalho_super/QuestionInsight/Etapa_1/codebench-mining-tool/util.py", line 560, in extract_size_metrics
    a = analyze(code)
        ^^^^^^^^^^^^^
  File "/root/trabalho_super/venv_jupyter/lib/python3.12/site-packages/radon/raw.py", line 212, in analyze
    raise SyntaxError('SyntaxError at line: {0}'.format(lineno))
SyntaxError: SyntaxError at line: 1
2025-07-17 23:33:40,363 cblogger [ERROR]: 		Error while extracting halsted code metrics: invalid syntax. Perhaps you forgot a comma? (<unknown>, line 1)
Traceback (most recent call last):
  File "/root/trabalho_super/QuestionInsight/Etapa_1/codebench-mining-tool/util.py", line 569, in extract_halstead_metrics
    h = h_visit(code)
        ^^^^^^^^^^^^^
  File "/root/trabalho_super/venv_jupyter/lib/python3.12/site-packages/radon/metrics.py", line 29, in h_visit
    return h_visit_ast(ast.parse(code))
                       ^^^^^^^^^^^^^^^
  File "/usr/lib/python3.12/ast.py", line 52, in parse
    return compile(source, filename, mode, flags,
           ^^^^^^^^^^^^^^^^^^^^^^^^^^^^^^^^^^^^^^
  File "<unknown>", line 1
    var1= float(input("A quantidade de minutos consumidos durante certo mes: ")
                
SyntaxError: invalid syntax. Perhaps you forgot a comma?
2025-07-17 23:33:40,378 cblogger [ERROR]: 		Error while extracting code complexity metrics: expected an indented block after 'if' statement on line 9 (<unknown>, line 10)
Traceback (most recent call last):
  File "/root/trabalho_super/QuestionInsight/Etapa_1/codebench-mining-tool/util.py", line 551, in extract_complexity_metrics
    v = ComplexityVisitor.from_code(code)
        ^^^^^^^^^^^^^^^^^^^^^^^^^^^^^^^^^
  File "/root/trabalho_super/venv_jupyter/lib/python3.12/site-packages/radon/visitors.py", line 133, in from_code
    return cls.from_ast(code2ast(code), **kwargs)
                        ^^^^^^^^^^^^^^
  File "/root/trabalho_super/venv_jupyter/lib/python3.12/site-packages/radon/visitors.py", line 48, in code2ast
    return ast.parse(source)
           ^^^^^^^^^^^^^^^^^
  File "/usr/lib/python3.12/ast.py", line 52, in parse
    return compile(source, filename, mode, flags,
           ^^^^^^^^^^^^^^^^^^^^^^^^^^^^^^^^^^^^^^
  File "<unknown>", line 10
    	
    	^
IndentationError: expected an indented block after 'if' statement on line 9
2025-07-17 23:33:40,378 cblogger [ERROR]: 		Error while extracting halsted code metrics: expected an indented block after 'if' statement on line 9 (<unknown>, line 10)
Traceback (most recent call last):
  File "/root/trabalho_super/QuestionInsight/Etapa_1/codebench-mining-tool/util.py", line 569, in extract_halstead_metrics
    h = h_visit(code)
        ^^^^^^^^^^^^^
  File "/root/trabalho_super/venv_jupyter/lib/python3.12/site-packages/radon/metrics.py", line 29, in h_visit
    return h_visit_ast(ast.parse(code))
                       ^^^^^^^^^^^^^^^
  File "/usr/lib/python3.12/ast.py", line 52, in parse
    return compile(source, filename, mode, flags,
           ^^^^^^^^^^^^^^^^^^^^^^^^^^^^^^^^^^^^^^
  File "<unknown>", line 10
    	
    	^
IndentationError: expected an indented block after 'if' statement on line 9
2025-07-17 23:33:40,418 cblogger [ERROR]: 		Error while extracting code complexity metrics: invalid syntax (<unknown>, line 4)
Traceback (most recent call last):
  File "/root/trabalho_super/QuestionInsight/Etapa_1/codebench-mining-tool/util.py", line 551, in extract_complexity_metrics
    v = ComplexityVisitor.from_code(code)
        ^^^^^^^^^^^^^^^^^^^^^^^^^^^^^^^^^
  File "/root/trabalho_super/venv_jupyter/lib/python3.12/site-packages/radon/visitors.py", line 133, in from_code
    return cls.from_ast(code2ast(code), **kwargs)
                        ^^^^^^^^^^^^^^
  File "/root/trabalho_super/venv_jupyter/lib/python3.12/site-packages/radon/visitors.py", line 48, in code2ast
    return ast.parse(source)
           ^^^^^^^^^^^^^^^^^
  File "/usr/lib/python3.12/ast.py", line 52, in parse
    return compile(source, filename, mode, flags,
           ^^^^^^^^^^^^^^^^^^^^^^^^^^^^^^^^^^^^^^
  File "<unknown>", line 4
    if:(escala == "F"):
      ^
SyntaxError: invalid syntax
2025-07-17 23:33:40,418 cblogger [ERROR]: 		Error while extracting halsted code metrics: invalid syntax (<unknown>, line 4)
Traceback (most recent call last):
  File "/root/trabalho_super/QuestionInsight/Etapa_1/codebench-mining-tool/util.py", line 569, in extract_halstead_metrics
    h = h_visit(code)
        ^^^^^^^^^^^^^
  File "/root/trabalho_super/venv_jupyter/lib/python3.12/site-packages/radon/metrics.py", line 29, in h_visit
    return h_visit_ast(ast.parse(code))
                       ^^^^^^^^^^^^^^^
  File "/usr/lib/python3.12/ast.py", line 52, in parse
    return compile(source, filename, mode, flags,
           ^^^^^^^^^^^^^^^^^^^^^^^^^^^^^^^^^^^^^^
  File "<unknown>", line 4
    if:(escala == "F"):
      ^
SyntaxError: invalid syntax
2025-07-17 23:33:40,485 cblogger [ERROR]: 		Error while extracting code complexity metrics: invalid syntax (<unknown>, line 5)
Traceback (most recent call last):
  File "/root/trabalho_super/QuestionInsight/Etapa_1/codebench-mining-tool/util.py", line 551, in extract_complexity_metrics
    v = ComplexityVisitor.from_code(code)
        ^^^^^^^^^^^^^^^^^^^^^^^^^^^^^^^^^
  File "/root/trabalho_super/venv_jupyter/lib/python3.12/site-packages/radon/visitors.py", line 133, in from_code
    return cls.from_ast(code2ast(code), **kwargs)
                        ^^^^^^^^^^^^^^
  File "/root/trabalho_super/venv_jupyter/lib/python3.12/site-packages/radon/visitors.py", line 48, in code2ast
    return ast.parse(source)
           ^^^^^^^^^^^^^^^^^
  File "/usr/lib/python3.12/ast.py", line 52, in parse
    return compile(source, filename, mode, flags,
           ^^^^^^^^^^^^^^^^^^^^^^^^^^^^^^^^^^^^^^
  File "<unknown>", line 5
    b=
      ^
SyntaxError: invalid syntax
2025-07-17 23:33:40,485 cblogger [ERROR]: 		Error while extracting halsted code metrics: invalid syntax (<unknown>, line 5)
Traceback (most recent call last):
  File "/root/trabalho_super/QuestionInsight/Etapa_1/codebench-mining-tool/util.py", line 569, in extract_halstead_metrics
    h = h_visit(code)
        ^^^^^^^^^^^^^
  File "/root/trabalho_super/venv_jupyter/lib/python3.12/site-packages/radon/metrics.py", line 29, in h_visit
    return h_visit_ast(ast.parse(code))
                       ^^^^^^^^^^^^^^^
  File "/usr/lib/python3.12/ast.py", line 52, in parse
    return compile(source, filename, mode, flags,
           ^^^^^^^^^^^^^^^^^^^^^^^^^^^^^^^^^^^^^^
  File "<unknown>", line 5
    b=
      ^
SyntaxError: invalid syntax
2025-07-17 23:33:40,492 cblogger [ERROR]: 		Error while extracting code complexity metrics: invalid syntax. Perhaps you forgot a comma? (<unknown>, line 13)
Traceback (most recent call last):
  File "/root/trabalho_super/QuestionInsight/Etapa_1/codebench-mining-tool/util.py", line 551, in extract_complexity_metrics
    v = ComplexityVisitor.from_code(code)
        ^^^^^^^^^^^^^^^^^^^^^^^^^^^^^^^^^
  File "/root/trabalho_super/venv_jupyter/lib/python3.12/site-packages/radon/visitors.py", line 133, in from_code
    return cls.from_ast(code2ast(code), **kwargs)
                        ^^^^^^^^^^^^^^
  File "/root/trabalho_super/venv_jupyter/lib/python3.12/site-packages/radon/visitors.py", line 48, in code2ast
    return ast.parse(source)
           ^^^^^^^^^^^^^^^^^
  File "/usr/lib/python3.12/ast.py", line 52, in parse
    return compile(source, filename, mode, flags,
           ^^^^^^^^^^^^^^^^^^^^^^^^^^^^^^^^^^^^^^
  File "<unknown>", line 13
    if (___COMPLETE AQUI___):
        ^^^^^^^^^^^^^^^^^^^
SyntaxError: invalid syntax. Perhaps you forgot a comma?
2025-07-17 23:33:40,493 cblogger [ERROR]: 		Error while extracting halsted code metrics: invalid syntax. Perhaps you forgot a comma? (<unknown>, line 13)
Traceback (most recent call last):
  File "/root/trabalho_super/QuestionInsight/Etapa_1/codebench-mining-tool/util.py", line 569, in extract_halstead_metrics
    h = h_visit(code)
        ^^^^^^^^^^^^^
  File "/root/trabalho_super/venv_jupyter/lib/python3.12/site-packages/radon/metrics.py", line 29, in h_visit
    return h_visit_ast(ast.parse(code))
                       ^^^^^^^^^^^^^^^
  File "/usr/lib/python3.12/ast.py", line 52, in parse
    return compile(source, filename, mode, flags,
           ^^^^^^^^^^^^^^^^^^^^^^^^^^^^^^^^^^^^^^
  File "<unknown>", line 13
    if (___COMPLETE AQUI___):
        ^^^^^^^^^^^^^^^^^^^
SyntaxError: invalid syntax. Perhaps you forgot a comma?
2025-07-17 23:33:40,567 cblogger [ERROR]: 		Error while extracting code complexity metrics: expected an indented block after 'if' statement on line 3 (<unknown>, line 4)
Traceback (most recent call last):
  File "/root/trabalho_super/QuestionInsight/Etapa_1/codebench-mining-tool/util.py", line 551, in extract_complexity_metrics
    v = ComplexityVisitor.from_code(code)
        ^^^^^^^^^^^^^^^^^^^^^^^^^^^^^^^^^
  File "/root/trabalho_super/venv_jupyter/lib/python3.12/site-packages/radon/visitors.py", line 133, in from_code
    return cls.from_ast(code2ast(code), **kwargs)
                        ^^^^^^^^^^^^^^
  File "/root/trabalho_super/venv_jupyter/lib/python3.12/site-packages/radon/visitors.py", line 48, in code2ast
    return ast.parse(source)
           ^^^^^^^^^^^^^^^^^
  File "/usr/lib/python3.12/ast.py", line 52, in parse
    return compile(source, filename, mode, flags,
           ^^^^^^^^^^^^^^^^^^^^^^^^^^^^^^^^^^^^^^
  File "<unknown>", line 4
    print ('sim')
    ^^^^^
IndentationError: expected an indented block after 'if' statement on line 3
2025-07-17 23:33:40,568 cblogger [ERROR]: 		Error while extracting halsted code metrics: expected an indented block after 'if' statement on line 3 (<unknown>, line 4)
Traceback (most recent call last):
  File "/root/trabalho_super/QuestionInsight/Etapa_1/codebench-mining-tool/util.py", line 569, in extract_halstead_metrics
    h = h_visit(code)
        ^^^^^^^^^^^^^
  File "/root/trabalho_super/venv_jupyter/lib/python3.12/site-packages/radon/metrics.py", line 29, in h_visit
    return h_visit_ast(ast.parse(code))
                       ^^^^^^^^^^^^^^^
  File "/usr/lib/python3.12/ast.py", line 52, in parse
    return compile(source, filename, mode, flags,
           ^^^^^^^^^^^^^^^^^^^^^^^^^^^^^^^^^^^^^^
  File "<unknown>", line 4
    print ('sim')
    ^^^^^
IndentationError: expected an indented block after 'if' statement on line 3
2025-07-17 23:33:40,845 cblogger [ERROR]: 		Error while extracting code complexity metrics: invalid syntax (<unknown>, line 8)
Traceback (most recent call last):
  File "/root/trabalho_super/QuestionInsight/Etapa_1/codebench-mining-tool/util.py", line 551, in extract_complexity_metrics
    v = ComplexityVisitor.from_code(code)
        ^^^^^^^^^^^^^^^^^^^^^^^^^^^^^^^^^
  File "/root/trabalho_super/venv_jupyter/lib/python3.12/site-packages/radon/visitors.py", line 133, in from_code
    return cls.from_ast(code2ast(code), **kwargs)
                        ^^^^^^^^^^^^^^
  File "/root/trabalho_super/venv_jupyter/lib/python3.12/site-packages/radon/visitors.py", line 48, in code2ast
    return ast.parse(source)
           ^^^^^^^^^^^^^^^^^
  File "/usr/lib/python3.12/ast.py", line 52, in parse
    return compile(source, filename, mode, flags,
           ^^^^^^^^^^^^^^^^^^^^^^^^^^^^^^^^^^^^^^
  File "<unknown>", line 8
    	elif (a == b and b == c and c == a):
    	^^^^
SyntaxError: invalid syntax
2025-07-17 23:33:40,846 cblogger [ERROR]: 		Error while extracting halsted code metrics: invalid syntax (<unknown>, line 8)
Traceback (most recent call last):
  File "/root/trabalho_super/QuestionInsight/Etapa_1/codebench-mining-tool/util.py", line 569, in extract_halstead_metrics
    h = h_visit(code)
        ^^^^^^^^^^^^^
  File "/root/trabalho_super/venv_jupyter/lib/python3.12/site-packages/radon/metrics.py", line 29, in h_visit
    return h_visit_ast(ast.parse(code))
                       ^^^^^^^^^^^^^^^
  File "/usr/lib/python3.12/ast.py", line 52, in parse
    return compile(source, filename, mode, flags,
           ^^^^^^^^^^^^^^^^^^^^^^^^^^^^^^^^^^^^^^
  File "<unknown>", line 8
    	elif (a == b and b == c and c == a):
    	^^^^
SyntaxError: invalid syntax
2025-07-17 23:33:40,999 cblogger [ERROR]: 		Error while extracting code complexity metrics: invalid syntax. Perhaps you forgot a comma? (<unknown>, line 14)
Traceback (most recent call last):
  File "/root/trabalho_super/QuestionInsight/Etapa_1/codebench-mining-tool/util.py", line 551, in extract_complexity_metrics
    v = ComplexityVisitor.from_code(code)
        ^^^^^^^^^^^^^^^^^^^^^^^^^^^^^^^^^
  File "/root/trabalho_super/venv_jupyter/lib/python3.12/site-packages/radon/visitors.py", line 133, in from_code
    return cls.from_ast(code2ast(code), **kwargs)
                        ^^^^^^^^^^^^^^
  File "/root/trabalho_super/venv_jupyter/lib/python3.12/site-packages/radon/visitors.py", line 48, in code2ast
    return ast.parse(source)
           ^^^^^^^^^^^^^^^^^
  File "/usr/lib/python3.12/ast.py", line 52, in parse
    return compile(source, filename, mode, flags,
           ^^^^^^^^^^^^^^^^^^^^^^^^^^^^^^^^^^^^^^
  File "<unknown>", line 14
    	if (___COMPLETE AQUI___):
    	    ^^^^^^^^^^^^^^^^^^^
SyntaxError: invalid syntax. Perhaps you forgot a comma?
2025-07-17 23:33:41,002 cblogger [ERROR]: 		Error while extracting halsted code metrics: invalid syntax. Perhaps you forgot a comma? (<unknown>, line 14)
Traceback (most recent call last):
  File "/root/trabalho_super/QuestionInsight/Etapa_1/codebench-mining-tool/util.py", line 569, in extract_halstead_metrics
    h = h_visit(code)
        ^^^^^^^^^^^^^
  File "/root/trabalho_super/venv_jupyter/lib/python3.12/site-packages/radon/metrics.py", line 29, in h_visit
    return h_visit_ast(ast.parse(code))
                       ^^^^^^^^^^^^^^^
  File "/usr/lib/python3.12/ast.py", line 52, in parse
    return compile(source, filename, mode, flags,
           ^^^^^^^^^^^^^^^^^^^^^^^^^^^^^^^^^^^^^^
  File "<unknown>", line 14
    	if (___COMPLETE AQUI___):
    	    ^^^^^^^^^^^^^^^^^^^
SyntaxError: invalid syntax. Perhaps you forgot a comma?
2025-07-17 23:33:41,022 cblogger [ERROR]: 		Error while extracting code complexity metrics: invalid syntax (<unknown>, line 7)
Traceback (most recent call last):
  File "/root/trabalho_super/QuestionInsight/Etapa_1/codebench-mining-tool/util.py", line 551, in extract_complexity_metrics
    v = ComplexityVisitor.from_code(code)
        ^^^^^^^^^^^^^^^^^^^^^^^^^^^^^^^^^
  File "/root/trabalho_super/venv_jupyter/lib/python3.12/site-packages/radon/visitors.py", line 133, in from_code
    return cls.from_ast(code2ast(code), **kwargs)
                        ^^^^^^^^^^^^^^
  File "/root/trabalho_super/venv_jupyter/lib/python3.12/site-packages/radon/visitors.py", line 48, in code2ast
    return ast.parse(source)
           ^^^^^^^^^^^^^^^^^
  File "/usr/lib/python3.12/ast.py", line 52, in parse
    return compile(source, filename, mode, flags,
           ^^^^^^^^^^^^^^^^^^^^^^^^^^^^^^^^^^^^^^
  File "<unknown>", line 7
    p=2*x +
           ^
SyntaxError: invalid syntax
2025-07-17 23:33:41,023 cblogger [ERROR]: 		Error while extracting halsted code metrics: invalid syntax (<unknown>, line 7)
Traceback (most recent call last):
  File "/root/trabalho_super/QuestionInsight/Etapa_1/codebench-mining-tool/util.py", line 569, in extract_halstead_metrics
    h = h_visit(code)
        ^^^^^^^^^^^^^
  File "/root/trabalho_super/venv_jupyter/lib/python3.12/site-packages/radon/metrics.py", line 29, in h_visit
    return h_visit_ast(ast.parse(code))
                       ^^^^^^^^^^^^^^^
  File "/usr/lib/python3.12/ast.py", line 52, in parse
    return compile(source, filename, mode, flags,
           ^^^^^^^^^^^^^^^^^^^^^^^^^^^^^^^^^^^^^^
  File "<unknown>", line 7
    p=2*x +
           ^
SyntaxError: invalid syntax
2025-07-17 23:33:41,186 cblogger [ERROR]: 		Error while extracting code complexity metrics: invalid syntax (<unknown>, line 2)
Traceback (most recent call last):
  File "/root/trabalho_super/QuestionInsight/Etapa_1/codebench-mining-tool/util.py", line 551, in extract_complexity_metrics
    v = ComplexityVisitor.from_code(code)
        ^^^^^^^^^^^^^^^^^^^^^^^^^^^^^^^^^
  File "/root/trabalho_super/venv_jupyter/lib/python3.12/site-packages/radon/visitors.py", line 133, in from_code
    return cls.from_ast(code2ast(code), **kwargs)
                        ^^^^^^^^^^^^^^
  File "/root/trabalho_super/venv_jupyter/lib/python3.12/site-packages/radon/visitors.py", line 48, in code2ast
    return ast.parse(source)
           ^^^^^^^^^^^^^^^^^
  File "/usr/lib/python3.12/ast.py", line 52, in parse
    return compile(source, filename, mode, flags,
           ^^^^^^^^^^^^^^^^^^^^^^^^^^^^^^^^^^^^^^
  File "<unknown>", line 2
    numero de pessoas=int(input("numero de pessoas?: "))
           ^^
SyntaxError: invalid syntax
2025-07-17 23:33:41,187 cblogger [ERROR]: 		Error while extracting halsted code metrics: invalid syntax (<unknown>, line 2)
Traceback (most recent call last):
  File "/root/trabalho_super/QuestionInsight/Etapa_1/codebench-mining-tool/util.py", line 569, in extract_halstead_metrics
    h = h_visit(code)
        ^^^^^^^^^^^^^
  File "/root/trabalho_super/venv_jupyter/lib/python3.12/site-packages/radon/metrics.py", line 29, in h_visit
    return h_visit_ast(ast.parse(code))
                       ^^^^^^^^^^^^^^^
  File "/usr/lib/python3.12/ast.py", line 52, in parse
    return compile(source, filename, mode, flags,
           ^^^^^^^^^^^^^^^^^^^^^^^^^^^^^^^^^^^^^^
  File "<unknown>", line 2
    numero de pessoas=int(input("numero de pessoas?: "))
           ^^
SyntaxError: invalid syntax
2025-07-17 23:33:41,270 cblogger [ERROR]: 		Error while extracting code complexity metrics: invalid syntax (<unknown>, line 11)
Traceback (most recent call last):
  File "/root/trabalho_super/QuestionInsight/Etapa_1/codebench-mining-tool/util.py", line 551, in extract_complexity_metrics
    v = ComplexityVisitor.from_code(code)
        ^^^^^^^^^^^^^^^^^^^^^^^^^^^^^^^^^
  File "/root/trabalho_super/venv_jupyter/lib/python3.12/site-packages/radon/visitors.py", line 133, in from_code
    return cls.from_ast(code2ast(code), **kwargs)
                        ^^^^^^^^^^^^^^
  File "/root/trabalho_super/venv_jupyter/lib/python3.12/site-packages/radon/visitors.py", line 48, in code2ast
    return ast.parse(source)
           ^^^^^^^^^^^^^^^^^
  File "/usr/lib/python3.12/ast.py", line 52, in parse
    return compile(source, filename, mode, flags,
           ^^^^^^^^^^^^^^^^^^^^^^^^^^^^^^^^^^^^^^
  File "<unknown>", line 11
    	if(a=b=c):
    	    ^
SyntaxError: invalid syntax
2025-07-17 23:33:41,270 cblogger [ERROR]: 		Error while extracting halsted code metrics: invalid syntax (<unknown>, line 11)
Traceback (most recent call last):
  File "/root/trabalho_super/QuestionInsight/Etapa_1/codebench-mining-tool/util.py", line 569, in extract_halstead_metrics
    h = h_visit(code)
        ^^^^^^^^^^^^^
  File "/root/trabalho_super/venv_jupyter/lib/python3.12/site-packages/radon/metrics.py", line 29, in h_visit
    return h_visit_ast(ast.parse(code))
                       ^^^^^^^^^^^^^^^
  File "/usr/lib/python3.12/ast.py", line 52, in parse
    return compile(source, filename, mode, flags,
           ^^^^^^^^^^^^^^^^^^^^^^^^^^^^^^^^^^^^^^
  File "<unknown>", line 11
    	if(a=b=c):
    	    ^
SyntaxError: invalid syntax
2025-07-17 23:33:41,370 cblogger [ERROR]: 		Error while extracting code complexity metrics: invalid syntax (<unknown>, line 9)
Traceback (most recent call last):
  File "/root/trabalho_super/QuestionInsight/Etapa_1/codebench-mining-tool/util.py", line 551, in extract_complexity_metrics
    v = ComplexityVisitor.from_code(code)
        ^^^^^^^^^^^^^^^^^^^^^^^^^^^^^^^^^
  File "/root/trabalho_super/venv_jupyter/lib/python3.12/site-packages/radon/visitors.py", line 133, in from_code
    return cls.from_ast(code2ast(code), **kwargs)
                        ^^^^^^^^^^^^^^
  File "/root/trabalho_super/venv_jupyter/lib/python3.12/site-packages/radon/visitors.py", line 48, in code2ast
    return ast.parse(source)
           ^^^^^^^^^^^^^^^^^
  File "/usr/lib/python3.12/ast.py", line 52, in parse
    return compile(source, filename, mode, flags,
           ^^^^^^^^^^^^^^^^^^^^^^^^^^^^^^^^^^^^^^
  File "<unknown>", line 9
    	20*50+
    	      ^
SyntaxError: invalid syntax
2025-07-17 23:33:41,377 cblogger [ERROR]: 		Error while extracting halsted code metrics: invalid syntax (<unknown>, line 9)
Traceback (most recent call last):
  File "/root/trabalho_super/QuestionInsight/Etapa_1/codebench-mining-tool/util.py", line 569, in extract_halstead_metrics
    h = h_visit(code)
        ^^^^^^^^^^^^^
  File "/root/trabalho_super/venv_jupyter/lib/python3.12/site-packages/radon/metrics.py", line 29, in h_visit
    return h_visit_ast(ast.parse(code))
                       ^^^^^^^^^^^^^^^
  File "/usr/lib/python3.12/ast.py", line 52, in parse
    return compile(source, filename, mode, flags,
           ^^^^^^^^^^^^^^^^^^^^^^^^^^^^^^^^^^^^^^
  File "<unknown>", line 9
    	20*50+
    	      ^
SyntaxError: invalid syntax
2025-07-17 23:33:41,805 cblogger [ERROR]: 		Error while extracting code complexity metrics: expected an indented block after 'if' statement on line 7 (<unknown>, line 7)
Traceback (most recent call last):
  File "/root/trabalho_super/QuestionInsight/Etapa_1/codebench-mining-tool/util.py", line 551, in extract_complexity_metrics
    v = ComplexityVisitor.from_code(code)
        ^^^^^^^^^^^^^^^^^^^^^^^^^^^^^^^^^
  File "/root/trabalho_super/venv_jupyter/lib/python3.12/site-packages/radon/visitors.py", line 133, in from_code
    return cls.from_ast(code2ast(code), **kwargs)
                        ^^^^^^^^^^^^^^
  File "/root/trabalho_super/venv_jupyter/lib/python3.12/site-packages/radon/visitors.py", line 48, in code2ast
    return ast.parse(source)
           ^^^^^^^^^^^^^^^^^
  File "/usr/lib/python3.12/ast.py", line 52, in parse
    return compile(source, filename, mode, flags,
           ^^^^^^^^^^^^^^^^^^^^^^^^^^^^^^^^^^^^^^
  File "<unknown>", line 7
    if(a>0 and b>0 and c>0):
                            ^
IndentationError: expected an indented block after 'if' statement on line 7
2025-07-17 23:33:41,806 cblogger [ERROR]: 		Error while extracting halsted code metrics: expected an indented block after 'if' statement on line 7 (<unknown>, line 7)
Traceback (most recent call last):
  File "/root/trabalho_super/QuestionInsight/Etapa_1/codebench-mining-tool/util.py", line 569, in extract_halstead_metrics
    h = h_visit(code)
        ^^^^^^^^^^^^^
  File "/root/trabalho_super/venv_jupyter/lib/python3.12/site-packages/radon/metrics.py", line 29, in h_visit
    return h_visit_ast(ast.parse(code))
                       ^^^^^^^^^^^^^^^
  File "/usr/lib/python3.12/ast.py", line 52, in parse
    return compile(source, filename, mode, flags,
           ^^^^^^^^^^^^^^^^^^^^^^^^^^^^^^^^^^^^^^
  File "<unknown>", line 7
    if(a>0 and b>0 and c>0):
                            ^
IndentationError: expected an indented block after 'if' statement on line 7
2025-07-17 23:33:41,851 cblogger [ERROR]: 		Error while extracting code complexity metrics: invalid syntax (<unknown>, line 4)
Traceback (most recent call last):
  File "/root/trabalho_super/QuestionInsight/Etapa_1/codebench-mining-tool/util.py", line 551, in extract_complexity_metrics
    v = ComplexityVisitor.from_code(code)
        ^^^^^^^^^^^^^^^^^^^^^^^^^^^^^^^^^
  File "/root/trabalho_super/venv_jupyter/lib/python3.12/site-packages/radon/visitors.py", line 133, in from_code
    return cls.from_ast(code2ast(code), **kwargs)
                        ^^^^^^^^^^^^^^
  File "/root/trabalho_super/venv_jupyter/lib/python3.12/site-packages/radon/visitors.py", line 48, in code2ast
    return ast.parse(source)
           ^^^^^^^^^^^^^^^^^
  File "/usr/lib/python3.12/ast.py", line 52, in parse
    return compile(source, filename, mode, flags,
           ^^^^^^^^^^^^^^^^^^^^^^^^^^^^^^^^^^^^^^
  File "<unknown>", line 4
    nome do patrono = (input())
         ^^
SyntaxError: invalid syntax
2025-07-17 23:33:41,852 cblogger [ERROR]: 		Error while extracting halsted code metrics: invalid syntax (<unknown>, line 4)
Traceback (most recent call last):
  File "/root/trabalho_super/QuestionInsight/Etapa_1/codebench-mining-tool/util.py", line 569, in extract_halstead_metrics
    h = h_visit(code)
        ^^^^^^^^^^^^^
  File "/root/trabalho_super/venv_jupyter/lib/python3.12/site-packages/radon/metrics.py", line 29, in h_visit
    return h_visit_ast(ast.parse(code))
                       ^^^^^^^^^^^^^^^
  File "/usr/lib/python3.12/ast.py", line 52, in parse
    return compile(source, filename, mode, flags,
           ^^^^^^^^^^^^^^^^^^^^^^^^^^^^^^^^^^^^^^
  File "<unknown>", line 4
    nome do patrono = (input())
         ^^
SyntaxError: invalid syntax
2025-07-17 23:33:41,859 cblogger [ERROR]: 		Error while extracting code complexity metrics: Missing parentheses in call to 'print'. Did you mean print(...)? (<unknown>, line 6)
Traceback (most recent call last):
  File "/root/trabalho_super/QuestionInsight/Etapa_1/codebench-mining-tool/util.py", line 551, in extract_complexity_metrics
    v = ComplexityVisitor.from_code(code)
        ^^^^^^^^^^^^^^^^^^^^^^^^^^^^^^^^^
  File "/root/trabalho_super/venv_jupyter/lib/python3.12/site-packages/radon/visitors.py", line 133, in from_code
    return cls.from_ast(code2ast(code), **kwargs)
                        ^^^^^^^^^^^^^^
  File "/root/trabalho_super/venv_jupyter/lib/python3.12/site-packages/radon/visitors.py", line 48, in code2ast
    return ast.parse(source)
           ^^^^^^^^^^^^^^^^^
  File "/usr/lib/python3.12/ast.py", line 52, in parse
    return compile(source, filename, mode, flags,
           ^^^^^^^^^^^^^^^^^^^^^^^^^^^^^^^^^^^^^^
  File "<unknown>", line 6
    	print round(var2,2)
    	^^^^^^^^^^^^^^^^^^^
SyntaxError: Missing parentheses in call to 'print'. Did you mean print(...)?
2025-07-17 23:33:41,860 cblogger [ERROR]: 		Error while extracting halsted code metrics: Missing parentheses in call to 'print'. Did you mean print(...)? (<unknown>, line 6)
Traceback (most recent call last):
  File "/root/trabalho_super/QuestionInsight/Etapa_1/codebench-mining-tool/util.py", line 569, in extract_halstead_metrics
    h = h_visit(code)
        ^^^^^^^^^^^^^
  File "/root/trabalho_super/venv_jupyter/lib/python3.12/site-packages/radon/metrics.py", line 29, in h_visit
    return h_visit_ast(ast.parse(code))
                       ^^^^^^^^^^^^^^^
  File "/usr/lib/python3.12/ast.py", line 52, in parse
    return compile(source, filename, mode, flags,
           ^^^^^^^^^^^^^^^^^^^^^^^^^^^^^^^^^^^^^^
  File "<unknown>", line 6
    	print round(var2,2)
    	^^^^^^^^^^^^^^^^^^^
SyntaxError: Missing parentheses in call to 'print'. Did you mean print(...)?
2025-07-17 23:33:41,861 cblogger [ERROR]: 		Error while extracting code complexity metrics: Missing parentheses in call to 'print'. Did you mean print(...)? (<unknown>, line 5)
Traceback (most recent call last):
  File "/root/trabalho_super/QuestionInsight/Etapa_1/codebench-mining-tool/util.py", line 551, in extract_complexity_metrics
    v = ComplexityVisitor.from_code(code)
        ^^^^^^^^^^^^^^^^^^^^^^^^^^^^^^^^^
  File "/root/trabalho_super/venv_jupyter/lib/python3.12/site-packages/radon/visitors.py", line 133, in from_code
    return cls.from_ast(code2ast(code), **kwargs)
                        ^^^^^^^^^^^^^^
  File "/root/trabalho_super/venv_jupyter/lib/python3.12/site-packages/radon/visitors.py", line 48, in code2ast
    return ast.parse(source)
           ^^^^^^^^^^^^^^^^^
  File "/usr/lib/python3.12/ast.py", line 52, in parse
    return compile(source, filename, mode, flags,
           ^^^^^^^^^^^^^^^^^^^^^^^^^^^^^^^^^^^^^^
  File "<unknown>", line 5
    print round(total,7)
    ^^^^^^^^^^^^^^^^^^^^
SyntaxError: Missing parentheses in call to 'print'. Did you mean print(...)?
2025-07-17 23:33:41,862 cblogger [ERROR]: 		Error while extracting halsted code metrics: Missing parentheses in call to 'print'. Did you mean print(...)? (<unknown>, line 5)
Traceback (most recent call last):
  File "/root/trabalho_super/QuestionInsight/Etapa_1/codebench-mining-tool/util.py", line 569, in extract_halstead_metrics
    h = h_visit(code)
        ^^^^^^^^^^^^^
  File "/root/trabalho_super/venv_jupyter/lib/python3.12/site-packages/radon/metrics.py", line 29, in h_visit
    return h_visit_ast(ast.parse(code))
                       ^^^^^^^^^^^^^^^
  File "/usr/lib/python3.12/ast.py", line 52, in parse
    return compile(source, filename, mode, flags,
           ^^^^^^^^^^^^^^^^^^^^^^^^^^^^^^^^^^^^^^
  File "<unknown>", line 5
    print round(total,7)
    ^^^^^^^^^^^^^^^^^^^^
SyntaxError: Missing parentheses in call to 'print'. Did you mean print(...)?
2025-07-17 23:33:41,863 cblogger [ERROR]: 		Error while extracting code complexity metrics: cannot assign to expression (<unknown>, line 6)
Traceback (most recent call last):
  File "/root/trabalho_super/QuestionInsight/Etapa_1/codebench-mining-tool/util.py", line 551, in extract_complexity_metrics
    v = ComplexityVisitor.from_code(code)
        ^^^^^^^^^^^^^^^^^^^^^^^^^^^^^^^^^
  File "/root/trabalho_super/venv_jupyter/lib/python3.12/site-packages/radon/visitors.py", line 133, in from_code
    return cls.from_ast(code2ast(code), **kwargs)
                        ^^^^^^^^^^^^^^
  File "/root/trabalho_super/venv_jupyter/lib/python3.12/site-packages/radon/visitors.py", line 48, in code2ast
    return ast.parse(source)
           ^^^^^^^^^^^^^^^^^
  File "/usr/lib/python3.12/ast.py", line 52, in parse
    return compile(source, filename, mode, flags,
           ^^^^^^^^^^^^^^^^^^^^^^^^^^^^^^^^^^^^^^
  File "<unknown>", line 6
    equa = 2*var1+var2 = 3
           ^^^^^^^^^^^
SyntaxError: cannot assign to expression
2025-07-17 23:33:41,864 cblogger [ERROR]: 		Error while extracting halsted code metrics: cannot assign to expression (<unknown>, line 6)
Traceback (most recent call last):
  File "/root/trabalho_super/QuestionInsight/Etapa_1/codebench-mining-tool/util.py", line 569, in extract_halstead_metrics
    h = h_visit(code)
        ^^^^^^^^^^^^^
  File "/root/trabalho_super/venv_jupyter/lib/python3.12/site-packages/radon/metrics.py", line 29, in h_visit
    return h_visit_ast(ast.parse(code))
                       ^^^^^^^^^^^^^^^
  File "/usr/lib/python3.12/ast.py", line 52, in parse
    return compile(source, filename, mode, flags,
           ^^^^^^^^^^^^^^^^^^^^^^^^^^^^^^^^^^^^^^
  File "<unknown>", line 6
    equa = 2*var1+var2 = 3
           ^^^^^^^^^^^
SyntaxError: cannot assign to expression
2025-07-17 23:33:41,871 cblogger [ERROR]: 		Error while extracting code complexity metrics: cannot use starred expression here (<unknown>, line 2)
Traceback (most recent call last):
  File "/root/trabalho_super/QuestionInsight/Etapa_1/codebench-mining-tool/util.py", line 551, in extract_complexity_metrics
    v = ComplexityVisitor.from_code(code)
        ^^^^^^^^^^^^^^^^^^^^^^^^^^^^^^^^^
  File "/root/trabalho_super/venv_jupyter/lib/python3.12/site-packages/radon/visitors.py", line 133, in from_code
    return cls.from_ast(code2ast(code), **kwargs)
                        ^^^^^^^^^^^^^^
  File "/root/trabalho_super/venv_jupyter/lib/python3.12/site-packages/radon/visitors.py", line 48, in code2ast
    return ast.parse(source)
           ^^^^^^^^^^^^^^^^^
  File "/usr/lib/python3.12/ast.py", line 52, in parse
    return compile(source, filename, mode, flags,
           ^^^^^^^^^^^^^^^^^^^^^^^^^^^^^^^^^^^^^^
  File "<unknown>", line 2
    m1 = (*4)
          ^^
SyntaxError: cannot use starred expression here
2025-07-17 23:33:41,872 cblogger [ERROR]: 		Error while extracting halsted code metrics: cannot use starred expression here (<unknown>, line 2)
Traceback (most recent call last):
  File "/root/trabalho_super/QuestionInsight/Etapa_1/codebench-mining-tool/util.py", line 569, in extract_halstead_metrics
    h = h_visit(code)
        ^^^^^^^^^^^^^
  File "/root/trabalho_super/venv_jupyter/lib/python3.12/site-packages/radon/metrics.py", line 29, in h_visit
    return h_visit_ast(ast.parse(code))
                       ^^^^^^^^^^^^^^^
  File "/usr/lib/python3.12/ast.py", line 52, in parse
    return compile(source, filename, mode, flags,
           ^^^^^^^^^^^^^^^^^^^^^^^^^^^^^^^^^^^^^^
  File "<unknown>", line 2
    m1 = (*4)
          ^^
SyntaxError: cannot use starred expression here
2025-07-17 23:33:41,879 cblogger [ERROR]: 		Error while extracting code complexity metrics: expected an indented block after 'if' statement on line 5 (<unknown>, line 6)
Traceback (most recent call last):
  File "/root/trabalho_super/QuestionInsight/Etapa_1/codebench-mining-tool/util.py", line 551, in extract_complexity_metrics
    v = ComplexityVisitor.from_code(code)
        ^^^^^^^^^^^^^^^^^^^^^^^^^^^^^^^^^
  File "/root/trabalho_super/venv_jupyter/lib/python3.12/site-packages/radon/visitors.py", line 133, in from_code
    return cls.from_ast(code2ast(code), **kwargs)
                        ^^^^^^^^^^^^^^
  File "/root/trabalho_super/venv_jupyter/lib/python3.12/site-packages/radon/visitors.py", line 48, in code2ast
    return ast.parse(source)
           ^^^^^^^^^^^^^^^^^
  File "/usr/lib/python3.12/ast.py", line 52, in parse
    return compile(source, filename, mode, flags,
           ^^^^^^^^^^^^^^^^^^^^^^^^^^^^^^^^^^^^^^
  File "<unknown>", line 6
    print round(falta + equa1,2)
    ^^^^^
IndentationError: expected an indented block after 'if' statement on line 5
2025-07-17 23:33:41,880 cblogger [ERROR]: 		Error while extracting halsted code metrics: expected an indented block after 'if' statement on line 5 (<unknown>, line 6)
Traceback (most recent call last):
  File "/root/trabalho_super/QuestionInsight/Etapa_1/codebench-mining-tool/util.py", line 569, in extract_halstead_metrics
    h = h_visit(code)
        ^^^^^^^^^^^^^
  File "/root/trabalho_super/venv_jupyter/lib/python3.12/site-packages/radon/metrics.py", line 29, in h_visit
    return h_visit_ast(ast.parse(code))
                       ^^^^^^^^^^^^^^^
  File "/usr/lib/python3.12/ast.py", line 52, in parse
    return compile(source, filename, mode, flags,
           ^^^^^^^^^^^^^^^^^^^^^^^^^^^^^^^^^^^^^^
  File "<unknown>", line 6
    print round(falta + equa1,2)
    ^^^^^
IndentationError: expected an indented block after 'if' statement on line 5
2025-07-17 23:33:41,890 cblogger [ERROR]: 		Error while extracting code complexity metrics: invalid syntax. Maybe you meant '==' or ':=' instead of '='? (<unknown>, line 8)
Traceback (most recent call last):
  File "/root/trabalho_super/QuestionInsight/Etapa_1/codebench-mining-tool/util.py", line 551, in extract_complexity_metrics
    v = ComplexityVisitor.from_code(code)
        ^^^^^^^^^^^^^^^^^^^^^^^^^^^^^^^^^
  File "/root/trabalho_super/venv_jupyter/lib/python3.12/site-packages/radon/visitors.py", line 133, in from_code
    return cls.from_ast(code2ast(code), **kwargs)
                        ^^^^^^^^^^^^^^
  File "/root/trabalho_super/venv_jupyter/lib/python3.12/site-packages/radon/visitors.py", line 48, in code2ast
    return ast.parse(source)
           ^^^^^^^^^^^^^^^^^
  File "/usr/lib/python3.12/ast.py", line 52, in parse
    return compile(source, filename, mode, flags,
           ^^^^^^^^^^^^^^^^^^^^^^^^^^^^^^^^^^^^^^
  File "<unknown>", line 8
    elif(a=b!=c) and (b=c!=a) and (c=a!=b):
         ^^^
SyntaxError: invalid syntax. Maybe you meant '==' or ':=' instead of '='?
2025-07-17 23:33:41,891 cblogger [ERROR]: 		Error while extracting halsted code metrics: invalid syntax. Maybe you meant '==' or ':=' instead of '='? (<unknown>, line 8)
Traceback (most recent call last):
  File "/root/trabalho_super/QuestionInsight/Etapa_1/codebench-mining-tool/util.py", line 569, in extract_halstead_metrics
    h = h_visit(code)
        ^^^^^^^^^^^^^
  File "/root/trabalho_super/venv_jupyter/lib/python3.12/site-packages/radon/metrics.py", line 29, in h_visit
    return h_visit_ast(ast.parse(code))
                       ^^^^^^^^^^^^^^^
  File "/usr/lib/python3.12/ast.py", line 52, in parse
    return compile(source, filename, mode, flags,
           ^^^^^^^^^^^^^^^^^^^^^^^^^^^^^^^^^^^^^^
  File "<unknown>", line 8
    elif(a=b!=c) and (b=c!=a) and (c=a!=b):
         ^^^
SyntaxError: invalid syntax. Maybe you meant '==' or ':=' instead of '='?
2025-07-17 23:33:41,892 cblogger [ERROR]: 		Error while extracting code complexity metrics: Missing parentheses in call to 'print'. Did you mean print(...)? (<unknown>, line 5)
Traceback (most recent call last):
  File "/root/trabalho_super/QuestionInsight/Etapa_1/codebench-mining-tool/util.py", line 551, in extract_complexity_metrics
    v = ComplexityVisitor.from_code(code)
        ^^^^^^^^^^^^^^^^^^^^^^^^^^^^^^^^^
  File "/root/trabalho_super/venv_jupyter/lib/python3.12/site-packages/radon/visitors.py", line 133, in from_code
    return cls.from_ast(code2ast(code), **kwargs)
                        ^^^^^^^^^^^^^^
  File "/root/trabalho_super/venv_jupyter/lib/python3.12/site-packages/radon/visitors.py", line 48, in code2ast
    return ast.parse(source)
           ^^^^^^^^^^^^^^^^^
  File "/usr/lib/python3.12/ast.py", line 52, in parse
    return compile(source, filename, mode, flags,
           ^^^^^^^^^^^^^^^^^^^^^^^^^^^^^^^^^^^^^^
  File "<unknown>", line 5
    print round(total,2)
    ^^^^^^^^^^^^^^^^^^^^
SyntaxError: Missing parentheses in call to 'print'. Did you mean print(...)?
2025-07-17 23:33:41,893 cblogger [ERROR]: 		Error while extracting halsted code metrics: Missing parentheses in call to 'print'. Did you mean print(...)? (<unknown>, line 5)
Traceback (most recent call last):
  File "/root/trabalho_super/QuestionInsight/Etapa_1/codebench-mining-tool/util.py", line 569, in extract_halstead_metrics
    h = h_visit(code)
        ^^^^^^^^^^^^^
  File "/root/trabalho_super/venv_jupyter/lib/python3.12/site-packages/radon/metrics.py", line 29, in h_visit
    return h_visit_ast(ast.parse(code))
                       ^^^^^^^^^^^^^^^
  File "/usr/lib/python3.12/ast.py", line 52, in parse
    return compile(source, filename, mode, flags,
           ^^^^^^^^^^^^^^^^^^^^^^^^^^^^^^^^^^^^^^
  File "<unknown>", line 5
    print round(total,2)
    ^^^^^^^^^^^^^^^^^^^^
SyntaxError: Missing parentheses in call to 'print'. Did you mean print(...)?
2025-07-17 23:33:41,900 cblogger [ERROR]: 		Error while extracting code complexity metrics: Missing parentheses in call to 'print'. Did you mean print(...)? (<unknown>, line 4)
Traceback (most recent call last):
  File "/root/trabalho_super/QuestionInsight/Etapa_1/codebench-mining-tool/util.py", line 551, in extract_complexity_metrics
    v = ComplexityVisitor.from_code(code)
        ^^^^^^^^^^^^^^^^^^^^^^^^^^^^^^^^^
  File "/root/trabalho_super/venv_jupyter/lib/python3.12/site-packages/radon/visitors.py", line 133, in from_code
    return cls.from_ast(code2ast(code), **kwargs)
                        ^^^^^^^^^^^^^^
  File "/root/trabalho_super/venv_jupyter/lib/python3.12/site-packages/radon/visitors.py", line 48, in code2ast
    return ast.parse(source)
           ^^^^^^^^^^^^^^^^^
  File "/usr/lib/python3.12/ast.py", line 52, in parse
    return compile(source, filename, mode, flags,
           ^^^^^^^^^^^^^^^^^^^^^^^^^^^^^^^^^^^^^^
  File "<unknown>", line 4
    print round(total,3 "km/l")
    ^^^^^^^^^^^
SyntaxError: Missing parentheses in call to 'print'. Did you mean print(...)?
2025-07-17 23:33:41,901 cblogger [ERROR]: 		Error while extracting halsted code metrics: Missing parentheses in call to 'print'. Did you mean print(...)? (<unknown>, line 4)
Traceback (most recent call last):
  File "/root/trabalho_super/QuestionInsight/Etapa_1/codebench-mining-tool/util.py", line 569, in extract_halstead_metrics
    h = h_visit(code)
        ^^^^^^^^^^^^^
  File "/root/trabalho_super/venv_jupyter/lib/python3.12/site-packages/radon/metrics.py", line 29, in h_visit
    return h_visit_ast(ast.parse(code))
                       ^^^^^^^^^^^^^^^
  File "/usr/lib/python3.12/ast.py", line 52, in parse
    return compile(source, filename, mode, flags,
           ^^^^^^^^^^^^^^^^^^^^^^^^^^^^^^^^^^^^^^
  File "<unknown>", line 4
    print round(total,3 "km/l")
    ^^^^^^^^^^^
SyntaxError: Missing parentheses in call to 'print'. Did you mean print(...)?
2025-07-17 23:33:41,928 cblogger [ERROR]: 		Error while extracting code complexity metrics: invalid syntax (<unknown>, line 1)
Traceback (most recent call last):
  File "/root/trabalho_super/QuestionInsight/Etapa_1/codebench-mining-tool/util.py", line 551, in extract_complexity_metrics
    v = ComplexityVisitor.from_code(code)
        ^^^^^^^^^^^^^^^^^^^^^^^^^^^^^^^^^
  File "/root/trabalho_super/venv_jupyter/lib/python3.12/site-packages/radon/visitors.py", line 133, in from_code
    return cls.from_ast(code2ast(code), **kwargs)
                        ^^^^^^^^^^^^^^
  File "/root/trabalho_super/venv_jupyter/lib/python3.12/site-packages/radon/visitors.py", line 48, in code2ast
    return ast.parse(source)
           ^^^^^^^^^^^^^^^^^
  File "/usr/lib/python3.12/ast.py", line 52, in parse
    return compile(source, filename, mode, flags,
           ^^^^^^^^^^^^^^^^^^^^^^^^^^^^^^^^^^^^^^
  File "<unknown>", line 1
    var1 = 
           ^
SyntaxError: invalid syntax
2025-07-17 23:33:41,929 cblogger [ERROR]: 		Error while extracting halsted code metrics: invalid syntax (<unknown>, line 1)
Traceback (most recent call last):
  File "/root/trabalho_super/QuestionInsight/Etapa_1/codebench-mining-tool/util.py", line 569, in extract_halstead_metrics
    h = h_visit(code)
        ^^^^^^^^^^^^^
  File "/root/trabalho_super/venv_jupyter/lib/python3.12/site-packages/radon/metrics.py", line 29, in h_visit
    return h_visit_ast(ast.parse(code))
                       ^^^^^^^^^^^^^^^
  File "/usr/lib/python3.12/ast.py", line 52, in parse
    return compile(source, filename, mode, flags,
           ^^^^^^^^^^^^^^^^^^^^^^^^^^^^^^^^^^^^^^
  File "<unknown>", line 1
    var1 = 
           ^
SyntaxError: invalid syntax
2025-07-17 23:33:41,951 cblogger [ERROR]: 		Error while extracting code complexity metrics: invalid syntax (<unknown>, line 3)
Traceback (most recent call last):
  File "/root/trabalho_super/QuestionInsight/Etapa_1/codebench-mining-tool/util.py", line 551, in extract_complexity_metrics
    v = ComplexityVisitor.from_code(code)
        ^^^^^^^^^^^^^^^^^^^^^^^^^^^^^^^^^
  File "/root/trabalho_super/venv_jupyter/lib/python3.12/site-packages/radon/visitors.py", line 133, in from_code
    return cls.from_ast(code2ast(code), **kwargs)
                        ^^^^^^^^^^^^^^
  File "/root/trabalho_super/venv_jupyter/lib/python3.12/site-packages/radon/visitors.py", line 48, in code2ast
    return ast.parse(source)
           ^^^^^^^^^^^^^^^^^
  File "/usr/lib/python3.12/ast.py", line 52, in parse
    return compile(source, filename, mode, flags,
           ^^^^^^^^^^^^^^^^^^^^^^^^^^^^^^^^^^^^^^
  File "<unknown>", line 3
    if = ()
       ^
SyntaxError: invalid syntax
2025-07-17 23:33:41,951 cblogger [ERROR]: 		Error while extracting halsted code metrics: invalid syntax (<unknown>, line 3)
Traceback (most recent call last):
  File "/root/trabalho_super/QuestionInsight/Etapa_1/codebench-mining-tool/util.py", line 569, in extract_halstead_metrics
    h = h_visit(code)
        ^^^^^^^^^^^^^
  File "/root/trabalho_super/venv_jupyter/lib/python3.12/site-packages/radon/metrics.py", line 29, in h_visit
    return h_visit_ast(ast.parse(code))
                       ^^^^^^^^^^^^^^^
  File "/usr/lib/python3.12/ast.py", line 52, in parse
    return compile(source, filename, mode, flags,
           ^^^^^^^^^^^^^^^^^^^^^^^^^^^^^^^^^^^^^^
  File "<unknown>", line 3
    if = ()
       ^
SyntaxError: invalid syntax
2025-07-17 23:33:42,089 cblogger [ERROR]: 		Error while extracting code complexity metrics: invalid syntax (<unknown>, line 4)
Traceback (most recent call last):
  File "/root/trabalho_super/QuestionInsight/Etapa_1/codebench-mining-tool/util.py", line 551, in extract_complexity_metrics
    v = ComplexityVisitor.from_code(code)
        ^^^^^^^^^^^^^^^^^^^^^^^^^^^^^^^^^
  File "/root/trabalho_super/venv_jupyter/lib/python3.12/site-packages/radon/visitors.py", line 133, in from_code
    return cls.from_ast(code2ast(code), **kwargs)
                        ^^^^^^^^^^^^^^
  File "/root/trabalho_super/venv_jupyter/lib/python3.12/site-packages/radon/visitors.py", line 48, in code2ast
    return ast.parse(source)
           ^^^^^^^^^^^^^^^^^
  File "/usr/lib/python3.12/ast.py", line 52, in parse
    return compile(source, filename, mode, flags,
           ^^^^^^^^^^^^^^^^^^^^^^^^^^^^^^^^^^^^^^
  File "<unknown>", line 4
    var1 = 
           ^
SyntaxError: invalid syntax
2025-07-17 23:33:42,089 cblogger [ERROR]: 		Error while extracting halsted code metrics: invalid syntax (<unknown>, line 4)
Traceback (most recent call last):
  File "/root/trabalho_super/QuestionInsight/Etapa_1/codebench-mining-tool/util.py", line 569, in extract_halstead_metrics
    h = h_visit(code)
        ^^^^^^^^^^^^^
  File "/root/trabalho_super/venv_jupyter/lib/python3.12/site-packages/radon/metrics.py", line 29, in h_visit
    return h_visit_ast(ast.parse(code))
                       ^^^^^^^^^^^^^^^
  File "/usr/lib/python3.12/ast.py", line 52, in parse
    return compile(source, filename, mode, flags,
           ^^^^^^^^^^^^^^^^^^^^^^^^^^^^^^^^^^^^^^
  File "<unknown>", line 4
    var1 = 
           ^
SyntaxError: invalid syntax
2025-07-17 23:33:42,210 cblogger [ERROR]: 		Error while extracting code complexity metrics: invalid syntax. Perhaps you forgot a comma? (<unknown>, line 10)
Traceback (most recent call last):
  File "/root/trabalho_super/QuestionInsight/Etapa_1/codebench-mining-tool/util.py", line 551, in extract_complexity_metrics
    v = ComplexityVisitor.from_code(code)
        ^^^^^^^^^^^^^^^^^^^^^^^^^^^^^^^^^
  File "/root/trabalho_super/venv_jupyter/lib/python3.12/site-packages/radon/visitors.py", line 133, in from_code
    return cls.from_ast(code2ast(code), **kwargs)
                        ^^^^^^^^^^^^^^
  File "/root/trabalho_super/venv_jupyter/lib/python3.12/site-packages/radon/visitors.py", line 48, in code2ast
    return ast.parse(source)
           ^^^^^^^^^^^^^^^^^
  File "/usr/lib/python3.12/ast.py", line 52, in parse
    return compile(source, filename, mode, flags,
           ^^^^^^^^^^^^^^^^^^^^^^^^^^^^^^^^^^^^^^
  File "<unknown>", line 10
    print("Entradas:"+a"," b ","c)
          ^^^^^^^^^^^^^^^^
SyntaxError: invalid syntax. Perhaps you forgot a comma?
2025-07-17 23:33:42,211 cblogger [ERROR]: 		Error while extracting halsted code metrics: invalid syntax. Perhaps you forgot a comma? (<unknown>, line 10)
Traceback (most recent call last):
  File "/root/trabalho_super/QuestionInsight/Etapa_1/codebench-mining-tool/util.py", line 569, in extract_halstead_metrics
    h = h_visit(code)
        ^^^^^^^^^^^^^
  File "/root/trabalho_super/venv_jupyter/lib/python3.12/site-packages/radon/metrics.py", line 29, in h_visit
    return h_visit_ast(ast.parse(code))
                       ^^^^^^^^^^^^^^^
  File "/usr/lib/python3.12/ast.py", line 52, in parse
    return compile(source, filename, mode, flags,
           ^^^^^^^^^^^^^^^^^^^^^^^^^^^^^^^^^^^^^^
  File "<unknown>", line 10
    print("Entradas:"+a"," b ","c)
          ^^^^^^^^^^^^^^^^
SyntaxError: invalid syntax. Perhaps you forgot a comma?
2025-07-17 23:33:42,391 cblogger [ERROR]: 		Error while extracting code complexity metrics: cannot assign to expression here. Maybe you meant '==' instead of '='? (<unknown>, line 1)
Traceback (most recent call last):
  File "/root/trabalho_super/QuestionInsight/Etapa_1/codebench-mining-tool/util.py", line 551, in extract_complexity_metrics
    v = ComplexityVisitor.from_code(code)
        ^^^^^^^^^^^^^^^^^^^^^^^^^^^^^^^^^
  File "/root/trabalho_super/venv_jupyter/lib/python3.12/site-packages/radon/visitors.py", line 133, in from_code
    return cls.from_ast(code2ast(code), **kwargs)
                        ^^^^^^^^^^^^^^
  File "/root/trabalho_super/venv_jupyter/lib/python3.12/site-packages/radon/visitors.py", line 48, in code2ast
    return ast.parse(source)
           ^^^^^^^^^^^^^^^^^
  File "/usr/lib/python3.12/ast.py", line 52, in parse
    return compile(source, filename, mode, flags,
           ^^^^^^^^^^^^^^^^^^^^^^^^^^^^^^^^^^^^^^
  File "<unknown>", line 1
    victor-bia = 7.2
    ^^^^^^^^^^
SyntaxError: cannot assign to expression here. Maybe you meant '==' instead of '='?
2025-07-17 23:33:42,391 cblogger [ERROR]: 		Error while extracting halsted code metrics: cannot assign to expression here. Maybe you meant '==' instead of '='? (<unknown>, line 1)
Traceback (most recent call last):
  File "/root/trabalho_super/QuestionInsight/Etapa_1/codebench-mining-tool/util.py", line 569, in extract_halstead_metrics
    h = h_visit(code)
        ^^^^^^^^^^^^^
  File "/root/trabalho_super/venv_jupyter/lib/python3.12/site-packages/radon/metrics.py", line 29, in h_visit
    return h_visit_ast(ast.parse(code))
                       ^^^^^^^^^^^^^^^
  File "/usr/lib/python3.12/ast.py", line 52, in parse
    return compile(source, filename, mode, flags,
           ^^^^^^^^^^^^^^^^^^^^^^^^^^^^^^^^^^^^^^
  File "<unknown>", line 1
    victor-bia = 7.2
    ^^^^^^^^^^
SyntaxError: cannot assign to expression here. Maybe you meant '==' instead of '='?
2025-07-17 23:33:42,434 cblogger [ERROR]: 		Error while extracting code complexity metrics: invalid syntax. Perhaps you forgot a comma? (<unknown>, line 3)
Traceback (most recent call last):
  File "/root/trabalho_super/QuestionInsight/Etapa_1/codebench-mining-tool/util.py", line 551, in extract_complexity_metrics
    v = ComplexityVisitor.from_code(code)
        ^^^^^^^^^^^^^^^^^^^^^^^^^^^^^^^^^
  File "/root/trabalho_super/venv_jupyter/lib/python3.12/site-packages/radon/visitors.py", line 133, in from_code
    return cls.from_ast(code2ast(code), **kwargs)
                        ^^^^^^^^^^^^^^
  File "/root/trabalho_super/venv_jupyter/lib/python3.12/site-packages/radon/visitors.py", line 48, in code2ast
    return ast.parse(source)
           ^^^^^^^^^^^^^^^^^
  File "/usr/lib/python3.12/ast.py", line 52, in parse
    return compile(source, filename, mode, flags,
           ^^^^^^^^^^^^^^^^^^^^^^^^^^^^^^^^^^^^^^
  File "<unknown>", line 3
    if(opcao em "S"):
       ^^^^^^^^
SyntaxError: invalid syntax. Perhaps you forgot a comma?
2025-07-17 23:33:42,435 cblogger [ERROR]: 		Error while extracting halsted code metrics: invalid syntax. Perhaps you forgot a comma? (<unknown>, line 3)
Traceback (most recent call last):
  File "/root/trabalho_super/QuestionInsight/Etapa_1/codebench-mining-tool/util.py", line 569, in extract_halstead_metrics
    h = h_visit(code)
        ^^^^^^^^^^^^^
  File "/root/trabalho_super/venv_jupyter/lib/python3.12/site-packages/radon/metrics.py", line 29, in h_visit
    return h_visit_ast(ast.parse(code))
                       ^^^^^^^^^^^^^^^
  File "/usr/lib/python3.12/ast.py", line 52, in parse
    return compile(source, filename, mode, flags,
           ^^^^^^^^^^^^^^^^^^^^^^^^^^^^^^^^^^^^^^
  File "<unknown>", line 3
    if(opcao em "S"):
       ^^^^^^^^
SyntaxError: invalid syntax. Perhaps you forgot a comma?
2025-07-17 23:33:42,458 cblogger [ERROR]: 		Error while extracting code complexity metrics: '(' was never closed (<unknown>, line 1)
Traceback (most recent call last):
  File "/root/trabalho_super/QuestionInsight/Etapa_1/codebench-mining-tool/util.py", line 551, in extract_complexity_metrics
    v = ComplexityVisitor.from_code(code)
        ^^^^^^^^^^^^^^^^^^^^^^^^^^^^^^^^^
  File "/root/trabalho_super/venv_jupyter/lib/python3.12/site-packages/radon/visitors.py", line 133, in from_code
    return cls.from_ast(code2ast(code), **kwargs)
                        ^^^^^^^^^^^^^^
  File "/root/trabalho_super/venv_jupyter/lib/python3.12/site-packages/radon/visitors.py", line 48, in code2ast
    return ast.parse(source)
           ^^^^^^^^^^^^^^^^^
  File "/usr/lib/python3.12/ast.py", line 52, in parse
    return compile(source, filename, mode, flags,
           ^^^^^^^^^^^^^^^^^^^^^^^^^^^^^^^^^^^^^^
  File "<unknown>", line 1
    n= int(input("numero?")
          ^
SyntaxError: '(' was never closed
2025-07-17 23:33:42,458 cblogger [ERROR]: 		Error while extracting code size based metrics: SyntaxError at line: 1
Traceback (most recent call last):
  File "/root/trabalho_super/venv_jupyter/lib/python3.12/site-packages/radon/raw.py", line 210, in analyze
    tokens, parsed_lines = _get_all_tokens(line, lines)
                           ^^^^^^^^^^^^^^^^^^^^^^^^^^^^
  File "/root/trabalho_super/venv_jupyter/lib/python3.12/site-packages/radon/raw.py", line 117, in _get_all_tokens
    next_line = next(lines)
                ^^^^^^^^^^^
StopIteration

During handling of the above exception, another exception occurred:

Traceback (most recent call last):
  File "/root/trabalho_super/QuestionInsight/Etapa_1/codebench-mining-tool/util.py", line 560, in extract_size_metrics
    a = analyze(code)
        ^^^^^^^^^^^^^
  File "/root/trabalho_super/venv_jupyter/lib/python3.12/site-packages/radon/raw.py", line 212, in analyze
    raise SyntaxError('SyntaxError at line: {0}'.format(lineno))
SyntaxError: SyntaxError at line: 1
2025-07-17 23:33:42,460 cblogger [ERROR]: 		Error while extracting halsted code metrics: '(' was never closed (<unknown>, line 1)
Traceback (most recent call last):
  File "/root/trabalho_super/QuestionInsight/Etapa_1/codebench-mining-tool/util.py", line 569, in extract_halstead_metrics
    h = h_visit(code)
        ^^^^^^^^^^^^^
  File "/root/trabalho_super/venv_jupyter/lib/python3.12/site-packages/radon/metrics.py", line 29, in h_visit
    return h_visit_ast(ast.parse(code))
                       ^^^^^^^^^^^^^^^
  File "/usr/lib/python3.12/ast.py", line 52, in parse
    return compile(source, filename, mode, flags,
           ^^^^^^^^^^^^^^^^^^^^^^^^^^^^^^^^^^^^^^
  File "<unknown>", line 1
    n= int(input("numero?")
          ^
SyntaxError: '(' was never closed
2025-07-17 23:33:42,708 cblogger [ERROR]: 		Error while extracting code complexity metrics: expected an indented block after 'if' statement on line 10 (<unknown>, line 11)
Traceback (most recent call last):
  File "/root/trabalho_super/QuestionInsight/Etapa_1/codebench-mining-tool/util.py", line 551, in extract_complexity_metrics
    v = ComplexityVisitor.from_code(code)
        ^^^^^^^^^^^^^^^^^^^^^^^^^^^^^^^^^
  File "/root/trabalho_super/venv_jupyter/lib/python3.12/site-packages/radon/visitors.py", line 133, in from_code
    return cls.from_ast(code2ast(code), **kwargs)
                        ^^^^^^^^^^^^^^
  File "/root/trabalho_super/venv_jupyter/lib/python3.12/site-packages/radon/visitors.py", line 48, in code2ast
    return ast.parse(source)
           ^^^^^^^^^^^^^^^^^
  File "/usr/lib/python3.12/ast.py", line 52, in parse
    return compile(source, filename, mode, flags,
           ^^^^^^^^^^^^^^^^^^^^^^^^^^^^^^^^^^^^^^
  File "<unknown>", line 11
    	s = (a + b + c) / 2.0
    	^
IndentationError: expected an indented block after 'if' statement on line 10
2025-07-17 23:33:42,709 cblogger [ERROR]: 		Error while extracting halsted code metrics: expected an indented block after 'if' statement on line 10 (<unknown>, line 11)
Traceback (most recent call last):
  File "/root/trabalho_super/QuestionInsight/Etapa_1/codebench-mining-tool/util.py", line 569, in extract_halstead_metrics
    h = h_visit(code)
        ^^^^^^^^^^^^^
  File "/root/trabalho_super/venv_jupyter/lib/python3.12/site-packages/radon/metrics.py", line 29, in h_visit
    return h_visit_ast(ast.parse(code))
                       ^^^^^^^^^^^^^^^
  File "/usr/lib/python3.12/ast.py", line 52, in parse
    return compile(source, filename, mode, flags,
           ^^^^^^^^^^^^^^^^^^^^^^^^^^^^^^^^^^^^^^
  File "<unknown>", line 11
    	s = (a + b + c) / 2.0
    	^
IndentationError: expected an indented block after 'if' statement on line 10
2025-07-17 23:33:43,027 cblogger [ERROR]: 		Error while extracting code complexity metrics: invalid syntax (<unknown>, line 15)
Traceback (most recent call last):
  File "/root/trabalho_super/QuestionInsight/Etapa_1/codebench-mining-tool/util.py", line 551, in extract_complexity_metrics
    v = ComplexityVisitor.from_code(code)
        ^^^^^^^^^^^^^^^^^^^^^^^^^^^^^^^^^
  File "/root/trabalho_super/venv_jupyter/lib/python3.12/site-packages/radon/visitors.py", line 133, in from_code
    return cls.from_ast(code2ast(code), **kwargs)
                        ^^^^^^^^^^^^^^
  File "/root/trabalho_super/venv_jupyter/lib/python3.12/site-packages/radon/visitors.py", line 48, in code2ast
    return ast.parse(source)
           ^^^^^^^^^^^^^^^^^
  File "/usr/lib/python3.12/ast.py", line 52, in parse
    return compile(source, filename, mode, flags,
           ^^^^^^^^^^^^^^^^^^^^^^^^^^^^^^^^^^^^^^
  File "<unknown>", line 15
    	if (a>=b+c or b>=a+c or c>=):
    	                           ^
SyntaxError: invalid syntax
2025-07-17 23:33:43,029 cblogger [ERROR]: 		Error while extracting halsted code metrics: invalid syntax (<unknown>, line 15)
Traceback (most recent call last):
  File "/root/trabalho_super/QuestionInsight/Etapa_1/codebench-mining-tool/util.py", line 569, in extract_halstead_metrics
    h = h_visit(code)
        ^^^^^^^^^^^^^
  File "/root/trabalho_super/venv_jupyter/lib/python3.12/site-packages/radon/metrics.py", line 29, in h_visit
    return h_visit_ast(ast.parse(code))
                       ^^^^^^^^^^^^^^^
  File "/usr/lib/python3.12/ast.py", line 52, in parse
    return compile(source, filename, mode, flags,
           ^^^^^^^^^^^^^^^^^^^^^^^^^^^^^^^^^^^^^^
  File "<unknown>", line 15
    	if (a>=b+c or b>=a+c or c>=):
    	                           ^
SyntaxError: invalid syntax
2025-07-17 23:33:43,386 cblogger [ERROR]: 		Error while extracting code complexity metrics: invalid syntax (<unknown>, line 7)
Traceback (most recent call last):
  File "/root/trabalho_super/QuestionInsight/Etapa_1/codebench-mining-tool/util.py", line 551, in extract_complexity_metrics
    v = ComplexityVisitor.from_code(code)
        ^^^^^^^^^^^^^^^^^^^^^^^^^^^^^^^^^
  File "/root/trabalho_super/venv_jupyter/lib/python3.12/site-packages/radon/visitors.py", line 133, in from_code
    return cls.from_ast(code2ast(code), **kwargs)
                        ^^^^^^^^^^^^^^
  File "/root/trabalho_super/venv_jupyter/lib/python3.12/site-packages/radon/visitors.py", line 48, in code2ast
    return ast.parse(source)
           ^^^^^^^^^^^^^^^^^
  File "/usr/lib/python3.12/ast.py", line 52, in parse
    return compile(source, filename, mode, flags,
           ^^^^^^^^^^^^^^^^^^^^^^^^^^^^^^^^^^^^^^
  File "<unknown>", line 7
    elif(delta > 0 or delta < 0):
    ^^^^
SyntaxError: invalid syntax
2025-07-17 23:33:43,387 cblogger [ERROR]: 		Error while extracting halsted code metrics: invalid syntax (<unknown>, line 7)
Traceback (most recent call last):
  File "/root/trabalho_super/QuestionInsight/Etapa_1/codebench-mining-tool/util.py", line 569, in extract_halstead_metrics
    h = h_visit(code)
        ^^^^^^^^^^^^^
  File "/root/trabalho_super/venv_jupyter/lib/python3.12/site-packages/radon/metrics.py", line 29, in h_visit
    return h_visit_ast(ast.parse(code))
                       ^^^^^^^^^^^^^^^
  File "/usr/lib/python3.12/ast.py", line 52, in parse
    return compile(source, filename, mode, flags,
           ^^^^^^^^^^^^^^^^^^^^^^^^^^^^^^^^^^^^^^
  File "<unknown>", line 7
    elif(delta > 0 or delta < 0):
    ^^^^
SyntaxError: invalid syntax
2025-07-17 23:33:43,399 cblogger [ERROR]: 		Error while extracting code complexity metrics: invalid syntax (<unknown>, line 5)
Traceback (most recent call last):
  File "/root/trabalho_super/QuestionInsight/Etapa_1/codebench-mining-tool/util.py", line 551, in extract_complexity_metrics
    v = ComplexityVisitor.from_code(code)
        ^^^^^^^^^^^^^^^^^^^^^^^^^^^^^^^^^
  File "/root/trabalho_super/venv_jupyter/lib/python3.12/site-packages/radon/visitors.py", line 133, in from_code
    return cls.from_ast(code2ast(code), **kwargs)
                        ^^^^^^^^^^^^^^
  File "/root/trabalho_super/venv_jupyter/lib/python3.12/site-packages/radon/visitors.py", line 48, in code2ast
    return ast.parse(source)
           ^^^^^^^^^^^^^^^^^
  File "/usr/lib/python3.12/ast.py", line 52, in parse
    return compile(source, filename, mode, flags,
           ^^^^^^^^^^^^^^^^^^^^^^^^^^^^^^^^^^^^^^
  File "<unknown>", line 5
    vidarestante = 
                   ^
SyntaxError: invalid syntax
2025-07-17 23:33:43,400 cblogger [ERROR]: 		Error while extracting halsted code metrics: invalid syntax (<unknown>, line 5)
Traceback (most recent call last):
  File "/root/trabalho_super/QuestionInsight/Etapa_1/codebench-mining-tool/util.py", line 569, in extract_halstead_metrics
    h = h_visit(code)
        ^^^^^^^^^^^^^
  File "/root/trabalho_super/venv_jupyter/lib/python3.12/site-packages/radon/metrics.py", line 29, in h_visit
    return h_visit_ast(ast.parse(code))
                       ^^^^^^^^^^^^^^^
  File "/usr/lib/python3.12/ast.py", line 52, in parse
    return compile(source, filename, mode, flags,
           ^^^^^^^^^^^^^^^^^^^^^^^^^^^^^^^^^^^^^^
  File "<unknown>", line 5
    vidarestante = 
                   ^
SyntaxError: invalid syntax
2025-07-17 23:33:43,783 cblogger [ERROR]: 		Error while extracting code complexity metrics: '(' was never closed (<unknown>, line 7)
Traceback (most recent call last):
  File "/root/trabalho_super/QuestionInsight/Etapa_1/codebench-mining-tool/util.py", line 551, in extract_complexity_metrics
    v = ComplexityVisitor.from_code(code)
        ^^^^^^^^^^^^^^^^^^^^^^^^^^^^^^^^^
  File "/root/trabalho_super/venv_jupyter/lib/python3.12/site-packages/radon/visitors.py", line 133, in from_code
    return cls.from_ast(code2ast(code), **kwargs)
                        ^^^^^^^^^^^^^^
  File "/root/trabalho_super/venv_jupyter/lib/python3.12/site-packages/radon/visitors.py", line 48, in code2ast
    return ast.parse(source)
           ^^^^^^^^^^^^^^^^^
  File "/usr/lib/python3.12/ast.py", line 52, in parse
    return compile(source, filename, mode, flags,
           ^^^^^^^^^^^^^^^^^^^^^^^^^^^^^^^^^^^^^^
  File "<unknown>", line 7
    print(round(m, 7)
         ^
SyntaxError: '(' was never closed
2025-07-17 23:33:43,783 cblogger [ERROR]: 		Error while extracting code size based metrics: SyntaxError at line: 7
Traceback (most recent call last):
  File "/root/trabalho_super/venv_jupyter/lib/python3.12/site-packages/radon/raw.py", line 210, in analyze
    tokens, parsed_lines = _get_all_tokens(line, lines)
                           ^^^^^^^^^^^^^^^^^^^^^^^^^^^^
  File "/root/trabalho_super/venv_jupyter/lib/python3.12/site-packages/radon/raw.py", line 117, in _get_all_tokens
    next_line = next(lines)
                ^^^^^^^^^^^
StopIteration

During handling of the above exception, another exception occurred:

Traceback (most recent call last):
  File "/root/trabalho_super/QuestionInsight/Etapa_1/codebench-mining-tool/util.py", line 560, in extract_size_metrics
    a = analyze(code)
        ^^^^^^^^^^^^^
  File "/root/trabalho_super/venv_jupyter/lib/python3.12/site-packages/radon/raw.py", line 212, in analyze
    raise SyntaxError('SyntaxError at line: {0}'.format(lineno))
SyntaxError: SyntaxError at line: 7
2025-07-17 23:33:43,784 cblogger [ERROR]: 		Error while extracting halsted code metrics: '(' was never closed (<unknown>, line 7)
Traceback (most recent call last):
  File "/root/trabalho_super/QuestionInsight/Etapa_1/codebench-mining-tool/util.py", line 569, in extract_halstead_metrics
    h = h_visit(code)
        ^^^^^^^^^^^^^
  File "/root/trabalho_super/venv_jupyter/lib/python3.12/site-packages/radon/metrics.py", line 29, in h_visit
    return h_visit_ast(ast.parse(code))
                       ^^^^^^^^^^^^^^^
  File "/usr/lib/python3.12/ast.py", line 52, in parse
    return compile(source, filename, mode, flags,
           ^^^^^^^^^^^^^^^^^^^^^^^^^^^^^^^^^^^^^^
  File "<unknown>", line 7
    print(round(m, 7)
         ^
SyntaxError: '(' was never closed
2025-07-17 23:33:43,822 cblogger [ERROR]: 		Error while extracting code complexity metrics: invalid syntax (<unknown>, line 1)
Traceback (most recent call last):
  File "/root/trabalho_super/QuestionInsight/Etapa_1/codebench-mining-tool/util.py", line 551, in extract_complexity_metrics
    v = ComplexityVisitor.from_code(code)
        ^^^^^^^^^^^^^^^^^^^^^^^^^^^^^^^^^
  File "/root/trabalho_super/venv_jupyter/lib/python3.12/site-packages/radon/visitors.py", line 133, in from_code
    return cls.from_ast(code2ast(code), **kwargs)
                        ^^^^^^^^^^^^^^
  File "/root/trabalho_super/venv_jupyter/lib/python3.12/site-packages/radon/visitors.py", line 48, in code2ast
    return ast.parse(source)
           ^^^^^^^^^^^^^^^^^
  File "/usr/lib/python3.12/ast.py", line 52, in parse
    return compile(source, filename, mode, flags,
           ^^^^^^^^^^^^^^^^^^^^^^^^^^^^^^^^^^^^^^
  File "<unknown>", line 1
    from math imput
              ^^^^^
SyntaxError: invalid syntax
2025-07-17 23:33:43,823 cblogger [ERROR]: 		Error while extracting halsted code metrics: invalid syntax (<unknown>, line 1)
Traceback (most recent call last):
  File "/root/trabalho_super/QuestionInsight/Etapa_1/codebench-mining-tool/util.py", line 569, in extract_halstead_metrics
    h = h_visit(code)
        ^^^^^^^^^^^^^
  File "/root/trabalho_super/venv_jupyter/lib/python3.12/site-packages/radon/metrics.py", line 29, in h_visit
    return h_visit_ast(ast.parse(code))
                       ^^^^^^^^^^^^^^^
  File "/usr/lib/python3.12/ast.py", line 52, in parse
    return compile(source, filename, mode, flags,
           ^^^^^^^^^^^^^^^^^^^^^^^^^^^^^^^^^^^^^^
  File "<unknown>", line 1
    from math imput
              ^^^^^
SyntaxError: invalid syntax
2025-07-17 23:33:43,843 cblogger [ERROR]: 		Error while extracting code complexity metrics: invalid syntax (<unknown>, line 1)
Traceback (most recent call last):
  File "/root/trabalho_super/QuestionInsight/Etapa_1/codebench-mining-tool/util.py", line 551, in extract_complexity_metrics
    v = ComplexityVisitor.from_code(code)
        ^^^^^^^^^^^^^^^^^^^^^^^^^^^^^^^^^
  File "/root/trabalho_super/venv_jupyter/lib/python3.12/site-packages/radon/visitors.py", line 133, in from_code
    return cls.from_ast(code2ast(code), **kwargs)
                        ^^^^^^^^^^^^^^
  File "/root/trabalho_super/venv_jupyter/lib/python3.12/site-packages/radon/visitors.py", line 48, in code2ast
    return ast.parse(source)
           ^^^^^^^^^^^^^^^^^
  File "/usr/lib/python3.12/ast.py", line 52, in parse
    return compile(source, filename, mode, flags,
           ^^^^^^^^^^^^^^^^^^^^^^^^^^^^^^^^^^^^^^
  File "<unknown>", line 1
    input = 
            ^
SyntaxError: invalid syntax
2025-07-17 23:33:43,843 cblogger [ERROR]: 		Error while extracting halsted code metrics: invalid syntax (<unknown>, line 1)
Traceback (most recent call last):
  File "/root/trabalho_super/QuestionInsight/Etapa_1/codebench-mining-tool/util.py", line 569, in extract_halstead_metrics
    h = h_visit(code)
        ^^^^^^^^^^^^^
  File "/root/trabalho_super/venv_jupyter/lib/python3.12/site-packages/radon/metrics.py", line 29, in h_visit
    return h_visit_ast(ast.parse(code))
                       ^^^^^^^^^^^^^^^
  File "/usr/lib/python3.12/ast.py", line 52, in parse
    return compile(source, filename, mode, flags,
           ^^^^^^^^^^^^^^^^^^^^^^^^^^^^^^^^^^^^^^
  File "<unknown>", line 1
    input = 
            ^
SyntaxError: invalid syntax
2025-07-17 23:33:44,504 cblogger [ERROR]: 		Error while extracting code complexity metrics: unmatched ')' (<unknown>, line 4)
Traceback (most recent call last):
  File "/root/trabalho_super/QuestionInsight/Etapa_1/codebench-mining-tool/util.py", line 551, in extract_complexity_metrics
    v = ComplexityVisitor.from_code(code)
        ^^^^^^^^^^^^^^^^^^^^^^^^^^^^^^^^^
  File "/root/trabalho_super/venv_jupyter/lib/python3.12/site-packages/radon/visitors.py", line 133, in from_code
    return cls.from_ast(code2ast(code), **kwargs)
                        ^^^^^^^^^^^^^^
  File "/root/trabalho_super/venv_jupyter/lib/python3.12/site-packages/radon/visitors.py", line 48, in code2ast
    return ast.parse(source)
           ^^^^^^^^^^^^^^^^^
  File "/usr/lib/python3.12/ast.py", line 52, in parse
    return compile(source, filename, mode, flags,
           ^^^^^^^^^^^^^^^^^^^^^^^^^^^^^^^^^^^^^^
  File "<unknown>", line 4
    printquantidade*preco + frete)
                                 ^
SyntaxError: unmatched ')'
2025-07-17 23:33:44,509 cblogger [ERROR]: 		Error while extracting halsted code metrics: unmatched ')' (<unknown>, line 4)
Traceback (most recent call last):
  File "/root/trabalho_super/QuestionInsight/Etapa_1/codebench-mining-tool/util.py", line 569, in extract_halstead_metrics
    h = h_visit(code)
        ^^^^^^^^^^^^^
  File "/root/trabalho_super/venv_jupyter/lib/python3.12/site-packages/radon/metrics.py", line 29, in h_visit
    return h_visit_ast(ast.parse(code))
                       ^^^^^^^^^^^^^^^
  File "/usr/lib/python3.12/ast.py", line 52, in parse
    return compile(source, filename, mode, flags,
           ^^^^^^^^^^^^^^^^^^^^^^^^^^^^^^^^^^^^^^
  File "<unknown>", line 4
    printquantidade*preco + frete)
                                 ^
SyntaxError: unmatched ')'
2025-07-17 23:33:44,879 cblogger [ERROR]: 		Error while extracting code complexity metrics: invalid syntax (<unknown>, line 5)
Traceback (most recent call last):
  File "/root/trabalho_super/QuestionInsight/Etapa_1/codebench-mining-tool/util.py", line 551, in extract_complexity_metrics
    v = ComplexityVisitor.from_code(code)
        ^^^^^^^^^^^^^^^^^^^^^^^^^^^^^^^^^
  File "/root/trabalho_super/venv_jupyter/lib/python3.12/site-packages/radon/visitors.py", line 133, in from_code
    return cls.from_ast(code2ast(code), **kwargs)
                        ^^^^^^^^^^^^^^
  File "/root/trabalho_super/venv_jupyter/lib/python3.12/site-packages/radon/visitors.py", line 48, in code2ast
    return ast.parse(source)
           ^^^^^^^^^^^^^^^^^
  File "/usr/lib/python3.12/ast.py", line 52, in parse
    return compile(source, filename, mode, flags,
           ^^^^^^^^^^^^^^^^^^^^^^^^^^^^^^^^^^^^^^
  File "<unknown>", line 5
    ????? = f???t(input("Qual o valor unitario do jogo? "))
    ^
SyntaxError: invalid syntax
2025-07-17 23:33:44,879 cblogger [ERROR]: 		Error while extracting halsted code metrics: invalid syntax (<unknown>, line 5)
Traceback (most recent call last):
  File "/root/trabalho_super/QuestionInsight/Etapa_1/codebench-mining-tool/util.py", line 569, in extract_halstead_metrics
    h = h_visit(code)
        ^^^^^^^^^^^^^
  File "/root/trabalho_super/venv_jupyter/lib/python3.12/site-packages/radon/metrics.py", line 29, in h_visit
    return h_visit_ast(ast.parse(code))
                       ^^^^^^^^^^^^^^^
  File "/usr/lib/python3.12/ast.py", line 52, in parse
    return compile(source, filename, mode, flags,
           ^^^^^^^^^^^^^^^^^^^^^^^^^^^^^^^^^^^^^^
  File "<unknown>", line 5
    ????? = f???t(input("Qual o valor unitario do jogo? "))
    ^
SyntaxError: invalid syntax
2025-07-17 23:33:44,886 cblogger [ERROR]: 		Error while extracting code token based metrics: 55
Traceback (most recent call last):
  File "/root/trabalho_super/QuestionInsight/Etapa_1/codebench-mining-tool/util.py", line 633, in extract_token_metrics
    setattr(obj, TOKEN_NAMES[k], v)
                 ~~~~~~~~~~~^^^
KeyError: 55
2025-07-17 23:33:44,920 cblogger [ERROR]: 		Error while extracting code complexity metrics: unexpected indent (<unknown>, line 5)
Traceback (most recent call last):
  File "/root/trabalho_super/QuestionInsight/Etapa_1/codebench-mining-tool/util.py", line 551, in extract_complexity_metrics
    v = ComplexityVisitor.from_code(code)
        ^^^^^^^^^^^^^^^^^^^^^^^^^^^^^^^^^
  File "/root/trabalho_super/venv_jupyter/lib/python3.12/site-packages/radon/visitors.py", line 133, in from_code
    return cls.from_ast(code2ast(code), **kwargs)
                        ^^^^^^^^^^^^^^
  File "/root/trabalho_super/venv_jupyter/lib/python3.12/site-packages/radon/visitors.py", line 48, in code2ast
    return ast.parse(source)
           ^^^^^^^^^^^^^^^^^
  File "/usr/lib/python3.12/ast.py", line 52, in parse
    return compile(source, filename, mode, flags,
           ^^^^^^^^^^^^^^^^^^^^^^^^^^^^^^^^^^^^^^
  File "<unknown>", line 5
    	n3 = n2 + n1
    ^
IndentationError: unexpected indent
2025-07-17 23:33:44,925 cblogger [ERROR]: 		Error while extracting halsted code metrics: unexpected indent (<unknown>, line 5)
Traceback (most recent call last):
  File "/root/trabalho_super/QuestionInsight/Etapa_1/codebench-mining-tool/util.py", line 569, in extract_halstead_metrics
    h = h_visit(code)
        ^^^^^^^^^^^^^
  File "/root/trabalho_super/venv_jupyter/lib/python3.12/site-packages/radon/metrics.py", line 29, in h_visit
    return h_visit_ast(ast.parse(code))
                       ^^^^^^^^^^^^^^^
  File "/usr/lib/python3.12/ast.py", line 52, in parse
    return compile(source, filename, mode, flags,
           ^^^^^^^^^^^^^^^^^^^^^^^^^^^^^^^^^^^^^^
  File "<unknown>", line 5
    	n3 = n2 + n1
    ^
IndentationError: unexpected indent
2025-07-17 23:33:44,955 cblogger [ERROR]: 		Error while extracting code complexity metrics: invalid syntax (<unknown>, line 3)
Traceback (most recent call last):
  File "/root/trabalho_super/QuestionInsight/Etapa_1/codebench-mining-tool/util.py", line 551, in extract_complexity_metrics
    v = ComplexityVisitor.from_code(code)
        ^^^^^^^^^^^^^^^^^^^^^^^^^^^^^^^^^
  File "/root/trabalho_super/venv_jupyter/lib/python3.12/site-packages/radon/visitors.py", line 133, in from_code
    return cls.from_ast(code2ast(code), **kwargs)
                        ^^^^^^^^^^^^^^
  File "/root/trabalho_super/venv_jupyter/lib/python3.12/site-packages/radon/visitors.py", line 48, in code2ast
    return ast.parse(source)
           ^^^^^^^^^^^^^^^^^
  File "/usr/lib/python3.12/ast.py", line 52, in parse
    return compile(source, filename, mode, flags,
           ^^^^^^^^^^^^^^^^^^^^^^^^^^^^^^^^^^^^^^
  File "<unknown>", line 3
    a = 
        ^
SyntaxError: invalid syntax
2025-07-17 23:33:44,956 cblogger [ERROR]: 		Error while extracting halsted code metrics: invalid syntax (<unknown>, line 3)
Traceback (most recent call last):
  File "/root/trabalho_super/QuestionInsight/Etapa_1/codebench-mining-tool/util.py", line 569, in extract_halstead_metrics
    h = h_visit(code)
        ^^^^^^^^^^^^^
  File "/root/trabalho_super/venv_jupyter/lib/python3.12/site-packages/radon/metrics.py", line 29, in h_visit
    return h_visit_ast(ast.parse(code))
                       ^^^^^^^^^^^^^^^
  File "/usr/lib/python3.12/ast.py", line 52, in parse
    return compile(source, filename, mode, flags,
           ^^^^^^^^^^^^^^^^^^^^^^^^^^^^^^^^^^^^^^
  File "<unknown>", line 3
    a = 
        ^
SyntaxError: invalid syntax
2025-07-17 23:33:45,016 cblogger [ERROR]: 		Error while extracting code complexity metrics: invalid syntax (<unknown>, line 6)
Traceback (most recent call last):
  File "/root/trabalho_super/QuestionInsight/Etapa_1/codebench-mining-tool/util.py", line 551, in extract_complexity_metrics
    v = ComplexityVisitor.from_code(code)
        ^^^^^^^^^^^^^^^^^^^^^^^^^^^^^^^^^
  File "/root/trabalho_super/venv_jupyter/lib/python3.12/site-packages/radon/visitors.py", line 133, in from_code
    return cls.from_ast(code2ast(code), **kwargs)
                        ^^^^^^^^^^^^^^
  File "/root/trabalho_super/venv_jupyter/lib/python3.12/site-packages/radon/visitors.py", line 48, in code2ast
    return ast.parse(source)
           ^^^^^^^^^^^^^^^^^
  File "/usr/lib/python3.12/ast.py", line 52, in parse
    return compile(source, filename, mode, flags,
           ^^^^^^^^^^^^^^^^^^^^^^^^^^^^^^^^^^^^^^
  File "<unknown>", line 6
    tot =
         ^
SyntaxError: invalid syntax
2025-07-17 23:33:45,017 cblogger [ERROR]: 		Error while extracting halsted code metrics: invalid syntax (<unknown>, line 6)
Traceback (most recent call last):
  File "/root/trabalho_super/QuestionInsight/Etapa_1/codebench-mining-tool/util.py", line 569, in extract_halstead_metrics
    h = h_visit(code)
        ^^^^^^^^^^^^^
  File "/root/trabalho_super/venv_jupyter/lib/python3.12/site-packages/radon/metrics.py", line 29, in h_visit
    return h_visit_ast(ast.parse(code))
                       ^^^^^^^^^^^^^^^
  File "/usr/lib/python3.12/ast.py", line 52, in parse
    return compile(source, filename, mode, flags,
           ^^^^^^^^^^^^^^^^^^^^^^^^^^^^^^^^^^^^^^
  File "<unknown>", line 6
    tot =
         ^
SyntaxError: invalid syntax
2025-07-17 23:33:45,044 cblogger [ERROR]: 		Error while extracting code complexity metrics: invalid syntax (<unknown>, line 15)
Traceback (most recent call last):
  File "/root/trabalho_super/QuestionInsight/Etapa_1/codebench-mining-tool/util.py", line 551, in extract_complexity_metrics
    v = ComplexityVisitor.from_code(code)
        ^^^^^^^^^^^^^^^^^^^^^^^^^^^^^^^^^
  File "/root/trabalho_super/venv_jupyter/lib/python3.12/site-packages/radon/visitors.py", line 133, in from_code
    return cls.from_ast(code2ast(code), **kwargs)
                        ^^^^^^^^^^^^^^
  File "/root/trabalho_super/venv_jupyter/lib/python3.12/site-packages/radon/visitors.py", line 48, in code2ast
    return ast.parse(source)
           ^^^^^^^^^^^^^^^^^
  File "/usr/lib/python3.12/ast.py", line 52, in parse
    return compile(source, filename, mode, flags,
           ^^^^^^^^^^^^^^^^^^^^^^^^^^^^^^^^^^^^^^
  File "<unknown>", line 15
    else:
    ^^^^
SyntaxError: invalid syntax
2025-07-17 23:33:45,045 cblogger [ERROR]: 		Error while extracting halsted code metrics: invalid syntax (<unknown>, line 15)
Traceback (most recent call last):
  File "/root/trabalho_super/QuestionInsight/Etapa_1/codebench-mining-tool/util.py", line 569, in extract_halstead_metrics
    h = h_visit(code)
        ^^^^^^^^^^^^^
  File "/root/trabalho_super/venv_jupyter/lib/python3.12/site-packages/radon/metrics.py", line 29, in h_visit
    return h_visit_ast(ast.parse(code))
                       ^^^^^^^^^^^^^^^
  File "/usr/lib/python3.12/ast.py", line 52, in parse
    return compile(source, filename, mode, flags,
           ^^^^^^^^^^^^^^^^^^^^^^^^^^^^^^^^^^^^^^
  File "<unknown>", line 15
    else:
    ^^^^
SyntaxError: invalid syntax
2025-07-17 23:33:45,844 cblogger [ERROR]: 		Error while extracting code complexity metrics: invalid character '–' (U+2013) (<unknown>, line 2)
Traceback (most recent call last):
  File "/root/trabalho_super/QuestionInsight/Etapa_1/codebench-mining-tool/util.py", line 551, in extract_complexity_metrics
    v = ComplexityVisitor.from_code(code)
        ^^^^^^^^^^^^^^^^^^^^^^^^^^^^^^^^^
  File "/root/trabalho_super/venv_jupyter/lib/python3.12/site-packages/radon/visitors.py", line 133, in from_code
    return cls.from_ast(code2ast(code), **kwargs)
                        ^^^^^^^^^^^^^^
  File "/root/trabalho_super/venv_jupyter/lib/python3.12/site-packages/radon/visitors.py", line 48, in code2ast
    return ast.parse(source)
           ^^^^^^^^^^^^^^^^^
  File "/usr/lib/python3.12/ast.py", line 52, in parse
    return compile(source, filename, mode, flags,
           ^^^^^^^^^^^^^^^^^^^^^^^^^^^^^^^^^^^^^^
  File "<unknown>", line 2
    expressão = 30 – (3 ** 2) + 8 // (3 ** 2) * 10
                   ^
SyntaxError: invalid character '–' (U+2013)
2025-07-17 23:33:45,845 cblogger [ERROR]: 		Error while extracting halsted code metrics: invalid character '–' (U+2013) (<unknown>, line 2)
Traceback (most recent call last):
  File "/root/trabalho_super/QuestionInsight/Etapa_1/codebench-mining-tool/util.py", line 569, in extract_halstead_metrics
    h = h_visit(code)
        ^^^^^^^^^^^^^
  File "/root/trabalho_super/venv_jupyter/lib/python3.12/site-packages/radon/metrics.py", line 29, in h_visit
    return h_visit_ast(ast.parse(code))
                       ^^^^^^^^^^^^^^^
  File "/usr/lib/python3.12/ast.py", line 52, in parse
    return compile(source, filename, mode, flags,
           ^^^^^^^^^^^^^^^^^^^^^^^^^^^^^^^^^^^^^^
  File "<unknown>", line 2
    expressão = 30 – (3 ** 2) + 8 // (3 ** 2) * 10
                   ^
SyntaxError: invalid character '–' (U+2013)
2025-07-17 23:33:45,862 cblogger [ERROR]: 		Error while extracting code complexity metrics: '(' was never closed (<unknown>, line 9)
Traceback (most recent call last):
  File "/root/trabalho_super/QuestionInsight/Etapa_1/codebench-mining-tool/util.py", line 551, in extract_complexity_metrics
    v = ComplexityVisitor.from_code(code)
        ^^^^^^^^^^^^^^^^^^^^^^^^^^^^^^^^^
  File "/root/trabalho_super/venv_jupyter/lib/python3.12/site-packages/radon/visitors.py", line 133, in from_code
    return cls.from_ast(code2ast(code), **kwargs)
                        ^^^^^^^^^^^^^^
  File "/root/trabalho_super/venv_jupyter/lib/python3.12/site-packages/radon/visitors.py", line 48, in code2ast
    return ast.parse(source)
           ^^^^^^^^^^^^^^^^^
  File "/usr/lib/python3.12/ast.py", line 52, in parse
    return compile(source, filename, mode, flags,
           ^^^^^^^^^^^^^^^^^^^^^^^^^^^^^^^^^^^^^^
  File "<unknown>", line 9
    D = R*(math.acos*(math.sin(t1)*math.sin(t2))+(math.cos(t1)*math.cos(t2))*(math.cos(g1-g2))
          ^
SyntaxError: '(' was never closed
2025-07-17 23:33:45,863 cblogger [ERROR]: 		Error while extracting code size based metrics: SyntaxError at line: 9
Traceback (most recent call last):
  File "/root/trabalho_super/venv_jupyter/lib/python3.12/site-packages/radon/raw.py", line 210, in analyze
    tokens, parsed_lines = _get_all_tokens(line, lines)
                           ^^^^^^^^^^^^^^^^^^^^^^^^^^^^
  File "/root/trabalho_super/venv_jupyter/lib/python3.12/site-packages/radon/raw.py", line 117, in _get_all_tokens
    next_line = next(lines)
                ^^^^^^^^^^^
StopIteration

During handling of the above exception, another exception occurred:

Traceback (most recent call last):
  File "/root/trabalho_super/QuestionInsight/Etapa_1/codebench-mining-tool/util.py", line 560, in extract_size_metrics
    a = analyze(code)
        ^^^^^^^^^^^^^
  File "/root/trabalho_super/venv_jupyter/lib/python3.12/site-packages/radon/raw.py", line 212, in analyze
    raise SyntaxError('SyntaxError at line: {0}'.format(lineno))
SyntaxError: SyntaxError at line: 9
2025-07-17 23:33:45,863 cblogger [ERROR]: 		Error while extracting halsted code metrics: '(' was never closed (<unknown>, line 9)
Traceback (most recent call last):
  File "/root/trabalho_super/QuestionInsight/Etapa_1/codebench-mining-tool/util.py", line 569, in extract_halstead_metrics
    h = h_visit(code)
        ^^^^^^^^^^^^^
  File "/root/trabalho_super/venv_jupyter/lib/python3.12/site-packages/radon/metrics.py", line 29, in h_visit
    return h_visit_ast(ast.parse(code))
                       ^^^^^^^^^^^^^^^
  File "/usr/lib/python3.12/ast.py", line 52, in parse
    return compile(source, filename, mode, flags,
           ^^^^^^^^^^^^^^^^^^^^^^^^^^^^^^^^^^^^^^
  File "<unknown>", line 9
    D = R*(math.acos*(math.sin(t1)*math.sin(t2))+(math.cos(t1)*math.cos(t2))*(math.cos(g1-g2))
          ^
SyntaxError: '(' was never closed
2025-07-17 23:33:46,792 cblogger [ERROR]: 		Error while extracting code complexity metrics: expected an indented block after 'if' statement on line 9 (<unknown>, line 10)
Traceback (most recent call last):
  File "/root/trabalho_super/QuestionInsight/Etapa_1/codebench-mining-tool/util.py", line 551, in extract_complexity_metrics
    v = ComplexityVisitor.from_code(code)
        ^^^^^^^^^^^^^^^^^^^^^^^^^^^^^^^^^
  File "/root/trabalho_super/venv_jupyter/lib/python3.12/site-packages/radon/visitors.py", line 133, in from_code
    return cls.from_ast(code2ast(code), **kwargs)
                        ^^^^^^^^^^^^^^
  File "/root/trabalho_super/venv_jupyter/lib/python3.12/site-packages/radon/visitors.py", line 48, in code2ast
    return ast.parse(source)
           ^^^^^^^^^^^^^^^^^
  File "/usr/lib/python3.12/ast.py", line 52, in parse
    return compile(source, filename, mode, flags,
           ^^^^^^^^^^^^^^^^^^^^^^^^^^^^^^^^^^^^^^
  File "<unknown>", line 10
    	print("Entrada: ",ced)
    	^^^^^
IndentationError: expected an indented block after 'if' statement on line 9
2025-07-17 23:33:46,793 cblogger [ERROR]: 		Error while extracting halsted code metrics: expected an indented block after 'if' statement on line 9 (<unknown>, line 10)
Traceback (most recent call last):
  File "/root/trabalho_super/QuestionInsight/Etapa_1/codebench-mining-tool/util.py", line 569, in extract_halstead_metrics
    h = h_visit(code)
        ^^^^^^^^^^^^^
  File "/root/trabalho_super/venv_jupyter/lib/python3.12/site-packages/radon/metrics.py", line 29, in h_visit
    return h_visit_ast(ast.parse(code))
                       ^^^^^^^^^^^^^^^
  File "/usr/lib/python3.12/ast.py", line 52, in parse
    return compile(source, filename, mode, flags,
           ^^^^^^^^^^^^^^^^^^^^^^^^^^^^^^^^^^^^^^
  File "<unknown>", line 10
    	print("Entrada: ",ced)
    	^^^^^
IndentationError: expected an indented block after 'if' statement on line 9
2025-07-17 23:33:46,825 cblogger [ERROR]: 		Error while extracting code complexity metrics: invalid syntax (<unknown>, line 9)
Traceback (most recent call last):
  File "/root/trabalho_super/QuestionInsight/Etapa_1/codebench-mining-tool/util.py", line 551, in extract_complexity_metrics
    v = ComplexityVisitor.from_code(code)
        ^^^^^^^^^^^^^^^^^^^^^^^^^^^^^^^^^
  File "/root/trabalho_super/venv_jupyter/lib/python3.12/site-packages/radon/visitors.py", line 133, in from_code
    return cls.from_ast(code2ast(code), **kwargs)
                        ^^^^^^^^^^^^^^
  File "/root/trabalho_super/venv_jupyter/lib/python3.12/site-packages/radon/visitors.py", line 48, in code2ast
    return ast.parse(source)
           ^^^^^^^^^^^^^^^^^
  File "/usr/lib/python3.12/ast.py", line 52, in parse
    return compile(source, filename, mode, flags,
           ^^^^^^^^^^^^^^^^^^^^^^^^^^^^^^^^^^^^^^
  File "<unknown>", line 9
    if(dist==abs(r-dist):
                        ^
SyntaxError: invalid syntax
2025-07-17 23:33:46,828 cblogger [ERROR]: 		Error while extracting code size based metrics: SyntaxError at line: 9
Traceback (most recent call last):
  File "/root/trabalho_super/venv_jupyter/lib/python3.12/site-packages/radon/raw.py", line 210, in analyze
    tokens, parsed_lines = _get_all_tokens(line, lines)
                           ^^^^^^^^^^^^^^^^^^^^^^^^^^^^
  File "/root/trabalho_super/venv_jupyter/lib/python3.12/site-packages/radon/raw.py", line 117, in _get_all_tokens
    next_line = next(lines)
                ^^^^^^^^^^^
StopIteration

During handling of the above exception, another exception occurred:

Traceback (most recent call last):
  File "/root/trabalho_super/QuestionInsight/Etapa_1/codebench-mining-tool/util.py", line 560, in extract_size_metrics
    a = analyze(code)
        ^^^^^^^^^^^^^
  File "/root/trabalho_super/venv_jupyter/lib/python3.12/site-packages/radon/raw.py", line 212, in analyze
    raise SyntaxError('SyntaxError at line: {0}'.format(lineno))
SyntaxError: SyntaxError at line: 9
2025-07-17 23:33:46,830 cblogger [ERROR]: 		Error while extracting halsted code metrics: invalid syntax (<unknown>, line 9)
Traceback (most recent call last):
  File "/root/trabalho_super/QuestionInsight/Etapa_1/codebench-mining-tool/util.py", line 569, in extract_halstead_metrics
    h = h_visit(code)
        ^^^^^^^^^^^^^
  File "/root/trabalho_super/venv_jupyter/lib/python3.12/site-packages/radon/metrics.py", line 29, in h_visit
    return h_visit_ast(ast.parse(code))
                       ^^^^^^^^^^^^^^^
  File "/usr/lib/python3.12/ast.py", line 52, in parse
    return compile(source, filename, mode, flags,
           ^^^^^^^^^^^^^^^^^^^^^^^^^^^^^^^^^^^^^^
  File "<unknown>", line 9
    if(dist==abs(r-dist):
                        ^
SyntaxError: invalid syntax
2025-07-17 23:33:46,902 cblogger [ERROR]: 		Error while extracting code complexity metrics: invalid syntax (<unknown>, line 10)
Traceback (most recent call last):
  File "/root/trabalho_super/QuestionInsight/Etapa_1/codebench-mining-tool/util.py", line 551, in extract_complexity_metrics
    v = ComplexityVisitor.from_code(code)
        ^^^^^^^^^^^^^^^^^^^^^^^^^^^^^^^^^
  File "/root/trabalho_super/venv_jupyter/lib/python3.12/site-packages/radon/visitors.py", line 133, in from_code
    return cls.from_ast(code2ast(code), **kwargs)
                        ^^^^^^^^^^^^^^
  File "/root/trabalho_super/venv_jupyter/lib/python3.12/site-packages/radon/visitors.py", line 48, in code2ast
    return ast.parse(source)
           ^^^^^^^^^^^^^^^^^
  File "/usr/lib/python3.12/ast.py", line 52, in parse
    return compile(source, filename, mode, flags,
           ^^^^^^^^^^^^^^^^^^^^^^^^^^^^^^^^^^^^^^
  File "<unknown>", line 10
    	mensagem = Troco de , y 
    	                 ^^
SyntaxError: invalid syntax
2025-07-17 23:33:46,903 cblogger [ERROR]: 		Error while extracting halsted code metrics: invalid syntax (<unknown>, line 10)
Traceback (most recent call last):
  File "/root/trabalho_super/QuestionInsight/Etapa_1/codebench-mining-tool/util.py", line 569, in extract_halstead_metrics
    h = h_visit(code)
        ^^^^^^^^^^^^^
  File "/root/trabalho_super/venv_jupyter/lib/python3.12/site-packages/radon/metrics.py", line 29, in h_visit
    return h_visit_ast(ast.parse(code))
                       ^^^^^^^^^^^^^^^
  File "/usr/lib/python3.12/ast.py", line 52, in parse
    return compile(source, filename, mode, flags,
           ^^^^^^^^^^^^^^^^^^^^^^^^^^^^^^^^^^^^^^
  File "<unknown>", line 10
    	mensagem = Troco de , y 
    	                 ^^
SyntaxError: invalid syntax
2025-07-17 23:33:46,914 cblogger [ERROR]: 		Error while extracting code complexity metrics: unmatched ')' (<unknown>, line 3)
Traceback (most recent call last):
  File "/root/trabalho_super/QuestionInsight/Etapa_1/codebench-mining-tool/util.py", line 551, in extract_complexity_metrics
    v = ComplexityVisitor.from_code(code)
        ^^^^^^^^^^^^^^^^^^^^^^^^^^^^^^^^^
  File "/root/trabalho_super/venv_jupyter/lib/python3.12/site-packages/radon/visitors.py", line 133, in from_code
    return cls.from_ast(code2ast(code), **kwargs)
                        ^^^^^^^^^^^^^^
  File "/root/trabalho_super/venv_jupyter/lib/python3.12/site-packages/radon/visitors.py", line 48, in code2ast
    return ast.parse(source)
           ^^^^^^^^^^^^^^^^^
  File "/usr/lib/python3.12/ast.py", line 52, in parse
    return compile(source, filename, mode, flags,
           ^^^^^^^^^^^^^^^^^^^^^^^^^^^^^^^^^^^^^^
  File "<unknown>", line 3
    var p = 1 - (a/365-n)) * (1/b)
                         ^
SyntaxError: unmatched ')'
2025-07-17 23:33:46,915 cblogger [ERROR]: 		Error while extracting halsted code metrics: unmatched ')' (<unknown>, line 3)
Traceback (most recent call last):
  File "/root/trabalho_super/QuestionInsight/Etapa_1/codebench-mining-tool/util.py", line 569, in extract_halstead_metrics
    h = h_visit(code)
        ^^^^^^^^^^^^^
  File "/root/trabalho_super/venv_jupyter/lib/python3.12/site-packages/radon/metrics.py", line 29, in h_visit
    return h_visit_ast(ast.parse(code))
                       ^^^^^^^^^^^^^^^
  File "/usr/lib/python3.12/ast.py", line 52, in parse
    return compile(source, filename, mode, flags,
           ^^^^^^^^^^^^^^^^^^^^^^^^^^^^^^^^^^^^^^
  File "<unknown>", line 3
    var p = 1 - (a/365-n)) * (1/b)
                         ^
SyntaxError: unmatched ')'
2025-07-17 23:33:46,978 cblogger [ERROR]: 		Error while extracting code complexity metrics: invalid syntax (<unknown>, line 3)
Traceback (most recent call last):
  File "/root/trabalho_super/QuestionInsight/Etapa_1/codebench-mining-tool/util.py", line 551, in extract_complexity_metrics
    v = ComplexityVisitor.from_code(code)
        ^^^^^^^^^^^^^^^^^^^^^^^^^^^^^^^^^
  File "/root/trabalho_super/venv_jupyter/lib/python3.12/site-packages/radon/visitors.py", line 133, in from_code
    return cls.from_ast(code2ast(code), **kwargs)
                        ^^^^^^^^^^^^^^
  File "/root/trabalho_super/venv_jupyter/lib/python3.12/site-packages/radon/visitors.py", line 48, in code2ast
    return ast.parse(source)
           ^^^^^^^^^^^^^^^^^
  File "/usr/lib/python3.12/ast.py", line 52, in parse
    return compile(source, filename, mode, flags,
           ^^^^^^^^^^^^^^^^^^^^^^^^^^^^^^^^^^^^^^
  File "<unknown>", line 3
    total2 = total1 + 
                      ^
SyntaxError: invalid syntax
2025-07-17 23:33:46,979 cblogger [ERROR]: 		Error while extracting halsted code metrics: invalid syntax (<unknown>, line 3)
Traceback (most recent call last):
  File "/root/trabalho_super/QuestionInsight/Etapa_1/codebench-mining-tool/util.py", line 569, in extract_halstead_metrics
    h = h_visit(code)
        ^^^^^^^^^^^^^
  File "/root/trabalho_super/venv_jupyter/lib/python3.12/site-packages/radon/metrics.py", line 29, in h_visit
    return h_visit_ast(ast.parse(code))
                       ^^^^^^^^^^^^^^^
  File "/usr/lib/python3.12/ast.py", line 52, in parse
    return compile(source, filename, mode, flags,
           ^^^^^^^^^^^^^^^^^^^^^^^^^^^^^^^^^^^^^^
  File "<unknown>", line 3
    total2 = total1 + 
                      ^
SyntaxError: invalid syntax
2025-07-17 23:33:46,981 cblogger [ERROR]: 		Error while extracting code complexity metrics: invalid syntax (<unknown>, line 5)
Traceback (most recent call last):
  File "/root/trabalho_super/QuestionInsight/Etapa_1/codebench-mining-tool/util.py", line 551, in extract_complexity_metrics
    v = ComplexityVisitor.from_code(code)
        ^^^^^^^^^^^^^^^^^^^^^^^^^^^^^^^^^
  File "/root/trabalho_super/venv_jupyter/lib/python3.12/site-packages/radon/visitors.py", line 133, in from_code
    return cls.from_ast(code2ast(code), **kwargs)
                        ^^^^^^^^^^^^^^
  File "/root/trabalho_super/venv_jupyter/lib/python3.12/site-packages/radon/visitors.py", line 48, in code2ast
    return ast.parse(source)
           ^^^^^^^^^^^^^^^^^
  File "/usr/lib/python3.12/ast.py", line 52, in parse
    return compile(source, filename, mode, flags,
           ^^^^^^^^^^^^^^^^^^^^^^^^^^^^^^^^^^^^^^
  File "<unknown>", line 5
    B = 
        ^
SyntaxError: invalid syntax
2025-07-17 23:33:46,981 cblogger [ERROR]: 		Error while extracting halsted code metrics: invalid syntax (<unknown>, line 5)
Traceback (most recent call last):
  File "/root/trabalho_super/QuestionInsight/Etapa_1/codebench-mining-tool/util.py", line 569, in extract_halstead_metrics
    h = h_visit(code)
        ^^^^^^^^^^^^^
  File "/root/trabalho_super/venv_jupyter/lib/python3.12/site-packages/radon/metrics.py", line 29, in h_visit
    return h_visit_ast(ast.parse(code))
                       ^^^^^^^^^^^^^^^
  File "/usr/lib/python3.12/ast.py", line 52, in parse
    return compile(source, filename, mode, flags,
           ^^^^^^^^^^^^^^^^^^^^^^^^^^^^^^^^^^^^^^
  File "<unknown>", line 5
    B = 
        ^
SyntaxError: invalid syntax
2025-07-17 23:33:46,995 cblogger [ERROR]: 		Error while extracting code complexity metrics: unindent does not match any outer indentation level (<unknown>, line 11)
Traceback (most recent call last):
  File "/root/trabalho_super/QuestionInsight/Etapa_1/codebench-mining-tool/util.py", line 551, in extract_complexity_metrics
    v = ComplexityVisitor.from_code(code)
        ^^^^^^^^^^^^^^^^^^^^^^^^^^^^^^^^^
  File "/root/trabalho_super/venv_jupyter/lib/python3.12/site-packages/radon/visitors.py", line 133, in from_code
    return cls.from_ast(code2ast(code), **kwargs)
                        ^^^^^^^^^^^^^^
  File "/root/trabalho_super/venv_jupyter/lib/python3.12/site-packages/radon/visitors.py", line 48, in code2ast
    return ast.parse(source)
           ^^^^^^^^^^^^^^^^^
  File "/usr/lib/python3.12/ast.py", line 52, in parse
    return compile(source, filename, mode, flags,
           ^^^^^^^^^^^^^^^^^^^^^^^^^^^^^^^^^^^^^^
  File "<unknown>", line 11
    anterior = proxima
                      ^
IndentationError: unindent does not match any outer indentation level
2025-07-17 23:33:46,997 cblogger [ERROR]: 		Error while extracting halsted code metrics: unindent does not match any outer indentation level (<unknown>, line 11)
Traceback (most recent call last):
  File "/root/trabalho_super/QuestionInsight/Etapa_1/codebench-mining-tool/util.py", line 569, in extract_halstead_metrics
    h = h_visit(code)
        ^^^^^^^^^^^^^
  File "/root/trabalho_super/venv_jupyter/lib/python3.12/site-packages/radon/metrics.py", line 29, in h_visit
    return h_visit_ast(ast.parse(code))
                       ^^^^^^^^^^^^^^^
  File "/usr/lib/python3.12/ast.py", line 52, in parse
    return compile(source, filename, mode, flags,
           ^^^^^^^^^^^^^^^^^^^^^^^^^^^^^^^^^^^^^^
  File "<unknown>", line 11
    anterior = proxima
                      ^
IndentationError: unindent does not match any outer indentation level
2025-07-17 23:33:47,002 cblogger [ERROR]: 		Error while extracting code complexity metrics: invalid syntax (<unknown>, line 3)
Traceback (most recent call last):
  File "/root/trabalho_super/QuestionInsight/Etapa_1/codebench-mining-tool/util.py", line 551, in extract_complexity_metrics
    v = ComplexityVisitor.from_code(code)
        ^^^^^^^^^^^^^^^^^^^^^^^^^^^^^^^^^
  File "/root/trabalho_super/venv_jupyter/lib/python3.12/site-packages/radon/visitors.py", line 133, in from_code
    return cls.from_ast(code2ast(code), **kwargs)
                        ^^^^^^^^^^^^^^
  File "/root/trabalho_super/venv_jupyter/lib/python3.12/site-packages/radon/visitors.py", line 48, in code2ast
    return ast.parse(source)
           ^^^^^^^^^^^^^^^^^
  File "/usr/lib/python3.12/ast.py", line 52, in parse
    return compile(source, filename, mode, flags,
           ^^^^^^^^^^^^^^^^^^^^^^^^^^^^^^^^^^^^^^
  File "<unknown>", line 3
    print = 
            ^
SyntaxError: invalid syntax
2025-07-17 23:33:47,003 cblogger [ERROR]: 		Error while extracting halsted code metrics: invalid syntax (<unknown>, line 3)
Traceback (most recent call last):
  File "/root/trabalho_super/QuestionInsight/Etapa_1/codebench-mining-tool/util.py", line 569, in extract_halstead_metrics
    h = h_visit(code)
        ^^^^^^^^^^^^^
  File "/root/trabalho_super/venv_jupyter/lib/python3.12/site-packages/radon/metrics.py", line 29, in h_visit
    return h_visit_ast(ast.parse(code))
                       ^^^^^^^^^^^^^^^
  File "/usr/lib/python3.12/ast.py", line 52, in parse
    return compile(source, filename, mode, flags,
           ^^^^^^^^^^^^^^^^^^^^^^^^^^^^^^^^^^^^^^
  File "<unknown>", line 3
    print = 
            ^
SyntaxError: invalid syntax
2025-07-17 23:33:47,005 cblogger [ERROR]: 		Error while extracting code complexity metrics: invalid syntax (<unknown>, line 2)
Traceback (most recent call last):
  File "/root/trabalho_super/QuestionInsight/Etapa_1/codebench-mining-tool/util.py", line 551, in extract_complexity_metrics
    v = ComplexityVisitor.from_code(code)
        ^^^^^^^^^^^^^^^^^^^^^^^^^^^^^^^^^
  File "/root/trabalho_super/venv_jupyter/lib/python3.12/site-packages/radon/visitors.py", line 133, in from_code
    return cls.from_ast(code2ast(code), **kwargs)
                        ^^^^^^^^^^^^^^
  File "/root/trabalho_super/venv_jupyter/lib/python3.12/site-packages/radon/visitors.py", line 48, in code2ast
    return ast.parse(source)
           ^^^^^^^^^^^^^^^^^
  File "/usr/lib/python3.12/ast.py", line 52, in parse
    return compile(source, filename, mode, flags,
           ^^^^^^^^^^^^^^^^^^^^^^^^^^^^^^^^^^^^^^
  File "<unknown>", line 2
    A = (3/2) * (3*a**2)0.5
                        ^^^
SyntaxError: invalid syntax
2025-07-17 23:33:47,005 cblogger [ERROR]: 		Error while extracting halsted code metrics: invalid syntax (<unknown>, line 2)
Traceback (most recent call last):
  File "/root/trabalho_super/QuestionInsight/Etapa_1/codebench-mining-tool/util.py", line 569, in extract_halstead_metrics
    h = h_visit(code)
        ^^^^^^^^^^^^^
  File "/root/trabalho_super/venv_jupyter/lib/python3.12/site-packages/radon/metrics.py", line 29, in h_visit
    return h_visit_ast(ast.parse(code))
                       ^^^^^^^^^^^^^^^
  File "/usr/lib/python3.12/ast.py", line 52, in parse
    return compile(source, filename, mode, flags,
           ^^^^^^^^^^^^^^^^^^^^^^^^^^^^^^^^^^^^^^
  File "<unknown>", line 2
    A = (3/2) * (3*a**2)0.5
                        ^^^
SyntaxError: invalid syntax
2025-07-17 23:33:47,036 cblogger [ERROR]: 		Error while extracting code complexity metrics: unexpected indent (<unknown>, line 5)
Traceback (most recent call last):
  File "/root/trabalho_super/QuestionInsight/Etapa_1/codebench-mining-tool/util.py", line 551, in extract_complexity_metrics
    v = ComplexityVisitor.from_code(code)
        ^^^^^^^^^^^^^^^^^^^^^^^^^^^^^^^^^
  File "/root/trabalho_super/venv_jupyter/lib/python3.12/site-packages/radon/visitors.py", line 133, in from_code
    return cls.from_ast(code2ast(code), **kwargs)
                        ^^^^^^^^^^^^^^
  File "/root/trabalho_super/venv_jupyter/lib/python3.12/site-packages/radon/visitors.py", line 48, in code2ast
    return ast.parse(source)
           ^^^^^^^^^^^^^^^^^
  File "/usr/lib/python3.12/ast.py", line 52, in parse
    return compile(source, filename, mode, flags,
           ^^^^^^^^^^^^^^^^^^^^^^^^^^^^^^^^^^^^^^
  File "<unknown>", line 5
    print(e)
IndentationError: unexpected indent
2025-07-17 23:33:47,036 cblogger [ERROR]: 		Error while extracting halsted code metrics: unexpected indent (<unknown>, line 5)
Traceback (most recent call last):
  File "/root/trabalho_super/QuestionInsight/Etapa_1/codebench-mining-tool/util.py", line 569, in extract_halstead_metrics
    h = h_visit(code)
        ^^^^^^^^^^^^^
  File "/root/trabalho_super/venv_jupyter/lib/python3.12/site-packages/radon/metrics.py", line 29, in h_visit
    return h_visit_ast(ast.parse(code))
                       ^^^^^^^^^^^^^^^
  File "/usr/lib/python3.12/ast.py", line 52, in parse
    return compile(source, filename, mode, flags,
           ^^^^^^^^^^^^^^^^^^^^^^^^^^^^^^^^^^^^^^
  File "<unknown>", line 5
    print(e)
IndentationError: unexpected indent
2025-07-17 23:33:47,128 cblogger [ERROR]: 		Error while extracting code complexity metrics: invalid syntax. Perhaps you forgot a comma? (<unknown>, line 2)
Traceback (most recent call last):
  File "/root/trabalho_super/QuestionInsight/Etapa_1/codebench-mining-tool/util.py", line 551, in extract_complexity_metrics
    v = ComplexityVisitor.from_code(code)
        ^^^^^^^^^^^^^^^^^^^^^^^^^^^^^^^^^
  File "/root/trabalho_super/venv_jupyter/lib/python3.12/site-packages/radon/visitors.py", line 133, in from_code
    return cls.from_ast(code2ast(code), **kwargs)
                        ^^^^^^^^^^^^^^
  File "/root/trabalho_super/venv_jupyter/lib/python3.12/site-packages/radon/visitors.py", line 48, in code2ast
    return ast.parse(source)
           ^^^^^^^^^^^^^^^^^
  File "/usr/lib/python3.12/ast.py", line 52, in parse
    return compile(source, filename, mode, flags,
           ^^^^^^^^^^^^^^^^^^^^^^^^^^^^^^^^^^^^^^
  File "<unknown>", line 2
    print(var round(31.5, 3))
          ^^^^^^^^^^^^^^^^^^
SyntaxError: invalid syntax. Perhaps you forgot a comma?
2025-07-17 23:33:47,128 cblogger [ERROR]: 		Error while extracting halsted code metrics: invalid syntax. Perhaps you forgot a comma? (<unknown>, line 2)
Traceback (most recent call last):
  File "/root/trabalho_super/QuestionInsight/Etapa_1/codebench-mining-tool/util.py", line 569, in extract_halstead_metrics
    h = h_visit(code)
        ^^^^^^^^^^^^^
  File "/root/trabalho_super/venv_jupyter/lib/python3.12/site-packages/radon/metrics.py", line 29, in h_visit
    return h_visit_ast(ast.parse(code))
                       ^^^^^^^^^^^^^^^
  File "/usr/lib/python3.12/ast.py", line 52, in parse
    return compile(source, filename, mode, flags,
           ^^^^^^^^^^^^^^^^^^^^^^^^^^^^^^^^^^^^^^
  File "<unknown>", line 2
    print(var round(31.5, 3))
          ^^^^^^^^^^^^^^^^^^
SyntaxError: invalid syntax. Perhaps you forgot a comma?
2025-07-17 23:33:47,134 cblogger [ERROR]: 		Error while extracting code complexity metrics: invalid decimal literal (<unknown>, line 1)
Traceback (most recent call last):
  File "/root/trabalho_super/QuestionInsight/Etapa_1/codebench-mining-tool/util.py", line 551, in extract_complexity_metrics
    v = ComplexityVisitor.from_code(code)
        ^^^^^^^^^^^^^^^^^^^^^^^^^^^^^^^^^
  File "/root/trabalho_super/venv_jupyter/lib/python3.12/site-packages/radon/visitors.py", line 133, in from_code
    return cls.from_ast(code2ast(code), **kwargs)
                        ^^^^^^^^^^^^^^
  File "/root/trabalho_super/venv_jupyter/lib/python3.12/site-packages/radon/visitors.py", line 48, in code2ast
    return ast.parse(source)
           ^^^^^^^^^^^^^^^^^
  File "/usr/lib/python3.12/ast.py", line 52, in parse
    return compile(source, filename, mode, flags,
           ^^^^^^^^^^^^^^^^^^^^^^^^^^^^^^^^^^^^^^
  File "<unknown>", line 1
    aresta = 5cm
             ^
SyntaxError: invalid decimal literal
2025-07-17 23:33:47,135 cblogger [ERROR]: 		Error while extracting halsted code metrics: invalid decimal literal (<unknown>, line 1)
Traceback (most recent call last):
  File "/root/trabalho_super/QuestionInsight/Etapa_1/codebench-mining-tool/util.py", line 569, in extract_halstead_metrics
    h = h_visit(code)
        ^^^^^^^^^^^^^
  File "/root/trabalho_super/venv_jupyter/lib/python3.12/site-packages/radon/metrics.py", line 29, in h_visit
    return h_visit_ast(ast.parse(code))
                       ^^^^^^^^^^^^^^^
  File "/usr/lib/python3.12/ast.py", line 52, in parse
    return compile(source, filename, mode, flags,
           ^^^^^^^^^^^^^^^^^^^^^^^^^^^^^^^^^^^^^^
  File "<unknown>", line 1
    aresta = 5cm
             ^
SyntaxError: invalid decimal literal
2025-07-17 23:33:47,146 cblogger [ERROR]: 		Error while extracting code complexity metrics: invalid syntax. Perhaps you forgot a comma? (<unknown>, line 1)
Traceback (most recent call last):
  File "/root/trabalho_super/QuestionInsight/Etapa_1/codebench-mining-tool/util.py", line 551, in extract_complexity_metrics
    v = ComplexityVisitor.from_code(code)
        ^^^^^^^^^^^^^^^^^^^^^^^^^^^^^^^^^
  File "/root/trabalho_super/venv_jupyter/lib/python3.12/site-packages/radon/visitors.py", line 133, in from_code
    return cls.from_ast(code2ast(code), **kwargs)
                        ^^^^^^^^^^^^^^
  File "/root/trabalho_super/venv_jupyter/lib/python3.12/site-packages/radon/visitors.py", line 48, in code2ast
    return ast.parse(source)
           ^^^^^^^^^^^^^^^^^
  File "/usr/lib/python3.12/ast.py", line 52, in parse
    return compile(source, filename, mode, flags,
           ^^^^^^^^^^^^^^^^^^^^^^^^^^^^^^^^^^^^^^
  File "<unknown>", line 1
    var1 = int(input(min(1,2,3))
               ^
SyntaxError: invalid syntax. Perhaps you forgot a comma?
2025-07-17 23:33:47,147 cblogger [ERROR]: 		Error while extracting code size based metrics: SyntaxError at line: 1
Traceback (most recent call last):
  File "/root/trabalho_super/venv_jupyter/lib/python3.12/site-packages/radon/raw.py", line 210, in analyze
    tokens, parsed_lines = _get_all_tokens(line, lines)
                           ^^^^^^^^^^^^^^^^^^^^^^^^^^^^
  File "/root/trabalho_super/venv_jupyter/lib/python3.12/site-packages/radon/raw.py", line 117, in _get_all_tokens
    next_line = next(lines)
                ^^^^^^^^^^^
StopIteration

During handling of the above exception, another exception occurred:

Traceback (most recent call last):
  File "/root/trabalho_super/QuestionInsight/Etapa_1/codebench-mining-tool/util.py", line 560, in extract_size_metrics
    a = analyze(code)
        ^^^^^^^^^^^^^
  File "/root/trabalho_super/venv_jupyter/lib/python3.12/site-packages/radon/raw.py", line 212, in analyze
    raise SyntaxError('SyntaxError at line: {0}'.format(lineno))
SyntaxError: SyntaxError at line: 1
2025-07-17 23:33:47,148 cblogger [ERROR]: 		Error while extracting halsted code metrics: invalid syntax. Perhaps you forgot a comma? (<unknown>, line 1)
Traceback (most recent call last):
  File "/root/trabalho_super/QuestionInsight/Etapa_1/codebench-mining-tool/util.py", line 569, in extract_halstead_metrics
    h = h_visit(code)
        ^^^^^^^^^^^^^
  File "/root/trabalho_super/venv_jupyter/lib/python3.12/site-packages/radon/metrics.py", line 29, in h_visit
    return h_visit_ast(ast.parse(code))
                       ^^^^^^^^^^^^^^^
  File "/usr/lib/python3.12/ast.py", line 52, in parse
    return compile(source, filename, mode, flags,
           ^^^^^^^^^^^^^^^^^^^^^^^^^^^^^^^^^^^^^^
  File "<unknown>", line 1
    var1 = int(input(min(1,2,3))
               ^
SyntaxError: invalid syntax. Perhaps you forgot a comma?
2025-07-17 23:33:47,455 cblogger [ERROR]: 		Error while extracting code complexity metrics: '(' was never closed (<unknown>, line 2)
Traceback (most recent call last):
  File "/root/trabalho_super/QuestionInsight/Etapa_1/codebench-mining-tool/util.py", line 551, in extract_complexity_metrics
    v = ComplexityVisitor.from_code(code)
        ^^^^^^^^^^^^^^^^^^^^^^^^^^^^^^^^^
  File "/root/trabalho_super/venv_jupyter/lib/python3.12/site-packages/radon/visitors.py", line 133, in from_code
    return cls.from_ast(code2ast(code), **kwargs)
                        ^^^^^^^^^^^^^^
  File "/root/trabalho_super/venv_jupyter/lib/python3.12/site-packages/radon/visitors.py", line 48, in code2ast
    return ast.parse(source)
           ^^^^^^^^^^^^^^^^^
  File "/usr/lib/python3.12/ast.py", line 52, in parse
    return compile(source, filename, mode, flags,
           ^^^^^^^^^^^^^^^^^^^^^^^^^^^^^^^^^^^^^^
  File "<unknown>", line 2
    print((input(N))
         ^
SyntaxError: '(' was never closed
2025-07-17 23:33:47,456 cblogger [ERROR]: 		Error while extracting code size based metrics: SyntaxError at line: 2
Traceback (most recent call last):
  File "/root/trabalho_super/venv_jupyter/lib/python3.12/site-packages/radon/raw.py", line 210, in analyze
    tokens, parsed_lines = _get_all_tokens(line, lines)
                           ^^^^^^^^^^^^^^^^^^^^^^^^^^^^
  File "/root/trabalho_super/venv_jupyter/lib/python3.12/site-packages/radon/raw.py", line 117, in _get_all_tokens
    next_line = next(lines)
                ^^^^^^^^^^^
StopIteration

During handling of the above exception, another exception occurred:

Traceback (most recent call last):
  File "/root/trabalho_super/QuestionInsight/Etapa_1/codebench-mining-tool/util.py", line 560, in extract_size_metrics
    a = analyze(code)
        ^^^^^^^^^^^^^
  File "/root/trabalho_super/venv_jupyter/lib/python3.12/site-packages/radon/raw.py", line 212, in analyze
    raise SyntaxError('SyntaxError at line: {0}'.format(lineno))
SyntaxError: SyntaxError at line: 2
2025-07-17 23:33:47,457 cblogger [ERROR]: 		Error while extracting halsted code metrics: '(' was never closed (<unknown>, line 2)
Traceback (most recent call last):
  File "/root/trabalho_super/QuestionInsight/Etapa_1/codebench-mining-tool/util.py", line 569, in extract_halstead_metrics
    h = h_visit(code)
        ^^^^^^^^^^^^^
  File "/root/trabalho_super/venv_jupyter/lib/python3.12/site-packages/radon/metrics.py", line 29, in h_visit
    return h_visit_ast(ast.parse(code))
                       ^^^^^^^^^^^^^^^
  File "/usr/lib/python3.12/ast.py", line 52, in parse
    return compile(source, filename, mode, flags,
           ^^^^^^^^^^^^^^^^^^^^^^^^^^^^^^^^^^^^^^
  File "<unknown>", line 2
    print((input(N))
         ^
SyntaxError: '(' was never closed
2025-07-17 23:33:47,483 cblogger [ERROR]: 		Error while extracting code complexity metrics: invalid syntax (<unknown>, line 1)
Traceback (most recent call last):
  File "/root/trabalho_super/QuestionInsight/Etapa_1/codebench-mining-tool/util.py", line 551, in extract_complexity_metrics
    v = ComplexityVisitor.from_code(code)
        ^^^^^^^^^^^^^^^^^^^^^^^^^^^^^^^^^
  File "/root/trabalho_super/venv_jupyter/lib/python3.12/site-packages/radon/visitors.py", line 133, in from_code
    return cls.from_ast(code2ast(code), **kwargs)
                        ^^^^^^^^^^^^^^
  File "/root/trabalho_super/venv_jupyter/lib/python3.12/site-packages/radon/visitors.py", line 48, in code2ast
    return ast.parse(source)
           ^^^^^^^^^^^^^^^^^
  File "/usr/lib/python3.12/ast.py", line 52, in parse
    return compile(source, filename, mode, flags,
           ^^^^^^^^^^^^^^^^^^^^^^^^^^^^^^^^^^^^^^
  File "<unknown>", line 1
    S=1 1 2 3 5 8 13 21
        ^
SyntaxError: invalid syntax
2025-07-17 23:33:47,484 cblogger [ERROR]: 		Error while extracting halsted code metrics: invalid syntax (<unknown>, line 1)
Traceback (most recent call last):
  File "/root/trabalho_super/QuestionInsight/Etapa_1/codebench-mining-tool/util.py", line 569, in extract_halstead_metrics
    h = h_visit(code)
        ^^^^^^^^^^^^^
  File "/root/trabalho_super/venv_jupyter/lib/python3.12/site-packages/radon/metrics.py", line 29, in h_visit
    return h_visit_ast(ast.parse(code))
                       ^^^^^^^^^^^^^^^
  File "/usr/lib/python3.12/ast.py", line 52, in parse
    return compile(source, filename, mode, flags,
           ^^^^^^^^^^^^^^^^^^^^^^^^^^^^^^^^^^^^^^
  File "<unknown>", line 1
    S=1 1 2 3 5 8 13 21
        ^
SyntaxError: invalid syntax
2025-07-17 23:33:47,493 cblogger [ERROR]: 		Error while extracting code complexity metrics: invalid syntax (<unknown>, line 3)
Traceback (most recent call last):
  File "/root/trabalho_super/QuestionInsight/Etapa_1/codebench-mining-tool/util.py", line 551, in extract_complexity_metrics
    v = ComplexityVisitor.from_code(code)
        ^^^^^^^^^^^^^^^^^^^^^^^^^^^^^^^^^
  File "/root/trabalho_super/venv_jupyter/lib/python3.12/site-packages/radon/visitors.py", line 133, in from_code
    return cls.from_ast(code2ast(code), **kwargs)
                        ^^^^^^^^^^^^^^
  File "/root/trabalho_super/venv_jupyter/lib/python3.12/site-packages/radon/visitors.py", line 48, in code2ast
    return ast.parse(source)
           ^^^^^^^^^^^^^^^^^
  File "/usr/lib/python3.12/ast.py", line 52, in parse
    return compile(source, filename, mode, flags,
           ^^^^^^^^^^^^^^^^^^^^^^^^^^^^^^^^^^^^^^
  File "<unknown>", line 3
    a = 
        ^
SyntaxError: invalid syntax
2025-07-17 23:33:47,494 cblogger [ERROR]: 		Error while extracting halsted code metrics: invalid syntax (<unknown>, line 3)
Traceback (most recent call last):
  File "/root/trabalho_super/QuestionInsight/Etapa_1/codebench-mining-tool/util.py", line 569, in extract_halstead_metrics
    h = h_visit(code)
        ^^^^^^^^^^^^^
  File "/root/trabalho_super/venv_jupyter/lib/python3.12/site-packages/radon/metrics.py", line 29, in h_visit
    return h_visit_ast(ast.parse(code))
                       ^^^^^^^^^^^^^^^
  File "/usr/lib/python3.12/ast.py", line 52, in parse
    return compile(source, filename, mode, flags,
           ^^^^^^^^^^^^^^^^^^^^^^^^^^^^^^^^^^^^^^
  File "<unknown>", line 3
    a = 
        ^
SyntaxError: invalid syntax
2025-07-17 23:33:47,536 cblogger [ERROR]: 		Error while extracting code complexity metrics: invalid syntax (<unknown>, line 5)
Traceback (most recent call last):
  File "/root/trabalho_super/QuestionInsight/Etapa_1/codebench-mining-tool/util.py", line 551, in extract_complexity_metrics
    v = ComplexityVisitor.from_code(code)
        ^^^^^^^^^^^^^^^^^^^^^^^^^^^^^^^^^
  File "/root/trabalho_super/venv_jupyter/lib/python3.12/site-packages/radon/visitors.py", line 133, in from_code
    return cls.from_ast(code2ast(code), **kwargs)
                        ^^^^^^^^^^^^^^
  File "/root/trabalho_super/venv_jupyter/lib/python3.12/site-packages/radon/visitors.py", line 48, in code2ast
    return ast.parse(source)
           ^^^^^^^^^^^^^^^^^
  File "/usr/lib/python3.12/ast.py", line 52, in parse
    return compile(source, filename, mode, flags,
           ^^^^^^^^^^^^^^^^^^^^^^^^^^^^^^^^^^^^^^
  File "<unknown>", line 5
    	m = 1.60934 / 
    	              ^
SyntaxError: invalid syntax
2025-07-17 23:33:47,536 cblogger [ERROR]: 		Error while extracting halsted code metrics: invalid syntax (<unknown>, line 5)
Traceback (most recent call last):
  File "/root/trabalho_super/QuestionInsight/Etapa_1/codebench-mining-tool/util.py", line 569, in extract_halstead_metrics
    h = h_visit(code)
        ^^^^^^^^^^^^^
  File "/root/trabalho_super/venv_jupyter/lib/python3.12/site-packages/radon/metrics.py", line 29, in h_visit
    return h_visit_ast(ast.parse(code))
                       ^^^^^^^^^^^^^^^
  File "/usr/lib/python3.12/ast.py", line 52, in parse
    return compile(source, filename, mode, flags,
           ^^^^^^^^^^^^^^^^^^^^^^^^^^^^^^^^^^^^^^
  File "<unknown>", line 5
    	m = 1.60934 / 
    	              ^
SyntaxError: invalid syntax
2025-07-17 23:33:47,612 cblogger [ERROR]: 		Error while extracting code complexity metrics: invalid syntax (<unknown>, line 1)
Traceback (most recent call last):
  File "/root/trabalho_super/QuestionInsight/Etapa_1/codebench-mining-tool/util.py", line 551, in extract_complexity_metrics
    v = ComplexityVisitor.from_code(code)
        ^^^^^^^^^^^^^^^^^^^^^^^^^^^^^^^^^
  File "/root/trabalho_super/venv_jupyter/lib/python3.12/site-packages/radon/visitors.py", line 133, in from_code
    return cls.from_ast(code2ast(code), **kwargs)
                        ^^^^^^^^^^^^^^
  File "/root/trabalho_super/venv_jupyter/lib/python3.12/site-packages/radon/visitors.py", line 48, in code2ast
    return ast.parse(source)
           ^^^^^^^^^^^^^^^^^
  File "/usr/lib/python3.12/ast.py", line 52, in parse
    return compile(source, filename, mode, flags,
           ^^^^^^^^^^^^^^^^^^^^^^^^^^^^^^^^^^^^^^
  File "<unknown>", line 1
    N= 1 1 2 3 5 8 13 21 34 55 89 144
         ^
SyntaxError: invalid syntax
2025-07-17 23:33:47,613 cblogger [ERROR]: 		Error while extracting halsted code metrics: invalid syntax (<unknown>, line 1)
Traceback (most recent call last):
  File "/root/trabalho_super/QuestionInsight/Etapa_1/codebench-mining-tool/util.py", line 569, in extract_halstead_metrics
    h = h_visit(code)
        ^^^^^^^^^^^^^
  File "/root/trabalho_super/venv_jupyter/lib/python3.12/site-packages/radon/metrics.py", line 29, in h_visit
    return h_visit_ast(ast.parse(code))
                       ^^^^^^^^^^^^^^^
  File "/usr/lib/python3.12/ast.py", line 52, in parse
    return compile(source, filename, mode, flags,
           ^^^^^^^^^^^^^^^^^^^^^^^^^^^^^^^^^^^^^^
  File "<unknown>", line 1
    N= 1 1 2 3 5 8 13 21 34 55 89 144
         ^
SyntaxError: invalid syntax
2025-07-17 23:33:47,847 cblogger [ERROR]: 		Error while extracting code complexity metrics: invalid syntax (<unknown>, line 8)
Traceback (most recent call last):
  File "/root/trabalho_super/QuestionInsight/Etapa_1/codebench-mining-tool/util.py", line 551, in extract_complexity_metrics
    v = ComplexityVisitor.from_code(code)
        ^^^^^^^^^^^^^^^^^^^^^^^^^^^^^^^^^
  File "/root/trabalho_super/venv_jupyter/lib/python3.12/site-packages/radon/visitors.py", line 133, in from_code
    return cls.from_ast(code2ast(code), **kwargs)
                        ^^^^^^^^^^^^^^
  File "/root/trabalho_super/venv_jupyter/lib/python3.12/site-packages/radon/visitors.py", line 48, in code2ast
    return ast.parse(source)
           ^^^^^^^^^^^^^^^^^
  File "/usr/lib/python3.12/ast.py", line 52, in parse
    return compile(source, filename, mode, flags,
           ^^^^^^^^^^^^^^^^^^^^^^^^^^^^^^^^^^^^^^
  File "<unknown>", line 8
    elif(a >= b) and (c >= d):
    ^^^^
SyntaxError: invalid syntax
2025-07-17 23:33:47,847 cblogger [ERROR]: 		Error while extracting halsted code metrics: invalid syntax (<unknown>, line 8)
Traceback (most recent call last):
  File "/root/trabalho_super/QuestionInsight/Etapa_1/codebench-mining-tool/util.py", line 569, in extract_halstead_metrics
    h = h_visit(code)
        ^^^^^^^^^^^^^
  File "/root/trabalho_super/venv_jupyter/lib/python3.12/site-packages/radon/metrics.py", line 29, in h_visit
    return h_visit_ast(ast.parse(code))
                       ^^^^^^^^^^^^^^^
  File "/usr/lib/python3.12/ast.py", line 52, in parse
    return compile(source, filename, mode, flags,
           ^^^^^^^^^^^^^^^^^^^^^^^^^^^^^^^^^^^^^^
  File "<unknown>", line 8
    elif(a >= b) and (c >= d):
    ^^^^
SyntaxError: invalid syntax
2025-07-17 23:33:47,866 cblogger [ERROR]: 		Error while extracting code complexity metrics: expected ':' (<unknown>, line 15)
Traceback (most recent call last):
  File "/root/trabalho_super/QuestionInsight/Etapa_1/codebench-mining-tool/util.py", line 551, in extract_complexity_metrics
    v = ComplexityVisitor.from_code(code)
        ^^^^^^^^^^^^^^^^^^^^^^^^^^^^^^^^^
  File "/root/trabalho_super/venv_jupyter/lib/python3.12/site-packages/radon/visitors.py", line 133, in from_code
    return cls.from_ast(code2ast(code), **kwargs)
                        ^^^^^^^^^^^^^^
  File "/root/trabalho_super/venv_jupyter/lib/python3.12/site-packages/radon/visitors.py", line 48, in code2ast
    return ast.parse(source)
           ^^^^^^^^^^^^^^^^^
  File "/usr/lib/python3.12/ast.py", line 52, in parse
    return compile(source, filename, mode, flags,
           ^^^^^^^^^^^^^^^^^^^^^^^^^^^^^^^^^^^^^^
  File "<unknown>", line 15
    if()
        ^
SyntaxError: expected ':'
2025-07-17 23:33:47,867 cblogger [ERROR]: 		Error while extracting halsted code metrics: expected ':' (<unknown>, line 15)
Traceback (most recent call last):
  File "/root/trabalho_super/QuestionInsight/Etapa_1/codebench-mining-tool/util.py", line 569, in extract_halstead_metrics
    h = h_visit(code)
        ^^^^^^^^^^^^^
  File "/root/trabalho_super/venv_jupyter/lib/python3.12/site-packages/radon/metrics.py", line 29, in h_visit
    return h_visit_ast(ast.parse(code))
                       ^^^^^^^^^^^^^^^
  File "/usr/lib/python3.12/ast.py", line 52, in parse
    return compile(source, filename, mode, flags,
           ^^^^^^^^^^^^^^^^^^^^^^^^^^^^^^^^^^^^^^
  File "<unknown>", line 15
    if()
        ^
SyntaxError: expected ':'
2025-07-17 23:33:47,909 cblogger [ERROR]: 		Error while extracting code complexity metrics: expected ':' (<unknown>, line 9)
Traceback (most recent call last):
  File "/root/trabalho_super/QuestionInsight/Etapa_1/codebench-mining-tool/util.py", line 551, in extract_complexity_metrics
    v = ComplexityVisitor.from_code(code)
        ^^^^^^^^^^^^^^^^^^^^^^^^^^^^^^^^^
  File "/root/trabalho_super/venv_jupyter/lib/python3.12/site-packages/radon/visitors.py", line 133, in from_code
    return cls.from_ast(code2ast(code), **kwargs)
                        ^^^^^^^^^^^^^^
  File "/root/trabalho_super/venv_jupyter/lib/python3.12/site-packages/radon/visitors.py", line 48, in code2ast
    return ast.parse(source)
           ^^^^^^^^^^^^^^^^^
  File "/usr/lib/python3.12/ast.py", line 52, in parse
    return compile(source, filename, mode, flags,
           ^^^^^^^^^^^^^^^^^^^^^^^^^^^^^^^^^^^^^^
  File "<unknown>", line 9
    elif()
          ^
SyntaxError: expected ':'
2025-07-17 23:33:47,911 cblogger [ERROR]: 		Error while extracting halsted code metrics: expected ':' (<unknown>, line 9)
Traceback (most recent call last):
  File "/root/trabalho_super/QuestionInsight/Etapa_1/codebench-mining-tool/util.py", line 569, in extract_halstead_metrics
    h = h_visit(code)
        ^^^^^^^^^^^^^
  File "/root/trabalho_super/venv_jupyter/lib/python3.12/site-packages/radon/metrics.py", line 29, in h_visit
    return h_visit_ast(ast.parse(code))
                       ^^^^^^^^^^^^^^^
  File "/usr/lib/python3.12/ast.py", line 52, in parse
    return compile(source, filename, mode, flags,
           ^^^^^^^^^^^^^^^^^^^^^^^^^^^^^^^^^^^^^^
  File "<unknown>", line 9
    elif()
          ^
SyntaxError: expected ':'
2025-07-17 23:33:47,987 cblogger [ERROR]: 		Error while extracting code complexity metrics: invalid syntax (<unknown>, line 6)
Traceback (most recent call last):
  File "/root/trabalho_super/QuestionInsight/Etapa_1/codebench-mining-tool/util.py", line 551, in extract_complexity_metrics
    v = ComplexityVisitor.from_code(code)
        ^^^^^^^^^^^^^^^^^^^^^^^^^^^^^^^^^
  File "/root/trabalho_super/venv_jupyter/lib/python3.12/site-packages/radon/visitors.py", line 133, in from_code
    return cls.from_ast(code2ast(code), **kwargs)
                        ^^^^^^^^^^^^^^
  File "/root/trabalho_super/venv_jupyter/lib/python3.12/site-packages/radon/visitors.py", line 48, in code2ast
    return ast.parse(source)
           ^^^^^^^^^^^^^^^^^
  File "/usr/lib/python3.12/ast.py", line 52, in parse
    return compile(source, filename, mode, flags,
           ^^^^^^^^^^^^^^^^^^^^^^^^^^^^^^^^^^^^^^
  File "<unknown>", line 6
    print(in(quantidade)
          ^^
SyntaxError: invalid syntax
2025-07-17 23:33:47,987 cblogger [ERROR]: 		Error while extracting code size based metrics: SyntaxError at line: 6
Traceback (most recent call last):
  File "/root/trabalho_super/venv_jupyter/lib/python3.12/site-packages/radon/raw.py", line 210, in analyze
    tokens, parsed_lines = _get_all_tokens(line, lines)
                           ^^^^^^^^^^^^^^^^^^^^^^^^^^^^
  File "/root/trabalho_super/venv_jupyter/lib/python3.12/site-packages/radon/raw.py", line 117, in _get_all_tokens
    next_line = next(lines)
                ^^^^^^^^^^^
StopIteration

During handling of the above exception, another exception occurred:

Traceback (most recent call last):
  File "/root/trabalho_super/QuestionInsight/Etapa_1/codebench-mining-tool/util.py", line 560, in extract_size_metrics
    a = analyze(code)
        ^^^^^^^^^^^^^
  File "/root/trabalho_super/venv_jupyter/lib/python3.12/site-packages/radon/raw.py", line 212, in analyze
    raise SyntaxError('SyntaxError at line: {0}'.format(lineno))
SyntaxError: SyntaxError at line: 6
2025-07-17 23:33:47,988 cblogger [ERROR]: 		Error while extracting halsted code metrics: invalid syntax (<unknown>, line 6)
Traceback (most recent call last):
  File "/root/trabalho_super/QuestionInsight/Etapa_1/codebench-mining-tool/util.py", line 569, in extract_halstead_metrics
    h = h_visit(code)
        ^^^^^^^^^^^^^
  File "/root/trabalho_super/venv_jupyter/lib/python3.12/site-packages/radon/metrics.py", line 29, in h_visit
    return h_visit_ast(ast.parse(code))
                       ^^^^^^^^^^^^^^^
  File "/usr/lib/python3.12/ast.py", line 52, in parse
    return compile(source, filename, mode, flags,
           ^^^^^^^^^^^^^^^^^^^^^^^^^^^^^^^^^^^^^^
  File "<unknown>", line 6
    print(in(quantidade)
          ^^
SyntaxError: invalid syntax
2025-07-17 23:33:48,230 cblogger [ERROR]: 		Error while extracting code complexity metrics: invalid syntax (<unknown>, line 9)
Traceback (most recent call last):
  File "/root/trabalho_super/QuestionInsight/Etapa_1/codebench-mining-tool/util.py", line 551, in extract_complexity_metrics
    v = ComplexityVisitor.from_code(code)
        ^^^^^^^^^^^^^^^^^^^^^^^^^^^^^^^^^
  File "/root/trabalho_super/venv_jupyter/lib/python3.12/site-packages/radon/visitors.py", line 133, in from_code
    return cls.from_ast(code2ast(code), **kwargs)
                        ^^^^^^^^^^^^^^
  File "/root/trabalho_super/venv_jupyter/lib/python3.12/site-packages/radon/visitors.py", line 48, in code2ast
    return ast.parse(source)
           ^^^^^^^^^^^^^^^^^
  File "/usr/lib/python3.12/ast.py", line 52, in parse
    return compile(source, filename, mode, flags,
           ^^^^^^^^^^^^^^^^^^^^^^^^^^^^^^^^^^^^^^
  File "<unknown>", line 9
    a1 = 
         ^
SyntaxError: invalid syntax
2025-07-17 23:33:48,231 cblogger [ERROR]: 		Error while extracting halsted code metrics: invalid syntax (<unknown>, line 9)
Traceback (most recent call last):
  File "/root/trabalho_super/QuestionInsight/Etapa_1/codebench-mining-tool/util.py", line 569, in extract_halstead_metrics
    h = h_visit(code)
        ^^^^^^^^^^^^^
  File "/root/trabalho_super/venv_jupyter/lib/python3.12/site-packages/radon/metrics.py", line 29, in h_visit
    return h_visit_ast(ast.parse(code))
                       ^^^^^^^^^^^^^^^
  File "/usr/lib/python3.12/ast.py", line 52, in parse
    return compile(source, filename, mode, flags,
           ^^^^^^^^^^^^^^^^^^^^^^^^^^^^^^^^^^^^^^
  File "<unknown>", line 9
    a1 = 
         ^
SyntaxError: invalid syntax
2025-07-17 23:33:48,534 cblogger [ERROR]: 		Error while extracting code complexity metrics: invalid syntax. Perhaps you forgot a comma? (<unknown>, line 8)
Traceback (most recent call last):
  File "/root/trabalho_super/QuestionInsight/Etapa_1/codebench-mining-tool/util.py", line 551, in extract_complexity_metrics
    v = ComplexityVisitor.from_code(code)
        ^^^^^^^^^^^^^^^^^^^^^^^^^^^^^^^^^
  File "/root/trabalho_super/venv_jupyter/lib/python3.12/site-packages/radon/visitors.py", line 133, in from_code
    return cls.from_ast(code2ast(code), **kwargs)
                        ^^^^^^^^^^^^^^
  File "/root/trabalho_super/venv_jupyter/lib/python3.12/site-packages/radon/visitors.py", line 48, in code2ast
    return ast.parse(source)
           ^^^^^^^^^^^^^^^^^
  File "/usr/lib/python3.12/ast.py", line 52, in parse
    return compile(source, filename, mode, flags,
           ^^^^^^^^^^^^^^^^^^^^^^^^^^^^^^^^^^^^^^
  File "<unknown>", line 8
    	print(x, "pertence ao intervalo", a +"," b)
    	                                  ^^^^^^^^
SyntaxError: invalid syntax. Perhaps you forgot a comma?
2025-07-17 23:33:48,535 cblogger [ERROR]: 		Error while extracting halsted code metrics: invalid syntax. Perhaps you forgot a comma? (<unknown>, line 8)
Traceback (most recent call last):
  File "/root/trabalho_super/QuestionInsight/Etapa_1/codebench-mining-tool/util.py", line 569, in extract_halstead_metrics
    h = h_visit(code)
        ^^^^^^^^^^^^^
  File "/root/trabalho_super/venv_jupyter/lib/python3.12/site-packages/radon/metrics.py", line 29, in h_visit
    return h_visit_ast(ast.parse(code))
                       ^^^^^^^^^^^^^^^
  File "/usr/lib/python3.12/ast.py", line 52, in parse
    return compile(source, filename, mode, flags,
           ^^^^^^^^^^^^^^^^^^^^^^^^^^^^^^^^^^^^^^
  File "<unknown>", line 8
    	print(x, "pertence ao intervalo", a +"," b)
    	                                  ^^^^^^^^
SyntaxError: invalid syntax. Perhaps you forgot a comma?
2025-07-17 23:33:48,587 cblogger [ERROR]: 		Error while extracting code complexity metrics: unterminated string literal (detected at line 15) (<unknown>, line 15)
Traceback (most recent call last):
  File "/root/trabalho_super/QuestionInsight/Etapa_1/codebench-mining-tool/util.py", line 551, in extract_complexity_metrics
    v = ComplexityVisitor.from_code(code)
        ^^^^^^^^^^^^^^^^^^^^^^^^^^^^^^^^^
  File "/root/trabalho_super/venv_jupyter/lib/python3.12/site-packages/radon/visitors.py", line 133, in from_code
    return cls.from_ast(code2ast(code), **kwargs)
                        ^^^^^^^^^^^^^^
  File "/root/trabalho_super/venv_jupyter/lib/python3.12/site-packages/radon/visitors.py", line 48, in code2ast
    return ast.parse(source)
           ^^^^^^^^^^^^^^^^^
  File "/usr/lib/python3.12/ast.py", line 52, in parse
    return compile(source, filename, mode, flags,
           ^^^^^^^^^^^^^^^^^^^^^^^^^^^^^^^^^^^^^^
  File "<unknown>", line 15
    	print("Entradas:"',' a',' b', c)
    	                          ^
SyntaxError: unterminated string literal (detected at line 15)
2025-07-17 23:33:48,588 cblogger [ERROR]: 		Error while extracting code size based metrics: SyntaxError at line: 15
Traceback (most recent call last):
  File "/root/trabalho_super/venv_jupyter/lib/python3.12/site-packages/radon/raw.py", line 210, in analyze
    tokens, parsed_lines = _get_all_tokens(line, lines)
                           ^^^^^^^^^^^^^^^^^^^^^^^^^^^^
  File "/root/trabalho_super/venv_jupyter/lib/python3.12/site-packages/radon/raw.py", line 117, in _get_all_tokens
    next_line = next(lines)
                ^^^^^^^^^^^
StopIteration

During handling of the above exception, another exception occurred:

Traceback (most recent call last):
  File "/root/trabalho_super/QuestionInsight/Etapa_1/codebench-mining-tool/util.py", line 560, in extract_size_metrics
    a = analyze(code)
        ^^^^^^^^^^^^^
  File "/root/trabalho_super/venv_jupyter/lib/python3.12/site-packages/radon/raw.py", line 212, in analyze
    raise SyntaxError('SyntaxError at line: {0}'.format(lineno))
SyntaxError: SyntaxError at line: 15
2025-07-17 23:33:48,588 cblogger [ERROR]: 		Error while extracting halsted code metrics: unterminated string literal (detected at line 15) (<unknown>, line 15)
Traceback (most recent call last):
  File "/root/trabalho_super/QuestionInsight/Etapa_1/codebench-mining-tool/util.py", line 569, in extract_halstead_metrics
    h = h_visit(code)
        ^^^^^^^^^^^^^
  File "/root/trabalho_super/venv_jupyter/lib/python3.12/site-packages/radon/metrics.py", line 29, in h_visit
    return h_visit_ast(ast.parse(code))
                       ^^^^^^^^^^^^^^^
  File "/usr/lib/python3.12/ast.py", line 52, in parse
    return compile(source, filename, mode, flags,
           ^^^^^^^^^^^^^^^^^^^^^^^^^^^^^^^^^^^^^^
  File "<unknown>", line 15
    	print("Entradas:"',' a',' b', c)
    	                          ^
SyntaxError: unterminated string literal (detected at line 15)
2025-07-17 23:33:48,601 cblogger [ERROR]: 		Error while extracting code complexity metrics: invalid syntax (<unknown>, line 15)
Traceback (most recent call last):
  File "/root/trabalho_super/QuestionInsight/Etapa_1/codebench-mining-tool/util.py", line 551, in extract_complexity_metrics
    v = ComplexityVisitor.from_code(code)
        ^^^^^^^^^^^^^^^^^^^^^^^^^^^^^^^^^
  File "/root/trabalho_super/venv_jupyter/lib/python3.12/site-packages/radon/visitors.py", line 133, in from_code
    return cls.from_ast(code2ast(code), **kwargs)
                        ^^^^^^^^^^^^^^
  File "/root/trabalho_super/venv_jupyter/lib/python3.12/site-packages/radon/visitors.py", line 48, in code2ast
    return ast.parse(source)
           ^^^^^^^^^^^^^^^^^
  File "/usr/lib/python3.12/ast.py", line 52, in parse
    return compile(source, filename, mode, flags,
           ^^^^^^^^^^^^^^^^^^^^^^^^^^^^^^^^^^^^^^
  File "<unknown>", line 15
    else:
    ^^^^
SyntaxError: invalid syntax
2025-07-17 23:33:48,603 cblogger [ERROR]: 		Error while extracting halsted code metrics: invalid syntax (<unknown>, line 15)
Traceback (most recent call last):
  File "/root/trabalho_super/QuestionInsight/Etapa_1/codebench-mining-tool/util.py", line 569, in extract_halstead_metrics
    h = h_visit(code)
        ^^^^^^^^^^^^^
  File "/root/trabalho_super/venv_jupyter/lib/python3.12/site-packages/radon/metrics.py", line 29, in h_visit
    return h_visit_ast(ast.parse(code))
                       ^^^^^^^^^^^^^^^
  File "/usr/lib/python3.12/ast.py", line 52, in parse
    return compile(source, filename, mode, flags,
           ^^^^^^^^^^^^^^^^^^^^^^^^^^^^^^^^^^^^^^
  File "<unknown>", line 15
    else:
    ^^^^
SyntaxError: invalid syntax
2025-07-17 23:33:48,608 cblogger [ERROR]: 		Error while extracting code complexity metrics: invalid syntax (<unknown>, line 1)
Traceback (most recent call last):
  File "/root/trabalho_super/QuestionInsight/Etapa_1/codebench-mining-tool/util.py", line 551, in extract_complexity_metrics
    v = ComplexityVisitor.from_code(code)
        ^^^^^^^^^^^^^^^^^^^^^^^^^^^^^^^^^
  File "/root/trabalho_super/venv_jupyter/lib/python3.12/site-packages/radon/visitors.py", line 133, in from_code
    return cls.from_ast(code2ast(code), **kwargs)
                        ^^^^^^^^^^^^^^
  File "/root/trabalho_super/venv_jupyter/lib/python3.12/site-packages/radon/visitors.py", line 48, in code2ast
    return ast.parse(source)
           ^^^^^^^^^^^^^^^^^
  File "/usr/lib/python3.12/ast.py", line 52, in parse
    return compile(source, filename, mode, flags,
           ^^^^^^^^^^^^^^^^^^^^^^^^^^^^^^^^^^^^^^
  File "<unknown>", line 1
    = float(input(": "))
    ^
SyntaxError: invalid syntax
2025-07-17 23:33:48,609 cblogger [ERROR]: 		Error while extracting halsted code metrics: invalid syntax (<unknown>, line 1)
Traceback (most recent call last):
  File "/root/trabalho_super/QuestionInsight/Etapa_1/codebench-mining-tool/util.py", line 569, in extract_halstead_metrics
    h = h_visit(code)
        ^^^^^^^^^^^^^
  File "/root/trabalho_super/venv_jupyter/lib/python3.12/site-packages/radon/metrics.py", line 29, in h_visit
    return h_visit_ast(ast.parse(code))
                       ^^^^^^^^^^^^^^^
  File "/usr/lib/python3.12/ast.py", line 52, in parse
    return compile(source, filename, mode, flags,
           ^^^^^^^^^^^^^^^^^^^^^^^^^^^^^^^^^^^^^^
  File "<unknown>", line 1
    = float(input(": "))
    ^
SyntaxError: invalid syntax
2025-07-17 23:33:48,699 cblogger [ERROR]: 		Error while extracting code complexity metrics: invalid syntax (<unknown>, line 1)
Traceback (most recent call last):
  File "/root/trabalho_super/QuestionInsight/Etapa_1/codebench-mining-tool/util.py", line 551, in extract_complexity_metrics
    v = ComplexityVisitor.from_code(code)
        ^^^^^^^^^^^^^^^^^^^^^^^^^^^^^^^^^
  File "/root/trabalho_super/venv_jupyter/lib/python3.12/site-packages/radon/visitors.py", line 133, in from_code
    return cls.from_ast(code2ast(code), **kwargs)
                        ^^^^^^^^^^^^^^
  File "/root/trabalho_super/venv_jupyter/lib/python3.12/site-packages/radon/visitors.py", line 48, in code2ast
    return ast.parse(source)
           ^^^^^^^^^^^^^^^^^
  File "/usr/lib/python3.12/ast.py", line 52, in parse
    return compile(source, filename, mode, flags,
           ^^^^^^^^^^^^^^^^^^^^^^^^^^^^^^^^^^^^^^
  File "<unknown>", line 1
    *from math import*
     ^^^^
SyntaxError: invalid syntax
2025-07-17 23:33:48,699 cblogger [ERROR]: 		Error while extracting halsted code metrics: invalid syntax (<unknown>, line 1)
Traceback (most recent call last):
  File "/root/trabalho_super/QuestionInsight/Etapa_1/codebench-mining-tool/util.py", line 569, in extract_halstead_metrics
    h = h_visit(code)
        ^^^^^^^^^^^^^
  File "/root/trabalho_super/venv_jupyter/lib/python3.12/site-packages/radon/metrics.py", line 29, in h_visit
    return h_visit_ast(ast.parse(code))
                       ^^^^^^^^^^^^^^^
  File "/usr/lib/python3.12/ast.py", line 52, in parse
    return compile(source, filename, mode, flags,
           ^^^^^^^^^^^^^^^^^^^^^^^^^^^^^^^^^^^^^^
  File "<unknown>", line 1
    *from math import*
     ^^^^
SyntaxError: invalid syntax
2025-07-17 23:33:51,712 cblogger [ERROR]: 		Error while extracting code complexity metrics: expected ':' (<unknown>, line 9)
Traceback (most recent call last):
  File "/root/trabalho_super/QuestionInsight/Etapa_1/codebench-mining-tool/util.py", line 551, in extract_complexity_metrics
    v = ComplexityVisitor.from_code(code)
        ^^^^^^^^^^^^^^^^^^^^^^^^^^^^^^^^^
  File "/root/trabalho_super/venv_jupyter/lib/python3.12/site-packages/radon/visitors.py", line 133, in from_code
    return cls.from_ast(code2ast(code), **kwargs)
                        ^^^^^^^^^^^^^^
  File "/root/trabalho_super/venv_jupyter/lib/python3.12/site-packages/radon/visitors.py", line 48, in code2ast
    return ast.parse(source)
           ^^^^^^^^^^^^^^^^^
  File "/usr/lib/python3.12/ast.py", line 52, in parse
    return compile(source, filename, mode, flags,
           ^^^^^^^^^^^^^^^^^^^^^^^^^^^^^^^^^^^^^^
  File "<unknown>", line 9
    if((x<y+z)) and (y>x+z) and (z>y+x)
                                       ^
SyntaxError: expected ':'
2025-07-17 23:33:51,717 cblogger [ERROR]: 		Error while extracting halsted code metrics: expected ':' (<unknown>, line 9)
Traceback (most recent call last):
  File "/root/trabalho_super/QuestionInsight/Etapa_1/codebench-mining-tool/util.py", line 569, in extract_halstead_metrics
    h = h_visit(code)
        ^^^^^^^^^^^^^
  File "/root/trabalho_super/venv_jupyter/lib/python3.12/site-packages/radon/metrics.py", line 29, in h_visit
    return h_visit_ast(ast.parse(code))
                       ^^^^^^^^^^^^^^^
  File "/usr/lib/python3.12/ast.py", line 52, in parse
    return compile(source, filename, mode, flags,
           ^^^^^^^^^^^^^^^^^^^^^^^^^^^^^^^^^^^^^^
  File "<unknown>", line 9
    if((x<y+z)) and (y>x+z) and (z>y+x)
                                       ^
SyntaxError: expected ':'
2025-07-17 23:33:51,873 cblogger [ERROR]: 		Error while extracting code complexity metrics: '(' was never closed (<unknown>, line 11)
Traceback (most recent call last):
  File "/root/trabalho_super/QuestionInsight/Etapa_1/codebench-mining-tool/util.py", line 551, in extract_complexity_metrics
    v = ComplexityVisitor.from_code(code)
        ^^^^^^^^^^^^^^^^^^^^^^^^^^^^^^^^^
  File "/root/trabalho_super/venv_jupyter/lib/python3.12/site-packages/radon/visitors.py", line 133, in from_code
    return cls.from_ast(code2ast(code), **kwargs)
                        ^^^^^^^^^^^^^^
  File "/root/trabalho_super/venv_jupyter/lib/python3.12/site-packages/radon/visitors.py", line 48, in code2ast
    return ast.parse(source)
           ^^^^^^^^^^^^^^^^^
  File "/usr/lib/python3.12/ast.py", line 52, in parse
    return compile(source, filename, mode, flags,
           ^^^^^^^^^^^^^^^^^^^^^^^^^^^^^^^^^^^^^^
  File "<unknown>", line 11
    d = (6371.01 * arcos((sin*t1) * (sin*t2) + (cos*t1) * (cos*t2) * cos(g1-g2))
        ^
SyntaxError: '(' was never closed
2025-07-17 23:33:51,877 cblogger [ERROR]: 		Error while extracting code size based metrics: SyntaxError at line: 11
Traceback (most recent call last):
  File "/root/trabalho_super/venv_jupyter/lib/python3.12/site-packages/radon/raw.py", line 210, in analyze
    tokens, parsed_lines = _get_all_tokens(line, lines)
                           ^^^^^^^^^^^^^^^^^^^^^^^^^^^^
  File "/root/trabalho_super/venv_jupyter/lib/python3.12/site-packages/radon/raw.py", line 117, in _get_all_tokens
    next_line = next(lines)
                ^^^^^^^^^^^
StopIteration

During handling of the above exception, another exception occurred:

Traceback (most recent call last):
  File "/root/trabalho_super/QuestionInsight/Etapa_1/codebench-mining-tool/util.py", line 560, in extract_size_metrics
    a = analyze(code)
        ^^^^^^^^^^^^^
  File "/root/trabalho_super/venv_jupyter/lib/python3.12/site-packages/radon/raw.py", line 212, in analyze
    raise SyntaxError('SyntaxError at line: {0}'.format(lineno))
SyntaxError: SyntaxError at line: 11
2025-07-17 23:33:51,878 cblogger [ERROR]: 		Error while extracting halsted code metrics: '(' was never closed (<unknown>, line 11)
Traceback (most recent call last):
  File "/root/trabalho_super/QuestionInsight/Etapa_1/codebench-mining-tool/util.py", line 569, in extract_halstead_metrics
    h = h_visit(code)
        ^^^^^^^^^^^^^
  File "/root/trabalho_super/venv_jupyter/lib/python3.12/site-packages/radon/metrics.py", line 29, in h_visit
    return h_visit_ast(ast.parse(code))
                       ^^^^^^^^^^^^^^^
  File "/usr/lib/python3.12/ast.py", line 52, in parse
    return compile(source, filename, mode, flags,
           ^^^^^^^^^^^^^^^^^^^^^^^^^^^^^^^^^^^^^^
  File "<unknown>", line 11
    d = (6371.01 * arcos((sin*t1) * (sin*t2) + (cos*t1) * (cos*t2) * cos(g1-g2))
        ^
SyntaxError: '(' was never closed
2025-07-17 23:33:51,917 cblogger [ERROR]: 		Error while extracting code complexity metrics: unindent does not match any outer indentation level (<unknown>, line 5)
Traceback (most recent call last):
  File "/root/trabalho_super/QuestionInsight/Etapa_1/codebench-mining-tool/util.py", line 551, in extract_complexity_metrics
    v = ComplexityVisitor.from_code(code)
        ^^^^^^^^^^^^^^^^^^^^^^^^^^^^^^^^^
  File "/root/trabalho_super/venv_jupyter/lib/python3.12/site-packages/radon/visitors.py", line 133, in from_code
    return cls.from_ast(code2ast(code), **kwargs)
                        ^^^^^^^^^^^^^^
  File "/root/trabalho_super/venv_jupyter/lib/python3.12/site-packages/radon/visitors.py", line 48, in code2ast
    return ast.parse(source)
           ^^^^^^^^^^^^^^^^^
  File "/usr/lib/python3.12/ast.py", line 52, in parse
    return compile(source, filename, mode, flags,
           ^^^^^^^^^^^^^^^^^^^^^^^^^^^^^^^^^^^^^^
  File "<unknown>", line 5
    proximo = proximo + anterior  
                                  ^
IndentationError: unindent does not match any outer indentation level
2025-07-17 23:33:51,918 cblogger [ERROR]: 		Error while extracting halsted code metrics: unindent does not match any outer indentation level (<unknown>, line 5)
Traceback (most recent call last):
  File "/root/trabalho_super/QuestionInsight/Etapa_1/codebench-mining-tool/util.py", line 569, in extract_halstead_metrics
    h = h_visit(code)
        ^^^^^^^^^^^^^
  File "/root/trabalho_super/venv_jupyter/lib/python3.12/site-packages/radon/metrics.py", line 29, in h_visit
    return h_visit_ast(ast.parse(code))
                       ^^^^^^^^^^^^^^^
  File "/usr/lib/python3.12/ast.py", line 52, in parse
    return compile(source, filename, mode, flags,
           ^^^^^^^^^^^^^^^^^^^^^^^^^^^^^^^^^^^^^^
  File "<unknown>", line 5
    proximo = proximo + anterior  
                                  ^
IndentationError: unindent does not match any outer indentation level
2025-07-17 23:33:52,272 cblogger [ERROR]: 		Error while extracting code complexity metrics: '(' was never closed (<unknown>, line 4)
Traceback (most recent call last):
  File "/root/trabalho_super/QuestionInsight/Etapa_1/codebench-mining-tool/util.py", line 551, in extract_complexity_metrics
    v = ComplexityVisitor.from_code(code)
        ^^^^^^^^^^^^^^^^^^^^^^^^^^^^^^^^^
  File "/root/trabalho_super/venv_jupyter/lib/python3.12/site-packages/radon/visitors.py", line 133, in from_code
    return cls.from_ast(code2ast(code), **kwargs)
                        ^^^^^^^^^^^^^^
  File "/root/trabalho_super/venv_jupyter/lib/python3.12/site-packages/radon/visitors.py", line 48, in code2ast
    return ast.parse(source)
           ^^^^^^^^^^^^^^^^^
  File "/usr/lib/python3.12/ast.py", line 52, in parse
    return compile(source, filename, mode, flags,
           ^^^^^^^^^^^^^^^^^^^^^^^^^^^^^^^^^^^^^^
  File "<unknown>", line 4
    cedula = int(input("Valor da cedula: ")
                ^
SyntaxError: '(' was never closed
2025-07-17 23:33:52,273 cblogger [ERROR]: 		Error while extracting code size based metrics: SyntaxError at line: 4
Traceback (most recent call last):
  File "/root/trabalho_super/venv_jupyter/lib/python3.12/site-packages/radon/raw.py", line 210, in analyze
    tokens, parsed_lines = _get_all_tokens(line, lines)
                           ^^^^^^^^^^^^^^^^^^^^^^^^^^^^
  File "/root/trabalho_super/venv_jupyter/lib/python3.12/site-packages/radon/raw.py", line 117, in _get_all_tokens
    next_line = next(lines)
                ^^^^^^^^^^^
StopIteration

During handling of the above exception, another exception occurred:

Traceback (most recent call last):
  File "/root/trabalho_super/QuestionInsight/Etapa_1/codebench-mining-tool/util.py", line 560, in extract_size_metrics
    a = analyze(code)
        ^^^^^^^^^^^^^
  File "/root/trabalho_super/venv_jupyter/lib/python3.12/site-packages/radon/raw.py", line 212, in analyze
    raise SyntaxError('SyntaxError at line: {0}'.format(lineno))
SyntaxError: SyntaxError at line: 4
2025-07-17 23:33:52,275 cblogger [ERROR]: 		Error while extracting halsted code metrics: '(' was never closed (<unknown>, line 4)
Traceback (most recent call last):
  File "/root/trabalho_super/QuestionInsight/Etapa_1/codebench-mining-tool/util.py", line 569, in extract_halstead_metrics
    h = h_visit(code)
        ^^^^^^^^^^^^^
  File "/root/trabalho_super/venv_jupyter/lib/python3.12/site-packages/radon/metrics.py", line 29, in h_visit
    return h_visit_ast(ast.parse(code))
                       ^^^^^^^^^^^^^^^
  File "/usr/lib/python3.12/ast.py", line 52, in parse
    return compile(source, filename, mode, flags,
           ^^^^^^^^^^^^^^^^^^^^^^^^^^^^^^^^^^^^^^
  File "<unknown>", line 4
    cedula = int(input("Valor da cedula: ")
                ^
SyntaxError: '(' was never closed
2025-07-17 23:33:52,284 cblogger [ERROR]: 		Error while extracting code complexity metrics: unexpected indent (<unknown>, line 7)
Traceback (most recent call last):
  File "/root/trabalho_super/QuestionInsight/Etapa_1/codebench-mining-tool/util.py", line 551, in extract_complexity_metrics
    v = ComplexityVisitor.from_code(code)
        ^^^^^^^^^^^^^^^^^^^^^^^^^^^^^^^^^
  File "/root/trabalho_super/venv_jupyter/lib/python3.12/site-packages/radon/visitors.py", line 133, in from_code
    return cls.from_ast(code2ast(code), **kwargs)
                        ^^^^^^^^^^^^^^
  File "/root/trabalho_super/venv_jupyter/lib/python3.12/site-packages/radon/visitors.py", line 48, in code2ast
    return ast.parse(source)
           ^^^^^^^^^^^^^^^^^
  File "/usr/lib/python3.12/ast.py", line 52, in parse
    return compile(source, filename, mode, flags,
           ^^^^^^^^^^^^^^^^^^^^^^^^^^^^^^^^^^^^^^
  File "<unknown>", line 7
    	if()
    ^
IndentationError: unexpected indent
2025-07-17 23:33:52,286 cblogger [ERROR]: 		Error while extracting halsted code metrics: unexpected indent (<unknown>, line 7)
Traceback (most recent call last):
  File "/root/trabalho_super/QuestionInsight/Etapa_1/codebench-mining-tool/util.py", line 569, in extract_halstead_metrics
    h = h_visit(code)
        ^^^^^^^^^^^^^
  File "/root/trabalho_super/venv_jupyter/lib/python3.12/site-packages/radon/metrics.py", line 29, in h_visit
    return h_visit_ast(ast.parse(code))
                       ^^^^^^^^^^^^^^^
  File "/usr/lib/python3.12/ast.py", line 52, in parse
    return compile(source, filename, mode, flags,
           ^^^^^^^^^^^^^^^^^^^^^^^^^^^^^^^^^^^^^^
  File "<unknown>", line 7
    	if()
    ^
IndentationError: unexpected indent
2025-07-17 23:33:52,293 cblogger [ERROR]: 		Error while extracting code complexity metrics: invalid syntax (<unknown>, line 3)
Traceback (most recent call last):
  File "/root/trabalho_super/QuestionInsight/Etapa_1/codebench-mining-tool/util.py", line 551, in extract_complexity_metrics
    v = ComplexityVisitor.from_code(code)
        ^^^^^^^^^^^^^^^^^^^^^^^^^^^^^^^^^
  File "/root/trabalho_super/venv_jupyter/lib/python3.12/site-packages/radon/visitors.py", line 133, in from_code
    return cls.from_ast(code2ast(code), **kwargs)
                        ^^^^^^^^^^^^^^
  File "/root/trabalho_super/venv_jupyter/lib/python3.12/site-packages/radon/visitors.py", line 48, in code2ast
    return ast.parse(source)
           ^^^^^^^^^^^^^^^^^
  File "/usr/lib/python3.12/ast.py", line 52, in parse
    return compile(source, filename, mode, flags,
           ^^^^^^^^^^^^^^^^^^^^^^^^^^^^^^^^^^^^^^
  File "<unknown>", line 3
    if((genero == "Masculino") and (peso>84.0 <=)):
                                                ^
SyntaxError: invalid syntax
2025-07-17 23:33:52,294 cblogger [ERROR]: 		Error while extracting halsted code metrics: invalid syntax (<unknown>, line 3)
Traceback (most recent call last):
  File "/root/trabalho_super/QuestionInsight/Etapa_1/codebench-mining-tool/util.py", line 569, in extract_halstead_metrics
    h = h_visit(code)
        ^^^^^^^^^^^^^
  File "/root/trabalho_super/venv_jupyter/lib/python3.12/site-packages/radon/metrics.py", line 29, in h_visit
    return h_visit_ast(ast.parse(code))
                       ^^^^^^^^^^^^^^^
  File "/usr/lib/python3.12/ast.py", line 52, in parse
    return compile(source, filename, mode, flags,
           ^^^^^^^^^^^^^^^^^^^^^^^^^^^^^^^^^^^^^^
  File "<unknown>", line 3
    if((genero == "Masculino") and (peso>84.0 <=)):
                                                ^
SyntaxError: invalid syntax
2025-07-17 23:33:52,438 cblogger [ERROR]: 		Error while extracting code complexity metrics: invalid syntax (<unknown>, line 1)
Traceback (most recent call last):
  File "/root/trabalho_super/QuestionInsight/Etapa_1/codebench-mining-tool/util.py", line 551, in extract_complexity_metrics
    v = ComplexityVisitor.from_code(code)
        ^^^^^^^^^^^^^^^^^^^^^^^^^^^^^^^^^
  File "/root/trabalho_super/venv_jupyter/lib/python3.12/site-packages/radon/visitors.py", line 133, in from_code
    return cls.from_ast(code2ast(code), **kwargs)
                        ^^^^^^^^^^^^^^
  File "/root/trabalho_super/venv_jupyter/lib/python3.12/site-packages/radon/visitors.py", line 48, in code2ast
    return ast.parse(source)
           ^^^^^^^^^^^^^^^^^
  File "/usr/lib/python3.12/ast.py", line 52, in parse
    return compile(source, filename, mode, flags,
           ^^^^^^^^^^^^^^^^^^^^^^^^^^^^^^^^^^^^^^
  File "<unknown>", line 1
    import from math
           ^^^^
SyntaxError: invalid syntax
2025-07-17 23:33:52,440 cblogger [ERROR]: 		Error while extracting halsted code metrics: invalid syntax (<unknown>, line 1)
Traceback (most recent call last):
  File "/root/trabalho_super/QuestionInsight/Etapa_1/codebench-mining-tool/util.py", line 569, in extract_halstead_metrics
    h = h_visit(code)
        ^^^^^^^^^^^^^
  File "/root/trabalho_super/venv_jupyter/lib/python3.12/site-packages/radon/metrics.py", line 29, in h_visit
    return h_visit_ast(ast.parse(code))
                       ^^^^^^^^^^^^^^^
  File "/usr/lib/python3.12/ast.py", line 52, in parse
    return compile(source, filename, mode, flags,
           ^^^^^^^^^^^^^^^^^^^^^^^^^^^^^^^^^^^^^^
  File "<unknown>", line 1
    import from math
           ^^^^
SyntaxError: invalid syntax
2025-07-17 23:33:52,486 cblogger [ERROR]: 		Error while extracting code complexity metrics: invalid syntax (<unknown>, line 2)
Traceback (most recent call last):
  File "/root/trabalho_super/QuestionInsight/Etapa_1/codebench-mining-tool/util.py", line 551, in extract_complexity_metrics
    v = ComplexityVisitor.from_code(code)
        ^^^^^^^^^^^^^^^^^^^^^^^^^^^^^^^^^
  File "/root/trabalho_super/venv_jupyter/lib/python3.12/site-packages/radon/visitors.py", line 133, in from_code
    return cls.from_ast(code2ast(code), **kwargs)
                        ^^^^^^^^^^^^^^
  File "/root/trabalho_super/venv_jupyter/lib/python3.12/site-packages/radon/visitors.py", line 48, in code2ast
    return ast.parse(source)
           ^^^^^^^^^^^^^^^^^
  File "/usr/lib/python3.12/ast.py", line 52, in parse
    return compile(source, filename, mode, flags,
           ^^^^^^^^^^^^^^^^^^^^^^^^^^^^^^^^^^^^^^
  File "<unknown>", line 2
    encomenda = 
                ^
SyntaxError: invalid syntax
2025-07-17 23:33:52,486 cblogger [ERROR]: 		Error while extracting halsted code metrics: invalid syntax (<unknown>, line 2)
Traceback (most recent call last):
  File "/root/trabalho_super/QuestionInsight/Etapa_1/codebench-mining-tool/util.py", line 569, in extract_halstead_metrics
    h = h_visit(code)
        ^^^^^^^^^^^^^
  File "/root/trabalho_super/venv_jupyter/lib/python3.12/site-packages/radon/metrics.py", line 29, in h_visit
    return h_visit_ast(ast.parse(code))
                       ^^^^^^^^^^^^^^^
  File "/usr/lib/python3.12/ast.py", line 52, in parse
    return compile(source, filename, mode, flags,
           ^^^^^^^^^^^^^^^^^^^^^^^^^^^^^^^^^^^^^^
  File "<unknown>", line 2
    encomenda = 
                ^
SyntaxError: invalid syntax
2025-07-17 23:33:52,540 cblogger [ERROR]: 		Error while extracting code complexity metrics: invalid syntax. Perhaps you forgot a comma? (<unknown>, line 1)
Traceback (most recent call last):
  File "/root/trabalho_super/QuestionInsight/Etapa_1/codebench-mining-tool/util.py", line 551, in extract_complexity_metrics
    v = ComplexityVisitor.from_code(code)
        ^^^^^^^^^^^^^^^^^^^^^^^^^^^^^^^^^
  File "/root/trabalho_super/venv_jupyter/lib/python3.12/site-packages/radon/visitors.py", line 133, in from_code
    return cls.from_ast(code2ast(code), **kwargs)
                        ^^^^^^^^^^^^^^
  File "/root/trabalho_super/venv_jupyter/lib/python3.12/site-packages/radon/visitors.py", line 48, in code2ast
    return ast.parse(source)
           ^^^^^^^^^^^^^^^^^
  File "/usr/lib/python3.12/ast.py", line 52, in parse
    return compile(source, filename, mode, flags,
           ^^^^^^^^^^^^^^^^^^^^^^^^^^^^^^^^^^^^^^
  File "<unknown>", line 1
    N = (1 1 2 3 5 8 13 21)
         ^^^
SyntaxError: invalid syntax. Perhaps you forgot a comma?
2025-07-17 23:33:52,541 cblogger [ERROR]: 		Error while extracting halsted code metrics: invalid syntax. Perhaps you forgot a comma? (<unknown>, line 1)
Traceback (most recent call last):
  File "/root/trabalho_super/QuestionInsight/Etapa_1/codebench-mining-tool/util.py", line 569, in extract_halstead_metrics
    h = h_visit(code)
        ^^^^^^^^^^^^^
  File "/root/trabalho_super/venv_jupyter/lib/python3.12/site-packages/radon/metrics.py", line 29, in h_visit
    return h_visit_ast(ast.parse(code))
                       ^^^^^^^^^^^^^^^
  File "/usr/lib/python3.12/ast.py", line 52, in parse
    return compile(source, filename, mode, flags,
           ^^^^^^^^^^^^^^^^^^^^^^^^^^^^^^^^^^^^^^
  File "<unknown>", line 1
    N = (1 1 2 3 5 8 13 21)
         ^^^
SyntaxError: invalid syntax. Perhaps you forgot a comma?
2025-07-17 23:33:52,552 cblogger [ERROR]: 		Error while extracting code complexity metrics: cannot assign to literal here. Maybe you meant '==' instead of '='? (<unknown>, line 3)
Traceback (most recent call last):
  File "/root/trabalho_super/QuestionInsight/Etapa_1/codebench-mining-tool/util.py", line 551, in extract_complexity_metrics
    v = ComplexityVisitor.from_code(code)
        ^^^^^^^^^^^^^^^^^^^^^^^^^^^^^^^^^
  File "/root/trabalho_super/venv_jupyter/lib/python3.12/site-packages/radon/visitors.py", line 133, in from_code
    return cls.from_ast(code2ast(code), **kwargs)
                        ^^^^^^^^^^^^^^
  File "/root/trabalho_super/venv_jupyter/lib/python3.12/site-packages/radon/visitors.py", line 48, in code2ast
    return ast.parse(source)
           ^^^^^^^^^^^^^^^^^
  File "/usr/lib/python3.12/ast.py", line 52, in parse
    return compile(source, filename, mode, flags,
           ^^^^^^^^^^^^^^^^^^^^^^^^^^^^^^^^^^^^^^
  File "<unknown>", line 3
    if (120 = 1*3 + 2*3 + 0*3):
        ^^^
SyntaxError: cannot assign to literal here. Maybe you meant '==' instead of '='?
2025-07-17 23:33:52,553 cblogger [ERROR]: 		Error while extracting halsted code metrics: cannot assign to literal here. Maybe you meant '==' instead of '='? (<unknown>, line 3)
Traceback (most recent call last):
  File "/root/trabalho_super/QuestionInsight/Etapa_1/codebench-mining-tool/util.py", line 569, in extract_halstead_metrics
    h = h_visit(code)
        ^^^^^^^^^^^^^
  File "/root/trabalho_super/venv_jupyter/lib/python3.12/site-packages/radon/metrics.py", line 29, in h_visit
    return h_visit_ast(ast.parse(code))
                       ^^^^^^^^^^^^^^^
  File "/usr/lib/python3.12/ast.py", line 52, in parse
    return compile(source, filename, mode, flags,
           ^^^^^^^^^^^^^^^^^^^^^^^^^^^^^^^^^^^^^^
  File "<unknown>", line 3
    if (120 = 1*3 + 2*3 + 0*3):
        ^^^
SyntaxError: cannot assign to literal here. Maybe you meant '==' instead of '='?
2025-07-17 23:33:52,604 cblogger [ERROR]: 		Error while extracting code complexity metrics: invalid non-printable character U+200B (<unknown>, line 16)
Traceback (most recent call last):
  File "/root/trabalho_super/QuestionInsight/Etapa_1/codebench-mining-tool/util.py", line 551, in extract_complexity_metrics
    v = ComplexityVisitor.from_code(code)
        ^^^^^^^^^^^^^^^^^^^^^^^^^^^^^^^^^
  File "/root/trabalho_super/venv_jupyter/lib/python3.12/site-packages/radon/visitors.py", line 133, in from_code
    return cls.from_ast(code2ast(code), **kwargs)
                        ^^^^^^^^^^^^^^
  File "/root/trabalho_super/venv_jupyter/lib/python3.12/site-packages/radon/visitors.py", line 48, in code2ast
    return ast.parse(source)
           ^^^^^^^^^^^^^^^^^
  File "/usr/lib/python3.12/ast.py", line 52, in parse
    return compile(source, filename, mode, flags,
           ^^^^^^^^^^^^^^^^^^^^^^^^^^^^^^^^^^^^^^
  File "<unknown>", line 16
    ​
    ^
SyntaxError: invalid non-printable character U+200B
2025-07-17 23:33:52,605 cblogger [ERROR]: 		Error while extracting halsted code metrics: invalid non-printable character U+200B (<unknown>, line 16)
Traceback (most recent call last):
  File "/root/trabalho_super/QuestionInsight/Etapa_1/codebench-mining-tool/util.py", line 569, in extract_halstead_metrics
    h = h_visit(code)
        ^^^^^^^^^^^^^
  File "/root/trabalho_super/venv_jupyter/lib/python3.12/site-packages/radon/metrics.py", line 29, in h_visit
    return h_visit_ast(ast.parse(code))
                       ^^^^^^^^^^^^^^^
  File "/usr/lib/python3.12/ast.py", line 52, in parse
    return compile(source, filename, mode, flags,
           ^^^^^^^^^^^^^^^^^^^^^^^^^^^^^^^^^^^^^^
  File "<unknown>", line 16
    ​
    ^
SyntaxError: invalid non-printable character U+200B
2025-07-17 23:33:52,802 cblogger [ERROR]: 		Error while extracting code complexity metrics: unexpected indent (<unknown>, line 16)
Traceback (most recent call last):
  File "/root/trabalho_super/QuestionInsight/Etapa_1/codebench-mining-tool/util.py", line 551, in extract_complexity_metrics
    v = ComplexityVisitor.from_code(code)
        ^^^^^^^^^^^^^^^^^^^^^^^^^^^^^^^^^
  File "/root/trabalho_super/venv_jupyter/lib/python3.12/site-packages/radon/visitors.py", line 133, in from_code
    return cls.from_ast(code2ast(code), **kwargs)
                        ^^^^^^^^^^^^^^
  File "/root/trabalho_super/venv_jupyter/lib/python3.12/site-packages/radon/visitors.py", line 48, in code2ast
    return ast.parse(source)
           ^^^^^^^^^^^^^^^^^
  File "/usr/lib/python3.12/ast.py", line 52, in parse
    return compile(source, filename, mode, flags,
           ^^^^^^^^^^^^^^^^^^^^^^^^^^^^^^^^^^^^^^
  File "<unknown>", line 16
    		if (a+b+c >0):
    	^
IndentationError: unexpected indent
2025-07-17 23:33:52,803 cblogger [ERROR]: 		Error while extracting halsted code metrics: unexpected indent (<unknown>, line 16)
Traceback (most recent call last):
  File "/root/trabalho_super/QuestionInsight/Etapa_1/codebench-mining-tool/util.py", line 569, in extract_halstead_metrics
    h = h_visit(code)
        ^^^^^^^^^^^^^
  File "/root/trabalho_super/venv_jupyter/lib/python3.12/site-packages/radon/metrics.py", line 29, in h_visit
    return h_visit_ast(ast.parse(code))
                       ^^^^^^^^^^^^^^^
  File "/usr/lib/python3.12/ast.py", line 52, in parse
    return compile(source, filename, mode, flags,
           ^^^^^^^^^^^^^^^^^^^^^^^^^^^^^^^^^^^^^^
  File "<unknown>", line 16
    		if (a+b+c >0):
    	^
IndentationError: unexpected indent
2025-07-17 23:33:54,081 cblogger [ERROR]: 		Error while extracting code complexity metrics: unexpected indent (<unknown>, line 1)
Traceback (most recent call last):
  File "/root/trabalho_super/QuestionInsight/Etapa_1/codebench-mining-tool/util.py", line 551, in extract_complexity_metrics
    v = ComplexityVisitor.from_code(code)
        ^^^^^^^^^^^^^^^^^^^^^^^^^^^^^^^^^
  File "/root/trabalho_super/venv_jupyter/lib/python3.12/site-packages/radon/visitors.py", line 133, in from_code
    return cls.from_ast(code2ast(code), **kwargs)
                        ^^^^^^^^^^^^^^
  File "/root/trabalho_super/venv_jupyter/lib/python3.12/site-packages/radon/visitors.py", line 48, in code2ast
    return ast.parse(source)
           ^^^^^^^^^^^^^^^^^
  File "/usr/lib/python3.12/ast.py", line 52, in parse
    return compile(source, filename, mode, flags,
           ^^^^^^^^^^^^^^^^^^^^^^^^^^^^^^^^^^^^^^
  File "<unknown>", line 1
    	frase=(input())
    ^
IndentationError: unexpected indent
2025-07-17 23:33:54,082 cblogger [ERROR]: 		Error while extracting halsted code metrics: unexpected indent (<unknown>, line 1)
Traceback (most recent call last):
  File "/root/trabalho_super/QuestionInsight/Etapa_1/codebench-mining-tool/util.py", line 569, in extract_halstead_metrics
    h = h_visit(code)
        ^^^^^^^^^^^^^
  File "/root/trabalho_super/venv_jupyter/lib/python3.12/site-packages/radon/metrics.py", line 29, in h_visit
    return h_visit_ast(ast.parse(code))
                       ^^^^^^^^^^^^^^^
  File "/usr/lib/python3.12/ast.py", line 52, in parse
    return compile(source, filename, mode, flags,
           ^^^^^^^^^^^^^^^^^^^^^^^^^^^^^^^^^^^^^^
  File "<unknown>", line 1
    	frase=(input())
    ^
IndentationError: unexpected indent
2025-07-17 23:33:54,187 cblogger [ERROR]: 		Error while extracting code complexity metrics: expected ':' (<unknown>, line 7)
Traceback (most recent call last):
  File "/root/trabalho_super/QuestionInsight/Etapa_1/codebench-mining-tool/util.py", line 551, in extract_complexity_metrics
    v = ComplexityVisitor.from_code(code)
        ^^^^^^^^^^^^^^^^^^^^^^^^^^^^^^^^^
  File "/root/trabalho_super/venv_jupyter/lib/python3.12/site-packages/radon/visitors.py", line 133, in from_code
    return cls.from_ast(code2ast(code), **kwargs)
                        ^^^^^^^^^^^^^^
  File "/root/trabalho_super/venv_jupyter/lib/python3.12/site-packages/radon/visitors.py", line 48, in code2ast
    return ast.parse(source)
           ^^^^^^^^^^^^^^^^^
  File "/usr/lib/python3.12/ast.py", line 52, in parse
    return compile(source, filename, mode, flags,
           ^^^^^^^^^^^^^^^^^^^^^^^^^^^^^^^^^^^^^^
  File "<unknown>", line 7
    if (num % 2 == 0)
                     ^
SyntaxError: expected ':'
2025-07-17 23:33:54,187 cblogger [ERROR]: 		Error while extracting halsted code metrics: expected ':' (<unknown>, line 7)
Traceback (most recent call last):
  File "/root/trabalho_super/QuestionInsight/Etapa_1/codebench-mining-tool/util.py", line 569, in extract_halstead_metrics
    h = h_visit(code)
        ^^^^^^^^^^^^^
  File "/root/trabalho_super/venv_jupyter/lib/python3.12/site-packages/radon/metrics.py", line 29, in h_visit
    return h_visit_ast(ast.parse(code))
                       ^^^^^^^^^^^^^^^
  File "/usr/lib/python3.12/ast.py", line 52, in parse
    return compile(source, filename, mode, flags,
           ^^^^^^^^^^^^^^^^^^^^^^^^^^^^^^^^^^^^^^
  File "<unknown>", line 7
    if (num % 2 == 0)
                     ^
SyntaxError: expected ':'
2025-07-17 23:33:54,198 cblogger [ERROR]: 		Error while extracting code complexity metrics: invalid decimal literal (<unknown>, line 5)
Traceback (most recent call last):
  File "/root/trabalho_super/QuestionInsight/Etapa_1/codebench-mining-tool/util.py", line 551, in extract_complexity_metrics
    v = ComplexityVisitor.from_code(code)
        ^^^^^^^^^^^^^^^^^^^^^^^^^^^^^^^^^
  File "/root/trabalho_super/venv_jupyter/lib/python3.12/site-packages/radon/visitors.py", line 133, in from_code
    return cls.from_ast(code2ast(code), **kwargs)
                        ^^^^^^^^^^^^^^
  File "/root/trabalho_super/venv_jupyter/lib/python3.12/site-packages/radon/visitors.py", line 48, in code2ast
    return ast.parse(source)
           ^^^^^^^^^^^^^^^^^
  File "/usr/lib/python3.12/ast.py", line 52, in parse
    return compile(source, filename, mode, flags,
           ^^^^^^^^^^^^^^^^^^^^^^^^^^^^^^^^^^^^^^
  File "<unknown>", line 5
    a=  b**2 + c**2 - 2bc 
                      ^
SyntaxError: invalid decimal literal
2025-07-17 23:33:54,199 cblogger [ERROR]: 		Error while extracting halsted code metrics: invalid decimal literal (<unknown>, line 5)
Traceback (most recent call last):
  File "/root/trabalho_super/QuestionInsight/Etapa_1/codebench-mining-tool/util.py", line 569, in extract_halstead_metrics
    h = h_visit(code)
        ^^^^^^^^^^^^^
  File "/root/trabalho_super/venv_jupyter/lib/python3.12/site-packages/radon/metrics.py", line 29, in h_visit
    return h_visit_ast(ast.parse(code))
                       ^^^^^^^^^^^^^^^
  File "/usr/lib/python3.12/ast.py", line 52, in parse
    return compile(source, filename, mode, flags,
           ^^^^^^^^^^^^^^^^^^^^^^^^^^^^^^^^^^^^^^
  File "<unknown>", line 5
    a=  b**2 + c**2 - 2bc 
                      ^
SyntaxError: invalid decimal literal
2025-07-17 23:33:54,205 cblogger [ERROR]: 		Error while extracting code complexity metrics: invalid decimal literal (<unknown>, line 1)
Traceback (most recent call last):
  File "/root/trabalho_super/QuestionInsight/Etapa_1/codebench-mining-tool/util.py", line 551, in extract_complexity_metrics
    v = ComplexityVisitor.from_code(code)
        ^^^^^^^^^^^^^^^^^^^^^^^^^^^^^^^^^
  File "/root/trabalho_super/venv_jupyter/lib/python3.12/site-packages/radon/visitors.py", line 133, in from_code
    return cls.from_ast(code2ast(code), **kwargs)
                        ^^^^^^^^^^^^^^
  File "/root/trabalho_super/venv_jupyter/lib/python3.12/site-packages/radon/visitors.py", line 48, in code2ast
    return ast.parse(source)
           ^^^^^^^^^^^^^^^^^
  File "/usr/lib/python3.12/ast.py", line 52, in parse
    return compile(source, filename, mode, flags,
           ^^^^^^^^^^^^^^^^^^^^^^^^^^^^^^^^^^^^^^
  File "<unknown>", line 1
    http://codebench.icomp.ufam.edu.br/index.php?r=trabalho%2Fview&id=2007#tab-nota
                                                            ^
SyntaxError: invalid decimal literal
2025-07-17 23:33:54,206 cblogger [ERROR]: 		Error while extracting halsted code metrics: invalid decimal literal (<unknown>, line 1)
Traceback (most recent call last):
  File "/root/trabalho_super/QuestionInsight/Etapa_1/codebench-mining-tool/util.py", line 569, in extract_halstead_metrics
    h = h_visit(code)
        ^^^^^^^^^^^^^
  File "/root/trabalho_super/venv_jupyter/lib/python3.12/site-packages/radon/metrics.py", line 29, in h_visit
    return h_visit_ast(ast.parse(code))
                       ^^^^^^^^^^^^^^^
  File "/usr/lib/python3.12/ast.py", line 52, in parse
    return compile(source, filename, mode, flags,
           ^^^^^^^^^^^^^^^^^^^^^^^^^^^^^^^^^^^^^^
  File "<unknown>", line 1
    http://codebench.icomp.ufam.edu.br/index.php?r=trabalho%2Fview&id=2007#tab-nota
                                                            ^
SyntaxError: invalid decimal literal
2025-07-17 23:33:54,207 cblogger [ERROR]: 		Error while extracting code token based metrics: 55
Traceback (most recent call last):
  File "/root/trabalho_super/QuestionInsight/Etapa_1/codebench-mining-tool/util.py", line 633, in extract_token_metrics
    setattr(obj, TOKEN_NAMES[k], v)
                 ~~~~~~~~~~~^^^
KeyError: 55
2025-07-17 23:33:54,294 cblogger [ERROR]: 		Error while extracting code complexity metrics: invalid syntax. Perhaps you forgot a comma? (<unknown>, line 1)
Traceback (most recent call last):
  File "/root/trabalho_super/QuestionInsight/Etapa_1/codebench-mining-tool/util.py", line 551, in extract_complexity_metrics
    v = ComplexityVisitor.from_code(code)
        ^^^^^^^^^^^^^^^^^^^^^^^^^^^^^^^^^
  File "/root/trabalho_super/venv_jupyter/lib/python3.12/site-packages/radon/visitors.py", line 133, in from_code
    return cls.from_ast(code2ast(code), **kwargs)
                        ^^^^^^^^^^^^^^
  File "/root/trabalho_super/venv_jupyter/lib/python3.12/site-packages/radon/visitors.py", line 48, in code2ast
    return ast.parse(source)
           ^^^^^^^^^^^^^^^^^
  File "/usr/lib/python3.12/ast.py", line 52, in parse
    return compile(source, filename, mode, flags,
           ^^^^^^^^^^^^^^^^^^^^^^^^^^^^^^^^^^^^^^
  File "<unknown>", line 1
    print(digite um valor)
          ^^^^^^^^^
SyntaxError: invalid syntax. Perhaps you forgot a comma?
2025-07-17 23:33:54,297 cblogger [ERROR]: 		Error while extracting halsted code metrics: invalid syntax. Perhaps you forgot a comma? (<unknown>, line 1)
Traceback (most recent call last):
  File "/root/trabalho_super/QuestionInsight/Etapa_1/codebench-mining-tool/util.py", line 569, in extract_halstead_metrics
    h = h_visit(code)
        ^^^^^^^^^^^^^
  File "/root/trabalho_super/venv_jupyter/lib/python3.12/site-packages/radon/metrics.py", line 29, in h_visit
    return h_visit_ast(ast.parse(code))
                       ^^^^^^^^^^^^^^^
  File "/usr/lib/python3.12/ast.py", line 52, in parse
    return compile(source, filename, mode, flags,
           ^^^^^^^^^^^^^^^^^^^^^^^^^^^^^^^^^^^^^^
  File "<unknown>", line 1
    print(digite um valor)
          ^^^^^^^^^
SyntaxError: invalid syntax. Perhaps you forgot a comma?
2025-07-17 23:33:54,352 cblogger [ERROR]: 		Error while extracting code complexity metrics: invalid syntax (<unknown>, line 1)
Traceback (most recent call last):
  File "/root/trabalho_super/QuestionInsight/Etapa_1/codebench-mining-tool/util.py", line 551, in extract_complexity_metrics
    v = ComplexityVisitor.from_code(code)
        ^^^^^^^^^^^^^^^^^^^^^^^^^^^^^^^^^
  File "/root/trabalho_super/venv_jupyter/lib/python3.12/site-packages/radon/visitors.py", line 133, in from_code
    return cls.from_ast(code2ast(code), **kwargs)
                        ^^^^^^^^^^^^^^
  File "/root/trabalho_super/venv_jupyter/lib/python3.12/site-packages/radon/visitors.py", line 48, in code2ast
    return ast.parse(source)
           ^^^^^^^^^^^^^^^^^
  File "/usr/lib/python3.12/ast.py", line 52, in parse
    return compile(source, filename, mode, flags,
           ^^^^^^^^^^^^^^^^^^^^^^^^^^^^^^^^^^^^^^
  File "<unknown>", line 1
    raio r= float()
         ^
SyntaxError: invalid syntax
2025-07-17 23:33:54,353 cblogger [ERROR]: 		Error while extracting halsted code metrics: invalid syntax (<unknown>, line 1)
Traceback (most recent call last):
  File "/root/trabalho_super/QuestionInsight/Etapa_1/codebench-mining-tool/util.py", line 569, in extract_halstead_metrics
    h = h_visit(code)
        ^^^^^^^^^^^^^
  File "/root/trabalho_super/venv_jupyter/lib/python3.12/site-packages/radon/metrics.py", line 29, in h_visit
    return h_visit_ast(ast.parse(code))
                       ^^^^^^^^^^^^^^^
  File "/usr/lib/python3.12/ast.py", line 52, in parse
    return compile(source, filename, mode, flags,
           ^^^^^^^^^^^^^^^^^^^^^^^^^^^^^^^^^^^^^^
  File "<unknown>", line 1
    raio r= float()
         ^
SyntaxError: invalid syntax
2025-07-17 23:33:54,366 cblogger [ERROR]: 		Error while extracting code complexity metrics: invalid syntax (<unknown>, line 8)
Traceback (most recent call last):
  File "/root/trabalho_super/QuestionInsight/Etapa_1/codebench-mining-tool/util.py", line 551, in extract_complexity_metrics
    v = ComplexityVisitor.from_code(code)
        ^^^^^^^^^^^^^^^^^^^^^^^^^^^^^^^^^
  File "/root/trabalho_super/venv_jupyter/lib/python3.12/site-packages/radon/visitors.py", line 133, in from_code
    return cls.from_ast(code2ast(code), **kwargs)
                        ^^^^^^^^^^^^^^
  File "/root/trabalho_super/venv_jupyter/lib/python3.12/site-packages/radon/visitors.py", line 48, in code2ast
    return ast.parse(source)
           ^^^^^^^^^^^^^^^^^
  File "/usr/lib/python3.12/ast.py", line 52, in parse
    return compile(source, filename, mode, flags,
           ^^^^^^^^^^^^^^^^^^^^^^^^^^^^^^^^^^^^^^
  File "<unknown>", line 8
    total = 
            ^
SyntaxError: invalid syntax
2025-07-17 23:33:54,366 cblogger [ERROR]: 		Error while extracting halsted code metrics: invalid syntax (<unknown>, line 8)
Traceback (most recent call last):
  File "/root/trabalho_super/QuestionInsight/Etapa_1/codebench-mining-tool/util.py", line 569, in extract_halstead_metrics
    h = h_visit(code)
        ^^^^^^^^^^^^^
  File "/root/trabalho_super/venv_jupyter/lib/python3.12/site-packages/radon/metrics.py", line 29, in h_visit
    return h_visit_ast(ast.parse(code))
                       ^^^^^^^^^^^^^^^
  File "/usr/lib/python3.12/ast.py", line 52, in parse
    return compile(source, filename, mode, flags,
           ^^^^^^^^^^^^^^^^^^^^^^^^^^^^^^^^^^^^^^
  File "<unknown>", line 8
    total = 
            ^
SyntaxError: invalid syntax
2025-07-17 23:33:54,757 cblogger [ERROR]: 		Error while extracting code complexity metrics: '(' was never closed (<unknown>, line 6)
Traceback (most recent call last):
  File "/root/trabalho_super/QuestionInsight/Etapa_1/codebench-mining-tool/util.py", line 551, in extract_complexity_metrics
    v = ComplexityVisitor.from_code(code)
        ^^^^^^^^^^^^^^^^^^^^^^^^^^^^^^^^^
  File "/root/trabalho_super/venv_jupyter/lib/python3.12/site-packages/radon/visitors.py", line 133, in from_code
    return cls.from_ast(code2ast(code), **kwargs)
                        ^^^^^^^^^^^^^^
  File "/root/trabalho_super/venv_jupyter/lib/python3.12/site-packages/radon/visitors.py", line 48, in code2ast
    return ast.parse(source)
           ^^^^^^^^^^^^^^^^^
  File "/usr/lib/python3.12/ast.py", line 52, in parse
    return compile(source, filename, mode, flags,
           ^^^^^^^^^^^^^^^^^^^^^^^^^^^^^^^^^^^^^^
  File "<unknown>", line 6
    print(round(x,2)
         ^
SyntaxError: '(' was never closed
2025-07-17 23:33:54,757 cblogger [ERROR]: 		Error while extracting code size based metrics: SyntaxError at line: 6
Traceback (most recent call last):
  File "/root/trabalho_super/venv_jupyter/lib/python3.12/site-packages/radon/raw.py", line 210, in analyze
    tokens, parsed_lines = _get_all_tokens(line, lines)
                           ^^^^^^^^^^^^^^^^^^^^^^^^^^^^
  File "/root/trabalho_super/venv_jupyter/lib/python3.12/site-packages/radon/raw.py", line 117, in _get_all_tokens
    next_line = next(lines)
                ^^^^^^^^^^^
StopIteration

During handling of the above exception, another exception occurred:

Traceback (most recent call last):
  File "/root/trabalho_super/QuestionInsight/Etapa_1/codebench-mining-tool/util.py", line 560, in extract_size_metrics
    a = analyze(code)
        ^^^^^^^^^^^^^
  File "/root/trabalho_super/venv_jupyter/lib/python3.12/site-packages/radon/raw.py", line 212, in analyze
    raise SyntaxError('SyntaxError at line: {0}'.format(lineno))
SyntaxError: SyntaxError at line: 6
2025-07-17 23:33:54,758 cblogger [ERROR]: 		Error while extracting halsted code metrics: '(' was never closed (<unknown>, line 6)
Traceback (most recent call last):
  File "/root/trabalho_super/QuestionInsight/Etapa_1/codebench-mining-tool/util.py", line 569, in extract_halstead_metrics
    h = h_visit(code)
        ^^^^^^^^^^^^^
  File "/root/trabalho_super/venv_jupyter/lib/python3.12/site-packages/radon/metrics.py", line 29, in h_visit
    return h_visit_ast(ast.parse(code))
                       ^^^^^^^^^^^^^^^
  File "/usr/lib/python3.12/ast.py", line 52, in parse
    return compile(source, filename, mode, flags,
           ^^^^^^^^^^^^^^^^^^^^^^^^^^^^^^^^^^^^^^
  File "<unknown>", line 6
    print(round(x,2)
         ^
SyntaxError: '(' was never closed
2025-07-17 23:33:54,771 cblogger [ERROR]: 		Error while extracting code complexity metrics: unexpected indent (<unknown>, line 4)
Traceback (most recent call last):
  File "/root/trabalho_super/QuestionInsight/Etapa_1/codebench-mining-tool/util.py", line 551, in extract_complexity_metrics
    v = ComplexityVisitor.from_code(code)
        ^^^^^^^^^^^^^^^^^^^^^^^^^^^^^^^^^
  File "/root/trabalho_super/venv_jupyter/lib/python3.12/site-packages/radon/visitors.py", line 133, in from_code
    return cls.from_ast(code2ast(code), **kwargs)
                        ^^^^^^^^^^^^^^
  File "/root/trabalho_super/venv_jupyter/lib/python3.12/site-packages/radon/visitors.py", line 48, in code2ast
    return ast.parse(source)
           ^^^^^^^^^^^^^^^^^
  File "/usr/lib/python3.12/ast.py", line 52, in parse
    return compile(source, filename, mode, flags,
           ^^^^^^^^^^^^^^^^^^^^^^^^^^^^^^^^^^^^^^
  File "<unknown>", line 4
    from math import*
IndentationError: unexpected indent
2025-07-17 23:33:54,774 cblogger [ERROR]: 		Error while extracting code size based metrics: SyntaxError at line: 5
Traceback (most recent call last):
  File "/root/trabalho_super/venv_jupyter/lib/python3.12/site-packages/radon/raw.py", line 210, in analyze
    tokens, parsed_lines = _get_all_tokens(line, lines)
                           ^^^^^^^^^^^^^^^^^^^^^^^^^^^^
  File "/root/trabalho_super/venv_jupyter/lib/python3.12/site-packages/radon/raw.py", line 117, in _get_all_tokens
    next_line = next(lines)
                ^^^^^^^^^^^
StopIteration

During handling of the above exception, another exception occurred:

Traceback (most recent call last):
  File "/root/trabalho_super/QuestionInsight/Etapa_1/codebench-mining-tool/util.py", line 560, in extract_size_metrics
    a = analyze(code)
        ^^^^^^^^^^^^^
  File "/root/trabalho_super/venv_jupyter/lib/python3.12/site-packages/radon/raw.py", line 212, in analyze
    raise SyntaxError('SyntaxError at line: {0}'.format(lineno))
SyntaxError: SyntaxError at line: 5
2025-07-17 23:33:54,775 cblogger [ERROR]: 		Error while extracting halsted code metrics: unexpected indent (<unknown>, line 4)
Traceback (most recent call last):
  File "/root/trabalho_super/QuestionInsight/Etapa_1/codebench-mining-tool/util.py", line 569, in extract_halstead_metrics
    h = h_visit(code)
        ^^^^^^^^^^^^^
  File "/root/trabalho_super/venv_jupyter/lib/python3.12/site-packages/radon/metrics.py", line 29, in h_visit
    return h_visit_ast(ast.parse(code))
                       ^^^^^^^^^^^^^^^
  File "/usr/lib/python3.12/ast.py", line 52, in parse
    return compile(source, filename, mode, flags,
           ^^^^^^^^^^^^^^^^^^^^^^^^^^^^^^^^^^^^^^
  File "<unknown>", line 4
    from math import*
IndentationError: unexpected indent
2025-07-17 23:33:54,781 cblogger [ERROR]: 		Error while extracting code complexity metrics: '(' was never closed (<unknown>, line 1)
Traceback (most recent call last):
  File "/root/trabalho_super/QuestionInsight/Etapa_1/codebench-mining-tool/util.py", line 551, in extract_complexity_metrics
    v = ComplexityVisitor.from_code(code)
        ^^^^^^^^^^^^^^^^^^^^^^^^^^^^^^^^^
  File "/root/trabalho_super/venv_jupyter/lib/python3.12/site-packages/radon/visitors.py", line 133, in from_code
    return cls.from_ast(code2ast(code), **kwargs)
                        ^^^^^^^^^^^^^^
  File "/root/trabalho_super/venv_jupyter/lib/python3.12/site-packages/radon/visitors.py", line 48, in code2ast
    return ast.parse(source)
           ^^^^^^^^^^^^^^^^^
  File "/usr/lib/python3.12/ast.py", line 52, in parse
    return compile(source, filename, mode, flags,
           ^^^^^^^^^^^^^^^^^^^^^^^^^^^^^^^^^^^^^^
  File "<unknown>", line 1
    var1= int(input("difite o valor de 4 d")
             ^
SyntaxError: '(' was never closed
2025-07-17 23:33:54,781 cblogger [ERROR]: 		Error while extracting code size based metrics: SyntaxError at line: 1
Traceback (most recent call last):
  File "/root/trabalho_super/venv_jupyter/lib/python3.12/site-packages/radon/raw.py", line 210, in analyze
    tokens, parsed_lines = _get_all_tokens(line, lines)
                           ^^^^^^^^^^^^^^^^^^^^^^^^^^^^
  File "/root/trabalho_super/venv_jupyter/lib/python3.12/site-packages/radon/raw.py", line 117, in _get_all_tokens
    next_line = next(lines)
                ^^^^^^^^^^^
StopIteration

During handling of the above exception, another exception occurred:

Traceback (most recent call last):
  File "/root/trabalho_super/QuestionInsight/Etapa_1/codebench-mining-tool/util.py", line 560, in extract_size_metrics
    a = analyze(code)
        ^^^^^^^^^^^^^
  File "/root/trabalho_super/venv_jupyter/lib/python3.12/site-packages/radon/raw.py", line 212, in analyze
    raise SyntaxError('SyntaxError at line: {0}'.format(lineno))
SyntaxError: SyntaxError at line: 1
2025-07-17 23:33:54,782 cblogger [ERROR]: 		Error while extracting halsted code metrics: '(' was never closed (<unknown>, line 1)
Traceback (most recent call last):
  File "/root/trabalho_super/QuestionInsight/Etapa_1/codebench-mining-tool/util.py", line 569, in extract_halstead_metrics
    h = h_visit(code)
        ^^^^^^^^^^^^^
  File "/root/trabalho_super/venv_jupyter/lib/python3.12/site-packages/radon/metrics.py", line 29, in h_visit
    return h_visit_ast(ast.parse(code))
                       ^^^^^^^^^^^^^^^
  File "/usr/lib/python3.12/ast.py", line 52, in parse
    return compile(source, filename, mode, flags,
           ^^^^^^^^^^^^^^^^^^^^^^^^^^^^^^^^^^^^^^
  File "<unknown>", line 1
    var1= int(input("difite o valor de 4 d")
             ^
SyntaxError: '(' was never closed
2025-07-17 23:33:54,957 cblogger [ERROR]: 		Error while extracting code complexity metrics: '(' was never closed (<unknown>, line 6)
Traceback (most recent call last):
  File "/root/trabalho_super/QuestionInsight/Etapa_1/codebench-mining-tool/util.py", line 551, in extract_complexity_metrics
    v = ComplexityVisitor.from_code(code)
        ^^^^^^^^^^^^^^^^^^^^^^^^^^^^^^^^^
  File "/root/trabalho_super/venv_jupyter/lib/python3.12/site-packages/radon/visitors.py", line 133, in from_code
    return cls.from_ast(code2ast(code), **kwargs)
                        ^^^^^^^^^^^^^^
  File "/root/trabalho_super/venv_jupyter/lib/python3.12/site-packages/radon/visitors.py", line 48, in code2ast
    return ast.parse(source)
           ^^^^^^^^^^^^^^^^^
  File "/usr/lib/python3.12/ast.py", line 52, in parse
    return compile(source, filename, mode, flags,
           ^^^^^^^^^^^^^^^^^^^^^^^^^^^^^^^^^^^^^^
  File "<unknown>", line 6
    print=(round(total,n)
          ^
SyntaxError: '(' was never closed
2025-07-17 23:33:54,958 cblogger [ERROR]: 		Error while extracting code size based metrics: SyntaxError at line: 6
Traceback (most recent call last):
  File "/root/trabalho_super/venv_jupyter/lib/python3.12/site-packages/radon/raw.py", line 210, in analyze
    tokens, parsed_lines = _get_all_tokens(line, lines)
                           ^^^^^^^^^^^^^^^^^^^^^^^^^^^^
  File "/root/trabalho_super/venv_jupyter/lib/python3.12/site-packages/radon/raw.py", line 117, in _get_all_tokens
    next_line = next(lines)
                ^^^^^^^^^^^
StopIteration

During handling of the above exception, another exception occurred:

Traceback (most recent call last):
  File "/root/trabalho_super/QuestionInsight/Etapa_1/codebench-mining-tool/util.py", line 560, in extract_size_metrics
    a = analyze(code)
        ^^^^^^^^^^^^^
  File "/root/trabalho_super/venv_jupyter/lib/python3.12/site-packages/radon/raw.py", line 212, in analyze
    raise SyntaxError('SyntaxError at line: {0}'.format(lineno))
SyntaxError: SyntaxError at line: 6
2025-07-17 23:33:54,959 cblogger [ERROR]: 		Error while extracting halsted code metrics: '(' was never closed (<unknown>, line 6)
Traceback (most recent call last):
  File "/root/trabalho_super/QuestionInsight/Etapa_1/codebench-mining-tool/util.py", line 569, in extract_halstead_metrics
    h = h_visit(code)
        ^^^^^^^^^^^^^
  File "/root/trabalho_super/venv_jupyter/lib/python3.12/site-packages/radon/metrics.py", line 29, in h_visit
    return h_visit_ast(ast.parse(code))
                       ^^^^^^^^^^^^^^^
  File "/usr/lib/python3.12/ast.py", line 52, in parse
    return compile(source, filename, mode, flags,
           ^^^^^^^^^^^^^^^^^^^^^^^^^^^^^^^^^^^^^^
  File "<unknown>", line 6
    print=(round(total,n)
          ^
SyntaxError: '(' was never closed
2025-07-17 23:33:55,070 cblogger [ERROR]: 		Error while extracting code complexity metrics: invalid syntax (<unknown>, line 5)
Traceback (most recent call last):
  File "/root/trabalho_super/QuestionInsight/Etapa_1/codebench-mining-tool/util.py", line 551, in extract_complexity_metrics
    v = ComplexityVisitor.from_code(code)
        ^^^^^^^^^^^^^^^^^^^^^^^^^^^^^^^^^
  File "/root/trabalho_super/venv_jupyter/lib/python3.12/site-packages/radon/visitors.py", line 133, in from_code
    return cls.from_ast(code2ast(code), **kwargs)
                        ^^^^^^^^^^^^^^
  File "/root/trabalho_super/venv_jupyter/lib/python3.12/site-packages/radon/visitors.py", line 48, in code2ast
    return ast.parse(source)
           ^^^^^^^^^^^^^^^^^
  File "/usr/lib/python3.12/ast.py", line 52, in parse
    return compile(source, filename, mode, flags,
           ^^^^^^^^^^^^^^^^^^^^^^^^^^^^^^^^^^^^^^
  File "<unknown>", line 5
    else:
    ^^^^
SyntaxError: invalid syntax
2025-07-17 23:33:55,070 cblogger [ERROR]: 		Error while extracting code size based metrics: SyntaxError at line: 4
Traceback (most recent call last):
  File "/root/trabalho_super/venv_jupyter/lib/python3.12/site-packages/radon/raw.py", line 210, in analyze
    tokens, parsed_lines = _get_all_tokens(line, lines)
                           ^^^^^^^^^^^^^^^^^^^^^^^^^^^^
  File "/root/trabalho_super/venv_jupyter/lib/python3.12/site-packages/radon/raw.py", line 117, in _get_all_tokens
    next_line = next(lines)
                ^^^^^^^^^^^
StopIteration

During handling of the above exception, another exception occurred:

Traceback (most recent call last):
  File "/root/trabalho_super/QuestionInsight/Etapa_1/codebench-mining-tool/util.py", line 560, in extract_size_metrics
    a = analyze(code)
        ^^^^^^^^^^^^^
  File "/root/trabalho_super/venv_jupyter/lib/python3.12/site-packages/radon/raw.py", line 212, in analyze
    raise SyntaxError('SyntaxError at line: {0}'.format(lineno))
SyntaxError: SyntaxError at line: 4
2025-07-17 23:33:55,071 cblogger [ERROR]: 		Error while extracting halsted code metrics: invalid syntax (<unknown>, line 5)
Traceback (most recent call last):
  File "/root/trabalho_super/QuestionInsight/Etapa_1/codebench-mining-tool/util.py", line 569, in extract_halstead_metrics
    h = h_visit(code)
        ^^^^^^^^^^^^^
  File "/root/trabalho_super/venv_jupyter/lib/python3.12/site-packages/radon/metrics.py", line 29, in h_visit
    return h_visit_ast(ast.parse(code))
                       ^^^^^^^^^^^^^^^
  File "/usr/lib/python3.12/ast.py", line 52, in parse
    return compile(source, filename, mode, flags,
           ^^^^^^^^^^^^^^^^^^^^^^^^^^^^^^^^^^^^^^
  File "<unknown>", line 5
    else:
    ^^^^
SyntaxError: invalid syntax
2025-07-17 23:33:55,078 cblogger [ERROR]: 		Error while extracting code complexity metrics: '(' was never closed (<unknown>, line 3)
Traceback (most recent call last):
  File "/root/trabalho_super/QuestionInsight/Etapa_1/codebench-mining-tool/util.py", line 551, in extract_complexity_metrics
    v = ComplexityVisitor.from_code(code)
        ^^^^^^^^^^^^^^^^^^^^^^^^^^^^^^^^^
  File "/root/trabalho_super/venv_jupyter/lib/python3.12/site-packages/radon/visitors.py", line 133, in from_code
    return cls.from_ast(code2ast(code), **kwargs)
                        ^^^^^^^^^^^^^^
  File "/root/trabalho_super/venv_jupyter/lib/python3.12/site-packages/radon/visitors.py", line 48, in code2ast
    return ast.parse(source)
           ^^^^^^^^^^^^^^^^^
  File "/usr/lib/python3.12/ast.py", line 52, in parse
    return compile(source, filename, mode, flags,
           ^^^^^^^^^^^^^^^^^^^^^^^^^^^^^^^^^^^^^^
  File "<unknown>", line 3
    x = 1 - (factorial(365)/factorial(365 - n)) * (1/(365**n) 
                                                  ^
SyntaxError: '(' was never closed
2025-07-17 23:33:55,079 cblogger [ERROR]: 		Error while extracting code size based metrics: SyntaxError at line: 3
Traceback (most recent call last):
  File "/root/trabalho_super/venv_jupyter/lib/python3.12/site-packages/radon/raw.py", line 210, in analyze
    tokens, parsed_lines = _get_all_tokens(line, lines)
                           ^^^^^^^^^^^^^^^^^^^^^^^^^^^^
  File "/root/trabalho_super/venv_jupyter/lib/python3.12/site-packages/radon/raw.py", line 117, in _get_all_tokens
    next_line = next(lines)
                ^^^^^^^^^^^
StopIteration

During handling of the above exception, another exception occurred:

Traceback (most recent call last):
  File "/root/trabalho_super/QuestionInsight/Etapa_1/codebench-mining-tool/util.py", line 560, in extract_size_metrics
    a = analyze(code)
        ^^^^^^^^^^^^^
  File "/root/trabalho_super/venv_jupyter/lib/python3.12/site-packages/radon/raw.py", line 212, in analyze
    raise SyntaxError('SyntaxError at line: {0}'.format(lineno))
SyntaxError: SyntaxError at line: 3
2025-07-17 23:33:55,079 cblogger [ERROR]: 		Error while extracting halsted code metrics: '(' was never closed (<unknown>, line 3)
Traceback (most recent call last):
  File "/root/trabalho_super/QuestionInsight/Etapa_1/codebench-mining-tool/util.py", line 569, in extract_halstead_metrics
    h = h_visit(code)
        ^^^^^^^^^^^^^
  File "/root/trabalho_super/venv_jupyter/lib/python3.12/site-packages/radon/metrics.py", line 29, in h_visit
    return h_visit_ast(ast.parse(code))
                       ^^^^^^^^^^^^^^^
  File "/usr/lib/python3.12/ast.py", line 52, in parse
    return compile(source, filename, mode, flags,
           ^^^^^^^^^^^^^^^^^^^^^^^^^^^^^^^^^^^^^^
  File "<unknown>", line 3
    x = 1 - (factorial(365)/factorial(365 - n)) * (1/(365**n) 
                                                  ^
SyntaxError: '(' was never closed
2025-07-17 23:33:55,162 cblogger [ERROR]: 		Error while extracting code complexity metrics: invalid syntax (<unknown>, line 7)
Traceback (most recent call last):
  File "/root/trabalho_super/QuestionInsight/Etapa_1/codebench-mining-tool/util.py", line 551, in extract_complexity_metrics
    v = ComplexityVisitor.from_code(code)
        ^^^^^^^^^^^^^^^^^^^^^^^^^^^^^^^^^
  File "/root/trabalho_super/venv_jupyter/lib/python3.12/site-packages/radon/visitors.py", line 133, in from_code
    return cls.from_ast(code2ast(code), **kwargs)
                        ^^^^^^^^^^^^^^
  File "/root/trabalho_super/venv_jupyter/lib/python3.12/site-packages/radon/visitors.py", line 48, in code2ast
    return ast.parse(source)
           ^^^^^^^^^^^^^^^^^
  File "/usr/lib/python3.12/ast.py", line 52, in parse
    return compile(source, filename, mode, flags,
           ^^^^^^^^^^^^^^^^^^^^^^^^^^^^^^^^^^^^^^
  File "<unknown>", line 7
    if (num: 2 == 0)
           ^
SyntaxError: invalid syntax
2025-07-17 23:33:55,163 cblogger [ERROR]: 		Error while extracting halsted code metrics: invalid syntax (<unknown>, line 7)
Traceback (most recent call last):
  File "/root/trabalho_super/QuestionInsight/Etapa_1/codebench-mining-tool/util.py", line 569, in extract_halstead_metrics
    h = h_visit(code)
        ^^^^^^^^^^^^^
  File "/root/trabalho_super/venv_jupyter/lib/python3.12/site-packages/radon/metrics.py", line 29, in h_visit
    return h_visit_ast(ast.parse(code))
                       ^^^^^^^^^^^^^^^
  File "/usr/lib/python3.12/ast.py", line 52, in parse
    return compile(source, filename, mode, flags,
           ^^^^^^^^^^^^^^^^^^^^^^^^^^^^^^^^^^^^^^
  File "<unknown>", line 7
    if (num: 2 == 0)
           ^
SyntaxError: invalid syntax
2025-07-17 23:33:55,309 cblogger [ERROR]: 		Error while extracting code complexity metrics: expected '(' (<unknown>, line 4)
Traceback (most recent call last):
  File "/root/trabalho_super/QuestionInsight/Etapa_1/codebench-mining-tool/util.py", line 551, in extract_complexity_metrics
    v = ComplexityVisitor.from_code(code)
        ^^^^^^^^^^^^^^^^^^^^^^^^^^^^^^^^^
  File "/root/trabalho_super/venv_jupyter/lib/python3.12/site-packages/radon/visitors.py", line 133, in from_code
    return cls.from_ast(code2ast(code), **kwargs)
                        ^^^^^^^^^^^^^^
  File "/root/trabalho_super/venv_jupyter/lib/python3.12/site-packages/radon/visitors.py", line 48, in code2ast
    return ast.parse(source)
           ^^^^^^^^^^^^^^^^^
  File "/usr/lib/python3.12/ast.py", line 52, in parse
    return compile(source, filename, mode, flags,
           ^^^^^^^^^^^^^^^^^^^^^^^^^^^^^^^^^^^^^^
  File "<unknown>", line 4
    def distancia
                 ^
SyntaxError: expected '('
2025-07-17 23:33:55,312 cblogger [ERROR]: 		Error while extracting halsted code metrics: expected '(' (<unknown>, line 4)
Traceback (most recent call last):
  File "/root/trabalho_super/QuestionInsight/Etapa_1/codebench-mining-tool/util.py", line 569, in extract_halstead_metrics
    h = h_visit(code)
        ^^^^^^^^^^^^^
  File "/root/trabalho_super/venv_jupyter/lib/python3.12/site-packages/radon/metrics.py", line 29, in h_visit
    return h_visit_ast(ast.parse(code))
                       ^^^^^^^^^^^^^^^
  File "/usr/lib/python3.12/ast.py", line 52, in parse
    return compile(source, filename, mode, flags,
           ^^^^^^^^^^^^^^^^^^^^^^^^^^^^^^^^^^^^^^
  File "<unknown>", line 4
    def distancia
                 ^
SyntaxError: expected '('
2025-07-17 23:33:55,456 cblogger [ERROR]: 		Error while extracting code complexity metrics: unexpected indent (<unknown>, line 1)
Traceback (most recent call last):
  File "/root/trabalho_super/QuestionInsight/Etapa_1/codebench-mining-tool/util.py", line 551, in extract_complexity_metrics
    v = ComplexityVisitor.from_code(code)
        ^^^^^^^^^^^^^^^^^^^^^^^^^^^^^^^^^
  File "/root/trabalho_super/venv_jupyter/lib/python3.12/site-packages/radon/visitors.py", line 133, in from_code
    return cls.from_ast(code2ast(code), **kwargs)
                        ^^^^^^^^^^^^^^
  File "/root/trabalho_super/venv_jupyter/lib/python3.12/site-packages/radon/visitors.py", line 48, in code2ast
    return ast.parse(source)
           ^^^^^^^^^^^^^^^^^
  File "/usr/lib/python3.12/ast.py", line 52, in parse
    return compile(source, filename, mode, flags,
           ^^^^^^^^^^^^^^^^^^^^^^^^^^^^^^^^^^^^^^
  File "<unknown>", line 1
    	def verificador(n):
    ^
IndentationError: unexpected indent
2025-07-17 23:33:55,458 cblogger [ERROR]: 		Error while extracting halsted code metrics: unexpected indent (<unknown>, line 1)
Traceback (most recent call last):
  File "/root/trabalho_super/QuestionInsight/Etapa_1/codebench-mining-tool/util.py", line 569, in extract_halstead_metrics
    h = h_visit(code)
        ^^^^^^^^^^^^^
  File "/root/trabalho_super/venv_jupyter/lib/python3.12/site-packages/radon/metrics.py", line 29, in h_visit
    return h_visit_ast(ast.parse(code))
                       ^^^^^^^^^^^^^^^
  File "/usr/lib/python3.12/ast.py", line 52, in parse
    return compile(source, filename, mode, flags,
           ^^^^^^^^^^^^^^^^^^^^^^^^^^^^^^^^^^^^^^
  File "<unknown>", line 1
    	def verificador(n):
    ^
IndentationError: unexpected indent
2025-07-17 23:33:55,522 cblogger [ERROR]: 		Error while extracting code complexity metrics: invalid syntax (<unknown>, line 1)
Traceback (most recent call last):
  File "/root/trabalho_super/QuestionInsight/Etapa_1/codebench-mining-tool/util.py", line 551, in extract_complexity_metrics
    v = ComplexityVisitor.from_code(code)
        ^^^^^^^^^^^^^^^^^^^^^^^^^^^^^^^^^
  File "/root/trabalho_super/venv_jupyter/lib/python3.12/site-packages/radon/visitors.py", line 133, in from_code
    return cls.from_ast(code2ast(code), **kwargs)
                        ^^^^^^^^^^^^^^
  File "/root/trabalho_super/venv_jupyter/lib/python3.12/site-packages/radon/visitors.py", line 48, in code2ast
    return ast.parse(source)
           ^^^^^^^^^^^^^^^^^
  File "/usr/lib/python3.12/ast.py", line 52, in parse
    return compile(source, filename, mode, flags,
           ^^^^^^^^^^^^^^^^^^^^^^^^^^^^^^^^^^^^^^
  File "<unknown>", line 1
    from math 
              ^
SyntaxError: invalid syntax
2025-07-17 23:33:55,523 cblogger [ERROR]: 		Error while extracting halsted code metrics: invalid syntax (<unknown>, line 1)
Traceback (most recent call last):
  File "/root/trabalho_super/QuestionInsight/Etapa_1/codebench-mining-tool/util.py", line 569, in extract_halstead_metrics
    h = h_visit(code)
        ^^^^^^^^^^^^^
  File "/root/trabalho_super/venv_jupyter/lib/python3.12/site-packages/radon/metrics.py", line 29, in h_visit
    return h_visit_ast(ast.parse(code))
                       ^^^^^^^^^^^^^^^
  File "/usr/lib/python3.12/ast.py", line 52, in parse
    return compile(source, filename, mode, flags,
           ^^^^^^^^^^^^^^^^^^^^^^^^^^^^^^^^^^^^^^
  File "<unknown>", line 1
    from math 
              ^
SyntaxError: invalid syntax
2025-07-17 23:33:55,580 cblogger [ERROR]: 		Error while extracting code complexity metrics: '(' was never closed (<unknown>, line 2)
Traceback (most recent call last):
  File "/root/trabalho_super/QuestionInsight/Etapa_1/codebench-mining-tool/util.py", line 551, in extract_complexity_metrics
    v = ComplexityVisitor.from_code(code)
        ^^^^^^^^^^^^^^^^^^^^^^^^^^^^^^^^^
  File "/root/trabalho_super/venv_jupyter/lib/python3.12/site-packages/radon/visitors.py", line 133, in from_code
    return cls.from_ast(code2ast(code), **kwargs)
                        ^^^^^^^^^^^^^^
  File "/root/trabalho_super/venv_jupyter/lib/python3.12/site-packages/radon/visitors.py", line 48, in code2ast
    return ast.parse(source)
           ^^^^^^^^^^^^^^^^^
  File "/usr/lib/python3.12/ast.py", line 52, in parse
    return compile(source, filename, mode, flags,
           ^^^^^^^^^^^^^^^^^^^^^^^^^^^^^^^^^^^^^^
  File "<unknown>", line 2
    pgt = float(input("digite o pagamento: ")
               ^
SyntaxError: '(' was never closed
2025-07-17 23:33:55,581 cblogger [ERROR]: 		Error while extracting code size based metrics: SyntaxError at line: 2
Traceback (most recent call last):
  File "/root/trabalho_super/venv_jupyter/lib/python3.12/site-packages/radon/raw.py", line 210, in analyze
    tokens, parsed_lines = _get_all_tokens(line, lines)
                           ^^^^^^^^^^^^^^^^^^^^^^^^^^^^
  File "/root/trabalho_super/venv_jupyter/lib/python3.12/site-packages/radon/raw.py", line 117, in _get_all_tokens
    next_line = next(lines)
                ^^^^^^^^^^^
StopIteration

During handling of the above exception, another exception occurred:

Traceback (most recent call last):
  File "/root/trabalho_super/QuestionInsight/Etapa_1/codebench-mining-tool/util.py", line 560, in extract_size_metrics
    a = analyze(code)
        ^^^^^^^^^^^^^
  File "/root/trabalho_super/venv_jupyter/lib/python3.12/site-packages/radon/raw.py", line 212, in analyze
    raise SyntaxError('SyntaxError at line: {0}'.format(lineno))
SyntaxError: SyntaxError at line: 2
2025-07-17 23:33:55,582 cblogger [ERROR]: 		Error while extracting halsted code metrics: '(' was never closed (<unknown>, line 2)
Traceback (most recent call last):
  File "/root/trabalho_super/QuestionInsight/Etapa_1/codebench-mining-tool/util.py", line 569, in extract_halstead_metrics
    h = h_visit(code)
        ^^^^^^^^^^^^^
  File "/root/trabalho_super/venv_jupyter/lib/python3.12/site-packages/radon/metrics.py", line 29, in h_visit
    return h_visit_ast(ast.parse(code))
                       ^^^^^^^^^^^^^^^
  File "/usr/lib/python3.12/ast.py", line 52, in parse
    return compile(source, filename, mode, flags,
           ^^^^^^^^^^^^^^^^^^^^^^^^^^^^^^^^^^^^^^
  File "<unknown>", line 2
    pgt = float(input("digite o pagamento: ")
               ^
SyntaxError: '(' was never closed
2025-07-17 23:33:55,599 cblogger [ERROR]: 		Error while extracting code complexity metrics: invalid syntax (<unknown>, line 6)
Traceback (most recent call last):
  File "/root/trabalho_super/QuestionInsight/Etapa_1/codebench-mining-tool/util.py", line 551, in extract_complexity_metrics
    v = ComplexityVisitor.from_code(code)
        ^^^^^^^^^^^^^^^^^^^^^^^^^^^^^^^^^
  File "/root/trabalho_super/venv_jupyter/lib/python3.12/site-packages/radon/visitors.py", line 133, in from_code
    return cls.from_ast(code2ast(code), **kwargs)
                        ^^^^^^^^^^^^^^
  File "/root/trabalho_super/venv_jupyter/lib/python3.12/site-packages/radon/visitors.py", line 48, in code2ast
    return ast.parse(source)
           ^^^^^^^^^^^^^^^^^
  File "/usr/lib/python3.12/ast.py", line 52, in parse
    return compile(source, filename, mode, flags,
           ^^^^^^^^^^^^^^^^^^^^^^^^^^^^^^^^^^^^^^
  File "<unknown>", line 6
    v1 = 
         ^
SyntaxError: invalid syntax
2025-07-17 23:33:55,600 cblogger [ERROR]: 		Error while extracting halsted code metrics: invalid syntax (<unknown>, line 6)
Traceback (most recent call last):
  File "/root/trabalho_super/QuestionInsight/Etapa_1/codebench-mining-tool/util.py", line 569, in extract_halstead_metrics
    h = h_visit(code)
        ^^^^^^^^^^^^^
  File "/root/trabalho_super/venv_jupyter/lib/python3.12/site-packages/radon/metrics.py", line 29, in h_visit
    return h_visit_ast(ast.parse(code))
                       ^^^^^^^^^^^^^^^
  File "/usr/lib/python3.12/ast.py", line 52, in parse
    return compile(source, filename, mode, flags,
           ^^^^^^^^^^^^^^^^^^^^^^^^^^^^^^^^^^^^^^
  File "<unknown>", line 6
    v1 = 
         ^
SyntaxError: invalid syntax
2025-07-17 23:33:55,833 cblogger [ERROR]: 		Error while extracting code complexity metrics: '(' was never closed (<unknown>, line 5)
Traceback (most recent call last):
  File "/root/trabalho_super/QuestionInsight/Etapa_1/codebench-mining-tool/util.py", line 551, in extract_complexity_metrics
    v = ComplexityVisitor.from_code(code)
        ^^^^^^^^^^^^^^^^^^^^^^^^^^^^^^^^^
  File "/root/trabalho_super/venv_jupyter/lib/python3.12/site-packages/radon/visitors.py", line 133, in from_code
    return cls.from_ast(code2ast(code), **kwargs)
                        ^^^^^^^^^^^^^^
  File "/root/trabalho_super/venv_jupyter/lib/python3.12/site-packages/radon/visitors.py", line 48, in code2ast
    return ast.parse(source)
           ^^^^^^^^^^^^^^^^^
  File "/usr/lib/python3.12/ast.py", line 52, in parse
    return compile(source, filename, mode, flags,
           ^^^^^^^^^^^^^^^^^^^^^^^^^^^^^^^^^^^^^^
  File "<unknown>", line 5
    var = (input("45*8")
          ^
SyntaxError: '(' was never closed
2025-07-17 23:33:55,834 cblogger [ERROR]: 		Error while extracting code size based metrics: SyntaxError at line: 5
Traceback (most recent call last):
  File "/root/trabalho_super/venv_jupyter/lib/python3.12/site-packages/radon/raw.py", line 210, in analyze
    tokens, parsed_lines = _get_all_tokens(line, lines)
                           ^^^^^^^^^^^^^^^^^^^^^^^^^^^^
  File "/root/trabalho_super/venv_jupyter/lib/python3.12/site-packages/radon/raw.py", line 117, in _get_all_tokens
    next_line = next(lines)
                ^^^^^^^^^^^
StopIteration

During handling of the above exception, another exception occurred:

Traceback (most recent call last):
  File "/root/trabalho_super/QuestionInsight/Etapa_1/codebench-mining-tool/util.py", line 560, in extract_size_metrics
    a = analyze(code)
        ^^^^^^^^^^^^^
  File "/root/trabalho_super/venv_jupyter/lib/python3.12/site-packages/radon/raw.py", line 212, in analyze
    raise SyntaxError('SyntaxError at line: {0}'.format(lineno))
SyntaxError: SyntaxError at line: 5
2025-07-17 23:33:55,834 cblogger [ERROR]: 		Error while extracting halsted code metrics: '(' was never closed (<unknown>, line 5)
Traceback (most recent call last):
  File "/root/trabalho_super/QuestionInsight/Etapa_1/codebench-mining-tool/util.py", line 569, in extract_halstead_metrics
    h = h_visit(code)
        ^^^^^^^^^^^^^
  File "/root/trabalho_super/venv_jupyter/lib/python3.12/site-packages/radon/metrics.py", line 29, in h_visit
    return h_visit_ast(ast.parse(code))
                       ^^^^^^^^^^^^^^^
  File "/usr/lib/python3.12/ast.py", line 52, in parse
    return compile(source, filename, mode, flags,
           ^^^^^^^^^^^^^^^^^^^^^^^^^^^^^^^^^^^^^^
  File "<unknown>", line 5
    var = (input("45*8")
          ^
SyntaxError: '(' was never closed
2025-07-17 23:33:55,903 cblogger [ERROR]: 		Error while extracting code complexity metrics: invalid syntax (<unknown>, line 3)
Traceback (most recent call last):
  File "/root/trabalho_super/QuestionInsight/Etapa_1/codebench-mining-tool/util.py", line 551, in extract_complexity_metrics
    v = ComplexityVisitor.from_code(code)
        ^^^^^^^^^^^^^^^^^^^^^^^^^^^^^^^^^
  File "/root/trabalho_super/venv_jupyter/lib/python3.12/site-packages/radon/visitors.py", line 133, in from_code
    return cls.from_ast(code2ast(code), **kwargs)
                        ^^^^^^^^^^^^^^
  File "/root/trabalho_super/venv_jupyter/lib/python3.12/site-packages/radon/visitors.py", line 48, in code2ast
    return ast.parse(source)
           ^^^^^^^^^^^^^^^^^
  File "/usr/lib/python3.12/ast.py", line 52, in parse
    return compile(source, filename, mode, flags,
           ^^^^^^^^^^^^^^^^^^^^^^^^^^^^^^^^^^^^^^
  File "<unknown>", line 3
    print("eleitor"):
                    ^
SyntaxError: invalid syntax
2025-07-17 23:33:55,903 cblogger [ERROR]: 		Error while extracting halsted code metrics: invalid syntax (<unknown>, line 3)
Traceback (most recent call last):
  File "/root/trabalho_super/QuestionInsight/Etapa_1/codebench-mining-tool/util.py", line 569, in extract_halstead_metrics
    h = h_visit(code)
        ^^^^^^^^^^^^^
  File "/root/trabalho_super/venv_jupyter/lib/python3.12/site-packages/radon/metrics.py", line 29, in h_visit
    return h_visit_ast(ast.parse(code))
                       ^^^^^^^^^^^^^^^
  File "/usr/lib/python3.12/ast.py", line 52, in parse
    return compile(source, filename, mode, flags,
           ^^^^^^^^^^^^^^^^^^^^^^^^^^^^^^^^^^^^^^
  File "<unknown>", line 3
    print("eleitor"):
                    ^
SyntaxError: invalid syntax
2025-07-17 23:33:56,134 cblogger [ERROR]: 		Error while extracting code complexity metrics: expected an indented block after 'if' statement on line 4 (<unknown>, line 6)
Traceback (most recent call last):
  File "/root/trabalho_super/QuestionInsight/Etapa_1/codebench-mining-tool/util.py", line 551, in extract_complexity_metrics
    v = ComplexityVisitor.from_code(code)
        ^^^^^^^^^^^^^^^^^^^^^^^^^^^^^^^^^
  File "/root/trabalho_super/venv_jupyter/lib/python3.12/site-packages/radon/visitors.py", line 133, in from_code
    return cls.from_ast(code2ast(code), **kwargs)
                        ^^^^^^^^^^^^^^
  File "/root/trabalho_super/venv_jupyter/lib/python3.12/site-packages/radon/visitors.py", line 48, in code2ast
    return ast.parse(source)
           ^^^^^^^^^^^^^^^^^
  File "/usr/lib/python3.12/ast.py", line 52, in parse
    return compile(source, filename, mode, flags,
           ^^^^^^^^^^^^^^^^^^^^^^^^^^^^^^^^^^^^^^
  File "<unknown>", line 6
    else:
    ^^^^
IndentationError: expected an indented block after 'if' statement on line 4
2025-07-17 23:33:56,135 cblogger [ERROR]: 		Error while extracting halsted code metrics: expected an indented block after 'if' statement on line 4 (<unknown>, line 6)
Traceback (most recent call last):
  File "/root/trabalho_super/QuestionInsight/Etapa_1/codebench-mining-tool/util.py", line 569, in extract_halstead_metrics
    h = h_visit(code)
        ^^^^^^^^^^^^^
  File "/root/trabalho_super/venv_jupyter/lib/python3.12/site-packages/radon/metrics.py", line 29, in h_visit
    return h_visit_ast(ast.parse(code))
                       ^^^^^^^^^^^^^^^
  File "/usr/lib/python3.12/ast.py", line 52, in parse
    return compile(source, filename, mode, flags,
           ^^^^^^^^^^^^^^^^^^^^^^^^^^^^^^^^^^^^^^
  File "<unknown>", line 6
    else:
    ^^^^
IndentationError: expected an indented block after 'if' statement on line 4
2025-07-17 23:33:56,150 cblogger [ERROR]: 		Error while extracting code complexity metrics: expected ':' (<unknown>, line 6)
Traceback (most recent call last):
  File "/root/trabalho_super/QuestionInsight/Etapa_1/codebench-mining-tool/util.py", line 551, in extract_complexity_metrics
    v = ComplexityVisitor.from_code(code)
        ^^^^^^^^^^^^^^^^^^^^^^^^^^^^^^^^^
  File "/root/trabalho_super/venv_jupyter/lib/python3.12/site-packages/radon/visitors.py", line 133, in from_code
    return cls.from_ast(code2ast(code), **kwargs)
                        ^^^^^^^^^^^^^^
  File "/root/trabalho_super/venv_jupyter/lib/python3.12/site-packages/radon/visitors.py", line 48, in code2ast
    return ast.parse(source)
           ^^^^^^^^^^^^^^^^^
  File "/usr/lib/python3.12/ast.py", line 52, in parse
    return compile(source, filename, mode, flags,
           ^^^^^^^^^^^^^^^^^^^^^^^^^^^^^^^^^^^^^^
  File "<unknown>", line 6
    if(var)
           ^
SyntaxError: expected ':'
2025-07-17 23:33:56,151 cblogger [ERROR]: 		Error while extracting halsted code metrics: expected ':' (<unknown>, line 6)
Traceback (most recent call last):
  File "/root/trabalho_super/QuestionInsight/Etapa_1/codebench-mining-tool/util.py", line 569, in extract_halstead_metrics
    h = h_visit(code)
        ^^^^^^^^^^^^^
  File "/root/trabalho_super/venv_jupyter/lib/python3.12/site-packages/radon/metrics.py", line 29, in h_visit
    return h_visit_ast(ast.parse(code))
                       ^^^^^^^^^^^^^^^
  File "/usr/lib/python3.12/ast.py", line 52, in parse
    return compile(source, filename, mode, flags,
           ^^^^^^^^^^^^^^^^^^^^^^^^^^^^^^^^^^^^^^
  File "<unknown>", line 6
    if(var)
           ^
SyntaxError: expected ':'
2025-07-17 23:33:56,209 cblogger [ERROR]: 		Error while extracting code complexity metrics: invalid syntax (<unknown>, line 2)
Traceback (most recent call last):
  File "/root/trabalho_super/QuestionInsight/Etapa_1/codebench-mining-tool/util.py", line 551, in extract_complexity_metrics
    v = ComplexityVisitor.from_code(code)
        ^^^^^^^^^^^^^^^^^^^^^^^^^^^^^^^^^
  File "/root/trabalho_super/venv_jupyter/lib/python3.12/site-packages/radon/visitors.py", line 133, in from_code
    return cls.from_ast(code2ast(code), **kwargs)
                        ^^^^^^^^^^^^^^
  File "/root/trabalho_super/venv_jupyter/lib/python3.12/site-packages/radon/visitors.py", line 48, in code2ast
    return ast.parse(source)
           ^^^^^^^^^^^^^^^^^
  File "/usr/lib/python3.12/ast.py", line 52, in parse
    return compile(source, filename, mode, flags,
           ^^^^^^^^^^^^^^^^^^^^^^^^^^^^^^^^^^^^^^
  File "<unknown>", line 2
    area = 
           ^
SyntaxError: invalid syntax
2025-07-17 23:33:56,209 cblogger [ERROR]: 		Error while extracting halsted code metrics: invalid syntax (<unknown>, line 2)
Traceback (most recent call last):
  File "/root/trabalho_super/QuestionInsight/Etapa_1/codebench-mining-tool/util.py", line 569, in extract_halstead_metrics
    h = h_visit(code)
        ^^^^^^^^^^^^^
  File "/root/trabalho_super/venv_jupyter/lib/python3.12/site-packages/radon/metrics.py", line 29, in h_visit
    return h_visit_ast(ast.parse(code))
                       ^^^^^^^^^^^^^^^
  File "/usr/lib/python3.12/ast.py", line 52, in parse
    return compile(source, filename, mode, flags,
           ^^^^^^^^^^^^^^^^^^^^^^^^^^^^^^^^^^^^^^
  File "<unknown>", line 2
    area = 
           ^
SyntaxError: invalid syntax
2025-07-17 23:33:56,211 cblogger [ERROR]: 		Error while extracting code complexity metrics: '(' was never closed (<unknown>, line 1)
Traceback (most recent call last):
  File "/root/trabalho_super/QuestionInsight/Etapa_1/codebench-mining-tool/util.py", line 551, in extract_complexity_metrics
    v = ComplexityVisitor.from_code(code)
        ^^^^^^^^^^^^^^^^^^^^^^^^^^^^^^^^^
  File "/root/trabalho_super/venv_jupyter/lib/python3.12/site-packages/radon/visitors.py", line 133, in from_code
    return cls.from_ast(code2ast(code), **kwargs)
                        ^^^^^^^^^^^^^^
  File "/root/trabalho_super/venv_jupyter/lib/python3.12/site-packages/radon/visitors.py", line 48, in code2ast
    return ast.parse(source)
           ^^^^^^^^^^^^^^^^^
  File "/usr/lib/python3.12/ast.py", line 52, in parse
    return compile(source, filename, mode, flags,
           ^^^^^^^^^^^^^^^^^^^^^^^^^^^^^^^^^^^^^^
  File "<unknown>", line 1
    v = float(input("valor que deve ser pago:")
             ^
SyntaxError: '(' was never closed
2025-07-17 23:33:56,211 cblogger [ERROR]: 		Error while extracting code size based metrics: SyntaxError at line: 1
Traceback (most recent call last):
  File "/root/trabalho_super/venv_jupyter/lib/python3.12/site-packages/radon/raw.py", line 210, in analyze
    tokens, parsed_lines = _get_all_tokens(line, lines)
                           ^^^^^^^^^^^^^^^^^^^^^^^^^^^^
  File "/root/trabalho_super/venv_jupyter/lib/python3.12/site-packages/radon/raw.py", line 117, in _get_all_tokens
    next_line = next(lines)
                ^^^^^^^^^^^
StopIteration

During handling of the above exception, another exception occurred:

Traceback (most recent call last):
  File "/root/trabalho_super/QuestionInsight/Etapa_1/codebench-mining-tool/util.py", line 560, in extract_size_metrics
    a = analyze(code)
        ^^^^^^^^^^^^^
  File "/root/trabalho_super/venv_jupyter/lib/python3.12/site-packages/radon/raw.py", line 212, in analyze
    raise SyntaxError('SyntaxError at line: {0}'.format(lineno))
SyntaxError: SyntaxError at line: 1
2025-07-17 23:33:56,212 cblogger [ERROR]: 		Error while extracting halsted code metrics: '(' was never closed (<unknown>, line 1)
Traceback (most recent call last):
  File "/root/trabalho_super/QuestionInsight/Etapa_1/codebench-mining-tool/util.py", line 569, in extract_halstead_metrics
    h = h_visit(code)
        ^^^^^^^^^^^^^
  File "/root/trabalho_super/venv_jupyter/lib/python3.12/site-packages/radon/metrics.py", line 29, in h_visit
    return h_visit_ast(ast.parse(code))
                       ^^^^^^^^^^^^^^^
  File "/usr/lib/python3.12/ast.py", line 52, in parse
    return compile(source, filename, mode, flags,
           ^^^^^^^^^^^^^^^^^^^^^^^^^^^^^^^^^^^^^^
  File "<unknown>", line 1
    v = float(input("valor que deve ser pago:")
             ^
SyntaxError: '(' was never closed
2025-07-17 23:33:56,233 cblogger [ERROR]: 		Error while extracting code complexity metrics: expected ':' (<unknown>, line 7)
Traceback (most recent call last):
  File "/root/trabalho_super/QuestionInsight/Etapa_1/codebench-mining-tool/util.py", line 551, in extract_complexity_metrics
    v = ComplexityVisitor.from_code(code)
        ^^^^^^^^^^^^^^^^^^^^^^^^^^^^^^^^^
  File "/root/trabalho_super/venv_jupyter/lib/python3.12/site-packages/radon/visitors.py", line 133, in from_code
    return cls.from_ast(code2ast(code), **kwargs)
                        ^^^^^^^^^^^^^^
  File "/root/trabalho_super/venv_jupyter/lib/python3.12/site-packages/radon/visitors.py", line 48, in code2ast
    return ast.parse(source)
           ^^^^^^^^^^^^^^^^^
  File "/usr/lib/python3.12/ast.py", line 52, in parse
    return compile(source, filename, mode, flags,
           ^^^^^^^^^^^^^^^^^^^^^^^^^^^^^^^^^^^^^^
  File "<unknown>", line 7
    if (123==123)
                 ^
SyntaxError: expected ':'
2025-07-17 23:33:56,234 cblogger [ERROR]: 		Error while extracting halsted code metrics: expected ':' (<unknown>, line 7)
Traceback (most recent call last):
  File "/root/trabalho_super/QuestionInsight/Etapa_1/codebench-mining-tool/util.py", line 569, in extract_halstead_metrics
    h = h_visit(code)
        ^^^^^^^^^^^^^
  File "/root/trabalho_super/venv_jupyter/lib/python3.12/site-packages/radon/metrics.py", line 29, in h_visit
    return h_visit_ast(ast.parse(code))
                       ^^^^^^^^^^^^^^^
  File "/usr/lib/python3.12/ast.py", line 52, in parse
    return compile(source, filename, mode, flags,
           ^^^^^^^^^^^^^^^^^^^^^^^^^^^^^^^^^^^^^^
  File "<unknown>", line 7
    if (123==123)
                 ^
SyntaxError: expected ':'
2025-07-17 23:33:56,297 cblogger [ERROR]: 		Error while extracting code complexity metrics: expected an indented block after 'if' statement on line 7 (<unknown>, line 8)
Traceback (most recent call last):
  File "/root/trabalho_super/QuestionInsight/Etapa_1/codebench-mining-tool/util.py", line 551, in extract_complexity_metrics
    v = ComplexityVisitor.from_code(code)
        ^^^^^^^^^^^^^^^^^^^^^^^^^^^^^^^^^
  File "/root/trabalho_super/venv_jupyter/lib/python3.12/site-packages/radon/visitors.py", line 133, in from_code
    return cls.from_ast(code2ast(code), **kwargs)
                        ^^^^^^^^^^^^^^
  File "/root/trabalho_super/venv_jupyter/lib/python3.12/site-packages/radon/visitors.py", line 48, in code2ast
    return ast.parse(source)
           ^^^^^^^^^^^^^^^^^
  File "/usr/lib/python3.12/ast.py", line 52, in parse
    return compile(source, filename, mode, flags,
           ^^^^^^^^^^^^^^^^^^^^^^^^^^^^^^^^^^^^^^
  File "<unknown>", line 8
    	
    	^
IndentationError: expected an indented block after 'if' statement on line 7
2025-07-17 23:33:56,298 cblogger [ERROR]: 		Error while extracting halsted code metrics: expected an indented block after 'if' statement on line 7 (<unknown>, line 8)
Traceback (most recent call last):
  File "/root/trabalho_super/QuestionInsight/Etapa_1/codebench-mining-tool/util.py", line 569, in extract_halstead_metrics
    h = h_visit(code)
        ^^^^^^^^^^^^^
  File "/root/trabalho_super/venv_jupyter/lib/python3.12/site-packages/radon/metrics.py", line 29, in h_visit
    return h_visit_ast(ast.parse(code))
                       ^^^^^^^^^^^^^^^
  File "/usr/lib/python3.12/ast.py", line 52, in parse
    return compile(source, filename, mode, flags,
           ^^^^^^^^^^^^^^^^^^^^^^^^^^^^^^^^^^^^^^
  File "<unknown>", line 8
    	
    	^
IndentationError: expected an indented block after 'if' statement on line 7
2025-07-17 23:33:56,335 cblogger [ERROR]: 		Error while extracting code complexity metrics: invalid syntax (<unknown>, line 3)
Traceback (most recent call last):
  File "/root/trabalho_super/QuestionInsight/Etapa_1/codebench-mining-tool/util.py", line 551, in extract_complexity_metrics
    v = ComplexityVisitor.from_code(code)
        ^^^^^^^^^^^^^^^^^^^^^^^^^^^^^^^^^
  File "/root/trabalho_super/venv_jupyter/lib/python3.12/site-packages/radon/visitors.py", line 133, in from_code
    return cls.from_ast(code2ast(code), **kwargs)
                        ^^^^^^^^^^^^^^
  File "/root/trabalho_super/venv_jupyter/lib/python3.12/site-packages/radon/visitors.py", line 48, in code2ast
    return ast.parse(source)
           ^^^^^^^^^^^^^^^^^
  File "/usr/lib/python3.12/ast.py", line 52, in parse
    return compile(source, filename, mode, flags,
           ^^^^^^^^^^^^^^^^^^^^^^^^^^^^^^^^^^^^^^
  File "<unknown>", line 3
    var3 = 50+34&
                 ^
SyntaxError: invalid syntax
2025-07-17 23:33:56,336 cblogger [ERROR]: 		Error while extracting halsted code metrics: invalid syntax (<unknown>, line 3)
Traceback (most recent call last):
  File "/root/trabalho_super/QuestionInsight/Etapa_1/codebench-mining-tool/util.py", line 569, in extract_halstead_metrics
    h = h_visit(code)
        ^^^^^^^^^^^^^
  File "/root/trabalho_super/venv_jupyter/lib/python3.12/site-packages/radon/metrics.py", line 29, in h_visit
    return h_visit_ast(ast.parse(code))
                       ^^^^^^^^^^^^^^^
  File "/usr/lib/python3.12/ast.py", line 52, in parse
    return compile(source, filename, mode, flags,
           ^^^^^^^^^^^^^^^^^^^^^^^^^^^^^^^^^^^^^^
  File "<unknown>", line 3
    var3 = 50+34&
                 ^
SyntaxError: invalid syntax
2025-07-17 23:33:56,414 cblogger [ERROR]: 		Error while extracting code complexity metrics: expected ':' (<unknown>, line 7)
Traceback (most recent call last):
  File "/root/trabalho_super/QuestionInsight/Etapa_1/codebench-mining-tool/util.py", line 551, in extract_complexity_metrics
    v = ComplexityVisitor.from_code(code)
        ^^^^^^^^^^^^^^^^^^^^^^^^^^^^^^^^^
  File "/root/trabalho_super/venv_jupyter/lib/python3.12/site-packages/radon/visitors.py", line 133, in from_code
    return cls.from_ast(code2ast(code), **kwargs)
                        ^^^^^^^^^^^^^^
  File "/root/trabalho_super/venv_jupyter/lib/python3.12/site-packages/radon/visitors.py", line 48, in code2ast
    return ast.parse(source)
           ^^^^^^^^^^^^^^^^^
  File "/usr/lib/python3.12/ast.py", line 52, in parse
    return compile(source, filename, mode, flags,
           ^^^^^^^^^^^^^^^^^^^^^^^^^^^^^^^^^^^^^^
  File "<unknown>", line 7
    if (num % 2 == 0)
                     ^
SyntaxError: expected ':'
2025-07-17 23:33:56,415 cblogger [ERROR]: 		Error while extracting halsted code metrics: expected ':' (<unknown>, line 7)
Traceback (most recent call last):
  File "/root/trabalho_super/QuestionInsight/Etapa_1/codebench-mining-tool/util.py", line 569, in extract_halstead_metrics
    h = h_visit(code)
        ^^^^^^^^^^^^^
  File "/root/trabalho_super/venv_jupyter/lib/python3.12/site-packages/radon/metrics.py", line 29, in h_visit
    return h_visit_ast(ast.parse(code))
                       ^^^^^^^^^^^^^^^
  File "/usr/lib/python3.12/ast.py", line 52, in parse
    return compile(source, filename, mode, flags,
           ^^^^^^^^^^^^^^^^^^^^^^^^^^^^^^^^^^^^^^
  File "<unknown>", line 7
    if (num % 2 == 0)
                     ^
SyntaxError: expected ':'
2025-07-17 23:33:56,453 cblogger [ERROR]: 		Error while extracting code complexity metrics: '(' was never closed (<unknown>, line 2)
Traceback (most recent call last):
  File "/root/trabalho_super/QuestionInsight/Etapa_1/codebench-mining-tool/util.py", line 551, in extract_complexity_metrics
    v = ComplexityVisitor.from_code(code)
        ^^^^^^^^^^^^^^^^^^^^^^^^^^^^^^^^^
  File "/root/trabalho_super/venv_jupyter/lib/python3.12/site-packages/radon/visitors.py", line 133, in from_code
    return cls.from_ast(code2ast(code), **kwargs)
                        ^^^^^^^^^^^^^^
  File "/root/trabalho_super/venv_jupyter/lib/python3.12/site-packages/radon/visitors.py", line 48, in code2ast
    return ast.parse(source)
           ^^^^^^^^^^^^^^^^^
  File "/usr/lib/python3.12/ast.py", line 52, in parse
    return compile(source, filename, mode, flags,
           ^^^^^^^^^^^^^^^^^^^^^^^^^^^^^^^^^^^^^^
  File "<unknown>", line 2
    print(round(var
               ^
SyntaxError: '(' was never closed
2025-07-17 23:33:56,453 cblogger [ERROR]: 		Error while extracting code size based metrics: SyntaxError at line: 2
Traceback (most recent call last):
  File "/root/trabalho_super/venv_jupyter/lib/python3.12/site-packages/radon/raw.py", line 210, in analyze
    tokens, parsed_lines = _get_all_tokens(line, lines)
                           ^^^^^^^^^^^^^^^^^^^^^^^^^^^^
  File "/root/trabalho_super/venv_jupyter/lib/python3.12/site-packages/radon/raw.py", line 117, in _get_all_tokens
    next_line = next(lines)
                ^^^^^^^^^^^
StopIteration

During handling of the above exception, another exception occurred:

Traceback (most recent call last):
  File "/root/trabalho_super/QuestionInsight/Etapa_1/codebench-mining-tool/util.py", line 560, in extract_size_metrics
    a = analyze(code)
        ^^^^^^^^^^^^^
  File "/root/trabalho_super/venv_jupyter/lib/python3.12/site-packages/radon/raw.py", line 212, in analyze
    raise SyntaxError('SyntaxError at line: {0}'.format(lineno))
SyntaxError: SyntaxError at line: 2
2025-07-17 23:33:56,454 cblogger [ERROR]: 		Error while extracting halsted code metrics: '(' was never closed (<unknown>, line 2)
Traceback (most recent call last):
  File "/root/trabalho_super/QuestionInsight/Etapa_1/codebench-mining-tool/util.py", line 569, in extract_halstead_metrics
    h = h_visit(code)
        ^^^^^^^^^^^^^
  File "/root/trabalho_super/venv_jupyter/lib/python3.12/site-packages/radon/metrics.py", line 29, in h_visit
    return h_visit_ast(ast.parse(code))
                       ^^^^^^^^^^^^^^^
  File "/usr/lib/python3.12/ast.py", line 52, in parse
    return compile(source, filename, mode, flags,
           ^^^^^^^^^^^^^^^^^^^^^^^^^^^^^^^^^^^^^^
  File "<unknown>", line 2
    print(round(var
               ^
SyntaxError: '(' was never closed
2025-07-17 23:33:56,456 cblogger [ERROR]: 		Error while extracting code complexity metrics: invalid syntax. Perhaps you forgot a comma? (<unknown>, line 3)
Traceback (most recent call last):
  File "/root/trabalho_super/QuestionInsight/Etapa_1/codebench-mining-tool/util.py", line 551, in extract_complexity_metrics
    v = ComplexityVisitor.from_code(code)
        ^^^^^^^^^^^^^^^^^^^^^^^^^^^^^^^^^
  File "/root/trabalho_super/venv_jupyter/lib/python3.12/site-packages/radon/visitors.py", line 133, in from_code
    return cls.from_ast(code2ast(code), **kwargs)
                        ^^^^^^^^^^^^^^
  File "/root/trabalho_super/venv_jupyter/lib/python3.12/site-packages/radon/visitors.py", line 48, in code2ast
    return ast.parse(source)
           ^^^^^^^^^^^^^^^^^
  File "/usr/lib/python3.12/ast.py", line 52, in parse
    return compile(source, filename, mode, flags,
           ^^^^^^^^^^^^^^^^^^^^^^^^^^^^^^^^^^^^^^
  File "<unknown>", line 3
    s1=float(input("asda")
             
SyntaxError: invalid syntax. Perhaps you forgot a comma?
2025-07-17 23:33:56,458 cblogger [ERROR]: 		Error while extracting code size based metrics: SyntaxError at line: 3
Traceback (most recent call last):
  File "/root/trabalho_super/venv_jupyter/lib/python3.12/site-packages/radon/raw.py", line 210, in analyze
    tokens, parsed_lines = _get_all_tokens(line, lines)
                           ^^^^^^^^^^^^^^^^^^^^^^^^^^^^
  File "/root/trabalho_super/venv_jupyter/lib/python3.12/site-packages/radon/raw.py", line 117, in _get_all_tokens
    next_line = next(lines)
                ^^^^^^^^^^^
StopIteration

During handling of the above exception, another exception occurred:

Traceback (most recent call last):
  File "/root/trabalho_super/QuestionInsight/Etapa_1/codebench-mining-tool/util.py", line 560, in extract_size_metrics
    a = analyze(code)
        ^^^^^^^^^^^^^
  File "/root/trabalho_super/venv_jupyter/lib/python3.12/site-packages/radon/raw.py", line 212, in analyze
    raise SyntaxError('SyntaxError at line: {0}'.format(lineno))
SyntaxError: SyntaxError at line: 3
2025-07-17 23:33:56,458 cblogger [ERROR]: 		Error while extracting halsted code metrics: invalid syntax. Perhaps you forgot a comma? (<unknown>, line 3)
Traceback (most recent call last):
  File "/root/trabalho_super/QuestionInsight/Etapa_1/codebench-mining-tool/util.py", line 569, in extract_halstead_metrics
    h = h_visit(code)
        ^^^^^^^^^^^^^
  File "/root/trabalho_super/venv_jupyter/lib/python3.12/site-packages/radon/metrics.py", line 29, in h_visit
    return h_visit_ast(ast.parse(code))
                       ^^^^^^^^^^^^^^^
  File "/usr/lib/python3.12/ast.py", line 52, in parse
    return compile(source, filename, mode, flags,
           ^^^^^^^^^^^^^^^^^^^^^^^^^^^^^^^^^^^^^^
  File "<unknown>", line 3
    s1=float(input("asda")
             
SyntaxError: invalid syntax. Perhaps you forgot a comma?
2025-07-17 23:33:56,502 cblogger [ERROR]: 		Error while extracting code complexity metrics: invalid syntax (<unknown>, line 2)
Traceback (most recent call last):
  File "/root/trabalho_super/QuestionInsight/Etapa_1/codebench-mining-tool/util.py", line 551, in extract_complexity_metrics
    v = ComplexityVisitor.from_code(code)
        ^^^^^^^^^^^^^^^^^^^^^^^^^^^^^^^^^
  File "/root/trabalho_super/venv_jupyter/lib/python3.12/site-packages/radon/visitors.py", line 133, in from_code
    return cls.from_ast(code2ast(code), **kwargs)
                        ^^^^^^^^^^^^^^
  File "/root/trabalho_super/venv_jupyter/lib/python3.12/site-packages/radon/visitors.py", line 48, in code2ast
    return ast.parse(source)
           ^^^^^^^^^^^^^^^^^
  File "/usr/lib/python3.12/ast.py", line 52, in parse
    return compile(source, filename, mode, flags,
           ^^^^^^^^^^^^^^^^^^^^^^^^^^^^^^^^^^^^^^
  File "<unknown>", line 2
    b=
      ^
SyntaxError: invalid syntax
2025-07-17 23:33:56,502 cblogger [ERROR]: 		Error while extracting halsted code metrics: invalid syntax (<unknown>, line 2)
Traceback (most recent call last):
  File "/root/trabalho_super/QuestionInsight/Etapa_1/codebench-mining-tool/util.py", line 569, in extract_halstead_metrics
    h = h_visit(code)
        ^^^^^^^^^^^^^
  File "/root/trabalho_super/venv_jupyter/lib/python3.12/site-packages/radon/metrics.py", line 29, in h_visit
    return h_visit_ast(ast.parse(code))
                       ^^^^^^^^^^^^^^^
  File "/usr/lib/python3.12/ast.py", line 52, in parse
    return compile(source, filename, mode, flags,
           ^^^^^^^^^^^^^^^^^^^^^^^^^^^^^^^^^^^^^^
  File "<unknown>", line 2
    b=
      ^
SyntaxError: invalid syntax
2025-07-17 23:33:56,607 cblogger [ERROR]: 		Error while extracting code complexity metrics: expected ':' (<unknown>, line 5)
Traceback (most recent call last):
  File "/root/trabalho_super/QuestionInsight/Etapa_1/codebench-mining-tool/util.py", line 551, in extract_complexity_metrics
    v = ComplexityVisitor.from_code(code)
        ^^^^^^^^^^^^^^^^^^^^^^^^^^^^^^^^^
  File "/root/trabalho_super/venv_jupyter/lib/python3.12/site-packages/radon/visitors.py", line 133, in from_code
    return cls.from_ast(code2ast(code), **kwargs)
                        ^^^^^^^^^^^^^^
  File "/root/trabalho_super/venv_jupyter/lib/python3.12/site-packages/radon/visitors.py", line 48, in code2ast
    return ast.parse(source)
           ^^^^^^^^^^^^^^^^^
  File "/usr/lib/python3.12/ast.py", line 52, in parse
    return compile(source, filename, mode, flags,
           ^^^^^^^^^^^^^^^^^^^^^^^^^^^^^^^^^^^^^^
  File "<unknown>", line 5
    if(x)
         ^
SyntaxError: expected ':'
2025-07-17 23:33:56,608 cblogger [ERROR]: 		Error while extracting halsted code metrics: expected ':' (<unknown>, line 5)
Traceback (most recent call last):
  File "/root/trabalho_super/QuestionInsight/Etapa_1/codebench-mining-tool/util.py", line 569, in extract_halstead_metrics
    h = h_visit(code)
        ^^^^^^^^^^^^^
  File "/root/trabalho_super/venv_jupyter/lib/python3.12/site-packages/radon/metrics.py", line 29, in h_visit
    return h_visit_ast(ast.parse(code))
                       ^^^^^^^^^^^^^^^
  File "/usr/lib/python3.12/ast.py", line 52, in parse
    return compile(source, filename, mode, flags,
           ^^^^^^^^^^^^^^^^^^^^^^^^^^^^^^^^^^^^^^
  File "<unknown>", line 5
    if(x)
         ^
SyntaxError: expected ':'
2025-07-17 23:33:56,646 cblogger [ERROR]: 		Error while extracting code complexity metrics: invalid syntax. Perhaps you forgot a comma? (<unknown>, line 11)
Traceback (most recent call last):
  File "/root/trabalho_super/QuestionInsight/Etapa_1/codebench-mining-tool/util.py", line 551, in extract_complexity_metrics
    v = ComplexityVisitor.from_code(code)
        ^^^^^^^^^^^^^^^^^^^^^^^^^^^^^^^^^
  File "/root/trabalho_super/venv_jupyter/lib/python3.12/site-packages/radon/visitors.py", line 133, in from_code
    return cls.from_ast(code2ast(code), **kwargs)
                        ^^^^^^^^^^^^^^
  File "/root/trabalho_super/venv_jupyter/lib/python3.12/site-packages/radon/visitors.py", line 48, in code2ast
    return ast.parse(source)
           ^^^^^^^^^^^^^^^^^
  File "/usr/lib/python3.12/ast.py", line 52, in parse
    return compile(source, filename, mode, flags,
           ^^^^^^^^^^^^^^^^^^^^^^^^^^^^^^^^^^^^^^
  File "<unknown>", line 11
    if (x > 0  y!=0):
        ^^^^^^^^^^^
SyntaxError: invalid syntax. Perhaps you forgot a comma?
2025-07-17 23:33:56,647 cblogger [ERROR]: 		Error while extracting halsted code metrics: invalid syntax. Perhaps you forgot a comma? (<unknown>, line 11)
Traceback (most recent call last):
  File "/root/trabalho_super/QuestionInsight/Etapa_1/codebench-mining-tool/util.py", line 569, in extract_halstead_metrics
    h = h_visit(code)
        ^^^^^^^^^^^^^
  File "/root/trabalho_super/venv_jupyter/lib/python3.12/site-packages/radon/metrics.py", line 29, in h_visit
    return h_visit_ast(ast.parse(code))
                       ^^^^^^^^^^^^^^^
  File "/usr/lib/python3.12/ast.py", line 52, in parse
    return compile(source, filename, mode, flags,
           ^^^^^^^^^^^^^^^^^^^^^^^^^^^^^^^^^^^^^^
  File "<unknown>", line 11
    if (x > 0  y!=0):
        ^^^^^^^^^^^
SyntaxError: invalid syntax. Perhaps you forgot a comma?
2025-07-17 23:33:56,720 cblogger [ERROR]: 		Error while extracting code complexity metrics: '(' was never closed (<unknown>, line 3)
Traceback (most recent call last):
  File "/root/trabalho_super/QuestionInsight/Etapa_1/codebench-mining-tool/util.py", line 551, in extract_complexity_metrics
    v = ComplexityVisitor.from_code(code)
        ^^^^^^^^^^^^^^^^^^^^^^^^^^^^^^^^^
  File "/root/trabalho_super/venv_jupyter/lib/python3.12/site-packages/radon/visitors.py", line 133, in from_code
    return cls.from_ast(code2ast(code), **kwargs)
                        ^^^^^^^^^^^^^^
  File "/root/trabalho_super/venv_jupyter/lib/python3.12/site-packages/radon/visitors.py", line 48, in code2ast
    return ast.parse(source)
           ^^^^^^^^^^^^^^^^^
  File "/usr/lib/python3.12/ast.py", line 52, in parse
    return compile(source, filename, mode, flags,
           ^^^^^^^^^^^^^^^^^^^^^^^^^^^^^^^^^^^^^^
  File "<unknown>", line 3
    p=1- factorial(365/factorial(365-var)*1/365**var
                  ^
SyntaxError: '(' was never closed
2025-07-17 23:33:56,721 cblogger [ERROR]: 		Error while extracting code size based metrics: SyntaxError at line: 3
Traceback (most recent call last):
  File "/root/trabalho_super/venv_jupyter/lib/python3.12/site-packages/radon/raw.py", line 210, in analyze
    tokens, parsed_lines = _get_all_tokens(line, lines)
                           ^^^^^^^^^^^^^^^^^^^^^^^^^^^^
  File "/root/trabalho_super/venv_jupyter/lib/python3.12/site-packages/radon/raw.py", line 117, in _get_all_tokens
    next_line = next(lines)
                ^^^^^^^^^^^
StopIteration

During handling of the above exception, another exception occurred:

Traceback (most recent call last):
  File "/root/trabalho_super/QuestionInsight/Etapa_1/codebench-mining-tool/util.py", line 560, in extract_size_metrics
    a = analyze(code)
        ^^^^^^^^^^^^^
  File "/root/trabalho_super/venv_jupyter/lib/python3.12/site-packages/radon/raw.py", line 212, in analyze
    raise SyntaxError('SyntaxError at line: {0}'.format(lineno))
SyntaxError: SyntaxError at line: 3
2025-07-17 23:33:56,721 cblogger [ERROR]: 		Error while extracting halsted code metrics: '(' was never closed (<unknown>, line 3)
Traceback (most recent call last):
  File "/root/trabalho_super/QuestionInsight/Etapa_1/codebench-mining-tool/util.py", line 569, in extract_halstead_metrics
    h = h_visit(code)
        ^^^^^^^^^^^^^
  File "/root/trabalho_super/venv_jupyter/lib/python3.12/site-packages/radon/metrics.py", line 29, in h_visit
    return h_visit_ast(ast.parse(code))
                       ^^^^^^^^^^^^^^^
  File "/usr/lib/python3.12/ast.py", line 52, in parse
    return compile(source, filename, mode, flags,
           ^^^^^^^^^^^^^^^^^^^^^^^^^^^^^^^^^^^^^^
  File "<unknown>", line 3
    p=1- factorial(365/factorial(365-var)*1/365**var
                  ^
SyntaxError: '(' was never closed
2025-07-17 23:33:56,735 cblogger [ERROR]: 		Error while extracting code complexity metrics: invalid syntax (<unknown>, line 2)
Traceback (most recent call last):
  File "/root/trabalho_super/QuestionInsight/Etapa_1/codebench-mining-tool/util.py", line 551, in extract_complexity_metrics
    v = ComplexityVisitor.from_code(code)
        ^^^^^^^^^^^^^^^^^^^^^^^^^^^^^^^^^
  File "/root/trabalho_super/venv_jupyter/lib/python3.12/site-packages/radon/visitors.py", line 133, in from_code
    return cls.from_ast(code2ast(code), **kwargs)
                        ^^^^^^^^^^^^^^
  File "/root/trabalho_super/venv_jupyter/lib/python3.12/site-packages/radon/visitors.py", line 48, in code2ast
    return ast.parse(source)
           ^^^^^^^^^^^^^^^^^
  File "/usr/lib/python3.12/ast.py", line 52, in parse
    return compile(source, filename, mode, flags,
           ^^^^^^^^^^^^^^^^^^^^^^^^^^^^^^^^^^^^^^
  File "<unknown>", line 2
    area = 
           ^
SyntaxError: invalid syntax
2025-07-17 23:33:56,736 cblogger [ERROR]: 		Error while extracting halsted code metrics: invalid syntax (<unknown>, line 2)
Traceback (most recent call last):
  File "/root/trabalho_super/QuestionInsight/Etapa_1/codebench-mining-tool/util.py", line 569, in extract_halstead_metrics
    h = h_visit(code)
        ^^^^^^^^^^^^^
  File "/root/trabalho_super/venv_jupyter/lib/python3.12/site-packages/radon/metrics.py", line 29, in h_visit
    return h_visit_ast(ast.parse(code))
                       ^^^^^^^^^^^^^^^
  File "/usr/lib/python3.12/ast.py", line 52, in parse
    return compile(source, filename, mode, flags,
           ^^^^^^^^^^^^^^^^^^^^^^^^^^^^^^^^^^^^^^
  File "<unknown>", line 2
    area = 
           ^
SyntaxError: invalid syntax
2025-07-17 23:33:57,013 cblogger [ERROR]: 		Error while extracting code complexity metrics: invalid syntax (<unknown>, line 1)
Traceback (most recent call last):
  File "/root/trabalho_super/QuestionInsight/Etapa_1/codebench-mining-tool/util.py", line 551, in extract_complexity_metrics
    v = ComplexityVisitor.from_code(code)
        ^^^^^^^^^^^^^^^^^^^^^^^^^^^^^^^^^
  File "/root/trabalho_super/venv_jupyter/lib/python3.12/site-packages/radon/visitors.py", line 133, in from_code
    return cls.from_ast(code2ast(code), **kwargs)
                        ^^^^^^^^^^^^^^
  File "/root/trabalho_super/venv_jupyter/lib/python3.12/site-packages/radon/visitors.py", line 48, in code2ast
    return ast.parse(source)
           ^^^^^^^^^^^^^^^^^
  File "/usr/lib/python3.12/ast.py", line 52, in parse
    return compile(source, filename, mode, flags,
           ^^^^^^^^^^^^^^^^^^^^^^^^^^^^^^^^^^^^^^
  File "<unknown>", line 1
    a =
       ^
SyntaxError: invalid syntax
2025-07-17 23:33:57,013 cblogger [ERROR]: 		Error while extracting halsted code metrics: invalid syntax (<unknown>, line 1)
Traceback (most recent call last):
  File "/root/trabalho_super/QuestionInsight/Etapa_1/codebench-mining-tool/util.py", line 569, in extract_halstead_metrics
    h = h_visit(code)
        ^^^^^^^^^^^^^
  File "/root/trabalho_super/venv_jupyter/lib/python3.12/site-packages/radon/metrics.py", line 29, in h_visit
    return h_visit_ast(ast.parse(code))
                       ^^^^^^^^^^^^^^^
  File "/usr/lib/python3.12/ast.py", line 52, in parse
    return compile(source, filename, mode, flags,
           ^^^^^^^^^^^^^^^^^^^^^^^^^^^^^^^^^^^^^^
  File "<unknown>", line 1
    a =
       ^
SyntaxError: invalid syntax
2025-07-17 23:33:57,129 cblogger [ERROR]: 		Error while extracting code complexity metrics: invalid syntax (<unknown>, line 2)
Traceback (most recent call last):
  File "/root/trabalho_super/QuestionInsight/Etapa_1/codebench-mining-tool/util.py", line 551, in extract_complexity_metrics
    v = ComplexityVisitor.from_code(code)
        ^^^^^^^^^^^^^^^^^^^^^^^^^^^^^^^^^
  File "/root/trabalho_super/venv_jupyter/lib/python3.12/site-packages/radon/visitors.py", line 133, in from_code
    return cls.from_ast(code2ast(code), **kwargs)
                        ^^^^^^^^^^^^^^
  File "/root/trabalho_super/venv_jupyter/lib/python3.12/site-packages/radon/visitors.py", line 48, in code2ast
    return ast.parse(source)
           ^^^^^^^^^^^^^^^^^
  File "/usr/lib/python3.12/ast.py", line 52, in parse
    return compile(source, filename, mode, flags,
           ^^^^^^^^^^^^^^^^^^^^^^^^^^^^^^^^^^^^^^
  File "<unknown>", line 2
    price =
           ^
SyntaxError: invalid syntax
2025-07-17 23:33:57,129 cblogger [ERROR]: 		Error while extracting halsted code metrics: invalid syntax (<unknown>, line 2)
Traceback (most recent call last):
  File "/root/trabalho_super/QuestionInsight/Etapa_1/codebench-mining-tool/util.py", line 569, in extract_halstead_metrics
    h = h_visit(code)
        ^^^^^^^^^^^^^
  File "/root/trabalho_super/venv_jupyter/lib/python3.12/site-packages/radon/metrics.py", line 29, in h_visit
    return h_visit_ast(ast.parse(code))
                       ^^^^^^^^^^^^^^^
  File "/usr/lib/python3.12/ast.py", line 52, in parse
    return compile(source, filename, mode, flags,
           ^^^^^^^^^^^^^^^^^^^^^^^^^^^^^^^^^^^^^^
  File "<unknown>", line 2
    price =
           ^
SyntaxError: invalid syntax
2025-07-17 23:33:57,293 cblogger [ERROR]: 		Error while extracting code complexity metrics: expected ':' (<unknown>, line 9)
Traceback (most recent call last):
  File "/root/trabalho_super/QuestionInsight/Etapa_1/codebench-mining-tool/util.py", line 551, in extract_complexity_metrics
    v = ComplexityVisitor.from_code(code)
        ^^^^^^^^^^^^^^^^^^^^^^^^^^^^^^^^^
  File "/root/trabalho_super/venv_jupyter/lib/python3.12/site-packages/radon/visitors.py", line 133, in from_code
    return cls.from_ast(code2ast(code), **kwargs)
                        ^^^^^^^^^^^^^^
  File "/root/trabalho_super/venv_jupyter/lib/python3.12/site-packages/radon/visitors.py", line 48, in code2ast
    return ast.parse(source)
           ^^^^^^^^^^^^^^^^^
  File "/usr/lib/python3.12/ast.py", line 52, in parse
    return compile(source, filename, mode, flags,
           ^^^^^^^^^^^^^^^^^^^^^^^^^^^^^^^^^^^^^^
  File "<unknown>", line 9
    else (es=="F"):
         ^
SyntaxError: expected ':'
2025-07-17 23:33:57,294 cblogger [ERROR]: 		Error while extracting halsted code metrics: expected ':' (<unknown>, line 9)
Traceback (most recent call last):
  File "/root/trabalho_super/QuestionInsight/Etapa_1/codebench-mining-tool/util.py", line 569, in extract_halstead_metrics
    h = h_visit(code)
        ^^^^^^^^^^^^^
  File "/root/trabalho_super/venv_jupyter/lib/python3.12/site-packages/radon/metrics.py", line 29, in h_visit
    return h_visit_ast(ast.parse(code))
                       ^^^^^^^^^^^^^^^
  File "/usr/lib/python3.12/ast.py", line 52, in parse
    return compile(source, filename, mode, flags,
           ^^^^^^^^^^^^^^^^^^^^^^^^^^^^^^^^^^^^^^
  File "<unknown>", line 9
    else (es=="F"):
         ^
SyntaxError: expected ':'
2025-07-17 23:33:57,406 cblogger [ERROR]: 		Error while extracting code complexity metrics: invalid syntax (<unknown>, line 4)
Traceback (most recent call last):
  File "/root/trabalho_super/QuestionInsight/Etapa_1/codebench-mining-tool/util.py", line 551, in extract_complexity_metrics
    v = ComplexityVisitor.from_code(code)
        ^^^^^^^^^^^^^^^^^^^^^^^^^^^^^^^^^
  File "/root/trabalho_super/venv_jupyter/lib/python3.12/site-packages/radon/visitors.py", line 133, in from_code
    return cls.from_ast(code2ast(code), **kwargs)
                        ^^^^^^^^^^^^^^
  File "/root/trabalho_super/venv_jupyter/lib/python3.12/site-packages/radon/visitors.py", line 48, in code2ast
    return ast.parse(source)
           ^^^^^^^^^^^^^^^^^
  File "/usr/lib/python3.12/ast.py", line 52, in parse
    return compile(source, filename, mode, flags,
           ^^^^^^^^^^^^^^^^^^^^^^^^^^^^^^^^^^^^^^
  File "<unknown>", line 4
    for i in range (len(b):
                          ^
SyntaxError: invalid syntax
2025-07-17 23:33:57,407 cblogger [ERROR]: 		Error while extracting code size based metrics: SyntaxError at line: 4
Traceback (most recent call last):
  File "/root/trabalho_super/venv_jupyter/lib/python3.12/site-packages/radon/raw.py", line 210, in analyze
    tokens, parsed_lines = _get_all_tokens(line, lines)
                           ^^^^^^^^^^^^^^^^^^^^^^^^^^^^
  File "/root/trabalho_super/venv_jupyter/lib/python3.12/site-packages/radon/raw.py", line 117, in _get_all_tokens
    next_line = next(lines)
                ^^^^^^^^^^^
StopIteration

During handling of the above exception, another exception occurred:

Traceback (most recent call last):
  File "/root/trabalho_super/QuestionInsight/Etapa_1/codebench-mining-tool/util.py", line 560, in extract_size_metrics
    a = analyze(code)
        ^^^^^^^^^^^^^
  File "/root/trabalho_super/venv_jupyter/lib/python3.12/site-packages/radon/raw.py", line 212, in analyze
    raise SyntaxError('SyntaxError at line: {0}'.format(lineno))
SyntaxError: SyntaxError at line: 4
2025-07-17 23:33:57,408 cblogger [ERROR]: 		Error while extracting halsted code metrics: invalid syntax (<unknown>, line 4)
Traceback (most recent call last):
  File "/root/trabalho_super/QuestionInsight/Etapa_1/codebench-mining-tool/util.py", line 569, in extract_halstead_metrics
    h = h_visit(code)
        ^^^^^^^^^^^^^
  File "/root/trabalho_super/venv_jupyter/lib/python3.12/site-packages/radon/metrics.py", line 29, in h_visit
    return h_visit_ast(ast.parse(code))
                       ^^^^^^^^^^^^^^^
  File "/usr/lib/python3.12/ast.py", line 52, in parse
    return compile(source, filename, mode, flags,
           ^^^^^^^^^^^^^^^^^^^^^^^^^^^^^^^^^^^^^^
  File "<unknown>", line 4
    for i in range (len(b):
                          ^
SyntaxError: invalid syntax
2025-07-17 23:33:57,500 cblogger [ERROR]: 		Error while extracting code complexity metrics: invalid syntax (<unknown>, line 5)
Traceback (most recent call last):
  File "/root/trabalho_super/QuestionInsight/Etapa_1/codebench-mining-tool/util.py", line 551, in extract_complexity_metrics
    v = ComplexityVisitor.from_code(code)
        ^^^^^^^^^^^^^^^^^^^^^^^^^^^^^^^^^
  File "/root/trabalho_super/venv_jupyter/lib/python3.12/site-packages/radon/visitors.py", line 133, in from_code
    return cls.from_ast(code2ast(code), **kwargs)
                        ^^^^^^^^^^^^^^
  File "/root/trabalho_super/venv_jupyter/lib/python3.12/site-packages/radon/visitors.py", line 48, in code2ast
    return ast.parse(source)
           ^^^^^^^^^^^^^^^^^
  File "/usr/lib/python3.12/ast.py", line 52, in parse
    return compile(source, filename, mode, flags,
           ^^^^^^^^^^^^^^^^^^^^^^^^^^^^^^^^^^^^^^
  File "<unknown>", line 5
    if (c =)
          ^
SyntaxError: invalid syntax
2025-07-17 23:33:57,500 cblogger [ERROR]: 		Error while extracting halsted code metrics: invalid syntax (<unknown>, line 5)
Traceback (most recent call last):
  File "/root/trabalho_super/QuestionInsight/Etapa_1/codebench-mining-tool/util.py", line 569, in extract_halstead_metrics
    h = h_visit(code)
        ^^^^^^^^^^^^^
  File "/root/trabalho_super/venv_jupyter/lib/python3.12/site-packages/radon/metrics.py", line 29, in h_visit
    return h_visit_ast(ast.parse(code))
                       ^^^^^^^^^^^^^^^
  File "/usr/lib/python3.12/ast.py", line 52, in parse
    return compile(source, filename, mode, flags,
           ^^^^^^^^^^^^^^^^^^^^^^^^^^^^^^^^^^^^^^
  File "<unknown>", line 5
    if (c =)
          ^
SyntaxError: invalid syntax
2025-07-17 23:33:57,519 cblogger [ERROR]: 		Error while extracting code complexity metrics: invalid syntax (<unknown>, line 2)
Traceback (most recent call last):
  File "/root/trabalho_super/QuestionInsight/Etapa_1/codebench-mining-tool/util.py", line 551, in extract_complexity_metrics
    v = ComplexityVisitor.from_code(code)
        ^^^^^^^^^^^^^^^^^^^^^^^^^^^^^^^^^
  File "/root/trabalho_super/venv_jupyter/lib/python3.12/site-packages/radon/visitors.py", line 133, in from_code
    return cls.from_ast(code2ast(code), **kwargs)
                        ^^^^^^^^^^^^^^
  File "/root/trabalho_super/venv_jupyter/lib/python3.12/site-packages/radon/visitors.py", line 48, in code2ast
    return ast.parse(source)
           ^^^^^^^^^^^^^^^^^
  File "/usr/lib/python3.12/ast.py", line 52, in parse
    return compile(source, filename, mode, flags,
           ^^^^^^^^^^^^^^^^^^^^^^^^^^^^^^^^^^^^^^
  File "<unknown>", line 2
    area = 
           ^
SyntaxError: invalid syntax
2025-07-17 23:33:57,519 cblogger [ERROR]: 		Error while extracting halsted code metrics: invalid syntax (<unknown>, line 2)
Traceback (most recent call last):
  File "/root/trabalho_super/QuestionInsight/Etapa_1/codebench-mining-tool/util.py", line 569, in extract_halstead_metrics
    h = h_visit(code)
        ^^^^^^^^^^^^^
  File "/root/trabalho_super/venv_jupyter/lib/python3.12/site-packages/radon/metrics.py", line 29, in h_visit
    return h_visit_ast(ast.parse(code))
                       ^^^^^^^^^^^^^^^
  File "/usr/lib/python3.12/ast.py", line 52, in parse
    return compile(source, filename, mode, flags,
           ^^^^^^^^^^^^^^^^^^^^^^^^^^^^^^^^^^^^^^
  File "<unknown>", line 2
    area = 
           ^
SyntaxError: invalid syntax
2025-07-17 23:33:57,918 cblogger [ERROR]: 		Error while extracting code complexity metrics: invalid syntax (<unknown>, line 8)
Traceback (most recent call last):
  File "/root/trabalho_super/QuestionInsight/Etapa_1/codebench-mining-tool/util.py", line 551, in extract_complexity_metrics
    v = ComplexityVisitor.from_code(code)
        ^^^^^^^^^^^^^^^^^^^^^^^^^^^^^^^^^
  File "/root/trabalho_super/venv_jupyter/lib/python3.12/site-packages/radon/visitors.py", line 133, in from_code
    return cls.from_ast(code2ast(code), **kwargs)
                        ^^^^^^^^^^^^^^
  File "/root/trabalho_super/venv_jupyter/lib/python3.12/site-packages/radon/visitors.py", line 48, in code2ast
    return ast.parse(source)
           ^^^^^^^^^^^^^^^^^
  File "/usr/lib/python3.12/ast.py", line 52, in parse
    return compile(source, filename, mode, flags,
           ^^^^^^^^^^^^^^^^^^^^^^^^^^^^^^^^^^^^^^
  File "<unknown>", line 8
    print(round(,2))
                ^
SyntaxError: invalid syntax
2025-07-17 23:33:57,919 cblogger [ERROR]: 		Error while extracting halsted code metrics: invalid syntax (<unknown>, line 8)
Traceback (most recent call last):
  File "/root/trabalho_super/QuestionInsight/Etapa_1/codebench-mining-tool/util.py", line 569, in extract_halstead_metrics
    h = h_visit(code)
        ^^^^^^^^^^^^^
  File "/root/trabalho_super/venv_jupyter/lib/python3.12/site-packages/radon/metrics.py", line 29, in h_visit
    return h_visit_ast(ast.parse(code))
                       ^^^^^^^^^^^^^^^
  File "/usr/lib/python3.12/ast.py", line 52, in parse
    return compile(source, filename, mode, flags,
           ^^^^^^^^^^^^^^^^^^^^^^^^^^^^^^^^^^^^^^
  File "<unknown>", line 8
    print(round(,2))
                ^
SyntaxError: invalid syntax
2025-07-17 23:33:58,020 cblogger [ERROR]: 		Error while extracting code complexity metrics: expected an indented block after 'else' statement on line 8 (<unknown>, line 9)
Traceback (most recent call last):
  File "/root/trabalho_super/QuestionInsight/Etapa_1/codebench-mining-tool/util.py", line 551, in extract_complexity_metrics
    v = ComplexityVisitor.from_code(code)
        ^^^^^^^^^^^^^^^^^^^^^^^^^^^^^^^^^
  File "/root/trabalho_super/venv_jupyter/lib/python3.12/site-packages/radon/visitors.py", line 133, in from_code
    return cls.from_ast(code2ast(code), **kwargs)
                        ^^^^^^^^^^^^^^
  File "/root/trabalho_super/venv_jupyter/lib/python3.12/site-packages/radon/visitors.py", line 48, in code2ast
    return ast.parse(source)
           ^^^^^^^^^^^^^^^^^
  File "/usr/lib/python3.12/ast.py", line 52, in parse
    return compile(source, filename, mode, flags,
           ^^^^^^^^^^^^^^^^^^^^^^^^^^^^^^^^^^^^^^
  File "<unknown>", line 9
    
    ^
IndentationError: expected an indented block after 'else' statement on line 8
2025-07-17 23:33:58,021 cblogger [ERROR]: 		Error while extracting halsted code metrics: expected an indented block after 'else' statement on line 8 (<unknown>, line 9)
Traceback (most recent call last):
  File "/root/trabalho_super/QuestionInsight/Etapa_1/codebench-mining-tool/util.py", line 569, in extract_halstead_metrics
    h = h_visit(code)
        ^^^^^^^^^^^^^
  File "/root/trabalho_super/venv_jupyter/lib/python3.12/site-packages/radon/metrics.py", line 29, in h_visit
    return h_visit_ast(ast.parse(code))
                       ^^^^^^^^^^^^^^^
  File "/usr/lib/python3.12/ast.py", line 52, in parse
    return compile(source, filename, mode, flags,
           ^^^^^^^^^^^^^^^^^^^^^^^^^^^^^^^^^^^^^^
  File "<unknown>", line 9
    
    ^
IndentationError: expected an indented block after 'else' statement on line 8
2025-07-17 23:33:58,789 cblogger [ERROR]: 		Error while extracting code complexity metrics: invalid syntax (<unknown>, line 4)
Traceback (most recent call last):
  File "/root/trabalho_super/QuestionInsight/Etapa_1/codebench-mining-tool/util.py", line 551, in extract_complexity_metrics
    v = ComplexityVisitor.from_code(code)
        ^^^^^^^^^^^^^^^^^^^^^^^^^^^^^^^^^
  File "/root/trabalho_super/venv_jupyter/lib/python3.12/site-packages/radon/visitors.py", line 133, in from_code
    return cls.from_ast(code2ast(code), **kwargs)
                        ^^^^^^^^^^^^^^
  File "/root/trabalho_super/venv_jupyter/lib/python3.12/site-packages/radon/visitors.py", line 48, in code2ast
    return ast.parse(source)
           ^^^^^^^^^^^^^^^^^
  File "/usr/lib/python3.12/ast.py", line 52, in parse
    return compile(source, filename, mode, flags,
           ^^^^^^^^^^^^^^^^^^^^^^^^^^^^^^^^^^^^^^
  File "<unknown>", line 4
    t= 
       ^
SyntaxError: invalid syntax
2025-07-17 23:33:58,790 cblogger [ERROR]: 		Error while extracting halsted code metrics: invalid syntax (<unknown>, line 4)
Traceback (most recent call last):
  File "/root/trabalho_super/QuestionInsight/Etapa_1/codebench-mining-tool/util.py", line 569, in extract_halstead_metrics
    h = h_visit(code)
        ^^^^^^^^^^^^^
  File "/root/trabalho_super/venv_jupyter/lib/python3.12/site-packages/radon/metrics.py", line 29, in h_visit
    return h_visit_ast(ast.parse(code))
                       ^^^^^^^^^^^^^^^
  File "/usr/lib/python3.12/ast.py", line 52, in parse
    return compile(source, filename, mode, flags,
           ^^^^^^^^^^^^^^^^^^^^^^^^^^^^^^^^^^^^^^
  File "<unknown>", line 4
    t= 
       ^
SyntaxError: invalid syntax
2025-07-17 23:33:58,800 cblogger [ERROR]: 		Error while extracting code complexity metrics: invalid syntax (<unknown>, line 6)
Traceback (most recent call last):
  File "/root/trabalho_super/QuestionInsight/Etapa_1/codebench-mining-tool/util.py", line 551, in extract_complexity_metrics
    v = ComplexityVisitor.from_code(code)
        ^^^^^^^^^^^^^^^^^^^^^^^^^^^^^^^^^
  File "/root/trabalho_super/venv_jupyter/lib/python3.12/site-packages/radon/visitors.py", line 133, in from_code
    return cls.from_ast(code2ast(code), **kwargs)
                        ^^^^^^^^^^^^^^
  File "/root/trabalho_super/venv_jupyter/lib/python3.12/site-packages/radon/visitors.py", line 48, in code2ast
    return ast.parse(source)
           ^^^^^^^^^^^^^^^^^
  File "/usr/lib/python3.12/ast.py", line 52, in parse
    return compile(source, filename, mode, flags,
           ^^^^^^^^^^^^^^^^^^^^^^^^^^^^^^^^^^^^^^
  File "<unknown>", line 6
    if 
       ^
SyntaxError: invalid syntax
2025-07-17 23:33:58,801 cblogger [ERROR]: 		Error while extracting halsted code metrics: invalid syntax (<unknown>, line 6)
Traceback (most recent call last):
  File "/root/trabalho_super/QuestionInsight/Etapa_1/codebench-mining-tool/util.py", line 569, in extract_halstead_metrics
    h = h_visit(code)
        ^^^^^^^^^^^^^
  File "/root/trabalho_super/venv_jupyter/lib/python3.12/site-packages/radon/metrics.py", line 29, in h_visit
    return h_visit_ast(ast.parse(code))
                       ^^^^^^^^^^^^^^^
  File "/usr/lib/python3.12/ast.py", line 52, in parse
    return compile(source, filename, mode, flags,
           ^^^^^^^^^^^^^^^^^^^^^^^^^^^^^^^^^^^^^^
  File "<unknown>", line 6
    if 
       ^
SyntaxError: invalid syntax
2025-07-17 23:33:58,847 cblogger [ERROR]: 		Error while extracting code complexity metrics: expected ':' (<unknown>, line 3)
Traceback (most recent call last):
  File "/root/trabalho_super/QuestionInsight/Etapa_1/codebench-mining-tool/util.py", line 551, in extract_complexity_metrics
    v = ComplexityVisitor.from_code(code)
        ^^^^^^^^^^^^^^^^^^^^^^^^^^^^^^^^^
  File "/root/trabalho_super/venv_jupyter/lib/python3.12/site-packages/radon/visitors.py", line 133, in from_code
    return cls.from_ast(code2ast(code), **kwargs)
                        ^^^^^^^^^^^^^^
  File "/root/trabalho_super/venv_jupyter/lib/python3.12/site-packages/radon/visitors.py", line 48, in code2ast
    return ast.parse(source)
           ^^^^^^^^^^^^^^^^^
  File "/usr/lib/python3.12/ast.py", line 52, in parse
    return compile(source, filename, mode, flags,
           ^^^^^^^^^^^^^^^^^^^^^^^^^^^^^^^^^^^^^^
  File "<unknown>", line 3
    if(h>400)
             ^
SyntaxError: expected ':'
2025-07-17 23:33:58,848 cblogger [ERROR]: 		Error while extracting halsted code metrics: expected ':' (<unknown>, line 3)
Traceback (most recent call last):
  File "/root/trabalho_super/QuestionInsight/Etapa_1/codebench-mining-tool/util.py", line 569, in extract_halstead_metrics
    h = h_visit(code)
        ^^^^^^^^^^^^^
  File "/root/trabalho_super/venv_jupyter/lib/python3.12/site-packages/radon/metrics.py", line 29, in h_visit
    return h_visit_ast(ast.parse(code))
                       ^^^^^^^^^^^^^^^
  File "/usr/lib/python3.12/ast.py", line 52, in parse
    return compile(source, filename, mode, flags,
           ^^^^^^^^^^^^^^^^^^^^^^^^^^^^^^^^^^^^^^
  File "<unknown>", line 3
    if(h>400)
             ^
SyntaxError: expected ':'
2025-07-17 23:33:59,403 cblogger [ERROR]: 		Error while extracting code complexity metrics: unexpected indent (<unknown>, line 10)
Traceback (most recent call last):
  File "/root/trabalho_super/QuestionInsight/Etapa_1/codebench-mining-tool/util.py", line 551, in extract_complexity_metrics
    v = ComplexityVisitor.from_code(code)
        ^^^^^^^^^^^^^^^^^^^^^^^^^^^^^^^^^
  File "/root/trabalho_super/venv_jupyter/lib/python3.12/site-packages/radon/visitors.py", line 133, in from_code
    return cls.from_ast(code2ast(code), **kwargs)
                        ^^^^^^^^^^^^^^
  File "/root/trabalho_super/venv_jupyter/lib/python3.12/site-packages/radon/visitors.py", line 48, in code2ast
    return ast.parse(source)
           ^^^^^^^^^^^^^^^^^
  File "/usr/lib/python3.12/ast.py", line 52, in parse
    return compile(source, filename, mode, flags,
           ^^^^^^^^^^^^^^^^^^^^^^^^^^^^^^^^^^^^^^
  File "<unknown>", line 10
    	 if (f == (9 * c + 32) / 5):
    	^
IndentationError: unexpected indent
2025-07-17 23:33:59,404 cblogger [ERROR]: 		Error while extracting halsted code metrics: unexpected indent (<unknown>, line 10)
Traceback (most recent call last):
  File "/root/trabalho_super/QuestionInsight/Etapa_1/codebench-mining-tool/util.py", line 569, in extract_halstead_metrics
    h = h_visit(code)
        ^^^^^^^^^^^^^
  File "/root/trabalho_super/venv_jupyter/lib/python3.12/site-packages/radon/metrics.py", line 29, in h_visit
    return h_visit_ast(ast.parse(code))
                       ^^^^^^^^^^^^^^^
  File "/usr/lib/python3.12/ast.py", line 52, in parse
    return compile(source, filename, mode, flags,
           ^^^^^^^^^^^^^^^^^^^^^^^^^^^^^^^^^^^^^^
  File "<unknown>", line 10
    	 if (f == (9 * c + 32) / 5):
    	^
IndentationError: unexpected indent
2025-07-17 23:34:00,046 cblogger [ERROR]: 		Error while extracting code complexity metrics: invalid syntax (<unknown>, line 4)
Traceback (most recent call last):
  File "/root/trabalho_super/QuestionInsight/Etapa_1/codebench-mining-tool/util.py", line 551, in extract_complexity_metrics
    v = ComplexityVisitor.from_code(code)
        ^^^^^^^^^^^^^^^^^^^^^^^^^^^^^^^^^
  File "/root/trabalho_super/venv_jupyter/lib/python3.12/site-packages/radon/visitors.py", line 133, in from_code
    return cls.from_ast(code2ast(code), **kwargs)
                        ^^^^^^^^^^^^^^
  File "/root/trabalho_super/venv_jupyter/lib/python3.12/site-packages/radon/visitors.py", line 48, in code2ast
    return ast.parse(source)
           ^^^^^^^^^^^^^^^^^
  File "/usr/lib/python3.12/ast.py", line 52, in parse
    return compile(source, filename, mode, flags,
           ^^^^^^^^^^^^^^^^^^^^^^^^^^^^^^^^^^^^^^
  File "<unknown>", line 4
    q_final = 1500 * (1 + juros)**
                                  ^
SyntaxError: invalid syntax
2025-07-17 23:34:00,047 cblogger [ERROR]: 		Error while extracting halsted code metrics: invalid syntax (<unknown>, line 4)
Traceback (most recent call last):
  File "/root/trabalho_super/QuestionInsight/Etapa_1/codebench-mining-tool/util.py", line 569, in extract_halstead_metrics
    h = h_visit(code)
        ^^^^^^^^^^^^^
  File "/root/trabalho_super/venv_jupyter/lib/python3.12/site-packages/radon/metrics.py", line 29, in h_visit
    return h_visit_ast(ast.parse(code))
                       ^^^^^^^^^^^^^^^
  File "/usr/lib/python3.12/ast.py", line 52, in parse
    return compile(source, filename, mode, flags,
           ^^^^^^^^^^^^^^^^^^^^^^^^^^^^^^^^^^^^^^
  File "<unknown>", line 4
    q_final = 1500 * (1 + juros)**
                                  ^
SyntaxError: invalid syntax
2025-07-17 23:34:00,222 cblogger [ERROR]: 		Error while extracting code complexity metrics: invalid syntax (<unknown>, line 3)
Traceback (most recent call last):
  File "/root/trabalho_super/QuestionInsight/Etapa_1/codebench-mining-tool/util.py", line 551, in extract_complexity_metrics
    v = ComplexityVisitor.from_code(code)
        ^^^^^^^^^^^^^^^^^^^^^^^^^^^^^^^^^
  File "/root/trabalho_super/venv_jupyter/lib/python3.12/site-packages/radon/visitors.py", line 133, in from_code
    return cls.from_ast(code2ast(code), **kwargs)
                        ^^^^^^^^^^^^^^
  File "/root/trabalho_super/venv_jupyter/lib/python3.12/site-packages/radon/visitors.py", line 48, in code2ast
    return ast.parse(source)
           ^^^^^^^^^^^^^^^^^
  File "/usr/lib/python3.12/ast.py", line 52, in parse
    return compile(source, filename, mode, flags,
           ^^^^^^^^^^^^^^^^^^^^^^^^^^^^^^^^^^^^^^
  File "<unknown>", line 3
    propriedade = 
                  ^
SyntaxError: invalid syntax
2025-07-17 23:34:00,222 cblogger [ERROR]: 		Error while extracting halsted code metrics: invalid syntax (<unknown>, line 3)
Traceback (most recent call last):
  File "/root/trabalho_super/QuestionInsight/Etapa_1/codebench-mining-tool/util.py", line 569, in extract_halstead_metrics
    h = h_visit(code)
        ^^^^^^^^^^^^^
  File "/root/trabalho_super/venv_jupyter/lib/python3.12/site-packages/radon/metrics.py", line 29, in h_visit
    return h_visit_ast(ast.parse(code))
                       ^^^^^^^^^^^^^^^
  File "/usr/lib/python3.12/ast.py", line 52, in parse
    return compile(source, filename, mode, flags,
           ^^^^^^^^^^^^^^^^^^^^^^^^^^^^^^^^^^^^^^
  File "<unknown>", line 3
    propriedade = 
                  ^
SyntaxError: invalid syntax
2025-07-17 23:34:00,282 cblogger [ERROR]: 		Error while extracting code complexity metrics: '(' was never closed (<unknown>, line 6)
Traceback (most recent call last):
  File "/root/trabalho_super/QuestionInsight/Etapa_1/codebench-mining-tool/util.py", line 551, in extract_complexity_metrics
    v = ComplexityVisitor.from_code(code)
        ^^^^^^^^^^^^^^^^^^^^^^^^^^^^^^^^^
  File "/root/trabalho_super/venv_jupyter/lib/python3.12/site-packages/radon/visitors.py", line 133, in from_code
    return cls.from_ast(code2ast(code), **kwargs)
                        ^^^^^^^^^^^^^^
  File "/root/trabalho_super/venv_jupyter/lib/python3.12/site-packages/radon/visitors.py", line 48, in code2ast
    return ast.parse(source)
           ^^^^^^^^^^^^^^^^^
  File "/usr/lib/python3.12/ast.py", line 52, in parse
    return compile(source, filename, mode, flags,
           ^^^^^^^^^^^^^^^^^^^^^^^^^^^^^^^^^^^^^^
  File "<unknown>", line 6
    print(round(c, 2)
         ^
SyntaxError: '(' was never closed
2025-07-17 23:34:00,283 cblogger [ERROR]: 		Error while extracting code size based metrics: SyntaxError at line: 6
Traceback (most recent call last):
  File "/root/trabalho_super/venv_jupyter/lib/python3.12/site-packages/radon/raw.py", line 210, in analyze
    tokens, parsed_lines = _get_all_tokens(line, lines)
                           ^^^^^^^^^^^^^^^^^^^^^^^^^^^^
  File "/root/trabalho_super/venv_jupyter/lib/python3.12/site-packages/radon/raw.py", line 117, in _get_all_tokens
    next_line = next(lines)
                ^^^^^^^^^^^
StopIteration

During handling of the above exception, another exception occurred:

Traceback (most recent call last):
  File "/root/trabalho_super/QuestionInsight/Etapa_1/codebench-mining-tool/util.py", line 560, in extract_size_metrics
    a = analyze(code)
        ^^^^^^^^^^^^^
  File "/root/trabalho_super/venv_jupyter/lib/python3.12/site-packages/radon/raw.py", line 212, in analyze
    raise SyntaxError('SyntaxError at line: {0}'.format(lineno))
SyntaxError: SyntaxError at line: 6
2025-07-17 23:34:00,283 cblogger [ERROR]: 		Error while extracting halsted code metrics: '(' was never closed (<unknown>, line 6)
Traceback (most recent call last):
  File "/root/trabalho_super/QuestionInsight/Etapa_1/codebench-mining-tool/util.py", line 569, in extract_halstead_metrics
    h = h_visit(code)
        ^^^^^^^^^^^^^
  File "/root/trabalho_super/venv_jupyter/lib/python3.12/site-packages/radon/metrics.py", line 29, in h_visit
    return h_visit_ast(ast.parse(code))
                       ^^^^^^^^^^^^^^^
  File "/usr/lib/python3.12/ast.py", line 52, in parse
    return compile(source, filename, mode, flags,
           ^^^^^^^^^^^^^^^^^^^^^^^^^^^^^^^^^^^^^^
  File "<unknown>", line 6
    print(round(c, 2)
         ^
SyntaxError: '(' was never closed
2025-07-17 23:34:00,286 cblogger [ERROR]: 		Error while extracting code complexity metrics: invalid syntax (<unknown>, line 2)
Traceback (most recent call last):
  File "/root/trabalho_super/QuestionInsight/Etapa_1/codebench-mining-tool/util.py", line 551, in extract_complexity_metrics
    v = ComplexityVisitor.from_code(code)
        ^^^^^^^^^^^^^^^^^^^^^^^^^^^^^^^^^
  File "/root/trabalho_super/venv_jupyter/lib/python3.12/site-packages/radon/visitors.py", line 133, in from_code
    return cls.from_ast(code2ast(code), **kwargs)
                        ^^^^^^^^^^^^^^
  File "/root/trabalho_super/venv_jupyter/lib/python3.12/site-packages/radon/visitors.py", line 48, in code2ast
    return ast.parse(source)
           ^^^^^^^^^^^^^^^^^
  File "/usr/lib/python3.12/ast.py", line 52, in parse
    return compile(source, filename, mode, flags,
           ^^^^^^^^^^^^^^^^^^^^^^^^^^^^^^^^^^^^^^
  File "<unknown>", line 2
    childe=(bili//100*30%)
                         ^
SyntaxError: invalid syntax
2025-07-17 23:34:00,286 cblogger [ERROR]: 		Error while extracting halsted code metrics: invalid syntax (<unknown>, line 2)
Traceback (most recent call last):
  File "/root/trabalho_super/QuestionInsight/Etapa_1/codebench-mining-tool/util.py", line 569, in extract_halstead_metrics
    h = h_visit(code)
        ^^^^^^^^^^^^^
  File "/root/trabalho_super/venv_jupyter/lib/python3.12/site-packages/radon/metrics.py", line 29, in h_visit
    return h_visit_ast(ast.parse(code))
                       ^^^^^^^^^^^^^^^
  File "/usr/lib/python3.12/ast.py", line 52, in parse
    return compile(source, filename, mode, flags,
           ^^^^^^^^^^^^^^^^^^^^^^^^^^^^^^^^^^^^^^
  File "<unknown>", line 2
    childe=(bili//100*30%)
                         ^
SyntaxError: invalid syntax
2025-07-17 23:34:00,672 cblogger [ERROR]: 		Error while extracting code complexity metrics: '(' was never closed (<unknown>, line 5)
Traceback (most recent call last):
  File "/root/trabalho_super/QuestionInsight/Etapa_1/codebench-mining-tool/util.py", line 551, in extract_complexity_metrics
    v = ComplexityVisitor.from_code(code)
        ^^^^^^^^^^^^^^^^^^^^^^^^^^^^^^^^^
  File "/root/trabalho_super/venv_jupyter/lib/python3.12/site-packages/radon/visitors.py", line 133, in from_code
    return cls.from_ast(code2ast(code), **kwargs)
                        ^^^^^^^^^^^^^^
  File "/root/trabalho_super/venv_jupyter/lib/python3.12/site-packages/radon/visitors.py", line 48, in code2ast
    return ast.parse(source)
           ^^^^^^^^^^^^^^^^^
  File "/usr/lib/python3.12/ast.py", line 52, in parse
    return compile(source, filename, mode, flags,
           ^^^^^^^^^^^^^^^^^^^^^^^^^^^^^^^^^^^^^^
  File "<unknown>", line 5
    a=(1/2)*((r*cos(pi/n))**2*tan(pi/n)
            ^
SyntaxError: '(' was never closed
2025-07-17 23:34:00,673 cblogger [ERROR]: 		Error while extracting code size based metrics: SyntaxError at line: 5
Traceback (most recent call last):
  File "/root/trabalho_super/venv_jupyter/lib/python3.12/site-packages/radon/raw.py", line 210, in analyze
    tokens, parsed_lines = _get_all_tokens(line, lines)
                           ^^^^^^^^^^^^^^^^^^^^^^^^^^^^
  File "/root/trabalho_super/venv_jupyter/lib/python3.12/site-packages/radon/raw.py", line 117, in _get_all_tokens
    next_line = next(lines)
                ^^^^^^^^^^^
StopIteration

During handling of the above exception, another exception occurred:

Traceback (most recent call last):
  File "/root/trabalho_super/QuestionInsight/Etapa_1/codebench-mining-tool/util.py", line 560, in extract_size_metrics
    a = analyze(code)
        ^^^^^^^^^^^^^
  File "/root/trabalho_super/venv_jupyter/lib/python3.12/site-packages/radon/raw.py", line 212, in analyze
    raise SyntaxError('SyntaxError at line: {0}'.format(lineno))
SyntaxError: SyntaxError at line: 5
2025-07-17 23:34:00,675 cblogger [ERROR]: 		Error while extracting halsted code metrics: '(' was never closed (<unknown>, line 5)
Traceback (most recent call last):
  File "/root/trabalho_super/QuestionInsight/Etapa_1/codebench-mining-tool/util.py", line 569, in extract_halstead_metrics
    h = h_visit(code)
        ^^^^^^^^^^^^^
  File "/root/trabalho_super/venv_jupyter/lib/python3.12/site-packages/radon/metrics.py", line 29, in h_visit
    return h_visit_ast(ast.parse(code))
                       ^^^^^^^^^^^^^^^
  File "/usr/lib/python3.12/ast.py", line 52, in parse
    return compile(source, filename, mode, flags,
           ^^^^^^^^^^^^^^^^^^^^^^^^^^^^^^^^^^^^^^
  File "<unknown>", line 5
    a=(1/2)*((r*cos(pi/n))**2*tan(pi/n)
            ^
SyntaxError: '(' was never closed
2025-07-17 23:34:00,895 cblogger [ERROR]: 		Error while extracting code complexity metrics: expected ':' (<unknown>, line 2)
Traceback (most recent call last):
  File "/root/trabalho_super/QuestionInsight/Etapa_1/codebench-mining-tool/util.py", line 551, in extract_complexity_metrics
    v = ComplexityVisitor.from_code(code)
        ^^^^^^^^^^^^^^^^^^^^^^^^^^^^^^^^^
  File "/root/trabalho_super/venv_jupyter/lib/python3.12/site-packages/radon/visitors.py", line 133, in from_code
    return cls.from_ast(code2ast(code), **kwargs)
                        ^^^^^^^^^^^^^^
  File "/root/trabalho_super/venv_jupyter/lib/python3.12/site-packages/radon/visitors.py", line 48, in code2ast
    return ast.parse(source)
           ^^^^^^^^^^^^^^^^^
  File "/usr/lib/python3.12/ast.py", line 52, in parse
    return compile(source, filename, mode, flags,
           ^^^^^^^^^^^^^^^^^^^^^^^^^^^^^^^^^^^^^^
  File "<unknown>", line 2
    if (x < 10)
               ^
SyntaxError: expected ':'
2025-07-17 23:34:00,896 cblogger [ERROR]: 		Error while extracting halsted code metrics: expected ':' (<unknown>, line 2)
Traceback (most recent call last):
  File "/root/trabalho_super/QuestionInsight/Etapa_1/codebench-mining-tool/util.py", line 569, in extract_halstead_metrics
    h = h_visit(code)
        ^^^^^^^^^^^^^
  File "/root/trabalho_super/venv_jupyter/lib/python3.12/site-packages/radon/metrics.py", line 29, in h_visit
    return h_visit_ast(ast.parse(code))
                       ^^^^^^^^^^^^^^^
  File "/usr/lib/python3.12/ast.py", line 52, in parse
    return compile(source, filename, mode, flags,
           ^^^^^^^^^^^^^^^^^^^^^^^^^^^^^^^^^^^^^^
  File "<unknown>", line 2
    if (x < 10)
               ^
SyntaxError: expected ':'
2025-07-17 23:34:00,904 cblogger [ERROR]: 		Error while extracting code complexity metrics: expected ':' (<unknown>, line 7)
Traceback (most recent call last):
  File "/root/trabalho_super/QuestionInsight/Etapa_1/codebench-mining-tool/util.py", line 551, in extract_complexity_metrics
    v = ComplexityVisitor.from_code(code)
        ^^^^^^^^^^^^^^^^^^^^^^^^^^^^^^^^^
  File "/root/trabalho_super/venv_jupyter/lib/python3.12/site-packages/radon/visitors.py", line 133, in from_code
    return cls.from_ast(code2ast(code), **kwargs)
                        ^^^^^^^^^^^^^^
  File "/root/trabalho_super/venv_jupyter/lib/python3.12/site-packages/radon/visitors.py", line 48, in code2ast
    return ast.parse(source)
           ^^^^^^^^^^^^^^^^^
  File "/usr/lib/python3.12/ast.py", line 52, in parse
    return compile(source, filename, mode, flags,
           ^^^^^^^^^^^^^^^^^^^^^^^^^^^^^^^^^^^^^^
  File "<unknown>", line 7
    if (num % 2 == 0)
                     ^
SyntaxError: expected ':'
2025-07-17 23:34:00,905 cblogger [ERROR]: 		Error while extracting halsted code metrics: expected ':' (<unknown>, line 7)
Traceback (most recent call last):
  File "/root/trabalho_super/QuestionInsight/Etapa_1/codebench-mining-tool/util.py", line 569, in extract_halstead_metrics
    h = h_visit(code)
        ^^^^^^^^^^^^^
  File "/root/trabalho_super/venv_jupyter/lib/python3.12/site-packages/radon/metrics.py", line 29, in h_visit
    return h_visit_ast(ast.parse(code))
                       ^^^^^^^^^^^^^^^
  File "/usr/lib/python3.12/ast.py", line 52, in parse
    return compile(source, filename, mode, flags,
           ^^^^^^^^^^^^^^^^^^^^^^^^^^^^^^^^^^^^^^
  File "<unknown>", line 7
    if (num % 2 == 0)
                     ^
SyntaxError: expected ':'
2025-07-17 23:34:00,952 cblogger [ERROR]: 		Error while extracting code complexity metrics: expected ':' (<unknown>, line 8)
Traceback (most recent call last):
  File "/root/trabalho_super/QuestionInsight/Etapa_1/codebench-mining-tool/util.py", line 551, in extract_complexity_metrics
    v = ComplexityVisitor.from_code(code)
        ^^^^^^^^^^^^^^^^^^^^^^^^^^^^^^^^^
  File "/root/trabalho_super/venv_jupyter/lib/python3.12/site-packages/radon/visitors.py", line 133, in from_code
    return cls.from_ast(code2ast(code), **kwargs)
                        ^^^^^^^^^^^^^^
  File "/root/trabalho_super/venv_jupyter/lib/python3.12/site-packages/radon/visitors.py", line 48, in code2ast
    return ast.parse(source)
           ^^^^^^^^^^^^^^^^^
  File "/usr/lib/python3.12/ast.py", line 52, in parse
    return compile(source, filename, mode, flags,
           ^^^^^^^^^^^^^^^^^^^^^^^^^^^^^^^^^^^^^^
  File "<unknown>", line 8
    else (nome == "h"):
         ^
SyntaxError: expected ':'
2025-07-17 23:34:00,954 cblogger [ERROR]: 		Error while extracting halsted code metrics: expected ':' (<unknown>, line 8)
Traceback (most recent call last):
  File "/root/trabalho_super/QuestionInsight/Etapa_1/codebench-mining-tool/util.py", line 569, in extract_halstead_metrics
    h = h_visit(code)
        ^^^^^^^^^^^^^
  File "/root/trabalho_super/venv_jupyter/lib/python3.12/site-packages/radon/metrics.py", line 29, in h_visit
    return h_visit_ast(ast.parse(code))
                       ^^^^^^^^^^^^^^^
  File "/usr/lib/python3.12/ast.py", line 52, in parse
    return compile(source, filename, mode, flags,
           ^^^^^^^^^^^^^^^^^^^^^^^^^^^^^^^^^^^^^^
  File "<unknown>", line 8
    else (nome == "h"):
         ^
SyntaxError: expected ':'
2025-07-17 23:34:01,061 cblogger [ERROR]: 		Error while extracting code complexity metrics: expected ':' (<unknown>, line 7)
Traceback (most recent call last):
  File "/root/trabalho_super/QuestionInsight/Etapa_1/codebench-mining-tool/util.py", line 551, in extract_complexity_metrics
    v = ComplexityVisitor.from_code(code)
        ^^^^^^^^^^^^^^^^^^^^^^^^^^^^^^^^^
  File "/root/trabalho_super/venv_jupyter/lib/python3.12/site-packages/radon/visitors.py", line 133, in from_code
    return cls.from_ast(code2ast(code), **kwargs)
                        ^^^^^^^^^^^^^^
  File "/root/trabalho_super/venv_jupyter/lib/python3.12/site-packages/radon/visitors.py", line 48, in code2ast
    return ast.parse(source)
           ^^^^^^^^^^^^^^^^^
  File "/usr/lib/python3.12/ast.py", line 52, in parse
    return compile(source, filename, mode, flags,
           ^^^^^^^^^^^^^^^^^^^^^^^^^^^^^^^^^^^^^^
  File "<unknown>", line 7
    if (num % 2 == 0)
                     ^
SyntaxError: expected ':'
2025-07-17 23:34:01,062 cblogger [ERROR]: 		Error while extracting halsted code metrics: expected ':' (<unknown>, line 7)
Traceback (most recent call last):
  File "/root/trabalho_super/QuestionInsight/Etapa_1/codebench-mining-tool/util.py", line 569, in extract_halstead_metrics
    h = h_visit(code)
        ^^^^^^^^^^^^^
  File "/root/trabalho_super/venv_jupyter/lib/python3.12/site-packages/radon/metrics.py", line 29, in h_visit
    return h_visit_ast(ast.parse(code))
                       ^^^^^^^^^^^^^^^
  File "/usr/lib/python3.12/ast.py", line 52, in parse
    return compile(source, filename, mode, flags,
           ^^^^^^^^^^^^^^^^^^^^^^^^^^^^^^^^^^^^^^
  File "<unknown>", line 7
    if (num % 2 == 0)
                     ^
SyntaxError: expected ':'
2025-07-17 23:34:01,190 cblogger [ERROR]: 		Error while extracting code complexity metrics: '(' was never closed (<unknown>, line 6)
Traceback (most recent call last):
  File "/root/trabalho_super/QuestionInsight/Etapa_1/codebench-mining-tool/util.py", line 551, in extract_complexity_metrics
    v = ComplexityVisitor.from_code(code)
        ^^^^^^^^^^^^^^^^^^^^^^^^^^^^^^^^^
  File "/root/trabalho_super/venv_jupyter/lib/python3.12/site-packages/radon/visitors.py", line 133, in from_code
    return cls.from_ast(code2ast(code), **kwargs)
                        ^^^^^^^^^^^^^^
  File "/root/trabalho_super/venv_jupyter/lib/python3.12/site-packages/radon/visitors.py", line 48, in code2ast
    return ast.parse(source)
           ^^^^^^^^^^^^^^^^^
  File "/usr/lib/python3.12/ast.py", line 52, in parse
    return compile(source, filename, mode, flags,
           ^^^^^^^^^^^^^^^^^^^^^^^^^^^^^^^^^^^^^^
  File "<unknown>", line 6
    a=(float(sqrt((b**2) + (c**2) - 2*((b)*(c)*(radians(cos(bc))))))
      ^
SyntaxError: '(' was never closed
2025-07-17 23:34:01,191 cblogger [ERROR]: 		Error while extracting code size based metrics: SyntaxError at line: 6
Traceback (most recent call last):
  File "/root/trabalho_super/venv_jupyter/lib/python3.12/site-packages/radon/raw.py", line 210, in analyze
    tokens, parsed_lines = _get_all_tokens(line, lines)
                           ^^^^^^^^^^^^^^^^^^^^^^^^^^^^
  File "/root/trabalho_super/venv_jupyter/lib/python3.12/site-packages/radon/raw.py", line 117, in _get_all_tokens
    next_line = next(lines)
                ^^^^^^^^^^^
StopIteration

During handling of the above exception, another exception occurred:

Traceback (most recent call last):
  File "/root/trabalho_super/QuestionInsight/Etapa_1/codebench-mining-tool/util.py", line 560, in extract_size_metrics
    a = analyze(code)
        ^^^^^^^^^^^^^
  File "/root/trabalho_super/venv_jupyter/lib/python3.12/site-packages/radon/raw.py", line 212, in analyze
    raise SyntaxError('SyntaxError at line: {0}'.format(lineno))
SyntaxError: SyntaxError at line: 6
2025-07-17 23:34:01,192 cblogger [ERROR]: 		Error while extracting halsted code metrics: '(' was never closed (<unknown>, line 6)
Traceback (most recent call last):
  File "/root/trabalho_super/QuestionInsight/Etapa_1/codebench-mining-tool/util.py", line 569, in extract_halstead_metrics
    h = h_visit(code)
        ^^^^^^^^^^^^^
  File "/root/trabalho_super/venv_jupyter/lib/python3.12/site-packages/radon/metrics.py", line 29, in h_visit
    return h_visit_ast(ast.parse(code))
                       ^^^^^^^^^^^^^^^
  File "/usr/lib/python3.12/ast.py", line 52, in parse
    return compile(source, filename, mode, flags,
           ^^^^^^^^^^^^^^^^^^^^^^^^^^^^^^^^^^^^^^
  File "<unknown>", line 6
    a=(float(sqrt((b**2) + (c**2) - 2*((b)*(c)*(radians(cos(bc))))))
      ^
SyntaxError: '(' was never closed
2025-07-17 23:34:01,252 cblogger [ERROR]: 		Error while extracting code complexity metrics: invalid syntax (<unknown>, line 4)
Traceback (most recent call last):
  File "/root/trabalho_super/QuestionInsight/Etapa_1/codebench-mining-tool/util.py", line 551, in extract_complexity_metrics
    v = ComplexityVisitor.from_code(code)
        ^^^^^^^^^^^^^^^^^^^^^^^^^^^^^^^^^
  File "/root/trabalho_super/venv_jupyter/lib/python3.12/site-packages/radon/visitors.py", line 133, in from_code
    return cls.from_ast(code2ast(code), **kwargs)
                        ^^^^^^^^^^^^^^
  File "/root/trabalho_super/venv_jupyter/lib/python3.12/site-packages/radon/visitors.py", line 48, in code2ast
    return ast.parse(source)
           ^^^^^^^^^^^^^^^^^
  File "/usr/lib/python3.12/ast.py", line 52, in parse
    return compile(source, filename, mode, flags,
           ^^^^^^^^^^^^^^^^^^^^^^^^^^^^^^^^^^^^^^
  File "<unknown>", line 4
    m=
      ^
SyntaxError: invalid syntax
2025-07-17 23:34:01,254 cblogger [ERROR]: 		Error while extracting halsted code metrics: invalid syntax (<unknown>, line 4)
Traceback (most recent call last):
  File "/root/trabalho_super/QuestionInsight/Etapa_1/codebench-mining-tool/util.py", line 569, in extract_halstead_metrics
    h = h_visit(code)
        ^^^^^^^^^^^^^
  File "/root/trabalho_super/venv_jupyter/lib/python3.12/site-packages/radon/metrics.py", line 29, in h_visit
    return h_visit_ast(ast.parse(code))
                       ^^^^^^^^^^^^^^^
  File "/usr/lib/python3.12/ast.py", line 52, in parse
    return compile(source, filename, mode, flags,
           ^^^^^^^^^^^^^^^^^^^^^^^^^^^^^^^^^^^^^^
  File "<unknown>", line 4
    m=
      ^
SyntaxError: invalid syntax
2025-07-17 23:34:01,343 cblogger [ERROR]: 		Error while extracting code complexity metrics: '(' was never closed (<unknown>, line 2)
Traceback (most recent call last):
  File "/root/trabalho_super/QuestionInsight/Etapa_1/codebench-mining-tool/util.py", line 551, in extract_complexity_metrics
    v = ComplexityVisitor.from_code(code)
        ^^^^^^^^^^^^^^^^^^^^^^^^^^^^^^^^^
  File "/root/trabalho_super/venv_jupyter/lib/python3.12/site-packages/radon/visitors.py", line 133, in from_code
    return cls.from_ast(code2ast(code), **kwargs)
                        ^^^^^^^^^^^^^^
  File "/root/trabalho_super/venv_jupyter/lib/python3.12/site-packages/radon/visitors.py", line 48, in code2ast
    return ast.parse(source)
           ^^^^^^^^^^^^^^^^^
  File "/usr/lib/python3.12/ast.py", line 52, in parse
    return compile(source, filename, mode, flags,
           ^^^^^^^^^^^^^^^^^^^^^^^^^^^^^^^^^^^^^^
  File "<unknown>", line 2
    b= float(input("valor b : ")
            ^
SyntaxError: '(' was never closed
2025-07-17 23:34:01,344 cblogger [ERROR]: 		Error while extracting code size based metrics: SyntaxError at line: 2
Traceback (most recent call last):
  File "/root/trabalho_super/venv_jupyter/lib/python3.12/site-packages/radon/raw.py", line 210, in analyze
    tokens, parsed_lines = _get_all_tokens(line, lines)
                           ^^^^^^^^^^^^^^^^^^^^^^^^^^^^
  File "/root/trabalho_super/venv_jupyter/lib/python3.12/site-packages/radon/raw.py", line 117, in _get_all_tokens
    next_line = next(lines)
                ^^^^^^^^^^^
StopIteration

During handling of the above exception, another exception occurred:

Traceback (most recent call last):
  File "/root/trabalho_super/QuestionInsight/Etapa_1/codebench-mining-tool/util.py", line 560, in extract_size_metrics
    a = analyze(code)
        ^^^^^^^^^^^^^
  File "/root/trabalho_super/venv_jupyter/lib/python3.12/site-packages/radon/raw.py", line 212, in analyze
    raise SyntaxError('SyntaxError at line: {0}'.format(lineno))
SyntaxError: SyntaxError at line: 2
2025-07-17 23:34:01,344 cblogger [ERROR]: 		Error while extracting halsted code metrics: '(' was never closed (<unknown>, line 2)
Traceback (most recent call last):
  File "/root/trabalho_super/QuestionInsight/Etapa_1/codebench-mining-tool/util.py", line 569, in extract_halstead_metrics
    h = h_visit(code)
        ^^^^^^^^^^^^^
  File "/root/trabalho_super/venv_jupyter/lib/python3.12/site-packages/radon/metrics.py", line 29, in h_visit
    return h_visit_ast(ast.parse(code))
                       ^^^^^^^^^^^^^^^
  File "/usr/lib/python3.12/ast.py", line 52, in parse
    return compile(source, filename, mode, flags,
           ^^^^^^^^^^^^^^^^^^^^^^^^^^^^^^^^^^^^^^
  File "<unknown>", line 2
    b= float(input("valor b : ")
            ^
SyntaxError: '(' was never closed
2025-07-17 23:34:01,486 cblogger [ERROR]: 		Error while extracting code complexity metrics: expression cannot contain assignment, perhaps you meant "=="? (<unknown>, line 8)
Traceback (most recent call last):
  File "/root/trabalho_super/QuestionInsight/Etapa_1/codebench-mining-tool/util.py", line 551, in extract_complexity_metrics
    v = ComplexityVisitor.from_code(code)
        ^^^^^^^^^^^^^^^^^^^^^^^^^^^^^^^^^
  File "/root/trabalho_super/venv_jupyter/lib/python3.12/site-packages/radon/visitors.py", line 133, in from_code
    return cls.from_ast(code2ast(code), **kwargs)
                        ^^^^^^^^^^^^^^
  File "/root/trabalho_super/venv_jupyter/lib/python3.12/site-packages/radon/visitors.py", line 48, in code2ast
    return ast.parse(source)
           ^^^^^^^^^^^^^^^^^
  File "/usr/lib/python3.12/ast.py", line 52, in parse
    return compile(source, filename, mode, flags,
           ^^^^^^^^^^^^^^^^^^^^^^^^^^^^^^^^^^^^^^
  File "<unknown>", line 8
    	print(mensagem.lower() = "Par")
    	      ^^^^^^^^^^^^^^^^^^
SyntaxError: expression cannot contain assignment, perhaps you meant "=="?
2025-07-17 23:34:01,487 cblogger [ERROR]: 		Error while extracting halsted code metrics: expression cannot contain assignment, perhaps you meant "=="? (<unknown>, line 8)
Traceback (most recent call last):
  File "/root/trabalho_super/QuestionInsight/Etapa_1/codebench-mining-tool/util.py", line 569, in extract_halstead_metrics
    h = h_visit(code)
        ^^^^^^^^^^^^^
  File "/root/trabalho_super/venv_jupyter/lib/python3.12/site-packages/radon/metrics.py", line 29, in h_visit
    return h_visit_ast(ast.parse(code))
                       ^^^^^^^^^^^^^^^
  File "/usr/lib/python3.12/ast.py", line 52, in parse
    return compile(source, filename, mode, flags,
           ^^^^^^^^^^^^^^^^^^^^^^^^^^^^^^^^^^^^^^
  File "<unknown>", line 8
    	print(mensagem.lower() = "Par")
    	      ^^^^^^^^^^^^^^^^^^
SyntaxError: expression cannot contain assignment, perhaps you meant "=="?
2025-07-17 23:34:01,530 cblogger [ERROR]: 		Error while extracting code complexity metrics: invalid character '–' (U+2013) (<unknown>, line 1)
Traceback (most recent call last):
  File "/root/trabalho_super/QuestionInsight/Etapa_1/codebench-mining-tool/util.py", line 551, in extract_complexity_metrics
    v = ComplexityVisitor.from_code(code)
        ^^^^^^^^^^^^^^^^^^^^^^^^^^^^^^^^^
  File "/root/trabalho_super/venv_jupyter/lib/python3.12/site-packages/radon/visitors.py", line 133, in from_code
    return cls.from_ast(code2ast(code), **kwargs)
                        ^^^^^^^^^^^^^^
  File "/root/trabalho_super/venv_jupyter/lib/python3.12/site-packages/radon/visitors.py", line 48, in code2ast
    return ast.parse(source)
           ^^^^^^^^^^^^^^^^^
  File "/usr/lib/python3.12/ast.py", line 52, in parse
    return compile(source, filename, mode, flags,
           ^^^^^^^^^^^^^^^^^^^^^^^^^^^^^^^^^^^^^^
  File "<unknown>", line 1
    expressao = 30 – 3 ** 2 + 8 // 3 ** 2 * 10
                   ^
SyntaxError: invalid character '–' (U+2013)
2025-07-17 23:34:01,531 cblogger [ERROR]: 		Error while extracting halsted code metrics: invalid character '–' (U+2013) (<unknown>, line 1)
Traceback (most recent call last):
  File "/root/trabalho_super/QuestionInsight/Etapa_1/codebench-mining-tool/util.py", line 569, in extract_halstead_metrics
    h = h_visit(code)
        ^^^^^^^^^^^^^
  File "/root/trabalho_super/venv_jupyter/lib/python3.12/site-packages/radon/metrics.py", line 29, in h_visit
    return h_visit_ast(ast.parse(code))
                       ^^^^^^^^^^^^^^^
  File "/usr/lib/python3.12/ast.py", line 52, in parse
    return compile(source, filename, mode, flags,
           ^^^^^^^^^^^^^^^^^^^^^^^^^^^^^^^^^^^^^^
  File "<unknown>", line 1
    expressao = 30 – 3 ** 2 + 8 // 3 ** 2 * 10
                   ^
SyntaxError: invalid character '–' (U+2013)
2025-07-17 23:34:01,551 cblogger [ERROR]: 		Error while extracting code complexity metrics: invalid syntax (<unknown>, line 2)
Traceback (most recent call last):
  File "/root/trabalho_super/QuestionInsight/Etapa_1/codebench-mining-tool/util.py", line 551, in extract_complexity_metrics
    v = ComplexityVisitor.from_code(code)
        ^^^^^^^^^^^^^^^^^^^^^^^^^^^^^^^^^
  File "/root/trabalho_super/venv_jupyter/lib/python3.12/site-packages/radon/visitors.py", line 133, in from_code
    return cls.from_ast(code2ast(code), **kwargs)
                        ^^^^^^^^^^^^^^
  File "/root/trabalho_super/venv_jupyter/lib/python3.12/site-packages/radon/visitors.py", line 48, in code2ast
    return ast.parse(source)
           ^^^^^^^^^^^^^^^^^
  File "/usr/lib/python3.12/ast.py", line 52, in parse
    return compile(source, filename, mode, flags,
           ^^^^^^^^^^^^^^^^^^^^^^^^^^^^^^^^^^^^^^
  File "<unknown>", line 2
    area = 
           ^
SyntaxError: invalid syntax
2025-07-17 23:34:01,552 cblogger [ERROR]: 		Error while extracting halsted code metrics: invalid syntax (<unknown>, line 2)
Traceback (most recent call last):
  File "/root/trabalho_super/QuestionInsight/Etapa_1/codebench-mining-tool/util.py", line 569, in extract_halstead_metrics
    h = h_visit(code)
        ^^^^^^^^^^^^^
  File "/root/trabalho_super/venv_jupyter/lib/python3.12/site-packages/radon/metrics.py", line 29, in h_visit
    return h_visit_ast(ast.parse(code))
                       ^^^^^^^^^^^^^^^
  File "/usr/lib/python3.12/ast.py", line 52, in parse
    return compile(source, filename, mode, flags,
           ^^^^^^^^^^^^^^^^^^^^^^^^^^^^^^^^^^^^^^
  File "<unknown>", line 2
    area = 
           ^
SyntaxError: invalid syntax
2025-07-17 23:34:01,575 cblogger [ERROR]: 		Error while extracting code complexity metrics: invalid syntax (<unknown>, line 1)
Traceback (most recent call last):
  File "/root/trabalho_super/QuestionInsight/Etapa_1/codebench-mining-tool/util.py", line 551, in extract_complexity_metrics
    v = ComplexityVisitor.from_code(code)
        ^^^^^^^^^^^^^^^^^^^^^^^^^^^^^^^^^
  File "/root/trabalho_super/venv_jupyter/lib/python3.12/site-packages/radon/visitors.py", line 133, in from_code
    return cls.from_ast(code2ast(code), **kwargs)
                        ^^^^^^^^^^^^^^
  File "/root/trabalho_super/venv_jupyter/lib/python3.12/site-packages/radon/visitors.py", line 48, in code2ast
    return ast.parse(source)
           ^^^^^^^^^^^^^^^^^
  File "/usr/lib/python3.12/ast.py", line 52, in parse
    return compile(source, filename, mode, flags,
           ^^^^^^^^^^^^^^^^^^^^^^^^^^^^^^^^^^^^^^
  File "<unknown>", line 1
    print(4*)
            ^
SyntaxError: invalid syntax
2025-07-17 23:34:01,575 cblogger [ERROR]: 		Error while extracting halsted code metrics: invalid syntax (<unknown>, line 1)
Traceback (most recent call last):
  File "/root/trabalho_super/QuestionInsight/Etapa_1/codebench-mining-tool/util.py", line 569, in extract_halstead_metrics
    h = h_visit(code)
        ^^^^^^^^^^^^^
  File "/root/trabalho_super/venv_jupyter/lib/python3.12/site-packages/radon/metrics.py", line 29, in h_visit
    return h_visit_ast(ast.parse(code))
                       ^^^^^^^^^^^^^^^
  File "/usr/lib/python3.12/ast.py", line 52, in parse
    return compile(source, filename, mode, flags,
           ^^^^^^^^^^^^^^^^^^^^^^^^^^^^^^^^^^^^^^
  File "<unknown>", line 1
    print(4*)
            ^
SyntaxError: invalid syntax
2025-07-17 23:34:01,985 cblogger [ERROR]: 		Error while extracting code complexity metrics: invalid syntax. Perhaps you forgot a comma? (<unknown>, line 6)
Traceback (most recent call last):
  File "/root/trabalho_super/QuestionInsight/Etapa_1/codebench-mining-tool/util.py", line 551, in extract_complexity_metrics
    v = ComplexityVisitor.from_code(code)
        ^^^^^^^^^^^^^^^^^^^^^^^^^^^^^^^^^
  File "/root/trabalho_super/venv_jupyter/lib/python3.12/site-packages/radon/visitors.py", line 133, in from_code
    return cls.from_ast(code2ast(code), **kwargs)
                        ^^^^^^^^^^^^^^
  File "/root/trabalho_super/venv_jupyter/lib/python3.12/site-packages/radon/visitors.py", line 48, in code2ast
    return ast.parse(source)
           ^^^^^^^^^^^^^^^^^
  File "/usr/lib/python3.12/ast.py", line 52, in parse
    return compile(source, filename, mode, flags,
           ^^^^^^^^^^^^^^^^^^^^^^^^^^^^^^^^^^^^^^
  File "<unknown>", line 6
    print(round mp / 2 , 2)
          ^^^^^^^^^^^^
SyntaxError: invalid syntax. Perhaps you forgot a comma?
2025-07-17 23:34:01,986 cblogger [ERROR]: 		Error while extracting halsted code metrics: invalid syntax. Perhaps you forgot a comma? (<unknown>, line 6)
Traceback (most recent call last):
  File "/root/trabalho_super/QuestionInsight/Etapa_1/codebench-mining-tool/util.py", line 569, in extract_halstead_metrics
    h = h_visit(code)
        ^^^^^^^^^^^^^
  File "/root/trabalho_super/venv_jupyter/lib/python3.12/site-packages/radon/metrics.py", line 29, in h_visit
    return h_visit_ast(ast.parse(code))
                       ^^^^^^^^^^^^^^^
  File "/usr/lib/python3.12/ast.py", line 52, in parse
    return compile(source, filename, mode, flags,
           ^^^^^^^^^^^^^^^^^^^^^^^^^^^^^^^^^^^^^^
  File "<unknown>", line 6
    print(round mp / 2 , 2)
          ^^^^^^^^^^^^
SyntaxError: invalid syntax. Perhaps you forgot a comma?
2025-07-17 23:34:02,020 cblogger [ERROR]: 		Error while extracting code complexity metrics: unindent does not match any outer indentation level (<unknown>, line 6)
Traceback (most recent call last):
  File "/root/trabalho_super/QuestionInsight/Etapa_1/codebench-mining-tool/util.py", line 551, in extract_complexity_metrics
    v = ComplexityVisitor.from_code(code)
        ^^^^^^^^^^^^^^^^^^^^^^^^^^^^^^^^^
  File "/root/trabalho_super/venv_jupyter/lib/python3.12/site-packages/radon/visitors.py", line 133, in from_code
    return cls.from_ast(code2ast(code), **kwargs)
                        ^^^^^^^^^^^^^^
  File "/root/trabalho_super/venv_jupyter/lib/python3.12/site-packages/radon/visitors.py", line 48, in code2ast
    return ast.parse(source)
           ^^^^^^^^^^^^^^^^^
  File "/usr/lib/python3.12/ast.py", line 52, in parse
    return compile(source, filename, mode, flags,
           ^^^^^^^^^^^^^^^^^^^^^^^^^^^^^^^^^^^^^^
  File "<unknown>", line 6
    	mensagem = " a " 
    	                 ^
IndentationError: unindent does not match any outer indentation level
2025-07-17 23:34:02,021 cblogger [ERROR]: 		Error while extracting halsted code metrics: unindent does not match any outer indentation level (<unknown>, line 6)
Traceback (most recent call last):
  File "/root/trabalho_super/QuestionInsight/Etapa_1/codebench-mining-tool/util.py", line 569, in extract_halstead_metrics
    h = h_visit(code)
        ^^^^^^^^^^^^^
  File "/root/trabalho_super/venv_jupyter/lib/python3.12/site-packages/radon/metrics.py", line 29, in h_visit
    return h_visit_ast(ast.parse(code))
                       ^^^^^^^^^^^^^^^
  File "/usr/lib/python3.12/ast.py", line 52, in parse
    return compile(source, filename, mode, flags,
           ^^^^^^^^^^^^^^^^^^^^^^^^^^^^^^^^^^^^^^
  File "<unknown>", line 6
    	mensagem = " a " 
    	                 ^
IndentationError: unindent does not match any outer indentation level
2025-07-17 23:34:02,088 cblogger [ERROR]: 		Error while extracting code complexity metrics: '(' was never closed (<unknown>, line 5)
Traceback (most recent call last):
  File "/root/trabalho_super/QuestionInsight/Etapa_1/codebench-mining-tool/util.py", line 551, in extract_complexity_metrics
    v = ComplexityVisitor.from_code(code)
        ^^^^^^^^^^^^^^^^^^^^^^^^^^^^^^^^^
  File "/root/trabalho_super/venv_jupyter/lib/python3.12/site-packages/radon/visitors.py", line 133, in from_code
    return cls.from_ast(code2ast(code), **kwargs)
                        ^^^^^^^^^^^^^^
  File "/root/trabalho_super/venv_jupyter/lib/python3.12/site-packages/radon/visitors.py", line 48, in code2ast
    return ast.parse(source)
           ^^^^^^^^^^^^^^^^^
  File "/usr/lib/python3.12/ast.py", line 52, in parse
    return compile(source, filename, mode, flags,
           ^^^^^^^^^^^^^^^^^^^^^^^^^^^^^^^^^^^^^^
  File "<unknown>", line 5
    d = (v**2)*(radians(sin(2*a)/g)
               ^
SyntaxError: '(' was never closed
2025-07-17 23:34:02,089 cblogger [ERROR]: 		Error while extracting code size based metrics: SyntaxError at line: 5
Traceback (most recent call last):
  File "/root/trabalho_super/venv_jupyter/lib/python3.12/site-packages/radon/raw.py", line 210, in analyze
    tokens, parsed_lines = _get_all_tokens(line, lines)
                           ^^^^^^^^^^^^^^^^^^^^^^^^^^^^
  File "/root/trabalho_super/venv_jupyter/lib/python3.12/site-packages/radon/raw.py", line 117, in _get_all_tokens
    next_line = next(lines)
                ^^^^^^^^^^^
StopIteration

During handling of the above exception, another exception occurred:

Traceback (most recent call last):
  File "/root/trabalho_super/QuestionInsight/Etapa_1/codebench-mining-tool/util.py", line 560, in extract_size_metrics
    a = analyze(code)
        ^^^^^^^^^^^^^
  File "/root/trabalho_super/venv_jupyter/lib/python3.12/site-packages/radon/raw.py", line 212, in analyze
    raise SyntaxError('SyntaxError at line: {0}'.format(lineno))
SyntaxError: SyntaxError at line: 5
2025-07-17 23:34:02,089 cblogger [ERROR]: 		Error while extracting halsted code metrics: '(' was never closed (<unknown>, line 5)
Traceback (most recent call last):
  File "/root/trabalho_super/QuestionInsight/Etapa_1/codebench-mining-tool/util.py", line 569, in extract_halstead_metrics
    h = h_visit(code)
        ^^^^^^^^^^^^^
  File "/root/trabalho_super/venv_jupyter/lib/python3.12/site-packages/radon/metrics.py", line 29, in h_visit
    return h_visit_ast(ast.parse(code))
                       ^^^^^^^^^^^^^^^
  File "/usr/lib/python3.12/ast.py", line 52, in parse
    return compile(source, filename, mode, flags,
           ^^^^^^^^^^^^^^^^^^^^^^^^^^^^^^^^^^^^^^
  File "<unknown>", line 5
    d = (v**2)*(radians(sin(2*a)/g)
               ^
SyntaxError: '(' was never closed
2025-07-17 23:34:02,110 cblogger [ERROR]: 		Error while extracting code complexity metrics: invalid syntax (<unknown>, line 1)
Traceback (most recent call last):
  File "/root/trabalho_super/QuestionInsight/Etapa_1/codebench-mining-tool/util.py", line 551, in extract_complexity_metrics
    v = ComplexityVisitor.from_code(code)
        ^^^^^^^^^^^^^^^^^^^^^^^^^^^^^^^^^
  File "/root/trabalho_super/venv_jupyter/lib/python3.12/site-packages/radon/visitors.py", line 133, in from_code
    return cls.from_ast(code2ast(code), **kwargs)
                        ^^^^^^^^^^^^^^
  File "/root/trabalho_super/venv_jupyter/lib/python3.12/site-packages/radon/visitors.py", line 48, in code2ast
    return ast.parse(source)
           ^^^^^^^^^^^^^^^^^
  File "/usr/lib/python3.12/ast.py", line 52, in parse
    return compile(source, filename, mode, flags,
           ^^^^^^^^^^^^^^^^^^^^^^^^^^^^^^^^^^^^^^
  File "<unknown>", line 1
    frase = 
            ^
SyntaxError: invalid syntax
2025-07-17 23:34:02,111 cblogger [ERROR]: 		Error while extracting halsted code metrics: invalid syntax (<unknown>, line 1)
Traceback (most recent call last):
  File "/root/trabalho_super/QuestionInsight/Etapa_1/codebench-mining-tool/util.py", line 569, in extract_halstead_metrics
    h = h_visit(code)
        ^^^^^^^^^^^^^
  File "/root/trabalho_super/venv_jupyter/lib/python3.12/site-packages/radon/metrics.py", line 29, in h_visit
    return h_visit_ast(ast.parse(code))
                       ^^^^^^^^^^^^^^^
  File "/usr/lib/python3.12/ast.py", line 52, in parse
    return compile(source, filename, mode, flags,
           ^^^^^^^^^^^^^^^^^^^^^^^^^^^^^^^^^^^^^^
  File "<unknown>", line 1
    frase = 
            ^
SyntaxError: invalid syntax
2025-07-17 23:34:02,128 cblogger [ERROR]: 		Error while extracting code complexity metrics: '(' was never closed (<unknown>, line 7)
Traceback (most recent call last):
  File "/root/trabalho_super/QuestionInsight/Etapa_1/codebench-mining-tool/util.py", line 551, in extract_complexity_metrics
    v = ComplexityVisitor.from_code(code)
        ^^^^^^^^^^^^^^^^^^^^^^^^^^^^^^^^^
  File "/root/trabalho_super/venv_jupyter/lib/python3.12/site-packages/radon/visitors.py", line 133, in from_code
    return cls.from_ast(code2ast(code), **kwargs)
                        ^^^^^^^^^^^^^^
  File "/root/trabalho_super/venv_jupyter/lib/python3.12/site-packages/radon/visitors.py", line 48, in code2ast
    return ast.parse(source)
           ^^^^^^^^^^^^^^^^^
  File "/usr/lib/python3.12/ast.py", line 52, in parse
    return compile(source, filename, mode, flags,
           ^^^^^^^^^^^^^^^^^^^^^^^^^^^^^^^^^^^^^^
  File "<unknown>", line 7
    print('\numUnidade: {}'
         ^
SyntaxError: '(' was never closed
2025-07-17 23:34:02,129 cblogger [ERROR]: 		Error while extracting code size based metrics: SyntaxError at line: 7
Traceback (most recent call last):
  File "/root/trabalho_super/venv_jupyter/lib/python3.12/site-packages/radon/raw.py", line 210, in analyze
    tokens, parsed_lines = _get_all_tokens(line, lines)
                           ^^^^^^^^^^^^^^^^^^^^^^^^^^^^
  File "/root/trabalho_super/venv_jupyter/lib/python3.12/site-packages/radon/raw.py", line 117, in _get_all_tokens
    next_line = next(lines)
                ^^^^^^^^^^^
StopIteration

During handling of the above exception, another exception occurred:

Traceback (most recent call last):
  File "/root/trabalho_super/QuestionInsight/Etapa_1/codebench-mining-tool/util.py", line 560, in extract_size_metrics
    a = analyze(code)
        ^^^^^^^^^^^^^
  File "/root/trabalho_super/venv_jupyter/lib/python3.12/site-packages/radon/raw.py", line 212, in analyze
    raise SyntaxError('SyntaxError at line: {0}'.format(lineno))
SyntaxError: SyntaxError at line: 7
2025-07-17 23:34:02,129 cblogger [ERROR]: 		Error while extracting halsted code metrics: '(' was never closed (<unknown>, line 7)
Traceback (most recent call last):
  File "/root/trabalho_super/QuestionInsight/Etapa_1/codebench-mining-tool/util.py", line 569, in extract_halstead_metrics
    h = h_visit(code)
        ^^^^^^^^^^^^^
  File "/root/trabalho_super/venv_jupyter/lib/python3.12/site-packages/radon/metrics.py", line 29, in h_visit
    return h_visit_ast(ast.parse(code))
                       ^^^^^^^^^^^^^^^
  File "/usr/lib/python3.12/ast.py", line 52, in parse
    return compile(source, filename, mode, flags,
           ^^^^^^^^^^^^^^^^^^^^^^^^^^^^^^^^^^^^^^
  File "<unknown>", line 7
    print('\numUnidade: {}'
         ^
SyntaxError: '(' was never closed
2025-07-17 23:34:02,140 cblogger [ERROR]: 		Error while extracting code complexity metrics: invalid syntax (<unknown>, line 9)
Traceback (most recent call last):
  File "/root/trabalho_super/QuestionInsight/Etapa_1/codebench-mining-tool/util.py", line 551, in extract_complexity_metrics
    v = ComplexityVisitor.from_code(code)
        ^^^^^^^^^^^^^^^^^^^^^^^^^^^^^^^^^
  File "/root/trabalho_super/venv_jupyter/lib/python3.12/site-packages/radon/visitors.py", line 133, in from_code
    return cls.from_ast(code2ast(code), **kwargs)
                        ^^^^^^^^^^^^^^
  File "/root/trabalho_super/venv_jupyter/lib/python3.12/site-packages/radon/visitors.py", line 48, in code2ast
    return ast.parse(source)
           ^^^^^^^^^^^^^^^^^
  File "/usr/lib/python3.12/ast.py", line 52, in parse
    return compile(source, filename, mode, flags,
           ^^^^^^^^^^^^^^^^^^^^^^^^^^^^^^^^^^^^^^
  File "<unknown>", line 9
    if (x =< valor):
          ^
SyntaxError: invalid syntax
2025-07-17 23:34:02,141 cblogger [ERROR]: 		Error while extracting halsted code metrics: invalid syntax (<unknown>, line 9)
Traceback (most recent call last):
  File "/root/trabalho_super/QuestionInsight/Etapa_1/codebench-mining-tool/util.py", line 569, in extract_halstead_metrics
    h = h_visit(code)
        ^^^^^^^^^^^^^
  File "/root/trabalho_super/venv_jupyter/lib/python3.12/site-packages/radon/metrics.py", line 29, in h_visit
    return h_visit_ast(ast.parse(code))
                       ^^^^^^^^^^^^^^^
  File "/usr/lib/python3.12/ast.py", line 52, in parse
    return compile(source, filename, mode, flags,
           ^^^^^^^^^^^^^^^^^^^^^^^^^^^^^^^^^^^^^^
  File "<unknown>", line 9
    if (x =< valor):
          ^
SyntaxError: invalid syntax
2025-07-17 23:34:02,151 cblogger [ERROR]: 		Error while extracting code complexity metrics: expected ':' (<unknown>, line 1)
Traceback (most recent call last):
  File "/root/trabalho_super/QuestionInsight/Etapa_1/codebench-mining-tool/util.py", line 551, in extract_complexity_metrics
    v = ComplexityVisitor.from_code(code)
        ^^^^^^^^^^^^^^^^^^^^^^^^^^^^^^^^^
  File "/root/trabalho_super/venv_jupyter/lib/python3.12/site-packages/radon/visitors.py", line 133, in from_code
    return cls.from_ast(code2ast(code), **kwargs)
                        ^^^^^^^^^^^^^^
  File "/root/trabalho_super/venv_jupyter/lib/python3.12/site-packages/radon/visitors.py", line 48, in code2ast
    return ast.parse(source)
           ^^^^^^^^^^^^^^^^^
  File "/usr/lib/python3.12/ast.py", line 52, in parse
    return compile(source, filename, mode, flags,
           ^^^^^^^^^^^^^^^^^^^^^^^^^^^^^^^^^^^^^^
  File "<unknown>", line 1
    if el
         ^
SyntaxError: expected ':'
2025-07-17 23:34:02,152 cblogger [ERROR]: 		Error while extracting halsted code metrics: expected ':' (<unknown>, line 1)
Traceback (most recent call last):
  File "/root/trabalho_super/QuestionInsight/Etapa_1/codebench-mining-tool/util.py", line 569, in extract_halstead_metrics
    h = h_visit(code)
        ^^^^^^^^^^^^^
  File "/root/trabalho_super/venv_jupyter/lib/python3.12/site-packages/radon/metrics.py", line 29, in h_visit
    return h_visit_ast(ast.parse(code))
                       ^^^^^^^^^^^^^^^
  File "/usr/lib/python3.12/ast.py", line 52, in parse
    return compile(source, filename, mode, flags,
           ^^^^^^^^^^^^^^^^^^^^^^^^^^^^^^^^^^^^^^
  File "<unknown>", line 1
    if el
         ^
SyntaxError: expected ':'
2025-07-17 23:34:02,202 cblogger [ERROR]: 		Error while extracting code complexity metrics: invalid syntax (<unknown>, line 5)
Traceback (most recent call last):
  File "/root/trabalho_super/QuestionInsight/Etapa_1/codebench-mining-tool/util.py", line 551, in extract_complexity_metrics
    v = ComplexityVisitor.from_code(code)
        ^^^^^^^^^^^^^^^^^^^^^^^^^^^^^^^^^
  File "/root/trabalho_super/venv_jupyter/lib/python3.12/site-packages/radon/visitors.py", line 133, in from_code
    return cls.from_ast(code2ast(code), **kwargs)
                        ^^^^^^^^^^^^^^
  File "/root/trabalho_super/venv_jupyter/lib/python3.12/site-packages/radon/visitors.py", line 48, in code2ast
    return ast.parse(source)
           ^^^^^^^^^^^^^^^^^
  File "/usr/lib/python3.12/ast.py", line 52, in parse
    return compile(source, filename, mode, flags,
           ^^^^^^^^^^^^^^^^^^^^^^^^^^^^^^^^^^^^^^
  File "<unknown>", line 5
    ????? = f???t(input("Qual o valor unitario do jogo? "))
    ^
SyntaxError: invalid syntax
2025-07-17 23:34:02,203 cblogger [ERROR]: 		Error while extracting halsted code metrics: invalid syntax (<unknown>, line 5)
Traceback (most recent call last):
  File "/root/trabalho_super/QuestionInsight/Etapa_1/codebench-mining-tool/util.py", line 569, in extract_halstead_metrics
    h = h_visit(code)
        ^^^^^^^^^^^^^
  File "/root/trabalho_super/venv_jupyter/lib/python3.12/site-packages/radon/metrics.py", line 29, in h_visit
    return h_visit_ast(ast.parse(code))
                       ^^^^^^^^^^^^^^^
  File "/usr/lib/python3.12/ast.py", line 52, in parse
    return compile(source, filename, mode, flags,
           ^^^^^^^^^^^^^^^^^^^^^^^^^^^^^^^^^^^^^^
  File "<unknown>", line 5
    ????? = f???t(input("Qual o valor unitario do jogo? "))
    ^
SyntaxError: invalid syntax
2025-07-17 23:34:02,203 cblogger [ERROR]: 		Error while extracting code token based metrics: 55
Traceback (most recent call last):
  File "/root/trabalho_super/QuestionInsight/Etapa_1/codebench-mining-tool/util.py", line 633, in extract_token_metrics
    setattr(obj, TOKEN_NAMES[k], v)
                 ~~~~~~~~~~~^^^
KeyError: 55
2025-07-17 23:34:02,214 cblogger [ERROR]: 		Error while extracting code complexity metrics: invalid syntax (<unknown>, line 2)
Traceback (most recent call last):
  File "/root/trabalho_super/QuestionInsight/Etapa_1/codebench-mining-tool/util.py", line 551, in extract_complexity_metrics
    v = ComplexityVisitor.from_code(code)
        ^^^^^^^^^^^^^^^^^^^^^^^^^^^^^^^^^
  File "/root/trabalho_super/venv_jupyter/lib/python3.12/site-packages/radon/visitors.py", line 133, in from_code
    return cls.from_ast(code2ast(code), **kwargs)
                        ^^^^^^^^^^^^^^
  File "/root/trabalho_super/venv_jupyter/lib/python3.12/site-packages/radon/visitors.py", line 48, in code2ast
    return ast.parse(source)
           ^^^^^^^^^^^^^^^^^
  File "/usr/lib/python3.12/ast.py", line 52, in parse
    return compile(source, filename, mode, flags,
           ^^^^^^^^^^^^^^^^^^^^^^^^^^^^^^^^^^^^^^
  File "<unknown>", line 2
    print.lower(string.???)
                       ^
SyntaxError: invalid syntax
2025-07-17 23:34:02,215 cblogger [ERROR]: 		Error while extracting halsted code metrics: invalid syntax (<unknown>, line 2)
Traceback (most recent call last):
  File "/root/trabalho_super/QuestionInsight/Etapa_1/codebench-mining-tool/util.py", line 569, in extract_halstead_metrics
    h = h_visit(code)
        ^^^^^^^^^^^^^
  File "/root/trabalho_super/venv_jupyter/lib/python3.12/site-packages/radon/metrics.py", line 29, in h_visit
    return h_visit_ast(ast.parse(code))
                       ^^^^^^^^^^^^^^^
  File "/usr/lib/python3.12/ast.py", line 52, in parse
    return compile(source, filename, mode, flags,
           ^^^^^^^^^^^^^^^^^^^^^^^^^^^^^^^^^^^^^^
  File "<unknown>", line 2
    print.lower(string.???)
                       ^
SyntaxError: invalid syntax
2025-07-17 23:34:02,215 cblogger [ERROR]: 		Error while extracting code token based metrics: 55
Traceback (most recent call last):
  File "/root/trabalho_super/QuestionInsight/Etapa_1/codebench-mining-tool/util.py", line 633, in extract_token_metrics
    setattr(obj, TOKEN_NAMES[k], v)
                 ~~~~~~~~~~~^^^
KeyError: 55
2025-07-17 23:34:02,315 cblogger [ERROR]: 		Error while extracting code complexity metrics: expression cannot contain assignment, perhaps you meant "=="? (<unknown>, line 1)
Traceback (most recent call last):
  File "/root/trabalho_super/QuestionInsight/Etapa_1/codebench-mining-tool/util.py", line 551, in extract_complexity_metrics
    v = ComplexityVisitor.from_code(code)
        ^^^^^^^^^^^^^^^^^^^^^^^^^^^^^^^^^
  File "/root/trabalho_super/venv_jupyter/lib/python3.12/site-packages/radon/visitors.py", line 133, in from_code
    return cls.from_ast(code2ast(code), **kwargs)
                        ^^^^^^^^^^^^^^
  File "/root/trabalho_super/venv_jupyter/lib/python3.12/site-packages/radon/visitors.py", line 48, in code2ast
    return ast.parse(source)
           ^^^^^^^^^^^^^^^^^
  File "/usr/lib/python3.12/ast.py", line 52, in parse
    return compile(source, filename, mode, flags,
           ^^^^^^^^^^^^^^^^^^^^^^^^^^^^^^^^^^^^^^
  File "<unknown>", line 1
    print(round (250/6=42))
                 ^^^^^^
SyntaxError: expression cannot contain assignment, perhaps you meant "=="?
2025-07-17 23:34:02,315 cblogger [ERROR]: 		Error while extracting halsted code metrics: expression cannot contain assignment, perhaps you meant "=="? (<unknown>, line 1)
Traceback (most recent call last):
  File "/root/trabalho_super/QuestionInsight/Etapa_1/codebench-mining-tool/util.py", line 569, in extract_halstead_metrics
    h = h_visit(code)
        ^^^^^^^^^^^^^
  File "/root/trabalho_super/venv_jupyter/lib/python3.12/site-packages/radon/metrics.py", line 29, in h_visit
    return h_visit_ast(ast.parse(code))
                       ^^^^^^^^^^^^^^^
  File "/usr/lib/python3.12/ast.py", line 52, in parse
    return compile(source, filename, mode, flags,
           ^^^^^^^^^^^^^^^^^^^^^^^^^^^^^^^^^^^^^^
  File "<unknown>", line 1
    print(round (250/6=42))
                 ^^^^^^
SyntaxError: expression cannot contain assignment, perhaps you meant "=="?
2025-07-17 23:34:02,582 cblogger [ERROR]: 		Error while extracting code complexity metrics: invalid syntax (<unknown>, line 1)
Traceback (most recent call last):
  File "/root/trabalho_super/QuestionInsight/Etapa_1/codebench-mining-tool/util.py", line 551, in extract_complexity_metrics
    v = ComplexityVisitor.from_code(code)
        ^^^^^^^^^^^^^^^^^^^^^^^^^^^^^^^^^
  File "/root/trabalho_super/venv_jupyter/lib/python3.12/site-packages/radon/visitors.py", line 133, in from_code
    return cls.from_ast(code2ast(code), **kwargs)
                        ^^^^^^^^^^^^^^
  File "/root/trabalho_super/venv_jupyter/lib/python3.12/site-packages/radon/visitors.py", line 48, in code2ast
    return ast.parse(source)
           ^^^^^^^^^^^^^^^^^
  File "/usr/lib/python3.12/ast.py", line 52, in parse
    return compile(source, filename, mode, flags,
           ^^^^^^^^^^^^^^^^^^^^^^^^^^^^^^^^^^^^^^
  File "<unknown>", line 1
    Kaleb print 
          ^^^^^
SyntaxError: invalid syntax
2025-07-17 23:34:02,582 cblogger [ERROR]: 		Error while extracting halsted code metrics: invalid syntax (<unknown>, line 1)
Traceback (most recent call last):
  File "/root/trabalho_super/QuestionInsight/Etapa_1/codebench-mining-tool/util.py", line 569, in extract_halstead_metrics
    h = h_visit(code)
        ^^^^^^^^^^^^^
  File "/root/trabalho_super/venv_jupyter/lib/python3.12/site-packages/radon/metrics.py", line 29, in h_visit
    return h_visit_ast(ast.parse(code))
                       ^^^^^^^^^^^^^^^
  File "/usr/lib/python3.12/ast.py", line 52, in parse
    return compile(source, filename, mode, flags,
           ^^^^^^^^^^^^^^^^^^^^^^^^^^^^^^^^^^^^^^
  File "<unknown>", line 1
    Kaleb print 
          ^^^^^
SyntaxError: invalid syntax
2025-07-17 23:34:02,608 cblogger [ERROR]: 		Error while extracting code complexity metrics: invalid syntax (<unknown>, line 4)
Traceback (most recent call last):
  File "/root/trabalho_super/QuestionInsight/Etapa_1/codebench-mining-tool/util.py", line 551, in extract_complexity_metrics
    v = ComplexityVisitor.from_code(code)
        ^^^^^^^^^^^^^^^^^^^^^^^^^^^^^^^^^
  File "/root/trabalho_super/venv_jupyter/lib/python3.12/site-packages/radon/visitors.py", line 133, in from_code
    return cls.from_ast(code2ast(code), **kwargs)
                        ^^^^^^^^^^^^^^
  File "/root/trabalho_super/venv_jupyter/lib/python3.12/site-packages/radon/visitors.py", line 48, in code2ast
    return ast.parse(source)
           ^^^^^^^^^^^^^^^^^
  File "/usr/lib/python3.12/ast.py", line 52, in parse
    return compile(source, filename, mode, flags,
           ^^^^^^^^^^^^^^^^^^^^^^^^^^^^^^^^^^^^^^
  File "<unknown>", line 4
    pt = 
         ^
SyntaxError: invalid syntax
2025-07-17 23:34:02,609 cblogger [ERROR]: 		Error while extracting halsted code metrics: invalid syntax (<unknown>, line 4)
Traceback (most recent call last):
  File "/root/trabalho_super/QuestionInsight/Etapa_1/codebench-mining-tool/util.py", line 569, in extract_halstead_metrics
    h = h_visit(code)
        ^^^^^^^^^^^^^
  File "/root/trabalho_super/venv_jupyter/lib/python3.12/site-packages/radon/metrics.py", line 29, in h_visit
    return h_visit_ast(ast.parse(code))
                       ^^^^^^^^^^^^^^^
  File "/usr/lib/python3.12/ast.py", line 52, in parse
    return compile(source, filename, mode, flags,
           ^^^^^^^^^^^^^^^^^^^^^^^^^^^^^^^^^^^^^^
  File "<unknown>", line 4
    pt = 
         ^
SyntaxError: invalid syntax
2025-07-17 23:34:02,648 cblogger [ERROR]: 		Error while extracting code complexity metrics: expected ':' (<unknown>, line 7)
Traceback (most recent call last):
  File "/root/trabalho_super/QuestionInsight/Etapa_1/codebench-mining-tool/util.py", line 551, in extract_complexity_metrics
    v = ComplexityVisitor.from_code(code)
        ^^^^^^^^^^^^^^^^^^^^^^^^^^^^^^^^^
  File "/root/trabalho_super/venv_jupyter/lib/python3.12/site-packages/radon/visitors.py", line 133, in from_code
    return cls.from_ast(code2ast(code), **kwargs)
                        ^^^^^^^^^^^^^^
  File "/root/trabalho_super/venv_jupyter/lib/python3.12/site-packages/radon/visitors.py", line 48, in code2ast
    return ast.parse(source)
           ^^^^^^^^^^^^^^^^^
  File "/usr/lib/python3.12/ast.py", line 52, in parse
    return compile(source, filename, mode, flags,
           ^^^^^^^^^^^^^^^^^^^^^^^^^^^^^^^^^^^^^^
  File "<unknown>", line 7
    if (num % 2 == 0)
                     ^
SyntaxError: expected ':'
2025-07-17 23:34:02,649 cblogger [ERROR]: 		Error while extracting halsted code metrics: expected ':' (<unknown>, line 7)
Traceback (most recent call last):
  File "/root/trabalho_super/QuestionInsight/Etapa_1/codebench-mining-tool/util.py", line 569, in extract_halstead_metrics
    h = h_visit(code)
        ^^^^^^^^^^^^^
  File "/root/trabalho_super/venv_jupyter/lib/python3.12/site-packages/radon/metrics.py", line 29, in h_visit
    return h_visit_ast(ast.parse(code))
                       ^^^^^^^^^^^^^^^
  File "/usr/lib/python3.12/ast.py", line 52, in parse
    return compile(source, filename, mode, flags,
           ^^^^^^^^^^^^^^^^^^^^^^^^^^^^^^^^^^^^^^
  File "<unknown>", line 7
    if (num % 2 == 0)
                     ^
SyntaxError: expected ':'
2025-07-17 23:34:03,007 cblogger [ERROR]: 		Error while extracting code complexity metrics: invalid syntax (<unknown>, line 1)
Traceback (most recent call last):
  File "/root/trabalho_super/QuestionInsight/Etapa_1/codebench-mining-tool/util.py", line 551, in extract_complexity_metrics
    v = ComplexityVisitor.from_code(code)
        ^^^^^^^^^^^^^^^^^^^^^^^^^^^^^^^^^
  File "/root/trabalho_super/venv_jupyter/lib/python3.12/site-packages/radon/visitors.py", line 133, in from_code
    return cls.from_ast(code2ast(code), **kwargs)
                        ^^^^^^^^^^^^^^
  File "/root/trabalho_super/venv_jupyter/lib/python3.12/site-packages/radon/visitors.py", line 48, in code2ast
    return ast.parse(source)
           ^^^^^^^^^^^^^^^^^
  File "/usr/lib/python3.12/ast.py", line 52, in parse
    return compile(source, filename, mode, flags,
           ^^^^^^^^^^^^^^^^^^^^^^^^^^^^^^^^^^^^^^
  File "<unknown>", line 1
    aresta = 
             ^
SyntaxError: invalid syntax
2025-07-17 23:34:03,008 cblogger [ERROR]: 		Error while extracting halsted code metrics: invalid syntax (<unknown>, line 1)
Traceback (most recent call last):
  File "/root/trabalho_super/QuestionInsight/Etapa_1/codebench-mining-tool/util.py", line 569, in extract_halstead_metrics
    h = h_visit(code)
        ^^^^^^^^^^^^^
  File "/root/trabalho_super/venv_jupyter/lib/python3.12/site-packages/radon/metrics.py", line 29, in h_visit
    return h_visit_ast(ast.parse(code))
                       ^^^^^^^^^^^^^^^
  File "/usr/lib/python3.12/ast.py", line 52, in parse
    return compile(source, filename, mode, flags,
           ^^^^^^^^^^^^^^^^^^^^^^^^^^^^^^^^^^^^^^
  File "<unknown>", line 1
    aresta = 
             ^
SyntaxError: invalid syntax
2025-07-17 23:34:03,549 cblogger [ERROR]: 		Error while extracting code complexity metrics: '(' was never closed (<unknown>, line 12)
Traceback (most recent call last):
  File "/root/trabalho_super/QuestionInsight/Etapa_1/codebench-mining-tool/util.py", line 551, in extract_complexity_metrics
    v = ComplexityVisitor.from_code(code)
        ^^^^^^^^^^^^^^^^^^^^^^^^^^^^^^^^^
  File "/root/trabalho_super/venv_jupyter/lib/python3.12/site-packages/radon/visitors.py", line 133, in from_code
    return cls.from_ast(code2ast(code), **kwargs)
                        ^^^^^^^^^^^^^^
  File "/root/trabalho_super/venv_jupyter/lib/python3.12/site-packages/radon/visitors.py", line 48, in code2ast
    return ast.parse(source)
           ^^^^^^^^^^^^^^^^^
  File "/usr/lib/python3.12/ast.py", line 52, in parse
    return compile(source, filename, mode, flags,
           ^^^^^^^^^^^^^^^^^^^^^^^^^^^^^^^^^^^^^^
  File "<unknown>", line 12
    	print(round(Total, 2)
    	     ^
SyntaxError: '(' was never closed
2025-07-17 23:34:03,550 cblogger [ERROR]: 		Error while extracting code size based metrics: SyntaxError at line: 12
Traceback (most recent call last):
  File "/root/trabalho_super/venv_jupyter/lib/python3.12/site-packages/radon/raw.py", line 210, in analyze
    tokens, parsed_lines = _get_all_tokens(line, lines)
                           ^^^^^^^^^^^^^^^^^^^^^^^^^^^^
  File "/root/trabalho_super/venv_jupyter/lib/python3.12/site-packages/radon/raw.py", line 117, in _get_all_tokens
    next_line = next(lines)
                ^^^^^^^^^^^
StopIteration

During handling of the above exception, another exception occurred:

Traceback (most recent call last):
  File "/root/trabalho_super/QuestionInsight/Etapa_1/codebench-mining-tool/util.py", line 560, in extract_size_metrics
    a = analyze(code)
        ^^^^^^^^^^^^^
  File "/root/trabalho_super/venv_jupyter/lib/python3.12/site-packages/radon/raw.py", line 212, in analyze
    raise SyntaxError('SyntaxError at line: {0}'.format(lineno))
SyntaxError: SyntaxError at line: 12
2025-07-17 23:34:03,551 cblogger [ERROR]: 		Error while extracting halsted code metrics: '(' was never closed (<unknown>, line 12)
Traceback (most recent call last):
  File "/root/trabalho_super/QuestionInsight/Etapa_1/codebench-mining-tool/util.py", line 569, in extract_halstead_metrics
    h = h_visit(code)
        ^^^^^^^^^^^^^
  File "/root/trabalho_super/venv_jupyter/lib/python3.12/site-packages/radon/metrics.py", line 29, in h_visit
    return h_visit_ast(ast.parse(code))
                       ^^^^^^^^^^^^^^^
  File "/usr/lib/python3.12/ast.py", line 52, in parse
    return compile(source, filename, mode, flags,
           ^^^^^^^^^^^^^^^^^^^^^^^^^^^^^^^^^^^^^^
  File "<unknown>", line 12
    	print(round(Total, 2)
    	     ^
SyntaxError: '(' was never closed
2025-07-17 23:34:03,574 cblogger [ERROR]: 		Error while extracting code complexity metrics: invalid syntax (<unknown>, line 7)
Traceback (most recent call last):
  File "/root/trabalho_super/QuestionInsight/Etapa_1/codebench-mining-tool/util.py", line 551, in extract_complexity_metrics
    v = ComplexityVisitor.from_code(code)
        ^^^^^^^^^^^^^^^^^^^^^^^^^^^^^^^^^
  File "/root/trabalho_super/venv_jupyter/lib/python3.12/site-packages/radon/visitors.py", line 133, in from_code
    return cls.from_ast(code2ast(code), **kwargs)
                        ^^^^^^^^^^^^^^
  File "/root/trabalho_super/venv_jupyter/lib/python3.12/site-packages/radon/visitors.py", line 48, in code2ast
    return ast.parse(source)
           ^^^^^^^^^^^^^^^^^
  File "/usr/lib/python3.12/ast.py", line 52, in parse
    return compile(source, filename, mode, flags,
           ^^^^^^^^^^^^^^^^^^^^^^^^^^^^^^^^^^^^^^
  File "<unknown>", line 7
    if = (form = "A"):
       ^
SyntaxError: invalid syntax
2025-07-17 23:34:03,575 cblogger [ERROR]: 		Error while extracting halsted code metrics: invalid syntax (<unknown>, line 7)
Traceback (most recent call last):
  File "/root/trabalho_super/QuestionInsight/Etapa_1/codebench-mining-tool/util.py", line 569, in extract_halstead_metrics
    h = h_visit(code)
        ^^^^^^^^^^^^^
  File "/root/trabalho_super/venv_jupyter/lib/python3.12/site-packages/radon/metrics.py", line 29, in h_visit
    return h_visit_ast(ast.parse(code))
                       ^^^^^^^^^^^^^^^
  File "/usr/lib/python3.12/ast.py", line 52, in parse
    return compile(source, filename, mode, flags,
           ^^^^^^^^^^^^^^^^^^^^^^^^^^^^^^^^^^^^^^
  File "<unknown>", line 7
    if = (form = "A"):
       ^
SyntaxError: invalid syntax
2025-07-17 23:34:06,778 cblogger [ERROR]: 		Error while extracting code complexity metrics: '(' was never closed (<unknown>, line 11)
Traceback (most recent call last):
  File "/root/trabalho_super/QuestionInsight/Etapa_1/codebench-mining-tool/util.py", line 551, in extract_complexity_metrics
    v = ComplexityVisitor.from_code(code)
        ^^^^^^^^^^^^^^^^^^^^^^^^^^^^^^^^^
  File "/root/trabalho_super/venv_jupyter/lib/python3.12/site-packages/radon/visitors.py", line 133, in from_code
    return cls.from_ast(code2ast(code), **kwargs)
                        ^^^^^^^^^^^^^^
  File "/root/trabalho_super/venv_jupyter/lib/python3.12/site-packages/radon/visitors.py", line 48, in code2ast
    return ast.parse(source)
           ^^^^^^^^^^^^^^^^^
  File "/usr/lib/python3.12/ast.py", line 52, in parse
    return compile(source, filename, mode, flags,
           ^^^^^^^^^^^^^^^^^^^^^^^^^^^^^^^^^^^^^^
  File "<unknown>", line 11
    R=((v**2)*(sen(b))/g
      ^
SyntaxError: '(' was never closed
2025-07-17 23:34:06,779 cblogger [ERROR]: 		Error while extracting code size based metrics: SyntaxError at line: 11
Traceback (most recent call last):
  File "/root/trabalho_super/venv_jupyter/lib/python3.12/site-packages/radon/raw.py", line 210, in analyze
    tokens, parsed_lines = _get_all_tokens(line, lines)
                           ^^^^^^^^^^^^^^^^^^^^^^^^^^^^
  File "/root/trabalho_super/venv_jupyter/lib/python3.12/site-packages/radon/raw.py", line 117, in _get_all_tokens
    next_line = next(lines)
                ^^^^^^^^^^^
StopIteration

During handling of the above exception, another exception occurred:

Traceback (most recent call last):
  File "/root/trabalho_super/QuestionInsight/Etapa_1/codebench-mining-tool/util.py", line 560, in extract_size_metrics
    a = analyze(code)
        ^^^^^^^^^^^^^
  File "/root/trabalho_super/venv_jupyter/lib/python3.12/site-packages/radon/raw.py", line 212, in analyze
    raise SyntaxError('SyntaxError at line: {0}'.format(lineno))
SyntaxError: SyntaxError at line: 11
2025-07-17 23:34:06,780 cblogger [ERROR]: 		Error while extracting halsted code metrics: '(' was never closed (<unknown>, line 11)
Traceback (most recent call last):
  File "/root/trabalho_super/QuestionInsight/Etapa_1/codebench-mining-tool/util.py", line 569, in extract_halstead_metrics
    h = h_visit(code)
        ^^^^^^^^^^^^^
  File "/root/trabalho_super/venv_jupyter/lib/python3.12/site-packages/radon/metrics.py", line 29, in h_visit
    return h_visit_ast(ast.parse(code))
                       ^^^^^^^^^^^^^^^
  File "/usr/lib/python3.12/ast.py", line 52, in parse
    return compile(source, filename, mode, flags,
           ^^^^^^^^^^^^^^^^^^^^^^^^^^^^^^^^^^^^^^
  File "<unknown>", line 11
    R=((v**2)*(sen(b))/g
      ^
SyntaxError: '(' was never closed
2025-07-17 23:34:06,817 cblogger [ERROR]: 		Error while extracting code complexity metrics: leading zeros in decimal integer literals are not permitted; use an 0o prefix for octal integers (<unknown>, line 2)
Traceback (most recent call last):
  File "/root/trabalho_super/QuestionInsight/Etapa_1/codebench-mining-tool/util.py", line 551, in extract_complexity_metrics
    v = ComplexityVisitor.from_code(code)
        ^^^^^^^^^^^^^^^^^^^^^^^^^^^^^^^^^
  File "/root/trabalho_super/venv_jupyter/lib/python3.12/site-packages/radon/visitors.py", line 133, in from_code
    return cls.from_ast(code2ast(code), **kwargs)
                        ^^^^^^^^^^^^^^
  File "/root/trabalho_super/venv_jupyter/lib/python3.12/site-packages/radon/visitors.py", line 48, in code2ast
    return ast.parse(source)
           ^^^^^^^^^^^^^^^^^
  File "/usr/lib/python3.12/ast.py", line 52, in parse
    return compile(source, filename, mode, flags,
           ^^^^^^^^^^^^^^^^^^^^^^^^^^^^^^^^^^^^^^
  File "<unknown>", line 2
    rad = 0,0174533*x
            ^
SyntaxError: leading zeros in decimal integer literals are not permitted; use an 0o prefix for octal integers
2025-07-17 23:34:06,817 cblogger [ERROR]: 		Error while extracting halsted code metrics: leading zeros in decimal integer literals are not permitted; use an 0o prefix for octal integers (<unknown>, line 2)
Traceback (most recent call last):
  File "/root/trabalho_super/QuestionInsight/Etapa_1/codebench-mining-tool/util.py", line 569, in extract_halstead_metrics
    h = h_visit(code)
        ^^^^^^^^^^^^^
  File "/root/trabalho_super/venv_jupyter/lib/python3.12/site-packages/radon/metrics.py", line 29, in h_visit
    return h_visit_ast(ast.parse(code))
                       ^^^^^^^^^^^^^^^
  File "/usr/lib/python3.12/ast.py", line 52, in parse
    return compile(source, filename, mode, flags,
           ^^^^^^^^^^^^^^^^^^^^^^^^^^^^^^^^^^^^^^
  File "<unknown>", line 2
    rad = 0,0174533*x
            ^
SyntaxError: leading zeros in decimal integer literals are not permitted; use an 0o prefix for octal integers
2025-07-17 23:34:06,937 cblogger [ERROR]: 		Error while extracting code complexity metrics: invalid syntax. Maybe you meant '==' or ':=' instead of '='? (<unknown>, line 5)
Traceback (most recent call last):
  File "/root/trabalho_super/QuestionInsight/Etapa_1/codebench-mining-tool/util.py", line 551, in extract_complexity_metrics
    v = ComplexityVisitor.from_code(code)
        ^^^^^^^^^^^^^^^^^^^^^^^^^^^^^^^^^
  File "/root/trabalho_super/venv_jupyter/lib/python3.12/site-packages/radon/visitors.py", line 133, in from_code
    return cls.from_ast(code2ast(code), **kwargs)
                        ^^^^^^^^^^^^^^
  File "/root/trabalho_super/venv_jupyter/lib/python3.12/site-packages/radon/visitors.py", line 48, in code2ast
    return ast.parse(source)
           ^^^^^^^^^^^^^^^^^
  File "/usr/lib/python3.12/ast.py", line 52, in parse
    return compile(source, filename, mode, flags,
           ^^^^^^^^^^^^^^^^^^^^^^^^^^^^^^^^^^^^^^
  File "<unknown>", line 5
    if KM=1.6093
       ^^^^^^^^^
SyntaxError: invalid syntax. Maybe you meant '==' or ':=' instead of '='?
2025-07-17 23:34:06,937 cblogger [ERROR]: 		Error while extracting halsted code metrics: invalid syntax. Maybe you meant '==' or ':=' instead of '='? (<unknown>, line 5)
Traceback (most recent call last):
  File "/root/trabalho_super/QuestionInsight/Etapa_1/codebench-mining-tool/util.py", line 569, in extract_halstead_metrics
    h = h_visit(code)
        ^^^^^^^^^^^^^
  File "/root/trabalho_super/venv_jupyter/lib/python3.12/site-packages/radon/metrics.py", line 29, in h_visit
    return h_visit_ast(ast.parse(code))
                       ^^^^^^^^^^^^^^^
  File "/usr/lib/python3.12/ast.py", line 52, in parse
    return compile(source, filename, mode, flags,
           ^^^^^^^^^^^^^^^^^^^^^^^^^^^^^^^^^^^^^^
  File "<unknown>", line 5
    if KM=1.6093
       ^^^^^^^^^
SyntaxError: invalid syntax. Maybe you meant '==' or ':=' instead of '='?
2025-07-17 23:34:07,446 cblogger [ERROR]: 		Error while extracting code complexity metrics: expected ':' (<unknown>, line 3)
Traceback (most recent call last):
  File "/root/trabalho_super/QuestionInsight/Etapa_1/codebench-mining-tool/util.py", line 551, in extract_complexity_metrics
    v = ComplexityVisitor.from_code(code)
        ^^^^^^^^^^^^^^^^^^^^^^^^^^^^^^^^^
  File "/root/trabalho_super/venv_jupyter/lib/python3.12/site-packages/radon/visitors.py", line 133, in from_code
    return cls.from_ast(code2ast(code), **kwargs)
                        ^^^^^^^^^^^^^^
  File "/root/trabalho_super/venv_jupyter/lib/python3.12/site-packages/radon/visitors.py", line 48, in code2ast
    return ast.parse(source)
           ^^^^^^^^^^^^^^^^^
  File "/usr/lib/python3.12/ast.py", line 52, in parse
    return compile(source, filename, mode, flags,
           ^^^^^^^^^^^^^^^^^^^^^^^^^^^^^^^^^^^^^^
  File "<unknown>", line 3
    if()
        ^
SyntaxError: expected ':'
2025-07-17 23:34:07,448 cblogger [ERROR]: 		Error while extracting halsted code metrics: expected ':' (<unknown>, line 3)
Traceback (most recent call last):
  File "/root/trabalho_super/QuestionInsight/Etapa_1/codebench-mining-tool/util.py", line 569, in extract_halstead_metrics
    h = h_visit(code)
        ^^^^^^^^^^^^^
  File "/root/trabalho_super/venv_jupyter/lib/python3.12/site-packages/radon/metrics.py", line 29, in h_visit
    return h_visit_ast(ast.parse(code))
                       ^^^^^^^^^^^^^^^
  File "/usr/lib/python3.12/ast.py", line 52, in parse
    return compile(source, filename, mode, flags,
           ^^^^^^^^^^^^^^^^^^^^^^^^^^^^^^^^^^^^^^
  File "<unknown>", line 3
    if()
        ^
SyntaxError: expected ':'
2025-07-17 23:34:07,571 cblogger [ERROR]: 		Error while extracting code complexity metrics: invalid syntax (<unknown>, line 1)
Traceback (most recent call last):
  File "/root/trabalho_super/QuestionInsight/Etapa_1/codebench-mining-tool/util.py", line 551, in extract_complexity_metrics
    v = ComplexityVisitor.from_code(code)
        ^^^^^^^^^^^^^^^^^^^^^^^^^^^^^^^^^
  File "/root/trabalho_super/venv_jupyter/lib/python3.12/site-packages/radon/visitors.py", line 133, in from_code
    return cls.from_ast(code2ast(code), **kwargs)
                        ^^^^^^^^^^^^^^
  File "/root/trabalho_super/venv_jupyter/lib/python3.12/site-packages/radon/visitors.py", line 48, in code2ast
    return ast.parse(source)
           ^^^^^^^^^^^^^^^^^
  File "/usr/lib/python3.12/ast.py", line 52, in parse
    return compile(source, filename, mode, flags,
           ^^^^^^^^^^^^^^^^^^^^^^^^^^^^^^^^^^^^^^
  File "<unknown>", line 1
    distancia = 
                ^
SyntaxError: invalid syntax
2025-07-17 23:34:07,572 cblogger [ERROR]: 		Error while extracting halsted code metrics: invalid syntax (<unknown>, line 1)
Traceback (most recent call last):
  File "/root/trabalho_super/QuestionInsight/Etapa_1/codebench-mining-tool/util.py", line 569, in extract_halstead_metrics
    h = h_visit(code)
        ^^^^^^^^^^^^^
  File "/root/trabalho_super/venv_jupyter/lib/python3.12/site-packages/radon/metrics.py", line 29, in h_visit
    return h_visit_ast(ast.parse(code))
                       ^^^^^^^^^^^^^^^
  File "/usr/lib/python3.12/ast.py", line 52, in parse
    return compile(source, filename, mode, flags,
           ^^^^^^^^^^^^^^^^^^^^^^^^^^^^^^^^^^^^^^
  File "<unknown>", line 1
    distancia = 
                ^
SyntaxError: invalid syntax
2025-07-17 23:34:07,620 cblogger [ERROR]: 		Error while extracting code complexity metrics: leading zeros in decimal integer literals are not permitted; use an 0o prefix for octal integers (<unknown>, line 9)
Traceback (most recent call last):
  File "/root/trabalho_super/QuestionInsight/Etapa_1/codebench-mining-tool/util.py", line 551, in extract_complexity_metrics
    v = ComplexityVisitor.from_code(code)
        ^^^^^^^^^^^^^^^^^^^^^^^^^^^^^^^^^
  File "/root/trabalho_super/venv_jupyter/lib/python3.12/site-packages/radon/visitors.py", line 133, in from_code
    return cls.from_ast(code2ast(code), **kwargs)
                        ^^^^^^^^^^^^^^
  File "/root/trabalho_super/venv_jupyter/lib/python3.12/site-packages/radon/visitors.py", line 48, in code2ast
    return ast.parse(source)
           ^^^^^^^^^^^^^^^^^
  File "/usr/lib/python3.12/ast.py", line 52, in parse
    return compile(source, filename, mode, flags,
           ^^^^^^^^^^^^^^^^^^^^^^^^^^^^^^^^^^^^^^
  File "<unknown>", line 9
    r = 6371,01
             ^
SyntaxError: leading zeros in decimal integer literals are not permitted; use an 0o prefix for octal integers
2025-07-17 23:34:07,621 cblogger [ERROR]: 		Error while extracting code size based metrics: SyntaxError at line: 10
Traceback (most recent call last):
  File "/root/trabalho_super/venv_jupyter/lib/python3.12/site-packages/radon/raw.py", line 210, in analyze
    tokens, parsed_lines = _get_all_tokens(line, lines)
                           ^^^^^^^^^^^^^^^^^^^^^^^^^^^^
  File "/root/trabalho_super/venv_jupyter/lib/python3.12/site-packages/radon/raw.py", line 117, in _get_all_tokens
    next_line = next(lines)
                ^^^^^^^^^^^
StopIteration

During handling of the above exception, another exception occurred:

Traceback (most recent call last):
  File "/root/trabalho_super/QuestionInsight/Etapa_1/codebench-mining-tool/util.py", line 560, in extract_size_metrics
    a = analyze(code)
        ^^^^^^^^^^^^^
  File "/root/trabalho_super/venv_jupyter/lib/python3.12/site-packages/radon/raw.py", line 212, in analyze
    raise SyntaxError('SyntaxError at line: {0}'.format(lineno))
SyntaxError: SyntaxError at line: 10
2025-07-17 23:34:07,622 cblogger [ERROR]: 		Error while extracting halsted code metrics: leading zeros in decimal integer literals are not permitted; use an 0o prefix for octal integers (<unknown>, line 9)
Traceback (most recent call last):
  File "/root/trabalho_super/QuestionInsight/Etapa_1/codebench-mining-tool/util.py", line 569, in extract_halstead_metrics
    h = h_visit(code)
        ^^^^^^^^^^^^^
  File "/root/trabalho_super/venv_jupyter/lib/python3.12/site-packages/radon/metrics.py", line 29, in h_visit
    return h_visit_ast(ast.parse(code))
                       ^^^^^^^^^^^^^^^
  File "/usr/lib/python3.12/ast.py", line 52, in parse
    return compile(source, filename, mode, flags,
           ^^^^^^^^^^^^^^^^^^^^^^^^^^^^^^^^^^^^^^
  File "<unknown>", line 9
    r = 6371,01
             ^
SyntaxError: leading zeros in decimal integer literals are not permitted; use an 0o prefix for octal integers
2025-07-17 23:34:07,653 cblogger [ERROR]: 		Error while extracting code complexity metrics: unexpected indent (<unknown>, line 2)
Traceback (most recent call last):
  File "/root/trabalho_super/QuestionInsight/Etapa_1/codebench-mining-tool/util.py", line 551, in extract_complexity_metrics
    v = ComplexityVisitor.from_code(code)
        ^^^^^^^^^^^^^^^^^^^^^^^^^^^^^^^^^
  File "/root/trabalho_super/venv_jupyter/lib/python3.12/site-packages/radon/visitors.py", line 133, in from_code
    return cls.from_ast(code2ast(code), **kwargs)
                        ^^^^^^^^^^^^^^
  File "/root/trabalho_super/venv_jupyter/lib/python3.12/site-packages/radon/visitors.py", line 48, in code2ast
    return ast.parse(source)
           ^^^^^^^^^^^^^^^^^
  File "/usr/lib/python3.12/ast.py", line 52, in parse
    return compile(source, filename, mode, flags,
           ^^^^^^^^^^^^^^^^^^^^^^^^^^^^^^^^^^^^^^
  File "<unknown>", line 2
    	jogo = float(input("valor do jogo"))
    ^
IndentationError: unexpected indent
2025-07-17 23:34:07,655 cblogger [ERROR]: 		Error while extracting halsted code metrics: unexpected indent (<unknown>, line 2)
Traceback (most recent call last):
  File "/root/trabalho_super/QuestionInsight/Etapa_1/codebench-mining-tool/util.py", line 569, in extract_halstead_metrics
    h = h_visit(code)
        ^^^^^^^^^^^^^
  File "/root/trabalho_super/venv_jupyter/lib/python3.12/site-packages/radon/metrics.py", line 29, in h_visit
    return h_visit_ast(ast.parse(code))
                       ^^^^^^^^^^^^^^^
  File "/usr/lib/python3.12/ast.py", line 52, in parse
    return compile(source, filename, mode, flags,
           ^^^^^^^^^^^^^^^^^^^^^^^^^^^^^^^^^^^^^^
  File "<unknown>", line 2
    	jogo = float(input("valor do jogo"))
    ^
IndentationError: unexpected indent
2025-07-17 23:34:07,711 cblogger [ERROR]: 		Error while extracting code complexity metrics: invalid syntax (<unknown>, line 2)
Traceback (most recent call last):
  File "/root/trabalho_super/QuestionInsight/Etapa_1/codebench-mining-tool/util.py", line 551, in extract_complexity_metrics
    v = ComplexityVisitor.from_code(code)
        ^^^^^^^^^^^^^^^^^^^^^^^^^^^^^^^^^
  File "/root/trabalho_super/venv_jupyter/lib/python3.12/site-packages/radon/visitors.py", line 133, in from_code
    return cls.from_ast(code2ast(code), **kwargs)
                        ^^^^^^^^^^^^^^
  File "/root/trabalho_super/venv_jupyter/lib/python3.12/site-packages/radon/visitors.py", line 48, in code2ast
    return ast.parse(source)
           ^^^^^^^^^^^^^^^^^
  File "/usr/lib/python3.12/ast.py", line 52, in parse
    return compile(source, filename, mode, flags,
           ^^^^^^^^^^^^^^^^^^^^^^^^^^^^^^^^^^^^^^
  File "<unknown>", line 2
    fad =(81/100)ras+12
                 ^^^
SyntaxError: invalid syntax
2025-07-17 23:34:07,712 cblogger [ERROR]: 		Error while extracting halsted code metrics: invalid syntax (<unknown>, line 2)
Traceback (most recent call last):
  File "/root/trabalho_super/QuestionInsight/Etapa_1/codebench-mining-tool/util.py", line 569, in extract_halstead_metrics
    h = h_visit(code)
        ^^^^^^^^^^^^^
  File "/root/trabalho_super/venv_jupyter/lib/python3.12/site-packages/radon/metrics.py", line 29, in h_visit
    return h_visit_ast(ast.parse(code))
                       ^^^^^^^^^^^^^^^
  File "/usr/lib/python3.12/ast.py", line 52, in parse
    return compile(source, filename, mode, flags,
           ^^^^^^^^^^^^^^^^^^^^^^^^^^^^^^^^^^^^^^
  File "<unknown>", line 2
    fad =(81/100)ras+12
                 ^^^
SyntaxError: invalid syntax
2025-07-17 23:34:07,757 cblogger [ERROR]: 		Error while extracting code complexity metrics: unexpected indent (<unknown>, line 4)
Traceback (most recent call last):
  File "/root/trabalho_super/QuestionInsight/Etapa_1/codebench-mining-tool/util.py", line 551, in extract_complexity_metrics
    v = ComplexityVisitor.from_code(code)
        ^^^^^^^^^^^^^^^^^^^^^^^^^^^^^^^^^
  File "/root/trabalho_super/venv_jupyter/lib/python3.12/site-packages/radon/visitors.py", line 133, in from_code
    return cls.from_ast(code2ast(code), **kwargs)
                        ^^^^^^^^^^^^^^
  File "/root/trabalho_super/venv_jupyter/lib/python3.12/site-packages/radon/visitors.py", line 48, in code2ast
    return ast.parse(source)
           ^^^^^^^^^^^^^^^^^
  File "/usr/lib/python3.12/ast.py", line 52, in parse
    return compile(source, filename, mode, flags,
           ^^^^^^^^^^^^^^^^^^^^^^^^^^^^^^^^^^^^^^
  File "<unknown>", line 4
    from math import*
IndentationError: unexpected indent
2025-07-17 23:34:07,758 cblogger [ERROR]: 		Error while extracting halsted code metrics: unexpected indent (<unknown>, line 4)
Traceback (most recent call last):
  File "/root/trabalho_super/QuestionInsight/Etapa_1/codebench-mining-tool/util.py", line 569, in extract_halstead_metrics
    h = h_visit(code)
        ^^^^^^^^^^^^^
  File "/root/trabalho_super/venv_jupyter/lib/python3.12/site-packages/radon/metrics.py", line 29, in h_visit
    return h_visit_ast(ast.parse(code))
                       ^^^^^^^^^^^^^^^
  File "/usr/lib/python3.12/ast.py", line 52, in parse
    return compile(source, filename, mode, flags,
           ^^^^^^^^^^^^^^^^^^^^^^^^^^^^^^^^^^^^^^
  File "<unknown>", line 4
    from math import*
IndentationError: unexpected indent
2025-07-17 23:34:08,539 cblogger [ERROR]: 		Error while extracting code complexity metrics: invalid syntax (<unknown>, line 13)
Traceback (most recent call last):
  File "/root/trabalho_super/QuestionInsight/Etapa_1/codebench-mining-tool/util.py", line 551, in extract_complexity_metrics
    v = ComplexityVisitor.from_code(code)
        ^^^^^^^^^^^^^^^^^^^^^^^^^^^^^^^^^
  File "/root/trabalho_super/venv_jupyter/lib/python3.12/site-packages/radon/visitors.py", line 133, in from_code
    return cls.from_ast(code2ast(code), **kwargs)
                        ^^^^^^^^^^^^^^
  File "/root/trabalho_super/venv_jupyter/lib/python3.12/site-packages/radon/visitors.py", line 48, in code2ast
    return ast.parse(source)
           ^^^^^^^^^^^^^^^^^
  File "/usr/lib/python3.12/ast.py", line 52, in parse
    return compile(source, filename, mode, flags,
           ^^^^^^^^^^^^^^^^^^^^^^^^^^^^^^^^^^^^^^
  File "<unknown>", line 13
    print("Valor total: R$" ,(round(compra, 2)))2
                                                ^
SyntaxError: invalid syntax
2025-07-17 23:34:08,541 cblogger [ERROR]: 		Error while extracting halsted code metrics: invalid syntax (<unknown>, line 13)
Traceback (most recent call last):
  File "/root/trabalho_super/QuestionInsight/Etapa_1/codebench-mining-tool/util.py", line 569, in extract_halstead_metrics
    h = h_visit(code)
        ^^^^^^^^^^^^^
  File "/root/trabalho_super/venv_jupyter/lib/python3.12/site-packages/radon/metrics.py", line 29, in h_visit
    return h_visit_ast(ast.parse(code))
                       ^^^^^^^^^^^^^^^
  File "/usr/lib/python3.12/ast.py", line 52, in parse
    return compile(source, filename, mode, flags,
           ^^^^^^^^^^^^^^^^^^^^^^^^^^^^^^^^^^^^^^
  File "<unknown>", line 13
    print("Valor total: R$" ,(round(compra, 2)))2
                                                ^
SyntaxError: invalid syntax
2025-07-17 23:34:08,800 cblogger [ERROR]: 		Error while extracting code complexity metrics: invalid syntax (<unknown>, line 1)
Traceback (most recent call last):
  File "/root/trabalho_super/QuestionInsight/Etapa_1/codebench-mining-tool/util.py", line 551, in extract_complexity_metrics
    v = ComplexityVisitor.from_code(code)
        ^^^^^^^^^^^^^^^^^^^^^^^^^^^^^^^^^
  File "/root/trabalho_super/venv_jupyter/lib/python3.12/site-packages/radon/visitors.py", line 133, in from_code
    return cls.from_ast(code2ast(code), **kwargs)
                        ^^^^^^^^^^^^^^
  File "/root/trabalho_super/venv_jupyter/lib/python3.12/site-packages/radon/visitors.py", line 48, in code2ast
    return ast.parse(source)
           ^^^^^^^^^^^^^^^^^
  File "/usr/lib/python3.12/ast.py", line 52, in parse
    return compile(source, filename, mode, flags,
           ^^^^^^^^^^^^^^^^^^^^^^^^^^^^^^^^^^^^^^
  File "<unknown>", line 1
    flow.
         ^
SyntaxError: invalid syntax
2025-07-17 23:34:08,800 cblogger [ERROR]: 		Error while extracting halsted code metrics: invalid syntax (<unknown>, line 1)
Traceback (most recent call last):
  File "/root/trabalho_super/QuestionInsight/Etapa_1/codebench-mining-tool/util.py", line 569, in extract_halstead_metrics
    h = h_visit(code)
        ^^^^^^^^^^^^^
  File "/root/trabalho_super/venv_jupyter/lib/python3.12/site-packages/radon/metrics.py", line 29, in h_visit
    return h_visit_ast(ast.parse(code))
                       ^^^^^^^^^^^^^^^
  File "/usr/lib/python3.12/ast.py", line 52, in parse
    return compile(source, filename, mode, flags,
           ^^^^^^^^^^^^^^^^^^^^^^^^^^^^^^^^^^^^^^
  File "<unknown>", line 1
    flow.
         ^
SyntaxError: invalid syntax
2025-07-17 23:34:08,807 cblogger [ERROR]: 		Error while extracting code complexity metrics: invalid syntax (<unknown>, line 1)
Traceback (most recent call last):
  File "/root/trabalho_super/QuestionInsight/Etapa_1/codebench-mining-tool/util.py", line 551, in extract_complexity_metrics
    v = ComplexityVisitor.from_code(code)
        ^^^^^^^^^^^^^^^^^^^^^^^^^^^^^^^^^
  File "/root/trabalho_super/venv_jupyter/lib/python3.12/site-packages/radon/visitors.py", line 133, in from_code
    return cls.from_ast(code2ast(code), **kwargs)
                        ^^^^^^^^^^^^^^
  File "/root/trabalho_super/venv_jupyter/lib/python3.12/site-packages/radon/visitors.py", line 48, in code2ast
    return ast.parse(source)
           ^^^^^^^^^^^^^^^^^
  File "/usr/lib/python3.12/ast.py", line 52, in parse
    return compile(source, filename, mode, flags,
           ^^^^^^^^^^^^^^^^^^^^^^^^^^^^^^^^^^^^^^
  File "<unknown>", line 1
    aresta =
            ^
SyntaxError: invalid syntax
2025-07-17 23:34:08,808 cblogger [ERROR]: 		Error while extracting halsted code metrics: invalid syntax (<unknown>, line 1)
Traceback (most recent call last):
  File "/root/trabalho_super/QuestionInsight/Etapa_1/codebench-mining-tool/util.py", line 569, in extract_halstead_metrics
    h = h_visit(code)
        ^^^^^^^^^^^^^
  File "/root/trabalho_super/venv_jupyter/lib/python3.12/site-packages/radon/metrics.py", line 29, in h_visit
    return h_visit_ast(ast.parse(code))
                       ^^^^^^^^^^^^^^^
  File "/usr/lib/python3.12/ast.py", line 52, in parse
    return compile(source, filename, mode, flags,
           ^^^^^^^^^^^^^^^^^^^^^^^^^^^^^^^^^^^^^^
  File "<unknown>", line 1
    aresta =
            ^
SyntaxError: invalid syntax
2025-07-17 23:34:08,819 cblogger [ERROR]: 		Error while extracting code complexity metrics: invalid syntax. Perhaps you forgot a comma? (<unknown>, line 2)
Traceback (most recent call last):
  File "/root/trabalho_super/QuestionInsight/Etapa_1/codebench-mining-tool/util.py", line 551, in extract_complexity_metrics
    v = ComplexityVisitor.from_code(code)
        ^^^^^^^^^^^^^^^^^^^^^^^^^^^^^^^^^
  File "/root/trabalho_super/venv_jupyter/lib/python3.12/site-packages/radon/visitors.py", line 133, in from_code
    return cls.from_ast(code2ast(code), **kwargs)
                        ^^^^^^^^^^^^^^
  File "/root/trabalho_super/venv_jupyter/lib/python3.12/site-packages/radon/visitors.py", line 48, in code2ast
    return ast.parse(source)
           ^^^^^^^^^^^^^^^^^
  File "/usr/lib/python3.12/ast.py", line 52, in parse
    return compile(source, filename, mode, flags,
           ^^^^^^^^^^^^^^^^^^^^^^^^^^^^^^^^^^^^^^
  File "<unknown>", line 2
    print(1 1 2 3 5 8 13 21 34 55 89)
          ^^^
SyntaxError: invalid syntax. Perhaps you forgot a comma?
2025-07-17 23:34:08,820 cblogger [ERROR]: 		Error while extracting halsted code metrics: invalid syntax. Perhaps you forgot a comma? (<unknown>, line 2)
Traceback (most recent call last):
  File "/root/trabalho_super/QuestionInsight/Etapa_1/codebench-mining-tool/util.py", line 569, in extract_halstead_metrics
    h = h_visit(code)
        ^^^^^^^^^^^^^
  File "/root/trabalho_super/venv_jupyter/lib/python3.12/site-packages/radon/metrics.py", line 29, in h_visit
    return h_visit_ast(ast.parse(code))
                       ^^^^^^^^^^^^^^^
  File "/usr/lib/python3.12/ast.py", line 52, in parse
    return compile(source, filename, mode, flags,
           ^^^^^^^^^^^^^^^^^^^^^^^^^^^^^^^^^^^^^^
  File "<unknown>", line 2
    print(1 1 2 3 5 8 13 21 34 55 89)
          ^^^
SyntaxError: invalid syntax. Perhaps you forgot a comma?
2025-07-17 23:34:08,994 cblogger [ERROR]: 		Error while extracting code complexity metrics: invalid syntax (<unknown>, line 1)
Traceback (most recent call last):
  File "/root/trabalho_super/QuestionInsight/Etapa_1/codebench-mining-tool/util.py", line 551, in extract_complexity_metrics
    v = ComplexityVisitor.from_code(code)
        ^^^^^^^^^^^^^^^^^^^^^^^^^^^^^^^^^
  File "/root/trabalho_super/venv_jupyter/lib/python3.12/site-packages/radon/visitors.py", line 133, in from_code
    return cls.from_ast(code2ast(code), **kwargs)
                        ^^^^^^^^^^^^^^
  File "/root/trabalho_super/venv_jupyter/lib/python3.12/site-packages/radon/visitors.py", line 48, in code2ast
    return ast.parse(source)
           ^^^^^^^^^^^^^^^^^
  File "/usr/lib/python3.12/ast.py", line 52, in parse
    return compile(source, filename, mode, flags,
           ^^^^^^^^^^^^^^^^^^^^^^^^^^^^^^^^^^^^^^
  File "<unknown>", line 1
    E1=
       ^
SyntaxError: invalid syntax
2025-07-17 23:34:08,995 cblogger [ERROR]: 		Error while extracting halsted code metrics: invalid syntax (<unknown>, line 1)
Traceback (most recent call last):
  File "/root/trabalho_super/QuestionInsight/Etapa_1/codebench-mining-tool/util.py", line 569, in extract_halstead_metrics
    h = h_visit(code)
        ^^^^^^^^^^^^^
  File "/root/trabalho_super/venv_jupyter/lib/python3.12/site-packages/radon/metrics.py", line 29, in h_visit
    return h_visit_ast(ast.parse(code))
                       ^^^^^^^^^^^^^^^
  File "/usr/lib/python3.12/ast.py", line 52, in parse
    return compile(source, filename, mode, flags,
           ^^^^^^^^^^^^^^^^^^^^^^^^^^^^^^^^^^^^^^
  File "<unknown>", line 1
    E1=
       ^
SyntaxError: invalid syntax
2025-07-17 23:34:09,425 cblogger [ERROR]: 		Error while extracting code complexity metrics: cannot assign to function call here. Maybe you meant '==' instead of '='? (<unknown>, line 4)
Traceback (most recent call last):
  File "/root/trabalho_super/QuestionInsight/Etapa_1/codebench-mining-tool/util.py", line 551, in extract_complexity_metrics
    v = ComplexityVisitor.from_code(code)
        ^^^^^^^^^^^^^^^^^^^^^^^^^^^^^^^^^
  File "/root/trabalho_super/venv_jupyter/lib/python3.12/site-packages/radon/visitors.py", line 133, in from_code
    return cls.from_ast(code2ast(code), **kwargs)
                        ^^^^^^^^^^^^^^
  File "/root/trabalho_super/venv_jupyter/lib/python3.12/site-packages/radon/visitors.py", line 48, in code2ast
    return ast.parse(source)
           ^^^^^^^^^^^^^^^^^
  File "/usr/lib/python3.12/ast.py", line 52, in parse
    return compile(source, filename, mode, flags,
           ^^^^^^^^^^^^^^^^^^^^^^^^^^^^^^^^^^^^^^
  File "<unknown>", line 4
    p(n)= 1 - (factorial(365)/factorial(365-n)) * (1/(365**n))
    ^^^^
SyntaxError: cannot assign to function call here. Maybe you meant '==' instead of '='?
2025-07-17 23:34:09,425 cblogger [ERROR]: 		Error while extracting halsted code metrics: cannot assign to function call here. Maybe you meant '==' instead of '='? (<unknown>, line 4)
Traceback (most recent call last):
  File "/root/trabalho_super/QuestionInsight/Etapa_1/codebench-mining-tool/util.py", line 569, in extract_halstead_metrics
    h = h_visit(code)
        ^^^^^^^^^^^^^
  File "/root/trabalho_super/venv_jupyter/lib/python3.12/site-packages/radon/metrics.py", line 29, in h_visit
    return h_visit_ast(ast.parse(code))
                       ^^^^^^^^^^^^^^^
  File "/usr/lib/python3.12/ast.py", line 52, in parse
    return compile(source, filename, mode, flags,
           ^^^^^^^^^^^^^^^^^^^^^^^^^^^^^^^^^^^^^^
  File "<unknown>", line 4
    p(n)= 1 - (factorial(365)/factorial(365-n)) * (1/(365**n))
    ^^^^
SyntaxError: cannot assign to function call here. Maybe you meant '==' instead of '='?
2025-07-17 23:34:09,435 cblogger [ERROR]: 		Error while extracting code complexity metrics: invalid syntax (<unknown>, line 1)
Traceback (most recent call last):
  File "/root/trabalho_super/QuestionInsight/Etapa_1/codebench-mining-tool/util.py", line 551, in extract_complexity_metrics
    v = ComplexityVisitor.from_code(code)
        ^^^^^^^^^^^^^^^^^^^^^^^^^^^^^^^^^
  File "/root/trabalho_super/venv_jupyter/lib/python3.12/site-packages/radon/visitors.py", line 133, in from_code
    return cls.from_ast(code2ast(code), **kwargs)
                        ^^^^^^^^^^^^^^
  File "/root/trabalho_super/venv_jupyter/lib/python3.12/site-packages/radon/visitors.py", line 48, in code2ast
    return ast.parse(source)
           ^^^^^^^^^^^^^^^^^
  File "/usr/lib/python3.12/ast.py", line 52, in parse
    return compile(source, filename, mode, flags,
           ^^^^^^^^^^^^^^^^^^^^^^^^^^^^^^^^^^^^^^
  File "<unknown>", line 1
    x = 
        ^
SyntaxError: invalid syntax
2025-07-17 23:34:09,436 cblogger [ERROR]: 		Error while extracting halsted code metrics: invalid syntax (<unknown>, line 1)
Traceback (most recent call last):
  File "/root/trabalho_super/QuestionInsight/Etapa_1/codebench-mining-tool/util.py", line 569, in extract_halstead_metrics
    h = h_visit(code)
        ^^^^^^^^^^^^^
  File "/root/trabalho_super/venv_jupyter/lib/python3.12/site-packages/radon/metrics.py", line 29, in h_visit
    return h_visit_ast(ast.parse(code))
                       ^^^^^^^^^^^^^^^
  File "/usr/lib/python3.12/ast.py", line 52, in parse
    return compile(source, filename, mode, flags,
           ^^^^^^^^^^^^^^^^^^^^^^^^^^^^^^^^^^^^^^
  File "<unknown>", line 1
    x = 
        ^
SyntaxError: invalid syntax
2025-07-17 23:34:09,449 cblogger [ERROR]: 		Error while extracting code complexity metrics: expected ':' (<unknown>, line 3)
Traceback (most recent call last):
  File "/root/trabalho_super/QuestionInsight/Etapa_1/codebench-mining-tool/util.py", line 551, in extract_complexity_metrics
    v = ComplexityVisitor.from_code(code)
        ^^^^^^^^^^^^^^^^^^^^^^^^^^^^^^^^^
  File "/root/trabalho_super/venv_jupyter/lib/python3.12/site-packages/radon/visitors.py", line 133, in from_code
    return cls.from_ast(code2ast(code), **kwargs)
                        ^^^^^^^^^^^^^^
  File "/root/trabalho_super/venv_jupyter/lib/python3.12/site-packages/radon/visitors.py", line 48, in code2ast
    return ast.parse(source)
           ^^^^^^^^^^^^^^^^^
  File "/usr/lib/python3.12/ast.py", line 52, in parse
    return compile(source, filename, mode, flags,
           ^^^^^^^^^^^^^^^^^^^^^^^^^^^^^^^^^^^^^^
  File "<unknown>", line 3
    if(num )
            ^
SyntaxError: expected ':'
2025-07-17 23:34:09,450 cblogger [ERROR]: 		Error while extracting halsted code metrics: expected ':' (<unknown>, line 3)
Traceback (most recent call last):
  File "/root/trabalho_super/QuestionInsight/Etapa_1/codebench-mining-tool/util.py", line 569, in extract_halstead_metrics
    h = h_visit(code)
        ^^^^^^^^^^^^^
  File "/root/trabalho_super/venv_jupyter/lib/python3.12/site-packages/radon/metrics.py", line 29, in h_visit
    return h_visit_ast(ast.parse(code))
                       ^^^^^^^^^^^^^^^
  File "/usr/lib/python3.12/ast.py", line 52, in parse
    return compile(source, filename, mode, flags,
           ^^^^^^^^^^^^^^^^^^^^^^^^^^^^^^^^^^^^^^
  File "<unknown>", line 3
    if(num )
            ^
SyntaxError: expected ':'
2025-07-17 23:34:09,698 cblogger [ERROR]: 		Error while extracting code complexity metrics: invalid syntax (<unknown>, line 4)
Traceback (most recent call last):
  File "/root/trabalho_super/QuestionInsight/Etapa_1/codebench-mining-tool/util.py", line 551, in extract_complexity_metrics
    v = ComplexityVisitor.from_code(code)
        ^^^^^^^^^^^^^^^^^^^^^^^^^^^^^^^^^
  File "/root/trabalho_super/venv_jupyter/lib/python3.12/site-packages/radon/visitors.py", line 133, in from_code
    return cls.from_ast(code2ast(code), **kwargs)
                        ^^^^^^^^^^^^^^
  File "/root/trabalho_super/venv_jupyter/lib/python3.12/site-packages/radon/visitors.py", line 48, in code2ast
    return ast.parse(source)
           ^^^^^^^^^^^^^^^^^
  File "/usr/lib/python3.12/ast.py", line 52, in parse
    return compile(source, filename, mode, flags,
           ^^^^^^^^^^^^^^^^^^^^^^^^^^^^^^^^^^^^^^
  File "<unknown>", line 4
    else: 1 1 3
            ^
SyntaxError: invalid syntax
2025-07-17 23:34:09,699 cblogger [ERROR]: 		Error while extracting halsted code metrics: invalid syntax (<unknown>, line 4)
Traceback (most recent call last):
  File "/root/trabalho_super/QuestionInsight/Etapa_1/codebench-mining-tool/util.py", line 569, in extract_halstead_metrics
    h = h_visit(code)
        ^^^^^^^^^^^^^
  File "/root/trabalho_super/venv_jupyter/lib/python3.12/site-packages/radon/metrics.py", line 29, in h_visit
    return h_visit_ast(ast.parse(code))
                       ^^^^^^^^^^^^^^^
  File "/usr/lib/python3.12/ast.py", line 52, in parse
    return compile(source, filename, mode, flags,
           ^^^^^^^^^^^^^^^^^^^^^^^^^^^^^^^^^^^^^^
  File "<unknown>", line 4
    else: 1 1 3
            ^
SyntaxError: invalid syntax
2025-07-17 23:34:09,766 cblogger [ERROR]: 		Error while extracting code complexity metrics: invalid syntax. Perhaps you forgot a comma? (<unknown>, line 7)
Traceback (most recent call last):
  File "/root/trabalho_super/QuestionInsight/Etapa_1/codebench-mining-tool/util.py", line 551, in extract_complexity_metrics
    v = ComplexityVisitor.from_code(code)
        ^^^^^^^^^^^^^^^^^^^^^^^^^^^^^^^^^
  File "/root/trabalho_super/venv_jupyter/lib/python3.12/site-packages/radon/visitors.py", line 133, in from_code
    return cls.from_ast(code2ast(code), **kwargs)
                        ^^^^^^^^^^^^^^
  File "/root/trabalho_super/venv_jupyter/lib/python3.12/site-packages/radon/visitors.py", line 48, in code2ast
    return ast.parse(source)
           ^^^^^^^^^^^^^^^^^
  File "/usr/lib/python3.12/ast.py", line 52, in parse
    return compile(source, filename, mode, flags,
           ^^^^^^^^^^^^^^^^^^^^^^^^^^^^^^^^^^^^^^
  File "<unknown>", line 7
    print (round v, 2)
           ^^^^^^^
SyntaxError: invalid syntax. Perhaps you forgot a comma?
2025-07-17 23:34:09,766 cblogger [ERROR]: 		Error while extracting halsted code metrics: invalid syntax. Perhaps you forgot a comma? (<unknown>, line 7)
Traceback (most recent call last):
  File "/root/trabalho_super/QuestionInsight/Etapa_1/codebench-mining-tool/util.py", line 569, in extract_halstead_metrics
    h = h_visit(code)
        ^^^^^^^^^^^^^
  File "/root/trabalho_super/venv_jupyter/lib/python3.12/site-packages/radon/metrics.py", line 29, in h_visit
    return h_visit_ast(ast.parse(code))
                       ^^^^^^^^^^^^^^^
  File "/usr/lib/python3.12/ast.py", line 52, in parse
    return compile(source, filename, mode, flags,
           ^^^^^^^^^^^^^^^^^^^^^^^^^^^^^^^^^^^^^^
  File "<unknown>", line 7
    print (round v, 2)
           ^^^^^^^
SyntaxError: invalid syntax. Perhaps you forgot a comma?
2025-07-17 23:34:09,790 cblogger [ERROR]: 		Error while extracting code complexity metrics: expected ':' (<unknown>, line 2)
Traceback (most recent call last):
  File "/root/trabalho_super/QuestionInsight/Etapa_1/codebench-mining-tool/util.py", line 551, in extract_complexity_metrics
    v = ComplexityVisitor.from_code(code)
        ^^^^^^^^^^^^^^^^^^^^^^^^^^^^^^^^^
  File "/root/trabalho_super/venv_jupyter/lib/python3.12/site-packages/radon/visitors.py", line 133, in from_code
    return cls.from_ast(code2ast(code), **kwargs)
                        ^^^^^^^^^^^^^^
  File "/root/trabalho_super/venv_jupyter/lib/python3.12/site-packages/radon/visitors.py", line 48, in code2ast
    return ast.parse(source)
           ^^^^^^^^^^^^^^^^^
  File "/usr/lib/python3.12/ast.py", line 52, in parse
    return compile(source, filename, mode, flags,
           ^^^^^^^^^^^^^^^^^^^^^^^^^^^^^^^^^^^^^^
  File "<unknown>", line 2
    if(nome == "cervo")
                       ^
SyntaxError: expected ':'
2025-07-17 23:34:09,790 cblogger [ERROR]: 		Error while extracting halsted code metrics: expected ':' (<unknown>, line 2)
Traceback (most recent call last):
  File "/root/trabalho_super/QuestionInsight/Etapa_1/codebench-mining-tool/util.py", line 569, in extract_halstead_metrics
    h = h_visit(code)
        ^^^^^^^^^^^^^
  File "/root/trabalho_super/venv_jupyter/lib/python3.12/site-packages/radon/metrics.py", line 29, in h_visit
    return h_visit_ast(ast.parse(code))
                       ^^^^^^^^^^^^^^^
  File "/usr/lib/python3.12/ast.py", line 52, in parse
    return compile(source, filename, mode, flags,
           ^^^^^^^^^^^^^^^^^^^^^^^^^^^^^^^^^^^^^^
  File "<unknown>", line 2
    if(nome == "cervo")
                       ^
SyntaxError: expected ':'
2025-07-17 23:34:09,791 cblogger [ERROR]: 		Error while extracting code complexity metrics: invalid syntax (<unknown>, line 5)
Traceback (most recent call last):
  File "/root/trabalho_super/QuestionInsight/Etapa_1/codebench-mining-tool/util.py", line 551, in extract_complexity_metrics
    v = ComplexityVisitor.from_code(code)
        ^^^^^^^^^^^^^^^^^^^^^^^^^^^^^^^^^
  File "/root/trabalho_super/venv_jupyter/lib/python3.12/site-packages/radon/visitors.py", line 133, in from_code
    return cls.from_ast(code2ast(code), **kwargs)
                        ^^^^^^^^^^^^^^
  File "/root/trabalho_super/venv_jupyter/lib/python3.12/site-packages/radon/visitors.py", line 48, in code2ast
    return ast.parse(source)
           ^^^^^^^^^^^^^^^^^
  File "/usr/lib/python3.12/ast.py", line 52, in parse
    return compile(source, filename, mode, flags,
           ^^^^^^^^^^^^^^^^^^^^^^^^^^^^^^^^^^^^^^
  File "<unknown>", line 5
    numero de lados = 6
           ^^
SyntaxError: invalid syntax
2025-07-17 23:34:09,792 cblogger [ERROR]: 		Error while extracting code size based metrics: SyntaxError at line: 7
Traceback (most recent call last):
  File "/root/trabalho_super/venv_jupyter/lib/python3.12/site-packages/radon/raw.py", line 210, in analyze
    tokens, parsed_lines = _get_all_tokens(line, lines)
                           ^^^^^^^^^^^^^^^^^^^^^^^^^^^^
  File "/root/trabalho_super/venv_jupyter/lib/python3.12/site-packages/radon/raw.py", line 117, in _get_all_tokens
    next_line = next(lines)
                ^^^^^^^^^^^
StopIteration

During handling of the above exception, another exception occurred:

Traceback (most recent call last):
  File "/root/trabalho_super/QuestionInsight/Etapa_1/codebench-mining-tool/util.py", line 560, in extract_size_metrics
    a = analyze(code)
        ^^^^^^^^^^^^^
  File "/root/trabalho_super/venv_jupyter/lib/python3.12/site-packages/radon/raw.py", line 212, in analyze
    raise SyntaxError('SyntaxError at line: {0}'.format(lineno))
SyntaxError: SyntaxError at line: 7
2025-07-17 23:34:09,792 cblogger [ERROR]: 		Error while extracting halsted code metrics: invalid syntax (<unknown>, line 5)
Traceback (most recent call last):
  File "/root/trabalho_super/QuestionInsight/Etapa_1/codebench-mining-tool/util.py", line 569, in extract_halstead_metrics
    h = h_visit(code)
        ^^^^^^^^^^^^^
  File "/root/trabalho_super/venv_jupyter/lib/python3.12/site-packages/radon/metrics.py", line 29, in h_visit
    return h_visit_ast(ast.parse(code))
                       ^^^^^^^^^^^^^^^
  File "/usr/lib/python3.12/ast.py", line 52, in parse
    return compile(source, filename, mode, flags,
           ^^^^^^^^^^^^^^^^^^^^^^^^^^^^^^^^^^^^^^
  File "<unknown>", line 5
    numero de lados = 6
           ^^
SyntaxError: invalid syntax
2025-07-17 23:34:09,808 cblogger [ERROR]: 		Error while extracting code complexity metrics: '(' was never closed (<unknown>, line 1)
Traceback (most recent call last):
  File "/root/trabalho_super/QuestionInsight/Etapa_1/codebench-mining-tool/util.py", line 551, in extract_complexity_metrics
    v = ComplexityVisitor.from_code(code)
        ^^^^^^^^^^^^^^^^^^^^^^^^^^^^^^^^^
  File "/root/trabalho_super/venv_jupyter/lib/python3.12/site-packages/radon/visitors.py", line 133, in from_code
    return cls.from_ast(code2ast(code), **kwargs)
                        ^^^^^^^^^^^^^^
  File "/root/trabalho_super/venv_jupyter/lib/python3.12/site-packages/radon/visitors.py", line 48, in code2ast
    return ast.parse(source)
           ^^^^^^^^^^^^^^^^^
  File "/usr/lib/python3.12/ast.py", line 52, in parse
    return compile(source, filename, mode, flags,
           ^^^^^^^^^^^^^^^^^^^^^^^^^^^^^^^^^^^^^^
  File "<unknown>", line 1
    preco = float(input("qual valor de compra ?")
                 ^
SyntaxError: '(' was never closed
2025-07-17 23:34:09,809 cblogger [ERROR]: 		Error while extracting code size based metrics: SyntaxError at line: 1
Traceback (most recent call last):
  File "/root/trabalho_super/venv_jupyter/lib/python3.12/site-packages/radon/raw.py", line 210, in analyze
    tokens, parsed_lines = _get_all_tokens(line, lines)
                           ^^^^^^^^^^^^^^^^^^^^^^^^^^^^
  File "/root/trabalho_super/venv_jupyter/lib/python3.12/site-packages/radon/raw.py", line 117, in _get_all_tokens
    next_line = next(lines)
                ^^^^^^^^^^^
StopIteration

During handling of the above exception, another exception occurred:

Traceback (most recent call last):
  File "/root/trabalho_super/QuestionInsight/Etapa_1/codebench-mining-tool/util.py", line 560, in extract_size_metrics
    a = analyze(code)
        ^^^^^^^^^^^^^
  File "/root/trabalho_super/venv_jupyter/lib/python3.12/site-packages/radon/raw.py", line 212, in analyze
    raise SyntaxError('SyntaxError at line: {0}'.format(lineno))
SyntaxError: SyntaxError at line: 1
2025-07-17 23:34:09,809 cblogger [ERROR]: 		Error while extracting halsted code metrics: '(' was never closed (<unknown>, line 1)
Traceback (most recent call last):
  File "/root/trabalho_super/QuestionInsight/Etapa_1/codebench-mining-tool/util.py", line 569, in extract_halstead_metrics
    h = h_visit(code)
        ^^^^^^^^^^^^^
  File "/root/trabalho_super/venv_jupyter/lib/python3.12/site-packages/radon/metrics.py", line 29, in h_visit
    return h_visit_ast(ast.parse(code))
                       ^^^^^^^^^^^^^^^
  File "/usr/lib/python3.12/ast.py", line 52, in parse
    return compile(source, filename, mode, flags,
           ^^^^^^^^^^^^^^^^^^^^^^^^^^^^^^^^^^^^^^
  File "<unknown>", line 1
    preco = float(input("qual valor de compra ?")
                 ^
SyntaxError: '(' was never closed
2025-07-17 23:34:09,818 cblogger [ERROR]: 		Error while extracting code complexity metrics: invalid syntax (<unknown>, line 2)
Traceback (most recent call last):
  File "/root/trabalho_super/QuestionInsight/Etapa_1/codebench-mining-tool/util.py", line 551, in extract_complexity_metrics
    v = ComplexityVisitor.from_code(code)
        ^^^^^^^^^^^^^^^^^^^^^^^^^^^^^^^^^
  File "/root/trabalho_super/venv_jupyter/lib/python3.12/site-packages/radon/visitors.py", line 133, in from_code
    return cls.from_ast(code2ast(code), **kwargs)
                        ^^^^^^^^^^^^^^
  File "/root/trabalho_super/venv_jupyter/lib/python3.12/site-packages/radon/visitors.py", line 48, in code2ast
    return ast.parse(source)
           ^^^^^^^^^^^^^^^^^
  File "/usr/lib/python3.12/ast.py", line 52, in parse
    return compile(source, filename, mode, flags,
           ^^^^^^^^^^^^^^^^^^^^^^^^^^^^^^^^^^^^^^
  File "<unknown>", line 2
    valor fixo = 10
          ^^^^
SyntaxError: invalid syntax
2025-07-17 23:34:09,820 cblogger [ERROR]: 		Error while extracting halsted code metrics: invalid syntax (<unknown>, line 2)
Traceback (most recent call last):
  File "/root/trabalho_super/QuestionInsight/Etapa_1/codebench-mining-tool/util.py", line 569, in extract_halstead_metrics
    h = h_visit(code)
        ^^^^^^^^^^^^^
  File "/root/trabalho_super/venv_jupyter/lib/python3.12/site-packages/radon/metrics.py", line 29, in h_visit
    return h_visit_ast(ast.parse(code))
                       ^^^^^^^^^^^^^^^
  File "/usr/lib/python3.12/ast.py", line 52, in parse
    return compile(source, filename, mode, flags,
           ^^^^^^^^^^^^^^^^^^^^^^^^^^^^^^^^^^^^^^
  File "<unknown>", line 2
    valor fixo = 10
          ^^^^
SyntaxError: invalid syntax
2025-07-17 23:34:10,608 cblogger [ERROR]: 		Error while extracting code complexity metrics: invalid syntax (<unknown>, line 4)
Traceback (most recent call last):
  File "/root/trabalho_super/QuestionInsight/Etapa_1/codebench-mining-tool/util.py", line 551, in extract_complexity_metrics
    v = ComplexityVisitor.from_code(code)
        ^^^^^^^^^^^^^^^^^^^^^^^^^^^^^^^^^
  File "/root/trabalho_super/venv_jupyter/lib/python3.12/site-packages/radon/visitors.py", line 133, in from_code
    return cls.from_ast(code2ast(code), **kwargs)
                        ^^^^^^^^^^^^^^
  File "/root/trabalho_super/venv_jupyter/lib/python3.12/site-packages/radon/visitors.py", line 48, in code2ast
    return ast.parse(source)
           ^^^^^^^^^^^^^^^^^
  File "/usr/lib/python3.12/ast.py", line 52, in parse
    return compile(source, filename, mode, flags,
           ^^^^^^^^^^^^^^^^^^^^^^^^^^^^^^^^^^^^^^
  File "<unknown>", line 4
    from*math*import
        ^
SyntaxError: invalid syntax
2025-07-17 23:34:10,609 cblogger [ERROR]: 		Error while extracting code size based metrics: SyntaxError at line: 5
Traceback (most recent call last):
  File "/root/trabalho_super/venv_jupyter/lib/python3.12/site-packages/radon/raw.py", line 210, in analyze
    tokens, parsed_lines = _get_all_tokens(line, lines)
                           ^^^^^^^^^^^^^^^^^^^^^^^^^^^^
  File "/root/trabalho_super/venv_jupyter/lib/python3.12/site-packages/radon/raw.py", line 117, in _get_all_tokens
    next_line = next(lines)
                ^^^^^^^^^^^
StopIteration

During handling of the above exception, another exception occurred:

Traceback (most recent call last):
  File "/root/trabalho_super/QuestionInsight/Etapa_1/codebench-mining-tool/util.py", line 560, in extract_size_metrics
    a = analyze(code)
        ^^^^^^^^^^^^^
  File "/root/trabalho_super/venv_jupyter/lib/python3.12/site-packages/radon/raw.py", line 212, in analyze
    raise SyntaxError('SyntaxError at line: {0}'.format(lineno))
SyntaxError: SyntaxError at line: 5
2025-07-17 23:34:10,609 cblogger [ERROR]: 		Error while extracting halsted code metrics: invalid syntax (<unknown>, line 4)
Traceback (most recent call last):
  File "/root/trabalho_super/QuestionInsight/Etapa_1/codebench-mining-tool/util.py", line 569, in extract_halstead_metrics
    h = h_visit(code)
        ^^^^^^^^^^^^^
  File "/root/trabalho_super/venv_jupyter/lib/python3.12/site-packages/radon/metrics.py", line 29, in h_visit
    return h_visit_ast(ast.parse(code))
                       ^^^^^^^^^^^^^^^
  File "/usr/lib/python3.12/ast.py", line 52, in parse
    return compile(source, filename, mode, flags,
           ^^^^^^^^^^^^^^^^^^^^^^^^^^^^^^^^^^^^^^
  File "<unknown>", line 4
    from*math*import
        ^
SyntaxError: invalid syntax
2025-07-17 23:34:10,714 cblogger [ERROR]: 		Error while extracting code complexity metrics: expected ':' (<unknown>, line 4)
Traceback (most recent call last):
  File "/root/trabalho_super/QuestionInsight/Etapa_1/codebench-mining-tool/util.py", line 551, in extract_complexity_metrics
    v = ComplexityVisitor.from_code(code)
        ^^^^^^^^^^^^^^^^^^^^^^^^^^^^^^^^^
  File "/root/trabalho_super/venv_jupyter/lib/python3.12/site-packages/radon/visitors.py", line 133, in from_code
    return cls.from_ast(code2ast(code), **kwargs)
                        ^^^^^^^^^^^^^^
  File "/root/trabalho_super/venv_jupyter/lib/python3.12/site-packages/radon/visitors.py", line 48, in code2ast
    return ast.parse(source)
           ^^^^^^^^^^^^^^^^^
  File "/usr/lib/python3.12/ast.py", line 52, in parse
    return compile(source, filename, mode, flags,
           ^^^^^^^^^^^^^^^^^^^^^^^^^^^^^^^^^^^^^^
  File "<unknown>", line 4
    for i in range(num-1)
                         ^
SyntaxError: expected ':'
2025-07-17 23:34:10,715 cblogger [ERROR]: 		Error while extracting halsted code metrics: expected ':' (<unknown>, line 4)
Traceback (most recent call last):
  File "/root/trabalho_super/QuestionInsight/Etapa_1/codebench-mining-tool/util.py", line 569, in extract_halstead_metrics
    h = h_visit(code)
        ^^^^^^^^^^^^^
  File "/root/trabalho_super/venv_jupyter/lib/python3.12/site-packages/radon/metrics.py", line 29, in h_visit
    return h_visit_ast(ast.parse(code))
                       ^^^^^^^^^^^^^^^
  File "/usr/lib/python3.12/ast.py", line 52, in parse
    return compile(source, filename, mode, flags,
           ^^^^^^^^^^^^^^^^^^^^^^^^^^^^^^^^^^^^^^
  File "<unknown>", line 4
    for i in range(num-1)
                         ^
SyntaxError: expected ':'
2025-07-17 23:34:10,831 cblogger [ERROR]: 		Error while extracting code complexity metrics: unterminated string literal (detected at line 1) (<unknown>, line 1)
Traceback (most recent call last):
  File "/root/trabalho_super/QuestionInsight/Etapa_1/codebench-mining-tool/util.py", line 551, in extract_complexity_metrics
    v = ComplexityVisitor.from_code(code)
        ^^^^^^^^^^^^^^^^^^^^^^^^^^^^^^^^^
  File "/root/trabalho_super/venv_jupyter/lib/python3.12/site-packages/radon/visitors.py", line 133, in from_code
    return cls.from_ast(code2ast(code), **kwargs)
                        ^^^^^^^^^^^^^^
  File "/root/trabalho_super/venv_jupyter/lib/python3.12/site-packages/radon/visitors.py", line 48, in code2ast
    return ast.parse(source)
           ^^^^^^^^^^^^^^^^^
  File "/usr/lib/python3.12/ast.py", line 52, in parse
    return compile(source, filename, mode, flags,
           ^^^^^^^^^^^^^^^^^^^^^^^^^^^^^^^^^^^^^^
  File "<unknown>", line 1
    print("700
          ^
SyntaxError: unterminated string literal (detected at line 1)
2025-07-17 23:34:10,832 cblogger [ERROR]: 		Error while extracting code size based metrics: SyntaxError at line: 1
Traceback (most recent call last):
  File "/root/trabalho_super/venv_jupyter/lib/python3.12/site-packages/radon/raw.py", line 210, in analyze
    tokens, parsed_lines = _get_all_tokens(line, lines)
                           ^^^^^^^^^^^^^^^^^^^^^^^^^^^^
  File "/root/trabalho_super/venv_jupyter/lib/python3.12/site-packages/radon/raw.py", line 117, in _get_all_tokens
    next_line = next(lines)
                ^^^^^^^^^^^
StopIteration

During handling of the above exception, another exception occurred:

Traceback (most recent call last):
  File "/root/trabalho_super/QuestionInsight/Etapa_1/codebench-mining-tool/util.py", line 560, in extract_size_metrics
    a = analyze(code)
        ^^^^^^^^^^^^^
  File "/root/trabalho_super/venv_jupyter/lib/python3.12/site-packages/radon/raw.py", line 212, in analyze
    raise SyntaxError('SyntaxError at line: {0}'.format(lineno))
SyntaxError: SyntaxError at line: 1
2025-07-17 23:34:10,832 cblogger [ERROR]: 		Error while extracting halsted code metrics: unterminated string literal (detected at line 1) (<unknown>, line 1)
Traceback (most recent call last):
  File "/root/trabalho_super/QuestionInsight/Etapa_1/codebench-mining-tool/util.py", line 569, in extract_halstead_metrics
    h = h_visit(code)
        ^^^^^^^^^^^^^
  File "/root/trabalho_super/venv_jupyter/lib/python3.12/site-packages/radon/metrics.py", line 29, in h_visit
    return h_visit_ast(ast.parse(code))
                       ^^^^^^^^^^^^^^^
  File "/usr/lib/python3.12/ast.py", line 52, in parse
    return compile(source, filename, mode, flags,
           ^^^^^^^^^^^^^^^^^^^^^^^^^^^^^^^^^^^^^^
  File "<unknown>", line 1
    print("700
          ^
SyntaxError: unterminated string literal (detected at line 1)
2025-07-17 23:34:11,798 cblogger [ERROR]: 		Error while extracting code complexity metrics: inconsistent use of tabs and spaces in indentation (<unknown>, line 10)
Traceback (most recent call last):
  File "/root/trabalho_super/QuestionInsight/Etapa_1/codebench-mining-tool/util.py", line 551, in extract_complexity_metrics
    v = ComplexityVisitor.from_code(code)
        ^^^^^^^^^^^^^^^^^^^^^^^^^^^^^^^^^
  File "/root/trabalho_super/venv_jupyter/lib/python3.12/site-packages/radon/visitors.py", line 133, in from_code
    return cls.from_ast(code2ast(code), **kwargs)
                        ^^^^^^^^^^^^^^
  File "/root/trabalho_super/venv_jupyter/lib/python3.12/site-packages/radon/visitors.py", line 48, in code2ast
    return ast.parse(source)
           ^^^^^^^^^^^^^^^^^
  File "/usr/lib/python3.12/ast.py", line 52, in parse
    return compile(source, filename, mode, flags,
           ^^^^^^^^^^^^^^^^^^^^^^^^^^^^^^^^^^^^^^
  File "<unknown>", line 10
    	y = (a*f - c*d)/k	
    ^
TabError: inconsistent use of tabs and spaces in indentation
2025-07-17 23:34:11,799 cblogger [ERROR]: 		Error while extracting halsted code metrics: inconsistent use of tabs and spaces in indentation (<unknown>, line 10)
Traceback (most recent call last):
  File "/root/trabalho_super/QuestionInsight/Etapa_1/codebench-mining-tool/util.py", line 569, in extract_halstead_metrics
    h = h_visit(code)
        ^^^^^^^^^^^^^
  File "/root/trabalho_super/venv_jupyter/lib/python3.12/site-packages/radon/metrics.py", line 29, in h_visit
    return h_visit_ast(ast.parse(code))
                       ^^^^^^^^^^^^^^^
  File "/usr/lib/python3.12/ast.py", line 52, in parse
    return compile(source, filename, mode, flags,
           ^^^^^^^^^^^^^^^^^^^^^^^^^^^^^^^^^^^^^^
  File "<unknown>", line 10
    	y = (a*f - c*d)/k	
    ^
TabError: inconsistent use of tabs and spaces in indentation
2025-07-17 23:34:11,837 cblogger [ERROR]: 		Error while extracting code complexity metrics: invalid syntax (<unknown>, line 2)
Traceback (most recent call last):
  File "/root/trabalho_super/QuestionInsight/Etapa_1/codebench-mining-tool/util.py", line 551, in extract_complexity_metrics
    v = ComplexityVisitor.from_code(code)
        ^^^^^^^^^^^^^^^^^^^^^^^^^^^^^^^^^
  File "/root/trabalho_super/venv_jupyter/lib/python3.12/site-packages/radon/visitors.py", line 133, in from_code
    return cls.from_ast(code2ast(code), **kwargs)
                        ^^^^^^^^^^^^^^
  File "/root/trabalho_super/venv_jupyter/lib/python3.12/site-packages/radon/visitors.py", line 48, in code2ast
    return ast.parse(source)
           ^^^^^^^^^^^^^^^^^
  File "/usr/lib/python3.12/ast.py", line 52, in parse
    return compile(source, filename, mode, flags,
           ^^^^^^^^^^^^^^^^^^^^^^^^^^^^^^^^^^^^^^
  File "<unknown>", line 2
    calculo = 
              ^
SyntaxError: invalid syntax
2025-07-17 23:34:11,838 cblogger [ERROR]: 		Error while extracting halsted code metrics: invalid syntax (<unknown>, line 2)
Traceback (most recent call last):
  File "/root/trabalho_super/QuestionInsight/Etapa_1/codebench-mining-tool/util.py", line 569, in extract_halstead_metrics
    h = h_visit(code)
        ^^^^^^^^^^^^^
  File "/root/trabalho_super/venv_jupyter/lib/python3.12/site-packages/radon/metrics.py", line 29, in h_visit
    return h_visit_ast(ast.parse(code))
                       ^^^^^^^^^^^^^^^
  File "/usr/lib/python3.12/ast.py", line 52, in parse
    return compile(source, filename, mode, flags,
           ^^^^^^^^^^^^^^^^^^^^^^^^^^^^^^^^^^^^^^
  File "<unknown>", line 2
    calculo = 
              ^
SyntaxError: invalid syntax
2025-07-17 23:34:11,843 cblogger [ERROR]: 		Error while extracting code complexity metrics: invalid syntax (<unknown>, line 2)
Traceback (most recent call last):
  File "/root/trabalho_super/QuestionInsight/Etapa_1/codebench-mining-tool/util.py", line 551, in extract_complexity_metrics
    v = ComplexityVisitor.from_code(code)
        ^^^^^^^^^^^^^^^^^^^^^^^^^^^^^^^^^
  File "/root/trabalho_super/venv_jupyter/lib/python3.12/site-packages/radon/visitors.py", line 133, in from_code
    return cls.from_ast(code2ast(code), **kwargs)
                        ^^^^^^^^^^^^^^
  File "/root/trabalho_super/venv_jupyter/lib/python3.12/site-packages/radon/visitors.py", line 48, in code2ast
    return ast.parse(source)
           ^^^^^^^^^^^^^^^^^
  File "/usr/lib/python3.12/ast.py", line 52, in parse
    return compile(source, filename, mode, flags,
           ^^^^^^^^^^^^^^^^^^^^^^^^^^^^^^^^^^^^^^
  File "<unknown>", line 2
    b=
      ^
SyntaxError: invalid syntax
2025-07-17 23:34:11,843 cblogger [ERROR]: 		Error while extracting halsted code metrics: invalid syntax (<unknown>, line 2)
Traceback (most recent call last):
  File "/root/trabalho_super/QuestionInsight/Etapa_1/codebench-mining-tool/util.py", line 569, in extract_halstead_metrics
    h = h_visit(code)
        ^^^^^^^^^^^^^
  File "/root/trabalho_super/venv_jupyter/lib/python3.12/site-packages/radon/metrics.py", line 29, in h_visit
    return h_visit_ast(ast.parse(code))
                       ^^^^^^^^^^^^^^^
  File "/usr/lib/python3.12/ast.py", line 52, in parse
    return compile(source, filename, mode, flags,
           ^^^^^^^^^^^^^^^^^^^^^^^^^^^^^^^^^^^^^^
  File "<unknown>", line 2
    b=
      ^
SyntaxError: invalid syntax
2025-07-17 23:34:12,332 cblogger [ERROR]: 		Error while extracting code complexity metrics: invalid syntax (<unknown>, line 4)
Traceback (most recent call last):
  File "/root/trabalho_super/QuestionInsight/Etapa_1/codebench-mining-tool/util.py", line 551, in extract_complexity_metrics
    v = ComplexityVisitor.from_code(code)
        ^^^^^^^^^^^^^^^^^^^^^^^^^^^^^^^^^
  File "/root/trabalho_super/venv_jupyter/lib/python3.12/site-packages/radon/visitors.py", line 133, in from_code
    return cls.from_ast(code2ast(code), **kwargs)
                        ^^^^^^^^^^^^^^
  File "/root/trabalho_super/venv_jupyter/lib/python3.12/site-packages/radon/visitors.py", line 48, in code2ast
    return ast.parse(source)
           ^^^^^^^^^^^^^^^^^
  File "/usr/lib/python3.12/ast.py", line 52, in parse
    return compile(source, filename, mode, flags,
           ^^^^^^^^^^^^^^^^^^^^^^^^^^^^^^^^^^^^^^
  File "<unknown>", line 4
    from math import
                    ^
SyntaxError: invalid syntax
2025-07-17 23:34:12,333 cblogger [ERROR]: 		Error while extracting halsted code metrics: invalid syntax (<unknown>, line 4)
Traceback (most recent call last):
  File "/root/trabalho_super/QuestionInsight/Etapa_1/codebench-mining-tool/util.py", line 569, in extract_halstead_metrics
    h = h_visit(code)
        ^^^^^^^^^^^^^
  File "/root/trabalho_super/venv_jupyter/lib/python3.12/site-packages/radon/metrics.py", line 29, in h_visit
    return h_visit_ast(ast.parse(code))
                       ^^^^^^^^^^^^^^^
  File "/usr/lib/python3.12/ast.py", line 52, in parse
    return compile(source, filename, mode, flags,
           ^^^^^^^^^^^^^^^^^^^^^^^^^^^^^^^^^^^^^^
  File "<unknown>", line 4
    from math import
                    ^
SyntaxError: invalid syntax
2025-07-17 23:34:12,357 cblogger [ERROR]: 		Error while extracting code complexity metrics: invalid syntax (<unknown>, line 1)
Traceback (most recent call last):
  File "/root/trabalho_super/QuestionInsight/Etapa_1/codebench-mining-tool/util.py", line 551, in extract_complexity_metrics
    v = ComplexityVisitor.from_code(code)
        ^^^^^^^^^^^^^^^^^^^^^^^^^^^^^^^^^
  File "/root/trabalho_super/venv_jupyter/lib/python3.12/site-packages/radon/visitors.py", line 133, in from_code
    return cls.from_ast(code2ast(code), **kwargs)
                        ^^^^^^^^^^^^^^
  File "/root/trabalho_super/venv_jupyter/lib/python3.12/site-packages/radon/visitors.py", line 48, in code2ast
    return ast.parse(source)
           ^^^^^^^^^^^^^^^^^
  File "/usr/lib/python3.12/ast.py", line 52, in parse
    return compile(source, filename, mode, flags,
           ^^^^^^^^^^^^^^^^^^^^^^^^^^^^^^^^^^^^^^
  File "<unknown>", line 1
    var = # Este código é apenas um ESBOÇO da solução.
          ^^^^^^^^^^^^^^^^^^^^^^^^^^^^^^^^^^^^^^^^^^^^^
SyntaxError: invalid syntax
2025-07-17 23:34:12,358 cblogger [ERROR]: 		Error while extracting halsted code metrics: invalid syntax (<unknown>, line 1)
Traceback (most recent call last):
  File "/root/trabalho_super/QuestionInsight/Etapa_1/codebench-mining-tool/util.py", line 569, in extract_halstead_metrics
    h = h_visit(code)
        ^^^^^^^^^^^^^
  File "/root/trabalho_super/venv_jupyter/lib/python3.12/site-packages/radon/metrics.py", line 29, in h_visit
    return h_visit_ast(ast.parse(code))
                       ^^^^^^^^^^^^^^^
  File "/usr/lib/python3.12/ast.py", line 52, in parse
    return compile(source, filename, mode, flags,
           ^^^^^^^^^^^^^^^^^^^^^^^^^^^^^^^^^^^^^^
  File "<unknown>", line 1
    var = # Este código é apenas um ESBOÇO da solução.
          ^^^^^^^^^^^^^^^^^^^^^^^^^^^^^^^^^^^^^^^^^^^^^
SyntaxError: invalid syntax
2025-07-17 23:34:12,358 cblogger [ERROR]: 		Error while extracting code token based metrics: 55
Traceback (most recent call last):
  File "/root/trabalho_super/QuestionInsight/Etapa_1/codebench-mining-tool/util.py", line 633, in extract_token_metrics
    setattr(obj, TOKEN_NAMES[k], v)
                 ~~~~~~~~~~~^^^
KeyError: 55
2025-07-17 23:34:12,379 cblogger [ERROR]: 		Error while extracting code complexity metrics: expected ':' (<unknown>, line 7)
Traceback (most recent call last):
  File "/root/trabalho_super/QuestionInsight/Etapa_1/codebench-mining-tool/util.py", line 551, in extract_complexity_metrics
    v = ComplexityVisitor.from_code(code)
        ^^^^^^^^^^^^^^^^^^^^^^^^^^^^^^^^^
  File "/root/trabalho_super/venv_jupyter/lib/python3.12/site-packages/radon/visitors.py", line 133, in from_code
    return cls.from_ast(code2ast(code), **kwargs)
                        ^^^^^^^^^^^^^^
  File "/root/trabalho_super/venv_jupyter/lib/python3.12/site-packages/radon/visitors.py", line 48, in code2ast
    return ast.parse(source)
           ^^^^^^^^^^^^^^^^^
  File "/usr/lib/python3.12/ast.py", line 52, in parse
    return compile(source, filename, mode, flags,
           ^^^^^^^^^^^^^^^^^^^^^^^^^^^^^^^^^^^^^^
  File "<unknown>", line 7
    if (num % 2 == 0)
                     ^
SyntaxError: expected ':'
2025-07-17 23:34:12,379 cblogger [ERROR]: 		Error while extracting halsted code metrics: expected ':' (<unknown>, line 7)
Traceback (most recent call last):
  File "/root/trabalho_super/QuestionInsight/Etapa_1/codebench-mining-tool/util.py", line 569, in extract_halstead_metrics
    h = h_visit(code)
        ^^^^^^^^^^^^^
  File "/root/trabalho_super/venv_jupyter/lib/python3.12/site-packages/radon/metrics.py", line 29, in h_visit
    return h_visit_ast(ast.parse(code))
                       ^^^^^^^^^^^^^^^
  File "/usr/lib/python3.12/ast.py", line 52, in parse
    return compile(source, filename, mode, flags,
           ^^^^^^^^^^^^^^^^^^^^^^^^^^^^^^^^^^^^^^
  File "<unknown>", line 7
    if (num % 2 == 0)
                     ^
SyntaxError: expected ':'
2025-07-17 23:34:13,117 cblogger [ERROR]: 		Error while extracting code complexity metrics: cannot assign to function call (<unknown>, line 1)
Traceback (most recent call last):
  File "/root/trabalho_super/QuestionInsight/Etapa_1/codebench-mining-tool/util.py", line 551, in extract_complexity_metrics
    v = ComplexityVisitor.from_code(code)
        ^^^^^^^^^^^^^^^^^^^^^^^^^^^^^^^^^
  File "/root/trabalho_super/venv_jupyter/lib/python3.12/site-packages/radon/visitors.py", line 133, in from_code
    return cls.from_ast(code2ast(code), **kwargs)
                        ^^^^^^^^^^^^^^
  File "/root/trabalho_super/venv_jupyter/lib/python3.12/site-packages/radon/visitors.py", line 48, in code2ast
    return ast.parse(source)
           ^^^^^^^^^^^^^^^^^
  File "/usr/lib/python3.12/ast.py", line 52, in parse
    return compile(source, filename, mode, flags,
           ^^^^^^^^^^^^^^^^^^^^^^^^^^^^^^^^^^^^^^
  File "<unknown>", line 1
    quantia (250.6)=
    ^^^^^^^^^^^^^^^
SyntaxError: cannot assign to function call
2025-07-17 23:34:13,117 cblogger [ERROR]: 		Error while extracting halsted code metrics: cannot assign to function call (<unknown>, line 1)
Traceback (most recent call last):
  File "/root/trabalho_super/QuestionInsight/Etapa_1/codebench-mining-tool/util.py", line 569, in extract_halstead_metrics
    h = h_visit(code)
        ^^^^^^^^^^^^^
  File "/root/trabalho_super/venv_jupyter/lib/python3.12/site-packages/radon/metrics.py", line 29, in h_visit
    return h_visit_ast(ast.parse(code))
                       ^^^^^^^^^^^^^^^
  File "/usr/lib/python3.12/ast.py", line 52, in parse
    return compile(source, filename, mode, flags,
           ^^^^^^^^^^^^^^^^^^^^^^^^^^^^^^^^^^^^^^
  File "<unknown>", line 1
    quantia (250.6)=
    ^^^^^^^^^^^^^^^
SyntaxError: cannot assign to function call
2025-07-17 23:34:13,702 cblogger [ERROR]: 		Error while extracting code complexity metrics: invalid decimal literal (<unknown>, line 8)
Traceback (most recent call last):
  File "/root/trabalho_super/QuestionInsight/Etapa_1/codebench-mining-tool/util.py", line 551, in extract_complexity_metrics
    v = ComplexityVisitor.from_code(code)
        ^^^^^^^^^^^^^^^^^^^^^^^^^^^^^^^^^
  File "/root/trabalho_super/venv_jupyter/lib/python3.12/site-packages/radon/visitors.py", line 133, in from_code
    return cls.from_ast(code2ast(code), **kwargs)
                        ^^^^^^^^^^^^^^
  File "/root/trabalho_super/venv_jupyter/lib/python3.12/site-packages/radon/visitors.py", line 48, in code2ast
    return ast.parse(source)
           ^^^^^^^^^^^^^^^^^
  File "/usr/lib/python3.12/ast.py", line 52, in parse
    return compile(source, filename, mode, flags,
           ^^^^^^^^^^^^^^^^^^^^^^^^^^^^^^^^^^^^^^
  File "<unknown>", line 8
    http://codebench.icomp.ufam.edu.br/index.php?r=trabalho%2Fview&id=1903#
                                                            ^
SyntaxError: invalid decimal literal
2025-07-17 23:34:13,703 cblogger [ERROR]: 		Error while extracting halsted code metrics: invalid decimal literal (<unknown>, line 8)
Traceback (most recent call last):
  File "/root/trabalho_super/QuestionInsight/Etapa_1/codebench-mining-tool/util.py", line 569, in extract_halstead_metrics
    h = h_visit(code)
        ^^^^^^^^^^^^^
  File "/root/trabalho_super/venv_jupyter/lib/python3.12/site-packages/radon/metrics.py", line 29, in h_visit
    return h_visit_ast(ast.parse(code))
                       ^^^^^^^^^^^^^^^
  File "/usr/lib/python3.12/ast.py", line 52, in parse
    return compile(source, filename, mode, flags,
           ^^^^^^^^^^^^^^^^^^^^^^^^^^^^^^^^^^^^^^
  File "<unknown>", line 8
    http://codebench.icomp.ufam.edu.br/index.php?r=trabalho%2Fview&id=1903#
                                                            ^
SyntaxError: invalid decimal literal
2025-07-17 23:34:13,704 cblogger [ERROR]: 		Error while extracting code token based metrics: 55
Traceback (most recent call last):
  File "/root/trabalho_super/QuestionInsight/Etapa_1/codebench-mining-tool/util.py", line 633, in extract_token_metrics
    setattr(obj, TOKEN_NAMES[k], v)
                 ~~~~~~~~~~~^^^
KeyError: 55
2025-07-17 23:34:13,879 cblogger [ERROR]: 		Error while extracting code complexity metrics: unexpected indent (<unknown>, line 9)
Traceback (most recent call last):
  File "/root/trabalho_super/QuestionInsight/Etapa_1/codebench-mining-tool/util.py", line 551, in extract_complexity_metrics
    v = ComplexityVisitor.from_code(code)
        ^^^^^^^^^^^^^^^^^^^^^^^^^^^^^^^^^
  File "/root/trabalho_super/venv_jupyter/lib/python3.12/site-packages/radon/visitors.py", line 133, in from_code
    return cls.from_ast(code2ast(code), **kwargs)
                        ^^^^^^^^^^^^^^
  File "/root/trabalho_super/venv_jupyter/lib/python3.12/site-packages/radon/visitors.py", line 48, in code2ast
    return ast.parse(source)
           ^^^^^^^^^^^^^^^^^
  File "/usr/lib/python3.12/ast.py", line 52, in parse
    return compile(source, filename, mode, flags,
           ^^^^^^^^^^^^^^^^^^^^^^^^^^^^^^^^^^^^^^
  File "<unknown>", line 9
    	x = (c*e - b*f) / (a*e - b*d)
    ^
IndentationError: unexpected indent
2025-07-17 23:34:13,883 cblogger [ERROR]: 		Error while extracting halsted code metrics: unexpected indent (<unknown>, line 9)
Traceback (most recent call last):
  File "/root/trabalho_super/QuestionInsight/Etapa_1/codebench-mining-tool/util.py", line 569, in extract_halstead_metrics
    h = h_visit(code)
        ^^^^^^^^^^^^^
  File "/root/trabalho_super/venv_jupyter/lib/python3.12/site-packages/radon/metrics.py", line 29, in h_visit
    return h_visit_ast(ast.parse(code))
                       ^^^^^^^^^^^^^^^
  File "/usr/lib/python3.12/ast.py", line 52, in parse
    return compile(source, filename, mode, flags,
           ^^^^^^^^^^^^^^^^^^^^^^^^^^^^^^^^^^^^^^
  File "<unknown>", line 9
    	x = (c*e - b*f) / (a*e - b*d)
    ^
IndentationError: unexpected indent
2025-07-17 23:34:14,151 cblogger [ERROR]: 		Error while extracting code complexity metrics: expected an indented block after 'else' statement on line 7 (<unknown>, line 8)
Traceback (most recent call last):
  File "/root/trabalho_super/QuestionInsight/Etapa_1/codebench-mining-tool/util.py", line 551, in extract_complexity_metrics
    v = ComplexityVisitor.from_code(code)
        ^^^^^^^^^^^^^^^^^^^^^^^^^^^^^^^^^
  File "/root/trabalho_super/venv_jupyter/lib/python3.12/site-packages/radon/visitors.py", line 133, in from_code
    return cls.from_ast(code2ast(code), **kwargs)
                        ^^^^^^^^^^^^^^
  File "/root/trabalho_super/venv_jupyter/lib/python3.12/site-packages/radon/visitors.py", line 48, in code2ast
    return ast.parse(source)
           ^^^^^^^^^^^^^^^^^
  File "/usr/lib/python3.12/ast.py", line 52, in parse
    return compile(source, filename, mode, flags,
           ^^^^^^^^^^^^^^^^^^^^^^^^^^^^^^^^^^^^^^
  File "<unknown>", line 8
    print(x, "nao eh patrono do Harry Potter")	
    ^^^^^
IndentationError: expected an indented block after 'else' statement on line 7
2025-07-17 23:34:14,152 cblogger [ERROR]: 		Error while extracting halsted code metrics: expected an indented block after 'else' statement on line 7 (<unknown>, line 8)
Traceback (most recent call last):
  File "/root/trabalho_super/QuestionInsight/Etapa_1/codebench-mining-tool/util.py", line 569, in extract_halstead_metrics
    h = h_visit(code)
        ^^^^^^^^^^^^^
  File "/root/trabalho_super/venv_jupyter/lib/python3.12/site-packages/radon/metrics.py", line 29, in h_visit
    return h_visit_ast(ast.parse(code))
                       ^^^^^^^^^^^^^^^
  File "/usr/lib/python3.12/ast.py", line 52, in parse
    return compile(source, filename, mode, flags,
           ^^^^^^^^^^^^^^^^^^^^^^^^^^^^^^^^^^^^^^
  File "<unknown>", line 8
    print(x, "nao eh patrono do Harry Potter")	
    ^^^^^
IndentationError: expected an indented block after 'else' statement on line 7
2025-07-17 23:34:14,207 cblogger [ERROR]: 		Error while extracting code complexity metrics: invalid syntax (<unknown>, line 1)
Traceback (most recent call last):
  File "/root/trabalho_super/QuestionInsight/Etapa_1/codebench-mining-tool/util.py", line 551, in extract_complexity_metrics
    v = ComplexityVisitor.from_code(code)
        ^^^^^^^^^^^^^^^^^^^^^^^^^^^^^^^^^
  File "/root/trabalho_super/venv_jupyter/lib/python3.12/site-packages/radon/visitors.py", line 133, in from_code
    return cls.from_ast(code2ast(code), **kwargs)
                        ^^^^^^^^^^^^^^
  File "/root/trabalho_super/venv_jupyter/lib/python3.12/site-packages/radon/visitors.py", line 48, in code2ast
    return ast.parse(source)
           ^^^^^^^^^^^^^^^^^
  File "/usr/lib/python3.12/ast.py", line 52, in parse
    return compile(source, filename, mode, flags,
           ^^^^^^^^^^^^^^^^^^^^^^^^^^^^^^^^^^^^^^
  File "<unknown>", line 1
    from math import#
                    ^^
SyntaxError: invalid syntax
2025-07-17 23:34:14,210 cblogger [ERROR]: 		Error while extracting halsted code metrics: invalid syntax (<unknown>, line 1)
Traceback (most recent call last):
  File "/root/trabalho_super/QuestionInsight/Etapa_1/codebench-mining-tool/util.py", line 569, in extract_halstead_metrics
    h = h_visit(code)
        ^^^^^^^^^^^^^
  File "/root/trabalho_super/venv_jupyter/lib/python3.12/site-packages/radon/metrics.py", line 29, in h_visit
    return h_visit_ast(ast.parse(code))
                       ^^^^^^^^^^^^^^^
  File "/usr/lib/python3.12/ast.py", line 52, in parse
    return compile(source, filename, mode, flags,
           ^^^^^^^^^^^^^^^^^^^^^^^^^^^^^^^^^^^^^^
  File "<unknown>", line 1
    from math import#
                    ^^
SyntaxError: invalid syntax
2025-07-17 23:34:14,250 cblogger [ERROR]: 		Error while extracting code complexity metrics: invalid syntax (<unknown>, line 5)
Traceback (most recent call last):
  File "/root/trabalho_super/QuestionInsight/Etapa_1/codebench-mining-tool/util.py", line 551, in extract_complexity_metrics
    v = ComplexityVisitor.from_code(code)
        ^^^^^^^^^^^^^^^^^^^^^^^^^^^^^^^^^
  File "/root/trabalho_super/venv_jupyter/lib/python3.12/site-packages/radon/visitors.py", line 133, in from_code
    return cls.from_ast(code2ast(code), **kwargs)
                        ^^^^^^^^^^^^^^
  File "/root/trabalho_super/venv_jupyter/lib/python3.12/site-packages/radon/visitors.py", line 48, in code2ast
    return ast.parse(source)
           ^^^^^^^^^^^^^^^^^
  File "/usr/lib/python3.12/ast.py", line 52, in parse
    return compile(source, filename, mode, flags,
           ^^^^^^^^^^^^^^^^^^^^^^^^^^^^^^^^^^^^^^
  File "<unknown>", line 5
    if val_ap <= 
                 ^
SyntaxError: invalid syntax
2025-07-17 23:34:14,251 cblogger [ERROR]: 		Error while extracting halsted code metrics: invalid syntax (<unknown>, line 5)
Traceback (most recent call last):
  File "/root/trabalho_super/QuestionInsight/Etapa_1/codebench-mining-tool/util.py", line 569, in extract_halstead_metrics
    h = h_visit(code)
        ^^^^^^^^^^^^^
  File "/root/trabalho_super/venv_jupyter/lib/python3.12/site-packages/radon/metrics.py", line 29, in h_visit
    return h_visit_ast(ast.parse(code))
                       ^^^^^^^^^^^^^^^
  File "/usr/lib/python3.12/ast.py", line 52, in parse
    return compile(source, filename, mode, flags,
           ^^^^^^^^^^^^^^^^^^^^^^^^^^^^^^^^^^^^^^
  File "<unknown>", line 5
    if val_ap <= 
                 ^
SyntaxError: invalid syntax
2025-07-17 23:34:14,604 cblogger [ERROR]: 		Error while extracting code complexity metrics: invalid syntax (<unknown>, line 1)
Traceback (most recent call last):
  File "/root/trabalho_super/QuestionInsight/Etapa_1/codebench-mining-tool/util.py", line 551, in extract_complexity_metrics
    v = ComplexityVisitor.from_code(code)
        ^^^^^^^^^^^^^^^^^^^^^^^^^^^^^^^^^
  File "/root/trabalho_super/venv_jupyter/lib/python3.12/site-packages/radon/visitors.py", line 133, in from_code
    return cls.from_ast(code2ast(code), **kwargs)
                        ^^^^^^^^^^^^^^
  File "/root/trabalho_super/venv_jupyter/lib/python3.12/site-packages/radon/visitors.py", line 48, in code2ast
    return ast.parse(source)
           ^^^^^^^^^^^^^^^^^
  File "/usr/lib/python3.12/ast.py", line 52, in parse
    return compile(source, filename, mode, flags,
           ^^^^^^^^^^^^^^^^^^^^^^^^^^^^^^^^^^^^^^
  File "<unknown>", line 1
    x = 
        ^
SyntaxError: invalid syntax
2025-07-17 23:34:14,604 cblogger [ERROR]: 		Error while extracting halsted code metrics: invalid syntax (<unknown>, line 1)
Traceback (most recent call last):
  File "/root/trabalho_super/QuestionInsight/Etapa_1/codebench-mining-tool/util.py", line 569, in extract_halstead_metrics
    h = h_visit(code)
        ^^^^^^^^^^^^^
  File "/root/trabalho_super/venv_jupyter/lib/python3.12/site-packages/radon/metrics.py", line 29, in h_visit
    return h_visit_ast(ast.parse(code))
                       ^^^^^^^^^^^^^^^
  File "/usr/lib/python3.12/ast.py", line 52, in parse
    return compile(source, filename, mode, flags,
           ^^^^^^^^^^^^^^^^^^^^^^^^^^^^^^^^^^^^^^
  File "<unknown>", line 1
    x = 
        ^
SyntaxError: invalid syntax
2025-07-17 23:34:15,289 cblogger [ERROR]: 		Error while extracting code complexity metrics: invalid syntax (<unknown>, line 6)
Traceback (most recent call last):
  File "/root/trabalho_super/QuestionInsight/Etapa_1/codebench-mining-tool/util.py", line 551, in extract_complexity_metrics
    v = ComplexityVisitor.from_code(code)
        ^^^^^^^^^^^^^^^^^^^^^^^^^^^^^^^^^
  File "/root/trabalho_super/venv_jupyter/lib/python3.12/site-packages/radon/visitors.py", line 133, in from_code
    return cls.from_ast(code2ast(code), **kwargs)
                        ^^^^^^^^^^^^^^
  File "/root/trabalho_super/venv_jupyter/lib/python3.12/site-packages/radon/visitors.py", line 48, in code2ast
    return ast.parse(source)
           ^^^^^^^^^^^^^^^^^
  File "/usr/lib/python3.12/ast.py", line 52, in parse
    return compile(source, filename, mode, flags,
           ^^^^^^^^^^^^^^^^^^^^^^^^^^^^^^^^^^^^^^
  File "<unknown>", line 6
    print(round(Xm,1))print(round(Xm,1))
                      ^^^^^
SyntaxError: invalid syntax
2025-07-17 23:34:15,289 cblogger [ERROR]: 		Error while extracting halsted code metrics: invalid syntax (<unknown>, line 6)
Traceback (most recent call last):
  File "/root/trabalho_super/QuestionInsight/Etapa_1/codebench-mining-tool/util.py", line 569, in extract_halstead_metrics
    h = h_visit(code)
        ^^^^^^^^^^^^^
  File "/root/trabalho_super/venv_jupyter/lib/python3.12/site-packages/radon/metrics.py", line 29, in h_visit
    return h_visit_ast(ast.parse(code))
                       ^^^^^^^^^^^^^^^
  File "/usr/lib/python3.12/ast.py", line 52, in parse
    return compile(source, filename, mode, flags,
           ^^^^^^^^^^^^^^^^^^^^^^^^^^^^^^^^^^^^^^
  File "<unknown>", line 6
    print(round(Xm,1))print(round(Xm,1))
                      ^^^^^
SyntaxError: invalid syntax
2025-07-17 23:34:15,307 cblogger [ERROR]: 		Error while extracting code complexity metrics: unexpected indent (<unknown>, line 2)
Traceback (most recent call last):
  File "/root/trabalho_super/QuestionInsight/Etapa_1/codebench-mining-tool/util.py", line 551, in extract_complexity_metrics
    v = ComplexityVisitor.from_code(code)
        ^^^^^^^^^^^^^^^^^^^^^^^^^^^^^^^^^
  File "/root/trabalho_super/venv_jupyter/lib/python3.12/site-packages/radon/visitors.py", line 133, in from_code
    return cls.from_ast(code2ast(code), **kwargs)
                        ^^^^^^^^^^^^^^
  File "/root/trabalho_super/venv_jupyter/lib/python3.12/site-packages/radon/visitors.py", line 48, in code2ast
    return ast.parse(source)
           ^^^^^^^^^^^^^^^^^
  File "/usr/lib/python3.12/ast.py", line 52, in parse
    return compile(source, filename, mode, flags,
           ^^^^^^^^^^^^^^^^^^^^^^^^^^^^^^^^^^^^^^
  File "<unknown>", line 2
    = vendas * 0.3  
IndentationError: unexpected indent
2025-07-17 23:34:15,308 cblogger [ERROR]: 		Error while extracting halsted code metrics: unexpected indent (<unknown>, line 2)
Traceback (most recent call last):
  File "/root/trabalho_super/QuestionInsight/Etapa_1/codebench-mining-tool/util.py", line 569, in extract_halstead_metrics
    h = h_visit(code)
        ^^^^^^^^^^^^^
  File "/root/trabalho_super/venv_jupyter/lib/python3.12/site-packages/radon/metrics.py", line 29, in h_visit
    return h_visit_ast(ast.parse(code))
                       ^^^^^^^^^^^^^^^
  File "/usr/lib/python3.12/ast.py", line 52, in parse
    return compile(source, filename, mode, flags,
           ^^^^^^^^^^^^^^^^^^^^^^^^^^^^^^^^^^^^^^
  File "<unknown>", line 2
    = vendas * 0.3  
IndentationError: unexpected indent
2025-07-17 23:34:15,332 cblogger [ERROR]: 		Error while extracting code complexity metrics: invalid syntax (<unknown>, line 1)
Traceback (most recent call last):
  File "/root/trabalho_super/QuestionInsight/Etapa_1/codebench-mining-tool/util.py", line 551, in extract_complexity_metrics
    v = ComplexityVisitor.from_code(code)
        ^^^^^^^^^^^^^^^^^^^^^^^^^^^^^^^^^
  File "/root/trabalho_super/venv_jupyter/lib/python3.12/site-packages/radon/visitors.py", line 133, in from_code
    return cls.from_ast(code2ast(code), **kwargs)
                        ^^^^^^^^^^^^^^
  File "/root/trabalho_super/venv_jupyter/lib/python3.12/site-packages/radon/visitors.py", line 48, in code2ast
    return ast.parse(source)
           ^^^^^^^^^^^^^^^^^
  File "/usr/lib/python3.12/ast.py", line 52, in parse
    return compile(source, filename, mode, flags,
           ^^^^^^^^^^^^^^^^^^^^^^^^^^^^^^^^^^^^^^
  File "<unknown>", line 1
    print(x "nao eh patrono do Harry Potter")
            ^^^^^^^^^^^^^^^^^^^^^^^^^^^^^^^^
SyntaxError: invalid syntax
2025-07-17 23:34:15,333 cblogger [ERROR]: 		Error while extracting halsted code metrics: invalid syntax (<unknown>, line 1)
Traceback (most recent call last):
  File "/root/trabalho_super/QuestionInsight/Etapa_1/codebench-mining-tool/util.py", line 569, in extract_halstead_metrics
    h = h_visit(code)
        ^^^^^^^^^^^^^
  File "/root/trabalho_super/venv_jupyter/lib/python3.12/site-packages/radon/metrics.py", line 29, in h_visit
    return h_visit_ast(ast.parse(code))
                       ^^^^^^^^^^^^^^^
  File "/usr/lib/python3.12/ast.py", line 52, in parse
    return compile(source, filename, mode, flags,
           ^^^^^^^^^^^^^^^^^^^^^^^^^^^^^^^^^^^^^^
  File "<unknown>", line 1
    print(x "nao eh patrono do Harry Potter")
            ^^^^^^^^^^^^^^^^^^^^^^^^^^^^^^^^
SyntaxError: invalid syntax
2025-07-17 23:34:15,539 cblogger [ERROR]: 		Error while extracting code complexity metrics: unexpected indent (<unknown>, line 5)
Traceback (most recent call last):
  File "/root/trabalho_super/QuestionInsight/Etapa_1/codebench-mining-tool/util.py", line 551, in extract_complexity_metrics
    v = ComplexityVisitor.from_code(code)
        ^^^^^^^^^^^^^^^^^^^^^^^^^^^^^^^^^
  File "/root/trabalho_super/venv_jupyter/lib/python3.12/site-packages/radon/visitors.py", line 133, in from_code
    return cls.from_ast(code2ast(code), **kwargs)
                        ^^^^^^^^^^^^^^
  File "/root/trabalho_super/venv_jupyter/lib/python3.12/site-packages/radon/visitors.py", line 48, in code2ast
    return ast.parse(source)
           ^^^^^^^^^^^^^^^^^
  File "/usr/lib/python3.12/ast.py", line 52, in parse
    return compile(source, filename, mode, flags,
           ^^^^^^^^^^^^^^^^^^^^^^^^^^^^^^^^^^^^^^
  File "<unknown>", line 5
    	D= (b**2)- 4*a*c
    ^
IndentationError: unexpected indent
2025-07-17 23:34:15,539 cblogger [ERROR]: 		Error while extracting halsted code metrics: unexpected indent (<unknown>, line 5)
Traceback (most recent call last):
  File "/root/trabalho_super/QuestionInsight/Etapa_1/codebench-mining-tool/util.py", line 569, in extract_halstead_metrics
    h = h_visit(code)
        ^^^^^^^^^^^^^
  File "/root/trabalho_super/venv_jupyter/lib/python3.12/site-packages/radon/metrics.py", line 29, in h_visit
    return h_visit_ast(ast.parse(code))
                       ^^^^^^^^^^^^^^^
  File "/usr/lib/python3.12/ast.py", line 52, in parse
    return compile(source, filename, mode, flags,
           ^^^^^^^^^^^^^^^^^^^^^^^^^^^^^^^^^^^^^^
  File "<unknown>", line 5
    	D= (b**2)- 4*a*c
    ^
IndentationError: unexpected indent
2025-07-17 23:34:15,642 cblogger [ERROR]: 		Error while extracting code complexity metrics: invalid syntax. Perhaps you forgot a comma? (<unknown>, line 6)
Traceback (most recent call last):
  File "/root/trabalho_super/QuestionInsight/Etapa_1/codebench-mining-tool/util.py", line 551, in extract_complexity_metrics
    v = ComplexityVisitor.from_code(code)
        ^^^^^^^^^^^^^^^^^^^^^^^^^^^^^^^^^
  File "/root/trabalho_super/venv_jupyter/lib/python3.12/site-packages/radon/visitors.py", line 133, in from_code
    return cls.from_ast(code2ast(code), **kwargs)
                        ^^^^^^^^^^^^^^
  File "/root/trabalho_super/venv_jupyter/lib/python3.12/site-packages/radon/visitors.py", line 48, in code2ast
    return ast.parse(source)
           ^^^^^^^^^^^^^^^^^
  File "/usr/lib/python3.12/ast.py", line 52, in parse
    return compile(source, filename, mode, flags,
           ^^^^^^^^^^^^^^^^^^^^^^^^^^^^^^^^^^^^^^
  File "<unknown>", line 6
    a= radians(input(float(""))
               
SyntaxError: invalid syntax. Perhaps you forgot a comma?
2025-07-17 23:34:15,646 cblogger [ERROR]: 		Error while extracting code size based metrics: SyntaxError at line: 6
Traceback (most recent call last):
  File "/root/trabalho_super/venv_jupyter/lib/python3.12/site-packages/radon/raw.py", line 210, in analyze
    tokens, parsed_lines = _get_all_tokens(line, lines)
                           ^^^^^^^^^^^^^^^^^^^^^^^^^^^^
  File "/root/trabalho_super/venv_jupyter/lib/python3.12/site-packages/radon/raw.py", line 117, in _get_all_tokens
    next_line = next(lines)
                ^^^^^^^^^^^
StopIteration

During handling of the above exception, another exception occurred:

Traceback (most recent call last):
  File "/root/trabalho_super/QuestionInsight/Etapa_1/codebench-mining-tool/util.py", line 560, in extract_size_metrics
    a = analyze(code)
        ^^^^^^^^^^^^^
  File "/root/trabalho_super/venv_jupyter/lib/python3.12/site-packages/radon/raw.py", line 212, in analyze
    raise SyntaxError('SyntaxError at line: {0}'.format(lineno))
SyntaxError: SyntaxError at line: 6
2025-07-17 23:34:15,647 cblogger [ERROR]: 		Error while extracting halsted code metrics: invalid syntax. Perhaps you forgot a comma? (<unknown>, line 6)
Traceback (most recent call last):
  File "/root/trabalho_super/QuestionInsight/Etapa_1/codebench-mining-tool/util.py", line 569, in extract_halstead_metrics
    h = h_visit(code)
        ^^^^^^^^^^^^^
  File "/root/trabalho_super/venv_jupyter/lib/python3.12/site-packages/radon/metrics.py", line 29, in h_visit
    return h_visit_ast(ast.parse(code))
                       ^^^^^^^^^^^^^^^
  File "/usr/lib/python3.12/ast.py", line 52, in parse
    return compile(source, filename, mode, flags,
           ^^^^^^^^^^^^^^^^^^^^^^^^^^^^^^^^^^^^^^
  File "<unknown>", line 6
    a= radians(input(float(""))
               
SyntaxError: invalid syntax. Perhaps you forgot a comma?
2025-07-17 23:34:15,667 cblogger [ERROR]: 		Error while extracting code complexity metrics: unexpected indent (<unknown>, line 5)
Traceback (most recent call last):
  File "/root/trabalho_super/QuestionInsight/Etapa_1/codebench-mining-tool/util.py", line 551, in extract_complexity_metrics
    v = ComplexityVisitor.from_code(code)
        ^^^^^^^^^^^^^^^^^^^^^^^^^^^^^^^^^
  File "/root/trabalho_super/venv_jupyter/lib/python3.12/site-packages/radon/visitors.py", line 133, in from_code
    return cls.from_ast(code2ast(code), **kwargs)
                        ^^^^^^^^^^^^^^
  File "/root/trabalho_super/venv_jupyter/lib/python3.12/site-packages/radon/visitors.py", line 48, in code2ast
    return ast.parse(source)
           ^^^^^^^^^^^^^^^^^
  File "/usr/lib/python3.12/ast.py", line 52, in parse
    return compile(source, filename, mode, flags,
           ^^^^^^^^^^^^^^^^^^^^^^^^^^^^^^^^^^^^^^
  File "<unknown>", line 5
    var=input(input("37"))
IndentationError: unexpected indent
2025-07-17 23:34:15,667 cblogger [ERROR]: 		Error while extracting halsted code metrics: unexpected indent (<unknown>, line 5)
Traceback (most recent call last):
  File "/root/trabalho_super/QuestionInsight/Etapa_1/codebench-mining-tool/util.py", line 569, in extract_halstead_metrics
    h = h_visit(code)
        ^^^^^^^^^^^^^
  File "/root/trabalho_super/venv_jupyter/lib/python3.12/site-packages/radon/metrics.py", line 29, in h_visit
    return h_visit_ast(ast.parse(code))
                       ^^^^^^^^^^^^^^^
  File "/usr/lib/python3.12/ast.py", line 52, in parse
    return compile(source, filename, mode, flags,
           ^^^^^^^^^^^^^^^^^^^^^^^^^^^^^^^^^^^^^^
  File "<unknown>", line 5
    var=input(input("37"))
IndentationError: unexpected indent
2025-07-17 23:34:15,755 cblogger [ERROR]: 		Error while extracting code complexity metrics: invalid syntax (<unknown>, line 1)
Traceback (most recent call last):
  File "/root/trabalho_super/QuestionInsight/Etapa_1/codebench-mining-tool/util.py", line 551, in extract_complexity_metrics
    v = ComplexityVisitor.from_code(code)
        ^^^^^^^^^^^^^^^^^^^^^^^^^^^^^^^^^
  File "/root/trabalho_super/venv_jupyter/lib/python3.12/site-packages/radon/visitors.py", line 133, in from_code
    return cls.from_ast(code2ast(code), **kwargs)
                        ^^^^^^^^^^^^^^
  File "/root/trabalho_super/venv_jupyter/lib/python3.12/site-packages/radon/visitors.py", line 48, in code2ast
    return ast.parse(source)
           ^^^^^^^^^^^^^^^^^
  File "/usr/lib/python3.12/ast.py", line 52, in parse
    return compile(source, filename, mode, flags,
           ^^^^^^^^^^^^^^^^^^^^^^^^^^^^^^^^^^^^^^
  File "<unknown>", line 1
    from math import
                    ^
SyntaxError: invalid syntax
2025-07-17 23:34:15,756 cblogger [ERROR]: 		Error while extracting code size based metrics: SyntaxError at line: 3
Traceback (most recent call last):
  File "/root/trabalho_super/venv_jupyter/lib/python3.12/site-packages/radon/raw.py", line 210, in analyze
    tokens, parsed_lines = _get_all_tokens(line, lines)
                           ^^^^^^^^^^^^^^^^^^^^^^^^^^^^
  File "/root/trabalho_super/venv_jupyter/lib/python3.12/site-packages/radon/raw.py", line 117, in _get_all_tokens
    next_line = next(lines)
                ^^^^^^^^^^^
StopIteration

During handling of the above exception, another exception occurred:

Traceback (most recent call last):
  File "/root/trabalho_super/QuestionInsight/Etapa_1/codebench-mining-tool/util.py", line 560, in extract_size_metrics
    a = analyze(code)
        ^^^^^^^^^^^^^
  File "/root/trabalho_super/venv_jupyter/lib/python3.12/site-packages/radon/raw.py", line 212, in analyze
    raise SyntaxError('SyntaxError at line: {0}'.format(lineno))
SyntaxError: SyntaxError at line: 3
2025-07-17 23:34:15,757 cblogger [ERROR]: 		Error while extracting halsted code metrics: invalid syntax (<unknown>, line 1)
Traceback (most recent call last):
  File "/root/trabalho_super/QuestionInsight/Etapa_1/codebench-mining-tool/util.py", line 569, in extract_halstead_metrics
    h = h_visit(code)
        ^^^^^^^^^^^^^
  File "/root/trabalho_super/venv_jupyter/lib/python3.12/site-packages/radon/metrics.py", line 29, in h_visit
    return h_visit_ast(ast.parse(code))
                       ^^^^^^^^^^^^^^^
  File "/usr/lib/python3.12/ast.py", line 52, in parse
    return compile(source, filename, mode, flags,
           ^^^^^^^^^^^^^^^^^^^^^^^^^^^^^^^^^^^^^^
  File "<unknown>", line 1
    from math import
                    ^
SyntaxError: invalid syntax
2025-07-17 23:34:16,278 cblogger [ERROR]: 		Error while extracting code complexity metrics: '(' was never closed (<unknown>, line 2)
Traceback (most recent call last):
  File "/root/trabalho_super/QuestionInsight/Etapa_1/codebench-mining-tool/util.py", line 551, in extract_complexity_metrics
    v = ComplexityVisitor.from_code(code)
        ^^^^^^^^^^^^^^^^^^^^^^^^^^^^^^^^^
  File "/root/trabalho_super/venv_jupyter/lib/python3.12/site-packages/radon/visitors.py", line 133, in from_code
    return cls.from_ast(code2ast(code), **kwargs)
                        ^^^^^^^^^^^^^^
  File "/root/trabalho_super/venv_jupyter/lib/python3.12/site-packages/radon/visitors.py", line 48, in code2ast
    return ast.parse(source)
           ^^^^^^^^^^^^^^^^^
  File "/usr/lib/python3.12/ast.py", line 52, in parse
    return compile(source, filename, mode, flags,
           ^^^^^^^^^^^^^^^^^^^^^^^^^^^^^^^^^^^^^^
  File "<unknown>", line 2
    b= int(input("Numero de vzs: ")
          ^
SyntaxError: '(' was never closed
2025-07-17 23:34:16,279 cblogger [ERROR]: 		Error while extracting code size based metrics: SyntaxError at line: 2
Traceback (most recent call last):
  File "/root/trabalho_super/venv_jupyter/lib/python3.12/site-packages/radon/raw.py", line 210, in analyze
    tokens, parsed_lines = _get_all_tokens(line, lines)
                           ^^^^^^^^^^^^^^^^^^^^^^^^^^^^
  File "/root/trabalho_super/venv_jupyter/lib/python3.12/site-packages/radon/raw.py", line 117, in _get_all_tokens
    next_line = next(lines)
                ^^^^^^^^^^^
StopIteration

During handling of the above exception, another exception occurred:

Traceback (most recent call last):
  File "/root/trabalho_super/QuestionInsight/Etapa_1/codebench-mining-tool/util.py", line 560, in extract_size_metrics
    a = analyze(code)
        ^^^^^^^^^^^^^
  File "/root/trabalho_super/venv_jupyter/lib/python3.12/site-packages/radon/raw.py", line 212, in analyze
    raise SyntaxError('SyntaxError at line: {0}'.format(lineno))
SyntaxError: SyntaxError at line: 2
2025-07-17 23:34:16,279 cblogger [ERROR]: 		Error while extracting halsted code metrics: '(' was never closed (<unknown>, line 2)
Traceback (most recent call last):
  File "/root/trabalho_super/QuestionInsight/Etapa_1/codebench-mining-tool/util.py", line 569, in extract_halstead_metrics
    h = h_visit(code)
        ^^^^^^^^^^^^^
  File "/root/trabalho_super/venv_jupyter/lib/python3.12/site-packages/radon/metrics.py", line 29, in h_visit
    return h_visit_ast(ast.parse(code))
                       ^^^^^^^^^^^^^^^
  File "/usr/lib/python3.12/ast.py", line 52, in parse
    return compile(source, filename, mode, flags,
           ^^^^^^^^^^^^^^^^^^^^^^^^^^^^^^^^^^^^^^
  File "<unknown>", line 2
    b= int(input("Numero de vzs: ")
          ^
SyntaxError: '(' was never closed
2025-07-17 23:34:16,418 cblogger [ERROR]: 		Error while extracting code complexity metrics: invalid syntax (<unknown>, line 6)
Traceback (most recent call last):
  File "/root/trabalho_super/QuestionInsight/Etapa_1/codebench-mining-tool/util.py", line 551, in extract_complexity_metrics
    v = ComplexityVisitor.from_code(code)
        ^^^^^^^^^^^^^^^^^^^^^^^^^^^^^^^^^
  File "/root/trabalho_super/venv_jupyter/lib/python3.12/site-packages/radon/visitors.py", line 133, in from_code
    return cls.from_ast(code2ast(code), **kwargs)
                        ^^^^^^^^^^^^^^
  File "/root/trabalho_super/venv_jupyter/lib/python3.12/site-packages/radon/visitors.py", line 48, in code2ast
    return ast.parse(source)
           ^^^^^^^^^^^^^^^^^
  File "/usr/lib/python3.12/ast.py", line 52, in parse
    return compile(source, filename, mode, flags,
           ^^^^^^^^^^^^^^^^^^^^^^^^^^^^^^^^^^^^^^
  File "<unknown>", line 6
    if total>=6,50:
               ^
SyntaxError: invalid syntax
2025-07-17 23:34:16,419 cblogger [ERROR]: 		Error while extracting halsted code metrics: invalid syntax (<unknown>, line 6)
Traceback (most recent call last):
  File "/root/trabalho_super/QuestionInsight/Etapa_1/codebench-mining-tool/util.py", line 569, in extract_halstead_metrics
    h = h_visit(code)
        ^^^^^^^^^^^^^
  File "/root/trabalho_super/venv_jupyter/lib/python3.12/site-packages/radon/metrics.py", line 29, in h_visit
    return h_visit_ast(ast.parse(code))
                       ^^^^^^^^^^^^^^^
  File "/usr/lib/python3.12/ast.py", line 52, in parse
    return compile(source, filename, mode, flags,
           ^^^^^^^^^^^^^^^^^^^^^^^^^^^^^^^^^^^^^^
  File "<unknown>", line 6
    if total>=6,50:
               ^
SyntaxError: invalid syntax
2025-07-17 23:34:16,516 cblogger [ERROR]: 		Error while extracting code complexity metrics: invalid syntax (<unknown>, line 1)
Traceback (most recent call last):
  File "/root/trabalho_super/QuestionInsight/Etapa_1/codebench-mining-tool/util.py", line 551, in extract_complexity_metrics
    v = ComplexityVisitor.from_code(code)
        ^^^^^^^^^^^^^^^^^^^^^^^^^^^^^^^^^
  File "/root/trabalho_super/venv_jupyter/lib/python3.12/site-packages/radon/visitors.py", line 133, in from_code
    return cls.from_ast(code2ast(code), **kwargs)
                        ^^^^^^^^^^^^^^
  File "/root/trabalho_super/venv_jupyter/lib/python3.12/site-packages/radon/visitors.py", line 48, in code2ast
    return ast.parse(source)
           ^^^^^^^^^^^^^^^^^
  File "/usr/lib/python3.12/ast.py", line 52, in parse
    return compile(source, filename, mode, flags,
           ^^^^^^^^^^^^^^^^^^^^^^^^^^^^^^^^^^^^^^
  File "<unknown>", line 1
    aresta =
            ^
SyntaxError: invalid syntax
2025-07-17 23:34:16,516 cblogger [ERROR]: 		Error while extracting halsted code metrics: invalid syntax (<unknown>, line 1)
Traceback (most recent call last):
  File "/root/trabalho_super/QuestionInsight/Etapa_1/codebench-mining-tool/util.py", line 569, in extract_halstead_metrics
    h = h_visit(code)
        ^^^^^^^^^^^^^
  File "/root/trabalho_super/venv_jupyter/lib/python3.12/site-packages/radon/metrics.py", line 29, in h_visit
    return h_visit_ast(ast.parse(code))
                       ^^^^^^^^^^^^^^^
  File "/usr/lib/python3.12/ast.py", line 52, in parse
    return compile(source, filename, mode, flags,
           ^^^^^^^^^^^^^^^^^^^^^^^^^^^^^^^^^^^^^^
  File "<unknown>", line 1
    aresta =
            ^
SyntaxError: invalid syntax
2025-07-17 23:34:16,600 cblogger [ERROR]: 		Error while extracting code complexity metrics: '(' was never closed (<unknown>, line 2)
Traceback (most recent call last):
  File "/root/trabalho_super/QuestionInsight/Etapa_1/codebench-mining-tool/util.py", line 551, in extract_complexity_metrics
    v = ComplexityVisitor.from_code(code)
        ^^^^^^^^^^^^^^^^^^^^^^^^^^^^^^^^^
  File "/root/trabalho_super/venv_jupyter/lib/python3.12/site-packages/radon/visitors.py", line 133, in from_code
    return cls.from_ast(code2ast(code), **kwargs)
                        ^^^^^^^^^^^^^^
  File "/root/trabalho_super/venv_jupyter/lib/python3.12/site-packages/radon/visitors.py", line 48, in code2ast
    return ast.parse(source)
           ^^^^^^^^^^^^^^^^^
  File "/usr/lib/python3.12/ast.py", line 52, in parse
    return compile(source, filename, mode, flags,
           ^^^^^^^^^^^^^^^^^^^^^^^^^^^^^^^^^^^^^^
  File "<unknown>", line 2
    b = (((15 + (0,37**3))*30)*35/100
        ^
SyntaxError: '(' was never closed
2025-07-17 23:34:16,600 cblogger [ERROR]: 		Error while extracting code size based metrics: SyntaxError at line: 2
Traceback (most recent call last):
  File "/root/trabalho_super/venv_jupyter/lib/python3.12/site-packages/radon/raw.py", line 210, in analyze
    tokens, parsed_lines = _get_all_tokens(line, lines)
                           ^^^^^^^^^^^^^^^^^^^^^^^^^^^^
  File "/root/trabalho_super/venv_jupyter/lib/python3.12/site-packages/radon/raw.py", line 117, in _get_all_tokens
    next_line = next(lines)
                ^^^^^^^^^^^
StopIteration

During handling of the above exception, another exception occurred:

Traceback (most recent call last):
  File "/root/trabalho_super/QuestionInsight/Etapa_1/codebench-mining-tool/util.py", line 560, in extract_size_metrics
    a = analyze(code)
        ^^^^^^^^^^^^^
  File "/root/trabalho_super/venv_jupyter/lib/python3.12/site-packages/radon/raw.py", line 212, in analyze
    raise SyntaxError('SyntaxError at line: {0}'.format(lineno))
SyntaxError: SyntaxError at line: 2
2025-07-17 23:34:16,601 cblogger [ERROR]: 		Error while extracting halsted code metrics: '(' was never closed (<unknown>, line 2)
Traceback (most recent call last):
  File "/root/trabalho_super/QuestionInsight/Etapa_1/codebench-mining-tool/util.py", line 569, in extract_halstead_metrics
    h = h_visit(code)
        ^^^^^^^^^^^^^
  File "/root/trabalho_super/venv_jupyter/lib/python3.12/site-packages/radon/metrics.py", line 29, in h_visit
    return h_visit_ast(ast.parse(code))
                       ^^^^^^^^^^^^^^^
  File "/usr/lib/python3.12/ast.py", line 52, in parse
    return compile(source, filename, mode, flags,
           ^^^^^^^^^^^^^^^^^^^^^^^^^^^^^^^^^^^^^^
  File "<unknown>", line 2
    b = (((15 + (0,37**3))*30)*35/100
        ^
SyntaxError: '(' was never closed
