2025-08-18 19:42:57,601 cblogger [ERROR]: 		Error while extracting code complexity metrics: unexpected indent (<unknown>, line 11)
Traceback (most recent call last):
  File "/root/QuestionInsight/Etapa_1/codebench-mining-tool/util.py", line 551, in extract_complexity_metrics
    v = ComplexityVisitor.from_code(code)
        ^^^^^^^^^^^^^^^^^^^^^^^^^^^^^^^^^
  File "/root/QuestionInsight/.venv/lib/python3.12/site-packages/radon/visitors.py", line 133, in from_code
    return cls.from_ast(code2ast(code), **kwargs)
                        ^^^^^^^^^^^^^^
  File "/root/QuestionInsight/.venv/lib/python3.12/site-packages/radon/visitors.py", line 48, in code2ast
    return ast.parse(source)
           ^^^^^^^^^^^^^^^^^
  File "/usr/lib/python3.12/ast.py", line 52, in parse
    return compile(source, filename, mode, flags,
           ^^^^^^^^^^^^^^^^^^^^^^^^^^^^^^^^^^^^^^
  File "<unknown>", line 11
    		s = (a + b + c) / 2.0
    	^
IndentationError: unexpected indent
2025-08-18 19:42:57,603 cblogger [ERROR]: 		Error while extracting halsted code metrics: unexpected indent (<unknown>, line 11)
Traceback (most recent call last):
  File "/root/QuestionInsight/Etapa_1/codebench-mining-tool/util.py", line 569, in extract_halstead_metrics
    h = h_visit(code)
        ^^^^^^^^^^^^^
  File "/root/QuestionInsight/.venv/lib/python3.12/site-packages/radon/metrics.py", line 29, in h_visit
    return h_visit_ast(ast.parse(code))
                       ^^^^^^^^^^^^^^^
  File "/usr/lib/python3.12/ast.py", line 52, in parse
    return compile(source, filename, mode, flags,
           ^^^^^^^^^^^^^^^^^^^^^^^^^^^^^^^^^^^^^^
  File "<unknown>", line 11
    		s = (a + b + c) / 2.0
    	^
IndentationError: unexpected indent
2025-08-18 19:42:57,621 cblogger [ERROR]: 		Error while extracting code complexity metrics: unindent does not match any outer indentation level (<unknown>, line 14)
Traceback (most recent call last):
  File "/root/QuestionInsight/Etapa_1/codebench-mining-tool/util.py", line 551, in extract_complexity_metrics
    v = ComplexityVisitor.from_code(code)
        ^^^^^^^^^^^^^^^^^^^^^^^^^^^^^^^^^
  File "/root/QuestionInsight/.venv/lib/python3.12/site-packages/radon/visitors.py", line 133, in from_code
    return cls.from_ast(code2ast(code), **kwargs)
                        ^^^^^^^^^^^^^^
  File "/root/QuestionInsight/.venv/lib/python3.12/site-packages/radon/visitors.py", line 48, in code2ast
    return ast.parse(source)
           ^^^^^^^^^^^^^^^^^
  File "/usr/lib/python3.12/ast.py", line 52, in parse
    return compile(source, filename, mode, flags,
           ^^^^^^^^^^^^^^^^^^^^^^^^^^^^^^^^^^^^^^
  File "<unknown>", line 14
    	   print("MORTO")
    	                 ^
IndentationError: unindent does not match any outer indentation level
2025-08-18 19:42:57,622 cblogger [ERROR]: 		Error while extracting halsted code metrics: unindent does not match any outer indentation level (<unknown>, line 14)
Traceback (most recent call last):
  File "/root/QuestionInsight/Etapa_1/codebench-mining-tool/util.py", line 569, in extract_halstead_metrics
    h = h_visit(code)
        ^^^^^^^^^^^^^
  File "/root/QuestionInsight/.venv/lib/python3.12/site-packages/radon/metrics.py", line 29, in h_visit
    return h_visit_ast(ast.parse(code))
                       ^^^^^^^^^^^^^^^
  File "/usr/lib/python3.12/ast.py", line 52, in parse
    return compile(source, filename, mode, flags,
           ^^^^^^^^^^^^^^^^^^^^^^^^^^^^^^^^^^^^^^
  File "<unknown>", line 14
    	   print("MORTO")
    	                 ^
IndentationError: unindent does not match any outer indentation level
2025-08-18 19:42:57,636 cblogger [ERROR]: 		Error while extracting code complexity metrics: '(' was never closed (<unknown>, line 22)
Traceback (most recent call last):
  File "/root/QuestionInsight/Etapa_1/codebench-mining-tool/util.py", line 551, in extract_complexity_metrics
    v = ComplexityVisitor.from_code(code)
        ^^^^^^^^^^^^^^^^^^^^^^^^^^^^^^^^^
  File "/root/QuestionInsight/.venv/lib/python3.12/site-packages/radon/visitors.py", line 133, in from_code
    return cls.from_ast(code2ast(code), **kwargs)
                        ^^^^^^^^^^^^^^
  File "/root/QuestionInsight/.venv/lib/python3.12/site-packages/radon/visitors.py", line 48, in code2ast
    return ast.parse(source)
           ^^^^^^^^^^^^^^^^^
  File "/usr/lib/python3.12/ast.py", line 52, in parse
    return compile(source, filename, mode, flags,
           ^^^^^^^^^^^^^^^^^^^^^^^^^^^^^^^^^^^^^^
  File "<unknown>", line 22
    		vol = round((vol_calota + (_h*pi*r**2)*1000, 3)
    		           ^
SyntaxError: '(' was never closed
2025-08-18 19:42:57,638 cblogger [ERROR]: 		Error while extracting code size based metrics: SyntaxError at line: 22
Traceback (most recent call last):
  File "/root/QuestionInsight/.venv/lib/python3.12/site-packages/radon/raw.py", line 210, in analyze
    tokens, parsed_lines = _get_all_tokens(line, lines)
                           ^^^^^^^^^^^^^^^^^^^^^^^^^^^^
  File "/root/QuestionInsight/.venv/lib/python3.12/site-packages/radon/raw.py", line 117, in _get_all_tokens
    next_line = next(lines)
                ^^^^^^^^^^^
StopIteration

During handling of the above exception, another exception occurred:

Traceback (most recent call last):
  File "/root/QuestionInsight/Etapa_1/codebench-mining-tool/util.py", line 560, in extract_size_metrics
    a = analyze(code)
        ^^^^^^^^^^^^^
  File "/root/QuestionInsight/.venv/lib/python3.12/site-packages/radon/raw.py", line 212, in analyze
    raise SyntaxError('SyntaxError at line: {0}'.format(lineno))
SyntaxError: SyntaxError at line: 22
2025-08-18 19:42:57,639 cblogger [ERROR]: 		Error while extracting halsted code metrics: '(' was never closed (<unknown>, line 22)
Traceback (most recent call last):
  File "/root/QuestionInsight/Etapa_1/codebench-mining-tool/util.py", line 569, in extract_halstead_metrics
    h = h_visit(code)
        ^^^^^^^^^^^^^
  File "/root/QuestionInsight/.venv/lib/python3.12/site-packages/radon/metrics.py", line 29, in h_visit
    return h_visit_ast(ast.parse(code))
                       ^^^^^^^^^^^^^^^
  File "/usr/lib/python3.12/ast.py", line 52, in parse
    return compile(source, filename, mode, flags,
           ^^^^^^^^^^^^^^^^^^^^^^^^^^^^^^^^^^^^^^
  File "<unknown>", line 22
    		vol = round((vol_calota + (_h*pi*r**2)*1000, 3)
    		           ^
SyntaxError: '(' was never closed
2025-08-18 19:42:57,664 cblogger [ERROR]: 		Error while extracting code complexity metrics: unindent does not match any outer indentation level (<unknown>, line 12)
Traceback (most recent call last):
  File "/root/QuestionInsight/Etapa_1/codebench-mining-tool/util.py", line 551, in extract_complexity_metrics
    v = ComplexityVisitor.from_code(code)
        ^^^^^^^^^^^^^^^^^^^^^^^^^^^^^^^^^
  File "/root/QuestionInsight/.venv/lib/python3.12/site-packages/radon/visitors.py", line 133, in from_code
    return cls.from_ast(code2ast(code), **kwargs)
                        ^^^^^^^^^^^^^^
  File "/root/QuestionInsight/.venv/lib/python3.12/site-packages/radon/visitors.py", line 48, in code2ast
    return ast.parse(source)
           ^^^^^^^^^^^^^^^^^
  File "/usr/lib/python3.12/ast.py", line 52, in parse
    return compile(source, filename, mode, flags,
           ^^^^^^^^^^^^^^^^^^^^^^^^^^^^^^^^^^^^^^
  File "<unknown>", line 12
    	   print(pt)
    	            ^
IndentationError: unindent does not match any outer indentation level
2025-08-18 19:42:57,665 cblogger [ERROR]: 		Error while extracting halsted code metrics: unindent does not match any outer indentation level (<unknown>, line 12)
Traceback (most recent call last):
  File "/root/QuestionInsight/Etapa_1/codebench-mining-tool/util.py", line 569, in extract_halstead_metrics
    h = h_visit(code)
        ^^^^^^^^^^^^^
  File "/root/QuestionInsight/.venv/lib/python3.12/site-packages/radon/metrics.py", line 29, in h_visit
    return h_visit_ast(ast.parse(code))
                       ^^^^^^^^^^^^^^^
  File "/usr/lib/python3.12/ast.py", line 52, in parse
    return compile(source, filename, mode, flags,
           ^^^^^^^^^^^^^^^^^^^^^^^^^^^^^^^^^^^^^^
  File "<unknown>", line 12
    	   print(pt)
    	            ^
IndentationError: unindent does not match any outer indentation level
2025-08-18 19:42:57,669 cblogger [ERROR]: 		Error while extracting code complexity metrics: unindent does not match any outer indentation level (<unknown>, line 5)
Traceback (most recent call last):
  File "/root/QuestionInsight/Etapa_1/codebench-mining-tool/util.py", line 551, in extract_complexity_metrics
    v = ComplexityVisitor.from_code(code)
        ^^^^^^^^^^^^^^^^^^^^^^^^^^^^^^^^^
  File "/root/QuestionInsight/.venv/lib/python3.12/site-packages/radon/visitors.py", line 133, in from_code
    return cls.from_ast(code2ast(code), **kwargs)
                        ^^^^^^^^^^^^^^
  File "/root/QuestionInsight/.venv/lib/python3.12/site-packages/radon/visitors.py", line 48, in code2ast
    return ast.parse(source)
           ^^^^^^^^^^^^^^^^^
  File "/usr/lib/python3.12/ast.py", line 52, in parse
    return compile(source, filename, mode, flags,
           ^^^^^^^^^^^^^^^^^^^^^^^^^^^^^^^^^^^^^^
  File "<unknown>", line 5
    print("Casa: Stark")
                        ^
IndentationError: unindent does not match any outer indentation level
2025-08-18 19:42:57,670 cblogger [ERROR]: 		Error while extracting halsted code metrics: unindent does not match any outer indentation level (<unknown>, line 5)
Traceback (most recent call last):
  File "/root/QuestionInsight/Etapa_1/codebench-mining-tool/util.py", line 569, in extract_halstead_metrics
    h = h_visit(code)
        ^^^^^^^^^^^^^
  File "/root/QuestionInsight/.venv/lib/python3.12/site-packages/radon/metrics.py", line 29, in h_visit
    return h_visit_ast(ast.parse(code))
                       ^^^^^^^^^^^^^^^
  File "/usr/lib/python3.12/ast.py", line 52, in parse
    return compile(source, filename, mode, flags,
           ^^^^^^^^^^^^^^^^^^^^^^^^^^^^^^^^^^^^^^
  File "<unknown>", line 5
    print("Casa: Stark")
                        ^
IndentationError: unindent does not match any outer indentation level
2025-08-18 19:42:57,671 cblogger [ERROR]: 		Error while extracting code complexity metrics: '(' was never closed (<unknown>, line 3)
Traceback (most recent call last):
  File "/root/QuestionInsight/Etapa_1/codebench-mining-tool/util.py", line 551, in extract_complexity_metrics
    v = ComplexityVisitor.from_code(code)
        ^^^^^^^^^^^^^^^^^^^^^^^^^^^^^^^^^
  File "/root/QuestionInsight/.venv/lib/python3.12/site-packages/radon/visitors.py", line 133, in from_code
    return cls.from_ast(code2ast(code), **kwargs)
                        ^^^^^^^^^^^^^^
  File "/root/QuestionInsight/.venv/lib/python3.12/site-packages/radon/visitors.py", line 48, in code2ast
    return ast.parse(source)
           ^^^^^^^^^^^^^^^^^
  File "/usr/lib/python3.12/ast.py", line 52, in parse
    return compile(source, filename, mode, flags,
           ^^^^^^^^^^^^^^^^^^^^^^^^^^^^^^^^^^^^^^
  File "<unknown>", line 3
    a = int(input("angulo em graus: ")
           ^
SyntaxError: '(' was never closed
2025-08-18 19:42:57,672 cblogger [ERROR]: 		Error while extracting code size based metrics: SyntaxError at line: 3
Traceback (most recent call last):
  File "/root/QuestionInsight/.venv/lib/python3.12/site-packages/radon/raw.py", line 210, in analyze
    tokens, parsed_lines = _get_all_tokens(line, lines)
                           ^^^^^^^^^^^^^^^^^^^^^^^^^^^^
  File "/root/QuestionInsight/.venv/lib/python3.12/site-packages/radon/raw.py", line 117, in _get_all_tokens
    next_line = next(lines)
                ^^^^^^^^^^^
StopIteration

During handling of the above exception, another exception occurred:

Traceback (most recent call last):
  File "/root/QuestionInsight/Etapa_1/codebench-mining-tool/util.py", line 560, in extract_size_metrics
    a = analyze(code)
        ^^^^^^^^^^^^^
  File "/root/QuestionInsight/.venv/lib/python3.12/site-packages/radon/raw.py", line 212, in analyze
    raise SyntaxError('SyntaxError at line: {0}'.format(lineno))
SyntaxError: SyntaxError at line: 3
2025-08-18 19:42:57,673 cblogger [ERROR]: 		Error while extracting halsted code metrics: '(' was never closed (<unknown>, line 3)
Traceback (most recent call last):
  File "/root/QuestionInsight/Etapa_1/codebench-mining-tool/util.py", line 569, in extract_halstead_metrics
    h = h_visit(code)
        ^^^^^^^^^^^^^
  File "/root/QuestionInsight/.venv/lib/python3.12/site-packages/radon/metrics.py", line 29, in h_visit
    return h_visit_ast(ast.parse(code))
                       ^^^^^^^^^^^^^^^
  File "/usr/lib/python3.12/ast.py", line 52, in parse
    return compile(source, filename, mode, flags,
           ^^^^^^^^^^^^^^^^^^^^^^^^^^^^^^^^^^^^^^
  File "<unknown>", line 3
    a = int(input("angulo em graus: ")
           ^
SyntaxError: '(' was never closed
2025-08-18 19:42:57,680 cblogger [ERROR]: 		Error while extracting code complexity metrics: unindent does not match any outer indentation level (<unknown>, line 7)
Traceback (most recent call last):
  File "/root/QuestionInsight/Etapa_1/codebench-mining-tool/util.py", line 551, in extract_complexity_metrics
    v = ComplexityVisitor.from_code(code)
        ^^^^^^^^^^^^^^^^^^^^^^^^^^^^^^^^^
  File "/root/QuestionInsight/.venv/lib/python3.12/site-packages/radon/visitors.py", line 133, in from_code
    return cls.from_ast(code2ast(code), **kwargs)
                        ^^^^^^^^^^^^^^
  File "/root/QuestionInsight/.venv/lib/python3.12/site-packages/radon/visitors.py", line 48, in code2ast
    return ast.parse(source)
           ^^^^^^^^^^^^^^^^^
  File "/usr/lib/python3.12/ast.py", line 52, in parse
    return compile(source, filename, mode, flags,
           ^^^^^^^^^^^^^^^^^^^^^^^^^^^^^^^^^^^^^^
  File "<unknown>", line 7
    	else:
    	     ^
IndentationError: unindent does not match any outer indentation level
2025-08-18 19:42:57,681 cblogger [ERROR]: 		Error while extracting halsted code metrics: unindent does not match any outer indentation level (<unknown>, line 7)
Traceback (most recent call last):
  File "/root/QuestionInsight/Etapa_1/codebench-mining-tool/util.py", line 569, in extract_halstead_metrics
    h = h_visit(code)
        ^^^^^^^^^^^^^
  File "/root/QuestionInsight/.venv/lib/python3.12/site-packages/radon/metrics.py", line 29, in h_visit
    return h_visit_ast(ast.parse(code))
                       ^^^^^^^^^^^^^^^
  File "/usr/lib/python3.12/ast.py", line 52, in parse
    return compile(source, filename, mode, flags,
           ^^^^^^^^^^^^^^^^^^^^^^^^^^^^^^^^^^^^^^
  File "<unknown>", line 7
    	else:
    	     ^
IndentationError: unindent does not match any outer indentation level
2025-08-18 19:42:57,682 cblogger [ERROR]: 		Error while extracting code complexity metrics: inconsistent use of tabs and spaces in indentation (<unknown>, line 11)
Traceback (most recent call last):
  File "/root/QuestionInsight/Etapa_1/codebench-mining-tool/util.py", line 551, in extract_complexity_metrics
    v = ComplexityVisitor.from_code(code)
        ^^^^^^^^^^^^^^^^^^^^^^^^^^^^^^^^^
  File "/root/QuestionInsight/.venv/lib/python3.12/site-packages/radon/visitors.py", line 133, in from_code
    return cls.from_ast(code2ast(code), **kwargs)
                        ^^^^^^^^^^^^^^
  File "/root/QuestionInsight/.venv/lib/python3.12/site-packages/radon/visitors.py", line 48, in code2ast
    return ast.parse(source)
           ^^^^^^^^^^^^^^^^^
  File "/usr/lib/python3.12/ast.py", line 52, in parse
    return compile(source, filename, mode, flags,
           ^^^^^^^^^^^^^^^^^^^^^^^^^^^^^^^^^^^^^^
  File "<unknown>", line 11
    		print((x%50)//10)
    ^
TabError: inconsistent use of tabs and spaces in indentation
2025-08-18 19:42:57,683 cblogger [ERROR]: 		Error while extracting code size based metrics: SyntaxError at line: 15
Traceback (most recent call last):
  File "/root/QuestionInsight/.venv/lib/python3.12/site-packages/radon/raw.py", line 210, in analyze
    tokens, parsed_lines = _get_all_tokens(line, lines)
                           ^^^^^^^^^^^^^^^^^^^^^^^^^^^^
  File "/root/QuestionInsight/.venv/lib/python3.12/site-packages/radon/raw.py", line 117, in _get_all_tokens
    next_line = next(lines)
                ^^^^^^^^^^^
StopIteration

During handling of the above exception, another exception occurred:

Traceback (most recent call last):
  File "/root/QuestionInsight/Etapa_1/codebench-mining-tool/util.py", line 560, in extract_size_metrics
    a = analyze(code)
        ^^^^^^^^^^^^^
  File "/root/QuestionInsight/.venv/lib/python3.12/site-packages/radon/raw.py", line 212, in analyze
    raise SyntaxError('SyntaxError at line: {0}'.format(lineno))
SyntaxError: SyntaxError at line: 15
2025-08-18 19:42:57,684 cblogger [ERROR]: 		Error while extracting halsted code metrics: inconsistent use of tabs and spaces in indentation (<unknown>, line 11)
Traceback (most recent call last):
  File "/root/QuestionInsight/Etapa_1/codebench-mining-tool/util.py", line 569, in extract_halstead_metrics
    h = h_visit(code)
        ^^^^^^^^^^^^^
  File "/root/QuestionInsight/.venv/lib/python3.12/site-packages/radon/metrics.py", line 29, in h_visit
    return h_visit_ast(ast.parse(code))
                       ^^^^^^^^^^^^^^^
  File "/usr/lib/python3.12/ast.py", line 52, in parse
    return compile(source, filename, mode, flags,
           ^^^^^^^^^^^^^^^^^^^^^^^^^^^^^^^^^^^^^^
  File "<unknown>", line 11
    		print((x%50)//10)
    ^
TabError: inconsistent use of tabs and spaces in indentation
2025-08-18 19:42:57,705 cblogger [ERROR]: 		Error while extracting code complexity metrics: unexpected indent (<unknown>, line 1)
Traceback (most recent call last):
  File "/root/QuestionInsight/Etapa_1/codebench-mining-tool/util.py", line 551, in extract_complexity_metrics
    v = ComplexityVisitor.from_code(code)
        ^^^^^^^^^^^^^^^^^^^^^^^^^^^^^^^^^
  File "/root/QuestionInsight/.venv/lib/python3.12/site-packages/radon/visitors.py", line 133, in from_code
    return cls.from_ast(code2ast(code), **kwargs)
                        ^^^^^^^^^^^^^^
  File "/root/QuestionInsight/.venv/lib/python3.12/site-packages/radon/visitors.py", line 48, in code2ast
    return ast.parse(source)
           ^^^^^^^^^^^^^^^^^
  File "/usr/lib/python3.12/ast.py", line 52, in parse
    return compile(source, filename, mode, flags,
           ^^^^^^^^^^^^^^^^^^^^^^^^^^^^^^^^^^^^^^
  File "<unknown>", line 1
    	from * 
    ^
IndentationError: unexpected indent
2025-08-18 19:42:57,706 cblogger [ERROR]: 		Error while extracting halsted code metrics: unexpected indent (<unknown>, line 1)
Traceback (most recent call last):
  File "/root/QuestionInsight/Etapa_1/codebench-mining-tool/util.py", line 569, in extract_halstead_metrics
    h = h_visit(code)
        ^^^^^^^^^^^^^
  File "/root/QuestionInsight/.venv/lib/python3.12/site-packages/radon/metrics.py", line 29, in h_visit
    return h_visit_ast(ast.parse(code))
                       ^^^^^^^^^^^^^^^
  File "/usr/lib/python3.12/ast.py", line 52, in parse
    return compile(source, filename, mode, flags,
           ^^^^^^^^^^^^^^^^^^^^^^^^^^^^^^^^^^^^^^
  File "<unknown>", line 1
    	from * 
    ^
IndentationError: unexpected indent
2025-08-18 19:42:57,751 cblogger [ERROR]: 		Error while extracting code complexity metrics: invalid syntax. Perhaps you forgot a comma? (<unknown>, line 11)
Traceback (most recent call last):
  File "/root/QuestionInsight/Etapa_1/codebench-mining-tool/util.py", line 551, in extract_complexity_metrics
    v = ComplexityVisitor.from_code(code)
        ^^^^^^^^^^^^^^^^^^^^^^^^^^^^^^^^^
  File "/root/QuestionInsight/.venv/lib/python3.12/site-packages/radon/visitors.py", line 133, in from_code
    return cls.from_ast(code2ast(code), **kwargs)
                        ^^^^^^^^^^^^^^
  File "/root/QuestionInsight/.venv/lib/python3.12/site-packages/radon/visitors.py", line 48, in code2ast
    return ast.parse(source)
           ^^^^^^^^^^^^^^^^^
  File "/usr/lib/python3.12/ast.py", line 52, in parse
    return compile(source, filename, mode, flags,
           ^^^^^^^^^^^^^^^^^^^^^^^^^^^^^^^^^^^^^^
  File "<unknown>", line 11
    	if (CONDIÇÃO DE PARIDADE):
    	    ^^^^^^^^^^^
SyntaxError: invalid syntax. Perhaps you forgot a comma?
2025-08-18 19:42:57,751 cblogger [ERROR]: 		Error while extracting halsted code metrics: invalid syntax. Perhaps you forgot a comma? (<unknown>, line 11)
Traceback (most recent call last):
  File "/root/QuestionInsight/Etapa_1/codebench-mining-tool/util.py", line 569, in extract_halstead_metrics
    h = h_visit(code)
        ^^^^^^^^^^^^^
  File "/root/QuestionInsight/.venv/lib/python3.12/site-packages/radon/metrics.py", line 29, in h_visit
    return h_visit_ast(ast.parse(code))
                       ^^^^^^^^^^^^^^^
  File "/usr/lib/python3.12/ast.py", line 52, in parse
    return compile(source, filename, mode, flags,
           ^^^^^^^^^^^^^^^^^^^^^^^^^^^^^^^^^^^^^^
  File "<unknown>", line 11
    	if (CONDIÇÃO DE PARIDADE):
    	    ^^^^^^^^^^^
SyntaxError: invalid syntax. Perhaps you forgot a comma?
2025-08-18 19:42:57,923 cblogger [ERROR]: 		Error while extracting code complexity metrics: inconsistent use of tabs and spaces in indentation (<unknown>, line 7)
Traceback (most recent call last):
  File "/root/QuestionInsight/Etapa_1/codebench-mining-tool/util.py", line 551, in extract_complexity_metrics
    v = ComplexityVisitor.from_code(code)
        ^^^^^^^^^^^^^^^^^^^^^^^^^^^^^^^^^
  File "/root/QuestionInsight/.venv/lib/python3.12/site-packages/radon/visitors.py", line 133, in from_code
    return cls.from_ast(code2ast(code), **kwargs)
                        ^^^^^^^^^^^^^^
  File "/root/QuestionInsight/.venv/lib/python3.12/site-packages/radon/visitors.py", line 48, in code2ast
    return ast.parse(source)
           ^^^^^^^^^^^^^^^^^
  File "/usr/lib/python3.12/ast.py", line 52, in parse
    return compile(source, filename, mode, flags,
           ^^^^^^^^^^^^^^^^^^^^^^^^^^^^^^^^^^^^^^
  File "<unknown>", line 7
    	z=(30*z)-20
    ^
TabError: inconsistent use of tabs and spaces in indentation
2025-08-18 19:42:57,924 cblogger [ERROR]: 		Error while extracting halsted code metrics: inconsistent use of tabs and spaces in indentation (<unknown>, line 7)
Traceback (most recent call last):
  File "/root/QuestionInsight/Etapa_1/codebench-mining-tool/util.py", line 569, in extract_halstead_metrics
    h = h_visit(code)
        ^^^^^^^^^^^^^
  File "/root/QuestionInsight/.venv/lib/python3.12/site-packages/radon/metrics.py", line 29, in h_visit
    return h_visit_ast(ast.parse(code))
                       ^^^^^^^^^^^^^^^
  File "/usr/lib/python3.12/ast.py", line 52, in parse
    return compile(source, filename, mode, flags,
           ^^^^^^^^^^^^^^^^^^^^^^^^^^^^^^^^^^^^^^
  File "<unknown>", line 7
    	z=(30*z)-20
    ^
TabError: inconsistent use of tabs and spaces in indentation
2025-08-18 19:42:57,971 cblogger [ERROR]: 		Error while extracting code complexity metrics: cannot assign to expression here. Maybe you meant '==' instead of '='? (<unknown>, line 7)
Traceback (most recent call last):
  File "/root/QuestionInsight/Etapa_1/codebench-mining-tool/util.py", line 551, in extract_complexity_metrics
    v = ComplexityVisitor.from_code(code)
        ^^^^^^^^^^^^^^^^^^^^^^^^^^^^^^^^^
  File "/root/QuestionInsight/.venv/lib/python3.12/site-packages/radon/visitors.py", line 133, in from_code
    return cls.from_ast(code2ast(code), **kwargs)
                        ^^^^^^^^^^^^^^
  File "/root/QuestionInsight/.venv/lib/python3.12/site-packages/radon/visitors.py", line 48, in code2ast
    return ast.parse(source)
           ^^^^^^^^^^^^^^^^^
  File "/usr/lib/python3.12/ast.py", line 52, in parse
    return compile(source, filename, mode, flags,
           ^^^^^^^^^^^^^^^^^^^^^^^^^^^^^^^^^^^^^^
  File "<unknown>", line 7
    a*x+b*y=c
    ^^^^^^^
SyntaxError: cannot assign to expression here. Maybe you meant '==' instead of '='?
2025-08-18 19:42:57,972 cblogger [ERROR]: 		Error while extracting halsted code metrics: cannot assign to expression here. Maybe you meant '==' instead of '='? (<unknown>, line 7)
Traceback (most recent call last):
  File "/root/QuestionInsight/Etapa_1/codebench-mining-tool/util.py", line 569, in extract_halstead_metrics
    h = h_visit(code)
        ^^^^^^^^^^^^^
  File "/root/QuestionInsight/.venv/lib/python3.12/site-packages/radon/metrics.py", line 29, in h_visit
    return h_visit_ast(ast.parse(code))
                       ^^^^^^^^^^^^^^^
  File "/usr/lib/python3.12/ast.py", line 52, in parse
    return compile(source, filename, mode, flags,
           ^^^^^^^^^^^^^^^^^^^^^^^^^^^^^^^^^^^^^^
  File "<unknown>", line 7
    a*x+b*y=c
    ^^^^^^^
SyntaxError: cannot assign to expression here. Maybe you meant '==' instead of '='?
2025-08-18 19:42:57,997 cblogger [ERROR]: 		Error while extracting code complexity metrics: unindent does not match any outer indentation level (<unknown>, line 11)
Traceback (most recent call last):
  File "/root/QuestionInsight/Etapa_1/codebench-mining-tool/util.py", line 551, in extract_complexity_metrics
    v = ComplexityVisitor.from_code(code)
        ^^^^^^^^^^^^^^^^^^^^^^^^^^^^^^^^^
  File "/root/QuestionInsight/.venv/lib/python3.12/site-packages/radon/visitors.py", line 133, in from_code
    return cls.from_ast(code2ast(code), **kwargs)
                        ^^^^^^^^^^^^^^
  File "/root/QuestionInsight/.venv/lib/python3.12/site-packages/radon/visitors.py", line 48, in code2ast
    return ast.parse(source)
           ^^^^^^^^^^^^^^^^^
  File "/usr/lib/python3.12/ast.py", line 52, in parse
    return compile(source, filename, mode, flags,
           ^^^^^^^^^^^^^^^^^^^^^^^^^^^^^^^^^^^^^^
  File "<unknown>", line 11
    elif(a<=c and b<=d):
                        ^
IndentationError: unindent does not match any outer indentation level
2025-08-18 19:42:57,998 cblogger [ERROR]: 		Error while extracting halsted code metrics: unindent does not match any outer indentation level (<unknown>, line 11)
Traceback (most recent call last):
  File "/root/QuestionInsight/Etapa_1/codebench-mining-tool/util.py", line 569, in extract_halstead_metrics
    h = h_visit(code)
        ^^^^^^^^^^^^^
  File "/root/QuestionInsight/.venv/lib/python3.12/site-packages/radon/metrics.py", line 29, in h_visit
    return h_visit_ast(ast.parse(code))
                       ^^^^^^^^^^^^^^^
  File "/usr/lib/python3.12/ast.py", line 52, in parse
    return compile(source, filename, mode, flags,
           ^^^^^^^^^^^^^^^^^^^^^^^^^^^^^^^^^^^^^^
  File "<unknown>", line 11
    elif(a<=c and b<=d):
                        ^
IndentationError: unindent does not match any outer indentation level
2025-08-18 19:42:58,046 cblogger [ERROR]: 		Error while extracting code complexity metrics: '(' was never closed (<unknown>, line 2)
Traceback (most recent call last):
  File "/root/QuestionInsight/Etapa_1/codebench-mining-tool/util.py", line 551, in extract_complexity_metrics
    v = ComplexityVisitor.from_code(code)
        ^^^^^^^^^^^^^^^^^^^^^^^^^^^^^^^^^
  File "/root/QuestionInsight/.venv/lib/python3.12/site-packages/radon/visitors.py", line 133, in from_code
    return cls.from_ast(code2ast(code), **kwargs)
                        ^^^^^^^^^^^^^^
  File "/root/QuestionInsight/.venv/lib/python3.12/site-packages/radon/visitors.py", line 48, in code2ast
    return ast.parse(source)
           ^^^^^^^^^^^^^^^^^
  File "/usr/lib/python3.12/ast.py", line 52, in parse
    return compile(source, filename, mode, flags,
           ^^^^^^^^^^^^^^^^^^^^^^^^^^^^^^^^^^^^^^
  File "<unknown>", line 2
    input("se for 300.0 ou menos"((300.0+30.0))
         ^
SyntaxError: '(' was never closed
2025-08-18 19:42:58,047 cblogger [ERROR]: 		Error while extracting code size based metrics: SyntaxError at line: 2
Traceback (most recent call last):
  File "/root/QuestionInsight/.venv/lib/python3.12/site-packages/radon/raw.py", line 210, in analyze
    tokens, parsed_lines = _get_all_tokens(line, lines)
                           ^^^^^^^^^^^^^^^^^^^^^^^^^^^^
  File "/root/QuestionInsight/.venv/lib/python3.12/site-packages/radon/raw.py", line 117, in _get_all_tokens
    next_line = next(lines)
                ^^^^^^^^^^^
StopIteration

During handling of the above exception, another exception occurred:

Traceback (most recent call last):
  File "/root/QuestionInsight/Etapa_1/codebench-mining-tool/util.py", line 560, in extract_size_metrics
    a = analyze(code)
        ^^^^^^^^^^^^^
  File "/root/QuestionInsight/.venv/lib/python3.12/site-packages/radon/raw.py", line 212, in analyze
    raise SyntaxError('SyntaxError at line: {0}'.format(lineno))
SyntaxError: SyntaxError at line: 2
2025-08-18 19:42:58,062 cblogger [ERROR]: 		Error while extracting halsted code metrics: '(' was never closed (<unknown>, line 2)
Traceback (most recent call last):
  File "/root/QuestionInsight/Etapa_1/codebench-mining-tool/util.py", line 569, in extract_halstead_metrics
    h = h_visit(code)
        ^^^^^^^^^^^^^
  File "/root/QuestionInsight/.venv/lib/python3.12/site-packages/radon/metrics.py", line 29, in h_visit
    return h_visit_ast(ast.parse(code))
                       ^^^^^^^^^^^^^^^
  File "/usr/lib/python3.12/ast.py", line 52, in parse
    return compile(source, filename, mode, flags,
           ^^^^^^^^^^^^^^^^^^^^^^^^^^^^^^^^^^^^^^
  File "<unknown>", line 2
    input("se for 300.0 ou menos"((300.0+30.0))
         ^
SyntaxError: '(' was never closed
2025-08-18 19:42:58,085 cblogger [ERROR]: 		Error while extracting code complexity metrics: invalid syntax (<unknown>, line 1)
Traceback (most recent call last):
  File "/root/QuestionInsight/Etapa_1/codebench-mining-tool/util.py", line 551, in extract_complexity_metrics
    v = ComplexityVisitor.from_code(code)
        ^^^^^^^^^^^^^^^^^^^^^^^^^^^^^^^^^
  File "/root/QuestionInsight/.venv/lib/python3.12/site-packages/radon/visitors.py", line 133, in from_code
    return cls.from_ast(code2ast(code), **kwargs)
                        ^^^^^^^^^^^^^^
  File "/root/QuestionInsight/.venv/lib/python3.12/site-packages/radon/visitors.py", line 48, in code2ast
    return ast.parse(source)
           ^^^^^^^^^^^^^^^^^
  File "/usr/lib/python3.12/ast.py", line 52, in parse
    return compile(source, filename, mode, flags,
           ^^^^^^^^^^^^^^^^^^^^^^^^^^^^^^^^^^^^^^
  File "<unknown>", line 1
    var = 
          ^
SyntaxError: invalid syntax
2025-08-18 19:42:58,086 cblogger [ERROR]: 		Error while extracting halsted code metrics: invalid syntax (<unknown>, line 1)
Traceback (most recent call last):
  File "/root/QuestionInsight/Etapa_1/codebench-mining-tool/util.py", line 569, in extract_halstead_metrics
    h = h_visit(code)
        ^^^^^^^^^^^^^
  File "/root/QuestionInsight/.venv/lib/python3.12/site-packages/radon/metrics.py", line 29, in h_visit
    return h_visit_ast(ast.parse(code))
                       ^^^^^^^^^^^^^^^
  File "/usr/lib/python3.12/ast.py", line 52, in parse
    return compile(source, filename, mode, flags,
           ^^^^^^^^^^^^^^^^^^^^^^^^^^^^^^^^^^^^^^
  File "<unknown>", line 1
    var = 
          ^
SyntaxError: invalid syntax
2025-08-18 19:42:58,107 cblogger [ERROR]: 		Error while extracting code complexity metrics: invalid syntax (<unknown>, line 1)
Traceback (most recent call last):
  File "/root/QuestionInsight/Etapa_1/codebench-mining-tool/util.py", line 551, in extract_complexity_metrics
    v = ComplexityVisitor.from_code(code)
        ^^^^^^^^^^^^^^^^^^^^^^^^^^^^^^^^^
  File "/root/QuestionInsight/.venv/lib/python3.12/site-packages/radon/visitors.py", line 133, in from_code
    return cls.from_ast(code2ast(code), **kwargs)
                        ^^^^^^^^^^^^^^
  File "/root/QuestionInsight/.venv/lib/python3.12/site-packages/radon/visitors.py", line 48, in code2ast
    return ast.parse(source)
           ^^^^^^^^^^^^^^^^^
  File "/usr/lib/python3.12/ast.py", line 52, in parse
    return compile(source, filename, mode, flags,
           ^^^^^^^^^^^^^^^^^^^^^^^^^^^^^^^^^^^^^^
  File "<unknown>", line 1
    if=par:
      ^
SyntaxError: invalid syntax
2025-08-18 19:42:58,118 cblogger [ERROR]: 		Error while extracting halsted code metrics: invalid syntax (<unknown>, line 1)
Traceback (most recent call last):
  File "/root/QuestionInsight/Etapa_1/codebench-mining-tool/util.py", line 569, in extract_halstead_metrics
    h = h_visit(code)
        ^^^^^^^^^^^^^
  File "/root/QuestionInsight/.venv/lib/python3.12/site-packages/radon/metrics.py", line 29, in h_visit
    return h_visit_ast(ast.parse(code))
                       ^^^^^^^^^^^^^^^
  File "/usr/lib/python3.12/ast.py", line 52, in parse
    return compile(source, filename, mode, flags,
           ^^^^^^^^^^^^^^^^^^^^^^^^^^^^^^^^^^^^^^
  File "<unknown>", line 1
    if=par:
      ^
SyntaxError: invalid syntax
2025-08-18 19:42:58,119 cblogger [ERROR]: 		Error while extracting code complexity metrics: '(' was never closed (<unknown>, line 3)
Traceback (most recent call last):
  File "/root/QuestionInsight/Etapa_1/codebench-mining-tool/util.py", line 551, in extract_complexity_metrics
    v = ComplexityVisitor.from_code(code)
        ^^^^^^^^^^^^^^^^^^^^^^^^^^^^^^^^^
  File "/root/QuestionInsight/.venv/lib/python3.12/site-packages/radon/visitors.py", line 133, in from_code
    return cls.from_ast(code2ast(code), **kwargs)
                        ^^^^^^^^^^^^^^
  File "/root/QuestionInsight/.venv/lib/python3.12/site-packages/radon/visitors.py", line 48, in code2ast
    return ast.parse(source)
           ^^^^^^^^^^^^^^^^^
  File "/usr/lib/python3.12/ast.py", line 52, in parse
    return compile(source, filename, mode, flags,
           ^^^^^^^^^^^^^^^^^^^^^^^^^^^^^^^^^^^^^^
  File "<unknown>", line 3
    notas10= (dinheiro - (notas50*50)
             ^
SyntaxError: '(' was never closed
2025-08-18 19:42:58,129 cblogger [ERROR]: 		Error while extracting code size based metrics: SyntaxError at line: 3
Traceback (most recent call last):
  File "/root/QuestionInsight/.venv/lib/python3.12/site-packages/radon/raw.py", line 210, in analyze
    tokens, parsed_lines = _get_all_tokens(line, lines)
                           ^^^^^^^^^^^^^^^^^^^^^^^^^^^^
  File "/root/QuestionInsight/.venv/lib/python3.12/site-packages/radon/raw.py", line 117, in _get_all_tokens
    next_line = next(lines)
                ^^^^^^^^^^^
StopIteration

During handling of the above exception, another exception occurred:

Traceback (most recent call last):
  File "/root/QuestionInsight/Etapa_1/codebench-mining-tool/util.py", line 560, in extract_size_metrics
    a = analyze(code)
        ^^^^^^^^^^^^^
  File "/root/QuestionInsight/.venv/lib/python3.12/site-packages/radon/raw.py", line 212, in analyze
    raise SyntaxError('SyntaxError at line: {0}'.format(lineno))
SyntaxError: SyntaxError at line: 3
2025-08-18 19:42:58,129 cblogger [ERROR]: 		Error while extracting halsted code metrics: '(' was never closed (<unknown>, line 3)
Traceback (most recent call last):
  File "/root/QuestionInsight/Etapa_1/codebench-mining-tool/util.py", line 569, in extract_halstead_metrics
    h = h_visit(code)
        ^^^^^^^^^^^^^
  File "/root/QuestionInsight/.venv/lib/python3.12/site-packages/radon/metrics.py", line 29, in h_visit
    return h_visit_ast(ast.parse(code))
                       ^^^^^^^^^^^^^^^
  File "/usr/lib/python3.12/ast.py", line 52, in parse
    return compile(source, filename, mode, flags,
           ^^^^^^^^^^^^^^^^^^^^^^^^^^^^^^^^^^^^^^
  File "<unknown>", line 3
    notas10= (dinheiro - (notas50*50)
             ^
SyntaxError: '(' was never closed
2025-08-18 19:42:58,301 cblogger [ERROR]: 		Error while extracting code complexity metrics: invalid syntax (<unknown>, line 2)
Traceback (most recent call last):
  File "/root/QuestionInsight/Etapa_1/codebench-mining-tool/util.py", line 551, in extract_complexity_metrics
    v = ComplexityVisitor.from_code(code)
        ^^^^^^^^^^^^^^^^^^^^^^^^^^^^^^^^^
  File "/root/QuestionInsight/.venv/lib/python3.12/site-packages/radon/visitors.py", line 133, in from_code
    return cls.from_ast(code2ast(code), **kwargs)
                        ^^^^^^^^^^^^^^
  File "/root/QuestionInsight/.venv/lib/python3.12/site-packages/radon/visitors.py", line 48, in code2ast
    return ast.parse(source)
           ^^^^^^^^^^^^^^^^^
  File "/usr/lib/python3.12/ast.py", line 52, in parse
    return compile(source, filename, mode, flags,
           ^^^^^^^^^^^^^^^^^^^^^^^^^^^^^^^^^^^^^^
  File "<unknown>", line 2
    estimativa de alunos=
               ^^
SyntaxError: invalid syntax
2025-08-18 19:42:58,301 cblogger [ERROR]: 		Error while extracting halsted code metrics: invalid syntax (<unknown>, line 2)
Traceback (most recent call last):
  File "/root/QuestionInsight/Etapa_1/codebench-mining-tool/util.py", line 569, in extract_halstead_metrics
    h = h_visit(code)
        ^^^^^^^^^^^^^
  File "/root/QuestionInsight/.venv/lib/python3.12/site-packages/radon/metrics.py", line 29, in h_visit
    return h_visit_ast(ast.parse(code))
                       ^^^^^^^^^^^^^^^
  File "/usr/lib/python3.12/ast.py", line 52, in parse
    return compile(source, filename, mode, flags,
           ^^^^^^^^^^^^^^^^^^^^^^^^^^^^^^^^^^^^^^
  File "<unknown>", line 2
    estimativa de alunos=
               ^^
SyntaxError: invalid syntax
2025-08-18 19:42:58,860 cblogger [ERROR]: 		Error while extracting code complexity metrics: invalid syntax (<unknown>, line 3)
Traceback (most recent call last):
  File "/root/QuestionInsight/Etapa_1/codebench-mining-tool/util.py", line 551, in extract_complexity_metrics
    v = ComplexityVisitor.from_code(code)
        ^^^^^^^^^^^^^^^^^^^^^^^^^^^^^^^^^
  File "/root/QuestionInsight/.venv/lib/python3.12/site-packages/radon/visitors.py", line 133, in from_code
    return cls.from_ast(code2ast(code), **kwargs)
                        ^^^^^^^^^^^^^^
  File "/root/QuestionInsight/.venv/lib/python3.12/site-packages/radon/visitors.py", line 48, in code2ast
    return ast.parse(source)
           ^^^^^^^^^^^^^^^^^
  File "/usr/lib/python3.12/ast.py", line 52, in parse
    return compile(source, filename, mode, flags,
           ^^^^^^^^^^^^^^^^^^^^^^^^^^^^^^^^^^^^^^
  File "<unknown>", line 3
    from math import
                    ^
SyntaxError: invalid syntax
2025-08-18 19:42:58,861 cblogger [ERROR]: 		Error while extracting halsted code metrics: invalid syntax (<unknown>, line 3)
Traceback (most recent call last):
  File "/root/QuestionInsight/Etapa_1/codebench-mining-tool/util.py", line 569, in extract_halstead_metrics
    h = h_visit(code)
        ^^^^^^^^^^^^^
  File "/root/QuestionInsight/.venv/lib/python3.12/site-packages/radon/metrics.py", line 29, in h_visit
    return h_visit_ast(ast.parse(code))
                       ^^^^^^^^^^^^^^^
  File "/usr/lib/python3.12/ast.py", line 52, in parse
    return compile(source, filename, mode, flags,
           ^^^^^^^^^^^^^^^^^^^^^^^^^^^^^^^^^^^^^^
  File "<unknown>", line 3
    from math import
                    ^
SyntaxError: invalid syntax
2025-08-18 19:42:58,997 cblogger [ERROR]: 		Error while extracting code complexity metrics: invalid syntax. Perhaps you forgot a comma? (<unknown>, line 18)
Traceback (most recent call last):
  File "/root/QuestionInsight/Etapa_1/codebench-mining-tool/util.py", line 551, in extract_complexity_metrics
    v = ComplexityVisitor.from_code(code)
        ^^^^^^^^^^^^^^^^^^^^^^^^^^^^^^^^^
  File "/root/QuestionInsight/.venv/lib/python3.12/site-packages/radon/visitors.py", line 133, in from_code
    return cls.from_ast(code2ast(code), **kwargs)
                        ^^^^^^^^^^^^^^
  File "/root/QuestionInsight/.venv/lib/python3.12/site-packages/radon/visitors.py", line 48, in code2ast
    return ast.parse(source)
           ^^^^^^^^^^^^^^^^^
  File "/usr/lib/python3.12/ast.py", line 52, in parse
    return compile(source, filename, mode, flags,
           ^^^^^^^^^^^^^^^^^^^^^^^^^^^^^^^^^^^^^^
  File "<unknown>", line 18
    	if (___COMPLETE AQUI___):
    	    ^^^^^^^^^^^^^^^^^^^
SyntaxError: invalid syntax. Perhaps you forgot a comma?
2025-08-18 19:42:59,000 cblogger [ERROR]: 		Error while extracting halsted code metrics: invalid syntax. Perhaps you forgot a comma? (<unknown>, line 18)
Traceback (most recent call last):
  File "/root/QuestionInsight/Etapa_1/codebench-mining-tool/util.py", line 569, in extract_halstead_metrics
    h = h_visit(code)
        ^^^^^^^^^^^^^
  File "/root/QuestionInsight/.venv/lib/python3.12/site-packages/radon/metrics.py", line 29, in h_visit
    return h_visit_ast(ast.parse(code))
                       ^^^^^^^^^^^^^^^
  File "/usr/lib/python3.12/ast.py", line 52, in parse
    return compile(source, filename, mode, flags,
           ^^^^^^^^^^^^^^^^^^^^^^^^^^^^^^^^^^^^^^
  File "<unknown>", line 18
    	if (___COMPLETE AQUI___):
    	    ^^^^^^^^^^^^^^^^^^^
SyntaxError: invalid syntax. Perhaps you forgot a comma?
2025-08-18 19:42:59,010 cblogger [ERROR]: 		Error while extracting code complexity metrics: invalid syntax (<unknown>, line 4)
Traceback (most recent call last):
  File "/root/QuestionInsight/Etapa_1/codebench-mining-tool/util.py", line 551, in extract_complexity_metrics
    v = ComplexityVisitor.from_code(code)
        ^^^^^^^^^^^^^^^^^^^^^^^^^^^^^^^^^
  File "/root/QuestionInsight/.venv/lib/python3.12/site-packages/radon/visitors.py", line 133, in from_code
    return cls.from_ast(code2ast(code), **kwargs)
                        ^^^^^^^^^^^^^^
  File "/root/QuestionInsight/.venv/lib/python3.12/site-packages/radon/visitors.py", line 48, in code2ast
    return ast.parse(source)
           ^^^^^^^^^^^^^^^^^
  File "/usr/lib/python3.12/ast.py", line 52, in parse
    return compile(source, filename, mode, flags,
           ^^^^^^^^^^^^^^^^^^^^^^^^^^^^^^^^^^^^^^
  File "<unknown>", line 4
    if: constricao 
      ^
SyntaxError: invalid syntax
2025-08-18 19:42:59,011 cblogger [ERROR]: 		Error while extracting halsted code metrics: invalid syntax (<unknown>, line 4)
Traceback (most recent call last):
  File "/root/QuestionInsight/Etapa_1/codebench-mining-tool/util.py", line 569, in extract_halstead_metrics
    h = h_visit(code)
        ^^^^^^^^^^^^^
  File "/root/QuestionInsight/.venv/lib/python3.12/site-packages/radon/metrics.py", line 29, in h_visit
    return h_visit_ast(ast.parse(code))
                       ^^^^^^^^^^^^^^^
  File "/usr/lib/python3.12/ast.py", line 52, in parse
    return compile(source, filename, mode, flags,
           ^^^^^^^^^^^^^^^^^^^^^^^^^^^^^^^^^^^^^^
  File "<unknown>", line 4
    if: constricao 
      ^
SyntaxError: invalid syntax
2025-08-18 19:42:59,025 cblogger [ERROR]: 		Error while extracting code complexity metrics: invalid syntax. Perhaps you forgot a comma? (<unknown>, line 16)
Traceback (most recent call last):
  File "/root/QuestionInsight/Etapa_1/codebench-mining-tool/util.py", line 551, in extract_complexity_metrics
    v = ComplexityVisitor.from_code(code)
        ^^^^^^^^^^^^^^^^^^^^^^^^^^^^^^^^^
  File "/root/QuestionInsight/.venv/lib/python3.12/site-packages/radon/visitors.py", line 133, in from_code
    return cls.from_ast(code2ast(code), **kwargs)
                        ^^^^^^^^^^^^^^
  File "/root/QuestionInsight/.venv/lib/python3.12/site-packages/radon/visitors.py", line 48, in code2ast
    return ast.parse(source)
           ^^^^^^^^^^^^^^^^^
  File "/usr/lib/python3.12/ast.py", line 52, in parse
    return compile(source, filename, mode, flags,
           ^^^^^^^^^^^^^^^^^^^^^^^^^^^^^^^^^^^^^^
  File "<unknown>", line 16
    if (___COMPLETE AQUI___):
        ^^^^^^^^^^^^^^^^^^^
SyntaxError: invalid syntax. Perhaps you forgot a comma?
2025-08-18 19:42:59,026 cblogger [ERROR]: 		Error while extracting halsted code metrics: invalid syntax. Perhaps you forgot a comma? (<unknown>, line 16)
Traceback (most recent call last):
  File "/root/QuestionInsight/Etapa_1/codebench-mining-tool/util.py", line 569, in extract_halstead_metrics
    h = h_visit(code)
        ^^^^^^^^^^^^^
  File "/root/QuestionInsight/.venv/lib/python3.12/site-packages/radon/metrics.py", line 29, in h_visit
    return h_visit_ast(ast.parse(code))
                       ^^^^^^^^^^^^^^^
  File "/usr/lib/python3.12/ast.py", line 52, in parse
    return compile(source, filename, mode, flags,
           ^^^^^^^^^^^^^^^^^^^^^^^^^^^^^^^^^^^^^^
  File "<unknown>", line 16
    if (___COMPLETE AQUI___):
        ^^^^^^^^^^^^^^^^^^^
SyntaxError: invalid syntax. Perhaps you forgot a comma?
2025-08-18 19:42:59,089 cblogger [ERROR]: 		Error while extracting code complexity metrics: unexpected indent (<unknown>, line 1)
Traceback (most recent call last):
  File "/root/QuestionInsight/Etapa_1/codebench-mining-tool/util.py", line 551, in extract_complexity_metrics
    v = ComplexityVisitor.from_code(code)
        ^^^^^^^^^^^^^^^^^^^^^^^^^^^^^^^^^
  File "/root/QuestionInsight/.venv/lib/python3.12/site-packages/radon/visitors.py", line 133, in from_code
    return cls.from_ast(code2ast(code), **kwargs)
                        ^^^^^^^^^^^^^^
  File "/root/QuestionInsight/.venv/lib/python3.12/site-packages/radon/visitors.py", line 48, in code2ast
    return ast.parse(source)
           ^^^^^^^^^^^^^^^^^
  File "/usr/lib/python3.12/ast.py", line 52, in parse
    return compile(source, filename, mode, flags,
           ^^^^^^^^^^^^^^^^^^^^^^^^^^^^^^^^^^^^^^
  File "<unknown>", line 1
    var = 10 % *100
IndentationError: unexpected indent
2025-08-18 19:42:59,089 cblogger [ERROR]: 		Error while extracting halsted code metrics: unexpected indent (<unknown>, line 1)
Traceback (most recent call last):
  File "/root/QuestionInsight/Etapa_1/codebench-mining-tool/util.py", line 569, in extract_halstead_metrics
    h = h_visit(code)
        ^^^^^^^^^^^^^
  File "/root/QuestionInsight/.venv/lib/python3.12/site-packages/radon/metrics.py", line 29, in h_visit
    return h_visit_ast(ast.parse(code))
                       ^^^^^^^^^^^^^^^
  File "/usr/lib/python3.12/ast.py", line 52, in parse
    return compile(source, filename, mode, flags,
           ^^^^^^^^^^^^^^^^^^^^^^^^^^^^^^^^^^^^^^
  File "<unknown>", line 1
    var = 10 % *100
IndentationError: unexpected indent
2025-08-18 19:42:59,101 cblogger [ERROR]: 		Error while extracting code complexity metrics: invalid syntax (<unknown>, line 13)
Traceback (most recent call last):
  File "/root/QuestionInsight/Etapa_1/codebench-mining-tool/util.py", line 551, in extract_complexity_metrics
    v = ComplexityVisitor.from_code(code)
        ^^^^^^^^^^^^^^^^^^^^^^^^^^^^^^^^^
  File "/root/QuestionInsight/.venv/lib/python3.12/site-packages/radon/visitors.py", line 133, in from_code
    return cls.from_ast(code2ast(code), **kwargs)
                        ^^^^^^^^^^^^^^
  File "/root/QuestionInsight/.venv/lib/python3.12/site-packages/radon/visitors.py", line 48, in code2ast
    return ast.parse(source)
           ^^^^^^^^^^^^^^^^^
  File "/usr/lib/python3.12/ast.py", line 52, in parse
    return compile(source, filename, mode, flags,
           ^^^^^^^^^^^^^^^^^^^^^^^^^^^^^^^^^^^^^^
  File "<unknown>", line 13
    print (round(,6))	
                 ^
SyntaxError: invalid syntax
2025-08-18 19:42:59,102 cblogger [ERROR]: 		Error while extracting halsted code metrics: invalid syntax (<unknown>, line 13)
Traceback (most recent call last):
  File "/root/QuestionInsight/Etapa_1/codebench-mining-tool/util.py", line 569, in extract_halstead_metrics
    h = h_visit(code)
        ^^^^^^^^^^^^^
  File "/root/QuestionInsight/.venv/lib/python3.12/site-packages/radon/metrics.py", line 29, in h_visit
    return h_visit_ast(ast.parse(code))
                       ^^^^^^^^^^^^^^^
  File "/usr/lib/python3.12/ast.py", line 52, in parse
    return compile(source, filename, mode, flags,
           ^^^^^^^^^^^^^^^^^^^^^^^^^^^^^^^^^^^^^^
  File "<unknown>", line 13
    print (round(,6))	
                 ^
SyntaxError: invalid syntax
2025-08-18 19:42:59,107 cblogger [ERROR]: 		Error while extracting code complexity metrics: expected an indented block after 'while' statement on line 10 (<unknown>, line 10)
Traceback (most recent call last):
  File "/root/QuestionInsight/Etapa_1/codebench-mining-tool/util.py", line 551, in extract_complexity_metrics
    v = ComplexityVisitor.from_code(code)
        ^^^^^^^^^^^^^^^^^^^^^^^^^^^^^^^^^
  File "/root/QuestionInsight/.venv/lib/python3.12/site-packages/radon/visitors.py", line 133, in from_code
    return cls.from_ast(code2ast(code), **kwargs)
                        ^^^^^^^^^^^^^^
  File "/root/QuestionInsight/.venv/lib/python3.12/site-packages/radon/visitors.py", line 48, in code2ast
    return ast.parse(source)
           ^^^^^^^^^^^^^^^^^
  File "/usr/lib/python3.12/ast.py", line 52, in parse
    return compile(source, filename, mode, flags,
           ^^^^^^^^^^^^^^^^^^^^^^^^^^^^^^^^^^^^^^
  File "<unknown>", line 10
    while():
            ^
IndentationError: expected an indented block after 'while' statement on line 10
2025-08-18 19:42:59,107 cblogger [ERROR]: 		Error while extracting halsted code metrics: expected an indented block after 'while' statement on line 10 (<unknown>, line 10)
Traceback (most recent call last):
  File "/root/QuestionInsight/Etapa_1/codebench-mining-tool/util.py", line 569, in extract_halstead_metrics
    h = h_visit(code)
        ^^^^^^^^^^^^^
  File "/root/QuestionInsight/.venv/lib/python3.12/site-packages/radon/metrics.py", line 29, in h_visit
    return h_visit_ast(ast.parse(code))
                       ^^^^^^^^^^^^^^^
  File "/usr/lib/python3.12/ast.py", line 52, in parse
    return compile(source, filename, mode, flags,
           ^^^^^^^^^^^^^^^^^^^^^^^^^^^^^^^^^^^^^^
  File "<unknown>", line 10
    while():
            ^
IndentationError: expected an indented block after 'while' statement on line 10
2025-08-18 19:42:59,111 cblogger [ERROR]: 		Error while extracting code complexity metrics: invalid syntax (<unknown>, line 1)
Traceback (most recent call last):
  File "/root/QuestionInsight/Etapa_1/codebench-mining-tool/util.py", line 551, in extract_complexity_metrics
    v = ComplexityVisitor.from_code(code)
        ^^^^^^^^^^^^^^^^^^^^^^^^^^^^^^^^^
  File "/root/QuestionInsight/.venv/lib/python3.12/site-packages/radon/visitors.py", line 133, in from_code
    return cls.from_ast(code2ast(code), **kwargs)
                        ^^^^^^^^^^^^^^
  File "/root/QuestionInsight/.venv/lib/python3.12/site-packages/radon/visitors.py", line 48, in code2ast
    return ast.parse(source)
           ^^^^^^^^^^^^^^^^^
  File "/usr/lib/python3.12/ast.py", line 52, in parse
    return compile(source, filename, mode, flags,
           ^^^^^^^^^^^^^^^^^^^^^^^^^^^^^^^^^^^^^^
  File "<unknown>", line 1
    from math import
                    ^
SyntaxError: invalid syntax
2025-08-18 19:42:59,111 cblogger [ERROR]: 		Error while extracting halsted code metrics: invalid syntax (<unknown>, line 1)
Traceback (most recent call last):
  File "/root/QuestionInsight/Etapa_1/codebench-mining-tool/util.py", line 569, in extract_halstead_metrics
    h = h_visit(code)
        ^^^^^^^^^^^^^
  File "/root/QuestionInsight/.venv/lib/python3.12/site-packages/radon/metrics.py", line 29, in h_visit
    return h_visit_ast(ast.parse(code))
                       ^^^^^^^^^^^^^^^
  File "/usr/lib/python3.12/ast.py", line 52, in parse
    return compile(source, filename, mode, flags,
           ^^^^^^^^^^^^^^^^^^^^^^^^^^^^^^^^^^^^^^
  File "<unknown>", line 1
    from math import
                    ^
SyntaxError: invalid syntax
2025-08-18 19:42:59,116 cblogger [ERROR]: 		Error while extracting code complexity metrics: expected ':' (<unknown>, line 7)
Traceback (most recent call last):
  File "/root/QuestionInsight/Etapa_1/codebench-mining-tool/util.py", line 551, in extract_complexity_metrics
    v = ComplexityVisitor.from_code(code)
        ^^^^^^^^^^^^^^^^^^^^^^^^^^^^^^^^^
  File "/root/QuestionInsight/.venv/lib/python3.12/site-packages/radon/visitors.py", line 133, in from_code
    return cls.from_ast(code2ast(code), **kwargs)
                        ^^^^^^^^^^^^^^
  File "/root/QuestionInsight/.venv/lib/python3.12/site-packages/radon/visitors.py", line 48, in code2ast
    return ast.parse(source)
           ^^^^^^^^^^^^^^^^^
  File "/usr/lib/python3.12/ast.py", line 52, in parse
    return compile(source, filename, mode, flags,
           ^^^^^^^^^^^^^^^^^^^^^^^^^^^^^^^^^^^^^^
  File "<unknown>", line 7
    while()
           ^
SyntaxError: expected ':'
2025-08-18 19:42:59,116 cblogger [ERROR]: 		Error while extracting halsted code metrics: expected ':' (<unknown>, line 7)
Traceback (most recent call last):
  File "/root/QuestionInsight/Etapa_1/codebench-mining-tool/util.py", line 569, in extract_halstead_metrics
    h = h_visit(code)
        ^^^^^^^^^^^^^
  File "/root/QuestionInsight/.venv/lib/python3.12/site-packages/radon/metrics.py", line 29, in h_visit
    return h_visit_ast(ast.parse(code))
                       ^^^^^^^^^^^^^^^
  File "/usr/lib/python3.12/ast.py", line 52, in parse
    return compile(source, filename, mode, flags,
           ^^^^^^^^^^^^^^^^^^^^^^^^^^^^^^^^^^^^^^
  File "<unknown>", line 7
    while()
           ^
SyntaxError: expected ':'
2025-08-18 19:42:59,134 cblogger [ERROR]: 		Error while extracting code complexity metrics: invalid syntax. Maybe you meant '==' or ':=' instead of '='? (<unknown>, line 8)
Traceback (most recent call last):
  File "/root/QuestionInsight/Etapa_1/codebench-mining-tool/util.py", line 551, in extract_complexity_metrics
    v = ComplexityVisitor.from_code(code)
        ^^^^^^^^^^^^^^^^^^^^^^^^^^^^^^^^^
  File "/root/QuestionInsight/.venv/lib/python3.12/site-packages/radon/visitors.py", line 133, in from_code
    return cls.from_ast(code2ast(code), **kwargs)
                        ^^^^^^^^^^^^^^
  File "/root/QuestionInsight/.venv/lib/python3.12/site-packages/radon/visitors.py", line 48, in code2ast
    return ast.parse(source)
           ^^^^^^^^^^^^^^^^^
  File "/usr/lib/python3.12/ast.py", line 52, in parse
    return compile(source, filename, mode, flags,
           ^^^^^^^^^^^^^^^^^^^^^^^^^^^^^^^^^^^^^^
  File "<unknown>", line 8
    		if (vet = 1):
    		    ^^^^^^^
SyntaxError: invalid syntax. Maybe you meant '==' or ':=' instead of '='?
2025-08-18 19:42:59,134 cblogger [ERROR]: 		Error while extracting halsted code metrics: invalid syntax. Maybe you meant '==' or ':=' instead of '='? (<unknown>, line 8)
Traceback (most recent call last):
  File "/root/QuestionInsight/Etapa_1/codebench-mining-tool/util.py", line 569, in extract_halstead_metrics
    h = h_visit(code)
        ^^^^^^^^^^^^^
  File "/root/QuestionInsight/.venv/lib/python3.12/site-packages/radon/metrics.py", line 29, in h_visit
    return h_visit_ast(ast.parse(code))
                       ^^^^^^^^^^^^^^^
  File "/usr/lib/python3.12/ast.py", line 52, in parse
    return compile(source, filename, mode, flags,
           ^^^^^^^^^^^^^^^^^^^^^^^^^^^^^^^^^^^^^^
  File "<unknown>", line 8
    		if (vet = 1):
    		    ^^^^^^^
SyntaxError: invalid syntax. Maybe you meant '==' or ':=' instead of '='?
2025-08-18 19:42:59,138 cblogger [ERROR]: 		Error while extracting code complexity metrics: expected ':' (<unknown>, line 6)
Traceback (most recent call last):
  File "/root/QuestionInsight/Etapa_1/codebench-mining-tool/util.py", line 551, in extract_complexity_metrics
    v = ComplexityVisitor.from_code(code)
        ^^^^^^^^^^^^^^^^^^^^^^^^^^^^^^^^^
  File "/root/QuestionInsight/.venv/lib/python3.12/site-packages/radon/visitors.py", line 133, in from_code
    return cls.from_ast(code2ast(code), **kwargs)
                        ^^^^^^^^^^^^^^
  File "/root/QuestionInsight/.venv/lib/python3.12/site-packages/radon/visitors.py", line 48, in code2ast
    return ast.parse(source)
           ^^^^^^^^^^^^^^^^^
  File "/usr/lib/python3.12/ast.py", line 52, in parse
    return compile(source, filename, mode, flags,
           ^^^^^^^^^^^^^^^^^^^^^^^^^^^^^^^^^^^^^^
  File "<unknown>", line 6
    while()
           ^
SyntaxError: expected ':'
2025-08-18 19:42:59,139 cblogger [ERROR]: 		Error while extracting halsted code metrics: expected ':' (<unknown>, line 6)
Traceback (most recent call last):
  File "/root/QuestionInsight/Etapa_1/codebench-mining-tool/util.py", line 569, in extract_halstead_metrics
    h = h_visit(code)
        ^^^^^^^^^^^^^
  File "/root/QuestionInsight/.venv/lib/python3.12/site-packages/radon/metrics.py", line 29, in h_visit
    return h_visit_ast(ast.parse(code))
                       ^^^^^^^^^^^^^^^
  File "/usr/lib/python3.12/ast.py", line 52, in parse
    return compile(source, filename, mode, flags,
           ^^^^^^^^^^^^^^^^^^^^^^^^^^^^^^^^^^^^^^
  File "<unknown>", line 6
    while()
           ^
SyntaxError: expected ':'
2025-08-18 19:42:59,147 cblogger [ERROR]: 		Error while extracting code complexity metrics: expected an indented block after 'if' statement on line 10 (<unknown>, line 12)
Traceback (most recent call last):
  File "/root/QuestionInsight/Etapa_1/codebench-mining-tool/util.py", line 551, in extract_complexity_metrics
    v = ComplexityVisitor.from_code(code)
        ^^^^^^^^^^^^^^^^^^^^^^^^^^^^^^^^^
  File "/root/QuestionInsight/.venv/lib/python3.12/site-packages/radon/visitors.py", line 133, in from_code
    return cls.from_ast(code2ast(code), **kwargs)
                        ^^^^^^^^^^^^^^
  File "/root/QuestionInsight/.venv/lib/python3.12/site-packages/radon/visitors.py", line 48, in code2ast
    return ast.parse(source)
           ^^^^^^^^^^^^^^^^^
  File "/usr/lib/python3.12/ast.py", line 52, in parse
    return compile(source, filename, mode, flags,
           ^^^^^^^^^^^^^^^^^^^^^^^^^^^^^^^^^^^^^^
  File "<unknown>", line 12
    		
    		^
IndentationError: expected an indented block after 'if' statement on line 10
2025-08-18 19:42:59,148 cblogger [ERROR]: 		Error while extracting halsted code metrics: expected an indented block after 'if' statement on line 10 (<unknown>, line 12)
Traceback (most recent call last):
  File "/root/QuestionInsight/Etapa_1/codebench-mining-tool/util.py", line 569, in extract_halstead_metrics
    h = h_visit(code)
        ^^^^^^^^^^^^^
  File "/root/QuestionInsight/.venv/lib/python3.12/site-packages/radon/metrics.py", line 29, in h_visit
    return h_visit_ast(ast.parse(code))
                       ^^^^^^^^^^^^^^^
  File "/usr/lib/python3.12/ast.py", line 52, in parse
    return compile(source, filename, mode, flags,
           ^^^^^^^^^^^^^^^^^^^^^^^^^^^^^^^^^^^^^^
  File "<unknown>", line 12
    		
    		^
IndentationError: expected an indented block after 'if' statement on line 10
2025-08-18 19:42:59,150 cblogger [ERROR]: 		Error while extracting code complexity metrics: Missing parentheses in call to 'print'. Did you mean print(...)? (<unknown>, line 1)
Traceback (most recent call last):
  File "/root/QuestionInsight/Etapa_1/codebench-mining-tool/util.py", line 551, in extract_complexity_metrics
    v = ComplexityVisitor.from_code(code)
        ^^^^^^^^^^^^^^^^^^^^^^^^^^^^^^^^^
  File "/root/QuestionInsight/.venv/lib/python3.12/site-packages/radon/visitors.py", line 133, in from_code
    return cls.from_ast(code2ast(code), **kwargs)
                        ^^^^^^^^^^^^^^
  File "/root/QuestionInsight/.venv/lib/python3.12/site-packages/radon/visitors.py", line 48, in code2ast
    return ast.parse(source)
           ^^^^^^^^^^^^^^^^^
  File "/usr/lib/python3.12/ast.py", line 52, in parse
    return compile(source, filename, mode, flags,
           ^^^^^^^^^^^^^^^^^^^^^^^^^^^^^^^^^^^^^^
  File "<unknown>", line 1
    print "Universidade Federal do Amazonas"
    ^^^^^^^^^^^^^^^^^^^^^^^^^^^^^^^^^^^^^^^^
SyntaxError: Missing parentheses in call to 'print'. Did you mean print(...)?
2025-08-18 19:42:59,150 cblogger [ERROR]: 		Error while extracting halsted code metrics: Missing parentheses in call to 'print'. Did you mean print(...)? (<unknown>, line 1)
Traceback (most recent call last):
  File "/root/QuestionInsight/Etapa_1/codebench-mining-tool/util.py", line 569, in extract_halstead_metrics
    h = h_visit(code)
        ^^^^^^^^^^^^^
  File "/root/QuestionInsight/.venv/lib/python3.12/site-packages/radon/metrics.py", line 29, in h_visit
    return h_visit_ast(ast.parse(code))
                       ^^^^^^^^^^^^^^^
  File "/usr/lib/python3.12/ast.py", line 52, in parse
    return compile(source, filename, mode, flags,
           ^^^^^^^^^^^^^^^^^^^^^^^^^^^^^^^^^^^^^^
  File "<unknown>", line 1
    print "Universidade Federal do Amazonas"
    ^^^^^^^^^^^^^^^^^^^^^^^^^^^^^^^^^^^^^^^^
SyntaxError: Missing parentheses in call to 'print'. Did you mean print(...)?
2025-08-18 19:42:59,563 cblogger [ERROR]: 		Error while extracting code complexity metrics: invalid syntax (<unknown>, line 11)
Traceback (most recent call last):
  File "/root/QuestionInsight/Etapa_1/codebench-mining-tool/util.py", line 551, in extract_complexity_metrics
    v = ComplexityVisitor.from_code(code)
        ^^^^^^^^^^^^^^^^^^^^^^^^^^^^^^^^^
  File "/root/QuestionInsight/.venv/lib/python3.12/site-packages/radon/visitors.py", line 133, in from_code
    return cls.from_ast(code2ast(code), **kwargs)
                        ^^^^^^^^^^^^^^
  File "/root/QuestionInsight/.venv/lib/python3.12/site-packages/radon/visitors.py", line 48, in code2ast
    return ast.parse(source)
           ^^^^^^^^^^^^^^^^^
  File "/usr/lib/python3.12/ast.py", line 52, in parse
    return compile(source, filename, mode, flags,
           ^^^^^^^^^^^^^^^^^^^^^^^^^^^^^^^^^^^^^^
  File "<unknown>", line 11
    frutas = array([[3 , 12 ,1 ], [12 ,2 ], [2 ,  ,  ]])
                                                  ^
SyntaxError: invalid syntax
2025-08-18 19:42:59,577 cblogger [ERROR]: 		Error while extracting halsted code metrics: invalid syntax (<unknown>, line 11)
Traceback (most recent call last):
  File "/root/QuestionInsight/Etapa_1/codebench-mining-tool/util.py", line 569, in extract_halstead_metrics
    h = h_visit(code)
        ^^^^^^^^^^^^^
  File "/root/QuestionInsight/.venv/lib/python3.12/site-packages/radon/metrics.py", line 29, in h_visit
    return h_visit_ast(ast.parse(code))
                       ^^^^^^^^^^^^^^^
  File "/usr/lib/python3.12/ast.py", line 52, in parse
    return compile(source, filename, mode, flags,
           ^^^^^^^^^^^^^^^^^^^^^^^^^^^^^^^^^^^^^^
  File "<unknown>", line 11
    frutas = array([[3 , 12 ,1 ], [12 ,2 ], [2 ,  ,  ]])
                                                  ^
SyntaxError: invalid syntax
2025-08-18 19:43:02,245 cblogger [ERROR]: 		Error while extracting code complexity metrics: expected ':' (<unknown>, line 10)
Traceback (most recent call last):
  File "/root/QuestionInsight/Etapa_1/codebench-mining-tool/util.py", line 551, in extract_complexity_metrics
    v = ComplexityVisitor.from_code(code)
        ^^^^^^^^^^^^^^^^^^^^^^^^^^^^^^^^^
  File "/root/QuestionInsight/.venv/lib/python3.12/site-packages/radon/visitors.py", line 133, in from_code
    return cls.from_ast(code2ast(code), **kwargs)
                        ^^^^^^^^^^^^^^
  File "/root/QuestionInsight/.venv/lib/python3.12/site-packages/radon/visitors.py", line 48, in code2ast
    return ast.parse(source)
           ^^^^^^^^^^^^^^^^^
  File "/usr/lib/python3.12/ast.py", line 52, in parse
    return compile(source, filename, mode, flags,
           ^^^^^^^^^^^^^^^^^^^^^^^^^^^^^^^^^^^^^^
  File "<unknown>", line 10
    	if vetor [i]
    	            ^
SyntaxError: expected ':'
2025-08-18 19:43:02,246 cblogger [ERROR]: 		Error while extracting halsted code metrics: expected ':' (<unknown>, line 10)
Traceback (most recent call last):
  File "/root/QuestionInsight/Etapa_1/codebench-mining-tool/util.py", line 569, in extract_halstead_metrics
    h = h_visit(code)
        ^^^^^^^^^^^^^
  File "/root/QuestionInsight/.venv/lib/python3.12/site-packages/radon/metrics.py", line 29, in h_visit
    return h_visit_ast(ast.parse(code))
                       ^^^^^^^^^^^^^^^
  File "/usr/lib/python3.12/ast.py", line 52, in parse
    return compile(source, filename, mode, flags,
           ^^^^^^^^^^^^^^^^^^^^^^^^^^^^^^^^^^^^^^
  File "<unknown>", line 10
    	if vetor [i]
    	            ^
SyntaxError: expected ':'
2025-08-18 19:43:02,282 cblogger [ERROR]: 		Error while extracting code complexity metrics: invalid syntax (<unknown>, line 6)
Traceback (most recent call last):
  File "/root/QuestionInsight/Etapa_1/codebench-mining-tool/util.py", line 551, in extract_complexity_metrics
    v = ComplexityVisitor.from_code(code)
        ^^^^^^^^^^^^^^^^^^^^^^^^^^^^^^^^^
  File "/root/QuestionInsight/.venv/lib/python3.12/site-packages/radon/visitors.py", line 133, in from_code
    return cls.from_ast(code2ast(code), **kwargs)
                        ^^^^^^^^^^^^^^
  File "/root/QuestionInsight/.venv/lib/python3.12/site-packages/radon/visitors.py", line 48, in code2ast
    return ast.parse(source)
           ^^^^^^^^^^^^^^^^^
  File "/usr/lib/python3.12/ast.py", line 52, in parse
    return compile(source, filename, mode, flags,
           ^^^^^^^^^^^^^^^^^^^^^^^^^^^^^^^^^^^^^^
  File "<unknown>", line 6
    salario = 
              ^
SyntaxError: invalid syntax
2025-08-18 19:43:02,292 cblogger [ERROR]: 		Error while extracting halsted code metrics: invalid syntax (<unknown>, line 6)
Traceback (most recent call last):
  File "/root/QuestionInsight/Etapa_1/codebench-mining-tool/util.py", line 569, in extract_halstead_metrics
    h = h_visit(code)
        ^^^^^^^^^^^^^
  File "/root/QuestionInsight/.venv/lib/python3.12/site-packages/radon/metrics.py", line 29, in h_visit
    return h_visit_ast(ast.parse(code))
                       ^^^^^^^^^^^^^^^
  File "/usr/lib/python3.12/ast.py", line 52, in parse
    return compile(source, filename, mode, flags,
           ^^^^^^^^^^^^^^^^^^^^^^^^^^^^^^^^^^^^^^
  File "<unknown>", line 6
    salario = 
              ^
SyntaxError: invalid syntax
2025-08-18 19:43:02,371 cblogger [ERROR]: 		Error while extracting code complexity metrics: unindent does not match any outer indentation level (<unknown>, line 12)
Traceback (most recent call last):
  File "/root/QuestionInsight/Etapa_1/codebench-mining-tool/util.py", line 551, in extract_complexity_metrics
    v = ComplexityVisitor.from_code(code)
        ^^^^^^^^^^^^^^^^^^^^^^^^^^^^^^^^^
  File "/root/QuestionInsight/.venv/lib/python3.12/site-packages/radon/visitors.py", line 133, in from_code
    return cls.from_ast(code2ast(code), **kwargs)
                        ^^^^^^^^^^^^^^
  File "/root/QuestionInsight/.venv/lib/python3.12/site-packages/radon/visitors.py", line 48, in code2ast
    return ast.parse(source)
           ^^^^^^^^^^^^^^^^^
  File "/usr/lib/python3.12/ast.py", line 52, in parse
    return compile(source, filename, mode, flags,
           ^^^^^^^^^^^^^^^^^^^^^^^^^^^^^^^^^^^^^^
  File "<unknown>", line 12
    valor_y = ((valor_a * valor_f)  - (valor_c * valor_d)) / denominador
                                                                        ^
IndentationError: unindent does not match any outer indentation level
2025-08-18 19:43:02,372 cblogger [ERROR]: 		Error while extracting halsted code metrics: unindent does not match any outer indentation level (<unknown>, line 12)
Traceback (most recent call last):
  File "/root/QuestionInsight/Etapa_1/codebench-mining-tool/util.py", line 569, in extract_halstead_metrics
    h = h_visit(code)
        ^^^^^^^^^^^^^
  File "/root/QuestionInsight/.venv/lib/python3.12/site-packages/radon/metrics.py", line 29, in h_visit
    return h_visit_ast(ast.parse(code))
                       ^^^^^^^^^^^^^^^
  File "/usr/lib/python3.12/ast.py", line 52, in parse
    return compile(source, filename, mode, flags,
           ^^^^^^^^^^^^^^^^^^^^^^^^^^^^^^^^^^^^^^
  File "<unknown>", line 12
    valor_y = ((valor_a * valor_f)  - (valor_c * valor_d)) / denominador
                                                                        ^
IndentationError: unindent does not match any outer indentation level
2025-08-18 19:43:02,526 cblogger [ERROR]: 		Error while extracting code complexity metrics: expected ':' (<unknown>, line 5)
Traceback (most recent call last):
  File "/root/QuestionInsight/Etapa_1/codebench-mining-tool/util.py", line 551, in extract_complexity_metrics
    v = ComplexityVisitor.from_code(code)
        ^^^^^^^^^^^^^^^^^^^^^^^^^^^^^^^^^
  File "/root/QuestionInsight/.venv/lib/python3.12/site-packages/radon/visitors.py", line 133, in from_code
    return cls.from_ast(code2ast(code), **kwargs)
                        ^^^^^^^^^^^^^^
  File "/root/QuestionInsight/.venv/lib/python3.12/site-packages/radon/visitors.py", line 48, in code2ast
    return ast.parse(source)
           ^^^^^^^^^^^^^^^^^
  File "/usr/lib/python3.12/ast.py", line 52, in parse
    return compile(source, filename, mode, flags,
           ^^^^^^^^^^^^^^^^^^^^^^^^^^^^^^^^^^^^^^
  File "<unknown>", line 5
    	if (dia == 0)
    	             ^
SyntaxError: expected ':'
2025-08-18 19:43:02,527 cblogger [ERROR]: 		Error while extracting halsted code metrics: expected ':' (<unknown>, line 5)
Traceback (most recent call last):
  File "/root/QuestionInsight/Etapa_1/codebench-mining-tool/util.py", line 569, in extract_halstead_metrics
    h = h_visit(code)
        ^^^^^^^^^^^^^
  File "/root/QuestionInsight/.venv/lib/python3.12/site-packages/radon/metrics.py", line 29, in h_visit
    return h_visit_ast(ast.parse(code))
                       ^^^^^^^^^^^^^^^
  File "/usr/lib/python3.12/ast.py", line 52, in parse
    return compile(source, filename, mode, flags,
           ^^^^^^^^^^^^^^^^^^^^^^^^^^^^^^^^^^^^^^
  File "<unknown>", line 5
    	if (dia == 0)
    	             ^
SyntaxError: expected ':'
2025-08-18 19:43:02,540 cblogger [ERROR]: 		Error while extracting code complexity metrics: invalid syntax (<unknown>, line 4)
Traceback (most recent call last):
  File "/root/QuestionInsight/Etapa_1/codebench-mining-tool/util.py", line 551, in extract_complexity_metrics
    v = ComplexityVisitor.from_code(code)
        ^^^^^^^^^^^^^^^^^^^^^^^^^^^^^^^^^
  File "/root/QuestionInsight/.venv/lib/python3.12/site-packages/radon/visitors.py", line 133, in from_code
    return cls.from_ast(code2ast(code), **kwargs)
                        ^^^^^^^^^^^^^^
  File "/root/QuestionInsight/.venv/lib/python3.12/site-packages/radon/visitors.py", line 48, in code2ast
    return ast.parse(source)
           ^^^^^^^^^^^^^^^^^
  File "/usr/lib/python3.12/ast.py", line 52, in parse
    return compile(source, filename, mode, flags,
           ^^^^^^^^^^^^^^^^^^^^^^^^^^^^^^^^^^^^^^
  File "<unknown>", line 4
    while 
          ^
SyntaxError: invalid syntax
2025-08-18 19:43:02,541 cblogger [ERROR]: 		Error while extracting halsted code metrics: invalid syntax (<unknown>, line 4)
Traceback (most recent call last):
  File "/root/QuestionInsight/Etapa_1/codebench-mining-tool/util.py", line 569, in extract_halstead_metrics
    h = h_visit(code)
        ^^^^^^^^^^^^^
  File "/root/QuestionInsight/.venv/lib/python3.12/site-packages/radon/metrics.py", line 29, in h_visit
    return h_visit_ast(ast.parse(code))
                       ^^^^^^^^^^^^^^^
  File "/usr/lib/python3.12/ast.py", line 52, in parse
    return compile(source, filename, mode, flags,
           ^^^^^^^^^^^^^^^^^^^^^^^^^^^^^^^^^^^^^^
  File "<unknown>", line 4
    while 
          ^
SyntaxError: invalid syntax
2025-08-18 19:43:02,718 cblogger [ERROR]: 		Error while extracting code complexity metrics: invalid syntax (<unknown>, line 5)
Traceback (most recent call last):
  File "/root/QuestionInsight/Etapa_1/codebench-mining-tool/util.py", line 551, in extract_complexity_metrics
    v = ComplexityVisitor.from_code(code)
        ^^^^^^^^^^^^^^^^^^^^^^^^^^^^^^^^^
  File "/root/QuestionInsight/.venv/lib/python3.12/site-packages/radon/visitors.py", line 133, in from_code
    return cls.from_ast(code2ast(code), **kwargs)
                        ^^^^^^^^^^^^^^
  File "/root/QuestionInsight/.venv/lib/python3.12/site-packages/radon/visitors.py", line 48, in code2ast
    return ast.parse(source)
           ^^^^^^^^^^^^^^^^^
  File "/usr/lib/python3.12/ast.py", line 52, in parse
    return compile(source, filename, mode, flags,
           ^^^^^^^^^^^^^^^^^^^^^^^^^^^^^^^^^^^^^^
  File "<unknown>", line 5
    resto2 = 
             ^
SyntaxError: invalid syntax
2025-08-18 19:43:02,718 cblogger [ERROR]: 		Error while extracting halsted code metrics: invalid syntax (<unknown>, line 5)
Traceback (most recent call last):
  File "/root/QuestionInsight/Etapa_1/codebench-mining-tool/util.py", line 569, in extract_halstead_metrics
    h = h_visit(code)
        ^^^^^^^^^^^^^
  File "/root/QuestionInsight/.venv/lib/python3.12/site-packages/radon/metrics.py", line 29, in h_visit
    return h_visit_ast(ast.parse(code))
                       ^^^^^^^^^^^^^^^
  File "/usr/lib/python3.12/ast.py", line 52, in parse
    return compile(source, filename, mode, flags,
           ^^^^^^^^^^^^^^^^^^^^^^^^^^^^^^^^^^^^^^
  File "<unknown>", line 5
    resto2 = 
             ^
SyntaxError: invalid syntax
2025-08-18 19:43:02,724 cblogger [ERROR]: 		Error while extracting code complexity metrics: invalid syntax. Perhaps you forgot a comma? (<unknown>, line 18)
Traceback (most recent call last):
  File "/root/QuestionInsight/Etapa_1/codebench-mining-tool/util.py", line 551, in extract_complexity_metrics
    v = ComplexityVisitor.from_code(code)
        ^^^^^^^^^^^^^^^^^^^^^^^^^^^^^^^^^
  File "/root/QuestionInsight/.venv/lib/python3.12/site-packages/radon/visitors.py", line 133, in from_code
    return cls.from_ast(code2ast(code), **kwargs)
                        ^^^^^^^^^^^^^^
  File "/root/QuestionInsight/.venv/lib/python3.12/site-packages/radon/visitors.py", line 48, in code2ast
    return ast.parse(source)
           ^^^^^^^^^^^^^^^^^
  File "/usr/lib/python3.12/ast.py", line 52, in parse
    return compile(source, filename, mode, flags,
           ^^^^^^^^^^^^^^^^^^^^^^^^^^^^^^^^^^^^^^
  File "<unknown>", line 18
    	if (___COMPLETE AQUI___):
    	    ^^^^^^^^^^^^^^^^^^^
SyntaxError: invalid syntax. Perhaps you forgot a comma?
2025-08-18 19:43:02,725 cblogger [ERROR]: 		Error while extracting halsted code metrics: invalid syntax. Perhaps you forgot a comma? (<unknown>, line 18)
Traceback (most recent call last):
  File "/root/QuestionInsight/Etapa_1/codebench-mining-tool/util.py", line 569, in extract_halstead_metrics
    h = h_visit(code)
        ^^^^^^^^^^^^^
  File "/root/QuestionInsight/.venv/lib/python3.12/site-packages/radon/metrics.py", line 29, in h_visit
    return h_visit_ast(ast.parse(code))
                       ^^^^^^^^^^^^^^^
  File "/usr/lib/python3.12/ast.py", line 52, in parse
    return compile(source, filename, mode, flags,
           ^^^^^^^^^^^^^^^^^^^^^^^^^^^^^^^^^^^^^^
  File "<unknown>", line 18
    	if (___COMPLETE AQUI___):
    	    ^^^^^^^^^^^^^^^^^^^
SyntaxError: invalid syntax. Perhaps you forgot a comma?
2025-08-18 19:43:02,728 cblogger [ERROR]: 		Error while extracting code complexity metrics: invalid syntax. Maybe you meant '==' or ':=' instead of '='? (<unknown>, line 6)
Traceback (most recent call last):
  File "/root/QuestionInsight/Etapa_1/codebench-mining-tool/util.py", line 551, in extract_complexity_metrics
    v = ComplexityVisitor.from_code(code)
        ^^^^^^^^^^^^^^^^^^^^^^^^^^^^^^^^^
  File "/root/QuestionInsight/.venv/lib/python3.12/site-packages/radon/visitors.py", line 133, in from_code
    return cls.from_ast(code2ast(code), **kwargs)
                        ^^^^^^^^^^^^^^
  File "/root/QuestionInsight/.venv/lib/python3.12/site-packages/radon/visitors.py", line 48, in code2ast
    return ast.parse(source)
           ^^^^^^^^^^^^^^^^^
  File "/usr/lib/python3.12/ast.py", line 52, in parse
    return compile(source, filename, mode, flags,
           ^^^^^^^^^^^^^^^^^^^^^^^^^^^^^^^^^^^^^^
  File "<unknown>", line 6
    if(X = 2.0):
       ^^^^^^^
SyntaxError: invalid syntax. Maybe you meant '==' or ':=' instead of '='?
2025-08-18 19:43:02,729 cblogger [ERROR]: 		Error while extracting halsted code metrics: invalid syntax. Maybe you meant '==' or ':=' instead of '='? (<unknown>, line 6)
Traceback (most recent call last):
  File "/root/QuestionInsight/Etapa_1/codebench-mining-tool/util.py", line 569, in extract_halstead_metrics
    h = h_visit(code)
        ^^^^^^^^^^^^^
  File "/root/QuestionInsight/.venv/lib/python3.12/site-packages/radon/metrics.py", line 29, in h_visit
    return h_visit_ast(ast.parse(code))
                       ^^^^^^^^^^^^^^^
  File "/usr/lib/python3.12/ast.py", line 52, in parse
    return compile(source, filename, mode, flags,
           ^^^^^^^^^^^^^^^^^^^^^^^^^^^^^^^^^^^^^^
  File "<unknown>", line 6
    if(X = 2.0):
       ^^^^^^^
SyntaxError: invalid syntax. Maybe you meant '==' or ':=' instead of '='?
2025-08-18 19:43:02,806 cblogger [ERROR]: 		Error while extracting code complexity metrics: '(' was never closed (<unknown>, line 7)
Traceback (most recent call last):
  File "/root/QuestionInsight/Etapa_1/codebench-mining-tool/util.py", line 551, in extract_complexity_metrics
    v = ComplexityVisitor.from_code(code)
        ^^^^^^^^^^^^^^^^^^^^^^^^^^^^^^^^^
  File "/root/QuestionInsight/.venv/lib/python3.12/site-packages/radon/visitors.py", line 133, in from_code
    return cls.from_ast(code2ast(code), **kwargs)
                        ^^^^^^^^^^^^^^
  File "/root/QuestionInsight/.venv/lib/python3.12/site-packages/radon/visitors.py", line 48, in code2ast
    return ast.parse(source)
           ^^^^^^^^^^^^^^^^^
  File "/usr/lib/python3.12/ast.py", line 52, in parse
    return compile(source, filename, mode, flags,
           ^^^^^^^^^^^^^^^^^^^^^^^^^^^^^^^^^^^^^^
  File "<unknown>", line 7
    print(float(v5)
         ^
SyntaxError: '(' was never closed
2025-08-18 19:43:02,807 cblogger [ERROR]: 		Error while extracting code size based metrics: SyntaxError at line: 7
Traceback (most recent call last):
  File "/root/QuestionInsight/.venv/lib/python3.12/site-packages/radon/raw.py", line 210, in analyze
    tokens, parsed_lines = _get_all_tokens(line, lines)
                           ^^^^^^^^^^^^^^^^^^^^^^^^^^^^
  File "/root/QuestionInsight/.venv/lib/python3.12/site-packages/radon/raw.py", line 117, in _get_all_tokens
    next_line = next(lines)
                ^^^^^^^^^^^
StopIteration

During handling of the above exception, another exception occurred:

Traceback (most recent call last):
  File "/root/QuestionInsight/Etapa_1/codebench-mining-tool/util.py", line 560, in extract_size_metrics
    a = analyze(code)
        ^^^^^^^^^^^^^
  File "/root/QuestionInsight/.venv/lib/python3.12/site-packages/radon/raw.py", line 212, in analyze
    raise SyntaxError('SyntaxError at line: {0}'.format(lineno))
SyntaxError: SyntaxError at line: 7
2025-08-18 19:43:02,808 cblogger [ERROR]: 		Error while extracting halsted code metrics: '(' was never closed (<unknown>, line 7)
Traceback (most recent call last):
  File "/root/QuestionInsight/Etapa_1/codebench-mining-tool/util.py", line 569, in extract_halstead_metrics
    h = h_visit(code)
        ^^^^^^^^^^^^^
  File "/root/QuestionInsight/.venv/lib/python3.12/site-packages/radon/metrics.py", line 29, in h_visit
    return h_visit_ast(ast.parse(code))
                       ^^^^^^^^^^^^^^^
  File "/usr/lib/python3.12/ast.py", line 52, in parse
    return compile(source, filename, mode, flags,
           ^^^^^^^^^^^^^^^^^^^^^^^^^^^^^^^^^^^^^^
  File "<unknown>", line 7
    print(float(v5)
         ^
SyntaxError: '(' was never closed
2025-08-18 19:43:03,037 cblogger [ERROR]: 		Error while extracting code complexity metrics: invalid syntax (<unknown>, line 7)
Traceback (most recent call last):
  File "/root/QuestionInsight/Etapa_1/codebench-mining-tool/util.py", line 551, in extract_complexity_metrics
    v = ComplexityVisitor.from_code(code)
        ^^^^^^^^^^^^^^^^^^^^^^^^^^^^^^^^^
  File "/root/QuestionInsight/.venv/lib/python3.12/site-packages/radon/visitors.py", line 133, in from_code
    return cls.from_ast(code2ast(code), **kwargs)
                        ^^^^^^^^^^^^^^
  File "/root/QuestionInsight/.venv/lib/python3.12/site-packages/radon/visitors.py", line 48, in code2ast
    return ast.parse(source)
           ^^^^^^^^^^^^^^^^^
  File "/usr/lib/python3.12/ast.py", line 52, in parse
    return compile(source, filename, mode, flags,
           ^^^^^^^^^^^^^^^^^^^^^^^^^^^^^^^^^^^^^^
  File "<unknown>", line 7
    e_a = mat0[0]/mat1[0;0]
                        ^
SyntaxError: invalid syntax
2025-08-18 19:43:03,038 cblogger [ERROR]: 		Error while extracting halsted code metrics: invalid syntax (<unknown>, line 7)
Traceback (most recent call last):
  File "/root/QuestionInsight/Etapa_1/codebench-mining-tool/util.py", line 569, in extract_halstead_metrics
    h = h_visit(code)
        ^^^^^^^^^^^^^
  File "/root/QuestionInsight/.venv/lib/python3.12/site-packages/radon/metrics.py", line 29, in h_visit
    return h_visit_ast(ast.parse(code))
                       ^^^^^^^^^^^^^^^
  File "/usr/lib/python3.12/ast.py", line 52, in parse
    return compile(source, filename, mode, flags,
           ^^^^^^^^^^^^^^^^^^^^^^^^^^^^^^^^^^^^^^
  File "<unknown>", line 7
    e_a = mat0[0]/mat1[0;0]
                        ^
SyntaxError: invalid syntax
2025-08-18 19:43:03,104 cblogger [ERROR]: 		Error while extracting code complexity metrics: invalid syntax (<unknown>, line 3)
Traceback (most recent call last):
  File "/root/QuestionInsight/Etapa_1/codebench-mining-tool/util.py", line 551, in extract_complexity_metrics
    v = ComplexityVisitor.from_code(code)
        ^^^^^^^^^^^^^^^^^^^^^^^^^^^^^^^^^
  File "/root/QuestionInsight/.venv/lib/python3.12/site-packages/radon/visitors.py", line 133, in from_code
    return cls.from_ast(code2ast(code), **kwargs)
                        ^^^^^^^^^^^^^^
  File "/root/QuestionInsight/.venv/lib/python3.12/site-packages/radon/visitors.py", line 48, in code2ast
    return ast.parse(source)
           ^^^^^^^^^^^^^^^^^
  File "/usr/lib/python3.12/ast.py", line 52, in parse
    return compile(source, filename, mode, flags,
           ^^^^^^^^^^^^^^^^^^^^^^^^^^^^^^^^^^^^^^
  File "<unknown>", line 3
    EV = 
         ^
SyntaxError: invalid syntax
2025-08-18 19:43:03,105 cblogger [ERROR]: 		Error while extracting halsted code metrics: invalid syntax (<unknown>, line 3)
Traceback (most recent call last):
  File "/root/QuestionInsight/Etapa_1/codebench-mining-tool/util.py", line 569, in extract_halstead_metrics
    h = h_visit(code)
        ^^^^^^^^^^^^^
  File "/root/QuestionInsight/.venv/lib/python3.12/site-packages/radon/metrics.py", line 29, in h_visit
    return h_visit_ast(ast.parse(code))
                       ^^^^^^^^^^^^^^^
  File "/usr/lib/python3.12/ast.py", line 52, in parse
    return compile(source, filename, mode, flags,
           ^^^^^^^^^^^^^^^^^^^^^^^^^^^^^^^^^^^^^^
  File "<unknown>", line 3
    EV = 
         ^
SyntaxError: invalid syntax
2025-08-18 19:43:03,125 cblogger [ERROR]: 		Error while extracting code complexity metrics: unindent does not match any outer indentation level (<unknown>, line 22)
Traceback (most recent call last):
  File "/root/QuestionInsight/Etapa_1/codebench-mining-tool/util.py", line 551, in extract_complexity_metrics
    v = ComplexityVisitor.from_code(code)
        ^^^^^^^^^^^^^^^^^^^^^^^^^^^^^^^^^
  File "/root/QuestionInsight/.venv/lib/python3.12/site-packages/radon/visitors.py", line 133, in from_code
    return cls.from_ast(code2ast(code), **kwargs)
                        ^^^^^^^^^^^^^^
  File "/root/QuestionInsight/.venv/lib/python3.12/site-packages/radon/visitors.py", line 48, in code2ast
    return ast.parse(source)
           ^^^^^^^^^^^^^^^^^
  File "/usr/lib/python3.12/ast.py", line 52, in parse
    return compile(source, filename, mode, flags,
           ^^^^^^^^^^^^^^^^^^^^^^^^^^^^^^^^^^^^^^
  File "<unknown>", line 22
    print = ("Entrada invalida")
                                ^
IndentationError: unindent does not match any outer indentation level
2025-08-18 19:43:03,132 cblogger [ERROR]: 		Error while extracting halsted code metrics: unindent does not match any outer indentation level (<unknown>, line 22)
Traceback (most recent call last):
  File "/root/QuestionInsight/Etapa_1/codebench-mining-tool/util.py", line 569, in extract_halstead_metrics
    h = h_visit(code)
        ^^^^^^^^^^^^^
  File "/root/QuestionInsight/.venv/lib/python3.12/site-packages/radon/metrics.py", line 29, in h_visit
    return h_visit_ast(ast.parse(code))
                       ^^^^^^^^^^^^^^^
  File "/usr/lib/python3.12/ast.py", line 52, in parse
    return compile(source, filename, mode, flags,
           ^^^^^^^^^^^^^^^^^^^^^^^^^^^^^^^^^^^^^^
  File "<unknown>", line 22
    print = ("Entrada invalida")
                                ^
IndentationError: unindent does not match any outer indentation level
2025-08-18 19:43:03,143 cblogger [ERROR]: 		Error while extracting code complexity metrics: expected ':' (<unknown>, line 6)
Traceback (most recent call last):
  File "/root/QuestionInsight/Etapa_1/codebench-mining-tool/util.py", line 551, in extract_complexity_metrics
    v = ComplexityVisitor.from_code(code)
        ^^^^^^^^^^^^^^^^^^^^^^^^^^^^^^^^^
  File "/root/QuestionInsight/.venv/lib/python3.12/site-packages/radon/visitors.py", line 133, in from_code
    return cls.from_ast(code2ast(code), **kwargs)
                        ^^^^^^^^^^^^^^
  File "/root/QuestionInsight/.venv/lib/python3.12/site-packages/radon/visitors.py", line 48, in code2ast
    return ast.parse(source)
           ^^^^^^^^^^^^^^^^^
  File "/usr/lib/python3.12/ast.py", line 52, in parse
    return compile(source, filename, mode, flags,
           ^^^^^^^^^^^^^^^^^^^^^^^^^^^^^^^^^^^^^^
  File "<unknown>", line 6
    while(qi)
             ^
SyntaxError: expected ':'
2025-08-18 19:43:03,144 cblogger [ERROR]: 		Error while extracting halsted code metrics: expected ':' (<unknown>, line 6)
Traceback (most recent call last):
  File "/root/QuestionInsight/Etapa_1/codebench-mining-tool/util.py", line 569, in extract_halstead_metrics
    h = h_visit(code)
        ^^^^^^^^^^^^^
  File "/root/QuestionInsight/.venv/lib/python3.12/site-packages/radon/metrics.py", line 29, in h_visit
    return h_visit_ast(ast.parse(code))
                       ^^^^^^^^^^^^^^^
  File "/usr/lib/python3.12/ast.py", line 52, in parse
    return compile(source, filename, mode, flags,
           ^^^^^^^^^^^^^^^^^^^^^^^^^^^^^^^^^^^^^^
  File "<unknown>", line 6
    while(qi)
             ^
SyntaxError: expected ':'
2025-08-18 19:43:03,862 cblogger [ERROR]: 		Error while extracting code complexity metrics: expected an indented block after 'if' statement on line 5 (<unknown>, line 6)
Traceback (most recent call last):
  File "/root/QuestionInsight/Etapa_1/codebench-mining-tool/util.py", line 551, in extract_complexity_metrics
    v = ComplexityVisitor.from_code(code)
        ^^^^^^^^^^^^^^^^^^^^^^^^^^^^^^^^^
  File "/root/QuestionInsight/.venv/lib/python3.12/site-packages/radon/visitors.py", line 133, in from_code
    return cls.from_ast(code2ast(code), **kwargs)
                        ^^^^^^^^^^^^^^
  File "/root/QuestionInsight/.venv/lib/python3.12/site-packages/radon/visitors.py", line 48, in code2ast
    return ast.parse(source)
           ^^^^^^^^^^^^^^^^^
  File "/usr/lib/python3.12/ast.py", line 52, in parse
    return compile(source, filename, mode, flags,
           ^^^^^^^^^^^^^^^^^^^^^^^^^^^^^^^^^^^^^^
  File "<unknown>", line 6
    		
    		^
IndentationError: expected an indented block after 'if' statement on line 5
2025-08-18 19:43:03,863 cblogger [ERROR]: 		Error while extracting halsted code metrics: expected an indented block after 'if' statement on line 5 (<unknown>, line 6)
Traceback (most recent call last):
  File "/root/QuestionInsight/Etapa_1/codebench-mining-tool/util.py", line 569, in extract_halstead_metrics
    h = h_visit(code)
        ^^^^^^^^^^^^^
  File "/root/QuestionInsight/.venv/lib/python3.12/site-packages/radon/metrics.py", line 29, in h_visit
    return h_visit_ast(ast.parse(code))
                       ^^^^^^^^^^^^^^^
  File "/usr/lib/python3.12/ast.py", line 52, in parse
    return compile(source, filename, mode, flags,
           ^^^^^^^^^^^^^^^^^^^^^^^^^^^^^^^^^^^^^^
  File "<unknown>", line 6
    		
    		^
IndentationError: expected an indented block after 'if' statement on line 5
2025-08-18 19:43:03,964 cblogger [ERROR]: 		Error while extracting code complexity metrics: unterminated string literal (detected at line 6) (<unknown>, line 6)
Traceback (most recent call last):
  File "/root/QuestionInsight/Etapa_1/codebench-mining-tool/util.py", line 551, in extract_complexity_metrics
    v = ComplexityVisitor.from_code(code)
        ^^^^^^^^^^^^^^^^^^^^^^^^^^^^^^^^^
  File "/root/QuestionInsight/.venv/lib/python3.12/site-packages/radon/visitors.py", line 133, in from_code
    return cls.from_ast(code2ast(code), **kwargs)
                        ^^^^^^^^^^^^^^
  File "/root/QuestionInsight/.venv/lib/python3.12/site-packages/radon/visitors.py", line 48, in code2ast
    return ast.parse(source)
           ^^^^^^^^^^^^^^^^^
  File "/usr/lib/python3.12/ast.py", line 52, in parse
    return compile(source, filename, mode, flags,
           ^^^^^^^^^^^^^^^^^^^^^^^^^^^^^^^^^^^^^^
  File "<unknown>", line 6
    print("  |   /  \/  \")
          ^
SyntaxError: unterminated string literal (detected at line 6)
2025-08-18 19:43:03,965 cblogger [ERROR]: 		Error while extracting code size based metrics: SyntaxError at line: 6
Traceback (most recent call last):
  File "/root/QuestionInsight/.venv/lib/python3.12/site-packages/radon/raw.py", line 210, in analyze
    tokens, parsed_lines = _get_all_tokens(line, lines)
                           ^^^^^^^^^^^^^^^^^^^^^^^^^^^^
  File "/root/QuestionInsight/.venv/lib/python3.12/site-packages/radon/raw.py", line 117, in _get_all_tokens
    next_line = next(lines)
                ^^^^^^^^^^^
StopIteration

During handling of the above exception, another exception occurred:

Traceback (most recent call last):
  File "/root/QuestionInsight/Etapa_1/codebench-mining-tool/util.py", line 560, in extract_size_metrics
    a = analyze(code)
        ^^^^^^^^^^^^^
  File "/root/QuestionInsight/.venv/lib/python3.12/site-packages/radon/raw.py", line 212, in analyze
    raise SyntaxError('SyntaxError at line: {0}'.format(lineno))
SyntaxError: SyntaxError at line: 6
2025-08-18 19:43:03,966 cblogger [ERROR]: 		Error while extracting halsted code metrics: unterminated string literal (detected at line 6) (<unknown>, line 6)
Traceback (most recent call last):
  File "/root/QuestionInsight/Etapa_1/codebench-mining-tool/util.py", line 569, in extract_halstead_metrics
    h = h_visit(code)
        ^^^^^^^^^^^^^
  File "/root/QuestionInsight/.venv/lib/python3.12/site-packages/radon/metrics.py", line 29, in h_visit
    return h_visit_ast(ast.parse(code))
                       ^^^^^^^^^^^^^^^
  File "/usr/lib/python3.12/ast.py", line 52, in parse
    return compile(source, filename, mode, flags,
           ^^^^^^^^^^^^^^^^^^^^^^^^^^^^^^^^^^^^^^
  File "<unknown>", line 6
    print("  |   /  \/  \")
          ^
SyntaxError: unterminated string literal (detected at line 6)
2025-08-18 19:43:03,967 cblogger [ERROR]: 		Error while extracting code complexity metrics: invalid syntax (<unknown>, line 4)
Traceback (most recent call last):
  File "/root/QuestionInsight/Etapa_1/codebench-mining-tool/util.py", line 551, in extract_complexity_metrics
    v = ComplexityVisitor.from_code(code)
        ^^^^^^^^^^^^^^^^^^^^^^^^^^^^^^^^^
  File "/root/QuestionInsight/.venv/lib/python3.12/site-packages/radon/visitors.py", line 133, in from_code
    return cls.from_ast(code2ast(code), **kwargs)
                        ^^^^^^^^^^^^^^
  File "/root/QuestionInsight/.venv/lib/python3.12/site-packages/radon/visitors.py", line 48, in code2ast
    return ast.parse(source)
           ^^^^^^^^^^^^^^^^^
  File "/usr/lib/python3.12/ast.py", line 52, in parse
    return compile(source, filename, mode, flags,
           ^^^^^^^^^^^^^^^^^^^^^^^^^^^^^^^^^^^^^^
  File "<unknown>", line 4
    for i in range(shape(dano)[0]:
                                 ^
SyntaxError: invalid syntax
2025-08-18 19:43:03,968 cblogger [ERROR]: 		Error while extracting code size based metrics: SyntaxError at line: 4
Traceback (most recent call last):
  File "/root/QuestionInsight/.venv/lib/python3.12/site-packages/radon/raw.py", line 210, in analyze
    tokens, parsed_lines = _get_all_tokens(line, lines)
                           ^^^^^^^^^^^^^^^^^^^^^^^^^^^^
  File "/root/QuestionInsight/.venv/lib/python3.12/site-packages/radon/raw.py", line 117, in _get_all_tokens
    next_line = next(lines)
                ^^^^^^^^^^^
StopIteration

During handling of the above exception, another exception occurred:

Traceback (most recent call last):
  File "/root/QuestionInsight/Etapa_1/codebench-mining-tool/util.py", line 560, in extract_size_metrics
    a = analyze(code)
        ^^^^^^^^^^^^^
  File "/root/QuestionInsight/.venv/lib/python3.12/site-packages/radon/raw.py", line 212, in analyze
    raise SyntaxError('SyntaxError at line: {0}'.format(lineno))
SyntaxError: SyntaxError at line: 4
2025-08-18 19:43:03,979 cblogger [ERROR]: 		Error while extracting halsted code metrics: invalid syntax (<unknown>, line 4)
Traceback (most recent call last):
  File "/root/QuestionInsight/Etapa_1/codebench-mining-tool/util.py", line 569, in extract_halstead_metrics
    h = h_visit(code)
        ^^^^^^^^^^^^^
  File "/root/QuestionInsight/.venv/lib/python3.12/site-packages/radon/metrics.py", line 29, in h_visit
    return h_visit_ast(ast.parse(code))
                       ^^^^^^^^^^^^^^^
  File "/usr/lib/python3.12/ast.py", line 52, in parse
    return compile(source, filename, mode, flags,
           ^^^^^^^^^^^^^^^^^^^^^^^^^^^^^^^^^^^^^^
  File "<unknown>", line 4
    for i in range(shape(dano)[0]:
                                 ^
SyntaxError: invalid syntax
2025-08-18 19:43:03,994 cblogger [ERROR]: 		Error while extracting code complexity metrics: expected an indented block after 'if' statement on line 6 (<unknown>, line 7)
Traceback (most recent call last):
  File "/root/QuestionInsight/Etapa_1/codebench-mining-tool/util.py", line 551, in extract_complexity_metrics
    v = ComplexityVisitor.from_code(code)
        ^^^^^^^^^^^^^^^^^^^^^^^^^^^^^^^^^
  File "/root/QuestionInsight/.venv/lib/python3.12/site-packages/radon/visitors.py", line 133, in from_code
    return cls.from_ast(code2ast(code), **kwargs)
                        ^^^^^^^^^^^^^^
  File "/root/QuestionInsight/.venv/lib/python3.12/site-packages/radon/visitors.py", line 48, in code2ast
    return ast.parse(source)
           ^^^^^^^^^^^^^^^^^
  File "/usr/lib/python3.12/ast.py", line 52, in parse
    return compile(source, filename, mode, flags,
           ^^^^^^^^^^^^^^^^^^^^^^^^^^^^^^^^^^^^^^
  File "<unknown>", line 7
    		
    		^
IndentationError: expected an indented block after 'if' statement on line 6
2025-08-18 19:43:03,995 cblogger [ERROR]: 		Error while extracting halsted code metrics: expected an indented block after 'if' statement on line 6 (<unknown>, line 7)
Traceback (most recent call last):
  File "/root/QuestionInsight/Etapa_1/codebench-mining-tool/util.py", line 569, in extract_halstead_metrics
    h = h_visit(code)
        ^^^^^^^^^^^^^
  File "/root/QuestionInsight/.venv/lib/python3.12/site-packages/radon/metrics.py", line 29, in h_visit
    return h_visit_ast(ast.parse(code))
                       ^^^^^^^^^^^^^^^
  File "/usr/lib/python3.12/ast.py", line 52, in parse
    return compile(source, filename, mode, flags,
           ^^^^^^^^^^^^^^^^^^^^^^^^^^^^^^^^^^^^^^
  File "<unknown>", line 7
    		
    		^
IndentationError: expected an indented block after 'if' statement on line 6
2025-08-18 19:43:04,169 cblogger [ERROR]: 		Error while extracting code complexity metrics: unindent does not match any outer indentation level (<unknown>, line 12)
Traceback (most recent call last):
  File "/root/QuestionInsight/Etapa_1/codebench-mining-tool/util.py", line 551, in extract_complexity_metrics
    v = ComplexityVisitor.from_code(code)
        ^^^^^^^^^^^^^^^^^^^^^^^^^^^^^^^^^
  File "/root/QuestionInsight/.venv/lib/python3.12/site-packages/radon/visitors.py", line 133, in from_code
    return cls.from_ast(code2ast(code), **kwargs)
                        ^^^^^^^^^^^^^^
  File "/root/QuestionInsight/.venv/lib/python3.12/site-packages/radon/visitors.py", line 48, in code2ast
    return ast.parse(source)
           ^^^^^^^^^^^^^^^^^
  File "/usr/lib/python3.12/ast.py", line 52, in parse
    return compile(source, filename, mode, flags,
           ^^^^^^^^^^^^^^^^^^^^^^^^^^^^^^^^^^^^^^
  File "<unknown>", line 12
    print("Volume",v,"litros")		
                              		^
IndentationError: unindent does not match any outer indentation level
2025-08-18 19:43:04,170 cblogger [ERROR]: 		Error while extracting halsted code metrics: unindent does not match any outer indentation level (<unknown>, line 12)
Traceback (most recent call last):
  File "/root/QuestionInsight/Etapa_1/codebench-mining-tool/util.py", line 569, in extract_halstead_metrics
    h = h_visit(code)
        ^^^^^^^^^^^^^
  File "/root/QuestionInsight/.venv/lib/python3.12/site-packages/radon/metrics.py", line 29, in h_visit
    return h_visit_ast(ast.parse(code))
                       ^^^^^^^^^^^^^^^
  File "/usr/lib/python3.12/ast.py", line 52, in parse
    return compile(source, filename, mode, flags,
           ^^^^^^^^^^^^^^^^^^^^^^^^^^^^^^^^^^^^^^
  File "<unknown>", line 12
    print("Volume",v,"litros")		
                              		^
IndentationError: unindent does not match any outer indentation level
2025-08-18 19:43:04,247 cblogger [ERROR]: 		Error while extracting code complexity metrics: invalid syntax (<unknown>, line 6)
Traceback (most recent call last):
  File "/root/QuestionInsight/Etapa_1/codebench-mining-tool/util.py", line 551, in extract_complexity_metrics
    v = ComplexityVisitor.from_code(code)
        ^^^^^^^^^^^^^^^^^^^^^^^^^^^^^^^^^
  File "/root/QuestionInsight/.venv/lib/python3.12/site-packages/radon/visitors.py", line 133, in from_code
    return cls.from_ast(code2ast(code), **kwargs)
                        ^^^^^^^^^^^^^^
  File "/root/QuestionInsight/.venv/lib/python3.12/site-packages/radon/visitors.py", line 48, in code2ast
    return ast.parse(source)
           ^^^^^^^^^^^^^^^^^
  File "/usr/lib/python3.12/ast.py", line 52, in parse
    return compile(source, filename, mode, flags,
           ^^^^^^^^^^^^^^^^^^^^^^^^^^^^^^^^^^^^^^
  File "<unknown>", line 6
    	if (c >= and c <= b) or (d >= a and d <= b):
    	         ^^^
SyntaxError: invalid syntax
2025-08-18 19:43:04,248 cblogger [ERROR]: 		Error while extracting halsted code metrics: invalid syntax (<unknown>, line 6)
Traceback (most recent call last):
  File "/root/QuestionInsight/Etapa_1/codebench-mining-tool/util.py", line 569, in extract_halstead_metrics
    h = h_visit(code)
        ^^^^^^^^^^^^^
  File "/root/QuestionInsight/.venv/lib/python3.12/site-packages/radon/metrics.py", line 29, in h_visit
    return h_visit_ast(ast.parse(code))
                       ^^^^^^^^^^^^^^^
  File "/usr/lib/python3.12/ast.py", line 52, in parse
    return compile(source, filename, mode, flags,
           ^^^^^^^^^^^^^^^^^^^^^^^^^^^^^^^^^^^^^^
  File "<unknown>", line 6
    	if (c >= and c <= b) or (d >= a and d <= b):
    	         ^^^
SyntaxError: invalid syntax
2025-08-18 19:43:04,250 cblogger [ERROR]: 		Error while extracting code complexity metrics: unterminated string literal (detected at line 1) (<unknown>, line 1)
Traceback (most recent call last):
  File "/root/QuestionInsight/Etapa_1/codebench-mining-tool/util.py", line 551, in extract_complexity_metrics
    v = ComplexityVisitor.from_code(code)
        ^^^^^^^^^^^^^^^^^^^^^^^^^^^^^^^^^
  File "/root/QuestionInsight/.venv/lib/python3.12/site-packages/radon/visitors.py", line 133, in from_code
    return cls.from_ast(code2ast(code), **kwargs)
                        ^^^^^^^^^^^^^^
  File "/root/QuestionInsight/.venv/lib/python3.12/site-packages/radon/visitors.py", line 48, in code2ast
    return ast.parse(source)
           ^^^^^^^^^^^^^^^^^
  File "/usr/lib/python3.12/ast.py", line 52, in parse
    return compile(source, filename, mode, flags,
           ^^^^^^^^^^^^^^^^^^^^^^^^^^^^^^^^^^^^^^
  File "<unknown>", line 1
    print("casa:",casa)print("casa:",casa)print("casa:",casa)print("cas
                                                                   ^
SyntaxError: unterminated string literal (detected at line 1)
2025-08-18 19:43:04,257 cblogger [ERROR]: 		Error while extracting code size based metrics: SyntaxError at line: 1
Traceback (most recent call last):
  File "/root/QuestionInsight/.venv/lib/python3.12/site-packages/radon/raw.py", line 210, in analyze
    tokens, parsed_lines = _get_all_tokens(line, lines)
                           ^^^^^^^^^^^^^^^^^^^^^^^^^^^^
  File "/root/QuestionInsight/.venv/lib/python3.12/site-packages/radon/raw.py", line 117, in _get_all_tokens
    next_line = next(lines)
                ^^^^^^^^^^^
StopIteration

During handling of the above exception, another exception occurred:

Traceback (most recent call last):
  File "/root/QuestionInsight/Etapa_1/codebench-mining-tool/util.py", line 560, in extract_size_metrics
    a = analyze(code)
        ^^^^^^^^^^^^^
  File "/root/QuestionInsight/.venv/lib/python3.12/site-packages/radon/raw.py", line 212, in analyze
    raise SyntaxError('SyntaxError at line: {0}'.format(lineno))
SyntaxError: SyntaxError at line: 1
2025-08-18 19:43:04,258 cblogger [ERROR]: 		Error while extracting halsted code metrics: unterminated string literal (detected at line 1) (<unknown>, line 1)
Traceback (most recent call last):
  File "/root/QuestionInsight/Etapa_1/codebench-mining-tool/util.py", line 569, in extract_halstead_metrics
    h = h_visit(code)
        ^^^^^^^^^^^^^
  File "/root/QuestionInsight/.venv/lib/python3.12/site-packages/radon/metrics.py", line 29, in h_visit
    return h_visit_ast(ast.parse(code))
                       ^^^^^^^^^^^^^^^
  File "/usr/lib/python3.12/ast.py", line 52, in parse
    return compile(source, filename, mode, flags,
           ^^^^^^^^^^^^^^^^^^^^^^^^^^^^^^^^^^^^^^
  File "<unknown>", line 1
    print("casa:",casa)print("casa:",casa)print("casa:",casa)print("cas
                                                                   ^
SyntaxError: unterminated string literal (detected at line 1)
2025-08-18 19:43:04,265 cblogger [ERROR]: 		Error while extracting code complexity metrics: expected ':' (<unknown>, line 14)
Traceback (most recent call last):
  File "/root/QuestionInsight/Etapa_1/codebench-mining-tool/util.py", line 551, in extract_complexity_metrics
    v = ComplexityVisitor.from_code(code)
        ^^^^^^^^^^^^^^^^^^^^^^^^^^^^^^^^^
  File "/root/QuestionInsight/.venv/lib/python3.12/site-packages/radon/visitors.py", line 133, in from_code
    return cls.from_ast(code2ast(code), **kwargs)
                        ^^^^^^^^^^^^^^
  File "/root/QuestionInsight/.venv/lib/python3.12/site-packages/radon/visitors.py", line 48, in code2ast
    return ast.parse(source)
           ^^^^^^^^^^^^^^^^^
  File "/usr/lib/python3.12/ast.py", line 52, in parse
    return compile(source, filename, mode, flags,
           ^^^^^^^^^^^^^^^^^^^^^^^^^^^^^^^^^^^^^^
  File "<unknown>", line 14
    while(c1 != -1)
                   ^
SyntaxError: expected ':'
2025-08-18 19:43:04,266 cblogger [ERROR]: 		Error while extracting halsted code metrics: expected ':' (<unknown>, line 14)
Traceback (most recent call last):
  File "/root/QuestionInsight/Etapa_1/codebench-mining-tool/util.py", line 569, in extract_halstead_metrics
    h = h_visit(code)
        ^^^^^^^^^^^^^
  File "/root/QuestionInsight/.venv/lib/python3.12/site-packages/radon/metrics.py", line 29, in h_visit
    return h_visit_ast(ast.parse(code))
                       ^^^^^^^^^^^^^^^
  File "/usr/lib/python3.12/ast.py", line 52, in parse
    return compile(source, filename, mode, flags,
           ^^^^^^^^^^^^^^^^^^^^^^^^^^^^^^^^^^^^^^
  File "<unknown>", line 14
    while(c1 != -1)
                   ^
SyntaxError: expected ':'
2025-08-18 19:43:04,287 cblogger [ERROR]: 		Error while extracting code complexity metrics: invalid syntax. Perhaps you forgot a comma? (<unknown>, line 2)
Traceback (most recent call last):
  File "/root/QuestionInsight/Etapa_1/codebench-mining-tool/util.py", line 551, in extract_complexity_metrics
    v = ComplexityVisitor.from_code(code)
        ^^^^^^^^^^^^^^^^^^^^^^^^^^^^^^^^^
  File "/root/QuestionInsight/.venv/lib/python3.12/site-packages/radon/visitors.py", line 133, in from_code
    return cls.from_ast(code2ast(code), **kwargs)
                        ^^^^^^^^^^^^^^
  File "/root/QuestionInsight/.venv/lib/python3.12/site-packages/radon/visitors.py", line 48, in code2ast
    return ast.parse(source)
           ^^^^^^^^^^^^^^^^^
  File "/usr/lib/python3.12/ast.py", line 52, in parse
    return compile(source, filename, mode, flags,
           ^^^^^^^^^^^^^^^^^^^^^^^^^^^^^^^^^^^^^^
  File "<unknown>", line 2
    print("A UFAM tem" XXX "anos de fundacao")
          ^^^^^^^^^^^^^^^^
SyntaxError: invalid syntax. Perhaps you forgot a comma?
2025-08-18 19:43:04,288 cblogger [ERROR]: 		Error while extracting halsted code metrics: invalid syntax. Perhaps you forgot a comma? (<unknown>, line 2)
Traceback (most recent call last):
  File "/root/QuestionInsight/Etapa_1/codebench-mining-tool/util.py", line 569, in extract_halstead_metrics
    h = h_visit(code)
        ^^^^^^^^^^^^^
  File "/root/QuestionInsight/.venv/lib/python3.12/site-packages/radon/metrics.py", line 29, in h_visit
    return h_visit_ast(ast.parse(code))
                       ^^^^^^^^^^^^^^^
  File "/usr/lib/python3.12/ast.py", line 52, in parse
    return compile(source, filename, mode, flags,
           ^^^^^^^^^^^^^^^^^^^^^^^^^^^^^^^^^^^^^^
  File "<unknown>", line 2
    print("A UFAM tem" XXX "anos de fundacao")
          ^^^^^^^^^^^^^^^^
SyntaxError: invalid syntax. Perhaps you forgot a comma?
2025-08-18 19:43:04,452 cblogger [ERROR]: 		Error while extracting code complexity metrics: expected an indented block after 'for' statement on line 4 (<unknown>, line 5)
Traceback (most recent call last):
  File "/root/QuestionInsight/Etapa_1/codebench-mining-tool/util.py", line 551, in extract_complexity_metrics
    v = ComplexityVisitor.from_code(code)
        ^^^^^^^^^^^^^^^^^^^^^^^^^^^^^^^^^
  File "/root/QuestionInsight/.venv/lib/python3.12/site-packages/radon/visitors.py", line 133, in from_code
    return cls.from_ast(code2ast(code), **kwargs)
                        ^^^^^^^^^^^^^^
  File "/root/QuestionInsight/.venv/lib/python3.12/site-packages/radon/visitors.py", line 48, in code2ast
    return ast.parse(source)
           ^^^^^^^^^^^^^^^^^
  File "/usr/lib/python3.12/ast.py", line 52, in parse
    return compile(source, filename, mode, flags,
           ^^^^^^^^^^^^^^^^^^^^^^^^^^^^^^^^^^^^^^
  File "<unknown>", line 5
    	
    	^
IndentationError: expected an indented block after 'for' statement on line 4
2025-08-18 19:43:04,452 cblogger [ERROR]: 		Error while extracting halsted code metrics: expected an indented block after 'for' statement on line 4 (<unknown>, line 5)
Traceback (most recent call last):
  File "/root/QuestionInsight/Etapa_1/codebench-mining-tool/util.py", line 569, in extract_halstead_metrics
    h = h_visit(code)
        ^^^^^^^^^^^^^
  File "/root/QuestionInsight/.venv/lib/python3.12/site-packages/radon/metrics.py", line 29, in h_visit
    return h_visit_ast(ast.parse(code))
                       ^^^^^^^^^^^^^^^
  File "/usr/lib/python3.12/ast.py", line 52, in parse
    return compile(source, filename, mode, flags,
           ^^^^^^^^^^^^^^^^^^^^^^^^^^^^^^^^^^^^^^
  File "<unknown>", line 5
    	
    	^
IndentationError: expected an indented block after 'for' statement on line 4
2025-08-18 19:43:09,955 cblogger [ERROR]: 		Error while extracting code complexity metrics: '(' was never closed (<unknown>, line 13)
Traceback (most recent call last):
  File "/root/QuestionInsight/Etapa_1/codebench-mining-tool/util.py", line 551, in extract_complexity_metrics
    v = ComplexityVisitor.from_code(code)
        ^^^^^^^^^^^^^^^^^^^^^^^^^^^^^^^^^
  File "/root/QuestionInsight/.venv/lib/python3.12/site-packages/radon/visitors.py", line 133, in from_code
    return cls.from_ast(code2ast(code), **kwargs)
                        ^^^^^^^^^^^^^^
  File "/root/QuestionInsight/.venv/lib/python3.12/site-packages/radon/visitors.py", line 48, in code2ast
    return ast.parse(source)
           ^^^^^^^^^^^^^^^^^
  File "/usr/lib/python3.12/ast.py", line 52, in parse
    return compile(source, filename, mode, flags,
           ^^^^^^^^^^^^^^^^^^^^^^^^^^^^^^^^^^^^^^
  File "<unknown>", line 13
    		print(arange(qtd),()
    		     ^
SyntaxError: '(' was never closed
2025-08-18 19:43:09,957 cblogger [ERROR]: 		Error while extracting code size based metrics: SyntaxError at line: 13
Traceback (most recent call last):
  File "/root/QuestionInsight/.venv/lib/python3.12/site-packages/radon/raw.py", line 210, in analyze
    tokens, parsed_lines = _get_all_tokens(line, lines)
                           ^^^^^^^^^^^^^^^^^^^^^^^^^^^^
  File "/root/QuestionInsight/.venv/lib/python3.12/site-packages/radon/raw.py", line 117, in _get_all_tokens
    next_line = next(lines)
                ^^^^^^^^^^^
StopIteration

During handling of the above exception, another exception occurred:

Traceback (most recent call last):
  File "/root/QuestionInsight/Etapa_1/codebench-mining-tool/util.py", line 560, in extract_size_metrics
    a = analyze(code)
        ^^^^^^^^^^^^^
  File "/root/QuestionInsight/.venv/lib/python3.12/site-packages/radon/raw.py", line 212, in analyze
    raise SyntaxError('SyntaxError at line: {0}'.format(lineno))
SyntaxError: SyntaxError at line: 13
2025-08-18 19:43:09,958 cblogger [ERROR]: 		Error while extracting halsted code metrics: '(' was never closed (<unknown>, line 13)
Traceback (most recent call last):
  File "/root/QuestionInsight/Etapa_1/codebench-mining-tool/util.py", line 569, in extract_halstead_metrics
    h = h_visit(code)
        ^^^^^^^^^^^^^
  File "/root/QuestionInsight/.venv/lib/python3.12/site-packages/radon/metrics.py", line 29, in h_visit
    return h_visit_ast(ast.parse(code))
                       ^^^^^^^^^^^^^^^
  File "/usr/lib/python3.12/ast.py", line 52, in parse
    return compile(source, filename, mode, flags,
           ^^^^^^^^^^^^^^^^^^^^^^^^^^^^^^^^^^^^^^
  File "<unknown>", line 13
    		print(arange(qtd),()
    		     ^
SyntaxError: '(' was never closed
2025-08-18 19:43:10,000 cblogger [ERROR]: 		Error while extracting code complexity metrics: invalid syntax (<unknown>, line 7)
Traceback (most recent call last):
  File "/root/QuestionInsight/Etapa_1/codebench-mining-tool/util.py", line 551, in extract_complexity_metrics
    v = ComplexityVisitor.from_code(code)
        ^^^^^^^^^^^^^^^^^^^^^^^^^^^^^^^^^
  File "/root/QuestionInsight/.venv/lib/python3.12/site-packages/radon/visitors.py", line 133, in from_code
    return cls.from_ast(code2ast(code), **kwargs)
                        ^^^^^^^^^^^^^^
  File "/root/QuestionInsight/.venv/lib/python3.12/site-packages/radon/visitors.py", line 48, in code2ast
    return ast.parse(source)
           ^^^^^^^^^^^^^^^^^
  File "/usr/lib/python3.12/ast.py", line 52, in parse
    return compile(source, filename, mode, flags,
           ^^^^^^^^^^^^^^^^^^^^^^^^^^^^^^^^^^^^^^
  File "<unknown>", line 7
    		if
    		  ^
SyntaxError: invalid syntax
2025-08-18 19:43:10,001 cblogger [ERROR]: 		Error while extracting halsted code metrics: invalid syntax (<unknown>, line 7)
Traceback (most recent call last):
  File "/root/QuestionInsight/Etapa_1/codebench-mining-tool/util.py", line 569, in extract_halstead_metrics
    h = h_visit(code)
        ^^^^^^^^^^^^^
  File "/root/QuestionInsight/.venv/lib/python3.12/site-packages/radon/metrics.py", line 29, in h_visit
    return h_visit_ast(ast.parse(code))
                       ^^^^^^^^^^^^^^^
  File "/usr/lib/python3.12/ast.py", line 52, in parse
    return compile(source, filename, mode, flags,
           ^^^^^^^^^^^^^^^^^^^^^^^^^^^^^^^^^^^^^^
  File "<unknown>", line 7
    		if
    		  ^
SyntaxError: invalid syntax
2025-08-18 19:43:10,034 cblogger [ERROR]: 		Error while extracting code complexity metrics: '(' was never closed (<unknown>, line 24)
Traceback (most recent call last):
  File "/root/QuestionInsight/Etapa_1/codebench-mining-tool/util.py", line 551, in extract_complexity_metrics
    v = ComplexityVisitor.from_code(code)
        ^^^^^^^^^^^^^^^^^^^^^^^^^^^^^^^^^
  File "/root/QuestionInsight/.venv/lib/python3.12/site-packages/radon/visitors.py", line 133, in from_code
    return cls.from_ast(code2ast(code), **kwargs)
                        ^^^^^^^^^^^^^^
  File "/root/QuestionInsight/.venv/lib/python3.12/site-packages/radon/visitors.py", line 48, in code2ast
    return ast.parse(source)
           ^^^^^^^^^^^^^^^^^
  File "/usr/lib/python3.12/ast.py", line 52, in parse
    return compile(source, filename, mode, flags,
           ^^^^^^^^^^^^^^^^^^^^^^^^^^^^^^^^^^^^^^
  File "<unknown>", line 24
    		print(int(quant6)
    		     ^
SyntaxError: '(' was never closed
2025-08-18 19:43:10,035 cblogger [ERROR]: 		Error while extracting code size based metrics: SyntaxError at line: 24
Traceback (most recent call last):
  File "/root/QuestionInsight/.venv/lib/python3.12/site-packages/radon/raw.py", line 210, in analyze
    tokens, parsed_lines = _get_all_tokens(line, lines)
                           ^^^^^^^^^^^^^^^^^^^^^^^^^^^^
  File "/root/QuestionInsight/.venv/lib/python3.12/site-packages/radon/raw.py", line 117, in _get_all_tokens
    next_line = next(lines)
                ^^^^^^^^^^^
StopIteration

During handling of the above exception, another exception occurred:

Traceback (most recent call last):
  File "/root/QuestionInsight/Etapa_1/codebench-mining-tool/util.py", line 560, in extract_size_metrics
    a = analyze(code)
        ^^^^^^^^^^^^^
  File "/root/QuestionInsight/.venv/lib/python3.12/site-packages/radon/raw.py", line 212, in analyze
    raise SyntaxError('SyntaxError at line: {0}'.format(lineno))
SyntaxError: SyntaxError at line: 24
2025-08-18 19:43:10,037 cblogger [ERROR]: 		Error while extracting halsted code metrics: '(' was never closed (<unknown>, line 24)
Traceback (most recent call last):
  File "/root/QuestionInsight/Etapa_1/codebench-mining-tool/util.py", line 569, in extract_halstead_metrics
    h = h_visit(code)
        ^^^^^^^^^^^^^
  File "/root/QuestionInsight/.venv/lib/python3.12/site-packages/radon/metrics.py", line 29, in h_visit
    return h_visit_ast(ast.parse(code))
                       ^^^^^^^^^^^^^^^
  File "/usr/lib/python3.12/ast.py", line 52, in parse
    return compile(source, filename, mode, flags,
           ^^^^^^^^^^^^^^^^^^^^^^^^^^^^^^^^^^^^^^
  File "<unknown>", line 24
    		print(int(quant6)
    		     ^
SyntaxError: '(' was never closed
2025-08-18 19:43:10,049 cblogger [ERROR]: 		Error while extracting code complexity metrics: '(' was never closed (<unknown>, line 5)
Traceback (most recent call last):
  File "/root/QuestionInsight/Etapa_1/codebench-mining-tool/util.py", line 551, in extract_complexity_metrics
    v = ComplexityVisitor.from_code(code)
        ^^^^^^^^^^^^^^^^^^^^^^^^^^^^^^^^^
  File "/root/QuestionInsight/.venv/lib/python3.12/site-packages/radon/visitors.py", line 133, in from_code
    return cls.from_ast(code2ast(code), **kwargs)
                        ^^^^^^^^^^^^^^
  File "/root/QuestionInsight/.venv/lib/python3.12/site-packages/radon/visitors.py", line 48, in code2ast
    return ast.parse(source)
           ^^^^^^^^^^^^^^^^^
  File "/usr/lib/python3.12/ast.py", line 52, in parse
    return compile(source, filename, mode, flags,
           ^^^^^^^^^^^^^^^^^^^^^^^^^^^^^^^^^^^^^^
  File "<unknown>", line 5
    		print (round(valor1, 2)
    		      ^
SyntaxError: '(' was never closed
2025-08-18 19:43:10,050 cblogger [ERROR]: 		Error while extracting code size based metrics: SyntaxError at line: 5
Traceback (most recent call last):
  File "/root/QuestionInsight/.venv/lib/python3.12/site-packages/radon/raw.py", line 210, in analyze
    tokens, parsed_lines = _get_all_tokens(line, lines)
                           ^^^^^^^^^^^^^^^^^^^^^^^^^^^^
  File "/root/QuestionInsight/.venv/lib/python3.12/site-packages/radon/raw.py", line 117, in _get_all_tokens
    next_line = next(lines)
                ^^^^^^^^^^^
StopIteration

During handling of the above exception, another exception occurred:

Traceback (most recent call last):
  File "/root/QuestionInsight/Etapa_1/codebench-mining-tool/util.py", line 560, in extract_size_metrics
    a = analyze(code)
        ^^^^^^^^^^^^^
  File "/root/QuestionInsight/.venv/lib/python3.12/site-packages/radon/raw.py", line 212, in analyze
    raise SyntaxError('SyntaxError at line: {0}'.format(lineno))
SyntaxError: SyntaxError at line: 5
2025-08-18 19:43:10,051 cblogger [ERROR]: 		Error while extracting halsted code metrics: '(' was never closed (<unknown>, line 5)
Traceback (most recent call last):
  File "/root/QuestionInsight/Etapa_1/codebench-mining-tool/util.py", line 569, in extract_halstead_metrics
    h = h_visit(code)
        ^^^^^^^^^^^^^
  File "/root/QuestionInsight/.venv/lib/python3.12/site-packages/radon/metrics.py", line 29, in h_visit
    return h_visit_ast(ast.parse(code))
                       ^^^^^^^^^^^^^^^
  File "/usr/lib/python3.12/ast.py", line 52, in parse
    return compile(source, filename, mode, flags,
           ^^^^^^^^^^^^^^^^^^^^^^^^^^^^^^^^^^^^^^
  File "<unknown>", line 5
    		print (round(valor1, 2)
    		      ^
SyntaxError: '(' was never closed
2025-08-18 19:43:10,070 cblogger [ERROR]: 		Error while extracting code complexity metrics: expected ':' (<unknown>, line 4)
Traceback (most recent call last):
  File "/root/QuestionInsight/Etapa_1/codebench-mining-tool/util.py", line 551, in extract_complexity_metrics
    v = ComplexityVisitor.from_code(code)
        ^^^^^^^^^^^^^^^^^^^^^^^^^^^^^^^^^
  File "/root/QuestionInsight/.venv/lib/python3.12/site-packages/radon/visitors.py", line 133, in from_code
    return cls.from_ast(code2ast(code), **kwargs)
                        ^^^^^^^^^^^^^^
  File "/root/QuestionInsight/.venv/lib/python3.12/site-packages/radon/visitors.py", line 48, in code2ast
    return ast.parse(source)
           ^^^^^^^^^^^^^^^^^
  File "/usr/lib/python3.12/ast.py", line 52, in parse
    return compile(source, filename, mode, flags,
           ^^^^^^^^^^^^^^^^^^^^^^^^^^^^^^^^^^^^^^
  File "<unknown>", line 4
    while ()
            ^
SyntaxError: expected ':'
2025-08-18 19:43:10,070 cblogger [ERROR]: 		Error while extracting halsted code metrics: expected ':' (<unknown>, line 4)
Traceback (most recent call last):
  File "/root/QuestionInsight/Etapa_1/codebench-mining-tool/util.py", line 569, in extract_halstead_metrics
    h = h_visit(code)
        ^^^^^^^^^^^^^
  File "/root/QuestionInsight/.venv/lib/python3.12/site-packages/radon/metrics.py", line 29, in h_visit
    return h_visit_ast(ast.parse(code))
                       ^^^^^^^^^^^^^^^
  File "/usr/lib/python3.12/ast.py", line 52, in parse
    return compile(source, filename, mode, flags,
           ^^^^^^^^^^^^^^^^^^^^^^^^^^^^^^^^^^^^^^
  File "<unknown>", line 4
    while ()
            ^
SyntaxError: expected ':'
2025-08-18 19:43:10,106 cblogger [ERROR]: 		Error while extracting code complexity metrics: invalid syntax (<unknown>, line 7)
Traceback (most recent call last):
  File "/root/QuestionInsight/Etapa_1/codebench-mining-tool/util.py", line 551, in extract_complexity_metrics
    v = ComplexityVisitor.from_code(code)
        ^^^^^^^^^^^^^^^^^^^^^^^^^^^^^^^^^
  File "/root/QuestionInsight/.venv/lib/python3.12/site-packages/radon/visitors.py", line 133, in from_code
    return cls.from_ast(code2ast(code), **kwargs)
                        ^^^^^^^^^^^^^^
  File "/root/QuestionInsight/.venv/lib/python3.12/site-packages/radon/visitors.py", line 48, in code2ast
    return ast.parse(source)
           ^^^^^^^^^^^^^^^^^
  File "/usr/lib/python3.12/ast.py", line 52, in parse
    return compile(source, filename, mode, flags,
           ^^^^^^^^^^^^^^^^^^^^^^^^^^^^^^^^^^^^^^
  File "<unknown>", line 7
    	qnt_infa = qnt_infa - 
    	                      ^
SyntaxError: invalid syntax
2025-08-18 19:43:10,107 cblogger [ERROR]: 		Error while extracting halsted code metrics: invalid syntax (<unknown>, line 7)
Traceback (most recent call last):
  File "/root/QuestionInsight/Etapa_1/codebench-mining-tool/util.py", line 569, in extract_halstead_metrics
    h = h_visit(code)
        ^^^^^^^^^^^^^
  File "/root/QuestionInsight/.venv/lib/python3.12/site-packages/radon/metrics.py", line 29, in h_visit
    return h_visit_ast(ast.parse(code))
                       ^^^^^^^^^^^^^^^
  File "/usr/lib/python3.12/ast.py", line 52, in parse
    return compile(source, filename, mode, flags,
           ^^^^^^^^^^^^^^^^^^^^^^^^^^^^^^^^^^^^^^
  File "<unknown>", line 7
    	qnt_infa = qnt_infa - 
    	                      ^
SyntaxError: invalid syntax
2025-08-18 19:43:10,115 cblogger [ERROR]: 		Error while extracting code complexity metrics: '(' was never closed (<unknown>, line 12)
Traceback (most recent call last):
  File "/root/QuestionInsight/Etapa_1/codebench-mining-tool/util.py", line 551, in extract_complexity_metrics
    v = ComplexityVisitor.from_code(code)
        ^^^^^^^^^^^^^^^^^^^^^^^^^^^^^^^^^
  File "/root/QuestionInsight/.venv/lib/python3.12/site-packages/radon/visitors.py", line 133, in from_code
    return cls.from_ast(code2ast(code), **kwargs)
                        ^^^^^^^^^^^^^^
  File "/root/QuestionInsight/.venv/lib/python3.12/site-packages/radon/visitors.py", line 48, in code2ast
    return ast.parse(source)
           ^^^^^^^^^^^^^^^^^
  File "/usr/lib/python3.12/ast.py", line 52, in parse
    return compile(source, filename, mode, flags,
           ^^^^^^^^^^^^^^^^^^^^^^^^^^^^^^^^^^^^^^
  File "<unknown>", line 12
    print (round(media, 2)
          ^
SyntaxError: '(' was never closed
2025-08-18 19:43:10,116 cblogger [ERROR]: 		Error while extracting code size based metrics: SyntaxError at line: 12
Traceback (most recent call last):
  File "/root/QuestionInsight/.venv/lib/python3.12/site-packages/radon/raw.py", line 210, in analyze
    tokens, parsed_lines = _get_all_tokens(line, lines)
                           ^^^^^^^^^^^^^^^^^^^^^^^^^^^^
  File "/root/QuestionInsight/.venv/lib/python3.12/site-packages/radon/raw.py", line 117, in _get_all_tokens
    next_line = next(lines)
                ^^^^^^^^^^^
StopIteration

During handling of the above exception, another exception occurred:

Traceback (most recent call last):
  File "/root/QuestionInsight/Etapa_1/codebench-mining-tool/util.py", line 560, in extract_size_metrics
    a = analyze(code)
        ^^^^^^^^^^^^^
  File "/root/QuestionInsight/.venv/lib/python3.12/site-packages/radon/raw.py", line 212, in analyze
    raise SyntaxError('SyntaxError at line: {0}'.format(lineno))
SyntaxError: SyntaxError at line: 12
2025-08-18 19:43:10,117 cblogger [ERROR]: 		Error while extracting halsted code metrics: '(' was never closed (<unknown>, line 12)
Traceback (most recent call last):
  File "/root/QuestionInsight/Etapa_1/codebench-mining-tool/util.py", line 569, in extract_halstead_metrics
    h = h_visit(code)
        ^^^^^^^^^^^^^
  File "/root/QuestionInsight/.venv/lib/python3.12/site-packages/radon/metrics.py", line 29, in h_visit
    return h_visit_ast(ast.parse(code))
                       ^^^^^^^^^^^^^^^
  File "/usr/lib/python3.12/ast.py", line 52, in parse
    return compile(source, filename, mode, flags,
           ^^^^^^^^^^^^^^^^^^^^^^^^^^^^^^^^^^^^^^
  File "<unknown>", line 12
    print (round(media, 2)
          ^
SyntaxError: '(' was never closed
2025-08-18 19:43:10,119 cblogger [ERROR]: 		Error while extracting code complexity metrics: unindent does not match any outer indentation level (<unknown>, line 19)
Traceback (most recent call last):
  File "/root/QuestionInsight/Etapa_1/codebench-mining-tool/util.py", line 551, in extract_complexity_metrics
    v = ComplexityVisitor.from_code(code)
        ^^^^^^^^^^^^^^^^^^^^^^^^^^^^^^^^^
  File "/root/QuestionInsight/.venv/lib/python3.12/site-packages/radon/visitors.py", line 133, in from_code
    return cls.from_ast(code2ast(code), **kwargs)
                        ^^^^^^^^^^^^^^
  File "/root/QuestionInsight/.venv/lib/python3.12/site-packages/radon/visitors.py", line 48, in code2ast
    return ast.parse(source)
           ^^^^^^^^^^^^^^^^^
  File "/usr/lib/python3.12/ast.py", line 52, in parse
    return compile(source, filename, mode, flags,
           ^^^^^^^^^^^^^^^^^^^^^^^^^^^^^^^^^^^^^^
  File "<unknown>", line 19
    num = int(input("Digite um numero: "))
                                          ^
IndentationError: unindent does not match any outer indentation level
2025-08-18 19:43:10,122 cblogger [ERROR]: 		Error while extracting halsted code metrics: unindent does not match any outer indentation level (<unknown>, line 19)
Traceback (most recent call last):
  File "/root/QuestionInsight/Etapa_1/codebench-mining-tool/util.py", line 569, in extract_halstead_metrics
    h = h_visit(code)
        ^^^^^^^^^^^^^
  File "/root/QuestionInsight/.venv/lib/python3.12/site-packages/radon/metrics.py", line 29, in h_visit
    return h_visit_ast(ast.parse(code))
                       ^^^^^^^^^^^^^^^
  File "/usr/lib/python3.12/ast.py", line 52, in parse
    return compile(source, filename, mode, flags,
           ^^^^^^^^^^^^^^^^^^^^^^^^^^^^^^^^^^^^^^
  File "<unknown>", line 19
    num = int(input("Digite um numero: "))
                                          ^
IndentationError: unindent does not match any outer indentation level
2025-08-18 19:43:10,131 cblogger [ERROR]: 		Error while extracting code complexity metrics: invalid syntax (<unknown>, line 6)
Traceback (most recent call last):
  File "/root/QuestionInsight/Etapa_1/codebench-mining-tool/util.py", line 551, in extract_complexity_metrics
    v = ComplexityVisitor.from_code(code)
        ^^^^^^^^^^^^^^^^^^^^^^^^^^^^^^^^^
  File "/root/QuestionInsight/.venv/lib/python3.12/site-packages/radon/visitors.py", line 133, in from_code
    return cls.from_ast(code2ast(code), **kwargs)
                        ^^^^^^^^^^^^^^
  File "/root/QuestionInsight/.venv/lib/python3.12/site-packages/radon/visitors.py", line 48, in code2ast
    return ast.parse(source)
           ^^^^^^^^^^^^^^^^^
  File "/usr/lib/python3.12/ast.py", line 52, in parse
    return compile(source, filename, mode, flags,
           ^^^^^^^^^^^^^^^^^^^^^^^^^^^^^^^^^^^^^^
  File "<unknown>", line 6
    	paises[i] =
    	           ^
SyntaxError: invalid syntax
2025-08-18 19:43:10,131 cblogger [ERROR]: 		Error while extracting halsted code metrics: invalid syntax (<unknown>, line 6)
Traceback (most recent call last):
  File "/root/QuestionInsight/Etapa_1/codebench-mining-tool/util.py", line 569, in extract_halstead_metrics
    h = h_visit(code)
        ^^^^^^^^^^^^^
  File "/root/QuestionInsight/.venv/lib/python3.12/site-packages/radon/metrics.py", line 29, in h_visit
    return h_visit_ast(ast.parse(code))
                       ^^^^^^^^^^^^^^^
  File "/usr/lib/python3.12/ast.py", line 52, in parse
    return compile(source, filename, mode, flags,
           ^^^^^^^^^^^^^^^^^^^^^^^^^^^^^^^^^^^^^^
  File "<unknown>", line 6
    	paises[i] =
    	           ^
SyntaxError: invalid syntax
2025-08-18 19:43:10,133 cblogger [ERROR]: 		Error while extracting code complexity metrics: expected an indented block after 'if' statement on line 13 (<unknown>, line 14)
Traceback (most recent call last):
  File "/root/QuestionInsight/Etapa_1/codebench-mining-tool/util.py", line 551, in extract_complexity_metrics
    v = ComplexityVisitor.from_code(code)
        ^^^^^^^^^^^^^^^^^^^^^^^^^^^^^^^^^
  File "/root/QuestionInsight/.venv/lib/python3.12/site-packages/radon/visitors.py", line 133, in from_code
    return cls.from_ast(code2ast(code), **kwargs)
                        ^^^^^^^^^^^^^^
  File "/root/QuestionInsight/.venv/lib/python3.12/site-packages/radon/visitors.py", line 48, in code2ast
    return ast.parse(source)
           ^^^^^^^^^^^^^^^^^
  File "/usr/lib/python3.12/ast.py", line 52, in parse
    return compile(source, filename, mode, flags,
           ^^^^^^^^^^^^^^^^^^^^^^^^^^^^^^^^^^^^^^
  File "<unknown>", line 14
    	
    	^
IndentationError: expected an indented block after 'if' statement on line 13
2025-08-18 19:43:10,134 cblogger [ERROR]: 		Error while extracting halsted code metrics: expected an indented block after 'if' statement on line 13 (<unknown>, line 14)
Traceback (most recent call last):
  File "/root/QuestionInsight/Etapa_1/codebench-mining-tool/util.py", line 569, in extract_halstead_metrics
    h = h_visit(code)
        ^^^^^^^^^^^^^
  File "/root/QuestionInsight/.venv/lib/python3.12/site-packages/radon/metrics.py", line 29, in h_visit
    return h_visit_ast(ast.parse(code))
                       ^^^^^^^^^^^^^^^
  File "/usr/lib/python3.12/ast.py", line 52, in parse
    return compile(source, filename, mode, flags,
           ^^^^^^^^^^^^^^^^^^^^^^^^^^^^^^^^^^^^^^
  File "<unknown>", line 14
    	
    	^
IndentationError: expected an indented block after 'if' statement on line 13
2025-08-18 19:43:10,141 cblogger [ERROR]: 		Error while extracting code complexity metrics: cannot assign to literal (<unknown>, line 4)
Traceback (most recent call last):
  File "/root/QuestionInsight/Etapa_1/codebench-mining-tool/util.py", line 551, in extract_complexity_metrics
    v = ComplexityVisitor.from_code(code)
        ^^^^^^^^^^^^^^^^^^^^^^^^^^^^^^^^^
  File "/root/QuestionInsight/.venv/lib/python3.12/site-packages/radon/visitors.py", line 133, in from_code
    return cls.from_ast(code2ast(code), **kwargs)
                        ^^^^^^^^^^^^^^
  File "/root/QuestionInsight/.venv/lib/python3.12/site-packages/radon/visitors.py", line 48, in code2ast
    return ast.parse(source)
           ^^^^^^^^^^^^^^^^^
  File "/usr/lib/python3.12/ast.py", line 52, in parse
    return compile(source, filename, mode, flags,
           ^^^^^^^^^^^^^^^^^^^^^^^^^^^^^^^^^^^^^^
  File "<unknown>", line 4
    [1]= 40
     ^
SyntaxError: cannot assign to literal
2025-08-18 19:43:10,142 cblogger [ERROR]: 		Error while extracting halsted code metrics: cannot assign to literal (<unknown>, line 4)
Traceback (most recent call last):
  File "/root/QuestionInsight/Etapa_1/codebench-mining-tool/util.py", line 569, in extract_halstead_metrics
    h = h_visit(code)
        ^^^^^^^^^^^^^
  File "/root/QuestionInsight/.venv/lib/python3.12/site-packages/radon/metrics.py", line 29, in h_visit
    return h_visit_ast(ast.parse(code))
                       ^^^^^^^^^^^^^^^
  File "/usr/lib/python3.12/ast.py", line 52, in parse
    return compile(source, filename, mode, flags,
           ^^^^^^^^^^^^^^^^^^^^^^^^^^^^^^^^^^^^^^
  File "<unknown>", line 4
    [1]= 40
     ^
SyntaxError: cannot assign to literal
2025-08-18 19:43:10,173 cblogger [ERROR]: 		Error while extracting code complexity metrics: unexpected indent (<unknown>, line 8)
Traceback (most recent call last):
  File "/root/QuestionInsight/Etapa_1/codebench-mining-tool/util.py", line 551, in extract_complexity_metrics
    v = ComplexityVisitor.from_code(code)
        ^^^^^^^^^^^^^^^^^^^^^^^^^^^^^^^^^
  File "/root/QuestionInsight/.venv/lib/python3.12/site-packages/radon/visitors.py", line 133, in from_code
    return cls.from_ast(code2ast(code), **kwargs)
                        ^^^^^^^^^^^^^^
  File "/root/QuestionInsight/.venv/lib/python3.12/site-packages/radon/visitors.py", line 48, in code2ast
    return ast.parse(source)
           ^^^^^^^^^^^^^^^^^
  File "/usr/lib/python3.12/ast.py", line 52, in parse
    return compile(source, filename, mode, flags,
           ^^^^^^^^^^^^^^^^^^^^^^^^^^^^^^^^^^^^^^
  File "<unknown>", line 8
    	   print("MORREU")
    	  ^
IndentationError: unexpected indent
2025-08-18 19:43:10,174 cblogger [ERROR]: 		Error while extracting halsted code metrics: unexpected indent (<unknown>, line 8)
Traceback (most recent call last):
  File "/root/QuestionInsight/Etapa_1/codebench-mining-tool/util.py", line 569, in extract_halstead_metrics
    h = h_visit(code)
        ^^^^^^^^^^^^^
  File "/root/QuestionInsight/.venv/lib/python3.12/site-packages/radon/metrics.py", line 29, in h_visit
    return h_visit_ast(ast.parse(code))
                       ^^^^^^^^^^^^^^^
  File "/usr/lib/python3.12/ast.py", line 52, in parse
    return compile(source, filename, mode, flags,
           ^^^^^^^^^^^^^^^^^^^^^^^^^^^^^^^^^^^^^^
  File "<unknown>", line 8
    	   print("MORREU")
    	  ^
IndentationError: unexpected indent
2025-08-18 19:43:10,188 cblogger [ERROR]: 		Error while extracting code complexity metrics: expected an indented block after 'if' statement on line 10 (<unknown>, line 11)
Traceback (most recent call last):
  File "/root/QuestionInsight/Etapa_1/codebench-mining-tool/util.py", line 551, in extract_complexity_metrics
    v = ComplexityVisitor.from_code(code)
        ^^^^^^^^^^^^^^^^^^^^^^^^^^^^^^^^^
  File "/root/QuestionInsight/.venv/lib/python3.12/site-packages/radon/visitors.py", line 133, in from_code
    return cls.from_ast(code2ast(code), **kwargs)
                        ^^^^^^^^^^^^^^
  File "/root/QuestionInsight/.venv/lib/python3.12/site-packages/radon/visitors.py", line 48, in code2ast
    return ast.parse(source)
           ^^^^^^^^^^^^^^^^^
  File "/usr/lib/python3.12/ast.py", line 52, in parse
    return compile(source, filename, mode, flags,
           ^^^^^^^^^^^^^^^^^^^^^^^^^^^^^^^^^^^^^^
  File "<unknown>", line 11
    	nota = sum(matpontos[i, :])
    	^^^^
IndentationError: expected an indented block after 'if' statement on line 10
2025-08-18 19:43:10,189 cblogger [ERROR]: 		Error while extracting halsted code metrics: expected an indented block after 'if' statement on line 10 (<unknown>, line 11)
Traceback (most recent call last):
  File "/root/QuestionInsight/Etapa_1/codebench-mining-tool/util.py", line 569, in extract_halstead_metrics
    h = h_visit(code)
        ^^^^^^^^^^^^^
  File "/root/QuestionInsight/.venv/lib/python3.12/site-packages/radon/metrics.py", line 29, in h_visit
    return h_visit_ast(ast.parse(code))
                       ^^^^^^^^^^^^^^^
  File "/usr/lib/python3.12/ast.py", line 52, in parse
    return compile(source, filename, mode, flags,
           ^^^^^^^^^^^^^^^^^^^^^^^^^^^^^^^^^^^^^^
  File "<unknown>", line 11
    	nota = sum(matpontos[i, :])
    	^^^^
IndentationError: expected an indented block after 'if' statement on line 10
2025-08-18 19:43:10,257 cblogger [ERROR]: 		Error while extracting code complexity metrics: '(' was never closed (<unknown>, line 10)
Traceback (most recent call last):
  File "/root/QuestionInsight/Etapa_1/codebench-mining-tool/util.py", line 551, in extract_complexity_metrics
    v = ComplexityVisitor.from_code(code)
        ^^^^^^^^^^^^^^^^^^^^^^^^^^^^^^^^^
  File "/root/QuestionInsight/.venv/lib/python3.12/site-packages/radon/visitors.py", line 133, in from_code
    return cls.from_ast(code2ast(code), **kwargs)
                        ^^^^^^^^^^^^^^
  File "/root/QuestionInsight/.venv/lib/python3.12/site-packages/radon/visitors.py", line 48, in code2ast
    return ast.parse(source)
           ^^^^^^^^^^^^^^^^^
  File "/usr/lib/python3.12/ast.py", line 52, in parse
    return compile(source, filename, mode, flags,
           ^^^^^^^^^^^^^^^^^^^^^^^^^^^^^^^^^^^^^^
  File "<unknown>", line 10
    d=r*(acos(radians(sin(radians(t1))*sin(radians(t2))+cos(radians(t1))*cos(radians(t2))*cos(radians(g1-g2))))
        ^
SyntaxError: '(' was never closed
2025-08-18 19:43:10,259 cblogger [ERROR]: 		Error while extracting code size based metrics: SyntaxError at line: 10
Traceback (most recent call last):
  File "/root/QuestionInsight/.venv/lib/python3.12/site-packages/radon/raw.py", line 210, in analyze
    tokens, parsed_lines = _get_all_tokens(line, lines)
                           ^^^^^^^^^^^^^^^^^^^^^^^^^^^^
  File "/root/QuestionInsight/.venv/lib/python3.12/site-packages/radon/raw.py", line 117, in _get_all_tokens
    next_line = next(lines)
                ^^^^^^^^^^^
StopIteration

During handling of the above exception, another exception occurred:

Traceback (most recent call last):
  File "/root/QuestionInsight/Etapa_1/codebench-mining-tool/util.py", line 560, in extract_size_metrics
    a = analyze(code)
        ^^^^^^^^^^^^^
  File "/root/QuestionInsight/.venv/lib/python3.12/site-packages/radon/raw.py", line 212, in analyze
    raise SyntaxError('SyntaxError at line: {0}'.format(lineno))
SyntaxError: SyntaxError at line: 10
2025-08-18 19:43:10,260 cblogger [ERROR]: 		Error while extracting halsted code metrics: '(' was never closed (<unknown>, line 10)
Traceback (most recent call last):
  File "/root/QuestionInsight/Etapa_1/codebench-mining-tool/util.py", line 569, in extract_halstead_metrics
    h = h_visit(code)
        ^^^^^^^^^^^^^
  File "/root/QuestionInsight/.venv/lib/python3.12/site-packages/radon/metrics.py", line 29, in h_visit
    return h_visit_ast(ast.parse(code))
                       ^^^^^^^^^^^^^^^
  File "/usr/lib/python3.12/ast.py", line 52, in parse
    return compile(source, filename, mode, flags,
           ^^^^^^^^^^^^^^^^^^^^^^^^^^^^^^^^^^^^^^
  File "<unknown>", line 10
    d=r*(acos(radians(sin(radians(t1))*sin(radians(t2))+cos(radians(t1))*cos(radians(t2))*cos(radians(g1-g2))))
        ^
SyntaxError: '(' was never closed
2025-08-18 19:43:14,032 cblogger [ERROR]: 		Error while extracting code complexity metrics: '(' was never closed (<unknown>, line 3)
Traceback (most recent call last):
  File "/root/QuestionInsight/Etapa_1/codebench-mining-tool/util.py", line 551, in extract_complexity_metrics
    v = ComplexityVisitor.from_code(code)
        ^^^^^^^^^^^^^^^^^^^^^^^^^^^^^^^^^
  File "/root/QuestionInsight/.venv/lib/python3.12/site-packages/radon/visitors.py", line 133, in from_code
    return cls.from_ast(code2ast(code), **kwargs)
                        ^^^^^^^^^^^^^^
  File "/root/QuestionInsight/.venv/lib/python3.12/site-packages/radon/visitors.py", line 48, in code2ast
    return ast.parse(source)
           ^^^^^^^^^^^^^^^^^
  File "/usr/lib/python3.12/ast.py", line 52, in parse
    return compile(source, filename, mode, flags,
           ^^^^^^^^^^^^^^^^^^^^^^^^^^^^^^^^^^^^^^
  File "<unknown>", line 3
    	if(num==0
    	  ^
SyntaxError: '(' was never closed
2025-08-18 19:43:14,033 cblogger [ERROR]: 		Error while extracting code size based metrics: SyntaxError at line: 3
Traceback (most recent call last):
  File "/root/QuestionInsight/.venv/lib/python3.12/site-packages/radon/raw.py", line 210, in analyze
    tokens, parsed_lines = _get_all_tokens(line, lines)
                           ^^^^^^^^^^^^^^^^^^^^^^^^^^^^
  File "/root/QuestionInsight/.venv/lib/python3.12/site-packages/radon/raw.py", line 117, in _get_all_tokens
    next_line = next(lines)
                ^^^^^^^^^^^
StopIteration

During handling of the above exception, another exception occurred:

Traceback (most recent call last):
  File "/root/QuestionInsight/Etapa_1/codebench-mining-tool/util.py", line 560, in extract_size_metrics
    a = analyze(code)
        ^^^^^^^^^^^^^
  File "/root/QuestionInsight/.venv/lib/python3.12/site-packages/radon/raw.py", line 212, in analyze
    raise SyntaxError('SyntaxError at line: {0}'.format(lineno))
SyntaxError: SyntaxError at line: 3
2025-08-18 19:43:14,044 cblogger [ERROR]: 		Error while extracting halsted code metrics: '(' was never closed (<unknown>, line 3)
Traceback (most recent call last):
  File "/root/QuestionInsight/Etapa_1/codebench-mining-tool/util.py", line 569, in extract_halstead_metrics
    h = h_visit(code)
        ^^^^^^^^^^^^^
  File "/root/QuestionInsight/.venv/lib/python3.12/site-packages/radon/metrics.py", line 29, in h_visit
    return h_visit_ast(ast.parse(code))
                       ^^^^^^^^^^^^^^^
  File "/usr/lib/python3.12/ast.py", line 52, in parse
    return compile(source, filename, mode, flags,
           ^^^^^^^^^^^^^^^^^^^^^^^^^^^^^^^^^^^^^^
  File "<unknown>", line 3
    	if(num==0
    	  ^
SyntaxError: '(' was never closed
2025-08-18 19:43:14,257 cblogger [ERROR]: 		Error while extracting code complexity metrics: unexpected indent (<unknown>, line 2)
Traceback (most recent call last):
  File "/root/QuestionInsight/Etapa_1/codebench-mining-tool/util.py", line 551, in extract_complexity_metrics
    v = ComplexityVisitor.from_code(code)
        ^^^^^^^^^^^^^^^^^^^^^^^^^^^^^^^^^
  File "/root/QuestionInsight/.venv/lib/python3.12/site-packages/radon/visitors.py", line 133, in from_code
    return cls.from_ast(code2ast(code), **kwargs)
                        ^^^^^^^^^^^^^^
  File "/root/QuestionInsight/.venv/lib/python3.12/site-packages/radon/visitors.py", line 48, in code2ast
    return ast.parse(source)
           ^^^^^^^^^^^^^^^^^
  File "/usr/lib/python3.12/ast.py", line 52, in parse
    return compile(source, filename, mode, flags,
           ^^^^^^^^^^^^^^^^^^^^^^^^^^^^^^^^^^^^^^
  File "<unknown>", line 2
    vet= 
IndentationError: unexpected indent
2025-08-18 19:43:14,257 cblogger [ERROR]: 		Error while extracting halsted code metrics: unexpected indent (<unknown>, line 2)
Traceback (most recent call last):
  File "/root/QuestionInsight/Etapa_1/codebench-mining-tool/util.py", line 569, in extract_halstead_metrics
    h = h_visit(code)
        ^^^^^^^^^^^^^
  File "/root/QuestionInsight/.venv/lib/python3.12/site-packages/radon/metrics.py", line 29, in h_visit
    return h_visit_ast(ast.parse(code))
                       ^^^^^^^^^^^^^^^
  File "/usr/lib/python3.12/ast.py", line 52, in parse
    return compile(source, filename, mode, flags,
           ^^^^^^^^^^^^^^^^^^^^^^^^^^^^^^^^^^^^^^
  File "<unknown>", line 2
    vet= 
IndentationError: unexpected indent
2025-08-18 19:43:14,694 cblogger [ERROR]: 		Error while extracting code complexity metrics: invalid syntax (<unknown>, line 11)
Traceback (most recent call last):
  File "/root/QuestionInsight/Etapa_1/codebench-mining-tool/util.py", line 551, in extract_complexity_metrics
    v = ComplexityVisitor.from_code(code)
        ^^^^^^^^^^^^^^^^^^^^^^^^^^^^^^^^^
  File "/root/QuestionInsight/.venv/lib/python3.12/site-packages/radon/visitors.py", line 133, in from_code
    return cls.from_ast(code2ast(code), **kwargs)
                        ^^^^^^^^^^^^^^
  File "/root/QuestionInsight/.venv/lib/python3.12/site-packages/radon/visitors.py", line 48, in code2ast
    return ast.parse(source)
           ^^^^^^^^^^^^^^^^^
  File "/usr/lib/python3.12/ast.py", line 52, in parse
    return compile(source, filename, mode, flags,
           ^^^^^^^^^^^^^^^^^^^^^^^^^^^^^^^^^^^^^^
  File "<unknown>", line 11
    	i= 
    	   ^
SyntaxError: invalid syntax
2025-08-18 19:43:14,695 cblogger [ERROR]: 		Error while extracting halsted code metrics: invalid syntax (<unknown>, line 11)
Traceback (most recent call last):
  File "/root/QuestionInsight/Etapa_1/codebench-mining-tool/util.py", line 569, in extract_halstead_metrics
    h = h_visit(code)
        ^^^^^^^^^^^^^
  File "/root/QuestionInsight/.venv/lib/python3.12/site-packages/radon/metrics.py", line 29, in h_visit
    return h_visit_ast(ast.parse(code))
                       ^^^^^^^^^^^^^^^
  File "/usr/lib/python3.12/ast.py", line 52, in parse
    return compile(source, filename, mode, flags,
           ^^^^^^^^^^^^^^^^^^^^^^^^^^^^^^^^^^^^^^
  File "<unknown>", line 11
    	i= 
    	   ^
SyntaxError: invalid syntax
2025-08-18 19:43:17,906 cblogger [ERROR]: 		Error while extracting code complexity metrics: invalid syntax (<unknown>, line 6)
Traceback (most recent call last):
  File "/root/QuestionInsight/Etapa_1/codebench-mining-tool/util.py", line 551, in extract_complexity_metrics
    v = ComplexityVisitor.from_code(code)
        ^^^^^^^^^^^^^^^^^^^^^^^^^^^^^^^^^
  File "/root/QuestionInsight/.venv/lib/python3.12/site-packages/radon/visitors.py", line 133, in from_code
    return cls.from_ast(code2ast(code), **kwargs)
                        ^^^^^^^^^^^^^^
  File "/root/QuestionInsight/.venv/lib/python3.12/site-packages/radon/visitors.py", line 48, in code2ast
    return ast.parse(source)
           ^^^^^^^^^^^^^^^^^
  File "/usr/lib/python3.12/ast.py", line 52, in parse
    return compile(source, filename, mode, flags,
           ^^^^^^^^^^^^^^^^^^^^^^^^^^^^^^^^^^^^^^
  File "<unknown>", line 6
    while(i<size(nome) and ):
                           ^
SyntaxError: invalid syntax
2025-08-18 19:43:17,906 cblogger [ERROR]: 		Error while extracting halsted code metrics: invalid syntax (<unknown>, line 6)
Traceback (most recent call last):
  File "/root/QuestionInsight/Etapa_1/codebench-mining-tool/util.py", line 569, in extract_halstead_metrics
    h = h_visit(code)
        ^^^^^^^^^^^^^
  File "/root/QuestionInsight/.venv/lib/python3.12/site-packages/radon/metrics.py", line 29, in h_visit
    return h_visit_ast(ast.parse(code))
                       ^^^^^^^^^^^^^^^
  File "/usr/lib/python3.12/ast.py", line 52, in parse
    return compile(source, filename, mode, flags,
           ^^^^^^^^^^^^^^^^^^^^^^^^^^^^^^^^^^^^^^
  File "<unknown>", line 6
    while(i<size(nome) and ):
                           ^
SyntaxError: invalid syntax
2025-08-18 19:43:17,991 cblogger [ERROR]: 		Error while extracting code complexity metrics: cannot assign to literal here. Maybe you meant '==' instead of '='? (<unknown>, line 1)
Traceback (most recent call last):
  File "/root/QuestionInsight/Etapa_1/codebench-mining-tool/util.py", line 551, in extract_complexity_metrics
    v = ComplexityVisitor.from_code(code)
        ^^^^^^^^^^^^^^^^^^^^^^^^^^^^^^^^^
  File "/root/QuestionInsight/.venv/lib/python3.12/site-packages/radon/visitors.py", line 133, in from_code
    return cls.from_ast(code2ast(code), **kwargs)
                        ^^^^^^^^^^^^^^
  File "/root/QuestionInsight/.venv/lib/python3.12/site-packages/radon/visitors.py", line 48, in code2ast
    return ast.parse(source)
           ^^^^^^^^^^^^^^^^^
  File "/usr/lib/python3.12/ast.py", line 52, in parse
    return compile(source, filename, mode, flags,
           ^^^^^^^^^^^^^^^^^^^^^^^^^^^^^^^^^^^^^^
  File "<unknown>", line 1
    3.14=--cos()
    ^^^^
SyntaxError: cannot assign to literal here. Maybe you meant '==' instead of '='?
2025-08-18 19:43:17,993 cblogger [ERROR]: 		Error while extracting halsted code metrics: cannot assign to literal here. Maybe you meant '==' instead of '='? (<unknown>, line 1)
Traceback (most recent call last):
  File "/root/QuestionInsight/Etapa_1/codebench-mining-tool/util.py", line 569, in extract_halstead_metrics
    h = h_visit(code)
        ^^^^^^^^^^^^^
  File "/root/QuestionInsight/.venv/lib/python3.12/site-packages/radon/metrics.py", line 29, in h_visit
    return h_visit_ast(ast.parse(code))
                       ^^^^^^^^^^^^^^^
  File "/usr/lib/python3.12/ast.py", line 52, in parse
    return compile(source, filename, mode, flags,
           ^^^^^^^^^^^^^^^^^^^^^^^^^^^^^^^^^^^^^^
  File "<unknown>", line 1
    3.14=--cos()
    ^^^^
SyntaxError: cannot assign to literal here. Maybe you meant '==' instead of '='?
2025-08-18 19:43:18,011 cblogger [ERROR]: 		Error while extracting code complexity metrics: '(' was never closed (<unknown>, line 6)
Traceback (most recent call last):
  File "/root/QuestionInsight/Etapa_1/codebench-mining-tool/util.py", line 551, in extract_complexity_metrics
    v = ComplexityVisitor.from_code(code)
        ^^^^^^^^^^^^^^^^^^^^^^^^^^^^^^^^^
  File "/root/QuestionInsight/.venv/lib/python3.12/site-packages/radon/visitors.py", line 133, in from_code
    return cls.from_ast(code2ast(code), **kwargs)
                        ^^^^^^^^^^^^^^
  File "/root/QuestionInsight/.venv/lib/python3.12/site-packages/radon/visitors.py", line 48, in code2ast
    return ast.parse(source)
           ^^^^^^^^^^^^^^^^^
  File "/usr/lib/python3.12/ast.py", line 52, in parse
    return compile(source, filename, mode, flags,
           ^^^^^^^^^^^^^^^^^^^^^^^^^^^^^^^^^^^^^^
  File "<unknown>", line 6
    print(size(vetor)
         ^
SyntaxError: '(' was never closed
2025-08-18 19:43:18,012 cblogger [ERROR]: 		Error while extracting code size based metrics: SyntaxError at line: 6
Traceback (most recent call last):
  File "/root/QuestionInsight/.venv/lib/python3.12/site-packages/radon/raw.py", line 210, in analyze
    tokens, parsed_lines = _get_all_tokens(line, lines)
                           ^^^^^^^^^^^^^^^^^^^^^^^^^^^^
  File "/root/QuestionInsight/.venv/lib/python3.12/site-packages/radon/raw.py", line 117, in _get_all_tokens
    next_line = next(lines)
                ^^^^^^^^^^^
StopIteration

During handling of the above exception, another exception occurred:

Traceback (most recent call last):
  File "/root/QuestionInsight/Etapa_1/codebench-mining-tool/util.py", line 560, in extract_size_metrics
    a = analyze(code)
        ^^^^^^^^^^^^^
  File "/root/QuestionInsight/.venv/lib/python3.12/site-packages/radon/raw.py", line 212, in analyze
    raise SyntaxError('SyntaxError at line: {0}'.format(lineno))
SyntaxError: SyntaxError at line: 6
2025-08-18 19:43:18,012 cblogger [ERROR]: 		Error while extracting halsted code metrics: '(' was never closed (<unknown>, line 6)
Traceback (most recent call last):
  File "/root/QuestionInsight/Etapa_1/codebench-mining-tool/util.py", line 569, in extract_halstead_metrics
    h = h_visit(code)
        ^^^^^^^^^^^^^
  File "/root/QuestionInsight/.venv/lib/python3.12/site-packages/radon/metrics.py", line 29, in h_visit
    return h_visit_ast(ast.parse(code))
                       ^^^^^^^^^^^^^^^
  File "/usr/lib/python3.12/ast.py", line 52, in parse
    return compile(source, filename, mode, flags,
           ^^^^^^^^^^^^^^^^^^^^^^^^^^^^^^^^^^^^^^
  File "<unknown>", line 6
    print(size(vetor)
         ^
SyntaxError: '(' was never closed
2025-08-18 19:43:18,013 cblogger [ERROR]: 		Error while extracting code complexity metrics: expected ':' (<unknown>, line 4)
Traceback (most recent call last):
  File "/root/QuestionInsight/Etapa_1/codebench-mining-tool/util.py", line 551, in extract_complexity_metrics
    v = ComplexityVisitor.from_code(code)
        ^^^^^^^^^^^^^^^^^^^^^^^^^^^^^^^^^
  File "/root/QuestionInsight/.venv/lib/python3.12/site-packages/radon/visitors.py", line 133, in from_code
    return cls.from_ast(code2ast(code), **kwargs)
                        ^^^^^^^^^^^^^^
  File "/root/QuestionInsight/.venv/lib/python3.12/site-packages/radon/visitors.py", line 48, in code2ast
    return ast.parse(source)
           ^^^^^^^^^^^^^^^^^
  File "/usr/lib/python3.12/ast.py", line 52, in parse
    return compile(source, filename, mode, flags,
           ^^^^^^^^^^^^^^^^^^^^^^^^^^^^^^^^^^^^^^
  File "<unknown>", line 4
    if () 
          ^
SyntaxError: expected ':'
2025-08-18 19:43:18,014 cblogger [ERROR]: 		Error while extracting halsted code metrics: expected ':' (<unknown>, line 4)
Traceback (most recent call last):
  File "/root/QuestionInsight/Etapa_1/codebench-mining-tool/util.py", line 569, in extract_halstead_metrics
    h = h_visit(code)
        ^^^^^^^^^^^^^
  File "/root/QuestionInsight/.venv/lib/python3.12/site-packages/radon/metrics.py", line 29, in h_visit
    return h_visit_ast(ast.parse(code))
                       ^^^^^^^^^^^^^^^
  File "/usr/lib/python3.12/ast.py", line 52, in parse
    return compile(source, filename, mode, flags,
           ^^^^^^^^^^^^^^^^^^^^^^^^^^^^^^^^^^^^^^
  File "<unknown>", line 4
    if () 
          ^
SyntaxError: expected ':'
2025-08-18 19:43:18,017 cblogger [ERROR]: 		Error while extracting code complexity metrics: invalid syntax (<unknown>, line 16)
Traceback (most recent call last):
  File "/root/QuestionInsight/Etapa_1/codebench-mining-tool/util.py", line 551, in extract_complexity_metrics
    v = ComplexityVisitor.from_code(code)
        ^^^^^^^^^^^^^^^^^^^^^^^^^^^^^^^^^
  File "/root/QuestionInsight/.venv/lib/python3.12/site-packages/radon/visitors.py", line 133, in from_code
    return cls.from_ast(code2ast(code), **kwargs)
                        ^^^^^^^^^^^^^^
  File "/root/QuestionInsight/.venv/lib/python3.12/site-packages/radon/visitors.py", line 48, in code2ast
    return ast.parse(source)
           ^^^^^^^^^^^^^^^^^
  File "/usr/lib/python3.12/ast.py", line 52, in parse
    return compile(source, filename, mode, flags,
           ^^^^^^^^^^^^^^^^^^^^^^^^^^^^^^^^^^^^^^
  File "<unknown>", line 16
    if (a+b>c) and (b+c>a) and:
                              ^
SyntaxError: invalid syntax
2025-08-18 19:43:18,018 cblogger [ERROR]: 		Error while extracting halsted code metrics: invalid syntax (<unknown>, line 16)
Traceback (most recent call last):
  File "/root/QuestionInsight/Etapa_1/codebench-mining-tool/util.py", line 569, in extract_halstead_metrics
    h = h_visit(code)
        ^^^^^^^^^^^^^
  File "/root/QuestionInsight/.venv/lib/python3.12/site-packages/radon/metrics.py", line 29, in h_visit
    return h_visit_ast(ast.parse(code))
                       ^^^^^^^^^^^^^^^
  File "/usr/lib/python3.12/ast.py", line 52, in parse
    return compile(source, filename, mode, flags,
           ^^^^^^^^^^^^^^^^^^^^^^^^^^^^^^^^^^^^^^
  File "<unknown>", line 16
    if (a+b>c) and (b+c>a) and:
                              ^
SyntaxError: invalid syntax
2025-08-18 19:43:18,020 cblogger [ERROR]: 		Error while extracting code complexity metrics: invalid syntax. Perhaps you forgot a comma? (<unknown>, line 7)
Traceback (most recent call last):
  File "/root/QuestionInsight/Etapa_1/codebench-mining-tool/util.py", line 551, in extract_complexity_metrics
    v = ComplexityVisitor.from_code(code)
        ^^^^^^^^^^^^^^^^^^^^^^^^^^^^^^^^^
  File "/root/QuestionInsight/.venv/lib/python3.12/site-packages/radon/visitors.py", line 133, in from_code
    return cls.from_ast(code2ast(code), **kwargs)
                        ^^^^^^^^^^^^^^
  File "/root/QuestionInsight/.venv/lib/python3.12/site-packages/radon/visitors.py", line 48, in code2ast
    return ast.parse(source)
           ^^^^^^^^^^^^^^^^^
  File "/usr/lib/python3.12/ast.py", line 52, in parse
    return compile(source, filename, mode, flags,
           ^^^^^^^^^^^^^^^^^^^^^^^^^^^^^^^^^^^^^^
  File "<unknown>", line 7
    		print("Entradas: ", round(x, 2)"," , round(y, 2)"," , round(z, 2))
    		                    ^^^^^^^^^^^^^^
SyntaxError: invalid syntax. Perhaps you forgot a comma?
2025-08-18 19:43:18,022 cblogger [ERROR]: 		Error while extracting halsted code metrics: invalid syntax. Perhaps you forgot a comma? (<unknown>, line 7)
Traceback (most recent call last):
  File "/root/QuestionInsight/Etapa_1/codebench-mining-tool/util.py", line 569, in extract_halstead_metrics
    h = h_visit(code)
        ^^^^^^^^^^^^^
  File "/root/QuestionInsight/.venv/lib/python3.12/site-packages/radon/metrics.py", line 29, in h_visit
    return h_visit_ast(ast.parse(code))
                       ^^^^^^^^^^^^^^^
  File "/usr/lib/python3.12/ast.py", line 52, in parse
    return compile(source, filename, mode, flags,
           ^^^^^^^^^^^^^^^^^^^^^^^^^^^^^^^^^^^^^^
  File "<unknown>", line 7
    		print("Entradas: ", round(x, 2)"," , round(y, 2)"," , round(z, 2))
    		                    ^^^^^^^^^^^^^^
SyntaxError: invalid syntax. Perhaps you forgot a comma?
2025-08-18 19:43:18,023 cblogger [ERROR]: 		Error while extracting code complexity metrics: expected an indented block after 'while' statement on line 4 (<unknown>, line 5)
Traceback (most recent call last):
  File "/root/QuestionInsight/Etapa_1/codebench-mining-tool/util.py", line 551, in extract_complexity_metrics
    v = ComplexityVisitor.from_code(code)
        ^^^^^^^^^^^^^^^^^^^^^^^^^^^^^^^^^
  File "/root/QuestionInsight/.venv/lib/python3.12/site-packages/radon/visitors.py", line 133, in from_code
    return cls.from_ast(code2ast(code), **kwargs)
                        ^^^^^^^^^^^^^^
  File "/root/QuestionInsight/.venv/lib/python3.12/site-packages/radon/visitors.py", line 48, in code2ast
    return ast.parse(source)
           ^^^^^^^^^^^^^^^^^
  File "/usr/lib/python3.12/ast.py", line 52, in parse
    return compile(source, filename, mode, flags,
           ^^^^^^^^^^^^^^^^^^^^^^^^^^^^^^^^^^^^^^
  File "<unknown>", line 5
    soma = aux%10 
    ^^^^
IndentationError: expected an indented block after 'while' statement on line 4
2025-08-18 19:43:18,024 cblogger [ERROR]: 		Error while extracting halsted code metrics: expected an indented block after 'while' statement on line 4 (<unknown>, line 5)
Traceback (most recent call last):
  File "/root/QuestionInsight/Etapa_1/codebench-mining-tool/util.py", line 569, in extract_halstead_metrics
    h = h_visit(code)
        ^^^^^^^^^^^^^
  File "/root/QuestionInsight/.venv/lib/python3.12/site-packages/radon/metrics.py", line 29, in h_visit
    return h_visit_ast(ast.parse(code))
                       ^^^^^^^^^^^^^^^
  File "/usr/lib/python3.12/ast.py", line 52, in parse
    return compile(source, filename, mode, flags,
           ^^^^^^^^^^^^^^^^^^^^^^^^^^^^^^^^^^^^^^
  File "<unknown>", line 5
    soma = aux%10 
    ^^^^
IndentationError: expected an indented block after 'while' statement on line 4
2025-08-18 19:43:18,052 cblogger [ERROR]: 		Error while extracting code complexity metrics: expected an indented block after 'else' statement on line 8 (<unknown>, line 9)
Traceback (most recent call last):
  File "/root/QuestionInsight/Etapa_1/codebench-mining-tool/util.py", line 551, in extract_complexity_metrics
    v = ComplexityVisitor.from_code(code)
        ^^^^^^^^^^^^^^^^^^^^^^^^^^^^^^^^^
  File "/root/QuestionInsight/.venv/lib/python3.12/site-packages/radon/visitors.py", line 133, in from_code
    return cls.from_ast(code2ast(code), **kwargs)
                        ^^^^^^^^^^^^^^
  File "/root/QuestionInsight/.venv/lib/python3.12/site-packages/radon/visitors.py", line 48, in code2ast
    return ast.parse(source)
           ^^^^^^^^^^^^^^^^^
  File "/usr/lib/python3.12/ast.py", line 52, in parse
    return compile(source, filename, mode, flags,
           ^^^^^^^^^^^^^^^^^^^^^^^^^^^^^^^^^^^^^^
  File "<unknown>", line 9
    	
    	^
IndentationError: expected an indented block after 'else' statement on line 8
2025-08-18 19:43:18,053 cblogger [ERROR]: 		Error while extracting halsted code metrics: expected an indented block after 'else' statement on line 8 (<unknown>, line 9)
Traceback (most recent call last):
  File "/root/QuestionInsight/Etapa_1/codebench-mining-tool/util.py", line 569, in extract_halstead_metrics
    h = h_visit(code)
        ^^^^^^^^^^^^^
  File "/root/QuestionInsight/.venv/lib/python3.12/site-packages/radon/metrics.py", line 29, in h_visit
    return h_visit_ast(ast.parse(code))
                       ^^^^^^^^^^^^^^^
  File "/usr/lib/python3.12/ast.py", line 52, in parse
    return compile(source, filename, mode, flags,
           ^^^^^^^^^^^^^^^^^^^^^^^^^^^^^^^^^^^^^^
  File "<unknown>", line 9
    	
    	^
IndentationError: expected an indented block after 'else' statement on line 8
2025-08-18 19:43:18,058 cblogger [ERROR]: 		Error while extracting code complexity metrics: invalid non-printable character U+00A0 (<unknown>, line 6)
Traceback (most recent call last):
  File "/root/QuestionInsight/Etapa_1/codebench-mining-tool/util.py", line 551, in extract_complexity_metrics
    v = ComplexityVisitor.from_code(code)
        ^^^^^^^^^^^^^^^^^^^^^^^^^^^^^^^^^
  File "/root/QuestionInsight/.venv/lib/python3.12/site-packages/radon/visitors.py", line 133, in from_code
    return cls.from_ast(code2ast(code), **kwargs)
                        ^^^^^^^^^^^^^^
  File "/root/QuestionInsight/.venv/lib/python3.12/site-packages/radon/visitors.py", line 48, in code2ast
    return ast.parse(source)
           ^^^^^^^^^^^^^^^^^
  File "/usr/lib/python3.12/ast.py", line 52, in parse
    return compile(source, filename, mode, flags,
           ^^^^^^^^^^^^^^^^^^^^^^^^^^^^^^^^^^^^^^
  File "<unknown>", line 6
     
    ^
SyntaxError: invalid non-printable character U+00A0
2025-08-18 19:43:18,059 cblogger [ERROR]: 		Error while extracting halsted code metrics: invalid non-printable character U+00A0 (<unknown>, line 6)
Traceback (most recent call last):
  File "/root/QuestionInsight/Etapa_1/codebench-mining-tool/util.py", line 569, in extract_halstead_metrics
    h = h_visit(code)
        ^^^^^^^^^^^^^
  File "/root/QuestionInsight/.venv/lib/python3.12/site-packages/radon/metrics.py", line 29, in h_visit
    return h_visit_ast(ast.parse(code))
                       ^^^^^^^^^^^^^^^
  File "/usr/lib/python3.12/ast.py", line 52, in parse
    return compile(source, filename, mode, flags,
           ^^^^^^^^^^^^^^^^^^^^^^^^^^^^^^^^^^^^^^
  File "<unknown>", line 6
     
    ^
SyntaxError: invalid non-printable character U+00A0
2025-08-18 19:43:18,171 cblogger [ERROR]: 		Error while extracting code complexity metrics: expected ':' (<unknown>, line 13)
Traceback (most recent call last):
  File "/root/QuestionInsight/Etapa_1/codebench-mining-tool/util.py", line 551, in extract_complexity_metrics
    v = ComplexityVisitor.from_code(code)
        ^^^^^^^^^^^^^^^^^^^^^^^^^^^^^^^^^
  File "/root/QuestionInsight/.venv/lib/python3.12/site-packages/radon/visitors.py", line 133, in from_code
    return cls.from_ast(code2ast(code), **kwargs)
                        ^^^^^^^^^^^^^^
  File "/root/QuestionInsight/.venv/lib/python3.12/site-packages/radon/visitors.py", line 48, in code2ast
    return ast.parse(source)
           ^^^^^^^^^^^^^^^^^
  File "/usr/lib/python3.12/ast.py", line 52, in parse
    return compile(source, filename, mode, flags,
           ^^^^^^^^^^^^^^^^^^^^^^^^^^^^^^^^^^^^^^
  File "<unknown>", line 13
    		barsa[i]==33 and eu[i]==22)
    		                           ^
SyntaxError: expected ':'
2025-08-18 19:43:18,172 cblogger [ERROR]: 		Error while extracting halsted code metrics: expected ':' (<unknown>, line 13)
Traceback (most recent call last):
  File "/root/QuestionInsight/Etapa_1/codebench-mining-tool/util.py", line 569, in extract_halstead_metrics
    h = h_visit(code)
        ^^^^^^^^^^^^^
  File "/root/QuestionInsight/.venv/lib/python3.12/site-packages/radon/metrics.py", line 29, in h_visit
    return h_visit_ast(ast.parse(code))
                       ^^^^^^^^^^^^^^^
  File "/usr/lib/python3.12/ast.py", line 52, in parse
    return compile(source, filename, mode, flags,
           ^^^^^^^^^^^^^^^^^^^^^^^^^^^^^^^^^^^^^^
  File "<unknown>", line 13
    		barsa[i]==33 and eu[i]==22)
    		                           ^
SyntaxError: expected ':'
2025-08-18 19:43:18,190 cblogger [ERROR]: 		Error while extracting code complexity metrics: invalid syntax (<unknown>, line 3)
Traceback (most recent call last):
  File "/root/QuestionInsight/Etapa_1/codebench-mining-tool/util.py", line 551, in extract_complexity_metrics
    v = ComplexityVisitor.from_code(code)
        ^^^^^^^^^^^^^^^^^^^^^^^^^^^^^^^^^
  File "/root/QuestionInsight/.venv/lib/python3.12/site-packages/radon/visitors.py", line 133, in from_code
    return cls.from_ast(code2ast(code), **kwargs)
                        ^^^^^^^^^^^^^^
  File "/root/QuestionInsight/.venv/lib/python3.12/site-packages/radon/visitors.py", line 48, in code2ast
    return ast.parse(source)
           ^^^^^^^^^^^^^^^^^
  File "/usr/lib/python3.12/ast.py", line 52, in parse
    return compile(source, filename, mode, flags,
           ^^^^^^^^^^^^^^^^^^^^^^^^^^^^^^^^^^^^^^
  File "<unknown>", line 3
    print("Entrada ": v)
                    ^
SyntaxError: invalid syntax
2025-08-18 19:43:18,190 cblogger [ERROR]: 		Error while extracting halsted code metrics: invalid syntax (<unknown>, line 3)
Traceback (most recent call last):
  File "/root/QuestionInsight/Etapa_1/codebench-mining-tool/util.py", line 569, in extract_halstead_metrics
    h = h_visit(code)
        ^^^^^^^^^^^^^
  File "/root/QuestionInsight/.venv/lib/python3.12/site-packages/radon/metrics.py", line 29, in h_visit
    return h_visit_ast(ast.parse(code))
                       ^^^^^^^^^^^^^^^
  File "/usr/lib/python3.12/ast.py", line 52, in parse
    return compile(source, filename, mode, flags,
           ^^^^^^^^^^^^^^^^^^^^^^^^^^^^^^^^^^^^^^
  File "<unknown>", line 3
    print("Entrada ": v)
                    ^
SyntaxError: invalid syntax
2025-08-18 19:43:18,194 cblogger [ERROR]: 		Error while extracting code complexity metrics: expression cannot contain assignment, perhaps you meant "=="? (<unknown>, line 7)
Traceback (most recent call last):
  File "/root/QuestionInsight/Etapa_1/codebench-mining-tool/util.py", line 551, in extract_complexity_metrics
    v = ComplexityVisitor.from_code(code)
        ^^^^^^^^^^^^^^^^^^^^^^^^^^^^^^^^^
  File "/root/QuestionInsight/.venv/lib/python3.12/site-packages/radon/visitors.py", line 133, in from_code
    return cls.from_ast(code2ast(code), **kwargs)
                        ^^^^^^^^^^^^^^
  File "/root/QuestionInsight/.venv/lib/python3.12/site-packages/radon/visitors.py", line 48, in code2ast
    return ast.parse(source)
           ^^^^^^^^^^^^^^^^^
  File "/usr/lib/python3.12/ast.py", line 52, in parse
    return compile(source, filename, mode, flags,
           ^^^^^^^^^^^^^^^^^^^^^^^^^^^^^^^^^^^^^^
  File "<unknown>", line 7
    if hectares(10.000 = 5.00):
                ^^^^^^^^
SyntaxError: expression cannot contain assignment, perhaps you meant "=="?
2025-08-18 19:43:18,195 cblogger [ERROR]: 		Error while extracting halsted code metrics: expression cannot contain assignment, perhaps you meant "=="? (<unknown>, line 7)
Traceback (most recent call last):
  File "/root/QuestionInsight/Etapa_1/codebench-mining-tool/util.py", line 569, in extract_halstead_metrics
    h = h_visit(code)
        ^^^^^^^^^^^^^
  File "/root/QuestionInsight/.venv/lib/python3.12/site-packages/radon/metrics.py", line 29, in h_visit
    return h_visit_ast(ast.parse(code))
                       ^^^^^^^^^^^^^^^
  File "/usr/lib/python3.12/ast.py", line 52, in parse
    return compile(source, filename, mode, flags,
           ^^^^^^^^^^^^^^^^^^^^^^^^^^^^^^^^^^^^^^
  File "<unknown>", line 7
    if hectares(10.000 = 5.00):
                ^^^^^^^^
SyntaxError: expression cannot contain assignment, perhaps you meant "=="?
2025-08-18 19:43:18,313 cblogger [ERROR]: 		Error while extracting code complexity metrics: unexpected indent (<unknown>, line 54)
Traceback (most recent call last):
  File "/root/QuestionInsight/Etapa_1/codebench-mining-tool/util.py", line 551, in extract_complexity_metrics
    v = ComplexityVisitor.from_code(code)
        ^^^^^^^^^^^^^^^^^^^^^^^^^^^^^^^^^
  File "/root/QuestionInsight/.venv/lib/python3.12/site-packages/radon/visitors.py", line 133, in from_code
    return cls.from_ast(code2ast(code), **kwargs)
                        ^^^^^^^^^^^^^^
  File "/root/QuestionInsight/.venv/lib/python3.12/site-packages/radon/visitors.py", line 48, in code2ast
    return ast.parse(source)
           ^^^^^^^^^^^^^^^^^
  File "/usr/lib/python3.12/ast.py", line 52, in parse
    return compile(source, filename, mode, flags,
           ^^^^^^^^^^^^^^^^^^^^^^^^^^^^^^^^^^^^^^
  File "<unknown>", line 54
    Console
IndentationError: unexpected indent
2025-08-18 19:43:18,315 cblogger [ERROR]: 		Error while extracting halsted code metrics: unexpected indent (<unknown>, line 54)
Traceback (most recent call last):
  File "/root/QuestionInsight/Etapa_1/codebench-mining-tool/util.py", line 569, in extract_halstead_metrics
    h = h_visit(code)
        ^^^^^^^^^^^^^
  File "/root/QuestionInsight/.venv/lib/python3.12/site-packages/radon/metrics.py", line 29, in h_visit
    return h_visit_ast(ast.parse(code))
                       ^^^^^^^^^^^^^^^
  File "/usr/lib/python3.12/ast.py", line 52, in parse
    return compile(source, filename, mode, flags,
           ^^^^^^^^^^^^^^^^^^^^^^^^^^^^^^^^^^^^^^
  File "<unknown>", line 54
    Console
IndentationError: unexpected indent
2025-08-18 19:43:18,490 cblogger [ERROR]: 		Error while extracting code complexity metrics: invalid syntax. Perhaps you forgot a comma? (<unknown>, line 23)
Traceback (most recent call last):
  File "/root/QuestionInsight/Etapa_1/codebench-mining-tool/util.py", line 551, in extract_complexity_metrics
    v = ComplexityVisitor.from_code(code)
        ^^^^^^^^^^^^^^^^^^^^^^^^^^^^^^^^^
  File "/root/QuestionInsight/.venv/lib/python3.12/site-packages/radon/visitors.py", line 133, in from_code
    return cls.from_ast(code2ast(code), **kwargs)
                        ^^^^^^^^^^^^^^
  File "/root/QuestionInsight/.venv/lib/python3.12/site-packages/radon/visitors.py", line 48, in code2ast
    return ast.parse(source)
           ^^^^^^^^^^^^^^^^^
  File "/usr/lib/python3.12/ast.py", line 52, in parse
    return compile(source, filename, mode, flags,
           ^^^^^^^^^^^^^^^^^^^^^^^^^^^^^^^^^^^^^^
  File "<unknown>", line 23
    soma= ( m + c uuuuuuuuuuuuuuuuuuuuuuuuuuuuuuuuuuuuuuuuuuuuuuuuuuuuuuuuuuuuuuuuuuuuuuuuuuuuuuuuuu + d + u )
              ^^^^^^^^^^^^^^^^^^^^^^^^^^^^^^^^^^^^^^^^^^^^^^^^^^^^^^^^^^^^^^^^^^^^^^^^^^^^^^^^^^^^^^^^^^^^^^
SyntaxError: invalid syntax. Perhaps you forgot a comma?
2025-08-18 19:43:18,492 cblogger [ERROR]: 		Error while extracting halsted code metrics: invalid syntax. Perhaps you forgot a comma? (<unknown>, line 23)
Traceback (most recent call last):
  File "/root/QuestionInsight/Etapa_1/codebench-mining-tool/util.py", line 569, in extract_halstead_metrics
    h = h_visit(code)
        ^^^^^^^^^^^^^
  File "/root/QuestionInsight/.venv/lib/python3.12/site-packages/radon/metrics.py", line 29, in h_visit
    return h_visit_ast(ast.parse(code))
                       ^^^^^^^^^^^^^^^
  File "/usr/lib/python3.12/ast.py", line 52, in parse
    return compile(source, filename, mode, flags,
           ^^^^^^^^^^^^^^^^^^^^^^^^^^^^^^^^^^^^^^
  File "<unknown>", line 23
    soma= ( m + c uuuuuuuuuuuuuuuuuuuuuuuuuuuuuuuuuuuuuuuuuuuuuuuuuuuuuuuuuuuuuuuuuuuuuuuuuuuuuuuuuu + d + u )
              ^^^^^^^^^^^^^^^^^^^^^^^^^^^^^^^^^^^^^^^^^^^^^^^^^^^^^^^^^^^^^^^^^^^^^^^^^^^^^^^^^^^^^^^^^^^^^^
SyntaxError: invalid syntax. Perhaps you forgot a comma?
2025-08-18 19:43:18,798 cblogger [ERROR]: 		Error while extracting code complexity metrics: '(' was never closed (<unknown>, line 25)
Traceback (most recent call last):
  File "/root/QuestionInsight/Etapa_1/codebench-mining-tool/util.py", line 551, in extract_complexity_metrics
    v = ComplexityVisitor.from_code(code)
        ^^^^^^^^^^^^^^^^^^^^^^^^^^^^^^^^^
  File "/root/QuestionInsight/.venv/lib/python3.12/site-packages/radon/visitors.py", line 133, in from_code
    return cls.from_ast(code2ast(code), **kwargs)
                        ^^^^^^^^^^^^^^
  File "/root/QuestionInsight/.venv/lib/python3.12/site-packages/radon/visitors.py", line 48, in code2ast
    return ast.parse(source)
           ^^^^^^^^^^^^^^^^^
  File "/usr/lib/python3.12/ast.py", line 52, in parse
    return compile(source, filename, mode, flags,
           ^^^^^^^^^^^^^^^^^^^^^^^^^^^^^^^^^^^^^^
  File "<unknown>", line 25
    print (round(dado1,1)
          ^
SyntaxError: '(' was never closed
2025-08-18 19:43:18,803 cblogger [ERROR]: 		Error while extracting code size based metrics: SyntaxError at line: 25
Traceback (most recent call last):
  File "/root/QuestionInsight/.venv/lib/python3.12/site-packages/radon/raw.py", line 210, in analyze
    tokens, parsed_lines = _get_all_tokens(line, lines)
                           ^^^^^^^^^^^^^^^^^^^^^^^^^^^^
  File "/root/QuestionInsight/.venv/lib/python3.12/site-packages/radon/raw.py", line 117, in _get_all_tokens
    next_line = next(lines)
                ^^^^^^^^^^^
StopIteration

During handling of the above exception, another exception occurred:

Traceback (most recent call last):
  File "/root/QuestionInsight/Etapa_1/codebench-mining-tool/util.py", line 560, in extract_size_metrics
    a = analyze(code)
        ^^^^^^^^^^^^^
  File "/root/QuestionInsight/.venv/lib/python3.12/site-packages/radon/raw.py", line 212, in analyze
    raise SyntaxError('SyntaxError at line: {0}'.format(lineno))
SyntaxError: SyntaxError at line: 25
2025-08-18 19:43:18,804 cblogger [ERROR]: 		Error while extracting halsted code metrics: '(' was never closed (<unknown>, line 25)
Traceback (most recent call last):
  File "/root/QuestionInsight/Etapa_1/codebench-mining-tool/util.py", line 569, in extract_halstead_metrics
    h = h_visit(code)
        ^^^^^^^^^^^^^
  File "/root/QuestionInsight/.venv/lib/python3.12/site-packages/radon/metrics.py", line 29, in h_visit
    return h_visit_ast(ast.parse(code))
                       ^^^^^^^^^^^^^^^
  File "/usr/lib/python3.12/ast.py", line 52, in parse
    return compile(source, filename, mode, flags,
           ^^^^^^^^^^^^^^^^^^^^^^^^^^^^^^^^^^^^^^
  File "<unknown>", line 25
    print (round(dado1,1)
          ^
SyntaxError: '(' was never closed
2025-08-18 19:43:18,868 cblogger [ERROR]: 		Error while extracting code complexity metrics: expected ':' (<unknown>, line 12)
Traceback (most recent call last):
  File "/root/QuestionInsight/Etapa_1/codebench-mining-tool/util.py", line 551, in extract_complexity_metrics
    v = ComplexityVisitor.from_code(code)
        ^^^^^^^^^^^^^^^^^^^^^^^^^^^^^^^^^
  File "/root/QuestionInsight/.venv/lib/python3.12/site-packages/radon/visitors.py", line 133, in from_code
    return cls.from_ast(code2ast(code), **kwargs)
                        ^^^^^^^^^^^^^^
  File "/root/QuestionInsight/.venv/lib/python3.12/site-packages/radon/visitors.py", line 48, in code2ast
    return ast.parse(source)
           ^^^^^^^^^^^^^^^^^
  File "/usr/lib/python3.12/ast.py", line 52, in parse
    return compile(source, filename, mode, flags,
           ^^^^^^^^^^^^^^^^^^^^^^^^^^^^^^^^^^^^^^
  File "<unknown>", line 12
    while (ve < size()) 
                        ^
SyntaxError: expected ':'
2025-08-18 19:43:18,869 cblogger [ERROR]: 		Error while extracting halsted code metrics: expected ':' (<unknown>, line 12)
Traceback (most recent call last):
  File "/root/QuestionInsight/Etapa_1/codebench-mining-tool/util.py", line 569, in extract_halstead_metrics
    h = h_visit(code)
        ^^^^^^^^^^^^^
  File "/root/QuestionInsight/.venv/lib/python3.12/site-packages/radon/metrics.py", line 29, in h_visit
    return h_visit_ast(ast.parse(code))
                       ^^^^^^^^^^^^^^^
  File "/usr/lib/python3.12/ast.py", line 52, in parse
    return compile(source, filename, mode, flags,
           ^^^^^^^^^^^^^^^^^^^^^^^^^^^^^^^^^^^^^^
  File "<unknown>", line 12
    while (ve < size()) 
                        ^
SyntaxError: expected ':'
2025-08-18 19:43:19,070 cblogger [ERROR]: 		Error while extracting code complexity metrics: '(' was never closed (<unknown>, line 3)
Traceback (most recent call last):
  File "/root/QuestionInsight/Etapa_1/codebench-mining-tool/util.py", line 551, in extract_complexity_metrics
    v = ComplexityVisitor.from_code(code)
        ^^^^^^^^^^^^^^^^^^^^^^^^^^^^^^^^^
  File "/root/QuestionInsight/.venv/lib/python3.12/site-packages/radon/visitors.py", line 133, in from_code
    return cls.from_ast(code2ast(code), **kwargs)
                        ^^^^^^^^^^^^^^
  File "/root/QuestionInsight/.venv/lib/python3.12/site-packages/radon/visitors.py", line 48, in code2ast
    return ast.parse(source)
           ^^^^^^^^^^^^^^^^^
  File "/usr/lib/python3.12/ast.py", line 52, in parse
    return compile(source, filename, mode, flags,
           ^^^^^^^^^^^^^^^^^^^^^^^^^^^^^^^^^^^^^^
  File "<unknown>", line 3
    d=float((input("distancia entre você e um Falmer:"))
           ^
SyntaxError: '(' was never closed
2025-08-18 19:43:19,070 cblogger [ERROR]: 		Error while extracting code size based metrics: SyntaxError at line: 3
Traceback (most recent call last):
  File "/root/QuestionInsight/.venv/lib/python3.12/site-packages/radon/raw.py", line 210, in analyze
    tokens, parsed_lines = _get_all_tokens(line, lines)
                           ^^^^^^^^^^^^^^^^^^^^^^^^^^^^
  File "/root/QuestionInsight/.venv/lib/python3.12/site-packages/radon/raw.py", line 117, in _get_all_tokens
    next_line = next(lines)
                ^^^^^^^^^^^
StopIteration

During handling of the above exception, another exception occurred:

Traceback (most recent call last):
  File "/root/QuestionInsight/Etapa_1/codebench-mining-tool/util.py", line 560, in extract_size_metrics
    a = analyze(code)
        ^^^^^^^^^^^^^
  File "/root/QuestionInsight/.venv/lib/python3.12/site-packages/radon/raw.py", line 212, in analyze
    raise SyntaxError('SyntaxError at line: {0}'.format(lineno))
SyntaxError: SyntaxError at line: 3
2025-08-18 19:43:19,071 cblogger [ERROR]: 		Error while extracting halsted code metrics: '(' was never closed (<unknown>, line 3)
Traceback (most recent call last):
  File "/root/QuestionInsight/Etapa_1/codebench-mining-tool/util.py", line 569, in extract_halstead_metrics
    h = h_visit(code)
        ^^^^^^^^^^^^^
  File "/root/QuestionInsight/.venv/lib/python3.12/site-packages/radon/metrics.py", line 29, in h_visit
    return h_visit_ast(ast.parse(code))
                       ^^^^^^^^^^^^^^^
  File "/usr/lib/python3.12/ast.py", line 52, in parse
    return compile(source, filename, mode, flags,
           ^^^^^^^^^^^^^^^^^^^^^^^^^^^^^^^^^^^^^^
  File "<unknown>", line 3
    d=float((input("distancia entre você e um Falmer:"))
           ^
SyntaxError: '(' was never closed
2025-08-18 19:43:19,084 cblogger [ERROR]: 		Error while extracting code complexity metrics: '(' was never closed (<unknown>, line 7)
Traceback (most recent call last):
  File "/root/QuestionInsight/Etapa_1/codebench-mining-tool/util.py", line 551, in extract_complexity_metrics
    v = ComplexityVisitor.from_code(code)
        ^^^^^^^^^^^^^^^^^^^^^^^^^^^^^^^^^
  File "/root/QuestionInsight/.venv/lib/python3.12/site-packages/radon/visitors.py", line 133, in from_code
    return cls.from_ast(code2ast(code), **kwargs)
                        ^^^^^^^^^^^^^^
  File "/root/QuestionInsight/.venv/lib/python3.12/site-packages/radon/visitors.py", line 48, in code2ast
    return ast.parse(source)
           ^^^^^^^^^^^^^^^^^
  File "/usr/lib/python3.12/ast.py", line 52, in parse
    return compile(source, filename, mode, flags,
           ^^^^^^^^^^^^^^^^^^^^^^^^^^^^^^^^^^^^^^
  File "<unknown>", line 7
    d= R* acos(sin(angt1)*sin(angt2)*cos(angt1)*cos(angt2)*cos(ang(g1-g2))
              ^
SyntaxError: '(' was never closed
2025-08-18 19:43:19,085 cblogger [ERROR]: 		Error while extracting code size based metrics: SyntaxError at line: 7
Traceback (most recent call last):
  File "/root/QuestionInsight/.venv/lib/python3.12/site-packages/radon/raw.py", line 210, in analyze
    tokens, parsed_lines = _get_all_tokens(line, lines)
                           ^^^^^^^^^^^^^^^^^^^^^^^^^^^^
  File "/root/QuestionInsight/.venv/lib/python3.12/site-packages/radon/raw.py", line 117, in _get_all_tokens
    next_line = next(lines)
                ^^^^^^^^^^^
StopIteration

During handling of the above exception, another exception occurred:

Traceback (most recent call last):
  File "/root/QuestionInsight/Etapa_1/codebench-mining-tool/util.py", line 560, in extract_size_metrics
    a = analyze(code)
        ^^^^^^^^^^^^^
  File "/root/QuestionInsight/.venv/lib/python3.12/site-packages/radon/raw.py", line 212, in analyze
    raise SyntaxError('SyntaxError at line: {0}'.format(lineno))
SyntaxError: SyntaxError at line: 7
2025-08-18 19:43:19,086 cblogger [ERROR]: 		Error while extracting halsted code metrics: '(' was never closed (<unknown>, line 7)
Traceback (most recent call last):
  File "/root/QuestionInsight/Etapa_1/codebench-mining-tool/util.py", line 569, in extract_halstead_metrics
    h = h_visit(code)
        ^^^^^^^^^^^^^
  File "/root/QuestionInsight/.venv/lib/python3.12/site-packages/radon/metrics.py", line 29, in h_visit
    return h_visit_ast(ast.parse(code))
                       ^^^^^^^^^^^^^^^
  File "/usr/lib/python3.12/ast.py", line 52, in parse
    return compile(source, filename, mode, flags,
           ^^^^^^^^^^^^^^^^^^^^^^^^^^^^^^^^^^^^^^
  File "<unknown>", line 7
    d= R* acos(sin(angt1)*sin(angt2)*cos(angt1)*cos(angt2)*cos(ang(g1-g2))
              ^
SyntaxError: '(' was never closed
2025-08-18 19:43:19,150 cblogger [ERROR]: 		Error while extracting code complexity metrics: invalid syntax (<unknown>, line 1)
Traceback (most recent call last):
  File "/root/QuestionInsight/Etapa_1/codebench-mining-tool/util.py", line 551, in extract_complexity_metrics
    v = ComplexityVisitor.from_code(code)
        ^^^^^^^^^^^^^^^^^^^^^^^^^^^^^^^^^
  File "/root/QuestionInsight/.venv/lib/python3.12/site-packages/radon/visitors.py", line 133, in from_code
    return cls.from_ast(code2ast(code), **kwargs)
                        ^^^^^^^^^^^^^^
  File "/root/QuestionInsight/.venv/lib/python3.12/site-packages/radon/visitors.py", line 48, in code2ast
    return ast.parse(source)
           ^^^^^^^^^^^^^^^^^
  File "/usr/lib/python3.12/ast.py", line 52, in parse
    return compile(source, filename, mode, flags,
           ^^^^^^^^^^^^^^^^^^^^^^^^^^^^^^^^^^^^^^
  File "<unknown>", line 1
    from nu
           ^
SyntaxError: invalid syntax
2025-08-18 19:43:19,151 cblogger [ERROR]: 		Error while extracting halsted code metrics: invalid syntax (<unknown>, line 1)
Traceback (most recent call last):
  File "/root/QuestionInsight/Etapa_1/codebench-mining-tool/util.py", line 569, in extract_halstead_metrics
    h = h_visit(code)
        ^^^^^^^^^^^^^
  File "/root/QuestionInsight/.venv/lib/python3.12/site-packages/radon/metrics.py", line 29, in h_visit
    return h_visit_ast(ast.parse(code))
                       ^^^^^^^^^^^^^^^
  File "/usr/lib/python3.12/ast.py", line 52, in parse
    return compile(source, filename, mode, flags,
           ^^^^^^^^^^^^^^^^^^^^^^^^^^^^^^^^^^^^^^
  File "<unknown>", line 1
    from nu
           ^
SyntaxError: invalid syntax
2025-08-18 19:43:19,191 cblogger [ERROR]: 		Error while extracting code complexity metrics: invalid syntax (<unknown>, line 15)
Traceback (most recent call last):
  File "/root/QuestionInsight/Etapa_1/codebench-mining-tool/util.py", line 551, in extract_complexity_metrics
    v = ComplexityVisitor.from_code(code)
        ^^^^^^^^^^^^^^^^^^^^^^^^^^^^^^^^^
  File "/root/QuestionInsight/.venv/lib/python3.12/site-packages/radon/visitors.py", line 133, in from_code
    return cls.from_ast(code2ast(code), **kwargs)
                        ^^^^^^^^^^^^^^
  File "/root/QuestionInsight/.venv/lib/python3.12/site-packages/radon/visitors.py", line 48, in code2ast
    return ast.parse(source)
           ^^^^^^^^^^^^^^^^^
  File "/usr/lib/python3.12/ast.py", line 52, in parse
    return compile(source, filename, mode, flags,
           ^^^^^^^^^^^^^^^^^^^^^^^^^^^^^^^^^^^^^^
  File "<unknown>", line 15
    xtab = 
           ^
SyntaxError: invalid syntax
2025-08-18 19:43:19,193 cblogger [ERROR]: 		Error while extracting halsted code metrics: invalid syntax (<unknown>, line 15)
Traceback (most recent call last):
  File "/root/QuestionInsight/Etapa_1/codebench-mining-tool/util.py", line 569, in extract_halstead_metrics
    h = h_visit(code)
        ^^^^^^^^^^^^^
  File "/root/QuestionInsight/.venv/lib/python3.12/site-packages/radon/metrics.py", line 29, in h_visit
    return h_visit_ast(ast.parse(code))
                       ^^^^^^^^^^^^^^^
  File "/usr/lib/python3.12/ast.py", line 52, in parse
    return compile(source, filename, mode, flags,
           ^^^^^^^^^^^^^^^^^^^^^^^^^^^^^^^^^^^^^^
  File "<unknown>", line 15
    xtab = 
           ^
SyntaxError: invalid syntax
2025-08-18 19:43:19,351 cblogger [ERROR]: 		Error while extracting code complexity metrics: expected ':' (<unknown>, line 2)
Traceback (most recent call last):
  File "/root/QuestionInsight/Etapa_1/codebench-mining-tool/util.py", line 551, in extract_complexity_metrics
    v = ComplexityVisitor.from_code(code)
        ^^^^^^^^^^^^^^^^^^^^^^^^^^^^^^^^^
  File "/root/QuestionInsight/.venv/lib/python3.12/site-packages/radon/visitors.py", line 133, in from_code
    return cls.from_ast(code2ast(code), **kwargs)
                        ^^^^^^^^^^^^^^
  File "/root/QuestionInsight/.venv/lib/python3.12/site-packages/radon/visitors.py", line 48, in code2ast
    return ast.parse(source)
           ^^^^^^^^^^^^^^^^^
  File "/usr/lib/python3.12/ast.py", line 52, in parse
    return compile(source, filename, mode, flags,
           ^^^^^^^^^^^^^^^^^^^^^^^^^^^^^^^^^^^^^^
  File "<unknown>", line 2
    while ()
            ^
SyntaxError: expected ':'
2025-08-18 19:43:19,352 cblogger [ERROR]: 		Error while extracting halsted code metrics: expected ':' (<unknown>, line 2)
Traceback (most recent call last):
  File "/root/QuestionInsight/Etapa_1/codebench-mining-tool/util.py", line 569, in extract_halstead_metrics
    h = h_visit(code)
        ^^^^^^^^^^^^^
  File "/root/QuestionInsight/.venv/lib/python3.12/site-packages/radon/metrics.py", line 29, in h_visit
    return h_visit_ast(ast.parse(code))
                       ^^^^^^^^^^^^^^^
  File "/usr/lib/python3.12/ast.py", line 52, in parse
    return compile(source, filename, mode, flags,
           ^^^^^^^^^^^^^^^^^^^^^^^^^^^^^^^^^^^^^^
  File "<unknown>", line 2
    while ()
            ^
SyntaxError: expected ':'
2025-08-18 19:43:19,365 cblogger [ERROR]: 		Error while extracting code complexity metrics: inconsistent use of tabs and spaces in indentation (<unknown>, line 5)
Traceback (most recent call last):
  File "/root/QuestionInsight/Etapa_1/codebench-mining-tool/util.py", line 551, in extract_complexity_metrics
    v = ComplexityVisitor.from_code(code)
        ^^^^^^^^^^^^^^^^^^^^^^^^^^^^^^^^^
  File "/root/QuestionInsight/.venv/lib/python3.12/site-packages/radon/visitors.py", line 133, in from_code
    return cls.from_ast(code2ast(code), **kwargs)
                        ^^^^^^^^^^^^^^
  File "/root/QuestionInsight/.venv/lib/python3.12/site-packages/radon/visitors.py", line 48, in code2ast
    return ast.parse(source)
           ^^^^^^^^^^^^^^^^^
  File "/usr/lib/python3.12/ast.py", line 52, in parse
    return compile(source, filename, mode, flags,
           ^^^^^^^^^^^^^^^^^^^^^^^^^^^^^^^^^^^^^^
  File "<unknown>", line 5
    		preco = tipo
    ^
TabError: inconsistent use of tabs and spaces in indentation
2025-08-18 19:43:19,367 cblogger [ERROR]: 		Error while extracting halsted code metrics: inconsistent use of tabs and spaces in indentation (<unknown>, line 5)
Traceback (most recent call last):
  File "/root/QuestionInsight/Etapa_1/codebench-mining-tool/util.py", line 569, in extract_halstead_metrics
    h = h_visit(code)
        ^^^^^^^^^^^^^
  File "/root/QuestionInsight/.venv/lib/python3.12/site-packages/radon/metrics.py", line 29, in h_visit
    return h_visit_ast(ast.parse(code))
                       ^^^^^^^^^^^^^^^
  File "/usr/lib/python3.12/ast.py", line 52, in parse
    return compile(source, filename, mode, flags,
           ^^^^^^^^^^^^^^^^^^^^^^^^^^^^^^^^^^^^^^
  File "<unknown>", line 5
    		preco = tipo
    ^
TabError: inconsistent use of tabs and spaces in indentation
2025-08-18 19:43:19,740 cblogger [ERROR]: 		Error while extracting code complexity metrics: '(' was never closed (<unknown>, line 2)
Traceback (most recent call last):
  File "/root/QuestionInsight/Etapa_1/codebench-mining-tool/util.py", line 551, in extract_complexity_metrics
    v = ComplexityVisitor.from_code(code)
        ^^^^^^^^^^^^^^^^^^^^^^^^^^^^^^^^^
  File "/root/QuestionInsight/.venv/lib/python3.12/site-packages/radon/visitors.py", line 133, in from_code
    return cls.from_ast(code2ast(code), **kwargs)
                        ^^^^^^^^^^^^^^
  File "/root/QuestionInsight/.venv/lib/python3.12/site-packages/radon/visitors.py", line 48, in code2ast
    return ast.parse(source)
           ^^^^^^^^^^^^^^^^^
  File "/usr/lib/python3.12/ast.py", line 52, in parse
    return compile(source, filename, mode, flags,
           ^^^^^^^^^^^^^^^^^^^^^^^^^^^^^^^^^^^^^^
  File "<unknown>", line 2
    area = (a*82*(25+10
                 ^
SyntaxError: '(' was never closed
2025-08-18 19:43:19,741 cblogger [ERROR]: 		Error while extracting code size based metrics: SyntaxError at line: 2
Traceback (most recent call last):
  File "/root/QuestionInsight/.venv/lib/python3.12/site-packages/radon/raw.py", line 210, in analyze
    tokens, parsed_lines = _get_all_tokens(line, lines)
                           ^^^^^^^^^^^^^^^^^^^^^^^^^^^^
  File "/root/QuestionInsight/.venv/lib/python3.12/site-packages/radon/raw.py", line 117, in _get_all_tokens
    next_line = next(lines)
                ^^^^^^^^^^^
StopIteration

During handling of the above exception, another exception occurred:

Traceback (most recent call last):
  File "/root/QuestionInsight/Etapa_1/codebench-mining-tool/util.py", line 560, in extract_size_metrics
    a = analyze(code)
        ^^^^^^^^^^^^^
  File "/root/QuestionInsight/.venv/lib/python3.12/site-packages/radon/raw.py", line 212, in analyze
    raise SyntaxError('SyntaxError at line: {0}'.format(lineno))
SyntaxError: SyntaxError at line: 2
2025-08-18 19:43:19,742 cblogger [ERROR]: 		Error while extracting halsted code metrics: '(' was never closed (<unknown>, line 2)
Traceback (most recent call last):
  File "/root/QuestionInsight/Etapa_1/codebench-mining-tool/util.py", line 569, in extract_halstead_metrics
    h = h_visit(code)
        ^^^^^^^^^^^^^
  File "/root/QuestionInsight/.venv/lib/python3.12/site-packages/radon/metrics.py", line 29, in h_visit
    return h_visit_ast(ast.parse(code))
                       ^^^^^^^^^^^^^^^
  File "/usr/lib/python3.12/ast.py", line 52, in parse
    return compile(source, filename, mode, flags,
           ^^^^^^^^^^^^^^^^^^^^^^^^^^^^^^^^^^^^^^
  File "<unknown>", line 2
    area = (a*82*(25+10
                 ^
SyntaxError: '(' was never closed
2025-08-18 19:43:19,782 cblogger [ERROR]: 		Error while extracting code complexity metrics: expression cannot contain assignment, perhaps you meant "=="? (<unknown>, line 1)
Traceback (most recent call last):
  File "/root/QuestionInsight/Etapa_1/codebench-mining-tool/util.py", line 551, in extract_complexity_metrics
    v = ComplexityVisitor.from_code(code)
        ^^^^^^^^^^^^^^^^^^^^^^^^^^^^^^^^^
  File "/root/QuestionInsight/.venv/lib/python3.12/site-packages/radon/visitors.py", line 133, in from_code
    return cls.from_ast(code2ast(code), **kwargs)
                        ^^^^^^^^^^^^^^
  File "/root/QuestionInsight/.venv/lib/python3.12/site-packages/radon/visitors.py", line 48, in code2ast
    return ast.parse(source)
           ^^^^^^^^^^^^^^^^^
  File "/usr/lib/python3.12/ast.py", line 52, in parse
    return compile(source, filename, mode, flags,
           ^^^^^^^^^^^^^^^^^^^^^^^^^^^^^^^^^^^^^^
  File "<unknown>", line 1
    input(int(P == 2 * x + y = 3)
              ^^^^^^^^^^^^^^^^
SyntaxError: expression cannot contain assignment, perhaps you meant "=="?
2025-08-18 19:43:19,783 cblogger [ERROR]: 		Error while extracting code size based metrics: SyntaxError at line: 1
Traceback (most recent call last):
  File "/root/QuestionInsight/.venv/lib/python3.12/site-packages/radon/raw.py", line 210, in analyze
    tokens, parsed_lines = _get_all_tokens(line, lines)
                           ^^^^^^^^^^^^^^^^^^^^^^^^^^^^
  File "/root/QuestionInsight/.venv/lib/python3.12/site-packages/radon/raw.py", line 117, in _get_all_tokens
    next_line = next(lines)
                ^^^^^^^^^^^
StopIteration

During handling of the above exception, another exception occurred:

Traceback (most recent call last):
  File "/root/QuestionInsight/Etapa_1/codebench-mining-tool/util.py", line 560, in extract_size_metrics
    a = analyze(code)
        ^^^^^^^^^^^^^
  File "/root/QuestionInsight/.venv/lib/python3.12/site-packages/radon/raw.py", line 212, in analyze
    raise SyntaxError('SyntaxError at line: {0}'.format(lineno))
SyntaxError: SyntaxError at line: 1
2025-08-18 19:43:19,783 cblogger [ERROR]: 		Error while extracting halsted code metrics: expression cannot contain assignment, perhaps you meant "=="? (<unknown>, line 1)
Traceback (most recent call last):
  File "/root/QuestionInsight/Etapa_1/codebench-mining-tool/util.py", line 569, in extract_halstead_metrics
    h = h_visit(code)
        ^^^^^^^^^^^^^
  File "/root/QuestionInsight/.venv/lib/python3.12/site-packages/radon/metrics.py", line 29, in h_visit
    return h_visit_ast(ast.parse(code))
                       ^^^^^^^^^^^^^^^
  File "/usr/lib/python3.12/ast.py", line 52, in parse
    return compile(source, filename, mode, flags,
           ^^^^^^^^^^^^^^^^^^^^^^^^^^^^^^^^^^^^^^
  File "<unknown>", line 1
    input(int(P == 2 * x + y = 3)
              ^^^^^^^^^^^^^^^^
SyntaxError: expression cannot contain assignment, perhaps you meant "=="?
2025-08-18 19:43:19,926 cblogger [ERROR]: 		Error while extracting code complexity metrics: invalid syntax (<unknown>, line 4)
Traceback (most recent call last):
  File "/root/QuestionInsight/Etapa_1/codebench-mining-tool/util.py", line 551, in extract_complexity_metrics
    v = ComplexityVisitor.from_code(code)
        ^^^^^^^^^^^^^^^^^^^^^^^^^^^^^^^^^
  File "/root/QuestionInsight/.venv/lib/python3.12/site-packages/radon/visitors.py", line 133, in from_code
    return cls.from_ast(code2ast(code), **kwargs)
                        ^^^^^^^^^^^^^^
  File "/root/QuestionInsight/.venv/lib/python3.12/site-packages/radon/visitors.py", line 48, in code2ast
    return ast.parse(source)
           ^^^^^^^^^^^^^^^^^
  File "/usr/lib/python3.12/ast.py", line 52, in parse
    return compile(source, filename, mode, flags,
           ^^^^^^^^^^^^^^^^^^^^^^^^^^^^^^^^^^^^^^
  File "<unknown>", line 4
    print (round(round(, n),))
                       ^
SyntaxError: invalid syntax
2025-08-18 19:43:19,927 cblogger [ERROR]: 		Error while extracting halsted code metrics: invalid syntax (<unknown>, line 4)
Traceback (most recent call last):
  File "/root/QuestionInsight/Etapa_1/codebench-mining-tool/util.py", line 569, in extract_halstead_metrics
    h = h_visit(code)
        ^^^^^^^^^^^^^
  File "/root/QuestionInsight/.venv/lib/python3.12/site-packages/radon/metrics.py", line 29, in h_visit
    return h_visit_ast(ast.parse(code))
                       ^^^^^^^^^^^^^^^
  File "/usr/lib/python3.12/ast.py", line 52, in parse
    return compile(source, filename, mode, flags,
           ^^^^^^^^^^^^^^^^^^^^^^^^^^^^^^^^^^^^^^
  File "<unknown>", line 4
    print (round(round(, n),))
                       ^
SyntaxError: invalid syntax
2025-08-18 19:43:19,951 cblogger [ERROR]: 		Error while extracting code complexity metrics: invalid syntax (<unknown>, line 9)
Traceback (most recent call last):
  File "/root/QuestionInsight/Etapa_1/codebench-mining-tool/util.py", line 551, in extract_complexity_metrics
    v = ComplexityVisitor.from_code(code)
        ^^^^^^^^^^^^^^^^^^^^^^^^^^^^^^^^^
  File "/root/QuestionInsight/.venv/lib/python3.12/site-packages/radon/visitors.py", line 133, in from_code
    return cls.from_ast(code2ast(code), **kwargs)
                        ^^^^^^^^^^^^^^
  File "/root/QuestionInsight/.venv/lib/python3.12/site-packages/radon/visitors.py", line 48, in code2ast
    return ast.parse(source)
           ^^^^^^^^^^^^^^^^^
  File "/usr/lib/python3.12/ast.py", line 52, in parse
    return compile(source, filename, mode, flags,
           ^^^^^^^^^^^^^^^^^^^^^^^^^^^^^^^^^^^^^^
  File "<unknown>", line 9
    v1=
       ^
SyntaxError: invalid syntax
2025-08-18 19:43:19,951 cblogger [ERROR]: 		Error while extracting halsted code metrics: invalid syntax (<unknown>, line 9)
Traceback (most recent call last):
  File "/root/QuestionInsight/Etapa_1/codebench-mining-tool/util.py", line 569, in extract_halstead_metrics
    h = h_visit(code)
        ^^^^^^^^^^^^^
  File "/root/QuestionInsight/.venv/lib/python3.12/site-packages/radon/metrics.py", line 29, in h_visit
    return h_visit_ast(ast.parse(code))
                       ^^^^^^^^^^^^^^^
  File "/usr/lib/python3.12/ast.py", line 52, in parse
    return compile(source, filename, mode, flags,
           ^^^^^^^^^^^^^^^^^^^^^^^^^^^^^^^^^^^^^^
  File "<unknown>", line 9
    v1=
       ^
SyntaxError: invalid syntax
2025-08-18 19:43:19,953 cblogger [ERROR]: 		Error while extracting code complexity metrics: unexpected indent (<unknown>, line 7)
Traceback (most recent call last):
  File "/root/QuestionInsight/Etapa_1/codebench-mining-tool/util.py", line 551, in extract_complexity_metrics
    v = ComplexityVisitor.from_code(code)
        ^^^^^^^^^^^^^^^^^^^^^^^^^^^^^^^^^
  File "/root/QuestionInsight/.venv/lib/python3.12/site-packages/radon/visitors.py", line 133, in from_code
    return cls.from_ast(code2ast(code), **kwargs)
                        ^^^^^^^^^^^^^^
  File "/root/QuestionInsight/.venv/lib/python3.12/site-packages/radon/visitors.py", line 48, in code2ast
    return ast.parse(source)
           ^^^^^^^^^^^^^^^^^
  File "/usr/lib/python3.12/ast.py", line 52, in parse
    return compile(source, filename, mode, flags,
           ^^^^^^^^^^^^^^^^^^^^^^^^^^^^^^^^^^^^^^
  File "<unknown>", line 7
    while(i < pe):
IndentationError: unexpected indent
2025-08-18 19:43:19,954 cblogger [ERROR]: 		Error while extracting halsted code metrics: unexpected indent (<unknown>, line 7)
Traceback (most recent call last):
  File "/root/QuestionInsight/Etapa_1/codebench-mining-tool/util.py", line 569, in extract_halstead_metrics
    h = h_visit(code)
        ^^^^^^^^^^^^^
  File "/root/QuestionInsight/.venv/lib/python3.12/site-packages/radon/metrics.py", line 29, in h_visit
    return h_visit_ast(ast.parse(code))
                       ^^^^^^^^^^^^^^^
  File "/usr/lib/python3.12/ast.py", line 52, in parse
    return compile(source, filename, mode, flags,
           ^^^^^^^^^^^^^^^^^^^^^^^^^^^^^^^^^^^^^^
  File "<unknown>", line 7
    while(i < pe):
IndentationError: unexpected indent
2025-08-18 19:43:19,966 cblogger [ERROR]: 		Error while extracting code complexity metrics: invalid syntax (<unknown>, line 18)
Traceback (most recent call last):
  File "/root/QuestionInsight/Etapa_1/codebench-mining-tool/util.py", line 551, in extract_complexity_metrics
    v = ComplexityVisitor.from_code(code)
        ^^^^^^^^^^^^^^^^^^^^^^^^^^^^^^^^^
  File "/root/QuestionInsight/.venv/lib/python3.12/site-packages/radon/visitors.py", line 133, in from_code
    return cls.from_ast(code2ast(code), **kwargs)
                        ^^^^^^^^^^^^^^
  File "/root/QuestionInsight/.venv/lib/python3.12/site-packages/radon/visitors.py", line 48, in code2ast
    return ast.parse(source)
           ^^^^^^^^^^^^^^^^^
  File "/usr/lib/python3.12/ast.py", line 52, in parse
    return compile(source, filename, mode, flags,
           ^^^^^^^^^^^^^^^^^^^^^^^^^^^^^^^^^^^^^^
  File "<unknown>", line 18
    	else:
    	^^^^
SyntaxError: invalid syntax
2025-08-18 19:43:19,967 cblogger [ERROR]: 		Error while extracting halsted code metrics: invalid syntax (<unknown>, line 18)
Traceback (most recent call last):
  File "/root/QuestionInsight/Etapa_1/codebench-mining-tool/util.py", line 569, in extract_halstead_metrics
    h = h_visit(code)
        ^^^^^^^^^^^^^
  File "/root/QuestionInsight/.venv/lib/python3.12/site-packages/radon/metrics.py", line 29, in h_visit
    return h_visit_ast(ast.parse(code))
                       ^^^^^^^^^^^^^^^
  File "/usr/lib/python3.12/ast.py", line 52, in parse
    return compile(source, filename, mode, flags,
           ^^^^^^^^^^^^^^^^^^^^^^^^^^^^^^^^^^^^^^
  File "<unknown>", line 18
    	else:
    	^^^^
SyntaxError: invalid syntax
2025-08-18 19:43:20,042 cblogger [ERROR]: 		Error while extracting code complexity metrics: expected ':' (<unknown>, line 4)
Traceback (most recent call last):
  File "/root/QuestionInsight/Etapa_1/codebench-mining-tool/util.py", line 551, in extract_complexity_metrics
    v = ComplexityVisitor.from_code(code)
        ^^^^^^^^^^^^^^^^^^^^^^^^^^^^^^^^^
  File "/root/QuestionInsight/.venv/lib/python3.12/site-packages/radon/visitors.py", line 133, in from_code
    return cls.from_ast(code2ast(code), **kwargs)
                        ^^^^^^^^^^^^^^
  File "/root/QuestionInsight/.venv/lib/python3.12/site-packages/radon/visitors.py", line 48, in code2ast
    return ast.parse(source)
           ^^^^^^^^^^^^^^^^^
  File "/usr/lib/python3.12/ast.py", line 52, in parse
    return compile(source, filename, mode, flags,
           ^^^^^^^^^^^^^^^^^^^^^^^^^^^^^^^^^^^^^^
  File "<unknown>", line 4
    if()
        ^
SyntaxError: expected ':'
2025-08-18 19:43:20,043 cblogger [ERROR]: 		Error while extracting halsted code metrics: expected ':' (<unknown>, line 4)
Traceback (most recent call last):
  File "/root/QuestionInsight/Etapa_1/codebench-mining-tool/util.py", line 569, in extract_halstead_metrics
    h = h_visit(code)
        ^^^^^^^^^^^^^
  File "/root/QuestionInsight/.venv/lib/python3.12/site-packages/radon/metrics.py", line 29, in h_visit
    return h_visit_ast(ast.parse(code))
                       ^^^^^^^^^^^^^^^
  File "/usr/lib/python3.12/ast.py", line 52, in parse
    return compile(source, filename, mode, flags,
           ^^^^^^^^^^^^^^^^^^^^^^^^^^^^^^^^^^^^^^
  File "<unknown>", line 4
    if()
        ^
SyntaxError: expected ':'
2025-08-18 19:43:20,058 cblogger [ERROR]: 		Error while extracting code complexity metrics: expected ':' (<unknown>, line 4)
Traceback (most recent call last):
  File "/root/QuestionInsight/Etapa_1/codebench-mining-tool/util.py", line 551, in extract_complexity_metrics
    v = ComplexityVisitor.from_code(code)
        ^^^^^^^^^^^^^^^^^^^^^^^^^^^^^^^^^
  File "/root/QuestionInsight/.venv/lib/python3.12/site-packages/radon/visitors.py", line 133, in from_code
    return cls.from_ast(code2ast(code), **kwargs)
                        ^^^^^^^^^^^^^^
  File "/root/QuestionInsight/.venv/lib/python3.12/site-packages/radon/visitors.py", line 48, in code2ast
    return ast.parse(source)
           ^^^^^^^^^^^^^^^^^
  File "/usr/lib/python3.12/ast.py", line 52, in parse
    return compile(source, filename, mode, flags,
           ^^^^^^^^^^^^^^^^^^^^^^^^^^^^^^^^^^^^^^
  File "<unknown>", line 4
    if()
        ^
SyntaxError: expected ':'
2025-08-18 19:43:20,059 cblogger [ERROR]: 		Error while extracting halsted code metrics: expected ':' (<unknown>, line 4)
Traceback (most recent call last):
  File "/root/QuestionInsight/Etapa_1/codebench-mining-tool/util.py", line 569, in extract_halstead_metrics
    h = h_visit(code)
        ^^^^^^^^^^^^^
  File "/root/QuestionInsight/.venv/lib/python3.12/site-packages/radon/metrics.py", line 29, in h_visit
    return h_visit_ast(ast.parse(code))
                       ^^^^^^^^^^^^^^^
  File "/usr/lib/python3.12/ast.py", line 52, in parse
    return compile(source, filename, mode, flags,
           ^^^^^^^^^^^^^^^^^^^^^^^^^^^^^^^^^^^^^^
  File "<unknown>", line 4
    if()
        ^
SyntaxError: expected ':'
2025-08-18 19:43:20,090 cblogger [ERROR]: 		Error while extracting code complexity metrics: expected an indented block after 'if' statement on line 5 (<unknown>, line 6)
Traceback (most recent call last):
  File "/root/QuestionInsight/Etapa_1/codebench-mining-tool/util.py", line 551, in extract_complexity_metrics
    v = ComplexityVisitor.from_code(code)
        ^^^^^^^^^^^^^^^^^^^^^^^^^^^^^^^^^
  File "/root/QuestionInsight/.venv/lib/python3.12/site-packages/radon/visitors.py", line 133, in from_code
    return cls.from_ast(code2ast(code), **kwargs)
                        ^^^^^^^^^^^^^^
  File "/root/QuestionInsight/.venv/lib/python3.12/site-packages/radon/visitors.py", line 48, in code2ast
    return ast.parse(source)
           ^^^^^^^^^^^^^^^^^
  File "/usr/lib/python3.12/ast.py", line 52, in parse
    return compile(source, filename, mode, flags,
           ^^^^^^^^^^^^^^^^^^^^^^^^^^^^^^^^^^^^^^
  File "<unknown>", line 6
    	
    	^
IndentationError: expected an indented block after 'if' statement on line 5
2025-08-18 19:43:20,091 cblogger [ERROR]: 		Error while extracting halsted code metrics: expected an indented block after 'if' statement on line 5 (<unknown>, line 6)
Traceback (most recent call last):
  File "/root/QuestionInsight/Etapa_1/codebench-mining-tool/util.py", line 569, in extract_halstead_metrics
    h = h_visit(code)
        ^^^^^^^^^^^^^
  File "/root/QuestionInsight/.venv/lib/python3.12/site-packages/radon/metrics.py", line 29, in h_visit
    return h_visit_ast(ast.parse(code))
                       ^^^^^^^^^^^^^^^
  File "/usr/lib/python3.12/ast.py", line 52, in parse
    return compile(source, filename, mode, flags,
           ^^^^^^^^^^^^^^^^^^^^^^^^^^^^^^^^^^^^^^
  File "<unknown>", line 6
    	
    	^
IndentationError: expected an indented block after 'if' statement on line 5
2025-08-18 19:43:21,877 cblogger [ERROR]: 		Error while extracting code complexity metrics: expected ':' (<unknown>, line 3)
Traceback (most recent call last):
  File "/root/QuestionInsight/Etapa_1/codebench-mining-tool/util.py", line 551, in extract_complexity_metrics
    v = ComplexityVisitor.from_code(code)
        ^^^^^^^^^^^^^^^^^^^^^^^^^^^^^^^^^
  File "/root/QuestionInsight/.venv/lib/python3.12/site-packages/radon/visitors.py", line 133, in from_code
    return cls.from_ast(code2ast(code), **kwargs)
                        ^^^^^^^^^^^^^^
  File "/root/QuestionInsight/.venv/lib/python3.12/site-packages/radon/visitors.py", line 48, in code2ast
    return ast.parse(source)
           ^^^^^^^^^^^^^^^^^
  File "/usr/lib/python3.12/ast.py", line 52, in parse
    return compile(source, filename, mode, flags,
           ^^^^^^^^^^^^^^^^^^^^^^^^^^^^^^^^^^^^^^
  File "<unknown>", line 3
    	if()
    	    ^
SyntaxError: expected ':'
2025-08-18 19:43:21,878 cblogger [ERROR]: 		Error while extracting halsted code metrics: expected ':' (<unknown>, line 3)
Traceback (most recent call last):
  File "/root/QuestionInsight/Etapa_1/codebench-mining-tool/util.py", line 569, in extract_halstead_metrics
    h = h_visit(code)
        ^^^^^^^^^^^^^
  File "/root/QuestionInsight/.venv/lib/python3.12/site-packages/radon/metrics.py", line 29, in h_visit
    return h_visit_ast(ast.parse(code))
                       ^^^^^^^^^^^^^^^
  File "/usr/lib/python3.12/ast.py", line 52, in parse
    return compile(source, filename, mode, flags,
           ^^^^^^^^^^^^^^^^^^^^^^^^^^^^^^^^^^^^^^
  File "<unknown>", line 3
    	if()
    	    ^
SyntaxError: expected ':'
2025-08-18 19:43:22,450 cblogger [ERROR]: 		Error while extracting code complexity metrics: unindent does not match any outer indentation level (<unknown>, line 10)
Traceback (most recent call last):
  File "/root/QuestionInsight/Etapa_1/codebench-mining-tool/util.py", line 551, in extract_complexity_metrics
    v = ComplexityVisitor.from_code(code)
        ^^^^^^^^^^^^^^^^^^^^^^^^^^^^^^^^^
  File "/root/QuestionInsight/.venv/lib/python3.12/site-packages/radon/visitors.py", line 133, in from_code
    return cls.from_ast(code2ast(code), **kwargs)
                        ^^^^^^^^^^^^^^
  File "/root/QuestionInsight/.venv/lib/python3.12/site-packages/radon/visitors.py", line 48, in code2ast
    return ast.parse(source)
           ^^^^^^^^^^^^^^^^^
  File "/usr/lib/python3.12/ast.py", line 52, in parse
    return compile(source, filename, mode, flags,
           ^^^^^^^^^^^^^^^^^^^^^^^^^^^^^^^^^^^^^^
  File "<unknown>", line 10
    	else:
    	     ^
IndentationError: unindent does not match any outer indentation level
2025-08-18 19:43:22,453 cblogger [ERROR]: 		Error while extracting halsted code metrics: unindent does not match any outer indentation level (<unknown>, line 10)
Traceback (most recent call last):
  File "/root/QuestionInsight/Etapa_1/codebench-mining-tool/util.py", line 569, in extract_halstead_metrics
    h = h_visit(code)
        ^^^^^^^^^^^^^
  File "/root/QuestionInsight/.venv/lib/python3.12/site-packages/radon/metrics.py", line 29, in h_visit
    return h_visit_ast(ast.parse(code))
                       ^^^^^^^^^^^^^^^
  File "/usr/lib/python3.12/ast.py", line 52, in parse
    return compile(source, filename, mode, flags,
           ^^^^^^^^^^^^^^^^^^^^^^^^^^^^^^^^^^^^^^
  File "<unknown>", line 10
    	else:
    	     ^
IndentationError: unindent does not match any outer indentation level
2025-08-18 19:43:22,522 cblogger [ERROR]: 		Error while extracting code complexity metrics: invalid syntax (<unknown>, line 42)
Traceback (most recent call last):
  File "/root/QuestionInsight/Etapa_1/codebench-mining-tool/util.py", line 551, in extract_complexity_metrics
    v = ComplexityVisitor.from_code(code)
        ^^^^^^^^^^^^^^^^^^^^^^^^^^^^^^^^^
  File "/root/QuestionInsight/.venv/lib/python3.12/site-packages/radon/visitors.py", line 133, in from_code
    return cls.from_ast(code2ast(code), **kwargs)
                        ^^^^^^^^^^^^^^
  File "/root/QuestionInsight/.venv/lib/python3.12/site-packages/radon/visitors.py", line 48, in code2ast
    return ast.parse(source)
           ^^^^^^^^^^^^^^^^^
  File "/usr/lib/python3.12/ast.py", line 52, in parse
    return compile(source, filename, mode, flags,
           ^^^^^^^^^^^^^^^^^^^^^^^^^^^^^^^^^^^^^^
  File "<unknown>", line 42
    tabuleiro[ytab,xtab] = 
                           ^
SyntaxError: invalid syntax
2025-08-18 19:43:22,524 cblogger [ERROR]: 		Error while extracting halsted code metrics: invalid syntax (<unknown>, line 42)
Traceback (most recent call last):
  File "/root/QuestionInsight/Etapa_1/codebench-mining-tool/util.py", line 569, in extract_halstead_metrics
    h = h_visit(code)
        ^^^^^^^^^^^^^
  File "/root/QuestionInsight/.venv/lib/python3.12/site-packages/radon/metrics.py", line 29, in h_visit
    return h_visit_ast(ast.parse(code))
                       ^^^^^^^^^^^^^^^
  File "/usr/lib/python3.12/ast.py", line 52, in parse
    return compile(source, filename, mode, flags,
           ^^^^^^^^^^^^^^^^^^^^^^^^^^^^^^^^^^^^^^
  File "<unknown>", line 42
    tabuleiro[ytab,xtab] = 
                           ^
SyntaxError: invalid syntax
2025-08-18 19:43:22,641 cblogger [ERROR]: 		Error while extracting code complexity metrics: '(' was never closed (<unknown>, line 3)
Traceback (most recent call last):
  File "/root/QuestionInsight/Etapa_1/codebench-mining-tool/util.py", line 551, in extract_complexity_metrics
    v = ComplexityVisitor.from_code(code)
        ^^^^^^^^^^^^^^^^^^^^^^^^^^^^^^^^^
  File "/root/QuestionInsight/.venv/lib/python3.12/site-packages/radon/visitors.py", line 133, in from_code
    return cls.from_ast(code2ast(code), **kwargs)
                        ^^^^^^^^^^^^^^
  File "/root/QuestionInsight/.venv/lib/python3.12/site-packages/radon/visitors.py", line 48, in code2ast
    return ast.parse(source)
           ^^^^^^^^^^^^^^^^^
  File "/usr/lib/python3.12/ast.py", line 52, in parse
    return compile(source, filename, mode, flags,
           ^^^^^^^^^^^^^^^^^^^^^^^^^^^^^^^^^^^^^^
  File "<unknown>", line 3
    mat = (array(eval(input("matriz de notas: ")))
          ^
SyntaxError: '(' was never closed
2025-08-18 19:43:22,643 cblogger [ERROR]: 		Error while extracting code size based metrics: SyntaxError at line: 3
Traceback (most recent call last):
  File "/root/QuestionInsight/.venv/lib/python3.12/site-packages/radon/raw.py", line 210, in analyze
    tokens, parsed_lines = _get_all_tokens(line, lines)
                           ^^^^^^^^^^^^^^^^^^^^^^^^^^^^
  File "/root/QuestionInsight/.venv/lib/python3.12/site-packages/radon/raw.py", line 117, in _get_all_tokens
    next_line = next(lines)
                ^^^^^^^^^^^
StopIteration

During handling of the above exception, another exception occurred:

Traceback (most recent call last):
  File "/root/QuestionInsight/Etapa_1/codebench-mining-tool/util.py", line 560, in extract_size_metrics
    a = analyze(code)
        ^^^^^^^^^^^^^
  File "/root/QuestionInsight/.venv/lib/python3.12/site-packages/radon/raw.py", line 212, in analyze
    raise SyntaxError('SyntaxError at line: {0}'.format(lineno))
SyntaxError: SyntaxError at line: 3
2025-08-18 19:43:22,643 cblogger [ERROR]: 		Error while extracting halsted code metrics: '(' was never closed (<unknown>, line 3)
Traceback (most recent call last):
  File "/root/QuestionInsight/Etapa_1/codebench-mining-tool/util.py", line 569, in extract_halstead_metrics
    h = h_visit(code)
        ^^^^^^^^^^^^^
  File "/root/QuestionInsight/.venv/lib/python3.12/site-packages/radon/metrics.py", line 29, in h_visit
    return h_visit_ast(ast.parse(code))
                       ^^^^^^^^^^^^^^^
  File "/usr/lib/python3.12/ast.py", line 52, in parse
    return compile(source, filename, mode, flags,
           ^^^^^^^^^^^^^^^^^^^^^^^^^^^^^^^^^^^^^^
  File "<unknown>", line 3
    mat = (array(eval(input("matriz de notas: ")))
          ^
SyntaxError: '(' was never closed
2025-08-18 19:43:22,660 cblogger [ERROR]: 		Error while extracting code complexity metrics: invalid syntax (<unknown>, line 16)
Traceback (most recent call last):
  File "/root/QuestionInsight/Etapa_1/codebench-mining-tool/util.py", line 551, in extract_complexity_metrics
    v = ComplexityVisitor.from_code(code)
        ^^^^^^^^^^^^^^^^^^^^^^^^^^^^^^^^^
  File "/root/QuestionInsight/.venv/lib/python3.12/site-packages/radon/visitors.py", line 133, in from_code
    return cls.from_ast(code2ast(code), **kwargs)
                        ^^^^^^^^^^^^^^
  File "/root/QuestionInsight/.venv/lib/python3.12/site-packages/radon/visitors.py", line 48, in code2ast
    return ast.parse(source)
           ^^^^^^^^^^^^^^^^^
  File "/usr/lib/python3.12/ast.py", line 52, in parse
    return compile(source, filename, mode, flags,
           ^^^^^^^^^^^^^^^^^^^^^^^^^^^^^^^^^^^^^^
  File "<unknown>", line 16
    	f = 
    	    ^
SyntaxError: invalid syntax
2025-08-18 19:43:22,661 cblogger [ERROR]: 		Error while extracting halsted code metrics: invalid syntax (<unknown>, line 16)
Traceback (most recent call last):
  File "/root/QuestionInsight/Etapa_1/codebench-mining-tool/util.py", line 569, in extract_halstead_metrics
    h = h_visit(code)
        ^^^^^^^^^^^^^
  File "/root/QuestionInsight/.venv/lib/python3.12/site-packages/radon/metrics.py", line 29, in h_visit
    return h_visit_ast(ast.parse(code))
                       ^^^^^^^^^^^^^^^
  File "/usr/lib/python3.12/ast.py", line 52, in parse
    return compile(source, filename, mode, flags,
           ^^^^^^^^^^^^^^^^^^^^^^^^^^^^^^^^^^^^^^
  File "<unknown>", line 16
    	f = 
    	    ^
SyntaxError: invalid syntax
2025-08-18 19:43:22,716 cblogger [ERROR]: 		Error while extracting code complexity metrics: expected an indented block after 'if' statement on line 5 (<unknown>, line 8)
Traceback (most recent call last):
  File "/root/QuestionInsight/Etapa_1/codebench-mining-tool/util.py", line 551, in extract_complexity_metrics
    v = ComplexityVisitor.from_code(code)
        ^^^^^^^^^^^^^^^^^^^^^^^^^^^^^^^^^
  File "/root/QuestionInsight/.venv/lib/python3.12/site-packages/radon/visitors.py", line 133, in from_code
    return cls.from_ast(code2ast(code), **kwargs)
                        ^^^^^^^^^^^^^^
  File "/root/QuestionInsight/.venv/lib/python3.12/site-packages/radon/visitors.py", line 48, in code2ast
    return ast.parse(source)
           ^^^^^^^^^^^^^^^^^
  File "/usr/lib/python3.12/ast.py", line 52, in parse
    return compile(source, filename, mode, flags,
           ^^^^^^^^^^^^^^^^^^^^^^^^^^^^^^^^^^^^^^
  File "<unknown>", line 8
    	
    	^
IndentationError: expected an indented block after 'if' statement on line 5
2025-08-18 19:43:22,717 cblogger [ERROR]: 		Error while extracting halsted code metrics: expected an indented block after 'if' statement on line 5 (<unknown>, line 8)
Traceback (most recent call last):
  File "/root/QuestionInsight/Etapa_1/codebench-mining-tool/util.py", line 569, in extract_halstead_metrics
    h = h_visit(code)
        ^^^^^^^^^^^^^
  File "/root/QuestionInsight/.venv/lib/python3.12/site-packages/radon/metrics.py", line 29, in h_visit
    return h_visit_ast(ast.parse(code))
                       ^^^^^^^^^^^^^^^
  File "/usr/lib/python3.12/ast.py", line 52, in parse
    return compile(source, filename, mode, flags,
           ^^^^^^^^^^^^^^^^^^^^^^^^^^^^^^^^^^^^^^
  File "<unknown>", line 8
    	
    	^
IndentationError: expected an indented block after 'if' statement on line 5
2025-08-18 19:43:22,719 cblogger [ERROR]: 		Error while extracting code complexity metrics: unindent does not match any outer indentation level (<unknown>, line 15)
Traceback (most recent call last):
  File "/root/QuestionInsight/Etapa_1/codebench-mining-tool/util.py", line 551, in extract_complexity_metrics
    v = ComplexityVisitor.from_code(code)
        ^^^^^^^^^^^^^^^^^^^^^^^^^^^^^^^^^
  File "/root/QuestionInsight/.venv/lib/python3.12/site-packages/radon/visitors.py", line 133, in from_code
    return cls.from_ast(code2ast(code), **kwargs)
                        ^^^^^^^^^^^^^^
  File "/root/QuestionInsight/.venv/lib/python3.12/site-packages/radon/visitors.py", line 48, in code2ast
    return ast.parse(source)
           ^^^^^^^^^^^^^^^^^
  File "/usr/lib/python3.12/ast.py", line 52, in parse
    return compile(source, filename, mode, flags,
           ^^^^^^^^^^^^^^^^^^^^^^^^^^^^^^^^^^^^^^
  File "<unknown>", line 15
    else:
         ^
IndentationError: unindent does not match any outer indentation level
2025-08-18 19:43:22,732 cblogger [ERROR]: 		Error while extracting halsted code metrics: unindent does not match any outer indentation level (<unknown>, line 15)
Traceback (most recent call last):
  File "/root/QuestionInsight/Etapa_1/codebench-mining-tool/util.py", line 569, in extract_halstead_metrics
    h = h_visit(code)
        ^^^^^^^^^^^^^
  File "/root/QuestionInsight/.venv/lib/python3.12/site-packages/radon/metrics.py", line 29, in h_visit
    return h_visit_ast(ast.parse(code))
                       ^^^^^^^^^^^^^^^
  File "/usr/lib/python3.12/ast.py", line 52, in parse
    return compile(source, filename, mode, flags,
           ^^^^^^^^^^^^^^^^^^^^^^^^^^^^^^^^^^^^^^
  File "<unknown>", line 15
    else:
         ^
IndentationError: unindent does not match any outer indentation level
2025-08-18 19:43:22,820 cblogger [ERROR]: 		Error while extracting code complexity metrics: invalid syntax (<unknown>, line 1)
Traceback (most recent call last):
  File "/root/QuestionInsight/Etapa_1/codebench-mining-tool/util.py", line 551, in extract_complexity_metrics
    v = ComplexityVisitor.from_code(code)
        ^^^^^^^^^^^^^^^^^^^^^^^^^^^^^^^^^
  File "/root/QuestionInsight/.venv/lib/python3.12/site-packages/radon/visitors.py", line 133, in from_code
    return cls.from_ast(code2ast(code), **kwargs)
                        ^^^^^^^^^^^^^^
  File "/root/QuestionInsight/.venv/lib/python3.12/site-packages/radon/visitors.py", line 48, in code2ast
    return ast.parse(source)
           ^^^^^^^^^^^^^^^^^
  File "/usr/lib/python3.12/ast.py", line 52, in parse
    return compile(source, filename, mode, flags,
           ^^^^^^^^^^^^^^^^^^^^^^^^^^^^^^^^^^^^^^
  File "<unknown>", line 1
    for numpy import*
              ^^^^^^
SyntaxError: invalid syntax
2025-08-18 19:43:22,828 cblogger [ERROR]: 		Error while extracting halsted code metrics: invalid syntax (<unknown>, line 1)
Traceback (most recent call last):
  File "/root/QuestionInsight/Etapa_1/codebench-mining-tool/util.py", line 569, in extract_halstead_metrics
    h = h_visit(code)
        ^^^^^^^^^^^^^
  File "/root/QuestionInsight/.venv/lib/python3.12/site-packages/radon/metrics.py", line 29, in h_visit
    return h_visit_ast(ast.parse(code))
                       ^^^^^^^^^^^^^^^
  File "/usr/lib/python3.12/ast.py", line 52, in parse
    return compile(source, filename, mode, flags,
           ^^^^^^^^^^^^^^^^^^^^^^^^^^^^^^^^^^^^^^
  File "<unknown>", line 1
    for numpy import*
              ^^^^^^
SyntaxError: invalid syntax
2025-08-18 19:43:22,939 cblogger [ERROR]: 		Error while extracting code complexity metrics: inconsistent use of tabs and spaces in indentation (<unknown>, line 6)
Traceback (most recent call last):
  File "/root/QuestionInsight/Etapa_1/codebench-mining-tool/util.py", line 551, in extract_complexity_metrics
    v = ComplexityVisitor.from_code(code)
        ^^^^^^^^^^^^^^^^^^^^^^^^^^^^^^^^^
  File "/root/QuestionInsight/.venv/lib/python3.12/site-packages/radon/visitors.py", line 133, in from_code
    return cls.from_ast(code2ast(code), **kwargs)
                        ^^^^^^^^^^^^^^
  File "/root/QuestionInsight/.venv/lib/python3.12/site-packages/radon/visitors.py", line 48, in code2ast
    return ast.parse(source)
           ^^^^^^^^^^^^^^^^^
  File "/usr/lib/python3.12/ast.py", line 52, in parse
    return compile(source, filename, mode, flags,
           ^^^^^^^^^^^^^^^^^^^^^^^^^^^^^^^^^^^^^^
  File "<unknown>", line 6
    		print(p)
    ^
TabError: inconsistent use of tabs and spaces in indentation
2025-08-18 19:43:22,940 cblogger [ERROR]: 		Error while extracting halsted code metrics: inconsistent use of tabs and spaces in indentation (<unknown>, line 6)
Traceback (most recent call last):
  File "/root/QuestionInsight/Etapa_1/codebench-mining-tool/util.py", line 569, in extract_halstead_metrics
    h = h_visit(code)
        ^^^^^^^^^^^^^
  File "/root/QuestionInsight/.venv/lib/python3.12/site-packages/radon/metrics.py", line 29, in h_visit
    return h_visit_ast(ast.parse(code))
                       ^^^^^^^^^^^^^^^
  File "/usr/lib/python3.12/ast.py", line 52, in parse
    return compile(source, filename, mode, flags,
           ^^^^^^^^^^^^^^^^^^^^^^^^^^^^^^^^^^^^^^
  File "<unknown>", line 6
    		print(p)
    ^
TabError: inconsistent use of tabs and spaces in indentation
2025-08-18 19:43:23,006 cblogger [ERROR]: 		Error while extracting code complexity metrics: unindent does not match any outer indentation level (<unknown>, line 12)
Traceback (most recent call last):
  File "/root/QuestionInsight/Etapa_1/codebench-mining-tool/util.py", line 551, in extract_complexity_metrics
    v = ComplexityVisitor.from_code(code)
        ^^^^^^^^^^^^^^^^^^^^^^^^^^^^^^^^^
  File "/root/QuestionInsight/.venv/lib/python3.12/site-packages/radon/visitors.py", line 133, in from_code
    return cls.from_ast(code2ast(code), **kwargs)
                        ^^^^^^^^^^^^^^
  File "/root/QuestionInsight/.venv/lib/python3.12/site-packages/radon/visitors.py", line 48, in code2ast
    return ast.parse(source)
           ^^^^^^^^^^^^^^^^^
  File "/usr/lib/python3.12/ast.py", line 52, in parse
    return compile(source, filename, mode, flags,
           ^^^^^^^^^^^^^^^^^^^^^^^^^^^^^^^^^^^^^^
  File "<unknown>", line 12
    	else:
    	     ^
IndentationError: unindent does not match any outer indentation level
2025-08-18 19:43:23,017 cblogger [ERROR]: 		Error while extracting halsted code metrics: unindent does not match any outer indentation level (<unknown>, line 12)
Traceback (most recent call last):
  File "/root/QuestionInsight/Etapa_1/codebench-mining-tool/util.py", line 569, in extract_halstead_metrics
    h = h_visit(code)
        ^^^^^^^^^^^^^
  File "/root/QuestionInsight/.venv/lib/python3.12/site-packages/radon/metrics.py", line 29, in h_visit
    return h_visit_ast(ast.parse(code))
                       ^^^^^^^^^^^^^^^
  File "/usr/lib/python3.12/ast.py", line 52, in parse
    return compile(source, filename, mode, flags,
           ^^^^^^^^^^^^^^^^^^^^^^^^^^^^^^^^^^^^^^
  File "<unknown>", line 12
    	else:
    	     ^
IndentationError: unindent does not match any outer indentation level
2025-08-18 19:43:23,033 cblogger [ERROR]: 		Error while extracting code complexity metrics: unindent does not match any outer indentation level (<unknown>, line 15)
Traceback (most recent call last):
  File "/root/QuestionInsight/Etapa_1/codebench-mining-tool/util.py", line 551, in extract_complexity_metrics
    v = ComplexityVisitor.from_code(code)
        ^^^^^^^^^^^^^^^^^^^^^^^^^^^^^^^^^
  File "/root/QuestionInsight/.venv/lib/python3.12/site-packages/radon/visitors.py", line 133, in from_code
    return cls.from_ast(code2ast(code), **kwargs)
                        ^^^^^^^^^^^^^^
  File "/root/QuestionInsight/.venv/lib/python3.12/site-packages/radon/visitors.py", line 48, in code2ast
    return ast.parse(source)
           ^^^^^^^^^^^^^^^^^
  File "/usr/lib/python3.12/ast.py", line 52, in parse
    return compile(source, filename, mode, flags,
           ^^^^^^^^^^^^^^^^^^^^^^^^^^^^^^^^^^^^^^
  File "<unknown>", line 15
    print("LIMITE")
                   ^
IndentationError: unindent does not match any outer indentation level
2025-08-18 19:43:23,034 cblogger [ERROR]: 		Error while extracting halsted code metrics: unindent does not match any outer indentation level (<unknown>, line 15)
Traceback (most recent call last):
  File "/root/QuestionInsight/Etapa_1/codebench-mining-tool/util.py", line 569, in extract_halstead_metrics
    h = h_visit(code)
        ^^^^^^^^^^^^^
  File "/root/QuestionInsight/.venv/lib/python3.12/site-packages/radon/metrics.py", line 29, in h_visit
    return h_visit_ast(ast.parse(code))
                       ^^^^^^^^^^^^^^^
  File "/usr/lib/python3.12/ast.py", line 52, in parse
    return compile(source, filename, mode, flags,
           ^^^^^^^^^^^^^^^^^^^^^^^^^^^^^^^^^^^^^^
  File "<unknown>", line 15
    print("LIMITE")
                   ^
IndentationError: unindent does not match any outer indentation level
2025-08-18 19:43:23,247 cblogger [ERROR]: 		Error while extracting code complexity metrics: '(' was never closed (<unknown>, line 7)
Traceback (most recent call last):
  File "/root/QuestionInsight/Etapa_1/codebench-mining-tool/util.py", line 551, in extract_complexity_metrics
    v = ComplexityVisitor.from_code(code)
        ^^^^^^^^^^^^^^^^^^^^^^^^^^^^^^^^^
  File "/root/QuestionInsight/.venv/lib/python3.12/site-packages/radon/visitors.py", line 133, in from_code
    return cls.from_ast(code2ast(code), **kwargs)
                        ^^^^^^^^^^^^^^
  File "/root/QuestionInsight/.venv/lib/python3.12/site-packages/radon/visitors.py", line 48, in code2ast
    return ast.parse(source)
           ^^^^^^^^^^^^^^^^^
  File "/usr/lib/python3.12/ast.py", line 52, in parse
    return compile(source, filename, mode, flags,
           ^^^^^^^^^^^^^^^^^^^^^^^^^^^^^^^^^^^^^^
  File "<unknown>", line 7
    	d = sqrt((x
    	         ^
SyntaxError: '(' was never closed
2025-08-18 19:43:23,248 cblogger [ERROR]: 		Error while extracting code size based metrics: SyntaxError at line: 7
Traceback (most recent call last):
  File "/root/QuestionInsight/.venv/lib/python3.12/site-packages/radon/raw.py", line 210, in analyze
    tokens, parsed_lines = _get_all_tokens(line, lines)
                           ^^^^^^^^^^^^^^^^^^^^^^^^^^^^
  File "/root/QuestionInsight/.venv/lib/python3.12/site-packages/radon/raw.py", line 117, in _get_all_tokens
    next_line = next(lines)
                ^^^^^^^^^^^
StopIteration

During handling of the above exception, another exception occurred:

Traceback (most recent call last):
  File "/root/QuestionInsight/Etapa_1/codebench-mining-tool/util.py", line 560, in extract_size_metrics
    a = analyze(code)
        ^^^^^^^^^^^^^
  File "/root/QuestionInsight/.venv/lib/python3.12/site-packages/radon/raw.py", line 212, in analyze
    raise SyntaxError('SyntaxError at line: {0}'.format(lineno))
SyntaxError: SyntaxError at line: 7
2025-08-18 19:43:23,255 cblogger [ERROR]: 		Error while extracting halsted code metrics: '(' was never closed (<unknown>, line 7)
Traceback (most recent call last):
  File "/root/QuestionInsight/Etapa_1/codebench-mining-tool/util.py", line 569, in extract_halstead_metrics
    h = h_visit(code)
        ^^^^^^^^^^^^^
  File "/root/QuestionInsight/.venv/lib/python3.12/site-packages/radon/metrics.py", line 29, in h_visit
    return h_visit_ast(ast.parse(code))
                       ^^^^^^^^^^^^^^^
  File "/usr/lib/python3.12/ast.py", line 52, in parse
    return compile(source, filename, mode, flags,
           ^^^^^^^^^^^^^^^^^^^^^^^^^^^^^^^^^^^^^^
  File "<unknown>", line 7
    	d = sqrt((x
    	         ^
SyntaxError: '(' was never closed
2025-08-18 19:43:23,265 cblogger [ERROR]: 		Error while extracting code complexity metrics: inconsistent use of tabs and spaces in indentation (<unknown>, line 19)
Traceback (most recent call last):
  File "/root/QuestionInsight/Etapa_1/codebench-mining-tool/util.py", line 551, in extract_complexity_metrics
    v = ComplexityVisitor.from_code(code)
        ^^^^^^^^^^^^^^^^^^^^^^^^^^^^^^^^^
  File "/root/QuestionInsight/.venv/lib/python3.12/site-packages/radon/visitors.py", line 133, in from_code
    return cls.from_ast(code2ast(code), **kwargs)
                        ^^^^^^^^^^^^^^
  File "/root/QuestionInsight/.venv/lib/python3.12/site-packages/radon/visitors.py", line 48, in code2ast
    return ast.parse(source)
           ^^^^^^^^^^^^^^^^^
  File "/usr/lib/python3.12/ast.py", line 52, in parse
    return compile(source, filename, mode, flags,
           ^^^^^^^^^^^^^^^^^^^^^^^^^^^^^^^^^^^^^^
  File "<unknown>", line 19
    		print(n)
    ^
TabError: inconsistent use of tabs and spaces in indentation
2025-08-18 19:43:23,267 cblogger [ERROR]: 		Error while extracting halsted code metrics: inconsistent use of tabs and spaces in indentation (<unknown>, line 19)
Traceback (most recent call last):
  File "/root/QuestionInsight/Etapa_1/codebench-mining-tool/util.py", line 569, in extract_halstead_metrics
    h = h_visit(code)
        ^^^^^^^^^^^^^
  File "/root/QuestionInsight/.venv/lib/python3.12/site-packages/radon/metrics.py", line 29, in h_visit
    return h_visit_ast(ast.parse(code))
                       ^^^^^^^^^^^^^^^
  File "/usr/lib/python3.12/ast.py", line 52, in parse
    return compile(source, filename, mode, flags,
           ^^^^^^^^^^^^^^^^^^^^^^^^^^^^^^^^^^^^^^
  File "<unknown>", line 19
    		print(n)
    ^
TabError: inconsistent use of tabs and spaces in indentation
2025-08-18 19:43:23,287 cblogger [ERROR]: 		Error while extracting code complexity metrics: inconsistent use of tabs and spaces in indentation (<unknown>, line 8)
Traceback (most recent call last):
  File "/root/QuestionInsight/Etapa_1/codebench-mining-tool/util.py", line 551, in extract_complexity_metrics
    v = ComplexityVisitor.from_code(code)
        ^^^^^^^^^^^^^^^^^^^^^^^^^^^^^^^^^
  File "/root/QuestionInsight/.venv/lib/python3.12/site-packages/radon/visitors.py", line 133, in from_code
    return cls.from_ast(code2ast(code), **kwargs)
                        ^^^^^^^^^^^^^^
  File "/root/QuestionInsight/.venv/lib/python3.12/site-packages/radon/visitors.py", line 48, in code2ast
    return ast.parse(source)
           ^^^^^^^^^^^^^^^^^
  File "/usr/lib/python3.12/ast.py", line 52, in parse
    return compile(source, filename, mode, flags,
           ^^^^^^^^^^^^^^^^^^^^^^^^^^^^^^^^^^^^^^
  File "<unknown>", line 8
    		print(qb)
    ^
TabError: inconsistent use of tabs and spaces in indentation
2025-08-18 19:43:23,289 cblogger [ERROR]: 		Error while extracting halsted code metrics: inconsistent use of tabs and spaces in indentation (<unknown>, line 8)
Traceback (most recent call last):
  File "/root/QuestionInsight/Etapa_1/codebench-mining-tool/util.py", line 569, in extract_halstead_metrics
    h = h_visit(code)
        ^^^^^^^^^^^^^
  File "/root/QuestionInsight/.venv/lib/python3.12/site-packages/radon/metrics.py", line 29, in h_visit
    return h_visit_ast(ast.parse(code))
                       ^^^^^^^^^^^^^^^
  File "/usr/lib/python3.12/ast.py", line 52, in parse
    return compile(source, filename, mode, flags,
           ^^^^^^^^^^^^^^^^^^^^^^^^^^^^^^^^^^^^^^
  File "<unknown>", line 8
    		print(qb)
    ^
TabError: inconsistent use of tabs and spaces in indentation
2025-08-18 19:43:23,330 cblogger [ERROR]: 		Error while extracting code complexity metrics: '(' was never closed (<unknown>, line 4)
Traceback (most recent call last):
  File "/root/QuestionInsight/Etapa_1/codebench-mining-tool/util.py", line 551, in extract_complexity_metrics
    v = ComplexityVisitor.from_code(code)
        ^^^^^^^^^^^^^^^^^^^^^^^^^^^^^^^^^
  File "/root/QuestionInsight/.venv/lib/python3.12/site-packages/radon/visitors.py", line 133, in from_code
    return cls.from_ast(code2ast(code), **kwargs)
                        ^^^^^^^^^^^^^^
  File "/root/QuestionInsight/.venv/lib/python3.12/site-packages/radon/visitors.py", line 48, in code2ast
    return ast.parse(source)
           ^^^^^^^^^^^^^^^^^
  File "/usr/lib/python3.12/ast.py", line 52, in parse
    return compile(source, filename, mode, flags,
           ^^^^^^^^^^^^^^^^^^^^^^^^^^^^^^^^^^^^^^
  File "<unknown>", line 4
    y=float((3*(math.sqrt3*(b**2))/2)
           ^
SyntaxError: '(' was never closed
2025-08-18 19:43:23,331 cblogger [ERROR]: 		Error while extracting code size based metrics: SyntaxError at line: 4
Traceback (most recent call last):
  File "/root/QuestionInsight/.venv/lib/python3.12/site-packages/radon/raw.py", line 210, in analyze
    tokens, parsed_lines = _get_all_tokens(line, lines)
                           ^^^^^^^^^^^^^^^^^^^^^^^^^^^^
  File "/root/QuestionInsight/.venv/lib/python3.12/site-packages/radon/raw.py", line 117, in _get_all_tokens
    next_line = next(lines)
                ^^^^^^^^^^^
StopIteration

During handling of the above exception, another exception occurred:

Traceback (most recent call last):
  File "/root/QuestionInsight/Etapa_1/codebench-mining-tool/util.py", line 560, in extract_size_metrics
    a = analyze(code)
        ^^^^^^^^^^^^^
  File "/root/QuestionInsight/.venv/lib/python3.12/site-packages/radon/raw.py", line 212, in analyze
    raise SyntaxError('SyntaxError at line: {0}'.format(lineno))
SyntaxError: SyntaxError at line: 4
2025-08-18 19:43:23,332 cblogger [ERROR]: 		Error while extracting halsted code metrics: '(' was never closed (<unknown>, line 4)
Traceback (most recent call last):
  File "/root/QuestionInsight/Etapa_1/codebench-mining-tool/util.py", line 569, in extract_halstead_metrics
    h = h_visit(code)
        ^^^^^^^^^^^^^
  File "/root/QuestionInsight/.venv/lib/python3.12/site-packages/radon/metrics.py", line 29, in h_visit
    return h_visit_ast(ast.parse(code))
                       ^^^^^^^^^^^^^^^
  File "/usr/lib/python3.12/ast.py", line 52, in parse
    return compile(source, filename, mode, flags,
           ^^^^^^^^^^^^^^^^^^^^^^^^^^^^^^^^^^^^^^
  File "<unknown>", line 4
    y=float((3*(math.sqrt3*(b**2))/2)
           ^
SyntaxError: '(' was never closed
2025-08-18 19:43:23,364 cblogger [ERROR]: 		Error while extracting code complexity metrics: invalid syntax (<unknown>, line 1)
Traceback (most recent call last):
  File "/root/QuestionInsight/Etapa_1/codebench-mining-tool/util.py", line 551, in extract_complexity_metrics
    v = ComplexityVisitor.from_code(code)
        ^^^^^^^^^^^^^^^^^^^^^^^^^^^^^^^^^
  File "/root/QuestionInsight/.venv/lib/python3.12/site-packages/radon/visitors.py", line 133, in from_code
    return cls.from_ast(code2ast(code), **kwargs)
                        ^^^^^^^^^^^^^^
  File "/root/QuestionInsight/.venv/lib/python3.12/site-packages/radon/visitors.py", line 48, in code2ast
    return ast.parse(source)
           ^^^^^^^^^^^^^^^^^
  File "/usr/lib/python3.12/ast.py", line 52, in parse
    return compile(source, filename, mode, flags,
           ^^^^^^^^^^^^^^^^^^^^^^^^^^^^^^^^^^^^^^
  File "<unknown>", line 1
    x=float(input"Quant. de casca:")
                 ^^^^^^^^^^^^^^^^^^
SyntaxError: invalid syntax
2025-08-18 19:43:23,365 cblogger [ERROR]: 		Error while extracting halsted code metrics: invalid syntax (<unknown>, line 1)
Traceback (most recent call last):
  File "/root/QuestionInsight/Etapa_1/codebench-mining-tool/util.py", line 569, in extract_halstead_metrics
    h = h_visit(code)
        ^^^^^^^^^^^^^
  File "/root/QuestionInsight/.venv/lib/python3.12/site-packages/radon/metrics.py", line 29, in h_visit
    return h_visit_ast(ast.parse(code))
                       ^^^^^^^^^^^^^^^
  File "/usr/lib/python3.12/ast.py", line 52, in parse
    return compile(source, filename, mode, flags,
           ^^^^^^^^^^^^^^^^^^^^^^^^^^^^^^^^^^^^^^
  File "<unknown>", line 1
    x=float(input"Quant. de casca:")
                 ^^^^^^^^^^^^^^^^^^
SyntaxError: invalid syntax
2025-08-18 19:43:23,402 cblogger [ERROR]: 		Error while extracting code complexity metrics: invalid syntax. Perhaps you forgot a comma? (<unknown>, line 18)
Traceback (most recent call last):
  File "/root/QuestionInsight/Etapa_1/codebench-mining-tool/util.py", line 551, in extract_complexity_metrics
    v = ComplexityVisitor.from_code(code)
        ^^^^^^^^^^^^^^^^^^^^^^^^^^^^^^^^^
  File "/root/QuestionInsight/.venv/lib/python3.12/site-packages/radon/visitors.py", line 133, in from_code
    return cls.from_ast(code2ast(code), **kwargs)
                        ^^^^^^^^^^^^^^
  File "/root/QuestionInsight/.venv/lib/python3.12/site-packages/radon/visitors.py", line 48, in code2ast
    return ast.parse(source)
           ^^^^^^^^^^^^^^^^^
  File "/usr/lib/python3.12/ast.py", line 52, in parse
    return compile(source, filename, mode, flags,
           ^^^^^^^^^^^^^^^^^^^^^^^^^^^^^^^^^^^^^^
  File "<unknown>", line 18
    	if (___COMPLETE AQUI___):
    	    ^^^^^^^^^^^^^^^^^^^
SyntaxError: invalid syntax. Perhaps you forgot a comma?
2025-08-18 19:43:23,403 cblogger [ERROR]: 		Error while extracting halsted code metrics: invalid syntax. Perhaps you forgot a comma? (<unknown>, line 18)
Traceback (most recent call last):
  File "/root/QuestionInsight/Etapa_1/codebench-mining-tool/util.py", line 569, in extract_halstead_metrics
    h = h_visit(code)
        ^^^^^^^^^^^^^
  File "/root/QuestionInsight/.venv/lib/python3.12/site-packages/radon/metrics.py", line 29, in h_visit
    return h_visit_ast(ast.parse(code))
                       ^^^^^^^^^^^^^^^
  File "/usr/lib/python3.12/ast.py", line 52, in parse
    return compile(source, filename, mode, flags,
           ^^^^^^^^^^^^^^^^^^^^^^^^^^^^^^^^^^^^^^
  File "<unknown>", line 18
    	if (___COMPLETE AQUI___):
    	    ^^^^^^^^^^^^^^^^^^^
SyntaxError: invalid syntax. Perhaps you forgot a comma?
2025-08-18 19:43:23,408 cblogger [ERROR]: 		Error while extracting code complexity metrics: cannot assign to function call (<unknown>, line 1)
Traceback (most recent call last):
  File "/root/QuestionInsight/Etapa_1/codebench-mining-tool/util.py", line 551, in extract_complexity_metrics
    v = ComplexityVisitor.from_code(code)
        ^^^^^^^^^^^^^^^^^^^^^^^^^^^^^^^^^
  File "/root/QuestionInsight/.venv/lib/python3.12/site-packages/radon/visitors.py", line 133, in from_code
    return cls.from_ast(code2ast(code), **kwargs)
                        ^^^^^^^^^^^^^^
  File "/root/QuestionInsight/.venv/lib/python3.12/site-packages/radon/visitors.py", line 48, in code2ast
    return ast.parse(source)
           ^^^^^^^^^^^^^^^^^
  File "/usr/lib/python3.12/ast.py", line 52, in parse
    return compile(source, filename, mode, flags,
           ^^^^^^^^^^^^^^^^^^^^^^^^^^^^^^^^^^^^^^
  File "<unknown>", line 1
    Aameul("valor sorteado")=
    ^^^^^^^^^^^^^^^^^^^^^^^^
SyntaxError: cannot assign to function call
2025-08-18 19:43:23,410 cblogger [ERROR]: 		Error while extracting halsted code metrics: cannot assign to function call (<unknown>, line 1)
Traceback (most recent call last):
  File "/root/QuestionInsight/Etapa_1/codebench-mining-tool/util.py", line 569, in extract_halstead_metrics
    h = h_visit(code)
        ^^^^^^^^^^^^^
  File "/root/QuestionInsight/.venv/lib/python3.12/site-packages/radon/metrics.py", line 29, in h_visit
    return h_visit_ast(ast.parse(code))
                       ^^^^^^^^^^^^^^^
  File "/usr/lib/python3.12/ast.py", line 52, in parse
    return compile(source, filename, mode, flags,
           ^^^^^^^^^^^^^^^^^^^^^^^^^^^^^^^^^^^^^^
  File "<unknown>", line 1
    Aameul("valor sorteado")=
    ^^^^^^^^^^^^^^^^^^^^^^^^
SyntaxError: cannot assign to function call
2025-08-18 19:43:23,558 cblogger [ERROR]: 		Error while extracting code complexity metrics: invalid syntax (<unknown>, line 4)
Traceback (most recent call last):
  File "/root/QuestionInsight/Etapa_1/codebench-mining-tool/util.py", line 551, in extract_complexity_metrics
    v = ComplexityVisitor.from_code(code)
        ^^^^^^^^^^^^^^^^^^^^^^^^^^^^^^^^^
  File "/root/QuestionInsight/.venv/lib/python3.12/site-packages/radon/visitors.py", line 133, in from_code
    return cls.from_ast(code2ast(code), **kwargs)
                        ^^^^^^^^^^^^^^
  File "/root/QuestionInsight/.venv/lib/python3.12/site-packages/radon/visitors.py", line 48, in code2ast
    return ast.parse(source)
           ^^^^^^^^^^^^^^^^^
  File "/usr/lib/python3.12/ast.py", line 52, in parse
    return compile(source, filename, mode, flags,
           ^^^^^^^^^^^^^^^^^^^^^^^^^^^^^^^^^^^^^^
  File "<unknown>", line 4
    velocidade inicial = (b**2*sen*(2*a)/g)
               ^^^^^^^
SyntaxError: invalid syntax
2025-08-18 19:43:23,558 cblogger [ERROR]: 		Error while extracting halsted code metrics: invalid syntax (<unknown>, line 4)
Traceback (most recent call last):
  File "/root/QuestionInsight/Etapa_1/codebench-mining-tool/util.py", line 569, in extract_halstead_metrics
    h = h_visit(code)
        ^^^^^^^^^^^^^
  File "/root/QuestionInsight/.venv/lib/python3.12/site-packages/radon/metrics.py", line 29, in h_visit
    return h_visit_ast(ast.parse(code))
                       ^^^^^^^^^^^^^^^
  File "/usr/lib/python3.12/ast.py", line 52, in parse
    return compile(source, filename, mode, flags,
           ^^^^^^^^^^^^^^^^^^^^^^^^^^^^^^^^^^^^^^
  File "<unknown>", line 4
    velocidade inicial = (b**2*sen*(2*a)/g)
               ^^^^^^^
SyntaxError: invalid syntax
2025-08-18 19:43:23,601 cblogger [ERROR]: 		Error while extracting code complexity metrics: expected ':' (<unknown>, line 6)
Traceback (most recent call last):
  File "/root/QuestionInsight/Etapa_1/codebench-mining-tool/util.py", line 551, in extract_complexity_metrics
    v = ComplexityVisitor.from_code(code)
        ^^^^^^^^^^^^^^^^^^^^^^^^^^^^^^^^^
  File "/root/QuestionInsight/.venv/lib/python3.12/site-packages/radon/visitors.py", line 133, in from_code
    return cls.from_ast(code2ast(code), **kwargs)
                        ^^^^^^^^^^^^^^
  File "/root/QuestionInsight/.venv/lib/python3.12/site-packages/radon/visitors.py", line 48, in code2ast
    return ast.parse(source)
           ^^^^^^^^^^^^^^^^^
  File "/usr/lib/python3.12/ast.py", line 52, in parse
    return compile(source, filename, mode, flags,
           ^^^^^^^^^^^^^^^^^^^^^^^^^^^^^^^^^^^^^^
  File "<unknown>", line 6
    if(P == 3)
              ^
SyntaxError: expected ':'
2025-08-18 19:43:23,602 cblogger [ERROR]: 		Error while extracting halsted code metrics: expected ':' (<unknown>, line 6)
Traceback (most recent call last):
  File "/root/QuestionInsight/Etapa_1/codebench-mining-tool/util.py", line 569, in extract_halstead_metrics
    h = h_visit(code)
        ^^^^^^^^^^^^^
  File "/root/QuestionInsight/.venv/lib/python3.12/site-packages/radon/metrics.py", line 29, in h_visit
    return h_visit_ast(ast.parse(code))
                       ^^^^^^^^^^^^^^^
  File "/usr/lib/python3.12/ast.py", line 52, in parse
    return compile(source, filename, mode, flags,
           ^^^^^^^^^^^^^^^^^^^^^^^^^^^^^^^^^^^^^^
  File "<unknown>", line 6
    if(P == 3)
              ^
SyntaxError: expected ':'
2025-08-18 19:43:23,914 cblogger [ERROR]: 		Error while extracting code complexity metrics: expected an indented block after 'while' statement on line 5 (<unknown>, line 6)
Traceback (most recent call last):
  File "/root/QuestionInsight/Etapa_1/codebench-mining-tool/util.py", line 551, in extract_complexity_metrics
    v = ComplexityVisitor.from_code(code)
        ^^^^^^^^^^^^^^^^^^^^^^^^^^^^^^^^^
  File "/root/QuestionInsight/.venv/lib/python3.12/site-packages/radon/visitors.py", line 133, in from_code
    return cls.from_ast(code2ast(code), **kwargs)
                        ^^^^^^^^^^^^^^
  File "/root/QuestionInsight/.venv/lib/python3.12/site-packages/radon/visitors.py", line 48, in code2ast
    return ast.parse(source)
           ^^^^^^^^^^^^^^^^^
  File "/usr/lib/python3.12/ast.py", line 52, in parse
    return compile(source, filename, mode, flags,
           ^^^^^^^^^^^^^^^^^^^^^^^^^^^^^^^^^^^^^^
  File "<unknown>", line 6
    if tipomagia[i] == 'GELO':
    ^^
IndentationError: expected an indented block after 'while' statement on line 5
2025-08-18 19:43:23,915 cblogger [ERROR]: 		Error while extracting halsted code metrics: expected an indented block after 'while' statement on line 5 (<unknown>, line 6)
Traceback (most recent call last):
  File "/root/QuestionInsight/Etapa_1/codebench-mining-tool/util.py", line 569, in extract_halstead_metrics
    h = h_visit(code)
        ^^^^^^^^^^^^^
  File "/root/QuestionInsight/.venv/lib/python3.12/site-packages/radon/metrics.py", line 29, in h_visit
    return h_visit_ast(ast.parse(code))
                       ^^^^^^^^^^^^^^^
  File "/usr/lib/python3.12/ast.py", line 52, in parse
    return compile(source, filename, mode, flags,
           ^^^^^^^^^^^^^^^^^^^^^^^^^^^^^^^^^^^^^^
  File "<unknown>", line 6
    if tipomagia[i] == 'GELO':
    ^^
IndentationError: expected an indented block after 'while' statement on line 5
2025-08-18 19:43:23,974 cblogger [ERROR]: 		Error while extracting code complexity metrics: '(' was never closed (<unknown>, line 2)
Traceback (most recent call last):
  File "/root/QuestionInsight/Etapa_1/codebench-mining-tool/util.py", line 551, in extract_complexity_metrics
    v = ComplexityVisitor.from_code(code)
        ^^^^^^^^^^^^^^^^^^^^^^^^^^^^^^^^^
  File "/root/QuestionInsight/.venv/lib/python3.12/site-packages/radon/visitors.py", line 133, in from_code
    return cls.from_ast(code2ast(code), **kwargs)
                        ^^^^^^^^^^^^^^
  File "/root/QuestionInsight/.venv/lib/python3.12/site-packages/radon/visitors.py", line 48, in code2ast
    return ast.parse(source)
           ^^^^^^^^^^^^^^^^^
  File "/usr/lib/python3.12/ast.py", line 52, in parse
    return compile(source, filename, mode, flags,
           ^^^^^^^^^^^^^^^^^^^^^^^^^^^^^^^^^^^^^^
  File "<unknown>", line 2
    vetor= (input("digite as cidades:").upper
           ^
SyntaxError: '(' was never closed
2025-08-18 19:43:23,974 cblogger [ERROR]: 		Error while extracting code size based metrics: SyntaxError at line: 2
Traceback (most recent call last):
  File "/root/QuestionInsight/.venv/lib/python3.12/site-packages/radon/raw.py", line 210, in analyze
    tokens, parsed_lines = _get_all_tokens(line, lines)
                           ^^^^^^^^^^^^^^^^^^^^^^^^^^^^
  File "/root/QuestionInsight/.venv/lib/python3.12/site-packages/radon/raw.py", line 117, in _get_all_tokens
    next_line = next(lines)
                ^^^^^^^^^^^
StopIteration

During handling of the above exception, another exception occurred:

Traceback (most recent call last):
  File "/root/QuestionInsight/Etapa_1/codebench-mining-tool/util.py", line 560, in extract_size_metrics
    a = analyze(code)
        ^^^^^^^^^^^^^
  File "/root/QuestionInsight/.venv/lib/python3.12/site-packages/radon/raw.py", line 212, in analyze
    raise SyntaxError('SyntaxError at line: {0}'.format(lineno))
SyntaxError: SyntaxError at line: 2
2025-08-18 19:43:23,975 cblogger [ERROR]: 		Error while extracting halsted code metrics: '(' was never closed (<unknown>, line 2)
Traceback (most recent call last):
  File "/root/QuestionInsight/Etapa_1/codebench-mining-tool/util.py", line 569, in extract_halstead_metrics
    h = h_visit(code)
        ^^^^^^^^^^^^^
  File "/root/QuestionInsight/.venv/lib/python3.12/site-packages/radon/metrics.py", line 29, in h_visit
    return h_visit_ast(ast.parse(code))
                       ^^^^^^^^^^^^^^^
  File "/usr/lib/python3.12/ast.py", line 52, in parse
    return compile(source, filename, mode, flags,
           ^^^^^^^^^^^^^^^^^^^^^^^^^^^^^^^^^^^^^^
  File "<unknown>", line 2
    vetor= (input("digite as cidades:").upper
           ^
SyntaxError: '(' was never closed
2025-08-18 19:43:24,036 cblogger [ERROR]: 		Error while extracting code complexity metrics: '(' was never closed (<unknown>, line 3)
Traceback (most recent call last):
  File "/root/QuestionInsight/Etapa_1/codebench-mining-tool/util.py", line 551, in extract_complexity_metrics
    v = ComplexityVisitor.from_code(code)
        ^^^^^^^^^^^^^^^^^^^^^^^^^^^^^^^^^
  File "/root/QuestionInsight/.venv/lib/python3.12/site-packages/radon/visitors.py", line 133, in from_code
    return cls.from_ast(code2ast(code), **kwargs)
                        ^^^^^^^^^^^^^^
  File "/root/QuestionInsight/.venv/lib/python3.12/site-packages/radon/visitors.py", line 48, in code2ast
    return ast.parse(source)
           ^^^^^^^^^^^^^^^^^
  File "/usr/lib/python3.12/ast.py", line 52, in parse
    return compile(source, filename, mode, flags,
           ^^^^^^^^^^^^^^^^^^^^^^^^^^^^^^^^^^^^^^
  File "<unknown>", line 3
    danos= zeros(len(vetor,dtype=int)
                ^
SyntaxError: '(' was never closed
2025-08-18 19:43:24,037 cblogger [ERROR]: 		Error while extracting code size based metrics: SyntaxError at line: 3
Traceback (most recent call last):
  File "/root/QuestionInsight/.venv/lib/python3.12/site-packages/radon/raw.py", line 210, in analyze
    tokens, parsed_lines = _get_all_tokens(line, lines)
                           ^^^^^^^^^^^^^^^^^^^^^^^^^^^^
  File "/root/QuestionInsight/.venv/lib/python3.12/site-packages/radon/raw.py", line 117, in _get_all_tokens
    next_line = next(lines)
                ^^^^^^^^^^^
StopIteration

During handling of the above exception, another exception occurred:

Traceback (most recent call last):
  File "/root/QuestionInsight/Etapa_1/codebench-mining-tool/util.py", line 560, in extract_size_metrics
    a = analyze(code)
        ^^^^^^^^^^^^^
  File "/root/QuestionInsight/.venv/lib/python3.12/site-packages/radon/raw.py", line 212, in analyze
    raise SyntaxError('SyntaxError at line: {0}'.format(lineno))
SyntaxError: SyntaxError at line: 3
2025-08-18 19:43:24,039 cblogger [ERROR]: 		Error while extracting halsted code metrics: '(' was never closed (<unknown>, line 3)
Traceback (most recent call last):
  File "/root/QuestionInsight/Etapa_1/codebench-mining-tool/util.py", line 569, in extract_halstead_metrics
    h = h_visit(code)
        ^^^^^^^^^^^^^
  File "/root/QuestionInsight/.venv/lib/python3.12/site-packages/radon/metrics.py", line 29, in h_visit
    return h_visit_ast(ast.parse(code))
                       ^^^^^^^^^^^^^^^
  File "/usr/lib/python3.12/ast.py", line 52, in parse
    return compile(source, filename, mode, flags,
           ^^^^^^^^^^^^^^^^^^^^^^^^^^^^^^^^^^^^^^
  File "<unknown>", line 3
    danos= zeros(len(vetor,dtype=int)
                ^
SyntaxError: '(' was never closed
2025-08-18 19:43:24,059 cblogger [ERROR]: 		Error while extracting code complexity metrics: expected an indented block after 'for' statement on line 3 (<unknown>, line 5)
Traceback (most recent call last):
  File "/root/QuestionInsight/Etapa_1/codebench-mining-tool/util.py", line 551, in extract_complexity_metrics
    v = ComplexityVisitor.from_code(code)
        ^^^^^^^^^^^^^^^^^^^^^^^^^^^^^^^^^
  File "/root/QuestionInsight/.venv/lib/python3.12/site-packages/radon/visitors.py", line 133, in from_code
    return cls.from_ast(code2ast(code), **kwargs)
                        ^^^^^^^^^^^^^^
  File "/root/QuestionInsight/.venv/lib/python3.12/site-packages/radon/visitors.py", line 48, in code2ast
    return ast.parse(source)
           ^^^^^^^^^^^^^^^^^
  File "/usr/lib/python3.12/ast.py", line 52, in parse
    return compile(source, filename, mode, flags,
           ^^^^^^^^^^^^^^^^^^^^^^^^^^^^^^^^^^^^^^
  File "<unknown>", line 5
    vetor = zeros(linha, dtype=float)
    ^^^^^
IndentationError: expected an indented block after 'for' statement on line 3
2025-08-18 19:43:24,060 cblogger [ERROR]: 		Error while extracting halsted code metrics: expected an indented block after 'for' statement on line 3 (<unknown>, line 5)
Traceback (most recent call last):
  File "/root/QuestionInsight/Etapa_1/codebench-mining-tool/util.py", line 569, in extract_halstead_metrics
    h = h_visit(code)
        ^^^^^^^^^^^^^
  File "/root/QuestionInsight/.venv/lib/python3.12/site-packages/radon/metrics.py", line 29, in h_visit
    return h_visit_ast(ast.parse(code))
                       ^^^^^^^^^^^^^^^
  File "/usr/lib/python3.12/ast.py", line 52, in parse
    return compile(source, filename, mode, flags,
           ^^^^^^^^^^^^^^^^^^^^^^^^^^^^^^^^^^^^^^
  File "<unknown>", line 5
    vetor = zeros(linha, dtype=float)
    ^^^^^
IndentationError: expected an indented block after 'for' statement on line 3
2025-08-18 19:43:24,212 cblogger [ERROR]: 		Error while extracting code complexity metrics: unterminated string literal (detected at line 1) (<unknown>, line 1)
Traceback (most recent call last):
  File "/root/QuestionInsight/Etapa_1/codebench-mining-tool/util.py", line 551, in extract_complexity_metrics
    v = ComplexityVisitor.from_code(code)
        ^^^^^^^^^^^^^^^^^^^^^^^^^^^^^^^^^
  File "/root/QuestionInsight/.venv/lib/python3.12/site-packages/radon/visitors.py", line 133, in from_code
    return cls.from_ast(code2ast(code), **kwargs)
                        ^^^^^^^^^^^^^^
  File "/root/QuestionInsight/.venv/lib/python3.12/site-packages/radon/visitors.py", line 48, in code2ast
    return ast.parse(source)
           ^^^^^^^^^^^^^^^^^
  File "/usr/lib/python3.12/ast.py", line 52, in parse
    return compile(source, filename, mode, flags,
           ^^^^^^^^^^^^^^^^^^^^^^^^^^^^^^^^^^^^^^
  File "<unknown>", line 1
    print("A UFAM tem", 2016 - 1909 , "anos de fundacao.)
                                      ^
SyntaxError: unterminated string literal (detected at line 1)
2025-08-18 19:43:24,212 cblogger [ERROR]: 		Error while extracting code size based metrics: SyntaxError at line: 1
Traceback (most recent call last):
  File "/root/QuestionInsight/.venv/lib/python3.12/site-packages/radon/raw.py", line 210, in analyze
    tokens, parsed_lines = _get_all_tokens(line, lines)
                           ^^^^^^^^^^^^^^^^^^^^^^^^^^^^
  File "/root/QuestionInsight/.venv/lib/python3.12/site-packages/radon/raw.py", line 117, in _get_all_tokens
    next_line = next(lines)
                ^^^^^^^^^^^
StopIteration

During handling of the above exception, another exception occurred:

Traceback (most recent call last):
  File "/root/QuestionInsight/Etapa_1/codebench-mining-tool/util.py", line 560, in extract_size_metrics
    a = analyze(code)
        ^^^^^^^^^^^^^
  File "/root/QuestionInsight/.venv/lib/python3.12/site-packages/radon/raw.py", line 212, in analyze
    raise SyntaxError('SyntaxError at line: {0}'.format(lineno))
SyntaxError: SyntaxError at line: 1
2025-08-18 19:43:24,213 cblogger [ERROR]: 		Error while extracting halsted code metrics: unterminated string literal (detected at line 1) (<unknown>, line 1)
Traceback (most recent call last):
  File "/root/QuestionInsight/Etapa_1/codebench-mining-tool/util.py", line 569, in extract_halstead_metrics
    h = h_visit(code)
        ^^^^^^^^^^^^^
  File "/root/QuestionInsight/.venv/lib/python3.12/site-packages/radon/metrics.py", line 29, in h_visit
    return h_visit_ast(ast.parse(code))
                       ^^^^^^^^^^^^^^^
  File "/usr/lib/python3.12/ast.py", line 52, in parse
    return compile(source, filename, mode, flags,
           ^^^^^^^^^^^^^^^^^^^^^^^^^^^^^^^^^^^^^^
  File "<unknown>", line 1
    print("A UFAM tem", 2016 - 1909 , "anos de fundacao.)
                                      ^
SyntaxError: unterminated string literal (detected at line 1)
2025-08-18 19:43:24,253 cblogger [ERROR]: 		Error while extracting code complexity metrics: '(' was never closed (<unknown>, line 5)
Traceback (most recent call last):
  File "/root/QuestionInsight/Etapa_1/codebench-mining-tool/util.py", line 551, in extract_complexity_metrics
    v = ComplexityVisitor.from_code(code)
        ^^^^^^^^^^^^^^^^^^^^^^^^^^^^^^^^^
  File "/root/QuestionInsight/.venv/lib/python3.12/site-packages/radon/visitors.py", line 133, in from_code
    return cls.from_ast(code2ast(code), **kwargs)
                        ^^^^^^^^^^^^^^
  File "/root/QuestionInsight/.venv/lib/python3.12/site-packages/radon/visitors.py", line 48, in code2ast
    return ast.parse(source)
           ^^^^^^^^^^^^^^^^^
  File "/usr/lib/python3.12/ast.py", line 52, in parse
    return compile(source, filename, mode, flags,
           ^^^^^^^^^^^^^^^^^^^^^^^^^^^^^^^^^^^^^^
  File "<unknown>", line 5
    print(float
         ^
SyntaxError: '(' was never closed
2025-08-18 19:43:24,254 cblogger [ERROR]: 		Error while extracting code size based metrics: SyntaxError at line: 5
Traceback (most recent call last):
  File "/root/QuestionInsight/.venv/lib/python3.12/site-packages/radon/raw.py", line 210, in analyze
    tokens, parsed_lines = _get_all_tokens(line, lines)
                           ^^^^^^^^^^^^^^^^^^^^^^^^^^^^
  File "/root/QuestionInsight/.venv/lib/python3.12/site-packages/radon/raw.py", line 117, in _get_all_tokens
    next_line = next(lines)
                ^^^^^^^^^^^
StopIteration

During handling of the above exception, another exception occurred:

Traceback (most recent call last):
  File "/root/QuestionInsight/Etapa_1/codebench-mining-tool/util.py", line 560, in extract_size_metrics
    a = analyze(code)
        ^^^^^^^^^^^^^
  File "/root/QuestionInsight/.venv/lib/python3.12/site-packages/radon/raw.py", line 212, in analyze
    raise SyntaxError('SyntaxError at line: {0}'.format(lineno))
SyntaxError: SyntaxError at line: 5
2025-08-18 19:43:24,254 cblogger [ERROR]: 		Error while extracting halsted code metrics: '(' was never closed (<unknown>, line 5)
Traceback (most recent call last):
  File "/root/QuestionInsight/Etapa_1/codebench-mining-tool/util.py", line 569, in extract_halstead_metrics
    h = h_visit(code)
        ^^^^^^^^^^^^^
  File "/root/QuestionInsight/.venv/lib/python3.12/site-packages/radon/metrics.py", line 29, in h_visit
    return h_visit_ast(ast.parse(code))
                       ^^^^^^^^^^^^^^^
  File "/usr/lib/python3.12/ast.py", line 52, in parse
    return compile(source, filename, mode, flags,
           ^^^^^^^^^^^^^^^^^^^^^^^^^^^^^^^^^^^^^^
  File "<unknown>", line 5
    print(float
         ^
SyntaxError: '(' was never closed
2025-08-18 19:43:24,258 cblogger [ERROR]: 		Error while extracting code complexity metrics: invalid syntax (<unknown>, line 1)
Traceback (most recent call last):
  File "/root/QuestionInsight/Etapa_1/codebench-mining-tool/util.py", line 551, in extract_complexity_metrics
    v = ComplexityVisitor.from_code(code)
        ^^^^^^^^^^^^^^^^^^^^^^^^^^^^^^^^^
  File "/root/QuestionInsight/.venv/lib/python3.12/site-packages/radon/visitors.py", line 133, in from_code
    return cls.from_ast(code2ast(code), **kwargs)
                        ^^^^^^^^^^^^^^
  File "/root/QuestionInsight/.venv/lib/python3.12/site-packages/radon/visitors.py", line 48, in code2ast
    return ast.parse(source)
           ^^^^^^^^^^^^^^^^^
  File "/usr/lib/python3.12/ast.py", line 52, in parse
    return compile(source, filename, mode, flags,
           ^^^^^^^^^^^^^^^^^^^^^^^^^^^^^^^^^^^^^^
  File "<unknown>", line 1
    area = 
           ^
SyntaxError: invalid syntax
2025-08-18 19:43:24,259 cblogger [ERROR]: 		Error while extracting halsted code metrics: invalid syntax (<unknown>, line 1)
Traceback (most recent call last):
  File "/root/QuestionInsight/Etapa_1/codebench-mining-tool/util.py", line 569, in extract_halstead_metrics
    h = h_visit(code)
        ^^^^^^^^^^^^^
  File "/root/QuestionInsight/.venv/lib/python3.12/site-packages/radon/metrics.py", line 29, in h_visit
    return h_visit_ast(ast.parse(code))
                       ^^^^^^^^^^^^^^^
  File "/usr/lib/python3.12/ast.py", line 52, in parse
    return compile(source, filename, mode, flags,
           ^^^^^^^^^^^^^^^^^^^^^^^^^^^^^^^^^^^^^^
  File "<unknown>", line 1
    area = 
           ^
SyntaxError: invalid syntax
2025-08-18 19:43:24,313 cblogger [ERROR]: 		Error while extracting code complexity metrics: unexpected indent (<unknown>, line 54)
Traceback (most recent call last):
  File "/root/QuestionInsight/Etapa_1/codebench-mining-tool/util.py", line 551, in extract_complexity_metrics
    v = ComplexityVisitor.from_code(code)
        ^^^^^^^^^^^^^^^^^^^^^^^^^^^^^^^^^
  File "/root/QuestionInsight/.venv/lib/python3.12/site-packages/radon/visitors.py", line 133, in from_code
    return cls.from_ast(code2ast(code), **kwargs)
                        ^^^^^^^^^^^^^^
  File "/root/QuestionInsight/.venv/lib/python3.12/site-packages/radon/visitors.py", line 48, in code2ast
    return ast.parse(source)
           ^^^^^^^^^^^^^^^^^
  File "/usr/lib/python3.12/ast.py", line 52, in parse
    return compile(source, filename, mode, flags,
           ^^^^^^^^^^^^^^^^^^^^^^^^^^^^^^^^^^^^^^
  File "<unknown>", line 54
    Console
IndentationError: unexpected indent
2025-08-18 19:43:24,315 cblogger [ERROR]: 		Error while extracting halsted code metrics: unexpected indent (<unknown>, line 54)
Traceback (most recent call last):
  File "/root/QuestionInsight/Etapa_1/codebench-mining-tool/util.py", line 569, in extract_halstead_metrics
    h = h_visit(code)
        ^^^^^^^^^^^^^
  File "/root/QuestionInsight/.venv/lib/python3.12/site-packages/radon/metrics.py", line 29, in h_visit
    return h_visit_ast(ast.parse(code))
                       ^^^^^^^^^^^^^^^
  File "/usr/lib/python3.12/ast.py", line 52, in parse
    return compile(source, filename, mode, flags,
           ^^^^^^^^^^^^^^^^^^^^^^^^^^^^^^^^^^^^^^
  File "<unknown>", line 54
    Console
IndentationError: unexpected indent
2025-08-18 19:43:24,341 cblogger [ERROR]: 		Error while extracting code complexity metrics: invalid syntax (<unknown>, line 10)
Traceback (most recent call last):
  File "/root/QuestionInsight/Etapa_1/codebench-mining-tool/util.py", line 551, in extract_complexity_metrics
    v = ComplexityVisitor.from_code(code)
        ^^^^^^^^^^^^^^^^^^^^^^^^^^^^^^^^^
  File "/root/QuestionInsight/.venv/lib/python3.12/site-packages/radon/visitors.py", line 133, in from_code
    return cls.from_ast(code2ast(code), **kwargs)
                        ^^^^^^^^^^^^^^
  File "/root/QuestionInsight/.venv/lib/python3.12/site-packages/radon/visitors.py", line 48, in code2ast
    return ast.parse(source)
           ^^^^^^^^^^^^^^^^^
  File "/usr/lib/python3.12/ast.py", line 52, in parse
    return compile(source, filename, mode, flags,
           ^^^^^^^^^^^^^^^^^^^^^^^^^^^^^^^^^^^^^^
  File "<unknown>", line 10
    d= rt * 
            ^
SyntaxError: invalid syntax
2025-08-18 19:43:24,341 cblogger [ERROR]: 		Error while extracting code size based metrics: SyntaxError at line: 11
Traceback (most recent call last):
  File "/root/QuestionInsight/.venv/lib/python3.12/site-packages/radon/raw.py", line 210, in analyze
    tokens, parsed_lines = _get_all_tokens(line, lines)
                           ^^^^^^^^^^^^^^^^^^^^^^^^^^^^
  File "/root/QuestionInsight/.venv/lib/python3.12/site-packages/radon/raw.py", line 117, in _get_all_tokens
    next_line = next(lines)
                ^^^^^^^^^^^
StopIteration

During handling of the above exception, another exception occurred:

Traceback (most recent call last):
  File "/root/QuestionInsight/Etapa_1/codebench-mining-tool/util.py", line 560, in extract_size_metrics
    a = analyze(code)
        ^^^^^^^^^^^^^
  File "/root/QuestionInsight/.venv/lib/python3.12/site-packages/radon/raw.py", line 212, in analyze
    raise SyntaxError('SyntaxError at line: {0}'.format(lineno))
SyntaxError: SyntaxError at line: 11
2025-08-18 19:43:24,343 cblogger [ERROR]: 		Error while extracting halsted code metrics: invalid syntax (<unknown>, line 10)
Traceback (most recent call last):
  File "/root/QuestionInsight/Etapa_1/codebench-mining-tool/util.py", line 569, in extract_halstead_metrics
    h = h_visit(code)
        ^^^^^^^^^^^^^
  File "/root/QuestionInsight/.venv/lib/python3.12/site-packages/radon/metrics.py", line 29, in h_visit
    return h_visit_ast(ast.parse(code))
                       ^^^^^^^^^^^^^^^
  File "/usr/lib/python3.12/ast.py", line 52, in parse
    return compile(source, filename, mode, flags,
           ^^^^^^^^^^^^^^^^^^^^^^^^^^^^^^^^^^^^^^
  File "<unknown>", line 10
    d= rt * 
            ^
SyntaxError: invalid syntax
2025-08-18 19:43:24,372 cblogger [ERROR]: 		Error while extracting code complexity metrics: expected an indented block after 'while' statement on line 5 (<unknown>, line 6)
Traceback (most recent call last):
  File "/root/QuestionInsight/Etapa_1/codebench-mining-tool/util.py", line 551, in extract_complexity_metrics
    v = ComplexityVisitor.from_code(code)
        ^^^^^^^^^^^^^^^^^^^^^^^^^^^^^^^^^
  File "/root/QuestionInsight/.venv/lib/python3.12/site-packages/radon/visitors.py", line 133, in from_code
    return cls.from_ast(code2ast(code), **kwargs)
                        ^^^^^^^^^^^^^^
  File "/root/QuestionInsight/.venv/lib/python3.12/site-packages/radon/visitors.py", line 48, in code2ast
    return ast.parse(source)
           ^^^^^^^^^^^^^^^^^
  File "/usr/lib/python3.12/ast.py", line 52, in parse
    return compile(source, filename, mode, flags,
           ^^^^^^^^^^^^^^^^^^^^^^^^^^^^^^^^^^^^^^
  File "<unknown>", line 6
    	
    	^
IndentationError: expected an indented block after 'while' statement on line 5
2025-08-18 19:43:24,373 cblogger [ERROR]: 		Error while extracting halsted code metrics: expected an indented block after 'while' statement on line 5 (<unknown>, line 6)
Traceback (most recent call last):
  File "/root/QuestionInsight/Etapa_1/codebench-mining-tool/util.py", line 569, in extract_halstead_metrics
    h = h_visit(code)
        ^^^^^^^^^^^^^
  File "/root/QuestionInsight/.venv/lib/python3.12/site-packages/radon/metrics.py", line 29, in h_visit
    return h_visit_ast(ast.parse(code))
                       ^^^^^^^^^^^^^^^
  File "/usr/lib/python3.12/ast.py", line 52, in parse
    return compile(source, filename, mode, flags,
           ^^^^^^^^^^^^^^^^^^^^^^^^^^^^^^^^^^^^^^
  File "<unknown>", line 6
    	
    	^
IndentationError: expected an indented block after 'while' statement on line 5
2025-08-18 19:43:24,454 cblogger [ERROR]: 		Error while extracting code complexity metrics: invalid syntax (<unknown>, line 15)
Traceback (most recent call last):
  File "/root/QuestionInsight/Etapa_1/codebench-mining-tool/util.py", line 551, in extract_complexity_metrics
    v = ComplexityVisitor.from_code(code)
        ^^^^^^^^^^^^^^^^^^^^^^^^^^^^^^^^^
  File "/root/QuestionInsight/.venv/lib/python3.12/site-packages/radon/visitors.py", line 133, in from_code
    return cls.from_ast(code2ast(code), **kwargs)
                        ^^^^^^^^^^^^^^
  File "/root/QuestionInsight/.venv/lib/python3.12/site-packages/radon/visitors.py", line 48, in code2ast
    return ast.parse(source)
           ^^^^^^^^^^^^^^^^^
  File "/usr/lib/python3.12/ast.py", line 52, in parse
    return compile(source, filename, mode, flags,
           ^^^^^^^^^^^^^^^^^^^^^^^^^^^^^^^^^^^^^^
  File "<unknown>", line 15
    	tempo -= 
    	         ^
SyntaxError: invalid syntax
2025-08-18 19:43:24,455 cblogger [ERROR]: 		Error while extracting halsted code metrics: invalid syntax (<unknown>, line 15)
Traceback (most recent call last):
  File "/root/QuestionInsight/Etapa_1/codebench-mining-tool/util.py", line 569, in extract_halstead_metrics
    h = h_visit(code)
        ^^^^^^^^^^^^^
  File "/root/QuestionInsight/.venv/lib/python3.12/site-packages/radon/metrics.py", line 29, in h_visit
    return h_visit_ast(ast.parse(code))
                       ^^^^^^^^^^^^^^^
  File "/usr/lib/python3.12/ast.py", line 52, in parse
    return compile(source, filename, mode, flags,
           ^^^^^^^^^^^^^^^^^^^^^^^^^^^^^^^^^^^^^^
  File "<unknown>", line 15
    	tempo -= 
    	         ^
SyntaxError: invalid syntax
2025-08-18 19:43:24,534 cblogger [ERROR]: 		Error while extracting code complexity metrics: invalid syntax (<unknown>, line 2)
Traceback (most recent call last):
  File "/root/QuestionInsight/Etapa_1/codebench-mining-tool/util.py", line 551, in extract_complexity_metrics
    v = ComplexityVisitor.from_code(code)
        ^^^^^^^^^^^^^^^^^^^^^^^^^^^^^^^^^
  File "/root/QuestionInsight/.venv/lib/python3.12/site-packages/radon/visitors.py", line 133, in from_code
    return cls.from_ast(code2ast(code), **kwargs)
                        ^^^^^^^^^^^^^^
  File "/root/QuestionInsight/.venv/lib/python3.12/site-packages/radon/visitors.py", line 48, in code2ast
    return ast.parse(source)
           ^^^^^^^^^^^^^^^^^
  File "/usr/lib/python3.12/ast.py", line 52, in parse
    return compile(source, filename, mode, flags,
           ^^^^^^^^^^^^^^^^^^^^^^^^^^^^^^^^^^^^^^
  File "<unknown>", line 2
    H= float input("Altura total do tanque: ")
             ^^^^^
SyntaxError: invalid syntax
2025-08-18 19:43:24,535 cblogger [ERROR]: 		Error while extracting halsted code metrics: invalid syntax (<unknown>, line 2)
Traceback (most recent call last):
  File "/root/QuestionInsight/Etapa_1/codebench-mining-tool/util.py", line 569, in extract_halstead_metrics
    h = h_visit(code)
        ^^^^^^^^^^^^^
  File "/root/QuestionInsight/.venv/lib/python3.12/site-packages/radon/metrics.py", line 29, in h_visit
    return h_visit_ast(ast.parse(code))
                       ^^^^^^^^^^^^^^^
  File "/usr/lib/python3.12/ast.py", line 52, in parse
    return compile(source, filename, mode, flags,
           ^^^^^^^^^^^^^^^^^^^^^^^^^^^^^^^^^^^^^^
  File "<unknown>", line 2
    H= float input("Altura total do tanque: ")
             ^^^^^
SyntaxError: invalid syntax
2025-08-18 19:43:24,577 cblogger [ERROR]: 		Error while extracting code complexity metrics: invalid character '²' (U+00B2) (<unknown>, line 3)
Traceback (most recent call last):
  File "/root/QuestionInsight/Etapa_1/codebench-mining-tool/util.py", line 551, in extract_complexity_metrics
    v = ComplexityVisitor.from_code(code)
        ^^^^^^^^^^^^^^^^^^^^^^^^^^^^^^^^^
  File "/root/QuestionInsight/.venv/lib/python3.12/site-packages/radon/visitors.py", line 133, in from_code
    return cls.from_ast(code2ast(code), **kwargs)
                        ^^^^^^^^^^^^^^
  File "/root/QuestionInsight/.venv/lib/python3.12/site-packages/radon/visitors.py", line 48, in code2ast
    return ast.parse(source)
           ^^^^^^^^^^^^^^^^^
  File "/usr/lib/python3.12/ast.py", line 52, in parse
    return compile(source, filename, mode, flags,
           ^^^^^^^^^^^^^^^^^^^^^^^^^^^^^^^^^^^^^^
  File "<unknown>", line 3
    valor = Valor Por M²: 150 reais
                       ^
SyntaxError: invalid character '²' (U+00B2)
2025-08-18 19:43:24,578 cblogger [ERROR]: 		Error while extracting halsted code metrics: invalid character '²' (U+00B2) (<unknown>, line 3)
Traceback (most recent call last):
  File "/root/QuestionInsight/Etapa_1/codebench-mining-tool/util.py", line 569, in extract_halstead_metrics
    h = h_visit(code)
        ^^^^^^^^^^^^^
  File "/root/QuestionInsight/.venv/lib/python3.12/site-packages/radon/metrics.py", line 29, in h_visit
    return h_visit_ast(ast.parse(code))
                       ^^^^^^^^^^^^^^^
  File "/usr/lib/python3.12/ast.py", line 52, in parse
    return compile(source, filename, mode, flags,
           ^^^^^^^^^^^^^^^^^^^^^^^^^^^^^^^^^^^^^^
  File "<unknown>", line 3
    valor = Valor Por M²: 150 reais
                       ^
SyntaxError: invalid character '²' (U+00B2)
2025-08-18 19:43:24,627 cblogger [ERROR]: 		Error while extracting code complexity metrics: '(' was never closed (<unknown>, line 1)
Traceback (most recent call last):
  File "/root/QuestionInsight/Etapa_1/codebench-mining-tool/util.py", line 551, in extract_complexity_metrics
    v = ComplexityVisitor.from_code(code)
        ^^^^^^^^^^^^^^^^^^^^^^^^^^^^^^^^^
  File "/root/QuestionInsight/.venv/lib/python3.12/site-packages/radon/visitors.py", line 133, in from_code
    return cls.from_ast(code2ast(code), **kwargs)
                        ^^^^^^^^^^^^^^
  File "/root/QuestionInsight/.venv/lib/python3.12/site-packages/radon/visitors.py", line 48, in code2ast
    return ast.parse(source)
           ^^^^^^^^^^^^^^^^^
  File "/usr/lib/python3.12/ast.py", line 52, in parse
    return compile(source, filename, mode, flags,
           ^^^^^^^^^^^^^^^^^^^^^^^^^^^^^^^^^^^^^^
  File "<unknown>", line 1
    k = float(input("número natural k: ")
             ^
SyntaxError: '(' was never closed
2025-08-18 19:43:24,628 cblogger [ERROR]: 		Error while extracting code size based metrics: SyntaxError at line: 1
Traceback (most recent call last):
  File "/root/QuestionInsight/.venv/lib/python3.12/site-packages/radon/raw.py", line 210, in analyze
    tokens, parsed_lines = _get_all_tokens(line, lines)
                           ^^^^^^^^^^^^^^^^^^^^^^^^^^^^
  File "/root/QuestionInsight/.venv/lib/python3.12/site-packages/radon/raw.py", line 117, in _get_all_tokens
    next_line = next(lines)
                ^^^^^^^^^^^
StopIteration

During handling of the above exception, another exception occurred:

Traceback (most recent call last):
  File "/root/QuestionInsight/Etapa_1/codebench-mining-tool/util.py", line 560, in extract_size_metrics
    a = analyze(code)
        ^^^^^^^^^^^^^
  File "/root/QuestionInsight/.venv/lib/python3.12/site-packages/radon/raw.py", line 212, in analyze
    raise SyntaxError('SyntaxError at line: {0}'.format(lineno))
SyntaxError: SyntaxError at line: 1
2025-08-18 19:43:24,628 cblogger [ERROR]: 		Error while extracting halsted code metrics: '(' was never closed (<unknown>, line 1)
Traceback (most recent call last):
  File "/root/QuestionInsight/Etapa_1/codebench-mining-tool/util.py", line 569, in extract_halstead_metrics
    h = h_visit(code)
        ^^^^^^^^^^^^^
  File "/root/QuestionInsight/.venv/lib/python3.12/site-packages/radon/metrics.py", line 29, in h_visit
    return h_visit_ast(ast.parse(code))
                       ^^^^^^^^^^^^^^^
  File "/usr/lib/python3.12/ast.py", line 52, in parse
    return compile(source, filename, mode, flags,
           ^^^^^^^^^^^^^^^^^^^^^^^^^^^^^^^^^^^^^^
  File "<unknown>", line 1
    k = float(input("número natural k: ")
             ^
SyntaxError: '(' was never closed
2025-08-18 19:43:24,676 cblogger [ERROR]: 		Error while extracting code complexity metrics: cannot assign to expression (<unknown>, line 3)
Traceback (most recent call last):
  File "/root/QuestionInsight/Etapa_1/codebench-mining-tool/util.py", line 551, in extract_complexity_metrics
    v = ComplexityVisitor.from_code(code)
        ^^^^^^^^^^^^^^^^^^^^^^^^^^^^^^^^^
  File "/root/QuestionInsight/.venv/lib/python3.12/site-packages/radon/visitors.py", line 133, in from_code
    return cls.from_ast(code2ast(code), **kwargs)
                        ^^^^^^^^^^^^^^
  File "/root/QuestionInsight/.venv/lib/python3.12/site-packages/radon/visitors.py", line 48, in code2ast
    return ast.parse(source)
           ^^^^^^^^^^^^^^^^^
  File "/usr/lib/python3.12/ast.py", line 52, in parse
    return compile(source, filename, mode, flags,
           ^^^^^^^^^^^^^^^^^^^^^^^^^^^^^^^^^^^^^^
  File "<unknown>", line 3
    reta = 2*x+y = 3
           ^^^^^
SyntaxError: cannot assign to expression
2025-08-18 19:43:24,676 cblogger [ERROR]: 		Error while extracting halsted code metrics: cannot assign to expression (<unknown>, line 3)
Traceback (most recent call last):
  File "/root/QuestionInsight/Etapa_1/codebench-mining-tool/util.py", line 569, in extract_halstead_metrics
    h = h_visit(code)
        ^^^^^^^^^^^^^
  File "/root/QuestionInsight/.venv/lib/python3.12/site-packages/radon/metrics.py", line 29, in h_visit
    return h_visit_ast(ast.parse(code))
                       ^^^^^^^^^^^^^^^
  File "/usr/lib/python3.12/ast.py", line 52, in parse
    return compile(source, filename, mode, flags,
           ^^^^^^^^^^^^^^^^^^^^^^^^^^^^^^^^^^^^^^
  File "<unknown>", line 3
    reta = 2*x+y = 3
           ^^^^^
SyntaxError: cannot assign to expression
2025-08-18 19:43:24,913 cblogger [ERROR]: 		Error while extracting code complexity metrics: invalid syntax (<unknown>, line 11)
Traceback (most recent call last):
  File "/root/QuestionInsight/Etapa_1/codebench-mining-tool/util.py", line 551, in extract_complexity_metrics
    v = ComplexityVisitor.from_code(code)
        ^^^^^^^^^^^^^^^^^^^^^^^^^^^^^^^^^
  File "/root/QuestionInsight/.venv/lib/python3.12/site-packages/radon/visitors.py", line 133, in from_code
    return cls.from_ast(code2ast(code), **kwargs)
                        ^^^^^^^^^^^^^^
  File "/root/QuestionInsight/.venv/lib/python3.12/site-packages/radon/visitors.py", line 48, in code2ast
    return ast.parse(source)
           ^^^^^^^^^^^^^^^^^
  File "/usr/lib/python3.12/ast.py", line 52, in parse
    return compile(source, filename, mode, flags,
           ^^^^^^^^^^^^^^^^^^^^^^^^^^^^^^^^^^^^^^
  File "<unknown>", line 11
    	k = k + 
    	        ^
SyntaxError: invalid syntax
2025-08-18 19:43:24,914 cblogger [ERROR]: 		Error while extracting halsted code metrics: invalid syntax (<unknown>, line 11)
Traceback (most recent call last):
  File "/root/QuestionInsight/Etapa_1/codebench-mining-tool/util.py", line 569, in extract_halstead_metrics
    h = h_visit(code)
        ^^^^^^^^^^^^^
  File "/root/QuestionInsight/.venv/lib/python3.12/site-packages/radon/metrics.py", line 29, in h_visit
    return h_visit_ast(ast.parse(code))
                       ^^^^^^^^^^^^^^^
  File "/usr/lib/python3.12/ast.py", line 52, in parse
    return compile(source, filename, mode, flags,
           ^^^^^^^^^^^^^^^^^^^^^^^^^^^^^^^^^^^^^^
  File "<unknown>", line 11
    	k = k + 
    	        ^
SyntaxError: invalid syntax
2025-08-18 19:43:24,929 cblogger [ERROR]: 		Error while extracting code complexity metrics: expected an indented block after 'if' statement on line 4 (<unknown>, line 5)
Traceback (most recent call last):
  File "/root/QuestionInsight/Etapa_1/codebench-mining-tool/util.py", line 551, in extract_complexity_metrics
    v = ComplexityVisitor.from_code(code)
        ^^^^^^^^^^^^^^^^^^^^^^^^^^^^^^^^^
  File "/root/QuestionInsight/.venv/lib/python3.12/site-packages/radon/visitors.py", line 133, in from_code
    return cls.from_ast(code2ast(code), **kwargs)
                        ^^^^^^^^^^^^^^
  File "/root/QuestionInsight/.venv/lib/python3.12/site-packages/radon/visitors.py", line 48, in code2ast
    return ast.parse(source)
           ^^^^^^^^^^^^^^^^^
  File "/usr/lib/python3.12/ast.py", line 52, in parse
    return compile(source, filename, mode, flags,
           ^^^^^^^^^^^^^^^^^^^^^^^^^^^^^^^^^^^^^^
  File "<unknown>", line 5
    	
    	^
IndentationError: expected an indented block after 'if' statement on line 4
2025-08-18 19:43:24,930 cblogger [ERROR]: 		Error while extracting halsted code metrics: expected an indented block after 'if' statement on line 4 (<unknown>, line 5)
Traceback (most recent call last):
  File "/root/QuestionInsight/Etapa_1/codebench-mining-tool/util.py", line 569, in extract_halstead_metrics
    h = h_visit(code)
        ^^^^^^^^^^^^^
  File "/root/QuestionInsight/.venv/lib/python3.12/site-packages/radon/metrics.py", line 29, in h_visit
    return h_visit_ast(ast.parse(code))
                       ^^^^^^^^^^^^^^^
  File "/usr/lib/python3.12/ast.py", line 52, in parse
    return compile(source, filename, mode, flags,
           ^^^^^^^^^^^^^^^^^^^^^^^^^^^^^^^^^^^^^^
  File "<unknown>", line 5
    	
    	^
IndentationError: expected an indented block after 'if' statement on line 4
2025-08-18 19:43:24,984 cblogger [ERROR]: 		Error while extracting code complexity metrics: invalid syntax (<unknown>, line 2)
Traceback (most recent call last):
  File "/root/QuestionInsight/Etapa_1/codebench-mining-tool/util.py", line 551, in extract_complexity_metrics
    v = ComplexityVisitor.from_code(code)
        ^^^^^^^^^^^^^^^^^^^^^^^^^^^^^^^^^
  File "/root/QuestionInsight/.venv/lib/python3.12/site-packages/radon/visitors.py", line 133, in from_code
    return cls.from_ast(code2ast(code), **kwargs)
                        ^^^^^^^^^^^^^^
  File "/root/QuestionInsight/.venv/lib/python3.12/site-packages/radon/visitors.py", line 48, in code2ast
    return ast.parse(source)
           ^^^^^^^^^^^^^^^^^
  File "/usr/lib/python3.12/ast.py", line 52, in parse
    return compile(source, filename, mode, flags,
           ^^^^^^^^^^^^^^^^^^^^^^^^^^^^^^^^^^^^^^
  File "<unknown>", line 2
    a = 
        ^
SyntaxError: invalid syntax
2025-08-18 19:43:24,985 cblogger [ERROR]: 		Error while extracting halsted code metrics: invalid syntax (<unknown>, line 2)
Traceback (most recent call last):
  File "/root/QuestionInsight/Etapa_1/codebench-mining-tool/util.py", line 569, in extract_halstead_metrics
    h = h_visit(code)
        ^^^^^^^^^^^^^
  File "/root/QuestionInsight/.venv/lib/python3.12/site-packages/radon/metrics.py", line 29, in h_visit
    return h_visit_ast(ast.parse(code))
                       ^^^^^^^^^^^^^^^
  File "/usr/lib/python3.12/ast.py", line 52, in parse
    return compile(source, filename, mode, flags,
           ^^^^^^^^^^^^^^^^^^^^^^^^^^^^^^^^^^^^^^
  File "<unknown>", line 2
    a = 
        ^
SyntaxError: invalid syntax
2025-08-18 19:43:24,997 cblogger [ERROR]: 		Error while extracting code complexity metrics: expected an indented block after 'if' statement on line 9 (<unknown>, line 11)
Traceback (most recent call last):
  File "/root/QuestionInsight/Etapa_1/codebench-mining-tool/util.py", line 551, in extract_complexity_metrics
    v = ComplexityVisitor.from_code(code)
        ^^^^^^^^^^^^^^^^^^^^^^^^^^^^^^^^^
  File "/root/QuestionInsight/.venv/lib/python3.12/site-packages/radon/visitors.py", line 133, in from_code
    return cls.from_ast(code2ast(code), **kwargs)
                        ^^^^^^^^^^^^^^
  File "/root/QuestionInsight/.venv/lib/python3.12/site-packages/radon/visitors.py", line 48, in code2ast
    return ast.parse(source)
           ^^^^^^^^^^^^^^^^^
  File "/usr/lib/python3.12/ast.py", line 52, in parse
    return compile(source, filename, mode, flags,
           ^^^^^^^^^^^^^^^^^^^^^^^^^^^^^^^^^^^^^^
  File "<unknown>", line 11
    			
    			^
IndentationError: expected an indented block after 'if' statement on line 9
2025-08-18 19:43:24,997 cblogger [ERROR]: 		Error while extracting halsted code metrics: expected an indented block after 'if' statement on line 9 (<unknown>, line 11)
Traceback (most recent call last):
  File "/root/QuestionInsight/Etapa_1/codebench-mining-tool/util.py", line 569, in extract_halstead_metrics
    h = h_visit(code)
        ^^^^^^^^^^^^^
  File "/root/QuestionInsight/.venv/lib/python3.12/site-packages/radon/metrics.py", line 29, in h_visit
    return h_visit_ast(ast.parse(code))
                       ^^^^^^^^^^^^^^^
  File "/usr/lib/python3.12/ast.py", line 52, in parse
    return compile(source, filename, mode, flags,
           ^^^^^^^^^^^^^^^^^^^^^^^^^^^^^^^^^^^^^^
  File "<unknown>", line 11
    			
    			^
IndentationError: expected an indented block after 'if' statement on line 9
2025-08-18 19:43:25,002 cblogger [ERROR]: 		Error while extracting code complexity metrics: invalid syntax (<unknown>, line 5)
Traceback (most recent call last):
  File "/root/QuestionInsight/Etapa_1/codebench-mining-tool/util.py", line 551, in extract_complexity_metrics
    v = ComplexityVisitor.from_code(code)
        ^^^^^^^^^^^^^^^^^^^^^^^^^^^^^^^^^
  File "/root/QuestionInsight/.venv/lib/python3.12/site-packages/radon/visitors.py", line 133, in from_code
    return cls.from_ast(code2ast(code), **kwargs)
                        ^^^^^^^^^^^^^^
  File "/root/QuestionInsight/.venv/lib/python3.12/site-packages/radon/visitors.py", line 48, in code2ast
    return ast.parse(source)
           ^^^^^^^^^^^^^^^^^
  File "/usr/lib/python3.12/ast.py", line 52, in parse
    return compile(source, filename, mode, flags,
           ^^^^^^^^^^^^^^^^^^^^^^^^^^^^^^^^^^^^^^
  File "<unknown>", line 5
    	dA = 
    	     ^
SyntaxError: invalid syntax
2025-08-18 19:43:25,003 cblogger [ERROR]: 		Error while extracting halsted code metrics: invalid syntax (<unknown>, line 5)
Traceback (most recent call last):
  File "/root/QuestionInsight/Etapa_1/codebench-mining-tool/util.py", line 569, in extract_halstead_metrics
    h = h_visit(code)
        ^^^^^^^^^^^^^
  File "/root/QuestionInsight/.venv/lib/python3.12/site-packages/radon/metrics.py", line 29, in h_visit
    return h_visit_ast(ast.parse(code))
                       ^^^^^^^^^^^^^^^
  File "/usr/lib/python3.12/ast.py", line 52, in parse
    return compile(source, filename, mode, flags,
           ^^^^^^^^^^^^^^^^^^^^^^^^^^^^^^^^^^^^^^
  File "<unknown>", line 5
    	dA = 
    	     ^
SyntaxError: invalid syntax
2025-08-18 19:43:25,031 cblogger [ERROR]: 		Error while extracting code complexity metrics: invalid decimal literal (<unknown>, line 2)
Traceback (most recent call last):
  File "/root/QuestionInsight/Etapa_1/codebench-mining-tool/util.py", line 551, in extract_complexity_metrics
    v = ComplexityVisitor.from_code(code)
        ^^^^^^^^^^^^^^^^^^^^^^^^^^^^^^^^^
  File "/root/QuestionInsight/.venv/lib/python3.12/site-packages/radon/visitors.py", line 133, in from_code
    return cls.from_ast(code2ast(code), **kwargs)
                        ^^^^^^^^^^^^^^
  File "/root/QuestionInsight/.venv/lib/python3.12/site-packages/radon/visitors.py", line 48, in code2ast
    return ast.parse(source)
           ^^^^^^^^^^^^^^^^^
  File "/usr/lib/python3.12/ast.py", line 52, in parse
    return compile(source, filename, mode, flags,
           ^^^^^^^^^^^^^^^^^^^^^^^^^^^^^^^^^^^^^^
  File "<unknown>", line 2
    v_inicial=0m/s
              ^
SyntaxError: invalid decimal literal
2025-08-18 19:43:25,031 cblogger [ERROR]: 		Error while extracting halsted code metrics: invalid decimal literal (<unknown>, line 2)
Traceback (most recent call last):
  File "/root/QuestionInsight/Etapa_1/codebench-mining-tool/util.py", line 569, in extract_halstead_metrics
    h = h_visit(code)
        ^^^^^^^^^^^^^
  File "/root/QuestionInsight/.venv/lib/python3.12/site-packages/radon/metrics.py", line 29, in h_visit
    return h_visit_ast(ast.parse(code))
                       ^^^^^^^^^^^^^^^
  File "/usr/lib/python3.12/ast.py", line 52, in parse
    return compile(source, filename, mode, flags,
           ^^^^^^^^^^^^^^^^^^^^^^^^^^^^^^^^^^^^^^
  File "<unknown>", line 2
    v_inicial=0m/s
              ^
SyntaxError: invalid decimal literal
2025-08-18 19:43:25,052 cblogger [ERROR]: 		Error while extracting code complexity metrics: expected an indented block after 'if' statement on line 10 (<unknown>, line 12)
Traceback (most recent call last):
  File "/root/QuestionInsight/Etapa_1/codebench-mining-tool/util.py", line 551, in extract_complexity_metrics
    v = ComplexityVisitor.from_code(code)
        ^^^^^^^^^^^^^^^^^^^^^^^^^^^^^^^^^
  File "/root/QuestionInsight/.venv/lib/python3.12/site-packages/radon/visitors.py", line 133, in from_code
    return cls.from_ast(code2ast(code), **kwargs)
                        ^^^^^^^^^^^^^^
  File "/root/QuestionInsight/.venv/lib/python3.12/site-packages/radon/visitors.py", line 48, in code2ast
    return ast.parse(source)
           ^^^^^^^^^^^^^^^^^
  File "/usr/lib/python3.12/ast.py", line 52, in parse
    return compile(source, filename, mode, flags,
           ^^^^^^^^^^^^^^^^^^^^^^^^^^^^^^^^^^^^^^
  File "<unknown>", line 12
    x= (((c * e) - (b * f)) HB den)
    ^
IndentationError: expected an indented block after 'if' statement on line 10
2025-08-18 19:43:25,053 cblogger [ERROR]: 		Error while extracting halsted code metrics: expected an indented block after 'if' statement on line 10 (<unknown>, line 12)
Traceback (most recent call last):
  File "/root/QuestionInsight/Etapa_1/codebench-mining-tool/util.py", line 569, in extract_halstead_metrics
    h = h_visit(code)
        ^^^^^^^^^^^^^
  File "/root/QuestionInsight/.venv/lib/python3.12/site-packages/radon/metrics.py", line 29, in h_visit
    return h_visit_ast(ast.parse(code))
                       ^^^^^^^^^^^^^^^
  File "/usr/lib/python3.12/ast.py", line 52, in parse
    return compile(source, filename, mode, flags,
           ^^^^^^^^^^^^^^^^^^^^^^^^^^^^^^^^^^^^^^
  File "<unknown>", line 12
    x= (((c * e) - (b * f)) HB den)
    ^
IndentationError: expected an indented block after 'if' statement on line 10
2025-08-18 19:43:25,070 cblogger [ERROR]: 		Error while extracting code complexity metrics: invalid syntax (<unknown>, line 2)
Traceback (most recent call last):
  File "/root/QuestionInsight/Etapa_1/codebench-mining-tool/util.py", line 551, in extract_complexity_metrics
    v = ComplexityVisitor.from_code(code)
        ^^^^^^^^^^^^^^^^^^^^^^^^^^^^^^^^^
  File "/root/QuestionInsight/.venv/lib/python3.12/site-packages/radon/visitors.py", line 133, in from_code
    return cls.from_ast(code2ast(code), **kwargs)
                        ^^^^^^^^^^^^^^
  File "/root/QuestionInsight/.venv/lib/python3.12/site-packages/radon/visitors.py", line 48, in code2ast
    return ast.parse(source)
           ^^^^^^^^^^^^^^^^^
  File "/usr/lib/python3.12/ast.py", line 52, in parse
    return compile(source, filename, mode, flags,
           ^^^^^^^^^^^^^^^^^^^^^^^^^^^^^^^^^^^^^^
  File "<unknown>", line 2
    vet=
        ^
SyntaxError: invalid syntax
2025-08-18 19:43:25,070 cblogger [ERROR]: 		Error while extracting halsted code metrics: invalid syntax (<unknown>, line 2)
Traceback (most recent call last):
  File "/root/QuestionInsight/Etapa_1/codebench-mining-tool/util.py", line 569, in extract_halstead_metrics
    h = h_visit(code)
        ^^^^^^^^^^^^^
  File "/root/QuestionInsight/.venv/lib/python3.12/site-packages/radon/metrics.py", line 29, in h_visit
    return h_visit_ast(ast.parse(code))
                       ^^^^^^^^^^^^^^^
  File "/usr/lib/python3.12/ast.py", line 52, in parse
    return compile(source, filename, mode, flags,
           ^^^^^^^^^^^^^^^^^^^^^^^^^^^^^^^^^^^^^^
  File "<unknown>", line 2
    vet=
        ^
SyntaxError: invalid syntax
2025-08-18 19:43:25,206 cblogger [ERROR]: 		Error while extracting code complexity metrics: invalid syntax (<unknown>, line 22)
Traceback (most recent call last):
  File "/root/QuestionInsight/Etapa_1/codebench-mining-tool/util.py", line 551, in extract_complexity_metrics
    v = ComplexityVisitor.from_code(code)
        ^^^^^^^^^^^^^^^^^^^^^^^^^^^^^^^^^
  File "/root/QuestionInsight/.venv/lib/python3.12/site-packages/radon/visitors.py", line 133, in from_code
    return cls.from_ast(code2ast(code), **kwargs)
                        ^^^^^^^^^^^^^^
  File "/root/QuestionInsight/.venv/lib/python3.12/site-packages/radon/visitors.py", line 48, in code2ast
    return ast.parse(source)
           ^^^^^^^^^^^^^^^^^
  File "/usr/lib/python3.12/ast.py", line 52, in parse
    return compile(source, filename, mode, flags,
           ^^^^^^^^^^^^^^^^^^^^^^^^^^^^^^^^^^^^^^
  File "<unknown>", line 22
    		x= x + q[]* quant[i]
    		         ^
SyntaxError: invalid syntax
2025-08-18 19:43:25,208 cblogger [ERROR]: 		Error while extracting halsted code metrics: invalid syntax (<unknown>, line 22)
Traceback (most recent call last):
  File "/root/QuestionInsight/Etapa_1/codebench-mining-tool/util.py", line 569, in extract_halstead_metrics
    h = h_visit(code)
        ^^^^^^^^^^^^^
  File "/root/QuestionInsight/.venv/lib/python3.12/site-packages/radon/metrics.py", line 29, in h_visit
    return h_visit_ast(ast.parse(code))
                       ^^^^^^^^^^^^^^^
  File "/usr/lib/python3.12/ast.py", line 52, in parse
    return compile(source, filename, mode, flags,
           ^^^^^^^^^^^^^^^^^^^^^^^^^^^^^^^^^^^^^^
  File "<unknown>", line 22
    		x= x + q[]* quant[i]
    		         ^
SyntaxError: invalid syntax
2025-08-18 19:43:25,214 cblogger [ERROR]: 		Error while extracting code complexity metrics: invalid syntax (<unknown>, line 1)
Traceback (most recent call last):
  File "/root/QuestionInsight/Etapa_1/codebench-mining-tool/util.py", line 551, in extract_complexity_metrics
    v = ComplexityVisitor.from_code(code)
        ^^^^^^^^^^^^^^^^^^^^^^^^^^^^^^^^^
  File "/root/QuestionInsight/.venv/lib/python3.12/site-packages/radon/visitors.py", line 133, in from_code
    return cls.from_ast(code2ast(code), **kwargs)
                        ^^^^^^^^^^^^^^
  File "/root/QuestionInsight/.venv/lib/python3.12/site-packages/radon/visitors.py", line 48, in code2ast
    return ast.parse(source)
           ^^^^^^^^^^^^^^^^^
  File "/usr/lib/python3.12/ast.py", line 52, in parse
    return compile(source, filename, mode, flags,
           ^^^^^^^^^^^^^^^^^^^^^^^^^^^^^^^^^^^^^^
  File "<unknown>", line 1
    cedula = int(input(^))
                       ^
SyntaxError: invalid syntax
2025-08-18 19:43:25,214 cblogger [ERROR]: 		Error while extracting halsted code metrics: invalid syntax (<unknown>, line 1)
Traceback (most recent call last):
  File "/root/QuestionInsight/Etapa_1/codebench-mining-tool/util.py", line 569, in extract_halstead_metrics
    h = h_visit(code)
        ^^^^^^^^^^^^^
  File "/root/QuestionInsight/.venv/lib/python3.12/site-packages/radon/metrics.py", line 29, in h_visit
    return h_visit_ast(ast.parse(code))
                       ^^^^^^^^^^^^^^^
  File "/usr/lib/python3.12/ast.py", line 52, in parse
    return compile(source, filename, mode, flags,
           ^^^^^^^^^^^^^^^^^^^^^^^^^^^^^^^^^^^^^^
  File "<unknown>", line 1
    cedula = int(input(^))
                       ^
SyntaxError: invalid syntax
2025-08-18 19:43:25,409 cblogger [ERROR]: 		Error while extracting code complexity metrics: '(' was never closed (<unknown>, line 5)
Traceback (most recent call last):
  File "/root/QuestionInsight/Etapa_1/codebench-mining-tool/util.py", line 551, in extract_complexity_metrics
    v = ComplexityVisitor.from_code(code)
        ^^^^^^^^^^^^^^^^^^^^^^^^^^^^^^^^^
  File "/root/QuestionInsight/.venv/lib/python3.12/site-packages/radon/visitors.py", line 133, in from_code
    return cls.from_ast(code2ast(code), **kwargs)
                        ^^^^^^^^^^^^^^
  File "/root/QuestionInsight/.venv/lib/python3.12/site-packages/radon/visitors.py", line 48, in code2ast
    return ast.parse(source)
           ^^^^^^^^^^^^^^^^^
  File "/usr/lib/python3.12/ast.py", line 52, in parse
    return compile(source, filename, mode, flags,
           ^^^^^^^^^^^^^^^^^^^^^^^^^^^^^^^^^^^^^^
  File "<unknown>", line 5
    lat2= radians(float(input("Latitude do ponto 2: "))
                 ^
SyntaxError: '(' was never closed
2025-08-18 19:43:25,410 cblogger [ERROR]: 		Error while extracting code size based metrics: SyntaxError at line: 5
Traceback (most recent call last):
  File "/root/QuestionInsight/.venv/lib/python3.12/site-packages/radon/raw.py", line 210, in analyze
    tokens, parsed_lines = _get_all_tokens(line, lines)
                           ^^^^^^^^^^^^^^^^^^^^^^^^^^^^
  File "/root/QuestionInsight/.venv/lib/python3.12/site-packages/radon/raw.py", line 117, in _get_all_tokens
    next_line = next(lines)
                ^^^^^^^^^^^
StopIteration

During handling of the above exception, another exception occurred:

Traceback (most recent call last):
  File "/root/QuestionInsight/Etapa_1/codebench-mining-tool/util.py", line 560, in extract_size_metrics
    a = analyze(code)
        ^^^^^^^^^^^^^
  File "/root/QuestionInsight/.venv/lib/python3.12/site-packages/radon/raw.py", line 212, in analyze
    raise SyntaxError('SyntaxError at line: {0}'.format(lineno))
SyntaxError: SyntaxError at line: 5
2025-08-18 19:43:25,410 cblogger [ERROR]: 		Error while extracting halsted code metrics: '(' was never closed (<unknown>, line 5)
Traceback (most recent call last):
  File "/root/QuestionInsight/Etapa_1/codebench-mining-tool/util.py", line 569, in extract_halstead_metrics
    h = h_visit(code)
        ^^^^^^^^^^^^^
  File "/root/QuestionInsight/.venv/lib/python3.12/site-packages/radon/metrics.py", line 29, in h_visit
    return h_visit_ast(ast.parse(code))
                       ^^^^^^^^^^^^^^^
  File "/usr/lib/python3.12/ast.py", line 52, in parse
    return compile(source, filename, mode, flags,
           ^^^^^^^^^^^^^^^^^^^^^^^^^^^^^^^^^^^^^^
  File "<unknown>", line 5
    lat2= radians(float(input("Latitude do ponto 2: "))
                 ^
SyntaxError: '(' was never closed
2025-08-18 19:43:25,422 cblogger [ERROR]: 		Error while extracting code complexity metrics: invalid syntax (<unknown>, line 7)
Traceback (most recent call last):
  File "/root/QuestionInsight/Etapa_1/codebench-mining-tool/util.py", line 551, in extract_complexity_metrics
    v = ComplexityVisitor.from_code(code)
        ^^^^^^^^^^^^^^^^^^^^^^^^^^^^^^^^^
  File "/root/QuestionInsight/.venv/lib/python3.12/site-packages/radon/visitors.py", line 133, in from_code
    return cls.from_ast(code2ast(code), **kwargs)
                        ^^^^^^^^^^^^^^
  File "/root/QuestionInsight/.venv/lib/python3.12/site-packages/radon/visitors.py", line 48, in code2ast
    return ast.parse(source)
           ^^^^^^^^^^^^^^^^^
  File "/usr/lib/python3.12/ast.py", line 52, in parse
    return compile(source, filename, mode, flags,
           ^^^^^^^^^^^^^^^^^^^^^^^^^^^^^^^^^^^^^^
  File "<unknown>", line 7
    area=pi*
            ^
SyntaxError: invalid syntax
2025-08-18 19:43:25,423 cblogger [ERROR]: 		Error while extracting halsted code metrics: invalid syntax (<unknown>, line 7)
Traceback (most recent call last):
  File "/root/QuestionInsight/Etapa_1/codebench-mining-tool/util.py", line 569, in extract_halstead_metrics
    h = h_visit(code)
        ^^^^^^^^^^^^^
  File "/root/QuestionInsight/.venv/lib/python3.12/site-packages/radon/metrics.py", line 29, in h_visit
    return h_visit_ast(ast.parse(code))
                       ^^^^^^^^^^^^^^^
  File "/usr/lib/python3.12/ast.py", line 52, in parse
    return compile(source, filename, mode, flags,
           ^^^^^^^^^^^^^^^^^^^^^^^^^^^^^^^^^^^^^^
  File "<unknown>", line 7
    area=pi*
            ^
SyntaxError: invalid syntax
2025-08-18 19:43:25,425 cblogger [ERROR]: 		Error while extracting code complexity metrics: '(' was never closed (<unknown>, line 5)
Traceback (most recent call last):
  File "/root/QuestionInsight/Etapa_1/codebench-mining-tool/util.py", line 551, in extract_complexity_metrics
    v = ComplexityVisitor.from_code(code)
        ^^^^^^^^^^^^^^^^^^^^^^^^^^^^^^^^^
  File "/root/QuestionInsight/.venv/lib/python3.12/site-packages/radon/visitors.py", line 133, in from_code
    return cls.from_ast(code2ast(code), **kwargs)
                        ^^^^^^^^^^^^^^
  File "/root/QuestionInsight/.venv/lib/python3.12/site-packages/radon/visitors.py", line 48, in code2ast
    return ast.parse(source)
           ^^^^^^^^^^^^^^^^^
  File "/usr/lib/python3.12/ast.py", line 52, in parse
    return compile(source, filename, mode, flags,
           ^^^^^^^^^^^^^^^^^^^^^^^^^^^^^^^^^^^^^^
  File "<unknown>", line 5
    valor= (a ** 2 * sqrt (25+10 * sqrt(5)) / 4
           ^
SyntaxError: '(' was never closed
2025-08-18 19:43:25,426 cblogger [ERROR]: 		Error while extracting code size based metrics: SyntaxError at line: 5
Traceback (most recent call last):
  File "/root/QuestionInsight/.venv/lib/python3.12/site-packages/radon/raw.py", line 210, in analyze
    tokens, parsed_lines = _get_all_tokens(line, lines)
                           ^^^^^^^^^^^^^^^^^^^^^^^^^^^^
  File "/root/QuestionInsight/.venv/lib/python3.12/site-packages/radon/raw.py", line 117, in _get_all_tokens
    next_line = next(lines)
                ^^^^^^^^^^^
StopIteration

During handling of the above exception, another exception occurred:

Traceback (most recent call last):
  File "/root/QuestionInsight/Etapa_1/codebench-mining-tool/util.py", line 560, in extract_size_metrics
    a = analyze(code)
        ^^^^^^^^^^^^^
  File "/root/QuestionInsight/.venv/lib/python3.12/site-packages/radon/raw.py", line 212, in analyze
    raise SyntaxError('SyntaxError at line: {0}'.format(lineno))
SyntaxError: SyntaxError at line: 5
2025-08-18 19:43:25,427 cblogger [ERROR]: 		Error while extracting halsted code metrics: '(' was never closed (<unknown>, line 5)
Traceback (most recent call last):
  File "/root/QuestionInsight/Etapa_1/codebench-mining-tool/util.py", line 569, in extract_halstead_metrics
    h = h_visit(code)
        ^^^^^^^^^^^^^
  File "/root/QuestionInsight/.venv/lib/python3.12/site-packages/radon/metrics.py", line 29, in h_visit
    return h_visit_ast(ast.parse(code))
                       ^^^^^^^^^^^^^^^
  File "/usr/lib/python3.12/ast.py", line 52, in parse
    return compile(source, filename, mode, flags,
           ^^^^^^^^^^^^^^^^^^^^^^^^^^^^^^^^^^^^^^
  File "<unknown>", line 5
    valor= (a ** 2 * sqrt (25+10 * sqrt(5)) / 4
           ^
SyntaxError: '(' was never closed
2025-08-18 19:43:25,454 cblogger [ERROR]: 		Error while extracting code complexity metrics: expected an indented block after 'if' statement on line 10 (<unknown>, line 12)
Traceback (most recent call last):
  File "/root/QuestionInsight/Etapa_1/codebench-mining-tool/util.py", line 551, in extract_complexity_metrics
    v = ComplexityVisitor.from_code(code)
        ^^^^^^^^^^^^^^^^^^^^^^^^^^^^^^^^^
  File "/root/QuestionInsight/.venv/lib/python3.12/site-packages/radon/visitors.py", line 133, in from_code
    return cls.from_ast(code2ast(code), **kwargs)
                        ^^^^^^^^^^^^^^
  File "/root/QuestionInsight/.venv/lib/python3.12/site-packages/radon/visitors.py", line 48, in code2ast
    return ast.parse(source)
           ^^^^^^^^^^^^^^^^^
  File "/usr/lib/python3.12/ast.py", line 52, in parse
    return compile(source, filename, mode, flags,
           ^^^^^^^^^^^^^^^^^^^^^^^^^^^^^^^^^^^^^^
  File "<unknown>", line 12
    else:
IndentationError: expected an indented block after 'if' statement on line 10
2025-08-18 19:43:25,456 cblogger [ERROR]: 		Error while extracting halsted code metrics: expected an indented block after 'if' statement on line 10 (<unknown>, line 12)
Traceback (most recent call last):
  File "/root/QuestionInsight/Etapa_1/codebench-mining-tool/util.py", line 569, in extract_halstead_metrics
    h = h_visit(code)
        ^^^^^^^^^^^^^
  File "/root/QuestionInsight/.venv/lib/python3.12/site-packages/radon/metrics.py", line 29, in h_visit
    return h_visit_ast(ast.parse(code))
                       ^^^^^^^^^^^^^^^
  File "/usr/lib/python3.12/ast.py", line 52, in parse
    return compile(source, filename, mode, flags,
           ^^^^^^^^^^^^^^^^^^^^^^^^^^^^^^^^^^^^^^
  File "<unknown>", line 12
    else:
IndentationError: expected an indented block after 'if' statement on line 10
2025-08-18 19:43:27,449 cblogger [ERROR]: 		Error while extracting code complexity metrics: expected ':' (<unknown>, line 4)
Traceback (most recent call last):
  File "/root/QuestionInsight/Etapa_1/codebench-mining-tool/util.py", line 551, in extract_complexity_metrics
    v = ComplexityVisitor.from_code(code)
        ^^^^^^^^^^^^^^^^^^^^^^^^^^^^^^^^^
  File "/root/QuestionInsight/.venv/lib/python3.12/site-packages/radon/visitors.py", line 133, in from_code
    return cls.from_ast(code2ast(code), **kwargs)
                        ^^^^^^^^^^^^^^
  File "/root/QuestionInsight/.venv/lib/python3.12/site-packages/radon/visitors.py", line 48, in code2ast
    return ast.parse(source)
           ^^^^^^^^^^^^^^^^^
  File "/usr/lib/python3.12/ast.py", line 52, in parse
    return compile(source, filename, mode, flags,
           ^^^^^^^^^^^^^^^^^^^^^^^^^^^^^^^^^^^^^^
  File "<unknown>", line 4
    	if()
    	    ^
SyntaxError: expected ':'
2025-08-18 19:43:27,449 cblogger [ERROR]: 		Error while extracting halsted code metrics: expected ':' (<unknown>, line 4)
Traceback (most recent call last):
  File "/root/QuestionInsight/Etapa_1/codebench-mining-tool/util.py", line 569, in extract_halstead_metrics
    h = h_visit(code)
        ^^^^^^^^^^^^^
  File "/root/QuestionInsight/.venv/lib/python3.12/site-packages/radon/metrics.py", line 29, in h_visit
    return h_visit_ast(ast.parse(code))
                       ^^^^^^^^^^^^^^^
  File "/usr/lib/python3.12/ast.py", line 52, in parse
    return compile(source, filename, mode, flags,
           ^^^^^^^^^^^^^^^^^^^^^^^^^^^^^^^^^^^^^^
  File "<unknown>", line 4
    	if()
    	    ^
SyntaxError: expected ':'
2025-08-18 19:43:27,791 cblogger [ERROR]: 		Error while extracting code complexity metrics: '(' was never closed (<unknown>, line 9)
Traceback (most recent call last):
  File "/root/QuestionInsight/Etapa_1/codebench-mining-tool/util.py", line 551, in extract_complexity_metrics
    v = ComplexityVisitor.from_code(code)
        ^^^^^^^^^^^^^^^^^^^^^^^^^^^^^^^^^
  File "/root/QuestionInsight/.venv/lib/python3.12/site-packages/radon/visitors.py", line 133, in from_code
    return cls.from_ast(code2ast(code), **kwargs)
                        ^^^^^^^^^^^^^^
  File "/root/QuestionInsight/.venv/lib/python3.12/site-packages/radon/visitors.py", line 48, in code2ast
    return ast.parse(source)
           ^^^^^^^^^^^^^^^^^
  File "/usr/lib/python3.12/ast.py", line 52, in parse
    return compile(source, filename, mode, flags,
           ^^^^^^^^^^^^^^^^^^^^^^^^^^^^^^^^^^^^^^
  File "<unknown>", line 9
    print(int(s*est)
         ^
SyntaxError: '(' was never closed
2025-08-18 19:43:27,791 cblogger [ERROR]: 		Error while extracting code size based metrics: SyntaxError at line: 9
Traceback (most recent call last):
  File "/root/QuestionInsight/.venv/lib/python3.12/site-packages/radon/raw.py", line 210, in analyze
    tokens, parsed_lines = _get_all_tokens(line, lines)
                           ^^^^^^^^^^^^^^^^^^^^^^^^^^^^
  File "/root/QuestionInsight/.venv/lib/python3.12/site-packages/radon/raw.py", line 117, in _get_all_tokens
    next_line = next(lines)
                ^^^^^^^^^^^
StopIteration

During handling of the above exception, another exception occurred:

Traceback (most recent call last):
  File "/root/QuestionInsight/Etapa_1/codebench-mining-tool/util.py", line 560, in extract_size_metrics
    a = analyze(code)
        ^^^^^^^^^^^^^
  File "/root/QuestionInsight/.venv/lib/python3.12/site-packages/radon/raw.py", line 212, in analyze
    raise SyntaxError('SyntaxError at line: {0}'.format(lineno))
SyntaxError: SyntaxError at line: 9
2025-08-18 19:43:27,792 cblogger [ERROR]: 		Error while extracting halsted code metrics: '(' was never closed (<unknown>, line 9)
Traceback (most recent call last):
  File "/root/QuestionInsight/Etapa_1/codebench-mining-tool/util.py", line 569, in extract_halstead_metrics
    h = h_visit(code)
        ^^^^^^^^^^^^^
  File "/root/QuestionInsight/.venv/lib/python3.12/site-packages/radon/metrics.py", line 29, in h_visit
    return h_visit_ast(ast.parse(code))
                       ^^^^^^^^^^^^^^^
  File "/usr/lib/python3.12/ast.py", line 52, in parse
    return compile(source, filename, mode, flags,
           ^^^^^^^^^^^^^^^^^^^^^^^^^^^^^^^^^^^^^^
  File "<unknown>", line 9
    print(int(s*est)
         ^
SyntaxError: '(' was never closed
2025-08-18 19:43:27,838 cblogger [ERROR]: 		Error while extracting code complexity metrics: expected ':' (<unknown>, line 3)
Traceback (most recent call last):
  File "/root/QuestionInsight/Etapa_1/codebench-mining-tool/util.py", line 551, in extract_complexity_metrics
    v = ComplexityVisitor.from_code(code)
        ^^^^^^^^^^^^^^^^^^^^^^^^^^^^^^^^^
  File "/root/QuestionInsight/.venv/lib/python3.12/site-packages/radon/visitors.py", line 133, in from_code
    return cls.from_ast(code2ast(code), **kwargs)
                        ^^^^^^^^^^^^^^
  File "/root/QuestionInsight/.venv/lib/python3.12/site-packages/radon/visitors.py", line 48, in code2ast
    return ast.parse(source)
           ^^^^^^^^^^^^^^^^^
  File "/usr/lib/python3.12/ast.py", line 52, in parse
    return compile(source, filename, mode, flags,
           ^^^^^^^^^^^^^^^^^^^^^^^^^^^^^^^^^^^^^^
  File "<unknown>", line 3
    if ((dia!=0) and (dia!=1) and (dia!=2) and (dia!=3) and (dia!=4) and (dia!=5) and (dia!=6))
                                                                                               ^
SyntaxError: expected ':'
2025-08-18 19:43:27,839 cblogger [ERROR]: 		Error while extracting halsted code metrics: expected ':' (<unknown>, line 3)
Traceback (most recent call last):
  File "/root/QuestionInsight/Etapa_1/codebench-mining-tool/util.py", line 569, in extract_halstead_metrics
    h = h_visit(code)
        ^^^^^^^^^^^^^
  File "/root/QuestionInsight/.venv/lib/python3.12/site-packages/radon/metrics.py", line 29, in h_visit
    return h_visit_ast(ast.parse(code))
                       ^^^^^^^^^^^^^^^
  File "/usr/lib/python3.12/ast.py", line 52, in parse
    return compile(source, filename, mode, flags,
           ^^^^^^^^^^^^^^^^^^^^^^^^^^^^^^^^^^^^^^
  File "<unknown>", line 3
    if ((dia!=0) and (dia!=1) and (dia!=2) and (dia!=3) and (dia!=4) and (dia!=5) and (dia!=6))
                                                                                               ^
SyntaxError: expected ':'
2025-08-18 19:43:27,897 cblogger [ERROR]: 		Error while extracting code complexity metrics: invalid syntax (<unknown>, line 7)
Traceback (most recent call last):
  File "/root/QuestionInsight/Etapa_1/codebench-mining-tool/util.py", line 551, in extract_complexity_metrics
    v = ComplexityVisitor.from_code(code)
        ^^^^^^^^^^^^^^^^^^^^^^^^^^^^^^^^^
  File "/root/QuestionInsight/.venv/lib/python3.12/site-packages/radon/visitors.py", line 133, in from_code
    return cls.from_ast(code2ast(code), **kwargs)
                        ^^^^^^^^^^^^^^
  File "/root/QuestionInsight/.venv/lib/python3.12/site-packages/radon/visitors.py", line 48, in code2ast
    return ast.parse(source)
           ^^^^^^^^^^^^^^^^^
  File "/usr/lib/python3.12/ast.py", line 52, in parse
    return compile(source, filename, mode, flags,
           ^^^^^^^^^^^^^^^^^^^^^^^^^^^^^^^^^^^^^^
  File "<unknown>", line 7
    from math import 
                     ^
SyntaxError: invalid syntax
2025-08-18 19:43:27,898 cblogger [ERROR]: 		Error while extracting halsted code metrics: invalid syntax (<unknown>, line 7)
Traceback (most recent call last):
  File "/root/QuestionInsight/Etapa_1/codebench-mining-tool/util.py", line 569, in extract_halstead_metrics
    h = h_visit(code)
        ^^^^^^^^^^^^^
  File "/root/QuestionInsight/.venv/lib/python3.12/site-packages/radon/metrics.py", line 29, in h_visit
    return h_visit_ast(ast.parse(code))
                       ^^^^^^^^^^^^^^^
  File "/usr/lib/python3.12/ast.py", line 52, in parse
    return compile(source, filename, mode, flags,
           ^^^^^^^^^^^^^^^^^^^^^^^^^^^^^^^^^^^^^^
  File "<unknown>", line 7
    from math import 
                     ^
SyntaxError: invalid syntax
2025-08-18 19:43:28,003 cblogger [ERROR]: 		Error while extracting code complexity metrics: invalid syntax (<unknown>, line 7)
Traceback (most recent call last):
  File "/root/QuestionInsight/Etapa_1/codebench-mining-tool/util.py", line 551, in extract_complexity_metrics
    v = ComplexityVisitor.from_code(code)
        ^^^^^^^^^^^^^^^^^^^^^^^^^^^^^^^^^
  File "/root/QuestionInsight/.venv/lib/python3.12/site-packages/radon/visitors.py", line 133, in from_code
    return cls.from_ast(code2ast(code), **kwargs)
                        ^^^^^^^^^^^^^^
  File "/root/QuestionInsight/.venv/lib/python3.12/site-packages/radon/visitors.py", line 48, in code2ast
    return ast.parse(source)
           ^^^^^^^^^^^^^^^^^
  File "/usr/lib/python3.12/ast.py", line 52, in parse
    return compile(source, filename, mode, flags,
           ^^^^^^^^^^^^^^^^^^^^^^^^^^^^^^^^^^^^^^
  File "<unknown>", line 7
    in=0
    ^^
SyntaxError: invalid syntax
2025-08-18 19:43:28,005 cblogger [ERROR]: 		Error while extracting halsted code metrics: invalid syntax (<unknown>, line 7)
Traceback (most recent call last):
  File "/root/QuestionInsight/Etapa_1/codebench-mining-tool/util.py", line 569, in extract_halstead_metrics
    h = h_visit(code)
        ^^^^^^^^^^^^^
  File "/root/QuestionInsight/.venv/lib/python3.12/site-packages/radon/metrics.py", line 29, in h_visit
    return h_visit_ast(ast.parse(code))
                       ^^^^^^^^^^^^^^^
  File "/usr/lib/python3.12/ast.py", line 52, in parse
    return compile(source, filename, mode, flags,
           ^^^^^^^^^^^^^^^^^^^^^^^^^^^^^^^^^^^^^^
  File "<unknown>", line 7
    in=0
    ^^
SyntaxError: invalid syntax
2025-08-18 19:43:28,014 cblogger [ERROR]: 		Error while extracting code complexity metrics: expected ':' (<unknown>, line 7)
Traceback (most recent call last):
  File "/root/QuestionInsight/Etapa_1/codebench-mining-tool/util.py", line 551, in extract_complexity_metrics
    v = ComplexityVisitor.from_code(code)
        ^^^^^^^^^^^^^^^^^^^^^^^^^^^^^^^^^
  File "/root/QuestionInsight/.venv/lib/python3.12/site-packages/radon/visitors.py", line 133, in from_code
    return cls.from_ast(code2ast(code), **kwargs)
                        ^^^^^^^^^^^^^^
  File "/root/QuestionInsight/.venv/lib/python3.12/site-packages/radon/visitors.py", line 48, in code2ast
    return ast.parse(source)
           ^^^^^^^^^^^^^^^^^
  File "/usr/lib/python3.12/ast.py", line 52, in parse
    return compile(source, filename, mode, flags,
           ^^^^^^^^^^^^^^^^^^^^^^^^^^^^^^^^^^^^^^
  File "<unknown>", line 7
    	if(eu[i]==11 and barsa)
    	                       ^
SyntaxError: expected ':'
2025-08-18 19:43:28,015 cblogger [ERROR]: 		Error while extracting halsted code metrics: expected ':' (<unknown>, line 7)
Traceback (most recent call last):
  File "/root/QuestionInsight/Etapa_1/codebench-mining-tool/util.py", line 569, in extract_halstead_metrics
    h = h_visit(code)
        ^^^^^^^^^^^^^
  File "/root/QuestionInsight/.venv/lib/python3.12/site-packages/radon/metrics.py", line 29, in h_visit
    return h_visit_ast(ast.parse(code))
                       ^^^^^^^^^^^^^^^
  File "/usr/lib/python3.12/ast.py", line 52, in parse
    return compile(source, filename, mode, flags,
           ^^^^^^^^^^^^^^^^^^^^^^^^^^^^^^^^^^^^^^
  File "<unknown>", line 7
    	if(eu[i]==11 and barsa)
    	                       ^
SyntaxError: expected ':'
2025-08-18 19:43:28,266 cblogger [ERROR]: 		Error while extracting code complexity metrics: invalid syntax. Perhaps you forgot a comma? (<unknown>, line 2)
Traceback (most recent call last):
  File "/root/QuestionInsight/Etapa_1/codebench-mining-tool/util.py", line 551, in extract_complexity_metrics
    v = ComplexityVisitor.from_code(code)
        ^^^^^^^^^^^^^^^^^^^^^^^^^^^^^^^^^
  File "/root/QuestionInsight/.venv/lib/python3.12/site-packages/radon/visitors.py", line 133, in from_code
    return cls.from_ast(code2ast(code), **kwargs)
                        ^^^^^^^^^^^^^^
  File "/root/QuestionInsight/.venv/lib/python3.12/site-packages/radon/visitors.py", line 48, in code2ast
    return ast.parse(source)
           ^^^^^^^^^^^^^^^^^
  File "/usr/lib/python3.12/ast.py", line 52, in parse
    return compile(source, filename, mode, flags,
           ^^^^^^^^^^^^^^^^^^^^^^^^^^^^^^^^^^^^^^
  File "<unknown>", line 2
    var1=("float"45 graus)
          ^^^^^^^^^
SyntaxError: invalid syntax. Perhaps you forgot a comma?
2025-08-18 19:43:28,267 cblogger [ERROR]: 		Error while extracting halsted code metrics: invalid syntax. Perhaps you forgot a comma? (<unknown>, line 2)
Traceback (most recent call last):
  File "/root/QuestionInsight/Etapa_1/codebench-mining-tool/util.py", line 569, in extract_halstead_metrics
    h = h_visit(code)
        ^^^^^^^^^^^^^
  File "/root/QuestionInsight/.venv/lib/python3.12/site-packages/radon/metrics.py", line 29, in h_visit
    return h_visit_ast(ast.parse(code))
                       ^^^^^^^^^^^^^^^
  File "/usr/lib/python3.12/ast.py", line 52, in parse
    return compile(source, filename, mode, flags,
           ^^^^^^^^^^^^^^^^^^^^^^^^^^^^^^^^^^^^^^
  File "<unknown>", line 2
    var1=("float"45 graus)
          ^^^^^^^^^
SyntaxError: invalid syntax. Perhaps you forgot a comma?
2025-08-18 19:43:28,308 cblogger [ERROR]: 		Error while extracting code complexity metrics: '(' was never closed (<unknown>, line 3)
Traceback (most recent call last):
  File "/root/QuestionInsight/Etapa_1/codebench-mining-tool/util.py", line 551, in extract_complexity_metrics
    v = ComplexityVisitor.from_code(code)
        ^^^^^^^^^^^^^^^^^^^^^^^^^^^^^^^^^
  File "/root/QuestionInsight/.venv/lib/python3.12/site-packages/radon/visitors.py", line 133, in from_code
    return cls.from_ast(code2ast(code), **kwargs)
                        ^^^^^^^^^^^^^^
  File "/root/QuestionInsight/.venv/lib/python3.12/site-packages/radon/visitors.py", line 48, in code2ast
    return ast.parse(source)
           ^^^^^^^^^^^^^^^^^
  File "/usr/lib/python3.12/ast.py", line 52, in parse
    return compile(source, filename, mode, flags,
           ^^^^^^^^^^^^^^^^^^^^^^^^^^^^^^^^^^^^^^
  File "<unknown>", line 3
    v = ((d * 9.8)/sen(2 * a)
        ^
SyntaxError: '(' was never closed
2025-08-18 19:43:28,312 cblogger [ERROR]: 		Error while extracting code size based metrics: SyntaxError at line: 3
Traceback (most recent call last):
  File "/root/QuestionInsight/.venv/lib/python3.12/site-packages/radon/raw.py", line 210, in analyze
    tokens, parsed_lines = _get_all_tokens(line, lines)
                           ^^^^^^^^^^^^^^^^^^^^^^^^^^^^
  File "/root/QuestionInsight/.venv/lib/python3.12/site-packages/radon/raw.py", line 117, in _get_all_tokens
    next_line = next(lines)
                ^^^^^^^^^^^
StopIteration

During handling of the above exception, another exception occurred:

Traceback (most recent call last):
  File "/root/QuestionInsight/Etapa_1/codebench-mining-tool/util.py", line 560, in extract_size_metrics
    a = analyze(code)
        ^^^^^^^^^^^^^
  File "/root/QuestionInsight/.venv/lib/python3.12/site-packages/radon/raw.py", line 212, in analyze
    raise SyntaxError('SyntaxError at line: {0}'.format(lineno))
SyntaxError: SyntaxError at line: 3
2025-08-18 19:43:28,313 cblogger [ERROR]: 		Error while extracting halsted code metrics: '(' was never closed (<unknown>, line 3)
Traceback (most recent call last):
  File "/root/QuestionInsight/Etapa_1/codebench-mining-tool/util.py", line 569, in extract_halstead_metrics
    h = h_visit(code)
        ^^^^^^^^^^^^^
  File "/root/QuestionInsight/.venv/lib/python3.12/site-packages/radon/metrics.py", line 29, in h_visit
    return h_visit_ast(ast.parse(code))
                       ^^^^^^^^^^^^^^^
  File "/usr/lib/python3.12/ast.py", line 52, in parse
    return compile(source, filename, mode, flags,
           ^^^^^^^^^^^^^^^^^^^^^^^^^^^^^^^^^^^^^^
  File "<unknown>", line 3
    v = ((d * 9.8)/sen(2 * a)
        ^
SyntaxError: '(' was never closed
2025-08-18 19:43:28,380 cblogger [ERROR]: 		Error while extracting code complexity metrics: '(' was never closed (<unknown>, line 4)
Traceback (most recent call last):
  File "/root/QuestionInsight/Etapa_1/codebench-mining-tool/util.py", line 551, in extract_complexity_metrics
    v = ComplexityVisitor.from_code(code)
        ^^^^^^^^^^^^^^^^^^^^^^^^^^^^^^^^^
  File "/root/QuestionInsight/.venv/lib/python3.12/site-packages/radon/visitors.py", line 133, in from_code
    return cls.from_ast(code2ast(code), **kwargs)
                        ^^^^^^^^^^^^^^
  File "/root/QuestionInsight/.venv/lib/python3.12/site-packages/radon/visitors.py", line 48, in code2ast
    return ast.parse(source)
           ^^^^^^^^^^^^^^^^^
  File "/usr/lib/python3.12/ast.py", line 52, in parse
    return compile(source, filename, mode, flags,
           ^^^^^^^^^^^^^^^^^^^^^^^^^^^^^^^^^^^^^^
  File "<unknown>", line 4
    area= (3* (sqrt(3*(16**2)) /2
              ^
SyntaxError: '(' was never closed
2025-08-18 19:43:28,381 cblogger [ERROR]: 		Error while extracting code size based metrics: SyntaxError at line: 4
Traceback (most recent call last):
  File "/root/QuestionInsight/.venv/lib/python3.12/site-packages/radon/raw.py", line 210, in analyze
    tokens, parsed_lines = _get_all_tokens(line, lines)
                           ^^^^^^^^^^^^^^^^^^^^^^^^^^^^
  File "/root/QuestionInsight/.venv/lib/python3.12/site-packages/radon/raw.py", line 117, in _get_all_tokens
    next_line = next(lines)
                ^^^^^^^^^^^
StopIteration

During handling of the above exception, another exception occurred:

Traceback (most recent call last):
  File "/root/QuestionInsight/Etapa_1/codebench-mining-tool/util.py", line 560, in extract_size_metrics
    a = analyze(code)
        ^^^^^^^^^^^^^
  File "/root/QuestionInsight/.venv/lib/python3.12/site-packages/radon/raw.py", line 212, in analyze
    raise SyntaxError('SyntaxError at line: {0}'.format(lineno))
SyntaxError: SyntaxError at line: 4
2025-08-18 19:43:28,381 cblogger [ERROR]: 		Error while extracting halsted code metrics: '(' was never closed (<unknown>, line 4)
Traceback (most recent call last):
  File "/root/QuestionInsight/Etapa_1/codebench-mining-tool/util.py", line 569, in extract_halstead_metrics
    h = h_visit(code)
        ^^^^^^^^^^^^^
  File "/root/QuestionInsight/.venv/lib/python3.12/site-packages/radon/metrics.py", line 29, in h_visit
    return h_visit_ast(ast.parse(code))
                       ^^^^^^^^^^^^^^^
  File "/usr/lib/python3.12/ast.py", line 52, in parse
    return compile(source, filename, mode, flags,
           ^^^^^^^^^^^^^^^^^^^^^^^^^^^^^^^^^^^^^^
  File "<unknown>", line 4
    area= (3* (sqrt(3*(16**2)) /2
              ^
SyntaxError: '(' was never closed
2025-08-18 19:43:28,531 cblogger [ERROR]: 		Error while extracting code complexity metrics: invalid syntax (<unknown>, line 6)
Traceback (most recent call last):
  File "/root/QuestionInsight/Etapa_1/codebench-mining-tool/util.py", line 551, in extract_complexity_metrics
    v = ComplexityVisitor.from_code(code)
        ^^^^^^^^^^^^^^^^^^^^^^^^^^^^^^^^^
  File "/root/QuestionInsight/.venv/lib/python3.12/site-packages/radon/visitors.py", line 133, in from_code
    return cls.from_ast(code2ast(code), **kwargs)
                        ^^^^^^^^^^^^^^
  File "/root/QuestionInsight/.venv/lib/python3.12/site-packages/radon/visitors.py", line 48, in code2ast
    return ast.parse(source)
           ^^^^^^^^^^^^^^^^^
  File "/usr/lib/python3.12/ast.py", line 52, in parse
    return compile(source, filename, mode, flags,
           ^^^^^^^^^^^^^^^^^^^^^^^^^^^^^^^^^^^^^^
  File "<unknown>", line 6
    	if (matriz([i,:]== [:,j])
    	              ^
SyntaxError: invalid syntax
2025-08-18 19:43:28,532 cblogger [ERROR]: 		Error while extracting code size based metrics: SyntaxError at line: 6
Traceback (most recent call last):
  File "/root/QuestionInsight/.venv/lib/python3.12/site-packages/radon/raw.py", line 210, in analyze
    tokens, parsed_lines = _get_all_tokens(line, lines)
                           ^^^^^^^^^^^^^^^^^^^^^^^^^^^^
  File "/root/QuestionInsight/.venv/lib/python3.12/site-packages/radon/raw.py", line 117, in _get_all_tokens
    next_line = next(lines)
                ^^^^^^^^^^^
StopIteration

During handling of the above exception, another exception occurred:

Traceback (most recent call last):
  File "/root/QuestionInsight/Etapa_1/codebench-mining-tool/util.py", line 560, in extract_size_metrics
    a = analyze(code)
        ^^^^^^^^^^^^^
  File "/root/QuestionInsight/.venv/lib/python3.12/site-packages/radon/raw.py", line 212, in analyze
    raise SyntaxError('SyntaxError at line: {0}'.format(lineno))
SyntaxError: SyntaxError at line: 6
2025-08-18 19:43:28,533 cblogger [ERROR]: 		Error while extracting halsted code metrics: invalid syntax (<unknown>, line 6)
Traceback (most recent call last):
  File "/root/QuestionInsight/Etapa_1/codebench-mining-tool/util.py", line 569, in extract_halstead_metrics
    h = h_visit(code)
        ^^^^^^^^^^^^^
  File "/root/QuestionInsight/.venv/lib/python3.12/site-packages/radon/metrics.py", line 29, in h_visit
    return h_visit_ast(ast.parse(code))
                       ^^^^^^^^^^^^^^^
  File "/usr/lib/python3.12/ast.py", line 52, in parse
    return compile(source, filename, mode, flags,
           ^^^^^^^^^^^^^^^^^^^^^^^^^^^^^^^^^^^^^^
  File "<unknown>", line 6
    	if (matriz([i,:]== [:,j])
    	              ^
SyntaxError: invalid syntax
2025-08-18 19:43:28,568 cblogger [ERROR]: 		Error while extracting code complexity metrics: invalid syntax (<unknown>, line 6)
Traceback (most recent call last):
  File "/root/QuestionInsight/Etapa_1/codebench-mining-tool/util.py", line 551, in extract_complexity_metrics
    v = ComplexityVisitor.from_code(code)
        ^^^^^^^^^^^^^^^^^^^^^^^^^^^^^^^^^
  File "/root/QuestionInsight/.venv/lib/python3.12/site-packages/radon/visitors.py", line 133, in from_code
    return cls.from_ast(code2ast(code), **kwargs)
                        ^^^^^^^^^^^^^^
  File "/root/QuestionInsight/.venv/lib/python3.12/site-packages/radon/visitors.py", line 48, in code2ast
    return ast.parse(source)
           ^^^^^^^^^^^^^^^^^
  File "/usr/lib/python3.12/ast.py", line 52, in parse
    return compile(source, filename, mode, flags,
           ^^^^^^^^^^^^^^^^^^^^^^^^^^^^^^^^^^^^^^
  File "<unknown>", line 6
    	if
    	  ^
SyntaxError: invalid syntax
2025-08-18 19:43:28,568 cblogger [ERROR]: 		Error while extracting halsted code metrics: invalid syntax (<unknown>, line 6)
Traceback (most recent call last):
  File "/root/QuestionInsight/Etapa_1/codebench-mining-tool/util.py", line 569, in extract_halstead_metrics
    h = h_visit(code)
        ^^^^^^^^^^^^^
  File "/root/QuestionInsight/.venv/lib/python3.12/site-packages/radon/metrics.py", line 29, in h_visit
    return h_visit_ast(ast.parse(code))
                       ^^^^^^^^^^^^^^^
  File "/usr/lib/python3.12/ast.py", line 52, in parse
    return compile(source, filename, mode, flags,
           ^^^^^^^^^^^^^^^^^^^^^^^^^^^^^^^^^^^^^^
  File "<unknown>", line 6
    	if
    	  ^
SyntaxError: invalid syntax
2025-08-18 19:43:28,586 cblogger [ERROR]: 		Error while extracting code complexity metrics: invalid syntax (<unknown>, line 17)
Traceback (most recent call last):
  File "/root/QuestionInsight/Etapa_1/codebench-mining-tool/util.py", line 551, in extract_complexity_metrics
    v = ComplexityVisitor.from_code(code)
        ^^^^^^^^^^^^^^^^^^^^^^^^^^^^^^^^^
  File "/root/QuestionInsight/.venv/lib/python3.12/site-packages/radon/visitors.py", line 133, in from_code
    return cls.from_ast(code2ast(code), **kwargs)
                        ^^^^^^^^^^^^^^
  File "/root/QuestionInsight/.venv/lib/python3.12/site-packages/radon/visitors.py", line 48, in code2ast
    return ast.parse(source)
           ^^^^^^^^^^^^^^^^^
  File "/usr/lib/python3.12/ast.py", line 52, in parse
    return compile(source, filename, mode, flags,
           ^^^^^^^^^^^^^^^^^^^^^^^^^^^^^^^^^^^^^^
  File "<unknown>", line 17
    		elif(faixa > 1000):
    		^^^^
SyntaxError: invalid syntax
2025-08-18 19:43:28,587 cblogger [ERROR]: 		Error while extracting code size based metrics: SyntaxError at line: 16
Traceback (most recent call last):
  File "/root/QuestionInsight/.venv/lib/python3.12/site-packages/radon/raw.py", line 210, in analyze
    tokens, parsed_lines = _get_all_tokens(line, lines)
                           ^^^^^^^^^^^^^^^^^^^^^^^^^^^^
  File "/root/QuestionInsight/.venv/lib/python3.12/site-packages/radon/raw.py", line 117, in _get_all_tokens
    next_line = next(lines)
                ^^^^^^^^^^^
StopIteration

During handling of the above exception, another exception occurred:

Traceback (most recent call last):
  File "/root/QuestionInsight/Etapa_1/codebench-mining-tool/util.py", line 560, in extract_size_metrics
    a = analyze(code)
        ^^^^^^^^^^^^^
  File "/root/QuestionInsight/.venv/lib/python3.12/site-packages/radon/raw.py", line 212, in analyze
    raise SyntaxError('SyntaxError at line: {0}'.format(lineno))
SyntaxError: SyntaxError at line: 16
2025-08-18 19:43:28,588 cblogger [ERROR]: 		Error while extracting halsted code metrics: invalid syntax (<unknown>, line 17)
Traceback (most recent call last):
  File "/root/QuestionInsight/Etapa_1/codebench-mining-tool/util.py", line 569, in extract_halstead_metrics
    h = h_visit(code)
        ^^^^^^^^^^^^^
  File "/root/QuestionInsight/.venv/lib/python3.12/site-packages/radon/metrics.py", line 29, in h_visit
    return h_visit_ast(ast.parse(code))
                       ^^^^^^^^^^^^^^^
  File "/usr/lib/python3.12/ast.py", line 52, in parse
    return compile(source, filename, mode, flags,
           ^^^^^^^^^^^^^^^^^^^^^^^^^^^^^^^^^^^^^^
  File "<unknown>", line 17
    		elif(faixa > 1000):
    		^^^^
SyntaxError: invalid syntax
2025-08-18 19:43:28,612 cblogger [ERROR]: 		Error while extracting code complexity metrics: unexpected indent (<unknown>, line 4)
Traceback (most recent call last):
  File "/root/QuestionInsight/Etapa_1/codebench-mining-tool/util.py", line 551, in extract_complexity_metrics
    v = ComplexityVisitor.from_code(code)
        ^^^^^^^^^^^^^^^^^^^^^^^^^^^^^^^^^
  File "/root/QuestionInsight/.venv/lib/python3.12/site-packages/radon/visitors.py", line 133, in from_code
    return cls.from_ast(code2ast(code), **kwargs)
                        ^^^^^^^^^^^^^^
  File "/root/QuestionInsight/.venv/lib/python3.12/site-packages/radon/visitors.py", line 48, in code2ast
    return ast.parse(source)
           ^^^^^^^^^^^^^^^^^
  File "/usr/lib/python3.12/ast.py", line 52, in parse
    return compile(source, filename, mode, flags,
           ^^^^^^^^^^^^^^^^^^^^^^^^^^^^^^^^^^^^^^
  File "<unknown>", line 4
    while (qit<= per*2):
IndentationError: unexpected indent
2025-08-18 19:43:28,613 cblogger [ERROR]: 		Error while extracting halsted code metrics: unexpected indent (<unknown>, line 4)
Traceback (most recent call last):
  File "/root/QuestionInsight/Etapa_1/codebench-mining-tool/util.py", line 569, in extract_halstead_metrics
    h = h_visit(code)
        ^^^^^^^^^^^^^
  File "/root/QuestionInsight/.venv/lib/python3.12/site-packages/radon/metrics.py", line 29, in h_visit
    return h_visit_ast(ast.parse(code))
                       ^^^^^^^^^^^^^^^
  File "/usr/lib/python3.12/ast.py", line 52, in parse
    return compile(source, filename, mode, flags,
           ^^^^^^^^^^^^^^^^^^^^^^^^^^^^^^^^^^^^^^
  File "<unknown>", line 4
    while (qit<= per*2):
IndentationError: unexpected indent
2025-08-18 19:43:28,618 cblogger [ERROR]: 		Error while extracting code complexity metrics: '(' was never closed (<unknown>, line 8)
Traceback (most recent call last):
  File "/root/QuestionInsight/Etapa_1/codebench-mining-tool/util.py", line 551, in extract_complexity_metrics
    v = ComplexityVisitor.from_code(code)
        ^^^^^^^^^^^^^^^^^^^^^^^^^^^^^^^^^
  File "/root/QuestionInsight/.venv/lib/python3.12/site-packages/radon/visitors.py", line 133, in from_code
    return cls.from_ast(code2ast(code), **kwargs)
                        ^^^^^^^^^^^^^^
  File "/root/QuestionInsight/.venv/lib/python3.12/site-packages/radon/visitors.py", line 48, in code2ast
    return ast.parse(source)
           ^^^^^^^^^^^^^^^^^
  File "/usr/lib/python3.12/ast.py", line 52, in parse
    return compile(source, filename, mode, flags,
           ^^^^^^^^^^^^^^^^^^^^^^^^^^^^^^^^^^^^^^
  File "<unknown>", line 8
    	print(round(t,1)
    	     ^
SyntaxError: '(' was never closed
2025-08-18 19:43:28,619 cblogger [ERROR]: 		Error while extracting code size based metrics: SyntaxError at line: 8
Traceback (most recent call last):
  File "/root/QuestionInsight/.venv/lib/python3.12/site-packages/radon/raw.py", line 210, in analyze
    tokens, parsed_lines = _get_all_tokens(line, lines)
                           ^^^^^^^^^^^^^^^^^^^^^^^^^^^^
  File "/root/QuestionInsight/.venv/lib/python3.12/site-packages/radon/raw.py", line 117, in _get_all_tokens
    next_line = next(lines)
                ^^^^^^^^^^^
StopIteration

During handling of the above exception, another exception occurred:

Traceback (most recent call last):
  File "/root/QuestionInsight/Etapa_1/codebench-mining-tool/util.py", line 560, in extract_size_metrics
    a = analyze(code)
        ^^^^^^^^^^^^^
  File "/root/QuestionInsight/.venv/lib/python3.12/site-packages/radon/raw.py", line 212, in analyze
    raise SyntaxError('SyntaxError at line: {0}'.format(lineno))
SyntaxError: SyntaxError at line: 8
2025-08-18 19:43:28,619 cblogger [ERROR]: 		Error while extracting halsted code metrics: '(' was never closed (<unknown>, line 8)
Traceback (most recent call last):
  File "/root/QuestionInsight/Etapa_1/codebench-mining-tool/util.py", line 569, in extract_halstead_metrics
    h = h_visit(code)
        ^^^^^^^^^^^^^
  File "/root/QuestionInsight/.venv/lib/python3.12/site-packages/radon/metrics.py", line 29, in h_visit
    return h_visit_ast(ast.parse(code))
                       ^^^^^^^^^^^^^^^
  File "/usr/lib/python3.12/ast.py", line 52, in parse
    return compile(source, filename, mode, flags,
           ^^^^^^^^^^^^^^^^^^^^^^^^^^^^^^^^^^^^^^
  File "<unknown>", line 8
    	print(round(t,1)
    	     ^
SyntaxError: '(' was never closed
2025-08-18 19:43:28,634 cblogger [ERROR]: 		Error while extracting code complexity metrics: '(' was never closed (<unknown>, line 3)
Traceback (most recent call last):
  File "/root/QuestionInsight/Etapa_1/codebench-mining-tool/util.py", line 551, in extract_complexity_metrics
    v = ComplexityVisitor.from_code(code)
        ^^^^^^^^^^^^^^^^^^^^^^^^^^^^^^^^^
  File "/root/QuestionInsight/.venv/lib/python3.12/site-packages/radon/visitors.py", line 133, in from_code
    return cls.from_ast(code2ast(code), **kwargs)
                        ^^^^^^^^^^^^^^
  File "/root/QuestionInsight/.venv/lib/python3.12/site-packages/radon/visitors.py", line 48, in code2ast
    return ast.parse(source)
           ^^^^^^^^^^^^^^^^^
  File "/usr/lib/python3.12/ast.py", line 52, in parse
    return compile(source, filename, mode, flags,
           ^^^^^^^^^^^^^^^^^^^^^^^^^^^^^^^^^^^^^^
  File "<unknown>", line 3
    ent = array(eval ((input ("insira as entradas: "))
                     ^
SyntaxError: '(' was never closed
2025-08-18 19:43:28,635 cblogger [ERROR]: 		Error while extracting code size based metrics: SyntaxError at line: 3
Traceback (most recent call last):
  File "/root/QuestionInsight/.venv/lib/python3.12/site-packages/radon/raw.py", line 210, in analyze
    tokens, parsed_lines = _get_all_tokens(line, lines)
                           ^^^^^^^^^^^^^^^^^^^^^^^^^^^^
  File "/root/QuestionInsight/.venv/lib/python3.12/site-packages/radon/raw.py", line 117, in _get_all_tokens
    next_line = next(lines)
                ^^^^^^^^^^^
StopIteration

During handling of the above exception, another exception occurred:

Traceback (most recent call last):
  File "/root/QuestionInsight/Etapa_1/codebench-mining-tool/util.py", line 560, in extract_size_metrics
    a = analyze(code)
        ^^^^^^^^^^^^^
  File "/root/QuestionInsight/.venv/lib/python3.12/site-packages/radon/raw.py", line 212, in analyze
    raise SyntaxError('SyntaxError at line: {0}'.format(lineno))
SyntaxError: SyntaxError at line: 3
2025-08-18 19:43:28,635 cblogger [ERROR]: 		Error while extracting halsted code metrics: '(' was never closed (<unknown>, line 3)
Traceback (most recent call last):
  File "/root/QuestionInsight/Etapa_1/codebench-mining-tool/util.py", line 569, in extract_halstead_metrics
    h = h_visit(code)
        ^^^^^^^^^^^^^
  File "/root/QuestionInsight/.venv/lib/python3.12/site-packages/radon/metrics.py", line 29, in h_visit
    return h_visit_ast(ast.parse(code))
                       ^^^^^^^^^^^^^^^
  File "/usr/lib/python3.12/ast.py", line 52, in parse
    return compile(source, filename, mode, flags,
           ^^^^^^^^^^^^^^^^^^^^^^^^^^^^^^^^^^^^^^
  File "<unknown>", line 3
    ent = array(eval ((input ("insira as entradas: "))
                     ^
SyntaxError: '(' was never closed
2025-08-18 19:43:28,926 cblogger [ERROR]: 		Error while extracting code complexity metrics: invalid syntax (<unknown>, line 16)
Traceback (most recent call last):
  File "/root/QuestionInsight/Etapa_1/codebench-mining-tool/util.py", line 551, in extract_complexity_metrics
    v = ComplexityVisitor.from_code(code)
        ^^^^^^^^^^^^^^^^^^^^^^^^^^^^^^^^^
  File "/root/QuestionInsight/.venv/lib/python3.12/site-packages/radon/visitors.py", line 133, in from_code
    return cls.from_ast(code2ast(code), **kwargs)
                        ^^^^^^^^^^^^^^
  File "/root/QuestionInsight/.venv/lib/python3.12/site-packages/radon/visitors.py", line 48, in code2ast
    return ast.parse(source)
           ^^^^^^^^^^^^^^^^^
  File "/usr/lib/python3.12/ast.py", line 52, in parse
    return compile(source, filename, mode, flags,
           ^^^^^^^^^^^^^^^^^^^^^^^^^^^^^^^^^^^^^^
  File "<unknown>", line 16
    print(i) FIM
             ^^^
SyntaxError: invalid syntax
2025-08-18 19:43:28,927 cblogger [ERROR]: 		Error while extracting halsted code metrics: invalid syntax (<unknown>, line 16)
Traceback (most recent call last):
  File "/root/QuestionInsight/Etapa_1/codebench-mining-tool/util.py", line 569, in extract_halstead_metrics
    h = h_visit(code)
        ^^^^^^^^^^^^^
  File "/root/QuestionInsight/.venv/lib/python3.12/site-packages/radon/metrics.py", line 29, in h_visit
    return h_visit_ast(ast.parse(code))
                       ^^^^^^^^^^^^^^^
  File "/usr/lib/python3.12/ast.py", line 52, in parse
    return compile(source, filename, mode, flags,
           ^^^^^^^^^^^^^^^^^^^^^^^^^^^^^^^^^^^^^^
  File "<unknown>", line 16
    print(i) FIM
             ^^^
SyntaxError: invalid syntax
2025-08-18 19:43:29,072 cblogger [ERROR]: 		Error while extracting code complexity metrics: expected an indented block after 'if' statement on line 12 (<unknown>, line 13)
Traceback (most recent call last):
  File "/root/QuestionInsight/Etapa_1/codebench-mining-tool/util.py", line 551, in extract_complexity_metrics
    v = ComplexityVisitor.from_code(code)
        ^^^^^^^^^^^^^^^^^^^^^^^^^^^^^^^^^
  File "/root/QuestionInsight/.venv/lib/python3.12/site-packages/radon/visitors.py", line 133, in from_code
    return cls.from_ast(code2ast(code), **kwargs)
                        ^^^^^^^^^^^^^^
  File "/root/QuestionInsight/.venv/lib/python3.12/site-packages/radon/visitors.py", line 48, in code2ast
    return ast.parse(source)
           ^^^^^^^^^^^^^^^^^
  File "/usr/lib/python3.12/ast.py", line 52, in parse
    return compile(source, filename, mode, flags,
           ^^^^^^^^^^^^^^^^^^^^^^^^^^^^^^^^^^^^^^
  File "<unknown>", line 13
    	i = i + 1
    	^
IndentationError: expected an indented block after 'if' statement on line 12
2025-08-18 19:43:29,073 cblogger [ERROR]: 		Error while extracting halsted code metrics: expected an indented block after 'if' statement on line 12 (<unknown>, line 13)
Traceback (most recent call last):
  File "/root/QuestionInsight/Etapa_1/codebench-mining-tool/util.py", line 569, in extract_halstead_metrics
    h = h_visit(code)
        ^^^^^^^^^^^^^
  File "/root/QuestionInsight/.venv/lib/python3.12/site-packages/radon/metrics.py", line 29, in h_visit
    return h_visit_ast(ast.parse(code))
                       ^^^^^^^^^^^^^^^
  File "/usr/lib/python3.12/ast.py", line 52, in parse
    return compile(source, filename, mode, flags,
           ^^^^^^^^^^^^^^^^^^^^^^^^^^^^^^^^^^^^^^
  File "<unknown>", line 13
    	i = i + 1
    	^
IndentationError: expected an indented block after 'if' statement on line 12
2025-08-18 19:43:29,105 cblogger [ERROR]: 		Error while extracting code complexity metrics: invalid syntax (<unknown>, line 9)
Traceback (most recent call last):
  File "/root/QuestionInsight/Etapa_1/codebench-mining-tool/util.py", line 551, in extract_complexity_metrics
    v = ComplexityVisitor.from_code(code)
        ^^^^^^^^^^^^^^^^^^^^^^^^^^^^^^^^^
  File "/root/QuestionInsight/.venv/lib/python3.12/site-packages/radon/visitors.py", line 133, in from_code
    return cls.from_ast(code2ast(code), **kwargs)
                        ^^^^^^^^^^^^^^
  File "/root/QuestionInsight/.venv/lib/python3.12/site-packages/radon/visitors.py", line 48, in code2ast
    return ast.parse(source)
           ^^^^^^^^^^^^^^^^^
  File "/usr/lib/python3.12/ast.py", line 52, in parse
    return compile(source, filename, mode, flags,
           ^^^^^^^^^^^^^^^^^^^^^^^^^^^^^^^^^^^^^^
  File "<unknown>", line 9
    			cont = 
    			       ^
SyntaxError: invalid syntax
2025-08-18 19:43:29,108 cblogger [ERROR]: 		Error while extracting halsted code metrics: invalid syntax (<unknown>, line 9)
Traceback (most recent call last):
  File "/root/QuestionInsight/Etapa_1/codebench-mining-tool/util.py", line 569, in extract_halstead_metrics
    h = h_visit(code)
        ^^^^^^^^^^^^^
  File "/root/QuestionInsight/.venv/lib/python3.12/site-packages/radon/metrics.py", line 29, in h_visit
    return h_visit_ast(ast.parse(code))
                       ^^^^^^^^^^^^^^^
  File "/usr/lib/python3.12/ast.py", line 52, in parse
    return compile(source, filename, mode, flags,
           ^^^^^^^^^^^^^^^^^^^^^^^^^^^^^^^^^^^^^^
  File "<unknown>", line 9
    			cont = 
    			       ^
SyntaxError: invalid syntax
2025-08-18 19:43:29,439 cblogger [ERROR]: 		Error while extracting code complexity metrics: expected an indented block after 'if' statement on line 5 (<unknown>, line 6)
Traceback (most recent call last):
  File "/root/QuestionInsight/Etapa_1/codebench-mining-tool/util.py", line 551, in extract_complexity_metrics
    v = ComplexityVisitor.from_code(code)
        ^^^^^^^^^^^^^^^^^^^^^^^^^^^^^^^^^
  File "/root/QuestionInsight/.venv/lib/python3.12/site-packages/radon/visitors.py", line 133, in from_code
    return cls.from_ast(code2ast(code), **kwargs)
                        ^^^^^^^^^^^^^^
  File "/root/QuestionInsight/.venv/lib/python3.12/site-packages/radon/visitors.py", line 48, in code2ast
    return ast.parse(source)
           ^^^^^^^^^^^^^^^^^
  File "/usr/lib/python3.12/ast.py", line 52, in parse
    return compile(source, filename, mode, flags,
           ^^^^^^^^^^^^^^^^^^^^^^^^^^^^^^^^^^^^^^
  File "<unknown>", line 6
    	
    	^
IndentationError: expected an indented block after 'if' statement on line 5
2025-08-18 19:43:29,440 cblogger [ERROR]: 		Error while extracting halsted code metrics: expected an indented block after 'if' statement on line 5 (<unknown>, line 6)
Traceback (most recent call last):
  File "/root/QuestionInsight/Etapa_1/codebench-mining-tool/util.py", line 569, in extract_halstead_metrics
    h = h_visit(code)
        ^^^^^^^^^^^^^
  File "/root/QuestionInsight/.venv/lib/python3.12/site-packages/radon/metrics.py", line 29, in h_visit
    return h_visit_ast(ast.parse(code))
                       ^^^^^^^^^^^^^^^
  File "/usr/lib/python3.12/ast.py", line 52, in parse
    return compile(source, filename, mode, flags,
           ^^^^^^^^^^^^^^^^^^^^^^^^^^^^^^^^^^^^^^
  File "<unknown>", line 6
    	
    	^
IndentationError: expected an indented block after 'if' statement on line 5
2025-08-18 19:43:29,556 cblogger [ERROR]: 		Error while extracting code complexity metrics: invalid syntax (<unknown>, line 1)
Traceback (most recent call last):
  File "/root/QuestionInsight/Etapa_1/codebench-mining-tool/util.py", line 551, in extract_complexity_metrics
    v = ComplexityVisitor.from_code(code)
        ^^^^^^^^^^^^^^^^^^^^^^^^^^^^^^^^^
  File "/root/QuestionInsight/.venv/lib/python3.12/site-packages/radon/visitors.py", line 133, in from_code
    return cls.from_ast(code2ast(code), **kwargs)
                        ^^^^^^^^^^^^^^
  File "/root/QuestionInsight/.venv/lib/python3.12/site-packages/radon/visitors.py", line 48, in code2ast
    return ast.parse(source)
           ^^^^^^^^^^^^^^^^^
  File "/usr/lib/python3.12/ast.py", line 52, in parse
    return compile(source, filename, mode, flags,
           ^^^^^^^^^^^^^^^^^^^^^^^^^^^^^^^^^^^^^^
  File "<unknown>", line 1
    espada =
            ^
SyntaxError: invalid syntax
2025-08-18 19:43:29,556 cblogger [ERROR]: 		Error while extracting halsted code metrics: invalid syntax (<unknown>, line 1)
Traceback (most recent call last):
  File "/root/QuestionInsight/Etapa_1/codebench-mining-tool/util.py", line 569, in extract_halstead_metrics
    h = h_visit(code)
        ^^^^^^^^^^^^^
  File "/root/QuestionInsight/.venv/lib/python3.12/site-packages/radon/metrics.py", line 29, in h_visit
    return h_visit_ast(ast.parse(code))
                       ^^^^^^^^^^^^^^^
  File "/usr/lib/python3.12/ast.py", line 52, in parse
    return compile(source, filename, mode, flags,
           ^^^^^^^^^^^^^^^^^^^^^^^^^^^^^^^^^^^^^^
  File "<unknown>", line 1
    espada =
            ^
SyntaxError: invalid syntax
2025-08-18 19:43:29,576 cblogger [ERROR]: 		Error while extracting code complexity metrics: unexpected indent (<unknown>, line 4)
Traceback (most recent call last):
  File "/root/QuestionInsight/Etapa_1/codebench-mining-tool/util.py", line 551, in extract_complexity_metrics
    v = ComplexityVisitor.from_code(code)
        ^^^^^^^^^^^^^^^^^^^^^^^^^^^^^^^^^
  File "/root/QuestionInsight/.venv/lib/python3.12/site-packages/radon/visitors.py", line 133, in from_code
    return cls.from_ast(code2ast(code), **kwargs)
                        ^^^^^^^^^^^^^^
  File "/root/QuestionInsight/.venv/lib/python3.12/site-packages/radon/visitors.py", line 48, in code2ast
    return ast.parse(source)
           ^^^^^^^^^^^^^^^^^
  File "/usr/lib/python3.12/ast.py", line 52, in parse
    return compile(source, filename, mode, flags,
           ^^^^^^^^^^^^^^^^^^^^^^^^^^^^^^^^^^^^^^
  File "<unknown>", line 4
    if( )
IndentationError: unexpected indent
2025-08-18 19:43:29,577 cblogger [ERROR]: 		Error while extracting halsted code metrics: unexpected indent (<unknown>, line 4)
Traceback (most recent call last):
  File "/root/QuestionInsight/Etapa_1/codebench-mining-tool/util.py", line 569, in extract_halstead_metrics
    h = h_visit(code)
        ^^^^^^^^^^^^^
  File "/root/QuestionInsight/.venv/lib/python3.12/site-packages/radon/metrics.py", line 29, in h_visit
    return h_visit_ast(ast.parse(code))
                       ^^^^^^^^^^^^^^^
  File "/usr/lib/python3.12/ast.py", line 52, in parse
    return compile(source, filename, mode, flags,
           ^^^^^^^^^^^^^^^^^^^^^^^^^^^^^^^^^^^^^^
  File "<unknown>", line 4
    if( )
IndentationError: unexpected indent
2025-08-18 19:43:29,642 cblogger [ERROR]: 		Error while extracting code complexity metrics: '(' was never closed (<unknown>, line 7)
Traceback (most recent call last):
  File "/root/QuestionInsight/Etapa_1/codebench-mining-tool/util.py", line 551, in extract_complexity_metrics
    v = ComplexityVisitor.from_code(code)
        ^^^^^^^^^^^^^^^^^^^^^^^^^^^^^^^^^
  File "/root/QuestionInsight/.venv/lib/python3.12/site-packages/radon/visitors.py", line 133, in from_code
    return cls.from_ast(code2ast(code), **kwargs)
                        ^^^^^^^^^^^^^^
  File "/root/QuestionInsight/.venv/lib/python3.12/site-packages/radon/visitors.py", line 48, in code2ast
    return ast.parse(source)
           ^^^^^^^^^^^^^^^^^
  File "/usr/lib/python3.12/ast.py", line 52, in parse
    return compile(source, filename, mode, flags,
           ^^^^^^^^^^^^^^^^^^^^^^^^^^^^^^^^^^^^^^
  File "<unknown>", line 7
    	print(soma(round(33, 8)
    	          ^
SyntaxError: '(' was never closed
2025-08-18 19:43:29,642 cblogger [ERROR]: 		Error while extracting code size based metrics: SyntaxError at line: 7
Traceback (most recent call last):
  File "/root/QuestionInsight/.venv/lib/python3.12/site-packages/radon/raw.py", line 210, in analyze
    tokens, parsed_lines = _get_all_tokens(line, lines)
                           ^^^^^^^^^^^^^^^^^^^^^^^^^^^^
  File "/root/QuestionInsight/.venv/lib/python3.12/site-packages/radon/raw.py", line 117, in _get_all_tokens
    next_line = next(lines)
                ^^^^^^^^^^^
StopIteration

During handling of the above exception, another exception occurred:

Traceback (most recent call last):
  File "/root/QuestionInsight/Etapa_1/codebench-mining-tool/util.py", line 560, in extract_size_metrics
    a = analyze(code)
        ^^^^^^^^^^^^^
  File "/root/QuestionInsight/.venv/lib/python3.12/site-packages/radon/raw.py", line 212, in analyze
    raise SyntaxError('SyntaxError at line: {0}'.format(lineno))
SyntaxError: SyntaxError at line: 7
2025-08-18 19:43:29,643 cblogger [ERROR]: 		Error while extracting halsted code metrics: '(' was never closed (<unknown>, line 7)
Traceback (most recent call last):
  File "/root/QuestionInsight/Etapa_1/codebench-mining-tool/util.py", line 569, in extract_halstead_metrics
    h = h_visit(code)
        ^^^^^^^^^^^^^
  File "/root/QuestionInsight/.venv/lib/python3.12/site-packages/radon/metrics.py", line 29, in h_visit
    return h_visit_ast(ast.parse(code))
                       ^^^^^^^^^^^^^^^
  File "/usr/lib/python3.12/ast.py", line 52, in parse
    return compile(source, filename, mode, flags,
           ^^^^^^^^^^^^^^^^^^^^^^^^^^^^^^^^^^^^^^
  File "<unknown>", line 7
    	print(soma(round(33, 8)
    	          ^
SyntaxError: '(' was never closed
2025-08-18 19:43:29,647 cblogger [ERROR]: 		Error while extracting code complexity metrics: '(' was never closed (<unknown>, line 4)
Traceback (most recent call last):
  File "/root/QuestionInsight/Etapa_1/codebench-mining-tool/util.py", line 551, in extract_complexity_metrics
    v = ComplexityVisitor.from_code(code)
        ^^^^^^^^^^^^^^^^^^^^^^^^^^^^^^^^^
  File "/root/QuestionInsight/.venv/lib/python3.12/site-packages/radon/visitors.py", line 133, in from_code
    return cls.from_ast(code2ast(code), **kwargs)
                        ^^^^^^^^^^^^^^
  File "/root/QuestionInsight/.venv/lib/python3.12/site-packages/radon/visitors.py", line 48, in code2ast
    return ast.parse(source)
           ^^^^^^^^^^^^^^^^^
  File "/usr/lib/python3.12/ast.py", line 52, in parse
    return compile(source, filename, mode, flags,
           ^^^^^^^^^^^^^^^^^^^^^^^^^^^^^^^^^^^^^^
  File "<unknown>", line 4
    m= array((input())
            ^
SyntaxError: '(' was never closed
2025-08-18 19:43:29,648 cblogger [ERROR]: 		Error while extracting code size based metrics: SyntaxError at line: 4
Traceback (most recent call last):
  File "/root/QuestionInsight/.venv/lib/python3.12/site-packages/radon/raw.py", line 210, in analyze
    tokens, parsed_lines = _get_all_tokens(line, lines)
                           ^^^^^^^^^^^^^^^^^^^^^^^^^^^^
  File "/root/QuestionInsight/.venv/lib/python3.12/site-packages/radon/raw.py", line 117, in _get_all_tokens
    next_line = next(lines)
                ^^^^^^^^^^^
StopIteration

During handling of the above exception, another exception occurred:

Traceback (most recent call last):
  File "/root/QuestionInsight/Etapa_1/codebench-mining-tool/util.py", line 560, in extract_size_metrics
    a = analyze(code)
        ^^^^^^^^^^^^^
  File "/root/QuestionInsight/.venv/lib/python3.12/site-packages/radon/raw.py", line 212, in analyze
    raise SyntaxError('SyntaxError at line: {0}'.format(lineno))
SyntaxError: SyntaxError at line: 4
2025-08-18 19:43:29,648 cblogger [ERROR]: 		Error while extracting halsted code metrics: '(' was never closed (<unknown>, line 4)
Traceback (most recent call last):
  File "/root/QuestionInsight/Etapa_1/codebench-mining-tool/util.py", line 569, in extract_halstead_metrics
    h = h_visit(code)
        ^^^^^^^^^^^^^
  File "/root/QuestionInsight/.venv/lib/python3.12/site-packages/radon/metrics.py", line 29, in h_visit
    return h_visit_ast(ast.parse(code))
                       ^^^^^^^^^^^^^^^
  File "/usr/lib/python3.12/ast.py", line 52, in parse
    return compile(source, filename, mode, flags,
           ^^^^^^^^^^^^^^^^^^^^^^^^^^^^^^^^^^^^^^
  File "<unknown>", line 4
    m= array((input())
            ^
SyntaxError: '(' was never closed
2025-08-18 19:43:29,649 cblogger [ERROR]: 		Error while extracting code complexity metrics: unindent does not match any outer indentation level (<unknown>, line 21)
Traceback (most recent call last):
  File "/root/QuestionInsight/Etapa_1/codebench-mining-tool/util.py", line 551, in extract_complexity_metrics
    v = ComplexityVisitor.from_code(code)
        ^^^^^^^^^^^^^^^^^^^^^^^^^^^^^^^^^
  File "/root/QuestionInsight/.venv/lib/python3.12/site-packages/radon/visitors.py", line 133, in from_code
    return cls.from_ast(code2ast(code), **kwargs)
                        ^^^^^^^^^^^^^^
  File "/root/QuestionInsight/.venv/lib/python3.12/site-packages/radon/visitors.py", line 48, in code2ast
    return ast.parse(source)
           ^^^^^^^^^^^^^^^^^
  File "/usr/lib/python3.12/ast.py", line 52, in parse
    return compile(source, filename, mode, flags,
           ^^^^^^^^^^^^^^^^^^^^^^^^^^^^^^^^^^^^^^
  File "<unknown>", line 21
    	for r in (e):
    	             ^
IndentationError: unindent does not match any outer indentation level
2025-08-18 19:43:29,650 cblogger [ERROR]: 		Error while extracting halsted code metrics: unindent does not match any outer indentation level (<unknown>, line 21)
Traceback (most recent call last):
  File "/root/QuestionInsight/Etapa_1/codebench-mining-tool/util.py", line 569, in extract_halstead_metrics
    h = h_visit(code)
        ^^^^^^^^^^^^^
  File "/root/QuestionInsight/.venv/lib/python3.12/site-packages/radon/metrics.py", line 29, in h_visit
    return h_visit_ast(ast.parse(code))
                       ^^^^^^^^^^^^^^^
  File "/usr/lib/python3.12/ast.py", line 52, in parse
    return compile(source, filename, mode, flags,
           ^^^^^^^^^^^^^^^^^^^^^^^^^^^^^^^^^^^^^^
  File "<unknown>", line 21
    	for r in (e):
    	             ^
IndentationError: unindent does not match any outer indentation level
2025-08-18 19:43:29,654 cblogger [ERROR]: 		Error while extracting code complexity metrics: unindent does not match any outer indentation level (<unknown>, line 10)
Traceback (most recent call last):
  File "/root/QuestionInsight/Etapa_1/codebench-mining-tool/util.py", line 551, in extract_complexity_metrics
    v = ComplexityVisitor.from_code(code)
        ^^^^^^^^^^^^^^^^^^^^^^^^^^^^^^^^^
  File "/root/QuestionInsight/.venv/lib/python3.12/site-packages/radon/visitors.py", line 133, in from_code
    return cls.from_ast(code2ast(code), **kwargs)
                        ^^^^^^^^^^^^^^
  File "/root/QuestionInsight/.venv/lib/python3.12/site-packages/radon/visitors.py", line 48, in code2ast
    return ast.parse(source)
           ^^^^^^^^^^^^^^^^^
  File "/usr/lib/python3.12/ast.py", line 52, in parse
    return compile(source, filename, mode, flags,
           ^^^^^^^^^^^^^^^^^^^^^^^^^^^^^^^^^^^^^^
  File "<unknown>", line 10
    t=1
       ^
IndentationError: unindent does not match any outer indentation level
2025-08-18 19:43:29,655 cblogger [ERROR]: 		Error while extracting halsted code metrics: unindent does not match any outer indentation level (<unknown>, line 10)
Traceback (most recent call last):
  File "/root/QuestionInsight/Etapa_1/codebench-mining-tool/util.py", line 569, in extract_halstead_metrics
    h = h_visit(code)
        ^^^^^^^^^^^^^
  File "/root/QuestionInsight/.venv/lib/python3.12/site-packages/radon/metrics.py", line 29, in h_visit
    return h_visit_ast(ast.parse(code))
                       ^^^^^^^^^^^^^^^
  File "/usr/lib/python3.12/ast.py", line 52, in parse
    return compile(source, filename, mode, flags,
           ^^^^^^^^^^^^^^^^^^^^^^^^^^^^^^^^^^^^^^
  File "<unknown>", line 10
    t=1
       ^
IndentationError: unindent does not match any outer indentation level
2025-08-18 19:43:29,670 cblogger [ERROR]: 		Error while extracting code complexity metrics: inconsistent use of tabs and spaces in indentation (<unknown>, line 12)
Traceback (most recent call last):
  File "/root/QuestionInsight/Etapa_1/codebench-mining-tool/util.py", line 551, in extract_complexity_metrics
    v = ComplexityVisitor.from_code(code)
        ^^^^^^^^^^^^^^^^^^^^^^^^^^^^^^^^^
  File "/root/QuestionInsight/.venv/lib/python3.12/site-packages/radon/visitors.py", line 133, in from_code
    return cls.from_ast(code2ast(code), **kwargs)
                        ^^^^^^^^^^^^^^
  File "/root/QuestionInsight/.venv/lib/python3.12/site-packages/radon/visitors.py", line 48, in code2ast
    return ast.parse(source)
           ^^^^^^^^^^^^^^^^^
  File "/usr/lib/python3.12/ast.py", line 52, in parse
    return compile(source, filename, mode, flags,
           ^^^^^^^^^^^^^^^^^^^^^^^^^^^^^^^^^^^^^^
  File "<unknown>", line 12
    			 if(q==kampyo):
    ^
TabError: inconsistent use of tabs and spaces in indentation
2025-08-18 19:43:29,671 cblogger [ERROR]: 		Error while extracting halsted code metrics: inconsistent use of tabs and spaces in indentation (<unknown>, line 12)
Traceback (most recent call last):
  File "/root/QuestionInsight/Etapa_1/codebench-mining-tool/util.py", line 569, in extract_halstead_metrics
    h = h_visit(code)
        ^^^^^^^^^^^^^
  File "/root/QuestionInsight/.venv/lib/python3.12/site-packages/radon/metrics.py", line 29, in h_visit
    return h_visit_ast(ast.parse(code))
                       ^^^^^^^^^^^^^^^
  File "/usr/lib/python3.12/ast.py", line 52, in parse
    return compile(source, filename, mode, flags,
           ^^^^^^^^^^^^^^^^^^^^^^^^^^^^^^^^^^^^^^
  File "<unknown>", line 12
    			 if(q==kampyo):
    ^
TabError: inconsistent use of tabs and spaces in indentation
2025-08-18 19:43:29,678 cblogger [ERROR]: 		Error while extracting code complexity metrics: invalid syntax (<unknown>, line 11)
Traceback (most recent call last):
  File "/root/QuestionInsight/Etapa_1/codebench-mining-tool/util.py", line 551, in extract_complexity_metrics
    v = ComplexityVisitor.from_code(code)
        ^^^^^^^^^^^^^^^^^^^^^^^^^^^^^^^^^
  File "/root/QuestionInsight/.venv/lib/python3.12/site-packages/radon/visitors.py", line 133, in from_code
    return cls.from_ast(code2ast(code), **kwargs)
                        ^^^^^^^^^^^^^^
  File "/root/QuestionInsight/.venv/lib/python3.12/site-packages/radon/visitors.py", line 48, in code2ast
    return ast.parse(source)
           ^^^^^^^^^^^^^^^^^
  File "/usr/lib/python3.12/ast.py", line 52, in parse
    return compile(source, filename, mode, flags,
           ^^^^^^^^^^^^^^^^^^^^^^^^^^^^^^^^^^^^^^
  File "<unknown>", line 11
    else:
    ^^^^
SyntaxError: invalid syntax
2025-08-18 19:43:29,679 cblogger [ERROR]: 		Error while extracting halsted code metrics: invalid syntax (<unknown>, line 11)
Traceback (most recent call last):
  File "/root/QuestionInsight/Etapa_1/codebench-mining-tool/util.py", line 569, in extract_halstead_metrics
    h = h_visit(code)
        ^^^^^^^^^^^^^
  File "/root/QuestionInsight/.venv/lib/python3.12/site-packages/radon/metrics.py", line 29, in h_visit
    return h_visit_ast(ast.parse(code))
                       ^^^^^^^^^^^^^^^
  File "/usr/lib/python3.12/ast.py", line 52, in parse
    return compile(source, filename, mode, flags,
           ^^^^^^^^^^^^^^^^^^^^^^^^^^^^^^^^^^^^^^
  File "<unknown>", line 11
    else:
    ^^^^
SyntaxError: invalid syntax
2025-08-18 19:43:29,685 cblogger [ERROR]: 		Error while extracting code complexity metrics: invalid syntax (<unknown>, line 13)
Traceback (most recent call last):
  File "/root/QuestionInsight/Etapa_1/codebench-mining-tool/util.py", line 551, in extract_complexity_metrics
    v = ComplexityVisitor.from_code(code)
        ^^^^^^^^^^^^^^^^^^^^^^^^^^^^^^^^^
  File "/root/QuestionInsight/.venv/lib/python3.12/site-packages/radon/visitors.py", line 133, in from_code
    return cls.from_ast(code2ast(code), **kwargs)
                        ^^^^^^^^^^^^^^
  File "/root/QuestionInsight/.venv/lib/python3.12/site-packages/radon/visitors.py", line 48, in code2ast
    return ast.parse(source)
           ^^^^^^^^^^^^^^^^^
  File "/usr/lib/python3.12/ast.py", line 52, in parse
    return compile(source, filename, mode, flags,
           ^^^^^^^^^^^^^^^^^^^^^^^^^^^^^^^^^^^^^^
  File "<unknown>", line 13
    	i=
    	  ^
SyntaxError: invalid syntax
2025-08-18 19:43:29,685 cblogger [ERROR]: 		Error while extracting halsted code metrics: invalid syntax (<unknown>, line 13)
Traceback (most recent call last):
  File "/root/QuestionInsight/Etapa_1/codebench-mining-tool/util.py", line 569, in extract_halstead_metrics
    h = h_visit(code)
        ^^^^^^^^^^^^^
  File "/root/QuestionInsight/.venv/lib/python3.12/site-packages/radon/metrics.py", line 29, in h_visit
    return h_visit_ast(ast.parse(code))
                       ^^^^^^^^^^^^^^^
  File "/usr/lib/python3.12/ast.py", line 52, in parse
    return compile(source, filename, mode, flags,
           ^^^^^^^^^^^^^^^^^^^^^^^^^^^^^^^^^^^^^^
  File "<unknown>", line 13
    	i=
    	  ^
SyntaxError: invalid syntax
2025-08-18 19:43:29,739 cblogger [ERROR]: 		Error while extracting code complexity metrics: expression cannot contain assignment, perhaps you meant "=="? (<unknown>, line 2)
Traceback (most recent call last):
  File "/root/QuestionInsight/Etapa_1/codebench-mining-tool/util.py", line 551, in extract_complexity_metrics
    v = ComplexityVisitor.from_code(code)
        ^^^^^^^^^^^^^^^^^^^^^^^^^^^^^^^^^
  File "/root/QuestionInsight/.venv/lib/python3.12/site-packages/radon/visitors.py", line 133, in from_code
    return cls.from_ast(code2ast(code), **kwargs)
                        ^^^^^^^^^^^^^^
  File "/root/QuestionInsight/.venv/lib/python3.12/site-packages/radon/visitors.py", line 48, in code2ast
    return ast.parse(source)
           ^^^^^^^^^^^^^^^^^
  File "/usr/lib/python3.12/ast.py", line 52, in parse
    return compile(source, filename, mode, flags,
           ^^^^^^^^^^^^^^^^^^^^^^^^^^^^^^^^^^^^^^
  File "<unknown>", line 2
    a= float("quantidade de snowberry"=(determinada_quantidade_de_porcao*8.42)/100)
             ^^^^^^^^^^^^^^^^^^^^^^^^^^
SyntaxError: expression cannot contain assignment, perhaps you meant "=="?
2025-08-18 19:43:29,739 cblogger [ERROR]: 		Error while extracting code size based metrics: SyntaxError at line: 3
Traceback (most recent call last):
  File "/root/QuestionInsight/.venv/lib/python3.12/site-packages/radon/raw.py", line 210, in analyze
    tokens, parsed_lines = _get_all_tokens(line, lines)
                           ^^^^^^^^^^^^^^^^^^^^^^^^^^^^
  File "/root/QuestionInsight/.venv/lib/python3.12/site-packages/radon/raw.py", line 117, in _get_all_tokens
    next_line = next(lines)
                ^^^^^^^^^^^
StopIteration

During handling of the above exception, another exception occurred:

Traceback (most recent call last):
  File "/root/QuestionInsight/Etapa_1/codebench-mining-tool/util.py", line 560, in extract_size_metrics
    a = analyze(code)
        ^^^^^^^^^^^^^
  File "/root/QuestionInsight/.venv/lib/python3.12/site-packages/radon/raw.py", line 212, in analyze
    raise SyntaxError('SyntaxError at line: {0}'.format(lineno))
SyntaxError: SyntaxError at line: 3
2025-08-18 19:43:29,740 cblogger [ERROR]: 		Error while extracting halsted code metrics: expression cannot contain assignment, perhaps you meant "=="? (<unknown>, line 2)
Traceback (most recent call last):
  File "/root/QuestionInsight/Etapa_1/codebench-mining-tool/util.py", line 569, in extract_halstead_metrics
    h = h_visit(code)
        ^^^^^^^^^^^^^
  File "/root/QuestionInsight/.venv/lib/python3.12/site-packages/radon/metrics.py", line 29, in h_visit
    return h_visit_ast(ast.parse(code))
                       ^^^^^^^^^^^^^^^
  File "/usr/lib/python3.12/ast.py", line 52, in parse
    return compile(source, filename, mode, flags,
           ^^^^^^^^^^^^^^^^^^^^^^^^^^^^^^^^^^^^^^
  File "<unknown>", line 2
    a= float("quantidade de snowberry"=(determinada_quantidade_de_porcao*8.42)/100)
             ^^^^^^^^^^^^^^^^^^^^^^^^^^
SyntaxError: expression cannot contain assignment, perhaps you meant "=="?
2025-08-18 19:43:29,784 cblogger [ERROR]: 		Error while extracting code complexity metrics: unindent does not match any outer indentation level (<unknown>, line 20)
Traceback (most recent call last):
  File "/root/QuestionInsight/Etapa_1/codebench-mining-tool/util.py", line 551, in extract_complexity_metrics
    v = ComplexityVisitor.from_code(code)
        ^^^^^^^^^^^^^^^^^^^^^^^^^^^^^^^^^
  File "/root/QuestionInsight/.venv/lib/python3.12/site-packages/radon/visitors.py", line 133, in from_code
    return cls.from_ast(code2ast(code), **kwargs)
                        ^^^^^^^^^^^^^^
  File "/root/QuestionInsight/.venv/lib/python3.12/site-packages/radon/visitors.py", line 48, in code2ast
    return ast.parse(source)
           ^^^^^^^^^^^^^^^^^
  File "/usr/lib/python3.12/ast.py", line 52, in parse
    return compile(source, filename, mode, flags,
           ^^^^^^^^^^^^^^^^^^^^^^^^^^^^^^^^^^^^^^
  File "<unknown>", line 20
    if(vn[0]=="BIFE")
                     ^
IndentationError: unindent does not match any outer indentation level
2025-08-18 19:43:29,785 cblogger [ERROR]: 		Error while extracting code size based metrics: SyntaxError at line: 22
Traceback (most recent call last):
  File "/root/QuestionInsight/.venv/lib/python3.12/site-packages/radon/raw.py", line 210, in analyze
    tokens, parsed_lines = _get_all_tokens(line, lines)
                           ^^^^^^^^^^^^^^^^^^^^^^^^^^^^
  File "/root/QuestionInsight/.venv/lib/python3.12/site-packages/radon/raw.py", line 117, in _get_all_tokens
    next_line = next(lines)
                ^^^^^^^^^^^
StopIteration

During handling of the above exception, another exception occurred:

Traceback (most recent call last):
  File "/root/QuestionInsight/Etapa_1/codebench-mining-tool/util.py", line 560, in extract_size_metrics
    a = analyze(code)
        ^^^^^^^^^^^^^
  File "/root/QuestionInsight/.venv/lib/python3.12/site-packages/radon/raw.py", line 212, in analyze
    raise SyntaxError('SyntaxError at line: {0}'.format(lineno))
SyntaxError: SyntaxError at line: 22
2025-08-18 19:43:29,785 cblogger [ERROR]: 		Error while extracting halsted code metrics: unindent does not match any outer indentation level (<unknown>, line 20)
Traceback (most recent call last):
  File "/root/QuestionInsight/Etapa_1/codebench-mining-tool/util.py", line 569, in extract_halstead_metrics
    h = h_visit(code)
        ^^^^^^^^^^^^^
  File "/root/QuestionInsight/.venv/lib/python3.12/site-packages/radon/metrics.py", line 29, in h_visit
    return h_visit_ast(ast.parse(code))
                       ^^^^^^^^^^^^^^^
  File "/usr/lib/python3.12/ast.py", line 52, in parse
    return compile(source, filename, mode, flags,
           ^^^^^^^^^^^^^^^^^^^^^^^^^^^^^^^^^^^^^^
  File "<unknown>", line 20
    if(vn[0]=="BIFE")
                     ^
IndentationError: unindent does not match any outer indentation level
2025-08-18 19:43:30,062 cblogger [ERROR]: 		Error while extracting code complexity metrics: invalid syntax (<unknown>, line 7)
Traceback (most recent call last):
  File "/root/QuestionInsight/Etapa_1/codebench-mining-tool/util.py", line 551, in extract_complexity_metrics
    v = ComplexityVisitor.from_code(code)
        ^^^^^^^^^^^^^^^^^^^^^^^^^^^^^^^^^
  File "/root/QuestionInsight/.venv/lib/python3.12/site-packages/radon/visitors.py", line 133, in from_code
    return cls.from_ast(code2ast(code), **kwargs)
                        ^^^^^^^^^^^^^^
  File "/root/QuestionInsight/.venv/lib/python3.12/site-packages/radon/visitors.py", line 48, in code2ast
    return ast.parse(source)
           ^^^^^^^^^^^^^^^^^
  File "/usr/lib/python3.12/ast.py", line 52, in parse
    return compile(source, filename, mode, flags,
           ^^^^^^^^^^^^^^^^^^^^^^^^^^^^^^^^^^^^^^
  File "<unknown>", line 7
    D=
      ^
SyntaxError: invalid syntax
2025-08-18 19:43:30,063 cblogger [ERROR]: 		Error while extracting halsted code metrics: invalid syntax (<unknown>, line 7)
Traceback (most recent call last):
  File "/root/QuestionInsight/Etapa_1/codebench-mining-tool/util.py", line 569, in extract_halstead_metrics
    h = h_visit(code)
        ^^^^^^^^^^^^^
  File "/root/QuestionInsight/.venv/lib/python3.12/site-packages/radon/metrics.py", line 29, in h_visit
    return h_visit_ast(ast.parse(code))
                       ^^^^^^^^^^^^^^^
  File "/usr/lib/python3.12/ast.py", line 52, in parse
    return compile(source, filename, mode, flags,
           ^^^^^^^^^^^^^^^^^^^^^^^^^^^^^^^^^^^^^^
  File "<unknown>", line 7
    D=
      ^
SyntaxError: invalid syntax
2025-08-18 19:43:30,100 cblogger [ERROR]: 		Error while extracting code complexity metrics: expected ':' (<unknown>, line 5)
Traceback (most recent call last):
  File "/root/QuestionInsight/Etapa_1/codebench-mining-tool/util.py", line 551, in extract_complexity_metrics
    v = ComplexityVisitor.from_code(code)
        ^^^^^^^^^^^^^^^^^^^^^^^^^^^^^^^^^
  File "/root/QuestionInsight/.venv/lib/python3.12/site-packages/radon/visitors.py", line 133, in from_code
    return cls.from_ast(code2ast(code), **kwargs)
                        ^^^^^^^^^^^^^^
  File "/root/QuestionInsight/.venv/lib/python3.12/site-packages/radon/visitors.py", line 48, in code2ast
    return ast.parse(source)
           ^^^^^^^^^^^^^^^^^
  File "/usr/lib/python3.12/ast.py", line 52, in parse
    return compile(source, filename, mode, flags,
           ^^^^^^^^^^^^^^^^^^^^^^^^^^^^^^^^^^^^^^
  File "<unknown>", line 5
    	if[(minutos>=100) and (minutos<=200)]
    	                                     ^
SyntaxError: expected ':'
2025-08-18 19:43:30,101 cblogger [ERROR]: 		Error while extracting halsted code metrics: expected ':' (<unknown>, line 5)
Traceback (most recent call last):
  File "/root/QuestionInsight/Etapa_1/codebench-mining-tool/util.py", line 569, in extract_halstead_metrics
    h = h_visit(code)
        ^^^^^^^^^^^^^
  File "/root/QuestionInsight/.venv/lib/python3.12/site-packages/radon/metrics.py", line 29, in h_visit
    return h_visit_ast(ast.parse(code))
                       ^^^^^^^^^^^^^^^
  File "/usr/lib/python3.12/ast.py", line 52, in parse
    return compile(source, filename, mode, flags,
           ^^^^^^^^^^^^^^^^^^^^^^^^^^^^^^^^^^^^^^
  File "<unknown>", line 5
    	if[(minutos>=100) and (minutos<=200)]
    	                                     ^
SyntaxError: expected ':'
2025-08-18 19:43:30,147 cblogger [ERROR]: 		Error while extracting code complexity metrics: unmatched ')' (<unknown>, line 11)
Traceback (most recent call last):
  File "/root/QuestionInsight/Etapa_1/codebench-mining-tool/util.py", line 551, in extract_complexity_metrics
    v = ComplexityVisitor.from_code(code)
        ^^^^^^^^^^^^^^^^^^^^^^^^^^^^^^^^^
  File "/root/QuestionInsight/.venv/lib/python3.12/site-packages/radon/visitors.py", line 133, in from_code
    return cls.from_ast(code2ast(code), **kwargs)
                        ^^^^^^^^^^^^^^
  File "/root/QuestionInsight/.venv/lib/python3.12/site-packages/radon/visitors.py", line 48, in code2ast
    return ast.parse(source)
           ^^^^^^^^^^^^^^^^^
  File "/usr/lib/python3.12/ast.py", line 52, in parse
    return compile(source, filename, mode, flags,
           ^^^^^^^^^^^^^^^^^^^^^^^^^^^^^^^^^^^^^^
  File "<unknown>", line 11
    	pi = pi + (4*sinal)/(indice)*(indice+1)*(indice+2))
    	                                                  ^
SyntaxError: unmatched ')'
2025-08-18 19:43:30,148 cblogger [ERROR]: 		Error while extracting halsted code metrics: unmatched ')' (<unknown>, line 11)
Traceback (most recent call last):
  File "/root/QuestionInsight/Etapa_1/codebench-mining-tool/util.py", line 569, in extract_halstead_metrics
    h = h_visit(code)
        ^^^^^^^^^^^^^
  File "/root/QuestionInsight/.venv/lib/python3.12/site-packages/radon/metrics.py", line 29, in h_visit
    return h_visit_ast(ast.parse(code))
                       ^^^^^^^^^^^^^^^
  File "/usr/lib/python3.12/ast.py", line 52, in parse
    return compile(source, filename, mode, flags,
           ^^^^^^^^^^^^^^^^^^^^^^^^^^^^^^^^^^^^^^
  File "<unknown>", line 11
    	pi = pi + (4*sinal)/(indice)*(indice+1)*(indice+2))
    	                                                  ^
SyntaxError: unmatched ')'
2025-08-18 19:43:30,284 cblogger [ERROR]: 		Error while extracting code complexity metrics: invalid syntax (<unknown>, line 7)
Traceback (most recent call last):
  File "/root/QuestionInsight/Etapa_1/codebench-mining-tool/util.py", line 551, in extract_complexity_metrics
    v = ComplexityVisitor.from_code(code)
        ^^^^^^^^^^^^^^^^^^^^^^^^^^^^^^^^^
  File "/root/QuestionInsight/.venv/lib/python3.12/site-packages/radon/visitors.py", line 133, in from_code
    return cls.from_ast(code2ast(code), **kwargs)
                        ^^^^^^^^^^^^^^
  File "/root/QuestionInsight/.venv/lib/python3.12/site-packages/radon/visitors.py", line 48, in code2ast
    return ast.parse(source)
           ^^^^^^^^^^^^^^^^^
  File "/usr/lib/python3.12/ast.py", line 52, in parse
    return compile(source, filename, mode, flags,
           ^^^^^^^^^^^^^^^^^^^^^^^^^^^^^^^^^^^^^^
  File "<unknown>", line 7
    		elif x%2==0:
    		^^^^
SyntaxError: invalid syntax
2025-08-18 19:43:30,285 cblogger [ERROR]: 		Error while extracting halsted code metrics: invalid syntax (<unknown>, line 7)
Traceback (most recent call last):
  File "/root/QuestionInsight/Etapa_1/codebench-mining-tool/util.py", line 569, in extract_halstead_metrics
    h = h_visit(code)
        ^^^^^^^^^^^^^
  File "/root/QuestionInsight/.venv/lib/python3.12/site-packages/radon/metrics.py", line 29, in h_visit
    return h_visit_ast(ast.parse(code))
                       ^^^^^^^^^^^^^^^
  File "/usr/lib/python3.12/ast.py", line 52, in parse
    return compile(source, filename, mode, flags,
           ^^^^^^^^^^^^^^^^^^^^^^^^^^^^^^^^^^^^^^
  File "<unknown>", line 7
    		elif x%2==0:
    		^^^^
SyntaxError: invalid syntax
2025-08-18 19:43:30,365 cblogger [ERROR]: 		Error while extracting code complexity metrics: expected ':' (<unknown>, line 3)
Traceback (most recent call last):
  File "/root/QuestionInsight/Etapa_1/codebench-mining-tool/util.py", line 551, in extract_complexity_metrics
    v = ComplexityVisitor.from_code(code)
        ^^^^^^^^^^^^^^^^^^^^^^^^^^^^^^^^^
  File "/root/QuestionInsight/.venv/lib/python3.12/site-packages/radon/visitors.py", line 133, in from_code
    return cls.from_ast(code2ast(code), **kwargs)
                        ^^^^^^^^^^^^^^
  File "/root/QuestionInsight/.venv/lib/python3.12/site-packages/radon/visitors.py", line 48, in code2ast
    return ast.parse(source)
           ^^^^^^^^^^^^^^^^^
  File "/usr/lib/python3.12/ast.py", line 52, in parse
    return compile(source, filename, mode, flags,
           ^^^^^^^^^^^^^^^^^^^^^^^^^^^^^^^^^^^^^^
  File "<unknown>", line 3
    if (area<= 10.000) 
                       ^
SyntaxError: expected ':'
2025-08-18 19:43:30,367 cblogger [ERROR]: 		Error while extracting code size based metrics: SyntaxError at line: 6
Traceback (most recent call last):
  File "/root/QuestionInsight/.venv/lib/python3.12/site-packages/radon/raw.py", line 210, in analyze
    tokens, parsed_lines = _get_all_tokens(line, lines)
                           ^^^^^^^^^^^^^^^^^^^^^^^^^^^^
  File "/root/QuestionInsight/.venv/lib/python3.12/site-packages/radon/raw.py", line 117, in _get_all_tokens
    next_line = next(lines)
                ^^^^^^^^^^^
StopIteration

During handling of the above exception, another exception occurred:

Traceback (most recent call last):
  File "/root/QuestionInsight/Etapa_1/codebench-mining-tool/util.py", line 560, in extract_size_metrics
    a = analyze(code)
        ^^^^^^^^^^^^^
  File "/root/QuestionInsight/.venv/lib/python3.12/site-packages/radon/raw.py", line 212, in analyze
    raise SyntaxError('SyntaxError at line: {0}'.format(lineno))
SyntaxError: SyntaxError at line: 6
2025-08-18 19:43:30,368 cblogger [ERROR]: 		Error while extracting halsted code metrics: expected ':' (<unknown>, line 3)
Traceback (most recent call last):
  File "/root/QuestionInsight/Etapa_1/codebench-mining-tool/util.py", line 569, in extract_halstead_metrics
    h = h_visit(code)
        ^^^^^^^^^^^^^
  File "/root/QuestionInsight/.venv/lib/python3.12/site-packages/radon/metrics.py", line 29, in h_visit
    return h_visit_ast(ast.parse(code))
                       ^^^^^^^^^^^^^^^
  File "/usr/lib/python3.12/ast.py", line 52, in parse
    return compile(source, filename, mode, flags,
           ^^^^^^^^^^^^^^^^^^^^^^^^^^^^^^^^^^^^^^
  File "<unknown>", line 3
    if (area<= 10.000) 
                       ^
SyntaxError: expected ':'
2025-08-18 19:43:30,380 cblogger [ERROR]: 		Error while extracting code complexity metrics: '(' was never closed (<unknown>, line 3)
Traceback (most recent call last):
  File "/root/QuestionInsight/Etapa_1/codebench-mining-tool/util.py", line 551, in extract_complexity_metrics
    v = ComplexityVisitor.from_code(code)
        ^^^^^^^^^^^^^^^^^^^^^^^^^^^^^^^^^
  File "/root/QuestionInsight/.venv/lib/python3.12/site-packages/radon/visitors.py", line 133, in from_code
    return cls.from_ast(code2ast(code), **kwargs)
                        ^^^^^^^^^^^^^^
  File "/root/QuestionInsight/.venv/lib/python3.12/site-packages/radon/visitors.py", line 48, in code2ast
    return ast.parse(source)
           ^^^^^^^^^^^^^^^^^
  File "/usr/lib/python3.12/ast.py", line 52, in parse
    return compile(source, filename, mode, flags,
           ^^^^^^^^^^^^^^^^^^^^^^^^^^^^^^^^^^^^^^
  File "<unknown>", line 3
    vet= array(int(input(""))
              ^
SyntaxError: '(' was never closed
2025-08-18 19:43:30,382 cblogger [ERROR]: 		Error while extracting code size based metrics: SyntaxError at line: 3
Traceback (most recent call last):
  File "/root/QuestionInsight/.venv/lib/python3.12/site-packages/radon/raw.py", line 210, in analyze
    tokens, parsed_lines = _get_all_tokens(line, lines)
                           ^^^^^^^^^^^^^^^^^^^^^^^^^^^^
  File "/root/QuestionInsight/.venv/lib/python3.12/site-packages/radon/raw.py", line 117, in _get_all_tokens
    next_line = next(lines)
                ^^^^^^^^^^^
StopIteration

During handling of the above exception, another exception occurred:

Traceback (most recent call last):
  File "/root/QuestionInsight/Etapa_1/codebench-mining-tool/util.py", line 560, in extract_size_metrics
    a = analyze(code)
        ^^^^^^^^^^^^^
  File "/root/QuestionInsight/.venv/lib/python3.12/site-packages/radon/raw.py", line 212, in analyze
    raise SyntaxError('SyntaxError at line: {0}'.format(lineno))
SyntaxError: SyntaxError at line: 3
2025-08-18 19:43:30,382 cblogger [ERROR]: 		Error while extracting halsted code metrics: '(' was never closed (<unknown>, line 3)
Traceback (most recent call last):
  File "/root/QuestionInsight/Etapa_1/codebench-mining-tool/util.py", line 569, in extract_halstead_metrics
    h = h_visit(code)
        ^^^^^^^^^^^^^
  File "/root/QuestionInsight/.venv/lib/python3.12/site-packages/radon/metrics.py", line 29, in h_visit
    return h_visit_ast(ast.parse(code))
                       ^^^^^^^^^^^^^^^
  File "/usr/lib/python3.12/ast.py", line 52, in parse
    return compile(source, filename, mode, flags,
           ^^^^^^^^^^^^^^^^^^^^^^^^^^^^^^^^^^^^^^
  File "<unknown>", line 3
    vet= array(int(input(""))
              ^
SyntaxError: '(' was never closed
2025-08-18 19:43:30,408 cblogger [ERROR]: 		Error while extracting code complexity metrics: expected ':' (<unknown>, line 5)
Traceback (most recent call last):
  File "/root/QuestionInsight/Etapa_1/codebench-mining-tool/util.py", line 551, in extract_complexity_metrics
    v = ComplexityVisitor.from_code(code)
        ^^^^^^^^^^^^^^^^^^^^^^^^^^^^^^^^^
  File "/root/QuestionInsight/.venv/lib/python3.12/site-packages/radon/visitors.py", line 133, in from_code
    return cls.from_ast(code2ast(code), **kwargs)
                        ^^^^^^^^^^^^^^
  File "/root/QuestionInsight/.venv/lib/python3.12/site-packages/radon/visitors.py", line 48, in code2ast
    return ast.parse(source)
           ^^^^^^^^^^^^^^^^^
  File "/usr/lib/python3.12/ast.py", line 52, in parse
    return compile(source, filename, mode, flags,
           ^^^^^^^^^^^^^^^^^^^^^^^^^^^^^^^^^^^^^^
  File "<unknown>", line 5
    while ((v[i]) <=3 )
                       ^
SyntaxError: expected ':'
2025-08-18 19:43:30,409 cblogger [ERROR]: 		Error while extracting halsted code metrics: expected ':' (<unknown>, line 5)
Traceback (most recent call last):
  File "/root/QuestionInsight/Etapa_1/codebench-mining-tool/util.py", line 569, in extract_halstead_metrics
    h = h_visit(code)
        ^^^^^^^^^^^^^
  File "/root/QuestionInsight/.venv/lib/python3.12/site-packages/radon/metrics.py", line 29, in h_visit
    return h_visit_ast(ast.parse(code))
                       ^^^^^^^^^^^^^^^
  File "/usr/lib/python3.12/ast.py", line 52, in parse
    return compile(source, filename, mode, flags,
           ^^^^^^^^^^^^^^^^^^^^^^^^^^^^^^^^^^^^^^
  File "<unknown>", line 5
    while ((v[i]) <=3 )
                       ^
SyntaxError: expected ':'
2025-08-18 19:43:30,451 cblogger [ERROR]: 		Error while extracting code complexity metrics: '(' was never closed (<unknown>, line 8)
Traceback (most recent call last):
  File "/root/QuestionInsight/Etapa_1/codebench-mining-tool/util.py", line 551, in extract_complexity_metrics
    v = ComplexityVisitor.from_code(code)
        ^^^^^^^^^^^^^^^^^^^^^^^^^^^^^^^^^
  File "/root/QuestionInsight/.venv/lib/python3.12/site-packages/radon/visitors.py", line 133, in from_code
    return cls.from_ast(code2ast(code), **kwargs)
                        ^^^^^^^^^^^^^^
  File "/root/QuestionInsight/.venv/lib/python3.12/site-packages/radon/visitors.py", line 48, in code2ast
    return ast.parse(source)
           ^^^^^^^^^^^^^^^^^
  File "/usr/lib/python3.12/ast.py", line 52, in parse
    return compile(source, filename, mode, flags,
           ^^^^^^^^^^^^^^^^^^^^^^^^^^^^^^^^^^^^^^
  File "<unknown>", line 8
    	p = (v[3:2]
    	    ^
SyntaxError: '(' was never closed
2025-08-18 19:43:30,451 cblogger [ERROR]: 		Error while extracting code size based metrics: SyntaxError at line: 8
Traceback (most recent call last):
  File "/root/QuestionInsight/.venv/lib/python3.12/site-packages/radon/raw.py", line 210, in analyze
    tokens, parsed_lines = _get_all_tokens(line, lines)
                           ^^^^^^^^^^^^^^^^^^^^^^^^^^^^
  File "/root/QuestionInsight/.venv/lib/python3.12/site-packages/radon/raw.py", line 117, in _get_all_tokens
    next_line = next(lines)
                ^^^^^^^^^^^
StopIteration

During handling of the above exception, another exception occurred:

Traceback (most recent call last):
  File "/root/QuestionInsight/Etapa_1/codebench-mining-tool/util.py", line 560, in extract_size_metrics
    a = analyze(code)
        ^^^^^^^^^^^^^
  File "/root/QuestionInsight/.venv/lib/python3.12/site-packages/radon/raw.py", line 212, in analyze
    raise SyntaxError('SyntaxError at line: {0}'.format(lineno))
SyntaxError: SyntaxError at line: 8
2025-08-18 19:43:30,453 cblogger [ERROR]: 		Error while extracting halsted code metrics: '(' was never closed (<unknown>, line 8)
Traceback (most recent call last):
  File "/root/QuestionInsight/Etapa_1/codebench-mining-tool/util.py", line 569, in extract_halstead_metrics
    h = h_visit(code)
        ^^^^^^^^^^^^^
  File "/root/QuestionInsight/.venv/lib/python3.12/site-packages/radon/metrics.py", line 29, in h_visit
    return h_visit_ast(ast.parse(code))
                       ^^^^^^^^^^^^^^^
  File "/usr/lib/python3.12/ast.py", line 52, in parse
    return compile(source, filename, mode, flags,
           ^^^^^^^^^^^^^^^^^^^^^^^^^^^^^^^^^^^^^^
  File "<unknown>", line 8
    	p = (v[3:2]
    	    ^
SyntaxError: '(' was never closed
2025-08-18 19:43:30,572 cblogger [ERROR]: 		Error while extracting code complexity metrics: unexpected indent (<unknown>, line 9)
Traceback (most recent call last):
  File "/root/QuestionInsight/Etapa_1/codebench-mining-tool/util.py", line 551, in extract_complexity_metrics
    v = ComplexityVisitor.from_code(code)
        ^^^^^^^^^^^^^^^^^^^^^^^^^^^^^^^^^
  File "/root/QuestionInsight/.venv/lib/python3.12/site-packages/radon/visitors.py", line 133, in from_code
    return cls.from_ast(code2ast(code), **kwargs)
                        ^^^^^^^^^^^^^^
  File "/root/QuestionInsight/.venv/lib/python3.12/site-packages/radon/visitors.py", line 48, in code2ast
    return ast.parse(source)
           ^^^^^^^^^^^^^^^^^
  File "/usr/lib/python3.12/ast.py", line 52, in parse
    return compile(source, filename, mode, flags,
           ^^^^^^^^^^^^^^^^^^^^^^^^^^^^^^^^^^^^^^
  File "<unknown>", line 9
    	else
    ^
IndentationError: unexpected indent
2025-08-18 19:43:30,572 cblogger [ERROR]: 		Error while extracting halsted code metrics: unexpected indent (<unknown>, line 9)
Traceback (most recent call last):
  File "/root/QuestionInsight/Etapa_1/codebench-mining-tool/util.py", line 569, in extract_halstead_metrics
    h = h_visit(code)
        ^^^^^^^^^^^^^
  File "/root/QuestionInsight/.venv/lib/python3.12/site-packages/radon/metrics.py", line 29, in h_visit
    return h_visit_ast(ast.parse(code))
                       ^^^^^^^^^^^^^^^
  File "/usr/lib/python3.12/ast.py", line 52, in parse
    return compile(source, filename, mode, flags,
           ^^^^^^^^^^^^^^^^^^^^^^^^^^^^^^^^^^^^^^
  File "<unknown>", line 9
    	else
    ^
IndentationError: unexpected indent
2025-08-18 19:43:30,592 cblogger [ERROR]: 		Error while extracting code complexity metrics: invalid syntax (<unknown>, line 5)
Traceback (most recent call last):
  File "/root/QuestionInsight/Etapa_1/codebench-mining-tool/util.py", line 551, in extract_complexity_metrics
    v = ComplexityVisitor.from_code(code)
        ^^^^^^^^^^^^^^^^^^^^^^^^^^^^^^^^^
  File "/root/QuestionInsight/.venv/lib/python3.12/site-packages/radon/visitors.py", line 133, in from_code
    return cls.from_ast(code2ast(code), **kwargs)
                        ^^^^^^^^^^^^^^
  File "/root/QuestionInsight/.venv/lib/python3.12/site-packages/radon/visitors.py", line 48, in code2ast
    return ast.parse(source)
           ^^^^^^^^^^^^^^^^^
  File "/usr/lib/python3.12/ast.py", line 52, in parse
    return compile(source, filename, mode, flags,
           ^^^^^^^^^^^^^^^^^^^^^^^^^^^^^^^^^^^^^^
  File "<unknown>", line 5
    if (2<== or >==20)
           ^
SyntaxError: invalid syntax
2025-08-18 19:43:30,592 cblogger [ERROR]: 		Error while extracting halsted code metrics: invalid syntax (<unknown>, line 5)
Traceback (most recent call last):
  File "/root/QuestionInsight/Etapa_1/codebench-mining-tool/util.py", line 569, in extract_halstead_metrics
    h = h_visit(code)
        ^^^^^^^^^^^^^
  File "/root/QuestionInsight/.venv/lib/python3.12/site-packages/radon/metrics.py", line 29, in h_visit
    return h_visit_ast(ast.parse(code))
                       ^^^^^^^^^^^^^^^
  File "/usr/lib/python3.12/ast.py", line 52, in parse
    return compile(source, filename, mode, flags,
           ^^^^^^^^^^^^^^^^^^^^^^^^^^^^^^^^^^^^^^
  File "<unknown>", line 5
    if (2<== or >==20)
           ^
SyntaxError: invalid syntax
2025-08-18 19:43:30,979 cblogger [ERROR]: 		Error while extracting code complexity metrics: invalid syntax. Perhaps you forgot a comma? (<unknown>, line 4)
Traceback (most recent call last):
  File "/root/QuestionInsight/Etapa_1/codebench-mining-tool/util.py", line 551, in extract_complexity_metrics
    v = ComplexityVisitor.from_code(code)
        ^^^^^^^^^^^^^^^^^^^^^^^^^^^^^^^^^
  File "/root/QuestionInsight/.venv/lib/python3.12/site-packages/radon/visitors.py", line 133, in from_code
    return cls.from_ast(code2ast(code), **kwargs)
                        ^^^^^^^^^^^^^^
  File "/root/QuestionInsight/.venv/lib/python3.12/site-packages/radon/visitors.py", line 48, in code2ast
    return ast.parse(source)
           ^^^^^^^^^^^^^^^^^
  File "/usr/lib/python3.12/ast.py", line 52, in parse
    return compile(source, filename, mode, flags,
           ^^^^^^^^^^^^^^^^^^^^^^^^^^^^^^^^^^^^^^
  File "<unknown>", line 4
    BASTAO=(a*2.5 round, 2)
            ^^^^^^^^^^^
SyntaxError: invalid syntax. Perhaps you forgot a comma?
2025-08-18 19:43:30,980 cblogger [ERROR]: 		Error while extracting halsted code metrics: invalid syntax. Perhaps you forgot a comma? (<unknown>, line 4)
Traceback (most recent call last):
  File "/root/QuestionInsight/Etapa_1/codebench-mining-tool/util.py", line 569, in extract_halstead_metrics
    h = h_visit(code)
        ^^^^^^^^^^^^^
  File "/root/QuestionInsight/.venv/lib/python3.12/site-packages/radon/metrics.py", line 29, in h_visit
    return h_visit_ast(ast.parse(code))
                       ^^^^^^^^^^^^^^^
  File "/usr/lib/python3.12/ast.py", line 52, in parse
    return compile(source, filename, mode, flags,
           ^^^^^^^^^^^^^^^^^^^^^^^^^^^^^^^^^^^^^^
  File "<unknown>", line 4
    BASTAO=(a*2.5 round, 2)
            ^^^^^^^^^^^
SyntaxError: invalid syntax. Perhaps you forgot a comma?
2025-08-18 19:43:31,021 cblogger [ERROR]: 		Error while extracting code complexity metrics: '(' was never closed (<unknown>, line 3)
Traceback (most recent call last):
  File "/root/QuestionInsight/Etapa_1/codebench-mining-tool/util.py", line 551, in extract_complexity_metrics
    v = ComplexityVisitor.from_code(code)
        ^^^^^^^^^^^^^^^^^^^^^^^^^^^^^^^^^
  File "/root/QuestionInsight/.venv/lib/python3.12/site-packages/radon/visitors.py", line 133, in from_code
    return cls.from_ast(code2ast(code), **kwargs)
                        ^^^^^^^^^^^^^^
  File "/root/QuestionInsight/.venv/lib/python3.12/site-packages/radon/visitors.py", line 48, in code2ast
    return ast.parse(source)
           ^^^^^^^^^^^^^^^^^
  File "/usr/lib/python3.12/ast.py", line 52, in parse
    return compile(source, filename, mode, flags,
           ^^^^^^^^^^^^^^^^^^^^^^^^^^^^^^^^^^^^^^
  File "<unknown>", line 3
    v= array(eval(int(())
                 ^
SyntaxError: '(' was never closed
2025-08-18 19:43:31,021 cblogger [ERROR]: 		Error while extracting code size based metrics: SyntaxError at line: 3
Traceback (most recent call last):
  File "/root/QuestionInsight/.venv/lib/python3.12/site-packages/radon/raw.py", line 210, in analyze
    tokens, parsed_lines = _get_all_tokens(line, lines)
                           ^^^^^^^^^^^^^^^^^^^^^^^^^^^^
  File "/root/QuestionInsight/.venv/lib/python3.12/site-packages/radon/raw.py", line 117, in _get_all_tokens
    next_line = next(lines)
                ^^^^^^^^^^^
StopIteration

During handling of the above exception, another exception occurred:

Traceback (most recent call last):
  File "/root/QuestionInsight/Etapa_1/codebench-mining-tool/util.py", line 560, in extract_size_metrics
    a = analyze(code)
        ^^^^^^^^^^^^^
  File "/root/QuestionInsight/.venv/lib/python3.12/site-packages/radon/raw.py", line 212, in analyze
    raise SyntaxError('SyntaxError at line: {0}'.format(lineno))
SyntaxError: SyntaxError at line: 3
2025-08-18 19:43:31,022 cblogger [ERROR]: 		Error while extracting halsted code metrics: '(' was never closed (<unknown>, line 3)
Traceback (most recent call last):
  File "/root/QuestionInsight/Etapa_1/codebench-mining-tool/util.py", line 569, in extract_halstead_metrics
    h = h_visit(code)
        ^^^^^^^^^^^^^
  File "/root/QuestionInsight/.venv/lib/python3.12/site-packages/radon/metrics.py", line 29, in h_visit
    return h_visit_ast(ast.parse(code))
                       ^^^^^^^^^^^^^^^
  File "/usr/lib/python3.12/ast.py", line 52, in parse
    return compile(source, filename, mode, flags,
           ^^^^^^^^^^^^^^^^^^^^^^^^^^^^^^^^^^^^^^
  File "<unknown>", line 3
    v= array(eval(int(())
                 ^
SyntaxError: '(' was never closed
2025-08-18 19:43:31,023 cblogger [ERROR]: 		Error while extracting code complexity metrics: expected an indented block after 'if' statement on line 15 (<unknown>, line 16)
Traceback (most recent call last):
  File "/root/QuestionInsight/Etapa_1/codebench-mining-tool/util.py", line 551, in extract_complexity_metrics
    v = ComplexityVisitor.from_code(code)
        ^^^^^^^^^^^^^^^^^^^^^^^^^^^^^^^^^
  File "/root/QuestionInsight/.venv/lib/python3.12/site-packages/radon/visitors.py", line 133, in from_code
    return cls.from_ast(code2ast(code), **kwargs)
                        ^^^^^^^^^^^^^^
  File "/root/QuestionInsight/.venv/lib/python3.12/site-packages/radon/visitors.py", line 48, in code2ast
    return ast.parse(source)
           ^^^^^^^^^^^^^^^^^
  File "/usr/lib/python3.12/ast.py", line 52, in parse
    return compile(source, filename, mode, flags,
           ^^^^^^^^^^^^^^^^^^^^^^^^^^^^^^^^^^^^^^
  File "<unknown>", line 16
    	else:
    	^^^^
IndentationError: expected an indented block after 'if' statement on line 15
2025-08-18 19:43:31,024 cblogger [ERROR]: 		Error while extracting halsted code metrics: expected an indented block after 'if' statement on line 15 (<unknown>, line 16)
Traceback (most recent call last):
  File "/root/QuestionInsight/Etapa_1/codebench-mining-tool/util.py", line 569, in extract_halstead_metrics
    h = h_visit(code)
        ^^^^^^^^^^^^^
  File "/root/QuestionInsight/.venv/lib/python3.12/site-packages/radon/metrics.py", line 29, in h_visit
    return h_visit_ast(ast.parse(code))
                       ^^^^^^^^^^^^^^^
  File "/usr/lib/python3.12/ast.py", line 52, in parse
    return compile(source, filename, mode, flags,
           ^^^^^^^^^^^^^^^^^^^^^^^^^^^^^^^^^^^^^^
  File "<unknown>", line 16
    	else:
    	^^^^
IndentationError: expected an indented block after 'if' statement on line 15
2025-08-18 19:43:31,037 cblogger [ERROR]: 		Error while extracting code complexity metrics: expected an indented block after 'if' statement on line 5 (<unknown>, line 6)
Traceback (most recent call last):
  File "/root/QuestionInsight/Etapa_1/codebench-mining-tool/util.py", line 551, in extract_complexity_metrics
    v = ComplexityVisitor.from_code(code)
        ^^^^^^^^^^^^^^^^^^^^^^^^^^^^^^^^^
  File "/root/QuestionInsight/.venv/lib/python3.12/site-packages/radon/visitors.py", line 133, in from_code
    return cls.from_ast(code2ast(code), **kwargs)
                        ^^^^^^^^^^^^^^
  File "/root/QuestionInsight/.venv/lib/python3.12/site-packages/radon/visitors.py", line 48, in code2ast
    return ast.parse(source)
           ^^^^^^^^^^^^^^^^^
  File "/usr/lib/python3.12/ast.py", line 52, in parse
    return compile(source, filename, mode, flags,
           ^^^^^^^^^^^^^^^^^^^^^^^^^^^^^^^^^^^^^^
  File "<unknown>", line 6
    	cont = cont + 1
    	^^^^
IndentationError: expected an indented block after 'if' statement on line 5
2025-08-18 19:43:31,038 cblogger [ERROR]: 		Error while extracting halsted code metrics: expected an indented block after 'if' statement on line 5 (<unknown>, line 6)
Traceback (most recent call last):
  File "/root/QuestionInsight/Etapa_1/codebench-mining-tool/util.py", line 569, in extract_halstead_metrics
    h = h_visit(code)
        ^^^^^^^^^^^^^
  File "/root/QuestionInsight/.venv/lib/python3.12/site-packages/radon/metrics.py", line 29, in h_visit
    return h_visit_ast(ast.parse(code))
                       ^^^^^^^^^^^^^^^
  File "/usr/lib/python3.12/ast.py", line 52, in parse
    return compile(source, filename, mode, flags,
           ^^^^^^^^^^^^^^^^^^^^^^^^^^^^^^^^^^^^^^
  File "<unknown>", line 6
    	cont = cont + 1
    	^^^^
IndentationError: expected an indented block after 'if' statement on line 5
2025-08-18 19:43:31,184 cblogger [ERROR]: 		Error while extracting code complexity metrics: expected ':' (<unknown>, line 4)
Traceback (most recent call last):
  File "/root/QuestionInsight/Etapa_1/codebench-mining-tool/util.py", line 551, in extract_complexity_metrics
    v = ComplexityVisitor.from_code(code)
        ^^^^^^^^^^^^^^^^^^^^^^^^^^^^^^^^^
  File "/root/QuestionInsight/.venv/lib/python3.12/site-packages/radon/visitors.py", line 133, in from_code
    return cls.from_ast(code2ast(code), **kwargs)
                        ^^^^^^^^^^^^^^
  File "/root/QuestionInsight/.venv/lib/python3.12/site-packages/radon/visitors.py", line 48, in code2ast
    return ast.parse(source)
           ^^^^^^^^^^^^^^^^^
  File "/usr/lib/python3.12/ast.py", line 52, in parse
    return compile(source, filename, mode, flags,
           ^^^^^^^^^^^^^^^^^^^^^^^^^^^^^^^^^^^^^^
  File "<unknown>", line 4
    if ()
         ^
SyntaxError: expected ':'
2025-08-18 19:43:31,184 cblogger [ERROR]: 		Error while extracting halsted code metrics: expected ':' (<unknown>, line 4)
Traceback (most recent call last):
  File "/root/QuestionInsight/Etapa_1/codebench-mining-tool/util.py", line 569, in extract_halstead_metrics
    h = h_visit(code)
        ^^^^^^^^^^^^^
  File "/root/QuestionInsight/.venv/lib/python3.12/site-packages/radon/metrics.py", line 29, in h_visit
    return h_visit_ast(ast.parse(code))
                       ^^^^^^^^^^^^^^^
  File "/usr/lib/python3.12/ast.py", line 52, in parse
    return compile(source, filename, mode, flags,
           ^^^^^^^^^^^^^^^^^^^^^^^^^^^^^^^^^^^^^^
  File "<unknown>", line 4
    if ()
         ^
SyntaxError: expected ':'
2025-08-18 19:43:31,328 cblogger [ERROR]: 		Error while extracting code complexity metrics: expected ':' (<unknown>, line 4)
Traceback (most recent call last):
  File "/root/QuestionInsight/Etapa_1/codebench-mining-tool/util.py", line 551, in extract_complexity_metrics
    v = ComplexityVisitor.from_code(code)
        ^^^^^^^^^^^^^^^^^^^^^^^^^^^^^^^^^
  File "/root/QuestionInsight/.venv/lib/python3.12/site-packages/radon/visitors.py", line 133, in from_code
    return cls.from_ast(code2ast(code), **kwargs)
                        ^^^^^^^^^^^^^^
  File "/root/QuestionInsight/.venv/lib/python3.12/site-packages/radon/visitors.py", line 48, in code2ast
    return ast.parse(source)
           ^^^^^^^^^^^^^^^^^
  File "/usr/lib/python3.12/ast.py", line 52, in parse
    return compile(source, filename, mode, flags,
           ^^^^^^^^^^^^^^^^^^^^^^^^^^^^^^^^^^^^^^
  File "<unknown>", line 4
    if (x == "BANANA")
                      ^
SyntaxError: expected ':'
2025-08-18 19:43:31,329 cblogger [ERROR]: 		Error while extracting halsted code metrics: expected ':' (<unknown>, line 4)
Traceback (most recent call last):
  File "/root/QuestionInsight/Etapa_1/codebench-mining-tool/util.py", line 569, in extract_halstead_metrics
    h = h_visit(code)
        ^^^^^^^^^^^^^
  File "/root/QuestionInsight/.venv/lib/python3.12/site-packages/radon/metrics.py", line 29, in h_visit
    return h_visit_ast(ast.parse(code))
                       ^^^^^^^^^^^^^^^
  File "/usr/lib/python3.12/ast.py", line 52, in parse
    return compile(source, filename, mode, flags,
           ^^^^^^^^^^^^^^^^^^^^^^^^^^^^^^^^^^^^^^
  File "<unknown>", line 4
    if (x == "BANANA")
                      ^
SyntaxError: expected ':'
2025-08-18 19:43:31,465 cblogger [ERROR]: 		Error while extracting code complexity metrics: expected an indented block after 'for' statement on line 6 (<unknown>, line 8)
Traceback (most recent call last):
  File "/root/QuestionInsight/Etapa_1/codebench-mining-tool/util.py", line 551, in extract_complexity_metrics
    v = ComplexityVisitor.from_code(code)
        ^^^^^^^^^^^^^^^^^^^^^^^^^^^^^^^^^
  File "/root/QuestionInsight/.venv/lib/python3.12/site-packages/radon/visitors.py", line 133, in from_code
    return cls.from_ast(code2ast(code), **kwargs)
                        ^^^^^^^^^^^^^^
  File "/root/QuestionInsight/.venv/lib/python3.12/site-packages/radon/visitors.py", line 48, in code2ast
    return ast.parse(source)
           ^^^^^^^^^^^^^^^^^
  File "/usr/lib/python3.12/ast.py", line 52, in parse
    return compile(source, filename, mode, flags,
           ^^^^^^^^^^^^^^^^^^^^^^^^^^^^^^^^^^^^^^
  File "<unknown>", line 8
    	print(round(mat,2))
    	^^^^^
IndentationError: expected an indented block after 'for' statement on line 6
2025-08-18 19:43:31,465 cblogger [ERROR]: 		Error while extracting halsted code metrics: expected an indented block after 'for' statement on line 6 (<unknown>, line 8)
Traceback (most recent call last):
  File "/root/QuestionInsight/Etapa_1/codebench-mining-tool/util.py", line 569, in extract_halstead_metrics
    h = h_visit(code)
        ^^^^^^^^^^^^^
  File "/root/QuestionInsight/.venv/lib/python3.12/site-packages/radon/metrics.py", line 29, in h_visit
    return h_visit_ast(ast.parse(code))
                       ^^^^^^^^^^^^^^^
  File "/usr/lib/python3.12/ast.py", line 52, in parse
    return compile(source, filename, mode, flags,
           ^^^^^^^^^^^^^^^^^^^^^^^^^^^^^^^^^^^^^^
  File "<unknown>", line 8
    	print(round(mat,2))
    	^^^^^
IndentationError: expected an indented block after 'for' statement on line 6
2025-08-18 19:43:31,887 cblogger [ERROR]: 		Error while extracting code complexity metrics: expected an indented block after 'while' statement on line 5 (<unknown>, line 5)
Traceback (most recent call last):
  File "/root/QuestionInsight/Etapa_1/codebench-mining-tool/util.py", line 551, in extract_complexity_metrics
    v = ComplexityVisitor.from_code(code)
        ^^^^^^^^^^^^^^^^^^^^^^^^^^^^^^^^^
  File "/root/QuestionInsight/.venv/lib/python3.12/site-packages/radon/visitors.py", line 133, in from_code
    return cls.from_ast(code2ast(code), **kwargs)
                        ^^^^^^^^^^^^^^
  File "/root/QuestionInsight/.venv/lib/python3.12/site-packages/radon/visitors.py", line 48, in code2ast
    return ast.parse(source)
           ^^^^^^^^^^^^^^^^^
  File "/usr/lib/python3.12/ast.py", line 52, in parse
    return compile(source, filename, mode, flags,
           ^^^^^^^^^^^^^^^^^^^^^^^^^^^^^^^^^^^^^^
  File "<unknown>", line 5
    while (i):
              ^
IndentationError: expected an indented block after 'while' statement on line 5
2025-08-18 19:43:31,888 cblogger [ERROR]: 		Error while extracting halsted code metrics: expected an indented block after 'while' statement on line 5 (<unknown>, line 5)
Traceback (most recent call last):
  File "/root/QuestionInsight/Etapa_1/codebench-mining-tool/util.py", line 569, in extract_halstead_metrics
    h = h_visit(code)
        ^^^^^^^^^^^^^
  File "/root/QuestionInsight/.venv/lib/python3.12/site-packages/radon/metrics.py", line 29, in h_visit
    return h_visit_ast(ast.parse(code))
                       ^^^^^^^^^^^^^^^
  File "/usr/lib/python3.12/ast.py", line 52, in parse
    return compile(source, filename, mode, flags,
           ^^^^^^^^^^^^^^^^^^^^^^^^^^^^^^^^^^^^^^
  File "<unknown>", line 5
    while (i):
              ^
IndentationError: expected an indented block after 'while' statement on line 5
2025-08-18 19:43:31,894 cblogger [ERROR]: 		Error while extracting code complexity metrics: invalid syntax (<unknown>, line 1)
Traceback (most recent call last):
  File "/root/QuestionInsight/Etapa_1/codebench-mining-tool/util.py", line 551, in extract_complexity_metrics
    v = ComplexityVisitor.from_code(code)
        ^^^^^^^^^^^^^^^^^^^^^^^^^^^^^^^^^
  File "/root/QuestionInsight/.venv/lib/python3.12/site-packages/radon/visitors.py", line 133, in from_code
    return cls.from_ast(code2ast(code), **kwargs)
                        ^^^^^^^^^^^^^^
  File "/root/QuestionInsight/.venv/lib/python3.12/site-packages/radon/visitors.py", line 48, in code2ast
    return ast.parse(source)
           ^^^^^^^^^^^^^^^^^
  File "/usr/lib/python3.12/ast.py", line 52, in parse
    return compile(source, filename, mode, flags,
           ^^^^^^^^^^^^^^^^^^^^^^^^^^^^^^^^^^^^^^
  File "<unknown>", line 1
    from math import
                    ^
SyntaxError: invalid syntax
2025-08-18 19:43:31,894 cblogger [ERROR]: 		Error while extracting halsted code metrics: invalid syntax (<unknown>, line 1)
Traceback (most recent call last):
  File "/root/QuestionInsight/Etapa_1/codebench-mining-tool/util.py", line 569, in extract_halstead_metrics
    h = h_visit(code)
        ^^^^^^^^^^^^^
  File "/root/QuestionInsight/.venv/lib/python3.12/site-packages/radon/metrics.py", line 29, in h_visit
    return h_visit_ast(ast.parse(code))
                       ^^^^^^^^^^^^^^^
  File "/usr/lib/python3.12/ast.py", line 52, in parse
    return compile(source, filename, mode, flags,
           ^^^^^^^^^^^^^^^^^^^^^^^^^^^^^^^^^^^^^^
  File "<unknown>", line 1
    from math import
                    ^
SyntaxError: invalid syntax
2025-08-18 19:43:32,091 cblogger [ERROR]: 		Error while extracting code complexity metrics: '(' was never closed (<unknown>, line 16)
Traceback (most recent call last):
  File "/root/QuestionInsight/Etapa_1/codebench-mining-tool/util.py", line 551, in extract_complexity_metrics
    v = ComplexityVisitor.from_code(code)
        ^^^^^^^^^^^^^^^^^^^^^^^^^^^^^^^^^
  File "/root/QuestionInsight/.venv/lib/python3.12/site-packages/radon/visitors.py", line 133, in from_code
    return cls.from_ast(code2ast(code), **kwargs)
                        ^^^^^^^^^^^^^^
  File "/root/QuestionInsight/.venv/lib/python3.12/site-packages/radon/visitors.py", line 48, in code2ast
    return ast.parse(source)
           ^^^^^^^^^^^^^^^^^
  File "/usr/lib/python3.12/ast.py", line 52, in parse
    return compile(source, filename, mode, flags,
           ^^^^^^^^^^^^^^^^^^^^^^^^^^^^^^^^^^^^^^
  File "<unknown>", line 16
    if(normal 
      ^
SyntaxError: '(' was never closed
2025-08-18 19:43:32,092 cblogger [ERROR]: 		Error while extracting code size based metrics: SyntaxError at line: 16
Traceback (most recent call last):
  File "/root/QuestionInsight/.venv/lib/python3.12/site-packages/radon/raw.py", line 210, in analyze
    tokens, parsed_lines = _get_all_tokens(line, lines)
                           ^^^^^^^^^^^^^^^^^^^^^^^^^^^^
  File "/root/QuestionInsight/.venv/lib/python3.12/site-packages/radon/raw.py", line 117, in _get_all_tokens
    next_line = next(lines)
                ^^^^^^^^^^^
StopIteration

During handling of the above exception, another exception occurred:

Traceback (most recent call last):
  File "/root/QuestionInsight/Etapa_1/codebench-mining-tool/util.py", line 560, in extract_size_metrics
    a = analyze(code)
        ^^^^^^^^^^^^^
  File "/root/QuestionInsight/.venv/lib/python3.12/site-packages/radon/raw.py", line 212, in analyze
    raise SyntaxError('SyntaxError at line: {0}'.format(lineno))
SyntaxError: SyntaxError at line: 16
2025-08-18 19:43:32,093 cblogger [ERROR]: 		Error while extracting halsted code metrics: '(' was never closed (<unknown>, line 16)
Traceback (most recent call last):
  File "/root/QuestionInsight/Etapa_1/codebench-mining-tool/util.py", line 569, in extract_halstead_metrics
    h = h_visit(code)
        ^^^^^^^^^^^^^
  File "/root/QuestionInsight/.venv/lib/python3.12/site-packages/radon/metrics.py", line 29, in h_visit
    return h_visit_ast(ast.parse(code))
                       ^^^^^^^^^^^^^^^
  File "/usr/lib/python3.12/ast.py", line 52, in parse
    return compile(source, filename, mode, flags,
           ^^^^^^^^^^^^^^^^^^^^^^^^^^^^^^^^^^^^^^
  File "<unknown>", line 16
    if(normal 
      ^
SyntaxError: '(' was never closed
2025-08-18 19:43:32,134 cblogger [ERROR]: 		Error while extracting code complexity metrics: invalid syntax (<unknown>, line 11)
Traceback (most recent call last):
  File "/root/QuestionInsight/Etapa_1/codebench-mining-tool/util.py", line 551, in extract_complexity_metrics
    v = ComplexityVisitor.from_code(code)
        ^^^^^^^^^^^^^^^^^^^^^^^^^^^^^^^^^
  File "/root/QuestionInsight/.venv/lib/python3.12/site-packages/radon/visitors.py", line 133, in from_code
    return cls.from_ast(code2ast(code), **kwargs)
                        ^^^^^^^^^^^^^^
  File "/root/QuestionInsight/.venv/lib/python3.12/site-packages/radon/visitors.py", line 48, in code2ast
    return ast.parse(source)
           ^^^^^^^^^^^^^^^^^
  File "/usr/lib/python3.12/ast.py", line 52, in parse
    return compile(source, filename, mode, flags,
           ^^^^^^^^^^^^^^^^^^^^^^^^^^^^^^^^^^^^^^
  File "<unknown>", line 11
    	ndata = 
    	        ^
SyntaxError: invalid syntax
2025-08-18 19:43:32,136 cblogger [ERROR]: 		Error while extracting halsted code metrics: invalid syntax (<unknown>, line 11)
Traceback (most recent call last):
  File "/root/QuestionInsight/Etapa_1/codebench-mining-tool/util.py", line 569, in extract_halstead_metrics
    h = h_visit(code)
        ^^^^^^^^^^^^^
  File "/root/QuestionInsight/.venv/lib/python3.12/site-packages/radon/metrics.py", line 29, in h_visit
    return h_visit_ast(ast.parse(code))
                       ^^^^^^^^^^^^^^^
  File "/usr/lib/python3.12/ast.py", line 52, in parse
    return compile(source, filename, mode, flags,
           ^^^^^^^^^^^^^^^^^^^^^^^^^^^^^^^^^^^^^^
  File "<unknown>", line 11
    	ndata = 
    	        ^
SyntaxError: invalid syntax
2025-08-18 19:43:32,182 cblogger [ERROR]: 		Error while extracting code complexity metrics: invalid syntax. Perhaps you forgot a comma? (<unknown>, line 19)
Traceback (most recent call last):
  File "/root/QuestionInsight/Etapa_1/codebench-mining-tool/util.py", line 551, in extract_complexity_metrics
    v = ComplexityVisitor.from_code(code)
        ^^^^^^^^^^^^^^^^^^^^^^^^^^^^^^^^^
  File "/root/QuestionInsight/.venv/lib/python3.12/site-packages/radon/visitors.py", line 133, in from_code
    return cls.from_ast(code2ast(code), **kwargs)
                        ^^^^^^^^^^^^^^
  File "/root/QuestionInsight/.venv/lib/python3.12/site-packages/radon/visitors.py", line 48, in code2ast
    return ast.parse(source)
           ^^^^^^^^^^^^^^^^^
  File "/usr/lib/python3.12/ast.py", line 52, in parse
    return compile(source, filename, mode, flags,
           ^^^^^^^^^^^^^^^^^^^^^^^^^^^^^^^^^^^^^^
  File "<unknown>", line 19
    print(int round((QtdTotal),2))
          ^^^^^^^^^^^^^^^^^^^^^^^
SyntaxError: invalid syntax. Perhaps you forgot a comma?
2025-08-18 19:43:32,183 cblogger [ERROR]: 		Error while extracting halsted code metrics: invalid syntax. Perhaps you forgot a comma? (<unknown>, line 19)
Traceback (most recent call last):
  File "/root/QuestionInsight/Etapa_1/codebench-mining-tool/util.py", line 569, in extract_halstead_metrics
    h = h_visit(code)
        ^^^^^^^^^^^^^
  File "/root/QuestionInsight/.venv/lib/python3.12/site-packages/radon/metrics.py", line 29, in h_visit
    return h_visit_ast(ast.parse(code))
                       ^^^^^^^^^^^^^^^
  File "/usr/lib/python3.12/ast.py", line 52, in parse
    return compile(source, filename, mode, flags,
           ^^^^^^^^^^^^^^^^^^^^^^^^^^^^^^^^^^^^^^
  File "<unknown>", line 19
    print(int round((QtdTotal),2))
          ^^^^^^^^^^^^^^^^^^^^^^^
SyntaxError: invalid syntax. Perhaps you forgot a comma?
2025-08-18 19:43:32,266 cblogger [ERROR]: 		Error while extracting code complexity metrics: invalid syntax (<unknown>, line 4)
Traceback (most recent call last):
  File "/root/QuestionInsight/Etapa_1/codebench-mining-tool/util.py", line 551, in extract_complexity_metrics
    v = ComplexityVisitor.from_code(code)
        ^^^^^^^^^^^^^^^^^^^^^^^^^^^^^^^^^
  File "/root/QuestionInsight/.venv/lib/python3.12/site-packages/radon/visitors.py", line 133, in from_code
    return cls.from_ast(code2ast(code), **kwargs)
                        ^^^^^^^^^^^^^^
  File "/root/QuestionInsight/.venv/lib/python3.12/site-packages/radon/visitors.py", line 48, in code2ast
    return ast.parse(source)
           ^^^^^^^^^^^^^^^^^
  File "/usr/lib/python3.12/ast.py", line 52, in parse
    return compile(source, filename, mode, flags,
           ^^^^^^^^^^^^^^^^^^^^^^^^^^^^^^^^^^^^^^
  File "<unknown>", line 4
    while(size(vet)=!1):
                   ^
SyntaxError: invalid syntax
2025-08-18 19:43:32,267 cblogger [ERROR]: 		Error while extracting halsted code metrics: invalid syntax (<unknown>, line 4)
Traceback (most recent call last):
  File "/root/QuestionInsight/Etapa_1/codebench-mining-tool/util.py", line 569, in extract_halstead_metrics
    h = h_visit(code)
        ^^^^^^^^^^^^^
  File "/root/QuestionInsight/.venv/lib/python3.12/site-packages/radon/metrics.py", line 29, in h_visit
    return h_visit_ast(ast.parse(code))
                       ^^^^^^^^^^^^^^^
  File "/usr/lib/python3.12/ast.py", line 52, in parse
    return compile(source, filename, mode, flags,
           ^^^^^^^^^^^^^^^^^^^^^^^^^^^^^^^^^^^^^^
  File "<unknown>", line 4
    while(size(vet)=!1):
                   ^
SyntaxError: invalid syntax
2025-08-18 19:43:32,373 cblogger [ERROR]: 		Error while extracting code complexity metrics: invalid syntax (<unknown>, line 4)
Traceback (most recent call last):
  File "/root/QuestionInsight/Etapa_1/codebench-mining-tool/util.py", line 551, in extract_complexity_metrics
    v = ComplexityVisitor.from_code(code)
        ^^^^^^^^^^^^^^^^^^^^^^^^^^^^^^^^^
  File "/root/QuestionInsight/.venv/lib/python3.12/site-packages/radon/visitors.py", line 133, in from_code
    return cls.from_ast(code2ast(code), **kwargs)
                        ^^^^^^^^^^^^^^
  File "/root/QuestionInsight/.venv/lib/python3.12/site-packages/radon/visitors.py", line 48, in code2ast
    return ast.parse(source)
           ^^^^^^^^^^^^^^^^^
  File "/usr/lib/python3.12/ast.py", line 52, in parse
    return compile(source, filename, mode, flags,
           ^^^^^^^^^^^^^^^^^^^^^^^^^^^^^^^^^^^^^^
  File "<unknown>", line 4
    if = 1
       ^
SyntaxError: invalid syntax
2025-08-18 19:43:32,374 cblogger [ERROR]: 		Error while extracting halsted code metrics: invalid syntax (<unknown>, line 4)
Traceback (most recent call last):
  File "/root/QuestionInsight/Etapa_1/codebench-mining-tool/util.py", line 569, in extract_halstead_metrics
    h = h_visit(code)
        ^^^^^^^^^^^^^
  File "/root/QuestionInsight/.venv/lib/python3.12/site-packages/radon/metrics.py", line 29, in h_visit
    return h_visit_ast(ast.parse(code))
                       ^^^^^^^^^^^^^^^
  File "/usr/lib/python3.12/ast.py", line 52, in parse
    return compile(source, filename, mode, flags,
           ^^^^^^^^^^^^^^^^^^^^^^^^^^^^^^^^^^^^^^
  File "<unknown>", line 4
    if = 1
       ^
SyntaxError: invalid syntax
2025-08-18 19:43:32,376 cblogger [ERROR]: 		Error while extracting code complexity metrics: '(' was never closed (<unknown>, line 4)
Traceback (most recent call last):
  File "/root/QuestionInsight/Etapa_1/codebench-mining-tool/util.py", line 551, in extract_complexity_metrics
    v = ComplexityVisitor.from_code(code)
        ^^^^^^^^^^^^^^^^^^^^^^^^^^^^^^^^^
  File "/root/QuestionInsight/.venv/lib/python3.12/site-packages/radon/visitors.py", line 133, in from_code
    return cls.from_ast(code2ast(code), **kwargs)
                        ^^^^^^^^^^^^^^
  File "/root/QuestionInsight/.venv/lib/python3.12/site-packages/radon/visitors.py", line 48, in code2ast
    return ast.parse(source)
           ^^^^^^^^^^^^^^^^^
  File "/usr/lib/python3.12/ast.py", line 52, in parse
    return compile(source, filename, mode, flags,
           ^^^^^^^^^^^^^^^^^^^^^^^^^^^^^^^^^^^^^^
  File "<unknown>", line 4
    q = int(input("")
           ^
SyntaxError: '(' was never closed
2025-08-18 19:43:32,376 cblogger [ERROR]: 		Error while extracting code size based metrics: SyntaxError at line: 4
Traceback (most recent call last):
  File "/root/QuestionInsight/.venv/lib/python3.12/site-packages/radon/raw.py", line 210, in analyze
    tokens, parsed_lines = _get_all_tokens(line, lines)
                           ^^^^^^^^^^^^^^^^^^^^^^^^^^^^
  File "/root/QuestionInsight/.venv/lib/python3.12/site-packages/radon/raw.py", line 117, in _get_all_tokens
    next_line = next(lines)
                ^^^^^^^^^^^
StopIteration

During handling of the above exception, another exception occurred:

Traceback (most recent call last):
  File "/root/QuestionInsight/Etapa_1/codebench-mining-tool/util.py", line 560, in extract_size_metrics
    a = analyze(code)
        ^^^^^^^^^^^^^
  File "/root/QuestionInsight/.venv/lib/python3.12/site-packages/radon/raw.py", line 212, in analyze
    raise SyntaxError('SyntaxError at line: {0}'.format(lineno))
SyntaxError: SyntaxError at line: 4
2025-08-18 19:43:32,377 cblogger [ERROR]: 		Error while extracting halsted code metrics: '(' was never closed (<unknown>, line 4)
Traceback (most recent call last):
  File "/root/QuestionInsight/Etapa_1/codebench-mining-tool/util.py", line 569, in extract_halstead_metrics
    h = h_visit(code)
        ^^^^^^^^^^^^^
  File "/root/QuestionInsight/.venv/lib/python3.12/site-packages/radon/metrics.py", line 29, in h_visit
    return h_visit_ast(ast.parse(code))
                       ^^^^^^^^^^^^^^^
  File "/usr/lib/python3.12/ast.py", line 52, in parse
    return compile(source, filename, mode, flags,
           ^^^^^^^^^^^^^^^^^^^^^^^^^^^^^^^^^^^^^^
  File "<unknown>", line 4
    q = int(input("")
           ^
SyntaxError: '(' was never closed
2025-08-18 19:43:33,074 cblogger [ERROR]: 		Error while extracting code complexity metrics: invalid syntax (<unknown>, line 2)
Traceback (most recent call last):
  File "/root/QuestionInsight/Etapa_1/codebench-mining-tool/util.py", line 551, in extract_complexity_metrics
    v = ComplexityVisitor.from_code(code)
        ^^^^^^^^^^^^^^^^^^^^^^^^^^^^^^^^^
  File "/root/QuestionInsight/.venv/lib/python3.12/site-packages/radon/visitors.py", line 133, in from_code
    return cls.from_ast(code2ast(code), **kwargs)
                        ^^^^^^^^^^^^^^
  File "/root/QuestionInsight/.venv/lib/python3.12/site-packages/radon/visitors.py", line 48, in code2ast
    return ast.parse(source)
           ^^^^^^^^^^^^^^^^^
  File "/usr/lib/python3.12/ast.py", line 52, in parse
    return compile(source, filename, mode, flags,
           ^^^^^^^^^^^^^^^^^^^^^^^^^^^^^^^^^^^^^^
  File "<unknown>", line 2
    from manpy.loading import
                             ^
SyntaxError: invalid syntax
2025-08-18 19:43:33,074 cblogger [ERROR]: 		Error while extracting halsted code metrics: invalid syntax (<unknown>, line 2)
Traceback (most recent call last):
  File "/root/QuestionInsight/Etapa_1/codebench-mining-tool/util.py", line 569, in extract_halstead_metrics
    h = h_visit(code)
        ^^^^^^^^^^^^^
  File "/root/QuestionInsight/.venv/lib/python3.12/site-packages/radon/metrics.py", line 29, in h_visit
    return h_visit_ast(ast.parse(code))
                       ^^^^^^^^^^^^^^^
  File "/usr/lib/python3.12/ast.py", line 52, in parse
    return compile(source, filename, mode, flags,
           ^^^^^^^^^^^^^^^^^^^^^^^^^^^^^^^^^^^^^^
  File "<unknown>", line 2
    from manpy.loading import
                             ^
SyntaxError: invalid syntax
2025-08-18 19:43:33,078 cblogger [ERROR]: 		Error while extracting code complexity metrics: invalid syntax (<unknown>, line 7)
Traceback (most recent call last):
  File "/root/QuestionInsight/Etapa_1/codebench-mining-tool/util.py", line 551, in extract_complexity_metrics
    v = ComplexityVisitor.from_code(code)
        ^^^^^^^^^^^^^^^^^^^^^^^^^^^^^^^^^
  File "/root/QuestionInsight/.venv/lib/python3.12/site-packages/radon/visitors.py", line 133, in from_code
    return cls.from_ast(code2ast(code), **kwargs)
                        ^^^^^^^^^^^^^^
  File "/root/QuestionInsight/.venv/lib/python3.12/site-packages/radon/visitors.py", line 48, in code2ast
    return ast.parse(source)
           ^^^^^^^^^^^^^^^^^
  File "/usr/lib/python3.12/ast.py", line 52, in parse
    return compile(source, filename, mode, flags,
           ^^^^^^^^^^^^^^^^^^^^^^^^^^^^^^^^^^^^^^
  File "<unknown>", line 7
    	qr= qo -qg*
    	           ^
SyntaxError: invalid syntax
2025-08-18 19:43:33,079 cblogger [ERROR]: 		Error while extracting halsted code metrics: invalid syntax (<unknown>, line 7)
Traceback (most recent call last):
  File "/root/QuestionInsight/Etapa_1/codebench-mining-tool/util.py", line 569, in extract_halstead_metrics
    h = h_visit(code)
        ^^^^^^^^^^^^^
  File "/root/QuestionInsight/.venv/lib/python3.12/site-packages/radon/metrics.py", line 29, in h_visit
    return h_visit_ast(ast.parse(code))
                       ^^^^^^^^^^^^^^^
  File "/usr/lib/python3.12/ast.py", line 52, in parse
    return compile(source, filename, mode, flags,
           ^^^^^^^^^^^^^^^^^^^^^^^^^^^^^^^^^^^^^^
  File "<unknown>", line 7
    	qr= qo -qg*
    	           ^
SyntaxError: invalid syntax
2025-08-18 19:43:33,156 cblogger [ERROR]: 		Error while extracting code complexity metrics: expected ':' (<unknown>, line 4)
Traceback (most recent call last):
  File "/root/QuestionInsight/Etapa_1/codebench-mining-tool/util.py", line 551, in extract_complexity_metrics
    v = ComplexityVisitor.from_code(code)
        ^^^^^^^^^^^^^^^^^^^^^^^^^^^^^^^^^
  File "/root/QuestionInsight/.venv/lib/python3.12/site-packages/radon/visitors.py", line 133, in from_code
    return cls.from_ast(code2ast(code), **kwargs)
                        ^^^^^^^^^^^^^^
  File "/root/QuestionInsight/.venv/lib/python3.12/site-packages/radon/visitors.py", line 48, in code2ast
    return ast.parse(source)
           ^^^^^^^^^^^^^^^^^
  File "/usr/lib/python3.12/ast.py", line 52, in parse
    return compile(source, filename, mode, flags,
           ^^^^^^^^^^^^^^^^^^^^^^^^^^^^^^^^^^^^^^
  File "<unknown>", line 4
    if ()
         ^
SyntaxError: expected ':'
2025-08-18 19:43:33,157 cblogger [ERROR]: 		Error while extracting halsted code metrics: expected ':' (<unknown>, line 4)
Traceback (most recent call last):
  File "/root/QuestionInsight/Etapa_1/codebench-mining-tool/util.py", line 569, in extract_halstead_metrics
    h = h_visit(code)
        ^^^^^^^^^^^^^
  File "/root/QuestionInsight/.venv/lib/python3.12/site-packages/radon/metrics.py", line 29, in h_visit
    return h_visit_ast(ast.parse(code))
                       ^^^^^^^^^^^^^^^
  File "/usr/lib/python3.12/ast.py", line 52, in parse
    return compile(source, filename, mode, flags,
           ^^^^^^^^^^^^^^^^^^^^^^^^^^^^^^^^^^^^^^
  File "<unknown>", line 4
    if ()
         ^
SyntaxError: expected ':'
2025-08-18 19:43:33,174 cblogger [ERROR]: 		Error while extracting code complexity metrics: positional argument follows keyword argument (<unknown>, line 4)
Traceback (most recent call last):
  File "/root/QuestionInsight/Etapa_1/codebench-mining-tool/util.py", line 551, in extract_complexity_metrics
    v = ComplexityVisitor.from_code(code)
        ^^^^^^^^^^^^^^^^^^^^^^^^^^^^^^^^^
  File "/root/QuestionInsight/.venv/lib/python3.12/site-packages/radon/visitors.py", line 133, in from_code
    return cls.from_ast(code2ast(code), **kwargs)
                        ^^^^^^^^^^^^^^
  File "/root/QuestionInsight/.venv/lib/python3.12/site-packages/radon/visitors.py", line 48, in code2ast
    return ast.parse(source)
           ^^^^^^^^^^^^^^^^^
  File "/usr/lib/python3.12/ast.py", line 52, in parse
    return compile(source, filename, mode, flags,
           ^^^^^^^^^^^^^^^^^^^^^^^^^^^^^^^^^^^^^^
  File "<unknown>", line 4
    print(float(round(valor = consumo* 1.20 +1.00, 2)))
                                                    ^
SyntaxError: positional argument follows keyword argument
2025-08-18 19:43:33,174 cblogger [ERROR]: 		Error while extracting halsted code metrics: positional argument follows keyword argument (<unknown>, line 4)
Traceback (most recent call last):
  File "/root/QuestionInsight/Etapa_1/codebench-mining-tool/util.py", line 569, in extract_halstead_metrics
    h = h_visit(code)
        ^^^^^^^^^^^^^
  File "/root/QuestionInsight/.venv/lib/python3.12/site-packages/radon/metrics.py", line 29, in h_visit
    return h_visit_ast(ast.parse(code))
                       ^^^^^^^^^^^^^^^
  File "/usr/lib/python3.12/ast.py", line 52, in parse
    return compile(source, filename, mode, flags,
           ^^^^^^^^^^^^^^^^^^^^^^^^^^^^^^^^^^^^^^
  File "<unknown>", line 4
    print(float(round(valor = consumo* 1.20 +1.00, 2)))
                                                    ^
SyntaxError: positional argument follows keyword argument
2025-08-18 19:43:33,247 cblogger [ERROR]: 		Error while extracting code complexity metrics: '(' was never closed (<unknown>, line 7)
Traceback (most recent call last):
  File "/root/QuestionInsight/Etapa_1/codebench-mining-tool/util.py", line 551, in extract_complexity_metrics
    v = ComplexityVisitor.from_code(code)
        ^^^^^^^^^^^^^^^^^^^^^^^^^^^^^^^^^
  File "/root/QuestionInsight/.venv/lib/python3.12/site-packages/radon/visitors.py", line 133, in from_code
    return cls.from_ast(code2ast(code), **kwargs)
                        ^^^^^^^^^^^^^^
  File "/root/QuestionInsight/.venv/lib/python3.12/site-packages/radon/visitors.py", line 48, in code2ast
    return ast.parse(source)
           ^^^^^^^^^^^^^^^^^
  File "/usr/lib/python3.12/ast.py", line 52, in parse
    return compile(source, filename, mode, flags,
           ^^^^^^^^^^^^^^^^^^^^^^^^^^^^^^^^^^^^^^
  File "<unknown>", line 7
    	print(round(comissao2,2)
    	     ^
SyntaxError: '(' was never closed
2025-08-18 19:43:33,248 cblogger [ERROR]: 		Error while extracting code size based metrics: SyntaxError at line: 7
Traceback (most recent call last):
  File "/root/QuestionInsight/.venv/lib/python3.12/site-packages/radon/raw.py", line 210, in analyze
    tokens, parsed_lines = _get_all_tokens(line, lines)
                           ^^^^^^^^^^^^^^^^^^^^^^^^^^^^
  File "/root/QuestionInsight/.venv/lib/python3.12/site-packages/radon/raw.py", line 117, in _get_all_tokens
    next_line = next(lines)
                ^^^^^^^^^^^
StopIteration

During handling of the above exception, another exception occurred:

Traceback (most recent call last):
  File "/root/QuestionInsight/Etapa_1/codebench-mining-tool/util.py", line 560, in extract_size_metrics
    a = analyze(code)
        ^^^^^^^^^^^^^
  File "/root/QuestionInsight/.venv/lib/python3.12/site-packages/radon/raw.py", line 212, in analyze
    raise SyntaxError('SyntaxError at line: {0}'.format(lineno))
SyntaxError: SyntaxError at line: 7
2025-08-18 19:43:33,248 cblogger [ERROR]: 		Error while extracting halsted code metrics: '(' was never closed (<unknown>, line 7)
Traceback (most recent call last):
  File "/root/QuestionInsight/Etapa_1/codebench-mining-tool/util.py", line 569, in extract_halstead_metrics
    h = h_visit(code)
        ^^^^^^^^^^^^^
  File "/root/QuestionInsight/.venv/lib/python3.12/site-packages/radon/metrics.py", line 29, in h_visit
    return h_visit_ast(ast.parse(code))
                       ^^^^^^^^^^^^^^^
  File "/usr/lib/python3.12/ast.py", line 52, in parse
    return compile(source, filename, mode, flags,
           ^^^^^^^^^^^^^^^^^^^^^^^^^^^^^^^^^^^^^^
  File "<unknown>", line 7
    	print(round(comissao2,2)
    	     ^
SyntaxError: '(' was never closed
2025-08-18 19:43:33,254 cblogger [ERROR]: 		Error while extracting code complexity metrics: invalid syntax (<unknown>, line 6)
Traceback (most recent call last):
  File "/root/QuestionInsight/Etapa_1/codebench-mining-tool/util.py", line 551, in extract_complexity_metrics
    v = ComplexityVisitor.from_code(code)
        ^^^^^^^^^^^^^^^^^^^^^^^^^^^^^^^^^
  File "/root/QuestionInsight/.venv/lib/python3.12/site-packages/radon/visitors.py", line 133, in from_code
    return cls.from_ast(code2ast(code), **kwargs)
                        ^^^^^^^^^^^^^^
  File "/root/QuestionInsight/.venv/lib/python3.12/site-packages/radon/visitors.py", line 48, in code2ast
    return ast.parse(source)
           ^^^^^^^^^^^^^^^^^
  File "/usr/lib/python3.12/ast.py", line 52, in parse
    return compile(source, filename, mode, flags,
           ^^^^^^^^^^^^^^^^^^^^^^^^^^^^^^^^^^^^^^
  File "<unknown>", line 6
    precos = 
             ^
SyntaxError: invalid syntax
2025-08-18 19:43:33,255 cblogger [ERROR]: 		Error while extracting halsted code metrics: invalid syntax (<unknown>, line 6)
Traceback (most recent call last):
  File "/root/QuestionInsight/Etapa_1/codebench-mining-tool/util.py", line 569, in extract_halstead_metrics
    h = h_visit(code)
        ^^^^^^^^^^^^^
  File "/root/QuestionInsight/.venv/lib/python3.12/site-packages/radon/metrics.py", line 29, in h_visit
    return h_visit_ast(ast.parse(code))
                       ^^^^^^^^^^^^^^^
  File "/usr/lib/python3.12/ast.py", line 52, in parse
    return compile(source, filename, mode, flags,
           ^^^^^^^^^^^^^^^^^^^^^^^^^^^^^^^^^^^^^^
  File "<unknown>", line 6
    precos = 
             ^
SyntaxError: invalid syntax
2025-08-18 19:43:33,293 cblogger [ERROR]: 		Error while extracting code complexity metrics: invalid syntax (<unknown>, line 14)
Traceback (most recent call last):
  File "/root/QuestionInsight/Etapa_1/codebench-mining-tool/util.py", line 551, in extract_complexity_metrics
    v = ComplexityVisitor.from_code(code)
        ^^^^^^^^^^^^^^^^^^^^^^^^^^^^^^^^^
  File "/root/QuestionInsight/.venv/lib/python3.12/site-packages/radon/visitors.py", line 133, in from_code
    return cls.from_ast(code2ast(code), **kwargs)
                        ^^^^^^^^^^^^^^
  File "/root/QuestionInsight/.venv/lib/python3.12/site-packages/radon/visitors.py", line 48, in code2ast
    return ast.parse(source)
           ^^^^^^^^^^^^^^^^^
  File "/usr/lib/python3.12/ast.py", line 52, in parse
    return compile(source, filename, mode, flags,
           ^^^^^^^^^^^^^^^^^^^^^^^^^^^^^^^^^^^^^^
  File "<unknown>", line 14
    		soma = v_consumido  0.07
    		                    ^^^^
SyntaxError: invalid syntax
2025-08-18 19:43:33,294 cblogger [ERROR]: 		Error while extracting halsted code metrics: invalid syntax (<unknown>, line 14)
Traceback (most recent call last):
  File "/root/QuestionInsight/Etapa_1/codebench-mining-tool/util.py", line 569, in extract_halstead_metrics
    h = h_visit(code)
        ^^^^^^^^^^^^^
  File "/root/QuestionInsight/.venv/lib/python3.12/site-packages/radon/metrics.py", line 29, in h_visit
    return h_visit_ast(ast.parse(code))
                       ^^^^^^^^^^^^^^^
  File "/usr/lib/python3.12/ast.py", line 52, in parse
    return compile(source, filename, mode, flags,
           ^^^^^^^^^^^^^^^^^^^^^^^^^^^^^^^^^^^^^^
  File "<unknown>", line 14
    		soma = v_consumido  0.07
    		                    ^^^^
SyntaxError: invalid syntax
2025-08-18 19:43:33,649 cblogger [ERROR]: 		Error while extracting code complexity metrics: inconsistent use of tabs and spaces in indentation (<unknown>, line 20)
Traceback (most recent call last):
  File "/root/QuestionInsight/Etapa_1/codebench-mining-tool/util.py", line 551, in extract_complexity_metrics
    v = ComplexityVisitor.from_code(code)
        ^^^^^^^^^^^^^^^^^^^^^^^^^^^^^^^^^
  File "/root/QuestionInsight/.venv/lib/python3.12/site-packages/radon/visitors.py", line 133, in from_code
    return cls.from_ast(code2ast(code), **kwargs)
                        ^^^^^^^^^^^^^^
  File "/root/QuestionInsight/.venv/lib/python3.12/site-packages/radon/visitors.py", line 48, in code2ast
    return ast.parse(source)
           ^^^^^^^^^^^^^^^^^
  File "/usr/lib/python3.12/ast.py", line 52, in parse
    return compile(source, filename, mode, flags,
           ^^^^^^^^^^^^^^^^^^^^^^^^^^^^^^^^^^^^^^
  File "<unknown>", line 20
    				i+=1
    ^
TabError: inconsistent use of tabs and spaces in indentation
2025-08-18 19:43:33,650 cblogger [ERROR]: 		Error while extracting code size based metrics: SyntaxError at line: 28
Traceback (most recent call last):
  File "/root/QuestionInsight/.venv/lib/python3.12/site-packages/radon/raw.py", line 210, in analyze
    tokens, parsed_lines = _get_all_tokens(line, lines)
                           ^^^^^^^^^^^^^^^^^^^^^^^^^^^^
  File "/root/QuestionInsight/.venv/lib/python3.12/site-packages/radon/raw.py", line 117, in _get_all_tokens
    next_line = next(lines)
                ^^^^^^^^^^^
StopIteration

During handling of the above exception, another exception occurred:

Traceback (most recent call last):
  File "/root/QuestionInsight/Etapa_1/codebench-mining-tool/util.py", line 560, in extract_size_metrics
    a = analyze(code)
        ^^^^^^^^^^^^^
  File "/root/QuestionInsight/.venv/lib/python3.12/site-packages/radon/raw.py", line 212, in analyze
    raise SyntaxError('SyntaxError at line: {0}'.format(lineno))
SyntaxError: SyntaxError at line: 28
2025-08-18 19:43:33,650 cblogger [ERROR]: 		Error while extracting halsted code metrics: inconsistent use of tabs and spaces in indentation (<unknown>, line 20)
Traceback (most recent call last):
  File "/root/QuestionInsight/Etapa_1/codebench-mining-tool/util.py", line 569, in extract_halstead_metrics
    h = h_visit(code)
        ^^^^^^^^^^^^^
  File "/root/QuestionInsight/.venv/lib/python3.12/site-packages/radon/metrics.py", line 29, in h_visit
    return h_visit_ast(ast.parse(code))
                       ^^^^^^^^^^^^^^^
  File "/usr/lib/python3.12/ast.py", line 52, in parse
    return compile(source, filename, mode, flags,
           ^^^^^^^^^^^^^^^^^^^^^^^^^^^^^^^^^^^^^^
  File "<unknown>", line 20
    				i+=1
    ^
TabError: inconsistent use of tabs and spaces in indentation
2025-08-18 19:43:33,679 cblogger [ERROR]: 		Error while extracting code complexity metrics: invalid syntax. Perhaps you forgot a comma? (<unknown>, line 2)
Traceback (most recent call last):
  File "/root/QuestionInsight/Etapa_1/codebench-mining-tool/util.py", line 551, in extract_complexity_metrics
    v = ComplexityVisitor.from_code(code)
        ^^^^^^^^^^^^^^^^^^^^^^^^^^^^^^^^^
  File "/root/QuestionInsight/.venv/lib/python3.12/site-packages/radon/visitors.py", line 133, in from_code
    return cls.from_ast(code2ast(code), **kwargs)
                        ^^^^^^^^^^^^^^
  File "/root/QuestionInsight/.venv/lib/python3.12/site-packages/radon/visitors.py", line 48, in code2ast
    return ast.parse(source)
           ^^^^^^^^^^^^^^^^^
  File "/usr/lib/python3.12/ast.py", line 52, in parse
    return compile(source, filename, mode, flags,
           ^^^^^^^^^^^^^^^^^^^^^^^^^^^^^^^^^^^^^^
  File "<unknown>", line 2
    Horas= float(input(quantas horas foram trabalhadas?))
                       ^^^^^^^^^^^^^
SyntaxError: invalid syntax. Perhaps you forgot a comma?
2025-08-18 19:43:33,679 cblogger [ERROR]: 		Error while extracting code size based metrics: SyntaxError at line: 7
Traceback (most recent call last):
  File "/root/QuestionInsight/.venv/lib/python3.12/site-packages/radon/raw.py", line 210, in analyze
    tokens, parsed_lines = _get_all_tokens(line, lines)
                           ^^^^^^^^^^^^^^^^^^^^^^^^^^^^
  File "/root/QuestionInsight/.venv/lib/python3.12/site-packages/radon/raw.py", line 117, in _get_all_tokens
    next_line = next(lines)
                ^^^^^^^^^^^
StopIteration

During handling of the above exception, another exception occurred:

Traceback (most recent call last):
  File "/root/QuestionInsight/Etapa_1/codebench-mining-tool/util.py", line 560, in extract_size_metrics
    a = analyze(code)
        ^^^^^^^^^^^^^
  File "/root/QuestionInsight/.venv/lib/python3.12/site-packages/radon/raw.py", line 212, in analyze
    raise SyntaxError('SyntaxError at line: {0}'.format(lineno))
SyntaxError: SyntaxError at line: 7
2025-08-18 19:43:33,681 cblogger [ERROR]: 		Error while extracting halsted code metrics: invalid syntax. Perhaps you forgot a comma? (<unknown>, line 2)
Traceback (most recent call last):
  File "/root/QuestionInsight/Etapa_1/codebench-mining-tool/util.py", line 569, in extract_halstead_metrics
    h = h_visit(code)
        ^^^^^^^^^^^^^
  File "/root/QuestionInsight/.venv/lib/python3.12/site-packages/radon/metrics.py", line 29, in h_visit
    return h_visit_ast(ast.parse(code))
                       ^^^^^^^^^^^^^^^
  File "/usr/lib/python3.12/ast.py", line 52, in parse
    return compile(source, filename, mode, flags,
           ^^^^^^^^^^^^^^^^^^^^^^^^^^^^^^^^^^^^^^
  File "<unknown>", line 2
    Horas= float(input(quantas horas foram trabalhadas?))
                       ^^^^^^^^^^^^^
SyntaxError: invalid syntax. Perhaps you forgot a comma?
2025-08-18 19:43:33,683 cblogger [ERROR]: 		Error while extracting code token based metrics: 55
Traceback (most recent call last):
  File "/root/QuestionInsight/Etapa_1/codebench-mining-tool/util.py", line 633, in extract_token_metrics
    setattr(obj, TOKEN_NAMES[k], v)
                 ~~~~~~~~~~~^^^
KeyError: 55
2025-08-18 19:43:33,686 cblogger [ERROR]: 		Error while extracting code complexity metrics: invalid decimal literal (<unknown>, line 5)
Traceback (most recent call last):
  File "/root/QuestionInsight/Etapa_1/codebench-mining-tool/util.py", line 551, in extract_complexity_metrics
    v = ComplexityVisitor.from_code(code)
        ^^^^^^^^^^^^^^^^^^^^^^^^^^^^^^^^^
  File "/root/QuestionInsight/.venv/lib/python3.12/site-packages/radon/visitors.py", line 133, in from_code
    return cls.from_ast(code2ast(code), **kwargs)
                        ^^^^^^^^^^^^^^
  File "/root/QuestionInsight/.venv/lib/python3.12/site-packages/radon/visitors.py", line 48, in code2ast
    return ast.parse(source)
           ^^^^^^^^^^^^^^^^^
  File "/usr/lib/python3.12/ast.py", line 52, in parse
    return compile(source, filename, mode, flags,
           ^^^^^^^^^^^^^^^^^^^^^^^^^^^^^^^^^^^^^^
  File "<unknown>", line 5
    """http://10.208.200.91/index.php?r=site%2Findex
                                             ^
SyntaxError: invalid decimal literal
2025-08-18 19:43:33,687 cblogger [ERROR]: 		Error while extracting code size based metrics: SyntaxError at line: 19
Traceback (most recent call last):
  File "/root/QuestionInsight/.venv/lib/python3.12/site-packages/radon/raw.py", line 210, in analyze
    tokens, parsed_lines = _get_all_tokens(line, lines)
                           ^^^^^^^^^^^^^^^^^^^^^^^^^^^^
  File "/root/QuestionInsight/.venv/lib/python3.12/site-packages/radon/raw.py", line 117, in _get_all_tokens
    next_line = next(lines)
                ^^^^^^^^^^^
StopIteration

During handling of the above exception, another exception occurred:

Traceback (most recent call last):
  File "/root/QuestionInsight/Etapa_1/codebench-mining-tool/util.py", line 560, in extract_size_metrics
    a = analyze(code)
        ^^^^^^^^^^^^^
  File "/root/QuestionInsight/.venv/lib/python3.12/site-packages/radon/raw.py", line 212, in analyze
    raise SyntaxError('SyntaxError at line: {0}'.format(lineno))
SyntaxError: SyntaxError at line: 19
2025-08-18 19:43:33,688 cblogger [ERROR]: 		Error while extracting halsted code metrics: invalid decimal literal (<unknown>, line 5)
Traceback (most recent call last):
  File "/root/QuestionInsight/Etapa_1/codebench-mining-tool/util.py", line 569, in extract_halstead_metrics
    h = h_visit(code)
        ^^^^^^^^^^^^^
  File "/root/QuestionInsight/.venv/lib/python3.12/site-packages/radon/metrics.py", line 29, in h_visit
    return h_visit_ast(ast.parse(code))
                       ^^^^^^^^^^^^^^^
  File "/usr/lib/python3.12/ast.py", line 52, in parse
    return compile(source, filename, mode, flags,
           ^^^^^^^^^^^^^^^^^^^^^^^^^^^^^^^^^^^^^^
  File "<unknown>", line 5
    """http://10.208.200.91/index.php?r=site%2Findex
                                             ^
SyntaxError: invalid decimal literal
2025-08-18 19:43:33,689 cblogger [ERROR]: 		Error while extracting code token based metrics: 55
Traceback (most recent call last):
  File "/root/QuestionInsight/Etapa_1/codebench-mining-tool/util.py", line 633, in extract_token_metrics
    setattr(obj, TOKEN_NAMES[k], v)
                 ~~~~~~~~~~~^^^
KeyError: 55
2025-08-18 19:43:33,735 cblogger [ERROR]: 		Error while extracting code complexity metrics: unindent does not match any outer indentation level (<unknown>, line 12)
Traceback (most recent call last):
  File "/root/QuestionInsight/Etapa_1/codebench-mining-tool/util.py", line 551, in extract_complexity_metrics
    v = ComplexityVisitor.from_code(code)
        ^^^^^^^^^^^^^^^^^^^^^^^^^^^^^^^^^
  File "/root/QuestionInsight/.venv/lib/python3.12/site-packages/radon/visitors.py", line 133, in from_code
    return cls.from_ast(code2ast(code), **kwargs)
                        ^^^^^^^^^^^^^^
  File "/root/QuestionInsight/.venv/lib/python3.12/site-packages/radon/visitors.py", line 48, in code2ast
    return ast.parse(source)
           ^^^^^^^^^^^^^^^^^
  File "/usr/lib/python3.12/ast.py", line 52, in parse
    return compile(source, filename, mode, flags,
           ^^^^^^^^^^^^^^^^^^^^^^^^^^^^^^^^^^^^^^
  File "<unknown>", line 12
    	print (round(valor,6))
    	                      ^
IndentationError: unindent does not match any outer indentation level
2025-08-18 19:43:33,736 cblogger [ERROR]: 		Error while extracting halsted code metrics: unindent does not match any outer indentation level (<unknown>, line 12)
Traceback (most recent call last):
  File "/root/QuestionInsight/Etapa_1/codebench-mining-tool/util.py", line 569, in extract_halstead_metrics
    h = h_visit(code)
        ^^^^^^^^^^^^^
  File "/root/QuestionInsight/.venv/lib/python3.12/site-packages/radon/metrics.py", line 29, in h_visit
    return h_visit_ast(ast.parse(code))
                       ^^^^^^^^^^^^^^^
  File "/usr/lib/python3.12/ast.py", line 52, in parse
    return compile(source, filename, mode, flags,
           ^^^^^^^^^^^^^^^^^^^^^^^^^^^^^^^^^^^^^^
  File "<unknown>", line 12
    	print (round(valor,6))
    	                      ^
IndentationError: unindent does not match any outer indentation level
2025-08-18 19:43:33,860 cblogger [ERROR]: 		Error while extracting code complexity metrics: expected ':' (<unknown>, line 4)
Traceback (most recent call last):
  File "/root/QuestionInsight/Etapa_1/codebench-mining-tool/util.py", line 551, in extract_complexity_metrics
    v = ComplexityVisitor.from_code(code)
        ^^^^^^^^^^^^^^^^^^^^^^^^^^^^^^^^^
  File "/root/QuestionInsight/.venv/lib/python3.12/site-packages/radon/visitors.py", line 133, in from_code
    return cls.from_ast(code2ast(code), **kwargs)
                        ^^^^^^^^^^^^^^
  File "/root/QuestionInsight/.venv/lib/python3.12/site-packages/radon/visitors.py", line 48, in code2ast
    return ast.parse(source)
           ^^^^^^^^^^^^^^^^^
  File "/usr/lib/python3.12/ast.py", line 52, in parse
    return compile(source, filename, mode, flags,
           ^^^^^^^^^^^^^^^^^^^^^^^^^^^^^^^^^^^^^^
  File "<unknown>", line 4
    while(i)
            ^
SyntaxError: expected ':'
2025-08-18 19:43:33,861 cblogger [ERROR]: 		Error while extracting halsted code metrics: expected ':' (<unknown>, line 4)
Traceback (most recent call last):
  File "/root/QuestionInsight/Etapa_1/codebench-mining-tool/util.py", line 569, in extract_halstead_metrics
    h = h_visit(code)
        ^^^^^^^^^^^^^
  File "/root/QuestionInsight/.venv/lib/python3.12/site-packages/radon/metrics.py", line 29, in h_visit
    return h_visit_ast(ast.parse(code))
                       ^^^^^^^^^^^^^^^
  File "/usr/lib/python3.12/ast.py", line 52, in parse
    return compile(source, filename, mode, flags,
           ^^^^^^^^^^^^^^^^^^^^^^^^^^^^^^^^^^^^^^
  File "<unknown>", line 4
    while(i)
            ^
SyntaxError: expected ':'
2025-08-18 19:43:33,871 cblogger [ERROR]: 		Error while extracting code complexity metrics: invalid non-printable character U+007F (<unknown>, line 10)
Traceback (most recent call last):
  File "/root/QuestionInsight/Etapa_1/codebench-mining-tool/util.py", line 551, in extract_complexity_metrics
    v = ComplexityVisitor.from_code(code)
        ^^^^^^^^^^^^^^^^^^^^^^^^^^^^^^^^^
  File "/root/QuestionInsight/.venv/lib/python3.12/site-packages/radon/visitors.py", line 133, in from_code
    return cls.from_ast(code2ast(code), **kwargs)
                        ^^^^^^^^^^^^^^
  File "/root/QuestionInsight/.venv/lib/python3.12/site-packages/radon/visitors.py", line 48, in code2ast
    return ast.parse(source)
           ^^^^^^^^^^^^^^^^^
  File "/usr/lib/python3.12/ast.py", line 52, in parse
    return compile(source, filename, mode, flags,
           ^^^^^^^^^^^^^^^^^^^^^^^^^^^^^^^^^^^^^^
  File "<unknown>", line 10
    		pi = pi + (-1)**k*(4/((2*k-2) * (2*k-1) * 2 * k))
    		                   ^
SyntaxError: invalid non-printable character U+007F
2025-08-18 19:43:33,871 cblogger [ERROR]: 		Error while extracting code size based metrics: SyntaxError at line: 10
Traceback (most recent call last):
  File "/root/QuestionInsight/.venv/lib/python3.12/site-packages/radon/raw.py", line 210, in analyze
    tokens, parsed_lines = _get_all_tokens(line, lines)
                           ^^^^^^^^^^^^^^^^^^^^^^^^^^^^
  File "/root/QuestionInsight/.venv/lib/python3.12/site-packages/radon/raw.py", line 117, in _get_all_tokens
    next_line = next(lines)
                ^^^^^^^^^^^
StopIteration

During handling of the above exception, another exception occurred:

Traceback (most recent call last):
  File "/root/QuestionInsight/Etapa_1/codebench-mining-tool/util.py", line 560, in extract_size_metrics
    a = analyze(code)
        ^^^^^^^^^^^^^
  File "/root/QuestionInsight/.venv/lib/python3.12/site-packages/radon/raw.py", line 212, in analyze
    raise SyntaxError('SyntaxError at line: {0}'.format(lineno))
SyntaxError: SyntaxError at line: 10
2025-08-18 19:43:33,872 cblogger [ERROR]: 		Error while extracting halsted code metrics: invalid non-printable character U+007F (<unknown>, line 10)
Traceback (most recent call last):
  File "/root/QuestionInsight/Etapa_1/codebench-mining-tool/util.py", line 569, in extract_halstead_metrics
    h = h_visit(code)
        ^^^^^^^^^^^^^
  File "/root/QuestionInsight/.venv/lib/python3.12/site-packages/radon/metrics.py", line 29, in h_visit
    return h_visit_ast(ast.parse(code))
                       ^^^^^^^^^^^^^^^
  File "/usr/lib/python3.12/ast.py", line 52, in parse
    return compile(source, filename, mode, flags,
           ^^^^^^^^^^^^^^^^^^^^^^^^^^^^^^^^^^^^^^
  File "<unknown>", line 10
    		pi = pi + (-1)**k*(4/((2*k-2) * (2*k-1) * 2 * k))
    		                   ^
SyntaxError: invalid non-printable character U+007F
2025-08-18 19:43:34,515 cblogger [ERROR]: 		Error while extracting code complexity metrics: expected an indented block after 'while' statement on line 5 (<unknown>, line 6)
Traceback (most recent call last):
  File "/root/QuestionInsight/Etapa_1/codebench-mining-tool/util.py", line 551, in extract_complexity_metrics
    v = ComplexityVisitor.from_code(code)
        ^^^^^^^^^^^^^^^^^^^^^^^^^^^^^^^^^
  File "/root/QuestionInsight/.venv/lib/python3.12/site-packages/radon/visitors.py", line 133, in from_code
    return cls.from_ast(code2ast(code), **kwargs)
                        ^^^^^^^^^^^^^^
  File "/root/QuestionInsight/.venv/lib/python3.12/site-packages/radon/visitors.py", line 48, in code2ast
    return ast.parse(source)
           ^^^^^^^^^^^^^^^^^
  File "/usr/lib/python3.12/ast.py", line 52, in parse
    return compile(source, filename, mode, flags,
           ^^^^^^^^^^^^^^^^^^^^^^^^^^^^^^^^^^^^^^
  File "<unknown>", line 6
    	
    	^
IndentationError: expected an indented block after 'while' statement on line 5
2025-08-18 19:43:34,516 cblogger [ERROR]: 		Error while extracting halsted code metrics: expected an indented block after 'while' statement on line 5 (<unknown>, line 6)
Traceback (most recent call last):
  File "/root/QuestionInsight/Etapa_1/codebench-mining-tool/util.py", line 569, in extract_halstead_metrics
    h = h_visit(code)
        ^^^^^^^^^^^^^
  File "/root/QuestionInsight/.venv/lib/python3.12/site-packages/radon/metrics.py", line 29, in h_visit
    return h_visit_ast(ast.parse(code))
                       ^^^^^^^^^^^^^^^
  File "/usr/lib/python3.12/ast.py", line 52, in parse
    return compile(source, filename, mode, flags,
           ^^^^^^^^^^^^^^^^^^^^^^^^^^^^^^^^^^^^^^
  File "<unknown>", line 6
    	
    	^
IndentationError: expected an indented block after 'while' statement on line 5
2025-08-18 19:43:34,587 cblogger [ERROR]: 		Error while extracting code complexity metrics: invalid syntax (<unknown>, line 2)
Traceback (most recent call last):
  File "/root/QuestionInsight/Etapa_1/codebench-mining-tool/util.py", line 551, in extract_complexity_metrics
    v = ComplexityVisitor.from_code(code)
        ^^^^^^^^^^^^^^^^^^^^^^^^^^^^^^^^^
  File "/root/QuestionInsight/.venv/lib/python3.12/site-packages/radon/visitors.py", line 133, in from_code
    return cls.from_ast(code2ast(code), **kwargs)
                        ^^^^^^^^^^^^^^
  File "/root/QuestionInsight/.venv/lib/python3.12/site-packages/radon/visitors.py", line 48, in code2ast
    return ast.parse(source)
           ^^^^^^^^^^^^^^^^^
  File "/usr/lib/python3.12/ast.py", line 52, in parse
    return compile(source, filename, mode, flags,
           ^^^^^^^^^^^^^^^^^^^^^^^^^^^^^^^^^^^^^^
  File "<unknown>", line 2
    vet=array(eval([1:20])
                     ^
SyntaxError: invalid syntax
2025-08-18 19:43:34,588 cblogger [ERROR]: 		Error while extracting code size based metrics: SyntaxError at line: 2
Traceback (most recent call last):
  File "/root/QuestionInsight/.venv/lib/python3.12/site-packages/radon/raw.py", line 210, in analyze
    tokens, parsed_lines = _get_all_tokens(line, lines)
                           ^^^^^^^^^^^^^^^^^^^^^^^^^^^^
  File "/root/QuestionInsight/.venv/lib/python3.12/site-packages/radon/raw.py", line 117, in _get_all_tokens
    next_line = next(lines)
                ^^^^^^^^^^^
StopIteration

During handling of the above exception, another exception occurred:

Traceback (most recent call last):
  File "/root/QuestionInsight/Etapa_1/codebench-mining-tool/util.py", line 560, in extract_size_metrics
    a = analyze(code)
        ^^^^^^^^^^^^^
  File "/root/QuestionInsight/.venv/lib/python3.12/site-packages/radon/raw.py", line 212, in analyze
    raise SyntaxError('SyntaxError at line: {0}'.format(lineno))
SyntaxError: SyntaxError at line: 2
2025-08-18 19:43:34,588 cblogger [ERROR]: 		Error while extracting halsted code metrics: invalid syntax (<unknown>, line 2)
Traceback (most recent call last):
  File "/root/QuestionInsight/Etapa_1/codebench-mining-tool/util.py", line 569, in extract_halstead_metrics
    h = h_visit(code)
        ^^^^^^^^^^^^^
  File "/root/QuestionInsight/.venv/lib/python3.12/site-packages/radon/metrics.py", line 29, in h_visit
    return h_visit_ast(ast.parse(code))
                       ^^^^^^^^^^^^^^^
  File "/usr/lib/python3.12/ast.py", line 52, in parse
    return compile(source, filename, mode, flags,
           ^^^^^^^^^^^^^^^^^^^^^^^^^^^^^^^^^^^^^^
  File "<unknown>", line 2
    vet=array(eval([1:20])
                     ^
SyntaxError: invalid syntax
2025-08-18 19:43:34,822 cblogger [ERROR]: 		Error while extracting code complexity metrics: expected an indented block after 'for' statement on line 4 (<unknown>, line 5)
Traceback (most recent call last):
  File "/root/QuestionInsight/Etapa_1/codebench-mining-tool/util.py", line 551, in extract_complexity_metrics
    v = ComplexityVisitor.from_code(code)
        ^^^^^^^^^^^^^^^^^^^^^^^^^^^^^^^^^
  File "/root/QuestionInsight/.venv/lib/python3.12/site-packages/radon/visitors.py", line 133, in from_code
    return cls.from_ast(code2ast(code), **kwargs)
                        ^^^^^^^^^^^^^^
  File "/root/QuestionInsight/.venv/lib/python3.12/site-packages/radon/visitors.py", line 48, in code2ast
    return ast.parse(source)
           ^^^^^^^^^^^^^^^^^
  File "/usr/lib/python3.12/ast.py", line 52, in parse
    return compile(source, filename, mode, flags,
           ^^^^^^^^^^^^^^^^^^^^^^^^^^^^^^^^^^^^^^
  File "<unknown>", line 5
    :
    ^
IndentationError: expected an indented block after 'for' statement on line 4
2025-08-18 19:43:34,822 cblogger [ERROR]: 		Error while extracting halsted code metrics: expected an indented block after 'for' statement on line 4 (<unknown>, line 5)
Traceback (most recent call last):
  File "/root/QuestionInsight/Etapa_1/codebench-mining-tool/util.py", line 569, in extract_halstead_metrics
    h = h_visit(code)
        ^^^^^^^^^^^^^
  File "/root/QuestionInsight/.venv/lib/python3.12/site-packages/radon/metrics.py", line 29, in h_visit
    return h_visit_ast(ast.parse(code))
                       ^^^^^^^^^^^^^^^
  File "/usr/lib/python3.12/ast.py", line 52, in parse
    return compile(source, filename, mode, flags,
           ^^^^^^^^^^^^^^^^^^^^^^^^^^^^^^^^^^^^^^
  File "<unknown>", line 5
    :
    ^
IndentationError: expected an indented block after 'for' statement on line 4
2025-08-18 19:43:34,848 cblogger [ERROR]: 		Error while extracting code complexity metrics: expected ':' (<unknown>, line 2)
Traceback (most recent call last):
  File "/root/QuestionInsight/Etapa_1/codebench-mining-tool/util.py", line 551, in extract_complexity_metrics
    v = ComplexityVisitor.from_code(code)
        ^^^^^^^^^^^^^^^^^^^^^^^^^^^^^^^^^
  File "/root/QuestionInsight/.venv/lib/python3.12/site-packages/radon/visitors.py", line 133, in from_code
    return cls.from_ast(code2ast(code), **kwargs)
                        ^^^^^^^^^^^^^^
  File "/root/QuestionInsight/.venv/lib/python3.12/site-packages/radon/visitors.py", line 48, in code2ast
    return ast.parse(source)
           ^^^^^^^^^^^^^^^^^
  File "/usr/lib/python3.12/ast.py", line 52, in parse
    return compile(source, filename, mode, flags,
           ^^^^^^^^^^^^^^^^^^^^^^^^^^^^^^^^^^^^^^
  File "<unknown>", line 2
    while()
           ^
SyntaxError: expected ':'
2025-08-18 19:43:34,849 cblogger [ERROR]: 		Error while extracting halsted code metrics: expected ':' (<unknown>, line 2)
Traceback (most recent call last):
  File "/root/QuestionInsight/Etapa_1/codebench-mining-tool/util.py", line 569, in extract_halstead_metrics
    h = h_visit(code)
        ^^^^^^^^^^^^^
  File "/root/QuestionInsight/.venv/lib/python3.12/site-packages/radon/metrics.py", line 29, in h_visit
    return h_visit_ast(ast.parse(code))
                       ^^^^^^^^^^^^^^^
  File "/usr/lib/python3.12/ast.py", line 52, in parse
    return compile(source, filename, mode, flags,
           ^^^^^^^^^^^^^^^^^^^^^^^^^^^^^^^^^^^^^^
  File "<unknown>", line 2
    while()
           ^
SyntaxError: expected ':'
2025-08-18 19:43:34,955 cblogger [ERROR]: 		Error while extracting code complexity metrics: expected ':' (<unknown>, line 5)
Traceback (most recent call last):
  File "/root/QuestionInsight/Etapa_1/codebench-mining-tool/util.py", line 551, in extract_complexity_metrics
    v = ComplexityVisitor.from_code(code)
        ^^^^^^^^^^^^^^^^^^^^^^^^^^^^^^^^^
  File "/root/QuestionInsight/.venv/lib/python3.12/site-packages/radon/visitors.py", line 133, in from_code
    return cls.from_ast(code2ast(code), **kwargs)
                        ^^^^^^^^^^^^^^
  File "/root/QuestionInsight/.venv/lib/python3.12/site-packages/radon/visitors.py", line 48, in code2ast
    return ast.parse(source)
           ^^^^^^^^^^^^^^^^^
  File "/usr/lib/python3.12/ast.py", line 52, in parse
    return compile(source, filename, mode, flags,
           ^^^^^^^^^^^^^^^^^^^^^^^^^^^^^^^^^^^^^^
  File "<unknown>", line 5
    while()
           ^
SyntaxError: expected ':'
2025-08-18 19:43:34,955 cblogger [ERROR]: 		Error while extracting halsted code metrics: expected ':' (<unknown>, line 5)
Traceback (most recent call last):
  File "/root/QuestionInsight/Etapa_1/codebench-mining-tool/util.py", line 569, in extract_halstead_metrics
    h = h_visit(code)
        ^^^^^^^^^^^^^
  File "/root/QuestionInsight/.venv/lib/python3.12/site-packages/radon/metrics.py", line 29, in h_visit
    return h_visit_ast(ast.parse(code))
                       ^^^^^^^^^^^^^^^
  File "/usr/lib/python3.12/ast.py", line 52, in parse
    return compile(source, filename, mode, flags,
           ^^^^^^^^^^^^^^^^^^^^^^^^^^^^^^^^^^^^^^
  File "<unknown>", line 5
    while()
           ^
SyntaxError: expected ':'
2025-08-18 19:43:35,040 cblogger [ERROR]: 		Error while extracting code complexity metrics: invalid syntax (<unknown>, line 1)
Traceback (most recent call last):
  File "/root/QuestionInsight/Etapa_1/codebench-mining-tool/util.py", line 551, in extract_complexity_metrics
    v = ComplexityVisitor.from_code(code)
        ^^^^^^^^^^^^^^^^^^^^^^^^^^^^^^^^^
  File "/root/QuestionInsight/.venv/lib/python3.12/site-packages/radon/visitors.py", line 133, in from_code
    return cls.from_ast(code2ast(code), **kwargs)
                        ^^^^^^^^^^^^^^
  File "/root/QuestionInsight/.venv/lib/python3.12/site-packages/radon/visitors.py", line 48, in code2ast
    return ast.parse(source)
           ^^^^^^^^^^^^^^^^^
  File "/usr/lib/python3.12/ast.py", line 52, in parse
    return compile(source, filename, mode, flags,
           ^^^^^^^^^^^^^^^^^^^^^^^^^^^^^^^^^^^^^^
  File "<unknown>", line 1
    from numpy impo
               ^^^^
SyntaxError: invalid syntax
2025-08-18 19:43:35,040 cblogger [ERROR]: 		Error while extracting halsted code metrics: invalid syntax (<unknown>, line 1)
Traceback (most recent call last):
  File "/root/QuestionInsight/Etapa_1/codebench-mining-tool/util.py", line 569, in extract_halstead_metrics
    h = h_visit(code)
        ^^^^^^^^^^^^^
  File "/root/QuestionInsight/.venv/lib/python3.12/site-packages/radon/metrics.py", line 29, in h_visit
    return h_visit_ast(ast.parse(code))
                       ^^^^^^^^^^^^^^^
  File "/usr/lib/python3.12/ast.py", line 52, in parse
    return compile(source, filename, mode, flags,
           ^^^^^^^^^^^^^^^^^^^^^^^^^^^^^^^^^^^^^^
  File "<unknown>", line 1
    from numpy impo
               ^^^^
SyntaxError: invalid syntax
2025-08-18 19:43:35,068 cblogger [ERROR]: 		Error while extracting code complexity metrics: invalid syntax (<unknown>, line 1)
Traceback (most recent call last):
  File "/root/QuestionInsight/Etapa_1/codebench-mining-tool/util.py", line 551, in extract_complexity_metrics
    v = ComplexityVisitor.from_code(code)
        ^^^^^^^^^^^^^^^^^^^^^^^^^^^^^^^^^
  File "/root/QuestionInsight/.venv/lib/python3.12/site-packages/radon/visitors.py", line 133, in from_code
    return cls.from_ast(code2ast(code), **kwargs)
                        ^^^^^^^^^^^^^^
  File "/root/QuestionInsight/.venv/lib/python3.12/site-packages/radon/visitors.py", line 48, in code2ast
    return ast.parse(source)
           ^^^^^^^^^^^^^^^^^
  File "/usr/lib/python3.12/ast.py", line 52, in parse
    return compile(source, filename, mode, flags,
           ^^^^^^^^^^^^^^^^^^^^^^^^^^^^^^^^^^^^^^
  File "<unknown>", line 1
    tempo = 
            ^
SyntaxError: invalid syntax
2025-08-18 19:43:35,068 cblogger [ERROR]: 		Error while extracting halsted code metrics: invalid syntax (<unknown>, line 1)
Traceback (most recent call last):
  File "/root/QuestionInsight/Etapa_1/codebench-mining-tool/util.py", line 569, in extract_halstead_metrics
    h = h_visit(code)
        ^^^^^^^^^^^^^
  File "/root/QuestionInsight/.venv/lib/python3.12/site-packages/radon/metrics.py", line 29, in h_visit
    return h_visit_ast(ast.parse(code))
                       ^^^^^^^^^^^^^^^
  File "/usr/lib/python3.12/ast.py", line 52, in parse
    return compile(source, filename, mode, flags,
           ^^^^^^^^^^^^^^^^^^^^^^^^^^^^^^^^^^^^^^
  File "<unknown>", line 1
    tempo = 
            ^
SyntaxError: invalid syntax
2025-08-18 19:43:35,083 cblogger [ERROR]: 		Error while extracting code complexity metrics: expected ':' (<unknown>, line 4)
Traceback (most recent call last):
  File "/root/QuestionInsight/Etapa_1/codebench-mining-tool/util.py", line 551, in extract_complexity_metrics
    v = ComplexityVisitor.from_code(code)
        ^^^^^^^^^^^^^^^^^^^^^^^^^^^^^^^^^
  File "/root/QuestionInsight/.venv/lib/python3.12/site-packages/radon/visitors.py", line 133, in from_code
    return cls.from_ast(code2ast(code), **kwargs)
                        ^^^^^^^^^^^^^^
  File "/root/QuestionInsight/.venv/lib/python3.12/site-packages/radon/visitors.py", line 48, in code2ast
    return ast.parse(source)
           ^^^^^^^^^^^^^^^^^
  File "/usr/lib/python3.12/ast.py", line 52, in parse
    return compile(source, filename, mode, flags,
           ^^^^^^^^^^^^^^^^^^^^^^^^^^^^^^^^^^^^^^
  File "<unknown>", line 4
    if(calorias<0 and calorias> 1000)
                                     ^
SyntaxError: expected ':'
2025-08-18 19:43:35,083 cblogger [ERROR]: 		Error while extracting halsted code metrics: expected ':' (<unknown>, line 4)
Traceback (most recent call last):
  File "/root/QuestionInsight/Etapa_1/codebench-mining-tool/util.py", line 569, in extract_halstead_metrics
    h = h_visit(code)
        ^^^^^^^^^^^^^
  File "/root/QuestionInsight/.venv/lib/python3.12/site-packages/radon/metrics.py", line 29, in h_visit
    return h_visit_ast(ast.parse(code))
                       ^^^^^^^^^^^^^^^
  File "/usr/lib/python3.12/ast.py", line 52, in parse
    return compile(source, filename, mode, flags,
           ^^^^^^^^^^^^^^^^^^^^^^^^^^^^^^^^^^^^^^
  File "<unknown>", line 4
    if(calorias<0 and calorias> 1000)
                                     ^
SyntaxError: expected ':'
2025-08-18 19:43:35,101 cblogger [ERROR]: 		Error while extracting code complexity metrics: '(' was never closed (<unknown>, line 3)
Traceback (most recent call last):
  File "/root/QuestionInsight/Etapa_1/codebench-mining-tool/util.py", line 551, in extract_complexity_metrics
    v = ComplexityVisitor.from_code(code)
        ^^^^^^^^^^^^^^^^^^^^^^^^^^^^^^^^^
  File "/root/QuestionInsight/.venv/lib/python3.12/site-packages/radon/visitors.py", line 133, in from_code
    return cls.from_ast(code2ast(code), **kwargs)
                        ^^^^^^^^^^^^^^
  File "/root/QuestionInsight/.venv/lib/python3.12/site-packages/radon/visitors.py", line 48, in code2ast
    return ast.parse(source)
           ^^^^^^^^^^^^^^^^^
  File "/usr/lib/python3.12/ast.py", line 52, in parse
    return compile(source, filename, mode, flags,
           ^^^^^^^^^^^^^^^^^^^^^^^^^^^^^^^^^^^^^^
  File "<unknown>", line 3
    print(
         ^
SyntaxError: '(' was never closed
2025-08-18 19:43:35,102 cblogger [ERROR]: 		Error while extracting code size based metrics: SyntaxError at line: 3
Traceback (most recent call last):
  File "/root/QuestionInsight/.venv/lib/python3.12/site-packages/radon/raw.py", line 210, in analyze
    tokens, parsed_lines = _get_all_tokens(line, lines)
                           ^^^^^^^^^^^^^^^^^^^^^^^^^^^^
  File "/root/QuestionInsight/.venv/lib/python3.12/site-packages/radon/raw.py", line 117, in _get_all_tokens
    next_line = next(lines)
                ^^^^^^^^^^^
StopIteration

During handling of the above exception, another exception occurred:

Traceback (most recent call last):
  File "/root/QuestionInsight/Etapa_1/codebench-mining-tool/util.py", line 560, in extract_size_metrics
    a = analyze(code)
        ^^^^^^^^^^^^^
  File "/root/QuestionInsight/.venv/lib/python3.12/site-packages/radon/raw.py", line 212, in analyze
    raise SyntaxError('SyntaxError at line: {0}'.format(lineno))
SyntaxError: SyntaxError at line: 3
2025-08-18 19:43:35,102 cblogger [ERROR]: 		Error while extracting halsted code metrics: '(' was never closed (<unknown>, line 3)
Traceback (most recent call last):
  File "/root/QuestionInsight/Etapa_1/codebench-mining-tool/util.py", line 569, in extract_halstead_metrics
    h = h_visit(code)
        ^^^^^^^^^^^^^
  File "/root/QuestionInsight/.venv/lib/python3.12/site-packages/radon/metrics.py", line 29, in h_visit
    return h_visit_ast(ast.parse(code))
                       ^^^^^^^^^^^^^^^
  File "/usr/lib/python3.12/ast.py", line 52, in parse
    return compile(source, filename, mode, flags,
           ^^^^^^^^^^^^^^^^^^^^^^^^^^^^^^^^^^^^^^
  File "<unknown>", line 3
    print(
         ^
SyntaxError: '(' was never closed
2025-08-18 19:43:35,275 cblogger [ERROR]: 		Error while extracting code complexity metrics: unindent does not match any outer indentation level (<unknown>, line 6)
Traceback (most recent call last):
  File "/root/QuestionInsight/Etapa_1/codebench-mining-tool/util.py", line 551, in extract_complexity_metrics
    v = ComplexityVisitor.from_code(code)
        ^^^^^^^^^^^^^^^^^^^^^^^^^^^^^^^^^
  File "/root/QuestionInsight/.venv/lib/python3.12/site-packages/radon/visitors.py", line 133, in from_code
    return cls.from_ast(code2ast(code), **kwargs)
                        ^^^^^^^^^^^^^^
  File "/root/QuestionInsight/.venv/lib/python3.12/site-packages/radon/visitors.py", line 48, in code2ast
    return ast.parse(source)
           ^^^^^^^^^^^^^^^^^
  File "/usr/lib/python3.12/ast.py", line 52, in parse
    return compile(source, filename, mode, flags,
           ^^^^^^^^^^^^^^^^^^^^^^^^^^^^^^^^^^^^^^
  File "<unknown>", line 6
    rest_dah=valor % 7
                      ^
IndentationError: unindent does not match any outer indentation level
2025-08-18 19:43:35,276 cblogger [ERROR]: 		Error while extracting halsted code metrics: unindent does not match any outer indentation level (<unknown>, line 6)
Traceback (most recent call last):
  File "/root/QuestionInsight/Etapa_1/codebench-mining-tool/util.py", line 569, in extract_halstead_metrics
    h = h_visit(code)
        ^^^^^^^^^^^^^
  File "/root/QuestionInsight/.venv/lib/python3.12/site-packages/radon/metrics.py", line 29, in h_visit
    return h_visit_ast(ast.parse(code))
                       ^^^^^^^^^^^^^^^
  File "/usr/lib/python3.12/ast.py", line 52, in parse
    return compile(source, filename, mode, flags,
           ^^^^^^^^^^^^^^^^^^^^^^^^^^^^^^^^^^^^^^
  File "<unknown>", line 6
    rest_dah=valor % 7
                      ^
IndentationError: unindent does not match any outer indentation level
2025-08-18 19:43:35,397 cblogger [ERROR]: 		Error while extracting code complexity metrics: '(' was never closed (<unknown>, line 2)
Traceback (most recent call last):
  File "/root/QuestionInsight/Etapa_1/codebench-mining-tool/util.py", line 551, in extract_complexity_metrics
    v = ComplexityVisitor.from_code(code)
        ^^^^^^^^^^^^^^^^^^^^^^^^^^^^^^^^^
  File "/root/QuestionInsight/.venv/lib/python3.12/site-packages/radon/visitors.py", line 133, in from_code
    return cls.from_ast(code2ast(code), **kwargs)
                        ^^^^^^^^^^^^^^
  File "/root/QuestionInsight/.venv/lib/python3.12/site-packages/radon/visitors.py", line 48, in code2ast
    return ast.parse(source)
           ^^^^^^^^^^^^^^^^^
  File "/usr/lib/python3.12/ast.py", line 52, in parse
    return compile(source, filename, mode, flags,
           ^^^^^^^^^^^^^^^^^^^^^^^^^^^^^^^^^^^^^^
  File "<unknown>", line 2
    a = int(input("Digite a:")
           ^
SyntaxError: '(' was never closed
2025-08-18 19:43:35,408 cblogger [ERROR]: 		Error while extracting code size based metrics: SyntaxError at line: 2
Traceback (most recent call last):
  File "/root/QuestionInsight/.venv/lib/python3.12/site-packages/radon/raw.py", line 210, in analyze
    tokens, parsed_lines = _get_all_tokens(line, lines)
                           ^^^^^^^^^^^^^^^^^^^^^^^^^^^^
  File "/root/QuestionInsight/.venv/lib/python3.12/site-packages/radon/raw.py", line 117, in _get_all_tokens
    next_line = next(lines)
                ^^^^^^^^^^^
StopIteration

During handling of the above exception, another exception occurred:

Traceback (most recent call last):
  File "/root/QuestionInsight/Etapa_1/codebench-mining-tool/util.py", line 560, in extract_size_metrics
    a = analyze(code)
        ^^^^^^^^^^^^^
  File "/root/QuestionInsight/.venv/lib/python3.12/site-packages/radon/raw.py", line 212, in analyze
    raise SyntaxError('SyntaxError at line: {0}'.format(lineno))
SyntaxError: SyntaxError at line: 2
2025-08-18 19:43:35,409 cblogger [ERROR]: 		Error while extracting halsted code metrics: '(' was never closed (<unknown>, line 2)
Traceback (most recent call last):
  File "/root/QuestionInsight/Etapa_1/codebench-mining-tool/util.py", line 569, in extract_halstead_metrics
    h = h_visit(code)
        ^^^^^^^^^^^^^
  File "/root/QuestionInsight/.venv/lib/python3.12/site-packages/radon/metrics.py", line 29, in h_visit
    return h_visit_ast(ast.parse(code))
                       ^^^^^^^^^^^^^^^
  File "/usr/lib/python3.12/ast.py", line 52, in parse
    return compile(source, filename, mode, flags,
           ^^^^^^^^^^^^^^^^^^^^^^^^^^^^^^^^^^^^^^
  File "<unknown>", line 2
    a = int(input("Digite a:")
           ^
SyntaxError: '(' was never closed
2025-08-18 19:43:36,261 cblogger [ERROR]: 		Error while extracting code complexity metrics: unexpected indent (<unknown>, line 1)
Traceback (most recent call last):
  File "/root/QuestionInsight/Etapa_1/codebench-mining-tool/util.py", line 551, in extract_complexity_metrics
    v = ComplexityVisitor.from_code(code)
        ^^^^^^^^^^^^^^^^^^^^^^^^^^^^^^^^^
  File "/root/QuestionInsight/.venv/lib/python3.12/site-packages/radon/visitors.py", line 133, in from_code
    return cls.from_ast(code2ast(code), **kwargs)
                        ^^^^^^^^^^^^^^
  File "/root/QuestionInsight/.venv/lib/python3.12/site-packages/radon/visitors.py", line 48, in code2ast
    return ast.parse(source)
           ^^^^^^^^^^^^^^^^^
  File "/usr/lib/python3.12/ast.py", line 52, in parse
    return compile(source, filename, mode, flags,
           ^^^^^^^^^^^^^^^^^^^^^^^^^^^^^^^^^^^^^^
  File "<unknown>", line 1
    	a = float(input ("Digite o lado 1: "))
    ^
IndentationError: unexpected indent
2025-08-18 19:43:36,272 cblogger [ERROR]: 		Error while extracting halsted code metrics: unexpected indent (<unknown>, line 1)
Traceback (most recent call last):
  File "/root/QuestionInsight/Etapa_1/codebench-mining-tool/util.py", line 569, in extract_halstead_metrics
    h = h_visit(code)
        ^^^^^^^^^^^^^
  File "/root/QuestionInsight/.venv/lib/python3.12/site-packages/radon/metrics.py", line 29, in h_visit
    return h_visit_ast(ast.parse(code))
                       ^^^^^^^^^^^^^^^
  File "/usr/lib/python3.12/ast.py", line 52, in parse
    return compile(source, filename, mode, flags,
           ^^^^^^^^^^^^^^^^^^^^^^^^^^^^^^^^^^^^^^
  File "<unknown>", line 1
    	a = float(input ("Digite o lado 1: "))
    ^
IndentationError: unexpected indent
2025-08-18 19:43:36,332 cblogger [ERROR]: 		Error while extracting code complexity metrics: invalid syntax (<unknown>, line 7)
Traceback (most recent call last):
  File "/root/QuestionInsight/Etapa_1/codebench-mining-tool/util.py", line 551, in extract_complexity_metrics
    v = ComplexityVisitor.from_code(code)
        ^^^^^^^^^^^^^^^^^^^^^^^^^^^^^^^^^
  File "/root/QuestionInsight/.venv/lib/python3.12/site-packages/radon/visitors.py", line 133, in from_code
    return cls.from_ast(code2ast(code), **kwargs)
                        ^^^^^^^^^^^^^^
  File "/root/QuestionInsight/.venv/lib/python3.12/site-packages/radon/visitors.py", line 48, in code2ast
    return ast.parse(source)
           ^^^^^^^^^^^^^^^^^
  File "/usr/lib/python3.12/ast.py", line 52, in parse
    return compile(source, filename, mode, flags,
           ^^^^^^^^^^^^^^^^^^^^^^^^^^^^^^^^^^^^^^
  File "<unknown>", line 7
    		if(>=5):
    		   ^^
SyntaxError: invalid syntax
2025-08-18 19:43:36,333 cblogger [ERROR]: 		Error while extracting halsted code metrics: invalid syntax (<unknown>, line 7)
Traceback (most recent call last):
  File "/root/QuestionInsight/Etapa_1/codebench-mining-tool/util.py", line 569, in extract_halstead_metrics
    h = h_visit(code)
        ^^^^^^^^^^^^^
  File "/root/QuestionInsight/.venv/lib/python3.12/site-packages/radon/metrics.py", line 29, in h_visit
    return h_visit_ast(ast.parse(code))
                       ^^^^^^^^^^^^^^^
  File "/usr/lib/python3.12/ast.py", line 52, in parse
    return compile(source, filename, mode, flags,
           ^^^^^^^^^^^^^^^^^^^^^^^^^^^^^^^^^^^^^^
  File "<unknown>", line 7
    		if(>=5):
    		   ^^
SyntaxError: invalid syntax
2025-08-18 19:43:36,334 cblogger [ERROR]: 		Error while extracting code complexity metrics: invalid syntax (<unknown>, line 1)
Traceback (most recent call last):
  File "/root/QuestionInsight/Etapa_1/codebench-mining-tool/util.py", line 551, in extract_complexity_metrics
    v = ComplexityVisitor.from_code(code)
        ^^^^^^^^^^^^^^^^^^^^^^^^^^^^^^^^^
  File "/root/QuestionInsight/.venv/lib/python3.12/site-packages/radon/visitors.py", line 133, in from_code
    return cls.from_ast(code2ast(code), **kwargs)
                        ^^^^^^^^^^^^^^
  File "/root/QuestionInsight/.venv/lib/python3.12/site-packages/radon/visitors.py", line 48, in code2ast
    return ast.parse(source)
           ^^^^^^^^^^^^^^^^^
  File "/usr/lib/python3.12/ast.py", line 52, in parse
    return compile(source, filename, mode, flags,
           ^^^^^^^^^^^^^^^^^^^^^^^^^^^^^^^^^^^^^^
  File "<unknown>", line 1
    from numpy import
                     ^
SyntaxError: invalid syntax
2025-08-18 19:43:36,345 cblogger [ERROR]: 		Error while extracting halsted code metrics: invalid syntax (<unknown>, line 1)
Traceback (most recent call last):
  File "/root/QuestionInsight/Etapa_1/codebench-mining-tool/util.py", line 569, in extract_halstead_metrics
    h = h_visit(code)
        ^^^^^^^^^^^^^
  File "/root/QuestionInsight/.venv/lib/python3.12/site-packages/radon/metrics.py", line 29, in h_visit
    return h_visit_ast(ast.parse(code))
                       ^^^^^^^^^^^^^^^
  File "/usr/lib/python3.12/ast.py", line 52, in parse
    return compile(source, filename, mode, flags,
           ^^^^^^^^^^^^^^^^^^^^^^^^^^^^^^^^^^^^^^
  File "<unknown>", line 1
    from numpy import
                     ^
SyntaxError: invalid syntax
2025-08-18 19:43:38,104 cblogger [ERROR]: 		Error while extracting code complexity metrics: unindent does not match any outer indentation level (<unknown>, line 6)
Traceback (most recent call last):
  File "/root/QuestionInsight/Etapa_1/codebench-mining-tool/util.py", line 551, in extract_complexity_metrics
    v = ComplexityVisitor.from_code(code)
        ^^^^^^^^^^^^^^^^^^^^^^^^^^^^^^^^^
  File "/root/QuestionInsight/.venv/lib/python3.12/site-packages/radon/visitors.py", line 133, in from_code
    return cls.from_ast(code2ast(code), **kwargs)
                        ^^^^^^^^^^^^^^
  File "/root/QuestionInsight/.venv/lib/python3.12/site-packages/radon/visitors.py", line 48, in code2ast
    return ast.parse(source)
           ^^^^^^^^^^^^^^^^^
  File "/usr/lib/python3.12/ast.py", line 52, in parse
    return compile(source, filename, mode, flags,
           ^^^^^^^^^^^^^^^^^^^^^^^^^^^^^^^^^^^^^^
  File "<unknown>", line 6
    print(pesototal)
                    ^
IndentationError: unindent does not match any outer indentation level
2025-08-18 19:43:38,105 cblogger [ERROR]: 		Error while extracting code size based metrics: SyntaxError at line: 25
Traceback (most recent call last):
  File "/root/QuestionInsight/.venv/lib/python3.12/site-packages/radon/raw.py", line 210, in analyze
    tokens, parsed_lines = _get_all_tokens(line, lines)
                           ^^^^^^^^^^^^^^^^^^^^^^^^^^^^
  File "/root/QuestionInsight/.venv/lib/python3.12/site-packages/radon/raw.py", line 117, in _get_all_tokens
    next_line = next(lines)
                ^^^^^^^^^^^
StopIteration

During handling of the above exception, another exception occurred:

Traceback (most recent call last):
  File "/root/QuestionInsight/Etapa_1/codebench-mining-tool/util.py", line 560, in extract_size_metrics
    a = analyze(code)
        ^^^^^^^^^^^^^
  File "/root/QuestionInsight/.venv/lib/python3.12/site-packages/radon/raw.py", line 212, in analyze
    raise SyntaxError('SyntaxError at line: {0}'.format(lineno))
SyntaxError: SyntaxError at line: 25
2025-08-18 19:43:38,112 cblogger [ERROR]: 		Error while extracting halsted code metrics: unindent does not match any outer indentation level (<unknown>, line 6)
Traceback (most recent call last):
  File "/root/QuestionInsight/Etapa_1/codebench-mining-tool/util.py", line 569, in extract_halstead_metrics
    h = h_visit(code)
        ^^^^^^^^^^^^^
  File "/root/QuestionInsight/.venv/lib/python3.12/site-packages/radon/metrics.py", line 29, in h_visit
    return h_visit_ast(ast.parse(code))
                       ^^^^^^^^^^^^^^^
  File "/usr/lib/python3.12/ast.py", line 52, in parse
    return compile(source, filename, mode, flags,
           ^^^^^^^^^^^^^^^^^^^^^^^^^^^^^^^^^^^^^^
  File "<unknown>", line 6
    print(pesototal)
                    ^
IndentationError: unindent does not match any outer indentation level
2025-08-18 19:43:38,220 cblogger [ERROR]: 		Error while extracting code complexity metrics: expected ':' (<unknown>, line 18)
Traceback (most recent call last):
  File "/root/QuestionInsight/Etapa_1/codebench-mining-tool/util.py", line 551, in extract_complexity_metrics
    v = ComplexityVisitor.from_code(code)
        ^^^^^^^^^^^^^^^^^^^^^^^^^^^^^^^^^
  File "/root/QuestionInsight/.venv/lib/python3.12/site-packages/radon/visitors.py", line 133, in from_code
    return cls.from_ast(code2ast(code), **kwargs)
                        ^^^^^^^^^^^^^^
  File "/root/QuestionInsight/.venv/lib/python3.12/site-packages/radon/visitors.py", line 48, in code2ast
    return ast.parse(source)
           ^^^^^^^^^^^^^^^^^
  File "/usr/lib/python3.12/ast.py", line 52, in parse
    return compile(source, filename, mode, flags,
           ^^^^^^^^^^^^^^^^^^^^^^^^^^^^^^^^^^^^^^
  File "<unknown>", line 18
    	for u in range(0,)
    	                  ^
SyntaxError: expected ':'
2025-08-18 19:43:38,221 cblogger [ERROR]: 		Error while extracting halsted code metrics: expected ':' (<unknown>, line 18)
Traceback (most recent call last):
  File "/root/QuestionInsight/Etapa_1/codebench-mining-tool/util.py", line 569, in extract_halstead_metrics
    h = h_visit(code)
        ^^^^^^^^^^^^^
  File "/root/QuestionInsight/.venv/lib/python3.12/site-packages/radon/metrics.py", line 29, in h_visit
    return h_visit_ast(ast.parse(code))
                       ^^^^^^^^^^^^^^^
  File "/usr/lib/python3.12/ast.py", line 52, in parse
    return compile(source, filename, mode, flags,
           ^^^^^^^^^^^^^^^^^^^^^^^^^^^^^^^^^^^^^^
  File "<unknown>", line 18
    	for u in range(0,)
    	                  ^
SyntaxError: expected ':'
2025-08-18 19:43:40,393 cblogger [ERROR]: 		Error while extracting code complexity metrics: '(' was never closed (<unknown>, line 9)
Traceback (most recent call last):
  File "/root/QuestionInsight/Etapa_1/codebench-mining-tool/util.py", line 551, in extract_complexity_metrics
    v = ComplexityVisitor.from_code(code)
        ^^^^^^^^^^^^^^^^^^^^^^^^^^^^^^^^^
  File "/root/QuestionInsight/.venv/lib/python3.12/site-packages/radon/visitors.py", line 133, in from_code
    return cls.from_ast(code2ast(code), **kwargs)
                        ^^^^^^^^^^^^^^
  File "/root/QuestionInsight/.venv/lib/python3.12/site-packages/radon/visitors.py", line 48, in code2ast
    return ast.parse(source)
           ^^^^^^^^^^^^^^^^^
  File "/usr/lib/python3.12/ast.py", line 52, in parse
    return compile(source, filename, mode, flags,
           ^^^^^^^^^^^^^^^^^^^^^^^^^^^^^^^^^^^^^^
  File "<unknown>", line 9
    print((round(t, 2))
         ^
SyntaxError: '(' was never closed
2025-08-18 19:43:40,394 cblogger [ERROR]: 		Error while extracting code size based metrics: SyntaxError at line: 9
Traceback (most recent call last):
  File "/root/QuestionInsight/.venv/lib/python3.12/site-packages/radon/raw.py", line 210, in analyze
    tokens, parsed_lines = _get_all_tokens(line, lines)
                           ^^^^^^^^^^^^^^^^^^^^^^^^^^^^
  File "/root/QuestionInsight/.venv/lib/python3.12/site-packages/radon/raw.py", line 117, in _get_all_tokens
    next_line = next(lines)
                ^^^^^^^^^^^
StopIteration

During handling of the above exception, another exception occurred:

Traceback (most recent call last):
  File "/root/QuestionInsight/Etapa_1/codebench-mining-tool/util.py", line 560, in extract_size_metrics
    a = analyze(code)
        ^^^^^^^^^^^^^
  File "/root/QuestionInsight/.venv/lib/python3.12/site-packages/radon/raw.py", line 212, in analyze
    raise SyntaxError('SyntaxError at line: {0}'.format(lineno))
SyntaxError: SyntaxError at line: 9
2025-08-18 19:43:40,395 cblogger [ERROR]: 		Error while extracting halsted code metrics: '(' was never closed (<unknown>, line 9)
Traceback (most recent call last):
  File "/root/QuestionInsight/Etapa_1/codebench-mining-tool/util.py", line 569, in extract_halstead_metrics
    h = h_visit(code)
        ^^^^^^^^^^^^^
  File "/root/QuestionInsight/.venv/lib/python3.12/site-packages/radon/metrics.py", line 29, in h_visit
    return h_visit_ast(ast.parse(code))
                       ^^^^^^^^^^^^^^^
  File "/usr/lib/python3.12/ast.py", line 52, in parse
    return compile(source, filename, mode, flags,
           ^^^^^^^^^^^^^^^^^^^^^^^^^^^^^^^^^^^^^^
  File "<unknown>", line 9
    print((round(t, 2))
         ^
SyntaxError: '(' was never closed
2025-08-18 19:43:42,893 cblogger [ERROR]: 		Error while extracting code complexity metrics: expected ':' (<unknown>, line 8)
Traceback (most recent call last):
  File "/root/QuestionInsight/Etapa_1/codebench-mining-tool/util.py", line 551, in extract_complexity_metrics
    v = ComplexityVisitor.from_code(code)
        ^^^^^^^^^^^^^^^^^^^^^^^^^^^^^^^^^
  File "/root/QuestionInsight/.venv/lib/python3.12/site-packages/radon/visitors.py", line 133, in from_code
    return cls.from_ast(code2ast(code), **kwargs)
                        ^^^^^^^^^^^^^^
  File "/root/QuestionInsight/.venv/lib/python3.12/site-packages/radon/visitors.py", line 48, in code2ast
    return ast.parse(source)
           ^^^^^^^^^^^^^^^^^
  File "/usr/lib/python3.12/ast.py", line 52, in parse
    return compile(source, filename, mode, flags,
           ^^^^^^^^^^^^^^^^^^^^^^^^^^^^^^^^^^^^^^
  File "<unknown>", line 8
    for i in range 
                   ^
SyntaxError: expected ':'
2025-08-18 19:43:42,893 cblogger [ERROR]: 		Error while extracting halsted code metrics: expected ':' (<unknown>, line 8)
Traceback (most recent call last):
  File "/root/QuestionInsight/Etapa_1/codebench-mining-tool/util.py", line 569, in extract_halstead_metrics
    h = h_visit(code)
        ^^^^^^^^^^^^^
  File "/root/QuestionInsight/.venv/lib/python3.12/site-packages/radon/metrics.py", line 29, in h_visit
    return h_visit_ast(ast.parse(code))
                       ^^^^^^^^^^^^^^^
  File "/usr/lib/python3.12/ast.py", line 52, in parse
    return compile(source, filename, mode, flags,
           ^^^^^^^^^^^^^^^^^^^^^^^^^^^^^^^^^^^^^^
  File "<unknown>", line 8
    for i in range 
                   ^
SyntaxError: expected ':'
2025-08-18 19:43:43,199 cblogger [ERROR]: 		Error while extracting code complexity metrics: invalid syntax. Perhaps you forgot a comma? (<unknown>, line 16)
Traceback (most recent call last):
  File "/root/QuestionInsight/Etapa_1/codebench-mining-tool/util.py", line 551, in extract_complexity_metrics
    v = ComplexityVisitor.from_code(code)
        ^^^^^^^^^^^^^^^^^^^^^^^^^^^^^^^^^
  File "/root/QuestionInsight/.venv/lib/python3.12/site-packages/radon/visitors.py", line 133, in from_code
    return cls.from_ast(code2ast(code), **kwargs)
                        ^^^^^^^^^^^^^^
  File "/root/QuestionInsight/.venv/lib/python3.12/site-packages/radon/visitors.py", line 48, in code2ast
    return ast.parse(source)
           ^^^^^^^^^^^^^^^^^
  File "/usr/lib/python3.12/ast.py", line 52, in parse
    return compile(source, filename, mode, flags,
           ^^^^^^^^^^^^^^^^^^^^^^^^^^^^^^^^^^^^^^
  File "<unknown>", line 16
    if (___COMPLETE AQUI___):
        ^^^^^^^^^^^^^^^^^^^
SyntaxError: invalid syntax. Perhaps you forgot a comma?
2025-08-18 19:43:43,200 cblogger [ERROR]: 		Error while extracting halsted code metrics: invalid syntax. Perhaps you forgot a comma? (<unknown>, line 16)
Traceback (most recent call last):
  File "/root/QuestionInsight/Etapa_1/codebench-mining-tool/util.py", line 569, in extract_halstead_metrics
    h = h_visit(code)
        ^^^^^^^^^^^^^
  File "/root/QuestionInsight/.venv/lib/python3.12/site-packages/radon/metrics.py", line 29, in h_visit
    return h_visit_ast(ast.parse(code))
                       ^^^^^^^^^^^^^^^
  File "/usr/lib/python3.12/ast.py", line 52, in parse
    return compile(source, filename, mode, flags,
           ^^^^^^^^^^^^^^^^^^^^^^^^^^^^^^^^^^^^^^
  File "<unknown>", line 16
    if (___COMPLETE AQUI___):
        ^^^^^^^^^^^^^^^^^^^
SyntaxError: invalid syntax. Perhaps you forgot a comma?
2025-08-18 19:43:43,382 cblogger [ERROR]: 		Error while extracting code complexity metrics: invalid syntax (<unknown>, line 1)
Traceback (most recent call last):
  File "/root/QuestionInsight/Etapa_1/codebench-mining-tool/util.py", line 551, in extract_complexity_metrics
    v = ComplexityVisitor.from_code(code)
        ^^^^^^^^^^^^^^^^^^^^^^^^^^^^^^^^^
  File "/root/QuestionInsight/.venv/lib/python3.12/site-packages/radon/visitors.py", line 133, in from_code
    return cls.from_ast(code2ast(code), **kwargs)
                        ^^^^^^^^^^^^^^
  File "/root/QuestionInsight/.venv/lib/python3.12/site-packages/radon/visitors.py", line 48, in code2ast
    return ast.parse(source)
           ^^^^^^^^^^^^^^^^^
  File "/usr/lib/python3.12/ast.py", line 52, in parse
    return compile(source, filename, mode, flags,
           ^^^^^^^^^^^^^^^^^^^^^^^^^^^^^^^^^^^^^^
  File "<unknown>", line 1
    angulo = 
             ^
SyntaxError: invalid syntax
2025-08-18 19:43:43,384 cblogger [ERROR]: 		Error while extracting halsted code metrics: invalid syntax (<unknown>, line 1)
Traceback (most recent call last):
  File "/root/QuestionInsight/Etapa_1/codebench-mining-tool/util.py", line 569, in extract_halstead_metrics
    h = h_visit(code)
        ^^^^^^^^^^^^^
  File "/root/QuestionInsight/.venv/lib/python3.12/site-packages/radon/metrics.py", line 29, in h_visit
    return h_visit_ast(ast.parse(code))
                       ^^^^^^^^^^^^^^^
  File "/usr/lib/python3.12/ast.py", line 52, in parse
    return compile(source, filename, mode, flags,
           ^^^^^^^^^^^^^^^^^^^^^^^^^^^^^^^^^^^^^^
  File "<unknown>", line 1
    angulo = 
             ^
SyntaxError: invalid syntax
2025-08-18 19:43:43,800 cblogger [ERROR]: 		Error while extracting code complexity metrics: invalid syntax. Maybe you meant '==' or ':=' instead of '='? (<unknown>, line 12)
Traceback (most recent call last):
  File "/root/QuestionInsight/Etapa_1/codebench-mining-tool/util.py", line 551, in extract_complexity_metrics
    v = ComplexityVisitor.from_code(code)
        ^^^^^^^^^^^^^^^^^^^^^^^^^^^^^^^^^
  File "/root/QuestionInsight/.venv/lib/python3.12/site-packages/radon/visitors.py", line 133, in from_code
    return cls.from_ast(code2ast(code), **kwargs)
                        ^^^^^^^^^^^^^^
  File "/root/QuestionInsight/.venv/lib/python3.12/site-packages/radon/visitors.py", line 48, in code2ast
    return ast.parse(source)
           ^^^^^^^^^^^^^^^^^
  File "/usr/lib/python3.12/ast.py", line 52, in parse
    return compile(source, filename, mode, flags,
           ^^^^^^^^^^^^^^^^^^^^^^^^^^^^^^^^^^^^^^
  File "<unknown>", line 12
    		if nome=ARROZ or nome=CENOURA or nome=KAMPYO or nome=NORI or nome=OMELETE or nome==PEPINO or nome==SALMAO or nome==SHITAKE:
    		   ^^^^^^^^^^
SyntaxError: invalid syntax. Maybe you meant '==' or ':=' instead of '='?
2025-08-18 19:43:43,801 cblogger [ERROR]: 		Error while extracting halsted code metrics: invalid syntax. Maybe you meant '==' or ':=' instead of '='? (<unknown>, line 12)
Traceback (most recent call last):
  File "/root/QuestionInsight/Etapa_1/codebench-mining-tool/util.py", line 569, in extract_halstead_metrics
    h = h_visit(code)
        ^^^^^^^^^^^^^
  File "/root/QuestionInsight/.venv/lib/python3.12/site-packages/radon/metrics.py", line 29, in h_visit
    return h_visit_ast(ast.parse(code))
                       ^^^^^^^^^^^^^^^
  File "/usr/lib/python3.12/ast.py", line 52, in parse
    return compile(source, filename, mode, flags,
           ^^^^^^^^^^^^^^^^^^^^^^^^^^^^^^^^^^^^^^
  File "<unknown>", line 12
    		if nome=ARROZ or nome=CENOURA or nome=KAMPYO or nome=NORI or nome=OMELETE or nome==PEPINO or nome==SALMAO or nome==SHITAKE:
    		   ^^^^^^^^^^
SyntaxError: invalid syntax. Maybe you meant '==' or ':=' instead of '='?
2025-08-18 19:43:44,045 cblogger [ERROR]: 		Error while extracting code complexity metrics: expected ':' (<unknown>, line 2)
Traceback (most recent call last):
  File "/root/QuestionInsight/Etapa_1/codebench-mining-tool/util.py", line 551, in extract_complexity_metrics
    v = ComplexityVisitor.from_code(code)
        ^^^^^^^^^^^^^^^^^^^^^^^^^^^^^^^^^
  File "/root/QuestionInsight/.venv/lib/python3.12/site-packages/radon/visitors.py", line 133, in from_code
    return cls.from_ast(code2ast(code), **kwargs)
                        ^^^^^^^^^^^^^^
  File "/root/QuestionInsight/.venv/lib/python3.12/site-packages/radon/visitors.py", line 48, in code2ast
    return ast.parse(source)
           ^^^^^^^^^^^^^^^^^
  File "/usr/lib/python3.12/ast.py", line 52, in parse
    return compile(source, filename, mode, flags,
           ^^^^^^^^^^^^^^^^^^^^^^^^^^^^^^^^^^^^^^
  File "<unknown>", line 2
    if num == ("22")
                    ^
SyntaxError: expected ':'
2025-08-18 19:43:44,046 cblogger [ERROR]: 		Error while extracting halsted code metrics: expected ':' (<unknown>, line 2)
Traceback (most recent call last):
  File "/root/QuestionInsight/Etapa_1/codebench-mining-tool/util.py", line 569, in extract_halstead_metrics
    h = h_visit(code)
        ^^^^^^^^^^^^^
  File "/root/QuestionInsight/.venv/lib/python3.12/site-packages/radon/metrics.py", line 29, in h_visit
    return h_visit_ast(ast.parse(code))
                       ^^^^^^^^^^^^^^^
  File "/usr/lib/python3.12/ast.py", line 52, in parse
    return compile(source, filename, mode, flags,
           ^^^^^^^^^^^^^^^^^^^^^^^^^^^^^^^^^^^^^^
  File "<unknown>", line 2
    if num == ("22")
                    ^
SyntaxError: expected ':'
2025-08-18 19:43:44,051 cblogger [ERROR]: 		Error while extracting code complexity metrics: unexpected indent (<unknown>, line 1)
Traceback (most recent call last):
  File "/root/QuestionInsight/Etapa_1/codebench-mining-tool/util.py", line 551, in extract_complexity_metrics
    v = ComplexityVisitor.from_code(code)
        ^^^^^^^^^^^^^^^^^^^^^^^^^^^^^^^^^
  File "/root/QuestionInsight/.venv/lib/python3.12/site-packages/radon/visitors.py", line 133, in from_code
    return cls.from_ast(code2ast(code), **kwargs)
                        ^^^^^^^^^^^^^^
  File "/root/QuestionInsight/.venv/lib/python3.12/site-packages/radon/visitors.py", line 48, in code2ast
    return ast.parse(source)
           ^^^^^^^^^^^^^^^^^
  File "/usr/lib/python3.12/ast.py", line 52, in parse
    return compile(source, filename, mode, flags,
           ^^^^^^^^^^^^^^^^^^^^^^^^^^^^^^^^^^^^^^
  File "<unknown>", line 1
    print(*****)
IndentationError: unexpected indent
2025-08-18 19:43:44,052 cblogger [ERROR]: 		Error while extracting halsted code metrics: unexpected indent (<unknown>, line 1)
Traceback (most recent call last):
  File "/root/QuestionInsight/Etapa_1/codebench-mining-tool/util.py", line 569, in extract_halstead_metrics
    h = h_visit(code)
        ^^^^^^^^^^^^^
  File "/root/QuestionInsight/.venv/lib/python3.12/site-packages/radon/metrics.py", line 29, in h_visit
    return h_visit_ast(ast.parse(code))
                       ^^^^^^^^^^^^^^^
  File "/usr/lib/python3.12/ast.py", line 52, in parse
    return compile(source, filename, mode, flags,
           ^^^^^^^^^^^^^^^^^^^^^^^^^^^^^^^^^^^^^^
  File "<unknown>", line 1
    print(*****)
IndentationError: unexpected indent
2025-08-18 19:43:44,097 cblogger [ERROR]: 		Error while extracting code complexity metrics: unindent does not match any outer indentation level (<unknown>, line 6)
Traceback (most recent call last):
  File "/root/QuestionInsight/Etapa_1/codebench-mining-tool/util.py", line 551, in extract_complexity_metrics
    v = ComplexityVisitor.from_code(code)
        ^^^^^^^^^^^^^^^^^^^^^^^^^^^^^^^^^
  File "/root/QuestionInsight/.venv/lib/python3.12/site-packages/radon/visitors.py", line 133, in from_code
    return cls.from_ast(code2ast(code), **kwargs)
                        ^^^^^^^^^^^^^^
  File "/root/QuestionInsight/.venv/lib/python3.12/site-packages/radon/visitors.py", line 48, in code2ast
    return ast.parse(source)
           ^^^^^^^^^^^^^^^^^
  File "/usr/lib/python3.12/ast.py", line 52, in parse
    return compile(source, filename, mode, flags,
           ^^^^^^^^^^^^^^^^^^^^^^^^^^^^^^^^^^^^^^
  File "<unknown>", line 6
    	print(valor + 0.06 * valor)
    	                           ^
IndentationError: unindent does not match any outer indentation level
2025-08-18 19:43:44,098 cblogger [ERROR]: 		Error while extracting halsted code metrics: unindent does not match any outer indentation level (<unknown>, line 6)
Traceback (most recent call last):
  File "/root/QuestionInsight/Etapa_1/codebench-mining-tool/util.py", line 569, in extract_halstead_metrics
    h = h_visit(code)
        ^^^^^^^^^^^^^
  File "/root/QuestionInsight/.venv/lib/python3.12/site-packages/radon/metrics.py", line 29, in h_visit
    return h_visit_ast(ast.parse(code))
                       ^^^^^^^^^^^^^^^
  File "/usr/lib/python3.12/ast.py", line 52, in parse
    return compile(source, filename, mode, flags,
           ^^^^^^^^^^^^^^^^^^^^^^^^^^^^^^^^^^^^^^
  File "<unknown>", line 6
    	print(valor + 0.06 * valor)
    	                           ^
IndentationError: unindent does not match any outer indentation level
2025-08-18 19:43:44,125 cblogger [ERROR]: 		Error while extracting code complexity metrics: expected ':' (<unknown>, line 3)
Traceback (most recent call last):
  File "/root/QuestionInsight/Etapa_1/codebench-mining-tool/util.py", line 551, in extract_complexity_metrics
    v = ComplexityVisitor.from_code(code)
        ^^^^^^^^^^^^^^^^^^^^^^^^^^^^^^^^^
  File "/root/QuestionInsight/.venv/lib/python3.12/site-packages/radon/visitors.py", line 133, in from_code
    return cls.from_ast(code2ast(code), **kwargs)
                        ^^^^^^^^^^^^^^
  File "/root/QuestionInsight/.venv/lib/python3.12/site-packages/radon/visitors.py", line 48, in code2ast
    return ast.parse(source)
           ^^^^^^^^^^^^^^^^^
  File "/usr/lib/python3.12/ast.py", line 52, in parse
    return compile(source, filename, mode, flags,
           ^^^^^^^^^^^^^^^^^^^^^^^^^^^^^^^^^^^^^^
  File "<unknown>", line 3
    if ()
         ^
SyntaxError: expected ':'
2025-08-18 19:43:44,125 cblogger [ERROR]: 		Error while extracting halsted code metrics: expected ':' (<unknown>, line 3)
Traceback (most recent call last):
  File "/root/QuestionInsight/Etapa_1/codebench-mining-tool/util.py", line 569, in extract_halstead_metrics
    h = h_visit(code)
        ^^^^^^^^^^^^^
  File "/root/QuestionInsight/.venv/lib/python3.12/site-packages/radon/metrics.py", line 29, in h_visit
    return h_visit_ast(ast.parse(code))
                       ^^^^^^^^^^^^^^^
  File "/usr/lib/python3.12/ast.py", line 52, in parse
    return compile(source, filename, mode, flags,
           ^^^^^^^^^^^^^^^^^^^^^^^^^^^^^^^^^^^^^^
  File "<unknown>", line 3
    if ()
         ^
SyntaxError: expected ':'
2025-08-18 19:43:45,100 cblogger [ERROR]: 		Error while extracting code complexity metrics: expected an indented block after 'while' statement on line 8 (<unknown>, line 10)
Traceback (most recent call last):
  File "/root/QuestionInsight/Etapa_1/codebench-mining-tool/util.py", line 551, in extract_complexity_metrics
    v = ComplexityVisitor.from_code(code)
        ^^^^^^^^^^^^^^^^^^^^^^^^^^^^^^^^^
  File "/root/QuestionInsight/.venv/lib/python3.12/site-packages/radon/visitors.py", line 133, in from_code
    return cls.from_ast(code2ast(code), **kwargs)
                        ^^^^^^^^^^^^^^
  File "/root/QuestionInsight/.venv/lib/python3.12/site-packages/radon/visitors.py", line 48, in code2ast
    return ast.parse(source)
           ^^^^^^^^^^^^^^^^^
  File "/usr/lib/python3.12/ast.py", line 52, in parse
    return compile(source, filename, mode, flags,
           ^^^^^^^^^^^^^^^^^^^^^^^^^^^^^^^^^^^^^^
  File "<unknown>", line 10
    	viagem = viagem +1
    	^^^^^^
IndentationError: expected an indented block after 'while' statement on line 8
2025-08-18 19:43:45,101 cblogger [ERROR]: 		Error while extracting halsted code metrics: expected an indented block after 'while' statement on line 8 (<unknown>, line 10)
Traceback (most recent call last):
  File "/root/QuestionInsight/Etapa_1/codebench-mining-tool/util.py", line 569, in extract_halstead_metrics
    h = h_visit(code)
        ^^^^^^^^^^^^^
  File "/root/QuestionInsight/.venv/lib/python3.12/site-packages/radon/metrics.py", line 29, in h_visit
    return h_visit_ast(ast.parse(code))
                       ^^^^^^^^^^^^^^^
  File "/usr/lib/python3.12/ast.py", line 52, in parse
    return compile(source, filename, mode, flags,
           ^^^^^^^^^^^^^^^^^^^^^^^^^^^^^^^^^^^^^^
  File "<unknown>", line 10
    	viagem = viagem +1
    	^^^^^^
IndentationError: expected an indented block after 'while' statement on line 8
2025-08-18 19:43:45,116 cblogger [ERROR]: 		Error while extracting code complexity metrics: '(' was never closed (<unknown>, line 10)
Traceback (most recent call last):
  File "/root/QuestionInsight/Etapa_1/codebench-mining-tool/util.py", line 551, in extract_complexity_metrics
    v = ComplexityVisitor.from_code(code)
        ^^^^^^^^^^^^^^^^^^^^^^^^^^^^^^^^^
  File "/root/QuestionInsight/.venv/lib/python3.12/site-packages/radon/visitors.py", line 133, in from_code
    return cls.from_ast(code2ast(code), **kwargs)
                        ^^^^^^^^^^^^^^
  File "/root/QuestionInsight/.venv/lib/python3.12/site-packages/radon/visitors.py", line 48, in code2ast
    return ast.parse(source)
           ^^^^^^^^^^^^^^^^^
  File "/usr/lib/python3.12/ast.py", line 52, in parse
    return compile(source, filename, mode, flags,
           ^^^^^^^^^^^^^^^^^^^^^^^^^^^^^^^^^^^^^^
  File "<unknown>", line 10
    		total = total + sum(n
    		                   ^
SyntaxError: '(' was never closed
2025-08-18 19:43:45,117 cblogger [ERROR]: 		Error while extracting code size based metrics: SyntaxError at line: 10
Traceback (most recent call last):
  File "/root/QuestionInsight/.venv/lib/python3.12/site-packages/radon/raw.py", line 210, in analyze
    tokens, parsed_lines = _get_all_tokens(line, lines)
                           ^^^^^^^^^^^^^^^^^^^^^^^^^^^^
  File "/root/QuestionInsight/.venv/lib/python3.12/site-packages/radon/raw.py", line 117, in _get_all_tokens
    next_line = next(lines)
                ^^^^^^^^^^^
StopIteration

During handling of the above exception, another exception occurred:

Traceback (most recent call last):
  File "/root/QuestionInsight/Etapa_1/codebench-mining-tool/util.py", line 560, in extract_size_metrics
    a = analyze(code)
        ^^^^^^^^^^^^^
  File "/root/QuestionInsight/.venv/lib/python3.12/site-packages/radon/raw.py", line 212, in analyze
    raise SyntaxError('SyntaxError at line: {0}'.format(lineno))
SyntaxError: SyntaxError at line: 10
2025-08-18 19:43:45,117 cblogger [ERROR]: 		Error while extracting halsted code metrics: '(' was never closed (<unknown>, line 10)
Traceback (most recent call last):
  File "/root/QuestionInsight/Etapa_1/codebench-mining-tool/util.py", line 569, in extract_halstead_metrics
    h = h_visit(code)
        ^^^^^^^^^^^^^
  File "/root/QuestionInsight/.venv/lib/python3.12/site-packages/radon/metrics.py", line 29, in h_visit
    return h_visit_ast(ast.parse(code))
                       ^^^^^^^^^^^^^^^
  File "/usr/lib/python3.12/ast.py", line 52, in parse
    return compile(source, filename, mode, flags,
           ^^^^^^^^^^^^^^^^^^^^^^^^^^^^^^^^^^^^^^
  File "<unknown>", line 10
    		total = total + sum(n
    		                   ^
SyntaxError: '(' was never closed
2025-08-18 19:43:45,191 cblogger [ERROR]: 		Error while extracting code complexity metrics: invalid syntax (<unknown>, line 10)
Traceback (most recent call last):
  File "/root/QuestionInsight/Etapa_1/codebench-mining-tool/util.py", line 551, in extract_complexity_metrics
    v = ComplexityVisitor.from_code(code)
        ^^^^^^^^^^^^^^^^^^^^^^^^^^^^^^^^^
  File "/root/QuestionInsight/.venv/lib/python3.12/site-packages/radon/visitors.py", line 133, in from_code
    return cls.from_ast(code2ast(code), **kwargs)
                        ^^^^^^^^^^^^^^
  File "/root/QuestionInsight/.venv/lib/python3.12/site-packages/radon/visitors.py", line 48, in code2ast
    return ast.parse(source)
           ^^^^^^^^^^^^^^^^^
  File "/usr/lib/python3.12/ast.py", line 52, in parse
    return compile(source, filename, mode, flags,
           ^^^^^^^^^^^^^^^^^^^^^^^^^^^^^^^^^^^^^^
  File "<unknown>", line 10
    		vet[i,j]=vet2[]
    		              ^
SyntaxError: invalid syntax
2025-08-18 19:43:45,192 cblogger [ERROR]: 		Error while extracting halsted code metrics: invalid syntax (<unknown>, line 10)
Traceback (most recent call last):
  File "/root/QuestionInsight/Etapa_1/codebench-mining-tool/util.py", line 569, in extract_halstead_metrics
    h = h_visit(code)
        ^^^^^^^^^^^^^
  File "/root/QuestionInsight/.venv/lib/python3.12/site-packages/radon/metrics.py", line 29, in h_visit
    return h_visit_ast(ast.parse(code))
                       ^^^^^^^^^^^^^^^
  File "/usr/lib/python3.12/ast.py", line 52, in parse
    return compile(source, filename, mode, flags,
           ^^^^^^^^^^^^^^^^^^^^^^^^^^^^^^^^^^^^^^
  File "<unknown>", line 10
    		vet[i,j]=vet2[]
    		              ^
SyntaxError: invalid syntax
2025-08-18 19:43:45,314 cblogger [ERROR]: 		Error while extracting code complexity metrics: expected an indented block after 'for' statement on line 9 (<unknown>, line 9)
Traceback (most recent call last):
  File "/root/QuestionInsight/Etapa_1/codebench-mining-tool/util.py", line 551, in extract_complexity_metrics
    v = ComplexityVisitor.from_code(code)
        ^^^^^^^^^^^^^^^^^^^^^^^^^^^^^^^^^
  File "/root/QuestionInsight/.venv/lib/python3.12/site-packages/radon/visitors.py", line 133, in from_code
    return cls.from_ast(code2ast(code), **kwargs)
                        ^^^^^^^^^^^^^^
  File "/root/QuestionInsight/.venv/lib/python3.12/site-packages/radon/visitors.py", line 48, in code2ast
    return ast.parse(source)
           ^^^^^^^^^^^^^^^^^
  File "/usr/lib/python3.12/ast.py", line 52, in parse
    return compile(source, filename, mode, flags,
           ^^^^^^^^^^^^^^^^^^^^^^^^^^^^^^^^^^^^^^
  File "<unknown>", line 9
    for i in range(size(v)):
                            ^
IndentationError: expected an indented block after 'for' statement on line 9
2025-08-18 19:43:45,315 cblogger [ERROR]: 		Error while extracting halsted code metrics: expected an indented block after 'for' statement on line 9 (<unknown>, line 9)
Traceback (most recent call last):
  File "/root/QuestionInsight/Etapa_1/codebench-mining-tool/util.py", line 569, in extract_halstead_metrics
    h = h_visit(code)
        ^^^^^^^^^^^^^
  File "/root/QuestionInsight/.venv/lib/python3.12/site-packages/radon/metrics.py", line 29, in h_visit
    return h_visit_ast(ast.parse(code))
                       ^^^^^^^^^^^^^^^
  File "/usr/lib/python3.12/ast.py", line 52, in parse
    return compile(source, filename, mode, flags,
           ^^^^^^^^^^^^^^^^^^^^^^^^^^^^^^^^^^^^^^
  File "<unknown>", line 9
    for i in range(size(v)):
                            ^
IndentationError: expected an indented block after 'for' statement on line 9
2025-08-18 19:43:46,376 cblogger [ERROR]: 		Error while extracting code complexity metrics: invalid syntax (<unknown>, line 1)
Traceback (most recent call last):
  File "/root/QuestionInsight/Etapa_1/codebench-mining-tool/util.py", line 551, in extract_complexity_metrics
    v = ComplexityVisitor.from_code(code)
        ^^^^^^^^^^^^^^^^^^^^^^^^^^^^^^^^^
  File "/root/QuestionInsight/.venv/lib/python3.12/site-packages/radon/visitors.py", line 133, in from_code
    return cls.from_ast(code2ast(code), **kwargs)
                        ^^^^^^^^^^^^^^
  File "/root/QuestionInsight/.venv/lib/python3.12/site-packages/radon/visitors.py", line 48, in code2ast
    return ast.parse(source)
           ^^^^^^^^^^^^^^^^^
  File "/usr/lib/python3.12/ast.py", line 52, in parse
    return compile(source, filename, mode, flags,
           ^^^^^^^^^^^^^^^^^^^^^^^^^^^^^^^^^^^^^^
  File "<unknown>", line 1
    v = 
        ^
SyntaxError: invalid syntax
2025-08-18 19:43:46,376 cblogger [ERROR]: 		Error while extracting halsted code metrics: invalid syntax (<unknown>, line 1)
Traceback (most recent call last):
  File "/root/QuestionInsight/Etapa_1/codebench-mining-tool/util.py", line 569, in extract_halstead_metrics
    h = h_visit(code)
        ^^^^^^^^^^^^^
  File "/root/QuestionInsight/.venv/lib/python3.12/site-packages/radon/metrics.py", line 29, in h_visit
    return h_visit_ast(ast.parse(code))
                       ^^^^^^^^^^^^^^^
  File "/usr/lib/python3.12/ast.py", line 52, in parse
    return compile(source, filename, mode, flags,
           ^^^^^^^^^^^^^^^^^^^^^^^^^^^^^^^^^^^^^^
  File "<unknown>", line 1
    v = 
        ^
SyntaxError: invalid syntax
2025-08-18 19:43:49,521 cblogger [ERROR]: 		Error while extracting code complexity metrics: invalid syntax (<unknown>, line 1)
Traceback (most recent call last):
  File "/root/QuestionInsight/Etapa_1/codebench-mining-tool/util.py", line 551, in extract_complexity_metrics
    v = ComplexityVisitor.from_code(code)
        ^^^^^^^^^^^^^^^^^^^^^^^^^^^^^^^^^
  File "/root/QuestionInsight/.venv/lib/python3.12/site-packages/radon/visitors.py", line 133, in from_code
    return cls.from_ast(code2ast(code), **kwargs)
                        ^^^^^^^^^^^^^^
  File "/root/QuestionInsight/.venv/lib/python3.12/site-packages/radon/visitors.py", line 48, in code2ast
    return ast.parse(source)
           ^^^^^^^^^^^^^^^^^
  File "/usr/lib/python3.12/ast.py", line 52, in parse
    return compile(source, filename, mode, flags,
           ^^^^^^^^^^^^^^^^^^^^^^^^^^^^^^^^^^^^^^
  File "<unknown>", line 1
    media de watts = 
          ^^
SyntaxError: invalid syntax
2025-08-18 19:43:49,521 cblogger [ERROR]: 		Error while extracting halsted code metrics: invalid syntax (<unknown>, line 1)
Traceback (most recent call last):
  File "/root/QuestionInsight/Etapa_1/codebench-mining-tool/util.py", line 569, in extract_halstead_metrics
    h = h_visit(code)
        ^^^^^^^^^^^^^
  File "/root/QuestionInsight/.venv/lib/python3.12/site-packages/radon/metrics.py", line 29, in h_visit
    return h_visit_ast(ast.parse(code))
                       ^^^^^^^^^^^^^^^
  File "/usr/lib/python3.12/ast.py", line 52, in parse
    return compile(source, filename, mode, flags,
           ^^^^^^^^^^^^^^^^^^^^^^^^^^^^^^^^^^^^^^
  File "<unknown>", line 1
    media de watts = 
          ^^
SyntaxError: invalid syntax
2025-08-18 19:43:49,869 cblogger [ERROR]: 		Error while extracting code complexity metrics: cannot assign to expression here. Maybe you meant '==' instead of '='? (<unknown>, line 5)
Traceback (most recent call last):
  File "/root/QuestionInsight/Etapa_1/codebench-mining-tool/util.py", line 551, in extract_complexity_metrics
    v = ComplexityVisitor.from_code(code)
        ^^^^^^^^^^^^^^^^^^^^^^^^^^^^^^^^^
  File "/root/QuestionInsight/.venv/lib/python3.12/site-packages/radon/visitors.py", line 133, in from_code
    return cls.from_ast(code2ast(code), **kwargs)
                        ^^^^^^^^^^^^^^
  File "/root/QuestionInsight/.venv/lib/python3.12/site-packages/radon/visitors.py", line 48, in code2ast
    return ast.parse(source)
           ^^^^^^^^^^^^^^^^^
  File "/usr/lib/python3.12/ast.py", line 52, in parse
    return compile(source, filename, mode, flags,
           ^^^^^^^^^^^^^^^^^^^^^^^^^^^^^^^^^^^^^^
  File "<unknown>", line 5
    	if( k % 2 = 0):
    	    ^^^^^
SyntaxError: cannot assign to expression here. Maybe you meant '==' instead of '='?
2025-08-18 19:43:49,870 cblogger [ERROR]: 		Error while extracting halsted code metrics: cannot assign to expression here. Maybe you meant '==' instead of '='? (<unknown>, line 5)
Traceback (most recent call last):
  File "/root/QuestionInsight/Etapa_1/codebench-mining-tool/util.py", line 569, in extract_halstead_metrics
    h = h_visit(code)
        ^^^^^^^^^^^^^
  File "/root/QuestionInsight/.venv/lib/python3.12/site-packages/radon/metrics.py", line 29, in h_visit
    return h_visit_ast(ast.parse(code))
                       ^^^^^^^^^^^^^^^
  File "/usr/lib/python3.12/ast.py", line 52, in parse
    return compile(source, filename, mode, flags,
           ^^^^^^^^^^^^^^^^^^^^^^^^^^^^^^^^^^^^^^
  File "<unknown>", line 5
    	if( k % 2 = 0):
    	    ^^^^^
SyntaxError: cannot assign to expression here. Maybe you meant '==' instead of '='?
2025-08-18 19:43:49,937 cblogger [ERROR]: 		Error while extracting code complexity metrics: expected an indented block after 'if' statement on line 6 (<unknown>, line 8)
Traceback (most recent call last):
  File "/root/QuestionInsight/Etapa_1/codebench-mining-tool/util.py", line 551, in extract_complexity_metrics
    v = ComplexityVisitor.from_code(code)
        ^^^^^^^^^^^^^^^^^^^^^^^^^^^^^^^^^
  File "/root/QuestionInsight/.venv/lib/python3.12/site-packages/radon/visitors.py", line 133, in from_code
    return cls.from_ast(code2ast(code), **kwargs)
                        ^^^^^^^^^^^^^^
  File "/root/QuestionInsight/.venv/lib/python3.12/site-packages/radon/visitors.py", line 48, in code2ast
    return ast.parse(source)
           ^^^^^^^^^^^^^^^^^
  File "/usr/lib/python3.12/ast.py", line 52, in parse
    return compile(source, filename, mode, flags,
           ^^^^^^^^^^^^^^^^^^^^^^^^^^^^^^^^^^^^^^
  File "<unknown>", line 8
    			
    			^
IndentationError: expected an indented block after 'if' statement on line 6
2025-08-18 19:43:49,937 cblogger [ERROR]: 		Error while extracting halsted code metrics: expected an indented block after 'if' statement on line 6 (<unknown>, line 8)
Traceback (most recent call last):
  File "/root/QuestionInsight/Etapa_1/codebench-mining-tool/util.py", line 569, in extract_halstead_metrics
    h = h_visit(code)
        ^^^^^^^^^^^^^
  File "/root/QuestionInsight/.venv/lib/python3.12/site-packages/radon/metrics.py", line 29, in h_visit
    return h_visit_ast(ast.parse(code))
                       ^^^^^^^^^^^^^^^
  File "/usr/lib/python3.12/ast.py", line 52, in parse
    return compile(source, filename, mode, flags,
           ^^^^^^^^^^^^^^^^^^^^^^^^^^^^^^^^^^^^^^
  File "<unknown>", line 8
    			
    			^
IndentationError: expected an indented block after 'if' statement on line 6
2025-08-18 19:43:50,516 cblogger [ERROR]: 		Error while extracting code complexity metrics: expected ':' (<unknown>, line 16)
Traceback (most recent call last):
  File "/root/QuestionInsight/Etapa_1/codebench-mining-tool/util.py", line 551, in extract_complexity_metrics
    v = ComplexityVisitor.from_code(code)
        ^^^^^^^^^^^^^^^^^^^^^^^^^^^^^^^^^
  File "/root/QuestionInsight/.venv/lib/python3.12/site-packages/radon/visitors.py", line 133, in from_code
    return cls.from_ast(code2ast(code), **kwargs)
                        ^^^^^^^^^^^^^^
  File "/root/QuestionInsight/.venv/lib/python3.12/site-packages/radon/visitors.py", line 48, in code2ast
    return ast.parse(source)
           ^^^^^^^^^^^^^^^^^
  File "/usr/lib/python3.12/ast.py", line 52, in parse
    return compile(source, filename, mode, flags,
           ^^^^^^^^^^^^^^^^^^^^^^^^^^^^^^^^^^^^^^
  File "<unknown>", line 16
    		while()
    		       ^
SyntaxError: expected ':'
2025-08-18 19:43:50,517 cblogger [ERROR]: 		Error while extracting halsted code metrics: expected ':' (<unknown>, line 16)
Traceback (most recent call last):
  File "/root/QuestionInsight/Etapa_1/codebench-mining-tool/util.py", line 569, in extract_halstead_metrics
    h = h_visit(code)
        ^^^^^^^^^^^^^
  File "/root/QuestionInsight/.venv/lib/python3.12/site-packages/radon/metrics.py", line 29, in h_visit
    return h_visit_ast(ast.parse(code))
                       ^^^^^^^^^^^^^^^
  File "/usr/lib/python3.12/ast.py", line 52, in parse
    return compile(source, filename, mode, flags,
           ^^^^^^^^^^^^^^^^^^^^^^^^^^^^^^^^^^^^^^
  File "<unknown>", line 16
    		while()
    		       ^
SyntaxError: expected ':'
2025-08-18 19:43:50,563 cblogger [ERROR]: 		Error while extracting code complexity metrics: invalid syntax (<unknown>, line 1)
Traceback (most recent call last):
  File "/root/QuestionInsight/Etapa_1/codebench-mining-tool/util.py", line 551, in extract_complexity_metrics
    v = ComplexityVisitor.from_code(code)
        ^^^^^^^^^^^^^^^^^^^^^^^^^^^^^^^^^
  File "/root/QuestionInsight/.venv/lib/python3.12/site-packages/radon/visitors.py", line 133, in from_code
    return cls.from_ast(code2ast(code), **kwargs)
                        ^^^^^^^^^^^^^^
  File "/root/QuestionInsight/.venv/lib/python3.12/site-packages/radon/visitors.py", line 48, in code2ast
    return ast.parse(source)
           ^^^^^^^^^^^^^^^^^
  File "/usr/lib/python3.12/ast.py", line 52, in parse
    return compile(source, filename, mode, flags,
           ^^^^^^^^^^^^^^^^^^^^^^^^^^^^^^^^^^^^^^
  File "<unknown>", line 1
    Clcia puta
          ^^^^
SyntaxError: invalid syntax
2025-08-18 19:43:50,564 cblogger [ERROR]: 		Error while extracting halsted code metrics: invalid syntax (<unknown>, line 1)
Traceback (most recent call last):
  File "/root/QuestionInsight/Etapa_1/codebench-mining-tool/util.py", line 569, in extract_halstead_metrics
    h = h_visit(code)
        ^^^^^^^^^^^^^
  File "/root/QuestionInsight/.venv/lib/python3.12/site-packages/radon/metrics.py", line 29, in h_visit
    return h_visit_ast(ast.parse(code))
                       ^^^^^^^^^^^^^^^
  File "/usr/lib/python3.12/ast.py", line 52, in parse
    return compile(source, filename, mode, flags,
           ^^^^^^^^^^^^^^^^^^^^^^^^^^^^^^^^^^^^^^
  File "<unknown>", line 1
    Clcia puta
          ^^^^
SyntaxError: invalid syntax
2025-08-18 19:43:50,664 cblogger [ERROR]: 		Error while extracting code complexity metrics: invalid syntax (<unknown>, line 3)
Traceback (most recent call last):
  File "/root/QuestionInsight/Etapa_1/codebench-mining-tool/util.py", line 551, in extract_complexity_metrics
    v = ComplexityVisitor.from_code(code)
        ^^^^^^^^^^^^^^^^^^^^^^^^^^^^^^^^^
  File "/root/QuestionInsight/.venv/lib/python3.12/site-packages/radon/visitors.py", line 133, in from_code
    return cls.from_ast(code2ast(code), **kwargs)
                        ^^^^^^^^^^^^^^
  File "/root/QuestionInsight/.venv/lib/python3.12/site-packages/radon/visitors.py", line 48, in code2ast
    return ast.parse(source)
           ^^^^^^^^^^^^^^^^^
  File "/usr/lib/python3.12/ast.py", line 52, in parse
    return compile(source, filename, mode, flags,
           ^^^^^^^^^^^^^^^^^^^^^^^^^^^^^^^^^^^^^^
  File "<unknown>", line 3
    r = |math|**2
        ^
SyntaxError: invalid syntax
2025-08-18 19:43:50,665 cblogger [ERROR]: 		Error while extracting code size based metrics: SyntaxError at line: 6
Traceback (most recent call last):
  File "/root/QuestionInsight/.venv/lib/python3.12/site-packages/radon/raw.py", line 210, in analyze
    tokens, parsed_lines = _get_all_tokens(line, lines)
                           ^^^^^^^^^^^^^^^^^^^^^^^^^^^^
  File "/root/QuestionInsight/.venv/lib/python3.12/site-packages/radon/raw.py", line 117, in _get_all_tokens
    next_line = next(lines)
                ^^^^^^^^^^^
StopIteration

During handling of the above exception, another exception occurred:

Traceback (most recent call last):
  File "/root/QuestionInsight/Etapa_1/codebench-mining-tool/util.py", line 560, in extract_size_metrics
    a = analyze(code)
        ^^^^^^^^^^^^^
  File "/root/QuestionInsight/.venv/lib/python3.12/site-packages/radon/raw.py", line 212, in analyze
    raise SyntaxError('SyntaxError at line: {0}'.format(lineno))
SyntaxError: SyntaxError at line: 6
2025-08-18 19:43:50,665 cblogger [ERROR]: 		Error while extracting halsted code metrics: invalid syntax (<unknown>, line 3)
Traceback (most recent call last):
  File "/root/QuestionInsight/Etapa_1/codebench-mining-tool/util.py", line 569, in extract_halstead_metrics
    h = h_visit(code)
        ^^^^^^^^^^^^^
  File "/root/QuestionInsight/.venv/lib/python3.12/site-packages/radon/metrics.py", line 29, in h_visit
    return h_visit_ast(ast.parse(code))
                       ^^^^^^^^^^^^^^^
  File "/usr/lib/python3.12/ast.py", line 52, in parse
    return compile(source, filename, mode, flags,
           ^^^^^^^^^^^^^^^^^^^^^^^^^^^^^^^^^^^^^^
  File "<unknown>", line 3
    r = |math|**2
        ^
SyntaxError: invalid syntax
2025-08-18 19:43:50,817 cblogger [ERROR]: 		Error while extracting code complexity metrics: invalid syntax (<unknown>, line 6)
Traceback (most recent call last):
  File "/root/QuestionInsight/Etapa_1/codebench-mining-tool/util.py", line 551, in extract_complexity_metrics
    v = ComplexityVisitor.from_code(code)
        ^^^^^^^^^^^^^^^^^^^^^^^^^^^^^^^^^
  File "/root/QuestionInsight/.venv/lib/python3.12/site-packages/radon/visitors.py", line 133, in from_code
    return cls.from_ast(code2ast(code), **kwargs)
                        ^^^^^^^^^^^^^^
  File "/root/QuestionInsight/.venv/lib/python3.12/site-packages/radon/visitors.py", line 48, in code2ast
    return ast.parse(source)
           ^^^^^^^^^^^^^^^^^
  File "/usr/lib/python3.12/ast.py", line 52, in parse
    return compile(source, filename, mode, flags,
           ^^^^^^^^^^^^^^^^^^^^^^^^^^^^^^^^^^^^^^
  File "<unknown>", line 6
    dano2 = int(5+20*//10)
                     ^^
SyntaxError: invalid syntax
2025-08-18 19:43:50,818 cblogger [ERROR]: 		Error while extracting halsted code metrics: invalid syntax (<unknown>, line 6)
Traceback (most recent call last):
  File "/root/QuestionInsight/Etapa_1/codebench-mining-tool/util.py", line 569, in extract_halstead_metrics
    h = h_visit(code)
        ^^^^^^^^^^^^^
  File "/root/QuestionInsight/.venv/lib/python3.12/site-packages/radon/metrics.py", line 29, in h_visit
    return h_visit_ast(ast.parse(code))
                       ^^^^^^^^^^^^^^^
  File "/usr/lib/python3.12/ast.py", line 52, in parse
    return compile(source, filename, mode, flags,
           ^^^^^^^^^^^^^^^^^^^^^^^^^^^^^^^^^^^^^^
  File "<unknown>", line 6
    dano2 = int(5+20*//10)
                     ^^
SyntaxError: invalid syntax
2025-08-18 19:43:50,877 cblogger [ERROR]: 		Error while extracting code complexity metrics: '(' was never closed (<unknown>, line 7)
Traceback (most recent call last):
  File "/root/QuestionInsight/Etapa_1/codebench-mining-tool/util.py", line 551, in extract_complexity_metrics
    v = ComplexityVisitor.from_code(code)
        ^^^^^^^^^^^^^^^^^^^^^^^^^^^^^^^^^
  File "/root/QuestionInsight/.venv/lib/python3.12/site-packages/radon/visitors.py", line 133, in from_code
    return cls.from_ast(code2ast(code), **kwargs)
                        ^^^^^^^^^^^^^^
  File "/root/QuestionInsight/.venv/lib/python3.12/site-packages/radon/visitors.py", line 48, in code2ast
    return ast.parse(source)
           ^^^^^^^^^^^^^^^^^
  File "/usr/lib/python3.12/ast.py", line 52, in parse
    return compile(source, filename, mode, flags,
           ^^^^^^^^^^^^^^^^^^^^^^^^^^^^^^^^^^^^^^
  File "<unknown>", line 7
    b = (input(snow + sais + a)
        ^
SyntaxError: '(' was never closed
2025-08-18 19:43:50,879 cblogger [ERROR]: 		Error while extracting code size based metrics: SyntaxError at line: 7
Traceback (most recent call last):
  File "/root/QuestionInsight/.venv/lib/python3.12/site-packages/radon/raw.py", line 210, in analyze
    tokens, parsed_lines = _get_all_tokens(line, lines)
                           ^^^^^^^^^^^^^^^^^^^^^^^^^^^^
  File "/root/QuestionInsight/.venv/lib/python3.12/site-packages/radon/raw.py", line 117, in _get_all_tokens
    next_line = next(lines)
                ^^^^^^^^^^^
StopIteration

During handling of the above exception, another exception occurred:

Traceback (most recent call last):
  File "/root/QuestionInsight/Etapa_1/codebench-mining-tool/util.py", line 560, in extract_size_metrics
    a = analyze(code)
        ^^^^^^^^^^^^^
  File "/root/QuestionInsight/.venv/lib/python3.12/site-packages/radon/raw.py", line 212, in analyze
    raise SyntaxError('SyntaxError at line: {0}'.format(lineno))
SyntaxError: SyntaxError at line: 7
2025-08-18 19:43:50,880 cblogger [ERROR]: 		Error while extracting halsted code metrics: '(' was never closed (<unknown>, line 7)
Traceback (most recent call last):
  File "/root/QuestionInsight/Etapa_1/codebench-mining-tool/util.py", line 569, in extract_halstead_metrics
    h = h_visit(code)
        ^^^^^^^^^^^^^
  File "/root/QuestionInsight/.venv/lib/python3.12/site-packages/radon/metrics.py", line 29, in h_visit
    return h_visit_ast(ast.parse(code))
                       ^^^^^^^^^^^^^^^
  File "/usr/lib/python3.12/ast.py", line 52, in parse
    return compile(source, filename, mode, flags,
           ^^^^^^^^^^^^^^^^^^^^^^^^^^^^^^^^^^^^^^
  File "<unknown>", line 7
    b = (input(snow + sais + a)
        ^
SyntaxError: '(' was never closed
2025-08-18 19:43:50,886 cblogger [ERROR]: 		Error while extracting code complexity metrics: '(' was never closed (<unknown>, line 4)
Traceback (most recent call last):
  File "/root/QuestionInsight/Etapa_1/codebench-mining-tool/util.py", line 551, in extract_complexity_metrics
    v = ComplexityVisitor.from_code(code)
        ^^^^^^^^^^^^^^^^^^^^^^^^^^^^^^^^^
  File "/root/QuestionInsight/.venv/lib/python3.12/site-packages/radon/visitors.py", line 133, in from_code
    return cls.from_ast(code2ast(code), **kwargs)
                        ^^^^^^^^^^^^^^
  File "/root/QuestionInsight/.venv/lib/python3.12/site-packages/radon/visitors.py", line 48, in code2ast
    return ast.parse(source)
           ^^^^^^^^^^^^^^^^^
  File "/usr/lib/python3.12/ast.py", line 52, in parse
    return compile(source, filename, mode, flags,
           ^^^^^^^^^^^^^^^^^^^^^^^^^^^^^^^^^^^^^^
  File "<unknown>", line 4
    x=int(input("Escreva um numero: ")
         ^
SyntaxError: '(' was never closed
2025-08-18 19:43:50,887 cblogger [ERROR]: 		Error while extracting code size based metrics: SyntaxError at line: 4
Traceback (most recent call last):
  File "/root/QuestionInsight/.venv/lib/python3.12/site-packages/radon/raw.py", line 210, in analyze
    tokens, parsed_lines = _get_all_tokens(line, lines)
                           ^^^^^^^^^^^^^^^^^^^^^^^^^^^^
  File "/root/QuestionInsight/.venv/lib/python3.12/site-packages/radon/raw.py", line 117, in _get_all_tokens
    next_line = next(lines)
                ^^^^^^^^^^^
StopIteration

During handling of the above exception, another exception occurred:

Traceback (most recent call last):
  File "/root/QuestionInsight/Etapa_1/codebench-mining-tool/util.py", line 560, in extract_size_metrics
    a = analyze(code)
        ^^^^^^^^^^^^^
  File "/root/QuestionInsight/.venv/lib/python3.12/site-packages/radon/raw.py", line 212, in analyze
    raise SyntaxError('SyntaxError at line: {0}'.format(lineno))
SyntaxError: SyntaxError at line: 4
2025-08-18 19:43:50,887 cblogger [ERROR]: 		Error while extracting halsted code metrics: '(' was never closed (<unknown>, line 4)
Traceback (most recent call last):
  File "/root/QuestionInsight/Etapa_1/codebench-mining-tool/util.py", line 569, in extract_halstead_metrics
    h = h_visit(code)
        ^^^^^^^^^^^^^
  File "/root/QuestionInsight/.venv/lib/python3.12/site-packages/radon/metrics.py", line 29, in h_visit
    return h_visit_ast(ast.parse(code))
                       ^^^^^^^^^^^^^^^
  File "/usr/lib/python3.12/ast.py", line 52, in parse
    return compile(source, filename, mode, flags,
           ^^^^^^^^^^^^^^^^^^^^^^^^^^^^^^^^^^^^^^
  File "<unknown>", line 4
    x=int(input("Escreva um numero: ")
         ^
SyntaxError: '(' was never closed
2025-08-18 19:43:50,909 cblogger [ERROR]: 		Error while extracting code complexity metrics: invalid syntax. Perhaps you forgot a comma? (<unknown>, line 4)
Traceback (most recent call last):
  File "/root/QuestionInsight/Etapa_1/codebench-mining-tool/util.py", line 551, in extract_complexity_metrics
    v = ComplexityVisitor.from_code(code)
        ^^^^^^^^^^^^^^^^^^^^^^^^^^^^^^^^^
  File "/root/QuestionInsight/.venv/lib/python3.12/site-packages/radon/visitors.py", line 133, in from_code
    return cls.from_ast(code2ast(code), **kwargs)
                        ^^^^^^^^^^^^^^
  File "/root/QuestionInsight/.venv/lib/python3.12/site-packages/radon/visitors.py", line 48, in code2ast
    return ast.parse(source)
           ^^^^^^^^^^^^^^^^^
  File "/usr/lib/python3.12/ast.py", line 52, in parse
    return compile(source, filename, mode, flags,
           ^^^^^^^^^^^^^^^^^^^^^^^^^^^^^^^^^^^^^^
  File "<unknown>", line 4
    v0=input(Escreva a velovidade inicial: )
             ^^^^^^^^^
SyntaxError: invalid syntax. Perhaps you forgot a comma?
2025-08-18 19:43:50,910 cblogger [ERROR]: 		Error while extracting halsted code metrics: invalid syntax. Perhaps you forgot a comma? (<unknown>, line 4)
Traceback (most recent call last):
  File "/root/QuestionInsight/Etapa_1/codebench-mining-tool/util.py", line 569, in extract_halstead_metrics
    h = h_visit(code)
        ^^^^^^^^^^^^^
  File "/root/QuestionInsight/.venv/lib/python3.12/site-packages/radon/metrics.py", line 29, in h_visit
    return h_visit_ast(ast.parse(code))
                       ^^^^^^^^^^^^^^^
  File "/usr/lib/python3.12/ast.py", line 52, in parse
    return compile(source, filename, mode, flags,
           ^^^^^^^^^^^^^^^^^^^^^^^^^^^^^^^^^^^^^^
  File "<unknown>", line 4
    v0=input(Escreva a velovidade inicial: )
             ^^^^^^^^^
SyntaxError: invalid syntax. Perhaps you forgot a comma?
2025-08-18 19:43:50,920 cblogger [ERROR]: 		Error while extracting code complexity metrics: invalid syntax (<unknown>, line 17)
Traceback (most recent call last):
  File "/root/QuestionInsight/Etapa_1/codebench-mining-tool/util.py", line 551, in extract_complexity_metrics
    v = ComplexityVisitor.from_code(code)
        ^^^^^^^^^^^^^^^^^^^^^^^^^^^^^^^^^
  File "/root/QuestionInsight/.venv/lib/python3.12/site-packages/radon/visitors.py", line 133, in from_code
    return cls.from_ast(code2ast(code), **kwargs)
                        ^^^^^^^^^^^^^^
  File "/root/QuestionInsight/.venv/lib/python3.12/site-packages/radon/visitors.py", line 48, in code2ast
    return ast.parse(source)
           ^^^^^^^^^^^^^^^^^
  File "/usr/lib/python3.12/ast.py", line 52, in parse
    return compile(source, filename, mode, flags,
           ^^^^^^^^^^^^^^^^^^^^^^^^^^^^^^^^^^^^^^
  File "<unknown>", line 17
    	t = ????
    	    ^
SyntaxError: invalid syntax
2025-08-18 19:43:50,920 cblogger [ERROR]: 		Error while extracting halsted code metrics: invalid syntax (<unknown>, line 17)
Traceback (most recent call last):
  File "/root/QuestionInsight/Etapa_1/codebench-mining-tool/util.py", line 569, in extract_halstead_metrics
    h = h_visit(code)
        ^^^^^^^^^^^^^
  File "/root/QuestionInsight/.venv/lib/python3.12/site-packages/radon/metrics.py", line 29, in h_visit
    return h_visit_ast(ast.parse(code))
                       ^^^^^^^^^^^^^^^
  File "/usr/lib/python3.12/ast.py", line 52, in parse
    return compile(source, filename, mode, flags,
           ^^^^^^^^^^^^^^^^^^^^^^^^^^^^^^^^^^^^^^
  File "<unknown>", line 17
    	t = ????
    	    ^
SyntaxError: invalid syntax
2025-08-18 19:43:50,921 cblogger [ERROR]: 		Error while extracting code token based metrics: 55
Traceback (most recent call last):
  File "/root/QuestionInsight/Etapa_1/codebench-mining-tool/util.py", line 633, in extract_token_metrics
    setattr(obj, TOKEN_NAMES[k], v)
                 ~~~~~~~~~~~^^^
KeyError: 55
2025-08-18 19:43:50,948 cblogger [ERROR]: 		Error while extracting code complexity metrics: expected ':' (<unknown>, line 11)
Traceback (most recent call last):
  File "/root/QuestionInsight/Etapa_1/codebench-mining-tool/util.py", line 551, in extract_complexity_metrics
    v = ComplexityVisitor.from_code(code)
        ^^^^^^^^^^^^^^^^^^^^^^^^^^^^^^^^^
  File "/root/QuestionInsight/.venv/lib/python3.12/site-packages/radon/visitors.py", line 133, in from_code
    return cls.from_ast(code2ast(code), **kwargs)
                        ^^^^^^^^^^^^^^
  File "/root/QuestionInsight/.venv/lib/python3.12/site-packages/radon/visitors.py", line 48, in code2ast
    return ast.parse(source)
           ^^^^^^^^^^^^^^^^^
  File "/usr/lib/python3.12/ast.py", line 52, in parse
    return compile(source, filename, mode, flags,
           ^^^^^^^^^^^^^^^^^^^^^^^^^^^^^^^^^^^^^^
  File "<unknown>", line 11
    while(z )
             ^
SyntaxError: expected ':'
2025-08-18 19:43:50,950 cblogger [ERROR]: 		Error while extracting halsted code metrics: expected ':' (<unknown>, line 11)
Traceback (most recent call last):
  File "/root/QuestionInsight/Etapa_1/codebench-mining-tool/util.py", line 569, in extract_halstead_metrics
    h = h_visit(code)
        ^^^^^^^^^^^^^
  File "/root/QuestionInsight/.venv/lib/python3.12/site-packages/radon/metrics.py", line 29, in h_visit
    return h_visit_ast(ast.parse(code))
                       ^^^^^^^^^^^^^^^
  File "/usr/lib/python3.12/ast.py", line 52, in parse
    return compile(source, filename, mode, flags,
           ^^^^^^^^^^^^^^^^^^^^^^^^^^^^^^^^^^^^^^
  File "<unknown>", line 11
    while(z )
             ^
SyntaxError: expected ':'
2025-08-18 19:43:51,292 cblogger [ERROR]: 		Error while extracting code complexity metrics: '(' was never closed (<unknown>, line 2)
Traceback (most recent call last):
  File "/root/QuestionInsight/Etapa_1/codebench-mining-tool/util.py", line 551, in extract_complexity_metrics
    v = ComplexityVisitor.from_code(code)
        ^^^^^^^^^^^^^^^^^^^^^^^^^^^^^^^^^
  File "/root/QuestionInsight/.venv/lib/python3.12/site-packages/radon/visitors.py", line 133, in from_code
    return cls.from_ast(code2ast(code), **kwargs)
                        ^^^^^^^^^^^^^^
  File "/root/QuestionInsight/.venv/lib/python3.12/site-packages/radon/visitors.py", line 48, in code2ast
    return ast.parse(source)
           ^^^^^^^^^^^^^^^^^
  File "/usr/lib/python3.12/ast.py", line 52, in parse
    return compile(source, filename, mode, flags,
           ^^^^^^^^^^^^^^^^^^^^^^^^^^^^^^^^^^^^^^
  File "<unknown>", line 2
    vet = zeros((n,n), dteyp 
               ^
SyntaxError: '(' was never closed
2025-08-18 19:43:51,293 cblogger [ERROR]: 		Error while extracting code size based metrics: SyntaxError at line: 2
Traceback (most recent call last):
  File "/root/QuestionInsight/.venv/lib/python3.12/site-packages/radon/raw.py", line 210, in analyze
    tokens, parsed_lines = _get_all_tokens(line, lines)
                           ^^^^^^^^^^^^^^^^^^^^^^^^^^^^
  File "/root/QuestionInsight/.venv/lib/python3.12/site-packages/radon/raw.py", line 117, in _get_all_tokens
    next_line = next(lines)
                ^^^^^^^^^^^
StopIteration

During handling of the above exception, another exception occurred:

Traceback (most recent call last):
  File "/root/QuestionInsight/Etapa_1/codebench-mining-tool/util.py", line 560, in extract_size_metrics
    a = analyze(code)
        ^^^^^^^^^^^^^
  File "/root/QuestionInsight/.venv/lib/python3.12/site-packages/radon/raw.py", line 212, in analyze
    raise SyntaxError('SyntaxError at line: {0}'.format(lineno))
SyntaxError: SyntaxError at line: 2
2025-08-18 19:43:51,293 cblogger [ERROR]: 		Error while extracting halsted code metrics: '(' was never closed (<unknown>, line 2)
Traceback (most recent call last):
  File "/root/QuestionInsight/Etapa_1/codebench-mining-tool/util.py", line 569, in extract_halstead_metrics
    h = h_visit(code)
        ^^^^^^^^^^^^^
  File "/root/QuestionInsight/.venv/lib/python3.12/site-packages/radon/metrics.py", line 29, in h_visit
    return h_visit_ast(ast.parse(code))
                       ^^^^^^^^^^^^^^^
  File "/usr/lib/python3.12/ast.py", line 52, in parse
    return compile(source, filename, mode, flags,
           ^^^^^^^^^^^^^^^^^^^^^^^^^^^^^^^^^^^^^^
  File "<unknown>", line 2
    vet = zeros((n,n), dteyp 
               ^
SyntaxError: '(' was never closed
2025-08-18 19:43:51,295 cblogger [ERROR]: 		Error while extracting code complexity metrics: invalid syntax (<unknown>, line 2)
Traceback (most recent call last):
  File "/root/QuestionInsight/Etapa_1/codebench-mining-tool/util.py", line 551, in extract_complexity_metrics
    v = ComplexityVisitor.from_code(code)
        ^^^^^^^^^^^^^^^^^^^^^^^^^^^^^^^^^
  File "/root/QuestionInsight/.venv/lib/python3.12/site-packages/radon/visitors.py", line 133, in from_code
    return cls.from_ast(code2ast(code), **kwargs)
                        ^^^^^^^^^^^^^^
  File "/root/QuestionInsight/.venv/lib/python3.12/site-packages/radon/visitors.py", line 48, in code2ast
    return ast.parse(source)
           ^^^^^^^^^^^^^^^^^
  File "/usr/lib/python3.12/ast.py", line 52, in parse
    return compile(source, filename, mode, flags,
           ^^^^^^^^^^^^^^^^^^^^^^^^^^^^^^^^^^^^^^
  File "<unknown>", line 2
    v = del(["a"]) 
        ^^^
SyntaxError: invalid syntax
2025-08-18 19:43:51,295 cblogger [ERROR]: 		Error while extracting halsted code metrics: invalid syntax (<unknown>, line 2)
Traceback (most recent call last):
  File "/root/QuestionInsight/Etapa_1/codebench-mining-tool/util.py", line 569, in extract_halstead_metrics
    h = h_visit(code)
        ^^^^^^^^^^^^^
  File "/root/QuestionInsight/.venv/lib/python3.12/site-packages/radon/metrics.py", line 29, in h_visit
    return h_visit_ast(ast.parse(code))
                       ^^^^^^^^^^^^^^^
  File "/usr/lib/python3.12/ast.py", line 52, in parse
    return compile(source, filename, mode, flags,
           ^^^^^^^^^^^^^^^^^^^^^^^^^^^^^^^^^^^^^^
  File "<unknown>", line 2
    v = del(["a"]) 
        ^^^
SyntaxError: invalid syntax
2025-08-18 19:43:51,300 cblogger [ERROR]: 		Error while extracting code complexity metrics: invalid syntax (<unknown>, line 4)
Traceback (most recent call last):
  File "/root/QuestionInsight/Etapa_1/codebench-mining-tool/util.py", line 551, in extract_complexity_metrics
    v = ComplexityVisitor.from_code(code)
        ^^^^^^^^^^^^^^^^^^^^^^^^^^^^^^^^^
  File "/root/QuestionInsight/.venv/lib/python3.12/site-packages/radon/visitors.py", line 133, in from_code
    return cls.from_ast(code2ast(code), **kwargs)
                        ^^^^^^^^^^^^^^
  File "/root/QuestionInsight/.venv/lib/python3.12/site-packages/radon/visitors.py", line 48, in code2ast
    return ast.parse(source)
           ^^^^^^^^^^^^^^^^^
  File "/usr/lib/python3.12/ast.py", line 52, in parse
    return compile(source, filename, mode, flags,
           ^^^^^^^^^^^^^^^^^^^^^^^^^^^^^^^^^^^^^^
  File "<unknown>", line 4
    while(num !=< -1): 
                ^
SyntaxError: invalid syntax
2025-08-18 19:43:51,301 cblogger [ERROR]: 		Error while extracting halsted code metrics: invalid syntax (<unknown>, line 4)
Traceback (most recent call last):
  File "/root/QuestionInsight/Etapa_1/codebench-mining-tool/util.py", line 569, in extract_halstead_metrics
    h = h_visit(code)
        ^^^^^^^^^^^^^
  File "/root/QuestionInsight/.venv/lib/python3.12/site-packages/radon/metrics.py", line 29, in h_visit
    return h_visit_ast(ast.parse(code))
                       ^^^^^^^^^^^^^^^
  File "/usr/lib/python3.12/ast.py", line 52, in parse
    return compile(source, filename, mode, flags,
           ^^^^^^^^^^^^^^^^^^^^^^^^^^^^^^^^^^^^^^
  File "<unknown>", line 4
    while(num !=< -1): 
                ^
SyntaxError: invalid syntax
2025-08-18 19:43:51,324 cblogger [ERROR]: 		Error while extracting code complexity metrics: unindent does not match any outer indentation level (<unknown>, line 11)
Traceback (most recent call last):
  File "/root/QuestionInsight/Etapa_1/codebench-mining-tool/util.py", line 551, in extract_complexity_metrics
    v = ComplexityVisitor.from_code(code)
        ^^^^^^^^^^^^^^^^^^^^^^^^^^^^^^^^^
  File "/root/QuestionInsight/.venv/lib/python3.12/site-packages/radon/visitors.py", line 133, in from_code
    return cls.from_ast(code2ast(code), **kwargs)
                        ^^^^^^^^^^^^^^
  File "/root/QuestionInsight/.venv/lib/python3.12/site-packages/radon/visitors.py", line 48, in code2ast
    return ast.parse(source)
           ^^^^^^^^^^^^^^^^^
  File "/usr/lib/python3.12/ast.py", line 52, in parse
    return compile(source, filename, mode, flags,
           ^^^^^^^^^^^^^^^^^^^^^^^^^^^^^^^^^^^^^^
  File "<unknown>", line 11
    elif (notas[i] < 5) and (freq[i] >= 0.75 * carga):
                                                      ^
IndentationError: unindent does not match any outer indentation level
2025-08-18 19:43:51,325 cblogger [ERROR]: 		Error while extracting halsted code metrics: unindent does not match any outer indentation level (<unknown>, line 11)
Traceback (most recent call last):
  File "/root/QuestionInsight/Etapa_1/codebench-mining-tool/util.py", line 569, in extract_halstead_metrics
    h = h_visit(code)
        ^^^^^^^^^^^^^
  File "/root/QuestionInsight/.venv/lib/python3.12/site-packages/radon/metrics.py", line 29, in h_visit
    return h_visit_ast(ast.parse(code))
                       ^^^^^^^^^^^^^^^
  File "/usr/lib/python3.12/ast.py", line 52, in parse
    return compile(source, filename, mode, flags,
           ^^^^^^^^^^^^^^^^^^^^^^^^^^^^^^^^^^^^^^
  File "<unknown>", line 11
    elif (notas[i] < 5) and (freq[i] >= 0.75 * carga):
                                                      ^
IndentationError: unindent does not match any outer indentation level
2025-08-18 19:43:51,326 cblogger [ERROR]: 		Error while extracting code complexity metrics: invalid syntax (<unknown>, line 4)
Traceback (most recent call last):
  File "/root/QuestionInsight/Etapa_1/codebench-mining-tool/util.py", line 551, in extract_complexity_metrics
    v = ComplexityVisitor.from_code(code)
        ^^^^^^^^^^^^^^^^^^^^^^^^^^^^^^^^^
  File "/root/QuestionInsight/.venv/lib/python3.12/site-packages/radon/visitors.py", line 133, in from_code
    return cls.from_ast(code2ast(code), **kwargs)
                        ^^^^^^^^^^^^^^
  File "/root/QuestionInsight/.venv/lib/python3.12/site-packages/radon/visitors.py", line 48, in code2ast
    return ast.parse(source)
           ^^^^^^^^^^^^^^^^^
  File "/usr/lib/python3.12/ast.py", line 52, in parse
    return compile(source, filename, mode, flags,
           ^^^^^^^^^^^^^^^^^^^^^^^^^^^^^^^^^^^^^^
  File "<unknown>", line 4
    x =  
         ^
SyntaxError: invalid syntax
2025-08-18 19:43:51,326 cblogger [ERROR]: 		Error while extracting halsted code metrics: invalid syntax (<unknown>, line 4)
Traceback (most recent call last):
  File "/root/QuestionInsight/Etapa_1/codebench-mining-tool/util.py", line 569, in extract_halstead_metrics
    h = h_visit(code)
        ^^^^^^^^^^^^^
  File "/root/QuestionInsight/.venv/lib/python3.12/site-packages/radon/metrics.py", line 29, in h_visit
    return h_visit_ast(ast.parse(code))
                       ^^^^^^^^^^^^^^^
  File "/usr/lib/python3.12/ast.py", line 52, in parse
    return compile(source, filename, mode, flags,
           ^^^^^^^^^^^^^^^^^^^^^^^^^^^^^^^^^^^^^^
  File "<unknown>", line 4
    x =  
         ^
SyntaxError: invalid syntax
2025-08-18 19:43:51,344 cblogger [ERROR]: 		Error while extracting code complexity metrics: unexpected indent (<unknown>, line 5)
Traceback (most recent call last):
  File "/root/QuestionInsight/Etapa_1/codebench-mining-tool/util.py", line 551, in extract_complexity_metrics
    v = ComplexityVisitor.from_code(code)
        ^^^^^^^^^^^^^^^^^^^^^^^^^^^^^^^^^
  File "/root/QuestionInsight/.venv/lib/python3.12/site-packages/radon/visitors.py", line 133, in from_code
    return cls.from_ast(code2ast(code), **kwargs)
                        ^^^^^^^^^^^^^^
  File "/root/QuestionInsight/.venv/lib/python3.12/site-packages/radon/visitors.py", line 48, in code2ast
    return ast.parse(source)
           ^^^^^^^^^^^^^^^^^
  File "/usr/lib/python3.12/ast.py", line 52, in parse
    return compile(source, filename, mode, flags,
           ^^^^^^^^^^^^^^^^^^^^^^^^^^^^^^^^^^^^^^
  File "<unknown>", line 5
    	for x in vet:
    ^
IndentationError: unexpected indent
2025-08-18 19:43:51,344 cblogger [ERROR]: 		Error while extracting halsted code metrics: unexpected indent (<unknown>, line 5)
Traceback (most recent call last):
  File "/root/QuestionInsight/Etapa_1/codebench-mining-tool/util.py", line 569, in extract_halstead_metrics
    h = h_visit(code)
        ^^^^^^^^^^^^^
  File "/root/QuestionInsight/.venv/lib/python3.12/site-packages/radon/metrics.py", line 29, in h_visit
    return h_visit_ast(ast.parse(code))
                       ^^^^^^^^^^^^^^^
  File "/usr/lib/python3.12/ast.py", line 52, in parse
    return compile(source, filename, mode, flags,
           ^^^^^^^^^^^^^^^^^^^^^^^^^^^^^^^^^^^^^^
  File "<unknown>", line 5
    	for x in vet:
    ^
IndentationError: unexpected indent
2025-08-18 19:43:51,359 cblogger [ERROR]: 		Error while extracting code complexity metrics: invalid syntax. Maybe you meant '==' or ':=' instead of '='? (<unknown>, line 2)
Traceback (most recent call last):
  File "/root/QuestionInsight/Etapa_1/codebench-mining-tool/util.py", line 551, in extract_complexity_metrics
    v = ComplexityVisitor.from_code(code)
        ^^^^^^^^^^^^^^^^^^^^^^^^^^^^^^^^^
  File "/root/QuestionInsight/.venv/lib/python3.12/site-packages/radon/visitors.py", line 133, in from_code
    return cls.from_ast(code2ast(code), **kwargs)
                        ^^^^^^^^^^^^^^
  File "/root/QuestionInsight/.venv/lib/python3.12/site-packages/radon/visitors.py", line 48, in code2ast
    return ast.parse(source)
           ^^^^^^^^^^^^^^^^^
  File "/usr/lib/python3.12/ast.py", line 52, in parse
    return compile(source, filename, mode, flags,
           ^^^^^^^^^^^^^^^^^^^^^^^^^^^^^^^^^^^^^^
  File "<unknown>", line 2
    if (nome = cervo):
        ^^^^^^^^^^^^
SyntaxError: invalid syntax. Maybe you meant '==' or ':=' instead of '='?
2025-08-18 19:43:51,360 cblogger [ERROR]: 		Error while extracting halsted code metrics: invalid syntax. Maybe you meant '==' or ':=' instead of '='? (<unknown>, line 2)
Traceback (most recent call last):
  File "/root/QuestionInsight/Etapa_1/codebench-mining-tool/util.py", line 569, in extract_halstead_metrics
    h = h_visit(code)
        ^^^^^^^^^^^^^
  File "/root/QuestionInsight/.venv/lib/python3.12/site-packages/radon/metrics.py", line 29, in h_visit
    return h_visit_ast(ast.parse(code))
                       ^^^^^^^^^^^^^^^
  File "/usr/lib/python3.12/ast.py", line 52, in parse
    return compile(source, filename, mode, flags,
           ^^^^^^^^^^^^^^^^^^^^^^^^^^^^^^^^^^^^^^
  File "<unknown>", line 2
    if (nome = cervo):
        ^^^^^^^^^^^^
SyntaxError: invalid syntax. Maybe you meant '==' or ':=' instead of '='?
2025-08-18 19:43:51,362 cblogger [ERROR]: 		Error while extracting code complexity metrics: invalid syntax (<unknown>, line 4)
Traceback (most recent call last):
  File "/root/QuestionInsight/Etapa_1/codebench-mining-tool/util.py", line 551, in extract_complexity_metrics
    v = ComplexityVisitor.from_code(code)
        ^^^^^^^^^^^^^^^^^^^^^^^^^^^^^^^^^
  File "/root/QuestionInsight/.venv/lib/python3.12/site-packages/radon/visitors.py", line 133, in from_code
    return cls.from_ast(code2ast(code), **kwargs)
                        ^^^^^^^^^^^^^^
  File "/root/QuestionInsight/.venv/lib/python3.12/site-packages/radon/visitors.py", line 48, in code2ast
    return ast.parse(source)
           ^^^^^^^^^^^^^^^^^
  File "/usr/lib/python3.12/ast.py", line 52, in parse
    return compile(source, filename, mode, flags,
           ^^^^^^^^^^^^^^^^^^^^^^^^^^^^^^^^^^^^^^
  File "<unknown>", line 4
    while 
          ^
SyntaxError: invalid syntax
2025-08-18 19:43:51,363 cblogger [ERROR]: 		Error while extracting halsted code metrics: invalid syntax (<unknown>, line 4)
Traceback (most recent call last):
  File "/root/QuestionInsight/Etapa_1/codebench-mining-tool/util.py", line 569, in extract_halstead_metrics
    h = h_visit(code)
        ^^^^^^^^^^^^^
  File "/root/QuestionInsight/.venv/lib/python3.12/site-packages/radon/metrics.py", line 29, in h_visit
    return h_visit_ast(ast.parse(code))
                       ^^^^^^^^^^^^^^^
  File "/usr/lib/python3.12/ast.py", line 52, in parse
    return compile(source, filename, mode, flags,
           ^^^^^^^^^^^^^^^^^^^^^^^^^^^^^^^^^^^^^^
  File "<unknown>", line 4
    while 
          ^
SyntaxError: invalid syntax
2025-08-18 19:43:51,374 cblogger [ERROR]: 		Error while extracting code complexity metrics: invalid syntax (<unknown>, line 18)
Traceback (most recent call last):
  File "/root/QuestionInsight/Etapa_1/codebench-mining-tool/util.py", line 551, in extract_complexity_metrics
    v = ComplexityVisitor.from_code(code)
        ^^^^^^^^^^^^^^^^^^^^^^^^^^^^^^^^^
  File "/root/QuestionInsight/.venv/lib/python3.12/site-packages/radon/visitors.py", line 133, in from_code
    return cls.from_ast(code2ast(code), **kwargs)
                        ^^^^^^^^^^^^^^
  File "/root/QuestionInsight/.venv/lib/python3.12/site-packages/radon/visitors.py", line 48, in code2ast
    return ast.parse(source)
           ^^^^^^^^^^^^^^^^^
  File "/usr/lib/python3.12/ast.py", line 52, in parse
    return compile(source, filename, mode, flags,
           ^^^^^^^^^^^^^^^^^^^^^^^^^^^^^^^^^^^^^^
  File "<unknown>", line 18
    elif(tipo == "C"):
    ^^^^
SyntaxError: invalid syntax
2025-08-18 19:43:51,375 cblogger [ERROR]: 		Error while extracting halsted code metrics: invalid syntax (<unknown>, line 18)
Traceback (most recent call last):
  File "/root/QuestionInsight/Etapa_1/codebench-mining-tool/util.py", line 569, in extract_halstead_metrics
    h = h_visit(code)
        ^^^^^^^^^^^^^
  File "/root/QuestionInsight/.venv/lib/python3.12/site-packages/radon/metrics.py", line 29, in h_visit
    return h_visit_ast(ast.parse(code))
                       ^^^^^^^^^^^^^^^
  File "/usr/lib/python3.12/ast.py", line 52, in parse
    return compile(source, filename, mode, flags,
           ^^^^^^^^^^^^^^^^^^^^^^^^^^^^^^^^^^^^^^
  File "<unknown>", line 18
    elif(tipo == "C"):
    ^^^^
SyntaxError: invalid syntax
2025-08-18 19:43:51,376 cblogger [ERROR]: 		Error while extracting code complexity metrics: unexpected indent (<unknown>, line 2)
Traceback (most recent call last):
  File "/root/QuestionInsight/Etapa_1/codebench-mining-tool/util.py", line 551, in extract_complexity_metrics
    v = ComplexityVisitor.from_code(code)
        ^^^^^^^^^^^^^^^^^^^^^^^^^^^^^^^^^
  File "/root/QuestionInsight/.venv/lib/python3.12/site-packages/radon/visitors.py", line 133, in from_code
    return cls.from_ast(code2ast(code), **kwargs)
                        ^^^^^^^^^^^^^^
  File "/root/QuestionInsight/.venv/lib/python3.12/site-packages/radon/visitors.py", line 48, in code2ast
    return ast.parse(source)
           ^^^^^^^^^^^^^^^^^
  File "/usr/lib/python3.12/ast.py", line 52, in parse
    return compile(source, filename, mode, flags,
           ^^^^^^^^^^^^^^^^^^^^^^^^^^^^^^^^^^^^^^
  File "<unknown>", line 2
    x = (x1,x2,x3,xn=)
IndentationError: unexpected indent
2025-08-18 19:43:51,376 cblogger [ERROR]: 		Error while extracting halsted code metrics: unexpected indent (<unknown>, line 2)
Traceback (most recent call last):
  File "/root/QuestionInsight/Etapa_1/codebench-mining-tool/util.py", line 569, in extract_halstead_metrics
    h = h_visit(code)
        ^^^^^^^^^^^^^
  File "/root/QuestionInsight/.venv/lib/python3.12/site-packages/radon/metrics.py", line 29, in h_visit
    return h_visit_ast(ast.parse(code))
                       ^^^^^^^^^^^^^^^
  File "/usr/lib/python3.12/ast.py", line 52, in parse
    return compile(source, filename, mode, flags,
           ^^^^^^^^^^^^^^^^^^^^^^^^^^^^^^^^^^^^^^
  File "<unknown>", line 2
    x = (x1,x2,x3,xn=)
IndentationError: unexpected indent
2025-08-18 19:43:51,391 cblogger [ERROR]: 		Error while extracting code complexity metrics: expected an indented block after 'if' statement on line 24 (<unknown>, line 29)
Traceback (most recent call last):
  File "/root/QuestionInsight/Etapa_1/codebench-mining-tool/util.py", line 551, in extract_complexity_metrics
    v = ComplexityVisitor.from_code(code)
        ^^^^^^^^^^^^^^^^^^^^^^^^^^^^^^^^^
  File "/root/QuestionInsight/.venv/lib/python3.12/site-packages/radon/visitors.py", line 133, in from_code
    return cls.from_ast(code2ast(code), **kwargs)
                        ^^^^^^^^^^^^^^
  File "/root/QuestionInsight/.venv/lib/python3.12/site-packages/radon/visitors.py", line 48, in code2ast
    return ast.parse(source)
           ^^^^^^^^^^^^^^^^^
  File "/usr/lib/python3.12/ast.py", line 52, in parse
    return compile(source, filename, mode, flags,
           ^^^^^^^^^^^^^^^^^^^^^^^^^^^^^^^^^^^^^^
  File "<unknown>", line 29
    cont
IndentationError: expected an indented block after 'if' statement on line 24
2025-08-18 19:43:51,393 cblogger [ERROR]: 		Error while extracting halsted code metrics: expected an indented block after 'if' statement on line 24 (<unknown>, line 29)
Traceback (most recent call last):
  File "/root/QuestionInsight/Etapa_1/codebench-mining-tool/util.py", line 569, in extract_halstead_metrics
    h = h_visit(code)
        ^^^^^^^^^^^^^
  File "/root/QuestionInsight/.venv/lib/python3.12/site-packages/radon/metrics.py", line 29, in h_visit
    return h_visit_ast(ast.parse(code))
                       ^^^^^^^^^^^^^^^
  File "/usr/lib/python3.12/ast.py", line 52, in parse
    return compile(source, filename, mode, flags,
           ^^^^^^^^^^^^^^^^^^^^^^^^^^^^^^^^^^^^^^
  File "<unknown>", line 29
    cont
IndentationError: expected an indented block after 'if' statement on line 24
2025-08-18 19:43:51,398 cblogger [ERROR]: 		Error while extracting code complexity metrics: '(' was never closed (<unknown>, line 3)
Traceback (most recent call last):
  File "/root/QuestionInsight/Etapa_1/codebench-mining-tool/util.py", line 551, in extract_complexity_metrics
    v = ComplexityVisitor.from_code(code)
        ^^^^^^^^^^^^^^^^^^^^^^^^^^^^^^^^^
  File "/root/QuestionInsight/.venv/lib/python3.12/site-packages/radon/visitors.py", line 133, in from_code
    return cls.from_ast(code2ast(code), **kwargs)
                        ^^^^^^^^^^^^^^
  File "/root/QuestionInsight/.venv/lib/python3.12/site-packages/radon/visitors.py", line 48, in code2ast
    return ast.parse(source)
           ^^^^^^^^^^^^^^^^^
  File "/usr/lib/python3.12/ast.py", line 52, in parse
    return compile(source, filename, mode, flags,
           ^^^^^^^^^^^^^^^^^^^^^^^^^^^^^^^^^^^^^^
  File "<unknown>", line 3
    r = int(input("Quantidade recuperada: ")
           ^
SyntaxError: '(' was never closed
2025-08-18 19:43:51,398 cblogger [ERROR]: 		Error while extracting code size based metrics: SyntaxError at line: 3
Traceback (most recent call last):
  File "/root/QuestionInsight/.venv/lib/python3.12/site-packages/radon/raw.py", line 210, in analyze
    tokens, parsed_lines = _get_all_tokens(line, lines)
                           ^^^^^^^^^^^^^^^^^^^^^^^^^^^^
  File "/root/QuestionInsight/.venv/lib/python3.12/site-packages/radon/raw.py", line 117, in _get_all_tokens
    next_line = next(lines)
                ^^^^^^^^^^^
StopIteration

During handling of the above exception, another exception occurred:

Traceback (most recent call last):
  File "/root/QuestionInsight/Etapa_1/codebench-mining-tool/util.py", line 560, in extract_size_metrics
    a = analyze(code)
        ^^^^^^^^^^^^^
  File "/root/QuestionInsight/.venv/lib/python3.12/site-packages/radon/raw.py", line 212, in analyze
    raise SyntaxError('SyntaxError at line: {0}'.format(lineno))
SyntaxError: SyntaxError at line: 3
2025-08-18 19:43:51,399 cblogger [ERROR]: 		Error while extracting halsted code metrics: '(' was never closed (<unknown>, line 3)
Traceback (most recent call last):
  File "/root/QuestionInsight/Etapa_1/codebench-mining-tool/util.py", line 569, in extract_halstead_metrics
    h = h_visit(code)
        ^^^^^^^^^^^^^
  File "/root/QuestionInsight/.venv/lib/python3.12/site-packages/radon/metrics.py", line 29, in h_visit
    return h_visit_ast(ast.parse(code))
                       ^^^^^^^^^^^^^^^
  File "/usr/lib/python3.12/ast.py", line 52, in parse
    return compile(source, filename, mode, flags,
           ^^^^^^^^^^^^^^^^^^^^^^^^^^^^^^^^^^^^^^
  File "<unknown>", line 3
    r = int(input("Quantidade recuperada: ")
           ^
SyntaxError: '(' was never closed
2025-08-18 19:43:51,406 cblogger [ERROR]: 		Error while extracting code complexity metrics: unexpected indent (<unknown>, line 2)
Traceback (most recent call last):
  File "/root/QuestionInsight/Etapa_1/codebench-mining-tool/util.py", line 551, in extract_complexity_metrics
    v = ComplexityVisitor.from_code(code)
        ^^^^^^^^^^^^^^^^^^^^^^^^^^^^^^^^^
  File "/root/QuestionInsight/.venv/lib/python3.12/site-packages/radon/visitors.py", line 133, in from_code
    return cls.from_ast(code2ast(code), **kwargs)
                        ^^^^^^^^^^^^^^
  File "/root/QuestionInsight/.venv/lib/python3.12/site-packages/radon/visitors.py", line 48, in code2ast
    return ast.parse(source)
           ^^^^^^^^^^^^^^^^^
  File "/usr/lib/python3.12/ast.py", line 52, in parse
    return compile(source, filename, mode, flags,
           ^^^^^^^^^^^^^^^^^^^^^^^^^^^^^^^^^^^^^^
  File "<unknown>", line 2
    ] == "C"):
IndentationError: unexpected indent
2025-08-18 19:43:51,407 cblogger [ERROR]: 		Error while extracting code size based metrics: SyntaxError at line: 18
Traceback (most recent call last):
  File "/root/QuestionInsight/.venv/lib/python3.12/site-packages/radon/raw.py", line 210, in analyze
    tokens, parsed_lines = _get_all_tokens(line, lines)
                           ^^^^^^^^^^^^^^^^^^^^^^^^^^^^
  File "/root/QuestionInsight/.venv/lib/python3.12/site-packages/radon/raw.py", line 117, in _get_all_tokens
    next_line = next(lines)
                ^^^^^^^^^^^
StopIteration

During handling of the above exception, another exception occurred:

Traceback (most recent call last):
  File "/root/QuestionInsight/Etapa_1/codebench-mining-tool/util.py", line 560, in extract_size_metrics
    a = analyze(code)
        ^^^^^^^^^^^^^
  File "/root/QuestionInsight/.venv/lib/python3.12/site-packages/radon/raw.py", line 212, in analyze
    raise SyntaxError('SyntaxError at line: {0}'.format(lineno))
SyntaxError: SyntaxError at line: 18
2025-08-18 19:43:51,407 cblogger [ERROR]: 		Error while extracting halsted code metrics: unexpected indent (<unknown>, line 2)
Traceback (most recent call last):
  File "/root/QuestionInsight/Etapa_1/codebench-mining-tool/util.py", line 569, in extract_halstead_metrics
    h = h_visit(code)
        ^^^^^^^^^^^^^
  File "/root/QuestionInsight/.venv/lib/python3.12/site-packages/radon/metrics.py", line 29, in h_visit
    return h_visit_ast(ast.parse(code))
                       ^^^^^^^^^^^^^^^
  File "/usr/lib/python3.12/ast.py", line 52, in parse
    return compile(source, filename, mode, flags,
           ^^^^^^^^^^^^^^^^^^^^^^^^^^^^^^^^^^^^^^
  File "<unknown>", line 2
    ] == "C"):
IndentationError: unexpected indent
2025-08-18 19:43:51,411 cblogger [ERROR]: 		Error while extracting code complexity metrics: inconsistent use of tabs and spaces in indentation (<unknown>, line 10)
Traceback (most recent call last):
  File "/root/QuestionInsight/Etapa_1/codebench-mining-tool/util.py", line 551, in extract_complexity_metrics
    v = ComplexityVisitor.from_code(code)
        ^^^^^^^^^^^^^^^^^^^^^^^^^^^^^^^^^
  File "/root/QuestionInsight/.venv/lib/python3.12/site-packages/radon/visitors.py", line 133, in from_code
    return cls.from_ast(code2ast(code), **kwargs)
                        ^^^^^^^^^^^^^^
  File "/root/QuestionInsight/.venv/lib/python3.12/site-packages/radon/visitors.py", line 48, in code2ast
    return ast.parse(source)
           ^^^^^^^^^^^^^^^^^
  File "/usr/lib/python3.12/ast.py", line 52, in parse
    return compile(source, filename, mode, flags,
           ^^^^^^^^^^^^^^^^^^^^^^^^^^^^^^^^^^^^^^
  File "<unknown>", line 10
    				print("Tipo de triangulo: equilatero")
    ^
TabError: inconsistent use of tabs and spaces in indentation
2025-08-18 19:43:51,412 cblogger [ERROR]: 		Error while extracting halsted code metrics: inconsistent use of tabs and spaces in indentation (<unknown>, line 10)
Traceback (most recent call last):
  File "/root/QuestionInsight/Etapa_1/codebench-mining-tool/util.py", line 569, in extract_halstead_metrics
    h = h_visit(code)
        ^^^^^^^^^^^^^
  File "/root/QuestionInsight/.venv/lib/python3.12/site-packages/radon/metrics.py", line 29, in h_visit
    return h_visit_ast(ast.parse(code))
                       ^^^^^^^^^^^^^^^
  File "/usr/lib/python3.12/ast.py", line 52, in parse
    return compile(source, filename, mode, flags,
           ^^^^^^^^^^^^^^^^^^^^^^^^^^^^^^^^^^^^^^
  File "<unknown>", line 10
    				print("Tipo de triangulo: equilatero")
    ^
TabError: inconsistent use of tabs and spaces in indentation
2025-08-18 19:43:51,414 cblogger [ERROR]: 		Error while extracting code complexity metrics: unindent does not match any outer indentation level (<unknown>, line 7)
Traceback (most recent call last):
  File "/root/QuestionInsight/Etapa_1/codebench-mining-tool/util.py", line 551, in extract_complexity_metrics
    v = ComplexityVisitor.from_code(code)
        ^^^^^^^^^^^^^^^^^^^^^^^^^^^^^^^^^
  File "/root/QuestionInsight/.venv/lib/python3.12/site-packages/radon/visitors.py", line 133, in from_code
    return cls.from_ast(code2ast(code), **kwargs)
                        ^^^^^^^^^^^^^^
  File "/root/QuestionInsight/.venv/lib/python3.12/site-packages/radon/visitors.py", line 48, in code2ast
    return ast.parse(source)
           ^^^^^^^^^^^^^^^^^
  File "/usr/lib/python3.12/ast.py", line 52, in parse
    return compile(source, filename, mode, flags,
           ^^^^^^^^^^^^^^^^^^^^^^^^^^^^^^^^^^^^^^
  File "<unknown>", line 7
    		if (p == "JPN"): 
    		                 ^
IndentationError: unindent does not match any outer indentation level
2025-08-18 19:43:51,417 cblogger [ERROR]: 		Error while extracting halsted code metrics: unindent does not match any outer indentation level (<unknown>, line 7)
Traceback (most recent call last):
  File "/root/QuestionInsight/Etapa_1/codebench-mining-tool/util.py", line 569, in extract_halstead_metrics
    h = h_visit(code)
        ^^^^^^^^^^^^^
  File "/root/QuestionInsight/.venv/lib/python3.12/site-packages/radon/metrics.py", line 29, in h_visit
    return h_visit_ast(ast.parse(code))
                       ^^^^^^^^^^^^^^^
  File "/usr/lib/python3.12/ast.py", line 52, in parse
    return compile(source, filename, mode, flags,
           ^^^^^^^^^^^^^^^^^^^^^^^^^^^^^^^^^^^^^^
  File "<unknown>", line 7
    		if (p == "JPN"): 
    		                 ^
IndentationError: unindent does not match any outer indentation level
2025-08-18 19:43:51,455 cblogger [ERROR]: 		Error while extracting code complexity metrics: invalid decimal literal (<unknown>, line 7)
Traceback (most recent call last):
  File "/root/QuestionInsight/Etapa_1/codebench-mining-tool/util.py", line 551, in extract_complexity_metrics
    v = ComplexityVisitor.from_code(code)
        ^^^^^^^^^^^^^^^^^^^^^^^^^^^^^^^^^
  File "/root/QuestionInsight/.venv/lib/python3.12/site-packages/radon/visitors.py", line 133, in from_code
    return cls.from_ast(code2ast(code), **kwargs)
                        ^^^^^^^^^^^^^^
  File "/root/QuestionInsight/.venv/lib/python3.12/site-packages/radon/visitors.py", line 48, in code2ast
    return ast.parse(source)
           ^^^^^^^^^^^^^^^^^
  File "/usr/lib/python3.12/ast.py", line 52, in parse
    return compile(source, filename, mode, flags,
           ^^^^^^^^^^^^^^^^^^^^^^^^^^^^^^^^^^^^^^
  File "<unknown>", line 7
    print = (valor_do_anel * tempo_decorrido * 3pi)
                                               ^
SyntaxError: invalid decimal literal
2025-08-18 19:43:51,455 cblogger [ERROR]: 		Error while extracting halsted code metrics: invalid decimal literal (<unknown>, line 7)
Traceback (most recent call last):
  File "/root/QuestionInsight/Etapa_1/codebench-mining-tool/util.py", line 569, in extract_halstead_metrics
    h = h_visit(code)
        ^^^^^^^^^^^^^
  File "/root/QuestionInsight/.venv/lib/python3.12/site-packages/radon/metrics.py", line 29, in h_visit
    return h_visit_ast(ast.parse(code))
                       ^^^^^^^^^^^^^^^
  File "/usr/lib/python3.12/ast.py", line 52, in parse
    return compile(source, filename, mode, flags,
           ^^^^^^^^^^^^^^^^^^^^^^^^^^^^^^^^^^^^^^
  File "<unknown>", line 7
    print = (valor_do_anel * tempo_decorrido * 3pi)
                                               ^
SyntaxError: invalid decimal literal
2025-08-18 19:43:51,456 cblogger [ERROR]: 		Error while extracting code complexity metrics: unterminated string literal (detected at line 1) (<unknown>, line 1)
Traceback (most recent call last):
  File "/root/QuestionInsight/Etapa_1/codebench-mining-tool/util.py", line 551, in extract_complexity_metrics
    v = ComplexityVisitor.from_code(code)
        ^^^^^^^^^^^^^^^^^^^^^^^^^^^^^^^^^
  File "/root/QuestionInsight/.venv/lib/python3.12/site-packages/radon/visitors.py", line 133, in from_code
    return cls.from_ast(code2ast(code), **kwargs)
                        ^^^^^^^^^^^^^^
  File "/root/QuestionInsight/.venv/lib/python3.12/site-packages/radon/visitors.py", line 48, in code2ast
    return ast.parse(source)
           ^^^^^^^^^^^^^^^^^
  File "/usr/lib/python3.12/ast.py", line 52, in parse
    return compile(source, filename, mode, flags,
           ^^^^^^^^^^^^^^^^^^^^^^^^^^^^^^^^^^^^^^
  File "<unknown>", line 1
    int("colocar o nome da arma)
        ^
SyntaxError: unterminated string literal (detected at line 1)
2025-08-18 19:43:51,457 cblogger [ERROR]: 		Error while extracting code size based metrics: SyntaxError at line: 1
Traceback (most recent call last):
  File "/root/QuestionInsight/.venv/lib/python3.12/site-packages/radon/raw.py", line 210, in analyze
    tokens, parsed_lines = _get_all_tokens(line, lines)
                           ^^^^^^^^^^^^^^^^^^^^^^^^^^^^
  File "/root/QuestionInsight/.venv/lib/python3.12/site-packages/radon/raw.py", line 117, in _get_all_tokens
    next_line = next(lines)
                ^^^^^^^^^^^
StopIteration

During handling of the above exception, another exception occurred:

Traceback (most recent call last):
  File "/root/QuestionInsight/Etapa_1/codebench-mining-tool/util.py", line 560, in extract_size_metrics
    a = analyze(code)
        ^^^^^^^^^^^^^
  File "/root/QuestionInsight/.venv/lib/python3.12/site-packages/radon/raw.py", line 212, in analyze
    raise SyntaxError('SyntaxError at line: {0}'.format(lineno))
SyntaxError: SyntaxError at line: 1
2025-08-18 19:43:51,457 cblogger [ERROR]: 		Error while extracting halsted code metrics: unterminated string literal (detected at line 1) (<unknown>, line 1)
Traceback (most recent call last):
  File "/root/QuestionInsight/Etapa_1/codebench-mining-tool/util.py", line 569, in extract_halstead_metrics
    h = h_visit(code)
        ^^^^^^^^^^^^^
  File "/root/QuestionInsight/.venv/lib/python3.12/site-packages/radon/metrics.py", line 29, in h_visit
    return h_visit_ast(ast.parse(code))
                       ^^^^^^^^^^^^^^^
  File "/usr/lib/python3.12/ast.py", line 52, in parse
    return compile(source, filename, mode, flags,
           ^^^^^^^^^^^^^^^^^^^^^^^^^^^^^^^^^^^^^^
  File "<unknown>", line 1
    int("colocar o nome da arma)
        ^
SyntaxError: unterminated string literal (detected at line 1)
2025-08-18 19:43:51,480 cblogger [ERROR]: 		Error while extracting code complexity metrics: unexpected indent (<unknown>, line 54)
Traceback (most recent call last):
  File "/root/QuestionInsight/Etapa_1/codebench-mining-tool/util.py", line 551, in extract_complexity_metrics
    v = ComplexityVisitor.from_code(code)
        ^^^^^^^^^^^^^^^^^^^^^^^^^^^^^^^^^
  File "/root/QuestionInsight/.venv/lib/python3.12/site-packages/radon/visitors.py", line 133, in from_code
    return cls.from_ast(code2ast(code), **kwargs)
                        ^^^^^^^^^^^^^^
  File "/root/QuestionInsight/.venv/lib/python3.12/site-packages/radon/visitors.py", line 48, in code2ast
    return ast.parse(source)
           ^^^^^^^^^^^^^^^^^
  File "/usr/lib/python3.12/ast.py", line 52, in parse
    return compile(source, filename, mode, flags,
           ^^^^^^^^^^^^^^^^^^^^^^^^^^^^^^^^^^^^^^
  File "<unknown>", line 54
    Console
IndentationError: unexpected indent
2025-08-18 19:43:51,481 cblogger [ERROR]: 		Error while extracting halsted code metrics: unexpected indent (<unknown>, line 54)
Traceback (most recent call last):
  File "/root/QuestionInsight/Etapa_1/codebench-mining-tool/util.py", line 569, in extract_halstead_metrics
    h = h_visit(code)
        ^^^^^^^^^^^^^
  File "/root/QuestionInsight/.venv/lib/python3.12/site-packages/radon/metrics.py", line 29, in h_visit
    return h_visit_ast(ast.parse(code))
                       ^^^^^^^^^^^^^^^
  File "/usr/lib/python3.12/ast.py", line 52, in parse
    return compile(source, filename, mode, flags,
           ^^^^^^^^^^^^^^^^^^^^^^^^^^^^^^^^^^^^^^
  File "<unknown>", line 54
    Console
IndentationError: unexpected indent
2025-08-18 19:43:51,762 cblogger [ERROR]: 		Error while extracting code complexity metrics: expected ':' (<unknown>, line 3)
Traceback (most recent call last):
  File "/root/QuestionInsight/Etapa_1/codebench-mining-tool/util.py", line 551, in extract_complexity_metrics
    v = ComplexityVisitor.from_code(code)
        ^^^^^^^^^^^^^^^^^^^^^^^^^^^^^^^^^
  File "/root/QuestionInsight/.venv/lib/python3.12/site-packages/radon/visitors.py", line 133, in from_code
    return cls.from_ast(code2ast(code), **kwargs)
                        ^^^^^^^^^^^^^^
  File "/root/QuestionInsight/.venv/lib/python3.12/site-packages/radon/visitors.py", line 48, in code2ast
    return ast.parse(source)
           ^^^^^^^^^^^^^^^^^
  File "/usr/lib/python3.12/ast.py", line 52, in parse
    return compile(source, filename, mode, flags,
           ^^^^^^^^^^^^^^^^^^^^^^^^^^^^^^^^^^^^^^
  File "<unknown>", line 3
    if(int(input)==1)
                     ^
SyntaxError: expected ':'
2025-08-18 19:43:51,762 cblogger [ERROR]: 		Error while extracting halsted code metrics: expected ':' (<unknown>, line 3)
Traceback (most recent call last):
  File "/root/QuestionInsight/Etapa_1/codebench-mining-tool/util.py", line 569, in extract_halstead_metrics
    h = h_visit(code)
        ^^^^^^^^^^^^^
  File "/root/QuestionInsight/.venv/lib/python3.12/site-packages/radon/metrics.py", line 29, in h_visit
    return h_visit_ast(ast.parse(code))
                       ^^^^^^^^^^^^^^^
  File "/usr/lib/python3.12/ast.py", line 52, in parse
    return compile(source, filename, mode, flags,
           ^^^^^^^^^^^^^^^^^^^^^^^^^^^^^^^^^^^^^^
  File "<unknown>", line 3
    if(int(input)==1)
                     ^
SyntaxError: expected ':'
2025-08-18 19:43:51,764 cblogger [ERROR]: 		Error while extracting code complexity metrics: invalid syntax (<unknown>, line 3)
Traceback (most recent call last):
  File "/root/QuestionInsight/Etapa_1/codebench-mining-tool/util.py", line 551, in extract_complexity_metrics
    v = ComplexityVisitor.from_code(code)
        ^^^^^^^^^^^^^^^^^^^^^^^^^^^^^^^^^
  File "/root/QuestionInsight/.venv/lib/python3.12/site-packages/radon/visitors.py", line 133, in from_code
    return cls.from_ast(code2ast(code), **kwargs)
                        ^^^^^^^^^^^^^^
  File "/root/QuestionInsight/.venv/lib/python3.12/site-packages/radon/visitors.py", line 48, in code2ast
    return ast.parse(source)
           ^^^^^^^^^^^^^^^^^
  File "/usr/lib/python3.12/ast.py", line 52, in parse
    return compile(source, filename, mode, flags,
           ^^^^^^^^^^^^^^^^^^^^^^^^^^^^^^^^^^^^^^
  File "<unknown>", line 3
    lista=
          ^
SyntaxError: invalid syntax
2025-08-18 19:43:51,765 cblogger [ERROR]: 		Error while extracting halsted code metrics: invalid syntax (<unknown>, line 3)
Traceback (most recent call last):
  File "/root/QuestionInsight/Etapa_1/codebench-mining-tool/util.py", line 569, in extract_halstead_metrics
    h = h_visit(code)
        ^^^^^^^^^^^^^
  File "/root/QuestionInsight/.venv/lib/python3.12/site-packages/radon/metrics.py", line 29, in h_visit
    return h_visit_ast(ast.parse(code))
                       ^^^^^^^^^^^^^^^
  File "/usr/lib/python3.12/ast.py", line 52, in parse
    return compile(source, filename, mode, flags,
           ^^^^^^^^^^^^^^^^^^^^^^^^^^^^^^^^^^^^^^
  File "<unknown>", line 3
    lista=
          ^
SyntaxError: invalid syntax
2025-08-18 19:43:51,785 cblogger [ERROR]: 		Error while extracting code complexity metrics: invalid syntax (<unknown>, line 6)
Traceback (most recent call last):
  File "/root/QuestionInsight/Etapa_1/codebench-mining-tool/util.py", line 551, in extract_complexity_metrics
    v = ComplexityVisitor.from_code(code)
        ^^^^^^^^^^^^^^^^^^^^^^^^^^^^^^^^^
  File "/root/QuestionInsight/.venv/lib/python3.12/site-packages/radon/visitors.py", line 133, in from_code
    return cls.from_ast(code2ast(code), **kwargs)
                        ^^^^^^^^^^^^^^
  File "/root/QuestionInsight/.venv/lib/python3.12/site-packages/radon/visitors.py", line 48, in code2ast
    return ast.parse(source)
           ^^^^^^^^^^^^^^^^^
  File "/usr/lib/python3.12/ast.py", line 52, in parse
    return compile(source, filename, mode, flags,
           ^^^^^^^^^^^^^^^^^^^^^^^^^^^^^^^^^^^^^^
  File "<unknown>", line 6
    if (abs(r-d < 0.1):
                      ^
SyntaxError: invalid syntax
2025-08-18 19:43:51,785 cblogger [ERROR]: 		Error while extracting code size based metrics: SyntaxError at line: 6
Traceback (most recent call last):
  File "/root/QuestionInsight/.venv/lib/python3.12/site-packages/radon/raw.py", line 210, in analyze
    tokens, parsed_lines = _get_all_tokens(line, lines)
                           ^^^^^^^^^^^^^^^^^^^^^^^^^^^^
  File "/root/QuestionInsight/.venv/lib/python3.12/site-packages/radon/raw.py", line 117, in _get_all_tokens
    next_line = next(lines)
                ^^^^^^^^^^^
StopIteration

During handling of the above exception, another exception occurred:

Traceback (most recent call last):
  File "/root/QuestionInsight/Etapa_1/codebench-mining-tool/util.py", line 560, in extract_size_metrics
    a = analyze(code)
        ^^^^^^^^^^^^^
  File "/root/QuestionInsight/.venv/lib/python3.12/site-packages/radon/raw.py", line 212, in analyze
    raise SyntaxError('SyntaxError at line: {0}'.format(lineno))
SyntaxError: SyntaxError at line: 6
2025-08-18 19:43:51,786 cblogger [ERROR]: 		Error while extracting halsted code metrics: invalid syntax (<unknown>, line 6)
Traceback (most recent call last):
  File "/root/QuestionInsight/Etapa_1/codebench-mining-tool/util.py", line 569, in extract_halstead_metrics
    h = h_visit(code)
        ^^^^^^^^^^^^^
  File "/root/QuestionInsight/.venv/lib/python3.12/site-packages/radon/metrics.py", line 29, in h_visit
    return h_visit_ast(ast.parse(code))
                       ^^^^^^^^^^^^^^^
  File "/usr/lib/python3.12/ast.py", line 52, in parse
    return compile(source, filename, mode, flags,
           ^^^^^^^^^^^^^^^^^^^^^^^^^^^^^^^^^^^^^^
  File "<unknown>", line 6
    if (abs(r-d < 0.1):
                      ^
SyntaxError: invalid syntax
2025-08-18 19:43:51,850 cblogger [ERROR]: 		Error while extracting code complexity metrics: invalid syntax. Perhaps you forgot a comma? (<unknown>, line 16)
Traceback (most recent call last):
  File "/root/QuestionInsight/Etapa_1/codebench-mining-tool/util.py", line 551, in extract_complexity_metrics
    v = ComplexityVisitor.from_code(code)
        ^^^^^^^^^^^^^^^^^^^^^^^^^^^^^^^^^
  File "/root/QuestionInsight/.venv/lib/python3.12/site-packages/radon/visitors.py", line 133, in from_code
    return cls.from_ast(code2ast(code), **kwargs)
                        ^^^^^^^^^^^^^^
  File "/root/QuestionInsight/.venv/lib/python3.12/site-packages/radon/visitors.py", line 48, in code2ast
    return ast.parse(source)
           ^^^^^^^^^^^^^^^^^
  File "/usr/lib/python3.12/ast.py", line 52, in parse
    return compile(source, filename, mode, flags,
           ^^^^^^^^^^^^^^^^^^^^^^^^^^^^^^^^^^^^^^
  File "<unknown>", line 16
    if (___COMPLETE AQUI___):
        ^^^^^^^^^^^^^^^^^^^
SyntaxError: invalid syntax. Perhaps you forgot a comma?
2025-08-18 19:43:51,851 cblogger [ERROR]: 		Error while extracting halsted code metrics: invalid syntax. Perhaps you forgot a comma? (<unknown>, line 16)
Traceback (most recent call last):
  File "/root/QuestionInsight/Etapa_1/codebench-mining-tool/util.py", line 569, in extract_halstead_metrics
    h = h_visit(code)
        ^^^^^^^^^^^^^
  File "/root/QuestionInsight/.venv/lib/python3.12/site-packages/radon/metrics.py", line 29, in h_visit
    return h_visit_ast(ast.parse(code))
                       ^^^^^^^^^^^^^^^
  File "/usr/lib/python3.12/ast.py", line 52, in parse
    return compile(source, filename, mode, flags,
           ^^^^^^^^^^^^^^^^^^^^^^^^^^^^^^^^^^^^^^
  File "<unknown>", line 16
    if (___COMPLETE AQUI___):
        ^^^^^^^^^^^^^^^^^^^
SyntaxError: invalid syntax. Perhaps you forgot a comma?
2025-08-18 19:43:51,939 cblogger [ERROR]: 		Error while extracting code complexity metrics: Missing parentheses in call to 'print'. Did you mean print(...)? (<unknown>, line 1)
Traceback (most recent call last):
  File "/root/QuestionInsight/Etapa_1/codebench-mining-tool/util.py", line 551, in extract_complexity_metrics
    v = ComplexityVisitor.from_code(code)
        ^^^^^^^^^^^^^^^^^^^^^^^^^^^^^^^^^
  File "/root/QuestionInsight/.venv/lib/python3.12/site-packages/radon/visitors.py", line 133, in from_code
    return cls.from_ast(code2ast(code), **kwargs)
                        ^^^^^^^^^^^^^^
  File "/root/QuestionInsight/.venv/lib/python3.12/site-packages/radon/visitors.py", line 48, in code2ast
    return ast.parse(source)
           ^^^^^^^^^^^^^^^^^
  File "/usr/lib/python3.12/ast.py", line 52, in parse
    return compile(source, filename, mode, flags,
           ^^^^^^^^^^^^^^^^^^^^^^^^^^^^^^^^^^^^^^
  File "<unknown>", line 1
    print 'area*alunos'
    ^^^^^^^^^^^^^^^^^^^
SyntaxError: Missing parentheses in call to 'print'. Did you mean print(...)?
2025-08-18 19:43:51,939 cblogger [ERROR]: 		Error while extracting halsted code metrics: Missing parentheses in call to 'print'. Did you mean print(...)? (<unknown>, line 1)
Traceback (most recent call last):
  File "/root/QuestionInsight/Etapa_1/codebench-mining-tool/util.py", line 569, in extract_halstead_metrics
    h = h_visit(code)
        ^^^^^^^^^^^^^
  File "/root/QuestionInsight/.venv/lib/python3.12/site-packages/radon/metrics.py", line 29, in h_visit
    return h_visit_ast(ast.parse(code))
                       ^^^^^^^^^^^^^^^
  File "/usr/lib/python3.12/ast.py", line 52, in parse
    return compile(source, filename, mode, flags,
           ^^^^^^^^^^^^^^^^^^^^^^^^^^^^^^^^^^^^^^
  File "<unknown>", line 1
    print 'area*alunos'
    ^^^^^^^^^^^^^^^^^^^
SyntaxError: Missing parentheses in call to 'print'. Did you mean print(...)?
2025-08-18 19:43:51,944 cblogger [ERROR]: 		Error while extracting code complexity metrics: invalid syntax (<unknown>, line 1)
Traceback (most recent call last):
  File "/root/QuestionInsight/Etapa_1/codebench-mining-tool/util.py", line 551, in extract_complexity_metrics
    v = ComplexityVisitor.from_code(code)
        ^^^^^^^^^^^^^^^^^^^^^^^^^^^^^^^^^
  File "/root/QuestionInsight/.venv/lib/python3.12/site-packages/radon/visitors.py", line 133, in from_code
    return cls.from_ast(code2ast(code), **kwargs)
                        ^^^^^^^^^^^^^^
  File "/root/QuestionInsight/.venv/lib/python3.12/site-packages/radon/visitors.py", line 48, in code2ast
    return ast.parse(source)
           ^^^^^^^^^^^^^^^^^
  File "/usr/lib/python3.12/ast.py", line 52, in parse
    return compile(source, filename, mode, flags,
           ^^^^^^^^^^^^^^^^^^^^^^^^^^^^^^^^^^^^^^
  File "<unknown>", line 1
    in ''
    ^^
SyntaxError: invalid syntax
2025-08-18 19:43:51,944 cblogger [ERROR]: 		Error while extracting halsted code metrics: invalid syntax (<unknown>, line 1)
Traceback (most recent call last):
  File "/root/QuestionInsight/Etapa_1/codebench-mining-tool/util.py", line 569, in extract_halstead_metrics
    h = h_visit(code)
        ^^^^^^^^^^^^^
  File "/root/QuestionInsight/.venv/lib/python3.12/site-packages/radon/metrics.py", line 29, in h_visit
    return h_visit_ast(ast.parse(code))
                       ^^^^^^^^^^^^^^^
  File "/usr/lib/python3.12/ast.py", line 52, in parse
    return compile(source, filename, mode, flags,
           ^^^^^^^^^^^^^^^^^^^^^^^^^^^^^^^^^^^^^^
  File "<unknown>", line 1
    in ''
    ^^
SyntaxError: invalid syntax
2025-08-18 19:43:52,274 cblogger [ERROR]: 		Error while extracting code complexity metrics: invalid syntax. Perhaps you forgot a comma? (<unknown>, line 18)
Traceback (most recent call last):
  File "/root/QuestionInsight/Etapa_1/codebench-mining-tool/util.py", line 551, in extract_complexity_metrics
    v = ComplexityVisitor.from_code(code)
        ^^^^^^^^^^^^^^^^^^^^^^^^^^^^^^^^^
  File "/root/QuestionInsight/.venv/lib/python3.12/site-packages/radon/visitors.py", line 133, in from_code
    return cls.from_ast(code2ast(code), **kwargs)
                        ^^^^^^^^^^^^^^
  File "/root/QuestionInsight/.venv/lib/python3.12/site-packages/radon/visitors.py", line 48, in code2ast
    return ast.parse(source)
           ^^^^^^^^^^^^^^^^^
  File "/usr/lib/python3.12/ast.py", line 52, in parse
    return compile(source, filename, mode, flags,
           ^^^^^^^^^^^^^^^^^^^^^^^^^^^^^^^^^^^^^^
  File "<unknown>", line 18
    	if (___COMPLETE AQUI___):
    	    ^^^^^^^^^^^^^^^^^^^
SyntaxError: invalid syntax. Perhaps you forgot a comma?
2025-08-18 19:43:52,275 cblogger [ERROR]: 		Error while extracting halsted code metrics: invalid syntax. Perhaps you forgot a comma? (<unknown>, line 18)
Traceback (most recent call last):
  File "/root/QuestionInsight/Etapa_1/codebench-mining-tool/util.py", line 569, in extract_halstead_metrics
    h = h_visit(code)
        ^^^^^^^^^^^^^
  File "/root/QuestionInsight/.venv/lib/python3.12/site-packages/radon/metrics.py", line 29, in h_visit
    return h_visit_ast(ast.parse(code))
                       ^^^^^^^^^^^^^^^
  File "/usr/lib/python3.12/ast.py", line 52, in parse
    return compile(source, filename, mode, flags,
           ^^^^^^^^^^^^^^^^^^^^^^^^^^^^^^^^^^^^^^
  File "<unknown>", line 18
    	if (___COMPLETE AQUI___):
    	    ^^^^^^^^^^^^^^^^^^^
SyntaxError: invalid syntax. Perhaps you forgot a comma?
2025-08-18 19:43:52,278 cblogger [ERROR]: 		Error while extracting code complexity metrics: invalid syntax (<unknown>, line 1)
Traceback (most recent call last):
  File "/root/QuestionInsight/Etapa_1/codebench-mining-tool/util.py", line 551, in extract_complexity_metrics
    v = ComplexityVisitor.from_code(code)
        ^^^^^^^^^^^^^^^^^^^^^^^^^^^^^^^^^
  File "/root/QuestionInsight/.venv/lib/python3.12/site-packages/radon/visitors.py", line 133, in from_code
    return cls.from_ast(code2ast(code), **kwargs)
                        ^^^^^^^^^^^^^^
  File "/root/QuestionInsight/.venv/lib/python3.12/site-packages/radon/visitors.py", line 48, in code2ast
    return ast.parse(source)
           ^^^^^^^^^^^^^^^^^
  File "/usr/lib/python3.12/ast.py", line 52, in parse
    return compile(source, filename, mode, flags,
           ^^^^^^^^^^^^^^^^^^^^^^^^^^^^^^^^^^^^^^
  File "<unknown>", line 1
    from = ("qual a quantidade de equipamentos")
         ^
SyntaxError: invalid syntax
2025-08-18 19:43:52,279 cblogger [ERROR]: 		Error while extracting halsted code metrics: invalid syntax (<unknown>, line 1)
Traceback (most recent call last):
  File "/root/QuestionInsight/Etapa_1/codebench-mining-tool/util.py", line 569, in extract_halstead_metrics
    h = h_visit(code)
        ^^^^^^^^^^^^^
  File "/root/QuestionInsight/.venv/lib/python3.12/site-packages/radon/metrics.py", line 29, in h_visit
    return h_visit_ast(ast.parse(code))
                       ^^^^^^^^^^^^^^^
  File "/usr/lib/python3.12/ast.py", line 52, in parse
    return compile(source, filename, mode, flags,
           ^^^^^^^^^^^^^^^^^^^^^^^^^^^^^^^^^^^^^^
  File "<unknown>", line 1
    from = ("qual a quantidade de equipamentos")
         ^
SyntaxError: invalid syntax
2025-08-18 19:43:52,378 cblogger [ERROR]: 		Error while extracting code complexity metrics: '(' was never closed (<unknown>, line 2)
Traceback (most recent call last):
  File "/root/QuestionInsight/Etapa_1/codebench-mining-tool/util.py", line 551, in extract_complexity_metrics
    v = ComplexityVisitor.from_code(code)
        ^^^^^^^^^^^^^^^^^^^^^^^^^^^^^^^^^
  File "/root/QuestionInsight/.venv/lib/python3.12/site-packages/radon/visitors.py", line 133, in from_code
    return cls.from_ast(code2ast(code), **kwargs)
                        ^^^^^^^^^^^^^^
  File "/root/QuestionInsight/.venv/lib/python3.12/site-packages/radon/visitors.py", line 48, in code2ast
    return ast.parse(source)
           ^^^^^^^^^^^^^^^^^
  File "/usr/lib/python3.12/ast.py", line 52, in parse
    return compile(source, filename, mode, flags,
           ^^^^^^^^^^^^^^^^^^^^^^^^^^^^^^^^^^^^^^
  File "<unknown>", line 2
    olhos = array(eval(input(""))
                 ^
SyntaxError: '(' was never closed
2025-08-18 19:43:52,379 cblogger [ERROR]: 		Error while extracting code size based metrics: SyntaxError at line: 2
Traceback (most recent call last):
  File "/root/QuestionInsight/.venv/lib/python3.12/site-packages/radon/raw.py", line 210, in analyze
    tokens, parsed_lines = _get_all_tokens(line, lines)
                           ^^^^^^^^^^^^^^^^^^^^^^^^^^^^
  File "/root/QuestionInsight/.venv/lib/python3.12/site-packages/radon/raw.py", line 117, in _get_all_tokens
    next_line = next(lines)
                ^^^^^^^^^^^
StopIteration

During handling of the above exception, another exception occurred:

Traceback (most recent call last):
  File "/root/QuestionInsight/Etapa_1/codebench-mining-tool/util.py", line 560, in extract_size_metrics
    a = analyze(code)
        ^^^^^^^^^^^^^
  File "/root/QuestionInsight/.venv/lib/python3.12/site-packages/radon/raw.py", line 212, in analyze
    raise SyntaxError('SyntaxError at line: {0}'.format(lineno))
SyntaxError: SyntaxError at line: 2
2025-08-18 19:43:52,380 cblogger [ERROR]: 		Error while extracting halsted code metrics: '(' was never closed (<unknown>, line 2)
Traceback (most recent call last):
  File "/root/QuestionInsight/Etapa_1/codebench-mining-tool/util.py", line 569, in extract_halstead_metrics
    h = h_visit(code)
        ^^^^^^^^^^^^^
  File "/root/QuestionInsight/.venv/lib/python3.12/site-packages/radon/metrics.py", line 29, in h_visit
    return h_visit_ast(ast.parse(code))
                       ^^^^^^^^^^^^^^^
  File "/usr/lib/python3.12/ast.py", line 52, in parse
    return compile(source, filename, mode, flags,
           ^^^^^^^^^^^^^^^^^^^^^^^^^^^^^^^^^^^^^^
  File "<unknown>", line 2
    olhos = array(eval(input(""))
                 ^
SyntaxError: '(' was never closed
2025-08-18 19:43:52,513 cblogger [ERROR]: 		Error while extracting code complexity metrics: unindent does not match any outer indentation level (<unknown>, line 27)
Traceback (most recent call last):
  File "/root/QuestionInsight/Etapa_1/codebench-mining-tool/util.py", line 551, in extract_complexity_metrics
    v = ComplexityVisitor.from_code(code)
        ^^^^^^^^^^^^^^^^^^^^^^^^^^^^^^^^^
  File "/root/QuestionInsight/.venv/lib/python3.12/site-packages/radon/visitors.py", line 133, in from_code
    return cls.from_ast(code2ast(code), **kwargs)
                        ^^^^^^^^^^^^^^
  File "/root/QuestionInsight/.venv/lib/python3.12/site-packages/radon/visitors.py", line 48, in code2ast
    return ast.parse(source)
           ^^^^^^^^^^^^^^^^^
  File "/usr/lib/python3.12/ast.py", line 52, in parse
    return compile(source, filename, mode, flags,
           ^^^^^^^^^^^^^^^^^^^^^^^^^^^^^^^^^^^^^^
  File "<unknown>", line 27
    	   if(futuro == 1):
    	                   ^
IndentationError: unindent does not match any outer indentation level
2025-08-18 19:43:52,514 cblogger [ERROR]: 		Error while extracting halsted code metrics: unindent does not match any outer indentation level (<unknown>, line 27)
Traceback (most recent call last):
  File "/root/QuestionInsight/Etapa_1/codebench-mining-tool/util.py", line 569, in extract_halstead_metrics
    h = h_visit(code)
        ^^^^^^^^^^^^^
  File "/root/QuestionInsight/.venv/lib/python3.12/site-packages/radon/metrics.py", line 29, in h_visit
    return h_visit_ast(ast.parse(code))
                       ^^^^^^^^^^^^^^^
  File "/usr/lib/python3.12/ast.py", line 52, in parse
    return compile(source, filename, mode, flags,
           ^^^^^^^^^^^^^^^^^^^^^^^^^^^^^^^^^^^^^^
  File "<unknown>", line 27
    	   if(futuro == 1):
    	                   ^
IndentationError: unindent does not match any outer indentation level
2025-08-18 19:43:52,591 cblogger [ERROR]: 		Error while extracting code complexity metrics: invalid syntax (<unknown>, line 8)
Traceback (most recent call last):
  File "/root/QuestionInsight/Etapa_1/codebench-mining-tool/util.py", line 551, in extract_complexity_metrics
    v = ComplexityVisitor.from_code(code)
        ^^^^^^^^^^^^^^^^^^^^^^^^^^^^^^^^^
  File "/root/QuestionInsight/.venv/lib/python3.12/site-packages/radon/visitors.py", line 133, in from_code
    return cls.from_ast(code2ast(code), **kwargs)
                        ^^^^^^^^^^^^^^
  File "/root/QuestionInsight/.venv/lib/python3.12/site-packages/radon/visitors.py", line 48, in code2ast
    return ast.parse(source)
           ^^^^^^^^^^^^^^^^^
  File "/usr/lib/python3.12/ast.py", line 52, in parse
    return compile(source, filename, mode, flags,
           ^^^^^^^^^^^^^^^^^^^^^^^^^^^^^^^^^^^^^^
  File "<unknown>", line 8
    	soma=notas[,j]
    	           ^
SyntaxError: invalid syntax
2025-08-18 19:43:52,592 cblogger [ERROR]: 		Error while extracting halsted code metrics: invalid syntax (<unknown>, line 8)
Traceback (most recent call last):
  File "/root/QuestionInsight/Etapa_1/codebench-mining-tool/util.py", line 569, in extract_halstead_metrics
    h = h_visit(code)
        ^^^^^^^^^^^^^
  File "/root/QuestionInsight/.venv/lib/python3.12/site-packages/radon/metrics.py", line 29, in h_visit
    return h_visit_ast(ast.parse(code))
                       ^^^^^^^^^^^^^^^
  File "/usr/lib/python3.12/ast.py", line 52, in parse
    return compile(source, filename, mode, flags,
           ^^^^^^^^^^^^^^^^^^^^^^^^^^^^^^^^^^^^^^
  File "<unknown>", line 8
    	soma=notas[,j]
    	           ^
SyntaxError: invalid syntax
2025-08-18 19:43:52,596 cblogger [ERROR]: 		Error while extracting code complexity metrics: unindent does not match any outer indentation level (<unknown>, line 8)
Traceback (most recent call last):
  File "/root/QuestionInsight/Etapa_1/codebench-mining-tool/util.py", line 551, in extract_complexity_metrics
    v = ComplexityVisitor.from_code(code)
        ^^^^^^^^^^^^^^^^^^^^^^^^^^^^^^^^^
  File "/root/QuestionInsight/.venv/lib/python3.12/site-packages/radon/visitors.py", line 133, in from_code
    return cls.from_ast(code2ast(code), **kwargs)
                        ^^^^^^^^^^^^^^
  File "/root/QuestionInsight/.venv/lib/python3.12/site-packages/radon/visitors.py", line 48, in code2ast
    return ast.parse(source)
           ^^^^^^^^^^^^^^^^^
  File "/usr/lib/python3.12/ast.py", line 52, in parse
    return compile(source, filename, mode, flags,
           ^^^^^^^^^^^^^^^^^^^^^^^^^^^^^^^^^^^^^^
  File "<unknown>", line 8
    print(float(round(, 2)))
                            ^
IndentationError: unindent does not match any outer indentation level
2025-08-18 19:43:52,597 cblogger [ERROR]: 		Error while extracting halsted code metrics: unindent does not match any outer indentation level (<unknown>, line 8)
Traceback (most recent call last):
  File "/root/QuestionInsight/Etapa_1/codebench-mining-tool/util.py", line 569, in extract_halstead_metrics
    h = h_visit(code)
        ^^^^^^^^^^^^^
  File "/root/QuestionInsight/.venv/lib/python3.12/site-packages/radon/metrics.py", line 29, in h_visit
    return h_visit_ast(ast.parse(code))
                       ^^^^^^^^^^^^^^^
  File "/usr/lib/python3.12/ast.py", line 52, in parse
    return compile(source, filename, mode, flags,
           ^^^^^^^^^^^^^^^^^^^^^^^^^^^^^^^^^^^^^^
  File "<unknown>", line 8
    print(float(round(, 2)))
                            ^
IndentationError: unindent does not match any outer indentation level
2025-08-18 19:43:52,603 cblogger [ERROR]: 		Error while extracting code complexity metrics: invalid syntax (<unknown>, line 12)
Traceback (most recent call last):
  File "/root/QuestionInsight/Etapa_1/codebench-mining-tool/util.py", line 551, in extract_complexity_metrics
    v = ComplexityVisitor.from_code(code)
        ^^^^^^^^^^^^^^^^^^^^^^^^^^^^^^^^^
  File "/root/QuestionInsight/.venv/lib/python3.12/site-packages/radon/visitors.py", line 133, in from_code
    return cls.from_ast(code2ast(code), **kwargs)
                        ^^^^^^^^^^^^^^
  File "/root/QuestionInsight/.venv/lib/python3.12/site-packages/radon/visitors.py", line 48, in code2ast
    return ast.parse(source)
           ^^^^^^^^^^^^^^^^^
  File "/usr/lib/python3.12/ast.py", line 52, in parse
    return compile(source, filename, mode, flags,
           ^^^^^^^^^^^^^^^^^^^^^^^^^^^^^^^^^^^^^^
  File "<unknown>", line 12
    			al=al + z-
    			          ^
SyntaxError: invalid syntax
2025-08-18 19:43:52,604 cblogger [ERROR]: 		Error while extracting halsted code metrics: invalid syntax (<unknown>, line 12)
Traceback (most recent call last):
  File "/root/QuestionInsight/Etapa_1/codebench-mining-tool/util.py", line 569, in extract_halstead_metrics
    h = h_visit(code)
        ^^^^^^^^^^^^^
  File "/root/QuestionInsight/.venv/lib/python3.12/site-packages/radon/metrics.py", line 29, in h_visit
    return h_visit_ast(ast.parse(code))
                       ^^^^^^^^^^^^^^^
  File "/usr/lib/python3.12/ast.py", line 52, in parse
    return compile(source, filename, mode, flags,
           ^^^^^^^^^^^^^^^^^^^^^^^^^^^^^^^^^^^^^^
  File "<unknown>", line 12
    			al=al + z-
    			          ^
SyntaxError: invalid syntax
2025-08-18 19:43:52,617 cblogger [ERROR]: 		Error while extracting code complexity metrics: invalid syntax (<unknown>, line 3)
Traceback (most recent call last):
  File "/root/QuestionInsight/Etapa_1/codebench-mining-tool/util.py", line 551, in extract_complexity_metrics
    v = ComplexityVisitor.from_code(code)
        ^^^^^^^^^^^^^^^^^^^^^^^^^^^^^^^^^
  File "/root/QuestionInsight/.venv/lib/python3.12/site-packages/radon/visitors.py", line 133, in from_code
    return cls.from_ast(code2ast(code), **kwargs)
                        ^^^^^^^^^^^^^^
  File "/root/QuestionInsight/.venv/lib/python3.12/site-packages/radon/visitors.py", line 48, in code2ast
    return ast.parse(source)
           ^^^^^^^^^^^^^^^^^
  File "/usr/lib/python3.12/ast.py", line 52, in parse
    return compile(source, filename, mode, flags,
           ^^^^^^^^^^^^^^^^^^^^^^^^^^^^^^^^^^^^^^
  File "<unknown>", line 3
    b = (sum(x)-min(x))/
                        ^
SyntaxError: invalid syntax
2025-08-18 19:43:52,619 cblogger [ERROR]: 		Error while extracting halsted code metrics: invalid syntax (<unknown>, line 3)
Traceback (most recent call last):
  File "/root/QuestionInsight/Etapa_1/codebench-mining-tool/util.py", line 569, in extract_halstead_metrics
    h = h_visit(code)
        ^^^^^^^^^^^^^
  File "/root/QuestionInsight/.venv/lib/python3.12/site-packages/radon/metrics.py", line 29, in h_visit
    return h_visit_ast(ast.parse(code))
                       ^^^^^^^^^^^^^^^
  File "/usr/lib/python3.12/ast.py", line 52, in parse
    return compile(source, filename, mode, flags,
           ^^^^^^^^^^^^^^^^^^^^^^^^^^^^^^^^^^^^^^
  File "<unknown>", line 3
    b = (sum(x)-min(x))/
                        ^
SyntaxError: invalid syntax
2025-08-18 19:43:52,656 cblogger [ERROR]: 		Error while extracting code complexity metrics: invalid syntax (<unknown>, line 12)
Traceback (most recent call last):
  File "/root/QuestionInsight/Etapa_1/codebench-mining-tool/util.py", line 551, in extract_complexity_metrics
    v = ComplexityVisitor.from_code(code)
        ^^^^^^^^^^^^^^^^^^^^^^^^^^^^^^^^^
  File "/root/QuestionInsight/.venv/lib/python3.12/site-packages/radon/visitors.py", line 133, in from_code
    return cls.from_ast(code2ast(code), **kwargs)
                        ^^^^^^^^^^^^^^
  File "/root/QuestionInsight/.venv/lib/python3.12/site-packages/radon/visitors.py", line 48, in code2ast
    return ast.parse(source)
           ^^^^^^^^^^^^^^^^^
  File "/usr/lib/python3.12/ast.py", line 52, in parse
    return compile(source, filename, mode, flags,
           ^^^^^^^^^^^^^^^^^^^^^^^^^^^^^^^^^^^^^^
  File "<unknown>", line 12
    	if(t[] % 2==0):
    	     ^
SyntaxError: invalid syntax
2025-08-18 19:43:52,657 cblogger [ERROR]: 		Error while extracting halsted code metrics: invalid syntax (<unknown>, line 12)
Traceback (most recent call last):
  File "/root/QuestionInsight/Etapa_1/codebench-mining-tool/util.py", line 569, in extract_halstead_metrics
    h = h_visit(code)
        ^^^^^^^^^^^^^
  File "/root/QuestionInsight/.venv/lib/python3.12/site-packages/radon/metrics.py", line 29, in h_visit
    return h_visit_ast(ast.parse(code))
                       ^^^^^^^^^^^^^^^
  File "/usr/lib/python3.12/ast.py", line 52, in parse
    return compile(source, filename, mode, flags,
           ^^^^^^^^^^^^^^^^^^^^^^^^^^^^^^^^^^^^^^
  File "<unknown>", line 12
    	if(t[] % 2==0):
    	     ^
SyntaxError: invalid syntax
2025-08-18 19:43:52,695 cblogger [ERROR]: 		Error while extracting code complexity metrics: expected ':' (<unknown>, line 5)
Traceback (most recent call last):
  File "/root/QuestionInsight/Etapa_1/codebench-mining-tool/util.py", line 551, in extract_complexity_metrics
    v = ComplexityVisitor.from_code(code)
        ^^^^^^^^^^^^^^^^^^^^^^^^^^^^^^^^^
  File "/root/QuestionInsight/.venv/lib/python3.12/site-packages/radon/visitors.py", line 133, in from_code
    return cls.from_ast(code2ast(code), **kwargs)
                        ^^^^^^^^^^^^^^
  File "/root/QuestionInsight/.venv/lib/python3.12/site-packages/radon/visitors.py", line 48, in code2ast
    return ast.parse(source)
           ^^^^^^^^^^^^^^^^^
  File "/usr/lib/python3.12/ast.py", line 52, in parse
    return compile(source, filename, mode, flags,
           ^^^^^^^^^^^^^^^^^^^^^^^^^^^^^^^^^^^^^^
  File "<unknown>", line 5
    for i in range(m,2)
                       ^
SyntaxError: expected ':'
2025-08-18 19:43:52,696 cblogger [ERROR]: 		Error while extracting halsted code metrics: expected ':' (<unknown>, line 5)
Traceback (most recent call last):
  File "/root/QuestionInsight/Etapa_1/codebench-mining-tool/util.py", line 569, in extract_halstead_metrics
    h = h_visit(code)
        ^^^^^^^^^^^^^
  File "/root/QuestionInsight/.venv/lib/python3.12/site-packages/radon/metrics.py", line 29, in h_visit
    return h_visit_ast(ast.parse(code))
                       ^^^^^^^^^^^^^^^
  File "/usr/lib/python3.12/ast.py", line 52, in parse
    return compile(source, filename, mode, flags,
           ^^^^^^^^^^^^^^^^^^^^^^^^^^^^^^^^^^^^^^
  File "<unknown>", line 5
    for i in range(m,2)
                       ^
SyntaxError: expected ':'
2025-08-18 19:43:52,777 cblogger [ERROR]: 		Error while extracting code complexity metrics: unexpected indent (<unknown>, line 3)
Traceback (most recent call last):
  File "/root/QuestionInsight/Etapa_1/codebench-mining-tool/util.py", line 551, in extract_complexity_metrics
    v = ComplexityVisitor.from_code(code)
        ^^^^^^^^^^^^^^^^^^^^^^^^^^^^^^^^^
  File "/root/QuestionInsight/.venv/lib/python3.12/site-packages/radon/visitors.py", line 133, in from_code
    return cls.from_ast(code2ast(code), **kwargs)
                        ^^^^^^^^^^^^^^
  File "/root/QuestionInsight/.venv/lib/python3.12/site-packages/radon/visitors.py", line 48, in code2ast
    return ast.parse(source)
           ^^^^^^^^^^^^^^^^^
  File "/usr/lib/python3.12/ast.py", line 52, in parse
    return compile(source, filename, mode, flags,
           ^^^^^^^^^^^^^^^^^^^^^^^^^^^^^^^^^^^^^^
  File "<unknown>", line 3
    Numero de notas de R$ 50
IndentationError: unexpected indent
2025-08-18 19:43:52,777 cblogger [ERROR]: 		Error while extracting halsted code metrics: unexpected indent (<unknown>, line 3)
Traceback (most recent call last):
  File "/root/QuestionInsight/Etapa_1/codebench-mining-tool/util.py", line 569, in extract_halstead_metrics
    h = h_visit(code)
        ^^^^^^^^^^^^^
  File "/root/QuestionInsight/.venv/lib/python3.12/site-packages/radon/metrics.py", line 29, in h_visit
    return h_visit_ast(ast.parse(code))
                       ^^^^^^^^^^^^^^^
  File "/usr/lib/python3.12/ast.py", line 52, in parse
    return compile(source, filename, mode, flags,
           ^^^^^^^^^^^^^^^^^^^^^^^^^^^^^^^^^^^^^^
  File "<unknown>", line 3
    Numero de notas de R$ 50
IndentationError: unexpected indent
2025-08-18 19:43:52,778 cblogger [ERROR]: 		Error while extracting code token based metrics: 55
Traceback (most recent call last):
  File "/root/QuestionInsight/Etapa_1/codebench-mining-tool/util.py", line 633, in extract_token_metrics
    setattr(obj, TOKEN_NAMES[k], v)
                 ~~~~~~~~~~~^^^
KeyError: 55
2025-08-18 19:43:53,044 cblogger [ERROR]: 		Error while extracting code complexity metrics: '(' was never closed (<unknown>, line 11)
Traceback (most recent call last):
  File "/root/QuestionInsight/Etapa_1/codebench-mining-tool/util.py", line 551, in extract_complexity_metrics
    v = ComplexityVisitor.from_code(code)
        ^^^^^^^^^^^^^^^^^^^^^^^^^^^^^^^^^
  File "/root/QuestionInsight/.venv/lib/python3.12/site-packages/radon/visitors.py", line 133, in from_code
    return cls.from_ast(code2ast(code), **kwargs)
                        ^^^^^^^^^^^^^^
  File "/root/QuestionInsight/.venv/lib/python3.12/site-packages/radon/visitors.py", line 48, in code2ast
    return ast.parse(source)
           ^^^^^^^^^^^^^^^^^
  File "/usr/lib/python3.12/ast.py", line 52, in parse
    return compile(source, filename, mode, flags,
           ^^^^^^^^^^^^^^^^^^^^^^^^^^^^^^^^^^^^^^
  File "<unknown>", line 11
    area_do_pentagono=(a**2(sqrt25+10)
                      ^
SyntaxError: '(' was never closed
2025-08-18 19:43:53,045 cblogger [ERROR]: 		Error while extracting code size based metrics: SyntaxError at line: 11
Traceback (most recent call last):
  File "/root/QuestionInsight/.venv/lib/python3.12/site-packages/radon/raw.py", line 210, in analyze
    tokens, parsed_lines = _get_all_tokens(line, lines)
                           ^^^^^^^^^^^^^^^^^^^^^^^^^^^^
  File "/root/QuestionInsight/.venv/lib/python3.12/site-packages/radon/raw.py", line 117, in _get_all_tokens
    next_line = next(lines)
                ^^^^^^^^^^^
StopIteration

During handling of the above exception, another exception occurred:

Traceback (most recent call last):
  File "/root/QuestionInsight/Etapa_1/codebench-mining-tool/util.py", line 560, in extract_size_metrics
    a = analyze(code)
        ^^^^^^^^^^^^^
  File "/root/QuestionInsight/.venv/lib/python3.12/site-packages/radon/raw.py", line 212, in analyze
    raise SyntaxError('SyntaxError at line: {0}'.format(lineno))
SyntaxError: SyntaxError at line: 11
2025-08-18 19:43:53,045 cblogger [ERROR]: 		Error while extracting halsted code metrics: '(' was never closed (<unknown>, line 11)
Traceback (most recent call last):
  File "/root/QuestionInsight/Etapa_1/codebench-mining-tool/util.py", line 569, in extract_halstead_metrics
    h = h_visit(code)
        ^^^^^^^^^^^^^
  File "/root/QuestionInsight/.venv/lib/python3.12/site-packages/radon/metrics.py", line 29, in h_visit
    return h_visit_ast(ast.parse(code))
                       ^^^^^^^^^^^^^^^
  File "/usr/lib/python3.12/ast.py", line 52, in parse
    return compile(source, filename, mode, flags,
           ^^^^^^^^^^^^^^^^^^^^^^^^^^^^^^^^^^^^^^
  File "<unknown>", line 11
    area_do_pentagono=(a**2(sqrt25+10)
                      ^
SyntaxError: '(' was never closed
2025-08-18 19:43:53,060 cblogger [ERROR]: 		Error while extracting code complexity metrics: expected ':' (<unknown>, line 18)
Traceback (most recent call last):
  File "/root/QuestionInsight/Etapa_1/codebench-mining-tool/util.py", line 551, in extract_complexity_metrics
    v = ComplexityVisitor.from_code(code)
        ^^^^^^^^^^^^^^^^^^^^^^^^^^^^^^^^^
  File "/root/QuestionInsight/.venv/lib/python3.12/site-packages/radon/visitors.py", line 133, in from_code
    return cls.from_ast(code2ast(code), **kwargs)
                        ^^^^^^^^^^^^^^
  File "/root/QuestionInsight/.venv/lib/python3.12/site-packages/radon/visitors.py", line 48, in code2ast
    return ast.parse(source)
           ^^^^^^^^^^^^^^^^^
  File "/usr/lib/python3.12/ast.py", line 52, in parse
    return compile(source, filename, mode, flags,
           ^^^^^^^^^^^^^^^^^^^^^^^^^^^^^^^^^^^^^^
  File "<unknown>", line 18
    	elif()
    	      ^
SyntaxError: expected ':'
2025-08-18 19:43:53,061 cblogger [ERROR]: 		Error while extracting halsted code metrics: expected ':' (<unknown>, line 18)
Traceback (most recent call last):
  File "/root/QuestionInsight/Etapa_1/codebench-mining-tool/util.py", line 569, in extract_halstead_metrics
    h = h_visit(code)
        ^^^^^^^^^^^^^
  File "/root/QuestionInsight/.venv/lib/python3.12/site-packages/radon/metrics.py", line 29, in h_visit
    return h_visit_ast(ast.parse(code))
                       ^^^^^^^^^^^^^^^
  File "/usr/lib/python3.12/ast.py", line 52, in parse
    return compile(source, filename, mode, flags,
           ^^^^^^^^^^^^^^^^^^^^^^^^^^^^^^^^^^^^^^
  File "<unknown>", line 18
    	elif()
    	      ^
SyntaxError: expected ':'
2025-08-18 19:43:53,217 cblogger [ERROR]: 		Error while extracting code complexity metrics: expected ':' (<unknown>, line 14)
Traceback (most recent call last):
  File "/root/QuestionInsight/Etapa_1/codebench-mining-tool/util.py", line 551, in extract_complexity_metrics
    v = ComplexityVisitor.from_code(code)
        ^^^^^^^^^^^^^^^^^^^^^^^^^^^^^^^^^
  File "/root/QuestionInsight/.venv/lib/python3.12/site-packages/radon/visitors.py", line 133, in from_code
    return cls.from_ast(code2ast(code), **kwargs)
                        ^^^^^^^^^^^^^^
  File "/root/QuestionInsight/.venv/lib/python3.12/site-packages/radon/visitors.py", line 48, in code2ast
    return ast.parse(source)
           ^^^^^^^^^^^^^^^^^
  File "/usr/lib/python3.12/ast.py", line 52, in parse
    return compile(source, filename, mode, flags,
           ^^^^^^^^^^^^^^^^^^^^^^^^^^^^^^^^^^^^^^
  File "<unknown>", line 14
    if(a == 0 and c)
                    ^
SyntaxError: expected ':'
2025-08-18 19:43:53,218 cblogger [ERROR]: 		Error while extracting halsted code metrics: expected ':' (<unknown>, line 14)
Traceback (most recent call last):
  File "/root/QuestionInsight/Etapa_1/codebench-mining-tool/util.py", line 569, in extract_halstead_metrics
    h = h_visit(code)
        ^^^^^^^^^^^^^
  File "/root/QuestionInsight/.venv/lib/python3.12/site-packages/radon/metrics.py", line 29, in h_visit
    return h_visit_ast(ast.parse(code))
                       ^^^^^^^^^^^^^^^
  File "/usr/lib/python3.12/ast.py", line 52, in parse
    return compile(source, filename, mode, flags,
           ^^^^^^^^^^^^^^^^^^^^^^^^^^^^^^^^^^^^^^
  File "<unknown>", line 14
    if(a == 0 and c)
                    ^
SyntaxError: expected ':'
2025-08-18 19:43:53,258 cblogger [ERROR]: 		Error while extracting code complexity metrics: '(' was never closed (<unknown>, line 15)
Traceback (most recent call last):
  File "/root/QuestionInsight/Etapa_1/codebench-mining-tool/util.py", line 551, in extract_complexity_metrics
    v = ComplexityVisitor.from_code(code)
        ^^^^^^^^^^^^^^^^^^^^^^^^^^^^^^^^^
  File "/root/QuestionInsight/.venv/lib/python3.12/site-packages/radon/visitors.py", line 133, in from_code
    return cls.from_ast(code2ast(code), **kwargs)
                        ^^^^^^^^^^^^^^
  File "/root/QuestionInsight/.venv/lib/python3.12/site-packages/radon/visitors.py", line 48, in code2ast
    return ast.parse(source)
           ^^^^^^^^^^^^^^^^^
  File "/usr/lib/python3.12/ast.py", line 52, in parse
    return compile(source, filename, mode, flags,
           ^^^^^^^^^^^^^^^^^^^^^^^^^^^^^^^^^^^^^^
  File "<unknown>", line 15
    print(float()
         ^
SyntaxError: '(' was never closed
2025-08-18 19:43:53,259 cblogger [ERROR]: 		Error while extracting code size based metrics: SyntaxError at line: 15
Traceback (most recent call last):
  File "/root/QuestionInsight/.venv/lib/python3.12/site-packages/radon/raw.py", line 210, in analyze
    tokens, parsed_lines = _get_all_tokens(line, lines)
                           ^^^^^^^^^^^^^^^^^^^^^^^^^^^^
  File "/root/QuestionInsight/.venv/lib/python3.12/site-packages/radon/raw.py", line 117, in _get_all_tokens
    next_line = next(lines)
                ^^^^^^^^^^^
StopIteration

During handling of the above exception, another exception occurred:

Traceback (most recent call last):
  File "/root/QuestionInsight/Etapa_1/codebench-mining-tool/util.py", line 560, in extract_size_metrics
    a = analyze(code)
        ^^^^^^^^^^^^^
  File "/root/QuestionInsight/.venv/lib/python3.12/site-packages/radon/raw.py", line 212, in analyze
    raise SyntaxError('SyntaxError at line: {0}'.format(lineno))
SyntaxError: SyntaxError at line: 15
2025-08-18 19:43:53,259 cblogger [ERROR]: 		Error while extracting halsted code metrics: '(' was never closed (<unknown>, line 15)
Traceback (most recent call last):
  File "/root/QuestionInsight/Etapa_1/codebench-mining-tool/util.py", line 569, in extract_halstead_metrics
    h = h_visit(code)
        ^^^^^^^^^^^^^
  File "/root/QuestionInsight/.venv/lib/python3.12/site-packages/radon/metrics.py", line 29, in h_visit
    return h_visit_ast(ast.parse(code))
                       ^^^^^^^^^^^^^^^
  File "/usr/lib/python3.12/ast.py", line 52, in parse
    return compile(source, filename, mode, flags,
           ^^^^^^^^^^^^^^^^^^^^^^^^^^^^^^^^^^^^^^
  File "<unknown>", line 15
    print(float()
         ^
SyntaxError: '(' was never closed
2025-08-18 19:43:53,353 cblogger [ERROR]: 		Error while extracting code complexity metrics: expected an indented block after 'while' statement on line 8 (<unknown>, line 12)
Traceback (most recent call last):
  File "/root/QuestionInsight/Etapa_1/codebench-mining-tool/util.py", line 551, in extract_complexity_metrics
    v = ComplexityVisitor.from_code(code)
        ^^^^^^^^^^^^^^^^^^^^^^^^^^^^^^^^^
  File "/root/QuestionInsight/.venv/lib/python3.12/site-packages/radon/visitors.py", line 133, in from_code
    return cls.from_ast(code2ast(code), **kwargs)
                        ^^^^^^^^^^^^^^
  File "/root/QuestionInsight/.venv/lib/python3.12/site-packages/radon/visitors.py", line 48, in code2ast
    return ast.parse(source)
           ^^^^^^^^^^^^^^^^^
  File "/usr/lib/python3.12/ast.py", line 52, in parse
    return compile(source, filename, mode, flags,
           ^^^^^^^^^^^^^^^^^^^^^^^^^^^^^^^^^^^^^^
  File "<unknown>", line 12
    
    ^
IndentationError: expected an indented block after 'while' statement on line 8
2025-08-18 19:43:53,354 cblogger [ERROR]: 		Error while extracting halsted code metrics: expected an indented block after 'while' statement on line 8 (<unknown>, line 12)
Traceback (most recent call last):
  File "/root/QuestionInsight/Etapa_1/codebench-mining-tool/util.py", line 569, in extract_halstead_metrics
    h = h_visit(code)
        ^^^^^^^^^^^^^
  File "/root/QuestionInsight/.venv/lib/python3.12/site-packages/radon/metrics.py", line 29, in h_visit
    return h_visit_ast(ast.parse(code))
                       ^^^^^^^^^^^^^^^
  File "/usr/lib/python3.12/ast.py", line 52, in parse
    return compile(source, filename, mode, flags,
           ^^^^^^^^^^^^^^^^^^^^^^^^^^^^^^^^^^^^^^
  File "<unknown>", line 12
    
    ^
IndentationError: expected an indented block after 'while' statement on line 8
2025-08-18 19:43:53,488 cblogger [ERROR]: 		Error while extracting code complexity metrics: invalid syntax (<unknown>, line 1)
Traceback (most recent call last):
  File "/root/QuestionInsight/Etapa_1/codebench-mining-tool/util.py", line 551, in extract_complexity_metrics
    v = ComplexityVisitor.from_code(code)
        ^^^^^^^^^^^^^^^^^^^^^^^^^^^^^^^^^
  File "/root/QuestionInsight/.venv/lib/python3.12/site-packages/radon/visitors.py", line 133, in from_code
    return cls.from_ast(code2ast(code), **kwargs)
                        ^^^^^^^^^^^^^^
  File "/root/QuestionInsight/.venv/lib/python3.12/site-packages/radon/visitors.py", line 48, in code2ast
    return ast.parse(source)
           ^^^^^^^^^^^^^^^^^
  File "/usr/lib/python3.12/ast.py", line 52, in parse
    return compile(source, filename, mode, flags,
           ^^^^^^^^^^^^^^^^^^^^^^^^^^^^^^^^^^^^^^
  File "<unknown>", line 1
    Valor consumido menor = 300
          ^^^^^^^^^
SyntaxError: invalid syntax
2025-08-18 19:43:53,489 cblogger [ERROR]: 		Error while extracting halsted code metrics: invalid syntax (<unknown>, line 1)
Traceback (most recent call last):
  File "/root/QuestionInsight/Etapa_1/codebench-mining-tool/util.py", line 569, in extract_halstead_metrics
    h = h_visit(code)
        ^^^^^^^^^^^^^
  File "/root/QuestionInsight/.venv/lib/python3.12/site-packages/radon/metrics.py", line 29, in h_visit
    return h_visit_ast(ast.parse(code))
                       ^^^^^^^^^^^^^^^
  File "/usr/lib/python3.12/ast.py", line 52, in parse
    return compile(source, filename, mode, flags,
           ^^^^^^^^^^^^^^^^^^^^^^^^^^^^^^^^^^^^^^
  File "<unknown>", line 1
    Valor consumido menor = 300
          ^^^^^^^^^
SyntaxError: invalid syntax
2025-08-18 19:43:53,500 cblogger [ERROR]: 		Error while extracting code complexity metrics: invalid syntax. Perhaps you forgot a comma? (<unknown>, line 5)
Traceback (most recent call last):
  File "/root/QuestionInsight/Etapa_1/codebench-mining-tool/util.py", line 551, in extract_complexity_metrics
    v = ComplexityVisitor.from_code(code)
        ^^^^^^^^^^^^^^^^^^^^^^^^^^^^^^^^^
  File "/root/QuestionInsight/.venv/lib/python3.12/site-packages/radon/visitors.py", line 133, in from_code
    return cls.from_ast(code2ast(code), **kwargs)
                        ^^^^^^^^^^^^^^
  File "/root/QuestionInsight/.venv/lib/python3.12/site-packages/radon/visitors.py", line 48, in code2ast
    return ast.parse(source)
           ^^^^^^^^^^^^^^^^^
  File "/usr/lib/python3.12/ast.py", line 52, in parse
    return compile(source, filename, mode, flags,
           ^^^^^^^^^^^^^^^^^^^^^^^^^^^^^^^^^^^^^^
  File "<unknown>", line 5
    if(cliente imperialista:)
       ^^^^^^^^^^^^^^^^^^^^
SyntaxError: invalid syntax. Perhaps you forgot a comma?
2025-08-18 19:43:53,501 cblogger [ERROR]: 		Error while extracting halsted code metrics: invalid syntax. Perhaps you forgot a comma? (<unknown>, line 5)
Traceback (most recent call last):
  File "/root/QuestionInsight/Etapa_1/codebench-mining-tool/util.py", line 569, in extract_halstead_metrics
    h = h_visit(code)
        ^^^^^^^^^^^^^
  File "/root/QuestionInsight/.venv/lib/python3.12/site-packages/radon/metrics.py", line 29, in h_visit
    return h_visit_ast(ast.parse(code))
                       ^^^^^^^^^^^^^^^
  File "/usr/lib/python3.12/ast.py", line 52, in parse
    return compile(source, filename, mode, flags,
           ^^^^^^^^^^^^^^^^^^^^^^^^^^^^^^^^^^^^^^
  File "<unknown>", line 5
    if(cliente imperialista:)
       ^^^^^^^^^^^^^^^^^^^^
SyntaxError: invalid syntax. Perhaps you forgot a comma?
2025-08-18 19:43:53,509 cblogger [ERROR]: 		Error while extracting code complexity metrics: expected an indented block after 'while' statement on line 4 (<unknown>, line 5)
Traceback (most recent call last):
  File "/root/QuestionInsight/Etapa_1/codebench-mining-tool/util.py", line 551, in extract_complexity_metrics
    v = ComplexityVisitor.from_code(code)
        ^^^^^^^^^^^^^^^^^^^^^^^^^^^^^^^^^
  File "/root/QuestionInsight/.venv/lib/python3.12/site-packages/radon/visitors.py", line 133, in from_code
    return cls.from_ast(code2ast(code), **kwargs)
                        ^^^^^^^^^^^^^^
  File "/root/QuestionInsight/.venv/lib/python3.12/site-packages/radon/visitors.py", line 48, in code2ast
    return ast.parse(source)
           ^^^^^^^^^^^^^^^^^
  File "/usr/lib/python3.12/ast.py", line 52, in parse
    return compile(source, filename, mode, flags,
           ^^^^^^^^^^^^^^^^^^^^^^^^^^^^^^^^^^^^^^
  File "<unknown>", line 5
    	
    	^
IndentationError: expected an indented block after 'while' statement on line 4
2025-08-18 19:43:53,510 cblogger [ERROR]: 		Error while extracting halsted code metrics: expected an indented block after 'while' statement on line 4 (<unknown>, line 5)
Traceback (most recent call last):
  File "/root/QuestionInsight/Etapa_1/codebench-mining-tool/util.py", line 569, in extract_halstead_metrics
    h = h_visit(code)
        ^^^^^^^^^^^^^
  File "/root/QuestionInsight/.venv/lib/python3.12/site-packages/radon/metrics.py", line 29, in h_visit
    return h_visit_ast(ast.parse(code))
                       ^^^^^^^^^^^^^^^
  File "/usr/lib/python3.12/ast.py", line 52, in parse
    return compile(source, filename, mode, flags,
           ^^^^^^^^^^^^^^^^^^^^^^^^^^^^^^^^^^^^^^
  File "<unknown>", line 5
    	
    	^
IndentationError: expected an indented block after 'while' statement on line 4
2025-08-18 19:43:53,515 cblogger [ERROR]: 		Error while extracting code complexity metrics: '(' was never closed (<unknown>, line 5)
Traceback (most recent call last):
  File "/root/QuestionInsight/Etapa_1/codebench-mining-tool/util.py", line 551, in extract_complexity_metrics
    v = ComplexityVisitor.from_code(code)
        ^^^^^^^^^^^^^^^^^^^^^^^^^^^^^^^^^
  File "/root/QuestionInsight/.venv/lib/python3.12/site-packages/radon/visitors.py", line 133, in from_code
    return cls.from_ast(code2ast(code), **kwargs)
                        ^^^^^^^^^^^^^^
  File "/root/QuestionInsight/.venv/lib/python3.12/site-packages/radon/visitors.py", line 48, in code2ast
    return ast.parse(source)
           ^^^^^^^^^^^^^^^^^
  File "/usr/lib/python3.12/ast.py", line 52, in parse
    return compile(source, filename, mode, flags,
           ^^^^^^^^^^^^^^^^^^^^^^^^^^^^^^^^^^^^^^
  File "<unknown>", line 5
    print(round(Area,2)
         ^
SyntaxError: '(' was never closed
2025-08-18 19:43:53,516 cblogger [ERROR]: 		Error while extracting code size based metrics: SyntaxError at line: 5
Traceback (most recent call last):
  File "/root/QuestionInsight/.venv/lib/python3.12/site-packages/radon/raw.py", line 210, in analyze
    tokens, parsed_lines = _get_all_tokens(line, lines)
                           ^^^^^^^^^^^^^^^^^^^^^^^^^^^^
  File "/root/QuestionInsight/.venv/lib/python3.12/site-packages/radon/raw.py", line 117, in _get_all_tokens
    next_line = next(lines)
                ^^^^^^^^^^^
StopIteration

During handling of the above exception, another exception occurred:

Traceback (most recent call last):
  File "/root/QuestionInsight/Etapa_1/codebench-mining-tool/util.py", line 560, in extract_size_metrics
    a = analyze(code)
        ^^^^^^^^^^^^^
  File "/root/QuestionInsight/.venv/lib/python3.12/site-packages/radon/raw.py", line 212, in analyze
    raise SyntaxError('SyntaxError at line: {0}'.format(lineno))
SyntaxError: SyntaxError at line: 5
2025-08-18 19:43:53,516 cblogger [ERROR]: 		Error while extracting halsted code metrics: '(' was never closed (<unknown>, line 5)
Traceback (most recent call last):
  File "/root/QuestionInsight/Etapa_1/codebench-mining-tool/util.py", line 569, in extract_halstead_metrics
    h = h_visit(code)
        ^^^^^^^^^^^^^
  File "/root/QuestionInsight/.venv/lib/python3.12/site-packages/radon/metrics.py", line 29, in h_visit
    return h_visit_ast(ast.parse(code))
                       ^^^^^^^^^^^^^^^
  File "/usr/lib/python3.12/ast.py", line 52, in parse
    return compile(source, filename, mode, flags,
           ^^^^^^^^^^^^^^^^^^^^^^^^^^^^^^^^^^^^^^
  File "<unknown>", line 5
    print(round(Area,2)
         ^
SyntaxError: '(' was never closed
2025-08-18 19:43:53,523 cblogger [ERROR]: 		Error while extracting code complexity metrics: inconsistent use of tabs and spaces in indentation (<unknown>, line 9)
Traceback (most recent call last):
  File "/root/QuestionInsight/Etapa_1/codebench-mining-tool/util.py", line 551, in extract_complexity_metrics
    v = ComplexityVisitor.from_code(code)
        ^^^^^^^^^^^^^^^^^^^^^^^^^^^^^^^^^
  File "/root/QuestionInsight/.venv/lib/python3.12/site-packages/radon/visitors.py", line 133, in from_code
    return cls.from_ast(code2ast(code), **kwargs)
                        ^^^^^^^^^^^^^^
  File "/root/QuestionInsight/.venv/lib/python3.12/site-packages/radon/visitors.py", line 48, in code2ast
    return ast.parse(source)
           ^^^^^^^^^^^^^^^^^
  File "/usr/lib/python3.12/ast.py", line 52, in parse
    return compile(source, filename, mode, flags,
           ^^^^^^^^^^^^^^^^^^^^^^^^^^^^^^^^^^^^^^
  File "<unknown>", line 9
    		if(vDOIS [i]==30):
TabError: inconsistent use of tabs and spaces in indentation
2025-08-18 19:43:53,524 cblogger [ERROR]: 		Error while extracting halsted code metrics: inconsistent use of tabs and spaces in indentation (<unknown>, line 9)
Traceback (most recent call last):
  File "/root/QuestionInsight/Etapa_1/codebench-mining-tool/util.py", line 569, in extract_halstead_metrics
    h = h_visit(code)
        ^^^^^^^^^^^^^
  File "/root/QuestionInsight/.venv/lib/python3.12/site-packages/radon/metrics.py", line 29, in h_visit
    return h_visit_ast(ast.parse(code))
                       ^^^^^^^^^^^^^^^
  File "/usr/lib/python3.12/ast.py", line 52, in parse
    return compile(source, filename, mode, flags,
           ^^^^^^^^^^^^^^^^^^^^^^^^^^^^^^^^^^^^^^
  File "<unknown>", line 9
    		if(vDOIS [i]==30):
TabError: inconsistent use of tabs and spaces in indentation
2025-08-18 19:43:53,529 cblogger [ERROR]: 		Error while extracting code complexity metrics: expected ':' (<unknown>, line 4)
Traceback (most recent call last):
  File "/root/QuestionInsight/Etapa_1/codebench-mining-tool/util.py", line 551, in extract_complexity_metrics
    v = ComplexityVisitor.from_code(code)
        ^^^^^^^^^^^^^^^^^^^^^^^^^^^^^^^^^
  File "/root/QuestionInsight/.venv/lib/python3.12/site-packages/radon/visitors.py", line 133, in from_code
    return cls.from_ast(code2ast(code), **kwargs)
                        ^^^^^^^^^^^^^^
  File "/root/QuestionInsight/.venv/lib/python3.12/site-packages/radon/visitors.py", line 48, in code2ast
    return ast.parse(source)
           ^^^^^^^^^^^^^^^^^
  File "/usr/lib/python3.12/ast.py", line 52, in parse
    return compile(source, filename, mode, flags,
           ^^^^^^^^^^^^^^^^^^^^^^^^^^^^^^^^^^^^^^
  File "<unknown>", line 4
    if("a == FURIA or GRITO or TOQUE")
                                      ^
SyntaxError: expected ':'
2025-08-18 19:43:53,530 cblogger [ERROR]: 		Error while extracting halsted code metrics: expected ':' (<unknown>, line 4)
Traceback (most recent call last):
  File "/root/QuestionInsight/Etapa_1/codebench-mining-tool/util.py", line 569, in extract_halstead_metrics
    h = h_visit(code)
        ^^^^^^^^^^^^^
  File "/root/QuestionInsight/.venv/lib/python3.12/site-packages/radon/metrics.py", line 29, in h_visit
    return h_visit_ast(ast.parse(code))
                       ^^^^^^^^^^^^^^^
  File "/usr/lib/python3.12/ast.py", line 52, in parse
    return compile(source, filename, mode, flags,
           ^^^^^^^^^^^^^^^^^^^^^^^^^^^^^^^^^^^^^^
  File "<unknown>", line 4
    if("a == FURIA or GRITO or TOQUE")
                                      ^
SyntaxError: expected ':'
2025-08-18 19:43:53,546 cblogger [ERROR]: 		Error while extracting code complexity metrics: invalid syntax (<unknown>, line 9)
Traceback (most recent call last):
  File "/root/QuestionInsight/Etapa_1/codebench-mining-tool/util.py", line 551, in extract_complexity_metrics
    v = ComplexityVisitor.from_code(code)
        ^^^^^^^^^^^^^^^^^^^^^^^^^^^^^^^^^
  File "/root/QuestionInsight/.venv/lib/python3.12/site-packages/radon/visitors.py", line 133, in from_code
    return cls.from_ast(code2ast(code), **kwargs)
                        ^^^^^^^^^^^^^^
  File "/root/QuestionInsight/.venv/lib/python3.12/site-packages/radon/visitors.py", line 48, in code2ast
    return ast.parse(source)
           ^^^^^^^^^^^^^^^^^
  File "/usr/lib/python3.12/ast.py", line 52, in parse
    return compile(source, filename, mode, flags,
           ^^^^^^^^^^^^^^^^^^^^^^^^^^^^^^^^^^^^^^
  File "<unknown>", line 9
    	if(Tipo = )
    	        ^
SyntaxError: invalid syntax
2025-08-18 19:43:53,547 cblogger [ERROR]: 		Error while extracting halsted code metrics: invalid syntax (<unknown>, line 9)
Traceback (most recent call last):
  File "/root/QuestionInsight/Etapa_1/codebench-mining-tool/util.py", line 569, in extract_halstead_metrics
    h = h_visit(code)
        ^^^^^^^^^^^^^
  File "/root/QuestionInsight/.venv/lib/python3.12/site-packages/radon/metrics.py", line 29, in h_visit
    return h_visit_ast(ast.parse(code))
                       ^^^^^^^^^^^^^^^
  File "/usr/lib/python3.12/ast.py", line 52, in parse
    return compile(source, filename, mode, flags,
           ^^^^^^^^^^^^^^^^^^^^^^^^^^^^^^^^^^^^^^
  File "<unknown>", line 9
    	if(Tipo = )
    	        ^
SyntaxError: invalid syntax
2025-08-18 19:43:53,548 cblogger [ERROR]: 		Error while extracting code complexity metrics: expected ':' (<unknown>, line 4)
Traceback (most recent call last):
  File "/root/QuestionInsight/Etapa_1/codebench-mining-tool/util.py", line 551, in extract_complexity_metrics
    v = ComplexityVisitor.from_code(code)
        ^^^^^^^^^^^^^^^^^^^^^^^^^^^^^^^^^
  File "/root/QuestionInsight/.venv/lib/python3.12/site-packages/radon/visitors.py", line 133, in from_code
    return cls.from_ast(code2ast(code), **kwargs)
                        ^^^^^^^^^^^^^^
  File "/root/QuestionInsight/.venv/lib/python3.12/site-packages/radon/visitors.py", line 48, in code2ast
    return ast.parse(source)
           ^^^^^^^^^^^^^^^^^
  File "/usr/lib/python3.12/ast.py", line 52, in parse
    return compile(source, filename, mode, flags,
           ^^^^^^^^^^^^^^^^^^^^^^^^^^^^^^^^^^^^^^
  File "<unknown>", line 4
    if ("a == Congelamento >= Explosao >= Veneno") and ("a >= Hibernacao") and ("a == Metamorfose >= Purificacao") and ("a == Ressurreicao >= Teletransporte")
                                                                                                                                                              ^
SyntaxError: expected ':'
2025-08-18 19:43:53,549 cblogger [ERROR]: 		Error while extracting halsted code metrics: expected ':' (<unknown>, line 4)
Traceback (most recent call last):
  File "/root/QuestionInsight/Etapa_1/codebench-mining-tool/util.py", line 569, in extract_halstead_metrics
    h = h_visit(code)
        ^^^^^^^^^^^^^
  File "/root/QuestionInsight/.venv/lib/python3.12/site-packages/radon/metrics.py", line 29, in h_visit
    return h_visit_ast(ast.parse(code))
                       ^^^^^^^^^^^^^^^
  File "/usr/lib/python3.12/ast.py", line 52, in parse
    return compile(source, filename, mode, flags,
           ^^^^^^^^^^^^^^^^^^^^^^^^^^^^^^^^^^^^^^
  File "<unknown>", line 4
    if ("a == Congelamento >= Explosao >= Veneno") and ("a >= Hibernacao") and ("a == Metamorfose >= Purificacao") and ("a == Ressurreicao >= Teletransporte")
                                                                                                                                                              ^
SyntaxError: expected ':'
2025-08-18 19:43:53,559 cblogger [ERROR]: 		Error while extracting code complexity metrics: invalid syntax. Perhaps you forgot a comma? (<unknown>, line 2)
Traceback (most recent call last):
  File "/root/QuestionInsight/Etapa_1/codebench-mining-tool/util.py", line 551, in extract_complexity_metrics
    v = ComplexityVisitor.from_code(code)
        ^^^^^^^^^^^^^^^^^^^^^^^^^^^^^^^^^
  File "/root/QuestionInsight/.venv/lib/python3.12/site-packages/radon/visitors.py", line 133, in from_code
    return cls.from_ast(code2ast(code), **kwargs)
                        ^^^^^^^^^^^^^^
  File "/root/QuestionInsight/.venv/lib/python3.12/site-packages/radon/visitors.py", line 48, in code2ast
    return ast.parse(source)
           ^^^^^^^^^^^^^^^^^
  File "/usr/lib/python3.12/ast.py", line 52, in parse
    return compile(source, filename, mode, flags,
           ^^^^^^^^^^^^^^^^^^^^^^^^^^^^^^^^^^^^^^
  File "<unknown>", line 2
    if(Grito Alto)
       ^^^^^^^^^^
SyntaxError: invalid syntax. Perhaps you forgot a comma?
2025-08-18 19:43:53,559 cblogger [ERROR]: 		Error while extracting halsted code metrics: invalid syntax. Perhaps you forgot a comma? (<unknown>, line 2)
Traceback (most recent call last):
  File "/root/QuestionInsight/Etapa_1/codebench-mining-tool/util.py", line 569, in extract_halstead_metrics
    h = h_visit(code)
        ^^^^^^^^^^^^^
  File "/root/QuestionInsight/.venv/lib/python3.12/site-packages/radon/metrics.py", line 29, in h_visit
    return h_visit_ast(ast.parse(code))
                       ^^^^^^^^^^^^^^^
  File "/usr/lib/python3.12/ast.py", line 52, in parse
    return compile(source, filename, mode, flags,
           ^^^^^^^^^^^^^^^^^^^^^^^^^^^^^^^^^^^^^^
  File "<unknown>", line 2
    if(Grito Alto)
       ^^^^^^^^^^
SyntaxError: invalid syntax. Perhaps you forgot a comma?
2025-08-18 19:43:53,568 cblogger [ERROR]: 		Error while extracting code complexity metrics: invalid syntax (<unknown>, line 1)
Traceback (most recent call last):
  File "/root/QuestionInsight/Etapa_1/codebench-mining-tool/util.py", line 551, in extract_complexity_metrics
    v = ComplexityVisitor.from_code(code)
        ^^^^^^^^^^^^^^^^^^^^^^^^^^^^^^^^^
  File "/root/QuestionInsight/.venv/lib/python3.12/site-packages/radon/visitors.py", line 133, in from_code
    return cls.from_ast(code2ast(code), **kwargs)
                        ^^^^^^^^^^^^^^
  File "/root/QuestionInsight/.venv/lib/python3.12/site-packages/radon/visitors.py", line 48, in code2ast
    return ast.parse(source)
           ^^^^^^^^^^^^^^^^^
  File "/usr/lib/python3.12/ast.py", line 52, in parse
    return compile(source, filename, mode, flags,
           ^^^^^^^^^^^^^^^^^^^^^^^^^^^^^^^^^^^^^^
  File "<unknown>", line 1
    a = 
        ^
SyntaxError: invalid syntax
2025-08-18 19:43:53,569 cblogger [ERROR]: 		Error while extracting halsted code metrics: invalid syntax (<unknown>, line 1)
Traceback (most recent call last):
  File "/root/QuestionInsight/Etapa_1/codebench-mining-tool/util.py", line 569, in extract_halstead_metrics
    h = h_visit(code)
        ^^^^^^^^^^^^^
  File "/root/QuestionInsight/.venv/lib/python3.12/site-packages/radon/metrics.py", line 29, in h_visit
    return h_visit_ast(ast.parse(code))
                       ^^^^^^^^^^^^^^^
  File "/usr/lib/python3.12/ast.py", line 52, in parse
    return compile(source, filename, mode, flags,
           ^^^^^^^^^^^^^^^^^^^^^^^^^^^^^^^^^^^^^^
  File "<unknown>", line 1
    a = 
        ^
SyntaxError: invalid syntax
2025-08-18 19:43:53,587 cblogger [ERROR]: 		Error while extracting code complexity metrics: invalid syntax (<unknown>, line 5)
Traceback (most recent call last):
  File "/root/QuestionInsight/Etapa_1/codebench-mining-tool/util.py", line 551, in extract_complexity_metrics
    v = ComplexityVisitor.from_code(code)
        ^^^^^^^^^^^^^^^^^^^^^^^^^^^^^^^^^
  File "/root/QuestionInsight/.venv/lib/python3.12/site-packages/radon/visitors.py", line 133, in from_code
    return cls.from_ast(code2ast(code), **kwargs)
                        ^^^^^^^^^^^^^^
  File "/root/QuestionInsight/.venv/lib/python3.12/site-packages/radon/visitors.py", line 48, in code2ast
    return ast.parse(source)
           ^^^^^^^^^^^^^^^^^
  File "/usr/lib/python3.12/ast.py", line 52, in parse
    return compile(source, filename, mode, flags,
           ^^^^^^^^^^^^^^^^^^^^^^^^^^^^^^^^^^^^^^
  File "<unknown>", line 5
    while:
         ^
SyntaxError: invalid syntax
2025-08-18 19:43:53,588 cblogger [ERROR]: 		Error while extracting halsted code metrics: invalid syntax (<unknown>, line 5)
Traceback (most recent call last):
  File "/root/QuestionInsight/Etapa_1/codebench-mining-tool/util.py", line 569, in extract_halstead_metrics
    h = h_visit(code)
        ^^^^^^^^^^^^^
  File "/root/QuestionInsight/.venv/lib/python3.12/site-packages/radon/metrics.py", line 29, in h_visit
    return h_visit_ast(ast.parse(code))
                       ^^^^^^^^^^^^^^^
  File "/usr/lib/python3.12/ast.py", line 52, in parse
    return compile(source, filename, mode, flags,
           ^^^^^^^^^^^^^^^^^^^^^^^^^^^^^^^^^^^^^^
  File "<unknown>", line 5
    while:
         ^
SyntaxError: invalid syntax
2025-08-18 19:43:53,897 cblogger [ERROR]: 		Error while extracting code complexity metrics: unexpected character after line continuation character (<unknown>, line 1)
Traceback (most recent call last):
  File "/root/QuestionInsight/Etapa_1/codebench-mining-tool/util.py", line 551, in extract_complexity_metrics
    v = ComplexityVisitor.from_code(code)
        ^^^^^^^^^^^^^^^^^^^^^^^^^^^^^^^^^
  File "/root/QuestionInsight/.venv/lib/python3.12/site-packages/radon/visitors.py", line 133, in from_code
    return cls.from_ast(code2ast(code), **kwargs)
                        ^^^^^^^^^^^^^^
  File "/root/QuestionInsight/.venv/lib/python3.12/site-packages/radon/visitors.py", line 48, in code2ast
    return ast.parse(source)
           ^^^^^^^^^^^^^^^^^
  File "/usr/lib/python3.12/ast.py", line 52, in parse
    return compile(source, filename, mode, flags,
           ^^^^^^^^^^^^^^^^^^^^^^^^^^^^^^^^^^^^^^
  File "<unknown>", line 1
    pr  |\/\/\/\/\/|
          ^
SyntaxError: unexpected character after line continuation character
2025-08-18 19:43:53,897 cblogger [ERROR]: 		Error while extracting code size based metrics: SyntaxError at line: 1
Traceback (most recent call last):
  File "/root/QuestionInsight/.venv/lib/python3.12/site-packages/radon/raw.py", line 210, in analyze
    tokens, parsed_lines = _get_all_tokens(line, lines)
                           ^^^^^^^^^^^^^^^^^^^^^^^^^^^^
  File "/root/QuestionInsight/.venv/lib/python3.12/site-packages/radon/raw.py", line 117, in _get_all_tokens
    next_line = next(lines)
                ^^^^^^^^^^^
StopIteration

During handling of the above exception, another exception occurred:

Traceback (most recent call last):
  File "/root/QuestionInsight/Etapa_1/codebench-mining-tool/util.py", line 560, in extract_size_metrics
    a = analyze(code)
        ^^^^^^^^^^^^^
  File "/root/QuestionInsight/.venv/lib/python3.12/site-packages/radon/raw.py", line 212, in analyze
    raise SyntaxError('SyntaxError at line: {0}'.format(lineno))
SyntaxError: SyntaxError at line: 1
2025-08-18 19:43:53,898 cblogger [ERROR]: 		Error while extracting halsted code metrics: unexpected character after line continuation character (<unknown>, line 1)
Traceback (most recent call last):
  File "/root/QuestionInsight/Etapa_1/codebench-mining-tool/util.py", line 569, in extract_halstead_metrics
    h = h_visit(code)
        ^^^^^^^^^^^^^
  File "/root/QuestionInsight/.venv/lib/python3.12/site-packages/radon/metrics.py", line 29, in h_visit
    return h_visit_ast(ast.parse(code))
                       ^^^^^^^^^^^^^^^
  File "/usr/lib/python3.12/ast.py", line 52, in parse
    return compile(source, filename, mode, flags,
           ^^^^^^^^^^^^^^^^^^^^^^^^^^^^^^^^^^^^^^
  File "<unknown>", line 1
    pr  |\/\/\/\/\/|
          ^
SyntaxError: unexpected character after line continuation character
2025-08-18 19:43:53,899 cblogger [ERROR]: 		Error while extracting code complexity metrics: invalid syntax (<unknown>, line 1)
Traceback (most recent call last):
  File "/root/QuestionInsight/Etapa_1/codebench-mining-tool/util.py", line 551, in extract_complexity_metrics
    v = ComplexityVisitor.from_code(code)
        ^^^^^^^^^^^^^^^^^^^^^^^^^^^^^^^^^
  File "/root/QuestionInsight/.venv/lib/python3.12/site-packages/radon/visitors.py", line 133, in from_code
    return cls.from_ast(code2ast(code), **kwargs)
                        ^^^^^^^^^^^^^^
  File "/root/QuestionInsight/.venv/lib/python3.12/site-packages/radon/visitors.py", line 48, in code2ast
    return ast.parse(source)
           ^^^^^^^^^^^^^^^^^
  File "/usr/lib/python3.12/ast.py", line 52, in parse
    return compile(source, filename, mode, flags,
           ^^^^^^^^^^^^^^^^^^^^^^^^^^^^^^^^^^^^^^
  File "<unknown>", line 1
    int mult = 8 * 7;
        ^^^^
SyntaxError: invalid syntax
2025-08-18 19:43:53,900 cblogger [ERROR]: 		Error while extracting halsted code metrics: invalid syntax (<unknown>, line 1)
Traceback (most recent call last):
  File "/root/QuestionInsight/Etapa_1/codebench-mining-tool/util.py", line 569, in extract_halstead_metrics
    h = h_visit(code)
        ^^^^^^^^^^^^^
  File "/root/QuestionInsight/.venv/lib/python3.12/site-packages/radon/metrics.py", line 29, in h_visit
    return h_visit_ast(ast.parse(code))
                       ^^^^^^^^^^^^^^^
  File "/usr/lib/python3.12/ast.py", line 52, in parse
    return compile(source, filename, mode, flags,
           ^^^^^^^^^^^^^^^^^^^^^^^^^^^^^^^^^^^^^^
  File "<unknown>", line 1
    int mult = 8 * 7;
        ^^^^
SyntaxError: invalid syntax
2025-08-18 19:43:53,913 cblogger [ERROR]: 		Error while extracting code complexity metrics: expected ':' (<unknown>, line 8)
Traceback (most recent call last):
  File "/root/QuestionInsight/Etapa_1/codebench-mining-tool/util.py", line 551, in extract_complexity_metrics
    v = ComplexityVisitor.from_code(code)
        ^^^^^^^^^^^^^^^^^^^^^^^^^^^^^^^^^
  File "/root/QuestionInsight/.venv/lib/python3.12/site-packages/radon/visitors.py", line 133, in from_code
    return cls.from_ast(code2ast(code), **kwargs)
                        ^^^^^^^^^^^^^^
  File "/root/QuestionInsight/.venv/lib/python3.12/site-packages/radon/visitors.py", line 48, in code2ast
    return ast.parse(source)
           ^^^^^^^^^^^^^^^^^
  File "/usr/lib/python3.12/ast.py", line 52, in parse
    return compile(source, filename, mode, flags,
           ^^^^^^^^^^^^^^^^^^^^^^^^^^^^^^^^^^^^^^
  File "<unknown>", line 8
    else ("toque da morte")
         ^
SyntaxError: expected ':'
2025-08-18 19:43:53,914 cblogger [ERROR]: 		Error while extracting halsted code metrics: expected ':' (<unknown>, line 8)
Traceback (most recent call last):
  File "/root/QuestionInsight/Etapa_1/codebench-mining-tool/util.py", line 569, in extract_halstead_metrics
    h = h_visit(code)
        ^^^^^^^^^^^^^
  File "/root/QuestionInsight/.venv/lib/python3.12/site-packages/radon/metrics.py", line 29, in h_visit
    return h_visit_ast(ast.parse(code))
                       ^^^^^^^^^^^^^^^
  File "/usr/lib/python3.12/ast.py", line 52, in parse
    return compile(source, filename, mode, flags,
           ^^^^^^^^^^^^^^^^^^^^^^^^^^^^^^^^^^^^^^
  File "<unknown>", line 8
    else ("toque da morte")
         ^
SyntaxError: expected ':'
2025-08-18 19:43:53,916 cblogger [ERROR]: 		Error while extracting code complexity metrics: expected ':' (<unknown>, line 6)
Traceback (most recent call last):
  File "/root/QuestionInsight/Etapa_1/codebench-mining-tool/util.py", line 551, in extract_complexity_metrics
    v = ComplexityVisitor.from_code(code)
        ^^^^^^^^^^^^^^^^^^^^^^^^^^^^^^^^^
  File "/root/QuestionInsight/.venv/lib/python3.12/site-packages/radon/visitors.py", line 133, in from_code
    return cls.from_ast(code2ast(code), **kwargs)
                        ^^^^^^^^^^^^^^
  File "/root/QuestionInsight/.venv/lib/python3.12/site-packages/radon/visitors.py", line 48, in code2ast
    return ast.parse(source)
           ^^^^^^^^^^^^^^^^^
  File "/usr/lib/python3.12/ast.py", line 52, in parse
    return compile(source, filename, mode, flags,
           ^^^^^^^^^^^^^^^^^^^^^^^^^^^^^^^^^^^^^^
  File "<unknown>", line 6
    else 
         ^
SyntaxError: expected ':'
2025-08-18 19:43:53,917 cblogger [ERROR]: 		Error while extracting halsted code metrics: expected ':' (<unknown>, line 6)
Traceback (most recent call last):
  File "/root/QuestionInsight/Etapa_1/codebench-mining-tool/util.py", line 569, in extract_halstead_metrics
    h = h_visit(code)
        ^^^^^^^^^^^^^
  File "/root/QuestionInsight/.venv/lib/python3.12/site-packages/radon/metrics.py", line 29, in h_visit
    return h_visit_ast(ast.parse(code))
                       ^^^^^^^^^^^^^^^
  File "/usr/lib/python3.12/ast.py", line 52, in parse
    return compile(source, filename, mode, flags,
           ^^^^^^^^^^^^^^^^^^^^^^^^^^^^^^^^^^^^^^
  File "<unknown>", line 6
    else 
         ^
SyntaxError: expected ':'
2025-08-18 19:43:53,957 cblogger [ERROR]: 		Error while extracting code complexity metrics: invalid syntax (<unknown>, line 5)
Traceback (most recent call last):
  File "/root/QuestionInsight/Etapa_1/codebench-mining-tool/util.py", line 551, in extract_complexity_metrics
    v = ComplexityVisitor.from_code(code)
        ^^^^^^^^^^^^^^^^^^^^^^^^^^^^^^^^^
  File "/root/QuestionInsight/.venv/lib/python3.12/site-packages/radon/visitors.py", line 133, in from_code
    return cls.from_ast(code2ast(code), **kwargs)
                        ^^^^^^^^^^^^^^
  File "/root/QuestionInsight/.venv/lib/python3.12/site-packages/radon/visitors.py", line 48, in code2ast
    return ast.parse(source)
           ^^^^^^^^^^^^^^^^^
  File "/usr/lib/python3.12/ast.py", line 52, in parse
    return compile(source, filename, mode, flags,
           ^^^^^^^^^^^^^^^^^^^^^^^^^^^^^^^^^^^^^^
  File "<unknown>", line 5
    if = 
       ^
SyntaxError: invalid syntax
2025-08-18 19:43:53,957 cblogger [ERROR]: 		Error while extracting halsted code metrics: invalid syntax (<unknown>, line 5)
Traceback (most recent call last):
  File "/root/QuestionInsight/Etapa_1/codebench-mining-tool/util.py", line 569, in extract_halstead_metrics
    h = h_visit(code)
        ^^^^^^^^^^^^^
  File "/root/QuestionInsight/.venv/lib/python3.12/site-packages/radon/metrics.py", line 29, in h_visit
    return h_visit_ast(ast.parse(code))
                       ^^^^^^^^^^^^^^^
  File "/usr/lib/python3.12/ast.py", line 52, in parse
    return compile(source, filename, mode, flags,
           ^^^^^^^^^^^^^^^^^^^^^^^^^^^^^^^^^^^^^^
  File "<unknown>", line 5
    if = 
       ^
SyntaxError: invalid syntax
2025-08-18 19:43:53,971 cblogger [ERROR]: 		Error while extracting code complexity metrics: invalid syntax (<unknown>, line 2)
Traceback (most recent call last):
  File "/root/QuestionInsight/Etapa_1/codebench-mining-tool/util.py", line 551, in extract_complexity_metrics
    v = ComplexityVisitor.from_code(code)
        ^^^^^^^^^^^^^^^^^^^^^^^^^^^^^^^^^
  File "/root/QuestionInsight/.venv/lib/python3.12/site-packages/radon/visitors.py", line 133, in from_code
    return cls.from_ast(code2ast(code), **kwargs)
                        ^^^^^^^^^^^^^^
  File "/root/QuestionInsight/.venv/lib/python3.12/site-packages/radon/visitors.py", line 48, in code2ast
    return ast.parse(source)
           ^^^^^^^^^^^^^^^^^
  File "/usr/lib/python3.12/ast.py", line 52, in parse
    return compile(source, filename, mode, flags,
           ^^^^^^^^^^^^^^^^^^^^^^^^^^^^^^^^^^^^^^
  File "<unknown>", line 2
    onde:
         ^
SyntaxError: invalid syntax
2025-08-18 19:43:53,971 cblogger [ERROR]: 		Error while extracting halsted code metrics: invalid syntax (<unknown>, line 2)
Traceback (most recent call last):
  File "/root/QuestionInsight/Etapa_1/codebench-mining-tool/util.py", line 569, in extract_halstead_metrics
    h = h_visit(code)
        ^^^^^^^^^^^^^
  File "/root/QuestionInsight/.venv/lib/python3.12/site-packages/radon/metrics.py", line 29, in h_visit
    return h_visit_ast(ast.parse(code))
                       ^^^^^^^^^^^^^^^
  File "/usr/lib/python3.12/ast.py", line 52, in parse
    return compile(source, filename, mode, flags,
           ^^^^^^^^^^^^^^^^^^^^^^^^^^^^^^^^^^^^^^
  File "<unknown>", line 2
    onde:
         ^
SyntaxError: invalid syntax
2025-08-18 19:43:54,065 cblogger [ERROR]: 		Error while extracting code complexity metrics: invalid syntax (<unknown>, line 13)
Traceback (most recent call last):
  File "/root/QuestionInsight/Etapa_1/codebench-mining-tool/util.py", line 551, in extract_complexity_metrics
    v = ComplexityVisitor.from_code(code)
        ^^^^^^^^^^^^^^^^^^^^^^^^^^^^^^^^^
  File "/root/QuestionInsight/.venv/lib/python3.12/site-packages/radon/visitors.py", line 133, in from_code
    return cls.from_ast(code2ast(code), **kwargs)
                        ^^^^^^^^^^^^^^
  File "/root/QuestionInsight/.venv/lib/python3.12/site-packages/radon/visitors.py", line 48, in code2ast
    return ast.parse(source)
           ^^^^^^^^^^^^^^^^^
  File "/usr/lib/python3.12/ast.py", line 52, in parse
    return compile(source, filename, mode, flags,
           ^^^^^^^^^^^^^^^^^^^^^^^^^^^^^^^^^^^^^^
  File "<unknown>", line 13
    ,
    ^
SyntaxError: invalid syntax
2025-08-18 19:43:54,066 cblogger [ERROR]: 		Error while extracting halsted code metrics: invalid syntax (<unknown>, line 13)
Traceback (most recent call last):
  File "/root/QuestionInsight/Etapa_1/codebench-mining-tool/util.py", line 569, in extract_halstead_metrics
    h = h_visit(code)
        ^^^^^^^^^^^^^
  File "/root/QuestionInsight/.venv/lib/python3.12/site-packages/radon/metrics.py", line 29, in h_visit
    return h_visit_ast(ast.parse(code))
                       ^^^^^^^^^^^^^^^
  File "/usr/lib/python3.12/ast.py", line 52, in parse
    return compile(source, filename, mode, flags,
           ^^^^^^^^^^^^^^^^^^^^^^^^^^^^^^^^^^^^^^
  File "<unknown>", line 13
    ,
    ^
SyntaxError: invalid syntax
2025-08-18 19:43:54,204 cblogger [ERROR]: 		Error while extracting code complexity metrics: '(' was never closed (<unknown>, line 13)
Traceback (most recent call last):
  File "/root/QuestionInsight/Etapa_1/codebench-mining-tool/util.py", line 551, in extract_complexity_metrics
    v = ComplexityVisitor.from_code(code)
        ^^^^^^^^^^^^^^^^^^^^^^^^^^^^^^^^^
  File "/root/QuestionInsight/.venv/lib/python3.12/site-packages/radon/visitors.py", line 133, in from_code
    return cls.from_ast(code2ast(code), **kwargs)
                        ^^^^^^^^^^^^^^
  File "/root/QuestionInsight/.venv/lib/python3.12/site-packages/radon/visitors.py", line 48, in code2ast
    return ast.parse(source)
           ^^^^^^^^^^^^^^^^^
  File "/usr/lib/python3.12/ast.py", line 52, in parse
    return compile(source, filename, mode, flags,
           ^^^^^^^^^^^^^^^^^^^^^^^^^^^^^^^^^^^^^^
  File "<unknown>", line 13
    	if(((a<=c)and(d <= b)or ((a<=c)and(c <=b <= d)or ((c <= a) and (a<= d <=b)) or ((c<=a) and (b<=d)))
    	   ^
SyntaxError: '(' was never closed
2025-08-18 19:43:54,205 cblogger [ERROR]: 		Error while extracting code size based metrics: SyntaxError at line: 13
Traceback (most recent call last):
  File "/root/QuestionInsight/.venv/lib/python3.12/site-packages/radon/raw.py", line 210, in analyze
    tokens, parsed_lines = _get_all_tokens(line, lines)
                           ^^^^^^^^^^^^^^^^^^^^^^^^^^^^
  File "/root/QuestionInsight/.venv/lib/python3.12/site-packages/radon/raw.py", line 117, in _get_all_tokens
    next_line = next(lines)
                ^^^^^^^^^^^
StopIteration

During handling of the above exception, another exception occurred:

Traceback (most recent call last):
  File "/root/QuestionInsight/Etapa_1/codebench-mining-tool/util.py", line 560, in extract_size_metrics
    a = analyze(code)
        ^^^^^^^^^^^^^
  File "/root/QuestionInsight/.venv/lib/python3.12/site-packages/radon/raw.py", line 212, in analyze
    raise SyntaxError('SyntaxError at line: {0}'.format(lineno))
SyntaxError: SyntaxError at line: 13
2025-08-18 19:43:54,206 cblogger [ERROR]: 		Error while extracting halsted code metrics: '(' was never closed (<unknown>, line 13)
Traceback (most recent call last):
  File "/root/QuestionInsight/Etapa_1/codebench-mining-tool/util.py", line 569, in extract_halstead_metrics
    h = h_visit(code)
        ^^^^^^^^^^^^^
  File "/root/QuestionInsight/.venv/lib/python3.12/site-packages/radon/metrics.py", line 29, in h_visit
    return h_visit_ast(ast.parse(code))
                       ^^^^^^^^^^^^^^^
  File "/usr/lib/python3.12/ast.py", line 52, in parse
    return compile(source, filename, mode, flags,
           ^^^^^^^^^^^^^^^^^^^^^^^^^^^^^^^^^^^^^^
  File "<unknown>", line 13
    	if(((a<=c)and(d <= b)or ((a<=c)and(c <=b <= d)or ((c <= a) and (a<= d <=b)) or ((c<=a) and (b<=d)))
    	   ^
SyntaxError: '(' was never closed
2025-08-18 19:43:54,225 cblogger [ERROR]: 		Error while extracting code complexity metrics: '(' was never closed (<unknown>, line 2)
Traceback (most recent call last):
  File "/root/QuestionInsight/Etapa_1/codebench-mining-tool/util.py", line 551, in extract_complexity_metrics
    v = ComplexityVisitor.from_code(code)
        ^^^^^^^^^^^^^^^^^^^^^^^^^^^^^^^^^
  File "/root/QuestionInsight/.venv/lib/python3.12/site-packages/radon/visitors.py", line 133, in from_code
    return cls.from_ast(code2ast(code), **kwargs)
                        ^^^^^^^^^^^^^^
  File "/root/QuestionInsight/.venv/lib/python3.12/site-packages/radon/visitors.py", line 48, in code2ast
    return ast.parse(source)
           ^^^^^^^^^^^^^^^^^
  File "/usr/lib/python3.12/ast.py", line 52, in parse
    return compile(source, filename, mode, flags,
           ^^^^^^^^^^^^^^^^^^^^^^^^^^^^^^^^^^^^^^
  File "<unknown>", line 2
    input("Escolha sua Arma:")(Sa(1),Ka(2)
                              ^
SyntaxError: '(' was never closed
2025-08-18 19:43:54,226 cblogger [ERROR]: 		Error while extracting code size based metrics: SyntaxError at line: 2
Traceback (most recent call last):
  File "/root/QuestionInsight/.venv/lib/python3.12/site-packages/radon/raw.py", line 210, in analyze
    tokens, parsed_lines = _get_all_tokens(line, lines)
                           ^^^^^^^^^^^^^^^^^^^^^^^^^^^^
  File "/root/QuestionInsight/.venv/lib/python3.12/site-packages/radon/raw.py", line 117, in _get_all_tokens
    next_line = next(lines)
                ^^^^^^^^^^^
StopIteration

During handling of the above exception, another exception occurred:

Traceback (most recent call last):
  File "/root/QuestionInsight/Etapa_1/codebench-mining-tool/util.py", line 560, in extract_size_metrics
    a = analyze(code)
        ^^^^^^^^^^^^^
  File "/root/QuestionInsight/.venv/lib/python3.12/site-packages/radon/raw.py", line 212, in analyze
    raise SyntaxError('SyntaxError at line: {0}'.format(lineno))
SyntaxError: SyntaxError at line: 2
2025-08-18 19:43:54,229 cblogger [ERROR]: 		Error while extracting halsted code metrics: '(' was never closed (<unknown>, line 2)
Traceback (most recent call last):
  File "/root/QuestionInsight/Etapa_1/codebench-mining-tool/util.py", line 569, in extract_halstead_metrics
    h = h_visit(code)
        ^^^^^^^^^^^^^
  File "/root/QuestionInsight/.venv/lib/python3.12/site-packages/radon/metrics.py", line 29, in h_visit
    return h_visit_ast(ast.parse(code))
                       ^^^^^^^^^^^^^^^
  File "/usr/lib/python3.12/ast.py", line 52, in parse
    return compile(source, filename, mode, flags,
           ^^^^^^^^^^^^^^^^^^^^^^^^^^^^^^^^^^^^^^
  File "<unknown>", line 2
    input("Escolha sua Arma:")(Sa(1),Ka(2)
                              ^
SyntaxError: '(' was never closed
2025-08-18 19:43:54,252 cblogger [ERROR]: 		Error while extracting code complexity metrics: unindent does not match any outer indentation level (<unknown>, line 29)
Traceback (most recent call last):
  File "/root/QuestionInsight/Etapa_1/codebench-mining-tool/util.py", line 551, in extract_complexity_metrics
    v = ComplexityVisitor.from_code(code)
        ^^^^^^^^^^^^^^^^^^^^^^^^^^^^^^^^^
  File "/root/QuestionInsight/.venv/lib/python3.12/site-packages/radon/visitors.py", line 133, in from_code
    return cls.from_ast(code2ast(code), **kwargs)
                        ^^^^^^^^^^^^^^
  File "/root/QuestionInsight/.venv/lib/python3.12/site-packages/radon/visitors.py", line 48, in code2ast
    return ast.parse(source)
           ^^^^^^^^^^^^^^^^^
  File "/usr/lib/python3.12/ast.py", line 52, in parse
    return compile(source, filename, mode, flags,
           ^^^^^^^^^^^^^^^^^^^^^^^^^^^^^^^^^^^^^^
  File "<unknown>", line 29
    	   print("Entradas:",Consumo,"kwh" "e tipo",Tipo)
    	                                                 ^
IndentationError: unindent does not match any outer indentation level
2025-08-18 19:43:54,253 cblogger [ERROR]: 		Error while extracting halsted code metrics: unindent does not match any outer indentation level (<unknown>, line 29)
Traceback (most recent call last):
  File "/root/QuestionInsight/Etapa_1/codebench-mining-tool/util.py", line 569, in extract_halstead_metrics
    h = h_visit(code)
        ^^^^^^^^^^^^^
  File "/root/QuestionInsight/.venv/lib/python3.12/site-packages/radon/metrics.py", line 29, in h_visit
    return h_visit_ast(ast.parse(code))
                       ^^^^^^^^^^^^^^^
  File "/usr/lib/python3.12/ast.py", line 52, in parse
    return compile(source, filename, mode, flags,
           ^^^^^^^^^^^^^^^^^^^^^^^^^^^^^^^^^^^^^^
  File "<unknown>", line 29
    	   print("Entradas:",Consumo,"kwh" "e tipo",Tipo)
    	                                                 ^
IndentationError: unindent does not match any outer indentation level
2025-08-18 19:43:54,256 cblogger [ERROR]: 		Error while extracting code complexity metrics: '(' was never closed (<unknown>, line 1)
Traceback (most recent call last):
  File "/root/QuestionInsight/Etapa_1/codebench-mining-tool/util.py", line 551, in extract_complexity_metrics
    v = ComplexityVisitor.from_code(code)
        ^^^^^^^^^^^^^^^^^^^^^^^^^^^^^^^^^
  File "/root/QuestionInsight/.venv/lib/python3.12/site-packages/radon/visitors.py", line 133, in from_code
    return cls.from_ast(code2ast(code), **kwargs)
                        ^^^^^^^^^^^^^^
  File "/root/QuestionInsight/.venv/lib/python3.12/site-packages/radon/visitors.py", line 48, in code2ast
    return ast.parse(source)
           ^^^^^^^^^^^^^^^^^
  File "/usr/lib/python3.12/ast.py", line 52, in parse
    return compile(source, filename, mode, flags,
           ^^^^^^^^^^^^^^^^^^^^^^^^^^^^^^^^^^^^^^
  File "<unknown>", line 1
    C_Energia = int(input("Digite o total consumido:")
                   ^
SyntaxError: '(' was never closed
2025-08-18 19:43:54,257 cblogger [ERROR]: 		Error while extracting code size based metrics: SyntaxError at line: 1
Traceback (most recent call last):
  File "/root/QuestionInsight/.venv/lib/python3.12/site-packages/radon/raw.py", line 210, in analyze
    tokens, parsed_lines = _get_all_tokens(line, lines)
                           ^^^^^^^^^^^^^^^^^^^^^^^^^^^^
  File "/root/QuestionInsight/.venv/lib/python3.12/site-packages/radon/raw.py", line 117, in _get_all_tokens
    next_line = next(lines)
                ^^^^^^^^^^^
StopIteration

During handling of the above exception, another exception occurred:

Traceback (most recent call last):
  File "/root/QuestionInsight/Etapa_1/codebench-mining-tool/util.py", line 560, in extract_size_metrics
    a = analyze(code)
        ^^^^^^^^^^^^^
  File "/root/QuestionInsight/.venv/lib/python3.12/site-packages/radon/raw.py", line 212, in analyze
    raise SyntaxError('SyntaxError at line: {0}'.format(lineno))
SyntaxError: SyntaxError at line: 1
2025-08-18 19:43:54,257 cblogger [ERROR]: 		Error while extracting halsted code metrics: '(' was never closed (<unknown>, line 1)
Traceback (most recent call last):
  File "/root/QuestionInsight/Etapa_1/codebench-mining-tool/util.py", line 569, in extract_halstead_metrics
    h = h_visit(code)
        ^^^^^^^^^^^^^
  File "/root/QuestionInsight/.venv/lib/python3.12/site-packages/radon/metrics.py", line 29, in h_visit
    return h_visit_ast(ast.parse(code))
                       ^^^^^^^^^^^^^^^
  File "/usr/lib/python3.12/ast.py", line 52, in parse
    return compile(source, filename, mode, flags,
           ^^^^^^^^^^^^^^^^^^^^^^^^^^^^^^^^^^^^^^
  File "<unknown>", line 1
    C_Energia = int(input("Digite o total consumido:")
                   ^
SyntaxError: '(' was never closed
2025-08-18 19:43:54,259 cblogger [ERROR]: 		Error while extracting code complexity metrics: invalid syntax. Perhaps you forgot a comma? (<unknown>, line 6)
Traceback (most recent call last):
  File "/root/QuestionInsight/Etapa_1/codebench-mining-tool/util.py", line 551, in extract_complexity_metrics
    v = ComplexityVisitor.from_code(code)
        ^^^^^^^^^^^^^^^^^^^^^^^^^^^^^^^^^
  File "/root/QuestionInsight/.venv/lib/python3.12/site-packages/radon/visitors.py", line 133, in from_code
    return cls.from_ast(code2ast(code), **kwargs)
                        ^^^^^^^^^^^^^^
  File "/root/QuestionInsight/.venv/lib/python3.12/site-packages/radon/visitors.py", line 48, in code2ast
    return ast.parse(source)
           ^^^^^^^^^^^^^^^^^
  File "/usr/lib/python3.12/ast.py", line 52, in parse
    return compile(source, filename, mode, flags,
           ^^^^^^^^^^^^^^^^^^^^^^^^^^^^^^^^^^^^^^
  File "<unknown>", line 6
    	(Ff == F - (Dc * 0,63 )
    	 ^^^^^^^^^^^
SyntaxError: invalid syntax. Perhaps you forgot a comma?
2025-08-18 19:43:54,260 cblogger [ERROR]: 		Error while extracting code size based metrics: SyntaxError at line: 6
Traceback (most recent call last):
  File "/root/QuestionInsight/.venv/lib/python3.12/site-packages/radon/raw.py", line 210, in analyze
    tokens, parsed_lines = _get_all_tokens(line, lines)
                           ^^^^^^^^^^^^^^^^^^^^^^^^^^^^
  File "/root/QuestionInsight/.venv/lib/python3.12/site-packages/radon/raw.py", line 117, in _get_all_tokens
    next_line = next(lines)
                ^^^^^^^^^^^
StopIteration

During handling of the above exception, another exception occurred:

Traceback (most recent call last):
  File "/root/QuestionInsight/Etapa_1/codebench-mining-tool/util.py", line 560, in extract_size_metrics
    a = analyze(code)
        ^^^^^^^^^^^^^
  File "/root/QuestionInsight/.venv/lib/python3.12/site-packages/radon/raw.py", line 212, in analyze
    raise SyntaxError('SyntaxError at line: {0}'.format(lineno))
SyntaxError: SyntaxError at line: 6
2025-08-18 19:43:54,260 cblogger [ERROR]: 		Error while extracting halsted code metrics: invalid syntax. Perhaps you forgot a comma? (<unknown>, line 6)
Traceback (most recent call last):
  File "/root/QuestionInsight/Etapa_1/codebench-mining-tool/util.py", line 569, in extract_halstead_metrics
    h = h_visit(code)
        ^^^^^^^^^^^^^
  File "/root/QuestionInsight/.venv/lib/python3.12/site-packages/radon/metrics.py", line 29, in h_visit
    return h_visit_ast(ast.parse(code))
                       ^^^^^^^^^^^^^^^
  File "/usr/lib/python3.12/ast.py", line 52, in parse
    return compile(source, filename, mode, flags,
           ^^^^^^^^^^^^^^^^^^^^^^^^^^^^^^^^^^^^^^
  File "<unknown>", line 6
    	(Ff == F - (Dc * 0,63 )
    	 ^^^^^^^^^^^
SyntaxError: invalid syntax. Perhaps you forgot a comma?
2025-08-18 19:43:54,264 cblogger [ERROR]: 		Error while extracting code complexity metrics: expected ':' (<unknown>, line 11)
Traceback (most recent call last):
  File "/root/QuestionInsight/Etapa_1/codebench-mining-tool/util.py", line 551, in extract_complexity_metrics
    v = ComplexityVisitor.from_code(code)
        ^^^^^^^^^^^^^^^^^^^^^^^^^^^^^^^^^
  File "/root/QuestionInsight/.venv/lib/python3.12/site-packages/radon/visitors.py", line 133, in from_code
    return cls.from_ast(code2ast(code), **kwargs)
                        ^^^^^^^^^^^^^^
  File "/root/QuestionInsight/.venv/lib/python3.12/site-packages/radon/visitors.py", line 48, in code2ast
    return ast.parse(source)
           ^^^^^^^^^^^^^^^^^
  File "/usr/lib/python3.12/ast.py", line 52, in parse
    return compile(source, filename, mode, flags,
           ^^^^^^^^^^^^^^^^^^^^^^^^^^^^^^^^^^^^^^
  File "<unknown>", line 11
    elif((PO<30)or(PO50))
                         ^
SyntaxError: expected ':'
2025-08-18 19:43:54,265 cblogger [ERROR]: 		Error while extracting halsted code metrics: expected ':' (<unknown>, line 11)
Traceback (most recent call last):
  File "/root/QuestionInsight/Etapa_1/codebench-mining-tool/util.py", line 569, in extract_halstead_metrics
    h = h_visit(code)
        ^^^^^^^^^^^^^
  File "/root/QuestionInsight/.venv/lib/python3.12/site-packages/radon/metrics.py", line 29, in h_visit
    return h_visit_ast(ast.parse(code))
                       ^^^^^^^^^^^^^^^
  File "/usr/lib/python3.12/ast.py", line 52, in parse
    return compile(source, filename, mode, flags,
           ^^^^^^^^^^^^^^^^^^^^^^^^^^^^^^^^^^^^^^
  File "<unknown>", line 11
    elif((PO<30)or(PO50))
                         ^
SyntaxError: expected ':'
2025-08-18 19:43:54,267 cblogger [ERROR]: 		Error while extracting code complexity metrics: '(' was never closed (<unknown>, line 9)
Traceback (most recent call last):
  File "/root/QuestionInsight/Etapa_1/codebench-mining-tool/util.py", line 551, in extract_complexity_metrics
    v = ComplexityVisitor.from_code(code)
        ^^^^^^^^^^^^^^^^^^^^^^^^^^^^^^^^^
  File "/root/QuestionInsight/.venv/lib/python3.12/site-packages/radon/visitors.py", line 133, in from_code
    return cls.from_ast(code2ast(code), **kwargs)
                        ^^^^^^^^^^^^^^
  File "/root/QuestionInsight/.venv/lib/python3.12/site-packages/radon/visitors.py", line 48, in code2ast
    return ast.parse(source)
           ^^^^^^^^^^^^^^^^^
  File "/usr/lib/python3.12/ast.py", line 52, in parse
    return compile(source, filename, mode, flags,
           ^^^^^^^^^^^^^^^^^^^^^^^^^^^^^^^^^^^^^^
  File "<unknown>", line 9
    R =((V0**2) * sin(2 * Distancia) / g
       ^
SyntaxError: '(' was never closed
2025-08-18 19:43:54,268 cblogger [ERROR]: 		Error while extracting code size based metrics: SyntaxError at line: 9
Traceback (most recent call last):
  File "/root/QuestionInsight/.venv/lib/python3.12/site-packages/radon/raw.py", line 210, in analyze
    tokens, parsed_lines = _get_all_tokens(line, lines)
                           ^^^^^^^^^^^^^^^^^^^^^^^^^^^^
  File "/root/QuestionInsight/.venv/lib/python3.12/site-packages/radon/raw.py", line 117, in _get_all_tokens
    next_line = next(lines)
                ^^^^^^^^^^^
StopIteration

During handling of the above exception, another exception occurred:

Traceback (most recent call last):
  File "/root/QuestionInsight/Etapa_1/codebench-mining-tool/util.py", line 560, in extract_size_metrics
    a = analyze(code)
        ^^^^^^^^^^^^^
  File "/root/QuestionInsight/.venv/lib/python3.12/site-packages/radon/raw.py", line 212, in analyze
    raise SyntaxError('SyntaxError at line: {0}'.format(lineno))
SyntaxError: SyntaxError at line: 9
2025-08-18 19:43:54,268 cblogger [ERROR]: 		Error while extracting halsted code metrics: '(' was never closed (<unknown>, line 9)
Traceback (most recent call last):
  File "/root/QuestionInsight/Etapa_1/codebench-mining-tool/util.py", line 569, in extract_halstead_metrics
    h = h_visit(code)
        ^^^^^^^^^^^^^
  File "/root/QuestionInsight/.venv/lib/python3.12/site-packages/radon/metrics.py", line 29, in h_visit
    return h_visit_ast(ast.parse(code))
                       ^^^^^^^^^^^^^^^
  File "/usr/lib/python3.12/ast.py", line 52, in parse
    return compile(source, filename, mode, flags,
           ^^^^^^^^^^^^^^^^^^^^^^^^^^^^^^^^^^^^^^
  File "<unknown>", line 9
    R =((V0**2) * sin(2 * Distancia) / g
       ^
SyntaxError: '(' was never closed
2025-08-18 19:43:54,271 cblogger [ERROR]: 		Error while extracting code complexity metrics: expected ':' (<unknown>, line 3)
Traceback (most recent call last):
  File "/root/QuestionInsight/Etapa_1/codebench-mining-tool/util.py", line 551, in extract_complexity_metrics
    v = ComplexityVisitor.from_code(code)
        ^^^^^^^^^^^^^^^^^^^^^^^^^^^^^^^^^
  File "/root/QuestionInsight/.venv/lib/python3.12/site-packages/radon/visitors.py", line 133, in from_code
    return cls.from_ast(code2ast(code), **kwargs)
                        ^^^^^^^^^^^^^^
  File "/root/QuestionInsight/.venv/lib/python3.12/site-packages/radon/visitors.py", line 48, in code2ast
    return ast.parse(source)
           ^^^^^^^^^^^^^^^^^
  File "/usr/lib/python3.12/ast.py", line 52, in parse
    return compile(source, filename, mode, flags,
           ^^^^^^^^^^^^^^^^^^^^^^^^^^^^^^^^^^^^^^
  File "<unknown>", line 3
    if (2 * x + y == 3)
                       ^
SyntaxError: expected ':'
2025-08-18 19:43:54,272 cblogger [ERROR]: 		Error while extracting halsted code metrics: expected ':' (<unknown>, line 3)
Traceback (most recent call last):
  File "/root/QuestionInsight/Etapa_1/codebench-mining-tool/util.py", line 569, in extract_halstead_metrics
    h = h_visit(code)
        ^^^^^^^^^^^^^
  File "/root/QuestionInsight/.venv/lib/python3.12/site-packages/radon/metrics.py", line 29, in h_visit
    return h_visit_ast(ast.parse(code))
                       ^^^^^^^^^^^^^^^
  File "/usr/lib/python3.12/ast.py", line 52, in parse
    return compile(source, filename, mode, flags,
           ^^^^^^^^^^^^^^^^^^^^^^^^^^^^^^^^^^^^^^
  File "<unknown>", line 3
    if (2 * x + y == 3)
                       ^
SyntaxError: expected ':'
2025-08-18 19:43:54,282 cblogger [ERROR]: 		Error while extracting code complexity metrics: invalid syntax (<unknown>, line 4)
Traceback (most recent call last):
  File "/root/QuestionInsight/Etapa_1/codebench-mining-tool/util.py", line 551, in extract_complexity_metrics
    v = ComplexityVisitor.from_code(code)
        ^^^^^^^^^^^^^^^^^^^^^^^^^^^^^^^^^
  File "/root/QuestionInsight/.venv/lib/python3.12/site-packages/radon/visitors.py", line 133, in from_code
    return cls.from_ast(code2ast(code), **kwargs)
                        ^^^^^^^^^^^^^^
  File "/root/QuestionInsight/.venv/lib/python3.12/site-packages/radon/visitors.py", line 48, in code2ast
    return ast.parse(source)
           ^^^^^^^^^^^^^^^^^
  File "/usr/lib/python3.12/ast.py", line 52, in parse
    return compile(source, filename, mode, flags,
           ^^^^^^^^^^^^^^^^^^^^^^^^^^^^^^^^^^^^^^
  File "<unknown>", line 4
    if((X != 'lobo')and ( X != 'leao') and ( X! = 'veado') and (X != 'dragao') and ( X! = 'rosa') and (X != 'sol') and (X !='lula') and (X != 'esfolado') and (X != 'truta')):
                                              ^
SyntaxError: invalid syntax
2025-08-18 19:43:54,284 cblogger [ERROR]: 		Error while extracting halsted code metrics: invalid syntax (<unknown>, line 4)
Traceback (most recent call last):
  File "/root/QuestionInsight/Etapa_1/codebench-mining-tool/util.py", line 569, in extract_halstead_metrics
    h = h_visit(code)
        ^^^^^^^^^^^^^
  File "/root/QuestionInsight/.venv/lib/python3.12/site-packages/radon/metrics.py", line 29, in h_visit
    return h_visit_ast(ast.parse(code))
                       ^^^^^^^^^^^^^^^
  File "/usr/lib/python3.12/ast.py", line 52, in parse
    return compile(source, filename, mode, flags,
           ^^^^^^^^^^^^^^^^^^^^^^^^^^^^^^^^^^^^^^
  File "<unknown>", line 4
    if((X != 'lobo')and ( X != 'leao') and ( X! = 'veado') and (X != 'dragao') and ( X! = 'rosa') and (X != 'sol') and (X !='lula') and (X != 'esfolado') and (X != 'truta')):
                                              ^
SyntaxError: invalid syntax
2025-08-18 19:43:54,311 cblogger [ERROR]: 		Error while extracting code complexity metrics: invalid syntax. Perhaps you forgot a comma? (<unknown>, line 1)
Traceback (most recent call last):
  File "/root/QuestionInsight/Etapa_1/codebench-mining-tool/util.py", line 551, in extract_complexity_metrics
    v = ComplexityVisitor.from_code(code)
        ^^^^^^^^^^^^^^^^^^^^^^^^^^^^^^^^^
  File "/root/QuestionInsight/.venv/lib/python3.12/site-packages/radon/visitors.py", line 133, in from_code
    return cls.from_ast(code2ast(code), **kwargs)
                        ^^^^^^^^^^^^^^
  File "/root/QuestionInsight/.venv/lib/python3.12/site-packages/radon/visitors.py", line 48, in code2ast
    return ast.parse(source)
           ^^^^^^^^^^^^^^^^^
  File "/usr/lib/python3.12/ast.py", line 52, in parse
    return compile(source, filename, mode, flags,
           ^^^^^^^^^^^^^^^^^^^^^^^^^^^^^^^^^^^^^^
  File "<unknown>", line 1
    print(Universidade Federal do Amazonas)
          ^^^^^^^^^^^^^^^^^^^^
SyntaxError: invalid syntax. Perhaps you forgot a comma?
2025-08-18 19:43:54,312 cblogger [ERROR]: 		Error while extracting halsted code metrics: invalid syntax. Perhaps you forgot a comma? (<unknown>, line 1)
Traceback (most recent call last):
  File "/root/QuestionInsight/Etapa_1/codebench-mining-tool/util.py", line 569, in extract_halstead_metrics
    h = h_visit(code)
        ^^^^^^^^^^^^^
  File "/root/QuestionInsight/.venv/lib/python3.12/site-packages/radon/metrics.py", line 29, in h_visit
    return h_visit_ast(ast.parse(code))
                       ^^^^^^^^^^^^^^^
  File "/usr/lib/python3.12/ast.py", line 52, in parse
    return compile(source, filename, mode, flags,
           ^^^^^^^^^^^^^^^^^^^^^^^^^^^^^^^^^^^^^^
  File "<unknown>", line 1
    print(Universidade Federal do Amazonas)
          ^^^^^^^^^^^^^^^^^^^^
SyntaxError: invalid syntax. Perhaps you forgot a comma?
2025-08-18 19:43:55,570 cblogger [ERROR]: 		Error while extracting code complexity metrics: expected an indented block after 'while' statement on line 3 (<unknown>, line 4)
Traceback (most recent call last):
  File "/root/QuestionInsight/Etapa_1/codebench-mining-tool/util.py", line 551, in extract_complexity_metrics
    v = ComplexityVisitor.from_code(code)
        ^^^^^^^^^^^^^^^^^^^^^^^^^^^^^^^^^
  File "/root/QuestionInsight/.venv/lib/python3.12/site-packages/radon/visitors.py", line 133, in from_code
    return cls.from_ast(code2ast(code), **kwargs)
                        ^^^^^^^^^^^^^^
  File "/root/QuestionInsight/.venv/lib/python3.12/site-packages/radon/visitors.py", line 48, in code2ast
    return ast.parse(source)
           ^^^^^^^^^^^^^^^^^
  File "/usr/lib/python3.12/ast.py", line 52, in parse
    return compile(source, filename, mode, flags,
           ^^^^^^^^^^^^^^^^^^^^^^^^^^^^^^^^^^^^^^
  File "<unknown>", line 4
    	
    	^
IndentationError: expected an indented block after 'while' statement on line 3
2025-08-18 19:43:55,574 cblogger [ERROR]: 		Error while extracting halsted code metrics: expected an indented block after 'while' statement on line 3 (<unknown>, line 4)
Traceback (most recent call last):
  File "/root/QuestionInsight/Etapa_1/codebench-mining-tool/util.py", line 569, in extract_halstead_metrics
    h = h_visit(code)
        ^^^^^^^^^^^^^
  File "/root/QuestionInsight/.venv/lib/python3.12/site-packages/radon/metrics.py", line 29, in h_visit
    return h_visit_ast(ast.parse(code))
                       ^^^^^^^^^^^^^^^
  File "/usr/lib/python3.12/ast.py", line 52, in parse
    return compile(source, filename, mode, flags,
           ^^^^^^^^^^^^^^^^^^^^^^^^^^^^^^^^^^^^^^
  File "<unknown>", line 4
    	
    	^
IndentationError: expected an indented block after 'while' statement on line 3
2025-08-18 19:43:55,593 cblogger [ERROR]: 		Error while extracting code complexity metrics: invalid syntax (<unknown>, line 12)
Traceback (most recent call last):
  File "/root/QuestionInsight/Etapa_1/codebench-mining-tool/util.py", line 551, in extract_complexity_metrics
    v = ComplexityVisitor.from_code(code)
        ^^^^^^^^^^^^^^^^^^^^^^^^^^^^^^^^^
  File "/root/QuestionInsight/.venv/lib/python3.12/site-packages/radon/visitors.py", line 133, in from_code
    return cls.from_ast(code2ast(code), **kwargs)
                        ^^^^^^^^^^^^^^
  File "/root/QuestionInsight/.venv/lib/python3.12/site-packages/radon/visitors.py", line 48, in code2ast
    return ast.parse(source)
           ^^^^^^^^^^^^^^^^^
  File "/usr/lib/python3.12/ast.py", line 52, in parse
    return compile(source, filename, mode, flags,
           ^^^^^^^^^^^^^^^^^^^^^^^^^^^^^^^^^^^^^^
  File "<unknown>", line 12
    elif:
        ^
SyntaxError: invalid syntax
2025-08-18 19:43:55,594 cblogger [ERROR]: 		Error while extracting halsted code metrics: invalid syntax (<unknown>, line 12)
Traceback (most recent call last):
  File "/root/QuestionInsight/Etapa_1/codebench-mining-tool/util.py", line 569, in extract_halstead_metrics
    h = h_visit(code)
        ^^^^^^^^^^^^^
  File "/root/QuestionInsight/.venv/lib/python3.12/site-packages/radon/metrics.py", line 29, in h_visit
    return h_visit_ast(ast.parse(code))
                       ^^^^^^^^^^^^^^^
  File "/usr/lib/python3.12/ast.py", line 52, in parse
    return compile(source, filename, mode, flags,
           ^^^^^^^^^^^^^^^^^^^^^^^^^^^^^^^^^^^^^^
  File "<unknown>", line 12
    elif:
        ^
SyntaxError: invalid syntax
2025-08-18 19:43:55,751 cblogger [ERROR]: 		Error while extracting code complexity metrics: expected an indented block after 'for' statement on line 12 (<unknown>, line 13)
Traceback (most recent call last):
  File "/root/QuestionInsight/Etapa_1/codebench-mining-tool/util.py", line 551, in extract_complexity_metrics
    v = ComplexityVisitor.from_code(code)
        ^^^^^^^^^^^^^^^^^^^^^^^^^^^^^^^^^
  File "/root/QuestionInsight/.venv/lib/python3.12/site-packages/radon/visitors.py", line 133, in from_code
    return cls.from_ast(code2ast(code), **kwargs)
                        ^^^^^^^^^^^^^^
  File "/root/QuestionInsight/.venv/lib/python3.12/site-packages/radon/visitors.py", line 48, in code2ast
    return ast.parse(source)
           ^^^^^^^^^^^^^^^^^
  File "/usr/lib/python3.12/ast.py", line 52, in parse
    return compile(source, filename, mode, flags,
           ^^^^^^^^^^^^^^^^^^^^^^^^^^^^^^^^^^^^^^
  File "<unknown>", line 13
    		
    		^
IndentationError: expected an indented block after 'for' statement on line 12
2025-08-18 19:43:55,753 cblogger [ERROR]: 		Error while extracting halsted code metrics: expected an indented block after 'for' statement on line 12 (<unknown>, line 13)
Traceback (most recent call last):
  File "/root/QuestionInsight/Etapa_1/codebench-mining-tool/util.py", line 569, in extract_halstead_metrics
    h = h_visit(code)
        ^^^^^^^^^^^^^
  File "/root/QuestionInsight/.venv/lib/python3.12/site-packages/radon/metrics.py", line 29, in h_visit
    return h_visit_ast(ast.parse(code))
                       ^^^^^^^^^^^^^^^
  File "/usr/lib/python3.12/ast.py", line 52, in parse
    return compile(source, filename, mode, flags,
           ^^^^^^^^^^^^^^^^^^^^^^^^^^^^^^^^^^^^^^
  File "<unknown>", line 13
    		
    		^
IndentationError: expected an indented block after 'for' statement on line 12
2025-08-18 19:43:55,760 cblogger [ERROR]: 		Error while extracting code complexity metrics: expected an indented block after 'for' statement on line 8 (<unknown>, line 10)
Traceback (most recent call last):
  File "/root/QuestionInsight/Etapa_1/codebench-mining-tool/util.py", line 551, in extract_complexity_metrics
    v = ComplexityVisitor.from_code(code)
        ^^^^^^^^^^^^^^^^^^^^^^^^^^^^^^^^^
  File "/root/QuestionInsight/.venv/lib/python3.12/site-packages/radon/visitors.py", line 133, in from_code
    return cls.from_ast(code2ast(code), **kwargs)
                        ^^^^^^^^^^^^^^
  File "/root/QuestionInsight/.venv/lib/python3.12/site-packages/radon/visitors.py", line 48, in code2ast
    return ast.parse(source)
           ^^^^^^^^^^^^^^^^^
  File "/usr/lib/python3.12/ast.py", line 52, in parse
    return compile(source, filename, mode, flags,
           ^^^^^^^^^^^^^^^^^^^^^^^^^^^^^^^^^^^^^^
  File "<unknown>", line 10
    	
    	^
IndentationError: expected an indented block after 'for' statement on line 8
2025-08-18 19:43:55,760 cblogger [ERROR]: 		Error while extracting halsted code metrics: expected an indented block after 'for' statement on line 8 (<unknown>, line 10)
Traceback (most recent call last):
  File "/root/QuestionInsight/Etapa_1/codebench-mining-tool/util.py", line 569, in extract_halstead_metrics
    h = h_visit(code)
        ^^^^^^^^^^^^^
  File "/root/QuestionInsight/.venv/lib/python3.12/site-packages/radon/metrics.py", line 29, in h_visit
    return h_visit_ast(ast.parse(code))
                       ^^^^^^^^^^^^^^^
  File "/usr/lib/python3.12/ast.py", line 52, in parse
    return compile(source, filename, mode, flags,
           ^^^^^^^^^^^^^^^^^^^^^^^^^^^^^^^^^^^^^^
  File "<unknown>", line 10
    	
    	^
IndentationError: expected an indented block after 'for' statement on line 8
2025-08-18 19:43:55,814 cblogger [ERROR]: 		Error while extracting code complexity metrics: expected ':' (<unknown>, line 7)
Traceback (most recent call last):
  File "/root/QuestionInsight/Etapa_1/codebench-mining-tool/util.py", line 551, in extract_complexity_metrics
    v = ComplexityVisitor.from_code(code)
        ^^^^^^^^^^^^^^^^^^^^^^^^^^^^^^^^^
  File "/root/QuestionInsight/.venv/lib/python3.12/site-packages/radon/visitors.py", line 133, in from_code
    return cls.from_ast(code2ast(code), **kwargs)
                        ^^^^^^^^^^^^^^
  File "/root/QuestionInsight/.venv/lib/python3.12/site-packages/radon/visitors.py", line 48, in code2ast
    return ast.parse(source)
           ^^^^^^^^^^^^^^^^^
  File "/usr/lib/python3.12/ast.py", line 52, in parse
    return compile(source, filename, mode, flags,
           ^^^^^^^^^^^^^^^^^^^^^^^^^^^^^^^^^^^^^^
  File "<unknown>", line 7
    while()
           ^
SyntaxError: expected ':'
2025-08-18 19:43:55,815 cblogger [ERROR]: 		Error while extracting halsted code metrics: expected ':' (<unknown>, line 7)
Traceback (most recent call last):
  File "/root/QuestionInsight/Etapa_1/codebench-mining-tool/util.py", line 569, in extract_halstead_metrics
    h = h_visit(code)
        ^^^^^^^^^^^^^
  File "/root/QuestionInsight/.venv/lib/python3.12/site-packages/radon/metrics.py", line 29, in h_visit
    return h_visit_ast(ast.parse(code))
                       ^^^^^^^^^^^^^^^
  File "/usr/lib/python3.12/ast.py", line 52, in parse
    return compile(source, filename, mode, flags,
           ^^^^^^^^^^^^^^^^^^^^^^^^^^^^^^^^^^^^^^
  File "<unknown>", line 7
    while()
           ^
SyntaxError: expected ':'
2025-08-18 19:43:55,826 cblogger [ERROR]: 		Error while extracting code complexity metrics: '(' was never closed (<unknown>, line 5)
Traceback (most recent call last):
  File "/root/QuestionInsight/Etapa_1/codebench-mining-tool/util.py", line 551, in extract_complexity_metrics
    v = ComplexityVisitor.from_code(code)
        ^^^^^^^^^^^^^^^^^^^^^^^^^^^^^^^^^
  File "/root/QuestionInsight/.venv/lib/python3.12/site-packages/radon/visitors.py", line 133, in from_code
    return cls.from_ast(code2ast(code), **kwargs)
                        ^^^^^^^^^^^^^^
  File "/root/QuestionInsight/.venv/lib/python3.12/site-packages/radon/visitors.py", line 48, in code2ast
    return ast.parse(source)
           ^^^^^^^^^^^^^^^^^
  File "/usr/lib/python3.12/ast.py", line 52, in parse
    return compile(source, filename, mode, flags,
           ^^^^^^^^^^^^^^^^^^^^^^^^^^^^^^^^^^^^^^
  File "<unknown>", line 5
    	x=int(input()
    	     ^
SyntaxError: '(' was never closed
2025-08-18 19:43:55,827 cblogger [ERROR]: 		Error while extracting code size based metrics: SyntaxError at line: 5
Traceback (most recent call last):
  File "/root/QuestionInsight/.venv/lib/python3.12/site-packages/radon/raw.py", line 210, in analyze
    tokens, parsed_lines = _get_all_tokens(line, lines)
                           ^^^^^^^^^^^^^^^^^^^^^^^^^^^^
  File "/root/QuestionInsight/.venv/lib/python3.12/site-packages/radon/raw.py", line 117, in _get_all_tokens
    next_line = next(lines)
                ^^^^^^^^^^^
StopIteration

During handling of the above exception, another exception occurred:

Traceback (most recent call last):
  File "/root/QuestionInsight/Etapa_1/codebench-mining-tool/util.py", line 560, in extract_size_metrics
    a = analyze(code)
        ^^^^^^^^^^^^^
  File "/root/QuestionInsight/.venv/lib/python3.12/site-packages/radon/raw.py", line 212, in analyze
    raise SyntaxError('SyntaxError at line: {0}'.format(lineno))
SyntaxError: SyntaxError at line: 5
2025-08-18 19:43:55,828 cblogger [ERROR]: 		Error while extracting halsted code metrics: '(' was never closed (<unknown>, line 5)
Traceback (most recent call last):
  File "/root/QuestionInsight/Etapa_1/codebench-mining-tool/util.py", line 569, in extract_halstead_metrics
    h = h_visit(code)
        ^^^^^^^^^^^^^
  File "/root/QuestionInsight/.venv/lib/python3.12/site-packages/radon/metrics.py", line 29, in h_visit
    return h_visit_ast(ast.parse(code))
                       ^^^^^^^^^^^^^^^
  File "/usr/lib/python3.12/ast.py", line 52, in parse
    return compile(source, filename, mode, flags,
           ^^^^^^^^^^^^^^^^^^^^^^^^^^^^^^^^^^^^^^
  File "<unknown>", line 5
    	x=int(input()
    	     ^
SyntaxError: '(' was never closed
2025-08-18 19:43:55,832 cblogger [ERROR]: 		Error while extracting code complexity metrics: invalid syntax (<unknown>, line 18)
Traceback (most recent call last):
  File "/root/QuestionInsight/Etapa_1/codebench-mining-tool/util.py", line 551, in extract_complexity_metrics
    v = ComplexityVisitor.from_code(code)
        ^^^^^^^^^^^^^^^^^^^^^^^^^^^^^^^^^
  File "/root/QuestionInsight/.venv/lib/python3.12/site-packages/radon/visitors.py", line 133, in from_code
    return cls.from_ast(code2ast(code), **kwargs)
                        ^^^^^^^^^^^^^^
  File "/root/QuestionInsight/.venv/lib/python3.12/site-packages/radon/visitors.py", line 48, in code2ast
    return ast.parse(source)
           ^^^^^^^^^^^^^^^^^
  File "/usr/lib/python3.12/ast.py", line 52, in parse
    return compile(source, filename, mode, flags,
           ^^^^^^^^^^^^^^^^^^^^^^^^^^^^^^^^^^^^^^
  File "<unknown>", line 18
    U = G.
          ^
SyntaxError: invalid syntax
2025-08-18 19:43:55,833 cblogger [ERROR]: 		Error while extracting halsted code metrics: invalid syntax (<unknown>, line 18)
Traceback (most recent call last):
  File "/root/QuestionInsight/Etapa_1/codebench-mining-tool/util.py", line 569, in extract_halstead_metrics
    h = h_visit(code)
        ^^^^^^^^^^^^^
  File "/root/QuestionInsight/.venv/lib/python3.12/site-packages/radon/metrics.py", line 29, in h_visit
    return h_visit_ast(ast.parse(code))
                       ^^^^^^^^^^^^^^^
  File "/usr/lib/python3.12/ast.py", line 52, in parse
    return compile(source, filename, mode, flags,
           ^^^^^^^^^^^^^^^^^^^^^^^^^^^^^^^^^^^^^^
  File "<unknown>", line 18
    U = G.
          ^
SyntaxError: invalid syntax
2025-08-18 19:43:55,863 cblogger [ERROR]: 		Error while extracting code complexity metrics: invalid syntax (<unknown>, line 10)
Traceback (most recent call last):
  File "/root/QuestionInsight/Etapa_1/codebench-mining-tool/util.py", line 551, in extract_complexity_metrics
    v = ComplexityVisitor.from_code(code)
        ^^^^^^^^^^^^^^^^^^^^^^^^^^^^^^^^^
  File "/root/QuestionInsight/.venv/lib/python3.12/site-packages/radon/visitors.py", line 133, in from_code
    return cls.from_ast(code2ast(code), **kwargs)
                        ^^^^^^^^^^^^^^
  File "/root/QuestionInsight/.venv/lib/python3.12/site-packages/radon/visitors.py", line 48, in code2ast
    return ast.parse(source)
           ^^^^^^^^^^^^^^^^^
  File "/usr/lib/python3.12/ast.py", line 52, in parse
    return compile(source, filename, mode, flags,
           ^^^^^^^^^^^^^^^^^^^^^^^^^^^^^^^^^^^^^^
  File "<unknown>", line 10
    		fator de destreza = 30 * d - 20
    		      ^^
SyntaxError: invalid syntax
2025-08-18 19:43:55,864 cblogger [ERROR]: 		Error while extracting halsted code metrics: invalid syntax (<unknown>, line 10)
Traceback (most recent call last):
  File "/root/QuestionInsight/Etapa_1/codebench-mining-tool/util.py", line 569, in extract_halstead_metrics
    h = h_visit(code)
        ^^^^^^^^^^^^^
  File "/root/QuestionInsight/.venv/lib/python3.12/site-packages/radon/metrics.py", line 29, in h_visit
    return h_visit_ast(ast.parse(code))
                       ^^^^^^^^^^^^^^^
  File "/usr/lib/python3.12/ast.py", line 52, in parse
    return compile(source, filename, mode, flags,
           ^^^^^^^^^^^^^^^^^^^^^^^^^^^^^^^^^^^^^^
  File "<unknown>", line 10
    		fator de destreza = 30 * d - 20
    		      ^^
SyntaxError: invalid syntax
2025-08-18 19:43:55,865 cblogger [ERROR]: 		Error while extracting code complexity metrics: expected ':' (<unknown>, line 8)
Traceback (most recent call last):
  File "/root/QuestionInsight/Etapa_1/codebench-mining-tool/util.py", line 551, in extract_complexity_metrics
    v = ComplexityVisitor.from_code(code)
        ^^^^^^^^^^^^^^^^^^^^^^^^^^^^^^^^^
  File "/root/QuestionInsight/.venv/lib/python3.12/site-packages/radon/visitors.py", line 133, in from_code
    return cls.from_ast(code2ast(code), **kwargs)
                        ^^^^^^^^^^^^^^
  File "/root/QuestionInsight/.venv/lib/python3.12/site-packages/radon/visitors.py", line 48, in code2ast
    return ast.parse(source)
           ^^^^^^^^^^^^^^^^^
  File "/usr/lib/python3.12/ast.py", line 52, in parse
    return compile(source, filename, mode, flags,
           ^^^^^^^^^^^^^^^^^^^^^^^^^^^^^^^^^^^^^^
  File "<unknown>", line 8
    else(y == "2"):
        ^
SyntaxError: expected ':'
2025-08-18 19:43:55,866 cblogger [ERROR]: 		Error while extracting halsted code metrics: expected ':' (<unknown>, line 8)
Traceback (most recent call last):
  File "/root/QuestionInsight/Etapa_1/codebench-mining-tool/util.py", line 569, in extract_halstead_metrics
    h = h_visit(code)
        ^^^^^^^^^^^^^
  File "/root/QuestionInsight/.venv/lib/python3.12/site-packages/radon/metrics.py", line 29, in h_visit
    return h_visit_ast(ast.parse(code))
                       ^^^^^^^^^^^^^^^
  File "/usr/lib/python3.12/ast.py", line 52, in parse
    return compile(source, filename, mode, flags,
           ^^^^^^^^^^^^^^^^^^^^^^^^^^^^^^^^^^^^^^
  File "<unknown>", line 8
    else(y == "2"):
        ^
SyntaxError: expected ':'
2025-08-18 19:43:55,884 cblogger [ERROR]: 		Error while extracting code complexity metrics: invalid syntax. Perhaps you forgot a comma? (<unknown>, line 2)
Traceback (most recent call last):
  File "/root/QuestionInsight/Etapa_1/codebench-mining-tool/util.py", line 551, in extract_complexity_metrics
    v = ComplexityVisitor.from_code(code)
        ^^^^^^^^^^^^^^^^^^^^^^^^^^^^^^^^^
  File "/root/QuestionInsight/.venv/lib/python3.12/site-packages/radon/visitors.py", line 133, in from_code
    return cls.from_ast(code2ast(code), **kwargs)
                        ^^^^^^^^^^^^^^
  File "/root/QuestionInsight/.venv/lib/python3.12/site-packages/radon/visitors.py", line 48, in code2ast
    return ast.parse(source)
           ^^^^^^^^^^^^^^^^^
  File "/usr/lib/python3.12/ast.py", line 52, in parse
    return compile(source, filename, mode, flags,
           ^^^^^^^^^^^^^^^^^^^^^^^^^^^^^^^^^^^^^^
  File "<unknown>", line 2
    E=array(eval(input("Sequencia:"))
            
SyntaxError: invalid syntax. Perhaps you forgot a comma?
2025-08-18 19:43:55,884 cblogger [ERROR]: 		Error while extracting code size based metrics: SyntaxError at line: 2
Traceback (most recent call last):
  File "/root/QuestionInsight/.venv/lib/python3.12/site-packages/radon/raw.py", line 210, in analyze
    tokens, parsed_lines = _get_all_tokens(line, lines)
                           ^^^^^^^^^^^^^^^^^^^^^^^^^^^^
  File "/root/QuestionInsight/.venv/lib/python3.12/site-packages/radon/raw.py", line 117, in _get_all_tokens
    next_line = next(lines)
                ^^^^^^^^^^^
StopIteration

During handling of the above exception, another exception occurred:

Traceback (most recent call last):
  File "/root/QuestionInsight/Etapa_1/codebench-mining-tool/util.py", line 560, in extract_size_metrics
    a = analyze(code)
        ^^^^^^^^^^^^^
  File "/root/QuestionInsight/.venv/lib/python3.12/site-packages/radon/raw.py", line 212, in analyze
    raise SyntaxError('SyntaxError at line: {0}'.format(lineno))
SyntaxError: SyntaxError at line: 2
2025-08-18 19:43:55,885 cblogger [ERROR]: 		Error while extracting halsted code metrics: invalid syntax. Perhaps you forgot a comma? (<unknown>, line 2)
Traceback (most recent call last):
  File "/root/QuestionInsight/Etapa_1/codebench-mining-tool/util.py", line 569, in extract_halstead_metrics
    h = h_visit(code)
        ^^^^^^^^^^^^^
  File "/root/QuestionInsight/.venv/lib/python3.12/site-packages/radon/metrics.py", line 29, in h_visit
    return h_visit_ast(ast.parse(code))
                       ^^^^^^^^^^^^^^^
  File "/usr/lib/python3.12/ast.py", line 52, in parse
    return compile(source, filename, mode, flags,
           ^^^^^^^^^^^^^^^^^^^^^^^^^^^^^^^^^^^^^^
  File "<unknown>", line 2
    E=array(eval(input("Sequencia:"))
            
SyntaxError: invalid syntax. Perhaps you forgot a comma?
2025-08-18 19:43:55,886 cblogger [ERROR]: 		Error while extracting code complexity metrics: invalid syntax. Perhaps you forgot a comma? (<unknown>, line 13)
Traceback (most recent call last):
  File "/root/QuestionInsight/Etapa_1/codebench-mining-tool/util.py", line 551, in extract_complexity_metrics
    v = ComplexityVisitor.from_code(code)
        ^^^^^^^^^^^^^^^^^^^^^^^^^^^^^^^^^
  File "/root/QuestionInsight/.venv/lib/python3.12/site-packages/radon/visitors.py", line 133, in from_code
    return cls.from_ast(code2ast(code), **kwargs)
                        ^^^^^^^^^^^^^^
  File "/root/QuestionInsight/.venv/lib/python3.12/site-packages/radon/visitors.py", line 48, in code2ast
    return ast.parse(source)
           ^^^^^^^^^^^^^^^^^
  File "/usr/lib/python3.12/ast.py", line 52, in parse
    return compile(source, filename, mode, flags,
           ^^^^^^^^^^^^^^^^^^^^^^^^^^^^^^^^^^^^^^
  File "<unknown>", line 13
    print(round(tc)2,)
          ^^^^^^^^^^
SyntaxError: invalid syntax. Perhaps you forgot a comma?
2025-08-18 19:43:55,887 cblogger [ERROR]: 		Error while extracting halsted code metrics: invalid syntax. Perhaps you forgot a comma? (<unknown>, line 13)
Traceback (most recent call last):
  File "/root/QuestionInsight/Etapa_1/codebench-mining-tool/util.py", line 569, in extract_halstead_metrics
    h = h_visit(code)
        ^^^^^^^^^^^^^
  File "/root/QuestionInsight/.venv/lib/python3.12/site-packages/radon/metrics.py", line 29, in h_visit
    return h_visit_ast(ast.parse(code))
                       ^^^^^^^^^^^^^^^
  File "/usr/lib/python3.12/ast.py", line 52, in parse
    return compile(source, filename, mode, flags,
           ^^^^^^^^^^^^^^^^^^^^^^^^^^^^^^^^^^^^^^
  File "<unknown>", line 13
    print(round(tc)2,)
          ^^^^^^^^^^
SyntaxError: invalid syntax. Perhaps you forgot a comma?
2025-08-18 19:43:55,901 cblogger [ERROR]: 		Error while extracting code complexity metrics: invalid syntax. Perhaps you forgot a comma? (<unknown>, line 1)
Traceback (most recent call last):
  File "/root/QuestionInsight/Etapa_1/codebench-mining-tool/util.py", line 551, in extract_complexity_metrics
    v = ComplexityVisitor.from_code(code)
        ^^^^^^^^^^^^^^^^^^^^^^^^^^^^^^^^^
  File "/root/QuestionInsight/.venv/lib/python3.12/site-packages/radon/visitors.py", line 133, in from_code
    return cls.from_ast(code2ast(code), **kwargs)
                        ^^^^^^^^^^^^^^
  File "/root/QuestionInsight/.venv/lib/python3.12/site-packages/radon/visitors.py", line 48, in code2ast
    return ast.parse(source)
           ^^^^^^^^^^^^^^^^^
  File "/usr/lib/python3.12/ast.py", line 52, in parse
    return compile(source, filename, mode, flags,
           ^^^^^^^^^^^^^^^^^^^^^^^^^^^^^^^^^^^^^^
  File "<unknown>", line 1
    max(6 2 4)
        ^^^
SyntaxError: invalid syntax. Perhaps you forgot a comma?
2025-08-18 19:43:55,902 cblogger [ERROR]: 		Error while extracting halsted code metrics: invalid syntax. Perhaps you forgot a comma? (<unknown>, line 1)
Traceback (most recent call last):
  File "/root/QuestionInsight/Etapa_1/codebench-mining-tool/util.py", line 569, in extract_halstead_metrics
    h = h_visit(code)
        ^^^^^^^^^^^^^
  File "/root/QuestionInsight/.venv/lib/python3.12/site-packages/radon/metrics.py", line 29, in h_visit
    return h_visit_ast(ast.parse(code))
                       ^^^^^^^^^^^^^^^
  File "/usr/lib/python3.12/ast.py", line 52, in parse
    return compile(source, filename, mode, flags,
           ^^^^^^^^^^^^^^^^^^^^^^^^^^^^^^^^^^^^^^
  File "<unknown>", line 1
    max(6 2 4)
        ^^^
SyntaxError: invalid syntax. Perhaps you forgot a comma?
2025-08-18 19:43:55,907 cblogger [ERROR]: 		Error while extracting code complexity metrics: '(' was never closed (<unknown>, line 2)
Traceback (most recent call last):
  File "/root/QuestionInsight/Etapa_1/codebench-mining-tool/util.py", line 551, in extract_complexity_metrics
    v = ComplexityVisitor.from_code(code)
        ^^^^^^^^^^^^^^^^^^^^^^^^^^^^^^^^^
  File "/root/QuestionInsight/.venv/lib/python3.12/site-packages/radon/visitors.py", line 133, in from_code
    return cls.from_ast(code2ast(code), **kwargs)
                        ^^^^^^^^^^^^^^
  File "/root/QuestionInsight/.venv/lib/python3.12/site-packages/radon/visitors.py", line 48, in code2ast
    return ast.parse(source)
           ^^^^^^^^^^^^^^^^^
  File "/usr/lib/python3.12/ast.py", line 52, in parse
    return compile(source, filename, mode, flags,
           ^^^^^^^^^^^^^^^^^^^^^^^^^^^^^^^^^^^^^^
  File "<unknown>", line 2
    float(print(pi(3,14))
         ^
SyntaxError: '(' was never closed
2025-08-18 19:43:55,908 cblogger [ERROR]: 		Error while extracting code size based metrics: SyntaxError at line: 2
Traceback (most recent call last):
  File "/root/QuestionInsight/.venv/lib/python3.12/site-packages/radon/raw.py", line 210, in analyze
    tokens, parsed_lines = _get_all_tokens(line, lines)
                           ^^^^^^^^^^^^^^^^^^^^^^^^^^^^
  File "/root/QuestionInsight/.venv/lib/python3.12/site-packages/radon/raw.py", line 117, in _get_all_tokens
    next_line = next(lines)
                ^^^^^^^^^^^
StopIteration

During handling of the above exception, another exception occurred:

Traceback (most recent call last):
  File "/root/QuestionInsight/Etapa_1/codebench-mining-tool/util.py", line 560, in extract_size_metrics
    a = analyze(code)
        ^^^^^^^^^^^^^
  File "/root/QuestionInsight/.venv/lib/python3.12/site-packages/radon/raw.py", line 212, in analyze
    raise SyntaxError('SyntaxError at line: {0}'.format(lineno))
SyntaxError: SyntaxError at line: 2
2025-08-18 19:43:55,908 cblogger [ERROR]: 		Error while extracting halsted code metrics: '(' was never closed (<unknown>, line 2)
Traceback (most recent call last):
  File "/root/QuestionInsight/Etapa_1/codebench-mining-tool/util.py", line 569, in extract_halstead_metrics
    h = h_visit(code)
        ^^^^^^^^^^^^^
  File "/root/QuestionInsight/.venv/lib/python3.12/site-packages/radon/metrics.py", line 29, in h_visit
    return h_visit_ast(ast.parse(code))
                       ^^^^^^^^^^^^^^^
  File "/usr/lib/python3.12/ast.py", line 52, in parse
    return compile(source, filename, mode, flags,
           ^^^^^^^^^^^^^^^^^^^^^^^^^^^^^^^^^^^^^^
  File "<unknown>", line 2
    float(print(pi(3,14))
         ^
SyntaxError: '(' was never closed
2025-08-18 19:43:55,911 cblogger [ERROR]: 		Error while extracting code complexity metrics: invalid syntax (<unknown>, line 14)
Traceback (most recent call last):
  File "/root/QuestionInsight/Etapa_1/codebench-mining-tool/util.py", line 551, in extract_complexity_metrics
    v = ComplexityVisitor.from_code(code)
        ^^^^^^^^^^^^^^^^^^^^^^^^^^^^^^^^^
  File "/root/QuestionInsight/.venv/lib/python3.12/site-packages/radon/visitors.py", line 133, in from_code
    return cls.from_ast(code2ast(code), **kwargs)
                        ^^^^^^^^^^^^^^
  File "/root/QuestionInsight/.venv/lib/python3.12/site-packages/radon/visitors.py", line 48, in code2ast
    return ast.parse(source)
           ^^^^^^^^^^^^^^^^^
  File "/usr/lib/python3.12/ast.py", line 52, in parse
    return compile(source, filename, mode, flags,
           ^^^^^^^^^^^^^^^^^^^^^^^^^^^^^^^^^^^^^^
  File "<unknown>", line 14
    	msg = 
    	      ^
SyntaxError: invalid syntax
2025-08-18 19:43:55,912 cblogger [ERROR]: 		Error while extracting halsted code metrics: invalid syntax (<unknown>, line 14)
Traceback (most recent call last):
  File "/root/QuestionInsight/Etapa_1/codebench-mining-tool/util.py", line 569, in extract_halstead_metrics
    h = h_visit(code)
        ^^^^^^^^^^^^^
  File "/root/QuestionInsight/.venv/lib/python3.12/site-packages/radon/metrics.py", line 29, in h_visit
    return h_visit_ast(ast.parse(code))
                       ^^^^^^^^^^^^^^^
  File "/usr/lib/python3.12/ast.py", line 52, in parse
    return compile(source, filename, mode, flags,
           ^^^^^^^^^^^^^^^^^^^^^^^^^^^^^^^^^^^^^^
  File "<unknown>", line 14
    	msg = 
    	      ^
SyntaxError: invalid syntax
2025-08-18 19:43:55,996 cblogger [ERROR]: 		Error while extracting code complexity metrics: '(' was never closed (<unknown>, line 3)
Traceback (most recent call last):
  File "/root/QuestionInsight/Etapa_1/codebench-mining-tool/util.py", line 551, in extract_complexity_metrics
    v = ComplexityVisitor.from_code(code)
        ^^^^^^^^^^^^^^^^^^^^^^^^^^^^^^^^^
  File "/root/QuestionInsight/.venv/lib/python3.12/site-packages/radon/visitors.py", line 133, in from_code
    return cls.from_ast(code2ast(code), **kwargs)
                        ^^^^^^^^^^^^^^
  File "/root/QuestionInsight/.venv/lib/python3.12/site-packages/radon/visitors.py", line 48, in code2ast
    return ast.parse(source)
           ^^^^^^^^^^^^^^^^^
  File "/usr/lib/python3.12/ast.py", line 52, in parse
    return compile(source, filename, mode, flags,
           ^^^^^^^^^^^^^^^^^^^^^^^^^^^^^^^^^^^^^^
  File "<unknown>", line 3
    An = float(abs(input("digite o angulo:"))
              ^
SyntaxError: '(' was never closed
2025-08-18 19:43:55,997 cblogger [ERROR]: 		Error while extracting code size based metrics: SyntaxError at line: 3
Traceback (most recent call last):
  File "/root/QuestionInsight/.venv/lib/python3.12/site-packages/radon/raw.py", line 210, in analyze
    tokens, parsed_lines = _get_all_tokens(line, lines)
                           ^^^^^^^^^^^^^^^^^^^^^^^^^^^^
  File "/root/QuestionInsight/.venv/lib/python3.12/site-packages/radon/raw.py", line 117, in _get_all_tokens
    next_line = next(lines)
                ^^^^^^^^^^^
StopIteration

During handling of the above exception, another exception occurred:

Traceback (most recent call last):
  File "/root/QuestionInsight/Etapa_1/codebench-mining-tool/util.py", line 560, in extract_size_metrics
    a = analyze(code)
        ^^^^^^^^^^^^^
  File "/root/QuestionInsight/.venv/lib/python3.12/site-packages/radon/raw.py", line 212, in analyze
    raise SyntaxError('SyntaxError at line: {0}'.format(lineno))
SyntaxError: SyntaxError at line: 3
2025-08-18 19:43:55,997 cblogger [ERROR]: 		Error while extracting halsted code metrics: '(' was never closed (<unknown>, line 3)
Traceback (most recent call last):
  File "/root/QuestionInsight/Etapa_1/codebench-mining-tool/util.py", line 569, in extract_halstead_metrics
    h = h_visit(code)
        ^^^^^^^^^^^^^
  File "/root/QuestionInsight/.venv/lib/python3.12/site-packages/radon/metrics.py", line 29, in h_visit
    return h_visit_ast(ast.parse(code))
                       ^^^^^^^^^^^^^^^
  File "/usr/lib/python3.12/ast.py", line 52, in parse
    return compile(source, filename, mode, flags,
           ^^^^^^^^^^^^^^^^^^^^^^^^^^^^^^^^^^^^^^
  File "<unknown>", line 3
    An = float(abs(input("digite o angulo:"))
              ^
SyntaxError: '(' was never closed
2025-08-18 19:43:56,019 cblogger [ERROR]: 		Error while extracting code complexity metrics: invalid syntax (<unknown>, line 2)
Traceback (most recent call last):
  File "/root/QuestionInsight/Etapa_1/codebench-mining-tool/util.py", line 551, in extract_complexity_metrics
    v = ComplexityVisitor.from_code(code)
        ^^^^^^^^^^^^^^^^^^^^^^^^^^^^^^^^^
  File "/root/QuestionInsight/.venv/lib/python3.12/site-packages/radon/visitors.py", line 133, in from_code
    return cls.from_ast(code2ast(code), **kwargs)
                        ^^^^^^^^^^^^^^
  File "/root/QuestionInsight/.venv/lib/python3.12/site-packages/radon/visitors.py", line 48, in code2ast
    return ast.parse(source)
           ^^^^^^^^^^^^^^^^^
  File "/usr/lib/python3.12/ast.py", line 52, in parse
    return compile(source, filename, mode, flags,
           ^^^^^^^^^^^^^^^^^^^^^^^^^^^^^^^^^^^^^^
  File "<unknown>", line 2
    XXX = 
          ^
SyntaxError: invalid syntax
2025-08-18 19:43:56,019 cblogger [ERROR]: 		Error while extracting halsted code metrics: invalid syntax (<unknown>, line 2)
Traceback (most recent call last):
  File "/root/QuestionInsight/Etapa_1/codebench-mining-tool/util.py", line 569, in extract_halstead_metrics
    h = h_visit(code)
        ^^^^^^^^^^^^^
  File "/root/QuestionInsight/.venv/lib/python3.12/site-packages/radon/metrics.py", line 29, in h_visit
    return h_visit_ast(ast.parse(code))
                       ^^^^^^^^^^^^^^^
  File "/usr/lib/python3.12/ast.py", line 52, in parse
    return compile(source, filename, mode, flags,
           ^^^^^^^^^^^^^^^^^^^^^^^^^^^^^^^^^^^^^^
  File "<unknown>", line 2
    XXX = 
          ^
SyntaxError: invalid syntax
2025-08-18 19:43:56,022 cblogger [ERROR]: 		Error while extracting code complexity metrics: invalid syntax (<unknown>, line 2)
Traceback (most recent call last):
  File "/root/QuestionInsight/Etapa_1/codebench-mining-tool/util.py", line 551, in extract_complexity_metrics
    v = ComplexityVisitor.from_code(code)
        ^^^^^^^^^^^^^^^^^^^^^^^^^^^^^^^^^
  File "/root/QuestionInsight/.venv/lib/python3.12/site-packages/radon/visitors.py", line 133, in from_code
    return cls.from_ast(code2ast(code), **kwargs)
                        ^^^^^^^^^^^^^^
  File "/root/QuestionInsight/.venv/lib/python3.12/site-packages/radon/visitors.py", line 48, in code2ast
    return ast.parse(source)
           ^^^^^^^^^^^^^^^^^
  File "/usr/lib/python3.12/ast.py", line 52, in parse
    return compile(source, filename, mode, flags,
           ^^^^^^^^^^^^^^^^^^^^^^^^^^^^^^^^^^^^^^
  File "<unknown>", line 2
    tg =
        ^
SyntaxError: invalid syntax
2025-08-18 19:43:56,022 cblogger [ERROR]: 		Error while extracting halsted code metrics: invalid syntax (<unknown>, line 2)
Traceback (most recent call last):
  File "/root/QuestionInsight/Etapa_1/codebench-mining-tool/util.py", line 569, in extract_halstead_metrics
    h = h_visit(code)
        ^^^^^^^^^^^^^
  File "/root/QuestionInsight/.venv/lib/python3.12/site-packages/radon/metrics.py", line 29, in h_visit
    return h_visit_ast(ast.parse(code))
                       ^^^^^^^^^^^^^^^
  File "/usr/lib/python3.12/ast.py", line 52, in parse
    return compile(source, filename, mode, flags,
           ^^^^^^^^^^^^^^^^^^^^^^^^^^^^^^^^^^^^^^
  File "<unknown>", line 2
    tg =
        ^
SyntaxError: invalid syntax
2025-08-18 19:43:56,025 cblogger [ERROR]: 		Error while extracting code complexity metrics: expected an indented block after 'while' statement on line 5 (<unknown>, line 6)
Traceback (most recent call last):
  File "/root/QuestionInsight/Etapa_1/codebench-mining-tool/util.py", line 551, in extract_complexity_metrics
    v = ComplexityVisitor.from_code(code)
        ^^^^^^^^^^^^^^^^^^^^^^^^^^^^^^^^^
  File "/root/QuestionInsight/.venv/lib/python3.12/site-packages/radon/visitors.py", line 133, in from_code
    return cls.from_ast(code2ast(code), **kwargs)
                        ^^^^^^^^^^^^^^
  File "/root/QuestionInsight/.venv/lib/python3.12/site-packages/radon/visitors.py", line 48, in code2ast
    return ast.parse(source)
           ^^^^^^^^^^^^^^^^^
  File "/usr/lib/python3.12/ast.py", line 52, in parse
    return compile(source, filename, mode, flags,
           ^^^^^^^^^^^^^^^^^^^^^^^^^^^^^^^^^^^^^^
  File "<unknown>", line 6
    soma = soma + n
    ^^^^
IndentationError: expected an indented block after 'while' statement on line 5
2025-08-18 19:43:56,025 cblogger [ERROR]: 		Error while extracting halsted code metrics: expected an indented block after 'while' statement on line 5 (<unknown>, line 6)
Traceback (most recent call last):
  File "/root/QuestionInsight/Etapa_1/codebench-mining-tool/util.py", line 569, in extract_halstead_metrics
    h = h_visit(code)
        ^^^^^^^^^^^^^
  File "/root/QuestionInsight/.venv/lib/python3.12/site-packages/radon/metrics.py", line 29, in h_visit
    return h_visit_ast(ast.parse(code))
                       ^^^^^^^^^^^^^^^
  File "/usr/lib/python3.12/ast.py", line 52, in parse
    return compile(source, filename, mode, flags,
           ^^^^^^^^^^^^^^^^^^^^^^^^^^^^^^^^^^^^^^
  File "<unknown>", line 6
    soma = soma + n
    ^^^^
IndentationError: expected an indented block after 'while' statement on line 5
2025-08-18 19:43:56,038 cblogger [ERROR]: 		Error while extracting code complexity metrics: invalid syntax (<unknown>, line 7)
Traceback (most recent call last):
  File "/root/QuestionInsight/Etapa_1/codebench-mining-tool/util.py", line 551, in extract_complexity_metrics
    v = ComplexityVisitor.from_code(code)
        ^^^^^^^^^^^^^^^^^^^^^^^^^^^^^^^^^
  File "/root/QuestionInsight/.venv/lib/python3.12/site-packages/radon/visitors.py", line 133, in from_code
    return cls.from_ast(code2ast(code), **kwargs)
                        ^^^^^^^^^^^^^^
  File "/root/QuestionInsight/.venv/lib/python3.12/site-packages/radon/visitors.py", line 48, in code2ast
    return ast.parse(source)
           ^^^^^^^^^^^^^^^^^
  File "/usr/lib/python3.12/ast.py", line 52, in parse
    return compile(source, filename, mode, flags,
           ^^^^^^^^^^^^^^^^^^^^^^^^^^^^^^^^^^^^^^
  File "<unknown>", line 7
    	rodadas = 
    	          ^
SyntaxError: invalid syntax
2025-08-18 19:43:56,040 cblogger [ERROR]: 		Error while extracting halsted code metrics: invalid syntax (<unknown>, line 7)
Traceback (most recent call last):
  File "/root/QuestionInsight/Etapa_1/codebench-mining-tool/util.py", line 569, in extract_halstead_metrics
    h = h_visit(code)
        ^^^^^^^^^^^^^
  File "/root/QuestionInsight/.venv/lib/python3.12/site-packages/radon/metrics.py", line 29, in h_visit
    return h_visit_ast(ast.parse(code))
                       ^^^^^^^^^^^^^^^
  File "/usr/lib/python3.12/ast.py", line 52, in parse
    return compile(source, filename, mode, flags,
           ^^^^^^^^^^^^^^^^^^^^^^^^^^^^^^^^^^^^^^
  File "<unknown>", line 7
    	rodadas = 
    	          ^
SyntaxError: invalid syntax
2025-08-18 19:43:56,224 cblogger [ERROR]: 		Error while extracting code complexity metrics: invalid syntax. Perhaps you forgot a comma? (<unknown>, line 9)
Traceback (most recent call last):
  File "/root/QuestionInsight/Etapa_1/codebench-mining-tool/util.py", line 551, in extract_complexity_metrics
    v = ComplexityVisitor.from_code(code)
        ^^^^^^^^^^^^^^^^^^^^^^^^^^^^^^^^^
  File "/root/QuestionInsight/.venv/lib/python3.12/site-packages/radon/visitors.py", line 133, in from_code
    return cls.from_ast(code2ast(code), **kwargs)
                        ^^^^^^^^^^^^^^
  File "/root/QuestionInsight/.venv/lib/python3.12/site-packages/radon/visitors.py", line 48, in code2ast
    return ast.parse(source)
           ^^^^^^^^^^^^^^^^^
  File "/usr/lib/python3.12/ast.py", line 52, in parse
    return compile(source, filename, mode, flags,
           ^^^^^^^^^^^^^^^^^^^^^^^^^^^^^^^^^^^^^^
  File "<unknown>", line 9
    while (CONDIÇÃO DO LAÇO):
           ^^^^^^^^^^^
SyntaxError: invalid syntax. Perhaps you forgot a comma?
2025-08-18 19:43:56,225 cblogger [ERROR]: 		Error while extracting halsted code metrics: invalid syntax. Perhaps you forgot a comma? (<unknown>, line 9)
Traceback (most recent call last):
  File "/root/QuestionInsight/Etapa_1/codebench-mining-tool/util.py", line 569, in extract_halstead_metrics
    h = h_visit(code)
        ^^^^^^^^^^^^^
  File "/root/QuestionInsight/.venv/lib/python3.12/site-packages/radon/metrics.py", line 29, in h_visit
    return h_visit_ast(ast.parse(code))
                       ^^^^^^^^^^^^^^^
  File "/usr/lib/python3.12/ast.py", line 52, in parse
    return compile(source, filename, mode, flags,
           ^^^^^^^^^^^^^^^^^^^^^^^^^^^^^^^^^^^^^^
  File "<unknown>", line 9
    while (CONDIÇÃO DO LAÇO):
           ^^^^^^^^^^^
SyntaxError: invalid syntax. Perhaps you forgot a comma?
2025-08-18 19:43:56,272 cblogger [ERROR]: 		Error while extracting code complexity metrics: cannot assign to expression here. Maybe you meant '==' instead of '='? (<unknown>, line 4)
Traceback (most recent call last):
  File "/root/QuestionInsight/Etapa_1/codebench-mining-tool/util.py", line 551, in extract_complexity_metrics
    v = ComplexityVisitor.from_code(code)
        ^^^^^^^^^^^^^^^^^^^^^^^^^^^^^^^^^
  File "/root/QuestionInsight/.venv/lib/python3.12/site-packages/radon/visitors.py", line 133, in from_code
    return cls.from_ast(code2ast(code), **kwargs)
                        ^^^^^^^^^^^^^^
  File "/root/QuestionInsight/.venv/lib/python3.12/site-packages/radon/visitors.py", line 48, in code2ast
    return ast.parse(source)
           ^^^^^^^^^^^^^^^^^
  File "/usr/lib/python3.12/ast.py", line 52, in parse
    return compile(source, filename, mode, flags,
           ^^^^^^^^^^^^^^^^^^^^^^^^^^^^^^^^^^^^^^
  File "<unknown>", line 4
    if (2*x+y=3):
        ^^^^^
SyntaxError: cannot assign to expression here. Maybe you meant '==' instead of '='?
2025-08-18 19:43:56,273 cblogger [ERROR]: 		Error while extracting halsted code metrics: cannot assign to expression here. Maybe you meant '==' instead of '='? (<unknown>, line 4)
Traceback (most recent call last):
  File "/root/QuestionInsight/Etapa_1/codebench-mining-tool/util.py", line 569, in extract_halstead_metrics
    h = h_visit(code)
        ^^^^^^^^^^^^^
  File "/root/QuestionInsight/.venv/lib/python3.12/site-packages/radon/metrics.py", line 29, in h_visit
    return h_visit_ast(ast.parse(code))
                       ^^^^^^^^^^^^^^^
  File "/usr/lib/python3.12/ast.py", line 52, in parse
    return compile(source, filename, mode, flags,
           ^^^^^^^^^^^^^^^^^^^^^^^^^^^^^^^^^^^^^^
  File "<unknown>", line 4
    if (2*x+y=3):
        ^^^^^
SyntaxError: cannot assign to expression here. Maybe you meant '==' instead of '='?
2025-08-18 19:43:56,274 cblogger [ERROR]: 		Error while extracting code complexity metrics: invalid syntax (<unknown>, line 5)
Traceback (most recent call last):
  File "/root/QuestionInsight/Etapa_1/codebench-mining-tool/util.py", line 551, in extract_complexity_metrics
    v = ComplexityVisitor.from_code(code)
        ^^^^^^^^^^^^^^^^^^^^^^^^^^^^^^^^^
  File "/root/QuestionInsight/.venv/lib/python3.12/site-packages/radon/visitors.py", line 133, in from_code
    return cls.from_ast(code2ast(code), **kwargs)
                        ^^^^^^^^^^^^^^
  File "/root/QuestionInsight/.venv/lib/python3.12/site-packages/radon/visitors.py", line 48, in code2ast
    return ast.parse(source)
           ^^^^^^^^^^^^^^^^^
  File "/usr/lib/python3.12/ast.py", line 52, in parse
    return compile(source, filename, mode, flags,
           ^^^^^^^^^^^^^^^^^^^^^^^^^^^^^^^^^^^^^^
  File "<unknown>", line 5
    from marth 
               ^
SyntaxError: invalid syntax
2025-08-18 19:43:56,275 cblogger [ERROR]: 		Error while extracting halsted code metrics: invalid syntax (<unknown>, line 5)
Traceback (most recent call last):
  File "/root/QuestionInsight/Etapa_1/codebench-mining-tool/util.py", line 569, in extract_halstead_metrics
    h = h_visit(code)
        ^^^^^^^^^^^^^
  File "/root/QuestionInsight/.venv/lib/python3.12/site-packages/radon/metrics.py", line 29, in h_visit
    return h_visit_ast(ast.parse(code))
                       ^^^^^^^^^^^^^^^
  File "/usr/lib/python3.12/ast.py", line 52, in parse
    return compile(source, filename, mode, flags,
           ^^^^^^^^^^^^^^^^^^^^^^^^^^^^^^^^^^^^^^
  File "<unknown>", line 5
    from marth 
               ^
SyntaxError: invalid syntax
2025-08-18 19:43:56,279 cblogger [ERROR]: 		Error while extracting code complexity metrics: invalid syntax. Perhaps you forgot a comma? (<unknown>, line 11)
Traceback (most recent call last):
  File "/root/QuestionInsight/Etapa_1/codebench-mining-tool/util.py", line 551, in extract_complexity_metrics
    v = ComplexityVisitor.from_code(code)
        ^^^^^^^^^^^^^^^^^^^^^^^^^^^^^^^^^
  File "/root/QuestionInsight/.venv/lib/python3.12/site-packages/radon/visitors.py", line 133, in from_code
    return cls.from_ast(code2ast(code), **kwargs)
                        ^^^^^^^^^^^^^^
  File "/root/QuestionInsight/.venv/lib/python3.12/site-packages/radon/visitors.py", line 48, in code2ast
    return ast.parse(source)
           ^^^^^^^^^^^^^^^^^
  File "/usr/lib/python3.12/ast.py", line 52, in parse
    return compile(source, filename, mode, flags,
           ^^^^^^^^^^^^^^^^^^^^^^^^^^^^^^^^^^^^^^
  File "<unknown>", line 11
    	if (CONDIÇÃO DE PARIDADE):
    	    ^^^^^^^^^^^
SyntaxError: invalid syntax. Perhaps you forgot a comma?
2025-08-18 19:43:56,280 cblogger [ERROR]: 		Error while extracting halsted code metrics: invalid syntax. Perhaps you forgot a comma? (<unknown>, line 11)
Traceback (most recent call last):
  File "/root/QuestionInsight/Etapa_1/codebench-mining-tool/util.py", line 569, in extract_halstead_metrics
    h = h_visit(code)
        ^^^^^^^^^^^^^
  File "/root/QuestionInsight/.venv/lib/python3.12/site-packages/radon/metrics.py", line 29, in h_visit
    return h_visit_ast(ast.parse(code))
                       ^^^^^^^^^^^^^^^
  File "/usr/lib/python3.12/ast.py", line 52, in parse
    return compile(source, filename, mode, flags,
           ^^^^^^^^^^^^^^^^^^^^^^^^^^^^^^^^^^^^^^
  File "<unknown>", line 11
    	if (CONDIÇÃO DE PARIDADE):
    	    ^^^^^^^^^^^
SyntaxError: invalid syntax. Perhaps you forgot a comma?
2025-08-18 19:43:56,283 cblogger [ERROR]: 		Error while extracting code complexity metrics: unterminated string literal (detected at line 5) (<unknown>, line 5)
Traceback (most recent call last):
  File "/root/QuestionInsight/Etapa_1/codebench-mining-tool/util.py", line 551, in extract_complexity_metrics
    v = ComplexityVisitor.from_code(code)
        ^^^^^^^^^^^^^^^^^^^^^^^^^^^^^^^^^
  File "/root/QuestionInsight/.venv/lib/python3.12/site-packages/radon/visitors.py", line 133, in from_code
    return cls.from_ast(code2ast(code), **kwargs)
                        ^^^^^^^^^^^^^^
  File "/root/QuestionInsight/.venv/lib/python3.12/site-packages/radon/visitors.py", line 48, in code2ast
    return ast.parse(source)
           ^^^^^^^^^^^^^^^^^
  File "/usr/lib/python3.12/ast.py", line 52, in parse
    return compile(source, filename, mode, flags,
           ^^^^^^^^^^^^^^^^^^^^^^^^^^^^^^^^^^^^^^
  File "<unknown>", line 5
    print (input(B ("base maior trapezio)))
                    ^
SyntaxError: unterminated string literal (detected at line 5)
2025-08-18 19:43:56,285 cblogger [ERROR]: 		Error while extracting code size based metrics: SyntaxError at line: 5
Traceback (most recent call last):
  File "/root/QuestionInsight/.venv/lib/python3.12/site-packages/radon/raw.py", line 210, in analyze
    tokens, parsed_lines = _get_all_tokens(line, lines)
                           ^^^^^^^^^^^^^^^^^^^^^^^^^^^^
  File "/root/QuestionInsight/.venv/lib/python3.12/site-packages/radon/raw.py", line 117, in _get_all_tokens
    next_line = next(lines)
                ^^^^^^^^^^^
StopIteration

During handling of the above exception, another exception occurred:

Traceback (most recent call last):
  File "/root/QuestionInsight/Etapa_1/codebench-mining-tool/util.py", line 560, in extract_size_metrics
    a = analyze(code)
        ^^^^^^^^^^^^^
  File "/root/QuestionInsight/.venv/lib/python3.12/site-packages/radon/raw.py", line 212, in analyze
    raise SyntaxError('SyntaxError at line: {0}'.format(lineno))
SyntaxError: SyntaxError at line: 5
2025-08-18 19:43:56,285 cblogger [ERROR]: 		Error while extracting halsted code metrics: unterminated string literal (detected at line 5) (<unknown>, line 5)
Traceback (most recent call last):
  File "/root/QuestionInsight/Etapa_1/codebench-mining-tool/util.py", line 569, in extract_halstead_metrics
    h = h_visit(code)
        ^^^^^^^^^^^^^
  File "/root/QuestionInsight/.venv/lib/python3.12/site-packages/radon/metrics.py", line 29, in h_visit
    return h_visit_ast(ast.parse(code))
                       ^^^^^^^^^^^^^^^
  File "/usr/lib/python3.12/ast.py", line 52, in parse
    return compile(source, filename, mode, flags,
           ^^^^^^^^^^^^^^^^^^^^^^^^^^^^^^^^^^^^^^
  File "<unknown>", line 5
    print (input(B ("base maior trapezio)))
                    ^
SyntaxError: unterminated string literal (detected at line 5)
2025-08-18 19:43:56,287 cblogger [ERROR]: 		Error while extracting code complexity metrics: invalid syntax (<unknown>, line 1)
Traceback (most recent call last):
  File "/root/QuestionInsight/Etapa_1/codebench-mining-tool/util.py", line 551, in extract_complexity_metrics
    v = ComplexityVisitor.from_code(code)
        ^^^^^^^^^^^^^^^^^^^^^^^^^^^^^^^^^
  File "/root/QuestionInsight/.venv/lib/python3.12/site-packages/radon/visitors.py", line 133, in from_code
    return cls.from_ast(code2ast(code), **kwargs)
                        ^^^^^^^^^^^^^^
  File "/root/QuestionInsight/.venv/lib/python3.12/site-packages/radon/visitors.py", line 48, in code2ast
    return ast.parse(source)
           ^^^^^^^^^^^^^^^^^
  File "/usr/lib/python3.12/ast.py", line 52, in parse
    return compile(source, filename, mode, flags,
           ^^^^^^^^^^^^^^^^^^^^^^^^^^^^^^^^^^^^^^
  File "<unknown>", line 1
    var1 =
          ^
SyntaxError: invalid syntax
2025-08-18 19:43:56,287 cblogger [ERROR]: 		Error while extracting halsted code metrics: invalid syntax (<unknown>, line 1)
Traceback (most recent call last):
  File "/root/QuestionInsight/Etapa_1/codebench-mining-tool/util.py", line 569, in extract_halstead_metrics
    h = h_visit(code)
        ^^^^^^^^^^^^^
  File "/root/QuestionInsight/.venv/lib/python3.12/site-packages/radon/metrics.py", line 29, in h_visit
    return h_visit_ast(ast.parse(code))
                       ^^^^^^^^^^^^^^^
  File "/usr/lib/python3.12/ast.py", line 52, in parse
    return compile(source, filename, mode, flags,
           ^^^^^^^^^^^^^^^^^^^^^^^^^^^^^^^^^^^^^^
  File "<unknown>", line 1
    var1 =
          ^
SyntaxError: invalid syntax
2025-08-18 19:43:56,326 cblogger [ERROR]: 		Error while extracting code complexity metrics: invalid syntax (<unknown>, line 15)
Traceback (most recent call last):
  File "/root/QuestionInsight/Etapa_1/codebench-mining-tool/util.py", line 551, in extract_complexity_metrics
    v = ComplexityVisitor.from_code(code)
        ^^^^^^^^^^^^^^^^^^^^^^^^^^^^^^^^^
  File "/root/QuestionInsight/.venv/lib/python3.12/site-packages/radon/visitors.py", line 133, in from_code
    return cls.from_ast(code2ast(code), **kwargs)
                        ^^^^^^^^^^^^^^
  File "/root/QuestionInsight/.venv/lib/python3.12/site-packages/radon/visitors.py", line 48, in code2ast
    return ast.parse(source)
           ^^^^^^^^^^^^^^^^^
  File "/usr/lib/python3.12/ast.py", line 52, in parse
    return compile(source, filename, mode, flags,
           ^^^^^^^^^^^^^^^^^^^^^^^^^^^^^^^^^^^^^^
  File "<unknown>", line 15
    elif(vendas > 3000 and ):
                           ^
SyntaxError: invalid syntax
2025-08-18 19:43:56,327 cblogger [ERROR]: 		Error while extracting halsted code metrics: invalid syntax (<unknown>, line 15)
Traceback (most recent call last):
  File "/root/QuestionInsight/Etapa_1/codebench-mining-tool/util.py", line 569, in extract_halstead_metrics
    h = h_visit(code)
        ^^^^^^^^^^^^^
  File "/root/QuestionInsight/.venv/lib/python3.12/site-packages/radon/metrics.py", line 29, in h_visit
    return h_visit_ast(ast.parse(code))
                       ^^^^^^^^^^^^^^^
  File "/usr/lib/python3.12/ast.py", line 52, in parse
    return compile(source, filename, mode, flags,
           ^^^^^^^^^^^^^^^^^^^^^^^^^^^^^^^^^^^^^^
  File "<unknown>", line 15
    elif(vendas > 3000 and ):
                           ^
SyntaxError: invalid syntax
2025-08-18 19:43:56,353 cblogger [ERROR]: 		Error while extracting code complexity metrics: '(' was never closed (<unknown>, line 6)
Traceback (most recent call last):
  File "/root/QuestionInsight/Etapa_1/codebench-mining-tool/util.py", line 551, in extract_complexity_metrics
    v = ComplexityVisitor.from_code(code)
        ^^^^^^^^^^^^^^^^^^^^^^^^^^^^^^^^^
  File "/root/QuestionInsight/.venv/lib/python3.12/site-packages/radon/visitors.py", line 133, in from_code
    return cls.from_ast(code2ast(code), **kwargs)
                        ^^^^^^^^^^^^^^
  File "/root/QuestionInsight/.venv/lib/python3.12/site-packages/radon/visitors.py", line 48, in code2ast
    return ast.parse(source)
           ^^^^^^^^^^^^^^^^^
  File "/usr/lib/python3.12/ast.py", line 52, in parse
    return compile(source, filename, mode, flags,
           ^^^^^^^^^^^^^^^^^^^^^^^^^^^^^^^^^^^^^^
  File "<unknown>", line 6
    qd = float(input("digite a quantidade a ser destruida")
              ^
SyntaxError: '(' was never closed
2025-08-18 19:43:56,359 cblogger [ERROR]: 		Error while extracting code size based metrics: SyntaxError at line: 6
Traceback (most recent call last):
  File "/root/QuestionInsight/.venv/lib/python3.12/site-packages/radon/raw.py", line 210, in analyze
    tokens, parsed_lines = _get_all_tokens(line, lines)
                           ^^^^^^^^^^^^^^^^^^^^^^^^^^^^
  File "/root/QuestionInsight/.venv/lib/python3.12/site-packages/radon/raw.py", line 117, in _get_all_tokens
    next_line = next(lines)
                ^^^^^^^^^^^
StopIteration

During handling of the above exception, another exception occurred:

Traceback (most recent call last):
  File "/root/QuestionInsight/Etapa_1/codebench-mining-tool/util.py", line 560, in extract_size_metrics
    a = analyze(code)
        ^^^^^^^^^^^^^
  File "/root/QuestionInsight/.venv/lib/python3.12/site-packages/radon/raw.py", line 212, in analyze
    raise SyntaxError('SyntaxError at line: {0}'.format(lineno))
SyntaxError: SyntaxError at line: 6
2025-08-18 19:43:56,359 cblogger [ERROR]: 		Error while extracting halsted code metrics: '(' was never closed (<unknown>, line 6)
Traceback (most recent call last):
  File "/root/QuestionInsight/Etapa_1/codebench-mining-tool/util.py", line 569, in extract_halstead_metrics
    h = h_visit(code)
        ^^^^^^^^^^^^^
  File "/root/QuestionInsight/.venv/lib/python3.12/site-packages/radon/metrics.py", line 29, in h_visit
    return h_visit_ast(ast.parse(code))
                       ^^^^^^^^^^^^^^^
  File "/usr/lib/python3.12/ast.py", line 52, in parse
    return compile(source, filename, mode, flags,
           ^^^^^^^^^^^^^^^^^^^^^^^^^^^^^^^^^^^^^^
  File "<unknown>", line 6
    qd = float(input("digite a quantidade a ser destruida")
              ^
SyntaxError: '(' was never closed
2025-08-18 19:43:56,385 cblogger [ERROR]: 		Error while extracting code complexity metrics: invalid syntax (<unknown>, line 5)
Traceback (most recent call last):
  File "/root/QuestionInsight/Etapa_1/codebench-mining-tool/util.py", line 551, in extract_complexity_metrics
    v = ComplexityVisitor.from_code(code)
        ^^^^^^^^^^^^^^^^^^^^^^^^^^^^^^^^^
  File "/root/QuestionInsight/.venv/lib/python3.12/site-packages/radon/visitors.py", line 133, in from_code
    return cls.from_ast(code2ast(code), **kwargs)
                        ^^^^^^^^^^^^^^
  File "/root/QuestionInsight/.venv/lib/python3.12/site-packages/radon/visitors.py", line 48, in code2ast
    return ast.parse(source)
           ^^^^^^^^^^^^^^^^^
  File "/usr/lib/python3.12/ast.py", line 52, in parse
    return compile(source, filename, mode, flags,
           ^^^^^^^^^^^^^^^^^^^^^^^^^^^^^^^^^^^^^^
  File "<unknown>", line 5
    Quantidade_antidoto = 
                          ^
SyntaxError: invalid syntax
2025-08-18 19:43:56,386 cblogger [ERROR]: 		Error while extracting halsted code metrics: invalid syntax (<unknown>, line 5)
Traceback (most recent call last):
  File "/root/QuestionInsight/Etapa_1/codebench-mining-tool/util.py", line 569, in extract_halstead_metrics
    h = h_visit(code)
        ^^^^^^^^^^^^^
  File "/root/QuestionInsight/.venv/lib/python3.12/site-packages/radon/metrics.py", line 29, in h_visit
    return h_visit_ast(ast.parse(code))
                       ^^^^^^^^^^^^^^^
  File "/usr/lib/python3.12/ast.py", line 52, in parse
    return compile(source, filename, mode, flags,
           ^^^^^^^^^^^^^^^^^^^^^^^^^^^^^^^^^^^^^^
  File "<unknown>", line 5
    Quantidade_antidoto = 
                          ^
SyntaxError: invalid syntax
2025-08-18 19:43:56,587 cblogger [ERROR]: 		Error while extracting code complexity metrics: invalid syntax (<unknown>, line 3)
Traceback (most recent call last):
  File "/root/QuestionInsight/Etapa_1/codebench-mining-tool/util.py", line 551, in extract_complexity_metrics
    v = ComplexityVisitor.from_code(code)
        ^^^^^^^^^^^^^^^^^^^^^^^^^^^^^^^^^
  File "/root/QuestionInsight/.venv/lib/python3.12/site-packages/radon/visitors.py", line 133, in from_code
    return cls.from_ast(code2ast(code), **kwargs)
                        ^^^^^^^^^^^^^^
  File "/root/QuestionInsight/.venv/lib/python3.12/site-packages/radon/visitors.py", line 48, in code2ast
    return ast.parse(source)
           ^^^^^^^^^^^^^^^^^
  File "/usr/lib/python3.12/ast.py", line 52, in parse
    return compile(source, filename, mode, flags,
           ^^^^^^^^^^^^^^^^^^^^^^^^^^^^^^^^^^^^^^
  File "<unknown>", line 3
    numeros = 
              ^
SyntaxError: invalid syntax
2025-08-18 19:43:56,587 cblogger [ERROR]: 		Error while extracting halsted code metrics: invalid syntax (<unknown>, line 3)
Traceback (most recent call last):
  File "/root/QuestionInsight/Etapa_1/codebench-mining-tool/util.py", line 569, in extract_halstead_metrics
    h = h_visit(code)
        ^^^^^^^^^^^^^
  File "/root/QuestionInsight/.venv/lib/python3.12/site-packages/radon/metrics.py", line 29, in h_visit
    return h_visit_ast(ast.parse(code))
                       ^^^^^^^^^^^^^^^
  File "/usr/lib/python3.12/ast.py", line 52, in parse
    return compile(source, filename, mode, flags,
           ^^^^^^^^^^^^^^^^^^^^^^^^^^^^^^^^^^^^^^
  File "<unknown>", line 3
    numeros = 
              ^
SyntaxError: invalid syntax
2025-08-18 19:43:56,597 cblogger [ERROR]: 		Error while extracting code complexity metrics: expected an indented block after 'if' statement on line 5 (<unknown>, line 7)
Traceback (most recent call last):
  File "/root/QuestionInsight/Etapa_1/codebench-mining-tool/util.py", line 551, in extract_complexity_metrics
    v = ComplexityVisitor.from_code(code)
        ^^^^^^^^^^^^^^^^^^^^^^^^^^^^^^^^^
  File "/root/QuestionInsight/.venv/lib/python3.12/site-packages/radon/visitors.py", line 133, in from_code
    return cls.from_ast(code2ast(code), **kwargs)
                        ^^^^^^^^^^^^^^
  File "/root/QuestionInsight/.venv/lib/python3.12/site-packages/radon/visitors.py", line 48, in code2ast
    return ast.parse(source)
           ^^^^^^^^^^^^^^^^^
  File "/usr/lib/python3.12/ast.py", line 52, in parse
    return compile(source, filename, mode, flags,
           ^^^^^^^^^^^^^^^^^^^^^^^^^^^^^^^^^^^^^^
  File "<unknown>", line 7
    elif(salario == "pagamento") :
    ^^^^
IndentationError: expected an indented block after 'if' statement on line 5
2025-08-18 19:43:56,604 cblogger [ERROR]: 		Error while extracting halsted code metrics: expected an indented block after 'if' statement on line 5 (<unknown>, line 7)
Traceback (most recent call last):
  File "/root/QuestionInsight/Etapa_1/codebench-mining-tool/util.py", line 569, in extract_halstead_metrics
    h = h_visit(code)
        ^^^^^^^^^^^^^
  File "/root/QuestionInsight/.venv/lib/python3.12/site-packages/radon/metrics.py", line 29, in h_visit
    return h_visit_ast(ast.parse(code))
                       ^^^^^^^^^^^^^^^
  File "/usr/lib/python3.12/ast.py", line 52, in parse
    return compile(source, filename, mode, flags,
           ^^^^^^^^^^^^^^^^^^^^^^^^^^^^^^^^^^^^^^
  File "<unknown>", line 7
    elif(salario == "pagamento") :
    ^^^^
IndentationError: expected an indented block after 'if' statement on line 5
2025-08-18 19:43:56,608 cblogger [ERROR]: 		Error while extracting code complexity metrics: invalid syntax. Perhaps you forgot a comma? (<unknown>, line 16)
Traceback (most recent call last):
  File "/root/QuestionInsight/Etapa_1/codebench-mining-tool/util.py", line 551, in extract_complexity_metrics
    v = ComplexityVisitor.from_code(code)
        ^^^^^^^^^^^^^^^^^^^^^^^^^^^^^^^^^
  File "/root/QuestionInsight/.venv/lib/python3.12/site-packages/radon/visitors.py", line 133, in from_code
    return cls.from_ast(code2ast(code), **kwargs)
                        ^^^^^^^^^^^^^^
  File "/root/QuestionInsight/.venv/lib/python3.12/site-packages/radon/visitors.py", line 48, in code2ast
    return ast.parse(source)
           ^^^^^^^^^^^^^^^^^
  File "/usr/lib/python3.12/ast.py", line 52, in parse
    return compile(source, filename, mode, flags,
           ^^^^^^^^^^^^^^^^^^^^^^^^^^^^^^^^^^^^^^
  File "<unknown>", line 16
    if (___COMPLETE AQUI___):
        ^^^^^^^^^^^^^^^^^^^
SyntaxError: invalid syntax. Perhaps you forgot a comma?
2025-08-18 19:43:56,610 cblogger [ERROR]: 		Error while extracting halsted code metrics: invalid syntax. Perhaps you forgot a comma? (<unknown>, line 16)
Traceback (most recent call last):
  File "/root/QuestionInsight/Etapa_1/codebench-mining-tool/util.py", line 569, in extract_halstead_metrics
    h = h_visit(code)
        ^^^^^^^^^^^^^
  File "/root/QuestionInsight/.venv/lib/python3.12/site-packages/radon/metrics.py", line 29, in h_visit
    return h_visit_ast(ast.parse(code))
                       ^^^^^^^^^^^^^^^
  File "/usr/lib/python3.12/ast.py", line 52, in parse
    return compile(source, filename, mode, flags,
           ^^^^^^^^^^^^^^^^^^^^^^^^^^^^^^^^^^^^^^
  File "<unknown>", line 16
    if (___COMPLETE AQUI___):
        ^^^^^^^^^^^^^^^^^^^
SyntaxError: invalid syntax. Perhaps you forgot a comma?
2025-08-18 19:43:56,642 cblogger [ERROR]: 		Error while extracting code complexity metrics: invalid syntax (<unknown>, line 2)
Traceback (most recent call last):
  File "/root/QuestionInsight/Etapa_1/codebench-mining-tool/util.py", line 551, in extract_complexity_metrics
    v = ComplexityVisitor.from_code(code)
        ^^^^^^^^^^^^^^^^^^^^^^^^^^^^^^^^^
  File "/root/QuestionInsight/.venv/lib/python3.12/site-packages/radon/visitors.py", line 133, in from_code
    return cls.from_ast(code2ast(code), **kwargs)
                        ^^^^^^^^^^^^^^
  File "/root/QuestionInsight/.venv/lib/python3.12/site-packages/radon/visitors.py", line 48, in code2ast
    return ast.parse(source)
           ^^^^^^^^^^^^^^^^^
  File "/usr/lib/python3.12/ast.py", line 52, in parse
    return compile(source, filename, mode, flags,
           ^^^^^^^^^^^^^^^^^^^^^^^^^^^^^^^^^^^^^^
  File "<unknown>", line 2
    if: 
      ^
SyntaxError: invalid syntax
2025-08-18 19:43:56,642 cblogger [ERROR]: 		Error while extracting halsted code metrics: invalid syntax (<unknown>, line 2)
Traceback (most recent call last):
  File "/root/QuestionInsight/Etapa_1/codebench-mining-tool/util.py", line 569, in extract_halstead_metrics
    h = h_visit(code)
        ^^^^^^^^^^^^^
  File "/root/QuestionInsight/.venv/lib/python3.12/site-packages/radon/metrics.py", line 29, in h_visit
    return h_visit_ast(ast.parse(code))
                       ^^^^^^^^^^^^^^^
  File "/usr/lib/python3.12/ast.py", line 52, in parse
    return compile(source, filename, mode, flags,
           ^^^^^^^^^^^^^^^^^^^^^^^^^^^^^^^^^^^^^^
  File "<unknown>", line 2
    if: 
      ^
SyntaxError: invalid syntax
2025-08-18 19:43:56,691 cblogger [ERROR]: 		Error while extracting code complexity metrics: '(' was never closed (<unknown>, line 7)
Traceback (most recent call last):
  File "/root/QuestionInsight/Etapa_1/codebench-mining-tool/util.py", line 551, in extract_complexity_metrics
    v = ComplexityVisitor.from_code(code)
        ^^^^^^^^^^^^^^^^^^^^^^^^^^^^^^^^^
  File "/root/QuestionInsight/.venv/lib/python3.12/site-packages/radon/visitors.py", line 133, in from_code
    return cls.from_ast(code2ast(code), **kwargs)
                        ^^^^^^^^^^^^^^
  File "/root/QuestionInsight/.venv/lib/python3.12/site-packages/radon/visitors.py", line 48, in code2ast
    return ast.parse(source)
           ^^^^^^^^^^^^^^^^^
  File "/usr/lib/python3.12/ast.py", line 52, in parse
    return compile(source, filename, mode, flags,
           ^^^^^^^^^^^^^^^^^^^^^^^^^^^^^^^^^^^^^^
  File "<unknown>", line 7
    	soma = soma + (-real) ** (1 + 
    	                         ^
SyntaxError: '(' was never closed
2025-08-18 19:43:56,692 cblogger [ERROR]: 		Error while extracting code size based metrics: SyntaxError at line: 7
Traceback (most recent call last):
  File "/root/QuestionInsight/.venv/lib/python3.12/site-packages/radon/raw.py", line 210, in analyze
    tokens, parsed_lines = _get_all_tokens(line, lines)
                           ^^^^^^^^^^^^^^^^^^^^^^^^^^^^
  File "/root/QuestionInsight/.venv/lib/python3.12/site-packages/radon/raw.py", line 117, in _get_all_tokens
    next_line = next(lines)
                ^^^^^^^^^^^
StopIteration

During handling of the above exception, another exception occurred:

Traceback (most recent call last):
  File "/root/QuestionInsight/Etapa_1/codebench-mining-tool/util.py", line 560, in extract_size_metrics
    a = analyze(code)
        ^^^^^^^^^^^^^
  File "/root/QuestionInsight/.venv/lib/python3.12/site-packages/radon/raw.py", line 212, in analyze
    raise SyntaxError('SyntaxError at line: {0}'.format(lineno))
SyntaxError: SyntaxError at line: 7
2025-08-18 19:43:56,692 cblogger [ERROR]: 		Error while extracting halsted code metrics: '(' was never closed (<unknown>, line 7)
Traceback (most recent call last):
  File "/root/QuestionInsight/Etapa_1/codebench-mining-tool/util.py", line 569, in extract_halstead_metrics
    h = h_visit(code)
        ^^^^^^^^^^^^^
  File "/root/QuestionInsight/.venv/lib/python3.12/site-packages/radon/metrics.py", line 29, in h_visit
    return h_visit_ast(ast.parse(code))
                       ^^^^^^^^^^^^^^^
  File "/usr/lib/python3.12/ast.py", line 52, in parse
    return compile(source, filename, mode, flags,
           ^^^^^^^^^^^^^^^^^^^^^^^^^^^^^^^^^^^^^^
  File "<unknown>", line 7
    	soma = soma + (-real) ** (1 + 
    	                         ^
SyntaxError: '(' was never closed
2025-08-18 19:43:56,766 cblogger [ERROR]: 		Error while extracting code complexity metrics: invalid syntax (<unknown>, line 7)
Traceback (most recent call last):
  File "/root/QuestionInsight/Etapa_1/codebench-mining-tool/util.py", line 551, in extract_complexity_metrics
    v = ComplexityVisitor.from_code(code)
        ^^^^^^^^^^^^^^^^^^^^^^^^^^^^^^^^^
  File "/root/QuestionInsight/.venv/lib/python3.12/site-packages/radon/visitors.py", line 133, in from_code
    return cls.from_ast(code2ast(code), **kwargs)
                        ^^^^^^^^^^^^^^
  File "/root/QuestionInsight/.venv/lib/python3.12/site-packages/radon/visitors.py", line 48, in code2ast
    return ast.parse(source)
           ^^^^^^^^^^^^^^^^^
  File "/usr/lib/python3.12/ast.py", line 52, in parse
    return compile(source, filename, mode, flags,
           ^^^^^^^^^^^^^^^^^^^^^^^^^^^^^^^^^^^^^^
  File "<unknown>", line 7
    	total = jogadores[]	
    	                  ^
SyntaxError: invalid syntax
2025-08-18 19:43:56,767 cblogger [ERROR]: 		Error while extracting halsted code metrics: invalid syntax (<unknown>, line 7)
Traceback (most recent call last):
  File "/root/QuestionInsight/Etapa_1/codebench-mining-tool/util.py", line 569, in extract_halstead_metrics
    h = h_visit(code)
        ^^^^^^^^^^^^^
  File "/root/QuestionInsight/.venv/lib/python3.12/site-packages/radon/metrics.py", line 29, in h_visit
    return h_visit_ast(ast.parse(code))
                       ^^^^^^^^^^^^^^^
  File "/usr/lib/python3.12/ast.py", line 52, in parse
    return compile(source, filename, mode, flags,
           ^^^^^^^^^^^^^^^^^^^^^^^^^^^^^^^^^^^^^^
  File "<unknown>", line 7
    	total = jogadores[]	
    	                  ^
SyntaxError: invalid syntax
2025-08-18 19:43:56,789 cblogger [ERROR]: 		Error while extracting code complexity metrics: invalid syntax (<unknown>, line 5)
Traceback (most recent call last):
  File "/root/QuestionInsight/Etapa_1/codebench-mining-tool/util.py", line 551, in extract_complexity_metrics
    v = ComplexityVisitor.from_code(code)
        ^^^^^^^^^^^^^^^^^^^^^^^^^^^^^^^^^
  File "/root/QuestionInsight/.venv/lib/python3.12/site-packages/radon/visitors.py", line 133, in from_code
    return cls.from_ast(code2ast(code), **kwargs)
                        ^^^^^^^^^^^^^^
  File "/root/QuestionInsight/.venv/lib/python3.12/site-packages/radon/visitors.py", line 48, in code2ast
    return ast.parse(source)
           ^^^^^^^^^^^^^^^^^
  File "/usr/lib/python3.12/ast.py", line 52, in parse
    return compile(source, filename, mode, flags,
           ^^^^^^^^^^^^^^^^^^^^^^^^^^^^^^^^^^^^^^
  File "<unknown>", line 5
    diacerto = 
               ^
SyntaxError: invalid syntax
2025-08-18 19:43:56,790 cblogger [ERROR]: 		Error while extracting halsted code metrics: invalid syntax (<unknown>, line 5)
Traceback (most recent call last):
  File "/root/QuestionInsight/Etapa_1/codebench-mining-tool/util.py", line 569, in extract_halstead_metrics
    h = h_visit(code)
        ^^^^^^^^^^^^^
  File "/root/QuestionInsight/.venv/lib/python3.12/site-packages/radon/metrics.py", line 29, in h_visit
    return h_visit_ast(ast.parse(code))
                       ^^^^^^^^^^^^^^^
  File "/usr/lib/python3.12/ast.py", line 52, in parse
    return compile(source, filename, mode, flags,
           ^^^^^^^^^^^^^^^^^^^^^^^^^^^^^^^^^^^^^^
  File "<unknown>", line 5
    diacerto = 
               ^
SyntaxError: invalid syntax
2025-08-18 19:43:56,793 cblogger [ERROR]: 		Error while extracting code complexity metrics: expected ':' (<unknown>, line 4)
Traceback (most recent call last):
  File "/root/QuestionInsight/Etapa_1/codebench-mining-tool/util.py", line 551, in extract_complexity_metrics
    v = ComplexityVisitor.from_code(code)
        ^^^^^^^^^^^^^^^^^^^^^^^^^^^^^^^^^
  File "/root/QuestionInsight/.venv/lib/python3.12/site-packages/radon/visitors.py", line 133, in from_code
    return cls.from_ast(code2ast(code), **kwargs)
                        ^^^^^^^^^^^^^^
  File "/root/QuestionInsight/.venv/lib/python3.12/site-packages/radon/visitors.py", line 48, in code2ast
    return ast.parse(source)
           ^^^^^^^^^^^^^^^^^
  File "/usr/lib/python3.12/ast.py", line 52, in parse
    return compile(source, filename, mode, flags,
           ^^^^^^^^^^^^^^^^^^^^^^^^^^^^^^^^^^^^^^
  File "<unknown>", line 4
    while( 1 < size)
                    ^
SyntaxError: expected ':'
2025-08-18 19:43:56,794 cblogger [ERROR]: 		Error while extracting halsted code metrics: expected ':' (<unknown>, line 4)
Traceback (most recent call last):
  File "/root/QuestionInsight/Etapa_1/codebench-mining-tool/util.py", line 569, in extract_halstead_metrics
    h = h_visit(code)
        ^^^^^^^^^^^^^
  File "/root/QuestionInsight/.venv/lib/python3.12/site-packages/radon/metrics.py", line 29, in h_visit
    return h_visit_ast(ast.parse(code))
                       ^^^^^^^^^^^^^^^
  File "/usr/lib/python3.12/ast.py", line 52, in parse
    return compile(source, filename, mode, flags,
           ^^^^^^^^^^^^^^^^^^^^^^^^^^^^^^^^^^^^^^
  File "<unknown>", line 4
    while( 1 < size)
                    ^
SyntaxError: expected ':'
2025-08-18 19:43:56,804 cblogger [ERROR]: 		Error while extracting code complexity metrics: invalid syntax (<unknown>, line 5)
Traceback (most recent call last):
  File "/root/QuestionInsight/Etapa_1/codebench-mining-tool/util.py", line 551, in extract_complexity_metrics
    v = ComplexityVisitor.from_code(code)
        ^^^^^^^^^^^^^^^^^^^^^^^^^^^^^^^^^
  File "/root/QuestionInsight/.venv/lib/python3.12/site-packages/radon/visitors.py", line 133, in from_code
    return cls.from_ast(code2ast(code), **kwargs)
                        ^^^^^^^^^^^^^^
  File "/root/QuestionInsight/.venv/lib/python3.12/site-packages/radon/visitors.py", line 48, in code2ast
    return ast.parse(source)
           ^^^^^^^^^^^^^^^^^
  File "/usr/lib/python3.12/ast.py", line 52, in parse
    return compile(source, filename, mode, flags,
           ^^^^^^^^^^^^^^^^^^^^^^^^^^^^^^^^^^^^^^
  File "<unknown>", line 5
    vet = 
          ^
SyntaxError: invalid syntax
2025-08-18 19:43:56,805 cblogger [ERROR]: 		Error while extracting halsted code metrics: invalid syntax (<unknown>, line 5)
Traceback (most recent call last):
  File "/root/QuestionInsight/Etapa_1/codebench-mining-tool/util.py", line 569, in extract_halstead_metrics
    h = h_visit(code)
        ^^^^^^^^^^^^^
  File "/root/QuestionInsight/.venv/lib/python3.12/site-packages/radon/metrics.py", line 29, in h_visit
    return h_visit_ast(ast.parse(code))
                       ^^^^^^^^^^^^^^^
  File "/usr/lib/python3.12/ast.py", line 52, in parse
    return compile(source, filename, mode, flags,
           ^^^^^^^^^^^^^^^^^^^^^^^^^^^^^^^^^^^^^^
  File "<unknown>", line 5
    vet = 
          ^
SyntaxError: invalid syntax
2025-08-18 19:43:56,935 cblogger [ERROR]: 		Error while extracting code complexity metrics: invalid syntax (<unknown>, line 1)
Traceback (most recent call last):
  File "/root/QuestionInsight/Etapa_1/codebench-mining-tool/util.py", line 551, in extract_complexity_metrics
    v = ComplexityVisitor.from_code(code)
        ^^^^^^^^^^^^^^^^^^^^^^^^^^^^^^^^^
  File "/root/QuestionInsight/.venv/lib/python3.12/site-packages/radon/visitors.py", line 133, in from_code
    return cls.from_ast(code2ast(code), **kwargs)
                        ^^^^^^^^^^^^^^
  File "/root/QuestionInsight/.venv/lib/python3.12/site-packages/radon/visitors.py", line 48, in code2ast
    return ast.parse(source)
           ^^^^^^^^^^^^^^^^^
  File "/usr/lib/python3.12/ast.py", line 52, in parse
    return compile(source, filename, mode, flags,
           ^^^^^^^^^^^^^^^^^^^^^^^^^^^^^^^^^^^^^^
  File "<unknown>", line 1
    Ambrosio Rutra = float(input("quantidade de votos"))
             ^^^^^
SyntaxError: invalid syntax
2025-08-18 19:43:56,935 cblogger [ERROR]: 		Error while extracting halsted code metrics: invalid syntax (<unknown>, line 1)
Traceback (most recent call last):
  File "/root/QuestionInsight/Etapa_1/codebench-mining-tool/util.py", line 569, in extract_halstead_metrics
    h = h_visit(code)
        ^^^^^^^^^^^^^
  File "/root/QuestionInsight/.venv/lib/python3.12/site-packages/radon/metrics.py", line 29, in h_visit
    return h_visit_ast(ast.parse(code))
                       ^^^^^^^^^^^^^^^
  File "/usr/lib/python3.12/ast.py", line 52, in parse
    return compile(source, filename, mode, flags,
           ^^^^^^^^^^^^^^^^^^^^^^^^^^^^^^^^^^^^^^
  File "<unknown>", line 1
    Ambrosio Rutra = float(input("quantidade de votos"))
             ^^^^^
SyntaxError: invalid syntax
2025-08-18 19:43:56,971 cblogger [ERROR]: 		Error while extracting code complexity metrics: invalid syntax (<unknown>, line 2)
Traceback (most recent call last):
  File "/root/QuestionInsight/Etapa_1/codebench-mining-tool/util.py", line 551, in extract_complexity_metrics
    v = ComplexityVisitor.from_code(code)
        ^^^^^^^^^^^^^^^^^^^^^^^^^^^^^^^^^
  File "/root/QuestionInsight/.venv/lib/python3.12/site-packages/radon/visitors.py", line 133, in from_code
    return cls.from_ast(code2ast(code), **kwargs)
                        ^^^^^^^^^^^^^^
  File "/root/QuestionInsight/.venv/lib/python3.12/site-packages/radon/visitors.py", line 48, in code2ast
    return ast.parse(source)
           ^^^^^^^^^^^^^^^^^
  File "/usr/lib/python3.12/ast.py", line 52, in parse
    return compile(source, filename, mode, flags,
           ^^^^^^^^^^^^^^^^^^^^^^^^^^^^^^^^^^^^^^
  File "<unknown>", line 2
    carga horaria =int(input(0))
          ^^^^^^^
SyntaxError: invalid syntax
2025-08-18 19:43:56,971 cblogger [ERROR]: 		Error while extracting halsted code metrics: invalid syntax (<unknown>, line 2)
Traceback (most recent call last):
  File "/root/QuestionInsight/Etapa_1/codebench-mining-tool/util.py", line 569, in extract_halstead_metrics
    h = h_visit(code)
        ^^^^^^^^^^^^^
  File "/root/QuestionInsight/.venv/lib/python3.12/site-packages/radon/metrics.py", line 29, in h_visit
    return h_visit_ast(ast.parse(code))
                       ^^^^^^^^^^^^^^^
  File "/usr/lib/python3.12/ast.py", line 52, in parse
    return compile(source, filename, mode, flags,
           ^^^^^^^^^^^^^^^^^^^^^^^^^^^^^^^^^^^^^^
  File "<unknown>", line 2
    carga horaria =int(input(0))
          ^^^^^^^
SyntaxError: invalid syntax
2025-08-18 19:43:56,974 cblogger [ERROR]: 		Error while extracting code complexity metrics: unterminated string literal (detected at line 4) (<unknown>, line 4)
Traceback (most recent call last):
  File "/root/QuestionInsight/Etapa_1/codebench-mining-tool/util.py", line 551, in extract_complexity_metrics
    v = ComplexityVisitor.from_code(code)
        ^^^^^^^^^^^^^^^^^^^^^^^^^^^^^^^^^
  File "/root/QuestionInsight/.venv/lib/python3.12/site-packages/radon/visitors.py", line 133, in from_code
    return cls.from_ast(code2ast(code), **kwargs)
                        ^^^^^^^^^^^^^^
  File "/root/QuestionInsight/.venv/lib/python3.12/site-packages/radon/visitors.py", line 48, in code2ast
    return ast.parse(source)
           ^^^^^^^^^^^^^^^^^
  File "/usr/lib/python3.12/ast.py", line 52, in parse
    return compile(source, filename, mode, flags,
           ^^^^^^^^^^^^^^^^^^^^^^^^^^^^^^^^^^^^^^
  File "<unknown>", line 4
    semi_eixo_maior_a = int(input("comprimento semi eixo maior))
                                  ^
SyntaxError: unterminated string literal (detected at line 4)
2025-08-18 19:43:56,975 cblogger [ERROR]: 		Error while extracting code size based metrics: SyntaxError at line: 4
Traceback (most recent call last):
  File "/root/QuestionInsight/.venv/lib/python3.12/site-packages/radon/raw.py", line 210, in analyze
    tokens, parsed_lines = _get_all_tokens(line, lines)
                           ^^^^^^^^^^^^^^^^^^^^^^^^^^^^
  File "/root/QuestionInsight/.venv/lib/python3.12/site-packages/radon/raw.py", line 117, in _get_all_tokens
    next_line = next(lines)
                ^^^^^^^^^^^
StopIteration

During handling of the above exception, another exception occurred:

Traceback (most recent call last):
  File "/root/QuestionInsight/Etapa_1/codebench-mining-tool/util.py", line 560, in extract_size_metrics
    a = analyze(code)
        ^^^^^^^^^^^^^
  File "/root/QuestionInsight/.venv/lib/python3.12/site-packages/radon/raw.py", line 212, in analyze
    raise SyntaxError('SyntaxError at line: {0}'.format(lineno))
SyntaxError: SyntaxError at line: 4
2025-08-18 19:43:56,975 cblogger [ERROR]: 		Error while extracting halsted code metrics: unterminated string literal (detected at line 4) (<unknown>, line 4)
Traceback (most recent call last):
  File "/root/QuestionInsight/Etapa_1/codebench-mining-tool/util.py", line 569, in extract_halstead_metrics
    h = h_visit(code)
        ^^^^^^^^^^^^^
  File "/root/QuestionInsight/.venv/lib/python3.12/site-packages/radon/metrics.py", line 29, in h_visit
    return h_visit_ast(ast.parse(code))
                       ^^^^^^^^^^^^^^^
  File "/usr/lib/python3.12/ast.py", line 52, in parse
    return compile(source, filename, mode, flags,
           ^^^^^^^^^^^^^^^^^^^^^^^^^^^^^^^^^^^^^^
  File "<unknown>", line 4
    semi_eixo_maior_a = int(input("comprimento semi eixo maior))
                                  ^
SyntaxError: unterminated string literal (detected at line 4)
2025-08-18 19:43:56,985 cblogger [ERROR]: 		Error while extracting code complexity metrics: expected an indented block after 'if' statement on line 13 (<unknown>, line 14)
Traceback (most recent call last):
  File "/root/QuestionInsight/Etapa_1/codebench-mining-tool/util.py", line 551, in extract_complexity_metrics
    v = ComplexityVisitor.from_code(code)
        ^^^^^^^^^^^^^^^^^^^^^^^^^^^^^^^^^
  File "/root/QuestionInsight/.venv/lib/python3.12/site-packages/radon/visitors.py", line 133, in from_code
    return cls.from_ast(code2ast(code), **kwargs)
                        ^^^^^^^^^^^^^^
  File "/root/QuestionInsight/.venv/lib/python3.12/site-packages/radon/visitors.py", line 48, in code2ast
    return ast.parse(source)
           ^^^^^^^^^^^^^^^^^
  File "/usr/lib/python3.12/ast.py", line 52, in parse
    return compile(source, filename, mode, flags,
           ^^^^^^^^^^^^^^^^^^^^^^^^^^^^^^^^^^^^^^
  File "<unknown>", line 14
    	s = (a + b + c) / 2.0
    	^
IndentationError: expected an indented block after 'if' statement on line 13
2025-08-18 19:43:56,986 cblogger [ERROR]: 		Error while extracting halsted code metrics: expected an indented block after 'if' statement on line 13 (<unknown>, line 14)
Traceback (most recent call last):
  File "/root/QuestionInsight/Etapa_1/codebench-mining-tool/util.py", line 569, in extract_halstead_metrics
    h = h_visit(code)
        ^^^^^^^^^^^^^
  File "/root/QuestionInsight/.venv/lib/python3.12/site-packages/radon/metrics.py", line 29, in h_visit
    return h_visit_ast(ast.parse(code))
                       ^^^^^^^^^^^^^^^
  File "/usr/lib/python3.12/ast.py", line 52, in parse
    return compile(source, filename, mode, flags,
           ^^^^^^^^^^^^^^^^^^^^^^^^^^^^^^^^^^^^^^
  File "<unknown>", line 14
    	s = (a + b + c) / 2.0
    	^
IndentationError: expected an indented block after 'if' statement on line 13
2025-08-18 19:43:56,988 cblogger [ERROR]: 		Error while extracting code complexity metrics: expected an indented block after 'if' statement on line 7 (<unknown>, line 8)
Traceback (most recent call last):
  File "/root/QuestionInsight/Etapa_1/codebench-mining-tool/util.py", line 551, in extract_complexity_metrics
    v = ComplexityVisitor.from_code(code)
        ^^^^^^^^^^^^^^^^^^^^^^^^^^^^^^^^^
  File "/root/QuestionInsight/.venv/lib/python3.12/site-packages/radon/visitors.py", line 133, in from_code
    return cls.from_ast(code2ast(code), **kwargs)
                        ^^^^^^^^^^^^^^
  File "/root/QuestionInsight/.venv/lib/python3.12/site-packages/radon/visitors.py", line 48, in code2ast
    return ast.parse(source)
           ^^^^^^^^^^^^^^^^^
  File "/usr/lib/python3.12/ast.py", line 52, in parse
    return compile(source, filename, mode, flags,
           ^^^^^^^^^^^^^^^^^^^^^^^^^^^^^^^^^^^^^^
  File "<unknown>", line 8
    print("sim")
    ^^^^^
IndentationError: expected an indented block after 'if' statement on line 7
2025-08-18 19:43:56,988 cblogger [ERROR]: 		Error while extracting halsted code metrics: expected an indented block after 'if' statement on line 7 (<unknown>, line 8)
Traceback (most recent call last):
  File "/root/QuestionInsight/Etapa_1/codebench-mining-tool/util.py", line 569, in extract_halstead_metrics
    h = h_visit(code)
        ^^^^^^^^^^^^^
  File "/root/QuestionInsight/.venv/lib/python3.12/site-packages/radon/metrics.py", line 29, in h_visit
    return h_visit_ast(ast.parse(code))
                       ^^^^^^^^^^^^^^^
  File "/usr/lib/python3.12/ast.py", line 52, in parse
    return compile(source, filename, mode, flags,
           ^^^^^^^^^^^^^^^^^^^^^^^^^^^^^^^^^^^^^^
  File "<unknown>", line 8
    print("sim")
    ^^^^^
IndentationError: expected an indented block after 'if' statement on line 7
2025-08-18 19:43:57,024 cblogger [ERROR]: 		Error while extracting code complexity metrics: invalid syntax (<unknown>, line 2)
Traceback (most recent call last):
  File "/root/QuestionInsight/Etapa_1/codebench-mining-tool/util.py", line 551, in extract_complexity_metrics
    v = ComplexityVisitor.from_code(code)
        ^^^^^^^^^^^^^^^^^^^^^^^^^^^^^^^^^
  File "/root/QuestionInsight/.venv/lib/python3.12/site-packages/radon/visitors.py", line 133, in from_code
    return cls.from_ast(code2ast(code), **kwargs)
                        ^^^^^^^^^^^^^^
  File "/root/QuestionInsight/.venv/lib/python3.12/site-packages/radon/visitors.py", line 48, in code2ast
    return ast.parse(source)
           ^^^^^^^^^^^^^^^^^
  File "/usr/lib/python3.12/ast.py", line 52, in parse
    return compile(source, filename, mode, flags,
           ^^^^^^^^^^^^^^^^^^^^^^^^^^^^^^^^^^^^^^
  File "<unknown>", line 2
    y=
      ^
SyntaxError: invalid syntax
2025-08-18 19:43:57,025 cblogger [ERROR]: 		Error while extracting halsted code metrics: invalid syntax (<unknown>, line 2)
Traceback (most recent call last):
  File "/root/QuestionInsight/Etapa_1/codebench-mining-tool/util.py", line 569, in extract_halstead_metrics
    h = h_visit(code)
        ^^^^^^^^^^^^^
  File "/root/QuestionInsight/.venv/lib/python3.12/site-packages/radon/metrics.py", line 29, in h_visit
    return h_visit_ast(ast.parse(code))
                       ^^^^^^^^^^^^^^^
  File "/usr/lib/python3.12/ast.py", line 52, in parse
    return compile(source, filename, mode, flags,
           ^^^^^^^^^^^^^^^^^^^^^^^^^^^^^^^^^^^^^^
  File "<unknown>", line 2
    y=
      ^
SyntaxError: invalid syntax
2025-08-18 19:43:57,050 cblogger [ERROR]: 		Error while extracting code complexity metrics: invalid syntax. Perhaps you forgot a comma? (<unknown>, line 9)
Traceback (most recent call last):
  File "/root/QuestionInsight/Etapa_1/codebench-mining-tool/util.py", line 551, in extract_complexity_metrics
    v = ComplexityVisitor.from_code(code)
        ^^^^^^^^^^^^^^^^^^^^^^^^^^^^^^^^^
  File "/root/QuestionInsight/.venv/lib/python3.12/site-packages/radon/visitors.py", line 133, in from_code
    return cls.from_ast(code2ast(code), **kwargs)
                        ^^^^^^^^^^^^^^
  File "/root/QuestionInsight/.venv/lib/python3.12/site-packages/radon/visitors.py", line 48, in code2ast
    return ast.parse(source)
           ^^^^^^^^^^^^^^^^^
  File "/usr/lib/python3.12/ast.py", line 52, in parse
    return compile(source, filename, mode, flags,
           ^^^^^^^^^^^^^^^^^^^^^^^^^^^^^^^^^^^^^^
  File "<unknown>", line 9
    while (CONDIÇÃO DO LAÇO):
           ^^^^^^^^^^^
SyntaxError: invalid syntax. Perhaps you forgot a comma?
2025-08-18 19:43:57,059 cblogger [ERROR]: 		Error while extracting halsted code metrics: invalid syntax. Perhaps you forgot a comma? (<unknown>, line 9)
Traceback (most recent call last):
  File "/root/QuestionInsight/Etapa_1/codebench-mining-tool/util.py", line 569, in extract_halstead_metrics
    h = h_visit(code)
        ^^^^^^^^^^^^^
  File "/root/QuestionInsight/.venv/lib/python3.12/site-packages/radon/metrics.py", line 29, in h_visit
    return h_visit_ast(ast.parse(code))
                       ^^^^^^^^^^^^^^^
  File "/usr/lib/python3.12/ast.py", line 52, in parse
    return compile(source, filename, mode, flags,
           ^^^^^^^^^^^^^^^^^^^^^^^^^^^^^^^^^^^^^^
  File "<unknown>", line 9
    while (CONDIÇÃO DO LAÇO):
           ^^^^^^^^^^^
SyntaxError: invalid syntax. Perhaps you forgot a comma?
2025-08-18 19:43:57,065 cblogger [ERROR]: 		Error while extracting code complexity metrics: invalid syntax (<unknown>, line 3)
Traceback (most recent call last):
  File "/root/QuestionInsight/Etapa_1/codebench-mining-tool/util.py", line 551, in extract_complexity_metrics
    v = ComplexityVisitor.from_code(code)
        ^^^^^^^^^^^^^^^^^^^^^^^^^^^^^^^^^
  File "/root/QuestionInsight/.venv/lib/python3.12/site-packages/radon/visitors.py", line 133, in from_code
    return cls.from_ast(code2ast(code), **kwargs)
                        ^^^^^^^^^^^^^^
  File "/root/QuestionInsight/.venv/lib/python3.12/site-packages/radon/visitors.py", line 48, in code2ast
    return ast.parse(source)
           ^^^^^^^^^^^^^^^^^
  File "/usr/lib/python3.12/ast.py", line 52, in parse
    return compile(source, filename, mode, flags,
           ^^^^^^^^^^^^^^^^^^^^^^^^^^^^^^^^^^^^^^
  File "<unknown>", line 3
    estimativa=
               ^
SyntaxError: invalid syntax
2025-08-18 19:43:57,065 cblogger [ERROR]: 		Error while extracting halsted code metrics: invalid syntax (<unknown>, line 3)
Traceback (most recent call last):
  File "/root/QuestionInsight/Etapa_1/codebench-mining-tool/util.py", line 569, in extract_halstead_metrics
    h = h_visit(code)
        ^^^^^^^^^^^^^
  File "/root/QuestionInsight/.venv/lib/python3.12/site-packages/radon/metrics.py", line 29, in h_visit
    return h_visit_ast(ast.parse(code))
                       ^^^^^^^^^^^^^^^
  File "/usr/lib/python3.12/ast.py", line 52, in parse
    return compile(source, filename, mode, flags,
           ^^^^^^^^^^^^^^^^^^^^^^^^^^^^^^^^^^^^^^
  File "<unknown>", line 3
    estimativa=
               ^
SyntaxError: invalid syntax
2025-08-18 19:43:57,085 cblogger [ERROR]: 		Error while extracting code complexity metrics: '(' was never closed (<unknown>, line 2)
Traceback (most recent call last):
  File "/root/QuestionInsight/Etapa_1/codebench-mining-tool/util.py", line 551, in extract_complexity_metrics
    v = ComplexityVisitor.from_code(code)
        ^^^^^^^^^^^^^^^^^^^^^^^^^^^^^^^^^
  File "/root/QuestionInsight/.venv/lib/python3.12/site-packages/radon/visitors.py", line 133, in from_code
    return cls.from_ast(code2ast(code), **kwargs)
                        ^^^^^^^^^^^^^^
  File "/root/QuestionInsight/.venv/lib/python3.12/site-packages/radon/visitors.py", line 48, in code2ast
    return ast.parse(source)
           ^^^^^^^^^^^^^^^^^
  File "/usr/lib/python3.12/ast.py", line 52, in parse
    return compile(source, filename, mode, flags,
           ^^^^^^^^^^^^^^^^^^^^^^^^^^^^^^^^^^^^^^
  File "<unknown>", line 2
    print(12.34
         ^
SyntaxError: '(' was never closed
2025-08-18 19:43:57,085 cblogger [ERROR]: 		Error while extracting code size based metrics: SyntaxError at line: 2
Traceback (most recent call last):
  File "/root/QuestionInsight/.venv/lib/python3.12/site-packages/radon/raw.py", line 210, in analyze
    tokens, parsed_lines = _get_all_tokens(line, lines)
                           ^^^^^^^^^^^^^^^^^^^^^^^^^^^^
  File "/root/QuestionInsight/.venv/lib/python3.12/site-packages/radon/raw.py", line 117, in _get_all_tokens
    next_line = next(lines)
                ^^^^^^^^^^^
StopIteration

During handling of the above exception, another exception occurred:

Traceback (most recent call last):
  File "/root/QuestionInsight/Etapa_1/codebench-mining-tool/util.py", line 560, in extract_size_metrics
    a = analyze(code)
        ^^^^^^^^^^^^^
  File "/root/QuestionInsight/.venv/lib/python3.12/site-packages/radon/raw.py", line 212, in analyze
    raise SyntaxError('SyntaxError at line: {0}'.format(lineno))
SyntaxError: SyntaxError at line: 2
2025-08-18 19:43:57,086 cblogger [ERROR]: 		Error while extracting halsted code metrics: '(' was never closed (<unknown>, line 2)
Traceback (most recent call last):
  File "/root/QuestionInsight/Etapa_1/codebench-mining-tool/util.py", line 569, in extract_halstead_metrics
    h = h_visit(code)
        ^^^^^^^^^^^^^
  File "/root/QuestionInsight/.venv/lib/python3.12/site-packages/radon/metrics.py", line 29, in h_visit
    return h_visit_ast(ast.parse(code))
                       ^^^^^^^^^^^^^^^
  File "/usr/lib/python3.12/ast.py", line 52, in parse
    return compile(source, filename, mode, flags,
           ^^^^^^^^^^^^^^^^^^^^^^^^^^^^^^^^^^^^^^
  File "<unknown>", line 2
    print(12.34
         ^
SyntaxError: '(' was never closed
2025-08-18 19:43:57,322 cblogger [ERROR]: 		Error while extracting code complexity metrics: invalid syntax. Perhaps you forgot a comma? (<unknown>, line 5)
Traceback (most recent call last):
  File "/root/QuestionInsight/Etapa_1/codebench-mining-tool/util.py", line 551, in extract_complexity_metrics
    v = ComplexityVisitor.from_code(code)
        ^^^^^^^^^^^^^^^^^^^^^^^^^^^^^^^^^
  File "/root/QuestionInsight/.venv/lib/python3.12/site-packages/radon/visitors.py", line 133, in from_code
    return cls.from_ast(code2ast(code), **kwargs)
                        ^^^^^^^^^^^^^^
  File "/root/QuestionInsight/.venv/lib/python3.12/site-packages/radon/visitors.py", line 48, in code2ast
    return ast.parse(source)
           ^^^^^^^^^^^^^^^^^
  File "/usr/lib/python3.12/ast.py", line 52, in parse
    return compile(source, filename, mode, flags,
           ^^^^^^^^^^^^^^^^^^^^^^^^^^^^^^^^^^^^^^
  File "<unknown>", line 5
    distancia= float(input("Distancia: ")
                     
SyntaxError: invalid syntax. Perhaps you forgot a comma?
2025-08-18 19:43:57,332 cblogger [ERROR]: 		Error while extracting code size based metrics: SyntaxError at line: 5
Traceback (most recent call last):
  File "/root/QuestionInsight/.venv/lib/python3.12/site-packages/radon/raw.py", line 210, in analyze
    tokens, parsed_lines = _get_all_tokens(line, lines)
                           ^^^^^^^^^^^^^^^^^^^^^^^^^^^^
  File "/root/QuestionInsight/.venv/lib/python3.12/site-packages/radon/raw.py", line 117, in _get_all_tokens
    next_line = next(lines)
                ^^^^^^^^^^^
StopIteration

During handling of the above exception, another exception occurred:

Traceback (most recent call last):
  File "/root/QuestionInsight/Etapa_1/codebench-mining-tool/util.py", line 560, in extract_size_metrics
    a = analyze(code)
        ^^^^^^^^^^^^^
  File "/root/QuestionInsight/.venv/lib/python3.12/site-packages/radon/raw.py", line 212, in analyze
    raise SyntaxError('SyntaxError at line: {0}'.format(lineno))
SyntaxError: SyntaxError at line: 5
2025-08-18 19:43:57,333 cblogger [ERROR]: 		Error while extracting halsted code metrics: invalid syntax. Perhaps you forgot a comma? (<unknown>, line 5)
Traceback (most recent call last):
  File "/root/QuestionInsight/Etapa_1/codebench-mining-tool/util.py", line 569, in extract_halstead_metrics
    h = h_visit(code)
        ^^^^^^^^^^^^^
  File "/root/QuestionInsight/.venv/lib/python3.12/site-packages/radon/metrics.py", line 29, in h_visit
    return h_visit_ast(ast.parse(code))
                       ^^^^^^^^^^^^^^^
  File "/usr/lib/python3.12/ast.py", line 52, in parse
    return compile(source, filename, mode, flags,
           ^^^^^^^^^^^^^^^^^^^^^^^^^^^^^^^^^^^^^^
  File "<unknown>", line 5
    distancia= float(input("Distancia: ")
                     
SyntaxError: invalid syntax. Perhaps you forgot a comma?
2025-08-18 19:43:57,599 cblogger [ERROR]: 		Error while extracting code complexity metrics: invalid syntax (<unknown>, line 5)
Traceback (most recent call last):
  File "/root/QuestionInsight/Etapa_1/codebench-mining-tool/util.py", line 551, in extract_complexity_metrics
    v = ComplexityVisitor.from_code(code)
        ^^^^^^^^^^^^^^^^^^^^^^^^^^^^^^^^^
  File "/root/QuestionInsight/.venv/lib/python3.12/site-packages/radon/visitors.py", line 133, in from_code
    return cls.from_ast(code2ast(code), **kwargs)
                        ^^^^^^^^^^^^^^
  File "/root/QuestionInsight/.venv/lib/python3.12/site-packages/radon/visitors.py", line 48, in code2ast
    return ast.parse(source)
           ^^^^^^^^^^^^^^^^^
  File "/usr/lib/python3.12/ast.py", line 52, in parse
    return compile(source, filename, mode, flags,
           ^^^^^^^^^^^^^^^^^^^^^^^^^^^^^^^^^^^^^^
  File "<unknown>", line 5
    q2 = 
         ^
SyntaxError: invalid syntax
2025-08-18 19:43:57,599 cblogger [ERROR]: 		Error while extracting halsted code metrics: invalid syntax (<unknown>, line 5)
Traceback (most recent call last):
  File "/root/QuestionInsight/Etapa_1/codebench-mining-tool/util.py", line 569, in extract_halstead_metrics
    h = h_visit(code)
        ^^^^^^^^^^^^^
  File "/root/QuestionInsight/.venv/lib/python3.12/site-packages/radon/metrics.py", line 29, in h_visit
    return h_visit_ast(ast.parse(code))
                       ^^^^^^^^^^^^^^^
  File "/usr/lib/python3.12/ast.py", line 52, in parse
    return compile(source, filename, mode, flags,
           ^^^^^^^^^^^^^^^^^^^^^^^^^^^^^^^^^^^^^^
  File "<unknown>", line 5
    q2 = 
         ^
SyntaxError: invalid syntax
2025-08-18 19:43:57,777 cblogger [ERROR]: 		Error while extracting code complexity metrics: invalid syntax (<unknown>, line 30)
Traceback (most recent call last):
  File "/root/QuestionInsight/Etapa_1/codebench-mining-tool/util.py", line 551, in extract_complexity_metrics
    v = ComplexityVisitor.from_code(code)
        ^^^^^^^^^^^^^^^^^^^^^^^^^^^^^^^^^
  File "/root/QuestionInsight/.venv/lib/python3.12/site-packages/radon/visitors.py", line 133, in from_code
    return cls.from_ast(code2ast(code), **kwargs)
                        ^^^^^^^^^^^^^^
  File "/root/QuestionInsight/.venv/lib/python3.12/site-packages/radon/visitors.py", line 48, in code2ast
    return ast.parse(source)
           ^^^^^^^^^^^^^^^^^
  File "/usr/lib/python3.12/ast.py", line 52, in parse
    return compile(source, filename, mode, flags,
           ^^^^^^^^^^^^^^^^^^^^^^^^^^^^^^^^^^^^^^
  File "<unknown>", line 30
    print(round(,6))
                ^
SyntaxError: invalid syntax
2025-08-18 19:43:57,777 cblogger [ERROR]: 		Error while extracting halsted code metrics: invalid syntax (<unknown>, line 30)
Traceback (most recent call last):
  File "/root/QuestionInsight/Etapa_1/codebench-mining-tool/util.py", line 569, in extract_halstead_metrics
    h = h_visit(code)
        ^^^^^^^^^^^^^
  File "/root/QuestionInsight/.venv/lib/python3.12/site-packages/radon/metrics.py", line 29, in h_visit
    return h_visit_ast(ast.parse(code))
                       ^^^^^^^^^^^^^^^
  File "/usr/lib/python3.12/ast.py", line 52, in parse
    return compile(source, filename, mode, flags,
           ^^^^^^^^^^^^^^^^^^^^^^^^^^^^^^^^^^^^^^
  File "<unknown>", line 30
    print(round(,6))
                ^
SyntaxError: invalid syntax
2025-08-18 19:43:57,813 cblogger [ERROR]: 		Error while extracting code complexity metrics: leading zeros in decimal integer literals are not permitted; use an 0o prefix for octal integers (<unknown>, line 3)
Traceback (most recent call last):
  File "/root/QuestionInsight/Etapa_1/codebench-mining-tool/util.py", line 551, in extract_complexity_metrics
    v = ComplexityVisitor.from_code(code)
        ^^^^^^^^^^^^^^^^^^^^^^^^^^^^^^^^^
  File "/root/QuestionInsight/.venv/lib/python3.12/site-packages/radon/visitors.py", line 133, in from_code
    return cls.from_ast(code2ast(code), **kwargs)
                        ^^^^^^^^^^^^^^
  File "/root/QuestionInsight/.venv/lib/python3.12/site-packages/radon/visitors.py", line 48, in code2ast
    return ast.parse(source)
           ^^^^^^^^^^^^^^^^^
  File "/usr/lib/python3.12/ast.py", line 52, in parse
    return compile(source, filename, mode, flags,
           ^^^^^^^^^^^^^^^^^^^^^^^^^^^^^^^^^^^^^^
  File "<unknown>", line 3
    data e hora: 01/12/2016 14:07
                 ^
SyntaxError: leading zeros in decimal integer literals are not permitted; use an 0o prefix for octal integers
2025-08-18 19:43:57,814 cblogger [ERROR]: 		Error while extracting halsted code metrics: leading zeros in decimal integer literals are not permitted; use an 0o prefix for octal integers (<unknown>, line 3)
Traceback (most recent call last):
  File "/root/QuestionInsight/Etapa_1/codebench-mining-tool/util.py", line 569, in extract_halstead_metrics
    h = h_visit(code)
        ^^^^^^^^^^^^^
  File "/root/QuestionInsight/.venv/lib/python3.12/site-packages/radon/metrics.py", line 29, in h_visit
    return h_visit_ast(ast.parse(code))
                       ^^^^^^^^^^^^^^^
  File "/usr/lib/python3.12/ast.py", line 52, in parse
    return compile(source, filename, mode, flags,
           ^^^^^^^^^^^^^^^^^^^^^^^^^^^^^^^^^^^^^^
  File "<unknown>", line 3
    data e hora: 01/12/2016 14:07
                 ^
SyntaxError: leading zeros in decimal integer literals are not permitted; use an 0o prefix for octal integers
2025-08-18 19:43:57,891 cblogger [ERROR]: 		Error while extracting code complexity metrics: leading zeros in decimal integer literals are not permitted; use an 0o prefix for octal integers (<unknown>, line 3)
Traceback (most recent call last):
  File "/root/QuestionInsight/Etapa_1/codebench-mining-tool/util.py", line 551, in extract_complexity_metrics
    v = ComplexityVisitor.from_code(code)
        ^^^^^^^^^^^^^^^^^^^^^^^^^^^^^^^^^
  File "/root/QuestionInsight/.venv/lib/python3.12/site-packages/radon/visitors.py", line 133, in from_code
    return cls.from_ast(code2ast(code), **kwargs)
                        ^^^^^^^^^^^^^^
  File "/root/QuestionInsight/.venv/lib/python3.12/site-packages/radon/visitors.py", line 48, in code2ast
    return ast.parse(source)
           ^^^^^^^^^^^^^^^^^
  File "/usr/lib/python3.12/ast.py", line 52, in parse
    return compile(source, filename, mode, flags,
           ^^^^^^^^^^^^^^^^^^^^^^^^^^^^^^^^^^^^^^
  File "<unknown>", line 3
    data e hora: 01/12/2016 14:07
                 ^
SyntaxError: leading zeros in decimal integer literals are not permitted; use an 0o prefix for octal integers
2025-08-18 19:43:57,892 cblogger [ERROR]: 		Error while extracting halsted code metrics: leading zeros in decimal integer literals are not permitted; use an 0o prefix for octal integers (<unknown>, line 3)
Traceback (most recent call last):
  File "/root/QuestionInsight/Etapa_1/codebench-mining-tool/util.py", line 569, in extract_halstead_metrics
    h = h_visit(code)
        ^^^^^^^^^^^^^
  File "/root/QuestionInsight/.venv/lib/python3.12/site-packages/radon/metrics.py", line 29, in h_visit
    return h_visit_ast(ast.parse(code))
                       ^^^^^^^^^^^^^^^
  File "/usr/lib/python3.12/ast.py", line 52, in parse
    return compile(source, filename, mode, flags,
           ^^^^^^^^^^^^^^^^^^^^^^^^^^^^^^^^^^^^^^
  File "<unknown>", line 3
    data e hora: 01/12/2016 14:07
                 ^
SyntaxError: leading zeros in decimal integer literals are not permitted; use an 0o prefix for octal integers
2025-08-18 19:43:58,267 cblogger [ERROR]: 		Error while extracting code complexity metrics: '(' was never closed (<unknown>, line 7)
Traceback (most recent call last):
  File "/root/QuestionInsight/Etapa_1/codebench-mining-tool/util.py", line 551, in extract_complexity_metrics
    v = ComplexityVisitor.from_code(code)
        ^^^^^^^^^^^^^^^^^^^^^^^^^^^^^^^^^
  File "/root/QuestionInsight/.venv/lib/python3.12/site-packages/radon/visitors.py", line 133, in from_code
    return cls.from_ast(code2ast(code), **kwargs)
                        ^^^^^^^^^^^^^^
  File "/root/QuestionInsight/.venv/lib/python3.12/site-packages/radon/visitors.py", line 48, in code2ast
    return ast.parse(source)
           ^^^^^^^^^^^^^^^^^
  File "/usr/lib/python3.12/ast.py", line 52, in parse
    return compile(source, filename, mode, flags,
           ^^^^^^^^^^^^^^^^^^^^^^^^^^^^^^^^^^^^^^
  File "<unknown>", line 7
    med = sum((notas[0,:])/3
             ^
SyntaxError: '(' was never closed
2025-08-18 19:43:58,267 cblogger [ERROR]: 		Error while extracting code size based metrics: SyntaxError at line: 7
Traceback (most recent call last):
  File "/root/QuestionInsight/.venv/lib/python3.12/site-packages/radon/raw.py", line 210, in analyze
    tokens, parsed_lines = _get_all_tokens(line, lines)
                           ^^^^^^^^^^^^^^^^^^^^^^^^^^^^
  File "/root/QuestionInsight/.venv/lib/python3.12/site-packages/radon/raw.py", line 117, in _get_all_tokens
    next_line = next(lines)
                ^^^^^^^^^^^
StopIteration

During handling of the above exception, another exception occurred:

Traceback (most recent call last):
  File "/root/QuestionInsight/Etapa_1/codebench-mining-tool/util.py", line 560, in extract_size_metrics
    a = analyze(code)
        ^^^^^^^^^^^^^
  File "/root/QuestionInsight/.venv/lib/python3.12/site-packages/radon/raw.py", line 212, in analyze
    raise SyntaxError('SyntaxError at line: {0}'.format(lineno))
SyntaxError: SyntaxError at line: 7
2025-08-18 19:43:58,268 cblogger [ERROR]: 		Error while extracting halsted code metrics: '(' was never closed (<unknown>, line 7)
Traceback (most recent call last):
  File "/root/QuestionInsight/Etapa_1/codebench-mining-tool/util.py", line 569, in extract_halstead_metrics
    h = h_visit(code)
        ^^^^^^^^^^^^^
  File "/root/QuestionInsight/.venv/lib/python3.12/site-packages/radon/metrics.py", line 29, in h_visit
    return h_visit_ast(ast.parse(code))
                       ^^^^^^^^^^^^^^^
  File "/usr/lib/python3.12/ast.py", line 52, in parse
    return compile(source, filename, mode, flags,
           ^^^^^^^^^^^^^^^^^^^^^^^^^^^^^^^^^^^^^^
  File "<unknown>", line 7
    med = sum((notas[0,:])/3
             ^
SyntaxError: '(' was never closed
2025-08-18 19:43:58,413 cblogger [ERROR]: 		Error while extracting code complexity metrics: invalid syntax (<unknown>, line 10)
Traceback (most recent call last):
  File "/root/QuestionInsight/Etapa_1/codebench-mining-tool/util.py", line 551, in extract_complexity_metrics
    v = ComplexityVisitor.from_code(code)
        ^^^^^^^^^^^^^^^^^^^^^^^^^^^^^^^^^
  File "/root/QuestionInsight/.venv/lib/python3.12/site-packages/radon/visitors.py", line 133, in from_code
    return cls.from_ast(code2ast(code), **kwargs)
                        ^^^^^^^^^^^^^^
  File "/root/QuestionInsight/.venv/lib/python3.12/site-packages/radon/visitors.py", line 48, in code2ast
    return ast.parse(source)
           ^^^^^^^^^^^^^^^^^
  File "/usr/lib/python3.12/ast.py", line 52, in parse
    return compile(source, filename, mode, flags,
           ^^^^^^^^^^^^^^^^^^^^^^^^^^^^^^^^^^^^^^
  File "<unknown>", line 10
    while (min(tempo) < size(tempo):
                                   ^
SyntaxError: invalid syntax
2025-08-18 19:43:58,414 cblogger [ERROR]: 		Error while extracting code size based metrics: SyntaxError at line: 10
Traceback (most recent call last):
  File "/root/QuestionInsight/.venv/lib/python3.12/site-packages/radon/raw.py", line 210, in analyze
    tokens, parsed_lines = _get_all_tokens(line, lines)
                           ^^^^^^^^^^^^^^^^^^^^^^^^^^^^
  File "/root/QuestionInsight/.venv/lib/python3.12/site-packages/radon/raw.py", line 117, in _get_all_tokens
    next_line = next(lines)
                ^^^^^^^^^^^
StopIteration

During handling of the above exception, another exception occurred:

Traceback (most recent call last):
  File "/root/QuestionInsight/Etapa_1/codebench-mining-tool/util.py", line 560, in extract_size_metrics
    a = analyze(code)
        ^^^^^^^^^^^^^
  File "/root/QuestionInsight/.venv/lib/python3.12/site-packages/radon/raw.py", line 212, in analyze
    raise SyntaxError('SyntaxError at line: {0}'.format(lineno))
SyntaxError: SyntaxError at line: 10
2025-08-18 19:43:58,414 cblogger [ERROR]: 		Error while extracting halsted code metrics: invalid syntax (<unknown>, line 10)
Traceback (most recent call last):
  File "/root/QuestionInsight/Etapa_1/codebench-mining-tool/util.py", line 569, in extract_halstead_metrics
    h = h_visit(code)
        ^^^^^^^^^^^^^
  File "/root/QuestionInsight/.venv/lib/python3.12/site-packages/radon/metrics.py", line 29, in h_visit
    return h_visit_ast(ast.parse(code))
                       ^^^^^^^^^^^^^^^
  File "/usr/lib/python3.12/ast.py", line 52, in parse
    return compile(source, filename, mode, flags,
           ^^^^^^^^^^^^^^^^^^^^^^^^^^^^^^^^^^^^^^
  File "<unknown>", line 10
    while (min(tempo) < size(tempo):
                                   ^
SyntaxError: invalid syntax
2025-08-18 19:43:58,444 cblogger [ERROR]: 		Error while extracting code complexity metrics: unexpected indent (<unknown>, line 4)
Traceback (most recent call last):
  File "/root/QuestionInsight/Etapa_1/codebench-mining-tool/util.py", line 551, in extract_complexity_metrics
    v = ComplexityVisitor.from_code(code)
        ^^^^^^^^^^^^^^^^^^^^^^^^^^^^^^^^^
  File "/root/QuestionInsight/.venv/lib/python3.12/site-packages/radon/visitors.py", line 133, in from_code
    return cls.from_ast(code2ast(code), **kwargs)
                        ^^^^^^^^^^^^^^
  File "/root/QuestionInsight/.venv/lib/python3.12/site-packages/radon/visitors.py", line 48, in code2ast
    return ast.parse(source)
           ^^^^^^^^^^^^^^^^^
  File "/usr/lib/python3.12/ast.py", line 52, in parse
    return compile(source, filename, mode, flags,
           ^^^^^^^^^^^^^^^^^^^^^^^^^^^^^^^^^^^^^^
  File "<unknown>", line 4
    		else:
    	^
IndentationError: unexpected indent
2025-08-18 19:43:58,448 cblogger [ERROR]: 		Error while extracting halsted code metrics: unexpected indent (<unknown>, line 4)
Traceback (most recent call last):
  File "/root/QuestionInsight/Etapa_1/codebench-mining-tool/util.py", line 569, in extract_halstead_metrics
    h = h_visit(code)
        ^^^^^^^^^^^^^
  File "/root/QuestionInsight/.venv/lib/python3.12/site-packages/radon/metrics.py", line 29, in h_visit
    return h_visit_ast(ast.parse(code))
                       ^^^^^^^^^^^^^^^
  File "/usr/lib/python3.12/ast.py", line 52, in parse
    return compile(source, filename, mode, flags,
           ^^^^^^^^^^^^^^^^^^^^^^^^^^^^^^^^^^^^^^
  File "<unknown>", line 4
    		else:
    	^
IndentationError: unexpected indent
2025-08-18 19:43:58,651 cblogger [ERROR]: 		Error while extracting code complexity metrics: unexpected indent (<unknown>, line 9)
Traceback (most recent call last):
  File "/root/QuestionInsight/Etapa_1/codebench-mining-tool/util.py", line 551, in extract_complexity_metrics
    v = ComplexityVisitor.from_code(code)
        ^^^^^^^^^^^^^^^^^^^^^^^^^^^^^^^^^
  File "/root/QuestionInsight/.venv/lib/python3.12/site-packages/radon/visitors.py", line 133, in from_code
    return cls.from_ast(code2ast(code), **kwargs)
                        ^^^^^^^^^^^^^^
  File "/root/QuestionInsight/.venv/lib/python3.12/site-packages/radon/visitors.py", line 48, in code2ast
    return ast.parse(source)
           ^^^^^^^^^^^^^^^^^
  File "/usr/lib/python3.12/ast.py", line 52, in parse
    return compile(source, filename, mode, flags,
           ^^^^^^^^^^^^^^^^^^^^^^^^^^^^^^^^^^^^^^
  File "<unknown>", line 9
    	if(Y==0):
    ^
IndentationError: unexpected indent
2025-08-18 19:43:58,654 cblogger [ERROR]: 		Error while extracting halsted code metrics: unexpected indent (<unknown>, line 9)
Traceback (most recent call last):
  File "/root/QuestionInsight/Etapa_1/codebench-mining-tool/util.py", line 569, in extract_halstead_metrics
    h = h_visit(code)
        ^^^^^^^^^^^^^
  File "/root/QuestionInsight/.venv/lib/python3.12/site-packages/radon/metrics.py", line 29, in h_visit
    return h_visit_ast(ast.parse(code))
                       ^^^^^^^^^^^^^^^
  File "/usr/lib/python3.12/ast.py", line 52, in parse
    return compile(source, filename, mode, flags,
           ^^^^^^^^^^^^^^^^^^^^^^^^^^^^^^^^^^^^^^
  File "<unknown>", line 9
    	if(Y==0):
    ^
IndentationError: unexpected indent
2025-08-18 19:43:58,706 cblogger [ERROR]: 		Error while extracting code complexity metrics: expected an indented block after 'while' statement on line 4 (<unknown>, line 5)
Traceback (most recent call last):
  File "/root/QuestionInsight/Etapa_1/codebench-mining-tool/util.py", line 551, in extract_complexity_metrics
    v = ComplexityVisitor.from_code(code)
        ^^^^^^^^^^^^^^^^^^^^^^^^^^^^^^^^^
  File "/root/QuestionInsight/.venv/lib/python3.12/site-packages/radon/visitors.py", line 133, in from_code
    return cls.from_ast(code2ast(code), **kwargs)
                        ^^^^^^^^^^^^^^
  File "/root/QuestionInsight/.venv/lib/python3.12/site-packages/radon/visitors.py", line 48, in code2ast
    return ast.parse(source)
           ^^^^^^^^^^^^^^^^^
  File "/usr/lib/python3.12/ast.py", line 52, in parse
    return compile(source, filename, mode, flags,
           ^^^^^^^^^^^^^^^^^^^^^^^^^^^^^^^^^^^^^^
  File "<unknown>", line 5
    i = i + 1
    ^
IndentationError: expected an indented block after 'while' statement on line 4
2025-08-18 19:43:58,706 cblogger [ERROR]: 		Error while extracting halsted code metrics: expected an indented block after 'while' statement on line 4 (<unknown>, line 5)
Traceback (most recent call last):
  File "/root/QuestionInsight/Etapa_1/codebench-mining-tool/util.py", line 569, in extract_halstead_metrics
    h = h_visit(code)
        ^^^^^^^^^^^^^
  File "/root/QuestionInsight/.venv/lib/python3.12/site-packages/radon/metrics.py", line 29, in h_visit
    return h_visit_ast(ast.parse(code))
                       ^^^^^^^^^^^^^^^
  File "/usr/lib/python3.12/ast.py", line 52, in parse
    return compile(source, filename, mode, flags,
           ^^^^^^^^^^^^^^^^^^^^^^^^^^^^^^^^^^^^^^
  File "<unknown>", line 5
    i = i + 1
    ^
IndentationError: expected an indented block after 'while' statement on line 4
2025-08-18 19:43:58,707 cblogger [ERROR]: 		Error while extracting code complexity metrics: unexpected indent (<unknown>, line 15)
Traceback (most recent call last):
  File "/root/QuestionInsight/Etapa_1/codebench-mining-tool/util.py", line 551, in extract_complexity_metrics
    v = ComplexityVisitor.from_code(code)
        ^^^^^^^^^^^^^^^^^^^^^^^^^^^^^^^^^
  File "/root/QuestionInsight/.venv/lib/python3.12/site-packages/radon/visitors.py", line 133, in from_code
    return cls.from_ast(code2ast(code), **kwargs)
                        ^^^^^^^^^^^^^^
  File "/root/QuestionInsight/.venv/lib/python3.12/site-packages/radon/visitors.py", line 48, in code2ast
    return ast.parse(source)
           ^^^^^^^^^^^^^^^^^
  File "/usr/lib/python3.12/ast.py", line 52, in parse
    return compile(source, filename, mode, flags,
           ^^^^^^^^^^^^^^^^^^^^^^^^^^^^^^^^^^^^^^
  File "<unknown>", line 15
    			if (
    		^
IndentationError: unexpected indent
2025-08-18 19:43:58,709 cblogger [ERROR]: 		Error while extracting halsted code metrics: unexpected indent (<unknown>, line 15)
Traceback (most recent call last):
  File "/root/QuestionInsight/Etapa_1/codebench-mining-tool/util.py", line 569, in extract_halstead_metrics
    h = h_visit(code)
        ^^^^^^^^^^^^^
  File "/root/QuestionInsight/.venv/lib/python3.12/site-packages/radon/metrics.py", line 29, in h_visit
    return h_visit_ast(ast.parse(code))
                       ^^^^^^^^^^^^^^^
  File "/usr/lib/python3.12/ast.py", line 52, in parse
    return compile(source, filename, mode, flags,
           ^^^^^^^^^^^^^^^^^^^^^^^^^^^^^^^^^^^^^^
  File "<unknown>", line 15
    			if (
    		^
IndentationError: unexpected indent
2025-08-18 19:43:58,739 cblogger [ERROR]: 		Error while extracting code complexity metrics: '(' was never closed (<unknown>, line 4)
Traceback (most recent call last):
  File "/root/QuestionInsight/Etapa_1/codebench-mining-tool/util.py", line 551, in extract_complexity_metrics
    v = ComplexityVisitor.from_code(code)
        ^^^^^^^^^^^^^^^^^^^^^^^^^^^^^^^^^
  File "/root/QuestionInsight/.venv/lib/python3.12/site-packages/radon/visitors.py", line 133, in from_code
    return cls.from_ast(code2ast(code), **kwargs)
                        ^^^^^^^^^^^^^^
  File "/root/QuestionInsight/.venv/lib/python3.12/site-packages/radon/visitors.py", line 48, in code2ast
    return ast.parse(source)
           ^^^^^^^^^^^^^^^^^
  File "/usr/lib/python3.12/ast.py", line 52, in parse
    return compile(source, filename, mode, flags,
           ^^^^^^^^^^^^^^^^^^^^^^^^^^^^^^^^^^^^^^
  File "<unknown>", line 4
    vet = array(eval(input("Digite o vetor: ")
                    ^
SyntaxError: '(' was never closed
2025-08-18 19:43:58,740 cblogger [ERROR]: 		Error while extracting code size based metrics: SyntaxError at line: 4
Traceback (most recent call last):
  File "/root/QuestionInsight/.venv/lib/python3.12/site-packages/radon/raw.py", line 210, in analyze
    tokens, parsed_lines = _get_all_tokens(line, lines)
                           ^^^^^^^^^^^^^^^^^^^^^^^^^^^^
  File "/root/QuestionInsight/.venv/lib/python3.12/site-packages/radon/raw.py", line 117, in _get_all_tokens
    next_line = next(lines)
                ^^^^^^^^^^^
StopIteration

During handling of the above exception, another exception occurred:

Traceback (most recent call last):
  File "/root/QuestionInsight/Etapa_1/codebench-mining-tool/util.py", line 560, in extract_size_metrics
    a = analyze(code)
        ^^^^^^^^^^^^^
  File "/root/QuestionInsight/.venv/lib/python3.12/site-packages/radon/raw.py", line 212, in analyze
    raise SyntaxError('SyntaxError at line: {0}'.format(lineno))
SyntaxError: SyntaxError at line: 4
2025-08-18 19:43:58,740 cblogger [ERROR]: 		Error while extracting halsted code metrics: '(' was never closed (<unknown>, line 4)
Traceback (most recent call last):
  File "/root/QuestionInsight/Etapa_1/codebench-mining-tool/util.py", line 569, in extract_halstead_metrics
    h = h_visit(code)
        ^^^^^^^^^^^^^
  File "/root/QuestionInsight/.venv/lib/python3.12/site-packages/radon/metrics.py", line 29, in h_visit
    return h_visit_ast(ast.parse(code))
                       ^^^^^^^^^^^^^^^
  File "/usr/lib/python3.12/ast.py", line 52, in parse
    return compile(source, filename, mode, flags,
           ^^^^^^^^^^^^^^^^^^^^^^^^^^^^^^^^^^^^^^
  File "<unknown>", line 4
    vet = array(eval(input("Digite o vetor: ")
                    ^
SyntaxError: '(' was never closed
2025-08-18 19:43:58,752 cblogger [ERROR]: 		Error while extracting code complexity metrics: expected an indented block after 'while' statement on line 20 (<unknown>, line 22)
Traceback (most recent call last):
  File "/root/QuestionInsight/Etapa_1/codebench-mining-tool/util.py", line 551, in extract_complexity_metrics
    v = ComplexityVisitor.from_code(code)
        ^^^^^^^^^^^^^^^^^^^^^^^^^^^^^^^^^
  File "/root/QuestionInsight/.venv/lib/python3.12/site-packages/radon/visitors.py", line 133, in from_code
    return cls.from_ast(code2ast(code), **kwargs)
                        ^^^^^^^^^^^^^^
  File "/root/QuestionInsight/.venv/lib/python3.12/site-packages/radon/visitors.py", line 48, in code2ast
    return ast.parse(source)
           ^^^^^^^^^^^^^^^^^
  File "/usr/lib/python3.12/ast.py", line 52, in parse
    return compile(source, filename, mode, flags,
           ^^^^^^^^^^^^^^^^^^^^^^^^^^^^^^^^^^^^^^
  File "<unknown>", line 22
    for x in mov:
    ^^^
IndentationError: expected an indented block after 'while' statement on line 20
2025-08-18 19:43:58,754 cblogger [ERROR]: 		Error while extracting halsted code metrics: expected an indented block after 'while' statement on line 20 (<unknown>, line 22)
Traceback (most recent call last):
  File "/root/QuestionInsight/Etapa_1/codebench-mining-tool/util.py", line 569, in extract_halstead_metrics
    h = h_visit(code)
        ^^^^^^^^^^^^^
  File "/root/QuestionInsight/.venv/lib/python3.12/site-packages/radon/metrics.py", line 29, in h_visit
    return h_visit_ast(ast.parse(code))
                       ^^^^^^^^^^^^^^^
  File "/usr/lib/python3.12/ast.py", line 52, in parse
    return compile(source, filename, mode, flags,
           ^^^^^^^^^^^^^^^^^^^^^^^^^^^^^^^^^^^^^^
  File "<unknown>", line 22
    for x in mov:
    ^^^
IndentationError: expected an indented block after 'while' statement on line 20
2025-08-18 19:43:58,863 cblogger [ERROR]: 		Error while extracting code complexity metrics: invalid character '´' (U+00B4) (<unknown>, line 4)
Traceback (most recent call last):
  File "/root/QuestionInsight/Etapa_1/codebench-mining-tool/util.py", line 551, in extract_complexity_metrics
    v = ComplexityVisitor.from_code(code)
        ^^^^^^^^^^^^^^^^^^^^^^^^^^^^^^^^^
  File "/root/QuestionInsight/.venv/lib/python3.12/site-packages/radon/visitors.py", line 133, in from_code
    return cls.from_ast(code2ast(code), **kwargs)
                        ^^^^^^^^^^^^^^
  File "/root/QuestionInsight/.venv/lib/python3.12/site-packages/radon/visitors.py", line 48, in code2ast
    return ast.parse(source)
           ^^^^^^^^^^^^^^^^^
  File "/usr/lib/python3.12/ast.py", line 52, in parse
    return compile(source, filename, mode, flags,
           ^^^^^^^^^^^^^^^^^^^^^^^^^^^^^^^^^^^^^^
  File "<unknown>", line 4
    while (´qi>qr ):
           ^
SyntaxError: invalid character '´' (U+00B4)
2025-08-18 19:43:58,864 cblogger [ERROR]: 		Error while extracting halsted code metrics: invalid character '´' (U+00B4) (<unknown>, line 4)
Traceback (most recent call last):
  File "/root/QuestionInsight/Etapa_1/codebench-mining-tool/util.py", line 569, in extract_halstead_metrics
    h = h_visit(code)
        ^^^^^^^^^^^^^
  File "/root/QuestionInsight/.venv/lib/python3.12/site-packages/radon/metrics.py", line 29, in h_visit
    return h_visit_ast(ast.parse(code))
                       ^^^^^^^^^^^^^^^
  File "/usr/lib/python3.12/ast.py", line 52, in parse
    return compile(source, filename, mode, flags,
           ^^^^^^^^^^^^^^^^^^^^^^^^^^^^^^^^^^^^^^
  File "<unknown>", line 4
    while (´qi>qr ):
           ^
SyntaxError: invalid character '´' (U+00B4)
2025-08-18 19:43:58,932 cblogger [ERROR]: 		Error while extracting code complexity metrics: '(' was never closed (<unknown>, line 7)
Traceback (most recent call last):
  File "/root/QuestionInsight/Etapa_1/codebench-mining-tool/util.py", line 551, in extract_complexity_metrics
    v = ComplexityVisitor.from_code(code)
        ^^^^^^^^^^^^^^^^^^^^^^^^^^^^^^^^^
  File "/root/QuestionInsight/.venv/lib/python3.12/site-packages/radon/visitors.py", line 133, in from_code
    return cls.from_ast(code2ast(code), **kwargs)
                        ^^^^^^^^^^^^^^
  File "/root/QuestionInsight/.venv/lib/python3.12/site-packages/radon/visitors.py", line 48, in code2ast
    return ast.parse(source)
           ^^^^^^^^^^^^^^^^^
  File "/usr/lib/python3.12/ast.py", line 52, in parse
    return compile(source, filename, mode, flags,
           ^^^^^^^^^^^^^^^^^^^^^^^^^^^^^^^^^^^^^^
  File "<unknown>", line 7
    if(d==r 
      ^
SyntaxError: '(' was never closed
2025-08-18 19:43:58,932 cblogger [ERROR]: 		Error while extracting code size based metrics: SyntaxError at line: 7
Traceback (most recent call last):
  File "/root/QuestionInsight/.venv/lib/python3.12/site-packages/radon/raw.py", line 210, in analyze
    tokens, parsed_lines = _get_all_tokens(line, lines)
                           ^^^^^^^^^^^^^^^^^^^^^^^^^^^^
  File "/root/QuestionInsight/.venv/lib/python3.12/site-packages/radon/raw.py", line 117, in _get_all_tokens
    next_line = next(lines)
                ^^^^^^^^^^^
StopIteration

During handling of the above exception, another exception occurred:

Traceback (most recent call last):
  File "/root/QuestionInsight/Etapa_1/codebench-mining-tool/util.py", line 560, in extract_size_metrics
    a = analyze(code)
        ^^^^^^^^^^^^^
  File "/root/QuestionInsight/.venv/lib/python3.12/site-packages/radon/raw.py", line 212, in analyze
    raise SyntaxError('SyntaxError at line: {0}'.format(lineno))
SyntaxError: SyntaxError at line: 7
2025-08-18 19:43:58,932 cblogger [ERROR]: 		Error while extracting halsted code metrics: '(' was never closed (<unknown>, line 7)
Traceback (most recent call last):
  File "/root/QuestionInsight/Etapa_1/codebench-mining-tool/util.py", line 569, in extract_halstead_metrics
    h = h_visit(code)
        ^^^^^^^^^^^^^
  File "/root/QuestionInsight/.venv/lib/python3.12/site-packages/radon/metrics.py", line 29, in h_visit
    return h_visit_ast(ast.parse(code))
                       ^^^^^^^^^^^^^^^
  File "/usr/lib/python3.12/ast.py", line 52, in parse
    return compile(source, filename, mode, flags,
           ^^^^^^^^^^^^^^^^^^^^^^^^^^^^^^^^^^^^^^
  File "<unknown>", line 7
    if(d==r 
      ^
SyntaxError: '(' was never closed
2025-08-18 19:43:58,968 cblogger [ERROR]: 		Error while extracting code complexity metrics: invalid syntax. Perhaps you forgot a comma? (<unknown>, line 16)
Traceback (most recent call last):
  File "/root/QuestionInsight/Etapa_1/codebench-mining-tool/util.py", line 551, in extract_complexity_metrics
    v = ComplexityVisitor.from_code(code)
        ^^^^^^^^^^^^^^^^^^^^^^^^^^^^^^^^^
  File "/root/QuestionInsight/.venv/lib/python3.12/site-packages/radon/visitors.py", line 133, in from_code
    return cls.from_ast(code2ast(code), **kwargs)
                        ^^^^^^^^^^^^^^
  File "/root/QuestionInsight/.venv/lib/python3.12/site-packages/radon/visitors.py", line 48, in code2ast
    return ast.parse(source)
           ^^^^^^^^^^^^^^^^^
  File "/usr/lib/python3.12/ast.py", line 52, in parse
    return compile(source, filename, mode, flags,
           ^^^^^^^^^^^^^^^^^^^^^^^^^^^^^^^^^^^^^^
  File "<unknown>", line 16
    if (___COMPLETE AQUI___):
        ^^^^^^^^^^^^^^^^^^^
SyntaxError: invalid syntax. Perhaps you forgot a comma?
2025-08-18 19:43:58,969 cblogger [ERROR]: 		Error while extracting halsted code metrics: invalid syntax. Perhaps you forgot a comma? (<unknown>, line 16)
Traceback (most recent call last):
  File "/root/QuestionInsight/Etapa_1/codebench-mining-tool/util.py", line 569, in extract_halstead_metrics
    h = h_visit(code)
        ^^^^^^^^^^^^^
  File "/root/QuestionInsight/.venv/lib/python3.12/site-packages/radon/metrics.py", line 29, in h_visit
    return h_visit_ast(ast.parse(code))
                       ^^^^^^^^^^^^^^^
  File "/usr/lib/python3.12/ast.py", line 52, in parse
    return compile(source, filename, mode, flags,
           ^^^^^^^^^^^^^^^^^^^^^^^^^^^^^^^^^^^^^^
  File "<unknown>", line 16
    if (___COMPLETE AQUI___):
        ^^^^^^^^^^^^^^^^^^^
SyntaxError: invalid syntax. Perhaps you forgot a comma?
2025-08-18 19:43:59,043 cblogger [ERROR]: 		Error while extracting code complexity metrics: expected an indented block after 'while' statement on line 12 (<unknown>, line 13)
Traceback (most recent call last):
  File "/root/QuestionInsight/Etapa_1/codebench-mining-tool/util.py", line 551, in extract_complexity_metrics
    v = ComplexityVisitor.from_code(code)
        ^^^^^^^^^^^^^^^^^^^^^^^^^^^^^^^^^
  File "/root/QuestionInsight/.venv/lib/python3.12/site-packages/radon/visitors.py", line 133, in from_code
    return cls.from_ast(code2ast(code), **kwargs)
                        ^^^^^^^^^^^^^^
  File "/root/QuestionInsight/.venv/lib/python3.12/site-packages/radon/visitors.py", line 48, in code2ast
    return ast.parse(source)
           ^^^^^^^^^^^^^^^^^
  File "/usr/lib/python3.12/ast.py", line 52, in parse
    return compile(source, filename, mode, flags,
           ^^^^^^^^^^^^^^^^^^^^^^^^^^^^^^^^^^^^^^
  File "<unknown>", line 13
    	
    	^
IndentationError: expected an indented block after 'while' statement on line 12
2025-08-18 19:43:59,048 cblogger [ERROR]: 		Error while extracting halsted code metrics: expected an indented block after 'while' statement on line 12 (<unknown>, line 13)
Traceback (most recent call last):
  File "/root/QuestionInsight/Etapa_1/codebench-mining-tool/util.py", line 569, in extract_halstead_metrics
    h = h_visit(code)
        ^^^^^^^^^^^^^
  File "/root/QuestionInsight/.venv/lib/python3.12/site-packages/radon/metrics.py", line 29, in h_visit
    return h_visit_ast(ast.parse(code))
                       ^^^^^^^^^^^^^^^
  File "/usr/lib/python3.12/ast.py", line 52, in parse
    return compile(source, filename, mode, flags,
           ^^^^^^^^^^^^^^^^^^^^^^^^^^^^^^^^^^^^^^
  File "<unknown>", line 13
    	
    	^
IndentationError: expected an indented block after 'while' statement on line 12
2025-08-18 19:43:59,135 cblogger [ERROR]: 		Error while extracting code complexity metrics: invalid syntax. Maybe you meant '==' or ':=' instead of '='? (<unknown>, line 4)
Traceback (most recent call last):
  File "/root/QuestionInsight/Etapa_1/codebench-mining-tool/util.py", line 551, in extract_complexity_metrics
    v = ComplexityVisitor.from_code(code)
        ^^^^^^^^^^^^^^^^^^^^^^^^^^^^^^^^^
  File "/root/QuestionInsight/.venv/lib/python3.12/site-packages/radon/visitors.py", line 133, in from_code
    return cls.from_ast(code2ast(code), **kwargs)
                        ^^^^^^^^^^^^^^
  File "/root/QuestionInsight/.venv/lib/python3.12/site-packages/radon/visitors.py", line 48, in code2ast
    return ast.parse(source)
           ^^^^^^^^^^^^^^^^^
  File "/usr/lib/python3.12/ast.py", line 52, in parse
    return compile(source, filename, mode, flags,
           ^^^^^^^^^^^^^^^^^^^^^^^^^^^^^^^^^^^^^^
  File "<unknown>", line 4
    if valor = Volume * Tarifa + Taxa
       ^^^^^^^^^^^^^^^^^^^^^^^^^^^^^^
SyntaxError: invalid syntax. Maybe you meant '==' or ':=' instead of '='?
2025-08-18 19:43:59,136 cblogger [ERROR]: 		Error while extracting halsted code metrics: invalid syntax. Maybe you meant '==' or ':=' instead of '='? (<unknown>, line 4)
Traceback (most recent call last):
  File "/root/QuestionInsight/Etapa_1/codebench-mining-tool/util.py", line 569, in extract_halstead_metrics
    h = h_visit(code)
        ^^^^^^^^^^^^^
  File "/root/QuestionInsight/.venv/lib/python3.12/site-packages/radon/metrics.py", line 29, in h_visit
    return h_visit_ast(ast.parse(code))
                       ^^^^^^^^^^^^^^^
  File "/usr/lib/python3.12/ast.py", line 52, in parse
    return compile(source, filename, mode, flags,
           ^^^^^^^^^^^^^^^^^^^^^^^^^^^^^^^^^^^^^^
  File "<unknown>", line 4
    if valor = Volume * Tarifa + Taxa
       ^^^^^^^^^^^^^^^^^^^^^^^^^^^^^^
SyntaxError: invalid syntax. Maybe you meant '==' or ':=' instead of '='?
2025-08-18 19:43:59,143 cblogger [ERROR]: 		Error while extracting code complexity metrics: invalid syntax (<unknown>, line 11)
Traceback (most recent call last):
  File "/root/QuestionInsight/Etapa_1/codebench-mining-tool/util.py", line 551, in extract_complexity_metrics
    v = ComplexityVisitor.from_code(code)
        ^^^^^^^^^^^^^^^^^^^^^^^^^^^^^^^^^
  File "/root/QuestionInsight/.venv/lib/python3.12/site-packages/radon/visitors.py", line 133, in from_code
    return cls.from_ast(code2ast(code), **kwargs)
                        ^^^^^^^^^^^^^^
  File "/root/QuestionInsight/.venv/lib/python3.12/site-packages/radon/visitors.py", line 48, in code2ast
    return ast.parse(source)
           ^^^^^^^^^^^^^^^^^
  File "/usr/lib/python3.12/ast.py", line 52, in parse
    return compile(source, filename, mode, flags,
           ^^^^^^^^^^^^^^^^^^^^^^^^^^^^^^^^^^^^^^
  File "<unknown>", line 11
    while 
          ^
SyntaxError: invalid syntax
2025-08-18 19:43:59,144 cblogger [ERROR]: 		Error while extracting halsted code metrics: invalid syntax (<unknown>, line 11)
Traceback (most recent call last):
  File "/root/QuestionInsight/Etapa_1/codebench-mining-tool/util.py", line 569, in extract_halstead_metrics
    h = h_visit(code)
        ^^^^^^^^^^^^^
  File "/root/QuestionInsight/.venv/lib/python3.12/site-packages/radon/metrics.py", line 29, in h_visit
    return h_visit_ast(ast.parse(code))
                       ^^^^^^^^^^^^^^^
  File "/usr/lib/python3.12/ast.py", line 52, in parse
    return compile(source, filename, mode, flags,
           ^^^^^^^^^^^^^^^^^^^^^^^^^^^^^^^^^^^^^^
  File "<unknown>", line 11
    while 
          ^
SyntaxError: invalid syntax
2025-08-18 19:43:59,145 cblogger [ERROR]: 		Error while extracting code complexity metrics: expected ':' (<unknown>, line 13)
Traceback (most recent call last):
  File "/root/QuestionInsight/Etapa_1/codebench-mining-tool/util.py", line 551, in extract_complexity_metrics
    v = ComplexityVisitor.from_code(code)
        ^^^^^^^^^^^^^^^^^^^^^^^^^^^^^^^^^
  File "/root/QuestionInsight/.venv/lib/python3.12/site-packages/radon/visitors.py", line 133, in from_code
    return cls.from_ast(code2ast(code), **kwargs)
                        ^^^^^^^^^^^^^^
  File "/root/QuestionInsight/.venv/lib/python3.12/site-packages/radon/visitors.py", line 48, in code2ast
    return ast.parse(source)
           ^^^^^^^^^^^^^^^^^
  File "/usr/lib/python3.12/ast.py", line 52, in parse
    return compile(source, filename, mode, flags,
           ^^^^^^^^^^^^^^^^^^^^^^^^^^^^^^^^^^^^^^
  File "<unknown>", line 13
    while ()
            ^
SyntaxError: expected ':'
2025-08-18 19:43:59,146 cblogger [ERROR]: 		Error while extracting halsted code metrics: expected ':' (<unknown>, line 13)
Traceback (most recent call last):
  File "/root/QuestionInsight/Etapa_1/codebench-mining-tool/util.py", line 569, in extract_halstead_metrics
    h = h_visit(code)
        ^^^^^^^^^^^^^
  File "/root/QuestionInsight/.venv/lib/python3.12/site-packages/radon/metrics.py", line 29, in h_visit
    return h_visit_ast(ast.parse(code))
                       ^^^^^^^^^^^^^^^
  File "/usr/lib/python3.12/ast.py", line 52, in parse
    return compile(source, filename, mode, flags,
           ^^^^^^^^^^^^^^^^^^^^^^^^^^^^^^^^^^^^^^
  File "<unknown>", line 13
    while ()
            ^
SyntaxError: expected ':'
2025-08-18 19:43:59,271 cblogger [ERROR]: 		Error while extracting code complexity metrics: invalid syntax (<unknown>, line 13)
Traceback (most recent call last):
  File "/root/QuestionInsight/Etapa_1/codebench-mining-tool/util.py", line 551, in extract_complexity_metrics
    v = ComplexityVisitor.from_code(code)
        ^^^^^^^^^^^^^^^^^^^^^^^^^^^^^^^^^
  File "/root/QuestionInsight/.venv/lib/python3.12/site-packages/radon/visitors.py", line 133, in from_code
    return cls.from_ast(code2ast(code), **kwargs)
                        ^^^^^^^^^^^^^^
  File "/root/QuestionInsight/.venv/lib/python3.12/site-packages/radon/visitors.py", line 48, in code2ast
    return ast.parse(source)
           ^^^^^^^^^^^^^^^^^
  File "/usr/lib/python3.12/ast.py", line 52, in parse
    return compile(source, filename, mode, flags,
           ^^^^^^^^^^^^^^^^^^^^^^^^^^^^^^^^^^^^^^
  File "<unknown>", line 13
    while 
          ^
SyntaxError: invalid syntax
2025-08-18 19:43:59,271 cblogger [ERROR]: 		Error while extracting halsted code metrics: invalid syntax (<unknown>, line 13)
Traceback (most recent call last):
  File "/root/QuestionInsight/Etapa_1/codebench-mining-tool/util.py", line 569, in extract_halstead_metrics
    h = h_visit(code)
        ^^^^^^^^^^^^^
  File "/root/QuestionInsight/.venv/lib/python3.12/site-packages/radon/metrics.py", line 29, in h_visit
    return h_visit_ast(ast.parse(code))
                       ^^^^^^^^^^^^^^^
  File "/usr/lib/python3.12/ast.py", line 52, in parse
    return compile(source, filename, mode, flags,
           ^^^^^^^^^^^^^^^^^^^^^^^^^^^^^^^^^^^^^^
  File "<unknown>", line 13
    while 
          ^
SyntaxError: invalid syntax
2025-08-18 19:43:59,321 cblogger [ERROR]: 		Error while extracting code complexity metrics: invalid syntax (<unknown>, line 39)
Traceback (most recent call last):
  File "/root/QuestionInsight/Etapa_1/codebench-mining-tool/util.py", line 551, in extract_complexity_metrics
    v = ComplexityVisitor.from_code(code)
        ^^^^^^^^^^^^^^^^^^^^^^^^^^^^^^^^^
  File "/root/QuestionInsight/.venv/lib/python3.12/site-packages/radon/visitors.py", line 133, in from_code
    return cls.from_ast(code2ast(code), **kwargs)
                        ^^^^^^^^^^^^^^
  File "/root/QuestionInsight/.venv/lib/python3.12/site-packages/radon/visitors.py", line 48, in code2ast
    return ast.parse(source)
           ^^^^^^^^^^^^^^^^^
  File "/usr/lib/python3.12/ast.py", line 52, in parse
    return compile(source, filename, mode, flags,
           ^^^^^^^^^^^^^^^^^^^^^^^^^^^^^^^^^^^^^^
  File "<unknown>", line 39
    elif destino=='666'(<-TA AMARRADO):
                        ^
SyntaxError: invalid syntax
2025-08-18 19:43:59,323 cblogger [ERROR]: 		Error while extracting halsted code metrics: invalid syntax (<unknown>, line 39)
Traceback (most recent call last):
  File "/root/QuestionInsight/Etapa_1/codebench-mining-tool/util.py", line 569, in extract_halstead_metrics
    h = h_visit(code)
        ^^^^^^^^^^^^^
  File "/root/QuestionInsight/.venv/lib/python3.12/site-packages/radon/metrics.py", line 29, in h_visit
    return h_visit_ast(ast.parse(code))
                       ^^^^^^^^^^^^^^^
  File "/usr/lib/python3.12/ast.py", line 52, in parse
    return compile(source, filename, mode, flags,
           ^^^^^^^^^^^^^^^^^^^^^^^^^^^^^^^^^^^^^^
  File "<unknown>", line 39
    elif destino=='666'(<-TA AMARRADO):
                        ^
SyntaxError: invalid syntax
2025-08-18 19:43:59,364 cblogger [ERROR]: 		Error while extracting code complexity metrics: invalid syntax (<unknown>, line 2)
Traceback (most recent call last):
  File "/root/QuestionInsight/Etapa_1/codebench-mining-tool/util.py", line 551, in extract_complexity_metrics
    v = ComplexityVisitor.from_code(code)
        ^^^^^^^^^^^^^^^^^^^^^^^^^^^^^^^^^
  File "/root/QuestionInsight/.venv/lib/python3.12/site-packages/radon/visitors.py", line 133, in from_code
    return cls.from_ast(code2ast(code), **kwargs)
                        ^^^^^^^^^^^^^^
  File "/root/QuestionInsight/.venv/lib/python3.12/site-packages/radon/visitors.py", line 48, in code2ast
    return ast.parse(source)
           ^^^^^^^^^^^^^^^^^
  File "/usr/lib/python3.12/ast.py", line 52, in parse
    return compile(source, filename, mode, flags,
           ^^^^^^^^^^^^^^^^^^^^^^^^^^^^^^^^^^^^^^
  File "<unknown>", line 2
    if = (x)
       ^
SyntaxError: invalid syntax
2025-08-18 19:43:59,365 cblogger [ERROR]: 		Error while extracting halsted code metrics: invalid syntax (<unknown>, line 2)
Traceback (most recent call last):
  File "/root/QuestionInsight/Etapa_1/codebench-mining-tool/util.py", line 569, in extract_halstead_metrics
    h = h_visit(code)
        ^^^^^^^^^^^^^
  File "/root/QuestionInsight/.venv/lib/python3.12/site-packages/radon/metrics.py", line 29, in h_visit
    return h_visit_ast(ast.parse(code))
                       ^^^^^^^^^^^^^^^
  File "/usr/lib/python3.12/ast.py", line 52, in parse
    return compile(source, filename, mode, flags,
           ^^^^^^^^^^^^^^^^^^^^^^^^^^^^^^^^^^^^^^
  File "<unknown>", line 2
    if = (x)
       ^
SyntaxError: invalid syntax
2025-08-18 19:43:59,441 cblogger [ERROR]: 		Error while extracting code complexity metrics: expected an indented block after 'for' statement on line 4 (<unknown>, line 4)
Traceback (most recent call last):
  File "/root/QuestionInsight/Etapa_1/codebench-mining-tool/util.py", line 551, in extract_complexity_metrics
    v = ComplexityVisitor.from_code(code)
        ^^^^^^^^^^^^^^^^^^^^^^^^^^^^^^^^^
  File "/root/QuestionInsight/.venv/lib/python3.12/site-packages/radon/visitors.py", line 133, in from_code
    return cls.from_ast(code2ast(code), **kwargs)
                        ^^^^^^^^^^^^^^
  File "/root/QuestionInsight/.venv/lib/python3.12/site-packages/radon/visitors.py", line 48, in code2ast
    return ast.parse(source)
           ^^^^^^^^^^^^^^^^^
  File "/usr/lib/python3.12/ast.py", line 52, in parse
    return compile(source, filename, mode, flags,
           ^^^^^^^^^^^^^^^^^^^^^^^^^^^^^^^^^^^^^^
  File "<unknown>", line 4
    for i in range(0, size(v)):
                               ^
IndentationError: expected an indented block after 'for' statement on line 4
2025-08-18 19:43:59,442 cblogger [ERROR]: 		Error while extracting halsted code metrics: expected an indented block after 'for' statement on line 4 (<unknown>, line 4)
Traceback (most recent call last):
  File "/root/QuestionInsight/Etapa_1/codebench-mining-tool/util.py", line 569, in extract_halstead_metrics
    h = h_visit(code)
        ^^^^^^^^^^^^^
  File "/root/QuestionInsight/.venv/lib/python3.12/site-packages/radon/metrics.py", line 29, in h_visit
    return h_visit_ast(ast.parse(code))
                       ^^^^^^^^^^^^^^^
  File "/usr/lib/python3.12/ast.py", line 52, in parse
    return compile(source, filename, mode, flags,
           ^^^^^^^^^^^^^^^^^^^^^^^^^^^^^^^^^^^^^^
  File "<unknown>", line 4
    for i in range(0, size(v)):
                               ^
IndentationError: expected an indented block after 'for' statement on line 4
2025-08-18 19:43:59,496 cblogger [ERROR]: 		Error while extracting code complexity metrics: expected an indented block after 'if' statement on line 6 (<unknown>, line 7)
Traceback (most recent call last):
  File "/root/QuestionInsight/Etapa_1/codebench-mining-tool/util.py", line 551, in extract_complexity_metrics
    v = ComplexityVisitor.from_code(code)
        ^^^^^^^^^^^^^^^^^^^^^^^^^^^^^^^^^
  File "/root/QuestionInsight/.venv/lib/python3.12/site-packages/radon/visitors.py", line 133, in from_code
    return cls.from_ast(code2ast(code), **kwargs)
                        ^^^^^^^^^^^^^^
  File "/root/QuestionInsight/.venv/lib/python3.12/site-packages/radon/visitors.py", line 48, in code2ast
    return ast.parse(source)
           ^^^^^^^^^^^^^^^^^
  File "/usr/lib/python3.12/ast.py", line 52, in parse
    return compile(source, filename, mode, flags,
           ^^^^^^^^^^^^^^^^^^^^^^^^^^^^^^^^^^^^^^
  File "<unknown>", line 7
    		mat = i + 1
    		^^^
IndentationError: expected an indented block after 'if' statement on line 6
2025-08-18 19:43:59,497 cblogger [ERROR]: 		Error while extracting halsted code metrics: expected an indented block after 'if' statement on line 6 (<unknown>, line 7)
Traceback (most recent call last):
  File "/root/QuestionInsight/Etapa_1/codebench-mining-tool/util.py", line 569, in extract_halstead_metrics
    h = h_visit(code)
        ^^^^^^^^^^^^^
  File "/root/QuestionInsight/.venv/lib/python3.12/site-packages/radon/metrics.py", line 29, in h_visit
    return h_visit_ast(ast.parse(code))
                       ^^^^^^^^^^^^^^^
  File "/usr/lib/python3.12/ast.py", line 52, in parse
    return compile(source, filename, mode, flags,
           ^^^^^^^^^^^^^^^^^^^^^^^^^^^^^^^^^^^^^^
  File "<unknown>", line 7
    		mat = i + 1
    		^^^
IndentationError: expected an indented block after 'if' statement on line 6
2025-08-18 19:43:59,801 cblogger [ERROR]: 		Error while extracting code complexity metrics: unexpected indent (<unknown>, line 4)
Traceback (most recent call last):
  File "/root/QuestionInsight/Etapa_1/codebench-mining-tool/util.py", line 551, in extract_complexity_metrics
    v = ComplexityVisitor.from_code(code)
        ^^^^^^^^^^^^^^^^^^^^^^^^^^^^^^^^^
  File "/root/QuestionInsight/.venv/lib/python3.12/site-packages/radon/visitors.py", line 133, in from_code
    return cls.from_ast(code2ast(code), **kwargs)
                        ^^^^^^^^^^^^^^
  File "/root/QuestionInsight/.venv/lib/python3.12/site-packages/radon/visitors.py", line 48, in code2ast
    return ast.parse(source)
           ^^^^^^^^^^^^^^^^^
  File "/usr/lib/python3.12/ast.py", line 52, in parse
    return compile(source, filename, mode, flags,
           ^^^^^^^^^^^^^^^^^^^^^^^^^^^^^^^^^^^^^^
  File "<unknown>", line 4
    		else:
    	^
IndentationError: unexpected indent
2025-08-18 19:43:59,809 cblogger [ERROR]: 		Error while extracting halsted code metrics: unexpected indent (<unknown>, line 4)
Traceback (most recent call last):
  File "/root/QuestionInsight/Etapa_1/codebench-mining-tool/util.py", line 569, in extract_halstead_metrics
    h = h_visit(code)
        ^^^^^^^^^^^^^
  File "/root/QuestionInsight/.venv/lib/python3.12/site-packages/radon/metrics.py", line 29, in h_visit
    return h_visit_ast(ast.parse(code))
                       ^^^^^^^^^^^^^^^
  File "/usr/lib/python3.12/ast.py", line 52, in parse
    return compile(source, filename, mode, flags,
           ^^^^^^^^^^^^^^^^^^^^^^^^^^^^^^^^^^^^^^
  File "<unknown>", line 4
    		else:
    	^
IndentationError: unexpected indent
