2025-07-17 23:28:54,491 cblogger [ERROR]: 		Error while extracting code complexity metrics: '(' was never closed (<unknown>, line 1)
Traceback (most recent call last):
  File "/root/trabalho_super/QuestionInsight/Etapa_1/codebench-mining-tool/util.py", line 551, in extract_complexity_metrics
    v = ComplexityVisitor.from_code(code)
        ^^^^^^^^^^^^^^^^^^^^^^^^^^^^^^^^^
  File "/root/trabalho_super/venv_jupyter/lib/python3.12/site-packages/radon/visitors.py", line 133, in from_code
    return cls.from_ast(code2ast(code), **kwargs)
                        ^^^^^^^^^^^^^^
  File "/root/trabalho_super/venv_jupyter/lib/python3.12/site-packages/radon/visitors.py", line 48, in code2ast
    return ast.parse(source)
           ^^^^^^^^^^^^^^^^^
  File "/usr/lib/python3.12/ast.py", line 52, in parse
    return compile(source, filename, mode, flags,
           ^^^^^^^^^^^^^^^^^^^^^^^^^^^^^^^^^^^^^^
  File "<unknown>", line 1
    num = int(input("Insira um numero de 3 digitos: ")
             ^
SyntaxError: '(' was never closed
2025-07-17 23:28:54,495 cblogger [ERROR]: 		Error while extracting code size based metrics: SyntaxError at line: 1
Traceback (most recent call last):
  File "/root/trabalho_super/venv_jupyter/lib/python3.12/site-packages/radon/raw.py", line 210, in analyze
    tokens, parsed_lines = _get_all_tokens(line, lines)
                           ^^^^^^^^^^^^^^^^^^^^^^^^^^^^
  File "/root/trabalho_super/venv_jupyter/lib/python3.12/site-packages/radon/raw.py", line 117, in _get_all_tokens
    next_line = next(lines)
                ^^^^^^^^^^^
StopIteration

During handling of the above exception, another exception occurred:

Traceback (most recent call last):
  File "/root/trabalho_super/QuestionInsight/Etapa_1/codebench-mining-tool/util.py", line 560, in extract_size_metrics
    a = analyze(code)
        ^^^^^^^^^^^^^
  File "/root/trabalho_super/venv_jupyter/lib/python3.12/site-packages/radon/raw.py", line 212, in analyze
    raise SyntaxError('SyntaxError at line: {0}'.format(lineno))
SyntaxError: SyntaxError at line: 1
2025-07-17 23:28:54,496 cblogger [ERROR]: 		Error while extracting halsted code metrics: '(' was never closed (<unknown>, line 1)
Traceback (most recent call last):
  File "/root/trabalho_super/QuestionInsight/Etapa_1/codebench-mining-tool/util.py", line 569, in extract_halstead_metrics
    h = h_visit(code)
        ^^^^^^^^^^^^^
  File "/root/trabalho_super/venv_jupyter/lib/python3.12/site-packages/radon/metrics.py", line 29, in h_visit
    return h_visit_ast(ast.parse(code))
                       ^^^^^^^^^^^^^^^
  File "/usr/lib/python3.12/ast.py", line 52, in parse
    return compile(source, filename, mode, flags,
           ^^^^^^^^^^^^^^^^^^^^^^^^^^^^^^^^^^^^^^
  File "<unknown>", line 1
    num = int(input("Insira um numero de 3 digitos: ")
             ^
SyntaxError: '(' was never closed
2025-07-17 23:29:06,103 cblogger [ERROR]: 		Error while extracting code complexity metrics: invalid syntax (<unknown>, line 15)
Traceback (most recent call last):
  File "/root/trabalho_super/QuestionInsight/Etapa_1/codebench-mining-tool/util.py", line 551, in extract_complexity_metrics
    v = ComplexityVisitor.from_code(code)
        ^^^^^^^^^^^^^^^^^^^^^^^^^^^^^^^^^
  File "/root/trabalho_super/venv_jupyter/lib/python3.12/site-packages/radon/visitors.py", line 133, in from_code
    return cls.from_ast(code2ast(code), **kwargs)
                        ^^^^^^^^^^^^^^
  File "/root/trabalho_super/venv_jupyter/lib/python3.12/site-packages/radon/visitors.py", line 48, in code2ast
    return ast.parse(source)
           ^^^^^^^^^^^^^^^^^
  File "/usr/lib/python3.12/ast.py", line 52, in parse
    return compile(source, filename, mode, flags,
           ^^^^^^^^^^^^^^^^^^^^^^^^^^^^^^^^^^^^^^
  File "<unknown>", line 15
    		https://codebench.icomp.ufam.edu.br/index.php?r=trabalho/view&id=4716&turma=491#tab-1621kcal += gramas[i] * 1.27
    		      ^^
SyntaxError: invalid syntax
2025-07-17 23:29:06,105 cblogger [ERROR]: 		Error while extracting halsted code metrics: invalid syntax (<unknown>, line 15)
Traceback (most recent call last):
  File "/root/trabalho_super/QuestionInsight/Etapa_1/codebench-mining-tool/util.py", line 569, in extract_halstead_metrics
    h = h_visit(code)
        ^^^^^^^^^^^^^
  File "/root/trabalho_super/venv_jupyter/lib/python3.12/site-packages/radon/metrics.py", line 29, in h_visit
    return h_visit_ast(ast.parse(code))
                       ^^^^^^^^^^^^^^^
  File "/usr/lib/python3.12/ast.py", line 52, in parse
    return compile(source, filename, mode, flags,
           ^^^^^^^^^^^^^^^^^^^^^^^^^^^^^^^^^^^^^^
  File "<unknown>", line 15
    		https://codebench.icomp.ufam.edu.br/index.php?r=trabalho/view&id=4716&turma=491#tab-1621kcal += gramas[i] * 1.27
    		      ^^
SyntaxError: invalid syntax
2025-07-17 23:29:06,106 cblogger [ERROR]: 		Error while extracting code token based metrics: 55
Traceback (most recent call last):
  File "/root/trabalho_super/QuestionInsight/Etapa_1/codebench-mining-tool/util.py", line 633, in extract_token_metrics
    setattr(obj, TOKEN_NAMES[k], v)
                 ~~~~~~~~~~~^^^
KeyError: 55
2025-07-17 23:29:06,163 cblogger [ERROR]: 		Error while extracting code complexity metrics: invalid syntax (<unknown>, line 4)
Traceback (most recent call last):
  File "/root/trabalho_super/QuestionInsight/Etapa_1/codebench-mining-tool/util.py", line 551, in extract_complexity_metrics
    v = ComplexityVisitor.from_code(code)
        ^^^^^^^^^^^^^^^^^^^^^^^^^^^^^^^^^
  File "/root/trabalho_super/venv_jupyter/lib/python3.12/site-packages/radon/visitors.py", line 133, in from_code
    return cls.from_ast(code2ast(code), **kwargs)
                        ^^^^^^^^^^^^^^
  File "/root/trabalho_super/venv_jupyter/lib/python3.12/site-packages/radon/visitors.py", line 48, in code2ast
    return ast.parse(source)
           ^^^^^^^^^^^^^^^^^
  File "/usr/lib/python3.12/ast.py", line 52, in parse
    return compile(source, filename, mode, flags,
           ^^^^^^^^^^^^^^^^^^^^^^^^^^^^^^^^^^^^^^
  File "<unknown>", line 4
    	soma = soma + 
    	              ^
SyntaxError: invalid syntax
2025-07-17 23:29:06,163 cblogger [ERROR]: 		Error while extracting halsted code metrics: invalid syntax (<unknown>, line 4)
Traceback (most recent call last):
  File "/root/trabalho_super/QuestionInsight/Etapa_1/codebench-mining-tool/util.py", line 569, in extract_halstead_metrics
    h = h_visit(code)
        ^^^^^^^^^^^^^
  File "/root/trabalho_super/venv_jupyter/lib/python3.12/site-packages/radon/metrics.py", line 29, in h_visit
    return h_visit_ast(ast.parse(code))
                       ^^^^^^^^^^^^^^^
  File "/usr/lib/python3.12/ast.py", line 52, in parse
    return compile(source, filename, mode, flags,
           ^^^^^^^^^^^^^^^^^^^^^^^^^^^^^^^^^^^^^^
  File "<unknown>", line 4
    	soma = soma + 
    	              ^
SyntaxError: invalid syntax
2025-07-17 23:29:06,167 cblogger [ERROR]: 		Error while extracting code complexity metrics: invalid syntax (<unknown>, line 5)
Traceback (most recent call last):
  File "/root/trabalho_super/QuestionInsight/Etapa_1/codebench-mining-tool/util.py", line 551, in extract_complexity_metrics
    v = ComplexityVisitor.from_code(code)
        ^^^^^^^^^^^^^^^^^^^^^^^^^^^^^^^^^
  File "/root/trabalho_super/venv_jupyter/lib/python3.12/site-packages/radon/visitors.py", line 133, in from_code
    return cls.from_ast(code2ast(code), **kwargs)
                        ^^^^^^^^^^^^^^
  File "/root/trabalho_super/venv_jupyter/lib/python3.12/site-packages/radon/visitors.py", line 48, in code2ast
    return ast.parse(source)
           ^^^^^^^^^^^^^^^^^
  File "/usr/lib/python3.12/ast.py", line 52, in parse
    return compile(source, filename, mode, flags,
           ^^^^^^^^^^^^^^^^^^^^^^^^^^^^^^^^^^^^^^
  File "<unknown>", line 5
    while i len(string)
            ^^^
SyntaxError: invalid syntax
2025-07-17 23:29:06,167 cblogger [ERROR]: 		Error while extracting halsted code metrics: invalid syntax (<unknown>, line 5)
Traceback (most recent call last):
  File "/root/trabalho_super/QuestionInsight/Etapa_1/codebench-mining-tool/util.py", line 569, in extract_halstead_metrics
    h = h_visit(code)
        ^^^^^^^^^^^^^
  File "/root/trabalho_super/venv_jupyter/lib/python3.12/site-packages/radon/metrics.py", line 29, in h_visit
    return h_visit_ast(ast.parse(code))
                       ^^^^^^^^^^^^^^^
  File "/usr/lib/python3.12/ast.py", line 52, in parse
    return compile(source, filename, mode, flags,
           ^^^^^^^^^^^^^^^^^^^^^^^^^^^^^^^^^^^^^^
  File "<unknown>", line 5
    while i len(string)
            ^^^
SyntaxError: invalid syntax
2025-07-17 23:29:06,170 cblogger [ERROR]: 		Error while extracting code complexity metrics: '(' was never closed (<unknown>, line 6)
Traceback (most recent call last):
  File "/root/trabalho_super/QuestionInsight/Etapa_1/codebench-mining-tool/util.py", line 551, in extract_complexity_metrics
    v = ComplexityVisitor.from_code(code)
        ^^^^^^^^^^^^^^^^^^^^^^^^^^^^^^^^^
  File "/root/trabalho_super/venv_jupyter/lib/python3.12/site-packages/radon/visitors.py", line 133, in from_code
    return cls.from_ast(code2ast(code), **kwargs)
                        ^^^^^^^^^^^^^^
  File "/root/trabalho_super/venv_jupyter/lib/python3.12/site-packages/radon/visitors.py", line 48, in code2ast
    return ast.parse(source)
           ^^^^^^^^^^^^^^^^^
  File "/usr/lib/python3.12/ast.py", line 52, in parse
    return compile(source, filename, mode, flags,
           ^^^^^^^^^^^^^^^^^^^^^^^^^^^^^^^^^^^^^^
  File "<unknown>", line 6
    print(round(valor, 2)
         ^
SyntaxError: '(' was never closed
2025-07-17 23:29:06,170 cblogger [ERROR]: 		Error while extracting code size based metrics: SyntaxError at line: 6
Traceback (most recent call last):
  File "/root/trabalho_super/venv_jupyter/lib/python3.12/site-packages/radon/raw.py", line 210, in analyze
    tokens, parsed_lines = _get_all_tokens(line, lines)
                           ^^^^^^^^^^^^^^^^^^^^^^^^^^^^
  File "/root/trabalho_super/venv_jupyter/lib/python3.12/site-packages/radon/raw.py", line 117, in _get_all_tokens
    next_line = next(lines)
                ^^^^^^^^^^^
StopIteration

During handling of the above exception, another exception occurred:

Traceback (most recent call last):
  File "/root/trabalho_super/QuestionInsight/Etapa_1/codebench-mining-tool/util.py", line 560, in extract_size_metrics
    a = analyze(code)
        ^^^^^^^^^^^^^
  File "/root/trabalho_super/venv_jupyter/lib/python3.12/site-packages/radon/raw.py", line 212, in analyze
    raise SyntaxError('SyntaxError at line: {0}'.format(lineno))
SyntaxError: SyntaxError at line: 6
2025-07-17 23:29:06,171 cblogger [ERROR]: 		Error while extracting halsted code metrics: '(' was never closed (<unknown>, line 6)
Traceback (most recent call last):
  File "/root/trabalho_super/QuestionInsight/Etapa_1/codebench-mining-tool/util.py", line 569, in extract_halstead_metrics
    h = h_visit(code)
        ^^^^^^^^^^^^^
  File "/root/trabalho_super/venv_jupyter/lib/python3.12/site-packages/radon/metrics.py", line 29, in h_visit
    return h_visit_ast(ast.parse(code))
                       ^^^^^^^^^^^^^^^
  File "/usr/lib/python3.12/ast.py", line 52, in parse
    return compile(source, filename, mode, flags,
           ^^^^^^^^^^^^^^^^^^^^^^^^^^^^^^^^^^^^^^
  File "<unknown>", line 6
    print(round(valor, 2)
         ^
SyntaxError: '(' was never closed
2025-07-17 23:29:06,174 cblogger [ERROR]: 		Error while extracting code complexity metrics: invalid syntax (<unknown>, line 2)
Traceback (most recent call last):
  File "/root/trabalho_super/QuestionInsight/Etapa_1/codebench-mining-tool/util.py", line 551, in extract_complexity_metrics
    v = ComplexityVisitor.from_code(code)
        ^^^^^^^^^^^^^^^^^^^^^^^^^^^^^^^^^
  File "/root/trabalho_super/venv_jupyter/lib/python3.12/site-packages/radon/visitors.py", line 133, in from_code
    return cls.from_ast(code2ast(code), **kwargs)
                        ^^^^^^^^^^^^^^
  File "/root/trabalho_super/venv_jupyter/lib/python3.12/site-packages/radon/visitors.py", line 48, in code2ast
    return ast.parse(source)
           ^^^^^^^^^^^^^^^^^
  File "/usr/lib/python3.12/ast.py", line 52, in parse
    return compile(source, filename, mode, flags,
           ^^^^^^^^^^^^^^^^^^^^^^^^^^^^^^^^^^^^^^
  File "<unknown>", line 2
    print(string.???)
                 ^
SyntaxError: invalid syntax
2025-07-17 23:29:06,175 cblogger [ERROR]: 		Error while extracting halsted code metrics: invalid syntax (<unknown>, line 2)
Traceback (most recent call last):
  File "/root/trabalho_super/QuestionInsight/Etapa_1/codebench-mining-tool/util.py", line 569, in extract_halstead_metrics
    h = h_visit(code)
        ^^^^^^^^^^^^^
  File "/root/trabalho_super/venv_jupyter/lib/python3.12/site-packages/radon/metrics.py", line 29, in h_visit
    return h_visit_ast(ast.parse(code))
                       ^^^^^^^^^^^^^^^
  File "/usr/lib/python3.12/ast.py", line 52, in parse
    return compile(source, filename, mode, flags,
           ^^^^^^^^^^^^^^^^^^^^^^^^^^^^^^^^^^^^^^
  File "<unknown>", line 2
    print(string.???)
                 ^
SyntaxError: invalid syntax
2025-07-17 23:29:06,175 cblogger [ERROR]: 		Error while extracting code token based metrics: 55
Traceback (most recent call last):
  File "/root/trabalho_super/QuestionInsight/Etapa_1/codebench-mining-tool/util.py", line 633, in extract_token_metrics
    setattr(obj, TOKEN_NAMES[k], v)
                 ~~~~~~~~~~~^^^
KeyError: 55
2025-07-17 23:29:06,182 cblogger [ERROR]: 		Error while extracting code complexity metrics: invalid syntax (<unknown>, line 5)
Traceback (most recent call last):
  File "/root/trabalho_super/QuestionInsight/Etapa_1/codebench-mining-tool/util.py", line 551, in extract_complexity_metrics
    v = ComplexityVisitor.from_code(code)
        ^^^^^^^^^^^^^^^^^^^^^^^^^^^^^^^^^
  File "/root/trabalho_super/venv_jupyter/lib/python3.12/site-packages/radon/visitors.py", line 133, in from_code
    return cls.from_ast(code2ast(code), **kwargs)
                        ^^^^^^^^^^^^^^
  File "/root/trabalho_super/venv_jupyter/lib/python3.12/site-packages/radon/visitors.py", line 48, in code2ast
    return ast.parse(source)
           ^^^^^^^^^^^^^^^^^
  File "/usr/lib/python3.12/ast.py", line 52, in parse
    return compile(source, filename, mode, flags,
           ^^^^^^^^^^^^^^^^^^^^^^^^^^^^^^^^^^^^^^
  File "<unknown>", line 5
    for v in range(, size(
                   ^
SyntaxError: invalid syntax
2025-07-17 23:29:06,182 cblogger [ERROR]: 		Error while extracting code size based metrics: SyntaxError at line: 5
Traceback (most recent call last):
  File "/root/trabalho_super/venv_jupyter/lib/python3.12/site-packages/radon/raw.py", line 210, in analyze
    tokens, parsed_lines = _get_all_tokens(line, lines)
                           ^^^^^^^^^^^^^^^^^^^^^^^^^^^^
  File "/root/trabalho_super/venv_jupyter/lib/python3.12/site-packages/radon/raw.py", line 117, in _get_all_tokens
    next_line = next(lines)
                ^^^^^^^^^^^
StopIteration

During handling of the above exception, another exception occurred:

Traceback (most recent call last):
  File "/root/trabalho_super/QuestionInsight/Etapa_1/codebench-mining-tool/util.py", line 560, in extract_size_metrics
    a = analyze(code)
        ^^^^^^^^^^^^^
  File "/root/trabalho_super/venv_jupyter/lib/python3.12/site-packages/radon/raw.py", line 212, in analyze
    raise SyntaxError('SyntaxError at line: {0}'.format(lineno))
SyntaxError: SyntaxError at line: 5
2025-07-17 23:29:06,183 cblogger [ERROR]: 		Error while extracting halsted code metrics: invalid syntax (<unknown>, line 5)
Traceback (most recent call last):
  File "/root/trabalho_super/QuestionInsight/Etapa_1/codebench-mining-tool/util.py", line 569, in extract_halstead_metrics
    h = h_visit(code)
        ^^^^^^^^^^^^^
  File "/root/trabalho_super/venv_jupyter/lib/python3.12/site-packages/radon/metrics.py", line 29, in h_visit
    return h_visit_ast(ast.parse(code))
                       ^^^^^^^^^^^^^^^
  File "/usr/lib/python3.12/ast.py", line 52, in parse
    return compile(source, filename, mode, flags,
           ^^^^^^^^^^^^^^^^^^^^^^^^^^^^^^^^^^^^^^
  File "<unknown>", line 5
    for v in range(, size(
                   ^
SyntaxError: invalid syntax
2025-07-17 23:29:06,198 cblogger [ERROR]: 		Error while extracting code complexity metrics: invalid syntax (<unknown>, line 3)
Traceback (most recent call last):
  File "/root/trabalho_super/QuestionInsight/Etapa_1/codebench-mining-tool/util.py", line 551, in extract_complexity_metrics
    v = ComplexityVisitor.from_code(code)
        ^^^^^^^^^^^^^^^^^^^^^^^^^^^^^^^^^
  File "/root/trabalho_super/venv_jupyter/lib/python3.12/site-packages/radon/visitors.py", line 133, in from_code
    return cls.from_ast(code2ast(code), **kwargs)
                        ^^^^^^^^^^^^^^
  File "/root/trabalho_super/venv_jupyter/lib/python3.12/site-packages/radon/visitors.py", line 48, in code2ast
    return ast.parse(source)
           ^^^^^^^^^^^^^^^^^
  File "/usr/lib/python3.12/ast.py", line 52, in parse
    return compile(source, filename, mode, flags,
           ^^^^^^^^^^^^^^^^^^^^^^^^^^^^^^^^^^^^^^
  File "<unknown>", line 3
    if
      ^
SyntaxError: invalid syntax
2025-07-17 23:29:06,199 cblogger [ERROR]: 		Error while extracting halsted code metrics: invalid syntax (<unknown>, line 3)
Traceback (most recent call last):
  File "/root/trabalho_super/QuestionInsight/Etapa_1/codebench-mining-tool/util.py", line 569, in extract_halstead_metrics
    h = h_visit(code)
        ^^^^^^^^^^^^^
  File "/root/trabalho_super/venv_jupyter/lib/python3.12/site-packages/radon/metrics.py", line 29, in h_visit
    return h_visit_ast(ast.parse(code))
                       ^^^^^^^^^^^^^^^
  File "/usr/lib/python3.12/ast.py", line 52, in parse
    return compile(source, filename, mode, flags,
           ^^^^^^^^^^^^^^^^^^^^^^^^^^^^^^^^^^^^^^
  File "<unknown>", line 3
    if
      ^
SyntaxError: invalid syntax
2025-07-17 23:29:06,201 cblogger [ERROR]: 		Error while extracting code complexity metrics: invalid syntax (<unknown>, line 5)
Traceback (most recent call last):
  File "/root/trabalho_super/QuestionInsight/Etapa_1/codebench-mining-tool/util.py", line 551, in extract_complexity_metrics
    v = ComplexityVisitor.from_code(code)
        ^^^^^^^^^^^^^^^^^^^^^^^^^^^^^^^^^
  File "/root/trabalho_super/venv_jupyter/lib/python3.12/site-packages/radon/visitors.py", line 133, in from_code
    return cls.from_ast(code2ast(code), **kwargs)
                        ^^^^^^^^^^^^^^
  File "/root/trabalho_super/venv_jupyter/lib/python3.12/site-packages/radon/visitors.py", line 48, in code2ast
    return ast.parse(source)
           ^^^^^^^^^^^^^^^^^
  File "/usr/lib/python3.12/ast.py", line 52, in parse
    return compile(source, filename, mode, flags,
           ^^^^^^^^^^^^^^^^^^^^^^^^^^^^^^^^^^^^^^
  File "<unknown>", line 5
    i = 
        ^
SyntaxError: invalid syntax
2025-07-17 23:29:06,202 cblogger [ERROR]: 		Error while extracting halsted code metrics: invalid syntax (<unknown>, line 5)
Traceback (most recent call last):
  File "/root/trabalho_super/QuestionInsight/Etapa_1/codebench-mining-tool/util.py", line 569, in extract_halstead_metrics
    h = h_visit(code)
        ^^^^^^^^^^^^^
  File "/root/trabalho_super/venv_jupyter/lib/python3.12/site-packages/radon/metrics.py", line 29, in h_visit
    return h_visit_ast(ast.parse(code))
                       ^^^^^^^^^^^^^^^
  File "/usr/lib/python3.12/ast.py", line 52, in parse
    return compile(source, filename, mode, flags,
           ^^^^^^^^^^^^^^^^^^^^^^^^^^^^^^^^^^^^^^
  File "<unknown>", line 5
    i = 
        ^
SyntaxError: invalid syntax
2025-07-17 23:29:06,209 cblogger [ERROR]: 		Error while extracting code complexity metrics: expected an indented block after 'while' statement on line 4 (<unknown>, line 5)
Traceback (most recent call last):
  File "/root/trabalho_super/QuestionInsight/Etapa_1/codebench-mining-tool/util.py", line 551, in extract_complexity_metrics
    v = ComplexityVisitor.from_code(code)
        ^^^^^^^^^^^^^^^^^^^^^^^^^^^^^^^^^
  File "/root/trabalho_super/venv_jupyter/lib/python3.12/site-packages/radon/visitors.py", line 133, in from_code
    return cls.from_ast(code2ast(code), **kwargs)
                        ^^^^^^^^^^^^^^
  File "/root/trabalho_super/venv_jupyter/lib/python3.12/site-packages/radon/visitors.py", line 48, in code2ast
    return ast.parse(source)
           ^^^^^^^^^^^^^^^^^
  File "/usr/lib/python3.12/ast.py", line 52, in parse
    return compile(source, filename, mode, flags,
           ^^^^^^^^^^^^^^^^^^^^^^^^^^^^^^^^^^^^^^
  File "<unknown>", line 5
    	
    	^
IndentationError: expected an indented block after 'while' statement on line 4
2025-07-17 23:29:06,210 cblogger [ERROR]: 		Error while extracting halsted code metrics: expected an indented block after 'while' statement on line 4 (<unknown>, line 5)
Traceback (most recent call last):
  File "/root/trabalho_super/QuestionInsight/Etapa_1/codebench-mining-tool/util.py", line 569, in extract_halstead_metrics
    h = h_visit(code)
        ^^^^^^^^^^^^^
  File "/root/trabalho_super/venv_jupyter/lib/python3.12/site-packages/radon/metrics.py", line 29, in h_visit
    return h_visit_ast(ast.parse(code))
                       ^^^^^^^^^^^^^^^
  File "/usr/lib/python3.12/ast.py", line 52, in parse
    return compile(source, filename, mode, flags,
           ^^^^^^^^^^^^^^^^^^^^^^^^^^^^^^^^^^^^^^
  File "<unknown>", line 5
    	
    	^
IndentationError: expected an indented block after 'while' statement on line 4
2025-07-17 23:29:06,228 cblogger [ERROR]: 		Error while extracting code complexity metrics: invalid syntax (<unknown>, line 5)
Traceback (most recent call last):
  File "/root/trabalho_super/QuestionInsight/Etapa_1/codebench-mining-tool/util.py", line 551, in extract_complexity_metrics
    v = ComplexityVisitor.from_code(code)
        ^^^^^^^^^^^^^^^^^^^^^^^^^^^^^^^^^
  File "/root/trabalho_super/venv_jupyter/lib/python3.12/site-packages/radon/visitors.py", line 133, in from_code
    return cls.from_ast(code2ast(code), **kwargs)
                        ^^^^^^^^^^^^^^
  File "/root/trabalho_super/venv_jupyter/lib/python3.12/site-packages/radon/visitors.py", line 48, in code2ast
    return ast.parse(source)
           ^^^^^^^^^^^^^^^^^
  File "/usr/lib/python3.12/ast.py", line 52, in parse
    return compile(source, filename, mode, flags,
           ^^^^^^^^^^^^^^^^^^^^^^^^^^^^^^^^^^^^^^
  File "<unknown>", line 5
    while 
          ^
SyntaxError: invalid syntax
2025-07-17 23:29:06,229 cblogger [ERROR]: 		Error while extracting halsted code metrics: invalid syntax (<unknown>, line 5)
Traceback (most recent call last):
  File "/root/trabalho_super/QuestionInsight/Etapa_1/codebench-mining-tool/util.py", line 569, in extract_halstead_metrics
    h = h_visit(code)
        ^^^^^^^^^^^^^
  File "/root/trabalho_super/venv_jupyter/lib/python3.12/site-packages/radon/metrics.py", line 29, in h_visit
    return h_visit_ast(ast.parse(code))
                       ^^^^^^^^^^^^^^^
  File "/usr/lib/python3.12/ast.py", line 52, in parse
    return compile(source, filename, mode, flags,
           ^^^^^^^^^^^^^^^^^^^^^^^^^^^^^^^^^^^^^^
  File "<unknown>", line 5
    while 
          ^
SyntaxError: invalid syntax
2025-07-17 23:29:06,240 cblogger [ERROR]: 		Error while extracting code complexity metrics: expected an indented block after 'else' statement on line 6 (<unknown>, line 12)
Traceback (most recent call last):
  File "/root/trabalho_super/QuestionInsight/Etapa_1/codebench-mining-tool/util.py", line 551, in extract_complexity_metrics
    v = ComplexityVisitor.from_code(code)
        ^^^^^^^^^^^^^^^^^^^^^^^^^^^^^^^^^
  File "/root/trabalho_super/venv_jupyter/lib/python3.12/site-packages/radon/visitors.py", line 133, in from_code
    return cls.from_ast(code2ast(code), **kwargs)
                        ^^^^^^^^^^^^^^
  File "/root/trabalho_super/venv_jupyter/lib/python3.12/site-packages/radon/visitors.py", line 48, in code2ast
    return ast.parse(source)
           ^^^^^^^^^^^^^^^^^
  File "/usr/lib/python3.12/ast.py", line 52, in parse
    return compile(source, filename, mode, flags,
           ^^^^^^^^^^^^^^^^^^^^^^^^^^^^^^^^^^^^^^
  File "<unknown>", line 12
    print(round (resultado, 2))
    ^^^^^
IndentationError: expected an indented block after 'else' statement on line 6
2025-07-17 23:29:06,241 cblogger [ERROR]: 		Error while extracting halsted code metrics: expected an indented block after 'else' statement on line 6 (<unknown>, line 12)
Traceback (most recent call last):
  File "/root/trabalho_super/QuestionInsight/Etapa_1/codebench-mining-tool/util.py", line 569, in extract_halstead_metrics
    h = h_visit(code)
        ^^^^^^^^^^^^^
  File "/root/trabalho_super/venv_jupyter/lib/python3.12/site-packages/radon/metrics.py", line 29, in h_visit
    return h_visit_ast(ast.parse(code))
                       ^^^^^^^^^^^^^^^
  File "/usr/lib/python3.12/ast.py", line 52, in parse
    return compile(source, filename, mode, flags,
           ^^^^^^^^^^^^^^^^^^^^^^^^^^^^^^^^^^^^^^
  File "<unknown>", line 12
    print(round (resultado, 2))
    ^^^^^
IndentationError: expected an indented block after 'else' statement on line 6
2025-07-17 23:29:06,243 cblogger [ERROR]: 		Error while extracting code complexity metrics: '(' was never closed (<unknown>, line 2)
Traceback (most recent call last):
  File "/root/trabalho_super/QuestionInsight/Etapa_1/codebench-mining-tool/util.py", line 551, in extract_complexity_metrics
    v = ComplexityVisitor.from_code(code)
        ^^^^^^^^^^^^^^^^^^^^^^^^^^^^^^^^^
  File "/root/trabalho_super/venv_jupyter/lib/python3.12/site-packages/radon/visitors.py", line 133, in from_code
    return cls.from_ast(code2ast(code), **kwargs)
                        ^^^^^^^^^^^^^^
  File "/root/trabalho_super/venv_jupyter/lib/python3.12/site-packages/radon/visitors.py", line 48, in code2ast
    return ast.parse(source)
           ^^^^^^^^^^^^^^^^^
  File "/usr/lib/python3.12/ast.py", line 52, in parse
    return compile(source, filename, mode, flags,
           ^^^^^^^^^^^^^^^^^^^^^^^^^^^^^^^^^^^^^^
  File "<unknown>", line 2
    n = int(input("mumero de criancas")
           ^
SyntaxError: '(' was never closed
2025-07-17 23:29:06,243 cblogger [ERROR]: 		Error while extracting code size based metrics: SyntaxError at line: 2
Traceback (most recent call last):
  File "/root/trabalho_super/venv_jupyter/lib/python3.12/site-packages/radon/raw.py", line 210, in analyze
    tokens, parsed_lines = _get_all_tokens(line, lines)
                           ^^^^^^^^^^^^^^^^^^^^^^^^^^^^
  File "/root/trabalho_super/venv_jupyter/lib/python3.12/site-packages/radon/raw.py", line 117, in _get_all_tokens
    next_line = next(lines)
                ^^^^^^^^^^^
StopIteration

During handling of the above exception, another exception occurred:

Traceback (most recent call last):
  File "/root/trabalho_super/QuestionInsight/Etapa_1/codebench-mining-tool/util.py", line 560, in extract_size_metrics
    a = analyze(code)
        ^^^^^^^^^^^^^
  File "/root/trabalho_super/venv_jupyter/lib/python3.12/site-packages/radon/raw.py", line 212, in analyze
    raise SyntaxError('SyntaxError at line: {0}'.format(lineno))
SyntaxError: SyntaxError at line: 2
2025-07-17 23:29:06,244 cblogger [ERROR]: 		Error while extracting halsted code metrics: '(' was never closed (<unknown>, line 2)
Traceback (most recent call last):
  File "/root/trabalho_super/QuestionInsight/Etapa_1/codebench-mining-tool/util.py", line 569, in extract_halstead_metrics
    h = h_visit(code)
        ^^^^^^^^^^^^^
  File "/root/trabalho_super/venv_jupyter/lib/python3.12/site-packages/radon/metrics.py", line 29, in h_visit
    return h_visit_ast(ast.parse(code))
                       ^^^^^^^^^^^^^^^
  File "/usr/lib/python3.12/ast.py", line 52, in parse
    return compile(source, filename, mode, flags,
           ^^^^^^^^^^^^^^^^^^^^^^^^^^^^^^^^^^^^^^
  File "<unknown>", line 2
    n = int(input("mumero de criancas")
           ^
SyntaxError: '(' was never closed
2025-07-17 23:29:06,245 cblogger [ERROR]: 		Error while extracting code complexity metrics: cannot assign to literal here. Maybe you meant '==' instead of '='? (<unknown>, line 5)
Traceback (most recent call last):
  File "/root/trabalho_super/QuestionInsight/Etapa_1/codebench-mining-tool/util.py", line 551, in extract_complexity_metrics
    v = ComplexityVisitor.from_code(code)
        ^^^^^^^^^^^^^^^^^^^^^^^^^^^^^^^^^
  File "/root/trabalho_super/venv_jupyter/lib/python3.12/site-packages/radon/visitors.py", line 133, in from_code
    return cls.from_ast(code2ast(code), **kwargs)
                        ^^^^^^^^^^^^^^
  File "/root/trabalho_super/venv_jupyter/lib/python3.12/site-packages/radon/visitors.py", line 48, in code2ast
    return ast.parse(source)
           ^^^^^^^^^^^^^^^^^
  File "/usr/lib/python3.12/ast.py", line 52, in parse
    return compile(source, filename, mode, flags,
           ^^^^^^^^^^^^^^^^^^^^^^^^^^^^^^^^^^^^^^
  File "<unknown>", line 5
    100 = 845 (input("Qual o valor unitario do jogo? "))
    ^^^
SyntaxError: cannot assign to literal here. Maybe you meant '==' instead of '='?
2025-07-17 23:29:06,246 cblogger [ERROR]: 		Error while extracting halsted code metrics: cannot assign to literal here. Maybe you meant '==' instead of '='? (<unknown>, line 5)
Traceback (most recent call last):
  File "/root/trabalho_super/QuestionInsight/Etapa_1/codebench-mining-tool/util.py", line 569, in extract_halstead_metrics
    h = h_visit(code)
        ^^^^^^^^^^^^^
  File "/root/trabalho_super/venv_jupyter/lib/python3.12/site-packages/radon/metrics.py", line 29, in h_visit
    return h_visit_ast(ast.parse(code))
                       ^^^^^^^^^^^^^^^
  File "/usr/lib/python3.12/ast.py", line 52, in parse
    return compile(source, filename, mode, flags,
           ^^^^^^^^^^^^^^^^^^^^^^^^^^^^^^^^^^^^^^
  File "<unknown>", line 5
    100 = 845 (input("Qual o valor unitario do jogo? "))
    ^^^
SyntaxError: cannot assign to literal here. Maybe you meant '==' instead of '='?
2025-07-17 23:29:06,246 cblogger [ERROR]: 		Error while extracting code token based metrics: 55
Traceback (most recent call last):
  File "/root/trabalho_super/QuestionInsight/Etapa_1/codebench-mining-tool/util.py", line 633, in extract_token_metrics
    setattr(obj, TOKEN_NAMES[k], v)
                 ~~~~~~~~~~~^^^
KeyError: 55
2025-07-17 23:29:06,253 cblogger [ERROR]: 		Error while extracting code complexity metrics: invalid syntax (<unknown>, line 1)
Traceback (most recent call last):
  File "/root/trabalho_super/QuestionInsight/Etapa_1/codebench-mining-tool/util.py", line 551, in extract_complexity_metrics
    v = ComplexityVisitor.from_code(code)
        ^^^^^^^^^^^^^^^^^^^^^^^^^^^^^^^^^
  File "/root/trabalho_super/venv_jupyter/lib/python3.12/site-packages/radon/visitors.py", line 133, in from_code
    return cls.from_ast(code2ast(code), **kwargs)
                        ^^^^^^^^^^^^^^
  File "/root/trabalho_super/venv_jupyter/lib/python3.12/site-packages/radon/visitors.py", line 48, in code2ast
    return ast.parse(source)
           ^^^^^^^^^^^^^^^^^
  File "/usr/lib/python3.12/ast.py", line 52, in parse
    return compile(source, filename, mode, flags,
           ^^^^^^^^^^^^^^^^^^^^^^^^^^^^^^^^^^^^^^
  File "<unknown>", line 1
    from impot math 
               ^^^^
SyntaxError: invalid syntax
2025-07-17 23:29:06,254 cblogger [ERROR]: 		Error while extracting halsted code metrics: invalid syntax (<unknown>, line 1)
Traceback (most recent call last):
  File "/root/trabalho_super/QuestionInsight/Etapa_1/codebench-mining-tool/util.py", line 569, in extract_halstead_metrics
    h = h_visit(code)
        ^^^^^^^^^^^^^
  File "/root/trabalho_super/venv_jupyter/lib/python3.12/site-packages/radon/metrics.py", line 29, in h_visit
    return h_visit_ast(ast.parse(code))
                       ^^^^^^^^^^^^^^^
  File "/usr/lib/python3.12/ast.py", line 52, in parse
    return compile(source, filename, mode, flags,
           ^^^^^^^^^^^^^^^^^^^^^^^^^^^^^^^^^^^^^^
  File "<unknown>", line 1
    from impot math 
               ^^^^
SyntaxError: invalid syntax
2025-07-17 23:29:06,302 cblogger [ERROR]: 		Error while extracting code complexity metrics: invalid syntax. Perhaps you forgot a comma? (<unknown>, line 11)
Traceback (most recent call last):
  File "/root/trabalho_super/QuestionInsight/Etapa_1/codebench-mining-tool/util.py", line 551, in extract_complexity_metrics
    v = ComplexityVisitor.from_code(code)
        ^^^^^^^^^^^^^^^^^^^^^^^^^^^^^^^^^
  File "/root/trabalho_super/venv_jupyter/lib/python3.12/site-packages/radon/visitors.py", line 133, in from_code
    return cls.from_ast(code2ast(code), **kwargs)
                        ^^^^^^^^^^^^^^
  File "/root/trabalho_super/venv_jupyter/lib/python3.12/site-packages/radon/visitors.py", line 48, in code2ast
    return ast.parse(source)
           ^^^^^^^^^^^^^^^^^
  File "/usr/lib/python3.12/ast.py", line 52, in parse
    return compile(source, filename, mode, flags,
           ^^^^^^^^^^^^^^^^^^^^^^^^^^^^^^^^^^^^^^
  File "<unknown>", line 11
    if (___COMPLETE AQUI___):
        ^^^^^^^^^^^^^^^^^^^
SyntaxError: invalid syntax. Perhaps you forgot a comma?
2025-07-17 23:29:06,303 cblogger [ERROR]: 		Error while extracting halsted code metrics: invalid syntax. Perhaps you forgot a comma? (<unknown>, line 11)
Traceback (most recent call last):
  File "/root/trabalho_super/QuestionInsight/Etapa_1/codebench-mining-tool/util.py", line 569, in extract_halstead_metrics
    h = h_visit(code)
        ^^^^^^^^^^^^^
  File "/root/trabalho_super/venv_jupyter/lib/python3.12/site-packages/radon/metrics.py", line 29, in h_visit
    return h_visit_ast(ast.parse(code))
                       ^^^^^^^^^^^^^^^
  File "/usr/lib/python3.12/ast.py", line 52, in parse
    return compile(source, filename, mode, flags,
           ^^^^^^^^^^^^^^^^^^^^^^^^^^^^^^^^^^^^^^
  File "<unknown>", line 11
    if (___COMPLETE AQUI___):
        ^^^^^^^^^^^^^^^^^^^
SyntaxError: invalid syntax. Perhaps you forgot a comma?
2025-07-17 23:29:06,338 cblogger [ERROR]: 		Error while extracting code complexity metrics: invalid syntax (<unknown>, line 3)
Traceback (most recent call last):
  File "/root/trabalho_super/QuestionInsight/Etapa_1/codebench-mining-tool/util.py", line 551, in extract_complexity_metrics
    v = ComplexityVisitor.from_code(code)
        ^^^^^^^^^^^^^^^^^^^^^^^^^^^^^^^^^
  File "/root/trabalho_super/venv_jupyter/lib/python3.12/site-packages/radon/visitors.py", line 133, in from_code
    return cls.from_ast(code2ast(code), **kwargs)
                        ^^^^^^^^^^^^^^
  File "/root/trabalho_super/venv_jupyter/lib/python3.12/site-packages/radon/visitors.py", line 48, in code2ast
    return ast.parse(source)
           ^^^^^^^^^^^^^^^^^
  File "/usr/lib/python3.12/ast.py", line 52, in parse
    return compile(source, filename, mode, flags,
           ^^^^^^^^^^^^^^^^^^^^^^^^^^^^^^^^^^^^^^
  File "<unknown>", line 3
    while 
          ^
SyntaxError: invalid syntax
2025-07-17 23:29:06,339 cblogger [ERROR]: 		Error while extracting halsted code metrics: invalid syntax (<unknown>, line 3)
Traceback (most recent call last):
  File "/root/trabalho_super/QuestionInsight/Etapa_1/codebench-mining-tool/util.py", line 569, in extract_halstead_metrics
    h = h_visit(code)
        ^^^^^^^^^^^^^
  File "/root/trabalho_super/venv_jupyter/lib/python3.12/site-packages/radon/metrics.py", line 29, in h_visit
    return h_visit_ast(ast.parse(code))
                       ^^^^^^^^^^^^^^^
  File "/usr/lib/python3.12/ast.py", line 52, in parse
    return compile(source, filename, mode, flags,
           ^^^^^^^^^^^^^^^^^^^^^^^^^^^^^^^^^^^^^^
  File "<unknown>", line 3
    while 
          ^
SyntaxError: invalid syntax
2025-07-17 23:29:06,344 cblogger [ERROR]: 		Error while extracting code complexity metrics: invalid syntax. Maybe you meant '==' or ':=' instead of '='? (<unknown>, line 2)
Traceback (most recent call last):
  File "/root/trabalho_super/QuestionInsight/Etapa_1/codebench-mining-tool/util.py", line 551, in extract_complexity_metrics
    v = ComplexityVisitor.from_code(code)
        ^^^^^^^^^^^^^^^^^^^^^^^^^^^^^^^^^
  File "/root/trabalho_super/venv_jupyter/lib/python3.12/site-packages/radon/visitors.py", line 133, in from_code
    return cls.from_ast(code2ast(code), **kwargs)
                        ^^^^^^^^^^^^^^
  File "/root/trabalho_super/venv_jupyter/lib/python3.12/site-packages/radon/visitors.py", line 48, in code2ast
    return ast.parse(source)
           ^^^^^^^^^^^^^^^^^
  File "/usr/lib/python3.12/ast.py", line 52, in parse
    return compile(source, filename, mode, flags,
           ^^^^^^^^^^^^^^^^^^^^^^^^^^^^^^^^^^^^^^
  File "<unknown>", line 2
    while x=input("insira sua unidade:"):
          ^^^^^^^^^^^^^^^^^^^^^^^^^^^^^^
SyntaxError: invalid syntax. Maybe you meant '==' or ':=' instead of '='?
2025-07-17 23:29:06,345 cblogger [ERROR]: 		Error while extracting halsted code metrics: invalid syntax. Maybe you meant '==' or ':=' instead of '='? (<unknown>, line 2)
Traceback (most recent call last):
  File "/root/trabalho_super/QuestionInsight/Etapa_1/codebench-mining-tool/util.py", line 569, in extract_halstead_metrics
    h = h_visit(code)
        ^^^^^^^^^^^^^
  File "/root/trabalho_super/venv_jupyter/lib/python3.12/site-packages/radon/metrics.py", line 29, in h_visit
    return h_visit_ast(ast.parse(code))
                       ^^^^^^^^^^^^^^^
  File "/usr/lib/python3.12/ast.py", line 52, in parse
    return compile(source, filename, mode, flags,
           ^^^^^^^^^^^^^^^^^^^^^^^^^^^^^^^^^^^^^^
  File "<unknown>", line 2
    while x=input("insira sua unidade:"):
          ^^^^^^^^^^^^^^^^^^^^^^^^^^^^^^
SyntaxError: invalid syntax. Maybe you meant '==' or ':=' instead of '='?
2025-07-17 23:29:06,380 cblogger [ERROR]: 		Error while extracting code complexity metrics: '(' was never closed (<unknown>, line 2)
Traceback (most recent call last):
  File "/root/trabalho_super/QuestionInsight/Etapa_1/codebench-mining-tool/util.py", line 551, in extract_complexity_metrics
    v = ComplexityVisitor.from_code(code)
        ^^^^^^^^^^^^^^^^^^^^^^^^^^^^^^^^^
  File "/root/trabalho_super/venv_jupyter/lib/python3.12/site-packages/radon/visitors.py", line 133, in from_code
    return cls.from_ast(code2ast(code), **kwargs)
                        ^^^^^^^^^^^^^^
  File "/root/trabalho_super/venv_jupyter/lib/python3.12/site-packages/radon/visitors.py", line 48, in code2ast
    return ast.parse(source)
           ^^^^^^^^^^^^^^^^^
  File "/usr/lib/python3.12/ast.py", line 52, in parse
    return compile(source, filename, mode, flags,
           ^^^^^^^^^^^^^^^^^^^^^^^^^^^^^^^^^^^^^^
  File "<unknown>", line 2
    print(fras
         ^
SyntaxError: '(' was never closed
2025-07-17 23:29:06,380 cblogger [ERROR]: 		Error while extracting code size based metrics: SyntaxError at line: 2
Traceback (most recent call last):
  File "/root/trabalho_super/venv_jupyter/lib/python3.12/site-packages/radon/raw.py", line 210, in analyze
    tokens, parsed_lines = _get_all_tokens(line, lines)
                           ^^^^^^^^^^^^^^^^^^^^^^^^^^^^
  File "/root/trabalho_super/venv_jupyter/lib/python3.12/site-packages/radon/raw.py", line 117, in _get_all_tokens
    next_line = next(lines)
                ^^^^^^^^^^^
StopIteration

During handling of the above exception, another exception occurred:

Traceback (most recent call last):
  File "/root/trabalho_super/QuestionInsight/Etapa_1/codebench-mining-tool/util.py", line 560, in extract_size_metrics
    a = analyze(code)
        ^^^^^^^^^^^^^
  File "/root/trabalho_super/venv_jupyter/lib/python3.12/site-packages/radon/raw.py", line 212, in analyze
    raise SyntaxError('SyntaxError at line: {0}'.format(lineno))
SyntaxError: SyntaxError at line: 2
2025-07-17 23:29:06,381 cblogger [ERROR]: 		Error while extracting halsted code metrics: '(' was never closed (<unknown>, line 2)
Traceback (most recent call last):
  File "/root/trabalho_super/QuestionInsight/Etapa_1/codebench-mining-tool/util.py", line 569, in extract_halstead_metrics
    h = h_visit(code)
        ^^^^^^^^^^^^^
  File "/root/trabalho_super/venv_jupyter/lib/python3.12/site-packages/radon/metrics.py", line 29, in h_visit
    return h_visit_ast(ast.parse(code))
                       ^^^^^^^^^^^^^^^
  File "/usr/lib/python3.12/ast.py", line 52, in parse
    return compile(source, filename, mode, flags,
           ^^^^^^^^^^^^^^^^^^^^^^^^^^^^^^^^^^^^^^
  File "<unknown>", line 2
    print(fras
         ^
SyntaxError: '(' was never closed
2025-07-17 23:29:06,410 cblogger [ERROR]: 		Error while extracting code complexity metrics: invalid syntax (<unknown>, line 6)
Traceback (most recent call last):
  File "/root/trabalho_super/QuestionInsight/Etapa_1/codebench-mining-tool/util.py", line 551, in extract_complexity_metrics
    v = ComplexityVisitor.from_code(code)
        ^^^^^^^^^^^^^^^^^^^^^^^^^^^^^^^^^
  File "/root/trabalho_super/venv_jupyter/lib/python3.12/site-packages/radon/visitors.py", line 133, in from_code
    return cls.from_ast(code2ast(code), **kwargs)
                        ^^^^^^^^^^^^^^
  File "/root/trabalho_super/venv_jupyter/lib/python3.12/site-packages/radon/visitors.py", line 48, in code2ast
    return ast.parse(source)
           ^^^^^^^^^^^^^^^^^
  File "/usr/lib/python3.12/ast.py", line 52, in parse
    return compile(source, filename, mode, flags,
           ^^^^^^^^^^^^^^^^^^^^^^^^^^^^^^^^^^^^^^
  File "<unknown>", line 6
    while v == :
               ^
SyntaxError: invalid syntax
2025-07-17 23:29:06,413 cblogger [ERROR]: 		Error while extracting halsted code metrics: invalid syntax (<unknown>, line 6)
Traceback (most recent call last):
  File "/root/trabalho_super/QuestionInsight/Etapa_1/codebench-mining-tool/util.py", line 569, in extract_halstead_metrics
    h = h_visit(code)
        ^^^^^^^^^^^^^
  File "/root/trabalho_super/venv_jupyter/lib/python3.12/site-packages/radon/metrics.py", line 29, in h_visit
    return h_visit_ast(ast.parse(code))
                       ^^^^^^^^^^^^^^^
  File "/usr/lib/python3.12/ast.py", line 52, in parse
    return compile(source, filename, mode, flags,
           ^^^^^^^^^^^^^^^^^^^^^^^^^^^^^^^^^^^^^^
  File "<unknown>", line 6
    while v == :
               ^
SyntaxError: invalid syntax
2025-07-17 23:29:06,414 cblogger [ERROR]: 		Error while extracting code complexity metrics: invalid syntax (<unknown>, line 1)
Traceback (most recent call last):
  File "/root/trabalho_super/QuestionInsight/Etapa_1/codebench-mining-tool/util.py", line 551, in extract_complexity_metrics
    v = ComplexityVisitor.from_code(code)
        ^^^^^^^^^^^^^^^^^^^^^^^^^^^^^^^^^
  File "/root/trabalho_super/venv_jupyter/lib/python3.12/site-packages/radon/visitors.py", line 133, in from_code
    return cls.from_ast(code2ast(code), **kwargs)
                        ^^^^^^^^^^^^^^
  File "/root/trabalho_super/venv_jupyter/lib/python3.12/site-packages/radon/visitors.py", line 48, in code2ast
    return ast.parse(source)
           ^^^^^^^^^^^^^^^^^
  File "/usr/lib/python3.12/ast.py", line 52, in parse
    return compile(source, filename, mode, flags,
           ^^^^^^^^^^^^^^^^^^^^^^^^^^^^^^^^^^^^^^
  File "<unknown>", line 1
    from math import 
                     ^
SyntaxError: invalid syntax
2025-07-17 23:29:06,415 cblogger [ERROR]: 		Error while extracting halsted code metrics: invalid syntax (<unknown>, line 1)
Traceback (most recent call last):
  File "/root/trabalho_super/QuestionInsight/Etapa_1/codebench-mining-tool/util.py", line 569, in extract_halstead_metrics
    h = h_visit(code)
        ^^^^^^^^^^^^^
  File "/root/trabalho_super/venv_jupyter/lib/python3.12/site-packages/radon/metrics.py", line 29, in h_visit
    return h_visit_ast(ast.parse(code))
                       ^^^^^^^^^^^^^^^
  File "/usr/lib/python3.12/ast.py", line 52, in parse
    return compile(source, filename, mode, flags,
           ^^^^^^^^^^^^^^^^^^^^^^^^^^^^^^^^^^^^^^
  File "<unknown>", line 1
    from math import 
                     ^
SyntaxError: invalid syntax
2025-07-17 23:29:06,419 cblogger [ERROR]: 		Error while extracting code complexity metrics: expected an indented block after 'if' statement on line 7 (<unknown>, line 8)
Traceback (most recent call last):
  File "/root/trabalho_super/QuestionInsight/Etapa_1/codebench-mining-tool/util.py", line 551, in extract_complexity_metrics
    v = ComplexityVisitor.from_code(code)
        ^^^^^^^^^^^^^^^^^^^^^^^^^^^^^^^^^
  File "/root/trabalho_super/venv_jupyter/lib/python3.12/site-packages/radon/visitors.py", line 133, in from_code
    return cls.from_ast(code2ast(code), **kwargs)
                        ^^^^^^^^^^^^^^
  File "/root/trabalho_super/venv_jupyter/lib/python3.12/site-packages/radon/visitors.py", line 48, in code2ast
    return ast.parse(source)
           ^^^^^^^^^^^^^^^^^
  File "/usr/lib/python3.12/ast.py", line 52, in parse
    return compile(source, filename, mode, flags,
           ^^^^^^^^^^^^^^^^^^^^^^^^^^^^^^^^^^^^^^
  File "<unknown>", line 8
    	print(v)
    	^^^^^
IndentationError: expected an indented block after 'if' statement on line 7
2025-07-17 23:29:06,420 cblogger [ERROR]: 		Error while extracting halsted code metrics: expected an indented block after 'if' statement on line 7 (<unknown>, line 8)
Traceback (most recent call last):
  File "/root/trabalho_super/QuestionInsight/Etapa_1/codebench-mining-tool/util.py", line 569, in extract_halstead_metrics
    h = h_visit(code)
        ^^^^^^^^^^^^^
  File "/root/trabalho_super/venv_jupyter/lib/python3.12/site-packages/radon/metrics.py", line 29, in h_visit
    return h_visit_ast(ast.parse(code))
                       ^^^^^^^^^^^^^^^
  File "/usr/lib/python3.12/ast.py", line 52, in parse
    return compile(source, filename, mode, flags,
           ^^^^^^^^^^^^^^^^^^^^^^^^^^^^^^^^^^^^^^
  File "<unknown>", line 8
    	print(v)
    	^^^^^
IndentationError: expected an indented block after 'if' statement on line 7
2025-07-17 23:29:06,435 cblogger [ERROR]: 		Error while extracting code complexity metrics: invalid syntax (<unknown>, line 3)
Traceback (most recent call last):
  File "/root/trabalho_super/QuestionInsight/Etapa_1/codebench-mining-tool/util.py", line 551, in extract_complexity_metrics
    v = ComplexityVisitor.from_code(code)
        ^^^^^^^^^^^^^^^^^^^^^^^^^^^^^^^^^
  File "/root/trabalho_super/venv_jupyter/lib/python3.12/site-packages/radon/visitors.py", line 133, in from_code
    return cls.from_ast(code2ast(code), **kwargs)
                        ^^^^^^^^^^^^^^
  File "/root/trabalho_super/venv_jupyter/lib/python3.12/site-packages/radon/visitors.py", line 48, in code2ast
    return ast.parse(source)
           ^^^^^^^^^^^^^^^^^
  File "/usr/lib/python3.12/ast.py", line 52, in parse
    return compile(source, filename, mode, flags,
           ^^^^^^^^^^^^^^^^^^^^^^^^^^^^^^^^^^^^^^
  File "<unknown>", line 3
    if quant=<17.5:
            ^
SyntaxError: invalid syntax
2025-07-17 23:29:06,436 cblogger [ERROR]: 		Error while extracting halsted code metrics: invalid syntax (<unknown>, line 3)
Traceback (most recent call last):
  File "/root/trabalho_super/QuestionInsight/Etapa_1/codebench-mining-tool/util.py", line 569, in extract_halstead_metrics
    h = h_visit(code)
        ^^^^^^^^^^^^^
  File "/root/trabalho_super/venv_jupyter/lib/python3.12/site-packages/radon/metrics.py", line 29, in h_visit
    return h_visit_ast(ast.parse(code))
                       ^^^^^^^^^^^^^^^
  File "/usr/lib/python3.12/ast.py", line 52, in parse
    return compile(source, filename, mode, flags,
           ^^^^^^^^^^^^^^^^^^^^^^^^^^^^^^^^^^^^^^
  File "<unknown>", line 3
    if quant=<17.5:
            ^
SyntaxError: invalid syntax
2025-07-17 23:29:06,452 cblogger [ERROR]: 		Error while extracting code complexity metrics: expected ':' (<unknown>, line 9)
Traceback (most recent call last):
  File "/root/trabalho_super/QuestionInsight/Etapa_1/codebench-mining-tool/util.py", line 551, in extract_complexity_metrics
    v = ComplexityVisitor.from_code(code)
        ^^^^^^^^^^^^^^^^^^^^^^^^^^^^^^^^^
  File "/root/trabalho_super/venv_jupyter/lib/python3.12/site-packages/radon/visitors.py", line 133, in from_code
    return cls.from_ast(code2ast(code), **kwargs)
                        ^^^^^^^^^^^^^^
  File "/root/trabalho_super/venv_jupyter/lib/python3.12/site-packages/radon/visitors.py", line 48, in code2ast
    return ast.parse(source)
           ^^^^^^^^^^^^^^^^^
  File "/usr/lib/python3.12/ast.py", line 52, in parse
    return compile(source, filename, mode, flags,
           ^^^^^^^^^^^^^^^^^^^^^^^^^^^^^^^^^^^^^^
  File "<unknown>", line 9
    	if vet[i] % 3 == 0
    	                  ^
SyntaxError: expected ':'
2025-07-17 23:29:06,453 cblogger [ERROR]: 		Error while extracting halsted code metrics: expected ':' (<unknown>, line 9)
Traceback (most recent call last):
  File "/root/trabalho_super/QuestionInsight/Etapa_1/codebench-mining-tool/util.py", line 569, in extract_halstead_metrics
    h = h_visit(code)
        ^^^^^^^^^^^^^
  File "/root/trabalho_super/venv_jupyter/lib/python3.12/site-packages/radon/metrics.py", line 29, in h_visit
    return h_visit_ast(ast.parse(code))
                       ^^^^^^^^^^^^^^^
  File "/usr/lib/python3.12/ast.py", line 52, in parse
    return compile(source, filename, mode, flags,
           ^^^^^^^^^^^^^^^^^^^^^^^^^^^^^^^^^^^^^^
  File "<unknown>", line 9
    	if vet[i] % 3 == 0
    	                  ^
SyntaxError: expected ':'
2025-07-17 23:29:06,477 cblogger [ERROR]: 		Error while extracting code complexity metrics: invalid syntax (<unknown>, line 6)
Traceback (most recent call last):
  File "/root/trabalho_super/QuestionInsight/Etapa_1/codebench-mining-tool/util.py", line 551, in extract_complexity_metrics
    v = ComplexityVisitor.from_code(code)
        ^^^^^^^^^^^^^^^^^^^^^^^^^^^^^^^^^
  File "/root/trabalho_super/venv_jupyter/lib/python3.12/site-packages/radon/visitors.py", line 133, in from_code
    return cls.from_ast(code2ast(code), **kwargs)
                        ^^^^^^^^^^^^^^
  File "/root/trabalho_super/venv_jupyter/lib/python3.12/site-packages/radon/visitors.py", line 48, in code2ast
    return ast.parse(source)
           ^^^^^^^^^^^^^^^^^
  File "/usr/lib/python3.12/ast.py", line 52, in parse
    return compile(source, filename, mode, flags,
           ^^^^^^^^^^^^^^^^^^^^^^^^^^^^^^^^^^^^^^
  File "<unknown>", line 6
    while
         ^
SyntaxError: invalid syntax
2025-07-17 23:29:06,477 cblogger [ERROR]: 		Error while extracting halsted code metrics: invalid syntax (<unknown>, line 6)
Traceback (most recent call last):
  File "/root/trabalho_super/QuestionInsight/Etapa_1/codebench-mining-tool/util.py", line 569, in extract_halstead_metrics
    h = h_visit(code)
        ^^^^^^^^^^^^^
  File "/root/trabalho_super/venv_jupyter/lib/python3.12/site-packages/radon/metrics.py", line 29, in h_visit
    return h_visit_ast(ast.parse(code))
                       ^^^^^^^^^^^^^^^
  File "/usr/lib/python3.12/ast.py", line 52, in parse
    return compile(source, filename, mode, flags,
           ^^^^^^^^^^^^^^^^^^^^^^^^^^^^^^^^^^^^^^
  File "<unknown>", line 6
    while
         ^
SyntaxError: invalid syntax
2025-07-17 23:29:06,547 cblogger [ERROR]: 		Error while extracting code complexity metrics: invalid syntax (<unknown>, line 4)
Traceback (most recent call last):
  File "/root/trabalho_super/QuestionInsight/Etapa_1/codebench-mining-tool/util.py", line 551, in extract_complexity_metrics
    v = ComplexityVisitor.from_code(code)
        ^^^^^^^^^^^^^^^^^^^^^^^^^^^^^^^^^
  File "/root/trabalho_super/venv_jupyter/lib/python3.12/site-packages/radon/visitors.py", line 133, in from_code
    return cls.from_ast(code2ast(code), **kwargs)
                        ^^^^^^^^^^^^^^
  File "/root/trabalho_super/venv_jupyter/lib/python3.12/site-packages/radon/visitors.py", line 48, in code2ast
    return ast.parse(source)
           ^^^^^^^^^^^^^^^^^
  File "/usr/lib/python3.12/ast.py", line 52, in parse
    return compile(source, filename, mode, flags,
           ^^^^^^^^^^^^^^^^^^^^^^^^^^^^^^^^^^^^^^
  File "<unknown>", line 4
    while 
          ^
SyntaxError: invalid syntax
2025-07-17 23:29:06,547 cblogger [ERROR]: 		Error while extracting halsted code metrics: invalid syntax (<unknown>, line 4)
Traceback (most recent call last):
  File "/root/trabalho_super/QuestionInsight/Etapa_1/codebench-mining-tool/util.py", line 569, in extract_halstead_metrics
    h = h_visit(code)
        ^^^^^^^^^^^^^
  File "/root/trabalho_super/venv_jupyter/lib/python3.12/site-packages/radon/metrics.py", line 29, in h_visit
    return h_visit_ast(ast.parse(code))
                       ^^^^^^^^^^^^^^^
  File "/usr/lib/python3.12/ast.py", line 52, in parse
    return compile(source, filename, mode, flags,
           ^^^^^^^^^^^^^^^^^^^^^^^^^^^^^^^^^^^^^^
  File "<unknown>", line 4
    while 
          ^
SyntaxError: invalid syntax
2025-07-17 23:29:06,669 cblogger [ERROR]: 		Error while extracting code complexity metrics: expression cannot contain assignment, perhaps you meant "=="? (<unknown>, line 1)
Traceback (most recent call last):
  File "/root/trabalho_super/QuestionInsight/Etapa_1/codebench-mining-tool/util.py", line 551, in extract_complexity_metrics
    v = ComplexityVisitor.from_code(code)
        ^^^^^^^^^^^^^^^^^^^^^^^^^^^^^^^^^
  File "/root/trabalho_super/venv_jupyter/lib/python3.12/site-packages/radon/visitors.py", line 133, in from_code
    return cls.from_ast(code2ast(code), **kwargs)
                        ^^^^^^^^^^^^^^
  File "/root/trabalho_super/venv_jupyter/lib/python3.12/site-packages/radon/visitors.py", line 48, in code2ast
    return ast.parse(source)
           ^^^^^^^^^^^^^^^^^
  File "/usr/lib/python3.12/ast.py", line 52, in parse
    return compile(source, filename, mode, flags,
           ^^^^^^^^^^^^^^^^^^^^^^^^^^^^^^^^^^^^^^
  File "<unknown>", line 1
    round(f(x)= x**2 and x and 1)
          ^^^^^
SyntaxError: expression cannot contain assignment, perhaps you meant "=="?
2025-07-17 23:29:06,670 cblogger [ERROR]: 		Error while extracting halsted code metrics: expression cannot contain assignment, perhaps you meant "=="? (<unknown>, line 1)
Traceback (most recent call last):
  File "/root/trabalho_super/QuestionInsight/Etapa_1/codebench-mining-tool/util.py", line 569, in extract_halstead_metrics
    h = h_visit(code)
        ^^^^^^^^^^^^^
  File "/root/trabalho_super/venv_jupyter/lib/python3.12/site-packages/radon/metrics.py", line 29, in h_visit
    return h_visit_ast(ast.parse(code))
                       ^^^^^^^^^^^^^^^
  File "/usr/lib/python3.12/ast.py", line 52, in parse
    return compile(source, filename, mode, flags,
           ^^^^^^^^^^^^^^^^^^^^^^^^^^^^^^^^^^^^^^
  File "<unknown>", line 1
    round(f(x)= x**2 and x and 1)
          ^^^^^
SyntaxError: expression cannot contain assignment, perhaps you meant "=="?
2025-07-17 23:29:06,672 cblogger [ERROR]: 		Error while extracting code complexity metrics: invalid syntax (<unknown>, line 8)
Traceback (most recent call last):
  File "/root/trabalho_super/QuestionInsight/Etapa_1/codebench-mining-tool/util.py", line 551, in extract_complexity_metrics
    v = ComplexityVisitor.from_code(code)
        ^^^^^^^^^^^^^^^^^^^^^^^^^^^^^^^^^
  File "/root/trabalho_super/venv_jupyter/lib/python3.12/site-packages/radon/visitors.py", line 133, in from_code
    return cls.from_ast(code2ast(code), **kwargs)
                        ^^^^^^^^^^^^^^
  File "/root/trabalho_super/venv_jupyter/lib/python3.12/site-packages/radon/visitors.py", line 48, in code2ast
    return ast.parse(source)
           ^^^^^^^^^^^^^^^^^
  File "/usr/lib/python3.12/ast.py", line 52, in parse
    return compile(source, filename, mode, flags,
           ^^^^^^^^^^^^^^^^^^^^^^^^^^^^^^^^^^^^^^
  File "<unknown>", line 8
    total = 
            ^
SyntaxError: invalid syntax
2025-07-17 23:29:06,673 cblogger [ERROR]: 		Error while extracting halsted code metrics: invalid syntax (<unknown>, line 8)
Traceback (most recent call last):
  File "/root/trabalho_super/QuestionInsight/Etapa_1/codebench-mining-tool/util.py", line 569, in extract_halstead_metrics
    h = h_visit(code)
        ^^^^^^^^^^^^^
  File "/root/trabalho_super/venv_jupyter/lib/python3.12/site-packages/radon/metrics.py", line 29, in h_visit
    return h_visit_ast(ast.parse(code))
                       ^^^^^^^^^^^^^^^
  File "/usr/lib/python3.12/ast.py", line 52, in parse
    return compile(source, filename, mode, flags,
           ^^^^^^^^^^^^^^^^^^^^^^^^^^^^^^^^^^^^^^
  File "<unknown>", line 8
    total = 
            ^
SyntaxError: invalid syntax
2025-07-17 23:29:06,688 cblogger [ERROR]: 		Error while extracting code complexity metrics: expected an indented block after 'if' statement on line 7 (<unknown>, line 9)
Traceback (most recent call last):
  File "/root/trabalho_super/QuestionInsight/Etapa_1/codebench-mining-tool/util.py", line 551, in extract_complexity_metrics
    v = ComplexityVisitor.from_code(code)
        ^^^^^^^^^^^^^^^^^^^^^^^^^^^^^^^^^
  File "/root/trabalho_super/venv_jupyter/lib/python3.12/site-packages/radon/visitors.py", line 133, in from_code
    return cls.from_ast(code2ast(code), **kwargs)
                        ^^^^^^^^^^^^^^
  File "/root/trabalho_super/venv_jupyter/lib/python3.12/site-packages/radon/visitors.py", line 48, in code2ast
    return ast.parse(source)
           ^^^^^^^^^^^^^^^^^
  File "/usr/lib/python3.12/ast.py", line 52, in parse
    return compile(source, filename, mode, flags,
           ^^^^^^^^^^^^^^^^^^^^^^^^^^^^^^^^^^^^^^
  File "<unknown>", line 9
    
    ^
IndentationError: expected an indented block after 'if' statement on line 7
2025-07-17 23:29:06,688 cblogger [ERROR]: 		Error while extracting halsted code metrics: expected an indented block after 'if' statement on line 7 (<unknown>, line 9)
Traceback (most recent call last):
  File "/root/trabalho_super/QuestionInsight/Etapa_1/codebench-mining-tool/util.py", line 569, in extract_halstead_metrics
    h = h_visit(code)
        ^^^^^^^^^^^^^
  File "/root/trabalho_super/venv_jupyter/lib/python3.12/site-packages/radon/metrics.py", line 29, in h_visit
    return h_visit_ast(ast.parse(code))
                       ^^^^^^^^^^^^^^^
  File "/usr/lib/python3.12/ast.py", line 52, in parse
    return compile(source, filename, mode, flags,
           ^^^^^^^^^^^^^^^^^^^^^^^^^^^^^^^^^^^^^^
  File "<unknown>", line 9
    
    ^
IndentationError: expected an indented block after 'if' statement on line 7
2025-07-17 23:29:06,689 cblogger [ERROR]: 		Error while extracting code complexity metrics: unterminated string literal (detected at line 4) (<unknown>, line 4)
Traceback (most recent call last):
  File "/root/trabalho_super/QuestionInsight/Etapa_1/codebench-mining-tool/util.py", line 551, in extract_complexity_metrics
    v = ComplexityVisitor.from_code(code)
        ^^^^^^^^^^^^^^^^^^^^^^^^^^^^^^^^^
  File "/root/trabalho_super/venv_jupyter/lib/python3.12/site-packages/radon/visitors.py", line 133, in from_code
    return cls.from_ast(code2ast(code), **kwargs)
                        ^^^^^^^^^^^^^^
  File "/root/trabalho_super/venv_jupyter/lib/python3.12/site-packages/radon/visitors.py", line 48, in code2ast
    return ast.parse(source)
           ^^^^^^^^^^^^^^^^^
  File "/usr/lib/python3.12/ast.py", line 52, in parse
    return compile(source, filename, mode, flags,
           ^^^^^^^^^^^^^^^^^^^^^^^^^^^^^^^^^^^^^^
  File "<unknown>", line 4
    resultado = int(input("Digite o resultado do lançamento ("1 a 6""): "))
                                                                        ^
SyntaxError: unterminated string literal (detected at line 4)
2025-07-17 23:29:06,690 cblogger [ERROR]: 		Error while extracting code size based metrics: SyntaxError at line: 4
Traceback (most recent call last):
  File "/root/trabalho_super/venv_jupyter/lib/python3.12/site-packages/radon/raw.py", line 210, in analyze
    tokens, parsed_lines = _get_all_tokens(line, lines)
                           ^^^^^^^^^^^^^^^^^^^^^^^^^^^^
  File "/root/trabalho_super/venv_jupyter/lib/python3.12/site-packages/radon/raw.py", line 117, in _get_all_tokens
    next_line = next(lines)
                ^^^^^^^^^^^
StopIteration

During handling of the above exception, another exception occurred:

Traceback (most recent call last):
  File "/root/trabalho_super/QuestionInsight/Etapa_1/codebench-mining-tool/util.py", line 560, in extract_size_metrics
    a = analyze(code)
        ^^^^^^^^^^^^^
  File "/root/trabalho_super/venv_jupyter/lib/python3.12/site-packages/radon/raw.py", line 212, in analyze
    raise SyntaxError('SyntaxError at line: {0}'.format(lineno))
SyntaxError: SyntaxError at line: 4
2025-07-17 23:29:06,691 cblogger [ERROR]: 		Error while extracting halsted code metrics: unterminated string literal (detected at line 4) (<unknown>, line 4)
Traceback (most recent call last):
  File "/root/trabalho_super/QuestionInsight/Etapa_1/codebench-mining-tool/util.py", line 569, in extract_halstead_metrics
    h = h_visit(code)
        ^^^^^^^^^^^^^
  File "/root/trabalho_super/venv_jupyter/lib/python3.12/site-packages/radon/metrics.py", line 29, in h_visit
    return h_visit_ast(ast.parse(code))
                       ^^^^^^^^^^^^^^^
  File "/usr/lib/python3.12/ast.py", line 52, in parse
    return compile(source, filename, mode, flags,
           ^^^^^^^^^^^^^^^^^^^^^^^^^^^^^^^^^^^^^^
  File "<unknown>", line 4
    resultado = int(input("Digite o resultado do lançamento ("1 a 6""): "))
                                                                        ^
SyntaxError: unterminated string literal (detected at line 4)
2025-07-17 23:29:06,695 cblogger [ERROR]: 		Error while extracting code complexity metrics: expected ':' (<unknown>, line 7)
Traceback (most recent call last):
  File "/root/trabalho_super/QuestionInsight/Etapa_1/codebench-mining-tool/util.py", line 551, in extract_complexity_metrics
    v = ComplexityVisitor.from_code(code)
        ^^^^^^^^^^^^^^^^^^^^^^^^^^^^^^^^^
  File "/root/trabalho_super/venv_jupyter/lib/python3.12/site-packages/radon/visitors.py", line 133, in from_code
    return cls.from_ast(code2ast(code), **kwargs)
                        ^^^^^^^^^^^^^^
  File "/root/trabalho_super/venv_jupyter/lib/python3.12/site-packages/radon/visitors.py", line 48, in code2ast
    return ast.parse(source)
           ^^^^^^^^^^^^^^^^^
  File "/usr/lib/python3.12/ast.py", line 52, in parse
    return compile(source, filename, mode, flags,
           ^^^^^^^^^^^^^^^^^^^^^^^^^^^^^^^^^^^^^^
  File "<unknown>", line 7
    	if x 
    	     ^
SyntaxError: expected ':'
2025-07-17 23:29:06,696 cblogger [ERROR]: 		Error while extracting halsted code metrics: expected ':' (<unknown>, line 7)
Traceback (most recent call last):
  File "/root/trabalho_super/QuestionInsight/Etapa_1/codebench-mining-tool/util.py", line 569, in extract_halstead_metrics
    h = h_visit(code)
        ^^^^^^^^^^^^^
  File "/root/trabalho_super/venv_jupyter/lib/python3.12/site-packages/radon/metrics.py", line 29, in h_visit
    return h_visit_ast(ast.parse(code))
                       ^^^^^^^^^^^^^^^
  File "/usr/lib/python3.12/ast.py", line 52, in parse
    return compile(source, filename, mode, flags,
           ^^^^^^^^^^^^^^^^^^^^^^^^^^^^^^^^^^^^^^
  File "<unknown>", line 7
    	if x 
    	     ^
SyntaxError: expected ':'
2025-07-17 23:29:06,698 cblogger [ERROR]: 		Error while extracting code complexity metrics: invalid syntax (<unknown>, line 4)
Traceback (most recent call last):
  File "/root/trabalho_super/QuestionInsight/Etapa_1/codebench-mining-tool/util.py", line 551, in extract_complexity_metrics
    v = ComplexityVisitor.from_code(code)
        ^^^^^^^^^^^^^^^^^^^^^^^^^^^^^^^^^
  File "/root/trabalho_super/venv_jupyter/lib/python3.12/site-packages/radon/visitors.py", line 133, in from_code
    return cls.from_ast(code2ast(code), **kwargs)
                        ^^^^^^^^^^^^^^
  File "/root/trabalho_super/venv_jupyter/lib/python3.12/site-packages/radon/visitors.py", line 48, in code2ast
    return ast.parse(source)
           ^^^^^^^^^^^^^^^^^
  File "/usr/lib/python3.12/ast.py", line 52, in parse
    return compile(source, filename, mode, flags,
           ^^^^^^^^^^^^^^^^^^^^^^^^^^^^^^^^^^^^^^
  File "<unknown>", line 4
    while 
          ^
SyntaxError: invalid syntax
2025-07-17 23:29:06,699 cblogger [ERROR]: 		Error while extracting halsted code metrics: invalid syntax (<unknown>, line 4)
Traceback (most recent call last):
  File "/root/trabalho_super/QuestionInsight/Etapa_1/codebench-mining-tool/util.py", line 569, in extract_halstead_metrics
    h = h_visit(code)
        ^^^^^^^^^^^^^
  File "/root/trabalho_super/venv_jupyter/lib/python3.12/site-packages/radon/metrics.py", line 29, in h_visit
    return h_visit_ast(ast.parse(code))
                       ^^^^^^^^^^^^^^^
  File "/usr/lib/python3.12/ast.py", line 52, in parse
    return compile(source, filename, mode, flags,
           ^^^^^^^^^^^^^^^^^^^^^^^^^^^^^^^^^^^^^^
  File "<unknown>", line 4
    while 
          ^
SyntaxError: invalid syntax
2025-07-17 23:29:06,711 cblogger [ERROR]: 		Error while extracting code complexity metrics: invalid syntax (<unknown>, line 1)
Traceback (most recent call last):
  File "/root/trabalho_super/QuestionInsight/Etapa_1/codebench-mining-tool/util.py", line 551, in extract_complexity_metrics
    v = ComplexityVisitor.from_code(code)
        ^^^^^^^^^^^^^^^^^^^^^^^^^^^^^^^^^
  File "/root/trabalho_super/venv_jupyter/lib/python3.12/site-packages/radon/visitors.py", line 133, in from_code
    return cls.from_ast(code2ast(code), **kwargs)
                        ^^^^^^^^^^^^^^
  File "/root/trabalho_super/venv_jupyter/lib/python3.12/site-packages/radon/visitors.py", line 48, in code2ast
    return ast.parse(source)
           ^^^^^^^^^^^^^^^^^
  File "/usr/lib/python3.12/ast.py", line 52, in parse
    return compile(source, filename, mode, flags,
           ^^^^^^^^^^^^^^^^^^^^^^^^^^^^^^^^^^^^^^
  File "<unknown>", line 1
    UFAM = universidade federaldo amazonas
                        ^^^^^^^^^
SyntaxError: invalid syntax
2025-07-17 23:29:06,712 cblogger [ERROR]: 		Error while extracting halsted code metrics: invalid syntax (<unknown>, line 1)
Traceback (most recent call last):
  File "/root/trabalho_super/QuestionInsight/Etapa_1/codebench-mining-tool/util.py", line 569, in extract_halstead_metrics
    h = h_visit(code)
        ^^^^^^^^^^^^^
  File "/root/trabalho_super/venv_jupyter/lib/python3.12/site-packages/radon/metrics.py", line 29, in h_visit
    return h_visit_ast(ast.parse(code))
                       ^^^^^^^^^^^^^^^
  File "/usr/lib/python3.12/ast.py", line 52, in parse
    return compile(source, filename, mode, flags,
           ^^^^^^^^^^^^^^^^^^^^^^^^^^^^^^^^^^^^^^
  File "<unknown>", line 1
    UFAM = universidade federaldo amazonas
                        ^^^^^^^^^
SyntaxError: invalid syntax
2025-07-17 23:29:06,743 cblogger [ERROR]: 		Error while extracting code complexity metrics: invalid syntax (<unknown>, line 1)
Traceback (most recent call last):
  File "/root/trabalho_super/QuestionInsight/Etapa_1/codebench-mining-tool/util.py", line 551, in extract_complexity_metrics
    v = ComplexityVisitor.from_code(code)
        ^^^^^^^^^^^^^^^^^^^^^^^^^^^^^^^^^
  File "/root/trabalho_super/venv_jupyter/lib/python3.12/site-packages/radon/visitors.py", line 133, in from_code
    return cls.from_ast(code2ast(code), **kwargs)
                        ^^^^^^^^^^^^^^
  File "/root/trabalho_super/venv_jupyter/lib/python3.12/site-packages/radon/visitors.py", line 48, in code2ast
    return ast.parse(source)
           ^^^^^^^^^^^^^^^^^
  File "/usr/lib/python3.12/ast.py", line 52, in parse
    return compile(source, filename, mode, flags,
           ^^^^^^^^^^^^^^^^^^^^^^^^^^^^^^^^^^^^^^
  File "<unknown>", line 1
    resultados =
                ^
SyntaxError: invalid syntax
2025-07-17 23:29:06,744 cblogger [ERROR]: 		Error while extracting halsted code metrics: invalid syntax (<unknown>, line 1)
Traceback (most recent call last):
  File "/root/trabalho_super/QuestionInsight/Etapa_1/codebench-mining-tool/util.py", line 569, in extract_halstead_metrics
    h = h_visit(code)
        ^^^^^^^^^^^^^
  File "/root/trabalho_super/venv_jupyter/lib/python3.12/site-packages/radon/metrics.py", line 29, in h_visit
    return h_visit_ast(ast.parse(code))
                       ^^^^^^^^^^^^^^^
  File "/usr/lib/python3.12/ast.py", line 52, in parse
    return compile(source, filename, mode, flags,
           ^^^^^^^^^^^^^^^^^^^^^^^^^^^^^^^^^^^^^^
  File "<unknown>", line 1
    resultados =
                ^
SyntaxError: invalid syntax
2025-07-17 23:29:06,761 cblogger [ERROR]: 		Error while extracting code complexity metrics: unindent does not match any outer indentation level (<unknown>, line 5)
Traceback (most recent call last):
  File "/root/trabalho_super/QuestionInsight/Etapa_1/codebench-mining-tool/util.py", line 551, in extract_complexity_metrics
    v = ComplexityVisitor.from_code(code)
        ^^^^^^^^^^^^^^^^^^^^^^^^^^^^^^^^^
  File "/root/trabalho_super/venv_jupyter/lib/python3.12/site-packages/radon/visitors.py", line 133, in from_code
    return cls.from_ast(code2ast(code), **kwargs)
                        ^^^^^^^^^^^^^^
  File "/root/trabalho_super/venv_jupyter/lib/python3.12/site-packages/radon/visitors.py", line 48, in code2ast
    return ast.parse(source)
           ^^^^^^^^^^^^^^^^^
  File "/usr/lib/python3.12/ast.py", line 52, in parse
    return compile(source, filename, mode, flags,
           ^^^^^^^^^^^^^^^^^^^^^^^^^^^^^^^^^^^^^^
  File "<unknown>", line 5
    palavra2 = ''.join(c.lower() for c in palavra2 if c.isalpha())
                                                                  ^
IndentationError: unindent does not match any outer indentation level
2025-07-17 23:29:06,762 cblogger [ERROR]: 		Error while extracting halsted code metrics: unindent does not match any outer indentation level (<unknown>, line 5)
Traceback (most recent call last):
  File "/root/trabalho_super/QuestionInsight/Etapa_1/codebench-mining-tool/util.py", line 569, in extract_halstead_metrics
    h = h_visit(code)
        ^^^^^^^^^^^^^
  File "/root/trabalho_super/venv_jupyter/lib/python3.12/site-packages/radon/metrics.py", line 29, in h_visit
    return h_visit_ast(ast.parse(code))
                       ^^^^^^^^^^^^^^^
  File "/usr/lib/python3.12/ast.py", line 52, in parse
    return compile(source, filename, mode, flags,
           ^^^^^^^^^^^^^^^^^^^^^^^^^^^^^^^^^^^^^^
  File "<unknown>", line 5
    palavra2 = ''.join(c.lower() for c in palavra2 if c.isalpha())
                                                                  ^
IndentationError: unindent does not match any outer indentation level
2025-07-17 23:29:06,986 cblogger [ERROR]: 		Error while extracting code complexity metrics: invalid syntax (<unknown>, line 1)
Traceback (most recent call last):
  File "/root/trabalho_super/QuestionInsight/Etapa_1/codebench-mining-tool/util.py", line 551, in extract_complexity_metrics
    v = ComplexityVisitor.from_code(code)
        ^^^^^^^^^^^^^^^^^^^^^^^^^^^^^^^^^
  File "/root/trabalho_super/venv_jupyter/lib/python3.12/site-packages/radon/visitors.py", line 133, in from_code
    return cls.from_ast(code2ast(code), **kwargs)
                        ^^^^^^^^^^^^^^
  File "/root/trabalho_super/venv_jupyter/lib/python3.12/site-packages/radon/visitors.py", line 48, in code2ast
    return ast.parse(source)
           ^^^^^^^^^^^^^^^^^
  File "/usr/lib/python3.12/ast.py", line 52, in parse
    return compile(source, filename, mode, flags,
           ^^^^^^^^^^^^^^^^^^^^^^^^^^^^^^^^^^^^^^
  File "<unknown>", line 1
    float math inp
          ^^^^
SyntaxError: invalid syntax
2025-07-17 23:29:06,986 cblogger [ERROR]: 		Error while extracting halsted code metrics: invalid syntax (<unknown>, line 1)
Traceback (most recent call last):
  File "/root/trabalho_super/QuestionInsight/Etapa_1/codebench-mining-tool/util.py", line 569, in extract_halstead_metrics
    h = h_visit(code)
        ^^^^^^^^^^^^^
  File "/root/trabalho_super/venv_jupyter/lib/python3.12/site-packages/radon/metrics.py", line 29, in h_visit
    return h_visit_ast(ast.parse(code))
                       ^^^^^^^^^^^^^^^
  File "/usr/lib/python3.12/ast.py", line 52, in parse
    return compile(source, filename, mode, flags,
           ^^^^^^^^^^^^^^^^^^^^^^^^^^^^^^^^^^^^^^
  File "<unknown>", line 1
    float math inp
          ^^^^
SyntaxError: invalid syntax
2025-07-17 23:29:07,011 cblogger [ERROR]: 		Error while extracting code complexity metrics: '(' was never closed (<unknown>, line 2)
Traceback (most recent call last):
  File "/root/trabalho_super/QuestionInsight/Etapa_1/codebench-mining-tool/util.py", line 551, in extract_complexity_metrics
    v = ComplexityVisitor.from_code(code)
        ^^^^^^^^^^^^^^^^^^^^^^^^^^^^^^^^^
  File "/root/trabalho_super/venv_jupyter/lib/python3.12/site-packages/radon/visitors.py", line 133, in from_code
    return cls.from_ast(code2ast(code), **kwargs)
                        ^^^^^^^^^^^^^^
  File "/root/trabalho_super/venv_jupyter/lib/python3.12/site-packages/radon/visitors.py", line 48, in code2ast
    return ast.parse(source)
           ^^^^^^^^^^^^^^^^^
  File "/usr/lib/python3.12/ast.py", line 52, in parse
    return compile(source, filename, mode, flags,
           ^^^^^^^^^^^^^^^^^^^^^^^^^^^^^^^^^^^^^^
  File "<unknown>", line 2
    a = float(input("quantidade de refrigerantes: ")
             ^
SyntaxError: '(' was never closed
2025-07-17 23:29:07,011 cblogger [ERROR]: 		Error while extracting code size based metrics: SyntaxError at line: 2
Traceback (most recent call last):
  File "/root/trabalho_super/venv_jupyter/lib/python3.12/site-packages/radon/raw.py", line 210, in analyze
    tokens, parsed_lines = _get_all_tokens(line, lines)
                           ^^^^^^^^^^^^^^^^^^^^^^^^^^^^
  File "/root/trabalho_super/venv_jupyter/lib/python3.12/site-packages/radon/raw.py", line 117, in _get_all_tokens
    next_line = next(lines)
                ^^^^^^^^^^^
StopIteration

During handling of the above exception, another exception occurred:

Traceback (most recent call last):
  File "/root/trabalho_super/QuestionInsight/Etapa_1/codebench-mining-tool/util.py", line 560, in extract_size_metrics
    a = analyze(code)
        ^^^^^^^^^^^^^
  File "/root/trabalho_super/venv_jupyter/lib/python3.12/site-packages/radon/raw.py", line 212, in analyze
    raise SyntaxError('SyntaxError at line: {0}'.format(lineno))
SyntaxError: SyntaxError at line: 2
2025-07-17 23:29:07,012 cblogger [ERROR]: 		Error while extracting halsted code metrics: '(' was never closed (<unknown>, line 2)
Traceback (most recent call last):
  File "/root/trabalho_super/QuestionInsight/Etapa_1/codebench-mining-tool/util.py", line 569, in extract_halstead_metrics
    h = h_visit(code)
        ^^^^^^^^^^^^^
  File "/root/trabalho_super/venv_jupyter/lib/python3.12/site-packages/radon/metrics.py", line 29, in h_visit
    return h_visit_ast(ast.parse(code))
                       ^^^^^^^^^^^^^^^
  File "/usr/lib/python3.12/ast.py", line 52, in parse
    return compile(source, filename, mode, flags,
           ^^^^^^^^^^^^^^^^^^^^^^^^^^^^^^^^^^^^^^
  File "<unknown>", line 2
    a = float(input("quantidade de refrigerantes: ")
             ^
SyntaxError: '(' was never closed
2025-07-17 23:29:07,033 cblogger [ERROR]: 		Error while extracting code complexity metrics: unterminated string literal (detected at line 1) (<unknown>, line 1)
Traceback (most recent call last):
  File "/root/trabalho_super/QuestionInsight/Etapa_1/codebench-mining-tool/util.py", line 551, in extract_complexity_metrics
    v = ComplexityVisitor.from_code(code)
        ^^^^^^^^^^^^^^^^^^^^^^^^^^^^^^^^^
  File "/root/trabalho_super/venv_jupyter/lib/python3.12/site-packages/radon/visitors.py", line 133, in from_code
    return cls.from_ast(code2ast(code), **kwargs)
                        ^^^^^^^^^^^^^^
  File "/root/trabalho_super/venv_jupyter/lib/python3.12/site-packages/radon/visitors.py", line 48, in code2ast
    return ast.parse(source)
           ^^^^^^^^^^^^^^^^^
  File "/usr/lib/python3.12/ast.py", line 52, in parse
    return compile(source, filename, mode, flags,
           ^^^^^^^^^^^^^^^^^^^^^^^^^^^^^^^^^^^^^^
  File "<unknown>", line 1
    valor = float(input("qual o valor da renda
                        ^
SyntaxError: unterminated string literal (detected at line 1)
2025-07-17 23:29:07,033 cblogger [ERROR]: 		Error while extracting code size based metrics: SyntaxError at line: 1
Traceback (most recent call last):
  File "/root/trabalho_super/venv_jupyter/lib/python3.12/site-packages/radon/raw.py", line 210, in analyze
    tokens, parsed_lines = _get_all_tokens(line, lines)
                           ^^^^^^^^^^^^^^^^^^^^^^^^^^^^
  File "/root/trabalho_super/venv_jupyter/lib/python3.12/site-packages/radon/raw.py", line 117, in _get_all_tokens
    next_line = next(lines)
                ^^^^^^^^^^^
StopIteration

During handling of the above exception, another exception occurred:

Traceback (most recent call last):
  File "/root/trabalho_super/QuestionInsight/Etapa_1/codebench-mining-tool/util.py", line 560, in extract_size_metrics
    a = analyze(code)
        ^^^^^^^^^^^^^
  File "/root/trabalho_super/venv_jupyter/lib/python3.12/site-packages/radon/raw.py", line 212, in analyze
    raise SyntaxError('SyntaxError at line: {0}'.format(lineno))
SyntaxError: SyntaxError at line: 1
2025-07-17 23:29:07,034 cblogger [ERROR]: 		Error while extracting halsted code metrics: unterminated string literal (detected at line 1) (<unknown>, line 1)
Traceback (most recent call last):
  File "/root/trabalho_super/QuestionInsight/Etapa_1/codebench-mining-tool/util.py", line 569, in extract_halstead_metrics
    h = h_visit(code)
        ^^^^^^^^^^^^^
  File "/root/trabalho_super/venv_jupyter/lib/python3.12/site-packages/radon/metrics.py", line 29, in h_visit
    return h_visit_ast(ast.parse(code))
                       ^^^^^^^^^^^^^^^
  File "/usr/lib/python3.12/ast.py", line 52, in parse
    return compile(source, filename, mode, flags,
           ^^^^^^^^^^^^^^^^^^^^^^^^^^^^^^^^^^^^^^
  File "<unknown>", line 1
    valor = float(input("qual o valor da renda
                        ^
SyntaxError: unterminated string literal (detected at line 1)
2025-07-17 23:29:07,072 cblogger [ERROR]: 		Error while extracting code complexity metrics: invalid syntax (<unknown>, line 3)
Traceback (most recent call last):
  File "/root/trabalho_super/QuestionInsight/Etapa_1/codebench-mining-tool/util.py", line 551, in extract_complexity_metrics
    v = ComplexityVisitor.from_code(code)
        ^^^^^^^^^^^^^^^^^^^^^^^^^^^^^^^^^
  File "/root/trabalho_super/venv_jupyter/lib/python3.12/site-packages/radon/visitors.py", line 133, in from_code
    return cls.from_ast(code2ast(code), **kwargs)
                        ^^^^^^^^^^^^^^
  File "/root/trabalho_super/venv_jupyter/lib/python3.12/site-packages/radon/visitors.py", line 48, in code2ast
    return ast.parse(source)
           ^^^^^^^^^^^^^^^^^
  File "/usr/lib/python3.12/ast.py", line 52, in parse
    return compile(source, filename, mode, flags,
           ^^^^^^^^^^^^^^^^^^^^^^^^^^^^^^^^^^^^^^
  File "<unknown>", line 3
    print=
          ^
SyntaxError: invalid syntax
2025-07-17 23:29:07,073 cblogger [ERROR]: 		Error while extracting halsted code metrics: invalid syntax (<unknown>, line 3)
Traceback (most recent call last):
  File "/root/trabalho_super/QuestionInsight/Etapa_1/codebench-mining-tool/util.py", line 569, in extract_halstead_metrics
    h = h_visit(code)
        ^^^^^^^^^^^^^
  File "/root/trabalho_super/venv_jupyter/lib/python3.12/site-packages/radon/metrics.py", line 29, in h_visit
    return h_visit_ast(ast.parse(code))
                       ^^^^^^^^^^^^^^^
  File "/usr/lib/python3.12/ast.py", line 52, in parse
    return compile(source, filename, mode, flags,
           ^^^^^^^^^^^^^^^^^^^^^^^^^^^^^^^^^^^^^^
  File "<unknown>", line 3
    print=
          ^
SyntaxError: invalid syntax
2025-07-17 23:29:07,139 cblogger [ERROR]: 		Error while extracting code complexity metrics: invalid syntax. Maybe you meant '==' or ':=' instead of '='? (<unknown>, line 11)
Traceback (most recent call last):
  File "/root/trabalho_super/QuestionInsight/Etapa_1/codebench-mining-tool/util.py", line 551, in extract_complexity_metrics
    v = ComplexityVisitor.from_code(code)
        ^^^^^^^^^^^^^^^^^^^^^^^^^^^^^^^^^
  File "/root/trabalho_super/venv_jupyter/lib/python3.12/site-packages/radon/visitors.py", line 133, in from_code
    return cls.from_ast(code2ast(code), **kwargs)
                        ^^^^^^^^^^^^^^
  File "/root/trabalho_super/venv_jupyter/lib/python3.12/site-packages/radon/visitors.py", line 48, in code2ast
    return ast.parse(source)
           ^^^^^^^^^^^^^^^^^
  File "/usr/lib/python3.12/ast.py", line 52, in parse
    return compile(source, filename, mode, flags,
           ^^^^^^^^^^^^^^^^^^^^^^^^^^^^^^^^^^^^^^
  File "<unknown>", line 11
    	if (num = num//2):
    	    ^^^^^^^^^^^^
SyntaxError: invalid syntax. Maybe you meant '==' or ':=' instead of '='?
2025-07-17 23:29:07,140 cblogger [ERROR]: 		Error while extracting halsted code metrics: invalid syntax. Maybe you meant '==' or ':=' instead of '='? (<unknown>, line 11)
Traceback (most recent call last):
  File "/root/trabalho_super/QuestionInsight/Etapa_1/codebench-mining-tool/util.py", line 569, in extract_halstead_metrics
    h = h_visit(code)
        ^^^^^^^^^^^^^
  File "/root/trabalho_super/venv_jupyter/lib/python3.12/site-packages/radon/metrics.py", line 29, in h_visit
    return h_visit_ast(ast.parse(code))
                       ^^^^^^^^^^^^^^^
  File "/usr/lib/python3.12/ast.py", line 52, in parse
    return compile(source, filename, mode, flags,
           ^^^^^^^^^^^^^^^^^^^^^^^^^^^^^^^^^^^^^^
  File "<unknown>", line 11
    	if (num = num//2):
    	    ^^^^^^^^^^^^
SyntaxError: invalid syntax. Maybe you meant '==' or ':=' instead of '='?
2025-07-17 23:29:07,144 cblogger [ERROR]: 		Error while extracting code complexity metrics: '(' was never closed (<unknown>, line 3)
Traceback (most recent call last):
  File "/root/trabalho_super/QuestionInsight/Etapa_1/codebench-mining-tool/util.py", line 551, in extract_complexity_metrics
    v = ComplexityVisitor.from_code(code)
        ^^^^^^^^^^^^^^^^^^^^^^^^^^^^^^^^^
  File "/root/trabalho_super/venv_jupyter/lib/python3.12/site-packages/radon/visitors.py", line 133, in from_code
    return cls.from_ast(code2ast(code), **kwargs)
                        ^^^^^^^^^^^^^^
  File "/root/trabalho_super/venv_jupyter/lib/python3.12/site-packages/radon/visitors.py", line 48, in code2ast
    return ast.parse(source)
           ^^^^^^^^^^^^^^^^^
  File "/usr/lib/python3.12/ast.py", line 52, in parse
    return compile(source, filename, mode, flags,
           ^^^^^^^^^^^^^^^^^^^^^^^^^^^^^^^^^^^^^^
  File "<unknown>", line 3
    vet = array(eval(input("")
                    ^
SyntaxError: '(' was never closed
2025-07-17 23:29:07,145 cblogger [ERROR]: 		Error while extracting code size based metrics: SyntaxError at line: 3
Traceback (most recent call last):
  File "/root/trabalho_super/venv_jupyter/lib/python3.12/site-packages/radon/raw.py", line 210, in analyze
    tokens, parsed_lines = _get_all_tokens(line, lines)
                           ^^^^^^^^^^^^^^^^^^^^^^^^^^^^
  File "/root/trabalho_super/venv_jupyter/lib/python3.12/site-packages/radon/raw.py", line 117, in _get_all_tokens
    next_line = next(lines)
                ^^^^^^^^^^^
StopIteration

During handling of the above exception, another exception occurred:

Traceback (most recent call last):
  File "/root/trabalho_super/QuestionInsight/Etapa_1/codebench-mining-tool/util.py", line 560, in extract_size_metrics
    a = analyze(code)
        ^^^^^^^^^^^^^
  File "/root/trabalho_super/venv_jupyter/lib/python3.12/site-packages/radon/raw.py", line 212, in analyze
    raise SyntaxError('SyntaxError at line: {0}'.format(lineno))
SyntaxError: SyntaxError at line: 3
2025-07-17 23:29:07,145 cblogger [ERROR]: 		Error while extracting halsted code metrics: '(' was never closed (<unknown>, line 3)
Traceback (most recent call last):
  File "/root/trabalho_super/QuestionInsight/Etapa_1/codebench-mining-tool/util.py", line 569, in extract_halstead_metrics
    h = h_visit(code)
        ^^^^^^^^^^^^^
  File "/root/trabalho_super/venv_jupyter/lib/python3.12/site-packages/radon/metrics.py", line 29, in h_visit
    return h_visit_ast(ast.parse(code))
                       ^^^^^^^^^^^^^^^
  File "/usr/lib/python3.12/ast.py", line 52, in parse
    return compile(source, filename, mode, flags,
           ^^^^^^^^^^^^^^^^^^^^^^^^^^^^^^^^^^^^^^
  File "<unknown>", line 3
    vet = array(eval(input("")
                    ^
SyntaxError: '(' was never closed
2025-07-17 23:29:07,197 cblogger [ERROR]: 		Error while extracting code complexity metrics: invalid syntax (<unknown>, line 3)
Traceback (most recent call last):
  File "/root/trabalho_super/QuestionInsight/Etapa_1/codebench-mining-tool/util.py", line 551, in extract_complexity_metrics
    v = ComplexityVisitor.from_code(code)
        ^^^^^^^^^^^^^^^^^^^^^^^^^^^^^^^^^
  File "/root/trabalho_super/venv_jupyter/lib/python3.12/site-packages/radon/visitors.py", line 133, in from_code
    return cls.from_ast(code2ast(code), **kwargs)
                        ^^^^^^^^^^^^^^
  File "/root/trabalho_super/venv_jupyter/lib/python3.12/site-packages/radon/visitors.py", line 48, in code2ast
    return ast.parse(source)
           ^^^^^^^^^^^^^^^^^
  File "/usr/lib/python3.12/ast.py", line 52, in parse
    return compile(source, filename, mode, flags,
           ^^^^^^^^^^^^^^^^^^^^^^^^^^^^^^^^^^^^^^
  File "<unknown>", line 3
    total=consumo+25%
                     ^
SyntaxError: invalid syntax
2025-07-17 23:29:07,198 cblogger [ERROR]: 		Error while extracting halsted code metrics: invalid syntax (<unknown>, line 3)
Traceback (most recent call last):
  File "/root/trabalho_super/QuestionInsight/Etapa_1/codebench-mining-tool/util.py", line 569, in extract_halstead_metrics
    h = h_visit(code)
        ^^^^^^^^^^^^^
  File "/root/trabalho_super/venv_jupyter/lib/python3.12/site-packages/radon/metrics.py", line 29, in h_visit
    return h_visit_ast(ast.parse(code))
                       ^^^^^^^^^^^^^^^
  File "/usr/lib/python3.12/ast.py", line 52, in parse
    return compile(source, filename, mode, flags,
           ^^^^^^^^^^^^^^^^^^^^^^^^^^^^^^^^^^^^^^
  File "<unknown>", line 3
    total=consumo+25%
                     ^
SyntaxError: invalid syntax
2025-07-17 23:29:07,226 cblogger [ERROR]: 		Error while extracting code complexity metrics: invalid syntax. Maybe you meant '==' or ':=' instead of '='? (<unknown>, line 6)
Traceback (most recent call last):
  File "/root/trabalho_super/QuestionInsight/Etapa_1/codebench-mining-tool/util.py", line 551, in extract_complexity_metrics
    v = ComplexityVisitor.from_code(code)
        ^^^^^^^^^^^^^^^^^^^^^^^^^^^^^^^^^
  File "/root/trabalho_super/venv_jupyter/lib/python3.12/site-packages/radon/visitors.py", line 133, in from_code
    return cls.from_ast(code2ast(code), **kwargs)
                        ^^^^^^^^^^^^^^
  File "/root/trabalho_super/venv_jupyter/lib/python3.12/site-packages/radon/visitors.py", line 48, in code2ast
    return ast.parse(source)
           ^^^^^^^^^^^^^^^^^
  File "/usr/lib/python3.12/ast.py", line 52, in parse
    return compile(source, filename, mode, flags,
           ^^^^^^^^^^^^^^^^^^^^^^^^^^^^^^^^^^^^^^
  File "<unknown>", line 6
    	if x = -1:
    	   ^^^^^^
SyntaxError: invalid syntax. Maybe you meant '==' or ':=' instead of '='?
2025-07-17 23:29:07,227 cblogger [ERROR]: 		Error while extracting halsted code metrics: invalid syntax. Maybe you meant '==' or ':=' instead of '='? (<unknown>, line 6)
Traceback (most recent call last):
  File "/root/trabalho_super/QuestionInsight/Etapa_1/codebench-mining-tool/util.py", line 569, in extract_halstead_metrics
    h = h_visit(code)
        ^^^^^^^^^^^^^
  File "/root/trabalho_super/venv_jupyter/lib/python3.12/site-packages/radon/metrics.py", line 29, in h_visit
    return h_visit_ast(ast.parse(code))
                       ^^^^^^^^^^^^^^^
  File "/usr/lib/python3.12/ast.py", line 52, in parse
    return compile(source, filename, mode, flags,
           ^^^^^^^^^^^^^^^^^^^^^^^^^^^^^^^^^^^^^^
  File "<unknown>", line 6
    	if x = -1:
    	   ^^^^^^
SyntaxError: invalid syntax. Maybe you meant '==' or ':=' instead of '='?
2025-07-17 23:29:07,259 cblogger [ERROR]: 		Error while extracting code complexity metrics: '(' was never closed (<unknown>, line 2)
Traceback (most recent call last):
  File "/root/trabalho_super/QuestionInsight/Etapa_1/codebench-mining-tool/util.py", line 551, in extract_complexity_metrics
    v = ComplexityVisitor.from_code(code)
        ^^^^^^^^^^^^^^^^^^^^^^^^^^^^^^^^^
  File "/root/trabalho_super/venv_jupyter/lib/python3.12/site-packages/radon/visitors.py", line 133, in from_code
    return cls.from_ast(code2ast(code), **kwargs)
                        ^^^^^^^^^^^^^^
  File "/root/trabalho_super/venv_jupyter/lib/python3.12/site-packages/radon/visitors.py", line 48, in code2ast
    return ast.parse(source)
           ^^^^^^^^^^^^^^^^^
  File "/usr/lib/python3.12/ast.py", line 52, in parse
    return compile(source, filename, mode, flags,
           ^^^^^^^^^^^^^^^^^^^^^^^^^^^^^^^^^^^^^^
  File "<unknown>", line 2
    valor = (input(" valor da medida: ")
            ^
SyntaxError: '(' was never closed
2025-07-17 23:29:07,260 cblogger [ERROR]: 		Error while extracting code size based metrics: SyntaxError at line: 2
Traceback (most recent call last):
  File "/root/trabalho_super/venv_jupyter/lib/python3.12/site-packages/radon/raw.py", line 210, in analyze
    tokens, parsed_lines = _get_all_tokens(line, lines)
                           ^^^^^^^^^^^^^^^^^^^^^^^^^^^^
  File "/root/trabalho_super/venv_jupyter/lib/python3.12/site-packages/radon/raw.py", line 117, in _get_all_tokens
    next_line = next(lines)
                ^^^^^^^^^^^
StopIteration

During handling of the above exception, another exception occurred:

Traceback (most recent call last):
  File "/root/trabalho_super/QuestionInsight/Etapa_1/codebench-mining-tool/util.py", line 560, in extract_size_metrics
    a = analyze(code)
        ^^^^^^^^^^^^^
  File "/root/trabalho_super/venv_jupyter/lib/python3.12/site-packages/radon/raw.py", line 212, in analyze
    raise SyntaxError('SyntaxError at line: {0}'.format(lineno))
SyntaxError: SyntaxError at line: 2
2025-07-17 23:29:07,260 cblogger [ERROR]: 		Error while extracting halsted code metrics: '(' was never closed (<unknown>, line 2)
Traceback (most recent call last):
  File "/root/trabalho_super/QuestionInsight/Etapa_1/codebench-mining-tool/util.py", line 569, in extract_halstead_metrics
    h = h_visit(code)
        ^^^^^^^^^^^^^
  File "/root/trabalho_super/venv_jupyter/lib/python3.12/site-packages/radon/metrics.py", line 29, in h_visit
    return h_visit_ast(ast.parse(code))
                       ^^^^^^^^^^^^^^^
  File "/usr/lib/python3.12/ast.py", line 52, in parse
    return compile(source, filename, mode, flags,
           ^^^^^^^^^^^^^^^^^^^^^^^^^^^^^^^^^^^^^^
  File "<unknown>", line 2
    valor = (input(" valor da medida: ")
            ^
SyntaxError: '(' was never closed
2025-07-17 23:29:07,261 cblogger [ERROR]: 		Error while extracting code complexity metrics: '(' was never closed (<unknown>, line 4)
Traceback (most recent call last):
  File "/root/trabalho_super/QuestionInsight/Etapa_1/codebench-mining-tool/util.py", line 551, in extract_complexity_metrics
    v = ComplexityVisitor.from_code(code)
        ^^^^^^^^^^^^^^^^^^^^^^^^^^^^^^^^^
  File "/root/trabalho_super/venv_jupyter/lib/python3.12/site-packages/radon/visitors.py", line 133, in from_code
    return cls.from_ast(code2ast(code), **kwargs)
                        ^^^^^^^^^^^^^^
  File "/root/trabalho_super/venv_jupyter/lib/python3.12/site-packages/radon/visitors.py", line 48, in code2ast
    return ast.parse(source)
           ^^^^^^^^^^^^^^^^^
  File "/usr/lib/python3.12/ast.py", line 52, in parse
    return compile(source, filename, mode, flags,
           ^^^^^^^^^^^^^^^^^^^^^^^^^^^^^^^^^^^^^^
  File "<unknown>", line 4
    inp1 = array(eval(input(" insira a quantidade: "))
                ^
SyntaxError: '(' was never closed
2025-07-17 23:29:07,267 cblogger [ERROR]: 		Error while extracting code size based metrics: SyntaxError at line: 4
Traceback (most recent call last):
  File "/root/trabalho_super/venv_jupyter/lib/python3.12/site-packages/radon/raw.py", line 210, in analyze
    tokens, parsed_lines = _get_all_tokens(line, lines)
                           ^^^^^^^^^^^^^^^^^^^^^^^^^^^^
  File "/root/trabalho_super/venv_jupyter/lib/python3.12/site-packages/radon/raw.py", line 117, in _get_all_tokens
    next_line = next(lines)
                ^^^^^^^^^^^
StopIteration

During handling of the above exception, another exception occurred:

Traceback (most recent call last):
  File "/root/trabalho_super/QuestionInsight/Etapa_1/codebench-mining-tool/util.py", line 560, in extract_size_metrics
    a = analyze(code)
        ^^^^^^^^^^^^^
  File "/root/trabalho_super/venv_jupyter/lib/python3.12/site-packages/radon/raw.py", line 212, in analyze
    raise SyntaxError('SyntaxError at line: {0}'.format(lineno))
SyntaxError: SyntaxError at line: 4
2025-07-17 23:29:07,268 cblogger [ERROR]: 		Error while extracting halsted code metrics: '(' was never closed (<unknown>, line 4)
Traceback (most recent call last):
  File "/root/trabalho_super/QuestionInsight/Etapa_1/codebench-mining-tool/util.py", line 569, in extract_halstead_metrics
    h = h_visit(code)
        ^^^^^^^^^^^^^
  File "/root/trabalho_super/venv_jupyter/lib/python3.12/site-packages/radon/metrics.py", line 29, in h_visit
    return h_visit_ast(ast.parse(code))
                       ^^^^^^^^^^^^^^^
  File "/usr/lib/python3.12/ast.py", line 52, in parse
    return compile(source, filename, mode, flags,
           ^^^^^^^^^^^^^^^^^^^^^^^^^^^^^^^^^^^^^^
  File "<unknown>", line 4
    inp1 = array(eval(input(" insira a quantidade: "))
                ^
SyntaxError: '(' was never closed
2025-07-17 23:29:07,287 cblogger [ERROR]: 		Error while extracting code complexity metrics: invalid syntax (<unknown>, line 5)
Traceback (most recent call last):
  File "/root/trabalho_super/QuestionInsight/Etapa_1/codebench-mining-tool/util.py", line 551, in extract_complexity_metrics
    v = ComplexityVisitor.from_code(code)
        ^^^^^^^^^^^^^^^^^^^^^^^^^^^^^^^^^
  File "/root/trabalho_super/venv_jupyter/lib/python3.12/site-packages/radon/visitors.py", line 133, in from_code
    return cls.from_ast(code2ast(code), **kwargs)
                        ^^^^^^^^^^^^^^
  File "/root/trabalho_super/venv_jupyter/lib/python3.12/site-packages/radon/visitors.py", line 48, in code2ast
    return ast.parse(source)
           ^^^^^^^^^^^^^^^^^
  File "/usr/lib/python3.12/ast.py", line 52, in parse
    return compile(source, filename, mode, flags,
           ^^^^^^^^^^^^^^^^^^^^^^^^^^^^^^^^^^^^^^
  File "<unknown>", line 5
    qb = 
         ^
SyntaxError: invalid syntax
2025-07-17 23:29:07,287 cblogger [ERROR]: 		Error while extracting halsted code metrics: invalid syntax (<unknown>, line 5)
Traceback (most recent call last):
  File "/root/trabalho_super/QuestionInsight/Etapa_1/codebench-mining-tool/util.py", line 569, in extract_halstead_metrics
    h = h_visit(code)
        ^^^^^^^^^^^^^
  File "/root/trabalho_super/venv_jupyter/lib/python3.12/site-packages/radon/metrics.py", line 29, in h_visit
    return h_visit_ast(ast.parse(code))
                       ^^^^^^^^^^^^^^^
  File "/usr/lib/python3.12/ast.py", line 52, in parse
    return compile(source, filename, mode, flags,
           ^^^^^^^^^^^^^^^^^^^^^^^^^^^^^^^^^^^^^^
  File "<unknown>", line 5
    qb = 
         ^
SyntaxError: invalid syntax
2025-07-17 23:29:07,564 cblogger [ERROR]: 		Error while extracting code complexity metrics: expected an indented block after 'for' statement on line 8 (<unknown>, line 9)
Traceback (most recent call last):
  File "/root/trabalho_super/QuestionInsight/Etapa_1/codebench-mining-tool/util.py", line 551, in extract_complexity_metrics
    v = ComplexityVisitor.from_code(code)
        ^^^^^^^^^^^^^^^^^^^^^^^^^^^^^^^^^
  File "/root/trabalho_super/venv_jupyter/lib/python3.12/site-packages/radon/visitors.py", line 133, in from_code
    return cls.from_ast(code2ast(code), **kwargs)
                        ^^^^^^^^^^^^^^
  File "/root/trabalho_super/venv_jupyter/lib/python3.12/site-packages/radon/visitors.py", line 48, in code2ast
    return ast.parse(source)
           ^^^^^^^^^^^^^^^^^
  File "/usr/lib/python3.12/ast.py", line 52, in parse
    return compile(source, filename, mode, flags,
           ^^^^^^^^^^^^^^^^^^^^^^^^^^^^^^^^^^^^^^
  File "<unknown>", line 9
    	
    	^
IndentationError: expected an indented block after 'for' statement on line 8
2025-07-17 23:29:07,565 cblogger [ERROR]: 		Error while extracting halsted code metrics: expected an indented block after 'for' statement on line 8 (<unknown>, line 9)
Traceback (most recent call last):
  File "/root/trabalho_super/QuestionInsight/Etapa_1/codebench-mining-tool/util.py", line 569, in extract_halstead_metrics
    h = h_visit(code)
        ^^^^^^^^^^^^^
  File "/root/trabalho_super/venv_jupyter/lib/python3.12/site-packages/radon/metrics.py", line 29, in h_visit
    return h_visit_ast(ast.parse(code))
                       ^^^^^^^^^^^^^^^
  File "/usr/lib/python3.12/ast.py", line 52, in parse
    return compile(source, filename, mode, flags,
           ^^^^^^^^^^^^^^^^^^^^^^^^^^^^^^^^^^^^^^
  File "<unknown>", line 9
    	
    	^
IndentationError: expected an indented block after 'for' statement on line 8
2025-07-17 23:29:07,629 cblogger [ERROR]: 		Error while extracting code complexity metrics: invalid syntax (<unknown>, line 7)
Traceback (most recent call last):
  File "/root/trabalho_super/QuestionInsight/Etapa_1/codebench-mining-tool/util.py", line 551, in extract_complexity_metrics
    v = ComplexityVisitor.from_code(code)
        ^^^^^^^^^^^^^^^^^^^^^^^^^^^^^^^^^
  File "/root/trabalho_super/venv_jupyter/lib/python3.12/site-packages/radon/visitors.py", line 133, in from_code
    return cls.from_ast(code2ast(code), **kwargs)
                        ^^^^^^^^^^^^^^
  File "/root/trabalho_super/venv_jupyter/lib/python3.12/site-packages/radon/visitors.py", line 48, in code2ast
    return ast.parse(source)
           ^^^^^^^^^^^^^^^^^
  File "/usr/lib/python3.12/ast.py", line 52, in parse
    return compile(source, filename, mode, flags,
           ^^^^^^^^^^^^^^^^^^^^^^^^^^^^^^^^^^^^^^
  File "<unknown>", line 7
    while a[i]  "HLE":
                ^^^^^
SyntaxError: invalid syntax
2025-07-17 23:29:07,632 cblogger [ERROR]: 		Error while extracting halsted code metrics: invalid syntax (<unknown>, line 7)
Traceback (most recent call last):
  File "/root/trabalho_super/QuestionInsight/Etapa_1/codebench-mining-tool/util.py", line 569, in extract_halstead_metrics
    h = h_visit(code)
        ^^^^^^^^^^^^^
  File "/root/trabalho_super/venv_jupyter/lib/python3.12/site-packages/radon/metrics.py", line 29, in h_visit
    return h_visit_ast(ast.parse(code))
                       ^^^^^^^^^^^^^^^
  File "/usr/lib/python3.12/ast.py", line 52, in parse
    return compile(source, filename, mode, flags,
           ^^^^^^^^^^^^^^^^^^^^^^^^^^^^^^^^^^^^^^
  File "<unknown>", line 7
    while a[i]  "HLE":
                ^^^^^
SyntaxError: invalid syntax
2025-07-17 23:29:07,667 cblogger [ERROR]: 		Error while extracting code complexity metrics: invalid syntax (<unknown>, line 8)
Traceback (most recent call last):
  File "/root/trabalho_super/QuestionInsight/Etapa_1/codebench-mining-tool/util.py", line 551, in extract_complexity_metrics
    v = ComplexityVisitor.from_code(code)
        ^^^^^^^^^^^^^^^^^^^^^^^^^^^^^^^^^
  File "/root/trabalho_super/venv_jupyter/lib/python3.12/site-packages/radon/visitors.py", line 133, in from_code
    return cls.from_ast(code2ast(code), **kwargs)
                        ^^^^^^^^^^^^^^
  File "/root/trabalho_super/venv_jupyter/lib/python3.12/site-packages/radon/visitors.py", line 48, in code2ast
    return ast.parse(source)
           ^^^^^^^^^^^^^^^^^
  File "/usr/lib/python3.12/ast.py", line 52, in parse
    return compile(source, filename, mode, flags,
           ^^^^^^^^^^^^^^^^^^^^^^^^^^^^^^^^^^^^^^
  File "<unknown>", line 8
    while i < size(a:
                    ^
SyntaxError: invalid syntax
2025-07-17 23:29:07,669 cblogger [ERROR]: 		Error while extracting code size based metrics: SyntaxError at line: 8
Traceback (most recent call last):
  File "/root/trabalho_super/venv_jupyter/lib/python3.12/site-packages/radon/raw.py", line 210, in analyze
    tokens, parsed_lines = _get_all_tokens(line, lines)
                           ^^^^^^^^^^^^^^^^^^^^^^^^^^^^
  File "/root/trabalho_super/venv_jupyter/lib/python3.12/site-packages/radon/raw.py", line 117, in _get_all_tokens
    next_line = next(lines)
                ^^^^^^^^^^^
StopIteration

During handling of the above exception, another exception occurred:

Traceback (most recent call last):
  File "/root/trabalho_super/QuestionInsight/Etapa_1/codebench-mining-tool/util.py", line 560, in extract_size_metrics
    a = analyze(code)
        ^^^^^^^^^^^^^
  File "/root/trabalho_super/venv_jupyter/lib/python3.12/site-packages/radon/raw.py", line 212, in analyze
    raise SyntaxError('SyntaxError at line: {0}'.format(lineno))
SyntaxError: SyntaxError at line: 8
2025-07-17 23:29:07,670 cblogger [ERROR]: 		Error while extracting halsted code metrics: invalid syntax (<unknown>, line 8)
Traceback (most recent call last):
  File "/root/trabalho_super/QuestionInsight/Etapa_1/codebench-mining-tool/util.py", line 569, in extract_halstead_metrics
    h = h_visit(code)
        ^^^^^^^^^^^^^
  File "/root/trabalho_super/venv_jupyter/lib/python3.12/site-packages/radon/metrics.py", line 29, in h_visit
    return h_visit_ast(ast.parse(code))
                       ^^^^^^^^^^^^^^^
  File "/usr/lib/python3.12/ast.py", line 52, in parse
    return compile(source, filename, mode, flags,
           ^^^^^^^^^^^^^^^^^^^^^^^^^^^^^^^^^^^^^^
  File "<unknown>", line 8
    while i < size(a:
                    ^
SyntaxError: invalid syntax
2025-07-17 23:29:07,671 cblogger [ERROR]: 		Error while extracting code complexity metrics: invalid syntax (<unknown>, line 8)
Traceback (most recent call last):
  File "/root/trabalho_super/QuestionInsight/Etapa_1/codebench-mining-tool/util.py", line 551, in extract_complexity_metrics
    v = ComplexityVisitor.from_code(code)
        ^^^^^^^^^^^^^^^^^^^^^^^^^^^^^^^^^
  File "/root/trabalho_super/venv_jupyter/lib/python3.12/site-packages/radon/visitors.py", line 133, in from_code
    return cls.from_ast(code2ast(code), **kwargs)
                        ^^^^^^^^^^^^^^
  File "/root/trabalho_super/venv_jupyter/lib/python3.12/site-packages/radon/visitors.py", line 48, in code2ast
    return ast.parse(source)
           ^^^^^^^^^^^^^^^^^
  File "/usr/lib/python3.12/ast.py", line 52, in parse
    return compile(source, filename, mode, flags,
           ^^^^^^^^^^^^^^^^^^^^^^^^^^^^^^^^^^^^^^
  File "<unknown>", line 8
    if
      ^
SyntaxError: invalid syntax
2025-07-17 23:29:07,672 cblogger [ERROR]: 		Error while extracting halsted code metrics: invalid syntax (<unknown>, line 8)
Traceback (most recent call last):
  File "/root/trabalho_super/QuestionInsight/Etapa_1/codebench-mining-tool/util.py", line 569, in extract_halstead_metrics
    h = h_visit(code)
        ^^^^^^^^^^^^^
  File "/root/trabalho_super/venv_jupyter/lib/python3.12/site-packages/radon/metrics.py", line 29, in h_visit
    return h_visit_ast(ast.parse(code))
                       ^^^^^^^^^^^^^^^
  File "/usr/lib/python3.12/ast.py", line 52, in parse
    return compile(source, filename, mode, flags,
           ^^^^^^^^^^^^^^^^^^^^^^^^^^^^^^^^^^^^^^
  File "<unknown>", line 8
    if
      ^
SyntaxError: invalid syntax
2025-07-17 23:29:08,061 cblogger [ERROR]: 		Error while extracting code complexity metrics: invalid syntax (<unknown>, line 1)
Traceback (most recent call last):
  File "/root/trabalho_super/QuestionInsight/Etapa_1/codebench-mining-tool/util.py", line 551, in extract_complexity_metrics
    v = ComplexityVisitor.from_code(code)
        ^^^^^^^^^^^^^^^^^^^^^^^^^^^^^^^^^
  File "/root/trabalho_super/venv_jupyter/lib/python3.12/site-packages/radon/visitors.py", line 133, in from_code
    return cls.from_ast(code2ast(code), **kwargs)
                        ^^^^^^^^^^^^^^
  File "/root/trabalho_super/venv_jupyter/lib/python3.12/site-packages/radon/visitors.py", line 48, in code2ast
    return ast.parse(source)
           ^^^^^^^^^^^^^^^^^
  File "/usr/lib/python3.12/ast.py", line 52, in parse
    return compile(source, filename, mode, flags,
           ^^^^^^^^^^^^^^^^^^^^^^^^^^^^^^^^^^^^^^
  File "<unknown>", line 1
    A=
      ^
SyntaxError: invalid syntax
2025-07-17 23:29:08,062 cblogger [ERROR]: 		Error while extracting halsted code metrics: invalid syntax (<unknown>, line 1)
Traceback (most recent call last):
  File "/root/trabalho_super/QuestionInsight/Etapa_1/codebench-mining-tool/util.py", line 569, in extract_halstead_metrics
    h = h_visit(code)
        ^^^^^^^^^^^^^
  File "/root/trabalho_super/venv_jupyter/lib/python3.12/site-packages/radon/metrics.py", line 29, in h_visit
    return h_visit_ast(ast.parse(code))
                       ^^^^^^^^^^^^^^^
  File "/usr/lib/python3.12/ast.py", line 52, in parse
    return compile(source, filename, mode, flags,
           ^^^^^^^^^^^^^^^^^^^^^^^^^^^^^^^^^^^^^^
  File "<unknown>", line 1
    A=
      ^
SyntaxError: invalid syntax
2025-07-17 23:29:08,063 cblogger [ERROR]: 		Error while extracting code complexity metrics: invalid syntax (<unknown>, line 3)
Traceback (most recent call last):
  File "/root/trabalho_super/QuestionInsight/Etapa_1/codebench-mining-tool/util.py", line 551, in extract_complexity_metrics
    v = ComplexityVisitor.from_code(code)
        ^^^^^^^^^^^^^^^^^^^^^^^^^^^^^^^^^
  File "/root/trabalho_super/venv_jupyter/lib/python3.12/site-packages/radon/visitors.py", line 133, in from_code
    return cls.from_ast(code2ast(code), **kwargs)
                        ^^^^^^^^^^^^^^
  File "/root/trabalho_super/venv_jupyter/lib/python3.12/site-packages/radon/visitors.py", line 48, in code2ast
    return ast.parse(source)
           ^^^^^^^^^^^^^^^^^
  File "/usr/lib/python3.12/ast.py", line 52, in parse
    return compile(source, filename, mode, flags,
           ^^^^^^^^^^^^^^^^^^^^^^^^^^^^^^^^^^^^^^
  File "<unknown>", line 3
    numero0 = int(input"numero k-1 :")
                       ^^^^^^^^^^^^^^
SyntaxError: invalid syntax
2025-07-17 23:29:08,064 cblogger [ERROR]: 		Error while extracting halsted code metrics: invalid syntax (<unknown>, line 3)
Traceback (most recent call last):
  File "/root/trabalho_super/QuestionInsight/Etapa_1/codebench-mining-tool/util.py", line 569, in extract_halstead_metrics
    h = h_visit(code)
        ^^^^^^^^^^^^^
  File "/root/trabalho_super/venv_jupyter/lib/python3.12/site-packages/radon/metrics.py", line 29, in h_visit
    return h_visit_ast(ast.parse(code))
                       ^^^^^^^^^^^^^^^
  File "/usr/lib/python3.12/ast.py", line 52, in parse
    return compile(source, filename, mode, flags,
           ^^^^^^^^^^^^^^^^^^^^^^^^^^^^^^^^^^^^^^
  File "<unknown>", line 3
    numero0 = int(input"numero k-1 :")
                       ^^^^^^^^^^^^^^
SyntaxError: invalid syntax
2025-07-17 23:29:08,066 cblogger [ERROR]: 		Error while extracting code complexity metrics: expected ':' (<unknown>, line 8)
Traceback (most recent call last):
  File "/root/trabalho_super/QuestionInsight/Etapa_1/codebench-mining-tool/util.py", line 551, in extract_complexity_metrics
    v = ComplexityVisitor.from_code(code)
        ^^^^^^^^^^^^^^^^^^^^^^^^^^^^^^^^^
  File "/root/trabalho_super/venv_jupyter/lib/python3.12/site-packages/radon/visitors.py", line 133, in from_code
    return cls.from_ast(code2ast(code), **kwargs)
                        ^^^^^^^^^^^^^^
  File "/root/trabalho_super/venv_jupyter/lib/python3.12/site-packages/radon/visitors.py", line 48, in code2ast
    return ast.parse(source)
           ^^^^^^^^^^^^^^^^^
  File "/usr/lib/python3.12/ast.py", line 52, in parse
    return compile(source, filename, mode, flags,
           ^^^^^^^^^^^^^^^^^^^^^^^^^^^^^^^^^^^^^^
  File "<unknown>", line 8
    for i in range(size(v))	
                           	^
SyntaxError: expected ':'
2025-07-17 23:29:08,067 cblogger [ERROR]: 		Error while extracting halsted code metrics: expected ':' (<unknown>, line 8)
Traceback (most recent call last):
  File "/root/trabalho_super/QuestionInsight/Etapa_1/codebench-mining-tool/util.py", line 569, in extract_halstead_metrics
    h = h_visit(code)
        ^^^^^^^^^^^^^
  File "/root/trabalho_super/venv_jupyter/lib/python3.12/site-packages/radon/metrics.py", line 29, in h_visit
    return h_visit_ast(ast.parse(code))
                       ^^^^^^^^^^^^^^^
  File "/usr/lib/python3.12/ast.py", line 52, in parse
    return compile(source, filename, mode, flags,
           ^^^^^^^^^^^^^^^^^^^^^^^^^^^^^^^^^^^^^^
  File "<unknown>", line 8
    for i in range(size(v))	
                           	^
SyntaxError: expected ':'
2025-07-17 23:29:08,071 cblogger [ERROR]: 		Error while extracting code complexity metrics: unexpected indent (<unknown>, line 5)
Traceback (most recent call last):
  File "/root/trabalho_super/QuestionInsight/Etapa_1/codebench-mining-tool/util.py", line 551, in extract_complexity_metrics
    v = ComplexityVisitor.from_code(code)
        ^^^^^^^^^^^^^^^^^^^^^^^^^^^^^^^^^
  File "/root/trabalho_super/venv_jupyter/lib/python3.12/site-packages/radon/visitors.py", line 133, in from_code
    return cls.from_ast(code2ast(code), **kwargs)
                        ^^^^^^^^^^^^^^
  File "/root/trabalho_super/venv_jupyter/lib/python3.12/site-packages/radon/visitors.py", line 48, in code2ast
    return ast.parse(source)
           ^^^^^^^^^^^^^^^^^
  File "/usr/lib/python3.12/ast.py", line 52, in parse
    return compile(source, filename, mode, flags,
           ^^^^^^^^^^^^^^^^^^^^^^^^^^^^^^^^^^^^^^
  File "<unknown>", line 5
    if = (" tiver numero positivo")
IndentationError: unexpected indent
2025-07-17 23:29:08,071 cblogger [ERROR]: 		Error while extracting halsted code metrics: unexpected indent (<unknown>, line 5)
Traceback (most recent call last):
  File "/root/trabalho_super/QuestionInsight/Etapa_1/codebench-mining-tool/util.py", line 569, in extract_halstead_metrics
    h = h_visit(code)
        ^^^^^^^^^^^^^
  File "/root/trabalho_super/venv_jupyter/lib/python3.12/site-packages/radon/metrics.py", line 29, in h_visit
    return h_visit_ast(ast.parse(code))
                       ^^^^^^^^^^^^^^^
  File "/usr/lib/python3.12/ast.py", line 52, in parse
    return compile(source, filename, mode, flags,
           ^^^^^^^^^^^^^^^^^^^^^^^^^^^^^^^^^^^^^^
  File "<unknown>", line 5
    if = (" tiver numero positivo")
IndentationError: unexpected indent
2025-07-17 23:29:08,076 cblogger [ERROR]: 		Error while extracting code complexity metrics: Missing parentheses in call to 'print'. Did you mean print(...)? (<unknown>, line 6)
Traceback (most recent call last):
  File "/root/trabalho_super/QuestionInsight/Etapa_1/codebench-mining-tool/util.py", line 551, in extract_complexity_metrics
    v = ComplexityVisitor.from_code(code)
        ^^^^^^^^^^^^^^^^^^^^^^^^^^^^^^^^^
  File "/root/trabalho_super/venv_jupyter/lib/python3.12/site-packages/radon/visitors.py", line 133, in from_code
    return cls.from_ast(code2ast(code), **kwargs)
                        ^^^^^^^^^^^^^^
  File "/root/trabalho_super/venv_jupyter/lib/python3.12/site-packages/radon/visitors.py", line 48, in code2ast
    return ast.parse(source)
           ^^^^^^^^^^^^^^^^^
  File "/usr/lib/python3.12/ast.py", line 52, in parse
    return compile(source, filename, mode, flags,
           ^^^^^^^^^^^^^^^^^^^^^^^^^^^^^^^^^^^^^^
  File "<unknown>", line 6
    	print "Não pode ser um triangulo"
    	^^^^^^^^^^^^^^^^^^^^^^^^^^^^^^^^^
SyntaxError: Missing parentheses in call to 'print'. Did you mean print(...)?
2025-07-17 23:29:08,077 cblogger [ERROR]: 		Error while extracting halsted code metrics: Missing parentheses in call to 'print'. Did you mean print(...)? (<unknown>, line 6)
Traceback (most recent call last):
  File "/root/trabalho_super/QuestionInsight/Etapa_1/codebench-mining-tool/util.py", line 569, in extract_halstead_metrics
    h = h_visit(code)
        ^^^^^^^^^^^^^
  File "/root/trabalho_super/venv_jupyter/lib/python3.12/site-packages/radon/metrics.py", line 29, in h_visit
    return h_visit_ast(ast.parse(code))
                       ^^^^^^^^^^^^^^^
  File "/usr/lib/python3.12/ast.py", line 52, in parse
    return compile(source, filename, mode, flags,
           ^^^^^^^^^^^^^^^^^^^^^^^^^^^^^^^^^^^^^^
  File "<unknown>", line 6
    	print "Não pode ser um triangulo"
    	^^^^^^^^^^^^^^^^^^^^^^^^^^^^^^^^^
SyntaxError: Missing parentheses in call to 'print'. Did you mean print(...)?
2025-07-17 23:29:08,098 cblogger [ERROR]: 		Error while extracting code complexity metrics: expected ':' (<unknown>, line 7)
Traceback (most recent call last):
  File "/root/trabalho_super/QuestionInsight/Etapa_1/codebench-mining-tool/util.py", line 551, in extract_complexity_metrics
    v = ComplexityVisitor.from_code(code)
        ^^^^^^^^^^^^^^^^^^^^^^^^^^^^^^^^^
  File "/root/trabalho_super/venv_jupyter/lib/python3.12/site-packages/radon/visitors.py", line 133, in from_code
    return cls.from_ast(code2ast(code), **kwargs)
                        ^^^^^^^^^^^^^^
  File "/root/trabalho_super/venv_jupyter/lib/python3.12/site-packages/radon/visitors.py", line 48, in code2ast
    return ast.parse(source)
           ^^^^^^^^^^^^^^^^^
  File "/usr/lib/python3.12/ast.py", line 52, in parse
    return compile(source, filename, mode, flags,
           ^^^^^^^^^^^^^^^^^^^^^^^^^^^^^^^^^^^^^^
  File "<unknown>", line 7
    else 
         ^
SyntaxError: expected ':'
2025-07-17 23:29:08,098 cblogger [ERROR]: 		Error while extracting halsted code metrics: expected ':' (<unknown>, line 7)
Traceback (most recent call last):
  File "/root/trabalho_super/QuestionInsight/Etapa_1/codebench-mining-tool/util.py", line 569, in extract_halstead_metrics
    h = h_visit(code)
        ^^^^^^^^^^^^^
  File "/root/trabalho_super/venv_jupyter/lib/python3.12/site-packages/radon/metrics.py", line 29, in h_visit
    return h_visit_ast(ast.parse(code))
                       ^^^^^^^^^^^^^^^
  File "/usr/lib/python3.12/ast.py", line 52, in parse
    return compile(source, filename, mode, flags,
           ^^^^^^^^^^^^^^^^^^^^^^^^^^^^^^^^^^^^^^
  File "<unknown>", line 7
    else 
         ^
SyntaxError: expected ':'
2025-07-17 23:29:08,132 cblogger [ERROR]: 		Error while extracting code complexity metrics: invalid syntax (<unknown>, line 1)
Traceback (most recent call last):
  File "/root/trabalho_super/QuestionInsight/Etapa_1/codebench-mining-tool/util.py", line 551, in extract_complexity_metrics
    v = ComplexityVisitor.from_code(code)
        ^^^^^^^^^^^^^^^^^^^^^^^^^^^^^^^^^
  File "/root/trabalho_super/venv_jupyter/lib/python3.12/site-packages/radon/visitors.py", line 133, in from_code
    return cls.from_ast(code2ast(code), **kwargs)
                        ^^^^^^^^^^^^^^
  File "/root/trabalho_super/venv_jupyter/lib/python3.12/site-packages/radon/visitors.py", line 48, in code2ast
    return ast.parse(source)
           ^^^^^^^^^^^^^^^^^
  File "/usr/lib/python3.12/ast.py", line 52, in parse
    return compile(source, filename, mode, flags,
           ^^^^^^^^^^^^^^^^^^^^^^^^^^^^^^^^^^^^^^
  File "<unknown>", line 1
    if = se >=20 or <=70 o coelho 
       ^
SyntaxError: invalid syntax
2025-07-17 23:29:08,133 cblogger [ERROR]: 		Error while extracting halsted code metrics: invalid syntax (<unknown>, line 1)
Traceback (most recent call last):
  File "/root/trabalho_super/QuestionInsight/Etapa_1/codebench-mining-tool/util.py", line 569, in extract_halstead_metrics
    h = h_visit(code)
        ^^^^^^^^^^^^^
  File "/root/trabalho_super/venv_jupyter/lib/python3.12/site-packages/radon/metrics.py", line 29, in h_visit
    return h_visit_ast(ast.parse(code))
                       ^^^^^^^^^^^^^^^
  File "/usr/lib/python3.12/ast.py", line 52, in parse
    return compile(source, filename, mode, flags,
           ^^^^^^^^^^^^^^^^^^^^^^^^^^^^^^^^^^^^^^
  File "<unknown>", line 1
    if = se >=20 or <=70 o coelho 
       ^
SyntaxError: invalid syntax
2025-07-17 23:29:08,176 cblogger [ERROR]: 		Error while extracting code complexity metrics: '(' was never closed (<unknown>, line 9)
Traceback (most recent call last):
  File "/root/trabalho_super/QuestionInsight/Etapa_1/codebench-mining-tool/util.py", line 551, in extract_complexity_metrics
    v = ComplexityVisitor.from_code(code)
        ^^^^^^^^^^^^^^^^^^^^^^^^^^^^^^^^^
  File "/root/trabalho_super/venv_jupyter/lib/python3.12/site-packages/radon/visitors.py", line 133, in from_code
    return cls.from_ast(code2ast(code), **kwargs)
                        ^^^^^^^^^^^^^^
  File "/root/trabalho_super/venv_jupyter/lib/python3.12/site-packages/radon/visitors.py", line 48, in code2ast
    return ast.parse(source)
           ^^^^^^^^^^^^^^^^^
  File "/usr/lib/python3.12/ast.py", line 52, in parse
    return compile(source, filename, mode, flags,
           ^^^^^^^^^^^^^^^^^^^^^^^^^^^^^^^^^^^^^^
  File "<unknown>", line 9
    	print(round(F, 2)
    	     ^
SyntaxError: '(' was never closed
2025-07-17 23:29:08,177 cblogger [ERROR]: 		Error while extracting code size based metrics: SyntaxError at line: 9
Traceback (most recent call last):
  File "/root/trabalho_super/venv_jupyter/lib/python3.12/site-packages/radon/raw.py", line 210, in analyze
    tokens, parsed_lines = _get_all_tokens(line, lines)
                           ^^^^^^^^^^^^^^^^^^^^^^^^^^^^
  File "/root/trabalho_super/venv_jupyter/lib/python3.12/site-packages/radon/raw.py", line 117, in _get_all_tokens
    next_line = next(lines)
                ^^^^^^^^^^^
StopIteration

During handling of the above exception, another exception occurred:

Traceback (most recent call last):
  File "/root/trabalho_super/QuestionInsight/Etapa_1/codebench-mining-tool/util.py", line 560, in extract_size_metrics
    a = analyze(code)
        ^^^^^^^^^^^^^
  File "/root/trabalho_super/venv_jupyter/lib/python3.12/site-packages/radon/raw.py", line 212, in analyze
    raise SyntaxError('SyntaxError at line: {0}'.format(lineno))
SyntaxError: SyntaxError at line: 9
2025-07-17 23:29:08,178 cblogger [ERROR]: 		Error while extracting halsted code metrics: '(' was never closed (<unknown>, line 9)
Traceback (most recent call last):
  File "/root/trabalho_super/QuestionInsight/Etapa_1/codebench-mining-tool/util.py", line 569, in extract_halstead_metrics
    h = h_visit(code)
        ^^^^^^^^^^^^^
  File "/root/trabalho_super/venv_jupyter/lib/python3.12/site-packages/radon/metrics.py", line 29, in h_visit
    return h_visit_ast(ast.parse(code))
                       ^^^^^^^^^^^^^^^
  File "/usr/lib/python3.12/ast.py", line 52, in parse
    return compile(source, filename, mode, flags,
           ^^^^^^^^^^^^^^^^^^^^^^^^^^^^^^^^^^^^^^
  File "<unknown>", line 9
    	print(round(F, 2)
    	     ^
SyntaxError: '(' was never closed
2025-07-17 23:29:08,312 cblogger [ERROR]: 		Error while extracting code complexity metrics: invalid syntax (<unknown>, line 6)
Traceback (most recent call last):
  File "/root/trabalho_super/QuestionInsight/Etapa_1/codebench-mining-tool/util.py", line 551, in extract_complexity_metrics
    v = ComplexityVisitor.from_code(code)
        ^^^^^^^^^^^^^^^^^^^^^^^^^^^^^^^^^
  File "/root/trabalho_super/venv_jupyter/lib/python3.12/site-packages/radon/visitors.py", line 133, in from_code
    return cls.from_ast(code2ast(code), **kwargs)
                        ^^^^^^^^^^^^^^
  File "/root/trabalho_super/venv_jupyter/lib/python3.12/site-packages/radon/visitors.py", line 48, in code2ast
    return ast.parse(source)
           ^^^^^^^^^^^^^^^^^
  File "/usr/lib/python3.12/ast.py", line 52, in parse
    return compile(source, filename, mode, flags,
           ^^^^^^^^^^^^^^^^^^^^^^^^^^^^^^^^^^^^^^
  File "<unknown>", line 6
    for i in :
             ^
SyntaxError: invalid syntax
2025-07-17 23:29:08,313 cblogger [ERROR]: 		Error while extracting halsted code metrics: invalid syntax (<unknown>, line 6)
Traceback (most recent call last):
  File "/root/trabalho_super/QuestionInsight/Etapa_1/codebench-mining-tool/util.py", line 569, in extract_halstead_metrics
    h = h_visit(code)
        ^^^^^^^^^^^^^
  File "/root/trabalho_super/venv_jupyter/lib/python3.12/site-packages/radon/metrics.py", line 29, in h_visit
    return h_visit_ast(ast.parse(code))
                       ^^^^^^^^^^^^^^^
  File "/usr/lib/python3.12/ast.py", line 52, in parse
    return compile(source, filename, mode, flags,
           ^^^^^^^^^^^^^^^^^^^^^^^^^^^^^^^^^^^^^^
  File "<unknown>", line 6
    for i in :
             ^
SyntaxError: invalid syntax
2025-07-17 23:29:08,338 cblogger [ERROR]: 		Error while extracting code complexity metrics: invalid syntax (<unknown>, line 4)
Traceback (most recent call last):
  File "/root/trabalho_super/QuestionInsight/Etapa_1/codebench-mining-tool/util.py", line 551, in extract_complexity_metrics
    v = ComplexityVisitor.from_code(code)
        ^^^^^^^^^^^^^^^^^^^^^^^^^^^^^^^^^
  File "/root/trabalho_super/venv_jupyter/lib/python3.12/site-packages/radon/visitors.py", line 133, in from_code
    return cls.from_ast(code2ast(code), **kwargs)
                        ^^^^^^^^^^^^^^
  File "/root/trabalho_super/venv_jupyter/lib/python3.12/site-packages/radon/visitors.py", line 48, in code2ast
    return ast.parse(source)
           ^^^^^^^^^^^^^^^^^
  File "/usr/lib/python3.12/ast.py", line 52, in parse
    return compile(source, filename, mode, flags,
           ^^^^^^^^^^^^^^^^^^^^^^^^^^^^^^^^^^^^^^
  File "<unknown>", line 4
    	m = 
    	    ^
SyntaxError: invalid syntax
2025-07-17 23:29:08,344 cblogger [ERROR]: 		Error while extracting halsted code metrics: invalid syntax (<unknown>, line 4)
Traceback (most recent call last):
  File "/root/trabalho_super/QuestionInsight/Etapa_1/codebench-mining-tool/util.py", line 569, in extract_halstead_metrics
    h = h_visit(code)
        ^^^^^^^^^^^^^
  File "/root/trabalho_super/venv_jupyter/lib/python3.12/site-packages/radon/metrics.py", line 29, in h_visit
    return h_visit_ast(ast.parse(code))
                       ^^^^^^^^^^^^^^^
  File "/usr/lib/python3.12/ast.py", line 52, in parse
    return compile(source, filename, mode, flags,
           ^^^^^^^^^^^^^^^^^^^^^^^^^^^^^^^^^^^^^^
  File "<unknown>", line 4
    	m = 
    	    ^
SyntaxError: invalid syntax
2025-07-17 23:29:08,389 cblogger [ERROR]: 		Error while extracting code complexity metrics: '(' was never closed (<unknown>, line 1)
Traceback (most recent call last):
  File "/root/trabalho_super/QuestionInsight/Etapa_1/codebench-mining-tool/util.py", line 551, in extract_complexity_metrics
    v = ComplexityVisitor.from_code(code)
        ^^^^^^^^^^^^^^^^^^^^^^^^^^^^^^^^^
  File "/root/trabalho_super/venv_jupyter/lib/python3.12/site-packages/radon/visitors.py", line 133, in from_code
    return cls.from_ast(code2ast(code), **kwargs)
                        ^^^^^^^^^^^^^^
  File "/root/trabalho_super/venv_jupyter/lib/python3.12/site-packages/radon/visitors.py", line 48, in code2ast
    return ast.parse(source)
           ^^^^^^^^^^^^^^^^^
  File "/usr/lib/python3.12/ast.py", line 52, in parse
    return compile(source, filename, mode, flags,
           ^^^^^^^^^^^^^^^^^^^^^^^^^^^^^^^^^^^^^^
  File "<unknown>", line 1
    ida = float(input("qual a idade?: ")
               ^
SyntaxError: '(' was never closed
2025-07-17 23:29:08,390 cblogger [ERROR]: 		Error while extracting code size based metrics: SyntaxError at line: 1
Traceback (most recent call last):
  File "/root/trabalho_super/venv_jupyter/lib/python3.12/site-packages/radon/raw.py", line 210, in analyze
    tokens, parsed_lines = _get_all_tokens(line, lines)
                           ^^^^^^^^^^^^^^^^^^^^^^^^^^^^
  File "/root/trabalho_super/venv_jupyter/lib/python3.12/site-packages/radon/raw.py", line 117, in _get_all_tokens
    next_line = next(lines)
                ^^^^^^^^^^^
StopIteration

During handling of the above exception, another exception occurred:

Traceback (most recent call last):
  File "/root/trabalho_super/QuestionInsight/Etapa_1/codebench-mining-tool/util.py", line 560, in extract_size_metrics
    a = analyze(code)
        ^^^^^^^^^^^^^
  File "/root/trabalho_super/venv_jupyter/lib/python3.12/site-packages/radon/raw.py", line 212, in analyze
    raise SyntaxError('SyntaxError at line: {0}'.format(lineno))
SyntaxError: SyntaxError at line: 1
2025-07-17 23:29:08,391 cblogger [ERROR]: 		Error while extracting halsted code metrics: '(' was never closed (<unknown>, line 1)
Traceback (most recent call last):
  File "/root/trabalho_super/QuestionInsight/Etapa_1/codebench-mining-tool/util.py", line 569, in extract_halstead_metrics
    h = h_visit(code)
        ^^^^^^^^^^^^^
  File "/root/trabalho_super/venv_jupyter/lib/python3.12/site-packages/radon/metrics.py", line 29, in h_visit
    return h_visit_ast(ast.parse(code))
                       ^^^^^^^^^^^^^^^
  File "/usr/lib/python3.12/ast.py", line 52, in parse
    return compile(source, filename, mode, flags,
           ^^^^^^^^^^^^^^^^^^^^^^^^^^^^^^^^^^^^^^
  File "<unknown>", line 1
    ida = float(input("qual a idade?: ")
               ^
SyntaxError: '(' was never closed
2025-07-17 23:29:08,569 cblogger [ERROR]: 		Error while extracting code complexity metrics: '(' was never closed (<unknown>, line 3)
Traceback (most recent call last):
  File "/root/trabalho_super/QuestionInsight/Etapa_1/codebench-mining-tool/util.py", line 551, in extract_complexity_metrics
    v = ComplexityVisitor.from_code(code)
        ^^^^^^^^^^^^^^^^^^^^^^^^^^^^^^^^^
  File "/root/trabalho_super/venv_jupyter/lib/python3.12/site-packages/radon/visitors.py", line 133, in from_code
    return cls.from_ast(code2ast(code), **kwargs)
                        ^^^^^^^^^^^^^^
  File "/root/trabalho_super/venv_jupyter/lib/python3.12/site-packages/radon/visitors.py", line 48, in code2ast
    return ast.parse(source)
           ^^^^^^^^^^^^^^^^^
  File "/usr/lib/python3.12/ast.py", line 52, in parse
    return compile(source, filename, mode, flags,
           ^^^^^^^^^^^^^^^^^^^^^^^^^^^^^^^^^^^^^^
  File "<unknown>", line 3
    n = str(input(("Digite uma letra: ")).upper
           ^
SyntaxError: '(' was never closed
2025-07-17 23:29:08,570 cblogger [ERROR]: 		Error while extracting code size based metrics: SyntaxError at line: 3
Traceback (most recent call last):
  File "/root/trabalho_super/venv_jupyter/lib/python3.12/site-packages/radon/raw.py", line 210, in analyze
    tokens, parsed_lines = _get_all_tokens(line, lines)
                           ^^^^^^^^^^^^^^^^^^^^^^^^^^^^
  File "/root/trabalho_super/venv_jupyter/lib/python3.12/site-packages/radon/raw.py", line 117, in _get_all_tokens
    next_line = next(lines)
                ^^^^^^^^^^^
StopIteration

During handling of the above exception, another exception occurred:

Traceback (most recent call last):
  File "/root/trabalho_super/QuestionInsight/Etapa_1/codebench-mining-tool/util.py", line 560, in extract_size_metrics
    a = analyze(code)
        ^^^^^^^^^^^^^
  File "/root/trabalho_super/venv_jupyter/lib/python3.12/site-packages/radon/raw.py", line 212, in analyze
    raise SyntaxError('SyntaxError at line: {0}'.format(lineno))
SyntaxError: SyntaxError at line: 3
2025-07-17 23:29:08,571 cblogger [ERROR]: 		Error while extracting halsted code metrics: '(' was never closed (<unknown>, line 3)
Traceback (most recent call last):
  File "/root/trabalho_super/QuestionInsight/Etapa_1/codebench-mining-tool/util.py", line 569, in extract_halstead_metrics
    h = h_visit(code)
        ^^^^^^^^^^^^^
  File "/root/trabalho_super/venv_jupyter/lib/python3.12/site-packages/radon/metrics.py", line 29, in h_visit
    return h_visit_ast(ast.parse(code))
                       ^^^^^^^^^^^^^^^
  File "/usr/lib/python3.12/ast.py", line 52, in parse
    return compile(source, filename, mode, flags,
           ^^^^^^^^^^^^^^^^^^^^^^^^^^^^^^^^^^^^^^
  File "<unknown>", line 3
    n = str(input(("Digite uma letra: ")).upper
           ^
SyntaxError: '(' was never closed
2025-07-17 23:29:08,594 cblogger [ERROR]: 		Error while extracting code complexity metrics: unindent does not match any outer indentation level (<unknown>, line 8)
Traceback (most recent call last):
  File "/root/trabalho_super/QuestionInsight/Etapa_1/codebench-mining-tool/util.py", line 551, in extract_complexity_metrics
    v = ComplexityVisitor.from_code(code)
        ^^^^^^^^^^^^^^^^^^^^^^^^^^^^^^^^^
  File "/root/trabalho_super/venv_jupyter/lib/python3.12/site-packages/radon/visitors.py", line 133, in from_code
    return cls.from_ast(code2ast(code), **kwargs)
                        ^^^^^^^^^^^^^^
  File "/root/trabalho_super/venv_jupyter/lib/python3.12/site-packages/radon/visitors.py", line 48, in code2ast
    return ast.parse(source)
           ^^^^^^^^^^^^^^^^^
  File "/usr/lib/python3.12/ast.py", line 52, in parse
    return compile(source, filename, mode, flags,
           ^^^^^^^^^^^^^^^^^^^^^^^^^^^^^^^^^^^^^^
  File "<unknown>", line 8
    	print(cont)
    	           ^
IndentationError: unindent does not match any outer indentation level
2025-07-17 23:29:08,595 cblogger [ERROR]: 		Error while extracting halsted code metrics: unindent does not match any outer indentation level (<unknown>, line 8)
Traceback (most recent call last):
  File "/root/trabalho_super/QuestionInsight/Etapa_1/codebench-mining-tool/util.py", line 569, in extract_halstead_metrics
    h = h_visit(code)
        ^^^^^^^^^^^^^
  File "/root/trabalho_super/venv_jupyter/lib/python3.12/site-packages/radon/metrics.py", line 29, in h_visit
    return h_visit_ast(ast.parse(code))
                       ^^^^^^^^^^^^^^^
  File "/usr/lib/python3.12/ast.py", line 52, in parse
    return compile(source, filename, mode, flags,
           ^^^^^^^^^^^^^^^^^^^^^^^^^^^^^^^^^^^^^^
  File "<unknown>", line 8
    	print(cont)
    	           ^
IndentationError: unindent does not match any outer indentation level
2025-07-17 23:29:08,816 cblogger [ERROR]: 		Error while extracting code complexity metrics: expected ':' (<unknown>, line 6)
Traceback (most recent call last):
  File "/root/trabalho_super/QuestionInsight/Etapa_1/codebench-mining-tool/util.py", line 551, in extract_complexity_metrics
    v = ComplexityVisitor.from_code(code)
        ^^^^^^^^^^^^^^^^^^^^^^^^^^^^^^^^^
  File "/root/trabalho_super/venv_jupyter/lib/python3.12/site-packages/radon/visitors.py", line 133, in from_code
    return cls.from_ast(code2ast(code), **kwargs)
                        ^^^^^^^^^^^^^^
  File "/root/trabalho_super/venv_jupyter/lib/python3.12/site-packages/radon/visitors.py", line 48, in code2ast
    return ast.parse(source)
           ^^^^^^^^^^^^^^^^^
  File "/usr/lib/python3.12/ast.py", line 52, in parse
    return compile(source, filename, mode, flags,
           ^^^^^^^^^^^^^^^^^^^^^^^^^^^^^^^^^^^^^^
  File "<unknown>", line 6
    else;
        ^
SyntaxError: expected ':'
2025-07-17 23:29:08,817 cblogger [ERROR]: 		Error while extracting halsted code metrics: expected ':' (<unknown>, line 6)
Traceback (most recent call last):
  File "/root/trabalho_super/QuestionInsight/Etapa_1/codebench-mining-tool/util.py", line 569, in extract_halstead_metrics
    h = h_visit(code)
        ^^^^^^^^^^^^^
  File "/root/trabalho_super/venv_jupyter/lib/python3.12/site-packages/radon/metrics.py", line 29, in h_visit
    return h_visit_ast(ast.parse(code))
                       ^^^^^^^^^^^^^^^
  File "/usr/lib/python3.12/ast.py", line 52, in parse
    return compile(source, filename, mode, flags,
           ^^^^^^^^^^^^^^^^^^^^^^^^^^^^^^^^^^^^^^
  File "<unknown>", line 6
    else;
        ^
SyntaxError: expected ':'
2025-07-17 23:29:09,173 cblogger [ERROR]: 		Error while extracting code complexity metrics: '(' was never closed (<unknown>, line 1)
Traceback (most recent call last):
  File "/root/trabalho_super/QuestionInsight/Etapa_1/codebench-mining-tool/util.py", line 551, in extract_complexity_metrics
    v = ComplexityVisitor.from_code(code)
        ^^^^^^^^^^^^^^^^^^^^^^^^^^^^^^^^^
  File "/root/trabalho_super/venv_jupyter/lib/python3.12/site-packages/radon/visitors.py", line 133, in from_code
    return cls.from_ast(code2ast(code), **kwargs)
                        ^^^^^^^^^^^^^^
  File "/root/trabalho_super/venv_jupyter/lib/python3.12/site-packages/radon/visitors.py", line 48, in code2ast
    return ast.parse(source)
           ^^^^^^^^^^^^^^^^^
  File "/usr/lib/python3.12/ast.py", line 52, in parse
    return compile(source, filename, mode, flags,
           ^^^^^^^^^^^^^^^^^^^^^^^^^^^^^^^^^^^^^^
  File "<unknown>", line 1
    x = int(input
           ^
SyntaxError: '(' was never closed
2025-07-17 23:29:09,174 cblogger [ERROR]: 		Error while extracting code size based metrics: SyntaxError at line: 1
Traceback (most recent call last):
  File "/root/trabalho_super/venv_jupyter/lib/python3.12/site-packages/radon/raw.py", line 210, in analyze
    tokens, parsed_lines = _get_all_tokens(line, lines)
                           ^^^^^^^^^^^^^^^^^^^^^^^^^^^^
  File "/root/trabalho_super/venv_jupyter/lib/python3.12/site-packages/radon/raw.py", line 117, in _get_all_tokens
    next_line = next(lines)
                ^^^^^^^^^^^
StopIteration

During handling of the above exception, another exception occurred:

Traceback (most recent call last):
  File "/root/trabalho_super/QuestionInsight/Etapa_1/codebench-mining-tool/util.py", line 560, in extract_size_metrics
    a = analyze(code)
        ^^^^^^^^^^^^^
  File "/root/trabalho_super/venv_jupyter/lib/python3.12/site-packages/radon/raw.py", line 212, in analyze
    raise SyntaxError('SyntaxError at line: {0}'.format(lineno))
SyntaxError: SyntaxError at line: 1
2025-07-17 23:29:09,178 cblogger [ERROR]: 		Error while extracting halsted code metrics: '(' was never closed (<unknown>, line 1)
Traceback (most recent call last):
  File "/root/trabalho_super/QuestionInsight/Etapa_1/codebench-mining-tool/util.py", line 569, in extract_halstead_metrics
    h = h_visit(code)
        ^^^^^^^^^^^^^
  File "/root/trabalho_super/venv_jupyter/lib/python3.12/site-packages/radon/metrics.py", line 29, in h_visit
    return h_visit_ast(ast.parse(code))
                       ^^^^^^^^^^^^^^^
  File "/usr/lib/python3.12/ast.py", line 52, in parse
    return compile(source, filename, mode, flags,
           ^^^^^^^^^^^^^^^^^^^^^^^^^^^^^^^^^^^^^^
  File "<unknown>", line 1
    x = int(input
           ^
SyntaxError: '(' was never closed
2025-07-17 23:29:09,288 cblogger [ERROR]: 		Error while extracting code complexity metrics: invalid syntax (<unknown>, line 8)
Traceback (most recent call last):
  File "/root/trabalho_super/QuestionInsight/Etapa_1/codebench-mining-tool/util.py", line 551, in extract_complexity_metrics
    v = ComplexityVisitor.from_code(code)
        ^^^^^^^^^^^^^^^^^^^^^^^^^^^^^^^^^
  File "/root/trabalho_super/venv_jupyter/lib/python3.12/site-packages/radon/visitors.py", line 133, in from_code
    return cls.from_ast(code2ast(code), **kwargs)
                        ^^^^^^^^^^^^^^
  File "/root/trabalho_super/venv_jupyter/lib/python3.12/site-packages/radon/visitors.py", line 48, in code2ast
    return ast.parse(source)
           ^^^^^^^^^^^^^^^^^
  File "/usr/lib/python3.12/ast.py", line 52, in parse
    return compile(source, filename, mode, flags,
           ^^^^^^^^^^^^^^^^^^^^^^^^^^^^^^^^^^^^^^
  File "<unknown>", line 8
    s += 
         ^
SyntaxError: invalid syntax
2025-07-17 23:29:09,288 cblogger [ERROR]: 		Error while extracting halsted code metrics: invalid syntax (<unknown>, line 8)
Traceback (most recent call last):
  File "/root/trabalho_super/QuestionInsight/Etapa_1/codebench-mining-tool/util.py", line 569, in extract_halstead_metrics
    h = h_visit(code)
        ^^^^^^^^^^^^^
  File "/root/trabalho_super/venv_jupyter/lib/python3.12/site-packages/radon/metrics.py", line 29, in h_visit
    return h_visit_ast(ast.parse(code))
                       ^^^^^^^^^^^^^^^
  File "/usr/lib/python3.12/ast.py", line 52, in parse
    return compile(source, filename, mode, flags,
           ^^^^^^^^^^^^^^^^^^^^^^^^^^^^^^^^^^^^^^
  File "<unknown>", line 8
    s += 
         ^
SyntaxError: invalid syntax
2025-07-17 23:29:09,317 cblogger [ERROR]: 		Error while extracting code complexity metrics: '(' was never closed (<unknown>, line 3)
Traceback (most recent call last):
  File "/root/trabalho_super/QuestionInsight/Etapa_1/codebench-mining-tool/util.py", line 551, in extract_complexity_metrics
    v = ComplexityVisitor.from_code(code)
        ^^^^^^^^^^^^^^^^^^^^^^^^^^^^^^^^^
  File "/root/trabalho_super/venv_jupyter/lib/python3.12/site-packages/radon/visitors.py", line 133, in from_code
    return cls.from_ast(code2ast(code), **kwargs)
                        ^^^^^^^^^^^^^^
  File "/root/trabalho_super/venv_jupyter/lib/python3.12/site-packages/radon/visitors.py", line 48, in code2ast
    return ast.parse(source)
           ^^^^^^^^^^^^^^^^^
  File "/usr/lib/python3.12/ast.py", line 52, in parse
    return compile(source, filename, mode, flags,
           ^^^^^^^^^^^^^^^^^^^^^^^^^^^^^^^^^^^^^^
  File "<unknown>", line 3
    x = array(eval(input("digite os numeros: "))
             ^
SyntaxError: '(' was never closed
2025-07-17 23:29:09,318 cblogger [ERROR]: 		Error while extracting code size based metrics: SyntaxError at line: 3
Traceback (most recent call last):
  File "/root/trabalho_super/venv_jupyter/lib/python3.12/site-packages/radon/raw.py", line 210, in analyze
    tokens, parsed_lines = _get_all_tokens(line, lines)
                           ^^^^^^^^^^^^^^^^^^^^^^^^^^^^
  File "/root/trabalho_super/venv_jupyter/lib/python3.12/site-packages/radon/raw.py", line 117, in _get_all_tokens
    next_line = next(lines)
                ^^^^^^^^^^^
StopIteration

During handling of the above exception, another exception occurred:

Traceback (most recent call last):
  File "/root/trabalho_super/QuestionInsight/Etapa_1/codebench-mining-tool/util.py", line 560, in extract_size_metrics
    a = analyze(code)
        ^^^^^^^^^^^^^
  File "/root/trabalho_super/venv_jupyter/lib/python3.12/site-packages/radon/raw.py", line 212, in analyze
    raise SyntaxError('SyntaxError at line: {0}'.format(lineno))
SyntaxError: SyntaxError at line: 3
2025-07-17 23:29:09,318 cblogger [ERROR]: 		Error while extracting halsted code metrics: '(' was never closed (<unknown>, line 3)
Traceback (most recent call last):
  File "/root/trabalho_super/QuestionInsight/Etapa_1/codebench-mining-tool/util.py", line 569, in extract_halstead_metrics
    h = h_visit(code)
        ^^^^^^^^^^^^^
  File "/root/trabalho_super/venv_jupyter/lib/python3.12/site-packages/radon/metrics.py", line 29, in h_visit
    return h_visit_ast(ast.parse(code))
                       ^^^^^^^^^^^^^^^
  File "/usr/lib/python3.12/ast.py", line 52, in parse
    return compile(source, filename, mode, flags,
           ^^^^^^^^^^^^^^^^^^^^^^^^^^^^^^^^^^^^^^
  File "<unknown>", line 3
    x = array(eval(input("digite os numeros: "))
             ^
SyntaxError: '(' was never closed
2025-07-17 23:29:09,330 cblogger [ERROR]: 		Error while extracting code complexity metrics: invalid syntax (<unknown>, line 6)
Traceback (most recent call last):
  File "/root/trabalho_super/QuestionInsight/Etapa_1/codebench-mining-tool/util.py", line 551, in extract_complexity_metrics
    v = ComplexityVisitor.from_code(code)
        ^^^^^^^^^^^^^^^^^^^^^^^^^^^^^^^^^
  File "/root/trabalho_super/venv_jupyter/lib/python3.12/site-packages/radon/visitors.py", line 133, in from_code
    return cls.from_ast(code2ast(code), **kwargs)
                        ^^^^^^^^^^^^^^
  File "/root/trabalho_super/venv_jupyter/lib/python3.12/site-packages/radon/visitors.py", line 48, in code2ast
    return ast.parse(source)
           ^^^^^^^^^^^^^^^^^
  File "/usr/lib/python3.12/ast.py", line 52, in parse
    return compile(source, filename, mode, flags,
           ^^^^^^^^^^^^^^^^^^^^^^^^^^^^^^^^^^^^^^
  File "<unknown>", line 6
    vet = 
          ^
SyntaxError: invalid syntax
2025-07-17 23:29:09,331 cblogger [ERROR]: 		Error while extracting halsted code metrics: invalid syntax (<unknown>, line 6)
Traceback (most recent call last):
  File "/root/trabalho_super/QuestionInsight/Etapa_1/codebench-mining-tool/util.py", line 569, in extract_halstead_metrics
    h = h_visit(code)
        ^^^^^^^^^^^^^
  File "/root/trabalho_super/venv_jupyter/lib/python3.12/site-packages/radon/metrics.py", line 29, in h_visit
    return h_visit_ast(ast.parse(code))
                       ^^^^^^^^^^^^^^^
  File "/usr/lib/python3.12/ast.py", line 52, in parse
    return compile(source, filename, mode, flags,
           ^^^^^^^^^^^^^^^^^^^^^^^^^^^^^^^^^^^^^^
  File "<unknown>", line 6
    vet = 
          ^
SyntaxError: invalid syntax
2025-07-17 23:29:09,346 cblogger [ERROR]: 		Error while extracting code complexity metrics: invalid syntax (<unknown>, line 4)
Traceback (most recent call last):
  File "/root/trabalho_super/QuestionInsight/Etapa_1/codebench-mining-tool/util.py", line 551, in extract_complexity_metrics
    v = ComplexityVisitor.from_code(code)
        ^^^^^^^^^^^^^^^^^^^^^^^^^^^^^^^^^
  File "/root/trabalho_super/venv_jupyter/lib/python3.12/site-packages/radon/visitors.py", line 133, in from_code
    return cls.from_ast(code2ast(code), **kwargs)
                        ^^^^^^^^^^^^^^
  File "/root/trabalho_super/venv_jupyter/lib/python3.12/site-packages/radon/visitors.py", line 48, in code2ast
    return ast.parse(source)
           ^^^^^^^^^^^^^^^^^
  File "/usr/lib/python3.12/ast.py", line 52, in parse
    return compile(source, filename, mode, flags,
           ^^^^^^^^^^^^^^^^^^^^^^^^^^^^^^^^^^^^^^
  File "<unknown>", line 4
    if n % == 3:
           ^^
SyntaxError: invalid syntax
2025-07-17 23:29:09,347 cblogger [ERROR]: 		Error while extracting halsted code metrics: invalid syntax (<unknown>, line 4)
Traceback (most recent call last):
  File "/root/trabalho_super/QuestionInsight/Etapa_1/codebench-mining-tool/util.py", line 569, in extract_halstead_metrics
    h = h_visit(code)
        ^^^^^^^^^^^^^
  File "/root/trabalho_super/venv_jupyter/lib/python3.12/site-packages/radon/metrics.py", line 29, in h_visit
    return h_visit_ast(ast.parse(code))
                       ^^^^^^^^^^^^^^^
  File "/usr/lib/python3.12/ast.py", line 52, in parse
    return compile(source, filename, mode, flags,
           ^^^^^^^^^^^^^^^^^^^^^^^^^^^^^^^^^^^^^^
  File "<unknown>", line 4
    if n % == 3:
           ^^
SyntaxError: invalid syntax
2025-07-17 23:29:09,356 cblogger [ERROR]: 		Error while extracting code complexity metrics: expected ':' (<unknown>, line 6)
Traceback (most recent call last):
  File "/root/trabalho_super/QuestionInsight/Etapa_1/codebench-mining-tool/util.py", line 551, in extract_complexity_metrics
    v = ComplexityVisitor.from_code(code)
        ^^^^^^^^^^^^^^^^^^^^^^^^^^^^^^^^^
  File "/root/trabalho_super/venv_jupyter/lib/python3.12/site-packages/radon/visitors.py", line 133, in from_code
    return cls.from_ast(code2ast(code), **kwargs)
                        ^^^^^^^^^^^^^^
  File "/root/trabalho_super/venv_jupyter/lib/python3.12/site-packages/radon/visitors.py", line 48, in code2ast
    return ast.parse(source)
           ^^^^^^^^^^^^^^^^^
  File "/usr/lib/python3.12/ast.py", line 52, in parse
    return compile(source, filename, mode, flags,
           ^^^^^^^^^^^^^^^^^^^^^^^^^^^^^^^^^^^^^^
  File "<unknown>", line 6
    while x == "P" 
                   ^
SyntaxError: expected ':'
2025-07-17 23:29:09,356 cblogger [ERROR]: 		Error while extracting halsted code metrics: expected ':' (<unknown>, line 6)
Traceback (most recent call last):
  File "/root/trabalho_super/QuestionInsight/Etapa_1/codebench-mining-tool/util.py", line 569, in extract_halstead_metrics
    h = h_visit(code)
        ^^^^^^^^^^^^^
  File "/root/trabalho_super/venv_jupyter/lib/python3.12/site-packages/radon/metrics.py", line 29, in h_visit
    return h_visit_ast(ast.parse(code))
                       ^^^^^^^^^^^^^^^
  File "/usr/lib/python3.12/ast.py", line 52, in parse
    return compile(source, filename, mode, flags,
           ^^^^^^^^^^^^^^^^^^^^^^^^^^^^^^^^^^^^^^
  File "<unknown>", line 6
    while x == "P" 
                   ^
SyntaxError: expected ':'
2025-07-17 23:29:09,374 cblogger [ERROR]: 		Error while extracting code complexity metrics: expected an indented block after 'while' statement on line 10 (<unknown>, line 10)
Traceback (most recent call last):
  File "/root/trabalho_super/QuestionInsight/Etapa_1/codebench-mining-tool/util.py", line 551, in extract_complexity_metrics
    v = ComplexityVisitor.from_code(code)
        ^^^^^^^^^^^^^^^^^^^^^^^^^^^^^^^^^
  File "/root/trabalho_super/venv_jupyter/lib/python3.12/site-packages/radon/visitors.py", line 133, in from_code
    return cls.from_ast(code2ast(code), **kwargs)
                        ^^^^^^^^^^^^^^
  File "/root/trabalho_super/venv_jupyter/lib/python3.12/site-packages/radon/visitors.py", line 48, in code2ast
    return ast.parse(source)
           ^^^^^^^^^^^^^^^^^
  File "/usr/lib/python3.12/ast.py", line 52, in parse
    return compile(source, filename, mode, flags,
           ^^^^^^^^^^^^^^^^^^^^^^^^^^^^^^^^^^^^^^
  File "<unknown>", line 10
    while(x<=y):
                ^
IndentationError: expected an indented block after 'while' statement on line 10
2025-07-17 23:29:09,375 cblogger [ERROR]: 		Error while extracting halsted code metrics: expected an indented block after 'while' statement on line 10 (<unknown>, line 10)
Traceback (most recent call last):
  File "/root/trabalho_super/QuestionInsight/Etapa_1/codebench-mining-tool/util.py", line 569, in extract_halstead_metrics
    h = h_visit(code)
        ^^^^^^^^^^^^^
  File "/root/trabalho_super/venv_jupyter/lib/python3.12/site-packages/radon/metrics.py", line 29, in h_visit
    return h_visit_ast(ast.parse(code))
                       ^^^^^^^^^^^^^^^
  File "/usr/lib/python3.12/ast.py", line 52, in parse
    return compile(source, filename, mode, flags,
           ^^^^^^^^^^^^^^^^^^^^^^^^^^^^^^^^^^^^^^
  File "<unknown>", line 10
    while(x<=y):
                ^
IndentationError: expected an indented block after 'while' statement on line 10
2025-07-17 23:29:09,416 cblogger [ERROR]: 		Error while extracting code complexity metrics: invalid syntax (<unknown>, line 8)
Traceback (most recent call last):
  File "/root/trabalho_super/QuestionInsight/Etapa_1/codebench-mining-tool/util.py", line 551, in extract_complexity_metrics
    v = ComplexityVisitor.from_code(code)
        ^^^^^^^^^^^^^^^^^^^^^^^^^^^^^^^^^
  File "/root/trabalho_super/venv_jupyter/lib/python3.12/site-packages/radon/visitors.py", line 133, in from_code
    return cls.from_ast(code2ast(code), **kwargs)
                        ^^^^^^^^^^^^^^
  File "/root/trabalho_super/venv_jupyter/lib/python3.12/site-packages/radon/visitors.py", line 48, in code2ast
    return ast.parse(source)
           ^^^^^^^^^^^^^^^^^
  File "/usr/lib/python3.12/ast.py", line 52, in parse
    return compile(source, filename, mode, flags,
           ^^^^^^^^^^^^^^^^^^^^^^^^^^^^^^^^^^^^^^
  File "<unknown>", line 8
    print(vetor[0]) 1
                    ^
SyntaxError: invalid syntax
2025-07-17 23:29:09,417 cblogger [ERROR]: 		Error while extracting halsted code metrics: invalid syntax (<unknown>, line 8)
Traceback (most recent call last):
  File "/root/trabalho_super/QuestionInsight/Etapa_1/codebench-mining-tool/util.py", line 569, in extract_halstead_metrics
    h = h_visit(code)
        ^^^^^^^^^^^^^
  File "/root/trabalho_super/venv_jupyter/lib/python3.12/site-packages/radon/metrics.py", line 29, in h_visit
    return h_visit_ast(ast.parse(code))
                       ^^^^^^^^^^^^^^^
  File "/usr/lib/python3.12/ast.py", line 52, in parse
    return compile(source, filename, mode, flags,
           ^^^^^^^^^^^^^^^^^^^^^^^^^^^^^^^^^^^^^^
  File "<unknown>", line 8
    print(vetor[0]) 1
                    ^
SyntaxError: invalid syntax
2025-07-17 23:29:09,743 cblogger [ERROR]: 		Error while extracting code complexity metrics: expected an indented block after 'if' statement on line 7 (<unknown>, line 8)
Traceback (most recent call last):
  File "/root/trabalho_super/QuestionInsight/Etapa_1/codebench-mining-tool/util.py", line 551, in extract_complexity_metrics
    v = ComplexityVisitor.from_code(code)
        ^^^^^^^^^^^^^^^^^^^^^^^^^^^^^^^^^
  File "/root/trabalho_super/venv_jupyter/lib/python3.12/site-packages/radon/visitors.py", line 133, in from_code
    return cls.from_ast(code2ast(code), **kwargs)
                        ^^^^^^^^^^^^^^
  File "/root/trabalho_super/venv_jupyter/lib/python3.12/site-packages/radon/visitors.py", line 48, in code2ast
    return ast.parse(source)
           ^^^^^^^^^^^^^^^^^
  File "/usr/lib/python3.12/ast.py", line 52, in parse
    return compile(source, filename, mode, flags,
           ^^^^^^^^^^^^^^^^^^^^^^^^^^^^^^^^^^^^^^
  File "<unknown>", line 8
    	s = s + v[i]
    	^
IndentationError: expected an indented block after 'if' statement on line 7
2025-07-17 23:29:09,744 cblogger [ERROR]: 		Error while extracting halsted code metrics: expected an indented block after 'if' statement on line 7 (<unknown>, line 8)
Traceback (most recent call last):
  File "/root/trabalho_super/QuestionInsight/Etapa_1/codebench-mining-tool/util.py", line 569, in extract_halstead_metrics
    h = h_visit(code)
        ^^^^^^^^^^^^^
  File "/root/trabalho_super/venv_jupyter/lib/python3.12/site-packages/radon/metrics.py", line 29, in h_visit
    return h_visit_ast(ast.parse(code))
                       ^^^^^^^^^^^^^^^
  File "/usr/lib/python3.12/ast.py", line 52, in parse
    return compile(source, filename, mode, flags,
           ^^^^^^^^^^^^^^^^^^^^^^^^^^^^^^^^^^^^^^
  File "<unknown>", line 8
    	s = s + v[i]
    	^
IndentationError: expected an indented block after 'if' statement on line 7
2025-07-17 23:29:09,771 cblogger [ERROR]: 		Error while extracting code complexity metrics: expected an indented block after 'if' statement on line 7 (<unknown>, line 10)
Traceback (most recent call last):
  File "/root/trabalho_super/QuestionInsight/Etapa_1/codebench-mining-tool/util.py", line 551, in extract_complexity_metrics
    v = ComplexityVisitor.from_code(code)
        ^^^^^^^^^^^^^^^^^^^^^^^^^^^^^^^^^
  File "/root/trabalho_super/venv_jupyter/lib/python3.12/site-packages/radon/visitors.py", line 133, in from_code
    return cls.from_ast(code2ast(code), **kwargs)
                        ^^^^^^^^^^^^^^
  File "/root/trabalho_super/venv_jupyter/lib/python3.12/site-packages/radon/visitors.py", line 48, in code2ast
    return ast.parse(source)
           ^^^^^^^^^^^^^^^^^
  File "/usr/lib/python3.12/ast.py", line 52, in parse
    return compile(source, filename, mode, flags,
           ^^^^^^^^^^^^^^^^^^^^^^^^^^^^^^^^^^^^^^
  File "<unknown>", line 10
    
    ^
IndentationError: expected an indented block after 'if' statement on line 7
2025-07-17 23:29:09,773 cblogger [ERROR]: 		Error while extracting halsted code metrics: expected an indented block after 'if' statement on line 7 (<unknown>, line 10)
Traceback (most recent call last):
  File "/root/trabalho_super/QuestionInsight/Etapa_1/codebench-mining-tool/util.py", line 569, in extract_halstead_metrics
    h = h_visit(code)
        ^^^^^^^^^^^^^
  File "/root/trabalho_super/venv_jupyter/lib/python3.12/site-packages/radon/metrics.py", line 29, in h_visit
    return h_visit_ast(ast.parse(code))
                       ^^^^^^^^^^^^^^^
  File "/usr/lib/python3.12/ast.py", line 52, in parse
    return compile(source, filename, mode, flags,
           ^^^^^^^^^^^^^^^^^^^^^^^^^^^^^^^^^^^^^^
  File "<unknown>", line 10
    
    ^
IndentationError: expected an indented block after 'if' statement on line 7
2025-07-17 23:29:09,774 cblogger [ERROR]: 		Error while extracting code complexity metrics: expected ':' (<unknown>, line 10)
Traceback (most recent call last):
  File "/root/trabalho_super/QuestionInsight/Etapa_1/codebench-mining-tool/util.py", line 551, in extract_complexity_metrics
    v = ComplexityVisitor.from_code(code)
        ^^^^^^^^^^^^^^^^^^^^^^^^^^^^^^^^^
  File "/root/trabalho_super/venv_jupyter/lib/python3.12/site-packages/radon/visitors.py", line 133, in from_code
    return cls.from_ast(code2ast(code), **kwargs)
                        ^^^^^^^^^^^^^^
  File "/root/trabalho_super/venv_jupyter/lib/python3.12/site-packages/radon/visitors.py", line 48, in code2ast
    return ast.parse(source)
           ^^^^^^^^^^^^^^^^^
  File "/usr/lib/python3.12/ast.py", line 52, in parse
    return compile(source, filename, mode, flags,
           ^^^^^^^^^^^^^^^^^^^^^^^^^^^^^^^^^^^^^^
  File "<unknown>", line 10
    	else;
    	    ^
SyntaxError: expected ':'
2025-07-17 23:29:09,775 cblogger [ERROR]: 		Error while extracting halsted code metrics: expected ':' (<unknown>, line 10)
Traceback (most recent call last):
  File "/root/trabalho_super/QuestionInsight/Etapa_1/codebench-mining-tool/util.py", line 569, in extract_halstead_metrics
    h = h_visit(code)
        ^^^^^^^^^^^^^
  File "/root/trabalho_super/venv_jupyter/lib/python3.12/site-packages/radon/metrics.py", line 29, in h_visit
    return h_visit_ast(ast.parse(code))
                       ^^^^^^^^^^^^^^^
  File "/usr/lib/python3.12/ast.py", line 52, in parse
    return compile(source, filename, mode, flags,
           ^^^^^^^^^^^^^^^^^^^^^^^^^^^^^^^^^^^^^^
  File "<unknown>", line 10
    	else;
    	    ^
SyntaxError: expected ':'
2025-07-17 23:29:09,860 cblogger [ERROR]: 		Error while extracting code complexity metrics: expected ':' (<unknown>, line 8)
Traceback (most recent call last):
  File "/root/trabalho_super/QuestionInsight/Etapa_1/codebench-mining-tool/util.py", line 551, in extract_complexity_metrics
    v = ComplexityVisitor.from_code(code)
        ^^^^^^^^^^^^^^^^^^^^^^^^^^^^^^^^^
  File "/root/trabalho_super/venv_jupyter/lib/python3.12/site-packages/radon/visitors.py", line 133, in from_code
    return cls.from_ast(code2ast(code), **kwargs)
                        ^^^^^^^^^^^^^^
  File "/root/trabalho_super/venv_jupyter/lib/python3.12/site-packages/radon/visitors.py", line 48, in code2ast
    return ast.parse(source)
           ^^^^^^^^^^^^^^^^^
  File "/usr/lib/python3.12/ast.py", line 52, in parse
    return compile(source, filename, mode, flags,
           ^^^^^^^^^^^^^^^^^^^^^^^^^^^^^^^^^^^^^^
  File "<unknown>", line 8
    if ()
         ^
SyntaxError: expected ':'
2025-07-17 23:29:09,860 cblogger [ERROR]: 		Error while extracting halsted code metrics: expected ':' (<unknown>, line 8)
Traceback (most recent call last):
  File "/root/trabalho_super/QuestionInsight/Etapa_1/codebench-mining-tool/util.py", line 569, in extract_halstead_metrics
    h = h_visit(code)
        ^^^^^^^^^^^^^
  File "/root/trabalho_super/venv_jupyter/lib/python3.12/site-packages/radon/metrics.py", line 29, in h_visit
    return h_visit_ast(ast.parse(code))
                       ^^^^^^^^^^^^^^^
  File "/usr/lib/python3.12/ast.py", line 52, in parse
    return compile(source, filename, mode, flags,
           ^^^^^^^^^^^^^^^^^^^^^^^^^^^^^^^^^^^^^^
  File "<unknown>", line 8
    if ()
         ^
SyntaxError: expected ':'
2025-07-17 23:29:09,888 cblogger [ERROR]: 		Error while extracting code complexity metrics: expected an indented block after 'if' statement on line 7 (<unknown>, line 8)
Traceback (most recent call last):
  File "/root/trabalho_super/QuestionInsight/Etapa_1/codebench-mining-tool/util.py", line 551, in extract_complexity_metrics
    v = ComplexityVisitor.from_code(code)
        ^^^^^^^^^^^^^^^^^^^^^^^^^^^^^^^^^
  File "/root/trabalho_super/venv_jupyter/lib/python3.12/site-packages/radon/visitors.py", line 133, in from_code
    return cls.from_ast(code2ast(code), **kwargs)
                        ^^^^^^^^^^^^^^
  File "/root/trabalho_super/venv_jupyter/lib/python3.12/site-packages/radon/visitors.py", line 48, in code2ast
    return ast.parse(source)
           ^^^^^^^^^^^^^^^^^
  File "/usr/lib/python3.12/ast.py", line 52, in parse
    return compile(source, filename, mode, flags,
           ^^^^^^^^^^^^^^^^^^^^^^^^^^^^^^^^^^^^^^
  File "<unknown>", line 8
    	cont = cont + 1
    	^^^^
IndentationError: expected an indented block after 'if' statement on line 7
2025-07-17 23:29:09,888 cblogger [ERROR]: 		Error while extracting halsted code metrics: expected an indented block after 'if' statement on line 7 (<unknown>, line 8)
Traceback (most recent call last):
  File "/root/trabalho_super/QuestionInsight/Etapa_1/codebench-mining-tool/util.py", line 569, in extract_halstead_metrics
    h = h_visit(code)
        ^^^^^^^^^^^^^
  File "/root/trabalho_super/venv_jupyter/lib/python3.12/site-packages/radon/metrics.py", line 29, in h_visit
    return h_visit_ast(ast.parse(code))
                       ^^^^^^^^^^^^^^^
  File "/usr/lib/python3.12/ast.py", line 52, in parse
    return compile(source, filename, mode, flags,
           ^^^^^^^^^^^^^^^^^^^^^^^^^^^^^^^^^^^^^^
  File "<unknown>", line 8
    	cont = cont + 1
    	^^^^
IndentationError: expected an indented block after 'if' statement on line 7
2025-07-17 23:29:09,898 cblogger [ERROR]: 		Error while extracting code complexity metrics: invalid syntax (<unknown>, line 1)
Traceback (most recent call last):
  File "/root/trabalho_super/QuestionInsight/Etapa_1/codebench-mining-tool/util.py", line 551, in extract_complexity_metrics
    v = ComplexityVisitor.from_code(code)
        ^^^^^^^^^^^^^^^^^^^^^^^^^^^^^^^^^
  File "/root/trabalho_super/venv_jupyter/lib/python3.12/site-packages/radon/visitors.py", line 133, in from_code
    return cls.from_ast(code2ast(code), **kwargs)
                        ^^^^^^^^^^^^^^
  File "/root/trabalho_super/venv_jupyter/lib/python3.12/site-packages/radon/visitors.py", line 48, in code2ast
    return ast.parse(source)
           ^^^^^^^^^^^^^^^^^
  File "/usr/lib/python3.12/ast.py", line 52, in parse
    return compile(source, filename, mode, flags,
           ^^^^^^^^^^^^^^^^^^^^^^^^^^^^^^^^^^^^^^
  File "<unknown>", line 1
    coelhos= 
             ^
SyntaxError: invalid syntax
2025-07-17 23:29:09,899 cblogger [ERROR]: 		Error while extracting halsted code metrics: invalid syntax (<unknown>, line 1)
Traceback (most recent call last):
  File "/root/trabalho_super/QuestionInsight/Etapa_1/codebench-mining-tool/util.py", line 569, in extract_halstead_metrics
    h = h_visit(code)
        ^^^^^^^^^^^^^
  File "/root/trabalho_super/venv_jupyter/lib/python3.12/site-packages/radon/metrics.py", line 29, in h_visit
    return h_visit_ast(ast.parse(code))
                       ^^^^^^^^^^^^^^^
  File "/usr/lib/python3.12/ast.py", line 52, in parse
    return compile(source, filename, mode, flags,
           ^^^^^^^^^^^^^^^^^^^^^^^^^^^^^^^^^^^^^^
  File "<unknown>", line 1
    coelhos= 
             ^
SyntaxError: invalid syntax
2025-07-17 23:29:09,929 cblogger [ERROR]: 		Error while extracting code complexity metrics: '(' was never closed (<unknown>, line 1)
Traceback (most recent call last):
  File "/root/trabalho_super/QuestionInsight/Etapa_1/codebench-mining-tool/util.py", line 551, in extract_complexity_metrics
    v = ComplexityVisitor.from_code(code)
        ^^^^^^^^^^^^^^^^^^^^^^^^^^^^^^^^^
  File "/root/trabalho_super/venv_jupyter/lib/python3.12/site-packages/radon/visitors.py", line 133, in from_code
    return cls.from_ast(code2ast(code), **kwargs)
                        ^^^^^^^^^^^^^^
  File "/root/trabalho_super/venv_jupyter/lib/python3.12/site-packages/radon/visitors.py", line 48, in code2ast
    return ast.parse(source)
           ^^^^^^^^^^^^^^^^^
  File "/usr/lib/python3.12/ast.py", line 52, in parse
    return compile(source, filename, mode, flags,
           ^^^^^^^^^^^^^^^^^^^^^^^^^^^^^^^^^^^^^^
  File "<unknown>", line 1
    esp = int(input("qtd espigas: ")
             ^
SyntaxError: '(' was never closed
2025-07-17 23:29:09,930 cblogger [ERROR]: 		Error while extracting code size based metrics: SyntaxError at line: 1
Traceback (most recent call last):
  File "/root/trabalho_super/venv_jupyter/lib/python3.12/site-packages/radon/raw.py", line 210, in analyze
    tokens, parsed_lines = _get_all_tokens(line, lines)
                           ^^^^^^^^^^^^^^^^^^^^^^^^^^^^
  File "/root/trabalho_super/venv_jupyter/lib/python3.12/site-packages/radon/raw.py", line 117, in _get_all_tokens
    next_line = next(lines)
                ^^^^^^^^^^^
StopIteration

During handling of the above exception, another exception occurred:

Traceback (most recent call last):
  File "/root/trabalho_super/QuestionInsight/Etapa_1/codebench-mining-tool/util.py", line 560, in extract_size_metrics
    a = analyze(code)
        ^^^^^^^^^^^^^
  File "/root/trabalho_super/venv_jupyter/lib/python3.12/site-packages/radon/raw.py", line 212, in analyze
    raise SyntaxError('SyntaxError at line: {0}'.format(lineno))
SyntaxError: SyntaxError at line: 1
2025-07-17 23:29:09,932 cblogger [ERROR]: 		Error while extracting halsted code metrics: '(' was never closed (<unknown>, line 1)
Traceback (most recent call last):
  File "/root/trabalho_super/QuestionInsight/Etapa_1/codebench-mining-tool/util.py", line 569, in extract_halstead_metrics
    h = h_visit(code)
        ^^^^^^^^^^^^^
  File "/root/trabalho_super/venv_jupyter/lib/python3.12/site-packages/radon/metrics.py", line 29, in h_visit
    return h_visit_ast(ast.parse(code))
                       ^^^^^^^^^^^^^^^
  File "/usr/lib/python3.12/ast.py", line 52, in parse
    return compile(source, filename, mode, flags,
           ^^^^^^^^^^^^^^^^^^^^^^^^^^^^^^^^^^^^^^
  File "<unknown>", line 1
    esp = int(input("qtd espigas: ")
             ^
SyntaxError: '(' was never closed
2025-07-17 23:29:09,954 cblogger [ERROR]: 		Error while extracting code complexity metrics: '(' was never closed (<unknown>, line 1)
Traceback (most recent call last):
  File "/root/trabalho_super/QuestionInsight/Etapa_1/codebench-mining-tool/util.py", line 551, in extract_complexity_metrics
    v = ComplexityVisitor.from_code(code)
        ^^^^^^^^^^^^^^^^^^^^^^^^^^^^^^^^^
  File "/root/trabalho_super/venv_jupyter/lib/python3.12/site-packages/radon/visitors.py", line 133, in from_code
    return cls.from_ast(code2ast(code), **kwargs)
                        ^^^^^^^^^^^^^^
  File "/root/trabalho_super/venv_jupyter/lib/python3.12/site-packages/radon/visitors.py", line 48, in code2ast
    return ast.parse(source)
           ^^^^^^^^^^^^^^^^^
  File "/usr/lib/python3.12/ast.py", line 52, in parse
    return compile(source, filename, mode, flags,
           ^^^^^^^^^^^^^^^^^^^^^^^^^^^^^^^^^^^^^^
  File "<unknown>", line 1
    var(input("Digite um nome: ")
       ^
SyntaxError: '(' was never closed
2025-07-17 23:29:09,954 cblogger [ERROR]: 		Error while extracting code size based metrics: SyntaxError at line: 1
Traceback (most recent call last):
  File "/root/trabalho_super/venv_jupyter/lib/python3.12/site-packages/radon/raw.py", line 210, in analyze
    tokens, parsed_lines = _get_all_tokens(line, lines)
                           ^^^^^^^^^^^^^^^^^^^^^^^^^^^^
  File "/root/trabalho_super/venv_jupyter/lib/python3.12/site-packages/radon/raw.py", line 117, in _get_all_tokens
    next_line = next(lines)
                ^^^^^^^^^^^
StopIteration

During handling of the above exception, another exception occurred:

Traceback (most recent call last):
  File "/root/trabalho_super/QuestionInsight/Etapa_1/codebench-mining-tool/util.py", line 560, in extract_size_metrics
    a = analyze(code)
        ^^^^^^^^^^^^^
  File "/root/trabalho_super/venv_jupyter/lib/python3.12/site-packages/radon/raw.py", line 212, in analyze
    raise SyntaxError('SyntaxError at line: {0}'.format(lineno))
SyntaxError: SyntaxError at line: 1
2025-07-17 23:29:09,956 cblogger [ERROR]: 		Error while extracting halsted code metrics: '(' was never closed (<unknown>, line 1)
Traceback (most recent call last):
  File "/root/trabalho_super/QuestionInsight/Etapa_1/codebench-mining-tool/util.py", line 569, in extract_halstead_metrics
    h = h_visit(code)
        ^^^^^^^^^^^^^
  File "/root/trabalho_super/venv_jupyter/lib/python3.12/site-packages/radon/metrics.py", line 29, in h_visit
    return h_visit_ast(ast.parse(code))
                       ^^^^^^^^^^^^^^^
  File "/usr/lib/python3.12/ast.py", line 52, in parse
    return compile(source, filename, mode, flags,
           ^^^^^^^^^^^^^^^^^^^^^^^^^^^^^^^^^^^^^^
  File "<unknown>", line 1
    var(input("Digite um nome: ")
       ^
SyntaxError: '(' was never closed
2025-07-17 23:29:09,959 cblogger [ERROR]: 		Error while extracting code complexity metrics: invalid syntax. Perhaps you forgot a comma? (<unknown>, line 11)
Traceback (most recent call last):
  File "/root/trabalho_super/QuestionInsight/Etapa_1/codebench-mining-tool/util.py", line 551, in extract_complexity_metrics
    v = ComplexityVisitor.from_code(code)
        ^^^^^^^^^^^^^^^^^^^^^^^^^^^^^^^^^
  File "/root/trabalho_super/venv_jupyter/lib/python3.12/site-packages/radon/visitors.py", line 133, in from_code
    return cls.from_ast(code2ast(code), **kwargs)
                        ^^^^^^^^^^^^^^
  File "/root/trabalho_super/venv_jupyter/lib/python3.12/site-packages/radon/visitors.py", line 48, in code2ast
    return ast.parse(source)
           ^^^^^^^^^^^^^^^^^
  File "/usr/lib/python3.12/ast.py", line 52, in parse
    return compile(source, filename, mode, flags,
           ^^^^^^^^^^^^^^^^^^^^^^^^^^^^^^^^^^^^^^
  File "<unknown>", line 11
    	if (CONDIÇÃO DE PARIDADE):
    	    ^^^^^^^^^^^
SyntaxError: invalid syntax. Perhaps you forgot a comma?
2025-07-17 23:29:09,960 cblogger [ERROR]: 		Error while extracting halsted code metrics: invalid syntax. Perhaps you forgot a comma? (<unknown>, line 11)
Traceback (most recent call last):
  File "/root/trabalho_super/QuestionInsight/Etapa_1/codebench-mining-tool/util.py", line 569, in extract_halstead_metrics
    h = h_visit(code)
        ^^^^^^^^^^^^^
  File "/root/trabalho_super/venv_jupyter/lib/python3.12/site-packages/radon/metrics.py", line 29, in h_visit
    return h_visit_ast(ast.parse(code))
                       ^^^^^^^^^^^^^^^
  File "/usr/lib/python3.12/ast.py", line 52, in parse
    return compile(source, filename, mode, flags,
           ^^^^^^^^^^^^^^^^^^^^^^^^^^^^^^^^^^^^^^
  File "<unknown>", line 11
    	if (CONDIÇÃO DE PARIDADE):
    	    ^^^^^^^^^^^
SyntaxError: invalid syntax. Perhaps you forgot a comma?
2025-07-17 23:29:09,960 cblogger [ERROR]: 		Error while extracting code token based metrics: 55
Traceback (most recent call last):
  File "/root/trabalho_super/QuestionInsight/Etapa_1/codebench-mining-tool/util.py", line 633, in extract_token_metrics
    setattr(obj, TOKEN_NAMES[k], v)
                 ~~~~~~~~~~~^^^
KeyError: 55
2025-07-17 23:29:09,963 cblogger [ERROR]: 		Error while extracting code complexity metrics: illegal target for annotation (<unknown>, line 1)
Traceback (most recent call last):
  File "/root/trabalho_super/QuestionInsight/Etapa_1/codebench-mining-tool/util.py", line 551, in extract_complexity_metrics
    v = ComplexityVisitor.from_code(code)
        ^^^^^^^^^^^^^^^^^^^^^^^^^^^^^^^^^
  File "/root/trabalho_super/venv_jupyter/lib/python3.12/site-packages/radon/visitors.py", line 133, in from_code
    return cls.from_ast(code2ast(code), **kwargs)
                        ^^^^^^^^^^^^^^
  File "/root/trabalho_super/venv_jupyter/lib/python3.12/site-packages/radon/visitors.py", line 48, in code2ast
    return ast.parse(source)
           ^^^^^^^^^^^^^^^^^
  File "/usr/lib/python3.12/ast.py", line 52, in parse
    return compile(source, filename, mode, flags,
           ^^^^^^^^^^^^^^^^^^^^^^^^^^^^^^^^^^^^^^
  File "<unknown>", line 1
    22/3/2023@16:28:2:459#tab-click:1331#
    ^^^^^^^^^^^^
SyntaxError: illegal target for annotation
2025-07-17 23:29:09,970 cblogger [ERROR]: 		Error while extracting halsted code metrics: illegal target for annotation (<unknown>, line 1)
Traceback (most recent call last):
  File "/root/trabalho_super/QuestionInsight/Etapa_1/codebench-mining-tool/util.py", line 569, in extract_halstead_metrics
    h = h_visit(code)
        ^^^^^^^^^^^^^
  File "/root/trabalho_super/venv_jupyter/lib/python3.12/site-packages/radon/metrics.py", line 29, in h_visit
    return h_visit_ast(ast.parse(code))
                       ^^^^^^^^^^^^^^^
  File "/usr/lib/python3.12/ast.py", line 52, in parse
    return compile(source, filename, mode, flags,
           ^^^^^^^^^^^^^^^^^^^^^^^^^^^^^^^^^^^^^^
  File "<unknown>", line 1
    22/3/2023@16:28:2:459#tab-click:1331#
    ^^^^^^^^^^^^
SyntaxError: illegal target for annotation
2025-07-17 23:29:10,009 cblogger [ERROR]: 		Error while extracting code complexity metrics: '(' was never closed (<unknown>, line 14)
Traceback (most recent call last):
  File "/root/trabalho_super/QuestionInsight/Etapa_1/codebench-mining-tool/util.py", line 551, in extract_complexity_metrics
    v = ComplexityVisitor.from_code(code)
        ^^^^^^^^^^^^^^^^^^^^^^^^^^^^^^^^^
  File "/root/trabalho_super/venv_jupyter/lib/python3.12/site-packages/radon/visitors.py", line 133, in from_code
    return cls.from_ast(code2ast(code), **kwargs)
                        ^^^^^^^^^^^^^^
  File "/root/trabalho_super/venv_jupyter/lib/python3.12/site-packages/radon/visitors.py", line 48, in code2ast
    return ast.parse(source)
           ^^^^^^^^^^^^^^^^^
  File "/usr/lib/python3.12/ast.py", line 52, in parse
    return compile(source, filename, mode, flags,
           ^^^^^^^^^^^^^^^^^^^^^^^^^^^^^^^^^^^^^^
  File "<unknown>", line 14
    print(round("Ganhou R$ " + str(premio) ,3)
         ^
SyntaxError: '(' was never closed
2025-07-17 23:29:10,010 cblogger [ERROR]: 		Error while extracting code size based metrics: SyntaxError at line: 14
Traceback (most recent call last):
  File "/root/trabalho_super/venv_jupyter/lib/python3.12/site-packages/radon/raw.py", line 210, in analyze
    tokens, parsed_lines = _get_all_tokens(line, lines)
                           ^^^^^^^^^^^^^^^^^^^^^^^^^^^^
  File "/root/trabalho_super/venv_jupyter/lib/python3.12/site-packages/radon/raw.py", line 117, in _get_all_tokens
    next_line = next(lines)
                ^^^^^^^^^^^
StopIteration

During handling of the above exception, another exception occurred:

Traceback (most recent call last):
  File "/root/trabalho_super/QuestionInsight/Etapa_1/codebench-mining-tool/util.py", line 560, in extract_size_metrics
    a = analyze(code)
        ^^^^^^^^^^^^^
  File "/root/trabalho_super/venv_jupyter/lib/python3.12/site-packages/radon/raw.py", line 212, in analyze
    raise SyntaxError('SyntaxError at line: {0}'.format(lineno))
SyntaxError: SyntaxError at line: 14
2025-07-17 23:29:10,010 cblogger [ERROR]: 		Error while extracting halsted code metrics: '(' was never closed (<unknown>, line 14)
Traceback (most recent call last):
  File "/root/trabalho_super/QuestionInsight/Etapa_1/codebench-mining-tool/util.py", line 569, in extract_halstead_metrics
    h = h_visit(code)
        ^^^^^^^^^^^^^
  File "/root/trabalho_super/venv_jupyter/lib/python3.12/site-packages/radon/metrics.py", line 29, in h_visit
    return h_visit_ast(ast.parse(code))
                       ^^^^^^^^^^^^^^^
  File "/usr/lib/python3.12/ast.py", line 52, in parse
    return compile(source, filename, mode, flags,
           ^^^^^^^^^^^^^^^^^^^^^^^^^^^^^^^^^^^^^^
  File "<unknown>", line 14
    print(round("Ganhou R$ " + str(premio) ,3)
         ^
SyntaxError: '(' was never closed
2025-07-17 23:29:10,049 cblogger [ERROR]: 		Error while extracting code complexity metrics: expected an indented block after 'if' statement on line 7 (<unknown>, line 8)
Traceback (most recent call last):
  File "/root/trabalho_super/QuestionInsight/Etapa_1/codebench-mining-tool/util.py", line 551, in extract_complexity_metrics
    v = ComplexityVisitor.from_code(code)
        ^^^^^^^^^^^^^^^^^^^^^^^^^^^^^^^^^
  File "/root/trabalho_super/venv_jupyter/lib/python3.12/site-packages/radon/visitors.py", line 133, in from_code
    return cls.from_ast(code2ast(code), **kwargs)
                        ^^^^^^^^^^^^^^
  File "/root/trabalho_super/venv_jupyter/lib/python3.12/site-packages/radon/visitors.py", line 48, in code2ast
    return ast.parse(source)
           ^^^^^^^^^^^^^^^^^
  File "/usr/lib/python3.12/ast.py", line 52, in parse
    return compile(source, filename, mode, flags,
           ^^^^^^^^^^^^^^^^^^^^^^^^^^^^^^^^^^^^^^
  File "<unknown>", line 8
    	if tempo_servico >= 10:
    	^^
IndentationError: expected an indented block after 'if' statement on line 7
2025-07-17 23:29:10,050 cblogger [ERROR]: 		Error while extracting halsted code metrics: expected an indented block after 'if' statement on line 7 (<unknown>, line 8)
Traceback (most recent call last):
  File "/root/trabalho_super/QuestionInsight/Etapa_1/codebench-mining-tool/util.py", line 569, in extract_halstead_metrics
    h = h_visit(code)
        ^^^^^^^^^^^^^
  File "/root/trabalho_super/venv_jupyter/lib/python3.12/site-packages/radon/metrics.py", line 29, in h_visit
    return h_visit_ast(ast.parse(code))
                       ^^^^^^^^^^^^^^^
  File "/usr/lib/python3.12/ast.py", line 52, in parse
    return compile(source, filename, mode, flags,
           ^^^^^^^^^^^^^^^^^^^^^^^^^^^^^^^^^^^^^^
  File "<unknown>", line 8
    	if tempo_servico >= 10:
    	^^
IndentationError: expected an indented block after 'if' statement on line 7
2025-07-17 23:29:10,131 cblogger [ERROR]: 		Error while extracting code complexity metrics: unexpected indent (<unknown>, line 12)
Traceback (most recent call last):
  File "/root/trabalho_super/QuestionInsight/Etapa_1/codebench-mining-tool/util.py", line 551, in extract_complexity_metrics
    v = ComplexityVisitor.from_code(code)
        ^^^^^^^^^^^^^^^^^^^^^^^^^^^^^^^^^
  File "/root/trabalho_super/venv_jupyter/lib/python3.12/site-packages/radon/visitors.py", line 133, in from_code
    return cls.from_ast(code2ast(code), **kwargs)
                        ^^^^^^^^^^^^^^
  File "/root/trabalho_super/venv_jupyter/lib/python3.12/site-packages/radon/visitors.py", line 48, in code2ast
    return ast.parse(source)
           ^^^^^^^^^^^^^^^^^
  File "/usr/lib/python3.12/ast.py", line 52, in parse
    return compile(source, filename, mode, flags,
           ^^^^^^^^^^^^^^^^^^^^^^^^^^^^^^^^^^^^^^
  File "<unknown>", line 12
    	print(round(preco_total,2))
    ^
IndentationError: unexpected indent
2025-07-17 23:29:10,132 cblogger [ERROR]: 		Error while extracting halsted code metrics: unexpected indent (<unknown>, line 12)
Traceback (most recent call last):
  File "/root/trabalho_super/QuestionInsight/Etapa_1/codebench-mining-tool/util.py", line 569, in extract_halstead_metrics
    h = h_visit(code)
        ^^^^^^^^^^^^^
  File "/root/trabalho_super/venv_jupyter/lib/python3.12/site-packages/radon/metrics.py", line 29, in h_visit
    return h_visit_ast(ast.parse(code))
                       ^^^^^^^^^^^^^^^
  File "/usr/lib/python3.12/ast.py", line 52, in parse
    return compile(source, filename, mode, flags,
           ^^^^^^^^^^^^^^^^^^^^^^^^^^^^^^^^^^^^^^
  File "<unknown>", line 12
    	print(round(preco_total,2))
    ^
IndentationError: unexpected indent
2025-07-17 23:29:10,214 cblogger [ERROR]: 		Error while extracting code complexity metrics: expected ':' (<unknown>, line 9)
Traceback (most recent call last):
  File "/root/trabalho_super/QuestionInsight/Etapa_1/codebench-mining-tool/util.py", line 551, in extract_complexity_metrics
    v = ComplexityVisitor.from_code(code)
        ^^^^^^^^^^^^^^^^^^^^^^^^^^^^^^^^^
  File "/root/trabalho_super/venv_jupyter/lib/python3.12/site-packages/radon/visitors.py", line 133, in from_code
    return cls.from_ast(code2ast(code), **kwargs)
                        ^^^^^^^^^^^^^^
  File "/root/trabalho_super/venv_jupyter/lib/python3.12/site-packages/radon/visitors.py", line 48, in code2ast
    return ast.parse(source)
           ^^^^^^^^^^^^^^^^^
  File "/usr/lib/python3.12/ast.py", line 52, in parse
    return compile(source, filename, mode, flags,
           ^^^^^^^^^^^^^^^^^^^^^^^^^^^^^^^^^^^^^^
  File "<unknown>", line 9
    	if ali
    	      ^
SyntaxError: expected ':'
2025-07-17 23:29:10,215 cblogger [ERROR]: 		Error while extracting halsted code metrics: expected ':' (<unknown>, line 9)
Traceback (most recent call last):
  File "/root/trabalho_super/QuestionInsight/Etapa_1/codebench-mining-tool/util.py", line 569, in extract_halstead_metrics
    h = h_visit(code)
        ^^^^^^^^^^^^^
  File "/root/trabalho_super/venv_jupyter/lib/python3.12/site-packages/radon/metrics.py", line 29, in h_visit
    return h_visit_ast(ast.parse(code))
                       ^^^^^^^^^^^^^^^
  File "/usr/lib/python3.12/ast.py", line 52, in parse
    return compile(source, filename, mode, flags,
           ^^^^^^^^^^^^^^^^^^^^^^^^^^^^^^^^^^^^^^
  File "<unknown>", line 9
    	if ali
    	      ^
SyntaxError: expected ':'
2025-07-17 23:29:10,334 cblogger [ERROR]: 		Error while extracting code complexity metrics: invalid syntax (<unknown>, line 27)
Traceback (most recent call last):
  File "/root/trabalho_super/QuestionInsight/Etapa_1/codebench-mining-tool/util.py", line 551, in extract_complexity_metrics
    v = ComplexityVisitor.from_code(code)
        ^^^^^^^^^^^^^^^^^^^^^^^^^^^^^^^^^
  File "/root/trabalho_super/venv_jupyter/lib/python3.12/site-packages/radon/visitors.py", line 133, in from_code
    return cls.from_ast(code2ast(code), **kwargs)
                        ^^^^^^^^^^^^^^
  File "/root/trabalho_super/venv_jupyter/lib/python3.12/site-packages/radon/visitors.py", line 48, in code2ast
    return ast.parse(source)
           ^^^^^^^^^^^^^^^^^
  File "/usr/lib/python3.12/ast.py", line 52, in parse
    return compile(source, filename, mode, flags,
           ^^^^^^^^^^^^^^^^^^^^^^^^^^^^^^^^^^^^^^
  File "<unknown>", line 27
    	npar = ???
    	       ^
SyntaxError: invalid syntax
2025-07-17 23:29:10,335 cblogger [ERROR]: 		Error while extracting halsted code metrics: invalid syntax (<unknown>, line 27)
Traceback (most recent call last):
  File "/root/trabalho_super/QuestionInsight/Etapa_1/codebench-mining-tool/util.py", line 569, in extract_halstead_metrics
    h = h_visit(code)
        ^^^^^^^^^^^^^
  File "/root/trabalho_super/venv_jupyter/lib/python3.12/site-packages/radon/metrics.py", line 29, in h_visit
    return h_visit_ast(ast.parse(code))
                       ^^^^^^^^^^^^^^^
  File "/usr/lib/python3.12/ast.py", line 52, in parse
    return compile(source, filename, mode, flags,
           ^^^^^^^^^^^^^^^^^^^^^^^^^^^^^^^^^^^^^^
  File "<unknown>", line 27
    	npar = ???
    	       ^
SyntaxError: invalid syntax
2025-07-17 23:29:10,336 cblogger [ERROR]: 		Error while extracting code token based metrics: 55
Traceback (most recent call last):
  File "/root/trabalho_super/QuestionInsight/Etapa_1/codebench-mining-tool/util.py", line 633, in extract_token_metrics
    setattr(obj, TOKEN_NAMES[k], v)
                 ~~~~~~~~~~~^^^
KeyError: 55
2025-07-17 23:29:10,850 cblogger [ERROR]: 		Error while extracting code complexity metrics: invalid syntax (<unknown>, line 6)
Traceback (most recent call last):
  File "/root/trabalho_super/QuestionInsight/Etapa_1/codebench-mining-tool/util.py", line 551, in extract_complexity_metrics
    v = ComplexityVisitor.from_code(code)
        ^^^^^^^^^^^^^^^^^^^^^^^^^^^^^^^^^
  File "/root/trabalho_super/venv_jupyter/lib/python3.12/site-packages/radon/visitors.py", line 133, in from_code
    return cls.from_ast(code2ast(code), **kwargs)
                        ^^^^^^^^^^^^^^
  File "/root/trabalho_super/venv_jupyter/lib/python3.12/site-packages/radon/visitors.py", line 48, in code2ast
    return ast.parse(source)
           ^^^^^^^^^^^^^^^^^
  File "/usr/lib/python3.12/ast.py", line 52, in parse
    return compile(source, filename, mode, flags,
           ^^^^^^^^^^^^^^^^^^^^^^^^^^^^^^^^^^^^^^
  File "<unknown>", line 6
    if 
       ^
SyntaxError: invalid syntax
2025-07-17 23:29:10,851 cblogger [ERROR]: 		Error while extracting halsted code metrics: invalid syntax (<unknown>, line 6)
Traceback (most recent call last):
  File "/root/trabalho_super/QuestionInsight/Etapa_1/codebench-mining-tool/util.py", line 569, in extract_halstead_metrics
    h = h_visit(code)
        ^^^^^^^^^^^^^
  File "/root/trabalho_super/venv_jupyter/lib/python3.12/site-packages/radon/metrics.py", line 29, in h_visit
    return h_visit_ast(ast.parse(code))
                       ^^^^^^^^^^^^^^^
  File "/usr/lib/python3.12/ast.py", line 52, in parse
    return compile(source, filename, mode, flags,
           ^^^^^^^^^^^^^^^^^^^^^^^^^^^^^^^^^^^^^^
  File "<unknown>", line 6
    if 
       ^
SyntaxError: invalid syntax
2025-07-17 23:29:11,007 cblogger [ERROR]: 		Error while extracting code complexity metrics: invalid syntax (<unknown>, line 2)
Traceback (most recent call last):
  File "/root/trabalho_super/QuestionInsight/Etapa_1/codebench-mining-tool/util.py", line 551, in extract_complexity_metrics
    v = ComplexityVisitor.from_code(code)
        ^^^^^^^^^^^^^^^^^^^^^^^^^^^^^^^^^
  File "/root/trabalho_super/venv_jupyter/lib/python3.12/site-packages/radon/visitors.py", line 133, in from_code
    return cls.from_ast(code2ast(code), **kwargs)
                        ^^^^^^^^^^^^^^
  File "/root/trabalho_super/venv_jupyter/lib/python3.12/site-packages/radon/visitors.py", line 48, in code2ast
    return ast.parse(source)
           ^^^^^^^^^^^^^^^^^
  File "/usr/lib/python3.12/ast.py", line 52, in parse
    return compile(source, filename, mode, flags,
           ^^^^^^^^^^^^^^^^^^^^^^^^^^^^^^^^^^^^^^
  File "<unknown>", line 2
    if num2%
            ^
SyntaxError: invalid syntax
2025-07-17 23:29:11,008 cblogger [ERROR]: 		Error while extracting halsted code metrics: invalid syntax (<unknown>, line 2)
Traceback (most recent call last):
  File "/root/trabalho_super/QuestionInsight/Etapa_1/codebench-mining-tool/util.py", line 569, in extract_halstead_metrics
    h = h_visit(code)
        ^^^^^^^^^^^^^
  File "/root/trabalho_super/venv_jupyter/lib/python3.12/site-packages/radon/metrics.py", line 29, in h_visit
    return h_visit_ast(ast.parse(code))
                       ^^^^^^^^^^^^^^^
  File "/usr/lib/python3.12/ast.py", line 52, in parse
    return compile(source, filename, mode, flags,
           ^^^^^^^^^^^^^^^^^^^^^^^^^^^^^^^^^^^^^^
  File "<unknown>", line 2
    if num2%
            ^
SyntaxError: invalid syntax
2025-07-17 23:29:11,174 cblogger [ERROR]: 		Error while extracting code complexity metrics: invalid syntax (<unknown>, line 7)
Traceback (most recent call last):
  File "/root/trabalho_super/QuestionInsight/Etapa_1/codebench-mining-tool/util.py", line 551, in extract_complexity_metrics
    v = ComplexityVisitor.from_code(code)
        ^^^^^^^^^^^^^^^^^^^^^^^^^^^^^^^^^
  File "/root/trabalho_super/venv_jupyter/lib/python3.12/site-packages/radon/visitors.py", line 133, in from_code
    return cls.from_ast(code2ast(code), **kwargs)
                        ^^^^^^^^^^^^^^
  File "/root/trabalho_super/venv_jupyter/lib/python3.12/site-packages/radon/visitors.py", line 48, in code2ast
    return ast.parse(source)
           ^^^^^^^^^^^^^^^^^
  File "/usr/lib/python3.12/ast.py", line 52, in parse
    return compile(source, filename, mode, flags,
           ^^^^^^^^^^^^^^^^^^^^^^^^^^^^^^^^^^^^^^
  File "<unknown>", line 7
    	elif (IMC < 22.0 and var1 >=45):
    	^^^^
SyntaxError: invalid syntax
2025-07-17 23:29:11,175 cblogger [ERROR]: 		Error while extracting halsted code metrics: invalid syntax (<unknown>, line 7)
Traceback (most recent call last):
  File "/root/trabalho_super/QuestionInsight/Etapa_1/codebench-mining-tool/util.py", line 569, in extract_halstead_metrics
    h = h_visit(code)
        ^^^^^^^^^^^^^
  File "/root/trabalho_super/venv_jupyter/lib/python3.12/site-packages/radon/metrics.py", line 29, in h_visit
    return h_visit_ast(ast.parse(code))
                       ^^^^^^^^^^^^^^^
  File "/usr/lib/python3.12/ast.py", line 52, in parse
    return compile(source, filename, mode, flags,
           ^^^^^^^^^^^^^^^^^^^^^^^^^^^^^^^^^^^^^^
  File "<unknown>", line 7
    	elif (IMC < 22.0 and var1 >=45):
    	^^^^
SyntaxError: invalid syntax
2025-07-17 23:29:11,176 cblogger [ERROR]: 		Error while extracting code complexity metrics: unexpected indent (<unknown>, line 7)
Traceback (most recent call last):
  File "/root/trabalho_super/QuestionInsight/Etapa_1/codebench-mining-tool/util.py", line 551, in extract_complexity_metrics
    v = ComplexityVisitor.from_code(code)
        ^^^^^^^^^^^^^^^^^^^^^^^^^^^^^^^^^
  File "/root/trabalho_super/venv_jupyter/lib/python3.12/site-packages/radon/visitors.py", line 133, in from_code
    return cls.from_ast(code2ast(code), **kwargs)
                        ^^^^^^^^^^^^^^
  File "/root/trabalho_super/venv_jupyter/lib/python3.12/site-packages/radon/visitors.py", line 48, in code2ast
    return ast.parse(source)
           ^^^^^^^^^^^^^^^^^
  File "/usr/lib/python3.12/ast.py", line 52, in parse
    return compile(source, filename, mode, flags,
           ^^^^^^^^^^^^^^^^^^^^^^^^^^^^^^^^^^^^^^
  File "<unknown>", line 7
    	 print()
    	^
IndentationError: unexpected indent
2025-07-17 23:29:11,176 cblogger [ERROR]: 		Error while extracting code size based metrics: SyntaxError at line: 8
Traceback (most recent call last):
  File "/root/trabalho_super/venv_jupyter/lib/python3.12/site-packages/radon/raw.py", line 210, in analyze
    tokens, parsed_lines = _get_all_tokens(line, lines)
                           ^^^^^^^^^^^^^^^^^^^^^^^^^^^^
  File "/root/trabalho_super/venv_jupyter/lib/python3.12/site-packages/radon/raw.py", line 117, in _get_all_tokens
    next_line = next(lines)
                ^^^^^^^^^^^
StopIteration

During handling of the above exception, another exception occurred:

Traceback (most recent call last):
  File "/root/trabalho_super/QuestionInsight/Etapa_1/codebench-mining-tool/util.py", line 560, in extract_size_metrics
    a = analyze(code)
        ^^^^^^^^^^^^^
  File "/root/trabalho_super/venv_jupyter/lib/python3.12/site-packages/radon/raw.py", line 212, in analyze
    raise SyntaxError('SyntaxError at line: {0}'.format(lineno))
SyntaxError: SyntaxError at line: 8
2025-07-17 23:29:11,177 cblogger [ERROR]: 		Error while extracting halsted code metrics: unexpected indent (<unknown>, line 7)
Traceback (most recent call last):
  File "/root/trabalho_super/QuestionInsight/Etapa_1/codebench-mining-tool/util.py", line 569, in extract_halstead_metrics
    h = h_visit(code)
        ^^^^^^^^^^^^^
  File "/root/trabalho_super/venv_jupyter/lib/python3.12/site-packages/radon/metrics.py", line 29, in h_visit
    return h_visit_ast(ast.parse(code))
                       ^^^^^^^^^^^^^^^
  File "/usr/lib/python3.12/ast.py", line 52, in parse
    return compile(source, filename, mode, flags,
           ^^^^^^^^^^^^^^^^^^^^^^^^^^^^^^^^^^^^^^
  File "<unknown>", line 7
    	 print()
    	^
IndentationError: unexpected indent
2025-07-17 23:29:11,183 cblogger [ERROR]: 		Error while extracting code complexity metrics: invalid syntax (<unknown>, line 3)
Traceback (most recent call last):
  File "/root/trabalho_super/QuestionInsight/Etapa_1/codebench-mining-tool/util.py", line 551, in extract_complexity_metrics
    v = ComplexityVisitor.from_code(code)
        ^^^^^^^^^^^^^^^^^^^^^^^^^^^^^^^^^
  File "/root/trabalho_super/venv_jupyter/lib/python3.12/site-packages/radon/visitors.py", line 133, in from_code
    return cls.from_ast(code2ast(code), **kwargs)
                        ^^^^^^^^^^^^^^
  File "/root/trabalho_super/venv_jupyter/lib/python3.12/site-packages/radon/visitors.py", line 48, in code2ast
    return ast.parse(source)
           ^^^^^^^^^^^^^^^^^
  File "/usr/lib/python3.12/ast.py", line 52, in parse
    return compile(source, filename, mode, flags,
           ^^^^^^^^^^^^^^^^^^^^^^^^^^^^^^^^^^^^^^
  File "<unknown>", line 3
    input var = lados
          ^^^
SyntaxError: invalid syntax
2025-07-17 23:29:11,183 cblogger [ERROR]: 		Error while extracting halsted code metrics: invalid syntax (<unknown>, line 3)
Traceback (most recent call last):
  File "/root/trabalho_super/QuestionInsight/Etapa_1/codebench-mining-tool/util.py", line 569, in extract_halstead_metrics
    h = h_visit(code)
        ^^^^^^^^^^^^^
  File "/root/trabalho_super/venv_jupyter/lib/python3.12/site-packages/radon/metrics.py", line 29, in h_visit
    return h_visit_ast(ast.parse(code))
                       ^^^^^^^^^^^^^^^
  File "/usr/lib/python3.12/ast.py", line 52, in parse
    return compile(source, filename, mode, flags,
           ^^^^^^^^^^^^^^^^^^^^^^^^^^^^^^^^^^^^^^
  File "<unknown>", line 3
    input var = lados
          ^^^
SyntaxError: invalid syntax
2025-07-17 23:29:11,253 cblogger [ERROR]: 		Error while extracting code complexity metrics: invalid syntax (<unknown>, line 1)
Traceback (most recent call last):
  File "/root/trabalho_super/QuestionInsight/Etapa_1/codebench-mining-tool/util.py", line 551, in extract_complexity_metrics
    v = ComplexityVisitor.from_code(code)
        ^^^^^^^^^^^^^^^^^^^^^^^^^^^^^^^^^
  File "/root/trabalho_super/venv_jupyter/lib/python3.12/site-packages/radon/visitors.py", line 133, in from_code
    return cls.from_ast(code2ast(code), **kwargs)
                        ^^^^^^^^^^^^^^
  File "/root/trabalho_super/venv_jupyter/lib/python3.12/site-packages/radon/visitors.py", line 48, in code2ast
    return ast.parse(source)
           ^^^^^^^^^^^^^^^^^
  File "/usr/lib/python3.12/ast.py", line 52, in parse
    return compile(source, filename, mode, flags,
           ^^^^^^^^^^^^^^^^^^^^^^^^^^^^^^^^^^^^^^
  File "<unknown>", line 1
    var1 int(input("digite a unidade de medida: "))
         ^^^
SyntaxError: invalid syntax
2025-07-17 23:29:11,253 cblogger [ERROR]: 		Error while extracting halsted code metrics: invalid syntax (<unknown>, line 1)
Traceback (most recent call last):
  File "/root/trabalho_super/QuestionInsight/Etapa_1/codebench-mining-tool/util.py", line 569, in extract_halstead_metrics
    h = h_visit(code)
        ^^^^^^^^^^^^^
  File "/root/trabalho_super/venv_jupyter/lib/python3.12/site-packages/radon/metrics.py", line 29, in h_visit
    return h_visit_ast(ast.parse(code))
                       ^^^^^^^^^^^^^^^
  File "/usr/lib/python3.12/ast.py", line 52, in parse
    return compile(source, filename, mode, flags,
           ^^^^^^^^^^^^^^^^^^^^^^^^^^^^^^^^^^^^^^
  File "<unknown>", line 1
    var1 int(input("digite a unidade de medida: "))
         ^^^
SyntaxError: invalid syntax
2025-07-17 23:29:11,309 cblogger [ERROR]: 		Error while extracting code complexity metrics: invalid syntax (<unknown>, line 1)
Traceback (most recent call last):
  File "/root/trabalho_super/QuestionInsight/Etapa_1/codebench-mining-tool/util.py", line 551, in extract_complexity_metrics
    v = ComplexityVisitor.from_code(code)
        ^^^^^^^^^^^^^^^^^^^^^^^^^^^^^^^^^
  File "/root/trabalho_super/venv_jupyter/lib/python3.12/site-packages/radon/visitors.py", line 133, in from_code
    return cls.from_ast(code2ast(code), **kwargs)
                        ^^^^^^^^^^^^^^
  File "/root/trabalho_super/venv_jupyter/lib/python3.12/site-packages/radon/visitors.py", line 48, in code2ast
    return ast.parse(source)
           ^^^^^^^^^^^^^^^^^
  File "/usr/lib/python3.12/ast.py", line 52, in parse
    return compile(source, filename, mode, flags,
           ^^^^^^^^^^^^^^^^^^^^^^^^^^^^^^^^^^^^^^
  File "<unknown>", line 1
    round =
           ^
SyntaxError: invalid syntax
2025-07-17 23:29:11,309 cblogger [ERROR]: 		Error while extracting halsted code metrics: invalid syntax (<unknown>, line 1)
Traceback (most recent call last):
  File "/root/trabalho_super/QuestionInsight/Etapa_1/codebench-mining-tool/util.py", line 569, in extract_halstead_metrics
    h = h_visit(code)
        ^^^^^^^^^^^^^
  File "/root/trabalho_super/venv_jupyter/lib/python3.12/site-packages/radon/metrics.py", line 29, in h_visit
    return h_visit_ast(ast.parse(code))
                       ^^^^^^^^^^^^^^^
  File "/usr/lib/python3.12/ast.py", line 52, in parse
    return compile(source, filename, mode, flags,
           ^^^^^^^^^^^^^^^^^^^^^^^^^^^^^^^^^^^^^^
  File "<unknown>", line 1
    round =
           ^
SyntaxError: invalid syntax
2025-07-17 23:29:11,345 cblogger [ERROR]: 		Error while extracting code complexity metrics: invalid syntax. Perhaps you forgot a comma? (<unknown>, line 3)
Traceback (most recent call last):
  File "/root/trabalho_super/QuestionInsight/Etapa_1/codebench-mining-tool/util.py", line 551, in extract_complexity_metrics
    v = ComplexityVisitor.from_code(code)
        ^^^^^^^^^^^^^^^^^^^^^^^^^^^^^^^^^
  File "/root/trabalho_super/venv_jupyter/lib/python3.12/site-packages/radon/visitors.py", line 133, in from_code
    return cls.from_ast(code2ast(code), **kwargs)
                        ^^^^^^^^^^^^^^
  File "/root/trabalho_super/venv_jupyter/lib/python3.12/site-packages/radon/visitors.py", line 48, in code2ast
    return ast.parse(source)
           ^^^^^^^^^^^^^^^^^
  File "/usr/lib/python3.12/ast.py", line 52, in parse
    return compile(source, filename, mode, flags,
           ^^^^^^^^^^^^^^^^^^^^^^^^^^^^^^^^^^^^^^
  File "<unknown>", line 3
    while(time a )
          ^^^^^^
SyntaxError: invalid syntax. Perhaps you forgot a comma?
2025-07-17 23:29:11,346 cblogger [ERROR]: 		Error while extracting halsted code metrics: invalid syntax. Perhaps you forgot a comma? (<unknown>, line 3)
Traceback (most recent call last):
  File "/root/trabalho_super/QuestionInsight/Etapa_1/codebench-mining-tool/util.py", line 569, in extract_halstead_metrics
    h = h_visit(code)
        ^^^^^^^^^^^^^
  File "/root/trabalho_super/venv_jupyter/lib/python3.12/site-packages/radon/metrics.py", line 29, in h_visit
    return h_visit_ast(ast.parse(code))
                       ^^^^^^^^^^^^^^^
  File "/usr/lib/python3.12/ast.py", line 52, in parse
    return compile(source, filename, mode, flags,
           ^^^^^^^^^^^^^^^^^^^^^^^^^^^^^^^^^^^^^^
  File "<unknown>", line 3
    while(time a )
          ^^^^^^
SyntaxError: invalid syntax. Perhaps you forgot a comma?
2025-07-17 23:29:11,356 cblogger [ERROR]: 		Error while extracting code complexity metrics: invalid syntax. Perhaps you forgot a comma? (<unknown>, line 1)
Traceback (most recent call last):
  File "/root/trabalho_super/QuestionInsight/Etapa_1/codebench-mining-tool/util.py", line 551, in extract_complexity_metrics
    v = ComplexityVisitor.from_code(code)
        ^^^^^^^^^^^^^^^^^^^^^^^^^^^^^^^^^
  File "/root/trabalho_super/venv_jupyter/lib/python3.12/site-packages/radon/visitors.py", line 133, in from_code
    return cls.from_ast(code2ast(code), **kwargs)
                        ^^^^^^^^^^^^^^
  File "/root/trabalho_super/venv_jupyter/lib/python3.12/site-packages/radon/visitors.py", line 48, in code2ast
    return ast.parse(source)
           ^^^^^^^^^^^^^^^^^
  File "/usr/lib/python3.12/ast.py", line 52, in parse
    return compile(source, filename, mode, flags,
           ^^^^^^^^^^^^^^^^^^^^^^^^^^^^^^^^^^^^^^
  File "<unknown>", line 1
    print(50/3 2%)
          ^^^^^^
SyntaxError: invalid syntax. Perhaps you forgot a comma?
2025-07-17 23:29:11,356 cblogger [ERROR]: 		Error while extracting halsted code metrics: invalid syntax. Perhaps you forgot a comma? (<unknown>, line 1)
Traceback (most recent call last):
  File "/root/trabalho_super/QuestionInsight/Etapa_1/codebench-mining-tool/util.py", line 569, in extract_halstead_metrics
    h = h_visit(code)
        ^^^^^^^^^^^^^
  File "/root/trabalho_super/venv_jupyter/lib/python3.12/site-packages/radon/metrics.py", line 29, in h_visit
    return h_visit_ast(ast.parse(code))
                       ^^^^^^^^^^^^^^^
  File "/usr/lib/python3.12/ast.py", line 52, in parse
    return compile(source, filename, mode, flags,
           ^^^^^^^^^^^^^^^^^^^^^^^^^^^^^^^^^^^^^^
  File "<unknown>", line 1
    print(50/3 2%)
          ^^^^^^
SyntaxError: invalid syntax. Perhaps you forgot a comma?
2025-07-17 23:29:11,393 cblogger [ERROR]: 		Error while extracting code complexity metrics: expected ':' (<unknown>, line 4)
Traceback (most recent call last):
  File "/root/trabalho_super/QuestionInsight/Etapa_1/codebench-mining-tool/util.py", line 551, in extract_complexity_metrics
    v = ComplexityVisitor.from_code(code)
        ^^^^^^^^^^^^^^^^^^^^^^^^^^^^^^^^^
  File "/root/trabalho_super/venv_jupyter/lib/python3.12/site-packages/radon/visitors.py", line 133, in from_code
    return cls.from_ast(code2ast(code), **kwargs)
                        ^^^^^^^^^^^^^^
  File "/root/trabalho_super/venv_jupyter/lib/python3.12/site-packages/radon/visitors.py", line 48, in code2ast
    return ast.parse(source)
           ^^^^^^^^^^^^^^^^^
  File "/usr/lib/python3.12/ast.py", line 52, in parse
    return compile(source, filename, mode, flags,
           ^^^^^^^^^^^^^^^^^^^^^^^^^^^^^^^^^^^^^^
  File "<unknown>", line 4
    while(var1<1 and var1)
                          ^
SyntaxError: expected ':'
2025-07-17 23:29:11,394 cblogger [ERROR]: 		Error while extracting halsted code metrics: expected ':' (<unknown>, line 4)
Traceback (most recent call last):
  File "/root/trabalho_super/QuestionInsight/Etapa_1/codebench-mining-tool/util.py", line 569, in extract_halstead_metrics
    h = h_visit(code)
        ^^^^^^^^^^^^^
  File "/root/trabalho_super/venv_jupyter/lib/python3.12/site-packages/radon/metrics.py", line 29, in h_visit
    return h_visit_ast(ast.parse(code))
                       ^^^^^^^^^^^^^^^
  File "/usr/lib/python3.12/ast.py", line 52, in parse
    return compile(source, filename, mode, flags,
           ^^^^^^^^^^^^^^^^^^^^^^^^^^^^^^^^^^^^^^
  File "<unknown>", line 4
    while(var1<1 and var1)
                          ^
SyntaxError: expected ':'
2025-07-17 23:29:11,413 cblogger [ERROR]: 		Error while extracting code complexity metrics: unindent does not match any outer indentation level (<unknown>, line 5)
Traceback (most recent call last):
  File "/root/trabalho_super/QuestionInsight/Etapa_1/codebench-mining-tool/util.py", line 551, in extract_complexity_metrics
    v = ComplexityVisitor.from_code(code)
        ^^^^^^^^^^^^^^^^^^^^^^^^^^^^^^^^^
  File "/root/trabalho_super/venv_jupyter/lib/python3.12/site-packages/radon/visitors.py", line 133, in from_code
    return cls.from_ast(code2ast(code), **kwargs)
                        ^^^^^^^^^^^^^^
  File "/root/trabalho_super/venv_jupyter/lib/python3.12/site-packages/radon/visitors.py", line 48, in code2ast
    return ast.parse(source)
           ^^^^^^^^^^^^^^^^^
  File "/usr/lib/python3.12/ast.py", line 52, in parse
    return compile(source, filename, mode, flags,
           ^^^^^^^^^^^^^^^^^^^^^^^^^^^^^^^^^^^^^^
  File "<unknown>", line 5
    print("Ganhou R$ 100.000,00")
                                 ^
IndentationError: unindent does not match any outer indentation level
2025-07-17 23:29:11,414 cblogger [ERROR]: 		Error while extracting halsted code metrics: unindent does not match any outer indentation level (<unknown>, line 5)
Traceback (most recent call last):
  File "/root/trabalho_super/QuestionInsight/Etapa_1/codebench-mining-tool/util.py", line 569, in extract_halstead_metrics
    h = h_visit(code)
        ^^^^^^^^^^^^^
  File "/root/trabalho_super/venv_jupyter/lib/python3.12/site-packages/radon/metrics.py", line 29, in h_visit
    return h_visit_ast(ast.parse(code))
                       ^^^^^^^^^^^^^^^
  File "/usr/lib/python3.12/ast.py", line 52, in parse
    return compile(source, filename, mode, flags,
           ^^^^^^^^^^^^^^^^^^^^^^^^^^^^^^^^^^^^^^
  File "<unknown>", line 5
    print("Ganhou R$ 100.000,00")
                                 ^
IndentationError: unindent does not match any outer indentation level
2025-07-17 23:29:11,436 cblogger [ERROR]: 		Error while extracting code complexity metrics: invalid syntax (<unknown>, line 3)
Traceback (most recent call last):
  File "/root/trabalho_super/QuestionInsight/Etapa_1/codebench-mining-tool/util.py", line 551, in extract_complexity_metrics
    v = ComplexityVisitor.from_code(code)
        ^^^^^^^^^^^^^^^^^^^^^^^^^^^^^^^^^
  File "/root/trabalho_super/venv_jupyter/lib/python3.12/site-packages/radon/visitors.py", line 133, in from_code
    return cls.from_ast(code2ast(code), **kwargs)
                        ^^^^^^^^^^^^^^
  File "/root/trabalho_super/venv_jupyter/lib/python3.12/site-packages/radon/visitors.py", line 48, in code2ast
    return ast.parse(source)
           ^^^^^^^^^^^^^^^^^
  File "/usr/lib/python3.12/ast.py", line 52, in parse
    return compile(source, filename, mode, flags,
           ^^^^^^^^^^^^^^^^^^^^^^^^^^^^^^^^^^^^^^
  File "<unknown>", line 3
    =
    ^
SyntaxError: invalid syntax
2025-07-17 23:29:11,436 cblogger [ERROR]: 		Error while extracting halsted code metrics: invalid syntax (<unknown>, line 3)
Traceback (most recent call last):
  File "/root/trabalho_super/QuestionInsight/Etapa_1/codebench-mining-tool/util.py", line 569, in extract_halstead_metrics
    h = h_visit(code)
        ^^^^^^^^^^^^^
  File "/root/trabalho_super/venv_jupyter/lib/python3.12/site-packages/radon/metrics.py", line 29, in h_visit
    return h_visit_ast(ast.parse(code))
                       ^^^^^^^^^^^^^^^
  File "/usr/lib/python3.12/ast.py", line 52, in parse
    return compile(source, filename, mode, flags,
           ^^^^^^^^^^^^^^^^^^^^^^^^^^^^^^^^^^^^^^
  File "<unknown>", line 3
    =
    ^
SyntaxError: invalid syntax
2025-07-17 23:29:11,464 cblogger [ERROR]: 		Error while extracting code complexity metrics: expected an indented block after 'while' statement on line 3 (<unknown>, line 4)
Traceback (most recent call last):
  File "/root/trabalho_super/QuestionInsight/Etapa_1/codebench-mining-tool/util.py", line 551, in extract_complexity_metrics
    v = ComplexityVisitor.from_code(code)
        ^^^^^^^^^^^^^^^^^^^^^^^^^^^^^^^^^
  File "/root/trabalho_super/venv_jupyter/lib/python3.12/site-packages/radon/visitors.py", line 133, in from_code
    return cls.from_ast(code2ast(code), **kwargs)
                        ^^^^^^^^^^^^^^
  File "/root/trabalho_super/venv_jupyter/lib/python3.12/site-packages/radon/visitors.py", line 48, in code2ast
    return ast.parse(source)
           ^^^^^^^^^^^^^^^^^
  File "/usr/lib/python3.12/ast.py", line 52, in parse
    return compile(source, filename, mode, flags,
           ^^^^^^^^^^^^^^^^^^^^^^^^^^^^^^^^^^^^^^
  File "<unknown>", line 4
    	
    	^
IndentationError: expected an indented block after 'while' statement on line 3
2025-07-17 23:29:11,464 cblogger [ERROR]: 		Error while extracting halsted code metrics: expected an indented block after 'while' statement on line 3 (<unknown>, line 4)
Traceback (most recent call last):
  File "/root/trabalho_super/QuestionInsight/Etapa_1/codebench-mining-tool/util.py", line 569, in extract_halstead_metrics
    h = h_visit(code)
        ^^^^^^^^^^^^^
  File "/root/trabalho_super/venv_jupyter/lib/python3.12/site-packages/radon/metrics.py", line 29, in h_visit
    return h_visit_ast(ast.parse(code))
                       ^^^^^^^^^^^^^^^
  File "/usr/lib/python3.12/ast.py", line 52, in parse
    return compile(source, filename, mode, flags,
           ^^^^^^^^^^^^^^^^^^^^^^^^^^^^^^^^^^^^^^
  File "<unknown>", line 4
    	
    	^
IndentationError: expected an indented block after 'while' statement on line 3
2025-07-17 23:29:11,482 cblogger [ERROR]: 		Error while extracting code complexity metrics: invalid syntax (<unknown>, line 5)
Traceback (most recent call last):
  File "/root/trabalho_super/QuestionInsight/Etapa_1/codebench-mining-tool/util.py", line 551, in extract_complexity_metrics
    v = ComplexityVisitor.from_code(code)
        ^^^^^^^^^^^^^^^^^^^^^^^^^^^^^^^^^
  File "/root/trabalho_super/venv_jupyter/lib/python3.12/site-packages/radon/visitors.py", line 133, in from_code
    return cls.from_ast(code2ast(code), **kwargs)
                        ^^^^^^^^^^^^^^
  File "/root/trabalho_super/venv_jupyter/lib/python3.12/site-packages/radon/visitors.py", line 48, in code2ast
    return ast.parse(source)
           ^^^^^^^^^^^^^^^^^
  File "/usr/lib/python3.12/ast.py", line 52, in parse
    return compile(source, filename, mode, flags,
           ^^^^^^^^^^^^^^^^^^^^^^^^^^^^^^^^^^^^^^
  File "<unknown>", line 5
    import.sqrt()
          ^
SyntaxError: invalid syntax
2025-07-17 23:29:11,482 cblogger [ERROR]: 		Error while extracting halsted code metrics: invalid syntax (<unknown>, line 5)
Traceback (most recent call last):
  File "/root/trabalho_super/QuestionInsight/Etapa_1/codebench-mining-tool/util.py", line 569, in extract_halstead_metrics
    h = h_visit(code)
        ^^^^^^^^^^^^^
  File "/root/trabalho_super/venv_jupyter/lib/python3.12/site-packages/radon/metrics.py", line 29, in h_visit
    return h_visit_ast(ast.parse(code))
                       ^^^^^^^^^^^^^^^
  File "/usr/lib/python3.12/ast.py", line 52, in parse
    return compile(source, filename, mode, flags,
           ^^^^^^^^^^^^^^^^^^^^^^^^^^^^^^^^^^^^^^
  File "<unknown>", line 5
    import.sqrt()
          ^
SyntaxError: invalid syntax
2025-07-17 23:29:11,492 cblogger [ERROR]: 		Error while extracting code complexity metrics: invalid syntax (<unknown>, line 9)
Traceback (most recent call last):
  File "/root/trabalho_super/QuestionInsight/Etapa_1/codebench-mining-tool/util.py", line 551, in extract_complexity_metrics
    v = ComplexityVisitor.from_code(code)
        ^^^^^^^^^^^^^^^^^^^^^^^^^^^^^^^^^
  File "/root/trabalho_super/venv_jupyter/lib/python3.12/site-packages/radon/visitors.py", line 133, in from_code
    return cls.from_ast(code2ast(code), **kwargs)
                        ^^^^^^^^^^^^^^
  File "/root/trabalho_super/venv_jupyter/lib/python3.12/site-packages/radon/visitors.py", line 48, in code2ast
    return ast.parse(source)
           ^^^^^^^^^^^^^^^^^
  File "/usr/lib/python3.12/ast.py", line 52, in parse
    return compile(source, filename, mode, flags,
           ^^^^^^^^^^^^^^^^^^^^^^^^^^^^^^^^^^^^^^
  File "<unknown>", line 9
    	elif(lem(var[i].isupper()):
    	                          ^
SyntaxError: invalid syntax
2025-07-17 23:29:11,493 cblogger [ERROR]: 		Error while extracting code size based metrics: SyntaxError at line: 9
Traceback (most recent call last):
  File "/root/trabalho_super/venv_jupyter/lib/python3.12/site-packages/radon/raw.py", line 210, in analyze
    tokens, parsed_lines = _get_all_tokens(line, lines)
                           ^^^^^^^^^^^^^^^^^^^^^^^^^^^^
  File "/root/trabalho_super/venv_jupyter/lib/python3.12/site-packages/radon/raw.py", line 117, in _get_all_tokens
    next_line = next(lines)
                ^^^^^^^^^^^
StopIteration

During handling of the above exception, another exception occurred:

Traceback (most recent call last):
  File "/root/trabalho_super/QuestionInsight/Etapa_1/codebench-mining-tool/util.py", line 560, in extract_size_metrics
    a = analyze(code)
        ^^^^^^^^^^^^^
  File "/root/trabalho_super/venv_jupyter/lib/python3.12/site-packages/radon/raw.py", line 212, in analyze
    raise SyntaxError('SyntaxError at line: {0}'.format(lineno))
SyntaxError: SyntaxError at line: 9
2025-07-17 23:29:11,494 cblogger [ERROR]: 		Error while extracting halsted code metrics: invalid syntax (<unknown>, line 9)
Traceback (most recent call last):
  File "/root/trabalho_super/QuestionInsight/Etapa_1/codebench-mining-tool/util.py", line 569, in extract_halstead_metrics
    h = h_visit(code)
        ^^^^^^^^^^^^^
  File "/root/trabalho_super/venv_jupyter/lib/python3.12/site-packages/radon/metrics.py", line 29, in h_visit
    return h_visit_ast(ast.parse(code))
                       ^^^^^^^^^^^^^^^
  File "/usr/lib/python3.12/ast.py", line 52, in parse
    return compile(source, filename, mode, flags,
           ^^^^^^^^^^^^^^^^^^^^^^^^^^^^^^^^^^^^^^
  File "<unknown>", line 9
    	elif(lem(var[i].isupper()):
    	                          ^
SyntaxError: invalid syntax
2025-07-17 23:29:11,589 cblogger [ERROR]: 		Error while extracting code complexity metrics: invalid syntax (<unknown>, line 7)
Traceback (most recent call last):
  File "/root/trabalho_super/QuestionInsight/Etapa_1/codebench-mining-tool/util.py", line 551, in extract_complexity_metrics
    v = ComplexityVisitor.from_code(code)
        ^^^^^^^^^^^^^^^^^^^^^^^^^^^^^^^^^
  File "/root/trabalho_super/venv_jupyter/lib/python3.12/site-packages/radon/visitors.py", line 133, in from_code
    return cls.from_ast(code2ast(code), **kwargs)
                        ^^^^^^^^^^^^^^
  File "/root/trabalho_super/venv_jupyter/lib/python3.12/site-packages/radon/visitors.py", line 48, in code2ast
    return ast.parse(source)
           ^^^^^^^^^^^^^^^^^
  File "/usr/lib/python3.12/ast.py", line 52, in parse
    return compile(source, filename, mode, flags,
           ^^^^^^^^^^^^^^^^^^^^^^^^^^^^^^^^^^^^^^
  File "<unknown>", line 7
    print(cont)x = int(input(''))
               ^
SyntaxError: invalid syntax
2025-07-17 23:29:11,590 cblogger [ERROR]: 		Error while extracting halsted code metrics: invalid syntax (<unknown>, line 7)
Traceback (most recent call last):
  File "/root/trabalho_super/QuestionInsight/Etapa_1/codebench-mining-tool/util.py", line 569, in extract_halstead_metrics
    h = h_visit(code)
        ^^^^^^^^^^^^^
  File "/root/trabalho_super/venv_jupyter/lib/python3.12/site-packages/radon/metrics.py", line 29, in h_visit
    return h_visit_ast(ast.parse(code))
                       ^^^^^^^^^^^^^^^
  File "/usr/lib/python3.12/ast.py", line 52, in parse
    return compile(source, filename, mode, flags,
           ^^^^^^^^^^^^^^^^^^^^^^^^^^^^^^^^^^^^^^
  File "<unknown>", line 7
    print(cont)x = int(input(''))
               ^
SyntaxError: invalid syntax
2025-07-17 23:29:11,601 cblogger [ERROR]: 		Error while extracting code complexity metrics: invalid syntax (<unknown>, line 2)
Traceback (most recent call last):
  File "/root/trabalho_super/QuestionInsight/Etapa_1/codebench-mining-tool/util.py", line 551, in extract_complexity_metrics
    v = ComplexityVisitor.from_code(code)
        ^^^^^^^^^^^^^^^^^^^^^^^^^^^^^^^^^
  File "/root/trabalho_super/venv_jupyter/lib/python3.12/site-packages/radon/visitors.py", line 133, in from_code
    return cls.from_ast(code2ast(code), **kwargs)
                        ^^^^^^^^^^^^^^
  File "/root/trabalho_super/venv_jupyter/lib/python3.12/site-packages/radon/visitors.py", line 48, in code2ast
    return ast.parse(source)
           ^^^^^^^^^^^^^^^^^
  File "/usr/lib/python3.12/ast.py", line 52, in parse
    return compile(source, filename, mode, flags,
           ^^^^^^^^^^^^^^^^^^^^^^^^^^^^^^^^^^^^^^
  File "<unknown>", line 2
    print( 30 - 3** 2 + 8 / / 3 ** 2 * 10 )
                            ^
SyntaxError: invalid syntax
2025-07-17 23:29:11,601 cblogger [ERROR]: 		Error while extracting halsted code metrics: invalid syntax (<unknown>, line 2)
Traceback (most recent call last):
  File "/root/trabalho_super/QuestionInsight/Etapa_1/codebench-mining-tool/util.py", line 569, in extract_halstead_metrics
    h = h_visit(code)
        ^^^^^^^^^^^^^
  File "/root/trabalho_super/venv_jupyter/lib/python3.12/site-packages/radon/metrics.py", line 29, in h_visit
    return h_visit_ast(ast.parse(code))
                       ^^^^^^^^^^^^^^^
  File "/usr/lib/python3.12/ast.py", line 52, in parse
    return compile(source, filename, mode, flags,
           ^^^^^^^^^^^^^^^^^^^^^^^^^^^^^^^^^^^^^^
  File "<unknown>", line 2
    print( 30 - 3** 2 + 8 / / 3 ** 2 * 10 )
                            ^
SyntaxError: invalid syntax
2025-07-17 23:29:11,701 cblogger [ERROR]: 		Error while extracting code complexity metrics: invalid syntax (<unknown>, line 10)
Traceback (most recent call last):
  File "/root/trabalho_super/QuestionInsight/Etapa_1/codebench-mining-tool/util.py", line 551, in extract_complexity_metrics
    v = ComplexityVisitor.from_code(code)
        ^^^^^^^^^^^^^^^^^^^^^^^^^^^^^^^^^
  File "/root/trabalho_super/venv_jupyter/lib/python3.12/site-packages/radon/visitors.py", line 133, in from_code
    return cls.from_ast(code2ast(code), **kwargs)
                        ^^^^^^^^^^^^^^
  File "/root/trabalho_super/venv_jupyter/lib/python3.12/site-packages/radon/visitors.py", line 48, in code2ast
    return ast.parse(source)
           ^^^^^^^^^^^^^^^^^
  File "/usr/lib/python3.12/ast.py", line 52, in parse
    return compile(source, filename, mode, flags,
           ^^^^^^^^^^^^^^^^^^^^^^^^^^^^^^^^^^^^^^
  File "<unknown>", line 10
    elif: 
    ^^^^
SyntaxError: invalid syntax
2025-07-17 23:29:11,702 cblogger [ERROR]: 		Error while extracting halsted code metrics: invalid syntax (<unknown>, line 10)
Traceback (most recent call last):
  File "/root/trabalho_super/QuestionInsight/Etapa_1/codebench-mining-tool/util.py", line 569, in extract_halstead_metrics
    h = h_visit(code)
        ^^^^^^^^^^^^^
  File "/root/trabalho_super/venv_jupyter/lib/python3.12/site-packages/radon/metrics.py", line 29, in h_visit
    return h_visit_ast(ast.parse(code))
                       ^^^^^^^^^^^^^^^
  File "/usr/lib/python3.12/ast.py", line 52, in parse
    return compile(source, filename, mode, flags,
           ^^^^^^^^^^^^^^^^^^^^^^^^^^^^^^^^^^^^^^
  File "<unknown>", line 10
    elif: 
    ^^^^
SyntaxError: invalid syntax
2025-07-17 23:29:11,727 cblogger [ERROR]: 		Error while extracting code complexity metrics: expected an indented block after 'while' statement on line 3 (<unknown>, line 7)
Traceback (most recent call last):
  File "/root/trabalho_super/QuestionInsight/Etapa_1/codebench-mining-tool/util.py", line 551, in extract_complexity_metrics
    v = ComplexityVisitor.from_code(code)
        ^^^^^^^^^^^^^^^^^^^^^^^^^^^^^^^^^
  File "/root/trabalho_super/venv_jupyter/lib/python3.12/site-packages/radon/visitors.py", line 133, in from_code
    return cls.from_ast(code2ast(code), **kwargs)
                        ^^^^^^^^^^^^^^
  File "/root/trabalho_super/venv_jupyter/lib/python3.12/site-packages/radon/visitors.py", line 48, in code2ast
    return ast.parse(source)
           ^^^^^^^^^^^^^^^^^
  File "/usr/lib/python3.12/ast.py", line 52, in parse
    return compile(source, filename, mode, flags,
           ^^^^^^^^^^^^^^^^^^^^^^^^^^^^^^^^^^^^^^
  File "<unknown>", line 7
    	
    	^
IndentationError: expected an indented block after 'while' statement on line 3
2025-07-17 23:29:11,730 cblogger [ERROR]: 		Error while extracting halsted code metrics: expected an indented block after 'while' statement on line 3 (<unknown>, line 7)
Traceback (most recent call last):
  File "/root/trabalho_super/QuestionInsight/Etapa_1/codebench-mining-tool/util.py", line 569, in extract_halstead_metrics
    h = h_visit(code)
        ^^^^^^^^^^^^^
  File "/root/trabalho_super/venv_jupyter/lib/python3.12/site-packages/radon/metrics.py", line 29, in h_visit
    return h_visit_ast(ast.parse(code))
                       ^^^^^^^^^^^^^^^
  File "/usr/lib/python3.12/ast.py", line 52, in parse
    return compile(source, filename, mode, flags,
           ^^^^^^^^^^^^^^^^^^^^^^^^^^^^^^^^^^^^^^
  File "<unknown>", line 7
    	
    	^
IndentationError: expected an indented block after 'while' statement on line 3
2025-07-17 23:29:11,805 cblogger [ERROR]: 		Error while extracting code complexity metrics: cannot assign to expression (<unknown>, line 12)
Traceback (most recent call last):
  File "/root/trabalho_super/QuestionInsight/Etapa_1/codebench-mining-tool/util.py", line 551, in extract_complexity_metrics
    v = ComplexityVisitor.from_code(code)
        ^^^^^^^^^^^^^^^^^^^^^^^^^^^^^^^^^
  File "/root/trabalho_super/venv_jupyter/lib/python3.12/site-packages/radon/visitors.py", line 133, in from_code
    return cls.from_ast(code2ast(code), **kwargs)
                        ^^^^^^^^^^^^^^
  File "/root/trabalho_super/venv_jupyter/lib/python3.12/site-packages/radon/visitors.py", line 48, in code2ast
    return ast.parse(source)
           ^^^^^^^^^^^^^^^^^
  File "/usr/lib/python3.12/ast.py", line 52, in parse
    return compile(source, filename, mode, flags,
           ^^^^^^^^^^^^^^^^^^^^^^^^^^^^^^^^^^^^^^
  File "<unknown>", line 12
    	total = q*3.5 = r*3
    	        ^^^^^
SyntaxError: cannot assign to expression
2025-07-17 23:29:11,806 cblogger [ERROR]: 		Error while extracting halsted code metrics: cannot assign to expression (<unknown>, line 12)
Traceback (most recent call last):
  File "/root/trabalho_super/QuestionInsight/Etapa_1/codebench-mining-tool/util.py", line 569, in extract_halstead_metrics
    h = h_visit(code)
        ^^^^^^^^^^^^^
  File "/root/trabalho_super/venv_jupyter/lib/python3.12/site-packages/radon/metrics.py", line 29, in h_visit
    return h_visit_ast(ast.parse(code))
                       ^^^^^^^^^^^^^^^
  File "/usr/lib/python3.12/ast.py", line 52, in parse
    return compile(source, filename, mode, flags,
           ^^^^^^^^^^^^^^^^^^^^^^^^^^^^^^^^^^^^^^
  File "<unknown>", line 12
    	total = q*3.5 = r*3
    	        ^^^^^
SyntaxError: cannot assign to expression
2025-07-17 23:29:11,891 cblogger [ERROR]: 		Error while extracting code complexity metrics: expected an indented block after 'while' statement on line 8 (<unknown>, line 9)
Traceback (most recent call last):
  File "/root/trabalho_super/QuestionInsight/Etapa_1/codebench-mining-tool/util.py", line 551, in extract_complexity_metrics
    v = ComplexityVisitor.from_code(code)
        ^^^^^^^^^^^^^^^^^^^^^^^^^^^^^^^^^
  File "/root/trabalho_super/venv_jupyter/lib/python3.12/site-packages/radon/visitors.py", line 133, in from_code
    return cls.from_ast(code2ast(code), **kwargs)
                        ^^^^^^^^^^^^^^
  File "/root/trabalho_super/venv_jupyter/lib/python3.12/site-packages/radon/visitors.py", line 48, in code2ast
    return ast.parse(source)
           ^^^^^^^^^^^^^^^^^
  File "/usr/lib/python3.12/ast.py", line 52, in parse
    return compile(source, filename, mode, flags,
           ^^^^^^^^^^^^^^^^^^^^^^^^^^^^^^^^^^^^^^
  File "<unknown>", line 9
    	
    	^
IndentationError: expected an indented block after 'while' statement on line 8
2025-07-17 23:29:11,891 cblogger [ERROR]: 		Error while extracting halsted code metrics: expected an indented block after 'while' statement on line 8 (<unknown>, line 9)
Traceback (most recent call last):
  File "/root/trabalho_super/QuestionInsight/Etapa_1/codebench-mining-tool/util.py", line 569, in extract_halstead_metrics
    h = h_visit(code)
        ^^^^^^^^^^^^^
  File "/root/trabalho_super/venv_jupyter/lib/python3.12/site-packages/radon/metrics.py", line 29, in h_visit
    return h_visit_ast(ast.parse(code))
                       ^^^^^^^^^^^^^^^
  File "/usr/lib/python3.12/ast.py", line 52, in parse
    return compile(source, filename, mode, flags,
           ^^^^^^^^^^^^^^^^^^^^^^^^^^^^^^^^^^^^^^
  File "<unknown>", line 9
    	
    	^
IndentationError: expected an indented block after 'while' statement on line 8
2025-07-17 23:29:11,896 cblogger [ERROR]: 		Error while extracting code complexity metrics: invalid syntax (<unknown>, line 7)
Traceback (most recent call last):
  File "/root/trabalho_super/QuestionInsight/Etapa_1/codebench-mining-tool/util.py", line 551, in extract_complexity_metrics
    v = ComplexityVisitor.from_code(code)
        ^^^^^^^^^^^^^^^^^^^^^^^^^^^^^^^^^
  File "/root/trabalho_super/venv_jupyter/lib/python3.12/site-packages/radon/visitors.py", line 133, in from_code
    return cls.from_ast(code2ast(code), **kwargs)
                        ^^^^^^^^^^^^^^
  File "/root/trabalho_super/venv_jupyter/lib/python3.12/site-packages/radon/visitors.py", line 48, in code2ast
    return ast.parse(source)
           ^^^^^^^^^^^^^^^^^
  File "/usr/lib/python3.12/ast.py", line 52, in parse
    return compile(source, filename, mode, flags,
           ^^^^^^^^^^^^^^^^^^^^^^^^^^^^^^^^^^^^^^
  File "<unknown>", line 7
    whilei < len (s):
                    ^
SyntaxError: invalid syntax
2025-07-17 23:29:11,897 cblogger [ERROR]: 		Error while extracting halsted code metrics: invalid syntax (<unknown>, line 7)
Traceback (most recent call last):
  File "/root/trabalho_super/QuestionInsight/Etapa_1/codebench-mining-tool/util.py", line 569, in extract_halstead_metrics
    h = h_visit(code)
        ^^^^^^^^^^^^^
  File "/root/trabalho_super/venv_jupyter/lib/python3.12/site-packages/radon/metrics.py", line 29, in h_visit
    return h_visit_ast(ast.parse(code))
                       ^^^^^^^^^^^^^^^
  File "/usr/lib/python3.12/ast.py", line 52, in parse
    return compile(source, filename, mode, flags,
           ^^^^^^^^^^^^^^^^^^^^^^^^^^^^^^^^^^^^^^
  File "<unknown>", line 7
    whilei < len (s):
                    ^
SyntaxError: invalid syntax
2025-07-17 23:29:11,913 cblogger [ERROR]: 		Error while extracting code complexity metrics: '(' was never closed (<unknown>, line 2)
Traceback (most recent call last):
  File "/root/trabalho_super/QuestionInsight/Etapa_1/codebench-mining-tool/util.py", line 551, in extract_complexity_metrics
    v = ComplexityVisitor.from_code(code)
        ^^^^^^^^^^^^^^^^^^^^^^^^^^^^^^^^^
  File "/root/trabalho_super/venv_jupyter/lib/python3.12/site-packages/radon/visitors.py", line 133, in from_code
    return cls.from_ast(code2ast(code), **kwargs)
                        ^^^^^^^^^^^^^^
  File "/root/trabalho_super/venv_jupyter/lib/python3.12/site-packages/radon/visitors.py", line 48, in code2ast
    return ast.parse(source)
           ^^^^^^^^^^^^^^^^^
  File "/usr/lib/python3.12/ast.py", line 52, in parse
    return compile(source, filename, mode, flags,
           ^^^^^^^^^^^^^^^^^^^^^^^^^^^^^^^^^^^^^^
  File "<unknown>", line 2
    var =input(""
              ^
SyntaxError: '(' was never closed
2025-07-17 23:29:11,914 cblogger [ERROR]: 		Error while extracting code size based metrics: SyntaxError at line: 2
Traceback (most recent call last):
  File "/root/trabalho_super/venv_jupyter/lib/python3.12/site-packages/radon/raw.py", line 210, in analyze
    tokens, parsed_lines = _get_all_tokens(line, lines)
                           ^^^^^^^^^^^^^^^^^^^^^^^^^^^^
  File "/root/trabalho_super/venv_jupyter/lib/python3.12/site-packages/radon/raw.py", line 117, in _get_all_tokens
    next_line = next(lines)
                ^^^^^^^^^^^
StopIteration

During handling of the above exception, another exception occurred:

Traceback (most recent call last):
  File "/root/trabalho_super/QuestionInsight/Etapa_1/codebench-mining-tool/util.py", line 560, in extract_size_metrics
    a = analyze(code)
        ^^^^^^^^^^^^^
  File "/root/trabalho_super/venv_jupyter/lib/python3.12/site-packages/radon/raw.py", line 212, in analyze
    raise SyntaxError('SyntaxError at line: {0}'.format(lineno))
SyntaxError: SyntaxError at line: 2
2025-07-17 23:29:11,915 cblogger [ERROR]: 		Error while extracting halsted code metrics: '(' was never closed (<unknown>, line 2)
Traceback (most recent call last):
  File "/root/trabalho_super/QuestionInsight/Etapa_1/codebench-mining-tool/util.py", line 569, in extract_halstead_metrics
    h = h_visit(code)
        ^^^^^^^^^^^^^
  File "/root/trabalho_super/venv_jupyter/lib/python3.12/site-packages/radon/metrics.py", line 29, in h_visit
    return h_visit_ast(ast.parse(code))
                       ^^^^^^^^^^^^^^^
  File "/usr/lib/python3.12/ast.py", line 52, in parse
    return compile(source, filename, mode, flags,
           ^^^^^^^^^^^^^^^^^^^^^^^^^^^^^^^^^^^^^^
  File "<unknown>", line 2
    var =input(""
              ^
SyntaxError: '(' was never closed
2025-07-17 23:29:12,006 cblogger [ERROR]: 		Error while extracting code complexity metrics: expected an indented block after 'if' statement on line 5 (<unknown>, line 6)
Traceback (most recent call last):
  File "/root/trabalho_super/QuestionInsight/Etapa_1/codebench-mining-tool/util.py", line 551, in extract_complexity_metrics
    v = ComplexityVisitor.from_code(code)
        ^^^^^^^^^^^^^^^^^^^^^^^^^^^^^^^^^
  File "/root/trabalho_super/venv_jupyter/lib/python3.12/site-packages/radon/visitors.py", line 133, in from_code
    return cls.from_ast(code2ast(code), **kwargs)
                        ^^^^^^^^^^^^^^
  File "/root/trabalho_super/venv_jupyter/lib/python3.12/site-packages/radon/visitors.py", line 48, in code2ast
    return ast.parse(source)
           ^^^^^^^^^^^^^^^^^
  File "/usr/lib/python3.12/ast.py", line 52, in parse
    return compile(source, filename, mode, flags,
           ^^^^^^^^^^^^^^^^^^^^^^^^^^^^^^^^^^^^^^
  File "<unknown>", line 6
    	
    	^
IndentationError: expected an indented block after 'if' statement on line 5
2025-07-17 23:29:12,007 cblogger [ERROR]: 		Error while extracting halsted code metrics: expected an indented block after 'if' statement on line 5 (<unknown>, line 6)
Traceback (most recent call last):
  File "/root/trabalho_super/QuestionInsight/Etapa_1/codebench-mining-tool/util.py", line 569, in extract_halstead_metrics
    h = h_visit(code)
        ^^^^^^^^^^^^^
  File "/root/trabalho_super/venv_jupyter/lib/python3.12/site-packages/radon/metrics.py", line 29, in h_visit
    return h_visit_ast(ast.parse(code))
                       ^^^^^^^^^^^^^^^
  File "/usr/lib/python3.12/ast.py", line 52, in parse
    return compile(source, filename, mode, flags,
           ^^^^^^^^^^^^^^^^^^^^^^^^^^^^^^^^^^^^^^
  File "<unknown>", line 6
    	
    	^
IndentationError: expected an indented block after 'if' statement on line 5
2025-07-17 23:29:12,103 cblogger [ERROR]: 		Error while extracting code complexity metrics: invalid syntax (<unknown>, line 4)
Traceback (most recent call last):
  File "/root/trabalho_super/QuestionInsight/Etapa_1/codebench-mining-tool/util.py", line 551, in extract_complexity_metrics
    v = ComplexityVisitor.from_code(code)
        ^^^^^^^^^^^^^^^^^^^^^^^^^^^^^^^^^
  File "/root/trabalho_super/venv_jupyter/lib/python3.12/site-packages/radon/visitors.py", line 133, in from_code
    return cls.from_ast(code2ast(code), **kwargs)
                        ^^^^^^^^^^^^^^
  File "/root/trabalho_super/venv_jupyter/lib/python3.12/site-packages/radon/visitors.py", line 48, in code2ast
    return ast.parse(source)
           ^^^^^^^^^^^^^^^^^
  File "/usr/lib/python3.12/ast.py", line 52, in parse
    return compile(source, filename, mode, flags,
           ^^^^^^^^^^^^^^^^^^^^^^^^^^^^^^^^^^^^^^
  File "<unknown>", line 4
    	cal= 
    	     ^
SyntaxError: invalid syntax
2025-07-17 23:29:12,103 cblogger [ERROR]: 		Error while extracting halsted code metrics: invalid syntax (<unknown>, line 4)
Traceback (most recent call last):
  File "/root/trabalho_super/QuestionInsight/Etapa_1/codebench-mining-tool/util.py", line 569, in extract_halstead_metrics
    h = h_visit(code)
        ^^^^^^^^^^^^^
  File "/root/trabalho_super/venv_jupyter/lib/python3.12/site-packages/radon/metrics.py", line 29, in h_visit
    return h_visit_ast(ast.parse(code))
                       ^^^^^^^^^^^^^^^
  File "/usr/lib/python3.12/ast.py", line 52, in parse
    return compile(source, filename, mode, flags,
           ^^^^^^^^^^^^^^^^^^^^^^^^^^^^^^^^^^^^^^
  File "<unknown>", line 4
    	cal= 
    	     ^
SyntaxError: invalid syntax
2025-07-17 23:29:12,180 cblogger [ERROR]: 		Error while extracting code complexity metrics: '(' was never closed (<unknown>, line 4)
Traceback (most recent call last):
  File "/root/trabalho_super/QuestionInsight/Etapa_1/codebench-mining-tool/util.py", line 551, in extract_complexity_metrics
    v = ComplexityVisitor.from_code(code)
        ^^^^^^^^^^^^^^^^^^^^^^^^^^^^^^^^^
  File "/root/trabalho_super/venv_jupyter/lib/python3.12/site-packages/radon/visitors.py", line 133, in from_code
    return cls.from_ast(code2ast(code), **kwargs)
                        ^^^^^^^^^^^^^^
  File "/root/trabalho_super/venv_jupyter/lib/python3.12/site-packages/radon/visitors.py", line 48, in code2ast
    return ast.parse(source)
           ^^^^^^^^^^^^^^^^^
  File "/usr/lib/python3.12/ast.py", line 52, in parse
    return compile(source, filename, mode, flags,
           ^^^^^^^^^^^^^^^^^^^^^^^^^^^^^^^^^^^^^^
  File "<unknown>", line 4
    while(
         ^
SyntaxError: '(' was never closed
2025-07-17 23:29:12,182 cblogger [ERROR]: 		Error while extracting code size based metrics: SyntaxError at line: 4
Traceback (most recent call last):
  File "/root/trabalho_super/venv_jupyter/lib/python3.12/site-packages/radon/raw.py", line 210, in analyze
    tokens, parsed_lines = _get_all_tokens(line, lines)
                           ^^^^^^^^^^^^^^^^^^^^^^^^^^^^
  File "/root/trabalho_super/venv_jupyter/lib/python3.12/site-packages/radon/raw.py", line 117, in _get_all_tokens
    next_line = next(lines)
                ^^^^^^^^^^^
StopIteration

During handling of the above exception, another exception occurred:

Traceback (most recent call last):
  File "/root/trabalho_super/QuestionInsight/Etapa_1/codebench-mining-tool/util.py", line 560, in extract_size_metrics
    a = analyze(code)
        ^^^^^^^^^^^^^
  File "/root/trabalho_super/venv_jupyter/lib/python3.12/site-packages/radon/raw.py", line 212, in analyze
    raise SyntaxError('SyntaxError at line: {0}'.format(lineno))
SyntaxError: SyntaxError at line: 4
2025-07-17 23:29:12,183 cblogger [ERROR]: 		Error while extracting halsted code metrics: '(' was never closed (<unknown>, line 4)
Traceback (most recent call last):
  File "/root/trabalho_super/QuestionInsight/Etapa_1/codebench-mining-tool/util.py", line 569, in extract_halstead_metrics
    h = h_visit(code)
        ^^^^^^^^^^^^^
  File "/root/trabalho_super/venv_jupyter/lib/python3.12/site-packages/radon/metrics.py", line 29, in h_visit
    return h_visit_ast(ast.parse(code))
                       ^^^^^^^^^^^^^^^
  File "/usr/lib/python3.12/ast.py", line 52, in parse
    return compile(source, filename, mode, flags,
           ^^^^^^^^^^^^^^^^^^^^^^^^^^^^^^^^^^^^^^
  File "<unknown>", line 4
    while(
         ^
SyntaxError: '(' was never closed
2025-07-17 23:29:12,280 cblogger [ERROR]: 		Error while extracting code complexity metrics: unexpected indent (<unknown>, line 1)
Traceback (most recent call last):
  File "/root/trabalho_super/QuestionInsight/Etapa_1/codebench-mining-tool/util.py", line 551, in extract_complexity_metrics
    v = ComplexityVisitor.from_code(code)
        ^^^^^^^^^^^^^^^^^^^^^^^^^^^^^^^^^
  File "/root/trabalho_super/venv_jupyter/lib/python3.12/site-packages/radon/visitors.py", line 133, in from_code
    return cls.from_ast(code2ast(code), **kwargs)
                        ^^^^^^^^^^^^^^
  File "/root/trabalho_super/venv_jupyter/lib/python3.12/site-packages/radon/visitors.py", line 48, in code2ast
    return ast.parse(source)
           ^^^^^^^^^^^^^^^^^
  File "/usr/lib/python3.12/ast.py", line 52, in parse
    return compile(source, filename, mode, flags,
           ^^^^^^^^^^^^^^^^^^^^^^^^^^^^^^^^^^^^^^
  File "<unknown>", line 1
    altura_macaco = 1.75
IndentationError: unexpected indent
2025-07-17 23:29:12,281 cblogger [ERROR]: 		Error while extracting halsted code metrics: unexpected indent (<unknown>, line 1)
Traceback (most recent call last):
  File "/root/trabalho_super/QuestionInsight/Etapa_1/codebench-mining-tool/util.py", line 569, in extract_halstead_metrics
    h = h_visit(code)
        ^^^^^^^^^^^^^
  File "/root/trabalho_super/venv_jupyter/lib/python3.12/site-packages/radon/metrics.py", line 29, in h_visit
    return h_visit_ast(ast.parse(code))
                       ^^^^^^^^^^^^^^^
  File "/usr/lib/python3.12/ast.py", line 52, in parse
    return compile(source, filename, mode, flags,
           ^^^^^^^^^^^^^^^^^^^^^^^^^^^^^^^^^^^^^^
  File "<unknown>", line 1
    altura_macaco = 1.75
IndentationError: unexpected indent
2025-07-17 23:29:12,362 cblogger [ERROR]: 		Error while extracting code complexity metrics: inconsistent use of tabs and spaces in indentation (<unknown>, line 19)
Traceback (most recent call last):
  File "/root/trabalho_super/QuestionInsight/Etapa_1/codebench-mining-tool/util.py", line 551, in extract_complexity_metrics
    v = ComplexityVisitor.from_code(code)
        ^^^^^^^^^^^^^^^^^^^^^^^^^^^^^^^^^
  File "/root/trabalho_super/venv_jupyter/lib/python3.12/site-packages/radon/visitors.py", line 133, in from_code
    return cls.from_ast(code2ast(code), **kwargs)
                        ^^^^^^^^^^^^^^
  File "/root/trabalho_super/venv_jupyter/lib/python3.12/site-packages/radon/visitors.py", line 48, in code2ast
    return ast.parse(source)
           ^^^^^^^^^^^^^^^^^
  File "/usr/lib/python3.12/ast.py", line 52, in parse
    return compile(source, filename, mode, flags,
           ^^^^^^^^^^^^^^^^^^^^^^^^^^^^^^^^^^^^^^
  File "<unknown>", line 19
    	vet = array(eval(input("Proximo vetor: ")))
TabError: inconsistent use of tabs and spaces in indentation
2025-07-17 23:29:12,363 cblogger [ERROR]: 		Error while extracting halsted code metrics: inconsistent use of tabs and spaces in indentation (<unknown>, line 19)
Traceback (most recent call last):
  File "/root/trabalho_super/QuestionInsight/Etapa_1/codebench-mining-tool/util.py", line 569, in extract_halstead_metrics
    h = h_visit(code)
        ^^^^^^^^^^^^^
  File "/root/trabalho_super/venv_jupyter/lib/python3.12/site-packages/radon/metrics.py", line 29, in h_visit
    return h_visit_ast(ast.parse(code))
                       ^^^^^^^^^^^^^^^
  File "/usr/lib/python3.12/ast.py", line 52, in parse
    return compile(source, filename, mode, flags,
           ^^^^^^^^^^^^^^^^^^^^^^^^^^^^^^^^^^^^^^
  File "<unknown>", line 19
    	vet = array(eval(input("Proximo vetor: ")))
TabError: inconsistent use of tabs and spaces in indentation
2025-07-17 23:29:12,717 cblogger [ERROR]: 		Error while extracting code complexity metrics: expected an indented block after 'if' statement on line 5 (<unknown>, line 6)
Traceback (most recent call last):
  File "/root/trabalho_super/QuestionInsight/Etapa_1/codebench-mining-tool/util.py", line 551, in extract_complexity_metrics
    v = ComplexityVisitor.from_code(code)
        ^^^^^^^^^^^^^^^^^^^^^^^^^^^^^^^^^
  File "/root/trabalho_super/venv_jupyter/lib/python3.12/site-packages/radon/visitors.py", line 133, in from_code
    return cls.from_ast(code2ast(code), **kwargs)
                        ^^^^^^^^^^^^^^
  File "/root/trabalho_super/venv_jupyter/lib/python3.12/site-packages/radon/visitors.py", line 48, in code2ast
    return ast.parse(source)
           ^^^^^^^^^^^^^^^^^
  File "/usr/lib/python3.12/ast.py", line 52, in parse
    return compile(source, filename, mode, flags,
           ^^^^^^^^^^^^^^^^^^^^^^^^^^^^^^^^^^^^^^
  File "<unknown>", line 6
    print(soma)
IndentationError: expected an indented block after 'if' statement on line 5
2025-07-17 23:29:12,717 cblogger [ERROR]: 		Error while extracting halsted code metrics: expected an indented block after 'if' statement on line 5 (<unknown>, line 6)
Traceback (most recent call last):
  File "/root/trabalho_super/QuestionInsight/Etapa_1/codebench-mining-tool/util.py", line 569, in extract_halstead_metrics
    h = h_visit(code)
        ^^^^^^^^^^^^^
  File "/root/trabalho_super/venv_jupyter/lib/python3.12/site-packages/radon/metrics.py", line 29, in h_visit
    return h_visit_ast(ast.parse(code))
                       ^^^^^^^^^^^^^^^
  File "/usr/lib/python3.12/ast.py", line 52, in parse
    return compile(source, filename, mode, flags,
           ^^^^^^^^^^^^^^^^^^^^^^^^^^^^^^^^^^^^^^
  File "<unknown>", line 6
    print(soma)
IndentationError: expected an indented block after 'if' statement on line 5
2025-07-17 23:29:13,468 cblogger [ERROR]: 		Error while extracting code complexity metrics: expected an indented block after 'if' statement on line 10 (<unknown>, line 11)
Traceback (most recent call last):
  File "/root/trabalho_super/QuestionInsight/Etapa_1/codebench-mining-tool/util.py", line 551, in extract_complexity_metrics
    v = ComplexityVisitor.from_code(code)
        ^^^^^^^^^^^^^^^^^^^^^^^^^^^^^^^^^
  File "/root/trabalho_super/venv_jupyter/lib/python3.12/site-packages/radon/visitors.py", line 133, in from_code
    return cls.from_ast(code2ast(code), **kwargs)
                        ^^^^^^^^^^^^^^
  File "/root/trabalho_super/venv_jupyter/lib/python3.12/site-packages/radon/visitors.py", line 48, in code2ast
    return ast.parse(source)
           ^^^^^^^^^^^^^^^^^
  File "/usr/lib/python3.12/ast.py", line 52, in parse
    return compile(source, filename, mode, flags,
           ^^^^^^^^^^^^^^^^^^^^^^^^^^^^^^^^^^^^^^
  File "<unknown>", line 11
    	if vet[i] == "FEIJOADA":
    	^^
IndentationError: expected an indented block after 'if' statement on line 10
2025-07-17 23:29:13,469 cblogger [ERROR]: 		Error while extracting halsted code metrics: expected an indented block after 'if' statement on line 10 (<unknown>, line 11)
Traceback (most recent call last):
  File "/root/trabalho_super/QuestionInsight/Etapa_1/codebench-mining-tool/util.py", line 569, in extract_halstead_metrics
    h = h_visit(code)
        ^^^^^^^^^^^^^
  File "/root/trabalho_super/venv_jupyter/lib/python3.12/site-packages/radon/metrics.py", line 29, in h_visit
    return h_visit_ast(ast.parse(code))
                       ^^^^^^^^^^^^^^^
  File "/usr/lib/python3.12/ast.py", line 52, in parse
    return compile(source, filename, mode, flags,
           ^^^^^^^^^^^^^^^^^^^^^^^^^^^^^^^^^^^^^^
  File "<unknown>", line 11
    	if vet[i] == "FEIJOADA":
    	^^
IndentationError: expected an indented block after 'if' statement on line 10
2025-07-17 23:29:13,528 cblogger [ERROR]: 		Error while extracting code complexity metrics: invalid syntax (<unknown>, line 9)
Traceback (most recent call last):
  File "/root/trabalho_super/QuestionInsight/Etapa_1/codebench-mining-tool/util.py", line 551, in extract_complexity_metrics
    v = ComplexityVisitor.from_code(code)
        ^^^^^^^^^^^^^^^^^^^^^^^^^^^^^^^^^
  File "/root/trabalho_super/venv_jupyter/lib/python3.12/site-packages/radon/visitors.py", line 133, in from_code
    return cls.from_ast(code2ast(code), **kwargs)
                        ^^^^^^^^^^^^^^
  File "/root/trabalho_super/venv_jupyter/lib/python3.12/site-packages/radon/visitors.py", line 48, in code2ast
    return ast.parse(source)
           ^^^^^^^^^^^^^^^^^
  File "/usr/lib/python3.12/ast.py", line 52, in parse
    return compile(source, filename, mode, flags,
           ^^^^^^^^^^^^^^^^^^^^^^^^^^^^^^^^^^^^^^
  File "<unknown>", line 9
    eli(var1 > -1/2 and var1 <= 1/2):
                                    ^
SyntaxError: invalid syntax
2025-07-17 23:29:13,531 cblogger [ERROR]: 		Error while extracting halsted code metrics: invalid syntax (<unknown>, line 9)
Traceback (most recent call last):
  File "/root/trabalho_super/QuestionInsight/Etapa_1/codebench-mining-tool/util.py", line 569, in extract_halstead_metrics
    h = h_visit(code)
        ^^^^^^^^^^^^^
  File "/root/trabalho_super/venv_jupyter/lib/python3.12/site-packages/radon/metrics.py", line 29, in h_visit
    return h_visit_ast(ast.parse(code))
                       ^^^^^^^^^^^^^^^
  File "/usr/lib/python3.12/ast.py", line 52, in parse
    return compile(source, filename, mode, flags,
           ^^^^^^^^^^^^^^^^^^^^^^^^^^^^^^^^^^^^^^
  File "<unknown>", line 9
    eli(var1 > -1/2 and var1 <= 1/2):
                                    ^
SyntaxError: invalid syntax
2025-07-17 23:29:13,695 cblogger [ERROR]: 		Error while extracting code complexity metrics: invalid syntax (<unknown>, line 2)
Traceback (most recent call last):
  File "/root/trabalho_super/QuestionInsight/Etapa_1/codebench-mining-tool/util.py", line 551, in extract_complexity_metrics
    v = ComplexityVisitor.from_code(code)
        ^^^^^^^^^^^^^^^^^^^^^^^^^^^^^^^^^
  File "/root/trabalho_super/venv_jupyter/lib/python3.12/site-packages/radon/visitors.py", line 133, in from_code
    return cls.from_ast(code2ast(code), **kwargs)
                        ^^^^^^^^^^^^^^
  File "/root/trabalho_super/venv_jupyter/lib/python3.12/site-packages/radon/visitors.py", line 48, in code2ast
    return ast.parse(source)
           ^^^^^^^^^^^^^^^^^
  File "/usr/lib/python3.12/ast.py", line 52, in parse
    return compile(source, filename, mode, flags,
           ^^^^^^^^^^^^^^^^^^^^^^^^^^^^^^^^^^^^^^
  File "<unknown>", line 2
    print(round(var,2)/)
                       ^
SyntaxError: invalid syntax
2025-07-17 23:29:13,696 cblogger [ERROR]: 		Error while extracting halsted code metrics: invalid syntax (<unknown>, line 2)
Traceback (most recent call last):
  File "/root/trabalho_super/QuestionInsight/Etapa_1/codebench-mining-tool/util.py", line 569, in extract_halstead_metrics
    h = h_visit(code)
        ^^^^^^^^^^^^^
  File "/root/trabalho_super/venv_jupyter/lib/python3.12/site-packages/radon/metrics.py", line 29, in h_visit
    return h_visit_ast(ast.parse(code))
                       ^^^^^^^^^^^^^^^
  File "/usr/lib/python3.12/ast.py", line 52, in parse
    return compile(source, filename, mode, flags,
           ^^^^^^^^^^^^^^^^^^^^^^^^^^^^^^^^^^^^^^
  File "<unknown>", line 2
    print(round(var,2)/)
                       ^
SyntaxError: invalid syntax
2025-07-17 23:29:13,705 cblogger [ERROR]: 		Error while extracting code complexity metrics: invalid syntax (<unknown>, line 3)
Traceback (most recent call last):
  File "/root/trabalho_super/QuestionInsight/Etapa_1/codebench-mining-tool/util.py", line 551, in extract_complexity_metrics
    v = ComplexityVisitor.from_code(code)
        ^^^^^^^^^^^^^^^^^^^^^^^^^^^^^^^^^
  File "/root/trabalho_super/venv_jupyter/lib/python3.12/site-packages/radon/visitors.py", line 133, in from_code
    return cls.from_ast(code2ast(code), **kwargs)
                        ^^^^^^^^^^^^^^
  File "/root/trabalho_super/venv_jupyter/lib/python3.12/site-packages/radon/visitors.py", line 48, in code2ast
    return ast.parse(source)
           ^^^^^^^^^^^^^^^^^
  File "/usr/lib/python3.12/ast.py", line 52, in parse
    return compile(source, filename, mode, flags,
           ^^^^^^^^^^^^^^^^^^^^^^^^^^^^^^^^^^^^^^
  File "<unknown>", line 3
    if 
       ^
SyntaxError: invalid syntax
2025-07-17 23:29:13,706 cblogger [ERROR]: 		Error while extracting halsted code metrics: invalid syntax (<unknown>, line 3)
Traceback (most recent call last):
  File "/root/trabalho_super/QuestionInsight/Etapa_1/codebench-mining-tool/util.py", line 569, in extract_halstead_metrics
    h = h_visit(code)
        ^^^^^^^^^^^^^
  File "/root/trabalho_super/venv_jupyter/lib/python3.12/site-packages/radon/metrics.py", line 29, in h_visit
    return h_visit_ast(ast.parse(code))
                       ^^^^^^^^^^^^^^^
  File "/usr/lib/python3.12/ast.py", line 52, in parse
    return compile(source, filename, mode, flags,
           ^^^^^^^^^^^^^^^^^^^^^^^^^^^^^^^^^^^^^^
  File "<unknown>", line 3
    if 
       ^
SyntaxError: invalid syntax
2025-07-17 23:29:13,708 cblogger [ERROR]: 		Error while extracting code complexity metrics: invalid syntax (<unknown>, line 3)
Traceback (most recent call last):
  File "/root/trabalho_super/QuestionInsight/Etapa_1/codebench-mining-tool/util.py", line 551, in extract_complexity_metrics
    v = ComplexityVisitor.from_code(code)
        ^^^^^^^^^^^^^^^^^^^^^^^^^^^^^^^^^
  File "/root/trabalho_super/venv_jupyter/lib/python3.12/site-packages/radon/visitors.py", line 133, in from_code
    return cls.from_ast(code2ast(code), **kwargs)
                        ^^^^^^^^^^^^^^
  File "/root/trabalho_super/venv_jupyter/lib/python3.12/site-packages/radon/visitors.py", line 48, in code2ast
    return ast.parse(source)
           ^^^^^^^^^^^^^^^^^
  File "/usr/lib/python3.12/ast.py", line 52, in parse
    return compile(source, filename, mode, flags,
           ^^^^^^^^^^^^^^^^^^^^^^^^^^^^^^^^^^^^^^
  File "<unknown>", line 3
    total = x <=> y
                ^
SyntaxError: invalid syntax
2025-07-17 23:29:13,708 cblogger [ERROR]: 		Error while extracting halsted code metrics: invalid syntax (<unknown>, line 3)
Traceback (most recent call last):
  File "/root/trabalho_super/QuestionInsight/Etapa_1/codebench-mining-tool/util.py", line 569, in extract_halstead_metrics
    h = h_visit(code)
        ^^^^^^^^^^^^^
  File "/root/trabalho_super/venv_jupyter/lib/python3.12/site-packages/radon/metrics.py", line 29, in h_visit
    return h_visit_ast(ast.parse(code))
                       ^^^^^^^^^^^^^^^
  File "/usr/lib/python3.12/ast.py", line 52, in parse
    return compile(source, filename, mode, flags,
           ^^^^^^^^^^^^^^^^^^^^^^^^^^^^^^^^^^^^^^
  File "<unknown>", line 3
    total = x <=> y
                ^
SyntaxError: invalid syntax
2025-07-17 23:29:13,735 cblogger [ERROR]: 		Error while extracting code complexity metrics: invalid syntax (<unknown>, line 2)
Traceback (most recent call last):
  File "/root/trabalho_super/QuestionInsight/Etapa_1/codebench-mining-tool/util.py", line 551, in extract_complexity_metrics
    v = ComplexityVisitor.from_code(code)
        ^^^^^^^^^^^^^^^^^^^^^^^^^^^^^^^^^
  File "/root/trabalho_super/venv_jupyter/lib/python3.12/site-packages/radon/visitors.py", line 133, in from_code
    return cls.from_ast(code2ast(code), **kwargs)
                        ^^^^^^^^^^^^^^
  File "/root/trabalho_super/venv_jupyter/lib/python3.12/site-packages/radon/visitors.py", line 48, in code2ast
    return ast.parse(source)
           ^^^^^^^^^^^^^^^^^
  File "/usr/lib/python3.12/ast.py", line 52, in parse
    return compile(source, filename, mode, flags,
           ^^^^^^^^^^^^^^^^^^^^^^^^^^^^^^^^^^^^^^
  File "<unknown>", line 2
    Q1 = 
         ^
SyntaxError: invalid syntax
2025-07-17 23:29:13,736 cblogger [ERROR]: 		Error while extracting halsted code metrics: invalid syntax (<unknown>, line 2)
Traceback (most recent call last):
  File "/root/trabalho_super/QuestionInsight/Etapa_1/codebench-mining-tool/util.py", line 569, in extract_halstead_metrics
    h = h_visit(code)
        ^^^^^^^^^^^^^
  File "/root/trabalho_super/venv_jupyter/lib/python3.12/site-packages/radon/metrics.py", line 29, in h_visit
    return h_visit_ast(ast.parse(code))
                       ^^^^^^^^^^^^^^^
  File "/usr/lib/python3.12/ast.py", line 52, in parse
    return compile(source, filename, mode, flags,
           ^^^^^^^^^^^^^^^^^^^^^^^^^^^^^^^^^^^^^^
  File "<unknown>", line 2
    Q1 = 
         ^
SyntaxError: invalid syntax
2025-07-17 23:29:13,743 cblogger [ERROR]: 		Error while extracting code complexity metrics: expected ':' (<unknown>, line 4)
Traceback (most recent call last):
  File "/root/trabalho_super/QuestionInsight/Etapa_1/codebench-mining-tool/util.py", line 551, in extract_complexity_metrics
    v = ComplexityVisitor.from_code(code)
        ^^^^^^^^^^^^^^^^^^^^^^^^^^^^^^^^^
  File "/root/trabalho_super/venv_jupyter/lib/python3.12/site-packages/radon/visitors.py", line 133, in from_code
    return cls.from_ast(code2ast(code), **kwargs)
                        ^^^^^^^^^^^^^^
  File "/root/trabalho_super/venv_jupyter/lib/python3.12/site-packages/radon/visitors.py", line 48, in code2ast
    return ast.parse(source)
           ^^^^^^^^^^^^^^^^^
  File "/usr/lib/python3.12/ast.py", line 52, in parse
    return compile(source, filename, mode, flags,
           ^^^^^^^^^^^^^^^^^^^^^^^^^^^^^^^^^^^^^^
  File "<unknown>", line 4
    if()
        ^
SyntaxError: expected ':'
2025-07-17 23:29:13,744 cblogger [ERROR]: 		Error while extracting halsted code metrics: expected ':' (<unknown>, line 4)
Traceback (most recent call last):
  File "/root/trabalho_super/QuestionInsight/Etapa_1/codebench-mining-tool/util.py", line 569, in extract_halstead_metrics
    h = h_visit(code)
        ^^^^^^^^^^^^^
  File "/root/trabalho_super/venv_jupyter/lib/python3.12/site-packages/radon/metrics.py", line 29, in h_visit
    return h_visit_ast(ast.parse(code))
                       ^^^^^^^^^^^^^^^
  File "/usr/lib/python3.12/ast.py", line 52, in parse
    return compile(source, filename, mode, flags,
           ^^^^^^^^^^^^^^^^^^^^^^^^^^^^^^^^^^^^^^
  File "<unknown>", line 4
    if()
        ^
SyntaxError: expected ':'
2025-07-17 23:29:13,886 cblogger [ERROR]: 		Error while extracting code complexity metrics: invalid syntax (<unknown>, line 4)
Traceback (most recent call last):
  File "/root/trabalho_super/QuestionInsight/Etapa_1/codebench-mining-tool/util.py", line 551, in extract_complexity_metrics
    v = ComplexityVisitor.from_code(code)
        ^^^^^^^^^^^^^^^^^^^^^^^^^^^^^^^^^
  File "/root/trabalho_super/venv_jupyter/lib/python3.12/site-packages/radon/visitors.py", line 133, in from_code
    return cls.from_ast(code2ast(code), **kwargs)
                        ^^^^^^^^^^^^^^
  File "/root/trabalho_super/venv_jupyter/lib/python3.12/site-packages/radon/visitors.py", line 48, in code2ast
    return ast.parse(source)
           ^^^^^^^^^^^^^^^^^
  File "/usr/lib/python3.12/ast.py", line 52, in parse
    return compile(source, filename, mode, flags,
           ^^^^^^^^^^^^^^^^^^^^^^^^^^^^^^^^^^^^^^
  File "<unknown>", line 4
    math import *
         ^^^^^^
SyntaxError: invalid syntax
2025-07-17 23:29:13,887 cblogger [ERROR]: 		Error while extracting halsted code metrics: invalid syntax (<unknown>, line 4)
Traceback (most recent call last):
  File "/root/trabalho_super/QuestionInsight/Etapa_1/codebench-mining-tool/util.py", line 569, in extract_halstead_metrics
    h = h_visit(code)
        ^^^^^^^^^^^^^
  File "/root/trabalho_super/venv_jupyter/lib/python3.12/site-packages/radon/metrics.py", line 29, in h_visit
    return h_visit_ast(ast.parse(code))
                       ^^^^^^^^^^^^^^^
  File "/usr/lib/python3.12/ast.py", line 52, in parse
    return compile(source, filename, mode, flags,
           ^^^^^^^^^^^^^^^^^^^^^^^^^^^^^^^^^^^^^^
  File "<unknown>", line 4
    math import *
         ^^^^^^
SyntaxError: invalid syntax
2025-07-17 23:29:13,984 cblogger [ERROR]: 		Error while extracting code complexity metrics: expected an indented block after 'for' statement on line 11 (<unknown>, line 13)
Traceback (most recent call last):
  File "/root/trabalho_super/QuestionInsight/Etapa_1/codebench-mining-tool/util.py", line 551, in extract_complexity_metrics
    v = ComplexityVisitor.from_code(code)
        ^^^^^^^^^^^^^^^^^^^^^^^^^^^^^^^^^
  File "/root/trabalho_super/venv_jupyter/lib/python3.12/site-packages/radon/visitors.py", line 133, in from_code
    return cls.from_ast(code2ast(code), **kwargs)
                        ^^^^^^^^^^^^^^
  File "/root/trabalho_super/venv_jupyter/lib/python3.12/site-packages/radon/visitors.py", line 48, in code2ast
    return ast.parse(source)
           ^^^^^^^^^^^^^^^^^
  File "/usr/lib/python3.12/ast.py", line 52, in parse
    return compile(source, filename, mode, flags,
           ^^^^^^^^^^^^^^^^^^^^^^^^^^^^^^^^^^^^^^
  File "<unknown>", line 13
    	
    	^
IndentationError: expected an indented block after 'for' statement on line 11
2025-07-17 23:29:13,985 cblogger [ERROR]: 		Error while extracting halsted code metrics: expected an indented block after 'for' statement on line 11 (<unknown>, line 13)
Traceback (most recent call last):
  File "/root/trabalho_super/QuestionInsight/Etapa_1/codebench-mining-tool/util.py", line 569, in extract_halstead_metrics
    h = h_visit(code)
        ^^^^^^^^^^^^^
  File "/root/trabalho_super/venv_jupyter/lib/python3.12/site-packages/radon/metrics.py", line 29, in h_visit
    return h_visit_ast(ast.parse(code))
                       ^^^^^^^^^^^^^^^
  File "/usr/lib/python3.12/ast.py", line 52, in parse
    return compile(source, filename, mode, flags,
           ^^^^^^^^^^^^^^^^^^^^^^^^^^^^^^^^^^^^^^
  File "<unknown>", line 13
    	
    	^
IndentationError: expected an indented block after 'for' statement on line 11
2025-07-17 23:29:13,996 cblogger [ERROR]: 		Error while extracting code complexity metrics: invalid syntax (<unknown>, line 4)
Traceback (most recent call last):
  File "/root/trabalho_super/QuestionInsight/Etapa_1/codebench-mining-tool/util.py", line 551, in extract_complexity_metrics
    v = ComplexityVisitor.from_code(code)
        ^^^^^^^^^^^^^^^^^^^^^^^^^^^^^^^^^
  File "/root/trabalho_super/venv_jupyter/lib/python3.12/site-packages/radon/visitors.py", line 133, in from_code
    return cls.from_ast(code2ast(code), **kwargs)
                        ^^^^^^^^^^^^^^
  File "/root/trabalho_super/venv_jupyter/lib/python3.12/site-packages/radon/visitors.py", line 48, in code2ast
    return ast.parse(source)
           ^^^^^^^^^^^^^^^^^
  File "/usr/lib/python3.12/ast.py", line 52, in parse
    return compile(source, filename, mode, flags,
           ^^^^^^^^^^^^^^^^^^^^^^^^^^^^^^^^^^^^^^
  File "<unknown>", line 4
    t = 
        ^
SyntaxError: invalid syntax
2025-07-17 23:29:13,999 cblogger [ERROR]: 		Error while extracting halsted code metrics: invalid syntax (<unknown>, line 4)
Traceback (most recent call last):
  File "/root/trabalho_super/QuestionInsight/Etapa_1/codebench-mining-tool/util.py", line 569, in extract_halstead_metrics
    h = h_visit(code)
        ^^^^^^^^^^^^^
  File "/root/trabalho_super/venv_jupyter/lib/python3.12/site-packages/radon/metrics.py", line 29, in h_visit
    return h_visit_ast(ast.parse(code))
                       ^^^^^^^^^^^^^^^
  File "/usr/lib/python3.12/ast.py", line 52, in parse
    return compile(source, filename, mode, flags,
           ^^^^^^^^^^^^^^^^^^^^^^^^^^^^^^^^^^^^^^
  File "<unknown>", line 4
    t = 
        ^
SyntaxError: invalid syntax
2025-07-17 23:29:14,036 cblogger [ERROR]: 		Error while extracting code complexity metrics: '(' was never closed (<unknown>, line 9)
Traceback (most recent call last):
  File "/root/trabalho_super/QuestionInsight/Etapa_1/codebench-mining-tool/util.py", line 551, in extract_complexity_metrics
    v = ComplexityVisitor.from_code(code)
        ^^^^^^^^^^^^^^^^^^^^^^^^^^^^^^^^^
  File "/root/trabalho_super/venv_jupyter/lib/python3.12/site-packages/radon/visitors.py", line 133, in from_code
    return cls.from_ast(code2ast(code), **kwargs)
                        ^^^^^^^^^^^^^^
  File "/root/trabalho_super/venv_jupyter/lib/python3.12/site-packages/radon/visitors.py", line 48, in code2ast
    return ast.parse(source)
           ^^^^^^^^^^^^^^^^^
  File "/usr/lib/python3.12/ast.py", line 52, in parse
    return compile(source, filename, mode, flags,
           ^^^^^^^^^^^^^^^^^^^^^^^^^^^^^^^^^^^^^^
  File "<unknown>", line 9
    	print("R$",(round(g,2))
    	     ^
SyntaxError: '(' was never closed
2025-07-17 23:29:14,043 cblogger [ERROR]: 		Error while extracting code size based metrics: SyntaxError at line: 9
Traceback (most recent call last):
  File "/root/trabalho_super/venv_jupyter/lib/python3.12/site-packages/radon/raw.py", line 210, in analyze
    tokens, parsed_lines = _get_all_tokens(line, lines)
                           ^^^^^^^^^^^^^^^^^^^^^^^^^^^^
  File "/root/trabalho_super/venv_jupyter/lib/python3.12/site-packages/radon/raw.py", line 117, in _get_all_tokens
    next_line = next(lines)
                ^^^^^^^^^^^
StopIteration

During handling of the above exception, another exception occurred:

Traceback (most recent call last):
  File "/root/trabalho_super/QuestionInsight/Etapa_1/codebench-mining-tool/util.py", line 560, in extract_size_metrics
    a = analyze(code)
        ^^^^^^^^^^^^^
  File "/root/trabalho_super/venv_jupyter/lib/python3.12/site-packages/radon/raw.py", line 212, in analyze
    raise SyntaxError('SyntaxError at line: {0}'.format(lineno))
SyntaxError: SyntaxError at line: 9
2025-07-17 23:29:14,043 cblogger [ERROR]: 		Error while extracting halsted code metrics: '(' was never closed (<unknown>, line 9)
Traceback (most recent call last):
  File "/root/trabalho_super/QuestionInsight/Etapa_1/codebench-mining-tool/util.py", line 569, in extract_halstead_metrics
    h = h_visit(code)
        ^^^^^^^^^^^^^
  File "/root/trabalho_super/venv_jupyter/lib/python3.12/site-packages/radon/metrics.py", line 29, in h_visit
    return h_visit_ast(ast.parse(code))
                       ^^^^^^^^^^^^^^^
  File "/usr/lib/python3.12/ast.py", line 52, in parse
    return compile(source, filename, mode, flags,
           ^^^^^^^^^^^^^^^^^^^^^^^^^^^^^^^^^^^^^^
  File "<unknown>", line 9
    	print("R$",(round(g,2))
    	     ^
SyntaxError: '(' was never closed
2025-07-17 23:29:14,183 cblogger [ERROR]: 		Error while extracting code complexity metrics: invalid syntax (<unknown>, line 7)
Traceback (most recent call last):
  File "/root/trabalho_super/QuestionInsight/Etapa_1/codebench-mining-tool/util.py", line 551, in extract_complexity_metrics
    v = ComplexityVisitor.from_code(code)
        ^^^^^^^^^^^^^^^^^^^^^^^^^^^^^^^^^
  File "/root/trabalho_super/venv_jupyter/lib/python3.12/site-packages/radon/visitors.py", line 133, in from_code
    return cls.from_ast(code2ast(code), **kwargs)
                        ^^^^^^^^^^^^^^
  File "/root/trabalho_super/venv_jupyter/lib/python3.12/site-packages/radon/visitors.py", line 48, in code2ast
    return ast.parse(source)
           ^^^^^^^^^^^^^^^^^
  File "/usr/lib/python3.12/ast.py", line 52, in parse
    return compile(source, filename, mode, flags,
           ^^^^^^^^^^^^^^^^^^^^^^^^^^^^^^^^^^^^^^
  File "<unknown>", line 7
    while 
          ^
SyntaxError: invalid syntax
2025-07-17 23:29:14,183 cblogger [ERROR]: 		Error while extracting halsted code metrics: invalid syntax (<unknown>, line 7)
Traceback (most recent call last):
  File "/root/trabalho_super/QuestionInsight/Etapa_1/codebench-mining-tool/util.py", line 569, in extract_halstead_metrics
    h = h_visit(code)
        ^^^^^^^^^^^^^
  File "/root/trabalho_super/venv_jupyter/lib/python3.12/site-packages/radon/metrics.py", line 29, in h_visit
    return h_visit_ast(ast.parse(code))
                       ^^^^^^^^^^^^^^^
  File "/usr/lib/python3.12/ast.py", line 52, in parse
    return compile(source, filename, mode, flags,
           ^^^^^^^^^^^^^^^^^^^^^^^^^^^^^^^^^^^^^^
  File "<unknown>", line 7
    while 
          ^
SyntaxError: invalid syntax
2025-07-17 23:29:14,186 cblogger [ERROR]: 		Error while extracting code complexity metrics: inconsistent use of tabs and spaces in indentation (<unknown>, line 20)
Traceback (most recent call last):
  File "/root/trabalho_super/QuestionInsight/Etapa_1/codebench-mining-tool/util.py", line 551, in extract_complexity_metrics
    v = ComplexityVisitor.from_code(code)
        ^^^^^^^^^^^^^^^^^^^^^^^^^^^^^^^^^
  File "/root/trabalho_super/venv_jupyter/lib/python3.12/site-packages/radon/visitors.py", line 133, in from_code
    return cls.from_ast(code2ast(code), **kwargs)
                        ^^^^^^^^^^^^^^
  File "/root/trabalho_super/venv_jupyter/lib/python3.12/site-packages/radon/visitors.py", line 48, in code2ast
    return ast.parse(source)
           ^^^^^^^^^^^^^^^^^
  File "/usr/lib/python3.12/ast.py", line 52, in parse
    return compile(source, filename, mode, flags,
           ^^^^^^^^^^^^^^^^^^^^^^^^^^^^^^^^^^^^^^
  File "<unknown>", line 20
    		print(qtd_total)
    ^
TabError: inconsistent use of tabs and spaces in indentation
2025-07-17 23:29:14,188 cblogger [ERROR]: 		Error while extracting halsted code metrics: inconsistent use of tabs and spaces in indentation (<unknown>, line 20)
Traceback (most recent call last):
  File "/root/trabalho_super/QuestionInsight/Etapa_1/codebench-mining-tool/util.py", line 569, in extract_halstead_metrics
    h = h_visit(code)
        ^^^^^^^^^^^^^
  File "/root/trabalho_super/venv_jupyter/lib/python3.12/site-packages/radon/metrics.py", line 29, in h_visit
    return h_visit_ast(ast.parse(code))
                       ^^^^^^^^^^^^^^^
  File "/usr/lib/python3.12/ast.py", line 52, in parse
    return compile(source, filename, mode, flags,
           ^^^^^^^^^^^^^^^^^^^^^^^^^^^^^^^^^^^^^^
  File "<unknown>", line 20
    		print(qtd_total)
    ^
TabError: inconsistent use of tabs and spaces in indentation
2025-07-17 23:29:14,204 cblogger [ERROR]: 		Error while extracting code complexity metrics: expected an indented block after 'if' statement on line 5 (<unknown>, line 7)
Traceback (most recent call last):
  File "/root/trabalho_super/QuestionInsight/Etapa_1/codebench-mining-tool/util.py", line 551, in extract_complexity_metrics
    v = ComplexityVisitor.from_code(code)
        ^^^^^^^^^^^^^^^^^^^^^^^^^^^^^^^^^
  File "/root/trabalho_super/venv_jupyter/lib/python3.12/site-packages/radon/visitors.py", line 133, in from_code
    return cls.from_ast(code2ast(code), **kwargs)
                        ^^^^^^^^^^^^^^
  File "/root/trabalho_super/venv_jupyter/lib/python3.12/site-packages/radon/visitors.py", line 48, in code2ast
    return ast.parse(source)
           ^^^^^^^^^^^^^^^^^
  File "/usr/lib/python3.12/ast.py", line 52, in parse
    return compile(source, filename, mode, flags,
           ^^^^^^^^^^^^^^^^^^^^^^^^^^^^^^^^^^^^^^
  File "<unknown>", line 7
    elif (var>(var+var1+var2)/2):
    ^^^^
IndentationError: expected an indented block after 'if' statement on line 5
2025-07-17 23:29:14,204 cblogger [ERROR]: 		Error while extracting halsted code metrics: expected an indented block after 'if' statement on line 5 (<unknown>, line 7)
Traceback (most recent call last):
  File "/root/trabalho_super/QuestionInsight/Etapa_1/codebench-mining-tool/util.py", line 569, in extract_halstead_metrics
    h = h_visit(code)
        ^^^^^^^^^^^^^
  File "/root/trabalho_super/venv_jupyter/lib/python3.12/site-packages/radon/metrics.py", line 29, in h_visit
    return h_visit_ast(ast.parse(code))
                       ^^^^^^^^^^^^^^^
  File "/usr/lib/python3.12/ast.py", line 52, in parse
    return compile(source, filename, mode, flags,
           ^^^^^^^^^^^^^^^^^^^^^^^^^^^^^^^^^^^^^^
  File "<unknown>", line 7
    elif (var>(var+var1+var2)/2):
    ^^^^
IndentationError: expected an indented block after 'if' statement on line 5
2025-07-17 23:29:14,231 cblogger [ERROR]: 		Error while extracting code complexity metrics: invalid syntax (<unknown>, line 4)
Traceback (most recent call last):
  File "/root/trabalho_super/QuestionInsight/Etapa_1/codebench-mining-tool/util.py", line 551, in extract_complexity_metrics
    v = ComplexityVisitor.from_code(code)
        ^^^^^^^^^^^^^^^^^^^^^^^^^^^^^^^^^
  File "/root/trabalho_super/venv_jupyter/lib/python3.12/site-packages/radon/visitors.py", line 133, in from_code
    return cls.from_ast(code2ast(code), **kwargs)
                        ^^^^^^^^^^^^^^
  File "/root/trabalho_super/venv_jupyter/lib/python3.12/site-packages/radon/visitors.py", line 48, in code2ast
    return ast.parse(source)
           ^^^^^^^^^^^^^^^^^
  File "/usr/lib/python3.12/ast.py", line 52, in parse
    return compile(source, filename, mode, flags,
           ^^^^^^^^^^^^^^^^^^^^^^^^^^^^^^^^^^^^^^
  File "<unknown>", line 4
    while 
          ^
SyntaxError: invalid syntax
2025-07-17 23:29:14,232 cblogger [ERROR]: 		Error while extracting halsted code metrics: invalid syntax (<unknown>, line 4)
Traceback (most recent call last):
  File "/root/trabalho_super/QuestionInsight/Etapa_1/codebench-mining-tool/util.py", line 569, in extract_halstead_metrics
    h = h_visit(code)
        ^^^^^^^^^^^^^
  File "/root/trabalho_super/venv_jupyter/lib/python3.12/site-packages/radon/metrics.py", line 29, in h_visit
    return h_visit_ast(ast.parse(code))
                       ^^^^^^^^^^^^^^^
  File "/usr/lib/python3.12/ast.py", line 52, in parse
    return compile(source, filename, mode, flags,
           ^^^^^^^^^^^^^^^^^^^^^^^^^^^^^^^^^^^^^^
  File "<unknown>", line 4
    while 
          ^
SyntaxError: invalid syntax
2025-07-17 23:29:14,262 cblogger [ERROR]: 		Error while extracting code complexity metrics: expected an indented block after 'for' statement on line 3 (<unknown>, line 4)
Traceback (most recent call last):
  File "/root/trabalho_super/QuestionInsight/Etapa_1/codebench-mining-tool/util.py", line 551, in extract_complexity_metrics
    v = ComplexityVisitor.from_code(code)
        ^^^^^^^^^^^^^^^^^^^^^^^^^^^^^^^^^
  File "/root/trabalho_super/venv_jupyter/lib/python3.12/site-packages/radon/visitors.py", line 133, in from_code
    return cls.from_ast(code2ast(code), **kwargs)
                        ^^^^^^^^^^^^^^
  File "/root/trabalho_super/venv_jupyter/lib/python3.12/site-packages/radon/visitors.py", line 48, in code2ast
    return ast.parse(source)
           ^^^^^^^^^^^^^^^^^
  File "/usr/lib/python3.12/ast.py", line 52, in parse
    return compile(source, filename, mode, flags,
           ^^^^^^^^^^^^^^^^^^^^^^^^^^^^^^^^^^^^^^
  File "<unknown>", line 4
    	
    	^
IndentationError: expected an indented block after 'for' statement on line 3
2025-07-17 23:29:14,263 cblogger [ERROR]: 		Error while extracting halsted code metrics: expected an indented block after 'for' statement on line 3 (<unknown>, line 4)
Traceback (most recent call last):
  File "/root/trabalho_super/QuestionInsight/Etapa_1/codebench-mining-tool/util.py", line 569, in extract_halstead_metrics
    h = h_visit(code)
        ^^^^^^^^^^^^^
  File "/root/trabalho_super/venv_jupyter/lib/python3.12/site-packages/radon/metrics.py", line 29, in h_visit
    return h_visit_ast(ast.parse(code))
                       ^^^^^^^^^^^^^^^
  File "/usr/lib/python3.12/ast.py", line 52, in parse
    return compile(source, filename, mode, flags,
           ^^^^^^^^^^^^^^^^^^^^^^^^^^^^^^^^^^^^^^
  File "<unknown>", line 4
    	
    	^
IndentationError: expected an indented block after 'for' statement on line 3
2025-07-17 23:29:14,287 cblogger [ERROR]: 		Error while extracting code complexity metrics: invalid syntax (<unknown>, line 3)
Traceback (most recent call last):
  File "/root/trabalho_super/QuestionInsight/Etapa_1/codebench-mining-tool/util.py", line 551, in extract_complexity_metrics
    v = ComplexityVisitor.from_code(code)
        ^^^^^^^^^^^^^^^^^^^^^^^^^^^^^^^^^
  File "/root/trabalho_super/venv_jupyter/lib/python3.12/site-packages/radon/visitors.py", line 133, in from_code
    return cls.from_ast(code2ast(code), **kwargs)
                        ^^^^^^^^^^^^^^
  File "/root/trabalho_super/venv_jupyter/lib/python3.12/site-packages/radon/visitors.py", line 48, in code2ast
    return ast.parse(source)
           ^^^^^^^^^^^^^^^^^
  File "/usr/lib/python3.12/ast.py", line 52, in parse
    return compile(source, filename, mode, flags,
           ^^^^^^^^^^^^^^^^^^^^^^^^^^^^^^^^^^^^^^
  File "<unknown>", line 3
    b=
      ^
SyntaxError: invalid syntax
2025-07-17 23:29:14,287 cblogger [ERROR]: 		Error while extracting halsted code metrics: invalid syntax (<unknown>, line 3)
Traceback (most recent call last):
  File "/root/trabalho_super/QuestionInsight/Etapa_1/codebench-mining-tool/util.py", line 569, in extract_halstead_metrics
    h = h_visit(code)
        ^^^^^^^^^^^^^
  File "/root/trabalho_super/venv_jupyter/lib/python3.12/site-packages/radon/metrics.py", line 29, in h_visit
    return h_visit_ast(ast.parse(code))
                       ^^^^^^^^^^^^^^^
  File "/usr/lib/python3.12/ast.py", line 52, in parse
    return compile(source, filename, mode, flags,
           ^^^^^^^^^^^^^^^^^^^^^^^^^^^^^^^^^^^^^^
  File "<unknown>", line 3
    b=
      ^
SyntaxError: invalid syntax
2025-07-17 23:29:14,319 cblogger [ERROR]: 		Error while extracting code complexity metrics: invalid syntax (<unknown>, line 7)
Traceback (most recent call last):
  File "/root/trabalho_super/QuestionInsight/Etapa_1/codebench-mining-tool/util.py", line 551, in extract_complexity_metrics
    v = ComplexityVisitor.from_code(code)
        ^^^^^^^^^^^^^^^^^^^^^^^^^^^^^^^^^
  File "/root/trabalho_super/venv_jupyter/lib/python3.12/site-packages/radon/visitors.py", line 133, in from_code
    return cls.from_ast(code2ast(code), **kwargs)
                        ^^^^^^^^^^^^^^
  File "/root/trabalho_super/venv_jupyter/lib/python3.12/site-packages/radon/visitors.py", line 48, in code2ast
    return ast.parse(source)
           ^^^^^^^^^^^^^^^^^
  File "/usr/lib/python3.12/ast.py", line 52, in parse
    return compile(source, filename, mode, flags,
           ^^^^^^^^^^^^^^^^^^^^^^^^^^^^^^^^^^^^^^
  File "<unknown>", line 7
    while 
          ^
SyntaxError: invalid syntax
2025-07-17 23:29:14,320 cblogger [ERROR]: 		Error while extracting halsted code metrics: invalid syntax (<unknown>, line 7)
Traceback (most recent call last):
  File "/root/trabalho_super/QuestionInsight/Etapa_1/codebench-mining-tool/util.py", line 569, in extract_halstead_metrics
    h = h_visit(code)
        ^^^^^^^^^^^^^
  File "/root/trabalho_super/venv_jupyter/lib/python3.12/site-packages/radon/metrics.py", line 29, in h_visit
    return h_visit_ast(ast.parse(code))
                       ^^^^^^^^^^^^^^^
  File "/usr/lib/python3.12/ast.py", line 52, in parse
    return compile(source, filename, mode, flags,
           ^^^^^^^^^^^^^^^^^^^^^^^^^^^^^^^^^^^^^^
  File "<unknown>", line 7
    while 
          ^
SyntaxError: invalid syntax
2025-07-17 23:29:14,833 cblogger [ERROR]: 		Error while extracting code complexity metrics: invalid syntax (<unknown>, line 3)
Traceback (most recent call last):
  File "/root/trabalho_super/QuestionInsight/Etapa_1/codebench-mining-tool/util.py", line 551, in extract_complexity_metrics
    v = ComplexityVisitor.from_code(code)
        ^^^^^^^^^^^^^^^^^^^^^^^^^^^^^^^^^
  File "/root/trabalho_super/venv_jupyter/lib/python3.12/site-packages/radon/visitors.py", line 133, in from_code
    return cls.from_ast(code2ast(code), **kwargs)
                        ^^^^^^^^^^^^^^
  File "/root/trabalho_super/venv_jupyter/lib/python3.12/site-packages/radon/visitors.py", line 48, in code2ast
    return ast.parse(source)
           ^^^^^^^^^^^^^^^^^
  File "/usr/lib/python3.12/ast.py", line 52, in parse
    return compile(source, filename, mode, flags,
           ^^^^^^^^^^^^^^^^^^^^^^^^^^^^^^^^^^^^^^
  File "<unknown>", line 3
    if 
       ^
SyntaxError: invalid syntax
2025-07-17 23:29:14,835 cblogger [ERROR]: 		Error while extracting halsted code metrics: invalid syntax (<unknown>, line 3)
Traceback (most recent call last):
  File "/root/trabalho_super/QuestionInsight/Etapa_1/codebench-mining-tool/util.py", line 569, in extract_halstead_metrics
    h = h_visit(code)
        ^^^^^^^^^^^^^
  File "/root/trabalho_super/venv_jupyter/lib/python3.12/site-packages/radon/metrics.py", line 29, in h_visit
    return h_visit_ast(ast.parse(code))
                       ^^^^^^^^^^^^^^^
  File "/usr/lib/python3.12/ast.py", line 52, in parse
    return compile(source, filename, mode, flags,
           ^^^^^^^^^^^^^^^^^^^^^^^^^^^^^^^^^^^^^^
  File "<unknown>", line 3
    if 
       ^
SyntaxError: invalid syntax
2025-07-17 23:29:14,836 cblogger [ERROR]: 		Error while extracting code complexity metrics: inconsistent use of tabs and spaces in indentation (<unknown>, line 13)
Traceback (most recent call last):
  File "/root/trabalho_super/QuestionInsight/Etapa_1/codebench-mining-tool/util.py", line 551, in extract_complexity_metrics
    v = ComplexityVisitor.from_code(code)
        ^^^^^^^^^^^^^^^^^^^^^^^^^^^^^^^^^
  File "/root/trabalho_super/venv_jupyter/lib/python3.12/site-packages/radon/visitors.py", line 133, in from_code
    return cls.from_ast(code2ast(code), **kwargs)
                        ^^^^^^^^^^^^^^
  File "/root/trabalho_super/venv_jupyter/lib/python3.12/site-packages/radon/visitors.py", line 48, in code2ast
    return ast.parse(source)
           ^^^^^^^^^^^^^^^^^
  File "/usr/lib/python3.12/ast.py", line 52, in parse
    return compile(source, filename, mode, flags,
           ^^^^^^^^^^^^^^^^^^^^^^^^^^^^^^^^^^^^^^
  File "<unknown>", line 13
    	print(x)
    ^
TabError: inconsistent use of tabs and spaces in indentation
2025-07-17 23:29:14,837 cblogger [ERROR]: 		Error while extracting halsted code metrics: inconsistent use of tabs and spaces in indentation (<unknown>, line 13)
Traceback (most recent call last):
  File "/root/trabalho_super/QuestionInsight/Etapa_1/codebench-mining-tool/util.py", line 569, in extract_halstead_metrics
    h = h_visit(code)
        ^^^^^^^^^^^^^
  File "/root/trabalho_super/venv_jupyter/lib/python3.12/site-packages/radon/metrics.py", line 29, in h_visit
    return h_visit_ast(ast.parse(code))
                       ^^^^^^^^^^^^^^^
  File "/usr/lib/python3.12/ast.py", line 52, in parse
    return compile(source, filename, mode, flags,
           ^^^^^^^^^^^^^^^^^^^^^^^^^^^^^^^^^^^^^^
  File "<unknown>", line 13
    	print(x)
    ^
TabError: inconsistent use of tabs and spaces in indentation
2025-07-17 23:29:14,842 cblogger [ERROR]: 		Error while extracting code complexity metrics: invalid syntax (<unknown>, line 18)
Traceback (most recent call last):
  File "/root/trabalho_super/QuestionInsight/Etapa_1/codebench-mining-tool/util.py", line 551, in extract_complexity_metrics
    v = ComplexityVisitor.from_code(code)
        ^^^^^^^^^^^^^^^^^^^^^^^^^^^^^^^^^
  File "/root/trabalho_super/venv_jupyter/lib/python3.12/site-packages/radon/visitors.py", line 133, in from_code
    return cls.from_ast(code2ast(code), **kwargs)
                        ^^^^^^^^^^^^^^
  File "/root/trabalho_super/venv_jupyter/lib/python3.12/site-packages/radon/visitors.py", line 48, in code2ast
    return ast.parse(source)
           ^^^^^^^^^^^^^^^^^
  File "/usr/lib/python3.12/ast.py", line 52, in parse
    return compile(source, filename, mode, flags,
           ^^^^^^^^^^^^^^^^^^^^^^^^^^^^^^^^^^^^^^
  File "<unknown>", line 18
    		print("Dados invalidos") VAI 
    		                         ^^^
SyntaxError: invalid syntax
2025-07-17 23:29:14,843 cblogger [ERROR]: 		Error while extracting halsted code metrics: invalid syntax (<unknown>, line 18)
Traceback (most recent call last):
  File "/root/trabalho_super/QuestionInsight/Etapa_1/codebench-mining-tool/util.py", line 569, in extract_halstead_metrics
    h = h_visit(code)
        ^^^^^^^^^^^^^
  File "/root/trabalho_super/venv_jupyter/lib/python3.12/site-packages/radon/metrics.py", line 29, in h_visit
    return h_visit_ast(ast.parse(code))
                       ^^^^^^^^^^^^^^^
  File "/usr/lib/python3.12/ast.py", line 52, in parse
    return compile(source, filename, mode, flags,
           ^^^^^^^^^^^^^^^^^^^^^^^^^^^^^^^^^^^^^^
  File "<unknown>", line 18
    		print("Dados invalidos") VAI 
    		                         ^^^
SyntaxError: invalid syntax
2025-07-17 23:29:14,904 cblogger [ERROR]: 		Error while extracting code complexity metrics: invalid syntax (<unknown>, line 3)
Traceback (most recent call last):
  File "/root/trabalho_super/QuestionInsight/Etapa_1/codebench-mining-tool/util.py", line 551, in extract_complexity_metrics
    v = ComplexityVisitor.from_code(code)
        ^^^^^^^^^^^^^^^^^^^^^^^^^^^^^^^^^
  File "/root/trabalho_super/venv_jupyter/lib/python3.12/site-packages/radon/visitors.py", line 133, in from_code
    return cls.from_ast(code2ast(code), **kwargs)
                        ^^^^^^^^^^^^^^
  File "/root/trabalho_super/venv_jupyter/lib/python3.12/site-packages/radon/visitors.py", line 48, in code2ast
    return ast.parse(source)
           ^^^^^^^^^^^^^^^^^
  File "/usr/lib/python3.12/ast.py", line 52, in parse
    return compile(source, filename, mode, flags,
           ^^^^^^^^^^^^^^^^^^^^^^^^^^^^^^^^^^^^^^
  File "<unknown>", line 3
    while
         ^
SyntaxError: invalid syntax
2025-07-17 23:29:14,905 cblogger [ERROR]: 		Error while extracting halsted code metrics: invalid syntax (<unknown>, line 3)
Traceback (most recent call last):
  File "/root/trabalho_super/QuestionInsight/Etapa_1/codebench-mining-tool/util.py", line 569, in extract_halstead_metrics
    h = h_visit(code)
        ^^^^^^^^^^^^^
  File "/root/trabalho_super/venv_jupyter/lib/python3.12/site-packages/radon/metrics.py", line 29, in h_visit
    return h_visit_ast(ast.parse(code))
                       ^^^^^^^^^^^^^^^
  File "/usr/lib/python3.12/ast.py", line 52, in parse
    return compile(source, filename, mode, flags,
           ^^^^^^^^^^^^^^^^^^^^^^^^^^^^^^^^^^^^^^
  File "<unknown>", line 3
    while
         ^
SyntaxError: invalid syntax
2025-07-17 23:29:14,920 cblogger [ERROR]: 		Error while extracting code complexity metrics: cannot assign to function call here. Maybe you meant '==' instead of '='? (<unknown>, line 17)
Traceback (most recent call last):
  File "/root/trabalho_super/QuestionInsight/Etapa_1/codebench-mining-tool/util.py", line 551, in extract_complexity_metrics
    v = ComplexityVisitor.from_code(code)
        ^^^^^^^^^^^^^^^^^^^^^^^^^^^^^^^^^
  File "/root/trabalho_super/venv_jupyter/lib/python3.12/site-packages/radon/visitors.py", line 133, in from_code
    return cls.from_ast(code2ast(code), **kwargs)
                        ^^^^^^^^^^^^^^
  File "/root/trabalho_super/venv_jupyter/lib/python3.12/site-packages/radon/visitors.py", line 48, in code2ast
    return ast.parse(source)
           ^^^^^^^^^^^^^^^^^
  File "/usr/lib/python3.12/ast.py", line 52, in parse
    return compile(source, filename, mode, flags,
           ^^^^^^^^^^^^^^^^^^^^^^^^^^^^^^^^^^^^^^
  File "<unknown>", line 17
    		a(cont1) = i
    		^^^^^^^^
SyntaxError: cannot assign to function call here. Maybe you meant '==' instead of '='?
2025-07-17 23:29:14,921 cblogger [ERROR]: 		Error while extracting halsted code metrics: cannot assign to function call here. Maybe you meant '==' instead of '='? (<unknown>, line 17)
Traceback (most recent call last):
  File "/root/trabalho_super/QuestionInsight/Etapa_1/codebench-mining-tool/util.py", line 569, in extract_halstead_metrics
    h = h_visit(code)
        ^^^^^^^^^^^^^
  File "/root/trabalho_super/venv_jupyter/lib/python3.12/site-packages/radon/metrics.py", line 29, in h_visit
    return h_visit_ast(ast.parse(code))
                       ^^^^^^^^^^^^^^^
  File "/usr/lib/python3.12/ast.py", line 52, in parse
    return compile(source, filename, mode, flags,
           ^^^^^^^^^^^^^^^^^^^^^^^^^^^^^^^^^^^^^^
  File "<unknown>", line 17
    		a(cont1) = i
    		^^^^^^^^
SyntaxError: cannot assign to function call here. Maybe you meant '==' instead of '='?
2025-07-17 23:29:14,976 cblogger [ERROR]: 		Error while extracting code complexity metrics: invalid syntax (<unknown>, line 10)
Traceback (most recent call last):
  File "/root/trabalho_super/QuestionInsight/Etapa_1/codebench-mining-tool/util.py", line 551, in extract_complexity_metrics
    v = ComplexityVisitor.from_code(code)
        ^^^^^^^^^^^^^^^^^^^^^^^^^^^^^^^^^
  File "/root/trabalho_super/venv_jupyter/lib/python3.12/site-packages/radon/visitors.py", line 133, in from_code
    return cls.from_ast(code2ast(code), **kwargs)
                        ^^^^^^^^^^^^^^
  File "/root/trabalho_super/venv_jupyter/lib/python3.12/site-packages/radon/visitors.py", line 48, in code2ast
    return ast.parse(source)
           ^^^^^^^^^^^^^^^^^
  File "/usr/lib/python3.12/ast.py", line 52, in parse
    return compile(source, filename, mode, flags,
           ^^^^^^^^^^^^^^^^^^^^^^^^^^^^^^^^^^^^^^
  File "<unknown>", line 10
    	aluno + crescimento e
    	                    ^
SyntaxError: invalid syntax
2025-07-17 23:29:14,977 cblogger [ERROR]: 		Error while extracting halsted code metrics: invalid syntax (<unknown>, line 10)
Traceback (most recent call last):
  File "/root/trabalho_super/QuestionInsight/Etapa_1/codebench-mining-tool/util.py", line 569, in extract_halstead_metrics
    h = h_visit(code)
        ^^^^^^^^^^^^^
  File "/root/trabalho_super/venv_jupyter/lib/python3.12/site-packages/radon/metrics.py", line 29, in h_visit
    return h_visit_ast(ast.parse(code))
                       ^^^^^^^^^^^^^^^
  File "/usr/lib/python3.12/ast.py", line 52, in parse
    return compile(source, filename, mode, flags,
           ^^^^^^^^^^^^^^^^^^^^^^^^^^^^^^^^^^^^^^
  File "<unknown>", line 10
    	aluno + crescimento e
    	                    ^
SyntaxError: invalid syntax
2025-07-17 23:29:15,009 cblogger [ERROR]: 		Error while extracting code complexity metrics: expected an indented block after function definition on line 1 (<unknown>, line 2)
Traceback (most recent call last):
  File "/root/trabalho_super/QuestionInsight/Etapa_1/codebench-mining-tool/util.py", line 551, in extract_complexity_metrics
    v = ComplexityVisitor.from_code(code)
        ^^^^^^^^^^^^^^^^^^^^^^^^^^^^^^^^^
  File "/root/trabalho_super/venv_jupyter/lib/python3.12/site-packages/radon/visitors.py", line 133, in from_code
    return cls.from_ast(code2ast(code), **kwargs)
                        ^^^^^^^^^^^^^^
  File "/root/trabalho_super/venv_jupyter/lib/python3.12/site-packages/radon/visitors.py", line 48, in code2ast
    return ast.parse(source)
           ^^^^^^^^^^^^^^^^^
  File "/usr/lib/python3.12/ast.py", line 52, in parse
    return compile(source, filename, mode, flags,
           ^^^^^^^^^^^^^^^^^^^^^^^^^^^^^^^^^^^^^^
  File "<unknown>", line 2
    soma=0
    ^^^^
IndentationError: expected an indented block after function definition on line 1
2025-07-17 23:29:15,010 cblogger [ERROR]: 		Error while extracting halsted code metrics: expected an indented block after function definition on line 1 (<unknown>, line 2)
Traceback (most recent call last):
  File "/root/trabalho_super/QuestionInsight/Etapa_1/codebench-mining-tool/util.py", line 569, in extract_halstead_metrics
    h = h_visit(code)
        ^^^^^^^^^^^^^
  File "/root/trabalho_super/venv_jupyter/lib/python3.12/site-packages/radon/metrics.py", line 29, in h_visit
    return h_visit_ast(ast.parse(code))
                       ^^^^^^^^^^^^^^^
  File "/usr/lib/python3.12/ast.py", line 52, in parse
    return compile(source, filename, mode, flags,
           ^^^^^^^^^^^^^^^^^^^^^^^^^^^^^^^^^^^^^^
  File "<unknown>", line 2
    soma=0
    ^^^^
IndentationError: expected an indented block after function definition on line 1
2025-07-17 23:29:15,011 cblogger [ERROR]: 		Error while extracting code complexity metrics: expected ':' (<unknown>, line 5)
Traceback (most recent call last):
  File "/root/trabalho_super/QuestionInsight/Etapa_1/codebench-mining-tool/util.py", line 551, in extract_complexity_metrics
    v = ComplexityVisitor.from_code(code)
        ^^^^^^^^^^^^^^^^^^^^^^^^^^^^^^^^^
  File "/root/trabalho_super/venv_jupyter/lib/python3.12/site-packages/radon/visitors.py", line 133, in from_code
    return cls.from_ast(code2ast(code), **kwargs)
                        ^^^^^^^^^^^^^^
  File "/root/trabalho_super/venv_jupyter/lib/python3.12/site-packages/radon/visitors.py", line 48, in code2ast
    return ast.parse(source)
           ^^^^^^^^^^^^^^^^^
  File "/usr/lib/python3.12/ast.py", line 52, in parse
    return compile(source, filename, mode, flags,
           ^^^^^^^^^^^^^^^^^^^^^^^^^^^^^^^^^^^^^^
  File "<unknown>", line 5
    elif (1 and -1< x < 0) or  (0< x< 1)
                                        ^
SyntaxError: expected ':'
2025-07-17 23:29:15,012 cblogger [ERROR]: 		Error while extracting halsted code metrics: expected ':' (<unknown>, line 5)
Traceback (most recent call last):
  File "/root/trabalho_super/QuestionInsight/Etapa_1/codebench-mining-tool/util.py", line 569, in extract_halstead_metrics
    h = h_visit(code)
        ^^^^^^^^^^^^^
  File "/root/trabalho_super/venv_jupyter/lib/python3.12/site-packages/radon/metrics.py", line 29, in h_visit
    return h_visit_ast(ast.parse(code))
                       ^^^^^^^^^^^^^^^
  File "/usr/lib/python3.12/ast.py", line 52, in parse
    return compile(source, filename, mode, flags,
           ^^^^^^^^^^^^^^^^^^^^^^^^^^^^^^^^^^^^^^
  File "<unknown>", line 5
    elif (1 and -1< x < 0) or  (0< x< 1)
                                        ^
SyntaxError: expected ':'
2025-07-17 23:29:15,013 cblogger [ERROR]: 		Error while extracting code complexity metrics: expected ':' (<unknown>, line 5)
Traceback (most recent call last):
  File "/root/trabalho_super/QuestionInsight/Etapa_1/codebench-mining-tool/util.py", line 551, in extract_complexity_metrics
    v = ComplexityVisitor.from_code(code)
        ^^^^^^^^^^^^^^^^^^^^^^^^^^^^^^^^^
  File "/root/trabalho_super/venv_jupyter/lib/python3.12/site-packages/radon/visitors.py", line 133, in from_code
    return cls.from_ast(code2ast(code), **kwargs)
                        ^^^^^^^^^^^^^^
  File "/root/trabalho_super/venv_jupyter/lib/python3.12/site-packages/radon/visitors.py", line 48, in code2ast
    return ast.parse(source)
           ^^^^^^^^^^^^^^^^^
  File "/usr/lib/python3.12/ast.py", line 52, in parse
    return compile(source, filename, mode, flags,
           ^^^^^^^^^^^^^^^^^^^^^^^^^^^^^^^^^^^^^^
  File "<unknown>", line 5
    if ftd == 0
               ^
SyntaxError: expected ':'
2025-07-17 23:29:15,014 cblogger [ERROR]: 		Error while extracting halsted code metrics: expected ':' (<unknown>, line 5)
Traceback (most recent call last):
  File "/root/trabalho_super/QuestionInsight/Etapa_1/codebench-mining-tool/util.py", line 569, in extract_halstead_metrics
    h = h_visit(code)
        ^^^^^^^^^^^^^
  File "/root/trabalho_super/venv_jupyter/lib/python3.12/site-packages/radon/metrics.py", line 29, in h_visit
    return h_visit_ast(ast.parse(code))
                       ^^^^^^^^^^^^^^^
  File "/usr/lib/python3.12/ast.py", line 52, in parse
    return compile(source, filename, mode, flags,
           ^^^^^^^^^^^^^^^^^^^^^^^^^^^^^^^^^^^^^^
  File "<unknown>", line 5
    if ftd == 0
               ^
SyntaxError: expected ':'
2025-07-17 23:29:15,024 cblogger [ERROR]: 		Error while extracting code complexity metrics: expected ':' (<unknown>, line 4)
Traceback (most recent call last):
  File "/root/trabalho_super/QuestionInsight/Etapa_1/codebench-mining-tool/util.py", line 551, in extract_complexity_metrics
    v = ComplexityVisitor.from_code(code)
        ^^^^^^^^^^^^^^^^^^^^^^^^^^^^^^^^^
  File "/root/trabalho_super/venv_jupyter/lib/python3.12/site-packages/radon/visitors.py", line 133, in from_code
    return cls.from_ast(code2ast(code), **kwargs)
                        ^^^^^^^^^^^^^^
  File "/root/trabalho_super/venv_jupyter/lib/python3.12/site-packages/radon/visitors.py", line 48, in code2ast
    return ast.parse(source)
           ^^^^^^^^^^^^^^^^^
  File "/usr/lib/python3.12/ast.py", line 52, in parse
    return compile(source, filename, mode, flags,
           ^^^^^^^^^^^^^^^^^^^^^^^^^^^^^^^^^^^^^^
  File "<unknown>", line 4
    if vl 
          ^
SyntaxError: expected ':'
2025-07-17 23:29:15,025 cblogger [ERROR]: 		Error while extracting halsted code metrics: expected ':' (<unknown>, line 4)
Traceback (most recent call last):
  File "/root/trabalho_super/QuestionInsight/Etapa_1/codebench-mining-tool/util.py", line 569, in extract_halstead_metrics
    h = h_visit(code)
        ^^^^^^^^^^^^^
  File "/root/trabalho_super/venv_jupyter/lib/python3.12/site-packages/radon/metrics.py", line 29, in h_visit
    return h_visit_ast(ast.parse(code))
                       ^^^^^^^^^^^^^^^
  File "/usr/lib/python3.12/ast.py", line 52, in parse
    return compile(source, filename, mode, flags,
           ^^^^^^^^^^^^^^^^^^^^^^^^^^^^^^^^^^^^^^
  File "<unknown>", line 4
    if vl 
          ^
SyntaxError: expected ':'
2025-07-17 23:29:15,037 cblogger [ERROR]: 		Error while extracting code complexity metrics: unexpected indent (<unknown>, line 4)
Traceback (most recent call last):
  File "/root/trabalho_super/QuestionInsight/Etapa_1/codebench-mining-tool/util.py", line 551, in extract_complexity_metrics
    v = ComplexityVisitor.from_code(code)
        ^^^^^^^^^^^^^^^^^^^^^^^^^^^^^^^^^
  File "/root/trabalho_super/venv_jupyter/lib/python3.12/site-packages/radon/visitors.py", line 133, in from_code
    return cls.from_ast(code2ast(code), **kwargs)
                        ^^^^^^^^^^^^^^
  File "/root/trabalho_super/venv_jupyter/lib/python3.12/site-packages/radon/visitors.py", line 48, in code2ast
    return ast.parse(source)
           ^^^^^^^^^^^^^^^^^
  File "/usr/lib/python3.12/ast.py", line 52, in parse
    return compile(source, filename, mode, flags,
           ^^^^^^^^^^^^^^^^^^^^^^^^^^^^^^^^^^^^^^
  File "<unknown>", line 4
    return posicao
IndentationError: unexpected indent
2025-07-17 23:29:15,038 cblogger [ERROR]: 		Error while extracting halsted code metrics: unexpected indent (<unknown>, line 4)
Traceback (most recent call last):
  File "/root/trabalho_super/QuestionInsight/Etapa_1/codebench-mining-tool/util.py", line 569, in extract_halstead_metrics
    h = h_visit(code)
        ^^^^^^^^^^^^^
  File "/root/trabalho_super/venv_jupyter/lib/python3.12/site-packages/radon/metrics.py", line 29, in h_visit
    return h_visit_ast(ast.parse(code))
                       ^^^^^^^^^^^^^^^
  File "/usr/lib/python3.12/ast.py", line 52, in parse
    return compile(source, filename, mode, flags,
           ^^^^^^^^^^^^^^^^^^^^^^^^^^^^^^^^^^^^^^
  File "<unknown>", line 4
    return posicao
IndentationError: unexpected indent
2025-07-17 23:29:15,039 cblogger [ERROR]: 		Error while extracting code complexity metrics: invalid syntax (<unknown>, line 1)
Traceback (most recent call last):
  File "/root/trabalho_super/QuestionInsight/Etapa_1/codebench-mining-tool/util.py", line 551, in extract_complexity_metrics
    v = ComplexityVisitor.from_code(code)
        ^^^^^^^^^^^^^^^^^^^^^^^^^^^^^^^^^
  File "/root/trabalho_super/venv_jupyter/lib/python3.12/site-packages/radon/visitors.py", line 133, in from_code
    return cls.from_ast(code2ast(code), **kwargs)
                        ^^^^^^^^^^^^^^
  File "/root/trabalho_super/venv_jupyter/lib/python3.12/site-packages/radon/visitors.py", line 48, in code2ast
    return ast.parse(source)
           ^^^^^^^^^^^^^^^^^
  File "/usr/lib/python3.12/ast.py", line 52, in parse
    return compile(source, filename, mode, flags,
           ^^^^^^^^^^^^^^^^^^^^^^^^^^^^^^^^^^^^^^
  File "<unknown>", line 1
    comb = 
           ^
SyntaxError: invalid syntax
2025-07-17 23:29:15,040 cblogger [ERROR]: 		Error while extracting halsted code metrics: invalid syntax (<unknown>, line 1)
Traceback (most recent call last):
  File "/root/trabalho_super/QuestionInsight/Etapa_1/codebench-mining-tool/util.py", line 569, in extract_halstead_metrics
    h = h_visit(code)
        ^^^^^^^^^^^^^
  File "/root/trabalho_super/venv_jupyter/lib/python3.12/site-packages/radon/metrics.py", line 29, in h_visit
    return h_visit_ast(ast.parse(code))
                       ^^^^^^^^^^^^^^^
  File "/usr/lib/python3.12/ast.py", line 52, in parse
    return compile(source, filename, mode, flags,
           ^^^^^^^^^^^^^^^^^^^^^^^^^^^^^^^^^^^^^^
  File "<unknown>", line 1
    comb = 
           ^
SyntaxError: invalid syntax
2025-07-17 23:29:15,056 cblogger [ERROR]: 		Error while extracting code complexity metrics: invalid character '²' (U+00B2) (<unknown>, line 1)
Traceback (most recent call last):
  File "/root/trabalho_super/QuestionInsight/Etapa_1/codebench-mining-tool/util.py", line 551, in extract_complexity_metrics
    v = ComplexityVisitor.from_code(code)
        ^^^^^^^^^^^^^^^^^^^^^^^^^^^^^^^^^
  File "/root/trabalho_super/venv_jupyter/lib/python3.12/site-packages/radon/visitors.py", line 133, in from_code
    return cls.from_ast(code2ast(code), **kwargs)
                        ^^^^^^^^^^^^^^
  File "/root/trabalho_super/venv_jupyter/lib/python3.12/site-packages/radon/visitors.py", line 48, in code2ast
    return ast.parse(source)
           ^^^^^^^^^^^^^^^^^
  File "/usr/lib/python3.12/ast.py", line 52, in parse
    return compile(source, filename, mode, flags,
           ^^^^^^^^^^^^^^^^^^^^^^^^^^^^^^^^^^^^^^
  File "<unknown>", line 1
    on= a²
         ^
SyntaxError: invalid character '²' (U+00B2)
2025-07-17 23:29:15,056 cblogger [ERROR]: 		Error while extracting halsted code metrics: invalid character '²' (U+00B2) (<unknown>, line 1)
Traceback (most recent call last):
  File "/root/trabalho_super/QuestionInsight/Etapa_1/codebench-mining-tool/util.py", line 569, in extract_halstead_metrics
    h = h_visit(code)
        ^^^^^^^^^^^^^
  File "/root/trabalho_super/venv_jupyter/lib/python3.12/site-packages/radon/metrics.py", line 29, in h_visit
    return h_visit_ast(ast.parse(code))
                       ^^^^^^^^^^^^^^^
  File "/usr/lib/python3.12/ast.py", line 52, in parse
    return compile(source, filename, mode, flags,
           ^^^^^^^^^^^^^^^^^^^^^^^^^^^^^^^^^^^^^^
  File "<unknown>", line 1
    on= a²
         ^
SyntaxError: invalid character '²' (U+00B2)
2025-07-17 23:29:15,057 cblogger [ERROR]: 		Error while extracting code complexity metrics: expected ':' (<unknown>, line 11)
Traceback (most recent call last):
  File "/root/trabalho_super/QuestionInsight/Etapa_1/codebench-mining-tool/util.py", line 551, in extract_complexity_metrics
    v = ComplexityVisitor.from_code(code)
        ^^^^^^^^^^^^^^^^^^^^^^^^^^^^^^^^^
  File "/root/trabalho_super/venv_jupyter/lib/python3.12/site-packages/radon/visitors.py", line 133, in from_code
    return cls.from_ast(code2ast(code), **kwargs)
                        ^^^^^^^^^^^^^^
  File "/root/trabalho_super/venv_jupyter/lib/python3.12/site-packages/radon/visitors.py", line 48, in code2ast
    return ast.parse(source)
           ^^^^^^^^^^^^^^^^^
  File "/usr/lib/python3.12/ast.py", line 52, in parse
    return compile(source, filename, mode, flags,
           ^^^^^^^^^^^^^^^^^^^^^^^^^^^^^^^^^^^^^^
  File "<unknown>", line 11
    		if produto == "D"
    		                 ^
SyntaxError: expected ':'
2025-07-17 23:29:15,058 cblogger [ERROR]: 		Error while extracting halsted code metrics: expected ':' (<unknown>, line 11)
Traceback (most recent call last):
  File "/root/trabalho_super/QuestionInsight/Etapa_1/codebench-mining-tool/util.py", line 569, in extract_halstead_metrics
    h = h_visit(code)
        ^^^^^^^^^^^^^
  File "/root/trabalho_super/venv_jupyter/lib/python3.12/site-packages/radon/metrics.py", line 29, in h_visit
    return h_visit_ast(ast.parse(code))
                       ^^^^^^^^^^^^^^^
  File "/usr/lib/python3.12/ast.py", line 52, in parse
    return compile(source, filename, mode, flags,
           ^^^^^^^^^^^^^^^^^^^^^^^^^^^^^^^^^^^^^^
  File "<unknown>", line 11
    		if produto == "D"
    		                 ^
SyntaxError: expected ':'
2025-07-17 23:29:15,059 cblogger [ERROR]: 		Error while extracting code complexity metrics: invalid syntax (<unknown>, line 1)
Traceback (most recent call last):
  File "/root/trabalho_super/QuestionInsight/Etapa_1/codebench-mining-tool/util.py", line 551, in extract_complexity_metrics
    v = ComplexityVisitor.from_code(code)
        ^^^^^^^^^^^^^^^^^^^^^^^^^^^^^^^^^
  File "/root/trabalho_super/venv_jupyter/lib/python3.12/site-packages/radon/visitors.py", line 133, in from_code
    return cls.from_ast(code2ast(code), **kwargs)
                        ^^^^^^^^^^^^^^
  File "/root/trabalho_super/venv_jupyter/lib/python3.12/site-packages/radon/visitors.py", line 48, in code2ast
    return ast.parse(source)
           ^^^^^^^^^^^^^^^^^
  File "/usr/lib/python3.12/ast.py", line 52, in parse
    return compile(source, filename, mode, flags,
           ^^^^^^^^^^^^^^^^^^^^^^^^^^^^^^^^^^^^^^
  File "<unknown>", line 1
    from numpy import
                     ^
SyntaxError: invalid syntax
2025-07-17 23:29:15,060 cblogger [ERROR]: 		Error while extracting halsted code metrics: invalid syntax (<unknown>, line 1)
Traceback (most recent call last):
  File "/root/trabalho_super/QuestionInsight/Etapa_1/codebench-mining-tool/util.py", line 569, in extract_halstead_metrics
    h = h_visit(code)
        ^^^^^^^^^^^^^
  File "/root/trabalho_super/venv_jupyter/lib/python3.12/site-packages/radon/metrics.py", line 29, in h_visit
    return h_visit_ast(ast.parse(code))
                       ^^^^^^^^^^^^^^^
  File "/usr/lib/python3.12/ast.py", line 52, in parse
    return compile(source, filename, mode, flags,
           ^^^^^^^^^^^^^^^^^^^^^^^^^^^^^^^^^^^^^^
  File "<unknown>", line 1
    from numpy import
                     ^
SyntaxError: invalid syntax
2025-07-17 23:29:15,087 cblogger [ERROR]: 		Error while extracting code complexity metrics: expected an indented block after 'for' statement on line 3 (<unknown>, line 3)
Traceback (most recent call last):
  File "/root/trabalho_super/QuestionInsight/Etapa_1/codebench-mining-tool/util.py", line 551, in extract_complexity_metrics
    v = ComplexityVisitor.from_code(code)
        ^^^^^^^^^^^^^^^^^^^^^^^^^^^^^^^^^
  File "/root/trabalho_super/venv_jupyter/lib/python3.12/site-packages/radon/visitors.py", line 133, in from_code
    return cls.from_ast(code2ast(code), **kwargs)
                        ^^^^^^^^^^^^^^
  File "/root/trabalho_super/venv_jupyter/lib/python3.12/site-packages/radon/visitors.py", line 48, in code2ast
    return ast.parse(source)
           ^^^^^^^^^^^^^^^^^
  File "/usr/lib/python3.12/ast.py", line 52, in parse
    return compile(source, filename, mode, flags,
           ^^^^^^^^^^^^^^^^^^^^^^^^^^^^^^^^^^^^^^
  File "<unknown>", line 3
    for i in range(size(x)):
                            ^
IndentationError: expected an indented block after 'for' statement on line 3
2025-07-17 23:29:15,088 cblogger [ERROR]: 		Error while extracting halsted code metrics: expected an indented block after 'for' statement on line 3 (<unknown>, line 3)
Traceback (most recent call last):
  File "/root/trabalho_super/QuestionInsight/Etapa_1/codebench-mining-tool/util.py", line 569, in extract_halstead_metrics
    h = h_visit(code)
        ^^^^^^^^^^^^^
  File "/root/trabalho_super/venv_jupyter/lib/python3.12/site-packages/radon/metrics.py", line 29, in h_visit
    return h_visit_ast(ast.parse(code))
                       ^^^^^^^^^^^^^^^
  File "/usr/lib/python3.12/ast.py", line 52, in parse
    return compile(source, filename, mode, flags,
           ^^^^^^^^^^^^^^^^^^^^^^^^^^^^^^^^^^^^^^
  File "<unknown>", line 3
    for i in range(size(x)):
                            ^
IndentationError: expected an indented block after 'for' statement on line 3
2025-07-17 23:29:15,314 cblogger [ERROR]: 		Error while extracting code complexity metrics: invalid syntax (<unknown>, line 6)
Traceback (most recent call last):
  File "/root/trabalho_super/QuestionInsight/Etapa_1/codebench-mining-tool/util.py", line 551, in extract_complexity_metrics
    v = ComplexityVisitor.from_code(code)
        ^^^^^^^^^^^^^^^^^^^^^^^^^^^^^^^^^
  File "/root/trabalho_super/venv_jupyter/lib/python3.12/site-packages/radon/visitors.py", line 133, in from_code
    return cls.from_ast(code2ast(code), **kwargs)
                        ^^^^^^^^^^^^^^
  File "/root/trabalho_super/venv_jupyter/lib/python3.12/site-packages/radon/visitors.py", line 48, in code2ast
    return ast.parse(source)
           ^^^^^^^^^^^^^^^^^
  File "/usr/lib/python3.12/ast.py", line 52, in parse
    return compile(source, filename, mode, flags,
           ^^^^^^^^^^^^^^^^^^^^^^^^^^^^^^^^^^^^^^
  File "<unknown>", line 6
    	if 
    	   ^
SyntaxError: invalid syntax
2025-07-17 23:29:15,315 cblogger [ERROR]: 		Error while extracting halsted code metrics: invalid syntax (<unknown>, line 6)
Traceback (most recent call last):
  File "/root/trabalho_super/QuestionInsight/Etapa_1/codebench-mining-tool/util.py", line 569, in extract_halstead_metrics
    h = h_visit(code)
        ^^^^^^^^^^^^^
  File "/root/trabalho_super/venv_jupyter/lib/python3.12/site-packages/radon/metrics.py", line 29, in h_visit
    return h_visit_ast(ast.parse(code))
                       ^^^^^^^^^^^^^^^
  File "/usr/lib/python3.12/ast.py", line 52, in parse
    return compile(source, filename, mode, flags,
           ^^^^^^^^^^^^^^^^^^^^^^^^^^^^^^^^^^^^^^
  File "<unknown>", line 6
    	if 
    	   ^
SyntaxError: invalid syntax
2025-07-17 23:29:15,342 cblogger [ERROR]: 		Error while extracting code complexity metrics: expected an indented block after 'if' statement on line 6 (<unknown>, line 7)
Traceback (most recent call last):
  File "/root/trabalho_super/QuestionInsight/Etapa_1/codebench-mining-tool/util.py", line 551, in extract_complexity_metrics
    v = ComplexityVisitor.from_code(code)
        ^^^^^^^^^^^^^^^^^^^^^^^^^^^^^^^^^
  File "/root/trabalho_super/venv_jupyter/lib/python3.12/site-packages/radon/visitors.py", line 133, in from_code
    return cls.from_ast(code2ast(code), **kwargs)
                        ^^^^^^^^^^^^^^
  File "/root/trabalho_super/venv_jupyter/lib/python3.12/site-packages/radon/visitors.py", line 48, in code2ast
    return ast.parse(source)
           ^^^^^^^^^^^^^^^^^
  File "/usr/lib/python3.12/ast.py", line 52, in parse
    return compile(source, filename, mode, flags,
           ^^^^^^^^^^^^^^^^^^^^^^^^^^^^^^^^^^^^^^
  File "<unknown>", line 7
    print("Nao e triangulo")
    ^^^^^
IndentationError: expected an indented block after 'if' statement on line 6
2025-07-17 23:29:15,349 cblogger [ERROR]: 		Error while extracting halsted code metrics: expected an indented block after 'if' statement on line 6 (<unknown>, line 7)
Traceback (most recent call last):
  File "/root/trabalho_super/QuestionInsight/Etapa_1/codebench-mining-tool/util.py", line 569, in extract_halstead_metrics
    h = h_visit(code)
        ^^^^^^^^^^^^^
  File "/root/trabalho_super/venv_jupyter/lib/python3.12/site-packages/radon/metrics.py", line 29, in h_visit
    return h_visit_ast(ast.parse(code))
                       ^^^^^^^^^^^^^^^
  File "/usr/lib/python3.12/ast.py", line 52, in parse
    return compile(source, filename, mode, flags,
           ^^^^^^^^^^^^^^^^^^^^^^^^^^^^^^^^^^^^^^
  File "<unknown>", line 7
    print("Nao e triangulo")
    ^^^^^
IndentationError: expected an indented block after 'if' statement on line 6
2025-07-17 23:29:15,499 cblogger [ERROR]: 		Error while extracting code complexity metrics: invalid syntax. Maybe you meant '==' or ':=' instead of '='? (<unknown>, line 4)
Traceback (most recent call last):
  File "/root/trabalho_super/QuestionInsight/Etapa_1/codebench-mining-tool/util.py", line 551, in extract_complexity_metrics
    v = ComplexityVisitor.from_code(code)
        ^^^^^^^^^^^^^^^^^^^^^^^^^^^^^^^^^
  File "/root/trabalho_super/venv_jupyter/lib/python3.12/site-packages/radon/visitors.py", line 133, in from_code
    return cls.from_ast(code2ast(code), **kwargs)
                        ^^^^^^^^^^^^^^
  File "/root/trabalho_super/venv_jupyter/lib/python3.12/site-packages/radon/visitors.py", line 48, in code2ast
    return ast.parse(source)
           ^^^^^^^^^^^^^^^^^
  File "/usr/lib/python3.12/ast.py", line 52, in parse
    return compile(source, filename, mode, flags,
           ^^^^^^^^^^^^^^^^^^^^^^^^^^^^^^^^^^^^^^
  File "<unknown>", line 4
    if (unidade =C):
        ^^^^^^^^^^
SyntaxError: invalid syntax. Maybe you meant '==' or ':=' instead of '='?
2025-07-17 23:29:15,500 cblogger [ERROR]: 		Error while extracting halsted code metrics: invalid syntax. Maybe you meant '==' or ':=' instead of '='? (<unknown>, line 4)
Traceback (most recent call last):
  File "/root/trabalho_super/QuestionInsight/Etapa_1/codebench-mining-tool/util.py", line 569, in extract_halstead_metrics
    h = h_visit(code)
        ^^^^^^^^^^^^^
  File "/root/trabalho_super/venv_jupyter/lib/python3.12/site-packages/radon/metrics.py", line 29, in h_visit
    return h_visit_ast(ast.parse(code))
                       ^^^^^^^^^^^^^^^
  File "/usr/lib/python3.12/ast.py", line 52, in parse
    return compile(source, filename, mode, flags,
           ^^^^^^^^^^^^^^^^^^^^^^^^^^^^^^^^^^^^^^
  File "<unknown>", line 4
    if (unidade =C):
        ^^^^^^^^^^
SyntaxError: invalid syntax. Maybe you meant '==' or ':=' instead of '='?
2025-07-17 23:29:15,771 cblogger [ERROR]: 		Error while extracting code complexity metrics: invalid syntax. Maybe you meant '==' or ':=' instead of '='? (<unknown>, line 3)
Traceback (most recent call last):
  File "/root/trabalho_super/QuestionInsight/Etapa_1/codebench-mining-tool/util.py", line 551, in extract_complexity_metrics
    v = ComplexityVisitor.from_code(code)
        ^^^^^^^^^^^^^^^^^^^^^^^^^^^^^^^^^
  File "/root/trabalho_super/venv_jupyter/lib/python3.12/site-packages/radon/visitors.py", line 133, in from_code
    return cls.from_ast(code2ast(code), **kwargs)
                        ^^^^^^^^^^^^^^
  File "/root/trabalho_super/venv_jupyter/lib/python3.12/site-packages/radon/visitors.py", line 48, in code2ast
    return ast.parse(source)
           ^^^^^^^^^^^^^^^^^
  File "/usr/lib/python3.12/ast.py", line 52, in parse
    return compile(source, filename, mode, flags,
           ^^^^^^^^^^^^^^^^^^^^^^^^^^^^^^^^^^^^^^
  File "<unknown>", line 3
    if ((x = -100) and (x < 0):
         ^^^^^^^^
SyntaxError: invalid syntax. Maybe you meant '==' or ':=' instead of '='?
2025-07-17 23:29:15,771 cblogger [ERROR]: 		Error while extracting code size based metrics: SyntaxError at line: 3
Traceback (most recent call last):
  File "/root/trabalho_super/venv_jupyter/lib/python3.12/site-packages/radon/raw.py", line 210, in analyze
    tokens, parsed_lines = _get_all_tokens(line, lines)
                           ^^^^^^^^^^^^^^^^^^^^^^^^^^^^
  File "/root/trabalho_super/venv_jupyter/lib/python3.12/site-packages/radon/raw.py", line 117, in _get_all_tokens
    next_line = next(lines)
                ^^^^^^^^^^^
StopIteration

During handling of the above exception, another exception occurred:

Traceback (most recent call last):
  File "/root/trabalho_super/QuestionInsight/Etapa_1/codebench-mining-tool/util.py", line 560, in extract_size_metrics
    a = analyze(code)
        ^^^^^^^^^^^^^
  File "/root/trabalho_super/venv_jupyter/lib/python3.12/site-packages/radon/raw.py", line 212, in analyze
    raise SyntaxError('SyntaxError at line: {0}'.format(lineno))
SyntaxError: SyntaxError at line: 3
2025-07-17 23:29:15,772 cblogger [ERROR]: 		Error while extracting halsted code metrics: invalid syntax. Maybe you meant '==' or ':=' instead of '='? (<unknown>, line 3)
Traceback (most recent call last):
  File "/root/trabalho_super/QuestionInsight/Etapa_1/codebench-mining-tool/util.py", line 569, in extract_halstead_metrics
    h = h_visit(code)
        ^^^^^^^^^^^^^
  File "/root/trabalho_super/venv_jupyter/lib/python3.12/site-packages/radon/metrics.py", line 29, in h_visit
    return h_visit_ast(ast.parse(code))
                       ^^^^^^^^^^^^^^^
  File "/usr/lib/python3.12/ast.py", line 52, in parse
    return compile(source, filename, mode, flags,
           ^^^^^^^^^^^^^^^^^^^^^^^^^^^^^^^^^^^^^^
  File "<unknown>", line 3
    if ((x = -100) and (x < 0):
         ^^^^^^^^
SyntaxError: invalid syntax. Maybe you meant '==' or ':=' instead of '='?
2025-07-17 23:29:15,860 cblogger [ERROR]: 		Error while extracting code complexity metrics: invalid syntax. Perhaps you forgot a comma? (<unknown>, line 6)
Traceback (most recent call last):
  File "/root/trabalho_super/QuestionInsight/Etapa_1/codebench-mining-tool/util.py", line 551, in extract_complexity_metrics
    v = ComplexityVisitor.from_code(code)
        ^^^^^^^^^^^^^^^^^^^^^^^^^^^^^^^^^
  File "/root/trabalho_super/venv_jupyter/lib/python3.12/site-packages/radon/visitors.py", line 133, in from_code
    return cls.from_ast(code2ast(code), **kwargs)
                        ^^^^^^^^^^^^^^
  File "/root/trabalho_super/venv_jupyter/lib/python3.12/site-packages/radon/visitors.py", line 48, in code2ast
    return ast.parse(source)
           ^^^^^^^^^^^^^^^^^
  File "/usr/lib/python3.12/ast.py", line 52, in parse
    return compile(source, filename, mode, flags,
           ^^^^^^^^^^^^^^^^^^^^^^^^^^^^^^^^^^^^^^
  File "<unknown>", line 6
    	print(horas extras e faltas de falta)
    	      ^^^^^^^^^^^^
SyntaxError: invalid syntax. Perhaps you forgot a comma?
2025-07-17 23:29:15,861 cblogger [ERROR]: 		Error while extracting halsted code metrics: invalid syntax. Perhaps you forgot a comma? (<unknown>, line 6)
Traceback (most recent call last):
  File "/root/trabalho_super/QuestionInsight/Etapa_1/codebench-mining-tool/util.py", line 569, in extract_halstead_metrics
    h = h_visit(code)
        ^^^^^^^^^^^^^
  File "/root/trabalho_super/venv_jupyter/lib/python3.12/site-packages/radon/metrics.py", line 29, in h_visit
    return h_visit_ast(ast.parse(code))
                       ^^^^^^^^^^^^^^^
  File "/usr/lib/python3.12/ast.py", line 52, in parse
    return compile(source, filename, mode, flags,
           ^^^^^^^^^^^^^^^^^^^^^^^^^^^^^^^^^^^^^^
  File "<unknown>", line 6
    	print(horas extras e faltas de falta)
    	      ^^^^^^^^^^^^
SyntaxError: invalid syntax. Perhaps you forgot a comma?
2025-07-17 23:29:16,160 cblogger [ERROR]: 		Error while extracting code complexity metrics: expected an indented block after 'if' statement on line 7 (<unknown>, line 9)
Traceback (most recent call last):
  File "/root/trabalho_super/QuestionInsight/Etapa_1/codebench-mining-tool/util.py", line 551, in extract_complexity_metrics
    v = ComplexityVisitor.from_code(code)
        ^^^^^^^^^^^^^^^^^^^^^^^^^^^^^^^^^
  File "/root/trabalho_super/venv_jupyter/lib/python3.12/site-packages/radon/visitors.py", line 133, in from_code
    return cls.from_ast(code2ast(code), **kwargs)
                        ^^^^^^^^^^^^^^
  File "/root/trabalho_super/venv_jupyter/lib/python3.12/site-packages/radon/visitors.py", line 48, in code2ast
    return ast.parse(source)
           ^^^^^^^^^^^^^^^^^
  File "/usr/lib/python3.12/ast.py", line 52, in parse
    return compile(source, filename, mode, flags,
           ^^^^^^^^^^^^^^^^^^^^^^^^^^^^^^^^^^^^^^
  File "<unknown>", line 9
    	x=x+1
    	^
IndentationError: expected an indented block after 'if' statement on line 7
2025-07-17 23:29:16,160 cblogger [ERROR]: 		Error while extracting halsted code metrics: expected an indented block after 'if' statement on line 7 (<unknown>, line 9)
Traceback (most recent call last):
  File "/root/trabalho_super/QuestionInsight/Etapa_1/codebench-mining-tool/util.py", line 569, in extract_halstead_metrics
    h = h_visit(code)
        ^^^^^^^^^^^^^
  File "/root/trabalho_super/venv_jupyter/lib/python3.12/site-packages/radon/metrics.py", line 29, in h_visit
    return h_visit_ast(ast.parse(code))
                       ^^^^^^^^^^^^^^^
  File "/usr/lib/python3.12/ast.py", line 52, in parse
    return compile(source, filename, mode, flags,
           ^^^^^^^^^^^^^^^^^^^^^^^^^^^^^^^^^^^^^^
  File "<unknown>", line 9
    	x=x+1
    	^
IndentationError: expected an indented block after 'if' statement on line 7
2025-07-17 23:29:16,176 cblogger [ERROR]: 		Error while extracting code complexity metrics: invalid syntax (<unknown>, line 1)
Traceback (most recent call last):
  File "/root/trabalho_super/QuestionInsight/Etapa_1/codebench-mining-tool/util.py", line 551, in extract_complexity_metrics
    v = ComplexityVisitor.from_code(code)
        ^^^^^^^^^^^^^^^^^^^^^^^^^^^^^^^^^
  File "/root/trabalho_super/venv_jupyter/lib/python3.12/site-packages/radon/visitors.py", line 133, in from_code
    return cls.from_ast(code2ast(code), **kwargs)
                        ^^^^^^^^^^^^^^
  File "/root/trabalho_super/venv_jupyter/lib/python3.12/site-packages/radon/visitors.py", line 48, in code2ast
    return ast.parse(source)
           ^^^^^^^^^^^^^^^^^
  File "/usr/lib/python3.12/ast.py", line 52, in parse
    return compile(source, filename, mode, flags,
           ^^^^^^^^^^^^^^^^^^^^^^^^^^^^^^^^^^^^^^
  File "<unknown>", line 1
    digito=int(input"numero ")
                    ^^^^^^^^^
SyntaxError: invalid syntax
2025-07-17 23:29:16,177 cblogger [ERROR]: 		Error while extracting halsted code metrics: invalid syntax (<unknown>, line 1)
Traceback (most recent call last):
  File "/root/trabalho_super/QuestionInsight/Etapa_1/codebench-mining-tool/util.py", line 569, in extract_halstead_metrics
    h = h_visit(code)
        ^^^^^^^^^^^^^
  File "/root/trabalho_super/venv_jupyter/lib/python3.12/site-packages/radon/metrics.py", line 29, in h_visit
    return h_visit_ast(ast.parse(code))
                       ^^^^^^^^^^^^^^^
  File "/usr/lib/python3.12/ast.py", line 52, in parse
    return compile(source, filename, mode, flags,
           ^^^^^^^^^^^^^^^^^^^^^^^^^^^^^^^^^^^^^^
  File "<unknown>", line 1
    digito=int(input"numero ")
                    ^^^^^^^^^
SyntaxError: invalid syntax
2025-07-17 23:29:16,235 cblogger [ERROR]: 		Error while extracting code complexity metrics: invalid syntax (<unknown>, line 6)
Traceback (most recent call last):
  File "/root/trabalho_super/QuestionInsight/Etapa_1/codebench-mining-tool/util.py", line 551, in extract_complexity_metrics
    v = ComplexityVisitor.from_code(code)
        ^^^^^^^^^^^^^^^^^^^^^^^^^^^^^^^^^
  File "/root/trabalho_super/venv_jupyter/lib/python3.12/site-packages/radon/visitors.py", line 133, in from_code
    return cls.from_ast(code2ast(code), **kwargs)
                        ^^^^^^^^^^^^^^
  File "/root/trabalho_super/venv_jupyter/lib/python3.12/site-packages/radon/visitors.py", line 48, in code2ast
    return ast.parse(source)
           ^^^^^^^^^^^^^^^^^
  File "/usr/lib/python3.12/ast.py", line 52, in parse
    return compile(source, filename, mode, flags,
           ^^^^^^^^^^^^^^^^^^^^^^^^^^^^^^^^^^^^^^
  File "<unknown>", line 6
    if cidade== Belém and
                         ^
SyntaxError: invalid syntax
2025-07-17 23:29:16,235 cblogger [ERROR]: 		Error while extracting halsted code metrics: invalid syntax (<unknown>, line 6)
Traceback (most recent call last):
  File "/root/trabalho_super/QuestionInsight/Etapa_1/codebench-mining-tool/util.py", line 569, in extract_halstead_metrics
    h = h_visit(code)
        ^^^^^^^^^^^^^
  File "/root/trabalho_super/venv_jupyter/lib/python3.12/site-packages/radon/metrics.py", line 29, in h_visit
    return h_visit_ast(ast.parse(code))
                       ^^^^^^^^^^^^^^^
  File "/usr/lib/python3.12/ast.py", line 52, in parse
    return compile(source, filename, mode, flags,
           ^^^^^^^^^^^^^^^^^^^^^^^^^^^^^^^^^^^^^^
  File "<unknown>", line 6
    if cidade== Belém and
                         ^
SyntaxError: invalid syntax
2025-07-17 23:29:16,570 cblogger [ERROR]: 		Error while extracting code complexity metrics: invalid syntax (<unknown>, line 6)
Traceback (most recent call last):
  File "/root/trabalho_super/QuestionInsight/Etapa_1/codebench-mining-tool/util.py", line 551, in extract_complexity_metrics
    v = ComplexityVisitor.from_code(code)
        ^^^^^^^^^^^^^^^^^^^^^^^^^^^^^^^^^
  File "/root/trabalho_super/venv_jupyter/lib/python3.12/site-packages/radon/visitors.py", line 133, in from_code
    return cls.from_ast(code2ast(code), **kwargs)
                        ^^^^^^^^^^^^^^
  File "/root/trabalho_super/venv_jupyter/lib/python3.12/site-packages/radon/visitors.py", line 48, in code2ast
    return ast.parse(source)
           ^^^^^^^^^^^^^^^^^
  File "/usr/lib/python3.12/ast.py", line 52, in parse
    return compile(source, filename, mode, flags,
           ^^^^^^^^^^^^^^^^^^^^^^^^^^^^^^^^^^^^^^
  File "<unknown>", line 6
    for 
        ^
SyntaxError: invalid syntax
2025-07-17 23:29:16,571 cblogger [ERROR]: 		Error while extracting halsted code metrics: invalid syntax (<unknown>, line 6)
Traceback (most recent call last):
  File "/root/trabalho_super/QuestionInsight/Etapa_1/codebench-mining-tool/util.py", line 569, in extract_halstead_metrics
    h = h_visit(code)
        ^^^^^^^^^^^^^
  File "/root/trabalho_super/venv_jupyter/lib/python3.12/site-packages/radon/metrics.py", line 29, in h_visit
    return h_visit_ast(ast.parse(code))
                       ^^^^^^^^^^^^^^^
  File "/usr/lib/python3.12/ast.py", line 52, in parse
    return compile(source, filename, mode, flags,
           ^^^^^^^^^^^^^^^^^^^^^^^^^^^^^^^^^^^^^^
  File "<unknown>", line 6
    for 
        ^
SyntaxError: invalid syntax
2025-07-17 23:29:16,885 cblogger [ERROR]: 		Error while extracting code complexity metrics: invalid syntax (<unknown>, line 3)
Traceback (most recent call last):
  File "/root/trabalho_super/QuestionInsight/Etapa_1/codebench-mining-tool/util.py", line 551, in extract_complexity_metrics
    v = ComplexityVisitor.from_code(code)
        ^^^^^^^^^^^^^^^^^^^^^^^^^^^^^^^^^
  File "/root/trabalho_super/venv_jupyter/lib/python3.12/site-packages/radon/visitors.py", line 133, in from_code
    return cls.from_ast(code2ast(code), **kwargs)
                        ^^^^^^^^^^^^^^
  File "/root/trabalho_super/venv_jupyter/lib/python3.12/site-packages/radon/visitors.py", line 48, in code2ast
    return ast.parse(source)
           ^^^^^^^^^^^^^^^^^
  File "/usr/lib/python3.12/ast.py", line 52, in parse
    return compile(source, filename, mode, flags,
           ^^^^^^^^^^^^^^^^^^^^^^^^^^^^^^^^^^^^^^
  File "<unknown>", line 3
    if (( s <= 1659.38) and )
                            ^
SyntaxError: invalid syntax
2025-07-17 23:29:16,886 cblogger [ERROR]: 		Error while extracting halsted code metrics: invalid syntax (<unknown>, line 3)
Traceback (most recent call last):
  File "/root/trabalho_super/QuestionInsight/Etapa_1/codebench-mining-tool/util.py", line 569, in extract_halstead_metrics
    h = h_visit(code)
        ^^^^^^^^^^^^^
  File "/root/trabalho_super/venv_jupyter/lib/python3.12/site-packages/radon/metrics.py", line 29, in h_visit
    return h_visit_ast(ast.parse(code))
                       ^^^^^^^^^^^^^^^
  File "/usr/lib/python3.12/ast.py", line 52, in parse
    return compile(source, filename, mode, flags,
           ^^^^^^^^^^^^^^^^^^^^^^^^^^^^^^^^^^^^^^
  File "<unknown>", line 3
    if (( s <= 1659.38) and )
                            ^
SyntaxError: invalid syntax
2025-07-17 23:29:16,889 cblogger [ERROR]: 		Error while extracting code complexity metrics: unexpected indent (<unknown>, line 10)
Traceback (most recent call last):
  File "/root/trabalho_super/QuestionInsight/Etapa_1/codebench-mining-tool/util.py", line 551, in extract_complexity_metrics
    v = ComplexityVisitor.from_code(code)
        ^^^^^^^^^^^^^^^^^^^^^^^^^^^^^^^^^
  File "/root/trabalho_super/venv_jupyter/lib/python3.12/site-packages/radon/visitors.py", line 133, in from_code
    return cls.from_ast(code2ast(code), **kwargs)
                        ^^^^^^^^^^^^^^
  File "/root/trabalho_super/venv_jupyter/lib/python3.12/site-packages/radon/visitors.py", line 48, in code2ast
    return ast.parse(source)
           ^^^^^^^^^^^^^^^^^
  File "/usr/lib/python3.12/ast.py", line 52, in parse
    return compile(source, filename, mode, flags,
           ^^^^^^^^^^^^^^^^^^^^^^^^^^^^^^^^^^^^^^
  File "<unknown>", line 10
    		cont1 = cont1 + 1
    	^
IndentationError: unexpected indent
2025-07-17 23:29:16,890 cblogger [ERROR]: 		Error while extracting halsted code metrics: unexpected indent (<unknown>, line 10)
Traceback (most recent call last):
  File "/root/trabalho_super/QuestionInsight/Etapa_1/codebench-mining-tool/util.py", line 569, in extract_halstead_metrics
    h = h_visit(code)
        ^^^^^^^^^^^^^
  File "/root/trabalho_super/venv_jupyter/lib/python3.12/site-packages/radon/metrics.py", line 29, in h_visit
    return h_visit_ast(ast.parse(code))
                       ^^^^^^^^^^^^^^^
  File "/usr/lib/python3.12/ast.py", line 52, in parse
    return compile(source, filename, mode, flags,
           ^^^^^^^^^^^^^^^^^^^^^^^^^^^^^^^^^^^^^^
  File "<unknown>", line 10
    		cont1 = cont1 + 1
    	^
IndentationError: unexpected indent
2025-07-17 23:29:16,956 cblogger [ERROR]: 		Error while extracting code complexity metrics: expression cannot contain assignment, perhaps you meant "=="? (<unknown>, line 3)
Traceback (most recent call last):
  File "/root/trabalho_super/QuestionInsight/Etapa_1/codebench-mining-tool/util.py", line 551, in extract_complexity_metrics
    v = ComplexityVisitor.from_code(code)
        ^^^^^^^^^^^^^^^^^^^^^^^^^^^^^^^^^
  File "/root/trabalho_super/venv_jupyter/lib/python3.12/site-packages/radon/visitors.py", line 133, in from_code
    return cls.from_ast(code2ast(code), **kwargs)
                        ^^^^^^^^^^^^^^
  File "/root/trabalho_super/venv_jupyter/lib/python3.12/site-packages/radon/visitors.py", line 48, in code2ast
    return ast.parse(source)
           ^^^^^^^^^^^^^^^^^
  File "/usr/lib/python3.12/ast.py", line 52, in parse
    return compile(source, filename, mode, flags,
           ^^^^^^^^^^^^^^^^^^^^^^^^^^^^^^^^^^^^^^
  File "<unknown>", line 3
    v = zeros(size(l). dtype=int)
              ^^^^^^^^^^^^^^^
SyntaxError: expression cannot contain assignment, perhaps you meant "=="?
2025-07-17 23:29:16,957 cblogger [ERROR]: 		Error while extracting halsted code metrics: expression cannot contain assignment, perhaps you meant "=="? (<unknown>, line 3)
Traceback (most recent call last):
  File "/root/trabalho_super/QuestionInsight/Etapa_1/codebench-mining-tool/util.py", line 569, in extract_halstead_metrics
    h = h_visit(code)
        ^^^^^^^^^^^^^
  File "/root/trabalho_super/venv_jupyter/lib/python3.12/site-packages/radon/metrics.py", line 29, in h_visit
    return h_visit_ast(ast.parse(code))
                       ^^^^^^^^^^^^^^^
  File "/usr/lib/python3.12/ast.py", line 52, in parse
    return compile(source, filename, mode, flags,
           ^^^^^^^^^^^^^^^^^^^^^^^^^^^^^^^^^^^^^^
  File "<unknown>", line 3
    v = zeros(size(l). dtype=int)
              ^^^^^^^^^^^^^^^
SyntaxError: expression cannot contain assignment, perhaps you meant "=="?
2025-07-17 23:29:17,004 cblogger [ERROR]: 		Error while extracting code complexity metrics: expected an indented block after 'if' statement on line 14 (<unknown>, line 15)
Traceback (most recent call last):
  File "/root/trabalho_super/QuestionInsight/Etapa_1/codebench-mining-tool/util.py", line 551, in extract_complexity_metrics
    v = ComplexityVisitor.from_code(code)
        ^^^^^^^^^^^^^^^^^^^^^^^^^^^^^^^^^
  File "/root/trabalho_super/venv_jupyter/lib/python3.12/site-packages/radon/visitors.py", line 133, in from_code
    return cls.from_ast(code2ast(code), **kwargs)
                        ^^^^^^^^^^^^^^
  File "/root/trabalho_super/venv_jupyter/lib/python3.12/site-packages/radon/visitors.py", line 48, in code2ast
    return ast.parse(source)
           ^^^^^^^^^^^^^^^^^
  File "/usr/lib/python3.12/ast.py", line 52, in parse
    return compile(source, filename, mode, flags,
           ^^^^^^^^^^^^^^^^^^^^^^^^^^^^^^^^^^^^^^
  File "<unknown>", line 15
    	print("Nao ha intersecao")
    	^^^^^
IndentationError: expected an indented block after 'if' statement on line 14
2025-07-17 23:29:17,005 cblogger [ERROR]: 		Error while extracting halsted code metrics: expected an indented block after 'if' statement on line 14 (<unknown>, line 15)
Traceback (most recent call last):
  File "/root/trabalho_super/QuestionInsight/Etapa_1/codebench-mining-tool/util.py", line 569, in extract_halstead_metrics
    h = h_visit(code)
        ^^^^^^^^^^^^^
  File "/root/trabalho_super/venv_jupyter/lib/python3.12/site-packages/radon/metrics.py", line 29, in h_visit
    return h_visit_ast(ast.parse(code))
                       ^^^^^^^^^^^^^^^
  File "/usr/lib/python3.12/ast.py", line 52, in parse
    return compile(source, filename, mode, flags,
           ^^^^^^^^^^^^^^^^^^^^^^^^^^^^^^^^^^^^^^
  File "<unknown>", line 15
    	print("Nao ha intersecao")
    	^^^^^
IndentationError: expected an indented block after 'if' statement on line 14
2025-07-17 23:29:17,187 cblogger [ERROR]: 		Error while extracting code complexity metrics: unindent does not match any outer indentation level (<unknown>, line 21)
Traceback (most recent call last):
  File "/root/trabalho_super/QuestionInsight/Etapa_1/codebench-mining-tool/util.py", line 551, in extract_complexity_metrics
    v = ComplexityVisitor.from_code(code)
        ^^^^^^^^^^^^^^^^^^^^^^^^^^^^^^^^^
  File "/root/trabalho_super/venv_jupyter/lib/python3.12/site-packages/radon/visitors.py", line 133, in from_code
    return cls.from_ast(code2ast(code), **kwargs)
                        ^^^^^^^^^^^^^^
  File "/root/trabalho_super/venv_jupyter/lib/python3.12/site-packages/radon/visitors.py", line 48, in code2ast
    return ast.parse(source)
           ^^^^^^^^^^^^^^^^^
  File "/usr/lib/python3.12/ast.py", line 52, in parse
    return compile(source, filename, mode, flags,
           ^^^^^^^^^^^^^^^^^^^^^^^^^^^^^^^^^^^^^^
  File "<unknown>", line 21
    	else:
    	     ^
IndentationError: unindent does not match any outer indentation level
2025-07-17 23:29:17,187 cblogger [ERROR]: 		Error while extracting halsted code metrics: unindent does not match any outer indentation level (<unknown>, line 21)
Traceback (most recent call last):
  File "/root/trabalho_super/QuestionInsight/Etapa_1/codebench-mining-tool/util.py", line 569, in extract_halstead_metrics
    h = h_visit(code)
        ^^^^^^^^^^^^^
  File "/root/trabalho_super/venv_jupyter/lib/python3.12/site-packages/radon/metrics.py", line 29, in h_visit
    return h_visit_ast(ast.parse(code))
                       ^^^^^^^^^^^^^^^
  File "/usr/lib/python3.12/ast.py", line 52, in parse
    return compile(source, filename, mode, flags,
           ^^^^^^^^^^^^^^^^^^^^^^^^^^^^^^^^^^^^^^
  File "<unknown>", line 21
    	else:
    	     ^
IndentationError: unindent does not match any outer indentation level
2025-07-17 23:29:17,674 cblogger [ERROR]: 		Error while extracting code complexity metrics: expected ':' (<unknown>, line 3)
Traceback (most recent call last):
  File "/root/trabalho_super/QuestionInsight/Etapa_1/codebench-mining-tool/util.py", line 551, in extract_complexity_metrics
    v = ComplexityVisitor.from_code(code)
        ^^^^^^^^^^^^^^^^^^^^^^^^^^^^^^^^^
  File "/root/trabalho_super/venv_jupyter/lib/python3.12/site-packages/radon/visitors.py", line 133, in from_code
    return cls.from_ast(code2ast(code), **kwargs)
                        ^^^^^^^^^^^^^^
  File "/root/trabalho_super/venv_jupyter/lib/python3.12/site-packages/radon/visitors.py", line 48, in code2ast
    return ast.parse(source)
           ^^^^^^^^^^^^^^^^^
  File "/usr/lib/python3.12/ast.py", line 52, in parse
    return compile(source, filename, mode, flags,
           ^^^^^^^^^^^^^^^^^^^^^^^^^^^^^^^^^^^^^^
  File "<unknown>", line 3
    for i in range(size)
                        ^
SyntaxError: expected ':'
2025-07-17 23:29:17,678 cblogger [ERROR]: 		Error while extracting halsted code metrics: expected ':' (<unknown>, line 3)
Traceback (most recent call last):
  File "/root/trabalho_super/QuestionInsight/Etapa_1/codebench-mining-tool/util.py", line 569, in extract_halstead_metrics
    h = h_visit(code)
        ^^^^^^^^^^^^^
  File "/root/trabalho_super/venv_jupyter/lib/python3.12/site-packages/radon/metrics.py", line 29, in h_visit
    return h_visit_ast(ast.parse(code))
                       ^^^^^^^^^^^^^^^
  File "/usr/lib/python3.12/ast.py", line 52, in parse
    return compile(source, filename, mode, flags,
           ^^^^^^^^^^^^^^^^^^^^^^^^^^^^^^^^^^^^^^
  File "<unknown>", line 3
    for i in range(size)
                        ^
SyntaxError: expected ':'
2025-07-17 23:29:17,687 cblogger [ERROR]: 		Error while extracting code complexity metrics: expected an indented block after 'for' statement on line 7 (<unknown>, line 8)
Traceback (most recent call last):
  File "/root/trabalho_super/QuestionInsight/Etapa_1/codebench-mining-tool/util.py", line 551, in extract_complexity_metrics
    v = ComplexityVisitor.from_code(code)
        ^^^^^^^^^^^^^^^^^^^^^^^^^^^^^^^^^
  File "/root/trabalho_super/venv_jupyter/lib/python3.12/site-packages/radon/visitors.py", line 133, in from_code
    return cls.from_ast(code2ast(code), **kwargs)
                        ^^^^^^^^^^^^^^
  File "/root/trabalho_super/venv_jupyter/lib/python3.12/site-packages/radon/visitors.py", line 48, in code2ast
    return ast.parse(source)
           ^^^^^^^^^^^^^^^^^
  File "/usr/lib/python3.12/ast.py", line 52, in parse
    return compile(source, filename, mode, flags,
           ^^^^^^^^^^^^^^^^^^^^^^^^^^^^^^^^^^^^^^
  File "<unknown>", line 8
    	
    	^
IndentationError: expected an indented block after 'for' statement on line 7
2025-07-17 23:29:17,688 cblogger [ERROR]: 		Error while extracting halsted code metrics: expected an indented block after 'for' statement on line 7 (<unknown>, line 8)
Traceback (most recent call last):
  File "/root/trabalho_super/QuestionInsight/Etapa_1/codebench-mining-tool/util.py", line 569, in extract_halstead_metrics
    h = h_visit(code)
        ^^^^^^^^^^^^^
  File "/root/trabalho_super/venv_jupyter/lib/python3.12/site-packages/radon/metrics.py", line 29, in h_visit
    return h_visit_ast(ast.parse(code))
                       ^^^^^^^^^^^^^^^
  File "/usr/lib/python3.12/ast.py", line 52, in parse
    return compile(source, filename, mode, flags,
           ^^^^^^^^^^^^^^^^^^^^^^^^^^^^^^^^^^^^^^
  File "<unknown>", line 8
    	
    	^
IndentationError: expected an indented block after 'for' statement on line 7
2025-07-17 23:29:17,698 cblogger [ERROR]: 		Error while extracting code complexity metrics: expression cannot contain assignment, perhaps you meant "=="? (<unknown>, line 4)
Traceback (most recent call last):
  File "/root/trabalho_super/QuestionInsight/Etapa_1/codebench-mining-tool/util.py", line 551, in extract_complexity_metrics
    v = ComplexityVisitor.from_code(code)
        ^^^^^^^^^^^^^^^^^^^^^^^^^^^^^^^^^
  File "/root/trabalho_super/venv_jupyter/lib/python3.12/site-packages/radon/visitors.py", line 133, in from_code
    return cls.from_ast(code2ast(code), **kwargs)
                        ^^^^^^^^^^^^^^
  File "/root/trabalho_super/venv_jupyter/lib/python3.12/site-packages/radon/visitors.py", line 48, in code2ast
    return ast.parse(source)
           ^^^^^^^^^^^^^^^^^
  File "/usr/lib/python3.12/ast.py", line 52, in parse
    return compile(source, filename, mode, flags,
           ^^^^^^^^^^^^^^^^^^^^^^^^^^^^^^^^^^^^^^
  File "<unknown>", line 4
    for i in range(len[v].dtype=float)
                   ^^^^^^^^^^^^^
SyntaxError: expression cannot contain assignment, perhaps you meant "=="?
2025-07-17 23:29:17,699 cblogger [ERROR]: 		Error while extracting halsted code metrics: expression cannot contain assignment, perhaps you meant "=="? (<unknown>, line 4)
Traceback (most recent call last):
  File "/root/trabalho_super/QuestionInsight/Etapa_1/codebench-mining-tool/util.py", line 569, in extract_halstead_metrics
    h = h_visit(code)
        ^^^^^^^^^^^^^
  File "/root/trabalho_super/venv_jupyter/lib/python3.12/site-packages/radon/metrics.py", line 29, in h_visit
    return h_visit_ast(ast.parse(code))
                       ^^^^^^^^^^^^^^^
  File "/usr/lib/python3.12/ast.py", line 52, in parse
    return compile(source, filename, mode, flags,
           ^^^^^^^^^^^^^^^^^^^^^^^^^^^^^^^^^^^^^^
  File "<unknown>", line 4
    for i in range(len[v].dtype=float)
                   ^^^^^^^^^^^^^
SyntaxError: expression cannot contain assignment, perhaps you meant "=="?
2025-07-17 23:29:17,827 cblogger [ERROR]: 		Error while extracting code complexity metrics: invalid syntax (<unknown>, line 9)
Traceback (most recent call last):
  File "/root/trabalho_super/QuestionInsight/Etapa_1/codebench-mining-tool/util.py", line 551, in extract_complexity_metrics
    v = ComplexityVisitor.from_code(code)
        ^^^^^^^^^^^^^^^^^^^^^^^^^^^^^^^^^
  File "/root/trabalho_super/venv_jupyter/lib/python3.12/site-packages/radon/visitors.py", line 133, in from_code
    return cls.from_ast(code2ast(code), **kwargs)
                        ^^^^^^^^^^^^^^
  File "/root/trabalho_super/venv_jupyter/lib/python3.12/site-packages/radon/visitors.py", line 48, in code2ast
    return ast.parse(source)
           ^^^^^^^^^^^^^^^^^
  File "/usr/lib/python3.12/ast.py", line 52, in parse
    return compile(source, filename, mode, flags,
           ^^^^^^^^^^^^^^^^^^^^^^^^^^^^^^^^^^^^^^
  File "<unknown>", line 9
    	if i ==
    	       ^
SyntaxError: invalid syntax
2025-07-17 23:29:17,828 cblogger [ERROR]: 		Error while extracting halsted code metrics: invalid syntax (<unknown>, line 9)
Traceback (most recent call last):
  File "/root/trabalho_super/QuestionInsight/Etapa_1/codebench-mining-tool/util.py", line 569, in extract_halstead_metrics
    h = h_visit(code)
        ^^^^^^^^^^^^^
  File "/root/trabalho_super/venv_jupyter/lib/python3.12/site-packages/radon/metrics.py", line 29, in h_visit
    return h_visit_ast(ast.parse(code))
                       ^^^^^^^^^^^^^^^
  File "/usr/lib/python3.12/ast.py", line 52, in parse
    return compile(source, filename, mode, flags,
           ^^^^^^^^^^^^^^^^^^^^^^^^^^^^^^^^^^^^^^
  File "<unknown>", line 9
    	if i ==
    	       ^
SyntaxError: invalid syntax
2025-07-17 23:29:17,937 cblogger [ERROR]: 		Error while extracting code complexity metrics: expected ':' (<unknown>, line 8)
Traceback (most recent call last):
  File "/root/trabalho_super/QuestionInsight/Etapa_1/codebench-mining-tool/util.py", line 551, in extract_complexity_metrics
    v = ComplexityVisitor.from_code(code)
        ^^^^^^^^^^^^^^^^^^^^^^^^^^^^^^^^^
  File "/root/trabalho_super/venv_jupyter/lib/python3.12/site-packages/radon/visitors.py", line 133, in from_code
    return cls.from_ast(code2ast(code), **kwargs)
                        ^^^^^^^^^^^^^^
  File "/root/trabalho_super/venv_jupyter/lib/python3.12/site-packages/radon/visitors.py", line 48, in code2ast
    return ast.parse(source)
           ^^^^^^^^^^^^^^^^^
  File "/usr/lib/python3.12/ast.py", line 52, in parse
    return compile(source, filename, mode, flags,
           ^^^^^^^^^^^^^^^^^^^^^^^^^^^^^^^^^^^^^^
  File "<unknown>", line 8
    			if (i >= 5 and i < 7)
    			                     ^
SyntaxError: expected ':'
2025-07-17 23:29:17,938 cblogger [ERROR]: 		Error while extracting halsted code metrics: expected ':' (<unknown>, line 8)
Traceback (most recent call last):
  File "/root/trabalho_super/QuestionInsight/Etapa_1/codebench-mining-tool/util.py", line 569, in extract_halstead_metrics
    h = h_visit(code)
        ^^^^^^^^^^^^^
  File "/root/trabalho_super/venv_jupyter/lib/python3.12/site-packages/radon/metrics.py", line 29, in h_visit
    return h_visit_ast(ast.parse(code))
                       ^^^^^^^^^^^^^^^
  File "/usr/lib/python3.12/ast.py", line 52, in parse
    return compile(source, filename, mode, flags,
           ^^^^^^^^^^^^^^^^^^^^^^^^^^^^^^^^^^^^^^
  File "<unknown>", line 8
    			if (i >= 5 and i < 7)
    			                     ^
SyntaxError: expected ':'
2025-07-17 23:29:18,024 cblogger [ERROR]: 		Error while extracting code complexity metrics: invalid syntax (<unknown>, line 1)
Traceback (most recent call last):
  File "/root/trabalho_super/QuestionInsight/Etapa_1/codebench-mining-tool/util.py", line 551, in extract_complexity_metrics
    v = ComplexityVisitor.from_code(code)
        ^^^^^^^^^^^^^^^^^^^^^^^^^^^^^^^^^
  File "/root/trabalho_super/venv_jupyter/lib/python3.12/site-packages/radon/visitors.py", line 133, in from_code
    return cls.from_ast(code2ast(code), **kwargs)
                        ^^^^^^^^^^^^^^
  File "/root/trabalho_super/venv_jupyter/lib/python3.12/site-packages/radon/visitors.py", line 48, in code2ast
    return ast.parse(source)
           ^^^^^^^^^^^^^^^^^
  File "/usr/lib/python3.12/ast.py", line 52, in parse
    return compile(source, filename, mode, flags,
           ^^^^^^^^^^^^^^^^^^^^^^^^^^^^^^^^^^^^^^
  File "<unknown>", line 1
    var=int(input"valor da renda: ")
                 ^^^^^^^^^^^^^^^^^^
SyntaxError: invalid syntax
2025-07-17 23:29:18,025 cblogger [ERROR]: 		Error while extracting halsted code metrics: invalid syntax (<unknown>, line 1)
Traceback (most recent call last):
  File "/root/trabalho_super/QuestionInsight/Etapa_1/codebench-mining-tool/util.py", line 569, in extract_halstead_metrics
    h = h_visit(code)
        ^^^^^^^^^^^^^
  File "/root/trabalho_super/venv_jupyter/lib/python3.12/site-packages/radon/metrics.py", line 29, in h_visit
    return h_visit_ast(ast.parse(code))
                       ^^^^^^^^^^^^^^^
  File "/usr/lib/python3.12/ast.py", line 52, in parse
    return compile(source, filename, mode, flags,
           ^^^^^^^^^^^^^^^^^^^^^^^^^^^^^^^^^^^^^^
  File "<unknown>", line 1
    var=int(input"valor da renda: ")
                 ^^^^^^^^^^^^^^^^^^
SyntaxError: invalid syntax
2025-07-17 23:29:18,131 cblogger [ERROR]: 		Error while extracting code complexity metrics: '(' was never closed (<unknown>, line 1)
Traceback (most recent call last):
  File "/root/trabalho_super/QuestionInsight/Etapa_1/codebench-mining-tool/util.py", line 551, in extract_complexity_metrics
    v = ComplexityVisitor.from_code(code)
        ^^^^^^^^^^^^^^^^^^^^^^^^^^^^^^^^^
  File "/root/trabalho_super/venv_jupyter/lib/python3.12/site-packages/radon/visitors.py", line 133, in from_code
    return cls.from_ast(code2ast(code), **kwargs)
                        ^^^^^^^^^^^^^^
  File "/root/trabalho_super/venv_jupyter/lib/python3.12/site-packages/radon/visitors.py", line 48, in code2ast
    return ast.parse(source)
           ^^^^^^^^^^^^^^^^^
  File "/usr/lib/python3.12/ast.py", line 52, in parse
    return compile(source, filename, mode, flags,
           ^^^^^^^^^^^^^^^^^^^^^^^^^^^^^^^^^^^^^^
  File "<unknown>", line 1
    input(int(": ").u
         ^
SyntaxError: '(' was never closed
2025-07-17 23:29:18,131 cblogger [ERROR]: 		Error while extracting code size based metrics: SyntaxError at line: 1
Traceback (most recent call last):
  File "/root/trabalho_super/venv_jupyter/lib/python3.12/site-packages/radon/raw.py", line 210, in analyze
    tokens, parsed_lines = _get_all_tokens(line, lines)
                           ^^^^^^^^^^^^^^^^^^^^^^^^^^^^
  File "/root/trabalho_super/venv_jupyter/lib/python3.12/site-packages/radon/raw.py", line 117, in _get_all_tokens
    next_line = next(lines)
                ^^^^^^^^^^^
StopIteration

During handling of the above exception, another exception occurred:

Traceback (most recent call last):
  File "/root/trabalho_super/QuestionInsight/Etapa_1/codebench-mining-tool/util.py", line 560, in extract_size_metrics
    a = analyze(code)
        ^^^^^^^^^^^^^
  File "/root/trabalho_super/venv_jupyter/lib/python3.12/site-packages/radon/raw.py", line 212, in analyze
    raise SyntaxError('SyntaxError at line: {0}'.format(lineno))
SyntaxError: SyntaxError at line: 1
2025-07-17 23:29:18,131 cblogger [ERROR]: 		Error while extracting halsted code metrics: '(' was never closed (<unknown>, line 1)
Traceback (most recent call last):
  File "/root/trabalho_super/QuestionInsight/Etapa_1/codebench-mining-tool/util.py", line 569, in extract_halstead_metrics
    h = h_visit(code)
        ^^^^^^^^^^^^^
  File "/root/trabalho_super/venv_jupyter/lib/python3.12/site-packages/radon/metrics.py", line 29, in h_visit
    return h_visit_ast(ast.parse(code))
                       ^^^^^^^^^^^^^^^
  File "/usr/lib/python3.12/ast.py", line 52, in parse
    return compile(source, filename, mode, flags,
           ^^^^^^^^^^^^^^^^^^^^^^^^^^^^^^^^^^^^^^
  File "<unknown>", line 1
    input(int(": ").u
         ^
SyntaxError: '(' was never closed
2025-07-17 23:29:18,202 cblogger [ERROR]: 		Error while extracting code complexity metrics: unterminated string literal (detected at line 1) (<unknown>, line 1)
Traceback (most recent call last):
  File "/root/trabalho_super/QuestionInsight/Etapa_1/codebench-mining-tool/util.py", line 551, in extract_complexity_metrics
    v = ComplexityVisitor.from_code(code)
        ^^^^^^^^^^^^^^^^^^^^^^^^^^^^^^^^^
  File "/root/trabalho_super/venv_jupyter/lib/python3.12/site-packages/radon/visitors.py", line 133, in from_code
    return cls.from_ast(code2ast(code), **kwargs)
                        ^^^^^^^^^^^^^^
  File "/root/trabalho_super/venv_jupyter/lib/python3.12/site-packages/radon/visitors.py", line 48, in code2ast
    return ast.parse(source)
           ^^^^^^^^^^^^^^^^^
  File "/usr/lib/python3.12/ast.py", line 52, in parse
    return compile(source, filename, mode, flags,
           ^^^^^^^^^^^^^^^^^^^^^^^^^^^^^^^^^^^^^^
  File "<unknown>", line 1
    var1 = float(input(")
                       ^
SyntaxError: unterminated string literal (detected at line 1)
2025-07-17 23:29:18,202 cblogger [ERROR]: 		Error while extracting code size based metrics: SyntaxError at line: 1
Traceback (most recent call last):
  File "/root/trabalho_super/venv_jupyter/lib/python3.12/site-packages/radon/raw.py", line 210, in analyze
    tokens, parsed_lines = _get_all_tokens(line, lines)
                           ^^^^^^^^^^^^^^^^^^^^^^^^^^^^
  File "/root/trabalho_super/venv_jupyter/lib/python3.12/site-packages/radon/raw.py", line 117, in _get_all_tokens
    next_line = next(lines)
                ^^^^^^^^^^^
StopIteration

During handling of the above exception, another exception occurred:

Traceback (most recent call last):
  File "/root/trabalho_super/QuestionInsight/Etapa_1/codebench-mining-tool/util.py", line 560, in extract_size_metrics
    a = analyze(code)
        ^^^^^^^^^^^^^
  File "/root/trabalho_super/venv_jupyter/lib/python3.12/site-packages/radon/raw.py", line 212, in analyze
    raise SyntaxError('SyntaxError at line: {0}'.format(lineno))
SyntaxError: SyntaxError at line: 1
2025-07-17 23:29:18,203 cblogger [ERROR]: 		Error while extracting halsted code metrics: unterminated string literal (detected at line 1) (<unknown>, line 1)
Traceback (most recent call last):
  File "/root/trabalho_super/QuestionInsight/Etapa_1/codebench-mining-tool/util.py", line 569, in extract_halstead_metrics
    h = h_visit(code)
        ^^^^^^^^^^^^^
  File "/root/trabalho_super/venv_jupyter/lib/python3.12/site-packages/radon/metrics.py", line 29, in h_visit
    return h_visit_ast(ast.parse(code))
                       ^^^^^^^^^^^^^^^
  File "/usr/lib/python3.12/ast.py", line 52, in parse
    return compile(source, filename, mode, flags,
           ^^^^^^^^^^^^^^^^^^^^^^^^^^^^^^^^^^^^^^
  File "<unknown>", line 1
    var1 = float(input(")
                       ^
SyntaxError: unterminated string literal (detected at line 1)
2025-07-17 23:29:18,209 cblogger [ERROR]: 		Error while extracting code complexity metrics: invalid syntax (<unknown>, line 1)
Traceback (most recent call last):
  File "/root/trabalho_super/QuestionInsight/Etapa_1/codebench-mining-tool/util.py", line 551, in extract_complexity_metrics
    v = ComplexityVisitor.from_code(code)
        ^^^^^^^^^^^^^^^^^^^^^^^^^^^^^^^^^
  File "/root/trabalho_super/venv_jupyter/lib/python3.12/site-packages/radon/visitors.py", line 133, in from_code
    return cls.from_ast(code2ast(code), **kwargs)
                        ^^^^^^^^^^^^^^
  File "/root/trabalho_super/venv_jupyter/lib/python3.12/site-packages/radon/visitors.py", line 48, in code2ast
    return ast.parse(source)
           ^^^^^^^^^^^^^^^^^
  File "/usr/lib/python3.12/ast.py", line 52, in parse
    return compile(source, filename, mode, flags,
           ^^^^^^^^^^^^^^^^^^^^^^^^^^^^^^^^^^^^^^
  File "<unknown>", line 1
    feom m
         ^
SyntaxError: invalid syntax
2025-07-17 23:29:18,210 cblogger [ERROR]: 		Error while extracting halsted code metrics: invalid syntax (<unknown>, line 1)
Traceback (most recent call last):
  File "/root/trabalho_super/QuestionInsight/Etapa_1/codebench-mining-tool/util.py", line 569, in extract_halstead_metrics
    h = h_visit(code)
        ^^^^^^^^^^^^^
  File "/root/trabalho_super/venv_jupyter/lib/python3.12/site-packages/radon/metrics.py", line 29, in h_visit
    return h_visit_ast(ast.parse(code))
                       ^^^^^^^^^^^^^^^
  File "/usr/lib/python3.12/ast.py", line 52, in parse
    return compile(source, filename, mode, flags,
           ^^^^^^^^^^^^^^^^^^^^^^^^^^^^^^^^^^^^^^
  File "<unknown>", line 1
    feom m
         ^
SyntaxError: invalid syntax
2025-07-17 23:29:18,214 cblogger [ERROR]: 		Error while extracting code complexity metrics: expected an indented block after 'while' statement on line 5 (<unknown>, line 7)
Traceback (most recent call last):
  File "/root/trabalho_super/QuestionInsight/Etapa_1/codebench-mining-tool/util.py", line 551, in extract_complexity_metrics
    v = ComplexityVisitor.from_code(code)
        ^^^^^^^^^^^^^^^^^^^^^^^^^^^^^^^^^
  File "/root/trabalho_super/venv_jupyter/lib/python3.12/site-packages/radon/visitors.py", line 133, in from_code
    return cls.from_ast(code2ast(code), **kwargs)
                        ^^^^^^^^^^^^^^
  File "/root/trabalho_super/venv_jupyter/lib/python3.12/site-packages/radon/visitors.py", line 48, in code2ast
    return ast.parse(source)
           ^^^^^^^^^^^^^^^^^
  File "/usr/lib/python3.12/ast.py", line 52, in parse
    return compile(source, filename, mode, flags,
           ^^^^^^^^^^^^^^^^^^^^^^^^^^^^^^^^^^^^^^
  File "<unknown>", line 7
    	
    	^
IndentationError: expected an indented block after 'while' statement on line 5
2025-07-17 23:29:18,214 cblogger [ERROR]: 		Error while extracting halsted code metrics: expected an indented block after 'while' statement on line 5 (<unknown>, line 7)
Traceback (most recent call last):
  File "/root/trabalho_super/QuestionInsight/Etapa_1/codebench-mining-tool/util.py", line 569, in extract_halstead_metrics
    h = h_visit(code)
        ^^^^^^^^^^^^^
  File "/root/trabalho_super/venv_jupyter/lib/python3.12/site-packages/radon/metrics.py", line 29, in h_visit
    return h_visit_ast(ast.parse(code))
                       ^^^^^^^^^^^^^^^
  File "/usr/lib/python3.12/ast.py", line 52, in parse
    return compile(source, filename, mode, flags,
           ^^^^^^^^^^^^^^^^^^^^^^^^^^^^^^^^^^^^^^
  File "<unknown>", line 7
    	
    	^
IndentationError: expected an indented block after 'while' statement on line 5
2025-07-17 23:29:18,257 cblogger [ERROR]: 		Error while extracting code complexity metrics: '(' was never closed (<unknown>, line 7)
Traceback (most recent call last):
  File "/root/trabalho_super/QuestionInsight/Etapa_1/codebench-mining-tool/util.py", line 551, in extract_complexity_metrics
    v = ComplexityVisitor.from_code(code)
        ^^^^^^^^^^^^^^^^^^^^^^^^^^^^^^^^^
  File "/root/trabalho_super/venv_jupyter/lib/python3.12/site-packages/radon/visitors.py", line 133, in from_code
    return cls.from_ast(code2ast(code), **kwargs)
                        ^^^^^^^^^^^^^^
  File "/root/trabalho_super/venv_jupyter/lib/python3.12/site-packages/radon/visitors.py", line 48, in code2ast
    return ast.parse(source)
           ^^^^^^^^^^^^^^^^^
  File "/usr/lib/python3.12/ast.py", line 52, in parse
    return compile(source, filename, mode, flags,
           ^^^^^^^^^^^^^^^^^^^^^^^^^^^^^^^^^^^^^^
  File "<unknown>", line 7
    if((Vo >=0)and (theta > 0) and (theta<90)
      ^
SyntaxError: '(' was never closed
2025-07-17 23:29:18,258 cblogger [ERROR]: 		Error while extracting code size based metrics: SyntaxError at line: 7
Traceback (most recent call last):
  File "/root/trabalho_super/venv_jupyter/lib/python3.12/site-packages/radon/raw.py", line 210, in analyze
    tokens, parsed_lines = _get_all_tokens(line, lines)
                           ^^^^^^^^^^^^^^^^^^^^^^^^^^^^
  File "/root/trabalho_super/venv_jupyter/lib/python3.12/site-packages/radon/raw.py", line 117, in _get_all_tokens
    next_line = next(lines)
                ^^^^^^^^^^^
StopIteration

During handling of the above exception, another exception occurred:

Traceback (most recent call last):
  File "/root/trabalho_super/QuestionInsight/Etapa_1/codebench-mining-tool/util.py", line 560, in extract_size_metrics
    a = analyze(code)
        ^^^^^^^^^^^^^
  File "/root/trabalho_super/venv_jupyter/lib/python3.12/site-packages/radon/raw.py", line 212, in analyze
    raise SyntaxError('SyntaxError at line: {0}'.format(lineno))
SyntaxError: SyntaxError at line: 7
2025-07-17 23:29:18,259 cblogger [ERROR]: 		Error while extracting halsted code metrics: '(' was never closed (<unknown>, line 7)
Traceback (most recent call last):
  File "/root/trabalho_super/QuestionInsight/Etapa_1/codebench-mining-tool/util.py", line 569, in extract_halstead_metrics
    h = h_visit(code)
        ^^^^^^^^^^^^^
  File "/root/trabalho_super/venv_jupyter/lib/python3.12/site-packages/radon/metrics.py", line 29, in h_visit
    return h_visit_ast(ast.parse(code))
                       ^^^^^^^^^^^^^^^
  File "/usr/lib/python3.12/ast.py", line 52, in parse
    return compile(source, filename, mode, flags,
           ^^^^^^^^^^^^^^^^^^^^^^^^^^^^^^^^^^^^^^
  File "<unknown>", line 7
    if((Vo >=0)and (theta > 0) and (theta<90)
      ^
SyntaxError: '(' was never closed
2025-07-17 23:29:18,328 cblogger [ERROR]: 		Error while extracting code complexity metrics: invalid syntax (<unknown>, line 3)
Traceback (most recent call last):
  File "/root/trabalho_super/QuestionInsight/Etapa_1/codebench-mining-tool/util.py", line 551, in extract_complexity_metrics
    v = ComplexityVisitor.from_code(code)
        ^^^^^^^^^^^^^^^^^^^^^^^^^^^^^^^^^
  File "/root/trabalho_super/venv_jupyter/lib/python3.12/site-packages/radon/visitors.py", line 133, in from_code
    return cls.from_ast(code2ast(code), **kwargs)
                        ^^^^^^^^^^^^^^
  File "/root/trabalho_super/venv_jupyter/lib/python3.12/site-packages/radon/visitors.py", line 48, in code2ast
    return ast.parse(source)
           ^^^^^^^^^^^^^^^^^
  File "/usr/lib/python3.12/ast.py", line 52, in parse
    return compile(source, filename, mode, flags,
           ^^^^^^^^^^^^^^^^^^^^^^^^^^^^^^^^^^^^^^
  File "<unknown>", line 3
    var=
        ^
SyntaxError: invalid syntax
2025-07-17 23:29:18,329 cblogger [ERROR]: 		Error while extracting halsted code metrics: invalid syntax (<unknown>, line 3)
Traceback (most recent call last):
  File "/root/trabalho_super/QuestionInsight/Etapa_1/codebench-mining-tool/util.py", line 569, in extract_halstead_metrics
    h = h_visit(code)
        ^^^^^^^^^^^^^
  File "/root/trabalho_super/venv_jupyter/lib/python3.12/site-packages/radon/metrics.py", line 29, in h_visit
    return h_visit_ast(ast.parse(code))
                       ^^^^^^^^^^^^^^^
  File "/usr/lib/python3.12/ast.py", line 52, in parse
    return compile(source, filename, mode, flags,
           ^^^^^^^^^^^^^^^^^^^^^^^^^^^^^^^^^^^^^^
  File "<unknown>", line 3
    var=
        ^
SyntaxError: invalid syntax
2025-07-17 23:29:18,339 cblogger [ERROR]: 		Error while extracting code complexity metrics: invalid syntax (<unknown>, line 2)
Traceback (most recent call last):
  File "/root/trabalho_super/QuestionInsight/Etapa_1/codebench-mining-tool/util.py", line 551, in extract_complexity_metrics
    v = ComplexityVisitor.from_code(code)
        ^^^^^^^^^^^^^^^^^^^^^^^^^^^^^^^^^
  File "/root/trabalho_super/venv_jupyter/lib/python3.12/site-packages/radon/visitors.py", line 133, in from_code
    return cls.from_ast(code2ast(code), **kwargs)
                        ^^^^^^^^^^^^^^
  File "/root/trabalho_super/venv_jupyter/lib/python3.12/site-packages/radon/visitors.py", line 48, in code2ast
    return ast.parse(source)
           ^^^^^^^^^^^^^^^^^
  File "/usr/lib/python3.12/ast.py", line 52, in parse
    return compile(source, filename, mode, flags,
           ^^^^^^^^^^^^^^^^^^^^^^^^^^^^^^^^^^^^^^
  File "<unknown>", line 2
    area =
          ^
SyntaxError: invalid syntax
2025-07-17 23:29:18,340 cblogger [ERROR]: 		Error while extracting halsted code metrics: invalid syntax (<unknown>, line 2)
Traceback (most recent call last):
  File "/root/trabalho_super/QuestionInsight/Etapa_1/codebench-mining-tool/util.py", line 569, in extract_halstead_metrics
    h = h_visit(code)
        ^^^^^^^^^^^^^
  File "/root/trabalho_super/venv_jupyter/lib/python3.12/site-packages/radon/metrics.py", line 29, in h_visit
    return h_visit_ast(ast.parse(code))
                       ^^^^^^^^^^^^^^^
  File "/usr/lib/python3.12/ast.py", line 52, in parse
    return compile(source, filename, mode, flags,
           ^^^^^^^^^^^^^^^^^^^^^^^^^^^^^^^^^^^^^^
  File "<unknown>", line 2
    area =
          ^
SyntaxError: invalid syntax
2025-07-17 23:29:18,767 cblogger [ERROR]: 		Error while extracting code complexity metrics: unindent does not match any outer indentation level (<unknown>, line 9)
Traceback (most recent call last):
  File "/root/trabalho_super/QuestionInsight/Etapa_1/codebench-mining-tool/util.py", line 551, in extract_complexity_metrics
    v = ComplexityVisitor.from_code(code)
        ^^^^^^^^^^^^^^^^^^^^^^^^^^^^^^^^^
  File "/root/trabalho_super/venv_jupyter/lib/python3.12/site-packages/radon/visitors.py", line 133, in from_code
    return cls.from_ast(code2ast(code), **kwargs)
                        ^^^^^^^^^^^^^^
  File "/root/trabalho_super/venv_jupyter/lib/python3.12/site-packages/radon/visitors.py", line 48, in code2ast
    return ast.parse(source)
           ^^^^^^^^^^^^^^^^^
  File "/usr/lib/python3.12/ast.py", line 52, in parse
    return compile(source, filename, mode, flags,
           ^^^^^^^^^^^^^^^^^^^^^^^^^^^^^^^^^^^^^^
  File "<unknown>", line 9
    	elif x == 'L':
    	              ^
IndentationError: unindent does not match any outer indentation level
2025-07-17 23:29:18,768 cblogger [ERROR]: 		Error while extracting halsted code metrics: unindent does not match any outer indentation level (<unknown>, line 9)
Traceback (most recent call last):
  File "/root/trabalho_super/QuestionInsight/Etapa_1/codebench-mining-tool/util.py", line 569, in extract_halstead_metrics
    h = h_visit(code)
        ^^^^^^^^^^^^^
  File "/root/trabalho_super/venv_jupyter/lib/python3.12/site-packages/radon/metrics.py", line 29, in h_visit
    return h_visit_ast(ast.parse(code))
                       ^^^^^^^^^^^^^^^
  File "/usr/lib/python3.12/ast.py", line 52, in parse
    return compile(source, filename, mode, flags,
           ^^^^^^^^^^^^^^^^^^^^^^^^^^^^^^^^^^^^^^
  File "<unknown>", line 9
    	elif x == 'L':
    	              ^
IndentationError: unindent does not match any outer indentation level
2025-07-17 23:29:18,778 cblogger [ERROR]: 		Error while extracting code complexity metrics: expected ':' (<unknown>, line 4)
Traceback (most recent call last):
  File "/root/trabalho_super/QuestionInsight/Etapa_1/codebench-mining-tool/util.py", line 551, in extract_complexity_metrics
    v = ComplexityVisitor.from_code(code)
        ^^^^^^^^^^^^^^^^^^^^^^^^^^^^^^^^^
  File "/root/trabalho_super/venv_jupyter/lib/python3.12/site-packages/radon/visitors.py", line 133, in from_code
    return cls.from_ast(code2ast(code), **kwargs)
                        ^^^^^^^^^^^^^^
  File "/root/trabalho_super/venv_jupyter/lib/python3.12/site-packages/radon/visitors.py", line 48, in code2ast
    return ast.parse(source)
           ^^^^^^^^^^^^^^^^^
  File "/usr/lib/python3.12/ast.py", line 52, in parse
    return compile(source, filename, mode, flags,
           ^^^^^^^^^^^^^^^^^^^^^^^^^^^^^^^^^^^^^^
  File "<unknown>", line 4
    if indice >400
                  ^
SyntaxError: expected ':'
2025-07-17 23:29:18,785 cblogger [ERROR]: 		Error while extracting halsted code metrics: expected ':' (<unknown>, line 4)
Traceback (most recent call last):
  File "/root/trabalho_super/QuestionInsight/Etapa_1/codebench-mining-tool/util.py", line 569, in extract_halstead_metrics
    h = h_visit(code)
        ^^^^^^^^^^^^^
  File "/root/trabalho_super/venv_jupyter/lib/python3.12/site-packages/radon/metrics.py", line 29, in h_visit
    return h_visit_ast(ast.parse(code))
                       ^^^^^^^^^^^^^^^
  File "/usr/lib/python3.12/ast.py", line 52, in parse
    return compile(source, filename, mode, flags,
           ^^^^^^^^^^^^^^^^^^^^^^^^^^^^^^^^^^^^^^
  File "<unknown>", line 4
    if indice >400
                  ^
SyntaxError: expected ':'
2025-07-17 23:29:18,791 cblogger [ERROR]: 		Error while extracting code complexity metrics: invalid syntax (<unknown>, line 2)
Traceback (most recent call last):
  File "/root/trabalho_super/QuestionInsight/Etapa_1/codebench-mining-tool/util.py", line 551, in extract_complexity_metrics
    v = ComplexityVisitor.from_code(code)
        ^^^^^^^^^^^^^^^^^^^^^^^^^^^^^^^^^
  File "/root/trabalho_super/venv_jupyter/lib/python3.12/site-packages/radon/visitors.py", line 133, in from_code
    return cls.from_ast(code2ast(code), **kwargs)
                        ^^^^^^^^^^^^^^
  File "/root/trabalho_super/venv_jupyter/lib/python3.12/site-packages/radon/visitors.py", line 48, in code2ast
    return ast.parse(source)
           ^^^^^^^^^^^^^^^^^
  File "/usr/lib/python3.12/ast.py", line 52, in parse
    return compile(source, filename, mode, flags,
           ^^^^^^^^^^^^^^^^^^^^^^^^^^^^^^^^^^^^^^
  File "<unknown>", line 2
    print(pe:7)
            ^
SyntaxError: invalid syntax
2025-07-17 23:29:18,798 cblogger [ERROR]: 		Error while extracting halsted code metrics: invalid syntax (<unknown>, line 2)
Traceback (most recent call last):
  File "/root/trabalho_super/QuestionInsight/Etapa_1/codebench-mining-tool/util.py", line 569, in extract_halstead_metrics
    h = h_visit(code)
        ^^^^^^^^^^^^^
  File "/root/trabalho_super/venv_jupyter/lib/python3.12/site-packages/radon/metrics.py", line 29, in h_visit
    return h_visit_ast(ast.parse(code))
                       ^^^^^^^^^^^^^^^
  File "/usr/lib/python3.12/ast.py", line 52, in parse
    return compile(source, filename, mode, flags,
           ^^^^^^^^^^^^^^^^^^^^^^^^^^^^^^^^^^^^^^
  File "<unknown>", line 2
    print(pe:7)
            ^
SyntaxError: invalid syntax
2025-07-17 23:29:18,814 cblogger [ERROR]: 		Error while extracting code complexity metrics: invalid syntax (<unknown>, line 1)
Traceback (most recent call last):
  File "/root/trabalho_super/QuestionInsight/Etapa_1/codebench-mining-tool/util.py", line 551, in extract_complexity_metrics
    v = ComplexityVisitor.from_code(code)
        ^^^^^^^^^^^^^^^^^^^^^^^^^^^^^^^^^
  File "/root/trabalho_super/venv_jupyter/lib/python3.12/site-packages/radon/visitors.py", line 133, in from_code
    return cls.from_ast(code2ast(code), **kwargs)
                        ^^^^^^^^^^^^^^
  File "/root/trabalho_super/venv_jupyter/lib/python3.12/site-packages/radon/visitors.py", line 48, in code2ast
    return ast.parse(source)
           ^^^^^^^^^^^^^^^^^
  File "/usr/lib/python3.12/ast.py", line 52, in parse
    return compile(source, filename, mode, flags,
           ^^^^^^^^^^^^^^^^^^^^^^^^^^^^^^^^^^^^^^
  File "<unknown>", line 1
    .
    ^
SyntaxError: invalid syntax
2025-07-17 23:29:18,815 cblogger [ERROR]: 		Error while extracting halsted code metrics: invalid syntax (<unknown>, line 1)
Traceback (most recent call last):
  File "/root/trabalho_super/QuestionInsight/Etapa_1/codebench-mining-tool/util.py", line 569, in extract_halstead_metrics
    h = h_visit(code)
        ^^^^^^^^^^^^^
  File "/root/trabalho_super/venv_jupyter/lib/python3.12/site-packages/radon/metrics.py", line 29, in h_visit
    return h_visit_ast(ast.parse(code))
                       ^^^^^^^^^^^^^^^
  File "/usr/lib/python3.12/ast.py", line 52, in parse
    return compile(source, filename, mode, flags,
           ^^^^^^^^^^^^^^^^^^^^^^^^^^^^^^^^^^^^^^
  File "<unknown>", line 1
    .
    ^
SyntaxError: invalid syntax
2025-07-17 23:29:18,817 cblogger [ERROR]: 		Error while extracting code complexity metrics: invalid syntax (<unknown>, line 14)
Traceback (most recent call last):
  File "/root/trabalho_super/QuestionInsight/Etapa_1/codebench-mining-tool/util.py", line 551, in extract_complexity_metrics
    v = ComplexityVisitor.from_code(code)
        ^^^^^^^^^^^^^^^^^^^^^^^^^^^^^^^^^
  File "/root/trabalho_super/venv_jupyter/lib/python3.12/site-packages/radon/visitors.py", line 133, in from_code
    return cls.from_ast(code2ast(code), **kwargs)
                        ^^^^^^^^^^^^^^
  File "/root/trabalho_super/venv_jupyter/lib/python3.12/site-packages/radon/visitors.py", line 48, in code2ast
    return ast.parse(source)
           ^^^^^^^^^^^^^^^^^
  File "/usr/lib/python3.12/ast.py", line 52, in parse
    return compile(source, filename, mode, flags,
           ^^^^^^^^^^^^^^^^^^^^^^^^^^^^^^^^^^^^^^
  File "<unknown>", line 14
    	elif v[] == 3:
    	       ^
SyntaxError: invalid syntax
2025-07-17 23:29:18,818 cblogger [ERROR]: 		Error while extracting halsted code metrics: invalid syntax (<unknown>, line 14)
Traceback (most recent call last):
  File "/root/trabalho_super/QuestionInsight/Etapa_1/codebench-mining-tool/util.py", line 569, in extract_halstead_metrics
    h = h_visit(code)
        ^^^^^^^^^^^^^
  File "/root/trabalho_super/venv_jupyter/lib/python3.12/site-packages/radon/metrics.py", line 29, in h_visit
    return h_visit_ast(ast.parse(code))
                       ^^^^^^^^^^^^^^^
  File "/usr/lib/python3.12/ast.py", line 52, in parse
    return compile(source, filename, mode, flags,
           ^^^^^^^^^^^^^^^^^^^^^^^^^^^^^^^^^^^^^^
  File "<unknown>", line 14
    	elif v[] == 3:
    	       ^
SyntaxError: invalid syntax
2025-07-17 23:29:18,862 cblogger [ERROR]: 		Error while extracting code complexity metrics: invalid syntax (<unknown>, line 4)
Traceback (most recent call last):
  File "/root/trabalho_super/QuestionInsight/Etapa_1/codebench-mining-tool/util.py", line 551, in extract_complexity_metrics
    v = ComplexityVisitor.from_code(code)
        ^^^^^^^^^^^^^^^^^^^^^^^^^^^^^^^^^
  File "/root/trabalho_super/venv_jupyter/lib/python3.12/site-packages/radon/visitors.py", line 133, in from_code
    return cls.from_ast(code2ast(code), **kwargs)
                        ^^^^^^^^^^^^^^
  File "/root/trabalho_super/venv_jupyter/lib/python3.12/site-packages/radon/visitors.py", line 48, in code2ast
    return ast.parse(source)
           ^^^^^^^^^^^^^^^^^
  File "/usr/lib/python3.12/ast.py", line 52, in parse
    return compile(source, filename, mode, flags,
           ^^^^^^^^^^^^^^^^^^^^^^^^^^^^^^^^^^^^^^
  File "<unknown>", line 4
    while :
          ^
SyntaxError: invalid syntax
2025-07-17 23:29:18,863 cblogger [ERROR]: 		Error while extracting halsted code metrics: invalid syntax (<unknown>, line 4)
Traceback (most recent call last):
  File "/root/trabalho_super/QuestionInsight/Etapa_1/codebench-mining-tool/util.py", line 569, in extract_halstead_metrics
    h = h_visit(code)
        ^^^^^^^^^^^^^
  File "/root/trabalho_super/venv_jupyter/lib/python3.12/site-packages/radon/metrics.py", line 29, in h_visit
    return h_visit_ast(ast.parse(code))
                       ^^^^^^^^^^^^^^^
  File "/usr/lib/python3.12/ast.py", line 52, in parse
    return compile(source, filename, mode, flags,
           ^^^^^^^^^^^^^^^^^^^^^^^^^^^^^^^^^^^^^^
  File "<unknown>", line 4
    while :
          ^
SyntaxError: invalid syntax
2025-07-17 23:29:18,886 cblogger [ERROR]: 		Error while extracting code complexity metrics: unexpected indent (<unknown>, line 3)
Traceback (most recent call last):
  File "/root/trabalho_super/QuestionInsight/Etapa_1/codebench-mining-tool/util.py", line 551, in extract_complexity_metrics
    v = ComplexityVisitor.from_code(code)
        ^^^^^^^^^^^^^^^^^^^^^^^^^^^^^^^^^
  File "/root/trabalho_super/venv_jupyter/lib/python3.12/site-packages/radon/visitors.py", line 133, in from_code
    return cls.from_ast(code2ast(code), **kwargs)
                        ^^^^^^^^^^^^^^
  File "/root/trabalho_super/venv_jupyter/lib/python3.12/site-packages/radon/visitors.py", line 48, in code2ast
    return ast.parse(source)
           ^^^^^^^^^^^^^^^^^
  File "/usr/lib/python3.12/ast.py", line 52, in parse
    return compile(source, filename, mode, flags,
           ^^^^^^^^^^^^^^^^^^^^^^^^^^^^^^^^^^^^^^
  File "<unknown>", line 3
    for anel in vetor:
IndentationError: unexpected indent
2025-07-17 23:29:18,887 cblogger [ERROR]: 		Error while extracting halsted code metrics: unexpected indent (<unknown>, line 3)
Traceback (most recent call last):
  File "/root/trabalho_super/QuestionInsight/Etapa_1/codebench-mining-tool/util.py", line 569, in extract_halstead_metrics
    h = h_visit(code)
        ^^^^^^^^^^^^^
  File "/root/trabalho_super/venv_jupyter/lib/python3.12/site-packages/radon/metrics.py", line 29, in h_visit
    return h_visit_ast(ast.parse(code))
                       ^^^^^^^^^^^^^^^
  File "/usr/lib/python3.12/ast.py", line 52, in parse
    return compile(source, filename, mode, flags,
           ^^^^^^^^^^^^^^^^^^^^^^^^^^^^^^^^^^^^^^
  File "<unknown>", line 3
    for anel in vetor:
IndentationError: unexpected indent
2025-07-17 23:29:18,896 cblogger [ERROR]: 		Error while extracting code complexity metrics: expected ':' (<unknown>, line 5)
Traceback (most recent call last):
  File "/root/trabalho_super/QuestionInsight/Etapa_1/codebench-mining-tool/util.py", line 551, in extract_complexity_metrics
    v = ComplexityVisitor.from_code(code)
        ^^^^^^^^^^^^^^^^^^^^^^^^^^^^^^^^^
  File "/root/trabalho_super/venv_jupyter/lib/python3.12/site-packages/radon/visitors.py", line 133, in from_code
    return cls.from_ast(code2ast(code), **kwargs)
                        ^^^^^^^^^^^^^^
  File "/root/trabalho_super/venv_jupyter/lib/python3.12/site-packages/radon/visitors.py", line 48, in code2ast
    return ast.parse(source)
           ^^^^^^^^^^^^^^^^^
  File "/usr/lib/python3.12/ast.py", line 52, in parse
    return compile(source, filename, mode, flags,
           ^^^^^^^^^^^^^^^^^^^^^^^^^^^^^^^^^^^^^^
  File "<unknown>", line 5
    for x in range(x,y)
                       ^
SyntaxError: expected ':'
2025-07-17 23:29:18,897 cblogger [ERROR]: 		Error while extracting halsted code metrics: expected ':' (<unknown>, line 5)
Traceback (most recent call last):
  File "/root/trabalho_super/QuestionInsight/Etapa_1/codebench-mining-tool/util.py", line 569, in extract_halstead_metrics
    h = h_visit(code)
        ^^^^^^^^^^^^^
  File "/root/trabalho_super/venv_jupyter/lib/python3.12/site-packages/radon/metrics.py", line 29, in h_visit
    return h_visit_ast(ast.parse(code))
                       ^^^^^^^^^^^^^^^
  File "/usr/lib/python3.12/ast.py", line 52, in parse
    return compile(source, filename, mode, flags,
           ^^^^^^^^^^^^^^^^^^^^^^^^^^^^^^^^^^^^^^
  File "<unknown>", line 5
    for x in range(x,y)
                       ^
SyntaxError: expected ':'
2025-07-17 23:29:18,908 cblogger [ERROR]: 		Error while extracting code complexity metrics: '(' was never closed (<unknown>, line 2)
Traceback (most recent call last):
  File "/root/trabalho_super/QuestionInsight/Etapa_1/codebench-mining-tool/util.py", line 551, in extract_complexity_metrics
    v = ComplexityVisitor.from_code(code)
        ^^^^^^^^^^^^^^^^^^^^^^^^^^^^^^^^^
  File "/root/trabalho_super/venv_jupyter/lib/python3.12/site-packages/radon/visitors.py", line 133, in from_code
    return cls.from_ast(code2ast(code), **kwargs)
                        ^^^^^^^^^^^^^^
  File "/root/trabalho_super/venv_jupyter/lib/python3.12/site-packages/radon/visitors.py", line 48, in code2ast
    return ast.parse(source)
           ^^^^^^^^^^^^^^^^^
  File "/usr/lib/python3.12/ast.py", line 52, in parse
    return compile(source, filename, mode, flags,
           ^^^^^^^^^^^^^^^^^^^^^^^^^^^^^^^^^^^^^^
  File "<unknown>", line 2
    v = array(eval(int(input('n:'))
                  ^
SyntaxError: '(' was never closed
2025-07-17 23:29:18,909 cblogger [ERROR]: 		Error while extracting code size based metrics: SyntaxError at line: 2
Traceback (most recent call last):
  File "/root/trabalho_super/venv_jupyter/lib/python3.12/site-packages/radon/raw.py", line 210, in analyze
    tokens, parsed_lines = _get_all_tokens(line, lines)
                           ^^^^^^^^^^^^^^^^^^^^^^^^^^^^
  File "/root/trabalho_super/venv_jupyter/lib/python3.12/site-packages/radon/raw.py", line 117, in _get_all_tokens
    next_line = next(lines)
                ^^^^^^^^^^^
StopIteration

During handling of the above exception, another exception occurred:

Traceback (most recent call last):
  File "/root/trabalho_super/QuestionInsight/Etapa_1/codebench-mining-tool/util.py", line 560, in extract_size_metrics
    a = analyze(code)
        ^^^^^^^^^^^^^
  File "/root/trabalho_super/venv_jupyter/lib/python3.12/site-packages/radon/raw.py", line 212, in analyze
    raise SyntaxError('SyntaxError at line: {0}'.format(lineno))
SyntaxError: SyntaxError at line: 2
2025-07-17 23:29:18,910 cblogger [ERROR]: 		Error while extracting halsted code metrics: '(' was never closed (<unknown>, line 2)
Traceback (most recent call last):
  File "/root/trabalho_super/QuestionInsight/Etapa_1/codebench-mining-tool/util.py", line 569, in extract_halstead_metrics
    h = h_visit(code)
        ^^^^^^^^^^^^^
  File "/root/trabalho_super/venv_jupyter/lib/python3.12/site-packages/radon/metrics.py", line 29, in h_visit
    return h_visit_ast(ast.parse(code))
                       ^^^^^^^^^^^^^^^
  File "/usr/lib/python3.12/ast.py", line 52, in parse
    return compile(source, filename, mode, flags,
           ^^^^^^^^^^^^^^^^^^^^^^^^^^^^^^^^^^^^^^
  File "<unknown>", line 2
    v = array(eval(int(input('n:'))
                  ^
SyntaxError: '(' was never closed
2025-07-17 23:29:18,913 cblogger [ERROR]: 		Error while extracting code complexity metrics: '(' was never closed (<unknown>, line 6)
Traceback (most recent call last):
  File "/root/trabalho_super/QuestionInsight/Etapa_1/codebench-mining-tool/util.py", line 551, in extract_complexity_metrics
    v = ComplexityVisitor.from_code(code)
        ^^^^^^^^^^^^^^^^^^^^^^^^^^^^^^^^^
  File "/root/trabalho_super/venv_jupyter/lib/python3.12/site-packages/radon/visitors.py", line 133, in from_code
    return cls.from_ast(code2ast(code), **kwargs)
                        ^^^^^^^^^^^^^^
  File "/root/trabalho_super/venv_jupyter/lib/python3.12/site-packages/radon/visitors.py", line 48, in code2ast
    return ast.parse(source)
           ^^^^^^^^^^^^^^^^^
  File "/usr/lib/python3.12/ast.py", line 52, in parse
    return compile(source, filename, mode, flags,
           ^^^^^^^^^^^^^^^^^^^^^^^^^^^^^^^^^^^^^^
  File "<unknown>", line 6
    print(('O valor do investimento é: R$',round(qf,2))
         ^
SyntaxError: '(' was never closed
2025-07-17 23:29:18,914 cblogger [ERROR]: 		Error while extracting code size based metrics: SyntaxError at line: 6
Traceback (most recent call last):
  File "/root/trabalho_super/venv_jupyter/lib/python3.12/site-packages/radon/raw.py", line 210, in analyze
    tokens, parsed_lines = _get_all_tokens(line, lines)
                           ^^^^^^^^^^^^^^^^^^^^^^^^^^^^
  File "/root/trabalho_super/venv_jupyter/lib/python3.12/site-packages/radon/raw.py", line 117, in _get_all_tokens
    next_line = next(lines)
                ^^^^^^^^^^^
StopIteration

During handling of the above exception, another exception occurred:

Traceback (most recent call last):
  File "/root/trabalho_super/QuestionInsight/Etapa_1/codebench-mining-tool/util.py", line 560, in extract_size_metrics
    a = analyze(code)
        ^^^^^^^^^^^^^
  File "/root/trabalho_super/venv_jupyter/lib/python3.12/site-packages/radon/raw.py", line 212, in analyze
    raise SyntaxError('SyntaxError at line: {0}'.format(lineno))
SyntaxError: SyntaxError at line: 6
2025-07-17 23:29:18,914 cblogger [ERROR]: 		Error while extracting halsted code metrics: '(' was never closed (<unknown>, line 6)
Traceback (most recent call last):
  File "/root/trabalho_super/QuestionInsight/Etapa_1/codebench-mining-tool/util.py", line 569, in extract_halstead_metrics
    h = h_visit(code)
        ^^^^^^^^^^^^^
  File "/root/trabalho_super/venv_jupyter/lib/python3.12/site-packages/radon/metrics.py", line 29, in h_visit
    return h_visit_ast(ast.parse(code))
                       ^^^^^^^^^^^^^^^
  File "/usr/lib/python3.12/ast.py", line 52, in parse
    return compile(source, filename, mode, flags,
           ^^^^^^^^^^^^^^^^^^^^^^^^^^^^^^^^^^^^^^
  File "<unknown>", line 6
    print(('O valor do investimento é: R$',round(qf,2))
         ^
SyntaxError: '(' was never closed
2025-07-17 23:29:18,917 cblogger [ERROR]: 		Error while extracting code complexity metrics: unindent does not match any outer indentation level (<unknown>, line 6)
Traceback (most recent call last):
  File "/root/trabalho_super/QuestionInsight/Etapa_1/codebench-mining-tool/util.py", line 551, in extract_complexity_metrics
    v = ComplexityVisitor.from_code(code)
        ^^^^^^^^^^^^^^^^^^^^^^^^^^^^^^^^^
  File "/root/trabalho_super/venv_jupyter/lib/python3.12/site-packages/radon/visitors.py", line 133, in from_code
    return cls.from_ast(code2ast(code), **kwargs)
                        ^^^^^^^^^^^^^^
  File "/root/trabalho_super/venv_jupyter/lib/python3.12/site-packages/radon/visitors.py", line 48, in code2ast
    return ast.parse(source)
           ^^^^^^^^^^^^^^^^^
  File "/usr/lib/python3.12/ast.py", line 52, in parse
    return compile(source, filename, mode, flags,
           ^^^^^^^^^^^^^^^^^^^^^^^^^^^^^^^^^^^^^^
  File "<unknown>", line 6
    sum([x,y])
              ^
IndentationError: unindent does not match any outer indentation level
2025-07-17 23:29:18,919 cblogger [ERROR]: 		Error while extracting halsted code metrics: unindent does not match any outer indentation level (<unknown>, line 6)
Traceback (most recent call last):
  File "/root/trabalho_super/QuestionInsight/Etapa_1/codebench-mining-tool/util.py", line 569, in extract_halstead_metrics
    h = h_visit(code)
        ^^^^^^^^^^^^^
  File "/root/trabalho_super/venv_jupyter/lib/python3.12/site-packages/radon/metrics.py", line 29, in h_visit
    return h_visit_ast(ast.parse(code))
                       ^^^^^^^^^^^^^^^
  File "/usr/lib/python3.12/ast.py", line 52, in parse
    return compile(source, filename, mode, flags,
           ^^^^^^^^^^^^^^^^^^^^^^^^^^^^^^^^^^^^^^
  File "<unknown>", line 6
    sum([x,y])
              ^
IndentationError: unindent does not match any outer indentation level
2025-07-17 23:29:18,937 cblogger [ERROR]: 		Error while extracting code complexity metrics: '(' was never closed (<unknown>, line 3)
Traceback (most recent call last):
  File "/root/trabalho_super/QuestionInsight/Etapa_1/codebench-mining-tool/util.py", line 551, in extract_complexity_metrics
    v = ComplexityVisitor.from_code(code)
        ^^^^^^^^^^^^^^^^^^^^^^^^^^^^^^^^^
  File "/root/trabalho_super/venv_jupyter/lib/python3.12/site-packages/radon/visitors.py", line 133, in from_code
    return cls.from_ast(code2ast(code), **kwargs)
                        ^^^^^^^^^^^^^^
  File "/root/trabalho_super/venv_jupyter/lib/python3.12/site-packages/radon/visitors.py", line 48, in code2ast
    return ast.parse(source)
           ^^^^^^^^^^^^^^^^^
  File "/usr/lib/python3.12/ast.py", line 52, in parse
    return compile(source, filename, mode, flags,
           ^^^^^^^^^^^^^^^^^^^^^^^^^^^^^^^^^^^^^^
  File "<unknown>", line 3
    s = int(input("s:")
           ^
SyntaxError: '(' was never closed
2025-07-17 23:29:18,940 cblogger [ERROR]: 		Error while extracting code size based metrics: SyntaxError at line: 3
Traceback (most recent call last):
  File "/root/trabalho_super/venv_jupyter/lib/python3.12/site-packages/radon/raw.py", line 210, in analyze
    tokens, parsed_lines = _get_all_tokens(line, lines)
                           ^^^^^^^^^^^^^^^^^^^^^^^^^^^^
  File "/root/trabalho_super/venv_jupyter/lib/python3.12/site-packages/radon/raw.py", line 117, in _get_all_tokens
    next_line = next(lines)
                ^^^^^^^^^^^
StopIteration

During handling of the above exception, another exception occurred:

Traceback (most recent call last):
  File "/root/trabalho_super/QuestionInsight/Etapa_1/codebench-mining-tool/util.py", line 560, in extract_size_metrics
    a = analyze(code)
        ^^^^^^^^^^^^^
  File "/root/trabalho_super/venv_jupyter/lib/python3.12/site-packages/radon/raw.py", line 212, in analyze
    raise SyntaxError('SyntaxError at line: {0}'.format(lineno))
SyntaxError: SyntaxError at line: 3
2025-07-17 23:29:18,941 cblogger [ERROR]: 		Error while extracting halsted code metrics: '(' was never closed (<unknown>, line 3)
Traceback (most recent call last):
  File "/root/trabalho_super/QuestionInsight/Etapa_1/codebench-mining-tool/util.py", line 569, in extract_halstead_metrics
    h = h_visit(code)
        ^^^^^^^^^^^^^
  File "/root/trabalho_super/venv_jupyter/lib/python3.12/site-packages/radon/metrics.py", line 29, in h_visit
    return h_visit_ast(ast.parse(code))
                       ^^^^^^^^^^^^^^^
  File "/usr/lib/python3.12/ast.py", line 52, in parse
    return compile(source, filename, mode, flags,
           ^^^^^^^^^^^^^^^^^^^^^^^^^^^^^^^^^^^^^^
  File "<unknown>", line 3
    s = int(input("s:")
           ^
SyntaxError: '(' was never closed
2025-07-17 23:29:18,957 cblogger [ERROR]: 		Error while extracting code complexity metrics: expected an indented block after 'if' statement on line 6 (<unknown>, line 7)
Traceback (most recent call last):
  File "/root/trabalho_super/QuestionInsight/Etapa_1/codebench-mining-tool/util.py", line 551, in extract_complexity_metrics
    v = ComplexityVisitor.from_code(code)
        ^^^^^^^^^^^^^^^^^^^^^^^^^^^^^^^^^
  File "/root/trabalho_super/venv_jupyter/lib/python3.12/site-packages/radon/visitors.py", line 133, in from_code
    return cls.from_ast(code2ast(code), **kwargs)
                        ^^^^^^^^^^^^^^
  File "/root/trabalho_super/venv_jupyter/lib/python3.12/site-packages/radon/visitors.py", line 48, in code2ast
    return ast.parse(source)
           ^^^^^^^^^^^^^^^^^
  File "/usr/lib/python3.12/ast.py", line 52, in parse
    return compile(source, filename, mode, flags,
           ^^^^^^^^^^^^^^^^^^^^^^^^^^^^^^^^^^^^^^
  File "<unknown>", line 7
    print(num)
IndentationError: expected an indented block after 'if' statement on line 6
2025-07-17 23:29:18,958 cblogger [ERROR]: 		Error while extracting halsted code metrics: expected an indented block after 'if' statement on line 6 (<unknown>, line 7)
Traceback (most recent call last):
  File "/root/trabalho_super/QuestionInsight/Etapa_1/codebench-mining-tool/util.py", line 569, in extract_halstead_metrics
    h = h_visit(code)
        ^^^^^^^^^^^^^
  File "/root/trabalho_super/venv_jupyter/lib/python3.12/site-packages/radon/metrics.py", line 29, in h_visit
    return h_visit_ast(ast.parse(code))
                       ^^^^^^^^^^^^^^^
  File "/usr/lib/python3.12/ast.py", line 52, in parse
    return compile(source, filename, mode, flags,
           ^^^^^^^^^^^^^^^^^^^^^^^^^^^^^^^^^^^^^^
  File "<unknown>", line 7
    print(num)
IndentationError: expected an indented block after 'if' statement on line 6
2025-07-17 23:29:18,962 cblogger [ERROR]: 		Error while extracting code complexity metrics: expected an indented block after 'if' statement on line 3 (<unknown>, line 5)
Traceback (most recent call last):
  File "/root/trabalho_super/QuestionInsight/Etapa_1/codebench-mining-tool/util.py", line 551, in extract_complexity_metrics
    v = ComplexityVisitor.from_code(code)
        ^^^^^^^^^^^^^^^^^^^^^^^^^^^^^^^^^
  File "/root/trabalho_super/venv_jupyter/lib/python3.12/site-packages/radon/visitors.py", line 133, in from_code
    return cls.from_ast(code2ast(code), **kwargs)
                        ^^^^^^^^^^^^^^
  File "/root/trabalho_super/venv_jupyter/lib/python3.12/site-packages/radon/visitors.py", line 48, in code2ast
    return ast.parse(source)
           ^^^^^^^^^^^^^^^^^
  File "/usr/lib/python3.12/ast.py", line 52, in parse
    return compile(source, filename, mode, flags,
           ^^^^^^^^^^^^^^^^^^^^^^^^^^^^^^^^^^^^^^
  File "<unknown>", line 5
    
    ^
IndentationError: expected an indented block after 'if' statement on line 3
2025-07-17 23:29:18,963 cblogger [ERROR]: 		Error while extracting halsted code metrics: expected an indented block after 'if' statement on line 3 (<unknown>, line 5)
Traceback (most recent call last):
  File "/root/trabalho_super/QuestionInsight/Etapa_1/codebench-mining-tool/util.py", line 569, in extract_halstead_metrics
    h = h_visit(code)
        ^^^^^^^^^^^^^
  File "/root/trabalho_super/venv_jupyter/lib/python3.12/site-packages/radon/metrics.py", line 29, in h_visit
    return h_visit_ast(ast.parse(code))
                       ^^^^^^^^^^^^^^^
  File "/usr/lib/python3.12/ast.py", line 52, in parse
    return compile(source, filename, mode, flags,
           ^^^^^^^^^^^^^^^^^^^^^^^^^^^^^^^^^^^^^^
  File "<unknown>", line 5
    
    ^
IndentationError: expected an indented block after 'if' statement on line 3
2025-07-17 23:29:18,971 cblogger [ERROR]: 		Error while extracting code complexity metrics: unindent does not match any outer indentation level (<unknown>, line 8)
Traceback (most recent call last):
  File "/root/trabalho_super/QuestionInsight/Etapa_1/codebench-mining-tool/util.py", line 551, in extract_complexity_metrics
    v = ComplexityVisitor.from_code(code)
        ^^^^^^^^^^^^^^^^^^^^^^^^^^^^^^^^^
  File "/root/trabalho_super/venv_jupyter/lib/python3.12/site-packages/radon/visitors.py", line 133, in from_code
    return cls.from_ast(code2ast(code), **kwargs)
                        ^^^^^^^^^^^^^^
  File "/root/trabalho_super/venv_jupyter/lib/python3.12/site-packages/radon/visitors.py", line 48, in code2ast
    return ast.parse(source)
           ^^^^^^^^^^^^^^^^^
  File "/usr/lib/python3.12/ast.py", line 52, in parse
    return compile(source, filename, mode, flags,
           ^^^^^^^^^^^^^^^^^^^^^^^^^^^^^^^^^^^^^^
  File "<unknown>", line 8
    elif c[i] == 'M' : quant[2] = quant[2] + 1
                                              ^
IndentationError: unindent does not match any outer indentation level
2025-07-17 23:29:18,972 cblogger [ERROR]: 		Error while extracting halsted code metrics: unindent does not match any outer indentation level (<unknown>, line 8)
Traceback (most recent call last):
  File "/root/trabalho_super/QuestionInsight/Etapa_1/codebench-mining-tool/util.py", line 569, in extract_halstead_metrics
    h = h_visit(code)
        ^^^^^^^^^^^^^
  File "/root/trabalho_super/venv_jupyter/lib/python3.12/site-packages/radon/metrics.py", line 29, in h_visit
    return h_visit_ast(ast.parse(code))
                       ^^^^^^^^^^^^^^^
  File "/usr/lib/python3.12/ast.py", line 52, in parse
    return compile(source, filename, mode, flags,
           ^^^^^^^^^^^^^^^^^^^^^^^^^^^^^^^^^^^^^^
  File "<unknown>", line 8
    elif c[i] == 'M' : quant[2] = quant[2] + 1
                                              ^
IndentationError: unindent does not match any outer indentation level
2025-07-17 23:29:18,975 cblogger [ERROR]: 		Error while extracting code complexity metrics: unexpected indent (<unknown>, line 1)
Traceback (most recent call last):
  File "/root/trabalho_super/QuestionInsight/Etapa_1/codebench-mining-tool/util.py", line 551, in extract_complexity_metrics
    v = ComplexityVisitor.from_code(code)
        ^^^^^^^^^^^^^^^^^^^^^^^^^^^^^^^^^
  File "/root/trabalho_super/venv_jupyter/lib/python3.12/site-packages/radon/visitors.py", line 133, in from_code
    return cls.from_ast(code2ast(code), **kwargs)
                        ^^^^^^^^^^^^^^
  File "/root/trabalho_super/venv_jupyter/lib/python3.12/site-packages/radon/visitors.py", line 48, in code2ast
    return ast.parse(source)
           ^^^^^^^^^^^^^^^^^
  File "/usr/lib/python3.12/ast.py", line 52, in parse
    return compile(source, filename, mode, flags,
           ^^^^^^^^^^^^^^^^^^^^^^^^^^^^^^^^^^^^^^
  File "<unknown>", line 1
    valor_plano_mensal = float(input("Digite o valor do plano de saude mensal individual: "))
IndentationError: unexpected indent
2025-07-17 23:29:18,975 cblogger [ERROR]: 		Error while extracting halsted code metrics: unexpected indent (<unknown>, line 1)
Traceback (most recent call last):
  File "/root/trabalho_super/QuestionInsight/Etapa_1/codebench-mining-tool/util.py", line 569, in extract_halstead_metrics
    h = h_visit(code)
        ^^^^^^^^^^^^^
  File "/root/trabalho_super/venv_jupyter/lib/python3.12/site-packages/radon/metrics.py", line 29, in h_visit
    return h_visit_ast(ast.parse(code))
                       ^^^^^^^^^^^^^^^
  File "/usr/lib/python3.12/ast.py", line 52, in parse
    return compile(source, filename, mode, flags,
           ^^^^^^^^^^^^^^^^^^^^^^^^^^^^^^^^^^^^^^
  File "<unknown>", line 1
    valor_plano_mensal = float(input("Digite o valor do plano de saude mensal individual: "))
IndentationError: unexpected indent
2025-07-17 23:29:18,984 cblogger [ERROR]: 		Error while extracting code complexity metrics: invalid syntax (<unknown>, line 8)
Traceback (most recent call last):
  File "/root/trabalho_super/QuestionInsight/Etapa_1/codebench-mining-tool/util.py", line 551, in extract_complexity_metrics
    v = ComplexityVisitor.from_code(code)
        ^^^^^^^^^^^^^^^^^^^^^^^^^^^^^^^^^
  File "/root/trabalho_super/venv_jupyter/lib/python3.12/site-packages/radon/visitors.py", line 133, in from_code
    return cls.from_ast(code2ast(code), **kwargs)
                        ^^^^^^^^^^^^^^
  File "/root/trabalho_super/venv_jupyter/lib/python3.12/site-packages/radon/visitors.py", line 48, in code2ast
    return ast.parse(source)
           ^^^^^^^^^^^^^^^^^
  File "/usr/lib/python3.12/ast.py", line 52, in parse
    return compile(source, filename, mode, flags,
           ^^^^^^^^^^^^^^^^^^^^^^^^^^^^^^^^^^^^^^
  File "<unknown>", line 8
    	elif v[i] > :
    	            ^
SyntaxError: invalid syntax
2025-07-17 23:29:18,984 cblogger [ERROR]: 		Error while extracting halsted code metrics: invalid syntax (<unknown>, line 8)
Traceback (most recent call last):
  File "/root/trabalho_super/QuestionInsight/Etapa_1/codebench-mining-tool/util.py", line 569, in extract_halstead_metrics
    h = h_visit(code)
        ^^^^^^^^^^^^^
  File "/root/trabalho_super/venv_jupyter/lib/python3.12/site-packages/radon/metrics.py", line 29, in h_visit
    return h_visit_ast(ast.parse(code))
                       ^^^^^^^^^^^^^^^
  File "/usr/lib/python3.12/ast.py", line 52, in parse
    return compile(source, filename, mode, flags,
           ^^^^^^^^^^^^^^^^^^^^^^^^^^^^^^^^^^^^^^
  File "<unknown>", line 8
    	elif v[i] > :
    	            ^
SyntaxError: invalid syntax
2025-07-17 23:29:18,996 cblogger [ERROR]: 		Error while extracting code complexity metrics: invalid non-printable character U+200B (<unknown>, line 25)
Traceback (most recent call last):
  File "/root/trabalho_super/QuestionInsight/Etapa_1/codebench-mining-tool/util.py", line 551, in extract_complexity_metrics
    v = ComplexityVisitor.from_code(code)
        ^^^^^^^^^^^^^^^^^^^^^^^^^^^^^^^^^
  File "/root/trabalho_super/venv_jupyter/lib/python3.12/site-packages/radon/visitors.py", line 133, in from_code
    return cls.from_ast(code2ast(code), **kwargs)
                        ^^^^^^^^^^^^^^
  File "/root/trabalho_super/venv_jupyter/lib/python3.12/site-packages/radon/visitors.py", line 48, in code2ast
    return ast.parse(source)
           ^^^^^^^^^^^^^^^^^
  File "/usr/lib/python3.12/ast.py", line 52, in parse
    return compile(source, filename, mode, flags,
           ^^^^^^^^^^^^^^^^^^^^^^^^^^^^^^^^^^^^^^
  File "<unknown>", line 25
    - Se as medidas são válidas, o programa calcula a área do triângulo usando a fórmula de Heron: área = raiz quadrada de p(p - a)(p - b)(p - c), onde p é o semi-perímetro (metade do perímetro) do triângulo​# Ao testar sua solução, não se limite ao caso de exemplo.
                                                                                                                                                                                                               ^
SyntaxError: invalid non-printable character U+200B
2025-07-17 23:29:18,997 cblogger [ERROR]: 		Error while extracting halsted code metrics: invalid non-printable character U+200B (<unknown>, line 25)
Traceback (most recent call last):
  File "/root/trabalho_super/QuestionInsight/Etapa_1/codebench-mining-tool/util.py", line 569, in extract_halstead_metrics
    h = h_visit(code)
        ^^^^^^^^^^^^^
  File "/root/trabalho_super/venv_jupyter/lib/python3.12/site-packages/radon/metrics.py", line 29, in h_visit
    return h_visit_ast(ast.parse(code))
                       ^^^^^^^^^^^^^^^
  File "/usr/lib/python3.12/ast.py", line 52, in parse
    return compile(source, filename, mode, flags,
           ^^^^^^^^^^^^^^^^^^^^^^^^^^^^^^^^^^^^^^
  File "<unknown>", line 25
    - Se as medidas são válidas, o programa calcula a área do triângulo usando a fórmula de Heron: área = raiz quadrada de p(p - a)(p - b)(p - c), onde p é o semi-perímetro (metade do perímetro) do triângulo​# Ao testar sua solução, não se limite ao caso de exemplo.
                                                                                                                                                                                                               ^
SyntaxError: invalid non-printable character U+200B
2025-07-17 23:29:18,998 cblogger [ERROR]: 		Error while extracting code token based metrics: 55
Traceback (most recent call last):
  File "/root/trabalho_super/QuestionInsight/Etapa_1/codebench-mining-tool/util.py", line 633, in extract_token_metrics
    setattr(obj, TOKEN_NAMES[k], v)
                 ~~~~~~~~~~~^^^
KeyError: 55
2025-07-17 23:29:19,011 cblogger [ERROR]: 		Error while extracting code complexity metrics: invalid syntax (<unknown>, line 1)
Traceback (most recent call last):
  File "/root/trabalho_super/QuestionInsight/Etapa_1/codebench-mining-tool/util.py", line 551, in extract_complexity_metrics
    v = ComplexityVisitor.from_code(code)
        ^^^^^^^^^^^^^^^^^^^^^^^^^^^^^^^^^
  File "/root/trabalho_super/venv_jupyter/lib/python3.12/site-packages/radon/visitors.py", line 133, in from_code
    return cls.from_ast(code2ast(code), **kwargs)
                        ^^^^^^^^^^^^^^
  File "/root/trabalho_super/venv_jupyter/lib/python3.12/site-packages/radon/visitors.py", line 48, in code2ast
    return ast.parse(source)
           ^^^^^^^^^^^^^^^^^
  File "/usr/lib/python3.12/ast.py", line 52, in parse
    return compile(source, filename, mode, flags,
           ^^^^^^^^^^^^^^^^^^^^^^^^^^^^^^^^^^^^^^
  File "<unknown>", line 1
    conta=
          ^
SyntaxError: invalid syntax
2025-07-17 23:29:19,012 cblogger [ERROR]: 		Error while extracting halsted code metrics: invalid syntax (<unknown>, line 1)
Traceback (most recent call last):
  File "/root/trabalho_super/QuestionInsight/Etapa_1/codebench-mining-tool/util.py", line 569, in extract_halstead_metrics
    h = h_visit(code)
        ^^^^^^^^^^^^^
  File "/root/trabalho_super/venv_jupyter/lib/python3.12/site-packages/radon/metrics.py", line 29, in h_visit
    return h_visit_ast(ast.parse(code))
                       ^^^^^^^^^^^^^^^
  File "/usr/lib/python3.12/ast.py", line 52, in parse
    return compile(source, filename, mode, flags,
           ^^^^^^^^^^^^^^^^^^^^^^^^^^^^^^^^^^^^^^
  File "<unknown>", line 1
    conta=
          ^
SyntaxError: invalid syntax
2025-07-17 23:29:19,045 cblogger [ERROR]: 		Error while extracting code complexity metrics: inconsistent use of tabs and spaces in indentation (<unknown>, line 6)
Traceback (most recent call last):
  File "/root/trabalho_super/QuestionInsight/Etapa_1/codebench-mining-tool/util.py", line 551, in extract_complexity_metrics
    v = ComplexityVisitor.from_code(code)
        ^^^^^^^^^^^^^^^^^^^^^^^^^^^^^^^^^
  File "/root/trabalho_super/venv_jupyter/lib/python3.12/site-packages/radon/visitors.py", line 133, in from_code
    return cls.from_ast(code2ast(code), **kwargs)
                        ^^^^^^^^^^^^^^
  File "/root/trabalho_super/venv_jupyter/lib/python3.12/site-packages/radon/visitors.py", line 48, in code2ast
    return ast.parse(source)
           ^^^^^^^^^^^^^^^^^
  File "/usr/lib/python3.12/ast.py", line 52, in parse
    return compile(source, filename, mode, flags,
           ^^^^^^^^^^^^^^^^^^^^^^^^^^^^^^^^^^^^^^
  File "<unknown>", line 6
    	elif qdr<1 or qdr>50:
    ^
TabError: inconsistent use of tabs and spaces in indentation
2025-07-17 23:29:19,046 cblogger [ERROR]: 		Error while extracting halsted code metrics: inconsistent use of tabs and spaces in indentation (<unknown>, line 6)
Traceback (most recent call last):
  File "/root/trabalho_super/QuestionInsight/Etapa_1/codebench-mining-tool/util.py", line 569, in extract_halstead_metrics
    h = h_visit(code)
        ^^^^^^^^^^^^^
  File "/root/trabalho_super/venv_jupyter/lib/python3.12/site-packages/radon/metrics.py", line 29, in h_visit
    return h_visit_ast(ast.parse(code))
                       ^^^^^^^^^^^^^^^
  File "/usr/lib/python3.12/ast.py", line 52, in parse
    return compile(source, filename, mode, flags,
           ^^^^^^^^^^^^^^^^^^^^^^^^^^^^^^^^^^^^^^
  File "<unknown>", line 6
    	elif qdr<1 or qdr>50:
    ^
TabError: inconsistent use of tabs and spaces in indentation
2025-07-17 23:29:19,063 cblogger [ERROR]: 		Error while extracting code complexity metrics: invalid syntax (<unknown>, line 2)
Traceback (most recent call last):
  File "/root/trabalho_super/QuestionInsight/Etapa_1/codebench-mining-tool/util.py", line 551, in extract_complexity_metrics
    v = ComplexityVisitor.from_code(code)
        ^^^^^^^^^^^^^^^^^^^^^^^^^^^^^^^^^
  File "/root/trabalho_super/venv_jupyter/lib/python3.12/site-packages/radon/visitors.py", line 133, in from_code
    return cls.from_ast(code2ast(code), **kwargs)
                        ^^^^^^^^^^^^^^
  File "/root/trabalho_super/venv_jupyter/lib/python3.12/site-packages/radon/visitors.py", line 48, in code2ast
    return ast.parse(source)
           ^^^^^^^^^^^^^^^^^
  File "/usr/lib/python3.12/ast.py", line 52, in parse
    return compile(source, filename, mode, flags,
           ^^^^^^^^^^^^^^^^^^^^^^^^^^^^^^^^^^^^^^
  File "<unknown>", line 2
    if 
       ^
SyntaxError: invalid syntax
2025-07-17 23:29:19,063 cblogger [ERROR]: 		Error while extracting halsted code metrics: invalid syntax (<unknown>, line 2)
Traceback (most recent call last):
  File "/root/trabalho_super/QuestionInsight/Etapa_1/codebench-mining-tool/util.py", line 569, in extract_halstead_metrics
    h = h_visit(code)
        ^^^^^^^^^^^^^
  File "/root/trabalho_super/venv_jupyter/lib/python3.12/site-packages/radon/metrics.py", line 29, in h_visit
    return h_visit_ast(ast.parse(code))
                       ^^^^^^^^^^^^^^^
  File "/usr/lib/python3.12/ast.py", line 52, in parse
    return compile(source, filename, mode, flags,
           ^^^^^^^^^^^^^^^^^^^^^^^^^^^^^^^^^^^^^^
  File "<unknown>", line 2
    if 
       ^
SyntaxError: invalid syntax
2025-07-17 23:29:19,079 cblogger [ERROR]: 		Error while extracting code complexity metrics: unindent does not match any outer indentation level (<unknown>, line 8)
Traceback (most recent call last):
  File "/root/trabalho_super/QuestionInsight/Etapa_1/codebench-mining-tool/util.py", line 551, in extract_complexity_metrics
    v = ComplexityVisitor.from_code(code)
        ^^^^^^^^^^^^^^^^^^^^^^^^^^^^^^^^^
  File "/root/trabalho_super/venv_jupyter/lib/python3.12/site-packages/radon/visitors.py", line 133, in from_code
    return cls.from_ast(code2ast(code), **kwargs)
                        ^^^^^^^^^^^^^^
  File "/root/trabalho_super/venv_jupyter/lib/python3.12/site-packages/radon/visitors.py", line 48, in code2ast
    return ast.parse(source)
           ^^^^^^^^^^^^^^^^^
  File "/usr/lib/python3.12/ast.py", line 52, in parse
    return compile(source, filename, mode, flags,
           ^^^^^^^^^^^^^^^^^^^^^^^^^^^^^^^^^^^^^^
  File "<unknown>", line 8
    print(aprovados)
                    ^
IndentationError: unindent does not match any outer indentation level
2025-07-17 23:29:19,080 cblogger [ERROR]: 		Error while extracting halsted code metrics: unindent does not match any outer indentation level (<unknown>, line 8)
Traceback (most recent call last):
  File "/root/trabalho_super/QuestionInsight/Etapa_1/codebench-mining-tool/util.py", line 569, in extract_halstead_metrics
    h = h_visit(code)
        ^^^^^^^^^^^^^
  File "/root/trabalho_super/venv_jupyter/lib/python3.12/site-packages/radon/metrics.py", line 29, in h_visit
    return h_visit_ast(ast.parse(code))
                       ^^^^^^^^^^^^^^^
  File "/usr/lib/python3.12/ast.py", line 52, in parse
    return compile(source, filename, mode, flags,
           ^^^^^^^^^^^^^^^^^^^^^^^^^^^^^^^^^^^^^^
  File "<unknown>", line 8
    print(aprovados)
                    ^
IndentationError: unindent does not match any outer indentation level
2025-07-17 23:29:19,083 cblogger [ERROR]: 		Error while extracting code complexity metrics: unindent does not match any outer indentation level (<unknown>, line 6)
Traceback (most recent call last):
  File "/root/trabalho_super/QuestionInsight/Etapa_1/codebench-mining-tool/util.py", line 551, in extract_complexity_metrics
    v = ComplexityVisitor.from_code(code)
        ^^^^^^^^^^^^^^^^^^^^^^^^^^^^^^^^^
  File "/root/trabalho_super/venv_jupyter/lib/python3.12/site-packages/radon/visitors.py", line 133, in from_code
    return cls.from_ast(code2ast(code), **kwargs)
                        ^^^^^^^^^^^^^^
  File "/root/trabalho_super/venv_jupyter/lib/python3.12/site-packages/radon/visitors.py", line 48, in code2ast
    return ast.parse(source)
           ^^^^^^^^^^^^^^^^^
  File "/usr/lib/python3.12/ast.py", line 52, in parse
    return compile(source, filename, mode, flags,
           ^^^^^^^^^^^^^^^^^^^^^^^^^^^^^^^^^^^^^^
  File "<unknown>", line 6
    valortotal=pdpj+(pdsj-(pdsj*(25/100)))
                                          ^
IndentationError: unindent does not match any outer indentation level
2025-07-17 23:29:19,083 cblogger [ERROR]: 		Error while extracting halsted code metrics: unindent does not match any outer indentation level (<unknown>, line 6)
Traceback (most recent call last):
  File "/root/trabalho_super/QuestionInsight/Etapa_1/codebench-mining-tool/util.py", line 569, in extract_halstead_metrics
    h = h_visit(code)
        ^^^^^^^^^^^^^
  File "/root/trabalho_super/venv_jupyter/lib/python3.12/site-packages/radon/metrics.py", line 29, in h_visit
    return h_visit_ast(ast.parse(code))
                       ^^^^^^^^^^^^^^^
  File "/usr/lib/python3.12/ast.py", line 52, in parse
    return compile(source, filename, mode, flags,
           ^^^^^^^^^^^^^^^^^^^^^^^^^^^^^^^^^^^^^^
  File "<unknown>", line 6
    valortotal=pdpj+(pdsj-(pdsj*(25/100)))
                                          ^
IndentationError: unindent does not match any outer indentation level
2025-07-17 23:29:19,103 cblogger [ERROR]: 		Error while extracting code complexity metrics: invalid syntax. Perhaps you forgot a comma? (<unknown>, line 1)
Traceback (most recent call last):
  File "/root/trabalho_super/QuestionInsight/Etapa_1/codebench-mining-tool/util.py", line 551, in extract_complexity_metrics
    v = ComplexityVisitor.from_code(code)
        ^^^^^^^^^^^^^^^^^^^^^^^^^^^^^^^^^
  File "/root/trabalho_super/venv_jupyter/lib/python3.12/site-packages/radon/visitors.py", line 133, in from_code
    return cls.from_ast(code2ast(code), **kwargs)
                        ^^^^^^^^^^^^^^
  File "/root/trabalho_super/venv_jupyter/lib/python3.12/site-packages/radon/visitors.py", line 48, in code2ast
    return ast.parse(source)
           ^^^^^^^^^^^^^^^^^
  File "/usr/lib/python3.12/ast.py", line 52, in parse
    return compile(source, filename, mode, flags,
           ^^^^^^^^^^^^^^^^^^^^^^^^^^^^^^^^^^^^^^
  File "<unknown>", line 1
    var1=float(input(valor de A:))
                     ^^^^^^^^
SyntaxError: invalid syntax. Perhaps you forgot a comma?
2025-07-17 23:29:19,104 cblogger [ERROR]: 		Error while extracting halsted code metrics: invalid syntax. Perhaps you forgot a comma? (<unknown>, line 1)
Traceback (most recent call last):
  File "/root/trabalho_super/QuestionInsight/Etapa_1/codebench-mining-tool/util.py", line 569, in extract_halstead_metrics
    h = h_visit(code)
        ^^^^^^^^^^^^^
  File "/root/trabalho_super/venv_jupyter/lib/python3.12/site-packages/radon/metrics.py", line 29, in h_visit
    return h_visit_ast(ast.parse(code))
                       ^^^^^^^^^^^^^^^
  File "/usr/lib/python3.12/ast.py", line 52, in parse
    return compile(source, filename, mode, flags,
           ^^^^^^^^^^^^^^^^^^^^^^^^^^^^^^^^^^^^^^
  File "<unknown>", line 1
    var1=float(input(valor de A:))
                     ^^^^^^^^
SyntaxError: invalid syntax. Perhaps you forgot a comma?
2025-07-17 23:29:19,111 cblogger [ERROR]: 		Error while extracting code complexity metrics: invalid syntax (<unknown>, line 7)
Traceback (most recent call last):
  File "/root/trabalho_super/QuestionInsight/Etapa_1/codebench-mining-tool/util.py", line 551, in extract_complexity_metrics
    v = ComplexityVisitor.from_code(code)
        ^^^^^^^^^^^^^^^^^^^^^^^^^^^^^^^^^
  File "/root/trabalho_super/venv_jupyter/lib/python3.12/site-packages/radon/visitors.py", line 133, in from_code
    return cls.from_ast(code2ast(code), **kwargs)
                        ^^^^^^^^^^^^^^
  File "/root/trabalho_super/venv_jupyter/lib/python3.12/site-packages/radon/visitors.py", line 48, in code2ast
    return ast.parse(source)
           ^^^^^^^^^^^^^^^^^
  File "/usr/lib/python3.12/ast.py", line 52, in parse
    return compile(source, filename, mode, flags,
           ^^^^^^^^^^^^^^^^^^^^^^^^^^^^^^^^^^^^^^
  File "<unknown>", line 7
    	if ist==
    	        ^
SyntaxError: invalid syntax
2025-07-17 23:29:19,112 cblogger [ERROR]: 		Error while extracting halsted code metrics: invalid syntax (<unknown>, line 7)
Traceback (most recent call last):
  File "/root/trabalho_super/QuestionInsight/Etapa_1/codebench-mining-tool/util.py", line 569, in extract_halstead_metrics
    h = h_visit(code)
        ^^^^^^^^^^^^^
  File "/root/trabalho_super/venv_jupyter/lib/python3.12/site-packages/radon/metrics.py", line 29, in h_visit
    return h_visit_ast(ast.parse(code))
                       ^^^^^^^^^^^^^^^
  File "/usr/lib/python3.12/ast.py", line 52, in parse
    return compile(source, filename, mode, flags,
           ^^^^^^^^^^^^^^^^^^^^^^^^^^^^^^^^^^^^^^
  File "<unknown>", line 7
    	if ist==
    	        ^
SyntaxError: invalid syntax
2025-07-17 23:29:19,113 cblogger [ERROR]: 		Error while extracting code complexity metrics: expected ':' (<unknown>, line 5)
Traceback (most recent call last):
  File "/root/trabalho_super/QuestionInsight/Etapa_1/codebench-mining-tool/util.py", line 551, in extract_complexity_metrics
    v = ComplexityVisitor.from_code(code)
        ^^^^^^^^^^^^^^^^^^^^^^^^^^^^^^^^^
  File "/root/trabalho_super/venv_jupyter/lib/python3.12/site-packages/radon/visitors.py", line 133, in from_code
    return cls.from_ast(code2ast(code), **kwargs)
                        ^^^^^^^^^^^^^^
  File "/root/trabalho_super/venv_jupyter/lib/python3.12/site-packages/radon/visitors.py", line 48, in code2ast
    return ast.parse(source)
           ^^^^^^^^^^^^^^^^^
  File "/usr/lib/python3.12/ast.py", line 52, in parse
    return compile(source, filename, mode, flags,
           ^^^^^^^^^^^^^^^^^^^^^^^^^^^^^^^^^^^^^^
  File "<unknown>", line 5
    if (0<=pne)
               ^
SyntaxError: expected ':'
2025-07-17 23:29:19,114 cblogger [ERROR]: 		Error while extracting halsted code metrics: expected ':' (<unknown>, line 5)
Traceback (most recent call last):
  File "/root/trabalho_super/QuestionInsight/Etapa_1/codebench-mining-tool/util.py", line 569, in extract_halstead_metrics
    h = h_visit(code)
        ^^^^^^^^^^^^^
  File "/root/trabalho_super/venv_jupyter/lib/python3.12/site-packages/radon/metrics.py", line 29, in h_visit
    return h_visit_ast(ast.parse(code))
                       ^^^^^^^^^^^^^^^
  File "/usr/lib/python3.12/ast.py", line 52, in parse
    return compile(source, filename, mode, flags,
           ^^^^^^^^^^^^^^^^^^^^^^^^^^^^^^^^^^^^^^
  File "<unknown>", line 5
    if (0<=pne)
               ^
SyntaxError: expected ':'
2025-07-17 23:29:19,134 cblogger [ERROR]: 		Error while extracting code complexity metrics: expected an indented block after 'while' statement on line 5 (<unknown>, line 6)
Traceback (most recent call last):
  File "/root/trabalho_super/QuestionInsight/Etapa_1/codebench-mining-tool/util.py", line 551, in extract_complexity_metrics
    v = ComplexityVisitor.from_code(code)
        ^^^^^^^^^^^^^^^^^^^^^^^^^^^^^^^^^
  File "/root/trabalho_super/venv_jupyter/lib/python3.12/site-packages/radon/visitors.py", line 133, in from_code
    return cls.from_ast(code2ast(code), **kwargs)
                        ^^^^^^^^^^^^^^
  File "/root/trabalho_super/venv_jupyter/lib/python3.12/site-packages/radon/visitors.py", line 48, in code2ast
    return ast.parse(source)
           ^^^^^^^^^^^^^^^^^
  File "/usr/lib/python3.12/ast.py", line 52, in parse
    return compile(source, filename, mode, flags,
           ^^^^^^^^^^^^^^^^^^^^^^^^^^^^^^^^^^^^^^
  File "<unknown>", line 6
    	
    	^
IndentationError: expected an indented block after 'while' statement on line 5
2025-07-17 23:29:19,134 cblogger [ERROR]: 		Error while extracting halsted code metrics: expected an indented block after 'while' statement on line 5 (<unknown>, line 6)
Traceback (most recent call last):
  File "/root/trabalho_super/QuestionInsight/Etapa_1/codebench-mining-tool/util.py", line 569, in extract_halstead_metrics
    h = h_visit(code)
        ^^^^^^^^^^^^^
  File "/root/trabalho_super/venv_jupyter/lib/python3.12/site-packages/radon/metrics.py", line 29, in h_visit
    return h_visit_ast(ast.parse(code))
                       ^^^^^^^^^^^^^^^
  File "/usr/lib/python3.12/ast.py", line 52, in parse
    return compile(source, filename, mode, flags,
           ^^^^^^^^^^^^^^^^^^^^^^^^^^^^^^^^^^^^^^
  File "<unknown>", line 6
    	
    	^
IndentationError: expected an indented block after 'while' statement on line 5
2025-07-17 23:29:19,182 cblogger [ERROR]: 		Error while extracting code complexity metrics: invalid syntax (<unknown>, line 6)
Traceback (most recent call last):
  File "/root/trabalho_super/QuestionInsight/Etapa_1/codebench-mining-tool/util.py", line 551, in extract_complexity_metrics
    v = ComplexityVisitor.from_code(code)
        ^^^^^^^^^^^^^^^^^^^^^^^^^^^^^^^^^
  File "/root/trabalho_super/venv_jupyter/lib/python3.12/site-packages/radon/visitors.py", line 133, in from_code
    return cls.from_ast(code2ast(code), **kwargs)
                        ^^^^^^^^^^^^^^
  File "/root/trabalho_super/venv_jupyter/lib/python3.12/site-packages/radon/visitors.py", line 48, in code2ast
    return ast.parse(source)
           ^^^^^^^^^^^^^^^^^
  File "/usr/lib/python3.12/ast.py", line 52, in parse
    return compile(source, filename, mode, flags,
           ^^^^^^^^^^^^^^^^^^^^^^^^^^^^^^^^^^^^^^
  File "<unknown>", line 6
    while n1!n:
            ^
SyntaxError: invalid syntax
2025-07-17 23:29:19,183 cblogger [ERROR]: 		Error while extracting halsted code metrics: invalid syntax (<unknown>, line 6)
Traceback (most recent call last):
  File "/root/trabalho_super/QuestionInsight/Etapa_1/codebench-mining-tool/util.py", line 569, in extract_halstead_metrics
    h = h_visit(code)
        ^^^^^^^^^^^^^
  File "/root/trabalho_super/venv_jupyter/lib/python3.12/site-packages/radon/metrics.py", line 29, in h_visit
    return h_visit_ast(ast.parse(code))
                       ^^^^^^^^^^^^^^^
  File "/usr/lib/python3.12/ast.py", line 52, in parse
    return compile(source, filename, mode, flags,
           ^^^^^^^^^^^^^^^^^^^^^^^^^^^^^^^^^^^^^^
  File "<unknown>", line 6
    while n1!n:
            ^
SyntaxError: invalid syntax
2025-07-17 23:29:19,195 cblogger [ERROR]: 		Error while extracting code complexity metrics: '(' was never closed (<unknown>, line 4)
Traceback (most recent call last):
  File "/root/trabalho_super/QuestionInsight/Etapa_1/codebench-mining-tool/util.py", line 551, in extract_complexity_metrics
    v = ComplexityVisitor.from_code(code)
        ^^^^^^^^^^^^^^^^^^^^^^^^^^^^^^^^^
  File "/root/trabalho_super/venv_jupyter/lib/python3.12/site-packages/radon/visitors.py", line 133, in from_code
    return cls.from_ast(code2ast(code), **kwargs)
                        ^^^^^^^^^^^^^^
  File "/root/trabalho_super/venv_jupyter/lib/python3.12/site-packages/radon/visitors.py", line 48, in code2ast
    return ast.parse(source)
           ^^^^^^^^^^^^^^^^^
  File "/usr/lib/python3.12/ast.py", line 52, in parse
    return compile(source, filename, mode, flags,
           ^^^^^^^^^^^^^^^^^^^^^^^^^^^^^^^^^^^^^^
  File "<unknown>", line 4
    a=(r*cos((pi/n))
      ^
SyntaxError: '(' was never closed
2025-07-17 23:29:19,196 cblogger [ERROR]: 		Error while extracting code size based metrics: SyntaxError at line: 4
Traceback (most recent call last):
  File "/root/trabalho_super/venv_jupyter/lib/python3.12/site-packages/radon/raw.py", line 210, in analyze
    tokens, parsed_lines = _get_all_tokens(line, lines)
                           ^^^^^^^^^^^^^^^^^^^^^^^^^^^^
  File "/root/trabalho_super/venv_jupyter/lib/python3.12/site-packages/radon/raw.py", line 117, in _get_all_tokens
    next_line = next(lines)
                ^^^^^^^^^^^
StopIteration

During handling of the above exception, another exception occurred:

Traceback (most recent call last):
  File "/root/trabalho_super/QuestionInsight/Etapa_1/codebench-mining-tool/util.py", line 560, in extract_size_metrics
    a = analyze(code)
        ^^^^^^^^^^^^^
  File "/root/trabalho_super/venv_jupyter/lib/python3.12/site-packages/radon/raw.py", line 212, in analyze
    raise SyntaxError('SyntaxError at line: {0}'.format(lineno))
SyntaxError: SyntaxError at line: 4
2025-07-17 23:29:19,197 cblogger [ERROR]: 		Error while extracting halsted code metrics: '(' was never closed (<unknown>, line 4)
Traceback (most recent call last):
  File "/root/trabalho_super/QuestionInsight/Etapa_1/codebench-mining-tool/util.py", line 569, in extract_halstead_metrics
    h = h_visit(code)
        ^^^^^^^^^^^^^
  File "/root/trabalho_super/venv_jupyter/lib/python3.12/site-packages/radon/metrics.py", line 29, in h_visit
    return h_visit_ast(ast.parse(code))
                       ^^^^^^^^^^^^^^^
  File "/usr/lib/python3.12/ast.py", line 52, in parse
    return compile(source, filename, mode, flags,
           ^^^^^^^^^^^^^^^^^^^^^^^^^^^^^^^^^^^^^^
  File "<unknown>", line 4
    a=(r*cos((pi/n))
      ^
SyntaxError: '(' was never closed
2025-07-17 23:29:19,205 cblogger [ERROR]: 		Error while extracting code complexity metrics: invalid syntax (<unknown>, line 2)
Traceback (most recent call last):
  File "/root/trabalho_super/QuestionInsight/Etapa_1/codebench-mining-tool/util.py", line 551, in extract_complexity_metrics
    v = ComplexityVisitor.from_code(code)
        ^^^^^^^^^^^^^^^^^^^^^^^^^^^^^^^^^
  File "/root/trabalho_super/venv_jupyter/lib/python3.12/site-packages/radon/visitors.py", line 133, in from_code
    return cls.from_ast(code2ast(code), **kwargs)
                        ^^^^^^^^^^^^^^
  File "/root/trabalho_super/venv_jupyter/lib/python3.12/site-packages/radon/visitors.py", line 48, in code2ast
    return ast.parse(source)
           ^^^^^^^^^^^^^^^^^
  File "/usr/lib/python3.12/ast.py", line 52, in parse
    return compile(source, filename, mode, flags,
           ^^^^^^^^^^^^^^^^^^^^^^^^^^^^^^^^^^^^^^
  File "<unknown>", line 2
    =float(input("raio="))
    ^
SyntaxError: invalid syntax
2025-07-17 23:29:19,205 cblogger [ERROR]: 		Error while extracting code size based metrics: SyntaxError at line: 4
Traceback (most recent call last):
  File "/root/trabalho_super/venv_jupyter/lib/python3.12/site-packages/radon/raw.py", line 210, in analyze
    tokens, parsed_lines = _get_all_tokens(line, lines)
                           ^^^^^^^^^^^^^^^^^^^^^^^^^^^^
  File "/root/trabalho_super/venv_jupyter/lib/python3.12/site-packages/radon/raw.py", line 117, in _get_all_tokens
    next_line = next(lines)
                ^^^^^^^^^^^
StopIteration

During handling of the above exception, another exception occurred:

Traceback (most recent call last):
  File "/root/trabalho_super/QuestionInsight/Etapa_1/codebench-mining-tool/util.py", line 560, in extract_size_metrics
    a = analyze(code)
        ^^^^^^^^^^^^^
  File "/root/trabalho_super/venv_jupyter/lib/python3.12/site-packages/radon/raw.py", line 212, in analyze
    raise SyntaxError('SyntaxError at line: {0}'.format(lineno))
SyntaxError: SyntaxError at line: 4
2025-07-17 23:29:19,206 cblogger [ERROR]: 		Error while extracting halsted code metrics: invalid syntax (<unknown>, line 2)
Traceback (most recent call last):
  File "/root/trabalho_super/QuestionInsight/Etapa_1/codebench-mining-tool/util.py", line 569, in extract_halstead_metrics
    h = h_visit(code)
        ^^^^^^^^^^^^^
  File "/root/trabalho_super/venv_jupyter/lib/python3.12/site-packages/radon/metrics.py", line 29, in h_visit
    return h_visit_ast(ast.parse(code))
                       ^^^^^^^^^^^^^^^
  File "/usr/lib/python3.12/ast.py", line 52, in parse
    return compile(source, filename, mode, flags,
           ^^^^^^^^^^^^^^^^^^^^^^^^^^^^^^^^^^^^^^
  File "<unknown>", line 2
    =float(input("raio="))
    ^
SyntaxError: invalid syntax
2025-07-17 23:29:19,260 cblogger [ERROR]: 		Error while extracting code complexity metrics: expected ':' (<unknown>, line 3)
Traceback (most recent call last):
  File "/root/trabalho_super/QuestionInsight/Etapa_1/codebench-mining-tool/util.py", line 551, in extract_complexity_metrics
    v = ComplexityVisitor.from_code(code)
        ^^^^^^^^^^^^^^^^^^^^^^^^^^^^^^^^^
  File "/root/trabalho_super/venv_jupyter/lib/python3.12/site-packages/radon/visitors.py", line 133, in from_code
    return cls.from_ast(code2ast(code), **kwargs)
                        ^^^^^^^^^^^^^^
  File "/root/trabalho_super/venv_jupyter/lib/python3.12/site-packages/radon/visitors.py", line 48, in code2ast
    return ast.parse(source)
           ^^^^^^^^^^^^^^^^^
  File "/usr/lib/python3.12/ast.py", line 52, in parse
    return compile(source, filename, mode, flags,
           ^^^^^^^^^^^^^^^^^^^^^^^^^^^^^^^^^^^^^^
  File "<unknown>", line 3
    while ()
            ^
SyntaxError: expected ':'
2025-07-17 23:29:19,263 cblogger [ERROR]: 		Error while extracting halsted code metrics: expected ':' (<unknown>, line 3)
Traceback (most recent call last):
  File "/root/trabalho_super/QuestionInsight/Etapa_1/codebench-mining-tool/util.py", line 569, in extract_halstead_metrics
    h = h_visit(code)
        ^^^^^^^^^^^^^
  File "/root/trabalho_super/venv_jupyter/lib/python3.12/site-packages/radon/metrics.py", line 29, in h_visit
    return h_visit_ast(ast.parse(code))
                       ^^^^^^^^^^^^^^^
  File "/usr/lib/python3.12/ast.py", line 52, in parse
    return compile(source, filename, mode, flags,
           ^^^^^^^^^^^^^^^^^^^^^^^^^^^^^^^^^^^^^^
  File "<unknown>", line 3
    while ()
            ^
SyntaxError: expected ':'
2025-07-17 23:29:19,288 cblogger [ERROR]: 		Error while extracting code complexity metrics: invalid syntax (<unknown>, line 6)
Traceback (most recent call last):
  File "/root/trabalho_super/QuestionInsight/Etapa_1/codebench-mining-tool/util.py", line 551, in extract_complexity_metrics
    v = ComplexityVisitor.from_code(code)
        ^^^^^^^^^^^^^^^^^^^^^^^^^^^^^^^^^
  File "/root/trabalho_super/venv_jupyter/lib/python3.12/site-packages/radon/visitors.py", line 133, in from_code
    return cls.from_ast(code2ast(code), **kwargs)
                        ^^^^^^^^^^^^^^
  File "/root/trabalho_super/venv_jupyter/lib/python3.12/site-packages/radon/visitors.py", line 48, in code2ast
    return ast.parse(source)
           ^^^^^^^^^^^^^^^^^
  File "/usr/lib/python3.12/ast.py", line 52, in parse
    return compile(source, filename, mode, flags,
           ^^^^^^^^^^^^^^^^^^^^^^^^^^^^^^^^^^^^^^
  File "<unknown>", line 6
    tt = a1 + ahttps://www.google.com/amp/s/tecnoblog.net/responde/instagram-hackeado-veja-como-recuperar-a-sua-conta-invadida/amp2 
                    ^
SyntaxError: invalid syntax
2025-07-17 23:29:19,289 cblogger [ERROR]: 		Error while extracting halsted code metrics: invalid syntax (<unknown>, line 6)
Traceback (most recent call last):
  File "/root/trabalho_super/QuestionInsight/Etapa_1/codebench-mining-tool/util.py", line 569, in extract_halstead_metrics
    h = h_visit(code)
        ^^^^^^^^^^^^^
  File "/root/trabalho_super/venv_jupyter/lib/python3.12/site-packages/radon/metrics.py", line 29, in h_visit
    return h_visit_ast(ast.parse(code))
                       ^^^^^^^^^^^^^^^
  File "/usr/lib/python3.12/ast.py", line 52, in parse
    return compile(source, filename, mode, flags,
           ^^^^^^^^^^^^^^^^^^^^^^^^^^^^^^^^^^^^^^
  File "<unknown>", line 6
    tt = a1 + ahttps://www.google.com/amp/s/tecnoblog.net/responde/instagram-hackeado-veja-como-recuperar-a-sua-conta-invadida/amp2 
                    ^
SyntaxError: invalid syntax
2025-07-17 23:29:19,323 cblogger [ERROR]: 		Error while extracting code complexity metrics: expected an indented block after 'while' statement on line 7 (<unknown>, line 7)
Traceback (most recent call last):
  File "/root/trabalho_super/QuestionInsight/Etapa_1/codebench-mining-tool/util.py", line 551, in extract_complexity_metrics
    v = ComplexityVisitor.from_code(code)
        ^^^^^^^^^^^^^^^^^^^^^^^^^^^^^^^^^
  File "/root/trabalho_super/venv_jupyter/lib/python3.12/site-packages/radon/visitors.py", line 133, in from_code
    return cls.from_ast(code2ast(code), **kwargs)
                        ^^^^^^^^^^^^^^
  File "/root/trabalho_super/venv_jupyter/lib/python3.12/site-packages/radon/visitors.py", line 48, in code2ast
    return ast.parse(source)
           ^^^^^^^^^^^^^^^^^
  File "/usr/lib/python3.12/ast.py", line 52, in parse
    return compile(source, filename, mode, flags,
           ^^^^^^^^^^^^^^^^^^^^^^^^^^^^^^^^^^^^^^
  File "<unknown>", line 7
    while (aab > aa): 
                      ^
IndentationError: expected an indented block after 'while' statement on line 7
2025-07-17 23:29:19,324 cblogger [ERROR]: 		Error while extracting halsted code metrics: expected an indented block after 'while' statement on line 7 (<unknown>, line 7)
Traceback (most recent call last):
  File "/root/trabalho_super/QuestionInsight/Etapa_1/codebench-mining-tool/util.py", line 569, in extract_halstead_metrics
    h = h_visit(code)
        ^^^^^^^^^^^^^
  File "/root/trabalho_super/venv_jupyter/lib/python3.12/site-packages/radon/metrics.py", line 29, in h_visit
    return h_visit_ast(ast.parse(code))
                       ^^^^^^^^^^^^^^^
  File "/usr/lib/python3.12/ast.py", line 52, in parse
    return compile(source, filename, mode, flags,
           ^^^^^^^^^^^^^^^^^^^^^^^^^^^^^^^^^^^^^^
  File "<unknown>", line 7
    while (aab > aa): 
                      ^
IndentationError: expected an indented block after 'while' statement on line 7
2025-07-17 23:29:19,361 cblogger [ERROR]: 		Error while extracting code complexity metrics: invalid syntax (<unknown>, line 3)
Traceback (most recent call last):
  File "/root/trabalho_super/QuestionInsight/Etapa_1/codebench-mining-tool/util.py", line 551, in extract_complexity_metrics
    v = ComplexityVisitor.from_code(code)
        ^^^^^^^^^^^^^^^^^^^^^^^^^^^^^^^^^
  File "/root/trabalho_super/venv_jupyter/lib/python3.12/site-packages/radon/visitors.py", line 133, in from_code
    return cls.from_ast(code2ast(code), **kwargs)
                        ^^^^^^^^^^^^^^
  File "/root/trabalho_super/venv_jupyter/lib/python3.12/site-packages/radon/visitors.py", line 48, in code2ast
    return ast.parse(source)
           ^^^^^^^^^^^^^^^^^
  File "/usr/lib/python3.12/ast.py", line 52, in parse
    return compile(source, filename, mode, flags,
           ^^^^^^^^^^^^^^^^^^^^^^^^^^^^^^^^^^^^^^
  File "<unknown>", line 3
    ]
    ^
SyntaxError: invalid syntax
2025-07-17 23:29:19,361 cblogger [ERROR]: 		Error while extracting halsted code metrics: invalid syntax (<unknown>, line 3)
Traceback (most recent call last):
  File "/root/trabalho_super/QuestionInsight/Etapa_1/codebench-mining-tool/util.py", line 569, in extract_halstead_metrics
    h = h_visit(code)
        ^^^^^^^^^^^^^
  File "/root/trabalho_super/venv_jupyter/lib/python3.12/site-packages/radon/metrics.py", line 29, in h_visit
    return h_visit_ast(ast.parse(code))
                       ^^^^^^^^^^^^^^^
  File "/usr/lib/python3.12/ast.py", line 52, in parse
    return compile(source, filename, mode, flags,
           ^^^^^^^^^^^^^^^^^^^^^^^^^^^^^^^^^^^^^^
  File "<unknown>", line 3
    ]
    ^
SyntaxError: invalid syntax
2025-07-17 23:29:19,362 cblogger [ERROR]: 		Error while extracting code complexity metrics: invalid syntax (<unknown>, line 1)
Traceback (most recent call last):
  File "/root/trabalho_super/QuestionInsight/Etapa_1/codebench-mining-tool/util.py", line 551, in extract_complexity_metrics
    v = ComplexityVisitor.from_code(code)
        ^^^^^^^^^^^^^^^^^^^^^^^^^^^^^^^^^
  File "/root/trabalho_super/venv_jupyter/lib/python3.12/site-packages/radon/visitors.py", line 133, in from_code
    return cls.from_ast(code2ast(code), **kwargs)
                        ^^^^^^^^^^^^^^
  File "/root/trabalho_super/venv_jupyter/lib/python3.12/site-packages/radon/visitors.py", line 48, in code2ast
    return ast.parse(source)
           ^^^^^^^^^^^^^^^^^
  File "/usr/lib/python3.12/ast.py", line 52, in parse
    return compile(source, filename, mode, flags,
           ^^^^^^^^^^^^^^^^^^^^^^^^^^^^^^^^^^^^^^
  File "<unknown>", line 1
    ifs"N" 
       ^^^
SyntaxError: invalid syntax
2025-07-17 23:29:19,363 cblogger [ERROR]: 		Error while extracting halsted code metrics: invalid syntax (<unknown>, line 1)
Traceback (most recent call last):
  File "/root/trabalho_super/QuestionInsight/Etapa_1/codebench-mining-tool/util.py", line 569, in extract_halstead_metrics
    h = h_visit(code)
        ^^^^^^^^^^^^^
  File "/root/trabalho_super/venv_jupyter/lib/python3.12/site-packages/radon/metrics.py", line 29, in h_visit
    return h_visit_ast(ast.parse(code))
                       ^^^^^^^^^^^^^^^
  File "/usr/lib/python3.12/ast.py", line 52, in parse
    return compile(source, filename, mode, flags,
           ^^^^^^^^^^^^^^^^^^^^^^^^^^^^^^^^^^^^^^
  File "<unknown>", line 1
    ifs"N" 
       ^^^
SyntaxError: invalid syntax
2025-07-17 23:29:19,365 cblogger [ERROR]: 		Error while extracting code complexity metrics: illegal target for annotation (<unknown>, line 2)
Traceback (most recent call last):
  File "/root/trabalho_super/QuestionInsight/Etapa_1/codebench-mining-tool/util.py", line 551, in extract_complexity_metrics
    v = ComplexityVisitor.from_code(code)
        ^^^^^^^^^^^^^^^^^^^^^^^^^^^^^^^^^
  File "/root/trabalho_super/venv_jupyter/lib/python3.12/site-packages/radon/visitors.py", line 133, in from_code
    return cls.from_ast(code2ast(code), **kwargs)
                        ^^^^^^^^^^^^^^
  File "/root/trabalho_super/venv_jupyter/lib/python3.12/site-packages/radon/visitors.py", line 48, in code2ast
    return ast.parse(source)
           ^^^^^^^^^^^^^^^^^
  File "/usr/lib/python3.12/ast.py", line 52, in parse
    return compile(source, filename, mode, flags,
           ^^^^^^^^^^^^^^^^^^^^^^^^^^^^^^^^^^^^^^
  File "<unknown>", line 2
    28/3/2023@11:45:1:244#mousedown#{"isTrusted":true}
    ^^^^^^^^^^^^
SyntaxError: illegal target for annotation
2025-07-17 23:29:19,386 cblogger [ERROR]: 		Error while extracting halsted code metrics: illegal target for annotation (<unknown>, line 2)
Traceback (most recent call last):
  File "/root/trabalho_super/QuestionInsight/Etapa_1/codebench-mining-tool/util.py", line 569, in extract_halstead_metrics
    h = h_visit(code)
        ^^^^^^^^^^^^^
  File "/root/trabalho_super/venv_jupyter/lib/python3.12/site-packages/radon/metrics.py", line 29, in h_visit
    return h_visit_ast(ast.parse(code))
                       ^^^^^^^^^^^^^^^
  File "/usr/lib/python3.12/ast.py", line 52, in parse
    return compile(source, filename, mode, flags,
           ^^^^^^^^^^^^^^^^^^^^^^^^^^^^^^^^^^^^^^
  File "<unknown>", line 2
    28/3/2023@11:45:1:244#mousedown#{"isTrusted":true}
    ^^^^^^^^^^^^
SyntaxError: illegal target for annotation
2025-07-17 23:29:19,404 cblogger [ERROR]: 		Error while extracting code complexity metrics: invalid syntax (<unknown>, line 5)
Traceback (most recent call last):
  File "/root/trabalho_super/QuestionInsight/Etapa_1/codebench-mining-tool/util.py", line 551, in extract_complexity_metrics
    v = ComplexityVisitor.from_code(code)
        ^^^^^^^^^^^^^^^^^^^^^^^^^^^^^^^^^
  File "/root/trabalho_super/venv_jupyter/lib/python3.12/site-packages/radon/visitors.py", line 133, in from_code
    return cls.from_ast(code2ast(code), **kwargs)
                        ^^^^^^^^^^^^^^
  File "/root/trabalho_super/venv_jupyter/lib/python3.12/site-packages/radon/visitors.py", line 48, in code2ast
    return ast.parse(source)
           ^^^^^^^^^^^^^^^^^
  File "/usr/lib/python3.12/ast.py", line 52, in parse
    return compile(source, filename, mode, flags,
           ^^^^^^^^^^^^^^^^^^^^^^^^^^^^^^^^^^^^^^
  File "<unknown>", line 5
    ????? = f???t(input("Qual o valor unitario do jogo? "))
    ^
SyntaxError: invalid syntax
2025-07-17 23:29:19,404 cblogger [ERROR]: 		Error while extracting halsted code metrics: invalid syntax (<unknown>, line 5)
Traceback (most recent call last):
  File "/root/trabalho_super/QuestionInsight/Etapa_1/codebench-mining-tool/util.py", line 569, in extract_halstead_metrics
    h = h_visit(code)
        ^^^^^^^^^^^^^
  File "/root/trabalho_super/venv_jupyter/lib/python3.12/site-packages/radon/metrics.py", line 29, in h_visit
    return h_visit_ast(ast.parse(code))
                       ^^^^^^^^^^^^^^^
  File "/usr/lib/python3.12/ast.py", line 52, in parse
    return compile(source, filename, mode, flags,
           ^^^^^^^^^^^^^^^^^^^^^^^^^^^^^^^^^^^^^^
  File "<unknown>", line 5
    ????? = f???t(input("Qual o valor unitario do jogo? "))
    ^
SyntaxError: invalid syntax
2025-07-17 23:29:19,405 cblogger [ERROR]: 		Error while extracting code token based metrics: 55
Traceback (most recent call last):
  File "/root/trabalho_super/QuestionInsight/Etapa_1/codebench-mining-tool/util.py", line 633, in extract_token_metrics
    setattr(obj, TOKEN_NAMES[k], v)
                 ~~~~~~~~~~~^^^
KeyError: 55
2025-07-17 23:29:19,409 cblogger [ERROR]: 		Error while extracting code complexity metrics: unmatched ')' (<unknown>, line 3)
Traceback (most recent call last):
  File "/root/trabalho_super/QuestionInsight/Etapa_1/codebench-mining-tool/util.py", line 551, in extract_complexity_metrics
    v = ComplexityVisitor.from_code(code)
        ^^^^^^^^^^^^^^^^^^^^^^^^^^^^^^^^^
  File "/root/trabalho_super/venv_jupyter/lib/python3.12/site-packages/radon/visitors.py", line 133, in from_code
    return cls.from_ast(code2ast(code), **kwargs)
                        ^^^^^^^^^^^^^^
  File "/root/trabalho_super/venv_jupyter/lib/python3.12/site-packages/radon/visitors.py", line 48, in code2ast
    return ast.parse(source)
           ^^^^^^^^^^^^^^^^^
  File "/usr/lib/python3.12/ast.py", line 52, in parse
    return compile(source, filename, mode, flags,
           ^^^^^^^^^^^^^^^^^^^^^^^^^^^^^^^^^^^^^^
  File "<unknown>", line 3
    if (Numero inteiro N <= 1) )
                               ^
SyntaxError: unmatched ')'
2025-07-17 23:29:19,410 cblogger [ERROR]: 		Error while extracting halsted code metrics: unmatched ')' (<unknown>, line 3)
Traceback (most recent call last):
  File "/root/trabalho_super/QuestionInsight/Etapa_1/codebench-mining-tool/util.py", line 569, in extract_halstead_metrics
    h = h_visit(code)
        ^^^^^^^^^^^^^
  File "/root/trabalho_super/venv_jupyter/lib/python3.12/site-packages/radon/metrics.py", line 29, in h_visit
    return h_visit_ast(ast.parse(code))
                       ^^^^^^^^^^^^^^^
  File "/usr/lib/python3.12/ast.py", line 52, in parse
    return compile(source, filename, mode, flags,
           ^^^^^^^^^^^^^^^^^^^^^^^^^^^^^^^^^^^^^^
  File "<unknown>", line 3
    if (Numero inteiro N <= 1) )
                               ^
SyntaxError: unmatched ')'
2025-07-17 23:29:19,412 cblogger [ERROR]: 		Error while extracting code complexity metrics: invalid syntax (<unknown>, line 6)
Traceback (most recent call last):
  File "/root/trabalho_super/QuestionInsight/Etapa_1/codebench-mining-tool/util.py", line 551, in extract_complexity_metrics
    v = ComplexityVisitor.from_code(code)
        ^^^^^^^^^^^^^^^^^^^^^^^^^^^^^^^^^
  File "/root/trabalho_super/venv_jupyter/lib/python3.12/site-packages/radon/visitors.py", line 133, in from_code
    return cls.from_ast(code2ast(code), **kwargs)
                        ^^^^^^^^^^^^^^
  File "/root/trabalho_super/venv_jupyter/lib/python3.12/site-packages/radon/visitors.py", line 48, in code2ast
    return ast.parse(source)
           ^^^^^^^^^^^^^^^^^
  File "/usr/lib/python3.12/ast.py", line 52, in parse
    return compile(source, filename, mode, flags,
           ^^^^^^^^^^^^^^^^^^^^^^^^^^^^^^^^^^^^^^
  File "<unknown>", line 6
    num = ???(input("Digite um numero: "))
          ^
SyntaxError: invalid syntax
2025-07-17 23:29:19,412 cblogger [ERROR]: 		Error while extracting halsted code metrics: invalid syntax (<unknown>, line 6)
Traceback (most recent call last):
  File "/root/trabalho_super/QuestionInsight/Etapa_1/codebench-mining-tool/util.py", line 569, in extract_halstead_metrics
    h = h_visit(code)
        ^^^^^^^^^^^^^
  File "/root/trabalho_super/venv_jupyter/lib/python3.12/site-packages/radon/metrics.py", line 29, in h_visit
    return h_visit_ast(ast.parse(code))
                       ^^^^^^^^^^^^^^^
  File "/usr/lib/python3.12/ast.py", line 52, in parse
    return compile(source, filename, mode, flags,
           ^^^^^^^^^^^^^^^^^^^^^^^^^^^^^^^^^^^^^^
  File "<unknown>", line 6
    num = ???(input("Digite um numero: "))
          ^
SyntaxError: invalid syntax
2025-07-17 23:29:19,413 cblogger [ERROR]: 		Error while extracting code token based metrics: 55
Traceback (most recent call last):
  File "/root/trabalho_super/QuestionInsight/Etapa_1/codebench-mining-tool/util.py", line 633, in extract_token_metrics
    setattr(obj, TOKEN_NAMES[k], v)
                 ~~~~~~~~~~~^^^
KeyError: 55
2025-07-17 23:29:19,419 cblogger [ERROR]: 		Error while extracting code complexity metrics: invalid syntax. Maybe you meant '==' or ':=' instead of '='? (<unknown>, line 2)
Traceback (most recent call last):
  File "/root/trabalho_super/QuestionInsight/Etapa_1/codebench-mining-tool/util.py", line 551, in extract_complexity_metrics
    v = ComplexityVisitor.from_code(code)
        ^^^^^^^^^^^^^^^^^^^^^^^^^^^^^^^^^
  File "/root/trabalho_super/venv_jupyter/lib/python3.12/site-packages/radon/visitors.py", line 133, in from_code
    return cls.from_ast(code2ast(code), **kwargs)
                        ^^^^^^^^^^^^^^
  File "/root/trabalho_super/venv_jupyter/lib/python3.12/site-packages/radon/visitors.py", line 48, in code2ast
    return ast.parse(source)
           ^^^^^^^^^^^^^^^^^
  File "/usr/lib/python3.12/ast.py", line 52, in parse
    return compile(source, filename, mode, flags,
           ^^^^^^^^^^^^^^^^^^^^^^^^^^^^^^^^^^^^^^
  File "<unknown>", line 2
    while (x = 1)
           ^^^^^
SyntaxError: invalid syntax. Maybe you meant '==' or ':=' instead of '='?
2025-07-17 23:29:19,420 cblogger [ERROR]: 		Error while extracting halsted code metrics: invalid syntax. Maybe you meant '==' or ':=' instead of '='? (<unknown>, line 2)
Traceback (most recent call last):
  File "/root/trabalho_super/QuestionInsight/Etapa_1/codebench-mining-tool/util.py", line 569, in extract_halstead_metrics
    h = h_visit(code)
        ^^^^^^^^^^^^^
  File "/root/trabalho_super/venv_jupyter/lib/python3.12/site-packages/radon/metrics.py", line 29, in h_visit
    return h_visit_ast(ast.parse(code))
                       ^^^^^^^^^^^^^^^
  File "/usr/lib/python3.12/ast.py", line 52, in parse
    return compile(source, filename, mode, flags,
           ^^^^^^^^^^^^^^^^^^^^^^^^^^^^^^^^^^^^^^
  File "<unknown>", line 2
    while (x = 1)
           ^^^^^
SyntaxError: invalid syntax. Maybe you meant '==' or ':=' instead of '='?
2025-07-17 23:29:19,476 cblogger [ERROR]: 		Error while extracting code complexity metrics: expected an indented block after 'if' statement on line 4 (<unknown>, line 5)
Traceback (most recent call last):
  File "/root/trabalho_super/QuestionInsight/Etapa_1/codebench-mining-tool/util.py", line 551, in extract_complexity_metrics
    v = ComplexityVisitor.from_code(code)
        ^^^^^^^^^^^^^^^^^^^^^^^^^^^^^^^^^
  File "/root/trabalho_super/venv_jupyter/lib/python3.12/site-packages/radon/visitors.py", line 133, in from_code
    return cls.from_ast(code2ast(code), **kwargs)
                        ^^^^^^^^^^^^^^
  File "/root/trabalho_super/venv_jupyter/lib/python3.12/site-packages/radon/visitors.py", line 48, in code2ast
    return ast.parse(source)
           ^^^^^^^^^^^^^^^^^
  File "/usr/lib/python3.12/ast.py", line 52, in parse
    return compile(source, filename, mode, flags,
           ^^^^^^^^^^^^^^^^^^^^^^^^^^^^^^^^^^^^^^
  File "<unknown>", line 5
    		
    		^
IndentationError: expected an indented block after 'if' statement on line 4
2025-07-17 23:29:19,478 cblogger [ERROR]: 		Error while extracting halsted code metrics: expected an indented block after 'if' statement on line 4 (<unknown>, line 5)
Traceback (most recent call last):
  File "/root/trabalho_super/QuestionInsight/Etapa_1/codebench-mining-tool/util.py", line 569, in extract_halstead_metrics
    h = h_visit(code)
        ^^^^^^^^^^^^^
  File "/root/trabalho_super/venv_jupyter/lib/python3.12/site-packages/radon/metrics.py", line 29, in h_visit
    return h_visit_ast(ast.parse(code))
                       ^^^^^^^^^^^^^^^
  File "/usr/lib/python3.12/ast.py", line 52, in parse
    return compile(source, filename, mode, flags,
           ^^^^^^^^^^^^^^^^^^^^^^^^^^^^^^^^^^^^^^
  File "<unknown>", line 5
    		
    		^
IndentationError: expected an indented block after 'if' statement on line 4
2025-07-17 23:29:19,526 cblogger [ERROR]: 		Error while extracting code complexity metrics: invalid syntax (<unknown>, line 1)
Traceback (most recent call last):
  File "/root/trabalho_super/QuestionInsight/Etapa_1/codebench-mining-tool/util.py", line 551, in extract_complexity_metrics
    v = ComplexityVisitor.from_code(code)
        ^^^^^^^^^^^^^^^^^^^^^^^^^^^^^^^^^
  File "/root/trabalho_super/venv_jupyter/lib/python3.12/site-packages/radon/visitors.py", line 133, in from_code
    return cls.from_ast(code2ast(code), **kwargs)
                        ^^^^^^^^^^^^^^
  File "/root/trabalho_super/venv_jupyter/lib/python3.12/site-packages/radon/visitors.py", line 48, in code2ast
    return ast.parse(source)
           ^^^^^^^^^^^^^^^^^
  File "/usr/lib/python3.12/ast.py", line 52, in parse
    return compile(source, filename, mode, flags,
           ^^^^^^^^^^^^^^^^^^^^^^^^^^^^^^^^^^^^^^
  File "<unknown>", line 1
    n mjjjjjjjjjjjjjjjjjjjjjjjjjjjjjjjjjjjjjjjjjjjjjjjjjjjjbbbbbbmm
      ^^^^^^^^^^^^^^^^^^^^^^^^^^^^^^^^^^^^^^^^^^^^^^^^^^^^^^^^^^^^^
SyntaxError: invalid syntax
2025-07-17 23:29:19,527 cblogger [ERROR]: 		Error while extracting halsted code metrics: invalid syntax (<unknown>, line 1)
Traceback (most recent call last):
  File "/root/trabalho_super/QuestionInsight/Etapa_1/codebench-mining-tool/util.py", line 569, in extract_halstead_metrics
    h = h_visit(code)
        ^^^^^^^^^^^^^
  File "/root/trabalho_super/venv_jupyter/lib/python3.12/site-packages/radon/metrics.py", line 29, in h_visit
    return h_visit_ast(ast.parse(code))
                       ^^^^^^^^^^^^^^^
  File "/usr/lib/python3.12/ast.py", line 52, in parse
    return compile(source, filename, mode, flags,
           ^^^^^^^^^^^^^^^^^^^^^^^^^^^^^^^^^^^^^^
  File "<unknown>", line 1
    n mjjjjjjjjjjjjjjjjjjjjjjjjjjjjjjjjjjjjjjjjjjjjjjjjjjjjbbbbbbmm
      ^^^^^^^^^^^^^^^^^^^^^^^^^^^^^^^^^^^^^^^^^^^^^^^^^^^^^^^^^^^^^
SyntaxError: invalid syntax
2025-07-17 23:29:19,634 cblogger [ERROR]: 		Error while extracting code complexity metrics: unmatched ')' (<unknown>, line 8)
Traceback (most recent call last):
  File "/root/trabalho_super/QuestionInsight/Etapa_1/codebench-mining-tool/util.py", line 551, in extract_complexity_metrics
    v = ComplexityVisitor.from_code(code)
        ^^^^^^^^^^^^^^^^^^^^^^^^^^^^^^^^^
  File "/root/trabalho_super/venv_jupyter/lib/python3.12/site-packages/radon/visitors.py", line 133, in from_code
    return cls.from_ast(code2ast(code), **kwargs)
                        ^^^^^^^^^^^^^^
  File "/root/trabalho_super/venv_jupyter/lib/python3.12/site-packages/radon/visitors.py", line 48, in code2ast
    return ast.parse(source)
           ^^^^^^^^^^^^^^^^^
  File "/usr/lib/python3.12/ast.py", line 52, in parse
    return compile(source, filename, mode, flags,
           ^^^^^^^^^^^^^^^^^^^^^^^^^^^^^^^^^^^^^^
  File "<unknown>", line 8
    print(round(total,2))))
                         ^
SyntaxError: unmatched ')'
2025-07-17 23:29:19,634 cblogger [ERROR]: 		Error while extracting halsted code metrics: unmatched ')' (<unknown>, line 8)
Traceback (most recent call last):
  File "/root/trabalho_super/QuestionInsight/Etapa_1/codebench-mining-tool/util.py", line 569, in extract_halstead_metrics
    h = h_visit(code)
        ^^^^^^^^^^^^^
  File "/root/trabalho_super/venv_jupyter/lib/python3.12/site-packages/radon/metrics.py", line 29, in h_visit
    return h_visit_ast(ast.parse(code))
                       ^^^^^^^^^^^^^^^
  File "/usr/lib/python3.12/ast.py", line 52, in parse
    return compile(source, filename, mode, flags,
           ^^^^^^^^^^^^^^^^^^^^^^^^^^^^^^^^^^^^^^
  File "<unknown>", line 8
    print(round(total,2))))
                         ^
SyntaxError: unmatched ')'
2025-07-17 23:29:19,667 cblogger [ERROR]: 		Error while extracting code complexity metrics: expected an indented block after 'while' statement on line 14 (<unknown>, line 15)
Traceback (most recent call last):
  File "/root/trabalho_super/QuestionInsight/Etapa_1/codebench-mining-tool/util.py", line 551, in extract_complexity_metrics
    v = ComplexityVisitor.from_code(code)
        ^^^^^^^^^^^^^^^^^^^^^^^^^^^^^^^^^
  File "/root/trabalho_super/venv_jupyter/lib/python3.12/site-packages/radon/visitors.py", line 133, in from_code
    return cls.from_ast(code2ast(code), **kwargs)
                        ^^^^^^^^^^^^^^
  File "/root/trabalho_super/venv_jupyter/lib/python3.12/site-packages/radon/visitors.py", line 48, in code2ast
    return ast.parse(source)
           ^^^^^^^^^^^^^^^^^
  File "/usr/lib/python3.12/ast.py", line 52, in parse
    return compile(source, filename, mode, flags,
           ^^^^^^^^^^^^^^^^^^^^^^^^^^^^^^^^^^^^^^
  File "<unknown>", line 15
    inv = inv + s[i]
    ^^^
IndentationError: expected an indented block after 'while' statement on line 14
2025-07-17 23:29:19,668 cblogger [ERROR]: 		Error while extracting halsted code metrics: expected an indented block after 'while' statement on line 14 (<unknown>, line 15)
Traceback (most recent call last):
  File "/root/trabalho_super/QuestionInsight/Etapa_1/codebench-mining-tool/util.py", line 569, in extract_halstead_metrics
    h = h_visit(code)
        ^^^^^^^^^^^^^
  File "/root/trabalho_super/venv_jupyter/lib/python3.12/site-packages/radon/metrics.py", line 29, in h_visit
    return h_visit_ast(ast.parse(code))
                       ^^^^^^^^^^^^^^^
  File "/usr/lib/python3.12/ast.py", line 52, in parse
    return compile(source, filename, mode, flags,
           ^^^^^^^^^^^^^^^^^^^^^^^^^^^^^^^^^^^^^^
  File "<unknown>", line 15
    inv = inv + s[i]
    ^^^
IndentationError: expected an indented block after 'while' statement on line 14
2025-07-17 23:29:19,695 cblogger [ERROR]: 		Error while extracting code complexity metrics: invalid syntax (<unknown>, line 1)
Traceback (most recent call last):
  File "/root/trabalho_super/QuestionInsight/Etapa_1/codebench-mining-tool/util.py", line 551, in extract_complexity_metrics
    v = ComplexityVisitor.from_code(code)
        ^^^^^^^^^^^^^^^^^^^^^^^^^^^^^^^^^
  File "/root/trabalho_super/venv_jupyter/lib/python3.12/site-packages/radon/visitors.py", line 133, in from_code
    return cls.from_ast(code2ast(code), **kwargs)
                        ^^^^^^^^^^^^^^
  File "/root/trabalho_super/venv_jupyter/lib/python3.12/site-packages/radon/visitors.py", line 48, in code2ast
    return ast.parse(source)
           ^^^^^^^^^^^^^^^^^
  File "/usr/lib/python3.12/ast.py", line 52, in parse
    return compile(source, filename, mode, flags,
           ^^^^^^^^^^^^^^^^^^^^^^^^^^^^^^^^^^^^^^
  File "<unknown>", line 1
    from numpy import
                     ^
SyntaxError: invalid syntax
2025-07-17 23:29:19,696 cblogger [ERROR]: 		Error while extracting halsted code metrics: invalid syntax (<unknown>, line 1)
Traceback (most recent call last):
  File "/root/trabalho_super/QuestionInsight/Etapa_1/codebench-mining-tool/util.py", line 569, in extract_halstead_metrics
    h = h_visit(code)
        ^^^^^^^^^^^^^
  File "/root/trabalho_super/venv_jupyter/lib/python3.12/site-packages/radon/metrics.py", line 29, in h_visit
    return h_visit_ast(ast.parse(code))
                       ^^^^^^^^^^^^^^^
  File "/usr/lib/python3.12/ast.py", line 52, in parse
    return compile(source, filename, mode, flags,
           ^^^^^^^^^^^^^^^^^^^^^^^^^^^^^^^^^^^^^^
  File "<unknown>", line 1
    from numpy import
                     ^
SyntaxError: invalid syntax
2025-07-17 23:29:19,797 cblogger [ERROR]: 		Error while extracting code complexity metrics: expected an indented block after 'elif' statement on line 9 (<unknown>, line 12)
Traceback (most recent call last):
  File "/root/trabalho_super/QuestionInsight/Etapa_1/codebench-mining-tool/util.py", line 551, in extract_complexity_metrics
    v = ComplexityVisitor.from_code(code)
        ^^^^^^^^^^^^^^^^^^^^^^^^^^^^^^^^^
  File "/root/trabalho_super/venv_jupyter/lib/python3.12/site-packages/radon/visitors.py", line 133, in from_code
    return cls.from_ast(code2ast(code), **kwargs)
                        ^^^^^^^^^^^^^^
  File "/root/trabalho_super/venv_jupyter/lib/python3.12/site-packages/radon/visitors.py", line 48, in code2ast
    return ast.parse(source)
           ^^^^^^^^^^^^^^^^^
  File "/usr/lib/python3.12/ast.py", line 52, in parse
    return compile(source, filename, mode, flags,
           ^^^^^^^^^^^^^^^^^^^^^^^^^^^^^^^^^^^^^^
  File "<unknown>", line 12
    												 
    												 ^
IndentationError: expected an indented block after 'elif' statement on line 9
2025-07-17 23:29:19,798 cblogger [ERROR]: 		Error while extracting halsted code metrics: expected an indented block after 'elif' statement on line 9 (<unknown>, line 12)
Traceback (most recent call last):
  File "/root/trabalho_super/QuestionInsight/Etapa_1/codebench-mining-tool/util.py", line 569, in extract_halstead_metrics
    h = h_visit(code)
        ^^^^^^^^^^^^^
  File "/root/trabalho_super/venv_jupyter/lib/python3.12/site-packages/radon/metrics.py", line 29, in h_visit
    return h_visit_ast(ast.parse(code))
                       ^^^^^^^^^^^^^^^
  File "/usr/lib/python3.12/ast.py", line 52, in parse
    return compile(source, filename, mode, flags,
           ^^^^^^^^^^^^^^^^^^^^^^^^^^^^^^^^^^^^^^
  File "<unknown>", line 12
    												 
    												 ^
IndentationError: expected an indented block after 'elif' statement on line 9
2025-07-17 23:29:20,022 cblogger [ERROR]: 		Error while extracting code complexity metrics: invalid syntax (<unknown>, line 5)
Traceback (most recent call last):
  File "/root/trabalho_super/QuestionInsight/Etapa_1/codebench-mining-tool/util.py", line 551, in extract_complexity_metrics
    v = ComplexityVisitor.from_code(code)
        ^^^^^^^^^^^^^^^^^^^^^^^^^^^^^^^^^
  File "/root/trabalho_super/venv_jupyter/lib/python3.12/site-packages/radon/visitors.py", line 133, in from_code
    return cls.from_ast(code2ast(code), **kwargs)
                        ^^^^^^^^^^^^^^
  File "/root/trabalho_super/venv_jupyter/lib/python3.12/site-packages/radon/visitors.py", line 48, in code2ast
    return ast.parse(source)
           ^^^^^^^^^^^^^^^^^
  File "/usr/lib/python3.12/ast.py", line 52, in parse
    return compile(source, filename, mode, flags,
           ^^^^^^^^^^^^^^^^^^^^^^^^^^^^^^^^^^^^^^
  File "<unknown>", line 5
    ????? = float(input("Qual o valor unitario do jogo? "))
    ^
SyntaxError: invalid syntax
2025-07-17 23:29:20,023 cblogger [ERROR]: 		Error while extracting halsted code metrics: invalid syntax (<unknown>, line 5)
Traceback (most recent call last):
  File "/root/trabalho_super/QuestionInsight/Etapa_1/codebench-mining-tool/util.py", line 569, in extract_halstead_metrics
    h = h_visit(code)
        ^^^^^^^^^^^^^
  File "/root/trabalho_super/venv_jupyter/lib/python3.12/site-packages/radon/metrics.py", line 29, in h_visit
    return h_visit_ast(ast.parse(code))
                       ^^^^^^^^^^^^^^^
  File "/usr/lib/python3.12/ast.py", line 52, in parse
    return compile(source, filename, mode, flags,
           ^^^^^^^^^^^^^^^^^^^^^^^^^^^^^^^^^^^^^^
  File "<unknown>", line 5
    ????? = float(input("Qual o valor unitario do jogo? "))
    ^
SyntaxError: invalid syntax
2025-07-17 23:29:20,024 cblogger [ERROR]: 		Error while extracting code token based metrics: 55
Traceback (most recent call last):
  File "/root/trabalho_super/QuestionInsight/Etapa_1/codebench-mining-tool/util.py", line 633, in extract_token_metrics
    setattr(obj, TOKEN_NAMES[k], v)
                 ~~~~~~~~~~~^^^
KeyError: 55
2025-07-17 23:29:20,086 cblogger [ERROR]: 		Error while extracting code complexity metrics: unexpected indent (<unknown>, line 9)
Traceback (most recent call last):
  File "/root/trabalho_super/QuestionInsight/Etapa_1/codebench-mining-tool/util.py", line 551, in extract_complexity_metrics
    v = ComplexityVisitor.from_code(code)
        ^^^^^^^^^^^^^^^^^^^^^^^^^^^^^^^^^
  File "/root/trabalho_super/venv_jupyter/lib/python3.12/site-packages/radon/visitors.py", line 133, in from_code
    return cls.from_ast(code2ast(code), **kwargs)
                        ^^^^^^^^^^^^^^
  File "/root/trabalho_super/venv_jupyter/lib/python3.12/site-packages/radon/visitors.py", line 48, in code2ast
    return ast.parse(source)
           ^^^^^^^^^^^^^^^^^
  File "/usr/lib/python3.12/ast.py", line 52, in parse
    return compile(source, filename, mode, flags,
           ^^^^^^^^^^^^^^^^^^^^^^^^^^^^^^^^^^^^^^
  File "<unknown>", line 9
    		print(b, 'divisores')
    	^
IndentationError: unexpected indent
2025-07-17 23:29:20,087 cblogger [ERROR]: 		Error while extracting halsted code metrics: unexpected indent (<unknown>, line 9)
Traceback (most recent call last):
  File "/root/trabalho_super/QuestionInsight/Etapa_1/codebench-mining-tool/util.py", line 569, in extract_halstead_metrics
    h = h_visit(code)
        ^^^^^^^^^^^^^
  File "/root/trabalho_super/venv_jupyter/lib/python3.12/site-packages/radon/metrics.py", line 29, in h_visit
    return h_visit_ast(ast.parse(code))
                       ^^^^^^^^^^^^^^^
  File "/usr/lib/python3.12/ast.py", line 52, in parse
    return compile(source, filename, mode, flags,
           ^^^^^^^^^^^^^^^^^^^^^^^^^^^^^^^^^^^^^^
  File "<unknown>", line 9
    		print(b, 'divisores')
    	^
IndentationError: unexpected indent
2025-07-17 23:29:20,113 cblogger [ERROR]: 		Error while extracting code complexity metrics: unmatched ')' (<unknown>, line 2)
Traceback (most recent call last):
  File "/root/trabalho_super/QuestionInsight/Etapa_1/codebench-mining-tool/util.py", line 551, in extract_complexity_metrics
    v = ComplexityVisitor.from_code(code)
        ^^^^^^^^^^^^^^^^^^^^^^^^^^^^^^^^^
  File "/root/trabalho_super/venv_jupyter/lib/python3.12/site-packages/radon/visitors.py", line 133, in from_code
    return cls.from_ast(code2ast(code), **kwargs)
                        ^^^^^^^^^^^^^^
  File "/root/trabalho_super/venv_jupyter/lib/python3.12/site-packages/radon/visitors.py", line 48, in code2ast
    return ast.parse(source)
           ^^^^^^^^^^^^^^^^^
  File "/usr/lib/python3.12/ast.py", line 52, in parse
    return compile(source, filename, mode, flags,
           ^^^^^^^^^^^^^^^^^^^^^^^^^^^^^^^^^^^^^^
  File "<unknown>", line 2
    v = eval(input()))
                     ^
SyntaxError: unmatched ')'
2025-07-17 23:29:20,114 cblogger [ERROR]: 		Error while extracting halsted code metrics: unmatched ')' (<unknown>, line 2)
Traceback (most recent call last):
  File "/root/trabalho_super/QuestionInsight/Etapa_1/codebench-mining-tool/util.py", line 569, in extract_halstead_metrics
    h = h_visit(code)
        ^^^^^^^^^^^^^
  File "/root/trabalho_super/venv_jupyter/lib/python3.12/site-packages/radon/metrics.py", line 29, in h_visit
    return h_visit_ast(ast.parse(code))
                       ^^^^^^^^^^^^^^^
  File "/usr/lib/python3.12/ast.py", line 52, in parse
    return compile(source, filename, mode, flags,
           ^^^^^^^^^^^^^^^^^^^^^^^^^^^^^^^^^^^^^^
  File "<unknown>", line 2
    v = eval(input()))
                     ^
SyntaxError: unmatched ')'
2025-07-17 23:29:20,145 cblogger [ERROR]: 		Error while extracting code complexity metrics: invalid syntax (<unknown>, line 18)
Traceback (most recent call last):
  File "/root/trabalho_super/QuestionInsight/Etapa_1/codebench-mining-tool/util.py", line 551, in extract_complexity_metrics
    v = ComplexityVisitor.from_code(code)
        ^^^^^^^^^^^^^^^^^^^^^^^^^^^^^^^^^
  File "/root/trabalho_super/venv_jupyter/lib/python3.12/site-packages/radon/visitors.py", line 133, in from_code
    return cls.from_ast(code2ast(code), **kwargs)
                        ^^^^^^^^^^^^^^
  File "/root/trabalho_super/venv_jupyter/lib/python3.12/site-packages/radon/visitors.py", line 48, in code2ast
    return ast.parse(source)
           ^^^^^^^^^^^^^^^^^
  File "/usr/lib/python3.12/ast.py", line 52, in parse
    return compile(source, filename, mode, flags,
           ^^^^^^^^^^^^^^^^^^^^^^^^^^^^^^^^^^^^^^
  File "<unknown>", line 18
    	elif (a == c) or (a == d:
    	                        ^
SyntaxError: invalid syntax
2025-07-17 23:29:20,146 cblogger [ERROR]: 		Error while extracting code size based metrics: SyntaxError at line: 18
Traceback (most recent call last):
  File "/root/trabalho_super/venv_jupyter/lib/python3.12/site-packages/radon/raw.py", line 210, in analyze
    tokens, parsed_lines = _get_all_tokens(line, lines)
                           ^^^^^^^^^^^^^^^^^^^^^^^^^^^^
  File "/root/trabalho_super/venv_jupyter/lib/python3.12/site-packages/radon/raw.py", line 117, in _get_all_tokens
    next_line = next(lines)
                ^^^^^^^^^^^
StopIteration

During handling of the above exception, another exception occurred:

Traceback (most recent call last):
  File "/root/trabalho_super/QuestionInsight/Etapa_1/codebench-mining-tool/util.py", line 560, in extract_size_metrics
    a = analyze(code)
        ^^^^^^^^^^^^^
  File "/root/trabalho_super/venv_jupyter/lib/python3.12/site-packages/radon/raw.py", line 212, in analyze
    raise SyntaxError('SyntaxError at line: {0}'.format(lineno))
SyntaxError: SyntaxError at line: 18
2025-07-17 23:29:20,147 cblogger [ERROR]: 		Error while extracting halsted code metrics: invalid syntax (<unknown>, line 18)
Traceback (most recent call last):
  File "/root/trabalho_super/QuestionInsight/Etapa_1/codebench-mining-tool/util.py", line 569, in extract_halstead_metrics
    h = h_visit(code)
        ^^^^^^^^^^^^^
  File "/root/trabalho_super/venv_jupyter/lib/python3.12/site-packages/radon/metrics.py", line 29, in h_visit
    return h_visit_ast(ast.parse(code))
                       ^^^^^^^^^^^^^^^
  File "/usr/lib/python3.12/ast.py", line 52, in parse
    return compile(source, filename, mode, flags,
           ^^^^^^^^^^^^^^^^^^^^^^^^^^^^^^^^^^^^^^
  File "<unknown>", line 18
    	elif (a == c) or (a == d:
    	                        ^
SyntaxError: invalid syntax
2025-07-17 23:29:20,237 cblogger [ERROR]: 		Error while extracting code complexity metrics: cannot assign to expression (<unknown>, line 9)
Traceback (most recent call last):
  File "/root/trabalho_super/QuestionInsight/Etapa_1/codebench-mining-tool/util.py", line 551, in extract_complexity_metrics
    v = ComplexityVisitor.from_code(code)
        ^^^^^^^^^^^^^^^^^^^^^^^^^^^^^^^^^
  File "/root/trabalho_super/venv_jupyter/lib/python3.12/site-packages/radon/visitors.py", line 133, in from_code
    return cls.from_ast(code2ast(code), **kwargs)
                        ^^^^^^^^^^^^^^
  File "/root/trabalho_super/venv_jupyter/lib/python3.12/site-packages/radon/visitors.py", line 48, in code2ast
    return ast.parse(source)
           ^^^^^^^^^^^^^^^^^
  File "/usr/lib/python3.12/ast.py", line 52, in parse
    return compile(source, filename, mode, flags,
           ^^^^^^^^^^^^^^^^^^^^^^^^^^^^^^^^^^^^^^
  File "<unknown>", line 9
    		for v[i] >= (b / (20/100)) and v[i] <= (b / (50/100)):
    		    ^^^^^^^^^^^^^^^^^^^^^^^^^^^^^^^^^^^^^^^^^^^^^^^^^
SyntaxError: cannot assign to expression
2025-07-17 23:29:20,238 cblogger [ERROR]: 		Error while extracting halsted code metrics: cannot assign to expression (<unknown>, line 9)
Traceback (most recent call last):
  File "/root/trabalho_super/QuestionInsight/Etapa_1/codebench-mining-tool/util.py", line 569, in extract_halstead_metrics
    h = h_visit(code)
        ^^^^^^^^^^^^^
  File "/root/trabalho_super/venv_jupyter/lib/python3.12/site-packages/radon/metrics.py", line 29, in h_visit
    return h_visit_ast(ast.parse(code))
                       ^^^^^^^^^^^^^^^
  File "/usr/lib/python3.12/ast.py", line 52, in parse
    return compile(source, filename, mode, flags,
           ^^^^^^^^^^^^^^^^^^^^^^^^^^^^^^^^^^^^^^
  File "<unknown>", line 9
    		for v[i] >= (b / (20/100)) and v[i] <= (b / (50/100)):
    		    ^^^^^^^^^^^^^^^^^^^^^^^^^^^^^^^^^^^^^^^^^^^^^^^^^
SyntaxError: cannot assign to expression
2025-07-17 23:29:20,246 cblogger [ERROR]: 		Error while extracting code complexity metrics: invalid syntax (<unknown>, line 11)
Traceback (most recent call last):
  File "/root/trabalho_super/QuestionInsight/Etapa_1/codebench-mining-tool/util.py", line 551, in extract_complexity_metrics
    v = ComplexityVisitor.from_code(code)
        ^^^^^^^^^^^^^^^^^^^^^^^^^^^^^^^^^
  File "/root/trabalho_super/venv_jupyter/lib/python3.12/site-packages/radon/visitors.py", line 133, in from_code
    return cls.from_ast(code2ast(code), **kwargs)
                        ^^^^^^^^^^^^^^
  File "/root/trabalho_super/venv_jupyter/lib/python3.12/site-packages/radon/visitors.py", line 48, in code2ast
    return ast.parse(source)
           ^^^^^^^^^^^^^^^^^
  File "/usr/lib/python3.12/ast.py", line 52, in parse
    return compile(source, filename, mode, flags,
           ^^^^^^^^^^^^^^^^^^^^^^^^^^^^^^^^^^^^^^
  File "<unknown>", line 11
    print(round((c * v) + 20, 2)) mkmjo9iihuihljjjlhbg,k bjkuijuyfvfg
                                  ^^^^^^^^^^^^^^^^^^^^
SyntaxError: invalid syntax
2025-07-17 23:29:20,247 cblogger [ERROR]: 		Error while extracting halsted code metrics: invalid syntax (<unknown>, line 11)
Traceback (most recent call last):
  File "/root/trabalho_super/QuestionInsight/Etapa_1/codebench-mining-tool/util.py", line 569, in extract_halstead_metrics
    h = h_visit(code)
        ^^^^^^^^^^^^^
  File "/root/trabalho_super/venv_jupyter/lib/python3.12/site-packages/radon/metrics.py", line 29, in h_visit
    return h_visit_ast(ast.parse(code))
                       ^^^^^^^^^^^^^^^
  File "/usr/lib/python3.12/ast.py", line 52, in parse
    return compile(source, filename, mode, flags,
           ^^^^^^^^^^^^^^^^^^^^^^^^^^^^^^^^^^^^^^
  File "<unknown>", line 11
    print(round((c * v) + 20, 2)) mkmjo9iihuihljjjlhbg,k bjkuijuyfvfg
                                  ^^^^^^^^^^^^^^^^^^^^
SyntaxError: invalid syntax
2025-07-17 23:29:20,261 cblogger [ERROR]: 		Error while extracting code complexity metrics: invalid syntax. Perhaps you forgot a comma? (<unknown>, line 1)
Traceback (most recent call last):
  File "/root/trabalho_super/QuestionInsight/Etapa_1/codebench-mining-tool/util.py", line 551, in extract_complexity_metrics
    v = ComplexityVisitor.from_code(code)
        ^^^^^^^^^^^^^^^^^^^^^^^^^^^^^^^^^
  File "/root/trabalho_super/venv_jupyter/lib/python3.12/site-packages/radon/visitors.py", line 133, in from_code
    return cls.from_ast(code2ast(code), **kwargs)
                        ^^^^^^^^^^^^^^
  File "/root/trabalho_super/venv_jupyter/lib/python3.12/site-packages/radon/visitors.py", line 48, in code2ast
    return ast.parse(source)
           ^^^^^^^^^^^^^^^^^
  File "/usr/lib/python3.12/ast.py", line 52, in parse
    return compile(source, filename, mode, flags,
           ^^^^^^^^^^^^^^^^^^^^^^^^^^^^^^^^^^^^^^
  File "<unknown>", line 1
    x = int(input("volume de agua")
            
SyntaxError: invalid syntax. Perhaps you forgot a comma?
2025-07-17 23:29:20,262 cblogger [ERROR]: 		Error while extracting code size based metrics: SyntaxError at line: 1
Traceback (most recent call last):
  File "/root/trabalho_super/venv_jupyter/lib/python3.12/site-packages/radon/raw.py", line 210, in analyze
    tokens, parsed_lines = _get_all_tokens(line, lines)
                           ^^^^^^^^^^^^^^^^^^^^^^^^^^^^
  File "/root/trabalho_super/venv_jupyter/lib/python3.12/site-packages/radon/raw.py", line 117, in _get_all_tokens
    next_line = next(lines)
                ^^^^^^^^^^^
StopIteration

During handling of the above exception, another exception occurred:

Traceback (most recent call last):
  File "/root/trabalho_super/QuestionInsight/Etapa_1/codebench-mining-tool/util.py", line 560, in extract_size_metrics
    a = analyze(code)
        ^^^^^^^^^^^^^
  File "/root/trabalho_super/venv_jupyter/lib/python3.12/site-packages/radon/raw.py", line 212, in analyze
    raise SyntaxError('SyntaxError at line: {0}'.format(lineno))
SyntaxError: SyntaxError at line: 1
2025-07-17 23:29:20,263 cblogger [ERROR]: 		Error while extracting halsted code metrics: invalid syntax. Perhaps you forgot a comma? (<unknown>, line 1)
Traceback (most recent call last):
  File "/root/trabalho_super/QuestionInsight/Etapa_1/codebench-mining-tool/util.py", line 569, in extract_halstead_metrics
    h = h_visit(code)
        ^^^^^^^^^^^^^
  File "/root/trabalho_super/venv_jupyter/lib/python3.12/site-packages/radon/metrics.py", line 29, in h_visit
    return h_visit_ast(ast.parse(code))
                       ^^^^^^^^^^^^^^^
  File "/usr/lib/python3.12/ast.py", line 52, in parse
    return compile(source, filename, mode, flags,
           ^^^^^^^^^^^^^^^^^^^^^^^^^^^^^^^^^^^^^^
  File "<unknown>", line 1
    x = int(input("volume de agua")
            
SyntaxError: invalid syntax. Perhaps you forgot a comma?
2025-07-17 23:29:20,264 cblogger [ERROR]: 		Error while extracting code complexity metrics: expected an indented block after 'for' statement on line 5 (<unknown>, line 6)
Traceback (most recent call last):
  File "/root/trabalho_super/QuestionInsight/Etapa_1/codebench-mining-tool/util.py", line 551, in extract_complexity_metrics
    v = ComplexityVisitor.from_code(code)
        ^^^^^^^^^^^^^^^^^^^^^^^^^^^^^^^^^
  File "/root/trabalho_super/venv_jupyter/lib/python3.12/site-packages/radon/visitors.py", line 133, in from_code
    return cls.from_ast(code2ast(code), **kwargs)
                        ^^^^^^^^^^^^^^
  File "/root/trabalho_super/venv_jupyter/lib/python3.12/site-packages/radon/visitors.py", line 48, in code2ast
    return ast.parse(source)
           ^^^^^^^^^^^^^^^^^
  File "/usr/lib/python3.12/ast.py", line 52, in parse
    return compile(source, filename, mode, flags,
           ^^^^^^^^^^^^^^^^^^^^^^^^^^^^^^^^^^^^^^
  File "<unknown>", line 6
    if c[i]=="P": quant[0]=quant[0]+1
    ^^
IndentationError: expected an indented block after 'for' statement on line 5
2025-07-17 23:29:20,265 cblogger [ERROR]: 		Error while extracting halsted code metrics: expected an indented block after 'for' statement on line 5 (<unknown>, line 6)
Traceback (most recent call last):
  File "/root/trabalho_super/QuestionInsight/Etapa_1/codebench-mining-tool/util.py", line 569, in extract_halstead_metrics
    h = h_visit(code)
        ^^^^^^^^^^^^^
  File "/root/trabalho_super/venv_jupyter/lib/python3.12/site-packages/radon/metrics.py", line 29, in h_visit
    return h_visit_ast(ast.parse(code))
                       ^^^^^^^^^^^^^^^
  File "/usr/lib/python3.12/ast.py", line 52, in parse
    return compile(source, filename, mode, flags,
           ^^^^^^^^^^^^^^^^^^^^^^^^^^^^^^^^^^^^^^
  File "<unknown>", line 6
    if c[i]=="P": quant[0]=quant[0]+1
    ^^
IndentationError: expected an indented block after 'for' statement on line 5
2025-07-17 23:29:20,276 cblogger [ERROR]: 		Error while extracting code complexity metrics: invalid syntax (<unknown>, line 5)
Traceback (most recent call last):
  File "/root/trabalho_super/QuestionInsight/Etapa_1/codebench-mining-tool/util.py", line 551, in extract_complexity_metrics
    v = ComplexityVisitor.from_code(code)
        ^^^^^^^^^^^^^^^^^^^^^^^^^^^^^^^^^
  File "/root/trabalho_super/venv_jupyter/lib/python3.12/site-packages/radon/visitors.py", line 133, in from_code
    return cls.from_ast(code2ast(code), **kwargs)
                        ^^^^^^^^^^^^^^
  File "/root/trabalho_super/venv_jupyter/lib/python3.12/site-packages/radon/visitors.py", line 48, in code2ast
    return ast.parse(source)
           ^^^^^^^^^^^^^^^^^
  File "/usr/lib/python3.12/ast.py", line 52, in parse
    return compile(source, filename, mode, flags,
           ^^^^^^^^^^^^^^^^^^^^^^^^^^^^^^^^^^^^^^
  File "<unknown>", line 5
    L = 
        ^
SyntaxError: invalid syntax
2025-07-17 23:29:20,277 cblogger [ERROR]: 		Error while extracting halsted code metrics: invalid syntax (<unknown>, line 5)
Traceback (most recent call last):
  File "/root/trabalho_super/QuestionInsight/Etapa_1/codebench-mining-tool/util.py", line 569, in extract_halstead_metrics
    h = h_visit(code)
        ^^^^^^^^^^^^^
  File "/root/trabalho_super/venv_jupyter/lib/python3.12/site-packages/radon/metrics.py", line 29, in h_visit
    return h_visit_ast(ast.parse(code))
                       ^^^^^^^^^^^^^^^
  File "/usr/lib/python3.12/ast.py", line 52, in parse
    return compile(source, filename, mode, flags,
           ^^^^^^^^^^^^^^^^^^^^^^^^^^^^^^^^^^^^^^
  File "<unknown>", line 5
    L = 
        ^
SyntaxError: invalid syntax
2025-07-17 23:29:21,423 cblogger [ERROR]: 		Error while extracting code complexity metrics: invalid syntax (<unknown>, line 1)
Traceback (most recent call last):
  File "/root/trabalho_super/QuestionInsight/Etapa_1/codebench-mining-tool/util.py", line 551, in extract_complexity_metrics
    v = ComplexityVisitor.from_code(code)
        ^^^^^^^^^^^^^^^^^^^^^^^^^^^^^^^^^
  File "/root/trabalho_super/venv_jupyter/lib/python3.12/site-packages/radon/visitors.py", line 133, in from_code
    return cls.from_ast(code2ast(code), **kwargs)
                        ^^^^^^^^^^^^^^
  File "/root/trabalho_super/venv_jupyter/lib/python3.12/site-packages/radon/visitors.py", line 48, in code2ast
    return ast.parse(source)
           ^^^^^^^^^^^^^^^^^
  File "/usr/lib/python3.12/ast.py", line 52, in parse
    return compile(source, filename, mode, flags,
           ^^^^^^^^^^^^^^^^^^^^^^^^^^^^^^^^^^^^^^
  File "<unknown>", line 1
    Salto em distância
          ^^
SyntaxError: invalid syntax
2025-07-17 23:29:21,424 cblogger [ERROR]: 		Error while extracting halsted code metrics: invalid syntax (<unknown>, line 1)
Traceback (most recent call last):
  File "/root/trabalho_super/QuestionInsight/Etapa_1/codebench-mining-tool/util.py", line 569, in extract_halstead_metrics
    h = h_visit(code)
        ^^^^^^^^^^^^^
  File "/root/trabalho_super/venv_jupyter/lib/python3.12/site-packages/radon/metrics.py", line 29, in h_visit
    return h_visit_ast(ast.parse(code))
                       ^^^^^^^^^^^^^^^
  File "/usr/lib/python3.12/ast.py", line 52, in parse
    return compile(source, filename, mode, flags,
           ^^^^^^^^^^^^^^^^^^^^^^^^^^^^^^^^^^^^^^
  File "<unknown>", line 1
    Salto em distância
          ^^
SyntaxError: invalid syntax
2025-07-17 23:29:21,429 cblogger [ERROR]: 		Error while extracting code complexity metrics: expected ':' (<unknown>, line 5)
Traceback (most recent call last):
  File "/root/trabalho_super/QuestionInsight/Etapa_1/codebench-mining-tool/util.py", line 551, in extract_complexity_metrics
    v = ComplexityVisitor.from_code(code)
        ^^^^^^^^^^^^^^^^^^^^^^^^^^^^^^^^^
  File "/root/trabalho_super/venv_jupyter/lib/python3.12/site-packages/radon/visitors.py", line 133, in from_code
    return cls.from_ast(code2ast(code), **kwargs)
                        ^^^^^^^^^^^^^^
  File "/root/trabalho_super/venv_jupyter/lib/python3.12/site-packages/radon/visitors.py", line 48, in code2ast
    return ast.parse(source)
           ^^^^^^^^^^^^^^^^^
  File "/usr/lib/python3.12/ast.py", line 52, in parse
    return compile(source, filename, mode, flags,
           ^^^^^^^^^^^^^^^^^^^^^^^^^^^^^^^^^^^^^^
  File "<unknown>", line 5
    	if a [i]
    	        ^
SyntaxError: expected ':'
2025-07-17 23:29:21,430 cblogger [ERROR]: 		Error while extracting halsted code metrics: expected ':' (<unknown>, line 5)
Traceback (most recent call last):
  File "/root/trabalho_super/QuestionInsight/Etapa_1/codebench-mining-tool/util.py", line 569, in extract_halstead_metrics
    h = h_visit(code)
        ^^^^^^^^^^^^^
  File "/root/trabalho_super/venv_jupyter/lib/python3.12/site-packages/radon/metrics.py", line 29, in h_visit
    return h_visit_ast(ast.parse(code))
                       ^^^^^^^^^^^^^^^
  File "/usr/lib/python3.12/ast.py", line 52, in parse
    return compile(source, filename, mode, flags,
           ^^^^^^^^^^^^^^^^^^^^^^^^^^^^^^^^^^^^^^
  File "<unknown>", line 5
    	if a [i]
    	        ^
SyntaxError: expected ':'
2025-07-17 23:29:21,454 cblogger [ERROR]: 		Error while extracting code complexity metrics: invalid syntax (<unknown>, line 4)
Traceback (most recent call last):
  File "/root/trabalho_super/QuestionInsight/Etapa_1/codebench-mining-tool/util.py", line 551, in extract_complexity_metrics
    v = ComplexityVisitor.from_code(code)
        ^^^^^^^^^^^^^^^^^^^^^^^^^^^^^^^^^
  File "/root/trabalho_super/venv_jupyter/lib/python3.12/site-packages/radon/visitors.py", line 133, in from_code
    return cls.from_ast(code2ast(code), **kwargs)
                        ^^^^^^^^^^^^^^
  File "/root/trabalho_super/venv_jupyter/lib/python3.12/site-packages/radon/visitors.py", line 48, in code2ast
    return ast.parse(source)
           ^^^^^^^^^^^^^^^^^
  File "/usr/lib/python3.12/ast.py", line 52, in parse
    return compile(source, filename, mode, flags,
           ^^^^^^^^^^^^^^^^^^^^^^^^^^^^^^^^^^^^^^
  File "<unknown>", line 4
    while float ICE 
                ^^^
SyntaxError: invalid syntax
2025-07-17 23:29:21,455 cblogger [ERROR]: 		Error while extracting halsted code metrics: invalid syntax (<unknown>, line 4)
Traceback (most recent call last):
  File "/root/trabalho_super/QuestionInsight/Etapa_1/codebench-mining-tool/util.py", line 569, in extract_halstead_metrics
    h = h_visit(code)
        ^^^^^^^^^^^^^
  File "/root/trabalho_super/venv_jupyter/lib/python3.12/site-packages/radon/metrics.py", line 29, in h_visit
    return h_visit_ast(ast.parse(code))
                       ^^^^^^^^^^^^^^^
  File "/usr/lib/python3.12/ast.py", line 52, in parse
    return compile(source, filename, mode, flags,
           ^^^^^^^^^^^^^^^^^^^^^^^^^^^^^^^^^^^^^^
  File "<unknown>", line 4
    while float ICE 
                ^^^
SyntaxError: invalid syntax
2025-07-17 23:29:21,469 cblogger [ERROR]: 		Error while extracting code complexity metrics: invalid syntax (<unknown>, line 3)
Traceback (most recent call last):
  File "/root/trabalho_super/QuestionInsight/Etapa_1/codebench-mining-tool/util.py", line 551, in extract_complexity_metrics
    v = ComplexityVisitor.from_code(code)
        ^^^^^^^^^^^^^^^^^^^^^^^^^^^^^^^^^
  File "/root/trabalho_super/venv_jupyter/lib/python3.12/site-packages/radon/visitors.py", line 133, in from_code
    return cls.from_ast(code2ast(code), **kwargs)
                        ^^^^^^^^^^^^^^
  File "/root/trabalho_super/venv_jupyter/lib/python3.12/site-packages/radon/visitors.py", line 48, in code2ast
    return ast.parse(source)
           ^^^^^^^^^^^^^^^^^
  File "/usr/lib/python3.12/ast.py", line 52, in parse
    return compile(source, filename, mode, flags,
           ^^^^^^^^^^^^^^^^^^^^^^^^^^^^^^^^^^^^^^
  File "<unknown>", line 3
    if((a!="ARROZ") or (a!="CENOURA") or (a!="KAMPYO") or (a!="NORI") or (a!="OMELETE") or (a!="PEPINO") or (a!="SALMAO") or (a!="SHITAKE"):
                                                                                                                                           ^
SyntaxError: invalid syntax
2025-07-17 23:29:21,476 cblogger [ERROR]: 		Error while extracting code size based metrics: SyntaxError at line: 3
Traceback (most recent call last):
  File "/root/trabalho_super/venv_jupyter/lib/python3.12/site-packages/radon/raw.py", line 210, in analyze
    tokens, parsed_lines = _get_all_tokens(line, lines)
                           ^^^^^^^^^^^^^^^^^^^^^^^^^^^^
  File "/root/trabalho_super/venv_jupyter/lib/python3.12/site-packages/radon/raw.py", line 117, in _get_all_tokens
    next_line = next(lines)
                ^^^^^^^^^^^
StopIteration

During handling of the above exception, another exception occurred:

Traceback (most recent call last):
  File "/root/trabalho_super/QuestionInsight/Etapa_1/codebench-mining-tool/util.py", line 560, in extract_size_metrics
    a = analyze(code)
        ^^^^^^^^^^^^^
  File "/root/trabalho_super/venv_jupyter/lib/python3.12/site-packages/radon/raw.py", line 212, in analyze
    raise SyntaxError('SyntaxError at line: {0}'.format(lineno))
SyntaxError: SyntaxError at line: 3
2025-07-17 23:29:21,477 cblogger [ERROR]: 		Error while extracting halsted code metrics: invalid syntax (<unknown>, line 3)
Traceback (most recent call last):
  File "/root/trabalho_super/QuestionInsight/Etapa_1/codebench-mining-tool/util.py", line 569, in extract_halstead_metrics
    h = h_visit(code)
        ^^^^^^^^^^^^^
  File "/root/trabalho_super/venv_jupyter/lib/python3.12/site-packages/radon/metrics.py", line 29, in h_visit
    return h_visit_ast(ast.parse(code))
                       ^^^^^^^^^^^^^^^
  File "/usr/lib/python3.12/ast.py", line 52, in parse
    return compile(source, filename, mode, flags,
           ^^^^^^^^^^^^^^^^^^^^^^^^^^^^^^^^^^^^^^
  File "<unknown>", line 3
    if((a!="ARROZ") or (a!="CENOURA") or (a!="KAMPYO") or (a!="NORI") or (a!="OMELETE") or (a!="PEPINO") or (a!="SALMAO") or (a!="SHITAKE"):
                                                                                                                                           ^
SyntaxError: invalid syntax
2025-07-17 23:29:21,479 cblogger [ERROR]: 		Error while extracting code complexity metrics: '(' was never closed (<unknown>, line 13)
Traceback (most recent call last):
  File "/root/trabalho_super/QuestionInsight/Etapa_1/codebench-mining-tool/util.py", line 551, in extract_complexity_metrics
    v = ComplexityVisitor.from_code(code)
        ^^^^^^^^^^^^^^^^^^^^^^^^^^^^^^^^^
  File "/root/trabalho_super/venv_jupyter/lib/python3.12/site-packages/radon/visitors.py", line 133, in from_code
    return cls.from_ast(code2ast(code), **kwargs)
                        ^^^^^^^^^^^^^^
  File "/root/trabalho_super/venv_jupyter/lib/python3.12/site-packages/radon/visitors.py", line 48, in code2ast
    return ast.parse(source)
           ^^^^^^^^^^^^^^^^^
  File "/usr/lib/python3.12/ast.py", line 52, in parse
    return compile(source, filename, mode, flags,
           ^^^^^^^^^^^^^^^^^^^^^^^^^^^^^^^^^^^^^^
  File "<unknown>", line 13
    	v = (4*pi*r**3/3) - ((pi*h**2*3*r-h)/3
    	                    ^
SyntaxError: '(' was never closed
2025-07-17 23:29:21,480 cblogger [ERROR]: 		Error while extracting code size based metrics: SyntaxError at line: 13
Traceback (most recent call last):
  File "/root/trabalho_super/venv_jupyter/lib/python3.12/site-packages/radon/raw.py", line 210, in analyze
    tokens, parsed_lines = _get_all_tokens(line, lines)
                           ^^^^^^^^^^^^^^^^^^^^^^^^^^^^
  File "/root/trabalho_super/venv_jupyter/lib/python3.12/site-packages/radon/raw.py", line 117, in _get_all_tokens
    next_line = next(lines)
                ^^^^^^^^^^^
StopIteration

During handling of the above exception, another exception occurred:

Traceback (most recent call last):
  File "/root/trabalho_super/QuestionInsight/Etapa_1/codebench-mining-tool/util.py", line 560, in extract_size_metrics
    a = analyze(code)
        ^^^^^^^^^^^^^
  File "/root/trabalho_super/venv_jupyter/lib/python3.12/site-packages/radon/raw.py", line 212, in analyze
    raise SyntaxError('SyntaxError at line: {0}'.format(lineno))
SyntaxError: SyntaxError at line: 13
2025-07-17 23:29:21,481 cblogger [ERROR]: 		Error while extracting halsted code metrics: '(' was never closed (<unknown>, line 13)
Traceback (most recent call last):
  File "/root/trabalho_super/QuestionInsight/Etapa_1/codebench-mining-tool/util.py", line 569, in extract_halstead_metrics
    h = h_visit(code)
        ^^^^^^^^^^^^^
  File "/root/trabalho_super/venv_jupyter/lib/python3.12/site-packages/radon/metrics.py", line 29, in h_visit
    return h_visit_ast(ast.parse(code))
                       ^^^^^^^^^^^^^^^
  File "/usr/lib/python3.12/ast.py", line 52, in parse
    return compile(source, filename, mode, flags,
           ^^^^^^^^^^^^^^^^^^^^^^^^^^^^^^^^^^^^^^
  File "<unknown>", line 13
    	v = (4*pi*r**3/3) - ((pi*h**2*3*r-h)/3
    	                    ^
SyntaxError: '(' was never closed
2025-07-17 23:29:21,490 cblogger [ERROR]: 		Error while extracting code complexity metrics: '(' was never closed (<unknown>, line 11)
Traceback (most recent call last):
  File "/root/trabalho_super/QuestionInsight/Etapa_1/codebench-mining-tool/util.py", line 551, in extract_complexity_metrics
    v = ComplexityVisitor.from_code(code)
        ^^^^^^^^^^^^^^^^^^^^^^^^^^^^^^^^^
  File "/root/trabalho_super/venv_jupyter/lib/python3.12/site-packages/radon/visitors.py", line 133, in from_code
    return cls.from_ast(code2ast(code), **kwargs)
                        ^^^^^^^^^^^^^^
  File "/root/trabalho_super/venv_jupyter/lib/python3.12/site-packages/radon/visitors.py", line 48, in code2ast
    return ast.parse(source)
           ^^^^^^^^^^^^^^^^^
  File "/usr/lib/python3.12/ast.py", line 52, in parse
    return compile(source, filename, mode, flags,
           ^^^^^^^^^^^^^^^^^^^^^^^^^^^^^^^^^^^^^^
  File "<unknown>", line 11
    	if (golpro [1]>golcontra[1] 
    	   ^
SyntaxError: '(' was never closed
2025-07-17 23:29:21,491 cblogger [ERROR]: 		Error while extracting code size based metrics: SyntaxError at line: 11
Traceback (most recent call last):
  File "/root/trabalho_super/venv_jupyter/lib/python3.12/site-packages/radon/raw.py", line 210, in analyze
    tokens, parsed_lines = _get_all_tokens(line, lines)
                           ^^^^^^^^^^^^^^^^^^^^^^^^^^^^
  File "/root/trabalho_super/venv_jupyter/lib/python3.12/site-packages/radon/raw.py", line 117, in _get_all_tokens
    next_line = next(lines)
                ^^^^^^^^^^^
StopIteration

During handling of the above exception, another exception occurred:

Traceback (most recent call last):
  File "/root/trabalho_super/QuestionInsight/Etapa_1/codebench-mining-tool/util.py", line 560, in extract_size_metrics
    a = analyze(code)
        ^^^^^^^^^^^^^
  File "/root/trabalho_super/venv_jupyter/lib/python3.12/site-packages/radon/raw.py", line 212, in analyze
    raise SyntaxError('SyntaxError at line: {0}'.format(lineno))
SyntaxError: SyntaxError at line: 11
2025-07-17 23:29:21,492 cblogger [ERROR]: 		Error while extracting halsted code metrics: '(' was never closed (<unknown>, line 11)
Traceback (most recent call last):
  File "/root/trabalho_super/QuestionInsight/Etapa_1/codebench-mining-tool/util.py", line 569, in extract_halstead_metrics
    h = h_visit(code)
        ^^^^^^^^^^^^^
  File "/root/trabalho_super/venv_jupyter/lib/python3.12/site-packages/radon/metrics.py", line 29, in h_visit
    return h_visit_ast(ast.parse(code))
                       ^^^^^^^^^^^^^^^
  File "/usr/lib/python3.12/ast.py", line 52, in parse
    return compile(source, filename, mode, flags,
           ^^^^^^^^^^^^^^^^^^^^^^^^^^^^^^^^^^^^^^
  File "<unknown>", line 11
    	if (golpro [1]>golcontra[1] 
    	   ^
SyntaxError: '(' was never closed
2025-07-17 23:29:21,494 cblogger [ERROR]: 		Error while extracting code token based metrics: 55
Traceback (most recent call last):
  File "/root/trabalho_super/QuestionInsight/Etapa_1/codebench-mining-tool/util.py", line 633, in extract_token_metrics
    setattr(obj, TOKEN_NAMES[k], v)
                 ~~~~~~~~~~~^^^
KeyError: 55
2025-07-17 23:29:21,503 cblogger [ERROR]: 		Error while extracting code complexity metrics: invalid syntax (<unknown>, line 2)
Traceback (most recent call last):
  File "/root/trabalho_super/QuestionInsight/Etapa_1/codebench-mining-tool/util.py", line 551, in extract_complexity_metrics
    v = ComplexityVisitor.from_code(code)
        ^^^^^^^^^^^^^^^^^^^^^^^^^^^^^^^^^
  File "/root/trabalho_super/venv_jupyter/lib/python3.12/site-packages/radon/visitors.py", line 133, in from_code
    return cls.from_ast(code2ast(code), **kwargs)
                        ^^^^^^^^^^^^^^
  File "/root/trabalho_super/venv_jupyter/lib/python3.12/site-packages/radon/visitors.py", line 48, in code2ast
    return ast.parse(source)
           ^^^^^^^^^^^^^^^^^
  File "/usr/lib/python3.12/ast.py", line 52, in parse
    return compile(source, filename, mode, flags,
           ^^^^^^^^^^^^^^^^^^^^^^^^^^^^^^^^^^^^^^
  File "<unknown>", line 2
    if 
       ^
SyntaxError: invalid syntax
2025-07-17 23:29:21,504 cblogger [ERROR]: 		Error while extracting halsted code metrics: invalid syntax (<unknown>, line 2)
Traceback (most recent call last):
  File "/root/trabalho_super/QuestionInsight/Etapa_1/codebench-mining-tool/util.py", line 569, in extract_halstead_metrics
    h = h_visit(code)
        ^^^^^^^^^^^^^
  File "/root/trabalho_super/venv_jupyter/lib/python3.12/site-packages/radon/metrics.py", line 29, in h_visit
    return h_visit_ast(ast.parse(code))
                       ^^^^^^^^^^^^^^^
  File "/usr/lib/python3.12/ast.py", line 52, in parse
    return compile(source, filename, mode, flags,
           ^^^^^^^^^^^^^^^^^^^^^^^^^^^^^^^^^^^^^^
  File "<unknown>", line 2
    if 
       ^
SyntaxError: invalid syntax
2025-07-17 23:29:21,528 cblogger [ERROR]: 		Error while extracting code complexity metrics: '(' was never closed (<unknown>, line 3)
Traceback (most recent call last):
  File "/root/trabalho_super/QuestionInsight/Etapa_1/codebench-mining-tool/util.py", line 551, in extract_complexity_metrics
    v = ComplexityVisitor.from_code(code)
        ^^^^^^^^^^^^^^^^^^^^^^^^^^^^^^^^^
  File "/root/trabalho_super/venv_jupyter/lib/python3.12/site-packages/radon/visitors.py", line 133, in from_code
    return cls.from_ast(code2ast(code), **kwargs)
                        ^^^^^^^^^^^^^^
  File "/root/trabalho_super/venv_jupyter/lib/python3.12/site-packages/radon/visitors.py", line 48, in code2ast
    return ast.parse(source)
           ^^^^^^^^^^^^^^^^^
  File "/usr/lib/python3.12/ast.py", line 52, in parse
    return compile(source, filename, mode, flags,
           ^^^^^^^^^^^^^^^^^^^^^^^^^^^^^^^^^^^^^^
  File "<unknown>", line 3
    qu = array(eval(input("vqu")
                   ^
SyntaxError: '(' was never closed
2025-07-17 23:29:21,530 cblogger [ERROR]: 		Error while extracting code size based metrics: SyntaxError at line: 3
Traceback (most recent call last):
  File "/root/trabalho_super/venv_jupyter/lib/python3.12/site-packages/radon/raw.py", line 210, in analyze
    tokens, parsed_lines = _get_all_tokens(line, lines)
                           ^^^^^^^^^^^^^^^^^^^^^^^^^^^^
  File "/root/trabalho_super/venv_jupyter/lib/python3.12/site-packages/radon/raw.py", line 117, in _get_all_tokens
    next_line = next(lines)
                ^^^^^^^^^^^
StopIteration

During handling of the above exception, another exception occurred:

Traceback (most recent call last):
  File "/root/trabalho_super/QuestionInsight/Etapa_1/codebench-mining-tool/util.py", line 560, in extract_size_metrics
    a = analyze(code)
        ^^^^^^^^^^^^^
  File "/root/trabalho_super/venv_jupyter/lib/python3.12/site-packages/radon/raw.py", line 212, in analyze
    raise SyntaxError('SyntaxError at line: {0}'.format(lineno))
SyntaxError: SyntaxError at line: 3
2025-07-17 23:29:21,531 cblogger [ERROR]: 		Error while extracting halsted code metrics: '(' was never closed (<unknown>, line 3)
Traceback (most recent call last):
  File "/root/trabalho_super/QuestionInsight/Etapa_1/codebench-mining-tool/util.py", line 569, in extract_halstead_metrics
    h = h_visit(code)
        ^^^^^^^^^^^^^
  File "/root/trabalho_super/venv_jupyter/lib/python3.12/site-packages/radon/metrics.py", line 29, in h_visit
    return h_visit_ast(ast.parse(code))
                       ^^^^^^^^^^^^^^^
  File "/usr/lib/python3.12/ast.py", line 52, in parse
    return compile(source, filename, mode, flags,
           ^^^^^^^^^^^^^^^^^^^^^^^^^^^^^^^^^^^^^^
  File "<unknown>", line 3
    qu = array(eval(input("vqu")
                   ^
SyntaxError: '(' was never closed
2025-07-17 23:29:21,540 cblogger [ERROR]: 		Error while extracting code complexity metrics: expected ':' (<unknown>, line 4)
Traceback (most recent call last):
  File "/root/trabalho_super/QuestionInsight/Etapa_1/codebench-mining-tool/util.py", line 551, in extract_complexity_metrics
    v = ComplexityVisitor.from_code(code)
        ^^^^^^^^^^^^^^^^^^^^^^^^^^^^^^^^^
  File "/root/trabalho_super/venv_jupyter/lib/python3.12/site-packages/radon/visitors.py", line 133, in from_code
    return cls.from_ast(code2ast(code), **kwargs)
                        ^^^^^^^^^^^^^^
  File "/root/trabalho_super/venv_jupyter/lib/python3.12/site-packages/radon/visitors.py", line 48, in code2ast
    return ast.parse(source)
           ^^^^^^^^^^^^^^^^^
  File "/usr/lib/python3.12/ast.py", line 52, in parse
    return compile(source, filename, mode, flags,
           ^^^^^^^^^^^^^^^^^^^^^^^^^^^^^^^^^^^^^^
  File "<unknown>", line 4
    while x / 3 and y /3
                        ^
SyntaxError: expected ':'
2025-07-17 23:29:21,541 cblogger [ERROR]: 		Error while extracting halsted code metrics: expected ':' (<unknown>, line 4)
Traceback (most recent call last):
  File "/root/trabalho_super/QuestionInsight/Etapa_1/codebench-mining-tool/util.py", line 569, in extract_halstead_metrics
    h = h_visit(code)
        ^^^^^^^^^^^^^
  File "/root/trabalho_super/venv_jupyter/lib/python3.12/site-packages/radon/metrics.py", line 29, in h_visit
    return h_visit_ast(ast.parse(code))
                       ^^^^^^^^^^^^^^^
  File "/usr/lib/python3.12/ast.py", line 52, in parse
    return compile(source, filename, mode, flags,
           ^^^^^^^^^^^^^^^^^^^^^^^^^^^^^^^^^^^^^^
  File "<unknown>", line 4
    while x / 3 and y /3
                        ^
SyntaxError: expected ':'
2025-07-17 23:29:21,548 cblogger [ERROR]: 		Error while extracting code complexity metrics: unexpected indent (<unknown>, line 10)
Traceback (most recent call last):
  File "/root/trabalho_super/QuestionInsight/Etapa_1/codebench-mining-tool/util.py", line 551, in extract_complexity_metrics
    v = ComplexityVisitor.from_code(code)
        ^^^^^^^^^^^^^^^^^^^^^^^^^^^^^^^^^
  File "/root/trabalho_super/venv_jupyter/lib/python3.12/site-packages/radon/visitors.py", line 133, in from_code
    return cls.from_ast(code2ast(code), **kwargs)
                        ^^^^^^^^^^^^^^
  File "/root/trabalho_super/venv_jupyter/lib/python3.12/site-packages/radon/visitors.py", line 48, in code2ast
    return ast.parse(source)
           ^^^^^^^^^^^^^^^^^
  File "/usr/lib/python3.12/ast.py", line 52, in parse
    return compile(source, filename, mode, flags,
           ^^^^^^^^^^^^^^^^^^^^^^^^^^^^^^^^^^^^^^
  File "<unknown>", line 10
    altura_x=altura_x+taxa_x                   # felino cresce ?.??m cada ano
IndentationError: unexpected indent
2025-07-17 23:29:21,549 cblogger [ERROR]: 		Error while extracting halsted code metrics: unexpected indent (<unknown>, line 10)
Traceback (most recent call last):
  File "/root/trabalho_super/QuestionInsight/Etapa_1/codebench-mining-tool/util.py", line 569, in extract_halstead_metrics
    h = h_visit(code)
        ^^^^^^^^^^^^^
  File "/root/trabalho_super/venv_jupyter/lib/python3.12/site-packages/radon/metrics.py", line 29, in h_visit
    return h_visit_ast(ast.parse(code))
                       ^^^^^^^^^^^^^^^
  File "/usr/lib/python3.12/ast.py", line 52, in parse
    return compile(source, filename, mode, flags,
           ^^^^^^^^^^^^^^^^^^^^^^^^^^^^^^^^^^^^^^
  File "<unknown>", line 10
    altura_x=altura_x+taxa_x                   # felino cresce ?.??m cada ano
IndentationError: unexpected indent
2025-07-17 23:29:21,565 cblogger [ERROR]: 		Error while extracting code complexity metrics: closing parenthesis ')' does not match opening parenthesis '[' (<unknown>, line 3)
Traceback (most recent call last):
  File "/root/trabalho_super/QuestionInsight/Etapa_1/codebench-mining-tool/util.py", line 551, in extract_complexity_metrics
    v = ComplexityVisitor.from_code(code)
        ^^^^^^^^^^^^^^^^^^^^^^^^^^^^^^^^^
  File "/root/trabalho_super/venv_jupyter/lib/python3.12/site-packages/radon/visitors.py", line 133, in from_code
    return cls.from_ast(code2ast(code), **kwargs)
                        ^^^^^^^^^^^^^^
  File "/root/trabalho_super/venv_jupyter/lib/python3.12/site-packages/radon/visitors.py", line 48, in code2ast
    return ast.parse(source)
           ^^^^^^^^^^^^^^^^^
  File "/usr/lib/python3.12/ast.py", line 52, in parse
    return compile(source, filename, mode, flags,
           ^^^^^^^^^^^^^^^^^^^^^^^^^^^^^^^^^^^^^^
  File "<unknown>", line 3
    mes = array(["janeiro","fevereiro","marco","abril", "maio","junho","julho","agosto","setembro","outubro","novembro","dezembro]")
                                                                                                                                   ^
SyntaxError: closing parenthesis ')' does not match opening parenthesis '['
2025-07-17 23:29:21,566 cblogger [ERROR]: 		Error while extracting code size based metrics: SyntaxError at line: 3
Traceback (most recent call last):
  File "/root/trabalho_super/venv_jupyter/lib/python3.12/site-packages/radon/raw.py", line 210, in analyze
    tokens, parsed_lines = _get_all_tokens(line, lines)
                           ^^^^^^^^^^^^^^^^^^^^^^^^^^^^
  File "/root/trabalho_super/venv_jupyter/lib/python3.12/site-packages/radon/raw.py", line 117, in _get_all_tokens
    next_line = next(lines)
                ^^^^^^^^^^^
StopIteration

During handling of the above exception, another exception occurred:

Traceback (most recent call last):
  File "/root/trabalho_super/QuestionInsight/Etapa_1/codebench-mining-tool/util.py", line 560, in extract_size_metrics
    a = analyze(code)
        ^^^^^^^^^^^^^
  File "/root/trabalho_super/venv_jupyter/lib/python3.12/site-packages/radon/raw.py", line 212, in analyze
    raise SyntaxError('SyntaxError at line: {0}'.format(lineno))
SyntaxError: SyntaxError at line: 3
2025-07-17 23:29:21,567 cblogger [ERROR]: 		Error while extracting halsted code metrics: closing parenthesis ')' does not match opening parenthesis '[' (<unknown>, line 3)
Traceback (most recent call last):
  File "/root/trabalho_super/QuestionInsight/Etapa_1/codebench-mining-tool/util.py", line 569, in extract_halstead_metrics
    h = h_visit(code)
        ^^^^^^^^^^^^^
  File "/root/trabalho_super/venv_jupyter/lib/python3.12/site-packages/radon/metrics.py", line 29, in h_visit
    return h_visit_ast(ast.parse(code))
                       ^^^^^^^^^^^^^^^
  File "/usr/lib/python3.12/ast.py", line 52, in parse
    return compile(source, filename, mode, flags,
           ^^^^^^^^^^^^^^^^^^^^^^^^^^^^^^^^^^^^^^
  File "<unknown>", line 3
    mes = array(["janeiro","fevereiro","marco","abril", "maio","junho","julho","agosto","setembro","outubro","novembro","dezembro]")
                                                                                                                                   ^
SyntaxError: closing parenthesis ')' does not match opening parenthesis '['
2025-07-17 23:29:21,568 cblogger [ERROR]: 		Error while extracting code complexity metrics: invalid syntax. Perhaps you forgot a comma? (<unknown>, line 9)
Traceback (most recent call last):
  File "/root/trabalho_super/QuestionInsight/Etapa_1/codebench-mining-tool/util.py", line 551, in extract_complexity_metrics
    v = ComplexityVisitor.from_code(code)
        ^^^^^^^^^^^^^^^^^^^^^^^^^^^^^^^^^
  File "/root/trabalho_super/venv_jupyter/lib/python3.12/site-packages/radon/visitors.py", line 133, in from_code
    return cls.from_ast(code2ast(code), **kwargs)
                        ^^^^^^^^^^^^^^
  File "/root/trabalho_super/venv_jupyter/lib/python3.12/site-packages/radon/visitors.py", line 48, in code2ast
    return ast.parse(source)
           ^^^^^^^^^^^^^^^^^
  File "/usr/lib/python3.12/ast.py", line 52, in parse
    return compile(source, filename, mode, flags,
           ^^^^^^^^^^^^^^^^^^^^^^^^^^^^^^^^^^^^^^
  File "<unknown>", line 9
    while (CONDIÇÃO DO LAÇO):
           ^^^^^^^^^^^
SyntaxError: invalid syntax. Perhaps you forgot a comma?
2025-07-17 23:29:21,569 cblogger [ERROR]: 		Error while extracting halsted code metrics: invalid syntax. Perhaps you forgot a comma? (<unknown>, line 9)
Traceback (most recent call last):
  File "/root/trabalho_super/QuestionInsight/Etapa_1/codebench-mining-tool/util.py", line 569, in extract_halstead_metrics
    h = h_visit(code)
        ^^^^^^^^^^^^^
  File "/root/trabalho_super/venv_jupyter/lib/python3.12/site-packages/radon/metrics.py", line 29, in h_visit
    return h_visit_ast(ast.parse(code))
                       ^^^^^^^^^^^^^^^
  File "/usr/lib/python3.12/ast.py", line 52, in parse
    return compile(source, filename, mode, flags,
           ^^^^^^^^^^^^^^^^^^^^^^^^^^^^^^^^^^^^^^
  File "<unknown>", line 9
    while (CONDIÇÃO DO LAÇO):
           ^^^^^^^^^^^
SyntaxError: invalid syntax. Perhaps you forgot a comma?
2025-07-17 23:29:21,577 cblogger [ERROR]: 		Error while extracting code complexity metrics: expected ':' (<unknown>, line 7)
Traceback (most recent call last):
  File "/root/trabalho_super/QuestionInsight/Etapa_1/codebench-mining-tool/util.py", line 551, in extract_complexity_metrics
    v = ComplexityVisitor.from_code(code)
        ^^^^^^^^^^^^^^^^^^^^^^^^^^^^^^^^^
  File "/root/trabalho_super/venv_jupyter/lib/python3.12/site-packages/radon/visitors.py", line 133, in from_code
    return cls.from_ast(code2ast(code), **kwargs)
                        ^^^^^^^^^^^^^^
  File "/root/trabalho_super/venv_jupyter/lib/python3.12/site-packages/radon/visitors.py", line 48, in code2ast
    return ast.parse(source)
           ^^^^^^^^^^^^^^^^^
  File "/usr/lib/python3.12/ast.py", line 52, in parse
    return compile(source, filename, mode, flags,
           ^^^^^^^^^^^^^^^^^^^^^^^^^^^^^^^^^^^^^^
  File "<unknown>", line 7
    while 1.77>= 0 
                   ^
SyntaxError: expected ':'
2025-07-17 23:29:21,578 cblogger [ERROR]: 		Error while extracting halsted code metrics: expected ':' (<unknown>, line 7)
Traceback (most recent call last):
  File "/root/trabalho_super/QuestionInsight/Etapa_1/codebench-mining-tool/util.py", line 569, in extract_halstead_metrics
    h = h_visit(code)
        ^^^^^^^^^^^^^
  File "/root/trabalho_super/venv_jupyter/lib/python3.12/site-packages/radon/metrics.py", line 29, in h_visit
    return h_visit_ast(ast.parse(code))
                       ^^^^^^^^^^^^^^^
  File "/usr/lib/python3.12/ast.py", line 52, in parse
    return compile(source, filename, mode, flags,
           ^^^^^^^^^^^^^^^^^^^^^^^^^^^^^^^^^^^^^^
  File "<unknown>", line 7
    while 1.77>= 0 
                   ^
SyntaxError: expected ':'
2025-07-17 23:29:21,582 cblogger [ERROR]: 		Error while extracting code complexity metrics: cannot assign to expression here. Maybe you meant '==' instead of '='? (<unknown>, line 2)
Traceback (most recent call last):
  File "/root/trabalho_super/QuestionInsight/Etapa_1/codebench-mining-tool/util.py", line 551, in extract_complexity_metrics
    v = ComplexityVisitor.from_code(code)
        ^^^^^^^^^^^^^^^^^^^^^^^^^^^^^^^^^
  File "/root/trabalho_super/venv_jupyter/lib/python3.12/site-packages/radon/visitors.py", line 133, in from_code
    return cls.from_ast(code2ast(code), **kwargs)
                        ^^^^^^^^^^^^^^
  File "/root/trabalho_super/venv_jupyter/lib/python3.12/site-packages/radon/visitors.py", line 48, in code2ast
    return ast.parse(source)
           ^^^^^^^^^^^^^^^^^
  File "/usr/lib/python3.12/ast.py", line 52, in parse
    return compile(source, filename, mode, flags,
           ^^^^^^^^^^^^^^^^^^^^^^^^^^^^^^^^^^^^^^
  File "<unknown>", line 2
    i+1=1
    ^^^
SyntaxError: cannot assign to expression here. Maybe you meant '==' instead of '='?
2025-07-17 23:29:21,582 cblogger [ERROR]: 		Error while extracting halsted code metrics: cannot assign to expression here. Maybe you meant '==' instead of '='? (<unknown>, line 2)
Traceback (most recent call last):
  File "/root/trabalho_super/QuestionInsight/Etapa_1/codebench-mining-tool/util.py", line 569, in extract_halstead_metrics
    h = h_visit(code)
        ^^^^^^^^^^^^^
  File "/root/trabalho_super/venv_jupyter/lib/python3.12/site-packages/radon/metrics.py", line 29, in h_visit
    return h_visit_ast(ast.parse(code))
                       ^^^^^^^^^^^^^^^
  File "/usr/lib/python3.12/ast.py", line 52, in parse
    return compile(source, filename, mode, flags,
           ^^^^^^^^^^^^^^^^^^^^^^^^^^^^^^^^^^^^^^
  File "<unknown>", line 2
    i+1=1
    ^^^
SyntaxError: cannot assign to expression here. Maybe you meant '==' instead of '='?
2025-07-17 23:29:21,586 cblogger [ERROR]: 		Error while extracting code complexity metrics: '(' was never closed (<unknown>, line 11)
Traceback (most recent call last):
  File "/root/trabalho_super/QuestionInsight/Etapa_1/codebench-mining-tool/util.py", line 551, in extract_complexity_metrics
    v = ComplexityVisitor.from_code(code)
        ^^^^^^^^^^^^^^^^^^^^^^^^^^^^^^^^^
  File "/root/trabalho_super/venv_jupyter/lib/python3.12/site-packages/radon/visitors.py", line 133, in from_code
    return cls.from_ast(code2ast(code), **kwargs)
                        ^^^^^^^^^^^^^^
  File "/root/trabalho_super/venv_jupyter/lib/python3.12/site-packages/radon/visitors.py", line 48, in code2ast
    return ast.parse(source)
           ^^^^^^^^^^^^^^^^^
  File "/usr/lib/python3.12/ast.py", line 52, in parse
    return compile(source, filename, mode, flags,
           ^^^^^^^^^^^^^^^^^^^^^^^^^^^^^^^^^^^^^^
  File "<unknown>", line 11
    d = r*arccos(sin(t1)*sin(t2)+(cos(t1)*cos(t2)*cos(g1-g2)
                                 ^
SyntaxError: '(' was never closed
2025-07-17 23:29:21,587 cblogger [ERROR]: 		Error while extracting code size based metrics: SyntaxError at line: 11
Traceback (most recent call last):
  File "/root/trabalho_super/venv_jupyter/lib/python3.12/site-packages/radon/raw.py", line 210, in analyze
    tokens, parsed_lines = _get_all_tokens(line, lines)
                           ^^^^^^^^^^^^^^^^^^^^^^^^^^^^
  File "/root/trabalho_super/venv_jupyter/lib/python3.12/site-packages/radon/raw.py", line 117, in _get_all_tokens
    next_line = next(lines)
                ^^^^^^^^^^^
StopIteration

During handling of the above exception, another exception occurred:

Traceback (most recent call last):
  File "/root/trabalho_super/QuestionInsight/Etapa_1/codebench-mining-tool/util.py", line 560, in extract_size_metrics
    a = analyze(code)
        ^^^^^^^^^^^^^
  File "/root/trabalho_super/venv_jupyter/lib/python3.12/site-packages/radon/raw.py", line 212, in analyze
    raise SyntaxError('SyntaxError at line: {0}'.format(lineno))
SyntaxError: SyntaxError at line: 11
2025-07-17 23:29:21,588 cblogger [ERROR]: 		Error while extracting halsted code metrics: '(' was never closed (<unknown>, line 11)
Traceback (most recent call last):
  File "/root/trabalho_super/QuestionInsight/Etapa_1/codebench-mining-tool/util.py", line 569, in extract_halstead_metrics
    h = h_visit(code)
        ^^^^^^^^^^^^^
  File "/root/trabalho_super/venv_jupyter/lib/python3.12/site-packages/radon/metrics.py", line 29, in h_visit
    return h_visit_ast(ast.parse(code))
                       ^^^^^^^^^^^^^^^
  File "/usr/lib/python3.12/ast.py", line 52, in parse
    return compile(source, filename, mode, flags,
           ^^^^^^^^^^^^^^^^^^^^^^^^^^^^^^^^^^^^^^
  File "<unknown>", line 11
    d = r*arccos(sin(t1)*sin(t2)+(cos(t1)*cos(t2)*cos(g1-g2)
                                 ^
SyntaxError: '(' was never closed
2025-07-17 23:29:21,592 cblogger [ERROR]: 		Error while extracting code complexity metrics: expected ':' (<unknown>, line 5)
Traceback (most recent call last):
  File "/root/trabalho_super/QuestionInsight/Etapa_1/codebench-mining-tool/util.py", line 551, in extract_complexity_metrics
    v = ComplexityVisitor.from_code(code)
        ^^^^^^^^^^^^^^^^^^^^^^^^^^^^^^^^^
  File "/root/trabalho_super/venv_jupyter/lib/python3.12/site-packages/radon/visitors.py", line 133, in from_code
    return cls.from_ast(code2ast(code), **kwargs)
                        ^^^^^^^^^^^^^^
  File "/root/trabalho_super/venv_jupyter/lib/python3.12/site-packages/radon/visitors.py", line 48, in code2ast
    return ast.parse(source)
           ^^^^^^^^^^^^^^^^^
  File "/usr/lib/python3.12/ast.py", line 52, in parse
    return compile(source, filename, mode, flags,
           ^^^^^^^^^^^^^^^^^^^^^^^^^^^^^^^^^^^^^^
  File "<unknown>", line 5
    while x>=1
              ^
SyntaxError: expected ':'
2025-07-17 23:29:21,592 cblogger [ERROR]: 		Error while extracting halsted code metrics: expected ':' (<unknown>, line 5)
Traceback (most recent call last):
  File "/root/trabalho_super/QuestionInsight/Etapa_1/codebench-mining-tool/util.py", line 569, in extract_halstead_metrics
    h = h_visit(code)
        ^^^^^^^^^^^^^
  File "/root/trabalho_super/venv_jupyter/lib/python3.12/site-packages/radon/metrics.py", line 29, in h_visit
    return h_visit_ast(ast.parse(code))
                       ^^^^^^^^^^^^^^^
  File "/usr/lib/python3.12/ast.py", line 52, in parse
    return compile(source, filename, mode, flags,
           ^^^^^^^^^^^^^^^^^^^^^^^^^^^^^^^^^^^^^^
  File "<unknown>", line 5
    while x>=1
              ^
SyntaxError: expected ':'
2025-07-17 23:29:21,597 cblogger [ERROR]: 		Error while extracting code complexity metrics: '(' was never closed (<unknown>, line 2)
Traceback (most recent call last):
  File "/root/trabalho_super/QuestionInsight/Etapa_1/codebench-mining-tool/util.py", line 551, in extract_complexity_metrics
    v = ComplexityVisitor.from_code(code)
        ^^^^^^^^^^^^^^^^^^^^^^^^^^^^^^^^^
  File "/root/trabalho_super/venv_jupyter/lib/python3.12/site-packages/radon/visitors.py", line 133, in from_code
    return cls.from_ast(code2ast(code), **kwargs)
                        ^^^^^^^^^^^^^^
  File "/root/trabalho_super/venv_jupyter/lib/python3.12/site-packages/radon/visitors.py", line 48, in code2ast
    return ast.parse(source)
           ^^^^^^^^^^^^^^^^^
  File "/usr/lib/python3.12/ast.py", line 52, in parse
    return compile(source, filename, mode, flags,
           ^^^^^^^^^^^^^^^^^^^^^^^^^^^^^^^^^^^^^^
  File "<unknown>", line 2
    votos = (int(input("Informe os votos: ")
                ^
SyntaxError: '(' was never closed
2025-07-17 23:29:21,598 cblogger [ERROR]: 		Error while extracting code size based metrics: SyntaxError at line: 2
Traceback (most recent call last):
  File "/root/trabalho_super/venv_jupyter/lib/python3.12/site-packages/radon/raw.py", line 210, in analyze
    tokens, parsed_lines = _get_all_tokens(line, lines)
                           ^^^^^^^^^^^^^^^^^^^^^^^^^^^^
  File "/root/trabalho_super/venv_jupyter/lib/python3.12/site-packages/radon/raw.py", line 117, in _get_all_tokens
    next_line = next(lines)
                ^^^^^^^^^^^
StopIteration

During handling of the above exception, another exception occurred:

Traceback (most recent call last):
  File "/root/trabalho_super/QuestionInsight/Etapa_1/codebench-mining-tool/util.py", line 560, in extract_size_metrics
    a = analyze(code)
        ^^^^^^^^^^^^^
  File "/root/trabalho_super/venv_jupyter/lib/python3.12/site-packages/radon/raw.py", line 212, in analyze
    raise SyntaxError('SyntaxError at line: {0}'.format(lineno))
SyntaxError: SyntaxError at line: 2
2025-07-17 23:29:21,599 cblogger [ERROR]: 		Error while extracting halsted code metrics: '(' was never closed (<unknown>, line 2)
Traceback (most recent call last):
  File "/root/trabalho_super/QuestionInsight/Etapa_1/codebench-mining-tool/util.py", line 569, in extract_halstead_metrics
    h = h_visit(code)
        ^^^^^^^^^^^^^
  File "/root/trabalho_super/venv_jupyter/lib/python3.12/site-packages/radon/metrics.py", line 29, in h_visit
    return h_visit_ast(ast.parse(code))
                       ^^^^^^^^^^^^^^^
  File "/usr/lib/python3.12/ast.py", line 52, in parse
    return compile(source, filename, mode, flags,
           ^^^^^^^^^^^^^^^^^^^^^^^^^^^^^^^^^^^^^^
  File "<unknown>", line 2
    votos = (int(input("Informe os votos: ")
                ^
SyntaxError: '(' was never closed
2025-07-17 23:29:21,603 cblogger [ERROR]: 		Error while extracting code complexity metrics: expected an indented block after 'while' statement on line 4 (<unknown>, line 5)
Traceback (most recent call last):
  File "/root/trabalho_super/QuestionInsight/Etapa_1/codebench-mining-tool/util.py", line 551, in extract_complexity_metrics
    v = ComplexityVisitor.from_code(code)
        ^^^^^^^^^^^^^^^^^^^^^^^^^^^^^^^^^
  File "/root/trabalho_super/venv_jupyter/lib/python3.12/site-packages/radon/visitors.py", line 133, in from_code
    return cls.from_ast(code2ast(code), **kwargs)
                        ^^^^^^^^^^^^^^
  File "/root/trabalho_super/venv_jupyter/lib/python3.12/site-packages/radon/visitors.py", line 48, in code2ast
    return ast.parse(source)
           ^^^^^^^^^^^^^^^^^
  File "/usr/lib/python3.12/ast.py", line 52, in parse
    return compile(source, filename, mode, flags,
           ^^^^^^^^^^^^^^^^^^^^^^^^^^^^^^^^^^^^^^
  File "<unknown>", line 5
    a = int(input())
    ^
IndentationError: expected an indented block after 'while' statement on line 4
2025-07-17 23:29:21,604 cblogger [ERROR]: 		Error while extracting halsted code metrics: expected an indented block after 'while' statement on line 4 (<unknown>, line 5)
Traceback (most recent call last):
  File "/root/trabalho_super/QuestionInsight/Etapa_1/codebench-mining-tool/util.py", line 569, in extract_halstead_metrics
    h = h_visit(code)
        ^^^^^^^^^^^^^
  File "/root/trabalho_super/venv_jupyter/lib/python3.12/site-packages/radon/metrics.py", line 29, in h_visit
    return h_visit_ast(ast.parse(code))
                       ^^^^^^^^^^^^^^^
  File "/usr/lib/python3.12/ast.py", line 52, in parse
    return compile(source, filename, mode, flags,
           ^^^^^^^^^^^^^^^^^^^^^^^^^^^^^^^^^^^^^^
  File "<unknown>", line 5
    a = int(input())
    ^
IndentationError: expected an indented block after 'while' statement on line 4
2025-07-17 23:29:21,607 cblogger [ERROR]: 		Error while extracting code complexity metrics: invalid syntax. Perhaps you forgot a comma? (<unknown>, line 14)
Traceback (most recent call last):
  File "/root/trabalho_super/QuestionInsight/Etapa_1/codebench-mining-tool/util.py", line 551, in extract_complexity_metrics
    v = ComplexityVisitor.from_code(code)
        ^^^^^^^^^^^^^^^^^^^^^^^^^^^^^^^^^
  File "/root/trabalho_super/venv_jupyter/lib/python3.12/site-packages/radon/visitors.py", line 133, in from_code
    return cls.from_ast(code2ast(code), **kwargs)
                        ^^^^^^^^^^^^^^
  File "/root/trabalho_super/venv_jupyter/lib/python3.12/site-packages/radon/visitors.py", line 48, in code2ast
    return ast.parse(source)
           ^^^^^^^^^^^^^^^^^
  File "/usr/lib/python3.12/ast.py", line 52, in parse
    return compile(source, filename, mode, flags,
           ^^^^^^^^^^^^^^^^^^^^^^^^^^^^^^^^^^^^^^
  File "<unknown>", line 14
    while (condicao em funcao do cont):
           ^^^^^^^^^^^
SyntaxError: invalid syntax. Perhaps you forgot a comma?
2025-07-17 23:29:21,609 cblogger [ERROR]: 		Error while extracting halsted code metrics: invalid syntax. Perhaps you forgot a comma? (<unknown>, line 14)
Traceback (most recent call last):
  File "/root/trabalho_super/QuestionInsight/Etapa_1/codebench-mining-tool/util.py", line 569, in extract_halstead_metrics
    h = h_visit(code)
        ^^^^^^^^^^^^^
  File "/root/trabalho_super/venv_jupyter/lib/python3.12/site-packages/radon/metrics.py", line 29, in h_visit
    return h_visit_ast(ast.parse(code))
                       ^^^^^^^^^^^^^^^
  File "/usr/lib/python3.12/ast.py", line 52, in parse
    return compile(source, filename, mode, flags,
           ^^^^^^^^^^^^^^^^^^^^^^^^^^^^^^^^^^^^^^
  File "<unknown>", line 14
    while (condicao em funcao do cont):
           ^^^^^^^^^^^
SyntaxError: invalid syntax. Perhaps you forgot a comma?
2025-07-17 23:29:21,616 cblogger [ERROR]: 		Error while extracting code complexity metrics: invalid syntax (<unknown>, line 1)
Traceback (most recent call last):
  File "/root/trabalho_super/QuestionInsight/Etapa_1/codebench-mining-tool/util.py", line 551, in extract_complexity_metrics
    v = ComplexityVisitor.from_code(code)
        ^^^^^^^^^^^^^^^^^^^^^^^^^^^^^^^^^
  File "/root/trabalho_super/venv_jupyter/lib/python3.12/site-packages/radon/visitors.py", line 133, in from_code
    return cls.from_ast(code2ast(code), **kwargs)
                        ^^^^^^^^^^^^^^
  File "/root/trabalho_super/venv_jupyter/lib/python3.12/site-packages/radon/visitors.py", line 48, in code2ast
    return ast.parse(source)
           ^^^^^^^^^^^^^^^^^
  File "/usr/lib/python3.12/ast.py", line 52, in parse
    return compile(source, filename, mode, flags,
           ^^^^^^^^^^^^^^^^^^^^^^^^^^^^^^^^^^^^^^
  File "<unknown>", line 1
    expressao = 
                ^
SyntaxError: invalid syntax
2025-07-17 23:29:21,616 cblogger [ERROR]: 		Error while extracting halsted code metrics: invalid syntax (<unknown>, line 1)
Traceback (most recent call last):
  File "/root/trabalho_super/QuestionInsight/Etapa_1/codebench-mining-tool/util.py", line 569, in extract_halstead_metrics
    h = h_visit(code)
        ^^^^^^^^^^^^^
  File "/root/trabalho_super/venv_jupyter/lib/python3.12/site-packages/radon/metrics.py", line 29, in h_visit
    return h_visit_ast(ast.parse(code))
                       ^^^^^^^^^^^^^^^
  File "/usr/lib/python3.12/ast.py", line 52, in parse
    return compile(source, filename, mode, flags,
           ^^^^^^^^^^^^^^^^^^^^^^^^^^^^^^^^^^^^^^
  File "<unknown>", line 1
    expressao = 
                ^
SyntaxError: invalid syntax
2025-07-17 23:29:21,639 cblogger [ERROR]: 		Error while extracting code complexity metrics: invalid decimal literal (<unknown>, line 2)
Traceback (most recent call last):
  File "/root/trabalho_super/QuestionInsight/Etapa_1/codebench-mining-tool/util.py", line 551, in extract_complexity_metrics
    v = ComplexityVisitor.from_code(code)
        ^^^^^^^^^^^^^^^^^^^^^^^^^^^^^^^^^
  File "/root/trabalho_super/venv_jupyter/lib/python3.12/site-packages/radon/visitors.py", line 133, in from_code
    return cls.from_ast(code2ast(code), **kwargs)
                        ^^^^^^^^^^^^^^
  File "/root/trabalho_super/venv_jupyter/lib/python3.12/site-packages/radon/visitors.py", line 48, in code2ast
    return ast.parse(source)
           ^^^^^^^^^^^^^^^^^
  File "/usr/lib/python3.12/ast.py", line 52, in parse
    return compile(source, filename, mode, flags,
           ^^^^^^^^^^^^^^^^^^^^^^^^^^^^^^^^^^^^^^
  File "<unknown>", line 2
    area = 3/2 3a**2**0.5
               ^
SyntaxError: invalid decimal literal
2025-07-17 23:29:21,640 cblogger [ERROR]: 		Error while extracting halsted code metrics: invalid decimal literal (<unknown>, line 2)
Traceback (most recent call last):
  File "/root/trabalho_super/QuestionInsight/Etapa_1/codebench-mining-tool/util.py", line 569, in extract_halstead_metrics
    h = h_visit(code)
        ^^^^^^^^^^^^^
  File "/root/trabalho_super/venv_jupyter/lib/python3.12/site-packages/radon/metrics.py", line 29, in h_visit
    return h_visit_ast(ast.parse(code))
                       ^^^^^^^^^^^^^^^
  File "/usr/lib/python3.12/ast.py", line 52, in parse
    return compile(source, filename, mode, flags,
           ^^^^^^^^^^^^^^^^^^^^^^^^^^^^^^^^^^^^^^
  File "<unknown>", line 2
    area = 3/2 3a**2**0.5
               ^
SyntaxError: invalid decimal literal
2025-07-17 23:29:21,712 cblogger [ERROR]: 		Error while extracting code complexity metrics: expected ':' (<unknown>, line 7)
Traceback (most recent call last):
  File "/root/trabalho_super/QuestionInsight/Etapa_1/codebench-mining-tool/util.py", line 551, in extract_complexity_metrics
    v = ComplexityVisitor.from_code(code)
        ^^^^^^^^^^^^^^^^^^^^^^^^^^^^^^^^^
  File "/root/trabalho_super/venv_jupyter/lib/python3.12/site-packages/radon/visitors.py", line 133, in from_code
    return cls.from_ast(code2ast(code), **kwargs)
                        ^^^^^^^^^^^^^^
  File "/root/trabalho_super/venv_jupyter/lib/python3.12/site-packages/radon/visitors.py", line 48, in code2ast
    return ast.parse(source)
           ^^^^^^^^^^^^^^^^^
  File "/usr/lib/python3.12/ast.py", line 52, in parse
    return compile(source, filename, mode, flags,
           ^^^^^^^^^^^^^^^^^^^^^^^^^^^^^^^^^^^^^^
  File "<unknown>", line 7
    	if()
    	    ^
SyntaxError: expected ':'
2025-07-17 23:29:21,713 cblogger [ERROR]: 		Error while extracting halsted code metrics: expected ':' (<unknown>, line 7)
Traceback (most recent call last):
  File "/root/trabalho_super/QuestionInsight/Etapa_1/codebench-mining-tool/util.py", line 569, in extract_halstead_metrics
    h = h_visit(code)
        ^^^^^^^^^^^^^
  File "/root/trabalho_super/venv_jupyter/lib/python3.12/site-packages/radon/metrics.py", line 29, in h_visit
    return h_visit_ast(ast.parse(code))
                       ^^^^^^^^^^^^^^^
  File "/usr/lib/python3.12/ast.py", line 52, in parse
    return compile(source, filename, mode, flags,
           ^^^^^^^^^^^^^^^^^^^^^^^^^^^^^^^^^^^^^^
  File "<unknown>", line 7
    	if()
    	    ^
SyntaxError: expected ':'
2025-07-17 23:29:21,769 cblogger [ERROR]: 		Error while extracting code complexity metrics: '(' was never closed (<unknown>, line 3)
Traceback (most recent call last):
  File "/root/trabalho_super/QuestionInsight/Etapa_1/codebench-mining-tool/util.py", line 551, in extract_complexity_metrics
    v = ComplexityVisitor.from_code(code)
        ^^^^^^^^^^^^^^^^^^^^^^^^^^^^^^^^^
  File "/root/trabalho_super/venv_jupyter/lib/python3.12/site-packages/radon/visitors.py", line 133, in from_code
    return cls.from_ast(code2ast(code), **kwargs)
                        ^^^^^^^^^^^^^^
  File "/root/trabalho_super/venv_jupyter/lib/python3.12/site-packages/radon/visitors.py", line 48, in code2ast
    return ast.parse(source)
           ^^^^^^^^^^^^^^^^^
  File "/usr/lib/python3.12/ast.py", line 52, in parse
    return compile(source, filename, mode, flags,
           ^^^^^^^^^^^^^^^^^^^^^^^^^^^^^^^^^^^^^^
  File "<unknown>", line 3
    a = array(eval(input(" DIGITE O VALOR: "))
             ^
SyntaxError: '(' was never closed
2025-07-17 23:29:21,769 cblogger [ERROR]: 		Error while extracting code size based metrics: SyntaxError at line: 3
Traceback (most recent call last):
  File "/root/trabalho_super/venv_jupyter/lib/python3.12/site-packages/radon/raw.py", line 210, in analyze
    tokens, parsed_lines = _get_all_tokens(line, lines)
                           ^^^^^^^^^^^^^^^^^^^^^^^^^^^^
  File "/root/trabalho_super/venv_jupyter/lib/python3.12/site-packages/radon/raw.py", line 117, in _get_all_tokens
    next_line = next(lines)
                ^^^^^^^^^^^
StopIteration

During handling of the above exception, another exception occurred:

Traceback (most recent call last):
  File "/root/trabalho_super/QuestionInsight/Etapa_1/codebench-mining-tool/util.py", line 560, in extract_size_metrics
    a = analyze(code)
        ^^^^^^^^^^^^^
  File "/root/trabalho_super/venv_jupyter/lib/python3.12/site-packages/radon/raw.py", line 212, in analyze
    raise SyntaxError('SyntaxError at line: {0}'.format(lineno))
SyntaxError: SyntaxError at line: 3
2025-07-17 23:29:21,770 cblogger [ERROR]: 		Error while extracting halsted code metrics: '(' was never closed (<unknown>, line 3)
Traceback (most recent call last):
  File "/root/trabalho_super/QuestionInsight/Etapa_1/codebench-mining-tool/util.py", line 569, in extract_halstead_metrics
    h = h_visit(code)
        ^^^^^^^^^^^^^
  File "/root/trabalho_super/venv_jupyter/lib/python3.12/site-packages/radon/metrics.py", line 29, in h_visit
    return h_visit_ast(ast.parse(code))
                       ^^^^^^^^^^^^^^^
  File "/usr/lib/python3.12/ast.py", line 52, in parse
    return compile(source, filename, mode, flags,
           ^^^^^^^^^^^^^^^^^^^^^^^^^^^^^^^^^^^^^^
  File "<unknown>", line 3
    a = array(eval(input(" DIGITE O VALOR: "))
             ^
SyntaxError: '(' was never closed
2025-07-17 23:29:21,789 cblogger [ERROR]: 		Error while extracting code complexity metrics: expected an indented block after 'else' statement on line 12 (<unknown>, line 14)
Traceback (most recent call last):
  File "/root/trabalho_super/QuestionInsight/Etapa_1/codebench-mining-tool/util.py", line 551, in extract_complexity_metrics
    v = ComplexityVisitor.from_code(code)
        ^^^^^^^^^^^^^^^^^^^^^^^^^^^^^^^^^
  File "/root/trabalho_super/venv_jupyter/lib/python3.12/site-packages/radon/visitors.py", line 133, in from_code
    return cls.from_ast(code2ast(code), **kwargs)
                        ^^^^^^^^^^^^^^
  File "/root/trabalho_super/venv_jupyter/lib/python3.12/site-packages/radon/visitors.py", line 48, in code2ast
    return ast.parse(source)
           ^^^^^^^^^^^^^^^^^
  File "/usr/lib/python3.12/ast.py", line 52, in parse
    return compile(source, filename, mode, flags,
           ^^^^^^^^^^^^^^^^^^^^^^^^^^^^^^^^^^^^^^
  File "<unknown>", line 14
    	
    	^
IndentationError: expected an indented block after 'else' statement on line 12
2025-07-17 23:29:21,789 cblogger [ERROR]: 		Error while extracting halsted code metrics: expected an indented block after 'else' statement on line 12 (<unknown>, line 14)
Traceback (most recent call last):
  File "/root/trabalho_super/QuestionInsight/Etapa_1/codebench-mining-tool/util.py", line 569, in extract_halstead_metrics
    h = h_visit(code)
        ^^^^^^^^^^^^^
  File "/root/trabalho_super/venv_jupyter/lib/python3.12/site-packages/radon/metrics.py", line 29, in h_visit
    return h_visit_ast(ast.parse(code))
                       ^^^^^^^^^^^^^^^
  File "/usr/lib/python3.12/ast.py", line 52, in parse
    return compile(source, filename, mode, flags,
           ^^^^^^^^^^^^^^^^^^^^^^^^^^^^^^^^^^^^^^
  File "<unknown>", line 14
    	
    	^
IndentationError: expected an indented block after 'else' statement on line 12
2025-07-17 23:29:21,837 cblogger [ERROR]: 		Error while extracting code complexity metrics: invalid syntax (<unknown>, line 1)
Traceback (most recent call last):
  File "/root/trabalho_super/QuestionInsight/Etapa_1/codebench-mining-tool/util.py", line 551, in extract_complexity_metrics
    v = ComplexityVisitor.from_code(code)
        ^^^^^^^^^^^^^^^^^^^^^^^^^^^^^^^^^
  File "/root/trabalho_super/venv_jupyter/lib/python3.12/site-packages/radon/visitors.py", line 133, in from_code
    return cls.from_ast(code2ast(code), **kwargs)
                        ^^^^^^^^^^^^^^
  File "/root/trabalho_super/venv_jupyter/lib/python3.12/site-packages/radon/visitors.py", line 48, in code2ast
    return ast.parse(source)
           ^^^^^^^^^^^^^^^^^
  File "/usr/lib/python3.12/ast.py", line 52, in parse
    return compile(source, filename, mode, flags,
           ^^^^^^^^^^^^^^^^^^^^^^^^^^^^^^^^^^^^^^
  File "<unknown>", line 1
    from numpy import
                     ^
SyntaxError: invalid syntax
2025-07-17 23:29:21,838 cblogger [ERROR]: 		Error while extracting halsted code metrics: invalid syntax (<unknown>, line 1)
Traceback (most recent call last):
  File "/root/trabalho_super/QuestionInsight/Etapa_1/codebench-mining-tool/util.py", line 569, in extract_halstead_metrics
    h = h_visit(code)
        ^^^^^^^^^^^^^
  File "/root/trabalho_super/venv_jupyter/lib/python3.12/site-packages/radon/metrics.py", line 29, in h_visit
    return h_visit_ast(ast.parse(code))
                       ^^^^^^^^^^^^^^^
  File "/usr/lib/python3.12/ast.py", line 52, in parse
    return compile(source, filename, mode, flags,
           ^^^^^^^^^^^^^^^^^^^^^^^^^^^^^^^^^^^^^^
  File "<unknown>", line 1
    from numpy import
                     ^
SyntaxError: invalid syntax
2025-07-17 23:29:21,845 cblogger [ERROR]: 		Error while extracting code complexity metrics: invalid syntax (<unknown>, line 11)
Traceback (most recent call last):
  File "/root/trabalho_super/QuestionInsight/Etapa_1/codebench-mining-tool/util.py", line 551, in extract_complexity_metrics
    v = ComplexityVisitor.from_code(code)
        ^^^^^^^^^^^^^^^^^^^^^^^^^^^^^^^^^
  File "/root/trabalho_super/venv_jupyter/lib/python3.12/site-packages/radon/visitors.py", line 133, in from_code
    return cls.from_ast(code2ast(code), **kwargs)
                        ^^^^^^^^^^^^^^
  File "/root/trabalho_super/venv_jupyter/lib/python3.12/site-packages/radon/visitors.py", line 48, in code2ast
    return ast.parse(source)
           ^^^^^^^^^^^^^^^^^
  File "/usr/lib/python3.12/ast.py", line 52, in parse
    return compile(source, filename, mode, flags,
           ^^^^^^^^^^^^^^^^^^^^^^^^^^^^^^^^^^^^^^
  File "<unknown>", line 11
    elif:
        ^
SyntaxError: invalid syntax
2025-07-17 23:29:21,846 cblogger [ERROR]: 		Error while extracting halsted code metrics: invalid syntax (<unknown>, line 11)
Traceback (most recent call last):
  File "/root/trabalho_super/QuestionInsight/Etapa_1/codebench-mining-tool/util.py", line 569, in extract_halstead_metrics
    h = h_visit(code)
        ^^^^^^^^^^^^^
  File "/root/trabalho_super/venv_jupyter/lib/python3.12/site-packages/radon/metrics.py", line 29, in h_visit
    return h_visit_ast(ast.parse(code))
                       ^^^^^^^^^^^^^^^
  File "/usr/lib/python3.12/ast.py", line 52, in parse
    return compile(source, filename, mode, flags,
           ^^^^^^^^^^^^^^^^^^^^^^^^^^^^^^^^^^^^^^
  File "<unknown>", line 11
    elif:
        ^
SyntaxError: invalid syntax
2025-07-17 23:29:24,856 cblogger [ERROR]: 		Error while extracting code complexity metrics: invalid syntax (<unknown>, line 1)
Traceback (most recent call last):
  File "/root/trabalho_super/QuestionInsight/Etapa_1/codebench-mining-tool/util.py", line 551, in extract_complexity_metrics
    v = ComplexityVisitor.from_code(code)
        ^^^^^^^^^^^^^^^^^^^^^^^^^^^^^^^^^
  File "/root/trabalho_super/venv_jupyter/lib/python3.12/site-packages/radon/visitors.py", line 133, in from_code
    return cls.from_ast(code2ast(code), **kwargs)
                        ^^^^^^^^^^^^^^
  File "/root/trabalho_super/venv_jupyter/lib/python3.12/site-packages/radon/visitors.py", line 48, in code2ast
    return ast.parse(source)
           ^^^^^^^^^^^^^^^^^
  File "/usr/lib/python3.12/ast.py", line 52, in parse
    return compile(source, filename, mode, flags,
           ^^^^^^^^^^^^^^^^^^^^^^^^^^^^^^^^^^^^^^
  File "<unknown>", line 1
    from numpy import
                     ^
SyntaxError: invalid syntax
2025-07-17 23:29:24,859 cblogger [ERROR]: 		Error while extracting halsted code metrics: invalid syntax (<unknown>, line 1)
Traceback (most recent call last):
  File "/root/trabalho_super/QuestionInsight/Etapa_1/codebench-mining-tool/util.py", line 569, in extract_halstead_metrics
    h = h_visit(code)
        ^^^^^^^^^^^^^
  File "/root/trabalho_super/venv_jupyter/lib/python3.12/site-packages/radon/metrics.py", line 29, in h_visit
    return h_visit_ast(ast.parse(code))
                       ^^^^^^^^^^^^^^^
  File "/usr/lib/python3.12/ast.py", line 52, in parse
    return compile(source, filename, mode, flags,
           ^^^^^^^^^^^^^^^^^^^^^^^^^^^^^^^^^^^^^^
  File "<unknown>", line 1
    from numpy import
                     ^
SyntaxError: invalid syntax
2025-07-17 23:29:24,860 cblogger [ERROR]: 		Error while extracting code complexity metrics: invalid syntax (<unknown>, line 1)
Traceback (most recent call last):
  File "/root/trabalho_super/QuestionInsight/Etapa_1/codebench-mining-tool/util.py", line 551, in extract_complexity_metrics
    v = ComplexityVisitor.from_code(code)
        ^^^^^^^^^^^^^^^^^^^^^^^^^^^^^^^^^
  File "/root/trabalho_super/venv_jupyter/lib/python3.12/site-packages/radon/visitors.py", line 133, in from_code
    return cls.from_ast(code2ast(code), **kwargs)
                        ^^^^^^^^^^^^^^
  File "/root/trabalho_super/venv_jupyter/lib/python3.12/site-packages/radon/visitors.py", line 48, in code2ast
    return ast.parse(source)
           ^^^^^^^^^^^^^^^^^
  File "/usr/lib/python3.12/ast.py", line 52, in parse
    return compile(source, filename, mode, flags,
           ^^^^^^^^^^^^^^^^^^^^^^^^^^^^^^^^^^^^^^
  File "<unknown>", line 1
    from numpy import
                     ^
SyntaxError: invalid syntax
2025-07-17 23:29:24,861 cblogger [ERROR]: 		Error while extracting halsted code metrics: invalid syntax (<unknown>, line 1)
Traceback (most recent call last):
  File "/root/trabalho_super/QuestionInsight/Etapa_1/codebench-mining-tool/util.py", line 569, in extract_halstead_metrics
    h = h_visit(code)
        ^^^^^^^^^^^^^
  File "/root/trabalho_super/venv_jupyter/lib/python3.12/site-packages/radon/metrics.py", line 29, in h_visit
    return h_visit_ast(ast.parse(code))
                       ^^^^^^^^^^^^^^^
  File "/usr/lib/python3.12/ast.py", line 52, in parse
    return compile(source, filename, mode, flags,
           ^^^^^^^^^^^^^^^^^^^^^^^^^^^^^^^^^^^^^^
  File "<unknown>", line 1
    from numpy import
                     ^
SyntaxError: invalid syntax
2025-07-17 23:29:25,001 cblogger [ERROR]: 		Error while extracting code complexity metrics: invalid syntax. Perhaps you forgot a comma? (<unknown>, line 11)
Traceback (most recent call last):
  File "/root/trabalho_super/QuestionInsight/Etapa_1/codebench-mining-tool/util.py", line 551, in extract_complexity_metrics
    v = ComplexityVisitor.from_code(code)
        ^^^^^^^^^^^^^^^^^^^^^^^^^^^^^^^^^
  File "/root/trabalho_super/venv_jupyter/lib/python3.12/site-packages/radon/visitors.py", line 133, in from_code
    return cls.from_ast(code2ast(code), **kwargs)
                        ^^^^^^^^^^^^^^
  File "/root/trabalho_super/venv_jupyter/lib/python3.12/site-packages/radon/visitors.py", line 48, in code2ast
    return ast.parse(source)
           ^^^^^^^^^^^^^^^^^
  File "/usr/lib/python3.12/ast.py", line 52, in parse
    return compile(source, filename, mode, flags,
           ^^^^^^^^^^^^^^^^^^^^^^^^^^^^^^^^^^^^^^
  File "<unknown>", line 11
    if (___COMPLETE AQUI___):
        ^^^^^^^^^^^^^^^^^^^
SyntaxError: invalid syntax. Perhaps you forgot a comma?
2025-07-17 23:29:25,001 cblogger [ERROR]: 		Error while extracting halsted code metrics: invalid syntax. Perhaps you forgot a comma? (<unknown>, line 11)
Traceback (most recent call last):
  File "/root/trabalho_super/QuestionInsight/Etapa_1/codebench-mining-tool/util.py", line 569, in extract_halstead_metrics
    h = h_visit(code)
        ^^^^^^^^^^^^^
  File "/root/trabalho_super/venv_jupyter/lib/python3.12/site-packages/radon/metrics.py", line 29, in h_visit
    return h_visit_ast(ast.parse(code))
                       ^^^^^^^^^^^^^^^
  File "/usr/lib/python3.12/ast.py", line 52, in parse
    return compile(source, filename, mode, flags,
           ^^^^^^^^^^^^^^^^^^^^^^^^^^^^^^^^^^^^^^
  File "<unknown>", line 11
    if (___COMPLETE AQUI___):
        ^^^^^^^^^^^^^^^^^^^
SyntaxError: invalid syntax. Perhaps you forgot a comma?
2025-07-17 23:29:25,007 cblogger [ERROR]: 		Error while extracting code complexity metrics: expected an indented block after 'if' statement on line 6 (<unknown>, line 7)
Traceback (most recent call last):
  File "/root/trabalho_super/QuestionInsight/Etapa_1/codebench-mining-tool/util.py", line 551, in extract_complexity_metrics
    v = ComplexityVisitor.from_code(code)
        ^^^^^^^^^^^^^^^^^^^^^^^^^^^^^^^^^
  File "/root/trabalho_super/venv_jupyter/lib/python3.12/site-packages/radon/visitors.py", line 133, in from_code
    return cls.from_ast(code2ast(code), **kwargs)
                        ^^^^^^^^^^^^^^
  File "/root/trabalho_super/venv_jupyter/lib/python3.12/site-packages/radon/visitors.py", line 48, in code2ast
    return ast.parse(source)
           ^^^^^^^^^^^^^^^^^
  File "/usr/lib/python3.12/ast.py", line 52, in parse
    return compile(source, filename, mode, flags,
           ^^^^^^^^^^^^^^^^^^^^^^^^^^^^^^^^^^^^^^
  File "<unknown>", line 7
    	b = c + 2.3
    	^
IndentationError: expected an indented block after 'if' statement on line 6
2025-07-17 23:29:25,009 cblogger [ERROR]: 		Error while extracting halsted code metrics: expected an indented block after 'if' statement on line 6 (<unknown>, line 7)
Traceback (most recent call last):
  File "/root/trabalho_super/QuestionInsight/Etapa_1/codebench-mining-tool/util.py", line 569, in extract_halstead_metrics
    h = h_visit(code)
        ^^^^^^^^^^^^^
  File "/root/trabalho_super/venv_jupyter/lib/python3.12/site-packages/radon/metrics.py", line 29, in h_visit
    return h_visit_ast(ast.parse(code))
                       ^^^^^^^^^^^^^^^
  File "/usr/lib/python3.12/ast.py", line 52, in parse
    return compile(source, filename, mode, flags,
           ^^^^^^^^^^^^^^^^^^^^^^^^^^^^^^^^^^^^^^
  File "<unknown>", line 7
    	b = c + 2.3
    	^
IndentationError: expected an indented block after 'if' statement on line 6
2025-07-17 23:29:25,043 cblogger [ERROR]: 		Error while extracting code complexity metrics: invalid syntax (<unknown>, line 2)
Traceback (most recent call last):
  File "/root/trabalho_super/QuestionInsight/Etapa_1/codebench-mining-tool/util.py", line 551, in extract_complexity_metrics
    v = ComplexityVisitor.from_code(code)
        ^^^^^^^^^^^^^^^^^^^^^^^^^^^^^^^^^
  File "/root/trabalho_super/venv_jupyter/lib/python3.12/site-packages/radon/visitors.py", line 133, in from_code
    return cls.from_ast(code2ast(code), **kwargs)
                        ^^^^^^^^^^^^^^
  File "/root/trabalho_super/venv_jupyter/lib/python3.12/site-packages/radon/visitors.py", line 48, in code2ast
    return ast.parse(source)
           ^^^^^^^^^^^^^^^^^
  File "/usr/lib/python3.12/ast.py", line 52, in parse
    return compile(source, filename, mode, flags,
           ^^^^^^^^^^^^^^^^^^^^^^^^^^^^^^^^^^^^^^
  File "<unknown>", line 2
    if(x = ):
         ^
SyntaxError: invalid syntax
2025-07-17 23:29:25,044 cblogger [ERROR]: 		Error while extracting halsted code metrics: invalid syntax (<unknown>, line 2)
Traceback (most recent call last):
  File "/root/trabalho_super/QuestionInsight/Etapa_1/codebench-mining-tool/util.py", line 569, in extract_halstead_metrics
    h = h_visit(code)
        ^^^^^^^^^^^^^
  File "/root/trabalho_super/venv_jupyter/lib/python3.12/site-packages/radon/metrics.py", line 29, in h_visit
    return h_visit_ast(ast.parse(code))
                       ^^^^^^^^^^^^^^^
  File "/usr/lib/python3.12/ast.py", line 52, in parse
    return compile(source, filename, mode, flags,
           ^^^^^^^^^^^^^^^^^^^^^^^^^^^^^^^^^^^^^^
  File "<unknown>", line 2
    if(x = ):
         ^
SyntaxError: invalid syntax
2025-07-17 23:29:25,047 cblogger [ERROR]: 		Error while extracting code complexity metrics: invalid syntax. Maybe you meant '==' or ':=' instead of '='? (<unknown>, line 4)
Traceback (most recent call last):
  File "/root/trabalho_super/QuestionInsight/Etapa_1/codebench-mining-tool/util.py", line 551, in extract_complexity_metrics
    v = ComplexityVisitor.from_code(code)
        ^^^^^^^^^^^^^^^^^^^^^^^^^^^^^^^^^
  File "/root/trabalho_super/venv_jupyter/lib/python3.12/site-packages/radon/visitors.py", line 133, in from_code
    return cls.from_ast(code2ast(code), **kwargs)
                        ^^^^^^^^^^^^^^
  File "/root/trabalho_super/venv_jupyter/lib/python3.12/site-packages/radon/visitors.py", line 48, in code2ast
    return ast.parse(source)
           ^^^^^^^^^^^^^^^^^
  File "/usr/lib/python3.12/ast.py", line 52, in parse
    return compile(source, filename, mode, flags,
           ^^^^^^^^^^^^^^^^^^^^^^^^^^^^^^^^^^^^^^
  File "<unknown>", line 4
    if (x = gina):
        ^^^^^^^^
SyntaxError: invalid syntax. Maybe you meant '==' or ':=' instead of '='?
2025-07-17 23:29:25,048 cblogger [ERROR]: 		Error while extracting halsted code metrics: invalid syntax. Maybe you meant '==' or ':=' instead of '='? (<unknown>, line 4)
Traceback (most recent call last):
  File "/root/trabalho_super/QuestionInsight/Etapa_1/codebench-mining-tool/util.py", line 569, in extract_halstead_metrics
    h = h_visit(code)
        ^^^^^^^^^^^^^
  File "/root/trabalho_super/venv_jupyter/lib/python3.12/site-packages/radon/metrics.py", line 29, in h_visit
    return h_visit_ast(ast.parse(code))
                       ^^^^^^^^^^^^^^^
  File "/usr/lib/python3.12/ast.py", line 52, in parse
    return compile(source, filename, mode, flags,
           ^^^^^^^^^^^^^^^^^^^^^^^^^^^^^^^^^^^^^^
  File "<unknown>", line 4
    if (x = gina):
        ^^^^^^^^
SyntaxError: invalid syntax. Maybe you meant '==' or ':=' instead of '='?
2025-07-17 23:29:25,095 cblogger [ERROR]: 		Error while extracting code complexity metrics: invalid syntax. Maybe you meant '==' or ':=' instead of '='? (<unknown>, line 6)
Traceback (most recent call last):
  File "/root/trabalho_super/QuestionInsight/Etapa_1/codebench-mining-tool/util.py", line 551, in extract_complexity_metrics
    v = ComplexityVisitor.from_code(code)
        ^^^^^^^^^^^^^^^^^^^^^^^^^^^^^^^^^
  File "/root/trabalho_super/venv_jupyter/lib/python3.12/site-packages/radon/visitors.py", line 133, in from_code
    return cls.from_ast(code2ast(code), **kwargs)
                        ^^^^^^^^^^^^^^
  File "/root/trabalho_super/venv_jupyter/lib/python3.12/site-packages/radon/visitors.py", line 48, in code2ast
    return ast.parse(source)
           ^^^^^^^^^^^^^^^^^
  File "/usr/lib/python3.12/ast.py", line 52, in parse
    return compile(source, filename, mode, flags,
           ^^^^^^^^^^^^^^^^^^^^^^^^^^^^^^^^^^^^^^
  File "<unknown>", line 6
    if(t = b):
       ^^^^^
SyntaxError: invalid syntax. Maybe you meant '==' or ':=' instead of '='?
2025-07-17 23:29:25,095 cblogger [ERROR]: 		Error while extracting halsted code metrics: invalid syntax. Maybe you meant '==' or ':=' instead of '='? (<unknown>, line 6)
Traceback (most recent call last):
  File "/root/trabalho_super/QuestionInsight/Etapa_1/codebench-mining-tool/util.py", line 569, in extract_halstead_metrics
    h = h_visit(code)
        ^^^^^^^^^^^^^
  File "/root/trabalho_super/venv_jupyter/lib/python3.12/site-packages/radon/metrics.py", line 29, in h_visit
    return h_visit_ast(ast.parse(code))
                       ^^^^^^^^^^^^^^^
  File "/usr/lib/python3.12/ast.py", line 52, in parse
    return compile(source, filename, mode, flags,
           ^^^^^^^^^^^^^^^^^^^^^^^^^^^^^^^^^^^^^^
  File "<unknown>", line 6
    if(t = b):
       ^^^^^
SyntaxError: invalid syntax. Maybe you meant '==' or ':=' instead of '='?
2025-07-17 23:29:25,112 cblogger [ERROR]: 		Error while extracting code complexity metrics: invalid syntax (<unknown>, line 2)
Traceback (most recent call last):
  File "/root/trabalho_super/QuestionInsight/Etapa_1/codebench-mining-tool/util.py", line 551, in extract_complexity_metrics
    v = ComplexityVisitor.from_code(code)
        ^^^^^^^^^^^^^^^^^^^^^^^^^^^^^^^^^
  File "/root/trabalho_super/venv_jupyter/lib/python3.12/site-packages/radon/visitors.py", line 133, in from_code
    return cls.from_ast(code2ast(code), **kwargs)
                        ^^^^^^^^^^^^^^
  File "/root/trabalho_super/venv_jupyter/lib/python3.12/site-packages/radon/visitors.py", line 48, in code2ast
    return ast.parse(source)
           ^^^^^^^^^^^^^^^^^
  File "/usr/lib/python3.12/ast.py", line 52, in parse
    return compile(source, filename, mode, flags,
           ^^^^^^^^^^^^^^^^^^^^^^^^^^^^^^^^^^^^^^
  File "<unknown>", line 2
    for
       ^
SyntaxError: invalid syntax
2025-07-17 23:29:25,112 cblogger [ERROR]: 		Error while extracting halsted code metrics: invalid syntax (<unknown>, line 2)
Traceback (most recent call last):
  File "/root/trabalho_super/QuestionInsight/Etapa_1/codebench-mining-tool/util.py", line 569, in extract_halstead_metrics
    h = h_visit(code)
        ^^^^^^^^^^^^^
  File "/root/trabalho_super/venv_jupyter/lib/python3.12/site-packages/radon/metrics.py", line 29, in h_visit
    return h_visit_ast(ast.parse(code))
                       ^^^^^^^^^^^^^^^
  File "/usr/lib/python3.12/ast.py", line 52, in parse
    return compile(source, filename, mode, flags,
           ^^^^^^^^^^^^^^^^^^^^^^^^^^^^^^^^^^^^^^
  File "<unknown>", line 2
    for
       ^
SyntaxError: invalid syntax
2025-07-17 23:29:25,118 cblogger [ERROR]: 		Error while extracting code complexity metrics: invalid syntax (<unknown>, line 18)
Traceback (most recent call last):
  File "/root/trabalho_super/QuestionInsight/Etapa_1/codebench-mining-tool/util.py", line 551, in extract_complexity_metrics
    v = ComplexityVisitor.from_code(code)
        ^^^^^^^^^^^^^^^^^^^^^^^^^^^^^^^^^
  File "/root/trabalho_super/venv_jupyter/lib/python3.12/site-packages/radon/visitors.py", line 133, in from_code
    return cls.from_ast(code2ast(code), **kwargs)
                        ^^^^^^^^^^^^^^
  File "/root/trabalho_super/venv_jupyter/lib/python3.12/site-packages/radon/visitors.py", line 48, in code2ast
    return ast.parse(source)
           ^^^^^^^^^^^^^^^^^
  File "/usr/lib/python3.12/ast.py", line 52, in parse
    return compile(source, filename, mode, flags,
           ^^^^^^^^^^^^^^^^^^^^^^^^^^^^^^^^^^^^^^
  File "<unknown>", line 18
    	if
    	  ^
SyntaxError: invalid syntax
2025-07-17 23:29:25,119 cblogger [ERROR]: 		Error while extracting halsted code metrics: invalid syntax (<unknown>, line 18)
Traceback (most recent call last):
  File "/root/trabalho_super/QuestionInsight/Etapa_1/codebench-mining-tool/util.py", line 569, in extract_halstead_metrics
    h = h_visit(code)
        ^^^^^^^^^^^^^
  File "/root/trabalho_super/venv_jupyter/lib/python3.12/site-packages/radon/metrics.py", line 29, in h_visit
    return h_visit_ast(ast.parse(code))
                       ^^^^^^^^^^^^^^^
  File "/usr/lib/python3.12/ast.py", line 52, in parse
    return compile(source, filename, mode, flags,
           ^^^^^^^^^^^^^^^^^^^^^^^^^^^^^^^^^^^^^^
  File "<unknown>", line 18
    	if
    	  ^
SyntaxError: invalid syntax
2025-07-17 23:29:25,129 cblogger [ERROR]: 		Error while extracting code complexity metrics: invalid syntax (<unknown>, line 2)
Traceback (most recent call last):
  File "/root/trabalho_super/QuestionInsight/Etapa_1/codebench-mining-tool/util.py", line 551, in extract_complexity_metrics
    v = ComplexityVisitor.from_code(code)
        ^^^^^^^^^^^^^^^^^^^^^^^^^^^^^^^^^
  File "/root/trabalho_super/venv_jupyter/lib/python3.12/site-packages/radon/visitors.py", line 133, in from_code
    return cls.from_ast(code2ast(code), **kwargs)
                        ^^^^^^^^^^^^^^
  File "/root/trabalho_super/venv_jupyter/lib/python3.12/site-packages/radon/visitors.py", line 48, in code2ast
    return ast.parse(source)
           ^^^^^^^^^^^^^^^^^
  File "/usr/lib/python3.12/ast.py", line 52, in parse
    return compile(source, filename, mode, flags,
           ^^^^^^^^^^^^^^^^^^^^^^^^^^^^^^^^^^^^^^
  File "<unknown>", line 2
    area = 
           ^
SyntaxError: invalid syntax
2025-07-17 23:29:25,130 cblogger [ERROR]: 		Error while extracting halsted code metrics: invalid syntax (<unknown>, line 2)
Traceback (most recent call last):
  File "/root/trabalho_super/QuestionInsight/Etapa_1/codebench-mining-tool/util.py", line 569, in extract_halstead_metrics
    h = h_visit(code)
        ^^^^^^^^^^^^^
  File "/root/trabalho_super/venv_jupyter/lib/python3.12/site-packages/radon/metrics.py", line 29, in h_visit
    return h_visit_ast(ast.parse(code))
                       ^^^^^^^^^^^^^^^
  File "/usr/lib/python3.12/ast.py", line 52, in parse
    return compile(source, filename, mode, flags,
           ^^^^^^^^^^^^^^^^^^^^^^^^^^^^^^^^^^^^^^
  File "<unknown>", line 2
    area = 
           ^
SyntaxError: invalid syntax
2025-07-17 23:29:25,209 cblogger [ERROR]: 		Error while extracting code complexity metrics: invalid syntax (<unknown>, line 5)
Traceback (most recent call last):
  File "/root/trabalho_super/QuestionInsight/Etapa_1/codebench-mining-tool/util.py", line 551, in extract_complexity_metrics
    v = ComplexityVisitor.from_code(code)
        ^^^^^^^^^^^^^^^^^^^^^^^^^^^^^^^^^
  File "/root/trabalho_super/venv_jupyter/lib/python3.12/site-packages/radon/visitors.py", line 133, in from_code
    return cls.from_ast(code2ast(code), **kwargs)
                        ^^^^^^^^^^^^^^
  File "/root/trabalho_super/venv_jupyter/lib/python3.12/site-packages/radon/visitors.py", line 48, in code2ast
    return ast.parse(source)
           ^^^^^^^^^^^^^^^^^
  File "/usr/lib/python3.12/ast.py", line 52, in parse
    return compile(source, filename, mode, flags,
           ^^^^^^^^^^^^^^^^^^^^^^^^^^^^^^^^^^^^^^
  File "<unknown>", line 5
    valor_total = (jogo1 + (jogo2 - 25%)
                                       ^
SyntaxError: invalid syntax
2025-07-17 23:29:25,210 cblogger [ERROR]: 		Error while extracting code size based metrics: SyntaxError at line: 5
Traceback (most recent call last):
  File "/root/trabalho_super/venv_jupyter/lib/python3.12/site-packages/radon/raw.py", line 210, in analyze
    tokens, parsed_lines = _get_all_tokens(line, lines)
                           ^^^^^^^^^^^^^^^^^^^^^^^^^^^^
  File "/root/trabalho_super/venv_jupyter/lib/python3.12/site-packages/radon/raw.py", line 117, in _get_all_tokens
    next_line = next(lines)
                ^^^^^^^^^^^
StopIteration

During handling of the above exception, another exception occurred:

Traceback (most recent call last):
  File "/root/trabalho_super/QuestionInsight/Etapa_1/codebench-mining-tool/util.py", line 560, in extract_size_metrics
    a = analyze(code)
        ^^^^^^^^^^^^^
  File "/root/trabalho_super/venv_jupyter/lib/python3.12/site-packages/radon/raw.py", line 212, in analyze
    raise SyntaxError('SyntaxError at line: {0}'.format(lineno))
SyntaxError: SyntaxError at line: 5
2025-07-17 23:29:25,210 cblogger [ERROR]: 		Error while extracting halsted code metrics: invalid syntax (<unknown>, line 5)
Traceback (most recent call last):
  File "/root/trabalho_super/QuestionInsight/Etapa_1/codebench-mining-tool/util.py", line 569, in extract_halstead_metrics
    h = h_visit(code)
        ^^^^^^^^^^^^^
  File "/root/trabalho_super/venv_jupyter/lib/python3.12/site-packages/radon/metrics.py", line 29, in h_visit
    return h_visit_ast(ast.parse(code))
                       ^^^^^^^^^^^^^^^
  File "/usr/lib/python3.12/ast.py", line 52, in parse
    return compile(source, filename, mode, flags,
           ^^^^^^^^^^^^^^^^^^^^^^^^^^^^^^^^^^^^^^
  File "<unknown>", line 5
    valor_total = (jogo1 + (jogo2 - 25%)
                                       ^
SyntaxError: invalid syntax
2025-07-17 23:29:25,228 cblogger [ERROR]: 		Error while extracting code complexity metrics: invalid syntax (<unknown>, line 5)
Traceback (most recent call last):
  File "/root/trabalho_super/QuestionInsight/Etapa_1/codebench-mining-tool/util.py", line 551, in extract_complexity_metrics
    v = ComplexityVisitor.from_code(code)
        ^^^^^^^^^^^^^^^^^^^^^^^^^^^^^^^^^
  File "/root/trabalho_super/venv_jupyter/lib/python3.12/site-packages/radon/visitors.py", line 133, in from_code
    return cls.from_ast(code2ast(code), **kwargs)
                        ^^^^^^^^^^^^^^
  File "/root/trabalho_super/venv_jupyter/lib/python3.12/site-packages/radon/visitors.py", line 48, in code2ast
    return ast.parse(source)
           ^^^^^^^^^^^^^^^^^
  File "/usr/lib/python3.12/ast.py", line 52, in parse
    return compile(source, filename, mode, flags,
           ^^^^^^^^^^^^^^^^^^^^^^^^^^^^^^^^^^^^^^
  File "<unknown>", line 5
    	idade = >= 2
    	        ^^
SyntaxError: invalid syntax
2025-07-17 23:29:25,229 cblogger [ERROR]: 		Error while extracting halsted code metrics: invalid syntax (<unknown>, line 5)
Traceback (most recent call last):
  File "/root/trabalho_super/QuestionInsight/Etapa_1/codebench-mining-tool/util.py", line 569, in extract_halstead_metrics
    h = h_visit(code)
        ^^^^^^^^^^^^^
  File "/root/trabalho_super/venv_jupyter/lib/python3.12/site-packages/radon/metrics.py", line 29, in h_visit
    return h_visit_ast(ast.parse(code))
                       ^^^^^^^^^^^^^^^
  File "/usr/lib/python3.12/ast.py", line 52, in parse
    return compile(source, filename, mode, flags,
           ^^^^^^^^^^^^^^^^^^^^^^^^^^^^^^^^^^^^^^
  File "<unknown>", line 5
    	idade = >= 2
    	        ^^
SyntaxError: invalid syntax
2025-07-17 23:29:25,243 cblogger [ERROR]: 		Error while extracting code complexity metrics: invalid syntax. Perhaps you forgot a comma? (<unknown>, line 1)
Traceback (most recent call last):
  File "/root/trabalho_super/QuestionInsight/Etapa_1/codebench-mining-tool/util.py", line 551, in extract_complexity_metrics
    v = ComplexityVisitor.from_code(code)
        ^^^^^^^^^^^^^^^^^^^^^^^^^^^^^^^^^
  File "/root/trabalho_super/venv_jupyter/lib/python3.12/site-packages/radon/visitors.py", line 133, in from_code
    return cls.from_ast(code2ast(code), **kwargs)
                        ^^^^^^^^^^^^^^
  File "/root/trabalho_super/venv_jupyter/lib/python3.12/site-packages/radon/visitors.py", line 48, in code2ast
    return ast.parse(source)
           ^^^^^^^^^^^^^^^^^
  File "/usr/lib/python3.12/ast.py", line 52, in parse
    return compile(source, filename, mode, flags,
           ^^^^^^^^^^^^^^^^^^^^^^^^^^^^^^^^^^^^^^
  File "<unknown>", line 1
    nota1 = float(input(("digite a nota: "))
                  
SyntaxError: invalid syntax. Perhaps you forgot a comma?
2025-07-17 23:29:25,244 cblogger [ERROR]: 		Error while extracting code size based metrics: SyntaxError at line: 1
Traceback (most recent call last):
  File "/root/trabalho_super/venv_jupyter/lib/python3.12/site-packages/radon/raw.py", line 210, in analyze
    tokens, parsed_lines = _get_all_tokens(line, lines)
                           ^^^^^^^^^^^^^^^^^^^^^^^^^^^^
  File "/root/trabalho_super/venv_jupyter/lib/python3.12/site-packages/radon/raw.py", line 117, in _get_all_tokens
    next_line = next(lines)
                ^^^^^^^^^^^
StopIteration

During handling of the above exception, another exception occurred:

Traceback (most recent call last):
  File "/root/trabalho_super/QuestionInsight/Etapa_1/codebench-mining-tool/util.py", line 560, in extract_size_metrics
    a = analyze(code)
        ^^^^^^^^^^^^^
  File "/root/trabalho_super/venv_jupyter/lib/python3.12/site-packages/radon/raw.py", line 212, in analyze
    raise SyntaxError('SyntaxError at line: {0}'.format(lineno))
SyntaxError: SyntaxError at line: 1
2025-07-17 23:29:25,244 cblogger [ERROR]: 		Error while extracting halsted code metrics: invalid syntax. Perhaps you forgot a comma? (<unknown>, line 1)
Traceback (most recent call last):
  File "/root/trabalho_super/QuestionInsight/Etapa_1/codebench-mining-tool/util.py", line 569, in extract_halstead_metrics
    h = h_visit(code)
        ^^^^^^^^^^^^^
  File "/root/trabalho_super/venv_jupyter/lib/python3.12/site-packages/radon/metrics.py", line 29, in h_visit
    return h_visit_ast(ast.parse(code))
                       ^^^^^^^^^^^^^^^
  File "/usr/lib/python3.12/ast.py", line 52, in parse
    return compile(source, filename, mode, flags,
           ^^^^^^^^^^^^^^^^^^^^^^^^^^^^^^^^^^^^^^
  File "<unknown>", line 1
    nota1 = float(input(("digite a nota: "))
                  
SyntaxError: invalid syntax. Perhaps you forgot a comma?
2025-07-17 23:29:25,268 cblogger [ERROR]: 		Error while extracting code complexity metrics: invalid syntax (<unknown>, line 6)
Traceback (most recent call last):
  File "/root/trabalho_super/QuestionInsight/Etapa_1/codebench-mining-tool/util.py", line 551, in extract_complexity_metrics
    v = ComplexityVisitor.from_code(code)
        ^^^^^^^^^^^^^^^^^^^^^^^^^^^^^^^^^
  File "/root/trabalho_super/venv_jupyter/lib/python3.12/site-packages/radon/visitors.py", line 133, in from_code
    return cls.from_ast(code2ast(code), **kwargs)
                        ^^^^^^^^^^^^^^
  File "/root/trabalho_super/venv_jupyter/lib/python3.12/site-packages/radon/visitors.py", line 48, in code2ast
    return ast.parse(source)
           ^^^^^^^^^^^^^^^^^
  File "/usr/lib/python3.12/ast.py", line 52, in parse
    return compile(source, filename, mode, flags,
           ^^^^^^^^^^^^^^^^^^^^^^^^^^^^^^^^^^^^^^
  File "<unknown>", line 6
    valor total = bolo + crois + cappuc
          ^^^^^
SyntaxError: invalid syntax
2025-07-17 23:29:25,269 cblogger [ERROR]: 		Error while extracting halsted code metrics: invalid syntax (<unknown>, line 6)
Traceback (most recent call last):
  File "/root/trabalho_super/QuestionInsight/Etapa_1/codebench-mining-tool/util.py", line 569, in extract_halstead_metrics
    h = h_visit(code)
        ^^^^^^^^^^^^^
  File "/root/trabalho_super/venv_jupyter/lib/python3.12/site-packages/radon/metrics.py", line 29, in h_visit
    return h_visit_ast(ast.parse(code))
                       ^^^^^^^^^^^^^^^
  File "/usr/lib/python3.12/ast.py", line 52, in parse
    return compile(source, filename, mode, flags,
           ^^^^^^^^^^^^^^^^^^^^^^^^^^^^^^^^^^^^^^
  File "<unknown>", line 6
    valor total = bolo + crois + cappuc
          ^^^^^
SyntaxError: invalid syntax
2025-07-17 23:29:25,274 cblogger [ERROR]: 		Error while extracting code complexity metrics: invalid syntax (<unknown>, line 2)
Traceback (most recent call last):
  File "/root/trabalho_super/QuestionInsight/Etapa_1/codebench-mining-tool/util.py", line 551, in extract_complexity_metrics
    v = ComplexityVisitor.from_code(code)
        ^^^^^^^^^^^^^^^^^^^^^^^^^^^^^^^^^
  File "/root/trabalho_super/venv_jupyter/lib/python3.12/site-packages/radon/visitors.py", line 133, in from_code
    return cls.from_ast(code2ast(code), **kwargs)
                        ^^^^^^^^^^^^^^
  File "/root/trabalho_super/venv_jupyter/lib/python3.12/site-packages/radon/visitors.py", line 48, in code2ast
    return ast.parse(source)
           ^^^^^^^^^^^^^^^^^
  File "/usr/lib/python3.12/ast.py", line 52, in parse
    return compile(source, filename, mode, flags,
           ^^^^^^^^^^^^^^^^^^^^^^^^^^^^^^^^^^^^^^
  File "<unknown>", line 2
    D1 =
        ^
SyntaxError: invalid syntax
2025-07-17 23:29:25,274 cblogger [ERROR]: 		Error while extracting halsted code metrics: invalid syntax (<unknown>, line 2)
Traceback (most recent call last):
  File "/root/trabalho_super/QuestionInsight/Etapa_1/codebench-mining-tool/util.py", line 569, in extract_halstead_metrics
    h = h_visit(code)
        ^^^^^^^^^^^^^
  File "/root/trabalho_super/venv_jupyter/lib/python3.12/site-packages/radon/metrics.py", line 29, in h_visit
    return h_visit_ast(ast.parse(code))
                       ^^^^^^^^^^^^^^^
  File "/usr/lib/python3.12/ast.py", line 52, in parse
    return compile(source, filename, mode, flags,
           ^^^^^^^^^^^^^^^^^^^^^^^^^^^^^^^^^^^^^^
  File "<unknown>", line 2
    D1 =
        ^
SyntaxError: invalid syntax
2025-07-17 23:29:25,678 cblogger [ERROR]: 		Error while extracting code complexity metrics: expected ':' (<unknown>, line 14)
Traceback (most recent call last):
  File "/root/trabalho_super/QuestionInsight/Etapa_1/codebench-mining-tool/util.py", line 551, in extract_complexity_metrics
    v = ComplexityVisitor.from_code(code)
        ^^^^^^^^^^^^^^^^^^^^^^^^^^^^^^^^^
  File "/root/trabalho_super/venv_jupyter/lib/python3.12/site-packages/radon/visitors.py", line 133, in from_code
    return cls.from_ast(code2ast(code), **kwargs)
                        ^^^^^^^^^^^^^^
  File "/root/trabalho_super/venv_jupyter/lib/python3.12/site-packages/radon/visitors.py", line 48, in code2ast
    return ast.parse(source)
           ^^^^^^^^^^^^^^^^^
  File "/usr/lib/python3.12/ast.py", line 52, in parse
    return compile(source, filename, mode, flags,
           ^^^^^^^^^^^^^^^^^^^^^^^^^^^^^^^^^^^^^^
  File "<unknown>", line 14
    			if ()
    			     ^
SyntaxError: expected ':'
2025-07-17 23:29:25,679 cblogger [ERROR]: 		Error while extracting halsted code metrics: expected ':' (<unknown>, line 14)
Traceback (most recent call last):
  File "/root/trabalho_super/QuestionInsight/Etapa_1/codebench-mining-tool/util.py", line 569, in extract_halstead_metrics
    h = h_visit(code)
        ^^^^^^^^^^^^^
  File "/root/trabalho_super/venv_jupyter/lib/python3.12/site-packages/radon/metrics.py", line 29, in h_visit
    return h_visit_ast(ast.parse(code))
                       ^^^^^^^^^^^^^^^
  File "/usr/lib/python3.12/ast.py", line 52, in parse
    return compile(source, filename, mode, flags,
           ^^^^^^^^^^^^^^^^^^^^^^^^^^^^^^^^^^^^^^
  File "<unknown>", line 14
    			if ()
    			     ^
SyntaxError: expected ':'
2025-07-17 23:29:25,684 cblogger [ERROR]: 		Error while extracting code complexity metrics: invalid syntax (<unknown>, line 3)
Traceback (most recent call last):
  File "/root/trabalho_super/QuestionInsight/Etapa_1/codebench-mining-tool/util.py", line 551, in extract_complexity_metrics
    v = ComplexityVisitor.from_code(code)
        ^^^^^^^^^^^^^^^^^^^^^^^^^^^^^^^^^
  File "/root/trabalho_super/venv_jupyter/lib/python3.12/site-packages/radon/visitors.py", line 133, in from_code
    return cls.from_ast(code2ast(code), **kwargs)
                        ^^^^^^^^^^^^^^
  File "/root/trabalho_super/venv_jupyter/lib/python3.12/site-packages/radon/visitors.py", line 48, in code2ast
    return ast.parse(source)
           ^^^^^^^^^^^^^^^^^
  File "/usr/lib/python3.12/ast.py", line 52, in parse
    return compile(source, filename, mode, flags,
           ^^^^^^^^^^^^^^^^^^^^^^^^^^^^^^^^^^^^^^
  File "<unknown>", line 3
    while 
          ^
SyntaxError: invalid syntax
2025-07-17 23:29:25,685 cblogger [ERROR]: 		Error while extracting halsted code metrics: invalid syntax (<unknown>, line 3)
Traceback (most recent call last):
  File "/root/trabalho_super/QuestionInsight/Etapa_1/codebench-mining-tool/util.py", line 569, in extract_halstead_metrics
    h = h_visit(code)
        ^^^^^^^^^^^^^
  File "/root/trabalho_super/venv_jupyter/lib/python3.12/site-packages/radon/metrics.py", line 29, in h_visit
    return h_visit_ast(ast.parse(code))
                       ^^^^^^^^^^^^^^^
  File "/usr/lib/python3.12/ast.py", line 52, in parse
    return compile(source, filename, mode, flags,
           ^^^^^^^^^^^^^^^^^^^^^^^^^^^^^^^^^^^^^^
  File "<unknown>", line 3
    while 
          ^
SyntaxError: invalid syntax
2025-07-17 23:29:25,695 cblogger [ERROR]: 		Error while extracting code complexity metrics: expected ':' (<unknown>, line 4)
Traceback (most recent call last):
  File "/root/trabalho_super/QuestionInsight/Etapa_1/codebench-mining-tool/util.py", line 551, in extract_complexity_metrics
    v = ComplexityVisitor.from_code(code)
        ^^^^^^^^^^^^^^^^^^^^^^^^^^^^^^^^^
  File "/root/trabalho_super/venv_jupyter/lib/python3.12/site-packages/radon/visitors.py", line 133, in from_code
    return cls.from_ast(code2ast(code), **kwargs)
                        ^^^^^^^^^^^^^^
  File "/root/trabalho_super/venv_jupyter/lib/python3.12/site-packages/radon/visitors.py", line 48, in code2ast
    return ast.parse(source)
           ^^^^^^^^^^^^^^^^^
  File "/usr/lib/python3.12/ast.py", line 52, in parse
    return compile(source, filename, mode, flags,
           ^^^^^^^^^^^^^^^^^^^^^^^^^^^^^^^^^^^^^^
  File "<unknown>", line 4
    if ()
         ^
SyntaxError: expected ':'
2025-07-17 23:29:25,695 cblogger [ERROR]: 		Error while extracting halsted code metrics: expected ':' (<unknown>, line 4)
Traceback (most recent call last):
  File "/root/trabalho_super/QuestionInsight/Etapa_1/codebench-mining-tool/util.py", line 569, in extract_halstead_metrics
    h = h_visit(code)
        ^^^^^^^^^^^^^
  File "/root/trabalho_super/venv_jupyter/lib/python3.12/site-packages/radon/metrics.py", line 29, in h_visit
    return h_visit_ast(ast.parse(code))
                       ^^^^^^^^^^^^^^^
  File "/usr/lib/python3.12/ast.py", line 52, in parse
    return compile(source, filename, mode, flags,
           ^^^^^^^^^^^^^^^^^^^^^^^^^^^^^^^^^^^^^^
  File "<unknown>", line 4
    if ()
         ^
SyntaxError: expected ':'
2025-07-17 23:29:25,746 cblogger [ERROR]: 		Error while extracting code complexity metrics: expected ':' (<unknown>, line 4)
Traceback (most recent call last):
  File "/root/trabalho_super/QuestionInsight/Etapa_1/codebench-mining-tool/util.py", line 551, in extract_complexity_metrics
    v = ComplexityVisitor.from_code(code)
        ^^^^^^^^^^^^^^^^^^^^^^^^^^^^^^^^^
  File "/root/trabalho_super/venv_jupyter/lib/python3.12/site-packages/radon/visitors.py", line 133, in from_code
    return cls.from_ast(code2ast(code), **kwargs)
                        ^^^^^^^^^^^^^^
  File "/root/trabalho_super/venv_jupyter/lib/python3.12/site-packages/radon/visitors.py", line 48, in code2ast
    return ast.parse(source)
           ^^^^^^^^^^^^^^^^^
  File "/usr/lib/python3.12/ast.py", line 52, in parse
    return compile(source, filename, mode, flags,
           ^^^^^^^^^^^^^^^^^^^^^^^^^^^^^^^^^^^^^^
  File "<unknown>", line 4
    	if ()
    	     ^
SyntaxError: expected ':'
2025-07-17 23:29:25,747 cblogger [ERROR]: 		Error while extracting halsted code metrics: expected ':' (<unknown>, line 4)
Traceback (most recent call last):
  File "/root/trabalho_super/QuestionInsight/Etapa_1/codebench-mining-tool/util.py", line 569, in extract_halstead_metrics
    h = h_visit(code)
        ^^^^^^^^^^^^^
  File "/root/trabalho_super/venv_jupyter/lib/python3.12/site-packages/radon/metrics.py", line 29, in h_visit
    return h_visit_ast(ast.parse(code))
                       ^^^^^^^^^^^^^^^
  File "/usr/lib/python3.12/ast.py", line 52, in parse
    return compile(source, filename, mode, flags,
           ^^^^^^^^^^^^^^^^^^^^^^^^^^^^^^^^^^^^^^
  File "<unknown>", line 4
    	if ()
    	     ^
SyntaxError: expected ':'
2025-07-17 23:29:25,829 cblogger [ERROR]: 		Error while extracting code complexity metrics: expected an indented block after 'else' statement on line 20 (<unknown>, line 22)
Traceback (most recent call last):
  File "/root/trabalho_super/QuestionInsight/Etapa_1/codebench-mining-tool/util.py", line 551, in extract_complexity_metrics
    v = ComplexityVisitor.from_code(code)
        ^^^^^^^^^^^^^^^^^^^^^^^^^^^^^^^^^
  File "/root/trabalho_super/venv_jupyter/lib/python3.12/site-packages/radon/visitors.py", line 133, in from_code
    return cls.from_ast(code2ast(code), **kwargs)
                        ^^^^^^^^^^^^^^
  File "/root/trabalho_super/venv_jupyter/lib/python3.12/site-packages/radon/visitors.py", line 48, in code2ast
    return ast.parse(source)
           ^^^^^^^^^^^^^^^^^
  File "/usr/lib/python3.12/ast.py", line 52, in parse
    return compile(source, filename, mode, flags,
           ^^^^^^^^^^^^^^^^^^^^^^^^^^^^^^^^^^^^^^
  File "<unknown>", line 22
    print (anos)
IndentationError: expected an indented block after 'else' statement on line 20
2025-07-17 23:29:25,830 cblogger [ERROR]: 		Error while extracting halsted code metrics: expected an indented block after 'else' statement on line 20 (<unknown>, line 22)
Traceback (most recent call last):
  File "/root/trabalho_super/QuestionInsight/Etapa_1/codebench-mining-tool/util.py", line 569, in extract_halstead_metrics
    h = h_visit(code)
        ^^^^^^^^^^^^^
  File "/root/trabalho_super/venv_jupyter/lib/python3.12/site-packages/radon/metrics.py", line 29, in h_visit
    return h_visit_ast(ast.parse(code))
                       ^^^^^^^^^^^^^^^
  File "/usr/lib/python3.12/ast.py", line 52, in parse
    return compile(source, filename, mode, flags,
           ^^^^^^^^^^^^^^^^^^^^^^^^^^^^^^^^^^^^^^
  File "<unknown>", line 22
    print (anos)
IndentationError: expected an indented block after 'else' statement on line 20
2025-07-17 23:29:26,272 cblogger [ERROR]: 		Error while extracting code complexity metrics: invalid syntax (<unknown>, line 5)
Traceback (most recent call last):
  File "/root/trabalho_super/QuestionInsight/Etapa_1/codebench-mining-tool/util.py", line 551, in extract_complexity_metrics
    v = ComplexityVisitor.from_code(code)
        ^^^^^^^^^^^^^^^^^^^^^^^^^^^^^^^^^
  File "/root/trabalho_super/venv_jupyter/lib/python3.12/site-packages/radon/visitors.py", line 133, in from_code
    return cls.from_ast(code2ast(code), **kwargs)
                        ^^^^^^^^^^^^^^
  File "/root/trabalho_super/venv_jupyter/lib/python3.12/site-packages/radon/visitors.py", line 48, in code2ast
    return ast.parse(source)
           ^^^^^^^^^^^^^^^^^
  File "/usr/lib/python3.12/ast.py", line 52, in parse
    return compile(source, filename, mode, flags,
           ^^^^^^^^^^^^^^^^^^^^^^^^^^^^^^^^^^^^^^
  File "<unknown>", line 5
    while(s < size(vet):
                       ^
SyntaxError: invalid syntax
2025-07-17 23:29:26,273 cblogger [ERROR]: 		Error while extracting code size based metrics: SyntaxError at line: 5
Traceback (most recent call last):
  File "/root/trabalho_super/venv_jupyter/lib/python3.12/site-packages/radon/raw.py", line 210, in analyze
    tokens, parsed_lines = _get_all_tokens(line, lines)
                           ^^^^^^^^^^^^^^^^^^^^^^^^^^^^
  File "/root/trabalho_super/venv_jupyter/lib/python3.12/site-packages/radon/raw.py", line 117, in _get_all_tokens
    next_line = next(lines)
                ^^^^^^^^^^^
StopIteration

During handling of the above exception, another exception occurred:

Traceback (most recent call last):
  File "/root/trabalho_super/QuestionInsight/Etapa_1/codebench-mining-tool/util.py", line 560, in extract_size_metrics
    a = analyze(code)
        ^^^^^^^^^^^^^
  File "/root/trabalho_super/venv_jupyter/lib/python3.12/site-packages/radon/raw.py", line 212, in analyze
    raise SyntaxError('SyntaxError at line: {0}'.format(lineno))
SyntaxError: SyntaxError at line: 5
2025-07-17 23:29:26,273 cblogger [ERROR]: 		Error while extracting halsted code metrics: invalid syntax (<unknown>, line 5)
Traceback (most recent call last):
  File "/root/trabalho_super/QuestionInsight/Etapa_1/codebench-mining-tool/util.py", line 569, in extract_halstead_metrics
    h = h_visit(code)
        ^^^^^^^^^^^^^
  File "/root/trabalho_super/venv_jupyter/lib/python3.12/site-packages/radon/metrics.py", line 29, in h_visit
    return h_visit_ast(ast.parse(code))
                       ^^^^^^^^^^^^^^^
  File "/usr/lib/python3.12/ast.py", line 52, in parse
    return compile(source, filename, mode, flags,
           ^^^^^^^^^^^^^^^^^^^^^^^^^^^^^^^^^^^^^^
  File "<unknown>", line 5
    while(s < size(vet):
                       ^
SyntaxError: invalid syntax
2025-07-17 23:29:26,297 cblogger [ERROR]: 		Error while extracting code complexity metrics: expected an indented block after 'if' statement on line 8 (<unknown>, line 9)
Traceback (most recent call last):
  File "/root/trabalho_super/QuestionInsight/Etapa_1/codebench-mining-tool/util.py", line 551, in extract_complexity_metrics
    v = ComplexityVisitor.from_code(code)
        ^^^^^^^^^^^^^^^^^^^^^^^^^^^^^^^^^
  File "/root/trabalho_super/venv_jupyter/lib/python3.12/site-packages/radon/visitors.py", line 133, in from_code
    return cls.from_ast(code2ast(code), **kwargs)
                        ^^^^^^^^^^^^^^
  File "/root/trabalho_super/venv_jupyter/lib/python3.12/site-packages/radon/visitors.py", line 48, in code2ast
    return ast.parse(source)
           ^^^^^^^^^^^^^^^^^
  File "/usr/lib/python3.12/ast.py", line 52, in parse
    return compile(source, filename, mode, flags,
           ^^^^^^^^^^^^^^^^^^^^^^^^^^^^^^^^^^^^^^
  File "<unknown>", line 9
    print(i)
IndentationError: expected an indented block after 'if' statement on line 8
2025-07-17 23:29:26,302 cblogger [ERROR]: 		Error while extracting halsted code metrics: expected an indented block after 'if' statement on line 8 (<unknown>, line 9)
Traceback (most recent call last):
  File "/root/trabalho_super/QuestionInsight/Etapa_1/codebench-mining-tool/util.py", line 569, in extract_halstead_metrics
    h = h_visit(code)
        ^^^^^^^^^^^^^
  File "/root/trabalho_super/venv_jupyter/lib/python3.12/site-packages/radon/metrics.py", line 29, in h_visit
    return h_visit_ast(ast.parse(code))
                       ^^^^^^^^^^^^^^^
  File "/usr/lib/python3.12/ast.py", line 52, in parse
    return compile(source, filename, mode, flags,
           ^^^^^^^^^^^^^^^^^^^^^^^^^^^^^^^^^^^^^^
  File "<unknown>", line 9
    print(i)
IndentationError: expected an indented block after 'if' statement on line 8
2025-07-17 23:29:26,303 cblogger [ERROR]: 		Error while extracting code complexity metrics: expected ':' (<unknown>, line 3)
Traceback (most recent call last):
  File "/root/trabalho_super/QuestionInsight/Etapa_1/codebench-mining-tool/util.py", line 551, in extract_complexity_metrics
    v = ComplexityVisitor.from_code(code)
        ^^^^^^^^^^^^^^^^^^^^^^^^^^^^^^^^^
  File "/root/trabalho_super/venv_jupyter/lib/python3.12/site-packages/radon/visitors.py", line 133, in from_code
    return cls.from_ast(code2ast(code), **kwargs)
                        ^^^^^^^^^^^^^^
  File "/root/trabalho_super/venv_jupyter/lib/python3.12/site-packages/radon/visitors.py", line 48, in code2ast
    return ast.parse(source)
           ^^^^^^^^^^^^^^^^^
  File "/usr/lib/python3.12/ast.py", line 52, in parse
    return compile(source, filename, mode, flags,
           ^^^^^^^^^^^^^^^^^^^^^^^^^^^^^^^^^^^^^^
  File "<unknown>", line 3
    while(x>=0 and y)
                     ^
SyntaxError: expected ':'
2025-07-17 23:29:26,303 cblogger [ERROR]: 		Error while extracting halsted code metrics: expected ':' (<unknown>, line 3)
Traceback (most recent call last):
  File "/root/trabalho_super/QuestionInsight/Etapa_1/codebench-mining-tool/util.py", line 569, in extract_halstead_metrics
    h = h_visit(code)
        ^^^^^^^^^^^^^
  File "/root/trabalho_super/venv_jupyter/lib/python3.12/site-packages/radon/metrics.py", line 29, in h_visit
    return h_visit_ast(ast.parse(code))
                       ^^^^^^^^^^^^^^^
  File "/usr/lib/python3.12/ast.py", line 52, in parse
    return compile(source, filename, mode, flags,
           ^^^^^^^^^^^^^^^^^^^^^^^^^^^^^^^^^^^^^^
  File "<unknown>", line 3
    while(x>=0 and y)
                     ^
SyntaxError: expected ':'
2025-07-17 23:29:26,337 cblogger [ERROR]: 		Error while extracting code complexity metrics: invalid syntax (<unknown>, line 1)
Traceback (most recent call last):
  File "/root/trabalho_super/QuestionInsight/Etapa_1/codebench-mining-tool/util.py", line 551, in extract_complexity_metrics
    v = ComplexityVisitor.from_code(code)
        ^^^^^^^^^^^^^^^^^^^^^^^^^^^^^^^^^
  File "/root/trabalho_super/venv_jupyter/lib/python3.12/site-packages/radon/visitors.py", line 133, in from_code
    return cls.from_ast(code2ast(code), **kwargs)
                        ^^^^^^^^^^^^^^
  File "/root/trabalho_super/venv_jupyter/lib/python3.12/site-packages/radon/visitors.py", line 48, in code2ast
    return ast.parse(source)
           ^^^^^^^^^^^^^^^^^
  File "/usr/lib/python3.12/ast.py", line 52, in parse
    return compile(source, filename, mode, flags,
           ^^^^^^^^^^^^^^^^^^^^^^^^^^^^^^^^^^^^^^
  File "<unknown>", line 1
    aresta =
            ^
SyntaxError: invalid syntax
2025-07-17 23:29:26,338 cblogger [ERROR]: 		Error while extracting halsted code metrics: invalid syntax (<unknown>, line 1)
Traceback (most recent call last):
  File "/root/trabalho_super/QuestionInsight/Etapa_1/codebench-mining-tool/util.py", line 569, in extract_halstead_metrics
    h = h_visit(code)
        ^^^^^^^^^^^^^
  File "/root/trabalho_super/venv_jupyter/lib/python3.12/site-packages/radon/metrics.py", line 29, in h_visit
    return h_visit_ast(ast.parse(code))
                       ^^^^^^^^^^^^^^^
  File "/usr/lib/python3.12/ast.py", line 52, in parse
    return compile(source, filename, mode, flags,
           ^^^^^^^^^^^^^^^^^^^^^^^^^^^^^^^^^^^^^^
  File "<unknown>", line 1
    aresta =
            ^
SyntaxError: invalid syntax
2025-07-17 23:29:26,411 cblogger [ERROR]: 		Error while extracting code complexity metrics: invalid syntax (<unknown>, line 11)
Traceback (most recent call last):
  File "/root/trabalho_super/QuestionInsight/Etapa_1/codebench-mining-tool/util.py", line 551, in extract_complexity_metrics
    v = ComplexityVisitor.from_code(code)
        ^^^^^^^^^^^^^^^^^^^^^^^^^^^^^^^^^
  File "/root/trabalho_super/venv_jupyter/lib/python3.12/site-packages/radon/visitors.py", line 133, in from_code
    return cls.from_ast(code2ast(code), **kwargs)
                        ^^^^^^^^^^^^^^
  File "/root/trabalho_super/venv_jupyter/lib/python3.12/site-packages/radon/visitors.py", line 48, in code2ast
    return ast.parse(source)
           ^^^^^^^^^^^^^^^^^
  File "/usr/lib/python3.12/ast.py", line 52, in parse
    return compile(source, filename, mode, flags,
           ^^^^^^^^^^^^^^^^^^^^^^^^^^^^^^^^^^^^^^
  File "<unknown>", line 11
    cont = 
           ^
SyntaxError: invalid syntax
2025-07-17 23:29:26,412 cblogger [ERROR]: 		Error while extracting halsted code metrics: invalid syntax (<unknown>, line 11)
Traceback (most recent call last):
  File "/root/trabalho_super/QuestionInsight/Etapa_1/codebench-mining-tool/util.py", line 569, in extract_halstead_metrics
    h = h_visit(code)
        ^^^^^^^^^^^^^
  File "/root/trabalho_super/venv_jupyter/lib/python3.12/site-packages/radon/metrics.py", line 29, in h_visit
    return h_visit_ast(ast.parse(code))
                       ^^^^^^^^^^^^^^^
  File "/usr/lib/python3.12/ast.py", line 52, in parse
    return compile(source, filename, mode, flags,
           ^^^^^^^^^^^^^^^^^^^^^^^^^^^^^^^^^^^^^^
  File "<unknown>", line 11
    cont = 
           ^
SyntaxError: invalid syntax
2025-07-17 23:29:26,413 cblogger [ERROR]: 		Error while extracting code token based metrics: 55
Traceback (most recent call last):
  File "/root/trabalho_super/QuestionInsight/Etapa_1/codebench-mining-tool/util.py", line 633, in extract_token_metrics
    setattr(obj, TOKEN_NAMES[k], v)
                 ~~~~~~~~~~~^^^
KeyError: 55
2025-07-17 23:29:26,501 cblogger [ERROR]: 		Error while extracting code complexity metrics: expected ':' (<unknown>, line 5)
Traceback (most recent call last):
  File "/root/trabalho_super/QuestionInsight/Etapa_1/codebench-mining-tool/util.py", line 551, in extract_complexity_metrics
    v = ComplexityVisitor.from_code(code)
        ^^^^^^^^^^^^^^^^^^^^^^^^^^^^^^^^^
  File "/root/trabalho_super/venv_jupyter/lib/python3.12/site-packages/radon/visitors.py", line 133, in from_code
    return cls.from_ast(code2ast(code), **kwargs)
                        ^^^^^^^^^^^^^^
  File "/root/trabalho_super/venv_jupyter/lib/python3.12/site-packages/radon/visitors.py", line 48, in code2ast
    return ast.parse(source)
           ^^^^^^^^^^^^^^^^^
  File "/usr/lib/python3.12/ast.py", line 52, in parse
    return compile(source, filename, mode, flags,
           ^^^^^^^^^^^^^^^^^^^^^^^^^^^^^^^^^^^^^^
  File "<unknown>", line 5
    	if()
    	    ^
SyntaxError: expected ':'
2025-07-17 23:29:26,502 cblogger [ERROR]: 		Error while extracting halsted code metrics: expected ':' (<unknown>, line 5)
Traceback (most recent call last):
  File "/root/trabalho_super/QuestionInsight/Etapa_1/codebench-mining-tool/util.py", line 569, in extract_halstead_metrics
    h = h_visit(code)
        ^^^^^^^^^^^^^
  File "/root/trabalho_super/venv_jupyter/lib/python3.12/site-packages/radon/metrics.py", line 29, in h_visit
    return h_visit_ast(ast.parse(code))
                       ^^^^^^^^^^^^^^^
  File "/usr/lib/python3.12/ast.py", line 52, in parse
    return compile(source, filename, mode, flags,
           ^^^^^^^^^^^^^^^^^^^^^^^^^^^^^^^^^^^^^^
  File "<unknown>", line 5
    	if()
    	    ^
SyntaxError: expected ':'
2025-07-17 23:29:26,926 cblogger [ERROR]: 		Error while extracting code complexity metrics: invalid syntax (<unknown>, line 14)
Traceback (most recent call last):
  File "/root/trabalho_super/QuestionInsight/Etapa_1/codebench-mining-tool/util.py", line 551, in extract_complexity_metrics
    v = ComplexityVisitor.from_code(code)
        ^^^^^^^^^^^^^^^^^^^^^^^^^^^^^^^^^
  File "/root/trabalho_super/venv_jupyter/lib/python3.12/site-packages/radon/visitors.py", line 133, in from_code
    return cls.from_ast(code2ast(code), **kwargs)
                        ^^^^^^^^^^^^^^
  File "/root/trabalho_super/venv_jupyter/lib/python3.12/site-packages/radon/visitors.py", line 48, in code2ast
    return ast.parse(source)
           ^^^^^^^^^^^^^^^^^
  File "/usr/lib/python3.12/ast.py", line 52, in parse
    return compile(source, filename, mode, flags,
           ^^^^^^^^^^^^^^^^^^^^^^^^^^^^^^^^^^^^^^
  File "<unknown>", line 14
    		vet[] =[i]
    		    ^
SyntaxError: invalid syntax
2025-07-17 23:29:26,927 cblogger [ERROR]: 		Error while extracting halsted code metrics: invalid syntax (<unknown>, line 14)
Traceback (most recent call last):
  File "/root/trabalho_super/QuestionInsight/Etapa_1/codebench-mining-tool/util.py", line 569, in extract_halstead_metrics
    h = h_visit(code)
        ^^^^^^^^^^^^^
  File "/root/trabalho_super/venv_jupyter/lib/python3.12/site-packages/radon/metrics.py", line 29, in h_visit
    return h_visit_ast(ast.parse(code))
                       ^^^^^^^^^^^^^^^
  File "/usr/lib/python3.12/ast.py", line 52, in parse
    return compile(source, filename, mode, flags,
           ^^^^^^^^^^^^^^^^^^^^^^^^^^^^^^^^^^^^^^
  File "<unknown>", line 14
    		vet[] =[i]
    		    ^
SyntaxError: invalid syntax
2025-07-17 23:29:26,955 cblogger [ERROR]: 		Error while extracting code complexity metrics: invalid syntax (<unknown>, line 7)
Traceback (most recent call last):
  File "/root/trabalho_super/QuestionInsight/Etapa_1/codebench-mining-tool/util.py", line 551, in extract_complexity_metrics
    v = ComplexityVisitor.from_code(code)
        ^^^^^^^^^^^^^^^^^^^^^^^^^^^^^^^^^
  File "/root/trabalho_super/venv_jupyter/lib/python3.12/site-packages/radon/visitors.py", line 133, in from_code
    return cls.from_ast(code2ast(code), **kwargs)
                        ^^^^^^^^^^^^^^
  File "/root/trabalho_super/venv_jupyter/lib/python3.12/site-packages/radon/visitors.py", line 48, in code2ast
    return ast.parse(source)
           ^^^^^^^^^^^^^^^^^
  File "/usr/lib/python3.12/ast.py", line 52, in parse
    return compile(source, filename, mode, flags,
           ^^^^^^^^^^^^^^^^^^^^^^^^^^^^^^^^^^^^^^
  File "<unknown>", line 7
    	substituto[] = vet[i] * 2
    	           ^
SyntaxError: invalid syntax
2025-07-17 23:29:26,956 cblogger [ERROR]: 		Error while extracting halsted code metrics: invalid syntax (<unknown>, line 7)
Traceback (most recent call last):
  File "/root/trabalho_super/QuestionInsight/Etapa_1/codebench-mining-tool/util.py", line 569, in extract_halstead_metrics
    h = h_visit(code)
        ^^^^^^^^^^^^^
  File "/root/trabalho_super/venv_jupyter/lib/python3.12/site-packages/radon/metrics.py", line 29, in h_visit
    return h_visit_ast(ast.parse(code))
                       ^^^^^^^^^^^^^^^
  File "/usr/lib/python3.12/ast.py", line 52, in parse
    return compile(source, filename, mode, flags,
           ^^^^^^^^^^^^^^^^^^^^^^^^^^^^^^^^^^^^^^
  File "<unknown>", line 7
    	substituto[] = vet[i] * 2
    	           ^
SyntaxError: invalid syntax
2025-07-17 23:29:26,982 cblogger [ERROR]: 		Error while extracting code complexity metrics: unindent does not match any outer indentation level (<unknown>, line 10)
Traceback (most recent call last):
  File "/root/trabalho_super/QuestionInsight/Etapa_1/codebench-mining-tool/util.py", line 551, in extract_complexity_metrics
    v = ComplexityVisitor.from_code(code)
        ^^^^^^^^^^^^^^^^^^^^^^^^^^^^^^^^^
  File "/root/trabalho_super/venv_jupyter/lib/python3.12/site-packages/radon/visitors.py", line 133, in from_code
    return cls.from_ast(code2ast(code), **kwargs)
                        ^^^^^^^^^^^^^^
  File "/root/trabalho_super/venv_jupyter/lib/python3.12/site-packages/radon/visitors.py", line 48, in code2ast
    return ast.parse(source)
           ^^^^^^^^^^^^^^^^^
  File "/usr/lib/python3.12/ast.py", line 52, in parse
    return compile(source, filename, mode, flags,
           ^^^^^^^^^^^^^^^^^^^^^^^^^^^^^^^^^^^^^^
  File "<unknown>", line 10
    cont += 1
             ^
IndentationError: unindent does not match any outer indentation level
2025-07-17 23:29:26,983 cblogger [ERROR]: 		Error while extracting halsted code metrics: unindent does not match any outer indentation level (<unknown>, line 10)
Traceback (most recent call last):
  File "/root/trabalho_super/QuestionInsight/Etapa_1/codebench-mining-tool/util.py", line 569, in extract_halstead_metrics
    h = h_visit(code)
        ^^^^^^^^^^^^^
  File "/root/trabalho_super/venv_jupyter/lib/python3.12/site-packages/radon/metrics.py", line 29, in h_visit
    return h_visit_ast(ast.parse(code))
                       ^^^^^^^^^^^^^^^
  File "/usr/lib/python3.12/ast.py", line 52, in parse
    return compile(source, filename, mode, flags,
           ^^^^^^^^^^^^^^^^^^^^^^^^^^^^^^^^^^^^^^
  File "<unknown>", line 10
    cont += 1
             ^
IndentationError: unindent does not match any outer indentation level
2025-07-17 23:29:27,005 cblogger [ERROR]: 		Error while extracting code complexity metrics: '(' was never closed (<unknown>, line 1)
Traceback (most recent call last):
  File "/root/trabalho_super/QuestionInsight/Etapa_1/codebench-mining-tool/util.py", line 551, in extract_complexity_metrics
    v = ComplexityVisitor.from_code(code)
        ^^^^^^^^^^^^^^^^^^^^^^^^^^^^^^^^^
  File "/root/trabalho_super/venv_jupyter/lib/python3.12/site-packages/radon/visitors.py", line 133, in from_code
    return cls.from_ast(code2ast(code), **kwargs)
                        ^^^^^^^^^^^^^^
  File "/root/trabalho_super/venv_jupyter/lib/python3.12/site-packages/radon/visitors.py", line 48, in code2ast
    return ast.parse(source)
           ^^^^^^^^^^^^^^^^^
  File "/usr/lib/python3.12/ast.py", line 52, in parse
    return compile(source, filename, mode, flags,
           ^^^^^^^^^^^^^^^^^^^^^^^^^^^^^^^^^^^^^^
  File "<unknown>", line 1
    n = int(input("digite o n: ")
           ^
SyntaxError: '(' was never closed
2025-07-17 23:29:27,005 cblogger [ERROR]: 		Error while extracting code size based metrics: SyntaxError at line: 1
Traceback (most recent call last):
  File "/root/trabalho_super/venv_jupyter/lib/python3.12/site-packages/radon/raw.py", line 210, in analyze
    tokens, parsed_lines = _get_all_tokens(line, lines)
                           ^^^^^^^^^^^^^^^^^^^^^^^^^^^^
  File "/root/trabalho_super/venv_jupyter/lib/python3.12/site-packages/radon/raw.py", line 117, in _get_all_tokens
    next_line = next(lines)
                ^^^^^^^^^^^
StopIteration

During handling of the above exception, another exception occurred:

Traceback (most recent call last):
  File "/root/trabalho_super/QuestionInsight/Etapa_1/codebench-mining-tool/util.py", line 560, in extract_size_metrics
    a = analyze(code)
        ^^^^^^^^^^^^^
  File "/root/trabalho_super/venv_jupyter/lib/python3.12/site-packages/radon/raw.py", line 212, in analyze
    raise SyntaxError('SyntaxError at line: {0}'.format(lineno))
SyntaxError: SyntaxError at line: 1
2025-07-17 23:29:27,006 cblogger [ERROR]: 		Error while extracting halsted code metrics: '(' was never closed (<unknown>, line 1)
Traceback (most recent call last):
  File "/root/trabalho_super/QuestionInsight/Etapa_1/codebench-mining-tool/util.py", line 569, in extract_halstead_metrics
    h = h_visit(code)
        ^^^^^^^^^^^^^
  File "/root/trabalho_super/venv_jupyter/lib/python3.12/site-packages/radon/metrics.py", line 29, in h_visit
    return h_visit_ast(ast.parse(code))
                       ^^^^^^^^^^^^^^^
  File "/usr/lib/python3.12/ast.py", line 52, in parse
    return compile(source, filename, mode, flags,
           ^^^^^^^^^^^^^^^^^^^^^^^^^^^^^^^^^^^^^^
  File "<unknown>", line 1
    n = int(input("digite o n: ")
           ^
SyntaxError: '(' was never closed
2025-07-17 23:29:27,031 cblogger [ERROR]: 		Error while extracting code complexity metrics: '(' was never closed (<unknown>, line 3)
Traceback (most recent call last):
  File "/root/trabalho_super/QuestionInsight/Etapa_1/codebench-mining-tool/util.py", line 551, in extract_complexity_metrics
    v = ComplexityVisitor.from_code(code)
        ^^^^^^^^^^^^^^^^^^^^^^^^^^^^^^^^^
  File "/root/trabalho_super/venv_jupyter/lib/python3.12/site-packages/radon/visitors.py", line 133, in from_code
    return cls.from_ast(code2ast(code), **kwargs)
                        ^^^^^^^^^^^^^^
  File "/root/trabalho_super/venv_jupyter/lib/python3.12/site-packages/radon/visitors.py", line 48, in code2ast
    return ast.parse(source)
           ^^^^^^^^^^^^^^^^^
  File "/usr/lib/python3.12/ast.py", line 52, in parse
    return compile(source, filename, mode, flags,
           ^^^^^^^^^^^^^^^^^^^^^^^^^^^^^^^^^^^^^^
  File "<unknown>", line 3
    print(round(area, 4)
         ^
SyntaxError: '(' was never closed
2025-07-17 23:29:27,032 cblogger [ERROR]: 		Error while extracting code size based metrics: SyntaxError at line: 3
Traceback (most recent call last):
  File "/root/trabalho_super/venv_jupyter/lib/python3.12/site-packages/radon/raw.py", line 210, in analyze
    tokens, parsed_lines = _get_all_tokens(line, lines)
                           ^^^^^^^^^^^^^^^^^^^^^^^^^^^^
  File "/root/trabalho_super/venv_jupyter/lib/python3.12/site-packages/radon/raw.py", line 117, in _get_all_tokens
    next_line = next(lines)
                ^^^^^^^^^^^
StopIteration

During handling of the above exception, another exception occurred:

Traceback (most recent call last):
  File "/root/trabalho_super/QuestionInsight/Etapa_1/codebench-mining-tool/util.py", line 560, in extract_size_metrics
    a = analyze(code)
        ^^^^^^^^^^^^^
  File "/root/trabalho_super/venv_jupyter/lib/python3.12/site-packages/radon/raw.py", line 212, in analyze
    raise SyntaxError('SyntaxError at line: {0}'.format(lineno))
SyntaxError: SyntaxError at line: 3
2025-07-17 23:29:27,033 cblogger [ERROR]: 		Error while extracting halsted code metrics: '(' was never closed (<unknown>, line 3)
Traceback (most recent call last):
  File "/root/trabalho_super/QuestionInsight/Etapa_1/codebench-mining-tool/util.py", line 569, in extract_halstead_metrics
    h = h_visit(code)
        ^^^^^^^^^^^^^
  File "/root/trabalho_super/venv_jupyter/lib/python3.12/site-packages/radon/metrics.py", line 29, in h_visit
    return h_visit_ast(ast.parse(code))
                       ^^^^^^^^^^^^^^^
  File "/usr/lib/python3.12/ast.py", line 52, in parse
    return compile(source, filename, mode, flags,
           ^^^^^^^^^^^^^^^^^^^^^^^^^^^^^^^^^^^^^^
  File "<unknown>", line 3
    print(round(area, 4)
         ^
SyntaxError: '(' was never closed
2025-07-17 23:29:27,035 cblogger [ERROR]: 		Error while extracting code complexity metrics: unexpected indent (<unknown>, line 13)
Traceback (most recent call last):
  File "/root/trabalho_super/QuestionInsight/Etapa_1/codebench-mining-tool/util.py", line 551, in extract_complexity_metrics
    v = ComplexityVisitor.from_code(code)
        ^^^^^^^^^^^^^^^^^^^^^^^^^^^^^^^^^
  File "/root/trabalho_super/venv_jupyter/lib/python3.12/site-packages/radon/visitors.py", line 133, in from_code
    return cls.from_ast(code2ast(code), **kwargs)
                        ^^^^^^^^^^^^^^
  File "/root/trabalho_super/venv_jupyter/lib/python3.12/site-packages/radon/visitors.py", line 48, in code2ast
    return ast.parse(source)
           ^^^^^^^^^^^^^^^^^
  File "/usr/lib/python3.12/ast.py", line 52, in parse
    return compile(source, filename, mode, flags,
           ^^^^^^^^^^^^^^^^^^^^^^^^^^^^^^^^^^^^^^
  File "<unknown>", line 13
    			if musica_ao_vivo == "S":
    		^
IndentationError: unexpected indent
2025-07-17 23:29:27,036 cblogger [ERROR]: 		Error while extracting halsted code metrics: unexpected indent (<unknown>, line 13)
Traceback (most recent call last):
  File "/root/trabalho_super/QuestionInsight/Etapa_1/codebench-mining-tool/util.py", line 569, in extract_halstead_metrics
    h = h_visit(code)
        ^^^^^^^^^^^^^
  File "/root/trabalho_super/venv_jupyter/lib/python3.12/site-packages/radon/metrics.py", line 29, in h_visit
    return h_visit_ast(ast.parse(code))
                       ^^^^^^^^^^^^^^^
  File "/usr/lib/python3.12/ast.py", line 52, in parse
    return compile(source, filename, mode, flags,
           ^^^^^^^^^^^^^^^^^^^^^^^^^^^^^^^^^^^^^^
  File "<unknown>", line 13
    			if musica_ao_vivo == "S":
    		^
IndentationError: unexpected indent
2025-07-17 23:29:27,056 cblogger [ERROR]: 		Error while extracting code complexity metrics: unterminated string literal (detected at line 7) (<unknown>, line 7)
Traceback (most recent call last):
  File "/root/trabalho_super/QuestionInsight/Etapa_1/codebench-mining-tool/util.py", line 551, in extract_complexity_metrics
    v = ComplexityVisitor.from_code(code)
        ^^^^^^^^^^^^^^^^^^^^^^^^^^^^^^^^^
  File "/root/trabalho_super/venv_jupyter/lib/python3.12/site-packages/radon/visitors.py", line 133, in from_code
    return cls.from_ast(code2ast(code), **kwargs)
                        ^^^^^^^^^^^^^^
  File "/root/trabalho_super/venv_jupyter/lib/python3.12/site-packages/radon/visitors.py", line 48, in code2ast
    return ast.parse(source)
           ^^^^^^^^^^^^^^^^^
  File "/usr/lib/python3.12/ast.py", line 52, in parse
    return compile(source, filename, mode, flags,
           ^^^^^^^^^^^^^^^^^^^^^^^^^^^^^^^^^^^^^^
  File "<unknown>", line 7
    	print("O valor da comissão a ser paga é: )
    	      ^
SyntaxError: unterminated string literal (detected at line 7)
2025-07-17 23:29:27,057 cblogger [ERROR]: 		Error while extracting code size based metrics: SyntaxError at line: 7
Traceback (most recent call last):
  File "/root/trabalho_super/venv_jupyter/lib/python3.12/site-packages/radon/raw.py", line 210, in analyze
    tokens, parsed_lines = _get_all_tokens(line, lines)
                           ^^^^^^^^^^^^^^^^^^^^^^^^^^^^
  File "/root/trabalho_super/venv_jupyter/lib/python3.12/site-packages/radon/raw.py", line 117, in _get_all_tokens
    next_line = next(lines)
                ^^^^^^^^^^^
StopIteration

During handling of the above exception, another exception occurred:

Traceback (most recent call last):
  File "/root/trabalho_super/QuestionInsight/Etapa_1/codebench-mining-tool/util.py", line 560, in extract_size_metrics
    a = analyze(code)
        ^^^^^^^^^^^^^
  File "/root/trabalho_super/venv_jupyter/lib/python3.12/site-packages/radon/raw.py", line 212, in analyze
    raise SyntaxError('SyntaxError at line: {0}'.format(lineno))
SyntaxError: SyntaxError at line: 7
2025-07-17 23:29:27,059 cblogger [ERROR]: 		Error while extracting halsted code metrics: unterminated string literal (detected at line 7) (<unknown>, line 7)
Traceback (most recent call last):
  File "/root/trabalho_super/QuestionInsight/Etapa_1/codebench-mining-tool/util.py", line 569, in extract_halstead_metrics
    h = h_visit(code)
        ^^^^^^^^^^^^^
  File "/root/trabalho_super/venv_jupyter/lib/python3.12/site-packages/radon/metrics.py", line 29, in h_visit
    return h_visit_ast(ast.parse(code))
                       ^^^^^^^^^^^^^^^
  File "/usr/lib/python3.12/ast.py", line 52, in parse
    return compile(source, filename, mode, flags,
           ^^^^^^^^^^^^^^^^^^^^^^^^^^^^^^^^^^^^^^
  File "<unknown>", line 7
    	print("O valor da comissão a ser paga é: )
    	      ^
SyntaxError: unterminated string literal (detected at line 7)
2025-07-17 23:29:27,106 cblogger [ERROR]: 		Error while extracting code complexity metrics: invalid syntax. Perhaps you forgot a comma? (<unknown>, line 14)
Traceback (most recent call last):
  File "/root/trabalho_super/QuestionInsight/Etapa_1/codebench-mining-tool/util.py", line 551, in extract_complexity_metrics
    v = ComplexityVisitor.from_code(code)
        ^^^^^^^^^^^^^^^^^^^^^^^^^^^^^^^^^
  File "/root/trabalho_super/venv_jupyter/lib/python3.12/site-packages/radon/visitors.py", line 133, in from_code
    return cls.from_ast(code2ast(code), **kwargs)
                        ^^^^^^^^^^^^^^
  File "/root/trabalho_super/venv_jupyter/lib/python3.12/site-packages/radon/visitors.py", line 48, in code2ast
    return ast.parse(source)
           ^^^^^^^^^^^^^^^^^
  File "/usr/lib/python3.12/ast.py", line 52, in parse
    return compile(source, filename, mode, flags,
           ^^^^^^^^^^^^^^^^^^^^^^^^^^^^^^^^^^^^^^
  File "<unknown>", line 14
    while (condicao em funcao do cont):
           ^^^^^^^^^^^
SyntaxError: invalid syntax. Perhaps you forgot a comma?
2025-07-17 23:29:27,110 cblogger [ERROR]: 		Error while extracting halsted code metrics: invalid syntax. Perhaps you forgot a comma? (<unknown>, line 14)
Traceback (most recent call last):
  File "/root/trabalho_super/QuestionInsight/Etapa_1/codebench-mining-tool/util.py", line 569, in extract_halstead_metrics
    h = h_visit(code)
        ^^^^^^^^^^^^^
  File "/root/trabalho_super/venv_jupyter/lib/python3.12/site-packages/radon/metrics.py", line 29, in h_visit
    return h_visit_ast(ast.parse(code))
                       ^^^^^^^^^^^^^^^
  File "/usr/lib/python3.12/ast.py", line 52, in parse
    return compile(source, filename, mode, flags,
           ^^^^^^^^^^^^^^^^^^^^^^^^^^^^^^^^^^^^^^
  File "<unknown>", line 14
    while (condicao em funcao do cont):
           ^^^^^^^^^^^
SyntaxError: invalid syntax. Perhaps you forgot a comma?
2025-07-17 23:29:27,164 cblogger [ERROR]: 		Error while extracting code complexity metrics: '(' was never closed (<unknown>, line 4)
Traceback (most recent call last):
  File "/root/trabalho_super/QuestionInsight/Etapa_1/codebench-mining-tool/util.py", line 551, in extract_complexity_metrics
    v = ComplexityVisitor.from_code(code)
        ^^^^^^^^^^^^^^^^^^^^^^^^^^^^^^^^^
  File "/root/trabalho_super/venv_jupyter/lib/python3.12/site-packages/radon/visitors.py", line 133, in from_code
    return cls.from_ast(code2ast(code), **kwargs)
                        ^^^^^^^^^^^^^^
  File "/root/trabalho_super/venv_jupyter/lib/python3.12/site-packages/radon/visitors.py", line 48, in code2ast
    return ast.parse(source)
           ^^^^^^^^^^^^^^^^^
  File "/usr/lib/python3.12/ast.py", line 52, in parse
    return compile(source, filename, mode, flags,
           ^^^^^^^^^^^^^^^^^^^^^^^^^^^^^^^^^^^^^^
  File "<unknown>", line 4
    p = (1 - ((factorial(365)) / factorial(365 - n) * (1/ (365 ** n)))
        ^
SyntaxError: '(' was never closed
2025-07-17 23:29:27,164 cblogger [ERROR]: 		Error while extracting code size based metrics: SyntaxError at line: 4
Traceback (most recent call last):
  File "/root/trabalho_super/venv_jupyter/lib/python3.12/site-packages/radon/raw.py", line 210, in analyze
    tokens, parsed_lines = _get_all_tokens(line, lines)
                           ^^^^^^^^^^^^^^^^^^^^^^^^^^^^
  File "/root/trabalho_super/venv_jupyter/lib/python3.12/site-packages/radon/raw.py", line 117, in _get_all_tokens
    next_line = next(lines)
                ^^^^^^^^^^^
StopIteration

During handling of the above exception, another exception occurred:

Traceback (most recent call last):
  File "/root/trabalho_super/QuestionInsight/Etapa_1/codebench-mining-tool/util.py", line 560, in extract_size_metrics
    a = analyze(code)
        ^^^^^^^^^^^^^
  File "/root/trabalho_super/venv_jupyter/lib/python3.12/site-packages/radon/raw.py", line 212, in analyze
    raise SyntaxError('SyntaxError at line: {0}'.format(lineno))
SyntaxError: SyntaxError at line: 4
2025-07-17 23:29:27,165 cblogger [ERROR]: 		Error while extracting halsted code metrics: '(' was never closed (<unknown>, line 4)
Traceback (most recent call last):
  File "/root/trabalho_super/QuestionInsight/Etapa_1/codebench-mining-tool/util.py", line 569, in extract_halstead_metrics
    h = h_visit(code)
        ^^^^^^^^^^^^^
  File "/root/trabalho_super/venv_jupyter/lib/python3.12/site-packages/radon/metrics.py", line 29, in h_visit
    return h_visit_ast(ast.parse(code))
                       ^^^^^^^^^^^^^^^
  File "/usr/lib/python3.12/ast.py", line 52, in parse
    return compile(source, filename, mode, flags,
           ^^^^^^^^^^^^^^^^^^^^^^^^^^^^^^^^^^^^^^
  File "<unknown>", line 4
    p = (1 - ((factorial(365)) / factorial(365 - n) * (1/ (365 ** n)))
        ^
SyntaxError: '(' was never closed
2025-07-17 23:29:28,014 cblogger [ERROR]: 		Error while extracting code complexity metrics: expected an indented block after 'if' statement on line 11 (<unknown>, line 12)
Traceback (most recent call last):
  File "/root/trabalho_super/QuestionInsight/Etapa_1/codebench-mining-tool/util.py", line 551, in extract_complexity_metrics
    v = ComplexityVisitor.from_code(code)
        ^^^^^^^^^^^^^^^^^^^^^^^^^^^^^^^^^
  File "/root/trabalho_super/venv_jupyter/lib/python3.12/site-packages/radon/visitors.py", line 133, in from_code
    return cls.from_ast(code2ast(code), **kwargs)
                        ^^^^^^^^^^^^^^
  File "/root/trabalho_super/venv_jupyter/lib/python3.12/site-packages/radon/visitors.py", line 48, in code2ast
    return ast.parse(source)
           ^^^^^^^^^^^^^^^^^
  File "/usr/lib/python3.12/ast.py", line 52, in parse
    return compile(source, filename, mode, flags,
           ^^^^^^^^^^^^^^^^^^^^^^^^^^^^^^^^^^^^^^
  File "<unknown>", line 12
    	
    	^
IndentationError: expected an indented block after 'if' statement on line 11
2025-07-17 23:29:28,018 cblogger [ERROR]: 		Error while extracting halsted code metrics: expected an indented block after 'if' statement on line 11 (<unknown>, line 12)
Traceback (most recent call last):
  File "/root/trabalho_super/QuestionInsight/Etapa_1/codebench-mining-tool/util.py", line 569, in extract_halstead_metrics
    h = h_visit(code)
        ^^^^^^^^^^^^^
  File "/root/trabalho_super/venv_jupyter/lib/python3.12/site-packages/radon/metrics.py", line 29, in h_visit
    return h_visit_ast(ast.parse(code))
                       ^^^^^^^^^^^^^^^
  File "/usr/lib/python3.12/ast.py", line 52, in parse
    return compile(source, filename, mode, flags,
           ^^^^^^^^^^^^^^^^^^^^^^^^^^^^^^^^^^^^^^
  File "<unknown>", line 12
    	
    	^
IndentationError: expected an indented block after 'if' statement on line 11
2025-07-17 23:29:28,152 cblogger [ERROR]: 		Error while extracting code complexity metrics: expected ':' (<unknown>, line 8)
Traceback (most recent call last):
  File "/root/trabalho_super/QuestionInsight/Etapa_1/codebench-mining-tool/util.py", line 551, in extract_complexity_metrics
    v = ComplexityVisitor.from_code(code)
        ^^^^^^^^^^^^^^^^^^^^^^^^^^^^^^^^^
  File "/root/trabalho_super/venv_jupyter/lib/python3.12/site-packages/radon/visitors.py", line 133, in from_code
    return cls.from_ast(code2ast(code), **kwargs)
                        ^^^^^^^^^^^^^^
  File "/root/trabalho_super/venv_jupyter/lib/python3.12/site-packages/radon/visitors.py", line 48, in code2ast
    return ast.parse(source)
           ^^^^^^^^^^^^^^^^^
  File "/usr/lib/python3.12/ast.py", line 52, in parse
    return compile(source, filename, mode, flags,
           ^^^^^^^^^^^^^^^^^^^^^^^^^^^^^^^^^^^^^^
  File "<unknown>", line 8
    	if vetor[0]
    	           ^
SyntaxError: expected ':'
2025-07-17 23:29:28,153 cblogger [ERROR]: 		Error while extracting halsted code metrics: expected ':' (<unknown>, line 8)
Traceback (most recent call last):
  File "/root/trabalho_super/QuestionInsight/Etapa_1/codebench-mining-tool/util.py", line 569, in extract_halstead_metrics
    h = h_visit(code)
        ^^^^^^^^^^^^^
  File "/root/trabalho_super/venv_jupyter/lib/python3.12/site-packages/radon/metrics.py", line 29, in h_visit
    return h_visit_ast(ast.parse(code))
                       ^^^^^^^^^^^^^^^
  File "/usr/lib/python3.12/ast.py", line 52, in parse
    return compile(source, filename, mode, flags,
           ^^^^^^^^^^^^^^^^^^^^^^^^^^^^^^^^^^^^^^
  File "<unknown>", line 8
    	if vetor[0]
    	           ^
SyntaxError: expected ':'
2025-07-17 23:29:28,300 cblogger [ERROR]: 		Error while extracting code complexity metrics: '(' was never closed (<unknown>, line 10)
Traceback (most recent call last):
  File "/root/trabalho_super/QuestionInsight/Etapa_1/codebench-mining-tool/util.py", line 551, in extract_complexity_metrics
    v = ComplexityVisitor.from_code(code)
        ^^^^^^^^^^^^^^^^^^^^^^^^^^^^^^^^^
  File "/root/trabalho_super/venv_jupyter/lib/python3.12/site-packages/radon/visitors.py", line 133, in from_code
    return cls.from_ast(code2ast(code), **kwargs)
                        ^^^^^^^^^^^^^^
  File "/root/trabalho_super/venv_jupyter/lib/python3.12/site-packages/radon/visitors.py", line 48, in code2ast
    return ast.parse(source)
           ^^^^^^^^^^^^^^^^^
  File "/usr/lib/python3.12/ast.py", line 52, in parse
    return compile(source, filename, mode, flags,
           ^^^^^^^^^^^^^^^^^^^^^^^^^^^^^^^^^^^^^^
  File "<unknown>", line 10
    print(round(sqrt(c),3)
         ^
SyntaxError: '(' was never closed
2025-07-17 23:29:28,300 cblogger [ERROR]: 		Error while extracting code size based metrics: SyntaxError at line: 10
Traceback (most recent call last):
  File "/root/trabalho_super/venv_jupyter/lib/python3.12/site-packages/radon/raw.py", line 210, in analyze
    tokens, parsed_lines = _get_all_tokens(line, lines)
                           ^^^^^^^^^^^^^^^^^^^^^^^^^^^^
  File "/root/trabalho_super/venv_jupyter/lib/python3.12/site-packages/radon/raw.py", line 117, in _get_all_tokens
    next_line = next(lines)
                ^^^^^^^^^^^
StopIteration

During handling of the above exception, another exception occurred:

Traceback (most recent call last):
  File "/root/trabalho_super/QuestionInsight/Etapa_1/codebench-mining-tool/util.py", line 560, in extract_size_metrics
    a = analyze(code)
        ^^^^^^^^^^^^^
  File "/root/trabalho_super/venv_jupyter/lib/python3.12/site-packages/radon/raw.py", line 212, in analyze
    raise SyntaxError('SyntaxError at line: {0}'.format(lineno))
SyntaxError: SyntaxError at line: 10
2025-07-17 23:29:28,301 cblogger [ERROR]: 		Error while extracting halsted code metrics: '(' was never closed (<unknown>, line 10)
Traceback (most recent call last):
  File "/root/trabalho_super/QuestionInsight/Etapa_1/codebench-mining-tool/util.py", line 569, in extract_halstead_metrics
    h = h_visit(code)
        ^^^^^^^^^^^^^
  File "/root/trabalho_super/venv_jupyter/lib/python3.12/site-packages/radon/metrics.py", line 29, in h_visit
    return h_visit_ast(ast.parse(code))
                       ^^^^^^^^^^^^^^^
  File "/usr/lib/python3.12/ast.py", line 52, in parse
    return compile(source, filename, mode, flags,
           ^^^^^^^^^^^^^^^^^^^^^^^^^^^^^^^^^^^^^^
  File "<unknown>", line 10
    print(round(sqrt(c),3)
         ^
SyntaxError: '(' was never closed
2025-07-17 23:29:28,519 cblogger [ERROR]: 		Error while extracting code complexity metrics: invalid character '–' (U+2013) (<unknown>, line 1)
Traceback (most recent call last):
  File "/root/trabalho_super/QuestionInsight/Etapa_1/codebench-mining-tool/util.py", line 551, in extract_complexity_metrics
    v = ComplexityVisitor.from_code(code)
        ^^^^^^^^^^^^^^^^^^^^^^^^^^^^^^^^^
  File "/root/trabalho_super/venv_jupyter/lib/python3.12/site-packages/radon/visitors.py", line 133, in from_code
    return cls.from_ast(code2ast(code), **kwargs)
                        ^^^^^^^^^^^^^^
  File "/root/trabalho_super/venv_jupyter/lib/python3.12/site-packages/radon/visitors.py", line 48, in code2ast
    return ast.parse(source)
           ^^^^^^^^^^^^^^^^^
  File "/usr/lib/python3.12/ast.py", line 52, in parse
    return compile(source, filename, mode, flags,
           ^^^^^^^^^^^^^^^^^^^^^^^^^^^^^^^^^^^^^^
  File "<unknown>", line 1
    expressao = 30 – 3 ** 2 + 8 // 3 ** 2 * 10
                   ^
SyntaxError: invalid character '–' (U+2013)
2025-07-17 23:29:28,520 cblogger [ERROR]: 		Error while extracting halsted code metrics: invalid character '–' (U+2013) (<unknown>, line 1)
Traceback (most recent call last):
  File "/root/trabalho_super/QuestionInsight/Etapa_1/codebench-mining-tool/util.py", line 569, in extract_halstead_metrics
    h = h_visit(code)
        ^^^^^^^^^^^^^
  File "/root/trabalho_super/venv_jupyter/lib/python3.12/site-packages/radon/metrics.py", line 29, in h_visit
    return h_visit_ast(ast.parse(code))
                       ^^^^^^^^^^^^^^^
  File "/usr/lib/python3.12/ast.py", line 52, in parse
    return compile(source, filename, mode, flags,
           ^^^^^^^^^^^^^^^^^^^^^^^^^^^^^^^^^^^^^^
  File "<unknown>", line 1
    expressao = 30 – 3 ** 2 + 8 // 3 ** 2 * 10
                   ^
SyntaxError: invalid character '–' (U+2013)
2025-07-17 23:29:28,658 cblogger [ERROR]: 		Error while extracting code complexity metrics: invalid decimal literal (<unknown>, line 9)
Traceback (most recent call last):
  File "/root/trabalho_super/QuestionInsight/Etapa_1/codebench-mining-tool/util.py", line 551, in extract_complexity_metrics
    v = ComplexityVisitor.from_code(code)
        ^^^^^^^^^^^^^^^^^^^^^^^^^^^^^^^^^
  File "/root/trabalho_super/venv_jupyter/lib/python3.12/site-packages/radon/visitors.py", line 133, in from_code
    return cls.from_ast(code2ast(code), **kwargs)
                        ^^^^^^^^^^^^^^
  File "/root/trabalho_super/venv_jupyter/lib/python3.12/site-packages/radon/visitors.py", line 48, in code2ast
    return ast.parse(source)
           ^^^^^^^^^^^^^^^^^
  File "/usr/lib/python3.12/ast.py", line 52, in parse
    return compile(source, filename, mode, flags,
           ^^^^^^^^^^^^^^^^^^^^^^^^^^^^^^^^^^^^^^
  File "<unknown>", line 9
    a = sqrt(b**c - 2b*c cos(a))
                    ^
SyntaxError: invalid decimal literal
2025-07-17 23:29:28,658 cblogger [ERROR]: 		Error while extracting halsted code metrics: invalid decimal literal (<unknown>, line 9)
Traceback (most recent call last):
  File "/root/trabalho_super/QuestionInsight/Etapa_1/codebench-mining-tool/util.py", line 569, in extract_halstead_metrics
    h = h_visit(code)
        ^^^^^^^^^^^^^
  File "/root/trabalho_super/venv_jupyter/lib/python3.12/site-packages/radon/metrics.py", line 29, in h_visit
    return h_visit_ast(ast.parse(code))
                       ^^^^^^^^^^^^^^^
  File "/usr/lib/python3.12/ast.py", line 52, in parse
    return compile(source, filename, mode, flags,
           ^^^^^^^^^^^^^^^^^^^^^^^^^^^^^^^^^^^^^^
  File "<unknown>", line 9
    a = sqrt(b**c - 2b*c cos(a))
                    ^
SyntaxError: invalid decimal literal
2025-07-17 23:29:28,684 cblogger [ERROR]: 		Error while extracting code complexity metrics: '(' was never closed (<unknown>, line 3)
Traceback (most recent call last):
  File "/root/trabalho_super/QuestionInsight/Etapa_1/codebench-mining-tool/util.py", line 551, in extract_complexity_metrics
    v = ComplexityVisitor.from_code(code)
        ^^^^^^^^^^^^^^^^^^^^^^^^^^^^^^^^^
  File "/root/trabalho_super/venv_jupyter/lib/python3.12/site-packages/radon/visitors.py", line 133, in from_code
    return cls.from_ast(code2ast(code), **kwargs)
                        ^^^^^^^^^^^^^^
  File "/root/trabalho_super/venv_jupyter/lib/python3.12/site-packages/radon/visitors.py", line 48, in code2ast
    return ast.parse(source)
           ^^^^^^^^^^^^^^^^^
  File "/usr/lib/python3.12/ast.py", line 52, in parse
    return compile(source, filename, mode, flags,
           ^^^^^^^^^^^^^^^^^^^^^^^^^^^^^^^^^^^^^^
  File "<unknown>", line 3
    print(int(var * 10)
         ^
SyntaxError: '(' was never closed
2025-07-17 23:29:28,684 cblogger [ERROR]: 		Error while extracting code size based metrics: SyntaxError at line: 3
Traceback (most recent call last):
  File "/root/trabalho_super/venv_jupyter/lib/python3.12/site-packages/radon/raw.py", line 210, in analyze
    tokens, parsed_lines = _get_all_tokens(line, lines)
                           ^^^^^^^^^^^^^^^^^^^^^^^^^^^^
  File "/root/trabalho_super/venv_jupyter/lib/python3.12/site-packages/radon/raw.py", line 117, in _get_all_tokens
    next_line = next(lines)
                ^^^^^^^^^^^
StopIteration

During handling of the above exception, another exception occurred:

Traceback (most recent call last):
  File "/root/trabalho_super/QuestionInsight/Etapa_1/codebench-mining-tool/util.py", line 560, in extract_size_metrics
    a = analyze(code)
        ^^^^^^^^^^^^^
  File "/root/trabalho_super/venv_jupyter/lib/python3.12/site-packages/radon/raw.py", line 212, in analyze
    raise SyntaxError('SyntaxError at line: {0}'.format(lineno))
SyntaxError: SyntaxError at line: 3
2025-07-17 23:29:28,685 cblogger [ERROR]: 		Error while extracting halsted code metrics: '(' was never closed (<unknown>, line 3)
Traceback (most recent call last):
  File "/root/trabalho_super/QuestionInsight/Etapa_1/codebench-mining-tool/util.py", line 569, in extract_halstead_metrics
    h = h_visit(code)
        ^^^^^^^^^^^^^
  File "/root/trabalho_super/venv_jupyter/lib/python3.12/site-packages/radon/metrics.py", line 29, in h_visit
    return h_visit_ast(ast.parse(code))
                       ^^^^^^^^^^^^^^^
  File "/usr/lib/python3.12/ast.py", line 52, in parse
    return compile(source, filename, mode, flags,
           ^^^^^^^^^^^^^^^^^^^^^^^^^^^^^^^^^^^^^^
  File "<unknown>", line 3
    print(int(var * 10)
         ^
SyntaxError: '(' was never closed
2025-07-17 23:29:28,718 cblogger [ERROR]: 		Error while extracting code complexity metrics: expected an indented block after 'else' statement on line 8 (<unknown>, line 10)
Traceback (most recent call last):
  File "/root/trabalho_super/QuestionInsight/Etapa_1/codebench-mining-tool/util.py", line 551, in extract_complexity_metrics
    v = ComplexityVisitor.from_code(code)
        ^^^^^^^^^^^^^^^^^^^^^^^^^^^^^^^^^
  File "/root/trabalho_super/venv_jupyter/lib/python3.12/site-packages/radon/visitors.py", line 133, in from_code
    return cls.from_ast(code2ast(code), **kwargs)
                        ^^^^^^^^^^^^^^
  File "/root/trabalho_super/venv_jupyter/lib/python3.12/site-packages/radon/visitors.py", line 48, in code2ast
    return ast.parse(source)
           ^^^^^^^^^^^^^^^^^
  File "/usr/lib/python3.12/ast.py", line 52, in parse
    return compile(source, filename, mode, flags,
           ^^^^^^^^^^^^^^^^^^^^^^^^^^^^^^^^^^^^^^
  File "<unknown>", line 10
    print(round(total,2))
    ^^^^^
IndentationError: expected an indented block after 'else' statement on line 8
2025-07-17 23:29:28,718 cblogger [ERROR]: 		Error while extracting halsted code metrics: expected an indented block after 'else' statement on line 8 (<unknown>, line 10)
Traceback (most recent call last):
  File "/root/trabalho_super/QuestionInsight/Etapa_1/codebench-mining-tool/util.py", line 569, in extract_halstead_metrics
    h = h_visit(code)
        ^^^^^^^^^^^^^
  File "/root/trabalho_super/venv_jupyter/lib/python3.12/site-packages/radon/metrics.py", line 29, in h_visit
    return h_visit_ast(ast.parse(code))
                       ^^^^^^^^^^^^^^^
  File "/usr/lib/python3.12/ast.py", line 52, in parse
    return compile(source, filename, mode, flags,
           ^^^^^^^^^^^^^^^^^^^^^^^^^^^^^^^^^^^^^^
  File "<unknown>", line 10
    print(round(total,2))
    ^^^^^
IndentationError: expected an indented block after 'else' statement on line 8
2025-07-17 23:29:28,723 cblogger [ERROR]: 		Error while extracting code complexity metrics: invalid syntax (<unknown>, line 6)
Traceback (most recent call last):
  File "/root/trabalho_super/QuestionInsight/Etapa_1/codebench-mining-tool/util.py", line 551, in extract_complexity_metrics
    v = ComplexityVisitor.from_code(code)
        ^^^^^^^^^^^^^^^^^^^^^^^^^^^^^^^^^
  File "/root/trabalho_super/venv_jupyter/lib/python3.12/site-packages/radon/visitors.py", line 133, in from_code
    return cls.from_ast(code2ast(code), **kwargs)
                        ^^^^^^^^^^^^^^
  File "/root/trabalho_super/venv_jupyter/lib/python3.12/site-packages/radon/visitors.py", line 48, in code2ast
    return ast.parse(source)
           ^^^^^^^^^^^^^^^^^
  File "/usr/lib/python3.12/ast.py", line 52, in parse
    return compile(source, filename, mode, flags,
           ^^^^^^^^^^^^^^^^^^^^^^^^^^^^^^^^^^^^^^
  File "<unknown>", line 6
    lanche=
           ^
SyntaxError: invalid syntax
2025-07-17 23:29:28,723 cblogger [ERROR]: 		Error while extracting halsted code metrics: invalid syntax (<unknown>, line 6)
Traceback (most recent call last):
  File "/root/trabalho_super/QuestionInsight/Etapa_1/codebench-mining-tool/util.py", line 569, in extract_halstead_metrics
    h = h_visit(code)
        ^^^^^^^^^^^^^
  File "/root/trabalho_super/venv_jupyter/lib/python3.12/site-packages/radon/metrics.py", line 29, in h_visit
    return h_visit_ast(ast.parse(code))
                       ^^^^^^^^^^^^^^^
  File "/usr/lib/python3.12/ast.py", line 52, in parse
    return compile(source, filename, mode, flags,
           ^^^^^^^^^^^^^^^^^^^^^^^^^^^^^^^^^^^^^^
  File "<unknown>", line 6
    lanche=
           ^
SyntaxError: invalid syntax
2025-07-17 23:29:28,752 cblogger [ERROR]: 		Error while extracting code complexity metrics: '(' was never closed (<unknown>, line 10)
Traceback (most recent call last):
  File "/root/trabalho_super/QuestionInsight/Etapa_1/codebench-mining-tool/util.py", line 551, in extract_complexity_metrics
    v = ComplexityVisitor.from_code(code)
        ^^^^^^^^^^^^^^^^^^^^^^^^^^^^^^^^^
  File "/root/trabalho_super/venv_jupyter/lib/python3.12/site-packages/radon/visitors.py", line 133, in from_code
    return cls.from_ast(code2ast(code), **kwargs)
                        ^^^^^^^^^^^^^^
  File "/root/trabalho_super/venv_jupyter/lib/python3.12/site-packages/radon/visitors.py", line 48, in code2ast
    return ast.parse(source)
           ^^^^^^^^^^^^^^^^^
  File "/usr/lib/python3.12/ast.py", line 52, in parse
    return compile(source, filename, mode, flags,
           ^^^^^^^^^^^^^^^^^^^^^^^^^^^^^^^^^^^^^^
  File "<unknown>", line 10
    d=6371.01*acos((sin(t1)*sin(t2)+cos(t1)*cos(t2)*cos(g1-g2))
                  ^
SyntaxError: '(' was never closed
2025-07-17 23:29:28,753 cblogger [ERROR]: 		Error while extracting code size based metrics: SyntaxError at line: 10
Traceback (most recent call last):
  File "/root/trabalho_super/venv_jupyter/lib/python3.12/site-packages/radon/raw.py", line 210, in analyze
    tokens, parsed_lines = _get_all_tokens(line, lines)
                           ^^^^^^^^^^^^^^^^^^^^^^^^^^^^
  File "/root/trabalho_super/venv_jupyter/lib/python3.12/site-packages/radon/raw.py", line 117, in _get_all_tokens
    next_line = next(lines)
                ^^^^^^^^^^^
StopIteration

During handling of the above exception, another exception occurred:

Traceback (most recent call last):
  File "/root/trabalho_super/QuestionInsight/Etapa_1/codebench-mining-tool/util.py", line 560, in extract_size_metrics
    a = analyze(code)
        ^^^^^^^^^^^^^
  File "/root/trabalho_super/venv_jupyter/lib/python3.12/site-packages/radon/raw.py", line 212, in analyze
    raise SyntaxError('SyntaxError at line: {0}'.format(lineno))
SyntaxError: SyntaxError at line: 10
2025-07-17 23:29:28,753 cblogger [ERROR]: 		Error while extracting halsted code metrics: '(' was never closed (<unknown>, line 10)
Traceback (most recent call last):
  File "/root/trabalho_super/QuestionInsight/Etapa_1/codebench-mining-tool/util.py", line 569, in extract_halstead_metrics
    h = h_visit(code)
        ^^^^^^^^^^^^^
  File "/root/trabalho_super/venv_jupyter/lib/python3.12/site-packages/radon/metrics.py", line 29, in h_visit
    return h_visit_ast(ast.parse(code))
                       ^^^^^^^^^^^^^^^
  File "/usr/lib/python3.12/ast.py", line 52, in parse
    return compile(source, filename, mode, flags,
           ^^^^^^^^^^^^^^^^^^^^^^^^^^^^^^^^^^^^^^
  File "<unknown>", line 10
    d=6371.01*acos((sin(t1)*sin(t2)+cos(t1)*cos(t2)*cos(g1-g2))
                  ^
SyntaxError: '(' was never closed
2025-07-17 23:29:28,767 cblogger [ERROR]: 		Error while extracting code complexity metrics: expected an indented block after 'else' statement on line 8 (<unknown>, line 10)
Traceback (most recent call last):
  File "/root/trabalho_super/QuestionInsight/Etapa_1/codebench-mining-tool/util.py", line 551, in extract_complexity_metrics
    v = ComplexityVisitor.from_code(code)
        ^^^^^^^^^^^^^^^^^^^^^^^^^^^^^^^^^
  File "/root/trabalho_super/venv_jupyter/lib/python3.12/site-packages/radon/visitors.py", line 133, in from_code
    return cls.from_ast(code2ast(code), **kwargs)
                        ^^^^^^^^^^^^^^
  File "/root/trabalho_super/venv_jupyter/lib/python3.12/site-packages/radon/visitors.py", line 48, in code2ast
    return ast.parse(source)
           ^^^^^^^^^^^^^^^^^
  File "/usr/lib/python3.12/ast.py", line 52, in parse
    return compile(source, filename, mode, flags,
           ^^^^^^^^^^^^^^^^^^^^^^^^^^^^^^^^^^^^^^
  File "<unknown>", line 10
    print(round(C,2))
    ^^^^^
IndentationError: expected an indented block after 'else' statement on line 8
2025-07-17 23:29:28,768 cblogger [ERROR]: 		Error while extracting halsted code metrics: expected an indented block after 'else' statement on line 8 (<unknown>, line 10)
Traceback (most recent call last):
  File "/root/trabalho_super/QuestionInsight/Etapa_1/codebench-mining-tool/util.py", line 569, in extract_halstead_metrics
    h = h_visit(code)
        ^^^^^^^^^^^^^
  File "/root/trabalho_super/venv_jupyter/lib/python3.12/site-packages/radon/metrics.py", line 29, in h_visit
    return h_visit_ast(ast.parse(code))
                       ^^^^^^^^^^^^^^^
  File "/usr/lib/python3.12/ast.py", line 52, in parse
    return compile(source, filename, mode, flags,
           ^^^^^^^^^^^^^^^^^^^^^^^^^^^^^^^^^^^^^^
  File "<unknown>", line 10
    print(round(C,2))
    ^^^^^
IndentationError: expected an indented block after 'else' statement on line 8
2025-07-17 23:29:28,852 cblogger [ERROR]: 		Error while extracting code complexity metrics: invalid syntax (<unknown>, line 5)
Traceback (most recent call last):
  File "/root/trabalho_super/QuestionInsight/Etapa_1/codebench-mining-tool/util.py", line 551, in extract_complexity_metrics
    v = ComplexityVisitor.from_code(code)
        ^^^^^^^^^^^^^^^^^^^^^^^^^^^^^^^^^
  File "/root/trabalho_super/venv_jupyter/lib/python3.12/site-packages/radon/visitors.py", line 133, in from_code
    return cls.from_ast(code2ast(code), **kwargs)
                        ^^^^^^^^^^^^^^
  File "/root/trabalho_super/venv_jupyter/lib/python3.12/site-packages/radon/visitors.py", line 48, in code2ast
    return ast.parse(source)
           ^^^^^^^^^^^^^^^^^
  File "/usr/lib/python3.12/ast.py", line 52, in parse
    return compile(source, filename, mode, flags,
           ^^^^^^^^^^^^^^^^^^^^^^^^^^^^^^^^^^^^^^
  File "<unknown>", line 5
    	if v[i] != 
    	           ^
SyntaxError: invalid syntax
2025-07-17 23:29:28,853 cblogger [ERROR]: 		Error while extracting halsted code metrics: invalid syntax (<unknown>, line 5)
Traceback (most recent call last):
  File "/root/trabalho_super/QuestionInsight/Etapa_1/codebench-mining-tool/util.py", line 569, in extract_halstead_metrics
    h = h_visit(code)
        ^^^^^^^^^^^^^
  File "/root/trabalho_super/venv_jupyter/lib/python3.12/site-packages/radon/metrics.py", line 29, in h_visit
    return h_visit_ast(ast.parse(code))
                       ^^^^^^^^^^^^^^^
  File "/usr/lib/python3.12/ast.py", line 52, in parse
    return compile(source, filename, mode, flags,
           ^^^^^^^^^^^^^^^^^^^^^^^^^^^^^^^^^^^^^^
  File "<unknown>", line 5
    	if v[i] != 
    	           ^
SyntaxError: invalid syntax
2025-07-17 23:29:28,924 cblogger [ERROR]: 		Error while extracting code complexity metrics: expected an indented block after 'if' statement on line 6 (<unknown>, line 7)
Traceback (most recent call last):
  File "/root/trabalho_super/QuestionInsight/Etapa_1/codebench-mining-tool/util.py", line 551, in extract_complexity_metrics
    v = ComplexityVisitor.from_code(code)
        ^^^^^^^^^^^^^^^^^^^^^^^^^^^^^^^^^
  File "/root/trabalho_super/venv_jupyter/lib/python3.12/site-packages/radon/visitors.py", line 133, in from_code
    return cls.from_ast(code2ast(code), **kwargs)
                        ^^^^^^^^^^^^^^
  File "/root/trabalho_super/venv_jupyter/lib/python3.12/site-packages/radon/visitors.py", line 48, in code2ast
    return ast.parse(source)
           ^^^^^^^^^^^^^^^^^
  File "/usr/lib/python3.12/ast.py", line 52, in parse
    return compile(source, filename, mode, flags,
           ^^^^^^^^^^^^^^^^^^^^^^^^^^^^^^^^^^^^^^
  File "<unknown>", line 7
    		
    		^
IndentationError: expected an indented block after 'if' statement on line 6
2025-07-17 23:29:28,924 cblogger [ERROR]: 		Error while extracting halsted code metrics: expected an indented block after 'if' statement on line 6 (<unknown>, line 7)
Traceback (most recent call last):
  File "/root/trabalho_super/QuestionInsight/Etapa_1/codebench-mining-tool/util.py", line 569, in extract_halstead_metrics
    h = h_visit(code)
        ^^^^^^^^^^^^^
  File "/root/trabalho_super/venv_jupyter/lib/python3.12/site-packages/radon/metrics.py", line 29, in h_visit
    return h_visit_ast(ast.parse(code))
                       ^^^^^^^^^^^^^^^
  File "/usr/lib/python3.12/ast.py", line 52, in parse
    return compile(source, filename, mode, flags,
           ^^^^^^^^^^^^^^^^^^^^^^^^^^^^^^^^^^^^^^
  File "<unknown>", line 7
    		
    		^
IndentationError: expected an indented block after 'if' statement on line 6
2025-07-17 23:29:28,972 cblogger [ERROR]: 		Error while extracting code complexity metrics: invalid syntax (<unknown>, line 2)
Traceback (most recent call last):
  File "/root/trabalho_super/QuestionInsight/Etapa_1/codebench-mining-tool/util.py", line 551, in extract_complexity_metrics
    v = ComplexityVisitor.from_code(code)
        ^^^^^^^^^^^^^^^^^^^^^^^^^^^^^^^^^
  File "/root/trabalho_super/venv_jupyter/lib/python3.12/site-packages/radon/visitors.py", line 133, in from_code
    return cls.from_ast(code2ast(code), **kwargs)
                        ^^^^^^^^^^^^^^
  File "/root/trabalho_super/venv_jupyter/lib/python3.12/site-packages/radon/visitors.py", line 48, in code2ast
    return ast.parse(source)
           ^^^^^^^^^^^^^^^^^
  File "/usr/lib/python3.12/ast.py", line 52, in parse
    return compile(source, filename, mode, flags,
           ^^^^^^^^^^^^^^^^^^^^^^^^^^^^^^^^^^^^^^
  File "<unknown>", line 2
    s = 
        ^
SyntaxError: invalid syntax
2025-07-17 23:29:28,973 cblogger [ERROR]: 		Error while extracting halsted code metrics: invalid syntax (<unknown>, line 2)
Traceback (most recent call last):
  File "/root/trabalho_super/QuestionInsight/Etapa_1/codebench-mining-tool/util.py", line 569, in extract_halstead_metrics
    h = h_visit(code)
        ^^^^^^^^^^^^^
  File "/root/trabalho_super/venv_jupyter/lib/python3.12/site-packages/radon/metrics.py", line 29, in h_visit
    return h_visit_ast(ast.parse(code))
                       ^^^^^^^^^^^^^^^
  File "/usr/lib/python3.12/ast.py", line 52, in parse
    return compile(source, filename, mode, flags,
           ^^^^^^^^^^^^^^^^^^^^^^^^^^^^^^^^^^^^^^
  File "<unknown>", line 2
    s = 
        ^
SyntaxError: invalid syntax
2025-07-17 23:29:28,999 cblogger [ERROR]: 		Error while extracting code complexity metrics: expected an indented block after 'for' statement on line 7 (<unknown>, line 10)
Traceback (most recent call last):
  File "/root/trabalho_super/QuestionInsight/Etapa_1/codebench-mining-tool/util.py", line 551, in extract_complexity_metrics
    v = ComplexityVisitor.from_code(code)
        ^^^^^^^^^^^^^^^^^^^^^^^^^^^^^^^^^
  File "/root/trabalho_super/venv_jupyter/lib/python3.12/site-packages/radon/visitors.py", line 133, in from_code
    return cls.from_ast(code2ast(code), **kwargs)
                        ^^^^^^^^^^^^^^
  File "/root/trabalho_super/venv_jupyter/lib/python3.12/site-packages/radon/visitors.py", line 48, in code2ast
    return ast.parse(source)
           ^^^^^^^^^^^^^^^^^
  File "/usr/lib/python3.12/ast.py", line 52, in parse
    return compile(source, filename, mode, flags,
           ^^^^^^^^^^^^^^^^^^^^^^^^^^^^^^^^^^^^^^
  File "<unknown>", line 10
    print(t)
    ^^^^^
IndentationError: expected an indented block after 'for' statement on line 7
2025-07-17 23:29:29,000 cblogger [ERROR]: 		Error while extracting halsted code metrics: expected an indented block after 'for' statement on line 7 (<unknown>, line 10)
Traceback (most recent call last):
  File "/root/trabalho_super/QuestionInsight/Etapa_1/codebench-mining-tool/util.py", line 569, in extract_halstead_metrics
    h = h_visit(code)
        ^^^^^^^^^^^^^
  File "/root/trabalho_super/venv_jupyter/lib/python3.12/site-packages/radon/metrics.py", line 29, in h_visit
    return h_visit_ast(ast.parse(code))
                       ^^^^^^^^^^^^^^^
  File "/usr/lib/python3.12/ast.py", line 52, in parse
    return compile(source, filename, mode, flags,
           ^^^^^^^^^^^^^^^^^^^^^^^^^^^^^^^^^^^^^^
  File "<unknown>", line 10
    print(t)
    ^^^^^
IndentationError: expected an indented block after 'for' statement on line 7
2025-07-17 23:29:29,034 cblogger [ERROR]: 		Error while extracting code complexity metrics: expected an indented block after 'if' statement on line 2 (<unknown>, line 5)
Traceback (most recent call last):
  File "/root/trabalho_super/QuestionInsight/Etapa_1/codebench-mining-tool/util.py", line 551, in extract_complexity_metrics
    v = ComplexityVisitor.from_code(code)
        ^^^^^^^^^^^^^^^^^^^^^^^^^^^^^^^^^
  File "/root/trabalho_super/venv_jupyter/lib/python3.12/site-packages/radon/visitors.py", line 133, in from_code
    return cls.from_ast(code2ast(code), **kwargs)
                        ^^^^^^^^^^^^^^
  File "/root/trabalho_super/venv_jupyter/lib/python3.12/site-packages/radon/visitors.py", line 48, in code2ast
    return ast.parse(source)
           ^^^^^^^^^^^^^^^^^
  File "/usr/lib/python3.12/ast.py", line 52, in parse
    return compile(source, filename, mode, flags,
           ^^^^^^^^^^^^^^^^^^^^^^^^^^^^^^^^^^^^^^
  File "<unknown>", line 5
    
    ^
IndentationError: expected an indented block after 'if' statement on line 2
2025-07-17 23:29:29,035 cblogger [ERROR]: 		Error while extracting halsted code metrics: expected an indented block after 'if' statement on line 2 (<unknown>, line 5)
Traceback (most recent call last):
  File "/root/trabalho_super/QuestionInsight/Etapa_1/codebench-mining-tool/util.py", line 569, in extract_halstead_metrics
    h = h_visit(code)
        ^^^^^^^^^^^^^
  File "/root/trabalho_super/venv_jupyter/lib/python3.12/site-packages/radon/metrics.py", line 29, in h_visit
    return h_visit_ast(ast.parse(code))
                       ^^^^^^^^^^^^^^^
  File "/usr/lib/python3.12/ast.py", line 52, in parse
    return compile(source, filename, mode, flags,
           ^^^^^^^^^^^^^^^^^^^^^^^^^^^^^^^^^^^^^^
  File "<unknown>", line 5
    
    ^
IndentationError: expected an indented block after 'if' statement on line 2
2025-07-17 23:29:29,040 cblogger [ERROR]: 		Error while extracting code complexity metrics: invalid syntax (<unknown>, line 6)
Traceback (most recent call last):
  File "/root/trabalho_super/QuestionInsight/Etapa_1/codebench-mining-tool/util.py", line 551, in extract_complexity_metrics
    v = ComplexityVisitor.from_code(code)
        ^^^^^^^^^^^^^^^^^^^^^^^^^^^^^^^^^
  File "/root/trabalho_super/venv_jupyter/lib/python3.12/site-packages/radon/visitors.py", line 133, in from_code
    return cls.from_ast(code2ast(code), **kwargs)
                        ^^^^^^^^^^^^^^
  File "/root/trabalho_super/venv_jupyter/lib/python3.12/site-packages/radon/visitors.py", line 48, in code2ast
    return ast.parse(source)
           ^^^^^^^^^^^^^^^^^
  File "/usr/lib/python3.12/ast.py", line 52, in parse
    return compile(source, filename, mode, flags,
           ^^^^^^^^^^^^^^^^^^^^^^^^^^^^^^^^^^^^^^
  File "<unknown>", line 6
    if: valor da renda (100.00 < 25/100)
      ^
SyntaxError: invalid syntax
2025-07-17 23:29:29,041 cblogger [ERROR]: 		Error while extracting halsted code metrics: invalid syntax (<unknown>, line 6)
Traceback (most recent call last):
  File "/root/trabalho_super/QuestionInsight/Etapa_1/codebench-mining-tool/util.py", line 569, in extract_halstead_metrics
    h = h_visit(code)
        ^^^^^^^^^^^^^
  File "/root/trabalho_super/venv_jupyter/lib/python3.12/site-packages/radon/metrics.py", line 29, in h_visit
    return h_visit_ast(ast.parse(code))
                       ^^^^^^^^^^^^^^^
  File "/usr/lib/python3.12/ast.py", line 52, in parse
    return compile(source, filename, mode, flags,
           ^^^^^^^^^^^^^^^^^^^^^^^^^^^^^^^^^^^^^^
  File "<unknown>", line 6
    if: valor da renda (100.00 < 25/100)
      ^
SyntaxError: invalid syntax
2025-07-17 23:29:29,047 cblogger [ERROR]: 		Error while extracting code complexity metrics: invalid syntax (<unknown>, line 2)
Traceback (most recent call last):
  File "/root/trabalho_super/QuestionInsight/Etapa_1/codebench-mining-tool/util.py", line 551, in extract_complexity_metrics
    v = ComplexityVisitor.from_code(code)
        ^^^^^^^^^^^^^^^^^^^^^^^^^^^^^^^^^
  File "/root/trabalho_super/venv_jupyter/lib/python3.12/site-packages/radon/visitors.py", line 133, in from_code
    return cls.from_ast(code2ast(code), **kwargs)
                        ^^^^^^^^^^^^^^
  File "/root/trabalho_super/venv_jupyter/lib/python3.12/site-packages/radon/visitors.py", line 48, in code2ast
    return ast.parse(source)
           ^^^^^^^^^^^^^^^^^
  File "/usr/lib/python3.12/ast.py", line 52, in parse
    return compile(source, filename, mode, flags,
           ^^^^^^^^^^^^^^^^^^^^^^^^^^^^^^^^^^^^^^
  File "<unknown>", line 2
    qtda_recebido =
                   ^
SyntaxError: invalid syntax
2025-07-17 23:29:29,047 cblogger [ERROR]: 		Error while extracting halsted code metrics: invalid syntax (<unknown>, line 2)
Traceback (most recent call last):
  File "/root/trabalho_super/QuestionInsight/Etapa_1/codebench-mining-tool/util.py", line 569, in extract_halstead_metrics
    h = h_visit(code)
        ^^^^^^^^^^^^^
  File "/root/trabalho_super/venv_jupyter/lib/python3.12/site-packages/radon/metrics.py", line 29, in h_visit
    return h_visit_ast(ast.parse(code))
                       ^^^^^^^^^^^^^^^
  File "/usr/lib/python3.12/ast.py", line 52, in parse
    return compile(source, filename, mode, flags,
           ^^^^^^^^^^^^^^^^^^^^^^^^^^^^^^^^^^^^^^
  File "<unknown>", line 2
    qtda_recebido =
                   ^
SyntaxError: invalid syntax
2025-07-17 23:29:29,073 cblogger [ERROR]: 		Error while extracting code complexity metrics: invalid syntax (<unknown>, line 3)
Traceback (most recent call last):
  File "/root/trabalho_super/QuestionInsight/Etapa_1/codebench-mining-tool/util.py", line 551, in extract_complexity_metrics
    v = ComplexityVisitor.from_code(code)
        ^^^^^^^^^^^^^^^^^^^^^^^^^^^^^^^^^
  File "/root/trabalho_super/venv_jupyter/lib/python3.12/site-packages/radon/visitors.py", line 133, in from_code
    return cls.from_ast(code2ast(code), **kwargs)
                        ^^^^^^^^^^^^^^
  File "/root/trabalho_super/venv_jupyter/lib/python3.12/site-packages/radon/visitors.py", line 48, in code2ast
    return ast.parse(source)
           ^^^^^^^^^^^^^^^^^
  File "/usr/lib/python3.12/ast.py", line 52, in parse
    return compile(source, filename, mode, flags,
           ^^^^^^^^^^^^^^^^^^^^^^^^^^^^^^^^^^^^^^
  File "<unknown>", line 3
    if: 
      ^
SyntaxError: invalid syntax
2025-07-17 23:29:29,074 cblogger [ERROR]: 		Error while extracting halsted code metrics: invalid syntax (<unknown>, line 3)
Traceback (most recent call last):
  File "/root/trabalho_super/QuestionInsight/Etapa_1/codebench-mining-tool/util.py", line 569, in extract_halstead_metrics
    h = h_visit(code)
        ^^^^^^^^^^^^^
  File "/root/trabalho_super/venv_jupyter/lib/python3.12/site-packages/radon/metrics.py", line 29, in h_visit
    return h_visit_ast(ast.parse(code))
                       ^^^^^^^^^^^^^^^
  File "/usr/lib/python3.12/ast.py", line 52, in parse
    return compile(source, filename, mode, flags,
           ^^^^^^^^^^^^^^^^^^^^^^^^^^^^^^^^^^^^^^
  File "<unknown>", line 3
    if: 
      ^
SyntaxError: invalid syntax
2025-07-17 23:29:29,078 cblogger [ERROR]: 		Error while extracting code complexity metrics: unmatched ')' (<unknown>, line 3)
Traceback (most recent call last):
  File "/root/trabalho_super/QuestionInsight/Etapa_1/codebench-mining-tool/util.py", line 551, in extract_complexity_metrics
    v = ComplexityVisitor.from_code(code)
        ^^^^^^^^^^^^^^^^^^^^^^^^^^^^^^^^^
  File "/root/trabalho_super/venv_jupyter/lib/python3.12/site-packages/radon/visitors.py", line 133, in from_code
    return cls.from_ast(code2ast(code), **kwargs)
                        ^^^^^^^^^^^^^^
  File "/root/trabalho_super/venv_jupyter/lib/python3.12/site-packages/radon/visitors.py", line 48, in code2ast
    return ast.parse(source)
           ^^^^^^^^^^^^^^^^^
  File "/usr/lib/python3.12/ast.py", line 52, in parse
    return compile(source, filename, mode, flags,
           ^^^^^^^^^^^^^^^^^^^^^^^^^^^^^^^^^^^^^^
  File "<unknown>", line 3
    for i in range(n,-1,-1)):
                           ^
SyntaxError: unmatched ')'
2025-07-17 23:29:29,078 cblogger [ERROR]: 		Error while extracting halsted code metrics: unmatched ')' (<unknown>, line 3)
Traceback (most recent call last):
  File "/root/trabalho_super/QuestionInsight/Etapa_1/codebench-mining-tool/util.py", line 569, in extract_halstead_metrics
    h = h_visit(code)
        ^^^^^^^^^^^^^
  File "/root/trabalho_super/venv_jupyter/lib/python3.12/site-packages/radon/metrics.py", line 29, in h_visit
    return h_visit_ast(ast.parse(code))
                       ^^^^^^^^^^^^^^^
  File "/usr/lib/python3.12/ast.py", line 52, in parse
    return compile(source, filename, mode, flags,
           ^^^^^^^^^^^^^^^^^^^^^^^^^^^^^^^^^^^^^^
  File "<unknown>", line 3
    for i in range(n,-1,-1)):
                           ^
SyntaxError: unmatched ')'
2025-07-17 23:29:29,083 cblogger [ERROR]: 		Error while extracting code complexity metrics: '(' was never closed (<unknown>, line 1)
Traceback (most recent call last):
  File "/root/trabalho_super/QuestionInsight/Etapa_1/codebench-mining-tool/util.py", line 551, in extract_complexity_metrics
    v = ComplexityVisitor.from_code(code)
        ^^^^^^^^^^^^^^^^^^^^^^^^^^^^^^^^^
  File "/root/trabalho_super/venv_jupyter/lib/python3.12/site-packages/radon/visitors.py", line 133, in from_code
    return cls.from_ast(code2ast(code), **kwargs)
                        ^^^^^^^^^^^^^^
  File "/root/trabalho_super/venv_jupyter/lib/python3.12/site-packages/radon/visitors.py", line 48, in code2ast
    return ast.parse(source)
           ^^^^^^^^^^^^^^^^^
  File "/usr/lib/python3.12/ast.py", line 52, in parse
    return compile(source, filename, mode, flags,
           ^^^^^^^^^^^^^^^^^^^^^^^^^^^^^^^^^^^^^^
  File "<unknown>", line 1
    input(60*23
         ^
SyntaxError: '(' was never closed
2025-07-17 23:29:29,084 cblogger [ERROR]: 		Error while extracting code size based metrics: SyntaxError at line: 1
Traceback (most recent call last):
  File "/root/trabalho_super/venv_jupyter/lib/python3.12/site-packages/radon/raw.py", line 210, in analyze
    tokens, parsed_lines = _get_all_tokens(line, lines)
                           ^^^^^^^^^^^^^^^^^^^^^^^^^^^^
  File "/root/trabalho_super/venv_jupyter/lib/python3.12/site-packages/radon/raw.py", line 117, in _get_all_tokens
    next_line = next(lines)
                ^^^^^^^^^^^
StopIteration

During handling of the above exception, another exception occurred:

Traceback (most recent call last):
  File "/root/trabalho_super/QuestionInsight/Etapa_1/codebench-mining-tool/util.py", line 560, in extract_size_metrics
    a = analyze(code)
        ^^^^^^^^^^^^^
  File "/root/trabalho_super/venv_jupyter/lib/python3.12/site-packages/radon/raw.py", line 212, in analyze
    raise SyntaxError('SyntaxError at line: {0}'.format(lineno))
SyntaxError: SyntaxError at line: 1
2025-07-17 23:29:29,084 cblogger [ERROR]: 		Error while extracting halsted code metrics: '(' was never closed (<unknown>, line 1)
Traceback (most recent call last):
  File "/root/trabalho_super/QuestionInsight/Etapa_1/codebench-mining-tool/util.py", line 569, in extract_halstead_metrics
    h = h_visit(code)
        ^^^^^^^^^^^^^
  File "/root/trabalho_super/venv_jupyter/lib/python3.12/site-packages/radon/metrics.py", line 29, in h_visit
    return h_visit_ast(ast.parse(code))
                       ^^^^^^^^^^^^^^^
  File "/usr/lib/python3.12/ast.py", line 52, in parse
    return compile(source, filename, mode, flags,
           ^^^^^^^^^^^^^^^^^^^^^^^^^^^^^^^^^^^^^^
  File "<unknown>", line 1
    input(60*23
         ^
SyntaxError: '(' was never closed
2025-07-17 23:29:29,096 cblogger [ERROR]: 		Error while extracting code complexity metrics: invalid syntax (<unknown>, line 2)
Traceback (most recent call last):
  File "/root/trabalho_super/QuestionInsight/Etapa_1/codebench-mining-tool/util.py", line 551, in extract_complexity_metrics
    v = ComplexityVisitor.from_code(code)
        ^^^^^^^^^^^^^^^^^^^^^^^^^^^^^^^^^
  File "/root/trabalho_super/venv_jupyter/lib/python3.12/site-packages/radon/visitors.py", line 133, in from_code
    return cls.from_ast(code2ast(code), **kwargs)
                        ^^^^^^^^^^^^^^
  File "/root/trabalho_super/venv_jupyter/lib/python3.12/site-packages/radon/visitors.py", line 48, in code2ast
    return ast.parse(source)
           ^^^^^^^^^^^^^^^^^
  File "/usr/lib/python3.12/ast.py", line 52, in parse
    return compile(source, filename, mode, flags,
           ^^^^^^^^^^^^^^^^^^^^^^^^^^^^^^^^^^^^^^
  File "<unknown>", line 2
    print(round(,2))
                ^
SyntaxError: invalid syntax
2025-07-17 23:29:29,097 cblogger [ERROR]: 		Error while extracting halsted code metrics: invalid syntax (<unknown>, line 2)
Traceback (most recent call last):
  File "/root/trabalho_super/QuestionInsight/Etapa_1/codebench-mining-tool/util.py", line 569, in extract_halstead_metrics
    h = h_visit(code)
        ^^^^^^^^^^^^^
  File "/root/trabalho_super/venv_jupyter/lib/python3.12/site-packages/radon/metrics.py", line 29, in h_visit
    return h_visit_ast(ast.parse(code))
                       ^^^^^^^^^^^^^^^
  File "/usr/lib/python3.12/ast.py", line 52, in parse
    return compile(source, filename, mode, flags,
           ^^^^^^^^^^^^^^^^^^^^^^^^^^^^^^^^^^^^^^
  File "<unknown>", line 2
    print(round(,2))
                ^
SyntaxError: invalid syntax
2025-07-17 23:29:29,099 cblogger [ERROR]: 		Error while extracting code complexity metrics: expected an indented block after 'while' statement on line 9 (<unknown>, line 10)
Traceback (most recent call last):
  File "/root/trabalho_super/QuestionInsight/Etapa_1/codebench-mining-tool/util.py", line 551, in extract_complexity_metrics
    v = ComplexityVisitor.from_code(code)
        ^^^^^^^^^^^^^^^^^^^^^^^^^^^^^^^^^
  File "/root/trabalho_super/venv_jupyter/lib/python3.12/site-packages/radon/visitors.py", line 133, in from_code
    return cls.from_ast(code2ast(code), **kwargs)
                        ^^^^^^^^^^^^^^
  File "/root/trabalho_super/venv_jupyter/lib/python3.12/site-packages/radon/visitors.py", line 48, in code2ast
    return ast.parse(source)
           ^^^^^^^^^^^^^^^^^
  File "/usr/lib/python3.12/ast.py", line 52, in parse
    return compile(source, filename, mode, flags,
           ^^^^^^^^^^^^^^^^^^^^^^^^^^^^^^^^^^^^^^
  File "<unknown>", line 10
    soma = soma + n
IndentationError: expected an indented block after 'while' statement on line 9
2025-07-17 23:29:29,100 cblogger [ERROR]: 		Error while extracting halsted code metrics: expected an indented block after 'while' statement on line 9 (<unknown>, line 10)
Traceback (most recent call last):
  File "/root/trabalho_super/QuestionInsight/Etapa_1/codebench-mining-tool/util.py", line 569, in extract_halstead_metrics
    h = h_visit(code)
        ^^^^^^^^^^^^^
  File "/root/trabalho_super/venv_jupyter/lib/python3.12/site-packages/radon/metrics.py", line 29, in h_visit
    return h_visit_ast(ast.parse(code))
                       ^^^^^^^^^^^^^^^
  File "/usr/lib/python3.12/ast.py", line 52, in parse
    return compile(source, filename, mode, flags,
           ^^^^^^^^^^^^^^^^^^^^^^^^^^^^^^^^^^^^^^
  File "<unknown>", line 10
    soma = soma + n
IndentationError: expected an indented block after 'while' statement on line 9
2025-07-17 23:29:29,112 cblogger [ERROR]: 		Error while extracting code complexity metrics: expected ':' (<unknown>, line 7)
Traceback (most recent call last):
  File "/root/trabalho_super/QuestionInsight/Etapa_1/codebench-mining-tool/util.py", line 551, in extract_complexity_metrics
    v = ComplexityVisitor.from_code(code)
        ^^^^^^^^^^^^^^^^^^^^^^^^^^^^^^^^^
  File "/root/trabalho_super/venv_jupyter/lib/python3.12/site-packages/radon/visitors.py", line 133, in from_code
    return cls.from_ast(code2ast(code), **kwargs)
                        ^^^^^^^^^^^^^^
  File "/root/trabalho_super/venv_jupyter/lib/python3.12/site-packages/radon/visitors.py", line 48, in code2ast
    return ast.parse(source)
           ^^^^^^^^^^^^^^^^^
  File "/usr/lib/python3.12/ast.py", line 52, in parse
    return compile(source, filename, mode, flags,
           ^^^^^^^^^^^^^^^^^^^^^^^^^^^^^^^^^^^^^^
  File "<unknown>", line 7
    if (num % 2 == 0)
                     ^
SyntaxError: expected ':'
2025-07-17 23:29:29,113 cblogger [ERROR]: 		Error while extracting halsted code metrics: expected ':' (<unknown>, line 7)
Traceback (most recent call last):
  File "/root/trabalho_super/QuestionInsight/Etapa_1/codebench-mining-tool/util.py", line 569, in extract_halstead_metrics
    h = h_visit(code)
        ^^^^^^^^^^^^^
  File "/root/trabalho_super/venv_jupyter/lib/python3.12/site-packages/radon/metrics.py", line 29, in h_visit
    return h_visit_ast(ast.parse(code))
                       ^^^^^^^^^^^^^^^
  File "/usr/lib/python3.12/ast.py", line 52, in parse
    return compile(source, filename, mode, flags,
           ^^^^^^^^^^^^^^^^^^^^^^^^^^^^^^^^^^^^^^
  File "<unknown>", line 7
    if (num % 2 == 0)
                     ^
SyntaxError: expected ':'
2025-07-17 23:29:29,153 cblogger [ERROR]: 		Error while extracting code complexity metrics: '(' was never closed (<unknown>, line 4)
Traceback (most recent call last):
  File "/root/trabalho_super/QuestionInsight/Etapa_1/codebench-mining-tool/util.py", line 551, in extract_complexity_metrics
    v = ComplexityVisitor.from_code(code)
        ^^^^^^^^^^^^^^^^^^^^^^^^^^^^^^^^^
  File "/root/trabalho_super/venv_jupyter/lib/python3.12/site-packages/radon/visitors.py", line 133, in from_code
    return cls.from_ast(code2ast(code), **kwargs)
                        ^^^^^^^^^^^^^^
  File "/root/trabalho_super/venv_jupyter/lib/python3.12/site-packages/radon/visitors.py", line 48, in code2ast
    return ast.parse(source)
           ^^^^^^^^^^^^^^^^^
  File "/usr/lib/python3.12/ast.py", line 52, in parse
    return compile(source, filename, mode, flags,
           ^^^^^^^^^^^^^^^^^^^^^^^^^^^^^^^^^^^^^^
  File "<unknown>", line 4
    print(round((((a*a)+(b*b)+(c*c))/(a+b+c)),7)
         ^
SyntaxError: '(' was never closed
2025-07-17 23:29:29,153 cblogger [ERROR]: 		Error while extracting code size based metrics: SyntaxError at line: 4
Traceback (most recent call last):
  File "/root/trabalho_super/venv_jupyter/lib/python3.12/site-packages/radon/raw.py", line 210, in analyze
    tokens, parsed_lines = _get_all_tokens(line, lines)
                           ^^^^^^^^^^^^^^^^^^^^^^^^^^^^
  File "/root/trabalho_super/venv_jupyter/lib/python3.12/site-packages/radon/raw.py", line 117, in _get_all_tokens
    next_line = next(lines)
                ^^^^^^^^^^^
StopIteration

During handling of the above exception, another exception occurred:

Traceback (most recent call last):
  File "/root/trabalho_super/QuestionInsight/Etapa_1/codebench-mining-tool/util.py", line 560, in extract_size_metrics
    a = analyze(code)
        ^^^^^^^^^^^^^
  File "/root/trabalho_super/venv_jupyter/lib/python3.12/site-packages/radon/raw.py", line 212, in analyze
    raise SyntaxError('SyntaxError at line: {0}'.format(lineno))
SyntaxError: SyntaxError at line: 4
2025-07-17 23:29:29,154 cblogger [ERROR]: 		Error while extracting halsted code metrics: '(' was never closed (<unknown>, line 4)
Traceback (most recent call last):
  File "/root/trabalho_super/QuestionInsight/Etapa_1/codebench-mining-tool/util.py", line 569, in extract_halstead_metrics
    h = h_visit(code)
        ^^^^^^^^^^^^^
  File "/root/trabalho_super/venv_jupyter/lib/python3.12/site-packages/radon/metrics.py", line 29, in h_visit
    return h_visit_ast(ast.parse(code))
                       ^^^^^^^^^^^^^^^
  File "/usr/lib/python3.12/ast.py", line 52, in parse
    return compile(source, filename, mode, flags,
           ^^^^^^^^^^^^^^^^^^^^^^^^^^^^^^^^^^^^^^
  File "<unknown>", line 4
    print(round((((a*a)+(b*b)+(c*c))/(a+b+c)),7)
         ^
SyntaxError: '(' was never closed
2025-07-17 23:29:29,190 cblogger [ERROR]: 		Error while extracting code complexity metrics: '(' was never closed (<unknown>, line 12)
Traceback (most recent call last):
  File "/root/trabalho_super/QuestionInsight/Etapa_1/codebench-mining-tool/util.py", line 551, in extract_complexity_metrics
    v = ComplexityVisitor.from_code(code)
        ^^^^^^^^^^^^^^^^^^^^^^^^^^^^^^^^^
  File "/root/trabalho_super/venv_jupyter/lib/python3.12/site-packages/radon/visitors.py", line 133, in from_code
    return cls.from_ast(code2ast(code), **kwargs)
                        ^^^^^^^^^^^^^^
  File "/root/trabalho_super/venv_jupyter/lib/python3.12/site-packages/radon/visitors.py", line 48, in code2ast
    return ast.parse(source)
           ^^^^^^^^^^^^^^^^^
  File "/usr/lib/python3.12/ast.py", line 52, in parse
    return compile(source, filename, mode, flags,
           ^^^^^^^^^^^^^^^^^^^^^^^^^^^^^^^^^^^^^^
  File "<unknown>", line 12
    h = float(input("Digite o nivel de combustivel: ")
             ^
SyntaxError: '(' was never closed
2025-07-17 23:29:29,192 cblogger [ERROR]: 		Error while extracting code size based metrics: SyntaxError at line: 12
Traceback (most recent call last):
  File "/root/trabalho_super/venv_jupyter/lib/python3.12/site-packages/radon/raw.py", line 210, in analyze
    tokens, parsed_lines = _get_all_tokens(line, lines)
                           ^^^^^^^^^^^^^^^^^^^^^^^^^^^^
  File "/root/trabalho_super/venv_jupyter/lib/python3.12/site-packages/radon/raw.py", line 117, in _get_all_tokens
    next_line = next(lines)
                ^^^^^^^^^^^
StopIteration

During handling of the above exception, another exception occurred:

Traceback (most recent call last):
  File "/root/trabalho_super/QuestionInsight/Etapa_1/codebench-mining-tool/util.py", line 560, in extract_size_metrics
    a = analyze(code)
        ^^^^^^^^^^^^^
  File "/root/trabalho_super/venv_jupyter/lib/python3.12/site-packages/radon/raw.py", line 212, in analyze
    raise SyntaxError('SyntaxError at line: {0}'.format(lineno))
SyntaxError: SyntaxError at line: 12
2025-07-17 23:29:29,193 cblogger [ERROR]: 		Error while extracting halsted code metrics: '(' was never closed (<unknown>, line 12)
Traceback (most recent call last):
  File "/root/trabalho_super/QuestionInsight/Etapa_1/codebench-mining-tool/util.py", line 569, in extract_halstead_metrics
    h = h_visit(code)
        ^^^^^^^^^^^^^
  File "/root/trabalho_super/venv_jupyter/lib/python3.12/site-packages/radon/metrics.py", line 29, in h_visit
    return h_visit_ast(ast.parse(code))
                       ^^^^^^^^^^^^^^^
  File "/usr/lib/python3.12/ast.py", line 52, in parse
    return compile(source, filename, mode, flags,
           ^^^^^^^^^^^^^^^^^^^^^^^^^^^^^^^^^^^^^^
  File "<unknown>", line 12
    h = float(input("Digite o nivel de combustivel: ")
             ^
SyntaxError: '(' was never closed
2025-07-17 23:29:29,229 cblogger [ERROR]: 		Error while extracting code complexity metrics: '(' was never closed (<unknown>, line 6)
Traceback (most recent call last):
  File "/root/trabalho_super/QuestionInsight/Etapa_1/codebench-mining-tool/util.py", line 551, in extract_complexity_metrics
    v = ComplexityVisitor.from_code(code)
        ^^^^^^^^^^^^^^^^^^^^^^^^^^^^^^^^^
  File "/root/trabalho_super/venv_jupyter/lib/python3.12/site-packages/radon/visitors.py", line 133, in from_code
    return cls.from_ast(code2ast(code), **kwargs)
                        ^^^^^^^^^^^^^^
  File "/root/trabalho_super/venv_jupyter/lib/python3.12/site-packages/radon/visitors.py", line 48, in code2ast
    return ast.parse(source)
           ^^^^^^^^^^^^^^^^^
  File "/usr/lib/python3.12/ast.py", line 52, in parse
    return compile(source, filename, mode, flags,
           ^^^^^^^^^^^^^^^^^^^^^^^^^^^^^^^^^^^^^^
  File "<unknown>", line 6
    h = float(input("Digite o nivel de combustivel: ")
             ^
SyntaxError: '(' was never closed
2025-07-17 23:29:29,231 cblogger [ERROR]: 		Error while extracting code size based metrics: SyntaxError at line: 6
Traceback (most recent call last):
  File "/root/trabalho_super/venv_jupyter/lib/python3.12/site-packages/radon/raw.py", line 210, in analyze
    tokens, parsed_lines = _get_all_tokens(line, lines)
                           ^^^^^^^^^^^^^^^^^^^^^^^^^^^^
  File "/root/trabalho_super/venv_jupyter/lib/python3.12/site-packages/radon/raw.py", line 117, in _get_all_tokens
    next_line = next(lines)
                ^^^^^^^^^^^
StopIteration

During handling of the above exception, another exception occurred:

Traceback (most recent call last):
  File "/root/trabalho_super/QuestionInsight/Etapa_1/codebench-mining-tool/util.py", line 560, in extract_size_metrics
    a = analyze(code)
        ^^^^^^^^^^^^^
  File "/root/trabalho_super/venv_jupyter/lib/python3.12/site-packages/radon/raw.py", line 212, in analyze
    raise SyntaxError('SyntaxError at line: {0}'.format(lineno))
SyntaxError: SyntaxError at line: 6
2025-07-17 23:29:29,232 cblogger [ERROR]: 		Error while extracting halsted code metrics: '(' was never closed (<unknown>, line 6)
Traceback (most recent call last):
  File "/root/trabalho_super/QuestionInsight/Etapa_1/codebench-mining-tool/util.py", line 569, in extract_halstead_metrics
    h = h_visit(code)
        ^^^^^^^^^^^^^
  File "/root/trabalho_super/venv_jupyter/lib/python3.12/site-packages/radon/metrics.py", line 29, in h_visit
    return h_visit_ast(ast.parse(code))
                       ^^^^^^^^^^^^^^^
  File "/usr/lib/python3.12/ast.py", line 52, in parse
    return compile(source, filename, mode, flags,
           ^^^^^^^^^^^^^^^^^^^^^^^^^^^^^^^^^^^^^^
  File "<unknown>", line 6
    h = float(input("Digite o nivel de combustivel: ")
             ^
SyntaxError: '(' was never closed
2025-07-17 23:29:29,278 cblogger [ERROR]: 		Error while extracting code complexity metrics: invalid syntax (<unknown>, line 3)
Traceback (most recent call last):
  File "/root/trabalho_super/QuestionInsight/Etapa_1/codebench-mining-tool/util.py", line 551, in extract_complexity_metrics
    v = ComplexityVisitor.from_code(code)
        ^^^^^^^^^^^^^^^^^^^^^^^^^^^^^^^^^
  File "/root/trabalho_super/venv_jupyter/lib/python3.12/site-packages/radon/visitors.py", line 133, in from_code
    return cls.from_ast(code2ast(code), **kwargs)
                        ^^^^^^^^^^^^^^
  File "/root/trabalho_super/venv_jupyter/lib/python3.12/site-packages/radon/visitors.py", line 48, in code2ast
    return ast.parse(source)
           ^^^^^^^^^^^^^^^^^
  File "/usr/lib/python3.12/ast.py", line 52, in parse
    return compile(source, filename, mode, flags,
           ^^^^^^^^^^^^^^^^^^^^^^^^^^^^^^^^^^^^^^
  File "<unknown>", line 3
    partidas =  
                ^
SyntaxError: invalid syntax
2025-07-17 23:29:29,279 cblogger [ERROR]: 		Error while extracting halsted code metrics: invalid syntax (<unknown>, line 3)
Traceback (most recent call last):
  File "/root/trabalho_super/QuestionInsight/Etapa_1/codebench-mining-tool/util.py", line 569, in extract_halstead_metrics
    h = h_visit(code)
        ^^^^^^^^^^^^^
  File "/root/trabalho_super/venv_jupyter/lib/python3.12/site-packages/radon/metrics.py", line 29, in h_visit
    return h_visit_ast(ast.parse(code))
                       ^^^^^^^^^^^^^^^
  File "/usr/lib/python3.12/ast.py", line 52, in parse
    return compile(source, filename, mode, flags,
           ^^^^^^^^^^^^^^^^^^^^^^^^^^^^^^^^^^^^^^
  File "<unknown>", line 3
    partidas =  
                ^
SyntaxError: invalid syntax
2025-07-17 23:29:29,695 cblogger [ERROR]: 		Error while extracting code complexity metrics: '(' was never closed (<unknown>, line 6)
Traceback (most recent call last):
  File "/root/trabalho_super/QuestionInsight/Etapa_1/codebench-mining-tool/util.py", line 551, in extract_complexity_metrics
    v = ComplexityVisitor.from_code(code)
        ^^^^^^^^^^^^^^^^^^^^^^^^^^^^^^^^^
  File "/root/trabalho_super/venv_jupyter/lib/python3.12/site-packages/radon/visitors.py", line 133, in from_code
    return cls.from_ast(code2ast(code), **kwargs)
                        ^^^^^^^^^^^^^^
  File "/root/trabalho_super/venv_jupyter/lib/python3.12/site-packages/radon/visitors.py", line 48, in code2ast
    return ast.parse(source)
           ^^^^^^^^^^^^^^^^^
  File "/usr/lib/python3.12/ast.py", line 52, in parse
    return compile(source, filename, mode, flags,
           ^^^^^^^^^^^^^^^^^^^^^^^^^^^^^^^^^^^^^^
  File "<unknown>", line 6
    	if(num==
    	  ^
SyntaxError: '(' was never closed
2025-07-17 23:29:29,695 cblogger [ERROR]: 		Error while extracting code size based metrics: SyntaxError at line: 6
Traceback (most recent call last):
  File "/root/trabalho_super/venv_jupyter/lib/python3.12/site-packages/radon/raw.py", line 210, in analyze
    tokens, parsed_lines = _get_all_tokens(line, lines)
                           ^^^^^^^^^^^^^^^^^^^^^^^^^^^^
  File "/root/trabalho_super/venv_jupyter/lib/python3.12/site-packages/radon/raw.py", line 117, in _get_all_tokens
    next_line = next(lines)
                ^^^^^^^^^^^
StopIteration

During handling of the above exception, another exception occurred:

Traceback (most recent call last):
  File "/root/trabalho_super/QuestionInsight/Etapa_1/codebench-mining-tool/util.py", line 560, in extract_size_metrics
    a = analyze(code)
        ^^^^^^^^^^^^^
  File "/root/trabalho_super/venv_jupyter/lib/python3.12/site-packages/radon/raw.py", line 212, in analyze
    raise SyntaxError('SyntaxError at line: {0}'.format(lineno))
SyntaxError: SyntaxError at line: 6
2025-07-17 23:29:29,696 cblogger [ERROR]: 		Error while extracting halsted code metrics: '(' was never closed (<unknown>, line 6)
Traceback (most recent call last):
  File "/root/trabalho_super/QuestionInsight/Etapa_1/codebench-mining-tool/util.py", line 569, in extract_halstead_metrics
    h = h_visit(code)
        ^^^^^^^^^^^^^
  File "/root/trabalho_super/venv_jupyter/lib/python3.12/site-packages/radon/metrics.py", line 29, in h_visit
    return h_visit_ast(ast.parse(code))
                       ^^^^^^^^^^^^^^^
  File "/usr/lib/python3.12/ast.py", line 52, in parse
    return compile(source, filename, mode, flags,
           ^^^^^^^^^^^^^^^^^^^^^^^^^^^^^^^^^^^^^^
  File "<unknown>", line 6
    	if(num==
    	  ^
SyntaxError: '(' was never closed
2025-07-17 23:29:29,777 cblogger [ERROR]: 		Error while extracting code complexity metrics: invalid non-printable character U+00A0 (<unknown>, line 12)
Traceback (most recent call last):
  File "/root/trabalho_super/QuestionInsight/Etapa_1/codebench-mining-tool/util.py", line 551, in extract_complexity_metrics
    v = ComplexityVisitor.from_code(code)
        ^^^^^^^^^^^^^^^^^^^^^^^^^^^^^^^^^
  File "/root/trabalho_super/venv_jupyter/lib/python3.12/site-packages/radon/visitors.py", line 133, in from_code
    return cls.from_ast(code2ast(code), **kwargs)
                        ^^^^^^^^^^^^^^
  File "/root/trabalho_super/venv_jupyter/lib/python3.12/site-packages/radon/visitors.py", line 48, in code2ast
    return ast.parse(source)
           ^^^^^^^^^^^^^^^^^
  File "/usr/lib/python3.12/ast.py", line 52, in parse
    return compile(source, filename, mode, flags,
           ^^^^^^^^^^^^^^^^^^^^^^^^^^^^^^^^^^^^^^
  File "<unknown>", line 12
    print(round(porc, 2))
                     ^
SyntaxError: invalid non-printable character U+00A0
2025-07-17 23:29:29,778 cblogger [ERROR]: 		Error while extracting halsted code metrics: invalid non-printable character U+00A0 (<unknown>, line 12)
Traceback (most recent call last):
  File "/root/trabalho_super/QuestionInsight/Etapa_1/codebench-mining-tool/util.py", line 569, in extract_halstead_metrics
    h = h_visit(code)
        ^^^^^^^^^^^^^
  File "/root/trabalho_super/venv_jupyter/lib/python3.12/site-packages/radon/metrics.py", line 29, in h_visit
    return h_visit_ast(ast.parse(code))
                       ^^^^^^^^^^^^^^^
  File "/usr/lib/python3.12/ast.py", line 52, in parse
    return compile(source, filename, mode, flags,
           ^^^^^^^^^^^^^^^^^^^^^^^^^^^^^^^^^^^^^^
  File "<unknown>", line 12
    print(round(porc, 2))
                     ^
SyntaxError: invalid non-printable character U+00A0
2025-07-17 23:29:29,895 cblogger [ERROR]: 		Error while extracting code complexity metrics: unindent does not match any outer indentation level (<unknown>, line 8)
Traceback (most recent call last):
  File "/root/trabalho_super/QuestionInsight/Etapa_1/codebench-mining-tool/util.py", line 551, in extract_complexity_metrics
    v = ComplexityVisitor.from_code(code)
        ^^^^^^^^^^^^^^^^^^^^^^^^^^^^^^^^^
  File "/root/trabalho_super/venv_jupyter/lib/python3.12/site-packages/radon/visitors.py", line 133, in from_code
    return cls.from_ast(code2ast(code), **kwargs)
                        ^^^^^^^^^^^^^^
  File "/root/trabalho_super/venv_jupyter/lib/python3.12/site-packages/radon/visitors.py", line 48, in code2ast
    return ast.parse(source)
           ^^^^^^^^^^^^^^^^^
  File "/usr/lib/python3.12/ast.py", line 52, in parse
    return compile(source, filename, mode, flags,
           ^^^^^^^^^^^^^^^^^^^^^^^^^^^^^^^^^^^^^^
  File "<unknown>", line 8
    if(divisor==1):
                   ^
IndentationError: unindent does not match any outer indentation level
2025-07-17 23:29:29,897 cblogger [ERROR]: 		Error while extracting halsted code metrics: unindent does not match any outer indentation level (<unknown>, line 8)
Traceback (most recent call last):
  File "/root/trabalho_super/QuestionInsight/Etapa_1/codebench-mining-tool/util.py", line 569, in extract_halstead_metrics
    h = h_visit(code)
        ^^^^^^^^^^^^^
  File "/root/trabalho_super/venv_jupyter/lib/python3.12/site-packages/radon/metrics.py", line 29, in h_visit
    return h_visit_ast(ast.parse(code))
                       ^^^^^^^^^^^^^^^
  File "/usr/lib/python3.12/ast.py", line 52, in parse
    return compile(source, filename, mode, flags,
           ^^^^^^^^^^^^^^^^^^^^^^^^^^^^^^^^^^^^^^
  File "<unknown>", line 8
    if(divisor==1):
                   ^
IndentationError: unindent does not match any outer indentation level
2025-07-17 23:29:29,924 cblogger [ERROR]: 		Error while extracting code complexity metrics: invalid syntax (<unknown>, line 6)
Traceback (most recent call last):
  File "/root/trabalho_super/QuestionInsight/Etapa_1/codebench-mining-tool/util.py", line 551, in extract_complexity_metrics
    v = ComplexityVisitor.from_code(code)
        ^^^^^^^^^^^^^^^^^^^^^^^^^^^^^^^^^
  File "/root/trabalho_super/venv_jupyter/lib/python3.12/site-packages/radon/visitors.py", line 133, in from_code
    return cls.from_ast(code2ast(code), **kwargs)
                        ^^^^^^^^^^^^^^
  File "/root/trabalho_super/venv_jupyter/lib/python3.12/site-packages/radon/visitors.py", line 48, in code2ast
    return ast.parse(source)
           ^^^^^^^^^^^^^^^^^
  File "/usr/lib/python3.12/ast.py", line 52, in parse
    return compile(source, filename, mode, flags,
           ^^^^^^^^^^^^^^^^^^^^^^^^^^^^^^^^^^^^^^
  File "<unknown>", line 6
    	if(b!=a+1 and d!=c+):
    	                   ^
SyntaxError: invalid syntax
2025-07-17 23:29:29,925 cblogger [ERROR]: 		Error while extracting halsted code metrics: invalid syntax (<unknown>, line 6)
Traceback (most recent call last):
  File "/root/trabalho_super/QuestionInsight/Etapa_1/codebench-mining-tool/util.py", line 569, in extract_halstead_metrics
    h = h_visit(code)
        ^^^^^^^^^^^^^
  File "/root/trabalho_super/venv_jupyter/lib/python3.12/site-packages/radon/metrics.py", line 29, in h_visit
    return h_visit_ast(ast.parse(code))
                       ^^^^^^^^^^^^^^^
  File "/usr/lib/python3.12/ast.py", line 52, in parse
    return compile(source, filename, mode, flags,
           ^^^^^^^^^^^^^^^^^^^^^^^^^^^^^^^^^^^^^^
  File "<unknown>", line 6
    	if(b!=a+1 and d!=c+):
    	                   ^
SyntaxError: invalid syntax
2025-07-17 23:29:30,018 cblogger [ERROR]: 		Error while extracting code complexity metrics: invalid syntax (<unknown>, line 3)
Traceback (most recent call last):
  File "/root/trabalho_super/QuestionInsight/Etapa_1/codebench-mining-tool/util.py", line 551, in extract_complexity_metrics
    v = ComplexityVisitor.from_code(code)
        ^^^^^^^^^^^^^^^^^^^^^^^^^^^^^^^^^
  File "/root/trabalho_super/venv_jupyter/lib/python3.12/site-packages/radon/visitors.py", line 133, in from_code
    return cls.from_ast(code2ast(code), **kwargs)
                        ^^^^^^^^^^^^^^
  File "/root/trabalho_super/venv_jupyter/lib/python3.12/site-packages/radon/visitors.py", line 48, in code2ast
    return ast.parse(source)
           ^^^^^^^^^^^^^^^^^
  File "/usr/lib/python3.12/ast.py", line 52, in parse
    return compile(source, filename, mode, flags,
           ^^^^^^^^^^^^^^^^^^^^^^^^^^^^^^^^^^^^^^
  File "<unknown>", line 3
    i=
      ^
SyntaxError: invalid syntax
2025-07-17 23:29:30,019 cblogger [ERROR]: 		Error while extracting halsted code metrics: invalid syntax (<unknown>, line 3)
Traceback (most recent call last):
  File "/root/trabalho_super/QuestionInsight/Etapa_1/codebench-mining-tool/util.py", line 569, in extract_halstead_metrics
    h = h_visit(code)
        ^^^^^^^^^^^^^
  File "/root/trabalho_super/venv_jupyter/lib/python3.12/site-packages/radon/metrics.py", line 29, in h_visit
    return h_visit_ast(ast.parse(code))
                       ^^^^^^^^^^^^^^^
  File "/usr/lib/python3.12/ast.py", line 52, in parse
    return compile(source, filename, mode, flags,
           ^^^^^^^^^^^^^^^^^^^^^^^^^^^^^^^^^^^^^^
  File "<unknown>", line 3
    i=
      ^
SyntaxError: invalid syntax
2025-07-17 23:29:30,025 cblogger [ERROR]: 		Error while extracting code complexity metrics: expected ':' (<unknown>, line 5)
Traceback (most recent call last):
  File "/root/trabalho_super/QuestionInsight/Etapa_1/codebench-mining-tool/util.py", line 551, in extract_complexity_metrics
    v = ComplexityVisitor.from_code(code)
        ^^^^^^^^^^^^^^^^^^^^^^^^^^^^^^^^^
  File "/root/trabalho_super/venv_jupyter/lib/python3.12/site-packages/radon/visitors.py", line 133, in from_code
    return cls.from_ast(code2ast(code), **kwargs)
                        ^^^^^^^^^^^^^^
  File "/root/trabalho_super/venv_jupyter/lib/python3.12/site-packages/radon/visitors.py", line 48, in code2ast
    return ast.parse(source)
           ^^^^^^^^^^^^^^^^^
  File "/usr/lib/python3.12/ast.py", line 52, in parse
    return compile(source, filename, mode, flags,
           ^^^^^^^^^^^^^^^^^^^^^^^^^^^^^^^^^^^^^^
  File "<unknown>", line 5
    for i in range(size)
                        ^
SyntaxError: expected ':'
2025-07-17 23:29:30,026 cblogger [ERROR]: 		Error while extracting halsted code metrics: expected ':' (<unknown>, line 5)
Traceback (most recent call last):
  File "/root/trabalho_super/QuestionInsight/Etapa_1/codebench-mining-tool/util.py", line 569, in extract_halstead_metrics
    h = h_visit(code)
        ^^^^^^^^^^^^^
  File "/root/trabalho_super/venv_jupyter/lib/python3.12/site-packages/radon/metrics.py", line 29, in h_visit
    return h_visit_ast(ast.parse(code))
                       ^^^^^^^^^^^^^^^
  File "/usr/lib/python3.12/ast.py", line 52, in parse
    return compile(source, filename, mode, flags,
           ^^^^^^^^^^^^^^^^^^^^^^^^^^^^^^^^^^^^^^
  File "<unknown>", line 5
    for i in range(size)
                        ^
SyntaxError: expected ':'
2025-07-17 23:29:30,038 cblogger [ERROR]: 		Error while extracting code complexity metrics: invalid syntax (<unknown>, line 9)
Traceback (most recent call last):
  File "/root/trabalho_super/QuestionInsight/Etapa_1/codebench-mining-tool/util.py", line 551, in extract_complexity_metrics
    v = ComplexityVisitor.from_code(code)
        ^^^^^^^^^^^^^^^^^^^^^^^^^^^^^^^^^
  File "/root/trabalho_super/venv_jupyter/lib/python3.12/site-packages/radon/visitors.py", line 133, in from_code
    return cls.from_ast(code2ast(code), **kwargs)
                        ^^^^^^^^^^^^^^
  File "/root/trabalho_super/venv_jupyter/lib/python3.12/site-packages/radon/visitors.py", line 48, in code2ast
    return ast.parse(source)
           ^^^^^^^^^^^^^^^^^
  File "/usr/lib/python3.12/ast.py", line 52, in parse
    return compile(source, filename, mode, flags,
           ^^^^^^^^^^^^^^^^^^^^^^^^^^^^^^^^^^^^^^
  File "<unknown>", line 9
    	elif n >=20 and n<40:
    	^^^^
SyntaxError: invalid syntax
2025-07-17 23:29:30,039 cblogger [ERROR]: 		Error while extracting halsted code metrics: invalid syntax (<unknown>, line 9)
Traceback (most recent call last):
  File "/root/trabalho_super/QuestionInsight/Etapa_1/codebench-mining-tool/util.py", line 569, in extract_halstead_metrics
    h = h_visit(code)
        ^^^^^^^^^^^^^
  File "/root/trabalho_super/venv_jupyter/lib/python3.12/site-packages/radon/metrics.py", line 29, in h_visit
    return h_visit_ast(ast.parse(code))
                       ^^^^^^^^^^^^^^^
  File "/usr/lib/python3.12/ast.py", line 52, in parse
    return compile(source, filename, mode, flags,
           ^^^^^^^^^^^^^^^^^^^^^^^^^^^^^^^^^^^^^^
  File "<unknown>", line 9
    	elif n >=20 and n<40:
    	^^^^
SyntaxError: invalid syntax
2025-07-17 23:29:30,099 cblogger [ERROR]: 		Error while extracting code complexity metrics: invalid syntax (<unknown>, line 13)
Traceback (most recent call last):
  File "/root/trabalho_super/QuestionInsight/Etapa_1/codebench-mining-tool/util.py", line 551, in extract_complexity_metrics
    v = ComplexityVisitor.from_code(code)
        ^^^^^^^^^^^^^^^^^^^^^^^^^^^^^^^^^
  File "/root/trabalho_super/venv_jupyter/lib/python3.12/site-packages/radon/visitors.py", line 133, in from_code
    return cls.from_ast(code2ast(code), **kwargs)
                        ^^^^^^^^^^^^^^
  File "/root/trabalho_super/venv_jupyter/lib/python3.12/site-packages/radon/visitors.py", line 48, in code2ast
    return ast.parse(source)
           ^^^^^^^^^^^^^^^^^
  File "/usr/lib/python3.12/ast.py", line 52, in parse
    return compile(source, filename, mode, flags,
           ^^^^^^^^^^^^^^^^^^^^^^^^^^^^^^^^^^^^^^
  File "<unknown>", line 13
    total = 
            ^
SyntaxError: invalid syntax
2025-07-17 23:29:30,100 cblogger [ERROR]: 		Error while extracting halsted code metrics: invalid syntax (<unknown>, line 13)
Traceback (most recent call last):
  File "/root/trabalho_super/QuestionInsight/Etapa_1/codebench-mining-tool/util.py", line 569, in extract_halstead_metrics
    h = h_visit(code)
        ^^^^^^^^^^^^^
  File "/root/trabalho_super/venv_jupyter/lib/python3.12/site-packages/radon/metrics.py", line 29, in h_visit
    return h_visit_ast(ast.parse(code))
                       ^^^^^^^^^^^^^^^
  File "/usr/lib/python3.12/ast.py", line 52, in parse
    return compile(source, filename, mode, flags,
           ^^^^^^^^^^^^^^^^^^^^^^^^^^^^^^^^^^^^^^
  File "<unknown>", line 13
    total = 
            ^
SyntaxError: invalid syntax
2025-07-17 23:29:30,143 cblogger [ERROR]: 		Error while extracting code complexity metrics: invalid syntax (<unknown>, line 2)
Traceback (most recent call last):
  File "/root/trabalho_super/QuestionInsight/Etapa_1/codebench-mining-tool/util.py", line 551, in extract_complexity_metrics
    v = ComplexityVisitor.from_code(code)
        ^^^^^^^^^^^^^^^^^^^^^^^^^^^^^^^^^
  File "/root/trabalho_super/venv_jupyter/lib/python3.12/site-packages/radon/visitors.py", line 133, in from_code
    return cls.from_ast(code2ast(code), **kwargs)
                        ^^^^^^^^^^^^^^
  File "/root/trabalho_super/venv_jupyter/lib/python3.12/site-packages/radon/visitors.py", line 48, in code2ast
    return ast.parse(source)
           ^^^^^^^^^^^^^^^^^
  File "/usr/lib/python3.12/ast.py", line 52, in parse
    return compile(source, filename, mode, flags,
           ^^^^^^^^^^^^^^^^^^^^^^^^^^^^^^^^^^^^^^
  File "<unknown>", line 2
    secrt=
          ^
SyntaxError: invalid syntax
2025-07-17 23:29:30,143 cblogger [ERROR]: 		Error while extracting halsted code metrics: invalid syntax (<unknown>, line 2)
Traceback (most recent call last):
  File "/root/trabalho_super/QuestionInsight/Etapa_1/codebench-mining-tool/util.py", line 569, in extract_halstead_metrics
    h = h_visit(code)
        ^^^^^^^^^^^^^
  File "/root/trabalho_super/venv_jupyter/lib/python3.12/site-packages/radon/metrics.py", line 29, in h_visit
    return h_visit_ast(ast.parse(code))
                       ^^^^^^^^^^^^^^^
  File "/usr/lib/python3.12/ast.py", line 52, in parse
    return compile(source, filename, mode, flags,
           ^^^^^^^^^^^^^^^^^^^^^^^^^^^^^^^^^^^^^^
  File "<unknown>", line 2
    secrt=
          ^
SyntaxError: invalid syntax
2025-07-17 23:29:30,159 cblogger [ERROR]: 		Error while extracting code complexity metrics: invalid syntax (<unknown>, line 6)
Traceback (most recent call last):
  File "/root/trabalho_super/QuestionInsight/Etapa_1/codebench-mining-tool/util.py", line 551, in extract_complexity_metrics
    v = ComplexityVisitor.from_code(code)
        ^^^^^^^^^^^^^^^^^^^^^^^^^^^^^^^^^
  File "/root/trabalho_super/venv_jupyter/lib/python3.12/site-packages/radon/visitors.py", line 133, in from_code
    return cls.from_ast(code2ast(code), **kwargs)
                        ^^^^^^^^^^^^^^
  File "/root/trabalho_super/venv_jupyter/lib/python3.12/site-packages/radon/visitors.py", line 48, in code2ast
    return ast.parse(source)
           ^^^^^^^^^^^^^^^^^
  File "/usr/lib/python3.12/ast.py", line 52, in parse
    return compile(source, filename, mode, flags,
           ^^^^^^^^^^^^^^^^^^^^^^^^^^^^^^^^^^^^^^
  File "<unknown>", line 6
    while numr <=:
                 ^
SyntaxError: invalid syntax
2025-07-17 23:29:30,160 cblogger [ERROR]: 		Error while extracting halsted code metrics: invalid syntax (<unknown>, line 6)
Traceback (most recent call last):
  File "/root/trabalho_super/QuestionInsight/Etapa_1/codebench-mining-tool/util.py", line 569, in extract_halstead_metrics
    h = h_visit(code)
        ^^^^^^^^^^^^^
  File "/root/trabalho_super/venv_jupyter/lib/python3.12/site-packages/radon/metrics.py", line 29, in h_visit
    return h_visit_ast(ast.parse(code))
                       ^^^^^^^^^^^^^^^
  File "/usr/lib/python3.12/ast.py", line 52, in parse
    return compile(source, filename, mode, flags,
           ^^^^^^^^^^^^^^^^^^^^^^^^^^^^^^^^^^^^^^
  File "<unknown>", line 6
    while numr <=:
                 ^
SyntaxError: invalid syntax
2025-07-17 23:29:30,638 cblogger [ERROR]: 		Error while extracting code complexity metrics: unindent does not match any outer indentation level (<unknown>, line 5)
Traceback (most recent call last):
  File "/root/trabalho_super/QuestionInsight/Etapa_1/codebench-mining-tool/util.py", line 551, in extract_complexity_metrics
    v = ComplexityVisitor.from_code(code)
        ^^^^^^^^^^^^^^^^^^^^^^^^^^^^^^^^^
  File "/root/trabalho_super/venv_jupyter/lib/python3.12/site-packages/radon/visitors.py", line 133, in from_code
    return cls.from_ast(code2ast(code), **kwargs)
                        ^^^^^^^^^^^^^^
  File "/root/trabalho_super/venv_jupyter/lib/python3.12/site-packages/radon/visitors.py", line 48, in code2ast
    return ast.parse(source)
           ^^^^^^^^^^^^^^^^^
  File "/usr/lib/python3.12/ast.py", line 52, in parse
    return compile(source, filename, mode, flags,
           ^^^^^^^^^^^^^^^^^^^^^^^^^^^^^^^^^^^^^^
  File "<unknown>", line 5
    Custo = 6.00
                ^
IndentationError: unindent does not match any outer indentation level
2025-07-17 23:29:30,639 cblogger [ERROR]: 		Error while extracting code size based metrics: SyntaxError at line: 17
Traceback (most recent call last):
  File "/root/trabalho_super/venv_jupyter/lib/python3.12/site-packages/radon/raw.py", line 210, in analyze
    tokens, parsed_lines = _get_all_tokens(line, lines)
                           ^^^^^^^^^^^^^^^^^^^^^^^^^^^^
  File "/root/trabalho_super/venv_jupyter/lib/python3.12/site-packages/radon/raw.py", line 117, in _get_all_tokens
    next_line = next(lines)
                ^^^^^^^^^^^
StopIteration

During handling of the above exception, another exception occurred:

Traceback (most recent call last):
  File "/root/trabalho_super/QuestionInsight/Etapa_1/codebench-mining-tool/util.py", line 560, in extract_size_metrics
    a = analyze(code)
        ^^^^^^^^^^^^^
  File "/root/trabalho_super/venv_jupyter/lib/python3.12/site-packages/radon/raw.py", line 212, in analyze
    raise SyntaxError('SyntaxError at line: {0}'.format(lineno))
SyntaxError: SyntaxError at line: 17
2025-07-17 23:29:30,640 cblogger [ERROR]: 		Error while extracting halsted code metrics: unindent does not match any outer indentation level (<unknown>, line 5)
Traceback (most recent call last):
  File "/root/trabalho_super/QuestionInsight/Etapa_1/codebench-mining-tool/util.py", line 569, in extract_halstead_metrics
    h = h_visit(code)
        ^^^^^^^^^^^^^
  File "/root/trabalho_super/venv_jupyter/lib/python3.12/site-packages/radon/metrics.py", line 29, in h_visit
    return h_visit_ast(ast.parse(code))
                       ^^^^^^^^^^^^^^^
  File "/usr/lib/python3.12/ast.py", line 52, in parse
    return compile(source, filename, mode, flags,
           ^^^^^^^^^^^^^^^^^^^^^^^^^^^^^^^^^^^^^^
  File "<unknown>", line 5
    Custo = 6.00
                ^
IndentationError: unindent does not match any outer indentation level
2025-07-17 23:29:30,655 cblogger [ERROR]: 		Error while extracting code complexity metrics: invalid syntax. Maybe you meant '==' or ':=' instead of '='? (<unknown>, line 6)
Traceback (most recent call last):
  File "/root/trabalho_super/QuestionInsight/Etapa_1/codebench-mining-tool/util.py", line 551, in extract_complexity_metrics
    v = ComplexityVisitor.from_code(code)
        ^^^^^^^^^^^^^^^^^^^^^^^^^^^^^^^^^
  File "/root/trabalho_super/venv_jupyter/lib/python3.12/site-packages/radon/visitors.py", line 133, in from_code
    return cls.from_ast(code2ast(code), **kwargs)
                        ^^^^^^^^^^^^^^
  File "/root/trabalho_super/venv_jupyter/lib/python3.12/site-packages/radon/visitors.py", line 48, in code2ast
    return ast.parse(source)
           ^^^^^^^^^^^^^^^^^
  File "/usr/lib/python3.12/ast.py", line 52, in parse
    return compile(source, filename, mode, flags,
           ^^^^^^^^^^^^^^^^^^^^^^^^^^^^^^^^^^^^^^
  File "<unknown>", line 6
    if bolsal = "B"
       ^^^^^^^^^^^^
SyntaxError: invalid syntax. Maybe you meant '==' or ':=' instead of '='?
2025-07-17 23:29:30,656 cblogger [ERROR]: 		Error while extracting halsted code metrics: invalid syntax. Maybe you meant '==' or ':=' instead of '='? (<unknown>, line 6)
Traceback (most recent call last):
  File "/root/trabalho_super/QuestionInsight/Etapa_1/codebench-mining-tool/util.py", line 569, in extract_halstead_metrics
    h = h_visit(code)
        ^^^^^^^^^^^^^
  File "/root/trabalho_super/venv_jupyter/lib/python3.12/site-packages/radon/metrics.py", line 29, in h_visit
    return h_visit_ast(ast.parse(code))
                       ^^^^^^^^^^^^^^^
  File "/usr/lib/python3.12/ast.py", line 52, in parse
    return compile(source, filename, mode, flags,
           ^^^^^^^^^^^^^^^^^^^^^^^^^^^^^^^^^^^^^^
  File "<unknown>", line 6
    if bolsal = "B"
       ^^^^^^^^^^^^
SyntaxError: invalid syntax. Maybe you meant '==' or ':=' instead of '='?
2025-07-17 23:29:30,672 cblogger [ERROR]: 		Error while extracting code complexity metrics: invalid syntax (<unknown>, line 6)
Traceback (most recent call last):
  File "/root/trabalho_super/QuestionInsight/Etapa_1/codebench-mining-tool/util.py", line 551, in extract_complexity_metrics
    v = ComplexityVisitor.from_code(code)
        ^^^^^^^^^^^^^^^^^^^^^^^^^^^^^^^^^
  File "/root/trabalho_super/venv_jupyter/lib/python3.12/site-packages/radon/visitors.py", line 133, in from_code
    return cls.from_ast(code2ast(code), **kwargs)
                        ^^^^^^^^^^^^^^
  File "/root/trabalho_super/venv_jupyter/lib/python3.12/site-packages/radon/visitors.py", line 48, in code2ast
    return ast.parse(source)
           ^^^^^^^^^^^^^^^^^
  File "/usr/lib/python3.12/ast.py", line 52, in parse
    return compile(source, filename, mode, flags,
           ^^^^^^^^^^^^^^^^^^^^^^^^^^^^^^^^^^^^^^
  File "<unknown>", line 6
    while 
          ^
SyntaxError: invalid syntax
2025-07-17 23:29:30,672 cblogger [ERROR]: 		Error while extracting halsted code metrics: invalid syntax (<unknown>, line 6)
Traceback (most recent call last):
  File "/root/trabalho_super/QuestionInsight/Etapa_1/codebench-mining-tool/util.py", line 569, in extract_halstead_metrics
    h = h_visit(code)
        ^^^^^^^^^^^^^
  File "/root/trabalho_super/venv_jupyter/lib/python3.12/site-packages/radon/metrics.py", line 29, in h_visit
    return h_visit_ast(ast.parse(code))
                       ^^^^^^^^^^^^^^^
  File "/usr/lib/python3.12/ast.py", line 52, in parse
    return compile(source, filename, mode, flags,
           ^^^^^^^^^^^^^^^^^^^^^^^^^^^^^^^^^^^^^^
  File "<unknown>", line 6
    while 
          ^
SyntaxError: invalid syntax
2025-07-17 23:29:30,692 cblogger [ERROR]: 		Error while extracting code complexity metrics: inconsistent use of tabs and spaces in indentation (<unknown>, line 10)
Traceback (most recent call last):
  File "/root/trabalho_super/QuestionInsight/Etapa_1/codebench-mining-tool/util.py", line 551, in extract_complexity_metrics
    v = ComplexityVisitor.from_code(code)
        ^^^^^^^^^^^^^^^^^^^^^^^^^^^^^^^^^
  File "/root/trabalho_super/venv_jupyter/lib/python3.12/site-packages/radon/visitors.py", line 133, in from_code
    return cls.from_ast(code2ast(code), **kwargs)
                        ^^^^^^^^^^^^^^
  File "/root/trabalho_super/venv_jupyter/lib/python3.12/site-packages/radon/visitors.py", line 48, in code2ast
    return ast.parse(source)
           ^^^^^^^^^^^^^^^^^
  File "/usr/lib/python3.12/ast.py", line 52, in parse
    return compile(source, filename, mode, flags,
           ^^^^^^^^^^^^^^^^^^^^^^^^^^^^^^^^^^^^^^
  File "<unknown>", line 10
    aumento = salario + salario * 8/100
TabError: inconsistent use of tabs and spaces in indentation
2025-07-17 23:29:30,692 cblogger [ERROR]: 		Error while extracting halsted code metrics: inconsistent use of tabs and spaces in indentation (<unknown>, line 10)
Traceback (most recent call last):
  File "/root/trabalho_super/QuestionInsight/Etapa_1/codebench-mining-tool/util.py", line 569, in extract_halstead_metrics
    h = h_visit(code)
        ^^^^^^^^^^^^^
  File "/root/trabalho_super/venv_jupyter/lib/python3.12/site-packages/radon/metrics.py", line 29, in h_visit
    return h_visit_ast(ast.parse(code))
                       ^^^^^^^^^^^^^^^
  File "/usr/lib/python3.12/ast.py", line 52, in parse
    return compile(source, filename, mode, flags,
           ^^^^^^^^^^^^^^^^^^^^^^^^^^^^^^^^^^^^^^
  File "<unknown>", line 10
    aumento = salario + salario * 8/100
TabError: inconsistent use of tabs and spaces in indentation
2025-07-17 23:29:30,696 cblogger [ERROR]: 		Error while extracting code complexity metrics: cannot assign to expression here. Maybe you meant '==' instead of '='? (<unknown>, line 13)
Traceback (most recent call last):
  File "/root/trabalho_super/QuestionInsight/Etapa_1/codebench-mining-tool/util.py", line 551, in extract_complexity_metrics
    v = ComplexityVisitor.from_code(code)
        ^^^^^^^^^^^^^^^^^^^^^^^^^^^^^^^^^
  File "/root/trabalho_super/venv_jupyter/lib/python3.12/site-packages/radon/visitors.py", line 133, in from_code
    return cls.from_ast(code2ast(code), **kwargs)
                        ^^^^^^^^^^^^^^
  File "/root/trabalho_super/venv_jupyter/lib/python3.12/site-packages/radon/visitors.py", line 48, in code2ast
    return ast.parse(source)
           ^^^^^^^^^^^^^^^^^
  File "/usr/lib/python3.12/ast.py", line 52, in parse
    return compile(source, filename, mode, flags,
           ^^^^^^^^^^^^^^^^^^^^^^^^^^^^^^^^^^^^^^
  File "<unknown>", line 13
    a * x + b * y = c
    ^^^^^^^^^^^^^
SyntaxError: cannot assign to expression here. Maybe you meant '==' instead of '='?
2025-07-17 23:29:30,697 cblogger [ERROR]: 		Error while extracting halsted code metrics: cannot assign to expression here. Maybe you meant '==' instead of '='? (<unknown>, line 13)
Traceback (most recent call last):
  File "/root/trabalho_super/QuestionInsight/Etapa_1/codebench-mining-tool/util.py", line 569, in extract_halstead_metrics
    h = h_visit(code)
        ^^^^^^^^^^^^^
  File "/root/trabalho_super/venv_jupyter/lib/python3.12/site-packages/radon/metrics.py", line 29, in h_visit
    return h_visit_ast(ast.parse(code))
                       ^^^^^^^^^^^^^^^
  File "/usr/lib/python3.12/ast.py", line 52, in parse
    return compile(source, filename, mode, flags,
           ^^^^^^^^^^^^^^^^^^^^^^^^^^^^^^^^^^^^^^
  File "<unknown>", line 13
    a * x + b * y = c
    ^^^^^^^^^^^^^
SyntaxError: cannot assign to expression here. Maybe you meant '==' instead of '='?
2025-07-17 23:29:30,719 cblogger [ERROR]: 		Error while extracting code complexity metrics: inconsistent use of tabs and spaces in indentation (<unknown>, line 14)
Traceback (most recent call last):
  File "/root/trabalho_super/QuestionInsight/Etapa_1/codebench-mining-tool/util.py", line 551, in extract_complexity_metrics
    v = ComplexityVisitor.from_code(code)
        ^^^^^^^^^^^^^^^^^^^^^^^^^^^^^^^^^
  File "/root/trabalho_super/venv_jupyter/lib/python3.12/site-packages/radon/visitors.py", line 133, in from_code
    return cls.from_ast(code2ast(code), **kwargs)
                        ^^^^^^^^^^^^^^
  File "/root/trabalho_super/venv_jupyter/lib/python3.12/site-packages/radon/visitors.py", line 48, in code2ast
    return ast.parse(source)
           ^^^^^^^^^^^^^^^^^
  File "/usr/lib/python3.12/ast.py", line 52, in parse
    return compile(source, filename, mode, flags,
           ^^^^^^^^^^^^^^^^^^^^^^^^^^^^^^^^^^^^^^
  File "<unknown>", line 14
    		print("pertence")
    ^
TabError: inconsistent use of tabs and spaces in indentation
2025-07-17 23:29:30,719 cblogger [ERROR]: 		Error while extracting halsted code metrics: inconsistent use of tabs and spaces in indentation (<unknown>, line 14)
Traceback (most recent call last):
  File "/root/trabalho_super/QuestionInsight/Etapa_1/codebench-mining-tool/util.py", line 569, in extract_halstead_metrics
    h = h_visit(code)
        ^^^^^^^^^^^^^
  File "/root/trabalho_super/venv_jupyter/lib/python3.12/site-packages/radon/metrics.py", line 29, in h_visit
    return h_visit_ast(ast.parse(code))
                       ^^^^^^^^^^^^^^^
  File "/usr/lib/python3.12/ast.py", line 52, in parse
    return compile(source, filename, mode, flags,
           ^^^^^^^^^^^^^^^^^^^^^^^^^^^^^^^^^^^^^^
  File "<unknown>", line 14
    		print("pertence")
    ^
TabError: inconsistent use of tabs and spaces in indentation
2025-07-17 23:29:30,737 cblogger [ERROR]: 		Error while extracting code complexity metrics: unexpected indent (<unknown>, line 12)
Traceback (most recent call last):
  File "/root/trabalho_super/QuestionInsight/Etapa_1/codebench-mining-tool/util.py", line 551, in extract_complexity_metrics
    v = ComplexityVisitor.from_code(code)
        ^^^^^^^^^^^^^^^^^^^^^^^^^^^^^^^^^
  File "/root/trabalho_super/venv_jupyter/lib/python3.12/site-packages/radon/visitors.py", line 133, in from_code
    return cls.from_ast(code2ast(code), **kwargs)
                        ^^^^^^^^^^^^^^
  File "/root/trabalho_super/venv_jupyter/lib/python3.12/site-packages/radon/visitors.py", line 48, in code2ast
    return ast.parse(source)
           ^^^^^^^^^^^^^^^^^
  File "/usr/lib/python3.12/ast.py", line 52, in parse
    return compile(source, filename, mode, flags,
           ^^^^^^^^^^^^^^^^^^^^^^^^^^^^^^^^^^^^^^
  File "<unknown>", line 12
    	print(round(quanttot2,2))
    ^
IndentationError: unexpected indent
2025-07-17 23:29:30,738 cblogger [ERROR]: 		Error while extracting halsted code metrics: unexpected indent (<unknown>, line 12)
Traceback (most recent call last):
  File "/root/trabalho_super/QuestionInsight/Etapa_1/codebench-mining-tool/util.py", line 569, in extract_halstead_metrics
    h = h_visit(code)
        ^^^^^^^^^^^^^
  File "/root/trabalho_super/venv_jupyter/lib/python3.12/site-packages/radon/metrics.py", line 29, in h_visit
    return h_visit_ast(ast.parse(code))
                       ^^^^^^^^^^^^^^^
  File "/usr/lib/python3.12/ast.py", line 52, in parse
    return compile(source, filename, mode, flags,
           ^^^^^^^^^^^^^^^^^^^^^^^^^^^^^^^^^^^^^^
  File "<unknown>", line 12
    	print(round(quanttot2,2))
    ^
IndentationError: unexpected indent
2025-07-17 23:29:30,746 cblogger [ERROR]: 		Error while extracting code complexity metrics: invalid syntax. Perhaps you forgot a comma? (<unknown>, line 6)
Traceback (most recent call last):
  File "/root/trabalho_super/QuestionInsight/Etapa_1/codebench-mining-tool/util.py", line 551, in extract_complexity_metrics
    v = ComplexityVisitor.from_code(code)
        ^^^^^^^^^^^^^^^^^^^^^^^^^^^^^^^^^
  File "/root/trabalho_super/venv_jupyter/lib/python3.12/site-packages/radon/visitors.py", line 133, in from_code
    return cls.from_ast(code2ast(code), **kwargs)
                        ^^^^^^^^^^^^^^
  File "/root/trabalho_super/venv_jupyter/lib/python3.12/site-packages/radon/visitors.py", line 48, in code2ast
    return ast.parse(source)
           ^^^^^^^^^^^^^^^^^
  File "/usr/lib/python3.12/ast.py", line 52, in parse
    return compile(source, filename, mode, flags,
           ^^^^^^^^^^^^^^^^^^^^^^^^^^^^^^^^^^^^^^
  File "<unknown>", line 6
    a = sqrt(ladob**2 + ladoc**2-2*ladob*ladoc*(radians)cos(alfa))
             ^^^^^^^^^^^^^^^^^^^^^^^^^^^^^^^^^^^^^^^^^^^^^^^^^^^^
SyntaxError: invalid syntax. Perhaps you forgot a comma?
2025-07-17 23:29:30,747 cblogger [ERROR]: 		Error while extracting halsted code metrics: invalid syntax. Perhaps you forgot a comma? (<unknown>, line 6)
Traceback (most recent call last):
  File "/root/trabalho_super/QuestionInsight/Etapa_1/codebench-mining-tool/util.py", line 569, in extract_halstead_metrics
    h = h_visit(code)
        ^^^^^^^^^^^^^
  File "/root/trabalho_super/venv_jupyter/lib/python3.12/site-packages/radon/metrics.py", line 29, in h_visit
    return h_visit_ast(ast.parse(code))
                       ^^^^^^^^^^^^^^^
  File "/usr/lib/python3.12/ast.py", line 52, in parse
    return compile(source, filename, mode, flags,
           ^^^^^^^^^^^^^^^^^^^^^^^^^^^^^^^^^^^^^^
  File "<unknown>", line 6
    a = sqrt(ladob**2 + ladoc**2-2*ladob*ladoc*(radians)cos(alfa))
             ^^^^^^^^^^^^^^^^^^^^^^^^^^^^^^^^^^^^^^^^^^^^^^^^^^^^
SyntaxError: invalid syntax. Perhaps you forgot a comma?
2025-07-17 23:29:30,767 cblogger [ERROR]: 		Error while extracting code complexity metrics: invalid syntax (<unknown>, line 4)
Traceback (most recent call last):
  File "/root/trabalho_super/QuestionInsight/Etapa_1/codebench-mining-tool/util.py", line 551, in extract_complexity_metrics
    v = ComplexityVisitor.from_code(code)
        ^^^^^^^^^^^^^^^^^^^^^^^^^^^^^^^^^
  File "/root/trabalho_super/venv_jupyter/lib/python3.12/site-packages/radon/visitors.py", line 133, in from_code
    return cls.from_ast(code2ast(code), **kwargs)
                        ^^^^^^^^^^^^^^
  File "/root/trabalho_super/venv_jupyter/lib/python3.12/site-packages/radon/visitors.py", line 48, in code2ast
    return ast.parse(source)
           ^^^^^^^^^^^^^^^^^
  File "/usr/lib/python3.12/ast.py", line 52, in parse
    return compile(source, filename, mode, flags,
           ^^^^^^^^^^^^^^^^^^^^^^^^^^^^^^^^^^^^^^
  File "<unknown>", line 4
    tp = 
         ^
SyntaxError: invalid syntax
2025-07-17 23:29:30,768 cblogger [ERROR]: 		Error while extracting halsted code metrics: invalid syntax (<unknown>, line 4)
Traceback (most recent call last):
  File "/root/trabalho_super/QuestionInsight/Etapa_1/codebench-mining-tool/util.py", line 569, in extract_halstead_metrics
    h = h_visit(code)
        ^^^^^^^^^^^^^
  File "/root/trabalho_super/venv_jupyter/lib/python3.12/site-packages/radon/metrics.py", line 29, in h_visit
    return h_visit_ast(ast.parse(code))
                       ^^^^^^^^^^^^^^^
  File "/usr/lib/python3.12/ast.py", line 52, in parse
    return compile(source, filename, mode, flags,
           ^^^^^^^^^^^^^^^^^^^^^^^^^^^^^^^^^^^^^^
  File "<unknown>", line 4
    tp = 
         ^
SyntaxError: invalid syntax
2025-07-17 23:29:30,905 cblogger [ERROR]: 		Error while extracting code complexity metrics: inconsistent use of tabs and spaces in indentation (<unknown>, line 13)
Traceback (most recent call last):
  File "/root/trabalho_super/QuestionInsight/Etapa_1/codebench-mining-tool/util.py", line 551, in extract_complexity_metrics
    v = ComplexityVisitor.from_code(code)
        ^^^^^^^^^^^^^^^^^^^^^^^^^^^^^^^^^
  File "/root/trabalho_super/venv_jupyter/lib/python3.12/site-packages/radon/visitors.py", line 133, in from_code
    return cls.from_ast(code2ast(code), **kwargs)
                        ^^^^^^^^^^^^^^
  File "/root/trabalho_super/venv_jupyter/lib/python3.12/site-packages/radon/visitors.py", line 48, in code2ast
    return ast.parse(source)
           ^^^^^^^^^^^^^^^^^
  File "/usr/lib/python3.12/ast.py", line 52, in parse
    return compile(source, filename, mode, flags,
           ^^^^^^^^^^^^^^^^^^^^^^^^^^^^^^^^^^^^^^
  File "<unknown>", line 13
    		else :
    ^
TabError: inconsistent use of tabs and spaces in indentation
2025-07-17 23:29:30,908 cblogger [ERROR]: 		Error while extracting halsted code metrics: inconsistent use of tabs and spaces in indentation (<unknown>, line 13)
Traceback (most recent call last):
  File "/root/trabalho_super/QuestionInsight/Etapa_1/codebench-mining-tool/util.py", line 569, in extract_halstead_metrics
    h = h_visit(code)
        ^^^^^^^^^^^^^
  File "/root/trabalho_super/venv_jupyter/lib/python3.12/site-packages/radon/metrics.py", line 29, in h_visit
    return h_visit_ast(ast.parse(code))
                       ^^^^^^^^^^^^^^^
  File "/usr/lib/python3.12/ast.py", line 52, in parse
    return compile(source, filename, mode, flags,
           ^^^^^^^^^^^^^^^^^^^^^^^^^^^^^^^^^^^^^^
  File "<unknown>", line 13
    		else :
    ^
TabError: inconsistent use of tabs and spaces in indentation
2025-07-17 23:29:30,974 cblogger [ERROR]: 		Error while extracting code complexity metrics: '(' was never closed (<unknown>, line 1)
Traceback (most recent call last):
  File "/root/trabalho_super/QuestionInsight/Etapa_1/codebench-mining-tool/util.py", line 551, in extract_complexity_metrics
    v = ComplexityVisitor.from_code(code)
        ^^^^^^^^^^^^^^^^^^^^^^^^^^^^^^^^^
  File "/root/trabalho_super/venv_jupyter/lib/python3.12/site-packages/radon/visitors.py", line 133, in from_code
    return cls.from_ast(code2ast(code), **kwargs)
                        ^^^^^^^^^^^^^^
  File "/root/trabalho_super/venv_jupyter/lib/python3.12/site-packages/radon/visitors.py", line 48, in code2ast
    return ast.parse(source)
           ^^^^^^^^^^^^^^^^^
  File "/usr/lib/python3.12/ast.py", line 52, in parse
    return compile(source, filename, mode, flags,
           ^^^^^^^^^^^^^^^^^^^^^^^^^^^^^^^^^^^^^^
  File "<unknown>", line 1
    anoA=int(input(" digite ano atual: ")
            ^
SyntaxError: '(' was never closed
2025-07-17 23:29:30,975 cblogger [ERROR]: 		Error while extracting code size based metrics: SyntaxError at line: 1
Traceback (most recent call last):
  File "/root/trabalho_super/venv_jupyter/lib/python3.12/site-packages/radon/raw.py", line 210, in analyze
    tokens, parsed_lines = _get_all_tokens(line, lines)
                           ^^^^^^^^^^^^^^^^^^^^^^^^^^^^
  File "/root/trabalho_super/venv_jupyter/lib/python3.12/site-packages/radon/raw.py", line 117, in _get_all_tokens
    next_line = next(lines)
                ^^^^^^^^^^^
StopIteration

During handling of the above exception, another exception occurred:

Traceback (most recent call last):
  File "/root/trabalho_super/QuestionInsight/Etapa_1/codebench-mining-tool/util.py", line 560, in extract_size_metrics
    a = analyze(code)
        ^^^^^^^^^^^^^
  File "/root/trabalho_super/venv_jupyter/lib/python3.12/site-packages/radon/raw.py", line 212, in analyze
    raise SyntaxError('SyntaxError at line: {0}'.format(lineno))
SyntaxError: SyntaxError at line: 1
2025-07-17 23:29:30,976 cblogger [ERROR]: 		Error while extracting halsted code metrics: '(' was never closed (<unknown>, line 1)
Traceback (most recent call last):
  File "/root/trabalho_super/QuestionInsight/Etapa_1/codebench-mining-tool/util.py", line 569, in extract_halstead_metrics
    h = h_visit(code)
        ^^^^^^^^^^^^^
  File "/root/trabalho_super/venv_jupyter/lib/python3.12/site-packages/radon/metrics.py", line 29, in h_visit
    return h_visit_ast(ast.parse(code))
                       ^^^^^^^^^^^^^^^
  File "/usr/lib/python3.12/ast.py", line 52, in parse
    return compile(source, filename, mode, flags,
           ^^^^^^^^^^^^^^^^^^^^^^^^^^^^^^^^^^^^^^
  File "<unknown>", line 1
    anoA=int(input(" digite ano atual: ")
            ^
SyntaxError: '(' was never closed
2025-07-17 23:29:30,995 cblogger [ERROR]: 		Error while extracting code complexity metrics: inconsistent use of tabs and spaces in indentation (<unknown>, line 13)
Traceback (most recent call last):
  File "/root/trabalho_super/QuestionInsight/Etapa_1/codebench-mining-tool/util.py", line 551, in extract_complexity_metrics
    v = ComplexityVisitor.from_code(code)
        ^^^^^^^^^^^^^^^^^^^^^^^^^^^^^^^^^
  File "/root/trabalho_super/venv_jupyter/lib/python3.12/site-packages/radon/visitors.py", line 133, in from_code
    return cls.from_ast(code2ast(code), **kwargs)
                        ^^^^^^^^^^^^^^
  File "/root/trabalho_super/venv_jupyter/lib/python3.12/site-packages/radon/visitors.py", line 48, in code2ast
    return ast.parse(source)
           ^^^^^^^^^^^^^^^^^
  File "/usr/lib/python3.12/ast.py", line 52, in parse
    return compile(source, filename, mode, flags,
           ^^^^^^^^^^^^^^^^^^^^^^^^^^^^^^^^^^^^^^
  File "<unknown>", line 13
    	   print(horas_extras, "extra e " , horas_falta, "de falta")
    ^
TabError: inconsistent use of tabs and spaces in indentation
2025-07-17 23:29:30,997 cblogger [ERROR]: 		Error while extracting halsted code metrics: inconsistent use of tabs and spaces in indentation (<unknown>, line 13)
Traceback (most recent call last):
  File "/root/trabalho_super/QuestionInsight/Etapa_1/codebench-mining-tool/util.py", line 569, in extract_halstead_metrics
    h = h_visit(code)
        ^^^^^^^^^^^^^
  File "/root/trabalho_super/venv_jupyter/lib/python3.12/site-packages/radon/metrics.py", line 29, in h_visit
    return h_visit_ast(ast.parse(code))
                       ^^^^^^^^^^^^^^^
  File "/usr/lib/python3.12/ast.py", line 52, in parse
    return compile(source, filename, mode, flags,
           ^^^^^^^^^^^^^^^^^^^^^^^^^^^^^^^^^^^^^^
  File "<unknown>", line 13
    	   print(horas_extras, "extra e " , horas_falta, "de falta")
    ^
TabError: inconsistent use of tabs and spaces in indentation
2025-07-17 23:29:30,999 cblogger [ERROR]: 		Error while extracting code complexity metrics: expected ':' (<unknown>, line 17)
Traceback (most recent call last):
  File "/root/trabalho_super/QuestionInsight/Etapa_1/codebench-mining-tool/util.py", line 551, in extract_complexity_metrics
    v = ComplexityVisitor.from_code(code)
        ^^^^^^^^^^^^^^^^^^^^^^^^^^^^^^^^^
  File "/root/trabalho_super/venv_jupyter/lib/python3.12/site-packages/radon/visitors.py", line 133, in from_code
    return cls.from_ast(code2ast(code), **kwargs)
                        ^^^^^^^^^^^^^^
  File "/root/trabalho_super/venv_jupyter/lib/python3.12/site-packages/radon/visitors.py", line 48, in code2ast
    return ast.parse(source)
           ^^^^^^^^^^^^^^^^^
  File "/usr/lib/python3.12/ast.py", line 52, in parse
    return compile(source, filename, mode, flags,
           ^^^^^^^^^^^^^^^^^^^^^^^^^^^^^^^^^^^^^^
  File "<unknown>", line 17
    if quantidade_necessaria 
                             ^
SyntaxError: expected ':'
2025-07-17 23:29:31,000 cblogger [ERROR]: 		Error while extracting halsted code metrics: expected ':' (<unknown>, line 17)
Traceback (most recent call last):
  File "/root/trabalho_super/QuestionInsight/Etapa_1/codebench-mining-tool/util.py", line 569, in extract_halstead_metrics
    h = h_visit(code)
        ^^^^^^^^^^^^^
  File "/root/trabalho_super/venv_jupyter/lib/python3.12/site-packages/radon/metrics.py", line 29, in h_visit
    return h_visit_ast(ast.parse(code))
                       ^^^^^^^^^^^^^^^
  File "/usr/lib/python3.12/ast.py", line 52, in parse
    return compile(source, filename, mode, flags,
           ^^^^^^^^^^^^^^^^^^^^^^^^^^^^^^^^^^^^^^
  File "<unknown>", line 17
    if quantidade_necessaria 
                             ^
SyntaxError: expected ':'
2025-07-17 23:29:31,074 cblogger [ERROR]: 		Error while extracting code complexity metrics: invalid syntax (<unknown>, line 7)
Traceback (most recent call last):
  File "/root/trabalho_super/QuestionInsight/Etapa_1/codebench-mining-tool/util.py", line 551, in extract_complexity_metrics
    v = ComplexityVisitor.from_code(code)
        ^^^^^^^^^^^^^^^^^^^^^^^^^^^^^^^^^
  File "/root/trabalho_super/venv_jupyter/lib/python3.12/site-packages/radon/visitors.py", line 133, in from_code
    return cls.from_ast(code2ast(code), **kwargs)
                        ^^^^^^^^^^^^^^
  File "/root/trabalho_super/venv_jupyter/lib/python3.12/site-packages/radon/visitors.py", line 48, in code2ast
    return ast.parse(source)
           ^^^^^^^^^^^^^^^^^
  File "/usr/lib/python3.12/ast.py", line 52, in parse
    return compile(source, filename, mode, flags,
           ^^^^^^^^^^^^^^^^^^^^^^^^^^^^^^^^^^^^^^
  File "<unknown>", line 7
    resultado = zeros(???,dtype = int)
                      ^
SyntaxError: invalid syntax
2025-07-17 23:29:31,075 cblogger [ERROR]: 		Error while extracting halsted code metrics: invalid syntax (<unknown>, line 7)
Traceback (most recent call last):
  File "/root/trabalho_super/QuestionInsight/Etapa_1/codebench-mining-tool/util.py", line 569, in extract_halstead_metrics
    h = h_visit(code)
        ^^^^^^^^^^^^^
  File "/root/trabalho_super/venv_jupyter/lib/python3.12/site-packages/radon/metrics.py", line 29, in h_visit
    return h_visit_ast(ast.parse(code))
                       ^^^^^^^^^^^^^^^
  File "/usr/lib/python3.12/ast.py", line 52, in parse
    return compile(source, filename, mode, flags,
           ^^^^^^^^^^^^^^^^^^^^^^^^^^^^^^^^^^^^^^
  File "<unknown>", line 7
    resultado = zeros(???,dtype = int)
                      ^
SyntaxError: invalid syntax
2025-07-17 23:29:31,076 cblogger [ERROR]: 		Error while extracting code token based metrics: 55
Traceback (most recent call last):
  File "/root/trabalho_super/QuestionInsight/Etapa_1/codebench-mining-tool/util.py", line 633, in extract_token_metrics
    setattr(obj, TOKEN_NAMES[k], v)
                 ~~~~~~~~~~~^^^
KeyError: 55
2025-07-17 23:29:31,081 cblogger [ERROR]: 		Error while extracting code complexity metrics: expected ':' (<unknown>, line 4)
Traceback (most recent call last):
  File "/root/trabalho_super/QuestionInsight/Etapa_1/codebench-mining-tool/util.py", line 551, in extract_complexity_metrics
    v = ComplexityVisitor.from_code(code)
        ^^^^^^^^^^^^^^^^^^^^^^^^^^^^^^^^^
  File "/root/trabalho_super/venv_jupyter/lib/python3.12/site-packages/radon/visitors.py", line 133, in from_code
    return cls.from_ast(code2ast(code), **kwargs)
                        ^^^^^^^^^^^^^^
  File "/root/trabalho_super/venv_jupyter/lib/python3.12/site-packages/radon/visitors.py", line 48, in code2ast
    return ast.parse(source)
           ^^^^^^^^^^^^^^^^^
  File "/usr/lib/python3.12/ast.py", line 52, in parse
    return compile(source, filename, mode, flags,
           ^^^^^^^^^^^^^^^^^^^^^^^^^^^^^^^^^^^^^^
  File "<unknown>", line 4
    	if i % 3
    	        ^
SyntaxError: expected ':'
2025-07-17 23:29:31,081 cblogger [ERROR]: 		Error while extracting halsted code metrics: expected ':' (<unknown>, line 4)
Traceback (most recent call last):
  File "/root/trabalho_super/QuestionInsight/Etapa_1/codebench-mining-tool/util.py", line 569, in extract_halstead_metrics
    h = h_visit(code)
        ^^^^^^^^^^^^^
  File "/root/trabalho_super/venv_jupyter/lib/python3.12/site-packages/radon/metrics.py", line 29, in h_visit
    return h_visit_ast(ast.parse(code))
                       ^^^^^^^^^^^^^^^
  File "/usr/lib/python3.12/ast.py", line 52, in parse
    return compile(source, filename, mode, flags,
           ^^^^^^^^^^^^^^^^^^^^^^^^^^^^^^^^^^^^^^
  File "<unknown>", line 4
    	if i % 3
    	        ^
SyntaxError: expected ':'
2025-07-17 23:29:31,096 cblogger [ERROR]: 		Error while extracting code complexity metrics: unmatched ']' (<unknown>, line 37)
Traceback (most recent call last):
  File "/root/trabalho_super/QuestionInsight/Etapa_1/codebench-mining-tool/util.py", line 551, in extract_complexity_metrics
    v = ComplexityVisitor.from_code(code)
        ^^^^^^^^^^^^^^^^^^^^^^^^^^^^^^^^^
  File "/root/trabalho_super/venv_jupyter/lib/python3.12/site-packages/radon/visitors.py", line 133, in from_code
    return cls.from_ast(code2ast(code), **kwargs)
                        ^^^^^^^^^^^^^^
  File "/root/trabalho_super/venv_jupyter/lib/python3.12/site-packages/radon/visitors.py", line 48, in code2ast
    return ast.parse(source)
           ^^^^^^^^^^^^^^^^^
  File "/usr/lib/python3.12/ast.py", line 52, in parse
    return compile(source, filename, mode, flags,
           ^^^^^^^^^^^^^^^^^^^^^^^^^^^^^^^^^^^^^^
  File "<unknown>", line 37
    0] + lista_digitos[1] * 2 + lista_digitos[2] * 3 + lista_digitos[3] * 4) % 11
     ^
SyntaxError: unmatched ']'
2025-07-17 23:29:31,097 cblogger [ERROR]: 		Error while extracting code size based metrics: SyntaxError at line: 62
Traceback (most recent call last):
  File "/root/trabalho_super/venv_jupyter/lib/python3.12/site-packages/radon/raw.py", line 210, in analyze
    tokens, parsed_lines = _get_all_tokens(line, lines)
                           ^^^^^^^^^^^^^^^^^^^^^^^^^^^^
  File "/root/trabalho_super/venv_jupyter/lib/python3.12/site-packages/radon/raw.py", line 117, in _get_all_tokens
    next_line = next(lines)
                ^^^^^^^^^^^
StopIteration

During handling of the above exception, another exception occurred:

Traceback (most recent call last):
  File "/root/trabalho_super/QuestionInsight/Etapa_1/codebench-mining-tool/util.py", line 560, in extract_size_metrics
    a = analyze(code)
        ^^^^^^^^^^^^^
  File "/root/trabalho_super/venv_jupyter/lib/python3.12/site-packages/radon/raw.py", line 212, in analyze
    raise SyntaxError('SyntaxError at line: {0}'.format(lineno))
SyntaxError: SyntaxError at line: 62
2025-07-17 23:29:31,097 cblogger [ERROR]: 		Error while extracting halsted code metrics: unmatched ']' (<unknown>, line 37)
Traceback (most recent call last):
  File "/root/trabalho_super/QuestionInsight/Etapa_1/codebench-mining-tool/util.py", line 569, in extract_halstead_metrics
    h = h_visit(code)
        ^^^^^^^^^^^^^
  File "/root/trabalho_super/venv_jupyter/lib/python3.12/site-packages/radon/metrics.py", line 29, in h_visit
    return h_visit_ast(ast.parse(code))
                       ^^^^^^^^^^^^^^^
  File "/usr/lib/python3.12/ast.py", line 52, in parse
    return compile(source, filename, mode, flags,
           ^^^^^^^^^^^^^^^^^^^^^^^^^^^^^^^^^^^^^^
  File "<unknown>", line 37
    0] + lista_digitos[1] * 2 + lista_digitos[2] * 3 + lista_digitos[3] * 4) % 11
     ^
SyntaxError: unmatched ']'
2025-07-17 23:29:31,125 cblogger [ERROR]: 		Error while extracting code complexity metrics: unexpected indent (<unknown>, line 1)
Traceback (most recent call last):
  File "/root/trabalho_super/QuestionInsight/Etapa_1/codebench-mining-tool/util.py", line 551, in extract_complexity_metrics
    v = ComplexityVisitor.from_code(code)
        ^^^^^^^^^^^^^^^^^^^^^^^^^^^^^^^^^
  File "/root/trabalho_super/venv_jupyter/lib/python3.12/site-packages/radon/visitors.py", line 133, in from_code
    return cls.from_ast(code2ast(code), **kwargs)
                        ^^^^^^^^^^^^^^
  File "/root/trabalho_super/venv_jupyter/lib/python3.12/site-packages/radon/visitors.py", line 48, in code2ast
    return ast.parse(source)
           ^^^^^^^^^^^^^^^^^
  File "/usr/lib/python3.12/ast.py", line 52, in parse
    return compile(source, filename, mode, flags,
           ^^^^^^^^^^^^^^^^^^^^^^^^^^^^^^^^^^^^^^
  File "<unknown>", line 1
    from import math*
IndentationError: unexpected indent
2025-07-17 23:29:31,125 cblogger [ERROR]: 		Error while extracting halsted code metrics: unexpected indent (<unknown>, line 1)
Traceback (most recent call last):
  File "/root/trabalho_super/QuestionInsight/Etapa_1/codebench-mining-tool/util.py", line 569, in extract_halstead_metrics
    h = h_visit(code)
        ^^^^^^^^^^^^^
  File "/root/trabalho_super/venv_jupyter/lib/python3.12/site-packages/radon/metrics.py", line 29, in h_visit
    return h_visit_ast(ast.parse(code))
                       ^^^^^^^^^^^^^^^
  File "/usr/lib/python3.12/ast.py", line 52, in parse
    return compile(source, filename, mode, flags,
           ^^^^^^^^^^^^^^^^^^^^^^^^^^^^^^^^^^^^^^
  File "<unknown>", line 1
    from import math*
IndentationError: unexpected indent
2025-07-17 23:29:31,147 cblogger [ERROR]: 		Error while extracting code complexity metrics: unterminated string literal (detected at line 9) (<unknown>, line 9)
Traceback (most recent call last):
  File "/root/trabalho_super/QuestionInsight/Etapa_1/codebench-mining-tool/util.py", line 551, in extract_complexity_metrics
    v = ComplexityVisitor.from_code(code)
        ^^^^^^^^^^^^^^^^^^^^^^^^^^^^^^^^^
  File "/root/trabalho_super/venv_jupyter/lib/python3.12/site-packages/radon/visitors.py", line 133, in from_code
    return cls.from_ast(code2ast(code), **kwargs)
                        ^^^^^^^^^^^^^^
  File "/root/trabalho_super/venv_jupyter/lib/python3.12/site-packages/radon/visitors.py", line 48, in code2ast
    return ast.parse(source)
           ^^^^^^^^^^^^^^^^^
  File "/usr/lib/python3.12/ast.py", line 52, in parse
    return compile(source, filename, mode, flags,
           ^^^^^^^^^^^^^^^^^^^^^^^^^^^^^^^^^^^^^^
  File "<unknown>", line 9
    return  {maiusculas} maiusculas, {minusculas} minusculas"
                                                            ^
SyntaxError: unterminated string literal (detected at line 9)
2025-07-17 23:29:31,148 cblogger [ERROR]: 		Error while extracting code size based metrics: SyntaxError at line: 9
Traceback (most recent call last):
  File "/root/trabalho_super/venv_jupyter/lib/python3.12/site-packages/radon/raw.py", line 210, in analyze
    tokens, parsed_lines = _get_all_tokens(line, lines)
                           ^^^^^^^^^^^^^^^^^^^^^^^^^^^^
  File "/root/trabalho_super/venv_jupyter/lib/python3.12/site-packages/radon/raw.py", line 117, in _get_all_tokens
    next_line = next(lines)
                ^^^^^^^^^^^
StopIteration

During handling of the above exception, another exception occurred:

Traceback (most recent call last):
  File "/root/trabalho_super/QuestionInsight/Etapa_1/codebench-mining-tool/util.py", line 560, in extract_size_metrics
    a = analyze(code)
        ^^^^^^^^^^^^^
  File "/root/trabalho_super/venv_jupyter/lib/python3.12/site-packages/radon/raw.py", line 212, in analyze
    raise SyntaxError('SyntaxError at line: {0}'.format(lineno))
SyntaxError: SyntaxError at line: 9
2025-07-17 23:29:31,148 cblogger [ERROR]: 		Error while extracting halsted code metrics: unterminated string literal (detected at line 9) (<unknown>, line 9)
Traceback (most recent call last):
  File "/root/trabalho_super/QuestionInsight/Etapa_1/codebench-mining-tool/util.py", line 569, in extract_halstead_metrics
    h = h_visit(code)
        ^^^^^^^^^^^^^
  File "/root/trabalho_super/venv_jupyter/lib/python3.12/site-packages/radon/metrics.py", line 29, in h_visit
    return h_visit_ast(ast.parse(code))
                       ^^^^^^^^^^^^^^^
  File "/usr/lib/python3.12/ast.py", line 52, in parse
    return compile(source, filename, mode, flags,
           ^^^^^^^^^^^^^^^^^^^^^^^^^^^^^^^^^^^^^^
  File "<unknown>", line 9
    return  {maiusculas} maiusculas, {minusculas} minusculas"
                                                            ^
SyntaxError: unterminated string literal (detected at line 9)
2025-07-17 23:29:31,157 cblogger [ERROR]: 		Error while extracting code complexity metrics: invalid syntax (<unknown>, line 5)
Traceback (most recent call last):
  File "/root/trabalho_super/QuestionInsight/Etapa_1/codebench-mining-tool/util.py", line 551, in extract_complexity_metrics
    v = ComplexityVisitor.from_code(code)
        ^^^^^^^^^^^^^^^^^^^^^^^^^^^^^^^^^
  File "/root/trabalho_super/venv_jupyter/lib/python3.12/site-packages/radon/visitors.py", line 133, in from_code
    return cls.from_ast(code2ast(code), **kwargs)
                        ^^^^^^^^^^^^^^
  File "/root/trabalho_super/venv_jupyter/lib/python3.12/site-packages/radon/visitors.py", line 48, in code2ast
    return ast.parse(source)
           ^^^^^^^^^^^^^^^^^
  File "/usr/lib/python3.12/ast.py", line 52, in parse
    return compile(source, filename, mode, flags,
           ^^^^^^^^^^^^^^^^^^^^^^^^^^^^^^^^^^^^^^
  File "<unknown>", line 5
    	v % 
    	    ^
SyntaxError: invalid syntax
2025-07-17 23:29:31,158 cblogger [ERROR]: 		Error while extracting halsted code metrics: invalid syntax (<unknown>, line 5)
Traceback (most recent call last):
  File "/root/trabalho_super/QuestionInsight/Etapa_1/codebench-mining-tool/util.py", line 569, in extract_halstead_metrics
    h = h_visit(code)
        ^^^^^^^^^^^^^
  File "/root/trabalho_super/venv_jupyter/lib/python3.12/site-packages/radon/metrics.py", line 29, in h_visit
    return h_visit_ast(ast.parse(code))
                       ^^^^^^^^^^^^^^^
  File "/usr/lib/python3.12/ast.py", line 52, in parse
    return compile(source, filename, mode, flags,
           ^^^^^^^^^^^^^^^^^^^^^^^^^^^^^^^^^^^^^^
  File "<unknown>", line 5
    	v % 
    	    ^
SyntaxError: invalid syntax
2025-07-17 23:29:31,214 cblogger [ERROR]: 		Error while extracting code complexity metrics: unindent does not match any outer indentation level (<unknown>, line 10)
Traceback (most recent call last):
  File "/root/trabalho_super/QuestionInsight/Etapa_1/codebench-mining-tool/util.py", line 551, in extract_complexity_metrics
    v = ComplexityVisitor.from_code(code)
        ^^^^^^^^^^^^^^^^^^^^^^^^^^^^^^^^^
  File "/root/trabalho_super/venv_jupyter/lib/python3.12/site-packages/radon/visitors.py", line 133, in from_code
    return cls.from_ast(code2ast(code), **kwargs)
                        ^^^^^^^^^^^^^^
  File "/root/trabalho_super/venv_jupyter/lib/python3.12/site-packages/radon/visitors.py", line 48, in code2ast
    return ast.parse(source)
           ^^^^^^^^^^^^^^^^^
  File "/usr/lib/python3.12/ast.py", line 52, in parse
    return compile(source, filename, mode, flags,
           ^^^^^^^^^^^^^^^^^^^^^^^^^^^^^^^^^^^^^^
  File "<unknown>", line 10
    j += 5
          ^
IndentationError: unindent does not match any outer indentation level
2025-07-17 23:29:31,215 cblogger [ERROR]: 		Error while extracting halsted code metrics: unindent does not match any outer indentation level (<unknown>, line 10)
Traceback (most recent call last):
  File "/root/trabalho_super/QuestionInsight/Etapa_1/codebench-mining-tool/util.py", line 569, in extract_halstead_metrics
    h = h_visit(code)
        ^^^^^^^^^^^^^
  File "/root/trabalho_super/venv_jupyter/lib/python3.12/site-packages/radon/metrics.py", line 29, in h_visit
    return h_visit_ast(ast.parse(code))
                       ^^^^^^^^^^^^^^^
  File "/usr/lib/python3.12/ast.py", line 52, in parse
    return compile(source, filename, mode, flags,
           ^^^^^^^^^^^^^^^^^^^^^^^^^^^^^^^^^^^^^^
  File "<unknown>", line 10
    j += 5
          ^
IndentationError: unindent does not match any outer indentation level
2025-07-17 23:29:31,218 cblogger [ERROR]: 		Error while extracting code complexity metrics: '(' was never closed (<unknown>, line 1)
Traceback (most recent call last):
  File "/root/trabalho_super/QuestionInsight/Etapa_1/codebench-mining-tool/util.py", line 551, in extract_complexity_metrics
    v = ComplexityVisitor.from_code(code)
        ^^^^^^^^^^^^^^^^^^^^^^^^^^^^^^^^^
  File "/root/trabalho_super/venv_jupyter/lib/python3.12/site-packages/radon/visitors.py", line 133, in from_code
    return cls.from_ast(code2ast(code), **kwargs)
                        ^^^^^^^^^^^^^^
  File "/root/trabalho_super/venv_jupyter/lib/python3.12/site-packages/radon/visitors.py", line 48, in code2ast
    return ast.parse(source)
           ^^^^^^^^^^^^^^^^^
  File "/usr/lib/python3.12/ast.py", line 52, in parse
    return compile(source, filename, mode, flags,
           ^^^^^^^^^^^^^^^^^^^^^^^^^^^^^^^^^^^^^^
  File "<unknown>", line 1
    input(2000*333
         ^
SyntaxError: '(' was never closed
2025-07-17 23:29:31,219 cblogger [ERROR]: 		Error while extracting code size based metrics: SyntaxError at line: 1
Traceback (most recent call last):
  File "/root/trabalho_super/venv_jupyter/lib/python3.12/site-packages/radon/raw.py", line 210, in analyze
    tokens, parsed_lines = _get_all_tokens(line, lines)
                           ^^^^^^^^^^^^^^^^^^^^^^^^^^^^
  File "/root/trabalho_super/venv_jupyter/lib/python3.12/site-packages/radon/raw.py", line 117, in _get_all_tokens
    next_line = next(lines)
                ^^^^^^^^^^^
StopIteration

During handling of the above exception, another exception occurred:

Traceback (most recent call last):
  File "/root/trabalho_super/QuestionInsight/Etapa_1/codebench-mining-tool/util.py", line 560, in extract_size_metrics
    a = analyze(code)
        ^^^^^^^^^^^^^
  File "/root/trabalho_super/venv_jupyter/lib/python3.12/site-packages/radon/raw.py", line 212, in analyze
    raise SyntaxError('SyntaxError at line: {0}'.format(lineno))
SyntaxError: SyntaxError at line: 1
2025-07-17 23:29:31,219 cblogger [ERROR]: 		Error while extracting halsted code metrics: '(' was never closed (<unknown>, line 1)
Traceback (most recent call last):
  File "/root/trabalho_super/QuestionInsight/Etapa_1/codebench-mining-tool/util.py", line 569, in extract_halstead_metrics
    h = h_visit(code)
        ^^^^^^^^^^^^^
  File "/root/trabalho_super/venv_jupyter/lib/python3.12/site-packages/radon/metrics.py", line 29, in h_visit
    return h_visit_ast(ast.parse(code))
                       ^^^^^^^^^^^^^^^
  File "/usr/lib/python3.12/ast.py", line 52, in parse
    return compile(source, filename, mode, flags,
           ^^^^^^^^^^^^^^^^^^^^^^^^^^^^^^^^^^^^^^
  File "<unknown>", line 1
    input(2000*333
         ^
SyntaxError: '(' was never closed
2025-07-17 23:29:31,229 cblogger [ERROR]: 		Error while extracting code complexity metrics: invalid syntax (<unknown>, line 1)
Traceback (most recent call last):
  File "/root/trabalho_super/QuestionInsight/Etapa_1/codebench-mining-tool/util.py", line 551, in extract_complexity_metrics
    v = ComplexityVisitor.from_code(code)
        ^^^^^^^^^^^^^^^^^^^^^^^^^^^^^^^^^
  File "/root/trabalho_super/venv_jupyter/lib/python3.12/site-packages/radon/visitors.py", line 133, in from_code
    return cls.from_ast(code2ast(code), **kwargs)
                        ^^^^^^^^^^^^^^
  File "/root/trabalho_super/venv_jupyter/lib/python3.12/site-packages/radon/visitors.py", line 48, in code2ast
    return ast.parse(source)
           ^^^^^^^^^^^^^^^^^
  File "/usr/lib/python3.12/ast.py", line 52, in parse
    return compile(source, filename, mode, flags,
           ^^^^^^^^^^^^^^^^^^^^^^^^^^^^^^^^^^^^^^
  File "<unknown>", line 1
    print*****
           ^^
SyntaxError: invalid syntax
2025-07-17 23:29:31,230 cblogger [ERROR]: 		Error while extracting halsted code metrics: invalid syntax (<unknown>, line 1)
Traceback (most recent call last):
  File "/root/trabalho_super/QuestionInsight/Etapa_1/codebench-mining-tool/util.py", line 569, in extract_halstead_metrics
    h = h_visit(code)
        ^^^^^^^^^^^^^
  File "/root/trabalho_super/venv_jupyter/lib/python3.12/site-packages/radon/metrics.py", line 29, in h_visit
    return h_visit_ast(ast.parse(code))
                       ^^^^^^^^^^^^^^^
  File "/usr/lib/python3.12/ast.py", line 52, in parse
    return compile(source, filename, mode, flags,
           ^^^^^^^^^^^^^^^^^^^^^^^^^^^^^^^^^^^^^^
  File "<unknown>", line 1
    print*****
           ^^
SyntaxError: invalid syntax
2025-07-17 23:29:31,233 cblogger [ERROR]: 		Error while extracting code complexity metrics: unindent does not match any outer indentation level (<unknown>, line 10)
Traceback (most recent call last):
  File "/root/trabalho_super/QuestionInsight/Etapa_1/codebench-mining-tool/util.py", line 551, in extract_complexity_metrics
    v = ComplexityVisitor.from_code(code)
        ^^^^^^^^^^^^^^^^^^^^^^^^^^^^^^^^^
  File "/root/trabalho_super/venv_jupyter/lib/python3.12/site-packages/radon/visitors.py", line 133, in from_code
    return cls.from_ast(code2ast(code), **kwargs)
                        ^^^^^^^^^^^^^^
  File "/root/trabalho_super/venv_jupyter/lib/python3.12/site-packages/radon/visitors.py", line 48, in code2ast
    return ast.parse(source)
           ^^^^^^^^^^^^^^^^^
  File "/usr/lib/python3.12/ast.py", line 52, in parse
    return compile(source, filename, mode, flags,
           ^^^^^^^^^^^^^^^^^^^^^^^^^^^^^^^^^^^^^^
  File "<unknown>", line 10
    j += 1
          ^
IndentationError: unindent does not match any outer indentation level
2025-07-17 23:29:31,234 cblogger [ERROR]: 		Error while extracting halsted code metrics: unindent does not match any outer indentation level (<unknown>, line 10)
Traceback (most recent call last):
  File "/root/trabalho_super/QuestionInsight/Etapa_1/codebench-mining-tool/util.py", line 569, in extract_halstead_metrics
    h = h_visit(code)
        ^^^^^^^^^^^^^
  File "/root/trabalho_super/venv_jupyter/lib/python3.12/site-packages/radon/metrics.py", line 29, in h_visit
    return h_visit_ast(ast.parse(code))
                       ^^^^^^^^^^^^^^^
  File "/usr/lib/python3.12/ast.py", line 52, in parse
    return compile(source, filename, mode, flags,
           ^^^^^^^^^^^^^^^^^^^^^^^^^^^^^^^^^^^^^^
  File "<unknown>", line 10
    j += 1
          ^
IndentationError: unindent does not match any outer indentation level
2025-07-17 23:29:31,376 cblogger [ERROR]: 		Error while extracting code complexity metrics: expected ':' (<unknown>, line 9)
Traceback (most recent call last):
  File "/root/trabalho_super/QuestionInsight/Etapa_1/codebench-mining-tool/util.py", line 551, in extract_complexity_metrics
    v = ComplexityVisitor.from_code(code)
        ^^^^^^^^^^^^^^^^^^^^^^^^^^^^^^^^^
  File "/root/trabalho_super/venv_jupyter/lib/python3.12/site-packages/radon/visitors.py", line 133, in from_code
    return cls.from_ast(code2ast(code), **kwargs)
                        ^^^^^^^^^^^^^^
  File "/root/trabalho_super/venv_jupyter/lib/python3.12/site-packages/radon/visitors.py", line 48, in code2ast
    return ast.parse(source)
           ^^^^^^^^^^^^^^^^^
  File "/usr/lib/python3.12/ast.py", line 52, in parse
    return compile(source, filename, mode, flags,
           ^^^^^^^^^^^^^^^^^^^^^^^^^^^^^^^^^^^^^^
  File "<unknown>", line 9
    for i in range(size(golpro)) and range(size(golcontra))
                                                           ^
SyntaxError: expected ':'
2025-07-17 23:29:31,377 cblogger [ERROR]: 		Error while extracting halsted code metrics: expected ':' (<unknown>, line 9)
Traceback (most recent call last):
  File "/root/trabalho_super/QuestionInsight/Etapa_1/codebench-mining-tool/util.py", line 569, in extract_halstead_metrics
    h = h_visit(code)
        ^^^^^^^^^^^^^
  File "/root/trabalho_super/venv_jupyter/lib/python3.12/site-packages/radon/metrics.py", line 29, in h_visit
    return h_visit_ast(ast.parse(code))
                       ^^^^^^^^^^^^^^^
  File "/usr/lib/python3.12/ast.py", line 52, in parse
    return compile(source, filename, mode, flags,
           ^^^^^^^^^^^^^^^^^^^^^^^^^^^^^^^^^^^^^^
  File "<unknown>", line 9
    for i in range(size(golpro)) and range(size(golcontra))
                                                           ^
SyntaxError: expected ':'
2025-07-17 23:29:31,399 cblogger [ERROR]: 		Error while extracting code complexity metrics: invalid syntax (<unknown>, line 12)
Traceback (most recent call last):
  File "/root/trabalho_super/QuestionInsight/Etapa_1/codebench-mining-tool/util.py", line 551, in extract_complexity_metrics
    v = ComplexityVisitor.from_code(code)
        ^^^^^^^^^^^^^^^^^^^^^^^^^^^^^^^^^
  File "/root/trabalho_super/venv_jupyter/lib/python3.12/site-packages/radon/visitors.py", line 133, in from_code
    return cls.from_ast(code2ast(code), **kwargs)
                        ^^^^^^^^^^^^^^
  File "/root/trabalho_super/venv_jupyter/lib/python3.12/site-packages/radon/visitors.py", line 48, in code2ast
    return ast.parse(source)
           ^^^^^^^^^^^^^^^^^
  File "/usr/lib/python3.12/ast.py", line 52, in parse
    return compile(source, filename, mode, flags,
           ^^^^^^^^^^^^^^^^^^^^^^^^^^^^^^^^^^^^^^
  File "<unknown>", line 12
    	+=1
    	^^
SyntaxError: invalid syntax
2025-07-17 23:29:31,400 cblogger [ERROR]: 		Error while extracting halsted code metrics: invalid syntax (<unknown>, line 12)
Traceback (most recent call last):
  File "/root/trabalho_super/QuestionInsight/Etapa_1/codebench-mining-tool/util.py", line 569, in extract_halstead_metrics
    h = h_visit(code)
        ^^^^^^^^^^^^^
  File "/root/trabalho_super/venv_jupyter/lib/python3.12/site-packages/radon/metrics.py", line 29, in h_visit
    return h_visit_ast(ast.parse(code))
                       ^^^^^^^^^^^^^^^
  File "/usr/lib/python3.12/ast.py", line 52, in parse
    return compile(source, filename, mode, flags,
           ^^^^^^^^^^^^^^^^^^^^^^^^^^^^^^^^^^^^^^
  File "<unknown>", line 12
    	+=1
    	^^
SyntaxError: invalid syntax
2025-07-17 23:29:31,522 cblogger [ERROR]: 		Error while extracting code complexity metrics: invalid syntax (<unknown>, line 9)
Traceback (most recent call last):
  File "/root/trabalho_super/QuestionInsight/Etapa_1/codebench-mining-tool/util.py", line 551, in extract_complexity_metrics
    v = ComplexityVisitor.from_code(code)
        ^^^^^^^^^^^^^^^^^^^^^^^^^^^^^^^^^
  File "/root/trabalho_super/venv_jupyter/lib/python3.12/site-packages/radon/visitors.py", line 133, in from_code
    return cls.from_ast(code2ast(code), **kwargs)
                        ^^^^^^^^^^^^^^
  File "/root/trabalho_super/venv_jupyter/lib/python3.12/site-packages/radon/visitors.py", line 48, in code2ast
    return ast.parse(source)
           ^^^^^^^^^^^^^^^^^
  File "/usr/lib/python3.12/ast.py", line 52, in parse
    return compile(source, filename, mode, flags,
           ^^^^^^^^^^^^^^^^^^^^^^^^^^^^^^^^^^^^^^
  File "<unknown>", line 9
    if a or b or c or d =/ float:
                        ^
SyntaxError: invalid syntax
2025-07-17 23:29:31,523 cblogger [ERROR]: 		Error while extracting halsted code metrics: invalid syntax (<unknown>, line 9)
Traceback (most recent call last):
  File "/root/trabalho_super/QuestionInsight/Etapa_1/codebench-mining-tool/util.py", line 569, in extract_halstead_metrics
    h = h_visit(code)
        ^^^^^^^^^^^^^
  File "/root/trabalho_super/venv_jupyter/lib/python3.12/site-packages/radon/metrics.py", line 29, in h_visit
    return h_visit_ast(ast.parse(code))
                       ^^^^^^^^^^^^^^^
  File "/usr/lib/python3.12/ast.py", line 52, in parse
    return compile(source, filename, mode, flags,
           ^^^^^^^^^^^^^^^^^^^^^^^^^^^^^^^^^^^^^^
  File "<unknown>", line 9
    if a or b or c or d =/ float:
                        ^
SyntaxError: invalid syntax
2025-07-17 23:29:31,525 cblogger [ERROR]: 		Error while extracting code complexity metrics: invalid syntax (<unknown>, line 7)
Traceback (most recent call last):
  File "/root/trabalho_super/QuestionInsight/Etapa_1/codebench-mining-tool/util.py", line 551, in extract_complexity_metrics
    v = ComplexityVisitor.from_code(code)
        ^^^^^^^^^^^^^^^^^^^^^^^^^^^^^^^^^
  File "/root/trabalho_super/venv_jupyter/lib/python3.12/site-packages/radon/visitors.py", line 133, in from_code
    return cls.from_ast(code2ast(code), **kwargs)
                        ^^^^^^^^^^^^^^
  File "/root/trabalho_super/venv_jupyter/lib/python3.12/site-packages/radon/visitors.py", line 48, in code2ast
    return ast.parse(source)
           ^^^^^^^^^^^^^^^^^
  File "/usr/lib/python3.12/ast.py", line 52, in parse
    return compile(source, filename, mode, flags,
           ^^^^^^^^^^^^^^^^^^^^^^^^^^^^^^^^^^^^^^
  File "<unknown>", line 7
    volume = 4*pi*(raio**3)/
                            ^
SyntaxError: invalid syntax
2025-07-17 23:29:31,526 cblogger [ERROR]: 		Error while extracting halsted code metrics: invalid syntax (<unknown>, line 7)
Traceback (most recent call last):
  File "/root/trabalho_super/QuestionInsight/Etapa_1/codebench-mining-tool/util.py", line 569, in extract_halstead_metrics
    h = h_visit(code)
        ^^^^^^^^^^^^^
  File "/root/trabalho_super/venv_jupyter/lib/python3.12/site-packages/radon/metrics.py", line 29, in h_visit
    return h_visit_ast(ast.parse(code))
                       ^^^^^^^^^^^^^^^
  File "/usr/lib/python3.12/ast.py", line 52, in parse
    return compile(source, filename, mode, flags,
           ^^^^^^^^^^^^^^^^^^^^^^^^^^^^^^^^^^^^^^
  File "<unknown>", line 7
    volume = 4*pi*(raio**3)/
                            ^
SyntaxError: invalid syntax
2025-07-17 23:29:31,543 cblogger [ERROR]: 		Error while extracting code complexity metrics: invalid syntax. Perhaps you forgot a comma? (<unknown>, line 2)
Traceback (most recent call last):
  File "/root/trabalho_super/QuestionInsight/Etapa_1/codebench-mining-tool/util.py", line 551, in extract_complexity_metrics
    v = ComplexityVisitor.from_code(code)
        ^^^^^^^^^^^^^^^^^^^^^^^^^^^^^^^^^
  File "/root/trabalho_super/venv_jupyter/lib/python3.12/site-packages/radon/visitors.py", line 133, in from_code
    return cls.from_ast(code2ast(code), **kwargs)
                        ^^^^^^^^^^^^^^
  File "/root/trabalho_super/venv_jupyter/lib/python3.12/site-packages/radon/visitors.py", line 48, in code2ast
    return ast.parse(source)
           ^^^^^^^^^^^^^^^^^
  File "/usr/lib/python3.12/ast.py", line 52, in parse
    return compile(source, filename, mode, flags,
           ^^^^^^^^^^^^^^^^^^^^^^^^^^^^^^^^^^^^^^
  File "<unknown>", line 2
    v= array(input(insira o conjunto numerico:   ))
                   ^^^^^^^^
SyntaxError: invalid syntax. Perhaps you forgot a comma?
2025-07-17 23:29:31,544 cblogger [ERROR]: 		Error while extracting halsted code metrics: invalid syntax. Perhaps you forgot a comma? (<unknown>, line 2)
Traceback (most recent call last):
  File "/root/trabalho_super/QuestionInsight/Etapa_1/codebench-mining-tool/util.py", line 569, in extract_halstead_metrics
    h = h_visit(code)
        ^^^^^^^^^^^^^
  File "/root/trabalho_super/venv_jupyter/lib/python3.12/site-packages/radon/metrics.py", line 29, in h_visit
    return h_visit_ast(ast.parse(code))
                       ^^^^^^^^^^^^^^^
  File "/usr/lib/python3.12/ast.py", line 52, in parse
    return compile(source, filename, mode, flags,
           ^^^^^^^^^^^^^^^^^^^^^^^^^^^^^^^^^^^^^^
  File "<unknown>", line 2
    v= array(input(insira o conjunto numerico:   ))
                   ^^^^^^^^
SyntaxError: invalid syntax. Perhaps you forgot a comma?
2025-07-17 23:29:31,546 cblogger [ERROR]: 		Error while extracting code complexity metrics: invalid syntax (<unknown>, line 2)
Traceback (most recent call last):
  File "/root/trabalho_super/QuestionInsight/Etapa_1/codebench-mining-tool/util.py", line 551, in extract_complexity_metrics
    v = ComplexityVisitor.from_code(code)
        ^^^^^^^^^^^^^^^^^^^^^^^^^^^^^^^^^
  File "/root/trabalho_super/venv_jupyter/lib/python3.12/site-packages/radon/visitors.py", line 133, in from_code
    return cls.from_ast(code2ast(code), **kwargs)
                        ^^^^^^^^^^^^^^
  File "/root/trabalho_super/venv_jupyter/lib/python3.12/site-packages/radon/visitors.py", line 48, in code2ast
    return ast.parse(source)
           ^^^^^^^^^^^^^^^^^
  File "/usr/lib/python3.12/ast.py", line 52, in parse
    return compile(source, filename, mode, flags,
           ^^^^^^^^^^^^^^^^^^^^^^^^^^^^^^^^^^^^^^
  File "<unknown>", line 2
    s= (array (eval( input "insira o nome:   ")))
                           ^^^^^^^^^^^^^^^^^^^
SyntaxError: invalid syntax
2025-07-17 23:29:31,547 cblogger [ERROR]: 		Error while extracting halsted code metrics: invalid syntax (<unknown>, line 2)
Traceback (most recent call last):
  File "/root/trabalho_super/QuestionInsight/Etapa_1/codebench-mining-tool/util.py", line 569, in extract_halstead_metrics
    h = h_visit(code)
        ^^^^^^^^^^^^^
  File "/root/trabalho_super/venv_jupyter/lib/python3.12/site-packages/radon/metrics.py", line 29, in h_visit
    return h_visit_ast(ast.parse(code))
                       ^^^^^^^^^^^^^^^
  File "/usr/lib/python3.12/ast.py", line 52, in parse
    return compile(source, filename, mode, flags,
           ^^^^^^^^^^^^^^^^^^^^^^^^^^^^^^^^^^^^^^
  File "<unknown>", line 2
    s= (array (eval( input "insira o nome:   ")))
                           ^^^^^^^^^^^^^^^^^^^
SyntaxError: invalid syntax
2025-07-17 23:29:31,551 cblogger [ERROR]: 		Error while extracting code complexity metrics: invalid syntax (<unknown>, line 6)
Traceback (most recent call last):
  File "/root/trabalho_super/QuestionInsight/Etapa_1/codebench-mining-tool/util.py", line 551, in extract_complexity_metrics
    v = ComplexityVisitor.from_code(code)
        ^^^^^^^^^^^^^^^^^^^^^^^^^^^^^^^^^
  File "/root/trabalho_super/venv_jupyter/lib/python3.12/site-packages/radon/visitors.py", line 133, in from_code
    return cls.from_ast(code2ast(code), **kwargs)
                        ^^^^^^^^^^^^^^
  File "/root/trabalho_super/venv_jupyter/lib/python3.12/site-packages/radon/visitors.py", line 48, in code2ast
    return ast.parse(source)
           ^^^^^^^^^^^^^^^^^
  File "/usr/lib/python3.12/ast.py", line 52, in parse
    return compile(source, filename, mode, flags,
           ^^^^^^^^^^^^^^^^^^^^^^^^^^^^^^^^^^^^^^
  File "<unknown>", line 6
    c = ?????? * cos (g) 
        ^
SyntaxError: invalid syntax
2025-07-17 23:29:31,551 cblogger [ERROR]: 		Error while extracting halsted code metrics: invalid syntax (<unknown>, line 6)
Traceback (most recent call last):
  File "/root/trabalho_super/QuestionInsight/Etapa_1/codebench-mining-tool/util.py", line 569, in extract_halstead_metrics
    h = h_visit(code)
        ^^^^^^^^^^^^^
  File "/root/trabalho_super/venv_jupyter/lib/python3.12/site-packages/radon/metrics.py", line 29, in h_visit
    return h_visit_ast(ast.parse(code))
                       ^^^^^^^^^^^^^^^
  File "/usr/lib/python3.12/ast.py", line 52, in parse
    return compile(source, filename, mode, flags,
           ^^^^^^^^^^^^^^^^^^^^^^^^^^^^^^^^^^^^^^
  File "<unknown>", line 6
    c = ?????? * cos (g) 
        ^
SyntaxError: invalid syntax
2025-07-17 23:29:31,552 cblogger [ERROR]: 		Error while extracting code token based metrics: 55
Traceback (most recent call last):
  File "/root/trabalho_super/QuestionInsight/Etapa_1/codebench-mining-tool/util.py", line 633, in extract_token_metrics
    setattr(obj, TOKEN_NAMES[k], v)
                 ~~~~~~~~~~~^^^
KeyError: 55
2025-07-17 23:29:31,556 cblogger [ERROR]: 		Error while extracting code complexity metrics: invalid syntax (<unknown>, line 15)
Traceback (most recent call last):
  File "/root/trabalho_super/QuestionInsight/Etapa_1/codebench-mining-tool/util.py", line 551, in extract_complexity_metrics
    v = ComplexityVisitor.from_code(code)
        ^^^^^^^^^^^^^^^^^^^^^^^^^^^^^^^^^
  File "/root/trabalho_super/venv_jupyter/lib/python3.12/site-packages/radon/visitors.py", line 133, in from_code
    return cls.from_ast(code2ast(code), **kwargs)
                        ^^^^^^^^^^^^^^
  File "/root/trabalho_super/venv_jupyter/lib/python3.12/site-packages/radon/visitors.py", line 48, in code2ast
    return ast.parse(source)
           ^^^^^^^^^^^^^^^^^
  File "/usr/lib/python3.12/ast.py", line 52, in parse
    return compile(source, filename, mode, flags,
           ^^^^^^^^^^^^^^^^^^^^^^^^^^^^^^^^^^^^^^
  File "<unknown>", line 15
    			else: 
    			^^^^
SyntaxError: invalid syntax
2025-07-17 23:29:31,558 cblogger [ERROR]: 		Error while extracting halsted code metrics: invalid syntax (<unknown>, line 15)
Traceback (most recent call last):
  File "/root/trabalho_super/QuestionInsight/Etapa_1/codebench-mining-tool/util.py", line 569, in extract_halstead_metrics
    h = h_visit(code)
        ^^^^^^^^^^^^^
  File "/root/trabalho_super/venv_jupyter/lib/python3.12/site-packages/radon/metrics.py", line 29, in h_visit
    return h_visit_ast(ast.parse(code))
                       ^^^^^^^^^^^^^^^
  File "/usr/lib/python3.12/ast.py", line 52, in parse
    return compile(source, filename, mode, flags,
           ^^^^^^^^^^^^^^^^^^^^^^^^^^^^^^^^^^^^^^
  File "<unknown>", line 15
    			else: 
    			^^^^
SyntaxError: invalid syntax
2025-07-17 23:29:31,563 cblogger [ERROR]: 		Error while extracting code complexity metrics: invalid syntax (<unknown>, line 3)
Traceback (most recent call last):
  File "/root/trabalho_super/QuestionInsight/Etapa_1/codebench-mining-tool/util.py", line 551, in extract_complexity_metrics
    v = ComplexityVisitor.from_code(code)
        ^^^^^^^^^^^^^^^^^^^^^^^^^^^^^^^^^
  File "/root/trabalho_super/venv_jupyter/lib/python3.12/site-packages/radon/visitors.py", line 133, in from_code
    return cls.from_ast(code2ast(code), **kwargs)
                        ^^^^^^^^^^^^^^
  File "/root/trabalho_super/venv_jupyter/lib/python3.12/site-packages/radon/visitors.py", line 48, in code2ast
    return ast.parse(source)
           ^^^^^^^^^^^^^^^^^
  File "/usr/lib/python3.12/ast.py", line 52, in parse
    return compile(source, filename, mode, flags,
           ^^^^^^^^^^^^^^^^^^^^^^^^^^^^^^^^^^^^^^
  File "<unknown>", line 3
    import .math
           ^
SyntaxError: invalid syntax
2025-07-17 23:29:31,563 cblogger [ERROR]: 		Error while extracting halsted code metrics: invalid syntax (<unknown>, line 3)
Traceback (most recent call last):
  File "/root/trabalho_super/QuestionInsight/Etapa_1/codebench-mining-tool/util.py", line 569, in extract_halstead_metrics
    h = h_visit(code)
        ^^^^^^^^^^^^^
  File "/root/trabalho_super/venv_jupyter/lib/python3.12/site-packages/radon/metrics.py", line 29, in h_visit
    return h_visit_ast(ast.parse(code))
                       ^^^^^^^^^^^^^^^
  File "/usr/lib/python3.12/ast.py", line 52, in parse
    return compile(source, filename, mode, flags,
           ^^^^^^^^^^^^^^^^^^^^^^^^^^^^^^^^^^^^^^
  File "<unknown>", line 3
    import .math
           ^
SyntaxError: invalid syntax
2025-07-17 23:29:31,567 cblogger [ERROR]: 		Error while extracting code complexity metrics: invalid syntax. Perhaps you forgot a comma? (<unknown>, line 2)
Traceback (most recent call last):
  File "/root/trabalho_super/QuestionInsight/Etapa_1/codebench-mining-tool/util.py", line 551, in extract_complexity_metrics
    v = ComplexityVisitor.from_code(code)
        ^^^^^^^^^^^^^^^^^^^^^^^^^^^^^^^^^
  File "/root/trabalho_super/venv_jupyter/lib/python3.12/site-packages/radon/visitors.py", line 133, in from_code
    return cls.from_ast(code2ast(code), **kwargs)
                        ^^^^^^^^^^^^^^
  File "/root/trabalho_super/venv_jupyter/lib/python3.12/site-packages/radon/visitors.py", line 48, in code2ast
    return ast.parse(source)
           ^^^^^^^^^^^^^^^^^
  File "/usr/lib/python3.12/ast.py", line 52, in parse
    return compile(source, filename, mode, flags,
           ^^^^^^^^^^^^^^^^^^^^^^^^^^^^^^^^^^^^^^
  File "<unknown>", line 2
    print.upper (ada lovelace foi a primeira programadora da historia.)
                 ^^^^^^^^^^^^
SyntaxError: invalid syntax. Perhaps you forgot a comma?
2025-07-17 23:29:31,568 cblogger [ERROR]: 		Error while extracting halsted code metrics: invalid syntax. Perhaps you forgot a comma? (<unknown>, line 2)
Traceback (most recent call last):
  File "/root/trabalho_super/QuestionInsight/Etapa_1/codebench-mining-tool/util.py", line 569, in extract_halstead_metrics
    h = h_visit(code)
        ^^^^^^^^^^^^^
  File "/root/trabalho_super/venv_jupyter/lib/python3.12/site-packages/radon/metrics.py", line 29, in h_visit
    return h_visit_ast(ast.parse(code))
                       ^^^^^^^^^^^^^^^
  File "/usr/lib/python3.12/ast.py", line 52, in parse
    return compile(source, filename, mode, flags,
           ^^^^^^^^^^^^^^^^^^^^^^^^^^^^^^^^^^^^^^
  File "<unknown>", line 2
    print.upper (ada lovelace foi a primeira programadora da historia.)
                 ^^^^^^^^^^^^
SyntaxError: invalid syntax. Perhaps you forgot a comma?
2025-07-17 23:29:31,569 cblogger [ERROR]: 		Error while extracting code complexity metrics: invalid syntax (<unknown>, line 4)
Traceback (most recent call last):
  File "/root/trabalho_super/QuestionInsight/Etapa_1/codebench-mining-tool/util.py", line 551, in extract_complexity_metrics
    v = ComplexityVisitor.from_code(code)
        ^^^^^^^^^^^^^^^^^^^^^^^^^^^^^^^^^
  File "/root/trabalho_super/venv_jupyter/lib/python3.12/site-packages/radon/visitors.py", line 133, in from_code
    return cls.from_ast(code2ast(code), **kwargs)
                        ^^^^^^^^^^^^^^
  File "/root/trabalho_super/venv_jupyter/lib/python3.12/site-packages/radon/visitors.py", line 48, in code2ast
    return ast.parse(source)
           ^^^^^^^^^^^^^^^^^
  File "/usr/lib/python3.12/ast.py", line 52, in parse
    return compile(source, filename, mode, flags,
           ^^^^^^^^^^^^^^^^^^^^^^^^^^^^^^^^^^^^^^
  File "<unknown>", line 4
    while i=!3:
           ^
SyntaxError: invalid syntax
2025-07-17 23:29:31,570 cblogger [ERROR]: 		Error while extracting halsted code metrics: invalid syntax (<unknown>, line 4)
Traceback (most recent call last):
  File "/root/trabalho_super/QuestionInsight/Etapa_1/codebench-mining-tool/util.py", line 569, in extract_halstead_metrics
    h = h_visit(code)
        ^^^^^^^^^^^^^
  File "/root/trabalho_super/venv_jupyter/lib/python3.12/site-packages/radon/metrics.py", line 29, in h_visit
    return h_visit_ast(ast.parse(code))
                       ^^^^^^^^^^^^^^^
  File "/usr/lib/python3.12/ast.py", line 52, in parse
    return compile(source, filename, mode, flags,
           ^^^^^^^^^^^^^^^^^^^^^^^^^^^^^^^^^^^^^^
  File "<unknown>", line 4
    while i=!3:
           ^
SyntaxError: invalid syntax
2025-07-17 23:29:31,573 cblogger [ERROR]: 		Error while extracting code complexity metrics: invalid syntax. Perhaps you forgot a comma? (<unknown>, line 11)
Traceback (most recent call last):
  File "/root/trabalho_super/QuestionInsight/Etapa_1/codebench-mining-tool/util.py", line 551, in extract_complexity_metrics
    v = ComplexityVisitor.from_code(code)
        ^^^^^^^^^^^^^^^^^^^^^^^^^^^^^^^^^
  File "/root/trabalho_super/venv_jupyter/lib/python3.12/site-packages/radon/visitors.py", line 133, in from_code
    return cls.from_ast(code2ast(code), **kwargs)
                        ^^^^^^^^^^^^^^
  File "/root/trabalho_super/venv_jupyter/lib/python3.12/site-packages/radon/visitors.py", line 48, in code2ast
    return ast.parse(source)
           ^^^^^^^^^^^^^^^^^
  File "/usr/lib/python3.12/ast.py", line 52, in parse
    return compile(source, filename, mode, flags,
           ^^^^^^^^^^^^^^^^^^^^^^^^^^^^^^^^^^^^^^
  File "<unknown>", line 11
    	if (CONDIÇÃO DE PARIDADE):
    	    ^^^^^^^^^^^
SyntaxError: invalid syntax. Perhaps you forgot a comma?
2025-07-17 23:29:31,574 cblogger [ERROR]: 		Error while extracting halsted code metrics: invalid syntax. Perhaps you forgot a comma? (<unknown>, line 11)
Traceback (most recent call last):
  File "/root/trabalho_super/QuestionInsight/Etapa_1/codebench-mining-tool/util.py", line 569, in extract_halstead_metrics
    h = h_visit(code)
        ^^^^^^^^^^^^^
  File "/root/trabalho_super/venv_jupyter/lib/python3.12/site-packages/radon/metrics.py", line 29, in h_visit
    return h_visit_ast(ast.parse(code))
                       ^^^^^^^^^^^^^^^
  File "/usr/lib/python3.12/ast.py", line 52, in parse
    return compile(source, filename, mode, flags,
           ^^^^^^^^^^^^^^^^^^^^^^^^^^^^^^^^^^^^^^
  File "<unknown>", line 11
    	if (CONDIÇÃO DE PARIDADE):
    	    ^^^^^^^^^^^
SyntaxError: invalid syntax. Perhaps you forgot a comma?
2025-07-17 23:29:31,575 cblogger [ERROR]: 		Error while extracting code token based metrics: 55
Traceback (most recent call last):
  File "/root/trabalho_super/QuestionInsight/Etapa_1/codebench-mining-tool/util.py", line 633, in extract_token_metrics
    setattr(obj, TOKEN_NAMES[k], v)
                 ~~~~~~~~~~~^^^
KeyError: 55
2025-07-17 23:29:31,582 cblogger [ERROR]: 		Error while extracting code complexity metrics: invalid syntax (<unknown>, line 2)
Traceback (most recent call last):
  File "/root/trabalho_super/QuestionInsight/Etapa_1/codebench-mining-tool/util.py", line 551, in extract_complexity_metrics
    v = ComplexityVisitor.from_code(code)
        ^^^^^^^^^^^^^^^^^^^^^^^^^^^^^^^^^
  File "/root/trabalho_super/venv_jupyter/lib/python3.12/site-packages/radon/visitors.py", line 133, in from_code
    return cls.from_ast(code2ast(code), **kwargs)
                        ^^^^^^^^^^^^^^
  File "/root/trabalho_super/venv_jupyter/lib/python3.12/site-packages/radon/visitors.py", line 48, in code2ast
    return ast.parse(source)
           ^^^^^^^^^^^^^^^^^
  File "/usr/lib/python3.12/ast.py", line 52, in parse
    return compile(source, filename, mode, flags,
           ^^^^^^^^^^^^^^^^^^^^^^^^^^^^^^^^^^^^^^
  File "<unknown>", line 2
    if "x"  3:
            ^
SyntaxError: invalid syntax
2025-07-17 23:29:31,583 cblogger [ERROR]: 		Error while extracting halsted code metrics: invalid syntax (<unknown>, line 2)
Traceback (most recent call last):
  File "/root/trabalho_super/QuestionInsight/Etapa_1/codebench-mining-tool/util.py", line 569, in extract_halstead_metrics
    h = h_visit(code)
        ^^^^^^^^^^^^^
  File "/root/trabalho_super/venv_jupyter/lib/python3.12/site-packages/radon/metrics.py", line 29, in h_visit
    return h_visit_ast(ast.parse(code))
                       ^^^^^^^^^^^^^^^
  File "/usr/lib/python3.12/ast.py", line 52, in parse
    return compile(source, filename, mode, flags,
           ^^^^^^^^^^^^^^^^^^^^^^^^^^^^^^^^^^^^^^
  File "<unknown>", line 2
    if "x"  3:
            ^
SyntaxError: invalid syntax
2025-07-17 23:29:31,587 cblogger [ERROR]: 		Error while extracting code complexity metrics: invalid syntax (<unknown>, line 11)
Traceback (most recent call last):
  File "/root/trabalho_super/QuestionInsight/Etapa_1/codebench-mining-tool/util.py", line 551, in extract_complexity_metrics
    v = ComplexityVisitor.from_code(code)
        ^^^^^^^^^^^^^^^^^^^^^^^^^^^^^^^^^
  File "/root/trabalho_super/venv_jupyter/lib/python3.12/site-packages/radon/visitors.py", line 133, in from_code
    return cls.from_ast(code2ast(code), **kwargs)
                        ^^^^^^^^^^^^^^
  File "/root/trabalho_super/venv_jupyter/lib/python3.12/site-packages/radon/visitors.py", line 48, in code2ast
    return ast.parse(source)
           ^^^^^^^^^^^^^^^^^
  File "/usr/lib/python3.12/ast.py", line 52, in parse
    return compile(source, filename, mode, flags,
           ^^^^^^^^^^^^^^^^^^^^^^^^^^^^^^^^^^^^^^
  File "<unknown>", line 11
    if (a>=0 and b=> 0 and c>=0):
                  ^
SyntaxError: invalid syntax
2025-07-17 23:29:31,589 cblogger [ERROR]: 		Error while extracting halsted code metrics: invalid syntax (<unknown>, line 11)
Traceback (most recent call last):
  File "/root/trabalho_super/QuestionInsight/Etapa_1/codebench-mining-tool/util.py", line 569, in extract_halstead_metrics
    h = h_visit(code)
        ^^^^^^^^^^^^^
  File "/root/trabalho_super/venv_jupyter/lib/python3.12/site-packages/radon/metrics.py", line 29, in h_visit
    return h_visit_ast(ast.parse(code))
                       ^^^^^^^^^^^^^^^
  File "/usr/lib/python3.12/ast.py", line 52, in parse
    return compile(source, filename, mode, flags,
           ^^^^^^^^^^^^^^^^^^^^^^^^^^^^^^^^^^^^^^
  File "<unknown>", line 11
    if (a>=0 and b=> 0 and c>=0):
                  ^
SyntaxError: invalid syntax
2025-07-17 23:29:31,595 cblogger [ERROR]: 		Error while extracting code complexity metrics: invalid syntax (<unknown>, line 10)
Traceback (most recent call last):
  File "/root/trabalho_super/QuestionInsight/Etapa_1/codebench-mining-tool/util.py", line 551, in extract_complexity_metrics
    v = ComplexityVisitor.from_code(code)
        ^^^^^^^^^^^^^^^^^^^^^^^^^^^^^^^^^
  File "/root/trabalho_super/venv_jupyter/lib/python3.12/site-packages/radon/visitors.py", line 133, in from_code
    return cls.from_ast(code2ast(code), **kwargs)
                        ^^^^^^^^^^^^^^
  File "/root/trabalho_super/venv_jupyter/lib/python3.12/site-packages/radon/visitors.py", line 48, in code2ast
    return ast.parse(source)
           ^^^^^^^^^^^^^^^^^
  File "/usr/lib/python3.12/ast.py", line 52, in parse
    return compile(source, filename, mode, flags,
           ^^^^^^^^^^^^^^^^^^^^^^^^^^^^^^^^^^^^^^
  File "<unknown>", line 10
    while total_j > total _o
                          ^^
SyntaxError: invalid syntax
2025-07-17 23:29:31,596 cblogger [ERROR]: 		Error while extracting halsted code metrics: invalid syntax (<unknown>, line 10)
Traceback (most recent call last):
  File "/root/trabalho_super/QuestionInsight/Etapa_1/codebench-mining-tool/util.py", line 569, in extract_halstead_metrics
    h = h_visit(code)
        ^^^^^^^^^^^^^
  File "/root/trabalho_super/venv_jupyter/lib/python3.12/site-packages/radon/metrics.py", line 29, in h_visit
    return h_visit_ast(ast.parse(code))
                       ^^^^^^^^^^^^^^^
  File "/usr/lib/python3.12/ast.py", line 52, in parse
    return compile(source, filename, mode, flags,
           ^^^^^^^^^^^^^^^^^^^^^^^^^^^^^^^^^^^^^^
  File "<unknown>", line 10
    while total_j > total _o
                          ^^
SyntaxError: invalid syntax
2025-07-17 23:29:31,631 cblogger [ERROR]: 		Error while extracting code complexity metrics: invalid syntax. Perhaps you forgot a comma? (<unknown>, line 11)
Traceback (most recent call last):
  File "/root/trabalho_super/QuestionInsight/Etapa_1/codebench-mining-tool/util.py", line 551, in extract_complexity_metrics
    v = ComplexityVisitor.from_code(code)
        ^^^^^^^^^^^^^^^^^^^^^^^^^^^^^^^^^
  File "/root/trabalho_super/venv_jupyter/lib/python3.12/site-packages/radon/visitors.py", line 133, in from_code
    return cls.from_ast(code2ast(code), **kwargs)
                        ^^^^^^^^^^^^^^
  File "/root/trabalho_super/venv_jupyter/lib/python3.12/site-packages/radon/visitors.py", line 48, in code2ast
    return ast.parse(source)
           ^^^^^^^^^^^^^^^^^
  File "/usr/lib/python3.12/ast.py", line 52, in parse
    return compile(source, filename, mode, flags,
           ^^^^^^^^^^^^^^^^^^^^^^^^^^^^^^^^^^^^^^
  File "<unknown>", line 11
    if (___COMPLETE AQUI___):
        ^^^^^^^^^^^^^^^^^^^
SyntaxError: invalid syntax. Perhaps you forgot a comma?
2025-07-17 23:29:31,632 cblogger [ERROR]: 		Error while extracting halsted code metrics: invalid syntax. Perhaps you forgot a comma? (<unknown>, line 11)
Traceback (most recent call last):
  File "/root/trabalho_super/QuestionInsight/Etapa_1/codebench-mining-tool/util.py", line 569, in extract_halstead_metrics
    h = h_visit(code)
        ^^^^^^^^^^^^^
  File "/root/trabalho_super/venv_jupyter/lib/python3.12/site-packages/radon/metrics.py", line 29, in h_visit
    return h_visit_ast(ast.parse(code))
                       ^^^^^^^^^^^^^^^
  File "/usr/lib/python3.12/ast.py", line 52, in parse
    return compile(source, filename, mode, flags,
           ^^^^^^^^^^^^^^^^^^^^^^^^^^^^^^^^^^^^^^
  File "<unknown>", line 11
    if (___COMPLETE AQUI___):
        ^^^^^^^^^^^^^^^^^^^
SyntaxError: invalid syntax. Perhaps you forgot a comma?
2025-07-17 23:29:31,676 cblogger [ERROR]: 		Error while extracting code complexity metrics: invalid syntax (<unknown>, line 5)
Traceback (most recent call last):
  File "/root/trabalho_super/QuestionInsight/Etapa_1/codebench-mining-tool/util.py", line 551, in extract_complexity_metrics
    v = ComplexityVisitor.from_code(code)
        ^^^^^^^^^^^^^^^^^^^^^^^^^^^^^^^^^
  File "/root/trabalho_super/venv_jupyter/lib/python3.12/site-packages/radon/visitors.py", line 133, in from_code
    return cls.from_ast(code2ast(code), **kwargs)
                        ^^^^^^^^^^^^^^
  File "/root/trabalho_super/venv_jupyter/lib/python3.12/site-packages/radon/visitors.py", line 48, in code2ast
    return ast.parse(source)
           ^^^^^^^^^^^^^^^^^
  File "/usr/lib/python3.12/ast.py", line 52, in parse
    return compile(source, filename, mode, flags,
           ^^^^^^^^^^^^^^^^^^^^^^^^^^^^^^^^^^^^^^
  File "<unknown>", line 5
    ????? = f???t(input("Qual o valor unitario do jogo? "))
    ^
SyntaxError: invalid syntax
2025-07-17 23:29:31,677 cblogger [ERROR]: 		Error while extracting halsted code metrics: invalid syntax (<unknown>, line 5)
Traceback (most recent call last):
  File "/root/trabalho_super/QuestionInsight/Etapa_1/codebench-mining-tool/util.py", line 569, in extract_halstead_metrics
    h = h_visit(code)
        ^^^^^^^^^^^^^
  File "/root/trabalho_super/venv_jupyter/lib/python3.12/site-packages/radon/metrics.py", line 29, in h_visit
    return h_visit_ast(ast.parse(code))
                       ^^^^^^^^^^^^^^^
  File "/usr/lib/python3.12/ast.py", line 52, in parse
    return compile(source, filename, mode, flags,
           ^^^^^^^^^^^^^^^^^^^^^^^^^^^^^^^^^^^^^^
  File "<unknown>", line 5
    ????? = f???t(input("Qual o valor unitario do jogo? "))
    ^
SyntaxError: invalid syntax
2025-07-17 23:29:31,678 cblogger [ERROR]: 		Error while extracting code token based metrics: 55
Traceback (most recent call last):
  File "/root/trabalho_super/QuestionInsight/Etapa_1/codebench-mining-tool/util.py", line 633, in extract_token_metrics
    setattr(obj, TOKEN_NAMES[k], v)
                 ~~~~~~~~~~~^^^
KeyError: 55
2025-07-17 23:29:31,744 cblogger [ERROR]: 		Error while extracting code complexity metrics: invalid syntax (<unknown>, line 1)
Traceback (most recent call last):
  File "/root/trabalho_super/QuestionInsight/Etapa_1/codebench-mining-tool/util.py", line 551, in extract_complexity_metrics
    v = ComplexityVisitor.from_code(code)
        ^^^^^^^^^^^^^^^^^^^^^^^^^^^^^^^^^
  File "/root/trabalho_super/venv_jupyter/lib/python3.12/site-packages/radon/visitors.py", line 133, in from_code
    return cls.from_ast(code2ast(code), **kwargs)
                        ^^^^^^^^^^^^^^
  File "/root/trabalho_super/venv_jupyter/lib/python3.12/site-packages/radon/visitors.py", line 48, in code2ast
    return ast.parse(source)
           ^^^^^^^^^^^^^^^^^
  File "/usr/lib/python3.12/ast.py", line 52, in parse
    return compile(source, filename, mode, flags,
           ^^^^^^^^^^^^^^^^^^^^^^^^^^^^^^^^^^^^^^
  File "<unknown>", line 1
    marth from 
          ^^^^
SyntaxError: invalid syntax
2025-07-17 23:29:31,745 cblogger [ERROR]: 		Error while extracting halsted code metrics: invalid syntax (<unknown>, line 1)
Traceback (most recent call last):
  File "/root/trabalho_super/QuestionInsight/Etapa_1/codebench-mining-tool/util.py", line 569, in extract_halstead_metrics
    h = h_visit(code)
        ^^^^^^^^^^^^^
  File "/root/trabalho_super/venv_jupyter/lib/python3.12/site-packages/radon/metrics.py", line 29, in h_visit
    return h_visit_ast(ast.parse(code))
                       ^^^^^^^^^^^^^^^
  File "/usr/lib/python3.12/ast.py", line 52, in parse
    return compile(source, filename, mode, flags,
           ^^^^^^^^^^^^^^^^^^^^^^^^^^^^^^^^^^^^^^
  File "<unknown>", line 1
    marth from 
          ^^^^
SyntaxError: invalid syntax
2025-07-17 23:29:31,822 cblogger [ERROR]: 		Error while extracting code complexity metrics: invalid syntax (<unknown>, line 4)
Traceback (most recent call last):
  File "/root/trabalho_super/QuestionInsight/Etapa_1/codebench-mining-tool/util.py", line 551, in extract_complexity_metrics
    v = ComplexityVisitor.from_code(code)
        ^^^^^^^^^^^^^^^^^^^^^^^^^^^^^^^^^
  File "/root/trabalho_super/venv_jupyter/lib/python3.12/site-packages/radon/visitors.py", line 133, in from_code
    return cls.from_ast(code2ast(code), **kwargs)
                        ^^^^^^^^^^^^^^
  File "/root/trabalho_super/venv_jupyter/lib/python3.12/site-packages/radon/visitors.py", line 48, in code2ast
    return ast.parse(source)
           ^^^^^^^^^^^^^^^^^
  File "/usr/lib/python3.12/ast.py", line 52, in parse
    return compile(source, filename, mode, flags,
           ^^^^^^^^^^^^^^^^^^^^^^^^^^^^^^^^^^^^^^
  File "<unknown>", line 4
    h=
      ^
SyntaxError: invalid syntax
2025-07-17 23:29:31,822 cblogger [ERROR]: 		Error while extracting halsted code metrics: invalid syntax (<unknown>, line 4)
Traceback (most recent call last):
  File "/root/trabalho_super/QuestionInsight/Etapa_1/codebench-mining-tool/util.py", line 569, in extract_halstead_metrics
    h = h_visit(code)
        ^^^^^^^^^^^^^
  File "/root/trabalho_super/venv_jupyter/lib/python3.12/site-packages/radon/metrics.py", line 29, in h_visit
    return h_visit_ast(ast.parse(code))
                       ^^^^^^^^^^^^^^^
  File "/usr/lib/python3.12/ast.py", line 52, in parse
    return compile(source, filename, mode, flags,
           ^^^^^^^^^^^^^^^^^^^^^^^^^^^^^^^^^^^^^^
  File "<unknown>", line 4
    h=
      ^
SyntaxError: invalid syntax
2025-07-17 23:29:32,002 cblogger [ERROR]: 		Error while extracting code complexity metrics: invalid syntax (<unknown>, line 5)
Traceback (most recent call last):
  File "/root/trabalho_super/QuestionInsight/Etapa_1/codebench-mining-tool/util.py", line 551, in extract_complexity_metrics
    v = ComplexityVisitor.from_code(code)
        ^^^^^^^^^^^^^^^^^^^^^^^^^^^^^^^^^
  File "/root/trabalho_super/venv_jupyter/lib/python3.12/site-packages/radon/visitors.py", line 133, in from_code
    return cls.from_ast(code2ast(code), **kwargs)
                        ^^^^^^^^^^^^^^
  File "/root/trabalho_super/venv_jupyter/lib/python3.12/site-packages/radon/visitors.py", line 48, in code2ast
    return ast.parse(source)
           ^^^^^^^^^^^^^^^^^
  File "/usr/lib/python3.12/ast.py", line 52, in parse
    return compile(source, filename, mode, flags,
           ^^^^^^^^^^^^^^^^^^^^^^^^^^^^^^^^^^^^^^
  File "<unknown>", line 5
    	if n%1==0 and n%3==0 and:
    	                        ^
SyntaxError: invalid syntax
2025-07-17 23:29:32,003 cblogger [ERROR]: 		Error while extracting halsted code metrics: invalid syntax (<unknown>, line 5)
Traceback (most recent call last):
  File "/root/trabalho_super/QuestionInsight/Etapa_1/codebench-mining-tool/util.py", line 569, in extract_halstead_metrics
    h = h_visit(code)
        ^^^^^^^^^^^^^
  File "/root/trabalho_super/venv_jupyter/lib/python3.12/site-packages/radon/metrics.py", line 29, in h_visit
    return h_visit_ast(ast.parse(code))
                       ^^^^^^^^^^^^^^^
  File "/usr/lib/python3.12/ast.py", line 52, in parse
    return compile(source, filename, mode, flags,
           ^^^^^^^^^^^^^^^^^^^^^^^^^^^^^^^^^^^^^^
  File "<unknown>", line 5
    	if n%1==0 and n%3==0 and:
    	                        ^
SyntaxError: invalid syntax
2025-07-17 23:29:32,038 cblogger [ERROR]: 		Error while extracting code complexity metrics: invalid syntax (<unknown>, line 9)
Traceback (most recent call last):
  File "/root/trabalho_super/QuestionInsight/Etapa_1/codebench-mining-tool/util.py", line 551, in extract_complexity_metrics
    v = ComplexityVisitor.from_code(code)
        ^^^^^^^^^^^^^^^^^^^^^^^^^^^^^^^^^
  File "/root/trabalho_super/venv_jupyter/lib/python3.12/site-packages/radon/visitors.py", line 133, in from_code
    return cls.from_ast(code2ast(code), **kwargs)
                        ^^^^^^^^^^^^^^
  File "/root/trabalho_super/venv_jupyter/lib/python3.12/site-packages/radon/visitors.py", line 48, in code2ast
    return ast.parse(source)
           ^^^^^^^^^^^^^^^^^
  File "/usr/lib/python3.12/ast.py", line 52, in parse
    return compile(source, filename, mode, flags,
           ^^^^^^^^^^^^^^^^^^^^^^^^^^^^^^^^^^^^^^
  File "<unknown>", line 9
    	if 
    	   ^
SyntaxError: invalid syntax
2025-07-17 23:29:32,038 cblogger [ERROR]: 		Error while extracting halsted code metrics: invalid syntax (<unknown>, line 9)
Traceback (most recent call last):
  File "/root/trabalho_super/QuestionInsight/Etapa_1/codebench-mining-tool/util.py", line 569, in extract_halstead_metrics
    h = h_visit(code)
        ^^^^^^^^^^^^^
  File "/root/trabalho_super/venv_jupyter/lib/python3.12/site-packages/radon/metrics.py", line 29, in h_visit
    return h_visit_ast(ast.parse(code))
                       ^^^^^^^^^^^^^^^
  File "/usr/lib/python3.12/ast.py", line 52, in parse
    return compile(source, filename, mode, flags,
           ^^^^^^^^^^^^^^^^^^^^^^^^^^^^^^^^^^^^^^
  File "<unknown>", line 9
    	if 
    	   ^
SyntaxError: invalid syntax
2025-07-17 23:29:32,124 cblogger [ERROR]: 		Error while extracting code complexity metrics: expected an indented block after 'if' statement on line 7 (<unknown>, line 8)
Traceback (most recent call last):
  File "/root/trabalho_super/QuestionInsight/Etapa_1/codebench-mining-tool/util.py", line 551, in extract_complexity_metrics
    v = ComplexityVisitor.from_code(code)
        ^^^^^^^^^^^^^^^^^^^^^^^^^^^^^^^^^
  File "/root/trabalho_super/venv_jupyter/lib/python3.12/site-packages/radon/visitors.py", line 133, in from_code
    return cls.from_ast(code2ast(code), **kwargs)
                        ^^^^^^^^^^^^^^
  File "/root/trabalho_super/venv_jupyter/lib/python3.12/site-packages/radon/visitors.py", line 48, in code2ast
    return ast.parse(source)
           ^^^^^^^^^^^^^^^^^
  File "/usr/lib/python3.12/ast.py", line 52, in parse
    return compile(source, filename, mode, flags,
           ^^^^^^^^^^^^^^^^^^^^^^^^^^^^^^^^^^^^^^
  File "<unknown>", line 8
    	print(i)
    	^^^^^
IndentationError: expected an indented block after 'if' statement on line 7
2025-07-17 23:29:32,125 cblogger [ERROR]: 		Error while extracting halsted code metrics: expected an indented block after 'if' statement on line 7 (<unknown>, line 8)
Traceback (most recent call last):
  File "/root/trabalho_super/QuestionInsight/Etapa_1/codebench-mining-tool/util.py", line 569, in extract_halstead_metrics
    h = h_visit(code)
        ^^^^^^^^^^^^^
  File "/root/trabalho_super/venv_jupyter/lib/python3.12/site-packages/radon/metrics.py", line 29, in h_visit
    return h_visit_ast(ast.parse(code))
                       ^^^^^^^^^^^^^^^
  File "/usr/lib/python3.12/ast.py", line 52, in parse
    return compile(source, filename, mode, flags,
           ^^^^^^^^^^^^^^^^^^^^^^^^^^^^^^^^^^^^^^
  File "<unknown>", line 8
    	print(i)
    	^^^^^
IndentationError: expected an indented block after 'if' statement on line 7
2025-07-17 23:29:32,396 cblogger [ERROR]: 		Error while extracting code complexity metrics: expected an indented block after 'if' statement on line 6 (<unknown>, line 7)
Traceback (most recent call last):
  File "/root/trabalho_super/QuestionInsight/Etapa_1/codebench-mining-tool/util.py", line 551, in extract_complexity_metrics
    v = ComplexityVisitor.from_code(code)
        ^^^^^^^^^^^^^^^^^^^^^^^^^^^^^^^^^
  File "/root/trabalho_super/venv_jupyter/lib/python3.12/site-packages/radon/visitors.py", line 133, in from_code
    return cls.from_ast(code2ast(code), **kwargs)
                        ^^^^^^^^^^^^^^
  File "/root/trabalho_super/venv_jupyter/lib/python3.12/site-packages/radon/visitors.py", line 48, in code2ast
    return ast.parse(source)
           ^^^^^^^^^^^^^^^^^
  File "/usr/lib/python3.12/ast.py", line 52, in parse
    return compile(source, filename, mode, flags,
           ^^^^^^^^^^^^^^^^^^^^^^^^^^^^^^^^^^^^^^
  File "<unknown>", line 7
    elif (mm == "02"):
    ^^^^
IndentationError: expected an indented block after 'if' statement on line 6
2025-07-17 23:29:32,397 cblogger [ERROR]: 		Error while extracting halsted code metrics: expected an indented block after 'if' statement on line 6 (<unknown>, line 7)
Traceback (most recent call last):
  File "/root/trabalho_super/QuestionInsight/Etapa_1/codebench-mining-tool/util.py", line 569, in extract_halstead_metrics
    h = h_visit(code)
        ^^^^^^^^^^^^^
  File "/root/trabalho_super/venv_jupyter/lib/python3.12/site-packages/radon/metrics.py", line 29, in h_visit
    return h_visit_ast(ast.parse(code))
                       ^^^^^^^^^^^^^^^
  File "/usr/lib/python3.12/ast.py", line 52, in parse
    return compile(source, filename, mode, flags,
           ^^^^^^^^^^^^^^^^^^^^^^^^^^^^^^^^^^^^^^
  File "<unknown>", line 7
    elif (mm == "02"):
    ^^^^
IndentationError: expected an indented block after 'if' statement on line 6
2025-07-17 23:29:32,523 cblogger [ERROR]: 		Error while extracting code complexity metrics: unexpected indent (<unknown>, line 9)
Traceback (most recent call last):
  File "/root/trabalho_super/QuestionInsight/Etapa_1/codebench-mining-tool/util.py", line 551, in extract_complexity_metrics
    v = ComplexityVisitor.from_code(code)
        ^^^^^^^^^^^^^^^^^^^^^^^^^^^^^^^^^
  File "/root/trabalho_super/venv_jupyter/lib/python3.12/site-packages/radon/visitors.py", line 133, in from_code
    return cls.from_ast(code2ast(code), **kwargs)
                        ^^^^^^^^^^^^^^
  File "/root/trabalho_super/venv_jupyter/lib/python3.12/site-packages/radon/visitors.py", line 48, in code2ast
    return ast.parse(source)
           ^^^^^^^^^^^^^^^^^
  File "/usr/lib/python3.12/ast.py", line 52, in parse
    return compile(source, filename, mode, flags,
           ^^^^^^^^^^^^^^^^^^^^^^^^^^^^^^^^^^^^^^
  File "<unknown>", line 9
    		if (b>= 1.37):
    	^
IndentationError: unexpected indent
2025-07-17 23:29:32,524 cblogger [ERROR]: 		Error while extracting halsted code metrics: unexpected indent (<unknown>, line 9)
Traceback (most recent call last):
  File "/root/trabalho_super/QuestionInsight/Etapa_1/codebench-mining-tool/util.py", line 569, in extract_halstead_metrics
    h = h_visit(code)
        ^^^^^^^^^^^^^
  File "/root/trabalho_super/venv_jupyter/lib/python3.12/site-packages/radon/metrics.py", line 29, in h_visit
    return h_visit_ast(ast.parse(code))
                       ^^^^^^^^^^^^^^^
  File "/usr/lib/python3.12/ast.py", line 52, in parse
    return compile(source, filename, mode, flags,
           ^^^^^^^^^^^^^^^^^^^^^^^^^^^^^^^^^^^^^^
  File "<unknown>", line 9
    		if (b>= 1.37):
    	^
IndentationError: unexpected indent
2025-07-17 23:29:32,566 cblogger [ERROR]: 		Error while extracting code complexity metrics: expected an indented block after 'if' statement on line 9 (<unknown>, line 10)
Traceback (most recent call last):
  File "/root/trabalho_super/QuestionInsight/Etapa_1/codebench-mining-tool/util.py", line 551, in extract_complexity_metrics
    v = ComplexityVisitor.from_code(code)
        ^^^^^^^^^^^^^^^^^^^^^^^^^^^^^^^^^
  File "/root/trabalho_super/venv_jupyter/lib/python3.12/site-packages/radon/visitors.py", line 133, in from_code
    return cls.from_ast(code2ast(code), **kwargs)
                        ^^^^^^^^^^^^^^
  File "/root/trabalho_super/venv_jupyter/lib/python3.12/site-packages/radon/visitors.py", line 48, in code2ast
    return ast.parse(source)
           ^^^^^^^^^^^^^^^^^
  File "/usr/lib/python3.12/ast.py", line 52, in parse
    return compile(source, filename, mode, flags,
           ^^^^^^^^^^^^^^^^^^^^^^^^^^^^^^^^^^^^^^
  File "<unknown>", line 10
    if ((a*f) - (c*d))/((a*e) - (b*d)) != 0:
    ^^
IndentationError: expected an indented block after 'if' statement on line 9
2025-07-17 23:29:32,567 cblogger [ERROR]: 		Error while extracting halsted code metrics: expected an indented block after 'if' statement on line 9 (<unknown>, line 10)
Traceback (most recent call last):
  File "/root/trabalho_super/QuestionInsight/Etapa_1/codebench-mining-tool/util.py", line 569, in extract_halstead_metrics
    h = h_visit(code)
        ^^^^^^^^^^^^^
  File "/root/trabalho_super/venv_jupyter/lib/python3.12/site-packages/radon/metrics.py", line 29, in h_visit
    return h_visit_ast(ast.parse(code))
                       ^^^^^^^^^^^^^^^
  File "/usr/lib/python3.12/ast.py", line 52, in parse
    return compile(source, filename, mode, flags,
           ^^^^^^^^^^^^^^^^^^^^^^^^^^^^^^^^^^^^^^
  File "<unknown>", line 10
    if ((a*f) - (c*d))/((a*e) - (b*d)) != 0:
    ^^
IndentationError: expected an indented block after 'if' statement on line 9
2025-07-17 23:29:32,576 cblogger [ERROR]: 		Error while extracting code complexity metrics: invalid syntax (<unknown>, line 5)
Traceback (most recent call last):
  File "/root/trabalho_super/QuestionInsight/Etapa_1/codebench-mining-tool/util.py", line 551, in extract_complexity_metrics
    v = ComplexityVisitor.from_code(code)
        ^^^^^^^^^^^^^^^^^^^^^^^^^^^^^^^^^
  File "/root/trabalho_super/venv_jupyter/lib/python3.12/site-packages/radon/visitors.py", line 133, in from_code
    return cls.from_ast(code2ast(code), **kwargs)
                        ^^^^^^^^^^^^^^
  File "/root/trabalho_super/venv_jupyter/lib/python3.12/site-packages/radon/visitors.py", line 48, in code2ast
    return ast.parse(source)
           ^^^^^^^^^^^^^^^^^
  File "/usr/lib/python3.12/ast.py", line 52, in parse
    return compile(source, filename, mode, flags,
           ^^^^^^^^^^^^^^^^^^^^^^^^^^^^^^^^^^^^^^
  File "<unknown>", line 5
    elif:
        ^
SyntaxError: invalid syntax
2025-07-17 23:29:32,577 cblogger [ERROR]: 		Error while extracting halsted code metrics: invalid syntax (<unknown>, line 5)
Traceback (most recent call last):
  File "/root/trabalho_super/QuestionInsight/Etapa_1/codebench-mining-tool/util.py", line 569, in extract_halstead_metrics
    h = h_visit(code)
        ^^^^^^^^^^^^^
  File "/root/trabalho_super/venv_jupyter/lib/python3.12/site-packages/radon/metrics.py", line 29, in h_visit
    return h_visit_ast(ast.parse(code))
                       ^^^^^^^^^^^^^^^
  File "/usr/lib/python3.12/ast.py", line 52, in parse
    return compile(source, filename, mode, flags,
           ^^^^^^^^^^^^^^^^^^^^^^^^^^^^^^^^^^^^^^
  File "<unknown>", line 5
    elif:
        ^
SyntaxError: invalid syntax
2025-07-17 23:29:32,604 cblogger [ERROR]: 		Error while extracting code complexity metrics: unexpected indent (<unknown>, line 11)
Traceback (most recent call last):
  File "/root/trabalho_super/QuestionInsight/Etapa_1/codebench-mining-tool/util.py", line 551, in extract_complexity_metrics
    v = ComplexityVisitor.from_code(code)
        ^^^^^^^^^^^^^^^^^^^^^^^^^^^^^^^^^
  File "/root/trabalho_super/venv_jupyter/lib/python3.12/site-packages/radon/visitors.py", line 133, in from_code
    return cls.from_ast(code2ast(code), **kwargs)
                        ^^^^^^^^^^^^^^
  File "/root/trabalho_super/venv_jupyter/lib/python3.12/site-packages/radon/visitors.py", line 48, in code2ast
    return ast.parse(source)
           ^^^^^^^^^^^^^^^^^
  File "/usr/lib/python3.12/ast.py", line 52, in parse
    return compile(source, filename, mode, flags,
           ^^^^^^^^^^^^^^^^^^^^^^^^^^^^^^^^^^^^^^
  File "<unknown>", line 11
    		if ("b <= a"):
    	^
IndentationError: unexpected indent
2025-07-17 23:29:32,605 cblogger [ERROR]: 		Error while extracting halsted code metrics: unexpected indent (<unknown>, line 11)
Traceback (most recent call last):
  File "/root/trabalho_super/QuestionInsight/Etapa_1/codebench-mining-tool/util.py", line 569, in extract_halstead_metrics
    h = h_visit(code)
        ^^^^^^^^^^^^^
  File "/root/trabalho_super/venv_jupyter/lib/python3.12/site-packages/radon/metrics.py", line 29, in h_visit
    return h_visit_ast(ast.parse(code))
                       ^^^^^^^^^^^^^^^
  File "/usr/lib/python3.12/ast.py", line 52, in parse
    return compile(source, filename, mode, flags,
           ^^^^^^^^^^^^^^^^^^^^^^^^^^^^^^^^^^^^^^
  File "<unknown>", line 11
    		if ("b <= a"):
    	^
IndentationError: unexpected indent
2025-07-17 23:29:32,608 cblogger [ERROR]: 		Error while extracting code complexity metrics: unexpected indent (<unknown>, line 6)
Traceback (most recent call last):
  File "/root/trabalho_super/QuestionInsight/Etapa_1/codebench-mining-tool/util.py", line 551, in extract_complexity_metrics
    v = ComplexityVisitor.from_code(code)
        ^^^^^^^^^^^^^^^^^^^^^^^^^^^^^^^^^
  File "/root/trabalho_super/venv_jupyter/lib/python3.12/site-packages/radon/visitors.py", line 133, in from_code
    return cls.from_ast(code2ast(code), **kwargs)
                        ^^^^^^^^^^^^^^
  File "/root/trabalho_super/venv_jupyter/lib/python3.12/site-packages/radon/visitors.py", line 48, in code2ast
    return ast.parse(source)
           ^^^^^^^^^^^^^^^^^
  File "/usr/lib/python3.12/ast.py", line 52, in parse
    return compile(source, filename, mode, flags,
           ^^^^^^^^^^^^^^^^^^^^^^^^^^^^^^^^^^^^^^
  File "<unknown>", line 6
    		if ((N % 3) and (N % 5)):
    	^
IndentationError: unexpected indent
2025-07-17 23:29:32,608 cblogger [ERROR]: 		Error while extracting halsted code metrics: unexpected indent (<unknown>, line 6)
Traceback (most recent call last):
  File "/root/trabalho_super/QuestionInsight/Etapa_1/codebench-mining-tool/util.py", line 569, in extract_halstead_metrics
    h = h_visit(code)
        ^^^^^^^^^^^^^
  File "/root/trabalho_super/venv_jupyter/lib/python3.12/site-packages/radon/metrics.py", line 29, in h_visit
    return h_visit_ast(ast.parse(code))
                       ^^^^^^^^^^^^^^^
  File "/usr/lib/python3.12/ast.py", line 52, in parse
    return compile(source, filename, mode, flags,
           ^^^^^^^^^^^^^^^^^^^^^^^^^^^^^^^^^^^^^^
  File "<unknown>", line 6
    		if ((N % 3) and (N % 5)):
    	^
IndentationError: unexpected indent
2025-07-17 23:29:32,647 cblogger [ERROR]: 		Error while extracting code complexity metrics: '(' was never closed (<unknown>, line 4)
Traceback (most recent call last):
  File "/root/trabalho_super/QuestionInsight/Etapa_1/codebench-mining-tool/util.py", line 551, in extract_complexity_metrics
    v = ComplexityVisitor.from_code(code)
        ^^^^^^^^^^^^^^^^^^^^^^^^^^^^^^^^^
  File "/root/trabalho_super/venv_jupyter/lib/python3.12/site-packages/radon/visitors.py", line 133, in from_code
    return cls.from_ast(code2ast(code), **kwargs)
                        ^^^^^^^^^^^^^^
  File "/root/trabalho_super/venv_jupyter/lib/python3.12/site-packages/radon/visitors.py", line 48, in code2ast
    return ast.parse(source)
           ^^^^^^^^^^^^^^^^^
  File "/usr/lib/python3.12/ast.py", line 52, in parse
    return compile(source, filename, mode, flags,
           ^^^^^^^^^^^^^^^^^^^^^^^^^^^^^^^^^^^^^^
  File "<unknown>", line 4
    total2 = (varlor - (15/100*valor)*familia
             ^
SyntaxError: '(' was never closed
2025-07-17 23:29:32,706 cblogger [ERROR]: 		Error while extracting code size based metrics: SyntaxError at line: 4
Traceback (most recent call last):
  File "/root/trabalho_super/venv_jupyter/lib/python3.12/site-packages/radon/raw.py", line 210, in analyze
    tokens, parsed_lines = _get_all_tokens(line, lines)
                           ^^^^^^^^^^^^^^^^^^^^^^^^^^^^
  File "/root/trabalho_super/venv_jupyter/lib/python3.12/site-packages/radon/raw.py", line 117, in _get_all_tokens
    next_line = next(lines)
                ^^^^^^^^^^^
StopIteration

During handling of the above exception, another exception occurred:

Traceback (most recent call last):
  File "/root/trabalho_super/QuestionInsight/Etapa_1/codebench-mining-tool/util.py", line 560, in extract_size_metrics
    a = analyze(code)
        ^^^^^^^^^^^^^
  File "/root/trabalho_super/venv_jupyter/lib/python3.12/site-packages/radon/raw.py", line 212, in analyze
    raise SyntaxError('SyntaxError at line: {0}'.format(lineno))
SyntaxError: SyntaxError at line: 4
2025-07-17 23:29:32,707 cblogger [ERROR]: 		Error while extracting halsted code metrics: '(' was never closed (<unknown>, line 4)
Traceback (most recent call last):
  File "/root/trabalho_super/QuestionInsight/Etapa_1/codebench-mining-tool/util.py", line 569, in extract_halstead_metrics
    h = h_visit(code)
        ^^^^^^^^^^^^^
  File "/root/trabalho_super/venv_jupyter/lib/python3.12/site-packages/radon/metrics.py", line 29, in h_visit
    return h_visit_ast(ast.parse(code))
                       ^^^^^^^^^^^^^^^
  File "/usr/lib/python3.12/ast.py", line 52, in parse
    return compile(source, filename, mode, flags,
           ^^^^^^^^^^^^^^^^^^^^^^^^^^^^^^^^^^^^^^
  File "<unknown>", line 4
    total2 = (varlor - (15/100*valor)*familia
             ^
SyntaxError: '(' was never closed
2025-07-17 23:29:32,713 cblogger [ERROR]: 		Error while extracting code complexity metrics: '(' was never closed (<unknown>, line 9)
Traceback (most recent call last):
  File "/root/trabalho_super/QuestionInsight/Etapa_1/codebench-mining-tool/util.py", line 551, in extract_complexity_metrics
    v = ComplexityVisitor.from_code(code)
        ^^^^^^^^^^^^^^^^^^^^^^^^^^^^^^^^^
  File "/root/trabalho_super/venv_jupyter/lib/python3.12/site-packages/radon/visitors.py", line 133, in from_code
    return cls.from_ast(code2ast(code), **kwargs)
                        ^^^^^^^^^^^^^^
  File "/root/trabalho_super/venv_jupyter/lib/python3.12/site-packages/radon/visitors.py", line 48, in code2ast
    return ast.parse(source)
           ^^^^^^^^^^^^^^^^^
  File "/usr/lib/python3.12/ast.py", line 52, in parse
    return compile(source, filename, mode, flags,
           ^^^^^^^^^^^^^^^^^^^^^^^^^^^^^^^^^^^^^^
  File "<unknown>", line 9
    R = ((v0**2)*sin(2*(a))/g
        ^
SyntaxError: '(' was never closed
2025-07-17 23:29:32,713 cblogger [ERROR]: 		Error while extracting code size based metrics: SyntaxError at line: 9
Traceback (most recent call last):
  File "/root/trabalho_super/venv_jupyter/lib/python3.12/site-packages/radon/raw.py", line 210, in analyze
    tokens, parsed_lines = _get_all_tokens(line, lines)
                           ^^^^^^^^^^^^^^^^^^^^^^^^^^^^
  File "/root/trabalho_super/venv_jupyter/lib/python3.12/site-packages/radon/raw.py", line 117, in _get_all_tokens
    next_line = next(lines)
                ^^^^^^^^^^^
StopIteration

During handling of the above exception, another exception occurred:

Traceback (most recent call last):
  File "/root/trabalho_super/QuestionInsight/Etapa_1/codebench-mining-tool/util.py", line 560, in extract_size_metrics
    a = analyze(code)
        ^^^^^^^^^^^^^
  File "/root/trabalho_super/venv_jupyter/lib/python3.12/site-packages/radon/raw.py", line 212, in analyze
    raise SyntaxError('SyntaxError at line: {0}'.format(lineno))
SyntaxError: SyntaxError at line: 9
2025-07-17 23:29:32,714 cblogger [ERROR]: 		Error while extracting halsted code metrics: '(' was never closed (<unknown>, line 9)
Traceback (most recent call last):
  File "/root/trabalho_super/QuestionInsight/Etapa_1/codebench-mining-tool/util.py", line 569, in extract_halstead_metrics
    h = h_visit(code)
        ^^^^^^^^^^^^^
  File "/root/trabalho_super/venv_jupyter/lib/python3.12/site-packages/radon/metrics.py", line 29, in h_visit
    return h_visit_ast(ast.parse(code))
                       ^^^^^^^^^^^^^^^
  File "/usr/lib/python3.12/ast.py", line 52, in parse
    return compile(source, filename, mode, flags,
           ^^^^^^^^^^^^^^^^^^^^^^^^^^^^^^^^^^^^^^
  File "<unknown>", line 9
    R = ((v0**2)*sin(2*(a))/g
        ^
SyntaxError: '(' was never closed
2025-07-17 23:29:32,749 cblogger [ERROR]: 		Error while extracting code complexity metrics: invalid syntax (<unknown>, line 9)
Traceback (most recent call last):
  File "/root/trabalho_super/QuestionInsight/Etapa_1/codebench-mining-tool/util.py", line 551, in extract_complexity_metrics
    v = ComplexityVisitor.from_code(code)
        ^^^^^^^^^^^^^^^^^^^^^^^^^^^^^^^^^
  File "/root/trabalho_super/venv_jupyter/lib/python3.12/site-packages/radon/visitors.py", line 133, in from_code
    return cls.from_ast(code2ast(code), **kwargs)
                        ^^^^^^^^^^^^^^
  File "/root/trabalho_super/venv_jupyter/lib/python3.12/site-packages/radon/visitors.py", line 48, in code2ast
    return ast.parse(source)
           ^^^^^^^^^^^^^^^^^
  File "/usr/lib/python3.12/ast.py", line 52, in parse
    return compile(source, filename, mode, flags,
           ^^^^^^^^^^^^^^^^^^^^^^^^^^^^^^^^^^^^^^
  File "<unknown>", line 9
    while (size(vet) > ???):
                       ^
SyntaxError: invalid syntax
2025-07-17 23:29:32,750 cblogger [ERROR]: 		Error while extracting halsted code metrics: invalid syntax (<unknown>, line 9)
Traceback (most recent call last):
  File "/root/trabalho_super/QuestionInsight/Etapa_1/codebench-mining-tool/util.py", line 569, in extract_halstead_metrics
    h = h_visit(code)
        ^^^^^^^^^^^^^
  File "/root/trabalho_super/venv_jupyter/lib/python3.12/site-packages/radon/metrics.py", line 29, in h_visit
    return h_visit_ast(ast.parse(code))
                       ^^^^^^^^^^^^^^^
  File "/usr/lib/python3.12/ast.py", line 52, in parse
    return compile(source, filename, mode, flags,
           ^^^^^^^^^^^^^^^^^^^^^^^^^^^^^^^^^^^^^^
  File "<unknown>", line 9
    while (size(vet) > ???):
                       ^
SyntaxError: invalid syntax
2025-07-17 23:29:32,751 cblogger [ERROR]: 		Error while extracting code token based metrics: 55
Traceback (most recent call last):
  File "/root/trabalho_super/QuestionInsight/Etapa_1/codebench-mining-tool/util.py", line 633, in extract_token_metrics
    setattr(obj, TOKEN_NAMES[k], v)
                 ~~~~~~~~~~~^^^
KeyError: 55
2025-07-17 23:29:32,752 cblogger [ERROR]: 		Error while extracting code complexity metrics: invalid syntax (<unknown>, line 1)
Traceback (most recent call last):
  File "/root/trabalho_super/QuestionInsight/Etapa_1/codebench-mining-tool/util.py", line 551, in extract_complexity_metrics
    v = ComplexityVisitor.from_code(code)
        ^^^^^^^^^^^^^^^^^^^^^^^^^^^^^^^^^
  File "/root/trabalho_super/venv_jupyter/lib/python3.12/site-packages/radon/visitors.py", line 133, in from_code
    return cls.from_ast(code2ast(code), **kwargs)
                        ^^^^^^^^^^^^^^
  File "/root/trabalho_super/venv_jupyter/lib/python3.12/site-packages/radon/visitors.py", line 48, in code2ast
    return ast.parse(source)
           ^^^^^^^^^^^^^^^^^
  File "/usr/lib/python3.12/ast.py", line 52, in parse
    return compile(source, filename, mode, flags,
           ^^^^^^^^^^^^^^^^^^^^^^^^^^^^^^^^^^^^^^
  File "<unknown>", line 1
    dist = float(in
                 ^^
SyntaxError: invalid syntax
2025-07-17 23:29:32,753 cblogger [ERROR]: 		Error while extracting code size based metrics: SyntaxError at line: 1
Traceback (most recent call last):
  File "/root/trabalho_super/venv_jupyter/lib/python3.12/site-packages/radon/raw.py", line 210, in analyze
    tokens, parsed_lines = _get_all_tokens(line, lines)
                           ^^^^^^^^^^^^^^^^^^^^^^^^^^^^
  File "/root/trabalho_super/venv_jupyter/lib/python3.12/site-packages/radon/raw.py", line 117, in _get_all_tokens
    next_line = next(lines)
                ^^^^^^^^^^^
StopIteration

During handling of the above exception, another exception occurred:

Traceback (most recent call last):
  File "/root/trabalho_super/QuestionInsight/Etapa_1/codebench-mining-tool/util.py", line 560, in extract_size_metrics
    a = analyze(code)
        ^^^^^^^^^^^^^
  File "/root/trabalho_super/venv_jupyter/lib/python3.12/site-packages/radon/raw.py", line 212, in analyze
    raise SyntaxError('SyntaxError at line: {0}'.format(lineno))
SyntaxError: SyntaxError at line: 1
2025-07-17 23:29:32,753 cblogger [ERROR]: 		Error while extracting halsted code metrics: invalid syntax (<unknown>, line 1)
Traceback (most recent call last):
  File "/root/trabalho_super/QuestionInsight/Etapa_1/codebench-mining-tool/util.py", line 569, in extract_halstead_metrics
    h = h_visit(code)
        ^^^^^^^^^^^^^
  File "/root/trabalho_super/venv_jupyter/lib/python3.12/site-packages/radon/metrics.py", line 29, in h_visit
    return h_visit_ast(ast.parse(code))
                       ^^^^^^^^^^^^^^^
  File "/usr/lib/python3.12/ast.py", line 52, in parse
    return compile(source, filename, mode, flags,
           ^^^^^^^^^^^^^^^^^^^^^^^^^^^^^^^^^^^^^^
  File "<unknown>", line 1
    dist = float(in
                 ^^
SyntaxError: invalid syntax
2025-07-17 23:29:32,755 cblogger [ERROR]: 		Error while extracting code complexity metrics: invalid syntax (<unknown>, line 1)
Traceback (most recent call last):
  File "/root/trabalho_super/QuestionInsight/Etapa_1/codebench-mining-tool/util.py", line 551, in extract_complexity_metrics
    v = ComplexityVisitor.from_code(code)
        ^^^^^^^^^^^^^^^^^^^^^^^^^^^^^^^^^
  File "/root/trabalho_super/venv_jupyter/lib/python3.12/site-packages/radon/visitors.py", line 133, in from_code
    return cls.from_ast(code2ast(code), **kwargs)
                        ^^^^^^^^^^^^^^
  File "/root/trabalho_super/venv_jupyter/lib/python3.12/site-packages/radon/visitors.py", line 48, in code2ast
    return ast.parse(source)
           ^^^^^^^^^^^^^^^^^
  File "/usr/lib/python3.12/ast.py", line 52, in parse
    return compile(source, filename, mode, flags,
           ^^^^^^^^^^^^^^^^^^^^^^^^^^^^^^^^^^^^^^
  File "<unknown>", line 1
    = float(input("a = "))
    ^
SyntaxError: invalid syntax
2025-07-17 23:29:32,756 cblogger [ERROR]: 		Error while extracting halsted code metrics: invalid syntax (<unknown>, line 1)
Traceback (most recent call last):
  File "/root/trabalho_super/QuestionInsight/Etapa_1/codebench-mining-tool/util.py", line 569, in extract_halstead_metrics
    h = h_visit(code)
        ^^^^^^^^^^^^^
  File "/root/trabalho_super/venv_jupyter/lib/python3.12/site-packages/radon/metrics.py", line 29, in h_visit
    return h_visit_ast(ast.parse(code))
                       ^^^^^^^^^^^^^^^
  File "/usr/lib/python3.12/ast.py", line 52, in parse
    return compile(source, filename, mode, flags,
           ^^^^^^^^^^^^^^^^^^^^^^^^^^^^^^^^^^^^^^
  File "<unknown>", line 1
    = float(input("a = "))
    ^
SyntaxError: invalid syntax
2025-07-17 23:29:32,762 cblogger [ERROR]: 		Error while extracting code complexity metrics: invalid syntax (<unknown>, line 1)
Traceback (most recent call last):
  File "/root/trabalho_super/QuestionInsight/Etapa_1/codebench-mining-tool/util.py", line 551, in extract_complexity_metrics
    v = ComplexityVisitor.from_code(code)
        ^^^^^^^^^^^^^^^^^^^^^^^^^^^^^^^^^
  File "/root/trabalho_super/venv_jupyter/lib/python3.12/site-packages/radon/visitors.py", line 133, in from_code
    return cls.from_ast(code2ast(code), **kwargs)
                        ^^^^^^^^^^^^^^
  File "/root/trabalho_super/venv_jupyter/lib/python3.12/site-packages/radon/visitors.py", line 48, in code2ast
    return ast.parse(source)
           ^^^^^^^^^^^^^^^^^
  File "/usr/lib/python3.12/ast.py", line 52, in parse
    return compile(source, filename, mode, flags,
           ^^^^^^^^^^^^^^^^^^^^^^^^^^^^^^^^^^^^^^
  File "<unknown>", line 1
    print("Em ",,"a UFAM completou", YYYY - XXXX, "anos de fundacao.")
                ^
SyntaxError: invalid syntax
2025-07-17 23:29:32,762 cblogger [ERROR]: 		Error while extracting halsted code metrics: invalid syntax (<unknown>, line 1)
Traceback (most recent call last):
  File "/root/trabalho_super/QuestionInsight/Etapa_1/codebench-mining-tool/util.py", line 569, in extract_halstead_metrics
    h = h_visit(code)
        ^^^^^^^^^^^^^
  File "/root/trabalho_super/venv_jupyter/lib/python3.12/site-packages/radon/metrics.py", line 29, in h_visit
    return h_visit_ast(ast.parse(code))
                       ^^^^^^^^^^^^^^^
  File "/usr/lib/python3.12/ast.py", line 52, in parse
    return compile(source, filename, mode, flags,
           ^^^^^^^^^^^^^^^^^^^^^^^^^^^^^^^^^^^^^^
  File "<unknown>", line 1
    print("Em ",,"a UFAM completou", YYYY - XXXX, "anos de fundacao.")
                ^
SyntaxError: invalid syntax
2025-07-17 23:29:32,774 cblogger [ERROR]: 		Error while extracting code complexity metrics: invalid syntax (<unknown>, line 1)
Traceback (most recent call last):
  File "/root/trabalho_super/QuestionInsight/Etapa_1/codebench-mining-tool/util.py", line 551, in extract_complexity_metrics
    v = ComplexityVisitor.from_code(code)
        ^^^^^^^^^^^^^^^^^^^^^^^^^^^^^^^^^
  File "/root/trabalho_super/venv_jupyter/lib/python3.12/site-packages/radon/visitors.py", line 133, in from_code
    return cls.from_ast(code2ast(code), **kwargs)
                        ^^^^^^^^^^^^^^
  File "/root/trabalho_super/venv_jupyter/lib/python3.12/site-packages/radon/visitors.py", line 48, in code2ast
    return ast.parse(source)
           ^^^^^^^^^^^^^^^^^
  File "/usr/lib/python3.12/ast.py", line 52, in parse
    return compile(source, filename, mode, flags,
           ^^^^^^^^^^^^^^^^^^^^^^^^^^^^^^^^^^^^^^
  File "<unknown>", line 1
    aresta =
            ^
SyntaxError: invalid syntax
2025-07-17 23:29:32,776 cblogger [ERROR]: 		Error while extracting halsted code metrics: invalid syntax (<unknown>, line 1)
Traceback (most recent call last):
  File "/root/trabalho_super/QuestionInsight/Etapa_1/codebench-mining-tool/util.py", line 569, in extract_halstead_metrics
    h = h_visit(code)
        ^^^^^^^^^^^^^
  File "/root/trabalho_super/venv_jupyter/lib/python3.12/site-packages/radon/metrics.py", line 29, in h_visit
    return h_visit_ast(ast.parse(code))
                       ^^^^^^^^^^^^^^^
  File "/usr/lib/python3.12/ast.py", line 52, in parse
    return compile(source, filename, mode, flags,
           ^^^^^^^^^^^^^^^^^^^^^^^^^^^^^^^^^^^^^^
  File "<unknown>", line 1
    aresta =
            ^
SyntaxError: invalid syntax
