question_id,complexity,n_classes,n_functions,loc,lloc,sloc,comments,single_comments,multi_comments,blank_lines,h1,h2,N1,N2,h,N,calculated_N,volume,difficulty,effort,bugs,time,endmarker,name,number,string,newline,indent,dedent,lpar,rpar,lsqb,rsqb,colon,comma,semi,plus,minus,star,slash,vbar,amper,less,greater,equal,dot,percent,lbrace,rbrace,eq_equal,not_eq,less_eq,greater_eq,tilde,circumflex,lshift,rshift,dbl_star,plus_eq,minus_eq,star_eq,slash_eq,percent_eq,amper_eq,vbar_eq,circumflex_eq,lshift_eq,rshift_eq,dbl_star_eq,dbl_slash,dbl_slash_eq,at,at_eq,rarrow,ellipsis,colon_eq,op,error_token,comment,nl,encoding,number_int,number_float,kwd_and,kwd_or,kwd_not,kwd_none,kwd_false,kwd_true,kwd_as,kwd_assert,kwd_async,kwd_await,kwd_break,kwd_class,kwd_continue,kwd_def,kwd_del,kwd_if,kwd_elif,kwd_else,kwd_except,kwd_finally,kwd_for,kwd_while,kwd_import,kwd_from,kwd_global,kwd_in,kwd_is,kwd_lambda,kwd_nonlocal,kwd_pass,kwd_raise,kwd_return,kwd_try,kwd_with,kwd_yield,keyword,identifier,builtin_type,builtin_func,kwd_print,kwd_input,builtin_type_unique,builtin_func_unique,identifiers_unique,identifiers_max_len,identifiers_min_len,identifiers_mean_len
995,1,0,0,1,1,1,0,0,0,0,0,0,0,0,0,0,0,0,0,0,0.0,0.0,1,,,,1,,,,,,,,,,,,,,,,,,,,,,,,,,,,,,,,,,,,,,,,,,,,,,,,,,,,,,,,,,,,,,,,,,,,,,,,,,,,,,,,,,,,,,,,,,,,,1,,,,,0,0,1,4,4,4.0
994,1,0,0,1,1,1,0,0,0,0,0,0,0,0,0,0,0,0,0,0,0.0,0.0,1,,,1,1,,,1,1,,,,,,,,,,,,,,,,,,,,,,,,,,,,,,,,,,,,,,,,,,,,,,,,,,,,,,,,,,,,,,,,,,,,,,,,,,,,,,,,,,,,,,,,,,,,1,,0,1,0,0,0,0
996,1,0,0,5,5,5,0,0,0,0,0,0,0,0,0,0,0,0,0,0,0.0,0.0,1,,,5,5,,,5,5,,,,,,,,,,,,,,,,,,,,,,,,,,,,,,,,,,,,,,,,,,,,,,,,,,,,,,,,,,,,,,,,,,,,,,,,,,,,,,,,,,,,,,,,,,,,5,,0,1,0,0,0,0
999,1,0,0,1,1,1,0,0,0,0,0,0,0,0,0,0,0,0,0,0,0.0,0.0,1,,,,1,,,,,,,,,,,,,,,,,,,,,,,,,,,,,,,,,,,,,,,,,,,,,,,,,,,,,,,,,,,,,,,,,,,,,,,,,,,,,,,,,,,,,,,,,,,,,1,,,,,0,0,1,4,4,4.0
1000,1,0,0,1,1,1,0,0,0,0,0,0,0,0,0,0,0,0,0,0,0.0,0.0,1,,,,1,,,,,,,,,,,,,,,,,,,,,,,,,,,,,,,,,,,,,,,,,,,,,,,,,,,,,,,,,,,,,,,,,,,,,,,,,,,,,,,,,,,,,,,,,,,,,1,,,,,0,0,1,4,4,4.0
578,1,0,0,1,1,1,0,0,0,0,0,0,0,0,0,0,0,0,0,0,0.0,0.0,1,,,,1,,,,,,,,,,,,,,,,,,,,,,,,,,,,,,,,,,,,,,,,,,,,,,,,,,,,,,,,,,,,,,,,,,,,,,,,,,,,,,,,,,,,,,,,,,,,,1,,,,,0,0,1,4,4,4.0
1001,1,0,0,1,1,1,0,0,0,0,0,0,0,0,0,0,0,0,0,0,0.0,0.0,1,,,,1,,,,,,,,,,,,,,,,,,,,,,,,,,,,,,,,,,,,,,,,,,,,,,,,,,,,,,,,,,,,,,,,,,,,,,,,,,,,,,,,,,,,,,,,,,,,,1,,,,,0,0,1,4,4,4.0
797,1,0,0,1,1,1,0,0,0,0,0,0,0,0,0,0,0,0,0,0,0.0,0.0,1,,,,1,,,,,,,,,,,,,,,,,,,,,,,,,,,,,,,,,,,,,,,,,,,,,,,,,,,,,,,,,,,,,,,,,,,,,,,,,,,,,,,,,,,,,,,,,,,,,1,,,,,0,0,1,4,4,4.0
835,1,0,0,1,1,1,0,0,0,0,0,0,0,0,0,0,0,0,0,0,0.0,0.0,1,,,,1,,,,,,,,,,,,,,,,,,,,,,,,,,,,,,,,,,,,,,,,,,,,,,,,,,,,,,,,,,,,,,,,,,,,,,,,,,,,,,,,,,,,,,,,,,,,,1,,,,,0,0,1,4,4,4.0
587,1,0,0,1,1,1,0,0,0,0,0,0,0,0,0,0,0,0,0,0,0.0,0.0,1,,,,1,,,,,,,,,,,,,,,,,,,,,,,,,,,,,,,,,,,,,,,,,,,,,,,,,,,,,,,,,,,,,,,,,,,,,,,,,,,,,,,,,,,,,,,,,,,,,1,,,,,0,0,1,4,4,4.0
820,1,0,0,24,9,9,8,8,0,7,2,6,5,10,8,15,17.509775004326936,45.0,1.6666666666666667,75.0,0.015,4.166666666666667,1,,,1,9,,,8,8,,,,,,,,,,,,,,6,,2,,,,,,,,,,,,,,,,,,,,,,,3,,,,,,,,,,,,5,8,15,,,,,,,,,,,,,,,,,,,,,,,,,,,,,,,,,,,,14,4,,3,1,2,2,6,8,5,7.333333333333333
588,1,0,0,18,9,9,5,5,0,4,2,6,5,10,8,15,17.509775004326936,45.0,1.6666666666666667,75.0,0.015,4.166666666666667,1,,,1,9,,,8,8,,,,,,,,,,,,,,6,,2,,,,,,,,,,,,,,,,,,,,,,,3,,,,,,,,,,,,5,5,9,,,,,,,,,,,,,,,,,,,,,,,,,,,,,,,,,,,,14,4,,3,1,2,2,6,9,5,7.833333333333333
1014,1,0,0,11,4,3,0,0,5,3,1,2,1,2,3,3,2.0,4.754887502163469,0.5,2.3774437510817346,0.0015849625007211565,0.1320802083934297,1,,,2,4,,,4,4,,,,1,,,,1,,,,,,2,,,,,,,,,,,,,,,,,,,,,,,,,,,,,,,,,,,,,1,1,3,,,,,,,,,,,,,,,,,,,,,,,,,,,,,,,,,,,,4,1,1,1,1,1,3,2,6,5,5.5
1015,1,0,0,22,10,9,8,5,5,3,2,8,4,8,10,12,26.0,39.863137138648355,1.0,39.863137138648355,0.013287712379549451,2.2146187299249087,1,,,4,10,,,11,11,,,,4,,2,2,,,,,,,6,,,,,,,,,,,,,,,,,,,,,,,,,,,,,,,,,,,,,,8,8,,,,,,,,,,,,,,,,,,,,,,,,,,,,,,,,,,,,20,3,2,3,3,1,4,6,2,1,1.5
825,1,0,0,20,7,6,4,4,5,5,3,9,6,12,12,18,33.28421251514428,64.52932501298082,2.0,129.05865002596164,0.02150977500432694,7.169925001442313,1,,,2,7,,,6,6,,,,2,,,,4,1,,,,,3,,,,,,,,,,,,,2,,,,,,,,,,,,,,,,,,,,,,,,4,6,9,,,,,,,,,,,,,,,,,,,,,,,,,,,,,,,,,,,2,10,1,2,2,1,1,3,5,6,2,4.0
1016,1,0,0,18,8,7,2,2,5,4,4,12,9,18,16,27,51.01955000865388,108.0,3.0,324.0,0.036,18.0,1,,,4,8,,,13,13,,,,1,,2,3,4,1,,,,,5,,,,,,,,,,,,,,,,,,,,,,,,,,,,,,,,,,,,,1,3,6,,,,,,,,,,,,,,,,,,,,,,,,,,,,,,,,,,,2,18,3,1,1,3,1,3,7,4,1,2.2857142857142856
1017,1,0,0,29,9,8,5,5,10,6,3,12,6,12,15,18,47.77443751081735,70.32403072095333,1.5,105.48604608143,0.02344134357365111,5.860335893412778,1,,,5,9,,,21,21,,,,1,,1,1,5,,,,,,6,,,,,,,,,,,,,,,,,,,,,,,,,,,,,,,,,,,,,1,6,10,,,,,,,,,,,,,,,,,,,,,,,,,,,,,,,,,,,2,26,4,1,1,4,1,3,11,7,1,3.727272727272727
842,1,0,0,25,8,7,5,5,6,7,3,12,9,18,15,27,47.77443751081735,105.48604608143,2.25,237.3436036832175,0.03516201536047667,13.18575576017875,1,,,2,8,,,9,9,,,,,,3,,,,,,,,6,,3,,,,,,,,,,,,,,,,,,,,,,,3,,,,,,,,,,,,6,5,12,,,,,,,,,,,,,,,,,,,,,,,,,,,,,,,,,,,,15,1,,1,1,1,2,6,7,3,5.666666666666667
1024,1,0,0,0,0,0,0,0,0,0,0,0,0,0,0,0,0,0,0,0,0.0,0.0,1,,,,,,,,,,,,,,,,,,,,,,,,,,,,,,,,,,,,,,,,,,,,,,,,,,,,,,,,,,,,,,,,,,,,,,,,,,,,,,,,,,,,,,,,,,,,,,,,,,,,,,0,0,0,0,0,0
1037,1,0,0,0,0,0,0,0,0,0,0,0,0,0,0,0,0,0,0,0,0.0,0.0,1,,,,,,,,,,,,,,,,,,,,,,,,,,,,,,,,,,,,,,,,,,,,,,,,,,,,,,,,,,,,,,,,,,,,,,,,,,,,,,,,,,,,,,,,,,,,,,,,,,,,,,0,0,0,0,0,0
1002,1,0,0,0,0,0,0,0,0,0,0,0,0,0,0,0,0,0,0,0,0.0,0.0,1,,,,,,,,,,,,,,,,,,,,,,,,,,,,,,,,,,,,,,,,,,,,,,,,,,,,,,,,,,,,,,,,,,,,,,,,,,,,,,,,,,,,,,,,,,,,,,,,,,,,,,0,0,0,0,0,0
1029,1,0,0,6,4,4,0,0,0,2,2,7,4,8,9,12,21.651484454403228,38.03910001730775,1.1428571428571428,43.47325716263743,0.012679700005769252,2.415180953479857,1,,,1,4,,,4,4,,,,1,,2,,2,,,,,,3,,,,,,,,,,,,,,,,,,,,,,,,,,,,,,,,,,,,,2,2,2,,,,,,,,,,,,,,,,,,,,,,,,,,,,,,,,,,,,7,1,1,1,1,1,3,2,11,7,9.0
1021,1,0,0,0,0,0,0,0,0,0,0,0,0,0,0,0,0,0,0,0,0.0,0.0,1,,,,,,,,,,,,,,,,,,,,,,,,,,,,,,,,,,,,,,,,,,,,,,,,,,,,,,,,,,,,,,,,,,,,,,,,,,,,,,,,,,,,,,,,,,,,,,,,,,,,,,0,0,0,0,0,0
1033,1,0,0,0,0,0,0,0,0,0,0,0,0,0,0,0,0,0,0,0,0.0,0.0,1,,,,,,,,,,,,,,,,,,,,,,,,,,,,,,,,,,,,,,,,,,,,,,,,,,,,,,,,,,,,,,,,,,,,,,,,,,,,,,,,,,,,,,,,,,,,,,,,,,,,,,0,0,0,0,0,0
1023,1,0,0,0,0,0,0,0,0,0,0,0,0,0,0,0,0,0,0,0,0.0,0.0,1,,,,,,,,,,,,,,,,,,,,,,,,,,,,,,,,,,,,,,,,,,,,,,,,,,,,,,,,,,,,,,,,,,,,,,,,,,,,,,,,,,,,,,,,,,,,,,,,,,,,,,0,0,0,0,0,0
1028,1,0,0,6,4,4,0,0,0,2,2,7,4,8,9,12,21.651484454403228,38.03910001730775,1.1428571428571428,43.47325716263743,0.012679700005769252,2.415180953479857,1,,,1,4,,,4,4,,,,1,,2,,2,,,,,,3,,,,,,,,,,,,,,,,,,,,,,,,,,,,,,,,,,,,,2,2,2,,,,,,,,,,,,,,,,,,,,,,,,,,,,,,,,,,,,7,1,1,1,1,1,3,2,9,6,7.5
1025,1,0,0,0,0,0,0,0,0,0,0,0,0,0,0,0,0,0,0,0,0.0,0.0,1,,,,,,,,,,,,,,,,,,,,,,,,,,,,,,,,,,,,,,,,,,,,,,,,,,,,,,,,,,,,,,,,,,,,,,,,,,,,,,,,,,,,,,,,,,,,,,,,,,,,,,0,0,0,0,0,0
1027,1,0,0,6,4,4,0,0,0,2,2,7,4,8,9,12,21.651484454403228,38.03910001730775,1.1428571428571428,43.47325716263743,0.012679700005769252,2.415180953479857,1,,,1,4,,,4,4,,,,1,,2,,2,,,,,,3,,,,,,,,,,,,,,,,,,,,,,,,,,,,,,,,,,,,,2,2,2,,,,,,,,,,,,,,,,,,,,,,,,,,,,,,,,,,,,7,1,1,1,1,1,3,2,11,7,9.0
1020,1,0,0,0,0,0,0,0,0,0,0,0,0,0,0,0,0,0,0,0,0.0,0.0,1,,,,,,,,,,,,,,,,,,,,,,,,,,,,,,,,,,,,,,,,,,,,,,,,,,,,,,,,,,,,,,,,,,,,,,,,,,,,,,,,,,,,,,,,,,,,,,,,,,,,,,0,0,0,0,0,0
1031,1,0,0,6,4,4,0,0,0,2,2,7,4,8,9,12,21.651484454403228,38.03910001730775,1.1428571428571428,43.47325716263743,0.012679700005769252,2.415180953479857,1,,,1,4,,,4,4,,,,1,,2,,2,,,,,,3,,,,,,,,,,,,,,,,,,,,,,,,,,,,,,,,,,,,,2,2,2,,,,,,,,,,,,,,,,,,,,,,,,,,,,,,,,,,,,7,1,1,1,1,1,3,2,12,11,11.5
1018,1,0,0,2,2,2,0,0,0,0,0,0,0,0,0,0,0,0,0,0,0.0,0.0,1,,,2,2,,,4,4,,,,,,,,,,,,,,2,,,,,,,,,,,,,,,,,,,,,,,,,,,,,,,,,,,,,,,,,,,,,,,,,,,,,,,,,,,,,,,,,,,,,,,,,,,2,2,,,2,1,1,2,1,1,1.0
1035,1,0,0,0,0,0,0,0,0,0,0,0,0,0,0,0,0,0,0,0,0.0,0.0,1,,,,,,,,,,,,,,,,,,,,,,,,,,,,,,,,,,,,,,,,,,,,,,,,,,,,,,,,,,,,,,,,,,,,,,,,,,,,,,,,,,,,,,,,,,,,,,,,,,,,,,0,0,0,0,0,0
1022,1,0,0,0,0,0,0,0,0,0,0,0,0,0,0,0,0,0,0,0,0.0,0.0,1,,,,,,,,,,,,,,,,,,,,,,,,,,,,,,,,,,,,,,,,,,,,,,,,,,,,,,,,,,,,,,,,,,,,,,,,,,,,,,,,,,,,,,,,,,,,,,,,,,,,,,0,0,0,0,0,0
1030,1,0,0,6,4,4,0,0,0,2,2,7,4,8,9,12,21.651484454403228,38.03910001730775,1.1428571428571428,43.47325716263743,0.012679700005769252,2.415180953479857,1,,,1,4,,,4,4,,,,1,,2,,2,,,,,,3,,,,,,,,,,,,,,,,,,,,,,,,,,,,,,,,,,,,,2,2,2,,,,,,,,,,,,,,,,,,,,,,,,,,,,,,,,,,,,7,1,1,1,1,1,3,2,9,7,8.0
1036,1,0,0,0,0,0,0,0,0,0,0,0,0,0,0,0,0,0,0,0,0.0,0.0,1,,,,,,,,,,,,,,,,,,,,,,,,,,,,,,,,,,,,,,,,,,,,,,,,,,,,,,,,,,,,,,,,,,,,,,,,,,,,,,,,,,,,,,,,,,,,,,,,,,,,,,0,0,0,0,0,0
1038,1,0,0,0,0,0,0,0,0,0,0,0,0,0,0,0,0,0,0,0,0.0,0.0,1,,,,,,,,,,,,,,,,,,,,,,,,,,,,,,,,,,,,,,,,,,,,,,,,,,,,,,,,,,,,,,,,,,,,,,,,,,,,,,,,,,,,,,,,,,,,,,,,,,,,,,0,0,0,0,0,0
1026,1,0,0,0,0,0,0,0,0,0,0,0,0,0,0,0,0,0,0,0,0.0,0.0,1,,,,,,,,,,,,,,,,,,,,,,,,,,,,,,,,,,,,,,,,,,,,,,,,,,,,,,,,,,,,,,,,,,,,,,,,,,,,,,,,,,,,,,,,,,,,,,,,,,,,,,0,0,0,0,0,0
1032,1,0,0,5,3,3,0,0,0,2,2,5,3,6,7,9,13.60964047443681,25.26619429851844,1.2,30.319433158222125,0.008422064766172813,1.6844129532345624,1,,,1,3,,,5,5,,,,1,,2,,1,,,,,,2,,,,,,,,,,,,,,,,,,,,,,,,,,,,,,,,,,,,,2,1,2,,,,,,,,,,,,,,,,,,,,,,,,,,,,,,,,,,,,5,1,1,1,1,1,3,2,11,5,8.0
1019,1,0,0,0,0,0,0,0,0,0,0,0,0,0,0,0,0,0,0,0,0.0,0.0,1,,,,,,,,,,,,,,,,,,,,,,,,,,,,,,,,,,,,,,,,,,,,,,,,,,,,,,,,,,,,,,,,,,,,,,,,,,,,,,,,,,,,,,,,,,,,,,,,,,,,,,0,0,0,0,0,0
1034,1,0,0,0,0,0,0,0,0,0,0,0,0,0,0,0,0,0,0,0,0.0,0.0,1,,,,,,,,,,,,,,,,,,,,,,,,,,,,,,,,,,,,,,,,,,,,,,,,,,,,,,,,,,,,,,,,,,,,,,,,,,,,,,,,,,,,,,,,,,,,,,,,,,,,,,0,0,0,0,0,0
602,2,0,0,6,5,5,0,0,0,1,2,4,2,4,6,6,10.0,15.509775004326936,1.0,15.509775004326936,0.005169925001442312,0.861654166907052,1,,,2,5,2,2,5,5,,,2,,,,,,,,,,,1,,1,,,1,,,,,,,,,,,,,,,,,,,,,,,,,,,,,,,,2,,1,,,,,,,,,,,,,,,,,,,,,,,,,,,,,,,,,,,2,2,1,,2,1,1,2,1,6,6,6.0
1053,2,0,0,8,6,6,0,0,0,2,2,3,2,4,5,6,6.754887502163469,13.931568569324174,1.3333333333333333,18.575424759098897,0.004643856189774725,1.0319680421721609,1,,,3,6,2,2,2,2,,,2,,,1,,,,,,,,3,,,,,1,,,,,,,,,,,,,,,,,,,,,,,,,,,,,,,,,,2,,,,,,,,,,,,,,,,,,,,,,,,,,,,,,,,,,,2,6,,,1,1,0,2,2,8,7,7.5
1054,2,0,0,9,7,7,0,0,0,2,3,6,3,6,9,9,20.264662506490406,28.529325012980813,1.5,42.793987519471216,0.009509775004326938,2.377443751081734,1,,,4,7,2,2,5,5,,,2,,,1,,1,,,,,,4,,,,,1,,,,,,,,,,,,,,,,,,,,,,,,,,,,,,,,2,,2,,,,,,,,,,,,,,,,,,,,,,,,,,,,,,,,,,,2,7,2,,1,2,1,2,3,8,1,3.3333333333333335
869,2,0,0,9,7,7,0,0,0,2,3,4,3,6,7,9,12.75488750216347,25.26619429851844,2.25,56.848937171666485,0.008422064766172813,3.158274287314805,1,,,1,7,2,2,6,6,,,2,2,,,1,1,,,,,,4,,,,,,,,1,,,,,,,,,,,,,,,,,,,,,,,,,,,,,3,1,2,,,,,,,,,,,,,,,,,,,,,,,,,,,,,,,,,,,2,10,1,2,1,1,1,3,3,10,5,7.666666666666667
1055,2,0,0,17,11,11,0,0,0,6,5,11,6,12,16,18,49.663388279447084,72.0,2.727272727272727,196.36363636363635,0.024,10.909090909090908,1,,,5,11,2,2,11,11,,,2,,,,1,2,1,,,,,7,2,,,,,,1,,,,,,1,,,,,,,,,,,,,,,,,,,,,,,,2,2,6,,,,,,,,,,,,,,,,,,,,,,,,,,,,,,,,,,,3,18,3,1,1,3,1,3,9,8,1,3.5555555555555554
1056,1,0,0,1,1,1,0,0,0,0,0,0,0,0,0,0,0,0,0,0,0.0,0.0,1,,,,1,,,,,,,,,,,,,,,,,,,,,,,,,,,,,,,,,,,,,,,,,,,,,,,,,,,,,,,,,,,,,,,,,,,,,,,,,,,,,,,,,,,,,,,,,,,,,1,,,,,0,0,1,4,4,4.0
1081,2,0,0,14,10,10,0,0,0,4,3,10,5,10,13,15,37.974168451037094,55.506595772116384,1.5,83.25989365817458,0.01850219859070546,4.625549647676365,1,,,6,10,2,2,14,14,,,2,1,,3,,,1,,,,,5,,,,,,,,1,,,,,,,,,,,,,,,,,,,,,,,,,,,,,2,1,4,,,,,,,,,,,,,,,,,,,,,,,,,,,,,,,,,,,2,11,4,1,3,4,1,3,5,5,5,5.0
1093,1,0,0,0,0,0,0,0,0,0,0,0,0,0,0,0,0,0,0,0,0.0,0.0,1,,,,,,,,,,,,,,,,,,,,,,,,,,,,,,,,,,,,,,,,,,,,,,,,,,,,,,,,,,,,,,,,,,,,,,,,,,,,,,,,,,,,,,,,,,,,,,,,,,,,,,0,0,0,0,0,0
1086,2,0,0,13,9,9,0,0,0,4,3,8,4,8,11,12,28.75488750216347,41.51317942364757,1.5,62.26976913547136,0.01383772647454919,3.4594316186372978,1,,,5,9,2,2,12,12,,,2,1,,2,,,1,,,,,4,,,,,,,,1,,,,,,,,,,,,,,,,,,,,,,,,,,,,,2,1,4,,,,,,,,,,,,,,,,,,,,,,,,,,,,,,,,,,,2,9,3,1,3,3,1,3,4,5,5,5.0
1091,1,0,0,0,0,0,0,0,0,0,0,0,0,0,0,0,0,0,0,0,0.0,0.0,1,,,,,,,,,,,,,,,,,,,,,,,,,,,,,,,,,,,,,,,,,,,,,,,,,,,,,,,,,,,,,,,,,,,,,,,,,,,,,,,,,,,,,,,,,,,,,,,,,,,,,,0,0,0,0,0,0
1090,2,0,0,16,11,11,0,0,0,5,2,8,4,8,10,12,26.0,39.863137138648355,1.0,39.863137138648355,0.013287712379549451,2.2146187299249087,1,,,7,11,2,2,15,15,,,2,1,,3,,,,,,,,6,,,,,,,1,,,,,,,,,,,,,,,,,,,,,,,,,,,,,,1,,5,,,,,,,,,,,,,,,,,,,,,,,,,,,,,,,,,,,2,13,5,1,3,5,1,3,6,13,6,7.833333333333333
1094,1,0,0,0,0,0,0,0,0,0,0,0,0,0,0,0,0,0,0,0,0.0,0.0,1,,,,,,,,,,,,,,,,,,,,,,,,,,,,,,,,,,,,,,,,,,,,,,,,,,,,,,,,,,,,,,,,,,,,,,,,,,,,,,,,,,,,,,,,,,,,,,,,,,,,,,0,0,0,0,0,0
1088,2,0,0,14,11,11,0,0,0,3,3,12,6,12,15,18,47.77443751081735,70.32403072095333,1.5,105.48604608143,0.02344134357365111,5.860335893412778,1,,,7,11,2,2,16,16,,,2,1,,4,,,1,,,,,6,,,,,,,,1,,,,,,,,,,,,,,,,,,,,,,,,,,,,,2,1,3,,,,,,,,,,,,,,,,,,,,,,,,,,,,,,,,,,,2,13,5,1,3,5,1,3,6,5,5,5.0
1096,1,0,0,0,0,0,0,0,0,0,0,0,0,0,0,0,0,0,0,0,0.0,0.0,1,,,,,,,,,,,,,,,,,,,,,,,,,,,,,,,,,,,,,,,,,,,,,,,,,,,,,,,,,,,,,,,,,,,,,,,,,,,,,,,,,,,,,,,,,,,,,,,,,,,,,,0,0,0,0,0,0
1087,2,0,0,14,10,10,0,0,0,4,3,10,5,10,13,15,37.974168451037094,55.506595772116384,1.5,83.25989365817458,0.01850219859070546,4.625549647676365,1,,,6,10,2,2,14,14,,,2,1,,3,,,1,,,,,5,,,,,,,,1,,,,,,,,,,,,,,,,,,,,,,,,,,,,,2,1,4,,,,,,,,,,,,,,,,,,,,,,,,,,,,,,,,,,,2,11,4,1,3,4,1,3,5,5,5,5.0
1089,2,0,0,13,10,10,0,0,0,3,2,6,3,6,8,9,17.509775004326936,27.0,1.0,27.0,0.009,1.5,1,,,6,10,2,2,13,13,,,2,1,,2,,,,,,,,5,,,,,,,1,,,,,,,,,,,,,,,,,,,,,,,,,,,,,,1,,3,,,,,,,,,,,,,,,,,,,,,,,,,,,,,,,,,,,2,11,4,1,3,4,1,3,5,13,6,8.0
1097,1,0,0,0,0,0,0,0,0,0,0,0,0,0,0,0,0,0,0,0,0.0,0.0,1,,,,,,,,,,,,,,,,,,,,,,,,,,,,,,,,,,,,,,,,,,,,,,,,,,,,,,,,,,,,,,,,,,,,,,,,,,,,,,,,,,,,,,,,,,,,,,,,,,,,,,0,0,0,0,0,0
1092,2,0,0,17,12,12,0,0,0,5,6,15,12,24,21,36,74.11313393845472,158.12342722003538,4.8,758.9924506561698,0.05270780907334513,42.1662472586761,1,,,2,12,2,2,6,6,,,2,,,2,2,,,,,,,8,,2,,,1,,,,,,,,3,,,,,,,,,,,,2,,,,,,,,,,,,7,,5,,,,,,,,,,,,,,,,,,,,,,,,,,,,,,,,,,,2,21,1,,2,1,1,2,7,11,6,9.0
1083,2,0,0,13,9,9,0,0,0,4,3,8,4,8,11,12,28.75488750216347,41.51317942364757,1.5,62.26976913547136,0.01383772647454919,3.4594316186372978,1,,,5,9,2,2,12,12,,,2,1,,2,,,1,,,,,4,,,,,,,,1,,,,,,,,,,,,,,,,,,,,,,,,,,,,,2,1,4,,,,,,,,,,,,,,,,,,,,,,,,,,,,,,,,,,,2,9,3,1,3,3,1,3,4,5,5,5.0
1095,1,0,0,0,0,0,0,0,0,0,0,0,0,0,0,0,0,0,0,0,0.0,0.0,1,,,,,,,,,,,,,,,,,,,,,,,,,,,,,,,,,,,,,,,,,,,,,,,,,,,,,,,,,,,,,,,,,,,,,,,,,,,,,,,,,,,,,,,,,,,,,,,,,,,,,,0,0,0,0,0,0
1082,2,0,0,14,11,11,0,0,0,3,3,11,6,12,14,18,42.808635307173745,68.53238859703687,1.6363636363636365,112.14390861333307,0.022844129532345624,6.23021714518517,1,,,7,11,2,2,16,16,,,2,1,,4,,,1,,,,,6,,,,,,,,1,,,,,,,,,,,,,,,,,,,,,,,,,,,,,2,1,3,,,,,,,,,,,,,,,,,,,,,,,,,,,,,,,,,,,2,13,5,1,3,5,1,3,6,5,5,5.0
1080,2,0,0,13,9,9,0,0,0,4,3,8,4,8,11,12,28.75488750216347,41.51317942364757,1.5,62.26976913547136,0.01383772647454919,3.4594316186372978,1,,,5,9,2,2,12,12,,,2,1,,2,,,1,,,,,4,,,,,,,,1,,,,,,,,,,,,,,,,,,,,,,,,,,,,,2,1,4,,,,,,,,,,,,,,,,,,,,,,,,,,,,,,,,,,,2,9,3,1,3,3,1,3,4,5,5,5.0
1084,2,0,0,13,10,10,0,0,0,3,3,10,5,10,13,15,37.974168451037094,55.506595772116384,1.5,83.25989365817458,0.01850219859070546,4.625549647676365,1,,,6,10,2,2,14,14,,,2,1,,3,,,1,,,,,5,,,,,,,,1,,,,,,,,,,,,,,,,,,,,,,,,,,,,,2,1,3,,,,,,,,,,,,,,,,,,,,,,,,,,,,,,,,,,,2,11,4,1,3,4,1,3,5,5,5,5.0
1098,1,0,0,0,0,0,0,0,0,0,0,0,0,0,0,0,0,0,0,0,0.0,0.0,1,,,,,,,,,,,,,,,,,,,,,,,,,,,,,,,,,,,,,,,,,,,,,,,,,,,,,,,,,,,,,,,,,,,,,,,,,,,,,,,,,,,,,,,,,,,,,,,,,,,,,,0,0,0,0,0,0
1085,2,0,0,14,11,11,0,0,0,3,3,12,6,12,15,18,47.77443751081735,70.32403072095333,1.5,105.48604608143,0.02344134357365111,5.860335893412778,1,,,7,11,2,2,16,16,,,2,1,,4,,,1,,,,,6,,,,,,,,1,,,,,,,,,,,,,,,,,,,,,,,,,,,,,1,2,3,,,,,,,,,,,,,,,,,,,,,,,,,,,,,,,,,,,2,13,5,1,3,5,1,3,6,5,5,5.0
1079,7,0,0,25,14,14,7,7,0,4,7,22,20,42,29,62,117.75898006442377,301.1948216979095,6.681818181818182,2012.529035890577,0.10039827389930317,111.8071686605876,1,,,6,14,4,4,20,20,,,4,2,,5,3,4,1,,,3,3,6,,,,,,,,,,,,,,,,,,,,,,,,,,,,,,,,,,,,,4,8,11,,,,,,,,,,,,,,,,,,,,,,,,,,,,,,,,,,,10,32,3,1,3,3,1,3,7,4,1,2.2857142857142856
1099,12,0,0,29,17,17,7,7,0,5,6,18,18,39,24,57,90.56842503028855,261.34286254110594,6.5,1698.7286065171886,0.08711428751370198,94.37381147317714,1,,,9,17,7,7,14,14,,,7,1,,3,,1,,,,3,3,8,,,,,5,,,,,,,,,,,,,,,,,,,,,,,,,,,,,,,,3,7,12,,,,,,,,,,,,,,,,,,,,,,,,,,,,,,,,,,,16,32,3,,1,3,1,2,5,4,1,1.6
1100,7,0,0,17,17,17,0,0,0,0,1,7,6,12,8,18,19.651484454403228,54.0,0.8571428571428571,46.285714285714285,0.018,2.571428571428571,1,,,9,17,7,7,10,10,,,7,2,,,,,,,,,,8,,,,,6,,,,,,,,,,,,,,,,,,,,,,,,,,,,,,,,6,,,,,,,,,,,,,,,,,,,,,,,,,,,,,,,,,,,,,7,16,1,,2,1,1,2,2,6,5,5.5
1101,8,0,0,26,26,26,0,0,0,0,4,13,13,26,17,39,56.105716335834195,159.41105080876326,4.0,637.644203235053,0.05313701693625442,35.42467795750295,1,,,10,26,12,12,20,20,,,12,9,,,,6,,,,,,8,1,,,,3,,3,1,,,,,,,,,,,,,,,,,,,,,,,,,,,,,7,6,,,,,,,,,,,,,,,,,,,,,,,,,,,,,,,,,,,,12,27,1,3,6,2,1,3,4,7,4,5.25
1102,8,0,0,30,22,22,9,5,0,3,9,51,48,99,60,147,317.8230174535271,868.3129175544523,8.735294117647058,7584.968720990361,0.2894376391848174,421.38715116613116,1,,,3,22,5,5,22,22,,,5,2,,2,8,17,5,,,2,5,13,6,2,,,,,,,,,,,6,,,,,,,,,,,,,,,,,,,,,,,,20,10,8,,,,,,,,,,,,,,,,,,,,,,,,,,,,,,,,,,,10,65,3,,3,3,1,2,11,19,1,5.636363636363637
1103,4,0,0,11,10,10,0,0,0,1,4,5,4,8,9,12,19.60964047443681,38.03910001730775,3.2,121.72512005538482,0.012679700005769252,6.762506669743601,1,,,9,10,4,4,11,11,,,4,14,,,,,,,,1,,3,,,,,,,1,1,,,,,,,,,,,,,,,,,,,,,,,,,,,,,,,1,,,,,,,,,,,,,,,,,,,,,,,,,,,,,,,,,,,5,17,3,,3,3,1,2,3,1,1,1.0
1104,7,0,0,16,11,11,3,3,0,2,3,12,10,20,15,30,47.77443751081735,117.20671786825557,2.5,293.0167946706389,0.03906890595608519,16.278710815035495,1,,,3,11,4,4,15,15,,,4,,,,,,,,,6,,4,,,,,,,,,,,,,,,,,,,,,,,,,,,,,,,,,,,,,,3,5,,,,,,,,,,,,,,,,,,,,,,,,,,,,,,,,,,,8,16,4,,3,4,1,2,4,1,1,1.0
1105,10,0,0,22,21,21,0,0,0,1,1,10,9,18,11,27,33.219280948873624,93.40465370320705,0.9,84.06418833288635,0.031134884567735683,4.670232685160353,1,,,20,21,10,10,11,11,,,10,,,,,,,,,,,1,,,,,9,,,,,,,,,,,,,,,,,,,,,,,,,,,,,,,,,,1,,,,,,,,,,,,,,,,,,,,,,,,,,,,,,,,,,,10,10,,,10,1,0,2,1,6,6,6.0
1107,1,0,0,1,1,1,0,0,0,0,0,0,0,0,0,0,0,0,0,0,0.0,0.0,1,,,,1,,,,,,,,,,,,,,,,,,,,,,,,,,,,,,,,,,,,,,,,,,,,,,,,,,,,,,,,,,,,,,,,,,,,,,,,,,,,,,,,,,,,,,,,,,,,,1,,,,,0,0,1,4,4,4.0
1116,9,0,0,22,13,12,1,1,7,2,5,11,12,24,16,36,49.663388279447084,144.0,5.454545454545454,785.4545454545454,0.048,43.63636363636363,1,,,18,13,5,5,13,13,,,5,20,,,,,,,,3,3,2,,,,,2,,,,,,,,,,,,,,,,,,,,,,,,,,,,,,,,8,1,3,,,,,,,,,,,,,,,,,,,,,,,,,,,,,,,,,,,9,20,2,,5,2,1,2,2,1,1,1.0
1121,1,0,0,1,1,1,0,0,0,0,0,0,0,0,0,0,0,0,0,0,0.0,0.0,1,,,,1,,,,,,,,,,,,,,,,,,,,,,,,,,,,,,,,,,,,,,,,,,,,,,,,,,,,,,,,,,,,,,,,,,,,,,,,,,,,,,,,,,,,,,,,,,,,,1,,,,,0,0,1,4,4,4.0
1109,16,0,0,38,28,27,1,1,7,3,4,26,22,44,30,66,130.2114326716684,323.85477931016226,3.3846153846153846,1096.1238684343953,0.10795159310338742,60.89577046857752,1,,,9,28,12,12,23,23,,,12,6,,,,,,,,,5,12,,,,,,,7,3,,,,,,,,,,,,,,,,,,,,,,,,,,,,,13,11,4,,,,,,,,,,,,,,,,,,,,,,,,,,,,,,,,,,,19,32,2,,3,2,2,2,5,5,2,3.0
1119,11,0,0,35,26,25,0,0,7,3,1,12,10,20,13,30,43.01955000865388,111.01319154423277,0.8333333333333334,92.5109929535273,0.03700439718141092,5.139499608529295,1,,,24,26,12,12,4,4,,,12,2,,,,,,,,,,11,,,,,10,,,,,,,,,,,,,,,,,,,,,,,,,,,,,,,,,,3,,,,,,,,,,,,,,,,,,,,,,,,,,,,,,,,,,,12,23,,,2,1,0,2,2,4,4,4.0
1111,2,0,0,12,9,9,0,0,0,3,4,8,4,8,12,12,32.0,43.01955000865388,2.0,86.03910001730776,0.014339850002884626,4.779950000961542,1,,,5,9,2,2,10,10,,,2,5,,,1,1,1,,,,1,5,,,,,,,,,,,,,,,,,,,,,,,,,,,,,,,,,,,,,4,2,3,,,,,,,,,,,,,,,,,,,,,,,,,,,,,,,,,,,2,11,2,1,2,2,1,3,4,12,1,6.25
1122,11,0,0,36,26,25,0,0,7,4,1,12,10,20,13,30,43.01955000865388,111.01319154423277,0.8333333333333334,92.5109929535273,0.03700439718141092,5.139499608529295,1,,,24,26,12,12,4,4,,,12,2,,,,,,,,,,11,,,,,10,,,,,,,,,,,,,,,,,,,,,,,,,,,,,,,,,,4,,,,,,,,,,,,,,,,,,,,,,,,,,,,,,,,,,,12,23,,,2,1,0,2,2,6,4,5.0
1120,11,0,0,35,26,25,0,0,7,3,1,12,10,20,13,30,43.01955000865388,111.01319154423277,0.8333333333333334,92.5109929535273,0.03700439718141092,5.139499608529295,1,,,24,26,12,12,4,4,,,12,2,,,,,,,,,,11,,,,,10,,,,,,,,,,,,,,,,,,,,,,,,,,,,,,,,,,3,,,,,,,,,,,,,,,,,,,,,,,,,,,,,,,,,,,12,23,,,2,1,0,2,2,6,4,5.0
1115,7,0,0,29,19,18,1,1,7,3,8,18,14,28,26,42,99.05865002596161,197.4184681619259,6.222222222222222,1228.3815796742056,0.0658061560539753,68.24342109301142,1,,,7,19,6,6,10,10,,,6,5,,1,,1,4,,,,1,9,,,,,3,,1,1,,,,,,,,,,,,,,,,,,,,,,,,,,,,,10,6,4,,,,,,,,,,,,,,,,,,,,,,,,,,,,,,,,,,,8,23,2,1,3,2,2,3,6,8,1,3.6666666666666665
1114,10,0,0,48,25,24,9,9,7,8,5,14,11,22,19,33,64.91260938324326,140.1816079436383,3.9285714285714284,550.713459778579,0.04672720264787944,30.595192209921056,1,,,17,25,10,10,15,15,,,10,5,,,,1,,,,7,,11,,,,,1,,1,,,,,,,,,,,,,,,,,,,,,,,,,,,,,,8,9,17,,,,,,,,,,,,,,,,,,,,,,,,,,,,,,,,,,,11,25,2,,3,2,1,2,4,6,3,4.5
1128,1,0,0,1,1,1,0,0,0,0,0,0,0,0,0,0,0,0,0,0,0.0,0.0,1,,,,1,,,,,,,,,,,,,,,,,,,,,,,,,,,,,,,,,,,,,,,,,,,,,,,,,,,,,,,,,,,,,,,,,,,,,,,,,,,,,,,,,,,,,,,,,,,,,1,,,,,0,0,1,4,4,4.0
1117,10,0,0,32,21,20,2,2,7,3,10,27,17,36,37,53,161.6012435072873,276.1010283783344,6.666666666666667,1840.6735225222292,0.09203367612611146,102.25964014012385,1,,,12,21,6,6,13,13,,,6,7,,1,1,1,1,,,,1,11,,,,,6,,1,1,,,,,,,,,,,,,,,,,,,,,,,,,,,,,10,5,5,,,,,,,,,,,,,,,,,,,,,,,,,,,,,,,,,,,12,30,2,1,3,3,2,3,9,11,2,4.444444444444445
1125,8,0,0,30,20,19,0,0,7,4,1,9,7,14,10,21,28.529325012980813,69.76048999263462,0.7777777777777778,54.258158883160256,0.02325349666421154,3.0143421601755698,1,,,18,20,9,9,4,4,,,9,2,,,,,,,,,,8,,,,,7,,,,,,,,,,,,,,,,,,,,,,,,,,,,,,,,,,4,,,,,,,,,,,,,,,,,,,,,,,,,,,,,,,,,,,9,17,,,2,1,0,2,2,5,4,4.5
1124,1,0,0,1,1,1,0,0,0,0,0,0,0,0,0,0,0,0,0,0,0.0,0.0,1,,,,1,,,,,,,,,,,,,,,,,,,,,,,,,,,,,,,,,,,,,,,,,,,,,,,,,,,,,,,,,,,,,,,,,,,,,,,,,,,,,,,,,,,,,,,,,,,,,1,,,,,0,0,1,4,4,4.0
1127,11,0,0,35,26,25,0,0,7,3,1,12,10,20,13,30,43.01955000865388,111.01319154423277,0.8333333333333334,92.5109929535273,0.03700439718141092,5.139499608529295,1,,,24,26,12,12,4,4,,,12,2,,,,,,,,,,11,,,,,10,,,,,,,,,,,,,,,,,,,,,,,,,,,,,,,,,,3,,,,,,,,,,,,,,,,,,,,,,,,,,,,,,,,,,,12,23,,,2,1,0,2,2,6,3,4.5
1113,17,0,0,41,31,30,1,1,7,3,5,24,24,48,29,72,121.64874049174458,349.77463164918527,5.0,1748.8731582459263,0.11659154388306175,97.15961990255147,1,,,9,31,14,14,12,12,,,14,5,,,,,,,,,5,13,,1,,,,,10,1,,,,,,,,,,,,,,,,,,,,,,,,,,,,,15,11,4,,,,,,,,,,,,,,,,,,,,,,,,,,,,,,,,,,,21,34,2,,3,2,2,2,5,5,2,3.6
1112,11,0,0,30,20,19,1,1,7,3,6,19,17,34,25,51,96.22039775975506,236.83666567851094,5.368421052631579,1271.438942063585,0.07894555522617032,70.63549678131028,1,,,5,20,8,8,6,6,,,8,3,,1,,1,1,,,,5,8,,,,,,,5,,,,,,,,,,,,,,,,,,,,,,,,,,,,,,12,7,4,,,,,,,,,,,,,,,,,,,,,,,,,,,,,,,,,,,12,23,1,1,3,1,1,3,3,8,1,4.0
1123,1,0,0,1,1,1,0,0,0,0,0,0,0,0,0,0,0,0,0,0,0.0,0.0,1,,,,1,,,,,,,,,,,,,,,,,,,,,,,,,,,,,,,,,,,,,,,,,,,,,,,,,,,,,,,,,,,,,,,,,,,,,,,,,,,,,,,,,,,,,,,,,,,,,1,,,,,0,0,1,4,4,4.0
1126,8,0,0,29,20,19,0,0,7,3,1,9,7,14,10,21,28.529325012980813,69.76048999263462,0.7777777777777778,54.258158883160256,0.02325349666421154,3.0143421601755698,1,,,18,20,9,9,4,4,,,9,2,,,,,,,,,,8,,,,,7,,,,,,,,,,,,,,,,,,,,,,,,,,,,,,,,,,3,,,,,,,,,,,,,,,,,,,,,,,,,,,,,,,,,,,9,17,,,2,1,0,2,2,5,4,4.5
1110,16,0,0,46,36,35,1,1,7,3,5,24,26,54,29,80,121.64874049174458,388.6384796102058,5.625,2186.091447807408,0.1295461598700686,121.44952487818932,1,,,10,36,14,14,16,16,,,14,7,,8,,,,,,,,18,,,,,9,,3,3,,,,,,,,,,,,,,,,,,,,,,,,,,,,,28,1,4,,,,,,,,,,,,,,,,,,,,,,,,,,,,,,,,,,,19,47,3,,3,3,1,2,6,3,2,2.6666666666666665
1118,1,0,0,1,1,1,0,0,0,0,0,0,0,0,0,0,0,0,0,0,0.0,0.0,1,,,,1,,,,,,,,,,,,,,,,,,,,,,,,,,,,,,,,,,,,,,,,,,,,,,,,,,,,,,,,,,,,,,,,,,,,,,,,,,,,,,,,,,,,,,,,,,,,,1,,,,,0,0,1,4,4,4.0
1149,11,0,0,36,26,25,0,0,7,4,1,12,10,20,13,30,43.01955000865388,111.01319154423277,0.8333333333333334,92.5109929535273,0.03700439718141092,5.139499608529295,1,,,24,26,12,12,4,4,,,12,2,,,,,,,,,,11,,,,,10,,,,,,,,,,,,,,,,,,,,,,,,,,,,,,,,,,4,,,,,,,,,,,,,,,,,,,,,,,,,,,,,,,,,,,12,23,,,2,1,0,2,2,6,4,5.0
1148,11,0,0,35,26,25,0,0,7,3,1,12,10,20,13,30,43.01955000865388,111.01319154423277,0.8333333333333334,92.5109929535273,0.03700439718141092,5.139499608529295,1,,,24,26,12,12,4,4,,,12,2,,,,,,,,,,11,,,,,10,,,,,,,,,,,,,,,,,,,,,,,,,,,,,,,,,,3,,,,,,,,,,,,,,,,,,,,,,,,,,,,,,,,,,,12,23,,,2,1,0,2,2,6,4,5.0
1146,11,0,0,36,26,25,0,0,7,4,1,12,10,20,13,30,43.01955000865388,111.01319154423277,0.8333333333333334,92.5109929535273,0.03700439718141092,5.139499608529295,1,,,24,26,12,12,4,4,,,12,2,,,,,,,,,,11,,,,,10,,,,,,,,,,,,,,,,,,,,,,,,,,,,,,,,,,4,,,,,,,,,,,,,,,,,,,,,,,,,,,,,,,,,,,12,23,,,2,1,0,2,2,4,4,4.0
1147,10,0,0,33,24,23,0,0,7,3,1,11,9,18,12,27,38.053747805010275,96.79398751947123,0.8181818181818182,79.19508069774919,0.03226466250649041,4.399726705430511,1,,,22,24,11,11,4,4,,,11,2,,,,,,,,,,10,,,,,9,,,,,,,,,,,,,,,,,,,,,,,,,,,,,,,,,,3,,,,,,,,,,,,,,,,,,,,,,,,,,,,,,,,,,,11,21,,,2,1,0,2,2,4,3,3.5
1132,1,0,0,1,1,1,0,0,0,0,0,0,0,0,0,0,0,0,0,0,0.0,0.0,1,,,,1,,,,,,,,,,,,,,,,,,,,,,,,,,,,,,,,,,,,,,,,,,,,,,,,,,,,,,,,,,,,,,,,,,,,,,,,,,,,,,,,,,,,,,,,,,,,,1,,,,,0,0,1,4,4,4.0
1133,1,0,0,1,1,1,0,0,0,0,0,0,0,0,0,0,0,0,0,0,0.0,0.0,1,,,,1,,,,,,,,,,,,,,,,,,,,,,,,,,,,,,,,,,,,,,,,,,,,,,,,,,,,,,,,,,,,,,,,,,,,,,,,,,,,,,,,,,,,,,,,,,,,,1,,,,,0,0,1,4,4,4.0
1134,1,0,0,1,1,1,0,0,0,0,0,0,0,0,0,0,0,0,0,0,0.0,0.0,1,,,,1,,,,,,,,,,,,,,,,,,,,,,,,,,,,,,,,,,,,,,,,,,,,,,,,,,,,,,,,,,,,,,,,,,,,,,,,,,,,,,,,,,,,,,,,,,,,,1,,,,,0,0,1,4,4,4.0
1135,1,0,0,1,1,1,0,0,0,0,0,0,0,0,0,0,0,0,0,0,0.0,0.0,1,,,,1,,,,,,,,,,,,,,,,,,,,,,,,,,,,,,,,,,,,,,,,,,,,,,,,,,,,,,,,,,,,,,,,,,,,,,,,,,,,,,,,,,,,,,,,,,,,,1,,,,,0,0,1,4,4,4.0
1136,1,0,0,1,1,1,0,0,0,0,0,0,0,0,0,0,0,0,0,0,0.0,0.0,1,,,,1,,,,,,,,,,,,,,,,,,,,,,,,,,,,,,,,,,,,,,,,,,,,,,,,,,,,,,,,,,,,,,,,,,,,,,,,,,,,,,,,,,,,,,,,,,,,,1,,,,,0,0,1,4,4,4.0
1137,2,0,0,10,8,8,0,0,0,2,3,6,4,8,9,12,20.264662506490406,38.03910001730775,2.0,76.0782000346155,0.012679700005769252,4.226566668589751,1,,,,8,1,1,6,6,,,1,1,,2,,1,1,,,1,,5,,,,,,,,,,,,,,,,,,,,,,,,,,,,,,,,,,,,,5,,2,,,,,,,,,,,,,,,,,,,,,,,,,,,,,,,,,,,3,13,1,1,1,1,1,3,5,9,1,3.2
1138,1,0,0,0,0,0,0,0,0,0,0,0,0,0,0,0,0,0,0,0,0.0,0.0,1,,,,,,,,,,,,,,,,,,,,,,,,,,,,,,,,,,,,,,,,,,,,,,,,,,,,,,,,,,,,,,,,,,,,,,,,,,,,,,,,,,,,,,,,,,,,,,,,,,,,,,0,0,0,0,0,0
1139,1,0,0,0,0,0,0,0,0,0,0,0,0,0,0,0,0,0,0,0,0.0,0.0,1,,,,,,,,,,,,,,,,,,,,,,,,,,,,,,,,,,,,,,,,,,,,,,,,,,,,,,,,,,,,,,,,,,,,,,,,,,,,,,,,,,,,,,,,,,,,,,,,,,,,,,0,0,0,0,0,0
1140,1,0,0,1,1,1,0,0,0,0,0,0,0,0,0,0,0,0,0,0,0.0,0.0,1,,,,1,,,,,,,,,,,,,,,,,,,,,,,,,,,,,,,,,,,,,,,,,,,,,,,,,,,,,,,,,,,,,,,,,,,,,,,,,,,,,,,,,,,,,,,,,,,,,1,,,,,0,0,1,4,4,4.0
1141,1,0,0,0,0,0,0,0,0,0,0,0,0,0,0,0,0,0,0,0,0.0,0.0,1,,,,,,,,,,,,,,,,,,,,,,,,,,,,,,,,,,,,,,,,,,,,,,,,,,,,,,,,,,,,,,,,,,,,,,,,,,,,,,,,,,,,,,,,,,,,,,,,,,,,,,0,0,0,0,0,0
1142,1,0,0,0,0,0,0,0,0,0,0,0,0,0,0,0,0,0,0,0,0.0,0.0,1,,,,,,,,,,,,,,,,,,,,,,,,,,,,,,,,,,,,,,,,,,,,,,,,,,,,,,,,,,,,,,,,,,,,,,,,,,,,,,,,,,,,,,,,,,,,,,,,,,,,,,0,0,0,0,0,0
1163,1,0,0,1,1,1,0,0,0,0,0,0,0,0,0,0,0,0,0,0,0.0,0.0,1,,,,1,,,,,,,,,,,,,,,,,,,,,,,,,,,,,,,,,,,,,,,,,,,,,,,,,,,,,,,,,,,,,,,,,,,,,,,,,,,,,,,,,,,,,,,,,,,,,1,,,,,0,0,1,4,4,4.0
1170,1,0,0,1,1,1,0,0,0,0,0,0,0,0,0,0,0,0,0,0,0.0,0.0,1,,,,1,,,,,,,,,,,,,,,,,,,,,,,,,,,,,,,,,,,,,,,,,,,,,,,,,,,,,,,,,,,,,,,,,,,,,,,,,,,,,,,,,,,,,,,,,,,,,1,,,,,0,0,1,4,4,4.0
1162,1,0,0,1,1,1,0,0,0,0,0,0,0,0,0,0,0,0,0,0,0.0,0.0,1,,,,1,,,,,,,,,,,,,,,,,,,,,,,,,,,,,,,,,,,,,,,,,,,,,,,,,,,,,,,,,,,,,,,,,,,,,,,,,,,,,,,,,,,,,,,,,,,,,1,,,,,0,0,1,4,4,4.0
1166,1,0,0,1,1,1,0,0,0,0,0,0,0,0,0,0,0,0,0,0,0.0,0.0,1,,,,1,,,,,,,,,,,,,,,,,,,,,,,,,,,,,,,,,,,,,,,,,,,,,,,,,,,,,,,,,,,,,,,,,,,,,,,,,,,,,,,,,,,,,,,,,,,,,1,,,,,0,0,1,4,4,4.0
1160,1,0,0,1,1,1,0,0,0,0,0,0,0,0,0,0,0,0,0,0,0.0,0.0,1,,,,1,,,,,,,,,,,,,,,,,,,,,,,,,,,,,,,,,,,,,,,,,,,,,,,,,,,,,,,,,,,,,,,,,,,,,,,,,,,,,,,,,,,,,,,,,,,,,1,,,,,0,0,1,4,4,4.0
1173,1,0,0,1,1,1,0,0,0,0,0,0,0,0,0,0,0,0,0,0,0.0,0.0,1,,,,1,,,,,,,,,,,,,,,,,,,,,,,,,,,,,,,,,,,,,,,,,,,,,,,,,,,,,,,,,,,,,,,,,,,,,,,,,,,,,,,,,,,,,,,,,,,,,1,,,,,0,0,1,4,4,4.0
1155,1,0,0,1,1,1,0,0,0,0,0,0,0,0,0,0,0,0,0,0,0.0,0.0,1,,,,1,,,,,,,,,,,,,,,,,,,,,,,,,,,,,,,,,,,,,,,,,,,,,,,,,,,,,,,,,,,,,,,,,,,,,,,,,,,,,,,,,,,,,,,,,,,,,1,,,,,0,0,1,4,4,4.0
1169,1,0,0,1,1,1,0,0,0,0,0,0,0,0,0,0,0,0,0,0,0.0,0.0,1,,,,1,,,,,,,,,,,,,,,,,,,,,,,,,,,,,,,,,,,,,,,,,,,,,,,,,,,,,,,,,,,,,,,,,,,,,,,,,,,,,,,,,,,,,,,,,,,,,1,,,,,0,0,1,4,4,4.0
1153,1,0,0,1,1,1,0,0,0,0,0,0,0,0,0,0,0,0,0,0,0.0,0.0,1,,,,1,,,,,,,,,,,,,,,,,,,,,,,,,,,,,,,,,,,,,,,,,,,,,,,,,,,,,,,,,,,,,,,,,,,,,,,,,,,,,,,,,,,,,,,,,,,,,1,,,,,0,0,1,4,4,4.0
1157,1,0,0,1,1,1,0,0,0,0,0,0,0,0,0,0,0,0,0,0,0.0,0.0,1,,,,1,,,,,,,,,,,,,,,,,,,,,,,,,,,,,,,,,,,,,,,,,,,,,,,,,,,,,,,,,,,,,,,,,,,,,,,,,,,,,,,,,,,,,,,,,,,,,1,,,,,0,0,1,4,4,4.0
1156,1,0,0,1,1,1,0,0,0,0,0,0,0,0,0,0,0,0,0,0,0.0,0.0,1,,,,1,,,,,,,,,,,,,,,,,,,,,,,,,,,,,,,,,,,,,,,,,,,,,,,,,,,,,,,,,,,,,,,,,,,,,,,,,,,,,,,,,,,,,,,,,,,,,1,,,,,0,0,1,4,4,4.0
1159,1,0,0,1,1,1,0,0,0,0,0,0,0,0,0,0,0,0,0,0,0.0,0.0,1,,,,1,,,,,,,,,,,,,,,,,,,,,,,,,,,,,,,,,,,,,,,,,,,,,,,,,,,,,,,,,,,,,,,,,,,,,,,,,,,,,,,,,,,,,,,,,,,,,1,,,,,0,0,1,4,4,4.0
1164,1,0,0,1,1,1,0,0,0,0,0,0,0,0,0,0,0,0,0,0,0.0,0.0,1,,,,1,,,,,,,,,,,,,,,,,,,,,,,,,,,,,,,,,,,,,,,,,,,,,,,,,,,,,,,,,,,,,,,,,,,,,,,,,,,,,,,,,,,,,,,,,,,,,1,,,,,0,0,1,4,4,4.0
1175,1,0,0,1,1,1,0,0,0,0,0,0,0,0,0,0,0,0,0,0,0.0,0.0,1,,,,1,,,,,,,,,,,,,,,,,,,,,,,,,,,,,,,,,,,,,,,,,,,,,,,,,,,,,,,,,,,,,,,,,,,,,,,,,,,,,,,,,,,,,,,,,,,,,1,,,,,0,0,1,4,4,4.0
1174,1,0,0,1,1,1,0,0,0,0,0,0,0,0,0,0,0,0,0,0,0.0,0.0,1,,,,1,,,,,,,,,,,,,,,,,,,,,,,,,,,,,,,,,,,,,,,,,,,,,,,,,,,,,,,,,,,,,,,,,,,,,,,,,,,,,,,,,,,,,,,,,,,,,1,,,,,0,0,1,4,4,4.0
1161,1,0,0,1,1,1,0,0,0,0,0,0,0,0,0,0,0,0,0,0,0.0,0.0,1,,,,1,,,,,,,,,,,,,,,,,,,,,,,,,,,,,,,,,,,,,,,,,,,,,,,,,,,,,,,,,,,,,,,,,,,,,,,,,,,,,,,,,,,,,,,,,,,,,1,,,,,0,0,1,4,4,4.0
1165,1,0,0,1,1,1,0,0,0,0,0,0,0,0,0,0,0,0,0,0,0.0,0.0,1,,,,1,,,,,,,,,,,,,,,,,,,,,,,,,,,,,,,,,,,,,,,,,,,,,,,,,,,,,,,,,,,,,,,,,,,,,,,,,,,,,,,,,,,,,,,,,,,,,1,,,,,0,0,1,4,4,4.0
1171,1,0,0,1,1,1,0,0,0,0,0,0,0,0,0,0,0,0,0,0,0.0,0.0,1,,,,1,,,,,,,,,,,,,,,,,,,,,,,,,,,,,,,,,,,,,,,,,,,,,,,,,,,,,,,,,,,,,,,,,,,,,,,,,,,,,,,,,,,,,,,,,,,,,1,,,,,0,0,1,4,4,4.0
1152,1,0,0,1,1,1,0,0,0,0,0,0,0,0,0,0,0,0,0,0,0.0,0.0,1,,,,1,,,,,,,,,,,,,,,,,,,,,,,,,,,,,,,,,,,,,,,,,,,,,,,,,,,,,,,,,,,,,,,,,,,,,,,,,,,,,,,,,,,,,,,,,,,,,1,,,,,0,0,1,4,4,4.0
1167,1,0,0,1,1,1,0,0,0,0,0,0,0,0,0,0,0,0,0,0,0.0,0.0,1,,,,1,,,,,,,,,,,,,,,,,,,,,,,,,,,,,,,,,,,,,,,,,,,,,,,,,,,,,,,,,,,,,,,,,,,,,,,,,,,,,,,,,,,,,,,,,,,,,1,,,,,0,0,1,4,4,4.0
1154,1,0,0,0,0,0,0,0,0,0,0,0,0,0,0,0,0,0,0,0,0.0,0.0,1,,,,,,,,,,,,,,,,,,,,,,,,,,,,,,,,,,,,,,,,,,,,,,,,,,,,,,,,,,,,,,,,,,,,,,,,,,,,,,,,,,,,,,,,,,,,,,,,,,,,,,0,0,0,0,0,0
1179,1,0,0,1,1,1,0,0,0,0,0,0,0,0,0,0,0,0,0,0,0.0,0.0,1,,,,1,,,,,,,,,,,,,,,,,,,,,,,,,,,,,,,,,,,,,,,,,,,,,,,,,,,,,,,,,,,,,,,,,,,,,,,,,,,,,,,,,,,,,,,,,,,,,1,,,,,0,0,1,4,4,4.0
1180,1,0,0,1,1,1,0,0,0,0,0,0,0,0,0,0,0,0,0,0,0.0,0.0,1,,,,1,,,,,,,,,,,,,,,,,,,,,,,,,,,,,,,,,,,,,,,,,,,,,,,,,,,,,,,,,,,,,,,,,,,,,,,,,,,,,,,,,,,,,,,,,,,,,1,,,,,0,0,1,4,4,4.0
1181,1,0,0,1,1,1,0,0,0,0,0,0,0,0,0,0,0,0,0,0,0.0,0.0,1,,,,1,,,,,,,,,,,,,,,,,,,,,,,,,,,,,,,,,,,,,,,,,,,,,,,,,,,,,,,,,,,,,,,,,,,,,,,,,,,,,,,,,,,,,,,,,,,,,1,,,,,0,0,1,4,4,4.0
1182,1,0,0,1,1,1,0,0,0,0,0,0,0,0,0,0,0,0,0,0,0.0,0.0,1,,,,1,,,,,,,,,,,,,,,,,,,,,,,,,,,,,,,,,,,,,,,,,,,,,,,,,,,,,,,,,,,,,,,,,,,,,,,,,,,,,,,,,,,,,,,,,,,,,1,,,,,0,0,1,4,4,4.0
1183,5,0,0,30,18,17,1,1,5,7,3,8,8,16,11,24,28.75488750216347,83.02635884729514,3.0,249.07907654188543,0.02767545294909838,13.837726474549191,1,,,1,18,4,4,9,9,4,4,4,1,,,,,,,,2,,8,4,,,,,,,2,,,,,,4,,,,,,,,,,,,,,,,,,,,,,,10,1,7,,,,,,,,,,,,,,,,,,,,,,,,,,,,,,,,,,,6,33,1,1,1,1,1,3,11,9,1,4.363636363636363
1184,1,0,0,1,1,1,0,0,0,0,0,0,0,0,0,0,0,0,0,0,0.0,0.0,1,,,,1,,,,,,,,,,,,,,,,,,,,,,,,,,,,,,,,,,,,,,,,,,,,,,,,,,,,,,,,,,,,,,,,,,,,,,,,,,,,,,,,,,,,,,,,,,,,,1,,,,,0,0,1,4,4,4.0
1185,3,0,0,23,11,10,1,1,8,4,3,6,4,8,9,12,20.264662506490406,38.03910001730775,2.0,76.0782000346155,0.012679700005769252,4.226566668589751,1,,,1,11,2,2,7,7,1,1,2,,,,,,,,,1,1,3,2,,,,,,,,,,,,,2,,,,,,,,,,,,,,,,,,,,,,,5,1,5,,,,,,,,,,,,,,,,,,,,,,,,,,,,,,,,,,,4,16,,1,2,1,0,3,7,17,1,5.285714285714286
1186,13,0,0,34,32,29,2,2,0,3,2,19,16,32,21,48,82.71062275542812,210.83123629338053,1.6842105263157894,355.084187441483,0.07027707876446018,19.72689930230461,1,,,26,29,12,12,2,2,3,3,15,,,4,,,,,,,,16,,,,,12,,,,,,,,,,,,,,,,,,,,,,,,,,,,,,,,4,2,5,,,,,,,,,,,,,,,,,,,,,,,,,,,,,,,,,,,12,34,,,1,1,0,2,4,7,3,4.0
1187,1,0,0,8,7,7,0,0,0,1,2,3,2,3,5,5,6.754887502163469,11.60964047443681,1.0,11.60964047443681,0.0038698801581456034,0.6449800263576005,1,,,,7,,,10,10,2,2,,,,,1,1,,,,,,1,2,,,,,,,,,,,,,,,,,,,,,,,,,,,,,,,,,,,,3,,1,,,,,,,,,,,,,,,,,,,,,,,,,,,,,,,,,,,,9,,1,6,1,0,3,3,6,5,5.333333333333333
1188,1,0,0,1,1,1,0,0,0,0,0,0,0,0,0,0,0,0,0,0,0.0,0.0,1,,,,1,,,,,,,,,,,,,,,,,,,,,,,,,,,,,,,,,,,,,,,,,,,,,,,,,,,,,,,,,,,,,,,,,,,,,,,,,,,,,,,,,,,,,,,,,,,,,1,,,,,0,0,1,4,4,4.0
1189,2,0,0,6,6,6,0,0,0,0,2,3,2,3,5,5,6.754887502163469,11.60964047443681,1.0,11.60964047443681,0.0038698801581456034,0.6449800263576005,1,,,2,6,2,2,6,6,1,1,4,1,,,1,,,,,,,1,2,,,,1,,,,,,,,,,,,,,,,,,,,,,,,,,,,,,,,3,,,,,,,,,,,,,,,,,,,,,,,,,,,,,,,,,,,,,2,6,,,3,1,0,2,3,7,5,6.0
1203,1,0,0,1,1,1,0,0,0,0,0,0,0,0,0,0,0,0,0,0,0.0,0.0,1,,,,1,,,,,,,,,,,,,,,,,,,,,,,,,,,,,,,,,,,,,,,,,,,,,,,,,,,,,,,,,,,,,,,,,,,,,,,,,,,,,,,,,,,,,,,,,,,,,1,,,,,0,0,1,4,4,4.0
1204,1,0,0,1,1,1,0,0,0,0,0,0,0,0,0,0,0,0,0,0,0.0,0.0,1,,,,1,,,,,,,,,,,,,,,,,,,,,,,,,,,,,,,,,,,,,,,,,,,,,,,,,,,,,,,,,,,,,,,,,,,,,,,,,,,,,,,,,,,,,,,,,,,,,1,,,,,0,0,1,4,4,4.0
1205,1,0,0,1,1,1,0,0,0,0,0,0,0,0,0,0,0,0,0,0,0.0,0.0,1,,,,1,,,,,,,,,,,,,,,,,,,,,,,,,,,,,,,,,,,,,,,,,,,,,,,,,,,,,,,,,,,,,,,,,,,,,,,,,,,,,,,,,,,,,,,,,,,,,1,,,,,0,0,1,4,4,4.0
1206,3,0,0,14,11,11,0,0,0,3,2,6,4,8,8,12,17.509775004326936,36.0,1.3333333333333333,48.0,0.012,2.6666666666666665,1,,,,11,2,2,9,9,1,1,2,1,,2,,1,,,,2,,6,,,,,,,,,,,,,,,,,,,,,,,,,,,,,,,,,,,,,5,,3,,,,,,,,,,,,,,,,,,,,,,,,,,,,,,,,,,,4,19,,3,2,1,0,5,7,12,1,5.142857142857143
1207,1,0,0,1,1,1,0,0,0,0,0,0,0,0,0,0,0,0,0,0,0.0,0.0,1,,,,1,,,,,,,,,,,,,,,,,,,,,,,,,,,,,,,,,,,,,,,,,,,,,,,,,,,,,,,,,,,,,,,,,,,,,,,,,,,,,,,,,,,,,,,,,,,,,1,,,,,0,0,1,4,4,4.0
1208,1,0,0,1,1,1,0,0,0,0,0,0,0,0,0,0,0,0,0,0,0.0,0.0,1,,,,1,,,,,,,,,,,,,,,,,,,,,,,,,,,,,,,,,,,,,,,,,,,,,,,,,,,,,,,,,,,,,,,,,,,,,,,,,,,,,,,,,,,,,,,,,,,,,1,,,,,0,0,1,4,4,4.0
1209,1,0,0,1,1,1,0,0,0,0,0,0,0,0,0,0,0,0,0,0,0.0,0.0,1,,,,1,,,,,,,,,,,,,,,,,,,,,,,,,,,,,,,,,,,,,,,,,,,,,,,,,,,,,,,,,,,,,,,,,,,,,,,,,,,,,,,,,,,,,,,,,,,,,1,,,,,0,0,1,4,4,4.0
1210,1,0,0,1,1,1,0,0,0,0,0,0,0,0,0,0,0,0,0,0,0.0,0.0,1,,,,1,,,,,,,,,,,,,,,,,,,,,,,,,,,,,,,,,,,,,,,,,,,,,,,,,,,,,,,,,,,,,,,,,,,,,,,,,,,,,,,,,,,,,,,,,,,,,1,,,,,0,0,1,4,4,4.0
1211,1,0,0,1,1,1,0,0,0,0,0,0,0,0,0,0,0,0,0,0,0.0,0.0,1,,,,1,,,,,,,,,,,,,,,,,,,,,,,,,,,,,,,,,,,,,,,,,,,,,,,,,,,,,,,,,,,,,,,,,,,,,,,,,,,,,,,,,,,,,,,,,,,,,1,,,,,0,0,1,4,4,4.0
1212,1,0,0,1,1,1,0,0,0,0,0,0,0,0,0,0,0,0,0,0,0.0,0.0,1,,,,1,,,,,,,,,,,,,,,,,,,,,,,,,,,,,,,,,,,,,,,,,,,,,,,,,,,,,,,,,,,,,,,,,,,,,,,,,,,,,,,,,,,,,,,,,,,,,1,,,,,0,0,1,4,4,4.0
1213,1,0,0,1,1,1,0,0,0,0,0,0,0,0,0,0,0,0,0,0,0.0,0.0,1,,,,1,,,,,,,,,,,,,,,,,,,,,,,,,,,,,,,,,,,,,,,,,,,,,,,,,,,,,,,,,,,,,,,,,,,,,,,,,,,,,,,,,,,,,,,,,,,,,1,,,,,0,0,1,4,4,4.0
1214,1,0,0,1,1,1,0,0,0,0,0,0,0,0,0,0,0,0,0,0,0.0,0.0,1,,,,1,,,,,,,,,,,,,,,,,,,,,,,,,,,,,,,,,,,,,,,,,,,,,,,,,,,,,,,,,,,,,,,,,,,,,,,,,,,,,,,,,,,,,,,,,,,,,1,,,,,0,0,1,4,4,4.0
1192,1,0,0,1,1,1,0,0,0,0,0,0,0,0,0,0,0,0,0,0,0.0,0.0,1,,,,1,,,,,,,,,,,,,,,,,,,,,,,,,,,,,,,,,,,,,,,,,,,,,,,,,,,,,,,,,,,,,,,,,,,,,,,,,,,,,,,,,,,,,,,,,,,,,1,,,,,0,0,1,4,4,4.0
1193,1,0,0,1,1,1,0,0,0,0,0,0,0,0,0,0,0,0,0,0,0.0,0.0,1,,,,1,,,,,,,,,,,,,,,,,,,,,,,,,,,,,,,,,,,,,,,,,,,,,,,,,,,,,,,,,,,,,,,,,,,,,,,,,,,,,,,,,,,,,,,,,,,,,1,,,,,0,0,1,4,4,4.0
1194,1,0,0,1,1,1,0,0,0,0,0,0,0,0,0,0,0,0,0,0,0.0,0.0,1,,,,1,,,,,,,,,,,,,,,,,,,,,,,,,,,,,,,,,,,,,,,,,,,,,,,,,,,,,,,,,,,,,,,,,,,,,,,,,,,,,,,,,,,,,,,,,,,,,1,,,,,0,0,1,4,4,4.0
1195,1,0,0,1,1,1,0,0,0,0,0,0,0,0,0,0,0,0,0,0,0.0,0.0,1,,,,1,,,,,,,,,,,,,,,,,,,,,,,,,,,,,,,,,,,,,,,,,,,,,,,,,,,,,,,,,,,,,,,,,,,,,,,,,,,,,,,,,,,,,,,,,,,,,1,,,,,0,0,1,4,4,4.0
1196,1,0,0,1,1,1,0,0,0,0,0,0,0,0,0,0,0,0,0,0,0.0,0.0,1,,,,1,,,,,,,,,,,,,,,,,,,,,,,,,,,,,,,,,,,,,,,,,,,,,,,,,,,,,,,,,,,,,,,,,,,,,,,,,,,,,,,,,,,,,,,,,,,,,1,,,,,0,0,1,4,4,4.0
1197,1,0,0,1,1,1,0,0,0,0,0,0,0,0,0,0,0,0,0,0,0.0,0.0,1,,,,1,,,,,,,,,,,,,,,,,,,,,,,,,,,,,,,,,,,,,,,,,,,,,,,,,,,,,,,,,,,,,,,,,,,,,,,,,,,,,,,,,,,,,,,,,,,,,1,,,,,0,0,1,4,4,4.0
1198,1,0,0,1,1,1,0,0,0,0,0,0,0,0,0,0,0,0,0,0,0.0,0.0,1,,,,1,,,,,,,,,,,,,,,,,,,,,,,,,,,,,,,,,,,,,,,,,,,,,,,,,,,,,,,,,,,,,,,,,,,,,,,,,,,,,,,,,,,,,,,,,,,,,1,,,,,0,0,1,4,4,4.0
1199,1,0,0,1,1,1,0,0,0,0,0,0,0,0,0,0,0,0,0,0,0.0,0.0,1,,,,1,,,,,,,,,,,,,,,,,,,,,,,,,,,,,,,,,,,,,,,,,,,,,,,,,,,,,,,,,,,,,,,,,,,,,,,,,,,,,,,,,,,,,,,,,,,,,1,,,,,0,0,1,4,4,4.0
1200,1,0,0,1,1,1,0,0,0,0,0,0,0,0,0,0,0,0,0,0,0.0,0.0,1,,,,1,,,,,,,,,,,,,,,,,,,,,,,,,,,,,,,,,,,,,,,,,,,,,,,,,,,,,,,,,,,,,,,,,,,,,,,,,,,,,,,,,,,,,,,,,,,,,1,,,,,0,0,1,4,4,4.0
1201,1,0,0,1,1,1,0,0,0,0,0,0,0,0,0,0,0,0,0,0,0.0,0.0,1,,,,1,,,,,,,,,,,,,,,,,,,,,,,,,,,,,,,,,,,,,,,,,,,,,,,,,,,,,,,,,,,,,,,,,,,,,,,,,,,,,,,,,,,,,,,,,,,,,1,,,,,0,0,1,4,4,4.0
1202,1,0,0,1,1,1,0,0,0,0,0,0,0,0,0,0,0,0,0,0,0.0,0.0,1,,,,1,,,,,,,,,,,,,,,,,,,,,,,,,,,,,,,,,,,,,,,,,,,,,,,,,,,,,,,,,,,,,,,,,,,,,,,,,,,,,,,,,,,,,,,,,,,,,1,,,,,0,0,1,4,4,4.0
1218,1,0,0,1,1,1,0,0,0,0,0,0,0,0,0,0,0,0,0,0,0.0,0.0,1,,,,1,,,,,,,,,,,,,,,,,,,,,,,,,,,,,,,,,,,,,,,,,,,,,,,,,,,,,,,,,,,,,,,,,,,,,,,,,,,,,,,,,,,,,,,,,,,,,1,,,,,0,0,1,4,4,4.0
1219,1,0,0,1,1,1,0,0,0,0,0,0,0,0,0,0,0,0,0,0,0.0,0.0,1,,,,1,,,,,,,,,,,,,,,,,,,,,,,,,,,,,,,,,,,,,,,,,,,,,,,,,,,,,,,,,,,,,,,,,,,,,,,,,,,,,,,,,,,,,,,,,,,,,1,,,,,0,0,1,4,4,4.0
1220,1,0,0,1,1,1,0,0,0,0,0,0,0,0,0,0,0,0,0,0,0.0,0.0,1,,,,1,,,,,,,,,,,,,,,,,,,,,,,,,,,,,,,,,,,,,,,,,,,,,,,,,,,,,,,,,,,,,,,,,,,,,,,,,,,,,,,,,,,,,,,,,,,,,1,,,,,0,0,1,4,4,4.0
1221,1,0,0,1,1,1,0,0,0,0,0,0,0,0,0,0,0,0,0,0,0.0,0.0,1,,,,1,,,,,,,,,,,,,,,,,,,,,,,,,,,,,,,,,,,,,,,,,,,,,,,,,,,,,,,,,,,,,,,,,,,,,,,,,,,,,,,,,,,,,,,,,,,,,1,,,,,0,0,1,4,4,4.0
1222,1,0,0,1,1,1,0,0,0,0,0,0,0,0,0,0,0,0,0,0,0.0,0.0,1,,,,1,,,,,,,,,,,,,,,,,,,,,,,,,,,,,,,,,,,,,,,,,,,,,,,,,,,,,,,,,,,,,,,,,,,,,,,,,,,,,,,,,,,,,,,,,,,,,1,,,,,0,0,1,4,4,4.0
1223,5,0,0,10,10,10,0,0,0,0,2,3,2,4,5,6,6.754887502163469,13.931568569324174,1.3333333333333333,18.575424759098897,0.004643856189774725,1.0319680421721609,1,,,9,10,4,4,10,10,,,4,8,,1,1,1,,,,,,5,,,,,,,,,,,,,,,,,,,,,,,,,,,,,,,,,,,,,5,,,,,,,,,,,,,,,,,,,,,,,,,,,,,,,,,,,,,10,15,5,,4,1,2,2,5,5,1,2.2
1224,1,0,0,1,1,1,0,0,0,0,0,0,0,0,0,0,0,0,0,0,0.0,0.0,1,,,,1,,,,,,,,,,,,,,,,,,,,,,,,,,,,,,,,,,,,,,,,,,,,,,,,,,,,,,,,,,,,,,,,,,,,,,,,,,,,,,,,,,,,,,,,,,,,,1,,,,,0,0,1,4,4,4.0
1225,3,0,0,13,12,12,0,0,0,1,4,11,7,14,15,21,46.053747805010275,82.0447025077789,2.5454545454545454,208.84106092889172,0.02734823416925963,11.602281162716206,1,,,1,12,2,2,9,9,,,2,1,,,2,1,1,,,,,5,1,,,,,,,,,,,,1,2,,,1,,,,,,,,,,,,,,,,,,,,3,2,1,,,,,,,,,,,,,,,,,,,,,,,,,,,,,,,,,,,6,24,,4,1,1,0,5,10,9,1,4.0
1226,2,0,0,8,8,8,0,0,0,0,4,9,5,10,13,15,36.52932501298081,55.506595772116384,2.2222222222222223,123.34799060470309,0.01850219859070546,6.852666144705727,1,,,1,8,1,1,12,12,1,1,1,1,,,1,2,2,,,,,5,,,,,,,,,,,,,1,,,,,,,,,,,,,,,,,,,,,,,,3,,,,,,,,,,,,,,,,,,,,,,,,,,,,,,,,,,,,,4,21,1,4,1,1,1,6,7,7,1,4.0
1227,3,0,0,7,7,7,0,0,0,0,1,2,1,2,3,3,2.0,4.754887502163469,0.5,2.3774437510817346,0.0015849625007211565,0.1320802083934297,1,,,2,7,2,2,3,3,,,2,1,,,,1,,,,,,3,1,,,,,,,,,,,,,,,,,,,,,,,,,,,,,,,,,,,,,,,,,,,,,,,,,,,,,,,,,,,,,,,,,,,,,,,,,6,12,,,1,1,0,2,5,7,1,3.4
1253,1,0,0,1,1,1,0,0,0,0,0,0,0,0,0,0,0,0,0,0,0.0,0.0,1,,,,1,,,,,,,,,,,,,,,,,,,,,,,,,,,,,,,,,,,,,,,,,,,,,,,,,,,,,,,,,,,,,,,,,,,,,,,,,,,,,,,,,,,,,,,,,,,,,1,,,,,0,0,1,4,4,4.0
1266,1,0,0,1,1,1,0,0,0,0,0,0,0,0,0,0,0,0,0,0,0.0,0.0,1,,,,1,,,,,,,,,,,,,,,,,,,,,,,,,,,,,,,,,,,,,,,,,,,,,,,,,,,,,,,,,,,,,,,,,,,,,,,,,,,,,,,,,,,,,,,,,,,,,1,,,,,0,0,1,4,4,4.0
1246,1,0,0,1,1,1,0,0,0,0,0,0,0,0,0,0,0,0,0,0,0.0,0.0,1,,,,1,,,,,,,,,,,,,,,,,,,,,,,,,,,,,,,,,,,,,,,,,,,,,,,,,,,,,,,,,,,,,,,,,,,,,,,,,,,,,,,,,,,,,,,,,,,,,1,,,,,0,0,1,4,4,4.0
1247,1,0,0,1,1,1,0,0,0,0,0,0,0,0,0,0,0,0,0,0,0.0,0.0,1,,,,1,,,,,,,,,,,,,,,,,,,,,,,,,,,,,,,,,,,,,,,,,,,,,,,,,,,,,,,,,,,,,,,,,,,,,,,,,,,,,,,,,,,,,,,,,,,,,1,,,,,0,0,1,4,4,4.0
1248,1,0,0,1,1,1,0,0,0,0,0,0,0,0,0,0,0,0,0,0,0.0,0.0,1,,,,1,,,,,,,,,,,,,,,,,,,,,,,,,,,,,,,,,,,,,,,,,,,,,,,,,,,,,,,,,,,,,,,,,,,,,,,,,,,,,,,,,,,,,,,,,,,,,1,,,,,0,0,1,4,4,4.0
1249,1,0,0,1,1,1,0,0,0,0,0,0,0,0,0,0,0,0,0,0,0.0,0.0,1,,,,1,,,,,,,,,,,,,,,,,,,,,,,,,,,,,,,,,,,,,,,,,,,,,,,,,,,,,,,,,,,,,,,,,,,,,,,,,,,,,,,,,,,,,,,,,,,,,1,,,,,0,0,1,4,4,4.0
1250,1,0,0,1,1,1,0,0,0,0,0,0,0,0,0,0,0,0,0,0,0.0,0.0,1,,,,1,,,,,,,,,,,,,,,,,,,,,,,,,,,,,,,,,,,,,,,,,,,,,,,,,,,,,,,,,,,,,,,,,,,,,,,,,,,,,,,,,,,,,,,,,,,,,1,,,,,0,0,1,4,4,4.0
1251,1,0,0,1,1,1,0,0,0,0,0,0,0,0,0,0,0,0,0,0,0.0,0.0,1,,,,1,,,,,,,,,,,,,,,,,,,,,,,,,,,,,,,,,,,,,,,,,,,,,,,,,,,,,,,,,,,,,,,,,,,,,,,,,,,,,,,,,,,,,,,,,,,,,1,,,,,0,0,1,4,4,4.0
1252,1,0,0,1,1,1,0,0,0,0,0,0,0,0,0,0,0,0,0,0,0.0,0.0,1,,,,1,,,,,,,,,,,,,,,,,,,,,,,,,,,,,,,,,,,,,,,,,,,,,,,,,,,,,,,,,,,,,,,,,,,,,,,,,,,,,,,,,,,,,,,,,,,,,1,,,,,0,0,1,4,4,4.0
1254,1,0,0,1,1,1,0,0,0,0,0,0,0,0,0,0,0,0,0,0,0.0,0.0,1,,,,1,,,,,,,,,,,,,,,,,,,,,,,,,,,,,,,,,,,,,,,,,,,,,,,,,,,,,,,,,,,,,,,,,,,,,,,,,,,,,,,,,,,,,,,,,,,,,1,,,,,0,0,1,4,4,4.0
1255,1,0,0,1,1,1,0,0,0,0,0,0,0,0,0,0,0,0,0,0,0.0,0.0,1,,,,1,,,,,,,,,,,,,,,,,,,,,,,,,,,,,,,,,,,,,,,,,,,,,,,,,,,,,,,,,,,,,,,,,,,,,,,,,,,,,,,,,,,,,,,,,,,,,1,,,,,0,0,1,4,4,4.0
1256,1,0,0,1,1,1,0,0,0,0,0,0,0,0,0,0,0,0,0,0,0.0,0.0,1,,,,1,,,,,,,,,,,,,,,,,,,,,,,,,,,,,,,,,,,,,,,,,,,,,,,,,,,,,,,,,,,,,,,,,,,,,,,,,,,,,,,,,,,,,,,,,,,,,1,,,,,0,0,1,4,4,4.0
1257,1,0,0,1,1,1,0,0,0,0,0,0,0,0,0,0,0,0,0,0,0.0,0.0,1,,,,1,,,,,,,,,,,,,,,,,,,,,,,,,,,,,,,,,,,,,,,,,,,,,,,,,,,,,,,,,,,,,,,,,,,,,,,,,,,,,,,,,,,,,,,,,,,,,1,,,,,0,0,1,4,4,4.0
1258,1,0,0,1,1,1,0,0,0,0,0,0,0,0,0,0,0,0,0,0,0.0,0.0,1,,,,1,,,,,,,,,,,,,,,,,,,,,,,,,,,,,,,,,,,,,,,,,,,,,,,,,,,,,,,,,,,,,,,,,,,,,,,,,,,,,,,,,,,,,,,,,,,,,1,,,,,0,0,1,4,4,4.0
1260,1,0,0,1,1,1,0,0,0,0,0,0,0,0,0,0,0,0,0,0,0.0,0.0,1,,,,1,,,,,,,,,,,,,,,,,,,,,,,,,,,,,,,,,,,,,,,,,,,,,,,,,,,,,,,,,,,,,,,,,,,,,,,,,,,,,,,,,,,,,,,,,,,,,1,,,,,0,0,1,4,4,4.0
1261,1,0,0,1,1,1,0,0,0,0,0,0,0,0,0,0,0,0,0,0,0.0,0.0,1,,,,1,,,,,,,,,,,,,,,,,,,,,,,,,,,,,,,,,,,,,,,,,,,,,,,,,,,,,,,,,,,,,,,,,,,,,,,,,,,,,,,,,,,,,,,,,,,,,1,,,,,0,0,1,4,4,4.0
1262,1,0,0,1,1,1,0,0,0,0,0,0,0,0,0,0,0,0,0,0,0.0,0.0,1,,,,1,,,,,,,,,,,,,,,,,,,,,,,,,,,,,,,,,,,,,,,,,,,,,,,,,,,,,,,,,,,,,,,,,,,,,,,,,,,,,,,,,,,,,,,,,,,,,1,,,,,0,0,1,4,4,4.0
1263,1,0,0,1,1,1,0,0,0,0,0,0,0,0,0,0,0,0,0,0,0.0,0.0,1,,,,1,,,,,,,,,,,,,,,,,,,,,,,,,,,,,,,,,,,,,,,,,,,,,,,,,,,,,,,,,,,,,,,,,,,,,,,,,,,,,,,,,,,,,,,,,,,,,1,,,,,0,0,1,4,4,4.0
1264,1,0,0,1,1,1,0,0,0,0,0,0,0,0,0,0,0,0,0,0,0.0,0.0,1,,,,1,,,,,,,,,,,,,,,,,,,,,,,,,,,,,,,,,,,,,,,,,,,,,,,,,,,,,,,,,,,,,,,,,,,,,,,,,,,,,,,,,,,,,,,,,,,,,1,,,,,0,0,1,4,4,4.0
1265,1,0,0,1,1,1,0,0,0,0,0,0,0,0,0,0,0,0,0,0,0.0,0.0,1,,,,1,,,,,,,,,,,,,,,,,,,,,,,,,,,,,,,,,,,,,,,,,,,,,,,,,,,,,,,,,,,,,,,,,,,,,,,,,,,,,,,,,,,,,,,,,,,,,1,,,,,0,0,1,4,4,4.0
1267,1,0,0,1,1,1,0,0,0,0,0,0,0,0,0,0,0,0,0,0,0.0,0.0,1,,,,1,,,,,,,,,,,,,,,,,,,,,,,,,,,,,,,,,,,,,,,,,,,,,,,,,,,,,,,,,,,,,,,,,,,,,,,,,,,,,,,,,,,,,,,,,,,,,1,,,,,0,0,1,4,4,4.0
1268,1,0,0,1,1,1,0,0,0,0,0,0,0,0,0,0,0,0,0,0,0.0,0.0,1,,,,1,,,,,,,,,,,,,,,,,,,,,,,,,,,,,,,,,,,,,,,,,,,,,,,,,,,,,,,,,,,,,,,,,,,,,,,,,,,,,,,,,,,,,,,,,,,,,1,,,,,0,0,1,4,4,4.0
1269,1,0,0,1,1,1,0,0,0,0,0,0,0,0,0,0,0,0,0,0,0.0,0.0,1,,,,1,,,,,,,,,,,,,,,,,,,,,,,,,,,,,,,,,,,,,,,,,,,,,,,,,,,,,,,,,,,,,,,,,,,,,,,,,,,,,,,,,,,,,,,,,,,,,1,,,,,0,0,1,4,4,4.0
1270,1,0,0,1,1,1,0,0,0,0,0,0,0,0,0,0,0,0,0,0,0.0,0.0,1,,,,1,,,,,,,,,,,,,,,,,,,,,,,,,,,,,,,,,,,,,,,,,,,,,,,,,,,,,,,,,,,,,,,,,,,,,,,,,,,,,,,,,,,,,,,,,,,,,1,,,,,0,0,1,4,4,4.0
1271,3,0,0,35,17,16,6,6,6,7,1,6,3,6,7,9,15.509775004326936,25.26619429851844,0.5,12.63309714925922,0.008422064766172813,0.701838730514401,1,,,7,17,3,3,15,15,10,10,3,17,,,,2,,,,,,5,2,,,,3,,,,,,,,,,,,,,,,,,,,,,,,,,,,,,,,19,9,13,,,,,,,,,,,,,,,,,,,,,,,,,,,,,,,,,,,7,24,,4,6,,0,3,11,7,1,4.818181818181818
1272,1,0,0,0,0,0,0,0,0,0,0,0,0,0,0,0,0,0,0,0,0.0,0.0,1,,,,,,,,,,,,,,,,,,,,,,,,,,,,,,,,,,,,,,,,,,,,,,,,,,,,,,,,,,,,,,,,,,,,,,,,,,,,,,,,,,,,,,,,,,,,,,,,,,,,,,0,0,0,0,0,0
1273,1,0,0,0,0,0,0,0,0,0,0,0,0,0,0,0,0,0,0,0,0.0,0.0,1,,,,,,,,,,,,,,,,,,,,,,,,,,,,,,,,,,,,,,,,,,,,,,,,,,,,,,,,,,,,,,,,,,,,,,,,,,,,,,,,,,,,,,,,,,,,,,,,,,,,,,0,0,0,0,0,0
1274,4,0,0,12,10,10,0,0,0,2,2,3,3,6,5,9,6.754887502163469,20.89735285398626,2.0,41.79470570797252,0.0069657842846620865,2.321928094887362,1,,,,10,4,4,7,7,2,2,4,4,,2,,1,,,,,,5,,,,,,,1,,,,,,,,,,,,,,,,,,,,,,,,,,,,,,2,,2,,,,,,,,,,,,,,,,,,,,,,,,,,,,,,,,,,,8,22,4,,1,1,2,2,7,5,1,2.5714285714285716
1275,2,0,0,11,8,8,0,0,0,3,1,2,1,2,3,3,2.0,4.754887502163469,0.5,2.3774437510817346,0.0015849625007211565,0.1320802083934297,1,,,,8,1,1,7,7,2,2,1,1,,1,,1,,,,,,6,,,,,,,,,,,,,,,,,,,,,,,,,,,,,,,,,,,,,3,,3,,,,,,,,,,,,,,,,,,,,,,,,,,,,,,,,,,,4,17,1,2,1,1,1,4,9,6,1,4.666666666666667
1276,3,0,0,19,12,11,4,4,0,4,2,4,3,6,6,9,10.0,23.264662506490403,1.5,34.89699375973561,0.007754887502163467,1.938721875540867,1,,,1,11,2,2,10,10,4,4,3,2,,2,,1,,,,,,8,,,,,,1,,,,,,,,,,,,,,,,,,,,,,,,,,,,,,,4,4,8,,,,,,,,,,,,,,,,,,,,,,,,,,,,,,,,,,,5,25,2,3,1,1,2,5,10,9,1,5.1
1277,1,0,0,11,7,7,0,0,0,4,2,6,4,8,8,12,17.509775004326936,36.0,1.3333333333333333,48.0,0.012,2.6666666666666665,1,,,,7,,,6,6,9,9,,49,,,2,1,,,,,,5,,2,,,,,,,,,,,,,,,,,,,,,,,,,,,,,,,,,,,53,,4,,,,,,,,,,,,,,,,,,,,,,,,,,,,,,,,,,,2,12,2,,1,2,1,2,7,6,1,2.857142857142857
1278,1,0,0,1,1,1,0,0,0,0,0,0,0,0,0,0,0,0,0,0,0.0,0.0,1,,,,1,,,,,,,,,,,,,,,,,,,,,,,,,,,,,,,,,,,,,,,,,,,,,,,,,,,,,,,,,,,,,,,,,,,,,,,,,,,,,,,,,,,,,,,,,,,,,1,,,,,0,0,1,4,4,4.0
1279,8,0,0,51,25,25,18,18,0,8,3,15,12,24,18,36,63.35824643629125,150.11730005192322,2.4,360.2815201246157,0.05003910001730774,20.015640006923096,1,,,10,25,7,7,8,8,3,3,7,7,,3,3,1,,,,,,13,,,,,6,,,,,,,,,,,,,,,,,,,,,,,,,,,,,,,,13,18,26,,,,,,,,,,,,,,,,,,,,,,,,,,,,,,,,,,,10,39,,1,4,2,0,3,9,9,1,4.444444444444445
1280,16,0,0,53,27,27,15,15,0,11,7,37,30,64,44,94,212.4012589826744,513.1865721519059,6.054054054054054,3106.8592476223494,0.17106219071730197,172.60329153457496,1,,,10,27,7,7,10,10,9,9,7,11,,5,7,1,,,,2,2,15,,,,,6,4,,,,,,,,,,,,,,,,,,,,,,,,,,,,,,,27,15,26,,,,,,,,,,,,,,,,,,,,,,,,,,,,,,,,,,,18,63,,1,4,2,0,3,12,9,1,4.916666666666667
1297,1,0,0,1,1,1,0,0,0,0,0,0,0,0,0,0,0,0,0,0,0.0,0.0,1,,,,1,,,,,,,,,,,,,,,,,,,,,,,,,,,,,,,,,,,,,,,,,,,,,,,,,,,,,,,,,,,,,,,,,,,,,,,,,,,,,,,,,,,,,,,,,,,,,1,,,,,0,0,1,4,4,4.0
1305,1,0,0,1,1,1,0,0,0,0,0,0,0,0,0,0,0,0,0,0,0.0,0.0,1,,,,1,,,,,,,,,,,,,,,,,,,,,,,,,,,,,,,,,,,,,,,,,,,,,,,,,,,,,,,,,,,,,,,,,,,,,,,,,,,,,,,,,,,,,,,,,,,,,1,,,,,0,0,1,4,4,4.0
1285,3,0,0,41,13,12,12,12,9,8,2,6,3,6,8,9,17.509775004326936,27.0,1.0,27.0,0.009,1.5,1,,,6,13,2,2,13,13,9,9,2,13,,2,,2,,,,,,6,1,,,,,1,,,,,,,,,,,,,,,,,,,,,,,,,,,,,,,12,12,20,,,,,,,,,,,,,,,,,,,,,,,,,,,,,,,,,,,7,28,1,3,2,1,1,5,11,7,1,4.090909090909091
1308,1,0,0,1,1,1,0,0,0,0,0,0,0,0,0,0,0,0,0,0,0.0,0.0,1,,,,1,,,,,,,,,,,,,,,,,,,,,,,,,,,,,,,,,,,,,,,,,,,,,,,,,,,,,,,,,,,,,,,,,,,,,,,,,,,,,,,,,,,,,,,,,,,,,1,,,,,0,0,1,4,4,4.0
1287,3,0,0,41,13,12,12,12,9,8,2,6,3,6,8,9,17.509775004326936,27.0,1.0,27.0,0.009,1.5,1,,,6,13,2,2,13,13,9,9,2,13,,2,,2,,,,,,6,1,,,,,1,,,,,,,,,,,,,,,,,,,,,,,,,,,,,,,12,12,20,,,,,,,,,,,,,,,,,,,,,,,,,,,,,,,,,,,7,28,1,3,2,1,1,5,11,7,1,4.090909090909091
1295,1,0,0,1,1,1,0,0,0,0,0,0,0,0,0,0,0,0,0,0,0.0,0.0,1,,,,1,,,,,,,,,,,,,,,,,,,,,,,,,,,,,,,,,,,,,,,,,,,,,,,,,,,,,,,,,,,,,,,,,,,,,,,,,,,,,,,,,,,,,,,,,,,,,1,,,,,0,0,1,4,4,4.0
1306,1,0,0,1,1,1,0,0,0,0,0,0,0,0,0,0,0,0,0,0,0.0,0.0,1,,,,1,,,,,,,,,,,,,,,,,,,,,,,,,,,,,,,,,,,,,,,,,,,,,,,,,,,,,,,,,,,,,,,,,,,,,,,,,,,,,,,,,,,,,,,,,,,,,1,,,,,0,0,1,4,4,4.0
1300,1,0,0,1,1,1,0,0,0,0,0,0,0,0,0,0,0,0,0,0,0.0,0.0,1,,,,1,,,,,,,,,,,,,,,,,,,,,,,,,,,,,,,,,,,,,,,,,,,,,,,,,,,,,,,,,,,,,,,,,,,,,,,,,,,,,,,,,,,,,,,,,,,,,1,,,,,0,0,1,4,4,4.0
1286,3,0,0,41,13,12,12,12,9,8,2,6,3,6,8,9,17.509775004326936,27.0,1.0,27.0,0.009,1.5,1,,,6,13,2,2,13,13,9,9,2,13,,2,,2,,,,,,6,1,,,,,1,,,,,,,,,,,,,,,,,,,,,,,,,,,,,,,12,12,20,,,,,,,,,,,,,,,,,,,,,,,,,,,,,,,,,,,7,28,1,3,2,1,1,5,11,7,1,4.090909090909091
1303,1,0,0,1,1,1,0,0,0,0,0,0,0,0,0,0,0,0,0,0,0.0,0.0,1,,,,1,,,,,,,,,,,,,,,,,,,,,,,,,,,,,,,,,,,,,,,,,,,,,,,,,,,,,,,,,,,,,,,,,,,,,,,,,,,,,,,,,,,,,,,,,,,,,1,,,,,0,0,1,4,4,4.0
1309,1,0,0,1,1,1,0,0,0,0,0,0,0,0,0,0,0,0,0,0,0.0,0.0,1,,,,1,,,,,,,,,,,,,,,,,,,,,,,,,,,,,,,,,,,,,,,,,,,,,,,,,,,,,,,,,,,,,,,,,,,,,,,,,,,,,,,,,,,,,,,,,,,,,1,,,,,0,0,1,4,4,4.0
1290,3,0,0,43,14,13,13,13,9,8,3,8,4,8,11,12,28.75488750216347,41.51317942364757,1.5,62.26976913547136,0.01383772647454919,3.4594316186372978,1,,,6,14,2,2,13,13,9,9,2,13,,2,,3,,,,,,7,1,,,,,1,,,,,,,,,,,,,,,,,,,,,,,,,,,,,,,13,13,21,,,,,,,,,,,,,,,,,,,,,,,,,,,,,,,,,,,7,30,1,3,2,1,1,5,11,7,1,4.090909090909091
1299,1,0,0,1,1,1,0,0,0,0,0,0,0,0,0,0,0,0,0,0,0.0,0.0,1,,,,1,,,,,,,,,,,,,,,,,,,,,,,,,,,,,,,,,,,,,,,,,,,,,,,,,,,,,,,,,,,,,,,,,,,,,,,,,,,,,,,,,,,,,,,,,,,,,1,,,,,0,0,1,4,4,4.0
1289,1,0,0,0,0,0,0,0,0,0,0,0,0,0,0,0,0,0,0,0,0.0,0.0,1,,,,,,,,,,,,,,,,,,,,,,,,,,,,,,,,,,,,,,,,,,,,,,,,,,,,,,,,,,,,,,,,,,,,,,,,,,,,,,,,,,,,,,,,,,,,,,,,,,,,,,0,0,0,0,0,0
1304,1,0,0,1,1,1,0,0,0,0,0,0,0,0,0,0,0,0,0,0,0.0,0.0,1,,,,1,,,,,,,,,,,,,,,,,,,,,,,,,,,,,,,,,,,,,,,,,,,,,,,,,,,,,,,,,,,,,,,,,,,,,,,,,,,,,,,,,,,,,,,,,,,,,1,,,,,0,0,1,4,4,4.0
1293,3,0,0,42,13,12,13,13,9,8,2,6,3,6,8,9,17.509775004326936,27.0,1.0,27.0,0.009,1.5,1,,,6,13,2,2,13,13,9,9,2,13,,2,,2,,,,,,6,1,,,,,1,,,,,,,,,,,,,,,,,,,,,,,,,,,,,,,12,13,21,,,,,,,,,,,,,,,,,,,,,,,,,,,,,,,,,,,7,28,1,3,2,1,1,5,11,7,1,4.090909090909091
1307,1,0,0,1,1,1,0,0,0,0,0,0,0,0,0,0,0,0,0,0,0.0,0.0,1,,,,1,,,,,,,,,,,,,,,,,,,,,,,,,,,,,,,,,,,,,,,,,,,,,,,,,,,,,,,,,,,,,,,,,,,,,,,,,,,,,,,,,,,,,,,,,,,,,1,,,,,0,0,1,4,4,4.0
1301,1,0,0,1,1,1,0,0,0,0,0,0,0,0,0,0,0,0,0,0,0.0,0.0,1,,,,1,,,,,,,,,,,,,,,,,,,,,,,,,,,,,,,,,,,,,,,,,,,,,,,,,,,,,,,,,,,,,,,,,,,,,,,,,,,,,,,,,,,,,,,,,,,,,1,,,,,0,0,1,4,4,4.0
1296,3,0,0,42,13,12,13,13,9,8,2,6,3,6,8,9,17.509775004326936,27.0,1.0,27.0,0.009,1.5,1,,,6,13,2,2,13,13,9,9,2,13,,2,,2,,,,,,6,1,,,,,1,,,,,,,,,,,,,,,,,,,,,,,,,,,,,,,12,13,21,,,,,,,,,,,,,,,,,,,,,,,,,,,,,,,,,,,7,28,1,3,2,1,1,5,11,7,1,4.090909090909091
1288,3,0,0,42,13,12,13,13,9,8,2,6,3,6,8,9,17.509775004326936,27.0,1.0,27.0,0.009,1.5,1,,,7,13,2,2,13,13,10,10,2,21,,2,,2,,,,,,6,1,,,,,1,,,,,,,,,,,,,,,,,,,,,,,,,,,,,,,19,13,21,,,,,,,,,,,,,,,,,,,,,,,,,,,,,,,,,,,7,28,1,3,2,1,1,5,11,7,1,4.090909090909091
1302,1,0,0,1,1,1,0,0,0,0,0,0,0,0,0,0,0,0,0,0,0.0,0.0,1,,,,1,,,,,,,,,,,,,,,,,,,,,,,,,,,,,,,,,,,,,,,,,,,,,,,,,,,,,,,,,,,,,,,,,,,,,,,,,,,,,,,,,,,,,,,,,,,,,1,,,,,0,0,1,4,4,4.0
1294,3,0,0,42,13,12,13,13,9,8,2,6,3,6,8,9,17.509775004326936,27.0,1.0,27.0,0.009,1.5,1,,,6,13,2,2,13,13,9,9,2,13,,2,,2,,,,,,6,1,,,,,1,,,,,,,,,,,,,,,,,,,,,,,,,,,,,,,12,13,21,,,,,,,,,,,,,,,,,,,,,,,,,,,,,,,,,,,7,28,1,3,2,1,1,5,11,7,1,4.090909090909091
1298,1,0,0,1,1,1,0,0,0,0,0,0,0,0,0,0,0,0,0,0,0.0,0.0,1,,,,1,,,,,,,,,,,,,,,,,,,,,,,,,,,,,,,,,,,,,,,,,,,,,,,,,,,,,,,,,,,,,,,,,,,,,,,,,,,,,,,,,,,,,,,,,,,,,1,,,,,0,0,1,4,4,4.0
1292,3,0,0,42,13,12,13,13,9,8,2,6,3,6,8,9,17.509775004326936,27.0,1.0,27.0,0.009,1.5,1,,,6,13,2,2,13,13,9,9,2,13,,2,,2,,,,,,6,1,,,,,1,,,,,,,,,,,,,,,,,,,,,,,,,,,,,,,12,13,21,,,,,,,,,,,,,,,,,,,,,,,,,,,,,,,,,,,7,28,1,3,2,1,1,5,11,7,1,4.090909090909091
1291,3,0,0,42,13,12,13,13,9,8,2,6,3,6,8,9,17.509775004326936,27.0,1.0,27.0,0.009,1.5,1,,,6,13,2,2,13,13,9,9,2,13,,2,,2,,,,,,6,1,,,,,1,,,,,,,,,,,,,,,,,,,,,,,,,,,,,,,12,13,21,,,,,,,,,,,,,,,,,,,,,,,,,,,,,,,,,,,7,28,1,3,2,1,1,5,11,7,1,4.090909090909091
1356,1,0,0,6,5,5,0,0,0,1,3,8,4,8,11,12,28.75488750216347,41.51317942364757,1.5,62.26976913547136,0.01383772647454919,3.4594316186372978,1,,,,5,,,12,12,,,,,,1,,2,1,,,,,4,,,,,,,,,,,,,,,,,,,,,,,,,,,,,,,,,,,,,1,,1,,,,,,,,,,,,,,,,,,,,,,,,,,,,,,,,,,,,8,5,,1,4,2,2,4,5,1,2.0
1368,1,0,0,13,10,10,0,0,0,3,1,6,3,6,7,9,15.509775004326936,25.26619429851844,0.5,12.63309714925922,0.008422064766172813,0.701838730514401,1,,,,10,,,9,9,,,,2,,,,,,,,,,9,,,,,,,,,,,,,,,,,,,,,,,,,3,,,,,,,,,,,,,3,3,,,,,,,,,,,,,,,,,,,,,,,,,,,,,,,,,,,,18,4,1,1,3,2,3,9,18,4,12.333333333333334
1374,1,0,0,10,8,8,0,0,0,2,2,16,8,16,18,24,66.0,100.07820003461549,1.0,100.07820003461549,0.0333594000115385,5.559900001923083,1,,,,8,,,8,8,,,,1,,2,,6,,,,,,7,,,,,,,,,,,,,,,,,,,,,,,,,,,,,,,,,,,,,1,6,2,,,,,,,,,,,,,,,,,,,,,,,,,,,,,,,,,,,,14,3,1,1,3,1,3,7,8,2,2.857142857142857
1172,1,0,0,1,1,1,0,0,0,0,0,0,0,0,0,0,0,0,0,0,0.0,0.0,1,,,,1,,,,,,,,,,,,,,,,,,,,,,,,,,,,,,,,,,,,,,,,,,,,,,,,,,,,,,,,,,,,,,,,,,,,,,,,,,,,,,,,,,,,,,,,,,,,,1,,,,,0,0,1,4,4,4.0
1168,1,0,0,1,1,1,0,0,0,0,0,0,0,0,0,0,0,0,0,0,0.0,0.0,1,,,,1,,,,,,,,,,,,,,,,,,,,,,,,,,,,,,,,,,,,,,,,,,,,,,,,,,,,,,,,,,,,,,,,,,,,,,,,,,,,,,,,,,,,,,,,,,,,,1,,,,,0,0,1,4,4,4.0
1158,1,0,0,1,1,1,0,0,0,0,0,0,0,0,0,0,0,0,0,0,0.0,0.0,1,,,,1,,,,,,,,,,,,,,,,,,,,,,,,,,,,,,,,,,,,,,,,,,,,,,,,,,,,,,,,,,,,,,,,,,,,,,,,,,,,,,,,,,,,,,,,,,,,,1,,,,,0,0,1,4,4,4.0
1326,1,0,0,1,1,1,0,0,0,0,1,2,1,2,3,3,2.0,4.754887502163469,0.5,2.3774437510817346,0.0015849625007211565,0.1320802083934297,1,,,,1,,,1,1,,,,,,1,,,,,,,,,,,,,,,,,,,,,,,,,,,,,,,,,,,,,,,,,,,,,2,,,,,,,,,,,,,,,,,,,,,,,,,,,,,,,,,,,,,,,,,1,,0,1,0,0,0,0
1327,1,0,0,1,1,1,0,0,0,0,1,2,1,2,3,3,2.0,4.754887502163469,0.5,2.3774437510817346,0.0015849625007211565,0.1320802083934297,1,,,,1,,,1,1,,,,,,,1,,,,,,,,,,,,,,,,,,,,,,,,,,,,,,,,,,,,,,,,,,,,2,,,,,,,,,,,,,,,,,,,,,,,,,,,,,,,,,,,,,,,,,1,,0,1,0,0,0,0
1328,1,0,0,1,1,1,0,0,0,0,1,2,1,2,3,3,2.0,4.754887502163469,0.5,2.3774437510817346,0.0015849625007211565,0.1320802083934297,1,,,,1,,,1,1,,,,,,,,1,,,,,,,,,,,,,,,,,,,,,,,,,,,,,,,,,,,,,,,,,,,2,,,,,,,,,,,,,,,,,,,,,,,,,,,,,,,,,,,,,,,,,1,,0,1,0,0,0,0
1329,1,0,0,1,1,1,0,0,0,0,1,2,1,2,3,3,2.0,4.754887502163469,0.5,2.3774437510817346,0.0015849625007211565,0.1320802083934297,1,,,,1,,,1,1,,,,,,,,,1,,,,,,,,,,,,,,,,,,,,,,,,,,,,,,,,,,,,,,,,,,2,,,,,,,,,,,,,,,,,,,,,,,,,,,,,,,,,,,,,,,,,1,,0,1,0,0,0,0
1330,1,0,0,1,1,1,0,0,0,0,1,2,1,2,3,3,2.0,4.754887502163469,0.5,2.3774437510817346,0.0015849625007211565,0.1320802083934297,1,,,,1,,,2,2,,,,1,,,,,1,,,,,,,,,,,,,,,,,,,,,,,,,,,,,,,,,,,,,,,,,,3,,,,,,,,,,,,,,,,,,,,,,,,,,,,,,,,,,,,,,,,1,1,,0,2,0,0,0,0
1331,1,0,0,2,2,2,0,0,0,0,2,2,2,4,4,6,4.0,12.0,2.0,24.0,0.004,1.3333333333333333,1,,,,2,,,2,2,,,,,,,,,,,,,,,,1,,,,,,,,,,,,,,,,,,,,,,,1,,,,,,,,,,,,4,,,,,,,,,,,,,,,,,,,,,,,,,,,,,,,,,,,,,,,,,2,,0,1,0,0,0,0
1332,1,0,0,3,2,2,0,0,0,1,3,8,5,10,11,15,28.75488750216347,51.89147427955947,1.875,97.296514274174,0.01729715809318649,5.405361904120777,1,,,,2,,,5,5,,,,1,,,,2,1,,,,,1,,,,,,,,,,,,,2,,,,,,,,,,,,,,,,,,,,,,,,6,1,1,,,,,,,,,,,,,,,,,,,,,,,,,,,,,,,,,,,,2,,1,1,,0,2,1,6,6,6.0
1333,1,0,0,1,1,1,0,0,0,0,5,10,6,12,15,18,44.82892142331043,70.32403072095333,3.0,210.97209216286,0.02344134357365111,11.720671786825555,1,,,,1,,,1,1,,,,,,1,1,1,,,,,,,,,,,,,,,,,,,2,,,,,,,,,,,,1,,,,,,,,,,,,7,,,,,,,,,,,,,,,,,,,,,,,,,,,,,,,,,,,,,,,,,1,,0,1,0,0,0,0
1334,1,0,0,6,6,6,0,0,0,0,6,4,6,12,10,18,23.509775004326936,59.794705707972525,9.0,538.1523513717527,0.019931568569324175,29.897352853986263,1,,,6,6,,,6,6,,,,6,,1,1,1,1,,,,,,,1,,,,,,,,,,,1,,,,,,,,,,,,,,,,,,,,,,,,12,,,,,,,,,,,,,,,,,,,,,,,,,,,,,,,,,,,,,,,,,6,,0,1,0,0,0,0
579,1,0,0,1,1,1,0,0,0,0,0,0,0,0,0,0,0,0,0,0,0.0,0.0,1,,,,1,,,,,,,,,,,,,,,,,,,,,,,,,,,,,,,,,,,,,,,,,,,,,,,,,,,,,,,,,,,,,,,,,,,,,,,,,,,,,,,,,,,,,,,,,,,,,1,,,,,0,0,1,4,4,4.0
1559,1,0,0,3,2,2,0,0,0,1,0,0,0,0,0,0,0,0,0,0,0.0,0.0,1,,,1,2,,,2,2,,,,,,,,,,,,,,1,1,,,,,,,,,,,,,,,,,,,,,,,,,,,,,,,,,,,,,,1,,,,,,,,,,,,,,,,,,,,,,,,,,,,,,,,,,,,3,,,1,,0,1,2,5,5,5.0
1560,1,0,0,3,2,2,0,0,0,1,0,0,0,0,0,0,0,0,0,0,0.0,0.0,1,,,1,2,,,2,2,,,,,,,,,,,,,,1,1,,,,,,,,,,,,,,,,,,,,,,,,,,,,,,,,,,,,,,1,,,,,,,,,,,,,,,,,,,,,,,,,,,,,,,,,,,,3,,,1,,0,1,2,5,5,5.0
1570,1,0,0,10,3,2,0,0,6,2,0,0,0,0,0,0,0,0,0,0,0.0,0.0,1,,,2,3,,,3,3,,,,,,,,,,,,,,1,1,,,,,,,,,,,,,,,,,,,,,,,,,,,,,,,,,,,,,,2,,,,,,,,,,,,,,,,,,,,,,,,,,,,,,,,,,,,3,,,1,1,0,2,2,7,5,6.0
1571,1,0,0,9,3,2,0,0,6,1,0,0,0,0,0,0,0,0,0,0,0.0,0.0,1,,,2,3,,,3,3,,,,,,,,,,,,,,1,1,,,,,,,,,,,,,,,,,,,,,,,,,,,,,,,,,,,,,,1,,,,,,,,,,,,,,,,,,,,,,,,,,,,,,,,,,,,3,,,1,1,0,2,2,7,5,6.0
1349,1,0,0,4,3,3,0,0,0,1,4,14,8,16,18,24,61.30296890880645,100.07820003461549,2.2857142857142856,228.75017150769253,0.0333594000115385,12.708342861538474,1,,,,3,,,9,9,,,,,,1,,4,1,,,,,2,,,,,,,,,,,,,2,,,,,,,,,,,,,,,,,,,,,,,,4,2,1,,,,,,,,,,,,,,,,,,,,,,,,,,,,,,,,,,,,5,3,,1,2,2,2,2,5,1,3.0
1361,1,0,0,10,7,7,0,0,0,3,4,17,14,28,21,42,77.48686830125578,184.47733175670794,3.2941176470588234,607.6900340220967,0.06149244391890265,33.76055744567204,1,,,,7,,,13,13,,,,3,,,3,6,1,,,,,4,,,,,,,,,,,,,4,,,,,,,,,,,,,,,,,,,,,,,,13,4,3,,,,,,,,,,,,,,,,,,,,,,,,,,,,,,,,,,,,10,1,3,3,1,1,3,4,12,7,9.5
1369,1,0,0,13,10,10,0,0,0,3,1,6,3,6,7,9,15.509775004326936,25.26619429851844,0.5,12.63309714925922,0.008422064766172813,0.701838730514401,1,,,,10,,,9,9,,,,2,,,,,,,,,,9,,,,,,,,,,,,,,,,,,,,,,,,,3,,,,,,,,,,,,,3,3,,,,,,,,,,,,,,,,,,,,,,,,,,,,,,,,,,,,18,4,1,1,3,2,3,9,17,8,13.333333333333334
1350,1,0,0,7,5,5,0,0,0,2,1,6,3,6,7,9,15.509775004326936,25.26619429851844,0.5,12.63309714925922,0.008422064766172813,0.701838730514401,1,,,,5,,,8,8,,,,,,,,4,,,,,,3,,,,,,,,,,,,,,,,,,,,,,,,,,,,,,,,,,,,,,,2,,,,,,,,,,,,,,,,,,,,,,,,,,,,,,,,,,,2,8,4,,1,3,2,2,5,5,1,2.6
1354,1,0,0,6,4,4,0,0,0,2,2,6,3,6,8,9,17.509775004326936,27.0,1.0,27.0,0.009,1.5,1,,,,4,,,7,7,,,,1,,,,3,,,,,,2,,,,,,,,,,,,,1,,,,,,,,,,,,,,,,,,,,,,,,2,,2,,,,,,,,,,,,,,,,,,,,,,,,,,,,,,,,,,,2,6,2,1,1,2,1,3,4,5,2,3.75
1373,1,0,0,10,8,8,0,0,0,2,2,16,8,16,18,24,66.0,100.07820003461549,1.0,100.07820003461549,0.0333594000115385,5.559900001923083,1,,,,8,,,8,8,,,,1,,2,,6,,,,,,7,,,,,,,,,,,,,,,,,,,,,,,,,,,,,,,,,,,,,1,6,2,,,,,,,,,,,,,,,,,,,,,,,,,,,,,,,,,,,,14,3,1,1,3,1,3,7,8,2,2.857142857142857
1359,1,0,0,9,6,6,0,0,0,3,2,4,2,4,6,6,10.0,15.509775004326936,1.0,15.509775004326936,0.005169925001442312,0.861654166907052,1,,,,6,,,9,9,,,,1,,,,2,1,,,,,4,,,,,,,,,,,,,,,,,,,,,,,,,,,,,,,,,,,,,1,,3,,,,,,,,,,,,,,,,,,,,,,,,,,,,,,,,,,,2,10,3,1,1,3,1,3,6,7,2,3.3333333333333335
1363,1,0,0,11,8,8,0,0,0,3,4,14,9,18,18,27,61.30296890880645,112.58797503894243,2.5714285714285716,289.5119358144234,0.03752932501298081,16.083996434134633,1,,,,8,,,12,12,,,,3,,1,,3,3,,,,,4,,,,,,,,,,,,,3,,,,,,,,,,,,,,,,,,,,,,,,10,1,3,,,,,,,,,,,,,,,,,,,,,,,,,,,,,,,,,,,2,12,1,3,3,1,1,3,6,15,1,7.166666666666667
1375,1,0,0,1,1,1,0,0,0,0,0,0,0,0,0,0,0,0,0,0,0.0,0.0,1,,,,1,,,,,,,,,,,,,,,,,,,,,,,,,,,,,,,,,,,,,,,,,,,,,,,,,,,,,,,,,,,,,,,,,,,,,,,,,,,,,,,,,,,,,,,,,,,,,1,,,,,0,0,1,4,4,4.0
1353,1,0,0,1,1,1,0,0,0,0,0,0,0,0,0,0,0,0,0,0,0.0,0.0,1,,,,1,,,,,,,,,,,,,,,,,,,,,,,,,,,,,,,,,,,,,,,,,,,,,,,,,,,,,,,,,,,,,,,,,,,,,,,,,,,,,,,,,,,,,,,,,,,,,1,,,,,0,0,1,4,4,4.0
1362,1,0,0,11,8,8,0,0,0,3,3,13,9,18,16,27,52.860603837997665,108.0,2.076923076923077,224.30769230769232,0.036,12.461538461538462,1,,,,8,,,13,13,,,,3,,,,3,4,,,,,4,,,,,,,,,,,,,3,,,,,,,,,,,,,,,,,,,,,,,,9,2,3,,,,,,,,,,,,,,,,,,,,,,,,,,,,,,,,,,,2,12,1,3,3,1,1,3,6,16,1,6.666666666666667
1376,1,0,0,10,8,8,0,0,0,2,2,16,8,16,18,24,66.0,100.07820003461549,1.0,100.07820003461549,0.0333594000115385,5.559900001923083,1,,,,8,,,8,8,,,,1,,2,,6,,,,,,7,,,,,,,,,,,,,,,,,,,,,,,,,,,,,,,,,,,,,1,6,2,,,,,,,,,,,,,,,,,,,,,,,,,,,,,,,,,,,,14,3,1,1,3,1,3,7,8,2,2.857142857142857
1378,1,0,0,12,9,9,1,1,0,2,3,17,9,18,20,27,74.24175580341925,116.69205856195879,1.588235294117647,185.3344459513463,0.03889735285398626,10.296358108408128,1,,,7,9,,,17,17,,,,1,,6,,2,1,,,,,8,,,,,,,,,,,,,,,,,,,,,,,,,,,,,,,,,,,,,1,4,3,,,,,,,,,,,,,,,,,,,,,,,,,,,,,,,,,,,,16,7,1,1,7,1,3,8,5,3,3.5
1360,1,0,0,10,6,6,3,0,0,4,3,6,4,7,9,11,20.264662506490406,34.86917501586544,1.75,61.021056277764515,0.011623058338621813,3.3900586820980285,1,,,,6,,,7,7,,,,1,,,2,1,2,,,,,4,,,,,,,,,,,,,,,,,,,,,,,,,,,,,,,,,,,,,1,4,4,,,,,,,,,,,,,,,,,,,,,,,,,,,,,,,,,,,2,11,2,1,1,2,1,3,6,7,2,3.3333333333333335
1351,1,0,0,4,3,3,0,0,0,1,4,12,7,14,16,21,51.01955000865388,84.0,2.3333333333333335,196.0,0.028,10.88888888888889,1,,,1,3,,,10,10,,,,,,,,3,1,,,,,2,,1,,,,,,,,,,,2,,,,,,,,,,,,,,,,,,,,,,,,4,1,1,,,,,,,,,,,,,,,,,,,,,,,,,,,,,,,,,,,,4,2,,1,2,1,2,2,5,1,3.0
1377,1,0,0,1,1,1,0,0,0,0,0,0,0,0,0,0,0,0,0,0,0.0,0.0,1,,,,1,,,,,,,,,,,,,,,,,,,,,,,,,,,,,,,,,,,,,,,,,,,,,,,,,,,,,,,,,,,,,,,,,,,,,,,,,,,,,,,,,,,,,,,,,,,,,1,,,,,0,0,1,4,4,4.0
1366,1,0,0,9,6,6,0,0,0,3,3,7,4,8,10,12,24.406371956566698,39.863137138648355,1.7142857142857142,68.33680652339717,0.013287712379549451,3.796489251299843,1,,,,6,,,8,8,,,,1,1,,,3,1,,,,,4,,,,,,,,,,,,,1,,,,,,,,,,,,,,,,,,,,,,,,3,1,3,,,,,,,,,,,,,,,,,,,,,,,,,,,,,,,,,,,2,11,2,1,1,2,1,3,7,7,1,2.5714285714285716
1352,1,0,0,0,0,0,0,0,0,0,0,0,0,0,0,0,0,0,0,0,0.0,0.0,1,,,,,,,,,,,,,,,,,,,,,,,,,,,,,,,,,,,,,,,,,,,,,,,,,,,,,,,,,,,,,,,,,,,,,,,,,,,,,,,,,,,,,,,,,,,,,,,,,,,,,,0,0,0,0,0,0
1372,1,0,0,9,7,7,0,0,0,2,2,8,6,12,10,18,26.0,59.794705707972525,1.5,89.69205856195879,0.019931568569324175,4.9828921423310435,1,,,,7,,,8,8,,,,3,,,,3,3,,,,,4,,,,,,,,,,,,,,,,,,,,,,,,,,,,,,,,,,,,,3,6,2,,,,,,,,,,,,,,,,,,,,,,,,,,,,,,,,,,,,10,1,3,3,1,1,3,4,15,8,11.5
1370,1,0,0,9,7,7,0,0,0,2,2,8,6,12,10,18,26.0,59.794705707972525,1.5,89.69205856195879,0.019931568569324175,4.9828921423310435,1,,,,7,,,8,8,,,,3,,,,3,3,,,,,4,,,,,,,,,,,,,,,,,,,,,,,,,,,,,,,,,,,,,3,6,2,,,,,,,,,,,,,,,,,,,,,,,,,,,,,,,,,,,,10,1,3,3,1,1,3,4,12,7,9.5
1355,1,0,0,7,5,5,0,0,0,2,2,8,4,8,10,12,26.0,39.863137138648355,1.0,39.863137138648355,0.013287712379549451,2.2146187299249087,1,,,1,5,,,8,8,,,,,,,,4,,,,,,3,,1,,,,,,,,,,,,,,,,,,,,,,,,,,,,,,,,,,,,,2,,,,,,,,,,,,,,,,,,,,,,,,,,,,,,,,,,,2,8,3,,1,3,1,2,5,5,1,2.6
1379,1,0,0,5,4,4,0,0,0,1,2,6,3,6,8,9,17.509775004326936,27.0,1.0,27.0,0.009,1.5,1,,,,4,,,9,9,,,,,,,,2,1,,,,,3,,,,,,,,,,,,,,,,,,,,,,,,,,,,,,,,,,,,,1,,1,,,,,,,,,,,,,,,,,,,,,,,,,,,,,,,,,,,,6,3,1,1,3,1,3,3,5,1,2.3333333333333335
1380,1,0,0,6,5,5,0,0,0,1,3,8,4,8,11,12,28.75488750216347,41.51317942364757,1.5,62.26976913547136,0.01383772647454919,3.4594316186372978,1,,,,5,,,12,12,,,,,,1,,2,1,,,,,4,,,,,,,,,,,,,,,,,,,,,,,,,,,,,,,,,,,,,1,,1,,,,,,,,,,,,,,,,,,,,,,,,,,,,,,,,,,,,8,5,,1,4,2,2,4,5,1,2.0
1364,1,0,0,9,6,6,0,0,0,3,3,10,5,10,13,15,37.974168451037094,55.506595772116384,1.5,83.25989365817458,0.01850219859070546,4.625549647676365,1,,,,6,,,7,7,,,,1,1,,,3,2,,,,,4,,,,,,,,,,,,,1,,,,,,,,,,,,,,,,,,,,,,,,3,1,3,,,,,,,,,,,,,,,,,,,,,,,,,,,,,,,,,,,2,11,2,1,1,2,1,3,7,4,1,2.0
1367,1,0,0,13,10,10,0,0,0,3,1,6,3,6,7,9,15.509775004326936,25.26619429851844,0.5,12.63309714925922,0.008422064766172813,0.701838730514401,1,,,,10,,,9,9,,,,2,,,,,,,,,,9,,,,,,,,,,,,,,,,,,,,,,,,,3,,,,,,,,,,,,,3,3,,,,,,,,,,,,,,,,,,,,,,,,,,,,,,,,,,,,18,4,1,1,3,2,3,9,14,7,10.666666666666666
1371,1,0,0,9,7,7,0,0,0,2,2,8,6,12,10,18,26.0,59.794705707972525,1.5,89.69205856195879,0.019931568569324175,4.9828921423310435,1,,,,7,,,8,8,,,,3,,,,3,3,,,,,4,,,,,,,,,,,,,,,,,,,,,,,,,,,,,,,,,,,,,3,6,2,,,,,,,,,,,,,,,,,,,,,,,,,,,,,,,,,,,,10,1,3,3,1,1,3,4,16,4,10.75
1365,1,0,0,9,6,6,0,0,0,3,2,6,3,6,8,9,17.509775004326936,27.0,1.0,27.0,0.009,1.5,1,,,,6,,,9,9,,,,1,1,,,3,1,,,,,4,,,,,,,,,,,,,,,,,,,,,,,,,,,,,,,,,,,,,2,1,3,,,,,,,,,,,,,,,,,,,,,,,,,,,,,,,,,,,2,12,2,1,1,2,1,3,8,7,1,2.75
1382,1,0,0,1,1,1,0,0,0,0,0,0,0,0,0,0,0,0,0,0,0.0,0.0,1,,,,1,,,,,,,,,,,,,,,,,,,,,,,,,,,,,,,,,,,,,,,,,,,,,,,,,,,,,,,,,,,,,,,,,,,,,,,,,,,,,,,,,,,,,,,,,,,,,1,,,,,0,0,1,4,4,4.0
1384,1,0,0,1,1,1,0,0,0,0,0,0,0,0,0,0,0,0,0,0,0.0,0.0,1,,,,1,,,,,,,,,,,,,,,,,,,,,,,,,,,,,,,,,,,,,,,,,,,,,,,,,,,,,,,,,,,,,,,,,,,,,,,,,,,,,,,,,,,,,,,,,,,,,1,,,,,0,0,1,4,4,4.0
1381,1,0,0,1,1,1,0,0,0,0,0,0,0,0,0,0,0,0,0,0,0.0,0.0,1,,,,1,,,,,,,,,,,,,,,,,,,,,,,,,,,,,,,,,,,,,,,,,,,,,,,,,,,,,,,,,,,,,,,,,,,,,,,,,,,,,,,,,,,,,,,,,,,,,1,,,,,0,0,1,4,4,4.0
1383,1,0,0,1,1,1,0,0,0,0,0,0,0,0,0,0,0,0,0,0,0.0,0.0,1,,,,1,,,,,,,,,,,,,,,,,,,,,,,,,,,,,,,,,,,,,,,,,,,,,,,,,,,,,,,,,,,,,,,,,,,,,,,,,,,,,,,,,,,,,,,,,,,,,1,,,,,0,0,1,4,4,4.0
1385,1,0,0,1,1,1,0,0,0,0,0,0,0,0,0,0,0,0,0,0,0.0,0.0,1,,,,1,,,,,,,,,,,,,,,,,,,,,,,,,,,,,,,,,,,,,,,,,,,,,,,,,,,,,,,,,,,,,,,,,,,,,,,,,,,,,,,,,,,,,,,,,,,,,1,,,,,0,0,1,4,4,4.0
1386,1,0,0,1,1,1,0,0,0,0,0,0,0,0,0,0,0,0,0,0,0.0,0.0,1,,,,1,,,,,,,,,,,,,,,,,,,,,,,,,,,,,,,,,,,,,,,,,,,,,,,,,,,,,,,,,,,,,,,,,,,,,,,,,,,,,,,,,,,,,,,,,,,,,1,,,,,0,0,1,4,4,4.0
867,1,0,0,0,0,0,0,0,0,0,0,0,0,0,0,0,0,0,0,0,0.0,0.0,1,,,,,,,,,,,,,,,,,,,,,,,,,,,,,,,,,,,,,,,,,,,,,,,,,,,,,,,,,,,,,,,,,,,,,,,,,,,,,,,,,,,,,,,,,,,,,,,,,,,,,,0,0,0,0,0,0
1393,2,0,0,10,7,7,0,0,0,3,3,6,4,8,9,12,20.264662506490406,38.03910001730775,2.0,76.0782000346155,0.012679700005769252,4.226566668589751,1,,,1,7,2,2,5,5,,,2,1,,1,,2,,,,1,,4,,,,,,,,,,,,,,,,,,,,,,,,,,,,,,,,,,,,,3,2,3,,,,,,,,,,,,,,,,,,,,,,,,,,,,,,,,,,,2,9,1,1,1,1,1,3,3,7,5,6.0
1391,2,0,0,10,7,7,0,0,0,3,3,8,5,10,11,15,28.75488750216347,51.89147427955947,1.875,97.296514274174,0.01729715809318649,5.405361904120777,1,,,1,7,2,2,5,5,,,2,1,,2,,2,,,,,,4,,,,,,,1,,,,,,,,,,,,,,,,,,,,,,,,,,,,,,3,3,3,,,,,,,,,,,,,,,,,,,,,,,,,,,,,,,,,,,2,9,1,1,1,1,1,3,3,7,5,6.0
1397,2,0,0,10,7,7,0,0,0,3,4,7,6,12,11,18,27.651484454403228,62.26976913547136,3.4285714285714284,213.49635132161606,0.020756589711823786,11.860908406756447,1,,,1,7,2,2,6,6,,,2,1,,1,1,3,,,,,,4,,,,,,,1,,,,,,,,,,,,,,,,,,,,,,,,,,,,,,2,3,3,,,,,,,,,,,,,,,,,,,,,,,,,,,,,,,,,,,2,11,1,1,1,1,1,3,3,7,5,6.0
1399,2,0,0,20,12,12,4,4,0,4,4,7,7,14,11,21,27.651484454403228,72.64806399138325,4.0,290.592255965533,0.024216021330461083,16.14401422030739,1,,,4,12,2,2,13,13,,,2,1,,2,,2,2,,,,1,7,,,,,,,,,,,,,,,,,,,,,,,,,,,,,,,,,,,,,4,4,8,,,,,,,,,,,,,,,,,,,,,,,,,,,,,,,,,,,2,18,2,1,3,2,1,3,5,5,4,4.8
1400,2,0,0,11,9,9,0,0,0,2,3,8,5,10,11,15,28.75488750216347,51.89147427955947,1.875,97.296514274174,0.01729715809318649,5.405361904120777,1,,,5,9,2,2,10,10,,,2,,,2,,2,,,,,,6,,,,,1,,,,,,,,,,,,,,,,,,,,,,,,,,,,,,,,1,,2,,,,,,,,,,,,,,,,,,,,,,,,,,,,,,,,,,,2,13,3,,1,4,1,2,5,7,2,4.2
1418,2,0,0,10,8,8,0,0,0,2,3,7,4,8,10,12,24.406371956566698,39.863137138648355,1.7142857142857142,68.33680652339717,0.013287712379549451,3.796489251299843,1,,,5,8,2,2,10,10,,,2,,,2,,,1,,,,1,4,,,,,,,,,,,,,,,,,,,,,,,,,,,,,,,,,,,,,1,,2,,,,,,,,,,,,,,,,,,,,,,,,,,,,,,,,,,,2,9,3,,2,3,1,2,4,7,2,3.25
1408,2,0,0,11,9,9,0,0,0,2,3,10,7,14,13,21,37.974168451037094,77.70923408096293,2.1,163.18939157002217,0.025903078026987644,9.066077309445676,1,,,5,9,2,2,11,11,,,2,,,4,,2,,,,,,6,,,,,1,,,,,,,,,,,,,,,,,,,,,,,,,,,,,,,,2,,2,,,,,,,,,,,,,,,,,,,,,,,,,,,,,,,,,,,2,14,3,,1,4,1,2,5,8,2,4.4
1402,2,0,0,9,7,7,0,0,0,2,4,10,6,12,14,18,41.219280948873624,68.53238859703687,2.4,164.4777326328885,0.022844129532345624,9.13765181293825,1,,,3,7,2,2,6,6,,,2,,,1,,2,2,,,,,4,,,,,1,,,,,,,,,,,,,,,,,,,,,,,,,,,,,,,,5,,2,,,,,,,,,,,,,,,,,,,,,,,,,,,,,,,,,,,2,8,2,,1,2,1,2,3,5,4,4.333333333333333
1410,4,0,0,10,9,9,0,0,0,1,3,2,3,6,5,9,6.754887502163469,20.89735285398626,4.5,94.03808784293817,0.0069657842846620865,5.224338213496565,1,,,6,9,3,3,12,12,,,3,,,,,,,,,1,1,3,,,,,1,,,,,,,,,,,,,,,,,,,,,,,,,,,,,,,,3,,1,,,,,,,,,,,,,,,,,,,,,,,,,,,,,,,,,,,3,6,3,,3,3,1,2,3,1,1,1.0
1407,2,0,0,15,12,12,0,0,0,3,4,10,5,10,14,15,41.219280948873624,57.110323830864054,2.0,114.22064766172811,0.019036774610288017,6.345591536762672,1,,,6,12,2,2,14,14,,,2,,,2,1,1,,,,,,6,,,,,,,1,,,,,,,,,,,,,,,,,,,,,,,,,,,,,,3,,3,,,,,,,,,,,,,,,,,,,,,,,,,,,,,,,,,,,2,13,4,,4,4,1,2,6,8,2,3.6666666666666665
1414,1,0,0,1,1,1,0,0,0,0,0,0,0,0,0,0,0,0,0,0,0.0,0.0,1,,,,1,,,,,,,,,,,,,,,,,,,,,,,,,,,,,,,,,,,,,,,,,,,,,,,,,,,,,,,,,,,,,,,,,,,,,,,,,,,,,,,,,,,,,,,,,,,,,1,,,,,0,0,1,4,4,4.0
1404,2,0,0,11,9,9,0,0,0,2,3,11,7,14,14,21,42.808635307173745,79.95445336320968,1.9090909090909092,152.64032005703666,0.026651484454403226,8.480017780946481,1,,,5,9,2,2,11,11,,,2,,,5,,1,,,,,,6,,,,,1,,,,,,,,,,,,,,,,,,,,,,,,,,,,,,,,2,,2,,,,,,,,,,,,,,,,,,,,,,,,,,,,,,,,,,,2,14,3,,1,4,1,2,5,6,2,3.2
1419,1,0,0,1,1,1,0,0,0,0,0,0,0,0,0,0,0,0,0,0,0.0,0.0,1,,,,1,,,,,,,,,,,,,,,,,,,,,,,,,,,,,,,,,,,,,,,,,,,,,,,,,,,,,,,,,,,,,,,,,,,,,,,,,,,,,,,,,,,,,,,,,,,,,1,,,,,0,0,1,4,4,4.0
1396,2,0,0,10,7,7,0,0,0,3,2,4,3,6,6,9,10.0,23.264662506490403,1.5,34.89699375973561,0.007754887502163467,1.938721875540867,1,,,1,7,2,2,5,5,,,2,1,,,,2,,,,,,4,,,,,,,1,,,,,,,,,,,,,,,,,,,,,,,,,,,,,,1,3,3,,,,,,,,,,,,,,,,,,,,,,,,,,,,,,,,,,,2,9,1,1,1,1,1,3,3,7,5,6.0
1405,2,0,0,10,8,8,0,0,0,2,3,8,5,10,11,15,28.75488750216347,51.89147427955947,1.875,97.296514274174,0.01729715809318649,5.405361904120777,1,,,4,8,2,2,9,9,,,2,,,3,,,,,,,,5,,,,,1,,,,,,,,1,,,,,,,,,,,,,,,,,,,,,,,,2,,2,,,,,,,,,,,,,,,,,,,,,,,,,,,,,,,,,,,2,11,2,,1,3,1,2,4,6,2,3.5
1417,4,0,0,14,11,11,0,0,0,3,7,12,9,18,19,27,62.67103446305711,114.6940428629768,5.25,602.1437250306282,0.03823134762099227,33.45242916836823,1,,,6,11,3,3,12,12,,,3,,,,1,4,1,,,1,1,4,,,,,1,,,,,,,,1,,,,,,,,,,,,,,,,,,,,,,,,6,,3,,,,,,,,,,,,,,,,,,,,,,,,,,,,,,,,,,,5,12,3,,3,3,1,2,5,4,1,1.6
1390,2,0,0,10,7,7,0,0,0,3,3,6,4,8,9,12,20.264662506490406,38.03910001730775,2.0,76.0782000346155,0.012679700005769252,4.226566668589751,1,,,1,7,2,2,5,5,,,2,1,,1,,2,,,,,,4,,,,,,,1,,,,,,,,,,,,,,,,,,,,,,,,,,,,,,3,2,3,,,,,,,,,,,,,,,,,,,,,,,,,,,,,,,,,,,2,9,1,1,1,1,1,3,3,7,5,6.0
1394,2,0,0,10,7,7,0,0,0,3,4,7,6,12,11,18,27.651484454403228,62.26976913547136,3.4285714285714284,213.49635132161606,0.020756589711823786,11.860908406756447,1,,,1,7,2,2,6,6,,,2,1,,1,1,3,,,,,,4,,,,,,,1,,,,,,,,,,,,,,,,,,,,,,,,,,,,,,2,3,3,,,,,,,,,,,,,,,,,,,,,,,,,,,,,,,,,,,2,11,1,1,1,1,1,3,3,9,5,6.666666666666667
1401,2,0,0,12,10,10,0,0,0,2,2,5,3,6,7,9,13.60964047443681,25.26619429851844,1.2,30.319433158222125,0.008422064766172813,1.6844129532345624,1,,,5,10,2,2,6,6,,,2,,,,,2,,,,,,6,,,,,1,,,,,,,,,,,,,,,,,,,,,,,,,,,,,,,,2,,2,,,,,,,,,,,,,,,,,,,,,,,,,,,,,,,,,,,2,11,1,,2,2,1,2,4,9,6,7.25
1398,2,0,0,10,7,7,0,0,0,3,4,11,8,16,15,24,46.053747805010275,93.76537429460444,2.909090909090909,272.7719979479402,0.03125512476486815,15.153999885996676,1,,,1,7,2,2,6,6,,,2,1,,3,1,3,,,,,,4,,,,,,,1,,,,,,,,,,,,,,,,,,,,,,,,,,,,,,4,3,3,,,,,,,,,,,,,,,,,,,,,,,,,,,,,,,,,,,2,11,1,1,1,1,1,3,3,7,5,6.0
1409,2,0,0,12,10,10,0,0,0,2,3,12,8,16,15,24,47.77443751081735,93.76537429460444,2.0,187.53074858920888,0.03125512476486815,10.418374921622716,1,,,6,10,2,2,12,12,,,2,,,6,,1,,,,,,7,,,,,1,,,,,,,,,,,,,,,,,,,,,,,,,,,,,,,,1,,2,,,,,,,,,,,,,,,,,,,,,,,,,,,,,,,,,,,2,17,4,,1,5,1,2,6,6,2,3.0
1412,4,0,0,14,11,11,0,0,0,3,6,7,6,11,13,17,35.161259458730164,62.907475208398566,4.714285714285714,296.5638116967361,0.02096915840279952,16.47576731648534,1,,,6,11,3,3,10,10,,,3,,,,1,2,1,,,1,1,4,,,,,1,,,,,,,,,,,,,,,,,,,,,,,,,,,,,,,,4,,3,,,,,,,,,,,,,,,,,,,,,,,,,,,,,,,,,,,5,10,3,,3,3,1,2,5,4,1,1.6
1413,2,0,0,6,5,5,0,0,0,1,1,2,1,2,3,3,2.0,4.754887502163469,0.5,2.3774437510817346,0.0015849625007211565,0.1320802083934297,1,,,2,5,2,2,6,6,,,2,2,,,,,,,,1,,1,,,,,,,,,,,,,,,,,,,,,,,,,,,,,,,,,,,,,1,,1,,,,,,,,,,,,,,,,,,,,,,,,,,,,,,,,,,,2,4,1,1,2,1,1,3,1,3,3,3.0
1411,2,0,0,12,10,10,0,0,0,2,3,7,4,8,10,12,24.406371956566698,39.863137138648355,1.7142857142857142,68.33680652339717,0.013287712379549451,3.796489251299843,1,,,7,10,2,2,14,14,,,2,,,2,,,1,,,,1,6,,,,,,,,,,,,,,,,,,,,,,,,,,,,,,,,,,,,,1,,2,,,,,,,,,,,,,,,,,,,,,,,,,,,,,,,,,,,2,11,5,,2,5,1,2,6,7,2,3.8333333333333335
1392,2,0,0,10,7,7,0,0,0,3,3,7,5,10,10,15,24.406371956566698,49.82892142331044,2.142857142857143,106.77626019280808,0.016609640474436815,5.932014455156004,1,,,1,7,2,2,5,5,,,2,1,,2,,2,,,,1,,4,,,,,,,,,,,,,,,,,,,,,,,,,,,,,,,,,,,,,5,1,3,,,,,,,,,,,,,,,,,,,,,,,,,,,,,,,,,,,2,9,1,1,1,1,1,3,3,7,5,6.0
1395,2,0,0,10,7,7,0,0,0,3,4,7,6,12,11,18,27.651484454403228,62.26976913547136,3.4285714285714284,213.49635132161606,0.020756589711823786,11.860908406756447,1,,,1,7,2,2,6,6,,,2,1,,1,1,3,,,,,,4,,,,,,,1,,,,,,,,,,,,,,,,,,,,,,,,,,,,,,1,4,3,,,,,,,,,,,,,,,,,,,,,,,,,,,,,,,,,,,2,11,1,1,1,1,1,3,3,8,6,6.666666666666667
1416,1,0,0,1,1,1,0,0,0,0,0,0,0,0,0,0,0,0,0,0,0.0,0.0,1,,,,1,,,,,,,,,,,,,,,,,,,,,,,,,,,,,,,,,,,,,,,,,,,,,,,,,,,,,,,,,,,,,,,,,,,,,,,,,,,,,,,,,,,,,,,,,,,,,1,,,,,0,0,1,4,4,4.0
1403,2,0,0,9,7,7,0,0,0,2,3,9,5,10,12,15,33.28421251514428,53.77443751081735,1.6666666666666667,89.62406251802892,0.017924812503605784,4.9791145843349405,1,,,3,7,2,2,6,6,,,2,,,,2,2,,,,,,4,,,,,1,,,,,,,,,,,,,,,,,,,,,,,,,,,,,,,,4,,2,,,,,,,,,,,,,,,,,,,,,,,,,,,,,,,,,,,2,8,2,,1,2,1,2,3,8,4,5.666666666666667
1406,2,0,0,10,8,8,0,0,0,2,2,6,4,8,8,12,17.509775004326936,36.0,1.3333333333333333,48.0,0.012,2.6666666666666665,1,,,4,8,2,2,7,7,,,2,,,,,3,,,,,,5,,,,,1,,,,,,,,,,,,,,,,,,,,,,,,,,,,,,,,1,,2,,,,,,,,,,,,,,,,,,,,,,,,,,,,,,,,,,,2,11,2,,1,3,1,2,4,6,2,4.5
1415,1,0,0,1,1,1,0,0,0,0,0,0,0,0,0,0,0,0,0,0,0.0,0.0,1,,,,1,,,,,,,,,,,,,,,,,,,,,,,,,,,,,,,,,,,,,,,,,,,,,,,,,,,,,,,,,,,,,,,,,,,,,,,,,,,,,,,,,,,,,,,,,,,,,1,,,,,0,0,1,4,4,4.0
1478,12,0,0,28,26,26,0,0,0,2,7,25,22,42,32,64,135.74788919877133,320.0,5.88,1881.6,0.10666666666666667,104.53333333333333,1,,,12,26,12,12,18,18,,,12,1,,,2,8,,,,,,11,1,,,,8,1,1,1,,,,,,,,,,,,,,,,,,,,,,,,,,,,,7,6,2,,,,,,,,,,,,,,,,,,,,,,,,,,,,,,,,,,,13,32,1,1,3,2,1,3,4,9,5,7.25
1479,12,0,0,28,26,26,0,0,0,2,7,25,22,42,32,64,135.74788919877133,320.0,5.88,1881.6,0.10666666666666667,104.53333333333333,1,,,12,26,12,12,18,18,,,12,1,,,2,,8,,,,,11,1,,,,8,1,1,1,,,,,,,,,,,,,,,,,,,,,,,,,,,,,7,6,2,,,,,,,,,,,,,,,,,,,,,,,,,,,,,,,,,,,13,32,1,1,3,2,1,3,4,9,5,6.75
1480,12,0,0,28,26,26,0,0,0,2,7,25,22,42,32,64,135.74788919877133,320.0,5.88,1881.6,0.10666666666666667,104.53333333333333,1,,,12,26,12,12,18,18,,,12,1,,,2,8,,,,,,11,1,,,,8,1,1,1,,,,,,,,,,,,,,,,,,,,,,,,,,,,,6,7,2,,,,,,,,,,,,,,,,,,,,,,,,,,,,,,,,,,,13,32,1,1,3,2,1,3,4,10,5,7.75
1481,12,0,0,28,26,26,0,0,0,2,7,25,22,42,32,64,135.74788919877133,320.0,5.88,1881.6,0.10666666666666667,104.53333333333333,1,,,12,26,12,12,18,18,,,12,1,,,2,,8,,,,,11,1,,,,8,1,1,1,,,,,,,,,,,,,,,,,,,,,,,,,,,,,6,7,2,,,,,,,,,,,,,,,,,,,,,,,,,,,,,,,,,,,13,32,1,1,3,2,1,3,4,10,5,7.75
1486,12,0,0,28,26,26,0,0,0,2,7,23,22,42,30,64,123.69340944371453,314.0409981189452,6.391304347826087,2007.1315966732584,0.10468033270631506,111.50731092629213,1,,,12,26,12,12,18,18,,,12,,,,2,,,,,,,11,1,,,,8,1,1,1,,,,,,,,,,,,,,,,,8,,,,,,,,,,,,12,,2,,,,,,,,,,,,,,,,,,,,,,,,,,,,,,,,,,,13,32,2,,3,2,1,2,4,11,5,8.5
1492,6,0,0,14,11,11,0,0,0,3,5,21,15,30,26,45,103.84830635279079,211.51978731634918,3.5714285714285716,755.4278118441042,0.07050659577211639,41.9682117691169,1,,,1,11,4,4,7,7,,,4,1,,4,,4,,,,,2,6,,,,,,,3,,,,,,,,,,,,,,,,,,,,,,,,,,,,,,10,4,3,,,,,,,,,,,,,,,,,,,,,,,,,,,,,,,,,,,6,17,1,1,1,1,1,3,3,7,5,6.0
1503,1,0,0,0,0,0,0,0,0,0,0,0,0,0,0,0,0,0,0,0,0.0,0.0,1,,,,,,,,,,,,,,,,,,,,,,,,,,,,,,,,,,,,,,,,,,,,,,,,,,,,,,,,,,,,,,,,,,,,,,,,,,,,,,,,,,,,,,,,,,,,,,,,,,,,,,0,0,0,0,0,0
1485,12,0,0,28,26,26,0,0,0,2,7,19,22,42,26,64,100.36210720983135,300.8281419610299,7.7368421052631575,2327.459835172179,0.10027604732034331,129.30332417623217,1,,,12,26,12,12,17,17,,,12,,,,2,8,,,,,,11,1,,,,8,1,1,1,,,,,,,,,,,,,,,,,,,,,,,,,,,,,12,,2,,,,,,,,,,,,,,,,,,,,,,,,,,,,,,,,,,,13,32,1,,3,2,1,2,4,5,4,4.5
1499,1,0,0,1,1,1,0,0,0,0,0,0,0,0,0,0,0,0,0,0,0.0,0.0,1,,,,1,,,,,,,,,,,,,,,,,,,,,,,,,,,,,,,,,,,,,,,,,,,,,,,,,,,,,,,,,,,,,,,,,,,,,,,,,,,,,,,,,,,,,,,,,,,,,1,,,,,0,0,1,4,4,4.0
1504,1,0,0,1,1,1,0,0,0,0,0,0,0,0,0,0,0,0,0,0,0.0,0.0,1,,,,1,,,,,,,,,,,,,,,,,,,,,,,,,,,,,,,,,,,,,,,,,,,,,,,,,,,,,,,,,,,,,,,,,,,,,,,,,,,,,,,,,,,,,,,,,,,,,1,,,,,0,0,1,4,4,4.0
1483,12,0,0,28,26,26,0,0,0,2,7,24,22,42,31,64,129.690584471711,317.06856386476005,6.125,1942.0449536716553,0.10568952128825335,107.89138631509196,1,,,12,26,12,12,18,18,,,12,1,,,2,8,,,,,,11,1,,,,8,1,1,1,,,,,,,,,,,,,,,,,,,,,,,,,,,,,9,4,2,,,,,,,,,,,,,,,,,,,,,,,,,,,,,,,,,,,13,32,1,1,3,2,1,3,4,11,4,7.5
1506,1,0,0,1,1,1,0,0,0,0,0,0,0,0,0,0,0,0,0,0,0.0,0.0,1,,,,1,,,,,,,,,,,,,,,,,,,,,,,,,,,,,,,,,,,,,,,,,,,,,,,,,,,,,,,,,,,,,,,,,,,,,,,,,,,,,,,,,,,,,,,,,,,,,1,,,,,0,0,1,4,4,4.0
1494,6,0,0,14,11,11,0,0,0,3,4,12,11,22,16,33,51.01955000865388,132.0,3.6666666666666665,484.0,0.044,26.88888888888889,1,,,1,11,4,4,7,7,,,4,1,,,,4,,,,,2,6,,,,,,,3,,,,,,,,,,,,,,,,,,,,,,,,,,,,,,4,5,3,,,,,,,,,,,,,,,,,,,,,,,,,,,,,,,,,,,6,18,1,1,1,1,1,3,3,7,5,6.0
1500,1,0,0,1,1,1,0,0,0,0,0,0,0,0,0,0,0,0,0,0,0.0,0.0,1,,,,1,,,,,,,,,,,,,,,,,,,,,,,,,,,,,,,,,,,,,,,,,,,,,,,,,,,,,,,,,,,,,,,,,,,,,,,,,,,,,,,,,,,,,,,,,,,,,1,,,,,0,0,1,4,4,4.0
1487,12,0,0,28,26,26,0,0,0,2,7,22,22,42,29,64,117.75898006442377,310.91078368816466,6.681818181818182,2077.449327370918,0.10363692789605489,115.41385152060656,1,,,12,26,12,12,17,17,,,12,,,,2,8,,,,,,11,1,,,,8,1,1,1,,,,,,,,,,,,,,,,,,,,,,,,,,,,,12,,2,,,,,,,,,,,,,,,,,,,,,,,,,,,,,,,,,,,13,32,1,,3,2,1,2,4,11,5,8.5
1497,6,0,0,14,11,11,0,0,0,3,5,20,15,30,25,45,98.04820237218406,208.9735285398626,3.75,783.6507320244848,0.06965784284662087,43.536151779138045,1,,,1,11,4,4,7,7,,,4,1,,4,,4,,,,,2,6,,,,,,,3,,,,,,,,,,,,,,,,,,,,,,,,,,,,,,9,4,3,,,,,,,,,,,,,,,,,,,,,,,,,,,,,,,,,,,6,18,1,1,1,1,1,3,3,7,5,6.0
1495,6,0,0,14,11,11,0,0,0,3,5,21,15,30,26,45,103.84830635279079,211.51978731634918,3.5714285714285716,755.4278118441042,0.07050659577211639,41.9682117691169,1,,,1,11,4,4,7,7,,,4,1,,4,,4,,,,,2,6,,,,,,,3,,,,,,,,,,,,,,,,,,,,,,,,,,,,,,9,4,3,,,,,,,,,,,,,,,,,,,,,,,,,,,,,,,,,,,6,18,1,1,1,1,1,3,3,7,5,6.0
1505,1,0,0,1,1,1,0,0,0,0,0,0,0,0,0,0,0,0,0,0,0.0,0.0,1,,,,1,,,,,,,,,,,,,,,,,,,,,,,,,,,,,,,,,,,,,,,,,,,,,,,,,,,,,,,,,,,,,,,,,,,,,,,,,,,,,,,,,,,,,,,,,,,,,1,,,,,0,0,1,4,4,4.0
1490,6,0,0,12,10,10,0,0,0,2,5,18,15,30,23,45,86.66829050039843,203.5602880225656,4.166666666666667,848.1678667606901,0.0678534293408552,47.12043704226056,1,,,1,10,4,4,7,7,,,4,1,,4,,4,,,,,2,5,,,,,,,3,,,,,,,,,,,,,,,,,,,,,,,,,,,,,,12,2,2,,,,,,,,,,,,,,,,,,,,,,,,,,,,,,,,,,,6,15,1,1,1,1,1,3,2,7,5,6.0
1498,1,0,0,1,1,1,0,0,0,0,0,0,0,0,0,0,0,0,0,0,0.0,0.0,1,,,,1,,,,,,,,,,,,,,,,,,,,,,,,,,,,,,,,,,,,,,,,,,,,,,,,,,,,,,,,,,,,,,,,,,,,,,,,,,,,,,,,,,,,,,,,,,,,,1,,,,,0,0,1,4,4,4.0
1482,4,0,0,10,9,9,0,0,0,1,3,2,3,6,5,9,6.754887502163469,20.89735285398626,4.5,94.03808784293817,0.0069657842846620865,5.224338213496565,1,,,6,9,3,3,12,12,,,3,,,,,,,,,1,1,3,,,,,1,,,,,,,,,,,,,,,,,,,,,,,,,,,,,,,,3,,1,,,,,,,,,,,,,,,,,,,,,,,,,,,,,,,,,,,3,6,3,,3,3,1,2,3,1,1,1.0
1484,12,0,0,28,26,26,0,0,0,2,7,24,22,42,31,64,129.690584471711,317.06856386476005,6.125,1942.0449536716553,0.10568952128825335,107.89138631509196,1,,,12,26,12,12,18,18,,,12,,,,2,,,,,,,11,1,,,,8,1,1,1,,,,,,,,,,,,,,,,,8,,,,,,,,,,,,8,4,2,,,,,,,,,,,,,,,,,,,,,,,,,,,,,,,,,,,13,32,2,,3,2,1,2,4,11,5,9.0
1488,6,0,0,12,10,10,0,0,0,2,5,20,15,30,25,45,98.04820237218406,208.9735285398626,3.75,783.6507320244848,0.06965784284662087,43.536151779138045,1,,,1,10,4,4,7,7,,,4,1,,4,,4,,,,,2,5,,,,,,,3,,,,,,,,,,,,,,,,,,,,,,,,,,,,,,10,4,2,,,,,,,,,,,,,,,,,,,,,,,,,,,,,,,,,,,6,15,1,1,1,1,1,3,2,7,5,6.0
1489,6,0,0,12,10,10,0,0,0,2,5,20,15,30,25,45,98.04820237218406,208.9735285398626,3.75,783.6507320244848,0.06965784284662087,43.536151779138045,1,,,1,10,4,4,7,7,,,4,1,,4,,4,,,,,2,5,,,,,,,3,,,,,,,,,,,,,,,,,,,,,,,,,,,,,,6,8,2,,,,,,,,,,,,,,,,,,,,,,,,,,,,,,,,,,,6,15,1,1,1,1,1,3,2,7,5,6.0
1491,6,0,0,12,10,10,0,0,0,2,5,20,15,30,25,45,98.04820237218406,208.9735285398626,3.75,783.6507320244848,0.06965784284662087,43.536151779138045,1,,,1,10,4,4,7,7,,,4,1,,4,,4,,,,,2,5,,,,,,,3,,,,,,,,,,,,,,,,,,,,,,,,,,,,,,10,4,2,,,,,,,,,,,,,,,,,,,,,,,,,,,,,,,,,,,6,15,1,1,1,1,1,3,2,7,5,6.0
1493,2,0,0,12,9,9,0,0,0,3,4,8,4,8,12,12,32.0,43.01955000865388,2.0,86.03910001730776,0.014339850002884626,4.779950000961542,1,,,5,9,2,2,10,10,,,2,5,,,1,1,1,,,,1,5,,,,,,,,,,,,,,,,,,,,,,,,,,,,,,,,,,,,,4,2,3,,,,,,,,,,,,,,,,,,,,,,,,,,,,,,,,,,,2,11,2,1,2,2,1,3,4,12,1,6.25
1496,6,0,0,14,11,11,0,0,0,3,5,20,15,30,25,45,98.04820237218406,208.9735285398626,3.75,783.6507320244848,0.06965784284662087,43.536151779138045,1,,,1,11,4,4,7,7,,,4,1,,4,,4,,,,,2,6,,,,,,,3,,,,,,,,,,,,,,,,,,,,,,,,,,,,,,9,4,3,,,,,,,,,,,,,,,,,,,,,,,,,,,,,,,,,,,6,18,1,1,1,1,1,3,3,7,5,6.0
1501,1,0,0,1,1,1,0,0,0,0,0,0,0,0,0,0,0,0,0,0,0.0,0.0,1,,,,1,,,,,,,,,,,,,,,,,,,,,,,,,,,,,,,,,,,,,,,,,,,,,,,,,,,,,,,,,,,,,,,,,,,,,,,,,,,,,,,,,,,,,,,,,,,,,1,,,,,0,0,1,4,4,4.0
1502,1,0,0,1,1,1,0,0,0,0,0,0,0,0,0,0,0,0,0,0,0.0,0.0,1,,,,1,,,,,,,,,,,,,,,,,,,,,,,,,,,,,,,,,,,,,,,,,,,,,,,,,,,,,,,,,,,,,,,,,,,,,,,,,,,,,,,,,,,,,,,,,,,,,1,,,,,0,0,1,4,4,4.0
1507,1,0,0,1,1,1,0,0,0,0,0,0,0,0,0,0,0,0,0,0,0.0,0.0,1,,,,1,,,,,,,,,,,,,,,,,,,,,,,,,,,,,,,,,,,,,,,,,,,,,,,,,,,,,,,,,,,,,,,,,,,,,,,,,,,,,,,,,,,,,,,,,,,,,1,,,,,0,0,1,4,4,4.0
1561,1,0,0,1,1,1,0,0,0,0,0,0,0,0,0,0,0,0,0,0,0.0,0.0,1,,,,1,,,,,,,,,,,,,,,,,,,,,,,,,,,,,,,,,,,,,,,,,,,,,,,,,,,,,,,,,,,,,,,,,,,,,,,,,,,,,,,,,,,,,,,,,,,,,1,,,,,0,0,1,4,4,4.0
1562,1,0,0,1,1,1,0,0,0,0,0,0,0,0,0,0,0,0,0,0,0.0,0.0,1,,,,1,,,,,,,,,,,,,,,,,,,,,,,,,,,,,,,,,,,,,,,,,,,,,,,,,,,,,,,,,,,,,,,,,,,,,,,,,,,,,,,,,,,,,,,,,,,,,1,,,,,0,0,1,4,4,4.0
1522,2,0,0,13,10,10,0,0,0,3,3,9,5,10,12,15,33.28421251514428,53.77443751081735,1.6666666666666667,89.62406251802892,0.017924812503605784,4.9791145843349405,1,,,4,10,1,1,10,10,,,1,,,2,2,,,,,,1,8,,,,,,,,,,,,,,,,,,,,,,,,,,,,,,,,,,,,,3,,3,,,,,,,,,,,,,,,,,,,,,,,,,,,,,,,,,,,1,16,4,,1,4,1,2,6,6,1,2.6666666666666665
1523,2,0,0,12,9,9,0,0,0,3,3,7,4,8,10,12,24.406371956566698,39.863137138648355,1.7142857142857142,68.33680652339717,0.013287712379549451,3.796489251299843,1,,,3,9,1,1,8,8,,,1,,,2,1,,,,,1,,7,,,,,,,,,,,,,,,,,,,,,,,,,,,,,,,,,,,,,3,,3,,,,,,,,,,,,,,,,,,,,,,,,,,,,,,,,,,,1,14,3,,1,3,1,2,5,6,1,3.0
1524,2,0,0,12,9,9,0,0,0,3,3,7,4,8,10,12,24.406371956566698,39.863137138648355,1.7142857142857142,68.33680652339717,0.013287712379549451,3.796489251299843,1,,,3,9,1,1,8,8,,,1,,,2,1,,,,,,1,7,,,,,,,,,,,,,,,,,,,,,,,,,,,,,,,,,,,,,3,,3,,,,,,,,,,,,,,,,,,,,,,,,,,,,,,,,,,,1,14,3,,1,3,1,2,5,6,1,3.0
1525,2,0,0,12,9,9,0,0,0,3,3,7,4,8,10,12,24.406371956566698,39.863137138648355,1.7142857142857142,68.33680652339717,0.013287712379549451,3.796489251299843,1,,,3,9,1,1,8,8,,,1,,,2,1,,,,,,1,7,,,,,,,,,,,,,,,,,,,,,,,,,,,,,,,,,,,,,3,,3,,,,,,,,,,,,,,,,,,,,,,,,,,,,,,,,,,,1,14,3,,1,3,1,2,5,7,4,5.6
1526,2,0,0,12,9,9,0,0,0,3,3,7,4,8,10,12,24.406371956566698,39.863137138648355,1.7142857142857142,68.33680652339717,0.013287712379549451,3.796489251299843,1,,,3,9,1,1,8,8,,,1,,,2,1,,,,,,1,7,,,,,,,,,,,,,,,,,,,,,,,,,,,,,,,,,,,,,3,,3,,,,,,,,,,,,,,,,,,,,,,,,,,,,,,,,,,,1,14,3,,1,3,1,2,5,5,1,2.6
1527,2,0,0,14,10,10,1,1,0,3,4,11,8,16,15,24,46.053747805010275,93.76537429460444,2.909090909090909,272.7719979479402,0.03125512476486815,15.153999885996676,1,,,4,10,1,1,12,12,,,1,,,3,,2,2,,,,,8,,,,,,,,1,,,,,,,,,,,,,,,,,,,,,,,,,,,,,2,5,4,,,,,,,,,,,,,,,,,,,,,,,,,,,,,,,,,,,1,16,4,,1,4,2,2,5,11,4,8.0
1528,2,0,0,12,9,9,0,0,0,3,4,9,5,10,13,15,36.52932501298081,55.506595772116384,2.2222222222222223,123.34799060470309,0.01850219859070546,6.852666144705727,1,,,3,9,1,1,8,8,,,1,,,2,1,1,,,,,1,7,,,,,,,,,,,,,,,,,,,,,,,,,,,,,,,,,,,,,4,,3,,,,,,,,,,,,,,,,,,,,,,,,,,,,,,,,,,,1,14,3,,1,3,1,2,5,8,3,5.4
1529,2,0,0,14,10,10,1,1,0,3,4,13,9,18,17,27,56.105716335834195,110.36149671375918,2.769230769230769,305.6164524381023,0.03678716557125306,16.978691802116796,1,,,4,10,1,1,12,12,,,1,,,4,,2,2,,,1,,8,,,,,,,,,,,,,,,,,,,,,,,,,,,,,,,,,,,,,3,5,4,,,,,,,,,,,,,,,,,,,,,,,,,,,,,,,,,,,1,16,4,,1,4,2,2,5,7,3,5.0
1530,2,0,0,14,10,10,1,1,0,3,4,13,9,18,17,27,56.105716335834195,110.36149671375918,2.769230769230769,305.6164524381023,0.03678716557125306,16.978691802116796,1,,,4,10,1,1,12,12,,,1,,,4,,2,2,,,1,,8,,,,,,,,,,,,,,,,,,,,,,,,,,,,,,,,,,,,,3,5,4,,,,,,,,,,,,,,,,,,,,,,,,,,,,,,,,,,,1,16,4,,1,4,2,2,5,8,4,5.8
1521,2,0,0,12,9,9,0,0,0,3,3,7,4,8,10,12,24.406371956566698,39.863137138648355,1.7142857142857142,68.33680652339717,0.013287712379549451,3.796489251299843,1,,,3,9,1,1,8,8,,,1,,,2,1,,,,,,1,7,,,,,,,,,,,,,,,,,,,,,,,,,,,,,,,,,,,,,3,,3,,,,,,,,,,,,,,,,,,,,,,,,,,,,,,,,,,,1,14,3,,1,3,1,2,5,7,1,3.0
1531,2,0,0,31,12,12,10,10,0,9,6,12,9,17,18,26,58.52932501298082,108.41805003750011,4.25,460.77671265937545,0.036139350012500036,25.598706258854193,1,,,2,12,1,1,9,9,,,1,1,,2,1,4,1,,,1,,9,,,,,,,,,,,,,1,,,,,,,,,,,,,,,,,,,,,,,,7,10,19,,,,,,,,,,,,,,,,,,,,,,,,,,,,,,,,,,,3,22,1,2,1,2,1,4,8,9,1,4.625
1532,2,0,0,31,12,12,10,10,0,9,5,14,10,20,19,30,64.91260938324326,127.43782540330756,3.5714285714285716,455.13509072609844,0.042479275134435855,25.28528281811658,1,,,2,12,1,1,9,9,,,1,1,,4,,4,1,,,1,,9,,,,,,,,,,,,,1,,,,,,,,,,,,,,,,,,,,,,,,9,10,19,,,,,,,,,,,,,,,,,,,,,,,,,,,,,,,,,,,3,22,1,2,1,2,1,4,8,9,1,4.625
1533,2,0,0,31,12,12,10,10,0,9,5,12,8,16,17,24,54.62919048309069,98.09910819000817,3.3333333333333335,326.99702730002724,0.03269970273000272,18.16650151666818,1,,,2,12,1,1,9,9,,,1,1,,2,,4,1,,,1,,9,,,,,,,,,,,,,1,,,,,,,,,,,,,,,,,,,,,,,,7,10,19,,,,,,,,,,,,,,,,,,,,,,,,,,,,,,,,,,,3,22,1,2,1,2,1,4,8,9,1,4.625
1534,2,0,0,30,12,12,10,10,0,8,5,14,10,20,19,30,64.91260938324326,127.43782540330756,3.5714285714285716,455.13509072609844,0.042479275134435855,25.28528281811658,1,,,2,12,1,1,9,9,,,1,1,,4,,4,1,,,1,,9,,,,,,,,,,,,,1,,,,,,,,,,,,,,,,,,,,,,,,9,10,18,,,,,,,,,,,,,,,,,,,,,,,,,,,,,,,,,,,3,21,1,2,1,2,1,4,7,8,1,4.0
1535,2,0,0,30,12,12,10,10,0,8,6,14,11,21,20,32,68.81274391313339,138.3016990363956,4.5,622.3576456637802,0.0461005663454652,34.5754247590989,1,,,2,12,1,1,9,9,,,1,1,,4,1,4,1,,,1,,9,,,,,,,,,,,,,1,,,,,,,,,,,,,,,,,,,,,,,,9,10,18,,,,,,,,,,,,,,,,,,,,,,,,,,,,,,,,,,,3,21,1,2,1,2,1,4,7,8,1,4.0
1536,2,0,0,30,12,12,10,10,0,8,6,9,7,13,15,20,44.039100017307746,78.13781191217038,4.333333333333333,338.5971849527383,0.026045937304056792,18.810954719596573,1,,,2,12,1,1,9,9,,,1,1,,2,1,2,1,,,,,9,,,,,,,1,,,,,,1,,,,,,,,,,,,,,,,,,,,,,,,5,10,18,,,,,,,,,,,,,,,,,,,,,,,,,,,,,,,,,,,3,21,1,2,1,2,1,4,7,8,1,4.0
1537,2,0,0,31,12,12,10,10,0,9,5,10,6,12,15,18,44.82892142331043,70.32403072095333,3.0,210.97209216286,0.02344134357365111,11.720671786825555,1,,,2,12,1,1,9,9,,,1,1,,2,,2,1,,,1,,9,,,,,,,,,,,,,1,,,,,,,,,,,,,,,,,,,,,,,,5,10,19,,,,,,,,,,,,,,,,,,,,,,,,,,,,,,,,,,,3,22,1,2,1,2,1,4,8,9,1,4.625
1538,2,0,0,31,12,12,10,10,0,9,5,10,7,13,15,20,44.82892142331043,78.13781191217038,3.25,253.94788871455373,0.026045937304056792,14.10821603969743,1,,,2,12,1,1,8,8,,,1,1,,2,1,3,,,,1,,9,,,,,,,,,,,,,1,,,,,,,,,,,,,,,,,,,,,,,,6,10,19,,,,,,,,,,,,,,,,,,,,,,,,,,,,,,,,,,,3,20,1,2,1,2,1,4,7,8,1,4.0
1539,2,0,0,29,11,11,10,10,0,8,5,8,6,11,13,17,35.60964047443681,62.907475208398566,3.4375,216.24444602887007,0.02096915840279952,12.013580334937226,1,,,2,11,1,1,8,8,,,1,1,,2,1,1,,,,1,,9,,,,,,,,,,,,,1,,,,,,,,,,,,,,,,,,,,,,,,5,10,18,,,,,,,,,,,,,,,,,,,,,,,,,,,,,,,,,,,1,19,1,2,1,2,1,4,6,8,1,4.0
1540,2,0,0,39,13,12,11,11,6,10,6,11,8,15,17,23,53.563522809337215,94.01164534875782,4.090909090909091,384.59309460855474,0.031337215116252606,21.366283033808596,1,,,3,13,1,1,9,9,,,1,1,,2,1,3,1,,,1,,9,,,,,,,,,,,,,1,,,,,,,,,,,,,,,,,,,,,,,,6,11,21,,,,,,,,,,,,,,,,,,,,,,,,,,,,,,,,,,,3,22,1,2,1,2,1,4,8,9,1,4.625
1541,4,0,0,23,14,13,1,1,5,4,6,9,7,14,15,21,44.039100017307746,82.0447025077789,4.666666666666667,382.8752783696349,0.02734823416925963,21.27084879831305,1,,,6,14,3,3,11,11,,,3,,,2,1,,,,,1,1,7,,,,,,,,1,,,,,,,,,,,,,,,,,,,,,,,,,,,,,3,1,5,,,,,,,,,,,,,,,,,,,,,,,,,,,,,,,,,,,4,18,3,,3,3,1,2,5,5,1,2.2
1542,5,0,0,21,12,11,1,1,5,4,5,10,7,15,15,22,44.82892142331043,85.95159310338741,3.75,322.31847413770276,0.02865053103446247,17.90658189653904,1,,,4,12,3,3,7,7,,,3,,,2,,,,,,2,1,5,,,,,,,,1,,,,,,,,,,,,,,,,,,,,,,,,,,,,,7,1,5,,,,,,,,,,,,,,,,,,,,,,,,,,,,,,,,,,,5,13,1,,3,1,1,2,3,7,1,4.333333333333333
1543,2,0,0,20,11,10,1,1,5,4,3,7,4,8,10,12,24.406371956566698,39.863137138648355,1.7142857142857142,68.33680652339717,0.013287712379549451,3.796489251299843,1,,,4,11,1,1,8,8,,,1,,,2,1,,,,,1,,8,,,,,,,,,,,,,,,,,,,,,,,,,,,,,,,,,,,,,3,1,5,,,,,,,,,,,,,,,,,,,,,,,,,,,,,,,,,,,1,16,3,,1,3,1,2,6,11,1,4.5
1544,4,0,0,22,13,12,1,1,5,4,7,11,8,16,18,24,57.705232259413506,100.07820003461549,5.090909090909091,509.4890183580425,0.0333594000115385,28.30494546433569,1,,,5,13,3,3,9,9,,,3,,,2,1,1,,,,1,1,6,,,,,,,1,,,,,,,,,,,,,,,,,,,,,,,,,,,,,,6,2,5,,,,,,,,,,,,,,,,,,,,,,,,,,,,,,,,,,,4,14,2,,3,2,1,2,4,8,1,3.5
1545,4,0,0,22,13,12,1,1,5,4,7,11,8,16,18,24,57.705232259413506,100.07820003461549,5.090909090909091,509.4890183580425,0.0333594000115385,28.30494546433569,1,,,5,13,3,3,9,9,,,3,,,2,1,1,,,,1,1,6,,,,,,,1,,,,,,,,,,,,,,,,,,,,,,,,,,,,,,6,2,5,,,,,,,,,,,,,,,,,,,,,,,,,,,,,,,,,,,4,14,2,,3,2,1,2,4,8,1,3.5
1546,2,0,0,20,12,11,1,1,5,3,5,11,9,18,16,27,49.663388279447084,108.0,4.090909090909091,441.8181818181818,0.036,24.545454545454547,1,,,3,12,1,1,10,10,,,1,1,,3,1,2,2,,,,,8,,,,,,,1,,,,,,,,,,,,,,,,,,,,,,,,,,,,,,7,3,4,,,,,,,,,,,,,,,,,,,,,,,,,,,,,,,,,,,1,18,2,1,2,2,1,3,5,8,4,6.4
1547,1,0,0,1,1,1,0,0,0,0,0,0,0,0,0,0,0,0,0,0,0.0,0.0,1,,,,1,,,,,,,,,,,,,,,,,,,,,,,,,,,,,,,,,,,,,,,,,,,,,,,,,,,,,,,,,,,,,,,,,,,,,,,,,,,,,,,,,,,,,,,,,,,,,1,,,,,0,0,1,4,4,4.0
1548,1,0,0,1,1,1,0,0,0,0,0,0,0,0,0,0,0,0,0,0,0.0,0.0,1,,,,1,,,,,,,,,,,,,,,,,,,,,,,,,,,,,,,,,,,,,,,,,,,,,,,,,,,,,,,,,,,,,,,,,,,,,,,,,,,,,,,,,,,,,,,,,,,,,1,,,,,0,0,1,4,4,4.0
1549,1,0,0,1,1,1,0,0,0,0,0,0,0,0,0,0,0,0,0,0,0.0,0.0,1,,,,1,,,,,,,,,,,,,,,,,,,,,,,,,,,,,,,,,,,,,,,,,,,,,,,,,,,,,,,,,,,,,,,,,,,,,,,,,,,,,,,,,,,,,,,,,,,,,1,,,,,0,0,1,4,4,4.0
1550,1,0,0,1,1,1,0,0,0,0,0,0,0,0,0,0,0,0,0,0,0.0,0.0,1,,,,1,,,,,,,,,,,,,,,,,,,,,,,,,,,,,,,,,,,,,,,,,,,,,,,,,,,,,,,,,,,,,,,,,,,,,,,,,,,,,,,,,,,,,,,,,,,,,1,,,,,0,0,1,4,4,4.0
1551,1,0,0,1,1,1,0,0,0,0,0,0,0,0,0,0,0,0,0,0,0.0,0.0,1,,,,1,,,,,,,,,,,,,,,,,,,,,,,,,,,,,,,,,,,,,,,,,,,,,,,,,,,,,,,,,,,,,,,,,,,,,,,,,,,,,,,,,,,,,,,,,,,,,1,,,,,0,0,1,4,4,4.0
1552,1,0,0,1,1,1,0,0,0,0,0,0,0,0,0,0,0,0,0,0,0.0,0.0,1,,,,1,,,,,,,,,,,,,,,,,,,,,,,,,,,,,,,,,,,,,,,,,,,,,,,,,,,,,,,,,,,,,,,,,,,,,,,,,,,,,,,,,,,,,,,,,,,,,1,,,,,0,0,1,4,4,4.0
1553,1,0,0,1,1,1,0,0,0,0,0,0,0,0,0,0,0,0,0,0,0.0,0.0,1,,,,1,,,,,,,,,,,,,,,,,,,,,,,,,,,,,,,,,,,,,,,,,,,,,,,,,,,,,,,,,,,,,,,,,,,,,,,,,,,,,,,,,,,,,,,,,,,,,1,,,,,0,0,1,4,4,4.0
1554,1,0,0,1,1,1,0,0,0,0,0,0,0,0,0,0,0,0,0,0,0.0,0.0,1,,,,1,,,,,,,,,,,,,,,,,,,,,,,,,,,,,,,,,,,,,,,,,,,,,,,,,,,,,,,,,,,,,,,,,,,,,,,,,,,,,,,,,,,,,,,,,,,,,1,,,,,0,0,1,4,4,4.0
1555,1,0,0,1,1,1,0,0,0,0,0,0,0,0,0,0,0,0,0,0,0.0,0.0,1,,,,1,,,,,,,,,,,,,,,,,,,,,,,,,,,,,,,,,,,,,,,,,,,,,,,,,,,,,,,,,,,,,,,,,,,,,,,,,,,,,,,,,,,,,,,,,,,,,1,,,,,0,0,1,4,4,4.0
1556,1,0,0,1,1,1,0,0,0,0,0,0,0,0,0,0,0,0,0,0,0.0,0.0,1,,,,1,,,,,,,,,,,,,,,,,,,,,,,,,,,,,,,,,,,,,,,,,,,,,,,,,,,,,,,,,,,,,,,,,,,,,,,,,,,,,,,,,,,,,,,,,,,,,1,,,,,0,0,1,4,4,4.0
1557,1,0,0,1,1,1,0,0,0,0,0,0,0,0,0,0,0,0,0,0,0.0,0.0,1,,,,1,,,,,,,,,,,,,,,,,,,,,,,,,,,,,,,,,,,,,,,,,,,,,,,,,,,,,,,,,,,,,,,,,,,,,,,,,,,,,,,,,,,,,,,,,,,,,1,,,,,0,0,1,4,4,4.0
1558,1,0,0,1,1,1,0,0,0,0,0,0,0,0,0,0,0,0,0,0,0.0,0.0,1,,,,1,,,,,,,,,,,,,,,,,,,,,,,,,,,,,,,,,,,,,,,,,,,,,,,,,,,,,,,,,,,,,,,,,,,,,,,,,,,,,,,,,,,,,,,,,,,,,1,,,,,0,0,1,4,4,4.0
672,1,0,0,3,3,3,0,0,0,0,0,0,0,0,0,0,0,0,0,0,0.0,0.0,1,,,,3,,,4,4,,,,1,,,,,,,,,,2,1,,,,,,,,,,,,,,,,,,,,,,,,,,,,,,,,,,,,,,,,,,,,,,,,,,,,,,,,,,,,,,,,,,,,,,,,,2,7,2,,1,1,1,2,5,5,1,3.4
674,1,0,0,11,8,8,2,2,0,1,2,3,2,3,5,5,6.754887502163469,11.60964047443681,1.0,11.60964047443681,0.0038698801581456034,0.6449800263576005,1,,,,8,,,18,18,2,2,,1,,,1,,1,,,,,1,,,,,,,,,,,,,,,,,,,,,,,,,,,,,,,,,,,,,3,2,3,,,,,,,,,,,,,,,,,,,,,,,,,,,,,,,,,,,,9,,8,7,1,0,8,1,1,1,1.0
1576,16,0,0,32,27,27,0,0,0,5,5,32,28,56,37,84,171.60964047443682,437.59408271283183,4.375,1914.4741118686393,0.14586469423761061,106.35967288159107,1,,,3,27,10,10,19,19,12,12,10,2,,,,,,,,1,2,7,4,,,,12,,,,,,,,,7,,,,,,,,,,,,,,,,,,,,,,,22,,5,,,,,,,,,,,,,,,,,,,,,,,,,,,,,,,,,,,18,53,2,2,4,2,1,3,10,18,1,7.2
1577,2,0,0,12,11,11,0,0,0,1,5,10,7,14,15,21,44.82892142331043,82.0447025077789,3.5,287.15645877722613,0.02734823416925963,15.953136598734785,1,,,,11,1,1,8,8,1,1,1,,,2,,3,1,,,1,,8,,,,,,,,,,,,,1,,,,,,,,,,,,,,,,,,,,,,,,4,,1,,,,,,,,,,,,,,,,,,,,,,,,,,,,,,,,,,,3,21,3,,1,3,2,2,8,5,1,2.125
1580,1,0,0,0,0,0,0,0,0,0,0,0,0,0,0,0,0,0,0,0,0.0,0.0,1,,,,,,,,,,,,,,,,,,,,,,,,,,,,,,,,,,,,,,,,,,,,,,,,,,,,,,,,,,,,,,,,,,,,,,,,,,,,,,,,,,,,,,,,,,,,,,,,,,,,,,0,0,0,0,0,0
762,1,0,0,0,0,0,0,0,0,0,0,0,0,0,0,0,0,0,0,0,0.0,0.0,1,,,,,,,,,,,,,,,,,,,,,,,,,,,,,,,,,,,,,,,,,,,,,,,,,,,,,,,,,,,,,,,,,,,,,,,,,,,,,,,,,,,,,,,,,,,,,,,,,,,,,,0,0,0,0,0,0
1583,1,0,0,0,0,0,0,0,0,0,0,0,0,0,0,0,0,0,0,0,0.0,0.0,1,,,,,,,,,,,,,,,,,,,,,,,,,,,,,,,,,,,,,,,,,,,,,,,,,,,,,,,,,,,,,,,,,,,,,,,,,,,,,,,,,,,,,,,,,,,,,,,,,,,,,,0,0,0,0,0,0
1597,3,0,0,22,10,9,1,1,7,5,4,8,5,10,12,15,32.0,53.77443751081735,2.5,134.43609377704337,0.017924812503605784,7.468671876502409,1,,,2,10,2,2,9,9,1,1,2,1,,2,1,1,,,,1,1,5,,,,,,,,,,,,,,,,,,,,,,,,,,,,,,,,,,,,,6,1,6,,,,,,,,,,,,,,,,,,,,,,,,,,,,,,,,,,,4,16,,3,1,1,0,5,6,9,1,4.166666666666667
1604,6,0,0,28,16,15,1,1,7,5,3,15,10,20,18,30,63.35824643629125,125.09775004326937,2.0,250.19550008653874,0.04169925001442312,13.899750004807707,1,,,2,16,5,5,10,10,4,4,5,,,5,,1,,,,1,,8,,,,,4,,,,,,,,,,,,,,,,,,,,,,,,,,,,,,,,11,1,6,,,,,,,,,,,,,,,,,,,,,,,,,,,,,,,,,,,7,27,,1,1,1,0,3,6,6,1,3.6666666666666665
1617,7,0,0,36,19,18,1,1,10,7,4,29,17,34,33,51,148.8814488586996,257.2641000872811,2.3448275862068964,603.2399588253488,0.0857547000290937,33.51333104585271,1,,,8,19,6,6,14,14,10,10,6,,,6,,6,,,,1,,10,,,,,5,,,,,,,,,,,,,,,,,,,,,,,,,,,,,,,,8,1,6,,,,,,,,,,,,,,,,,,,,,,,,,,,,,,,,,,,8,43,,2,1,2,0,3,7,7,1,4.714285714285714
1594,2,0,0,22,9,8,4,2,7,5,3,7,5,10,10,15,24.406371956566698,49.82892142331044,2.142857142857143,106.77626019280808,0.016609640474436815,5.932014455156004,1,,,2,9,1,1,7,7,1,1,1,,,3,,2,,,,1,,5,,,,,,,,,,,,,,,,,,,,,,,,,,,,,,,,,,,,,4,4,7,,,,,,,,,,,,,,,,,,,,,,,,,,,,,,,,,,,3,16,,1,1,1,0,3,6,5,1,3.3333333333333335
1611,7,0,0,27,12,11,1,1,9,6,4,21,10,23,25,33,100.23866587835397,153.24725426256592,2.1904761904761907,335.68446171800156,0.05108241808752197,18.649136762111198,1,,,7,12,3,3,6,6,5,5,3,1,,3,,1,,,,1,,6,,,,,5,,,,,,,,,,,,,,,,,,,,,,,,,,,,,,,,4,3,5,,,,,,,,,,,,,,,,,,,,,,,,,,,,,,,,,,,9,23,,2,1,1,0,4,4,7,1,4.5
1618,4,0,0,26,14,13,1,1,7,5,4,22,15,30,26,45,106.10749561002054,211.51978731634918,2.727272727272727,576.8721472264068,0.07050659577211639,32.048452623689265,1,,,6,14,4,4,15,15,3,3,4,,,8,4,1,,,,1,,7,,,,,2,,,,,,,,,,,,,,,,,,,,,,,,,,,,,,,,5,1,6,,,,,,,,,,,,,,,,,,,,,,,,,,,,,,,,,,,6,32,4,1,1,1,1,3,6,5,1,3.5
1593,2,0,0,25,12,11,4,2,7,5,4,8,6,12,12,18,32.0,64.52932501298082,3.0,193.58797503894246,0.02150977500432694,10.75488750216347,1,,,2,12,1,1,7,7,1,1,1,1,1,3,,2,1,,,1,,8,,,,,,,,,,,,,,,,,,,,,,,,,,,,,,,,,,,,,5,4,7,,,,,,,,,,,,,,,,,,,,,,,,,,,,,,,,,,,3,23,,2,1,1,0,4,8,5,1,3.625
1607,2,0,0,21,9,8,1,1,7,5,4,9,7,14,13,21,36.52932501298081,77.70923408096293,3.111111111111111,241.762061585218,0.025903078026987644,13.431225643623222,1,,,2,9,1,1,7,7,2,2,1,,1,3,2,2,,,,1,,5,,,,,,,,,,,,,,,,,,,,,,,,,,,,,,,,,,,,,6,1,6,,,,,,,,,,,,,,,,,,,,,,,,,,,,,,,,,,,3,17,,2,1,1,0,4,6,5,1,3.5
1619,4,0,0,31,14,13,1,1,10,7,4,17,10,20,21,30,77.48686830125578,131.76952268336282,2.3529411764705883,310.0459357255596,0.04392317422778761,17.224774206975535,1,,,5,14,3,3,12,12,4,4,3,1,,3,,5,,,,1,,8,,,,,2,,,,,,,,,,,,,,,,,,,,,,,,,,,,,,,,6,2,6,,,,,,,,,,,,,,,,,,,,,,,,,,,,,,,,,,,5,28,,3,1,2,0,4,8,6,1,4.625
1595,1,0,0,17,7,6,1,1,7,3,2,6,3,6,8,9,17.509775004326936,27.0,1.0,27.0,0.009,1.5,1,,,2,7,,,9,9,,,,1,,,2,1,1,,,,,4,,,,,,,,,,,,,,,,,,,,,,,,,,,,,,,,,,,,,2,1,4,,,,,,,,,,,,,,,,,,,,,,,,,,,,,,,,,,,2,13,,4,1,1,0,6,7,5,1,4.142857142857143
1596,1,0,0,17,7,6,1,1,7,3,2,5,3,6,7,9,13.60964047443681,25.26619429851844,1.2,30.319433158222125,0.008422064766172813,1.6844129532345624,1,,,2,7,,,9,9,,,,1,,,2,1,1,,,,,4,,,,,,,,,,,,,,,,,,,,,,,,,,,,,,,,,,,,,2,1,4,,,,,,,,,,,,,,,,,,,,,,,,,,,,,,,,,,,2,13,,4,1,1,0,6,6,5,1,4.0
1598,3,0,0,22,10,9,1,1,7,5,4,8,5,10,12,15,32.0,53.77443751081735,2.5,134.43609377704337,0.017924812503605784,7.468671876502409,1,,,2,10,2,2,9,9,1,1,2,1,,2,1,1,,,,1,1,5,,,,,,,,,,,,,,,,,,,,,,,,,,,,,,,,,,,,,5,2,6,,,,,,,,,,,,,,,,,,,,,,,,,,,,,,,,,,,4,16,,3,1,1,0,5,6,9,1,4.166666666666667
1599,3,0,0,22,10,9,1,1,7,5,5,10,6,12,15,18,44.82892142331043,70.32403072095333,3.0,210.97209216286,0.02344134357365111,11.720671786825555,1,,,2,10,2,2,9,9,2,2,2,1,,2,1,2,,,,1,1,5,,,,,,,,,,,,,,,,,,,,,,,,,,,,,,,,,,,,,5,2,6,,,,,,,,,,,,,,,,,,,,,,,,,,,,,,,,,,,4,18,,3,1,1,0,5,6,9,1,4.166666666666667
1600,3,0,0,22,10,9,1,1,7,5,5,10,6,12,15,18,44.82892142331043,70.32403072095333,3.0,210.97209216286,0.02344134357365111,11.720671786825555,1,,,2,10,2,2,9,9,2,2,2,1,,2,1,2,,,,1,1,5,,,,,,,,,,,,,,,,,,,,,,,,,,,,,,,,,,,,,5,2,6,,,,,,,,,,,,,,,,,,,,,,,,,,,,,,,,,,,4,18,,3,1,1,0,5,6,9,1,4.166666666666667
1601,3,0,0,28,12,11,1,1,9,7,2,5,3,6,7,9,13.60964047443681,25.26619429851844,1.2,30.319433158222125,0.008422064766172813,1.6844129532345624,1,,,2,12,2,2,7,7,3,3,2,,,1,,1,,,,2,,7,,,,,,,,,,,,,,,,,,,,,,,,,,,,,,,,,,,,,4,1,6,,,,,,,,,,,,,,,,,,,,,,,,,,,,,,,,,,,4,21,,1,1,1,0,3,7,14,1,5.428571428571429
1602,3,0,0,28,12,11,1,1,9,7,3,5,3,6,8,9,16.36452797660028,27.0,1.8,48.6,0.009,2.7,1,,,2,12,2,2,7,7,3,3,2,,,1,,1,,,,1,1,7,,,,,,,,,,,,,,,,,,,,,,,,,,,,,,,,,,,,,4,1,6,,,,,,,,,,,,,,,,,,,,,,,,,,,,,,,,,,,4,21,,1,1,1,0,3,7,12,1,4.857142857142857
1603,5,0,0,26,14,13,1,1,7,5,3,13,8,16,16,24,52.860603837997665,96.0,1.8461538461538463,177.23076923076923,0.032,9.846153846153847,1,,,2,14,4,4,8,8,4,4,4,,,4,,1,,,,1,,7,,,,,3,,,,,,,,,,,,,,,,,,,,,,,,,,,,,,,,10,1,6,,,,,,,,,,,,,,,,,,,,,,,,,,,,,,,,,,,6,22,,1,1,1,0,3,5,6,1,3.6
1605,5,0,0,26,14,13,1,1,7,5,5,9,8,16,14,24,40.13896548741762,91.37651812938249,4.444444444444445,406.1178583528111,0.03045883937646083,22.56210324182284,1,,,2,14,4,4,10,10,3,3,4,1,,1,,3,1,,,1,,7,,,,,3,,,,,,,,,,,,,,,,,,,,,,,,,,,,,,,,10,1,6,,,,,,,,,,,,,,,,,,,,,,,,,,,,,,,,,,,6,23,,2,1,1,0,4,6,6,1,3.6666666666666665
1606,2,0,0,21,9,8,1,1,7,5,3,8,6,12,11,18,28.75488750216347,62.26976913547136,2.25,140.10698055481055,0.020756589711823786,7.78372114193392,1,,,2,9,1,1,7,7,2,2,1,,1,3,2,1,,,,1,,5,,,,,,,,,,,,,,,,,,,,,,,,,,,,,,,,,,,,,5,1,6,,,,,,,,,,,,,,,,,,,,,,,,,,,,,,,,,,,3,17,,2,1,1,0,4,6,5,1,3.5
1608,3,0,0,27,11,10,1,1,9,7,3,6,4,8,9,12,20.264662506490406,38.03910001730775,2.0,76.0782000346155,0.012679700005769252,4.226566668589751,1,,,2,11,2,2,7,7,1,1,2,,1,2,,1,,,,1,1,6,,,,,,,,,,,,,,,,,,,,,,,,,,,,,,,,,,,,,5,1,6,,,,,,,,,,,,,,,,,,,,,,,,,,,,,,,,,,,4,17,,1,1,1,0,3,6,8,1,4.666666666666667
1609,4,0,0,31,14,13,1,1,9,8,5,7,5,9,12,14,31.26112492884004,50.18947501009619,3.2142857142857144,161.32331253245204,0.016729825003365395,8.962406251802891,1,,,6,14,4,4,11,11,1,1,4,1,1,1,1,1,,,,1,,6,1,,,,1,,,1,,,,,,,,,,,,,,,,,,,,,,,,,,,,,4,1,7,,,,,,,,,,,,,,,,,,,,,,,,,,,,,,,,,,,6,19,,1,2,2,0,3,8,10,1,5.625
1610,2,0,0,24,9,8,1,1,9,6,2,5,3,6,7,9,13.60964047443681,25.26619429851844,1.2,30.319433158222125,0.008422064766172813,1.6844129532345624,1,,,3,9,1,1,6,6,1,1,1,,,2,,1,,,,1,,5,1,,,,,,,,,,,,,,,,,,,,,,,,,,,,,,,,,,,,3,1,5,,,,,,,,,,,,,,,,,,,,,,,,,,,,,,,,,,,3,15,1,,1,1,1,2,6,5,1,4.0
1612,1,0,0,1,1,1,0,0,0,0,0,0,0,0,0,0,0,0,0,0,0.0,0.0,1,,,,1,,,,,,,,,,,,,,,,,,,,,,,,,,,,,,,,,,,,,,,,,,,,,,,,,,,,,,,,,,,,,,,,,,,,,,,,,,,,,,,,,,,,,,,,,,,,,1,,,,,0,0,1,4,4,4.0
1613,7,0,0,45,19,18,1,1,16,10,4,29,17,34,33,51,148.8814488586996,257.2641000872811,2.3448275862068964,603.2399588253488,0.0857547000290937,33.51333104585271,1,,,8,19,6,6,15,15,10,10,6,1,,6,,6,,,,1,,10,,,,,5,,,,,,,,,,,,,,,,,,,,,,,,,,,,,,,,4,6,6,,,,,,,,,,,,,,,,,,,,,,,,,,,,,,,,,,,8,43,,3,1,2,0,4,7,10,1,5.428571428571429
1614,7,0,0,36,19,18,1,1,10,7,4,29,17,34,33,51,148.8814488586996,257.2641000872811,2.3448275862068964,603.2399588253488,0.0857547000290937,33.51333104585271,1,,,8,19,6,6,14,14,10,10,6,,,6,,6,,,,1,,10,,,,,5,,,,,,,,,,,,,,,,,,,,,,,,,,,,,,,,3,6,6,,,,,,,,,,,,,,,,,,,,,,,,,,,,,,,,,,,8,43,,2,1,2,0,3,7,9,1,5.285714285714286
1615,10,0,0,47,27,26,1,1,10,10,4,16,16,32,20,48,72.0,207.45254855459342,4.0,829.8101942183737,0.0691508495181978,46.100566345465204,1,,,6,27,10,10,19,19,6,6,10,,,7,,1,,,,1,2,12,,,,,6,,,,,,,,,,,,,,,,,,,,,,,,,,,,,,,,16,1,8,,,,,,,,,,,,,,,,,,,,,,,,,,,,,,,,,,,12,41,,2,3,2,0,3,8,7,1,4.125
1616,7,0,0,36,19,18,1,1,10,7,4,29,17,34,33,51,148.8814488586996,257.2641000872811,2.3448275862068964,603.2399588253488,0.0857547000290937,33.51333104585271,1,,,8,19,6,6,14,14,10,10,6,,,6,,6,,,,1,,10,,,,,5,,,,,,,,,,,,,,,,,,,,,,,,,,,,,,,,8,1,6,,,,,,,,,,,,,,,,,,,,,,,,,,,,,,,,,,,8,43,,2,1,2,0,3,7,6,1,4.428571428571429
1620,2,0,0,28,11,10,1,1,10,7,4,11,6,12,15,18,46.053747805010275,70.32403072095333,2.1818181818181817,153.43424884571635,0.02344134357365111,8.52412493587313,1,,,3,11,1,1,10,10,2,2,1,1,,2,,3,1,,,1,,7,,,,,,,,,,,,,,,,,,,,,,,,,,,,,,,,,,,,,6,1,6,,,,,,,,,,,,,,,,,,,,,,,,,,,,,,,,,,,3,21,,3,1,2,0,4,8,18,1,7.625
1621,7,0,0,37,19,18,1,1,10,8,4,29,17,34,33,51,148.8814488586996,257.2641000872811,2.3448275862068964,603.2399588253488,0.0857547000290937,33.51333104585271,1,,,8,19,6,6,15,15,10,10,6,1,,6,,6,,,,1,,10,,,,,5,,,,,,,,,,,,,,,,,,,,,,,,,,,,,,,,4,6,7,,,,,,,,,,,,,,,,,,,,,,,,,,,,,,,,,,,8,43,,3,1,2,0,4,7,8,1,4.714285714285714
1622,3,0,0,30,13,12,1,1,10,7,4,7,5,10,11,15,27.651484454403228,51.89147427955947,2.857142857142857,148.26135508445563,0.01729715809318649,8.236741949136423,1,,,3,13,2,2,10,10,2,2,2,,1,2,1,1,,,,1,1,8,,,,,,,,,,,,,,,,,,,,,,,,,,,,,,,,,,,,,5,1,6,,,,,,,,,,,,,,,,,,,,,,,,,,,,,,,,,,,4,23,,2,1,2,0,3,7,8,1,4.857142857142857
1639,5,0,0,25,15,14,3,1,5,5,3,9,6,12,12,18,33.28421251514428,64.52932501298082,2.0,129.05865002596164,0.02150977500432694,7.169925001442313,1,,,2,15,4,4,12,12,3,3,4,1,,2,,1,,,,,,8,,2,,,2,,,,,,,,,,,,,,,,,,,,,,,,,,,,,,,,8,3,6,,,,,,,,,,,,,,,,,,,,,,,,,,,,,,,,,,,8,28,3,1,2,1,2,3,10,5,1,3.2
1640,5,0,0,25,15,14,3,1,5,5,3,9,6,12,12,18,33.28421251514428,64.52932501298082,2.0,129.05865002596164,0.02150977500432694,7.169925001442313,1,,,2,15,4,4,12,12,3,3,4,1,,2,,1,,,,,,8,,2,,,,2,,,,,,,,,,,,,,,,,,,,,,,,,,,,,,,8,3,6,,,,,,,,,,,,,,,,,,,,,,,,,,,,,,,,,,,8,28,3,1,2,1,2,3,10,6,1,3.4
1643,5,0,0,25,15,14,3,1,5,5,2,6,4,8,8,12,17.509775004326936,36.0,1.3333333333333333,48.0,0.012,2.6666666666666665,1,,,2,15,4,4,12,12,3,3,4,1,,2,,1,,,,,,8,,,,,,,,2,,,,,,,,,,,,,,,,,,,,,,,,,,,,,6,3,6,,,,,,,,,,,,,,,,,,,,,,,,,,,,,,,,,,,8,28,3,1,2,1,2,3,10,9,1,3.7
1644,5,0,0,25,15,14,3,1,5,5,2,6,4,8,8,12,17.509775004326936,36.0,1.3333333333333333,48.0,0.012,2.6666666666666665,1,,,2,15,4,4,12,12,3,3,4,1,,2,,1,,,,2,,8,,,,,,,,,,,,,,,,,,,,,,,,,,,,,,,,,,,,,6,3,6,,,,,,,,,,,,,,,,,,,,,,,,,,,,,,,,,,,8,28,3,1,2,1,2,3,10,10,1,3.8
1645,5,0,0,25,15,14,3,1,5,5,2,6,4,8,8,12,17.509775004326936,36.0,1.3333333333333333,48.0,0.012,2.6666666666666665,1,,,2,15,4,4,12,12,3,3,4,1,,2,,1,,,,,,8,,,,,,,,2,,,,,,,,,,,,,,,,,,,,,,,,,,,,,6,3,6,,,,,,,,,,,,,,,,,,,,,,,,,,,,,,,,,,,8,28,3,1,2,1,2,3,10,5,1,3.3
1646,5,0,0,25,15,14,3,1,5,5,2,6,4,8,8,12,17.509775004326936,36.0,1.3333333333333333,48.0,0.012,2.6666666666666665,1,,,2,15,4,4,12,12,3,3,4,1,,2,,1,,,,,,8,,,,,,,2,,,,,,,,,,,,,,,,,,,,,,,,,,,,,,6,3,6,,,,,,,,,,,,,,,,,,,,,,,,,,,,,,,,,,,8,28,3,1,2,1,2,3,10,6,1,3.4
1647,5,0,0,29,15,14,3,1,8,6,2,6,4,8,8,12,17.509775004326936,36.0,1.3333333333333333,48.0,0.012,2.6666666666666665,1,,,2,15,4,4,12,12,3,3,4,1,,2,,1,,,,,,8,,,,,,,,2,,,,,,,,,,,,,,,,,,,,,,,,,,,,,6,3,6,,,,,,,,,,,,,,,,,,,,,,,,,,,,,,,,,,,8,28,3,1,2,1,2,3,10,6,1,3.4
1648,5,0,0,25,15,14,3,1,5,5,2,6,4,8,8,12,17.509775004326936,36.0,1.3333333333333333,48.0,0.012,2.6666666666666665,1,,,2,15,4,4,12,12,3,3,4,1,,2,,1,,,,2,,8,,,,,,,,,,,,,,,,,,,,,,,,,,,,,,,,,,,,,6,3,6,,,,,,,,,,,,,,,,,,,,,,,,,,,,,,,,,,,8,28,3,1,2,1,2,3,10,10,1,3.8
1641,5,0,0,25,15,14,3,1,5,5,3,9,6,12,12,18,33.28421251514428,64.52932501298082,2.0,129.05865002596164,0.02150977500432694,7.169925001442313,1,,,2,15,4,4,12,12,3,3,4,1,,2,,1,,,,,,8,,2,,,2,,,,,,,,,,,,,,,,,,,,,,,,,,,,,,,,8,3,6,,,,,,,,,,,,,,,,,,,,,,,,,,,,,,,,,,,8,28,3,1,2,1,2,3,10,6,1,3.4
1642,5,0,0,25,15,14,3,1,5,5,3,9,6,12,12,18,33.28421251514428,64.52932501298082,2.0,129.05865002596164,0.02150977500432694,7.169925001442313,1,,,2,15,4,4,12,12,3,3,4,1,,2,,1,,,,,,8,,2,,,2,,,,,,,,,,,,,,,,,,,,,,,,,,,,,,,,8,3,6,,,,,,,,,,,,,,,,,,,,,,,,,,,,,,,,,,,8,28,3,1,2,1,2,3,10,6,1,3.4
1652,6,0,0,33,17,16,7,6,5,6,2,11,9,18,13,27,40.053747805010275,99.91187238980949,1.6363636363636365,163.49215481968827,0.03330395746326983,9.082897489982681,1,,,7,17,6,6,11,11,10,10,6,1,,5,,1,,,,,,8,2,,,,4,,,,,,,,,,,,,,,,,,,,,,,,,,,,,,,,16,7,12,,,,,,,,,,,,,,,,,,,,,,,,,,,,,,,,,,,9,25,1,1,2,1,1,3,8,5,1,4.125
1653,6,0,0,33,17,16,7,6,5,6,2,11,9,18,13,27,40.053747805010275,99.91187238980949,1.6363636363636365,163.49215481968827,0.03330395746326983,9.082897489982681,1,,,7,17,6,6,11,11,10,10,6,1,,5,,1,,,,,,8,2,,,,4,,,,,,,,,,,,,,,,,,,,,,,,,,,,,,,,16,7,12,,,,,,,,,,,,,,,,,,,,,,,,,,,,,,,,,,,9,25,1,1,2,1,1,3,8,5,1,4.125
1654,6,0,0,33,17,16,7,6,5,6,2,11,9,18,13,27,40.053747805010275,99.91187238980949,1.6363636363636365,163.49215481968827,0.03330395746326983,9.082897489982681,1,,,7,17,6,6,11,11,10,10,6,1,,5,,1,,,,,,8,2,,,,4,,,,,,,,,,,,,,,,,,,,,,,,,,,,,,,,16,7,12,,,,,,,,,,,,,,,,,,,,,,,,,,,,,,,,,,,9,25,1,1,2,1,1,3,8,5,1,4.125
1655,6,0,0,33,17,16,7,6,5,6,2,11,9,18,13,27,40.053747805010275,99.91187238980949,1.6363636363636365,163.49215481968827,0.03330395746326983,9.082897489982681,1,,,7,17,6,6,11,11,10,10,6,1,,5,,1,,,,,,8,2,,,,4,,,,,,,,,,,,,,,,,,,,,,,,,,,,,,,,16,7,12,,,,,,,,,,,,,,,,,,,,,,,,,,,,,,,,,,,9,25,1,1,2,1,1,3,8,5,1,4.125
1656,6,0,0,33,17,16,7,6,5,6,2,11,9,18,13,27,40.053747805010275,99.91187238980949,1.6363636363636365,163.49215481968827,0.03330395746326983,9.082897489982681,1,,,7,17,6,6,11,11,10,10,6,1,,5,,1,,,,,,8,2,,,,4,,,,,,,,,,,,,,,,,,,,,,,,,,,,,,,,16,7,12,,,,,,,,,,,,,,,,,,,,,,,,,,,,,,,,,,,9,25,1,1,2,1,1,3,8,5,1,4.125
1650,6,0,0,33,17,16,7,6,5,6,2,11,9,18,13,27,40.053747805010275,99.91187238980949,1.6363636363636365,163.49215481968827,0.03330395746326983,9.082897489982681,1,,,7,17,6,6,11,11,10,10,6,1,,5,,1,,,,,,8,2,,,,4,,,,,,,,,,,,,,,,,,,,,,,,,,,,,,,,16,7,12,,,,,,,,,,,,,,,,,,,,,,,,,,,,,,,,,,,9,25,1,1,2,1,1,3,8,5,1,4.125
1651,7,0,0,39,19,18,12,11,5,5,2,13,11,22,15,33,50.105716335834195,128.92738965508113,1.6923076923076923,218.18481326244498,0.04297579655169371,12.121378514580277,1,,,8,19,7,7,12,12,12,12,7,1,,6,,1,,,,,,9,2,,,,5,,,,,,,,,,,,,,,,,,,,,,,,,,,,,,,,19,12,16,,,,,,,,,,,,,,,,,,,,,,,,,,,,,,,,,,,10,28,1,1,2,1,1,3,8,5,1,4.125
1657,6,0,0,33,17,16,7,6,5,6,2,11,9,18,13,27,40.053747805010275,99.91187238980949,1.6363636363636365,163.49215481968827,0.03330395746326983,9.082897489982681,1,,,7,17,6,6,11,11,10,10,6,1,,5,,1,,,,,,8,2,,,,4,,,,,,,,,,,,,,,,,,,,,,,,,,,,,,,,16,7,12,,,,,,,,,,,,,,,,,,,,,,,,,,,,,,,,,,,9,25,1,1,2,1,1,3,8,5,1,4.125
1658,6,0,0,33,17,16,7,6,5,6,2,11,9,18,13,27,40.053747805010275,99.91187238980949,1.6363636363636365,163.49215481968827,0.03330395746326983,9.082897489982681,1,,,7,17,6,6,11,11,10,10,6,1,,5,,1,,,,,,8,2,,,,4,,,,,,,,,,,,,,,,,,,,,,,,,,,,,,,,16,7,12,,,,,,,,,,,,,,,,,,,,,,,,,,,,,,,,,,,9,25,1,1,2,1,1,3,8,5,1,4.125
1649,6,0,0,33,17,16,7,6,5,6,2,11,9,18,13,27,40.053747805010275,99.91187238980949,1.6363636363636365,163.49215481968827,0.03330395746326983,9.082897489982681,1,,,7,17,6,6,11,11,10,10,6,1,,5,,1,,,,,,8,2,,,,4,,,,,,,,,,,,,,,,,,,,,,,,,,,,,,,,16,7,12,,,,,,,,,,,,,,,,,,,,,,,,,,,,,,,,,,,9,25,1,1,2,1,1,3,8,5,1,4.125
1659,1,0,0,0,0,0,0,0,0,0,0,0,0,0,0,0,0,0,0,0,0.0,0.0,1,,,,,,,,,,,,,,,,,,,,,,,,,,,,,,,,,,,,,,,,,,,,,,,,,,,,,,,,,,,,,,,,,,,,,,,,,,,,,,,,,,,,,,,,,,,,,,,,,,,,,,0,0,0,0,0,0
1660,1,0,0,0,0,0,0,0,0,0,0,0,0,0,0,0,0,0,0,0,0.0,0.0,1,,,,,,,,,,,,,,,,,,,,,,,,,,,,,,,,,,,,,,,,,,,,,,,,,,,,,,,,,,,,,,,,,,,,,,,,,,,,,,,,,,,,,,,,,,,,,,,,,,,,,,0,0,0,0,0,0
1661,1,0,0,0,0,0,0,0,0,0,0,0,0,0,0,0,0,0,0,0,0.0,0.0,1,,,,,,,,,,,,,,,,,,,,,,,,,,,,,,,,,,,,,,,,,,,,,,,,,,,,,,,,,,,,,,,,,,,,,,,,,,,,,,,,,,,,,,,,,,,,,,,,,,,,,,0,0,0,0,0,0
1662,1,0,0,0,0,0,0,0,0,0,0,0,0,0,0,0,0,0,0,0,0.0,0.0,1,,,,,,,,,,,,,,,,,,,,,,,,,,,,,,,,,,,,,,,,,,,,,,,,,,,,,,,,,,,,,,,,,,,,,,,,,,,,,,,,,,,,,,,,,,,,,,,,,,,,,,0,0,0,0,0,0
1664,1,0,0,0,0,0,0,0,0,0,0,0,0,0,0,0,0,0,0,0,0.0,0.0,1,,,,,,,,,,,,,,,,,,,,,,,,,,,,,,,,,,,,,,,,,,,,,,,,,,,,,,,,,,,,,,,,,,,,,,,,,,,,,,,,,,,,,,,,,,,,,,,,,,,,,,0,0,0,0,0,0
1666,1,0,0,0,0,0,0,0,0,0,0,0,0,0,0,0,0,0,0,0,0.0,0.0,1,,,,,,,,,,,,,,,,,,,,,,,,,,,,,,,,,,,,,,,,,,,,,,,,,,,,,,,,,,,,,,,,,,,,,,,,,,,,,,,,,,,,,,,,,,,,,,,,,,,,,,0,0,0,0,0,0
1667,1,0,0,0,0,0,0,0,0,0,0,0,0,0,0,0,0,0,0,0,0.0,0.0,1,,,,,,,,,,,,,,,,,,,,,,,,,,,,,,,,,,,,,,,,,,,,,,,,,,,,,,,,,,,,,,,,,,,,,,,,,,,,,,,,,,,,,,,,,,,,,,,,,,,,,,0,0,0,0,0,0
1669,1,0,0,0,0,0,0,0,0,0,0,0,0,0,0,0,0,0,0,0,0.0,0.0,1,,,,,,,,,,,,,,,,,,,,,,,,,,,,,,,,,,,,,,,,,,,,,,,,,,,,,,,,,,,,,,,,,,,,,,,,,,,,,,,,,,,,,,,,,,,,,,,,,,,,,,0,0,0,0,0,0
1670,1,0,0,0,0,0,0,0,0,0,0,0,0,0,0,0,0,0,0,0,0.0,0.0,1,,,,,,,,,,,,,,,,,,,,,,,,,,,,,,,,,,,,,,,,,,,,,,,,,,,,,,,,,,,,,,,,,,,,,,,,,,,,,,,,,,,,,,,,,,,,,,,,,,,,,,0,0,0,0,0,0
1671,1,0,0,0,0,0,0,0,0,0,0,0,0,0,0,0,0,0,0,0,0.0,0.0,1,,,,,,,,,,,,,,,,,,,,,,,,,,,,,,,,,,,,,,,,,,,,,,,,,,,,,,,,,,,,,,,,,,,,,,,,,,,,,,,,,,,,,,,,,,,,,,,,,,,,,,0,0,0,0,0,0
1709,2,0,0,21,11,10,1,1,5,5,2,4,3,6,6,9,10.0,23.264662506490403,1.5,34.89699375973561,0.007754887502163467,1.938721875540867,1,,,3,11,1,1,9,9,3,3,1,1,,2,,1,1,,,,,7,,,,,,,,,,,,,,,,,,,,,,,,,,,,,,,,,,,,,5,1,6,,,,,,,,,,,,,,,,,,,,,,,,,,,,,,,,,,,4,20,2,2,1,2,2,4,9,8,1,4.333333333333333
1710,3,0,0,22,12,11,1,1,5,5,2,4,3,6,6,9,10.0,23.264662506490403,1.5,34.89699375973561,0.007754887502163467,1.938721875540867,1,,,2,12,2,2,9,9,4,4,2,1,,2,,1,1,,,,,7,,,,,,,,,,,,,,,,,,,,,,,,,,,,,,,,,,,,,6,1,6,,,,,,,,,,,,,,,,,,,,,,,,,,,,,,,,,,,6,24,2,2,1,1,1,4,10,9,1,4.8
1711,3,0,0,34,15,14,7,7,5,8,3,6,4,8,9,12,20.264662506490406,38.03910001730775,2.0,76.0782000346155,0.012679700005769252,4.226566668589751,1,,,5,15,3,3,9,9,3,3,3,,,2,,1,1,,,,1,8,,,,,,,,,,,,,,,,,,,,,,,,,,,,,,,,,,,,,5,7,15,,,,,,,,,,,,,,,,,,,,,,,,,,,,,,,,,,,6,22,2,1,2,2,2,3,10,8,1,4.4
1712,1,0,0,0,0,0,0,0,0,0,0,0,0,0,0,0,0,0,0,0,0.0,0.0,1,,,,,,,,,,,,,,,,,,,,,,,,,,,,,,,,,,,,,,,,,,,,,,,,,,,,,,,,,,,,,,,,,,,,,,,,,,,,,,,,,,,,,,,,,,,,,,,,,,,,,,0,0,0,0,0,0
1713,2,0,0,17,8,7,0,0,5,5,2,3,2,4,5,6,6.754887502163469,13.931568569324174,1.3333333333333333,18.575424759098897,0.004643856189774725,1.0319680421721609,1,,,2,8,1,1,7,7,3,3,1,1,,1,,1,1,,,,,4,,,,,,,,,,,,,,,,,,,,,,,,,,,,,,,,,,,,,4,,5,,,,,,,,,,,,,,,,,,,,,,,,,,,,,,,,,,,4,15,1,2,1,1,1,4,7,9,1,5.428571428571429
1714,2,0,0,17,8,7,0,0,5,5,1,2,1,2,3,3,2.0,4.754887502163469,0.5,2.3774437510817346,0.0015849625007211565,0.1320802083934297,1,,,2,8,1,1,7,7,3,3,1,1,,1,,1,,,,,,4,,,,,,,,,,,,,,,,,,,,,,,,,,,,,,,,,,,,,3,,5,,,,,,,,,,,,,,,,,,,,,,,,,,,,,,,,,,,4,11,1,6,1,1,1,5,6,6,1,3.8333333333333335
1715,2,0,0,14,8,7,0,0,5,2,1,2,1,2,3,3,2.0,4.754887502163469,0.5,2.3774437510817346,0.0015849625007211565,0.1320802083934297,1,,,7,8,2,2,8,8,2,2,2,,,,,,,,,,,3,,,,,1,,,,,,,,,,,,,,,,,,,,,,,,,,,,,,,,,,2,,,,,,,,,,,,,,,,,,,,,,,,,,,,,,,,,,,2,6,2,1,2,3,1,3,3,6,5,5.333333333333333
1716,1,0,0,11,4,3,0,0,5,3,0,0,0,0,0,0,0,0,0,0,0.0,0.0,1,,,1,4,,,5,5,8,8,,24,,,,1,,,,,,1,,,,,,,,,,,,,,,,,,,,,,,,,,,,,,,,,,,,,25,,3,,,,,,,,,,,,,,,,,,,,,,,,,,,,,,,,,,,2,3,2,,1,2,1,2,2,6,5,5.5
1717,1,0,0,11,4,3,0,0,5,3,1,3,2,4,4,6,4.754887502163469,12.0,0.6666666666666666,8.0,0.004,0.4444444444444444,1,,,1,4,,,5,5,8,8,,24,,,2,1,,,,,,1,,,,,,,,,,,,,,,,,,,,,,,,,,,,,,,,,,,,,27,,3,,,,,,,,,,,,,,,,,,,,,,,,,,,,,,,,,,,2,3,2,,1,2,1,2,2,6,5,5.5
1718,3,0,0,18,11,10,0,0,5,3,1,4,2,4,5,6,8.0,13.931568569324174,0.5,6.965784284662087,0.004643856189774725,0.3869880158145604,1,,,9,11,3,3,10,10,4,4,3,,,,,1,,,,,,3,,,,,2,,,,,,,,,,,,,,,,,,,,,,,,,,,,,,,,,,3,,,,,,,,,,,,,,,,,,,,,,,,,,,,,,,,,,,5,11,2,1,3,3,1,3,5,9,5,6.0
1719,3,0,0,19,10,9,0,0,5,5,3,6,3,6,9,9,20.264662506490406,28.529325012980813,1.5,42.793987519471216,0.009509775004326938,2.377443751081734,1,,,2,10,2,2,8,8,3,3,2,,,1,,1,1,,,,1,5,,,,,,,,,,,,,,,,,,,,,,,,,,,,,,,,,,,,,4,,5,,,,,,,,,,,,,,,,,,,,,,,,,,,,,,,,,,,5,19,1,2,1,1,1,4,9,9,1,5.222222222222222
1720,3,0,0,18,10,9,0,0,5,4,4,9,5,10,13,15,36.52932501298081,55.506595772116384,2.2222222222222223,123.34799060470309,0.01850219859070546,6.852666144705727,1,,,2,10,2,2,9,9,3,3,2,1,,1,,2,2,,,,1,5,,,,,,,,,,,,,,,,,,,,,,,,,,,,,,,,,,,,,6,,4,,,,,,,,,,,,,,,,,,,,,,,,,,,,,,,,,,,5,20,1,3,1,1,1,5,9,9,1,5.222222222222222
1721,2,0,0,17,8,7,0,0,5,5,3,7,4,8,10,12,24.406371956566698,39.863137138648355,1.7142857142857142,68.33680652339717,0.013287712379549451,3.796489251299843,1,,,2,8,1,1,9,9,5,5,1,1,,1,,2,2,,,,,4,,,,,,,,,,,,,,,,,,,,,,,,,,,,,,,,,,,,,6,,5,,,,,,,,,,,,,,,,,,,,,,,,,,,,,,,,,,,4,17,1,2,1,1,1,4,7,13,1,6.857142857142857
1722,2,0,0,17,8,7,0,0,5,5,3,5,3,6,8,9,16.36452797660028,27.0,1.8,48.6,0.009,2.7,1,,,2,8,1,1,8,8,5,5,1,1,,1,,2,1,,,,,4,,,,,,,,,,,,,,,,,,,,,,,,,,,,,,,,,,,,,5,,5,,,,,,,,,,,,,,,,,,,,,,,,,,,,,,,,,,,4,17,1,2,1,1,1,4,7,13,1,6.857142857142857
1723,2,0,0,17,8,7,0,0,5,5,2,4,2,4,6,6,10.0,15.509775004326936,1.0,15.509775004326936,0.005169925001442312,0.861654166907052,1,,,2,8,1,1,7,7,5,5,1,1,,1,,2,,,,,,4,,,,,,,,,,,,,,,,,,,,,,,,,,,,,,,,,,,,,5,,5,,,,,,,,,,,,,,,,,,,,,,,,,,,,,,,,,,,4,16,1,2,1,1,1,4,7,11,1,5.714285714285714
1724,2,0,0,17,8,7,0,0,5,5,2,4,2,4,6,6,10.0,15.509775004326936,1.0,15.509775004326936,0.005169925001442312,0.861654166907052,1,,,2,8,1,1,7,7,5,5,1,1,,1,,2,,,,,,4,,,,,,,,,,,,,,,,,,,,,,,,,,,,,,,,,,,,,5,,5,,,,,,,,,,,,,,,,,,,,,,,,,,,,,,,,,,,4,16,1,2,1,1,1,4,7,11,1,5.714285714285714
1725,4,0,0,19,10,9,0,0,5,5,2,4,2,4,6,6,10.0,15.509775004326936,1.0,15.509775004326936,0.005169925001442312,0.861654166907052,1,,,3,10,3,3,7,7,3,3,3,,,1,,1,,,,,,4,,,,,1,,,,,,,,,,,,,,,,,,,,,,,,,,,,,,,,3,,5,,,,,,,,,,,,,,,,,,,,,,,,,,,,,,,,,,,7,17,2,1,1,1,1,3,8,5,1,3.5
1726,3,0,0,22,10,9,2,2,5,6,1,2,1,2,3,3,2.0,4.754887502163469,0.5,2.3774437510817346,0.0015849625007211565,0.1320802083934297,1,,,2,10,2,2,8,8,2,2,2,,,,,1,,,,1,,5,,,,,,,,,,,,,,,,,,,,,,,,,,,,,,,,,,,,,2,2,8,,,,,,,,,,,,,,,,,,,,,,,,,,,,,,,,,,,5,17,1,2,1,1,1,4,8,9,1,5.625
1727,3,0,0,22,10,9,2,2,5,6,1,2,1,2,3,3,2.0,4.754887502163469,0.5,2.3774437510817346,0.0015849625007211565,0.1320802083934297,1,,,2,10,2,2,8,8,2,2,2,,,,,1,,,,,1,5,,,,,,,,,,,,,,,,,,,,,,,,,,,,,,,,,,,,,2,2,8,,,,,,,,,,,,,,,,,,,,,,,,,,,,,,,,,,,5,17,1,2,1,1,1,4,8,9,1,5.625
1728,5,0,0,30,14,13,5,5,5,7,1,2,1,2,3,3,2.0,4.754887502163469,0.5,2.3774437510817346,0.0015849625007211565,0.1320802083934297,1,,,4,14,5,5,11,11,6,6,5,,,,,1,,,,,,5,,,,,,1,,,,,,,,,,,,,,,,,,,,,,,,,,,,,,,2,5,12,,,,,,,,,,,,,,,,,,,,,,,,,,,,,,,,,,,11,22,2,1,2,1,1,3,9,9,1,4.444444444444445
1729,5,0,0,17,14,14,0,0,0,3,3,5,4,8,8,12,16.36452797660028,36.0,2.4,86.39999999999999,0.012,4.8,1,,,3,14,6,6,9,9,3,3,6,1,,2,,1,,,,,1,5,,,,,1,,,,,,,,,,,,,,,,,,,,,,,,,,,,,,,,7,,3,,,,,,,,,,,,,,,,,,,,,,,,,,,,,,,,,,,10,20,2,1,2,1,1,3,8,10,1,4.625
1730,3,0,0,13,9,9,0,0,0,4,1,2,1,2,3,3,2.0,4.754887502163469,0.5,2.3774437510817346,0.0015849625007211565,0.1320802083934297,1,,,1,9,2,2,9,9,4,4,2,,,,,1,,,,,1,5,,,,,,,,,,,,,,,,,,,,,,,,,,,,,,,,,,,,,3,,4,,,,,,,,,,,,,,,,,,,,,,,,,,,,,,,,,,,5,18,1,4,1,1,1,4,7,7,1,4.0
1731,4,0,0,19,14,14,0,0,0,5,3,6,3,6,9,9,20.264662506490406,28.529325012980813,1.5,42.793987519471216,0.009509775004326938,2.377443751081734,1,,,1,14,3,3,11,11,8,8,3,1,,1,,1,,,,,1,10,,,,,1,,,,,,,,,,,,,,,,,,,,,,,,,,,,,,,,8,,5,,,,,,,,,,,,,,,,,,,,,,,,,,,,,,,,,,,6,32,2,3,1,1,2,4,11,13,1,4.909090909090909
1732,4,0,0,19,14,14,0,0,0,5,3,6,3,6,9,9,20.264662506490406,28.529325012980813,1.5,42.793987519471216,0.009509775004326938,2.377443751081734,1,,,1,14,3,3,11,11,8,8,3,1,,1,,1,,,,1,,10,,,,,1,,,,,,,,,,,,,,,,,,,,,,,,,,,,,,,,8,,5,,,,,,,,,,,,,,,,,,,,,,,,,,,,,,,,,,,6,32,2,3,1,1,2,4,11,13,1,4.909090909090909
1734,4,0,0,19,14,14,2,0,0,5,3,6,3,6,9,9,20.264662506490406,28.529325012980813,1.5,42.793987519471216,0.009509775004326938,2.377443751081734,1,,,1,14,3,3,11,11,8,8,3,1,,1,,1,,,,1,,10,,,,,1,,,,,,,,,,,,,,,,,,,,,,,,,,,,,,,,8,2,5,,,,,,,,,,,,,,,,,,,,,,,,,,,,,,,,,,,6,32,2,3,1,1,2,4,11,10,1,4.909090909090909
1733,4,0,0,19,14,14,2,0,0,5,3,6,3,6,9,9,20.264662506490406,28.529325012980813,1.5,42.793987519471216,0.009509775004326938,2.377443751081734,1,,,1,14,3,3,11,11,8,8,3,1,,1,,1,,,,,1,10,,,,,1,,,,,,,,,,,,,,,,,,,,,,,,,,,,,,,,8,2,5,,,,,,,,,,,,,,,,,,,,,,,,,,,,,,,,,,,6,32,2,3,1,1,2,4,11,11,1,5.0
1735,3,0,0,14,11,10,0,0,0,4,1,2,1,2,3,3,2.0,4.754887502163469,0.5,2.3774437510817346,0.0015849625007211565,0.1320802083934297,1,,,1,10,2,2,8,8,3,3,3,1,,,,1,,,,,1,6,,,,,,,,,,,,,,,,,,,,,,,,,,,,,,,,,,,,,3,,4,,,,,,,,,,,,,,,,,,,,,,,,,,,,,,,,,,,5,19,1,3,1,1,1,4,8,15,1,6.125
1736,3,0,0,14,11,10,1,0,0,4,1,2,1,2,3,3,2.0,4.754887502163469,0.5,2.3774437510817346,0.0015849625007211565,0.1320802083934297,1,,,1,10,2,2,8,8,3,3,3,1,,,,1,,,,1,,6,,,,,,,,,,,,,,,,,,,,,,,,,,,,,,,,,,,,,3,1,4,,,,,,,,,,,,,,,,,,,,,,,,,,,,,,,,,,,5,19,1,3,1,1,1,4,8,13,1,5.875
1737,3,0,0,14,11,10,1,0,0,4,1,2,1,2,3,3,2.0,4.754887502163469,0.5,2.3774437510817346,0.0015849625007211565,0.1320802083934297,1,,,1,10,2,2,8,8,3,3,3,1,,,,1,,,,1,,6,,,,,,,,,,,,,,,,,,,,,,,,,,,,,,,,,,,,,3,1,4,,,,,,,,,,,,,,,,,,,,,,,,,,,,,,,,,,,5,19,1,3,1,1,1,4,8,14,1,5.375
1738,3,0,0,14,11,10,0,0,0,4,1,2,1,2,3,3,2.0,4.754887502163469,0.5,2.3774437510817346,0.0015849625007211565,0.1320802083934297,1,,,1,10,2,2,8,8,3,3,3,1,,,,1,,,,,1,6,,,,,,,,,,,,,,,,,,,,,,,,,,,,,,,,,,,,,3,,4,,,,,,,,,,,,,,,,,,,,,,,,,,,,,,,,,,,5,19,1,3,1,1,1,4,8,12,1,5.125
1039,1,0,0,1,1,1,0,0,0,0,0,0,0,0,0,0,0,0,0,0,0.0,0.0,1,,,,1,,,,,,,,,,,,,,,,,,,,,,,,,,,,,,,,,,,,,,,,,,,,,,,,,,,,,,,,,,,,,,,,,,,,,,,,,,,,,,,,,,,,,,,,,,,,,1,,,,,0,0,1,4,4,4.0
1040,1,0,0,1,1,1,0,0,0,0,0,0,0,0,0,0,0,0,0,0,0.0,0.0,1,,,,1,,,,,,,,,,,,,,,,,,,,,,,,,,,,,,,,,,,,,,,,,,,,,,,,,,,,,,,,,,,,,,,,,,,,,,,,,,,,,,,,,,,,,,,,,,,,,1,,,,,0,0,1,4,4,4.0
1315,1,0,0,1,1,1,0,0,0,0,0,0,0,0,0,0,0,0,0,0,0.0,0.0,1,,,,1,,,,,,,,,,,,,,,,,,,,,,,,,,,,,,,,,,,,,,,,,,,,,,,,,,,,,,,,,,,,,,,,,,,,,,,,,,,,,,,,,,,,,,,,,,,,,1,,,,,0,0,1,4,4,4.0
433,1,0,0,1,1,1,0,0,0,0,0,0,0,0,0,0,0,0,0,0,0.0,0.0,1,,,,1,,,,,,,,,,,,,,,,,,,,,,,,,,,,,,,,,,,,,,,,,,,,,,,,,,,,,,,,,,,,,,,,,,,,,,,,,,,,,,,,,,,,,,,,,,,,,1,,,,,0,0,1,4,4,4.0
1420,1,0,0,1,1,1,0,0,0,0,0,0,0,0,0,0,0,0,0,0,0.0,0.0,1,,,,1,,,,,,,,,,,,,,,,,,,,,,,,,,,,,,,,,,,,,,,,,,,,,,,,,,,,,,,,,,,,,,,,,,,,,,,,,,,,,,,,,,,,,,,,,,,,,1,,,,,0,0,1,4,4,4.0
1421,1,0,0,1,1,1,0,0,0,0,0,0,0,0,0,0,0,0,0,0,0.0,0.0,1,,,,1,,,,,,,,,,,,,,,,,,,,,,,,,,,,,,,,,,,,,,,,,,,,,,,,,,,,,,,,,,,,,,,,,,,,,,,,,,,,,,,,,,,,,,,,,,,,,1,,,,,0,0,1,4,4,4.0
1446,1,0,0,14,4,3,2,2,6,3,1,2,1,2,3,3,2.0,4.754887502163469,0.5,2.3774437510817346,0.0015849625007211565,0.1320802083934297,1,,,2,4,,,4,4,,,,1,,,,,1,,,,,2,,,,,,,,,,,,,,,,,,,,,,,,,,,,,,,,,,,,,2,2,5,,,,,,,,,,,,,,,,,,,,,,,,,,,,,,,,,,,,4,1,1,1,1,1,3,2,6,5,5.5
1447,1,0,0,1,1,1,0,0,0,0,0,0,0,0,0,0,0,0,0,0,0.0,0.0,1,,,,1,,,,,,,,,,,,,,,,,,,,,,,,,,,,,,,,,,,,,,,,,,,,,,,,,,,,,,,,,,,,,,,,,,,,,,,,,,,,,,,,,,,,,,,,,,,,,1,,,,,0,0,1,4,4,4.0
1448,1,0,0,1,1,1,0,0,0,0,0,0,0,0,0,0,0,0,0,0,0.0,0.0,1,,,,1,,,,,,,,,,,,,,,,,,,,,,,,,,,,,,,,,,,,,,,,,,,,,,,,,,,,,,,,,,,,,,,,,,,,,,,,,,,,,,,,,,,,,,,,,,,,,1,,,,,0,0,1,4,4,4.0
1449,1,0,0,1,1,1,0,0,0,0,0,0,0,0,0,0,0,0,0,0,0.0,0.0,1,,,,1,,,,,,,,,,,,,,,,,,,,,,,,,,,,,,,,,,,,,,,,,,,,,,,,,,,,,,,,,,,,,,,,,,,,,,,,,,,,,,,,,,,,,,,,,,,,,1,,,,,0,0,1,4,4,4.0
1450,1,0,0,1,1,1,0,0,0,0,0,0,0,0,0,0,0,0,0,0,0.0,0.0,1,,,,1,,,,,,,,,,,,,,,,,,,,,,,,,,,,,,,,,,,,,,,,,,,,,,,,,,,,,,,,,,,,,,,,,,,,,,,,,,,,,,,,,,,,,,,,,,,,,1,,,,,0,0,1,4,4,4.0
1452,1,0,0,1,1,1,0,0,0,0,0,0,0,0,0,0,0,0,0,0,0.0,0.0,1,,,,1,,,,,,,,,,,,,,,,,,,,,,,,,,,,,,,,,,,,,,,,,,,,,,,,,,,,,,,,,,,,,,,,,,,,,,,,,,,,,,,,,,,,,,,,,,,,,1,,,,,0,0,1,4,4,4.0
1453,1,0,0,1,1,1,0,0,0,0,0,0,0,0,0,0,0,0,0,0,0.0,0.0,1,,,,1,,,,,,,,,,,,,,,,,,,,,,,,,,,,,,,,,,,,,,,,,,,,,,,,,,,,,,,,,,,,,,,,,,,,,,,,,,,,,,,,,,,,,,,,,,,,,1,,,,,0,0,1,4,4,4.0
1454,1,0,0,1,1,1,0,0,0,0,0,0,0,0,0,0,0,0,0,0,0.0,0.0,1,,,,1,,,,,,,,,,,,,,,,,,,,,,,,,,,,,,,,,,,,,,,,,,,,,,,,,,,,,,,,,,,,,,,,,,,,,,,,,,,,,,,,,,,,,,,,,,,,,1,,,,,0,0,1,4,4,4.0
1455,1,0,0,1,1,1,0,0,0,0,0,0,0,0,0,0,0,0,0,0,0.0,0.0,1,,,,1,,,,,,,,,,,,,,,,,,,,,,,,,,,,,,,,,,,,,,,,,,,,,,,,,,,,,,,,,,,,,,,,,,,,,,,,,,,,,,,,,,,,,,,,,,,,,1,,,,,0,0,1,4,4,4.0
1456,1,0,0,1,1,1,0,0,0,0,0,0,0,0,0,0,0,0,0,0,0.0,0.0,1,,,,1,,,,,,,,,,,,,,,,,,,,,,,,,,,,,,,,,,,,,,,,,,,,,,,,,,,,,,,,,,,,,,,,,,,,,,,,,,,,,,,,,,,,,,,,,,,,,1,,,,,0,0,1,4,4,4.0
1457,1,0,0,1,1,1,0,0,0,0,0,0,0,0,0,0,0,0,0,0,0.0,0.0,1,,,,1,,,,,,,,,,,,,,,,,,,,,,,,,,,,,,,,,,,,,,,,,,,,,,,,,,,,,,,,,,,,,,,,,,,,,,,,,,,,,,,,,,,,,,,,,,,,,1,,,,,0,0,1,4,4,4.0
1458,1,0,0,1,1,1,0,0,0,0,0,0,0,0,0,0,0,0,0,0,0.0,0.0,1,,,,1,,,,,,,,,,,,,,,,,,,,,,,,,,,,,,,,,,,,,,,,,,,,,,,,,,,,,,,,,,,,,,,,,,,,,,,,,,,,,,,,,,,,,,,,,,,,,1,,,,,0,0,1,4,4,4.0
1459,1,0,0,1,1,1,0,0,0,0,0,0,0,0,0,0,0,0,0,0,0.0,0.0,1,,,,1,,,,,,,,,,,,,,,,,,,,,,,,,,,,,,,,,,,,,,,,,,,,,,,,,,,,,,,,,,,,,,,,,,,,,,,,,,,,,,,,,,,,,,,,,,,,,1,,,,,0,0,1,4,4,4.0
1460,1,0,0,1,1,1,0,0,0,0,0,0,0,0,0,0,0,0,0,0,0.0,0.0,1,,,,1,,,,,,,,,,,,,,,,,,,,,,,,,,,,,,,,,,,,,,,,,,,,,,,,,,,,,,,,,,,,,,,,,,,,,,,,,,,,,,,,,,,,,,,,,,,,,1,,,,,0,0,1,4,4,4.0
1461,1,0,0,1,1,1,0,0,0,0,0,0,0,0,0,0,0,0,0,0,0.0,0.0,1,,,,1,,,,,,,,,,,,,,,,,,,,,,,,,,,,,,,,,,,,,,,,,,,,,,,,,,,,,,,,,,,,,,,,,,,,,,,,,,,,,,,,,,,,,,,,,,,,,1,,,,,0,0,1,4,4,4.0
1462,1,0,0,1,1,1,0,0,0,0,0,0,0,0,0,0,0,0,0,0,0.0,0.0,1,,,,1,,,,,,,,,,,,,,,,,,,,,,,,,,,,,,,,,,,,,,,,,,,,,,,,,,,,,,,,,,,,,,,,,,,,,,,,,,,,,,,,,,,,,,,,,,,,,1,,,,,0,0,1,4,4,4.0
1463,1,0,0,1,1,1,0,0,0,0,0,0,0,0,0,0,0,0,0,0,0.0,0.0,1,,,,1,,,,,,,,,,,,,,,,,,,,,,,,,,,,,,,,,,,,,,,,,,,,,,,,,,,,,,,,,,,,,,,,,,,,,,,,,,,,,,,,,,,,,,,,,,,,,1,,,,,0,0,1,4,4,4.0
1464,1,0,0,1,1,1,0,0,0,0,0,0,0,0,0,0,0,0,0,0,0.0,0.0,1,,,,1,,,,,,,,,,,,,,,,,,,,,,,,,,,,,,,,,,,,,,,,,,,,,,,,,,,,,,,,,,,,,,,,,,,,,,,,,,,,,,,,,,,,,,,,,,,,,1,,,,,0,0,1,4,4,4.0
1465,1,0,0,1,1,1,0,0,0,0,0,0,0,0,0,0,0,0,0,0,0.0,0.0,1,,,,1,,,,,,,,,,,,,,,,,,,,,,,,,,,,,,,,,,,,,,,,,,,,,,,,,,,,,,,,,,,,,,,,,,,,,,,,,,,,,,,,,,,,,,,,,,,,,1,,,,,0,0,1,4,4,4.0
1466,1,0,0,1,1,1,0,0,0,0,0,0,0,0,0,0,0,0,0,0,0.0,0.0,1,,,,1,,,,,,,,,,,,,,,,,,,,,,,,,,,,,,,,,,,,,,,,,,,,,,,,,,,,,,,,,,,,,,,,,,,,,,,,,,,,,,,,,,,,,,,,,,,,,1,,,,,0,0,1,4,4,4.0
1589,1,0,0,1,1,1,0,0,0,0,0,0,0,0,0,0,0,0,0,0,0.0,0.0,1,,,,1,,,,,,,,,,,,,,,,,,,,,,,,,,,,,,,,,,,,,,,,,,,,,,,,,,,,,,,,,,,,,,,,,,,,,,,,,,,,,,,,,,,,,,,,,,,,,1,,,,,0,0,1,4,4,4.0
1590,1,0,0,1,1,1,0,0,0,0,0,0,0,0,0,0,0,0,0,0,0.0,0.0,1,,,,1,,,,,,,,,,,,,,,,,,,,,,,,,,,,,,,,,,,,,,,,,,,,,,,,,,,,,,,,,,,,,,,,,,,,,,,,,,,,,,,,,,,,,,,,,,,,,1,,,,,0,0,1,4,4,4.0
1575,1,0,0,1,1,1,0,0,0,0,0,0,0,0,0,0,0,0,0,0,0.0,0.0,1,,,,1,,,,,,,,,,,,,,,,,,,,,,,,,,,,,,,,,,,,,,,,,,,,,,,,,,,,,,,,,,,,,,,,,,,,,,,,,,,,,,,,,,,,,,,,,,,,,1,,,,,0,0,1,4,4,4.0
1631,1,0,0,1,1,1,0,0,0,0,0,0,0,0,0,0,0,0,0,0,0.0,0.0,1,,,,1,,,,,,,,,,,,,,,,,,,,,,,,,,,,,,,,,,,,,,,,,,,,,,,,,,,,,,,,,,,,,,,,,,,,,,,,,,,,,,,,,,,,,,,,,,,,,1,,,,,0,0,1,4,4,4.0
1632,1,0,0,1,1,1,0,0,0,0,0,0,0,0,0,0,0,0,0,0,0.0,0.0,1,,,,1,,,,,,,,,,,,,,,,,,,,,,,,,,,,,,,,,,,,,,,,,,,,,,,,,,,,,,,,,,,,,,,,,,,,,,,,,,,,,,,,,,,,,,,,,,,,,1,,,,,0,0,1,4,4,4.0
1633,1,0,0,1,1,1,0,0,0,0,0,0,0,0,0,0,0,0,0,0,0.0,0.0,1,,,,1,,,,,,,,,,,,,,,,,,,,,,,,,,,,,,,,,,,,,,,,,,,,,,,,,,,,,,,,,,,,,,,,,,,,,,,,,,,,,,,,,,,,,,,,,,,,,1,,,,,0,0,1,4,4,4.0
1634,1,0,0,1,1,1,0,0,0,0,0,0,0,0,0,0,0,0,0,0,0.0,0.0,1,,,,1,,,,,,,,,,,,,,,,,,,,,,,,,,,,,,,,,,,,,,,,,,,,,,,,,,,,,,,,,,,,,,,,,,,,,,,,,,,,,,,,,,,,,,,,,,,,,1,,,,,0,0,1,4,4,4.0
1635,1,0,0,1,1,1,0,0,0,0,0,0,0,0,0,0,0,0,0,0,0.0,0.0,1,,,,1,,,,,,,,,,,,,,,,,,,,,,,,,,,,,,,,,,,,,,,,,,,,,,,,,,,,,,,,,,,,,,,,,,,,,,,,,,,,,,,,,,,,,,,,,,,,,1,,,,,0,0,1,4,4,4.0
1636,1,0,0,1,1,1,0,0,0,0,0,0,0,0,0,0,0,0,0,0,0.0,0.0,1,,,,1,,,,,,,,,,,,,,,,,,,,,,,,,,,,,,,,,,,,,,,,,,,,,,,,,,,,,,,,,,,,,,,,,,,,,,,,,,,,,,,,,,,,,,,,,,,,,1,,,,,0,0,1,4,4,4.0
1637,1,0,0,1,1,1,0,0,0,0,0,0,0,0,0,0,0,0,0,0,0.0,0.0,1,,,,1,,,,,,,,,,,,,,,,,,,,,,,,,,,,,,,,,,,,,,,,,,,,,,,,,,,,,,,,,,,,,,,,,,,,,,,,,,,,,,,,,,,,,,,,,,,,,1,,,,,0,0,1,4,4,4.0
1638,1,0,0,1,1,1,0,0,0,0,0,0,0,0,0,0,0,0,0,0,0.0,0.0,1,,,,1,,,,,,,,,,,,,,,,,,,,,,,,,,,,,,,,,,,,,,,,,,,,,,,,,,,,,,,,,,,,,,,,,,,,,,,,,,,,,,,,,,,,,,,,,,,,,1,,,,,0,0,1,4,4,4.0
1663,1,0,0,1,1,1,0,0,0,0,0,0,0,0,0,0,0,0,0,0,0.0,0.0,1,,,,1,,,,,,,,,,,,,,,,,,,,,,,,,,,,,,,,,,,,,,,,,,,,,,,,,,,,,,,,,,,,,,,,,,,,,,,,,,,,,,,,,,,,,,,,,,,,,1,,,,,0,0,1,4,4,4.0
1665,1,0,0,1,1,1,0,0,0,0,0,0,0,0,0,0,0,0,0,0,0.0,0.0,1,,,,1,,,,,,,,,,,,,,,,,,,,,,,,,,,,,,,,,,,,,,,,,,,,,,,,,,,,,,,,,,,,,,,,,,,,,,,,,,,,,,,,,,,,,,,,,,,,,1,,,,,0,0,1,4,4,4.0
1668,1,0,0,1,1,1,0,0,0,0,0,0,0,0,0,0,0,0,0,0,0.0,0.0,1,,,,1,,,,,,,,,,,,,,,,,,,,,,,,,,,,,,,,,,,,,,,,,,,,,,,,,,,,,,,,,,,,,,,,,,,,,,,,,,,,,,,,,,,,,,,,,,,,,1,,,,,0,0,1,4,4,4.0
1676,1,0,0,1,1,1,0,0,0,0,0,0,0,0,0,0,0,0,0,0,0.0,0.0,1,,,,1,,,,,,,,,,,,,,,,,,,,,,,,,,,,,,,,,,,,,,,,,,,,,,,,,,,,,,,,,,,,,,,,,,,,,,,,,,,,,,,,,,,,,,,,,,,,,1,,,,,0,0,1,4,4,4.0
1677,1,0,0,1,1,1,0,0,0,0,0,0,0,0,0,0,0,0,0,0,0.0,0.0,1,,,,1,,,,,,,,,,,,,,,,,,,,,,,,,,,,,,,,,,,,,,,,,,,,,,,,,,,,,,,,,,,,,,,,,,,,,,,,,,,,,,,,,,,,,,,,,,,,,1,,,,,0,0,1,4,4,4.0
1678,1,0,0,1,1,1,0,0,0,0,0,0,0,0,0,0,0,0,0,0,0.0,0.0,1,,,,1,,,,,,,,,,,,,,,,,,,,,,,,,,,,,,,,,,,,,,,,,,,,,,,,,,,,,,,,,,,,,,,,,,,,,,,,,,,,,,,,,,,,,,,,,,,,,1,,,,,0,0,1,4,4,4.0
1679,1,0,0,1,1,1,0,0,0,0,0,0,0,0,0,0,0,0,0,0,0.0,0.0,1,,,,1,,,,,,,,,,,,,,,,,,,,,,,,,,,,,,,,,,,,,,,,,,,,,,,,,,,,,,,,,,,,,,,,,,,,,,,,,,,,,,,,,,,,,,,,,,,,,1,,,,,0,0,1,4,4,4.0
1680,1,0,0,1,1,1,0,0,0,0,0,0,0,0,0,0,0,0,0,0,0.0,0.0,1,,,,1,,,,,,,,,,,,,,,,,,,,,,,,,,,,,,,,,,,,,,,,,,,,,,,,,,,,,,,,,,,,,,,,,,,,,,,,,,,,,,,,,,,,,,,,,,,,,1,,,,,0,0,1,4,4,4.0
1572,1,0,0,1,1,1,0,0,0,0,0,0,0,0,0,0,0,0,0,0,0.0,0.0,1,,,,1,,,,,,,,,,,,,,,,,,,,,,,,,,,,,,,,,,,,,,,,,,,,,,,,,,,,,,,,,,,,,,,,,,,,,,,,,,,,,,,,,,,,,,,,,,,,,1,,,,,0,0,1,4,4,4.0
1578,1,0,0,1,1,1,0,0,0,0,0,0,0,0,0,0,0,0,0,0,0.0,0.0,1,,,,1,,,,,,,,,,,,,,,,,,,,,,,,,,,,,,,,,,,,,,,,,,,,,,,,,,,,,,,,,,,,,,,,,,,,,,,,,,,,,,,,,,,,,,,,,,,,,1,,,,,0,0,1,4,4,4.0
1579,1,0,0,1,1,1,0,0,0,0,0,0,0,0,0,0,0,0,0,0,0.0,0.0,1,,,,1,,,,,,,,,,,,,,,,,,,,,,,,,,,,,,,,,,,,,,,,,,,,,,,,,,,,,,,,,,,,,,,,,,,,,,,,,,,,,,,,,,,,,,,,,,,,,1,,,,,0,0,1,4,4,4.0
1591,1,0,0,1,1,1,0,0,0,0,0,0,0,0,0,0,0,0,0,0,0.0,0.0,1,,,,1,,,,,,,,,,,,,,,,,,,,,,,,,,,,,,,,,,,,,,,,,,,,,,,,,,,,,,,,,,,,,,,,,,,,,,,,,,,,,,,,,,,,,,,,,,,,,1,,,,,0,0,1,4,4,4.0
1592,1,0,0,1,1,1,0,0,0,0,0,0,0,0,0,0,0,0,0,0,0.0,0.0,1,,,,1,,,,,,,,,,,,,,,,,,,,,,,,,,,,,,,,,,,,,,,,,,,,,,,,,,,,,,,,,,,,,,,,,,,,,,,,,,,,,,,,,,,,,,,,,,,,,1,,,,,0,0,1,4,4,4.0
1672,1,0,0,1,1,1,0,0,0,0,0,0,0,0,0,0,0,0,0,0,0.0,0.0,1,,,,1,,,,,,,,,,,,,,,,,,,,,,,,,,,,,,,,,,,,,,,,,,,,,,,,,,,,,,,,,,,,,,,,,,,,,,,,,,,,,,,,,,,,,,,,,,,,,1,,,,,0,0,1,4,4,4.0
1673,1,0,0,1,1,1,0,0,0,0,0,0,0,0,0,0,0,0,0,0,0.0,0.0,1,,,,1,,,,,,,,,,,,,,,,,,,,,,,,,,,,,,,,,,,,,,,,,,,,,,,,,,,,,,,,,,,,,,,,,,,,,,,,,,,,,,,,,,,,,,,,,,,,,1,,,,,0,0,1,4,4,4.0
1674,1,0,0,1,1,1,0,0,0,0,0,0,0,0,0,0,0,0,0,0,0.0,0.0,1,,,,1,,,,,,,,,,,,,,,,,,,,,,,,,,,,,,,,,,,,,,,,,,,,,,,,,,,,,,,,,,,,,,,,,,,,,,,,,,,,,,,,,,,,,,,,,,,,,1,,,,,0,0,1,4,4,4.0
1675,1,0,0,1,1,1,0,0,0,0,0,0,0,0,0,0,0,0,0,0,0.0,0.0,1,,,,1,,,,,,,,,,,,,,,,,,,,,,,,,,,,,,,,,,,,,,,,,,,,,,,,,,,,,,,,,,,,,,,,,,,,,,,,,,,,,,,,,,,,,,,,,,,,,1,,,,,0,0,1,4,4,4.0
1800,1,0,0,9,5,5,2,2,0,2,3,11,8,16,14,24,42.808635307173745,91.37651812938249,2.1818181818181817,199.36694864592542,0.03045883937646083,11.075941591440301,1,,,3,5,,,10,10,,,,1,,4,,,1,,,,,4,,,,,,,,,,,,,3,,,,,,,,,,,,,,,,,,,,,,,,4,2,4,,,,,,,,,,,,,,,,,,,,,,,,,,,,,,,,,,,,11,3,1,1,3,1,3,4,1,1,1.0
1801,1,0,0,6,4,4,0,0,0,2,2,6,3,6,8,9,17.509775004326936,27.0,1.0,27.0,0.009,1.5,1,,,4,4,,,5,5,,,,,,2,,1,,,,,,3,,,,,,,,,,,,,,,,,,,,,,,,,,,,,,,,,,,,,,,2,,,,,,,,,,,,,,,,,,,,,,,,,,,,,,,,,,,,6,1,,1,2,1,2,3,3,1,1.6666666666666667
1802,1,0,0,9,6,6,0,0,0,3,5,10,5,10,15,15,44.82892142331043,58.60335893412778,2.5,146.50839733531944,0.019534452978042596,8.139355407517748,1,,,3,6,,,10,10,,,,,,1,1,2,1,,,,,4,,,,,,,,,,,,,1,,,,,,,,,,,,,,,,,,,,,,,,2,,3,,,,,,,,,,,,,,,,,,,,,,,,,,,,,,,,,,,2,11,4,,1,3,1,2,7,4,2,2.857142857142857
1803,1,0,0,12,8,8,0,0,0,4,4,22,14,28,26,42,106.10749561002054,197.4184681619259,2.5454545454545454,502.5197371394477,0.0658061560539753,27.917763174413764,1,,,1,8,,,5,5,,,,,,3,,4,,,,,,7,,4,,,,,,,,,,,,,,,,,,,,,,,3,,,,,,,,,,,,11,,4,,,,,,,,,,,,,,,,,,,,,,,,,,,,,,,,,,,,17,1,,1,1,1,2,7,5,2,2.7142857142857144
1804,1,0,0,16,7,6,0,0,7,3,3,11,6,12,14,18,42.808635307173745,68.53238859703687,1.6363636363636365,112.14390861333307,0.022844129532345624,6.23021714518517,1,,,5,7,,,13,13,,,,1,,1,2,,,,,,,5,,,,,,,,,,,,,3,,,,,,,,,,,,,,,,,,,,,,,,3,1,3,,,,,,,,,,,,,,,,,,,,,,,,,,,,,,,,,,,,10,4,1,1,4,1,3,5,4,2,2.4
1805,1,0,0,18,9,8,0,0,7,3,2,7,4,8,9,12,21.651484454403228,38.03910001730775,1.1428571428571428,43.47325716263743,0.012679700005769252,2.415180953479857,1,,,5,9,,,14,14,,,,2,,2,,,2,,,,,6,,,,,,,,,,,,,,,,,,,,,,,,,,,,,,,,,,,,,2,2,3,,,,,,,,,,,,,,,,,,,,,,,,,,,,,,,,,,,,12,4,2,2,4,1,3,6,2,2,2.0
1806,1,0,0,15,5,4,0,0,7,4,4,10,6,12,14,18,41.219280948873624,68.53238859703687,2.4,164.4777326328885,0.022844129532345624,9.13765181293825,1,,,2,5,,,7,7,,,,1,,,2,1,2,,,,,2,,,,,,,,,,,,,1,,,,,,,,,,,,,,,,,,,,,,,,3,3,4,,,,,,,,,,,,,,,,,,,,,,,,,,,,,,,,,,,2,9,1,1,1,1,1,3,4,9,1,4.5
1834,1,0,0,0,0,0,0,0,0,0,0,0,0,0,0,0,0,0,0,0,0.0,0.0,1,,,,,,,,,,,,,,,,,,,,,,,,,,,,,,,,,,,,,,,,,,,,,,,,,,,,,,,,,,,,,,,,,,,,,,,,,,,,,,,,,,,,,,,,,,,,,,,,,,,,,,0,0,0,0,0,0
1833,1,0,0,0,0,0,0,0,0,0,0,0,0,0,0,0,0,0,0,0,0.0,0.0,1,,,,,,,,,,,,,,,,,,,,,,,,,,,,,,,,,,,,,,,,,,,,,,,,,,,,,,,,,,,,,,,,,,,,,,,,,,,,,,,,,,,,,,,,,,,,,,,,,,,,,,0,0,0,0,0,0
1836,1,0,0,0,0,0,0,0,0,0,0,0,0,0,0,0,0,0,0,0,0.0,0.0,1,,,,,,,,,,,,,,,,,,,,,,,,,,,,,,,,,,,,,,,,,,,,,,,,,,,,,,,,,,,,,,,,,,,,,,,,,,,,,,,,,,,,,,,,,,,,,,,,,,,,,,0,0,0,0,0,0
1835,1,0,0,0,0,0,0,0,0,0,0,0,0,0,0,0,0,0,0,0,0.0,0.0,1,,,,,,,,,,,,,,,,,,,,,,,,,,,,,,,,,,,,,,,,,,,,,,,,,,,,,,,,,,,,,,,,,,,,,,,,,,,,,,,,,,,,,,,,,,,,,,,,,,,,,,0,0,0,0,0,0
1841,1,0,0,0,0,0,0,0,0,0,0,0,0,0,0,0,0,0,0,0,0.0,0.0,1,,,,,,,,,,,,,,,,,,,,,,,,,,,,,,,,,,,,,,,,,,,,,,,,,,,,,,,,,,,,,,,,,,,,,,,,,,,,,,,,,,,,,,,,,,,,,,,,,,,,,,0,0,0,0,0,0
1839,1,0,0,0,0,0,0,0,0,0,0,0,0,0,0,0,0,0,0,0,0.0,0.0,1,,,,,,,,,,,,,,,,,,,,,,,,,,,,,,,,,,,,,,,,,,,,,,,,,,,,,,,,,,,,,,,,,,,,,,,,,,,,,,,,,,,,,,,,,,,,,,,,,,,,,,0,0,0,0,0,0
1838,1,0,0,0,0,0,0,0,0,0,0,0,0,0,0,0,0,0,0,0,0.0,0.0,1,,,,,,,,,,,,,,,,,,,,,,,,,,,,,,,,,,,,,,,,,,,,,,,,,,,,,,,,,,,,,,,,,,,,,,,,,,,,,,,,,,,,,,,,,,,,,,,,,,,,,,0,0,0,0,0,0
1837,1,0,0,0,0,0,0,0,0,0,0,0,0,0,0,0,0,0,0,0,0.0,0.0,1,,,,,,,,,,,,,,,,,,,,,,,,,,,,,,,,,,,,,,,,,,,,,,,,,,,,,,,,,,,,,,,,,,,,,,,,,,,,,,,,,,,,,,,,,,,,,,,,,,,,,,0,0,0,0,0,0
1840,1,0,0,0,0,0,0,0,0,0,0,0,0,0,0,0,0,0,0,0,0.0,0.0,1,,,,,,,,,,,,,,,,,,,,,,,,,,,,,,,,,,,,,,,,,,,,,,,,,,,,,,,,,,,,,,,,,,,,,,,,,,,,,,,,,,,,,,,,,,,,,,,,,,,,,,0,0,0,0,0,0
1842,1,0,0,0,0,0,0,0,0,0,0,0,0,0,0,0,0,0,0,0,0.0,0.0,1,,,,,,,,,,,,,,,,,,,,,,,,,,,,,,,,,,,,,,,,,,,,,,,,,,,,,,,,,,,,,,,,,,,,,,,,,,,,,,,,,,,,,,,,,,,,,,,,,,,,,,0,0,0,0,0,0
1852,1,0,0,1,1,1,0,0,0,0,0,0,0,0,0,0,0,0,0,0,0.0,0.0,1,,,,1,,,,,,,,,,,,,,,,,,,,,,,,,,,,,,,,,,,,,,,,,,,,,,,,,,,,,,,,,,,,,,,,,,,,,,,,,,,,,,,,,,,,,,,,,,,,,1,,,,,0,0,1,4,4,4.0
1853,1,0,0,1,1,1,0,0,0,0,0,0,0,0,0,0,0,0,0,0,0.0,0.0,1,,,,1,,,,,,,,,,,,,,,,,,,,,,,,,,,,,,,,,,,,,,,,,,,,,,,,,,,,,,,,,,,,,,,,,,,,,,,,,,,,,,,,,,,,,,,,,,,,,1,,,,,0,0,1,4,4,4.0
1854,1,0,0,1,1,1,0,0,0,0,0,0,0,0,0,0,0,0,0,0,0.0,0.0,1,,,,1,,,,,,,,,,,,,,,,,,,,,,,,,,,,,,,,,,,,,,,,,,,,,,,,,,,,,,,,,,,,,,,,,,,,,,,,,,,,,,,,,,,,,,,,,,,,,1,,,,,0,0,1,4,4,4.0
1855,1,0,0,1,1,1,0,0,0,0,0,0,0,0,0,0,0,0,0,0,0.0,0.0,1,,,,1,,,,,,,,,,,,,,,,,,,,,,,,,,,,,,,,,,,,,,,,,,,,,,,,,,,,,,,,,,,,,,,,,,,,,,,,,,,,,,,,,,,,,,,,,,,,,1,,,,,0,0,1,4,4,4.0
1856,1,0,0,1,1,1,0,0,0,0,0,0,0,0,0,0,0,0,0,0,0.0,0.0,1,,,,1,,,,,,,,,,,,,,,,,,,,,,,,,,,,,,,,,,,,,,,,,,,,,,,,,,,,,,,,,,,,,,,,,,,,,,,,,,,,,,,,,,,,,,,,,,,,,1,,,,,0,0,1,4,4,4.0
1857,1,0,0,1,1,1,0,0,0,0,0,0,0,0,0,0,0,0,0,0,0.0,0.0,1,,,,1,,,,,,,,,,,,,,,,,,,,,,,,,,,,,,,,,,,,,,,,,,,,,,,,,,,,,,,,,,,,,,,,,,,,,,,,,,,,,,,,,,,,,,,,,,,,,1,,,,,0,0,1,4,4,4.0
1932,1,0,0,1,1,1,0,0,0,0,0,0,0,0,0,0,0,0,0,0,0.0,0.0,1,,,,1,,,,,,,,,,,,,,,,,,,,,,,,,,,,,,,,,,,,,,,,,,,,,,,,,,,,,,,,,,,,,,,,,,,,,,,,,,,,,,,,,,,,,,,,,,,,,1,,,,,0,0,1,4,4,4.0
1949,8,0,0,18,14,15,0,0,0,3,5,13,13,28,18,41,59.715356810271004,170.9669250591348,5.384615384615385,920.5911349338029,0.056988975019711605,51.143951940766826,1,,,4,14,4,4,15,15,,,4,,,,,,,,,,,6,,2,,,7,,,,,,,,,,,,,,,,,,,,2,,,,,,,,,,,,4,,4,,,,,,,,,,,,,,,,,,,,,,,,,,,,,,,,,,,8,24,2,,4,2,1,2,6,17,11,14.833333333333334
1950,7,0,0,10,9,9,0,0,0,1,11,25,19,37,36,56,154.1501525493784,289.5158000807695,8.14,2356.658612657464,0.09650526669358983,130.9254784809702,1,,,2,9,3,3,13,13,,,3,1,,2,3,4,,,,2,1,3,,,,,,,1,2,,,,,2,,,,,,,,,,,,,,,,,,,,,,,,1,12,1,,,,,,,,,,,,,,,,,,,,,,,,,,,,,,,,,,,6,14,2,1,3,2,1,3,3,1,1,1.0
1951,3,0,0,15,13,13,0,0,0,2,4,14,9,18,18,27,61.30296890880645,112.58797503894243,2.5714285714285716,289.5119358144234,0.03752932501298081,16.083996434134633,1,,,3,13,3,3,21,21,,,3,,,,5,2,,,,1,1,7,,,,,,,,,,,,,,,,,,,,,,,,,,,,,,,,,,,,,2,,2,,,,,,,,,,,,,,,,,,,,,,,,,,,,,,,,,,,3,17,6,,3,6,1,2,7,2,1,1.8571428571428572
1952,8,0,0,26,20,20,3,3,0,3,3,23,22,44,26,66,108.79681249147477,310.2290213973121,2.869565217391304,890.2224092270695,0.10340967379910404,49.456800512614976,1,,,1,20,9,9,4,4,,,9,2,,,,7,,,,,,1,,,,,,,7,,,,,,,,8,,,,,,,,,,,,,,,,,,,,,,1,18,6,,,,,,,,,,,,,,,,,,,,,,,,,,,,,,,,,,,10,24,1,1,1,1,1,3,1,7,7,7.0
1948,1,0,0,1,1,1,0,0,0,0,0,0,0,0,0,0,0,0,0,0,0.0,0.0,1,,,,1,,,,,,,,,,,,,,,,,,,,,,,,,,,,,,,,,,,,,,,,,,,,,,,,,,,,,,,,,,,,,,,,,,,,,,,,,,,,,,,,,,,,,,,,,,,,,1,,,,,0,0,1,4,4,4.0
1943,1,0,0,1,1,1,0,0,0,0,0,0,0,0,0,0,0,0,0,0,0.0,0.0,1,,,,1,,,,,,,,,,,,,,,,,,,,,,,,,,,,,,,,,,,,,,,,,,,,,,,,,,,,,,,,,,,,,,,,,,,,,,,,,,,,,,,,,,,,,,,,,,,,,1,,,,,0,0,1,4,4,4.0
1945,1,0,0,1,1,1,0,0,0,0,0,0,0,0,0,0,0,0,0,0,0.0,0.0,1,,,,1,,,,,,,,,,,,,,,,,,,,,,,,,,,,,,,,,,,,,,,,,,,,,,,,,,,,,,,,,,,,,,,,,,,,,,,,,,,,,,,,,,,,,,,,,,,,,1,,,,,0,0,1,4,4,4.0
1937,1,0,0,1,1,1,0,0,0,0,0,0,0,0,0,0,0,0,0,0,0.0,0.0,1,,,,1,,,,,,,,,,,,,,,,,,,,,,,,,,,,,,,,,,,,,,,,,,,,,,,,,,,,,,,,,,,,,,,,,,,,,,,,,,,,,,,,,,,,,,,,,,,,,1,,,,,0,0,1,4,4,4.0
1944,1,0,0,1,1,1,0,0,0,0,0,0,0,0,0,0,0,0,0,0,0.0,0.0,1,,,,1,,,,,,,,,,,,,,,,,,,,,,,,,,,,,,,,,,,,,,,,,,,,,,,,,,,,,,,,,,,,,,,,,,,,,,,,,,,,,,,,,,,,,,,,,,,,,1,,,,,0,0,1,4,4,4.0
1942,1,0,0,1,1,1,0,0,0,0,0,0,0,0,0,0,0,0,0,0,0.0,0.0,1,,,,1,,,,,,,,,,,,,,,,,,,,,,,,,,,,,,,,,,,,,,,,,,,,,,,,,,,,,,,,,,,,,,,,,,,,,,,,,,,,,,,,,,,,,,,,,,,,,1,,,,,0,0,1,4,4,4.0
1946,1,0,0,1,1,1,0,0,0,0,0,0,0,0,0,0,0,0,0,0,0.0,0.0,1,,,,1,,,,,,,,,,,,,,,,,,,,,,,,,,,,,,,,,,,,,,,,,,,,,,,,,,,,,,,,,,,,,,,,,,,,,,,,,,,,,,,,,,,,,,,,,,,,,1,,,,,0,0,1,4,4,4.0
1939,1,0,0,1,1,1,0,0,0,0,0,0,0,0,0,0,0,0,0,0,0.0,0.0,1,,,,1,,,,,,,,,,,,,,,,,,,,,,,,,,,,,,,,,,,,,,,,,,,,,,,,,,,,,,,,,,,,,,,,,,,,,,,,,,,,,,,,,,,,,,,,,,,,,1,,,,,0,0,1,4,4,4.0
1941,1,0,0,1,1,1,0,0,0,0,0,0,0,0,0,0,0,0,0,0,0.0,0.0,1,,,,1,,,,,,,,,,,,,,,,,,,,,,,,,,,,,,,,,,,,,,,,,,,,,,,,,,,,,,,,,,,,,,,,,,,,,,,,,,,,,,,,,,,,,,,,,,,,,1,,,,,0,0,1,4,4,4.0
1938,1,0,0,1,1,1,0,0,0,0,0,0,0,0,0,0,0,0,0,0,0.0,0.0,1,,,,1,,,,,,,,,,,,,,,,,,,,,,,,,,,,,,,,,,,,,,,,,,,,,,,,,,,,,,,,,,,,,,,,,,,,,,,,,,,,,,,,,,,,,,,,,,,,,1,,,,,0,0,1,4,4,4.0
1940,1,0,0,1,1,1,0,0,0,0,0,0,0,0,0,0,0,0,0,0,0.0,0.0,1,,,,1,,,,,,,,,,,,,,,,,,,,,,,,,,,,,,,,,,,,,,,,,,,,,,,,,,,,,,,,,,,,,,,,,,,,,,,,,,,,,,,,,,,,,,,,,,,,,1,,,,,0,0,1,4,4,4.0
1977,1,0,0,0,0,0,0,0,0,0,0,0,0,0,0,0,0,0,0,0,0.0,0.0,1,,,,,,,,,,,,,,,,,,,,,,,,,,,,,,,,,,,,,,,,,,,,,,,,,,,,,,,,,,,,,,,,,,,,,,,,,,,,,,,,,,,,,,,,,,,,,,,,,,,,,,0,0,0,0,0,0
1986,1,0,0,0,0,0,0,0,0,0,0,0,0,0,0,0,0,0,0,0,0.0,0.0,1,,,,,,,,,,,,,,,,,,,,,,,,,,,,,,,,,,,,,,,,,,,,,,,,,,,,,,,,,,,,,,,,,,,,,,,,,,,,,,,,,,,,,,,,,,,,,,,,,,,,,,0,0,0,0,0,0
1981,1,0,0,0,0,0,0,0,0,0,0,0,0,0,0,0,0,0,0,0,0.0,0.0,1,,,,,,,,,,,,,,,,,,,,,,,,,,,,,,,,,,,,,,,,,,,,,,,,,,,,,,,,,,,,,,,,,,,,,,,,,,,,,,,,,,,,,,,,,,,,,,,,,,,,,,0,0,0,0,0,0
1996,1,0,0,0,0,0,0,0,0,0,0,0,0,0,0,0,0,0,0,0,0.0,0.0,1,,,,,,,,,,,,,,,,,,,,,,,,,,,,,,,,,,,,,,,,,,,,,,,,,,,,,,,,,,,,,,,,,,,,,,,,,,,,,,,,,,,,,,,,,,,,,,,,,,,,,,0,0,0,0,0,0
1978,1,0,0,0,0,0,0,0,0,0,0,0,0,0,0,0,0,0,0,0,0.0,0.0,1,,,,,,,,,,,,,,,,,,,,,,,,,,,,,,,,,,,,,,,,,,,,,,,,,,,,,,,,,,,,,,,,,,,,,,,,,,,,,,,,,,,,,,,,,,,,,,,,,,,,,,0,0,0,0,0,0
1979,1,0,0,0,0,0,0,0,0,0,0,0,0,0,0,0,0,0,0,0,0.0,0.0,1,,,,,,,,,,,,,,,,,,,,,,,,,,,,,,,,,,,,,,,,,,,,,,,,,,,,,,,,,,,,,,,,,,,,,,,,,,,,,,,,,,,,,,,,,,,,,,,,,,,,,,0,0,0,0,0,0
1980,1,0,0,0,0,0,0,0,0,0,0,0,0,0,0,0,0,0,0,0,0.0,0.0,1,,,,,,,,,,,,,,,,,,,,,,,,,,,,,,,,,,,,,,,,,,,,,,,,,,,,,,,,,,,,,,,,,,,,,,,,,,,,,,,,,,,,,,,,,,,,,,,,,,,,,,0,0,0,0,0,0
1982,1,0,0,0,0,0,0,0,0,0,0,0,0,0,0,0,0,0,0,0,0.0,0.0,1,,,,,,,,,,,,,,,,,,,,,,,,,,,,,,,,,,,,,,,,,,,,,,,,,,,,,,,,,,,,,,,,,,,,,,,,,,,,,,,,,,,,,,,,,,,,,,,,,,,,,,0,0,0,0,0,0
1983,1,0,0,0,0,0,0,0,0,0,0,0,0,0,0,0,0,0,0,0,0.0,0.0,1,,,,,,,,,,,,,,,,,,,,,,,,,,,,,,,,,,,,,,,,,,,,,,,,,,,,,,,,,,,,,,,,,,,,,,,,,,,,,,,,,,,,,,,,,,,,,,,,,,,,,,0,0,0,0,0,0
1984,1,0,0,0,0,0,0,0,0,0,0,0,0,0,0,0,0,0,0,0,0.0,0.0,1,,,,,,,,,,,,,,,,,,,,,,,,,,,,,,,,,,,,,,,,,,,,,,,,,,,,,,,,,,,,,,,,,,,,,,,,,,,,,,,,,,,,,,,,,,,,,,,,,,,,,,0,0,0,0,0,0
1985,1,0,0,0,0,0,0,0,0,0,0,0,0,0,0,0,0,0,0,0,0.0,0.0,1,,,,,,,,,,,,,,,,,,,,,,,,,,,,,,,,,,,,,,,,,,,,,,,,,,,,,,,,,,,,,,,,,,,,,,,,,,,,,,,,,,,,,,,,,,,,,,,,,,,,,,0,0,0,0,0,0
1987,1,0,0,0,0,0,0,0,0,0,0,0,0,0,0,0,0,0,0,0,0.0,0.0,1,,,,,,,,,,,,,,,,,,,,,,,,,,,,,,,,,,,,,,,,,,,,,,,,,,,,,,,,,,,,,,,,,,,,,,,,,,,,,,,,,,,,,,,,,,,,,,,,,,,,,,0,0,0,0,0,0
1988,1,0,0,0,0,0,0,0,0,0,0,0,0,0,0,0,0,0,0,0,0.0,0.0,1,,,,,,,,,,,,,,,,,,,,,,,,,,,,,,,,,,,,,,,,,,,,,,,,,,,,,,,,,,,,,,,,,,,,,,,,,,,,,,,,,,,,,,,,,,,,,,,,,,,,,,0,0,0,0,0,0
1989,1,0,0,0,0,0,0,0,0,0,0,0,0,0,0,0,0,0,0,0,0.0,0.0,1,,,,,,,,,,,,,,,,,,,,,,,,,,,,,,,,,,,,,,,,,,,,,,,,,,,,,,,,,,,,,,,,,,,,,,,,,,,,,,,,,,,,,,,,,,,,,,,,,,,,,,0,0,0,0,0,0
1990,1,0,0,0,0,0,0,0,0,0,0,0,0,0,0,0,0,0,0,0,0.0,0.0,1,,,,,,,,,,,,,,,,,,,,,,,,,,,,,,,,,,,,,,,,,,,,,,,,,,,,,,,,,,,,,,,,,,,,,,,,,,,,,,,,,,,,,,,,,,,,,,,,,,,,,,0,0,0,0,0,0
1991,1,0,0,0,0,0,0,0,0,0,0,0,0,0,0,0,0,0,0,0,0.0,0.0,1,,,,,,,,,,,,,,,,,,,,,,,,,,,,,,,,,,,,,,,,,,,,,,,,,,,,,,,,,,,,,,,,,,,,,,,,,,,,,,,,,,,,,,,,,,,,,,,,,,,,,,0,0,0,0,0,0
1992,1,0,0,0,0,0,0,0,0,0,0,0,0,0,0,0,0,0,0,0,0.0,0.0,1,,,,,,,,,,,,,,,,,,,,,,,,,,,,,,,,,,,,,,,,,,,,,,,,,,,,,,,,,,,,,,,,,,,,,,,,,,,,,,,,,,,,,,,,,,,,,,,,,,,,,,0,0,0,0,0,0
1993,1,0,0,0,0,0,0,0,0,0,0,0,0,0,0,0,0,0,0,0,0.0,0.0,1,,,,,,,,,,,,,,,,,,,,,,,,,,,,,,,,,,,,,,,,,,,,,,,,,,,,,,,,,,,,,,,,,,,,,,,,,,,,,,,,,,,,,,,,,,,,,,,,,,,,,,0,0,0,0,0,0
1994,1,0,0,0,0,0,0,0,0,0,0,0,0,0,0,0,0,0,0,0,0.0,0.0,1,,,,,,,,,,,,,,,,,,,,,,,,,,,,,,,,,,,,,,,,,,,,,,,,,,,,,,,,,,,,,,,,,,,,,,,,,,,,,,,,,,,,,,,,,,,,,,,,,,,,,,0,0,0,0,0,0
1995,1,0,0,0,0,0,0,0,0,0,0,0,0,0,0,0,0,0,0,0,0.0,0.0,1,,,,,,,,,,,,,,,,,,,,,,,,,,,,,,,,,,,,,,,,,,,,,,,,,,,,,,,,,,,,,,,,,,,,,,,,,,,,,,,,,,,,,,,,,,,,,,,,,,,,,,0,0,0,0,0,0
2030,3,0,0,19,7,7,9,9,0,3,3,5,3,6,8,9,16.36452797660028,27.0,1.8,48.6,0.009,2.7,1,,,4,7,2,2,9,9,,,2,,,1,,,,,,,,4,2,,,,1,1,,,,,,,,,,,,,,,,,,,,,,,,,,,,,,,2,9,12,,,,,,,,,,,,,,,,,,,,,,,,,,,,,,,,,,,2,10,,,1,2,0,2,3,5,3,4.333333333333333
2031,3,0,0,19,7,7,9,9,0,3,4,5,4,7,9,11,19.60964047443681,34.86917501586544,2.8,97.63369004442322,0.011623058338621813,5.424093891356845,1,,,2,7,2,2,9,9,,,2,,,1,1,,,,,,,4,,,,,1,1,,,,,,,,,,,,,,,,,,,,,,,,,,,,,,,4,9,12,,,,,,,,,,,,,,,,,,,,,,,,,,,,,,,,,,,2,8,2,,1,2,1,2,2,4,3,3.5
2032,3,0,0,19,7,7,9,9,0,3,4,5,4,7,9,11,19.60964047443681,34.86917501586544,2.8,97.63369004442322,0.011623058338621813,5.424093891356845,1,,,2,7,2,2,9,9,,,2,,,1,1,,,,,,,4,,,,,1,1,,,,,,,,,,,,,,,,,,,,,,,,,,,,,,,4,9,12,,,,,,,,,,,,,,,,,,,,,,,,,,,,,,,,,,,2,8,2,,1,2,1,2,2,4,3,3.5
2033,3,0,0,17,7,7,7,7,0,3,3,5,3,6,8,9,16.36452797660028,27.0,1.8,48.6,0.009,2.7,1,,,4,7,2,2,7,7,,,2,,,1,,,,,,,,4,2,,,,1,1,,,,,,,,,,,,,,,,,,,,,,,,,,,,,,,2,7,10,,,,,,,,,,,,,,,,,,,,,,,,,,,,,,,,,,,2,10,,,1,2,0,2,3,5,3,4.333333333333333
2034,2,0,0,17,6,6,8,8,0,3,2,4,2,4,6,6,10.0,15.509775004326936,1.0,15.509775004326936,0.005169925001442312,0.861654166907052,1,,,2,6,1,1,8,8,,,1,,,1,,,,,,,,4,,,,,,1,,,,,,,,,,,,,,,,,,,,,,,,,,,,,,,3,8,11,,,,,,,,,,,,,,,,,,,,,,,,,,,,,,,,,,,1,7,2,,1,2,1,2,2,4,3,3.5
2035,3,0,0,18,8,8,8,7,0,3,2,2,2,4,4,6,4.0,12.0,2.0,24.0,0.004,1.3333333333333333,1,,,4,8,3,3,8,8,,,3,,,,,,,,,,1,3,,,,,,1,,,,,,,,,,,,,,,,,,,,,,,,,,,,,,,3,8,10,,,,,,,,,,,,,,,,,,,,,,,,,,,,,,,,,,,3,5,2,,2,2,1,2,2,6,3,4.5
2036,3,0,0,18,7,7,8,8,0,3,3,5,3,6,8,9,16.36452797660028,27.0,1.8,48.6,0.009,2.7,1,,,4,7,2,2,9,9,,,2,,,1,,,,,,,,4,2,,,,1,1,,,,,,,,,,,,,,,,,,,,,,,,,,,,,,,2,8,11,,,,,,,,,,,,,,,,,,,,,,,,,,,,,,,,,,,2,10,,,1,2,0,2,3,5,3,4.0
2037,3,0,0,19,7,7,9,9,0,3,4,5,4,7,9,11,19.60964047443681,34.86917501586544,2.8,97.63369004442322,0.011623058338621813,5.424093891356845,1,,,2,7,2,2,9,9,,,2,,,1,1,,,,,1,,4,,,,,,1,,,,,,,,,,,,,,,,,,,,,,,,,,,,,,,4,9,12,,,,,,,,,,,,,,,,,,,,,,,,,,,,,,,,,,,2,8,2,,1,2,1,2,2,5,3,4.0
2038,3,0,0,18,7,7,8,8,0,3,3,5,3,6,8,9,16.36452797660028,27.0,1.8,48.6,0.009,2.7,1,,,4,7,2,2,9,9,,,2,,,1,,,,,,,,4,2,,,,1,1,,,,,,,,,,,,,,,,,,,,,,,,,,,,,,,2,8,11,,,,,,,,,,,,,,,,,,,,,,,,,,,,,,,,,,,2,10,,,1,2,0,2,3,8,3,5.333333333333333
2039,3,0,0,19,7,7,9,9,0,3,3,5,3,6,8,9,16.36452797660028,27.0,1.8,48.6,0.009,2.7,1,,,4,7,2,2,9,9,,,2,,,1,,,,,,,,4,2,,,,1,1,,,,,,,,,,,,,,,,,,,,,,,,,,,,,,,2,9,12,,,,,,,,,,,,,,,,,,,,,,,,,,,,,,,,,,,2,10,,,1,2,0,2,3,5,3,3.6666666666666665
2101,2,0,0,13,10,10,0,0,0,3,3,6,5,10,9,15,20.264662506490406,47.548875021634686,2.5,118.87218755408671,0.01584962500721156,6.604010419671484,1,,,,10,1,1,5,5,5,5,1,1,,1,2,1,,,,1,,7,,,,,,,,,,,,,,1,,,,,,,,,,,,,,,,,,,,,,,8,,3,,,,,,,,,,,,,,,,,,,,,,,,,,,,,,,,,,,3,19,2,,1,1,1,2,6,5,1,3.3333333333333335
2102,3,0,0,11,8,8,1,0,0,3,4,7,4,8,11,12,27.651484454403228,41.51317942364757,2.2857142857142856,94.88726725405158,0.01383772647454919,5.27151484744731,1,,,1,8,2,2,6,6,2,2,2,,,,,1,,,,1,,3,,1,,,,1,,,,,,,,1,,,,,,,,,,,,,,,,,,,,,,,5,1,3,,,,,,,,,,,,,,,,,,,,,,,,,,,,,,,,,,,4,13,,1,1,1,0,3,5,5,1,3.6
2103,4,0,0,24,16,16,4,4,0,4,5,7,7,13,12,20,31.26112492884004,71.69925001442313,4.642857142857143,332.88937506696453,0.02389975000480771,18.493854170386918,1,,,,16,4,4,15,15,6,6,4,3,,,2,1,,,,2,1,10,,,,,,,,,,,,,,2,,,,,,,,,,,,,,,,,,,,,,,5,4,8,,,,,,,,,,,,,,,,,,,,,,,,,,,,,,,,,,,6,36,3,2,2,2,1,3,9,7,1,3.7777777777777777
2107,7,0,0,10,9,9,0,0,0,1,4,13,8,19,17,27,56.105716335834195,110.36149671375918,2.923076923076923,322.5951442402191,0.03678716557125306,17.92195245778995,1,,,6,9,2,2,6,6,,,2,,,1,1,,,,,,,5,1,,,,5,,,,,,,,,,,,,,,,,,,,,,,,,,,,,,,,2,,1,,,,,,,,,,,,,,,,,,,,,,,,,,,,,,,,,,,7,19,,1,2,1,0,3,5,9,1,4.4
2108,3,0,0,8,8,8,0,0,0,0,3,5,3,6,8,9,16.36452797660028,27.0,1.8,48.6,0.009,2.7,1,,,2,8,2,2,6,6,2,2,2,1,,,,,,,,1,,4,2,,,,,,,,,,,,,1,,,,,,,,,,,,,,,,,,,,,,,2,,,,,,,,,,,,,,,,,,,,,,,,,,,,,,,,,,,,,4,16,,1,1,1,0,3,5,7,1,5.0
2126,1,0,0,0,0,0,0,0,0,0,0,0,0,0,0,0,0,0,0,0,0.0,0.0,1,,,,,,,,,,,,,,,,,,,,,,,,,,,,,,,,,,,,,,,,,,,,,,,,,,,,,,,,,,,,,,,,,,,,,,,,,,,,,,,,,,,,,,,,,,,,,,,,,,,,,,0,0,0,0,0,0
2123,1,0,0,0,0,0,0,0,0,0,0,0,0,0,0,0,0,0,0,0,0.0,0.0,1,,,,,,,,,,,,,,,,,,,,,,,,,,,,,,,,,,,,,,,,,,,,,,,,,,,,,,,,,,,,,,,,,,,,,,,,,,,,,,,,,,,,,,,,,,,,,,,,,,,,,,0,0,0,0,0,0
2129,1,0,0,0,0,0,0,0,0,0,0,0,0,0,0,0,0,0,0,0,0.0,0.0,1,,,,,,,,,,,,,,,,,,,,,,,,,,,,,,,,,,,,,,,,,,,,,,,,,,,,,,,,,,,,,,,,,,,,,,,,,,,,,,,,,,,,,,,,,,,,,,,,,,,,,,0,0,0,0,0,0
2121,1,0,0,0,0,0,0,0,0,0,0,0,0,0,0,0,0,0,0,0,0.0,0.0,1,,,,,,,,,,,,,,,,,,,,,,,,,,,,,,,,,,,,,,,,,,,,,,,,,,,,,,,,,,,,,,,,,,,,,,,,,,,,,,,,,,,,,,,,,,,,,,,,,,,,,,0,0,0,0,0,0
2122,1,0,0,0,0,0,0,0,0,0,0,0,0,0,0,0,0,0,0,0,0.0,0.0,1,,,,,,,,,,,,,,,,,,,,,,,,,,,,,,,,,,,,,,,,,,,,,,,,,,,,,,,,,,,,,,,,,,,,,,,,,,,,,,,,,,,,,,,,,,,,,,,,,,,,,,0,0,0,0,0,0
2124,1,0,0,0,0,0,0,0,0,0,0,0,0,0,0,0,0,0,0,0,0.0,0.0,1,,,,,,,,,,,,,,,,,,,,,,,,,,,,,,,,,,,,,,,,,,,,,,,,,,,,,,,,,,,,,,,,,,,,,,,,,,,,,,,,,,,,,,,,,,,,,,,,,,,,,,0,0,0,0,0,0
2125,1,0,0,0,0,0,0,0,0,0,0,0,0,0,0,0,0,0,0,0,0.0,0.0,1,,,,,,,,,,,,,,,,,,,,,,,,,,,,,,,,,,,,,,,,,,,,,,,,,,,,,,,,,,,,,,,,,,,,,,,,,,,,,,,,,,,,,,,,,,,,,,,,,,,,,,0,0,0,0,0,0
2128,1,0,0,0,0,0,0,0,0,0,0,0,0,0,0,0,0,0,0,0,0.0,0.0,1,,,,,,,,,,,,,,,,,,,,,,,,,,,,,,,,,,,,,,,,,,,,,,,,,,,,,,,,,,,,,,,,,,,,,,,,,,,,,,,,,,,,,,,,,,,,,,,,,,,,,,0,0,0,0,0,0
2130,1,0,0,0,0,0,0,0,0,0,0,0,0,0,0,0,0,0,0,0,0.0,0.0,1,,,,,,,,,,,,,,,,,,,,,,,,,,,,,,,,,,,,,,,,,,,,,,,,,,,,,,,,,,,,,,,,,,,,,,,,,,,,,,,,,,,,,,,,,,,,,,,,,,,,,,0,0,0,0,0,0
2127,1,0,0,0,0,0,0,0,0,0,0,0,0,0,0,0,0,0,0,0,0.0,0.0,1,,,,,,,,,,,,,,,,,,,,,,,,,,,,,,,,,,,,,,,,,,,,,,,,,,,,,,,,,,,,,,,,,,,,,,,,,,,,,,,,,,,,,,,,,,,,,,,,,,,,,,0,0,0,0,0,0
2135,1,0,0,1,1,1,0,0,0,0,0,0,0,0,0,0,0,0,0,0,0.0,0.0,1,,,,1,,,,,,,,,,,,,,,,,,,,,,,,,,,,,,,,,,,,,,,,,,,,,,,,,,,,,,,,,,,,,,,,,,,,,,,,,,,,,,,,,,,,,,,,,,,,,1,,,,,0,0,1,4,4,4.0
2136,1,0,0,1,1,1,0,0,0,0,0,0,0,0,0,0,0,0,0,0,0.0,0.0,1,,,,1,,,,,,,,,,,,,,,,,,,,,,,,,,,,,,,,,,,,,,,,,,,,,,,,,,,,,,,,,,,,,,,,,,,,,,,,,,,,,,,,,,,,,,,,,,,,,1,,,,,0,0,1,4,4,4.0
2137,1,0,0,1,1,1,0,0,0,0,0,0,0,0,0,0,0,0,0,0,0.0,0.0,1,,,,1,,,,,,,,,,,,,,,,,,,,,,,,,,,,,,,,,,,,,,,,,,,,,,,,,,,,,,,,,,,,,,,,,,,,,,,,,,,,,,,,,,,,,,,,,,,,,1,,,,,0,0,1,4,4,4.0
2138,2,0,0,7,7,7,0,0,0,0,2,3,2,4,5,6,6.754887502163469,13.931568569324174,1.3333333333333333,18.575424759098897,0.004643856189774725,1.0319680421721609,1,,,2,7,1,1,5,5,1,1,1,1,,,,,,,,1,,4,1,,,,,,,,,,,,,1,,,,,,,,,,,,,,,,,,,,,,,2,,,,,,,,,,,,,,,,,,,,,,,,,,,,,,,,,,,,,1,12,,1,1,1,0,3,4,7,1,5.0
2139,3,0,0,7,7,7,0,0,0,0,2,4,2,4,6,6,10.0,15.509775004326936,1.0,15.509775004326936,0.005169925001442312,0.861654166907052,1,,,1,7,2,2,6,6,1,1,2,,,,,1,,,,,,2,1,1,,,1,,,,,,,,,,,,,,,,,,,,,,,,,,,,,,,,2,,,,,,,,,,,,,,,,,,,,,,,,,,,,,,,,,,,,,5,12,,1,1,1,0,3,6,15,1,5.833333333333333
2151,1,0,0,1,1,1,0,0,0,0,0,0,0,0,0,0,0,0,0,0,0.0,0.0,1,,,,1,,,,,,,,,,,,,,,,,,,,,,,,,,,,,,,,,,,,,,,,,,,,,,,,,,,,,,,,,,,,,,,,,,,,,,,,,,,,,,,,,,,,,,,,,,,,,1,,,,,0,0,1,4,4,4.0
2154,1,0,0,1,1,1,0,0,0,0,0,0,0,0,0,0,0,0,0,0,0.0,0.0,1,,,,1,,,,,,,,,,,,,,,,,,,,,,,,,,,,,,,,,,,,,,,,,,,,,,,,,,,,,,,,,,,,,,,,,,,,,,,,,,,,,,,,,,,,,,,,,,,,,1,,,,,0,0,1,4,4,4.0
2150,1,0,0,1,1,1,0,0,0,0,0,0,0,0,0,0,0,0,0,0,0.0,0.0,1,,,,1,,,,,,,,,,,,,,,,,,,,,,,,,,,,,,,,,,,,,,,,,,,,,,,,,,,,,,,,,,,,,,,,,,,,,,,,,,,,,,,,,,,,,,,,,,,,,1,,,,,0,0,1,4,4,4.0
2147,1,0,0,1,1,1,0,0,0,0,0,0,0,0,0,0,0,0,0,0,0.0,0.0,1,,,,1,,,,,,,,,,,,,,,,,,,,,,,,,,,,,,,,,,,,,,,,,,,,,,,,,,,,,,,,,,,,,,,,,,,,,,,,,,,,,,,,,,,,,,,,,,,,,1,,,,,0,0,1,4,4,4.0
2155,1,0,0,1,1,1,0,0,0,0,0,0,0,0,0,0,0,0,0,0,0.0,0.0,1,,,,1,,,,,,,,,,,,,,,,,,,,,,,,,,,,,,,,,,,,,,,,,,,,,,,,,,,,,,,,,,,,,,,,,,,,,,,,,,,,,,,,,,,,,,,,,,,,,1,,,,,0,0,1,4,4,4.0
2146,1,0,0,1,1,1,0,0,0,0,0,0,0,0,0,0,0,0,0,0,0.0,0.0,1,,,,1,,,,,,,,,,,,,,,,,,,,,,,,,,,,,,,,,,,,,,,,,,,,,,,,,,,,,,,,,,,,,,,,,,,,,,,,,,,,,,,,,,,,,,,,,,,,,1,,,,,0,0,1,4,4,4.0
2148,1,0,0,1,1,1,0,0,0,0,0,0,0,0,0,0,0,0,0,0,0.0,0.0,1,,,,1,,,,,,,,,,,,,,,,,,,,,,,,,,,,,,,,,,,,,,,,,,,,,,,,,,,,,,,,,,,,,,,,,,,,,,,,,,,,,,,,,,,,,,,,,,,,,1,,,,,0,0,1,4,4,4.0
2149,1,0,0,1,1,1,0,0,0,0,0,0,0,0,0,0,0,0,0,0,0.0,0.0,1,,,,1,,,,,,,,,,,,,,,,,,,,,,,,,,,,,,,,,,,,,,,,,,,,,,,,,,,,,,,,,,,,,,,,,,,,,,,,,,,,,,,,,,,,,,,,,,,,,1,,,,,0,0,1,4,4,4.0
2152,1,0,0,1,1,1,0,0,0,0,0,0,0,0,0,0,0,0,0,0,0.0,0.0,1,,,,1,,,,,,,,,,,,,,,,,,,,,,,,,,,,,,,,,,,,,,,,,,,,,,,,,,,,,,,,,,,,,,,,,,,,,,,,,,,,,,,,,,,,,,,,,,,,,1,,,,,0,0,1,4,4,4.0
2153,1,0,0,1,1,1,0,0,0,0,0,0,0,0,0,0,0,0,0,0,0.0,0.0,1,,,,1,,,,,,,,,,,,,,,,,,,,,,,,,,,,,,,,,,,,,,,,,,,,,,,,,,,,,,,,,,,,,,,,,,,,,,,,,,,,,,,,,,,,,,,,,,,,,1,,,,,0,0,1,4,4,4.0
2182,4,0,0,23,14,13,4,1,7,2,4,9,6,12,13,18,36.52932501298081,66.60791492653966,2.6666666666666665,177.62110647077242,0.022202638308846556,9.867839248376246,1,,,2,14,3,3,13,13,2,2,3,2,,2,2,1,,,,,,7,,,,,,1,,,,,,,1,,,,,,,,,,,,,,,,,,,,,,,,5,4,2,,,,,,,,,,,,,,,,,,,,,,,,,,,,,,,,,,,7,29,2,3,2,1,1,5,11,5,1,2.6363636363636362
2217,4,0,0,21,13,12,4,1,7,1,5,8,5,10,13,15,35.60964047443681,55.506595772116384,3.125,173.4581117878637,0.01850219859070546,9.636561765992427,1,,,2,13,3,3,11,11,3,3,3,1,,1,1,1,,,,,1,7,,,,,,,,,,,,,1,,,,,,,,,,,,1,,,,,,,,,,,,5,4,1,,,,,,,,,,,,,,,,,,,,,,,,,,,,,,,,,,,7,27,2,2,1,1,1,4,11,5,1,2.6363636363636362
2181,4,0,0,21,13,12,4,1,7,1,4,9,6,12,13,18,36.52932501298081,66.60791492653966,2.6666666666666665,177.62110647077242,0.022202638308846556,9.867839248376246,1,,,2,13,3,3,10,10,3,3,3,1,,2,2,1,,,,,,7,,,,,,1,,,,,,,1,,,,,,,,,,,,,,,,,,,,,,,,5,4,1,,,,,,,,,,,,,,,,,,,,,,,,,,,,,,,,,,,7,28,2,2,1,1,1,4,11,5,1,2.6363636363636362
2180,4,0,0,20,13,12,4,1,7,0,4,9,6,12,13,18,36.52932501298081,66.60791492653966,2.6666666666666665,177.62110647077242,0.022202638308846556,9.867839248376246,1,,,2,13,3,3,10,10,3,3,3,1,,2,2,1,,,,,,7,,,,,,1,,,,,,,1,,,,,,,,,,,,,,,,,,,,,,,,5,4,1,,,,,,,,,,,,,,,,,,,,,,,,,,,,,,,,,,,7,28,2,2,1,1,1,4,11,5,1,2.6363636363636362
2176,4,0,0,21,13,12,4,1,7,1,4,7,4,8,11,12,27.651484454403228,41.51317942364757,2.2857142857142856,94.88726725405158,0.01383772647454919,5.27151484744731,1,,,2,13,3,3,10,10,3,3,3,1,,1,1,1,,,,,,7,,,,,,1,,,,,,,1,,,,,,,,,,,,,,,,,,,,,,,,4,4,1,,,,,,,,,,,,,,,,,,,,,,,,,,,,,,,,,,,7,27,2,2,1,1,1,4,11,5,1,2.6363636363636362
2177,4,0,0,21,13,12,4,1,7,1,4,7,4,8,11,12,27.651484454403228,41.51317942364757,2.2857142857142856,94.88726725405158,0.01383772647454919,5.27151484744731,1,,,2,13,3,3,10,10,3,3,3,1,,1,1,1,,,,,,7,,,,,,1,,,,,,,1,,,,,,,,,,,,,,,,,,,,,,,,4,4,1,,,,,,,,,,,,,,,,,,,,,,,,,,,,,,,,,,,7,27,2,2,1,1,1,4,11,5,1,2.6363636363636362
2178,4,0,0,21,13,12,4,1,7,1,4,7,4,8,11,12,27.651484454403228,41.51317942364757,2.2857142857142856,94.88726725405158,0.01383772647454919,5.27151484744731,1,,,2,13,3,3,11,11,3,3,3,2,,1,1,1,,,,,,7,,,,,,1,,,,,,,1,,,,,,,,,,,,,,,,,,,,,,,,5,4,1,,,,,,,,,,,,,,,,,,,,,,,,,,,,,,,,,,,7,27,2,3,1,1,1,5,11,5,1,2.6363636363636362
2179,4,0,0,22,14,13,4,1,7,1,5,9,5,10,14,15,40.13896548741762,57.110323830864054,2.7777777777777777,158.6397884190668,0.019036774610288017,8.813321578837044,1,,,2,14,3,3,11,11,3,3,3,2,,1,1,1,1,,,,,8,,,,,,1,,,,,,,1,,,,,,,,,,,,,,,,,,,,,,,,5,4,1,,,,,,,,,,,,,,,,,,,,,,,,,,,,,,,,,,,7,30,2,3,1,1,1,5,12,5,1,2.8333333333333335
2183,4,0,0,22,14,13,4,1,7,1,5,11,7,14,16,21,49.663388279447084,84.0,3.1818181818181817,267.27272727272725,0.028,14.848484848484848,1,,,2,14,3,3,11,11,3,3,3,2,,2,2,1,1,,,,,8,,,,,,1,,,,,,,1,,,,,,,,,,,,,,,,,,,,,,,,6,4,1,,,,,,,,,,,,,,,,,,,,,,,,,,,,,,,,,,,7,31,2,3,1,1,1,5,12,5,1,2.8333333333333335
2216,4,0,0,21,13,12,4,1,7,1,5,8,5,10,13,15,35.60964047443681,55.506595772116384,3.125,173.4581117878637,0.01850219859070546,9.636561765992427,1,,,2,13,3,3,11,11,3,3,3,1,,1,1,1,,,,,1,7,,,,,,,,,,,,,1,,,,,,,,,,,,1,,,,,,,,,,,,5,4,1,,,,,,,,,,,,,,,,,,,,,,,,,,,,,,,,,,,7,27,2,2,1,1,1,4,11,5,1,2.6363636363636362
2218,4,0,0,21,13,12,4,1,7,1,5,8,5,10,13,15,35.60964047443681,55.506595772116384,3.125,173.4581117878637,0.01850219859070546,9.636561765992427,1,,,2,13,3,3,12,12,3,3,3,2,,1,1,1,,,,,1,7,,,,,,,,,,,,,1,,,,,,,,,,,,1,,,,,,,,,,,,6,4,1,,,,,,,,,,,,,,,,,,,,,,,,,,,,,,,,,,,7,27,2,3,1,1,1,5,11,5,1,2.6363636363636362
2219,4,0,0,22,14,13,4,1,7,1,6,10,6,12,16,18,48.72905595320056,72.0,3.6,259.2,0.024,14.399999999999999,1,,,2,14,3,3,12,12,3,3,3,2,,1,1,1,1,,,,1,8,,,,,,,,,,,,,1,,,,,,,,,,,,1,,,,,,,,,,,,6,4,1,,,,,,,,,,,,,,,,,,,,,,,,,,,,,,,,,,,7,30,2,3,1,1,1,5,12,5,1,2.8333333333333335
2220,2,0,0,6,4,4,0,0,0,2,0,0,0,0,0,0,0,0,0,0,0.0,0.0,1,,,,4,1,1,5,5,,,1,,,,,1,,,,,,1,,,,,,,,,,,,,,,,,,,,,,,,,,,,,,,,,,,,,,,2,,,,,,,,,,,,,,,,,,,,,,,,,,,,,,,,,,,4,6,,2,1,1,0,4,4,6,5,5.25
2221,2,0,0,10,7,7,0,0,0,3,2,3,2,4,5,6,6.754887502163469,13.931568569324174,1.3333333333333333,18.575424759098897,0.004643856189774725,1.0319680421721609,1,,,,7,1,1,7,7,1,1,1,1,,,,1,1,,,,,3,,,,,,,,,,,,,,1,,,,,,,,,,,,,,,,,,,,,,,2,1,3,,,,,,,,,,,,,,,,,,,,,,,,,,,,,,,,,,,4,13,,3,1,1,0,5,7,12,4,6.714285714285714
2222,1,0,0,0,0,0,0,0,0,0,0,0,0,0,0,0,0,0,0,0,0.0,0.0,1,,,,,,,,,,,,,,,,,,,,,,,,,,,,,,,,,,,,,,,,,,,,,,,,,,,,,,,,,,,,,,,,,,,,,,,,,,,,,,,,,,,,,,,,,,,,,,,,,,,,,,0,0,0,0,0,0
1797,1,0,0,1,1,1,0,0,0,0,0,0,0,0,0,0,0,0,0,0,0.0,0.0,1,,,,1,,,,,,,,,,,,,,,,,,,,,,,,,,,,,,,,,,,,,,,,,,,,,,,,,,,,,,,,,,,,,,,,,,,,,,,,,,,,,,,,,,,,,,,,,,,,,1,,,,,0,0,1,4,4,4.0
1798,1,0,0,1,1,1,0,0,0,0,0,0,0,0,0,0,0,0,0,0,0.0,0.0,1,,,,1,,,,,,,,,,,,,,,,,,,,,,,,,,,,,,,,,,,,,,,,,,,,,,,,,,,,,,,,,,,,,,,,,,,,,,,,,,,,,,,,,,,,,,,,,,,,,1,,,,,0,0,1,4,4,4.0
1799,1,0,0,1,1,1,0,0,0,0,0,0,0,0,0,0,0,0,0,0,0.0,0.0,1,,,,1,,,,,,,,,,,,,,,,,,,,,,,,,,,,,,,,,,,,,,,,,,,,,,,,,,,,,,,,,,,,,,,,,,,,,,,,,,,,,,,,,,,,,,,,,,,,,1,,,,,0,0,1,4,4,4.0
1861,1,0,0,1,1,1,0,0,0,0,0,0,0,0,0,0,0,0,0,0,0.0,0.0,1,,,,1,,,,,,,,,,,,,,,,,,,,,,,,,,,,,,,,,,,,,,,,,,,,,,,,,,,,,,,,,,,,,,,,,,,,,,,,,,,,,,,,,,,,,,,,,,,,,1,,,,,0,0,1,4,4,4.0
1862,1,0,0,1,1,1,0,0,0,0,0,0,0,0,0,0,0,0,0,0,0.0,0.0,1,,,,1,,,,,,,,,,,,,,,,,,,,,,,,,,,,,,,,,,,,,,,,,,,,,,,,,,,,,,,,,,,,,,,,,,,,,,,,,,,,,,,,,,,,,,,,,,,,,1,,,,,0,0,1,4,4,4.0
1863,1,0,0,1,1,1,0,0,0,0,0,0,0,0,0,0,0,0,0,0,0.0,0.0,1,,,,1,,,,,,,,,,,,,,,,,,,,,,,,,,,,,,,,,,,,,,,,,,,,,,,,,,,,,,,,,,,,,,,,,,,,,,,,,,,,,,,,,,,,,,,,,,,,,1,,,,,0,0,1,4,4,4.0
1864,1,0,0,1,1,1,0,0,0,0,0,0,0,0,0,0,0,0,0,0,0.0,0.0,1,,,,1,,,,,,,,,,,,,,,,,,,,,,,,,,,,,,,,,,,,,,,,,,,,,,,,,,,,,,,,,,,,,,,,,,,,,,,,,,,,,,,,,,,,,,,,,,,,,1,,,,,0,0,1,4,4,4.0
1865,1,0,0,1,1,1,0,0,0,0,0,0,0,0,0,0,0,0,0,0,0.0,0.0,1,,,,1,,,,,,,,,,,,,,,,,,,,,,,,,,,,,,,,,,,,,,,,,,,,,,,,,,,,,,,,,,,,,,,,,,,,,,,,,,,,,,,,,,,,,,,,,,,,,1,,,,,0,0,1,4,4,4.0
1866,1,0,0,1,1,1,0,0,0,0,0,0,0,0,0,0,0,0,0,0,0.0,0.0,1,,,,1,,,,,,,,,,,,,,,,,,,,,,,,,,,,,,,,,,,,,,,,,,,,,,,,,,,,,,,,,,,,,,,,,,,,,,,,,,,,,,,,,,,,,,,,,,,,,1,,,,,0,0,1,4,4,4.0
1867,1,0,0,1,1,1,0,0,0,0,0,0,0,0,0,0,0,0,0,0,0.0,0.0,1,,,,1,,,,,,,,,,,,,,,,,,,,,,,,,,,,,,,,,,,,,,,,,,,,,,,,,,,,,,,,,,,,,,,,,,,,,,,,,,,,,,,,,,,,,,,,,,,,,1,,,,,0,0,1,4,4,4.0
2040,1,0,0,1,1,1,0,0,0,0,0,0,0,0,0,0,0,0,0,0,0.0,0.0,1,,,,1,,,,,,,,,,,,,,,,,,,,,,,,,,,,,,,,,,,,,,,,,,,,,,,,,,,,,,,,,,,,,,,,,,,,,,,,,,,,,,,,,,,,,,,,,,,,,1,,,,,0,0,1,4,4,4.0
2041,1,0,0,1,1,1,0,0,0,0,0,0,0,0,0,0,0,0,0,0,0.0,0.0,1,,,,1,,,,,,,,,,,,,,,,,,,,,,,,,,,,,,,,,,,,,,,,,,,,,,,,,,,,,,,,,,,,,,,,,,,,,,,,,,,,,,,,,,,,,,,,,,,,,1,,,,,0,0,1,4,4,4.0
2042,1,0,0,1,1,1,0,0,0,0,0,0,0,0,0,0,0,0,0,0,0.0,0.0,1,,,,1,,,,,,,,,,,,,,,,,,,,,,,,,,,,,,,,,,,,,,,,,,,,,,,,,,,,,,,,,,,,,,,,,,,,,,,,,,,,,,,,,,,,,,,,,,,,,1,,,,,0,0,1,4,4,4.0
2043,1,0,0,19,7,6,3,3,7,3,3,14,7,14,17,21,58.05785641096992,85.83671966625714,1.5,128.75507949938572,0.02861223988875238,7.153059972188095,1,,,5,7,,,14,14,,,,1,,3,,3,1,,,,,5,,,,,,,,,,,,,,,,,,,,,,,,,,,,,,,,,,,,,4,4,6,,,,,,,,,,,,,,,,,,,,,,,,,,,,,,,,,,,,10,4,1,1,4,1,3,5,5,5,5.0
2044,1,0,0,1,1,1,0,0,0,0,0,0,0,0,0,0,0,0,0,0,0.0,0.0,1,,,,1,,,,,,,,,,,,,,,,,,,,,,,,,,,,,,,,,,,,,,,,,,,,,,,,,,,,,,,,,,,,,,,,,,,,,,,,,,,,,,,,,,,,,,,,,,,,,1,,,,,0,0,1,4,4,4.0
2046,1,0,0,1,1,1,0,0,0,0,0,0,0,0,0,0,0,0,0,0,0.0,0.0,1,,,,1,,,,,,,,,,,,,,,,,,,,,,,,,,,,,,,,,,,,,,,,,,,,,,,,,,,,,,,,,,,,,,,,,,,,,,,,,,,,,,,,,,,,,,,,,,,,,1,,,,,0,0,1,4,4,4.0
2047,1,0,0,1,1,1,0,0,0,0,0,0,0,0,0,0,0,0,0,0,0.0,0.0,1,,,,1,,,,,,,,,,,,,,,,,,,,,,,,,,,,,,,,,,,,,,,,,,,,,,,,,,,,,,,,,,,,,,,,,,,,,,,,,,,,,,,,,,,,,,,,,,,,,1,,,,,0,0,1,4,4,4.0
2049,1,0,0,21,11,10,2,2,6,3,2,2,2,4,4,6,4.0,12.0,2.0,24.0,0.004,1.3333333333333333,1,,,3,11,,,8,8,,,,,,,,,,,,,,6,,1,,,,,,,,,,,,,,,,,,,,,,,1,,,,,,,,,,,,,2,5,,,,,,,,,,,,,,,,,,,,,,,,,,,,,,,,,,,,16,2,,4,2,1,2,6,9,1,5.333333333333333
2051,1,0,0,1,1,1,0,0,0,0,0,0,0,0,0,0,0,0,0,0,0.0,0.0,1,,,,1,,,,,,,,,,,,,,,,,,,,,,,,,,,,,,,,,,,,,,,,,,,,,,,,,,,,,,,,,,,,,,,,,,,,,,,,,,,,,,,,,,,,,,,,,,,,,1,,,,,0,0,1,4,4,4.0
2052,1,0,0,1,1,1,0,0,0,0,0,0,0,0,0,0,0,0,0,0,0.0,0.0,1,,,,1,,,,,,,,,,,,,,,,,,,,,,,,,,,,,,,,,,,,,,,,,,,,,,,,,,,,,,,,,,,,,,,,,,,,,,,,,,,,,,,,,,,,,,,,,,,,,1,,,,,0,0,1,4,4,4.0
2054,1,0,0,1,1,1,0,0,0,0,0,0,0,0,0,0,0,0,0,0,0.0,0.0,1,,,,1,,,,,,,,,,,,,,,,,,,,,,,,,,,,,,,,,,,,,,,,,,,,,,,,,,,,,,,,,,,,,,,,,,,,,,,,,,,,,,,,,,,,,,,,,,,,,1,,,,,0,0,1,4,4,4.0
2056,1,0,0,1,1,1,0,0,0,0,0,0,0,0,0,0,0,0,0,0,0.0,0.0,1,,,,1,,,,,,,,,,,,,,,,,,,,,,,,,,,,,,,,,,,,,,,,,,,,,,,,,,,,,,,,,,,,,,,,,,,,,,,,,,,,,,,,,,,,,,,,,,,,,1,,,,,0,0,1,4,4,4.0
2057,1,0,0,1,1,1,0,0,0,0,0,0,0,0,0,0,0,0,0,0,0.0,0.0,1,,,,1,,,,,,,,,,,,,,,,,,,,,,,,,,,,,,,,,,,,,,,,,,,,,,,,,,,,,,,,,,,,,,,,,,,,,,,,,,,,,,,,,,,,,,,,,,,,,1,,,,,0,0,1,4,4,4.0
2059,1,0,0,1,1,1,0,0,0,0,0,0,0,0,0,0,0,0,0,0,0.0,0.0,1,,,,1,,,,,,,,,,,,,,,,,,,,,,,,,,,,,,,,,,,,,,,,,,,,,,,,,,,,,,,,,,,,,,,,,,,,,,,,,,,,,,,,,,,,,,,,,,,,,1,,,,,0,0,1,4,4,4.0
2060,1,0,0,1,1,1,0,0,0,0,0,0,0,0,0,0,0,0,0,0,0.0,0.0,1,,,,1,,,,,,,,,,,,,,,,,,,,,,,,,,,,,,,,,,,,,,,,,,,,,,,,,,,,,,,,,,,,,,,,,,,,,,,,,,,,,,,,,,,,,,,,,,,,,1,,,,,0,0,1,4,4,4.0
2062,1,0,0,1,1,1,0,0,0,0,0,0,0,0,0,0,0,0,0,0,0.0,0.0,1,,,,1,,,,,,,,,,,,,,,,,,,,,,,,,,,,,,,,,,,,,,,,,,,,,,,,,,,,,,,,,,,,,,,,,,,,,,,,,,,,,,,,,,,,,,,,,,,,,1,,,,,0,0,1,4,4,4.0
2063,1,0,0,1,1,1,0,0,0,0,0,0,0,0,0,0,0,0,0,0,0.0,0.0,1,,,,1,,,,,,,,,,,,,,,,,,,,,,,,,,,,,,,,,,,,,,,,,,,,,,,,,,,,,,,,,,,,,,,,,,,,,,,,,,,,,,,,,,,,,,,,,,,,,1,,,,,0,0,1,4,4,4.0
2065,1,0,0,1,1,1,0,0,0,0,0,0,0,0,0,0,0,0,0,0,0.0,0.0,1,,,,1,,,,,,,,,,,,,,,,,,,,,,,,,,,,,,,,,,,,,,,,,,,,,,,,,,,,,,,,,,,,,,,,,,,,,,,,,,,,,,,,,,,,,,,,,,,,,1,,,,,0,0,1,4,4,4.0
2066,1,0,0,1,1,1,0,0,0,0,0,0,0,0,0,0,0,0,0,0,0.0,0.0,1,,,,1,,,,,,,,,,,,,,,,,,,,,,,,,,,,,,,,,,,,,,,,,,,,,,,,,,,,,,,,,,,,,,,,,,,,,,,,,,,,,,,,,,,,,,,,,,,,,1,,,,,0,0,1,4,4,4.0
2068,1,0,0,1,1,1,0,0,0,0,0,0,0,0,0,0,0,0,0,0,0.0,0.0,1,,,,1,,,,,,,,,,,,,,,,,,,,,,,,,,,,,,,,,,,,,,,,,,,,,,,,,,,,,,,,,,,,,,,,,,,,,,,,,,,,,,,,,,,,,,,,,,,,,1,,,,,0,0,1,4,4,4.0
2069,1,0,0,1,1,1,0,0,0,0,0,0,0,0,0,0,0,0,0,0,0.0,0.0,1,,,,1,,,,,,,,,,,,,,,,,,,,,,,,,,,,,,,,,,,,,,,,,,,,,,,,,,,,,,,,,,,,,,,,,,,,,,,,,,,,,,,,,,,,,,,,,,,,,1,,,,,0,0,1,4,4,4.0
2070,1,0,0,1,1,1,0,0,0,0,0,0,0,0,0,0,0,0,0,0,0.0,0.0,1,,,,1,,,,,,,,,,,,,,,,,,,,,,,,,,,,,,,,,,,,,,,,,,,,,,,,,,,,,,,,,,,,,,,,,,,,,,,,,,,,,,,,,,,,,,,,,,,,,1,,,,,0,0,1,4,4,4.0
2072,1,0,0,1,1,1,0,0,0,0,0,0,0,0,0,0,0,0,0,0,0.0,0.0,1,,,,1,,,,,,,,,,,,,,,,,,,,,,,,,,,,,,,,,,,,,,,,,,,,,,,,,,,,,,,,,,,,,,,,,,,,,,,,,,,,,,,,,,,,,,,,,,,,,1,,,,,0,0,1,4,4,4.0
2075,1,0,0,1,1,1,0,0,0,0,0,0,0,0,0,0,0,0,0,0,0.0,0.0,1,,,,1,,,,,,,,,,,,,,,,,,,,,,,,,,,,,,,,,,,,,,,,,,,,,,,,,,,,,,,,,,,,,,,,,,,,,,,,,,,,,,,,,,,,,,,,,,,,,1,,,,,0,0,1,4,4,4.0
2076,1,0,0,1,1,1,0,0,0,0,0,0,0,0,0,0,0,0,0,0,0.0,0.0,1,,,,1,,,,,,,,,,,,,,,,,,,,,,,,,,,,,,,,,,,,,,,,,,,,,,,,,,,,,,,,,,,,,,,,,,,,,,,,,,,,,,,,,,,,,,,,,,,,,1,,,,,0,0,1,4,4,4.0
2078,1,0,0,1,1,1,0,0,0,0,0,0,0,0,0,0,0,0,0,0,0.0,0.0,1,,,,1,,,,,,,,,,,,,,,,,,,,,,,,,,,,,,,,,,,,,,,,,,,,,,,,,,,,,,,,,,,,,,,,,,,,,,,,,,,,,,,,,,,,,,,,,,,,,1,,,,,0,0,1,4,4,4.0
2079,1,0,0,1,1,1,0,0,0,0,0,0,0,0,0,0,0,0,0,0,0.0,0.0,1,,,,1,,,,,,,,,,,,,,,,,,,,,,,,,,,,,,,,,,,,,,,,,,,,,,,,,,,,,,,,,,,,,,,,,,,,,,,,,,,,,,,,,,,,,,,,,,,,,1,,,,,0,0,1,4,4,4.0
2080,1,0,0,1,1,1,0,0,0,0,0,0,0,0,0,0,0,0,0,0,0.0,0.0,1,,,,1,,,,,,,,,,,,,,,,,,,,,,,,,,,,,,,,,,,,,,,,,,,,,,,,,,,,,,,,,,,,,,,,,,,,,,,,,,,,,,,,,,,,,,,,,,,,,1,,,,,0,0,1,4,4,4.0
2081,1,0,0,1,1,1,0,0,0,0,0,0,0,0,0,0,0,0,0,0,0.0,0.0,1,,,,1,,,,,,,,,,,,,,,,,,,,,,,,,,,,,,,,,,,,,,,,,,,,,,,,,,,,,,,,,,,,,,,,,,,,,,,,,,,,,,,,,,,,,,,,,,,,,1,,,,,0,0,1,4,4,4.0
2084,1,0,0,1,1,1,0,0,0,0,0,0,0,0,0,0,0,0,0,0,0.0,0.0,1,,,,1,,,,,,,,,,,,,,,,,,,,,,,,,,,,,,,,,,,,,,,,,,,,,,,,,,,,,,,,,,,,,,,,,,,,,,,,,,,,,,,,,,,,,,,,,,,,,1,,,,,0,0,1,4,4,4.0
1882,1,0,0,1,1,1,0,0,0,0,0,0,0,0,0,0,0,0,0,0,0.0,0.0,1,,,,1,,,,,,,,,,,,,,,,,,,,,,,,,,,,,,,,,,,,,,,,,,,,,,,,,,,,,,,,,,,,,,,,,,,,,,,,,,,,,,,,,,,,,,,,,,,,,1,,,,,0,0,1,4,4,4.0
1883,1,0,0,1,1,1,0,0,0,0,0,0,0,0,0,0,0,0,0,0,0.0,0.0,1,,,,1,,,,,,,,,,,,,,,,,,,,,,,,,,,,,,,,,,,,,,,,,,,,,,,,,,,,,,,,,,,,,,,,,,,,,,,,,,,,,,,,,,,,,,,,,,,,,1,,,,,0,0,1,4,4,4.0
1884,1,0,0,1,1,1,0,0,0,0,0,0,0,0,0,0,0,0,0,0,0.0,0.0,1,,,,1,,,,,,,,,,,,,,,,,,,,,,,,,,,,,,,,,,,,,,,,,,,,,,,,,,,,,,,,,,,,,,,,,,,,,,,,,,,,,,,,,,,,,,,,,,,,,1,,,,,0,0,1,4,4,4.0
1885,1,0,0,1,1,1,0,0,0,0,0,0,0,0,0,0,0,0,0,0,0.0,0.0,1,,,,1,,,,,,,,,,,,,,,,,,,,,,,,,,,,,,,,,,,,,,,,,,,,,,,,,,,,,,,,,,,,,,,,,,,,,,,,,,,,,,,,,,,,,,,,,,,,,1,,,,,0,0,1,4,4,4.0
1886,1,0,0,1,1,1,0,0,0,0,0,0,0,0,0,0,0,0,0,0,0.0,0.0,1,,,,1,,,,,,,,,,,,,,,,,,,,,,,,,,,,,,,,,,,,,,,,,,,,,,,,,,,,,,,,,,,,,,,,,,,,,,,,,,,,,,,,,,,,,,,,,,,,,1,,,,,0,0,1,4,4,4.0
1888,1,0,0,1,1,1,0,0,0,0,0,0,0,0,0,0,0,0,0,0,0.0,0.0,1,,,,1,,,,,,,,,,,,,,,,,,,,,,,,,,,,,,,,,,,,,,,,,,,,,,,,,,,,,,,,,,,,,,,,,,,,,,,,,,,,,,,,,,,,,,,,,,,,,1,,,,,0,0,1,4,4,4.0
1889,1,0,0,1,1,1,0,0,0,0,0,0,0,0,0,0,0,0,0,0,0.0,0.0,1,,,,1,,,,,,,,,,,,,,,,,,,,,,,,,,,,,,,,,,,,,,,,,,,,,,,,,,,,,,,,,,,,,,,,,,,,,,,,,,,,,,,,,,,,,,,,,,,,,1,,,,,0,0,1,4,4,4.0
1890,1,0,0,1,1,1,0,0,0,0,0,0,0,0,0,0,0,0,0,0,0.0,0.0,1,,,,1,,,,,,,,,,,,,,,,,,,,,,,,,,,,,,,,,,,,,,,,,,,,,,,,,,,,,,,,,,,,,,,,,,,,,,,,,,,,,,,,,,,,,,,,,,,,,1,,,,,0,0,1,4,4,4.0
1892,1,0,0,1,1,1,0,0,0,0,0,0,0,0,0,0,0,0,0,0,0.0,0.0,1,,,,1,,,,,,,,,,,,,,,,,,,,,,,,,,,,,,,,,,,,,,,,,,,,,,,,,,,,,,,,,,,,,,,,,,,,,,,,,,,,,,,,,,,,,,,,,,,,,1,,,,,0,0,1,4,4,4.0
1893,1,0,0,1,1,1,0,0,0,0,0,0,0,0,0,0,0,0,0,0,0.0,0.0,1,,,,1,,,,,,,,,,,,,,,,,,,,,,,,,,,,,,,,,,,,,,,,,,,,,,,,,,,,,,,,,,,,,,,,,,,,,,,,,,,,,,,,,,,,,,,,,,,,,1,,,,,0,0,1,4,4,4.0
2045,1,0,0,1,1,1,0,0,0,0,0,0,0,0,0,0,0,0,0,0,0.0,0.0,1,,,,1,,,,,,,,,,,,,,,,,,,,,,,,,,,,,,,,,,,,,,,,,,,,,,,,,,,,,,,,,,,,,,,,,,,,,,,,,,,,,,,,,,,,,,,,,,,,,1,,,,,0,0,1,4,4,4.0
2048,1,0,0,1,1,1,0,0,0,0,0,0,0,0,0,0,0,0,0,0,0.0,0.0,1,,,,1,,,,,,,,,,,,,,,,,,,,,,,,,,,,,,,,,,,,,,,,,,,,,,,,,,,,,,,,,,,,,,,,,,,,,,,,,,,,,,,,,,,,,,,,,,,,,1,,,,,0,0,1,4,4,4.0
2050,1,0,0,1,1,1,0,0,0,0,0,0,0,0,0,0,0,0,0,0,0.0,0.0,1,,,,1,,,,,,,,,,,,,,,,,,,,,,,,,,,,,,,,,,,,,,,,,,,,,,,,,,,,,,,,,,,,,,,,,,,,,,,,,,,,,,,,,,,,,,,,,,,,,1,,,,,0,0,1,4,4,4.0
2053,1,0,0,1,1,1,0,0,0,0,0,0,0,0,0,0,0,0,0,0,0.0,0.0,1,,,,1,,,,,,,,,,,,,,,,,,,,,,,,,,,,,,,,,,,,,,,,,,,,,,,,,,,,,,,,,,,,,,,,,,,,,,,,,,,,,,,,,,,,,,,,,,,,,1,,,,,0,0,1,4,4,4.0
2055,1,0,0,1,1,1,0,0,0,0,0,0,0,0,0,0,0,0,0,0,0.0,0.0,1,,,,1,,,,,,,,,,,,,,,,,,,,,,,,,,,,,,,,,,,,,,,,,,,,,,,,,,,,,,,,,,,,,,,,,,,,,,,,,,,,,,,,,,,,,,,,,,,,,1,,,,,0,0,1,4,4,4.0
2058,1,0,0,1,1,1,0,0,0,0,0,0,0,0,0,0,0,0,0,0,0.0,0.0,1,,,,1,,,,,,,,,,,,,,,,,,,,,,,,,,,,,,,,,,,,,,,,,,,,,,,,,,,,,,,,,,,,,,,,,,,,,,,,,,,,,,,,,,,,,,,,,,,,,1,,,,,0,0,1,4,4,4.0
2061,1,0,0,1,1,1,0,0,0,0,0,0,0,0,0,0,0,0,0,0,0.0,0.0,1,,,,1,,,,,,,,,,,,,,,,,,,,,,,,,,,,,,,,,,,,,,,,,,,,,,,,,,,,,,,,,,,,,,,,,,,,,,,,,,,,,,,,,,,,,,,,,,,,,1,,,,,0,0,1,4,4,4.0
2064,1,0,0,1,1,1,0,0,0,0,0,0,0,0,0,0,0,0,0,0,0.0,0.0,1,,,,1,,,,,,,,,,,,,,,,,,,,,,,,,,,,,,,,,,,,,,,,,,,,,,,,,,,,,,,,,,,,,,,,,,,,,,,,,,,,,,,,,,,,,,,,,,,,,1,,,,,0,0,1,4,4,4.0
2067,1,0,0,1,1,1,0,0,0,0,0,0,0,0,0,0,0,0,0,0,0.0,0.0,1,,,,1,,,,,,,,,,,,,,,,,,,,,,,,,,,,,,,,,,,,,,,,,,,,,,,,,,,,,,,,,,,,,,,,,,,,,,,,,,,,,,,,,,,,,,,,,,,,,1,,,,,0,0,1,4,4,4.0
2071,1,0,0,1,1,1,0,0,0,0,0,0,0,0,0,0,0,0,0,0,0.0,0.0,1,,,,1,,,,,,,,,,,,,,,,,,,,,,,,,,,,,,,,,,,,,,,,,,,,,,,,,,,,,,,,,,,,,,,,,,,,,,,,,,,,,,,,,,,,,,,,,,,,,1,,,,,0,0,1,4,4,4.0
2073,1,0,0,1,1,1,0,0,0,0,0,0,0,0,0,0,0,0,0,0,0.0,0.0,1,,,,1,,,,,,,,,,,,,,,,,,,,,,,,,,,,,,,,,,,,,,,,,,,,,,,,,,,,,,,,,,,,,,,,,,,,,,,,,,,,,,,,,,,,,,,,,,,,,1,,,,,0,0,1,4,4,4.0
2074,1,0,0,1,1,1,0,0,0,0,0,0,0,0,0,0,0,0,0,0,0.0,0.0,1,,,,1,,,,,,,,,,,,,,,,,,,,,,,,,,,,,,,,,,,,,,,,,,,,,,,,,,,,,,,,,,,,,,,,,,,,,,,,,,,,,,,,,,,,,,,,,,,,,1,,,,,0,0,1,4,4,4.0
2077,1,0,0,1,1,1,0,0,0,0,0,0,0,0,0,0,0,0,0,0,0.0,0.0,1,,,,1,,,,,,,,,,,,,,,,,,,,,,,,,,,,,,,,,,,,,,,,,,,,,,,,,,,,,,,,,,,,,,,,,,,,,,,,,,,,,,,,,,,,,,,,,,,,,1,,,,,0,0,1,4,4,4.0
2082,1,0,0,1,1,1,0,0,0,0,0,0,0,0,0,0,0,0,0,0,0.0,0.0,1,,,,1,,,,,,,,,,,,,,,,,,,,,,,,,,,,,,,,,,,,,,,,,,,,,,,,,,,,,,,,,,,,,,,,,,,,,,,,,,,,,,,,,,,,,,,,,,,,,1,,,,,0,0,1,4,4,4.0
2083,1,0,0,1,1,1,0,0,0,0,0,0,0,0,0,0,0,0,0,0,0.0,0.0,1,,,,1,,,,,,,,,,,,,,,,,,,,,,,,,,,,,,,,,,,,,,,,,,,,,,,,,,,,,,,,,,,,,,,,,,,,,,,,,,,,,,,,,,,,,,,,,,,,,1,,,,,0,0,1,4,4,4.0
2085,1,0,0,1,1,1,0,0,0,0,0,0,0,0,0,0,0,0,0,0,0.0,0.0,1,,,,1,,,,,,,,,,,,,,,,,,,,,,,,,,,,,,,,,,,,,,,,,,,,,,,,,,,,,,,,,,,,,,,,,,,,,,,,,,,,,,,,,,,,,,,,,,,,,1,,,,,0,0,1,4,4,4.0
2086,1,0,0,1,1,1,0,0,0,0,0,0,0,0,0,0,0,0,0,0,0.0,0.0,1,,,,1,,,,,,,,,,,,,,,,,,,,,,,,,,,,,,,,,,,,,,,,,,,,,,,,,,,,,,,,,,,,,,,,,,,,,,,,,,,,,,,,,,,,,,,,,,,,,1,,,,,0,0,1,4,4,4.0
2087,1,0,0,1,1,1,0,0,0,0,0,0,0,0,0,0,0,0,0,0,0.0,0.0,1,,,,1,,,,,,,,,,,,,,,,,,,,,,,,,,,,,,,,,,,,,,,,,,,,,,,,,,,,,,,,,,,,,,,,,,,,,,,,,,,,,,,,,,,,,,,,,,,,,1,,,,,0,0,1,4,4,4.0
2088,1,0,0,1,1,1,0,0,0,0,0,0,0,0,0,0,0,0,0,0,0.0,0.0,1,,,,1,,,,,,,,,,,,,,,,,,,,,,,,,,,,,,,,,,,,,,,,,,,,,,,,,,,,,,,,,,,,,,,,,,,,,,,,,,,,,,,,,,,,,,,,,,,,,1,,,,,0,0,1,4,4,4.0
1872,13,0,0,17,16,16,0,0,0,1,4,13,17,34,17,51,56.105716335834195,208.46060490376735,5.230769230769231,1090.4093179581678,0.06948686830125578,60.578295442120435,1,,,7,16,7,7,18,18,,,7,,,,,,,,,4,4,2,,,,,4,,,,,,,,,,,,,,,,,,,,,,,,,,,,,,,,12,,1,,,,,,,,,,,,,,,,,,,,,,,,,,,,,,,,,,,12,14,2,,7,2,1,2,2,1,1,1.0
1873,1,0,0,1,1,1,0,0,0,0,0,0,0,0,0,0,0,0,0,0,0.0,0.0,1,,,,1,,,,,,,,,,,,,,,,,,,,,,,,,,,,,,,,,,,,,,,,,,,,,,,,,,,,,,,,,,,,,,,,,,,,,,,,,,,,,,,,,,,,,,,,,,,,,1,,,,,0,0,1,4,4,4.0
1874,1,0,0,1,1,1,0,0,0,0,0,0,0,0,0,0,0,0,0,0,0.0,0.0,1,,,,1,,,,,,,,,,,,,,,,,,,,,,,,,,,,,,,,,,,,,,,,,,,,,,,,,,,,,,,,,,,,,,,,,,,,,,,,,,,,,,,,,,,,,,,,,,,,,1,,,,,0,0,1,4,4,4.0
1875,1,0,0,1,1,1,0,0,0,0,0,0,0,0,0,0,0,0,0,0,0.0,0.0,1,,,,1,,,,,,,,,,,,,,,,,,,,,,,,,,,,,,,,,,,,,,,,,,,,,,,,,,,,,,,,,,,,,,,,,,,,,,,,,,,,,,,,,,,,,,,,,,,,,1,,,,,0,0,1,4,4,4.0
1876,1,0,0,1,1,1,0,0,0,0,0,0,0,0,0,0,0,0,0,0,0.0,0.0,1,,,,1,,,,,,,,,,,,,,,,,,,,,,,,,,,,,,,,,,,,,,,,,,,,,,,,,,,,,,,,,,,,,,,,,,,,,,,,,,,,,,,,,,,,,,,,,,,,,1,,,,,0,0,1,4,4,4.0
1877,1,0,0,1,1,1,0,0,0,0,0,0,0,0,0,0,0,0,0,0,0.0,0.0,1,,,,1,,,,,,,,,,,,,,,,,,,,,,,,,,,,,,,,,,,,,,,,,,,,,,,,,,,,,,,,,,,,,,,,,,,,,,,,,,,,,,,,,,,,,,,,,,,,,1,,,,,0,0,1,4,4,4.0
1878,1,0,0,1,1,1,0,0,0,0,0,0,0,0,0,0,0,0,0,0,0.0,0.0,1,,,,1,,,,,,,,,,,,,,,,,,,,,,,,,,,,,,,,,,,,,,,,,,,,,,,,,,,,,,,,,,,,,,,,,,,,,,,,,,,,,,,,,,,,,,,,,,,,,1,,,,,0,0,1,4,4,4.0
1879,2,0,0,12,9,9,0,0,0,3,4,8,4,8,12,12,32.0,43.01955000865388,2.0,86.03910001730776,0.014339850002884626,4.779950000961542,1,,,3,9,2,2,8,8,,,2,5,,,1,1,1,,,,,5,,,,,,,1,,,,,,,,,,,,,,,,,,,,,,,,,,,,,,4,2,3,,,,,,,,,,,,,,,,,,,,,,,,,,,,,,,,,,,2,11,2,1,2,2,1,3,4,6,1,3.5
1880,13,0,0,28,27,27,0,0,0,1,1,13,12,24,14,36,48.105716335834195,137.06477719407374,0.9230769230769231,126.52133279452961,0.04568825906469125,7.0289629330294225,1,,,13,27,13,13,27,27,,,13,,,,,,,,,,,1,,,,,12,,,,,,,,,,,,,,,,,,,,,,,,,,,,,,,,12,,1,,,,,,,,,,,,,,,,,,,,,,,,,,,,,,,,,,,13,13,1,,13,1,1,2,1,1,1,1.0
1881,1,0,0,1,1,1,0,0,0,0,0,0,0,0,0,0,0,0,0,0,0.0,0.0,1,,,,1,,,,,,,,,,,,,,,,,,,,,,,,,,,,,,,,,,,,,,,,,,,,,,,,,,,,,,,,,,,,,,,,,,,,,,,,,,,,,,,,,,,,,,,,,,,,,1,,,,,0,0,1,4,4,4.0
2161,1,0,0,1,1,1,0,0,0,0,0,0,0,0,0,0,0,0,0,0,0.0,0.0,1,,,,1,,,,,,,,,,,,,,,,,,,,,,,,,,,,,,,,,,,,,,,,,,,,,,,,,,,,,,,,,,,,,,,,,,,,,,,,,,,,,,,,,,,,,,,,,,,,,1,,,,,0,0,1,4,4,4.0
2162,1,0,0,1,1,1,0,0,0,0,0,0,0,0,0,0,0,0,0,0,0.0,0.0,1,,,,1,,,,,,,,,,,,,,,,,,,,,,,,,,,,,,,,,,,,,,,,,,,,,,,,,,,,,,,,,,,,,,,,,,,,,,,,,,,,,,,,,,,,,,,,,,,,,1,,,,,0,0,1,4,4,4.0
2163,1,0,0,1,1,1,0,0,0,0,0,0,0,0,0,0,0,0,0,0,0.0,0.0,1,,,,1,,,,,,,,,,,,,,,,,,,,,,,,,,,,,,,,,,,,,,,,,,,,,,,,,,,,,,,,,,,,,,,,,,,,,,,,,,,,,,,,,,,,,,,,,,,,,1,,,,,0,0,1,4,4,4.0
2164,1,0,0,1,1,1,0,0,0,0,0,0,0,0,0,0,0,0,0,0,0.0,0.0,1,,,,1,,,,,,,,,,,,,,,,,,,,,,,,,,,,,,,,,,,,,,,,,,,,,,,,,,,,,,,,,,,,,,,,,,,,,,,,,,,,,,,,,,,,,,,,,,,,,1,,,,,0,0,1,4,4,4.0
2165,1,0,0,1,1,1,0,0,0,0,0,0,0,0,0,0,0,0,0,0,0.0,0.0,1,,,,1,,,,,,,,,,,,,,,,,,,,,,,,,,,,,,,,,,,,,,,,,,,,,,,,,,,,,,,,,,,,,,,,,,,,,,,,,,,,,,,,,,,,,,,,,,,,,1,,,,,0,0,1,4,4,4.0
2166,1,0,0,1,1,1,0,0,0,0,0,0,0,0,0,0,0,0,0,0,0.0,0.0,1,,,,1,,,,,,,,,,,,,,,,,,,,,,,,,,,,,,,,,,,,,,,,,,,,,,,,,,,,,,,,,,,,,,,,,,,,,,,,,,,,,,,,,,,,,,,,,,,,,1,,,,,0,0,1,4,4,4.0
2167,25,0,0,29,28,28,0,0,0,1,2,34,36,72,36,108,174.97373660251156,558.3519001557697,2.1176470588235294,1182.3922591533947,0.18611730005192323,65.68845884185527,1,,,37,28,13,13,27,27,,,13,,,,,,,,,,,2,,,,,24,,,,,,,,,,,,,,,,,,,,,,,,,,,,,,,,,,1,,,,,,,,,,,,,,,,,,,,,,,,,,,,,,,,,,,25,26,,,13,2,0,2,2,8,7,7.5
2168,1,0,0,1,1,1,0,0,0,0,0,0,0,0,0,0,0,0,0,0,0.0,0.0,1,,,,1,,,,,,,,,,,,,,,,,,,,,,,,,,,,,,,,,,,,,,,,,,,,,,,,,,,,,,,,,,,,,,,,,,,,,,,,,,,,,,,,,,,,,,,,,,,,,1,,,,,0,0,1,4,4,4.0
2169,1,0,0,1,1,1,0,0,0,0,0,0,0,0,0,0,0,0,0,0,0.0,0.0,1,,,,1,,,,,,,,,,,,,,,,,,,,,,,,,,,,,,,,,,,,,,,,,,,,,,,,,,,,,,,,,,,,,,,,,,,,,,,,,,,,,,,,,,,,,,,,,,,,,1,,,,,0,0,1,4,4,4.0
2170,1,0,0,1,1,1,0,0,0,0,0,0,0,0,0,0,0,0,0,0,0.0,0.0,1,,,,1,,,,,,,,,,,,,,,,,,,,,,,,,,,,,,,,,,,,,,,,,,,,,,,,,,,,,,,,,,,,,,,,,,,,,,,,,,,,,,,,,,,,,,,,,,,,,1,,,,,0,0,1,4,4,4.0
2171,1,0,0,1,1,1,0,0,0,0,0,0,0,0,0,0,0,0,0,0,0.0,0.0,1,,,,1,,,,,,,,,,,,,,,,,,,,,,,,,,,,,,,,,,,,,,,,,,,,,,,,,,,,,,,,,,,,,,,,,,,,,,,,,,,,,,,,,,,,,,,,,,,,,1,,,,,0,0,1,4,4,4.0
2189,1,0,0,0,0,0,0,0,0,0,0,0,0,0,0,0,0,0,0,0,0.0,0.0,1,,,,,,,,,,,,,,,,,,,,,,,,,,,,,,,,,,,,,,,,,,,,,,,,,,,,,,,,,,,,,,,,,,,,,,,,,,,,,,,,,,,,,,,,,,,,,,,,,,,,,,0,0,0,0,0,0
2190,1,0,0,1,1,1,0,0,0,0,0,0,0,0,0,0,0,0,0,0,0.0,0.0,1,,,,1,,,,,,,,,,,,,,,,,,,,,,,,,,,,,,,,,,,,,,,,,,,,,,,,,,,,,,,,,,,,,,,,,,,,,,,,,,,,,,,,,,,,,,,,,,,,,1,,,,,0,0,1,4,4,4.0
2191,1,0,0,1,1,1,0,0,0,0,0,0,0,0,0,0,0,0,0,0,0.0,0.0,1,,,,1,,,,,,,,,,,,,,,,,,,,,,,,,,,,,,,,,,,,,,,,,,,,,,,,,,,,,,,,,,,,,,,,,,,,,,,,,,,,,,,,,,,,,,,,,,,,,1,,,,,0,0,1,4,4,4.0
2192,1,0,0,1,1,1,0,0,0,0,0,0,0,0,0,0,0,0,0,0,0.0,0.0,1,,,,1,,,,,,,,,,,,,,,,,,,,,,,,,,,,,,,,,,,,,,,,,,,,,,,,,,,,,,,,,,,,,,,,,,,,,,,,,,,,,,,,,,,,,,,,,,,,,1,,,,,0,0,1,4,4,4.0
2193,1,0,0,1,1,1,0,0,0,0,0,0,0,0,0,0,0,0,0,0,0.0,0.0,1,,,,1,,,,,,,,,,,,,,,,,,,,,,,,,,,,,,,,,,,,,,,,,,,,,,,,,,,,,,,,,,,,,,,,,,,,,,,,,,,,,,,,,,,,,,,,,,,,,1,,,,,0,0,1,4,4,4.0
2194,1,0,0,1,1,1,0,0,0,0,0,0,0,0,0,0,0,0,0,0,0.0,0.0,1,,,,1,,,,,,,,,,,,,,,,,,,,,,,,,,,,,,,,,,,,,,,,,,,,,,,,,,,,,,,,,,,,,,,,,,,,,,,,,,,,,,,,,,,,,,,,,,,,,1,,,,,0,0,1,4,4,4.0
2195,1,0,0,0,0,0,0,0,0,0,0,0,0,0,0,0,0,0,0,0,0.0,0.0,1,,,,,,,,,,,,,,,,,,,,,,,,,,,,,,,,,,,,,,,,,,,,,,,,,,,,,,,,,,,,,,,,,,,,,,,,,,,,,,,,,,,,,,,,,,,,,,,,,,,,,,0,0,0,0,0,0
2196,1,0,0,1,1,1,0,0,0,0,0,0,0,0,0,0,0,0,0,0,0.0,0.0,1,,,,1,,,,,,,,,,,,,,,,,,,,,,,,,,,,,,,,,,,,,,,,,,,,,,,,,,,,,,,,,,,,,,,,,,,,,,,,,,,,,,,,,,,,,,,,,,,,,1,,,,,0,0,1,4,4,4.0
2197,1,0,0,1,1,1,0,0,0,0,0,0,0,0,0,0,0,0,0,0,0.0,0.0,1,,,,1,,,,,,,,,,,,,,,,,,,,,,,,,,,,,,,,,,,,,,,,,,,,,,,,,,,,,,,,,,,,,,,,,,,,,,,,,,,,,,,,,,,,,,,,,,,,,1,,,,,0,0,1,4,4,4.0
1887,1,0,0,1,1,1,0,0,0,0,0,0,0,0,0,0,0,0,0,0,0.0,0.0,1,,,,1,,,,,,,,,,,,,,,,,,,,,,,,,,,,,,,,,,,,,,,,,,,,,,,,,,,,,,,,,,,,,,,,,,,,,,,,,,,,,,,,,,,,,,,,,,,,,1,,,,,0,0,1,4,4,4.0
1891,1,0,0,1,1,1,0,0,0,0,0,0,0,0,0,0,0,0,0,0,0.0,0.0,1,,,,1,,,,,,,,,,,,,,,,,,,,,,,,,,,,,,,,,,,,,,,,,,,,,,,,,,,,,,,,,,,,,,,,,,,,,,,,,,,,,,,,,,,,,,,,,,,,,1,,,,,0,0,1,4,4,4.0
1894,1,0,0,1,1,1,0,0,0,0,0,0,0,0,0,0,0,0,0,0,0.0,0.0,1,,,,1,,,,,,,,,,,,,,,,,,,,,,,,,,,,,,,,,,,,,,,,,,,,,,,,,,,,,,,,,,,,,,,,,,,,,,,,,,,,,,,,,,,,,,,,,,,,,1,,,,,0,0,1,4,4,4.0
1895,1,0,0,1,1,1,0,0,0,0,0,0,0,0,0,0,0,0,0,0,0.0,0.0,1,,,,1,,,,,,,,,,,,,,,,,,,,,,,,,,,,,,,,,,,,,,,,,,,,,,,,,,,,,,,,,,,,,,,,,,,,,,,,,,,,,,,,,,,,,,,,,,,,,1,,,,,0,0,1,4,4,4.0
1896,1,0,0,1,1,1,0,0,0,0,0,0,0,0,0,0,0,0,0,0,0.0,0.0,1,,,,1,,,,,,,,,,,,,,,,,,,,,,,,,,,,,,,,,,,,,,,,,,,,,,,,,,,,,,,,,,,,,,,,,,,,,,,,,,,,,,,,,,,,,,,,,,,,,1,,,,,0,0,1,4,4,4.0
1897,1,0,0,1,1,1,0,0,0,0,0,0,0,0,0,0,0,0,0,0,0.0,0.0,1,,,,1,,,,,,,,,,,,,,,,,,,,,,,,,,,,,,,,,,,,,,,,,,,,,,,,,,,,,,,,,,,,,,,,,,,,,,,,,,,,,,,,,,,,,,,,,,,,,1,,,,,0,0,1,4,4,4.0
1898,1,0,0,1,1,1,0,0,0,0,0,0,0,0,0,0,0,0,0,0,0.0,0.0,1,,,,1,,,,,,,,,,,,,,,,,,,,,,,,,,,,,,,,,,,,,,,,,,,,,,,,,,,,,,,,,,,,,,,,,,,,,,,,,,,,,,,,,,,,,,,,,,,,,1,,,,,0,0,1,4,4,4.0
1899,1,0,0,1,1,1,0,0,0,0,0,0,0,0,0,0,0,0,0,0,0.0,0.0,1,,,,1,,,,,,,,,,,,,,,,,,,,,,,,,,,,,,,,,,,,,,,,,,,,,,,,,,,,,,,,,,,,,,,,,,,,,,,,,,,,,,,,,,,,,,,,,,,,,1,,,,,0,0,1,4,4,4.0
1900,1,0,0,1,1,1,0,0,0,0,0,0,0,0,0,0,0,0,0,0,0.0,0.0,1,,,,1,,,,,,,,,,,,,,,,,,,,,,,,,,,,,,,,,,,,,,,,,,,,,,,,,,,,,,,,,,,,,,,,,,,,,,,,,,,,,,,,,,,,,,,,,,,,,1,,,,,0,0,1,4,4,4.0
1901,1,0,0,1,1,1,0,0,0,0,0,0,0,0,0,0,0,0,0,0,0.0,0.0,1,,,,1,,,,,,,,,,,,,,,,,,,,,,,,,,,,,,,,,,,,,,,,,,,,,,,,,,,,,,,,,,,,,,,,,,,,,,,,,,,,,,,,,,,,,,,,,,,,,1,,,,,0,0,1,4,4,4.0
2230,1,0,0,1,1,1,0,0,0,0,0,0,0,0,0,0,0,0,0,0,0.0,0.0,1,,,,1,,,,,,,,,,,,,,,,,,,,,,,,,,,,,,,,,,,,,,,,,,,,,,,,,,,,,,,,,,,,,,,,,,,,,,,,,,,,,,,,,,,,,,,,,,,,,1,,,,,0,0,1,4,4,4.0
2231,1,0,0,1,1,1,0,0,0,0,0,0,0,0,0,0,0,0,0,0,0.0,0.0,1,,,,1,,,,,,,,,,,,,,,,,,,,,,,,,,,,,,,,,,,,,,,,,,,,,,,,,,,,,,,,,,,,,,,,,,,,,,,,,,,,,,,,,,,,,,,,,,,,,1,,,,,0,0,1,4,4,4.0
2232,1,0,0,1,1,1,0,0,0,0,0,0,0,0,0,0,0,0,0,0,0.0,0.0,1,,,,1,,,,,,,,,,,,,,,,,,,,,,,,,,,,,,,,,,,,,,,,,,,,,,,,,,,,,,,,,,,,,,,,,,,,,,,,,,,,,,,,,,,,,,,,,,,,,1,,,,,0,0,1,4,4,4.0
2233,1,0,0,1,1,1,0,0,0,0,0,0,0,0,0,0,0,0,0,0,0.0,0.0,1,,,,1,,,,,,,,,,,,,,,,,,,,,,,,,,,,,,,,,,,,,,,,,,,,,,,,,,,,,,,,,,,,,,,,,,,,,,,,,,,,,,,,,,,,,,,,,,,,,1,,,,,0,0,1,4,4,4.0
2234,1,0,0,1,1,1,0,0,0,0,0,0,0,0,0,0,0,0,0,0,0.0,0.0,1,,,,1,,,,,,,,,,,,,,,,,,,,,,,,,,,,,,,,,,,,,,,,,,,,,,,,,,,,,,,,,,,,,,,,,,,,,,,,,,,,,,,,,,,,,,,,,,,,,1,,,,,0,0,1,4,4,4.0
2235,1,0,0,1,1,1,0,0,0,0,0,0,0,0,0,0,0,0,0,0,0.0,0.0,1,,,,1,,,,,,,,,,,,,,,,,,,,,,,,,,,,,,,,,,,,,,,,,,,,,,,,,,,,,,,,,,,,,,,,,,,,,,,,,,,,,,,,,,,,,,,,,,,,,1,,,,,0,0,1,4,4,4.0
2236,1,0,0,1,1,1,0,0,0,0,0,0,0,0,0,0,0,0,0,0,0.0,0.0,1,,,,1,,,,,,,,,,,,,,,,,,,,,,,,,,,,,,,,,,,,,,,,,,,,,,,,,,,,,,,,,,,,,,,,,,,,,,,,,,,,,,,,,,,,,,,,,,,,,1,,,,,0,0,1,4,4,4.0
2237,1,0,0,1,1,1,0,0,0,0,0,0,0,0,0,0,0,0,0,0,0.0,0.0,1,,,,1,,,,,,,,,,,,,,,,,,,,,,,,,,,,,,,,,,,,,,,,,,,,,,,,,,,,,,,,,,,,,,,,,,,,,,,,,,,,,,,,,,,,,,,,,,,,,1,,,,,0,0,1,4,4,4.0
2238,1,0,0,1,1,1,0,0,0,0,0,0,0,0,0,0,0,0,0,0,0.0,0.0,1,,,,1,,,,,,,,,,,,,,,,,,,,,,,,,,,,,,,,,,,,,,,,,,,,,,,,,,,,,,,,,,,,,,,,,,,,,,,,,,,,,,,,,,,,,,,,,,,,,1,,,,,0,0,1,4,4,4.0
2239,1,0,0,1,1,1,0,0,0,0,0,0,0,0,0,0,0,0,0,0,0.0,0.0,1,,,,1,,,,,,,,,,,,,,,,,,,,,,,,,,,,,,,,,,,,,,,,,,,,,,,,,,,,,,,,,,,,,,,,,,,,,,,,,,,,,,,,,,,,,,,,,,,,,1,,,,,0,0,1,4,4,4.0
2240,1,0,0,1,1,1,0,0,0,0,0,0,0,0,0,0,0,0,0,0,0.0,0.0,1,,,,1,,,,,,,,,,,,,,,,,,,,,,,,,,,,,,,,,,,,,,,,,,,,,,,,,,,,,,,,,,,,,,,,,,,,,,,,,,,,,,,,,,,,,,,,,,,,,1,,,,,0,0,1,4,4,4.0
2241,1,0,0,1,1,1,0,0,0,0,0,0,0,0,0,0,0,0,0,0,0.0,0.0,1,,,,1,,,,,,,,,,,,,,,,,,,,,,,,,,,,,,,,,,,,,,,,,,,,,,,,,,,,,,,,,,,,,,,,,,,,,,,,,,,,,,,,,,,,,,,,,,,,,1,,,,,0,0,1,4,4,4.0
2242,1,0,0,1,1,1,0,0,0,0,0,0,0,0,0,0,0,0,0,0,0.0,0.0,1,,,,1,,,,,,,,,,,,,,,,,,,,,,,,,,,,,,,,,,,,,,,,,,,,,,,,,,,,,,,,,,,,,,,,,,,,,,,,,,,,,,,,,,,,,,,,,,,,,1,,,,,0,0,1,4,4,4.0
2243,1,0,0,1,1,1,0,0,0,0,0,0,0,0,0,0,0,0,0,0,0.0,0.0,1,,,,1,,,,,,,,,,,,,,,,,,,,,,,,,,,,,,,,,,,,,,,,,,,,,,,,,,,,,,,,,,,,,,,,,,,,,,,,,,,,,,,,,,,,,,,,,,,,,1,,,,,0,0,1,4,4,4.0
2244,1,0,0,1,1,1,0,0,0,0,0,0,0,0,0,0,0,0,0,0,0.0,0.0,1,,,,1,,,,,,,,,,,,,,,,,,,,,,,,,,,,,,,,,,,,,,,,,,,,,,,,,,,,,,,,,,,,,,,,,,,,,,,,,,,,,,,,,,,,,,,,,,,,,1,,,,,0,0,1,4,4,4.0
2245,1,0,0,1,1,1,0,0,0,0,0,0,0,0,0,0,0,0,0,0,0.0,0.0,1,,,,1,,,,,,,,,,,,,,,,,,,,,,,,,,,,,,,,,,,,,,,,,,,,,,,,,,,,,,,,,,,,,,,,,,,,,,,,,,,,,,,,,,,,,,,,,,,,,1,,,,,0,0,1,4,4,4.0
2246,1,0,0,1,1,1,0,0,0,0,0,0,0,0,0,0,0,0,0,0,0.0,0.0,1,,,,1,,,,,,,,,,,,,,,,,,,,,,,,,,,,,,,,,,,,,,,,,,,,,,,,,,,,,,,,,,,,,,,,,,,,,,,,,,,,,,,,,,,,,,,,,,,,,1,,,,,0,0,1,4,4,4.0
2247,1,0,0,1,1,1,0,0,0,0,0,0,0,0,0,0,0,0,0,0,0.0,0.0,1,,,,1,,,,,,,,,,,,,,,,,,,,,,,,,,,,,,,,,,,,,,,,,,,,,,,,,,,,,,,,,,,,,,,,,,,,,,,,,,,,,,,,,,,,,,,,,,,,,1,,,,,0,0,1,4,4,4.0
2248,1,0,0,1,1,1,0,0,0,0,0,0,0,0,0,0,0,0,0,0,0.0,0.0,1,,,,1,,,,,,,,,,,,,,,,,,,,,,,,,,,,,,,,,,,,,,,,,,,,,,,,,,,,,,,,,,,,,,,,,,,,,,,,,,,,,,,,,,,,,,,,,,,,,1,,,,,0,0,1,4,4,4.0
1908,1,0,0,1,1,1,0,0,0,0,0,0,0,0,0,0,0,0,0,0,0.0,0.0,1,,,,1,,,,,,,,,,,,,,,,,,,,,,,,,,,,,,,,,,,,,,,,,,,,,,,,,,,,,,,,,,,,,,,,,,,,,,,,,,,,,,,,,,,,,,,,,,,,,1,,,,,0,0,1,4,4,4.0
1910,1,0,0,1,1,1,0,0,0,0,0,0,0,0,0,0,0,0,0,0,0.0,0.0,1,,,,1,,,,,,,,,,,,,,,,,,,,,,,,,,,,,,,,,,,,,,,,,,,,,,,,,,,,,,,,,,,,,,,,,,,,,,,,,,,,,,,,,,,,,,,,,,,,,1,,,,,0,0,1,4,4,4.0
1911,1,0,0,1,1,1,0,0,0,0,0,0,0,0,0,0,0,0,0,0,0.0,0.0,1,,,,1,,,,,,,,,,,,,,,,,,,,,,,,,,,,,,,,,,,,,,,,,,,,,,,,,,,,,,,,,,,,,,,,,,,,,,,,,,,,,,,,,,,,,,,,,,,,,1,,,,,0,0,1,4,4,4.0
1915,1,0,0,1,1,1,0,0,0,0,0,0,0,0,0,0,0,0,0,0,0.0,0.0,1,,,,1,,,,,,,,,,,,,,,,,,,,,,,,,,,,,,,,,,,,,,,,,,,,,,,,,,,,,,,,,,,,,,,,,,,,,,,,,,,,,,,,,,,,,,,,,,,,,1,,,,,0,0,1,4,4,4.0
1916,1,0,0,1,1,1,0,0,0,0,0,0,0,0,0,0,0,0,0,0,0.0,0.0,1,,,,1,,,,,,,,,,,,,,,,,,,,,,,,,,,,,,,,,,,,,,,,,,,,,,,,,,,,,,,,,,,,,,,,,,,,,,,,,,,,,,,,,,,,,,,,,,,,,1,,,,,0,0,1,4,4,4.0
1917,1,0,0,1,1,1,0,0,0,0,0,0,0,0,0,0,0,0,0,0,0.0,0.0,1,,,,1,,,,,,,,,,,,,,,,,,,,,,,,,,,,,,,,,,,,,,,,,,,,,,,,,,,,,,,,,,,,,,,,,,,,,,,,,,,,,,,,,,,,,,,,,,,,,1,,,,,0,0,1,4,4,4.0
1918,1,0,0,1,1,1,0,0,0,0,0,0,0,0,0,0,0,0,0,0,0.0,0.0,1,,,,1,,,,,,,,,,,,,,,,,,,,,,,,,,,,,,,,,,,,,,,,,,,,,,,,,,,,,,,,,,,,,,,,,,,,,,,,,,,,,,,,,,,,,,,,,,,,,1,,,,,0,0,1,4,4,4.0
1919,1,0,0,1,1,1,0,0,0,0,0,0,0,0,0,0,0,0,0,0,0.0,0.0,1,,,,1,,,,,,,,,,,,,,,,,,,,,,,,,,,,,,,,,,,,,,,,,,,,,,,,,,,,,,,,,,,,,,,,,,,,,,,,,,,,,,,,,,,,,,,,,,,,,1,,,,,0,0,1,4,4,4.0
1922,1,0,0,1,1,1,0,0,0,0,0,0,0,0,0,0,0,0,0,0,0.0,0.0,1,,,,1,,,,,,,,,,,,,,,,,,,,,,,,,,,,,,,,,,,,,,,,,,,,,,,,,,,,,,,,,,,,,,,,,,,,,,,,,,,,,,,,,,,,,,,,,,,,,1,,,,,0,0,1,4,4,4.0
1926,1,0,0,1,1,1,0,0,0,0,0,0,0,0,0,0,0,0,0,0,0.0,0.0,1,,,,1,,,,,,,,,,,,,,,,,,,,,,,,,,,,,,,,,,,,,,,,,,,,,,,,,,,,,,,,,,,,,,,,,,,,,,,,,,,,,,,,,,,,,,,,,,,,,1,,,,,0,0,1,4,4,4.0
2412,1,0,0,1,1,1,0,0,0,0,0,0,0,0,0,0,0,0,0,0,0.0,0.0,1,,,,1,,,,,,,,,,,,,,,,,,,,,,,,,,,,,,,,,,,,,,,,,,,,,,,,,,,,,,,,,,,,,,,,,,,,,,,,,,,,,,,,,,,,,,,,,,,,,1,,,,,0,0,1,4,4,4.0
2413,1,0,0,1,1,1,0,0,0,0,0,0,0,0,0,0,0,0,0,0,0.0,0.0,1,,,,1,,,,,,,,,,,,,,,,,,,,,,,,,,,,,,,,,,,,,,,,,,,,,,,,,,,,,,,,,,,,,,,,,,,,,,,,,,,,,,,,,,,,,,,,,,,,,1,,,,,0,0,1,4,4,4.0
2419,1,0,0,1,1,1,0,0,0,0,0,0,0,0,0,0,0,0,0,0,0.0,0.0,1,,,,1,,,,,,,,,,,,,,,,,,,,,,,,,,,,,,,,,,,,,,,,,,,,,,,,,,,,,,,,,,,,,,,,,,,,,,,,,,,,,,,,,,,,,,,,,,,,,1,,,,,0,0,1,4,4,4.0
2425,1,0,0,6,4,4,0,0,0,2,1,2,1,2,3,3,2.0,4.754887502163469,0.5,2.3774437510817346,0.0015849625007211565,0.1320802083934297,1,,,3,4,,,6,6,,,,2,,,,,1,,,,,3,,,,,,,,,,,,,,,,,,,,,,,,,,,,,,,,,,,,,1,,2,,,,,,,,,,,,,,,,,,,,,,,,,,,,,,,,,,,,6,2,1,1,2,1,3,3,11,7,9.0
2426,1,0,0,19,7,6,3,3,7,3,2,4,3,6,6,9,10.0,23.264662506490403,1.5,34.89699375973561,0.007754887502163467,1.938721875540867,1,,,3,7,,,8,8,,,,,,,,2,1,,,,,4,,,,,,,,,,,,,,,,,,,,,,,,,,,,,,,,,,,,,,4,6,,,,,,,,,,,,,,,,,,,,,,,,,,,,,,,,,,,,10,2,,2,2,1,2,4,9,5,7.0
2430,1,0,0,22,7,6,4,4,8,4,3,7,4,8,10,12,24.406371956566698,39.863137138648355,1.7142857142857142,68.33680652339717,0.013287712379549451,3.796489251299843,1,,,3,7,,,8,8,,,,1,,1,,2,1,,,,,5,,,,,,,,,,,,,,,,,,,,,,,,,,,,,,,,,,,,,3,4,8,,,,,,,,,,,,,,,,,,,,,,,,,,,,,,,,,,,,11,3,1,1,2,2,3,5,9,5,6.8
2431,1,0,0,23,8,7,4,4,8,4,4,7,4,8,11,12,27.651484454403228,41.51317942364757,2.2857142857142856,94.88726725405158,0.01383772647454919,5.27151484744731,1,,,3,8,,,12,12,,,,3,,1,1,1,1,,,,,4,,,,,,,,,,,,,,,,,,,,,,,,,,,,,,,,,,,,,5,4,8,,,,,,,,,,,,,,,,,,,,,,,,,,,,,,,,,,,,11,2,3,3,2,1,3,4,17,12,13.5
2439,1,0,0,1,1,1,0,0,0,0,0,0,0,0,0,0,0,0,0,0,0.0,0.0,1,,,,1,,,,,,,,,,,,,,,,,,,,,,,,,,,,,,,,,,,,,,,,,,,,,,,,,,,,,,,,,,,,,,,,,,,,,,,,,,,,,,,,,,,,,,,,,,,,,1,,,,,0,0,1,4,4,4.0
2433,1,0,0,23,7,6,4,4,8,5,4,6,4,8,10,12,23.509775004326936,39.863137138648355,2.6666666666666665,106.3016990363956,0.013287712379549451,5.905649946466422,1,,,2,7,,,10,10,,,,3,,1,1,1,1,,,,,3,,,,,,,,,,,,,,,,,,,,,,,,,,,,,,,,,,,,,5,4,9,,,,,,,,,,,,,,,,,,,,,,,,,,,,,,,,,,,,10,1,3,3,1,1,3,3,17,10,13.333333333333334
2434,1,0,0,23,9,8,3,3,8,4,2,10,5,10,12,15,35.219280948873624,53.77443751081735,1.0,53.77443751081735,0.017924812503605784,2.987468750600964,1,,,4,9,,,10,10,,,,,,2,,3,,,,,,7,,,,,,,,,,,,,,,,,,,,,,,,,,,,,,,,,,,,,,6,7,,,,,,,,,,,,,,,,,,,,,,,,,,,,,,,,,,,,14,3,,1,3,1,2,7,6,2,4.142857142857143
2437,1,0,0,19,6,5,3,3,8,3,3,5,3,6,8,9,16.36452797660028,27.0,1.8,48.6,0.009,2.7,1,,,3,6,,,7,7,,,,1,,,1,1,1,,,,,4,,,,,,,,,,,,,,,,,,,,,,,,,,,,,,,,,,,,,2,3,6,,,,,,,,,,,,,,,,,,,,,,,,,,,,,,,,,,,,9,2,1,1,2,1,3,4,15,9,11.75
2438,1,0,0,18,5,4,3,3,8,3,1,4,2,4,5,6,8.0,13.931568569324174,0.5,6.965784284662087,0.004643856189774725,0.3869880158145604,1,,,3,5,,,6,6,,,,,,,,2,,,,,,3,,,,,,,,,,,,,,,,,,,,,,,,,,,,,,,,,,,,,1,3,6,,,,,,,,,,,,,,,,,,,,,,,,,,,,,,,,,,,,6,2,,1,2,1,2,3,12,5,9.0
2436,1,0,0,25,10,9,4,4,8,4,3,11,6,12,14,18,42.808635307173745,68.53238859703687,1.6363636363636365,112.14390861333307,0.022844129532345624,6.23021714518517,1,,,3,10,,,9,9,,,,1,,2,,3,1,,,,,8,,,,,,,,,,,,,,,,,,,,,,,,,,,,,,,,,,,,,3,6,8,,,,,,,,,,,,,,,,,,,,,,,,,,,,,,,,,,,,17,2,1,1,2,1,3,8,10,2,5.875
2435,1,0,0,23,8,7,4,4,8,4,3,7,5,10,10,15,24.406371956566698,49.82892142331044,2.142857142857143,106.77626019280808,0.016609640474436815,5.932014455156004,1,,,2,8,,,9,9,,,,2,,,1,2,2,,,,,5,,,,,,,,,,,,,,,,,,,,,,,,,,,,,,,,,,,,,6,4,8,,,,,,,,,,,,,,,,,,,,,,,,,,,,,,,,,,,,12,1,2,2,1,1,3,5,16,5,9.0
2429,1,0,0,24,8,7,4,4,9,4,2,8,4,8,10,12,26.0,39.863137138648355,1.0,39.863137138648355,0.013287712379549451,2.2146187299249087,1,,,3,8,,,7,7,,,,,,2,,2,,,,,,6,,,,,,,,,,,,,,,,,,,,,,,,,,,,,,,,,,,,,,7,8,,,,,,,,,,,,,,,,,,,,,,,,,,,,,,,,,,,,12,2,,1,2,1,2,6,19,5,12.0
2442,2,0,0,8,6,6,0,0,0,2,2,4,2,4,6,6,10.0,15.509775004326936,1.0,15.509775004326936,0.005169925001442312,0.861654166907052,1,,,3,6,2,2,4,4,,,2,,,,,,,,,,,3,,1,,,1,,,,,,,,,,,,,,,,,,,,,,,,,,,,,,,,2,,2,,,,,,,,,,,,,,,,,,,,,,,,,,,,,,,,,,,2,5,1,,1,1,1,2,2,8,3,5.5
2443,3,0,0,17,12,12,0,0,0,5,5,18,13,26,23,39,86.66829050039843,176.41891628622352,3.611111111111111,637.0683088113627,0.05880630542874117,35.392683822853485,1,,,,12,2,2,12,12,,,2,2,,,2,5,2,,,,,8,2,,,,2,,,,,,,,2,,,,,,,,,,,,,,,,,,,,,,,,10,,5,,,,,,,,,,,,,,,,,,,,,,,,,,,,,,,,,,,3,24,3,2,1,3,2,3,9,18,1,6.666666666666667
2445,2,0,0,12,8,8,0,0,0,4,5,10,7,14,15,21,44.82892142331043,82.0447025077789,3.5,287.15645877722613,0.02734823416925963,15.953136598734785,1,,,3,8,2,2,6,6,,,2,1,,1,1,2,2,,,,,5,,,,,1,,,,,,,,,,,,,,,,,,,,,,,,,,,,,,,,7,,4,,,,,,,,,,,,,,,,,,,,,,,,,,,,,,,,,,,2,10,1,1,1,2,1,3,4,16,6,10.25
2446,1,0,0,1,1,1,0,0,0,0,0,0,0,0,0,0,0,0,0,0,0.0,0.0,1,,,,1,,,,,,,,,,,,,,,,,,,,,,,,,,,,,,,,,,,,,,,,,,,,,,,,,,,,,,,,,,,,,,,,,,,,,,,,,,,,,,,,,,,,,,,,,,,,,1,,,,,0,0,1,4,4,4.0
2447,2,0,0,11,9,9,0,0,0,2,3,6,5,10,9,15,20.264662506490406,47.548875021634686,2.5,118.87218755408671,0.01584962500721156,6.604010419671484,1,,,4,9,2,2,9,9,,,2,2,,2,2,,,,,,1,6,,,,,,,,,,,,,,,,,,,,,,,,,,,,,,,,,,,,,2,,2,,,,,,,,,,,,,,,,,,,,,,,,,,,,,,,,,,,2,15,4,2,1,2,2,3,5,9,5,6.4
2452,7,0,0,13,11,11,0,0,0,2,7,12,10,20,19,30,62.67103446305711,127.43782540330756,5.833333333333333,743.3873148526274,0.042479275134435855,41.29929526959041,1,,,6,11,4,4,13,13,,,4,,,,,,1,,,2,1,3,,,,,,,1,2,,,,,1,,,,,,,,,,,,,,,,,,,,,,,,5,2,2,,,,,,,,,,,,,,,,,,,,,,,,,,,,,,,,,,,6,11,2,,4,2,1,2,3,6,3,4.333333333333333
2453,5,0,0,13,11,11,0,0,0,2,4,11,10,20,15,30,46.053747805010275,117.20671786825557,3.6363636363636362,426.2062467936566,0.03906890595608519,23.67812482186981,1,,,2,11,4,4,10,10,,,4,1,,1,2,3,,,,,,6,,,,,4,,,,,,,,,,,,,,,,,,,,,,,,,,,,,,,,5,3,2,,,,,,,,,,,,,,,,,,,,,,,,,,,,,,,,,,,4,18,2,1,1,2,2,3,3,10,5,7.666666666666667
2454,6,0,0,13,12,12,0,0,0,1,8,18,11,22,26,33,99.05865002596161,155.11451069865606,4.888888888888889,758.3376078600963,0.05170483689955202,42.12986710333868,1,,,7,12,4,4,16,16,,,4,2,,,2,2,,,,1,1,4,3,,,,1,2,,,,,,,,,,,,,,,,,,,,,,,,,,,,,,,3,5,1,,,,,,,,,,,,,,,,,,,,,,,,,,,,,,,,,,,6,16,1,2,4,2,1,3,4,10,4,6.25
2455,3,0,0,12,10,10,0,0,0,2,2,7,5,10,9,15,21.651484454403228,47.548875021634686,1.4285714285714286,67.92696431662098,0.01584962500721156,3.7737202398122767,1,,,2,10,4,4,8,8,,,4,1,,,,3,,,,,,5,,,,,2,,,,,,,,,,,,,,,,,,,,,,,,,,,,,,,,3,3,2,,,,,,,,,,,,,,,,,,,,,,,,,,,,,,,,,,,4,11,2,1,1,2,2,3,3,7,5,5.666666666666667
2456,4,0,0,24,11,10,2,2,8,4,5,10,7,14,15,21,44.82892142331043,82.0447025077789,3.5,287.15645877722613,0.02734823416925963,15.953136598734785,1,,,3,11,3,3,11,11,,,3,1,,,1,2,1,,,,,6,,,,,2,,,1,,,,,,,,,,,,,,,,,,,,,,,,,,,,,8,2,6,,,,,,,,,,,,,,,,,,,,,,,,,,,,,,,,,,,3,14,2,1,1,2,1,3,4,11,8,9.25
2457,4,0,0,25,14,13,2,2,8,2,2,8,6,12,10,18,26.0,59.794705707972525,1.5,89.69205856195879,0.019931568569324175,4.9828921423310435,1,,,7,14,4,4,11,11,,,4,,,,,3,,,,,,5,1,,,,3,,,,,,,,,,,,,,,,,,,,,,,,,,,,,,,,,5,4,,,,,,,,,,,,,,,,,,,,,,,,,,,,,,,,,,,4,15,1,,4,2,1,2,4,9,5,6.25
2458,4,0,0,19,15,15,0,0,0,4,5,13,9,18,18,27,59.715356810271004,112.58797503894243,3.4615384615384617,389.7276059040315,0.03752932501298081,21.651533661335083,1,,,2,15,6,6,11,11,,,6,1,,1,1,2,2,,,,,8,,,,,3,,,,,,,,,,,,,,,,,,,,,,,,,,,,,,,,11,,4,,,,,,,,,,,,,,,,,,,,,,,,,,,,,,,,,,,6,17,2,1,1,2,2,3,5,13,5,9.0
2459,5,0,0,34,18,17,4,4,8,5,4,16,10,20,20,30,72.0,129.65784284662087,2.5,324.14460711655215,0.043219280948873624,18.00803372869734,1,,,4,18,4,4,15,15,,,4,1,,2,,3,1,,,,,12,,,,,4,,,,,,,,,,,,,,,,,,,,,,,,,,,,,,,,9,7,9,,,,,,,,,,,,,,,,,,,,,,,,,,,,,,,,,,,4,25,3,1,1,3,1,3,9,10,2,5.888888888888889
2460,3,0,0,24,12,11,2,2,8,3,5,7,5,10,12,15,31.26112492884004,53.77443751081735,3.5714285714285716,192.0515625386334,0.017924812503605784,10.6695312521463,1,,,6,12,4,4,10,10,,,4,,,,1,1,1,,,1,,4,,,,,1,,,,,,,,,,,,,,,,,,,,,,,,,,,,,,,,3,2,5,,,,,,,,,,,,,,,,,,,,,,,,,,,,,,,,,,,4,10,2,,3,2,1,2,4,15,9,11.75
2461,6,0,0,23,11,10,2,2,8,3,4,12,11,22,16,33,51.01955000865388,132.0,3.6666666666666665,484.0,0.044,26.88888888888889,1,,,2,11,4,4,7,7,,,4,1,,,,4,,,,,2,5,,,,,,,3,,,,,,,,,,,,,,,,,,,,,,,,,,,,,,7,5,5,,,,,,,,,,,,,,,,,,,,,,,,,,,,,,,,,,,6,15,1,1,1,1,1,3,2,10,5,7.5
2471,7,0,0,31,20,19,1,1,7,4,4,9,7,15,13,22,36.52932501298081,81.40967379910403,3.3333333333333335,271.36557933034675,0.027136557933034676,15.075865518352597,1,,,16,20,7,7,17,17,,,7,11,,,,,,,,4,1,6,,,,,,,1,,,,,,,,,,,,,,,,,,,,,,,,,,,,,,6,1,5,,,,,,,,,,,,,,,,,,,,,,,,,,,,,,,,,,,9,20,2,,6,2,2,2,3,1,1,1.0
2472,1,0,0,1,1,1,0,0,0,0,0,0,0,0,0,0,0,0,0,0,0.0,0.0,1,,,,1,,,,,,,,,,,,,,,,,,,,,,,,,,,,,,,,,,,,,,,,,,,,,,,,,,,,,,,,,,,,,,,,,,,,,,,,,,,,,,,,,,,,,,,,,,,,,1,,,,,0,0,1,4,4,4.0
2473,1,0,0,1,1,1,0,0,0,0,0,0,0,0,0,0,0,0,0,0,0.0,0.0,1,,,,1,,,,,,,,,,,,,,,,,,,,,,,,,,,,,,,,,,,,,,,,,,,,,,,,,,,,,,,,,,,,,,,,,,,,,,,,,,,,,,,,,,,,,,,,,,,,,1,,,,,0,0,1,4,4,4.0
2474,3,0,0,18,13,13,1,1,0,4,6,24,17,34,30,51,125.5488750216347,250.25142037603445,4.25,1063.5685365981465,0.08341714012534482,59.08714092211925,1,,,7,12,1,1,14,14,2,2,2,8,,6,1,2,,,,1,,9,,2,1,1,,,,,,,,,,1,,,,,,,,,,,4,,,,,,,,,,,,13,1,6,,,,,,,,,,,,,,,,,,,,,,,,,,,,,,,,,,,3,27,4,1,1,3,2,3,10,10,1,2.4
2488,11,0,0,30,20,19,1,1,7,3,6,19,17,34,25,51,96.22039775975506,236.83666567851094,5.368421052631579,1271.438942063585,0.07894555522617032,70.63549678131028,1,,,5,20,8,8,6,6,,,8,3,,1,,1,1,,,,5,8,,,,,,,5,,,,,,,,,,,,,,,,,,,,,,,,,,,,,,12,7,4,,,,,,,,,,,,,,,,,,,,,,,,,,,,,,,,,,,12,23,1,1,3,1,1,3,3,8,1,4.0
2487,16,0,0,46,36,35,1,1,7,3,5,24,26,54,29,80,121.64874049174458,388.6384796102058,5.625,2186.091447807408,0.1295461598700686,121.44952487818932,1,,,10,36,14,14,16,16,,,14,7,,8,,,,,,,,18,,,,,9,,3,3,,,,,,,,,,,,,,,,,,,,,,,,,,,,,28,1,4,,,,,,,,,,,,,,,,,,,,,,,,,,,,,,,,,,,19,47,3,,3,3,1,2,6,3,2,2.6666666666666665
2489,18,0,0,28,24,24,0,0,0,4,9,27,24,51,36,75,156.9112875713945,387.7443751081734,8.5,3295.827188419474,0.12924812503605781,183.10151046774857,1,,,16,24,10,10,10,10,,,10,5,,,,1,1,,,1,1,11,1,,,,10,,2,3,,,,,,,,,,,,,,,,,,,,,,,,,,,,,9,7,4,,,,,,,,,,,,,,,,,,,,,,,,,,,,,,,,,,,18,35,1,1,3,2,1,3,4,7,5,5.5
2495,3,0,0,14,8,8,3,3,0,3,4,6,4,7,10,11,23.509775004326936,36.541209043760986,2.3333333333333335,85.26282110210897,0.012180403014586996,4.736823394561609,1,,,2,8,3,3,7,7,,,3,,,,1,,,,,,,4,,1,,,1,1,,,,,,,,,,,,,,,,,,,,,,,,,,,,,,,3,3,6,,,,,,,,,,,,,,,,,,,,,,,,,,,,,,,,,,,3,7,2,,1,2,1,2,2,8,3,5.5
2496,2,0,0,9,6,6,2,2,0,1,3,4,3,5,7,8,12.75488750216347,22.458839376460833,1.875,42.11032383086406,0.007486279792153611,2.3394624350480036,1,,,,6,1,1,6,6,,,1,,,1,1,,,,,,,4,,,,,,1,,,,,,,,,,,,,,,,,,,,,,,,,,,,,,,2,2,3,,,,,,,,,,,,,,,,,,,,,,,,,,,,,,,,,,,1,8,2,,1,2,1,2,2,4,3,3.5
2497,2,0,0,14,10,10,3,2,0,2,3,6,4,8,9,12,20.264662506490406,38.03910001730775,2.0,76.0782000346155,0.012679700005769252,4.226566668589751,1,,,,10,1,1,7,7,,,1,1,,1,,1,,,,1,,7,,,,,,,,,,,,,,1,,,,,,,,,,,,,,,,,,,,,,,3,4,4,,,,,,,,,,,,,,,,,,,,,,,,,,,,,,,,,,,1,16,2,1,1,2,2,3,6,5,2,4.166666666666667
2498,2,0,0,13,10,10,0,0,0,3,4,11,8,16,15,24,46.053747805010275,93.76537429460444,2.909090909090909,272.7719979479402,0.03125512476486815,15.153999885996676,1,,,,10,1,1,10,10,,,1,,,3,,2,2,,,1,,8,,,,,,,,,,,,,,,,,,,,,,,,,,,,,,,,,,,,,4,,3,,,,,,,,,,,,,,,,,,,,,,,,,,,,,,,,,,,1,18,4,,1,4,2,2,5,5,3,4.2
2499,2,0,0,10,8,8,0,0,0,2,4,7,5,10,11,15,27.651484454403228,51.89147427955947,2.857142857142857,148.26135508445563,0.01729715809318649,8.236741949136423,1,,,,8,1,1,8,8,,,1,1,,,1,,1,,,1,,3,1,,,,,,,,,,,,,2,,,,,,,,,,,,,,,,,,,,,,,6,,2,,,,,,,,,,,,,,,,,,,,,,,,,,,,,,,,,,,2,12,1,1,1,1,1,3,5,9,1,3.8
2505,2,0,0,11,9,9,0,0,0,2,6,15,12,23,21,35,74.11313393845472,153.73110979725664,4.6,707.1631050673805,0.05124370326575221,39.286839170410026,1,,,,9,1,1,12,12,,,1,1,,4,1,4,1,,,1,,6,,,,,,,,,,,,,2,,,,,,,,,,,,,,,,,,,,,,,,9,,2,,,,,,,,,,,,,,,,,,,,,,,,,,,,,,,,,,,3,17,1,2,1,2,1,4,6,9,1,3.3333333333333335
2508,3,0,0,15,13,13,0,0,0,2,7,15,14,28,22,42,78.25484338853101,187.29612798276648,6.533333333333333,1223.6680361540743,0.06243204266092216,67.98155756411523,1,,,,13,3,3,10,10,,,3,1,,2,1,2,2,,,1,,5,,1,,,1,,,,,,,,,3,1,,,,,,,,,,,,,,,,,,,,,,11,2,2,,,,,,,,,,,,,,,,,,,,,,,,,,,,,,,,,,,3,18,1,1,1,1,1,3,5,7,1,3.0
2502,1,0,0,0,0,0,0,0,0,0,0,0,0,0,0,0,0,0,0,0,0.0,0.0,1,,,,,,,,,,,,,,,,,,,,,,,,,,,,,,,,,,,,,,,,,,,,,,,,,,,,,,,,,,,,,,,,,,,,,,,,,,,,,,,,,,,,,,,,,,,,,,,,,,,,,,0,0,0,0,0,0
2503,3,0,0,14,12,12,0,0,0,2,6,10,9,18,16,27,48.72905595320056,108.0,5.4,583.2,0.036,32.400000000000006,1,,,,12,3,3,6,6,,,3,1,,,,,2,,,1,,4,,1,,,1,,,,,,,,,3,1,,,,,,,,,,,,,,,,,,,,,,9,1,2,,,,,,,,,,,,,,,,,,,,,,,,,,,,,,,,,,,3,14,1,1,1,1,1,3,4,7,1,3.5
2504,1,0,0,0,0,0,0,0,0,0,0,0,0,0,0,0,0,0,0,0,0.0,0.0,1,,,,,,,,,,,,,,,,,,,,,,,,,,,,,,,,,,,,,,,,,,,,,,,,,,,,,,,,,,,,,,,,,,,,,,,,,,,,,,,,,,,,,,,,,,,,,,,,,,,,,,0,0,0,0,0,0
2506,4,0,0,17,13,13,0,0,0,4,7,13,9,18,20,27,67.75720079023742,116.69205856195879,4.846153846153846,565.5076684156464,0.03889735285398626,31.417092689758135,1,,,2,13,3,3,10,10,,,3,,,1,1,1,1,,,,1,6,,,,,,,2,,,,,,,1,,,,,,,,,,,,,,,,,,,,,,,6,,4,,,,,,,,,,,,,,,,,,,,,,,,,,,,,,,,,,,4,16,3,,3,3,2,2,5,11,5,8.4
2507,4,0,0,14,12,12,0,0,0,2,8,13,9,18,21,27,72.10571633583419,118.59257041502654,5.538461538461538,656.8203899909162,0.03953085680500885,36.49002166616201,1,,,2,12,3,3,11,11,,,3,,,2,1,1,1,,,1,1,6,,,,,,,1,,,,,,,,,,,,,,,,,,,,,,,,,,,,,,6,,2,,,,,,,,,,,,,,,,,,,,,,,,,,,,,,,,,,,4,15,3,,3,3,2,2,4,9,2,5.0
2525,3,0,0,12,9,9,0,0,0,3,4,6,5,10,10,15,23.509775004326936,49.82892142331044,3.3333333333333335,166.09640474436813,0.016609640474436815,9.227578041353786,1,,,1,9,2,2,6,6,,,2,1,,,,,,,,,,3,,1,,,1,,1,,,,,,,2,,,,,,,,,,,,,,,,,,,,,,,5,,3,,,,,,,,,,,,,,,,,,,,,,,,,,,,,,,,,,,2,11,1,,2,1,1,2,3,15,1,5.666666666666667
2527,4,0,0,13,12,12,0,0,0,1,4,6,6,12,10,18,23.509775004326936,59.794705707972525,4.0,239.1788228318901,0.019931568569324175,13.28771237954945,1,,,2,12,4,4,5,5,,,4,,,,,,,,,1,,3,,1,,,2,,,,,,,,,2,,,,,,,,,,,,,,,,,,,,,,,4,,1,,,,,,,,,,,,,,,,,,,,,,,,,,,,,,,,,,,4,13,1,,3,1,1,2,3,6,1,3.6666666666666665
2526,7,0,0,24,20,20,0,0,0,4,5,11,13,26,16,39,49.663388279447084,156.0,5.909090909090909,921.8181818181819,0.052,51.21212121212122,1,,,2,20,6,6,12,12,,,6,,,,,,,,,2,,6,,2,,,4,,,,,,,,,4,,,,,,,,,,,,,,,,,,,,,,,8,,4,,,,,,,,,,,,,,,,,,,,,,,,,,,,,,,,,,,7,26,2,,4,2,1,2,5,19,1,9.4
2528,1,0,0,0,0,0,0,0,0,0,0,0,0,0,0,0,0,0,0,0,0.0,0.0,1,,,,,,,,,,,,,,,,,,,,,,,,,,,,,,,,,,,,,,,,,,,,,,,,,,,,,,,,,,,,,,,,,,,,,,,,,,,,,,,,,,,,,,,,,,,,,,,,,,,,,,0,0,0,0,0,0
2518,3,0,0,8,7,7,0,0,0,1,6,7,6,12,13,18,35.161259458730164,66.60791492653966,5.142857142857143,342.5549910507754,0.022202638308846556,19.03083283615419,1,,,,7,3,3,5,5,,,3,,,1,,1,,,,,,3,,1,,,1,1,,,,,,,,,,,,,,,,,,,1,,,,,,,,,,,,6,,1,,,,,,,,,,,,,,,,,,,,,,,,,,,,,,,,,,,3,8,1,,1,1,1,2,1,1,1,1.0
2517,2,0,0,12,9,9,0,0,0,3,6,10,6,12,16,18,48.72905595320056,72.0,3.6,259.2,0.024,14.399999999999999,1,,,2,9,1,1,6,6,,,1,3,,,1,1,1,,,,1,5,,,,,,,,,,,,,1,1,,,,,,,,,,,,,,,,,,,,,,,6,1,3,,,,,,,,,,,,,,,,,,,,,,,,,,,,,,,,,,,1,13,1,1,2,1,1,3,4,2,1,1.25
2519,3,0,0,15,12,12,0,0,0,3,3,6,4,8,9,12,20.264662506490406,38.03910001730775,2.0,76.0782000346155,0.012679700005769252,4.226566668589751,1,,,,12,2,2,9,9,,,2,,,,,,,,,,,5,,,,,,,,1,,,,,,2,1,,,,,,,,,,,,,,,,,,,,,,3,,3,,,,,,,,,,,,,,,,,,,,,,,,,,,,,,,,,,,4,13,3,,1,3,1,2,5,27,8,17.4
2520,1,0,0,0,0,0,0,0,0,0,0,0,0,0,0,0,0,0,0,0,0.0,0.0,1,,,,,,,,,,,,,,,,,,,,,,,,,,,,,,,,,,,,,,,,,,,,,,,,,,,,,,,,,,,,,,,,,,,,,,,,,,,,,,,,,,,,,,,,,,,,,,,,,,,,,,0,0,0,0,0,0
2521,2,0,0,15,11,11,0,0,0,4,4,10,9,18,14,27,41.219280948873624,102.7985828955553,3.6,370.07489842399906,0.03426619429851843,20.559716579111058,1,,,,11,1,1,6,6,,,1,1,,1,,2,1,,,,,5,,,,,,,1,,,,,,,2,,2,,,,,,,,,,,,,,,,,,,,,6,3,4,,,,,,,,,,,,,,,,,,,,,,,,,,,,,,,,,,,1,16,1,1,1,1,1,3,5,11,1,4.8
2522,1,0,0,0,0,0,0,0,0,0,0,0,0,0,0,0,0,0,0,0,0.0,0.0,1,,,,,,,,,,,,,,,,,,,,,,,,,,,,,,,,,,,,,,,,,,,,,,,,,,,,,,,,,,,,,,,,,,,,,,,,,,,,,,,,,,,,,,,,,,,,,,,,,,,,,,0,0,0,0,0,0
2523,2,0,0,24,22,22,0,0,0,2,6,22,17,34,28,51,113.61727061434748,245.1751010249378,4.636363636363637,1136.7209229338025,0.08172503367497927,63.15116238521125,1,,,,22,1,1,11,11,,,1,1,,3,2,4,3,,,1,,20,,,,,,,,,,,,,4,,,,,,,,,,,,,,,,,,,,,,,,10,5,2,,,,,,,,,,,,,,,,,,,,,,,,,,,,,,,,,,,1,44,1,1,1,1,1,3,11,2,1,1.4545454545454546
2524,1,0,0,0,0,0,0,0,0,0,0,0,0,0,0,0,0,0,0,0,0.0,0.0,1,,,,,,,,,,,,,,,,,,,,,,,,,,,,,,,,,,,,,,,,,,,,,,,,,,,,,,,,,,,,,,,,,,,,,,,,,,,,,,,,,,,,,,,,,,,,,,,,,,,,,,0,0,0,0,0,0
2530,5,0,0,15,15,15,0,0,0,0,7,14,11,23,21,34,72.95445336320968,149.33879237447786,5.75,858.6980561532478,0.04977959745815929,47.70544756406932,1,,,4,15,3,3,12,12,,,3,1,,2,1,2,1,,,,3,10,,,,,,,1,,,,,,,,,,,,,,,,,,,,,,,,,,,,,,7,2,,,,,,,,,,,,,,,,,,,,,,,,,,,,,,,,,,,,5,24,3,1,2,3,1,3,5,5,1,2.0
2531,5,0,0,15,15,15,0,0,0,0,7,14,11,23,21,34,72.95445336320968,149.33879237447786,5.75,858.6980561532478,0.04977959745815929,47.70544756406932,1,,,4,15,3,3,12,12,,,3,1,,2,1,2,1,,,,3,10,,,,,,,1,,,,,,,,,,,,,,,,,,,,,,,,,,,,,,7,2,,,,,,,,,,,,,,,,,,,,,,,,,,,,,,,,,,,,5,24,3,1,2,3,1,3,5,5,1,1.8
2532,6,0,0,16,16,16,0,0,0,0,6,14,11,24,20,35,68.81274391313339,151.26748332105768,5.142857142857143,777.9470570797253,0.05042249444035256,43.219280948873624,1,,,5,16,3,3,14,14,,,3,1,,3,,1,1,,,1,4,11,,,,,,,,,,,,,,,,,,,,,,,,,,,,,,,,,,,,,8,1,,,,,,,,,,,,,,,,,,,,,,,,,,,,,,,,,,,,6,26,4,1,2,4,1,3,6,5,1,1.6666666666666667
2539,5,0,0,15,15,15,0,0,0,0,7,14,11,23,21,34,72.95445336320968,149.33879237447786,5.75,858.6980561532478,0.04977959745815929,47.70544756406932,1,,,4,15,3,3,12,12,,,3,1,,2,1,2,1,,,,3,10,,,,,,,1,,,,,,,,,,,,,,,,,,,,,,,,,,,,,,7,2,,,,,,,,,,,,,,,,,,,,,,,,,,,,,,,,,,,,5,24,3,1,2,3,1,3,5,5,1,1.8
2538,6,0,0,16,16,16,0,0,0,0,6,14,11,24,20,35,68.81274391313339,151.26748332105768,5.142857142857143,777.9470570797253,0.05042249444035256,43.219280948873624,1,,,5,16,3,3,14,14,,,3,1,,3,,1,1,,,1,4,11,,,,,,,,,,,,,,,,,,,,,,,,,,,,,,,,,,,,,8,1,,,,,,,,,,,,,,,,,,,,,,,,,,,,,,,,,,,,6,26,4,1,2,4,1,3,6,5,1,1.6666666666666667
2537,5,0,0,15,15,15,0,0,0,0,7,14,11,23,21,34,72.95445336320968,149.33879237447786,5.75,858.6980561532478,0.04977959745815929,47.70544756406932,1,,,4,15,3,3,12,12,,,3,1,,2,1,2,1,,,,3,10,,,,,,,1,,,,,,,,,,,,,,,,,,,,,,,,,,,,,,7,2,,,,,,,,,,,,,,,,,,,,,,,,,,,,,,,,,,,,5,24,3,1,2,3,1,3,5,5,1,1.8
2536,6,0,0,16,16,16,0,0,0,0,6,14,11,24,20,35,68.81274391313339,151.26748332105768,5.142857142857143,777.9470570797253,0.05042249444035256,43.219280948873624,1,,,5,16,3,3,14,14,,,3,1,,3,,1,1,,,1,4,11,,,,,,,,,,,,,,,,,,,,,,,,,,,,,,,,,,,,,8,1,,,,,,,,,,,,,,,,,,,,,,,,,,,,,,,,,,,,6,26,4,1,2,4,1,3,6,5,1,1.6666666666666667
2535,8,0,0,19,19,19,0,0,0,0,7,18,15,34,25,49,94.71013448036484,227.5489532989615,6.611111111111111,1504.3514134764675,0.07584965109965383,83.57507852647042,1,,,5,19,3,3,16,16,,,3,2,,3,,2,2,,,1,5,14,,,,,,,,1,,,,,,,,,,,,,,,,,,,,,,,,,,,,,10,2,,,,,,,,,,,,,,,,,,,,,,,,,,,,,,,,,,,,8,36,4,2,2,4,1,3,7,6,1,3.0
2534,6,0,0,16,16,16,0,0,0,0,7,15,12,25,22,37,78.25484338853101,164.99896988958,5.833333333333333,962.49399102255,0.05499965662986,53.471888390141665,1,,,4,16,4,4,13,13,,,4,1,,3,,2,1,,,1,3,10,,,,,,,1,,,,,,,,,,,,,,,,,,,,,,,,,,,,,,8,2,,,,,,,,,,,,,,,,,,,,,,,,,,,,,,,,,,,,6,25,3,1,2,3,1,3,5,5,1,1.8
2533,5,0,0,15,15,15,0,0,0,0,7,14,11,23,21,34,72.95445336320968,149.33879237447786,5.75,858.6980561532478,0.04977959745815929,47.70544756406932,1,,,4,15,3,3,12,12,,,3,1,,2,1,2,1,,,,3,10,,,,,,,,1,,,,,,,,,,,,,,,,,,,,,,,,,,,,,7,2,,,,,,,,,,,,,,,,,,,,,,,,,,,,,,,,,,,,5,24,3,1,2,3,1,3,5,5,1,1.8
2549,2,0,0,22,12,12,4,4,0,6,4,6,5,8,10,13,23.509775004326936,43.18506523353572,2.6666666666666665,115.16017395609524,0.014395021744511906,6.397787442005291,1,,,12,12,1,1,9,9,1,1,1,5,1,1,3,,,,,,,10,5,,,,,,,1,,,,,,,,,,,,,,,,,,,,,,,,,,,,,2,4,10,,,,,,,,,,,,,,,,,,,,,,,,,,,,,,,,,,,1,27,,1,1,1,0,3,4,7,1,4.75
2550,2,0,0,21,12,12,4,4,0,5,4,6,5,8,10,13,23.509775004326936,43.18506523353572,2.6666666666666665,115.16017395609524,0.014395021744511906,6.397787442005291,1,,,12,12,1,1,9,9,1,1,1,5,1,1,3,,,,,,,10,5,,,,,,,1,,,,,,,,,,,,,,,,,,,,,,,,,,,,,2,4,9,,,,,,,,,,,,,,,,,,,,,,,,,,,,,,,,,,,1,27,,1,1,1,0,3,4,7,1,4.75
2551,2,0,0,21,12,12,4,4,0,5,4,6,5,8,10,13,23.509775004326936,43.18506523353572,2.6666666666666665,115.16017395609524,0.014395021744511906,6.397787442005291,1,,,12,12,1,1,9,9,1,1,1,5,1,1,3,,,,,,,10,5,,,,,,,1,,,,,,,,,,,,,,,,,,,,,,,,,,,,,2,4,9,,,,,,,,,,,,,,,,,,,,,,,,,,,,,,,,,,,1,27,,1,1,1,0,3,4,7,1,4.75
2552,2,0,0,21,12,12,4,4,0,5,4,6,5,8,10,13,23.509775004326936,43.18506523353572,2.6666666666666665,115.16017395609524,0.014395021744511906,6.397787442005291,1,,,12,12,1,1,9,9,1,1,1,5,1,1,3,,,,,,,10,5,,,,,,,1,,,,,,,,,,,,,,,,,,,,,,,,,,,,,2,4,9,,,,,,,,,,,,,,,,,,,,,,,,,,,,,,,,,,,1,27,,1,1,1,0,3,4,7,1,4.75
2553,2,0,0,21,12,12,4,4,0,5,4,6,5,8,10,13,23.509775004326936,43.18506523353572,2.6666666666666665,115.16017395609524,0.014395021744511906,6.397787442005291,1,,,12,12,1,1,9,9,1,1,1,5,1,1,3,,,,,,,10,5,,,,,,,1,,,,,,,,,,,,,,,,,,,,,,,,,,,,,2,4,9,,,,,,,,,,,,,,,,,,,,,,,,,,,,,,,,,,,1,27,,1,1,1,0,3,4,7,1,4.75
2555,2,0,0,21,12,12,4,4,0,5,4,6,5,8,10,13,23.509775004326936,43.18506523353572,2.6666666666666665,115.16017395609524,0.014395021744511906,6.397787442005291,1,,,12,12,1,1,9,9,1,1,1,5,1,1,3,,,,,,,10,5,,,,,,,1,,,,,,,,,,,,,,,,,,,,,,,,,,,,,2,4,9,,,,,,,,,,,,,,,,,,,,,,,,,,,,,,,,,,,1,27,,1,1,1,0,3,4,7,1,4.75
2556,2,0,0,21,12,12,4,4,0,5,4,6,5,8,10,13,23.509775004326936,43.18506523353572,2.6666666666666665,115.16017395609524,0.014395021744511906,6.397787442005291,1,,,12,12,1,1,9,9,1,1,1,5,1,1,3,,,,,,,10,5,,,,,,,1,,,,,,,,,,,,,,,,,,,,,,,,,,,,,2,4,9,,,,,,,,,,,,,,,,,,,,,,,,,,,,,,,,,,,1,27,,1,1,1,0,3,4,7,1,4.75
2557,2,0,0,21,12,12,4,4,0,5,4,6,5,8,10,13,23.509775004326936,43.18506523353572,2.6666666666666665,115.16017395609524,0.014395021744511906,6.397787442005291,1,,,12,12,1,1,9,9,1,1,1,5,1,1,3,,,,,,,10,5,,,,,,,1,,,,,,,,,,,,,,,,,,,,,,,,,,,,,2,4,9,,,,,,,,,,,,,,,,,,,,,,,,,,,,,,,,,,,1,27,,1,1,1,0,3,4,7,1,4.75
2558,2,0,0,21,12,12,4,4,0,5,4,6,5,8,10,13,23.509775004326936,43.18506523353572,2.6666666666666665,115.16017395609524,0.014395021744511906,6.397787442005291,1,,,12,12,1,1,10,10,1,1,1,5,1,1,3,,,,,,,10,6,,,,,,,1,,,,,,,,,,,,,,,,,,,,,,,,,,,,,2,4,9,,,,,,,,,,,,,,,,,,,,,,,,,,,,,,,,,,,1,28,,1,1,1,0,3,5,7,1,4.8
2559,2,0,0,21,12,12,4,4,0,5,4,6,5,8,10,13,23.509775004326936,43.18506523353572,2.6666666666666665,115.16017395609524,0.014395021744511906,6.397787442005291,1,,,12,12,1,1,10,10,1,1,1,5,1,1,3,,,,,,,10,6,,,,,,,1,,,,,,,,,,,,,,,,,,,,,,,,,,,,,2,4,9,,,,,,,,,,,,,,,,,,,,,,,,,,,,,,,,,,,1,28,,1,1,1,0,3,5,7,1,4.8
2818,2,0,0,12,8,8,0,0,0,4,4,9,5,10,13,15,36.52932501298081,55.506595772116384,2.2222222222222223,123.34799060470309,0.01850219859070546,6.852666144705727,1,,,1,8,1,1,6,6,1,1,1,1,,,,2,,,,1,,3,,,,,,,,,,,,,1,2,,,,,,,,,,,,,,,,,,,,,,,5,1,4,,,,,,,,,,,,,,,,,,,,,,,,,,,,,,,,,,,3,12,,3,1,1,0,5,5,5,1,4.0
2819,2,0,0,12,8,8,0,0,0,4,4,8,5,10,12,15,32.0,53.77443751081735,2.5,134.43609377704337,0.017924812503605784,7.468671876502409,1,,,1,8,1,1,7,7,1,1,1,1,,,,1,1,,,1,,3,,,,,,,,,,,,,1,2,,,,,,,,,,,,,,,,,,,,,,,5,,4,,,,,,,,,,,,,,,,,,,,,,,,,,,,,,,,,,,3,13,,4,1,1,0,5,5,5,1,4.0
2820,2,0,0,12,8,8,0,0,0,4,4,9,6,12,13,18,36.52932501298081,66.60791492653966,2.6666666666666665,177.62110647077242,0.022202638308846556,9.867839248376246,1,,,1,8,1,1,7,7,2,2,1,1,,1,,2,1,,,1,,3,,,,,,,,,,,,,,2,,,,,,,,,,,,,,,,,,,,,,,6,,4,,,,,,,,,,,,,,,,,,,,,,,,,,,,,,,,,,,3,14,,3,1,1,0,5,5,7,1,4.4
2821,2,0,0,12,8,8,0,0,0,4,4,10,7,14,14,21,41.219280948873624,79.95445336320968,2.8,223.8724694169871,0.026651484454403226,12.437359412054839,1,,,1,8,1,1,8,8,2,2,1,1,,1,,2,2,,,1,,3,,,,,,,,,,,,,,2,,,,,,,,,,,,,,,,,,,,,,,6,,4,,,,,,,,,,,,,,,,,,,,,,,,,,,,,,,,,,,3,15,,4,1,1,0,5,5,7,1,4.4
2822,1,0,0,9,6,6,0,0,0,3,3,14,8,16,17,24,58.05785641096992,98.09910819000817,1.7142857142857142,168.1698997542997,0.03269970273000272,9.342772208572207,1,,,2,6,,,12,12,6,6,,1,,2,3,2,,,,,,3,,,,,,,,,,,,,3,,,,,,,,,,,,,,,,,,,,,,,,10,,3,,,,,,,,,,,,,,,,,,,,,,,,,,,,,,,,,,,4,15,,3,1,2,0,4,7,9,4,5.0
2823,2,0,0,12,9,9,0,0,0,3,3,8,5,10,11,15,28.75488750216347,51.89147427955947,1.875,97.296514274174,0.01729715809318649,5.405361904120777,1,,,2,9,1,1,9,9,2,2,1,1,,,,3,,,,1,,4,,,,,,,,,,,,,,2,,,,,,,,,,,,,,,,,,,,,,,4,1,3,,,,,,,,,,,,,,,,,,,,,,,,,,,,,,,,,,,3,16,,4,1,2,0,5,6,11,1,5.666666666666667
2824,2,0,0,12,9,9,0,0,0,3,3,8,5,10,11,15,28.75488750216347,51.89147427955947,1.875,97.296514274174,0.01729715809318649,5.405361904120777,1,,,2,9,1,1,9,9,2,2,1,1,,,,3,,,,1,,4,,,,,,,,,,,,,,2,,,,,,,,,,,,,,,,,,,,,,,4,1,3,,,,,,,,,,,,,,,,,,,,,,,,,,,,,,,,,,,3,16,,4,1,2,0,5,6,11,1,5.666666666666667
2825,1,0,0,7,4,4,0,0,0,3,2,4,2,4,6,6,10.0,15.509775004326936,1.0,15.509775004326936,0.005169925001442312,0.861654166907052,1,,,1,4,,,6,6,,,,,,,,2,1,,,,,2,,,,,,,,,,,,,,,,,,,,,,,,,,,,,,,,,,,,,1,,3,,,,,,,,,,,,,,,,,,,,,,,,,,,,,,,,,,,2,7,,2,1,1,0,4,3,5,5,5.0
2826,4,0,0,13,10,10,0,0,0,3,3,7,4,8,10,12,24.406371956566698,39.863137138648355,1.7142857142857142,68.33680652339717,0.013287712379549451,3.796489251299843,1,,,1,10,3,3,5,5,4,4,3,,,,,1,,,,2,1,4,,,,,,,,,,,,,,1,,,,,,,,,,,,,,,,,,,,,,,2,4,3,,,,,,,,,,,,,,,,,,,,,,,,,,,,,,,,,,,5,17,,1,1,1,0,3,5,5,1,4.0
2827,5,0,0,13,10,10,0,0,0,3,4,11,6,12,15,18,46.053747805010275,70.32403072095333,2.1818181818181817,153.43424884571635,0.02344134357365111,8.52412493587313,1,,,1,10,3,3,5,5,5,5,3,,,,,1,,,,2,2,4,,,,,,,,,,,,,,1,,,,,,,,,,,,,,,,,,,,,,,5,2,3,,,,,,,,,,,,,,,,,,,,,,,,,,,,,,,,,,,6,19,,1,1,1,0,3,5,5,1,4.0
2588,4,0,0,20,12,12,1,1,0,7,5,13,9,18,18,27,59.715356810271004,112.58797503894243,3.4615384615384617,389.7276059040315,0.03752932501298081,21.651533661335083,1,,,1,12,2,2,7,7,2,2,3,,,4,,2,,,,1,1,8,,,,,,,,,,,,,,,,,,,,,,,,,,,,,,,,,,,,,6,3,8,,,,,,,,,,,,,,,,,,,,,,,,,,,,,,,,,,,4,23,1,1,2,1,1,3,7,17,1,8.428571428571429
2589,3,0,0,17,10,10,1,1,0,6,2,5,3,6,7,9,13.60964047443681,25.26619429851844,1.2,30.319433158222125,0.008422064766172813,1.6844129532345624,1,,,1,10,2,2,5,5,2,2,3,,,2,,,,,,,,6,,,,,,,,1,,,,,,,,,,,,,,,,,,,,,,,,,,,,,6,1,7,,,,,,,,,,,,,,,,,,,,,,,,,,,,,,,,,,,3,15,1,1,2,1,1,3,5,16,1,6.4
2590,3,0,0,17,10,10,1,1,0,6,2,5,3,6,7,9,13.60964047443681,25.26619429851844,1.2,30.319433158222125,0.008422064766172813,1.6844129532345624,1,,,1,10,2,2,5,5,2,2,3,,,2,,,,,,1,,6,,,,,,,,,,,,,,,,,,,,,,,,,,,,,,,,,,,,,6,1,7,,,,,,,,,,,,,,,,,,,,,,,,,,,,,,,,,,,3,15,1,1,2,1,1,3,5,16,1,6.4
2591,3,0,0,18,10,10,1,1,0,7,4,7,5,9,11,14,27.651484454403228,48.43204266092217,2.5714285714285716,124.53953827094274,0.016144014220307392,6.918863237274596,1,,,1,10,2,2,6,6,2,2,3,,,2,1,1,,,,1,,6,,,,,,,,,,,,,,,,,,,,,,,,,,,,,,,,,,,,,7,1,8,,,,,,,,,,,,,,,,,,,,,,,,,,,,,,,,,,,3,15,1,1,2,1,1,3,5,16,1,6.4
2592,3,0,0,17,10,10,1,1,0,6,2,5,3,6,7,9,13.60964047443681,25.26619429851844,1.2,30.319433158222125,0.008422064766172813,1.6844129532345624,1,,,1,10,2,2,5,5,2,2,3,,,2,,,,,,,,6,,,,,,,,1,,,,,,,,,,,,,,,,,,,,,,,,,,,,,6,1,7,,,,,,,,,,,,,,,,,,,,,,,,,,,,,,,,,,,3,15,1,1,2,1,1,3,5,16,1,6.4
2593,3,0,0,17,10,10,1,1,0,6,2,5,3,6,7,9,13.60964047443681,25.26619429851844,1.2,30.319433158222125,0.008422064766172813,1.6844129532345624,1,,,1,10,2,2,5,5,2,2,3,,,2,,,,,,,,6,,,,,,,,1,,,,,,,,,,,,,,,,,,,,,,,,,,,,,6,1,7,,,,,,,,,,,,,,,,,,,,,,,,,,,,,,,,,,,3,15,1,1,2,1,1,3,5,16,1,6.4
2594,3,0,0,16,10,10,1,1,0,5,2,5,3,6,7,9,13.60964047443681,25.26619429851844,1.2,30.319433158222125,0.008422064766172813,1.6844129532345624,1,,,1,10,2,2,5,5,2,2,3,,,2,,,,,,,1,6,,,,,,,,,,,,,,,,,,,,,,,,,,,,,,,,,,,,,6,1,6,,,,,,,,,,,,,,,,,,,,,,,,,,,,,,,,,,,3,15,1,1,2,1,1,3,5,16,1,6.4
2595,3,0,0,17,10,10,1,1,0,6,4,7,5,9,11,14,27.651484454403228,48.43204266092217,2.5714285714285716,124.53953827094274,0.016144014220307392,6.918863237274596,1,,,1,10,2,2,6,6,2,2,3,,,2,1,1,,,,,,6,,,,,,,1,,,,,,,,,,,,,,,,,,,,,,,,,,,,,,7,1,7,,,,,,,,,,,,,,,,,,,,,,,,,,,,,,,,,,,3,15,1,1,2,1,1,3,5,12,1,5.6
2596,3,0,0,17,10,10,1,1,0,6,2,5,3,6,7,9,13.60964047443681,25.26619429851844,1.2,30.319433158222125,0.008422064766172813,1.6844129532345624,1,,,1,10,2,2,5,5,2,2,3,,,2,,,,,,,,6,,,,,,,,1,,,,,,,,,,,,,,,,,,,,,,,,,,,,,6,1,7,,,,,,,,,,,,,,,,,,,,,,,,,,,,,,,,,,,3,15,1,1,2,1,1,3,5,17,1,6.6
2587,3,0,0,20,13,13,1,1,0,6,3,8,5,10,11,15,28.75488750216347,51.89147427955947,1.875,97.296514274174,0.01729715809318649,5.405361904120777,1,,,1,13,2,2,7,7,3,3,3,,,3,,1,,,,,1,8,1,,,,,,,,,,,,,,,,,,,,,,,,,,,,,,,,,,,,6,2,7,,,,,,,,,,,,,,,,,,,,,,,,,,,,,,,,,,,4,22,1,1,2,1,1,3,9,17,1,7.333333333333333
2667,1,0,0,8,6,6,0,0,0,2,2,6,3,6,8,9,17.509775004326936,27.0,1.0,27.0,0.009,1.5,1,,,4,6,,,11,11,,,,,,1,2,,,,,,,5,,,,,,,,,,,,,,,,,,,,,,,,,,,,,,,,,,,,,,,2,,,,,,,,,,,,,,,,,,,,,,,,,,,,,,,,,,,,10,4,2,1,4,1,3,5,9,2,3.4
2894,1,0,0,8,3,3,3,3,0,2,2,4,2,4,6,6,10.0,15.509775004326936,1.0,15.509775004326936,0.005169925001442312,0.861654166907052,1,,,1,3,,,3,3,,,,,,1,,1,,,,,,2,,,,,,,,,,,,,,,,,,,,,,,,,,,,,,,,,,,,,1,4,5,,,,,,,,,,,,,,,,,,,,,,,,,,,,,,,,,,,,4,1,,1,1,1,2,2,5,5,5.0
2895,1,0,0,10,5,5,3,3,0,2,2,4,2,4,6,6,10.0,15.509775004326936,1.0,15.509775004326936,0.005169925001442312,0.861654166907052,1,,,3,5,,,7,7,,,,,,1,,1,,,,,,4,,,,,,,,,,,,,,,,,,,,,,,,,,,,,,,,,,,,,,3,5,,,,,,,,,,,,,,,,,,,,,,,,,,,,,,,,,,,,8,3,,1,3,2,2,4,6,5,5.25
1316,1,0,0,1,1,1,0,0,0,0,0,0,0,0,0,0,0,0,0,0,0.0,0.0,1,,,,1,,,,,,,,,,,,,,,,,,,,,,,,,,,,,,,,,,,,,,,,,,,,,,,,,,,,,,,,,,,,,,,,,,,,,,,,,,,,,,,,,,,,,,,,,,,,,1,,,,,0,0,1,4,4,4.0
1317,1,0,0,1,1,1,0,0,0,0,0,0,0,0,0,0,0,0,0,0,0.0,0.0,1,,,,1,,,,,,,,,,,,,,,,,,,,,,,,,,,,,,,,,,,,,,,,,,,,,,,,,,,,,,,,,,,,,,,,,,,,,,,,,,,,,,,,,,,,,,,,,,,,,1,,,,,0,0,1,4,4,4.0
1318,1,0,0,0,0,0,0,0,0,0,0,0,0,0,0,0,0,0,0,0,0.0,0.0,1,,,,,,,,,,,,,,,,,,,,,,,,,,,,,,,,,,,,,,,,,,,,,,,,,,,,,,,,,,,,,,,,,,,,,,,,,,,,,,,,,,,,,,,,,,,,,,,,,,,,,,0,0,0,0,0,0
1319,1,0,0,1,1,1,0,0,0,0,0,0,0,0,0,0,0,0,0,0,0.0,0.0,1,,,,1,,,,,,,,,,,,,,,,,,,,,,,,,,,,,,,,,,,,,,,,,,,,,,,,,,,,,,,,,,,,,,,,,,,,,,,,,,,,,,,,,,,,,,,,,,,,,1,,,,,0,0,1,4,4,4.0
1325,1,0,0,1,1,1,0,0,0,0,0,0,0,0,0,0,0,0,0,0,0.0,0.0,1,,,,1,,,,,,,,,,,,,,,,,,,,,,,,,,,,,,,,,,,,,,,,,,,,,,,,,,,,,,,,,,,,,,,,,,,,,,,,,,,,,,,,,,,,,,,,,,,,,1,,,,,0,0,1,4,4,4.0
1321,1,0,0,1,1,1,0,0,0,0,0,0,0,0,0,0,0,0,0,0,0.0,0.0,1,,,,1,,,,,,,,,,,,,,,,,,,,,,,,,,,,,,,,,,,,,,,,,,,,,,,,,,,,,,,,,,,,,,,,,,,,,,,,,,,,,,,,,,,,,,,,,,,,,1,,,,,0,0,1,4,4,4.0
1322,1,0,0,1,1,1,0,0,0,0,0,0,0,0,0,0,0,0,0,0,0.0,0.0,1,,,,1,,,,,,,,,,,,,,,,,,,,,,,,,,,,,,,,,,,,,,,,,,,,,,,,,,,,,,,,,,,,,,,,,,,,,,,,,,,,,,,,,,,,,,,,,,,,,1,,,,,0,0,1,4,4,4.0
1323,1,0,0,1,1,1,0,0,0,0,0,0,0,0,0,0,0,0,0,0,0.0,0.0,1,,,,1,,,,,,,,,,,,,,,,,,,,,,,,,,,,,,,,,,,,,,,,,,,,,,,,,,,,,,,,,,,,,,,,,,,,,,,,,,,,,,,,,,,,,,,,,,,,,1,,,,,0,0,1,4,4,4.0
1324,1,0,0,1,1,1,0,0,0,0,0,0,0,0,0,0,0,0,0,0,0.0,0.0,1,,,,1,,,,,,,,,,,,,,,,,,,,,,,,,,,,,,,,,,,,,,,,,,,,,,,,,,,,,,,,,,,,,,,,,,,,,,,,,,,,,,,,,,,,,,,,,,,,,1,,,,,0,0,1,4,4,4.0
2110,1,0,0,1,1,1,0,0,0,0,0,0,0,0,0,0,0,0,0,0,0.0,0.0,1,,,,1,,,,,,,,,,,,,,,,,,,,,,,,,,,,,,,,,,,,,,,,,,,,,,,,,,,,,,,,,,,,,,,,,,,,,,,,,,,,,,,,,,,,,,,,,,,,,1,,,,,0,0,1,4,4,4.0
789,1,0,0,1,1,1,0,0,0,0,0,0,0,0,0,0,0,0,0,0,0.0,0.0,1,,,,1,,,,,,,,,,,,,,,,,,,,,,,,,,,,,,,,,,,,,,,,,,,,,,,,,,,,,,,,,,,,,,,,,,,,,,,,,,,,,,,,,,,,,,,,,,,,,1,,,,,0,0,1,4,4,4.0
790,1,0,0,1,1,1,0,0,0,0,0,0,0,0,0,0,0,0,0,0,0.0,0.0,1,,,,1,,,,,,,,,,,,,,,,,,,,,,,,,,,,,,,,,,,,,,,,,,,,,,,,,,,,,,,,,,,,,,,,,,,,,,,,,,,,,,,,,,,,,,,,,,,,,1,,,,,0,0,1,4,4,4.0
791,1,0,0,1,1,1,0,0,0,0,0,0,0,0,0,0,0,0,0,0,0.0,0.0,1,,,,1,,,,,,,,,,,,,,,,,,,,,,,,,,,,,,,,,,,,,,,,,,,,,,,,,,,,,,,,,,,,,,,,,,,,,,,,,,,,,,,,,,,,,,,,,,,,,1,,,,,0,0,1,4,4,4.0
792,1,0,0,1,1,1,0,0,0,0,0,0,0,0,0,0,0,0,0,0,0.0,0.0,1,,,,1,,,,,,,,,,,,,,,,,,,,,,,,,,,,,,,,,,,,,,,,,,,,,,,,,,,,,,,,,,,,,,,,,,,,,,,,,,,,,,,,,,,,,,,,,,,,,1,,,,,0,0,1,4,4,4.0
1343,1,0,0,1,1,1,0,0,0,0,0,0,0,0,0,0,0,0,0,0,0.0,0.0,1,,,,1,,,,,,,,,,,,,,,,,,,,,,,,,,,,,,,,,,,,,,,,,,,,,,,,,,,,,,,,,,,,,,,,,,,,,,,,,,,,,,,,,,,,,,,,,,,,,1,,,,,0,0,1,4,4,4.0
1344,1,0,0,1,1,1,0,0,0,0,0,0,0,0,0,0,0,0,0,0,0.0,0.0,1,,,,1,,,,,,,,,,,,,,,,,,,,,,,,,,,,,,,,,,,,,,,,,,,,,,,,,,,,,,,,,,,,,,,,,,,,,,,,,,,,,,,,,,,,,,,,,,,,,1,,,,,0,0,1,4,4,4.0
1345,1,0,0,1,1,1,0,0,0,0,0,0,0,0,0,0,0,0,0,0,0.0,0.0,1,,,,1,,,,,,,,,,,,,,,,,,,,,,,,,,,,,,,,,,,,,,,,,,,,,,,,,,,,,,,,,,,,,,,,,,,,,,,,,,,,,,,,,,,,,,,,,,,,,1,,,,,0,0,1,4,4,4.0
1346,1,0,0,1,1,1,0,0,0,0,0,0,0,0,0,0,0,0,0,0,0.0,0.0,1,,,,1,,,,,,,,,,,,,,,,,,,,,,,,,,,,,,,,,,,,,,,,,,,,,,,,,,,,,,,,,,,,,,,,,,,,,,,,,,,,,,,,,,,,,,,,,,,,,1,,,,,0,0,1,4,4,4.0
1347,1,0,0,1,1,1,0,0,0,0,0,0,0,0,0,0,0,0,0,0,0.0,0.0,1,,,,1,,,,,,,,,,,,,,,,,,,,,,,,,,,,,,,,,,,,,,,,,,,,,,,,,,,,,,,,,,,,,,,,,,,,,,,,,,,,,,,,,,,,,,,,,,,,,1,,,,,0,0,1,4,4,4.0
1348,1,0,0,1,1,1,0,0,0,0,0,0,0,0,0,0,0,0,0,0,0.0,0.0,1,,,,1,,,,,,,,,,,,,,,,,,,,,,,,,,,,,,,,,,,,,,,,,,,,,,,,,,,,,,,,,,,,,,,,,,,,,,,,,,,,,,,,,,,,,,,,,,,,,1,,,,,0,0,1,4,4,4.0
474,1,0,0,1,1,1,0,0,0,0,0,0,0,0,0,0,0,0,0,0,0.0,0.0,1,,,,1,,,,,,,,,,,,,,,,,,,,,,,,,,,,,,,,,,,,,,,,,,,,,,,,,,,,,,,,,,,,,,,,,,,,,,,,,,,,,,,,,,,,,,,,,,,,,1,,,,,0,0,1,4,4,4.0
475,1,0,0,1,1,1,0,0,0,0,0,0,0,0,0,0,0,0,0,0,0.0,0.0,1,,,,1,,,,,,,,,,,,,,,,,,,,,,,,,,,,,,,,,,,,,,,,,,,,,,,,,,,,,,,,,,,,,,,,,,,,,,,,,,,,,,,,,,,,,,,,,,,,,1,,,,,0,0,1,4,4,4.0
476,1,0,0,1,1,1,0,0,0,0,0,0,0,0,0,0,0,0,0,0,0.0,0.0,1,,,,1,,,,,,,,,,,,,,,,,,,,,,,,,,,,,,,,,,,,,,,,,,,,,,,,,,,,,,,,,,,,,,,,,,,,,,,,,,,,,,,,,,,,,,,,,,,,,1,,,,,0,0,1,4,4,4.0
813,1,0,0,1,1,1,0,0,0,0,0,0,0,0,0,0,0,0,0,0,0.0,0.0,1,,,,1,,,,,,,,,,,,,,,,,,,,,,,,,,,,,,,,,,,,,,,,,,,,,,,,,,,,,,,,,,,,,,,,,,,,,,,,,,,,,,,,,,,,,,,,,,,,,1,,,,,0,0,1,4,4,4.0
815,1,0,0,1,1,1,0,0,0,0,0,0,0,0,0,0,0,0,0,0,0.0,0.0,1,,,,1,,,,,,,,,,,,,,,,,,,,,,,,,,,,,,,,,,,,,,,,,,,,,,,,,,,,,,,,,,,,,,,,,,,,,,,,,,,,,,,,,,,,,,,,,,,,,1,,,,,0,0,1,4,4,4.0
816,1,0,0,1,1,1,0,0,0,0,0,0,0,0,0,0,0,0,0,0,0.0,0.0,1,,,,1,,,,,,,,,,,,,,,,,,,,,,,,,,,,,,,,,,,,,,,,,,,,,,,,,,,,,,,,,,,,,,,,,,,,,,,,,,,,,,,,,,,,,,,,,,,,,1,,,,,0,0,1,4,4,4.0
817,1,0,0,1,1,1,0,0,0,0,0,0,0,0,0,0,0,0,0,0,0.0,0.0,1,,,,1,,,,,,,,,,,,,,,,,,,,,,,,,,,,,,,,,,,,,,,,,,,,,,,,,,,,,,,,,,,,,,,,,,,,,,,,,,,,,,,,,,,,,,,,,,,,,1,,,,,0,0,1,4,4,4.0
2297,1,0,0,0,0,0,0,0,0,0,0,0,0,0,0,0,0,0,0,0,0.0,0.0,1,,,,,,,,,,,,,,,,,,,,,,,,,,,,,,,,,,,,,,,,,,,,,,,,,,,,,,,,,,,,,,,,,,,,,,,,,,,,,,,,,,,,,,,,,,,,,,,,,,,,,,0,0,0,0,0,0
2303,1,0,0,0,0,0,0,0,0,0,0,0,0,0,0,0,0,0,0,0,0.0,0.0,1,,,,,,,,,,,,,,,,,,,,,,,,,,,,,,,,,,,,,,,,,,,,,,,,,,,,,,,,,,,,,,,,,,,,,,,,,,,,,,,,,,,,,,,,,,,,,,,,,,,,,,0,0,0,0,0,0
2296,1,0,0,0,0,0,0,0,0,0,0,0,0,0,0,0,0,0,0,0,0.0,0.0,1,,,,,,,,,,,,,,,,,,,,,,,,,,,,,,,,,,,,,,,,,,,,,,,,,,,,,,,,,,,,,,,,,,,,,,,,,,,,,,,,,,,,,,,,,,,,,,,,,,,,,,0,0,0,0,0,0
2300,1,0,0,0,0,0,0,0,0,0,0,0,0,0,0,0,0,0,0,0,0.0,0.0,1,,,,,,,,,,,,,,,,,,,,,,,,,,,,,,,,,,,,,,,,,,,,,,,,,,,,,,,,,,,,,,,,,,,,,,,,,,,,,,,,,,,,,,,,,,,,,,,,,,,,,,0,0,0,0,0,0
2301,1,0,0,8,6,6,0,0,0,2,4,10,7,14,14,21,41.219280948873624,79.95445336320968,2.8,223.8724694169871,0.026651484454403226,12.437359412054839,1,,,3,6,,,11,11,,,,1,,1,1,4,,,,,,4,,,,,,,,,,,,,2,,,,,,,,,,,,,,,,,,,,,,,,4,,2,,,,,,,,,,,,,,,,,,,,,,,,,,,,,,,,,,,2,14,3,1,1,3,1,3,8,7,1,3.25
2294,1,0,0,0,0,0,0,0,0,0,0,0,0,0,0,0,0,0,0,0,0.0,0.0,1,,,,,,,,,,,,,,,,,,,,,,,,,,,,,,,,,,,,,,,,,,,,,,,,,,,,,,,,,,,,,,,,,,,,,,,,,,,,,,,,,,,,,,,,,,,,,,,,,,,,,,0,0,0,0,0,0
2291,1,0,0,0,0,0,0,0,0,0,0,0,0,0,0,0,0,0,0,0,0.0,0.0,1,,,,,,,,,,,,,,,,,,,,,,,,,,,,,,,,,,,,,,,,,,,,,,,,,,,,,,,,,,,,,,,,,,,,,,,,,,,,,,,,,,,,,,,,,,,,,,,,,,,,,,0,0,0,0,0,0
2284,1,0,0,0,0,0,0,0,0,0,0,0,0,0,0,0,0,0,0,0,0.0,0.0,1,,,,,,,,,,,,,,,,,,,,,,,,,,,,,,,,,,,,,,,,,,,,,,,,,,,,,,,,,,,,,,,,,,,,,,,,,,,,,,,,,,,,,,,,,,,,,,,,,,,,,,0,0,0,0,0,0
2295,1,0,0,0,0,0,0,0,0,0,0,0,0,0,0,0,0,0,0,0,0.0,0.0,1,,,,,,,,,,,,,,,,,,,,,,,,,,,,,,,,,,,,,,,,,,,,,,,,,,,,,,,,,,,,,,,,,,,,,,,,,,,,,,,,,,,,,,,,,,,,,,,,,,,,,,0,0,0,0,0,0
2302,1,0,0,0,0,0,0,0,0,0,0,0,0,0,0,0,0,0,0,0,0.0,0.0,1,,,,,,,,,,,,,,,,,,,,,,,,,,,,,,,,,,,,,,,,,,,,,,,,,,,,,,,,,,,,,,,,,,,,,,,,,,,,,,,,,,,,,,,,,,,,,,,,,,,,,,0,0,0,0,0,0
2325,2,0,0,23,11,10,0,0,8,5,2,6,3,6,8,9,17.509775004326936,27.0,1.0,27.0,0.009,1.5,1,,,3,11,2,2,4,4,,,2,,,,,,2,,,,,7,1,,,,1,,,,,,,,,,,,,,,,,,,,,,,,,,,,,,,,,4,5,,,,,,,,,,,,,,,,,,,,,,,,,,,,,,,,,,,2,14,,,1,1,0,2,7,10,2,4.0
2324,2,0,0,23,11,10,0,0,8,5,2,6,3,6,8,9,17.509775004326936,27.0,1.0,27.0,0.009,1.5,1,,,3,11,2,2,4,4,,,2,,,,,,2,,,,,7,1,,,,1,,,,,,,,,,,,,,,,,,,,,,,,,,,,,,,,,4,5,,,,,,,,,,,,,,,,,,,,,,,,,,,,,,,,,,,2,14,,,1,1,0,2,7,10,2,4.0
2326,2,0,0,23,11,10,0,0,8,5,2,6,3,6,8,9,17.509775004326936,27.0,1.0,27.0,0.009,1.5,1,,,3,11,2,2,4,4,,,2,,,,,,2,,,,,7,1,,,,1,,,,,,,,,,,,,,,,,,,,,,,,,,,,,,,,,4,5,,,,,,,,,,,,,,,,,,,,,,,,,,,,,,,,,,,2,14,,,1,1,0,2,7,10,2,4.0
2322,2,0,0,23,11,10,0,0,8,5,2,6,3,6,8,9,17.509775004326936,27.0,1.0,27.0,0.009,1.5,1,,,3,11,2,2,4,4,,,2,,,,,,2,,,,,7,1,,,,1,,,,,,,,,,,,,,,,,,,,,,,,,,,,,,,,,4,5,,,,,,,,,,,,,,,,,,,,,,,,,,,,,,,,,,,2,14,,,1,1,0,2,7,10,2,4.0
2323,2,0,0,23,11,10,0,0,8,5,2,6,3,6,8,9,17.509775004326936,27.0,1.0,27.0,0.009,1.5,1,,,3,11,2,2,4,4,,,2,,,,,,2,,,,,7,1,,,,1,,,,,,,,,,,,,,,,,,,,,,,,,,,,,,,,,4,5,,,,,,,,,,,,,,,,,,,,,,,,,,,,,,,,,,,2,14,,,1,1,0,2,7,10,2,4.0
2327,2,0,0,23,11,10,0,0,8,5,2,6,3,6,8,9,17.509775004326936,27.0,1.0,27.0,0.009,1.5,1,,,3,11,2,2,4,4,,,2,,,,,,2,,,,,7,1,,,,1,,,,,,,,,,,,,,,,,,,,,,,,,,,,,,,,,4,5,,,,,,,,,,,,,,,,,,,,,,,,,,,,,,,,,,,2,14,,,1,1,0,2,7,10,2,4.0
2321,2,0,0,23,11,10,0,0,8,5,2,6,3,6,8,9,17.509775004326936,27.0,1.0,27.0,0.009,1.5,1,,,3,11,2,2,4,4,,,2,,,,,,2,,,,,7,1,,,,1,,,,,,,,,,,,,,,,,,,,,,,,,,,,,,,,,4,5,,,,,,,,,,,,,,,,,,,,,,,,,,,,,,,,,,,2,14,,,1,1,0,2,7,10,2,4.0
2318,2,0,0,23,11,10,0,0,8,5,2,6,3,6,8,9,17.509775004326936,27.0,1.0,27.0,0.009,1.5,1,,,3,11,2,2,4,4,,,2,,,,,,2,,,,,7,1,,,,1,,,,,,,,,,,,,,,,,,,,,,,,,,,,,,,,,4,5,,,,,,,,,,,,,,,,,,,,,,,,,,,,,,,,,,,2,14,,,1,1,0,2,7,10,2,4.0
2320,2,0,0,23,11,10,0,0,8,5,2,6,3,6,8,9,17.509775004326936,27.0,1.0,27.0,0.009,1.5,1,,,3,11,2,2,4,4,,,2,,,,,,2,,,,,7,1,,,,1,,,,,,,,,,,,,,,,,,,,,,,,,,,,,,,,,4,5,,,,,,,,,,,,,,,,,,,,,,,,,,,,,,,,,,,2,14,,,1,1,0,2,7,10,2,4.0
2319,2,0,0,23,11,10,0,0,8,5,2,6,3,6,8,9,17.509775004326936,27.0,1.0,27.0,0.009,1.5,1,,,3,11,2,2,4,4,,,2,,,,,,2,,,,,7,1,,,,1,,,,,,,,,,,,,,,,,,,,,,,,,,,,,,,,,4,5,,,,,,,,,,,,,,,,,,,,,,,,,,,,,,,,,,,2,14,,,1,1,0,2,7,10,2,4.0
2343,1,0,0,0,0,0,0,0,0,0,0,0,0,0,0,0,0,0,0,0,0.0,0.0,1,,,,,,,,,,,,,,,,,,,,,,,,,,,,,,,,,,,,,,,,,,,,,,,,,,,,,,,,,,,,,,,,,,,,,,,,,,,,,,,,,,,,,,,,,,,,,,,,,,,,,,0,0,0,0,0,0
2345,1,0,0,0,0,0,0,0,0,0,0,0,0,0,0,0,0,0,0,0,0.0,0.0,1,,,,,,,,,,,,,,,,,,,,,,,,,,,,,,,,,,,,,,,,,,,,,,,,,,,,,,,,,,,,,,,,,,,,,,,,,,,,,,,,,,,,,,,,,,,,,,,,,,,,,,0,0,0,0,0,0
2341,1,0,0,0,0,0,0,0,0,0,0,0,0,0,0,0,0,0,0,0,0.0,0.0,1,,,,,,,,,,,,,,,,,,,,,,,,,,,,,,,,,,,,,,,,,,,,,,,,,,,,,,,,,,,,,,,,,,,,,,,,,,,,,,,,,,,,,,,,,,,,,,,,,,,,,,0,0,0,0,0,0
2344,1,0,0,0,0,0,0,0,0,0,0,0,0,0,0,0,0,0,0,0,0.0,0.0,1,,,,,,,,,,,,,,,,,,,,,,,,,,,,,,,,,,,,,,,,,,,,,,,,,,,,,,,,,,,,,,,,,,,,,,,,,,,,,,,,,,,,,,,,,,,,,,,,,,,,,,0,0,0,0,0,0
2336,1,0,0,0,0,0,0,0,0,0,0,0,0,0,0,0,0,0,0,0,0.0,0.0,1,,,,,,,,,,,,,,,,,,,,,,,,,,,,,,,,,,,,,,,,,,,,,,,,,,,,,,,,,,,,,,,,,,,,,,,,,,,,,,,,,,,,,,,,,,,,,,,,,,,,,,0,0,0,0,0,0
2338,1,0,0,0,0,0,0,0,0,0,0,0,0,0,0,0,0,0,0,0,0.0,0.0,1,,,,,,,,,,,,,,,,,,,,,,,,,,,,,,,,,,,,,,,,,,,,,,,,,,,,,,,,,,,,,,,,,,,,,,,,,,,,,,,,,,,,,,,,,,,,,,,,,,,,,,0,0,0,0,0,0
2339,1,0,0,0,0,0,0,0,0,0,0,0,0,0,0,0,0,0,0,0,0.0,0.0,1,,,,,,,,,,,,,,,,,,,,,,,,,,,,,,,,,,,,,,,,,,,,,,,,,,,,,,,,,,,,,,,,,,,,,,,,,,,,,,,,,,,,,,,,,,,,,,,,,,,,,,0,0,0,0,0,0
2337,1,0,0,0,0,0,0,0,0,0,0,0,0,0,0,0,0,0,0,0,0.0,0.0,1,,,,,,,,,,,,,,,,,,,,,,,,,,,,,,,,,,,,,,,,,,,,,,,,,,,,,,,,,,,,,,,,,,,,,,,,,,,,,,,,,,,,,,,,,,,,,,,,,,,,,,0,0,0,0,0,0
2340,1,0,0,0,0,0,0,0,0,0,0,0,0,0,0,0,0,0,0,0,0.0,0.0,1,,,,,,,,,,,,,,,,,,,,,,,,,,,,,,,,,,,,,,,,,,,,,,,,,,,,,,,,,,,,,,,,,,,,,,,,,,,,,,,,,,,,,,,,,,,,,,,,,,,,,,0,0,0,0,0,0
2342,1,0,0,0,0,0,0,0,0,0,0,0,0,0,0,0,0,0,0,0,0.0,0.0,1,,,,,,,,,,,,,,,,,,,,,,,,,,,,,,,,,,,,,,,,,,,,,,,,,,,,,,,,,,,,,,,,,,,,,,,,,,,,,,,,,,,,,,,,,,,,,,,,,,,,,,0,0,0,0,0,0
2361,1,0,0,0,0,0,0,0,0,0,0,0,0,0,0,0,0,0,0,0,0.0,0.0,1,,,,,,,,,,,,,,,,,,,,,,,,,,,,,,,,,,,,,,,,,,,,,,,,,,,,,,,,,,,,,,,,,,,,,,,,,,,,,,,,,,,,,,,,,,,,,,,,,,,,,,0,0,0,0,0,0
2355,1,0,0,0,0,0,0,0,0,0,0,0,0,0,0,0,0,0,0,0,0.0,0.0,1,,,,,,,,,,,,,,,,,,,,,,,,,,,,,,,,,,,,,,,,,,,,,,,,,,,,,,,,,,,,,,,,,,,,,,,,,,,,,,,,,,,,,,,,,,,,,,,,,,,,,,0,0,0,0,0,0
2357,1,0,0,0,0,0,0,0,0,0,0,0,0,0,0,0,0,0,0,0,0.0,0.0,1,,,,,,,,,,,,,,,,,,,,,,,,,,,,,,,,,,,,,,,,,,,,,,,,,,,,,,,,,,,,,,,,,,,,,,,,,,,,,,,,,,,,,,,,,,,,,,,,,,,,,,0,0,0,0,0,0
2358,1,0,0,0,0,0,0,0,0,0,0,0,0,0,0,0,0,0,0,0,0.0,0.0,1,,,,,,,,,,,,,,,,,,,,,,,,,,,,,,,,,,,,,,,,,,,,,,,,,,,,,,,,,,,,,,,,,,,,,,,,,,,,,,,,,,,,,,,,,,,,,,,,,,,,,,0,0,0,0,0,0
2363,1,0,0,0,0,0,0,0,0,0,0,0,0,0,0,0,0,0,0,0,0.0,0.0,1,,,,,,,,,,,,,,,,,,,,,,,,,,,,,,,,,,,,,,,,,,,,,,,,,,,,,,,,,,,,,,,,,,,,,,,,,,,,,,,,,,,,,,,,,,,,,,,,,,,,,,0,0,0,0,0,0
2360,1,0,0,0,0,0,0,0,0,0,0,0,0,0,0,0,0,0,0,0,0.0,0.0,1,,,,,,,,,,,,,,,,,,,,,,,,,,,,,,,,,,,,,,,,,,,,,,,,,,,,,,,,,,,,,,,,,,,,,,,,,,,,,,,,,,,,,,,,,,,,,,,,,,,,,,0,0,0,0,0,0
2354,1,0,0,0,0,0,0,0,0,0,0,0,0,0,0,0,0,0,0,0,0.0,0.0,1,,,,,,,,,,,,,,,,,,,,,,,,,,,,,,,,,,,,,,,,,,,,,,,,,,,,,,,,,,,,,,,,,,,,,,,,,,,,,,,,,,,,,,,,,,,,,,,,,,,,,,0,0,0,0,0,0
2356,1,0,0,0,0,0,0,0,0,0,0,0,0,0,0,0,0,0,0,0,0.0,0.0,1,,,,,,,,,,,,,,,,,,,,,,,,,,,,,,,,,,,,,,,,,,,,,,,,,,,,,,,,,,,,,,,,,,,,,,,,,,,,,,,,,,,,,,,,,,,,,,,,,,,,,,0,0,0,0,0,0
2359,1,0,0,0,0,0,0,0,0,0,0,0,0,0,0,0,0,0,0,0,0.0,0.0,1,,,,,,,,,,,,,,,,,,,,,,,,,,,,,,,,,,,,,,,,,,,,,,,,,,,,,,,,,,,,,,,,,,,,,,,,,,,,,,,,,,,,,,,,,,,,,,,,,,,,,,0,0,0,0,0,0
2362,1,0,0,0,0,0,0,0,0,0,0,0,0,0,0,0,0,0,0,0,0.0,0.0,1,,,,,,,,,,,,,,,,,,,,,,,,,,,,,,,,,,,,,,,,,,,,,,,,,,,,,,,,,,,,,,,,,,,,,,,,,,,,,,,,,,,,,,,,,,,,,,,,,,,,,,0,0,0,0,0,0
2370,1,0,0,0,0,0,0,0,0,0,0,0,0,0,0,0,0,0,0,0,0.0,0.0,1,,,,,,,,,,,,,,,,,,,,,,,,,,,,,,,,,,,,,,,,,,,,,,,,,,,,,,,,,,,,,,,,,,,,,,,,,,,,,,,,,,,,,,,,,,,,,,,,,,,,,,0,0,0,0,0,0
2371,1,0,0,0,0,0,0,0,0,0,0,0,0,0,0,0,0,0,0,0,0.0,0.0,1,,,,,,,,,,,,,,,,,,,,,,,,,,,,,,,,,,,,,,,,,,,,,,,,,,,,,,,,,,,,,,,,,,,,,,,,,,,,,,,,,,,,,,,,,,,,,,,,,,,,,,0,0,0,0,0,0
2372,1,0,0,0,0,0,0,0,0,0,0,0,0,0,0,0,0,0,0,0,0.0,0.0,1,,,,,,,,,,,,,,,,,,,,,,,,,,,,,,,,,,,,,,,,,,,,,,,,,,,,,,,,,,,,,,,,,,,,,,,,,,,,,,,,,,,,,,,,,,,,,,,,,,,,,,0,0,0,0,0,0
2373,1,0,0,0,0,0,0,0,0,0,0,0,0,0,0,0,0,0,0,0,0.0,0.0,1,,,,,,,,,,,,,,,,,,,,,,,,,,,,,,,,,,,,,,,,,,,,,,,,,,,,,,,,,,,,,,,,,,,,,,,,,,,,,,,,,,,,,,,,,,,,,,,,,,,,,,0,0,0,0,0,0
2374,1,0,0,0,0,0,0,0,0,0,0,0,0,0,0,0,0,0,0,0,0.0,0.0,1,,,,,,,,,,,,,,,,,,,,,,,,,,,,,,,,,,,,,,,,,,,,,,,,,,,,,,,,,,,,,,,,,,,,,,,,,,,,,,,,,,,,,,,,,,,,,,,,,,,,,,0,0,0,0,0,0
2375,1,0,0,0,0,0,0,0,0,0,0,0,0,0,0,0,0,0,0,0,0.0,0.0,1,,,,,,,,,,,,,,,,,,,,,,,,,,,,,,,,,,,,,,,,,,,,,,,,,,,,,,,,,,,,,,,,,,,,,,,,,,,,,,,,,,,,,,,,,,,,,,,,,,,,,,0,0,0,0,0,0
2376,1,0,0,0,0,0,0,0,0,0,0,0,0,0,0,0,0,0,0,0,0.0,0.0,1,,,,,,,,,,,,,,,,,,,,,,,,,,,,,,,,,,,,,,,,,,,,,,,,,,,,,,,,,,,,,,,,,,,,,,,,,,,,,,,,,,,,,,,,,,,,,,,,,,,,,,0,0,0,0,0,0
2377,1,0,0,0,0,0,0,0,0,0,0,0,0,0,0,0,0,0,0,0,0.0,0.0,1,,,,,,,,,,,,,,,,,,,,,,,,,,,,,,,,,,,,,,,,,,,,,,,,,,,,,,,,,,,,,,,,,,,,,,,,,,,,,,,,,,,,,,,,,,,,,,,,,,,,,,0,0,0,0,0,0
2378,1,0,0,0,0,0,0,0,0,0,0,0,0,0,0,0,0,0,0,0,0.0,0.0,1,,,,,,,,,,,,,,,,,,,,,,,,,,,,,,,,,,,,,,,,,,,,,,,,,,,,,,,,,,,,,,,,,,,,,,,,,,,,,,,,,,,,,,,,,,,,,,,,,,,,,,0,0,0,0,0,0
2379,1,0,0,0,0,0,0,0,0,0,0,0,0,0,0,0,0,0,0,0,0.0,0.0,1,,,,,,,,,,,,,,,,,,,,,,,,,,,,,,,,,,,,,,,,,,,,,,,,,,,,,,,,,,,,,,,,,,,,,,,,,,,,,,,,,,,,,,,,,,,,,,,,,,,,,,0,0,0,0,0,0
2394,1,0,0,0,0,0,0,0,0,0,0,0,0,0,0,0,0,0,0,0,0.0,0.0,1,,,,,,,,,,,,,,,,,,,,,,,,,,,,,,,,,,,,,,,,,,,,,,,,,,,,,,,,,,,,,,,,,,,,,,,,,,,,,,,,,,,,,,,,,,,,,,,,,,,,,,0,0,0,0,0,0
2393,1,0,0,0,0,0,0,0,0,0,0,0,0,0,0,0,0,0,0,0,0.0,0.0,1,,,,,,,,,,,,,,,,,,,,,,,,,,,,,,,,,,,,,,,,,,,,,,,,,,,,,,,,,,,,,,,,,,,,,,,,,,,,,,,,,,,,,,,,,,,,,,,,,,,,,,0,0,0,0,0,0
2390,1,0,0,0,0,0,0,0,0,0,0,0,0,0,0,0,0,0,0,0,0.0,0.0,1,,,,,,,,,,,,,,,,,,,,,,,,,,,,,,,,,,,,,,,,,,,,,,,,,,,,,,,,,,,,,,,,,,,,,,,,,,,,,,,,,,,,,,,,,,,,,,,,,,,,,,0,0,0,0,0,0
2395,1,0,0,0,0,0,0,0,0,0,0,0,0,0,0,0,0,0,0,0,0.0,0.0,1,,,,,,,,,,,,,,,,,,,,,,,,,,,,,,,,,,,,,,,,,,,,,,,,,,,,,,,,,,,,,,,,,,,,,,,,,,,,,,,,,,,,,,,,,,,,,,,,,,,,,,0,0,0,0,0,0
2389,1,0,0,0,0,0,0,0,0,0,0,0,0,0,0,0,0,0,0,0,0.0,0.0,1,,,,,,,,,,,,,,,,,,,,,,,,,,,,,,,,,,,,,,,,,,,,,,,,,,,,,,,,,,,,,,,,,,,,,,,,,,,,,,,,,,,,,,,,,,,,,,,,,,,,,,0,0,0,0,0,0
2397,1,0,0,0,0,0,0,0,0,0,0,0,0,0,0,0,0,0,0,0,0.0,0.0,1,,,,,,,,,,,,,,,,,,,,,,,,,,,,,,,,,,,,,,,,,,,,,,,,,,,,,,,,,,,,,,,,,,,,,,,,,,,,,,,,,,,,,,,,,,,,,,,,,,,,,,0,0,0,0,0,0
2388,1,0,0,0,0,0,0,0,0,0,0,0,0,0,0,0,0,0,0,0,0.0,0.0,1,,,,,,,,,,,,,,,,,,,,,,,,,,,,,,,,,,,,,,,,,,,,,,,,,,,,,,,,,,,,,,,,,,,,,,,,,,,,,,,,,,,,,,,,,,,,,,,,,,,,,,0,0,0,0,0,0
2391,1,0,0,0,0,0,0,0,0,0,0,0,0,0,0,0,0,0,0,0,0.0,0.0,1,,,,,,,,,,,,,,,,,,,,,,,,,,,,,,,,,,,,,,,,,,,,,,,,,,,,,,,,,,,,,,,,,,,,,,,,,,,,,,,,,,,,,,,,,,,,,,,,,,,,,,0,0,0,0,0,0
2392,1,0,0,0,0,0,0,0,0,0,0,0,0,0,0,0,0,0,0,0,0.0,0.0,1,,,,,,,,,,,,,,,,,,,,,,,,,,,,,,,,,,,,,,,,,,,,,,,,,,,,,,,,,,,,,,,,,,,,,,,,,,,,,,,,,,,,,,,,,,,,,,,,,,,,,,0,0,0,0,0,0
2396,1,0,0,0,0,0,0,0,0,0,0,0,0,0,0,0,0,0,0,0,0.0,0.0,1,,,,,,,,,,,,,,,,,,,,,,,,,,,,,,,,,,,,,,,,,,,,,,,,,,,,,,,,,,,,,,,,,,,,,,,,,,,,,,,,,,,,,,,,,,,,,,,,,,,,,,0,0,0,0,0,0
2270,1,0,0,1,1,1,0,0,0,0,0,0,0,0,0,0,0,0,0,0,0.0,0.0,1,,,,1,,,,,,,,,,,,,,,,,,,,,,,,,,,,,,,,,,,,,,,,,,,,,,,,,,,,,,,,,,,,,,,,,,,,,,,,,,,,,,,,,,,,,,,,,,,,,1,,,,,0,0,1,4,4,4.0
2271,1,0,0,1,1,1,0,0,0,0,0,0,0,0,0,0,0,0,0,0,0.0,0.0,1,,,,1,,,,,,,,,,,,,,,,,,,,,,,,,,,,,,,,,,,,,,,,,,,,,,,,,,,,,,,,,,,,,,,,,,,,,,,,,,,,,,,,,,,,,,,,,,,,,1,,,,,0,0,1,4,4,4.0
2415,1,0,0,1,1,1,0,0,0,0,0,0,0,0,0,0,0,0,0,0,0.0,0.0,1,,,,1,,,,,,,,,,,,,,,,,,,,,,,,,,,,,,,,,,,,,,,,,,,,,,,,,,,,,,,,,,,,,,,,,,,,,,,,,,,,,,,,,,,,,,,,,,,,,1,,,,,0,0,1,4,4,4.0
2432,1,0,0,21,7,6,3,3,8,4,2,6,3,6,8,9,17.509775004326936,27.0,1.0,27.0,0.009,1.5,1,,,5,7,,,12,12,,,,1,,2,,1,,,,,,5,,,,,,,,,,,,,,,,,,,,,,,,,,,,,,,,,,,,,1,3,7,,,,,,,,,,,,,,,,,,,,,,,,,,,,,,,,,,,,10,4,1,1,4,2,3,5,10,2,5.0
2449,2,0,0,16,14,14,0,0,0,2,4,16,12,24,20,36,72.0,155.58941141594505,3.0,466.76823424783515,0.05186313713864835,25.931568569324174,1,,,1,14,2,2,17,17,,,2,,,,3,6,2,,,,,9,,,,,1,,,,,,,,,,,,,,,,,,,,,,,,,,,,,,,,1,,2,,,,,,,,,,,,,,,,,,,,,,,,,,,,,,,,,,,2,26,6,,3,6,1,2,9,11,1,2.111111111111111
2450,1,0,0,1,1,1,0,0,0,0,0,0,0,0,0,0,0,0,0,0,0.0,0.0,1,,,,1,,,,,,,,,,,,,,,,,,,,,,,,,,,,,,,,,,,,,,,,,,,,,,,,,,,,,,,,,,,,,,,,,,,,,,,,,,,,,,,,,,,,,,,,,,,,,1,,,,,0,0,1,4,4,4.0
652,2,0,0,10,7,7,0,0,0,3,2,5,3,6,7,9,13.60964047443681,25.26619429851844,1.2,30.319433158222125,0.008422064766172813,1.6844129532345624,1,,,2,7,2,2,3,3,,,2,,,,,,,,,,,4,,2,,,1,,,,,,,,,,,,,,,,,,,,,,,,,,,,,,,,2,,3,,,,,,,,,,,,,,,,,,,,,,,,,,,,,,,,,,,2,8,1,,1,1,1,2,3,8,6,7.0
651,1,0,0,0,0,0,0,0,0,0,0,0,0,0,0,0,0,0,0,0,0.0,0.0,1,,,,,,,,,,,,,,,,,,,,,,,,,,,,,,,,,,,,,,,,,,,,,,,,,,,,,,,,,,,,,,,,,,,,,,,,,,,,,,,,,,,,,,,,,,,,,,,,,,,,,,0,0,0,0,0,0
87,1,0,0,0,0,0,0,0,0,0,0,0,0,0,0,0,0,0,0,0,0.0,0.0,1,,,,,,,,,,,,,,,,,,,,,,,,,,,,,,,,,,,,,,,,,,,,,,,,,,,,,,,,,,,,,,,,,,,,,,,,,,,,,,,,,,,,,,,,,,,,,,,,,,,,,,0,0,0,0,0,0
2185,1,0,0,0,0,0,0,0,0,0,0,0,0,0,0,0,0,0,0,0,0.0,0.0,1,,,,,,,,,,,,,,,,,,,,,,,,,,,,,,,,,,,,,,,,,,,,,,,,,,,,,,,,,,,,,,,,,,,,,,,,,,,,,,,,,,,,,,,,,,,,,,,,,,,,,,0,0,0,0,0,0
2541,1,0,0,10,6,6,2,2,0,2,2,4,2,4,6,6,10.0,15.509775004326936,1.0,15.509775004326936,0.005169925001442312,0.861654166907052,1,,,2,6,,,11,11,,,,1,,,1,2,,,,,,3,,,,,,,,,,,,,1,,,,,,,,,,,,,,,,,,,,,,,,2,2,4,,,,,,,,,,,,,,,,,,,,,,,,,,,,,,,,,,,4,11,,4,1,2,0,5,7,5,2,3.7142857142857144
2542,1,0,0,8,5,5,0,0,0,3,1,2,1,2,3,3,2.0,4.754887502163469,0.5,2.3774437510817346,0.0015849625007211565,0.1320802083934297,1,,,,5,,,8,8,,,,2,,,1,,,,,,,5,2,,,,,,,,,,,,,,,,,,,,,,,,,,,,,,,,,,,,,,3,,,,,,,,,,,,,,,,,,,,,,,,,,,,,,,,,,,2,14,2,3,1,2,1,4,7,12,2,6.857142857142857
770,8,0,0,29,23,23,0,0,0,6,7,18,14,28,25,42,94.71013448036484,195.04195997053841,5.444444444444445,1061.8951153951537,0.06501398665684614,58.994173077508535,1,,,3,23,6,6,12,12,6,6,6,,,,2,1,,,,3,,11,4,,,,1,1,,,,,,,,4,1,,,,,,,,,,,,,,,,,,,,,,13,,6,,,,,,,,,,,,,,,,,,,,,,,,,,,,,,,,,,,7,39,,5,1,2,0,4,9,15,1,7.444444444444445
2543,3,0,0,16,14,14,0,0,0,2,4,18,13,26,22,39,83.05865002596161,173.9178331268546,2.888888888888889,502.42929569980214,0.05797261104228486,27.91273864998901,1,,,5,14,3,3,9,9,3,3,3,1,,5,1,,,,,,1,5,2,,,,,1,,,,,,,,4,1,,,,,,,,,,,,,,,,,,,,,,6,,2,,,,,,,,,,,,,,,,,,,,,,,,,,,,,,,,,,,5,26,5,1,1,1,2,3,9,12,1,5.0
2544,1,0,0,0,0,0,0,0,0,0,0,0,0,0,0,0,0,0,0,0,0.0,0.0,1,,,,,,,,,,,,,,,,,,,,,,,,,,,,,,,,,,,,,,,,,,,,,,,,,,,,,,,,,,,,,,,,,,,,,,,,,,,,,,,,,,,,,,,,,,,,,,,,,,,,,,0,0,0,0,0,0
2548,3,0,0,26,10,9,1,1,9,7,3,7,5,10,10,15,24.406371956566698,49.82892142331044,2.142857142857143,106.77626019280808,0.016609640474436815,5.932014455156004,1,,,3,10,2,2,5,5,3,3,2,,,3,,1,,,,1,,5,,,,,1,,,,,,,,,,,,,,,,,,,,,,,,,,,,,,,,4,1,6,,,,,,,,,,,,,,,,,,,,,,,,,,,,,,,,,,,4,16,,1,1,1,0,3,4,5,1,3.75
2562,6,0,0,19,19,19,0,0,0,0,4,10,7,14,14,21,41.219280948873624,79.95445336320968,2.8,223.8724694169871,0.026651484454403226,12.437359412054839,1,,,2,19,6,6,17,17,1,1,6,,,,,1,,,,,2,6,,1,,,2,,,,,,,,,2,,,,,,,,,,,,,,,,,,,,,,,11,,,,,,,,,,,,,,,,,,,,,,,,,,,,,,,,,,,,,10,26,1,2,3,2,1,3,7,5,1,3.4285714285714284
2563,7,0,0,13,13,13,0,0,0,0,6,10,7,14,16,21,48.72905595320056,84.0,4.2,352.8,0.028,19.6,1,,,2,13,5,5,12,12,,,5,,,,,1,,,,1,2,4,,,,,1,,,1,,,,,,1,,,,,,,,,,,,,,,,,,,,,,,8,,,,,,,,,,,,,,,,,,,,,,,,,,,,,,,,,,,,,10,19,,2,1,2,0,3,6,5,1,3.5
2564,1,0,0,0,0,0,0,0,0,0,0,0,0,0,0,0,0,0,0,0,0.0,0.0,1,,,,,,,,,,,,,,,,,,,,,,,,,,,,,,,,,,,,,,,,,,,,,,,,,,,,,,,,,,,,,,,,,,,,,,,,,,,,,,,,,,,,,,,,,,,,,,,,,,,,,,0,0,0,0,0,0
2565,1,0,0,0,0,0,0,0,0,0,0,0,0,0,0,0,0,0,0,0,0.0,0.0,1,,,,,,,,,,,,,,,,,,,,,,,,,,,,,,,,,,,,,,,,,,,,,,,,,,,,,,,,,,,,,,,,,,,,,,,,,,,,,,,,,,,,,,,,,,,,,,,,,,,,,,0,0,0,0,0,0
2566,1,0,0,0,0,0,0,0,0,0,0,0,0,0,0,0,0,0,0,0,0.0,0.0,1,,,,,,,,,,,,,,,,,,,,,,,,,,,,,,,,,,,,,,,,,,,,,,,,,,,,,,,,,,,,,,,,,,,,,,,,,,,,,,,,,,,,,,,,,,,,,,,,,,,,,,0,0,0,0,0,0
2567,1,0,0,0,0,0,0,0,0,0,0,0,0,0,0,0,0,0,0,0,0.0,0.0,1,,,,,,,,,,,,,,,,,,,,,,,,,,,,,,,,,,,,,,,,,,,,,,,,,,,,,,,,,,,,,,,,,,,,,,,,,,,,,,,,,,,,,,,,,,,,,,,,,,,,,,0,0,0,0,0,0
2568,1,0,0,0,0,0,0,0,0,0,0,0,0,0,0,0,0,0,0,0,0.0,0.0,1,,,,,,,,,,,,,,,,,,,,,,,,,,,,,,,,,,,,,,,,,,,,,,,,,,,,,,,,,,,,,,,,,,,,,,,,,,,,,,,,,,,,,,,,,,,,,,,,,,,,,,0,0,0,0,0,0
2569,1,0,0,0,0,0,0,0,0,0,0,0,0,0,0,0,0,0,0,0,0.0,0.0,1,,,,,,,,,,,,,,,,,,,,,,,,,,,,,,,,,,,,,,,,,,,,,,,,,,,,,,,,,,,,,,,,,,,,,,,,,,,,,,,,,,,,,,,,,,,,,,,,,,,,,,0,0,0,0,0,0
2570,1,0,0,0,0,0,0,0,0,0,0,0,0,0,0,0,0,0,0,0,0.0,0.0,1,,,,,,,,,,,,,,,,,,,,,,,,,,,,,,,,,,,,,,,,,,,,,,,,,,,,,,,,,,,,,,,,,,,,,,,,,,,,,,,,,,,,,,,,,,,,,,,,,,,,,,0,0,0,0,0,0
2571,1,0,0,0,0,0,0,0,0,0,0,0,0,0,0,0,0,0,0,0,0.0,0.0,1,,,,,,,,,,,,,,,,,,,,,,,,,,,,,,,,,,,,,,,,,,,,,,,,,,,,,,,,,,,,,,,,,,,,,,,,,,,,,,,,,,,,,,,,,,,,,,,,,,,,,,0,0,0,0,0,0
2572,1,0,0,0,0,0,0,0,0,0,0,0,0,0,0,0,0,0,0,0,0.0,0.0,1,,,,,,,,,,,,,,,,,,,,,,,,,,,,,,,,,,,,,,,,,,,,,,,,,,,,,,,,,,,,,,,,,,,,,,,,,,,,,,,,,,,,,,,,,,,,,,,,,,,,,,0,0,0,0,0,0
2573,1,0,0,0,0,0,0,0,0,0,0,0,0,0,0,0,0,0,0,0,0.0,0.0,1,,,,,,,,,,,,,,,,,,,,,,,,,,,,,,,,,,,,,,,,,,,,,,,,,,,,,,,,,,,,,,,,,,,,,,,,,,,,,,,,,,,,,,,,,,,,,,,,,,,,,,0,0,0,0,0,0
2574,7,0,0,15,14,14,0,0,0,1,3,8,6,13,11,19,28.75488750216347,65.72920075410866,2.4375,160.21492683813986,0.021909733584702887,8.900829268785548,1,,,2,14,5,5,6,6,,,5,,,,,1,,,,,,4,2,,,,,,,3,,,,,,2,,,,,,,,,,,,,,,,,,,,,,,8,,1,,,,,,,,,,,,,,,,,,,,,,,,,,,,,,,,,,,10,16,,1,2,1,0,3,8,7,1,4.0
2575,5,0,0,11,11,11,0,0,0,0,2,10,6,12,12,18,35.219280948873624,64.52932501298082,1.2,77.43519001557698,0.02150977500432694,4.301955000865387,1,,,4,11,4,4,8,8,6,6,4,1,,,,1,,,,,,3,1,,,,3,,,,,,,,,3,,,,,,,,,,,,,,,,,,,,,,,7,,,,,,,,,,,,,,,,,,,,,,,,,,,,,,,,,,,,,7,20,2,1,1,1,2,3,9,5,1,3.5555555555555554
2576,2,0,0,6,6,6,0,0,0,0,2,5,3,6,7,9,13.60964047443681,25.26619429851844,1.2,30.319433158222125,0.008422064766172813,1.6844129532345624,1,,,,6,1,1,5,5,,,1,2,,1,,1,1,,,,,2,,,,,,,,,,,,,,1,,,,,,,,,,,,,,,,,,,,,,,5,,,,,,,,,,,,,,,,,,,,,,,,,,,,,,,,,,,,,4,8,2,1,1,1,2,3,4,5,1,2.0
2577,3,0,0,7,7,7,0,0,0,0,1,2,1,2,3,3,2.0,4.754887502163469,0.5,2.3774437510817346,0.0015849625007211565,0.1320802083934297,1,,,2,7,2,2,3,3,,,2,1,,,,1,,,,,,3,1,,,,,,,,,,,,,,,,,,,,,,,,,,,,,,,,,,,,,,,,,,,,,,,,,,,,,,,,,,,,,,,,,,,,,,,,,6,12,,,1,1,0,2,5,7,1,3.4
2578,1,0,0,0,0,0,0,0,0,0,0,0,0,0,0,0,0,0,0,0,0.0,0.0,1,,,,,,,,,,,,,,,,,,,,,,,,,,,,,,,,,,,,,,,,,,,,,,,,,,,,,,,,,,,,,,,,,,,,,,,,,,,,,,,,,,,,,,,,,,,,,,,,,,,,,,0,0,0,0,0,0
2131,2,0,0,36,12,11,10,10,6,9,5,10,7,13,15,20,44.82892142331043,78.13781191217038,3.25,253.94788871455373,0.026045937304056792,14.10821603969743,1,,,3,12,1,1,9,9,,,1,1,,1,1,4,1,,,,,8,,,,,,,,,,,,,1,,,,,,,,,,,,,,,,,,,,,,,,6,10,19,,,,,,,,,,,,,,,,,,,,,,,,,,,,,,,,,,,4,20,2,2,1,2,2,4,8,9,1,4.625
2579,2,0,0,10,10,10,0,0,0,0,2,7,5,10,9,15,21.651484454403228,47.548875021634686,1.4285714285714286,67.92696431662098,0.01584962500721156,3.7737202398122767,1,,,1,10,1,1,5,5,,,1,2,,1,,1,1,,,,,4,,,,,,,,,,,,,,3,,,,,,,,,,,,,,,,,,,,,,,8,,,,,,,,,,,,,,,,,,,,,,,,,,,,,,,,,,,,,4,13,2,1,1,1,2,3,5,5,1,1.8
2580,12,0,0,47,43,43,0,0,0,4,7,30,36,72,37,108,166.8582023226588,562.6209634879266,8.4,4726.016093298584,0.1875403211626422,262.55644962769907,1,,,13,43,17,17,17,17,5,5,17,,,18,,3,,,,,5,23,,4,,,3,1,,,,,,,,1,,,,,,,,,,,2,,,,,,,,,,,,18,,4,,,,,,,,,,,,,,,,,,,,,,,,,,,,,,,,,,,21,70,7,1,1,2,3,3,9,7,1,3.5555555555555554
2581,1,0,0,0,0,0,0,0,0,0,0,0,0,0,0,0,0,0,0,0,0.0,0.0,1,,,,,,,,,,,,,,,,,,,,,,,,,,,,,,,,,,,,,,,,,,,,,,,,,,,,,,,,,,,,,,,,,,,,,,,,,,,,,,,,,,,,,,,,,,,,,,,,,,,,,,0,0,0,0,0,0
2582,2,0,0,39,13,12,11,11,6,10,5,12,8,16,17,24,54.62919048309069,98.09910819000817,3.3333333333333335,326.99702730002724,0.03269970273000272,18.16650151666818,1,,,3,13,1,1,9,9,,,1,1,,2,,4,1,,,1,,9,,,,,,,,,,,,,1,,,,,,,,,,,,,,,,,,,,,,,,7,11,21,,,,,,,,,,,,,,,,,,,,,,,,,,,,,,,,,,,3,22,1,2,1,2,1,4,8,9,1,4.625
2583,1,0,0,0,0,0,0,0,0,0,0,0,0,0,0,0,0,0,0,0,0.0,0.0,1,,,,,,,,,,,,,,,,,,,,,,,,,,,,,,,,,,,,,,,,,,,,,,,,,,,,,,,,,,,,,,,,,,,,,,,,,,,,,,,,,,,,,,,,,,,,,,,,,,,,,,0,0,0,0,0,0
2584,2,0,0,8,5,5,0,0,0,3,5,9,7,13,14,20,40.13896548741762,76.14709844115208,3.611111111111111,274.97563325971583,0.025382366147050694,15.276424069984213,1,,,1,5,1,1,8,8,,,1,3,,3,1,1,1,,,,,3,,,,,,,,,,,,,1,,,,,,,,,,,,,,,,,,,,,,,,7,,3,,,,,,,,,,,,,,,,,,,,,,,,,,,,,,,,,,,2,9,2,1,1,1,2,3,3,4,1,2.0
2601,3,0,0,35,17,16,6,6,6,7,1,6,3,6,7,9,15.509775004326936,25.26619429851844,0.5,12.63309714925922,0.008422064766172813,0.701838730514401,1,,,7,17,3,3,15,15,10,10,3,17,,,,2,,,,,,5,2,,,,3,,,,,,,,,,,,,,,,,,,,,,,,,,,,,,,,19,9,13,,,,,,,,,,,,,,,,,,,,,,,,,,,,,,,,,,,7,24,,4,6,,0,3,11,7,1,4.818181818181818
2602,1,0,0,0,0,0,0,0,0,0,0,0,0,0,0,0,0,0,0,0,0.0,0.0,1,,,,,,,,,,,,,,,,,,,,,,,,,,,,,,,,,,,,,,,,,,,,,,,,,,,,,,,,,,,,,,,,,,,,,,,,,,,,,,,,,,,,,,,,,,,,,,,,,,,,,,0,0,0,0,0,0
2603,1,0,0,0,0,0,0,0,0,0,0,0,0,0,0,0,0,0,0,0,0.0,0.0,1,,,,,,,,,,,,,,,,,,,,,,,,,,,,,,,,,,,,,,,,,,,,,,,,,,,,,,,,,,,,,,,,,,,,,,,,,,,,,,,,,,,,,,,,,,,,,,,,,,,,,,0,0,0,0,0,0
2604,2,0,0,6,4,4,0,0,0,2,0,0,0,0,0,0,0,0,0,0,0.0,0.0,1,,,,4,1,1,5,5,,,1,,,,,1,,,,,,1,,,,,,,,,,,,,,,,,,,,,,,,,,,,,,,,,,,,,,,2,,,,,,,,,,,,,,,,,,,,,,,,,,,,,,,,,,,4,6,,2,1,1,0,4,4,6,5,5.25
2637,1,0,0,0,0,0,0,0,0,0,0,0,0,0,0,0,0,0,0,0,0.0,0.0,1,,,,,,,,,,,,,,,,,,,,,,,,,,,,,,,,,,,,,,,,,,,,,,,,,,,,,,,,,,,,,,,,,,,,,,,,,,,,,,,,,,,,,,,,,,,,,,,,,,,,,,0,0,0,0,0,0
2638,1,0,0,0,0,0,0,0,0,0,0,0,0,0,0,0,0,0,0,0,0.0,0.0,1,,,,,,,,,,,,,,,,,,,,,,,,,,,,,,,,,,,,,,,,,,,,,,,,,,,,,,,,,,,,,,,,,,,,,,,,,,,,,,,,,,,,,,,,,,,,,,,,,,,,,,0,0,0,0,0,0
2639,3,0,0,22,17,17,0,0,0,5,3,9,9,18,12,27,33.28421251514428,96.79398751947123,3.0,290.3819625584137,0.03226466250649041,16.132331253245205,1,,,1,17,2,2,7,7,3,3,2,2,,4,3,1,,,,2,,13,,,,,,,,,,,,,,,,,,,,,,,,,,,,,,,,,,,,,9,,5,,,,,,,,,,,,,,,,,,,,,,,,,,,,,,,,,,,4,36,,1,1,1,0,3,11,6,1,3.3636363636363638
2627,2,0,0,10,9,8,1,1,0,1,0,0,0,0,0,0,0,0,0,0,0.0,0.0,1,,,,8,1,1,9,9,4,4,2,1,,,,1,,,,,,5,,,,,,,,,,,,,,,,,,,,,,,,,,,,,,,,,,,,,2,1,2,,,,,,,,,,,,,,,,,,,,,,,,,,,,,,,,,,,4,19,1,2,1,1,1,4,9,5,1,3.2222222222222223
2640,1,0,0,0,0,0,0,0,0,0,0,0,0,0,0,0,0,0,0,0,0.0,0.0,1,,,,,,,,,,,,,,,,,,,,,,,,,,,,,,,,,,,,,,,,,,,,,,,,,,,,,,,,,,,,,,,,,,,,,,,,,,,,,,,,,,,,,,,,,,,,,,,,,,,,,,0,0,0,0,0,0
2641,1,0,0,0,0,0,0,0,0,0,0,0,0,0,0,0,0,0,0,0,0.0,0.0,1,,,,,,,,,,,,,,,,,,,,,,,,,,,,,,,,,,,,,,,,,,,,,,,,,,,,,,,,,,,,,,,,,,,,,,,,,,,,,,,,,,,,,,,,,,,,,,,,,,,,,,0,0,0,0,0,0
2622,3,0,0,12,12,11,1,1,0,0,3,6,3,6,9,9,20.264662506490406,28.529325012980813,1.5,42.793987519471216,0.009509775004326938,2.377443751081734,1,,,2,11,3,3,13,13,2,2,4,1,,,,2,1,,,,1,4,,,,,,,,,,,,,,,,,,,,,,,,,,,,,,,,,,,,,4,1,1,,,,,,,,,,,,,,,,,,,,,,,,,,,,,,,,,,,6,15,1,5,3,1,1,5,7,11,1,4.142857142857143
2642,1,0,0,0,0,0,0,0,0,0,0,0,0,0,0,0,0,0,0,0,0.0,0.0,1,,,,,,,,,,,,,,,,,,,,,,,,,,,,,,,,,,,,,,,,,,,,,,,,,,,,,,,,,,,,,,,,,,,,,,,,,,,,,,,,,,,,,,,,,,,,,,,,,,,,,,0,0,0,0,0,0
2644,1,0,0,0,0,0,0,0,0,0,0,0,0,0,0,0,0,0,0,0,0.0,0.0,1,,,,,,,,,,,,,,,,,,,,,,,,,,,,,,,,,,,,,,,,,,,,,,,,,,,,,,,,,,,,,,,,,,,,,,,,,,,,,,,,,,,,,,,,,,,,,,,,,,,,,,0,0,0,0,0,0
2643,1,0,0,0,0,0,0,0,0,0,0,0,0,0,0,0,0,0,0,0,0.0,0.0,1,,,,,,,,,,,,,,,,,,,,,,,,,,,,,,,,,,,,,,,,,,,,,,,,,,,,,,,,,,,,,,,,,,,,,,,,,,,,,,,,,,,,,,,,,,,,,,,,,,,,,,0,0,0,0,0,0
2623,4,0,0,11,11,10,1,1,0,0,1,2,1,2,3,3,2.0,4.754887502163469,0.5,2.3774437510817346,0.0015849625007211565,0.1320802083934297,1,,,,10,3,3,12,12,5,5,4,1,,,,1,,,,,,5,,,,,1,,,,,,,,,,,,,,,,,,,,,,,,,,,,,,,,2,1,1,,,,,,,,,,,,,,,,,,,,,,,,,,,,,,,,,,,7,25,2,3,1,1,1,4,10,5,1,3.3
2624,2,0,0,11,9,8,3,3,0,0,1,2,1,2,3,3,2.0,4.754887502163469,0.5,2.3774437510817346,0.0015849625007211565,0.1320802083934297,1,,,,8,1,1,10,10,4,4,2,2,,,,1,1,,,,,5,,,,,,,,,,,,,,,,,,,,,,,,,,,,,,,,,,,,,3,3,3,,,,,,,,,,,,,,,,,,,,,,,,,,,,,,,,,,,4,20,1,3,1,1,1,5,9,5,1,3.2222222222222223
2625,4,0,0,11,11,10,1,1,0,0,1,2,1,2,3,3,2.0,4.754887502163469,0.5,2.3774437510817346,0.0015849625007211565,0.1320802083934297,1,,,,10,3,3,12,12,5,5,4,1,,,,1,,,,,,5,,,,,1,,,,,,,,,,,,,,,,,,,,,,,,,,,,,,,,2,1,1,,,,,,,,,,,,,,,,,,,,,,,,,,,,,,,,,,,7,25,2,3,1,1,1,4,10,5,1,3.3
2619,4,0,0,9,9,8,1,1,0,0,1,2,1,2,3,3,2.0,4.754887502163469,0.5,2.3774437510817346,0.0015849625007211565,0.1320802083934297,1,,,,8,3,3,9,9,3,3,4,1,,,,1,,,,,,3,,,,,1,,,,,,,,,,,,,,,,,,,,,,,,,,,,,,,,3,1,1,,,,,,,,,,,,,,,,,,,,,,,,,,,,,,,,,,,7,15,2,3,1,1,1,5,7,5,1,2.7142857142857144
2621,2,0,0,8,8,7,1,1,0,0,2,4,2,4,6,6,10.0,15.509775004326936,1.0,15.509775004326936,0.005169925001442312,0.861654166907052,1,,,,7,1,1,11,11,2,2,2,2,,,,2,1,,,,,4,,,,,,,,,,,,,,,,,,,,,,,,,,,,,,,,,,,,,4,1,1,,,,,,,,,,,,,,,,,,,,,,,,,,,,,,,,,,,4,14,1,5,1,1,1,6,7,11,1,4.142857142857143
2618,4,0,0,10,9,8,1,1,0,1,1,2,1,2,3,3,2.0,4.754887502163469,0.5,2.3774437510817346,0.0015849625007211565,0.1320802083934297,1,,,,8,3,3,9,9,3,3,4,1,,,,1,,,,,,3,,,,,1,,,,,,,,,,,,,,,,,,,,,,,,,,,,,,,,3,1,2,,,,,,,,,,,,,,,,,,,,,,,,,,,,,,,,,,,7,15,2,3,1,1,1,5,7,5,1,2.7142857142857144
2626,2,0,0,9,9,8,1,1,0,0,0,0,0,0,0,0,0,0,0,0,0.0,0.0,1,,,,8,1,1,9,9,4,4,2,1,,,,1,,,,,,5,,,,,,,,,,,,,,,,,,,,,,,,,,,,,,,,,,,,,2,1,1,,,,,,,,,,,,,,,,,,,,,,,,,,,,,,,,,,,4,19,1,2,1,1,1,4,9,5,1,3.2222222222222223
2620,2,0,0,8,8,7,1,1,0,0,2,4,2,4,6,6,10.0,15.509775004326936,1.0,15.509775004326936,0.005169925001442312,0.861654166907052,1,,,,7,1,1,11,11,2,2,2,2,,,,2,1,,,,,4,,,,,,,,,,,,,,,,,,,,,,,,,,,,,,,,,,,,,4,1,1,,,,,,,,,,,,,,,,,,,,,,,,,,,,,,,,,,,4,14,1,5,1,1,1,6,7,11,1,4.142857142857143
2462,1,0,0,1,1,1,0,0,0,0,0,0,0,0,0,0,0,0,0,0,0.0,0.0,1,,,,1,,,,,,,,,,,,,,,,,,,,,,,,,,,,,,,,,,,,,,,,,,,,,,,,,,,,,,,,,,,,,,,,,,,,,,,,,,,,,,,,,,,,,,,,,,,,,1,,,,,0,0,1,4,4,4.0
2490,1,0,0,0,0,0,0,0,0,0,0,0,0,0,0,0,0,0,0,0,0.0,0.0,1,,,,,,,,,,,,,,,,,,,,,,,,,,,,,,,,,,,,,,,,,,,,,,,,,,,,,,,,,,,,,,,,,,,,,,,,,,,,,,,,,,,,,,,,,,,,,,,,,,,,,,0,0,0,0,0,0
2500,1,0,0,0,0,0,0,0,0,0,0,0,0,0,0,0,0,0,0,0,0.0,0.0,1,,,,,,,,,,,,,,,,,,,,,,,,,,,,,,,,,,,,,,,,,,,,,,,,,,,,,,,,,,,,,,,,,,,,,,,,,,,,,,,,,,,,,,,,,,,,,,,,,,,,,,0,0,0,0,0,0
2501,1,0,0,0,0,0,0,0,0,0,0,0,0,0,0,0,0,0,0,0,0.0,0.0,1,,,,,,,,,,,,,,,,,,,,,,,,,,,,,,,,,,,,,,,,,,,,,,,,,,,,,,,,,,,,,,,,,,,,,,,,,,,,,,,,,,,,,,,,,,,,,,,,,,,,,,0,0,0,0,0,0
2650,1,0,0,0,0,0,0,0,0,0,0,0,0,0,0,0,0,0,0,0,0.0,0.0,1,,,,,,,,,,,,,,,,,,,,,,,,,,,,,,,,,,,,,,,,,,,,,,,,,,,,,,,,,,,,,,,,,,,,,,,,,,,,,,,,,,,,,,,,,,,,,,,,,,,,,,0,0,0,0,0,0
2668,1,0,0,6,4,4,0,0,0,2,3,4,3,6,7,9,12.75488750216347,25.26619429851844,2.25,56.848937171666485,0.008422064766172813,3.158274287314805,1,,,2,4,,,8,8,,,,1,,1,,1,1,,,,,3,,,,,,,,,,,,,,,,,,,,,,,,,,,,,,,,,,,,,1,,2,,,,,,,,,,,,,,,,,,,,,,,,,,,,,,,,,,,,8,2,1,1,2,1,3,3,1,1,1.0
2673,1,0,0,8,5,5,0,0,0,3,2,6,3,6,8,9,17.509775004326936,27.0,1.0,27.0,0.009,1.5,1,,,2,5,,,7,7,,,,1,,,,2,1,,,,,3,2,,,,,,,,,,,,,,,,,,,,,,,,,,,,,,,,,,,,2,,3,,,,,,,,,,,,,,,,,,,,,,,,,,,,,,,,,,,1,11,2,1,1,2,1,3,6,4,1,2.0
2683,1,0,0,6,4,4,0,0,0,2,2,6,3,6,8,9,17.509775004326936,27.0,1.0,27.0,0.009,1.5,1,,,,4,,,7,7,,,,,,,,3,,,,,,2,,,,,,,,,,,,,1,,,,,,,,,,,,,,,,,,,,,,,,1,,2,,,,,,,,,,,,,,,,,,,,,,,,,,,,,,,,,,,2,6,3,,1,2,2,2,4,5,2,3.75
2670,1,0,0,8,6,6,0,0,0,2,4,9,5,10,13,15,36.52932501298081,55.506595772116384,2.2222222222222223,123.34799060470309,0.01850219859070546,6.852666144705727,1,,,,6,,,16,16,,,,4,,1,1,3,1,,,,,4,,,,,,,,,,,,,,,,,,,,,,,,,,,,,,,,,,,,,7,,2,,,,,,,,,,,,,,,,,,,,,,,,,,,,,,,,,,,2,10,3,4,1,3,1,4,6,4,1,2.0
2669,1,0,0,9,6,6,0,0,0,3,3,9,5,10,12,15,33.28421251514428,53.77443751081735,1.6666666666666667,89.62406251802892,0.017924812503605784,4.9791145843349405,1,,,3,6,,,11,11,,,,1,,2,,,1,,,,,4,2,,,,,,,,,,,,2,,,,,,,,,,,,,,,,,,,,,,,,4,,3,,,,,,,,,,,,,,,,,,,,,,,,,,,,,,,,,,,1,13,3,1,1,3,1,3,6,4,1,2.0
2672,1,0,0,8,5,5,0,0,0,3,3,11,7,14,14,21,42.808635307173745,79.95445336320968,1.9090909090909092,152.64032005703666,0.026651484454403226,8.480017780946481,1,,,2,5,,,9,9,,,,1,,,,3,3,,,,,3,4,,,,,,,,,,,,1,,,,,,,,,,,,,,,,,,,,,,,,4,,3,,,,,,,,,,,,,,,,,,,,,,,,,,,,,,,,,,,1,16,2,1,1,2,1,3,7,4,1,2.142857142857143
2671,1,0,0,8,5,5,0,0,0,3,2,4,2,4,6,6,10.0,15.509775004326936,1.0,15.509775004326936,0.005169925001442312,0.861654166907052,1,,,2,5,,,7,7,,,,1,,,,1,1,,,,,3,2,,,,,,,,,,,,,,,,,,,,,,,,,,,,,,,,,,,,1,,3,,,,,,,,,,,,,,,,,,,,,,,,,,,,,,,,,,,1,11,2,1,1,2,1,3,6,4,1,2.0
2684,1,0,0,5,4,4,0,0,0,1,1,4,2,4,5,6,8.0,13.931568569324174,0.5,6.965784284662087,0.004643856189774725,0.3869880158145604,1,,,,4,,,8,8,,,,1,,,,2,,,,,,3,,,,,,,,,,,,,,,,,,,,,,,,,,,,,,,,,,,,,1,,1,,,,,,,,,,,,,,,,,,,,,,,,,,,,,,,,,,,,6,3,1,1,3,1,3,3,11,5,7.666666666666667
2666,1,0,0,8,6,6,0,0,0,2,2,6,3,6,8,9,17.509775004326936,27.0,1.0,27.0,0.009,1.5,1,,,4,6,,,12,12,,,,1,,1,2,,,,,,,5,,,,,,,,,,,,,,,,,,,,,,,,,,,,,,,,,,,,,1,,2,,,,,,,,,,,,,,,,,,,,,,,,,,,,,,,,,,,,10,4,3,1,4,1,4,5,9,2,3.4
2664,1,0,0,3,3,3,0,0,0,0,2,4,2,4,6,6,10.0,15.509775004326936,1.0,15.509775004326936,0.005169925001442312,0.861654166907052,1,,,1,3,,,4,4,,,,1,,,,1,1,,,,,2,,,,,,,,,,,,,,,,,,,,,,,,,,,,,,,,,,,,,3,,,,,,,,,,,,,,,,,,,,,,,,,,,,,,,,,,,,,,4,1,1,1,1,1,3,2,5,1,3.0
2665,1,0,0,8,6,6,0,0,0,2,2,6,3,6,8,9,17.509775004326936,27.0,1.0,27.0,0.009,1.5,1,,,4,6,,,12,12,,,,1,,1,2,,,,,,,5,,,,,,,,,,,,,,,,,,,,,,,,,,,,,,,,,,,,,1,,2,,,,,,,,,,,,,,,,,,,,,,,,,,,,,,,,,,,,10,4,3,1,4,1,4,5,9,2,3.4
2703,2,0,0,6,5,5,0,0,0,1,1,2,1,2,3,3,2.0,4.754887502163469,0.5,2.3774437510817346,0.0015849625007211565,0.1320802083934297,1,,,2,5,2,2,5,5,,,2,,,,,,,,,,,1,,,,,,,,1,,,,,,,,,,,,,,,,,,,,,,,,,,,,,1,,1,,,,,,,,,,,,,,,,,,,,,,,,,,,,,,,,,,,2,2,1,,2,1,1,2,1,5,5,5.0
2704,1,0,0,0,0,0,0,0,0,0,0,0,0,0,0,0,0,0,0,0,0.0,0.0,1,,,,,,,,,,,,,,,,,,,,,,,,,,,,,,,,,,,,,,,,,,,,,,,,,,,,,,,,,,,,,,,,,,,,,,,,,,,,,,,,,,,,,,,,,,,,,,,,,,,,,,0,0,0,0,0,0
2711,1,0,0,0,0,0,0,0,0,0,0,0,0,0,0,0,0,0,0,0,0.0,0.0,1,,,,,,,,,,,,,,,,,,,,,,,,,,,,,,,,,,,,,,,,,,,,,,,,,,,,,,,,,,,,,,,,,,,,,,,,,,,,,,,,,,,,,,,,,,,,,,,,,,,,,,0,0,0,0,0,0
1749,2,0,0,8,6,6,0,0,0,2,5,10,5,10,15,15,44.82892142331043,58.60335893412778,2.5,146.50839733531944,0.019534452978042596,8.139355407517748,1,,,5,6,,,10,10,,,,3,,,1,1,1,,,,1,4,,1,,,,,,,,,,,,,,,,,,,,,,,,,,,,,,,,,,,5,,2,,,,,,,,,,,,,,,,,,,,,,,,,,,,,,,,,,,2,10,2,,2,2,1,2,4,6,5,5.5
2736,2,0,0,13,10,10,0,0,0,3,4,9,6,12,13,18,36.52932501298081,66.60791492653966,2.6666666666666665,177.62110647077242,0.022202638308846556,9.867839248376246,1,,,5,10,1,1,16,16,,,1,1,,2,,1,2,,,,1,8,,,,,,,,,,,,,,,,,,,,,,,,,,,,,,,,,,,,,3,1,3,,,,,,,,,,,,,,,,,,,,,,,,,,,,,,,,,,,1,16,5,1,1,5,1,3,7,11,2,4.857142857142857
2760,13,0,0,30,24,24,5,5,0,1,7,26,18,36,33,54,141.86291712607164,272.3972824453565,4.846153846153846,1320.0791380044197,0.09079909414845216,73.33772988913444,1,,,14,24,11,11,23,23,,,11,,,,,,1,,,2,,4,1,,,,2,,4,4,,,,,1,,,,,,,,,,,,,,,,,,,,,,,,1,15,6,,,,,,,,,,,,,,,,,,,,,,,,,,,,,,,,,,,15,19,2,,9,3,1,2,5,6,3,4.2
2764,9,0,0,33,28,28,5,4,0,1,5,21,16,32,26,48,103.84830635279079,225.62110647077245,3.8095238095238093,859.5089770315141,0.07520703549025748,47.750498723973,1,,,23,28,13,13,32,32,,,13,9,,3,,4,1,,,4,,6,,,,,,,,4,,,,,,,,,,,,,,,,,,,,,,,,,,,,,9,9,5,,,,,,,,,,,,,,,,,,,,,,,,,,,,,,,,,,,13,18,5,,9,5,1,2,6,6,2,3.3333333333333335
2762,9,0,0,33,28,28,5,4,0,1,4,15,12,24,19,36,66.60335893412778,152.92539048396907,3.2,489.36124954870104,0.050975130161323025,27.186736086038948,1,,,23,28,13,13,28,28,,,13,9,,3,,,1,,,4,,6,,,,,,,,4,,,,,,,,,,,,,,,,,,,,,,,,,,,,,5,9,5,,,,,,,,,,,,,,,,,,,,,,,,,,,,,,,,,,,13,18,5,,9,5,1,2,6,6,2,3.3333333333333335
2756,6,0,0,14,11,11,0,0,0,3,5,20,15,30,25,45,98.04820237218406,208.9735285398626,3.75,783.6507320244848,0.06965784284662087,43.536151779138045,1,,,1,11,4,4,7,7,,,4,1,,4,,4,,,,,2,6,,,,,,,3,,,,,,,,,,,,,,,,,,,,,,,,,,,,,,8,5,3,,,,,,,,,,,,,,,,,,,,,,,,,,,,,,,,,,,6,18,1,1,1,1,1,3,3,7,5,6.0
2759,13,0,0,30,20,20,10,10,0,0,4,24,17,34,28,51,118.03910001730776,245.1751010249378,2.8333333333333335,694.6627862373238,0.08172503367497927,38.59237701318465,1,,,11,20,10,10,19,19,,,10,,,,,,,,,,,2,1,,,,1,,6,5,,,,,,,,,,,,,,,,,,,,,,,,,,,,,,21,10,,,,,,,,,,,,,,,,,,,,,,,,,,,,,,,,,,,15,15,1,,8,2,1,2,3,6,4,5.0
2754,12,0,0,28,26,26,0,0,0,2,7,23,22,42,30,64,123.69340944371453,314.0409981189452,6.391304347826087,2007.1315966732584,0.10468033270631506,111.50731092629213,1,,,12,26,12,12,18,18,,,12,1,,,2,8,,,,,,11,1,,,,8,1,1,1,,,,,,,,,,,,,,,,,,,,,,,,,,,,,8,5,2,,,,,,,,,,,,,,,,,,,,,,,,,,,,,,,,,,,13,32,1,1,3,2,1,3,4,10,4,5.75
2763,9,0,0,33,28,28,5,4,0,1,5,23,16,32,28,48,115.65156546374811,230.75303625876498,3.4782608695652173,802.619256552226,0.07691767875292166,44.58995869734589,1,,,23,28,13,13,32,32,,,13,9,,3,,4,1,,,4,,6,,,,,,,,4,,,,,,,,,,,,,,,,,,,,,,,,,,,,,9,9,5,,,,,,,,,,,,,,,,,,,,,,,,,,,,,,,,,,,13,18,5,,9,5,1,2,6,6,2,3.3333333333333335
2766,12,0,0,21,20,20,0,0,0,1,5,17,15,30,22,45,81.0965087756926,200.67442283867837,4.411764705882353,885.3283360529929,0.06689147427955945,49.1849075584996,1,,,11,20,10,10,19,19,,,10,,,,,,,,,1,,2,1,,,,1,,5,4,,,,,,,,,,,,,,,,,,,,,,,,,,,,,,10,1,,,,,,,,,,,,,,,,,,,,,,,,,,,,,,,,,,,14,14,1,,8,2,1,2,3,6,4,5.0
2780,1,0,0,1,1,1,0,0,0,0,0,0,0,0,0,0,0,0,0,0,0.0,0.0,1,,,,1,,,,,,,,,,,,,,,,,,,,,,,,,,,,,,,,,,,,,,,,,,,,,,,,,,,,,,,,,,,,,,,,,,,,,,,,,,,,,,,,,,,,,,,,,,,,,1,,,,,0,0,1,4,4,4.0
2779,1,0,0,1,1,1,0,0,0,0,0,0,0,0,0,0,0,0,0,0,0.0,0.0,1,,,,1,,,,,,,,,,,,,,,,,,,,,,,,,,,,,,,,,,,,,,,,,,,,,,,,,,,,,,,,,,,,,,,,,,,,,,,,,,,,,,,,,,,,,,,,,,,,,1,,,,,0,0,1,4,4,4.0
2778,1,0,0,1,1,1,0,0,0,0,0,0,0,0,0,0,0,0,0,0,0.0,0.0,1,,,,1,,,,,,,,,,,,,,,,,,,,,,,,,,,,,,,,,,,,,,,,,,,,,,,,,,,,,,,,,,,,,,,,,,,,,,,,,,,,,,,,,,,,,,,,,,,,,1,,,,,0,0,1,4,4,4.0
2777,1,0,0,1,1,1,0,0,0,0,0,0,0,0,0,0,0,0,0,0,0.0,0.0,1,,,,1,,,,,,,,,,,,,,,,,,,,,,,,,,,,,,,,,,,,,,,,,,,,,,,,,,,,,,,,,,,,,,,,,,,,,,,,,,,,,,,,,,,,,,,,,,,,,1,,,,,0,0,1,4,4,4.0
2775,1,0,0,1,1,1,0,0,0,0,0,0,0,0,0,0,0,0,0,0,0.0,0.0,1,,,,1,,,,,,,,,,,,,,,,,,,,,,,,,,,,,,,,,,,,,,,,,,,,,,,,,,,,,,,,,,,,,,,,,,,,,,,,,,,,,,,,,,,,,,,,,,,,,1,,,,,0,0,1,4,4,4.0
2781,1,0,0,0,0,0,0,0,0,0,0,0,0,0,0,0,0,0,0,0,0.0,0.0,1,,,,,,,,,,,,,,,,,,,,,,,,,,,,,,,,,,,,,,,,,,,,,,,,,,,,,,,,,,,,,,,,,,,,,,,,,,,,,,,,,,,,,,,,,,,,,,,,,,,,,,0,0,0,0,0,0
2774,1,0,0,1,1,1,0,0,0,0,0,0,0,0,0,0,0,0,0,0,0.0,0.0,1,,,,1,,,,,,,,,,,,,,,,,,,,,,,,,,,,,,,,,,,,,,,,,,,,,,,,,,,,,,,,,,,,,,,,,,,,,,,,,,,,,,,,,,,,,,,,,,,,,1,,,,,0,0,1,4,4,4.0
2805,2,0,0,11,8,8,1,1,0,2,3,6,4,8,9,12,20.264662506490406,38.03910001730775,2.0,76.0782000346155,0.012679700005769252,4.226566668589751,1,,,2,8,1,1,7,7,,,1,1,,,,1,,,,1,,4,,,,,,,,,,,,,,2,,,,,,,,,,,,,,,,,,,,,,,3,2,3,,,,,,,,,,,,,,,,,,,,,,,,,,,,,,,,,,,1,11,2,1,1,2,2,3,4,8,4,5.25
2797,2,0,0,9,7,7,0,0,0,2,3,6,4,8,9,12,20.264662506490406,38.03910001730775,2.0,76.0782000346155,0.012679700005769252,4.226566668589751,1,,,2,7,1,1,7,7,,,1,,,2,,1,,,,1,,5,,,,,,,,,,,,,,,,,,,,,,,,,,,,,,,,,,,,,2,1,2,,,,,,,,,,,,,,,,,,,,,,,,,,,,,,,,,,,1,11,3,,1,2,1,2,3,12,5,9.333333333333334
2795,2,0,0,8,7,7,0,0,0,1,3,6,4,8,9,12,20.264662506490406,38.03910001730775,2.0,76.0782000346155,0.012679700005769252,4.226566668589751,1,,,1,7,1,1,5,5,,,1,1,,2,,1,,,,,,5,,,,,,,1,,,,,,,,,,,,,,,,,,,,,,,,,,,,,,3,2,1,,,,,,,,,,,,,,,,,,,,,,,,,,,,,,,,,,,1,11,1,1,1,1,1,3,3,8,1,4.0
2798,,,,8,7,7,0,0,0,1,,,,,,,,,,,,,,,,2,6,1,,6,6,,,1,,,2,,1,,,,1,,5,,,,,,,,,,,,,,,,,,,,,,,,,,,,,,,,,,,,,2,1,1,,,,,,,,,,,,,,,,,,,,,,,,,,,,,,,,,,,1,10,3,,,2,1,1,3,12,5,9.333333333333334
2793,2,0,0,8,6,6,0,0,0,2,4,6,4,8,10,12,23.509775004326936,39.863137138648355,2.6666666666666665,106.3016990363956,0.013287712379549451,5.905649946466422,1,,,1,6,1,1,4,4,,,1,,,1,1,1,,,,,1,4,,,,,,,,,,,,,,,,,,,,,,,,,,,,,,,,,,,,,3,1,2,,,,,,,,,,,,,,,,,,,,,,,,,,,,,,,,,,,1,9,1,,1,1,1,2,2,10,8,9.0
2792,2,0,0,8,7,7,0,0,0,1,4,6,4,8,10,12,23.509775004326936,39.863137138648355,2.6666666666666665,106.3016990363956,0.013287712379549451,5.905649946466422,1,,,2,7,1,1,7,7,,,1,1,,1,1,1,,,,1,,5,,,,,,,,,,,,,,,,,,,,,,,,,,,,,,,,,,,,,3,1,1,,,,,,,,,,,,,,,,,,,,,,,,,,,,,,,,,,,1,11,2,1,1,2,2,3,3,5,1,3.3333333333333335
2804,2,0,0,8,7,7,0,0,0,1,3,6,4,8,9,12,20.264662506490406,38.03910001730775,2.0,76.0782000346155,0.012679700005769252,4.226566668589751,1,,,2,7,1,1,7,7,,,1,1,,2,,1,,,,1,,5,,,,,,,,,,,,,,,,,,,,,,,,,,,,,,,,,,,,,3,1,1,,,,,,,,,,,,,,,,,,,,,,,,,,,,,,,,,,,1,11,2,1,1,2,2,3,3,5,1,3.6666666666666665
2845,3,0,0,9,8,8,1,1,0,0,2,4,2,4,6,6,10.0,15.509775004326936,1.0,15.509775004326936,0.005169925001442312,0.861654166907052,1,,,1,8,3,3,6,6,4,4,3,,,1,,1,,,,,,3,,,,,1,,,,,,,,,,,,,,,,,,,,,,,,,,,,,,,,3,1,1,,,,,,,,,,,,,,,,,,,,,,,,,,,,,,,,,,,6,15,1,1,1,1,1,3,5,6,4,5.0
2847,2,0,0,6,5,5,1,1,0,0,1,2,1,2,3,3,2.0,4.754887502163469,0.5,2.3774437510817346,0.0015849625007211565,0.1320802083934297,1,,,1,5,1,1,6,6,3,3,1,,,,,2,,,,,,2,,,,,,,,,,,,,,,,,,,,,,,,,,,,,,,,,,,,,,1,1,,,,,,,,,,,,,,,,,,,,,,,,,,,,,,,,,,,4,13,1,1,1,1,1,3,5,6,4,5.0
2848,2,0,0,9,7,7,1,1,0,1,2,4,2,4,6,6,10.0,15.509775004326936,1.0,15.509775004326936,0.005169925001442312,0.861654166907052,1,,,1,7,1,1,4,4,,,1,1,,1,,2,,,,,,4,,,,,,,,,,,,,,,,,,,,,,,,,,,,,,,,,,,,,3,1,2,,,,,,,,,,,,,,,,,,,,,,,,,,,,,,,,,,,4,12,1,,1,1,1,2,6,6,1,3.1666666666666665
2870,3,0,0,10,8,8,1,1,0,1,2,3,2,4,5,6,6.754887502163469,13.931568569324174,1.3333333333333333,18.575424759098897,0.004643856189774725,1.0319680421721609,1,,,1,8,2,2,4,4,,,2,,,1,,1,,,,,,4,,,,,,,,1,,,,,,,,,,,,,,,,,,,,,,,,,,,,,3,1,2,,,,,,,,,,,,,,,,,,,,,,,,,,,,,,,,,,,5,12,,1,1,1,0,3,5,8,4,5.4
2844,3,0,0,9,8,8,1,1,0,0,2,4,2,4,6,6,10.0,15.509775004326936,1.0,15.509775004326936,0.005169925001442312,0.861654166907052,1,,,1,8,3,3,6,6,4,4,3,,,,1,1,,,,,,3,,,,,1,,,,,,,,,,,,,,,,,,,,,,,,,,,,,,,,3,1,1,,,,,,,,,,,,,,,,,,,,,,,,,,,,,,,,,,,6,15,1,1,1,1,1,3,5,6,4,5.0
2853,3,0,0,10,9,9,1,1,0,0,3,3,3,6,6,9,9.509775004326938,23.264662506490403,3.0,69.79398751947122,0.007754887502163467,3.877443751081734,1,,,1,9,3,3,4,4,,,3,,,1,,2,,,,,,4,,,,,1,,,,,,,,,,,,,,,,,,,,,,,,,,,,,,,,3,1,1,,,,,,,,,,,,,,,,,,,,,,,,,,,,,,,,,,,6,13,,1,1,1,0,3,5,8,4,5.4
2893,1,0,0,0,0,0,0,0,0,0,0,0,0,0,0,0,0,0,0,0,0.0,0.0,1,,,,,,,,,,,,,,,,,,,,,,,,,,,,,,,,,,,,,,,,,,,,,,,,,,,,,,,,,,,,,,,,,,,,,,,,,,,,,,,,,,,,,,,,,,,,,,,,,,,,,,0,0,0,0,0,0
2874,4,0,0,9,9,8,1,1,0,0,1,2,1,2,3,3,2.0,4.754887502163469,0.5,2.3774437510817346,0.0015849625007211565,0.1320802083934297,1,,,,8,3,3,9,9,3,3,4,1,,,,1,,,,,,3,,,,,1,,,,,,,,,,,,,,,,,,,,,,,,,,,,,,,,3,1,1,,,,,,,,,,,,,,,,,,,,,,,,,,,,,,,,,,,7,15,2,3,1,1,1,5,7,5,1,2.7142857142857144
196,2,0,0,10,8,8,0,0,0,2,1,2,1,2,3,3,2.0,4.754887502163469,0.5,2.3774437510817346,0.0015849625007211565,0.1320802083934297,1,,,6,8,2,2,9,9,2,2,2,,,,,1,,,,,,3,,,,,1,,,,,,,,,,,,,,,,,,,,,,,,,,,,,,,,,,2,,,,,,,,,,,,,,,,,,,,,,,,,,,,,,,,,,,4,8,2,1,2,3,1,3,5,6,5,5.2
2723,1,0,0,0,0,0,0,0,0,0,0,0,0,0,0,0,0,0,0,0,0.0,0.0,1,,,,,,,,,,,,,,,,,,,,,,,,,,,,,,,,,,,,,,,,,,,,,,,,,,,,,,,,,,,,,,,,,,,,,,,,,,,,,,,,,,,,,,,,,,,,,,,,,,,,,,0,0,0,0,0,0
2724,1,0,0,0,0,0,0,0,0,0,0,0,0,0,0,0,0,0,0,0,0.0,0.0,1,,,,,,,,,,,,,,,,,,,,,,,,,,,,,,,,,,,,,,,,,,,,,,,,,,,,,,,,,,,,,,,,,,,,,,,,,,,,,,,,,,,,,,,,,,,,,,,,,,,,,,0,0,0,0,0,0
2728,2,0,0,12,9,9,0,0,0,3,2,5,3,6,7,9,13.60964047443681,25.26619429851844,1.2,30.319433158222125,0.008422064766172813,1.6844129532345624,1,,,3,9,2,2,6,6,,,2,1,,,,,2,,,,,6,1,,,,1,,,,,,,,,,,,,,,,,,,,,,,,,,,,,,,,3,,3,,,,,,,,,,,,,,,,,,,,,,,,,,,,,,,,,,,2,13,1,1,1,2,1,3,6,9,5,7.166666666666667
2729,1,0,0,0,0,0,0,0,0,0,0,0,0,0,0,0,0,0,0,0,0.0,0.0,1,,,,,,,,,,,,,,,,,,,,,,,,,,,,,,,,,,,,,,,,,,,,,,,,,,,,,,,,,,,,,,,,,,,,,,,,,,,,,,,,,,,,,,,,,,,,,,,,,,,,,,0,0,0,0,0,0
2730,1,0,0,0,0,0,0,0,0,0,0,0,0,0,0,0,0,0,0,0,0.0,0.0,1,,,,,,,,,,,,,,,,,,,,,,,,,,,,,,,,,,,,,,,,,,,,,,,,,,,,,,,,,,,,,,,,,,,,,,,,,,,,,,,,,,,,,,,,,,,,,,,,,,,,,,0,0,0,0,0,0
2731,1,0,0,0,0,0,0,0,0,0,0,0,0,0,0,0,0,0,0,0,0.0,0.0,1,,,,,,,,,,,,,,,,,,,,,,,,,,,,,,,,,,,,,,,,,,,,,,,,,,,,,,,,,,,,,,,,,,,,,,,,,,,,,,,,,,,,,,,,,,,,,,,,,,,,,,0,0,0,0,0,0
2767,13,0,0,34,24,24,9,9,0,1,7,26,18,36,33,54,141.86291712607164,272.3972824453565,4.846153846153846,1320.0791380044197,0.09079909414845216,73.33772988913444,1,,,14,24,11,11,23,23,,,11,,,,,,1,,,,2,4,1,,,,2,,4,4,,,,,1,,,,,,,,,,,,,,,,,,,,,,,,3,17,10,,,,,,,,,,,,,,,,,,,,,,,,,,,,,,,,,,,15,19,2,,9,3,1,2,5,6,3,4.2
2768,11,0,0,26,24,24,1,1,0,1,8,18,14,28,26,42,99.05865002596161,197.4184681619259,6.222222222222222,1228.3815796742056,0.0658061560539753,68.24342109301142,1,,,14,24,11,11,23,23,,,11,,,,,,1,,,2,2,4,1,,,,2,,2,2,,,,,1,,,,,,,,,,,,,,,,,,,,,,,,3,7,2,,,,,,,,,,,,,,,,,,,,,,,,,,,,,,,,,,,13,17,2,,9,3,1,2,5,6,3,4.2
2761,9,0,0,33,28,28,5,4,0,1,3,13,11,22,16,33,52.860603837997665,132.0,2.5384615384615383,335.07692307692304,0.044,18.615384615384613,1,,,23,28,13,13,28,28,,,13,9,,3,,,,,,4,,6,,,,,,,,4,,,,,,,,,,,,,,,,,,,,,,,,,,,,,8,5,5,,,,,,,,,,,,,,,,,,,,,,,,,,,,,,,,,,,13,18,5,,9,5,1,2,6,6,2,3.3333333333333335
2765,13,0,0,21,20,20,0,0,0,1,4,22,17,34,26,51,106.10749561002054,239.7224256251957,3.090909090909091,740.9602246596958,0.07990747520839857,41.16445692553865,1,,,11,20,10,10,19,19,,,10,,,,,,,,,,,2,1,,,,1,,6,5,,,,,,,,,,,,,,,,,,,,,,,,,,,,,,11,1,,,,,,,,,,,,,,,,,,,,,,,,,,,,,,,,,,,15,15,1,,8,2,1,2,3,6,4,5.0
2794,2,0,0,7,6,6,0,0,0,1,4,6,4,8,10,12,23.509775004326936,39.863137138648355,2.6666666666666665,106.3016990363956,0.013287712379549451,5.905649946466422,1,,,1,6,1,1,5,5,,,1,1,,1,1,1,,,,,,4,,,,,,,,1,,,,,,,,,,,,,,,,,,,,,,,,,,,,,4,1,1,,,,,,,,,,,,,,,,,,,,,,,,,,,,,,,,,,,1,9,1,1,1,1,1,3,2,10,6,8.0
2836,4,0,0,13,10,10,0,0,0,3,3,7,4,8,10,12,24.406371956566698,39.863137138648355,1.7142857142857142,68.33680652339717,0.013287712379549451,3.796489251299843,1,,,1,10,3,3,5,5,4,4,3,,,,,1,,,,2,1,4,,,,,,,,,,,,,,1,,,,,,,,,,,,,,,,,,,,,,,6,,3,,,,,,,,,,,,,,,,,,,,,,,,,,,,,,,,,,,5,16,,2,1,1,0,4,4,5,1,4.0
2850,3,0,0,10,8,8,1,1,0,1,2,3,2,4,5,6,6.754887502163469,13.931568569324174,1.3333333333333333,18.575424759098897,0.004643856189774725,1.0319680421721609,1,,,1,8,2,2,4,4,,,2,,,1,,1,,,,,,4,,,,,,,,1,,,,,,,,,,,,,,,,,,,,,,,,,,,,,3,1,2,,,,,,,,,,,,,,,,,,,,,,,,,,,,,,,,,,,5,12,,1,1,1,0,3,5,8,4,5.4
2846,2,0,0,6,5,5,1,1,0,0,1,2,1,2,3,3,2.0,4.754887502163469,0.5,2.3774437510817346,0.0015849625007211565,0.1320802083934297,1,,,1,5,1,1,6,6,2,2,1,,,,,2,,,,,,2,,,,,,,,,,,,,,,,,,,,,,,,,,,,,,,,,,,,,1,1,1,,,,,,,,,,,,,,,,,,,,,,,,,,,,,,,,,,,4,11,1,1,1,1,1,3,5,6,4,5.0
2851,3,0,0,11,9,9,0,0,0,2,3,4,3,6,7,9,12.75488750216347,25.26619429851844,2.25,56.848937171666485,0.008422064766172813,3.158274287314805,1,,,1,9,3,3,4,4,,,3,,,1,,2,,,,,,4,,,,,,1,,,,,,,,,,,,,,,,,,,,,,,,,,,,,,,3,,2,,,,,,,,,,,,,,,,,,,,,,,,,,,,,,,,,,,6,13,,1,1,1,0,3,5,8,4,5.4
2849,3,0,0,10,9,9,1,1,0,0,2,3,2,4,5,6,6.754887502163469,13.931568569324174,1.3333333333333333,18.575424759098897,0.004643856189774725,1.0319680421721609,1,,,1,9,3,3,4,4,,,3,,,1,,1,,,,,,4,,,,,1,,,,,,,,,,,,,,,,,,,,,,,,,,,,,,,,3,1,1,,,,,,,,,,,,,,,,,,,,,,,,,,,,,,,,,,,6,12,,1,1,1,0,3,5,8,4,5.4
2852,3,0,0,10,9,9,1,1,0,0,3,4,3,6,7,9,12.75488750216347,25.26619429851844,2.25,56.848937171666485,0.008422064766172813,3.158274287314805,1,,,1,9,3,3,4,4,,,3,,,1,,1,1,,,,,4,,,,,1,,,,,,,,,,,,,,,,,,,,,,,,,,,,,,,,3,1,1,,,,,,,,,,,,,,,,,,,,,,,,,,,,,,,,,,,6,13,,1,1,1,0,3,5,8,4,5.4
2876,4,0,0,10,9,8,2,2,0,0,1,2,1,2,3,3,2.0,4.754887502163469,0.5,2.3774437510817346,0.0015849625007211565,0.1320802083934297,1,,,,8,3,3,9,9,3,3,4,1,,,,1,,,,,,3,,,,,1,,,,,,,,,,,,,,,,,,,,,,,,,,,,,,,,3,2,2,,,,,,,,,,,,,,,,,,,,,,,,,,,,,,,,,,,7,15,2,3,1,1,1,5,7,5,1,2.7142857142857144
2872,2,0,0,11,7,7,0,0,0,4,3,7,4,8,10,12,24.406371956566698,39.863137138648355,1.7142857142857142,68.33680652339717,0.013287712379549451,3.796489251299843,1,,,1,7,1,1,9,9,5,5,1,1,,1,,2,2,,,,,4,,,,,,,,,,,,,,,,,,,,,,,,,,,,,,,,,,,,,6,,4,,,,,,,,,,,,,,,,,,,,,,,,,,,,,,,,,,,4,17,1,2,1,1,1,4,7,13,1,6.857142857142857
2873,2,0,0,11,7,7,0,0,0,4,3,5,3,6,8,9,16.36452797660028,27.0,1.8,48.6,0.009,2.7,1,,,1,7,1,1,8,8,5,5,1,1,,1,,2,1,,,,,4,,,,,,,,,,,,,,,,,,,,,,,,,,,,,,,,,,,,,5,,4,,,,,,,,,,,,,,,,,,,,,,,,,,,,,,,,,,,4,17,1,2,1,1,1,4,7,13,1,6.857142857142857
2879,2,0,0,8,8,7,1,1,0,0,2,4,2,4,6,6,10.0,15.509775004326936,1.0,15.509775004326936,0.005169925001442312,0.861654166907052,1,,,,7,1,1,11,11,2,2,2,2,,,,2,1,,,,,4,,,,,,,,,,,,,,,,,,,,,,,,,,,,,,,,,,,,,4,1,1,,,,,,,,,,,,,,,,,,,,,,,,,,,,,,,,,,,4,14,1,5,1,1,1,6,7,11,1,4.142857142857143
2881,5,0,0,17,15,14,1,1,0,2,4,8,4,8,12,12,32.0,43.01955000865388,2.0,86.03910001730776,0.014339850002884626,4.779950000961542,1,,,2,14,5,5,16,16,3,3,6,1,,,,2,1,,,,1,4,,,,,1,,,,,,,,,,,,,,,,,,,,,,,,,,,,,,,,5,1,3,,,,,,,,,,,,,,,,,,,,,,,,,,,,,,,,,,,9,20,2,6,4,1,1,5,8,11,1,3.75
2882,4,0,0,16,11,10,6,6,0,0,1,2,1,2,3,3,2.0,4.754887502163469,0.5,2.3774437510817346,0.0015849625007211565,0.1320802083934297,1,,,,10,3,3,13,13,5,5,4,1,,,,1,,,,,,5,,,,,1,,,,,,,,,,,,,,,,,,,,,,,,,,,,,,,,2,6,6,,,,,,,,,,,,,,,,,,,,,,,,,,,,,,,,,,,7,26,2,3,1,1,1,5,11,5,1,3.090909090909091
2883,2,0,0,9,9,8,1,1,0,0,1,2,1,2,3,3,2.0,4.754887502163469,0.5,2.3774437510817346,0.0015849625007211565,0.1320802083934297,1,,,,8,1,1,10,10,4,4,2,2,,,,1,1,,,,,5,,,,,,,,,,,,,,,,,,,,,,,,,,,,,,,,,,,,,3,1,1,,,,,,,,,,,,,,,,,,,,,,,,,,,,,,,,,,,4,20,1,3,1,1,1,5,9,5,1,3.2222222222222223
2884,4,0,0,11,11,10,1,1,0,0,1,2,1,2,3,3,2.0,4.754887502163469,0.5,2.3774437510817346,0.0015849625007211565,0.1320802083934297,1,,,,10,3,3,12,12,5,5,4,1,,,,1,,,,,,5,,,,,1,,,,,,,,,,,,,,,,,,,,,,,,,,,,,,,,2,1,1,,,,,,,,,,,,,,,,,,,,,,,,,,,,,,,,,,,7,25,2,3,1,1,1,5,10,5,1,3.3
2885,2,0,0,9,9,8,1,1,0,0,0,0,0,0,0,0,0,0,0,0,0.0,0.0,1,,,,8,1,1,9,9,4,4,2,1,,,,1,,,,,,5,,,,,,,,,,,,,,,,,,,,,,,,,,,,,,,,,,,,,2,1,1,,,,,,,,,,,,,,,,,,,,,,,,,,,,,,,,,,,4,19,1,2,1,1,1,4,9,5,1,3.2222222222222223
2886,2,0,0,9,9,8,1,1,0,0,0,0,0,0,0,0,0,0,0,0,0.0,0.0,1,,,,8,1,1,9,9,4,4,2,1,,,,1,,,,,,5,,,,,,,,,,,,,,,,,,,,,,,,,,,,,,,,,,,,,2,1,1,,,,,,,,,,,,,,,,,,,,,,,,,,,,,,,,,,,4,19,1,2,1,1,1,4,9,5,1,3.2222222222222223
2880,2,0,0,8,8,7,1,1,0,0,2,4,2,4,6,6,10.0,15.509775004326936,1.0,15.509775004326936,0.005169925001442312,0.861654166907052,1,,,,7,1,1,11,11,2,2,2,2,,,,2,1,,,,,4,,,,,,,,,,,,,,,,,,,,,,,,,,,,,,,,,,,,,4,1,1,,,,,,,,,,,,,,,,,,,,,,,,,,,,,,,,,,,4,14,1,5,1,1,1,6,7,11,1,4.142857142857143
2896,1,0,0,5,2,2,2,2,0,1,0,0,0,0,0,0,0,0,0,0,0.0,0.0,1,,,1,2,,,3,3,,,,,,,,,,,,,,1,,,,,,,,,,,,,,,,,,,,,,,,,,,,,,,,,,,,,,2,3,,,,,,,,,,,,,,,,,,,,,,,,,,,,,,,,,,,,2,1,,1,1,1,2,1,3,3,3.0
2897,1,0,0,5,2,2,2,2,0,1,1,2,1,2,3,3,2.0,4.754887502163469,0.5,2.3774437510817346,0.0015849625007211565,0.1320802083934297,1,,,1,2,,,3,3,,,,,,,,1,,,,,,1,,,,,,,,,,,,,,,,,,,,,,,,,,,,,,,,,,,,,1,2,3,,,,,,,,,,,,,,,,,,,,,,,,,,,,,,,,,,,,2,1,,1,1,1,2,1,3,3,3.0
2942,1,0,0,7,5,5,0,0,0,2,2,8,6,12,10,18,26.0,59.794705707972525,1.5,89.69205856195879,0.019931568569324175,4.9828921423310435,1,,,,5,,,3,3,,,,2,,,,3,3,,,,,4,,,,,,,,,,,,,,,,,,,,,,,,,,,,,,,,,,,,,6,,2,,,,,,,,,,,,,,,,,,,,,,,,,,,,,,,,,,,,10,1,,1,1,1,2,4,7,4,5.5
2918,1,0,0,23,7,6,4,4,8,5,3,7,4,8,10,12,24.406371956566698,39.863137138648355,1.7142857142857142,68.33680652339717,0.013287712379549451,3.796489251299843,1,,,3,7,,,8,8,,,,1,,,1,2,1,,,,,5,,,,,,,,,,,,,,,,,,,,,,,,,,,,,,,,,,,,,3,4,9,,,,,,,,,,,,,,,,,,,,,,,,,,,,,,,,,,,,11,2,1,1,2,2,3,5,16,10,11.8
2945,1,0,0,0,0,0,0,0,0,0,0,0,0,0,0,0,0,0,0,0,0.0,0.0,1,,,,,,,,,,,,,,,,,,,,,,,,,,,,,,,,,,,,,,,,,,,,,,,,,,,,,,,,,,,,,,,,,,,,,,,,,,,,,,,,,,,,,,,,,,,,,,,,,,,,,,0,0,0,0,0,0
2922,1,0,0,21,6,5,4,4,8,4,3,7,4,8,10,12,24.406371956566698,39.863137138648355,1.7142857142857142,68.33680652339717,0.013287712379549451,3.796489251299843,1,,,2,6,,,7,7,,,,1,,,1,,2,,,,,4,,,,,,,,,,,,,1,,,,,,,,,,,,,,,,,,,,,,,,2,7,8,,,,,,,,,,,,,,,,,,,,,,,,,,,,,,,,,,,,8,1,1,1,1,1,3,4,15,5,10.5
2944,1,0,0,0,0,0,0,0,0,0,0,0,0,0,0,0,0,0,0,0,0.0,0.0,1,,,,,,,,,,,,,,,,,,,,,,,,,,,,,,,,,,,,,,,,,,,,,,,,,,,,,,,,,,,,,,,,,,,,,,,,,,,,,,,,,,,,,,,,,,,,,,,,,,,,,,0,0,0,0,0,0
2921,1,0,0,23,7,6,3,3,8,6,4,7,4,8,11,12,27.651484454403228,41.51317942364757,2.2857142857142856,94.88726725405158,0.01383772647454919,5.27151484744731,1,,,3,7,,,10,10,,,,2,,1,1,1,1,,,,,4,,,,,,,,,,,,,,,,,,,,,,,,,,,,,,,,,,,,,4,3,9,,,,,,,,,,,,,,,,,,,,,,,,,,,,,,,,,,,,10,2,2,2,2,1,3,4,13,5,8.25
2946,1,0,0,8,6,6,0,0,0,2,2,10,5,10,12,15,35.219280948873624,53.77443751081735,1.0,53.77443751081735,0.017924812503605784,2.987468750600964,1,,,3,6,,,8,8,,,,1,,2,,3,,,,,,5,,,,,,,,,,,,,,,,,,,,,,,,,,,,,,,,,,,,,1,3,2,,,,,,,,,,,,,,,,,,,,,,,,,,,,,,,,,,,,10,3,1,1,3,1,3,4,10,2,4.0
2941,1,0,0,0,0,0,0,0,0,0,0,0,0,0,0,0,0,0,0,0,0.0,0.0,1,,,,,,,,,,,,,,,,,,,,,,,,,,,,,,,,,,,,,,,,,,,,,,,,,,,,,,,,,,,,,,,,,,,,,,,,,,,,,,,,,,,,,,,,,,,,,,,,,,,,,,0,0,0,0,0,0
2920,1,0,0,30,12,11,5,5,8,6,4,14,7,14,18,21,61.30296890880645,87.56842503028855,2.0,175.1368500605771,0.029189475010096184,9.729825003365395,1,,,5,12,,,7,7,,,,,,2,,3,1,,,,,10,,1,,,,,,,,,,,,,,,,,,,,,,,,,,,,,,,,,,,1,8,11,,,,,,,,,,,,,,,,,,,,,,,,,,,,,,,,,,,,20,3,,1,3,2,2,10,14,4,9.4
2923,1,0,0,21,6,5,4,4,8,4,3,6,3,6,9,9,20.264662506490406,28.529325012980813,1.5,42.793987519471216,0.009509775004326938,2.377443751081734,1,,,2,6,,,5,5,,,,1,,1,,1,,,,,,4,,,,,,,,,,,,,1,,,,,,,,,,,,,,,,,,,,,,,,3,5,8,,,,,,,,,,,,,,,,,,,,,,,,,,,,,,,,,,,,8,1,1,1,1,1,3,4,9,5,6.5
2938,1,0,0,9,7,7,0,0,0,2,4,10,7,14,14,21,41.219280948873624,79.95445336320968,2.8,223.8724694169871,0.026651484454403226,12.437359412054839,1,,,3,7,,,11,11,,,,1,,1,1,3,,,,,,5,3,,,,,,,,,,,,2,,,,,,,,,,,,,,,,,,,,,,,,4,,2,,,,,,,,,,,,,,,,,,,,,,,,,,,,,,,,,,,1,19,3,1,1,3,1,3,8,7,1,3.25
2947,1,0,0,0,0,0,0,0,0,0,0,0,0,0,0,0,0,0,0,0,0.0,0.0,1,,,,,,,,,,,,,,,,,,,,,,,,,,,,,,,,,,,,,,,,,,,,,,,,,,,,,,,,,,,,,,,,,,,,,,,,,,,,,,,,,,,,,,,,,,,,,,,,,,,,,,0,0,0,0,0,0
2927,1,0,0,20,6,5,4,4,8,3,2,4,2,4,6,6,10.0,15.509775004326936,1.0,15.509775004326936,0.005169925001442312,0.861654166907052,1,,,3,6,,,6,6,,,,1,,1,,1,,,,,,4,,,,,,,,,,,,,,,,,,,,,,,,,,,,,,,,,,,,,1,5,7,,,,,,,,,,,,,,,,,,,,,,,,,,,,,,,,,,,,8,2,1,1,2,2,3,4,12,3,6.5
2919,1,0,0,21,7,6,3,3,8,4,2,8,4,8,10,12,26.0,39.863137138648355,1.0,39.863137138648355,0.013287712379549451,2.2146187299249087,1,,,5,7,,,11,11,,,,1,,3,,,1,,,,,5,,,,,,,,,,,,,,,,,,,,,,,,,,,,,,,,,,,,,2,3,7,,,,,,,,,,,,,,,,,,,,,,,,,,,,,,,,,,,,10,4,1,1,4,1,3,5,7,6,6.8
2924,1,0,0,19,6,5,3,3,8,3,2,4,2,4,6,6,10.0,15.509775004326936,1.0,15.509775004326936,0.005169925001442312,0.861654166907052,1,,,4,6,,,7,7,,,,,,1,,1,,,,,,4,,,,,,,,,,,,,,,,,,,,,,,,,,,,,,,,,,,,,,3,6,,,,,,,,,,,,,,,,,,,,,,,,,,,,,,,,,,,,8,3,,1,3,1,2,4,10,5,6.75
2925,1,0,0,20,5,4,4,4,8,4,1,2,1,2,3,3,2.0,4.754887502163469,0.5,2.3774437510817346,0.0015849625007211565,0.1320802083934297,1,,,2,5,,,3,3,,,,,,,,,,,,,,3,,,,,,,,,,,,,1,,,,,,,,,,,,,,,,,,,,,,,,1,4,8,,,,,,,,,,,,,,,,,,,,,,,,,,,,,,,,,,,,6,1,,1,1,1,2,3,9,5,7.0
2943,1,0,0,0,0,0,0,0,0,0,0,0,0,0,0,0,0,0,0,0,0.0,0.0,1,,,,,,,,,,,,,,,,,,,,,,,,,,,,,,,,,,,,,,,,,,,,,,,,,,,,,,,,,,,,,,,,,,,,,,,,,,,,,,,,,,,,,,,,,,,,,,,,,,,,,,0,0,0,0,0,0
2939,1,0,0,0,0,0,0,0,0,0,0,0,0,0,0,0,0,0,0,0,0.0,0.0,1,,,,,,,,,,,,,,,,,,,,,,,,,,,,,,,,,,,,,,,,,,,,,,,,,,,,,,,,,,,,,,,,,,,,,,,,,,,,,,,,,,,,,,,,,,,,,,,,,,,,,,0,0,0,0,0,0
2926,1,0,0,20,7,6,4,4,8,2,3,8,4,8,11,12,28.75488750216347,41.51317942364757,1.5,62.26976913547136,0.01383772647454919,3.4594316186372978,1,,,3,7,,,9,9,,,,1,,1,,2,1,,,,,5,,,,,,,,,,,,,,,,,,,,,,,,,,,,,,,,,,,,,2,6,6,,,,,,,,,,,,,,,,,,,,,,,,,,,,,,,,,,,,10,2,1,1,2,1,3,5,9,4,6.8
2940,1,0,0,0,0,0,0,0,0,0,0,0,0,0,0,0,0,0,0,0,0.0,0.0,1,,,,,,,,,,,,,,,,,,,,,,,,,,,,,,,,,,,,,,,,,,,,,,,,,,,,,,,,,,,,,,,,,,,,,,,,,,,,,,,,,,,,,,,,,,,,,,,,,,,,,,0,0,0,0,0,0
2974,2,0,0,27,12,11,4,4,8,4,4,10,5,10,14,15,41.219280948873624,57.110323830864054,2.0,114.22064766172811,0.019036774610288017,6.345591536762672,1,,,6,12,2,2,13,13,,,2,1,,1,,2,1,,,1,,6,,,,,,,,,,,,,,,,,,,,,,,,,,,,,,,,,,,,,2,6,8,,,,,,,,,,,,,,,,,,,,,,,,,,,,,,,,,,,2,13,3,1,3,3,2,3,6,9,4,6.333333333333333
2973,2,0,0,26,11,10,5,4,8,4,3,5,3,6,8,9,16.36452797660028,27.0,1.8,48.6,0.009,2.7,1,,,6,11,2,2,9,9,,,2,,,1,,1,,,,,1,5,,,,,,,,,,,,,,,,,,,,,,,,,,,,,,,,,,,,,1,5,8,,,,,,,,,,,,,,,,,,,,,,,,,,,,,,,,,,,2,11,3,,3,3,1,2,5,10,5,6.6
2967,3,0,0,28,13,12,4,4,8,4,2,4,2,4,6,6,10.0,15.509775004326936,1.0,15.509775004326936,0.005169925001442312,0.861654166907052,1,,,5,13,4,4,8,8,,,4,1,,,,,,,,,1,5,,,,,,,,1,,,,,,,,,,,,,,,,,,,,,,,,,,,,,1,5,8,,,,,,,,,,,,,,,,,,,,,,,,,,,,,,,,,,,4,12,2,1,3,2,1,3,4,14,2,6.75
2971,2,0,0,26,11,10,4,4,8,4,4,8,4,8,12,12,32.0,43.01955000865388,2.0,86.03910001730776,0.014339850002884626,4.779950000961542,1,,,5,11,2,2,9,9,,,2,1,,1,,1,,,,,,5,,,,,,,,1,,,,,1,,,,,,,,,,,,,,,,,,,,,,,,3,5,8,,,,,,,,,,,,,,,,,,,,,,,,,,,,,,,,,,,2,11,2,1,3,2,1,3,5,11,5,7.4
2975,2,0,0,27,12,11,4,4,8,4,3,8,4,8,11,12,28.75488750216347,41.51317942364757,1.5,62.26976913547136,0.01383772647454919,3.4594316186372978,1,,,6,12,2,2,12,12,,,2,1,,1,,2,,,,,,6,,,,,,,,1,,,,,,,,,,,,,,,,,,,,,,,,,,,,,1,6,8,,,,,,,,,,,,,,,,,,,,,,,,,,,,,,,,,,,2,13,3,1,3,3,2,3,6,11,4,7.5
2968,2,0,0,27,12,11,4,4,8,4,3,11,7,14,14,21,42.808635307173745,79.95445336320968,1.9090909090909092,152.64032005703666,0.026651484454403226,8.480017780946481,1,,,5,12,2,2,8,8,,,2,,,2,,4,,,,,,8,,,,,1,,,,,,,,,,,,,,,,,,,,,,,,,,,,,,,,,7,8,,,,,,,,,,,,,,,,,,,,,,,,,,,,,,,,,,,2,18,2,,1,3,1,2,7,9,3,5.571428571428571
2970,2,0,0,25,10,9,4,4,8,4,4,9,5,10,13,15,36.52932501298081,55.506595772116384,2.2222222222222223,123.34799060470309,0.01850219859070546,6.852666144705727,1,,,4,10,2,2,9,9,,,2,1,,,1,,2,,,,,4,,,,,,,1,,,,,,1,,,,,,,,,,,,,,,,,,,,,,,,2,8,8,,,,,,,,,,,,,,,,,,,,,,,,,,,,,,,,,,,2,9,1,1,3,1,1,3,4,7,5,5.5
2966,2,0,0,26,11,10,4,4,8,4,4,9,6,12,13,18,36.52932501298081,66.60791492653966,2.6666666666666665,177.62110647077242,0.022202638308846556,9.867839248376246,1,,,5,11,2,2,9,9,,,2,1,,,1,3,1,,,,,7,,,,,1,,,,,,,,,,,,,,,,,,,,,,,,,,,,,,,,3,4,8,,,,,,,,,,,,,,,,,,,,,,,,,,,,,,,,,,,2,16,2,1,1,3,2,3,6,16,8,10.833333333333334
2969,2,0,0,23,9,8,3,3,8,4,3,6,3,6,9,9,20.264662506490406,28.529325012980813,1.5,42.793987519471216,0.009509775004326938,2.377443751081734,1,,,4,9,2,2,9,9,,,2,1,,1,,1,,,,,,5,,,,,1,,,,,,,,,,,,,,,,,,,,,,,,,,,,,,,,2,4,7,,,,,,,,,,,,,,,,,,,,,,,,,,,,,,,,,,,2,10,3,1,1,3,2,3,4,5,3,4.5
2972,2,0,0,26,11,10,5,4,8,4,3,6,3,6,9,9,20.264662506490406,28.529325012980813,1.5,42.793987519471216,0.009509775004326938,2.377443751081734,1,,,6,11,2,2,9,9,,,2,,,1,,1,,,,,,5,,,,,,,,1,,,,,,,,,,,,,,,,,,,,,,,,,,,,,1,5,8,,,,,,,,,,,,,,,,,,,,,,,,,,,,,,,,,,,2,11,3,,3,3,1,2,5,10,5,6.6
3068,9,0,0,30,19,18,1,1,5,6,6,25,21,43,31,64,131.60617974869504,317.06856386476005,5.16,1636.0737895421619,0.10568952128825335,90.89298830789788,1,,,10,19,6,6,22,22,,,6,,,6,,4,,,,,,7,1,,,,3,,2,3,,,,,,,,,,,,,,,,,,,,,,,,,,,,,9,1,7,,,,,,,,,,,,,,,,,,,,,,,,,,,,,,,,,,,10,28,3,,5,4,1,2,6,8,2,4.5
3037,7,0,0,19,9,8,2,2,5,4,8,14,13,24,22,37,77.30296890880645,164.99896988958,6.857142857142857,1131.4215078142627,0.05499965662986,62.8567504341257,1,,,2,9,3,3,7,7,,,3,1,,,2,,,,,2,2,4,,,,,,,1,1,,,,,1,,,,,,,,,,,,,,,,,,,,,,,,9,2,5,,,,,,,,,,,,,,,,,,,,,,,,,,,,,,,,,,,7,13,1,1,1,1,1,3,2,2,1,1.5
3038,7,0,0,19,9,8,2,2,5,4,9,16,14,26,25,40,92.52932501298082,185.75424759098897,7.3125,1358.3279355091067,0.061918082530329654,75.46266308383926,1,,,2,9,3,3,10,10,,,3,1,,,2,,1,,,2,2,4,,,,,,,1,1,,,,,1,,,,,,,,,,,,,,,,,,,,,,,,10,2,5,,,,,,,,,,,,,,,,,,,,,,,,,,,,,,,,,,,7,13,1,3,1,1,1,4,2,2,1,1.5
3060,8,0,0,26,18,17,1,1,5,3,6,18,16,35,24,51,90.56842503028855,233.833087536779,5.833333333333333,1364.0263439645441,0.07794436251225967,75.77924133136356,1,,,8,18,5,5,13,13,,,5,,,6,,2,,,,4,2,9,,,,,1,,,,,,,,,,,,,,,,,,,,,,,,,,,,,,,,9,1,4,,,,,,,,,,,,,,,,,,,,,,,,,,,,,,,,,,,9,27,3,,3,3,1,2,5,7,2,4.2
3031,6,0,0,19,11,10,0,0,5,4,4,8,9,18,12,27,32.0,96.79398751947123,4.5,435.5729438376205,0.03226466250649041,24.198496879867808,1,,,2,11,4,4,7,7,,,4,1,,,,,,,,,2,5,,,,,,,3,,,,,,2,,,,,,,,,,,,,,,,,,,,,,,,10,,3,,,,,,,,,,,,,,,,,,,,,,,,,,,,,,,,,,,6,13,1,1,1,1,1,3,2,2,1,1.5
3067,11,0,0,24,17,16,1,1,5,2,6,27,22,46,33,68,143.89173756274062,343.01880011637485,5.111111111111111,1753.2072005948046,0.11433960003879162,97.4004000330447,1,,,10,17,5,5,21,21,,,5,,,6,,1,,,,,,7,1,,,,2,,4,4,,,,,,,,,,,,,,,,,,,,,,,,,,,,,9,1,3,,,,,,,,,,,,,,,,,,,,,,,,,,,,,,,,,,,12,28,4,,4,5,1,2,7,6,2,3.2857142857142856
3039,7,0,0,20,11,10,2,2,5,3,7,14,13,23,21,36,72.95445336320968,158.12342722003538,5.75,909.2097065152035,0.05270780907334513,50.51165036195575,1,,,3,11,4,4,11,11,,,4,1,,,3,,,,,2,2,3,2,,,,,,1,1,,,,,,,,,,,,,,,,,,,,,,,,,,,,,5,4,4,,,,,,,,,,,,,,,,,,,,,,,,,,,,,,,,,,,9,17,1,1,2,1,1,3,5,4,1,3.0
3066,9,0,0,23,16,15,1,1,5,2,7,22,16,34,29,50,117.75898006442377,242.89904975637864,5.409090909090909,1313.8630418640482,0.08096634991879288,72.99239121466934,1,,,8,16,4,4,19,19,,,4,,,2,1,1,,,,1,,6,,,,,,,3,4,,,,,,,,,,,,,,,,,,,,,,,,,,,,,10,1,3,,,,,,,,,,,,,,,,,,,,,,,,,,,,,,,,,,,10,20,4,,5,4,1,2,6,8,2,3.6666666666666665
3032,6,0,0,21,11,10,2,2,5,4,5,11,11,22,16,33,49.663388279447084,132.0,5.0,660.0,0.044,36.666666666666664,1,,,2,11,4,4,9,9,,,4,1,,,,,2,,,,2,5,,,,,,,3,,,,,,2,,,,,,,,,,,,,,,,,,,,,,,,12,2,5,,,,,,,,,,,,,,,,,,,,,,,,,,,,,,,,,,,6,13,1,1,1,1,1,3,2,2,1,1.5
3065,7,0,0,25,18,17,1,1,5,2,6,18,14,28,24,42,90.56842503028855,192.56842503028858,4.666666666666667,898.6526501413467,0.0641894750100962,49.92514723007482,1,,,9,18,6,6,18,18,,,6,,,,1,5,,,,,,6,1,,,,3,,1,2,,,,,,,,,,,,,,,,,,,,,,,,,,,,,6,1,3,,,,,,,,,,,,,,,,,,,,,,,,,,,,,,,,,,,8,22,2,,5,3,1,2,5,6,2,4.6
3036,7,0,0,19,9,8,2,2,5,4,7,13,12,22,20,34,67.75720079023742,146.94555522617034,5.923076923076923,870.3698271088551,0.048981851742056784,48.353879283825286,1,,,2,9,3,3,7,7,,,3,1,,,2,,,,,2,2,4,,,,,,,1,1,,,,,,,,,,,,,,,,,,,,,,,,,,,,,9,2,5,,,,,,,,,,,,,,,,,,,,,,,,,,,,,,,,,,,7,12,1,1,1,1,1,3,2,2,1,1.5
3034,7,0,0,21,12,11,2,2,5,3,9,16,15,28,25,43,92.52932501298082,199.68581616031315,7.875,1572.5258022624662,0.06656193872010438,87.362544570137,1,,,3,12,5,5,11,11,,,5,1,,,2,,2,,,2,2,4,,,,,,,1,1,,,,,2,,,,,,,,,,,,,,,,,,,,,,,,12,2,4,,,,,,,,,,,,,,,,,,,,,,,,,,,,,,,,,,,8,13,1,2,2,1,1,4,2,2,1,1.5
3062,9,0,0,34,27,26,1,1,5,2,6,15,12,24,21,36,74.11313393845472,158.12342722003538,4.8,758.9924506561698,0.05270780907334513,42.1662472586761,1,,,12,27,12,12,24,24,,,12,,,2,,1,,,,,,6,1,,,,3,,1,4,,,,,,,,,,,,,,,,,,,,,,,,,,,,,8,1,3,,,,,,,,,,,,,,,,,,,,,,,,,,,,,,,,,,,13,21,5,,8,3,1,2,5,5,1,3.4
3063,13,0,0,31,24,23,1,1,5,2,6,30,24,48,36,72,162.7164928725825,372.23460010384645,4.8,1786.7260804984628,0.12407820003461548,99.26256002769237,1,,,11,24,10,10,25,25,,,10,,,,3,3,,,,,,6,1,,,,3,,3,6,,,,,,,,,,,,,,,,,,,,,,,,,,,,,15,1,3,,,,,,,,,,,,,,,,,,,,,,,,,,,,,,,,,,,16,25,5,,7,3,1,2,5,8,1,4.2
3035,7,0,0,20,11,10,2,2,5,3,4,14,10,20,18,30,61.30296890880645,125.09775004326937,2.857142857142857,357.42214298076965,0.04169925001442312,19.85678572115387,1,,,3,11,4,4,12,12,,,4,1,,,,,,,,3,,3,4,,,,,,,3,,,,,,,,,,,,,,,,,,,,,,,,,,,,,7,2,4,,,,,,,,,,,,,,,,,,,,,,,,,,,,,,,,,,,9,21,1,1,2,1,1,3,6,7,1,3.3333333333333335
3061,5,0,0,28,20,19,1,1,5,3,4,13,10,20,17,30,56.105716335834195,122.6238852375102,3.076923076923077,377.30426226926215,0.040874628412503396,20.961347903847898,1,,,11,20,6,6,16,16,,,6,,,3,,,3,,,1,,8,1,,,,3,,,,,,,,,,,,,,,,,,,,,,,,,,,,,,,,7,1,4,,,,,,,,,,,,,,,,,,,,,,,,,,,,,,,,,,,6,19,4,,4,2,1,2,6,9,4,6.333333333333333
3069,8,0,0,25,18,17,1,1,5,2,6,20,16,32,26,48,101.94833690207419,225.62110647077245,4.8,1082.9813110597077,0.07520703549025748,60.16562839220598,1,,,9,18,6,6,19,19,,,6,,,5,,,,,,,,6,1,,,,3,,2,2,,,,,1,,,,,,,,,,,,,,,,,,,,,,,,7,1,3,,,,,,,,,,,,,,,,,,,,,,,,,,,,,,,,,,,9,23,2,,5,3,1,2,5,6,2,3.8
3041,7,0,0,19,10,9,2,2,5,3,10,19,19,33,29,52,113.92990370430175,252.6150117466338,8.68421052631579,2193.761944115504,0.0842050039155446,121.87566356197243,1,,,3,10,4,4,10,10,,,4,1,,1,6,,2,,,2,1,3,,,,,,,1,2,,,,,,,,,,,,,,,,,,,,,,,,,,,,,11,2,4,,,,,,,,,,,,,,,,,,,,,,,,,,,,,,,,,,,8,12,1,1,2,1,1,3,2,2,1,1.5
3064,8,0,0,25,18,17,1,1,5,2,6,19,16,32,25,48,96.22039775975506,222.90509710918678,5.052631578947368,1126.257332762207,0.0743016990363956,62.56985182012261,1,,,9,18,6,6,19,19,,,6,,,5,,1,,,,,,6,1,,,,3,,2,2,,,,,,,,,,,,,,,,,,,,,,,,,,,,,7,1,3,,,,,,,,,,,,,,,,,,,,,,,,,,,,,,,,,,,9,23,2,,5,3,1,2,5,6,2,3.8
3033,6,0,0,19,10,9,2,2,5,3,8,12,12,22,20,34,67.01955000865388,146.94555522617034,7.333333333333333,1077.600738325249,0.048981851742056784,59.866707684736056,1,,,3,10,4,4,7,7,,,4,1,,,3,,2,,,2,1,3,,,,,1,,,1,,,,,,,,,,,,,,,,,,,,,,,,,,,,,8,2,4,,,,,,,,,,,,,,,,,,,,,,,,,,,,,,,,,,,7,11,1,1,2,1,1,3,2,2,1,1.5
3092,9,0,0,18,17,17,0,0,0,1,7,23,16,33,30,49,123.69340944371453,240.4376391848174,5.021739130434782,1207.415101123757,0.08014587972827247,67.07861672909762,1,,,9,17,6,6,13,13,,,6,1,,,,2,1,,,,1,6,7,,,,6,1,,,,,,,,4,,,,,,,,,,,,,,,,,,,,,,,10,1,1,,,,,,,,,,,,,,,,,,,,,,,,,,,,,,,,,,,8,28,,1,1,2,0,3,5,6,1,4.2
3087,5,0,0,21,21,21,0,0,0,0,6,9,11,22,15,33,44.039100017307746,128.92738965508113,7.333333333333333,945.4675241372615,0.04297579655169371,52.525973563181196,1,,,2,21,5,5,11,11,,,5,2,,,,,2,,,,2,10,,1,,,1,1,,,,,,,,4,,,,,,,,,,,,,,,,,,,,,,,13,2,,,,,,,,,,,,,,,,,,,,,,,,,,,,,,,,,,,,5,26,2,2,2,2,1,3,7,13,1,8.714285714285714
3088,4,0,0,17,17,17,0,0,0,0,7,11,11,22,18,33,57.705232259413506,137.6075250475963,7.0,963.2526753331742,0.04586917501586544,53.51403751850968,1,,,2,17,4,4,12,12,,,4,2,,1,,2,2,,,,1,9,,1,,,1,1,,,,,,,,2,,,,,,,,,,,,,,,,,,,,,,,12,2,,,,,,,,,,,,,,,,,,,,,,,,,,,,,,,,,,,,4,22,2,2,2,2,1,3,6,12,1,6.666666666666667
3089,4,0,0,13,12,12,0,0,0,1,4,3,4,8,7,12,12.75488750216347,33.68825906469125,5.333333333333333,179.67071501168667,0.011229419688230418,9.981706389538148,1,,,5,12,3,3,8,8,,,3,,,,,,,,,1,1,6,,,,,,1,,,,,,,,1,,,,,,,,,,,,,,,,,,,,,,,4,,1,,,,,,,,,,,,,,,,,,,,,,,,,,,,,,,,,,,3,13,2,,2,2,1,2,3,5,1,3.6666666666666665
3090,4,0,0,13,12,12,0,0,0,1,4,3,4,8,7,12,12.75488750216347,33.68825906469125,5.333333333333333,179.67071501168667,0.011229419688230418,9.981706389538148,1,,,5,12,3,3,8,8,,,3,,,,,,,,,1,1,6,,,,,,1,,,,,,,,1,,,,,,,,,,,,,,,,,,,,,,,4,,1,,,,,,,,,,,,,,,,,,,,,,,,,,,,,,,,,,,3,13,2,,2,2,1,2,3,5,1,3.6666666666666665
3091,8,0,0,16,15,15,0,0,0,1,7,21,14,29,28,43,111.8901503327572,206.71626164847697,4.833333333333333,999.1285979676386,0.06890542054949232,55.50714433153548,1,,,8,15,5,5,12,12,,,5,1,,,,2,1,,,,1,6,6,,,,5,1,,,,,,,,3,,,,,,,,,,,,,,,,,,,,,,,9,1,1,,,,,,,,,,,,,,,,,,,,,,,,,,,,,,,,,,,7,25,,1,1,2,0,3,5,6,1,4.2
3093,4,0,0,12,11,11,0,0,0,1,3,10,5,10,13,15,37.974168451037094,55.506595772116384,1.5,83.25989365817458,0.01850219859070546,4.625549647676365,1,,,5,11,3,3,7,7,,,3,,,,,,,,,,,4,3,,,,2,1,,,,,,,,2,,,,,,,,,,,,,,,,,,,,,,,4,,1,,,,,,,,,,,,,,,,,,,,,,,,,,,,,,,,,,,3,14,,,2,2,0,2,4,5,1,3.0
3095,5,0,0,16,15,15,0,0,0,1,3,14,7,14,17,21,58.05785641096992,85.83671966625714,1.5,128.75507949938572,0.02861223988875238,7.153059972188095,1,,,6,15,4,4,9,9,,,4,,,,,,,,,,,5,4,,,,3,1,,,,,,,,3,,,,,,,,,,,,,,,,,,,,,,,6,,1,,,,,,,,,,,,,,,,,,,,,,,,,,,,,,,,,,,4,19,,,3,2,0,2,5,5,1,3.0
3096,7,0,0,13,13,13,0,0,0,0,7,14,12,24,21,36,72.95445336320968,158.12342722003538,6.0,948.7405633202122,0.05270780907334513,52.707809073345125,1,,,2,13,5,5,9,9,,,5,,,,1,,,,,,,3,,,,,3,1,1,1,,,,,,4,,,,,,,,,,,,,,,,,,,,,,,11,,,,,,,,,,,,,,,,,,,,,,,,,,,,,,,,,,,,,6,15,2,,1,2,1,2,2,6,1,3.5
3097,7,0,0,13,13,13,0,0,0,0,7,15,12,24,22,36,78.25484338853101,160.5395382709427,5.6,899.0214143172791,0.05351317942364757,49.94563412873773,1,,,2,13,5,5,9,9,,,5,,,,1,,,,,,,3,,,,,3,1,1,1,,,,,,4,,,,,,,,,,,,,,,,,,,,,,,11,,,,,,,,,,,,,,,,,,,,,,,,,,,,,,,,,,,,,6,15,2,,1,2,1,2,2,6,1,3.5
3124,2,0,0,14,9,9,1,1,0,4,5,7,5,10,12,15,31.26112492884004,53.77443751081735,3.5714285714285716,192.0515625386334,0.017924812503605784,10.6695312521463,1,,,1,9,1,1,9,9,1,1,1,1,,1,,2,1,,,1,,6,,,,,,,,,,,,,1,,,,,,,,,,,,,,,,,,,,,,,,5,1,5,,,,,,,,,,,,,,,,,,,,,,,,,,,,,,,,,,,3,19,,2,1,1,0,4,6,5,1,2.8333333333333335
3138,2,0,0,14,9,9,1,1,0,4,4,10,7,14,14,21,41.219280948873624,79.95445336320968,2.8,223.8724694169871,0.026651484454403226,12.437359412054839,1,,,1,9,1,1,11,11,1,1,1,1,,2,,1,2,,,1,,6,,,,,,,,,,,,,2,,,,,,,,,,,,,,,,,,,,,,,,7,1,5,,,,,,,,,,,,,,,,,,,,,,,,,,,,,,,,,,,3,19,,2,1,1,0,4,6,5,1,2.8333333333333335
3123,2,0,0,14,9,9,1,1,0,4,5,10,8,14,15,22,44.82892142331043,85.95159310338741,3.5,300.83057586185595,0.02865053103446247,16.712809770103107,1,,,1,9,1,1,11,11,1,1,1,1,,2,2,1,1,,,1,,6,,,,,,,,,,,,,2,,,,,,,,,,,,,,,,,,,,,,,,6,1,5,,,,,,,,,,,,,,,,,,,,,,,,,,,,,,,,,,,3,19,,2,1,1,0,4,6,5,1,2.8333333333333335
3139,2,0,0,14,9,9,1,1,0,4,4,10,7,14,14,21,41.219280948873624,79.95445336320968,2.8,223.8724694169871,0.026651484454403226,12.437359412054839,1,,,1,9,1,1,10,10,1,1,1,1,,2,,1,2,,,1,,6,,,,,,,,,,,,,2,,,,,,,,,,,,,,,,,,,,,,,,7,1,5,,,,,,,,,,,,,,,,,,,,,,,,,,,,,,,,,,,3,19,,2,1,1,0,4,6,5,1,2.8333333333333335
3140,2,0,0,14,9,9,1,1,0,4,4,10,7,14,14,21,41.219280948873624,79.95445336320968,2.8,223.8724694169871,0.026651484454403226,12.437359412054839,1,,,1,9,1,1,11,11,1,1,1,1,,2,,1,2,,,1,,6,,,,,,,,,,,,,2,,,,,,,,,,,,,,,,,,,,,,,,7,1,5,,,,,,,,,,,,,,,,,,,,,,,,,,,,,,,,,,,3,19,,2,1,1,0,4,6,5,1,2.8333333333333335
3141,2,0,0,14,9,9,1,1,0,4,4,10,7,14,14,21,41.219280948873624,79.95445336320968,2.8,223.8724694169871,0.026651484454403226,12.437359412054839,1,,,1,9,1,1,11,11,1,1,1,1,,2,,1,2,,,1,,6,,,,,,,,,,,,,2,,,,,,,,,,,,,,,,,,,,,,,,7,1,5,,,,,,,,,,,,,,,,,,,,,,,,,,,,,,,,,,,3,19,,2,1,1,0,4,6,5,1,2.8333333333333335
3137,2,0,0,14,9,9,1,1,0,4,3,6,4,8,9,12,20.264662506490406,38.03910001730775,2.0,76.0782000346155,0.012679700005769252,4.226566668589751,1,,,1,9,1,1,11,11,1,1,1,1,,2,,1,1,,,1,,6,,,,,,,,,,,,,,,,,,,,,,,,,,,,,,,,,,,,,4,1,5,,,,,,,,,,,,,,,,,,,,,,,,,,,,,,,,,,,3,22,,2,1,1,0,4,8,5,1,2.875
3134,2,0,0,14,9,9,1,1,0,4,4,10,7,14,14,21,41.219280948873624,79.95445336320968,2.8,223.8724694169871,0.026651484454403226,12.437359412054839,1,,,1,9,1,1,11,11,1,1,1,1,,2,,1,2,,,1,,6,,,,,,,,,,,,,2,,,,,,,,,,,,,,,,,,,,,,,,7,1,5,,,,,,,,,,,,,,,,,,,,,,,,,,,,,,,,,,,3,19,,2,1,1,0,4,6,5,1,2.8333333333333335
3135,2,0,0,14,9,9,1,1,0,4,4,10,7,14,14,21,41.219280948873624,79.95445336320968,2.8,223.8724694169871,0.026651484454403226,12.437359412054839,1,,,1,9,1,1,11,11,1,1,1,1,,2,,1,2,,,1,,6,,,,,,,,,,,,,2,,,,,,,,,,,,,,,,,,,,,,,,7,1,5,,,,,,,,,,,,,,,,,,,,,,,,,,,,,,,,,,,3,19,,2,1,1,0,4,6,5,1,2.8333333333333335
3136,2,0,0,14,9,9,1,1,0,4,4,8,6,12,12,18,32.0,64.52932501298082,3.0,193.58797503894246,0.02150977500432694,10.75488750216347,1,,,1,9,1,1,10,10,1,1,1,1,,3,1,1,1,,,1,,6,,,,,,,,,,,,,,,,,,,,,,,,,,,,,,,,,,,,,6,1,5,,,,,,,,,,,,,,,,,,,,,,,,,,,,,,,,,,,3,21,,2,1,1,0,4,8,5,1,2.875
3176,7,0,0,11,10,10,1,1,0,0,3,13,8,19,16,27,52.860603837997665,108.0,2.1923076923076925,236.7692307692308,0.036,13.153846153846155,1,,,6,10,3,3,3,3,,,3,,,,,,,,,,,3,,,,,5,,,,,,,,,2,,,,,,,,,,,,,,,,,,,,,,,4,1,1,,,,,,,,,,,,,,,,,,,,,,,,,,,,,,,,,,,8,14,,,2,1,0,2,4,5,1,3.25
3185,2,0,0,9,6,6,0,0,0,3,1,2,1,2,3,3,2.0,4.754887502163469,0.5,2.3774437510817346,0.0015849625007211565,0.1320802083934297,1,,,2,6,1,1,2,2,,,1,,,1,,1,,,,,,3,,,,,,,,,,,,,,,,,,,,,,,,,,,,,,,,,,,,,,,3,,,,,,,,,,,,,,,,,,,,,,,,,,,,,,,,,,,4,9,,,1,1,0,2,4,5,1,2.0
3180,6,0,0,14,13,13,0,0,0,1,2,9,8,16,11,24,30.529325012980813,83.02635884729514,1.7777777777777777,147.60241572852468,0.02767545294909838,8.200134207140259,1,,,1,13,5,5,5,5,8,8,5,2,,4,,1,,,,,,8,,,,,4,,,,,,,,,,,,,,,,,,,,,,,,,,,,,,,,17,,1,,,,,,,,,,,,,,,,,,,,,,,,,,,,,,,,,,,8,22,2,1,1,1,1,3,7,5,1,3.857142857142857
3183,2,0,0,11,8,8,0,0,0,3,2,6,3,6,8,9,17.509775004326936,27.0,1.0,27.0,0.009,1.5,1,,,1,8,1,1,7,7,4,4,1,,,,2,1,,,,,,5,,,,,,,,,,,,,,,,,,,,,,,,,1,,,,,,,,,,,,2,,3,,,,,,,,,,,,,,,,,,,,,,,,,,,,,,,,,,,4,21,1,1,1,1,1,3,7,5,1,2.857142857142857
3184,2,0,0,11,8,8,0,0,0,3,2,6,3,6,8,9,17.509775004326936,27.0,1.0,27.0,0.009,1.5,1,,,1,8,1,1,7,7,4,4,1,,,,2,1,,,,,,5,,,,,,,,,,,,,,,,,,,,,,,,,1,,,,,,,,,,,,2,,3,,,,,,,,,,,,,,,,,,,,,,,,,,,,,,,,,,,4,21,1,1,1,1,1,3,7,5,1,2.857142857142857
3178,3,0,0,10,9,9,0,0,0,1,2,4,2,4,6,6,10.0,15.509775004326936,1.0,15.509775004326936,0.005169925001442312,0.861654166907052,1,,,1,9,2,2,6,6,1,1,2,2,,,,1,,,,,,6,,,,,,1,,,,,,,,1,,,,,,,,,,,,,,,,,,,,,,,3,,1,,,,,,,,,,,,,,,,,,,,,,,,,,,,,,,,,,,5,18,2,1,1,1,1,3,9,5,1,3.5555555555555554
3182,3,0,0,9,7,7,0,0,0,2,2,7,5,9,9,14,21.651484454403228,44.37895002019238,1.2857142857142858,57.05865002596163,0.014792983340064125,3.169925001442313,1,,,1,7,2,2,7,7,7,7,2,4,,3,,1,,,,,,5,,,,,2,,,,,,,,,,,,,,,,,,,,,,,,,,,,,,,,6,,2,,,,,,,,,,,,,,,,,,,,,,,,,,,,,,,,,,,5,22,3,2,1,1,2,4,7,5,1,3.857142857142857
3177,7,0,0,20,22,18,1,1,0,1,2,7,10,20,9,30,21.651484454403228,95.09775004326937,2.857142857142857,271.7078572664839,0.03169925001442312,15.094880959249107,1,,,11,18,6,6,6,6,,,6,5,4,,,,,,,,,6,,,,,5,,,,,,,,,5,,,,,,,,,,,,,,,,,,,,,,,10,1,2,,,,,,,,,,,,,,,,,,,,,,,,,,,,,,,,,,,7,23,,,5,1,0,2,7,4,1,1.4285714285714286
3179,3,0,0,10,9,9,0,0,0,1,2,3,2,4,5,6,6.754887502163469,13.931568569324174,1.3333333333333333,18.575424759098897,0.004643856189774725,1.0319680421721609,1,,,1,9,2,2,6,6,1,1,2,2,,,,1,,,,,,6,,,,,,1,,,,,,,,1,,,,,,,,,,,,,,,,,,,,,,,3,,1,,,,,,,,,,,,,,,,,,,,,,,,,,,,,,,,,,,5,18,2,1,1,1,1,3,9,5,1,3.4444444444444446
3181,2,0,0,8,6,6,0,0,0,2,1,2,1,2,3,3,2.0,4.754887502163469,0.5,2.3774437510817346,0.0015849625007211565,0.1320802083934297,1,,,1,6,1,1,5,5,2,2,1,2,,1,,1,,,,,,5,,,,,,,,,,,,,,,,,,,,,,,,,,,,,,,,,,,,,2,,2,,,,,,,,,,,,,,,,,,,,,,,,,,,,,,,,,,,4,14,2,1,1,1,1,3,7,5,1,3.857142857142857
3118,1,0,0,0,0,0,0,0,0,0,0,0,0,0,0,0,0,0,0,0,0.0,0.0,1,,,,,,,,,,,,,,,,,,,,,,,,,,,,,,,,,,,,,,,,,,,,,,,,,,,,,,,,,,,,,,,,,,,,,,,,,,,,,,,,,,,,,,,,,,,,,,,,,,,,,,0,0,0,0,0,0
3121,1,0,0,0,0,0,0,0,0,0,0,0,0,0,0,0,0,0,0,0,0.0,0.0,1,,,,,,,,,,,,,,,,,,,,,,,,,,,,,,,,,,,,,,,,,,,,,,,,,,,,,,,,,,,,,,,,,,,,,,,,,,,,,,,,,,,,,,,,,,,,,,,,,,,,,,0,0,0,0,0,0
3210,4,0,0,31,16,15,2,2,5,9,1,2,1,2,3,3,2.0,4.754887502163469,0.5,2.3774437510817346,0.0015849625007211565,0.1320802083934297,1,,,5,16,3,3,15,15,7,7,3,10,,,,1,,,,,1,10,1,,,,,,,,,,,,,,,,,,,,,,,,,,,,,,,,,,,,10,2,9,,,,,,,,,,,,,,,,,,,,,,,,,,,,,,,,,,,7,34,8,,2,2,3,2,11,9,1,5.181818181818182
3207,2,0,0,24,11,9,1,1,5,9,1,2,1,2,3,3,2.0,4.754887502163469,0.5,2.3774437510817346,0.0015849625007211565,0.1320802083934297,1,,,5,10,1,1,11,11,1,1,2,4,,,,2,,,,,,6,1,,,,,,,,,,,,,,,,,,,,,,,,,,,,,,,,,,,,1,1,8,,,,,,,,,,,,,,,,,,,,,,,,,,,,,,,,,,,4,18,4,,2,3,2,2,9,11,1,6.111111111111111
3215,4,0,0,20,15,15,1,1,0,4,1,2,1,2,3,3,2.0,4.754887502163469,0.5,2.3774437510817346,0.0015849625007211565,0.1320802083934297,1,,,2,15,3,3,14,14,7,7,3,10,,,,1,,,,,1,10,,,,,,,,,,,,,,,,,,,,,,,,,,,,,,,,,,,,,10,1,5,,,,,,,,,,,,,,,,,,,,,,,,,,,,,,,,,,,7,33,5,2,2,2,2,4,10,9,1,5.3
3209,3,0,0,25,12,9,1,1,5,10,1,2,1,2,3,3,2.0,4.754887502163469,0.5,2.3774437510817346,0.0015849625007211565,0.1320802083934297,1,,,7,10,2,2,16,16,2,2,4,10,,1,,1,,,,,,5,,,,,,,,,,,,,,,,,,,,,,,,,,,,,,,,,,,,,3,1,9,,,,,,,,,,,,,,,,,,,,,,,,,,,,,,,,,,,6,20,5,3,2,3,3,5,8,11,1,5.875
3211,3,0,0,43,13,12,14,14,9,8,2,6,3,6,8,9,17.509775004326936,27.0,1.0,27.0,0.009,1.5,1,,,7,13,2,2,13,13,10,10,2,21,,2,,2,,,,,,6,1,,,,,1,,,,,,,,,,,,,,,,,,,,,,,,,,,,,,,11,22,22,,,,,,,,,,,,,,,,,,,,,,,,,,,,,,,,,,,7,28,1,3,2,1,1,5,11,7,1,4.090909090909091
3212,7,0,0,38,26,26,2,2,0,10,2,4,2,4,6,6,10.0,15.509775004326936,1.0,15.509775004326936,0.005169925001442312,0.861654166907052,1,,,4,26,6,6,18,18,8,8,6,13,,,,2,,,,1,1,16,2,,,,,,,,,,,,,,,,,,,,,,,,,,,,,,,,,,,,13,2,12,,,,,,,,,,,,,,,,,,,,,,,,,,,,,,,,,,,14,57,6,2,3,2,2,4,16,16,1,6.375
3216,2,0,0,17,10,10,0,0,0,7,0,0,0,0,0,0,0,0,0,0,0.0,0.0,1,,,4,10,1,1,12,12,3,3,1,6,,,,1,,,,,,7,,,,,,,,,,,,,,,,,,,,,,,,,,,,,,,,,,,,,6,,7,,,,,,,,,,,,,,,,,,,,,,,,,,,,,,,,,,,4,19,3,2,2,2,2,4,10,10,1,5.2
3217,4,0,0,22,15,15,1,1,0,6,1,2,1,2,3,3,2.0,4.754887502163469,0.5,2.3774437510817346,0.0015849625007211565,0.1320802083934297,1,,,2,15,3,3,12,12,7,7,3,10,,,,1,,,,,1,10,,,,,,,,,,,,,,,,,,,,,,,,,,,,,,,,,,,,,10,1,7,,,,,,,,,,,,,,,,,,,,,,,,,,,,,,,,,,,7,33,4,2,2,2,2,4,10,13,1,5.9
3213,4,0,0,20,15,15,0,0,0,5,1,2,1,2,3,3,2.0,4.754887502163469,0.5,2.3774437510817346,0.0015849625007211565,0.1320802083934297,1,,,3,15,3,3,13,13,7,7,3,11,,,,1,,,,,1,10,,,,,,,,,,,,,,,,,,,,,,,,,,,,,,,,,,,,,11,,5,,,,,,,,,,,,,,,,,,,,,,,,,,,,,,,,,,,7,34,4,2,2,2,2,4,11,9,1,5.363636363636363
3208,2,0,0,24,11,9,1,1,5,9,1,2,1,2,3,3,2.0,4.754887502163469,0.5,2.3774437510817346,0.0015849625007211565,0.1320802083934297,1,,,5,10,1,1,13,13,3,3,2,4,,,,2,,,,,,6,1,,,,,,,,,,,,,,,,,,,,,,,,,,,,,,,,,,,,3,1,8,,,,,,,,,,,,,,,,,,,,,,,,,,,,,,,,,,,4,20,4,,2,3,2,2,10,17,1,7.6
3214,4,0,0,22,15,15,1,1,0,6,1,2,1,2,3,3,2.0,4.754887502163469,0.5,2.3774437510817346,0.0015849625007211565,0.1320802083934297,1,,,2,15,3,3,12,12,7,7,3,10,,,,1,,,,,1,10,,,,,,,,,,,,,,,,,,,,,,,,,,,,,,,,,,,,,10,1,7,,,,,,,,,,,,,,,,,,,,,,,,,,,,,,,,,,,7,33,4,2,2,2,2,4,10,9,1,5.3
2905,1,0,0,18,8,7,2,2,5,4,4,12,9,18,16,27,51.01955000865388,108.0,3.0,324.0,0.036,18.0,1,,,4,8,,,13,13,,,,1,,2,3,4,1,,,,,5,,,,,,,,,,,,,,,,,,,,,,,,,,,,,,,,,,,,,1,3,6,,,,,,,,,,,,,,,,,,,,,,,,,,,,,,,,,,,2,18,3,1,1,3,1,3,7,4,1,2.2857142857142856
2904,1,0,0,9,5,5,2,2,0,2,3,11,8,16,14,24,42.808635307173745,91.37651812938249,2.1818181818181817,199.36694864592542,0.03045883937646083,11.075941591440301,1,,,3,5,,,10,10,,,,1,,4,,,1,,,,,4,,,,,,,,,,,,,3,,,,,,,,,,,,,,,,,,,,,,,,4,2,4,,,,,,,,,,,,,,,,,,,,,,,,,,,,,,,,,,,,11,3,1,1,3,1,3,4,1,1,1.0
2908,1,0,0,9,5,5,2,2,0,2,3,11,8,16,14,24,42.808635307173745,91.37651812938249,2.1818181818181817,199.36694864592542,0.03045883937646083,11.075941591440301,1,,,3,5,,,10,10,,,,1,,4,,,1,,,,,4,,,,,,,,,,,,,3,,,,,,,,,,,,,,,,,,,,,,,,4,2,4,,,,,,,,,,,,,,,,,,,,,,,,,,,,,,,,,,,,11,3,1,1,3,1,3,4,1,1,1.0
2928,1,0,0,17,7,6,0,0,8,3,4,8,5,10,12,15,32.0,53.77443751081735,2.5,134.43609377704337,0.017924812503605784,7.468671876502409,1,,,5,7,,,11,11,,,,,,1,1,2,1,,,,,5,,,,,,,,,,,,,,,,,,,,,,,,,,,,,,,,,,,,,,,3,,,,,,,,,,,,,,,,,,,,,,,,,,,,,,,,,,,,12,4,,1,4,1,2,5,2,2,2.0
2929,1,0,0,17,6,5,0,0,8,4,2,6,3,6,8,9,17.509775004326936,27.0,1.0,27.0,0.009,1.5,1,,,2,6,,,4,4,,,,,,,,3,1,,,,,3,,,,,,,,,,,,,,,,,,,,,,,,,,,,,,,,,,,,,1,1,4,,,,,,,,,,,,,,,,,,,,,,,,,,,,,,,,,,,2,9,1,,1,1,1,2,6,7,1,3.1666666666666665
2930,1,0,0,17,6,5,0,0,8,4,3,7,4,8,10,12,24.406371956566698,39.863137138648355,1.7142857142857142,68.33680652339717,0.013287712379549451,3.796489251299843,1,,,2,6,,,5,5,,,,,,,,3,1,,,,,3,,,,,,,,,,,,,1,,,,,,,,,,,,,,,,,,,,,,,,2,1,4,,,,,,,,,,,,,,,,,,,,,,,,,,,,,,,,,,,2,8,1,,1,1,1,2,5,11,1,3.8
2931,1,0,0,17,6,5,0,0,8,4,1,4,2,4,5,6,8.0,13.931568569324174,0.5,6.965784284662087,0.004643856189774725,0.3869880158145604,1,,,2,6,,,4,4,,,,,,,,3,,,,,,3,,,,,,,,,,,,,,,,,,,,,,,,,,,,,,,,,,,,,1,1,4,,,,,,,,,,,,,,,,,,,,,,,,,,,,,,,,,,,2,8,1,,1,1,1,2,5,10,1,4.0
2932,1,0,0,16,6,5,0,0,8,3,3,10,8,16,13,24,37.974168451037094,88.81055323538621,2.4,213.1453277649269,0.029603517745128736,11.841407098051494,1,,,4,6,,,9,9,,,,,,2,,5,1,,,,,4,,,,,,,,,,,,,,,,,,,,,,,,,,,,,,,,,,,,,,,3,,,,,,,,,,,,,,,,,,,,,,,,,,,,,,,,,,,,14,3,,1,3,1,2,4,3,2,2.25
2936,1,0,0,18,7,6,0,0,8,4,3,8,4,8,11,12,28.75488750216347,41.51317942364757,1.5,62.26976913547136,0.01383772647454919,3.4594316186372978,1,,,4,7,,,8,8,,,,,,1,,2,1,,,,,5,,,,,,,,,,,,,,,,,,,,,,,,,,,,,,,,,,,,,,2,4,,,,,,,,,,,,,,,,,,,,,,,,,,,,,,,,,,,,10,3,,1,3,2,2,5,7,1,3.8
2937,1,0,0,18,7,6,0,0,8,4,3,8,4,8,11,12,28.75488750216347,41.51317942364757,1.5,62.26976913547136,0.01383772647454919,3.4594316186372978,1,,,4,7,,,8,8,,,,,,1,,2,1,,,,,5,,,,,,,,,,,,,,,,,,,,,,,,,,,,,,,,,,,,,,2,4,,,,,,,,,,,,,,,,,,,,,,,,,,,,,,,,,,,,10,3,,1,3,2,2,5,7,1,3.8
2933,1,0,0,20,7,6,1,1,8,5,2,4,2,4,6,6,10.0,15.509775004326936,1.0,15.509775004326936,0.005169925001442312,0.861654166907052,1,,,4,7,,,11,11,,,,,,,1,,1,,,,,4,,,,,,,,,,,,,,,,,,,,,,,,,,,,,,,,,,,,,,1,6,,,,,,,,,,,,,,,,,,,,,,,,,,,,,,,,,,,2,12,4,,1,3,2,2,6,4,1,2.1666666666666665
2934,1,0,0,19,6,5,1,1,8,5,4,8,4,8,12,12,32.0,43.01955000865388,2.0,86.03910001730776,0.014339850002884626,4.779950000961542,1,,,3,6,,,9,9,,,,,,1,1,1,1,,,,,3,,,,,,,,,,,,,,,,,,,,,,,,,,,,,,,,,,,,,2,1,6,,,,,,,,,,,,,,,,,,,,,,,,,,,,,,,,,,,2,11,3,,1,2,2,2,5,4,1,2.2
2935,1,0,0,16,6,5,0,0,8,3,3,8,5,10,11,15,28.75488750216347,51.89147427955947,1.875,97.296514274174,0.01729715809318649,5.405361904120777,1,,,4,6,,,9,9,,,,,,2,,2,1,,,,,4,,,,,,,,,,,,,,,,,,,,,,,,,,,,,,,,,,,,,1,,3,,,,,,,,,,,,,,,,,,,,,,,,,,,,,,,,,,,,10,3,,1,3,1,2,4,2,2,2.0
3218,1,0,0,0,0,0,0,0,0,0,0,0,0,0,0,0,0,0,0,0,0.0,0.0,1,,,,,,,,,,,,,,,,,,,,,,,,,,,,,,,,,,,,,,,,,,,,,,,,,,,,,,,,,,,,,,,,,,,,,,,,,,,,,,,,,,,,,,,,,,,,,,,,,,,,,,0,0,0,0,0,0
3219,4,0,0,22,14,13,4,1,7,1,5,9,5,10,14,15,40.13896548741762,57.110323830864054,2.7777777777777777,158.6397884190668,0.019036774610288017,8.813321578837044,1,,,2,14,3,3,11,11,3,3,3,2,,1,1,1,1,,,,,8,,,,,,1,,,,,,,1,,,,,,,,,,,,,,,,,,,,,,,,5,4,1,,,,,,,,,,,,,,,,,,,,,,,,,,,,,,,,,,,7,30,2,3,1,1,1,5,12,5,1,2.8333333333333335
3229,1,0,0,13,7,8,3,2,0,3,0,0,0,0,0,0,0,0,0,0,0.0,0.0,1,,,,7,,,7,7,3,3,,4,,,,2,,,,,,4,2,,,,,,,,,,,,,,,,,,,,,,,,,,,,,,,,,,,,2,5,6,,,,,,,,,,,,,,,,,,,,,,,,,,,,,,,,,,,4,16,,1,1,1,0,3,9,7,1,4.555555555555555
3238,1,0,0,0,0,0,0,0,0,0,0,0,0,0,0,0,0,0,0,0,0.0,0.0,1,,,,,,,,,,,,,,,,,,,,,,,,,,,,,,,,,,,,,,,,,,,,,,,,,,,,,,,,,,,,,,,,,,,,,,,,,,,,,,,,,,,,,,,,,,,,,,,,,,,,,,0,0,0,0,0,0
3309,1,0,0,6,4,4,0,0,0,2,2,7,4,8,9,12,21.651484454403228,38.03910001730775,1.1428571428571428,43.47325716263743,0.012679700005769252,2.415180953479857,1,,,1,4,,,4,4,,,,1,,2,,2,,,,,,3,,,,,,,,,,,,,,,,,,,,,,,,,,,,,,,,,,,,,2,2,2,,,,,,,,,,,,,,,,,,,,,,,,,,,,,,,,,,,,7,1,1,1,1,1,3,2,11,5,8.0
3335,2,0,0,8,6,6,0,0,0,2,1,2,1,2,3,3,2.0,4.754887502163469,0.5,2.3774437510817346,0.0015849625007211565,0.1320802083934297,1,,,3,6,2,2,4,4,,,2,,,,,,,,,,,3,,,,,,,,1,,,,,,,,,,,,,,,,,,,,,,,,,,,,,1,,2,,,,,,,,,,,,,,,,,,,,,,,,,,,,,,,,,,,2,5,1,,1,1,1,2,2,8,3,5.5
3334,2,0,0,13,11,11,0,0,0,2,7,19,15,28,26,43,100.36210720983135,202.11890788006698,5.157894736842105,1042.5080511708718,0.06737296929335566,57.917113953937324,1,,,4,11,2,2,17,17,,,2,2,,1,4,4,2,,,1,,6,,,,,,,,,,,,,3,,,,,,,,,,,,,,,,,,,,,,,,7,2,2,,,,,,,,,,,,,,,,,,,,,,,,,,,,,,,,,,,2,18,3,2,3,3,1,3,6,5,1,2.0
3371,2,0,0,9,7,7,0,0,0,2,3,4,3,6,7,9,12.75488750216347,25.26619429851844,2.25,56.848937171666485,0.008422064766172813,3.158274287314805,1,,,3,7,2,2,7,7,,,2,1,,,,1,1,,,,,4,1,,,,1,,,,,,,,,,,,,,,,,,,,,,,,,,,,,,,,1,2,2,,,,,,,,,,,,,,,,,,,,,,,,,,,,,,,,,,,2,9,1,1,1,2,1,3,4,6,3,5.0
3370,2,0,0,9,7,7,0,0,0,2,3,4,3,6,7,9,12.75488750216347,25.26619429851844,2.25,56.848937171666485,0.008422064766172813,3.158274287314805,1,,,3,7,2,2,7,7,,,2,1,,,,1,1,,,,,4,1,,,,1,,,,,,,,,,,,,,,,,,,,,,,,,,,,,,,,1,2,2,,,,,,,,,,,,,,,,,,,,,,,,,,,,,,,,,,,2,9,1,1,1,2,1,3,4,6,3,5.0
3369,2,0,0,9,7,7,0,0,0,2,3,4,3,6,7,9,12.75488750216347,25.26619429851844,2.25,56.848937171666485,0.008422064766172813,3.158274287314805,1,,,3,7,2,2,7,7,,,2,1,,,,1,1,,,,,4,1,,,,1,,,,,,,,,,,,,,,,,,,,,,,,,,,,,,,,1,2,2,,,,,,,,,,,,,,,,,,,,,,,,,,,,,,,,,,,2,9,1,1,1,2,1,3,4,10,3,6.0
3368,2,0,0,9,7,7,0,0,0,2,3,4,3,6,7,9,12.75488750216347,25.26619429851844,2.25,56.848937171666485,0.008422064766172813,3.158274287314805,1,,,3,7,2,2,7,7,,,2,1,,1,1,,,,,,,4,1,,,,1,,,,,,,,,,,,,,,,,,,,,,,,,,,,,,,,1,2,2,,,,,,,,,,,,,,,,,,,,,,,,,,,,,,,,,,,2,9,1,1,1,2,1,3,4,11,4,6.5
3383,2,0,0,9,7,7,0,0,0,2,3,4,3,6,7,9,12.75488750216347,25.26619429851844,2.25,56.848937171666485,0.008422064766172813,3.158274287314805,1,,,3,7,2,2,7,7,,,2,1,,,,1,1,,,,,4,1,,,,1,,,,,,,,,,,,,,,,,,,,,,,,,,,,,,,,1,2,2,,,,,,,,,,,,,,,,,,,,,,,,,,,,,,,,,,,2,9,1,1,1,2,1,3,4,6,3,5.0
3384,2,0,0,9,7,7,0,0,0,2,3,4,3,6,7,9,12.75488750216347,25.26619429851844,2.25,56.848937171666485,0.008422064766172813,3.158274287314805,1,,,3,7,2,2,7,7,,,2,1,,,,1,1,,,,,4,1,,,,1,,,,,,,,,,,,,,,,,,,,,,,,,,,,,,,,1,2,2,,,,,,,,,,,,,,,,,,,,,,,,,,,,,,,,,,,2,9,1,1,1,2,1,3,4,6,3,5.0
3385,2,0,0,9,7,7,0,0,0,2,3,4,3,6,7,9,12.75488750216347,25.26619429851844,2.25,56.848937171666485,0.008422064766172813,3.158274287314805,1,,,3,7,2,2,7,7,,,2,1,,,,1,1,,,,,4,1,,,,1,,,,,,,,,,,,,,,,,,,,,,,,,,,,,,,,1,2,2,,,,,,,,,,,,,,,,,,,,,,,,,,,,,,,,,,,2,9,1,1,1,2,1,3,4,6,3,5.0
3386,2,0,0,9,7,7,0,0,0,2,3,4,3,6,7,9,12.75488750216347,25.26619429851844,2.25,56.848937171666485,0.008422064766172813,3.158274287314805,1,,,3,7,2,2,7,7,,,2,1,,,,1,1,,,,,4,1,,,,1,,,,,,,,,,,,,,,,,,,,,,,,,,,,,,,,1,2,2,,,,,,,,,,,,,,,,,,,,,,,,,,,,,,,,,,,2,9,1,1,1,2,1,3,4,6,3,5.0
3387,2,0,0,9,7,7,0,0,0,2,3,4,3,6,7,9,12.75488750216347,25.26619429851844,2.25,56.848937171666485,0.008422064766172813,3.158274287314805,1,,,3,7,2,2,7,7,,,2,1,,,,1,1,,,,,4,1,,,,1,,,,,,,,,,,,,,,,,,,,,,,,,,,,,,,,1,2,2,,,,,,,,,,,,,,,,,,,,,,,,,,,,,,,,,,,2,9,1,1,1,2,1,3,4,6,3,5.0
3388,2,0,0,9,7,7,0,0,0,2,3,4,3,6,7,9,12.75488750216347,25.26619429851844,2.25,56.848937171666485,0.008422064766172813,3.158274287314805,1,,,3,7,2,2,7,7,,,2,1,,,,1,1,,,,,4,1,,,,1,,,,,,,,,,,,,,,,,,,,,,,,,,,,,,,,1,2,2,,,,,,,,,,,,,,,,,,,,,,,,,,,,,,,,,,,2,9,1,1,1,2,1,3,4,6,3,5.0
3056,6,0,0,14,11,11,0,0,0,3,5,20,15,30,25,45,98.04820237218406,208.9735285398626,3.75,783.6507320244848,0.06965784284662087,43.536151779138045,1,,,1,11,4,4,7,7,,,4,1,,4,,4,,,,,2,6,,,,,,,3,,,,,,,,,,,,,,,,,,,,,,,,,,,,,,9,4,3,,,,,,,,,,,,,,,,,,,,,,,,,,,,,,,,,,,6,18,1,1,1,1,1,3,3,7,5,6.0
3051,6,0,0,12,10,10,0,0,0,2,5,20,15,30,25,45,98.04820237218406,208.9735285398626,3.75,783.6507320244848,0.06965784284662087,43.536151779138045,1,,,1,10,4,4,7,7,,,4,1,,4,,4,,,,,2,5,,,,,,,3,,,,,,,,,,,,,,,,,,,,,,,,,,,,,,6,8,2,,,,,,,,,,,,,,,,,,,,,,,,,,,,,,,,,,,6,15,1,1,1,1,1,3,2,7,5,6.0
3057,6,0,0,14,11,11,0,0,0,3,5,20,15,30,25,45,98.04820237218406,208.9735285398626,3.75,783.6507320244848,0.06965784284662087,43.536151779138045,1,,,1,11,4,4,7,7,,,4,1,,4,,4,,,,,2,6,,,,,,,3,,,,,,,,,,,,,,,,,,,,,,,,,,,,,,9,4,3,,,,,,,,,,,,,,,,,,,,,,,,,,,,,,,,,,,6,18,1,1,1,1,1,3,3,7,5,6.0
3058,6,0,0,14,11,11,0,0,0,3,5,20,15,30,25,45,98.04820237218406,208.9735285398626,3.75,783.6507320244848,0.06965784284662087,43.536151779138045,1,,,1,11,4,4,7,7,,,4,1,,4,,4,,,,,2,6,,,,,,,3,,,,,,,,,,,,,,,,,,,,,,,,,,,,,,9,4,3,,,,,,,,,,,,,,,,,,,,,,,,,,,,,,,,,,,6,18,1,1,1,1,1,3,3,7,5,6.0
3053,6,0,0,12,10,10,0,0,0,2,5,20,15,30,25,45,98.04820237218406,208.9735285398626,3.75,783.6507320244848,0.06965784284662087,43.536151779138045,1,,,1,10,4,4,7,7,,,4,1,,4,,4,,,,,2,5,,,,,,,3,,,,,,,,,,,,,,,,,,,,,,,,,,,,,,10,4,2,,,,,,,,,,,,,,,,,,,,,,,,,,,,,,,,,,,6,15,1,1,1,1,1,3,2,7,5,6.0
3055,6,0,0,14,11,11,0,0,0,3,4,12,11,22,16,33,51.01955000865388,132.0,3.6666666666666665,484.0,0.044,26.88888888888889,1,,,1,11,4,4,7,7,,,4,1,,,,4,,,,,2,6,,,,,,,3,,,,,,,,,,,,,,,,,,,,,,,,,,,,,,4,5,3,,,,,,,,,,,,,,,,,,,,,,,,,,,,,,,,,,,6,18,1,1,1,1,1,3,3,7,5,6.0
3059,6,0,0,12,10,10,0,0,0,2,5,20,15,30,25,45,98.04820237218406,208.9735285398626,3.75,783.6507320244848,0.06965784284662087,43.536151779138045,1,,,1,10,4,4,7,7,,,4,1,,4,,4,,,,,2,5,,,,,,,3,,,,,,,,,,,,,,,,,,,,,,,,,,,,,,10,4,2,,,,,,,,,,,,,,,,,,,,,,,,,,,,,,,,,,,6,15,1,1,1,1,1,3,2,7,5,6.0
3054,6,0,0,14,11,11,0,0,0,3,5,21,15,30,26,45,103.84830635279079,211.51978731634918,3.5714285714285716,755.4278118441042,0.07050659577211639,41.9682117691169,1,,,1,11,4,4,7,7,,,4,1,,4,,4,,,,,2,6,,,,,,,3,,,,,,,,,,,,,,,,,,,,,,,,,,,,,,10,4,3,,,,,,,,,,,,,,,,,,,,,,,,,,,,,,,,,,,6,17,1,1,1,1,1,3,3,7,5,6.0
3052,7,0,0,12,10,10,0,0,0,2,6,21,17,34,27,51,107.74844088268091,242.49926261033693,4.857142857142857,1177.8535612502078,0.08083308753677898,65.43630895834488,1,,,1,10,4,4,7,7,,,4,1,,4,,4,,,,,2,5,,,,,,,3,1,,,,,,,,,,,,,,,,,,,,,,,,,,,,,13,2,2,,,,,,,,,,,,,,,,,,,,,,,,,,,,,,,,,,,7,16,1,1,1,1,1,3,2,7,5,6.0
2791,2,0,0,8,6,6,0,0,0,2,4,6,4,8,10,12,23.509775004326936,39.863137138648355,2.6666666666666665,106.3016990363956,0.013287712379549451,5.905649946466422,1,,,1,6,1,1,5,5,,,1,1,,1,1,1,,,,,,4,,,,,,,1,,,,,,,,,,,,,,,,,,,,,,,,,,,,,,3,2,2,,,,,,,,,,,,,,,,,,,,,,,,,,,,,,,,,,,1,9,1,1,1,1,1,3,2,5,4,4.5
3527,2,0,0,28,10,10,9,9,0,9,4,8,5,10,12,15,32.0,53.77443751081735,2.5,134.43609377704337,0.017924812503605784,7.468671876502409,1,,,2,10,1,1,9,9,,,1,1,,2,,1,1,,,1,,7,,,,,,,,,,,,,1,,,,,,,,,,,,,,,,,,,,,,,,4,9,18,,,,,,,,,,,,,,,,,,,,,,,,,,,,,,,,,,,3,18,1,2,1,2,1,4,7,9,1,4.571428571428571
3526,2,0,0,27,10,10,9,9,0,8,5,12,9,18,17,27,54.62919048309069,110.36149671375918,3.75,413.85561267659693,0.03678716557125306,22.99197848203316,1,,,2,10,1,1,9,9,,,1,1,,4,,3,1,,,1,,7,,,,,,,,,,,,,1,,,,,,,,,,,,,,,,,,,,,,,,8,9,17,,,,,,,,,,,,,,,,,,,,,,,,,,,,,,,,,,,3,17,1,2,1,2,1,4,6,8,1,3.8333333333333335
3524,2,0,0,30,11,11,10,10,0,9,5,12,8,16,17,24,54.62919048309069,98.09910819000817,3.3333333333333335,326.99702730002724,0.03269970273000272,18.16650151666818,1,,,2,11,1,1,9,9,,,1,1,,2,,4,1,,,1,,8,,,,,,,,,,,,,1,,,,,,,,,,,,,,,,,,,,,,,,7,10,19,,,,,,,,,,,,,,,,,,,,,,,,,,,,,,,,,,,3,20,1,2,1,2,1,4,8,9,1,4.625
3525,2,0,0,27,10,10,9,9,0,8,5,12,9,18,17,27,54.62919048309069,110.36149671375918,3.75,413.85561267659693,0.03678716557125306,22.99197848203316,1,,,2,10,1,1,9,9,,,1,1,,4,,3,1,,,1,,7,,,,,,,,,,,,,1,,,,,,,,,,,,,,,,,,,,,,,,8,9,17,,,,,,,,,,,,,,,,,,,,,,,,,,,,,,,,,,,3,18,1,2,1,2,1,4,7,9,1,4.571428571428571
3534,2,0,0,27,10,10,9,9,0,8,3,7,4,8,10,12,24.406371956566698,39.863137138648355,1.7142857142857142,68.33680652339717,0.013287712379549451,3.796489251299843,1,,,2,10,1,1,8,8,,,1,1,,2,,1,1,,,,,7,,,,,,,1,,,,,,,,,,,,,,,,,,,,,,,,,,,,,,4,9,17,,,,,,,,,,,,,,,,,,,,,,,,,,,,,,,,,,,3,17,2,1,1,2,2,3,7,9,1,4.571428571428571
3535,2,0,0,25,9,9,9,9,0,7,4,8,5,10,12,15,32.0,53.77443751081735,2.5,134.43609377704337,0.017924812503605784,7.468671876502409,1,,,2,9,1,1,8,8,,,1,1,,2,,1,1,,,,,7,,,,,,,1,,,,,,,,,,,,,,,,,,,,,,,,,,,,,,5,9,16,,,,,,,,,,,,,,,,,,,,,,,,,,,,,,,,,,,1,15,2,1,1,2,2,3,5,8,1,3.8
3536,2,0,0,25,9,9,9,9,0,7,3,6,4,8,9,12,20.264662506490406,38.03910001730775,2.0,76.0782000346155,0.012679700005769252,4.226566668589751,1,,,2,9,1,1,7,7,,,1,1,,2,,,1,,,,,7,,,,,,,1,,,,,,,,,,,,,,,,,,,,,,,,,,,,,,4,9,16,,,,,,,,,,,,,,,,,,,,,,,,,,,,,,,,,,,1,15,2,1,1,2,2,3,5,8,1,3.8
3587,5,0,0,26,14,13,1,1,7,5,5,11,8,16,16,24,49.663388279447084,96.0,3.6363636363636362,349.09090909090907,0.032,19.39393939393939,1,,,2,14,4,4,10,10,3,3,4,1,,1,,3,1,,,1,,7,,,,,3,,,,,,,,,,,,,,,,,,,,,,,,,,,,,,,,10,1,6,,,,,,,,,,,,,,,,,,,,,,,,,,,,,,,,,,,6,23,,2,1,1,0,4,6,6,1,3.6666666666666665
3593,3,0,0,24,12,11,1,1,7,5,6,9,6,12,15,18,44.039100017307746,70.32403072095333,4.0,281.2961228838133,0.02344134357365111,15.627562382434073,1,,,2,12,3,3,8,8,1,1,3,1,,1,,2,1,,,1,,6,,1,,,1,,,,,,,,,,,,,,,,,,,,,,,,,,,,,,,,8,1,6,,,,,,,,,,,,,,,,,,,,,,,,,,,,,,,,,,,5,17,,2,1,1,0,4,6,6,1,3.6666666666666665
3591,3,0,0,24,12,11,1,1,7,5,4,9,6,12,13,18,36.52932501298081,66.60791492653966,2.6666666666666665,177.62110647077242,0.022202638308846556,9.867839248376246,1,,,2,12,3,3,7,7,1,1,3,,,3,,1,,,,1,,6,,1,,,1,,,,,,,,,,,,,,,,,,,,,,,,,,,,,,,,7,1,6,,,,,,,,,,,,,,,,,,,,,,,,,,,,,,,,,,,5,17,,1,1,1,0,3,6,6,1,3.6666666666666665
3588,5,0,0,26,14,13,1,1,7,5,5,10,8,16,15,24,44.82892142331043,93.76537429460444,4.0,375.06149717841777,0.03125512476486815,20.836749843245432,1,,,2,14,4,4,10,10,3,3,4,1,,1,,2,2,,,1,,7,,,,,3,,,,,,,,,,,,,,,,,,,,,,,,,,,,,,,,10,1,6,,,,,,,,,,,,,,,,,,,,,,,,,,,,,,,,,,,6,23,,2,1,1,0,4,6,6,1,3.6666666666666665
3586,5,0,0,26,14,13,1,1,7,5,3,12,8,16,15,24,47.77443751081735,93.76537429460444,2.0,187.53074858920888,0.03125512476486815,10.418374921622716,1,,,2,14,4,4,9,9,3,3,4,,,4,,1,,,,1,,7,,,,,3,,,,,,,,,,,,,,,,,,,,,,,,,,,,,,,,9,1,6,,,,,,,,,,,,,,,,,,,,,,,,,,,,,,,,,,,6,23,,1,1,1,0,3,6,6,1,3.6666666666666665
3592,4,0,0,26,14,13,1,1,7,5,6,11,7,14,17,21,53.563522809337215,85.83671966625714,3.8181818181818183,327.74020236207275,0.02861223988875238,18.207789020115154,1,,,2,14,4,4,9,9,4,4,4,1,,1,,2,1,,,1,,7,,1,,,2,,,,,,,,,,,,,,,,,,,,,,,,,,,,,,,,7,1,6,,,,,,,,,,,,,,,,,,,,,,,,,,,,,,,,,,,6,25,,2,1,1,0,4,6,6,1,3.6666666666666665
3589,5,0,0,17,15,15,0,0,0,2,3,13,9,18,16,27,52.860603837997665,108.0,2.076923076923077,224.30769230769232,0.036,12.461538461538462,1,,,,15,5,5,9,9,3,3,5,,,5,,1,,,,1,,8,,,,,3,,,,,,,,,,,,,,,,,,,,,,,,,,,,,,,,10,,2,,,,,,,,,,,,,,,,,,,,,,,,,,,,,,,,,,,7,25,,1,1,1,0,3,6,5,1,3.5
3585,2,0,0,14,9,9,1,1,0,4,4,10,7,14,14,21,41.219280948873624,79.95445336320968,2.8,223.8724694169871,0.026651484454403226,12.437359412054839,1,,,1,9,1,1,10,10,1,1,1,1,,2,,1,2,,,1,,6,,,,,,,,,,,,,2,,,,,,,,,,,,,,,,,,,,,,,,7,1,5,,,,,,,,,,,,,,,,,,,,,,,,,,,,,,,,,,,3,19,,2,1,1,0,4,6,5,1,2.8333333333333335
3590,7,0,0,26,14,13,1,1,7,5,4,19,12,24,23,36,88.71062275542812,162.84823041805248,2.526315789473684,411.40605579297466,0.05428274347268416,22.85589198849859,1,,,2,14,4,4,9,9,5,5,4,,,4,,1,,,,1,,7,,,,,5,,,,,,,,,,,,,,,,,,,,,,,,,,,,,,,,11,1,6,,,,,,,,,,,,,,,,,,,,,,,,,,,,,,,,,,,8,27,,1,1,1,0,3,6,6,1,3.6666666666666665
3620,4,0,0,12,12,12,0,0,0,0,3,8,5,10,11,15,28.75488750216347,51.89147427955947,1.875,97.296514274174,0.01729715809318649,5.405361904120777,1,,,2,12,4,4,10,10,10,10,4,2,,3,,1,,,,,1,7,,,,,1,,,,,,,,,,,,,,,,,,,,,,,,,,,,,,,,11,,,,,,,,,,,,,,,,,,,,,,,,,,,,,,,,,,,,,7,26,2,2,1,2,2,3,9,12,1,5.777777777777778
3664,1,0,0,7,5,5,0,0,0,2,0,0,0,0,0,0,0,0,0,0,0.0,0.0,1,,,,5,,,7,7,,,,2,,,,1,,,,,,4,,,,,,,,,,,,,,,,,,,,,,,,,,,,,,,,,,,,,,,2,,,,,,,,,,,,,,,,,,,,,,,,,,,,,,,,,,,2,9,3,,1,2,1,2,6,6,1,3.8333333333333335
3665,1,0,0,16,14,14,0,0,0,2,2,7,4,8,9,12,21.651484454403228,38.03910001730775,1.1428571428571428,43.47325716263743,0.012679700005769252,2.415180953479857,1,,,,14,,,28,28,9,9,,3,,,3,1,1,,,,,1,,,,,,,,,,,,,,,,,,,,,,,,,,,,,,,,,,,,,12,,2,,,,,,,,,,,,,,,,,,,,,,,,,,,,,,,,,,,2,29,,4,12,1,0,5,7,6,4,4.714285714285714
3684,4,0,0,15,11,11,1,0,0,4,3,10,6,12,13,18,37.974168451037094,66.60791492653966,1.8,119.8942468677714,0.022202638308846556,6.660791492653967,1,,,,11,3,3,8,8,3,3,3,2,,3,2,1,,,,,,6,,,,,1,,,,,,,,,,,,,,,,,,,,,,,,,,,,,,,,4,1,4,,,,,,,,,,,,,,,,,,,,,,,,,,,,,,,,,,,7,27,2,1,1,1,1,3,9,6,1,3.4444444444444446
3687,2,0,0,11,8,7,0,0,0,4,0,0,0,0,0,0,0,0,0,0,0.0,0.0,1,,,,7,1,1,8,8,1,1,2,3,,,,1,,,,,,5,,,,,,,,,,,,,,,,,,,,,,,,,,,,,,,,,,,,,,,4,,,,,,,,,,,,,,,,,,,,,,,,,,,,,,,,,,,4,17,2,1,1,1,2,3,9,5,1,3.3333333333333335
3688,2,0,0,11,8,7,0,0,0,4,0,0,0,0,0,0,0,0,0,0,0.0,0.0,1,,,,7,1,1,8,8,1,1,2,3,,,,1,,,,,,5,,,,,,,,,,,,,,,,,,,,,,,,,,,,,,,,,,,,,,,4,,,,,,,,,,,,,,,,,,,,,,,,,,,,,,,,,,,4,17,2,1,1,1,2,3,9,5,1,3.3333333333333335
3686,10,0,0,24,20,20,0,0,0,4,5,16,14,28,21,42,75.60964047443682,184.47733175670794,4.375,807.0883264355972,0.06149244391890265,44.83824035753318,1,,,,20,6,6,15,15,3,3,6,3,,2,,1,,,,2,,11,,,,,3,3,,,,,,,,,,,,,,,,,,,,,,,,,,,,,,,9,,4,,,,,,,,,,,,,,,,,,,,,,,,,,,,,,,,,,,17,38,,2,2,2,0,3,11,5,1,2.5454545454545454
3689,3,0,0,14,10,10,0,0,0,4,1,2,1,2,3,3,2.0,4.754887502163469,0.5,2.3774437510817346,0.0015849625007211565,0.1320802083934297,1,,,,10,2,2,13,13,5,5,2,5,,1,,1,,,,,,7,,,,,,,,,,,,,,,,,,,,,,,,,,,,,,,,,,,,,2,,4,,,,,,,,,,,,,,,,,,,,,,,,,,,,,,,,,,,6,30,3,2,1,2,2,3,12,5,1,2.6666666666666665
3690,3,0,0,14,10,10,0,0,0,4,1,2,1,2,3,3,2.0,4.754887502163469,0.5,2.3774437510817346,0.0015849625007211565,0.1320802083934297,1,,,,10,2,2,13,13,5,5,2,5,,,,2,,,,,,7,,,,,,,,,,,,,,,,,,,,,,,,,,,,,,,,,,,,,2,,4,,,,,,,,,,,,,,,,,,,,,,,,,,,,,,,,,,,6,30,3,2,1,2,2,3,12,5,1,2.6666666666666665
3691,4,0,0,18,14,14,0,0,0,4,2,4,2,4,6,6,10.0,15.509775004326936,1.0,15.509775004326936,0.005169925001442312,0.861654166907052,1,,,,14,3,3,15,15,6,6,3,5,,1,,2,,,,,,10,,,,,,,,,,,,,,,,,,,,,,,,,,,,,,,,,,,,,4,,4,,,,,,,,,,,,,,,,,,,,,,,,,,,,,,,,,,,8,39,4,2,1,2,2,3,15,5,1,2.533333333333333
3685,13,0,0,35,29,29,0,0,0,6,4,11,11,22,15,33,46.053747805010275,128.92738965508113,4.0,515.7095586203245,0.04297579655169371,28.650531034462475,1,,,2,29,13,13,18,18,6,6,14,4,,2,2,1,,,,,,13,,,,,3,4,,,,,,,,,,,,,,,,,,,,,,,,,,,,,,,6,,6,,,,,,,,,,,,,,,,,,,,,,,,,,,,,,,,,,,27,50,4,4,2,1,1,4,10,5,1,2.9
3580,3,0,0,21,10,9,1,1,5,6,5,10,6,12,15,18,44.82892142331043,70.32403072095333,3.0,210.97209216286,0.02344134357365111,11.720671786825555,1,,,2,10,2,2,9,9,2,2,2,1,,2,1,2,,,,1,1,5,,,,,,,,,,,,,,,,,,,,,,,,,,,,,,,,,,,,,5,2,6,,,,,,,,,,,,,,,,,,,,,,,,,,,,,,,,,,,4,18,,3,1,1,0,5,6,9,1,4.166666666666667
3583,3,0,0,22,10,9,1,1,7,5,5,10,6,12,15,18,44.82892142331043,70.32403072095333,3.0,210.97209216286,0.02344134357365111,11.720671786825555,1,,,2,10,2,2,9,9,2,2,2,1,,2,1,2,,,,1,1,5,,,,,,,,,,,,,,,,,,,,,,,,,,,,,,,,,,,,,5,2,6,,,,,,,,,,,,,,,,,,,,,,,,,,,,,,,,,,,4,18,,3,1,1,0,5,6,9,1,4.166666666666667
3582,3,0,0,21,10,9,1,1,7,4,4,8,5,10,12,15,32.0,53.77443751081735,2.5,134.43609377704337,0.017924812503605784,7.468671876502409,1,,,2,10,2,2,9,9,1,1,2,1,,2,1,1,,,,1,1,5,,,,,,,,,,,,,,,,,,,,,,,,,,,,,,,,,,,,,4,3,5,,,,,,,,,,,,,,,,,,,,,,,,,,,,,,,,,,,4,16,,3,1,1,0,5,6,9,1,4.166666666666667
3584,3,0,0,22,10,9,1,1,7,5,5,10,6,12,15,18,44.82892142331043,70.32403072095333,3.0,210.97209216286,0.02344134357365111,11.720671786825555,1,,,2,10,2,2,9,9,2,2,2,1,,2,1,2,,,,1,1,5,,,,,,,,,,,,,,,,,,,,,,,,,,,,,,,,,,,,,5,2,6,,,,,,,,,,,,,,,,,,,,,,,,,,,,,,,,,,,4,18,,3,1,1,0,5,6,9,1,4.166666666666667
3581,3,0,0,22,10,9,1,1,7,5,4,8,5,10,12,15,32.0,53.77443751081735,2.5,134.43609377704337,0.017924812503605784,7.468671876502409,1,,,2,10,2,2,9,9,1,1,2,1,,2,1,1,,,,1,1,5,,,,,,,,,,,,,,,,,,,,,,,,,,,,,,,,,,,,,5,2,6,,,,,,,,,,,,,,,,,,,,,,,,,,,,,,,,,,,4,16,,3,1,1,0,5,6,9,1,4.166666666666667
3682,2,0,0,8,6,6,0,0,0,2,1,2,1,2,3,3,2.0,4.754887502163469,0.5,2.3774437510817346,0.0015849625007211565,0.1320802083934297,1,,,,6,1,1,6,6,1,1,1,4,,1,,,,,,,,4,1,,,,,,,,,,,,,,,,,,,,,,,,,,,,,,,,,,,,2,,2,,,,,,,,,,,,,,,,,,,,,,,,,,,,,,,,,,,3,15,3,,1,1,2,2,6,6,1,3.8333333333333335
3681,2,0,0,12,7,7,0,0,0,5,0,0,0,0,0,0,0,0,0,0,0.0,0.0,1,,,,7,1,1,7,7,1,1,1,4,,,,,,,,,,6,2,,,,,,,,,,,,,,,,,,,,,,,,,,,,,,,,,,,,1,,5,,,,,,,,,,,,,,,,,,,,,,,,,,,,,,,,,,,3,19,4,,1,1,2,2,7,6,1,4.0
3680,4,0,0,11,8,8,0,0,0,3,1,2,1,2,3,3,2.0,4.754887502163469,0.5,2.3774437510817346,0.0015849625007211565,0.1320802083934297,1,,,,8,3,3,8,8,1,1,3,3,,,,,,,,,,4,1,,,,,,,1,,,,,,,,,,,,,,,,,,,,,,,,,,,,,1,,3,,,,,,,,,,,,,,,,,,,,,,,,,,,,,,,,,,,6,18,4,,1,1,2,2,7,6,1,3.4285714285714284
3679,4,0,0,11,8,8,0,0,0,3,1,2,1,2,3,3,2.0,4.754887502163469,0.5,2.3774437510817346,0.0015849625007211565,0.1320802083934297,1,,,,8,3,3,8,8,1,1,3,3,,,,,,,,,,4,1,,,,,,1,,,,,,,,,,,,,,,,,,,,,,,,,,,,,,1,,3,,,,,,,,,,,,,,,,,,,,,,,,,,,,,,,,,,,6,18,4,,1,1,2,2,7,6,1,3.4285714285714284
3678,4,0,0,11,8,8,0,0,0,3,1,2,1,2,3,3,2.0,4.754887502163469,0.5,2.3774437510817346,0.0015849625007211565,0.1320802083934297,1,,,,8,3,3,8,8,1,1,3,3,,,,,,,,,1,4,1,,,,,,,,,,,,,,,,,,,,,,,,,,,,,,,,,,,,1,,3,,,,,,,,,,,,,,,,,,,,,,,,,,,,,,,,,,,6,18,4,,1,1,2,2,7,6,1,3.4285714285714284
3677,4,0,0,11,8,8,0,0,0,3,1,2,1,2,3,3,2.0,4.754887502163469,0.5,2.3774437510817346,0.0015849625007211565,0.1320802083934297,1,,,,8,3,3,8,8,1,1,3,3,,,,,,,,1,,4,1,,,,,,,,,,,,,,,,,,,,,,,,,,,,,,,,,,,,1,,3,,,,,,,,,,,,,,,,,,,,,,,,,,,,,,,,,,,6,18,4,,1,1,2,2,7,6,1,3.4285714285714284
3673,2,0,0,12,9,8,0,0,0,4,0,0,0,0,0,0,0,0,0,0,0.0,0.0,1,,,,8,1,1,8,8,2,2,2,6,,,,,,,,,,7,3,,,,,,,,,,,,,,,,,,,,,,,,,,,,,,,,,,,,3,,4,,,,,,,,,,,,,,,,,,,,,,,,,,,,,,,,,,,3,23,4,,1,1,2,2,10,8,1,4.6
3672,2,0,0,11,8,8,0,0,0,3,0,0,0,0,0,0,0,0,0,0,0.0,0.0,1,,,,8,1,1,8,8,2,2,1,5,,,,,,,,,,7,3,,,,,,,,,,,,,,,,,,,,,,,,,,,,,,,,,,,,3,,3,,,,,,,,,,,,,,,,,,,,,,,,,,,,,,,,,,,3,23,4,,1,1,2,2,10,7,1,4.4
3528,2,0,0,8,7,7,0,0,0,1,4,8,5,10,12,15,32.0,53.77443751081735,2.5,134.43609377704337,0.017924812503605784,7.468671876502409,1,,,,7,1,1,7,7,,,1,1,,2,,1,1,,,1,,5,,,,,,,,,,,,,,,,,,,,,,,,,,,,,,,,,,,,,4,1,1,,,,,,,,,,,,,,,,,,,,,,,,,,,,,,,,,,,1,11,2,1,1,2,2,3,3,5,1,3.3333333333333335
3529,2,0,0,8,7,7,0,0,0,1,4,8,5,10,12,15,32.0,53.77443751081735,2.5,134.43609377704337,0.017924812503605784,7.468671876502409,1,,,2,7,1,1,7,7,,,1,1,,2,,1,1,,,1,,5,,,,,,,,,,,,,,,,,,,,,,,,,,,,,,,,,,,,,4,1,1,,,,,,,,,,,,,,,,,,,,,,,,,,,,,,,,,,,1,11,2,1,1,2,2,3,3,5,1,3.6666666666666665
3530,2,0,0,8,7,7,0,0,0,1,4,8,5,10,12,15,32.0,53.77443751081735,2.5,134.43609377704337,0.017924812503605784,7.468671876502409,1,,,2,7,1,1,7,7,,,1,1,,2,,1,1,,,1,,5,,,,,,,,,,,,,,,,,,,,,,,,,,,,,,,,,,,,,4,1,1,,,,,,,,,,,,,,,,,,,,,,,,,,,,,,,,,,,1,11,2,1,1,2,2,3,3,5,1,3.6666666666666665
3531,2,0,0,8,7,7,0,0,0,1,4,8,5,10,12,15,32.0,53.77443751081735,2.5,134.43609377704337,0.017924812503605784,7.468671876502409,1,,,2,7,1,1,7,7,,,1,1,,2,,1,1,,,1,,5,,,,,,,,,,,,,,,,,,,,,,,,,,,,,,,,,,,,,4,1,1,,,,,,,,,,,,,,,,,,,,,,,,,,,,,,,,,,,1,11,2,1,1,2,2,3,3,5,1,3.6666666666666665
3532,2,0,0,8,7,7,0,0,0,1,4,8,5,10,12,15,32.0,53.77443751081735,2.5,134.43609377704337,0.017924812503605784,7.468671876502409,1,,,2,7,1,1,7,7,,,1,1,,2,,1,1,,,1,,5,,,,,,,,,,,,,,,,,,,,,,,,,,,,,,,,,,,,,4,1,1,,,,,,,,,,,,,,,,,,,,,,,,,,,,,,,,,,,1,11,2,1,1,2,2,3,3,5,1,3.6666666666666665
3533,2,0,0,8,7,7,0,0,0,1,4,8,5,10,12,15,32.0,53.77443751081735,2.5,134.43609377704337,0.017924812503605784,7.468671876502409,1,,,2,7,1,1,7,7,,,1,1,,2,,1,1,,,1,,5,,,,,,,,,,,,,,,,,,,,,,,,,,,,,,,,,,,,,4,1,1,,,,,,,,,,,,,,,,,,,,,,,,,,,,,,,,,,,1,11,2,1,1,2,2,3,3,5,1,3.6666666666666665
29,1,0,0,1,1,1,0,0,0,0,0,0,0,0,0,0,0,0,0,0,0.0,0.0,1,,,,1,,,,,,,,,,,,,,,,,,,,,,,,,,,,,,,,,,,,,,,,,,,,,,,,,,,,,,,,,,,,,,,,,,,,,,,,,,,,,,,,,,,,,,,,,,,,,1,,,,,0,0,1,4,4,4.0
99,1,0,0,1,1,1,0,0,0,0,0,0,0,0,0,0,0,0,0,0,0.0,0.0,1,,,,1,,,,,,,,,,,,,,,,,,,,,,,,,,,,,,,,,,,,,,,,,,,,,,,,,,,,,,,,,,,,,,,,,,,,,,,,,,,,,,,,,,,,,,,,,,,,,1,,,,,0,0,1,4,4,4.0
193,1,0,0,1,1,1,0,0,0,0,0,0,0,0,0,0,0,0,0,0,0.0,0.0,1,,,,1,,,,,,,,,,,,,,,,,,,,,,,,,,,,,,,,,,,,,,,,,,,,,,,,,,,,,,,,,,,,,,,,,,,,,,,,,,,,,,,,,,,,,,,,,,,,,1,,,,,0,0,1,4,4,4.0
74,1,0,0,1,1,1,0,0,0,0,0,0,0,0,0,0,0,0,0,0,0.0,0.0,1,,,,1,,,,,,,,,,,,,,,,,,,,,,,,,,,,,,,,,,,,,,,,,,,,,,,,,,,,,,,,,,,,,,,,,,,,,,,,,,,,,,,,,,,,,,,,,,,,,1,,,,,0,0,1,4,4,4.0
2258,1,0,0,1,1,1,0,0,0,0,0,0,0,0,0,0,0,0,0,0,0.0,0.0,1,,,,1,,,,,,,,,,,,,,,,,,,,,,,,,,,,,,,,,,,,,,,,,,,,,,,,,,,,,,,,,,,,,,,,,,,,,,,,,,,,,,,,,,,,,,,,,,,,,1,,,,,0,0,1,4,4,4.0
774,1,0,0,1,1,1,0,0,0,0,0,0,0,0,0,0,0,0,0,0,0.0,0.0,1,,,,1,,,,,,,,,,,,,,,,,,,,,,,,,,,,,,,,,,,,,,,,,,,,,,,,,,,,,,,,,,,,,,,,,,,,,,,,,,,,,,,,,,,,,,,,,,,,,1,,,,,0,0,1,4,4,4.0
254,1,0,0,1,1,1,0,0,0,0,0,0,0,0,0,0,0,0,0,0,0.0,0.0,1,,,,1,,,,,,,,,,,,,,,,,,,,,,,,,,,,,,,,,,,,,,,,,,,,,,,,,,,,,,,,,,,,,,,,,,,,,,,,,,,,,,,,,,,,,,,,,,,,,1,,,,,0,0,1,4,4,4.0
2116,1,0,0,1,1,1,0,0,0,0,0,0,0,0,0,0,0,0,0,0,0.0,0.0,1,,,,1,,,,,,,,,,,,,,,,,,,,,,,,,,,,,,,,,,,,,,,,,,,,,,,,,,,,,,,,,,,,,,,,,,,,,,,,,,,,,,,,,,,,,,,,,,,,,1,,,,,0,0,1,4,4,4.0
2113,1,0,0,1,1,1,0,0,0,0,0,0,0,0,0,0,0,0,0,0,0.0,0.0,1,,,,1,,,,,,,,,,,,,,,,,,,,,,,,,,,,,,,,,,,,,,,,,,,,,,,,,,,,,,,,,,,,,,,,,,,,,,,,,,,,,,,,,,,,,,,,,,,,,1,,,,,0,0,1,4,4,4.0
271,1,0,0,1,1,1,0,0,0,0,0,0,0,0,0,0,0,0,0,0,0.0,0.0,1,,,,1,,,,,,,,,,,,,,,,,,,,,,,,,,,,,,,,,,,,,,,,,,,,,,,,,,,,,,,,,,,,,,,,,,,,,,,,,,,,,,,,,,,,,,,,,,,,,1,,,,,0,0,1,4,4,4.0
2727,1,0,0,0,0,0,0,0,0,0,0,0,0,0,0,0,0,0,0,0,0.0,0.0,1,,,,,,,,,,,,,,,,,,,,,,,,,,,,,,,,,,,,,,,,,,,,,,,,,,,,,,,,,,,,,,,,,,,,,,,,,,,,,,,,,,,,,,,,,,,,,,,,,,,,,,0,0,0,0,0,0
2657,1,0,0,1,1,1,0,0,0,0,0,0,0,0,0,0,0,0,0,0,0.0,0.0,1,,,,1,,,,,,,,,,,,,,,,,,,,,,,,,,,,,,,,,,,,,,,,,,,,,,,,,,,,,,,,,,,,,,,,,,,,,,,,,,,,,,,,,,,,,,,,,,,,,1,,,,,0,0,1,4,4,4.0
982,1,0,0,1,1,1,0,0,0,0,0,0,0,0,0,0,0,0,0,0,0.0,0.0,1,,,,1,,,,,,,,,,,,,,,,,,,,,,,,,,,,,,,,,,,,,,,,,,,,,,,,,,,,,,,,,,,,,,,,,,,,,,,,,,,,,,,,,,,,,,,,,,,,,1,,,,,0,0,1,4,4,4.0
184,1,0,0,1,1,1,0,0,0,0,0,0,0,0,0,0,0,0,0,0,0.0,0.0,1,,,,1,,,,,,,,,,,,,,,,,,,,,,,,,,,,,,,,,,,,,,,,,,,,,,,,,,,,,,,,,,,,,,,,,,,,,,,,,,,,,,,,,,,,,,,,,,,,,1,,,,,0,0,1,4,4,4.0
1585,1,0,0,1,1,1,0,0,0,0,0,0,0,0,0,0,0,0,0,0,0.0,0.0,1,,,,1,,,,,,,,,,,,,,,,,,,,,,,,,,,,,,,,,,,,,,,,,,,,,,,,,,,,,,,,,,,,,,,,,,,,,,,,,,,,,,,,,,,,,,,,,,,,,1,,,,,0,0,1,4,4,4.0
2114,1,0,0,1,1,1,0,0,0,0,0,0,0,0,0,0,0,0,0,0,0.0,0.0,1,,,,1,,,,,,,,,,,,,,,,,,,,,,,,,,,,,,,,,,,,,,,,,,,,,,,,,,,,,,,,,,,,,,,,,,,,,,,,,,,,,,,,,,,,,,,,,,,,,1,,,,,0,0,1,4,4,4.0
581,1,0,0,1,1,1,0,0,0,0,0,0,0,0,0,0,0,0,0,0,0.0,0.0,1,,,,1,,,,,,,,,,,,,,,,,,,,,,,,,,,,,,,,,,,,,,,,,,,,,,,,,,,,,,,,,,,,,,,,,,,,,,,,,,,,,,,,,,,,,,,,,,,,,1,,,,,0,0,1,4,4,4.0
928,1,0,0,1,1,1,0,0,0,0,0,0,0,0,0,0,0,0,0,0,0.0,0.0,1,,,,1,,,,,,,,,,,,,,,,,,,,,,,,,,,,,,,,,,,,,,,,,,,,,,,,,,,,,,,,,,,,,,,,,,,,,,,,,,,,,,,,,,,,,,,,,,,,,1,,,,,0,0,1,4,4,4.0
1745,1,0,0,1,1,1,0,0,0,0,0,0,0,0,0,0,0,0,0,0,0.0,0.0,1,,,,1,,,,,,,,,,,,,,,,,,,,,,,,,,,,,,,,,,,,,,,,,,,,,,,,,,,,,,,,,,,,,,,,,,,,,,,,,,,,,,,,,,,,,,,,,,,,,1,,,,,0,0,1,4,4,4.0
1849,1,0,0,0,0,0,0,0,0,0,0,0,0,0,0,0,0,0,0,0,0.0,0.0,1,,,,,,,,,,,,,,,,,,,,,,,,,,,,,,,,,,,,,,,,,,,,,,,,,,,,,,,,,,,,,,,,,,,,,,,,,,,,,,,,,,,,,,,,,,,,,,,,,,,,,,0,0,0,0,0,0
911,1,0,0,1,1,1,0,0,0,0,0,0,0,0,0,0,0,0,0,0,0.0,0.0,1,,,,1,,,,,,,,,,,,,,,,,,,,,,,,,,,,,,,,,,,,,,,,,,,,,,,,,,,,,,,,,,,,,,,,,,,,,,,,,,,,,,,,,,,,,,,,,,,,,1,,,,,0,0,1,4,4,4.0
2109,1,0,0,1,1,1,0,0,0,0,0,0,0,0,0,0,0,0,0,0,0.0,0.0,1,,,,1,,,,,,,,,,,,,,,,,,,,,,,,,,,,,,,,,,,,,,,,,,,,,,,,,,,,,,,,,,,,,,,,,,,,,,,,,,,,,,,,,,,,,,,,,,,,,1,,,,,0,0,1,4,4,4.0
104,1,0,0,1,1,1,0,0,0,0,0,0,0,0,0,0,0,0,0,0,0.0,0.0,1,,,,1,,,,,,,,,,,,,,,,,,,,,,,,,,,,,,,,,,,,,,,,,,,,,,,,,,,,,,,,,,,,,,,,,,,,,,,,,,,,,,,,,,,,,,,,,,,,,1,,,,,0,0,1,4,4,4.0
1704,1,0,0,1,1,1,0,0,0,0,0,0,0,0,0,0,0,0,0,0,0.0,0.0,1,,,,1,,,,,,,,,,,,,,,,,,,,,,,,,,,,,,,,,,,,,,,,,,,,,,,,,,,,,,,,,,,,,,,,,,,,,,,,,,,,,,,,,,,,,,,,,,,,,1,,,,,0,0,1,4,4,4.0
219,1,0,0,1,1,1,0,0,0,0,0,0,0,0,0,0,0,0,0,0,0.0,0.0,1,,,,1,,,,,,,,,,,,,,,,,,,,,,,,,,,,,,,,,,,,,,,,,,,,,,,,,,,,,,,,,,,,,,,,,,,,,,,,,,,,,,,,,,,,,,,,,,,,,1,,,,,0,0,1,4,4,4.0
1747,1,0,0,1,1,1,0,0,0,0,0,0,0,0,0,0,0,0,0,0,0.0,0.0,1,,,,1,,,,,,,,,,,,,,,,,,,,,,,,,,,,,,,,,,,,,,,,,,,,,,,,,,,,,,,,,,,,,,,,,,,,,,,,,,,,,,,,,,,,,,,,,,,,,1,,,,,0,0,1,4,4,4.0
2094,,,,32,25,28,1,1,0,3,,,,,,,,,,,,,1,,,8,1,,,10,10,,,7,1,17,,,,,,1,,,,,,2,2,,,,,,,,,,,,,,,,,,,,,,,,,,,,,,,,,7,1,31,,,,,,,,,,,,,,,,,,,,,,,,,,,,,,,,,,,8,20,2,,,,1,0,7,7,3,5.0
1923,1,0,0,1,1,1,0,0,0,0,0,0,0,0,0,0,0,0,0,0,0.0,0.0,1,,,,1,,,,,,,,,,,,,,,,,,,,,,,,,,,,,,,,,,,,,,,,,,,,,,,,,,,,,,,,,,,,,,,,,,,,,,,,,,,,,,,,,,,,,,,,,,,,,1,,,,,0,0,1,4,4,4.0
1969,1,0,0,1,1,1,0,0,0,0,0,0,0,0,0,0,0,0,0,0,0.0,0.0,1,,,,1,,,,,,,,,,,,,,,,,,,,,,,,,,,,,,,,,,,,,,,,,,,,,,,,,,,,,,,,,,,,,,,,,,,,,,,,,,,,,,,,,,,,,,,,,,,,,1,,,,,0,0,1,4,4,4.0
61,1,0,0,1,1,1,0,0,0,0,0,0,0,0,0,0,0,0,0,0,0.0,0.0,1,,,,1,,,,,,,,,,,,,,,,,,,,,,,,,,,,,,,,,,,,,,,,,,,,,,,,,,,,,,,,,,,,,,,,,,,,,,,,,,,,,,,,,,,,,,,,,,,,,1,,,,,0,0,1,4,4,4.0
110,1,0,0,1,1,1,0,0,0,0,0,0,0,0,0,0,0,0,0,0,0.0,0.0,1,,,,1,,,,,,,,,,,,,,,,,,,,,,,,,,,,,,,,,,,,,,,,,,,,,,,,,,,,,,,,,,,,,,,,,,,,,,,,,,,,,,,,,,,,,,,,,,,,,1,,,,,0,0,1,4,4,4.0
470,1,0,0,1,1,1,0,0,0,0,0,0,0,0,0,0,0,0,0,0,0.0,0.0,1,,,,1,,,,,,,,,,,,,,,,,,,,,,,,,,,,,,,,,,,,,,,,,,,,,,,,,,,,,,,,,,,,,,,,,,,,,,,,,,,,,,,,,,,,,,,,,,,,,1,,,,,0,0,1,4,4,4.0
954,1,0,0,0,0,0,0,0,0,0,0,0,0,0,0,0,0,0,0,0,0.0,0.0,1,,,,,,,,,,,,,,,,,,,,,,,,,,,,,,,,,,,,,,,,,,,,,,,,,,,,,,,,,,,,,,,,,,,,,,,,,,,,,,,,,,,,,,,,,,,,,,,,,,,,,,0,0,0,0,0,0
650,1,0,0,1,1,1,0,0,0,0,0,0,0,0,0,0,0,0,0,0,0.0,0.0,1,,,,1,,,,,,,,,,,,,,,,,,,,,,,,,,,,,,,,,,,,,,,,,,,,,,,,,,,,,,,,,,,,,,,,,,,,,,,,,,,,,,,,,,,,,,,,,,,,,1,,,,,0,0,1,4,4,4.0
97,1,0,0,1,1,1,0,0,0,0,0,0,0,0,0,0,0,0,0,0,0.0,0.0,1,,,,1,,,,,,,,,,,,,,,,,,,,,,,,,,,,,,,,,,,,,,,,,,,,,,,,,,,,,,,,,,,,,,,,,,,,,,,,,,,,,,,,,,,,,,,,,,,,,1,,,,,0,0,1,4,4,4.0
520,1,0,0,1,1,1,0,0,0,0,0,0,0,0,0,0,0,0,0,0,0.0,0.0,1,,,,1,,,,,,,,,,,,,,,,,,,,,,,,,,,,,,,,,,,,,,,,,,,,,,,,,,,,,,,,,,,,,,,,,,,,,,,,,,,,,,,,,,,,,,,,,,,,,1,,,,,0,0,1,4,4,4.0
2223,1,0,0,1,1,1,0,0,0,0,0,0,0,0,0,0,0,0,0,0,0.0,0.0,1,,,,1,,,,,,,,,,,,,,,,,,,,,,,,,,,,,,,,,,,,,,,,,,,,,,,,,,,,,,,,,,,,,,,,,,,,,,,,,,,,,,,,,,,,,,,,,,,,,1,,,,,0,0,1,4,4,4.0
910,1,0,0,1,1,1,0,0,0,0,0,0,0,0,0,0,0,0,0,0,0.0,0.0,1,,,,1,,,,,,,,,,,,,,,,,,,,,,,,,,,,,,,,,,,,,,,,,,,,,,,,,,,,,,,,,,,,,,,,,,,,,,,,,,,,,,,,,,,,,,,,,,,,,1,,,,,0,0,1,4,4,4.0
2634,1,0,0,1,1,1,0,0,0,0,0,0,0,0,0,0,0,0,0,0,0.0,0.0,1,,,,1,,,,,,,,,,,,,,,,,,,,,,,,,,,,,,,,,,,,,,,,,,,,,,,,,,,,,,,,,,,,,,,,,,,,,,,,,,,,,,,,,,,,,,,,,,,,,1,,,,,0,0,1,4,4,4.0
892,1,0,0,1,1,1,0,0,0,0,0,0,0,0,0,0,0,0,0,0,0.0,0.0,1,,,,1,,,,,,,,,,,,,,,,,,,,,,,,,,,,,,,,,,,,,,,,,,,,,,,,,,,,,,,,,,,,,,,,,,,,,,,,,,,,,,,,,,,,,,,,,,,,,1,,,,,0,0,1,4,4,4.0
2261,1,0,0,1,1,1,0,0,0,0,0,0,0,0,0,0,0,0,0,0,0.0,0.0,1,,,,1,,,,,,,,,,,,,,,,,,,,,,,,,,,,,,,,,,,,,,,,,,,,,,,,,,,,,,,,,,,,,,,,,,,,,,,,,,,,,,,,,,,,,,,,,,,,,1,,,,,0,0,1,4,4,4.0
2260,1,0,0,1,1,1,0,0,0,0,0,0,0,0,0,0,0,0,0,0,0.0,0.0,1,,,,1,,,,,,,,,,,,,,,,,,,,,,,,,,,,,,,,,,,,,,,,,,,,,,,,,,,,,,,,,,,,,,,,,,,,,,,,,,,,,,,,,,,,,,,,,,,,,1,,,,,0,0,1,4,4,4.0
1068,1,0,0,1,1,1,0,0,0,0,0,0,0,0,0,0,0,0,0,0,0.0,0.0,1,,,,1,,,,,,,,,,,,,,,,,,,,,,,,,,,,,,,,,,,,,,,,,,,,,,,,,,,,,,,,,,,,,,,,,,,,,,,,,,,,,,,,,,,,,,,,,,,,,1,,,,,0,0,1,4,4,4.0
1963,,,,8,10,7,0,0,0,1,,,,,,,,,,,,,1,,,,7,2,2,2,2,3,3,4,,,,,,,4,,,,4,,,,,1,,,,,,,,,,,,,,,,,,,,,,,,3,,,,,,,,2,,1,,,,,,,,,,,,,,,,,,,,,,,,,,,,,,,,,,,2,21,,,,,0,0,9,9,1,3.5555555555555554
204,1,0,0,1,1,1,0,0,0,0,0,0,0,0,0,0,0,0,0,0,0.0,0.0,1,,,,1,,,,,,,,,,,,,,,,,,,,,,,,,,,,,,,,,,,,,,,,,,,,,,,,,,,,,,,,,,,,,,,,,,,,,,,,,,,,,,,,,,,,,,,,,,,,,1,,,,,0,0,1,4,4,4.0
2091,1,0,0,1,1,1,0,0,0,0,0,0,0,0,0,0,0,0,0,0,0.0,0.0,1,,,,1,,,,,,,,,,,,,,,,,,,,,,,,,,,,,,,,,,,,,,,,,,,,,,,,,,,,,,,,,,,,,,,,,,,,,,,,,,,,,,,,,,,,,,,,,,,,,1,,,,,0,0,1,4,4,4.0
525,1,0,0,1,1,1,0,0,0,0,0,0,0,0,0,0,0,0,0,0,0.0,0.0,1,,,,1,,,,,,,,,,,,,,,,,,,,,,,,,,,,,,,,,,,,,,,,,,,,,,,,,,,,,,,,,,,,,,,,,,,,,,,,,,,,,,,,,,,,,,,,,,,,,1,,,,,0,0,1,4,4,4.0
2199,1,0,0,1,1,1,0,0,0,0,0,0,0,0,0,0,0,0,0,0,0.0,0.0,1,,,,1,,,,,,,,,,,,,,,,,,,,,,,,,,,,,,,,,,,,,,,,,,,,,,,,,,,,,,,,,,,,,,,,,,,,,,,,,,,,,,,,,,,,,,,,,,,,,1,,,,,0,0,1,4,4,4.0
56,1,0,0,1,1,1,0,0,0,0,0,0,0,0,0,0,0,0,0,0,0.0,0.0,1,,,,1,,,,,,,,,,,,,,,,,,,,,,,,,,,,,,,,,,,,,,,,,,,,,,,,,,,,,,,,,,,,,,,,,,,,,,,,,,,,,,,,,,,,,,,,,,,,,1,,,,,0,0,1,4,4,4.0
1755,1,0,0,1,1,1,0,0,0,0,0,0,0,0,0,0,0,0,0,0,0.0,0.0,1,,,,1,,,,,,,,,,,,,,,,,,,,,,,,,,,,,,,,,,,,,,,,,,,,,,,,,,,,,,,,,,,,,,,,,,,,,,,,,,,,,,,,,,,,,,,,,,,,,1,,,,,0,0,1,4,4,4.0
1077,1,0,0,1,1,1,0,0,0,0,0,0,0,0,0,0,0,0,0,0,0.0,0.0,1,,,,1,,,,,,,,,,,,,,,,,,,,,,,,,,,,,,,,,,,,,,,,,,,,,,,,,,,,,,,,,,,,,,,,,,,,,,,,,,,,,,,,,,,,,,,,,,,,,1,,,,,0,0,1,4,4,4.0
205,1,0,0,1,1,1,0,0,0,0,0,0,0,0,0,0,0,0,0,0,0.0,0.0,1,,,,1,,,,,,,,,,,,,,,,,,,,,,,,,,,,,,,,,,,,,,,,,,,,,,,,,,,,,,,,,,,,,,,,,,,,,,,,,,,,,,,,,,,,,,,,,,,,,1,,,,,0,0,1,4,4,4.0
852,1,0,0,1,1,1,0,0,0,0,0,0,0,0,0,0,0,0,0,0,0.0,0.0,1,,,,1,,,,,,,,,,,,,,,,,,,,,,,,,,,,,,,,,,,,,,,,,,,,,,,,,,,,,,,,,,,,,,,,,,,,,,,,,,,,,,,,,,,,,,,,,,,,,1,,,,,0,0,1,4,4,4.0
148,1,0,0,1,1,1,0,0,0,0,0,0,0,0,0,0,0,0,0,0,0.0,0.0,1,,,,1,,,,,,,,,,,,,,,,,,,,,,,,,,,,,,,,,,,,,,,,,,,,,,,,,,,,,,,,,,,,,,,,,,,,,,,,,,,,,,,,,,,,,,,,,,,,,1,,,,,0,0,1,4,4,4.0
1701,1,0,0,1,1,1,0,0,0,0,0,0,0,0,0,0,0,0,0,0,0.0,0.0,1,,,,1,,,,,,,,,,,,,,,,,,,,,,,,,,,,,,,,,,,,,,,,,,,,,,,,,,,,,,,,,,,,,,,,,,,,,,,,,,,,,,,,,,,,,,,,,,,,,1,,,,,0,0,1,4,4,4.0
1927,1,0,0,1,1,1,0,0,0,0,0,0,0,0,0,0,0,0,0,0,0.0,0.0,1,,,,1,,,,,,,,,,,,,,,,,,,,,,,,,,,,,,,,,,,,,,,,,,,,,,,,,,,,,,,,,,,,,,,,,,,,,,,,,,,,,,,,,,,,,,,,,,,,,1,,,,,0,0,1,4,4,4.0
209,1,0,0,1,1,1,0,0,0,0,0,0,0,0,0,0,0,0,0,0,0.0,0.0,1,,,,1,,,,,,,,,,,,,,,,,,,,,,,,,,,,,,,,,,,,,,,,,,,,,,,,,,,,,,,,,,,,,,,,,,,,,,,,,,,,,,,,,,,,,,,,,,,,,1,,,,,0,0,1,4,4,4.0
2368,1,0,0,1,1,1,0,0,0,0,0,0,0,0,0,0,0,0,0,0,0.0,0.0,1,,,,1,,,,,,,,,,,,,,,,,,,,,,,,,,,,,,,,,,,,,,,,,,,,,,,,,,,,,,,,,,,,,,,,,,,,,,,,,,,,,,,,,,,,,,,,,,,,,1,,,,,0,0,1,4,4,4.0
396,1,0,0,1,1,1,0,0,0,0,0,0,0,0,0,0,0,0,0,0,0.0,0.0,1,,,,1,,,,,,,,,,,,,,,,,,,,,,,,,,,,,,,,,,,,,,,,,,,,,,,,,,,,,,,,,,,,,,,,,,,,,,,,,,,,,,,,,,,,,,,,,,,,,1,,,,,0,0,1,4,4,4.0
775,1,0,0,1,1,1,0,0,0,0,0,0,0,0,0,0,0,0,0,0,0.0,0.0,1,,,,1,,,,,,,,,,,,,,,,,,,,,,,,,,,,,,,,,,,,,,,,,,,,,,,,,,,,,,,,,,,,,,,,,,,,,,,,,,,,,,,,,,,,,,,,,,,,,1,,,,,0,0,1,4,4,4.0
2225,1,0,0,1,1,1,0,0,0,0,0,0,0,0,0,0,0,0,0,0,0.0,0.0,1,,,,1,,,,,,,,,,,,,,,,,,,,,,,,,,,,,,,,,,,,,,,,,,,,,,,,,,,,,,,,,,,,,,,,,,,,,,,,,,,,,,,,,,,,,,,,,,,,,1,,,,,0,0,1,4,4,4.0
459,1,0,0,1,1,1,0,0,0,0,0,0,0,0,0,0,0,0,0,0,0.0,0.0,1,,,,1,,,,,,,,,,,,,,,,,,,,,,,,,,,,,,,,,,,,,,,,,,,,,,,,,,,,,,,,,,,,,,,,,,,,,,,,,,,,,,,,,,,,,,,,,,,,,1,,,,,0,0,1,4,4,4.0
636,1,0,0,1,1,1,0,0,0,0,0,0,0,0,0,0,0,0,0,0,0.0,0.0,1,,,,1,,,,,,,,,,,,,,,,,,,,,,,,,,,,,,,,,,,,,,,,,,,,,,,,,,,,,,,,,,,,,,,,,,,,,,,,,,,,,,,,,,,,,,,,,,,,,1,,,,,0,0,1,4,4,4.0
714,1,0,0,1,1,1,0,0,0,0,0,0,0,0,0,0,0,0,0,0,0.0,0.0,1,,,,1,,,,,,,,,,,,,,,,,,,,,,,,,,,,,,,,,,,,,,,,,,,,,,,,,,,,,,,,,,,,,,,,,,,,,,,,,,,,,,,,,,,,,,,,,,,,,1,,,,,0,0,1,4,4,4.0
1445,1,0,0,1,1,1,0,0,0,0,0,0,0,0,0,0,0,0,0,0,0.0,0.0,1,,,,1,,,,,,,,,,,,,,,,,,,,,,,,,,,,,,,,,,,,,,,,,,,,,,,,,,,,,,,,,,,,,,,,,,,,,,,,,,,,,,,,,,,,,,,,,,,,,1,,,,,0,0,1,4,4,4.0
590,1,0,0,1,1,1,0,0,0,0,0,0,0,0,0,0,0,0,0,0,0.0,0.0,1,,,,1,,,,,,,,,,,,,,,,,,,,,,,,,,,,,,,,,,,,,,,,,,,,,,,,,,,,,,,,,,,,,,,,,,,,,,,,,,,,,,,,,,,,,,,,,,,,,1,,,,,0,0,1,4,4,4.0
2545,1,0,0,1,1,1,0,0,0,0,0,0,0,0,0,0,0,0,0,0,0.0,0.0,1,,,,1,,,,,,,,,,,,,,,,,,,,,,,,,,,,,,,,,,,,,,,,,,,,,,,,,,,,,,,,,,,,,,,,,,,,,,,,,,,,,,,,,,,,,,,,,,,,,1,,,,,0,0,1,4,4,4.0
1934,,,,31,14,19,2,2,0,10,,,,,,,,,,,,,1,,,4,1,,,9,9,,,,11,13,2,2,,,,5,1,1,7,,,3,3,,,,,,,,,,,,,,,,,,,,,,,,,,,,,,,,,5,2,30,,,,,,,,,,,,,,,,,,,,,,,,,,,,,,,,,,,3,33,3,2,,,1,1,10,12,3,6.0
2464,1,0,0,1,1,1,0,0,0,0,0,0,0,0,0,0,0,0,0,0,0.0,0.0,1,,,,1,,,,,,,,,,,,,,,,,,,,,,,,,,,,,,,,,,,,,,,,,,,,,,,,,,,,,,,,,,,,,,,,,,,,,,,,,,,,,,,,,,,,,,,,,,,,,1,,,,,0,0,1,4,4,4.0
783,1,0,0,1,1,1,0,0,0,0,0,0,0,0,0,0,0,0,0,0,0.0,0.0,1,,,,1,,,,,,,,,,,,,,,,,,,,,,,,,,,,,,,,,,,,,,,,,,,,,,,,,,,,,,,,,,,,,,,,,,,,,,,,,,,,,,,,,,,,,,,,,,,,,1,,,,,0,0,1,4,4,4.0
517,1,0,0,1,1,1,0,0,0,0,0,0,0,0,0,0,0,0,0,0,0.0,0.0,1,,,,1,,,,,,,,,,,,,,,,,,,,,,,,,,,,,,,,,,,,,,,,,,,,,,,,,,,,,,,,,,,,,,,,,,,,,,,,,,,,,,,,,,,,,,,,,,,,,1,,,,,0,0,1,4,4,4.0
2201,1,0,0,1,1,1,0,0,0,0,0,0,0,0,0,0,0,0,0,0,0.0,0.0,1,,,,1,,,,,,,,,,,,,,,,,,,,,,,,,,,,,,,,,,,,,,,,,,,,,,,,,,,,,,,,,,,,,,,,,,,,,,,,,,,,,,,,,,,,,,,,,,,,,1,,,,,0,0,1,4,4,4.0
401,1,0,0,1,1,1,0,0,0,0,0,0,0,0,0,0,0,0,0,0,0.0,0.0,1,,,,1,,,,,,,,,,,,,,,,,,,,,,,,,,,,,,,,,,,,,,,,,,,,,,,,,,,,,,,,,,,,,,,,,,,,,,,,,,,,,,,,,,,,,,,,,,,,,1,,,,,0,0,1,4,4,4.0
100,1,0,0,1,1,1,0,0,0,0,0,0,0,0,0,0,0,0,0,0,0.0,0.0,1,,,,1,,,,,,,,,,,,,,,,,,,,,,,,,,,,,,,,,,,,,,,,,,,,,,,,,,,,,,,,,,,,,,,,,,,,,,,,,,,,,,,,,,,,,,,,,,,,,1,,,,,0,0,1,4,4,4.0
604,1,0,0,1,1,1,0,0,0,0,0,0,0,0,0,0,0,0,0,0,0.0,0.0,1,,,,1,,,,,,,,,,,,,,,,,,,,,,,,,,,,,,,,,,,,,,,,,,,,,,,,,,,,,,,,,,,,,,,,,,,,,,,,,,,,,,,,,,,,,,,,,,,,,1,,,,,0,0,1,4,4,4.0
724,1,0,0,1,1,1,0,0,0,0,0,0,0,0,0,0,0,0,0,0,0.0,0.0,1,,,,1,,,,,,,,,,,,,,,,,,,,,,,,,,,,,,,,,,,,,,,,,,,,,,,,,,,,,,,,,,,,,,,,,,,,,,,,,,,,,,,,,,,,,,,,,,,,,1,,,,,0,0,1,4,4,4.0
2117,1,0,0,1,1,1,0,0,0,0,0,0,0,0,0,0,0,0,0,0,0.0,0.0,1,,,,1,,,,,,,,,,,,,,,,,,,,,,,,,,,,,,,,,,,,,,,,,,,,,,,,,,,,,,,,,,,,,,,,,,,,,,,,,,,,,,,,,,,,,,,,,,,,,1,,,,,0,0,1,4,4,4.0
638,1,0,0,1,1,1,0,0,0,0,0,0,0,0,0,0,0,0,0,0,0.0,0.0,1,,,,1,,,,,,,,,,,,,,,,,,,,,,,,,,,,,,,,,,,,,,,,,,,,,,,,,,,,,,,,,,,,,,,,,,,,,,,,,,,,,,,,,,,,,,,,,,,,,1,,,,,0,0,1,4,4,4.0
1130,1,0,0,1,1,1,0,0,0,0,0,0,0,0,0,0,0,0,0,0,0.0,0.0,1,,,,1,,,,,,,,,,,,,,,,,,,,,,,,,,,,,,,,,,,,,,,,,,,,,,,,,,,,,,,,,,,,,,,,,,,,,,,,,,,,,,,,,,,,,,,,,,,,,1,,,,,0,0,1,4,4,4.0
484,1,0,0,1,1,1,0,0,0,0,0,0,0,0,0,0,0,0,0,0,0.0,0.0,1,,,,1,,,,,,,,,,,,,,,,,,,,,,,,,,,,,,,,,,,,,,,,,,,,,,,,,,,,,,,,,,,,,,,,,,,,,,,,,,,,,,,,,,,,,,,,,,,,,1,,,,,0,0,1,4,4,4.0
438,1,0,0,1,1,1,0,0,0,0,0,0,0,0,0,0,0,0,0,0,0.0,0.0,1,,,,1,,,,,,,,,,,,,,,,,,,,,,,,,,,,,,,,,,,,,,,,,,,,,,,,,,,,,,,,,,,,,,,,,,,,,,,,,,,,,,,,,,,,,,,,,,,,,1,,,,,0,0,1,4,4,4.0
191,1,0,0,1,1,1,0,0,0,0,0,0,0,0,0,0,0,0,0,0,0.0,0.0,1,,,,1,,,,,,,,,,,,,,,,,,,,,,,,,,,,,,,,,,,,,,,,,,,,,,,,,,,,,,,,,,,,,,,,,,,,,,,,,,,,,,,,,,,,,,,,,,,,,1,,,,,0,0,1,4,4,4.0
47,1,0,0,1,1,1,0,0,0,0,0,0,0,0,0,0,0,0,0,0,0.0,0.0,1,,,,1,,,,,,,,,,,,,,,,,,,,,,,,,,,,,,,,,,,,,,,,,,,,,,,,,,,,,,,,,,,,,,,,,,,,,,,,,,,,,,,,,,,,,,,,,,,,,1,,,,,0,0,1,4,4,4.0
2547,1,0,0,1,1,1,0,0,0,0,0,0,0,0,0,0,0,0,0,0,0.0,0.0,1,,,,1,,,,,,,,,,,,,,,,,,,,,,,,,,,,,,,,,,,,,,,,,,,,,,,,,,,,,,,,,,,,,,,,,,,,,,,,,,,,,,,,,,,,,,,,,,,,,1,,,,,0,0,1,4,4,4.0
991,1,0,0,1,1,1,0,0,0,0,0,0,0,0,0,0,0,0,0,0,0.0,0.0,1,,,,1,,,,,,,,,,,,,,,,,,,,,,,,,,,,,,,,,,,,,,,,,,,,,,,,,,,,,,,,,,,,,,,,,,,,,,,,,,,,,,,,,,,,,,,,,,,,,1,,,,,0,0,1,4,4,4.0
628,1,0,0,1,1,1,0,0,0,0,0,0,0,0,0,0,0,0,0,0,0.0,0.0,1,,,,1,,,,,,,,,,,,,,,,,,,,,,,,,,,,,,,,,,,,,,,,,,,,,,,,,,,,,,,,,,,,,,,,,,,,,,,,,,,,,,,,,,,,,,,,,,,,,1,,,,,0,0,1,4,4,4.0
153,1,0,0,1,1,1,0,0,0,0,0,0,0,0,0,0,0,0,0,0,0.0,0.0,1,,,,1,,,,,,,,,,,,,,,,,,,,,,,,,,,,,,,,,,,,,,,,,,,,,,,,,,,,,,,,,,,,,,,,,,,,,,,,,,,,,,,,,,,,,,,,,,,,,1,,,,,0,0,1,4,4,4.0
1696,1,0,0,1,1,1,0,0,0,0,0,0,0,0,0,0,0,0,0,0,0.0,0.0,1,,,,1,,,,,,,,,,,,,,,,,,,,,,,,,,,,,,,,,,,,,,,,,,,,,,,,,,,,,,,,,,,,,,,,,,,,,,,,,,,,,,,,,,,,,,,,,,,,,1,,,,,0,0,1,4,4,4.0
2398,1,0,0,1,1,1,0,0,0,0,0,0,0,0,0,0,0,0,0,0,0.0,0.0,1,,,,1,,,,,,,,,,,,,,,,,,,,,,,,,,,,,,,,,,,,,,,,,,,,,,,,,,,,,,,,,,,,,,,,,,,,,,,,,,,,,,,,,,,,,,,,,,,,,1,,,,,0,0,1,4,4,4.0
688,1,0,0,1,1,1,0,0,0,0,0,0,0,0,0,0,0,0,0,0,0.0,0.0,1,,,,1,,,,,,,,,,,,,,,,,,,,,,,,,,,,,,,,,,,,,,,,,,,,,,,,,,,,,,,,,,,,,,,,,,,,,,,,,,,,,,,,,,,,,,,,,,,,,1,,,,,0,0,1,4,4,4.0
777,1,0,0,1,1,1,0,0,0,0,0,0,0,0,0,0,0,0,0,0,0.0,0.0,1,,,,1,,,,,,,,,,,,,,,,,,,,,,,,,,,,,,,,,,,,,,,,,,,,,,,,,,,,,,,,,,,,,,,,,,,,,,,,,,,,,,,,,,,,,,,,,,,,,1,,,,,0,0,1,4,4,4.0
434,1,0,0,1,1,1,0,0,0,0,0,0,0,0,0,0,0,0,0,0,0.0,0.0,1,,,,1,,,,,,,,,,,,,,,,,,,,,,,,,,,,,,,,,,,,,,,,,,,,,,,,,,,,,,,,,,,,,,,,,,,,,,,,,,,,,,,,,,,,,,,,,,,,,1,,,,,0,0,1,4,4,4.0
717,1,0,0,1,1,1,0,0,0,0,0,0,0,0,0,0,0,0,0,0,0.0,0.0,1,,,,1,,,,,,,,,,,,,,,,,,,,,,,,,,,,,,,,,,,,,,,,,,,,,,,,,,,,,,,,,,,,,,,,,,,,,,,,,,,,,,,,,,,,,,,,,,,,,1,,,,,0,0,1,4,4,4.0
648,1,0,0,1,1,1,0,0,0,0,0,0,0,0,0,0,0,0,0,0,0.0,0.0,1,,,,1,,,,,,,,,,,,,,,,,,,,,,,,,,,,,,,,,,,,,,,,,,,,,,,,,,,,,,,,,,,,,,,,,,,,,,,,,,,,,,,,,,,,,,,,,,,,,1,,,,,0,0,1,4,4,4.0
527,1,0,0,1,1,1,0,0,0,0,0,0,0,0,0,0,0,0,0,0,0.0,0.0,1,,,,1,,,,,,,,,,,,,,,,,,,,,,,,,,,,,,,,,,,,,,,,,,,,,,,,,,,,,,,,,,,,,,,,,,,,,,,,,,,,,,,,,,,,,,,,,,,,,1,,,,,0,0,1,4,4,4.0
601,1,0,0,0,0,0,0,0,0,0,0,0,0,0,0,0,0,0,0,0,0.0,0.0,1,,,,,,,,,,,,,,,,,,,,,,,,,,,,,,,,,,,,,,,,,,,,,,,,,,,,,,,,,,,,,,,,,,,,,,,,,,,,,,,,,,,,,,,,,,,,,,,,,,,,,,0,0,0,0,0,0
2265,1,0,0,1,1,1,0,0,0,0,0,0,0,0,0,0,0,0,0,0,0.0,0.0,1,,,,1,,,,,,,,,,,,,,,,,,,,,,,,,,,,,,,,,,,,,,,,,,,,,,,,,,,,,,,,,,,,,,,,,,,,,,,,,,,,,,,,,,,,,,,,,,,,,1,,,,,0,0,1,4,4,4.0
509,1,0,0,1,1,1,0,0,0,0,0,0,0,0,0,0,0,0,0,0,0.0,0.0,1,,,,1,,,,,,,,,,,,,,,,,,,,,,,,,,,,,,,,,,,,,,,,,,,,,,,,,,,,,,,,,,,,,,,,,,,,,,,,,,,,,,,,,,,,,,,,,,,,,1,,,,,0,0,1,4,4,4.0
2710,1,0,0,1,1,1,0,0,0,0,0,0,0,0,0,0,0,0,0,0,0.0,0.0,1,,,,1,,,,,,,,,,,,,,,,,,,,,,,,,,,,,,,,,,,,,,,,,,,,,,,,,,,,,,,,,,,,,,,,,,,,,,,,,,,,,,,,,,,,,,,,,,,,,1,,,,,0,0,1,4,4,4.0
227,1,0,0,1,1,1,0,0,0,0,0,0,0,0,0,0,0,0,0,0,0.0,0.0,1,,,,1,,,,,,,,,,,,,,,,,,,,,,,,,,,,,,,,,,,,,,,,,,,,,,,,,,,,,,,,,,,,,,,,,,,,,,,,,,,,,,,,,,,,,,,,,,,,,1,,,,,0,0,1,4,4,4.0
725,1,0,0,1,1,1,0,0,0,0,0,0,0,0,0,0,0,0,0,0,0.0,0.0,1,,,,1,,,,,,,,,,,,,,,,,,,,,,,,,,,,,,,,,,,,,,,,,,,,,,,,,,,,,,,,,,,,,,,,,,,,,,,,,,,,,,,,,,,,,,,,,,,,,1,,,,,0,0,1,4,4,4.0
417,1,0,0,1,1,1,0,0,0,0,0,0,0,0,0,0,0,0,0,0,0.0,0.0,1,,,,1,,,,,,,,,,,,,,,,,,,,,,,,,,,,,,,,,,,,,,,,,,,,,,,,,,,,,,,,,,,,,,,,,,,,,,,,,,,,,,,,,,,,,,,,,,,,,1,,,,,0,0,1,4,4,4.0
1871,1,0,0,1,1,1,0,0,0,0,0,0,0,0,0,0,0,0,0,0,0.0,0.0,1,,,,1,,,,,,,,,,,,,,,,,,,,,,,,,,,,,,,,,,,,,,,,,,,,,,,,,,,,,,,,,,,,,,,,,,,,,,,,,,,,,,,,,,,,,,,,,,,,,1,,,,,0,0,1,4,4,4.0
2251,1,0,0,1,1,1,0,0,0,0,0,0,0,0,0,0,0,0,0,0,0.0,0.0,1,,,,1,,,,,,,,,,,,,,,,,,,,,,,,,,,,,,,,,,,,,,,,,,,,,,,,,,,,,,,,,,,,,,,,,,,,,,,,,,,,,,,,,,,,,,,,,,,,,1,,,,,0,0,1,4,4,4.0
2254,1,0,0,1,1,1,0,0,0,0,0,0,0,0,0,0,0,0,0,0,0.0,0.0,1,,,,1,,,,,,,,,,,,,,,,,,,,,,,,,,,,,,,,,,,,,,,,,,,,,,,,,,,,,,,,,,,,,,,,,,,,,,,,,,,,,,,,,,,,,,,,,,,,,1,,,,,0,0,1,4,4,4.0
426,1,0,0,1,1,1,0,0,0,0,0,0,0,0,0,0,0,0,0,0,0.0,0.0,1,,,,1,,,,,,,,,,,,,,,,,,,,,,,,,,,,,,,,,,,,,,,,,,,,,,,,,,,,,,,,,,,,,,,,,,,,,,,,,,,,,,,,,,,,,,,,,,,,,1,,,,,0,0,1,4,4,4.0
444,1,0,0,1,1,1,0,0,0,0,0,0,0,0,0,0,0,0,0,0,0.0,0.0,1,,,,1,,,,,,,,,,,,,,,,,,,,,,,,,,,,,,,,,,,,,,,,,,,,,,,,,,,,,,,,,,,,,,,,,,,,,,,,,,,,,,,,,,,,,,,,,,,,,1,,,,,0,0,1,4,4,4.0
2309,1,0,0,1,1,1,0,0,0,0,0,0,0,0,0,0,0,0,0,0,0.0,0.0,1,,,,1,,,,,,,,,,,,,,,,,,,,,,,,,,,,,,,,,,,,,,,,,,,,,,,,,,,,,,,,,,,,,,,,,,,,,,,,,,,,,,,,,,,,,,,,,,,,,1,,,,,0,0,1,4,4,4.0
113,1,0,0,1,1,1,0,0,0,0,0,0,0,0,0,0,0,0,0,0,0.0,0.0,1,,,,1,,,,,,,,,,,,,,,,,,,,,,,,,,,,,,,,,,,,,,,,,,,,,,,,,,,,,,,,,,,,,,,,,,,,,,,,,,,,,,,,,,,,,,,,,,,,,1,,,,,0,0,1,4,4,4.0
2692,1,0,0,1,1,1,0,0,0,0,0,0,0,0,0,0,0,0,0,0,0.0,0.0,1,,,,1,,,,,,,,,,,,,,,,,,,,,,,,,,,,,,,,,,,,,,,,,,,,,,,,,,,,,,,,,,,,,,,,,,,,,,,,,,,,,,,,,,,,,,,,,,,,,1,,,,,0,0,1,4,4,4.0
407,1,0,0,1,1,1,0,0,0,0,0,0,0,0,0,0,0,0,0,0,0.0,0.0,1,,,,1,,,,,,,,,,,,,,,,,,,,,,,,,,,,,,,,,,,,,,,,,,,,,,,,,,,,,,,,,,,,,,,,,,,,,,,,,,,,,,,,,,,,,,,,,,,,,1,,,,,0,0,1,4,4,4.0
2175,,,,15,9,11,1,1,0,3,,,,,,,,,,,,,1,,,3,3,,,6,6,,,,6,7,,,1,1,,2,,,3,,,2,2,,,,,,,,,,,,,,,,,,,,,,,,,,,,,,,,,3,1,12,,,,,,,,,,,,,,,,,,,,,,,,,,,,,,,,,,,1,19,6,,,,2,0,9,9,1,4.111111111111111
2352,1,0,0,1,1,1,0,0,0,0,0,0,0,0,0,0,0,0,0,0,0.0,0.0,1,,,,1,,,,,,,,,,,,,,,,,,,,,,,,,,,,,,,,,,,,,,,,,,,,,,,,,,,,,,,,,,,,,,,,,,,,,,,,,,,,,,,,,,,,,,,,,,,,,1,,,,,0,0,1,4,4,4.0
2105,1,0,0,1,1,1,0,0,0,0,0,0,0,0,0,0,0,0,0,0,0.0,0.0,1,,,,1,,,,,,,,,,,,,,,,,,,,,,,,,,,,,,,,,,,,,,,,,,,,,,,,,,,,,,,,,,,,,,,,,,,,,,,,,,,,,,,,,,,,,,,,,,,,,1,,,,,0,0,1,4,4,4.0
510,1,0,0,1,1,1,0,0,0,0,0,0,0,0,0,0,0,0,0,0,0.0,0.0,1,,,,1,,,,,,,,,,,,,,,,,,,,,,,,,,,,,,,,,,,,,,,,,,,,,,,,,,,,,,,,,,,,,,,,,,,,,,,,,,,,,,,,,,,,,,,,,,,,,1,,,,,0,0,1,4,4,4.0
2310,1,0,0,1,1,1,0,0,0,0,0,0,0,0,0,0,0,0,0,0,0.0,0.0,1,,,,1,,,,,,,,,,,,,,,,,,,,,,,,,,,,,,,,,,,,,,,,,,,,,,,,,,,,,,,,,,,,,,,,,,,,,,,,,,,,,,,,,,,,,,,,,,,,,1,,,,,0,0,1,4,4,4.0
630,1,0,0,1,1,1,0,0,0,0,0,0,0,0,0,0,0,0,0,0,0.0,0.0,1,,,,1,,,,,,,,,,,,,,,,,,,,,,,,,,,,,,,,,,,,,,,,,,,,,,,,,,,,,,,,,,,,,,,,,,,,,,,,,,,,,,,,,,,,,,,,,,,,,1,,,,,0,0,1,4,4,4.0
519,1,0,0,1,1,1,0,0,0,0,0,0,0,0,0,0,0,0,0,0,0.0,0.0,1,,,,1,,,,,,,,,,,,,,,,,,,,,,,,,,,,,,,,,,,,,,,,,,,,,,,,,,,,,,,,,,,,,,,,,,,,,,,,,,,,,,,,,,,,,,,,,,,,,1,,,,,0,0,1,4,4,4.0
145,1,0,0,1,1,1,0,0,0,0,0,0,0,0,0,0,0,0,0,0,0.0,0.0,1,,,,1,,,,,,,,,,,,,,,,,,,,,,,,,,,,,,,,,,,,,,,,,,,,,,,,,,,,,,,,,,,,,,,,,,,,,,,,,,,,,,,,,,,,,,,,,,,,,1,,,,,0,0,1,4,4,4.0
806,1,0,0,1,1,1,0,0,0,0,0,0,0,0,0,0,0,0,0,0,0.0,0.0,1,,,,1,,,,,,,,,,,,,,,,,,,,,,,,,,,,,,,,,,,,,,,,,,,,,,,,,,,,,,,,,,,,,,,,,,,,,,,,,,,,,,,,,,,,,,,,,,,,,1,,,,,0,0,1,4,4,4.0
1869,1,0,0,1,1,1,0,0,0,0,0,0,0,0,0,0,0,0,0,0,0.0,0.0,1,,,,1,,,,,,,,,,,,,,,,,,,,,,,,,,,,,,,,,,,,,,,,,,,,,,,,,,,,,,,,,,,,,,,,,,,,,,,,,,,,,,,,,,,,,,,,,,,,,1,,,,,0,0,1,4,4,4.0
755,1,0,0,1,1,1,0,0,0,0,0,0,0,0,0,0,0,0,0,0,0.0,0.0,1,,,,1,,,,,,,,,,,,,,,,,,,,,,,,,,,,,,,,,,,,,,,,,,,,,,,,,,,,,,,,,,,,,,,,,,,,,,,,,,,,,,,,,,,,,,,,,,,,,1,,,,,0,0,1,4,4,4.0
431,1,0,0,1,1,1,0,0,0,0,0,0,0,0,0,0,0,0,0,0,0.0,0.0,1,,,,1,,,,,,,,,,,,,,,,,,,,,,,,,,,,,,,,,,,,,,,,,,,,,,,,,,,,,,,,,,,,,,,,,,,,,,,,,,,,,,,,,,,,,,,,,,,,,1,,,,,0,0,1,4,4,4.0
607,1,0,0,1,1,1,0,0,0,0,0,0,0,0,0,0,0,0,0,0,0.0,0.0,1,,,,1,,,,,,,,,,,,,,,,,,,,,,,,,,,,,,,,,,,,,,,,,,,,,,,,,,,,,,,,,,,,,,,,,,,,,,,,,,,,,,,,,,,,,,,,,,,,,1,,,,,0,0,1,4,4,4.0
786,1,0,0,1,1,1,0,0,0,0,0,0,0,0,0,0,0,0,0,0,0.0,0.0,1,,,,1,,,,,,,,,,,,,,,,,,,,,,,,,,,,,,,,,,,,,,,,,,,,,,,,,,,,,,,,,,,,,,,,,,,,,,,,,,,,,,,,,,,,,,,,,,,,,1,,,,,0,0,1,4,4,4.0
1043,1,0,0,1,1,1,0,0,0,0,0,0,0,0,0,0,0,0,0,0,0.0,0.0,1,,,,1,,,,,,,,,,,,,,,,,,,,,,,,,,,,,,,,,,,,,,,,,,,,,,,,,,,,,,,,,,,,,,,,,,,,,,,,,,,,,,,,,,,,,,,,,,,,,1,,,,,0,0,1,4,4,4.0
871,1,0,0,1,1,1,0,0,0,0,0,0,0,0,0,0,0,0,0,0,0.0,0.0,1,,,,1,,,,,,,,,,,,,,,,,,,,,,,,,,,,,,,,,,,,,,,,,,,,,,,,,,,,,,,,,,,,,,,,,,,,,,,,,,,,,,,,,,,,,,,,,,,,,1,,,,,0,0,1,4,4,4.0
328,1,0,0,1,1,1,0,0,0,0,0,0,0,0,0,0,0,0,0,0,0.0,0.0,1,,,,1,,,,,,,,,,,,,,,,,,,,,,,,,,,,,,,,,,,,,,,,,,,,,,,,,,,,,,,,,,,,,,,,,,,,,,,,,,,,,,,,,,,,,,,,,,,,,1,,,,,0,0,1,4,4,4.0
2348,,,,40,28,32,1,1,0,7,,,,,,,,,,,,,1,,,6,1,,,14,14,8,8,,10,27,16,4,1,1,,6,4,,9,,,5,5,,,,2,,,,,,,,,,,,,,,,,,,,,,,,,,,,,10,2,39,,,,,,,,,,,,,,,,,,,,,,,,,,,,,,,,,,,6,63,11,,,,1,0,16,10,1,4.75
220,1,0,0,1,1,1,0,0,0,0,0,0,0,0,0,0,0,0,0,0,0.0,0.0,1,,,,1,,,,,,,,,,,,,,,,,,,,,,,,,,,,,,,,,,,,,,,,,,,,,,,,,,,,,,,,,,,,,,,,,,,,,,,,,,,,,,,,,,,,,,,,,,,,,1,,,,,0,0,1,4,4,4.0
962,1,0,0,1,1,1,0,0,0,0,0,0,0,0,0,0,0,0,0,0,0.0,0.0,1,,,,1,,,,,,,,,,,,,,,,,,,,,,,,,,,,,,,,,,,,,,,,,,,,,,,,,,,,,,,,,,,,,,,,,,,,,,,,,,,,,,,,,,,,,,,,,,,,,1,,,,,0,0,1,4,4,4.0
923,1,0,0,1,1,1,0,0,0,0,0,0,0,0,0,0,0,0,0,0,0.0,0.0,1,,,,1,,,,,,,,,,,,,,,,,,,,,,,,,,,,,,,,,,,,,,,,,,,,,,,,,,,,,,,,,,,,,,,,,,,,,,,,,,,,,,,,,,,,,,,,,,,,,1,,,,,0,0,1,4,4,4.0
461,1,0,0,1,1,1,0,0,0,0,0,0,0,0,0,0,0,0,0,0,0.0,0.0,1,,,,1,,,,,,,,,,,,,,,,,,,,,,,,,,,,,,,,,,,,,,,,,,,,,,,,,,,,,,,,,,,,,,,,,,,,,,,,,,,,,,,,,,,,,,,,,,,,,1,,,,,0,0,1,4,4,4.0
1868,1,0,0,1,1,1,0,0,0,0,0,0,0,0,0,0,0,0,0,0,0.0,0.0,1,,,,1,,,,,,,,,,,,,,,,,,,,,,,,,,,,,,,,,,,,,,,,,,,,,,,,,,,,,,,,,,,,,,,,,,,,,,,,,,,,,,,,,,,,,,,,,,,,,1,,,,,0,0,1,4,4,4.0
696,1,0,0,1,1,1,0,0,0,0,0,0,0,0,0,0,0,0,0,0,0.0,0.0,1,,,,1,,,,,,,,,,,,,,,,,,,,,,,,,,,,,,,,,,,,,,,,,,,,,,,,,,,,,,,,,,,,,,,,,,,,,,,,,,,,,,,,,,,,,,,,,,,,,1,,,,,0,0,1,4,4,4.0
422,1,0,0,1,1,1,0,0,0,0,0,0,0,0,0,0,0,0,0,0,0.0,0.0,1,,,,1,,,,,,,,,,,,,,,,,,,,,,,,,,,,,,,,,,,,,,,,,,,,,,,,,,,,,,,,,,,,,,,,,,,,,,,,,,,,,,,,,,,,,,,,,,,,,1,,,,,0,0,1,4,4,4.0
320,1,0,0,1,1,1,0,0,0,0,0,0,0,0,0,0,0,0,0,0,0.0,0.0,1,,,,1,,,,,,,,,,,,,,,,,,,,,,,,,,,,,,,,,,,,,,,,,,,,,,,,,,,,,,,,,,,,,,,,,,,,,,,,,,,,,,,,,,,,,,,,,,,,,1,,,,,0,0,1,4,4,4.0
2708,1,0,0,1,1,1,0,0,0,0,0,0,0,0,0,0,0,0,0,0,0.0,0.0,1,,,,1,,,,,,,,,,,,,,,,,,,,,,,,,,,,,,,,,,,,,,,,,,,,,,,,,,,,,,,,,,,,,,,,,,,,,,,,,,,,,,,,,,,,,,,,,,,,,1,,,,,0,0,1,4,4,4.0
107,1,0,0,1,1,1,0,0,0,0,0,0,0,0,0,0,0,0,0,0,0.0,0.0,1,,,,1,,,,,,,,,,,,,,,,,,,,,,,,,,,,,,,,,,,,,,,,,,,,,,,,,,,,,,,,,,,,,,,,,,,,,,,,,,,,,,,,,,,,,,,,,,,,,1,,,,,0,0,1,4,4,4.0
2229,1,0,0,0,0,0,0,0,0,0,0,0,0,0,0,0,0,0,0,0,0.0,0.0,1,,,,,,,,,,,,,,,,,,,,,,,,,,,,,,,,,,,,,,,,,,,,,,,,,,,,,,,,,,,,,,,,,,,,,,,,,,,,,,,,,,,,,,,,,,,,,,,,,,,,,,0,0,0,0,0,0
294,1,0,0,1,1,1,0,0,0,0,0,0,0,0,0,0,0,0,0,0,0.0,0.0,1,,,,1,,,,,,,,,,,,,,,,,,,,,,,,,,,,,,,,,,,,,,,,,,,,,,,,,,,,,,,,,,,,,,,,,,,,,,,,,,,,,,,,,,,,,,,,,,,,,1,,,,,0,0,1,4,4,4.0
1238,1,0,0,1,1,1,0,0,0,0,0,0,0,0,0,0,0,0,0,0,0.0,0.0,1,,,,1,,,,,,,,,,,,,,,,,,,,,,,,,,,,,,,,,,,,,,,,,,,,,,,,,,,,,,,,,,,,,,,,,,,,,,,,,,,,,,,,,,,,,,,,,,,,,1,,,,,0,0,1,4,4,4.0
1058,1,0,0,1,1,1,0,0,0,0,0,0,0,0,0,0,0,0,0,0,0.0,0.0,1,,,,1,,,,,,,,,,,,,,,,,,,,,,,,,,,,,,,,,,,,,,,,,,,,,,,,,,,,,,,,,,,,,,,,,,,,,,,,,,,,,,,,,,,,,,,,,,,,,1,,,,,0,0,1,4,4,4.0
951,1,0,0,1,1,1,0,0,0,0,0,0,0,0,0,0,0,0,0,0,0.0,0.0,1,,,,1,,,,,,,,,,,,,,,,,,,,,,,,,,,,,,,,,,,,,,,,,,,,,,,,,,,,,,,,,,,,,,,,,,,,,,,,,,,,,,,,,,,,,,,,,,,,,1,,,,,0,0,1,4,4,4.0
370,1,0,0,1,1,1,0,0,0,0,0,0,0,0,0,0,0,0,0,0,0.0,0.0,1,,,,1,,,,,,,,,,,,,,,,,,,,,,,,,,,,,,,,,,,,,,,,,,,,,,,,,,,,,,,,,,,,,,,,,,,,,,,,,,,,,,,,,,,,,,,,,,,,,1,,,,,0,0,1,4,4,4.0
2335,1,0,0,0,0,0,0,0,0,0,0,0,0,0,0,0,0,0,0,0,0.0,0.0,1,,,,,,,,,,,,,,,,,,,,,,,,,,,,,,,,,,,,,,,,,,,,,,,,,,,,,,,,,,,,,,,,,,,,,,,,,,,,,,,,,,,,,,,,,,,,,,,,,,,,,,0,0,0,0,0,0
2202,1,0,0,1,1,1,0,0,0,0,0,0,0,0,0,0,0,0,0,0,0.0,0.0,1,,,,1,,,,,,,,,,,,,,,,,,,,,,,,,,,,,,,,,,,,,,,,,,,,,,,,,,,,,,,,,,,,,,,,,,,,,,,,,,,,,,,,,,,,,,,,,,,,,1,,,,,0,0,1,4,4,4.0
2479,5,0,0,21,21,21,0,0,0,0,6,18,19,38,24,57,90.56842503028855,261.34286254110594,6.333333333333333,1655.1714627603376,0.08711428751370198,91.95397015335209,1,,,7,21,7,7,11,11,,,7,,,,2,2,5,,,,,7,,4,,,4,,,,,,,,,2,,,,,,,,,,,,,,,,,,,,,,,11,3,,,,,,,,,,,,,,,,,,,,,,,,,,,,,,,,,,,,7,21,1,,5,2,1,2,4,17,7,11.0
179,1,0,0,1,1,1,0,0,0,0,0,0,0,0,0,0,0,0,0,0,0.0,0.0,1,,,,1,,,,,,,,,,,,,,,,,,,,,,,,,,,,,,,,,,,,,,,,,,,,,,,,,,,,,,,,,,,,,,,,,,,,,,,,,,,,,,,,,,,,,,,,,,,,,1,,,,,0,0,1,4,4,4.0
2018,1,0,0,1,1,1,0,0,0,0,0,0,0,0,0,0,0,0,0,0,0.0,0.0,1,,,,1,,,,,,,,,,,,,,,,,,,,,,,,,,,,,,,,,,,,,,,,,,,,,,,,,,,,,,,,,,,,,,,,,,,,,,,,,,,,,,,,,,,,,,,,,,,,,1,,,,,0,0,1,4,4,4.0
143,1,0,0,1,1,1,0,0,0,0,0,0,0,0,0,0,0,0,0,0,0.0,0.0,1,,,,1,,,,,,,,,,,,,,,,,,,,,,,,,,,,,,,,,,,,,,,,,,,,,,,,,,,,,,,,,,,,,,,,,,,,,,,,,,,,,,,,,,,,,,,,,,,,,1,,,,,0,0,1,4,4,4.0
111,1,0,0,1,1,1,0,0,0,0,0,0,0,0,0,0,0,0,0,0,0.0,0.0,1,,,,1,,,,,,,,,,,,,,,,,,,,,,,,,,,,,,,,,,,,,,,,,,,,,,,,,,,,,,,,,,,,,,,,,,,,,,,,,,,,,,,,,,,,,,,,,,,,,1,,,,,0,0,1,4,4,4.0
2214,1,0,0,1,1,1,0,0,0,0,0,0,0,0,0,0,0,0,0,0,0.0,0.0,1,,,,1,,,,,,,,,,,,,,,,,,,,,,,,,,,,,,,,,,,,,,,,,,,,,,,,,,,,,,,,,,,,,,,,,,,,,,,,,,,,,,,,,,,,,,,,,,,,,1,,,,,0,0,1,4,4,4.0
895,1,0,0,1,1,1,0,0,0,0,0,0,0,0,0,0,0,0,0,0,0.0,0.0,1,,,,1,,,,,,,,,,,,,,,,,,,,,,,,,,,,,,,,,,,,,,,,,,,,,,,,,,,,,,,,,,,,,,,,,,,,,,,,,,,,,,,,,,,,,,,,,,,,,1,,,,,0,0,1,4,4,4.0
1282,1,0,0,1,1,1,0,0,0,0,0,0,0,0,0,0,0,0,0,0,0.0,0.0,1,,,,1,,,,,,,,,,,,,,,,,,,,,,,,,,,,,,,,,,,,,,,,,,,,,,,,,,,,,,,,,,,,,,,,,,,,,,,,,,,,,,,,,,,,,,,,,,,,,1,,,,,0,0,1,4,4,4.0
1444,1,0,0,1,1,1,0,0,0,0,0,0,0,0,0,0,0,0,0,0,0.0,0.0,1,,,,1,,,,,,,,,,,,,,,,,,,,,,,,,,,,,,,,,,,,,,,,,,,,,,,,,,,,,,,,,,,,,,,,,,,,,,,,,,,,,,,,,,,,,,,,,,,,,1,,,,,0,0,1,4,4,4.0
1357,1,0,0,1,1,1,0,0,0,0,0,0,0,0,0,0,0,0,0,0,0.0,0.0,1,,,,1,,,,,,,,,,,,,,,,,,,,,,,,,,,,,,,,,,,,,,,,,,,,,,,,,,,,,,,,,,,,,,,,,,,,,,,,,,,,,,,,,,,,,,,,,,,,,1,,,,,0,0,1,4,4,4.0
268,1,0,0,1,1,1,0,0,0,0,0,0,0,0,0,0,0,0,0,0,0.0,0.0,1,,,,1,,,,,,,,,,,,,,,,,,,,,,,,,,,,,,,,,,,,,,,,,,,,,,,,,,,,,,,,,,,,,,,,,,,,,,,,,,,,,,,,,,,,,,,,,,,,,1,,,,,0,0,1,4,4,4.0
2478,5,0,0,19,19,19,0,0,0,0,5,18,17,34,23,51,86.66829050039843,230.70165975890765,4.722222222222222,1089.4245044170639,0.07690055325296921,60.52358357872577,1,,,7,19,7,7,11,11,,,7,,,,2,2,5,,,,,7,,4,,,4,,,,,,,,,,,,,,,,,,,,,,,,,,,,,,,,9,3,,,,,,,,,,,,,,,,,,,,,,,,,,,,,,,,,,,,7,19,1,,5,2,1,2,4,17,7,11.0
800,1,0,0,1,1,1,0,0,0,0,0,0,0,0,0,0,0,0,0,0,0.0,0.0,1,,,,1,,,,,,,,,,,,,,,,,,,,,,,,,,,,,,,,,,,,,,,,,,,,,,,,,,,,,,,,,,,,,,,,,,,,,,,,,,,,,,,,,,,,,,,,,,,,,1,,,,,0,0,1,4,4,4.0
1259,1,0,0,1,1,1,0,0,0,0,0,0,0,0,0,0,0,0,0,0,0.0,0.0,1,,,,1,,,,,,,,,,,,,,,,,,,,,,,,,,,,,,,,,,,,,,,,,,,,,,,,,,,,,,,,,,,,,,,,,,,,,,,,,,,,,,,,,,,,,,,,,,,,,1,,,,,0,0,1,4,4,4.0
1074,1,0,0,1,1,1,0,0,0,0,0,0,0,0,0,0,0,0,0,0,0.0,0.0,1,,,,1,,,,,,,,,,,,,,,,,,,,,,,,,,,,,,,,,,,,,,,,,,,,,,,,,,,,,,,,,,,,,,,,,,,,,,,,,,,,,,,,,,,,,,,,,,,,,1,,,,,0,0,1,4,4,4.0
2299,1,0,0,1,1,1,0,0,0,0,0,0,0,0,0,0,0,0,0,0,0.0,0.0,1,,,,1,,,,,,,,,,,,,,,,,,,,,,,,,,,,,,,,,,,,,,,,,,,,,,,,,,,,,,,,,,,,,,,,,,,,,,,,,,,,,,,,,,,,,,,,,,,,,1,,,,,0,0,1,4,4,4.0
570,1,0,0,1,1,1,0,0,0,0,0,0,0,0,0,0,0,0,0,0,0.0,0.0,1,,,,1,,,,,,,,,,,,,,,,,,,,,,,,,,,,,,,,,,,,,,,,,,,,,,,,,,,,,,,,,,,,,,,,,,,,,,,,,,,,,,,,,,,,,,,,,,,,,1,,,,,0,0,1,4,4,4.0
1698,1,0,0,1,1,1,0,0,0,0,0,0,0,0,0,0,0,0,0,0,0.0,0.0,1,,,,1,,,,,,,,,,,,,,,,,,,,,,,,,,,,,,,,,,,,,,,,,,,,,,,,,,,,,,,,,,,,,,,,,,,,,,,,,,,,,,,,,,,,,,,,,,,,,1,,,,,0,0,1,4,4,4.0
1067,1,0,0,1,1,1,0,0,0,0,0,0,0,0,0,0,0,0,0,0,0.0,0.0,1,,,,1,,,,,,,,,,,,,,,,,,,,,,,,,,,,,,,,,,,,,,,,,,,,,,,,,,,,,,,,,,,,,,,,,,,,,,,,,,,,,,,,,,,,,,,,,,,,,1,,,,,0,0,1,4,4,4.0
625,1,0,0,1,1,1,0,0,0,0,0,0,0,0,0,0,0,0,0,0,0.0,0.0,1,,,,1,,,,,,,,,,,,,,,,,,,,,,,,,,,,,,,,,,,,,,,,,,,,,,,,,,,,,,,,,,,,,,,,,,,,,,,,,,,,,,,,,,,,,,,,,,,,,1,,,,,0,0,1,4,4,4.0
245,1,0,0,1,1,1,0,0,0,0,0,0,0,0,0,0,0,0,0,0,0.0,0.0,1,,,,1,,,,,,,,,,,,,,,,,,,,,,,,,,,,,,,,,,,,,,,,,,,,,,,,,,,,,,,,,,,,,,,,,,,,,,,,,,,,,,,,,,,,,,,,,,,,,1,,,,,0,0,1,4,4,4.0
276,1,0,0,1,1,1,0,0,0,0,0,0,0,0,0,0,0,0,0,0,0.0,0.0,1,,,,1,,,,,,,,,,,,,,,,,,,,,,,,,,,,,,,,,,,,,,,,,,,,,,,,,,,,,,,,,,,,,,,,,,,,,,,,,,,,,,,,,,,,,,,,,,,,,1,,,,,0,0,1,4,4,4.0
772,1,0,0,1,1,1,0,0,0,0,0,0,0,0,0,0,0,0,0,0,0.0,0.0,1,,,,1,,,,,,,,,,,,,,,,,,,,,,,,,,,,,,,,,,,,,,,,,,,,,,,,,,,,,,,,,,,,,,,,,,,,,,,,,,,,,,,,,,,,,,,,,,,,,1,,,,,0,0,1,4,4,4.0
188,1,0,0,1,1,1,0,0,0,0,0,0,0,0,0,0,0,0,0,0,0.0,0.0,1,,,,1,,,,,,,,,,,,,,,,,,,,,,,,,,,,,,,,,,,,,,,,,,,,,,,,,,,,,,,,,,,,,,,,,,,,,,,,,,,,,,,,,,,,,,,,,,,,,1,,,,,0,0,1,4,4,4.0
425,1,0,0,1,1,1,0,0,0,0,0,0,0,0,0,0,0,0,0,0,0.0,0.0,1,,,,1,,,,,,,,,,,,,,,,,,,,,,,,,,,,,,,,,,,,,,,,,,,,,,,,,,,,,,,,,,,,,,,,,,,,,,,,,,,,,,,,,,,,,,,,,,,,,1,,,,,0,0,1,4,4,4.0
760,1,0,0,1,1,1,0,0,0,0,0,0,0,0,0,0,0,0,0,0,0.0,0.0,1,,,,1,,,,,,,,,,,,,,,,,,,,,,,,,,,,,,,,,,,,,,,,,,,,,,,,,,,,,,,,,,,,,,,,,,,,,,,,,,,,,,,,,,,,,,,,,,,,,1,,,,,0,0,1,4,4,4.0
1065,1,0,0,1,1,1,0,0,0,0,0,0,0,0,0,0,0,0,0,0,0.0,0.0,1,,,,1,,,,,,,,,,,,,,,,,,,,,,,,,,,,,,,,,,,,,,,,,,,,,,,,,,,,,,,,,,,,,,,,,,,,,,,,,,,,,,,,,,,,,,,,,,,,,1,,,,,0,0,1,4,4,4.0
94,1,0,0,1,1,1,0,0,0,0,0,0,0,0,0,0,0,0,0,0,0.0,0.0,1,,,,1,,,,,,,,,,,,,,,,,,,,,,,,,,,,,,,,,,,,,,,,,,,,,,,,,,,,,,,,,,,,,,,,,,,,,,,,,,,,,,,,,,,,,,,,,,,,,1,,,,,0,0,1,4,4,4.0
418,1,0,0,1,1,1,0,0,0,0,0,0,0,0,0,0,0,0,0,0,0.0,0.0,1,,,,1,,,,,,,,,,,,,,,,,,,,,,,,,,,,,,,,,,,,,,,,,,,,,,,,,,,,,,,,,,,,,,,,,,,,,,,,,,,,,,,,,,,,,,,,,,,,,1,,,,,0,0,1,4,4,4.0
50,1,0,0,1,1,1,0,0,0,0,0,0,0,0,0,0,0,0,0,0,0.0,0.0,1,,,,1,,,,,,,,,,,,,,,,,,,,,,,,,,,,,,,,,,,,,,,,,,,,,,,,,,,,,,,,,,,,,,,,,,,,,,,,,,,,,,,,,,,,,,,,,,,,,1,,,,,0,0,1,4,4,4.0
472,1,0,0,1,1,1,0,0,0,0,0,0,0,0,0,0,0,0,0,0,0.0,0.0,1,,,,1,,,,,,,,,,,,,,,,,,,,,,,,,,,,,,,,,,,,,,,,,,,,,,,,,,,,,,,,,,,,,,,,,,,,,,,,,,,,,,,,,,,,,,,,,,,,,1,,,,,0,0,1,4,4,4.0
2656,1,0,0,1,1,1,0,0,0,0,0,0,0,0,0,0,0,0,0,0,0.0,0.0,1,,,,1,,,,,,,,,,,,,,,,,,,,,,,,,,,,,,,,,,,,,,,,,,,,,,,,,,,,,,,,,,,,,,,,,,,,,,,,,,,,,,,,,,,,,,,,,,,,,1,,,,,0,0,1,4,4,4.0
1144,1,0,0,1,1,1,0,0,0,0,0,0,0,0,0,0,0,0,0,0,0.0,0.0,1,,,,1,,,,,,,,,,,,,,,,,,,,,,,,,,,,,,,,,,,,,,,,,,,,,,,,,,,,,,,,,,,,,,,,,,,,,,,,,,,,,,,,,,,,,,,,,,,,,1,,,,,0,0,1,4,4,4.0
414,1,0,0,1,1,1,0,0,0,0,0,0,0,0,0,0,0,0,0,0,0.0,0.0,1,,,,1,,,,,,,,,,,,,,,,,,,,,,,,,,,,,,,,,,,,,,,,,,,,,,,,,,,,,,,,,,,,,,,,,,,,,,,,,,,,,,,,,,,,,,,,,,,,,1,,,,,0,0,1,4,4,4.0
2333,1,0,0,1,1,1,0,0,0,0,0,0,0,0,0,0,0,0,0,0,0.0,0.0,1,,,,1,,,,,,,,,,,,,,,,,,,,,,,,,,,,,,,,,,,,,,,,,,,,,,,,,,,,,,,,,,,,,,,,,,,,,,,,,,,,,,,,,,,,,,,,,,,,,1,,,,,0,0,1,4,4,4.0
518,1,0,0,1,1,1,0,0,0,0,0,0,0,0,0,0,0,0,0,0,0.0,0.0,1,,,,1,,,,,,,,,,,,,,,,,,,,,,,,,,,,,,,,,,,,,,,,,,,,,,,,,,,,,,,,,,,,,,,,,,,,,,,,,,,,,,,,,,,,,,,,,,,,,1,,,,,0,0,1,4,4,4.0
2477,5,0,0,19,19,19,0,0,0,0,5,18,17,34,23,51,86.66829050039843,230.70165975890765,4.722222222222222,1089.4245044170639,0.07690055325296921,60.52358357872577,1,,,7,19,7,7,11,11,,,7,,,,2,2,5,,,,,7,,4,,,4,,,,,,,,,,,,,,,,,,,,,,,,,,,,,,,,9,3,,,,,,,,,,,,,,,,,,,,,,,,,,,,,,,,,,,,7,19,1,,5,2,1,2,4,17,7,11.0
2106,1,0,0,1,1,1,0,0,0,0,0,0,0,0,0,0,0,0,0,0,0.0,0.0,1,,,,1,,,,,,,,,,,,,,,,,,,,,,,,,,,,,,,,,,,,,,,,,,,,,,,,,,,,,,,,,,,,,,,,,,,,,,,,,,,,,,,,,,,,,,,,,,,,,1,,,,,0,0,1,4,4,4.0
231,1,0,0,1,1,1,0,0,0,0,0,0,0,0,0,0,0,0,0,0,0.0,0.0,1,,,,1,,,,,,,,,,,,,,,,,,,,,,,,,,,,,,,,,,,,,,,,,,,,,,,,,,,,,,,,,,,,,,,,,,,,,,,,,,,,,,,,,,,,,,,,,,,,,1,,,,,0,0,1,4,4,4.0
620,1,0,0,1,1,1,0,0,0,0,0,0,0,0,0,0,0,0,0,0,0.0,0.0,1,,,,1,,,,,,,,,,,,,,,,,,,,,,,,,,,,,,,,,,,,,,,,,,,,,,,,,,,,,,,,,,,,,,,,,,,,,,,,,,,,,,,,,,,,,,,,,,,,,1,,,,,0,0,1,4,4,4.0
55,1,0,0,1,1,1,0,0,0,0,0,0,0,0,0,0,0,0,0,0,0.0,0.0,1,,,,1,,,,,,,,,,,,,,,,,,,,,,,,,,,,,,,,,,,,,,,,,,,,,,,,,,,,,,,,,,,,,,,,,,,,,,,,,,,,,,,,,,,,,,,,,,,,,1,,,,,0,0,1,4,4,4.0
907,1,0,0,1,1,1,0,0,0,0,0,0,0,0,0,0,0,0,0,0,0.0,0.0,1,,,,1,,,,,,,,,,,,,,,,,,,,,,,,,,,,,,,,,,,,,,,,,,,,,,,,,,,,,,,,,,,,,,,,,,,,,,,,,,,,,,,,,,,,,,,,,,,,,1,,,,,0,0,1,4,4,4.0
993,1,0,0,1,1,1,0,0,0,0,0,0,0,0,0,0,0,0,0,0,0.0,0.0,1,,,,1,,,,,,,,,,,,,,,,,,,,,,,,,,,,,,,,,,,,,,,,,,,,,,,,,,,,,,,,,,,,,,,,,,,,,,,,,,,,,,,,,,,,,,,,,,,,,1,,,,,0,0,1,4,4,4.0
1342,1,0,0,1,1,1,0,0,0,0,0,0,0,0,0,0,0,0,0,0,0.0,0.0,1,,,,1,,,,,,,,,,,,,,,,,,,,,,,,,,,,,,,,,,,,,,,,,,,,,,,,,,,,,,,,,,,,,,,,,,,,,,,,,,,,,,,,,,,,,,,,,,,,,1,,,,,0,0,1,4,4,4.0
331,1,0,0,1,1,1,0,0,0,0,0,0,0,0,0,0,0,0,0,0,0.0,0.0,1,,,,1,,,,,,,,,,,,,,,,,,,,,,,,,,,,,,,,,,,,,,,,,,,,,,,,,,,,,,,,,,,,,,,,,,,,,,,,,,,,,,,,,,,,,,,,,,,,,1,,,,,0,0,1,4,4,4.0
737,1,0,0,1,1,1,0,0,0,0,0,0,0,0,0,0,0,0,0,0,0.0,0.0,1,,,,1,,,,,,,,,,,,,,,,,,,,,,,,,,,,,,,,,,,,,,,,,,,,,,,,,,,,,,,,,,,,,,,,,,,,,,,,,,,,,,,,,,,,,,,,,,,,,1,,,,,0,0,1,4,4,4.0
176,1,0,0,1,1,1,0,0,0,0,0,0,0,0,0,0,0,0,0,0,0.0,0.0,1,,,,1,,,,,,,,,,,,,,,,,,,,,,,,,,,,,,,,,,,,,,,,,,,,,,,,,,,,,,,,,,,,,,,,,,,,,,,,,,,,,,,,,,,,,,,,,,,,,1,,,,,0,0,1,4,4,4.0
409,1,0,0,1,1,1,0,0,0,0,0,0,0,0,0,0,0,0,0,0,0.0,0.0,1,,,,1,,,,,,,,,,,,,,,,,,,,,,,,,,,,,,,,,,,,,,,,,,,,,,,,,,,,,,,,,,,,,,,,,,,,,,,,,,,,,,,,,,,,,,,,,,,,,1,,,,,0,0,1,4,4,4.0
861,1,0,0,1,1,1,0,0,0,0,0,0,0,0,0,0,0,0,0,0,0.0,0.0,1,,,,1,,,,,,,,,,,,,,,,,,,,,,,,,,,,,,,,,,,,,,,,,,,,,,,,,,,,,,,,,,,,,,,,,,,,,,,,,,,,,,,,,,,,,,,,,,,,,1,,,,,0,0,1,4,4,4.0
1858,1,0,0,1,1,1,0,0,0,0,0,0,0,0,0,0,0,0,0,0,0.0,0.0,1,,,,1,,,,,,,,,,,,,,,,,,,,,,,,,,,,,,,,,,,,,,,,,,,,,,,,,,,,,,,,,,,,,,,,,,,,,,,,,,,,,,,,,,,,,,,,,,,,,1,,,,,0,0,1,4,4,4.0
882,1,0,0,1,1,1,0,0,0,0,0,0,0,0,0,0,0,0,0,0,0.0,0.0,1,,,,1,,,,,,,,,,,,,,,,,,,,,,,,,,,,,,,,,,,,,,,,,,,,,,,,,,,,,,,,,,,,,,,,,,,,,,,,,,,,,,,,,,,,,,,,,,,,,1,,,,,0,0,1,4,4,4.0
2659,1,0,0,1,1,1,0,0,0,0,0,0,0,0,0,0,0,0,0,0,0.0,0.0,1,,,,1,,,,,,,,,,,,,,,,,,,,,,,,,,,,,,,,,,,,,,,,,,,,,,,,,,,,,,,,,,,,,,,,,,,,,,,,,,,,,,,,,,,,,,,,,,,,,1,,,,,0,0,1,4,4,4.0
1914,1,0,0,1,1,1,0,0,0,0,0,0,0,0,0,0,0,0,0,0,0.0,0.0,1,,,,1,,,,,,,,,,,,,,,,,,,,,,,,,,,,,,,,,,,,,,,,,,,,,,,,,,,,,,,,,,,,,,,,,,,,,,,,,,,,,,,,,,,,,,,,,,,,,1,,,,,0,0,1,4,4,4.0
679,1,0,0,1,1,1,0,0,0,0,0,0,0,0,0,0,0,0,0,0,0.0,0.0,1,,,,1,,,,,,,,,,,,,,,,,,,,,,,,,,,,,,,,,,,,,,,,,,,,,,,,,,,,,,,,,,,,,,,,,,,,,,,,,,,,,,,,,,,,,,,,,,,,,1,,,,,0,0,1,4,4,4.0
122,1,0,0,1,1,1,0,0,0,0,0,0,0,0,0,0,0,0,0,0,0.0,0.0,1,,,,1,,,,,,,,,,,,,,,,,,,,,,,,,,,,,,,,,,,,,,,,,,,,,,,,,,,,,,,,,,,,,,,,,,,,,,,,,,,,,,,,,,,,,,,,,,,,,1,,,,,0,0,1,4,4,4.0
1697,1,0,0,1,1,1,0,0,0,0,0,0,0,0,0,0,0,0,0,0,0.0,0.0,1,,,,1,,,,,,,,,,,,,,,,,,,,,,,,,,,,,,,,,,,,,,,,,,,,,,,,,,,,,,,,,,,,,,,,,,,,,,,,,,,,,,,,,,,,,,,,,,,,,1,,,,,0,0,1,4,4,4.0
454,,,,11,8,11,0,0,0,0,,,,,,,,,,,,,1,,,1,2,,,5,5,1,1,,1,7,2,,,,,,,,4,7,,2,2,,,,,,,,,,,,,,,,,,,,,,,,,,,,,,,,,,,9,,,,,,,,,,,,,,,,,,,,,,,,,,,,,,,,,,,3,30,2,,,,1,0,18,7,1,4.888888888888889
569,1,0,0,0,0,0,0,0,0,0,0,0,0,0,0,0,0,0,0,0,0.0,0.0,1,,,,,,,,,,,,,,,,,,,,,,,,,,,,,,,,,,,,,,,,,,,,,,,,,,,,,,,,,,,,,,,,,,,,,,,,,,,,,,,,,,,,,,,,,,,,,,,,,,,,,,0,0,0,0,0,0
924,1,0,0,1,1,1,0,0,0,0,0,0,0,0,0,0,0,0,0,0,0.0,0.0,1,,,,1,,,,,,,,,,,,,,,,,,,,,,,,,,,,,,,,,,,,,,,,,,,,,,,,,,,,,,,,,,,,,,,,,,,,,,,,,,,,,,,,,,,,,,,,,,,,,1,,,,,0,0,1,4,4,4.0
2605,,,,37,18,18,2,2,0,17,,,,,,,,,,,,,1,,,2,2,,,12,12,7,7,,6,16,10,2,,,,1,4,1,6,,,4,4,1,,,,,,,,,,,,,,,,,,,,,,,,,,,,,,,,8,2,35,,,,,,,,,,,,,,,,,,,,,,,,,,,,,,,,,,,10,46,6,,,,1,0,12,11,1,4.833333333333333
363,1,0,0,1,1,1,0,0,0,0,0,0,0,0,0,0,0,0,0,0,0.0,0.0,1,,,,1,,,,,,,,,,,,,,,,,,,,,,,,,,,,,,,,,,,,,,,,,,,,,,,,,,,,,,,,,,,,,,,,,,,,,,,,,,,,,,,,,,,,,,,,,,,,,1,,,,,0,0,1,4,4,4.0
233,1,0,0,1,1,1,0,0,0,0,0,0,0,0,0,0,0,0,0,0,0.0,0.0,1,,,,1,,,,,,,,,,,,,,,,,,,,,,,,,,,,,,,,,,,,,,,,,,,,,,,,,,,,,,,,,,,,,,,,,,,,,,,,,,,,,,,,,,,,,,,,,,,,,1,,,,,0,0,1,4,4,4.0
1906,1,0,0,1,1,1,0,0,0,0,0,0,0,0,0,0,0,0,0,0,0.0,0.0,1,,,,1,,,,,,,,,,,,,,,,,,,,,,,,,,,,,,,,,,,,,,,,,,,,,,,,,,,,,,,,,,,,,,,,,,,,,,,,,,,,,,,,,,,,,,,,,,,,,1,,,,,0,0,1,4,4,4.0
1071,1,0,0,1,1,1,0,0,0,0,0,0,0,0,0,0,0,0,0,0,0.0,0.0,1,,,,1,,,,,,,,,,,,,,,,,,,,,,,,,,,,,,,,,,,,,,,,,,,,,,,,,,,,,,,,,,,,,,,,,,,,,,,,,,,,,,,,,,,,,,,,,,,,,1,,,,,0,0,1,4,4,4.0
489,1,0,0,1,1,1,0,0,0,0,0,0,0,0,0,0,0,0,0,0,0.0,0.0,1,,,,1,,,,,,,,,,,,,,,,,,,,,,,,,,,,,,,,,,,,,,,,,,,,,,,,,,,,,,,,,,,,,,,,,,,,,,,,,,,,,,,,,,,,,,,,,,,,,1,,,,,0,0,1,4,4,4.0
776,1,0,0,1,1,1,0,0,0,0,0,0,0,0,0,0,0,0,0,0,0.0,0.0,1,,,,1,,,,,,,,,,,,,,,,,,,,,,,,,,,,,,,,,,,,,,,,,,,,,,,,,,,,,,,,,,,,,,,,,,,,,,,,,,,,,,,,,,,,,,,,,,,,,1,,,,,0,0,1,4,4,4.0
1925,1,0,0,1,1,1,0,0,0,0,0,0,0,0,0,0,0,0,0,0,0.0,0.0,1,,,,1,,,,,,,,,,,,,,,,,,,,,,,,,,,,,,,,,,,,,,,,,,,,,,,,,,,,,,,,,,,,,,,,,,,,,,,,,,,,,,,,,,,,,,,,,,,,,1,,,,,0,0,1,4,4,4.0
660,1,0,0,1,1,1,0,0,0,0,0,0,0,0,0,0,0,0,0,0,0.0,0.0,1,,,,1,,,,,,,,,,,,,,,,,,,,,,,,,,,,,,,,,,,,,,,,,,,,,,,,,,,,,,,,,,,,,,,,,,,,,,,,,,,,,,,,,,,,,,,,,,,,,1,,,,,0,0,1,4,4,4.0
242,1,0,0,1,1,1,0,0,0,0,0,0,0,0,0,0,0,0,0,0,0.0,0.0,1,,,,1,,,,,,,,,,,,,,,,,,,,,,,,,,,,,,,,,,,,,,,,,,,,,,,,,,,,,,,,,,,,,,,,,,,,,,,,,,,,,,,,,,,,,,,,,,,,,1,,,,,0,0,1,4,4,4.0
2681,1,0,0,1,1,1,0,0,0,0,0,0,0,0,0,0,0,0,0,0,0.0,0.0,1,,,,1,,,,,,,,,,,,,,,,,,,,,,,,,,,,,,,,,,,,,,,,,,,,,,,,,,,,,,,,,,,,,,,,,,,,,,,,,,,,,,,,,,,,,,,,,,,,,1,,,,,0,0,1,4,4,4.0
1686,1,0,0,1,1,1,0,0,0,0,0,0,0,0,0,0,0,0,0,0,0.0,0.0,1,,,,1,,,,,,,,,,,,,,,,,,,,,,,,,,,,,,,,,,,,,,,,,,,,,,,,,,,,,,,,,,,,,,,,,,,,,,,,,,,,,,,,,,,,,,,,,,,,,1,,,,,0,0,1,4,4,4.0
2264,1,0,0,1,1,1,0,0,0,0,0,0,0,0,0,0,0,0,0,0,0.0,0.0,1,,,,1,,,,,,,,,,,,,,,,,,,,,,,,,,,,,,,,,,,,,,,,,,,,,,,,,,,,,,,,,,,,,,,,,,,,,,,,,,,,,,,,,,,,,,,,,,,,,1,,,,,0,0,1,4,4,4.0
1313,1,0,0,1,1,1,0,0,0,0,0,0,0,0,0,0,0,0,0,0,0.0,0.0,1,,,,1,,,,,,,,,,,,,,,,,,,,,,,,,,,,,,,,,,,,,,,,,,,,,,,,,,,,,,,,,,,,,,,,,,,,,,,,,,,,,,,,,,,,,,,,,,,,,1,,,,,0,0,1,4,4,4.0
987,1,0,0,1,1,1,0,0,0,0,0,0,0,0,0,0,0,0,0,0,0.0,0.0,1,,,,1,,,,,,,,,,,,,,,,,,,,,,,,,,,,,,,,,,,,,,,,,,,,,,,,,,,,,,,,,,,,,,,,,,,,,,,,,,,,,,,,,,,,,,,,,,,,,1,,,,,0,0,1,4,4,4.0
893,1,0,0,1,1,1,0,0,0,0,0,0,0,0,0,0,0,0,0,0,0.0,0.0,1,,,,1,,,,,,,,,,,,,,,,,,,,,,,,,,,,,,,,,,,,,,,,,,,,,,,,,,,,,,,,,,,,,,,,,,,,,,,,,,,,,,,,,,,,,,,,,,,,,1,,,,,0,0,1,4,4,4.0
3711,1,0,0,5,2,2,1,1,0,2,1,2,1,2,3,3,2.0,4.754887502163469,0.5,2.3774437510817346,0.0015849625007211565,0.1320802083934297,1,,,3,2,,,3,3,,,,4,,,1,,,,,,,1,,,,,,,,,,,,,,,,,,,,,,,,,,,,,,,,,,,,,1,1,3,,,,,,,,,,,,,,,,,,,,,,,,,,,,,,,,,,,,3,1,,1,1,1,2,1,11,11,11.0
2427,1,0,0,0,0,0,0,0,0,0,0,0,0,0,0,0,0,0,0,0,0.0,0.0,1,,,,,,,,,,,,,,,,,,,,,,,,,,,,,,,,,,,,,,,,,,,,,,,,,,,,,,,,,,,,,,,,,,,,,,,,,,,,,,,,,,,,,,,,,,,,,,,,,,,,,,0,0,0,0,0,0
843,1,0,0,0,0,0,0,0,0,0,0,0,0,0,0,0,0,0,0,0,0.0,0.0,1,,,,,,,,,,,,,,,,,,,,,,,,,,,,,,,,,,,,,,,,,,,,,,,,,,,,,,,,,,,,,,,,,,,,,,,,,,,,,,,,,,,,,,,,,,,,,,,,,,,,,,0,0,0,0,0,0
2416,1,0,0,1,1,1,0,0,0,0,0,0,0,0,0,0,0,0,0,0,0.0,0.0,1,,,,1,,,,,,,,,,,,,,,,,,,,,,,,,,,,,,,,,,,,,,,,,,,,,,,,,,,,,,,,,,,,,,,,,,,,,,,,,,,,,,,,,,,,,,,,,,,,,1,,,,,0,0,1,4,4,4.0
824,1,0,0,0,0,0,0,0,0,0,0,0,0,0,0,0,0,0,0,0,0.0,0.0,1,,,,,,,,,,,,,,,,,,,,,,,,,,,,,,,,,,,,,,,,,,,,,,,,,,,,,,,,,,,,,,,,,,,,,,,,,,,,,,,,,,,,,,,,,,,,,,,,,,,,,,0,0,0,0,0,0
2428,1,0,0,1,1,1,0,0,0,0,0,0,0,0,0,0,0,0,0,0,0.0,0.0,1,,,,1,,,,,,,,,,,,,,,,,,,,,,,,,,,,,,,,,,,,,,,,,,,,,,,,,,,,,,,,,,,,,,,,,,,,,,,,,,,,,,,,,,,,,,,,,,,,,1,,,,,0,0,1,4,4,4.0
3769,1,0,0,9,3,2,0,0,6,1,0,0,0,0,0,0,0,0,0,0,0.0,0.0,1,,,2,3,,,3,3,,,,,,,,,,,,,,1,1,,,,,,,,,,,,,,,,,,,,,,,,,,,,,,,,,,,,,,1,,,,,,,,,,,,,,,,,,,,,,,,,,,,,,,,,,,,3,,,1,1,0,2,2,7,5,6.0
3770,1,0,0,10,3,2,0,0,6,2,0,0,0,0,0,0,0,0,0,0,0.0,0.0,1,,,2,3,,,3,3,,,,,,,,,,,,,,1,1,,,,,,,,,,,,,,,,,,,,,,,,,,,,,,,,,,,,,,2,,,,,,,,,,,,,,,,,,,,,,,,,,,,,,,,,,,,3,,,1,1,0,2,2,7,5,6.0
3774,1,0,0,6,4,4,0,0,0,2,1,2,1,2,3,3,2.0,4.754887502163469,0.5,2.3774437510817346,0.0015849625007211565,0.1320802083934297,1,,,3,4,,,6,6,,,,2,,,,,1,,,,,3,,,,,,,,,,,,,,,,,,,,,,,,,,,,,,,,,,,,,1,,2,,,,,,,,,,,,,,,,,,,,,,,,,,,,,,,,,,,,6,2,1,1,2,1,3,3,11,7,9.0
4097,4,0,0,15,12,12,0,0,0,3,2,3,3,6,5,9,6.754887502163469,20.89735285398626,2.0,41.79470570797252,0.0069657842846620865,2.321928094887362,1,,,,12,4,4,11,11,1,1,4,2,,2,,1,,,,,,4,3,,,,,,1,,,,,,,,,,,,,,,,,,,,,,,,,,,,,,2,,3,,,,,,,,,,,,,,,,,,,,,,,,,,,,,,,,,,,8,24,4,,1,1,2,2,9,6,1,3.5555555555555554
3565,1,0,0,0,0,0,0,0,0,0,0,0,0,0,0,0,0,0,0,0,0.0,0.0,1,,,,,,,,,,,,,,,,,,,,,,,,,,,,,,,,,,,,,,,,,,,,,,,,,,,,,,,,,,,,,,,,,,,,,,,,,,,,,,,,,,,,,,,,,,,,,,,,,,,,,,0,0,0,0,0,0
4236,1,0,0,19,7,6,3,3,7,3,3,14,7,14,17,21,58.05785641096992,85.83671966625714,1.5,128.75507949938572,0.02861223988875238,7.153059972188095,1,,,5,7,,,14,14,,,,1,,3,,3,1,,,,,5,,,,,,,,,,,,,,,,,,,,,,,,,,,,,,,,,,,,,4,4,6,,,,,,,,,,,,,,,,,,,,,,,,,,,,,,,,,,,,10,4,1,1,4,1,3,5,5,5,5.0
4266,2,0,0,7,6,6,0,0,0,1,1,2,1,2,3,3,2.0,4.754887502163469,0.5,2.3774437510817346,0.0015849625007211565,0.1320802083934297,1,,,4,6,2,2,7,7,,,2,,,,,,,,,,1,2,,,,,,,,,,,,,,,,,,,,,,,,,,,,,,,,,,,,,1,,1,,,,,,,,,,,,,,,,,,,,,,,,,,,,,,,,,,,2,3,2,,2,2,1,2,2,1,1,1.0
3267,8,0,0,14,14,14,0,0,0,0,5,20,17,34,25,51,98.04820237218406,236.83666567851094,4.25,1006.5558291336715,0.07894555522617032,55.91976828520397,1,,,3,14,6,6,14,14,,,6,2,,4,,4,,,,,4,6,,,,,,,3,,,,,,,,,,,,,,,,,,,,,,,,,,,,,,5,11,,,,,,,,,,,,,,,,,,,,,,,,,,,,,,,,,,,,8,19,1,1,2,1,1,3,3,5,1,3.3333333333333335
4317,3,0,0,7,7,7,0,0,0,0,4,6,4,7,10,11,23.509775004326936,36.541209043760986,2.3333333333333335,85.26282110210897,0.012180403014586996,4.736823394561609,1,,,2,7,3,3,8,8,,,3,,,,1,,,,,,,2,,1,,,1,1,,,,,,,,,,,,,,,,,,,,,,,,,,,,,,,3,,,,,,,,,,,,,,,,,,,,,,,,,,,,,,,,,,,,,3,4,2,,2,2,1,2,1,3,3,3.0
4326,1,0,0,0,0,0,0,0,0,0,0,0,0,0,0,0,0,0,0,0,0.0,0.0,1,,,,,,,,,,,,,,,,,,,,,,,,,,,,,,,,,,,,,,,,,,,,,,,,,,,,,,,,,,,,,,,,,,,,,,,,,,,,,,,,,,,,,,,,,,,,,,,,,,,,,,0,0,0,0,0,0
4358,3,0,0,40,21,21,9,9,0,10,4,9,6,11,13,17,36.52932501298081,62.907475208398566,2.4444444444444446,153.7738282871965,0.02096915840279952,8.542990460399805,1,,,,21,2,2,21,21,4,4,2,1,,2,1,1,1,,,,,9,,,,,,2,,,,,,,,,,,,,,,,,,,,,,,,,,,,,,,7,9,19,,,,,,,,,,,,,,,,,,,,,,,,,,,,,,,,,,,4,35,,6,9,1,0,7,10,11,1,6.0
3232,3,0,0,16,11,11,0,0,0,5,3,5,4,8,8,12,16.36452797660028,36.0,2.4,86.39999999999999,0.012,4.8,1,,,1,11,2,2,8,8,3,3,2,1,,2,,1,,,,1,,8,,,,,,1,,,,,,,,,,,,,,,,,,,,,,,,,,,,,,,5,,5,,,,,,,,,,,,,,,,,,,,,,,,,,,,,,,,,,,4,24,1,1,1,1,1,3,9,5,1,3.3333333333333335
4359,1,0,0,0,0,0,0,0,0,0,0,0,0,0,0,0,0,0,0,0,0.0,0.0,1,,,,,,,,,,,,,,,,,,,,,,,,,,,,,,,,,,,,,,,,,,,,,,,,,,,,,,,,,,,,,,,,,,,,,,,,,,,,,,,,,,,,,,,,,,,,,,,,,,,,,,0,0,0,0,0,0
3189,6,0,0,13,13,13,0,0,0,0,5,17,11,22,22,33,81.0965087756926,147.1612434150308,3.235294117647059,476.1099051662762,0.04905374780501027,26.450550287015343,1,,,3,13,4,4,13,13,8,8,4,2,,1,,3,,,,1,,6,,,,,,,,3,,,,,,2,,,,,,,,,,,,,,,,,,,,,,,11,2,,,,,,,,,,,,,,,,,,,,,,,,,,,,,,,,,,,,9,28,2,3,1,3,2,3,10,5,1,4.3
4434,1,0,0,0,0,0,0,0,0,0,0,0,0,0,0,0,0,0,0,0,0.0,0.0,1,,,,,,,,,,,,,,,,,,,,,,,,,,,,,,,,,,,,,,,,,,,,,,,,,,,,,,,,,,,,,,,,,,,,,,,,,,,,,,,,,,,,,,,,,,,,,,,,,,,,,,0,0,0,0,0,0
4452,3,0,0,14,10,10,0,0,0,4,1,2,1,2,3,3,2.0,4.754887502163469,0.5,2.3774437510817346,0.0015849625007211565,0.1320802083934297,1,,,,10,2,2,13,13,5,5,2,5,,1,,1,,,,,,7,,,,,,,,,,,,,,,,,,,,,,,,,,,,,,,,,,,,,2,,4,,,,,,,,,,,,,,,,,,,,,,,,,,,,,,,,,,,6,30,3,2,1,2,2,3,12,5,1,2.6666666666666665
4453,3,0,0,14,10,10,0,0,0,4,1,2,1,2,3,3,2.0,4.754887502163469,0.5,2.3774437510817346,0.0015849625007211565,0.1320802083934297,1,,,,10,2,2,13,13,5,5,2,5,,,,2,,,,,,7,,,,,,,,,,,,,,,,,,,,,,,,,,,,,,,,,,,,,2,,4,,,,,,,,,,,,,,,,,,,,,,,,,,,,,,,,,,,6,30,3,2,1,2,2,3,12,5,1,2.6666666666666665
2212,1,0,0,1,1,1,0,0,0,0,0,0,0,0,0,0,0,0,0,0,0.0,0.0,1,,,,1,,,,,,,,,,,,,,,,,,,,,,,,,,,,,,,,,,,,,,,,,,,,,,,,,,,,,,,,,,,,,,,,,,,,,,,,,,,,,,,,,,,,,,,,,,,,,1,,,,,0,0,1,4,4,4.0
4063,1,0,0,1,1,1,0,0,0,0,0,0,0,0,0,0,0,0,0,0,0.0,0.0,1,,,1,1,,,1,1,,,,,,,,,,,,,,,,,,,,,,,,,,,,,,,,,,,,,,,,,,,,,,,,,,,,,,,,,,,,,,,,,,,,,,,,,,,,,,,,,,,,,,,,,,,,1,,0,1,0,0,0,0
3277,1,0,0,0,0,0,0,0,0,0,0,0,0,0,0,0,0,0,0,0,0.0,0.0,1,,,,,,,,,,,,,,,,,,,,,,,,,,,,,,,,,,,,,,,,,,,,,,,,,,,,,,,,,,,,,,,,,,,,,,,,,,,,,,,,,,,,,,,,,,,,,,,,,,,,,,0,0,0,0,0,0
3276,,,,19,12,13,1,1,0,5,,,,,,,,,,,,,1,,,2,2,,,6,6,,,,4,11,,2,3,,,1,,,8,,,1,1,,,,,,,,,,,,,,,,,,,,,,,,,,,,,,,,,2,2,17,,,,,,,,,,,,,,,,,,,,,,,,,,,,,,,,,,,,23,11,3,,,2,1,9,6,1,3.2222222222222223
3275,,,,14,11,12,1,1,0,1,,,,,,,,,,,,,1,,,2,2,,,3,3,,,,9,9,,,,2,,1,,,5,,2,1,1,,,,,,,,,,,,,,,,,,,,,,,,,,,,,,,,,5,1,12,,,,,,,,,,,,,,,,,,,,,,,,,,,,,,,,,,,1,23,2,,,,1,0,9,12,4,6.666666666666667
4832,4,0,0,21,18,18,0,0,0,3,4,15,12,24,19,36,66.60335893412778,152.92539048396907,3.2,489.36124954870104,0.050975130161323025,27.186736086038948,1,,,4,18,3,3,14,14,5,5,3,1,,6,2,1,,,,2,,12,,,,,,1,,,,,,,,1,,,,,,,,,,,,,,,,,,,,,,,9,,3,,,,,,,,,,,,,,,,,,,,,,,,,,,,,,,,,,,5,40,3,1,2,1,2,3,10,6,1,3.3
4105,1,0,0,0,0,0,0,0,0,0,0,0,0,0,0,0,0,0,0,0,0.0,0.0,1,,,,,,,,,,,,,,,,,,,,,,,,,,,,,,,,,,,,,,,,,,,,,,,,,,,,,,,,,,,,,,,,,,,,,,,,,,,,,,,,,,,,,,,,,,,,,,,,,,,,,,0,0,0,0,0,0
4106,1,0,0,0,0,0,0,0,0,0,0,0,0,0,0,0,0,0,0,0,0.0,0.0,1,,,,,,,,,,,,,,,,,,,,,,,,,,,,,,,,,,,,,,,,,,,,,,,,,,,,,,,,,,,,,,,,,,,,,,,,,,,,,,,,,,,,,,,,,,,,,,,,,,,,,,0,0,0,0,0,0
5162,1,0,0,4,3,3,0,0,0,1,4,12,7,14,16,21,51.01955000865388,84.0,2.3333333333333335,196.0,0.028,10.88888888888889,1,,,1,3,,,10,10,,,,,,,,3,1,,,,,2,,1,,,,,,,,,,,2,,,,,,,,,,,,,,,,,,,,,,,,4,1,1,,,,,,,,,,,,,,,,,,,,,,,,,,,,,,,,,,,,4,2,,1,2,1,2,2,5,1,3.0
5172,1,0,0,20,4,4,11,11,0,5,2,4,2,4,6,6,10.0,15.509775004326936,1.0,15.509775004326936,0.005169925001442312,0.861654166907052,1,,,2,4,,,6,6,,,,1,,,1,1,,,,,,3,,,,,,,,,,,,,,,,,,,,,,,,,,,,,,,,,,,,,2,11,16,,,,,,,,,,,,,,,,,,,,,,,,,,,,,,,,,,,,6,2,1,1,2,1,3,3,5,2,3.6666666666666665
5170,1,0,0,5,4,4,0,0,0,1,2,4,2,4,6,6,10.0,15.509775004326936,1.0,15.509775004326936,0.005169925001442312,0.861654166907052,1,,,2,4,,,7,7,,,,1,,,1,1,,,,,,3,,,,,,,,,,,,,,,,,,,,,,,,,,,,,,,,,,,,,2,,1,,,,,,,,,,,,,,,,,,,,,,,,,,,,,,,,,,,,6,2,1,1,2,1,3,3,17,4,9.666666666666666
5164,1,0,0,5,4,4,0,0,0,1,2,4,2,4,6,6,10.0,15.509775004326936,1.0,15.509775004326936,0.005169925001442312,0.861654166907052,1,,,2,4,,,7,7,,,,1,,,1,1,,,,,,3,,,,,,,,,,,,,,,,,,,,,,,,,,,,,,,,,,,,,2,,1,,,,,,,,,,,,,,,,,,,,,,,,,,,,,,,,,,,,6,2,1,1,2,1,3,3,17,4,9.666666666666666
5165,1,0,0,5,4,4,0,0,0,1,2,4,2,4,6,6,10.0,15.509775004326936,1.0,15.509775004326936,0.005169925001442312,0.861654166907052,1,,,2,4,,,7,7,,,,1,,,1,1,,,,,,3,,,,,,,,,,,,,,,,,,,,,,,,,,,,,,,,,,,,,2,,1,,,,,,,,,,,,,,,,,,,,,,,,,,,,,,,,,,,,6,2,1,1,2,1,3,3,17,4,9.666666666666666
5166,1,0,0,5,4,4,0,0,0,1,2,4,2,4,6,6,10.0,15.509775004326936,1.0,15.509775004326936,0.005169925001442312,0.861654166907052,1,,,2,4,,,7,7,,,,1,,,1,1,,,,,,3,,,,,,,,,,,,,,,,,,,,,,,,,,,,,,,,,,,,,2,,1,,,,,,,,,,,,,,,,,,,,,,,,,,,,,,,,,,,,6,2,1,1,2,1,3,3,17,4,9.666666666666666
5167,1,0,0,5,4,4,0,0,0,1,2,4,2,4,6,6,10.0,15.509775004326936,1.0,15.509775004326936,0.005169925001442312,0.861654166907052,1,,,2,4,,,7,7,,,,1,,,1,1,,,,,,3,,,,,,,,,,,,,,,,,,,,,,,,,,,,,,,,,,,,,2,,1,,,,,,,,,,,,,,,,,,,,,,,,,,,,,,,,,,,,6,2,1,1,2,1,3,3,17,4,9.666666666666666
5168,1,0,0,5,4,4,0,0,0,1,2,4,2,4,6,6,10.0,15.509775004326936,1.0,15.509775004326936,0.005169925001442312,0.861654166907052,1,,,2,4,,,7,7,,,,1,,,1,1,,,,,,3,,,,,,,,,,,,,,,,,,,,,,,,,,,,,,,,,,,,,2,,1,,,,,,,,,,,,,,,,,,,,,,,,,,,,,,,,,,,,6,2,1,1,2,1,3,3,17,4,9.666666666666666
5169,1,0,0,5,4,4,0,0,0,1,2,4,2,4,6,6,10.0,15.509775004326936,1.0,15.509775004326936,0.005169925001442312,0.861654166907052,1,,,2,4,,,7,7,,,,1,,,1,1,,,,,,3,,,,,,,,,,,,,,,,,,,,,,,,,,,,,,,,,,,,,2,,1,,,,,,,,,,,,,,,,,,,,,,,,,,,,,,,,,,,,6,2,1,1,2,1,3,3,17,4,9.666666666666666
5163,1,0,0,5,4,4,0,0,0,1,2,4,2,4,6,6,10.0,15.509775004326936,1.0,15.509775004326936,0.005169925001442312,0.861654166907052,1,,,2,4,,,7,7,,,,1,,,1,1,,,,,,3,,,,,,,,,,,,,,,,,,,,,,,,,,,,,,,,,,,,,2,,1,,,,,,,,,,,,,,,,,,,,,,,,,,,,,,,,,,,,6,2,1,1,2,1,3,3,17,4,9.666666666666666
5171,1,0,0,5,4,4,0,0,0,1,2,4,2,4,6,6,10.0,15.509775004326936,1.0,15.509775004326936,0.005169925001442312,0.861654166907052,1,,,2,4,,,7,7,,,,1,,,1,1,,,,,,3,,,,,,,,,,,,,,,,,,,,,,,,,,,,,,,,,,,,,2,,1,,,,,,,,,,,,,,,,,,,,,,,,,,,,,,,,,,,,6,2,1,1,2,1,3,3,17,4,9.666666666666666
5179,,,,103,75,62,2,2,0,39,,,,,,,,,,,,,,,,,6,,,28,28,,,,94,70,,5,,,,32,4,,65,6,,10,10,,,,,,,,,,,,,,,,,,,,,3,,,,,,,,,,,,22,2,97,,,,,,,,,,,,,,,,,,,,,,,,,,,,,,,,,,,,252,21,,,,,,,,,
5195,2,0,0,16,10,10,1,1,0,5,3,8,4,8,11,12,28.75488750216347,41.51317942364757,1.5,62.26976913547136,0.01383772647454919,3.4594316186372978,1,,,4,10,2,2,7,7,,,2,1,,,,2,1,,,1,,6,,,,,,,,,,,,,,,,,,,,,,,,,,,,,,,,,,,,,4,1,6,,,,,,,,,,,,,,,,,,,,,,,,,,,,,,,,,,,2,12,2,1,2,2,1,3,5,11,3,8.0
5244,2,0,0,12,9,9,0,0,0,3,4,8,4,8,12,12,32.0,43.01955000865388,2.0,86.03910001730776,0.014339850002884626,4.779950000961542,1,,,5,9,2,2,10,10,,,2,5,,,1,1,1,,,,1,5,,,,,,,,,,,,,,,,,,,,,,,,,,,,,,,,,,,,,4,2,3,,,,,,,,,,,,,,,,,,,,,,,,,,,,,,,,,,,2,11,2,1,2,2,1,3,4,12,1,6.25
5245,11,0,0,30,19,18,2,2,7,3,6,19,17,34,25,51,96.22039775975506,236.83666567851094,5.368421052631579,1271.438942063585,0.07894555522617032,70.63549678131028,1,,,4,19,8,8,5,5,,,8,2,,1,,1,1,,,,5,8,,,,,,,5,,,,,,,,,,,,,,,,,,,,,,,,,,,,,,12,8,5,,,,,,,,,,,,,,,,,,,,,,,,,,,,,,,,,,,12,22,1,1,2,1,1,3,3,8,1,4.0
5246,17,0,0,41,30,29,2,2,7,3,4,23,23,46,27,69,112.0419249893113,328.08723764927936,4.0,1312.3489505971174,0.10936241254975979,72.9082750331732,1,,,5,30,14,14,11,11,,,14,1,,,,,,,,,5,13,,,,,,,10,1,,,,,,,,,,,,,,,,,,,,,,,,,,,,,15,12,5,,,,,,,,,,,,,,,,,,,,,,,,,,,,,,,,,,,21,32,2,,2,2,2,2,5,5,2,3.6
5247,7,0,0,29,18,17,2,2,7,3,8,18,14,28,26,42,99.05865002596161,197.4184681619259,6.222222222222222,1228.3815796742056,0.0658061560539753,68.24342109301142,1,,,5,18,6,6,9,9,,,6,2,,1,,1,4,,,,1,9,,,,,3,,1,1,,,,,,,,,,,,,,,,,,,,,,,,,,,,,10,7,5,,,,,,,,,,,,,,,,,,,,,,,,,,,,,,,,,,,8,21,2,1,2,2,2,3,6,8,1,3.6666666666666665
5248,16,0,0,38,28,27,1,1,7,3,4,26,22,44,30,66,130.2114326716684,323.85477931016226,3.3846153846153846,1096.1238684343953,0.10795159310338742,60.89577046857752,1,,,9,28,12,12,23,23,,,12,6,,,,,,,,,5,12,,,,,,,7,3,,,,,,,,,,,,,,,,,,,,,,,,,,,,,13,11,4,,,,,,,,,,,,,,,,,,,,,,,,,,,,,,,,,,,19,32,2,,3,2,2,2,5,5,2,3.0
5249,16,0,0,46,35,34,2,2,7,3,5,24,26,54,29,80,121.64874049174458,388.6384796102058,5.625,2186.091447807408,0.1295461598700686,121.44952487818932,1,,,7,35,14,14,15,15,,,14,2,,8,,,,,,,,18,,,,,9,,3,3,,,,,,,,,,,,,,,,,,,,,,,,,,,,,28,2,5,,,,,,,,,,,,,,,,,,,,,,,,,,,,,,,,,,,19,44,3,,2,3,1,2,6,3,2,2.6666666666666665
5250,10,0,0,48,25,24,9,9,7,8,5,14,11,22,19,33,64.91260938324326,140.1816079436383,3.9285714285714284,550.713459778579,0.04672720264787944,30.595192209921056,1,,,17,25,10,10,15,15,,,10,5,,,,1,,,,7,,11,,,,,1,,1,,,,,,,,,,,,,,,,,,,,,,,,,,,,,,8,9,17,,,,,,,,,,,,,,,,,,,,,,,,,,,,,,,,,,,11,25,2,,3,2,1,2,4,6,3,4.5
5251,18,0,0,28,22,22,2,2,0,4,9,27,24,51,36,75,156.9112875713945,387.7443751081734,8.5,3295.827188419474,0.12924812503605781,183.10151046774857,1,,,14,22,10,10,8,8,,,10,2,,,,1,1,,,1,1,10,,,,,10,,2,3,,,,,,,,,,,,,,,,,,,,,,,,,,,,,9,9,6,,,,,,,,,,,,,,,,,,,,,,,,,,,,,,,,,,,18,30,1,1,2,2,1,3,3,7,5,5.666666666666667
5252,6,0,0,13,12,12,0,0,0,1,8,18,11,22,26,33,99.05865002596161,155.11451069865606,4.888888888888889,758.3376078600963,0.05170483689955202,42.12986710333868,1,,,7,12,4,4,16,16,,,4,2,,,2,2,,,,1,1,4,3,,,,1,2,,,,,,,,,,,,,,,,,,,,,,,,,,,,,,,3,5,1,,,,,,,,,,,,,,,,,,,,,,,,,,,,,,,,,,,6,16,1,2,4,2,1,3,4,10,4,6.25
5253,3,0,0,12,10,10,0,0,0,2,2,7,5,10,9,15,21.651484454403228,47.548875021634686,1.4285714285714286,67.92696431662098,0.01584962500721156,3.7737202398122767,1,,,2,10,4,4,8,8,,,4,1,,,,3,,,,,,5,,,,,2,,,,,,,,,,,,,,,,,,,,,,,,,,,,,,,,3,3,2,,,,,,,,,,,,,,,,,,,,,,,,,,,,,,,,,,,4,11,2,1,1,2,2,3,3,7,5,5.666666666666667
5254,4,0,0,19,15,15,0,0,0,4,5,13,9,18,18,27,59.715356810271004,112.58797503894243,3.4615384615384617,389.7276059040315,0.03752932501298081,21.651533661335083,1,,,2,15,6,6,11,11,,,6,1,,1,1,2,2,,,,,8,,,,,3,,,,,,,,,,,,,,,,,,,,,,,,,,,,,,,,11,,4,,,,,,,,,,,,,,,,,,,,,,,,,,,,,,,,,,,6,17,2,1,1,2,2,3,5,13,5,9.0
5255,5,0,0,34,18,17,4,4,8,5,4,16,10,20,20,30,72.0,129.65784284662087,2.5,324.14460711655215,0.043219280948873624,18.00803372869734,1,,,4,18,4,4,15,15,,,4,1,,2,,3,1,,,,,12,,,,,4,,,,,,,,,,,,,,,,,,,,,,,,,,,,,,,,9,7,9,,,,,,,,,,,,,,,,,,,,,,,,,,,,,,,,,,,4,25,3,1,1,3,2,3,9,10,2,5.888888888888889
5256,3,0,0,24,12,11,2,2,8,3,5,7,5,10,12,15,31.26112492884004,53.77443751081735,3.5714285714285716,192.0515625386334,0.017924812503605784,10.6695312521463,1,,,6,12,4,4,10,10,,,4,,,,1,1,1,,,1,,4,,,,,1,,,,,,,,,,,,,,,,,,,,,,,,,,,,,,,,3,2,5,,,,,,,,,,,,,,,,,,,,,,,,,,,,,,,,,,,4,10,2,,3,2,1,2,4,15,9,11.75
5257,6,0,0,23,11,10,2,2,8,3,4,12,11,22,16,33,51.01955000865388,132.0,3.6666666666666665,484.0,0.044,26.88888888888889,1,,,2,11,4,4,7,7,,,4,1,,,,4,,,,,2,5,,,,,,,3,,,,,,,,,,,,,,,,,,,,,,,,,,,,,,7,5,5,,,,,,,,,,,,,,,,,,,,,,,,,,,,,,,,,,,6,15,1,1,1,1,1,3,2,10,5,7.5
5258,4,0,0,25,14,13,2,2,8,2,2,8,6,12,10,18,26.0,59.794705707972525,1.5,89.69205856195879,0.019931568569324175,4.9828921423310435,1,,,7,14,4,4,11,11,,,4,,,,,3,,,,,,5,1,,,,3,,,,,,,,,,,,,,,,,,,,,,,,,,,,,,,,,5,4,,,,,,,,,,,,,,,,,,,,,,,,,,,,,,,,,,,4,15,1,,4,2,1,2,4,9,5,6.25
5259,4,0,0,24,11,10,2,2,8,4,5,10,7,14,15,21,44.82892142331043,82.0447025077789,3.5,287.15645877722613,0.02734823416925963,15.953136598734785,1,,,3,11,3,3,11,11,,,3,1,,,1,2,1,,,,,6,,,,,2,,,1,,,,,,,,,,,,,,,,,,,,,,,,,,,,,8,2,6,,,,,,,,,,,,,,,,,,,,,,,,,,,,,,,,,,,3,14,2,1,1,2,1,3,4,11,8,9.25
5260,7,0,0,13,11,11,0,0,0,2,7,12,10,20,19,30,62.67103446305711,127.43782540330756,5.833333333333333,743.3873148526274,0.042479275134435855,41.29929526959041,1,,,6,11,4,4,13,13,,,4,,,,,,1,,,2,1,3,,,,,,,1,2,,,,,1,,,,,,,,,,,,,,,,,,,,,,,,5,2,2,,,,,,,,,,,,,,,,,,,,,,,,,,,,,,,,,,,6,11,2,,4,2,1,2,3,6,3,4.333333333333333
5287,3,0,0,21,10,10,8,8,0,3,5,8,6,12,13,18,35.60964047443681,66.60791492653966,3.75,249.77968097452373,0.022202638308846556,13.876648943029096,1,,,4,10,2,2,11,11,,,2,1,,2,,1,1,,,,,6,2,,,,1,1,,,,,,,,,,,,,,,,,,,,,,,,,,,,,,,6,8,11,,,,,,,,,,,,,,,,,,,,,,,,,,,,,,,,,,,2,15,,1,2,2,0,3,4,5,4,4.5
5283,3,0,0,20,10,10,7,6,0,4,5,7,6,12,12,18,31.26112492884004,64.52932501298082,4.285714285714286,276.55425005563205,0.02150977500432694,15.36412500309067,1,,,,10,2,2,9,9,,,2,1,,2,,1,1,,,,1,6,,,,,,1,,,,,,,,,,,,,,,,,,,,,,,,,,,,,,,8,7,10,,,,,,,,,,,,,,,,,,,,,,,,,,,,,,,,,,,2,13,2,1,2,2,1,3,3,6,4,4.666666666666667
5288,3,0,0,23,10,10,9,9,0,4,6,8,7,13,14,20,39.50977500432694,76.14709844115208,4.875,371.2171049006164,0.025382366147050694,20.623172494478688,1,,,,10,2,2,9,9,,,2,1,,2,1,1,1,,,1,,6,,,,,,1,,,,,,,,,,,,,,,,,,,,,,,,,,,,,,,8,9,13,,,,,,,,,,,,,,,,,,,,,,,,,,,,,,,,,,,2,13,2,1,2,2,1,3,3,5,4,4.333333333333333
5289,3,0,0,22,10,10,9,9,0,3,6,8,7,13,14,20,39.50977500432694,76.14709844115208,4.875,371.2171049006164,0.025382366147050694,20.623172494478688,1,,,,10,2,2,11,11,,,2,1,,2,1,1,1,,,,,6,,,,,1,1,,,,,,,,,,,,,,,,,,,,,,,,,,,,,,,8,9,12,,,,,,,,,,,,,,,,,,,,,,,,,,,,,,,,,,,2,13,2,1,2,2,1,3,3,4,4,4.0
5290,3,0,0,22,10,10,9,9,0,3,6,8,7,13,14,20,39.50977500432694,76.14709844115208,4.875,371.2171049006164,0.025382366147050694,20.623172494478688,1,,,,10,2,2,11,11,,,2,1,,2,1,1,1,,,,,6,,,,,1,1,,,,,,,,,,,,,,,,,,,,,,,,,,,,,,,8,9,12,,,,,,,,,,,,,,,,,,,,,,,,,,,,,,,,,,,2,13,2,1,2,2,1,3,3,4,4,4.0
5291,3,0,0,22,10,10,8,8,0,4,5,8,6,12,13,18,35.60964047443681,66.60791492653966,3.75,249.77968097452373,0.022202638308846556,13.876648943029096,1,,,2,10,2,2,11,11,,,2,1,,2,,1,1,,,,,6,2,,,,1,1,,,,,,,,,,,,,,,,,,,,,,,,,,,,,,,6,8,12,,,,,,,,,,,,,,,,,,,,,,,,,,,,,,,,,,,2,15,,1,2,2,0,3,4,8,4,5.25
5292,3,0,0,21,10,10,8,8,0,3,5,8,6,12,13,18,35.60964047443681,66.60791492653966,3.75,249.77968097452373,0.022202638308846556,13.876648943029096,1,,,4,10,2,2,11,11,,,2,1,,2,,1,1,,,,,6,2,,,,1,1,,,,,,,,,,,,,,,,,,,,,,,,,,,,,,,6,8,11,,,,,,,,,,,,,,,,,,,,,,,,,,,,,,,,,,,2,15,,1,2,2,0,3,4,5,4,4.25
5286,3,0,0,13,10,10,0,0,0,3,6,9,7,14,15,21,44.039100017307746,82.0447025077789,4.666666666666667,382.8752783696349,0.02734823416925963,21.27084879831305,1,,,,10,2,2,9,9,,,2,1,,2,,1,1,,,,,6,,1,,,1,1,,,,,,,,,,,,,,,,,,,,,,,,,,,,,,,9,,3,,,,,,,,,,,,,,,,,,,,,,,,,,,,,,,,,,,2,13,2,1,2,2,1,3,3,5,3,4.0
5293,3,0,0,13,10,10,0,0,0,3,6,9,7,14,15,21,44.039100017307746,82.0447025077789,4.666666666666667,382.8752783696349,0.02734823416925963,21.27084879831305,1,,,,10,2,2,9,9,,,2,1,,2,,1,1,,,,,6,,1,,,1,1,,,,,,,,,,,,,,,,,,,,,,,,,,,,,,,9,,3,,,,,,,,,,,,,,,,,,,,,,,,,,,,,,,,,,,2,13,2,1,2,2,1,3,3,5,3,4.0
5269,3,0,0,13,10,10,0,0,0,3,6,9,7,14,15,21,44.039100017307746,82.0447025077789,4.666666666666667,382.8752783696349,0.02734823416925963,21.27084879831305,1,,,,10,2,2,9,9,,,2,1,,2,,1,1,,,,,6,,1,,,1,1,,,,,,,,,,,,,,,,,,,,,,,,,,,,,,,9,,3,,,,,,,,,,,,,,,,,,,,,,,,,,,,,,,,,,,2,13,2,1,2,2,1,3,3,5,3,4.0
5305,2,0,0,27,10,10,9,9,0,8,3,7,4,8,10,12,24.406371956566698,39.863137138648355,1.7142857142857142,68.33680652339717,0.013287712379549451,3.796489251299843,1,,,2,10,1,1,8,8,,,1,1,,2,,1,1,,,,,7,,,,,,,1,,,,,,,,,,,,,,,,,,,,,,,,,,,,,,4,9,17,,,,,,,,,,,,,,,,,,,,,,,,,,,,,,,,,,,3,17,2,1,1,2,2,3,7,9,1,4.571428571428571
5306,2,0,0,25,9,9,9,9,0,7,4,8,5,10,12,15,32.0,53.77443751081735,2.5,134.43609377704337,0.017924812503605784,7.468671876502409,1,,,2,9,1,1,8,8,,,1,1,,2,,1,1,,,,,7,,,,,,,1,,,,,,,,,,,,,,,,,,,,,,,,,,,,,,5,9,16,,,,,,,,,,,,,,,,,,,,,,,,,,,,,,,,,,,1,15,2,1,1,2,2,3,5,8,1,3.8
5307,2,0,0,25,9,9,9,9,0,7,3,6,4,8,9,12,20.264662506490406,38.03910001730775,2.0,76.0782000346155,0.012679700005769252,4.226566668589751,1,,,2,9,1,1,7,7,,,1,1,,2,,,1,,,,,7,,,,,,,1,,,,,,,,,,,,,,,,,,,,,,,,,,,,,,4,9,16,,,,,,,,,,,,,,,,,,,,,,,,,,,,,,,,,,,1,15,2,1,1,2,2,3,5,8,1,3.8
5308,2,0,0,25,9,9,9,9,0,7,4,9,6,12,13,18,36.52932501298081,66.60791492653966,2.6666666666666665,177.62110647077242,0.022202638308846556,9.867839248376246,1,,,2,9,1,1,8,8,,,1,1,,2,,2,1,,,,,7,,,,,,,1,,,,,,,,,,,,,,,,,,,,,,,,,,,,,,5,9,16,,,,,,,,,,,,,,,,,,,,,,,,,,,,,,,,,,,1,16,2,1,1,2,2,3,5,8,1,3.8
5309,2,0,0,25,9,9,9,9,0,7,4,9,6,12,13,18,36.52932501298081,66.60791492653966,2.6666666666666665,177.62110647077242,0.022202638308846556,9.867839248376246,1,,,2,9,1,1,8,8,,,1,1,,3,,1,1,,,1,,7,,,,,,,,,,,,,,,,,,,,,,,,,,,,,,,,,,,,,6,9,16,,,,,,,,,,,,,,,,,,,,,,,,,,,,,,,,,,,1,15,2,1,1,2,2,3,5,8,1,3.8
5310,2,0,0,27,10,10,9,9,0,8,4,9,6,12,13,18,36.52932501298081,66.60791492653966,2.6666666666666665,177.62110647077242,0.022202638308846556,9.867839248376246,1,,,2,10,1,1,8,8,,,1,1,,3,,2,1,,,1,,7,,,,,,,,,,,,,,,,,,,,,,,,,,,,,,,,,,,,,6,9,17,,,,,,,,,,,,,,,,,,,,,,,,,,,,,,,,,,,3,17,2,1,1,2,2,3,7,9,1,4.571428571428571
5311,2,0,0,11,8,8,1,1,0,2,3,6,4,8,9,12,20.264662506490406,38.03910001730775,2.0,76.0782000346155,0.012679700005769252,4.226566668589751,1,,,2,8,1,1,7,7,,,1,1,,,,1,,,,1,,4,,,,,,,,,,,,,,2,,,,,,,,,,,,,,,,,,,,,,,3,2,3,,,,,,,,,,,,,,,,,,,,,,,,,,,,,,,,,,,1,11,2,1,1,2,2,3,4,8,4,5.25
5312,2,0,0,9,7,7,0,0,0,2,3,6,4,8,9,12,20.264662506490406,38.03910001730775,2.0,76.0782000346155,0.012679700005769252,4.226566668589751,1,,,2,7,1,1,7,7,,,1,,,2,,1,,,,1,,5,,,,,,,,,,,,,,,,,,,,,,,,,,,,,,,,,,,,,2,1,2,,,,,,,,,,,,,,,,,,,,,,,,,,,,,,,,,,,1,11,3,,1,2,1,2,3,12,5,9.333333333333334
5313,2,0,0,9,7,7,0,0,0,2,3,6,4,8,9,12,20.264662506490406,38.03910001730775,2.0,76.0782000346155,0.012679700005769252,4.226566668589751,1,,,1,7,1,1,4,4,,,1,,,2,,1,,,,1,,5,,,,,,,,,,,,,,,,,,,,,,,,,,,,,,,,,,,,,2,2,2,,,,,,,,,,,,,,,,,,,,,,,,,,,,,,,,,,,1,11,1,,1,1,1,2,3,17,3,9.333333333333334
5299,2,0,0,8,7,7,0,0,0,1,3,6,4,8,9,12,20.264662506490406,38.03910001730775,2.0,76.0782000346155,0.012679700005769252,4.226566668589751,1,,,1,7,1,1,5,5,,,1,1,,2,,1,,,,,,5,,,,,,,1,,,,,,,,,,,,,,,,,,,,,,,,,,,,,,3,2,1,,,,,,,,,,,,,,,,,,,,,,,,,,,,,,,,,,,1,11,1,1,1,1,1,3,3,8,1,4.0
5300,2,0,0,7,6,6,0,0,0,1,4,6,4,8,10,12,23.509775004326936,39.863137138648355,2.6666666666666665,106.3016990363956,0.013287712379549451,5.905649946466422,1,,,1,6,1,1,5,5,,,1,1,,1,1,1,,,,,,4,,,,,,,,1,,,,,,,,,,,,,,,,,,,,,,,,,,,,,4,1,1,,,,,,,,,,,,,,,,,,,,,,,,,,,,,,,,,,,1,9,1,1,1,1,1,3,2,10,6,8.0
5301,2,0,0,8,6,6,0,0,0,2,4,6,4,8,10,12,23.509775004326936,39.863137138648355,2.6666666666666665,106.3016990363956,0.013287712379549451,5.905649946466422,1,,,1,6,1,1,4,4,,,1,,,1,1,1,,,,,1,4,,,,,,,,,,,,,,,,,,,,,,,,,,,,,,,,,,,,,3,1,2,,,,,,,,,,,,,,,,,,,,,,,,,,,,,,,,,,,1,9,1,,1,1,1,2,2,10,8,9.0
5302,2,0,0,8,7,7,0,0,0,1,4,6,4,8,10,12,23.509775004326936,39.863137138648355,2.6666666666666665,106.3016990363956,0.013287712379549451,5.905649946466422,1,,,2,7,1,1,7,7,,,1,1,,1,1,1,,,,1,,5,,,,,,,,,,,,,,,,,,,,,,,,,,,,,,,,,,,,,3,1,1,,,,,,,,,,,,,,,,,,,,,,,,,,,,,,,,,,,1,11,2,1,1,2,2,3,3,5,1,3.3333333333333335
5303,2,0,0,8,6,6,0,0,0,2,4,6,4,8,10,12,23.509775004326936,39.863137138648355,2.6666666666666665,106.3016990363956,0.013287712379549451,5.905649946466422,1,,,1,6,1,1,5,5,,,1,1,,1,1,1,,,,,,4,,,,,,,1,,,,,,,,,,,,,,,,,,,,,,,,,,,,,,3,2,2,,,,,,,,,,,,,,,,,,,,,,,,,,,,,,,,,,,1,9,1,1,1,1,1,3,2,5,4,4.5
5304,2,0,0,8,7,7,0,0,0,1,3,6,4,8,9,12,20.264662506490406,38.03910001730775,2.0,76.0782000346155,0.012679700005769252,4.226566668589751,1,,,2,7,1,1,7,7,,,1,,,2,,1,,,,1,,5,,,,,,,,,,,,,,,,,,,,,,,,,,,,,,,,,,,,,2,1,1,,,,,,,,,,,,,,,,,,,,,,,,,,,,,,,,,,,1,11,3,,1,2,1,2,3,12,5,9.333333333333334
5362,2,0,0,6,6,6,0,0,0,0,1,2,1,2,3,3,2.0,4.754887502163469,0.5,2.3774437510817346,0.0015849625007211565,0.1320802083934297,1,,,1,6,1,1,8,8,2,2,1,,,1,,1,,,,,,3,,,,,,,,,,,,,,,,,,,,,,,,,,,,,,,,,,,,,,,,,,,,,,,,,,,,,,,,,,,,,,,,,,,,,,,,,,4,12,2,2,1,2,2,4,5,5,1,3.4
5363,2,0,0,6,6,6,0,0,0,0,1,2,1,2,3,3,2.0,4.754887502163469,0.5,2.3774437510817346,0.0015849625007211565,0.1320802083934297,1,,,1,6,1,1,8,8,2,2,1,,,,,2,,,,,,3,,,,,,,,,,,,,,,,,,,,,,,,,,,,,,,,,,,,,,,,,,,,,,,,,,,,,,,,,,,,,,,,,,,,,,,,,,4,12,2,2,1,2,2,4,5,5,1,3.4
5364,2,0,0,6,6,6,0,0,0,0,1,2,1,2,3,3,2.0,4.754887502163469,0.5,2.3774437510817346,0.0015849625007211565,0.1320802083934297,1,,,2,6,1,1,9,9,3,3,1,,,1,,1,,,,,,3,,,,,,,,,,,,,,,,,,,,,,,,,,,,,,,,,,,,,,,,,,,,,,,,,,,,,,,,,,,,,,,,,,,,,,,,,,4,14,1,3,1,2,1,4,5,5,1,3.8
5365,2,0,0,6,6,6,0,0,0,0,1,2,1,2,3,3,2.0,4.754887502163469,0.5,2.3774437510817346,0.0015849625007211565,0.1320802083934297,1,,,2,6,1,1,9,9,3,3,1,,,,,2,,,,,,3,,,,,,,,,,,,,,,,,,,,,,,,,,,,,,,,,,,,,,,,,,,,,,,,,,,,,,,,,,,,,,,,,,,,,,,,,,4,14,1,3,1,2,1,4,5,5,1,3.8
5366,2,0,0,6,6,6,0,0,0,0,1,2,1,2,3,3,2.0,4.754887502163469,0.5,2.3774437510817346,0.0015849625007211565,0.1320802083934297,1,,,1,6,1,1,6,6,1,1,1,,,1,,1,,,,,,3,,,,,,,,,,,,,,,,,,,,,,,,,,,,,,,,,,,,,1,,,,,,,,,,,,,,,,,,,,,,,,,,,,,,,,,,,,,4,11,1,2,1,1,1,4,5,5,1,4.0
5367,2,0,0,7,7,7,0,0,0,0,4,7,5,10,11,15,27.651484454403228,51.89147427955947,2.857142857142857,148.26135508445563,0.01729715809318649,8.236741949136423,1,,,1,7,1,1,5,5,3,3,1,8,,1,2,2,,,,,,4,,1,,,,,,,,,,,,,,,,,,,,,,,,,,,,,,,,,,,13,,,,,,,,,,,,,,,,,,,,,,,,,,,,,,,,,,,,,4,15,,1,1,1,0,3,6,10,1,4.5
5368,2,0,0,6,6,6,0,0,0,0,1,2,1,2,3,3,2.0,4.754887502163469,0.5,2.3774437510817346,0.0015849625007211565,0.1320802083934297,1,,,1,6,1,1,6,6,1,1,1,,,,,2,,,,,,3,,,,,,,,,,,,,,,,,,,,,,,,,,,,,,,,,,,,,1,,,,,,,,,,,,,,,,,,,,,,,,,,,,,,,,,,,,,4,11,1,2,1,1,1,4,5,5,1,4.0
5369,2,0,0,7,7,7,0,0,0,0,4,7,5,10,11,15,27.651484454403228,51.89147427955947,2.857142857142857,148.26135508445563,0.01729715809318649,8.236741949136423,1,,,1,7,1,1,5,5,3,3,1,8,,1,2,2,,,,,,4,,1,,,,,,,,,,,,,,,,,,,,,,,,,,,,,,,,,,,13,,,,,,,,,,,,,,,,,,,,,,,,,,,,,,,,,,,,,4,15,,1,1,1,0,3,6,10,1,4.5
5370,3,0,0,7,7,7,0,0,0,0,3,5,3,6,8,9,16.36452797660028,27.0,1.8,48.6,0.009,2.7,1,,,1,7,2,2,6,6,2,2,2,,,1,1,1,,,,1,,3,,,,,,,,,,,,,,,,,,,,,,,,,,,,,,,,,,,,,2,,,,,,,,,,,,,,,,,,,,,,,,,,,,,,,,,,,,,7,12,1,2,1,1,1,4,5,5,1,3.8
5371,3,0,0,7,7,7,0,0,0,0,3,5,3,6,8,9,16.36452797660028,27.0,1.8,48.6,0.009,2.7,1,,,1,7,2,2,6,6,2,2,2,,,1,1,1,,,,,1,3,,,,,,,,,,,,,,,,,,,,,,,,,,,,,,,,,,,,,2,,,,,,,,,,,,,,,,,,,,,,,,,,,,,,,,,,,,,7,12,1,2,1,1,1,4,5,5,1,3.8
5374,7,0,0,27,12,11,1,1,9,6,4,21,10,23,25,33,100.23866587835397,153.24725426256592,2.1904761904761907,335.68446171800156,0.05108241808752197,18.649136762111198,1,,,7,12,3,3,8,8,5,5,3,1,,3,,1,,,,1,,6,1,,,,5,,,,,,,,,,,,,,,,,,,,,,,,,,,,,,,,4,3,5,,,,,,,,,,,,,,,,,,,,,,,,,,,,,,,,,,,9,24,,2,1,1,0,4,5,7,1,4.6
5382,7,0,0,11,11,11,0,0,0,0,4,21,10,23,25,33,100.23866587835397,153.24725426256592,2.1904761904761907,335.68446171800156,0.05108241808752197,18.649136762111198,1,,,6,11,3,3,6,6,5,5,3,1,,3,,1,,,,1,,6,,,,,5,,,,,,,,,,,,,,,,,,,,,,,,,,,,,,,,4,2,,,,,,,,,,,,,,,,,,,,,,,,,,,,,,,,,,,,9,23,,2,1,1,0,4,4,7,1,4.5
5383,7,0,0,11,11,11,0,0,0,0,4,21,10,23,25,33,100.23866587835397,153.24725426256592,2.1904761904761907,335.68446171800156,0.05108241808752197,18.649136762111198,1,,,6,11,3,3,8,8,5,5,3,1,,3,,1,,,,1,,6,1,,,,5,,,,,,,,,,,,,,,,,,,,,,,,,,,,,,,,4,2,,,,,,,,,,,,,,,,,,,,,,,,,,,,,,,,,,,,9,24,,2,1,1,0,4,5,7,1,4.6
5384,7,0,0,11,11,11,0,0,0,0,4,21,10,23,25,33,100.23866587835397,153.24725426256592,2.1904761904761907,335.68446171800156,0.05108241808752197,18.649136762111198,1,,,6,11,3,3,8,8,5,5,3,1,,3,,1,,,,1,,6,1,,,,5,,,,,,,,,,,,,,,,,,,,,,,,,,,,,,,,4,2,,,,,,,,,,,,,,,,,,,,,,,,,,,,,,,,,,,,9,24,,2,1,1,0,4,5,7,1,4.6
5385,7,0,0,11,11,11,0,0,0,0,4,21,10,23,25,33,100.23866587835397,153.24725426256592,2.1904761904761907,335.68446171800156,0.05108241808752197,18.649136762111198,1,,,6,11,3,3,8,8,5,5,3,1,,3,,1,,,,1,,6,1,,,,5,,,,,,,,,,,,,,,,,,,,,,,,,,,,,,,,4,2,,,,,,,,,,,,,,,,,,,,,,,,,,,,,,,,,,,,9,24,,2,1,1,0,4,5,7,1,4.6
5386,7,0,0,11,11,11,0,0,0,0,4,21,10,23,25,33,100.23866587835397,153.24725426256592,2.1904761904761907,335.68446171800156,0.05108241808752197,18.649136762111198,1,,,6,11,3,3,8,8,5,5,3,1,,3,,1,,,,1,,6,1,,,,5,,,,,,,,,,,,,,,,,,,,,,,,,,,,,,,,4,2,,,,,,,,,,,,,,,,,,,,,,,,,,,,,,,,,,,,9,24,,2,1,1,0,4,5,7,1,4.6
5387,7,0,0,11,11,11,0,0,0,0,4,21,10,23,25,33,100.23866587835397,153.24725426256592,2.1904761904761907,335.68446171800156,0.05108241808752197,18.649136762111198,1,,,6,11,3,3,8,8,5,5,3,1,,3,,1,,,,1,,6,1,,,,5,,,,,,,,,,,,,,,,,,,,,,,,,,,,,,,,4,2,,,,,,,,,,,,,,,,,,,,,,,,,,,,,,,,,,,,9,24,,2,1,1,0,4,5,7,1,4.6
5388,7,0,0,11,11,11,0,0,0,0,4,21,10,23,25,33,100.23866587835397,153.24725426256592,2.1904761904761907,335.68446171800156,0.05108241808752197,18.649136762111198,1,,,6,11,3,3,8,8,5,5,3,1,,3,,1,,,,1,,6,1,,,,5,,,,,,,,,,,,,,,,,,,,,,,,,,,,,,,,4,2,,,,,,,,,,,,,,,,,,,,,,,,,,,,,,,,,,,,9,24,,2,1,1,0,4,5,7,1,4.6
5389,7,0,0,10,10,10,0,0,0,0,4,21,10,23,25,33,100.23866587835397,153.24725426256592,2.1904761904761907,335.68446171800156,0.05108241808752197,18.649136762111198,1,,,6,10,3,3,8,8,5,5,3,1,,3,,,,,,1,,6,1,,,,5,,,,,,,,,,,,,,,,,,,,,,,,,,,,,,,,4,2,,,,,,,,,,,,,,,,,,,,,,,,,,,,,,,,,,,,7,23,,2,1,1,0,4,4,7,1,4.5
5390,7,0,0,11,11,11,0,0,0,0,4,21,10,23,25,33,100.23866587835397,153.24725426256592,2.1904761904761907,335.68446171800156,0.05108241808752197,18.649136762111198,1,,,6,11,3,3,8,8,5,5,3,1,,3,,1,,,,1,,6,1,,,,5,,,,,,,,,,,,,,,,,,,,,,,,,,,,,,,,4,2,,,,,,,,,,,,,,,,,,,,,,,,,,,,,,,,,,,,9,24,,2,1,1,0,4,5,7,1,4.6
5161,1,0,0,5,3,3,0,0,0,2,2,5,3,6,7,9,13.60964047443681,25.26619429851844,1.2,30.319433158222125,0.008422064766172813,1.6844129532345624,1,,,1,3,,,5,5,,,,1,,2,,1,,,,,,2,,,,,,,,,,,,,,,,,,,,,,,,,,,,,,,,,,,,,2,1,2,,,,,,,,,,,,,,,,,,,,,,,,,,,,,,,,,,,,5,1,1,1,1,1,3,2,11,5,8.0
5197,2,0,0,10,7,7,1,1,0,2,2,4,2,4,6,6,10.0,15.509775004326936,1.0,15.509775004326936,0.005169925001442312,0.861654166907052,1,,,4,7,2,2,6,6,,,2,,,,,1,,,,,1,3,,,,,,,,,,,,,,,,,,,,,,,,,,,,,,,,,,,,,,2,3,,,,,,,,,,,,,,,,,,,,,,,,,,,,,,,,,,,2,6,2,,2,2,1,2,3,9,5,6.333333333333333
5188,2,0,0,10,7,7,1,1,0,2,2,4,2,4,6,6,10.0,15.509775004326936,1.0,15.509775004326936,0.005169925001442312,0.861654166907052,1,,,4,7,2,2,6,6,,,2,,,,,1,,,,,1,3,,,,,,,,,,,,,,,,,,,,,,,,,,,,,,,,,,,,,,2,3,,,,,,,,,,,,,,,,,,,,,,,,,,,,,,,,,,,2,6,2,,2,2,1,2,3,9,5,6.333333333333333
5189,2,0,0,7,5,5,1,1,0,1,2,4,3,6,6,9,10.0,23.264662506490403,1.5,34.89699375973561,0.007754887502163467,1.938721875540867,1,,,3,5,2,2,6,6,,,2,4,,,,2,,,,1,,1,,,,,,,,,,,,,,,,,,,,,,,,,,,,,,,,,,,,,3,3,2,,,,,,,,,,,,,,,,,,,,,,,,,,,,,,,,,,,2,4,1,2,2,1,1,3,1,7,7,7.0
5190,2,0,0,12,10,10,0,0,0,2,3,7,5,10,10,15,24.406371956566698,49.82892142331044,2.142857142857143,106.77626019280808,0.016609640474436815,5.932014455156004,1,,,4,10,2,2,9,9,,,2,1,,2,,2,,,,,,6,,,,,1,,,,,,,,,,,,,,,,,,,,,,,,,,,,,,,,2,2,2,,,,,,,,,,,,,,,,,,,,,,,,,,,,,,,,,,,2,13,2,1,2,2,2,3,4,12,3,6.75
5191,2,0,0,14,10,10,0,0,0,4,3,6,3,6,9,9,20.264662506490406,28.529325012980813,1.5,42.793987519471216,0.009509775004326938,2.377443751081734,1,,,5,10,2,2,6,6,,,2,1,,,,1,1,,,,1,6,,,,,,,,,,,,,,,,,,,,,,,,,,,,,,,,,,,,,2,,4,,,,,,,,,,,,,,,,,,,,,,,,,,,,,,,,,,,2,12,2,,2,2,1,2,5,5,1,2.2
5192,2,0,0,13,9,9,0,0,0,4,2,4,2,4,6,6,10.0,15.509775004326936,1.0,15.509775004326936,0.005169925001442312,0.861654166907052,1,,,3,9,2,2,5,5,,,2,1,,,,1,,,,,1,5,,,,,,,,,,,,,,,,,,,,,,,,,,,,,,,,,,,,,2,1,4,,,,,,,,,,,,,,,,,,,,,,,,,,,,,,,,,,,2,10,1,1,2,1,1,3,4,5,1,2.5
5193,,,,17,8,12,1,1,0,4,,,,,,,,,,,,,1,,,3,1,,,6,6,,,,9,7,3,2,5,,,4,,,1,,,3,3,,,1,,,,,,,,,,,,,,,,,,,,,,,,,,,,,,6,3,16,,,,,,,,,,,,,,,,,,,,,,,,,,,,,,,,,,,3,22,3,,,,2,0,8,12,4,5.875
5194,2,0,0,13,10,10,1,1,0,2,3,7,5,10,10,15,24.406371956566698,49.82892142331044,2.142857142857143,106.77626019280808,0.016609640474436815,5.932014455156004,1,,,6,10,2,2,9,9,,,2,2,,,2,2,,,,,,6,1,,,,1,,,,,,,,,,,,,,,,,,,,,,,,,,,,,,,,1,3,3,,,,,,,,,,,,,,,,,,,,,,,,,,,,,,,,,,,2,14,1,1,2,2,1,3,5,13,3,8.4
5196,2,0,0,11,9,9,0,0,0,2,3,6,5,10,9,15,20.264662506490406,47.548875021634686,2.5,118.87218755408671,0.01584962500721156,6.604010419671484,1,,,4,9,2,2,7,7,,,2,2,,2,,2,,,,,,5,,,,,,,1,,,,,,,,,,,,,,,,,,,,,,,,,,,,,,1,3,2,,,,,,,,,,,,,,,,,,,,,,,,,,,,,,,,,,,2,12,1,1,2,1,1,3,3,12,3,8.333333333333334
5231,5,0,0,10,9,9,0,0,0,1,3,10,9,18,13,27,37.974168451037094,99.91187238980949,2.7,269.76205545248564,0.03330395746326983,14.986780858471425,1,,,4,9,4,4,10,10,,,4,,,,,,,,,,,1,,4,,,4,,,,,,,,,,,,,,,,,,,,,,,,,,,,,,,,8,,1,,,,,,,,,,,,,,,,,,,,,,,,,,,,,,,,,,,5,6,1,,4,1,1,2,1,1,1,1.0
5233,5,0,0,10,9,9,0,0,0,1,3,10,9,18,13,27,37.974168451037094,99.91187238980949,2.7,269.76205545248564,0.03330395746326983,14.986780858471425,1,,,4,9,4,4,10,10,,,4,,,,,,,,,,,1,,4,,,4,,,,,,,,,,,,,,,,,,,,,,,,,,,,,,,,8,,1,,,,,,,,,,,,,,,,,,,,,,,,,,,,,,,,,,,5,6,1,,4,1,1,2,1,1,1,1.0
5234,5,0,0,10,9,9,0,0,0,1,3,10,9,18,13,27,37.974168451037094,99.91187238980949,2.7,269.76205545248564,0.03330395746326983,14.986780858471425,1,,,4,9,4,4,10,10,,,4,,,,,,,,,,,1,,4,,,4,,,,,,,,,,,,,,,,,,,,,,,,,,,,,,,,8,,1,,,,,,,,,,,,,,,,,,,,,,,,,,,,,,,,,,,5,6,1,,4,1,1,2,1,1,1,1.0
5235,5,0,0,10,9,9,0,0,0,1,3,10,9,18,13,27,37.974168451037094,99.91187238980949,2.7,269.76205545248564,0.03330395746326983,14.986780858471425,1,,,4,9,4,4,10,10,,,4,,,,,,,,,,,1,,4,,,4,,,,,,,,,,,,,,,,,,,,,,,,,,,,,,,,8,,1,,,,,,,,,,,,,,,,,,,,,,,,,,,,,,,,,,,5,6,1,,4,1,1,2,1,1,1,1.0
5236,5,0,0,10,9,9,0,0,0,1,3,10,9,18,13,27,37.974168451037094,99.91187238980949,2.7,269.76205545248564,0.03330395746326983,14.986780858471425,1,,,4,9,4,4,10,10,,,4,,,,,,,,,,,1,,4,,,4,,,,,,,,,,,,,,,,,,,,,,,,,,,,,,,,8,,1,,,,,,,,,,,,,,,,,,,,,,,,,,,,,,,,,,,5,6,1,,4,1,1,2,1,1,1,1.0
5237,7,0,0,12,11,11,0,0,0,1,3,17,15,30,20,45,74.24175580341925,194.4867642699313,2.6470588235294117,514.8179054204064,0.06482892142331044,28.600994745578134,1,,,7,11,4,4,16,16,,,4,,,,,,,,,,,3,,6,,,6,,,,,,,,,,,,,,,,,,,,,,,,,,,,,,,,12,,1,,,,,,,,,,,,,,,,,,,,,,,,,,,,,,,,,,,7,9,3,,4,3,1,2,3,2,2,2.0
5238,7,0,0,12,11,11,0,0,0,1,2,10,9,18,12,27,35.219280948873624,96.79398751947123,1.8,174.22917753504822,0.03226466250649041,9.679398751947124,1,,,7,11,4,4,16,16,,,4,,,,,,,,,,,3,,,,,,,,6,,,,,,,,,,,,,,,,,,,,,,,,,,,,,6,,1,,,,,,,,,,,,,,,,,,,,,,,,,,,,,,,,,,,7,9,3,,4,3,1,2,3,2,2,2.0
5239,8,0,0,16,15,15,0,0,0,1,4,10,8,16,14,24,41.219280948873624,91.37651812938249,3.2,292.404858014024,0.03045883937646083,16.244714334112444,1,,,8,15,7,7,15,15,,,7,,,,,,,,,1,1,1,,,,,,,,5,,,,,,,,,,,,,,,,,,,,,,,,,,,,,7,,1,,,,,,,,,,,,,,,,,,,,,,,,,,,,,,,,,,,8,8,1,,7,1,1,2,1,1,1,1.0
5240,6,0,0,12,10,10,0,0,0,2,5,17,15,30,22,45,81.0965087756926,200.67442283867837,4.411764705882353,885.3283360529929,0.06689147427955945,49.1849075584996,1,,,1,10,4,4,7,7,,,4,1,,4,,4,,,,3,,5,,,,,,,,2,,,,,,,,,,,,,,,,,,,,,,,,,,,,,10,4,2,,,,,,,,,,,,,,,,,,,,,,,,,,,,,,,,,,,6,15,1,1,1,1,1,3,2,7,1,4.0
5241,4,0,0,14,11,11,0,0,0,3,3,13,11,22,16,33,52.860603837997665,132.0,2.5384615384615383,335.07692307692304,0.044,18.615384615384613,1,,,1,11,4,4,7,7,,,4,1,,,,4,,,,3,,2,,,,,,,,,,,,,,4,,,,,,,,,,,,,,,,,,,,,,,7,2,3,,,,,,,,,,,,,,,,,,,,,,,,,,,,,,,,,,,4,14,1,1,1,1,1,3,2,5,1,3.0
5294,2,0,0,25,9,9,9,9,0,7,4,9,6,12,13,18,36.52932501298081,66.60791492653966,2.6666666666666665,177.62110647077242,0.022202638308846556,9.867839248376246,1,,,2,9,1,1,8,8,,,1,1,,2,,2,1,,,,,7,,,,,,,1,,,,,,,,,,,,,,,,,,,,,,,,,,,,,,5,9,16,,,,,,,,,,,,,,,,,,,,,,,,,,,,,,,,,,,1,16,2,1,1,2,2,3,5,8,1,3.8
5295,2,0,0,25,9,9,9,9,0,7,4,9,6,12,13,18,36.52932501298081,66.60791492653966,2.6666666666666665,177.62110647077242,0.022202638308846556,9.867839248376246,1,,,2,9,1,1,8,8,,,1,1,,3,,1,1,,,1,,7,,,,,,,,,,,,,,,,,,,,,,,,,,,,,,,,,,,,,6,9,16,,,,,,,,,,,,,,,,,,,,,,,,,,,,,,,,,,,1,15,2,1,1,2,2,3,5,8,1,3.8
5296,2,0,0,27,10,10,9,9,0,8,4,9,6,12,13,18,36.52932501298081,66.60791492653966,2.6666666666666665,177.62110647077242,0.022202638308846556,9.867839248376246,1,,,2,10,1,1,8,8,,,1,1,,3,,2,1,,,1,,7,,,,,,,,,,,,,,,,,,,,,,,,,,,,,,,,,,,,,6,9,17,,,,,,,,,,,,,,,,,,,,,,,,,,,,,,,,,,,3,17,2,1,1,2,2,3,7,9,1,4.571428571428571
5298,2,0,0,9,7,7,0,0,0,2,3,6,4,8,9,12,20.264662506490406,38.03910001730775,2.0,76.0782000346155,0.012679700005769252,4.226566668589751,1,,,2,7,1,1,7,7,,,1,,,2,,1,,,,1,,5,,,,,,,,,,,,,,,,,,,,,,,,,,,,,,,,,,,,,2,1,2,,,,,,,,,,,,,,,,,,,,,,,,,,,,,,,,,,,1,11,3,,1,2,1,2,3,12,5,9.333333333333334
5297,2,0,0,9,7,7,0,0,0,2,3,6,4,8,9,12,20.264662506490406,38.03910001730775,2.0,76.0782000346155,0.012679700005769252,4.226566668589751,1,,,1,7,1,1,4,4,,,1,,,2,,1,,,,1,,5,,,,,,,,,,,,,,,,,,,,,,,,,,,,,,,,,,,,,2,2,2,,,,,,,,,,,,,,,,,,,,,,,,,,,,,,,,,,,1,11,1,,1,1,1,2,3,17,3,9.333333333333334
5019,5,0,0,16,13,13,0,0,0,3,7,11,11,22,18,33,57.705232259413506,137.6075250475963,7.0,963.2526753331742,0.04586917501586544,53.51403751850968,1,,,1,13,3,3,16,16,,,3,3,,3,,3,,,,1,1,7,,,,,,,1,1,,,,,,,,,,,,,,,,,,,,,,,,,,,,,7,3,3,,,,,,,,,,,,,,,,,,,,,,,,,,,,,,,,,,,4,23,1,3,3,1,1,3,2,13,12,12.5
5626,2,0,0,10,7,7,1,1,0,2,2,4,2,4,6,6,10.0,15.509775004326936,1.0,15.509775004326936,0.005169925001442312,0.861654166907052,1,,,4,7,2,2,6,6,,,2,,,,,1,,,,,1,3,,,,,,,,,,,,,,,,,,,,,,,,,,,,,,,,,,,,,,2,3,,,,,,,,,,,,,,,,,,,,,,,,,,,,,,,,,,,2,6,2,,2,2,1,2,3,9,5,6.333333333333333
5624,2,0,0,7,7,7,0,0,0,0,3,6,4,8,9,12,20.264662506490406,38.03910001730775,2.0,76.0782000346155,0.012679700005769252,4.226566668589751,1,,,1,7,2,2,5,5,,,2,1,,1,,2,,,,1,,4,,,,,,,,,,,,,,,,,,,,,,,,,,,,,,,,,,,,,3,2,,,,,,,,,,,,,,,,,,,,,,,,,,,,,,,,,,,,2,9,1,1,1,1,1,3,3,7,5,6.0
5622,2,0,0,10,7,7,0,0,0,3,3,6,4,8,9,12,20.264662506490406,38.03910001730775,2.0,76.0782000346155,0.012679700005769252,4.226566668589751,1,,,1,7,2,2,5,5,,,2,1,,1,,2,,,,,,4,,,,,,,1,,,,,,,,,,,,,,,,,,,,,,,,,,,,,,3,2,3,,,,,,,,,,,,,,,,,,,,,,,,,,,,,,,,,,,2,9,1,1,1,1,1,3,3,7,5,6.0
5627,2,0,0,12,10,10,0,0,0,2,3,7,5,10,10,15,24.406371956566698,49.82892142331044,2.142857142857143,106.77626019280808,0.016609640474436815,5.932014455156004,1,,,4,10,2,2,9,9,,,2,1,,2,,2,,,,,,6,,,,,1,,,,,,,,,,,,,,,,,,,,,,,,,,,,,,,,2,2,2,,,,,,,,,,,,,,,,,,,,,,,,,,,,,,,,,,,2,13,2,1,2,2,2,3,4,12,3,6.75
5625,2,0,0,18,11,11,4,4,0,3,3,11,7,14,14,21,42.808635307173745,79.95445336320968,1.9090909090909092,152.64032005703666,0.026651484454403226,8.480017780946481,1,,,4,11,2,2,8,8,,,2,,,2,,4,,,,,,8,,,,,1,,,,,,,,,,,,,,,,,,,,,,,,,,,,,,,,,7,7,,,,,,,,,,,,,,,,,,,,,,,,,,,,,,,,,,,2,18,2,,1,3,1,2,7,7,2,4.857142857142857
5623,2,0,0,18,11,11,4,4,0,3,3,11,7,14,14,21,42.808635307173745,79.95445336320968,1.9090909090909092,152.64032005703666,0.026651484454403226,8.480017780946481,1,,,4,11,2,2,8,8,,,2,,,2,,4,,,,,,8,,,,,1,,,,,,,,,,,,,,,,,,,,,,,,,,,,,,,,,7,7,,,,,,,,,,,,,,,,,,,,,,,,,,,,,,,,,,,2,18,2,,1,3,1,2,7,7,3,4.714285714285714
5924,1,0,0,8,3,3,3,3,0,2,1,2,1,2,3,3,2.0,4.754887502163469,0.5,2.3774437510817346,0.0015849625007211565,0.1320802083934297,1,,,1,3,,,3,3,,,,,,,,1,,,,,,2,,,,,,,,,,,,,,,,,,,,,,,,,,,,,,,,,,,,,1,3,5,,,,,,,,,,,,,,,,,,,,,,,,,,,,,,,,,,,,4,1,,1,1,1,2,2,9,4,6.5
5930,1,0,0,5,3,3,0,0,0,2,2,5,3,6,7,9,13.60964047443681,25.26619429851844,1.2,30.319433158222125,0.008422064766172813,1.6844129532345624,1,,,1,3,,,5,5,,,,1,,2,,1,,,,,,2,,,,,,,,,,,,,,,,,,,,,,,,,,,,,,,,,,,,,2,1,2,,,,,,,,,,,,,,,,,,,,,,,,,,,,,,,,,,,,5,1,1,1,1,1,3,2,11,5,8.0
5918,1,0,0,8,3,3,3,3,0,2,1,2,1,2,3,3,2.0,4.754887502163469,0.5,2.3774437510817346,0.0015849625007211565,0.1320802083934297,1,,,1,3,,,3,3,,,,,,,,1,,,,,,2,,,,,,,,,,,,,,,,,,,,,,,,,,,,,,,,,,,,,1,3,5,,,,,,,,,,,,,,,,,,,,,,,,,,,,,,,,,,,,4,1,,1,1,1,2,2,9,4,6.5
5935,1,0,0,6,4,4,0,0,0,2,2,7,4,8,9,12,21.651484454403228,38.03910001730775,1.1428571428571428,43.47325716263743,0.012679700005769252,2.415180953479857,1,,,1,4,,,4,4,,,,1,,2,,2,,,,,,3,,,,,,,,,,,,,,,,,,,,,,,,,,,,,,,,,,,,,2,2,2,,,,,,,,,,,,,,,,,,,,,,,,,,,,,,,,,,,,7,1,1,1,1,1,3,2,11,5,8.0
5921,1,0,0,8,3,3,3,3,0,2,1,2,1,2,3,3,2.0,4.754887502163469,0.5,2.3774437510817346,0.0015849625007211565,0.1320802083934297,1,,,1,3,,,3,3,,,,,,,,1,,,,,,2,,,,,,,,,,,,,,,,,,,,,,,,,,,,,,,,,,,,,1,3,5,,,,,,,,,,,,,,,,,,,,,,,,,,,,,,,,,,,,4,1,,1,1,1,2,2,9,4,6.5
5936,1,0,0,6,4,4,0,0,0,2,2,7,4,8,9,12,21.651484454403228,38.03910001730775,1.1428571428571428,43.47325716263743,0.012679700005769252,2.415180953479857,1,,,1,4,,,4,4,,,,1,,2,,2,,,,,,3,,,,,,,,,,,,,,,,,,,,,,,,,,,,,,,,,,,,,2,2,2,,,,,,,,,,,,,,,,,,,,,,,,,,,,,,,,,,,,7,1,1,1,1,1,3,2,11,7,9.0
5929,1,0,0,6,4,4,0,0,0,2,2,7,4,8,9,12,21.651484454403228,38.03910001730775,1.1428571428571428,43.47325716263743,0.012679700005769252,2.415180953479857,1,,,1,4,,,4,4,,,,1,,2,,2,,,,,,3,,,,,,,,,,,,,,,,,,,,,,,,,,,,,,,,,,,,,2,2,2,,,,,,,,,,,,,,,,,,,,,,,,,,,,,,,,,,,,7,1,1,1,1,1,3,2,9,6,7.5
5925,1,0,0,8,3,3,3,3,0,2,1,2,1,2,3,3,2.0,4.754887502163469,0.5,2.3774437510817346,0.0015849625007211565,0.1320802083934297,1,,,1,3,,,3,3,,,,,,,,1,,,,,,2,,,,,,,,,,,,,,,,,,,,,,,,,,,,,,,,,,,,,1,3,5,,,,,,,,,,,,,,,,,,,,,,,,,,,,,,,,,,,,4,1,,1,1,1,2,2,9,4,6.5
5916,1,0,0,8,3,3,3,3,0,2,1,2,1,2,3,3,2.0,4.754887502163469,0.5,2.3774437510817346,0.0015849625007211565,0.1320802083934297,1,,,1,3,,,3,3,,,,,,,,1,,,,,,2,,,,,,,,,,,,,,,,,,,,,,,,,,,,,,,,,,,,,1,3,5,,,,,,,,,,,,,,,,,,,,,,,,,,,,,,,,,,,,4,1,,1,1,1,2,2,9,4,6.5
5917,1,0,0,8,3,3,3,3,0,2,1,2,1,2,3,3,2.0,4.754887502163469,0.5,2.3774437510817346,0.0015849625007211565,0.1320802083934297,1,,,1,3,,,3,3,,,,,,,,1,,,,,,2,,,,,,,,,,,,,,,,,,,,,,,,,,,,,,,,,,,,,1,3,5,,,,,,,,,,,,,,,,,,,,,,,,,,,,,,,,,,,,4,1,,1,1,1,2,2,9,4,6.5
5937,1,0,0,6,4,4,0,0,0,2,2,7,4,8,9,12,21.651484454403228,38.03910001730775,1.1428571428571428,43.47325716263743,0.012679700005769252,2.415180953479857,1,,,1,4,,,4,4,,,,1,,2,,2,,,,,,3,,,,,,,,,,,,,,,,,,,,,,,,,,,,,,,,,,,,,2,2,2,,,,,,,,,,,,,,,,,,,,,,,,,,,,,,,,,,,,7,1,1,1,1,1,3,2,12,11,11.5
5909,1,0,0,8,3,3,3,3,0,2,1,2,1,2,3,3,2.0,4.754887502163469,0.5,2.3774437510817346,0.0015849625007211565,0.1320802083934297,1,,,1,3,,,3,3,,,,,,,,1,,,,,,2,,,,,,,,,,,,,,,,,,,,,,,,,,,,,,,,,,,,,1,3,5,,,,,,,,,,,,,,,,,,,,,,,,,,,,,,,,,,,,4,1,,1,1,1,2,2,9,4,6.5
5932,1,0,0,6,4,4,0,0,0,2,2,7,4,8,9,12,21.651484454403228,38.03910001730775,1.1428571428571428,43.47325716263743,0.012679700005769252,2.415180953479857,1,,,1,4,,,4,4,,,,1,,2,,2,,,,,,3,,,,,,,,,,,,,,,,,,,,,,,,,,,,,,,,,,,,,2,2,2,,,,,,,,,,,,,,,,,,,,,,,,,,,,,,,,,,,,7,1,1,1,1,1,3,2,11,7,9.0
5920,1,0,0,8,3,3,3,3,0,2,1,2,1,2,3,3,2.0,4.754887502163469,0.5,2.3774437510817346,0.0015849625007211565,0.1320802083934297,1,,,1,3,,,3,3,,,,,,,,1,,,,,,2,,,,,,,,,,,,,,,,,,,,,,,,,,,,,,,,,,,,,1,3,5,,,,,,,,,,,,,,,,,,,,,,,,,,,,,,,,,,,,4,1,,1,1,1,2,2,9,4,6.5
5922,1,0,0,8,3,3,3,3,0,2,1,2,1,2,3,3,2.0,4.754887502163469,0.5,2.3774437510817346,0.0015849625007211565,0.1320802083934297,1,,,1,3,,,3,3,,,,,,,,1,,,,,,2,,,,,,,,,,,,,,,,,,,,,,,,,,,,,,,,,,,,,1,3,5,,,,,,,,,,,,,,,,,,,,,,,,,,,,,,,,,,,,4,1,,1,1,1,2,2,9,4,6.5
5915,1,0,0,8,3,3,3,3,0,2,1,2,1,2,3,3,2.0,4.754887502163469,0.5,2.3774437510817346,0.0015849625007211565,0.1320802083934297,1,,,1,3,,,3,3,,,,,,,,1,,,,,,2,,,,,,,,,,,,,,,,,,,,,,,,,,,,,,,,,,,,,1,3,5,,,,,,,,,,,,,,,,,,,,,,,,,,,,,,,,,,,,4,1,,1,1,1,2,2,9,4,6.5
5919,1,0,0,8,3,3,3,3,0,2,1,2,1,2,3,3,2.0,4.754887502163469,0.5,2.3774437510817346,0.0015849625007211565,0.1320802083934297,1,,,1,3,,,3,3,,,,,,,,1,,,,,,2,,,,,,,,,,,,,,,,,,,,,,,,,,,,,,,,,,,,,1,3,5,,,,,,,,,,,,,,,,,,,,,,,,,,,,,,,,,,,,4,1,,1,1,1,2,2,9,4,6.5
5931,1,0,0,6,4,4,0,0,0,2,2,7,4,8,9,12,21.651484454403228,38.03910001730775,1.1428571428571428,43.47325716263743,0.012679700005769252,2.415180953479857,1,,,1,4,,,4,4,,,,1,,2,,2,,,,,,3,,,,,,,,,,,,,,,,,,,,,,,,,,,,,,,,,,,,,2,2,2,,,,,,,,,,,,,,,,,,,,,,,,,,,,,,,,,,,,7,1,1,1,1,1,3,2,9,7,8.0
5923,1,0,0,8,3,3,3,3,0,2,1,2,1,2,3,3,2.0,4.754887502163469,0.5,2.3774437510817346,0.0015849625007211565,0.1320802083934297,1,,,1,3,,,3,3,,,,,,,,1,,,,,,2,,,,,,,,,,,,,,,,,,,,,,,,,,,,,,,,,,,,,1,3,5,,,,,,,,,,,,,,,,,,,,,,,,,,,,,,,,,,,,4,1,,1,1,1,2,2,9,4,6.5
6024,2,0,0,10,8,8,0,0,0,2,2,5,3,6,7,9,13.60964047443681,25.26619429851844,1.2,30.319433158222125,0.008422064766172813,1.6844129532345624,1,,,3,8,2,2,6,6,,,2,2,,,,2,,,,,1,3,,,,,,,,,,,,,,,,,,,,,,,,,,,,,,,,,,,,,3,1,2,,,,,,,,,,,,,,,,,,,,,,,,,,,,,,,,,,,2,7,1,1,3,1,1,3,2,16,5,10.5
6026,3,0,0,15,13,13,5,0,0,2,2,9,6,12,11,18,30.529325012980813,62.26976913547136,1.3333333333333333,83.02635884729514,0.020756589711823786,4.612575491516397,1,,,3,13,3,3,15,15,,,3,,,,,4,,,,,2,7,,,,,,,,,,,,,,,,,,,,,,,,,,,,,,,,,,,,,,5,2,,,,,,,,,,,,,,,,,,,,,,,,,,,,,,,,,,,3,17,5,,3,5,2,2,7,17,7,10.857142857142858
5955,3,0,0,31,17,16,4,4,8,3,4,13,8,16,17,24,56.105716335834195,98.09910819000817,2.4615384615384617,241.47472785232782,0.03269970273000272,13.415262658462657,1,,,8,17,4,4,15,15,,,4,1,,2,,4,,,,,,9,,,,,1,,,1,,,,,,,,,,,,,,,,,,,,,,,,,,,,,1,7,7,,,,,,,,,,,,,,,,,,,,,,,,,,,,,,,,,,,4,21,3,1,3,4,2,3,8,10,4,6.125
5998,2,0,0,8,6,6,0,0,0,2,2,4,3,6,6,9,10.0,23.264662506490403,1.5,34.89699375973561,0.007754887502163467,1.938721875540867,1,,,,6,2,2,4,4,,,2,1,,,,2,,,,1,,3,,,,,,,,,,,,,,,,,,,,,,,,,,,,,,,,,,,,,2,2,2,,,,,,,,,,,,,,,,,,,,,,,,,,,,,,,,,,,2,7,1,1,1,1,1,3,2,15,5,10.0
5999,2,0,0,8,6,6,0,0,0,2,2,4,3,6,6,9,10.0,23.264662506490403,1.5,34.89699375973561,0.007754887502163467,1.938721875540867,1,,,,6,2,2,4,4,,,2,1,,,,2,,,,1,,3,,,,,,,,,,,,,,,,,,,,,,,,,,,,,,,,,,,,,2,2,2,,,,,,,,,,,,,,,,,,,,,,,,,,,,,,,,,,,2,7,1,1,1,1,1,3,2,18,5,11.5
6000,2,0,0,8,6,6,0,0,0,2,2,4,3,6,6,9,10.0,23.264662506490403,1.5,34.89699375973561,0.007754887502163467,1.938721875540867,1,,,,6,2,2,3,3,,,2,,,,,2,,,,1,,3,,,,,,,,,,,,,,,,,,,,,,,,,,,,,,,,,,,,,1,2,2,,,,,,,,,,,,,,,,,,,,,,,,,,,,,,,,,,,2,7,1,,1,1,1,2,2,16,5,10.5
6002,2,0,0,8,6,6,0,0,0,2,2,4,3,6,6,9,10.0,23.264662506490403,1.5,34.89699375973561,0.007754887502163467,1.938721875540867,1,,,,6,2,2,4,4,,,2,1,,,,2,,,,1,,3,,,,,,,,,,,,,,,,,,,,,,,,,,,,,,,,,,,,,2,2,2,,,,,,,,,,,,,,,,,,,,,,,,,,,,,,,,,,,2,7,1,1,1,1,1,3,2,16,5,10.5
6003,2,0,0,8,6,6,0,0,0,2,2,4,3,6,6,9,10.0,23.264662506490403,1.5,34.89699375973561,0.007754887502163467,1.938721875540867,1,,,,6,2,2,4,4,,,2,1,,,,2,,,,1,,3,,,,,,,,,,,,,,,,,,,,,,,,,,,,,,,,,,,,,2,2,2,,,,,,,,,,,,,,,,,,,,,,,,,,,,,,,,,,,2,7,1,1,1,1,1,3,2,18,5,11.5
6004,2,0,0,8,6,6,0,0,0,2,2,4,3,6,6,9,10.0,23.264662506490403,1.5,34.89699375973561,0.007754887502163467,1.938721875540867,1,,,,6,2,2,4,4,,,2,1,,,,2,,,,1,,3,,,,,,,,,,,,,,,,,,,,,,,,,,,,,,,,,,,,,2,2,2,,,,,,,,,,,,,,,,,,,,,,,,,,,,,,,,,,,2,7,1,1,1,1,1,3,2,17,5,11.0
6005,2,0,0,8,6,6,0,0,0,2,2,4,3,6,6,9,10.0,23.264662506490403,1.5,34.89699375973561,0.007754887502163467,1.938721875540867,1,,,,6,2,2,4,4,,,2,1,,,,2,,,,1,,3,,,,,,,,,,,,,,,,,,,,,,,,,,,,,,,,,,,,,2,2,2,,,,,,,,,,,,,,,,,,,,,,,,,,,,,,,,,,,2,7,1,1,1,1,1,3,2,18,5,11.5
6006,2,0,0,8,6,6,0,0,0,2,2,4,3,6,6,9,10.0,23.264662506490403,1.5,34.89699375973561,0.007754887502163467,1.938721875540867,1,,,,6,2,2,4,4,,,2,1,,,,2,,,,1,,3,,,,,,,,,,,,,,,,,,,,,,,,,,,,,,,,,,,,,2,2,2,,,,,,,,,,,,,,,,,,,,,,,,,,,,,,,,,,,2,7,1,1,1,1,1,3,2,17,5,11.0
6007,2,0,0,8,6,6,0,0,0,2,2,4,3,6,6,9,10.0,23.264662506490403,1.5,34.89699375973561,0.007754887502163467,1.938721875540867,1,,,,6,2,2,4,4,,,2,1,,,,2,,,,1,,3,,,,,,,,,,,,,,,,,,,,,,,,,,,,,,,,,,,,,2,2,2,,,,,,,,,,,,,,,,,,,,,,,,,,,,,,,,,,,2,7,1,1,1,1,1,3,2,17,5,11.0
6001,2,0,0,8,6,6,0,0,0,2,2,4,3,6,6,9,10.0,23.264662506490403,1.5,34.89699375973561,0.007754887502163467,1.938721875540867,1,,,,6,2,2,4,4,,,2,1,,,,2,,,,1,,3,,,,,,,,,,,,,,,,,,,,,,,,,,,,,,,,,,,,,2,2,2,,,,,,,,,,,,,,,,,,,,,,,,,,,,,,,,,,,2,7,1,1,1,1,1,3,2,18,5,11.5
5947,2,0,0,26,12,11,4,4,7,4,3,11,7,14,14,21,42.808635307173745,79.95445336320968,1.9090909090909092,152.64032005703666,0.026651484454403226,8.480017780946481,1,,,5,12,2,2,8,8,,,2,,,2,,4,,,,,,8,,,,,1,,,,,,,,,,,,,,,,,,,,,,,,,,,,,,,,,7,8,,,,,,,,,,,,,,,,,,,,,,,,,,,,,,,,,,,2,18,2,,1,3,1,2,7,5,1,2.857142857142857
5950,2,0,0,18,11,11,4,4,0,3,3,11,7,14,14,21,42.808635307173745,79.95445336320968,1.9090909090909092,152.64032005703666,0.026651484454403226,8.480017780946481,1,,,4,11,2,2,8,8,,,2,,,2,,4,,,,,,8,,,,,1,,,,,,,,,,,,,,,,,,,,,,,,,,,,,,,,,7,7,,,,,,,,,,,,,,,,,,,,,,,,,,,,,,,,,,,2,18,2,,1,3,1,2,7,7,3,4.714285714285714
5951,2,0,0,18,11,11,4,4,0,3,3,11,7,14,14,21,42.808635307173745,79.95445336320968,1.9090909090909092,152.64032005703666,0.026651484454403226,8.480017780946481,1,,,4,11,2,2,8,8,,,2,,,2,,4,,,,,,8,,,,,1,,,,,,,,,,,,,,,,,,,,,,,,,,,,,,,,,7,7,,,,,,,,,,,,,,,,,,,,,,,,,,,,,,,,,,,2,18,2,,1,3,1,2,7,7,2,4.857142857142857
5952,2,0,0,18,11,11,4,4,0,3,3,11,7,14,14,21,42.808635307173745,79.95445336320968,1.9090909090909092,152.64032005703666,0.026651484454403226,8.480017780946481,1,,,4,11,2,2,8,8,,,2,,,2,,4,,,,,,8,,,,,1,,,,,,,,,,,,,,,,,,,,,,,,,,,,,,,,,7,7,,,,,,,,,,,,,,,,,,,,,,,,,,,,,,,,,,,2,18,2,,1,3,1,2,7,7,2,4.857142857142857
5946,2,0,0,26,12,11,4,4,7,4,3,11,7,14,14,21,42.808635307173745,79.95445336320968,1.9090909090909092,152.64032005703666,0.026651484454403226,8.480017780946481,1,,,5,12,2,2,8,8,,,2,,,2,,4,,,,,,8,,,,,1,,,,,,,,,,,,,,,,,,,,,,,,,,,,,,,,,7,8,,,,,,,,,,,,,,,,,,,,,,,,,,,,,,,,,,,2,18,2,,1,3,1,2,7,9,3,5.285714285714286
5949,2,0,0,18,11,11,4,4,0,3,3,11,7,14,14,21,42.808635307173745,79.95445336320968,1.9090909090909092,152.64032005703666,0.026651484454403226,8.480017780946481,1,,,4,11,2,2,8,8,,,2,,,2,,4,,,,,,8,,,,,1,,,,,,,,,,,,,,,,,,,,,,,,,,,,,,,,,7,7,,,,,,,,,,,,,,,,,,,,,,,,,,,,,,,,,,,2,18,2,,1,3,1,2,7,7,3,4.714285714285714
5953,2,0,0,27,12,11,4,4,8,4,3,11,7,14,14,21,42.808635307173745,79.95445336320968,1.9090909090909092,152.64032005703666,0.026651484454403226,8.480017780946481,1,,,5,12,2,2,8,8,,,2,,,2,,4,,,,,,8,,,,,1,,,,,,,,,,,,,,,,,,,,,,,,,,,,,,,,,7,8,,,,,,,,,,,,,,,,,,,,,,,,,,,,,,,,,,,2,18,2,,1,3,1,2,7,9,3,5.571428571428571
6008,2,0,0,10,7,7,1,1,0,2,2,4,2,4,6,6,10.0,15.509775004326936,1.0,15.509775004326936,0.005169925001442312,0.861654166907052,1,,,4,7,2,2,6,6,,,2,,,,,1,,,,,1,3,,,,,,,,,,,,,,,,,,,,,,,,,,,,,,,,,,,,,,2,3,,,,,,,,,,,,,,,,,,,,,,,,,,,,,,,,,,,2,6,2,,2,2,1,2,3,9,5,6.333333333333333
6009,2,0,0,10,7,7,1,1,0,2,2,4,2,4,6,6,10.0,15.509775004326936,1.0,15.509775004326936,0.005169925001442312,0.861654166907052,1,,,4,7,2,2,6,6,,,2,,,,,1,,,,,1,3,,,,,,,,,,,,,,,,,,,,,,,,,,,,,,,,,,,,,,2,3,,,,,,,,,,,,,,,,,,,,,,,,,,,,,,,,,,,2,6,2,,2,2,1,2,3,9,5,6.333333333333333
6010,2,0,0,10,7,7,1,1,0,2,2,4,2,4,6,6,10.0,15.509775004326936,1.0,15.509775004326936,0.005169925001442312,0.861654166907052,1,,,4,7,2,2,6,6,,,2,,,,,1,,,,,1,3,,,,,,,,,,,,,,,,,,,,,,,,,,,,,,,,,,,,,,2,3,,,,,,,,,,,,,,,,,,,,,,,,,,,,,,,,,,,2,6,2,,2,2,1,2,3,9,5,6.333333333333333
6011,2,0,0,10,7,7,1,1,0,2,2,4,2,4,6,6,10.0,15.509775004326936,1.0,15.509775004326936,0.005169925001442312,0.861654166907052,1,,,4,7,2,2,6,6,,,2,,,,,1,,,,,1,3,,,,,,,,,,,,,,,,,,,,,,,,,,,,,,,,,,,,,,2,3,,,,,,,,,,,,,,,,,,,,,,,,,,,,,,,,,,,2,6,2,,2,2,1,2,3,9,5,6.333333333333333
6013,2,0,0,10,7,7,1,1,0,2,2,4,2,4,6,6,10.0,15.509775004326936,1.0,15.509775004326936,0.005169925001442312,0.861654166907052,1,,,4,7,2,2,6,6,,,2,,,,,1,,,,,1,3,,,,,,,,,,,,,,,,,,,,,,,,,,,,,,,,,,,,,,2,3,,,,,,,,,,,,,,,,,,,,,,,,,,,,,,,,,,,2,6,2,,2,2,1,2,3,9,5,6.333333333333333
6014,2,0,0,10,7,7,1,1,0,2,2,4,2,4,6,6,10.0,15.509775004326936,1.0,15.509775004326936,0.005169925001442312,0.861654166907052,1,,,4,7,2,2,6,6,,,2,,,,,1,,,,,1,3,,,,,,,,,,,,,,,,,,,,,,,,,,,,,,,,,,,,,,2,3,,,,,,,,,,,,,,,,,,,,,,,,,,,,,,,,,,,2,6,2,,2,2,1,2,3,9,5,6.333333333333333
6012,2,0,0,10,7,7,1,1,0,2,2,4,2,4,6,6,10.0,15.509775004326936,1.0,15.509775004326936,0.005169925001442312,0.861654166907052,1,,,4,7,2,2,6,6,,,2,,,,,1,,,,,1,3,,,,,,,,,,,,,,,,,,,,,,,,,,,,,,,,,,,,,,2,3,,,,,,,,,,,,,,,,,,,,,,,,,,,,,,,,,,,2,6,2,,2,2,1,2,3,9,5,6.333333333333333
6078,2,0,0,11,10,10,0,0,0,1,4,8,6,12,12,18,32.0,64.52932501298082,3.0,193.58797503894246,0.02150977500432694,10.75488750216347,1,,,3,10,2,2,7,7,,,2,,,2,1,2,,,,,1,4,,,,,,,,,,,,,,,,,,,,,,,,,,,,,,,,,,,,,2,2,1,,,,,,,,,,,,,,,,,,,,,,,,,,,,,,,,,,,2,12,1,,4,1,1,2,2,1,1,1.0
6079,2,0,0,13,11,11,0,0,0,2,4,12,7,14,16,21,51.01955000865388,84.0,2.3333333333333335,196.0,0.028,10.88888888888889,1,,,6,11,2,2,13,13,,,2,1,,2,1,3,,,,,,5,,,,,,,,1,,,,,,,,,,,,,,,,,,,,,,,,,,,,,1,3,2,,,,,,,,,,,,,,,,,,,,,,,,,,,,,,,,,,,2,13,4,1,4,4,2,3,5,2,1,1.6
6080,4,0,0,19,16,16,0,0,0,3,5,11,7,14,16,21,49.663388279447084,84.0,3.1818181818181817,267.27272727272725,0.028,14.848484848484848,1,,,3,16,5,5,14,14,,,5,,,,,2,2,,,1,,6,,,,,,,1,1,,,,,,,,,,,,,,,,,,,,,,,,,,,,,4,,3,,,,,,,,,,,,,,,,,,,,,,,,,,,,,,,,,,,5,16,4,,5,4,1,2,6,11,6,7.666666666666667
6100,6,0,0,22,11,11,6,6,0,5,3,8,7,15,11,22,28.75488750216347,76.10749561002055,2.8125,214.0523314031828,0.025369165203340184,11.89179618906571,1,,,6,11,3,3,9,9,,,3,,,,,1,,,,,,6,,,,,5,,,,,,,,,,,,,,,,,,,,,,,,,,,,,,,,,6,11,,,,,,,,,,,,,,,,,,,,,,,,,,,,,,,,,,,8,18,3,,1,3,1,2,5,4,1,1.6
6094,4,0,0,16,13,13,0,0,0,3,3,8,6,12,11,18,28.75488750216347,62.26976913547136,2.25,140.10698055481055,0.020756589711823786,7.78372114193392,1,,,1,13,4,4,7,7,,,4,2,,,1,2,,,,,,8,,,,,3,,,,,,,,,,,,,,,,,,,,,,,,,,,,,,,,6,3,3,,,,,,,,,,,,,,,,,,,,,,,,,,,,,,,,,,,4,16,2,1,1,2,2,3,4,11,8,10.25
6104,6,0,0,21,11,10,2,2,5,4,5,11,11,22,16,33,49.663388279447084,132.0,5.0,660.0,0.044,36.666666666666664,1,,,2,11,4,4,9,9,,,4,1,,,,,2,,,,2,5,,,,,,,3,,,,,,2,,,,,,,,,,,,,,,,,,,,,,,,12,2,5,,,,,,,,,,,,,,,,,,,,,,,,,,,,,,,,,,,6,13,1,1,1,1,1,3,2,2,1,1.5
6103,4,0,0,11,10,10,0,0,0,1,4,5,4,8,9,12,19.60964047443681,38.03910001730775,3.2,121.72512005538482,0.012679700005769252,6.762506669743601,1,,,3,10,4,4,11,11,,,4,,,,,,,,,1,,3,,,,,,,1,1,,,,,,,,,,,,,,,,,,,,,,,,,,,,,,,1,,,,,,,,,,,,,,,,,,,,,,,,,,,,,,,,,,,5,9,3,,3,3,1,2,3,1,1,1.0
6095,4,0,0,14,11,11,1,0,0,3,3,5,6,10,8,16,16.36452797660028,48.0,3.0,144.0,0.016,8.0,1,,,,11,4,4,3,3,,,4,,,1,,,,,,3,,6,,,,,,,2,,,,,,,,,,,,,,,,,,,,,,,,,,,,,,,10,3,,,,,,,,,,,,,,,,,,,,,,,,,,,,,,,,,,,4,12,1,,1,1,1,2,3,17,5,13.0
6093,8,0,0,21,19,19,5,0,0,2,5,16,17,30,21,47,75.60964047443682,206.43891887060175,4.6875,967.6824322059457,0.06881297295686725,53.76013512255254,1,,,2,19,9,9,8,8,,,9,2,,,,,,,,,4,3,,,,,,,2,5,,,,,,,,5,,,,,,,,,,,,,,,,,,,,,11,11,2,,,,,,,,,,,,,,,,,,,,,,,,,,,,,,,,,,,10,17,2,1,2,2,2,3,2,13,7,10.0
6102,7,0,0,29,18,17,1,1,7,4,4,9,7,15,13,22,36.52932501298081,81.40967379910403,3.3333333333333335,271.36557933034675,0.027136557933034676,15.075865518352597,1,,,12,18,7,7,15,15,,,7,5,,,,,,,,4,1,6,,,,,,,1,,,,,,,,,,,,,,,,,,,,,,,,,,,,,,6,1,5,,,,,,,,,,,,,,,,,,,,,,,,,,,,,,,,,,,9,16,2,,4,2,2,2,3,1,1,1.0
6158,5,0,0,12,11,11,0,0,0,1,4,9,5,10,13,15,36.52932501298081,55.506595772116384,2.2222222222222223,123.34799060470309,0.01850219859070546,6.852666144705727,1,,,8,11,4,4,10,10,,,4,,,,,,,,,1,2,3,1,,,,1,,,,,,,,,,,,,,,,,,,,,,,,,,,,,,,,2,1,1,,,,,,,,,,,,,,,,,,,,,,,,,,,,,,,,,,,5,8,2,,4,3,1,2,4,16,5,9.25
6159,29,0,0,66,60,60,0,0,0,6,4,34,48,100,38,148,180.97373660251156,776.6932719896506,5.882352941176471,4568.783952880298,0.2588977573298835,253.82133071557212,1,,,36,60,20,20,36,36,,,20,,,,,,,,,,12,20,16,,,,16,,,,,,,,,16,,,,,,,,,,,,,,,,,,,,,,,20,,6,,,,,,,,,,,,,,,,,,,,,,,,,,,,,,,,,,,28,92,,,4,16,0,2,21,17,5,10.238095238095237
6160,3,0,0,13,10,10,0,0,0,3,4,10,6,12,14,18,41.219280948873624,68.53238859703687,2.4,164.4777326328885,0.022844129532345624,9.13765181293825,1,,,6,10,3,3,10,10,,,3,,,,,2,1,,,2,,3,1,,,,,,,,,,,,1,,,,,,,,,,,,,,,,,,,,,,,,5,,3,,,,,,,,,,,,,,,,,,,,,,,,,,,,,,,,,,,3,8,2,1,4,2,1,3,3,16,5,10.333333333333334
6041,3,0,0,8,7,7,0,0,0,1,2,2,2,4,4,6,4.0,12.0,2.0,24.0,0.004,1.3333333333333333,1,,,4,7,3,3,5,5,,,3,,,,,,,,,1,1,1,,,,,,,,,,,,,,,,,,,,,,,,,,,,,,,,,,,,,2,,1,,,,,,,,,,,,,,,,,,,,,,,,,,,,,,,,,,,3,3,1,,3,1,1,2,1,1,1,1.0
6149,5,0,0,8,7,7,0,0,0,1,3,9,6,12,12,18,33.28421251514428,64.52932501298082,2.0,129.05865002596164,0.02150977500432694,7.169925001442313,1,,,3,7,3,3,5,5,,,3,,,,,,,,,,,1,,,,,,,2,2,,,,,,,,,,,,,,,,,,,,,,,,,,,,,4,,1,,,,,,,,,,,,,,,,,,,,,,,,,,,,,,,,,,,5,5,1,,3,1,1,2,1,1,1,1.0
6124,4,0,0,14,11,11,0,0,0,3,3,6,7,11,9,18,20.264662506490406,57.058650025961626,2.75,156.91128757139447,0.019019550008653876,8.71729375396636,1,,,,11,4,4,4,4,,,4,1,,,,1,,,,3,,6,,,,,,,3,,,,,,,,,,,,,,,,,,,,,,,,,,,,,,1,10,3,,,,,,,,,,,,,,,,,,,,,,,,,,,,,,,,,,,4,12,1,1,1,1,1,3,3,17,4,8.666666666666666
6075,3,0,0,8,7,7,0,0,0,1,2,2,2,4,4,6,4.0,12.0,2.0,24.0,0.004,1.3333333333333333,1,,,4,7,3,3,5,5,,,3,,,,,,,,,1,1,1,,,,,,,,,,,,,,,,,,,,,,,,,,,,,,,,,,,,,2,,1,,,,,,,,,,,,,,,,,,,,,,,,,,,,,,,,,,,3,3,1,,3,1,1,2,1,1,1,1.0
6153,4,0,0,8,7,7,0,0,0,1,3,9,7,14,12,21,33.28421251514428,75.28421251514429,2.3333333333333335,175.66316253533668,0.025094737505048096,9.759064585296482,1,,,3,7,3,3,7,7,,,3,,,,,,,,,,,1,,3,,,3,,,,,,,,,,,,,,,,,,,,,,,,,,,,,,,,6,,1,,,,,,,,,,,,,,,,,,,,,,,,,,,,,,,,,,,4,4,1,,3,1,1,2,1,1,1,1.0
6123,4,0,0,14,11,11,1,0,0,3,3,5,6,10,8,16,16.36452797660028,48.0,3.0,144.0,0.016,8.0,1,,,,11,4,4,4,4,,,4,1,,1,,,,,,3,,6,,,,,,,2,,,,,,,,,,,,,,,,,,,,,,,,,,,,,,1,10,3,,,,,,,,,,,,,,,,,,,,,,,,,,,,,,,,,,,4,12,1,1,1,1,1,3,3,17,5,13.0
6070,3,0,0,8,7,7,0,0,0,1,2,2,2,4,4,6,4.0,12.0,2.0,24.0,0.004,1.3333333333333333,1,,,4,7,3,3,5,5,,,3,,,,,,,,,1,1,1,,,,,,,,,,,,,,,,,,,,,,,,,,,,,,,,,,,,,2,,1,,,,,,,,,,,,,,,,,,,,,,,,,,,,,,,,,,,3,3,1,,3,1,1,2,1,1,1,1.0
6150,4,0,0,8,7,7,0,0,0,1,3,9,7,14,12,21,33.28421251514428,75.28421251514429,2.3333333333333335,175.66316253533668,0.025094737505048096,9.759064585296482,1,,,3,7,3,3,7,7,,,3,,,,,,,,,,,1,,3,,,3,,,,,,,,,,,,,,,,,,,,,,,,,,,,,,,,6,,1,,,,,,,,,,,,,,,,,,,,,,,,,,,,,,,,,,,4,4,1,,3,1,1,2,1,1,1,1.0
6072,3,0,0,8,7,7,0,0,0,1,2,2,2,4,4,6,4.0,12.0,2.0,24.0,0.004,1.3333333333333333,1,,,4,7,3,3,5,5,,,3,,,,,,,,,1,1,1,,,,,,,,,,,,,,,,,,,,,,,,,,,,,,,,,,,,,2,,1,,,,,,,,,,,,,,,,,,,,,,,,,,,,,,,,,,,3,3,1,,3,1,1,2,1,1,1,1.0
6147,5,0,0,8,7,7,0,0,0,1,3,9,6,12,12,18,33.28421251514428,64.52932501298082,2.0,129.05865002596164,0.02150977500432694,7.169925001442313,1,,,3,7,3,3,5,5,,,3,,,,,,,,,,,1,,,,,,,2,2,,,,,,,,,,,,,,,,,,,,,,,,,,,,,4,,1,,,,,,,,,,,,,,,,,,,,,,,,,,,,,,,,,,,5,5,1,,3,1,1,2,1,1,1,1.0
6152,4,0,0,8,7,7,0,0,0,1,3,9,7,14,12,21,33.28421251514428,75.28421251514429,2.3333333333333335,175.66316253533668,0.025094737505048096,9.759064585296482,1,,,3,7,3,3,7,7,,,3,,,,,,,,,,,1,,3,,,3,,,,,,,,,,,,,,,,,,,,,,,,,,,,,,,,6,,1,,,,,,,,,,,,,,,,,,,,,,,,,,,,,,,,,,,4,4,1,,3,1,1,2,1,1,1,1.0
6109,4,0,0,14,11,11,1,0,0,3,3,5,6,10,8,16,16.36452797660028,48.0,3.0,144.0,0.016,8.0,1,,,,11,4,4,4,4,,,4,1,,1,,,,,,3,,6,,,,,,,2,,,,,,,,,,,,,,,,,,,,,,,,,,,,,,1,10,3,,,,,,,,,,,,,,,,,,,,,,,,,,,,,,,,,,,4,12,1,1,1,1,1,3,3,17,5,13.0
6074,3,0,0,8,7,7,0,0,0,1,2,2,2,4,4,6,4.0,12.0,2.0,24.0,0.004,1.3333333333333333,1,,,4,7,3,3,5,5,,,3,,,,,,,,,1,1,1,,,,,,,,,,,,,,,,,,,,,,,,,,,,,,,,,,,,,2,,1,,,,,,,,,,,,,,,,,,,,,,,,,,,,,,,,,,,3,3,1,,3,1,1,2,1,1,1,1.0
6148,5,0,0,8,7,7,0,0,0,1,3,9,6,12,12,18,33.28421251514428,64.52932501298082,2.0,129.05865002596164,0.02150977500432694,7.169925001442313,1,,,3,7,3,3,5,5,,,3,,,,,,,,,,,1,,,,,,,2,2,,,,,,,,,,,,,,,,,,,,,,,,,,,,,4,,1,,,,,,,,,,,,,,,,,,,,,,,,,,,,,,,,,,,5,5,1,,3,1,1,2,1,1,1,1.0
6112,4,0,0,14,11,11,1,0,0,3,3,5,6,10,8,16,16.36452797660028,48.0,3.0,144.0,0.016,8.0,1,,,,11,4,4,4,4,,,4,1,,1,,,,,,3,,6,,,,,,,2,,,,,,,,,,,,,,,,,,,,,,,,,,,,,,1,10,3,,,,,,,,,,,,,,,,,,,,,,,,,,,,,,,,,,,4,12,1,1,1,1,1,3,3,17,5,13.0
6077,3,0,0,8,7,7,0,0,0,1,2,2,2,4,4,6,4.0,12.0,2.0,24.0,0.004,1.3333333333333333,1,,,4,7,3,3,5,5,,,3,,,,,,,,,1,1,1,,,,,,,,,,,,,,,,,,,,,,,,,,,,,,,,,,,,,2,,1,,,,,,,,,,,,,,,,,,,,,,,,,,,,,,,,,,,3,3,1,,3,1,1,2,1,1,1,1.0
6144,5,0,0,8,7,7,0,0,0,1,3,9,6,12,12,18,33.28421251514428,64.52932501298082,2.0,129.05865002596164,0.02150977500432694,7.169925001442313,1,,,3,7,3,3,5,5,,,3,,,,,,,,,,,1,,,,,,,2,2,,,,,,,,,,,,,,,,,,,,,,,,,,,,,4,,1,,,,,,,,,,,,,,,,,,,,,,,,,,,,,,,,,,,5,5,1,,3,1,1,2,1,1,1,1.0
6108,4,0,0,14,11,11,1,0,0,3,3,5,6,10,8,16,16.36452797660028,48.0,3.0,144.0,0.016,8.0,1,,,,11,4,4,4,4,,,4,1,,1,,,,,,3,,6,,,,,,,2,,,,,,,,,,,,,,,,,,,,,,,,,,,,,,1,10,3,,,,,,,,,,,,,,,,,,,,,,,,,,,,,,,,,,,4,12,1,1,1,1,1,3,3,17,5,13.0
6071,3,0,0,8,7,7,0,0,0,1,2,2,2,4,4,6,4.0,12.0,2.0,24.0,0.004,1.3333333333333333,1,,,4,7,3,3,5,5,,,3,,,,,,,,,1,1,1,,,,,,,,,,,,,,,,,,,,,,,,,,,,,,,,,,,,,2,,1,,,,,,,,,,,,,,,,,,,,,,,,,,,,,,,,,,,3,3,1,,3,1,1,2,1,1,1,1.0
6146,5,0,0,8,7,7,0,0,0,1,3,9,6,12,12,18,33.28421251514428,64.52932501298082,2.0,129.05865002596164,0.02150977500432694,7.169925001442313,1,,,3,7,3,3,5,5,,,3,,,,,,,,,,,1,,,,,,,2,2,,,,,,,,,,,,,,,,,,,,,,,,,,,,,4,,1,,,,,,,,,,,,,,,,,,,,,,,,,,,,,,,,,,,5,5,1,,3,1,1,2,1,1,1,1.0
6145,5,0,0,8,7,7,0,0,0,1,3,9,6,12,12,18,33.28421251514428,64.52932501298082,2.0,129.05865002596164,0.02150977500432694,7.169925001442313,1,,,3,7,3,3,5,5,,,3,,,,,,,,,,,1,,,,,,,2,2,,,,,,,,,,,,,,,,,,,,,,,,,,,,,4,,1,,,,,,,,,,,,,,,,,,,,,,,,,,,,,,,,,,,5,5,1,,3,1,1,2,1,1,1,1.0
6073,3,0,0,8,7,7,0,0,0,1,2,2,2,4,4,6,4.0,12.0,2.0,24.0,0.004,1.3333333333333333,1,,,4,7,3,3,5,5,,,3,,,,,,,,,1,1,1,,,,,,,,,,,,,,,,,,,,,,,,,,,,,,,,,,,,,2,,1,,,,,,,,,,,,,,,,,,,,,,,,,,,,,,,,,,,3,3,1,,3,1,1,2,1,1,1,1.0
6110,4,0,0,14,11,11,1,0,0,3,3,5,6,10,8,16,16.36452797660028,48.0,3.0,144.0,0.016,8.0,1,,,,11,4,4,4,4,,,4,1,,1,,,,,,3,,6,,,,,,,2,,,,,,,,,,,,,,,,,,,,,,,,,,,,,,1,10,3,,,,,,,,,,,,,,,,,,,,,,,,,,,,,,,,,,,4,12,1,1,1,1,1,3,3,17,5,13.0
6107,4,0,0,14,11,11,1,0,0,3,3,5,6,10,8,16,16.36452797660028,48.0,3.0,144.0,0.016,8.0,1,,,,11,4,4,4,4,,,4,1,,1,,,,,,3,,6,,,,,,,2,,,,,,,,,,,,,,,,,,,,,,,,,,,,,,1,10,3,,,,,,,,,,,,,,,,,,,,,,,,,,,,,,,,,,,4,12,1,1,1,1,1,3,3,17,5,13.0
6122,4,0,0,14,11,11,1,0,0,3,3,5,6,10,8,16,16.36452797660028,48.0,3.0,144.0,0.016,8.0,1,,,,11,4,4,4,4,,,4,1,,1,,,,,,3,,6,,,,,,,2,,,,,,,,,,,,,,,,,,,,,,,,,,,,,,1,10,3,,,,,,,,,,,,,,,,,,,,,,,,,,,,,,,,,,,4,12,1,1,1,1,1,3,3,17,5,13.0
6175,7,0,0,19,10,9,2,2,5,3,9,16,15,28,25,43,92.52932501298082,199.68581616031315,7.875,1572.5258022624662,0.06656193872010438,87.362544570137,1,,,3,10,4,4,11,11,,,4,1,,,2,,2,,,2,1,3,,,,,,,1,2,,,,,2,,,,,,,,,,,,,,,,,,,,,,,,11,2,4,,,,,,,,,,,,,,,,,,,,,,,,,,,,,,,,,,,7,12,1,2,2,1,1,4,2,2,1,1.5
6111,4,0,0,14,11,11,1,0,0,3,3,5,6,10,8,16,16.36452797660028,48.0,3.0,144.0,0.016,8.0,1,,,,11,4,4,4,4,,,4,1,,1,,,,,,3,,6,,,,,,,2,,,,,,,,,,,,,,,,,,,,,,,,,,,,,,1,10,3,,,,,,,,,,,,,,,,,,,,,,,,,,,,,,,,,,,4,12,1,1,1,1,1,3,3,17,5,13.0
6076,3,0,0,8,7,7,0,0,0,1,2,2,2,4,4,6,4.0,12.0,2.0,24.0,0.004,1.3333333333333333,1,,,4,7,3,3,5,5,,,3,,,,,,,,,1,1,1,,,,,,,,,,,,,,,,,,,,,,,,,,,,,,,,,,,,,2,,1,,,,,,,,,,,,,,,,,,,,,,,,,,,,,,,,,,,3,3,1,,3,1,1,2,1,1,1,1.0
6040,3,0,0,8,7,7,0,0,0,1,2,2,2,4,4,6,4.0,12.0,2.0,24.0,0.004,1.3333333333333333,1,,,4,7,3,3,5,5,,,3,,,,,,,,,1,1,1,,,,,,,,,,,,,,,,,,,,,,,,,,,,,,,,,,,,,2,,1,,,,,,,,,,,,,,,,,,,,,,,,,,,,,,,,,,,3,3,1,,3,1,1,2,1,1,1,1.0
6151,4,0,0,8,7,7,0,0,0,1,3,9,7,14,12,21,33.28421251514428,75.28421251514429,2.3333333333333335,175.66316253533668,0.025094737505048096,9.759064585296482,1,,,3,7,3,3,7,7,,,3,,,,,,,,,,,1,,3,,,3,,,,,,,,,,,,,,,,,,,,,,,,,,,,,,,,6,,1,,,,,,,,,,,,,,,,,,,,,,,,,,,,,,,,,,,4,4,1,,3,1,1,2,1,1,1,1.0
6042,2,0,0,12,9,9,2,2,0,1,3,5,4,7,8,11,16.36452797660028,33.0,2.1,69.3,0.011,3.8499999999999996,1,,,,9,1,1,7,7,,,1,,,2,1,,,,,,,6,,,,,,1,,,,,,,,,,,,,,,,,,,,,,,,,,,,,,,4,2,3,,,,,,,,,,,,,,,,,,,,,,,,,,,,,,,,,,,1,12,2,,2,2,1,2,3,8,3,5.0
6039,3,0,0,14,8,8,3,3,0,3,4,6,4,7,10,11,23.509775004326936,36.541209043760986,2.3333333333333335,85.26282110210897,0.012180403014586996,4.736823394561609,1,,,2,8,3,3,7,7,,,3,,,,1,,,,,,,4,,1,,,1,1,,,,,,,,,,,,,,,,,,,,,,,,,,,,,,,3,3,6,,,,,,,,,,,,,,,,,,,,,,,,,,,,,,,,,,,3,7,2,,1,2,1,2,2,8,3,5.5
6050,3,0,0,19,7,7,9,9,0,3,3,5,3,6,8,9,16.36452797660028,27.0,1.8,48.6,0.009,2.7,1,,,4,7,2,2,9,9,,,2,,,1,,,,,,,,4,2,,,,1,1,,,,,,,,,,,,,,,,,,,,,,,,,,,,,,,2,9,12,,,,,,,,,,,,,,,,,,,,,,,,,,,,,,,,,,,2,10,,,1,2,0,2,3,5,3,3.6666666666666665
6048,2,0,0,17,6,6,8,8,0,3,2,4,2,4,6,6,10.0,15.509775004326936,1.0,15.509775004326936,0.005169925001442312,0.861654166907052,1,,,2,6,1,1,8,8,,,1,,,1,,,,,,,,4,,,,,,1,,,,,,,,,,,,,,,,,,,,,,,,,,,,,,,3,8,11,,,,,,,,,,,,,,,,,,,,,,,,,,,,,,,,,,,1,7,2,,1,2,1,2,2,4,3,3.5
6085,8,0,0,16,15,15,0,0,0,1,7,21,14,29,28,43,111.8901503327572,206.71626164847697,4.833333333333333,999.1285979676386,0.06890542054949232,55.50714433153548,1,,,8,15,5,5,12,12,,,5,1,,,,2,1,,,,1,6,6,,,,5,1,,,,,,,,3,,,,,,,,,,,,,,,,,,,,,,,9,1,1,,,,,,,,,,,,,,,,,,,,,,,,,,,,,,,,,,,7,25,,1,1,2,0,3,5,6,1,4.2
6193,3,0,0,6,6,6,0,0,0,0,4,6,4,8,10,12,23.509775004326936,39.863137138648355,2.6666666666666665,106.3016990363956,0.013287712379549451,5.905649946466422,1,,,,6,2,2,5,5,,,2,,,1,,,,,,,,3,,1,,,1,,1,,,,,,,,,,,,,,,,,,,,,,,,,,,,,,3,,,,,,,,,,,,,,,,,,,,,,,,,,,,,,,,,,,,,2,8,2,,1,2,1,2,2,1,1,1.0
6194,3,0,0,8,8,8,0,0,0,0,4,7,5,10,11,15,27.651484454403228,51.89147427955947,2.857142857142857,148.26135508445563,0.01729715809318649,8.236741949136423,1,,,,8,2,2,5,5,,,2,,,2,,,,,,,,5,,1,,,1,,1,,,,,,,,,,,,,,,,,,,,,,,,,,,,,,4,,,,,,,,,,,,,,,,,,,,,,,,,,,,,,,,,,,,,2,12,2,,1,2,1,2,3,4,1,2.0
6215,4,0,0,9,7,7,0,0,0,2,6,8,6,11,14,17,39.50977500432694,64.72503367497926,4.125,266.99076390928946,0.021575011224993085,14.832820217182748,1,,,,7,2,2,7,7,,,2,,,,1,,,,,,,3,,,,,,1,1,1,,,,,,1,,,,,,,,,,,,,,,,,,,,,,,5,,2,,,,,,,,,,,,,,,,,,,,,,,,,,,,,,,,,,,3,8,2,,1,2,1,2,2,8,1,4.5
6043,2,0,0,14,10,10,3,2,0,2,3,6,4,8,9,12,20.264662506490406,38.03910001730775,2.0,76.0782000346155,0.012679700005769252,4.226566668589751,1,,,,10,1,1,7,7,,,1,1,,1,,1,,,,1,,7,,,,,,,,,,,,,,1,,,,,,,,,,,,,,,,,,,,,,,3,4,4,,,,,,,,,,,,,,,,,,,,,,,,,,,,,,,,,,,1,16,2,1,1,2,2,3,6,5,2,4.166666666666667
6044,2,0,0,13,10,10,0,0,0,3,4,11,8,16,15,24,46.053747805010275,93.76537429460444,2.909090909090909,272.7719979479402,0.03125512476486815,15.153999885996676,1,,,,10,1,1,10,10,,,1,,,3,,2,2,,,1,,8,,,,,,,,,,,,,,,,,,,,,,,,,,,,,,,,,,,,,4,,3,,,,,,,,,,,,,,,,,,,,,,,,,,,,,,,,,,,1,18,4,,1,4,2,2,5,5,3,4.2
6051,2,0,0,8,6,6,0,0,0,2,4,6,4,8,10,12,23.509775004326936,39.863137138648355,2.6666666666666665,106.3016990363956,0.013287712379549451,5.905649946466422,1,,,1,6,1,1,5,5,,,1,1,,1,1,1,,,,,,4,,,,,,,1,,,,,,,,,,,,,,,,,,,,,,,,,,,,,,3,2,2,,,,,,,,,,,,,,,,,,,,,,,,,,,,,,,,,,,1,9,1,1,1,1,1,3,2,5,4,4.5
6205,2,0,0,13,10,10,0,0,0,3,2,6,4,8,8,12,17.509775004326936,36.0,1.3333333333333333,48.0,0.012,2.6666666666666665,1,,,,10,1,1,6,6,,,1,,,3,,,,,,,1,8,,,,,,,,,,,,,,,,,,,,,,,,,,,,,,,,,,,,,2,2,3,,,,,,,,,,,,,,,,,,,,,,,,,,,,,,,,,,,1,16,2,,1,2,1,2,5,13,4,10.4
6195,2,0,0,10,8,8,0,0,0,2,4,9,6,12,13,18,36.52932501298081,66.60791492653966,2.6666666666666665,177.62110647077242,0.022202638308846556,9.867839248376246,1,,,2,8,1,1,6,6,,,1,,,2,,2,1,,,1,,6,,,,,,,,,,,,,,,,,,,,,,,,,,,,,,,,,,,,,4,,2,,,,,,,,,,,,,,,,,,,,,,,,,,,,,,,,,,,1,14,2,,1,2,2,2,4,16,5,9.5
6224,6,0,0,39,25,25,8,8,0,6,6,10,10,19,16,29,48.72905595320056,116.0,5.7,661.2,0.03866666666666667,36.733333333333334,1,,,5,25,7,7,12,12,,,7,7,,,,,1,,,1,1,10,,,,,,,2,2,,,,,,3,,,,,,,,,,,,,,,,,,,,,,,13,10,14,,,,,,,,,,,,,,,,,,,,,,,,,,,,,,,,,,,7,28,2,3,5,2,1,3,7,10,5,7.571428571428571
6245,3,0,0,20,7,7,8,8,0,5,3,5,3,6,8,9,16.36452797660028,27.0,1.8,48.6,0.009,2.7,1,,,2,7,2,2,9,9,,,2,,,1,,,,,,,,4,2,,,,1,1,,,,,,,,,,,,,,,,,,,,,,,,,,,,,,,2,8,13,,,,,,,,,,,,,,,,,,,,,,,,,,,,,,,,,,,2,10,,,1,2,0,2,3,8,4,5.666666666666667
6247,3,0,0,20,7,7,8,8,0,5,3,5,3,6,8,9,16.36452797660028,27.0,1.8,48.6,0.009,2.7,1,,,2,7,2,2,9,9,,,2,,,1,,,,,,,,4,2,,,,1,1,,,,,,,,,,,,,,,,,,,,,,,,,,,,,,,2,8,13,,,,,,,,,,,,,,,,,,,,,,,,,,,,,,,,,,,2,10,,,1,2,0,2,3,8,4,5.666666666666667
6248,3,0,0,20,7,7,8,8,0,5,3,5,3,6,8,9,16.36452797660028,27.0,1.8,48.6,0.009,2.7,1,,,2,7,2,2,9,9,,,2,,,1,,,,,,,,4,2,,,,1,1,,,,,,,,,,,,,,,,,,,,,,,,,,,,,,,2,8,13,,,,,,,,,,,,,,,,,,,,,,,,,,,,,,,,,,,2,10,,,1,2,0,2,3,8,4,5.666666666666667
6246,3,0,0,20,7,7,8,8,0,5,3,5,3,6,8,9,16.36452797660028,27.0,1.8,48.6,0.009,2.7,1,,,2,7,2,2,9,9,,,2,,,1,,,,,,,,4,2,,,,1,1,,,,,,,,,,,,,,,,,,,,,,,,,,,,,,,2,8,13,,,,,,,,,,,,,,,,,,,,,,,,,,,,,,,,,,,2,10,,,1,2,0,2,3,8,4,5.666666666666667
6173,3,0,0,20,7,7,8,8,0,5,3,5,3,6,8,9,16.36452797660028,27.0,1.8,48.6,0.009,2.7,1,,,2,7,2,2,9,9,,,2,,,1,,,,,,,,4,2,,,,1,1,,,,,,,,,,,,,,,,,,,,,,,,,,,,,,,2,8,13,,,,,,,,,,,,,,,,,,,,,,,,,,,,,,,,,,,2,10,,,1,2,0,2,3,8,4,5.666666666666667
6192,3,0,0,19,7,7,8,8,0,4,3,5,3,6,8,9,16.36452797660028,27.0,1.8,48.6,0.009,2.7,1,,,4,7,2,2,9,9,,,2,,,1,,,,,,,,4,2,,,,1,1,,,,,,,,,,,,,,,,,,,,,,,,,,,,,,,2,8,12,,,,,,,,,,,,,,,,,,,,,,,,,,,,,,,,,,,2,10,,,1,2,0,2,3,5,4,4.333333333333333
6191,3,0,0,19,7,7,8,8,0,4,3,5,3,6,8,9,16.36452797660028,27.0,1.8,48.6,0.009,2.7,1,,,4,7,2,2,9,9,,,2,,,1,,,,,,,,4,2,,,,1,1,,,,,,,,,,,,,,,,,,,,,,,,,,,,,,,2,8,12,,,,,,,,,,,,,,,,,,,,,,,,,,,,,,,,,,,2,10,,,1,2,0,2,3,5,4,4.666666666666667
6218,3,0,0,6,6,6,0,0,0,0,4,6,4,8,10,12,23.509775004326936,39.863137138648355,2.6666666666666665,106.3016990363956,0.013287712379549451,5.905649946466422,1,,,,6,2,2,5,5,,,2,,,1,,,,,,,,3,,1,,,1,,1,,,,,,,,,,,,,,,,,,,,,,,,,,,,,,3,,,,,,,,,,,,,,,,,,,,,,,,,,,,,,,,,,,,,2,8,2,,1,2,1,2,2,1,1,1.0
6216,3,0,0,6,6,6,0,0,0,0,4,6,4,8,10,12,23.509775004326936,39.863137138648355,2.6666666666666665,106.3016990363956,0.013287712379549451,5.905649946466422,1,,,,6,2,2,5,5,,,2,,,1,,,,,,,,3,,1,,,1,,1,,,,,,,,,,,,,,,,,,,,,,,,,,,,,,3,,,,,,,,,,,,,,,,,,,,,,,,,,,,,,,,,,,,,2,8,2,,1,2,1,2,2,1,1,1.0
6223,3,0,0,8,8,8,0,0,0,0,4,7,5,10,11,15,27.651484454403228,51.89147427955947,2.857142857142857,148.26135508445563,0.01729715809318649,8.236741949136423,1,,,,8,2,2,5,5,,,2,,,2,,,,,,,,5,,1,,,,1,1,,,,,,,,,,,,,,,,,,,,,,,,,,,,,,4,,,,,,,,,,,,,,,,,,,,,,,,,,,,,,,,,,,,,2,12,2,,1,2,1,2,3,4,1,2.0
6222,3,0,0,8,8,8,0,0,0,0,4,7,5,10,11,15,27.651484454403228,51.89147427955947,2.857142857142857,148.26135508445563,0.01729715809318649,8.236741949136423,1,,,,8,2,2,5,5,,,2,,,2,,,,,,,,5,,1,,,1,,1,,,,,,,,,,,,,,,,,,,,,,,,,,,,,,4,,,,,,,,,,,,,,,,,,,,,,,,,,,,,,,,,,,,,2,12,2,,1,2,1,2,3,4,1,2.0
6221,3,0,0,8,8,8,0,0,0,0,4,7,5,10,11,15,27.651484454403228,51.89147427955947,2.857142857142857,148.26135508445563,0.01729715809318649,8.236741949136423,1,,,,8,2,2,5,5,,,2,,,2,,,,,,,,5,,1,,,1,,1,,,,,,,,,,,,,,,,,,,,,,,,,,,,,,4,,,,,,,,,,,,,,,,,,,,,,,,,,,,,,,,,,,,,2,12,2,,1,2,1,2,3,4,1,2.0
6220,3,0,0,8,8,8,0,0,0,0,4,7,5,10,11,15,27.651484454403228,51.89147427955947,2.857142857142857,148.26135508445563,0.01729715809318649,8.236741949136423,1,,,,8,2,2,5,5,,,2,,,2,,,,,,,,5,,1,,,1,,1,,,,,,,,,,,,,,,,,,,,,,,,,,,,,,4,,,,,,,,,,,,,,,,,,,,,,,,,,,,,,,,,,,,,2,12,2,,1,2,1,2,3,4,1,2.0
6219,3,0,0,6,6,6,0,0,0,0,4,6,4,8,10,12,23.509775004326936,39.863137138648355,2.6666666666666665,106.3016990363956,0.013287712379549451,5.905649946466422,1,,,,6,2,2,5,5,,,2,,,1,,,,,,,,3,,1,,,,1,1,,,,,,,,,,,,,,,,,,,,,,,,,,,,,,3,,,,,,,,,,,,,,,,,,,,,,,,,,,,,,,,,,,,,2,8,2,,1,2,1,2,2,1,1,1.0
6217,3,0,0,6,6,6,0,0,0,0,4,6,4,8,10,12,23.509775004326936,39.863137138648355,2.6666666666666665,106.3016990363956,0.013287712379549451,5.905649946466422,1,,,,6,2,2,5,5,,,2,,,1,,,,,,,,3,,1,,,1,,1,,,,,,,,,,,,,,,,,,,,,,,,,,,,,,3,,,,,,,,,,,,,,,,,,,,,,,,,,,,,,,,,,,,,2,8,2,,1,2,1,2,2,1,1,1.0
6214,4,0,0,9,7,7,0,0,0,2,6,8,6,11,14,17,39.50977500432694,64.72503367497926,4.125,266.99076390928946,0.021575011224993085,14.832820217182748,1,,,,7,2,2,7,7,,,2,,,,1,,,,,,,3,,,,,,1,1,1,,,,,,1,,,,,,,,,,,,,,,,,,,,,,,5,,2,,,,,,,,,,,,,,,,,,,,,,,,,,,,,,,,,,,3,8,2,,1,2,1,2,2,8,1,4.5
6213,4,0,0,9,7,7,0,0,0,2,6,8,6,11,14,17,39.50977500432694,64.72503367497926,4.125,266.99076390928946,0.021575011224993085,14.832820217182748,1,,,,7,2,2,7,7,,,2,,,,1,,,,,,,3,,,,,,1,1,1,,,,,,1,,,,,,,,,,,,,,,,,,,,,,,5,,2,,,,,,,,,,,,,,,,,,,,,,,,,,,,,,,,,,,3,8,2,,1,2,1,2,2,8,1,4.5
6212,4,0,0,9,7,7,0,0,0,2,6,8,6,11,14,17,39.50977500432694,64.72503367497926,4.125,266.99076390928946,0.021575011224993085,14.832820217182748,1,,,,7,2,2,7,7,,,2,,,,1,,,,,,,3,,,,,,1,1,1,,,,,,1,,,,,,,,,,,,,,,,,,,,,,,5,,2,,,,,,,,,,,,,,,,,,,,,,,,,,,,,,,,,,,3,8,2,,1,2,1,2,2,8,1,4.5
6211,4,0,0,9,7,7,0,0,0,2,6,8,6,11,14,17,39.50977500432694,64.72503367497926,4.125,266.99076390928946,0.021575011224993085,14.832820217182748,1,,,,7,2,2,7,7,,,2,,,,1,,,,,,,3,,,,,,1,1,1,,,,,,1,,,,,,,,,,,,,,,,,,,,,,,5,,2,,,,,,,,,,,,,,,,,,,,,,,,,,,,,,,,,,,3,8,2,,1,2,1,2,2,8,1,4.5
6210,4,0,0,9,7,7,0,0,0,2,6,8,6,11,14,17,39.50977500432694,64.72503367497926,4.125,266.99076390928946,0.021575011224993085,14.832820217182748,1,,,,7,2,2,7,7,,,2,,,,1,,,,,,,3,,,,,,1,1,1,,,,,,1,,,,,,,,,,,,,,,,,,,,,,,5,,2,,,,,,,,,,,,,,,,,,,,,,,,,,,,,,,,,,,3,8,2,,1,2,1,2,2,8,1,4.5
6209,4,0,0,9,7,7,0,0,0,2,6,8,6,11,14,17,39.50977500432694,64.72503367497926,4.125,266.99076390928946,0.021575011224993085,14.832820217182748,1,,,,7,2,2,7,7,,,2,,,,1,,,,,,,3,,,,,,1,1,1,,,,,,1,,,,,,,,,,,,,,,,,,,,,,,5,,2,,,,,,,,,,,,,,,,,,,,,,,,,,,,,,,,,,,3,8,2,,1,2,1,2,2,8,1,4.5
6208,4,0,0,9,7,7,0,0,0,2,6,8,6,11,14,17,39.50977500432694,64.72503367497926,4.125,266.99076390928946,0.021575011224993085,14.832820217182748,1,,,,7,2,2,7,7,,,2,,,,1,,,,,,,3,,,,,,1,1,1,,,,,,1,,,,,,,,,,,,,,,,,,,,,,,5,,2,,,,,,,,,,,,,,,,,,,,,,,,,,,,,,,,,,,3,8,2,,1,2,1,2,2,8,1,4.5
6207,4,0,0,9,7,7,0,0,0,2,6,8,6,11,14,17,39.50977500432694,64.72503367497926,4.125,266.99076390928946,0.021575011224993085,14.832820217182748,1,,,,7,2,2,7,7,,,2,,,,1,,,,,,,3,,,,,,1,1,1,,,,,,1,,,,,,,,,,,,,,,,,,,,,,,5,,2,,,,,,,,,,,,,,,,,,,,,,,,,,,,,,,,,,,3,8,2,,1,2,1,2,2,8,1,4.5
6206,4,0,0,9,7,7,0,0,0,2,6,8,6,11,14,17,39.50977500432694,64.72503367497926,4.125,266.99076390928946,0.021575011224993085,14.832820217182748,1,,,,7,2,2,7,7,,,2,,,,1,,,,,,,3,,,,,,1,1,1,,,,,,1,,,,,,,,,,,,,,,,,,,,,,,5,,2,,,,,,,,,,,,,,,,,,,,,,,,,,,,,,,,,,,3,8,2,,1,2,1,2,2,8,1,4.5
6204,2,0,0,13,10,10,0,0,0,3,2,6,4,8,8,12,17.509775004326936,36.0,1.3333333333333333,48.0,0.012,2.6666666666666665,1,,,,10,1,1,6,6,,,1,,,3,,,,,,,1,8,,,,,,,,,,,,,,,,,,,,,,,,,,,,,,,,,,,,,2,2,3,,,,,,,,,,,,,,,,,,,,,,,,,,,,,,,,,,,1,16,2,,1,2,1,2,5,13,4,10.4
6203,2,0,0,13,10,10,0,0,0,3,2,6,4,8,8,12,17.509775004326936,36.0,1.3333333333333333,48.0,0.012,2.6666666666666665,1,,,,10,1,1,6,6,,,1,,,3,,,,,,1,,8,,,,,,,,,,,,,,,,,,,,,,,,,,,,,,,,,,,,,2,2,3,,,,,,,,,,,,,,,,,,,,,,,,,,,,,,,,,,,1,16,2,,1,2,1,2,5,13,4,9.6
6202,2,0,0,13,10,10,0,0,0,3,2,6,4,8,8,12,17.509775004326936,36.0,1.3333333333333333,48.0,0.012,2.6666666666666665,1,,,,10,1,1,6,6,,,1,,,3,,,,,,,,8,,,,,,,1,,,,,,,,,,,,,,,,,,,,,,,,,,,,,,2,2,3,,,,,,,,,,,,,,,,,,,,,,,,,,,,,,,,,,,1,16,2,,1,2,1,2,5,13,4,9.2
6201,2,0,0,13,10,10,0,0,0,3,2,6,4,8,8,12,17.509775004326936,36.0,1.3333333333333333,48.0,0.012,2.6666666666666665,1,,,,10,1,1,6,6,,,1,,,3,,,,,,,1,8,,,,,,,,,,,,,,,,,,,,,,,,,,,,,,,,,,,,,2,2,3,,,,,,,,,,,,,,,,,,,,,,,,,,,,,,,,,,,1,16,2,,1,2,1,2,5,13,4,9.2
6200,2,0,0,13,10,10,0,0,0,3,2,6,4,8,8,12,17.509775004326936,36.0,1.3333333333333333,48.0,0.012,2.6666666666666665,1,,,,10,1,1,6,6,,,1,,,3,,,,,,,1,8,,,,,,,,,,,,,,,,,,,,,,,,,,,,,,,,,,,,,2,2,3,,,,,,,,,,,,,,,,,,,,,,,,,,,,,,,,,,,1,16,2,,1,2,1,2,5,13,4,9.2
6199,2,0,0,13,10,10,0,0,0,3,2,6,4,8,8,12,17.509775004326936,36.0,1.3333333333333333,48.0,0.012,2.6666666666666665,1,,,,10,1,1,6,6,,,1,,,3,,,,,,,1,8,,,,,,,,,,,,,,,,,,,,,,,,,,,,,,,,,,,,,2,2,3,,,,,,,,,,,,,,,,,,,,,,,,,,,,,,,,,,,1,16,2,,1,2,1,2,5,13,4,10.4
6198,2,0,0,13,10,10,0,0,0,3,2,6,4,8,8,12,17.509775004326936,36.0,1.3333333333333333,48.0,0.012,2.6666666666666665,1,,,,10,1,1,6,6,,,1,,,3,,,,,,,1,8,,,,,,,,,,,,,,,,,,,,,,,,,,,,,,,,,,,,,2,2,3,,,,,,,,,,,,,,,,,,,,,,,,,,,,,,,,,,,1,16,2,,1,2,1,2,5,13,4,9.6
6197,2,0,0,13,10,10,0,0,0,3,2,6,4,8,8,12,17.509775004326936,36.0,1.3333333333333333,48.0,0.012,2.6666666666666665,1,,,,10,1,1,6,6,,,1,,,3,,,,,,1,,8,,,,,,,,,,,,,,,,,,,,,,,,,,,,,,,,,,,,,2,2,3,,,,,,,,,,,,,,,,,,,,,,,,,,,,,,,,,,,1,16,2,,1,2,1,2,5,13,4,10.0
6196,2,0,0,13,10,10,0,0,0,3,2,6,4,8,8,12,17.509775004326936,36.0,1.3333333333333333,48.0,0.012,2.6666666666666665,1,,,,10,1,1,6,6,,,1,,,3,,,,,,1,,8,,,,,,,,,,,,,,,,,,,,,,,,,,,,,,,,,,,,,2,2,3,,,,,,,,,,,,,,,,,,,,,,,,,,,,,,,,,,,1,16,2,,1,2,1,2,5,13,4,10.0
6270,1,0,0,30,13,13,7,7,0,10,2,3,2,3,5,5,6.754887502163469,11.60964047443681,1.0,11.60964047443681,0.0038698801581456034,0.6449800263576005,1,,,,13,,,17,17,2,2,,1,,,1,1,1,,,,,5,,,,,,,,,,,,,,,,,,,,,,,,,,,,,,,,,,,,,3,7,17,,,,,,,,,,,,,,,,,,,,,,,,,,,,,,,,,,,2,21,,6,7,1,0,7,8,11,4,7.25
6273,7,0,0,27,22,22,0,0,0,5,3,4,5,9,7,14,12.75488750216347,39.302968908806456,3.375,132.6475200672218,0.01310098963626882,7.369306670401211,1,,,,22,6,6,16,16,2,2,6,,,3,1,1,,,,,,7,5,,,,,,,,,,,,,,,,,,,,,,,,,,,,,,,,,,,,9,,5,,,,,,,,,,,,,,,,,,,,,,,,,,,,,,,,,,,9,33,,1,9,1,0,3,8,9,1,5.5
6272,3,0,0,14,11,11,0,0,0,3,2,6,4,8,8,12,17.509775004326936,36.0,1.3333333333333333,48.0,0.012,2.6666666666666665,1,,,,11,2,2,9,9,1,1,2,1,,2,,1,,,,2,,6,,,,,,,,,,,,,,,,,,,,,,,,,,,,,,,,,,,,,5,,3,,,,,,,,,,,,,,,,,,,,,,,,,,,,,,,,,,,4,19,,3,2,1,0,5,7,12,1,5.142857142857143
6259,5,0,0,17,12,12,0,0,0,5,6,13,8,16,19,24,63.61549134016113,101.95026032264605,3.6923076923076925,376.43173042207775,0.03398342010754868,20.912873912337652,1,,,,12,3,3,10,10,3,3,3,,,,,1,,,,1,1,4,,1,,,2,,,,,,,,,2,,,,,,,,,,,,,,,,,,,,,,,6,,5,,,,,,,,,,,,,,,,,,,,,,,,,,,,,,,,,,,6,20,1,2,2,2,1,4,6,5,1,3.5
6271,6,0,0,33,23,23,2,2,0,8,5,11,9,18,16,27,49.663388279447084,108.0,4.090909090909091,441.8181818181818,0.036,24.545454545454547,1,,,1,23,5,5,19,19,3,3,5,,,3,,1,,,,1,,11,,,,,1,3,,,,,,,,,,,,,,,,,,,,,,,,,,,,,,,6,2,10,,,,,,,,,,,,,,,,,,,,,,,,,,,,,,,,,,,8,37,1,5,6,2,1,6,8,9,1,5.0
6260,5,0,0,20,18,18,0,0,0,2,3,16,11,22,19,33,68.75488750216347,140.1816079436383,2.0625,289.12456638375403,0.04672720264787944,16.06247591020856,1,,,3,18,4,4,9,9,3,3,4,4,,,,,,,,1,,6,1,,,,3,,,,,,,,,7,,,,,,,,,,,,,,,,,,,,,,,10,3,2,,,,,,,,,,,,,,,,,,,,,,,,,,,,,,,,,,,4,26,,2,1,1,0,4,7,8,1,3.5714285714285716
6264,2,0,0,15,10,10,0,0,0,5,4,8,6,11,12,17,32.0,60.94436251225966,2.75,167.59699690871406,0.020314787504086555,9.310944272706337,1,,,,10,1,1,6,6,3,3,1,,,2,3,1,,,,,1,7,,,,,,,,,,,,,,,,,,,,,,,,,,,,,,,,,,,,,5,,5,,,,,,,,,,,,,,,,,,,,,,,,,,,,,,,,,,,3,21,,1,1,1,0,3,7,5,1,3.4285714285714284
6250,8,0,0,15,15,15,0,0,0,0,3,14,11,22,17,33,58.05785641096992,134.8862737612612,2.357142857142857,317.94621672297285,0.044962091253753736,17.663678706831824,1,,,5,15,6,6,8,8,,,6,,,4,,,,,,,4,4,2,,,,,,,,,,,,,2,,,,,,,,,,,,,,,,,,,,,,,8,,,,,,,,,,,,,,,,,,,,,,,,,,,,,,,,,,,,,8,19,2,,3,1,1,2,7,17,5,9.571428571428571
6251,3,0,0,23,11,11,7,7,0,5,2,6,4,8,8,12,17.509775004326936,36.0,1.3333333333333333,48.0,0.012,2.6666666666666665,1,,,,11,3,3,8,8,5,5,3,1,,,,1,,,,,,4,,,,,1,,,,,,,,,3,,,,,,,,,,,,,,,,,,,,,,,7,7,12,,,,,,,,,,,,,,,,,,,,,,,,,,,,,,,,,,,6,16,2,3,1,2,2,4,7,6,1,4.714285714285714
6322,2,0,0,13,10,10,0,0,0,3,3,6,5,10,9,15,20.264662506490406,47.548875021634686,2.5,118.87218755408671,0.01584962500721156,6.604010419671484,1,,,,10,1,1,5,5,5,5,1,1,,1,2,1,,,,1,,7,,,,,,,,,,,,,,1,,,,,,,,,,,,,,,,,,,,,,,8,,3,,,,,,,,,,,,,,,,,,,,,,,,,,,,,,,,,,,3,19,2,,1,1,1,2,6,5,1,3.3333333333333335
6343,2,0,0,6,5,5,0,0,0,1,1,2,1,2,3,3,2.0,4.754887502163469,0.5,2.3774437510817346,0.0015849625007211565,0.1320802083934297,1,,,2,5,2,2,4,4,1,1,2,,,,,,,,,,,1,1,,,,1,,,,,,,,,,,,,,,,,,,,,,,,,,,,,,,,1,,1,,,,,,,,,,,,,,,,,,,,,,,,,,,,,,,,,,,2,4,,,2,1,0,2,2,5,4,4.5
6344,2,0,0,6,5,5,0,0,0,1,1,2,1,2,3,3,2.0,4.754887502163469,0.5,2.3774437510817346,0.0015849625007211565,0.1320802083934297,1,,,2,5,2,2,4,4,1,1,2,,,,,,,,,,,1,1,,,,1,,,,,,,,,,,,,,,,,,,,,,,,,,,,,,,,1,,1,,,,,,,,,,,,,,,,,,,,,,,,,,,,,,,,,,,2,4,,,2,1,0,2,2,5,4,4.5
6345,2,0,0,6,5,5,0,0,0,1,1,2,1,2,3,3,2.0,4.754887502163469,0.5,2.3774437510817346,0.0015849625007211565,0.1320802083934297,1,,,2,5,2,2,4,4,1,1,2,,,,,,,,,,,1,1,,,,1,,,,,,,,,,,,,,,,,,,,,,,,,,,,,,,,1,,1,,,,,,,,,,,,,,,,,,,,,,,,,,,,,,,,,,,2,4,,,2,1,0,2,2,5,4,4.5
6350,2,0,0,6,5,5,0,0,0,1,1,2,1,2,3,3,2.0,4.754887502163469,0.5,2.3774437510817346,0.0015849625007211565,0.1320802083934297,1,,,2,5,2,2,4,4,1,1,2,,,,,,,,,,,1,1,,,,1,,,,,,,,,,,,,,,,,,,,,,,,,,,,,,,,1,,1,,,,,,,,,,,,,,,,,,,,,,,,,,,,,,,,,,,2,4,,,2,1,0,2,2,5,4,4.5
6351,2,0,0,6,5,5,0,0,0,1,2,3,2,3,5,5,6.754887502163469,11.60964047443681,1.0,11.60964047443681,0.0038698801581456034,0.6449800263576005,1,,,2,5,2,2,4,4,1,1,2,,,,1,,,,,,,1,1,,,,1,,,,,,,,,,,,,,,,,,,,,,,,,,,,,,,,1,,1,,,,,,,,,,,,,,,,,,,,,,,,,,,,,,,,,,,2,4,,,2,1,0,2,2,5,4,4.5
6352,2,0,0,6,5,5,0,0,0,1,2,3,2,3,5,5,6.754887502163469,11.60964047443681,1.0,11.60964047443681,0.0038698801581456034,0.6449800263576005,1,,,2,5,2,2,4,4,1,1,2,,,,1,,,,,,,1,1,,,,1,,,,,,,,,,,,,,,,,,,,,,,,,,,,,,,,1,,1,,,,,,,,,,,,,,,,,,,,,,,,,,,,,,,,,,,2,4,,,2,1,0,2,2,5,4,4.5
6349,2,0,0,6,5,5,0,0,0,1,1,2,1,2,3,3,2.0,4.754887502163469,0.5,2.3774437510817346,0.0015849625007211565,0.1320802083934297,1,,,2,5,2,2,4,4,1,1,2,,,,,,,,,,,1,1,,,,1,,,,,,,,,,,,,,,,,,,,,,,,,,,,,,,,1,,1,,,,,,,,,,,,,,,,,,,,,,,,,,,,,,,,,,,2,4,,,2,1,0,2,2,5,4,4.5
6342,2,0,0,6,5,5,0,0,0,1,1,2,1,2,3,3,2.0,4.754887502163469,0.5,2.3774437510817346,0.0015849625007211565,0.1320802083934297,1,,,2,5,2,2,4,4,1,1,2,,,,,,,,,,,1,1,,,,1,,,,,,,,,,,,,,,,,,,,,,,,,,,,,,,,1,,1,,,,,,,,,,,,,,,,,,,,,,,,,,,,,,,,,,,2,4,,,2,1,0,2,2,5,4,4.5
6346,2,0,0,6,5,5,0,0,0,1,1,2,1,2,3,3,2.0,4.754887502163469,0.5,2.3774437510817346,0.0015849625007211565,0.1320802083934297,1,,,2,5,2,2,4,4,1,1,2,,,,,,,,,,,1,1,,,,1,,,,,,,,,,,,,,,,,,,,,,,,,,,,,,,,1,,1,,,,,,,,,,,,,,,,,,,,,,,,,,,,,,,,,,,2,4,,,2,1,0,2,2,5,4,4.5
6347,2,0,0,6,5,5,0,0,0,1,1,2,1,2,3,3,2.0,4.754887502163469,0.5,2.3774437510817346,0.0015849625007211565,0.1320802083934297,1,,,2,5,2,2,4,4,1,1,2,,,,,,,,,,,1,1,,,,1,,,,,,,,,,,,,,,,,,,,,,,,,,,,,,,,1,,1,,,,,,,,,,,,,,,,,,,,,,,,,,,,,,,,,,,2,4,,,2,1,0,2,2,5,4,4.5
6340,3,0,0,15,11,11,0,0,0,4,3,6,4,8,9,12,20.264662506490406,38.03910001730775,2.0,76.0782000346155,0.012679700005769252,4.226566668589751,1,,,,11,2,2,9,9,1,1,2,,,,,1,,,,1,,4,,,,,1,,,,,,,,,2,,,,,,,,,,,,,,,,,,,,,,,4,,4,,,,,,,,,,,,,,,,,,,,,,,,,,,,,,,,,,,4,15,1,2,2,2,1,4,6,5,1,3.5
6341,4,0,0,15,12,12,0,0,0,3,4,7,5,10,11,15,27.651484454403228,51.89147427955947,2.857142857142857,148.26135508445563,0.01729715809318649,8.236741949136423,1,,,,12,3,3,9,9,2,2,3,,,,,1,,,,1,1,4,,,,,1,,,,,,,,,2,,,,,,,,,,,,,,,,,,,,,,,4,,3,,,,,,,,,,,,,,,,,,,,,,,,,,,,,,,,,,,5,18,1,2,2,2,1,4,6,5,1,3.5
6337,4,0,0,15,12,12,0,0,0,3,3,7,5,10,10,15,24.406371956566698,49.82892142331044,2.142857142857143,106.77626019280808,0.016609640474436815,5.932014455156004,1,,,,12,3,3,9,9,2,2,3,,,,,1,,,,2,,4,,,,,1,,,,,,,,,2,,,,,,,,,,,,,,,,,,,,,,,4,,3,,,,,,,,,,,,,,,,,,,,,,,,,,,,,,,,,,,5,18,1,2,2,2,1,4,6,5,1,3.5
6339,3,0,0,14,11,11,0,0,0,3,3,6,4,8,9,12,20.264662506490406,38.03910001730775,2.0,76.0782000346155,0.012679700005769252,4.226566668589751,1,,,,11,2,2,9,9,1,1,2,,,,,1,,,,1,,4,,,,,1,,,,,,,,,2,,,,,,,,,,,,,,,,,,,,,,,4,,3,,,,,,,,,,,,,,,,,,,,,,,,,,,,,,,,,,,4,15,1,2,2,2,1,4,6,5,1,3.5
6338,4,0,0,15,12,12,0,0,0,3,4,7,5,10,11,15,27.651484454403228,51.89147427955947,2.857142857142857,148.26135508445563,0.01729715809318649,8.236741949136423,1,,,,12,3,3,9,9,2,2,3,,,,,1,,,,1,1,4,,,,,1,,,,,,,,,2,,,,,,,,,,,,,,,,,,,,,,,4,,3,,,,,,,,,,,,,,,,,,,,,,,,,,,,,,,,,,,5,18,1,2,2,2,1,4,6,5,1,3.5
6299,4,0,0,15,12,12,0,0,0,3,3,7,5,10,10,15,24.406371956566698,49.82892142331044,2.142857142857143,106.77626019280808,0.016609640474436815,5.932014455156004,1,,,,12,3,3,9,9,2,2,3,,,,,1,,,,2,,4,,,,,1,,,,,,,,,2,,,,,,,,,,,,,,,,,,,,,,,4,,3,,,,,,,,,,,,,,,,,,,,,,,,,,,,,,,,,,,5,18,1,2,2,2,1,4,6,5,1,3.5
6294,3,0,0,14,11,11,0,0,0,3,3,6,4,8,9,12,20.264662506490406,38.03910001730775,2.0,76.0782000346155,0.012679700005769252,4.226566668589751,1,,,,11,2,2,9,9,1,1,2,,,,,1,,,,1,,4,,,,,1,,,,,,,,,2,,,,,,,,,,,,,,,,,,,,,,,4,,3,,,,,,,,,,,,,,,,,,,,,,,,,,,,,,,,,,,4,15,1,2,2,2,1,4,6,5,1,3.5
6336,4,0,0,15,12,12,0,0,0,3,4,7,5,10,11,15,27.651484454403228,51.89147427955947,2.857142857142857,148.26135508445563,0.01729715809318649,8.236741949136423,1,,,,12,3,3,8,8,2,2,3,,,,,1,,,,1,1,4,,,,,1,,,,,,,,,2,,,,,,,,,,,,,,,,,,,,,,,5,,3,,,,,,,,,,,,,,,,,,,,,,,,,,,,,,,,,,,5,17,1,1,2,2,1,3,6,5,1,3.5
6335,4,0,0,15,12,12,0,0,0,3,3,7,5,10,10,15,24.406371956566698,49.82892142331044,2.142857142857143,106.77626019280808,0.016609640474436815,5.932014455156004,1,,,,12,3,3,8,8,2,2,3,,,,,1,,,,2,,4,,,,,1,,,,,,,,,2,,,,,,,,,,,,,,,,,,,,,,,5,,3,,,,,,,,,,,,,,,,,,,,,,,,,,,,,,,,,,,5,17,1,1,2,2,1,3,6,5,1,3.5
6316,5,0,0,20,18,18,0,0,0,2,3,16,11,22,19,33,68.75488750216347,140.1816079436383,2.0625,289.12456638375403,0.04672720264787944,16.06247591020856,1,,,3,18,4,4,9,9,3,3,4,4,,,,,,,,1,,6,1,,,,3,,,,,,,,,7,,,,,,,,,,,,,,,,,,,,,,,10,3,2,,,,,,,,,,,,,,,,,,,,,,,,,,,,,,,,,,,4,26,,2,1,1,0,4,7,8,1,3.5714285714285716
6315,5,0,0,20,18,18,0,0,0,2,3,16,11,22,19,33,68.75488750216347,140.1816079436383,2.0625,289.12456638375403,0.04672720264787944,16.06247591020856,1,,,3,18,4,4,9,9,3,3,4,4,,,,,,,,1,,6,1,,,,3,,,,,,,,,7,,,,,,,,,,,,,,,,,,,,,,,10,3,2,,,,,,,,,,,,,,,,,,,,,,,,,,,,,,,,,,,4,26,,2,1,1,0,4,7,8,1,3.5714285714285716
6313,5,0,0,20,18,18,0,0,0,2,3,16,11,22,19,33,68.75488750216347,140.1816079436383,2.0625,289.12456638375403,0.04672720264787944,16.06247591020856,1,,,3,18,4,4,9,9,3,3,4,4,,,,,,,,1,,6,1,,,,3,,,,,,,,,7,,,,,,,,,,,,,,,,,,,,,,,10,3,2,,,,,,,,,,,,,,,,,,,,,,,,,,,,,,,,,,,4,26,,2,1,1,0,4,7,8,1,3.5714285714285716
6312,5,0,0,20,18,18,0,0,0,2,3,16,11,22,19,33,68.75488750216347,140.1816079436383,2.0625,289.12456638375403,0.04672720264787944,16.06247591020856,1,,,3,18,4,4,9,9,3,3,4,4,,,,,,,,1,,6,1,,,,3,,,,,,,,,7,,,,,,,,,,,,,,,,,,,,,,,10,3,2,,,,,,,,,,,,,,,,,,,,,,,,,,,,,,,,,,,4,26,,2,1,1,0,4,7,8,1,3.5714285714285716
6311,5,0,0,20,18,18,0,0,0,2,3,16,11,22,19,33,68.75488750216347,140.1816079436383,2.0625,289.12456638375403,0.04672720264787944,16.06247591020856,1,,,3,18,4,4,9,9,3,3,4,4,,,,,,,,1,,6,1,,,,3,,,,,,,,,7,,,,,,,,,,,,,,,,,,,,,,,10,3,2,,,,,,,,,,,,,,,,,,,,,,,,,,,,,,,,,,,4,26,,2,1,1,0,4,7,8,1,3.5714285714285716
6310,5,0,0,20,18,18,0,0,0,2,3,16,11,22,19,33,68.75488750216347,140.1816079436383,2.0625,289.12456638375403,0.04672720264787944,16.06247591020856,1,,,3,18,4,4,9,9,3,3,4,4,,,,,,,,1,,6,1,,,,3,,,,,,,,,7,,,,,,,,,,,,,,,,,,,,,,,10,3,2,,,,,,,,,,,,,,,,,,,,,,,,,,,,,,,,,,,4,26,,2,1,1,0,4,7,8,1,3.5714285714285716
6309,5,0,0,20,18,18,0,0,0,2,3,16,11,22,19,33,68.75488750216347,140.1816079436383,2.0625,289.12456638375403,0.04672720264787944,16.06247591020856,1,,,3,18,4,4,9,9,3,3,4,4,,,,,,,,1,,6,1,,,,3,,,,,,,,,7,,,,,,,,,,,,,,,,,,,,,,,10,3,2,,,,,,,,,,,,,,,,,,,,,,,,,,,,,,,,,,,4,26,,2,1,1,0,4,7,8,1,3.5714285714285716
6308,5,0,0,20,18,18,0,0,0,2,3,16,11,22,19,33,68.75488750216347,140.1816079436383,2.0625,289.12456638375403,0.04672720264787944,16.06247591020856,1,,,3,18,4,4,9,9,3,3,4,4,,,,,,,,1,,6,1,,,,3,,,,,,,,,7,,,,,,,,,,,,,,,,,,,,,,,10,3,2,,,,,,,,,,,,,,,,,,,,,,,,,,,,,,,,,,,4,26,,2,1,1,0,4,7,8,1,3.5714285714285716
6306,5,0,0,20,18,18,0,0,0,2,3,16,11,22,19,33,68.75488750216347,140.1816079436383,2.0625,289.12456638375403,0.04672720264787944,16.06247591020856,1,,,3,18,4,4,9,9,3,3,4,4,,,,,,,,1,,6,1,,,,3,,,,,,,,,7,,,,,,,,,,,,,,,,,,,,,,,10,3,2,,,,,,,,,,,,,,,,,,,,,,,,,,,,,,,,,,,4,26,,2,1,1,0,4,7,8,1,3.5714285714285716
6305,5,0,0,20,18,18,0,0,0,2,3,16,11,22,19,33,68.75488750216347,140.1816079436383,2.0625,289.12456638375403,0.04672720264787944,16.06247591020856,1,,,3,18,4,4,9,9,3,3,4,4,,,,,,,,1,,6,1,,,,3,,,,,,,,,7,,,,,,,,,,,,,,,,,,,,,,,10,3,2,,,,,,,,,,,,,,,,,,,,,,,,,,,,,,,,,,,4,26,,2,1,1,0,4,7,8,1,3.5714285714285716
6324,3,0,0,11,10,10,0,0,0,1,4,8,5,10,12,15,32.0,53.77443751081735,2.5,134.43609377704337,0.017924812503605784,7.468671876502409,1,,,1,10,2,2,6,6,1,1,2,,,2,,1,,,,1,,6,,1,,,1,,,,,,,,,,,,,,,,,,,,,,,,,,,,,,,,4,,1,,,,,,,,,,,,,,,,,,,,,,,,,,,,,,,,,,,4,18,,1,1,1,0,3,7,5,1,3.4285714285714284
6325,3,0,0,11,10,10,0,0,0,1,4,8,5,10,12,15,32.0,53.77443751081735,2.5,134.43609377704337,0.017924812503605784,7.468671876502409,1,,,1,10,2,2,5,5,1,1,2,,,2,,1,,,,1,,6,,1,,,1,,,,,,,,,,,,,,,,,,,,,,,,,,,,,,,,4,,1,,,,,,,,,,,,,,,,,,,,,,,,,,,,,,,,,,,4,18,,1,1,1,0,3,7,5,1,3.4285714285714284
6330,3,0,0,13,10,10,0,0,0,3,5,9,6,12,14,18,40.13896548741762,68.53238859703687,3.3333333333333335,228.44129532345625,0.022844129532345624,12.691183073525346,1,,,1,10,2,2,5,5,1,1,2,,,2,1,1,,,,1,,6,,1,,,,1,,,,,,,,,,,,,,,,,,,,,,,,,,,,,,,5,,3,,,,,,,,,,,,,,,,,,,,,,,,,,,,,,,,,,,4,18,,1,1,1,0,3,7,5,1,3.4285714285714284
6329,3,0,0,13,10,10,0,0,0,3,5,9,6,12,14,18,40.13896548741762,68.53238859703687,3.3333333333333335,228.44129532345625,0.022844129532345624,12.691183073525346,1,,,1,10,2,2,5,5,1,1,2,,,2,1,1,,,,1,,6,,1,,,1,,,,,,,,,,,,,,,,,,,,,,,,,,,,,,,,5,,3,,,,,,,,,,,,,,,,,,,,,,,,,,,,,,,,,,,4,18,,1,1,1,0,3,7,5,1,3.4285714285714284
6328,3,0,0,11,10,10,0,0,0,1,4,8,5,10,12,15,32.0,53.77443751081735,2.5,134.43609377704337,0.017924812503605784,7.468671876502409,1,,,1,10,2,2,5,5,1,1,2,,,2,,1,,,,1,,6,,1,,,,1,,,,,,,,,,,,,,,,,,,,,,,,,,,,,,,4,,1,,,,,,,,,,,,,,,,,,,,,,,,,,,,,,,,,,,4,18,,1,1,1,0,3,7,5,1,3.4285714285714284
6321,3,0,0,11,10,10,0,0,0,1,4,8,5,10,12,15,32.0,53.77443751081735,2.5,134.43609377704337,0.017924812503605784,7.468671876502409,1,,,1,10,2,2,5,5,1,1,2,,,2,,1,,,,1,,6,,1,,,,1,,,,,,,,,,,,,,,,,,,,,,,,,,,,,,,4,,1,,,,,,,,,,,,,,,,,,,,,,,,,,,,,,,,,,,4,18,,1,1,1,0,3,7,5,1,3.4285714285714284
6353,3,0,0,6,5,5,0,0,0,1,2,3,3,4,5,7,6.754887502163469,16.253496664211536,1.3333333333333333,21.67132888561538,0.005417832221403845,1.2039627158675212,1,,,1,5,2,2,6,6,,,2,2,,,2,,,,,,,1,,,,,1,,,,,,,,,,,,,,,,,,,,,,,,,,,,,,,,3,,1,,,,,,,,,,,,,,,,,,,,,,,,,,,,,,,,,,,3,5,2,,2,1,2,2,2,1,1,1.0
6354,6,0,0,17,13,13,0,0,0,4,2,13,8,16,15,24,50.105716335834195,93.76537429460444,1.2307692307692308,115.40353759335932,0.03125512476486815,6.411307644075517,1,,,6,13,5,5,11,11,12,12,5,1,,4,,1,,,,,,7,2,,,,4,,,,,,,,,,,,,,,,,,,,,,,,,,,,,,,,13,,4,,,,,,,,,,,,,,,,,,,,,,,,,,,,,,,,,,,8,27,2,,1,1,2,2,9,5,1,4.111111111111111
6355,1,1,1,18,10,10,3,3,0,5,6,15,10,20,21,30,74.11313393845472,131.76952268336282,4.0,527.0780907334513,0.04392317422778761,29.282116151858403,1,,,2,10,3,3,9,9,,,3,3,,1,,,,,,,,4,,3,,,2,1,,,,,,,,1,,,,,,,,,,,,,,,,,,,,,,,9,3,8,,,,,,,,,,,,,,,,,,,,,,,,,,,,,,,,,,,7,19,3,,1,2,2,2,6,21,1,9.0
6357,5,0,0,17,15,14,0,0,0,3,2,8,4,8,10,12,26.0,39.863137138648355,1.0,39.863137138648355,0.013287712379549451,2.2146187299249087,1,,,1,14,5,5,14,14,6,6,7,3,,3,,,,,,,,5,3,,,,1,,,,,,,,,,,,,,,,,,,,,,,,,,,,,,,,3,,3,,,,,,,,,,,,,,,,,,,,,,,,,,,,,,,,,,,7,31,2,4,2,1,1,3,9,21,1,9.0
6359,2,0,0,4,4,4,0,0,0,0,1,2,2,2,3,4,2.0,6.339850002884625,0.5,3.1699250014423126,0.002113283334294875,0.17610694452457293,1,,,1,4,1,1,5,5,,,1,2,,,2,,,,,,,1,,,,,,,,,,,,,,,,,,,,,,,,,,,,,,,,,,,,,2,,,,,,,,,,,,,,,,,,,,,,,,,,,,,,,,,,,,,2,4,2,,2,1,2,2,2,1,1,1.0
6381,6,0,0,16,13,13,1,0,0,3,2,13,8,16,15,24,50.105716335834195,93.76537429460444,1.2307692307692308,115.40353759335932,0.03125512476486815,6.411307644075517,1,,,6,13,5,5,11,11,12,12,5,1,,4,,1,,,,,,7,2,,,,4,,,,,,,,,,,,,,,,,,,,,,,,,,,,,,,,13,1,3,,,,,,,,,,,,,,,,,,,,,,,,,,,,,,,,,,,8,27,2,,1,1,2,2,9,5,1,4.111111111111111
6394,3,0,0,9,8,8,1,1,0,0,2,4,2,4,6,6,10.0,15.509775004326936,1.0,15.509775004326936,0.005169925001442312,0.861654166907052,1,,,1,8,3,3,6,6,4,4,3,,,1,,1,,,,,,3,,,,,1,,,,,,,,,,,,,,,,,,,,,,,,,,,,,,,,3,1,1,,,,,,,,,,,,,,,,,,,,,,,,,,,,,,,,,,,6,15,1,1,1,1,1,3,5,6,4,5.0
6362,2,0,0,4,4,4,0,0,0,0,1,1,1,1,2,2,0.0,2.0,0.5,1.0,0.0006666666666666666,0.05555555555555555,1,,,1,4,1,1,5,5,,,1,2,,,1,,,,,,,1,,,,,,,,,,,,,,,,,,,,,,,,,,,,,,,,,,,,,2,,,,,,,,,,,,,,,,,,,,,,,,,,,,,,,,,,,,,2,4,2,,2,1,2,2,2,1,1,1.0
6372,6,0,0,17,13,13,1,0,0,4,2,13,8,16,15,24,50.105716335834195,93.76537429460444,1.2307692307692308,115.40353759335932,0.03125512476486815,6.411307644075517,1,,,6,13,5,5,11,11,12,12,5,1,,4,,1,,,,,,7,2,,,,4,,,,,,,,,,,,,,,,,,,,,,,,,,,,,,,,13,1,4,,,,,,,,,,,,,,,,,,,,,,,,,,,,,,,,,,,8,27,2,,1,1,2,2,9,5,1,4.111111111111111
6371,3,0,0,14,9,9,3,3,0,2,3,6,3,6,9,9,20.264662506490406,28.529325012980813,1.5,42.793987519471216,0.009509775004326938,2.377443751081734,1,,,1,9,3,3,6,6,3,3,3,,,,1,1,,,,,,4,,,,,1,,,,,,,,1,,,,,,,,,,,,,,,,,,,,,,,,4,3,5,,,,,,,,,,,,,,,,,,,,,,,,,,,,,,,,,,,6,16,1,1,1,1,1,3,6,11,4,6.0
6365,2,0,0,4,4,4,0,0,0,0,1,1,1,1,2,2,0.0,2.0,0.5,1.0,0.0006666666666666666,0.05555555555555555,1,,,1,4,1,1,5,5,,,1,2,,,1,,,,,,,1,,,,,,,,,,,,,,,,,,,,,,,,,,,,,,,,,,,,,2,,,,,,,,,,,,,,,,,,,,,,,,,,,,,,,,,,,,,2,4,2,,2,1,2,2,2,1,1,1.0
6380,6,0,0,16,13,13,1,0,0,3,2,13,8,16,15,24,50.105716335834195,93.76537429460444,1.2307692307692308,115.40353759335932,0.03125512476486815,6.411307644075517,1,,,6,13,5,5,11,11,12,12,5,1,,4,,1,,,,,,7,2,,,,4,,,,,,,,,,,,,,,,,,,,,,,,,,,,,,,,13,1,3,,,,,,,,,,,,,,,,,,,,,,,,,,,,,,,,,,,8,27,2,,1,1,2,2,9,5,1,4.111111111111111
6391,3,0,0,14,9,9,3,3,0,2,3,6,3,6,9,9,20.264662506490406,28.529325012980813,1.5,42.793987519471216,0.009509775004326938,2.377443751081734,1,,,1,9,3,3,6,6,3,3,3,,,,1,1,,,,,,4,,,,,1,,,,,,,,1,,,,,,,,,,,,,,,,,,,,,,,,4,3,5,,,,,,,,,,,,,,,,,,,,,,,,,,,,,,,,,,,6,16,1,1,1,1,1,3,6,11,4,6.0
6363,2,0,0,4,4,4,0,0,0,0,1,1,1,1,2,2,0.0,2.0,0.5,1.0,0.0006666666666666666,0.05555555555555555,1,,,1,4,1,1,5,5,,,1,2,,,1,,,,,,,1,,,,,,,,,,,,,,,,,,,,,,,,,,,,,,,,,,,,,2,,,,,,,,,,,,,,,,,,,,,,,,,,,,,,,,,,,,,2,4,2,,2,1,2,2,2,1,1,1.0
6377,6,0,0,16,13,13,1,0,0,3,2,13,8,16,15,24,50.105716335834195,93.76537429460444,1.2307692307692308,115.40353759335932,0.03125512476486815,6.411307644075517,1,,,6,13,5,5,11,11,12,12,5,1,,4,,1,,,,,,7,2,,,,4,,,,,,,,,,,,,,,,,,,,,,,,,,,,,,,,13,1,3,,,,,,,,,,,,,,,,,,,,,,,,,,,,,,,,,,,8,27,2,,1,1,2,2,9,5,1,4.111111111111111
6396,2,0,0,6,5,5,1,1,0,0,1,2,1,2,3,3,2.0,4.754887502163469,0.5,2.3774437510817346,0.0015849625007211565,0.1320802083934297,1,,,1,5,1,1,6,6,2,2,1,,,,,2,,,,,,2,,,,,,,,,,,,,,,,,,,,,,,,,,,,,,,,,,,,,1,1,1,,,,,,,,,,,,,,,,,,,,,,,,,,,,,,,,,,,4,11,1,1,1,1,1,3,5,6,4,5.0
6393,3,0,0,14,9,9,3,3,0,2,3,6,3,6,9,9,20.264662506490406,28.529325012980813,1.5,42.793987519471216,0.009509775004326938,2.377443751081734,1,,,1,9,3,3,6,6,3,3,3,,,1,,1,,,,,,4,,,,,1,,,,,,,,1,,,,,,,,,,,,,,,,,,,,,,,,4,3,5,,,,,,,,,,,,,,,,,,,,,,,,,,,,,,,,,,,6,16,1,1,1,1,1,3,6,8,4,5.5
6360,2,0,0,4,4,4,0,0,0,0,1,2,2,2,3,4,2.0,6.339850002884625,0.5,3.1699250014423126,0.002113283334294875,0.17610694452457293,1,,,1,4,1,1,5,5,,,1,2,,,2,,,,,,,1,,,,,,,,,,,,,,,,,,,,,,,,,,,,,,,,,,,,,2,,,,,,,,,,,,,,,,,,,,,,,,,,,,,,,,,,,,,2,4,2,,2,1,2,2,2,1,1,1.0
6378,6,0,0,16,13,13,1,0,0,3,2,13,8,16,15,24,50.105716335834195,93.76537429460444,1.2307692307692308,115.40353759335932,0.03125512476486815,6.411307644075517,1,,,6,13,5,5,11,11,12,12,5,1,,4,,1,,,,,,7,2,,,,4,,,,,,,,,,,,,,,,,,,,,,,,,,,,,,,,13,1,3,,,,,,,,,,,,,,,,,,,,,,,,,,,,,,,,,,,8,27,2,,1,1,2,2,9,5,1,4.111111111111111
6367,2,0,0,4,4,4,0,0,0,0,1,1,1,1,2,2,0.0,2.0,0.5,1.0,0.0006666666666666666,0.05555555555555555,1,,,1,4,1,1,5,5,,,1,2,,,1,,,,,,,1,,,,,,,,,,,,,,,,,,,,,,,,,,,,,,,,,,,,,2,,,,,,,,,,,,,,,,,,,,,,,,,,,,,,,,,,,,,2,4,2,,2,1,2,2,2,1,1,1.0
6366,2,0,0,4,4,4,0,0,0,0,1,2,2,2,3,4,2.0,6.339850002884625,0.5,3.1699250014423126,0.002113283334294875,0.17610694452457293,1,,,1,4,1,1,5,5,,,1,2,,,2,,,,,,,1,,,,,,,,,,,,,,,,,,,,,,,,,,,,,,,,,,,,,2,,,,,,,,,,,,,,,,,,,,,,,,,,,,,,,,,,,,,2,4,2,,2,1,2,2,2,1,1,1.0
6375,6,0,0,17,13,13,1,0,0,4,2,13,8,16,15,24,50.105716335834195,93.76537429460444,1.2307692307692308,115.40353759335932,0.03125512476486815,6.411307644075517,1,,,6,13,5,5,11,11,12,12,5,1,,4,,1,,,,,,7,2,,,,4,,,,,,,,,,,,,,,,,,,,,,,,,,,,,,,,13,1,4,,,,,,,,,,,,,,,,,,,,,,,,,,,,,,,,,,,8,27,2,,1,1,2,2,9,5,1,4.111111111111111
6358,2,0,0,4,4,4,0,0,0,0,1,2,2,2,3,4,2.0,6.339850002884625,0.5,3.1699250014423126,0.002113283334294875,0.17610694452457293,1,,,1,4,1,1,5,5,,,1,2,,,2,,,,,,,1,,,,,,,,,,,,,,,,,,,,,,,,,,,,,,,,,,,,,2,,,,,,,,,,,,,,,,,,,,,,,,,,,,,,,,,,,,,2,4,2,,2,1,2,2,2,1,1,1.0
6382,3,0,0,14,9,9,3,3,0,2,3,6,3,6,9,9,20.264662506490406,28.529325012980813,1.5,42.793987519471216,0.009509775004326938,2.377443751081734,1,,,1,9,3,3,6,6,3,3,3,,,1,,1,,,,,,4,,,,,1,,,,,,,,1,,,,,,,,,,,,,,,,,,,,,,,,4,3,5,,,,,,,,,,,,,,,,,,,,,,,,,,,,,,,,,,,6,16,1,1,1,1,1,3,6,8,4,5.5
6379,7,0,0,18,15,15,1,0,0,3,2,16,10,20,18,30,66.0,125.09775004326937,1.25,156.3721875540867,0.04169925001442312,8.687343753004818,1,,,7,15,6,6,12,12,15,15,6,1,,5,,1,,,,,,8,2,,,,5,,,,,,,,,,,,,,,,,,,,,,,,,,,,,,,,16,1,3,,,,,,,,,,,,,,,,,,,,,,,,,,,,,,,,,,,9,31,2,,1,1,2,2,9,5,1,4.111111111111111
6361,2,0,0,4,4,4,0,0,0,0,1,1,1,1,2,2,0.0,2.0,0.5,1.0,0.0006666666666666666,0.05555555555555555,1,,,1,4,1,1,5,5,,,1,2,,,1,,,,,,,1,,,,,,,,,,,,,,,,,,,,,,,,,,,,,,,,,,,,,2,,,,,,,,,,,,,,,,,,,,,,,,,,,,,,,,,,,,,2,4,2,,2,1,2,2,2,1,1,1.0
6373,6,0,0,17,13,13,1,0,0,4,2,13,8,16,15,24,50.105716335834195,93.76537429460444,1.2307692307692308,115.40353759335932,0.03125512476486815,6.411307644075517,1,,,6,13,5,5,11,11,12,12,5,1,,4,,1,,,,,,7,2,,,,4,,,,,,,,,,,,,,,,,,,,,,,,,,,,,,,,13,1,4,,,,,,,,,,,,,,,,,,,,,,,,,,,,,,,,,,,8,27,2,,1,1,2,2,9,5,1,4.111111111111111
6374,6,0,0,17,13,13,1,0,0,4,2,13,8,16,15,24,50.105716335834195,93.76537429460444,1.2307692307692308,115.40353759335932,0.03125512476486815,6.411307644075517,1,,,6,13,5,5,11,11,12,12,5,1,,4,,1,,,,,,7,2,,,,4,,,,,,,,,,,,,,,,,,,,,,,,,,,,,,,,13,1,4,,,,,,,,,,,,,,,,,,,,,,,,,,,,,,,,,,,8,27,2,,1,1,2,2,9,5,1,4.111111111111111
6364,2,0,0,4,4,4,0,0,0,0,1,1,1,1,2,2,0.0,2.0,0.5,1.0,0.0006666666666666666,0.05555555555555555,1,,,1,4,1,1,5,5,,,1,2,,,1,,,,,,,1,,,,,,,,,,,,,,,,,,,,,,,,,,,,,,,,,,,,,2,,,,,,,,,,,,,,,,,,,,,,,,,,,,,,,,,,,,,2,4,2,,2,1,2,2,2,1,1,1.0
6376,6,0,0,17,13,13,1,0,0,4,2,13,8,16,15,24,50.105716335834195,93.76537429460444,1.2307692307692308,115.40353759335932,0.03125512476486815,6.411307644075517,1,,,6,13,5,5,11,11,12,12,5,1,,4,,1,,,,,,7,2,,,,4,,,,,,,,,,,,,,,,,,,,,,,,,,,,,,,,13,1,4,,,,,,,,,,,,,,,,,,,,,,,,,,,,,,,,,,,8,27,2,,1,1,2,2,9,5,1,4.111111111111111
6368,3,0,0,10,9,9,1,1,0,0,3,3,3,6,6,9,9.509775004326938,23.264662506490403,3.0,69.79398751947122,0.007754887502163467,3.877443751081734,1,,,1,9,3,3,4,4,,,3,,,1,,2,,,,,,4,,,,,1,,,,,,,,,,,,,,,,,,,,,,,,,,,,,,,,3,1,1,,,,,,,,,,,,,,,,,,,,,,,,,,,,,,,,,,,6,13,,1,1,1,0,3,5,8,4,5.4
6113,4,0,0,14,10,10,2,2,0,2,7,13,8,17,20,25,67.75720079023742,108.04820237218406,4.576923076923077,494.52831085730395,0.03601606745739469,27.473795047628,1,,,3,10,2,2,13,13,,,2,1,,,,3,1,,,1,1,5,,,,,,,,1,,,,,1,,,,,,,,,,,,,,,,,,,,,,,,6,3,4,,,,,,,,,,,,,,,,,,,,,,,,,,,,,,,,,,,6,16,2,1,2,2,1,3,8,9,1,4.0
6114,3,0,0,11,9,9,1,1,0,1,4,12,10,20,16,30,51.01955000865388,120.0,3.3333333333333335,400.0,0.04,22.22222222222222,1,,,6,9,3,3,11,11,,,3,,,2,,,,,,1,,3,,,,,1,,,,,,,,6,,,,,,,,,,,,,,,,,,,,,,,,6,1,2,,,,,,,,,,,,,,,,,,,,,,,,,,,,,,,,,,,3,9,3,,3,3,1,2,3,1,1,1.0
6227,2,0,0,8,6,6,0,0,0,2,2,3,2,4,5,6,6.754887502163469,13.931568569324174,1.3333333333333333,18.575424759098897,0.004643856189774725,1.0319680421721609,1,,,,6,1,1,8,8,,,1,,,1,,,,,,,,4,,,,,,,1,,,,,,,,,,,,,,,,,,,,,,,,,,,,,,,,2,,,,,,,,,,,,,,,,,,,,,,,,,,,,,,,,,,,1,9,3,,1,3,1,2,3,1,1,1.0
6228,2,0,0,8,6,6,0,0,0,2,2,4,2,4,6,6,10.0,15.509775004326936,1.0,15.509775004326936,0.005169925001442312,0.861654166907052,1,,,,6,1,1,6,6,,,1,,,1,,,,,,,,4,,,,,,,,1,,,,,,,,,,,,,,,,,,,,,,,,,,,,,3,,2,,,,,,,,,,,,,,,,,,,,,,,,,,,,,,,,,,,1,7,2,,1,2,1,2,2,4,4,4.0
6229,3,0,0,9,7,7,0,0,0,2,2,5,3,6,7,9,13.60964047443681,25.26619429851844,1.2,30.319433158222125,0.008422064766172813,1.6844129532345624,1,,,,7,2,2,7,7,,,2,,,1,,,,,,,,4,,,,,,,,2,,,,,,,,,,,,,,,,,,,,,,,,,,,,,4,,2,,,,,,,,,,,,,,,,,,,,,,,,,,,,,,,,,,,2,8,2,,1,2,1,2,2,4,4,4.0
6230,2,0,0,10,8,8,0,0,0,2,3,5,4,8,8,12,16.36452797660028,36.0,2.4,86.39999999999999,0.012,4.8,1,,,,8,1,1,7,7,,,1,1,,2,,,1,,,,,6,,,,,,,,1,,,,,,,,,,,,,,,,,,,,,,,,,,,,,5,,2,,,,,,,,,,,,,,,,,,,,,,,,,,,,,,,,,,,1,12,2,1,1,2,1,3,3,5,4,4.333333333333333
6231,1,0,0,0,0,0,0,0,0,0,0,0,0,0,0,0,0,0,0,0,0.0,0.0,1,,,,,,,,,,,,,,,,,,,,,,,,,,,,,,,,,,,,,,,,,,,,,,,,,,,,,,,,,,,,,,,,,,,,,,,,,,,,,,,,,,,,,,,,,,,,,,,,,,,,,,0,0,0,0,0,0
6392,1,1,1,18,10,10,3,3,0,5,6,15,10,20,21,30,74.11313393845472,131.76952268336282,4.0,527.0780907334513,0.04392317422778761,29.282116151858403,1,,,2,10,3,3,9,9,,,3,3,,1,,,,,,,,4,,3,,,2,1,,,,,,,,1,,,,,,,,,,,,,,,,,,,,,,,9,3,8,,,,,,,,,,,,,,,,,,,,,,,,,,,,,,,,,,,7,19,3,,1,2,2,2,6,21,1,9.0
5934,1,0,0,6,4,4,0,0,0,2,2,7,4,8,9,12,21.651484454403228,38.03910001730775,1.1428571428571428,43.47325716263743,0.012679700005769252,2.415180953479857,1,,,1,4,,,4,4,,,,1,,2,,2,,,,,,3,,,,,,,,,,,,,,,,,,,,,,,,,,,,,,,,,,,,,2,2,2,,,,,,,,,,,,,,,,,,,,,,,,,,,,,,,,,,,,7,1,1,1,1,1,3,2,11,7,9.0
5904,1,0,0,0,0,0,0,0,0,0,0,0,0,0,0,0,0,0,0,0,0.0,0.0,1,,,,,,,,,,,,,,,,,,,,,,,,,,,,,,,,,,,,,,,,,,,,,,,,,,,,,,,,,,,,,,,,,,,,,,,,,,,,,,,,,,,,,,,,,,,,,,,,,,,,,,0,0,0,0,0,0
6045,2,0,0,10,8,8,0,0,0,2,3,6,4,8,9,12,20.264662506490406,38.03910001730775,2.0,76.0782000346155,0.012679700005769252,4.226566668589751,1,,,,8,1,1,6,6,,,1,1,,2,,1,1,,,1,,5,,,,,,,,,,,,,,,,,,,,,,,,,,,,,,,,,,,,,5,,2,,,,,,,,,,,,,,,,,,,,,,,,,,,,,,,,,,,3,13,1,1,1,1,1,3,5,9,1,3.2
6046,2,0,0,11,9,9,0,0,0,2,6,15,12,23,21,35,74.11313393845472,153.73110979725664,4.6,707.1631050673805,0.05124370326575221,39.286839170410026,1,,,,9,1,1,12,12,,,1,1,,4,1,4,1,,,1,,6,,,,,,,,,,,,,2,,,,,,,,,,,,,,,,,,,,,,,,9,,2,,,,,,,,,,,,,,,,,,,,,,,,,,,,,,,,,,,3,17,1,2,1,2,1,4,6,9,1,3.3333333333333335
6089,3,0,0,14,12,12,0,0,0,2,6,10,9,18,16,27,48.72905595320056,108.0,5.4,583.2,0.036,32.400000000000006,1,,,,12,3,3,6,6,,,3,1,,,,,2,,,1,,4,,1,,,1,,,,,,,,,3,1,,,,,,,,,,,,,,,,,,,,,,9,1,2,,,,,,,,,,,,,,,,,,,,,,,,,,,,,,,,,,,3,14,1,1,1,1,1,3,4,7,1,3.5
6049,4,0,0,17,17,17,0,0,0,0,7,11,11,22,18,33,57.705232259413506,137.6075250475963,7.0,963.2526753331742,0.04586917501586544,53.51403751850968,1,,,2,17,4,4,12,12,,,4,2,,1,,2,2,,,,1,9,,1,,,1,1,,,,,,,,2,,,,,,,,,,,,,,,,,,,,,,,12,2,,,,,,,,,,,,,,,,,,,,,,,,,,,,,,,,,,,,4,22,2,2,2,2,1,3,6,12,1,6.666666666666667
6189,7,0,0,28,27,27,0,0,0,1,6,13,17,33,19,50,63.61549134016113,212.39637567217926,7.615384615384615,1617.4800916573652,0.07079879189072642,89.86000509207584,1,,,5,27,10,10,17,17,,,10,3,,,,3,3,,,,3,6,3,,,,2,,2,,,,,,,4,,,,,,,,,,,,,,,,,,,,,,,21,3,1,,,,,,,,,,,,,,,,,,,,,,,,,,,,,,,,,,,10,23,2,6,7,2,1,4,5,8,4,6.0
6091,8,0,0,21,19,19,5,0,0,2,5,16,17,30,21,47,75.60964047443682,206.43891887060175,4.6875,967.6824322059457,0.06881297295686725,53.76013512255254,1,,,2,19,9,9,9,9,,,9,1,,,,,,,,,4,3,1,,,,,,2,5,,,,,,,,5,,,,,,,,,,,,,,,,,,,,,11,11,2,,,,,,,,,,,,,,,,,,,,,,,,,,,,,,,,,,,10,17,2,2,2,2,2,4,2,13,7,10.0
6092,4,0,0,16,13,13,0,0,0,3,3,8,6,12,11,18,28.75488750216347,62.26976913547136,2.25,140.10698055481055,0.020756589711823786,7.78372114193392,1,,,1,13,4,4,8,8,,,4,1,,,1,2,,,,,,8,1,,,,3,,,,,,,,,,,,,,,,,,,,,,,,,,,,,,,,6,3,3,,,,,,,,,,,,,,,,,,,,,,,,,,,,,,,,,,,4,16,2,2,1,2,2,4,4,11,8,10.25
6304,6,0,0,16,13,13,0,0,0,3,8,15,9,18,23,27,82.60335893412778,122.13617281353935,4.8,586.2536295049888,0.040712057604513116,32.569646083610486,1,,,,13,4,4,12,12,3,3,4,,,,,1,,,,1,1,4,,1,,,1,1,1,,,,,,,2,,,,,,,,,,,,,,,,,,,,,,,7,,3,,,,,,,,,,,,,,,,,,,,,,,,,,,,,,,,,,,7,21,1,3,2,2,1,4,6,5,1,3.5
6249,3,0,0,22,10,10,7,7,0,5,2,6,4,8,8,12,17.509775004326936,36.0,1.3333333333333333,48.0,0.012,2.6666666666666665,1,,,,10,3,3,7,7,6,6,3,2,,,,,,,,,,3,,,,,1,,,,,,,,,3,,,,,,,,,,,,,,,,,,,,,,,9,7,12,,,,,,,,,,,,,,,,,,,,,,,,,,,,,,,,,,,4,13,1,3,1,2,1,4,4,6,1,4.5
6395,3,0,0,9,8,8,1,1,0,0,2,4,2,4,6,6,10.0,15.509775004326936,1.0,15.509775004326936,0.005169925001442312,0.861654166907052,1,,,1,8,3,3,6,6,4,4,3,,,,1,1,,,,,,3,,,,,1,,,,,,,,,,,,,,,,,,,,,,,,,,,,,,,,3,1,1,,,,,,,,,,,,,,,,,,,,,,,,,,,,,,,,,,,6,15,1,1,1,1,1,3,5,6,4,5.0
6466,1,0,0,6,4,4,0,0,0,2,2,4,2,4,6,6,10.0,15.509775004326936,1.0,15.509775004326936,0.005169925001442312,0.861654166907052,1,,,,4,,,7,7,,,,1,,,,1,1,,,,,3,,,,,,,,,,,,,,,,,,,,,,,,,,,,,,,,,,,,,2,,2,,,,,,,,,,,,,,,,,,,,,,,,,,,,,,,,,,,,6,2,1,1,2,1,3,3,6,4,4.666666666666667
6467,1,0,0,5,3,3,0,0,0,2,1,1,1,2,2,3,0.0,3.0,1.0,3.0,0.001,0.16666666666666666,1,,,,3,,,4,4,,,,1,,,,1,,,,,,2,,,,,,,,,,,,,,,,,,,,,,,,,,,,,,,,,,,,,1,,2,,,,,,,,,,,,,,,,,,,,,,,,,,,,,,,,,,,,5,1,1,1,1,1,3,2,4,4,4.0
6468,1,0,0,6,5,5,0,0,0,1,2,9,6,12,11,18,30.529325012980813,62.26976913547136,1.3333333333333333,83.02635884729514,0.020756589711823786,4.612575491516397,1,,,,5,,,7,7,,,,1,,,,4,3,,,,,3,,,,,,,,,,,,,,,,,,,,,,,,,,,,,,,,,,,,,5,,1,,,,,,,,,,,,,,,,,,,,,,,,,,,,,,,,,,,2,10,1,1,1,1,1,3,6,7,2,4.0
6469,1,0,0,7,5,5,0,0,0,2,2,9,5,10,11,15,30.529325012980813,51.89147427955947,1.1111111111111112,57.65719364395497,0.01729715809318649,3.203177424664165,1,,,,5,,,6,6,,,,1,,,,4,2,,,,,3,,,,,,,,,,,,,,,,,,,,,,,,,,,,,,,,,,,,,4,,2,,,,,,,,,,,,,,,,,,,,,,,,,,,,,,,,,,,2,10,1,1,1,1,1,3,6,7,2,4.0
6470,1,0,0,8,5,5,0,0,0,3,2,9,6,12,11,18,30.529325012980813,62.26976913547136,1.3333333333333333,83.02635884729514,0.020756589711823786,4.612575491516397,1,,,,5,,,7,7,,,,1,,,,4,3,,,,,3,,,,,,,,,,,,,,,,,,,,,,,,,,,,,,,,,,,,,5,,3,,,,,,,,,,,,,,,,,,,,,,,,,,,,,,,,,,,2,10,1,1,1,1,1,3,6,7,2,4.0
6471,1,0,0,8,5,5,0,0,0,3,2,9,5,10,11,15,30.529325012980813,51.89147427955947,1.1111111111111112,57.65719364395497,0.01729715809318649,3.203177424664165,1,,,,5,,,6,6,,,,1,,,,4,2,,,,,3,,,,,,,,,,,,,,,,,,,,,,,,,,,,,,,,,,,,,4,,3,,,,,,,,,,,,,,,,,,,,,,,,,,,,,,,,,,,2,10,1,1,1,1,1,3,6,7,2,4.0
6472,1,0,0,8,5,5,0,0,0,3,2,9,6,12,11,18,30.529325012980813,62.26976913547136,1.3333333333333333,83.02635884729514,0.020756589711823786,4.612575491516397,1,,,,5,,,7,7,,,,1,,,,4,3,,,,,3,,,,,,,,,,,,,,,,,,,,,,,,,,,,,,,,,,,,,5,,3,,,,,,,,,,,,,,,,,,,,,,,,,,,,,,,,,,,2,10,1,1,1,1,1,3,6,7,2,4.0
6473,1,0,0,8,5,5,0,0,0,3,2,9,5,10,11,15,30.529325012980813,51.89147427955947,1.1111111111111112,57.65719364395497,0.01729715809318649,3.203177424664165,1,,,,5,,,6,6,,,,1,,,,4,2,,,,,3,,,,,,,,,,,,,,,,,,,,,,,,,,,,,,,,,,,,,4,,3,,,,,,,,,,,,,,,,,,,,,,,,,,,,,,,,,,,2,10,1,1,1,1,1,3,6,7,2,4.0
6474,1,0,0,8,5,5,0,0,0,3,2,9,6,12,11,18,30.529325012980813,62.26976913547136,1.3333333333333333,83.02635884729514,0.020756589711823786,4.612575491516397,1,,,,5,,,7,7,,,,1,,,,4,3,,,,,3,,,,,,,,,,,,,,,,,,,,,,,,,,,,,,,,,,,,,5,,3,,,,,,,,,,,,,,,,,,,,,,,,,,,,,,,,,,,2,10,1,1,1,1,1,3,6,7,2,4.0
6475,1,0,0,8,5,5,0,0,0,3,2,9,5,10,11,15,30.529325012980813,51.89147427955947,1.1111111111111112,57.65719364395497,0.01729715809318649,3.203177424664165,1,,,,5,,,6,6,,,,1,,,,4,2,,,,,3,,,,,,,,,,,,,,,,,,,,,,,,,,,,,,,,,,,,,4,,3,,,,,,,,,,,,,,,,,,,,,,,,,,,,,,,,,,,2,10,1,1,1,1,1,3,6,7,2,4.0
6476,1,0,0,5,3,3,0,0,0,2,1,2,1,2,3,3,2.0,4.754887502163469,0.5,2.3774437510817346,0.0015849625007211565,0.1320802083934297,1,,,,3,,,4,4,,,,1,,,,1,,,,,,2,,,,,,,,,,,,,,,,,,,,,,,,,,,,,,,,,,,,,1,1,2,,,,,,,,,,,,,,,,,,,,,,,,,,,,,,,,,,,,4,1,1,1,1,1,3,2,22,9,15.5
6477,1,0,0,5,3,3,0,0,0,2,1,2,1,2,3,3,2.0,4.754887502163469,0.5,2.3774437510817346,0.0015849625007211565,0.1320802083934297,1,,,,3,,,4,4,,,,1,,,,1,,,,,,2,,,,,,,,,,,,,,,,,,,,,,,,,,,,,,,,,,,,,1,1,2,,,,,,,,,,,,,,,,,,,,,,,,,,,,,,,,,,,,4,1,1,1,1,1,3,2,20,9,14.5
6478,1,0,0,5,3,3,0,0,0,2,1,2,1,2,3,3,2.0,4.754887502163469,0.5,2.3774437510817346,0.0015849625007211565,0.1320802083934297,1,,,,3,,,4,4,,,,1,,,,1,,,,,,2,,,,,,,,,,,,,,,,,,,,,,,,,,,,,,,,,,,,,1,1,2,,,,,,,,,,,,,,,,,,,,,,,,,,,,,,,,,,,,4,1,1,1,1,1,3,2,15,9,12.0
6479,1,0,0,5,3,3,0,0,0,2,1,2,1,2,3,3,2.0,4.754887502163469,0.5,2.3774437510817346,0.0015849625007211565,0.1320802083934297,1,,,,3,,,4,4,,,,1,,,,1,,,,,,2,,,,,,,,,,,,,,,,,,,,,,,,,,,,,,,,,,,,,1,1,2,,,,,,,,,,,,,,,,,,,,,,,,,,,,,,,,,,,,4,1,1,1,1,1,3,2,21,9,15.0
6480,1,0,0,5,3,3,0,0,0,2,1,2,1,2,3,3,2.0,4.754887502163469,0.5,2.3774437510817346,0.0015849625007211565,0.1320802083934297,1,,,,3,,,4,4,,,,1,,,,1,,,,,,2,,,,,,,,,,,,,,,,,,,,,,,,,,,,,,,,,,,,,1,1,2,,,,,,,,,,,,,,,,,,,,,,,,,,,,,,,,,,,,4,1,1,1,1,1,3,2,19,9,14.0
6481,1,0,0,5,3,3,0,0,0,2,1,2,1,2,3,3,2.0,4.754887502163469,0.5,2.3774437510817346,0.0015849625007211565,0.1320802083934297,1,,,,3,,,4,4,,,,1,,,,1,,,,,,2,,,,,,,,,,,,,,,,,,,,,,,,,,,,,,,,,,,,,1,1,2,,,,,,,,,,,,,,,,,,,,,,,,,,,,,,,,,,,,4,1,1,1,1,1,3,2,21,9,15.0
6482,1,0,0,5,3,3,0,0,0,2,1,2,1,2,3,3,2.0,4.754887502163469,0.5,2.3774437510817346,0.0015849625007211565,0.1320802083934297,1,,,,3,,,4,4,,,,1,,,,1,,,,,,2,,,,,,,,,,,,,,,,,,,,,,,,,,,,,,,,,,,,,1,1,2,,,,,,,,,,,,,,,,,,,,,,,,,,,,,,,,,,,,4,1,1,1,1,1,3,2,10,9,9.5
6483,1,0,0,5,3,3,0,0,0,2,1,2,1,2,3,3,2.0,4.754887502163469,0.5,2.3774437510817346,0.0015849625007211565,0.1320802083934297,1,,,,3,,,4,4,,,,1,,,,1,,,,,,2,,,,,,,,,,,,,,,,,,,,,,,,,,,,,,,,,,,,,1,1,2,,,,,,,,,,,,,,,,,,,,,,,,,,,,,,,,,,,,4,1,1,1,1,1,3,2,11,9,10.0
6484,1,0,0,5,3,3,0,0,0,2,1,2,1,2,3,3,2.0,4.754887502163469,0.5,2.3774437510817346,0.0015849625007211565,0.1320802083934297,1,,,,3,,,4,4,,,,1,,,,1,,,,,,2,,,,,,,,,,,,,,,,,,,,,,,,,,,,,,,,,,,,,1,1,2,,,,,,,,,,,,,,,,,,,,,,,,,,,,,,,,,,,,4,1,1,1,1,1,3,2,20,9,14.5
6485,1,0,0,5,3,3,0,0,0,2,1,2,1,2,3,3,2.0,4.754887502163469,0.5,2.3774437510817346,0.0015849625007211565,0.1320802083934297,1,,,,3,,,4,4,,,,1,,,,1,,,,,,2,,,,,,,,,,,,,,,,,,,,,,,,,,,,,,,,,,,,,1,1,2,,,,,,,,,,,,,,,,,,,,,,,,,,,,,,,,,,,,4,1,1,1,1,1,3,2,19,9,14.0
6498,2,0,0,5,5,5,0,0,0,0,1,2,1,2,3,3,2.0,4.754887502163469,0.5,2.3774437510817346,0.0015849625007211565,0.1320802083934297,1,,,2,5,2,2,4,4,,,2,,,,,,,,,,,1,,,,,,,,1,,,,,,,,,,,,,,,,,,,,,,,,,,,,,1,,,,,,,,,,,,,,,,,,,,,,,,,,,,,,,,,,,,,2,2,1,,2,1,1,2,1,5,5,5.0
6496,2,0,0,6,5,5,0,0,0,1,1,2,1,2,3,3,2.0,4.754887502163469,0.5,2.3774437510817346,0.0015849625007211565,0.1320802083934297,1,,,2,5,2,2,4,4,,,2,,,,,,,,,,,1,,,,,,,,1,,,,,,,,,,,,,,,,,,,,,,,,,,,,,1,,1,,,,,,,,,,,,,,,,,,,,,,,,,,,,,,,,,,,2,2,1,,2,1,1,2,1,1,1,1.0
6497,2,0,0,7,7,7,0,0,0,0,3,4,3,6,7,9,12.75488750216347,25.26619429851844,2.25,56.848937171666485,0.008422064766172813,3.158274287314805,1,,,,7,2,2,6,6,,,2,1,,,1,1,,,,,,3,,,,,,,,1,,,,,,,,,,,,,,,,,,,,,,,,,,,,,1,2,,,,,,,,,,,,,,,,,,,,,,,,,,,,,,,,,,,,2,9,1,1,2,1,1,3,3,11,8,10.0
6512,2,0,0,7,5,5,0,0,0,2,4,8,5,10,12,15,32.0,53.77443751081735,2.5,134.43609377704337,0.017924812503605784,7.468671876502409,1,,,,5,1,1,7,7,,,1,1,,,1,2,1,,,,1,3,,,,,,,,,,,,,,,,,,,,,,,,,,,,,,,,,,,,,4,1,2,,,,,,,,,,,,,,,,,,,,,,,,,,,,,,,,,,,1,8,1,1,1,1,1,3,2,5,1,3.0
6514,2,0,0,6,5,5,0,0,0,1,1,2,1,2,3,3,2.0,4.754887502163469,0.5,2.3774437510817346,0.0015849625007211565,0.1320802083934297,1,,,3,5,2,2,5,5,,,2,1,,,,,,,,,,1,1,,,,1,,,,,,,,,,,,,,,,,,,,,,,,,,,,,,,,,,1,,,,,,,,,,,,,,,,,,,,,,,,,,,,,,,,,,,2,4,,,2,1,0,2,2,5,4,4.5
6509,2,0,0,9,6,6,0,0,0,3,4,9,5,10,13,15,36.52932501298081,55.506595772116384,2.2222222222222223,123.34799060470309,0.01850219859070546,6.852666144705727,1,,,,6,1,1,9,9,,,1,1,,,1,2,1,,,,,4,,,,,,,,1,,,,,,,,,,,,,,,,,,,,,,,,,,,,,4,1,3,,,,,,,,,,,,,,,,,,,,,,,,,,,,,,,,,,,1,9,2,1,1,2,1,3,3,5,1,2.3333333333333335
6533,2,0,0,6,5,5,0,0,0,1,1,2,1,2,3,3,2.0,4.754887502163469,0.5,2.3774437510817346,0.0015849625007211565,0.1320802083934297,1,,,3,5,2,2,5,5,,,2,1,,,,,,,,,,1,1,,,,1,,,,,,,,,,,,,,,,,,,,,,,,,,,,,,,,,,1,,,,,,,,,,,,,,,,,,,,,,,,,,,,,,,,,,,2,4,,,2,1,0,2,2,5,4,4.5
6532,2,0,0,6,5,5,0,0,0,1,1,2,1,2,3,3,2.0,4.754887502163469,0.5,2.3774437510817346,0.0015849625007211565,0.1320802083934297,1,,,3,5,2,2,5,5,,,2,1,,,,,,,,,,1,1,,,,1,,,,,,,,,,,,,,,,,,,,,,,,,,,,,,,,,,1,,,,,,,,,,,,,,,,,,,,,,,,,,,,,,,,,,,2,4,,,2,1,0,2,2,5,4,4.5
6534,2,0,0,6,5,5,0,0,0,1,1,2,1,2,3,3,2.0,4.754887502163469,0.5,2.3774437510817346,0.0015849625007211565,0.1320802083934297,1,,,3,5,2,2,5,5,,,2,1,,,,,,,,,,1,1,,,,1,,,,,,,,,,,,,,,,,,,,,,,,,,,,,,,,,,1,,,,,,,,,,,,,,,,,,,,,,,,,,,,,,,,,,,2,4,,,2,1,0,2,2,5,4,4.5
6507,2,0,0,6,5,5,0,0,0,1,4,8,5,10,12,15,32.0,53.77443751081735,2.5,134.43609377704337,0.017924812503605784,7.468671876502409,1,,,,5,1,1,7,7,,,1,1,,,1,2,1,,,,1,3,,,,,,,,,,,,,,,,,,,,,,,,,,,,,,,,,,,,,5,,1,,,,,,,,,,,,,,,,,,,,,,,,,,,,,,,,,,,1,8,1,1,1,1,1,3,2,5,1,3.0
6528,2,0,0,6,5,5,0,0,0,1,1,2,1,2,3,3,2.0,4.754887502163469,0.5,2.3774437510817346,0.0015849625007211565,0.1320802083934297,1,,,3,5,2,2,5,5,,,2,1,,,,,,,,,,1,1,,,,1,,,,,,,,,,,,,,,,,,,,,,,,,,,,,,,,,,1,,,,,,,,,,,,,,,,,,,,,,,,,,,,,,,,,,,2,4,,,2,1,0,2,2,5,4,4.5
6513,2,0,0,7,5,5,0,0,0,2,4,8,5,10,12,15,32.0,53.77443751081735,2.5,134.43609377704337,0.017924812503605784,7.468671876502409,1,,,,5,1,1,7,7,,,1,1,,,1,2,1,,,,,3,,,,,,,,1,,,,,,,,,,,,,,,,,,,,,,,,,,,,,5,,2,,,,,,,,,,,,,,,,,,,,,,,,,,,,,,,,,,,1,8,1,1,1,1,1,3,2,5,1,3.0
6505,2,0,0,8,6,6,1,0,0,2,4,9,5,10,13,15,36.52932501298081,55.506595772116384,2.2222222222222223,123.34799060470309,0.01850219859070546,6.852666144705727,1,,,3,6,1,1,9,9,,,1,1,,,1,2,1,,,,,4,1,,,,1,,,,,,,,,,,,,,,,,,,,,,,,,,,,,,,,4,1,2,,,,,,,,,,,,,,,,,,,,,,,,,,,,,,,,,,,1,10,1,1,1,2,1,3,4,5,3,4.25
6515,2,0,0,6,5,5,0,0,0,1,1,2,1,2,3,3,2.0,4.754887502163469,0.5,2.3774437510817346,0.0015849625007211565,0.1320802083934297,1,,,3,5,2,2,5,5,,,2,1,,,,,,,,,,1,1,,,,1,,,,,,,,,,,,,,,,,,,,,,,,,,,,,,,,,,1,,,,,,,,,,,,,,,,,,,,,,,,,,,,,,,,,,,2,4,,,2,1,0,2,2,5,4,4.5
6529,2,0,0,6,5,5,0,0,0,1,1,2,1,2,3,3,2.0,4.754887502163469,0.5,2.3774437510817346,0.0015849625007211565,0.1320802083934297,1,,,3,5,2,2,5,5,,,2,1,,,,,,,,,,1,1,,,,1,,,,,,,,,,,,,,,,,,,,,,,,,,,,,,,,,,1,,,,,,,,,,,,,,,,,,,,,,,,,,,,,,,,,,,2,4,,,2,1,0,2,2,5,4,4.5
6531,2,0,0,6,5,5,0,0,0,1,1,2,1,2,3,3,2.0,4.754887502163469,0.5,2.3774437510817346,0.0015849625007211565,0.1320802083934297,1,,,3,5,2,2,5,5,,,2,1,,,,,,,,,,1,1,,,,1,,,,,,,,,,,,,,,,,,,,,,,,,,,,,,,,,,1,,,,,,,,,,,,,,,,,,,,,,,,,,,,,,,,,,,2,4,,,2,1,0,2,2,5,4,4.5
6511,2,0,0,9,6,6,0,0,0,3,4,9,5,10,13,15,36.52932501298081,55.506595772116384,2.2222222222222223,123.34799060470309,0.01850219859070546,6.852666144705727,1,,,1,6,1,1,9,9,,,1,1,,,1,2,1,,,,,4,1,,,,1,,,,,,,,,,,,,,,,,,,,,,,,,,,,,,,,3,1,3,,,,,,,,,,,,,,,,,,,,,,,,,,,,,,,,,,,1,10,1,1,1,2,1,3,4,5,1,3.75
6510,2,0,0,9,6,6,0,0,0,3,4,9,5,10,13,15,36.52932501298081,55.506595772116384,2.2222222222222223,123.34799060470309,0.01850219859070546,6.852666144705727,1,,,1,6,1,1,8,8,,,1,1,,,1,2,1,,,,,4,,,,,1,,,,,,,,,,,,,,,,,,,,,,,,,,,,,,,,4,,3,,,,,,,,,,,,,,,,,,,,,,,,,,,,,,,,,,,1,9,1,1,1,2,1,3,3,5,1,3.0
6506,2,0,0,9,6,6,0,0,0,3,4,9,5,10,13,15,36.52932501298081,55.506595772116384,2.2222222222222223,123.34799060470309,0.01850219859070546,6.852666144705727,1,,,1,6,1,1,9,9,,,1,1,,,1,2,1,,,,,4,1,,,,1,,,,,,,,,,,,,,,,,,,,,,,,,,,,,,,,4,,3,,,,,,,,,,,,,,,,,,,,,,,,,,,,,,,,,,,1,10,1,1,1,2,1,3,4,9,1,5.0
6530,2,0,0,6,5,5,0,0,0,1,1,2,1,2,3,3,2.0,4.754887502163469,0.5,2.3774437510817346,0.0015849625007211565,0.1320802083934297,1,,,3,5,2,2,5,5,,,2,1,,,,,,,,,,1,1,,,,1,,,,,,,,,,,,,,,,,,,,,,,,,,,,,,,,,,1,,,,,,,,,,,,,,,,,,,,,,,,,,,,,,,,,,,2,4,,,2,1,0,2,2,5,4,4.5
6508,2,0,0,7,5,5,0,0,0,2,4,8,5,10,12,15,32.0,53.77443751081735,2.5,134.43609377704337,0.017924812503605784,7.468671876502409,1,,,,5,1,1,7,7,,,1,1,,,1,2,1,,,,1,3,,,,,,,,,,,,,,,,,,,,,,,,,,,,,,,,,,,,,5,,2,,,,,,,,,,,,,,,,,,,,,,,,,,,,,,,,,,,1,8,1,1,1,1,1,3,2,5,1,3.0
6535,2,0,0,6,5,5,0,0,0,1,1,2,1,2,3,3,2.0,4.754887502163469,0.5,2.3774437510817346,0.0015849625007211565,0.1320802083934297,1,,,3,5,2,2,5,5,,,2,1,,,,,,,,,,1,1,,,,1,,,,,,,,,,,,,,,,,,,,,,,,,,,,,,,,,,1,,,,,,,,,,,,,,,,,,,,,,,,,,,,,,,,,,,2,4,,,2,1,0,2,2,5,4,4.5
6504,2,0,0,8,6,6,0,0,0,2,3,7,6,12,10,18,24.406371956566698,59.794705707972525,2.5714285714285716,153.75781467764364,0.019931568569324175,8.542100815424646,1,,,,6,2,2,8,8,,,2,1,,,1,4,,,,,,3,,,,,,,1,,,,,,,,,,,,,,,,,,,,,,,,,,,,,,5,1,2,,,,,,,,,,,,,,,,,,,,,,,,,,,,,,,,,,,2,8,1,1,1,1,1,3,2,5,1,3.0
6526,3,0,0,16,12,12,0,0,0,4,3,9,5,10,12,15,33.28421251514428,53.77443751081735,1.6666666666666667,89.62406251802892,0.017924812503605784,4.9791145843349405,1,,,3,12,3,3,9,9,,,3,2,,2,,,1,,,,,8,,,,,,,,2,,,,,,,,,,,,,,,,,,,,,,,,,,,,,2,2,4,,,,,,,,,,,,,,,,,,,,,,,,,,,,,,,,,,,3,16,3,1,1,3,1,3,5,8,5,5.6
6527,5,0,0,20,18,18,0,0,0,2,5,11,11,21,16,32,49.663388279447084,128.0,4.7727272727272725,610.9090909090909,0.042666666666666665,33.93939393939394,1,,,,18,7,7,8,8,,,7,1,,2,2,2,,,,1,,10,,,,,,,4,,,,,,,,,,,,,,,,,,,,,,,,,,,,,,8,7,2,,,,,,,,,,,,,,,,,,,,,,,,,,,,,,,,,,,7,20,2,1,1,2,1,3,4,12,4,7.5
6525,7,0,0,16,13,13,0,0,0,3,6,14,13,26,20,39,68.81274391313339,168.55519570060713,5.571428571428571,939.0932331890968,0.05618506523353571,52.171846288283156,1,,,3,13,4,4,5,5,,,4,1,,,1,3,,,,1,,8,,,,,3,,,2,,,,,,,,,,,,,,,,,,,,,,,,,,,,,5,3,3,,,,,,,,,,,,,,,,,,,,,,,,,,,,,,,,,,,7,21,1,1,1,2,1,3,4,18,8,11.5
6580,3,0,0,18,10,10,7,6,0,2,5,5,5,10,10,15,23.21928094887362,49.82892142331044,5.0,249.1446071165522,0.016609640474436815,13.841367062030677,1,,,2,10,3,3,4,4,,,3,,,1,,,,,,,1,6,,1,,,1,,,,,,,,,,,,,,,,,,,,1,,,,,,,,,,,,4,7,8,,,,,,,,,,,,,,,,,,,,,,,,,,,,,,,,,,,3,13,2,,1,1,2,2,3,7,5,6.333333333333333
6582,2,0,0,12,7,7,4,4,0,1,3,4,3,6,7,9,12.75488750216347,25.26619429851844,2.25,56.848937171666485,0.008422064766172813,3.158274287314805,1,,,,7,1,1,3,3,,,1,,,,,,,,,,,3,,,,,,,1,,,,,,,1,,1,,,,,,,,,,,,,,,,,,,,,3,4,5,,,,,,,,,,,,,,,,,,,,,,,,,,,,,,,,,,,1,9,1,,1,1,1,2,3,9,6,7.666666666666667
6581,2,0,0,7,4,4,2,2,0,1,2,3,2,4,5,6,6.754887502163469,13.931568569324174,1.3333333333333333,18.575424759098897,0.004643856189774725,1.0319680421721609,1,,,,4,1,1,3,3,,,1,,,,,,,,,,,1,,,,,,,,1,,,,,,,1,,,,,,,,,,,,,,,,,,,,,,2,2,3,,,,,,,,,,,,,,,,,,,,,,,,,,,,,,,,,,,1,4,1,,1,1,1,2,1,6,6,6.0
6549,3,0,0,8,7,7,0,0,0,1,2,2,2,4,4,6,4.0,12.0,2.0,24.0,0.004,1.3333333333333333,1,,,3,7,3,3,7,7,,,3,,,,,,,,,1,,1,,,,,1,,,,,,,,,,,,,,,,,,,,,,,,,,,,,,,,2,,1,,,,,,,,,,,,,,,,,,,,,,,,,,,,,,,,,,,3,3,1,,3,1,1,2,1,1,1,1.0
6567,3,0,0,10,9,9,0,0,0,1,3,6,5,10,9,15,20.264662506490406,47.548875021634686,2.5,118.87218755408671,0.01584962500721156,6.604010419671484,1,,,1,9,3,3,6,6,,,3,2,,,,,,,,1,,2,,,,,1,,,,,,,,,3,,,,,,,,,,,,,,,,,,,,,,,4,3,1,,,,,,,,,,,,,,,,,,,,,,,,,,,,,,,,,,,3,8,1,1,1,1,1,3,2,5,1,3.0
6557,3,0,0,8,7,7,0,0,0,1,2,2,2,4,4,6,4.0,12.0,2.0,24.0,0.004,1.3333333333333333,1,,,3,7,3,3,7,7,,,3,,,,,,,,,1,,1,,,,,1,,,,,,,,,,,,,,,,,,,,,,,,,,,,,,,,2,,1,,,,,,,,,,,,,,,,,,,,,,,,,,,,,,,,,,,3,3,1,,3,1,1,2,1,1,1,1.0
6564,3,0,0,10,9,9,0,0,0,1,4,7,6,12,11,18,27.651484454403228,62.26976913547136,3.4285714285714284,213.49635132161606,0.020756589711823786,11.860908406756447,1,,,1,9,3,3,4,4,,,3,2,,3,,1,,,,1,,5,,,,,1,,,,,,,,,,,,,,,,,,,,,,,,,,,,,,,,4,3,1,,,,,,,,,,,,,,,,,,,,,,,,,,,,,,,,,,,3,12,1,1,1,1,1,3,2,6,1,3.5
6548,3,0,0,8,7,7,0,0,0,1,2,2,2,4,4,6,4.0,12.0,2.0,24.0,0.004,1.3333333333333333,1,,,3,7,3,3,7,7,,,3,,,,,,,,,1,,1,,,,,1,,,,,,,,,,,,,,,,,,,,,,,,,,,,,,,,2,,1,,,,,,,,,,,,,,,,,,,,,,,,,,,,,,,,,,,3,3,1,,3,1,1,2,1,1,1,1.0
6565,3,0,0,11,9,9,0,0,0,2,3,5,5,10,8,15,16.36452797660028,45.0,3.0,135.0,0.015,7.5,1,,,1,9,3,3,6,6,,,3,2,,3,,,,,,1,,5,,,,,1,,,,,,,,,,,,,,,,,,,,,,,,,,,,,,,,4,3,2,,,,,,,,,,,,,,,,,,,,,,,,,,,,,,,,,,,3,11,1,1,1,1,1,3,2,5,1,3.0
6554,3,0,0,8,7,7,0,0,0,1,2,2,2,4,4,6,4.0,12.0,2.0,24.0,0.004,1.3333333333333333,1,,,3,7,3,3,7,7,,,3,,,,,,,,,1,,1,,,,,1,,,,,,,,,,,,,,,,,,,,,,,,,,,,,,,,2,,1,,,,,,,,,,,,,,,,,,,,,,,,,,,,,,,,,,,3,3,1,,3,1,1,2,1,1,1,1.0
6571,3,0,0,12,9,9,0,0,0,3,3,6,5,10,9,15,20.264662506490406,47.548875021634686,2.5,118.87218755408671,0.01584962500721156,6.604010419671484,1,,,1,9,3,3,4,4,,,3,2,,,,,,,,1,,2,,,,,1,,,,,,,,,3,,,,,,,,,,,,,,,,,,,,,,,4,3,3,,,,,,,,,,,,,,,,,,,,,,,,,,,,,,,,,,,3,8,1,1,1,1,1,3,2,5,4,4.5
6559,3,0,0,8,7,7,0,0,0,1,2,2,2,4,4,6,4.0,12.0,2.0,24.0,0.004,1.3333333333333333,1,,,3,7,3,3,7,7,,,3,,,,,,,,,1,,1,,,,,1,,,,,,,,,,,,,,,,,,,,,,,,,,,,,,,,2,,1,,,,,,,,,,,,,,,,,,,,,,,,,,,,,,,,,,,3,3,1,,3,1,1,2,1,1,1,1.0
6566,3,0,0,11,9,9,0,0,0,2,3,6,5,10,9,15,20.264662506490406,47.548875021634686,2.5,118.87218755408671,0.01584962500721156,6.604010419671484,1,,,1,9,3,3,6,6,,,3,2,,3,,,,,,1,,5,,,,,1,,,,,,,,,,,,,,,,,,,,,,,,,,,,,,,,4,3,2,,,,,,,,,,,,,,,,,,,,,,,,,,,,,,,,,,,3,11,1,1,1,1,1,3,2,5,1,3.0
6563,3,0,0,10,9,9,0,0,0,1,4,7,6,12,11,18,27.651484454403228,62.26976913547136,3.4285714285714284,213.49635132161606,0.020756589711823786,11.860908406756447,1,,,1,9,3,3,4,4,,,3,2,,3,,1,,,,1,,5,,,,,1,,,,,,,,,,,,,,,,,,,,,,,,,,,,,,,,4,3,1,,,,,,,,,,,,,,,,,,,,,,,,,,,,,,,,,,,3,12,1,1,1,1,1,3,2,6,1,3.5
6555,3,0,0,8,7,7,0,0,0,1,2,2,2,4,4,6,4.0,12.0,2.0,24.0,0.004,1.3333333333333333,1,,,3,7,3,3,7,7,,,3,,,,,,,,,1,,1,,,,,1,,,,,,,,,,,,,,,,,,,,,,,,,,,,,,,,2,,1,,,,,,,,,,,,,,,,,,,,,,,,,,,,,,,,,,,3,3,1,,3,1,1,2,1,1,1,1.0
6558,3,0,0,8,7,7,0,0,0,1,2,2,2,4,4,6,4.0,12.0,2.0,24.0,0.004,1.3333333333333333,1,,,3,7,3,3,7,7,,,3,,,,,,,,,1,,1,,,,,1,,,,,,,,,,,,,,,,,,,,,,,,,,,,,,,,2,,1,,,,,,,,,,,,,,,,,,,,,,,,,,,,,,,,,,,3,3,1,,3,1,1,2,1,1,1,1.0
6569,3,0,0,12,9,9,0,0,0,3,3,6,5,10,9,15,20.264662506490406,47.548875021634686,2.5,118.87218755408671,0.01584962500721156,6.604010419671484,1,,,1,9,3,3,4,4,,,3,2,,,,,,,,1,,2,,,,,1,,,,,,,,,3,,,,,,,,,,,,,,,,,,,,,,,4,3,3,,,,,,,,,,,,,,,,,,,,,,,,,,,,,,,,,,,3,8,1,1,1,1,1,3,2,8,5,6.5
6562,3,0,0,8,7,7,0,0,0,1,2,2,2,4,4,6,4.0,12.0,2.0,24.0,0.004,1.3333333333333333,1,,,3,7,3,3,7,7,,,3,,,,,,,,,1,,1,,,,,1,,,,,,,,,,,,,,,,,,,,,,,,,,,,,,,,2,,1,,,,,,,,,,,,,,,,,,,,,,,,,,,,,,,,,,,3,3,1,,3,1,1,2,1,1,1,1.0
6572,3,0,0,12,9,9,0,0,0,3,4,6,6,12,10,18,23.509775004326936,59.794705707972525,4.0,239.1788228318901,0.019931568569324175,13.28771237954945,1,,,1,9,3,3,6,6,,,3,2,,,,1,,,,1,,2,,,,,1,,,,,,,,,3,,,,,,,,,,,,,,,,,,,,,,,5,2,3,,,,,,,,,,,,,,,,,,,,,,,,,,,,,,,,,,,3,9,1,1,1,1,1,3,2,5,1,3.0
6561,3,0,0,8,7,7,0,0,0,1,2,2,2,4,4,6,4.0,12.0,2.0,24.0,0.004,1.3333333333333333,1,,,3,7,3,3,7,7,,,3,,,,,,,,,1,,1,,,,,1,,,,,,,,,,,,,,,,,,,,,,,,,,,,,,,,2,,1,,,,,,,,,,,,,,,,,,,,,,,,,,,,,,,,,,,3,3,1,,3,1,1,2,1,1,1,1.0
6570,3,0,0,11,9,9,0,0,0,2,3,6,5,10,9,15,20.264662506490406,47.548875021634686,2.5,118.87218755408671,0.01584962500721156,6.604010419671484,1,,,1,9,3,3,5,5,,,3,2,,,,,,,,1,,2,,,,,1,,,,,,,,,3,,,,,,,,,,,,,,,,,,,,,,,4,3,2,,,,,,,,,,,,,,,,,,,,,,,,,,,,,,,,,,,3,8,1,1,1,1,1,3,2,5,1,3.0
6568,4,0,0,10,9,9,0,0,0,1,2,10,6,12,12,18,35.219280948873624,64.52932501298082,1.2,77.43519001557698,0.02150977500432694,4.301955000865387,1,,,4,9,3,3,6,6,,,3,2,,,,,,,,,,2,3,,,,3,,,,,,,,,3,,,,,,,,,,,,,,,,,,,,,,,4,1,1,,,,,,,,,,,,,,,,,,,,,,,,,,,,,,,,,,,3,12,,1,1,1,0,3,3,5,5,5.0
6560,3,0,0,8,7,7,0,0,0,1,2,2,2,4,4,6,4.0,12.0,2.0,24.0,0.004,1.3333333333333333,1,,,3,7,3,3,7,7,,,3,,,,,,,,,1,,1,,,,,1,,,,,,,,,,,,,,,,,,,,,,,,,,,,,,,,2,,1,,,,,,,,,,,,,,,,,,,,,,,,,,,,,,,,,,,3,3,1,,3,1,1,2,1,1,1,1.0
6599,5,0,0,20,17,17,5,0,0,3,3,11,8,16,14,24,42.808635307173745,91.37651812938249,2.1818181818181817,199.36694864592542,0.03045883937646083,11.075941591440301,1,,,6,17,4,4,10,10,,,4,3,,,,,,,,1,,6,3,,,,3,,,,,,,,,4,,,,,,,,,,,,,,,,,,,,,,,8,5,3,,,,,,,,,,,,,,,,,,,,,,,,,,,,,,,,,,,4,21,1,,3,2,1,2,7,5,1,3.7142857142857144
6604,2,0,0,11,7,7,1,1,0,3,3,4,3,6,7,9,12.75488750216347,25.26619429851844,2.25,56.848937171666485,0.008422064766172813,3.158274287314805,1,,,1,7,1,1,5,5,,,1,,,,,,,,,,,3,,,,,,,1,,,,,,1,1,,,,,,,,,,,,,,,,,,,,,,,3,1,4,,,,,,,,,,,,,,,,,,,,,,,,,,,,,,,,,,,1,8,1,,2,1,1,2,3,8,1,3.3333333333333335
6598,5,0,0,18,17,17,0,0,0,1,3,12,8,16,15,24,47.77443751081735,93.76537429460444,2.0,187.53074858920888,0.03125512476486815,10.418374921622716,1,,,6,17,4,4,10,10,,,4,3,,,,,,,,1,,6,3,,,,3,,,,,,,,,4,,,,,,,,,,,,,,,,,,,,,,,8,,1,,,,,,,,,,,,,,,,,,,,,,,,,,,,,,,,,,,4,21,1,,3,2,1,2,7,9,1,4.857142857142857
6609,3,0,0,7,6,6,0,0,0,1,4,5,4,8,9,12,19.60964047443681,38.03910001730775,3.2,121.72512005538482,0.012679700005769252,6.762506669743601,1,,,1,6,2,2,5,5,,,2,,,,,,,,,,,1,,1,,,1,,1,,,,,,,1,,,,,,,,,,,,,,,,,,,,,,,4,,1,,,,,,,,,,,,,,,,,,,,,,,,,,,,,,,,,,,2,5,1,,2,1,1,2,1,1,1,1.0
6602,5,0,0,20,17,17,5,0,0,3,3,12,8,16,15,24,47.77443751081735,93.76537429460444,2.0,187.53074858920888,0.03125512476486815,10.418374921622716,1,,,6,17,4,4,10,10,,,4,3,,,,,,,,1,,6,3,,,,3,,,,,,,,,4,,,,,,,,,,,,,,,,,,,,,,,8,5,3,,,,,,,,,,,,,,,,,,,,,,,,,,,,,,,,,,,4,21,1,,3,2,1,2,7,5,1,3.7142857142857144
6613,2,0,0,11,8,8,0,0,0,3,3,6,4,8,9,12,20.264662506490406,38.03910001730775,2.0,76.0782000346155,0.012679700005769252,4.226566668589751,1,,,1,8,1,1,4,4,,,1,1,,,,,,,,,,4,,,,,,,1,,,,,,1,2,,,,,,,,,,,,,,,,,,,,,,,4,,3,,,,,,,,,,,,,,,,,,,,,,,,,,,,,,,,,,,1,11,1,,1,1,1,2,4,4,1,2.5
6605,2,0,0,11,7,7,1,1,0,3,3,4,3,6,7,9,12.75488750216347,25.26619429851844,2.25,56.848937171666485,0.008422064766172813,3.158274287314805,1,,,1,7,1,1,5,5,,,1,,,,,,,,,,,3,,,,,,,1,,,,,,1,1,,,,,,,,,,,,,,,,,,,,,,,3,1,4,,,,,,,,,,,,,,,,,,,,,,,,,,,,,,,,,,,1,8,1,,2,1,1,2,3,4,1,2.0
6587,5,0,0,20,17,17,5,0,0,3,3,12,8,16,15,24,47.77443751081735,93.76537429460444,2.0,187.53074858920888,0.03125512476486815,10.418374921622716,1,,,6,17,4,4,10,10,,,4,3,,,,,,,,1,,6,3,,,,3,,,,,,,,,4,,,,,,,,,,,,,,,,,,,,,,,8,5,3,,,,,,,,,,,,,,,,,,,,,,,,,,,,,,,,,,,4,21,1,,3,2,1,2,7,5,1,3.7142857142857144
6611,3,0,0,9,8,8,0,0,0,1,4,7,5,10,11,15,27.651484454403228,51.89147427955947,2.857142857142857,148.26135508445563,0.01729715809318649,8.236741949136423,1,,,1,8,2,2,4,4,,,2,1,,,,,,,,,,3,,1,,,1,,1,,,,,,,2,,,,,,,,,,,,,,,,,,,,,,,5,,1,,,,,,,,,,,,,,,,,,,,,,,,,,,,,,,,,,,2,10,1,,1,1,1,2,3,4,1,2.0
6606,3,0,0,9,7,7,0,0,0,2,4,6,4,8,10,12,23.509775004326936,39.863137138648355,2.6666666666666665,106.3016990363956,0.013287712379549451,5.905649946466422,1,,,1,7,2,2,5,5,,,2,,,,,,,,,,,2,,1,,,1,,1,,,,,,,1,,,,,,,,,,,,,,,,,,,,,,,4,,2,,,,,,,,,,,,,,,,,,,,,,,,,,,,,,,,,,,2,7,1,,2,1,1,2,2,1,1,1.0
6597,5,0,0,20,17,17,5,0,0,3,3,12,8,16,15,24,47.77443751081735,93.76537429460444,2.0,187.53074858920888,0.03125512476486815,10.418374921622716,1,,,6,17,4,4,10,10,,,4,3,,,,,,,,1,,6,3,,,,3,,,,,,,,,4,,,,,,,,,,,,,,,,,,,,,,,8,5,3,,,,,,,,,,,,,,,,,,,,,,,,,,,,,,,,,,,4,21,1,,3,2,1,2,7,5,1,3.7142857142857144
6610,3,0,0,9,8,8,0,0,0,1,4,7,5,10,11,15,27.651484454403228,51.89147427955947,2.857142857142857,148.26135508445563,0.01729715809318649,8.236741949136423,1,,,1,8,2,2,4,4,,,2,1,,,,,,,,,,3,,1,,,1,,1,,,,,,,2,,,,,,,,,,,,,,,,,,,,,,,5,,1,,,,,,,,,,,,,,,,,,,,,,,,,,,,,,,,,,,2,10,1,,1,1,1,2,3,4,1,2.0
6596,5,0,0,19,17,17,0,0,0,2,3,12,8,16,15,24,47.77443751081735,93.76537429460444,2.0,187.53074858920888,0.03125512476486815,10.418374921622716,1,,,6,17,4,4,10,10,,,4,3,,,,,,,,1,,6,3,,,,3,,,,,,,,,4,,,,,,,,,,,,,,,,,,,,,,,8,,2,,,,,,,,,,,,,,,,,,,,,,,,,,,,,,,,,,,4,21,1,,3,2,1,2,7,5,1,2.4285714285714284
6608,3,0,0,7,6,6,0,0,0,1,4,5,4,8,9,12,19.60964047443681,38.03910001730775,3.2,121.72512005538482,0.012679700005769252,6.762506669743601,1,,,1,6,2,2,5,5,,,2,,,,,,,,,,,1,,1,,,1,,1,,,,,,,1,,,,,,,,,,,,,,,,,,,,,,,4,,1,,,,,,,,,,,,,,,,,,,,,,,,,,,,,,,,,,,2,5,1,,2,1,1,2,1,1,1,1.0
6603,5,0,0,20,17,17,2,0,0,3,3,12,8,16,15,24,47.77443751081735,93.76537429460444,2.0,187.53074858920888,0.03125512476486815,10.418374921622716,1,,,6,17,4,4,10,10,,,4,3,,,,,,,,1,,6,3,,,,3,,,,,,,,,4,,,,,,,,,,,,,,,,,,,,,,,8,2,3,,,,,,,,,,,,,,,,,,,,,,,,,,,,,,,,,,,4,21,1,,3,2,1,2,7,5,1,3.7142857142857144
6607,3,0,0,9,7,7,0,0,0,2,4,6,4,8,10,12,23.509775004326936,39.863137138648355,2.6666666666666665,106.3016990363956,0.013287712379549451,5.905649946466422,1,,,1,7,2,2,5,5,,,2,,,,,,,,,,,2,,1,,,1,,1,,,,,,,1,,,,,,,,,,,,,,,,,,,,,,,4,,2,,,,,,,,,,,,,,,,,,,,,,,,,,,,,,,,,,,2,7,1,,2,1,1,2,2,1,1,1.0
6588,5,0,0,18,17,17,0,0,0,1,3,12,8,16,15,24,47.77443751081735,93.76537429460444,2.0,187.53074858920888,0.03125512476486815,10.418374921622716,1,,,6,17,4,4,10,10,,,4,3,,,,,,,,1,,6,3,,,,3,,,,,,,,,4,,,,,,,,,,,,,,,,,,,,,,,8,,1,,,,,,,,,,,,,,,,,,,,,,,,,,,,,,,,,,,4,21,1,,3,2,1,2,7,9,1,4.857142857142857
6612,2,0,0,11,8,8,0,0,0,3,3,6,4,8,9,12,20.264662506490406,38.03910001730775,2.0,76.0782000346155,0.012679700005769252,4.226566668589751,1,,,1,8,1,1,4,4,,,1,1,,,,,,,,,,4,,,,,,,1,,,,,,1,2,,,,,,,,,,,,,,,,,,,,,,,4,,3,,,,,,,,,,,,,,,,,,,,,,,,,,,,,,,,,,,1,11,1,,1,1,1,2,4,8,1,3.5
6601,5,0,0,20,17,17,5,0,0,3,3,12,8,16,15,24,47.77443751081735,93.76537429460444,2.0,187.53074858920888,0.03125512476486815,10.418374921622716,1,,,6,17,4,4,10,10,,,4,3,,,,,,,,1,,6,3,,,,3,,,,,,,,,4,,,,,,,,,,,,,,,,,,,,,,,8,5,3,,,,,,,,,,,,,,,,,,,,,,,,,,,,,,,,,,,4,21,1,,3,2,1,2,7,5,1,3.7142857142857144
6600,5,0,0,20,17,17,5,0,0,3,3,12,8,16,15,24,47.77443751081735,93.76537429460444,2.0,187.53074858920888,0.03125512476486815,10.418374921622716,1,,,6,17,4,4,10,10,,,4,3,,,,,,,,1,,6,3,,,,3,,,,,,,,,4,,,,,,,,,,,,,,,,,,,,,,,8,5,3,,,,,,,,,,,,,,,,,,,,,,,,,,,,,,,,,,,4,21,1,,3,2,1,2,7,5,1,3.7142857142857144
6640,4,0,0,13,10,10,0,0,0,3,3,7,5,10,10,15,24.406371956566698,49.82892142331044,2.142857142857143,106.77626019280808,0.016609640474436815,5.932014455156004,1,,,3,10,3,3,6,6,1,1,3,,,,,,,,,1,,3,1,,,,2,,,,,,,,,2,,,,,,,,,,,,,,,,,,,,,,,5,,3,,,,,,,,,,,,,,,,,,,,,,,,,,,,,,,,,,,3,12,,1,2,1,0,3,4,5,1,3.75
6652,2,0,0,15,10,10,1,1,0,4,4,8,5,10,12,15,32.0,53.77443751081735,2.5,134.43609377704337,0.017924812503605784,7.468671876502409,1,,,,10,1,1,9,9,3,3,1,4,,2,,2,1,,,1,,7,,,,,,,,,,,,,,,,,,,,,,,,,,,,,,,,,,,,,8,1,5,,,,,,,,,,,,,,,,,,,,,,,,,,,,,,,,,,,3,22,,3,1,1,0,5,8,5,1,4.25
6639,4,0,0,13,10,10,0,0,0,3,3,7,5,10,10,15,24.406371956566698,49.82892142331044,2.142857142857143,106.77626019280808,0.016609640474436815,5.932014455156004,1,,,3,10,3,3,6,6,1,1,3,,,,,,,,,1,,3,1,,,,2,,,,,,,,,2,,,,,,,,,,,,,,,,,,,,,,,5,,3,,,,,,,,,,,,,,,,,,,,,,,,,,,,,,,,,,,3,12,,1,2,1,0,3,4,5,1,3.75
6651,2,0,0,15,10,10,1,1,0,4,4,8,5,10,12,15,32.0,53.77443751081735,2.5,134.43609377704337,0.017924812503605784,7.468671876502409,1,,,,10,1,1,9,9,3,3,1,4,,2,,2,1,,,1,,7,,,,,,,,,,,,,,,,,,,,,,,,,,,,,,,,,,,,,8,1,5,,,,,,,,,,,,,,,,,,,,,,,,,,,,,,,,,,,3,22,,3,1,1,0,5,8,5,1,4.25
6629,4,0,0,13,10,10,0,0,0,3,3,7,5,10,10,15,24.406371956566698,49.82892142331044,2.142857142857143,106.77626019280808,0.016609640474436815,5.932014455156004,1,,,3,10,3,3,6,6,1,1,3,,,,,,,,,1,,3,1,,,,2,,,,,,,,,2,,,,,,,,,,,,,,,,,,,,,,,5,,3,,,,,,,,,,,,,,,,,,,,,,,,,,,,,,,,,,,3,12,,1,2,1,0,3,4,5,1,3.75
6655,2,0,0,15,10,10,1,1,0,4,4,8,5,10,12,15,32.0,53.77443751081735,2.5,134.43609377704337,0.017924812503605784,7.468671876502409,1,,,,10,1,1,9,9,3,3,1,2,,2,,2,1,,,1,,7,,,,,,,,,,,,,,,,,,,,,,,,,,,,,,,,,,,,,6,1,5,,,,,,,,,,,,,,,,,,,,,,,,,,,,,,,,,,,3,22,,3,1,1,0,5,8,5,1,4.25
6624,3,0,0,11,8,8,0,0,0,3,3,6,4,8,9,12,20.264662506490406,38.03910001730775,2.0,76.0782000346155,0.012679700005769252,4.226566668589751,1,,,2,8,2,2,5,5,1,1,2,,,,,,,,,1,,3,1,,,,1,,,,,,,,,2,,,,,,,,,,,,,,,,,,,,,,,4,,3,,,,,,,,,,,,,,,,,,,,,,,,,,,,,,,,,,,2,11,,1,1,1,0,3,4,5,1,3.75
6650,2,0,0,15,10,10,1,1,0,4,4,8,5,10,12,15,32.0,53.77443751081735,2.5,134.43609377704337,0.017924812503605784,7.468671876502409,1,,,,10,1,1,9,9,3,3,1,2,,2,,2,1,,,1,,7,,,,,,,,,,,,,,,,,,,,,,,,,,,,,,,,,,,,,6,1,5,,,,,,,,,,,,,,,,,,,,,,,,,,,,,,,,,,,3,22,,3,1,1,0,5,8,5,1,4.25
6627,3,0,0,11,8,8,0,0,0,3,3,6,4,8,9,12,20.264662506490406,38.03910001730775,2.0,76.0782000346155,0.012679700005769252,4.226566668589751,1,,,2,8,2,2,5,5,1,1,2,,,,,,,,,1,,3,1,,,,1,,,,,,,,,2,,,,,,,,,,,,,,,,,,,,,,,4,,3,,,,,,,,,,,,,,,,,,,,,,,,,,,,,,,,,,,2,11,,1,1,1,0,3,4,5,1,3.75
6654,2,0,0,15,10,10,1,1,0,4,4,8,5,10,12,15,32.0,53.77443751081735,2.5,134.43609377704337,0.017924812503605784,7.468671876502409,1,,,,10,1,1,9,9,3,3,1,4,,2,,2,1,,,1,,7,,,,,,,,,,,,,,,,,,,,,,,,,,,,,,,,,,,,,8,1,5,,,,,,,,,,,,,,,,,,,,,,,,,,,,,,,,,,,3,22,,3,1,1,0,5,8,5,1,4.25
6628,3,0,0,11,8,8,0,0,0,3,3,6,4,8,9,12,20.264662506490406,38.03910001730775,2.0,76.0782000346155,0.012679700005769252,4.226566668589751,1,,,2,8,2,2,5,5,1,1,2,,,,,,,,,1,,3,1,,,,1,,,,,,,,,2,,,,,,,,,,,,,,,,,,,,,,,4,,3,,,,,,,,,,,,,,,,,,,,,,,,,,,,,,,,,,,2,11,,1,1,1,0,3,4,5,1,3.75
6656,2,0,0,15,10,10,1,1,0,4,4,8,5,10,12,15,32.0,53.77443751081735,2.5,134.43609377704337,0.017924812503605784,7.468671876502409,1,,,,10,1,1,9,9,3,3,1,6,,2,,2,1,,,1,,7,,,,,,,,,,,,,,,,,,,,,,,,,,,,,,,,,,,,,10,1,5,,,,,,,,,,,,,,,,,,,,,,,,,,,,,,,,,,,3,22,,3,1,1,0,5,8,5,1,4.25
6647,2,0,0,15,10,10,1,1,0,4,4,8,5,10,12,15,32.0,53.77443751081735,2.5,134.43609377704337,0.017924812503605784,7.468671876502409,1,,,,10,1,1,9,9,3,3,1,3,,2,,2,1,,,1,,7,,,,,,,,,,,,,,,,,,,,,,,,,,,,,,,,,,,,,7,1,5,,,,,,,,,,,,,,,,,,,,,,,,,,,,,,,,,,,3,22,,3,1,1,0,5,8,5,1,4.25
6626,3,0,0,11,8,8,0,0,0,3,3,6,4,8,9,12,20.264662506490406,38.03910001730775,2.0,76.0782000346155,0.012679700005769252,4.226566668589751,1,,,2,8,2,2,5,5,1,1,2,,,,,,,,,1,,3,1,,,,1,,,,,,,,,2,,,,,,,,,,,,,,,,,,,,,,,4,,3,,,,,,,,,,,,,,,,,,,,,,,,,,,,,,,,,,,2,11,,1,1,1,0,3,4,5,1,3.75
6653,2,0,0,15,10,10,1,1,0,4,4,8,5,10,12,15,32.0,53.77443751081735,2.5,134.43609377704337,0.017924812503605784,7.468671876502409,1,,,,10,1,1,9,9,3,3,1,3,,2,,2,1,,,1,,7,,,,,,,,,,,,,,,,,,,,,,,,,,,,,,,,,,,,,7,1,5,,,,,,,,,,,,,,,,,,,,,,,,,,,,,,,,,,,3,22,,3,1,1,0,5,8,5,1,4.25
6641,4,0,0,13,10,10,0,0,0,3,3,7,5,10,10,15,24.406371956566698,49.82892142331044,2.142857142857143,106.77626019280808,0.016609640474436815,5.932014455156004,1,,,3,10,3,3,6,6,1,1,3,,,,,,,,,1,,3,1,,,,2,,,,,,,,,2,,,,,,,,,,,,,,,,,,,,,,,5,,3,,,,,,,,,,,,,,,,,,,,,,,,,,,,,,,,,,,3,12,,1,2,1,0,3,4,5,1,3.75
6649,2,0,0,15,10,10,1,1,0,4,4,8,5,10,12,15,32.0,53.77443751081735,2.5,134.43609377704337,0.017924812503605784,7.468671876502409,1,,,,10,1,1,9,9,3,3,1,5,,2,,2,1,,,1,,7,,,,,,,,,,,,,,,,,,,,,,,,,,,,,,,,,,,,,9,1,5,,,,,,,,,,,,,,,,,,,,,,,,,,,,,,,,,,,3,22,,3,1,1,0,5,8,5,1,4.25
6630,4,0,0,13,10,10,0,0,0,3,3,7,5,10,10,15,24.406371956566698,49.82892142331044,2.142857142857143,106.77626019280808,0.016609640474436815,5.932014455156004,1,,,3,10,3,3,6,6,1,1,3,,,,,,,,,1,,3,1,,,,2,,,,,,,,,2,,,,,,,,,,,,,,,,,,,,,,,5,,3,,,,,,,,,,,,,,,,,,,,,,,,,,,,,,,,,,,3,12,,1,2,1,0,3,4,5,1,3.75
6646,2,0,0,15,10,10,1,1,0,4,4,8,5,10,12,15,32.0,53.77443751081735,2.5,134.43609377704337,0.017924812503605784,7.468671876502409,1,,,,10,1,1,9,9,3,3,1,3,,2,,2,1,,,1,,7,,,,,,,,,,,,,,,,,,,,,,,,,,,,,,,,,,,,,7,1,5,,,,,,,,,,,,,,,,,,,,,,,,,,,,,,,,,,,3,22,,3,1,1,0,5,8,5,1,4.25
6669,4,0,0,16,12,12,0,0,0,4,3,7,5,10,10,15,24.406371956566698,49.82892142331044,2.142857142857143,106.77626019280808,0.016609640474436815,5.932014455156004,1,,,1,12,3,3,6,6,2,2,3,1,,,,1,1,,,,2,5,,,,,,,,,,,,,,2,,,,,,,,,,,,,,,,,,,,,,,4,3,4,,,,,,,,,,,,,,,,,,,,,,,,,,,,,,,,,,,6,19,1,2,1,1,1,4,7,6,1,4.142857142857143
6667,7,0,0,37,19,19,9,9,0,9,3,7,6,11,10,17,24.406371956566698,56.472777613085164,2.357142857142857,133.11440437370075,0.01882425920436172,7.3952446874278195,1,,,,19,6,6,9,9,2,2,6,,,,,,,,,,,8,2,,,,,,2,2,,,,,,2,,,,,,,,,,,,,,,,,,,,,,,8,9,18,,,,,,,,,,,,,,,,,,,,,,,,,,,,,,,,,,,11,33,3,,2,2,2,2,11,16,1,7.454545454545454
6663,4,0,0,16,12,12,0,0,0,4,3,7,5,10,10,15,24.406371956566698,49.82892142331044,2.142857142857143,106.77626019280808,0.016609640474436815,5.932014455156004,1,,,1,12,3,3,6,6,2,2,3,1,,,,1,1,,,,2,5,,,,,,,,,,,,,,2,,,,,,,,,,,,,,,,,,,,,,,4,3,4,,,,,,,,,,,,,,,,,,,,,,,,,,,,,,,,,,,6,19,1,2,1,1,1,4,7,6,1,4.142857142857143
6682,7,0,0,37,19,19,9,9,0,9,3,7,6,11,10,17,24.406371956566698,56.472777613085164,2.357142857142857,133.11440437370075,0.01882425920436172,7.3952446874278195,1,,,,19,6,6,9,9,2,2,6,,,,,,,,,,,8,2,,,,,,2,2,,,,,,2,,,,,,,,,,,,,,,,,,,,,,,8,9,18,,,,,,,,,,,,,,,,,,,,,,,,,,,,,,,,,,,11,33,3,,2,2,2,2,11,16,1,7.454545454545454
6670,4,0,0,16,12,12,0,0,0,4,3,7,5,10,10,15,24.406371956566698,49.82892142331044,2.142857142857143,106.77626019280808,0.016609640474436815,5.932014455156004,1,,,1,12,3,3,6,6,2,2,3,1,,,,1,1,,,,2,5,,,,,,,,,,,,,,2,,,,,,,,,,,,,,,,,,,,,,,4,3,4,,,,,,,,,,,,,,,,,,,,,,,,,,,,,,,,,,,6,19,1,2,1,1,1,4,7,6,1,4.142857142857143
6674,7,0,0,37,19,19,9,9,0,9,3,7,6,11,10,17,24.406371956566698,56.472777613085164,2.357142857142857,133.11440437370075,0.01882425920436172,7.3952446874278195,1,,,,19,6,6,9,9,2,2,6,,,,,,,,,,,8,2,,,,,,2,2,,,,,,2,,,,,,,,,,,,,,,,,,,,,,,8,9,18,,,,,,,,,,,,,,,,,,,,,,,,,,,,,,,,,,,11,33,3,,2,2,2,2,11,16,1,7.454545454545454
6668,4,0,0,16,12,12,0,0,0,4,3,7,5,10,10,15,24.406371956566698,49.82892142331044,2.142857142857143,106.77626019280808,0.016609640474436815,5.932014455156004,1,,,1,12,3,3,6,6,2,2,3,1,,,,1,1,,,,2,5,,,,,,,,,,,,,,2,,,,,,,,,,,,,,,,,,,,,,,4,3,4,,,,,,,,,,,,,,,,,,,,,,,,,,,,,,,,,,,6,19,1,2,1,1,1,4,7,6,1,4.142857142857143
6678,7,0,0,37,19,19,9,9,0,9,3,7,6,11,10,17,24.406371956566698,56.472777613085164,2.357142857142857,133.11440437370075,0.01882425920436172,7.3952446874278195,1,,,,19,6,6,9,9,2,2,6,,,,,,,,,,,8,2,,,,,,2,2,,,,,,2,,,,,,,,,,,,,,,,,,,,,,,8,9,18,,,,,,,,,,,,,,,,,,,,,,,,,,,,,,,,,,,11,33,3,,2,2,2,2,11,16,1,7.454545454545454
6673,7,0,0,37,19,19,9,9,0,9,3,7,6,11,10,17,24.406371956566698,56.472777613085164,2.357142857142857,133.11440437370075,0.01882425920436172,7.3952446874278195,1,,,,19,6,6,9,9,2,2,6,,,,,,,,,,,8,2,,,,,,2,2,,,,,,2,,,,,,,,,,,,,,,,,,,,,,,8,9,18,,,,,,,,,,,,,,,,,,,,,,,,,,,,,,,,,,,11,33,3,,2,2,2,2,11,16,1,7.454545454545454
6681,7,0,0,37,19,19,9,9,0,9,3,7,6,11,10,17,24.406371956566698,56.472777613085164,2.357142857142857,133.11440437370075,0.01882425920436172,7.3952446874278195,1,,,,19,6,6,9,9,2,2,6,,,,,,,,,,,8,2,,,,,,2,2,,,,,,2,,,,,,,,,,,,,,,,,,,,,,,8,9,18,,,,,,,,,,,,,,,,,,,,,,,,,,,,,,,,,,,11,33,3,,2,2,2,2,11,16,1,7.454545454545454
6662,4,0,0,16,12,12,0,0,0,4,3,7,5,10,10,15,24.406371956566698,49.82892142331044,2.142857142857143,106.77626019280808,0.016609640474436815,5.932014455156004,1,,,1,12,3,3,6,6,2,2,3,1,,,,1,1,,,,2,5,,,,,,,,,,,,,,2,,,,,,,,,,,,,,,,,,,,,,,4,3,4,,,,,,,,,,,,,,,,,,,,,,,,,,,,,,,,,,,6,19,1,2,1,1,1,4,7,6,1,4.142857142857143
6661,4,0,0,15,12,12,0,0,0,3,3,7,5,10,10,15,24.406371956566698,49.82892142331044,2.142857142857143,106.77626019280808,0.016609640474436815,5.932014455156004,1,,,1,12,3,3,6,6,2,2,3,1,,,,1,1,,,,2,5,,,,,,,,,,,,,,2,,,,,,,,,,,,,,,,,,,,,,,4,3,3,,,,,,,,,,,,,,,,,,,,,,,,,,,,,,,,,,,6,19,1,2,1,1,1,4,7,6,1,4.142857142857143
6664,4,0,0,16,12,12,0,0,0,4,3,7,5,10,10,15,24.406371956566698,49.82892142331044,2.142857142857143,106.77626019280808,0.016609640474436815,5.932014455156004,1,,,1,12,3,3,6,6,2,2,3,1,,,,1,1,,,,2,5,,,,,,,,,,,,,,2,,,,,,,,,,,,,,,,,,,,,,,4,3,4,,,,,,,,,,,,,,,,,,,,,,,,,,,,,,,,,,,6,19,1,2,1,1,1,4,7,6,1,4.142857142857143
6677,7,0,0,37,19,19,9,9,0,9,3,7,6,11,10,17,24.406371956566698,56.472777613085164,2.357142857142857,133.11440437370075,0.01882425920436172,7.3952446874278195,1,,,,19,6,6,9,9,2,2,6,,,,,,,,,,,8,2,,,,,,2,2,,,,,,2,,,,,,,,,,,,,,,,,,,,,,,8,9,18,,,,,,,,,,,,,,,,,,,,,,,,,,,,,,,,,,,11,33,3,,2,2,2,2,11,16,1,7.454545454545454
6680,7,0,0,37,19,19,9,9,0,9,3,7,6,11,10,17,24.406371956566698,56.472777613085164,2.357142857142857,133.11440437370075,0.01882425920436172,7.3952446874278195,1,,,,19,6,6,9,9,2,2,6,,,,,,,,,,,8,2,,,,,,2,2,,,,,,2,,,,,,,,,,,,,,,,,,,,,,,8,9,18,,,,,,,,,,,,,,,,,,,,,,,,,,,,,,,,,,,11,33,3,,2,2,2,2,11,16,1,7.454545454545454
6672,4,0,0,16,12,12,0,0,0,4,3,7,5,10,10,15,24.406371956566698,49.82892142331044,2.142857142857143,106.77626019280808,0.016609640474436815,5.932014455156004,1,,,1,12,3,3,6,6,2,2,3,1,,,,1,1,,,,2,5,,,,,,,,,,,,,,2,,,,,,,,,,,,,,,,,,,,,,,4,3,4,,,,,,,,,,,,,,,,,,,,,,,,,,,,,,,,,,,6,19,1,2,1,1,1,4,7,6,1,4.142857142857143
6665,4,0,0,16,12,12,0,0,0,4,3,7,5,10,10,15,24.406371956566698,49.82892142331044,2.142857142857143,106.77626019280808,0.016609640474436815,5.932014455156004,1,,,1,12,3,3,6,6,2,2,3,1,,,,1,1,,,,2,5,,,,,,,,,,,,,,2,,,,,,,,,,,,,,,,,,,,,,,4,3,4,,,,,,,,,,,,,,,,,,,,,,,,,,,,,,,,,,,6,19,1,2,1,1,1,4,7,6,1,4.142857142857143
6679,7,0,0,37,19,19,9,9,0,9,3,7,6,11,10,17,24.406371956566698,56.472777613085164,2.357142857142857,133.11440437370075,0.01882425920436172,7.3952446874278195,1,,,,19,6,6,9,9,2,2,6,,,,,,,,,,,8,2,,,,,,2,2,,,,,,2,,,,,,,,,,,,,,,,,,,,,,,8,9,18,,,,,,,,,,,,,,,,,,,,,,,,,,,,,,,,,,,11,33,3,,2,2,2,2,11,16,1,7.454545454545454
6625,3,0,0,11,8,8,0,0,0,3,3,6,4,8,9,12,20.264662506490406,38.03910001730775,2.0,76.0782000346155,0.012679700005769252,4.226566668589751,1,,,2,8,2,2,5,5,1,1,2,,,,,,,,,1,,3,1,,,,1,,,,,,,,,2,,,,,,,,,,,,,,,,,,,,,,,4,,3,,,,,,,,,,,,,,,,,,,,,,,,,,,,,,,,,,,2,11,,1,1,1,0,3,4,5,1,3.75
6676,7,0,0,37,19,19,9,9,0,9,3,7,6,11,10,17,24.406371956566698,56.472777613085164,2.357142857142857,133.11440437370075,0.01882425920436172,7.3952446874278195,1,,,,19,6,6,9,9,2,2,6,,,,,,,,,,,8,2,,,,,,2,2,,,,,,2,,,,,,,,,,,,,,,,,,,,,,,8,9,18,,,,,,,,,,,,,,,,,,,,,,,,,,,,,,,,,,,11,33,3,,2,2,2,2,11,16,1,7.454545454545454
6671,4,0,0,16,12,12,0,0,0,4,3,7,5,10,10,15,24.406371956566698,49.82892142331044,2.142857142857143,106.77626019280808,0.016609640474436815,5.932014455156004,1,,,1,12,3,3,6,6,2,2,3,1,,,,1,1,,,,2,5,,,,,,,,,,,,,,2,,,,,,,,,,,,,,,,,,,,,,,4,3,4,,,,,,,,,,,,,,,,,,,,,,,,,,,,,,,,,,,6,19,1,2,1,1,1,4,7,6,1,4.142857142857143
6683,4,0,0,16,12,12,0,0,0,4,3,7,5,10,10,15,24.406371956566698,49.82892142331044,2.142857142857143,106.77626019280808,0.016609640474436815,5.932014455156004,1,,,1,12,3,3,6,6,2,2,3,1,,,,1,1,,,,2,5,,,,,,,,,,,,,,2,,,,,,,,,,,,,,,,,,,,,,,4,3,4,,,,,,,,,,,,,,,,,,,,,,,,,,,,,,,,,,,6,19,1,2,1,1,1,4,7,6,1,4.142857142857143
6463,2,0,0,10,8,8,0,0,0,2,4,10,5,10,14,15,41.219280948873624,57.110323830864054,2.0,114.22064766172811,0.019036774610288017,6.345591536762672,1,,,5,8,2,2,9,9,,,2,,,,1,2,,,,1,,4,,,,,,,,,,,,,1,,,,,,,,,,,,,,,,,,,,,,,,3,,2,,,,,,,,,,,,,,,,,,,,,,,,,,,,,,,,,,,2,8,3,,2,3,1,2,4,5,1,2.0
6464,1,0,0,0,0,0,0,0,0,0,0,0,0,0,0,0,0,0,0,0,0.0,0.0,1,,,,,,,,,,,,,,,,,,,,,,,,,,,,,,,,,,,,,,,,,,,,,,,,,,,,,,,,,,,,,,,,,,,,,,,,,,,,,,,,,,,,,,,,,,,,,,,,,,,,,,0,0,0,0,0,0
6447,1,0,0,8,6,6,0,0,0,2,2,6,4,8,8,12,17.509775004326936,36.0,1.3333333333333333,48.0,0.012,2.6666666666666665,1,,,1,6,,,4,4,,,,2,,,2,2,,,,,,5,,,,,,,,,,,,,,,,,,,,,,,,,,,,,,,,,,,,,1,2,2,,,,,,,,,,,,,,,,,,,,,,,,,,,,,,,,,,,,12,1,1,1,1,1,3,4,15,4,9.0
6695,1,0,0,4,3,3,0,0,0,1,1,2,1,2,3,3,2.0,4.754887502163469,0.5,2.3774437510817346,0.0015849625007211565,0.1320802083934297,1,,,,3,,,4,4,,,,1,,1,,,,,,,,2,,,,,,,,,,,,,,,,,,,,,,,,,,,,,,,,,,,,,1,1,1,,,,,,,,,,,,,,,,,,,,,,,,,,,,,,,,,,,,4,1,1,1,1,1,3,2,7,6,6.5
6694,1,0,0,3,3,3,0,0,0,0,3,6,3,6,9,9,20.264662506490406,28.529325012980813,1.5,42.793987519471216,0.009509775004326938,2.377443751081734,1,,,,3,,,5,5,,,,1,,1,,1,1,,,,,2,,,,,,,,,,,,,,,,,,,,,,,,,,,,,,,,,,,,,4,,,,,,,,,,,,,,,,,,,,,,,,,,,,,,,,,,,,,,4,1,1,1,1,1,3,2,10,7,8.5
6693,1,0,0,7,4,4,1,1,0,2,1,4,3,6,5,9,8.0,20.89735285398626,0.75,15.673014640489694,0.0069657842846620865,0.8707230355827608,1,,,,4,,,8,8,,,,3,,,,3,,,,,,1,,,,,,,,,,,,,,,,,,,,,,,,,,,,,,,,,,,,,3,4,3,,,,,,,,,,,,,,,,,,,,,,,,,,,,,,,,,,,,4,1,3,3,1,1,3,1,1,1,1.0
6692,1,0,0,20,10,10,5,5,0,5,0,0,0,0,0,0,0,0,0,0,0.0,0.0,1,,,10,10,,,16,16,,,,14,,,,,,,,,,8,,,,,,,,,,,,,,,,,,,,,,,,,,,,,,,,,,,,,,5,10,,,,,,,,,,,,,,,,,,,,,,,,,,,,,,,,,,,,22,6,2,2,6,1,4,8,6,2,3.0
6698,1,0,0,14,7,7,4,4,0,3,2,7,4,8,9,12,21.651484454403228,38.03910001730775,1.1428571428571428,43.47325716263743,0.012679700005769252,2.415180953479857,1,,,,7,,,4,4,,,,1,,2,,2,,,,,,6,,,,,,,,,,,,,,,,,,,,,,,,,,,,,,,,,,,,,1,7,7,,,,,,,,,,,,,,,,,,,,,,,,,,,,,,,,,,,,13,1,1,1,1,1,3,6,20,4,14.0
6701,1,0,0,13,6,6,4,4,0,3,2,5,3,6,7,9,13.60964047443681,25.26619429851844,1.2,30.319433158222125,0.008422064766172813,1.6844129532345624,1,,,,6,,,4,4,,,,1,,2,,1,,,,,,5,,,,,,,,,,,,,,,,,,,,,,,,,,,,,,,,,,,,,1,6,7,,,,,,,,,,,,,,,,,,,,,,,,,,,,,,,,,,,,11,1,1,1,1,1,3,5,17,4,10.2
6700,1,0,0,14,7,7,4,4,0,3,2,7,4,8,9,12,21.651484454403228,38.03910001730775,1.1428571428571428,43.47325716263743,0.012679700005769252,2.415180953479857,1,,,,7,,,5,5,,,,1,,2,,2,,,,,,6,,,,,,,,,,,,,,,,,,,,,,,,,,,,,,,,,,,,,1,7,7,,,,,,,,,,,,,,,,,,,,,,,,,,,,,,,,,,,,13,1,1,1,1,1,3,6,20,4,14.0
6699,1,0,0,14,7,7,4,4,0,3,2,7,4,8,9,12,21.651484454403228,38.03910001730775,1.1428571428571428,43.47325716263743,0.012679700005769252,2.415180953479857,1,,,,7,,,5,5,,,,1,,2,,2,,,,,,6,,,,,,,,,,,,,,,,,,,,,,,,,,,,,,,,,,,,,1,7,7,,,,,,,,,,,,,,,,,,,,,,,,,,,,,,,,,,,,13,1,1,1,1,1,3,6,24,4,15.5
6715,2,0,0,8,8,8,0,0,0,0,3,4,4,8,7,12,12.75488750216347,33.68825906469125,3.0,101.06477719407376,0.011229419688230418,5.614709844115208,1,,,4,8,2,2,8,8,,,2,,,,,,,,,,,2,,2,,,1,,,,,,,,,,,,,,,,,,,,1,,,,,,,,,,,,1,,,,,,,,,,,,,,,,,,,,,,,,,,,,,,,,,,,,,2,8,2,,4,2,1,2,2,1,1,1.0
6714,2,0,0,14,12,12,0,0,0,2,7,13,8,15,20,23,67.75720079023742,99.40434618240934,4.038461538461538,401.44062881357615,0.033134782060803114,22.302257156309786,1,,,1,12,2,2,11,11,,,2,1,,1,2,1,2,,,,,9,2,,,,1,,,,,,,,1,,,,,,,,,,,,,,,,,,,,,,,,5,2,2,,,,,,,,,,,,,,,,,,,,,,,,,,,,,,,,,,,2,20,1,1,1,2,1,3,7,16,5,12.0
6730,2,0,0,8,8,8,0,0,0,0,3,4,4,8,7,12,12.75488750216347,33.68825906469125,3.0,101.06477719407376,0.011229419688230418,5.614709844115208,1,,,3,8,2,2,6,6,,,2,,,,,,,,,,,2,,2,,,1,,,,,,,,,,,,,,,,,,,,1,,,,,,,,,,,,2,,,,,,,,,,,,,,,,,,,,,,,,,,,,,,,,,,,,,2,8,1,,4,1,1,2,2,1,1,1.0
6731,2,0,0,8,8,8,0,0,0,0,3,4,4,8,7,12,12.75488750216347,33.68825906469125,3.0,101.06477719407376,0.011229419688230418,5.614709844115208,1,,,3,8,2,2,6,6,,,2,,,,,,,,,,,2,,2,,,1,,,,,,,,,,,,,,,,,,,,1,,,,,,,,,,,,2,,,,,,,,,,,,,,,,,,,,,,,,,,,,,,,,,,,,,2,8,1,,4,1,1,2,2,1,1,1.0
6728,2,0,0,8,8,8,0,0,0,0,3,4,4,8,7,12,12.75488750216347,33.68825906469125,3.0,101.06477719407376,0.011229419688230418,5.614709844115208,1,,,3,8,2,2,6,6,,,2,,,,,,,,,,,2,,2,,,1,,,,,,,,,,,,,,,,,,,,1,,,,,,,,,,,,2,,,,,,,,,,,,,,,,,,,,,,,,,,,,,,,,,,,,,2,8,1,,4,1,1,2,2,1,1,1.0
6727,2,0,0,8,8,8,0,0,0,0,3,4,4,8,7,12,12.75488750216347,33.68825906469125,3.0,101.06477719407376,0.011229419688230418,5.614709844115208,1,,,3,8,2,2,6,6,,,2,,,,,,,,,,,2,,2,,,1,,,,,,,,,,,,,,,,,,,,1,,,,,,,,,,,,2,,,,,,,,,,,,,,,,,,,,,,,,,,,,,,,,,,,,,2,8,1,,4,1,1,2,2,1,1,1.0
6726,2,0,0,8,8,8,0,0,0,0,3,4,4,8,7,12,12.75488750216347,33.68825906469125,3.0,101.06477719407376,0.011229419688230418,5.614709844115208,1,,,3,8,2,2,6,6,,,2,,,,,,,,,,,2,,2,,,1,,,,,,,,,,,,,,,,,,,,1,,,,,,,,,,,,2,,,,,,,,,,,,,,,,,,,,,,,,,,,,,,,,,,,,,2,8,1,,4,1,1,2,2,1,1,1.0
6725,2,0,0,8,8,8,0,0,0,0,3,4,4,8,7,12,12.75488750216347,33.68825906469125,3.0,101.06477719407376,0.011229419688230418,5.614709844115208,1,,,3,8,2,2,6,6,,,2,,,,,,,,,,,2,,2,,,1,,,,,,,,,,,,,,,,,,,,1,,,,,,,,,,,,2,,,,,,,,,,,,,,,,,,,,,,,,,,,,,,,,,,,,,2,8,1,,4,1,1,2,2,1,1,1.0
6722,2,0,0,8,8,8,0,0,0,0,3,4,4,8,7,12,12.75488750216347,33.68825906469125,3.0,101.06477719407376,0.011229419688230418,5.614709844115208,1,,,3,8,2,2,6,6,,,2,,,,,,,,,,,2,,2,,,1,,,,,,,,,,,,,,,,,,,,1,,,,,,,,,,,,2,,,,,,,,,,,,,,,,,,,,,,,,,,,,,,,,,,,,,2,8,1,,4,1,1,2,2,1,1,1.0
6721,2,0,0,8,8,8,0,0,0,0,3,4,4,8,7,12,12.75488750216347,33.68825906469125,3.0,101.06477719407376,0.011229419688230418,5.614709844115208,1,,,3,8,2,2,6,6,,,2,,,,,,,,,,,2,,2,,,1,,,,,,,,,,,,,,,,,,,,1,,,,,,,,,,,,2,,,,,,,,,,,,,,,,,,,,,,,,,,,,,,,,,,,,,2,8,1,,4,1,1,2,2,1,1,1.0
6723,2,0,0,8,8,8,0,0,0,0,3,4,4,8,7,12,12.75488750216347,33.68825906469125,3.0,101.06477719407376,0.011229419688230418,5.614709844115208,1,,,3,8,2,2,6,6,,,2,,,,,,,,,,,2,,2,,,1,,,,,,,,,,,,,,,,,,,,1,,,,,,,,,,,,2,,,,,,,,,,,,,,,,,,,,,,,,,,,,,,,,,,,,,2,8,1,,4,1,1,2,2,1,1,1.0
6729,2,0,0,8,8,8,0,0,0,0,3,4,4,8,7,12,12.75488750216347,33.68825906469125,3.0,101.06477719407376,0.011229419688230418,5.614709844115208,1,,,3,8,2,2,6,6,,,2,,,,,,,,,,,2,,2,,,1,,,,,,,,,,,,,,,,,,,,1,,,,,,,,,,,,2,,,,,,,,,,,,,,,,,,,,,,,,,,,,,,,,,,,,,2,8,1,,4,1,1,2,2,1,1,1.0
6733,2,0,0,20,10,10,6,6,0,4,2,6,3,6,8,9,17.509775004326936,27.0,1.0,27.0,0.009,1.5,1,,,1,10,2,2,6,6,,,2,1,,,,2,,,,,,7,1,,,,1,,,,,,,,,,,,,,,,,,,,,,,,,,,,,,,,2,8,10,,,,,,,,,,,,,,,,,,,,,,,,,,,,,,,,,,,2,14,1,1,1,2,1,3,6,16,5,10.0
6734,2,0,0,21,10,10,6,6,0,5,2,6,3,6,8,9,17.509775004326936,27.0,1.0,27.0,0.009,1.5,1,,,1,10,2,2,6,6,,,2,1,,,,2,,,,,,7,1,,,,1,,,,,,,,,,,,,,,,,,,,,,,,,,,,,,,,2,8,11,,,,,,,,,,,,,,,,,,,,,,,,,,,,,,,,,,,2,14,1,1,1,2,1,3,6,16,5,10.0
6740,2,0,0,21,10,10,6,6,0,5,2,6,3,6,8,9,17.509775004326936,27.0,1.0,27.0,0.009,1.5,1,,,1,10,2,2,6,6,,,2,1,,,,2,,,,,,7,1,,,,1,,,,,,,,,,,,,,,,,,,,,,,,,,,,,,,,2,8,11,,,,,,,,,,,,,,,,,,,,,,,,,,,,,,,,,,,2,14,1,1,1,2,1,3,6,16,5,10.0
6741,2,0,0,21,10,10,6,6,0,5,2,6,3,6,8,9,17.509775004326936,27.0,1.0,27.0,0.009,1.5,1,,,1,10,2,2,6,6,,,2,1,,,,2,,,,,,7,1,,,,1,,,,,,,,,,,,,,,,,,,,,,,,,,,,,,,,2,8,11,,,,,,,,,,,,,,,,,,,,,,,,,,,,,,,,,,,2,14,1,1,1,2,1,3,6,16,5,10.0
6738,2,0,0,21,10,10,6,6,0,5,2,6,3,6,8,9,17.509775004326936,27.0,1.0,27.0,0.009,1.5,1,,,1,10,2,2,6,6,,,2,1,,,,2,,,,,,7,1,,,,1,,,,,,,,,,,,,,,,,,,,,,,,,,,,,,,,2,8,11,,,,,,,,,,,,,,,,,,,,,,,,,,,,,,,,,,,2,14,1,1,1,2,1,3,6,16,5,10.0
6737,2,0,0,21,10,10,6,6,0,5,2,6,3,6,8,9,17.509775004326936,27.0,1.0,27.0,0.009,1.5,1,,,1,10,2,2,6,6,,,2,1,,,,2,,,,,,7,1,,,,1,,,,,,,,,,,,,,,,,,,,,,,,,,,,,,,,2,8,11,,,,,,,,,,,,,,,,,,,,,,,,,,,,,,,,,,,2,14,1,1,1,2,1,3,6,16,5,10.0
6724,2,0,0,20,10,10,6,6,0,4,2,6,3,6,8,9,17.509775004326936,27.0,1.0,27.0,0.009,1.5,1,,,1,10,2,2,5,5,,,2,,,,,2,,,,,,7,1,,,,1,,,,,,,,,,,,,,,,,,,,,,,,,,,,,,,,1,8,10,,,,,,,,,,,,,,,,,,,,,,,,,,,,,,,,,,,2,14,1,,1,2,1,2,6,16,5,10.0
6732,2,0,0,21,10,10,6,6,0,5,2,6,3,6,8,9,17.509775004326936,27.0,1.0,27.0,0.009,1.5,1,,,1,10,2,2,6,6,,,2,1,,,,2,,,,,,7,1,,,,1,,,,,,,,,,,,,,,,,,,,,,,,,,,,,,,,2,8,11,,,,,,,,,,,,,,,,,,,,,,,,,,,,,,,,,,,2,14,1,1,1,2,1,3,6,16,5,10.0
6735,2,0,0,21,10,10,6,6,0,5,2,6,3,6,8,9,17.509775004326936,27.0,1.0,27.0,0.009,1.5,1,,,1,10,2,2,6,6,,,2,1,,,,2,,,,,,7,1,,,,1,,,,,,,,,,,,,,,,,,,,,,,,,,,,,,,,2,8,11,,,,,,,,,,,,,,,,,,,,,,,,,,,,,,,,,,,2,14,1,1,1,2,1,3,6,16,5,10.0
6736,2,0,0,21,10,10,6,6,0,5,2,6,3,6,8,9,17.509775004326936,27.0,1.0,27.0,0.009,1.5,1,,,1,10,2,2,6,6,,,2,1,,,,2,,,,,,7,1,,,,1,,,,,,,,,,,,,,,,,,,,,,,,,,,,,,,,2,8,11,,,,,,,,,,,,,,,,,,,,,,,,,,,,,,,,,,,2,14,1,1,1,2,1,3,6,16,5,10.0
6710,5,0,0,12,9,9,0,0,0,3,5,14,8,16,19,24,64.91260938324326,101.95026032264605,2.857142857142857,291.28645806470297,0.03398342010754868,16.18258100359461,1,,,4,9,2,2,8,8,,,2,,,,1,,,,,,,5,1,,,,2,,,2,,,,,,,,,,,,,,,,,,,,,,,,,,,,,3,,3,,,,,,,,,,,,,,,,,,,,,,,,,,,,,,,,,,,5,13,1,,2,2,1,2,6,19,4,10.5
6745,5,0,0,9,8,8,0,0,0,1,5,12,9,18,17,27,54.62919048309069,110.36149671375918,3.75,413.85561267659693,0.03678716557125306,22.99197848203316,1,,,6,8,3,3,12,12,,,3,3,,1,1,2,,,,,,2,,,,,4,,,,,,,,,,,,,,,,,,,,,,,,,,,,,,,,3,2,1,,,,,,,,,,,,,,,,,,,,,,,,,,,,,,,,,,,4,11,1,3,3,2,1,3,2,6,2,4.0
6746,3,0,0,8,7,7,0,0,0,1,2,2,2,4,4,6,4.0,12.0,2.0,24.0,0.004,1.3333333333333333,1,,,3,7,3,3,7,7,,,3,,,,,,,,,1,,1,,,,,1,,,,,,,,,,,,,,,,,,,,,,,,,,,,,,,,2,,1,,,,,,,,,,,,,,,,,,,,,,,,,,,,,,,,,,,3,3,1,,3,1,1,2,1,1,1,1.0
6747,3,0,0,8,7,7,0,0,0,1,2,2,2,4,4,6,4.0,12.0,2.0,24.0,0.004,1.3333333333333333,1,,,3,7,3,3,7,7,,,3,,,,,,,,,1,,1,,,,,1,,,,,,,,,,,,,,,,,,,,,,,,,,,,,,,,2,,1,,,,,,,,,,,,,,,,,,,,,,,,,,,,,,,,,,,3,3,1,,3,1,1,2,1,1,1,1.0
6748,3,0,0,8,7,7,0,0,0,1,2,2,2,4,4,6,4.0,12.0,2.0,24.0,0.004,1.3333333333333333,1,,,3,7,3,3,7,7,,,3,,,,,,,,,1,,1,,,,,1,,,,,,,,,,,,,,,,,,,,,,,,,,,,,,,,2,,1,,,,,,,,,,,,,,,,,,,,,,,,,,,,,,,,,,,3,3,1,,3,1,1,2,1,1,1,1.0
6749,3,0,0,8,7,7,0,0,0,1,2,2,2,4,4,6,4.0,12.0,2.0,24.0,0.004,1.3333333333333333,1,,,3,7,3,3,7,7,,,3,,,,,,,,,1,,1,,,,,1,,,,,,,,,,,,,,,,,,,,,,,,,,,,,,,,2,,1,,,,,,,,,,,,,,,,,,,,,,,,,,,,,,,,,,,3,3,1,,3,1,1,2,1,1,1,1.0
6750,3,0,0,8,7,7,0,0,0,1,2,2,2,4,4,6,4.0,12.0,2.0,24.0,0.004,1.3333333333333333,1,,,3,7,3,3,7,7,,,3,,,,,,,,,1,,1,,,,,1,,,,,,,,,,,,,,,,,,,,,,,,,,,,,,,,2,,1,,,,,,,,,,,,,,,,,,,,,,,,,,,,,,,,,,,3,3,1,,3,1,1,2,1,1,1,1.0
6751,3,0,0,8,7,7,0,0,0,1,2,2,2,4,4,6,4.0,12.0,2.0,24.0,0.004,1.3333333333333333,1,,,3,7,3,3,7,7,,,3,,,,,,,,,1,,1,,,,,1,,,,,,,,,,,,,,,,,,,,,,,,,,,,,,,,2,,1,,,,,,,,,,,,,,,,,,,,,,,,,,,,,,,,,,,3,3,1,,3,1,1,2,1,1,1,1.0
6752,3,0,0,8,7,7,0,0,0,1,2,2,2,4,4,6,4.0,12.0,2.0,24.0,0.004,1.3333333333333333,1,,,3,7,3,3,7,7,,,3,,,,,,,,,1,,1,,,,,1,,,,,,,,,,,,,,,,,,,,,,,,,,,,,,,,2,,1,,,,,,,,,,,,,,,,,,,,,,,,,,,,,,,,,,,3,3,1,,3,1,1,2,1,1,1,1.0
6753,3,0,0,8,7,7,0,0,0,1,2,2,2,4,4,6,4.0,12.0,2.0,24.0,0.004,1.3333333333333333,1,,,3,7,3,3,7,7,,,3,,,,,,,,,1,,1,,,,,1,,,,,,,,,,,,,,,,,,,,,,,,,,,,,,,,2,,1,,,,,,,,,,,,,,,,,,,,,,,,,,,,,,,,,,,3,3,1,,3,1,1,2,1,1,1,1.0
6754,3,0,0,8,7,7,0,0,0,1,2,2,2,4,4,6,4.0,12.0,2.0,24.0,0.004,1.3333333333333333,1,,,3,7,3,3,7,7,,,3,,,,,,,,,1,,1,,,,,1,,,,,,,,,,,,,,,,,,,,,,,,,,,,,,,,2,,1,,,,,,,,,,,,,,,,,,,,,,,,,,,,,,,,,,,3,3,1,,3,1,1,2,1,1,1,1.0
6755,3,0,0,8,7,7,0,0,0,1,2,2,2,4,4,6,4.0,12.0,2.0,24.0,0.004,1.3333333333333333,1,,,3,7,3,3,7,7,,,3,,,,,,,,,1,,1,,,,,1,,,,,,,,,,,,,,,,,,,,,,,,,,,,,,,,2,,1,,,,,,,,,,,,,,,,,,,,,,,,,,,,,,,,,,,3,3,1,,3,1,1,2,1,1,1,1.0
6756,3,0,0,10,9,9,0,0,0,1,4,7,6,12,11,18,27.651484454403228,62.26976913547136,3.4285714285714284,213.49635132161606,0.020756589711823786,11.860908406756447,1,,,,9,3,3,4,4,,,3,1,,3,,1,,,,1,,5,,,,,1,,,,,,,,,,,,,,,,,,,,,,,,,,,,,,,,4,3,1,,,,,,,,,,,,,,,,,,,,,,,,,,,,,,,,,,,3,12,1,1,1,1,1,3,2,6,1,3.5
6758,3,0,0,10,9,9,0,0,0,1,4,7,6,12,11,18,27.651484454403228,62.26976913547136,3.4285714285714284,213.49635132161606,0.020756589711823786,11.860908406756447,1,,,,9,3,3,4,4,,,3,1,,3,,1,,,,1,,5,,,,,1,,,,,,,,,,,,,,,,,,,,,,,,,,,,,,,,4,3,1,,,,,,,,,,,,,,,,,,,,,,,,,,,,,,,,,,,3,12,1,1,1,1,1,3,2,6,1,3.5
6759,3,0,0,11,9,9,0,0,0,2,3,5,5,10,8,15,16.36452797660028,45.0,3.0,135.0,0.015,7.5,1,,,,9,3,3,6,6,,,3,1,,3,,,,,,1,,5,,,,,1,,,,,,,,,,,,,,,,,,,,,,,,,,,,,,,,4,3,2,,,,,,,,,,,,,,,,,,,,,,,,,,,,,,,,,,,3,11,1,1,1,1,1,3,2,5,1,3.0
6760,3,0,0,11,9,9,0,0,0,2,3,6,5,10,9,15,20.264662506490406,47.548875021634686,2.5,118.87218755408671,0.01584962500721156,6.604010419671484,1,,,,9,3,3,6,6,,,3,1,,3,,,,,,1,,5,,,,,1,,,,,,,,,,,,,,,,,,,,,,,,,,,,,,,,4,3,2,,,,,,,,,,,,,,,,,,,,,,,,,,,,,,,,,,,3,11,1,1,1,1,1,3,2,5,1,3.0
6761,3,0,0,10,9,9,0,0,0,1,3,6,5,10,9,15,20.264662506490406,47.548875021634686,2.5,118.87218755408671,0.01584962500721156,6.604010419671484,1,,,,9,3,3,6,6,,,3,1,,,,,,,,1,,2,,,,,1,,,,,,,,,3,,,,,,,,,,,,,,,,,,,,,,,4,3,1,,,,,,,,,,,,,,,,,,,,,,,,,,,,,,,,,,,3,8,1,1,1,1,1,3,2,5,1,3.0
6762,3,0,0,12,9,9,0,0,0,3,3,6,5,10,9,15,20.264662506490406,47.548875021634686,2.5,118.87218755408671,0.01584962500721156,6.604010419671484,1,,,,9,3,3,4,4,,,3,1,,,,,,,,1,,2,,,,,1,,,,,,,,,3,,,,,,,,,,,,,,,,,,,,,,,4,3,3,,,,,,,,,,,,,,,,,,,,,,,,,,,,,,,,,,,3,8,1,1,1,1,1,3,2,8,5,6.5
6763,3,0,0,11,9,9,0,0,0,2,3,6,5,10,9,15,20.264662506490406,47.548875021634686,2.5,118.87218755408671,0.01584962500721156,6.604010419671484,1,,,,9,3,3,5,5,,,3,1,,,,,,,,1,,2,,,,,1,,,,,,,,,3,,,,,,,,,,,,,,,,,,,,,,,4,3,2,,,,,,,,,,,,,,,,,,,,,,,,,,,,,,,,,,,3,8,1,1,1,1,1,3,2,5,1,3.0
6764,3,0,0,12,9,9,0,0,0,3,3,6,5,10,9,15,20.264662506490406,47.548875021634686,2.5,118.87218755408671,0.01584962500721156,6.604010419671484,1,,,,9,3,3,4,4,,,3,1,,,,,,,,1,,2,,,,,1,,,,,,,,,3,,,,,,,,,,,,,,,,,,,,,,,4,3,3,,,,,,,,,,,,,,,,,,,,,,,,,,,,,,,,,,,3,8,1,1,1,1,1,3,2,5,4,4.5
6757,3,0,0,12,9,9,0,0,0,3,4,6,6,12,10,18,23.509775004326936,59.794705707972525,4.0,239.1788228318901,0.019931568569324175,13.28771237954945,1,,,,9,3,3,6,6,,,3,1,,,,1,,,,1,,2,,,,,1,,,,,,,,,3,,,,,,,,,,,,,,,,,,,,,,,5,2,3,,,,,,,,,,,,,,,,,,,,,,,,,,,,,,,,,,,3,9,1,1,1,1,1,3,2,5,1,3.0
6775,5,0,0,9,8,8,0,0,0,1,5,12,9,18,17,27,54.62919048309069,110.36149671375918,3.75,413.85561267659693,0.03678716557125306,22.99197848203316,1,,,6,8,3,3,12,12,,,3,3,,1,1,2,,,,,,2,1,,,,4,,,,,,,,,,,,,,,,,,,,,,,,,,,,,,,,3,2,1,,,,,,,,,,,,,,,,,,,,,,,,,,,,,,,,,,,4,12,1,3,3,2,1,3,3,6,2,3.6666666666666665
6774,5,0,0,9,8,8,0,0,0,1,5,12,9,18,17,27,54.62919048309069,110.36149671375918,3.75,413.85561267659693,0.03678716557125306,22.99197848203316,1,,,6,8,3,3,13,13,,,3,3,,1,1,2,,,,,,2,1,,,,4,,,,,,,,,,,,,,,,,,,,,,,,,,,,,,,,3,2,1,,,,,,,,,,,,,,,,,,,,,,,,,,,,,,,,,,,4,12,1,3,3,2,1,3,3,6,2,4.333333333333333
6773,5,0,0,9,8,8,0,0,0,1,5,12,9,18,17,27,54.62919048309069,110.36149671375918,3.75,413.85561267659693,0.03678716557125306,22.99197848203316,1,,,6,8,3,3,13,13,,,3,3,,1,1,2,,,,,,2,1,,,,4,,,,,,,,,,,,,,,,,,,,,,,,,,,,,,,,3,2,1,,,,,,,,,,,,,,,,,,,,,,,,,,,,,,,,,,,4,12,1,3,3,2,1,3,3,6,2,4.333333333333333
6772,5,0,0,9,8,8,0,0,0,1,5,12,9,18,17,27,54.62919048309069,110.36149671375918,3.75,413.85561267659693,0.03678716557125306,22.99197848203316,1,,,6,8,3,3,13,13,,,3,3,,1,1,2,,,,,,2,1,,,,4,,,,,,,,,,,,,,,,,,,,,,,,,,,,,,,,3,2,1,,,,,,,,,,,,,,,,,,,,,,,,,,,,,,,,,,,4,12,1,3,3,2,1,3,3,6,2,4.333333333333333
6771,5,0,0,9,8,8,0,0,0,1,5,12,9,18,17,27,54.62919048309069,110.36149671375918,3.75,413.85561267659693,0.03678716557125306,22.99197848203316,1,,,6,8,3,3,13,13,,,3,3,,1,1,2,,,,,,2,1,,,,4,,,,,,,,,,,,,,,,,,,,,,,,,,,,,,,,3,2,1,,,,,,,,,,,,,,,,,,,,,,,,,,,,,,,,,,,4,12,1,3,3,2,1,3,3,6,2,4.333333333333333
6770,5,0,0,9,8,8,0,0,0,1,5,12,9,18,17,27,54.62919048309069,110.36149671375918,3.75,413.85561267659693,0.03678716557125306,22.99197848203316,1,,,6,8,3,3,13,13,,,3,3,,1,1,2,,,,,,2,1,,,,4,,,,,,,,,,,,,,,,,,,,,,,,,,,,,,,,3,2,1,,,,,,,,,,,,,,,,,,,,,,,,,,,,,,,,,,,4,12,1,3,3,2,1,3,3,6,2,4.333333333333333
6767,5,0,0,9,8,8,0,0,0,1,5,12,9,18,17,27,54.62919048309069,110.36149671375918,3.75,413.85561267659693,0.03678716557125306,22.99197848203316,1,,,6,8,3,3,13,13,,,3,3,,1,1,2,,,,,,2,1,,,,4,,,,,,,,,,,,,,,,,,,,,,,,,,,,,,,,3,2,1,,,,,,,,,,,,,,,,,,,,,,,,,,,,,,,,,,,4,12,1,3,3,2,1,3,3,6,2,4.333333333333333
6768,5,0,0,9,8,8,0,0,0,1,5,12,9,18,17,27,54.62919048309069,110.36149671375918,3.75,413.85561267659693,0.03678716557125306,22.99197848203316,1,,,6,8,3,3,13,13,,,3,3,,1,1,2,,,,,,2,1,,,,4,,,,,,,,,,,,,,,,,,,,,,,,,,,,,,,,3,2,1,,,,,,,,,,,,,,,,,,,,,,,,,,,,,,,,,,,4,12,1,3,3,2,1,3,3,6,2,4.333333333333333
6769,5,0,0,9,8,8,0,0,0,1,5,12,9,18,17,27,54.62919048309069,110.36149671375918,3.75,413.85561267659693,0.03678716557125306,22.99197848203316,1,,,6,8,3,3,13,13,,,3,3,,1,1,2,,,,,,2,1,,,,4,,,,,,,,,,,,,,,,,,,,,,,,,,,,,,,,3,2,1,,,,,,,,,,,,,,,,,,,,,,,,,,,,,,,,,,,4,12,1,3,3,2,1,3,3,6,2,4.333333333333333
6766,5,0,0,9,8,8,0,0,0,1,5,12,9,18,17,27,54.62919048309069,110.36149671375918,3.75,413.85561267659693,0.03678716557125306,22.99197848203316,1,,,6,8,3,3,13,13,,,3,3,,1,1,2,,,,,,2,1,,,,4,,,,,,,,,,,,,,,,,,,,,,,,,,,,,,,,3,2,1,,,,,,,,,,,,,,,,,,,,,,,,,,,,,,,,,,,4,12,1,3,3,2,1,3,3,6,2,4.333333333333333
6765,5,0,0,30,24,24,3,3,0,3,3,7,9,18,10,27,24.406371956566698,89.69205856195879,3.857142857142857,345.9550830246982,0.029897352853986262,19.219726834705455,1,,,7,24,7,7,13,13,,,7,,,,5,,,,,,,8,1,,,,2,,,2,,,,,,,,,,,,,,,,,,,,,,,,,,,,,3,3,6,,,,,,,,,,,,,,,,,,,,,,,,,,,,,,,,,,,7,27,1,,9,2,1,2,7,14,4,9.428571428571429
6776,5,0,0,30,24,24,3,3,0,3,3,7,9,18,10,27,24.406371956566698,89.69205856195879,3.857142857142857,345.9550830246982,0.029897352853986262,19.219726834705455,1,,,7,24,7,7,13,13,,,7,,,,5,,,,,,,8,1,,,,2,,,2,,,,,,,,,,,,,,,,,,,,,,,,,,,,,3,3,6,,,,,,,,,,,,,,,,,,,,,,,,,,,,,,,,,,,7,27,1,,9,2,1,2,7,14,4,9.428571428571429
6777,5,0,0,30,24,24,3,3,0,3,3,7,9,18,10,27,24.406371956566698,89.69205856195879,3.857142857142857,345.9550830246982,0.029897352853986262,19.219726834705455,1,,,7,24,7,7,13,13,,,7,,,,5,,,,,,,8,1,,,,2,,,2,,,,,,,,,,,,,,,,,,,,,,,,,,,,,3,3,6,,,,,,,,,,,,,,,,,,,,,,,,,,,,,,,,,,,7,27,1,,9,2,1,2,7,14,4,9.428571428571429
6778,5,0,0,30,24,24,3,3,0,3,3,7,9,18,10,27,24.406371956566698,89.69205856195879,3.857142857142857,345.9550830246982,0.029897352853986262,19.219726834705455,1,,,7,24,7,7,13,13,,,7,,,,5,,,,,,,8,1,,,,2,,,2,,,,,,,,,,,,,,,,,,,,,,,,,,,,,3,3,6,,,,,,,,,,,,,,,,,,,,,,,,,,,,,,,,,,,7,27,1,,9,2,1,2,7,14,4,9.428571428571429
6779,5,0,0,30,24,24,3,3,0,3,3,7,9,18,10,27,24.406371956566698,89.69205856195879,3.857142857142857,345.9550830246982,0.029897352853986262,19.219726834705455,1,,,7,24,7,7,13,13,,,7,,,,5,,,,,,,8,1,,,,2,,,2,,,,,,,,,,,,,,,,,,,,,,,,,,,,,3,3,6,,,,,,,,,,,,,,,,,,,,,,,,,,,,,,,,,,,7,27,1,,9,2,1,2,7,14,4,9.428571428571429
6780,5,0,0,30,24,24,3,3,0,3,3,7,9,18,10,27,24.406371956566698,89.69205856195879,3.857142857142857,345.9550830246982,0.029897352853986262,19.219726834705455,1,,,7,24,7,7,13,13,,,7,,,,5,,,,,,,8,1,,,,2,,,2,,,,,,,,,,,,,,,,,,,,,,,,,,,,,3,3,6,,,,,,,,,,,,,,,,,,,,,,,,,,,,,,,,,,,7,27,1,,9,2,1,2,7,14,4,9.428571428571429
6781,5,0,0,30,24,24,3,3,0,3,3,7,9,18,10,27,24.406371956566698,89.69205856195879,3.857142857142857,345.9550830246982,0.029897352853986262,19.219726834705455,1,,,7,24,7,7,13,13,,,7,,,,5,,,,,,,8,1,,,,2,,,2,,,,,,,,,,,,,,,,,,,,,,,,,,,,,3,3,6,,,,,,,,,,,,,,,,,,,,,,,,,,,,,,,,,,,7,27,1,,9,2,1,2,7,14,4,9.428571428571429
6782,5,0,0,30,24,24,3,3,0,3,3,7,9,18,10,27,24.406371956566698,89.69205856195879,3.857142857142857,345.9550830246982,0.029897352853986262,19.219726834705455,1,,,7,24,7,7,13,13,,,7,,,,5,,,,,,,8,1,,,,2,,,2,,,,,,,,,,,,,,,,,,,,,,,,,,,,,3,3,6,,,,,,,,,,,,,,,,,,,,,,,,,,,,,,,,,,,7,27,1,,9,2,1,2,7,14,4,9.428571428571429
6784,5,0,0,30,24,24,3,3,0,3,3,7,9,18,10,27,24.406371956566698,89.69205856195879,3.857142857142857,345.9550830246982,0.029897352853986262,19.219726834705455,1,,,7,24,7,7,13,13,,,7,,,,5,,,,,,,8,1,,,,2,,,2,,,,,,,,,,,,,,,,,,,,,,,,,,,,,3,3,6,,,,,,,,,,,,,,,,,,,,,,,,,,,,,,,,,,,7,27,1,,9,2,1,2,7,14,4,9.428571428571429
6783,5,0,0,30,24,24,3,3,0,3,3,7,9,18,10,27,24.406371956566698,89.69205856195879,3.857142857142857,345.9550830246982,0.029897352853986262,19.219726834705455,1,,,7,24,7,7,13,13,,,7,,,,5,,,,,,,8,1,,,,2,,,2,,,,,,,,,,,,,,,,,,,,,,,,,,,,,3,3,6,,,,,,,,,,,,,,,,,,,,,,,,,,,,,,,,,,,7,27,1,,9,2,1,2,7,14,4,9.428571428571429
6811,2,0,0,11,7,7,1,1,0,3,3,4,3,6,7,9,12.75488750216347,25.26619429851844,2.25,56.848937171666485,0.008422064766172813,3.158274287314805,1,,,1,7,1,1,5,5,,,1,,,,,,,,,,,3,,,,,,,1,,,,,,1,1,,,,,,,,,,,,,,,,,,,,,,,3,1,4,,,,,,,,,,,,,,,,,,,,,,,,,,,,,,,,,,,1,8,1,,2,1,1,2,3,8,1,3.3333333333333335
6812,2,0,0,11,7,7,1,1,0,3,3,4,3,6,7,9,12.75488750216347,25.26619429851844,2.25,56.848937171666485,0.008422064766172813,3.158274287314805,1,,,1,7,1,1,5,5,,,1,,,,,,,,,,,3,,,,,,,1,,,,,,1,1,,,,,,,,,,,,,,,,,,,,,,,3,1,4,,,,,,,,,,,,,,,,,,,,,,,,,,,,,,,,,,,1,8,1,,2,1,1,2,3,4,1,2.0
6815,2,0,0,11,8,8,2,2,0,1,2,3,2,4,5,6,6.754887502163469,13.931568569324174,1.3333333333333333,18.575424759098897,0.004643856189774725,1.0319680421721609,1,,,1,8,1,1,7,7,,,1,1,,1,,,,,,,,4,1,,,,,,1,,,,,,,,,,,,,,,,,,,,,,,,,,,,,,3,2,3,,,,,,,,,,,,,,,,,,,,,,,,,,,,,,,,,,,2,12,1,1,2,1,1,3,5,4,1,2.8
6814,2,0,0,6,6,6,0,0,0,0,3,4,3,6,7,9,12.75488750216347,25.26619429851844,2.25,56.848937171666485,0.008422064766172813,3.158274287314805,1,,,1,6,1,1,5,5,,,1,,,1,,,,,,,,3,,,,,,,1,,,,,,1,,,,,,,,,,,,,,,,,,,,,,,,3,,,,,,,,,,,,,,,,,,,,,,,,,,,,,,,,,,,,,1,7,1,,2,1,1,2,2,1,1,1.0
6818,2,0,0,8,6,6,0,0,0,2,3,4,3,6,7,9,12.75488750216347,25.26619429851844,2.25,56.848937171666485,0.008422064766172813,3.158274287314805,1,,,1,6,1,1,6,6,,,1,1,,1,,,1,,,,,3,,,,,,,1,,,,,,,,,,,,,,,,,,,,,,,,,,,,,,4,,2,,,,,,,,,,,,,,,,,,,,,,,,,,,,,,,,,,,1,7,1,1,2,1,1,3,2,1,1,1.0
6813,2,0,0,8,6,6,0,0,0,2,3,4,3,6,7,9,12.75488750216347,25.26619429851844,2.25,56.848937171666485,0.008422064766172813,3.158274287314805,1,,,1,6,1,1,5,5,,,1,,,1,,,,,,,,3,,1,,,,,1,,,,,,,,,,,,,,,,,,,,,,,,,,,,,,3,,2,,,,,,,,,,,,,,,,,,,,,,,,,,,,,,,,,,,1,7,1,,2,1,1,2,2,1,1,1.0
6817,2,0,0,8,6,6,0,0,0,2,3,4,3,6,7,9,12.75488750216347,25.26619429851844,2.25,56.848937171666485,0.008422064766172813,3.158274287314805,1,,,1,6,1,1,5,5,,,1,,,1,,,,,,,,3,,1,,,,,1,,,,,,,,,,,,,,,,,,,,,,,,,,,,,,3,,2,,,,,,,,,,,,,,,,,,,,,,,,,,,,,,,,,,,1,7,1,,2,1,1,2,2,1,1,1.0
6816,2,0,0,8,6,6,0,0,0,2,3,4,3,6,7,9,12.75488750216347,25.26619429851844,2.25,56.848937171666485,0.008422064766172813,3.158274287314805,1,,,1,6,1,1,6,6,,,1,1,,1,,,1,,,,,3,,,,,,,1,,,,,,,,,,,,,,,,,,,,,,,,,,,,,,4,,2,,,,,,,,,,,,,,,,,,,,,,,,,,,,,,,,,,,1,7,1,1,2,1,1,3,2,1,1,1.0
6788,3,0,0,14,11,11,0,0,0,3,2,6,4,8,8,12,17.509775004326936,36.0,1.3333333333333333,48.0,0.012,2.6666666666666665,1,,,,11,2,2,9,9,1,1,2,1,,2,,1,,,,2,,6,,,,,,,,,,,,,,,,,,,,,,,,,,,,,,,,,,,,,5,,3,,,,,,,,,,,,,,,,,,,,,,,,,,,,,,,,,,,4,19,,3,2,1,0,5,7,12,1,5.142857142857143
6787,4,0,0,15,12,12,0,0,0,3,3,7,5,10,10,15,24.406371956566698,49.82892142331044,2.142857142857143,106.77626019280808,0.016609640474436815,5.932014455156004,1,,,,12,3,3,9,9,2,2,3,,,,,1,,,,2,,4,,,,,1,,,,,,,,,2,,,,,,,,,,,,,,,,,,,,,,,4,,3,,,,,,,,,,,,,,,,,,,,,,,,,,,,,,,,,,,5,19,1,1,2,2,1,3,7,5,1,3.5714285714285716
6786,,,,34,18,22,3,3,0,9,,,,,,,,,,,,,1,,,2,2,,,10,10,8,8,,6,16,9,,,,,1,4,,4,,,7,7,,1,,,,,,,,,,,,,,,,,,,,,,,,,,,,,,,8,3,32,,,,,,,,,,,,,,,,,,,,,,,,,,,,,,,,,,,8,42,4,,,,1,0,12,19,1,4.333333333333333
6830,5,0,0,15,12,12,0,0,0,3,3,13,8,16,16,24,52.860603837997665,96.0,1.8461538461538463,177.23076923076923,0.032,9.846153846153847,1,,,3,12,4,4,9,9,3,3,4,1,,,,,,,,1,,3,1,,,,3,,,,,,,,,4,,,,,,,,,,,,,,,,,,,,,,,4,3,3,,,,,,,,,,,,,,,,,,,,,,,,,,,,,,,,,,,4,17,,2,1,1,0,4,4,8,1,4.75
6829,5,0,0,15,12,12,0,0,0,3,3,13,8,16,16,24,52.860603837997665,96.0,1.8461538461538463,177.23076923076923,0.032,9.846153846153847,1,,,3,12,4,4,9,9,3,3,4,1,,,,,,,,1,,3,1,,,,3,,,,,,,,,4,,,,,,,,,,,,,,,,,,,,,,,4,3,3,,,,,,,,,,,,,,,,,,,,,,,,,,,,,,,,,,,4,17,,2,1,1,0,4,4,8,1,4.75
6831,5,0,0,14,12,12,0,0,0,2,3,13,8,16,16,24,52.860603837997665,96.0,1.8461538461538463,177.23076923076923,0.032,9.846153846153847,1,,,3,12,4,4,9,9,3,3,4,1,,,,,,,,1,,3,1,,,,3,,,,,,,,,4,,,,,,,,,,,,,,,,,,,,,,,4,3,2,,,,,,,,,,,,,,,,,,,,,,,,,,,,,,,,,,,4,17,,2,1,1,0,4,4,8,1,4.75
6832,5,0,0,15,12,12,0,0,0,3,3,13,8,16,16,24,52.860603837997665,96.0,1.8461538461538463,177.23076923076923,0.032,9.846153846153847,1,,,3,12,4,4,9,9,3,3,4,1,,,,,,,,1,,3,1,,,,3,,,,,,,,,4,,,,,,,,,,,,,,,,,,,,,,,4,3,3,,,,,,,,,,,,,,,,,,,,,,,,,,,,,,,,,,,4,17,,2,1,1,0,4,4,8,1,4.75
6833,5,0,0,15,12,12,0,0,0,3,3,13,8,16,16,24,52.860603837997665,96.0,1.8461538461538463,177.23076923076923,0.032,9.846153846153847,1,,,3,12,4,4,9,9,3,3,4,1,,,,,,,,1,,3,1,,,,3,,,,,,,,,4,,,,,,,,,,,,,,,,,,,,,,,4,3,3,,,,,,,,,,,,,,,,,,,,,,,,,,,,,,,,,,,4,17,,2,1,1,0,4,4,8,1,4.75
6834,5,0,0,15,12,12,0,0,0,3,3,13,8,16,16,24,52.860603837997665,96.0,1.8461538461538463,177.23076923076923,0.032,9.846153846153847,1,,,3,12,4,4,9,9,3,3,4,1,,,,,,,,1,,3,1,,,,3,,,,,,,,,4,,,,,,,,,,,,,,,,,,,,,,,4,3,3,,,,,,,,,,,,,,,,,,,,,,,,,,,,,,,,,,,4,17,,2,1,1,0,4,4,8,1,4.75
6835,5,0,0,15,12,12,0,0,0,3,3,13,8,16,16,24,52.860603837997665,96.0,1.8461538461538463,177.23076923076923,0.032,9.846153846153847,1,,,3,12,4,4,9,9,3,3,4,1,,,,,,,,1,,3,1,,,,3,,,,,,,,,4,,,,,,,,,,,,,,,,,,,,,,,4,3,3,,,,,,,,,,,,,,,,,,,,,,,,,,,,,,,,,,,4,17,,2,1,1,0,4,4,8,1,4.75
6836,5,0,0,15,12,12,0,0,0,3,3,13,8,16,16,24,52.860603837997665,96.0,1.8461538461538463,177.23076923076923,0.032,9.846153846153847,1,,,3,12,4,4,9,9,3,3,4,1,,,,,,,,1,,3,1,,,,3,,,,,,,,,4,,,,,,,,,,,,,,,,,,,,,,,4,3,3,,,,,,,,,,,,,,,,,,,,,,,,,,,,,,,,,,,4,17,,2,1,1,0,4,4,8,1,4.75
6837,5,0,0,15,12,12,0,0,0,3,3,13,8,16,16,24,52.860603837997665,96.0,1.8461538461538463,177.23076923076923,0.032,9.846153846153847,1,,,3,12,4,4,9,9,3,3,4,1,,,,,,,,1,,3,1,,,,3,,,,,,,,,4,,,,,,,,,,,,,,,,,,,,,,,4,3,3,,,,,,,,,,,,,,,,,,,,,,,,,,,,,,,,,,,4,17,,2,1,1,0,4,4,8,1,4.75
6838,5,0,0,15,12,12,0,0,0,3,3,13,8,16,16,24,52.860603837997665,96.0,1.8461538461538463,177.23076923076923,0.032,9.846153846153847,1,,,3,12,4,4,9,9,3,3,4,1,,,,,,,,1,,3,1,,,,3,,,,,,,,,4,,,,,,,,,,,,,,,,,,,,,,,4,3,3,,,,,,,,,,,,,,,,,,,,,,,,,,,,,,,,,,,4,17,,2,1,1,0,4,4,8,1,4.75
2407,1,0,0,1,1,1,0,0,0,0,0,0,0,0,0,0,0,0,0,0,0.0,0.0,1,,,,1,,,,,,,,,,,,,,,,,,,,,,,,,,,,,,,,,,,,,,,,,,,,,,,,,,,,,,,,,,,,,,,,,,,,,,,,,,,,,,,,,,,,,,,,,,,,,1,,,,,0,0,1,4,4,4.0
2405,1,0,0,1,1,1,0,0,0,0,0,0,0,0,0,0,0,0,0,0,0.0,0.0,1,,,,1,,,,,,,,,,,,,,,,,,,,,,,,,,,,,,,,,,,,,,,,,,,,,,,,,,,,,,,,,,,,,,,,,,,,,,,,,,,,,,,,,,,,,,,,,,,,,1,,,,,0,0,1,4,4,4.0
2406,1,0,0,1,1,1,0,0,0,0,0,0,0,0,0,0,0,0,0,0,0.0,0.0,1,,,,1,,,,,,,,,,,,,,,,,,,,,,,,,,,,,,,,,,,,,,,,,,,,,,,,,,,,,,,,,,,,,,,,,,,,,,,,,,,,,,,,,,,,,,,,,,,,,1,,,,,0,0,1,4,4,4.0
2408,1,0,0,1,1,1,0,0,0,0,0,0,0,0,0,0,0,0,0,0,0.0,0.0,1,,,,1,,,,,,,,,,,,,,,,,,,,,,,,,,,,,,,,,,,,,,,,,,,,,,,,,,,,,,,,,,,,,,,,,,,,,,,,,,,,,,,,,,,,,,,,,,,,,1,,,,,0,0,1,4,4,4.0
2475,1,0,0,0,0,0,0,0,0,0,0,0,0,0,0,0,0,0,0,0,0.0,0.0,1,,,,,,,,,,,,,,,,,,,,,,,,,,,,,,,,,,,,,,,,,,,,,,,,,,,,,,,,,,,,,,,,,,,,,,,,,,,,,,,,,,,,,,,,,,,,,,,,,,,,,,0,0,0,0,0,0
2647,7,0,0,39,19,18,12,11,5,5,2,13,11,22,15,33,50.105716335834195,128.92738965508113,1.6923076923076923,218.18481326244498,0.04297579655169371,12.121378514580277,1,,,8,19,7,7,12,12,12,12,7,1,,6,,1,,,,,,9,2,,,,5,,,,,,,,,,,,,,,,,,,,,,,,,,,,,,,,19,12,16,,,,,,,,,,,,,,,,,,,,,,,,,,,,,,,,,,,10,28,1,1,2,1,1,3,8,5,1,4.125
2796,2,0,0,9,7,7,0,0,0,2,3,6,4,8,9,12,20.264662506490406,38.03910001730775,2.0,76.0782000346155,0.012679700005769252,4.226566668589751,1,,,1,7,1,1,4,4,,,1,,,2,,1,,,,1,,5,,,,,,,,,,,,,,,,,,,,,,,,,,,,,,,,,,,,,2,2,2,,,,,,,,,,,,,,,,,,,,,,,,,,,,,,,,,,,1,11,1,,1,1,1,2,3,17,3,9.333333333333334
2950,1,0,0,21,6,5,4,4,8,4,3,6,3,6,9,9,20.264662506490406,28.529325012980813,1.5,42.793987519471216,0.009509775004326938,2.377443751081734,1,,,2,6,,,5,5,,,,1,,1,,1,,,,,,4,,,,,,,,,,,,,1,,,,,,,,,,,,,,,,,,,,,,,,3,5,8,,,,,,,,,,,,,,,,,,,,,,,,,,,,,,,,,,,,8,1,1,1,1,1,3,4,9,5,6.5
2951,1,0,0,21,6,5,4,4,8,4,3,7,4,8,10,12,24.406371956566698,39.863137138648355,1.7142857142857142,68.33680652339717,0.013287712379549451,3.796489251299843,1,,,2,6,,,7,7,,,,1,,,1,,2,,,,,4,,,,,,,,,,,,,1,,,,,,,,,,,,,,,,,,,,,,,,2,7,8,,,,,,,,,,,,,,,,,,,,,,,,,,,,,,,,,,,,8,1,1,1,1,1,3,4,15,5,10.5
2949,1,0,0,20,7,6,4,4,8,2,3,8,4,8,11,12,28.75488750216347,41.51317942364757,1.5,62.26976913547136,0.01383772647454919,3.4594316186372978,1,,,3,7,,,9,9,,,,1,,1,,2,1,,,,,5,,,,,,,,,,,,,,,,,,,,,,,,,,,,,,,,,,,,,2,6,6,,,,,,,,,,,,,,,,,,,,,,,,,,,,,,,,,,,,10,2,1,1,2,1,3,5,9,4,6.8
2996,2,0,0,23,9,8,3,3,8,4,3,6,3,6,9,9,20.264662506490406,28.529325012980813,1.5,42.793987519471216,0.009509775004326938,2.377443751081734,1,,,4,9,2,2,9,9,,,2,1,,1,,1,,,,,,5,,,,,1,,,,,,,,,,,,,,,,,,,,,,,,,,,,,,,,2,4,7,,,,,,,,,,,,,,,,,,,,,,,,,,,,,,,,,,,2,10,3,1,1,3,2,3,4,5,3,4.5
3206,1,0,0,0,0,0,0,0,0,0,0,0,0,0,0,0,0,0,0,0,0.0,0.0,1,,,,,,,,,,,,,,,,,,,,,,,,,,,,,,,,,,,,,,,,,,,,,,,,,,,,,,,,,,,,,,,,,,,,,,,,,,,,,,,,,,,,,,,,,,,,,,,,,,,,,,0,0,0,0,0,0
3236,1,0,0,0,0,0,0,0,0,0,0,0,0,0,0,0,0,0,0,0,0.0,0.0,1,,,,,,,,,,,,,,,,,,,,,,,,,,,,,,,,,,,,,,,,,,,,,,,,,,,,,,,,,,,,,,,,,,,,,,,,,,,,,,,,,,,,,,,,,,,,,,,,,,,,,,0,0,0,0,0,0
3522,1,0,0,0,0,0,0,0,0,0,0,0,0,0,0,0,0,0,0,0,0.0,0.0,1,,,,,,,,,,,,,,,,,,,,,,,,,,,,,,,,,,,,,,,,,,,,,,,,,,,,,,,,,,,,,,,,,,,,,,,,,,,,,,,,,,,,,,,,,,,,,,,,,,,,,,0,0,0,0,0,0
3766,1,0,0,9,7,7,0,0,0,2,4,10,7,14,14,21,41.219280948873624,79.95445336320968,2.8,223.8724694169871,0.026651484454403226,12.437359412054839,1,,,3,7,,,11,11,,,,1,,1,1,3,,,,,,5,3,,,,,,,,,,,,2,,,,,,,,,,,,,,,,,,,,,,,,4,,2,,,,,,,,,,,,,,,,,,,,,,,,,,,,,,,,,,,1,19,3,1,1,3,1,3,8,7,1,3.25
866,1,0,0,1,1,1,0,0,0,0,0,0,0,0,0,0,0,0,0,0,0.0,0.0,1,,,,1,,,,,,,,,,,,,,,,,,,,,,,,,,,,,,,,,,,,,,,,,,,,,,,,,,,,,,,,,,,,,,,,,,,,,,,,,,,,,,,,,,,,,,,,,,,,,1,,,,,0,0,1,4,4,4.0
1741,1,0,0,1,1,1,0,0,0,0,0,0,0,0,0,0,0,0,0,0,0.0,0.0,1,,,,1,,,,,,,,,,,,,,,,,,,,,,,,,,,,,,,,,,,,,,,,,,,,,,,,,,,,,,,,,,,,,,,,,,,,,,,,,,,,,,,,,,,,,,,,,,,,,1,,,,,0,0,1,4,4,4.0
1957,,,,3,5,3,0,0,0,0,,,,,,,,,,,,,1,,,,3,,,2,2,4,4,4,,,,,,,,,,,2,,,,,,,,,,,,,,,,,,,,,,,,,,,,,3,,,,,,,,,,,,,,,,,,,,,,,,,,,,,,,,,,,,,,,,,,,,,,16,,,,,0,0,5,6,1,2.2
3021,,,,5,8,5,0,0,0,0,,,,,,,,,,,,,1,,,,5,1,1,2,2,4,4,4,,,,,,,2,,,,3,,,,,1,,,,,,,,,,,,,,,,,,,,,,,,3,,,,,,,,,,,,,,,,,,,,,,,,,,,,,,,,,,,,,,,,,,,,,1,21,,,,,0,0,7,9,1,3.4285714285714284
1961,1,0,0,1,1,1,0,0,0,0,0,0,0,0,0,0,0,0,0,0,0.0,0.0,1,,,,1,,,,,,,,,,,,,,,,,,,,,,,,,,,,,,,,,,,,,,,,,,,,,,,,,,,,,,,,,,,,,,,,,,,,,,,,,,,,,,,,,,,,,,,,,,,,,1,,,,,0,0,1,4,4,4.0
1967,,,,5,9,5,0,0,0,0,,,,,,,,,,,,,1,,,,5,1,1,9,9,6,6,5,7,,,,,,2,,,,3,,,,,1,,,,,,,,,,,,,,,,,,,,,,,,4,,,,,,,,,,,,,,,,,,,,,,,,,,,,,,,,,,,,,,,,,,,,,1,35,,,,,0,0,9,9,1,3.3333333333333335
3022,1,0,0,0,0,0,0,0,0,0,0,0,0,0,0,0,0,0,0,0,0.0,0.0,1,,,,,,,,,,,,,,,,,,,,,,,,,,,,,,,,,,,,,,,,,,,,,,,,,,,,,,,,,,,,,,,,,,,,,,,,,,,,,,,,,,,,,,,,,,,,,,,,,,,,,,0,0,0,0,0,0
1970,1,0,0,1,1,1,0,0,0,0,0,0,0,0,0,0,0,0,0,0,0.0,0.0,1,,,,1,,,,,,,,,,,,,,,,,,,,,,,,,,,,,,,,,,,,,,,,,,,,,,,,,,,,,,,,,,,,,,,,,,,,,,,,,,,,,,,,,,,,,,,,,,,,,1,,,,,0,0,1,4,4,4.0
1972,1,0,0,1,1,1,0,0,0,0,0,0,0,0,0,0,0,0,0,0,0.0,0.0,1,,,,1,,,,,,,,,,,,,,,,,,,,,,,,,,,,,,,,,,,,,,,,,,,,,,,,,,,,,,,,,,,,,,,,,,,,,,,,,,,,,,,,,,,,,,,,,,,,,1,,,,,0,0,1,4,4,4.0
3011,,,,6,8,5,0,0,0,1,,,,,,,,,,,,,1,,,,5,,,2,2,2,2,5,,,,1,1,,,,,,3,,,,,,,,,,,,,,,,,,,,,,,,,,,,,4,,,,,,,,,,1,,,,,,,,,,,,,,,,,,,,,,,,,,,,,,,,,,,,26,,,,,0,0,7,12,1,4.0
3012,1,0,0,0,0,0,0,0,0,0,0,0,0,0,0,0,0,0,0,0,0.0,0.0,1,,,,,,,,,,,,,,,,,,,,,,,,,,,,,,,,,,,,,,,,,,,,,,,,,,,,,,,,,,,,,,,,,,,,,,,,,,,,,,,,,,,,,,,,,,,,,,,,,,,,,,0,0,0,0,0,0
3013,1,0,0,0,0,0,0,0,0,0,0,0,0,0,0,0,0,0,0,0,0.0,0.0,1,,,,,,,,,,,,,,,,,,,,,,,,,,,,,,,,,,,,,,,,,,,,,,,,,,,,,,,,,,,,,,,,,,,,,,,,,,,,,,,,,,,,,,,,,,,,,,,,,,,,,,0,0,0,0,0,0
3014,,,,3,6,3,0,0,0,0,,,,,,,,,,,,,1,,,,3,,,2,2,2,2,4,,,,,,,,,,,2,,,,,,,,,,,,,,,,,,,,,,,,,,,,,1,,,,,,,,,,,,,,,,,,,,,,,,,,,,,,,,,,,,,,,,,,,,,,11,,,,,0,0,4,13,1,4.25
3015,1,0,0,1,1,1,0,0,0,0,0,0,0,0,0,0,0,0,0,0,0.0,0.0,1,,,,1,,,,,,,,,,,,,,,,,,,,,,,,,,,,,,,,,,,,,,,,,,,,,,,,,,,,,,,,,,,,,,,,,,,,,,,,,,,,,,,,,,,,,,,,,,,,,1,,,,,0,0,1,4,4,4.0
3016,1,0,0,0,0,0,0,0,0,0,0,0,0,0,0,0,0,0,0,0,0.0,0.0,1,,,,,,,,,,,,,,,,,,,,,,,,,,,,,,,,,,,,,,,,,,,,,,,,,,,,,,,,,,,,,,,,,,,,,,,,,,,,,,,,,,,,,,,,,,,,,,,,,,,,,,0,0,0,0,0,0
3017,1,0,0,1,1,1,0,0,0,0,0,0,0,0,0,0,0,0,0,0,0.0,0.0,1,,,,1,,,,,,,,,,,,,,,,,,,,,,,,,,,,,,,,,,,,,,,,,,,,,,,,,,,,,,,,,,,,,,,,,,,,,,,,,,,,,,,,,,,,,,,,,,,,,1,,,,,0,0,1,4,4,4.0
3018,1,0,0,0,0,0,0,0,0,0,0,0,0,0,0,0,0,0,0,0,0.0,0.0,1,,,,,,,,,,,,,,,,,,,,,,,,,,,,,,,,,,,,,,,,,,,,,,,,,,,,,,,,,,,,,,,,,,,,,,,,,,,,,,,,,,,,,,,,,,,,,,,,,,,,,,0,0,0,0,0,0
3019,1,0,0,1,1,1,0,0,0,0,0,0,0,0,0,0,0,0,0,0,0.0,0.0,1,,,,1,,,,,,,,,,,,,,,,,,,,,,,,,,,,,,,,,,,,,,,,,,,,,,,,,,,,,,,,,,,,,,,,,,,,,,,,,,,,,,,,,,,,,,,,,,,,,1,,,,,0,0,1,4,4,4.0
3020,1,0,0,1,1,1,0,0,0,0,0,0,0,0,0,0,0,0,0,0,0.0,0.0,1,,,,1,,,,,,,,,,,,,,,,,,,,,,,,,,,,,,,,,,,,,,,,,,,,,,,,,,,,,,,,,,,,,,,,,,,,,,,,,,,,,,,,,,,,,,,,,,,,,1,,,,,0,0,1,4,4,4.0
3782,1,0,0,0,0,0,0,0,0,0,0,0,0,0,0,0,0,0,0,0,0.0,0.0,1,,,,,,,,,,,,,,,,,,,,,,,,,,,,,,,,,,,,,,,,,,,,,,,,,,,,,,,,,,,,,,,,,,,,,,,,,,,,,,,,,,,,,,,,,,,,,,,,,,,,,,0,0,0,0,0,0
4200,1,0,0,1,1,1,0,0,0,0,0,0,0,0,0,0,0,0,0,0,0.0,0.0,1,,,1,1,,,1,1,,,,,,,,,,,,,,,,,,,,,,,,,,,,,,,,,,,,,,,,,,,,,,,,,,,,,,,,,,,,,,,,,,,,,,,,,,,,,,,,,,,,,,,,,,,,1,,0,1,0,0,0,0
4202,1,0,0,1,1,1,0,0,0,0,0,0,0,0,0,0,0,0,0,0,0.0,0.0,1,,,1,1,,,1,1,,,,,,,,,,,,,,,,,,,,,,,,,,,,,,,,,,,,,,,,,,,,,,,,,,,,,,,,,,,,,,,,,,,,,,,,,,,,,,,,,,,,,,,,,,,,1,,0,1,0,0,0,0
4203,1,0,0,1,1,1,0,0,0,0,0,0,0,0,0,0,0,0,0,0,0.0,0.0,1,,,1,1,,,1,1,,,,,,,,,,,,,,,,,,,,,,,,,,,,,,,,,,,,,,,,,,,,,,,,,,,,,,,,,,,,,,,,,,,,,,,,,,,,,,,,,,,,,,,,,,,,1,,0,1,0,0,0,0
4204,1,0,0,1,1,1,0,0,0,0,0,0,0,0,0,0,0,0,0,0,0.0,0.0,1,,,1,1,,,1,1,,,,,,,,,,,,,,,,,,,,,,,,,,,,,,,,,,,,,,,,,,,,,,,,,,,,,,,,,,,,,,,,,,,,,,,,,,,,,,,,,,,,,,,,,,,,1,,0,1,0,0,0,0
4205,1,0,0,1,1,1,0,0,0,0,0,0,0,0,0,0,0,0,0,0,0.0,0.0,1,,,1,1,,,1,1,,,,,,,,,,,,,,,,,,,,,,,,,,,,,,,,,,,,,,,,,,,,,,,,,,,,,,,,,,,,,,,,,,,,,,,,,,,,,,,,,,,,,,,,,,,,1,,0,1,0,0,0,0
4206,1,0,0,1,1,1,0,0,0,0,0,0,0,0,0,0,0,0,0,0,0.0,0.0,1,,,1,1,,,1,1,,,,,,,,,,,,,,,,,,,,,,,,,,,,,,,,,,,,,,,,,,,,,,,,,,,,,,,,,,,,,,,,,,,,,,,,,,,,,,,,,,,,,,,,,,,,1,,0,1,0,0,0,0
4207,1,0,0,1,1,1,0,0,0,0,0,0,0,0,0,0,0,0,0,0,0.0,0.0,1,,,1,1,,,1,1,,,,,,,,,,,,,,,,,,,,,,,,,,,,,,,,,,,,,,,,,,,,,,,,,,,,,,,,,,,,,,,,,,,,,,,,,,,,,,,,,,,,,,,,,,,,1,,0,1,0,0,0,0
4208,1,0,0,1,1,1,0,0,0,0,0,0,0,0,0,0,0,0,0,0,0.0,0.0,1,,,1,1,,,1,1,,,,,,,,,,,,,,,,,,,,,,,,,,,,,,,,,,,,,,,,,,,,,,,,,,,,,,,,,,,,,,,,,,,,,,,,,,,,,,,,,,,,,,,,,,,,1,,0,1,0,0,0,0
4209,1,0,0,1,1,1,0,0,0,0,0,0,0,0,0,0,0,0,0,0,0.0,0.0,1,,,1,1,,,1,1,,,,,,,,,,,,,,,,,,,,,,,,,,,,,,,,,,,,,,,,,,,,,,,,,,,,,,,,,,,,,,,,,,,,,,,,,,,,,,,,,,,,,,,,,,,,1,,0,1,0,0,0,0
4210,1,0,0,1,1,1,0,0,0,0,0,0,0,0,0,0,0,0,0,0,0.0,0.0,1,,,1,1,,,1,1,,,,,,,,,,,,,,,,,,,,,,,,,,,,,,,,,,,,,,,,,,,,,,,,,,,,,,,,,,,,,,,,,,,,,,,,,,,,,,,,,,,,,,,,,,,,1,,0,1,0,0,0,0
4211,1,0,0,1,1,1,0,0,0,0,0,0,0,0,0,0,0,0,0,0,0.0,0.0,1,,,1,1,,,1,1,,,,,,,,,,,,,,,,,,,,,,,,,,,,,,,,,,,,,,,,,,,,,,,,,,,,,,,,,,,,,,,,,,,,,,,,,,,,,,,,,,,,,,,,,,,,1,,0,1,0,0,0,0
4212,1,0,0,1,1,1,0,0,0,0,0,0,0,0,0,0,0,0,0,0,0.0,0.0,1,,,1,1,,,1,1,,,,,,,,,,,,,,,,,,,,,,,,,,,,,,,,,,,,,,,,,,,,,,,,,,,,,,,,,,,,,,,,,,,,,,,,,,,,,,,,,,,,,,,,,,,,1,,0,1,0,0,0,0
4213,1,0,0,1,1,1,0,0,0,0,0,0,0,0,0,0,0,0,0,0,0.0,0.0,1,,,1,1,,,1,1,,,,,,,,,,,,,,,,,,,,,,,,,,,,,,,,,,,,,,,,,,,,,,,,,,,,,,,,,,,,,,,,,,,,,,,,,,,,,,,,,,,,,,,,,,,,1,,0,1,0,0,0,0
4214,1,0,0,1,1,1,0,0,0,0,0,0,0,0,0,0,0,0,0,0,0.0,0.0,1,,,1,1,,,1,1,,,,,,,,,,,,,,,,,,,,,,,,,,,,,,,,,,,,,,,,,,,,,,,,,,,,,,,,,,,,,,,,,,,,,,,,,,,,,,,,,,,,,,,,,,,,1,,0,1,0,0,0,0
4215,1,0,0,1,1,1,0,0,0,0,0,0,0,0,0,0,0,0,0,0,0.0,0.0,1,,,1,1,,,1,1,,,,,,,,,,,,,,,,,,,,,,,,,,,,,,,,,,,,,,,,,,,,,,,,,,,,,,,,,,,,,,,,,,,,,,,,,,,,,,,,,,,,,,,,,,,,1,,0,1,0,0,0,0
4216,1,0,0,1,1,1,0,0,0,0,0,0,0,0,0,0,0,0,0,0,0.0,0.0,1,,,1,1,,,1,1,,,,,,,,,,,,,,,,,,,,,,,,,,,,,,,,,,,,,,,,,,,,,,,,,,,,,,,,,,,,,,,,,,,,,,,,,,,,,,,,,,,,,,,,,,,,1,,0,1,0,0,0,0
4217,1,0,0,1,1,1,0,0,0,0,0,0,0,0,0,0,0,0,0,0,0.0,0.0,1,,,1,1,,,1,1,,,,,,,,,,,,,,,,,,,,,,,,,,,,,,,,,,,,,,,,,,,,,,,,,,,,,,,,,,,,,,,,,,,,,,,,,,,,,,,,,,,,,,,,,,,,1,,0,1,0,0,0,0
4218,1,0,0,1,1,1,0,0,0,0,0,0,0,0,0,0,0,0,0,0,0.0,0.0,1,,,1,1,,,1,1,,,,,,,,,,,,,,,,,,,,,,,,,,,,,,,,,,,,,,,,,,,,,,,,,,,,,,,,,,,,,,,,,,,,,,,,,,,,,,,,,,,,,,,,,,,,1,,0,1,0,0,0,0
4219,1,0,0,1,1,1,0,0,0,0,0,0,0,0,0,0,0,0,0,0,0.0,0.0,1,,,1,1,,,1,1,,,,,,,,,,,,,,,,,,,,,,,,,,,,,,,,,,,,,,,,,,,,,,,,,,,,,,,,,,,,,,,,,,,,,,,,,,,,,,,,,,,,,,,,,,,,1,,0,1,0,0,0,0
4220,1,0,0,1,1,1,0,0,0,0,0,0,0,0,0,0,0,0,0,0,0.0,0.0,1,,,1,1,,,1,1,,,,,,,,,,,,,,,,,,,,,,,,,,,,,,,,,,,,,,,,,,,,,,,,,,,,,,,,,,,,,,,,,,,,,,,,,,,,,,,,,,,,,,,,,,,,1,,0,1,0,0,0,0
4221,1,0,0,1,1,1,0,0,0,0,0,0,0,0,0,0,0,0,0,0,0.0,0.0,1,,,1,1,,,1,1,,,,,,,,,,,,,,,,,,,,,,,,,,,,,,,,,,,,,,,,,,,,,,,,,,,,,,,,,,,,,,,,,,,,,,,,,,,,,,,,,,,,,,,,,,,,1,,0,1,0,0,0,0
4222,1,0,0,1,1,1,0,0,0,0,0,0,0,0,0,0,0,0,0,0,0.0,0.0,1,,,1,1,,,1,1,,,,,,,,,,,,,,,,,,,,,,,,,,,,,,,,,,,,,,,,,,,,,,,,,,,,,,,,,,,,,,,,,,,,,,,,,,,,,,,,,,,,,,,,,,,,1,,0,1,0,0,0,0
4223,1,0,0,1,1,1,0,0,0,0,0,0,0,0,0,0,0,0,0,0,0.0,0.0,1,,,1,1,,,1,1,,,,,,,,,,,,,,,,,,,,,,,,,,,,,,,,,,,,,,,,,,,,,,,,,,,,,,,,,,,,,,,,,,,,,,,,,,,,,,,,,,,,,,,,,,,,1,,0,1,0,0,0,0
4224,1,0,0,1,1,1,0,0,0,0,0,0,0,0,0,0,0,0,0,0,0.0,0.0,1,,,1,1,,,1,1,,,,,,,,,,,,,,,,,,,,,,,,,,,,,,,,,,,,,,,,,,,,,,,,,,,,,,,,,,,,,,,,,,,,,,,,,,,,,,,,,,,,,,,,,,,,1,,0,1,0,0,0,0
4225,1,0,0,1,1,1,0,0,0,0,0,0,0,0,0,0,0,0,0,0,0.0,0.0,1,,,1,1,,,1,1,,,,,,,,,,,,,,,,,,,,,,,,,,,,,,,,,,,,,,,,,,,,,,,,,,,,,,,,,,,,,,,,,,,,,,,,,,,,,,,,,,,,,,,,,,,,1,,0,1,0,0,0,0
4226,1,0,0,1,1,1,0,0,0,0,0,0,0,0,0,0,0,0,0,0,0.0,0.0,1,,,1,1,,,1,1,,,,,,,,,,,,,,,,,,,,,,,,,,,,,,,,,,,,,,,,,,,,,,,,,,,,,,,,,,,,,,,,,,,,,,,,,,,,,,,,,,,,,,,,,,,,1,,0,1,0,0,0,0
4957,1,0,0,1,1,1,0,0,0,0,0,0,0,0,0,0,0,0,0,0,0.0,0.0,1,,,1,1,,,1,1,,,,,,,,,,,,,,,,,,,,,,,,,,,,,,,,,,,,,,,,,,,,,,,,,,,,,,,,,,,,,,,,,,,,,,,,,,,,,,,,,,,,,,,,,,,,1,,0,1,0,0,0,0
4956,1,0,0,1,1,1,0,0,0,0,0,0,0,0,0,0,0,0,0,0,0.0,0.0,1,,,1,1,,,1,1,,,,,,,,,,,,,,,,,,,,,,,,,,,,,,,,,,,,,,,,,,,,,,,,,,,,,,,,,,,,,,,,,,,,,,,,,,,,,,,,,,,,,,,,,,,,1,,0,1,0,0,0,0
4955,1,0,0,1,1,1,0,0,0,0,0,0,0,0,0,0,0,0,0,0,0.0,0.0,1,,,1,1,,,1,1,,,,,,,,,,,,,,,,,,,,,,,,,,,,,,,,,,,,,,,,,,,,,,,,,,,,,,,,,,,,,,,,,,,,,,,,,,,,,,,,,,,,,,,,,,,,1,,0,1,0,0,0,0
4954,1,0,0,1,1,1,0,0,0,0,0,0,0,0,0,0,0,0,0,0,0.0,0.0,1,,,1,1,,,1,1,,,,,,,,,,,,,,,,,,,,,,,,,,,,,,,,,,,,,,,,,,,,,,,,,,,,,,,,,,,,,,,,,,,,,,,,,,,,,,,,,,,,,,,,,,,,1,,0,1,0,0,0,0
4953,1,0,0,1,1,1,0,0,0,0,0,0,0,0,0,0,0,0,0,0,0.0,0.0,1,,,1,1,,,1,1,,,,,,,,,,,,,,,,,,,,,,,,,,,,,,,,,,,,,,,,,,,,,,,,,,,,,,,,,,,,,,,,,,,,,,,,,,,,,,,,,,,,,,,,,,,,1,,0,1,0,0,0,0
4952,1,0,0,1,1,1,0,0,0,0,0,0,0,0,0,0,0,0,0,0,0.0,0.0,1,,,1,1,,,1,1,,,,,,,,,,,,,,,,,,,,,,,,,,,,,,,,,,,,,,,,,,,,,,,,,,,,,,,,,,,,,,,,,,,,,,,,,,,,,,,,,,,,,,,,,,,,1,,0,1,0,0,0,0
4951,1,0,0,1,1,1,0,0,0,0,0,0,0,0,0,0,0,0,0,0,0.0,0.0,1,,,1,1,,,1,1,,,,,,,,,,,,,,,,,,,,,,,,,,,,,,,,,,,,,,,,,,,,,,,,,,,,,,,,,,,,,,,,,,,,,,,,,,,,,,,,,,,,,,,,,,,,1,,0,1,0,0,0,0
4950,1,0,0,1,1,1,0,0,0,0,0,0,0,0,0,0,0,0,0,0,0.0,0.0,1,,,1,1,,,1,1,,,,,,,,,,,,,,,,,,,,,,,,,,,,,,,,,,,,,,,,,,,,,,,,,,,,,,,,,,,,,,,,,,,,,,,,,,,,,,,,,,,,,,,,,,,,1,,0,1,0,0,0,0
4949,1,0,0,1,1,1,0,0,0,0,0,0,0,0,0,0,0,0,0,0,0.0,0.0,1,,,1,1,,,1,1,,,,,,,,,,,,,,,,,,,,,,,,,,,,,,,,,,,,,,,,,,,,,,,,,,,,,,,,,,,,,,,,,,,,,,,,,,,,,,,,,,,,,,,,,,,,1,,0,1,0,0,0,0
4948,1,0,0,1,1,1,0,0,0,0,0,0,0,0,0,0,0,0,0,0,0.0,0.0,1,,,1,1,,,1,1,,,,,,,,,,,,,,,,,,,,,,,,,,,,,,,,,,,,,,,,,,,,,,,,,,,,,,,,,,,,,,,,,,,,,,,,,,,,,,,,,,,,,,,,,,,,1,,0,1,0,0,0,0
4947,1,0,0,1,1,1,0,0,0,0,0,0,0,0,0,0,0,0,0,0,0.0,0.0,1,,,1,1,,,1,1,,,,,,,,,,,,,,,,,,,,,,,,,,,,,,,,,,,,,,,,,,,,,,,,,,,,,,,,,,,,,,,,,,,,,,,,,,,,,,,,,,,,,,,,,,,,1,,0,1,0,0,0,0
4946,1,0,0,1,1,1,0,0,0,0,0,0,0,0,0,0,0,0,0,0,0.0,0.0,1,,,1,1,,,1,1,,,,,,,,,,,,,,,,,,,,,,,,,,,,,,,,,,,,,,,,,,,,,,,,,,,,,,,,,,,,,,,,,,,,,,,,,,,,,,,,,,,,,,,,,,,,1,,0,1,0,0,0,0
4945,1,0,0,1,1,1,0,0,0,0,0,0,0,0,0,0,0,0,0,0,0.0,0.0,1,,,1,1,,,1,1,,,,,,,,,,,,,,,,,,,,,,,,,,,,,,,,,,,,,,,,,,,,,,,,,,,,,,,,,,,,,,,,,,,,,,,,,,,,,,,,,,,,,,,,,,,,1,,0,1,0,0,0,0
4944,1,0,0,1,1,1,0,0,0,0,0,0,0,0,0,0,0,0,0,0,0.0,0.0,1,,,1,1,,,1,1,,,,,,,,,,,,,,,,,,,,,,,,,,,,,,,,,,,,,,,,,,,,,,,,,,,,,,,,,,,,,,,,,,,,,,,,,,,,,,,,,,,,,,,,,,,,1,,0,1,0,0,0,0
4245,,,,12,8,9,2,2,0,1,,,,,,,,,,,,,1,,,3,1,,,6,6,3,3,,7,7,,,,,,,,,,,,1,1,,,,,,,,,,,,,,,,,,,,,,,,,,,,,,,,,4,2,11,,,,,,,,,,,,,,,,,,,,,,,,,,,,,,,,,,,1,18,1,,,,1,0,10,6,1,3.8
3815,1,0,0,1,1,1,0,0,0,0,0,0,0,0,0,0,0,0,0,0,0.0,0.0,1,,,1,1,,,1,1,,,,,,,,,,,,,,,,,,,,,,,,,,,,,,,,,,,,,,,,,,,,,,,,,,,,,,,,,,,,,,,,,,,,,,,,,,,,,,,,,,,,,,,,,,,,1,,0,1,0,0,0,0
3814,1,0,0,1,1,1,0,0,0,0,0,0,0,0,0,0,0,0,0,0,0.0,0.0,1,,,1,1,,,1,1,,,,,,,,,,,,,,,,,,,,,,,,,,,,,,,,,,,,,,,,,,,,,,,,,,,,,,,,,,,,,,,,,,,,,,,,,,,,,,,,,,,,,,,,,,,,1,,0,1,0,0,0,0
3813,1,0,0,1,1,1,0,0,0,0,0,0,0,0,0,0,0,0,0,0,0.0,0.0,1,,,1,1,,,1,1,,,,,,,,,,,,,,,,,,,,,,,,,,,,,,,,,,,,,,,,,,,,,,,,,,,,,,,,,,,,,,,,,,,,,,,,,,,,,,,,,,,,,,,,,,,,1,,0,1,0,0,0,0
3812,1,0,0,1,1,1,0,0,0,0,0,0,0,0,0,0,0,0,0,0,0.0,0.0,1,,,1,1,,,1,1,,,,,,,,,,,,,,,,,,,,,,,,,,,,,,,,,,,,,,,,,,,,,,,,,,,,,,,,,,,,,,,,,,,,,,,,,,,,,,,,,,,,,,,,,,,,1,,0,1,0,0,0,0
3811,1,0,0,1,1,1,0,0,0,0,0,0,0,0,0,0,0,0,0,0,0.0,0.0,1,,,1,1,,,1,1,,,,,,,,,,,,,,,,,,,,,,,,,,,,,,,,,,,,,,,,,,,,,,,,,,,,,,,,,,,,,,,,,,,,,,,,,,,,,,,,,,,,,,,,,,,,1,,0,1,0,0,0,0
3810,1,0,0,1,1,1,0,0,0,0,0,0,0,0,0,0,0,0,0,0,0.0,0.0,1,,,1,1,,,1,1,,,,,,,,,,,,,,,,,,,,,,,,,,,,,,,,,,,,,,,,,,,,,,,,,,,,,,,,,,,,,,,,,,,,,,,,,,,,,,,,,,,,,,,,,,,,1,,0,1,0,0,0,0
3809,1,0,0,1,1,1,0,0,0,0,0,0,0,0,0,0,0,0,0,0,0.0,0.0,1,,,1,1,,,1,1,,,,,,,,,,,,,,,,,,,,,,,,,,,,,,,,,,,,,,,,,,,,,,,,,,,,,,,,,,,,,,,,,,,,,,,,,,,,,,,,,,,,,,,,,,,,1,,0,1,0,0,0,0
3808,1,0,0,1,1,1,0,0,0,0,0,0,0,0,0,0,0,0,0,0,0.0,0.0,1,,,1,1,,,1,1,,,,,,,,,,,,,,,,,,,,,,,,,,,,,,,,,,,,,,,,,,,,,,,,,,,,,,,,,,,,,,,,,,,,,,,,,,,,,,,,,,,,,,,,,,,,1,,0,1,0,0,0,0
3806,1,0,0,1,1,1,0,0,0,0,0,0,0,0,0,0,0,0,0,0,0.0,0.0,1,,,1,1,,,1,1,,,,,,,,,,,,,,,,,,,,,,,,,,,,,,,,,,,,,,,,,,,,,,,,,,,,,,,,,,,,,,,,,,,,,,,,,,,,,,,,,,,,,,,,,,,,1,,0,1,0,0,0,0
3807,1,0,0,1,1,1,0,0,0,0,0,0,0,0,0,0,0,0,0,0,0.0,0.0,1,,,1,1,,,1,1,,,,,,,,,,,,,,,,,,,,,,,,,,,,,,,,,,,,,,,,,,,,,,,,,,,,,,,,,,,,,,,,,,,,,,,,,,,,,,,,,,,,,,,,,,,,1,,0,1,0,0,0,0
3805,1,0,0,1,1,1,0,0,0,0,0,0,0,0,0,0,0,0,0,0,0.0,0.0,1,,,1,1,,,1,1,,,,,,,,,,,,,,,,,,,,,,,,,,,,,,,,,,,,,,,,,,,,,,,,,,,,,,,,,,,,,,,,,,,,,,,,,,,,,,,,,,,,,,,,,,,,1,,0,1,0,0,0,0
3804,1,0,0,1,1,1,0,0,0,0,0,0,0,0,0,0,0,0,0,0,0.0,0.0,1,,,1,1,,,1,1,,,,,,,,,,,,,,,,,,,,,,,,,,,,,,,,,,,,,,,,,,,,,,,,,,,,,,,,,,,,,,,,,,,,,,,,,,,,,,,,,,,,,,,,,,,,1,,0,1,0,0,0,0
3803,1,0,0,1,1,1,0,0,0,0,0,0,0,0,0,0,0,0,0,0,0.0,0.0,1,,,1,1,,,1,1,,,,,,,,,,,,,,,,,,,,,,,,,,,,,,,,,,,,,,,,,,,,,,,,,,,,,,,,,,,,,,,,,,,,,,,,,,,,,,,,,,,,,,,,,,,,1,,0,1,0,0,0,0
3802,1,0,0,1,1,1,0,0,0,0,0,0,0,0,0,0,0,0,0,0,0.0,0.0,1,,,1,1,,,1,1,,,,,,,,,,,,,,,,,,,,,,,,,,,,,,,,,,,,,,,,,,,,,,,,,,,,,,,,,,,,,,,,,,,,,,,,,,,,,,,,,,,,,,,,,,,,1,,0,1,0,0,0,0
3801,1,0,0,1,1,1,0,0,0,0,0,0,0,0,0,0,0,0,0,0,0.0,0.0,1,,,1,1,,,1,1,,,,,,,,,,,,,,,,,,,,,,,,,,,,,,,,,,,,,,,,,,,,,,,,,,,,,,,,,,,,,,,,,,,,,,,,,,,,,,,,,,,,,,,,,,,,1,,0,1,0,0,0,0
3800,1,0,0,1,1,1,0,0,0,0,0,0,0,0,0,0,0,0,0,0,0.0,0.0,1,,,1,1,,,1,1,,,,,,,,,,,,,,,,,,,,,,,,,,,,,,,,,,,,,,,,,,,,,,,,,,,,,,,,,,,,,,,,,,,,,,,,,,,,,,,,,,,,,,,,,,,,1,,0,1,0,0,0,0
4544,,,,6,3,4,1,1,0,1,,,,,,,,,,,,,1,,,1,1,,,2,2,,,,1,2,,,1,,,,,,,,,1,1,,,,,,,,,,,,,,,,,,,,,,,,,,,,,,,,,3,1,5,,,,,,,,,,,,,,,,,,,,,,,,,,,,,,,,,,,1,3,1,,,,1,0,3,6,4,4.666666666666667
4424,1,0,0,0,0,0,0,0,0,0,0,0,0,0,0,0,0,0,0,0,0.0,0.0,1,,,,,,,,,,,,,,,,,,,,,,,,,,,,,,,,,,,,,,,,,,,,,,,,,,,,,,,,,,,,,,,,,,,,,,,,,,,,,,,,,,,,,,,,,,,,,,,,,,,,,,0,0,0,0,0,0
3773,2,0,0,8,6,6,0,0,0,2,3,6,5,10,9,15,20.264662506490406,47.548875021634686,2.5,118.87218755408671,0.01584962500721156,6.604010419671484,1,,,,6,2,2,4,4,,,2,1,,2,,2,,,,,,3,,,,,,,1,,,,,,,,,,,,,,,,,,,,,,,,,,,,,,2,2,2,,,,,,,,,,,,,,,,,,,,,,,,,,,,,,,,,,,2,9,1,1,1,1,1,3,2,6,5,5.5
3771,2,0,0,8,6,6,0,0,0,2,4,7,6,12,11,18,27.651484454403228,62.26976913547136,3.4285714285714284,213.49635132161606,0.020756589711823786,11.860908406756447,1,,,,6,2,2,6,6,,,2,1,,1,1,3,,,,,,3,,,,,,,1,,,,,,,,,,,,,,,,,,,,,,,,,,,,,,7,,2,,,,,,,,,,,,,,,,,,,,,,,,,,,,,,,,,,,2,7,1,1,1,1,1,3,2,6,5,5.5
5138,1,0,0,0,0,0,0,0,0,0,0,0,0,0,0,0,0,0,0,0,0.0,0.0,1,,,,,,,,,,,,,,,,,,,,,,,,,,,,,,,,,,,,,,,,,,,,,,,,,,,,,,,,,,,,,,,,,,,,,,,,,,,,,,,,,,,,,,,,,,,,,,,,,,,,,,0,0,0,0,0,0
1426,1,0,0,1,1,1,0,0,0,0,0,0,0,0,0,0,0,0,0,0,0.0,0.0,1,,,,1,,,,,,,,,,,,,,,,,,,,,,,,,,,,,,,,,,,,,,,,,,,,,,,,,,,,,,,,,,,,,,,,,,,,,,,,,,,,,,,,,,,,,,,,,,,,,1,,,,,0,0,1,4,4,4.0
1427,1,0,0,1,1,1,0,0,0,0,0,0,0,0,0,0,0,0,0,0,0.0,0.0,1,,,,1,,,,,,,,,,,,,,,,,,,,,,,,,,,,,,,,,,,,,,,,,,,,,,,,,,,,,,,,,,,,,,,,,,,,,,,,,,,,,,,,,,,,,,,,,,,,,1,,,,,0,0,1,4,4,4.0
1428,1,0,0,1,1,1,0,0,0,0,0,0,0,0,0,0,0,0,0,0,0.0,0.0,1,,,,1,,,,,,,,,,,,,,,,,,,,,,,,,,,,,,,,,,,,,,,,,,,,,,,,,,,,,,,,,,,,,,,,,,,,,,,,,,,,,,,,,,,,,,,,,,,,,1,,,,,0,0,1,4,4,4.0
1429,1,0,0,1,1,1,0,0,0,0,0,0,0,0,0,0,0,0,0,0,0.0,0.0,1,,,,1,,,,,,,,,,,,,,,,,,,,,,,,,,,,,,,,,,,,,,,,,,,,,,,,,,,,,,,,,,,,,,,,,,,,,,,,,,,,,,,,,,,,,,,,,,,,,1,,,,,0,0,1,4,4,4.0
1430,1,0,0,1,1,1,0,0,0,0,0,0,0,0,0,0,0,0,0,0,0.0,0.0,1,,,,1,,,,,,,,,,,,,,,,,,,,,,,,,,,,,,,,,,,,,,,,,,,,,,,,,,,,,,,,,,,,,,,,,,,,,,,,,,,,,,,,,,,,,,,,,,,,,1,,,,,0,0,1,4,4,4.0
1431,1,0,0,1,1,1,0,0,0,0,0,0,0,0,0,0,0,0,0,0,0.0,0.0,1,,,,1,,,,,,,,,,,,,,,,,,,,,,,,,,,,,,,,,,,,,,,,,,,,,,,,,,,,,,,,,,,,,,,,,,,,,,,,,,,,,,,,,,,,,,,,,,,,,1,,,,,0,0,1,4,4,4.0
1432,1,0,0,1,1,1,0,0,0,0,0,0,0,0,0,0,0,0,0,0,0.0,0.0,1,,,,1,,,,,,,,,,,,,,,,,,,,,,,,,,,,,,,,,,,,,,,,,,,,,,,,,,,,,,,,,,,,,,,,,,,,,,,,,,,,,,,,,,,,,,,,,,,,,1,,,,,0,0,1,4,4,4.0
1433,1,0,0,1,1,1,0,0,0,0,0,0,0,0,0,0,0,0,0,0,0.0,0.0,1,,,,1,,,,,,,,,,,,,,,,,,,,,,,,,,,,,,,,,,,,,,,,,,,,,,,,,,,,,,,,,,,,,,,,,,,,,,,,,,,,,,,,,,,,,,,,,,,,,1,,,,,0,0,1,4,4,4.0
1434,1,0,0,1,1,1,0,0,0,0,0,0,0,0,0,0,0,0,0,0,0.0,0.0,1,,,,1,,,,,,,,,,,,,,,,,,,,,,,,,,,,,,,,,,,,,,,,,,,,,,,,,,,,,,,,,,,,,,,,,,,,,,,,,,,,,,,,,,,,,,,,,,,,,1,,,,,0,0,1,4,4,4.0
1435,1,0,0,1,1,1,0,0,0,0,0,0,0,0,0,0,0,0,0,0,0.0,0.0,1,,,,1,,,,,,,,,,,,,,,,,,,,,,,,,,,,,,,,,,,,,,,,,,,,,,,,,,,,,,,,,,,,,,,,,,,,,,,,,,,,,,,,,,,,,,,,,,,,,1,,,,,0,0,1,4,4,4.0
5177,1,0,0,0,0,0,0,0,0,0,0,0,0,0,0,0,0,0,0,0,0.0,0.0,1,,,,,,,,,,,,,,,,,,,,,,,,,,,,,,,,,,,,,,,,,,,,,,,,,,,,,,,,,,,,,,,,,,,,,,,,,,,,,,,,,,,,,,,,,,,,,,,,,,,,,,0,0,0,0,0,0
2366,1,0,0,1,1,1,0,0,0,0,0,0,0,0,0,0,0,0,0,0,0.0,0.0,1,,,,1,,,,,,,,,,,,,,,,,,,,,,,,,,,,,,,,,,,,,,,,,,,,,,,,,,,,,,,,,,,,,,,,,,,,,,,,,,,,,,,,,,,,,,,,,,,,,1,,,,,0,0,1,4,4,4.0
2334,1,0,0,1,1,1,0,0,0,0,0,0,0,0,0,0,0,0,0,0,0.0,0.0,1,,,,1,,,,,,,,,,,,,,,,,,,,,,,,,,,,,,,,,,,,,,,,,,,,,,,,,,,,,,,,,,,,,,,,,,,,,,,,,,,,,,,,,,,,,,,,,,,,,1,,,,,0,0,1,4,4,4.0
1569,1,0,0,1,1,1,0,0,0,0,0,0,0,0,0,0,0,0,0,0,0.0,0.0,1,,,,1,,,,,,,,,,,,,,,,,,,,,,,,,,,,,,,,,,,,,,,,,,,,,,,,,,,,,,,,,,,,,,,,,,,,,,,,,,,,,,,,,,,,,,,,,,,,,1,,,,,0,0,1,4,4,4.0
5456,1,0,0,0,0,0,0,0,0,0,0,0,0,0,0,0,0,0,0,0,0.0,0.0,1,,,,,,,,,,,,,,,,,,,,,,,,,,,,,,,,,,,,,,,,,,,,,,,,,,,,,,,,,,,,,,,,,,,,,,,,,,,,,,,,,,,,,,,,,,,,,,,,,,,,,,0,0,0,0,0,0
5187,2,0,0,10,7,7,1,1,0,2,2,4,2,4,6,6,10.0,15.509775004326936,1.0,15.509775004326936,0.005169925001442312,0.861654166907052,1,,,4,7,2,2,6,6,,,2,,,,,1,,,,,1,3,,,,,,,,,,,,,,,,,,,,,,,,,,,,,,,,,,,,,,2,3,,,,,,,,,,,,,,,,,,,,,,,,,,,,,,,,,,,2,6,2,,2,2,1,2,3,9,5,6.333333333333333
5261,17,0,0,41,31,30,1,1,7,3,5,24,24,48,29,72,121.64874049174458,349.77463164918527,5.0,1748.8731582459263,0.11659154388306175,97.15961990255147,1,,,9,31,14,14,12,12,,,14,5,,,,,,,,,5,13,,1,,,,,10,1,,,,,,,,,,,,,,,,,,,,,,,,,,,,,15,11,4,,,,,,,,,,,,,,,,,,,,,,,,,,,,,,,,,,,21,34,2,,3,2,2,2,5,5,2,3.6
5272,1,0,0,0,0,0,0,0,0,0,0,0,0,0,0,0,0,0,0,0,0.0,0.0,1,,,,,,,,,,,,,,,,,,,,,,,,,,,,,,,,,,,,,,,,,,,,,,,,,,,,,,,,,,,,,,,,,,,,,,,,,,,,,,,,,,,,,,,,,,,,,,,,,,,,,,0,0,0,0,0,0
5641,1,0,0,0,0,0,0,0,0,0,0,0,0,0,0,0,0,0,0,0,0.0,0.0,1,,,,,,,,,,,,,,,,,,,,,,,,,,,,,,,,,,,,,,,,,,,,,,,,,,,,,,,,,,,,,,,,,,,,,,,,,,,,,,,,,,,,,,,,,,,,,,,,,,,,,,0,0,0,0,0,0
5809,1,0,0,2,2,2,0,0,0,0,1,1,1,2,2,3,0.0,3.0,1.0,3.0,0.001,0.16666666666666666,1,,,1,2,,,3,3,,,,,,,,1,,,,,,1,,,,,,,,,,,,,,,,,,,,,,,,,,,,,,,,,,,,,,,,,,,,,,,,,,,,,,,,,,,,,,,,,,,,,,,,,,,3,1,,1,1,1,2,1,5,5,5.0
5835,1,0,0,0,0,0,0,0,0,0,0,0,0,0,0,0,0,0,0,0,0.0,0.0,1,,,,,,,,,,,,,,,,,,,,,,,,,,,,,,,,,,,,,,,,,,,,,,,,,,,,,,,,,,,,,,,,,,,,,,,,,,,,,,,,,,,,,,,,,,,,,,,,,,,,,,0,0,0,0,0,0
5837,,,,7,4,5,1,1,0,1,,,,,,,,,,,,,1,,,2,1,,,3,3,,,,2,3,,,2,,,1,,,,,,1,1,,,,,,,,,,,,,,,,,,,,,,,,,,,,,,,,,1,2,6,,,,,,,,,,,,,,,,,,,,,,,,,,,,,,,,,,,,8,1,,,,1,0,6,6,4,4.833333333333333
5838,,,,7,4,5,1,1,0,1,,,,,,,,,,,,,1,,,2,1,,,3,3,,,,2,3,,,1,,,1,,,,,,1,1,,,,,,,,,,,,,,,,,,,,,,,,,,,,,,,,,,2,6,,,,,,,,,,,,,,,,,,,,,,,,,,,,,,,,,,,,8,1,,,,1,0,6,9,4,5.666666666666667
5839,1,0,0,0,0,0,0,0,0,0,0,0,0,0,0,0,0,0,0,0,0.0,0.0,1,,,,,,,,,,,,,,,,,,,,,,,,,,,,,,,,,,,,,,,,,,,,,,,,,,,,,,,,,,,,,,,,,,,,,,,,,,,,,,,,,,,,,,,,,,,,,,,,,,,,,,0,0,0,0,0,0
5853,1,0,0,0,0,0,0,0,0,0,0,0,0,0,0,0,0,0,0,0,0.0,0.0,1,,,,,,,,,,,,,,,,,,,,,,,,,,,,,,,,,,,,,,,,,,,,,,,,,,,,,,,,,,,,,,,,,,,,,,,,,,,,,,,,,,,,,,,,,,,,,,,,,,,,,,0,0,0,0,0,0
5892,1,0,0,0,0,0,0,0,0,0,0,0,0,0,0,0,0,0,0,0,0.0,0.0,1,,,,,,,,,,,,,,,,,,,,,,,,,,,,,,,,,,,,,,,,,,,,,,,,,,,,,,,,,,,,,,,,,,,,,,,,,,,,,,,,,,,,,,,,,,,,,,,,,,,,,,0,0,0,0,0,0
6278,7,0,0,11,11,11,0,0,0,0,4,21,10,23,25,33,100.23866587835397,153.24725426256592,2.1904761904761907,335.68446171800156,0.05108241808752197,18.649136762111198,1,,,6,11,3,3,8,8,5,5,3,1,,3,,1,,,,1,,6,1,,,,5,,,,,,,,,,,,,,,,,,,,,,,,,,,,,,,,4,2,,,,,,,,,,,,,,,,,,,,,,,,,,,,,,,,,,,,9,24,,2,1,1,0,4,5,7,1,4.6
2482,5,0,0,31,27,27,0,0,0,4,5,39,32,64,44,96,217.7403270100645,524.1054353891806,4.102564102564102,2150.1761451863817,0.17470181179639352,119.45423028813232,1,,,5,27,7,7,15,15,,,7,,,2,,20,4,,,,,17,,2,,,4,,,,,,,,,,,,,,,,,,,,,,,,,,,,,,,,13,5,4,,,,,,,,,,,,,,,,,,,,,,,,,,,,,,,,,,,7,48,8,,3,2,2,2,10,18,7,11.6
6495,1,0,0,5,3,3,0,0,0,2,1,2,1,2,3,3,2.0,4.754887502163469,0.5,2.3774437510817346,0.0015849625007211565,0.1320802083934297,1,,,,3,,,4,4,,,,1,,,,1,,,,,,2,,,,,,,,,,,,,,,,,,,,,,,,,,,,,,,,,,,,,1,1,2,,,,,,,,,,,,,,,,,,,,,,,,,,,,,,,,,,,,4,1,1,1,1,1,3,2,21,9,15.0
6675,7,0,0,37,19,19,9,9,0,9,3,7,6,11,10,17,24.406371956566698,56.472777613085164,2.357142857142857,133.11440437370075,0.01882425920436172,7.3952446874278195,1,,,,19,6,6,9,9,2,2,6,,,,,,,,,,,8,2,,,,,,2,2,,,,,,2,,,,,,,,,,,,,,,,,,,,,,,8,9,18,,,,,,,,,,,,,,,,,,,,,,,,,,,,,,,,,,,11,33,3,,2,2,2,2,11,16,1,7.454545454545454
6840,1,0,0,0,0,0,0,0,0,0,0,0,0,0,0,0,0,0,0,0,0.0,0.0,1,,,,,,,,,,,,,,,,,,,,,,,,,,,,,,,,,,,,,,,,,,,,,,,,,,,,,,,,,,,,,,,,,,,,,,,,,,,,,,,,,,,,,,,,,,,,,,,,,,,,,,0,0,0,0,0,0
