question,complexity,n_classes,n_functions,loc,lloc,sloc,comments,single_comments,multi_comments,blank_lines,h1,h2,N1,N2,h,N,calculated_N,volume,difficulty,effort,bugs,time,endmarker,name,number,string,newline,indent,dedent,lpar,rpar,lsqb,rsqb,colon,comma,semi,plus,minus,star,slash,vbar,amper,less,greater,equal,dot,percent,lbrace,rbrace,eq_equal,not_eq,less_eq,greater_eq,tilde,circumflex,lshift,rshift,dbl_star,plus_eq,minus_eq,star_eq,slash_eq,percent_eq,amper_eq,vbar_eq,circumflex_eq,lshift_eq,rshift_eq,dbl_star_eq,dbl_slash,dbl_slash_eq,at,at_eq,rarrow,ellipsis,colon_eq,op,error_token,comment,nl,encoding,number_int,number_float,kwd_and,kwd_or,kwd_not,kwd_none,kwd_false,kwd_true,kwd_as,kwd_assert,kwd_async,kwd_await,kwd_break,kwd_class,kwd_continue,kwd_def,kwd_del,kwd_if,kwd_elif,kwd_else,kwd_except,kwd_finally,kwd_for,kwd_while,kwd_import,kwd_from,kwd_global,kwd_in,kwd_is,kwd_lambda,kwd_nonlocal,kwd_pass,kwd_raise,kwd_return,kwd_try,kwd_with,kwd_yield,keyword,identifier,builtin_type,builtin_func,kwd_print,kwd_input,builtin_type_unique,builtin_func_unique,identifiers_unique,identifiers_max_len,identifiers_min_len,identifiers_mean_len
1002,1.0,0.0,0.0,0,0,0,0,0,0,0,0.0,0.0,0.0,0.0,0.0,0.0,0.0,0.0,0.0,0.0,0.0,0.0,1.0,,,,,,,,,,,,,,,,,,,,,,,,,,,,,,,,,,,,,,,,,,,,,,,,,,,,,,,,,,,,,,,,,,,,,,,,,,,,,,,,,,,,,,,,,,,,,,,,,,,,,,0.0,0.0,0.0,0.0,0.0,0.0
1018,1.0,0.0,0.0,2,2,2,0,0,0,0,0.0,0.0,0.0,0.0,0.0,0.0,0.0,0.0,0.0,0.0,0.0,0.0,1.0,,,2.0,2.0,,,4.0,4.0,,,,,,,,,,,,,,2.0,,,,,,,,,,,,,,,,,,,,,,,,,,,,,,,,,,,,,,,,,,,,,,,,,,,,,,,,,,,,,,,,,,,,,,,,,,,2.0,2.0,,,2.0,1.0,1.0,2.0,1.0,1.0,1.0
1019,1.0,0.0,0.0,0,0,0,0,0,0,0,0.0,0.0,0.0,0.0,0.0,0.0,0.0,0.0,0.0,0.0,0.0,0.0,1.0,,,,,,,,,,,,,,,,,,,,,,,,,,,,,,,,,,,,,,,,,,,,,,,,,,,,,,,,,,,,,,,,,,,,,,,,,,,,,,,,,,,,,,,,,,,,,,,,,,,,,,0.0,0.0,0.0,0.0,0.0,0.0
1020,1.0,0.0,0.0,0,0,0,0,0,0,0,0.0,0.0,0.0,0.0,0.0,0.0,0.0,0.0,0.0,0.0,0.0,0.0,1.0,,,,,,,,,,,,,,,,,,,,,,,,,,,,,,,,,,,,,,,,,,,,,,,,,,,,,,,,,,,,,,,,,,,,,,,,,,,,,,,,,,,,,,,,,,,,,,,,,,,,,,0.0,0.0,0.0,0.0,0.0,0.0
1021,1.0,0.0,0.0,0,0,0,0,0,0,0,0.0,0.0,0.0,0.0,0.0,0.0,0.0,0.0,0.0,0.0,0.0,0.0,1.0,,,,,,,,,,,,,,,,,,,,,,,,,,,,,,,,,,,,,,,,,,,,,,,,,,,,,,,,,,,,,,,,,,,,,,,,,,,,,,,,,,,,,,,,,,,,,,,,,,,,,,0.0,0.0,0.0,0.0,0.0,0.0
1022,1.0,0.0,0.0,0,0,0,0,0,0,0,0.0,0.0,0.0,0.0,0.0,0.0,0.0,0.0,0.0,0.0,0.0,0.0,1.0,,,,,,,,,,,,,,,,,,,,,,,,,,,,,,,,,,,,,,,,,,,,,,,,,,,,,,,,,,,,,,,,,,,,,,,,,,,,,,,,,,,,,,,,,,,,,,,,,,,,,,0.0,0.0,0.0,0.0,0.0,0.0
1023,1.0,0.0,0.0,0,0,0,0,0,0,0,0.0,0.0,0.0,0.0,0.0,0.0,0.0,0.0,0.0,0.0,0.0,0.0,1.0,,,,,,,,,,,,,,,,,,,,,,,,,,,,,,,,,,,,,,,,,,,,,,,,,,,,,,,,,,,,,,,,,,,,,,,,,,,,,,,,,,,,,,,,,,,,,,,,,,,,,,0.0,0.0,0.0,0.0,0.0,0.0
1024,1.0,0.0,0.0,0,0,0,0,0,0,0,0.0,0.0,0.0,0.0,0.0,0.0,0.0,0.0,0.0,0.0,0.0,0.0,1.0,,,,,,,,,,,,,,,,,,,,,,,,,,,,,,,,,,,,,,,,,,,,,,,,,,,,,,,,,,,,,,,,,,,,,,,,,,,,,,,,,,,,,,,,,,,,,,,,,,,,,,0.0,0.0,0.0,0.0,0.0,0.0
1025,1.0,0.0,0.0,0,0,0,0,0,0,0,0.0,0.0,0.0,0.0,0.0,0.0,0.0,0.0,0.0,0.0,0.0,0.0,1.0,,,,,,,,,,,,,,,,,,,,,,,,,,,,,,,,,,,,,,,,,,,,,,,,,,,,,,,,,,,,,,,,,,,,,,,,,,,,,,,,,,,,,,,,,,,,,,,,,,,,,,0.0,0.0,0.0,0.0,0.0,0.0
1026,1.0,0.0,0.0,0,0,0,0,0,0,0,0.0,0.0,0.0,0.0,0.0,0.0,0.0,0.0,0.0,0.0,0.0,0.0,1.0,,,,,,,,,,,,,,,,,,,,,,,,,,,,,,,,,,,,,,,,,,,,,,,,,,,,,,,,,,,,,,,,,,,,,,,,,,,,,,,,,,,,,,,,,,,,,,,,,,,,,,0.0,0.0,0.0,0.0,0.0,0.0
1027,1.0,0.0,0.0,6,4,4,0,0,0,2,2.0,7.0,4.0,8.0,9.0,12.0,21.651484454403228,38.03910001730775,1.1428571428571428,43.47325716263743,0.0126797000057692,2.415180953479857,1.0,,,1.0,4.0,,,4.0,4.0,,,,1.0,,2.0,,2.0,,,,,,3.0,,,,,,,,,,,,,,,,,,,,,,,,,,,,,,,,,,,,,2.0,2.0,2.0,,,,,,,,,,,,,,,,,,,,,,,,,,,,,,,,,,,,7.0,1.0,1.0,1.0,1.0,1.0,3.0,2.0,11.0,7.0,9.0
1028,1.0,0.0,0.0,6,4,4,0,0,0,2,2.0,7.0,4.0,8.0,9.0,12.0,21.651484454403228,38.03910001730775,1.1428571428571428,43.47325716263743,0.0126797000057692,2.415180953479857,1.0,,,1.0,4.0,,,4.0,4.0,,,,1.0,,2.0,,2.0,,,,,,3.0,,,,,,,,,,,,,,,,,,,,,,,,,,,,,,,,,,,,,2.0,2.0,2.0,,,,,,,,,,,,,,,,,,,,,,,,,,,,,,,,,,,,7.0,1.0,1.0,1.0,1.0,1.0,3.0,2.0,9.0,6.0,7.5
1029,1.0,0.0,0.0,6,4,4,0,0,0,2,2.0,7.0,4.0,8.0,9.0,12.0,21.651484454403228,38.03910001730775,1.1428571428571428,43.47325716263743,0.0126797000057692,2.415180953479857,1.0,,,1.0,4.0,,,4.0,4.0,,,,1.0,,2.0,,2.0,,,,,,3.0,,,,,,,,,,,,,,,,,,,,,,,,,,,,,,,,,,,,,2.0,2.0,2.0,,,,,,,,,,,,,,,,,,,,,,,,,,,,,,,,,,,,7.0,1.0,1.0,1.0,1.0,1.0,3.0,2.0,11.0,7.0,9.0
1030,1.0,0.0,0.0,6,4,4,0,0,0,2,2.0,7.0,4.0,8.0,9.0,12.0,21.651484454403228,38.03910001730775,1.1428571428571428,43.47325716263743,0.0126797000057692,2.415180953479857,1.0,,,1.0,4.0,,,4.0,4.0,,,,1.0,,2.0,,2.0,,,,,,3.0,,,,,,,,,,,,,,,,,,,,,,,,,,,,,,,,,,,,,2.0,2.0,2.0,,,,,,,,,,,,,,,,,,,,,,,,,,,,,,,,,,,,7.0,1.0,1.0,1.0,1.0,1.0,3.0,2.0,9.0,7.0,8.0
1031,1.0,0.0,0.0,6,4,4,0,0,0,2,2.0,7.0,4.0,8.0,9.0,12.0,21.651484454403228,38.03910001730775,1.1428571428571428,43.47325716263743,0.0126797000057692,2.415180953479857,1.0,,,1.0,4.0,,,4.0,4.0,,,,1.0,,2.0,,2.0,,,,,,3.0,,,,,,,,,,,,,,,,,,,,,,,,,,,,,,,,,,,,,2.0,2.0,2.0,,,,,,,,,,,,,,,,,,,,,,,,,,,,,,,,,,,,7.0,1.0,1.0,1.0,1.0,1.0,3.0,2.0,12.0,11.0,11.5
1032,1.0,0.0,0.0,5,3,3,0,0,0,2,2.0,5.0,3.0,6.0,7.0,9.0,13.60964047443681,25.26619429851844,1.2,30.319433158222125,0.0084220647661728,1.6844129532345624,1.0,,,1.0,3.0,,,5.0,5.0,,,,1.0,,2.0,,1.0,,,,,,2.0,,,,,,,,,,,,,,,,,,,,,,,,,,,,,,,,,,,,,2.0,1.0,2.0,,,,,,,,,,,,,,,,,,,,,,,,,,,,,,,,,,,,5.0,1.0,1.0,1.0,1.0,1.0,3.0,2.0,11.0,5.0,8.0
1033,1.0,0.0,0.0,0,0,0,0,0,0,0,0.0,0.0,0.0,0.0,0.0,0.0,0.0,0.0,0.0,0.0,0.0,0.0,1.0,,,,,,,,,,,,,,,,,,,,,,,,,,,,,,,,,,,,,,,,,,,,,,,,,,,,,,,,,,,,,,,,,,,,,,,,,,,,,,,,,,,,,,,,,,,,,,,,,,,,,,0.0,0.0,0.0,0.0,0.0,0.0
1034,1.0,0.0,0.0,0,0,0,0,0,0,0,0.0,0.0,0.0,0.0,0.0,0.0,0.0,0.0,0.0,0.0,0.0,0.0,1.0,,,,,,,,,,,,,,,,,,,,,,,,,,,,,,,,,,,,,,,,,,,,,,,,,,,,,,,,,,,,,,,,,,,,,,,,,,,,,,,,,,,,,,,,,,,,,,,,,,,,,,0.0,0.0,0.0,0.0,0.0,0.0
1035,1.0,0.0,0.0,0,0,0,0,0,0,0,0.0,0.0,0.0,0.0,0.0,0.0,0.0,0.0,0.0,0.0,0.0,0.0,1.0,,,,,,,,,,,,,,,,,,,,,,,,,,,,,,,,,,,,,,,,,,,,,,,,,,,,,,,,,,,,,,,,,,,,,,,,,,,,,,,,,,,,,,,,,,,,,,,,,,,,,,0.0,0.0,0.0,0.0,0.0,0.0
1036,1.0,0.0,0.0,0,0,0,0,0,0,0,0.0,0.0,0.0,0.0,0.0,0.0,0.0,0.0,0.0,0.0,0.0,0.0,1.0,,,,,,,,,,,,,,,,,,,,,,,,,,,,,,,,,,,,,,,,,,,,,,,,,,,,,,,,,,,,,,,,,,,,,,,,,,,,,,,,,,,,,,,,,,,,,,,,,,,,,,0.0,0.0,0.0,0.0,0.0,0.0
1037,1.0,0.0,0.0,0,0,0,0,0,0,0,0.0,0.0,0.0,0.0,0.0,0.0,0.0,0.0,0.0,0.0,0.0,0.0,1.0,,,,,,,,,,,,,,,,,,,,,,,,,,,,,,,,,,,,,,,,,,,,,,,,,,,,,,,,,,,,,,,,,,,,,,,,,,,,,,,,,,,,,,,,,,,,,,,,,,,,,,0.0,0.0,0.0,0.0,0.0,0.0
1038,1.0,0.0,0.0,0,0,0,0,0,0,0,0.0,0.0,0.0,0.0,0.0,0.0,0.0,0.0,0.0,0.0,0.0,0.0,1.0,,,,,,,,,,,,,,,,,,,,,,,,,,,,,,,,,,,,,,,,,,,,,,,,,,,,,,,,,,,,,,,,,,,,,,,,,,,,,,,,,,,,,,,,,,,,,,,,,,,,,,0.0,0.0,0.0,0.0,0.0,0.0
1080,2.0,0.0,0.0,13,9,9,0,0,0,4,3.0,8.0,4.0,8.0,11.0,12.0,28.75488750216347,41.51317942364757,1.5,62.26976913547136,0.0138377264745491,3.4594316186372978,1.0,,,5.0,9.0,2.0,2.0,12.0,12.0,,,2.0,1.0,,2.0,,,1.0,,,,,4.0,,,,,,,,1.0,,,,,,,,,,,,,,,,,,,,,,,,,,,,,2.0,1.0,4.0,,,,,,,,,,,,,,,,,,,,,,,,,,,,,,,,,,,2.0,9.0,3.0,1.0,3.0,3.0,1.0,3.0,4.0,5.0,5.0,5.0
1081,2.0,0.0,0.0,14,10,10,0,0,0,4,3.0,10.0,5.0,10.0,13.0,15.0,37.97416845103709,55.506595772116384,1.5,83.25989365817458,0.0185021985907054,4.625549647676365,1.0,,,6.0,10.0,2.0,2.0,14.0,14.0,,,2.0,1.0,,3.0,,,1.0,,,,,5.0,,,,,,,,1.0,,,,,,,,,,,,,,,,,,,,,,,,,,,,,2.0,1.0,4.0,,,,,,,,,,,,,,,,,,,,,,,,,,,,,,,,,,,2.0,11.0,4.0,1.0,3.0,4.0,1.0,3.0,5.0,5.0,5.0,5.0
1082,2.0,0.0,0.0,14,11,11,0,0,0,3,3.0,11.0,6.0,12.0,14.0,18.0,42.80863530717375,68.53238859703687,1.6363636363636365,112.14390861333308,0.0228441295323456,6.23021714518517,1.0,,,7.0,11.0,2.0,2.0,16.0,16.0,,,2.0,1.0,,4.0,,,1.0,,,,,6.0,,,,,,,,1.0,,,,,,,,,,,,,,,,,,,,,,,,,,,,,2.0,1.0,3.0,,,,,,,,,,,,,,,,,,,,,,,,,,,,,,,,,,,2.0,13.0,5.0,1.0,3.0,5.0,1.0,3.0,6.0,5.0,5.0,5.0
1083,2.0,0.0,0.0,13,9,9,0,0,0,4,3.0,8.0,4.0,8.0,11.0,12.0,28.75488750216347,41.51317942364757,1.5,62.26976913547136,0.0138377264745491,3.4594316186372978,1.0,,,5.0,9.0,2.0,2.0,12.0,12.0,,,2.0,1.0,,2.0,,,1.0,,,,,4.0,,,,,,,,1.0,,,,,,,,,,,,,,,,,,,,,,,,,,,,,2.0,1.0,4.0,,,,,,,,,,,,,,,,,,,,,,,,,,,,,,,,,,,2.0,9.0,3.0,1.0,3.0,3.0,1.0,3.0,4.0,5.0,5.0,5.0
1084,2.0,0.0,0.0,13,10,10,0,0,0,3,3.0,10.0,5.0,10.0,13.0,15.0,37.97416845103709,55.506595772116384,1.5,83.25989365817458,0.0185021985907054,4.625549647676365,1.0,,,6.0,10.0,2.0,2.0,14.0,14.0,,,2.0,1.0,,3.0,,,1.0,,,,,5.0,,,,,,,,1.0,,,,,,,,,,,,,,,,,,,,,,,,,,,,,2.0,1.0,3.0,,,,,,,,,,,,,,,,,,,,,,,,,,,,,,,,,,,2.0,11.0,4.0,1.0,3.0,4.0,1.0,3.0,5.0,5.0,5.0,5.0
1085,2.0,0.0,0.0,14,11,11,0,0,0,3,3.0,12.0,6.0,12.0,15.0,18.0,47.77443751081735,70.32403072095333,1.5,105.48604608143,0.0234413435736511,5.860335893412778,1.0,,,7.0,11.0,2.0,2.0,16.0,16.0,,,2.0,1.0,,4.0,,,1.0,,,,,6.0,,,,,,,,1.0,,,,,,,,,,,,,,,,,,,,,,,,,,,,,1.0,2.0,3.0,,,,,,,,,,,,,,,,,,,,,,,,,,,,,,,,,,,2.0,13.0,5.0,1.0,3.0,5.0,1.0,3.0,6.0,5.0,5.0,5.0
1086,2.0,0.0,0.0,13,9,9,0,0,0,4,3.0,8.0,4.0,8.0,11.0,12.0,28.75488750216347,41.51317942364757,1.5,62.26976913547136,0.0138377264745491,3.4594316186372978,1.0,,,5.0,9.0,2.0,2.0,12.0,12.0,,,2.0,1.0,,2.0,,,1.0,,,,,4.0,,,,,,,,1.0,,,,,,,,,,,,,,,,,,,,,,,,,,,,,2.0,1.0,4.0,,,,,,,,,,,,,,,,,,,,,,,,,,,,,,,,,,,2.0,9.0,3.0,1.0,3.0,3.0,1.0,3.0,4.0,5.0,5.0,5.0
1087,2.0,0.0,0.0,14,10,10,0,0,0,4,3.0,10.0,5.0,10.0,13.0,15.0,37.97416845103709,55.506595772116384,1.5,83.25989365817458,0.0185021985907054,4.625549647676365,1.0,,,6.0,10.0,2.0,2.0,14.0,14.0,,,2.0,1.0,,3.0,,,1.0,,,,,5.0,,,,,,,,1.0,,,,,,,,,,,,,,,,,,,,,,,,,,,,,2.0,1.0,4.0,,,,,,,,,,,,,,,,,,,,,,,,,,,,,,,,,,,2.0,11.0,4.0,1.0,3.0,4.0,1.0,3.0,5.0,5.0,5.0,5.0
1088,2.0,0.0,0.0,14,11,11,0,0,0,3,3.0,12.0,6.0,12.0,15.0,18.0,47.77443751081735,70.32403072095333,1.5,105.48604608143,0.0234413435736511,5.860335893412778,1.0,,,7.0,11.0,2.0,2.0,16.0,16.0,,,2.0,1.0,,4.0,,,1.0,,,,,6.0,,,,,,,,1.0,,,,,,,,,,,,,,,,,,,,,,,,,,,,,2.0,1.0,3.0,,,,,,,,,,,,,,,,,,,,,,,,,,,,,,,,,,,2.0,13.0,5.0,1.0,3.0,5.0,1.0,3.0,6.0,5.0,5.0,5.0
1089,2.0,0.0,0.0,13,10,10,0,0,0,3,2.0,6.0,3.0,6.0,8.0,9.0,17.509775004326936,27.0,1.0,27.0,0.009,1.5,1.0,,,6.0,10.0,2.0,2.0,13.0,13.0,,,2.0,1.0,,2.0,,,,,,,,5.0,,,,,,,1.0,,,,,,,,,,,,,,,,,,,,,,,,,,,,,,1.0,,3.0,,,,,,,,,,,,,,,,,,,,,,,,,,,,,,,,,,,2.0,11.0,4.0,1.0,3.0,4.0,1.0,3.0,5.0,13.0,6.0,8.0
1090,2.0,0.0,0.0,16,11,11,0,0,0,5,2.0,8.0,4.0,8.0,10.0,12.0,26.0,39.86313713864836,1.0,39.86313713864836,0.0132877123795494,2.2146187299249087,1.0,,,7.0,11.0,2.0,2.0,15.0,15.0,,,2.0,1.0,,3.0,,,,,,,,6.0,,,,,,,1.0,,,,,,,,,,,,,,,,,,,,,,,,,,,,,,1.0,,5.0,,,,,,,,,,,,,,,,,,,,,,,,,,,,,,,,,,,2.0,13.0,5.0,1.0,3.0,5.0,1.0,3.0,6.0,13.0,6.0,7.833333333333333
1091,1.0,0.0,0.0,0,0,0,0,0,0,0,0.0,0.0,0.0,0.0,0.0,0.0,0.0,0.0,0.0,0.0,0.0,0.0,1.0,,,,,,,,,,,,,,,,,,,,,,,,,,,,,,,,,,,,,,,,,,,,,,,,,,,,,,,,,,,,,,,,,,,,,,,,,,,,,,,,,,,,,,,,,,,,,,,,,,,,,,0.0,0.0,0.0,0.0,0.0,0.0
1092,2.0,0.0,0.0,17,12,12,0,0,0,5,6.0,15.0,12.0,24.0,21.0,36.0,74.11313393845472,158.12342722003538,4.8,758.9924506561698,0.0527078090733451,42.1662472586761,1.0,,,2.0,12.0,2.0,2.0,6.0,6.0,,,2.0,,,2.0,2.0,,,,,,,8.0,,2.0,,,1.0,,,,,,,,3.0,,,,,,,,,,,,2.0,,,,,,,,,,,,7.0,,5.0,,,,,,,,,,,,,,,,,,,,,,,,,,,,,,,,,,,2.0,21.0,1.0,,2.0,1.0,1.0,2.0,7.0,11.0,6.0,9.0
1093,1.0,0.0,0.0,0,0,0,0,0,0,0,0.0,0.0,0.0,0.0,0.0,0.0,0.0,0.0,0.0,0.0,0.0,0.0,1.0,,,,,,,,,,,,,,,,,,,,,,,,,,,,,,,,,,,,,,,,,,,,,,,,,,,,,,,,,,,,,,,,,,,,,,,,,,,,,,,,,,,,,,,,,,,,,,,,,,,,,,0.0,0.0,0.0,0.0,0.0,0.0
1094,1.0,0.0,0.0,0,0,0,0,0,0,0,0.0,0.0,0.0,0.0,0.0,0.0,0.0,0.0,0.0,0.0,0.0,0.0,1.0,,,,,,,,,,,,,,,,,,,,,,,,,,,,,,,,,,,,,,,,,,,,,,,,,,,,,,,,,,,,,,,,,,,,,,,,,,,,,,,,,,,,,,,,,,,,,,,,,,,,,,0.0,0.0,0.0,0.0,0.0,0.0
1095,1.0,0.0,0.0,0,0,0,0,0,0,0,0.0,0.0,0.0,0.0,0.0,0.0,0.0,0.0,0.0,0.0,0.0,0.0,1.0,,,,,,,,,,,,,,,,,,,,,,,,,,,,,,,,,,,,,,,,,,,,,,,,,,,,,,,,,,,,,,,,,,,,,,,,,,,,,,,,,,,,,,,,,,,,,,,,,,,,,,0.0,0.0,0.0,0.0,0.0,0.0
1096,1.0,0.0,0.0,0,0,0,0,0,0,0,0.0,0.0,0.0,0.0,0.0,0.0,0.0,0.0,0.0,0.0,0.0,0.0,1.0,,,,,,,,,,,,,,,,,,,,,,,,,,,,,,,,,,,,,,,,,,,,,,,,,,,,,,,,,,,,,,,,,,,,,,,,,,,,,,,,,,,,,,,,,,,,,,,,,,,,,,0.0,0.0,0.0,0.0,0.0,0.0
1097,1.0,0.0,0.0,0,0,0,0,0,0,0,0.0,0.0,0.0,0.0,0.0,0.0,0.0,0.0,0.0,0.0,0.0,0.0,1.0,,,,,,,,,,,,,,,,,,,,,,,,,,,,,,,,,,,,,,,,,,,,,,,,,,,,,,,,,,,,,,,,,,,,,,,,,,,,,,,,,,,,,,,,,,,,,,,,,,,,,,0.0,0.0,0.0,0.0,0.0,0.0
1098,1.0,0.0,0.0,0,0,0,0,0,0,0,0.0,0.0,0.0,0.0,0.0,0.0,0.0,0.0,0.0,0.0,0.0,0.0,1.0,,,,,,,,,,,,,,,,,,,,,,,,,,,,,,,,,,,,,,,,,,,,,,,,,,,,,,,,,,,,,,,,,,,,,,,,,,,,,,,,,,,,,,,,,,,,,,,,,,,,,,0.0,0.0,0.0,0.0,0.0,0.0
1109,16.0,0.0,0.0,38,28,27,1,1,7,3,4.0,26.0,22.0,44.0,30.0,66.0,130.2114326716684,323.85477931016226,3.3846153846153846,1096.1238684343953,0.1079515931033874,60.89577046857752,1.0,,,9.0,28.0,12.0,12.0,23.0,23.0,,,12.0,6.0,,,,,,,,,5.0,12.0,,,,,,,7.0,3.0,,,,,,,,,,,,,,,,,,,,,,,,,,,,,13.0,11.0,4.0,,,,,,,,,,,,,,,,,,,,,,,,,,,,,,,,,,,19.0,32.0,2.0,,3.0,2.0,2.0,2.0,5.0,5.0,2.0,3.0
1110,16.0,0.0,0.0,46,36,35,1,1,7,3,5.0,24.0,26.0,54.0,29.0,80.0,121.64874049174458,388.6384796102058,5.625,2186.091447807408,0.1295461598700686,121.44952487818932,1.0,,,10.0,36.0,14.0,14.0,16.0,16.0,,,14.0,7.0,,8.0,,,,,,,,18.0,,,,,9.0,,3.0,3.0,,,,,,,,,,,,,,,,,,,,,,,,,,,,,28.0,1.0,4.0,,,,,,,,,,,,,,,,,,,,,,,,,,,,,,,,,,,19.0,47.0,3.0,,3.0,3.0,1.0,2.0,6.0,3.0,2.0,2.6666666666666665
1111,2.0,0.0,0.0,12,9,9,0,0,0,3,4.0,8.0,4.0,8.0,12.0,12.0,32.0,43.01955000865388,2.0,86.03910001730776,0.0143398500028846,4.779950000961542,1.0,,,5.0,9.0,2.0,2.0,10.0,10.0,,,2.0,5.0,,,1.0,1.0,1.0,,,,1.0,5.0,,,,,,,,,,,,,,,,,,,,,,,,,,,,,,,,,,,,,4.0,2.0,3.0,,,,,,,,,,,,,,,,,,,,,,,,,,,,,,,,,,,2.0,11.0,2.0,1.0,2.0,2.0,1.0,3.0,4.0,12.0,1.0,6.25
1112,11.0,0.0,0.0,30,20,19,1,1,7,3,6.0,19.0,17.0,34.0,25.0,51.0,96.22039775975506,236.8366656785109,5.368421052631579,1271.438942063585,0.0789455552261703,70.63549678131028,1.0,,,5.0,20.0,8.0,8.0,6.0,6.0,,,8.0,3.0,,1.0,,1.0,1.0,,,,5.0,8.0,,,,,,,5.0,,,,,,,,,,,,,,,,,,,,,,,,,,,,,,12.0,7.0,4.0,,,,,,,,,,,,,,,,,,,,,,,,,,,,,,,,,,,12.0,23.0,1.0,1.0,3.0,1.0,1.0,3.0,3.0,8.0,1.0,4.0
1113,17.0,0.0,0.0,41,31,30,1,1,7,3,5.0,24.0,24.0,48.0,29.0,72.0,121.64874049174458,349.77463164918527,5.0,1748.8731582459263,0.1165915438830617,97.15961990255148,1.0,,,9.0,31.0,14.0,14.0,12.0,12.0,,,14.0,5.0,,,,,,,,,5.0,13.0,,1.0,,,,,10.0,1.0,,,,,,,,,,,,,,,,,,,,,,,,,,,,,15.0,11.0,4.0,,,,,,,,,,,,,,,,,,,,,,,,,,,,,,,,,,,21.0,34.0,2.0,,3.0,2.0,2.0,2.0,5.0,5.0,2.0,3.6
1114,10.0,0.0,0.0,48,25,24,9,9,7,8,5.0,14.0,11.0,22.0,19.0,33.0,64.91260938324326,140.1816079436383,3.928571428571429,550.713459778579,0.0467272026478794,30.595192209921056,1.0,,,17.0,25.0,10.0,10.0,15.0,15.0,,,10.0,5.0,,,,1.0,,,,7.0,,11.0,,,,,1.0,,1.0,,,,,,,,,,,,,,,,,,,,,,,,,,,,,,8.0,9.0,17.0,,,,,,,,,,,,,,,,,,,,,,,,,,,,,,,,,,,11.0,25.0,2.0,,3.0,2.0,1.0,2.0,4.0,6.0,3.0,4.5
1115,7.0,0.0,0.0,29,19,18,1,1,7,3,8.0,18.0,14.0,28.0,26.0,42.0,99.0586500259616,197.4184681619259,6.222222222222222,1228.3815796742056,0.0658061560539753,68.24342109301142,1.0,,,7.0,19.0,6.0,6.0,10.0,10.0,,,6.0,5.0,,1.0,,1.0,4.0,,,,1.0,9.0,,,,,3.0,,1.0,1.0,,,,,,,,,,,,,,,,,,,,,,,,,,,,,10.0,6.0,4.0,,,,,,,,,,,,,,,,,,,,,,,,,,,,,,,,,,,8.0,23.0,2.0,1.0,3.0,2.0,2.0,3.0,6.0,8.0,1.0,3.6666666666666665
1116,9.0,0.0,0.0,22,13,12,1,1,7,2,5.0,11.0,12.0,24.0,16.0,36.0,49.66338827944709,144.0,5.454545454545454,785.4545454545454,0.048,43.63636363636363,1.0,,,18.0,13.0,5.0,5.0,13.0,13.0,,,5.0,20.0,,,,,,,,3.0,3.0,2.0,,,,,2.0,,,,,,,,,,,,,,,,,,,,,,,,,,,,,,,,8.0,1.0,3.0,,,,,,,,,,,,,,,,,,,,,,,,,,,,,,,,,,,9.0,20.0,2.0,,5.0,2.0,1.0,2.0,2.0,1.0,1.0,1.0
1117,10.0,0.0,0.0,32,21,20,2,2,7,3,10.0,27.0,17.0,36.0,37.0,53.0,161.6012435072873,276.1010283783344,6.666666666666667,1840.6735225222287,0.0920336761261114,102.25964014012384,1.0,,,12.0,21.0,6.0,6.0,13.0,13.0,,,6.0,7.0,,1.0,1.0,1.0,1.0,,,,1.0,11.0,,,,,6.0,,1.0,1.0,,,,,,,,,,,,,,,,,,,,,,,,,,,,,10.0,5.0,5.0,,,,,,,,,,,,,,,,,,,,,,,,,,,,,,,,,,,12.0,30.0,2.0,1.0,3.0,3.0,2.0,3.0,9.0,11.0,2.0,4.444444444444445
1118,1.0,0.0,0.0,1,1,1,0,0,0,0,0.0,0.0,0.0,0.0,0.0,0.0,0.0,0.0,0.0,0.0,0.0,0.0,1.0,,,,1.0,,,,,,,,,,,,,,,,,,,,,,,,,,,,,,,,,,,,,,,,,,,,,,,,,,,,,,,,,,,,,,,,,,,,,,,,,,,,,,,,,,,,,,,,,,,,,1.0,,,,,0.0,0.0,1.0,4.0,4.0,4.0
1119,11.0,0.0,0.0,35,26,25,0,0,7,3,1.0,12.0,10.0,20.0,13.0,30.0,43.01955000865388,111.01319154423275,0.8333333333333334,92.5109929535273,0.0370043971814109,5.139499608529295,1.0,,,24.0,26.0,12.0,12.0,4.0,4.0,,,12.0,2.0,,,,,,,,,,11.0,,,,,10.0,,,,,,,,,,,,,,,,,,,,,,,,,,,,,,,,,,3.0,,,,,,,,,,,,,,,,,,,,,,,,,,,,,,,,,,,12.0,23.0,,,2.0,1.0,0.0,2.0,2.0,4.0,4.0,4.0
1120,11.0,0.0,0.0,35,26,25,0,0,7,3,1.0,12.0,10.0,20.0,13.0,30.0,43.01955000865388,111.01319154423275,0.8333333333333334,92.5109929535273,0.0370043971814109,5.139499608529295,1.0,,,24.0,26.0,12.0,12.0,4.0,4.0,,,12.0,2.0,,,,,,,,,,11.0,,,,,10.0,,,,,,,,,,,,,,,,,,,,,,,,,,,,,,,,,,3.0,,,,,,,,,,,,,,,,,,,,,,,,,,,,,,,,,,,12.0,23.0,,,2.0,1.0,0.0,2.0,2.0,6.0,4.0,5.0
1122,11.0,0.0,0.0,36,26,25,0,0,7,4,1.0,12.0,10.0,20.0,13.0,30.0,43.01955000865388,111.01319154423275,0.8333333333333334,92.5109929535273,0.0370043971814109,5.139499608529295,1.0,,,24.0,26.0,12.0,12.0,4.0,4.0,,,12.0,2.0,,,,,,,,,,11.0,,,,,10.0,,,,,,,,,,,,,,,,,,,,,,,,,,,,,,,,,,4.0,,,,,,,,,,,,,,,,,,,,,,,,,,,,,,,,,,,12.0,23.0,,,2.0,1.0,0.0,2.0,2.0,6.0,4.0,5.0
1125,8.0,0.0,0.0,30,20,19,0,0,7,4,1.0,9.0,7.0,14.0,10.0,21.0,28.529325012980813,69.76048999263462,0.7777777777777778,54.258158883160256,0.0232534966642115,3.0143421601755698,1.0,,,18.0,20.0,9.0,9.0,4.0,4.0,,,9.0,2.0,,,,,,,,,,8.0,,,,,7.0,,,,,,,,,,,,,,,,,,,,,,,,,,,,,,,,,,4.0,,,,,,,,,,,,,,,,,,,,,,,,,,,,,,,,,,,9.0,17.0,,,2.0,1.0,0.0,2.0,2.0,5.0,4.0,4.5
1126,8.0,0.0,0.0,29,20,19,0,0,7,3,1.0,9.0,7.0,14.0,10.0,21.0,28.529325012980813,69.76048999263462,0.7777777777777778,54.258158883160256,0.0232534966642115,3.0143421601755698,1.0,,,18.0,20.0,9.0,9.0,4.0,4.0,,,9.0,2.0,,,,,,,,,,8.0,,,,,7.0,,,,,,,,,,,,,,,,,,,,,,,,,,,,,,,,,,3.0,,,,,,,,,,,,,,,,,,,,,,,,,,,,,,,,,,,9.0,17.0,,,2.0,1.0,0.0,2.0,2.0,5.0,4.0,4.5
1127,11.0,0.0,0.0,35,26,25,0,0,7,3,1.0,12.0,10.0,20.0,13.0,30.0,43.01955000865388,111.01319154423275,0.8333333333333334,92.5109929535273,0.0370043971814109,5.139499608529295,1.0,,,24.0,26.0,12.0,12.0,4.0,4.0,,,12.0,2.0,,,,,,,,,,11.0,,,,,10.0,,,,,,,,,,,,,,,,,,,,,,,,,,,,,,,,,,3.0,,,,,,,,,,,,,,,,,,,,,,,,,,,,,,,,,,,12.0,23.0,,,2.0,1.0,0.0,2.0,2.0,6.0,3.0,4.5
1146,11.0,0.0,0.0,36,26,25,0,0,7,4,1.0,12.0,10.0,20.0,13.0,30.0,43.01955000865388,111.01319154423275,0.8333333333333334,92.5109929535273,0.0370043971814109,5.139499608529295,1.0,,,24.0,26.0,12.0,12.0,4.0,4.0,,,12.0,2.0,,,,,,,,,,11.0,,,,,10.0,,,,,,,,,,,,,,,,,,,,,,,,,,,,,,,,,,4.0,,,,,,,,,,,,,,,,,,,,,,,,,,,,,,,,,,,12.0,23.0,,,2.0,1.0,0.0,2.0,2.0,4.0,4.0,4.0
1147,10.0,0.0,0.0,33,24,23,0,0,7,3,1.0,11.0,9.0,18.0,12.0,27.0,38.05374780501028,96.79398751947124,0.8181818181818182,79.19508069774919,0.0322646625064904,4.399726705430511,1.0,,,22.0,24.0,11.0,11.0,4.0,4.0,,,11.0,2.0,,,,,,,,,,10.0,,,,,9.0,,,,,,,,,,,,,,,,,,,,,,,,,,,,,,,,,,3.0,,,,,,,,,,,,,,,,,,,,,,,,,,,,,,,,,,,11.0,21.0,,,2.0,1.0,0.0,2.0,2.0,4.0,3.0,3.5
1148,11.0,0.0,0.0,35,26,25,0,0,7,3,1.0,12.0,10.0,20.0,13.0,30.0,43.01955000865388,111.01319154423275,0.8333333333333334,92.5109929535273,0.0370043971814109,5.139499608529295,1.0,,,24.0,26.0,12.0,12.0,4.0,4.0,,,12.0,2.0,,,,,,,,,,11.0,,,,,10.0,,,,,,,,,,,,,,,,,,,,,,,,,,,,,,,,,,3.0,,,,,,,,,,,,,,,,,,,,,,,,,,,,,,,,,,,12.0,23.0,,,2.0,1.0,0.0,2.0,2.0,6.0,4.0,5.0
1149,11.0,0.0,0.0,36,26,25,0,0,7,4,1.0,12.0,10.0,20.0,13.0,30.0,43.01955000865388,111.01319154423275,0.8333333333333334,92.5109929535273,0.0370043971814109,5.139499608529295,1.0,,,24.0,26.0,12.0,12.0,4.0,4.0,,,12.0,2.0,,,,,,,,,,11.0,,,,,10.0,,,,,,,,,,,,,,,,,,,,,,,,,,,,,,,,,,4.0,,,,,,,,,,,,,,,,,,,,,,,,,,,,,,,,,,,12.0,23.0,,,2.0,1.0,0.0,2.0,2.0,6.0,4.0,5.0
1152,1.0,0.0,0.0,1,1,1,0,0,0,0,0.0,0.0,0.0,0.0,0.0,0.0,0.0,0.0,0.0,0.0,0.0,0.0,1.0,,,,1.0,,,,,,,,,,,,,,,,,,,,,,,,,,,,,,,,,,,,,,,,,,,,,,,,,,,,,,,,,,,,,,,,,,,,,,,,,,,,,,,,,,,,,,,,,,,,,1.0,,,,,0.0,0.0,1.0,4.0,4.0,4.0
1153,1.0,0.0,0.0,1,1,1,0,0,0,0,0.0,0.0,0.0,0.0,0.0,0.0,0.0,0.0,0.0,0.0,0.0,0.0,1.0,,,,1.0,,,,,,,,,,,,,,,,,,,,,,,,,,,,,,,,,,,,,,,,,,,,,,,,,,,,,,,,,,,,,,,,,,,,,,,,,,,,,,,,,,,,,,,,,,,,,1.0,,,,,0.0,0.0,1.0,4.0,4.0,4.0
1154,1.0,0.0,0.0,0,0,0,0,0,0,0,0.0,0.0,0.0,0.0,0.0,0.0,0.0,0.0,0.0,0.0,0.0,0.0,1.0,,,,,,,,,,,,,,,,,,,,,,,,,,,,,,,,,,,,,,,,,,,,,,,,,,,,,,,,,,,,,,,,,,,,,,,,,,,,,,,,,,,,,,,,,,,,,,,,,,,,,,0.0,0.0,0.0,0.0,0.0,0.0
1155,1.0,0.0,0.0,1,1,1,0,0,0,0,0.0,0.0,0.0,0.0,0.0,0.0,0.0,0.0,0.0,0.0,0.0,0.0,1.0,,,,1.0,,,,,,,,,,,,,,,,,,,,,,,,,,,,,,,,,,,,,,,,,,,,,,,,,,,,,,,,,,,,,,,,,,,,,,,,,,,,,,,,,,,,,,,,,,,,,1.0,,,,,0.0,0.0,1.0,4.0,4.0,4.0
1156,1.0,0.0,0.0,1,1,1,0,0,0,0,0.0,0.0,0.0,0.0,0.0,0.0,0.0,0.0,0.0,0.0,0.0,0.0,1.0,,,,1.0,,,,,,,,,,,,,,,,,,,,,,,,,,,,,,,,,,,,,,,,,,,,,,,,,,,,,,,,,,,,,,,,,,,,,,,,,,,,,,,,,,,,,,,,,,,,,1.0,,,,,0.0,0.0,1.0,4.0,4.0,4.0
1157,1.0,0.0,0.0,1,1,1,0,0,0,0,0.0,0.0,0.0,0.0,0.0,0.0,0.0,0.0,0.0,0.0,0.0,0.0,1.0,,,,1.0,,,,,,,,,,,,,,,,,,,,,,,,,,,,,,,,,,,,,,,,,,,,,,,,,,,,,,,,,,,,,,,,,,,,,,,,,,,,,,,,,,,,,,,,,,,,,1.0,,,,,0.0,0.0,1.0,4.0,4.0,4.0
1158,1.0,0.0,0.0,1,1,1,0,0,0,0,0.0,0.0,0.0,0.0,0.0,0.0,0.0,0.0,0.0,0.0,0.0,0.0,1.0,,,,1.0,,,,,,,,,,,,,,,,,,,,,,,,,,,,,,,,,,,,,,,,,,,,,,,,,,,,,,,,,,,,,,,,,,,,,,,,,,,,,,,,,,,,,,,,,,,,,1.0,,,,,0.0,0.0,1.0,4.0,4.0,4.0
1159,1.0,0.0,0.0,1,1,1,0,0,0,0,0.0,0.0,0.0,0.0,0.0,0.0,0.0,0.0,0.0,0.0,0.0,0.0,1.0,,,,1.0,,,,,,,,,,,,,,,,,,,,,,,,,,,,,,,,,,,,,,,,,,,,,,,,,,,,,,,,,,,,,,,,,,,,,,,,,,,,,,,,,,,,,,,,,,,,,1.0,,,,,0.0,0.0,1.0,4.0,4.0,4.0
1160,1.0,0.0,0.0,1,1,1,0,0,0,0,0.0,0.0,0.0,0.0,0.0,0.0,0.0,0.0,0.0,0.0,0.0,0.0,1.0,,,,1.0,,,,,,,,,,,,,,,,,,,,,,,,,,,,,,,,,,,,,,,,,,,,,,,,,,,,,,,,,,,,,,,,,,,,,,,,,,,,,,,,,,,,,,,,,,,,,1.0,,,,,0.0,0.0,1.0,4.0,4.0,4.0
1161,1.0,0.0,0.0,1,1,1,0,0,0,0,0.0,0.0,0.0,0.0,0.0,0.0,0.0,0.0,0.0,0.0,0.0,0.0,1.0,,,,1.0,,,,,,,,,,,,,,,,,,,,,,,,,,,,,,,,,,,,,,,,,,,,,,,,,,,,,,,,,,,,,,,,,,,,,,,,,,,,,,,,,,,,,,,,,,,,,1.0,,,,,0.0,0.0,1.0,4.0,4.0,4.0
1162,1.0,0.0,0.0,1,1,1,0,0,0,0,0.0,0.0,0.0,0.0,0.0,0.0,0.0,0.0,0.0,0.0,0.0,0.0,1.0,,,,1.0,,,,,,,,,,,,,,,,,,,,,,,,,,,,,,,,,,,,,,,,,,,,,,,,,,,,,,,,,,,,,,,,,,,,,,,,,,,,,,,,,,,,,,,,,,,,,1.0,,,,,0.0,0.0,1.0,4.0,4.0,4.0
1163,1.0,0.0,0.0,1,1,1,0,0,0,0,0.0,0.0,0.0,0.0,0.0,0.0,0.0,0.0,0.0,0.0,0.0,0.0,1.0,,,,1.0,,,,,,,,,,,,,,,,,,,,,,,,,,,,,,,,,,,,,,,,,,,,,,,,,,,,,,,,,,,,,,,,,,,,,,,,,,,,,,,,,,,,,,,,,,,,,1.0,,,,,0.0,0.0,1.0,4.0,4.0,4.0
1164,1.0,0.0,0.0,1,1,1,0,0,0,0,0.0,0.0,0.0,0.0,0.0,0.0,0.0,0.0,0.0,0.0,0.0,0.0,1.0,,,,1.0,,,,,,,,,,,,,,,,,,,,,,,,,,,,,,,,,,,,,,,,,,,,,,,,,,,,,,,,,,,,,,,,,,,,,,,,,,,,,,,,,,,,,,,,,,,,,1.0,,,,,0.0,0.0,1.0,4.0,4.0,4.0
1165,1.0,0.0,0.0,1,1,1,0,0,0,0,0.0,0.0,0.0,0.0,0.0,0.0,0.0,0.0,0.0,0.0,0.0,0.0,1.0,,,,1.0,,,,,,,,,,,,,,,,,,,,,,,,,,,,,,,,,,,,,,,,,,,,,,,,,,,,,,,,,,,,,,,,,,,,,,,,,,,,,,,,,,,,,,,,,,,,,1.0,,,,,0.0,0.0,1.0,4.0,4.0,4.0
1166,1.0,0.0,0.0,1,1,1,0,0,0,0,0.0,0.0,0.0,0.0,0.0,0.0,0.0,0.0,0.0,0.0,0.0,0.0,1.0,,,,1.0,,,,,,,,,,,,,,,,,,,,,,,,,,,,,,,,,,,,,,,,,,,,,,,,,,,,,,,,,,,,,,,,,,,,,,,,,,,,,,,,,,,,,,,,,,,,,1.0,,,,,0.0,0.0,1.0,4.0,4.0,4.0
1167,1.0,0.0,0.0,1,1,1,0,0,0,0,0.0,0.0,0.0,0.0,0.0,0.0,0.0,0.0,0.0,0.0,0.0,0.0,1.0,,,,1.0,,,,,,,,,,,,,,,,,,,,,,,,,,,,,,,,,,,,,,,,,,,,,,,,,,,,,,,,,,,,,,,,,,,,,,,,,,,,,,,,,,,,,,,,,,,,,1.0,,,,,0.0,0.0,1.0,4.0,4.0,4.0
1168,1.0,0.0,0.0,1,1,1,0,0,0,0,0.0,0.0,0.0,0.0,0.0,0.0,0.0,0.0,0.0,0.0,0.0,0.0,1.0,,,,1.0,,,,,,,,,,,,,,,,,,,,,,,,,,,,,,,,,,,,,,,,,,,,,,,,,,,,,,,,,,,,,,,,,,,,,,,,,,,,,,,,,,,,,,,,,,,,,1.0,,,,,0.0,0.0,1.0,4.0,4.0,4.0
1169,1.0,0.0,0.0,1,1,1,0,0,0,0,0.0,0.0,0.0,0.0,0.0,0.0,0.0,0.0,0.0,0.0,0.0,0.0,1.0,,,,1.0,,,,,,,,,,,,,,,,,,,,,,,,,,,,,,,,,,,,,,,,,,,,,,,,,,,,,,,,,,,,,,,,,,,,,,,,,,,,,,,,,,,,,,,,,,,,,1.0,,,,,0.0,0.0,1.0,4.0,4.0,4.0
1170,1.0,0.0,0.0,1,1,1,0,0,0,0,0.0,0.0,0.0,0.0,0.0,0.0,0.0,0.0,0.0,0.0,0.0,0.0,1.0,,,,1.0,,,,,,,,,,,,,,,,,,,,,,,,,,,,,,,,,,,,,,,,,,,,,,,,,,,,,,,,,,,,,,,,,,,,,,,,,,,,,,,,,,,,,,,,,,,,,1.0,,,,,0.0,0.0,1.0,4.0,4.0,4.0
1171,1.0,0.0,0.0,1,1,1,0,0,0,0,0.0,0.0,0.0,0.0,0.0,0.0,0.0,0.0,0.0,0.0,0.0,0.0,1.0,,,,1.0,,,,,,,,,,,,,,,,,,,,,,,,,,,,,,,,,,,,,,,,,,,,,,,,,,,,,,,,,,,,,,,,,,,,,,,,,,,,,,,,,,,,,,,,,,,,,1.0,,,,,0.0,0.0,1.0,4.0,4.0,4.0
1172,1.0,0.0,0.0,1,1,1,0,0,0,0,0.0,0.0,0.0,0.0,0.0,0.0,0.0,0.0,0.0,0.0,0.0,0.0,1.0,,,,1.0,,,,,,,,,,,,,,,,,,,,,,,,,,,,,,,,,,,,,,,,,,,,,,,,,,,,,,,,,,,,,,,,,,,,,,,,,,,,,,,,,,,,,,,,,,,,,1.0,,,,,0.0,0.0,1.0,4.0,4.0,4.0
1173,1.0,0.0,0.0,1,1,1,0,0,0,0,0.0,0.0,0.0,0.0,0.0,0.0,0.0,0.0,0.0,0.0,0.0,0.0,1.0,,,,1.0,,,,,,,,,,,,,,,,,,,,,,,,,,,,,,,,,,,,,,,,,,,,,,,,,,,,,,,,,,,,,,,,,,,,,,,,,,,,,,,,,,,,,,,,,,,,,1.0,,,,,0.0,0.0,1.0,4.0,4.0,4.0
1174,1.0,0.0,0.0,1,1,1,0,0,0,0,0.0,0.0,0.0,0.0,0.0,0.0,0.0,0.0,0.0,0.0,0.0,0.0,1.0,,,,1.0,,,,,,,,,,,,,,,,,,,,,,,,,,,,,,,,,,,,,,,,,,,,,,,,,,,,,,,,,,,,,,,,,,,,,,,,,,,,,,,,,,,,,,,,,,,,,1.0,,,,,0.0,0.0,1.0,4.0,4.0,4.0
1175,1.0,0.0,0.0,1,1,1,0,0,0,0,0.0,0.0,0.0,0.0,0.0,0.0,0.0,0.0,0.0,0.0,0.0,0.0,1.0,,,,1.0,,,,,,,,,,,,,,,,,,,,,,,,,,,,,,,,,,,,,,,,,,,,,,,,,,,,,,,,,,,,,,,,,,,,,,,,,,,,,,,,,,,,,,,,,,,,,1.0,,,,,0.0,0.0,1.0,4.0,4.0,4.0
1192,1.0,0.0,0.0,1,1,1,0,0,0,0,0.0,0.0,0.0,0.0,0.0,0.0,0.0,0.0,0.0,0.0,0.0,0.0,1.0,,,,1.0,,,,,,,,,,,,,,,,,,,,,,,,,,,,,,,,,,,,,,,,,,,,,,,,,,,,,,,,,,,,,,,,,,,,,,,,,,,,,,,,,,,,,,,,,,,,,1.0,,,,,0.0,0.0,1.0,4.0,4.0,4.0
1193,1.0,0.0,0.0,1,1,1,0,0,0,0,0.0,0.0,0.0,0.0,0.0,0.0,0.0,0.0,0.0,0.0,0.0,0.0,1.0,,,,1.0,,,,,,,,,,,,,,,,,,,,,,,,,,,,,,,,,,,,,,,,,,,,,,,,,,,,,,,,,,,,,,,,,,,,,,,,,,,,,,,,,,,,,,,,,,,,,1.0,,,,,0.0,0.0,1.0,4.0,4.0,4.0
1194,1.0,0.0,0.0,1,1,1,0,0,0,0,0.0,0.0,0.0,0.0,0.0,0.0,0.0,0.0,0.0,0.0,0.0,0.0,1.0,,,,1.0,,,,,,,,,,,,,,,,,,,,,,,,,,,,,,,,,,,,,,,,,,,,,,,,,,,,,,,,,,,,,,,,,,,,,,,,,,,,,,,,,,,,,,,,,,,,,1.0,,,,,0.0,0.0,1.0,4.0,4.0,4.0
1196,1.0,0.0,0.0,1,1,1,0,0,0,0,0.0,0.0,0.0,0.0,0.0,0.0,0.0,0.0,0.0,0.0,0.0,0.0,1.0,,,,1.0,,,,,,,,,,,,,,,,,,,,,,,,,,,,,,,,,,,,,,,,,,,,,,,,,,,,,,,,,,,,,,,,,,,,,,,,,,,,,,,,,,,,,,,,,,,,,1.0,,,,,0.0,0.0,1.0,4.0,4.0,4.0
1197,1.0,0.0,0.0,1,1,1,0,0,0,0,0.0,0.0,0.0,0.0,0.0,0.0,0.0,0.0,0.0,0.0,0.0,0.0,1.0,,,,1.0,,,,,,,,,,,,,,,,,,,,,,,,,,,,,,,,,,,,,,,,,,,,,,,,,,,,,,,,,,,,,,,,,,,,,,,,,,,,,,,,,,,,,,,,,,,,,1.0,,,,,0.0,0.0,1.0,4.0,4.0,4.0
1198,1.0,0.0,0.0,1,1,1,0,0,0,0,0.0,0.0,0.0,0.0,0.0,0.0,0.0,0.0,0.0,0.0,0.0,0.0,1.0,,,,1.0,,,,,,,,,,,,,,,,,,,,,,,,,,,,,,,,,,,,,,,,,,,,,,,,,,,,,,,,,,,,,,,,,,,,,,,,,,,,,,,,,,,,,,,,,,,,,1.0,,,,,0.0,0.0,1.0,4.0,4.0,4.0
1199,1.0,0.0,0.0,1,1,1,0,0,0,0,0.0,0.0,0.0,0.0,0.0,0.0,0.0,0.0,0.0,0.0,0.0,0.0,1.0,,,,1.0,,,,,,,,,,,,,,,,,,,,,,,,,,,,,,,,,,,,,,,,,,,,,,,,,,,,,,,,,,,,,,,,,,,,,,,,,,,,,,,,,,,,,,,,,,,,,1.0,,,,,0.0,0.0,1.0,4.0,4.0,4.0
1200,1.0,0.0,0.0,1,1,1,0,0,0,0,0.0,0.0,0.0,0.0,0.0,0.0,0.0,0.0,0.0,0.0,0.0,0.0,1.0,,,,1.0,,,,,,,,,,,,,,,,,,,,,,,,,,,,,,,,,,,,,,,,,,,,,,,,,,,,,,,,,,,,,,,,,,,,,,,,,,,,,,,,,,,,,,,,,,,,,1.0,,,,,0.0,0.0,1.0,4.0,4.0,4.0
1201,1.0,0.0,0.0,1,1,1,0,0,0,0,0.0,0.0,0.0,0.0,0.0,0.0,0.0,0.0,0.0,0.0,0.0,0.0,1.0,,,,1.0,,,,,,,,,,,,,,,,,,,,,,,,,,,,,,,,,,,,,,,,,,,,,,,,,,,,,,,,,,,,,,,,,,,,,,,,,,,,,,,,,,,,,,,,,,,,,1.0,,,,,0.0,0.0,1.0,4.0,4.0,4.0
1202,1.0,0.0,0.0,1,1,1,0,0,0,0,0.0,0.0,0.0,0.0,0.0,0.0,0.0,0.0,0.0,0.0,0.0,0.0,1.0,,,,1.0,,,,,,,,,,,,,,,,,,,,,,,,,,,,,,,,,,,,,,,,,,,,,,,,,,,,,,,,,,,,,,,,,,,,,,,,,,,,,,,,,,,,,,,,,,,,,1.0,,,,,0.0,0.0,1.0,4.0,4.0,4.0
1203,1.0,0.0,0.0,1,1,1,0,0,0,0,0.0,0.0,0.0,0.0,0.0,0.0,0.0,0.0,0.0,0.0,0.0,0.0,1.0,,,,1.0,,,,,,,,,,,,,,,,,,,,,,,,,,,,,,,,,,,,,,,,,,,,,,,,,,,,,,,,,,,,,,,,,,,,,,,,,,,,,,,,,,,,,,,,,,,,,1.0,,,,,0.0,0.0,1.0,4.0,4.0,4.0
1204,1.0,0.0,0.0,1,1,1,0,0,0,0,0.0,0.0,0.0,0.0,0.0,0.0,0.0,0.0,0.0,0.0,0.0,0.0,1.0,,,,1.0,,,,,,,,,,,,,,,,,,,,,,,,,,,,,,,,,,,,,,,,,,,,,,,,,,,,,,,,,,,,,,,,,,,,,,,,,,,,,,,,,,,,,,,,,,,,,1.0,,,,,0.0,0.0,1.0,4.0,4.0,4.0
1205,1.0,0.0,0.0,1,1,1,0,0,0,0,0.0,0.0,0.0,0.0,0.0,0.0,0.0,0.0,0.0,0.0,0.0,0.0,1.0,,,,1.0,,,,,,,,,,,,,,,,,,,,,,,,,,,,,,,,,,,,,,,,,,,,,,,,,,,,,,,,,,,,,,,,,,,,,,,,,,,,,,,,,,,,,,,,,,,,,1.0,,,,,0.0,0.0,1.0,4.0,4.0,4.0
1206,3.0,0.0,0.0,14,11,11,0,0,0,3,2.0,6.0,4.0,8.0,8.0,12.0,17.509775004326936,36.0,1.3333333333333333,48.0,0.012,2.6666666666666665,1.0,,,,11.0,2.0,2.0,9.0,9.0,1.0,1.0,2.0,1.0,,2.0,,1.0,,,,2.0,,6.0,,,,,,,,,,,,,,,,,,,,,,,,,,,,,,,,,,,,,5.0,,3.0,,,,,,,,,,,,,,,,,,,,,,,,,,,,,,,,,,,4.0,19.0,,3.0,2.0,1.0,0.0,5.0,7.0,12.0,1.0,5.142857142857143
1207,1.0,0.0,0.0,1,1,1,0,0,0,0,0.0,0.0,0.0,0.0,0.0,0.0,0.0,0.0,0.0,0.0,0.0,0.0,1.0,,,,1.0,,,,,,,,,,,,,,,,,,,,,,,,,,,,,,,,,,,,,,,,,,,,,,,,,,,,,,,,,,,,,,,,,,,,,,,,,,,,,,,,,,,,,,,,,,,,,1.0,,,,,0.0,0.0,1.0,4.0,4.0,4.0
1208,1.0,0.0,0.0,1,1,1,0,0,0,0,0.0,0.0,0.0,0.0,0.0,0.0,0.0,0.0,0.0,0.0,0.0,0.0,1.0,,,,1.0,,,,,,,,,,,,,,,,,,,,,,,,,,,,,,,,,,,,,,,,,,,,,,,,,,,,,,,,,,,,,,,,,,,,,,,,,,,,,,,,,,,,,,,,,,,,,1.0,,,,,0.0,0.0,1.0,4.0,4.0,4.0
1209,1.0,0.0,0.0,1,1,1,0,0,0,0,0.0,0.0,0.0,0.0,0.0,0.0,0.0,0.0,0.0,0.0,0.0,0.0,1.0,,,,1.0,,,,,,,,,,,,,,,,,,,,,,,,,,,,,,,,,,,,,,,,,,,,,,,,,,,,,,,,,,,,,,,,,,,,,,,,,,,,,,,,,,,,,,,,,,,,,1.0,,,,,0.0,0.0,1.0,4.0,4.0,4.0
1210,1.0,0.0,0.0,1,1,1,0,0,0,0,0.0,0.0,0.0,0.0,0.0,0.0,0.0,0.0,0.0,0.0,0.0,0.0,1.0,,,,1.0,,,,,,,,,,,,,,,,,,,,,,,,,,,,,,,,,,,,,,,,,,,,,,,,,,,,,,,,,,,,,,,,,,,,,,,,,,,,,,,,,,,,,,,,,,,,,1.0,,,,,0.0,0.0,1.0,4.0,4.0,4.0
1211,1.0,0.0,0.0,1,1,1,0,0,0,0,0.0,0.0,0.0,0.0,0.0,0.0,0.0,0.0,0.0,0.0,0.0,0.0,1.0,,,,1.0,,,,,,,,,,,,,,,,,,,,,,,,,,,,,,,,,,,,,,,,,,,,,,,,,,,,,,,,,,,,,,,,,,,,,,,,,,,,,,,,,,,,,,,,,,,,,1.0,,,,,0.0,0.0,1.0,4.0,4.0,4.0
1212,1.0,0.0,0.0,1,1,1,0,0,0,0,0.0,0.0,0.0,0.0,0.0,0.0,0.0,0.0,0.0,0.0,0.0,0.0,1.0,,,,1.0,,,,,,,,,,,,,,,,,,,,,,,,,,,,,,,,,,,,,,,,,,,,,,,,,,,,,,,,,,,,,,,,,,,,,,,,,,,,,,,,,,,,,,,,,,,,,1.0,,,,,0.0,0.0,1.0,4.0,4.0,4.0
1213,1.0,0.0,0.0,1,1,1,0,0,0,0,0.0,0.0,0.0,0.0,0.0,0.0,0.0,0.0,0.0,0.0,0.0,0.0,1.0,,,,1.0,,,,,,,,,,,,,,,,,,,,,,,,,,,,,,,,,,,,,,,,,,,,,,,,,,,,,,,,,,,,,,,,,,,,,,,,,,,,,,,,,,,,,,,,,,,,,1.0,,,,,0.0,0.0,1.0,4.0,4.0,4.0
1214,1.0,0.0,0.0,1,1,1,0,0,0,0,0.0,0.0,0.0,0.0,0.0,0.0,0.0,0.0,0.0,0.0,0.0,0.0,1.0,,,,1.0,,,,,,,,,,,,,,,,,,,,,,,,,,,,,,,,,,,,,,,,,,,,,,,,,,,,,,,,,,,,,,,,,,,,,,,,,,,,,,,,,,,,,,,,,,,,,1.0,,,,,0.0,0.0,1.0,4.0,4.0,4.0
1246,1.0,0.0,0.0,1,1,1,0,0,0,0,0.0,0.0,0.0,0.0,0.0,0.0,0.0,0.0,0.0,0.0,0.0,0.0,1.0,,,,1.0,,,,,,,,,,,,,,,,,,,,,,,,,,,,,,,,,,,,,,,,,,,,,,,,,,,,,,,,,,,,,,,,,,,,,,,,,,,,,,,,,,,,,,,,,,,,,1.0,,,,,0.0,0.0,1.0,4.0,4.0,4.0
1247,1.0,0.0,0.0,1,1,1,0,0,0,0,0.0,0.0,0.0,0.0,0.0,0.0,0.0,0.0,0.0,0.0,0.0,0.0,1.0,,,,1.0,,,,,,,,,,,,,,,,,,,,,,,,,,,,,,,,,,,,,,,,,,,,,,,,,,,,,,,,,,,,,,,,,,,,,,,,,,,,,,,,,,,,,,,,,,,,,1.0,,,,,0.0,0.0,1.0,4.0,4.0,4.0
1248,1.0,0.0,0.0,1,1,1,0,0,0,0,0.0,0.0,0.0,0.0,0.0,0.0,0.0,0.0,0.0,0.0,0.0,0.0,1.0,,,,1.0,,,,,,,,,,,,,,,,,,,,,,,,,,,,,,,,,,,,,,,,,,,,,,,,,,,,,,,,,,,,,,,,,,,,,,,,,,,,,,,,,,,,,,,,,,,,,1.0,,,,,0.0,0.0,1.0,4.0,4.0,4.0
1249,1.0,0.0,0.0,1,1,1,0,0,0,0,0.0,0.0,0.0,0.0,0.0,0.0,0.0,0.0,0.0,0.0,0.0,0.0,1.0,,,,1.0,,,,,,,,,,,,,,,,,,,,,,,,,,,,,,,,,,,,,,,,,,,,,,,,,,,,,,,,,,,,,,,,,,,,,,,,,,,,,,,,,,,,,,,,,,,,,1.0,,,,,0.0,0.0,1.0,4.0,4.0,4.0
1250,1.0,0.0,0.0,1,1,1,0,0,0,0,0.0,0.0,0.0,0.0,0.0,0.0,0.0,0.0,0.0,0.0,0.0,0.0,1.0,,,,1.0,,,,,,,,,,,,,,,,,,,,,,,,,,,,,,,,,,,,,,,,,,,,,,,,,,,,,,,,,,,,,,,,,,,,,,,,,,,,,,,,,,,,,,,,,,,,,1.0,,,,,0.0,0.0,1.0,4.0,4.0,4.0
1251,1.0,0.0,0.0,1,1,1,0,0,0,0,0.0,0.0,0.0,0.0,0.0,0.0,0.0,0.0,0.0,0.0,0.0,0.0,1.0,,,,1.0,,,,,,,,,,,,,,,,,,,,,,,,,,,,,,,,,,,,,,,,,,,,,,,,,,,,,,,,,,,,,,,,,,,,,,,,,,,,,,,,,,,,,,,,,,,,,1.0,,,,,0.0,0.0,1.0,4.0,4.0,4.0
1252,1.0,0.0,0.0,1,1,1,0,0,0,0,0.0,0.0,0.0,0.0,0.0,0.0,0.0,0.0,0.0,0.0,0.0,0.0,1.0,,,,1.0,,,,,,,,,,,,,,,,,,,,,,,,,,,,,,,,,,,,,,,,,,,,,,,,,,,,,,,,,,,,,,,,,,,,,,,,,,,,,,,,,,,,,,,,,,,,,1.0,,,,,0.0,0.0,1.0,4.0,4.0,4.0
1253,1.0,0.0,0.0,1,1,1,0,0,0,0,0.0,0.0,0.0,0.0,0.0,0.0,0.0,0.0,0.0,0.0,0.0,0.0,1.0,,,,1.0,,,,,,,,,,,,,,,,,,,,,,,,,,,,,,,,,,,,,,,,,,,,,,,,,,,,,,,,,,,,,,,,,,,,,,,,,,,,,,,,,,,,,,,,,,,,,1.0,,,,,0.0,0.0,1.0,4.0,4.0,4.0
1254,1.0,0.0,0.0,1,1,1,0,0,0,0,0.0,0.0,0.0,0.0,0.0,0.0,0.0,0.0,0.0,0.0,0.0,0.0,1.0,,,,1.0,,,,,,,,,,,,,,,,,,,,,,,,,,,,,,,,,,,,,,,,,,,,,,,,,,,,,,,,,,,,,,,,,,,,,,,,,,,,,,,,,,,,,,,,,,,,,1.0,,,,,0.0,0.0,1.0,4.0,4.0,4.0
1255,1.0,0.0,0.0,1,1,1,0,0,0,0,0.0,0.0,0.0,0.0,0.0,0.0,0.0,0.0,0.0,0.0,0.0,0.0,1.0,,,,1.0,,,,,,,,,,,,,,,,,,,,,,,,,,,,,,,,,,,,,,,,,,,,,,,,,,,,,,,,,,,,,,,,,,,,,,,,,,,,,,,,,,,,,,,,,,,,,1.0,,,,,0.0,0.0,1.0,4.0,4.0,4.0
1257,1.0,0.0,0.0,1,1,1,0,0,0,0,0.0,0.0,0.0,0.0,0.0,0.0,0.0,0.0,0.0,0.0,0.0,0.0,1.0,,,,1.0,,,,,,,,,,,,,,,,,,,,,,,,,,,,,,,,,,,,,,,,,,,,,,,,,,,,,,,,,,,,,,,,,,,,,,,,,,,,,,,,,,,,,,,,,,,,,1.0,,,,,0.0,0.0,1.0,4.0,4.0,4.0
1258,1.0,0.0,0.0,1,1,1,0,0,0,0,0.0,0.0,0.0,0.0,0.0,0.0,0.0,0.0,0.0,0.0,0.0,0.0,1.0,,,,1.0,,,,,,,,,,,,,,,,,,,,,,,,,,,,,,,,,,,,,,,,,,,,,,,,,,,,,,,,,,,,,,,,,,,,,,,,,,,,,,,,,,,,,,,,,,,,,1.0,,,,,0.0,0.0,1.0,4.0,4.0,4.0
1260,1.0,0.0,0.0,1,1,1,0,0,0,0,0.0,0.0,0.0,0.0,0.0,0.0,0.0,0.0,0.0,0.0,0.0,0.0,1.0,,,,1.0,,,,,,,,,,,,,,,,,,,,,,,,,,,,,,,,,,,,,,,,,,,,,,,,,,,,,,,,,,,,,,,,,,,,,,,,,,,,,,,,,,,,,,,,,,,,,1.0,,,,,0.0,0.0,1.0,4.0,4.0,4.0
1261,1.0,0.0,0.0,1,1,1,0,0,0,0,0.0,0.0,0.0,0.0,0.0,0.0,0.0,0.0,0.0,0.0,0.0,0.0,1.0,,,,1.0,,,,,,,,,,,,,,,,,,,,,,,,,,,,,,,,,,,,,,,,,,,,,,,,,,,,,,,,,,,,,,,,,,,,,,,,,,,,,,,,,,,,,,,,,,,,,1.0,,,,,0.0,0.0,1.0,4.0,4.0,4.0
1262,1.0,0.0,0.0,1,1,1,0,0,0,0,0.0,0.0,0.0,0.0,0.0,0.0,0.0,0.0,0.0,0.0,0.0,0.0,1.0,,,,1.0,,,,,,,,,,,,,,,,,,,,,,,,,,,,,,,,,,,,,,,,,,,,,,,,,,,,,,,,,,,,,,,,,,,,,,,,,,,,,,,,,,,,,,,,,,,,,1.0,,,,,0.0,0.0,1.0,4.0,4.0,4.0
1263,1.0,0.0,0.0,1,1,1,0,0,0,0,0.0,0.0,0.0,0.0,0.0,0.0,0.0,0.0,0.0,0.0,0.0,0.0,1.0,,,,1.0,,,,,,,,,,,,,,,,,,,,,,,,,,,,,,,,,,,,,,,,,,,,,,,,,,,,,,,,,,,,,,,,,,,,,,,,,,,,,,,,,,,,,,,,,,,,,1.0,,,,,0.0,0.0,1.0,4.0,4.0,4.0
1264,1.0,0.0,0.0,1,1,1,0,0,0,0,0.0,0.0,0.0,0.0,0.0,0.0,0.0,0.0,0.0,0.0,0.0,0.0,1.0,,,,1.0,,,,,,,,,,,,,,,,,,,,,,,,,,,,,,,,,,,,,,,,,,,,,,,,,,,,,,,,,,,,,,,,,,,,,,,,,,,,,,,,,,,,,,,,,,,,,1.0,,,,,0.0,0.0,1.0,4.0,4.0,4.0
1265,1.0,0.0,0.0,1,1,1,0,0,0,0,0.0,0.0,0.0,0.0,0.0,0.0,0.0,0.0,0.0,0.0,0.0,0.0,1.0,,,,1.0,,,,,,,,,,,,,,,,,,,,,,,,,,,,,,,,,,,,,,,,,,,,,,,,,,,,,,,,,,,,,,,,,,,,,,,,,,,,,,,,,,,,,,,,,,,,,1.0,,,,,0.0,0.0,1.0,4.0,4.0,4.0
1266,1.0,0.0,0.0,1,1,1,0,0,0,0,0.0,0.0,0.0,0.0,0.0,0.0,0.0,0.0,0.0,0.0,0.0,0.0,1.0,,,,1.0,,,,,,,,,,,,,,,,,,,,,,,,,,,,,,,,,,,,,,,,,,,,,,,,,,,,,,,,,,,,,,,,,,,,,,,,,,,,,,,,,,,,,,,,,,,,,1.0,,,,,0.0,0.0,1.0,4.0,4.0,4.0
1269,1.0,0.0,0.0,1,1,1,0,0,0,0,0.0,0.0,0.0,0.0,0.0,0.0,0.0,0.0,0.0,0.0,0.0,0.0,1.0,,,,1.0,,,,,,,,,,,,,,,,,,,,,,,,,,,,,,,,,,,,,,,,,,,,,,,,,,,,,,,,,,,,,,,,,,,,,,,,,,,,,,,,,,,,,,,,,,,,,1.0,,,,,0.0,0.0,1.0,4.0,4.0,4.0
1270,1.0,0.0,0.0,1,1,1,0,0,0,0,0.0,0.0,0.0,0.0,0.0,0.0,0.0,0.0,0.0,0.0,0.0,0.0,1.0,,,,1.0,,,,,,,,,,,,,,,,,,,,,,,,,,,,,,,,,,,,,,,,,,,,,,,,,,,,,,,,,,,,,,,,,,,,,,,,,,,,,,,,,,,,,,,,,,,,,1.0,,,,,0.0,0.0,1.0,4.0,4.0,4.0
1349,1.0,0.0,0.0,4,3,3,0,0,0,1,4.0,14.0,8.0,16.0,18.0,24.0,61.30296890880645,100.07820003461548,2.2857142857142856,228.75017150769253,0.0333594000115385,12.708342861538474,1.0,,,,3.0,,,9.0,9.0,,,,,,1.0,,4.0,1.0,,,,,2.0,,,,,,,,,,,,,2.0,,,,,,,,,,,,,,,,,,,,,,,,4.0,2.0,1.0,,,,,,,,,,,,,,,,,,,,,,,,,,,,,,,,,,,,5.0,3.0,,1.0,2.0,2.0,2.0,2.0,5.0,1.0,3.0
1350,1.0,0.0,0.0,7,5,5,0,0,0,2,1.0,6.0,3.0,6.0,7.0,9.0,15.509775004326936,25.26619429851844,0.5,12.63309714925922,0.0084220647661728,0.701838730514401,1.0,,,,5.0,,,8.0,8.0,,,,,,,,4.0,,,,,,3.0,,,,,,,,,,,,,,,,,,,,,,,,,,,,,,,,,,,,,,,2.0,,,,,,,,,,,,,,,,,,,,,,,,,,,,,,,,,,,2.0,8.0,4.0,,1.0,3.0,2.0,2.0,5.0,5.0,1.0,2.6
1351,1.0,0.0,0.0,4,3,3,0,0,0,1,4.0,12.0,7.0,14.0,16.0,21.0,51.01955000865388,84.0,2.333333333333333,196.0,0.028,10.88888888888889,1.0,,,1.0,3.0,,,10.0,10.0,,,,,,,,3.0,1.0,,,,,2.0,,1.0,,,,,,,,,,,2.0,,,,,,,,,,,,,,,,,,,,,,,,4.0,1.0,1.0,,,,,,,,,,,,,,,,,,,,,,,,,,,,,,,,,,,,4.0,2.0,,1.0,2.0,1.0,2.0,2.0,5.0,1.0,3.0
1354,1.0,0.0,0.0,6,4,4,0,0,0,2,2.0,6.0,3.0,6.0,8.0,9.0,17.509775004326936,27.0,1.0,27.0,0.009,1.5,1.0,,,,4.0,,,7.0,7.0,,,,1.0,,,,3.0,,,,,,2.0,,,,,,,,,,,,,1.0,,,,,,,,,,,,,,,,,,,,,,,,2.0,,2.0,,,,,,,,,,,,,,,,,,,,,,,,,,,,,,,,,,,2.0,6.0,2.0,1.0,1.0,2.0,1.0,3.0,4.0,5.0,2.0,3.75
1355,1.0,0.0,0.0,7,5,5,0,0,0,2,2.0,8.0,4.0,8.0,10.0,12.0,26.0,39.86313713864836,1.0,39.86313713864836,0.0132877123795494,2.2146187299249087,1.0,,,1.0,5.0,,,8.0,8.0,,,,,,,,4.0,,,,,,3.0,,1.0,,,,,,,,,,,,,,,,,,,,,,,,,,,,,,,,,,,,,2.0,,,,,,,,,,,,,,,,,,,,,,,,,,,,,,,,,,,2.0,8.0,3.0,,1.0,3.0,1.0,2.0,5.0,5.0,1.0,2.6
1356,1.0,0.0,0.0,6,5,5,0,0,0,1,3.0,8.0,4.0,8.0,11.0,12.0,28.75488750216347,41.51317942364757,1.5,62.26976913547136,0.0138377264745491,3.4594316186372978,1.0,,,,5.0,,,12.0,12.0,,,,,,1.0,,2.0,1.0,,,,,4.0,,,,,,,,,,,,,,,,,,,,,,,,,,,,,,,,,,,,,1.0,,1.0,,,,,,,,,,,,,,,,,,,,,,,,,,,,,,,,,,,,8.0,5.0,,1.0,4.0,2.0,2.0,4.0,5.0,1.0,2.0
1359,1.0,0.0,0.0,9,6,6,0,0,0,3,2.0,4.0,2.0,4.0,6.0,6.0,10.0,15.509775004326936,1.0,15.509775004326936,0.0051699250014423,0.861654166907052,1.0,,,,6.0,,,9.0,9.0,,,,1.0,,,,2.0,1.0,,,,,4.0,,,,,,,,,,,,,,,,,,,,,,,,,,,,,,,,,,,,,1.0,,3.0,,,,,,,,,,,,,,,,,,,,,,,,,,,,,,,,,,,2.0,10.0,3.0,1.0,1.0,3.0,1.0,3.0,6.0,7.0,2.0,3.333333333333333
1361,1.0,0.0,0.0,10,7,7,0,0,0,3,4.0,17.0,14.0,28.0,21.0,42.0,77.48686830125578,184.477331756708,3.294117647058824,607.6900340220967,0.0614924439189026,33.76055744567204,1.0,,,,7.0,,,13.0,13.0,,,,3.0,,,3.0,6.0,1.0,,,,,4.0,,,,,,,,,,,,,4.0,,,,,,,,,,,,,,,,,,,,,,,,13.0,4.0,3.0,,,,,,,,,,,,,,,,,,,,,,,,,,,,,,,,,,,,10.0,1.0,3.0,3.0,1.0,1.0,3.0,4.0,12.0,7.0,9.5
1362,1.0,0.0,0.0,11,8,8,0,0,0,3,3.0,13.0,9.0,18.0,16.0,27.0,52.86060383799767,108.0,2.076923076923077,224.30769230769232,0.036,12.461538461538462,1.0,,,,8.0,,,13.0,13.0,,,,3.0,,,,3.0,4.0,,,,,4.0,,,,,,,,,,,,,3.0,,,,,,,,,,,,,,,,,,,,,,,,9.0,2.0,3.0,,,,,,,,,,,,,,,,,,,,,,,,,,,,,,,,,,,2.0,12.0,1.0,3.0,3.0,1.0,1.0,3.0,6.0,16.0,1.0,6.666666666666667
1363,1.0,0.0,0.0,11,8,8,0,0,0,3,4.0,14.0,9.0,18.0,18.0,27.0,61.30296890880645,112.58797503894245,2.571428571428572,289.5119358144234,0.0375293250129808,16.083996434134633,1.0,,,,8.0,,,12.0,12.0,,,,3.0,,1.0,,3.0,3.0,,,,,4.0,,,,,,,,,,,,,3.0,,,,,,,,,,,,,,,,,,,,,,,,10.0,1.0,3.0,,,,,,,,,,,,,,,,,,,,,,,,,,,,,,,,,,,2.0,12.0,1.0,3.0,3.0,1.0,1.0,3.0,6.0,15.0,1.0,7.166666666666667
1364,1.0,0.0,0.0,9,6,6,0,0,0,3,3.0,10.0,5.0,10.0,13.0,15.0,37.97416845103709,55.506595772116384,1.5,83.25989365817458,0.0185021985907054,4.625549647676365,1.0,,,,6.0,,,7.0,7.0,,,,1.0,1.0,,,3.0,2.0,,,,,4.0,,,,,,,,,,,,,1.0,,,,,,,,,,,,,,,,,,,,,,,,3.0,1.0,3.0,,,,,,,,,,,,,,,,,,,,,,,,,,,,,,,,,,,2.0,11.0,2.0,1.0,1.0,2.0,1.0,3.0,7.0,4.0,1.0,2.0
1365,1.0,0.0,0.0,9,6,6,0,0,0,3,2.0,6.0,3.0,6.0,8.0,9.0,17.509775004326936,27.0,1.0,27.0,0.009,1.5,1.0,,,,6.0,,,9.0,9.0,,,,1.0,1.0,,,3.0,1.0,,,,,4.0,,,,,,,,,,,,,,,,,,,,,,,,,,,,,,,,,,,,,2.0,1.0,3.0,,,,,,,,,,,,,,,,,,,,,,,,,,,,,,,,,,,2.0,12.0,2.0,1.0,1.0,2.0,1.0,3.0,8.0,7.0,1.0,2.75
1366,1.0,0.0,0.0,9,6,6,0,0,0,3,3.0,7.0,4.0,8.0,10.0,12.0,24.40637195656669,39.86313713864836,1.7142857142857142,68.33680652339717,0.0132877123795494,3.796489251299843,1.0,,,,6.0,,,8.0,8.0,,,,1.0,1.0,,,3.0,1.0,,,,,4.0,,,,,,,,,,,,,1.0,,,,,,,,,,,,,,,,,,,,,,,,3.0,1.0,3.0,,,,,,,,,,,,,,,,,,,,,,,,,,,,,,,,,,,2.0,11.0,2.0,1.0,1.0,2.0,1.0,3.0,7.0,7.0,1.0,2.571428571428572
1367,1.0,0.0,0.0,13,10,10,0,0,0,3,1.0,6.0,3.0,6.0,7.0,9.0,15.509775004326936,25.26619429851844,0.5,12.63309714925922,0.0084220647661728,0.701838730514401,1.0,,,,10.0,,,9.0,9.0,,,,2.0,,,,,,,,,,9.0,,,,,,,,,,,,,,,,,,,,,,,,,3.0,,,,,,,,,,,,,3.0,3.0,,,,,,,,,,,,,,,,,,,,,,,,,,,,,,,,,,,,18.0,4.0,1.0,1.0,3.0,2.0,3.0,9.0,14.0,7.0,10.666666666666666
1368,1.0,0.0,0.0,13,10,10,0,0,0,3,1.0,6.0,3.0,6.0,7.0,9.0,15.509775004326936,25.26619429851844,0.5,12.63309714925922,0.0084220647661728,0.701838730514401,1.0,,,,10.0,,,9.0,9.0,,,,2.0,,,,,,,,,,9.0,,,,,,,,,,,,,,,,,,,,,,,,,3.0,,,,,,,,,,,,,3.0,3.0,,,,,,,,,,,,,,,,,,,,,,,,,,,,,,,,,,,,18.0,4.0,1.0,1.0,3.0,2.0,3.0,9.0,18.0,4.0,12.333333333333334
1369,1.0,0.0,0.0,13,10,10,0,0,0,3,1.0,6.0,3.0,6.0,7.0,9.0,15.509775004326936,25.26619429851844,0.5,12.63309714925922,0.0084220647661728,0.701838730514401,1.0,,,,10.0,,,9.0,9.0,,,,2.0,,,,,,,,,,9.0,,,,,,,,,,,,,,,,,,,,,,,,,3.0,,,,,,,,,,,,,3.0,3.0,,,,,,,,,,,,,,,,,,,,,,,,,,,,,,,,,,,,18.0,4.0,1.0,1.0,3.0,2.0,3.0,9.0,17.0,8.0,13.333333333333334
1370,1.0,0.0,0.0,9,7,7,0,0,0,2,2.0,8.0,6.0,12.0,10.0,18.0,26.0,59.794705707972525,1.5,89.69205856195879,0.0199315685693241,4.982892142331044,1.0,,,,7.0,,,8.0,8.0,,,,3.0,,,,3.0,3.0,,,,,4.0,,,,,,,,,,,,,,,,,,,,,,,,,,,,,,,,,,,,,3.0,6.0,2.0,,,,,,,,,,,,,,,,,,,,,,,,,,,,,,,,,,,,10.0,1.0,3.0,3.0,1.0,1.0,3.0,4.0,12.0,7.0,9.5
1371,1.0,0.0,0.0,9,7,7,0,0,0,2,2.0,8.0,6.0,12.0,10.0,18.0,26.0,59.794705707972525,1.5,89.69205856195879,0.0199315685693241,4.982892142331044,1.0,,,,7.0,,,8.0,8.0,,,,3.0,,,,3.0,3.0,,,,,4.0,,,,,,,,,,,,,,,,,,,,,,,,,,,,,,,,,,,,,3.0,6.0,2.0,,,,,,,,,,,,,,,,,,,,,,,,,,,,,,,,,,,,10.0,1.0,3.0,3.0,1.0,1.0,3.0,4.0,16.0,4.0,10.75
1372,1.0,0.0,0.0,9,7,7,0,0,0,2,2.0,8.0,6.0,12.0,10.0,18.0,26.0,59.794705707972525,1.5,89.69205856195879,0.0199315685693241,4.982892142331044,1.0,,,,7.0,,,8.0,8.0,,,,3.0,,,,3.0,3.0,,,,,4.0,,,,,,,,,,,,,,,,,,,,,,,,,,,,,,,,,,,,,3.0,6.0,2.0,,,,,,,,,,,,,,,,,,,,,,,,,,,,,,,,,,,,10.0,1.0,3.0,3.0,1.0,1.0,3.0,4.0,15.0,8.0,11.5
1379,1.0,0.0,0.0,5,4,4,0,0,0,1,2.0,6.0,3.0,6.0,8.0,9.0,17.509775004326936,27.0,1.0,27.0,0.009,1.5,1.0,,,,4.0,,,9.0,9.0,,,,,,,,2.0,1.0,,,,,3.0,,,,,,,,,,,,,,,,,,,,,,,,,,,,,,,,,,,,,1.0,,1.0,,,,,,,,,,,,,,,,,,,,,,,,,,,,,,,,,,,,6.0,3.0,1.0,1.0,3.0,1.0,3.0,3.0,5.0,1.0,2.333333333333333
1380,1.0,0.0,0.0,6,5,5,0,0,0,1,3.0,8.0,4.0,8.0,11.0,12.0,28.75488750216347,41.51317942364757,1.5,62.26976913547136,0.0138377264745491,3.4594316186372978,1.0,,,,5.0,,,12.0,12.0,,,,,,1.0,,2.0,1.0,,,,,4.0,,,,,,,,,,,,,,,,,,,,,,,,,,,,,,,,,,,,,1.0,,1.0,,,,,,,,,,,,,,,,,,,,,,,,,,,,,,,,,,,,8.0,5.0,,1.0,4.0,2.0,2.0,4.0,5.0,1.0,2.0
1390,2.0,0.0,0.0,10,7,7,0,0,0,3,3.0,6.0,4.0,8.0,9.0,12.0,20.264662506490406,38.03910001730775,2.0,76.0782000346155,0.0126797000057692,4.226566668589751,1.0,,,1.0,7.0,2.0,2.0,5.0,5.0,,,2.0,1.0,,1.0,,2.0,,,,,,4.0,,,,,,,1.0,,,,,,,,,,,,,,,,,,,,,,,,,,,,,,3.0,2.0,3.0,,,,,,,,,,,,,,,,,,,,,,,,,,,,,,,,,,,2.0,9.0,1.0,1.0,1.0,1.0,1.0,3.0,3.0,7.0,5.0,6.0
1391,2.0,0.0,0.0,10,7,7,0,0,0,3,3.0,8.0,5.0,10.0,11.0,15.0,28.75488750216347,51.89147427955947,1.875,97.296514274174,0.0172971580931864,5.405361904120777,1.0,,,1.0,7.0,2.0,2.0,5.0,5.0,,,2.0,1.0,,2.0,,2.0,,,,,,4.0,,,,,,,1.0,,,,,,,,,,,,,,,,,,,,,,,,,,,,,,3.0,3.0,3.0,,,,,,,,,,,,,,,,,,,,,,,,,,,,,,,,,,,2.0,9.0,1.0,1.0,1.0,1.0,1.0,3.0,3.0,7.0,5.0,6.0
1392,2.0,0.0,0.0,10,7,7,0,0,0,3,3.0,7.0,5.0,10.0,10.0,15.0,24.40637195656669,49.82892142331044,2.142857142857143,106.77626019280808,0.0166096404744368,5.932014455156004,1.0,,,1.0,7.0,2.0,2.0,5.0,5.0,,,2.0,1.0,,2.0,,2.0,,,,1.0,,4.0,,,,,,,,,,,,,,,,,,,,,,,,,,,,,,,,,,,,,5.0,1.0,3.0,,,,,,,,,,,,,,,,,,,,,,,,,,,,,,,,,,,2.0,9.0,1.0,1.0,1.0,1.0,1.0,3.0,3.0,7.0,5.0,6.0
1393,2.0,0.0,0.0,10,7,7,0,0,0,3,3.0,6.0,4.0,8.0,9.0,12.0,20.264662506490406,38.03910001730775,2.0,76.0782000346155,0.0126797000057692,4.226566668589751,1.0,,,1.0,7.0,2.0,2.0,5.0,5.0,,,2.0,1.0,,1.0,,2.0,,,,1.0,,4.0,,,,,,,,,,,,,,,,,,,,,,,,,,,,,,,,,,,,,3.0,2.0,3.0,,,,,,,,,,,,,,,,,,,,,,,,,,,,,,,,,,,2.0,9.0,1.0,1.0,1.0,1.0,1.0,3.0,3.0,7.0,5.0,6.0
1394,2.0,0.0,0.0,10,7,7,0,0,0,3,4.0,7.0,6.0,12.0,11.0,18.0,27.651484454403228,62.26976913547136,3.4285714285714284,213.4963513216161,0.0207565897118237,11.860908406756447,1.0,,,1.0,7.0,2.0,2.0,6.0,6.0,,,2.0,1.0,,1.0,1.0,3.0,,,,,,4.0,,,,,,,1.0,,,,,,,,,,,,,,,,,,,,,,,,,,,,,,2.0,3.0,3.0,,,,,,,,,,,,,,,,,,,,,,,,,,,,,,,,,,,2.0,11.0,1.0,1.0,1.0,1.0,1.0,3.0,3.0,9.0,5.0,6.666666666666667
1395,2.0,0.0,0.0,10,7,7,0,0,0,3,4.0,7.0,6.0,12.0,11.0,18.0,27.651484454403228,62.26976913547136,3.4285714285714284,213.4963513216161,0.0207565897118237,11.860908406756447,1.0,,,1.0,7.0,2.0,2.0,6.0,6.0,,,2.0,1.0,,1.0,1.0,3.0,,,,,,4.0,,,,,,,1.0,,,,,,,,,,,,,,,,,,,,,,,,,,,,,,1.0,4.0,3.0,,,,,,,,,,,,,,,,,,,,,,,,,,,,,,,,,,,2.0,11.0,1.0,1.0,1.0,1.0,1.0,3.0,3.0,8.0,6.0,6.666666666666667
1396,2.0,0.0,0.0,10,7,7,0,0,0,3,2.0,4.0,3.0,6.0,6.0,9.0,10.0,23.264662506490403,1.5,34.89699375973561,0.0077548875021634,1.938721875540867,1.0,,,1.0,7.0,2.0,2.0,5.0,5.0,,,2.0,1.0,,,,2.0,,,,,,4.0,,,,,,,1.0,,,,,,,,,,,,,,,,,,,,,,,,,,,,,,1.0,3.0,3.0,,,,,,,,,,,,,,,,,,,,,,,,,,,,,,,,,,,2.0,9.0,1.0,1.0,1.0,1.0,1.0,3.0,3.0,7.0,5.0,6.0
1397,2.0,0.0,0.0,10,7,7,0,0,0,3,4.0,7.0,6.0,12.0,11.0,18.0,27.651484454403228,62.26976913547136,3.4285714285714284,213.4963513216161,0.0207565897118237,11.860908406756447,1.0,,,1.0,7.0,2.0,2.0,6.0,6.0,,,2.0,1.0,,1.0,1.0,3.0,,,,,,4.0,,,,,,,1.0,,,,,,,,,,,,,,,,,,,,,,,,,,,,,,2.0,3.0,3.0,,,,,,,,,,,,,,,,,,,,,,,,,,,,,,,,,,,2.0,11.0,1.0,1.0,1.0,1.0,1.0,3.0,3.0,7.0,5.0,6.0
1398,2.0,0.0,0.0,10,7,7,0,0,0,3,4.0,11.0,8.0,16.0,15.0,24.0,46.05374780501028,93.76537429460444,2.909090909090909,272.7719979479402,0.0312551247648681,15.153999885996676,1.0,,,1.0,7.0,2.0,2.0,6.0,6.0,,,2.0,1.0,,3.0,1.0,3.0,,,,,,4.0,,,,,,,1.0,,,,,,,,,,,,,,,,,,,,,,,,,,,,,,4.0,3.0,3.0,,,,,,,,,,,,,,,,,,,,,,,,,,,,,,,,,,,2.0,11.0,1.0,1.0,1.0,1.0,1.0,3.0,3.0,7.0,5.0,6.0
1399,2.0,0.0,0.0,20,12,12,4,4,0,4,4.0,7.0,7.0,14.0,11.0,21.0,27.651484454403228,72.64806399138325,4.0,290.592255965533,0.024216021330461,16.14401422030739,1.0,,,4.0,12.0,2.0,2.0,13.0,13.0,,,2.0,1.0,,2.0,,2.0,2.0,,,,1.0,7.0,,,,,,,,,,,,,,,,,,,,,,,,,,,,,,,,,,,,,4.0,4.0,8.0,,,,,,,,,,,,,,,,,,,,,,,,,,,,,,,,,,,2.0,18.0,2.0,1.0,3.0,2.0,1.0,3.0,5.0,5.0,4.0,4.8
1400,2.0,0.0,0.0,11,9,9,0,0,0,2,3.0,8.0,5.0,10.0,11.0,15.0,28.75488750216347,51.89147427955947,1.875,97.296514274174,0.0172971580931864,5.405361904120777,1.0,,,5.0,9.0,2.0,2.0,10.0,10.0,,,2.0,,,2.0,,2.0,,,,,,6.0,,,,,1.0,,,,,,,,,,,,,,,,,,,,,,,,,,,,,,,,1.0,,2.0,,,,,,,,,,,,,,,,,,,,,,,,,,,,,,,,,,,2.0,13.0,3.0,,1.0,4.0,1.0,2.0,5.0,7.0,2.0,4.2
1401,2.0,0.0,0.0,12,10,10,0,0,0,2,2.0,5.0,3.0,6.0,7.0,9.0,13.60964047443681,25.26619429851844,1.2,30.319433158222125,0.0084220647661728,1.6844129532345624,1.0,,,5.0,10.0,2.0,2.0,6.0,6.0,,,2.0,,,,,2.0,,,,,,6.0,,,,,1.0,,,,,,,,,,,,,,,,,,,,,,,,,,,,,,,,2.0,,2.0,,,,,,,,,,,,,,,,,,,,,,,,,,,,,,,,,,,2.0,11.0,1.0,,2.0,2.0,1.0,2.0,4.0,9.0,6.0,7.25
1402,2.0,0.0,0.0,9,7,7,0,0,0,2,4.0,10.0,6.0,12.0,14.0,18.0,41.21928094887362,68.53238859703687,2.4,164.4777326328885,0.0228441295323456,9.13765181293825,1.0,,,3.0,7.0,2.0,2.0,6.0,6.0,,,2.0,,,1.0,,2.0,2.0,,,,,4.0,,,,,1.0,,,,,,,,,,,,,,,,,,,,,,,,,,,,,,,,5.0,,2.0,,,,,,,,,,,,,,,,,,,,,,,,,,,,,,,,,,,2.0,8.0,2.0,,1.0,2.0,1.0,2.0,3.0,5.0,4.0,4.333333333333333
1403,2.0,0.0,0.0,9,7,7,0,0,0,2,3.0,9.0,5.0,10.0,12.0,15.0,33.28421251514428,53.77443751081735,1.6666666666666667,89.62406251802892,0.0179248125036057,4.9791145843349405,1.0,,,3.0,7.0,2.0,2.0,6.0,6.0,,,2.0,,,,2.0,2.0,,,,,,4.0,,,,,1.0,,,,,,,,,,,,,,,,,,,,,,,,,,,,,,,,4.0,,2.0,,,,,,,,,,,,,,,,,,,,,,,,,,,,,,,,,,,2.0,8.0,2.0,,1.0,2.0,1.0,2.0,3.0,8.0,4.0,5.666666666666667
1404,2.0,0.0,0.0,11,9,9,0,0,0,2,3.0,11.0,7.0,14.0,14.0,21.0,42.80863530717375,79.95445336320968,1.9090909090909087,152.64032005703666,0.0266514844544032,8.480017780946481,1.0,,,5.0,9.0,2.0,2.0,11.0,11.0,,,2.0,,,5.0,,1.0,,,,,,6.0,,,,,1.0,,,,,,,,,,,,,,,,,,,,,,,,,,,,,,,,2.0,,2.0,,,,,,,,,,,,,,,,,,,,,,,,,,,,,,,,,,,2.0,14.0,3.0,,1.0,4.0,1.0,2.0,5.0,6.0,2.0,3.2
1405,2.0,0.0,0.0,10,8,8,0,0,0,2,3.0,8.0,5.0,10.0,11.0,15.0,28.75488750216347,51.89147427955947,1.875,97.296514274174,0.0172971580931864,5.405361904120777,1.0,,,4.0,8.0,2.0,2.0,9.0,9.0,,,2.0,,,3.0,,,,,,,,5.0,,,,,1.0,,,,,,,,1.0,,,,,,,,,,,,,,,,,,,,,,,,2.0,,2.0,,,,,,,,,,,,,,,,,,,,,,,,,,,,,,,,,,,2.0,11.0,2.0,,1.0,3.0,1.0,2.0,4.0,6.0,2.0,3.5
1406,2.0,0.0,0.0,10,8,8,0,0,0,2,2.0,6.0,4.0,8.0,8.0,12.0,17.509775004326936,36.0,1.3333333333333333,48.0,0.012,2.6666666666666665,1.0,,,4.0,8.0,2.0,2.0,7.0,7.0,,,2.0,,,,,3.0,,,,,,5.0,,,,,1.0,,,,,,,,,,,,,,,,,,,,,,,,,,,,,,,,1.0,,2.0,,,,,,,,,,,,,,,,,,,,,,,,,,,,,,,,,,,2.0,11.0,2.0,,1.0,3.0,1.0,2.0,4.0,6.0,2.0,4.5
1407,2.0,0.0,0.0,15,12,12,0,0,0,3,4.0,10.0,5.0,10.0,14.0,15.0,41.21928094887362,57.11032383086405,2.0,114.22064766172812,0.019036774610288,6.345591536762672,1.0,,,6.0,12.0,2.0,2.0,14.0,14.0,,,2.0,,,2.0,1.0,1.0,,,,,,6.0,,,,,,,1.0,,,,,,,,,,,,,,,,,,,,,,,,,,,,,,3.0,,3.0,,,,,,,,,,,,,,,,,,,,,,,,,,,,,,,,,,,2.0,13.0,4.0,,4.0,4.0,1.0,2.0,6.0,8.0,2.0,3.6666666666666665
1408,2.0,0.0,0.0,11,9,9,0,0,0,2,3.0,10.0,7.0,14.0,13.0,21.0,37.97416845103709,77.70923408096293,2.1,163.18939157002217,0.0259030780269876,9.066077309445676,1.0,,,5.0,9.0,2.0,2.0,11.0,11.0,,,2.0,,,4.0,,2.0,,,,,,6.0,,,,,1.0,,,,,,,,,,,,,,,,,,,,,,,,,,,,,,,,2.0,,2.0,,,,,,,,,,,,,,,,,,,,,,,,,,,,,,,,,,,2.0,14.0,3.0,,1.0,4.0,1.0,2.0,5.0,8.0,2.0,4.4
1409,2.0,0.0,0.0,12,10,10,0,0,0,2,3.0,12.0,8.0,16.0,15.0,24.0,47.77443751081735,93.76537429460444,2.0,187.53074858920888,0.0312551247648681,10.418374921622716,1.0,,,6.0,10.0,2.0,2.0,12.0,12.0,,,2.0,,,6.0,,1.0,,,,,,7.0,,,,,1.0,,,,,,,,,,,,,,,,,,,,,,,,,,,,,,,,1.0,,2.0,,,,,,,,,,,,,,,,,,,,,,,,,,,,,,,,,,,2.0,17.0,4.0,,1.0,5.0,1.0,2.0,6.0,6.0,2.0,3.0
1417,4.0,0.0,0.0,14,11,11,0,0,0,3,7.0,12.0,9.0,18.0,19.0,27.0,62.67103446305711,114.6940428629768,5.25,602.1437250306282,0.0382313476209922,33.45242916836823,1.0,,,6.0,11.0,3.0,3.0,12.0,12.0,,,3.0,,,,1.0,4.0,1.0,,,1.0,1.0,4.0,,,,,1.0,,,,,,,,1.0,,,,,,,,,,,,,,,,,,,,,,,,6.0,,3.0,,,,,,,,,,,,,,,,,,,,,,,,,,,,,,,,,,,5.0,12.0,3.0,,3.0,3.0,1.0,2.0,5.0,4.0,1.0,1.6
1418,2.0,0.0,0.0,10,8,8,0,0,0,2,3.0,7.0,4.0,8.0,10.0,12.0,24.40637195656669,39.86313713864836,1.7142857142857142,68.33680652339717,0.0132877123795494,3.796489251299843,1.0,,,5.0,8.0,2.0,2.0,10.0,10.0,,,2.0,,,2.0,,,1.0,,,,1.0,4.0,,,,,,,,,,,,,,,,,,,,,,,,,,,,,,,,,,,,,1.0,,2.0,,,,,,,,,,,,,,,,,,,,,,,,,,,,,,,,,,,2.0,9.0,3.0,,2.0,3.0,1.0,2.0,4.0,7.0,2.0,3.25
1481,12.0,0.0,0.0,28,26,26,0,0,0,2,7.0,25.0,22.0,42.0,32.0,64.0,135.74788919877133,320.0,5.88,1881.6,0.1066666666666666,104.53333333333332,1.0,,,12.0,26.0,12.0,12.0,18.0,18.0,,,12.0,1.0,,,2.0,,8.0,,,,,11.0,1.0,,,,8.0,1.0,1.0,1.0,,,,,,,,,,,,,,,,,,,,,,,,,,,,,6.0,7.0,2.0,,,,,,,,,,,,,,,,,,,,,,,,,,,,,,,,,,,13.0,32.0,1.0,1.0,3.0,2.0,1.0,3.0,4.0,10.0,5.0,7.75
1482,4.0,0.0,0.0,10,9,9,0,0,0,1,3.0,2.0,3.0,6.0,5.0,9.0,6.754887502163469,20.89735285398626,4.5,94.03808784293815,0.006965784284662,5.224338213496565,1.0,,,6.0,9.0,3.0,3.0,12.0,12.0,,,3.0,,,,,,,,,1.0,1.0,3.0,,,,,1.0,,,,,,,,,,,,,,,,,,,,,,,,,,,,,,,,3.0,,1.0,,,,,,,,,,,,,,,,,,,,,,,,,,,,,,,,,,,3.0,6.0,3.0,,3.0,3.0,1.0,2.0,3.0,1.0,1.0,1.0
1483,12.0,0.0,0.0,28,26,26,0,0,0,2,7.0,24.0,22.0,42.0,31.0,64.0,129.690584471711,317.06856386476005,6.125,1942.0449536716555,0.1056895212882533,107.89138631509196,1.0,,,12.0,26.0,12.0,12.0,18.0,18.0,,,12.0,1.0,,,2.0,8.0,,,,,,11.0,1.0,,,,8.0,1.0,1.0,1.0,,,,,,,,,,,,,,,,,,,,,,,,,,,,,9.0,4.0,2.0,,,,,,,,,,,,,,,,,,,,,,,,,,,,,,,,,,,13.0,32.0,1.0,1.0,3.0,2.0,1.0,3.0,4.0,11.0,4.0,7.5
1484,12.0,0.0,0.0,28,26,26,0,0,0,2,7.0,24.0,22.0,42.0,31.0,64.0,129.690584471711,317.06856386476005,6.125,1942.0449536716555,0.1056895212882533,107.89138631509196,1.0,,,12.0,26.0,12.0,12.0,18.0,18.0,,,12.0,,,,2.0,,,,,,,11.0,1.0,,,,8.0,1.0,1.0,1.0,,,,,,,,,,,,,,,,,8.0,,,,,,,,,,,,8.0,4.0,2.0,,,,,,,,,,,,,,,,,,,,,,,,,,,,,,,,,,,13.0,32.0,2.0,,3.0,2.0,1.0,2.0,4.0,11.0,5.0,9.0
1486,12.0,0.0,0.0,28,26,26,0,0,0,2,7.0,23.0,22.0,42.0,30.0,64.0,123.69340944371451,314.0409981189452,6.391304347826087,2007.1315966732584,0.104680332706315,111.50731092629212,1.0,,,12.0,26.0,12.0,12.0,18.0,18.0,,,12.0,,,,2.0,,,,,,,11.0,1.0,,,,8.0,1.0,1.0,1.0,,,,,,,,,,,,,,,,,8.0,,,,,,,,,,,,12.0,,2.0,,,,,,,,,,,,,,,,,,,,,,,,,,,,,,,,,,,13.0,32.0,2.0,,3.0,2.0,1.0,2.0,4.0,11.0,5.0,8.5
1487,12.0,0.0,0.0,28,26,26,0,0,0,2,7.0,22.0,22.0,42.0,29.0,64.0,117.75898006442377,310.91078368816466,6.681818181818182,2077.449327370918,0.1036369278960548,115.41385152060656,1.0,,,12.0,26.0,12.0,12.0,17.0,17.0,,,12.0,,,,2.0,8.0,,,,,,11.0,1.0,,,,8.0,1.0,1.0,1.0,,,,,,,,,,,,,,,,,,,,,,,,,,,,,12.0,,2.0,,,,,,,,,,,,,,,,,,,,,,,,,,,,,,,,,,,13.0,32.0,1.0,,3.0,2.0,1.0,2.0,4.0,11.0,5.0,8.5
1521,2.0,0.0,0.0,12,9,9,0,0,0,3,3.0,7.0,4.0,8.0,10.0,12.0,24.40637195656669,39.86313713864836,1.7142857142857142,68.33680652339717,0.0132877123795494,3.796489251299843,1.0,,,3.0,9.0,1.0,1.0,8.0,8.0,,,1.0,,,2.0,1.0,,,,,,1.0,7.0,,,,,,,,,,,,,,,,,,,,,,,,,,,,,,,,,,,,,3.0,,3.0,,,,,,,,,,,,,,,,,,,,,,,,,,,,,,,,,,,1.0,14.0,3.0,,1.0,3.0,1.0,2.0,5.0,7.0,1.0,3.0
1522,2.0,0.0,0.0,13,10,10,0,0,0,3,3.0,9.0,5.0,10.0,12.0,15.0,33.28421251514428,53.77443751081735,1.6666666666666667,89.62406251802892,0.0179248125036057,4.9791145843349405,1.0,,,4.0,10.0,1.0,1.0,10.0,10.0,,,1.0,,,2.0,2.0,,,,,,1.0,8.0,,,,,,,,,,,,,,,,,,,,,,,,,,,,,,,,,,,,,3.0,,3.0,,,,,,,,,,,,,,,,,,,,,,,,,,,,,,,,,,,1.0,16.0,4.0,,1.0,4.0,1.0,2.0,6.0,6.0,1.0,2.6666666666666665
1523,2.0,0.0,0.0,12,9,9,0,0,0,3,3.0,7.0,4.0,8.0,10.0,12.0,24.40637195656669,39.86313713864836,1.7142857142857142,68.33680652339717,0.0132877123795494,3.796489251299843,1.0,,,3.0,9.0,1.0,1.0,8.0,8.0,,,1.0,,,2.0,1.0,,,,,1.0,,7.0,,,,,,,,,,,,,,,,,,,,,,,,,,,,,,,,,,,,,3.0,,3.0,,,,,,,,,,,,,,,,,,,,,,,,,,,,,,,,,,,1.0,14.0,3.0,,1.0,3.0,1.0,2.0,5.0,6.0,1.0,3.0
1524,2.0,0.0,0.0,12,9,9,0,0,0,3,3.0,7.0,4.0,8.0,10.0,12.0,24.40637195656669,39.86313713864836,1.7142857142857142,68.33680652339717,0.0132877123795494,3.796489251299843,1.0,,,3.0,9.0,1.0,1.0,8.0,8.0,,,1.0,,,2.0,1.0,,,,,,1.0,7.0,,,,,,,,,,,,,,,,,,,,,,,,,,,,,,,,,,,,,3.0,,3.0,,,,,,,,,,,,,,,,,,,,,,,,,,,,,,,,,,,1.0,14.0,3.0,,1.0,3.0,1.0,2.0,5.0,6.0,1.0,3.0
1525,2.0,0.0,0.0,12,9,9,0,0,0,3,3.0,7.0,4.0,8.0,10.0,12.0,24.40637195656669,39.86313713864836,1.7142857142857142,68.33680652339717,0.0132877123795494,3.796489251299843,1.0,,,3.0,9.0,1.0,1.0,8.0,8.0,,,1.0,,,2.0,1.0,,,,,,1.0,7.0,,,,,,,,,,,,,,,,,,,,,,,,,,,,,,,,,,,,,3.0,,3.0,,,,,,,,,,,,,,,,,,,,,,,,,,,,,,,,,,,1.0,14.0,3.0,,1.0,3.0,1.0,2.0,5.0,7.0,4.0,5.6
1526,2.0,0.0,0.0,12,9,9,0,0,0,3,3.0,7.0,4.0,8.0,10.0,12.0,24.40637195656669,39.86313713864836,1.7142857142857142,68.33680652339717,0.0132877123795494,3.796489251299843,1.0,,,3.0,9.0,1.0,1.0,8.0,8.0,,,1.0,,,2.0,1.0,,,,,,1.0,7.0,,,,,,,,,,,,,,,,,,,,,,,,,,,,,,,,,,,,,3.0,,3.0,,,,,,,,,,,,,,,,,,,,,,,,,,,,,,,,,,,1.0,14.0,3.0,,1.0,3.0,1.0,2.0,5.0,5.0,1.0,2.6
1527,2.0,0.0,0.0,14,10,10,1,1,0,3,4.0,11.0,8.0,16.0,15.0,24.0,46.05374780501028,93.76537429460444,2.909090909090909,272.7719979479402,0.0312551247648681,15.153999885996676,1.0,,,4.0,10.0,1.0,1.0,12.0,12.0,,,1.0,,,3.0,,2.0,2.0,,,,,8.0,,,,,,,,1.0,,,,,,,,,,,,,,,,,,,,,,,,,,,,,2.0,5.0,4.0,,,,,,,,,,,,,,,,,,,,,,,,,,,,,,,,,,,1.0,16.0,4.0,,1.0,4.0,2.0,2.0,5.0,11.0,4.0,8.0
1528,2.0,0.0,0.0,12,9,9,0,0,0,3,4.0,9.0,5.0,10.0,13.0,15.0,36.52932501298081,55.506595772116384,2.2222222222222223,123.34799060470309,0.0185021985907054,6.852666144705727,1.0,,,3.0,9.0,1.0,1.0,8.0,8.0,,,1.0,,,2.0,1.0,1.0,,,,,1.0,7.0,,,,,,,,,,,,,,,,,,,,,,,,,,,,,,,,,,,,,4.0,,3.0,,,,,,,,,,,,,,,,,,,,,,,,,,,,,,,,,,,1.0,14.0,3.0,,1.0,3.0,1.0,2.0,5.0,8.0,3.0,5.4
1529,2.0,0.0,0.0,14,10,10,1,1,0,3,4.0,13.0,9.0,18.0,17.0,27.0,56.1057163358342,110.36149671375918,2.769230769230769,305.6164524381023,0.036787165571253,16.978691802116796,1.0,,,4.0,10.0,1.0,1.0,12.0,12.0,,,1.0,,,4.0,,2.0,2.0,,,1.0,,8.0,,,,,,,,,,,,,,,,,,,,,,,,,,,,,,,,,,,,,3.0,5.0,4.0,,,,,,,,,,,,,,,,,,,,,,,,,,,,,,,,,,,1.0,16.0,4.0,,1.0,4.0,2.0,2.0,5.0,7.0,3.0,5.0
1530,2.0,0.0,0.0,14,10,10,1,1,0,3,4.0,13.0,9.0,18.0,17.0,27.0,56.1057163358342,110.36149671375918,2.769230769230769,305.6164524381023,0.036787165571253,16.978691802116796,1.0,,,4.0,10.0,1.0,1.0,12.0,12.0,,,1.0,,,4.0,,2.0,2.0,,,1.0,,8.0,,,,,,,,,,,,,,,,,,,,,,,,,,,,,,,,,,,,,3.0,5.0,4.0,,,,,,,,,,,,,,,,,,,,,,,,,,,,,,,,,,,1.0,16.0,4.0,,1.0,4.0,2.0,2.0,5.0,8.0,4.0,5.8
1531,2.0,0.0,0.0,31,12,12,10,10,0,9,6.0,12.0,9.0,17.0,18.0,26.0,58.52932501298082,108.41805003750012,4.25,460.77671265937545,0.0361393500125,25.5987062588542,1.0,,,2.0,12.0,1.0,1.0,9.0,9.0,,,1.0,1.0,,2.0,1.0,4.0,1.0,,,1.0,,9.0,,,,,,,,,,,,,1.0,,,,,,,,,,,,,,,,,,,,,,,,7.0,10.0,19.0,,,,,,,,,,,,,,,,,,,,,,,,,,,,,,,,,,,3.0,22.0,1.0,2.0,1.0,2.0,1.0,4.0,8.0,9.0,1.0,4.625
1532,2.0,0.0,0.0,31,12,12,10,10,0,9,5.0,14.0,10.0,20.0,19.0,30.0,64.91260938324326,127.43782540330756,3.571428571428572,455.1350907260984,0.0424792751344358,25.28528281811658,1.0,,,2.0,12.0,1.0,1.0,9.0,9.0,,,1.0,1.0,,4.0,,4.0,1.0,,,1.0,,9.0,,,,,,,,,,,,,1.0,,,,,,,,,,,,,,,,,,,,,,,,9.0,10.0,19.0,,,,,,,,,,,,,,,,,,,,,,,,,,,,,,,,,,,3.0,22.0,1.0,2.0,1.0,2.0,1.0,4.0,8.0,9.0,1.0,4.625
1533,2.0,0.0,0.0,31,12,12,10,10,0,9,5.0,12.0,8.0,16.0,17.0,24.0,54.62919048309069,98.09910819000817,3.333333333333333,326.99702730002724,0.0326997027300027,18.16650151666818,1.0,,,2.0,12.0,1.0,1.0,9.0,9.0,,,1.0,1.0,,2.0,,4.0,1.0,,,1.0,,9.0,,,,,,,,,,,,,1.0,,,,,,,,,,,,,,,,,,,,,,,,7.0,10.0,19.0,,,,,,,,,,,,,,,,,,,,,,,,,,,,,,,,,,,3.0,22.0,1.0,2.0,1.0,2.0,1.0,4.0,8.0,9.0,1.0,4.625
1534,2.0,0.0,0.0,30,12,12,10,10,0,8,5.0,14.0,10.0,20.0,19.0,30.0,64.91260938324326,127.43782540330756,3.571428571428572,455.1350907260984,0.0424792751344358,25.28528281811658,1.0,,,2.0,12.0,1.0,1.0,9.0,9.0,,,1.0,1.0,,4.0,,4.0,1.0,,,1.0,,9.0,,,,,,,,,,,,,1.0,,,,,,,,,,,,,,,,,,,,,,,,9.0,10.0,18.0,,,,,,,,,,,,,,,,,,,,,,,,,,,,,,,,,,,3.0,21.0,1.0,2.0,1.0,2.0,1.0,4.0,7.0,8.0,1.0,4.0
1535,2.0,0.0,0.0,30,12,12,10,10,0,8,6.0,14.0,11.0,21.0,20.0,32.0,68.81274391313339,138.3016990363956,4.5,622.3576456637802,0.0461005663454652,34.5754247590989,1.0,,,2.0,12.0,1.0,1.0,9.0,9.0,,,1.0,1.0,,4.0,1.0,4.0,1.0,,,1.0,,9.0,,,,,,,,,,,,,1.0,,,,,,,,,,,,,,,,,,,,,,,,9.0,10.0,18.0,,,,,,,,,,,,,,,,,,,,,,,,,,,,,,,,,,,3.0,21.0,1.0,2.0,1.0,2.0,1.0,4.0,7.0,8.0,1.0,4.0
1536,2.0,0.0,0.0,30,12,12,10,10,0,8,6.0,9.0,7.0,13.0,15.0,20.0,44.03910001730775,78.13781191217038,4.333333333333333,338.5971849527383,0.0260459373040567,18.810954719596573,1.0,,,2.0,12.0,1.0,1.0,9.0,9.0,,,1.0,1.0,,2.0,1.0,2.0,1.0,,,,,9.0,,,,,,,1.0,,,,,,1.0,,,,,,,,,,,,,,,,,,,,,,,,5.0,10.0,18.0,,,,,,,,,,,,,,,,,,,,,,,,,,,,,,,,,,,3.0,21.0,1.0,2.0,1.0,2.0,1.0,4.0,7.0,8.0,1.0,4.0
1537,2.0,0.0,0.0,31,12,12,10,10,0,9,5.0,10.0,6.0,12.0,15.0,18.0,44.82892142331043,70.32403072095333,3.0,210.97209216286,0.0234413435736511,11.720671786825555,1.0,,,2.0,12.0,1.0,1.0,9.0,9.0,,,1.0,1.0,,2.0,,2.0,1.0,,,1.0,,9.0,,,,,,,,,,,,,1.0,,,,,,,,,,,,,,,,,,,,,,,,5.0,10.0,19.0,,,,,,,,,,,,,,,,,,,,,,,,,,,,,,,,,,,3.0,22.0,1.0,2.0,1.0,2.0,1.0,4.0,8.0,9.0,1.0,4.625
1538,2.0,0.0,0.0,31,12,12,10,10,0,9,5.0,10.0,7.0,13.0,15.0,20.0,44.82892142331043,78.13781191217038,3.25,253.94788871455373,0.0260459373040567,14.10821603969743,1.0,,,2.0,12.0,1.0,1.0,8.0,8.0,,,1.0,1.0,,2.0,1.0,3.0,,,,1.0,,9.0,,,,,,,,,,,,,1.0,,,,,,,,,,,,,,,,,,,,,,,,6.0,10.0,19.0,,,,,,,,,,,,,,,,,,,,,,,,,,,,,,,,,,,3.0,20.0,1.0,2.0,1.0,2.0,1.0,4.0,7.0,8.0,1.0,4.0
1539,2.0,0.0,0.0,29,11,11,10,10,0,8,5.0,8.0,6.0,11.0,13.0,17.0,35.60964047443681,62.907475208398566,3.4375,216.24444602887007,0.0209691584027995,12.013580334937226,1.0,,,2.0,11.0,1.0,1.0,8.0,8.0,,,1.0,1.0,,2.0,1.0,1.0,,,,1.0,,9.0,,,,,,,,,,,,,1.0,,,,,,,,,,,,,,,,,,,,,,,,5.0,10.0,18.0,,,,,,,,,,,,,,,,,,,,,,,,,,,,,,,,,,,1.0,19.0,1.0,2.0,1.0,2.0,1.0,4.0,6.0,8.0,1.0,4.0
1540,2.0,0.0,0.0,39,13,12,11,11,6,10,6.0,11.0,8.0,15.0,17.0,23.0,53.563522809337215,94.01164534875782,4.090909090909091,384.59309460855474,0.0313372151162526,21.3662830338086,1.0,,,3.0,13.0,1.0,1.0,9.0,9.0,,,1.0,1.0,,2.0,1.0,3.0,1.0,,,1.0,,9.0,,,,,,,,,,,,,1.0,,,,,,,,,,,,,,,,,,,,,,,,6.0,11.0,21.0,,,,,,,,,,,,,,,,,,,,,,,,,,,,,,,,,,,3.0,22.0,1.0,2.0,1.0,2.0,1.0,4.0,8.0,9.0,1.0,4.625
1593,2.0,0.0,0.0,25,12,11,4,2,7,5,4.0,8.0,6.0,12.0,12.0,18.0,32.0,64.52932501298082,3.0,193.5879750389425,0.0215097750043269,10.75488750216347,1.0,,,2.0,12.0,1.0,1.0,7.0,7.0,1.0,1.0,1.0,1.0,1.0,3.0,,2.0,1.0,,,1.0,,8.0,,,,,,,,,,,,,,,,,,,,,,,,,,,,,,,,,,,,,5.0,4.0,7.0,,,,,,,,,,,,,,,,,,,,,,,,,,,,,,,,,,,3.0,23.0,,2.0,1.0,1.0,0.0,4.0,8.0,5.0,1.0,3.625
1594,2.0,0.0,0.0,22,9,8,4,2,7,5,3.0,7.0,5.0,10.0,10.0,15.0,24.40637195656669,49.82892142331044,2.142857142857143,106.77626019280808,0.0166096404744368,5.932014455156004,1.0,,,2.0,9.0,1.0,1.0,7.0,7.0,1.0,1.0,1.0,,,3.0,,2.0,,,,1.0,,5.0,,,,,,,,,,,,,,,,,,,,,,,,,,,,,,,,,,,,,4.0,4.0,7.0,,,,,,,,,,,,,,,,,,,,,,,,,,,,,,,,,,,3.0,16.0,,1.0,1.0,1.0,0.0,3.0,6.0,5.0,1.0,3.333333333333333
1595,1.0,0.0,0.0,17,7,6,1,1,7,3,2.0,6.0,3.0,6.0,8.0,9.0,17.509775004326936,27.0,1.0,27.0,0.009,1.5,1.0,,,2.0,7.0,,,9.0,9.0,,,,1.0,,,2.0,1.0,1.0,,,,,4.0,,,,,,,,,,,,,,,,,,,,,,,,,,,,,,,,,,,,,2.0,1.0,4.0,,,,,,,,,,,,,,,,,,,,,,,,,,,,,,,,,,,2.0,13.0,,4.0,1.0,1.0,0.0,6.0,7.0,5.0,1.0,4.142857142857143
1596,1.0,0.0,0.0,17,7,6,1,1,7,3,2.0,5.0,3.0,6.0,7.0,9.0,13.60964047443681,25.26619429851844,1.2,30.319433158222125,0.0084220647661728,1.6844129532345624,1.0,,,2.0,7.0,,,9.0,9.0,,,,1.0,,,2.0,1.0,1.0,,,,,4.0,,,,,,,,,,,,,,,,,,,,,,,,,,,,,,,,,,,,,2.0,1.0,4.0,,,,,,,,,,,,,,,,,,,,,,,,,,,,,,,,,,,2.0,13.0,,4.0,1.0,1.0,0.0,6.0,6.0,5.0,1.0,4.0
1597,3.0,0.0,0.0,22,10,9,1,1,7,5,4.0,8.0,5.0,10.0,12.0,15.0,32.0,53.77443751081735,2.5,134.43609377704337,0.0179248125036057,7.468671876502409,1.0,,,2.0,10.0,2.0,2.0,9.0,9.0,1.0,1.0,2.0,1.0,,2.0,1.0,1.0,,,,1.0,1.0,5.0,,,,,,,,,,,,,,,,,,,,,,,,,,,,,,,,,,,,,6.0,1.0,6.0,,,,,,,,,,,,,,,,,,,,,,,,,,,,,,,,,,,4.0,16.0,,3.0,1.0,1.0,0.0,5.0,6.0,9.0,1.0,4.166666666666667
1598,3.0,0.0,0.0,22,10,9,1,1,7,5,4.0,8.0,5.0,10.0,12.0,15.0,32.0,53.77443751081735,2.5,134.43609377704337,0.0179248125036057,7.468671876502409,1.0,,,2.0,10.0,2.0,2.0,9.0,9.0,1.0,1.0,2.0,1.0,,2.0,1.0,1.0,,,,1.0,1.0,5.0,,,,,,,,,,,,,,,,,,,,,,,,,,,,,,,,,,,,,5.0,2.0,6.0,,,,,,,,,,,,,,,,,,,,,,,,,,,,,,,,,,,4.0,16.0,,3.0,1.0,1.0,0.0,5.0,6.0,9.0,1.0,4.166666666666667
1599,3.0,0.0,0.0,22,10,9,1,1,7,5,5.0,10.0,6.0,12.0,15.0,18.0,44.82892142331043,70.32403072095333,3.0,210.97209216286,0.0234413435736511,11.720671786825555,1.0,,,2.0,10.0,2.0,2.0,9.0,9.0,2.0,2.0,2.0,1.0,,2.0,1.0,2.0,,,,1.0,1.0,5.0,,,,,,,,,,,,,,,,,,,,,,,,,,,,,,,,,,,,,5.0,2.0,6.0,,,,,,,,,,,,,,,,,,,,,,,,,,,,,,,,,,,4.0,18.0,,3.0,1.0,1.0,0.0,5.0,6.0,9.0,1.0,4.166666666666667
1600,3.0,0.0,0.0,22,10,9,1,1,7,5,5.0,10.0,6.0,12.0,15.0,18.0,44.82892142331043,70.32403072095333,3.0,210.97209216286,0.0234413435736511,11.720671786825555,1.0,,,2.0,10.0,2.0,2.0,9.0,9.0,2.0,2.0,2.0,1.0,,2.0,1.0,2.0,,,,1.0,1.0,5.0,,,,,,,,,,,,,,,,,,,,,,,,,,,,,,,,,,,,,5.0,2.0,6.0,,,,,,,,,,,,,,,,,,,,,,,,,,,,,,,,,,,4.0,18.0,,3.0,1.0,1.0,0.0,5.0,6.0,9.0,1.0,4.166666666666667
1601,3.0,0.0,0.0,28,12,11,1,1,9,7,2.0,5.0,3.0,6.0,7.0,9.0,13.60964047443681,25.26619429851844,1.2,30.319433158222125,0.0084220647661728,1.6844129532345624,1.0,,,2.0,12.0,2.0,2.0,7.0,7.0,3.0,3.0,2.0,,,1.0,,1.0,,,,2.0,,7.0,,,,,,,,,,,,,,,,,,,,,,,,,,,,,,,,,,,,,4.0,1.0,6.0,,,,,,,,,,,,,,,,,,,,,,,,,,,,,,,,,,,4.0,21.0,,1.0,1.0,1.0,0.0,3.0,7.0,14.0,1.0,5.428571428571429
1602,3.0,0.0,0.0,28,12,11,1,1,9,7,3.0,5.0,3.0,6.0,8.0,9.0,16.36452797660028,27.0,1.8,48.6,0.009,2.7,1.0,,,2.0,12.0,2.0,2.0,7.0,7.0,3.0,3.0,2.0,,,1.0,,1.0,,,,1.0,1.0,7.0,,,,,,,,,,,,,,,,,,,,,,,,,,,,,,,,,,,,,4.0,1.0,6.0,,,,,,,,,,,,,,,,,,,,,,,,,,,,,,,,,,,4.0,21.0,,1.0,1.0,1.0,0.0,3.0,7.0,12.0,1.0,4.857142857142857
1603,5.0,0.0,0.0,26,14,13,1,1,7,5,3.0,13.0,8.0,16.0,16.0,24.0,52.86060383799767,96.0,1.8461538461538465,177.23076923076923,0.032,9.846153846153848,1.0,,,2.0,14.0,4.0,4.0,8.0,8.0,4.0,4.0,4.0,,,4.0,,1.0,,,,1.0,,7.0,,,,,3.0,,,,,,,,,,,,,,,,,,,,,,,,,,,,,,,,10.0,1.0,6.0,,,,,,,,,,,,,,,,,,,,,,,,,,,,,,,,,,,6.0,22.0,,1.0,1.0,1.0,0.0,3.0,5.0,6.0,1.0,3.6
1604,6.0,0.0,0.0,28,16,15,1,1,7,5,3.0,15.0,10.0,20.0,18.0,30.0,63.35824643629125,125.09775004326936,2.0,250.1955000865388,0.0416992500144231,13.899750004807707,1.0,,,2.0,16.0,5.0,5.0,10.0,10.0,4.0,4.0,5.0,,,5.0,,1.0,,,,1.0,,8.0,,,,,4.0,,,,,,,,,,,,,,,,,,,,,,,,,,,,,,,,11.0,1.0,6.0,,,,,,,,,,,,,,,,,,,,,,,,,,,,,,,,,,,7.0,27.0,,1.0,1.0,1.0,0.0,3.0,6.0,6.0,1.0,3.6666666666666665
1605,5.0,0.0,0.0,26,14,13,1,1,7,5,5.0,9.0,8.0,16.0,14.0,24.0,40.13896548741762,91.37651812938248,4.444444444444445,406.1178583528111,0.0304588393764608,22.56210324182284,1.0,,,2.0,14.0,4.0,4.0,10.0,10.0,3.0,3.0,4.0,1.0,,1.0,,3.0,1.0,,,1.0,,7.0,,,,,3.0,,,,,,,,,,,,,,,,,,,,,,,,,,,,,,,,10.0,1.0,6.0,,,,,,,,,,,,,,,,,,,,,,,,,,,,,,,,,,,6.0,23.0,,2.0,1.0,1.0,0.0,4.0,6.0,6.0,1.0,3.6666666666666665
1606,2.0,0.0,0.0,21,9,8,1,1,7,5,3.0,8.0,6.0,12.0,11.0,18.0,28.75488750216347,62.26976913547136,2.25,140.10698055481055,0.0207565897118237,7.78372114193392,1.0,,,2.0,9.0,1.0,1.0,7.0,7.0,2.0,2.0,1.0,,1.0,3.0,2.0,1.0,,,,1.0,,5.0,,,,,,,,,,,,,,,,,,,,,,,,,,,,,,,,,,,,,5.0,1.0,6.0,,,,,,,,,,,,,,,,,,,,,,,,,,,,,,,,,,,3.0,17.0,,2.0,1.0,1.0,0.0,4.0,6.0,5.0,1.0,3.5
1607,2.0,0.0,0.0,21,9,8,1,1,7,5,4.0,9.0,7.0,14.0,13.0,21.0,36.52932501298081,77.70923408096293,3.111111111111111,241.762061585218,0.0259030780269876,13.431225643623222,1.0,,,2.0,9.0,1.0,1.0,7.0,7.0,2.0,2.0,1.0,,1.0,3.0,2.0,2.0,,,,1.0,,5.0,,,,,,,,,,,,,,,,,,,,,,,,,,,,,,,,,,,,,6.0,1.0,6.0,,,,,,,,,,,,,,,,,,,,,,,,,,,,,,,,,,,3.0,17.0,,2.0,1.0,1.0,0.0,4.0,6.0,5.0,1.0,3.5
1608,3.0,0.0,0.0,27,11,10,1,1,9,7,3.0,6.0,4.0,8.0,9.0,12.0,20.264662506490406,38.03910001730775,2.0,76.0782000346155,0.0126797000057692,4.226566668589751,1.0,,,2.0,11.0,2.0,2.0,7.0,7.0,1.0,1.0,2.0,,1.0,2.0,,1.0,,,,1.0,1.0,6.0,,,,,,,,,,,,,,,,,,,,,,,,,,,,,,,,,,,,,5.0,1.0,6.0,,,,,,,,,,,,,,,,,,,,,,,,,,,,,,,,,,,4.0,17.0,,1.0,1.0,1.0,0.0,3.0,6.0,8.0,1.0,4.666666666666667
1609,4.0,0.0,0.0,31,14,13,1,1,9,8,5.0,7.0,5.0,9.0,12.0,14.0,31.26112492884004,50.18947501009619,3.2142857142857144,161.32331253245204,0.0167298250033653,8.962406251802891,1.0,,,6.0,14.0,4.0,4.0,11.0,11.0,1.0,1.0,4.0,1.0,1.0,1.0,1.0,1.0,,,,1.0,,6.0,1.0,,,,1.0,,,1.0,,,,,,,,,,,,,,,,,,,,,,,,,,,,,4.0,1.0,7.0,,,,,,,,,,,,,,,,,,,,,,,,,,,,,,,,,,,6.0,19.0,,1.0,2.0,2.0,0.0,3.0,8.0,10.0,1.0,5.625
1610,2.0,0.0,0.0,24,9,8,1,1,9,6,2.0,5.0,3.0,6.0,7.0,9.0,13.60964047443681,25.26619429851844,1.2,30.319433158222125,0.0084220647661728,1.6844129532345624,1.0,,,3.0,9.0,1.0,1.0,6.0,6.0,1.0,1.0,1.0,,,2.0,,1.0,,,,1.0,,5.0,1.0,,,,,,,,,,,,,,,,,,,,,,,,,,,,,,,,,,,,3.0,1.0,5.0,,,,,,,,,,,,,,,,,,,,,,,,,,,,,,,,,,,3.0,15.0,1.0,,1.0,1.0,1.0,2.0,6.0,5.0,1.0,4.0
1611,7.0,0.0,0.0,27,12,11,1,1,9,6,4.0,21.0,10.0,23.0,25.0,33.0,100.23866587835396,153.24725426256592,2.1904761904761907,335.6844617180016,0.0510824180875219,18.6491367621112,1.0,,,7.0,12.0,3.0,3.0,6.0,6.0,5.0,5.0,3.0,1.0,,3.0,,1.0,,,,1.0,,6.0,,,,,5.0,,,,,,,,,,,,,,,,,,,,,,,,,,,,,,,,4.0,3.0,5.0,,,,,,,,,,,,,,,,,,,,,,,,,,,,,,,,,,,9.0,23.0,,2.0,1.0,1.0,0.0,4.0,4.0,7.0,1.0,4.5
1613,7.0,0.0,0.0,45,19,18,1,1,16,10,4.0,29.0,17.0,34.0,33.0,51.0,148.8814488586996,257.2641000872811,2.3448275862068964,603.2399588253488,0.0857547000290937,33.51333104585271,1.0,,,8.0,19.0,6.0,6.0,15.0,15.0,10.0,10.0,6.0,1.0,,6.0,,6.0,,,,1.0,,10.0,,,,,5.0,,,,,,,,,,,,,,,,,,,,,,,,,,,,,,,,4.0,6.0,6.0,,,,,,,,,,,,,,,,,,,,,,,,,,,,,,,,,,,8.0,43.0,,3.0,1.0,2.0,0.0,4.0,7.0,10.0,1.0,5.428571428571429
1614,7.0,0.0,0.0,36,19,18,1,1,10,7,4.0,29.0,17.0,34.0,33.0,51.0,148.8814488586996,257.2641000872811,2.3448275862068964,603.2399588253488,0.0857547000290937,33.51333104585271,1.0,,,8.0,19.0,6.0,6.0,14.0,14.0,10.0,10.0,6.0,,,6.0,,6.0,,,,1.0,,10.0,,,,,5.0,,,,,,,,,,,,,,,,,,,,,,,,,,,,,,,,3.0,6.0,6.0,,,,,,,,,,,,,,,,,,,,,,,,,,,,,,,,,,,8.0,43.0,,2.0,1.0,2.0,0.0,3.0,7.0,9.0,1.0,5.285714285714286
1615,10.0,0.0,0.0,47,27,26,1,1,10,10,4.0,16.0,16.0,32.0,20.0,48.0,72.0,207.45254855459345,4.0,829.8101942183737,0.0691508495181978,46.1005663454652,1.0,,,6.0,27.0,10.0,10.0,19.0,19.0,6.0,6.0,10.0,,,7.0,,1.0,,,,1.0,2.0,12.0,,,,,6.0,,,,,,,,,,,,,,,,,,,,,,,,,,,,,,,,16.0,1.0,8.0,,,,,,,,,,,,,,,,,,,,,,,,,,,,,,,,,,,12.0,41.0,,2.0,3.0,2.0,0.0,3.0,8.0,7.0,1.0,4.125
1616,7.0,0.0,0.0,36,19,18,1,1,10,7,4.0,29.0,17.0,34.0,33.0,51.0,148.8814488586996,257.2641000872811,2.3448275862068964,603.2399588253488,0.0857547000290937,33.51333104585271,1.0,,,8.0,19.0,6.0,6.0,14.0,14.0,10.0,10.0,6.0,,,6.0,,6.0,,,,1.0,,10.0,,,,,5.0,,,,,,,,,,,,,,,,,,,,,,,,,,,,,,,,8.0,1.0,6.0,,,,,,,,,,,,,,,,,,,,,,,,,,,,,,,,,,,8.0,43.0,,2.0,1.0,2.0,0.0,3.0,7.0,6.0,1.0,4.428571428571429
1617,7.0,0.0,0.0,36,19,18,1,1,10,7,4.0,29.0,17.0,34.0,33.0,51.0,148.8814488586996,257.2641000872811,2.3448275862068964,603.2399588253488,0.0857547000290937,33.51333104585271,1.0,,,8.0,19.0,6.0,6.0,14.0,14.0,10.0,10.0,6.0,,,6.0,,6.0,,,,1.0,,10.0,,,,,5.0,,,,,,,,,,,,,,,,,,,,,,,,,,,,,,,,8.0,1.0,6.0,,,,,,,,,,,,,,,,,,,,,,,,,,,,,,,,,,,8.0,43.0,,2.0,1.0,2.0,0.0,3.0,7.0,7.0,1.0,4.714285714285714
1618,4.0,0.0,0.0,26,14,13,1,1,7,5,4.0,22.0,15.0,30.0,26.0,45.0,106.10749561002054,211.5197873163492,2.727272727272727,576.8721472264068,0.0705065957721163,32.048452623689265,1.0,,,6.0,14.0,4.0,4.0,15.0,15.0,3.0,3.0,4.0,,,8.0,4.0,1.0,,,,1.0,,7.0,,,,,2.0,,,,,,,,,,,,,,,,,,,,,,,,,,,,,,,,5.0,1.0,6.0,,,,,,,,,,,,,,,,,,,,,,,,,,,,,,,,,,,6.0,32.0,4.0,1.0,1.0,1.0,1.0,3.0,6.0,5.0,1.0,3.5
1619,4.0,0.0,0.0,31,14,13,1,1,10,7,4.0,17.0,10.0,20.0,21.0,30.0,77.48686830125578,131.76952268336282,2.3529411764705883,310.0459357255596,0.0439231742277876,17.224774206975535,1.0,,,5.0,14.0,3.0,3.0,12.0,12.0,4.0,4.0,3.0,1.0,,3.0,,5.0,,,,1.0,,8.0,,,,,2.0,,,,,,,,,,,,,,,,,,,,,,,,,,,,,,,,6.0,2.0,6.0,,,,,,,,,,,,,,,,,,,,,,,,,,,,,,,,,,,5.0,28.0,,3.0,1.0,2.0,0.0,4.0,8.0,6.0,1.0,4.625
1620,2.0,0.0,0.0,28,11,10,1,1,10,7,4.0,11.0,6.0,12.0,15.0,18.0,46.05374780501028,70.32403072095333,2.1818181818181817,153.43424884571635,0.0234413435736511,8.52412493587313,1.0,,,3.0,11.0,1.0,1.0,10.0,10.0,2.0,2.0,1.0,1.0,,2.0,,3.0,1.0,,,1.0,,7.0,,,,,,,,,,,,,,,,,,,,,,,,,,,,,,,,,,,,,6.0,1.0,6.0,,,,,,,,,,,,,,,,,,,,,,,,,,,,,,,,,,,3.0,21.0,,3.0,1.0,2.0,0.0,4.0,8.0,18.0,1.0,7.625
1621,7.0,0.0,0.0,37,19,18,1,1,10,8,4.0,29.0,17.0,34.0,33.0,51.0,148.8814488586996,257.2641000872811,2.3448275862068964,603.2399588253488,0.0857547000290937,33.51333104585271,1.0,,,8.0,19.0,6.0,6.0,15.0,15.0,10.0,10.0,6.0,1.0,,6.0,,6.0,,,,1.0,,10.0,,,,,5.0,,,,,,,,,,,,,,,,,,,,,,,,,,,,,,,,4.0,6.0,7.0,,,,,,,,,,,,,,,,,,,,,,,,,,,,,,,,,,,8.0,43.0,,3.0,1.0,2.0,0.0,4.0,7.0,8.0,1.0,4.714285714285714
1622,3.0,0.0,0.0,30,13,12,1,1,10,7,4.0,7.0,5.0,10.0,11.0,15.0,27.651484454403228,51.89147427955947,2.857142857142857,148.26135508445563,0.0172971580931864,8.236741949136423,1.0,,,3.0,13.0,2.0,2.0,10.0,10.0,2.0,2.0,2.0,,1.0,2.0,1.0,1.0,,,,1.0,1.0,8.0,,,,,,,,,,,,,,,,,,,,,,,,,,,,,,,,,,,,,5.0,1.0,6.0,,,,,,,,,,,,,,,,,,,,,,,,,,,,,,,,,,,4.0,23.0,,2.0,1.0,2.0,0.0,3.0,7.0,8.0,1.0,4.857142857142857
1639,5.0,0.0,0.0,25,15,14,3,1,5,5,3.0,9.0,6.0,12.0,12.0,18.0,33.28421251514428,64.52932501298082,2.0,129.05865002596164,0.0215097750043269,7.169925001442313,1.0,,,2.0,15.0,4.0,4.0,12.0,12.0,3.0,3.0,4.0,1.0,,2.0,,1.0,,,,,,8.0,,2.0,,,2.0,,,,,,,,,,,,,,,,,,,,,,,,,,,,,,,,8.0,3.0,6.0,,,,,,,,,,,,,,,,,,,,,,,,,,,,,,,,,,,8.0,28.0,3.0,1.0,2.0,1.0,2.0,3.0,10.0,5.0,1.0,3.2
1640,5.0,0.0,0.0,25,15,14,3,1,5,5,3.0,9.0,6.0,12.0,12.0,18.0,33.28421251514428,64.52932501298082,2.0,129.05865002596164,0.0215097750043269,7.169925001442313,1.0,,,2.0,15.0,4.0,4.0,12.0,12.0,3.0,3.0,4.0,1.0,,2.0,,1.0,,,,,,8.0,,2.0,,,,2.0,,,,,,,,,,,,,,,,,,,,,,,,,,,,,,,8.0,3.0,6.0,,,,,,,,,,,,,,,,,,,,,,,,,,,,,,,,,,,8.0,28.0,3.0,1.0,2.0,1.0,2.0,3.0,10.0,6.0,1.0,3.4
1641,5.0,0.0,0.0,25,15,14,3,1,5,5,3.0,9.0,6.0,12.0,12.0,18.0,33.28421251514428,64.52932501298082,2.0,129.05865002596164,0.0215097750043269,7.169925001442313,1.0,,,2.0,15.0,4.0,4.0,12.0,12.0,3.0,3.0,4.0,1.0,,2.0,,1.0,,,,,,8.0,,2.0,,,2.0,,,,,,,,,,,,,,,,,,,,,,,,,,,,,,,,8.0,3.0,6.0,,,,,,,,,,,,,,,,,,,,,,,,,,,,,,,,,,,8.0,28.0,3.0,1.0,2.0,1.0,2.0,3.0,10.0,6.0,1.0,3.4
1642,5.0,0.0,0.0,25,15,14,3,1,5,5,3.0,9.0,6.0,12.0,12.0,18.0,33.28421251514428,64.52932501298082,2.0,129.05865002596164,0.0215097750043269,7.169925001442313,1.0,,,2.0,15.0,4.0,4.0,12.0,12.0,3.0,3.0,4.0,1.0,,2.0,,1.0,,,,,,8.0,,2.0,,,2.0,,,,,,,,,,,,,,,,,,,,,,,,,,,,,,,,8.0,3.0,6.0,,,,,,,,,,,,,,,,,,,,,,,,,,,,,,,,,,,8.0,28.0,3.0,1.0,2.0,1.0,2.0,3.0,10.0,6.0,1.0,3.4
1643,5.0,0.0,0.0,25,15,14,3,1,5,5,2.0,6.0,4.0,8.0,8.0,12.0,17.509775004326936,36.0,1.3333333333333333,48.0,0.012,2.6666666666666665,1.0,,,2.0,15.0,4.0,4.0,12.0,12.0,3.0,3.0,4.0,1.0,,2.0,,1.0,,,,,,8.0,,,,,,,,2.0,,,,,,,,,,,,,,,,,,,,,,,,,,,,,6.0,3.0,6.0,,,,,,,,,,,,,,,,,,,,,,,,,,,,,,,,,,,8.0,28.0,3.0,1.0,2.0,1.0,2.0,3.0,10.0,9.0,1.0,3.7
1644,5.0,0.0,0.0,25,15,14,3,1,5,5,2.0,6.0,4.0,8.0,8.0,12.0,17.509775004326936,36.0,1.3333333333333333,48.0,0.012,2.6666666666666665,1.0,,,2.0,15.0,4.0,4.0,12.0,12.0,3.0,3.0,4.0,1.0,,2.0,,1.0,,,,2.0,,8.0,,,,,,,,,,,,,,,,,,,,,,,,,,,,,,,,,,,,,6.0,3.0,6.0,,,,,,,,,,,,,,,,,,,,,,,,,,,,,,,,,,,8.0,28.0,3.0,1.0,2.0,1.0,2.0,3.0,10.0,10.0,1.0,3.8
1645,5.0,0.0,0.0,25,15,14,3,1,5,5,2.0,6.0,4.0,8.0,8.0,12.0,17.509775004326936,36.0,1.3333333333333333,48.0,0.012,2.6666666666666665,1.0,,,2.0,15.0,4.0,4.0,12.0,12.0,3.0,3.0,4.0,1.0,,2.0,,1.0,,,,,,8.0,,,,,,,,2.0,,,,,,,,,,,,,,,,,,,,,,,,,,,,,6.0,3.0,6.0,,,,,,,,,,,,,,,,,,,,,,,,,,,,,,,,,,,8.0,28.0,3.0,1.0,2.0,1.0,2.0,3.0,10.0,5.0,1.0,3.3
1646,5.0,0.0,0.0,25,15,14,3,1,5,5,2.0,6.0,4.0,8.0,8.0,12.0,17.509775004326936,36.0,1.3333333333333333,48.0,0.012,2.6666666666666665,1.0,,,2.0,15.0,4.0,4.0,12.0,12.0,3.0,3.0,4.0,1.0,,2.0,,1.0,,,,,,8.0,,,,,,,2.0,,,,,,,,,,,,,,,,,,,,,,,,,,,,,,6.0,3.0,6.0,,,,,,,,,,,,,,,,,,,,,,,,,,,,,,,,,,,8.0,28.0,3.0,1.0,2.0,1.0,2.0,3.0,10.0,6.0,1.0,3.4
1647,5.0,0.0,0.0,29,15,14,3,1,8,6,2.0,6.0,4.0,8.0,8.0,12.0,17.509775004326936,36.0,1.3333333333333333,48.0,0.012,2.6666666666666665,1.0,,,2.0,15.0,4.0,4.0,12.0,12.0,3.0,3.0,4.0,1.0,,2.0,,1.0,,,,,,8.0,,,,,,,,2.0,,,,,,,,,,,,,,,,,,,,,,,,,,,,,6.0,3.0,6.0,,,,,,,,,,,,,,,,,,,,,,,,,,,,,,,,,,,8.0,28.0,3.0,1.0,2.0,1.0,2.0,3.0,10.0,6.0,1.0,3.4
1648,5.0,0.0,0.0,25,15,14,3,1,5,5,2.0,6.0,4.0,8.0,8.0,12.0,17.509775004326936,36.0,1.3333333333333333,48.0,0.012,2.6666666666666665,1.0,,,2.0,15.0,4.0,4.0,12.0,12.0,3.0,3.0,4.0,1.0,,2.0,,1.0,,,,2.0,,8.0,,,,,,,,,,,,,,,,,,,,,,,,,,,,,,,,,,,,,6.0,3.0,6.0,,,,,,,,,,,,,,,,,,,,,,,,,,,,,,,,,,,8.0,28.0,3.0,1.0,2.0,1.0,2.0,3.0,10.0,10.0,1.0,3.8
1649,6.0,0.0,0.0,33,17,16,7,6,5,6,2.0,11.0,9.0,18.0,13.0,27.0,40.05374780501028,99.91187238980947,1.6363636363636365,163.49215481968827,0.0333039574632698,9.08289748998268,1.0,,,7.0,17.0,6.0,6.0,11.0,11.0,10.0,10.0,6.0,1.0,,5.0,,1.0,,,,,,8.0,2.0,,,,4.0,,,,,,,,,,,,,,,,,,,,,,,,,,,,,,,,16.0,7.0,12.0,,,,,,,,,,,,,,,,,,,,,,,,,,,,,,,,,,,9.0,25.0,1.0,1.0,2.0,1.0,1.0,3.0,8.0,5.0,1.0,4.125
1650,6.0,0.0,0.0,33,17,16,7,6,5,6,2.0,11.0,9.0,18.0,13.0,27.0,40.05374780501028,99.91187238980947,1.6363636363636365,163.49215481968827,0.0333039574632698,9.08289748998268,1.0,,,7.0,17.0,6.0,6.0,11.0,11.0,10.0,10.0,6.0,1.0,,5.0,,1.0,,,,,,8.0,2.0,,,,4.0,,,,,,,,,,,,,,,,,,,,,,,,,,,,,,,,16.0,7.0,12.0,,,,,,,,,,,,,,,,,,,,,,,,,,,,,,,,,,,9.0,25.0,1.0,1.0,2.0,1.0,1.0,3.0,8.0,5.0,1.0,4.125
1651,7.0,0.0,0.0,39,19,18,12,11,5,5,2.0,13.0,11.0,22.0,15.0,33.0,50.1057163358342,128.92738965508113,1.6923076923076923,218.18481326244492,0.0429757965516937,12.121378514580275,1.0,,,8.0,19.0,7.0,7.0,12.0,12.0,12.0,12.0,7.0,1.0,,6.0,,1.0,,,,,,9.0,2.0,,,,5.0,,,,,,,,,,,,,,,,,,,,,,,,,,,,,,,,19.0,12.0,16.0,,,,,,,,,,,,,,,,,,,,,,,,,,,,,,,,,,,10.0,28.0,1.0,1.0,2.0,1.0,1.0,3.0,8.0,5.0,1.0,4.125
1652,6.0,0.0,0.0,33,17,16,7,6,5,6,2.0,11.0,9.0,18.0,13.0,27.0,40.05374780501028,99.91187238980947,1.6363636363636365,163.49215481968827,0.0333039574632698,9.08289748998268,1.0,,,7.0,17.0,6.0,6.0,11.0,11.0,10.0,10.0,6.0,1.0,,5.0,,1.0,,,,,,8.0,2.0,,,,4.0,,,,,,,,,,,,,,,,,,,,,,,,,,,,,,,,16.0,7.0,12.0,,,,,,,,,,,,,,,,,,,,,,,,,,,,,,,,,,,9.0,25.0,1.0,1.0,2.0,1.0,1.0,3.0,8.0,5.0,1.0,4.125
1653,6.0,0.0,0.0,33,17,16,7,6,5,6,2.0,11.0,9.0,18.0,13.0,27.0,40.05374780501028,99.91187238980947,1.6363636363636365,163.49215481968827,0.0333039574632698,9.08289748998268,1.0,,,7.0,17.0,6.0,6.0,11.0,11.0,10.0,10.0,6.0,1.0,,5.0,,1.0,,,,,,8.0,2.0,,,,4.0,,,,,,,,,,,,,,,,,,,,,,,,,,,,,,,,16.0,7.0,12.0,,,,,,,,,,,,,,,,,,,,,,,,,,,,,,,,,,,9.0,25.0,1.0,1.0,2.0,1.0,1.0,3.0,8.0,5.0,1.0,4.125
1654,6.0,0.0,0.0,33,17,16,7,6,5,6,2.0,11.0,9.0,18.0,13.0,27.0,40.05374780501028,99.91187238980947,1.6363636363636365,163.49215481968827,0.0333039574632698,9.08289748998268,1.0,,,7.0,17.0,6.0,6.0,11.0,11.0,10.0,10.0,6.0,1.0,,5.0,,1.0,,,,,,8.0,2.0,,,,4.0,,,,,,,,,,,,,,,,,,,,,,,,,,,,,,,,16.0,7.0,12.0,,,,,,,,,,,,,,,,,,,,,,,,,,,,,,,,,,,9.0,25.0,1.0,1.0,2.0,1.0,1.0,3.0,8.0,5.0,1.0,4.125
1655,6.0,0.0,0.0,33,17,16,7,6,5,6,2.0,11.0,9.0,18.0,13.0,27.0,40.05374780501028,99.91187238980947,1.6363636363636365,163.49215481968827,0.0333039574632698,9.08289748998268,1.0,,,7.0,17.0,6.0,6.0,11.0,11.0,10.0,10.0,6.0,1.0,,5.0,,1.0,,,,,,8.0,2.0,,,,4.0,,,,,,,,,,,,,,,,,,,,,,,,,,,,,,,,16.0,7.0,12.0,,,,,,,,,,,,,,,,,,,,,,,,,,,,,,,,,,,9.0,25.0,1.0,1.0,2.0,1.0,1.0,3.0,8.0,5.0,1.0,4.125
1656,6.0,0.0,0.0,33,17,16,7,6,5,6,2.0,11.0,9.0,18.0,13.0,27.0,40.05374780501028,99.91187238980947,1.6363636363636365,163.49215481968827,0.0333039574632698,9.08289748998268,1.0,,,7.0,17.0,6.0,6.0,11.0,11.0,10.0,10.0,6.0,1.0,,5.0,,1.0,,,,,,8.0,2.0,,,,4.0,,,,,,,,,,,,,,,,,,,,,,,,,,,,,,,,16.0,7.0,12.0,,,,,,,,,,,,,,,,,,,,,,,,,,,,,,,,,,,9.0,25.0,1.0,1.0,2.0,1.0,1.0,3.0,8.0,5.0,1.0,4.125
1657,6.0,0.0,0.0,33,17,16,7,6,5,6,2.0,11.0,9.0,18.0,13.0,27.0,40.05374780501028,99.91187238980947,1.6363636363636365,163.49215481968827,0.0333039574632698,9.08289748998268,1.0,,,7.0,17.0,6.0,6.0,11.0,11.0,10.0,10.0,6.0,1.0,,5.0,,1.0,,,,,,8.0,2.0,,,,4.0,,,,,,,,,,,,,,,,,,,,,,,,,,,,,,,,16.0,7.0,12.0,,,,,,,,,,,,,,,,,,,,,,,,,,,,,,,,,,,9.0,25.0,1.0,1.0,2.0,1.0,1.0,3.0,8.0,5.0,1.0,4.125
1658,6.0,0.0,0.0,33,17,16,7,6,5,6,2.0,11.0,9.0,18.0,13.0,27.0,40.05374780501028,99.91187238980947,1.6363636363636365,163.49215481968827,0.0333039574632698,9.08289748998268,1.0,,,7.0,17.0,6.0,6.0,11.0,11.0,10.0,10.0,6.0,1.0,,5.0,,1.0,,,,,,8.0,2.0,,,,4.0,,,,,,,,,,,,,,,,,,,,,,,,,,,,,,,,16.0,7.0,12.0,,,,,,,,,,,,,,,,,,,,,,,,,,,,,,,,,,,9.0,25.0,1.0,1.0,2.0,1.0,1.0,3.0,8.0,5.0,1.0,4.125
1833,1.0,0.0,0.0,0,0,0,0,0,0,0,0.0,0.0,0.0,0.0,0.0,0.0,0.0,0.0,0.0,0.0,0.0,0.0,1.0,,,,,,,,,,,,,,,,,,,,,,,,,,,,,,,,,,,,,,,,,,,,,,,,,,,,,,,,,,,,,,,,,,,,,,,,,,,,,,,,,,,,,,,,,,,,,,,,,,,,,,0.0,0.0,0.0,0.0,0.0,0.0
1834,1.0,0.0,0.0,0,0,0,0,0,0,0,0.0,0.0,0.0,0.0,0.0,0.0,0.0,0.0,0.0,0.0,0.0,0.0,1.0,,,,,,,,,,,,,,,,,,,,,,,,,,,,,,,,,,,,,,,,,,,,,,,,,,,,,,,,,,,,,,,,,,,,,,,,,,,,,,,,,,,,,,,,,,,,,,,,,,,,,,0.0,0.0,0.0,0.0,0.0,0.0
1835,1.0,0.0,0.0,0,0,0,0,0,0,0,0.0,0.0,0.0,0.0,0.0,0.0,0.0,0.0,0.0,0.0,0.0,0.0,1.0,,,,,,,,,,,,,,,,,,,,,,,,,,,,,,,,,,,,,,,,,,,,,,,,,,,,,,,,,,,,,,,,,,,,,,,,,,,,,,,,,,,,,,,,,,,,,,,,,,,,,,0.0,0.0,0.0,0.0,0.0,0.0
1836,1.0,0.0,0.0,0,0,0,0,0,0,0,0.0,0.0,0.0,0.0,0.0,0.0,0.0,0.0,0.0,0.0,0.0,0.0,1.0,,,,,,,,,,,,,,,,,,,,,,,,,,,,,,,,,,,,,,,,,,,,,,,,,,,,,,,,,,,,,,,,,,,,,,,,,,,,,,,,,,,,,,,,,,,,,,,,,,,,,,0.0,0.0,0.0,0.0,0.0,0.0
1837,1.0,0.0,0.0,0,0,0,0,0,0,0,0.0,0.0,0.0,0.0,0.0,0.0,0.0,0.0,0.0,0.0,0.0,0.0,1.0,,,,,,,,,,,,,,,,,,,,,,,,,,,,,,,,,,,,,,,,,,,,,,,,,,,,,,,,,,,,,,,,,,,,,,,,,,,,,,,,,,,,,,,,,,,,,,,,,,,,,,0.0,0.0,0.0,0.0,0.0,0.0
1838,1.0,0.0,0.0,0,0,0,0,0,0,0,0.0,0.0,0.0,0.0,0.0,0.0,0.0,0.0,0.0,0.0,0.0,0.0,1.0,,,,,,,,,,,,,,,,,,,,,,,,,,,,,,,,,,,,,,,,,,,,,,,,,,,,,,,,,,,,,,,,,,,,,,,,,,,,,,,,,,,,,,,,,,,,,,,,,,,,,,0.0,0.0,0.0,0.0,0.0,0.0
1839,1.0,0.0,0.0,0,0,0,0,0,0,0,0.0,0.0,0.0,0.0,0.0,0.0,0.0,0.0,0.0,0.0,0.0,0.0,1.0,,,,,,,,,,,,,,,,,,,,,,,,,,,,,,,,,,,,,,,,,,,,,,,,,,,,,,,,,,,,,,,,,,,,,,,,,,,,,,,,,,,,,,,,,,,,,,,,,,,,,,0.0,0.0,0.0,0.0,0.0,0.0
1840,1.0,0.0,0.0,0,0,0,0,0,0,0,0.0,0.0,0.0,0.0,0.0,0.0,0.0,0.0,0.0,0.0,0.0,0.0,1.0,,,,,,,,,,,,,,,,,,,,,,,,,,,,,,,,,,,,,,,,,,,,,,,,,,,,,,,,,,,,,,,,,,,,,,,,,,,,,,,,,,,,,,,,,,,,,,,,,,,,,,0.0,0.0,0.0,0.0,0.0,0.0
1841,1.0,0.0,0.0,0,0,0,0,0,0,0,0.0,0.0,0.0,0.0,0.0,0.0,0.0,0.0,0.0,0.0,0.0,0.0,1.0,,,,,,,,,,,,,,,,,,,,,,,,,,,,,,,,,,,,,,,,,,,,,,,,,,,,,,,,,,,,,,,,,,,,,,,,,,,,,,,,,,,,,,,,,,,,,,,,,,,,,,0.0,0.0,0.0,0.0,0.0,0.0
1842,1.0,0.0,0.0,0,0,0,0,0,0,0,0.0,0.0,0.0,0.0,0.0,0.0,0.0,0.0,0.0,0.0,0.0,0.0,1.0,,,,,,,,,,,,,,,,,,,,,,,,,,,,,,,,,,,,,,,,,,,,,,,,,,,,,,,,,,,,,,,,,,,,,,,,,,,,,,,,,,,,,,,,,,,,,,,,,,,,,,0.0,0.0,0.0,0.0,0.0,0.0
1937,1.0,0.0,0.0,1,1,1,0,0,0,0,0.0,0.0,0.0,0.0,0.0,0.0,0.0,0.0,0.0,0.0,0.0,0.0,1.0,,,,1.0,,,,,,,,,,,,,,,,,,,,,,,,,,,,,,,,,,,,,,,,,,,,,,,,,,,,,,,,,,,,,,,,,,,,,,,,,,,,,,,,,,,,,,,,,,,,,1.0,,,,,0.0,0.0,1.0,4.0,4.0,4.0
1938,1.0,0.0,0.0,1,1,1,0,0,0,0,0.0,0.0,0.0,0.0,0.0,0.0,0.0,0.0,0.0,0.0,0.0,0.0,1.0,,,,1.0,,,,,,,,,,,,,,,,,,,,,,,,,,,,,,,,,,,,,,,,,,,,,,,,,,,,,,,,,,,,,,,,,,,,,,,,,,,,,,,,,,,,,,,,,,,,,1.0,,,,,0.0,0.0,1.0,4.0,4.0,4.0
1939,1.0,0.0,0.0,1,1,1,0,0,0,0,0.0,0.0,0.0,0.0,0.0,0.0,0.0,0.0,0.0,0.0,0.0,0.0,1.0,,,,1.0,,,,,,,,,,,,,,,,,,,,,,,,,,,,,,,,,,,,,,,,,,,,,,,,,,,,,,,,,,,,,,,,,,,,,,,,,,,,,,,,,,,,,,,,,,,,,1.0,,,,,0.0,0.0,1.0,4.0,4.0,4.0
1940,1.0,0.0,0.0,1,1,1,0,0,0,0,0.0,0.0,0.0,0.0,0.0,0.0,0.0,0.0,0.0,0.0,0.0,0.0,1.0,,,,1.0,,,,,,,,,,,,,,,,,,,,,,,,,,,,,,,,,,,,,,,,,,,,,,,,,,,,,,,,,,,,,,,,,,,,,,,,,,,,,,,,,,,,,,,,,,,,,1.0,,,,,0.0,0.0,1.0,4.0,4.0,4.0
1941,1.0,0.0,0.0,1,1,1,0,0,0,0,0.0,0.0,0.0,0.0,0.0,0.0,0.0,0.0,0.0,0.0,0.0,0.0,1.0,,,,1.0,,,,,,,,,,,,,,,,,,,,,,,,,,,,,,,,,,,,,,,,,,,,,,,,,,,,,,,,,,,,,,,,,,,,,,,,,,,,,,,,,,,,,,,,,,,,,1.0,,,,,0.0,0.0,1.0,4.0,4.0,4.0
1942,1.0,0.0,0.0,1,1,1,0,0,0,0,0.0,0.0,0.0,0.0,0.0,0.0,0.0,0.0,0.0,0.0,0.0,0.0,1.0,,,,1.0,,,,,,,,,,,,,,,,,,,,,,,,,,,,,,,,,,,,,,,,,,,,,,,,,,,,,,,,,,,,,,,,,,,,,,,,,,,,,,,,,,,,,,,,,,,,,1.0,,,,,0.0,0.0,1.0,4.0,4.0,4.0
1943,1.0,0.0,0.0,1,1,1,0,0,0,0,0.0,0.0,0.0,0.0,0.0,0.0,0.0,0.0,0.0,0.0,0.0,0.0,1.0,,,,1.0,,,,,,,,,,,,,,,,,,,,,,,,,,,,,,,,,,,,,,,,,,,,,,,,,,,,,,,,,,,,,,,,,,,,,,,,,,,,,,,,,,,,,,,,,,,,,1.0,,,,,0.0,0.0,1.0,4.0,4.0,4.0
1944,1.0,0.0,0.0,1,1,1,0,0,0,0,0.0,0.0,0.0,0.0,0.0,0.0,0.0,0.0,0.0,0.0,0.0,0.0,1.0,,,,1.0,,,,,,,,,,,,,,,,,,,,,,,,,,,,,,,,,,,,,,,,,,,,,,,,,,,,,,,,,,,,,,,,,,,,,,,,,,,,,,,,,,,,,,,,,,,,,1.0,,,,,0.0,0.0,1.0,4.0,4.0,4.0
1945,1.0,0.0,0.0,1,1,1,0,0,0,0,0.0,0.0,0.0,0.0,0.0,0.0,0.0,0.0,0.0,0.0,0.0,0.0,1.0,,,,1.0,,,,,,,,,,,,,,,,,,,,,,,,,,,,,,,,,,,,,,,,,,,,,,,,,,,,,,,,,,,,,,,,,,,,,,,,,,,,,,,,,,,,,,,,,,,,,1.0,,,,,0.0,0.0,1.0,4.0,4.0,4.0
1946,1.0,0.0,0.0,1,1,1,0,0,0,0,0.0,0.0,0.0,0.0,0.0,0.0,0.0,0.0,0.0,0.0,0.0,0.0,1.0,,,,1.0,,,,,,,,,,,,,,,,,,,,,,,,,,,,,,,,,,,,,,,,,,,,,,,,,,,,,,,,,,,,,,,,,,,,,,,,,,,,,,,,,,,,,,,,,,,,,1.0,,,,,0.0,0.0,1.0,4.0,4.0,4.0
1977,1.0,0.0,0.0,0,0,0,0,0,0,0,0.0,0.0,0.0,0.0,0.0,0.0,0.0,0.0,0.0,0.0,0.0,0.0,1.0,,,,,,,,,,,,,,,,,,,,,,,,,,,,,,,,,,,,,,,,,,,,,,,,,,,,,,,,,,,,,,,,,,,,,,,,,,,,,,,,,,,,,,,,,,,,,,,,,,,,,,0.0,0.0,0.0,0.0,0.0,0.0
1978,1.0,0.0,0.0,0,0,0,0,0,0,0,0.0,0.0,0.0,0.0,0.0,0.0,0.0,0.0,0.0,0.0,0.0,0.0,1.0,,,,,,,,,,,,,,,,,,,,,,,,,,,,,,,,,,,,,,,,,,,,,,,,,,,,,,,,,,,,,,,,,,,,,,,,,,,,,,,,,,,,,,,,,,,,,,,,,,,,,,0.0,0.0,0.0,0.0,0.0,0.0
1979,1.0,0.0,0.0,0,0,0,0,0,0,0,0.0,0.0,0.0,0.0,0.0,0.0,0.0,0.0,0.0,0.0,0.0,0.0,1.0,,,,,,,,,,,,,,,,,,,,,,,,,,,,,,,,,,,,,,,,,,,,,,,,,,,,,,,,,,,,,,,,,,,,,,,,,,,,,,,,,,,,,,,,,,,,,,,,,,,,,,0.0,0.0,0.0,0.0,0.0,0.0
1980,1.0,0.0,0.0,0,0,0,0,0,0,0,0.0,0.0,0.0,0.0,0.0,0.0,0.0,0.0,0.0,0.0,0.0,0.0,1.0,,,,,,,,,,,,,,,,,,,,,,,,,,,,,,,,,,,,,,,,,,,,,,,,,,,,,,,,,,,,,,,,,,,,,,,,,,,,,,,,,,,,,,,,,,,,,,,,,,,,,,0.0,0.0,0.0,0.0,0.0,0.0
1981,1.0,0.0,0.0,0,0,0,0,0,0,0,0.0,0.0,0.0,0.0,0.0,0.0,0.0,0.0,0.0,0.0,0.0,0.0,1.0,,,,,,,,,,,,,,,,,,,,,,,,,,,,,,,,,,,,,,,,,,,,,,,,,,,,,,,,,,,,,,,,,,,,,,,,,,,,,,,,,,,,,,,,,,,,,,,,,,,,,,0.0,0.0,0.0,0.0,0.0,0.0
1982,1.0,0.0,0.0,0,0,0,0,0,0,0,0.0,0.0,0.0,0.0,0.0,0.0,0.0,0.0,0.0,0.0,0.0,0.0,1.0,,,,,,,,,,,,,,,,,,,,,,,,,,,,,,,,,,,,,,,,,,,,,,,,,,,,,,,,,,,,,,,,,,,,,,,,,,,,,,,,,,,,,,,,,,,,,,,,,,,,,,0.0,0.0,0.0,0.0,0.0,0.0
1983,1.0,0.0,0.0,0,0,0,0,0,0,0,0.0,0.0,0.0,0.0,0.0,0.0,0.0,0.0,0.0,0.0,0.0,0.0,1.0,,,,,,,,,,,,,,,,,,,,,,,,,,,,,,,,,,,,,,,,,,,,,,,,,,,,,,,,,,,,,,,,,,,,,,,,,,,,,,,,,,,,,,,,,,,,,,,,,,,,,,0.0,0.0,0.0,0.0,0.0,0.0
1984,1.0,0.0,0.0,0,0,0,0,0,0,0,0.0,0.0,0.0,0.0,0.0,0.0,0.0,0.0,0.0,0.0,0.0,0.0,1.0,,,,,,,,,,,,,,,,,,,,,,,,,,,,,,,,,,,,,,,,,,,,,,,,,,,,,,,,,,,,,,,,,,,,,,,,,,,,,,,,,,,,,,,,,,,,,,,,,,,,,,0.0,0.0,0.0,0.0,0.0,0.0
1985,1.0,0.0,0.0,0,0,0,0,0,0,0,0.0,0.0,0.0,0.0,0.0,0.0,0.0,0.0,0.0,0.0,0.0,0.0,1.0,,,,,,,,,,,,,,,,,,,,,,,,,,,,,,,,,,,,,,,,,,,,,,,,,,,,,,,,,,,,,,,,,,,,,,,,,,,,,,,,,,,,,,,,,,,,,,,,,,,,,,0.0,0.0,0.0,0.0,0.0,0.0
1986,1.0,0.0,0.0,0,0,0,0,0,0,0,0.0,0.0,0.0,0.0,0.0,0.0,0.0,0.0,0.0,0.0,0.0,0.0,1.0,,,,,,,,,,,,,,,,,,,,,,,,,,,,,,,,,,,,,,,,,,,,,,,,,,,,,,,,,,,,,,,,,,,,,,,,,,,,,,,,,,,,,,,,,,,,,,,,,,,,,,0.0,0.0,0.0,0.0,0.0,0.0
1987,1.0,0.0,0.0,0,0,0,0,0,0,0,0.0,0.0,0.0,0.0,0.0,0.0,0.0,0.0,0.0,0.0,0.0,0.0,1.0,,,,,,,,,,,,,,,,,,,,,,,,,,,,,,,,,,,,,,,,,,,,,,,,,,,,,,,,,,,,,,,,,,,,,,,,,,,,,,,,,,,,,,,,,,,,,,,,,,,,,,0.0,0.0,0.0,0.0,0.0,0.0
1988,1.0,0.0,0.0,0,0,0,0,0,0,0,0.0,0.0,0.0,0.0,0.0,0.0,0.0,0.0,0.0,0.0,0.0,0.0,1.0,,,,,,,,,,,,,,,,,,,,,,,,,,,,,,,,,,,,,,,,,,,,,,,,,,,,,,,,,,,,,,,,,,,,,,,,,,,,,,,,,,,,,,,,,,,,,,,,,,,,,,0.0,0.0,0.0,0.0,0.0,0.0
1989,1.0,0.0,0.0,0,0,0,0,0,0,0,0.0,0.0,0.0,0.0,0.0,0.0,0.0,0.0,0.0,0.0,0.0,0.0,1.0,,,,,,,,,,,,,,,,,,,,,,,,,,,,,,,,,,,,,,,,,,,,,,,,,,,,,,,,,,,,,,,,,,,,,,,,,,,,,,,,,,,,,,,,,,,,,,,,,,,,,,0.0,0.0,0.0,0.0,0.0,0.0
1990,1.0,0.0,0.0,0,0,0,0,0,0,0,0.0,0.0,0.0,0.0,0.0,0.0,0.0,0.0,0.0,0.0,0.0,0.0,1.0,,,,,,,,,,,,,,,,,,,,,,,,,,,,,,,,,,,,,,,,,,,,,,,,,,,,,,,,,,,,,,,,,,,,,,,,,,,,,,,,,,,,,,,,,,,,,,,,,,,,,,0.0,0.0,0.0,0.0,0.0,0.0
1991,1.0,0.0,0.0,0,0,0,0,0,0,0,0.0,0.0,0.0,0.0,0.0,0.0,0.0,0.0,0.0,0.0,0.0,0.0,1.0,,,,,,,,,,,,,,,,,,,,,,,,,,,,,,,,,,,,,,,,,,,,,,,,,,,,,,,,,,,,,,,,,,,,,,,,,,,,,,,,,,,,,,,,,,,,,,,,,,,,,,0.0,0.0,0.0,0.0,0.0,0.0
1992,1.0,0.0,0.0,0,0,0,0,0,0,0,0.0,0.0,0.0,0.0,0.0,0.0,0.0,0.0,0.0,0.0,0.0,0.0,1.0,,,,,,,,,,,,,,,,,,,,,,,,,,,,,,,,,,,,,,,,,,,,,,,,,,,,,,,,,,,,,,,,,,,,,,,,,,,,,,,,,,,,,,,,,,,,,,,,,,,,,,0.0,0.0,0.0,0.0,0.0,0.0
1993,1.0,0.0,0.0,0,0,0,0,0,0,0,0.0,0.0,0.0,0.0,0.0,0.0,0.0,0.0,0.0,0.0,0.0,0.0,1.0,,,,,,,,,,,,,,,,,,,,,,,,,,,,,,,,,,,,,,,,,,,,,,,,,,,,,,,,,,,,,,,,,,,,,,,,,,,,,,,,,,,,,,,,,,,,,,,,,,,,,,0.0,0.0,0.0,0.0,0.0,0.0
1994,1.0,0.0,0.0,0,0,0,0,0,0,0,0.0,0.0,0.0,0.0,0.0,0.0,0.0,0.0,0.0,0.0,0.0,0.0,1.0,,,,,,,,,,,,,,,,,,,,,,,,,,,,,,,,,,,,,,,,,,,,,,,,,,,,,,,,,,,,,,,,,,,,,,,,,,,,,,,,,,,,,,,,,,,,,,,,,,,,,,0.0,0.0,0.0,0.0,0.0,0.0
1995,1.0,0.0,0.0,0,0,0,0,0,0,0,0.0,0.0,0.0,0.0,0.0,0.0,0.0,0.0,0.0,0.0,0.0,0.0,1.0,,,,,,,,,,,,,,,,,,,,,,,,,,,,,,,,,,,,,,,,,,,,,,,,,,,,,,,,,,,,,,,,,,,,,,,,,,,,,,,,,,,,,,,,,,,,,,,,,,,,,,0.0,0.0,0.0,0.0,0.0,0.0
1996,1.0,0.0,0.0,0,0,0,0,0,0,0,0.0,0.0,0.0,0.0,0.0,0.0,0.0,0.0,0.0,0.0,0.0,0.0,1.0,,,,,,,,,,,,,,,,,,,,,,,,,,,,,,,,,,,,,,,,,,,,,,,,,,,,,,,,,,,,,,,,,,,,,,,,,,,,,,,,,,,,,,,,,,,,,,,,,,,,,,0.0,0.0,0.0,0.0,0.0,0.0
2030,3.0,0.0,0.0,19,7,7,9,9,0,3,3.0,5.0,3.0,6.0,8.0,9.0,16.36452797660028,27.0,1.8,48.6,0.009,2.7,1.0,,,4.0,7.0,2.0,2.0,9.0,9.0,,,2.0,,,1.0,,,,,,,,4.0,2.0,,,,1.0,1.0,,,,,,,,,,,,,,,,,,,,,,,,,,,,,,,2.0,9.0,12.0,,,,,,,,,,,,,,,,,,,,,,,,,,,,,,,,,,,2.0,10.0,,,1.0,2.0,0.0,2.0,3.0,5.0,3.0,4.333333333333333
2031,3.0,0.0,0.0,19,7,7,9,9,0,3,4.0,5.0,4.0,7.0,9.0,11.0,19.60964047443681,34.86917501586544,2.8,97.63369004442322,0.0116230583386218,5.424093891356845,1.0,,,2.0,7.0,2.0,2.0,9.0,9.0,,,2.0,,,1.0,1.0,,,,,,,4.0,,,,,1.0,1.0,,,,,,,,,,,,,,,,,,,,,,,,,,,,,,,4.0,9.0,12.0,,,,,,,,,,,,,,,,,,,,,,,,,,,,,,,,,,,2.0,8.0,2.0,,1.0,2.0,1.0,2.0,2.0,4.0,3.0,3.5
2032,3.0,0.0,0.0,19,7,7,9,9,0,3,4.0,5.0,4.0,7.0,9.0,11.0,19.60964047443681,34.86917501586544,2.8,97.63369004442322,0.0116230583386218,5.424093891356845,1.0,,,2.0,7.0,2.0,2.0,9.0,9.0,,,2.0,,,1.0,1.0,,,,,,,4.0,,,,,1.0,1.0,,,,,,,,,,,,,,,,,,,,,,,,,,,,,,,4.0,9.0,12.0,,,,,,,,,,,,,,,,,,,,,,,,,,,,,,,,,,,2.0,8.0,2.0,,1.0,2.0,1.0,2.0,2.0,4.0,3.0,3.5
2033,3.0,0.0,0.0,17,7,7,7,7,0,3,3.0,5.0,3.0,6.0,8.0,9.0,16.36452797660028,27.0,1.8,48.6,0.009,2.7,1.0,,,4.0,7.0,2.0,2.0,7.0,7.0,,,2.0,,,1.0,,,,,,,,4.0,2.0,,,,1.0,1.0,,,,,,,,,,,,,,,,,,,,,,,,,,,,,,,2.0,7.0,10.0,,,,,,,,,,,,,,,,,,,,,,,,,,,,,,,,,,,2.0,10.0,,,1.0,2.0,0.0,2.0,3.0,5.0,3.0,4.333333333333333
2034,2.0,0.0,0.0,17,6,6,8,8,0,3,2.0,4.0,2.0,4.0,6.0,6.0,10.0,15.509775004326936,1.0,15.509775004326936,0.0051699250014423,0.861654166907052,1.0,,,2.0,6.0,1.0,1.0,8.0,8.0,,,1.0,,,1.0,,,,,,,,4.0,,,,,,1.0,,,,,,,,,,,,,,,,,,,,,,,,,,,,,,,3.0,8.0,11.0,,,,,,,,,,,,,,,,,,,,,,,,,,,,,,,,,,,1.0,7.0,2.0,,1.0,2.0,1.0,2.0,2.0,4.0,3.0,3.5
2035,3.0,0.0,0.0,18,8,8,8,7,0,3,2.0,2.0,2.0,4.0,4.0,6.0,4.0,12.0,2.0,24.0,0.004,1.3333333333333333,1.0,,,4.0,8.0,3.0,3.0,8.0,8.0,,,3.0,,,,,,,,,,1.0,3.0,,,,,,1.0,,,,,,,,,,,,,,,,,,,,,,,,,,,,,,,3.0,8.0,10.0,,,,,,,,,,,,,,,,,,,,,,,,,,,,,,,,,,,3.0,5.0,2.0,,2.0,2.0,1.0,2.0,2.0,6.0,3.0,4.5
2036,3.0,0.0,0.0,18,7,7,8,8,0,3,3.0,5.0,3.0,6.0,8.0,9.0,16.36452797660028,27.0,1.8,48.6,0.009,2.7,1.0,,,4.0,7.0,2.0,2.0,9.0,9.0,,,2.0,,,1.0,,,,,,,,4.0,2.0,,,,1.0,1.0,,,,,,,,,,,,,,,,,,,,,,,,,,,,,,,2.0,8.0,11.0,,,,,,,,,,,,,,,,,,,,,,,,,,,,,,,,,,,2.0,10.0,,,1.0,2.0,0.0,2.0,3.0,5.0,3.0,4.0
2037,3.0,0.0,0.0,19,7,7,9,9,0,3,4.0,5.0,4.0,7.0,9.0,11.0,19.60964047443681,34.86917501586544,2.8,97.63369004442322,0.0116230583386218,5.424093891356845,1.0,,,2.0,7.0,2.0,2.0,9.0,9.0,,,2.0,,,1.0,1.0,,,,,1.0,,4.0,,,,,,1.0,,,,,,,,,,,,,,,,,,,,,,,,,,,,,,,4.0,9.0,12.0,,,,,,,,,,,,,,,,,,,,,,,,,,,,,,,,,,,2.0,8.0,2.0,,1.0,2.0,1.0,2.0,2.0,5.0,3.0,4.0
2038,3.0,0.0,0.0,18,7,7,8,8,0,3,3.0,5.0,3.0,6.0,8.0,9.0,16.36452797660028,27.0,1.8,48.6,0.009,2.7,1.0,,,4.0,7.0,2.0,2.0,9.0,9.0,,,2.0,,,1.0,,,,,,,,4.0,2.0,,,,1.0,1.0,,,,,,,,,,,,,,,,,,,,,,,,,,,,,,,2.0,8.0,11.0,,,,,,,,,,,,,,,,,,,,,,,,,,,,,,,,,,,2.0,10.0,,,1.0,2.0,0.0,2.0,3.0,8.0,3.0,5.333333333333333
2039,3.0,0.0,0.0,19,7,7,9,9,0,3,3.0,5.0,3.0,6.0,8.0,9.0,16.36452797660028,27.0,1.8,48.6,0.009,2.7,1.0,,,4.0,7.0,2.0,2.0,9.0,9.0,,,2.0,,,1.0,,,,,,,,4.0,2.0,,,,1.0,1.0,,,,,,,,,,,,,,,,,,,,,,,,,,,,,,,2.0,9.0,12.0,,,,,,,,,,,,,,,,,,,,,,,,,,,,,,,,,,,2.0,10.0,,,1.0,2.0,0.0,2.0,3.0,5.0,3.0,3.6666666666666665
2121,1.0,0.0,0.0,0,0,0,0,0,0,0,0.0,0.0,0.0,0.0,0.0,0.0,0.0,0.0,0.0,0.0,0.0,0.0,1.0,,,,,,,,,,,,,,,,,,,,,,,,,,,,,,,,,,,,,,,,,,,,,,,,,,,,,,,,,,,,,,,,,,,,,,,,,,,,,,,,,,,,,,,,,,,,,,,,,,,,,,0.0,0.0,0.0,0.0,0.0,0.0
2122,1.0,0.0,0.0,0,0,0,0,0,0,0,0.0,0.0,0.0,0.0,0.0,0.0,0.0,0.0,0.0,0.0,0.0,0.0,1.0,,,,,,,,,,,,,,,,,,,,,,,,,,,,,,,,,,,,,,,,,,,,,,,,,,,,,,,,,,,,,,,,,,,,,,,,,,,,,,,,,,,,,,,,,,,,,,,,,,,,,,0.0,0.0,0.0,0.0,0.0,0.0
2123,1.0,0.0,0.0,0,0,0,0,0,0,0,0.0,0.0,0.0,0.0,0.0,0.0,0.0,0.0,0.0,0.0,0.0,0.0,1.0,,,,,,,,,,,,,,,,,,,,,,,,,,,,,,,,,,,,,,,,,,,,,,,,,,,,,,,,,,,,,,,,,,,,,,,,,,,,,,,,,,,,,,,,,,,,,,,,,,,,,,0.0,0.0,0.0,0.0,0.0,0.0
2124,1.0,0.0,0.0,0,0,0,0,0,0,0,0.0,0.0,0.0,0.0,0.0,0.0,0.0,0.0,0.0,0.0,0.0,0.0,1.0,,,,,,,,,,,,,,,,,,,,,,,,,,,,,,,,,,,,,,,,,,,,,,,,,,,,,,,,,,,,,,,,,,,,,,,,,,,,,,,,,,,,,,,,,,,,,,,,,,,,,,0.0,0.0,0.0,0.0,0.0,0.0
2125,1.0,0.0,0.0,0,0,0,0,0,0,0,0.0,0.0,0.0,0.0,0.0,0.0,0.0,0.0,0.0,0.0,0.0,0.0,1.0,,,,,,,,,,,,,,,,,,,,,,,,,,,,,,,,,,,,,,,,,,,,,,,,,,,,,,,,,,,,,,,,,,,,,,,,,,,,,,,,,,,,,,,,,,,,,,,,,,,,,,0.0,0.0,0.0,0.0,0.0,0.0
2126,1.0,0.0,0.0,0,0,0,0,0,0,0,0.0,0.0,0.0,0.0,0.0,0.0,0.0,0.0,0.0,0.0,0.0,0.0,1.0,,,,,,,,,,,,,,,,,,,,,,,,,,,,,,,,,,,,,,,,,,,,,,,,,,,,,,,,,,,,,,,,,,,,,,,,,,,,,,,,,,,,,,,,,,,,,,,,,,,,,,0.0,0.0,0.0,0.0,0.0,0.0
2127,1.0,0.0,0.0,0,0,0,0,0,0,0,0.0,0.0,0.0,0.0,0.0,0.0,0.0,0.0,0.0,0.0,0.0,0.0,1.0,,,,,,,,,,,,,,,,,,,,,,,,,,,,,,,,,,,,,,,,,,,,,,,,,,,,,,,,,,,,,,,,,,,,,,,,,,,,,,,,,,,,,,,,,,,,,,,,,,,,,,0.0,0.0,0.0,0.0,0.0,0.0
2128,1.0,0.0,0.0,0,0,0,0,0,0,0,0.0,0.0,0.0,0.0,0.0,0.0,0.0,0.0,0.0,0.0,0.0,0.0,1.0,,,,,,,,,,,,,,,,,,,,,,,,,,,,,,,,,,,,,,,,,,,,,,,,,,,,,,,,,,,,,,,,,,,,,,,,,,,,,,,,,,,,,,,,,,,,,,,,,,,,,,0.0,0.0,0.0,0.0,0.0,0.0
2129,1.0,0.0,0.0,0,0,0,0,0,0,0,0.0,0.0,0.0,0.0,0.0,0.0,0.0,0.0,0.0,0.0,0.0,0.0,1.0,,,,,,,,,,,,,,,,,,,,,,,,,,,,,,,,,,,,,,,,,,,,,,,,,,,,,,,,,,,,,,,,,,,,,,,,,,,,,,,,,,,,,,,,,,,,,,,,,,,,,,0.0,0.0,0.0,0.0,0.0,0.0
2130,1.0,0.0,0.0,0,0,0,0,0,0,0,0.0,0.0,0.0,0.0,0.0,0.0,0.0,0.0,0.0,0.0,0.0,0.0,1.0,,,,,,,,,,,,,,,,,,,,,,,,,,,,,,,,,,,,,,,,,,,,,,,,,,,,,,,,,,,,,,,,,,,,,,,,,,,,,,,,,,,,,,,,,,,,,,,,,,,,,,0.0,0.0,0.0,0.0,0.0,0.0
2146,1.0,0.0,0.0,1,1,1,0,0,0,0,0.0,0.0,0.0,0.0,0.0,0.0,0.0,0.0,0.0,0.0,0.0,0.0,1.0,,,,1.0,,,,,,,,,,,,,,,,,,,,,,,,,,,,,,,,,,,,,,,,,,,,,,,,,,,,,,,,,,,,,,,,,,,,,,,,,,,,,,,,,,,,,,,,,,,,,1.0,,,,,0.0,0.0,1.0,4.0,4.0,4.0
2147,1.0,0.0,0.0,1,1,1,0,0,0,0,0.0,0.0,0.0,0.0,0.0,0.0,0.0,0.0,0.0,0.0,0.0,0.0,1.0,,,,1.0,,,,,,,,,,,,,,,,,,,,,,,,,,,,,,,,,,,,,,,,,,,,,,,,,,,,,,,,,,,,,,,,,,,,,,,,,,,,,,,,,,,,,,,,,,,,,1.0,,,,,0.0,0.0,1.0,4.0,4.0,4.0
2148,1.0,0.0,0.0,1,1,1,0,0,0,0,0.0,0.0,0.0,0.0,0.0,0.0,0.0,0.0,0.0,0.0,0.0,0.0,1.0,,,,1.0,,,,,,,,,,,,,,,,,,,,,,,,,,,,,,,,,,,,,,,,,,,,,,,,,,,,,,,,,,,,,,,,,,,,,,,,,,,,,,,,,,,,,,,,,,,,,1.0,,,,,0.0,0.0,1.0,4.0,4.0,4.0
2149,1.0,0.0,0.0,1,1,1,0,0,0,0,0.0,0.0,0.0,0.0,0.0,0.0,0.0,0.0,0.0,0.0,0.0,0.0,1.0,,,,1.0,,,,,,,,,,,,,,,,,,,,,,,,,,,,,,,,,,,,,,,,,,,,,,,,,,,,,,,,,,,,,,,,,,,,,,,,,,,,,,,,,,,,,,,,,,,,,1.0,,,,,0.0,0.0,1.0,4.0,4.0,4.0
2150,1.0,0.0,0.0,1,1,1,0,0,0,0,0.0,0.0,0.0,0.0,0.0,0.0,0.0,0.0,0.0,0.0,0.0,0.0,1.0,,,,1.0,,,,,,,,,,,,,,,,,,,,,,,,,,,,,,,,,,,,,,,,,,,,,,,,,,,,,,,,,,,,,,,,,,,,,,,,,,,,,,,,,,,,,,,,,,,,,1.0,,,,,0.0,0.0,1.0,4.0,4.0,4.0
2152,1.0,0.0,0.0,1,1,1,0,0,0,0,0.0,0.0,0.0,0.0,0.0,0.0,0.0,0.0,0.0,0.0,0.0,0.0,1.0,,,,1.0,,,,,,,,,,,,,,,,,,,,,,,,,,,,,,,,,,,,,,,,,,,,,,,,,,,,,,,,,,,,,,,,,,,,,,,,,,,,,,,,,,,,,,,,,,,,,1.0,,,,,0.0,0.0,1.0,4.0,4.0,4.0
2153,1.0,0.0,0.0,1,1,1,0,0,0,0,0.0,0.0,0.0,0.0,0.0,0.0,0.0,0.0,0.0,0.0,0.0,0.0,1.0,,,,1.0,,,,,,,,,,,,,,,,,,,,,,,,,,,,,,,,,,,,,,,,,,,,,,,,,,,,,,,,,,,,,,,,,,,,,,,,,,,,,,,,,,,,,,,,,,,,,1.0,,,,,0.0,0.0,1.0,4.0,4.0,4.0
2154,1.0,0.0,0.0,1,1,1,0,0,0,0,0.0,0.0,0.0,0.0,0.0,0.0,0.0,0.0,0.0,0.0,0.0,0.0,1.0,,,,1.0,,,,,,,,,,,,,,,,,,,,,,,,,,,,,,,,,,,,,,,,,,,,,,,,,,,,,,,,,,,,,,,,,,,,,,,,,,,,,,,,,,,,,,,,,,,,,1.0,,,,,0.0,0.0,1.0,4.0,4.0,4.0
2155,1.0,0.0,0.0,1,1,1,0,0,0,0,0.0,0.0,0.0,0.0,0.0,0.0,0.0,0.0,0.0,0.0,0.0,0.0,1.0,,,,1.0,,,,,,,,,,,,,,,,,,,,,,,,,,,,,,,,,,,,,,,,,,,,,,,,,,,,,,,,,,,,,,,,,,,,,,,,,,,,,,,,,,,,,,,,,,,,,1.0,,,,,0.0,0.0,1.0,4.0,4.0,4.0
2301,1.0,0.0,0.0,8,6,6,0,0,0,2,4.0,10.0,7.0,14.0,14.0,21.0,41.21928094887362,79.95445336320968,2.8,223.8724694169871,0.0266514844544032,12.43735941205484,1.0,,,3.0,6.0,,,11.0,11.0,,,,1.0,,1.0,1.0,4.0,,,,,,4.0,,,,,,,,,,,,,2.0,,,,,,,,,,,,,,,,,,,,,,,,4.0,,2.0,,,,,,,,,,,,,,,,,,,,,,,,,,,,,,,,,,,2.0,14.0,3.0,1.0,1.0,3.0,1.0,3.0,8.0,7.0,1.0,3.25
2429,1.0,0.0,0.0,24,8,7,4,4,9,4,2.0,8.0,4.0,8.0,10.0,12.0,26.0,39.86313713864836,1.0,39.86313713864836,0.0132877123795494,2.2146187299249087,1.0,,,3.0,8.0,,,7.0,7.0,,,,,,2.0,,2.0,,,,,,6.0,,,,,,,,,,,,,,,,,,,,,,,,,,,,,,,,,,,,,,7.0,8.0,,,,,,,,,,,,,,,,,,,,,,,,,,,,,,,,,,,,12.0,2.0,,1.0,2.0,1.0,2.0,6.0,19.0,5.0,12.0
2430,1.0,0.0,0.0,22,7,6,4,4,8,4,3.0,7.0,4.0,8.0,10.0,12.0,24.40637195656669,39.86313713864836,1.7142857142857142,68.33680652339717,0.0132877123795494,3.796489251299843,1.0,,,3.0,7.0,,,8.0,8.0,,,,1.0,,1.0,,2.0,1.0,,,,,5.0,,,,,,,,,,,,,,,,,,,,,,,,,,,,,,,,,,,,,3.0,4.0,8.0,,,,,,,,,,,,,,,,,,,,,,,,,,,,,,,,,,,,11.0,3.0,1.0,1.0,2.0,2.0,3.0,5.0,9.0,5.0,6.8
2431,1.0,0.0,0.0,23,8,7,4,4,8,4,4.0,7.0,4.0,8.0,11.0,12.0,27.651484454403228,41.51317942364757,2.2857142857142856,94.88726725405158,0.0138377264745491,5.27151484744731,1.0,,,3.0,8.0,,,12.0,12.0,,,,3.0,,1.0,1.0,1.0,1.0,,,,,4.0,,,,,,,,,,,,,,,,,,,,,,,,,,,,,,,,,,,,,5.0,4.0,8.0,,,,,,,,,,,,,,,,,,,,,,,,,,,,,,,,,,,,11.0,2.0,3.0,3.0,2.0,1.0,3.0,4.0,17.0,12.0,13.5
2432,1.0,0.0,0.0,21,7,6,3,3,8,4,2.0,6.0,3.0,6.0,8.0,9.0,17.509775004326936,27.0,1.0,27.0,0.009,1.5,1.0,,,5.0,7.0,,,12.0,12.0,,,,1.0,,2.0,,1.0,,,,,,5.0,,,,,,,,,,,,,,,,,,,,,,,,,,,,,,,,,,,,,1.0,3.0,7.0,,,,,,,,,,,,,,,,,,,,,,,,,,,,,,,,,,,,10.0,4.0,1.0,1.0,4.0,2.0,3.0,5.0,10.0,2.0,5.0
2433,1.0,0.0,0.0,23,7,6,4,4,8,5,4.0,6.0,4.0,8.0,10.0,12.0,23.509775004326936,39.86313713864836,2.6666666666666665,106.3016990363956,0.0132877123795494,5.905649946466422,1.0,,,2.0,7.0,,,10.0,10.0,,,,3.0,,1.0,1.0,1.0,1.0,,,,,3.0,,,,,,,,,,,,,,,,,,,,,,,,,,,,,,,,,,,,,5.0,4.0,9.0,,,,,,,,,,,,,,,,,,,,,,,,,,,,,,,,,,,,10.0,1.0,3.0,3.0,1.0,1.0,3.0,3.0,17.0,10.0,13.333333333333334
2434,1.0,0.0,0.0,23,9,8,3,3,8,4,2.0,10.0,5.0,10.0,12.0,15.0,35.219280948873624,53.77443751081735,1.0,53.77443751081735,0.0179248125036057,2.987468750600964,1.0,,,4.0,9.0,,,10.0,10.0,,,,,,2.0,,3.0,,,,,,7.0,,,,,,,,,,,,,,,,,,,,,,,,,,,,,,,,,,,,,,6.0,7.0,,,,,,,,,,,,,,,,,,,,,,,,,,,,,,,,,,,,14.0,3.0,,1.0,3.0,1.0,2.0,7.0,6.0,2.0,4.142857142857143
2435,1.0,0.0,0.0,23,8,7,4,4,8,4,3.0,7.0,5.0,10.0,10.0,15.0,24.40637195656669,49.82892142331044,2.142857142857143,106.77626019280808,0.0166096404744368,5.932014455156004,1.0,,,2.0,8.0,,,9.0,9.0,,,,2.0,,,1.0,2.0,2.0,,,,,5.0,,,,,,,,,,,,,,,,,,,,,,,,,,,,,,,,,,,,,6.0,4.0,8.0,,,,,,,,,,,,,,,,,,,,,,,,,,,,,,,,,,,,12.0,1.0,2.0,2.0,1.0,1.0,3.0,5.0,16.0,5.0,9.0
2436,1.0,0.0,0.0,25,10,9,4,4,8,4,3.0,11.0,6.0,12.0,14.0,18.0,42.80863530717375,68.53238859703687,1.6363636363636365,112.14390861333308,0.0228441295323456,6.23021714518517,1.0,,,3.0,10.0,,,9.0,9.0,,,,1.0,,2.0,,3.0,1.0,,,,,8.0,,,,,,,,,,,,,,,,,,,,,,,,,,,,,,,,,,,,,3.0,6.0,8.0,,,,,,,,,,,,,,,,,,,,,,,,,,,,,,,,,,,,17.0,2.0,1.0,1.0,2.0,1.0,3.0,8.0,10.0,2.0,5.875
2437,1.0,0.0,0.0,19,6,5,3,3,8,3,3.0,5.0,3.0,6.0,8.0,9.0,16.36452797660028,27.0,1.8,48.6,0.009,2.7,1.0,,,3.0,6.0,,,7.0,7.0,,,,1.0,,,1.0,1.0,1.0,,,,,4.0,,,,,,,,,,,,,,,,,,,,,,,,,,,,,,,,,,,,,2.0,3.0,6.0,,,,,,,,,,,,,,,,,,,,,,,,,,,,,,,,,,,,9.0,2.0,1.0,1.0,2.0,1.0,3.0,4.0,15.0,9.0,11.75
2438,1.0,0.0,0.0,18,5,4,3,3,8,3,1.0,4.0,2.0,4.0,5.0,6.0,8.0,13.931568569324174,0.5,6.965784284662087,0.0046438561897747,0.3869880158145604,1.0,,,3.0,5.0,,,6.0,6.0,,,,,,,,2.0,,,,,,3.0,,,,,,,,,,,,,,,,,,,,,,,,,,,,,,,,,,,,,1.0,3.0,6.0,,,,,,,,,,,,,,,,,,,,,,,,,,,,,,,,,,,,6.0,2.0,,1.0,2.0,1.0,2.0,3.0,12.0,5.0,9.0
2452,7.0,0.0,0.0,13,11,11,0,0,0,2,7.0,12.0,10.0,20.0,19.0,30.0,62.67103446305711,127.43782540330756,5.833333333333333,743.3873148526274,0.0424792751344358,41.29929526959041,1.0,,,6.0,11.0,4.0,4.0,13.0,13.0,,,4.0,,,,,,1.0,,,2.0,1.0,3.0,,,,,,,1.0,2.0,,,,,1.0,,,,,,,,,,,,,,,,,,,,,,,,5.0,2.0,2.0,,,,,,,,,,,,,,,,,,,,,,,,,,,,,,,,,,,6.0,11.0,2.0,,4.0,2.0,1.0,2.0,3.0,6.0,3.0,4.333333333333333
2454,6.0,0.0,0.0,13,12,12,0,0,0,1,8.0,18.0,11.0,22.0,26.0,33.0,99.0586500259616,155.11451069865606,4.888888888888889,758.3376078600963,0.051704836899552,42.12986710333868,1.0,,,7.0,12.0,4.0,4.0,16.0,16.0,,,4.0,2.0,,,2.0,2.0,,,,1.0,1.0,4.0,3.0,,,,1.0,2.0,,,,,,,,,,,,,,,,,,,,,,,,,,,,,,,3.0,5.0,1.0,,,,,,,,,,,,,,,,,,,,,,,,,,,,,,,,,,,6.0,16.0,1.0,2.0,4.0,2.0,1.0,3.0,4.0,10.0,4.0,6.25
2455,3.0,0.0,0.0,12,10,10,0,0,0,2,2.0,7.0,5.0,10.0,9.0,15.0,21.651484454403228,47.548875021634686,1.4285714285714286,67.92696431662098,0.0158496250072115,3.7737202398122767,1.0,,,2.0,10.0,4.0,4.0,8.0,8.0,,,4.0,1.0,,,,3.0,,,,,,5.0,,,,,2.0,,,,,,,,,,,,,,,,,,,,,,,,,,,,,,,,3.0,3.0,2.0,,,,,,,,,,,,,,,,,,,,,,,,,,,,,,,,,,,4.0,11.0,2.0,1.0,1.0,2.0,2.0,3.0,3.0,7.0,5.0,5.666666666666667
2456,4.0,0.0,0.0,24,11,10,2,2,8,4,5.0,10.0,7.0,14.0,15.0,21.0,44.82892142331043,82.0447025077789,3.5,287.15645877722613,0.0273482341692596,15.953136598734783,1.0,,,3.0,11.0,3.0,3.0,11.0,11.0,,,3.0,1.0,,,1.0,2.0,1.0,,,,,6.0,,,,,2.0,,,1.0,,,,,,,,,,,,,,,,,,,,,,,,,,,,,8.0,2.0,6.0,,,,,,,,,,,,,,,,,,,,,,,,,,,,,,,,,,,3.0,14.0,2.0,1.0,1.0,2.0,1.0,3.0,4.0,11.0,8.0,9.25
2457,4.0,0.0,0.0,25,14,13,2,2,8,2,2.0,8.0,6.0,12.0,10.0,18.0,26.0,59.794705707972525,1.5,89.69205856195879,0.0199315685693241,4.982892142331044,1.0,,,7.0,14.0,4.0,4.0,11.0,11.0,,,4.0,,,,,3.0,,,,,,5.0,1.0,,,,3.0,,,,,,,,,,,,,,,,,,,,,,,,,,,,,,,,,5.0,4.0,,,,,,,,,,,,,,,,,,,,,,,,,,,,,,,,,,,4.0,15.0,1.0,,4.0,2.0,1.0,2.0,4.0,9.0,5.0,6.25
2458,4.0,0.0,0.0,19,15,15,0,0,0,4,5.0,13.0,9.0,18.0,18.0,27.0,59.71535681027101,112.58797503894245,3.4615384615384617,389.7276059040315,0.0375293250129808,21.651533661335083,1.0,,,2.0,15.0,6.0,6.0,11.0,11.0,,,6.0,1.0,,1.0,1.0,2.0,2.0,,,,,8.0,,,,,3.0,,,,,,,,,,,,,,,,,,,,,,,,,,,,,,,,11.0,,4.0,,,,,,,,,,,,,,,,,,,,,,,,,,,,,,,,,,,6.0,17.0,2.0,1.0,1.0,2.0,2.0,3.0,5.0,13.0,5.0,9.0
2459,5.0,0.0,0.0,34,18,17,4,4,8,5,4.0,16.0,10.0,20.0,20.0,30.0,72.0,129.65784284662087,2.5,324.1446071165521,0.0432192809488736,18.00803372869734,1.0,,,4.0,18.0,4.0,4.0,15.0,15.0,,,4.0,1.0,,2.0,,3.0,1.0,,,,,12.0,,,,,4.0,,,,,,,,,,,,,,,,,,,,,,,,,,,,,,,,9.0,7.0,9.0,,,,,,,,,,,,,,,,,,,,,,,,,,,,,,,,,,,4.0,25.0,3.0,1.0,1.0,3.0,1.0,3.0,9.0,10.0,2.0,5.888888888888889
2460,3.0,0.0,0.0,24,12,11,2,2,8,3,5.0,7.0,5.0,10.0,12.0,15.0,31.26112492884004,53.77443751081735,3.571428571428572,192.0515625386334,0.0179248125036057,10.6695312521463,1.0,,,6.0,12.0,4.0,4.0,10.0,10.0,,,4.0,,,,1.0,1.0,1.0,,,1.0,,4.0,,,,,1.0,,,,,,,,,,,,,,,,,,,,,,,,,,,,,,,,3.0,2.0,5.0,,,,,,,,,,,,,,,,,,,,,,,,,,,,,,,,,,,4.0,10.0,2.0,,3.0,2.0,1.0,2.0,4.0,15.0,9.0,11.75
2461,6.0,0.0,0.0,23,11,10,2,2,8,3,4.0,12.0,11.0,22.0,16.0,33.0,51.01955000865388,132.0,3.6666666666666665,484.0,0.044,26.88888888888889,1.0,,,2.0,11.0,4.0,4.0,7.0,7.0,,,4.0,1.0,,,,4.0,,,,,2.0,5.0,,,,,,,3.0,,,,,,,,,,,,,,,,,,,,,,,,,,,,,,7.0,5.0,5.0,,,,,,,,,,,,,,,,,,,,,,,,,,,,,,,,,,,6.0,15.0,1.0,1.0,1.0,1.0,1.0,3.0,2.0,10.0,5.0,7.5
2487,16.0,0.0,0.0,46,36,35,1,1,7,3,5.0,24.0,26.0,54.0,29.0,80.0,121.64874049174458,388.6384796102058,5.625,2186.091447807408,0.1295461598700686,121.44952487818932,1.0,,,10.0,36.0,14.0,14.0,16.0,16.0,,,14.0,7.0,,8.0,,,,,,,,18.0,,,,,9.0,,3.0,3.0,,,,,,,,,,,,,,,,,,,,,,,,,,,,,28.0,1.0,4.0,,,,,,,,,,,,,,,,,,,,,,,,,,,,,,,,,,,19.0,47.0,3.0,,3.0,3.0,1.0,2.0,6.0,3.0,2.0,2.6666666666666665
2488,11.0,0.0,0.0,30,20,19,1,1,7,3,6.0,19.0,17.0,34.0,25.0,51.0,96.22039775975506,236.8366656785109,5.368421052631579,1271.438942063585,0.0789455552261703,70.63549678131028,1.0,,,5.0,20.0,8.0,8.0,6.0,6.0,,,8.0,3.0,,1.0,,1.0,1.0,,,,5.0,8.0,,,,,,,5.0,,,,,,,,,,,,,,,,,,,,,,,,,,,,,,12.0,7.0,4.0,,,,,,,,,,,,,,,,,,,,,,,,,,,,,,,,,,,12.0,23.0,1.0,1.0,3.0,1.0,1.0,3.0,3.0,8.0,1.0,4.0
2489,18.0,0.0,0.0,28,24,24,0,0,0,4,9.0,27.0,24.0,51.0,36.0,75.0,156.9112875713945,387.7443751081734,8.5,3295.827188419474,0.1292481250360578,183.10151046774857,1.0,,,16.0,24.0,10.0,10.0,10.0,10.0,,,10.0,5.0,,,,1.0,1.0,,,1.0,1.0,11.0,1.0,,,,10.0,,2.0,3.0,,,,,,,,,,,,,,,,,,,,,,,,,,,,,9.0,7.0,4.0,,,,,,,,,,,,,,,,,,,,,,,,,,,,,,,,,,,18.0,35.0,1.0,1.0,3.0,2.0,1.0,3.0,4.0,7.0,5.0,5.5
2530,5.0,0.0,0.0,15,15,15,0,0,0,0,7.0,14.0,11.0,23.0,21.0,34.0,72.95445336320968,149.33879237447786,5.75,858.6980561532478,0.0497795974581592,47.70544756406932,1.0,,,4.0,15.0,3.0,3.0,12.0,12.0,,,3.0,1.0,,2.0,1.0,2.0,1.0,,,,3.0,10.0,,,,,,,1.0,,,,,,,,,,,,,,,,,,,,,,,,,,,,,,7.0,2.0,,,,,,,,,,,,,,,,,,,,,,,,,,,,,,,,,,,,5.0,24.0,3.0,1.0,2.0,3.0,1.0,3.0,5.0,5.0,1.0,2.0
2531,5.0,0.0,0.0,15,15,15,0,0,0,0,7.0,14.0,11.0,23.0,21.0,34.0,72.95445336320968,149.33879237447786,5.75,858.6980561532478,0.0497795974581592,47.70544756406932,1.0,,,4.0,15.0,3.0,3.0,12.0,12.0,,,3.0,1.0,,2.0,1.0,2.0,1.0,,,,3.0,10.0,,,,,,,1.0,,,,,,,,,,,,,,,,,,,,,,,,,,,,,,7.0,2.0,,,,,,,,,,,,,,,,,,,,,,,,,,,,,,,,,,,,5.0,24.0,3.0,1.0,2.0,3.0,1.0,3.0,5.0,5.0,1.0,1.8
2532,6.0,0.0,0.0,16,16,16,0,0,0,0,6.0,14.0,11.0,24.0,20.0,35.0,68.81274391313339,151.26748332105768,5.142857142857143,777.9470570797253,0.0504224944403525,43.21928094887362,1.0,,,5.0,16.0,3.0,3.0,14.0,14.0,,,3.0,1.0,,3.0,,1.0,1.0,,,1.0,4.0,11.0,,,,,,,,,,,,,,,,,,,,,,,,,,,,,,,,,,,,,8.0,1.0,,,,,,,,,,,,,,,,,,,,,,,,,,,,,,,,,,,,6.0,26.0,4.0,1.0,2.0,4.0,1.0,3.0,6.0,5.0,1.0,1.6666666666666667
2533,5.0,0.0,0.0,15,15,15,0,0,0,0,7.0,14.0,11.0,23.0,21.0,34.0,72.95445336320968,149.33879237447786,5.75,858.6980561532478,0.0497795974581592,47.70544756406932,1.0,,,4.0,15.0,3.0,3.0,12.0,12.0,,,3.0,1.0,,2.0,1.0,2.0,1.0,,,,3.0,10.0,,,,,,,,1.0,,,,,,,,,,,,,,,,,,,,,,,,,,,,,7.0,2.0,,,,,,,,,,,,,,,,,,,,,,,,,,,,,,,,,,,,5.0,24.0,3.0,1.0,2.0,3.0,1.0,3.0,5.0,5.0,1.0,1.8
2535,8.0,0.0,0.0,19,19,19,0,0,0,0,7.0,18.0,15.0,34.0,25.0,49.0,94.71013448036484,227.5489532989615,6.611111111111111,1504.3514134764675,0.0758496510996538,83.57507852647042,1.0,,,5.0,19.0,3.0,3.0,16.0,16.0,,,3.0,2.0,,3.0,,2.0,2.0,,,1.0,5.0,14.0,,,,,,,,1.0,,,,,,,,,,,,,,,,,,,,,,,,,,,,,10.0,2.0,,,,,,,,,,,,,,,,,,,,,,,,,,,,,,,,,,,,8.0,36.0,4.0,2.0,2.0,4.0,1.0,3.0,7.0,6.0,1.0,3.0
2536,6.0,0.0,0.0,16,16,16,0,0,0,0,6.0,14.0,11.0,24.0,20.0,35.0,68.81274391313339,151.26748332105768,5.142857142857143,777.9470570797253,0.0504224944403525,43.21928094887362,1.0,,,5.0,16.0,3.0,3.0,14.0,14.0,,,3.0,1.0,,3.0,,1.0,1.0,,,1.0,4.0,11.0,,,,,,,,,,,,,,,,,,,,,,,,,,,,,,,,,,,,,8.0,1.0,,,,,,,,,,,,,,,,,,,,,,,,,,,,,,,,,,,,6.0,26.0,4.0,1.0,2.0,4.0,1.0,3.0,6.0,5.0,1.0,1.6666666666666667
2537,5.0,0.0,0.0,15,15,15,0,0,0,0,7.0,14.0,11.0,23.0,21.0,34.0,72.95445336320968,149.33879237447786,5.75,858.6980561532478,0.0497795974581592,47.70544756406932,1.0,,,4.0,15.0,3.0,3.0,12.0,12.0,,,3.0,1.0,,2.0,1.0,2.0,1.0,,,,3.0,10.0,,,,,,,1.0,,,,,,,,,,,,,,,,,,,,,,,,,,,,,,7.0,2.0,,,,,,,,,,,,,,,,,,,,,,,,,,,,,,,,,,,,5.0,24.0,3.0,1.0,2.0,3.0,1.0,3.0,5.0,5.0,1.0,1.8
2538,6.0,0.0,0.0,16,16,16,0,0,0,0,6.0,14.0,11.0,24.0,20.0,35.0,68.81274391313339,151.26748332105768,5.142857142857143,777.9470570797253,0.0504224944403525,43.21928094887362,1.0,,,5.0,16.0,3.0,3.0,14.0,14.0,,,3.0,1.0,,3.0,,1.0,1.0,,,1.0,4.0,11.0,,,,,,,,,,,,,,,,,,,,,,,,,,,,,,,,,,,,,8.0,1.0,,,,,,,,,,,,,,,,,,,,,,,,,,,,,,,,,,,,6.0,26.0,4.0,1.0,2.0,4.0,1.0,3.0,6.0,5.0,1.0,1.6666666666666667
2539,5.0,0.0,0.0,15,15,15,0,0,0,0,7.0,14.0,11.0,23.0,21.0,34.0,72.95445336320968,149.33879237447786,5.75,858.6980561532478,0.0497795974581592,47.70544756406932,1.0,,,4.0,15.0,3.0,3.0,12.0,12.0,,,3.0,1.0,,2.0,1.0,2.0,1.0,,,,3.0,10.0,,,,,,,1.0,,,,,,,,,,,,,,,,,,,,,,,,,,,,,,7.0,2.0,,,,,,,,,,,,,,,,,,,,,,,,,,,,,,,,,,,,5.0,24.0,3.0,1.0,2.0,3.0,1.0,3.0,5.0,5.0,1.0,1.8
2548,3.0,0.0,0.0,26,10,9,1,1,9,7,3.0,7.0,5.0,10.0,10.0,15.0,24.40637195656669,49.82892142331044,2.142857142857143,106.77626019280808,0.0166096404744368,5.932014455156004,1.0,,,3.0,10.0,2.0,2.0,5.0,5.0,3.0,3.0,2.0,,,3.0,,1.0,,,,1.0,,5.0,,,,,1.0,,,,,,,,,,,,,,,,,,,,,,,,,,,,,,,,4.0,1.0,6.0,,,,,,,,,,,,,,,,,,,,,,,,,,,,,,,,,,,4.0,16.0,,1.0,1.0,1.0,0.0,3.0,4.0,5.0,1.0,3.75
2588,4.0,0.0,0.0,20,12,12,1,1,0,7,5.0,13.0,9.0,18.0,18.0,27.0,59.71535681027101,112.58797503894245,3.4615384615384617,389.7276059040315,0.0375293250129808,21.651533661335083,1.0,,,1.0,12.0,2.0,2.0,7.0,7.0,2.0,2.0,3.0,,,4.0,,2.0,,,,1.0,1.0,8.0,,,,,,,,,,,,,,,,,,,,,,,,,,,,,,,,,,,,,6.0,3.0,8.0,,,,,,,,,,,,,,,,,,,,,,,,,,,,,,,,,,,4.0,23.0,1.0,1.0,2.0,1.0,1.0,3.0,7.0,17.0,1.0,8.428571428571429
2590,3.0,0.0,0.0,17,10,10,1,1,0,6,2.0,5.0,3.0,6.0,7.0,9.0,13.60964047443681,25.26619429851844,1.2,30.319433158222125,0.0084220647661728,1.6844129532345624,1.0,,,1.0,10.0,2.0,2.0,5.0,5.0,2.0,2.0,3.0,,,2.0,,,,,,1.0,,6.0,,,,,,,,,,,,,,,,,,,,,,,,,,,,,,,,,,,,,6.0,1.0,7.0,,,,,,,,,,,,,,,,,,,,,,,,,,,,,,,,,,,3.0,15.0,1.0,1.0,2.0,1.0,1.0,3.0,5.0,16.0,1.0,6.4
2594,3.0,0.0,0.0,16,10,10,1,1,0,5,2.0,5.0,3.0,6.0,7.0,9.0,13.60964047443681,25.26619429851844,1.2,30.319433158222125,0.0084220647661728,1.6844129532345624,1.0,,,1.0,10.0,2.0,2.0,5.0,5.0,2.0,2.0,3.0,,,2.0,,,,,,,1.0,6.0,,,,,,,,,,,,,,,,,,,,,,,,,,,,,,,,,,,,,6.0,1.0,6.0,,,,,,,,,,,,,,,,,,,,,,,,,,,,,,,,,,,3.0,15.0,1.0,1.0,2.0,1.0,1.0,3.0,5.0,16.0,1.0,6.4
2671,1.0,0.0,0.0,8,5,5,0,0,0,3,2.0,4.0,2.0,4.0,6.0,6.0,10.0,15.509775004326936,1.0,15.509775004326936,0.0051699250014423,0.861654166907052,1.0,,,2.0,5.0,,,7.0,7.0,,,,1.0,,,,1.0,1.0,,,,,3.0,2.0,,,,,,,,,,,,,,,,,,,,,,,,,,,,,,,,,,,,1.0,,3.0,,,,,,,,,,,,,,,,,,,,,,,,,,,,,,,,,,,1.0,11.0,2.0,1.0,1.0,2.0,1.0,3.0,6.0,4.0,1.0,2.0
2672,1.0,0.0,0.0,8,5,5,0,0,0,3,3.0,11.0,7.0,14.0,14.0,21.0,42.80863530717375,79.95445336320968,1.9090909090909087,152.64032005703666,0.0266514844544032,8.480017780946481,1.0,,,2.0,5.0,,,9.0,9.0,,,,1.0,,,,3.0,3.0,,,,,3.0,4.0,,,,,,,,,,,,1.0,,,,,,,,,,,,,,,,,,,,,,,,4.0,,3.0,,,,,,,,,,,,,,,,,,,,,,,,,,,,,,,,,,,1.0,16.0,2.0,1.0,1.0,2.0,1.0,3.0,7.0,4.0,1.0,2.142857142857143
2673,1.0,0.0,0.0,8,5,5,0,0,0,3,2.0,6.0,3.0,6.0,8.0,9.0,17.509775004326936,27.0,1.0,27.0,0.009,1.5,1.0,,,2.0,5.0,,,7.0,7.0,,,,1.0,,,,2.0,1.0,,,,,3.0,2.0,,,,,,,,,,,,,,,,,,,,,,,,,,,,,,,,,,,,2.0,,3.0,,,,,,,,,,,,,,,,,,,,,,,,,,,,,,,,,,,1.0,11.0,2.0,1.0,1.0,2.0,1.0,3.0,6.0,4.0,1.0,2.0
2804,2.0,0.0,0.0,8,7,7,0,0,0,1,3.0,6.0,4.0,8.0,9.0,12.0,20.264662506490406,38.03910001730775,2.0,76.0782000346155,0.0126797000057692,4.226566668589751,1.0,,,2.0,7.0,1.0,1.0,7.0,7.0,,,1.0,1.0,,2.0,,1.0,,,,1.0,,5.0,,,,,,,,,,,,,,,,,,,,,,,,,,,,,,,,,,,,,3.0,1.0,1.0,,,,,,,,,,,,,,,,,,,,,,,,,,,,,,,,,,,1.0,11.0,2.0,1.0,1.0,2.0,2.0,3.0,3.0,5.0,1.0,3.6666666666666665
2826,4.0,0.0,0.0,13,10,10,0,0,0,3,3.0,7.0,4.0,8.0,10.0,12.0,24.40637195656669,39.86313713864836,1.7142857142857142,68.33680652339717,0.0132877123795494,3.796489251299843,1.0,,,1.0,10.0,3.0,3.0,5.0,5.0,4.0,4.0,3.0,,,,,1.0,,,,2.0,1.0,4.0,,,,,,,,,,,,,,1.0,,,,,,,,,,,,,,,,,,,,,,,2.0,4.0,3.0,,,,,,,,,,,,,,,,,,,,,,,,,,,,,,,,,,,5.0,17.0,,1.0,1.0,1.0,0.0,3.0,5.0,5.0,1.0,4.0
2827,5.0,0.0,0.0,13,10,10,0,0,0,3,4.0,11.0,6.0,12.0,15.0,18.0,46.05374780501028,70.32403072095333,2.1818181818181817,153.43424884571635,0.0234413435736511,8.52412493587313,1.0,,,1.0,10.0,3.0,3.0,5.0,5.0,5.0,5.0,3.0,,,,,1.0,,,,2.0,2.0,4.0,,,,,,,,,,,,,,1.0,,,,,,,,,,,,,,,,,,,,,,,5.0,2.0,3.0,,,,,,,,,,,,,,,,,,,,,,,,,,,,,,,,,,,6.0,19.0,,1.0,1.0,1.0,0.0,3.0,5.0,5.0,1.0,4.0
2844,3.0,0.0,0.0,9,8,8,1,1,0,0,2.0,4.0,2.0,4.0,6.0,6.0,10.0,15.509775004326936,1.0,15.509775004326936,0.0051699250014423,0.861654166907052,1.0,,,1.0,8.0,3.0,3.0,6.0,6.0,4.0,4.0,3.0,,,,1.0,1.0,,,,,,3.0,,,,,1.0,,,,,,,,,,,,,,,,,,,,,,,,,,,,,,,,3.0,1.0,1.0,,,,,,,,,,,,,,,,,,,,,,,,,,,,,,,,,,,6.0,15.0,1.0,1.0,1.0,1.0,1.0,3.0,5.0,6.0,4.0,5.0
2845,3.0,0.0,0.0,9,8,8,1,1,0,0,2.0,4.0,2.0,4.0,6.0,6.0,10.0,15.509775004326936,1.0,15.509775004326936,0.0051699250014423,0.861654166907052,1.0,,,1.0,8.0,3.0,3.0,6.0,6.0,4.0,4.0,3.0,,,1.0,,1.0,,,,,,3.0,,,,,1.0,,,,,,,,,,,,,,,,,,,,,,,,,,,,,,,,3.0,1.0,1.0,,,,,,,,,,,,,,,,,,,,,,,,,,,,,,,,,,,6.0,15.0,1.0,1.0,1.0,1.0,1.0,3.0,5.0,6.0,4.0,5.0
2846,2.0,0.0,0.0,6,5,5,1,1,0,0,1.0,2.0,1.0,2.0,3.0,3.0,2.0,4.754887502163469,0.5,2.3774437510817346,0.0015849625007211,0.1320802083934297,1.0,,,1.0,5.0,1.0,1.0,6.0,6.0,2.0,2.0,1.0,,,,,2.0,,,,,,2.0,,,,,,,,,,,,,,,,,,,,,,,,,,,,,,,,,,,,,1.0,1.0,1.0,,,,,,,,,,,,,,,,,,,,,,,,,,,,,,,,,,,4.0,11.0,1.0,1.0,1.0,1.0,1.0,3.0,5.0,6.0,4.0,5.0
2847,2.0,0.0,0.0,6,5,5,1,1,0,0,1.0,2.0,1.0,2.0,3.0,3.0,2.0,4.754887502163469,0.5,2.3774437510817346,0.0015849625007211,0.1320802083934297,1.0,,,1.0,5.0,1.0,1.0,6.0,6.0,3.0,3.0,1.0,,,,,2.0,,,,,,2.0,,,,,,,,,,,,,,,,,,,,,,,,,,,,,,,,,,,,,,1.0,1.0,,,,,,,,,,,,,,,,,,,,,,,,,,,,,,,,,,,4.0,13.0,1.0,1.0,1.0,1.0,1.0,3.0,5.0,6.0,4.0,5.0
2849,3.0,0.0,0.0,10,9,9,1,1,0,0,2.0,3.0,2.0,4.0,5.0,6.0,6.754887502163469,13.931568569324174,1.3333333333333333,18.575424759098897,0.0046438561897747,1.0319680421721609,1.0,,,1.0,9.0,3.0,3.0,4.0,4.0,,,3.0,,,1.0,,1.0,,,,,,4.0,,,,,1.0,,,,,,,,,,,,,,,,,,,,,,,,,,,,,,,,3.0,1.0,1.0,,,,,,,,,,,,,,,,,,,,,,,,,,,,,,,,,,,6.0,12.0,,1.0,1.0,1.0,0.0,3.0,5.0,8.0,4.0,5.4
2850,3.0,0.0,0.0,10,8,8,1,1,0,1,2.0,3.0,2.0,4.0,5.0,6.0,6.754887502163469,13.931568569324174,1.3333333333333333,18.575424759098897,0.0046438561897747,1.0319680421721609,1.0,,,1.0,8.0,2.0,2.0,4.0,4.0,,,2.0,,,1.0,,1.0,,,,,,4.0,,,,,,,,1.0,,,,,,,,,,,,,,,,,,,,,,,,,,,,,3.0,1.0,2.0,,,,,,,,,,,,,,,,,,,,,,,,,,,,,,,,,,,5.0,12.0,,1.0,1.0,1.0,0.0,3.0,5.0,8.0,4.0,5.4
2851,3.0,0.0,0.0,11,9,9,0,0,0,2,3.0,4.0,3.0,6.0,7.0,9.0,12.75488750216347,25.26619429851844,2.25,56.848937171666485,0.0084220647661728,3.158274287314805,1.0,,,1.0,9.0,3.0,3.0,4.0,4.0,,,3.0,,,1.0,,2.0,,,,,,4.0,,,,,,1.0,,,,,,,,,,,,,,,,,,,,,,,,,,,,,,,3.0,,2.0,,,,,,,,,,,,,,,,,,,,,,,,,,,,,,,,,,,6.0,13.0,,1.0,1.0,1.0,0.0,3.0,5.0,8.0,4.0,5.4
2852,3.0,0.0,0.0,10,9,9,1,1,0,0,3.0,4.0,3.0,6.0,7.0,9.0,12.75488750216347,25.26619429851844,2.25,56.848937171666485,0.0084220647661728,3.158274287314805,1.0,,,1.0,9.0,3.0,3.0,4.0,4.0,,,3.0,,,1.0,,1.0,1.0,,,,,4.0,,,,,1.0,,,,,,,,,,,,,,,,,,,,,,,,,,,,,,,,3.0,1.0,1.0,,,,,,,,,,,,,,,,,,,,,,,,,,,,,,,,,,,6.0,13.0,,1.0,1.0,1.0,0.0,3.0,5.0,8.0,4.0,5.4
2853,3.0,0.0,0.0,10,9,9,1,1,0,0,3.0,3.0,3.0,6.0,6.0,9.0,9.509775004326938,23.264662506490403,3.0,69.79398751947122,0.0077548875021634,3.877443751081734,1.0,,,1.0,9.0,3.0,3.0,4.0,4.0,,,3.0,,,1.0,,2.0,,,,,,4.0,,,,,1.0,,,,,,,,,,,,,,,,,,,,,,,,,,,,,,,,3.0,1.0,1.0,,,,,,,,,,,,,,,,,,,,,,,,,,,,,,,,,,,6.0,13.0,,1.0,1.0,1.0,0.0,3.0,5.0,8.0,4.0,5.4
2918,1.0,0.0,0.0,23,7,6,4,4,8,5,3.0,7.0,4.0,8.0,10.0,12.0,24.40637195656669,39.86313713864836,1.7142857142857142,68.33680652339717,0.0132877123795494,3.796489251299843,1.0,,,3.0,7.0,,,8.0,8.0,,,,1.0,,,1.0,2.0,1.0,,,,,5.0,,,,,,,,,,,,,,,,,,,,,,,,,,,,,,,,,,,,,3.0,4.0,9.0,,,,,,,,,,,,,,,,,,,,,,,,,,,,,,,,,,,,11.0,2.0,1.0,1.0,2.0,2.0,3.0,5.0,16.0,10.0,11.8
2919,1.0,0.0,0.0,21,7,6,3,3,8,4,2.0,8.0,4.0,8.0,10.0,12.0,26.0,39.86313713864836,1.0,39.86313713864836,0.0132877123795494,2.2146187299249087,1.0,,,5.0,7.0,,,11.0,11.0,,,,1.0,,3.0,,,1.0,,,,,5.0,,,,,,,,,,,,,,,,,,,,,,,,,,,,,,,,,,,,,2.0,3.0,7.0,,,,,,,,,,,,,,,,,,,,,,,,,,,,,,,,,,,,10.0,4.0,1.0,1.0,4.0,1.0,3.0,5.0,7.0,6.0,6.8
2920,1.0,0.0,0.0,30,12,11,5,5,8,6,4.0,14.0,7.0,14.0,18.0,21.0,61.30296890880645,87.56842503028855,2.0,175.1368500605771,0.0291894750100961,9.729825003365397,1.0,,,5.0,12.0,,,7.0,7.0,,,,,,2.0,,3.0,1.0,,,,,10.0,,1.0,,,,,,,,,,,,,,,,,,,,,,,,,,,,,,,,,,,1.0,8.0,11.0,,,,,,,,,,,,,,,,,,,,,,,,,,,,,,,,,,,,20.0,3.0,,1.0,3.0,2.0,2.0,10.0,14.0,4.0,9.4
2921,1.0,0.0,0.0,23,7,6,3,3,8,6,4.0,7.0,4.0,8.0,11.0,12.0,27.651484454403228,41.51317942364757,2.2857142857142856,94.88726725405158,0.0138377264745491,5.27151484744731,1.0,,,3.0,7.0,,,10.0,10.0,,,,2.0,,1.0,1.0,1.0,1.0,,,,,4.0,,,,,,,,,,,,,,,,,,,,,,,,,,,,,,,,,,,,,4.0,3.0,9.0,,,,,,,,,,,,,,,,,,,,,,,,,,,,,,,,,,,,10.0,2.0,2.0,2.0,2.0,1.0,3.0,4.0,13.0,5.0,8.25
2922,1.0,0.0,0.0,21,6,5,4,4,8,4,3.0,7.0,4.0,8.0,10.0,12.0,24.40637195656669,39.86313713864836,1.7142857142857142,68.33680652339717,0.0132877123795494,3.796489251299843,1.0,,,2.0,6.0,,,7.0,7.0,,,,1.0,,,1.0,,2.0,,,,,4.0,,,,,,,,,,,,,1.0,,,,,,,,,,,,,,,,,,,,,,,,2.0,7.0,8.0,,,,,,,,,,,,,,,,,,,,,,,,,,,,,,,,,,,,8.0,1.0,1.0,1.0,1.0,1.0,3.0,4.0,15.0,5.0,10.5
2923,1.0,0.0,0.0,21,6,5,4,4,8,4,3.0,6.0,3.0,6.0,9.0,9.0,20.264662506490406,28.529325012980813,1.5,42.793987519471216,0.0095097750043269,2.377443751081734,1.0,,,2.0,6.0,,,5.0,5.0,,,,1.0,,1.0,,1.0,,,,,,4.0,,,,,,,,,,,,,1.0,,,,,,,,,,,,,,,,,,,,,,,,3.0,5.0,8.0,,,,,,,,,,,,,,,,,,,,,,,,,,,,,,,,,,,,8.0,1.0,1.0,1.0,1.0,1.0,3.0,4.0,9.0,5.0,6.5
2924,1.0,0.0,0.0,19,6,5,3,3,8,3,2.0,4.0,2.0,4.0,6.0,6.0,10.0,15.509775004326936,1.0,15.509775004326936,0.0051699250014423,0.861654166907052,1.0,,,4.0,6.0,,,7.0,7.0,,,,,,1.0,,1.0,,,,,,4.0,,,,,,,,,,,,,,,,,,,,,,,,,,,,,,,,,,,,,,3.0,6.0,,,,,,,,,,,,,,,,,,,,,,,,,,,,,,,,,,,,8.0,3.0,,1.0,3.0,1.0,2.0,4.0,10.0,5.0,6.75
2925,1.0,0.0,0.0,20,5,4,4,4,8,4,1.0,2.0,1.0,2.0,3.0,3.0,2.0,4.754887502163469,0.5,2.3774437510817346,0.0015849625007211,0.1320802083934297,1.0,,,2.0,5.0,,,3.0,3.0,,,,,,,,,,,,,,3.0,,,,,,,,,,,,,1.0,,,,,,,,,,,,,,,,,,,,,,,,1.0,4.0,8.0,,,,,,,,,,,,,,,,,,,,,,,,,,,,,,,,,,,,6.0,1.0,,1.0,1.0,1.0,2.0,3.0,9.0,5.0,7.0
2926,1.0,0.0,0.0,20,7,6,4,4,8,2,3.0,8.0,4.0,8.0,11.0,12.0,28.75488750216347,41.51317942364757,1.5,62.26976913547136,0.0138377264745491,3.4594316186372978,1.0,,,3.0,7.0,,,9.0,9.0,,,,1.0,,1.0,,2.0,1.0,,,,,5.0,,,,,,,,,,,,,,,,,,,,,,,,,,,,,,,,,,,,,2.0,6.0,6.0,,,,,,,,,,,,,,,,,,,,,,,,,,,,,,,,,,,,10.0,2.0,1.0,1.0,2.0,1.0,3.0,5.0,9.0,4.0,6.8
2927,1.0,0.0,0.0,20,6,5,4,4,8,3,2.0,4.0,2.0,4.0,6.0,6.0,10.0,15.509775004326936,1.0,15.509775004326936,0.0051699250014423,0.861654166907052,1.0,,,3.0,6.0,,,6.0,6.0,,,,1.0,,1.0,,1.0,,,,,,4.0,,,,,,,,,,,,,,,,,,,,,,,,,,,,,,,,,,,,,1.0,5.0,7.0,,,,,,,,,,,,,,,,,,,,,,,,,,,,,,,,,,,,8.0,2.0,1.0,1.0,2.0,2.0,3.0,4.0,12.0,3.0,6.5
2929,1.0,0.0,0.0,17,6,5,0,0,8,4,2.0,6.0,3.0,6.0,8.0,9.0,17.509775004326936,27.0,1.0,27.0,0.009,1.5,1.0,,,2.0,6.0,,,4.0,4.0,,,,,,,,3.0,1.0,,,,,3.0,,,,,,,,,,,,,,,,,,,,,,,,,,,,,,,,,,,,,1.0,1.0,4.0,,,,,,,,,,,,,,,,,,,,,,,,,,,,,,,,,,,2.0,9.0,1.0,,1.0,1.0,1.0,2.0,6.0,7.0,1.0,3.1666666666666665
2930,1.0,0.0,0.0,17,6,5,0,0,8,4,3.0,7.0,4.0,8.0,10.0,12.0,24.40637195656669,39.86313713864836,1.7142857142857142,68.33680652339717,0.0132877123795494,3.796489251299843,1.0,,,2.0,6.0,,,5.0,5.0,,,,,,,,3.0,1.0,,,,,3.0,,,,,,,,,,,,,1.0,,,,,,,,,,,,,,,,,,,,,,,,2.0,1.0,4.0,,,,,,,,,,,,,,,,,,,,,,,,,,,,,,,,,,,2.0,8.0,1.0,,1.0,1.0,1.0,2.0,5.0,11.0,1.0,3.8
2931,1.0,0.0,0.0,17,6,5,0,0,8,4,1.0,4.0,2.0,4.0,5.0,6.0,8.0,13.931568569324174,0.5,6.965784284662087,0.0046438561897747,0.3869880158145604,1.0,,,2.0,6.0,,,4.0,4.0,,,,,,,,3.0,,,,,,3.0,,,,,,,,,,,,,,,,,,,,,,,,,,,,,,,,,,,,,1.0,1.0,4.0,,,,,,,,,,,,,,,,,,,,,,,,,,,,,,,,,,,2.0,8.0,1.0,,1.0,1.0,1.0,2.0,5.0,10.0,1.0,4.0
2932,1.0,0.0,0.0,16,6,5,0,0,8,3,3.0,10.0,8.0,16.0,13.0,24.0,37.97416845103709,88.81055323538621,2.4,213.1453277649269,0.0296035177451287,11.841407098051494,1.0,,,4.0,6.0,,,9.0,9.0,,,,,,2.0,,5.0,1.0,,,,,4.0,,,,,,,,,,,,,,,,,,,,,,,,,,,,,,,,,,,,,,,3.0,,,,,,,,,,,,,,,,,,,,,,,,,,,,,,,,,,,,14.0,3.0,,1.0,3.0,1.0,2.0,4.0,3.0,2.0,2.25
2934,1.0,0.0,0.0,19,6,5,1,1,8,5,4.0,8.0,4.0,8.0,12.0,12.0,32.0,43.01955000865388,2.0,86.03910001730776,0.0143398500028846,4.779950000961542,1.0,,,3.0,6.0,,,9.0,9.0,,,,,,1.0,1.0,1.0,1.0,,,,,3.0,,,,,,,,,,,,,,,,,,,,,,,,,,,,,,,,,,,,,2.0,1.0,6.0,,,,,,,,,,,,,,,,,,,,,,,,,,,,,,,,,,,2.0,11.0,3.0,,1.0,2.0,2.0,2.0,5.0,4.0,1.0,2.2
2935,1.0,0.0,0.0,16,6,5,0,0,8,3,3.0,8.0,5.0,10.0,11.0,15.0,28.75488750216347,51.89147427955947,1.875,97.296514274174,0.0172971580931864,5.405361904120777,1.0,,,4.0,6.0,,,9.0,9.0,,,,,,2.0,,2.0,1.0,,,,,4.0,,,,,,,,,,,,,,,,,,,,,,,,,,,,,,,,,,,,,1.0,,3.0,,,,,,,,,,,,,,,,,,,,,,,,,,,,,,,,,,,,10.0,3.0,,1.0,3.0,1.0,2.0,4.0,2.0,2.0,2.0
2936,1.0,0.0,0.0,18,7,6,0,0,8,4,3.0,8.0,4.0,8.0,11.0,12.0,28.75488750216347,41.51317942364757,1.5,62.26976913547136,0.0138377264745491,3.4594316186372978,1.0,,,4.0,7.0,,,8.0,8.0,,,,,,1.0,,2.0,1.0,,,,,5.0,,,,,,,,,,,,,,,,,,,,,,,,,,,,,,,,,,,,,,2.0,4.0,,,,,,,,,,,,,,,,,,,,,,,,,,,,,,,,,,,,10.0,3.0,,1.0,3.0,2.0,2.0,5.0,7.0,1.0,3.8
2937,1.0,0.0,0.0,18,7,6,0,0,8,4,3.0,8.0,4.0,8.0,11.0,12.0,28.75488750216347,41.51317942364757,1.5,62.26976913547136,0.0138377264745491,3.4594316186372978,1.0,,,4.0,7.0,,,8.0,8.0,,,,,,1.0,,2.0,1.0,,,,,5.0,,,,,,,,,,,,,,,,,,,,,,,,,,,,,,,,,,,,,,2.0,4.0,,,,,,,,,,,,,,,,,,,,,,,,,,,,,,,,,,,,10.0,3.0,,1.0,3.0,2.0,2.0,5.0,7.0,1.0,3.8
2938,1.0,0.0,0.0,9,7,7,0,0,0,2,4.0,10.0,7.0,14.0,14.0,21.0,41.21928094887362,79.95445336320968,2.8,223.8724694169871,0.0266514844544032,12.43735941205484,1.0,,,3.0,7.0,,,11.0,11.0,,,,1.0,,1.0,1.0,3.0,,,,,,5.0,3.0,,,,,,,,,,,,2.0,,,,,,,,,,,,,,,,,,,,,,,,4.0,,2.0,,,,,,,,,,,,,,,,,,,,,,,,,,,,,,,,,,,1.0,19.0,3.0,1.0,1.0,3.0,1.0,3.0,8.0,7.0,1.0,3.25
2946,1.0,0.0,0.0,8,6,6,0,0,0,2,2.0,10.0,5.0,10.0,12.0,15.0,35.219280948873624,53.77443751081735,1.0,53.77443751081735,0.0179248125036057,2.987468750600964,1.0,,,3.0,6.0,,,8.0,8.0,,,,1.0,,2.0,,3.0,,,,,,5.0,,,,,,,,,,,,,,,,,,,,,,,,,,,,,,,,,,,,,1.0,3.0,2.0,,,,,,,,,,,,,,,,,,,,,,,,,,,,,,,,,,,,10.0,3.0,1.0,1.0,3.0,1.0,3.0,4.0,10.0,2.0,4.0
2966,2.0,0.0,0.0,26,11,10,4,4,8,4,4.0,9.0,6.0,12.0,13.0,18.0,36.52932501298081,66.60791492653966,2.6666666666666665,177.62110647077242,0.0222026383088465,9.867839248376246,1.0,,,5.0,11.0,2.0,2.0,9.0,9.0,,,2.0,1.0,,,1.0,3.0,1.0,,,,,7.0,,,,,1.0,,,,,,,,,,,,,,,,,,,,,,,,,,,,,,,,3.0,4.0,8.0,,,,,,,,,,,,,,,,,,,,,,,,,,,,,,,,,,,2.0,16.0,2.0,1.0,1.0,3.0,2.0,3.0,6.0,16.0,8.0,10.833333333333334
2967,3.0,0.0,0.0,28,13,12,4,4,8,4,2.0,4.0,2.0,4.0,6.0,6.0,10.0,15.509775004326936,1.0,15.509775004326936,0.0051699250014423,0.861654166907052,1.0,,,5.0,13.0,4.0,4.0,8.0,8.0,,,4.0,1.0,,,,,,,,,1.0,5.0,,,,,,,,1.0,,,,,,,,,,,,,,,,,,,,,,,,,,,,,1.0,5.0,8.0,,,,,,,,,,,,,,,,,,,,,,,,,,,,,,,,,,,4.0,12.0,2.0,1.0,3.0,2.0,1.0,3.0,4.0,14.0,2.0,6.75
2968,2.0,0.0,0.0,27,12,11,4,4,8,4,3.0,11.0,7.0,14.0,14.0,21.0,42.80863530717375,79.95445336320968,1.9090909090909087,152.64032005703666,0.0266514844544032,8.480017780946481,1.0,,,5.0,12.0,2.0,2.0,8.0,8.0,,,2.0,,,2.0,,4.0,,,,,,8.0,,,,,1.0,,,,,,,,,,,,,,,,,,,,,,,,,,,,,,,,,7.0,8.0,,,,,,,,,,,,,,,,,,,,,,,,,,,,,,,,,,,2.0,18.0,2.0,,1.0,3.0,1.0,2.0,7.0,9.0,3.0,5.571428571428571
2969,2.0,0.0,0.0,23,9,8,3,3,8,4,3.0,6.0,3.0,6.0,9.0,9.0,20.264662506490406,28.529325012980813,1.5,42.793987519471216,0.0095097750043269,2.377443751081734,1.0,,,4.0,9.0,2.0,2.0,9.0,9.0,,,2.0,1.0,,1.0,,1.0,,,,,,5.0,,,,,1.0,,,,,,,,,,,,,,,,,,,,,,,,,,,,,,,,2.0,4.0,7.0,,,,,,,,,,,,,,,,,,,,,,,,,,,,,,,,,,,2.0,10.0,3.0,1.0,1.0,3.0,2.0,3.0,4.0,5.0,3.0,4.5
2970,2.0,0.0,0.0,25,10,9,4,4,8,4,4.0,9.0,5.0,10.0,13.0,15.0,36.52932501298081,55.506595772116384,2.2222222222222223,123.34799060470309,0.0185021985907054,6.852666144705727,1.0,,,4.0,10.0,2.0,2.0,9.0,9.0,,,2.0,1.0,,,1.0,,2.0,,,,,4.0,,,,,,,1.0,,,,,,1.0,,,,,,,,,,,,,,,,,,,,,,,,2.0,8.0,8.0,,,,,,,,,,,,,,,,,,,,,,,,,,,,,,,,,,,2.0,9.0,1.0,1.0,3.0,1.0,1.0,3.0,4.0,7.0,5.0,5.5
2971,2.0,0.0,0.0,26,11,10,4,4,8,4,4.0,8.0,4.0,8.0,12.0,12.0,32.0,43.01955000865388,2.0,86.03910001730776,0.0143398500028846,4.779950000961542,1.0,,,5.0,11.0,2.0,2.0,9.0,9.0,,,2.0,1.0,,1.0,,1.0,,,,,,5.0,,,,,,,,1.0,,,,,1.0,,,,,,,,,,,,,,,,,,,,,,,,3.0,5.0,8.0,,,,,,,,,,,,,,,,,,,,,,,,,,,,,,,,,,,2.0,11.0,2.0,1.0,3.0,2.0,1.0,3.0,5.0,11.0,5.0,7.4
2972,2.0,0.0,0.0,26,11,10,5,4,8,4,3.0,6.0,3.0,6.0,9.0,9.0,20.264662506490406,28.529325012980813,1.5,42.793987519471216,0.0095097750043269,2.377443751081734,1.0,,,6.0,11.0,2.0,2.0,9.0,9.0,,,2.0,,,1.0,,1.0,,,,,,5.0,,,,,,,,1.0,,,,,,,,,,,,,,,,,,,,,,,,,,,,,1.0,5.0,8.0,,,,,,,,,,,,,,,,,,,,,,,,,,,,,,,,,,,2.0,11.0,3.0,,3.0,3.0,1.0,2.0,5.0,10.0,5.0,6.6
2973,2.0,0.0,0.0,26,11,10,5,4,8,4,3.0,5.0,3.0,6.0,8.0,9.0,16.36452797660028,27.0,1.8,48.6,0.009,2.7,1.0,,,6.0,11.0,2.0,2.0,9.0,9.0,,,2.0,,,1.0,,1.0,,,,,1.0,5.0,,,,,,,,,,,,,,,,,,,,,,,,,,,,,,,,,,,,,1.0,5.0,8.0,,,,,,,,,,,,,,,,,,,,,,,,,,,,,,,,,,,2.0,11.0,3.0,,3.0,3.0,1.0,2.0,5.0,10.0,5.0,6.6
2974,2.0,0.0,0.0,27,12,11,4,4,8,4,4.0,10.0,5.0,10.0,14.0,15.0,41.21928094887362,57.11032383086405,2.0,114.22064766172812,0.019036774610288,6.345591536762672,1.0,,,6.0,12.0,2.0,2.0,13.0,13.0,,,2.0,1.0,,1.0,,2.0,1.0,,,1.0,,6.0,,,,,,,,,,,,,,,,,,,,,,,,,,,,,,,,,,,,,2.0,6.0,8.0,,,,,,,,,,,,,,,,,,,,,,,,,,,,,,,,,,,2.0,13.0,3.0,1.0,3.0,3.0,2.0,3.0,6.0,9.0,4.0,6.333333333333333
2975,2.0,0.0,0.0,27,12,11,4,4,8,4,3.0,8.0,4.0,8.0,11.0,12.0,28.75488750216347,41.51317942364757,1.5,62.26976913547136,0.0138377264745491,3.4594316186372978,1.0,,,6.0,12.0,2.0,2.0,12.0,12.0,,,2.0,1.0,,1.0,,2.0,,,,,,6.0,,,,,,,,1.0,,,,,,,,,,,,,,,,,,,,,,,,,,,,,1.0,6.0,8.0,,,,,,,,,,,,,,,,,,,,,,,,,,,,,,,,,,,2.0,13.0,3.0,1.0,3.0,3.0,2.0,3.0,6.0,11.0,4.0,7.5
3031,6.0,0.0,0.0,19,11,10,0,0,5,4,4.0,8.0,9.0,18.0,12.0,27.0,32.0,96.79398751947124,4.5,435.5729438376205,0.0322646625064904,24.198496879867808,1.0,,,2.0,11.0,4.0,4.0,7.0,7.0,,,4.0,1.0,,,,,,,,,2.0,5.0,,,,,,,3.0,,,,,,2.0,,,,,,,,,,,,,,,,,,,,,,,,10.0,,3.0,,,,,,,,,,,,,,,,,,,,,,,,,,,,,,,,,,,6.0,13.0,1.0,1.0,1.0,1.0,1.0,3.0,2.0,2.0,1.0,1.5
3032,6.0,0.0,0.0,21,11,10,2,2,5,4,5.0,11.0,11.0,22.0,16.0,33.0,49.66338827944709,132.0,5.0,660.0,0.044,36.66666666666666,1.0,,,2.0,11.0,4.0,4.0,9.0,9.0,,,4.0,1.0,,,,,2.0,,,,2.0,5.0,,,,,,,3.0,,,,,,2.0,,,,,,,,,,,,,,,,,,,,,,,,12.0,2.0,5.0,,,,,,,,,,,,,,,,,,,,,,,,,,,,,,,,,,,6.0,13.0,1.0,1.0,1.0,1.0,1.0,3.0,2.0,2.0,1.0,1.5
3033,6.0,0.0,0.0,19,10,9,2,2,5,3,8.0,12.0,12.0,22.0,20.0,34.0,67.01955000865388,146.94555522617034,7.333333333333333,1077.600738325249,0.0489818517420567,59.866707684736056,1.0,,,3.0,10.0,4.0,4.0,7.0,7.0,,,4.0,1.0,,,3.0,,2.0,,,2.0,1.0,3.0,,,,,1.0,,,1.0,,,,,,,,,,,,,,,,,,,,,,,,,,,,,8.0,2.0,4.0,,,,,,,,,,,,,,,,,,,,,,,,,,,,,,,,,,,7.0,11.0,1.0,1.0,2.0,1.0,1.0,3.0,2.0,2.0,1.0,1.5
3034,7.0,0.0,0.0,21,12,11,2,2,5,3,9.0,16.0,15.0,28.0,25.0,43.0,92.52932501298082,199.68581616031315,7.875,1572.5258022624662,0.0665619387201043,87.362544570137,1.0,,,3.0,12.0,5.0,5.0,11.0,11.0,,,5.0,1.0,,,2.0,,2.0,,,2.0,2.0,4.0,,,,,,,1.0,1.0,,,,,2.0,,,,,,,,,,,,,,,,,,,,,,,,12.0,2.0,4.0,,,,,,,,,,,,,,,,,,,,,,,,,,,,,,,,,,,8.0,13.0,1.0,2.0,2.0,1.0,1.0,4.0,2.0,2.0,1.0,1.5
3035,7.0,0.0,0.0,20,11,10,2,2,5,3,4.0,14.0,10.0,20.0,18.0,30.0,61.30296890880645,125.09775004326936,2.857142857142857,357.42214298076965,0.0416992500144231,19.85678572115387,1.0,,,3.0,11.0,4.0,4.0,12.0,12.0,,,4.0,1.0,,,,,,,,3.0,,3.0,4.0,,,,,,,3.0,,,,,,,,,,,,,,,,,,,,,,,,,,,,,7.0,2.0,4.0,,,,,,,,,,,,,,,,,,,,,,,,,,,,,,,,,,,9.0,21.0,1.0,1.0,2.0,1.0,1.0,3.0,6.0,7.0,1.0,3.333333333333333
3036,7.0,0.0,0.0,19,9,8,2,2,5,4,7.0,13.0,12.0,22.0,20.0,34.0,67.75720079023742,146.94555522617034,5.923076923076923,870.3698271088551,0.0489818517420567,48.353879283825286,1.0,,,2.0,9.0,3.0,3.0,7.0,7.0,,,3.0,1.0,,,2.0,,,,,2.0,2.0,4.0,,,,,,,1.0,1.0,,,,,,,,,,,,,,,,,,,,,,,,,,,,,9.0,2.0,5.0,,,,,,,,,,,,,,,,,,,,,,,,,,,,,,,,,,,7.0,12.0,1.0,1.0,1.0,1.0,1.0,3.0,2.0,2.0,1.0,1.5
3037,7.0,0.0,0.0,19,9,8,2,2,5,4,8.0,14.0,13.0,24.0,22.0,37.0,77.30296890880645,164.99896988958,6.857142857142857,1131.421507814263,0.05499965662986,62.8567504341257,1.0,,,2.0,9.0,3.0,3.0,7.0,7.0,,,3.0,1.0,,,2.0,,,,,2.0,2.0,4.0,,,,,,,1.0,1.0,,,,,1.0,,,,,,,,,,,,,,,,,,,,,,,,9.0,2.0,5.0,,,,,,,,,,,,,,,,,,,,,,,,,,,,,,,,,,,7.0,13.0,1.0,1.0,1.0,1.0,1.0,3.0,2.0,2.0,1.0,1.5
3038,7.0,0.0,0.0,19,9,8,2,2,5,4,9.0,16.0,14.0,26.0,25.0,40.0,92.52932501298082,185.75424759098897,7.3125,1358.3279355091067,0.0619180825303296,75.46266308383926,1.0,,,2.0,9.0,3.0,3.0,10.0,10.0,,,3.0,1.0,,,2.0,,1.0,,,2.0,2.0,4.0,,,,,,,1.0,1.0,,,,,1.0,,,,,,,,,,,,,,,,,,,,,,,,10.0,2.0,5.0,,,,,,,,,,,,,,,,,,,,,,,,,,,,,,,,,,,7.0,13.0,1.0,3.0,1.0,1.0,1.0,4.0,2.0,2.0,1.0,1.5
3039,7.0,0.0,0.0,20,11,10,2,2,5,3,7.0,14.0,13.0,23.0,21.0,36.0,72.95445336320968,158.12342722003538,5.75,909.2097065152036,0.0527078090733451,50.51165036195575,1.0,,,3.0,11.0,4.0,4.0,11.0,11.0,,,4.0,1.0,,,3.0,,,,,2.0,2.0,3.0,2.0,,,,,,1.0,1.0,,,,,,,,,,,,,,,,,,,,,,,,,,,,,5.0,4.0,4.0,,,,,,,,,,,,,,,,,,,,,,,,,,,,,,,,,,,9.0,17.0,1.0,1.0,2.0,1.0,1.0,3.0,5.0,4.0,1.0,3.0
3041,7.0,0.0,0.0,19,10,9,2,2,5,3,10.0,19.0,19.0,33.0,29.0,52.0,113.92990370430176,252.6150117466338,8.68421052631579,2193.761944115504,0.0842050039155446,121.87566356197244,1.0,,,3.0,10.0,4.0,4.0,10.0,10.0,,,4.0,1.0,,1.0,6.0,,2.0,,,2.0,1.0,3.0,,,,,,,1.0,2.0,,,,,,,,,,,,,,,,,,,,,,,,,,,,,11.0,2.0,4.0,,,,,,,,,,,,,,,,,,,,,,,,,,,,,,,,,,,8.0,12.0,1.0,1.0,2.0,1.0,1.0,3.0,2.0,2.0,1.0,1.5
3053,6.0,0.0,0.0,12,10,10,0,0,0,2,5.0,20.0,15.0,30.0,25.0,45.0,98.04820237218406,208.9735285398626,3.75,783.6507320244848,0.0696578428466208,43.536151779138045,1.0,,,1.0,10.0,4.0,4.0,7.0,7.0,,,4.0,1.0,,4.0,,4.0,,,,,2.0,5.0,,,,,,,3.0,,,,,,,,,,,,,,,,,,,,,,,,,,,,,,10.0,4.0,2.0,,,,,,,,,,,,,,,,,,,,,,,,,,,,,,,,,,,6.0,15.0,1.0,1.0,1.0,1.0,1.0,3.0,2.0,7.0,5.0,6.0
3054,6.0,0.0,0.0,14,11,11,0,0,0,3,5.0,21.0,15.0,30.0,26.0,45.0,103.8483063527908,211.5197873163492,3.571428571428572,755.4278118441042,0.0705065957721163,41.9682117691169,1.0,,,1.0,11.0,4.0,4.0,7.0,7.0,,,4.0,1.0,,4.0,,4.0,,,,,2.0,6.0,,,,,,,3.0,,,,,,,,,,,,,,,,,,,,,,,,,,,,,,10.0,4.0,3.0,,,,,,,,,,,,,,,,,,,,,,,,,,,,,,,,,,,6.0,17.0,1.0,1.0,1.0,1.0,1.0,3.0,3.0,7.0,5.0,6.0
3055,6.0,0.0,0.0,14,11,11,0,0,0,3,4.0,12.0,11.0,22.0,16.0,33.0,51.01955000865388,132.0,3.6666666666666665,484.0,0.044,26.88888888888889,1.0,,,1.0,11.0,4.0,4.0,7.0,7.0,,,4.0,1.0,,,,4.0,,,,,2.0,6.0,,,,,,,3.0,,,,,,,,,,,,,,,,,,,,,,,,,,,,,,4.0,5.0,3.0,,,,,,,,,,,,,,,,,,,,,,,,,,,,,,,,,,,6.0,18.0,1.0,1.0,1.0,1.0,1.0,3.0,3.0,7.0,5.0,6.0
3058,6.0,0.0,0.0,14,11,11,0,0,0,3,5.0,20.0,15.0,30.0,25.0,45.0,98.04820237218406,208.9735285398626,3.75,783.6507320244848,0.0696578428466208,43.536151779138045,1.0,,,1.0,11.0,4.0,4.0,7.0,7.0,,,4.0,1.0,,4.0,,4.0,,,,,2.0,6.0,,,,,,,3.0,,,,,,,,,,,,,,,,,,,,,,,,,,,,,,9.0,4.0,3.0,,,,,,,,,,,,,,,,,,,,,,,,,,,,,,,,,,,6.0,18.0,1.0,1.0,1.0,1.0,1.0,3.0,3.0,7.0,5.0,6.0
3060,8.0,0.0,0.0,26,18,17,1,1,5,3,6.0,18.0,16.0,35.0,24.0,51.0,90.56842503028857,233.833087536779,5.833333333333333,1364.026343964544,0.0779443625122596,75.77924133136356,1.0,,,8.0,18.0,5.0,5.0,13.0,13.0,,,5.0,,,6.0,,2.0,,,,4.0,2.0,9.0,,,,,1.0,,,,,,,,,,,,,,,,,,,,,,,,,,,,,,,,9.0,1.0,4.0,,,,,,,,,,,,,,,,,,,,,,,,,,,,,,,,,,,9.0,27.0,3.0,,3.0,3.0,1.0,2.0,5.0,7.0,2.0,4.2
3061,5.0,0.0,0.0,28,20,19,1,1,5,3,4.0,13.0,10.0,20.0,17.0,30.0,56.1057163358342,122.6238852375102,3.076923076923077,377.30426226926215,0.0408746284125033,20.96134790384789,1.0,,,11.0,20.0,6.0,6.0,16.0,16.0,,,6.0,,,3.0,,,3.0,,,1.0,,8.0,1.0,,,,3.0,,,,,,,,,,,,,,,,,,,,,,,,,,,,,,,,7.0,1.0,4.0,,,,,,,,,,,,,,,,,,,,,,,,,,,,,,,,,,,6.0,19.0,4.0,,4.0,2.0,1.0,2.0,6.0,9.0,4.0,6.333333333333333
3062,9.0,0.0,0.0,34,27,26,1,1,5,2,6.0,15.0,12.0,24.0,21.0,36.0,74.11313393845472,158.12342722003538,4.8,758.9924506561698,0.0527078090733451,42.1662472586761,1.0,,,12.0,27.0,12.0,12.0,24.0,24.0,,,12.0,,,2.0,,1.0,,,,,,6.0,1.0,,,,3.0,,1.0,4.0,,,,,,,,,,,,,,,,,,,,,,,,,,,,,8.0,1.0,3.0,,,,,,,,,,,,,,,,,,,,,,,,,,,,,,,,,,,13.0,21.0,5.0,,8.0,3.0,1.0,2.0,5.0,5.0,1.0,3.4
3063,13.0,0.0,0.0,31,24,23,1,1,5,2,6.0,30.0,24.0,48.0,36.0,72.0,162.7164928725825,372.2346001038465,4.8,1786.7260804984628,0.1240782000346154,99.26256002769236,1.0,,,11.0,24.0,10.0,10.0,25.0,25.0,,,10.0,,,,3.0,3.0,,,,,,6.0,1.0,,,,3.0,,3.0,6.0,,,,,,,,,,,,,,,,,,,,,,,,,,,,,15.0,1.0,3.0,,,,,,,,,,,,,,,,,,,,,,,,,,,,,,,,,,,16.0,25.0,5.0,,7.0,3.0,1.0,2.0,5.0,8.0,1.0,4.2
3064,8.0,0.0,0.0,25,18,17,1,1,5,2,6.0,19.0,16.0,32.0,25.0,48.0,96.22039775975506,222.9050971091868,5.052631578947368,1126.257332762207,0.0743016990363956,62.56985182012261,1.0,,,9.0,18.0,6.0,6.0,19.0,19.0,,,6.0,,,5.0,,1.0,,,,,,6.0,1.0,,,,3.0,,2.0,2.0,,,,,,,,,,,,,,,,,,,,,,,,,,,,,7.0,1.0,3.0,,,,,,,,,,,,,,,,,,,,,,,,,,,,,,,,,,,9.0,23.0,2.0,,5.0,3.0,1.0,2.0,5.0,6.0,2.0,3.8
3065,7.0,0.0,0.0,25,18,17,1,1,5,2,6.0,18.0,14.0,28.0,24.0,42.0,90.56842503028857,192.56842503028852,4.666666666666667,898.6526501413467,0.0641894750100962,49.92514723007482,1.0,,,9.0,18.0,6.0,6.0,18.0,18.0,,,6.0,,,,1.0,5.0,,,,,,6.0,1.0,,,,3.0,,1.0,2.0,,,,,,,,,,,,,,,,,,,,,,,,,,,,,6.0,1.0,3.0,,,,,,,,,,,,,,,,,,,,,,,,,,,,,,,,,,,8.0,22.0,2.0,,5.0,3.0,1.0,2.0,5.0,6.0,2.0,4.6
3066,9.0,0.0,0.0,23,16,15,1,1,5,2,7.0,22.0,16.0,34.0,29.0,50.0,117.75898006442377,242.89904975637864,5.409090909090909,1313.8630418640482,0.0809663499187928,72.99239121466934,1.0,,,8.0,16.0,4.0,4.0,19.0,19.0,,,4.0,,,2.0,1.0,1.0,,,,1.0,,6.0,,,,,,,3.0,4.0,,,,,,,,,,,,,,,,,,,,,,,,,,,,,10.0,1.0,3.0,,,,,,,,,,,,,,,,,,,,,,,,,,,,,,,,,,,10.0,20.0,4.0,,5.0,4.0,1.0,2.0,6.0,8.0,2.0,3.6666666666666665
3067,11.0,0.0,0.0,24,17,16,1,1,5,2,6.0,27.0,22.0,46.0,33.0,68.0,143.89173756274062,343.01880011637485,5.111111111111111,1753.2072005948046,0.1143396000387916,97.4004000330447,1.0,,,10.0,17.0,5.0,5.0,21.0,21.0,,,5.0,,,6.0,,1.0,,,,,,7.0,1.0,,,,2.0,,4.0,4.0,,,,,,,,,,,,,,,,,,,,,,,,,,,,,9.0,1.0,3.0,,,,,,,,,,,,,,,,,,,,,,,,,,,,,,,,,,,12.0,28.0,4.0,,4.0,5.0,1.0,2.0,7.0,6.0,2.0,3.2857142857142856
3068,9.0,0.0,0.0,30,19,18,1,1,5,6,6.0,25.0,21.0,43.0,31.0,64.0,131.60617974869504,317.06856386476005,5.16,1636.073789542162,0.1056895212882533,90.89298830789788,1.0,,,10.0,19.0,6.0,6.0,22.0,22.0,,,6.0,,,6.0,,4.0,,,,,,7.0,1.0,,,,3.0,,2.0,3.0,,,,,,,,,,,,,,,,,,,,,,,,,,,,,9.0,1.0,7.0,,,,,,,,,,,,,,,,,,,,,,,,,,,,,,,,,,,10.0,28.0,3.0,,5.0,4.0,1.0,2.0,6.0,8.0,2.0,4.5
3069,8.0,0.0,0.0,25,18,17,1,1,5,2,6.0,20.0,16.0,32.0,26.0,48.0,101.9483369020742,225.62110647077245,4.8,1082.9813110597077,0.0752070354902574,60.16562839220598,1.0,,,9.0,18.0,6.0,6.0,19.0,19.0,,,6.0,,,5.0,,,,,,,,6.0,1.0,,,,3.0,,2.0,2.0,,,,,1.0,,,,,,,,,,,,,,,,,,,,,,,,7.0,1.0,3.0,,,,,,,,,,,,,,,,,,,,,,,,,,,,,,,,,,,9.0,23.0,2.0,,5.0,3.0,1.0,2.0,5.0,6.0,2.0,3.8
3087,5.0,0.0,0.0,21,21,21,0,0,0,0,6.0,9.0,11.0,22.0,15.0,33.0,44.03910001730775,128.92738965508113,7.333333333333333,945.4675241372616,0.0429757965516937,52.5259735631812,1.0,,,2.0,21.0,5.0,5.0,11.0,11.0,,,5.0,2.0,,,,,2.0,,,,2.0,10.0,,1.0,,,1.0,1.0,,,,,,,,4.0,,,,,,,,,,,,,,,,,,,,,,,13.0,2.0,,,,,,,,,,,,,,,,,,,,,,,,,,,,,,,,,,,,5.0,26.0,2.0,2.0,2.0,2.0,1.0,3.0,7.0,13.0,1.0,8.714285714285714
3088,4.0,0.0,0.0,17,17,17,0,0,0,0,7.0,11.0,11.0,22.0,18.0,33.0,57.70523225941351,137.6075250475963,7.0,963.2526753331742,0.0458691750158654,53.51403751850968,1.0,,,2.0,17.0,4.0,4.0,12.0,12.0,,,4.0,2.0,,1.0,,2.0,2.0,,,,1.0,9.0,,1.0,,,1.0,1.0,,,,,,,,2.0,,,,,,,,,,,,,,,,,,,,,,,12.0,2.0,,,,,,,,,,,,,,,,,,,,,,,,,,,,,,,,,,,,4.0,22.0,2.0,2.0,2.0,2.0,1.0,3.0,6.0,12.0,1.0,6.666666666666667
3089,4.0,0.0,0.0,13,12,12,0,0,0,1,4.0,3.0,4.0,8.0,7.0,12.0,12.75488750216347,33.68825906469125,5.333333333333333,179.67071501168667,0.0112294196882304,9.981706389538148,1.0,,,5.0,12.0,3.0,3.0,8.0,8.0,,,3.0,,,,,,,,,1.0,1.0,6.0,,,,,,1.0,,,,,,,,1.0,,,,,,,,,,,,,,,,,,,,,,,4.0,,1.0,,,,,,,,,,,,,,,,,,,,,,,,,,,,,,,,,,,3.0,13.0,2.0,,2.0,2.0,1.0,2.0,3.0,5.0,1.0,3.6666666666666665
3091,8.0,0.0,0.0,16,15,15,0,0,0,1,7.0,21.0,14.0,29.0,28.0,43.0,111.8901503327572,206.71626164847697,4.833333333333333,999.1285979676386,0.0689054205494923,55.50714433153548,1.0,,,8.0,15.0,5.0,5.0,12.0,12.0,,,5.0,1.0,,,,2.0,1.0,,,,1.0,6.0,6.0,,,,5.0,1.0,,,,,,,,3.0,,,,,,,,,,,,,,,,,,,,,,,9.0,1.0,1.0,,,,,,,,,,,,,,,,,,,,,,,,,,,,,,,,,,,7.0,25.0,,1.0,1.0,2.0,0.0,3.0,5.0,6.0,1.0,4.2
3092,9.0,0.0,0.0,18,17,17,0,0,0,1,7.0,23.0,16.0,33.0,30.0,49.0,123.69340944371451,240.4376391848174,5.021739130434782,1207.415101123757,0.0801458797282724,67.07861672909762,1.0,,,9.0,17.0,6.0,6.0,13.0,13.0,,,6.0,1.0,,,,2.0,1.0,,,,1.0,6.0,7.0,,,,6.0,1.0,,,,,,,,4.0,,,,,,,,,,,,,,,,,,,,,,,10.0,1.0,1.0,,,,,,,,,,,,,,,,,,,,,,,,,,,,,,,,,,,8.0,28.0,,1.0,1.0,2.0,0.0,3.0,5.0,6.0,1.0,4.2
3093,4.0,0.0,0.0,12,11,11,0,0,0,1,3.0,10.0,5.0,10.0,13.0,15.0,37.97416845103709,55.506595772116384,1.5,83.25989365817458,0.0185021985907054,4.625549647676365,1.0,,,5.0,11.0,3.0,3.0,7.0,7.0,,,3.0,,,,,,,,,,,4.0,3.0,,,,2.0,1.0,,,,,,,,2.0,,,,,,,,,,,,,,,,,,,,,,,4.0,,1.0,,,,,,,,,,,,,,,,,,,,,,,,,,,,,,,,,,,3.0,14.0,,,2.0,2.0,0.0,2.0,4.0,5.0,1.0,3.0
3095,5.0,0.0,0.0,16,15,15,0,0,0,1,3.0,14.0,7.0,14.0,17.0,21.0,58.05785641096992,85.83671966625714,1.5,128.75507949938572,0.0286122398887523,7.153059972188095,1.0,,,6.0,15.0,4.0,4.0,9.0,9.0,,,4.0,,,,,,,,,,,5.0,4.0,,,,3.0,1.0,,,,,,,,3.0,,,,,,,,,,,,,,,,,,,,,,,6.0,,1.0,,,,,,,,,,,,,,,,,,,,,,,,,,,,,,,,,,,4.0,19.0,,,3.0,2.0,0.0,2.0,5.0,5.0,1.0,3.0
3096,7.0,0.0,0.0,13,13,13,0,0,0,0,7.0,14.0,12.0,24.0,21.0,36.0,72.95445336320968,158.12342722003538,6.0,948.7405633202122,0.0527078090733451,52.707809073345125,1.0,,,2.0,13.0,5.0,5.0,9.0,9.0,,,5.0,,,,1.0,,,,,,,3.0,,,,,3.0,1.0,1.0,1.0,,,,,,4.0,,,,,,,,,,,,,,,,,,,,,,,11.0,,,,,,,,,,,,,,,,,,,,,,,,,,,,,,,,,,,,,6.0,15.0,2.0,,1.0,2.0,1.0,2.0,2.0,6.0,1.0,3.5
3097,7.0,0.0,0.0,13,13,13,0,0,0,0,7.0,15.0,12.0,24.0,22.0,36.0,78.25484338853101,160.5395382709427,5.6,899.0214143172791,0.0535131794236475,49.94563412873773,1.0,,,2.0,13.0,5.0,5.0,9.0,9.0,,,5.0,,,,1.0,,,,,,,3.0,,,,,3.0,1.0,1.0,1.0,,,,,,4.0,,,,,,,,,,,,,,,,,,,,,,,11.0,,,,,,,,,,,,,,,,,,,,,,,,,,,,,,,,,,,,,6.0,15.0,2.0,,1.0,2.0,1.0,2.0,2.0,6.0,1.0,3.5
3123,2.0,0.0,0.0,14,9,9,1,1,0,4,5.0,10.0,8.0,14.0,15.0,22.0,44.82892142331043,85.95159310338741,3.5,300.83057586185595,0.0286505310344624,16.712809770103107,1.0,,,1.0,9.0,1.0,1.0,11.0,11.0,1.0,1.0,1.0,1.0,,2.0,2.0,1.0,1.0,,,1.0,,6.0,,,,,,,,,,,,,2.0,,,,,,,,,,,,,,,,,,,,,,,,6.0,1.0,5.0,,,,,,,,,,,,,,,,,,,,,,,,,,,,,,,,,,,3.0,19.0,,2.0,1.0,1.0,0.0,4.0,6.0,5.0,1.0,2.833333333333333
3124,2.0,0.0,0.0,14,9,9,1,1,0,4,5.0,7.0,5.0,10.0,12.0,15.0,31.26112492884004,53.77443751081735,3.571428571428572,192.0515625386334,0.0179248125036057,10.6695312521463,1.0,,,1.0,9.0,1.0,1.0,9.0,9.0,1.0,1.0,1.0,1.0,,1.0,,2.0,1.0,,,1.0,,6.0,,,,,,,,,,,,,1.0,,,,,,,,,,,,,,,,,,,,,,,,5.0,1.0,5.0,,,,,,,,,,,,,,,,,,,,,,,,,,,,,,,,,,,3.0,19.0,,2.0,1.0,1.0,0.0,4.0,6.0,5.0,1.0,2.833333333333333
3134,2.0,0.0,0.0,14,9,9,1,1,0,4,4.0,10.0,7.0,14.0,14.0,21.0,41.21928094887362,79.95445336320968,2.8,223.8724694169871,0.0266514844544032,12.43735941205484,1.0,,,1.0,9.0,1.0,1.0,11.0,11.0,1.0,1.0,1.0,1.0,,2.0,,1.0,2.0,,,1.0,,6.0,,,,,,,,,,,,,2.0,,,,,,,,,,,,,,,,,,,,,,,,7.0,1.0,5.0,,,,,,,,,,,,,,,,,,,,,,,,,,,,,,,,,,,3.0,19.0,,2.0,1.0,1.0,0.0,4.0,6.0,5.0,1.0,2.833333333333333
3135,2.0,0.0,0.0,14,9,9,1,1,0,4,4.0,10.0,7.0,14.0,14.0,21.0,41.21928094887362,79.95445336320968,2.8,223.8724694169871,0.0266514844544032,12.43735941205484,1.0,,,1.0,9.0,1.0,1.0,11.0,11.0,1.0,1.0,1.0,1.0,,2.0,,1.0,2.0,,,1.0,,6.0,,,,,,,,,,,,,2.0,,,,,,,,,,,,,,,,,,,,,,,,7.0,1.0,5.0,,,,,,,,,,,,,,,,,,,,,,,,,,,,,,,,,,,3.0,19.0,,2.0,1.0,1.0,0.0,4.0,6.0,5.0,1.0,2.833333333333333
3136,2.0,0.0,0.0,14,9,9,1,1,0,4,4.0,8.0,6.0,12.0,12.0,18.0,32.0,64.52932501298082,3.0,193.5879750389425,0.0215097750043269,10.75488750216347,1.0,,,1.0,9.0,1.0,1.0,10.0,10.0,1.0,1.0,1.0,1.0,,3.0,1.0,1.0,1.0,,,1.0,,6.0,,,,,,,,,,,,,,,,,,,,,,,,,,,,,,,,,,,,,6.0,1.0,5.0,,,,,,,,,,,,,,,,,,,,,,,,,,,,,,,,,,,3.0,21.0,,2.0,1.0,1.0,0.0,4.0,8.0,5.0,1.0,2.875
3137,2.0,0.0,0.0,14,9,9,1,1,0,4,3.0,6.0,4.0,8.0,9.0,12.0,20.264662506490406,38.03910001730775,2.0,76.0782000346155,0.0126797000057692,4.226566668589751,1.0,,,1.0,9.0,1.0,1.0,11.0,11.0,1.0,1.0,1.0,1.0,,2.0,,1.0,1.0,,,1.0,,6.0,,,,,,,,,,,,,,,,,,,,,,,,,,,,,,,,,,,,,4.0,1.0,5.0,,,,,,,,,,,,,,,,,,,,,,,,,,,,,,,,,,,3.0,22.0,,2.0,1.0,1.0,0.0,4.0,8.0,5.0,1.0,2.875
3138,2.0,0.0,0.0,14,9,9,1,1,0,4,4.0,10.0,7.0,14.0,14.0,21.0,41.21928094887362,79.95445336320968,2.8,223.8724694169871,0.0266514844544032,12.43735941205484,1.0,,,1.0,9.0,1.0,1.0,11.0,11.0,1.0,1.0,1.0,1.0,,2.0,,1.0,2.0,,,1.0,,6.0,,,,,,,,,,,,,2.0,,,,,,,,,,,,,,,,,,,,,,,,7.0,1.0,5.0,,,,,,,,,,,,,,,,,,,,,,,,,,,,,,,,,,,3.0,19.0,,2.0,1.0,1.0,0.0,4.0,6.0,5.0,1.0,2.833333333333333
3139,2.0,0.0,0.0,14,9,9,1,1,0,4,4.0,10.0,7.0,14.0,14.0,21.0,41.21928094887362,79.95445336320968,2.8,223.8724694169871,0.0266514844544032,12.43735941205484,1.0,,,1.0,9.0,1.0,1.0,10.0,10.0,1.0,1.0,1.0,1.0,,2.0,,1.0,2.0,,,1.0,,6.0,,,,,,,,,,,,,2.0,,,,,,,,,,,,,,,,,,,,,,,,7.0,1.0,5.0,,,,,,,,,,,,,,,,,,,,,,,,,,,,,,,,,,,3.0,19.0,,2.0,1.0,1.0,0.0,4.0,6.0,5.0,1.0,2.833333333333333
3140,2.0,0.0,0.0,14,9,9,1,1,0,4,4.0,10.0,7.0,14.0,14.0,21.0,41.21928094887362,79.95445336320968,2.8,223.8724694169871,0.0266514844544032,12.43735941205484,1.0,,,1.0,9.0,1.0,1.0,11.0,11.0,1.0,1.0,1.0,1.0,,2.0,,1.0,2.0,,,1.0,,6.0,,,,,,,,,,,,,2.0,,,,,,,,,,,,,,,,,,,,,,,,7.0,1.0,5.0,,,,,,,,,,,,,,,,,,,,,,,,,,,,,,,,,,,3.0,19.0,,2.0,1.0,1.0,0.0,4.0,6.0,5.0,1.0,2.833333333333333
3141,2.0,0.0,0.0,14,9,9,1,1,0,4,4.0,10.0,7.0,14.0,14.0,21.0,41.21928094887362,79.95445336320968,2.8,223.8724694169871,0.0266514844544032,12.43735941205484,1.0,,,1.0,9.0,1.0,1.0,11.0,11.0,1.0,1.0,1.0,1.0,,2.0,,1.0,2.0,,,1.0,,6.0,,,,,,,,,,,,,2.0,,,,,,,,,,,,,,,,,,,,,,,,7.0,1.0,5.0,,,,,,,,,,,,,,,,,,,,,,,,,,,,,,,,,,,3.0,19.0,,2.0,1.0,1.0,0.0,4.0,6.0,5.0,1.0,2.833333333333333
3176,7.0,0.0,0.0,11,10,10,1,1,0,0,3.0,13.0,8.0,19.0,16.0,27.0,52.86060383799767,108.0,2.1923076923076925,236.7692307692308,0.036,13.153846153846157,1.0,,,6.0,10.0,3.0,3.0,3.0,3.0,,,3.0,,,,,,,,,,,3.0,,,,,5.0,,,,,,,,,2.0,,,,,,,,,,,,,,,,,,,,,,,4.0,1.0,1.0,,,,,,,,,,,,,,,,,,,,,,,,,,,,,,,,,,,8.0,14.0,,,2.0,1.0,0.0,2.0,4.0,5.0,1.0,3.25
3177,7.0,0.0,0.0,20,22,18,1,1,0,1,2.0,7.0,10.0,20.0,9.0,30.0,21.651484454403228,95.09775004326936,2.857142857142857,271.7078572664839,0.0316992500144231,15.094880959249108,1.0,,,11.0,18.0,6.0,6.0,6.0,6.0,,,6.0,5.0,4.0,,,,,,,,,6.0,,,,,5.0,,,,,,,,,5.0,,,,,,,,,,,,,,,,,,,,,,,10.0,1.0,2.0,,,,,,,,,,,,,,,,,,,,,,,,,,,,,,,,,,,7.0,23.0,,,5.0,1.0,0.0,2.0,7.0,4.0,1.0,1.4285714285714286
3178,3.0,0.0,0.0,10,9,9,0,0,0,1,2.0,4.0,2.0,4.0,6.0,6.0,10.0,15.509775004326936,1.0,15.509775004326936,0.0051699250014423,0.861654166907052,1.0,,,1.0,9.0,2.0,2.0,6.0,6.0,1.0,1.0,2.0,2.0,,,,1.0,,,,,,6.0,,,,,,1.0,,,,,,,,1.0,,,,,,,,,,,,,,,,,,,,,,,3.0,,1.0,,,,,,,,,,,,,,,,,,,,,,,,,,,,,,,,,,,5.0,18.0,2.0,1.0,1.0,1.0,1.0,3.0,9.0,5.0,1.0,3.555555555555556
3179,3.0,0.0,0.0,10,9,9,0,0,0,1,2.0,3.0,2.0,4.0,5.0,6.0,6.754887502163469,13.931568569324174,1.3333333333333333,18.575424759098897,0.0046438561897747,1.0319680421721609,1.0,,,1.0,9.0,2.0,2.0,6.0,6.0,1.0,1.0,2.0,2.0,,,,1.0,,,,,,6.0,,,,,,1.0,,,,,,,,1.0,,,,,,,,,,,,,,,,,,,,,,,3.0,,1.0,,,,,,,,,,,,,,,,,,,,,,,,,,,,,,,,,,,5.0,18.0,2.0,1.0,1.0,1.0,1.0,3.0,9.0,5.0,1.0,3.4444444444444446
3180,6.0,0.0,0.0,14,13,13,0,0,0,1,2.0,9.0,8.0,16.0,11.0,24.0,30.529325012980813,83.02635884729514,1.7777777777777777,147.60241572852468,0.0276754529490983,8.200134207140259,1.0,,,1.0,13.0,5.0,5.0,5.0,5.0,8.0,8.0,5.0,2.0,,4.0,,1.0,,,,,,8.0,,,,,4.0,,,,,,,,,,,,,,,,,,,,,,,,,,,,,,,,17.0,,1.0,,,,,,,,,,,,,,,,,,,,,,,,,,,,,,,,,,,8.0,22.0,2.0,1.0,1.0,1.0,1.0,3.0,7.0,5.0,1.0,3.857142857142857
3181,2.0,0.0,0.0,8,6,6,0,0,0,2,1.0,2.0,1.0,2.0,3.0,3.0,2.0,4.754887502163469,0.5,2.3774437510817346,0.0015849625007211,0.1320802083934297,1.0,,,1.0,6.0,1.0,1.0,5.0,5.0,2.0,2.0,1.0,2.0,,1.0,,1.0,,,,,,5.0,,,,,,,,,,,,,,,,,,,,,,,,,,,,,,,,,,,,,2.0,,2.0,,,,,,,,,,,,,,,,,,,,,,,,,,,,,,,,,,,4.0,14.0,2.0,1.0,1.0,1.0,1.0,3.0,7.0,5.0,1.0,3.857142857142857
3182,3.0,0.0,0.0,9,7,7,0,0,0,2,2.0,7.0,5.0,9.0,9.0,14.0,21.651484454403228,44.37895002019238,1.2857142857142858,57.05865002596163,0.0147929833400641,3.169925001442313,1.0,,,1.0,7.0,2.0,2.0,7.0,7.0,7.0,7.0,2.0,4.0,,3.0,,1.0,,,,,,5.0,,,,,2.0,,,,,,,,,,,,,,,,,,,,,,,,,,,,,,,,6.0,,2.0,,,,,,,,,,,,,,,,,,,,,,,,,,,,,,,,,,,5.0,22.0,3.0,2.0,1.0,1.0,2.0,4.0,7.0,5.0,1.0,3.857142857142857
3183,2.0,0.0,0.0,11,8,8,0,0,0,3,2.0,6.0,3.0,6.0,8.0,9.0,17.509775004326936,27.0,1.0,27.0,0.009,1.5,1.0,,,1.0,8.0,1.0,1.0,7.0,7.0,4.0,4.0,1.0,,,,2.0,1.0,,,,,,5.0,,,,,,,,,,,,,,,,,,,,,,,,,1.0,,,,,,,,,,,,2.0,,3.0,,,,,,,,,,,,,,,,,,,,,,,,,,,,,,,,,,,4.0,21.0,1.0,1.0,1.0,1.0,1.0,3.0,7.0,5.0,1.0,2.857142857142857
3184,2.0,0.0,0.0,11,8,8,0,0,0,3,2.0,6.0,3.0,6.0,8.0,9.0,17.509775004326936,27.0,1.0,27.0,0.009,1.5,1.0,,,1.0,8.0,1.0,1.0,7.0,7.0,4.0,4.0,1.0,,,,2.0,1.0,,,,,,5.0,,,,,,,,,,,,,,,,,,,,,,,,,1.0,,,,,,,,,,,,2.0,,3.0,,,,,,,,,,,,,,,,,,,,,,,,,,,,,,,,,,,4.0,21.0,1.0,1.0,1.0,1.0,1.0,3.0,7.0,5.0,1.0,2.857142857142857
3185,2.0,0.0,0.0,9,6,6,0,0,0,3,1.0,2.0,1.0,2.0,3.0,3.0,2.0,4.754887502163469,0.5,2.3774437510817346,0.0015849625007211,0.1320802083934297,1.0,,,2.0,6.0,1.0,1.0,2.0,2.0,,,1.0,,,1.0,,1.0,,,,,,3.0,,,,,,,,,,,,,,,,,,,,,,,,,,,,,,,,,,,,,,,3.0,,,,,,,,,,,,,,,,,,,,,,,,,,,,,,,,,,,4.0,9.0,,,1.0,1.0,0.0,2.0,4.0,5.0,1.0,2.0
3309,1.0,0.0,0.0,6,4,4,0,0,0,2,2.0,7.0,4.0,8.0,9.0,12.0,21.651484454403228,38.03910001730775,1.1428571428571428,43.47325716263743,0.0126797000057692,2.415180953479857,1.0,,,1.0,4.0,,,4.0,4.0,,,,1.0,,2.0,,2.0,,,,,,3.0,,,,,,,,,,,,,,,,,,,,,,,,,,,,,,,,,,,,,2.0,2.0,2.0,,,,,,,,,,,,,,,,,,,,,,,,,,,,,,,,,,,,7.0,1.0,1.0,1.0,1.0,1.0,3.0,2.0,11.0,5.0,8.0
3368,2.0,0.0,0.0,9,7,7,0,0,0,2,3.0,4.0,3.0,6.0,7.0,9.0,12.75488750216347,25.26619429851844,2.25,56.848937171666485,0.0084220647661728,3.158274287314805,1.0,,,3.0,7.0,2.0,2.0,7.0,7.0,,,2.0,1.0,,1.0,1.0,,,,,,,4.0,1.0,,,,1.0,,,,,,,,,,,,,,,,,,,,,,,,,,,,,,,,1.0,2.0,2.0,,,,,,,,,,,,,,,,,,,,,,,,,,,,,,,,,,,2.0,9.0,1.0,1.0,1.0,2.0,1.0,3.0,4.0,11.0,4.0,6.5
3369,2.0,0.0,0.0,9,7,7,0,0,0,2,3.0,4.0,3.0,6.0,7.0,9.0,12.75488750216347,25.26619429851844,2.25,56.848937171666485,0.0084220647661728,3.158274287314805,1.0,,,3.0,7.0,2.0,2.0,7.0,7.0,,,2.0,1.0,,,,1.0,1.0,,,,,4.0,1.0,,,,1.0,,,,,,,,,,,,,,,,,,,,,,,,,,,,,,,,1.0,2.0,2.0,,,,,,,,,,,,,,,,,,,,,,,,,,,,,,,,,,,2.0,9.0,1.0,1.0,1.0,2.0,1.0,3.0,4.0,10.0,3.0,6.0
3370,2.0,0.0,0.0,9,7,7,0,0,0,2,3.0,4.0,3.0,6.0,7.0,9.0,12.75488750216347,25.26619429851844,2.25,56.848937171666485,0.0084220647661728,3.158274287314805,1.0,,,3.0,7.0,2.0,2.0,7.0,7.0,,,2.0,1.0,,,,1.0,1.0,,,,,4.0,1.0,,,,1.0,,,,,,,,,,,,,,,,,,,,,,,,,,,,,,,,1.0,2.0,2.0,,,,,,,,,,,,,,,,,,,,,,,,,,,,,,,,,,,2.0,9.0,1.0,1.0,1.0,2.0,1.0,3.0,4.0,6.0,3.0,5.0
3371,2.0,0.0,0.0,9,7,7,0,0,0,2,3.0,4.0,3.0,6.0,7.0,9.0,12.75488750216347,25.26619429851844,2.25,56.848937171666485,0.0084220647661728,3.158274287314805,1.0,,,3.0,7.0,2.0,2.0,7.0,7.0,,,2.0,1.0,,,,1.0,1.0,,,,,4.0,1.0,,,,1.0,,,,,,,,,,,,,,,,,,,,,,,,,,,,,,,,1.0,2.0,2.0,,,,,,,,,,,,,,,,,,,,,,,,,,,,,,,,,,,2.0,9.0,1.0,1.0,1.0,2.0,1.0,3.0,4.0,6.0,3.0,5.0
3383,2.0,0.0,0.0,9,7,7,0,0,0,2,3.0,4.0,3.0,6.0,7.0,9.0,12.75488750216347,25.26619429851844,2.25,56.848937171666485,0.0084220647661728,3.158274287314805,1.0,,,3.0,7.0,2.0,2.0,7.0,7.0,,,2.0,1.0,,,,1.0,1.0,,,,,4.0,1.0,,,,1.0,,,,,,,,,,,,,,,,,,,,,,,,,,,,,,,,1.0,2.0,2.0,,,,,,,,,,,,,,,,,,,,,,,,,,,,,,,,,,,2.0,9.0,1.0,1.0,1.0,2.0,1.0,3.0,4.0,6.0,3.0,5.0
3384,2.0,0.0,0.0,9,7,7,0,0,0,2,3.0,4.0,3.0,6.0,7.0,9.0,12.75488750216347,25.26619429851844,2.25,56.848937171666485,0.0084220647661728,3.158274287314805,1.0,,,3.0,7.0,2.0,2.0,7.0,7.0,,,2.0,1.0,,,,1.0,1.0,,,,,4.0,1.0,,,,1.0,,,,,,,,,,,,,,,,,,,,,,,,,,,,,,,,1.0,2.0,2.0,,,,,,,,,,,,,,,,,,,,,,,,,,,,,,,,,,,2.0,9.0,1.0,1.0,1.0,2.0,1.0,3.0,4.0,6.0,3.0,5.0
3385,2.0,0.0,0.0,9,7,7,0,0,0,2,3.0,4.0,3.0,6.0,7.0,9.0,12.75488750216347,25.26619429851844,2.25,56.848937171666485,0.0084220647661728,3.158274287314805,1.0,,,3.0,7.0,2.0,2.0,7.0,7.0,,,2.0,1.0,,,,1.0,1.0,,,,,4.0,1.0,,,,1.0,,,,,,,,,,,,,,,,,,,,,,,,,,,,,,,,1.0,2.0,2.0,,,,,,,,,,,,,,,,,,,,,,,,,,,,,,,,,,,2.0,9.0,1.0,1.0,1.0,2.0,1.0,3.0,4.0,6.0,3.0,5.0
3386,2.0,0.0,0.0,9,7,7,0,0,0,2,3.0,4.0,3.0,6.0,7.0,9.0,12.75488750216347,25.26619429851844,2.25,56.848937171666485,0.0084220647661728,3.158274287314805,1.0,,,3.0,7.0,2.0,2.0,7.0,7.0,,,2.0,1.0,,,,1.0,1.0,,,,,4.0,1.0,,,,1.0,,,,,,,,,,,,,,,,,,,,,,,,,,,,,,,,1.0,2.0,2.0,,,,,,,,,,,,,,,,,,,,,,,,,,,,,,,,,,,2.0,9.0,1.0,1.0,1.0,2.0,1.0,3.0,4.0,6.0,3.0,5.0
3387,2.0,0.0,0.0,9,7,7,0,0,0,2,3.0,4.0,3.0,6.0,7.0,9.0,12.75488750216347,25.26619429851844,2.25,56.848937171666485,0.0084220647661728,3.158274287314805,1.0,,,3.0,7.0,2.0,2.0,7.0,7.0,,,2.0,1.0,,,,1.0,1.0,,,,,4.0,1.0,,,,1.0,,,,,,,,,,,,,,,,,,,,,,,,,,,,,,,,1.0,2.0,2.0,,,,,,,,,,,,,,,,,,,,,,,,,,,,,,,,,,,2.0,9.0,1.0,1.0,1.0,2.0,1.0,3.0,4.0,6.0,3.0,5.0
3388,2.0,0.0,0.0,9,7,7,0,0,0,2,3.0,4.0,3.0,6.0,7.0,9.0,12.75488750216347,25.26619429851844,2.25,56.848937171666485,0.0084220647661728,3.158274287314805,1.0,,,3.0,7.0,2.0,2.0,7.0,7.0,,,2.0,1.0,,,,1.0,1.0,,,,,4.0,1.0,,,,1.0,,,,,,,,,,,,,,,,,,,,,,,,,,,,,,,,1.0,2.0,2.0,,,,,,,,,,,,,,,,,,,,,,,,,,,,,,,,,,,2.0,9.0,1.0,1.0,1.0,2.0,1.0,3.0,4.0,6.0,3.0,5.0
3524,2.0,0.0,0.0,30,11,11,10,10,0,9,5.0,12.0,8.0,16.0,17.0,24.0,54.62919048309069,98.09910819000817,3.333333333333333,326.99702730002724,0.0326997027300027,18.16650151666818,1.0,,,2.0,11.0,1.0,1.0,9.0,9.0,,,1.0,1.0,,2.0,,4.0,1.0,,,1.0,,8.0,,,,,,,,,,,,,1.0,,,,,,,,,,,,,,,,,,,,,,,,7.0,10.0,19.0,,,,,,,,,,,,,,,,,,,,,,,,,,,,,,,,,,,3.0,20.0,1.0,2.0,1.0,2.0,1.0,4.0,8.0,9.0,1.0,4.625
3526,2.0,0.0,0.0,27,10,10,9,9,0,8,5.0,12.0,9.0,18.0,17.0,27.0,54.62919048309069,110.36149671375918,3.75,413.8556126765969,0.036787165571253,22.99197848203316,1.0,,,2.0,10.0,1.0,1.0,9.0,9.0,,,1.0,1.0,,4.0,,3.0,1.0,,,1.0,,7.0,,,,,,,,,,,,,1.0,,,,,,,,,,,,,,,,,,,,,,,,8.0,9.0,17.0,,,,,,,,,,,,,,,,,,,,,,,,,,,,,,,,,,,3.0,17.0,1.0,2.0,1.0,2.0,1.0,4.0,6.0,8.0,1.0,3.8333333333333335
3582,3.0,0.0,0.0,21,10,9,1,1,7,4,4.0,8.0,5.0,10.0,12.0,15.0,32.0,53.77443751081735,2.5,134.43609377704337,0.0179248125036057,7.468671876502409,1.0,,,2.0,10.0,2.0,2.0,9.0,9.0,1.0,1.0,2.0,1.0,,2.0,1.0,1.0,,,,1.0,1.0,5.0,,,,,,,,,,,,,,,,,,,,,,,,,,,,,,,,,,,,,4.0,3.0,5.0,,,,,,,,,,,,,,,,,,,,,,,,,,,,,,,,,,,4.0,16.0,,3.0,1.0,1.0,0.0,5.0,6.0,9.0,1.0,4.166666666666667
3583,3.0,0.0,0.0,22,10,9,1,1,7,5,5.0,10.0,6.0,12.0,15.0,18.0,44.82892142331043,70.32403072095333,3.0,210.97209216286,0.0234413435736511,11.720671786825555,1.0,,,2.0,10.0,2.0,2.0,9.0,9.0,2.0,2.0,2.0,1.0,,2.0,1.0,2.0,,,,1.0,1.0,5.0,,,,,,,,,,,,,,,,,,,,,,,,,,,,,,,,,,,,,5.0,2.0,6.0,,,,,,,,,,,,,,,,,,,,,,,,,,,,,,,,,,,4.0,18.0,,3.0,1.0,1.0,0.0,5.0,6.0,9.0,1.0,4.166666666666667
3584,3.0,0.0,0.0,22,10,9,1,1,7,5,5.0,10.0,6.0,12.0,15.0,18.0,44.82892142331043,70.32403072095333,3.0,210.97209216286,0.0234413435736511,11.720671786825555,1.0,,,2.0,10.0,2.0,2.0,9.0,9.0,2.0,2.0,2.0,1.0,,2.0,1.0,2.0,,,,1.0,1.0,5.0,,,,,,,,,,,,,,,,,,,,,,,,,,,,,,,,,,,,,5.0,2.0,6.0,,,,,,,,,,,,,,,,,,,,,,,,,,,,,,,,,,,4.0,18.0,,3.0,1.0,1.0,0.0,5.0,6.0,9.0,1.0,4.166666666666667
3586,5.0,0.0,0.0,26,14,13,1,1,7,5,3.0,12.0,8.0,16.0,15.0,24.0,47.77443751081735,93.76537429460444,2.0,187.53074858920888,0.0312551247648681,10.418374921622716,1.0,,,2.0,14.0,4.0,4.0,9.0,9.0,3.0,3.0,4.0,,,4.0,,1.0,,,,1.0,,7.0,,,,,3.0,,,,,,,,,,,,,,,,,,,,,,,,,,,,,,,,9.0,1.0,6.0,,,,,,,,,,,,,,,,,,,,,,,,,,,,,,,,,,,6.0,23.0,,1.0,1.0,1.0,0.0,3.0,6.0,6.0,1.0,3.6666666666666665
3587,5.0,0.0,0.0,26,14,13,1,1,7,5,5.0,11.0,8.0,16.0,16.0,24.0,49.66338827944709,96.0,3.636363636363636,349.09090909090907,0.032,19.39393939393939,1.0,,,2.0,14.0,4.0,4.0,10.0,10.0,3.0,3.0,4.0,1.0,,1.0,,3.0,1.0,,,1.0,,7.0,,,,,3.0,,,,,,,,,,,,,,,,,,,,,,,,,,,,,,,,10.0,1.0,6.0,,,,,,,,,,,,,,,,,,,,,,,,,,,,,,,,,,,6.0,23.0,,2.0,1.0,1.0,0.0,4.0,6.0,6.0,1.0,3.6666666666666665
3588,5.0,0.0,0.0,26,14,13,1,1,7,5,5.0,10.0,8.0,16.0,15.0,24.0,44.82892142331043,93.76537429460444,4.0,375.06149717841777,0.0312551247648681,20.836749843245432,1.0,,,2.0,14.0,4.0,4.0,10.0,10.0,3.0,3.0,4.0,1.0,,1.0,,2.0,2.0,,,1.0,,7.0,,,,,3.0,,,,,,,,,,,,,,,,,,,,,,,,,,,,,,,,10.0,1.0,6.0,,,,,,,,,,,,,,,,,,,,,,,,,,,,,,,,,,,6.0,23.0,,2.0,1.0,1.0,0.0,4.0,6.0,6.0,1.0,3.6666666666666665
3589,5.0,0.0,0.0,17,15,15,0,0,0,2,3.0,13.0,9.0,18.0,16.0,27.0,52.86060383799767,108.0,2.076923076923077,224.30769230769232,0.036,12.461538461538462,1.0,,,,15.0,5.0,5.0,9.0,9.0,3.0,3.0,5.0,,,5.0,,1.0,,,,1.0,,8.0,,,,,3.0,,,,,,,,,,,,,,,,,,,,,,,,,,,,,,,,10.0,,2.0,,,,,,,,,,,,,,,,,,,,,,,,,,,,,,,,,,,7.0,25.0,,1.0,1.0,1.0,0.0,3.0,6.0,5.0,1.0,3.5
3590,7.0,0.0,0.0,26,14,13,1,1,7,5,4.0,19.0,12.0,24.0,23.0,36.0,88.71062275542812,162.84823041805248,2.526315789473684,411.40605579297466,0.0542827434726841,22.85589198849859,1.0,,,2.0,14.0,4.0,4.0,9.0,9.0,5.0,5.0,4.0,,,4.0,,1.0,,,,1.0,,7.0,,,,,5.0,,,,,,,,,,,,,,,,,,,,,,,,,,,,,,,,11.0,1.0,6.0,,,,,,,,,,,,,,,,,,,,,,,,,,,,,,,,,,,8.0,27.0,,1.0,1.0,1.0,0.0,3.0,6.0,6.0,1.0,3.6666666666666665
3591,3.0,0.0,0.0,24,12,11,1,1,7,5,4.0,9.0,6.0,12.0,13.0,18.0,36.52932501298081,66.60791492653966,2.6666666666666665,177.62110647077242,0.0222026383088465,9.867839248376246,1.0,,,2.0,12.0,3.0,3.0,7.0,7.0,1.0,1.0,3.0,,,3.0,,1.0,,,,1.0,,6.0,,1.0,,,1.0,,,,,,,,,,,,,,,,,,,,,,,,,,,,,,,,7.0,1.0,6.0,,,,,,,,,,,,,,,,,,,,,,,,,,,,,,,,,,,5.0,17.0,,1.0,1.0,1.0,0.0,3.0,6.0,6.0,1.0,3.6666666666666665
3592,4.0,0.0,0.0,26,14,13,1,1,7,5,6.0,11.0,7.0,14.0,17.0,21.0,53.563522809337215,85.83671966625714,3.8181818181818175,327.74020236207275,0.0286122398887523,18.20778902011516,1.0,,,2.0,14.0,4.0,4.0,9.0,9.0,4.0,4.0,4.0,1.0,,1.0,,2.0,1.0,,,1.0,,7.0,,1.0,,,2.0,,,,,,,,,,,,,,,,,,,,,,,,,,,,,,,,7.0,1.0,6.0,,,,,,,,,,,,,,,,,,,,,,,,,,,,,,,,,,,6.0,25.0,,2.0,1.0,1.0,0.0,4.0,6.0,6.0,1.0,3.6666666666666665
3593,3.0,0.0,0.0,24,12,11,1,1,7,5,6.0,9.0,6.0,12.0,15.0,18.0,44.03910001730775,70.32403072095333,4.0,281.2961228838133,0.0234413435736511,15.627562382434071,1.0,,,2.0,12.0,3.0,3.0,8.0,8.0,1.0,1.0,3.0,1.0,,1.0,,2.0,1.0,,,1.0,,6.0,,1.0,,,1.0,,,,,,,,,,,,,,,,,,,,,,,,,,,,,,,,8.0,1.0,6.0,,,,,,,,,,,,,,,,,,,,,,,,,,,,,,,,,,,5.0,17.0,,2.0,1.0,1.0,0.0,4.0,6.0,6.0,1.0,3.6666666666666665
5162,1.0,0.0,0.0,4,3,3,0,0,0,1,4.0,12.0,7.0,14.0,16.0,21.0,51.01955000865388,84.0,2.333333333333333,196.0,0.028,10.88888888888889,1.0,,,1.0,3.0,,,10.0,10.0,,,,,,,,3.0,1.0,,,,,2.0,,1.0,,,,,,,,,,,2.0,,,,,,,,,,,,,,,,,,,,,,,,4.0,1.0,1.0,,,,,,,,,,,,,,,,,,,,,,,,,,,,,,,,,,,,4.0,2.0,,1.0,2.0,1.0,2.0,2.0,5.0,1.0,3.0
5163,1.0,0.0,0.0,5,4,4,0,0,0,1,2.0,4.0,2.0,4.0,6.0,6.0,10.0,15.509775004326936,1.0,15.509775004326936,0.0051699250014423,0.861654166907052,1.0,,,2.0,4.0,,,7.0,7.0,,,,1.0,,,1.0,1.0,,,,,,3.0,,,,,,,,,,,,,,,,,,,,,,,,,,,,,,,,,,,,,2.0,,1.0,,,,,,,,,,,,,,,,,,,,,,,,,,,,,,,,,,,,6.0,2.0,1.0,1.0,2.0,1.0,3.0,3.0,17.0,4.0,9.666666666666666
5164,1.0,0.0,0.0,5,4,4,0,0,0,1,2.0,4.0,2.0,4.0,6.0,6.0,10.0,15.509775004326936,1.0,15.509775004326936,0.0051699250014423,0.861654166907052,1.0,,,2.0,4.0,,,7.0,7.0,,,,1.0,,,1.0,1.0,,,,,,3.0,,,,,,,,,,,,,,,,,,,,,,,,,,,,,,,,,,,,,2.0,,1.0,,,,,,,,,,,,,,,,,,,,,,,,,,,,,,,,,,,,6.0,2.0,1.0,1.0,2.0,1.0,3.0,3.0,17.0,4.0,9.666666666666666
5165,1.0,0.0,0.0,5,4,4,0,0,0,1,2.0,4.0,2.0,4.0,6.0,6.0,10.0,15.509775004326936,1.0,15.509775004326936,0.0051699250014423,0.861654166907052,1.0,,,2.0,4.0,,,7.0,7.0,,,,1.0,,,1.0,1.0,,,,,,3.0,,,,,,,,,,,,,,,,,,,,,,,,,,,,,,,,,,,,,2.0,,1.0,,,,,,,,,,,,,,,,,,,,,,,,,,,,,,,,,,,,6.0,2.0,1.0,1.0,2.0,1.0,3.0,3.0,17.0,4.0,9.666666666666666
5166,1.0,0.0,0.0,5,4,4,0,0,0,1,2.0,4.0,2.0,4.0,6.0,6.0,10.0,15.509775004326936,1.0,15.509775004326936,0.0051699250014423,0.861654166907052,1.0,,,2.0,4.0,,,7.0,7.0,,,,1.0,,,1.0,1.0,,,,,,3.0,,,,,,,,,,,,,,,,,,,,,,,,,,,,,,,,,,,,,2.0,,1.0,,,,,,,,,,,,,,,,,,,,,,,,,,,,,,,,,,,,6.0,2.0,1.0,1.0,2.0,1.0,3.0,3.0,17.0,4.0,9.666666666666666
5167,1.0,0.0,0.0,5,4,4,0,0,0,1,2.0,4.0,2.0,4.0,6.0,6.0,10.0,15.509775004326936,1.0,15.509775004326936,0.0051699250014423,0.861654166907052,1.0,,,2.0,4.0,,,7.0,7.0,,,,1.0,,,1.0,1.0,,,,,,3.0,,,,,,,,,,,,,,,,,,,,,,,,,,,,,,,,,,,,,2.0,,1.0,,,,,,,,,,,,,,,,,,,,,,,,,,,,,,,,,,,,6.0,2.0,1.0,1.0,2.0,1.0,3.0,3.0,17.0,4.0,9.666666666666666
5168,1.0,0.0,0.0,5,4,4,0,0,0,1,2.0,4.0,2.0,4.0,6.0,6.0,10.0,15.509775004326936,1.0,15.509775004326936,0.0051699250014423,0.861654166907052,1.0,,,2.0,4.0,,,7.0,7.0,,,,1.0,,,1.0,1.0,,,,,,3.0,,,,,,,,,,,,,,,,,,,,,,,,,,,,,,,,,,,,,2.0,,1.0,,,,,,,,,,,,,,,,,,,,,,,,,,,,,,,,,,,,6.0,2.0,1.0,1.0,2.0,1.0,3.0,3.0,17.0,4.0,9.666666666666666
5169,1.0,0.0,0.0,5,4,4,0,0,0,1,2.0,4.0,2.0,4.0,6.0,6.0,10.0,15.509775004326936,1.0,15.509775004326936,0.0051699250014423,0.861654166907052,1.0,,,2.0,4.0,,,7.0,7.0,,,,1.0,,,1.0,1.0,,,,,,3.0,,,,,,,,,,,,,,,,,,,,,,,,,,,,,,,,,,,,,2.0,,1.0,,,,,,,,,,,,,,,,,,,,,,,,,,,,,,,,,,,,6.0,2.0,1.0,1.0,2.0,1.0,3.0,3.0,17.0,4.0,9.666666666666666
5170,1.0,0.0,0.0,5,4,4,0,0,0,1,2.0,4.0,2.0,4.0,6.0,6.0,10.0,15.509775004326936,1.0,15.509775004326936,0.0051699250014423,0.861654166907052,1.0,,,2.0,4.0,,,7.0,7.0,,,,1.0,,,1.0,1.0,,,,,,3.0,,,,,,,,,,,,,,,,,,,,,,,,,,,,,,,,,,,,,2.0,,1.0,,,,,,,,,,,,,,,,,,,,,,,,,,,,,,,,,,,,6.0,2.0,1.0,1.0,2.0,1.0,3.0,3.0,17.0,4.0,9.666666666666666
5171,1.0,0.0,0.0,5,4,4,0,0,0,1,2.0,4.0,2.0,4.0,6.0,6.0,10.0,15.509775004326936,1.0,15.509775004326936,0.0051699250014423,0.861654166907052,1.0,,,2.0,4.0,,,7.0,7.0,,,,1.0,,,1.0,1.0,,,,,,3.0,,,,,,,,,,,,,,,,,,,,,,,,,,,,,,,,,,,,,2.0,,1.0,,,,,,,,,,,,,,,,,,,,,,,,,,,,,,,,,,,,6.0,2.0,1.0,1.0,2.0,1.0,3.0,3.0,17.0,4.0,9.666666666666666
5172,1.0,0.0,0.0,20,4,4,11,11,0,5,2.0,4.0,2.0,4.0,6.0,6.0,10.0,15.509775004326936,1.0,15.509775004326936,0.0051699250014423,0.861654166907052,1.0,,,2.0,4.0,,,6.0,6.0,,,,1.0,,,1.0,1.0,,,,,,3.0,,,,,,,,,,,,,,,,,,,,,,,,,,,,,,,,,,,,,2.0,11.0,16.0,,,,,,,,,,,,,,,,,,,,,,,,,,,,,,,,,,,,6.0,2.0,1.0,1.0,2.0,1.0,3.0,3.0,5.0,2.0,3.6666666666666665
5188,2.0,0.0,0.0,10,7,7,1,1,0,2,2.0,4.0,2.0,4.0,6.0,6.0,10.0,15.509775004326936,1.0,15.509775004326936,0.0051699250014423,0.861654166907052,1.0,,,4.0,7.0,2.0,2.0,6.0,6.0,,,2.0,,,,,1.0,,,,,1.0,3.0,,,,,,,,,,,,,,,,,,,,,,,,,,,,,,,,,,,,,,2.0,3.0,,,,,,,,,,,,,,,,,,,,,,,,,,,,,,,,,,,2.0,6.0,2.0,,2.0,2.0,1.0,2.0,3.0,9.0,5.0,6.333333333333333
5190,2.0,0.0,0.0,12,10,10,0,0,0,2,3.0,7.0,5.0,10.0,10.0,15.0,24.40637195656669,49.82892142331044,2.142857142857143,106.77626019280808,0.0166096404744368,5.932014455156004,1.0,,,4.0,10.0,2.0,2.0,9.0,9.0,,,2.0,1.0,,2.0,,2.0,,,,,,6.0,,,,,1.0,,,,,,,,,,,,,,,,,,,,,,,,,,,,,,,,2.0,2.0,2.0,,,,,,,,,,,,,,,,,,,,,,,,,,,,,,,,,,,2.0,13.0,2.0,1.0,2.0,2.0,2.0,3.0,4.0,12.0,3.0,6.75
5193,,,,17,8,12,1,1,0,4,,,,,,,,,,,,,1.0,,,3.0,1.0,,,6.0,6.0,,,,9.0,7.0,3.0,2.0,5.0,,,4.0,,,1.0,,,3.0,3.0,,,1.0,,,,,,,,,,,,,,,,,,,,,,,,,,,,,,6.0,3.0,16.0,,,,,,,,,,,,,,,,,,,,,,,,,,,,,,,,,,,3.0,22.0,3.0,,,,2.0,0.0,8.0,12.0,4.0,5.875
5194,2.0,0.0,0.0,13,10,10,1,1,0,2,3.0,7.0,5.0,10.0,10.0,15.0,24.40637195656669,49.82892142331044,2.142857142857143,106.77626019280808,0.0166096404744368,5.932014455156004,1.0,,,6.0,10.0,2.0,2.0,9.0,9.0,,,2.0,2.0,,,2.0,2.0,,,,,,6.0,1.0,,,,1.0,,,,,,,,,,,,,,,,,,,,,,,,,,,,,,,,1.0,3.0,3.0,,,,,,,,,,,,,,,,,,,,,,,,,,,,,,,,,,,2.0,14.0,1.0,1.0,2.0,2.0,1.0,3.0,5.0,13.0,3.0,8.4
5196,2.0,0.0,0.0,11,9,9,0,0,0,2,3.0,6.0,5.0,10.0,9.0,15.0,20.264662506490406,47.548875021634686,2.5,118.87218755408672,0.0158496250072115,6.604010419671484,1.0,,,4.0,9.0,2.0,2.0,7.0,7.0,,,2.0,2.0,,2.0,,2.0,,,,,,5.0,,,,,,,1.0,,,,,,,,,,,,,,,,,,,,,,,,,,,,,,1.0,3.0,2.0,,,,,,,,,,,,,,,,,,,,,,,,,,,,,,,,,,,2.0,12.0,1.0,1.0,2.0,1.0,1.0,3.0,3.0,12.0,3.0,8.333333333333334
5197,2.0,0.0,0.0,10,7,7,1,1,0,2,2.0,4.0,2.0,4.0,6.0,6.0,10.0,15.509775004326936,1.0,15.509775004326936,0.0051699250014423,0.861654166907052,1.0,,,4.0,7.0,2.0,2.0,6.0,6.0,,,2.0,,,,,1.0,,,,,1.0,3.0,,,,,,,,,,,,,,,,,,,,,,,,,,,,,,,,,,,,,,2.0,3.0,,,,,,,,,,,,,,,,,,,,,,,,,,,,,,,,,,,2.0,6.0,2.0,,2.0,2.0,1.0,2.0,3.0,9.0,5.0,6.333333333333333
5233,5.0,0.0,0.0,10,9,9,0,0,0,1,3.0,10.0,9.0,18.0,13.0,27.0,37.97416845103709,99.91187238980947,2.7,269.76205545248564,0.0333039574632698,14.986780858471423,1.0,,,4.0,9.0,4.0,4.0,10.0,10.0,,,4.0,,,,,,,,,,,1.0,,4.0,,,4.0,,,,,,,,,,,,,,,,,,,,,,,,,,,,,,,,8.0,,1.0,,,,,,,,,,,,,,,,,,,,,,,,,,,,,,,,,,,5.0,6.0,1.0,,4.0,1.0,1.0,2.0,1.0,1.0,1.0,1.0
5234,5.0,0.0,0.0,10,9,9,0,0,0,1,3.0,10.0,9.0,18.0,13.0,27.0,37.97416845103709,99.91187238980947,2.7,269.76205545248564,0.0333039574632698,14.986780858471423,1.0,,,4.0,9.0,4.0,4.0,10.0,10.0,,,4.0,,,,,,,,,,,1.0,,4.0,,,4.0,,,,,,,,,,,,,,,,,,,,,,,,,,,,,,,,8.0,,1.0,,,,,,,,,,,,,,,,,,,,,,,,,,,,,,,,,,,5.0,6.0,1.0,,4.0,1.0,1.0,2.0,1.0,1.0,1.0,1.0
5235,5.0,0.0,0.0,10,9,9,0,0,0,1,3.0,10.0,9.0,18.0,13.0,27.0,37.97416845103709,99.91187238980947,2.7,269.76205545248564,0.0333039574632698,14.986780858471423,1.0,,,4.0,9.0,4.0,4.0,10.0,10.0,,,4.0,,,,,,,,,,,1.0,,4.0,,,4.0,,,,,,,,,,,,,,,,,,,,,,,,,,,,,,,,8.0,,1.0,,,,,,,,,,,,,,,,,,,,,,,,,,,,,,,,,,,5.0,6.0,1.0,,4.0,1.0,1.0,2.0,1.0,1.0,1.0,1.0
5236,5.0,0.0,0.0,10,9,9,0,0,0,1,3.0,10.0,9.0,18.0,13.0,27.0,37.97416845103709,99.91187238980947,2.7,269.76205545248564,0.0333039574632698,14.986780858471423,1.0,,,4.0,9.0,4.0,4.0,10.0,10.0,,,4.0,,,,,,,,,,,1.0,,4.0,,,4.0,,,,,,,,,,,,,,,,,,,,,,,,,,,,,,,,8.0,,1.0,,,,,,,,,,,,,,,,,,,,,,,,,,,,,,,,,,,5.0,6.0,1.0,,4.0,1.0,1.0,2.0,1.0,1.0,1.0,1.0
5237,7.0,0.0,0.0,12,11,11,0,0,0,1,3.0,17.0,15.0,30.0,20.0,45.0,74.24175580341925,194.4867642699313,2.647058823529412,514.8179054204064,0.0648289214233104,28.60099474557813,1.0,,,7.0,11.0,4.0,4.0,16.0,16.0,,,4.0,,,,,,,,,,,3.0,,6.0,,,6.0,,,,,,,,,,,,,,,,,,,,,,,,,,,,,,,,12.0,,1.0,,,,,,,,,,,,,,,,,,,,,,,,,,,,,,,,,,,7.0,9.0,3.0,,4.0,3.0,1.0,2.0,3.0,2.0,2.0,2.0
5239,8.0,0.0,0.0,16,15,15,0,0,0,1,4.0,10.0,8.0,16.0,14.0,24.0,41.21928094887362,91.37651812938248,3.2,292.404858014024,0.0304588393764608,16.244714334112444,1.0,,,8.0,15.0,7.0,7.0,15.0,15.0,,,7.0,,,,,,,,,1.0,1.0,1.0,,,,,,,,5.0,,,,,,,,,,,,,,,,,,,,,,,,,,,,,7.0,,1.0,,,,,,,,,,,,,,,,,,,,,,,,,,,,,,,,,,,8.0,8.0,1.0,,7.0,1.0,1.0,2.0,1.0,1.0,1.0,1.0
5240,6.0,0.0,0.0,12,10,10,0,0,0,2,5.0,17.0,15.0,30.0,22.0,45.0,81.0965087756926,200.6744228386784,4.411764705882353,885.3283360529929,0.0668914742795594,49.1849075584996,1.0,,,1.0,10.0,4.0,4.0,7.0,7.0,,,4.0,1.0,,4.0,,4.0,,,,3.0,,5.0,,,,,,,,2.0,,,,,,,,,,,,,,,,,,,,,,,,,,,,,10.0,4.0,2.0,,,,,,,,,,,,,,,,,,,,,,,,,,,,,,,,,,,6.0,15.0,1.0,1.0,1.0,1.0,1.0,3.0,2.0,7.0,1.0,4.0
5241,4.0,0.0,0.0,14,11,11,0,0,0,3,3.0,13.0,11.0,22.0,16.0,33.0,52.86060383799767,132.0,2.5384615384615383,335.07692307692304,0.044,18.615384615384613,1.0,,,1.0,11.0,4.0,4.0,7.0,7.0,,,4.0,1.0,,,,4.0,,,,3.0,,2.0,,,,,,,,,,,,,,4.0,,,,,,,,,,,,,,,,,,,,,,,7.0,2.0,3.0,,,,,,,,,,,,,,,,,,,,,,,,,,,,,,,,,,,4.0,14.0,1.0,1.0,1.0,1.0,1.0,3.0,2.0,5.0,1.0,3.0
5245,11.0,0.0,0.0,30,19,18,2,2,7,3,6.0,19.0,17.0,34.0,25.0,51.0,96.22039775975506,236.8366656785109,5.368421052631579,1271.438942063585,0.0789455552261703,70.63549678131028,1.0,,,4.0,19.0,8.0,8.0,5.0,5.0,,,8.0,2.0,,1.0,,1.0,1.0,,,,5.0,8.0,,,,,,,5.0,,,,,,,,,,,,,,,,,,,,,,,,,,,,,,12.0,8.0,5.0,,,,,,,,,,,,,,,,,,,,,,,,,,,,,,,,,,,12.0,22.0,1.0,1.0,2.0,1.0,1.0,3.0,3.0,8.0,1.0,4.0
5246,17.0,0.0,0.0,41,30,29,2,2,7,3,4.0,23.0,23.0,46.0,27.0,69.0,112.0419249893113,328.08723764927936,4.0,1312.3489505971174,0.1093624125497597,72.9082750331732,1.0,,,5.0,30.0,14.0,14.0,11.0,11.0,,,14.0,1.0,,,,,,,,,5.0,13.0,,,,,,,10.0,1.0,,,,,,,,,,,,,,,,,,,,,,,,,,,,,15.0,12.0,5.0,,,,,,,,,,,,,,,,,,,,,,,,,,,,,,,,,,,21.0,32.0,2.0,,2.0,2.0,2.0,2.0,5.0,5.0,2.0,3.6
5247,7.0,0.0,0.0,29,18,17,2,2,7,3,8.0,18.0,14.0,28.0,26.0,42.0,99.0586500259616,197.4184681619259,6.222222222222222,1228.3815796742056,0.0658061560539753,68.24342109301142,1.0,,,5.0,18.0,6.0,6.0,9.0,9.0,,,6.0,2.0,,1.0,,1.0,4.0,,,,1.0,9.0,,,,,3.0,,1.0,1.0,,,,,,,,,,,,,,,,,,,,,,,,,,,,,10.0,7.0,5.0,,,,,,,,,,,,,,,,,,,,,,,,,,,,,,,,,,,8.0,21.0,2.0,1.0,2.0,2.0,2.0,3.0,6.0,8.0,1.0,3.6666666666666665
5249,16.0,0.0,0.0,46,35,34,2,2,7,3,5.0,24.0,26.0,54.0,29.0,80.0,121.64874049174458,388.6384796102058,5.625,2186.091447807408,0.1295461598700686,121.44952487818932,1.0,,,7.0,35.0,14.0,14.0,15.0,15.0,,,14.0,2.0,,8.0,,,,,,,,18.0,,,,,9.0,,3.0,3.0,,,,,,,,,,,,,,,,,,,,,,,,,,,,,28.0,2.0,5.0,,,,,,,,,,,,,,,,,,,,,,,,,,,,,,,,,,,19.0,44.0,3.0,,2.0,3.0,1.0,2.0,6.0,3.0,2.0,2.6666666666666665
5250,10.0,0.0,0.0,48,25,24,9,9,7,8,5.0,14.0,11.0,22.0,19.0,33.0,64.91260938324326,140.1816079436383,3.928571428571429,550.713459778579,0.0467272026478794,30.595192209921056,1.0,,,17.0,25.0,10.0,10.0,15.0,15.0,,,10.0,5.0,,,,1.0,,,,7.0,,11.0,,,,,1.0,,1.0,,,,,,,,,,,,,,,,,,,,,,,,,,,,,,8.0,9.0,17.0,,,,,,,,,,,,,,,,,,,,,,,,,,,,,,,,,,,11.0,25.0,2.0,,3.0,2.0,1.0,2.0,4.0,6.0,3.0,4.5
5251,18.0,0.0,0.0,28,22,22,2,2,0,4,9.0,27.0,24.0,51.0,36.0,75.0,156.9112875713945,387.7443751081734,8.5,3295.827188419474,0.1292481250360578,183.10151046774857,1.0,,,14.0,22.0,10.0,10.0,8.0,8.0,,,10.0,2.0,,,,1.0,1.0,,,1.0,1.0,10.0,,,,,10.0,,2.0,3.0,,,,,,,,,,,,,,,,,,,,,,,,,,,,,9.0,9.0,6.0,,,,,,,,,,,,,,,,,,,,,,,,,,,,,,,,,,,18.0,30.0,1.0,1.0,2.0,2.0,1.0,3.0,3.0,7.0,5.0,5.666666666666667
5254,4.0,0.0,0.0,19,15,15,0,0,0,4,5.0,13.0,9.0,18.0,18.0,27.0,59.71535681027101,112.58797503894245,3.4615384615384617,389.7276059040315,0.0375293250129808,21.651533661335083,1.0,,,2.0,15.0,6.0,6.0,11.0,11.0,,,6.0,1.0,,1.0,1.0,2.0,2.0,,,,,8.0,,,,,3.0,,,,,,,,,,,,,,,,,,,,,,,,,,,,,,,,11.0,,4.0,,,,,,,,,,,,,,,,,,,,,,,,,,,,,,,,,,,6.0,17.0,2.0,1.0,1.0,2.0,2.0,3.0,5.0,13.0,5.0,9.0
5255,5.0,0.0,0.0,34,18,17,4,4,8,5,4.0,16.0,10.0,20.0,20.0,30.0,72.0,129.65784284662087,2.5,324.1446071165521,0.0432192809488736,18.00803372869734,1.0,,,4.0,18.0,4.0,4.0,15.0,15.0,,,4.0,1.0,,2.0,,3.0,1.0,,,,,12.0,,,,,4.0,,,,,,,,,,,,,,,,,,,,,,,,,,,,,,,,9.0,7.0,9.0,,,,,,,,,,,,,,,,,,,,,,,,,,,,,,,,,,,4.0,25.0,3.0,1.0,1.0,3.0,2.0,3.0,9.0,10.0,2.0,5.888888888888889
5256,3.0,0.0,0.0,24,12,11,2,2,8,3,5.0,7.0,5.0,10.0,12.0,15.0,31.26112492884004,53.77443751081735,3.571428571428572,192.0515625386334,0.0179248125036057,10.6695312521463,1.0,,,6.0,12.0,4.0,4.0,10.0,10.0,,,4.0,,,,1.0,1.0,1.0,,,1.0,,4.0,,,,,1.0,,,,,,,,,,,,,,,,,,,,,,,,,,,,,,,,3.0,2.0,5.0,,,,,,,,,,,,,,,,,,,,,,,,,,,,,,,,,,,4.0,10.0,2.0,,3.0,2.0,1.0,2.0,4.0,15.0,9.0,11.75
5257,6.0,0.0,0.0,23,11,10,2,2,8,3,4.0,12.0,11.0,22.0,16.0,33.0,51.01955000865388,132.0,3.6666666666666665,484.0,0.044,26.88888888888889,1.0,,,2.0,11.0,4.0,4.0,7.0,7.0,,,4.0,1.0,,,,4.0,,,,,2.0,5.0,,,,,,,3.0,,,,,,,,,,,,,,,,,,,,,,,,,,,,,,7.0,5.0,5.0,,,,,,,,,,,,,,,,,,,,,,,,,,,,,,,,,,,6.0,15.0,1.0,1.0,1.0,1.0,1.0,3.0,2.0,10.0,5.0,7.5
5259,4.0,0.0,0.0,24,11,10,2,2,8,4,5.0,10.0,7.0,14.0,15.0,21.0,44.82892142331043,82.0447025077789,3.5,287.15645877722613,0.0273482341692596,15.953136598734783,1.0,,,3.0,11.0,3.0,3.0,11.0,11.0,,,3.0,1.0,,,1.0,2.0,1.0,,,,,6.0,,,,,2.0,,,1.0,,,,,,,,,,,,,,,,,,,,,,,,,,,,,8.0,2.0,6.0,,,,,,,,,,,,,,,,,,,,,,,,,,,,,,,,,,,3.0,14.0,2.0,1.0,1.0,2.0,1.0,3.0,4.0,11.0,8.0,9.25
5269,3.0,0.0,0.0,13,10,10,0,0,0,3,6.0,9.0,7.0,14.0,15.0,21.0,44.03910001730775,82.0447025077789,4.666666666666667,382.8752783696349,0.0273482341692596,21.27084879831305,1.0,,,,10.0,2.0,2.0,9.0,9.0,,,2.0,1.0,,2.0,,1.0,1.0,,,,,6.0,,1.0,,,1.0,1.0,,,,,,,,,,,,,,,,,,,,,,,,,,,,,,,9.0,,3.0,,,,,,,,,,,,,,,,,,,,,,,,,,,,,,,,,,,2.0,13.0,2.0,1.0,2.0,2.0,1.0,3.0,3.0,5.0,3.0,4.0
5283,3.0,0.0,0.0,20,10,10,7,6,0,4,5.0,7.0,6.0,12.0,12.0,18.0,31.26112492884004,64.52932501298082,4.285714285714286,276.55425005563205,0.0215097750043269,15.36412500309067,1.0,,,,10.0,2.0,2.0,9.0,9.0,,,2.0,1.0,,2.0,,1.0,1.0,,,,1.0,6.0,,,,,,1.0,,,,,,,,,,,,,,,,,,,,,,,,,,,,,,,8.0,7.0,10.0,,,,,,,,,,,,,,,,,,,,,,,,,,,,,,,,,,,2.0,13.0,2.0,1.0,2.0,2.0,1.0,3.0,3.0,6.0,4.0,4.666666666666667
5287,3.0,0.0,0.0,21,10,10,8,8,0,3,5.0,8.0,6.0,12.0,13.0,18.0,35.60964047443681,66.60791492653966,3.75,249.77968097452373,0.0222026383088465,13.876648943029096,1.0,,,4.0,10.0,2.0,2.0,11.0,11.0,,,2.0,1.0,,2.0,,1.0,1.0,,,,,6.0,2.0,,,,1.0,1.0,,,,,,,,,,,,,,,,,,,,,,,,,,,,,,,6.0,8.0,11.0,,,,,,,,,,,,,,,,,,,,,,,,,,,,,,,,,,,2.0,15.0,,1.0,2.0,2.0,0.0,3.0,4.0,5.0,4.0,4.5
5288,3.0,0.0,0.0,23,10,10,9,9,0,4,6.0,8.0,7.0,13.0,14.0,20.0,39.50977500432694,76.14709844115208,4.875,371.2171049006164,0.0253823661470506,20.623172494478688,1.0,,,,10.0,2.0,2.0,9.0,9.0,,,2.0,1.0,,2.0,1.0,1.0,1.0,,,1.0,,6.0,,,,,,1.0,,,,,,,,,,,,,,,,,,,,,,,,,,,,,,,8.0,9.0,13.0,,,,,,,,,,,,,,,,,,,,,,,,,,,,,,,,,,,2.0,13.0,2.0,1.0,2.0,2.0,1.0,3.0,3.0,5.0,4.0,4.333333333333333
5289,3.0,0.0,0.0,22,10,10,9,9,0,3,6.0,8.0,7.0,13.0,14.0,20.0,39.50977500432694,76.14709844115208,4.875,371.2171049006164,0.0253823661470506,20.623172494478688,1.0,,,,10.0,2.0,2.0,11.0,11.0,,,2.0,1.0,,2.0,1.0,1.0,1.0,,,,,6.0,,,,,1.0,1.0,,,,,,,,,,,,,,,,,,,,,,,,,,,,,,,8.0,9.0,12.0,,,,,,,,,,,,,,,,,,,,,,,,,,,,,,,,,,,2.0,13.0,2.0,1.0,2.0,2.0,1.0,3.0,3.0,4.0,4.0,4.0
5290,3.0,0.0,0.0,22,10,10,9,9,0,3,6.0,8.0,7.0,13.0,14.0,20.0,39.50977500432694,76.14709844115208,4.875,371.2171049006164,0.0253823661470506,20.623172494478688,1.0,,,,10.0,2.0,2.0,11.0,11.0,,,2.0,1.0,,2.0,1.0,1.0,1.0,,,,,6.0,,,,,1.0,1.0,,,,,,,,,,,,,,,,,,,,,,,,,,,,,,,8.0,9.0,12.0,,,,,,,,,,,,,,,,,,,,,,,,,,,,,,,,,,,2.0,13.0,2.0,1.0,2.0,2.0,1.0,3.0,3.0,4.0,4.0,4.0
5291,3.0,0.0,0.0,22,10,10,8,8,0,4,5.0,8.0,6.0,12.0,13.0,18.0,35.60964047443681,66.60791492653966,3.75,249.77968097452373,0.0222026383088465,13.876648943029096,1.0,,,2.0,10.0,2.0,2.0,11.0,11.0,,,2.0,1.0,,2.0,,1.0,1.0,,,,,6.0,2.0,,,,1.0,1.0,,,,,,,,,,,,,,,,,,,,,,,,,,,,,,,6.0,8.0,12.0,,,,,,,,,,,,,,,,,,,,,,,,,,,,,,,,,,,2.0,15.0,,1.0,2.0,2.0,0.0,3.0,4.0,8.0,4.0,5.25
5293,3.0,0.0,0.0,13,10,10,0,0,0,3,6.0,9.0,7.0,14.0,15.0,21.0,44.03910001730775,82.0447025077789,4.666666666666667,382.8752783696349,0.0273482341692596,21.27084879831305,1.0,,,,10.0,2.0,2.0,9.0,9.0,,,2.0,1.0,,2.0,,1.0,1.0,,,,,6.0,,1.0,,,1.0,1.0,,,,,,,,,,,,,,,,,,,,,,,,,,,,,,,9.0,,3.0,,,,,,,,,,,,,,,,,,,,,,,,,,,,,,,,,,,2.0,13.0,2.0,1.0,2.0,2.0,1.0,3.0,3.0,5.0,3.0,4.0
5300,2.0,0.0,0.0,7,6,6,0,0,0,1,4.0,6.0,4.0,8.0,10.0,12.0,23.509775004326936,39.86313713864836,2.6666666666666665,106.3016990363956,0.0132877123795494,5.905649946466422,1.0,,,1.0,6.0,1.0,1.0,5.0,5.0,,,1.0,1.0,,1.0,1.0,1.0,,,,,,4.0,,,,,,,,1.0,,,,,,,,,,,,,,,,,,,,,,,,,,,,,4.0,1.0,1.0,,,,,,,,,,,,,,,,,,,,,,,,,,,,,,,,,,,1.0,9.0,1.0,1.0,1.0,1.0,1.0,3.0,2.0,10.0,6.0,8.0
5302,2.0,0.0,0.0,8,7,7,0,0,0,1,4.0,6.0,4.0,8.0,10.0,12.0,23.509775004326936,39.86313713864836,2.6666666666666665,106.3016990363956,0.0132877123795494,5.905649946466422,1.0,,,2.0,7.0,1.0,1.0,7.0,7.0,,,1.0,1.0,,1.0,1.0,1.0,,,,1.0,,5.0,,,,,,,,,,,,,,,,,,,,,,,,,,,,,,,,,,,,,3.0,1.0,1.0,,,,,,,,,,,,,,,,,,,,,,,,,,,,,,,,,,,1.0,11.0,2.0,1.0,1.0,2.0,2.0,3.0,3.0,5.0,1.0,3.333333333333333
5304,2.0,0.0,0.0,8,7,7,0,0,0,1,3.0,6.0,4.0,8.0,9.0,12.0,20.264662506490406,38.03910001730775,2.0,76.0782000346155,0.0126797000057692,4.226566668589751,1.0,,,2.0,7.0,1.0,1.0,7.0,7.0,,,1.0,,,2.0,,1.0,,,,1.0,,5.0,,,,,,,,,,,,,,,,,,,,,,,,,,,,,,,,,,,,,2.0,1.0,1.0,,,,,,,,,,,,,,,,,,,,,,,,,,,,,,,,,,,1.0,11.0,3.0,,1.0,2.0,1.0,2.0,3.0,12.0,5.0,9.333333333333334
5308,2.0,0.0,0.0,25,9,9,9,9,0,7,4.0,9.0,6.0,12.0,13.0,18.0,36.52932501298081,66.60791492653966,2.6666666666666665,177.62110647077242,0.0222026383088465,9.867839248376246,1.0,,,2.0,9.0,1.0,1.0,8.0,8.0,,,1.0,1.0,,2.0,,2.0,1.0,,,,,7.0,,,,,,,1.0,,,,,,,,,,,,,,,,,,,,,,,,,,,,,,5.0,9.0,16.0,,,,,,,,,,,,,,,,,,,,,,,,,,,,,,,,,,,1.0,16.0,2.0,1.0,1.0,2.0,2.0,3.0,5.0,8.0,1.0,3.8
5310,2.0,0.0,0.0,27,10,10,9,9,0,8,4.0,9.0,6.0,12.0,13.0,18.0,36.52932501298081,66.60791492653966,2.6666666666666665,177.62110647077242,0.0222026383088465,9.867839248376246,1.0,,,2.0,10.0,1.0,1.0,8.0,8.0,,,1.0,1.0,,3.0,,2.0,1.0,,,1.0,,7.0,,,,,,,,,,,,,,,,,,,,,,,,,,,,,,,,,,,,,6.0,9.0,17.0,,,,,,,,,,,,,,,,,,,,,,,,,,,,,,,,,,,3.0,17.0,2.0,1.0,1.0,2.0,2.0,3.0,7.0,9.0,1.0,4.571428571428571
5311,2.0,0.0,0.0,11,8,8,1,1,0,2,3.0,6.0,4.0,8.0,9.0,12.0,20.264662506490406,38.03910001730775,2.0,76.0782000346155,0.0126797000057692,4.226566668589751,1.0,,,2.0,8.0,1.0,1.0,7.0,7.0,,,1.0,1.0,,,,1.0,,,,1.0,,4.0,,,,,,,,,,,,,,2.0,,,,,,,,,,,,,,,,,,,,,,,3.0,2.0,3.0,,,,,,,,,,,,,,,,,,,,,,,,,,,,,,,,,,,1.0,11.0,2.0,1.0,1.0,2.0,2.0,3.0,4.0,8.0,4.0,5.25
5312,2.0,0.0,0.0,9,7,7,0,0,0,2,3.0,6.0,4.0,8.0,9.0,12.0,20.264662506490406,38.03910001730775,2.0,76.0782000346155,0.0126797000057692,4.226566668589751,1.0,,,2.0,7.0,1.0,1.0,7.0,7.0,,,1.0,,,2.0,,1.0,,,,1.0,,5.0,,,,,,,,,,,,,,,,,,,,,,,,,,,,,,,,,,,,,2.0,1.0,2.0,,,,,,,,,,,,,,,,,,,,,,,,,,,,,,,,,,,1.0,11.0,3.0,,1.0,2.0,1.0,2.0,3.0,12.0,5.0,9.333333333333334
5369,2.0,0.0,0.0,7,7,7,0,0,0,0,4.0,7.0,5.0,10.0,11.0,15.0,27.651484454403228,51.89147427955947,2.857142857142857,148.26135508445563,0.0172971580931864,8.236741949136423,1.0,,,1.0,7.0,1.0,1.0,5.0,5.0,3.0,3.0,1.0,8.0,,1.0,2.0,2.0,,,,,,4.0,,1.0,,,,,,,,,,,,,,,,,,,,,,,,,,,,,,,,,,,13.0,,,,,,,,,,,,,,,,,,,,,,,,,,,,,,,,,,,,,4.0,15.0,,1.0,1.0,1.0,0.0,3.0,6.0,10.0,1.0,4.5
5370,3.0,0.0,0.0,7,7,7,0,0,0,0,3.0,5.0,3.0,6.0,8.0,9.0,16.36452797660028,27.0,1.8,48.6,0.009,2.7,1.0,,,1.0,7.0,2.0,2.0,6.0,6.0,2.0,2.0,2.0,,,1.0,1.0,1.0,,,,1.0,,3.0,,,,,,,,,,,,,,,,,,,,,,,,,,,,,,,,,,,,,2.0,,,,,,,,,,,,,,,,,,,,,,,,,,,,,,,,,,,,,7.0,12.0,1.0,2.0,1.0,1.0,1.0,4.0,5.0,5.0,1.0,3.8
5374,7.0,0.0,0.0,27,12,11,1,1,9,6,4.0,21.0,10.0,23.0,25.0,33.0,100.23866587835396,153.24725426256592,2.1904761904761907,335.6844617180016,0.0510824180875219,18.6491367621112,1.0,,,7.0,12.0,3.0,3.0,8.0,8.0,5.0,5.0,3.0,1.0,,3.0,,1.0,,,,1.0,,6.0,1.0,,,,5.0,,,,,,,,,,,,,,,,,,,,,,,,,,,,,,,,4.0,3.0,5.0,,,,,,,,,,,,,,,,,,,,,,,,,,,,,,,,,,,9.0,24.0,,2.0,1.0,1.0,0.0,4.0,5.0,7.0,1.0,4.6
5383,7.0,0.0,0.0,11,11,11,0,0,0,0,4.0,21.0,10.0,23.0,25.0,33.0,100.23866587835396,153.24725426256592,2.1904761904761907,335.6844617180016,0.0510824180875219,18.6491367621112,1.0,,,6.0,11.0,3.0,3.0,8.0,8.0,5.0,5.0,3.0,1.0,,3.0,,1.0,,,,1.0,,6.0,1.0,,,,5.0,,,,,,,,,,,,,,,,,,,,,,,,,,,,,,,,4.0,2.0,,,,,,,,,,,,,,,,,,,,,,,,,,,,,,,,,,,,9.0,24.0,,2.0,1.0,1.0,0.0,4.0,5.0,7.0,1.0,4.6
5385,7.0,0.0,0.0,11,11,11,0,0,0,0,4.0,21.0,10.0,23.0,25.0,33.0,100.23866587835396,153.24725426256592,2.1904761904761907,335.6844617180016,0.0510824180875219,18.6491367621112,1.0,,,6.0,11.0,3.0,3.0,8.0,8.0,5.0,5.0,3.0,1.0,,3.0,,1.0,,,,1.0,,6.0,1.0,,,,5.0,,,,,,,,,,,,,,,,,,,,,,,,,,,,,,,,4.0,2.0,,,,,,,,,,,,,,,,,,,,,,,,,,,,,,,,,,,,9.0,24.0,,2.0,1.0,1.0,0.0,4.0,5.0,7.0,1.0,4.6
5386,7.0,0.0,0.0,11,11,11,0,0,0,0,4.0,21.0,10.0,23.0,25.0,33.0,100.23866587835396,153.24725426256592,2.1904761904761907,335.6844617180016,0.0510824180875219,18.6491367621112,1.0,,,6.0,11.0,3.0,3.0,8.0,8.0,5.0,5.0,3.0,1.0,,3.0,,1.0,,,,1.0,,6.0,1.0,,,,5.0,,,,,,,,,,,,,,,,,,,,,,,,,,,,,,,,4.0,2.0,,,,,,,,,,,,,,,,,,,,,,,,,,,,,,,,,,,,9.0,24.0,,2.0,1.0,1.0,0.0,4.0,5.0,7.0,1.0,4.6
5390,7.0,0.0,0.0,11,11,11,0,0,0,0,4.0,21.0,10.0,23.0,25.0,33.0,100.23866587835396,153.24725426256592,2.1904761904761907,335.6844617180016,0.0510824180875219,18.6491367621112,1.0,,,6.0,11.0,3.0,3.0,8.0,8.0,5.0,5.0,3.0,1.0,,3.0,,1.0,,,,1.0,,6.0,1.0,,,,5.0,,,,,,,,,,,,,,,,,,,,,,,,,,,,,,,,4.0,2.0,,,,,,,,,,,,,,,,,,,,,,,,,,,,,,,,,,,,9.0,24.0,,2.0,1.0,1.0,0.0,4.0,5.0,7.0,1.0,4.6
5623,2.0,0.0,0.0,18,11,11,4,4,0,3,3.0,11.0,7.0,14.0,14.0,21.0,42.80863530717375,79.95445336320968,1.9090909090909087,152.64032005703666,0.0266514844544032,8.480017780946481,1.0,,,4.0,11.0,2.0,2.0,8.0,8.0,,,2.0,,,2.0,,4.0,,,,,,8.0,,,,,1.0,,,,,,,,,,,,,,,,,,,,,,,,,,,,,,,,,7.0,7.0,,,,,,,,,,,,,,,,,,,,,,,,,,,,,,,,,,,2.0,18.0,2.0,,1.0,3.0,1.0,2.0,7.0,7.0,3.0,4.714285714285714
5625,2.0,0.0,0.0,18,11,11,4,4,0,3,3.0,11.0,7.0,14.0,14.0,21.0,42.80863530717375,79.95445336320968,1.9090909090909087,152.64032005703666,0.0266514844544032,8.480017780946481,1.0,,,4.0,11.0,2.0,2.0,8.0,8.0,,,2.0,,,2.0,,4.0,,,,,,8.0,,,,,1.0,,,,,,,,,,,,,,,,,,,,,,,,,,,,,,,,,7.0,7.0,,,,,,,,,,,,,,,,,,,,,,,,,,,,,,,,,,,2.0,18.0,2.0,,1.0,3.0,1.0,2.0,7.0,7.0,2.0,4.857142857142857
5626,2.0,0.0,0.0,10,7,7,1,1,0,2,2.0,4.0,2.0,4.0,6.0,6.0,10.0,15.509775004326936,1.0,15.509775004326936,0.0051699250014423,0.861654166907052,1.0,,,4.0,7.0,2.0,2.0,6.0,6.0,,,2.0,,,,,1.0,,,,,1.0,3.0,,,,,,,,,,,,,,,,,,,,,,,,,,,,,,,,,,,,,,2.0,3.0,,,,,,,,,,,,,,,,,,,,,,,,,,,,,,,,,,,2.0,6.0,2.0,,2.0,2.0,1.0,2.0,3.0,9.0,5.0,6.333333333333333
5918,1.0,0.0,0.0,8,3,3,3,3,0,2,1.0,2.0,1.0,2.0,3.0,3.0,2.0,4.754887502163469,0.5,2.3774437510817346,0.0015849625007211,0.1320802083934297,1.0,,,1.0,3.0,,,3.0,3.0,,,,,,,,1.0,,,,,,2.0,,,,,,,,,,,,,,,,,,,,,,,,,,,,,,,,,,,,,1.0,3.0,5.0,,,,,,,,,,,,,,,,,,,,,,,,,,,,,,,,,,,,4.0,1.0,,1.0,1.0,1.0,2.0,2.0,9.0,4.0,6.5
5929,1.0,0.0,0.0,6,4,4,0,0,0,2,2.0,7.0,4.0,8.0,9.0,12.0,21.651484454403228,38.03910001730775,1.1428571428571428,43.47325716263743,0.0126797000057692,2.415180953479857,1.0,,,1.0,4.0,,,4.0,4.0,,,,1.0,,2.0,,2.0,,,,,,3.0,,,,,,,,,,,,,,,,,,,,,,,,,,,,,,,,,,,,,2.0,2.0,2.0,,,,,,,,,,,,,,,,,,,,,,,,,,,,,,,,,,,,7.0,1.0,1.0,1.0,1.0,1.0,3.0,2.0,9.0,6.0,7.5
5930,1.0,0.0,0.0,5,3,3,0,0,0,2,2.0,5.0,3.0,6.0,7.0,9.0,13.60964047443681,25.26619429851844,1.2,30.319433158222125,0.0084220647661728,1.6844129532345624,1.0,,,1.0,3.0,,,5.0,5.0,,,,1.0,,2.0,,1.0,,,,,,2.0,,,,,,,,,,,,,,,,,,,,,,,,,,,,,,,,,,,,,2.0,1.0,2.0,,,,,,,,,,,,,,,,,,,,,,,,,,,,,,,,,,,,5.0,1.0,1.0,1.0,1.0,1.0,3.0,2.0,11.0,5.0,8.0
5931,1.0,0.0,0.0,6,4,4,0,0,0,2,2.0,7.0,4.0,8.0,9.0,12.0,21.651484454403228,38.03910001730775,1.1428571428571428,43.47325716263743,0.0126797000057692,2.415180953479857,1.0,,,1.0,4.0,,,4.0,4.0,,,,1.0,,2.0,,2.0,,,,,,3.0,,,,,,,,,,,,,,,,,,,,,,,,,,,,,,,,,,,,,2.0,2.0,2.0,,,,,,,,,,,,,,,,,,,,,,,,,,,,,,,,,,,,7.0,1.0,1.0,1.0,1.0,1.0,3.0,2.0,9.0,7.0,8.0
5932,1.0,0.0,0.0,6,4,4,0,0,0,2,2.0,7.0,4.0,8.0,9.0,12.0,21.651484454403228,38.03910001730775,1.1428571428571428,43.47325716263743,0.0126797000057692,2.415180953479857,1.0,,,1.0,4.0,,,4.0,4.0,,,,1.0,,2.0,,2.0,,,,,,3.0,,,,,,,,,,,,,,,,,,,,,,,,,,,,,,,,,,,,,2.0,2.0,2.0,,,,,,,,,,,,,,,,,,,,,,,,,,,,,,,,,,,,7.0,1.0,1.0,1.0,1.0,1.0,3.0,2.0,11.0,7.0,9.0
5935,1.0,0.0,0.0,6,4,4,0,0,0,2,2.0,7.0,4.0,8.0,9.0,12.0,21.651484454403228,38.03910001730775,1.1428571428571428,43.47325716263743,0.0126797000057692,2.415180953479857,1.0,,,1.0,4.0,,,4.0,4.0,,,,1.0,,2.0,,2.0,,,,,,3.0,,,,,,,,,,,,,,,,,,,,,,,,,,,,,,,,,,,,,2.0,2.0,2.0,,,,,,,,,,,,,,,,,,,,,,,,,,,,,,,,,,,,7.0,1.0,1.0,1.0,1.0,1.0,3.0,2.0,11.0,5.0,8.0
5936,1.0,0.0,0.0,6,4,4,0,0,0,2,2.0,7.0,4.0,8.0,9.0,12.0,21.651484454403228,38.03910001730775,1.1428571428571428,43.47325716263743,0.0126797000057692,2.415180953479857,1.0,,,1.0,4.0,,,4.0,4.0,,,,1.0,,2.0,,2.0,,,,,,3.0,,,,,,,,,,,,,,,,,,,,,,,,,,,,,,,,,,,,,2.0,2.0,2.0,,,,,,,,,,,,,,,,,,,,,,,,,,,,,,,,,,,,7.0,1.0,1.0,1.0,1.0,1.0,3.0,2.0,11.0,7.0,9.0
5937,1.0,0.0,0.0,6,4,4,0,0,0,2,2.0,7.0,4.0,8.0,9.0,12.0,21.651484454403228,38.03910001730775,1.1428571428571428,43.47325716263743,0.0126797000057692,2.415180953479857,1.0,,,1.0,4.0,,,4.0,4.0,,,,1.0,,2.0,,2.0,,,,,,3.0,,,,,,,,,,,,,,,,,,,,,,,,,,,,,,,,,,,,,2.0,2.0,2.0,,,,,,,,,,,,,,,,,,,,,,,,,,,,,,,,,,,,7.0,1.0,1.0,1.0,1.0,1.0,3.0,2.0,12.0,11.0,11.5
5946,2.0,0.0,0.0,26,12,11,4,4,7,4,3.0,11.0,7.0,14.0,14.0,21.0,42.80863530717375,79.95445336320968,1.9090909090909087,152.64032005703666,0.0266514844544032,8.480017780946481,1.0,,,5.0,12.0,2.0,2.0,8.0,8.0,,,2.0,,,2.0,,4.0,,,,,,8.0,,,,,1.0,,,,,,,,,,,,,,,,,,,,,,,,,,,,,,,,,7.0,8.0,,,,,,,,,,,,,,,,,,,,,,,,,,,,,,,,,,,2.0,18.0,2.0,,1.0,3.0,1.0,2.0,7.0,9.0,3.0,5.285714285714286
5947,2.0,0.0,0.0,26,12,11,4,4,7,4,3.0,11.0,7.0,14.0,14.0,21.0,42.80863530717375,79.95445336320968,1.9090909090909087,152.64032005703666,0.0266514844544032,8.480017780946481,1.0,,,5.0,12.0,2.0,2.0,8.0,8.0,,,2.0,,,2.0,,4.0,,,,,,8.0,,,,,1.0,,,,,,,,,,,,,,,,,,,,,,,,,,,,,,,,,7.0,8.0,,,,,,,,,,,,,,,,,,,,,,,,,,,,,,,,,,,2.0,18.0,2.0,,1.0,3.0,1.0,2.0,7.0,5.0,1.0,2.857142857142857
5949,2.0,0.0,0.0,18,11,11,4,4,0,3,3.0,11.0,7.0,14.0,14.0,21.0,42.80863530717375,79.95445336320968,1.9090909090909087,152.64032005703666,0.0266514844544032,8.480017780946481,1.0,,,4.0,11.0,2.0,2.0,8.0,8.0,,,2.0,,,2.0,,4.0,,,,,,8.0,,,,,1.0,,,,,,,,,,,,,,,,,,,,,,,,,,,,,,,,,7.0,7.0,,,,,,,,,,,,,,,,,,,,,,,,,,,,,,,,,,,2.0,18.0,2.0,,1.0,3.0,1.0,2.0,7.0,7.0,3.0,4.714285714285714
5950,2.0,0.0,0.0,18,11,11,4,4,0,3,3.0,11.0,7.0,14.0,14.0,21.0,42.80863530717375,79.95445336320968,1.9090909090909087,152.64032005703666,0.0266514844544032,8.480017780946481,1.0,,,4.0,11.0,2.0,2.0,8.0,8.0,,,2.0,,,2.0,,4.0,,,,,,8.0,,,,,1.0,,,,,,,,,,,,,,,,,,,,,,,,,,,,,,,,,7.0,7.0,,,,,,,,,,,,,,,,,,,,,,,,,,,,,,,,,,,2.0,18.0,2.0,,1.0,3.0,1.0,2.0,7.0,7.0,3.0,4.714285714285714
5951,2.0,0.0,0.0,18,11,11,4,4,0,3,3.0,11.0,7.0,14.0,14.0,21.0,42.80863530717375,79.95445336320968,1.9090909090909087,152.64032005703666,0.0266514844544032,8.480017780946481,1.0,,,4.0,11.0,2.0,2.0,8.0,8.0,,,2.0,,,2.0,,4.0,,,,,,8.0,,,,,1.0,,,,,,,,,,,,,,,,,,,,,,,,,,,,,,,,,7.0,7.0,,,,,,,,,,,,,,,,,,,,,,,,,,,,,,,,,,,2.0,18.0,2.0,,1.0,3.0,1.0,2.0,7.0,7.0,2.0,4.857142857142857
5952,2.0,0.0,0.0,18,11,11,4,4,0,3,3.0,11.0,7.0,14.0,14.0,21.0,42.80863530717375,79.95445336320968,1.9090909090909087,152.64032005703666,0.0266514844544032,8.480017780946481,1.0,,,4.0,11.0,2.0,2.0,8.0,8.0,,,2.0,,,2.0,,4.0,,,,,,8.0,,,,,1.0,,,,,,,,,,,,,,,,,,,,,,,,,,,,,,,,,7.0,7.0,,,,,,,,,,,,,,,,,,,,,,,,,,,,,,,,,,,2.0,18.0,2.0,,1.0,3.0,1.0,2.0,7.0,7.0,2.0,4.857142857142857
5953,2.0,0.0,0.0,27,12,11,4,4,8,4,3.0,11.0,7.0,14.0,14.0,21.0,42.80863530717375,79.95445336320968,1.9090909090909087,152.64032005703666,0.0266514844544032,8.480017780946481,1.0,,,5.0,12.0,2.0,2.0,8.0,8.0,,,2.0,,,2.0,,4.0,,,,,,8.0,,,,,1.0,,,,,,,,,,,,,,,,,,,,,,,,,,,,,,,,,7.0,8.0,,,,,,,,,,,,,,,,,,,,,,,,,,,,,,,,,,,2.0,18.0,2.0,,1.0,3.0,1.0,2.0,7.0,9.0,3.0,5.571428571428571
5998,2.0,0.0,0.0,8,6,6,0,0,0,2,2.0,4.0,3.0,6.0,6.0,9.0,10.0,23.264662506490403,1.5,34.89699375973561,0.0077548875021634,1.938721875540867,1.0,,,,6.0,2.0,2.0,4.0,4.0,,,2.0,1.0,,,,2.0,,,,1.0,,3.0,,,,,,,,,,,,,,,,,,,,,,,,,,,,,,,,,,,,,2.0,2.0,2.0,,,,,,,,,,,,,,,,,,,,,,,,,,,,,,,,,,,2.0,7.0,1.0,1.0,1.0,1.0,1.0,3.0,2.0,15.0,5.0,10.0
5999,2.0,0.0,0.0,8,6,6,0,0,0,2,2.0,4.0,3.0,6.0,6.0,9.0,10.0,23.264662506490403,1.5,34.89699375973561,0.0077548875021634,1.938721875540867,1.0,,,,6.0,2.0,2.0,4.0,4.0,,,2.0,1.0,,,,2.0,,,,1.0,,3.0,,,,,,,,,,,,,,,,,,,,,,,,,,,,,,,,,,,,,2.0,2.0,2.0,,,,,,,,,,,,,,,,,,,,,,,,,,,,,,,,,,,2.0,7.0,1.0,1.0,1.0,1.0,1.0,3.0,2.0,18.0,5.0,11.5
6000,2.0,0.0,0.0,8,6,6,0,0,0,2,2.0,4.0,3.0,6.0,6.0,9.0,10.0,23.264662506490403,1.5,34.89699375973561,0.0077548875021634,1.938721875540867,1.0,,,,6.0,2.0,2.0,3.0,3.0,,,2.0,,,,,2.0,,,,1.0,,3.0,,,,,,,,,,,,,,,,,,,,,,,,,,,,,,,,,,,,,1.0,2.0,2.0,,,,,,,,,,,,,,,,,,,,,,,,,,,,,,,,,,,2.0,7.0,1.0,,1.0,1.0,1.0,2.0,2.0,16.0,5.0,10.5
6002,2.0,0.0,0.0,8,6,6,0,0,0,2,2.0,4.0,3.0,6.0,6.0,9.0,10.0,23.264662506490403,1.5,34.89699375973561,0.0077548875021634,1.938721875540867,1.0,,,,6.0,2.0,2.0,4.0,4.0,,,2.0,1.0,,,,2.0,,,,1.0,,3.0,,,,,,,,,,,,,,,,,,,,,,,,,,,,,,,,,,,,,2.0,2.0,2.0,,,,,,,,,,,,,,,,,,,,,,,,,,,,,,,,,,,2.0,7.0,1.0,1.0,1.0,1.0,1.0,3.0,2.0,16.0,5.0,10.5
6003,2.0,0.0,0.0,8,6,6,0,0,0,2,2.0,4.0,3.0,6.0,6.0,9.0,10.0,23.264662506490403,1.5,34.89699375973561,0.0077548875021634,1.938721875540867,1.0,,,,6.0,2.0,2.0,4.0,4.0,,,2.0,1.0,,,,2.0,,,,1.0,,3.0,,,,,,,,,,,,,,,,,,,,,,,,,,,,,,,,,,,,,2.0,2.0,2.0,,,,,,,,,,,,,,,,,,,,,,,,,,,,,,,,,,,2.0,7.0,1.0,1.0,1.0,1.0,1.0,3.0,2.0,18.0,5.0,11.5
6004,2.0,0.0,0.0,8,6,6,0,0,0,2,2.0,4.0,3.0,6.0,6.0,9.0,10.0,23.264662506490403,1.5,34.89699375973561,0.0077548875021634,1.938721875540867,1.0,,,,6.0,2.0,2.0,4.0,4.0,,,2.0,1.0,,,,2.0,,,,1.0,,3.0,,,,,,,,,,,,,,,,,,,,,,,,,,,,,,,,,,,,,2.0,2.0,2.0,,,,,,,,,,,,,,,,,,,,,,,,,,,,,,,,,,,2.0,7.0,1.0,1.0,1.0,1.0,1.0,3.0,2.0,17.0,5.0,11.0
6005,2.0,0.0,0.0,8,6,6,0,0,0,2,2.0,4.0,3.0,6.0,6.0,9.0,10.0,23.264662506490403,1.5,34.89699375973561,0.0077548875021634,1.938721875540867,1.0,,,,6.0,2.0,2.0,4.0,4.0,,,2.0,1.0,,,,2.0,,,,1.0,,3.0,,,,,,,,,,,,,,,,,,,,,,,,,,,,,,,,,,,,,2.0,2.0,2.0,,,,,,,,,,,,,,,,,,,,,,,,,,,,,,,,,,,2.0,7.0,1.0,1.0,1.0,1.0,1.0,3.0,2.0,18.0,5.0,11.5
6006,2.0,0.0,0.0,8,6,6,0,0,0,2,2.0,4.0,3.0,6.0,6.0,9.0,10.0,23.264662506490403,1.5,34.89699375973561,0.0077548875021634,1.938721875540867,1.0,,,,6.0,2.0,2.0,4.0,4.0,,,2.0,1.0,,,,2.0,,,,1.0,,3.0,,,,,,,,,,,,,,,,,,,,,,,,,,,,,,,,,,,,,2.0,2.0,2.0,,,,,,,,,,,,,,,,,,,,,,,,,,,,,,,,,,,2.0,7.0,1.0,1.0,1.0,1.0,1.0,3.0,2.0,17.0,5.0,11.0
6007,2.0,0.0,0.0,8,6,6,0,0,0,2,2.0,4.0,3.0,6.0,6.0,9.0,10.0,23.264662506490403,1.5,34.89699375973561,0.0077548875021634,1.938721875540867,1.0,,,,6.0,2.0,2.0,4.0,4.0,,,2.0,1.0,,,,2.0,,,,1.0,,3.0,,,,,,,,,,,,,,,,,,,,,,,,,,,,,,,,,,,,,2.0,2.0,2.0,,,,,,,,,,,,,,,,,,,,,,,,,,,,,,,,,,,2.0,7.0,1.0,1.0,1.0,1.0,1.0,3.0,2.0,17.0,5.0,11.0
6008,2.0,0.0,0.0,10,7,7,1,1,0,2,2.0,4.0,2.0,4.0,6.0,6.0,10.0,15.509775004326936,1.0,15.509775004326936,0.0051699250014423,0.861654166907052,1.0,,,4.0,7.0,2.0,2.0,6.0,6.0,,,2.0,,,,,1.0,,,,,1.0,3.0,,,,,,,,,,,,,,,,,,,,,,,,,,,,,,,,,,,,,,2.0,3.0,,,,,,,,,,,,,,,,,,,,,,,,,,,,,,,,,,,2.0,6.0,2.0,,2.0,2.0,1.0,2.0,3.0,9.0,5.0,6.333333333333333
6009,2.0,0.0,0.0,10,7,7,1,1,0,2,2.0,4.0,2.0,4.0,6.0,6.0,10.0,15.509775004326936,1.0,15.509775004326936,0.0051699250014423,0.861654166907052,1.0,,,4.0,7.0,2.0,2.0,6.0,6.0,,,2.0,,,,,1.0,,,,,1.0,3.0,,,,,,,,,,,,,,,,,,,,,,,,,,,,,,,,,,,,,,2.0,3.0,,,,,,,,,,,,,,,,,,,,,,,,,,,,,,,,,,,2.0,6.0,2.0,,2.0,2.0,1.0,2.0,3.0,9.0,5.0,6.333333333333333
6010,2.0,0.0,0.0,10,7,7,1,1,0,2,2.0,4.0,2.0,4.0,6.0,6.0,10.0,15.509775004326936,1.0,15.509775004326936,0.0051699250014423,0.861654166907052,1.0,,,4.0,7.0,2.0,2.0,6.0,6.0,,,2.0,,,,,1.0,,,,,1.0,3.0,,,,,,,,,,,,,,,,,,,,,,,,,,,,,,,,,,,,,,2.0,3.0,,,,,,,,,,,,,,,,,,,,,,,,,,,,,,,,,,,2.0,6.0,2.0,,2.0,2.0,1.0,2.0,3.0,9.0,5.0,6.333333333333333
6011,2.0,0.0,0.0,10,7,7,1,1,0,2,2.0,4.0,2.0,4.0,6.0,6.0,10.0,15.509775004326936,1.0,15.509775004326936,0.0051699250014423,0.861654166907052,1.0,,,4.0,7.0,2.0,2.0,6.0,6.0,,,2.0,,,,,1.0,,,,,1.0,3.0,,,,,,,,,,,,,,,,,,,,,,,,,,,,,,,,,,,,,,2.0,3.0,,,,,,,,,,,,,,,,,,,,,,,,,,,,,,,,,,,2.0,6.0,2.0,,2.0,2.0,1.0,2.0,3.0,9.0,5.0,6.333333333333333
6012,2.0,0.0,0.0,10,7,7,1,1,0,2,2.0,4.0,2.0,4.0,6.0,6.0,10.0,15.509775004326936,1.0,15.509775004326936,0.0051699250014423,0.861654166907052,1.0,,,4.0,7.0,2.0,2.0,6.0,6.0,,,2.0,,,,,1.0,,,,,1.0,3.0,,,,,,,,,,,,,,,,,,,,,,,,,,,,,,,,,,,,,,2.0,3.0,,,,,,,,,,,,,,,,,,,,,,,,,,,,,,,,,,,2.0,6.0,2.0,,2.0,2.0,1.0,2.0,3.0,9.0,5.0,6.333333333333333
6013,2.0,0.0,0.0,10,7,7,1,1,0,2,2.0,4.0,2.0,4.0,6.0,6.0,10.0,15.509775004326936,1.0,15.509775004326936,0.0051699250014423,0.861654166907052,1.0,,,4.0,7.0,2.0,2.0,6.0,6.0,,,2.0,,,,,1.0,,,,,1.0,3.0,,,,,,,,,,,,,,,,,,,,,,,,,,,,,,,,,,,,,,2.0,3.0,,,,,,,,,,,,,,,,,,,,,,,,,,,,,,,,,,,2.0,6.0,2.0,,2.0,2.0,1.0,2.0,3.0,9.0,5.0,6.333333333333333
6014,2.0,0.0,0.0,10,7,7,1,1,0,2,2.0,4.0,2.0,4.0,6.0,6.0,10.0,15.509775004326936,1.0,15.509775004326936,0.0051699250014423,0.861654166907052,1.0,,,4.0,7.0,2.0,2.0,6.0,6.0,,,2.0,,,,,1.0,,,,,1.0,3.0,,,,,,,,,,,,,,,,,,,,,,,,,,,,,,,,,,,,,,2.0,3.0,,,,,,,,,,,,,,,,,,,,,,,,,,,,,,,,,,,2.0,6.0,2.0,,2.0,2.0,1.0,2.0,3.0,9.0,5.0,6.333333333333333
6107,4.0,0.0,0.0,14,11,11,1,0,0,3,3.0,5.0,6.0,10.0,8.0,16.0,16.36452797660028,48.0,3.0,144.0,0.016,8.0,1.0,,,,11.0,4.0,4.0,4.0,4.0,,,4.0,1.0,,1.0,,,,,,3.0,,6.0,,,,,,,2.0,,,,,,,,,,,,,,,,,,,,,,,,,,,,,,1.0,10.0,3.0,,,,,,,,,,,,,,,,,,,,,,,,,,,,,,,,,,,4.0,12.0,1.0,1.0,1.0,1.0,1.0,3.0,3.0,17.0,5.0,13.0
6108,4.0,0.0,0.0,14,11,11,1,0,0,3,3.0,5.0,6.0,10.0,8.0,16.0,16.36452797660028,48.0,3.0,144.0,0.016,8.0,1.0,,,,11.0,4.0,4.0,4.0,4.0,,,4.0,1.0,,1.0,,,,,,3.0,,6.0,,,,,,,2.0,,,,,,,,,,,,,,,,,,,,,,,,,,,,,,1.0,10.0,3.0,,,,,,,,,,,,,,,,,,,,,,,,,,,,,,,,,,,4.0,12.0,1.0,1.0,1.0,1.0,1.0,3.0,3.0,17.0,5.0,13.0
6109,4.0,0.0,0.0,14,11,11,1,0,0,3,3.0,5.0,6.0,10.0,8.0,16.0,16.36452797660028,48.0,3.0,144.0,0.016,8.0,1.0,,,,11.0,4.0,4.0,4.0,4.0,,,4.0,1.0,,1.0,,,,,,3.0,,6.0,,,,,,,2.0,,,,,,,,,,,,,,,,,,,,,,,,,,,,,,1.0,10.0,3.0,,,,,,,,,,,,,,,,,,,,,,,,,,,,,,,,,,,4.0,12.0,1.0,1.0,1.0,1.0,1.0,3.0,3.0,17.0,5.0,13.0
6110,4.0,0.0,0.0,14,11,11,1,0,0,3,3.0,5.0,6.0,10.0,8.0,16.0,16.36452797660028,48.0,3.0,144.0,0.016,8.0,1.0,,,,11.0,4.0,4.0,4.0,4.0,,,4.0,1.0,,1.0,,,,,,3.0,,6.0,,,,,,,2.0,,,,,,,,,,,,,,,,,,,,,,,,,,,,,,1.0,10.0,3.0,,,,,,,,,,,,,,,,,,,,,,,,,,,,,,,,,,,4.0,12.0,1.0,1.0,1.0,1.0,1.0,3.0,3.0,17.0,5.0,13.0
6111,4.0,0.0,0.0,14,11,11,1,0,0,3,3.0,5.0,6.0,10.0,8.0,16.0,16.36452797660028,48.0,3.0,144.0,0.016,8.0,1.0,,,,11.0,4.0,4.0,4.0,4.0,,,4.0,1.0,,1.0,,,,,,3.0,,6.0,,,,,,,2.0,,,,,,,,,,,,,,,,,,,,,,,,,,,,,,1.0,10.0,3.0,,,,,,,,,,,,,,,,,,,,,,,,,,,,,,,,,,,4.0,12.0,1.0,1.0,1.0,1.0,1.0,3.0,3.0,17.0,5.0,13.0
6112,4.0,0.0,0.0,14,11,11,1,0,0,3,3.0,5.0,6.0,10.0,8.0,16.0,16.36452797660028,48.0,3.0,144.0,0.016,8.0,1.0,,,,11.0,4.0,4.0,4.0,4.0,,,4.0,1.0,,1.0,,,,,,3.0,,6.0,,,,,,,2.0,,,,,,,,,,,,,,,,,,,,,,,,,,,,,,1.0,10.0,3.0,,,,,,,,,,,,,,,,,,,,,,,,,,,,,,,,,,,4.0,12.0,1.0,1.0,1.0,1.0,1.0,3.0,3.0,17.0,5.0,13.0
6122,4.0,0.0,0.0,14,11,11,1,0,0,3,3.0,5.0,6.0,10.0,8.0,16.0,16.36452797660028,48.0,3.0,144.0,0.016,8.0,1.0,,,,11.0,4.0,4.0,4.0,4.0,,,4.0,1.0,,1.0,,,,,,3.0,,6.0,,,,,,,2.0,,,,,,,,,,,,,,,,,,,,,,,,,,,,,,1.0,10.0,3.0,,,,,,,,,,,,,,,,,,,,,,,,,,,,,,,,,,,4.0,12.0,1.0,1.0,1.0,1.0,1.0,3.0,3.0,17.0,5.0,13.0
6123,4.0,0.0,0.0,14,11,11,1,0,0,3,3.0,5.0,6.0,10.0,8.0,16.0,16.36452797660028,48.0,3.0,144.0,0.016,8.0,1.0,,,,11.0,4.0,4.0,4.0,4.0,,,4.0,1.0,,1.0,,,,,,3.0,,6.0,,,,,,,2.0,,,,,,,,,,,,,,,,,,,,,,,,,,,,,,1.0,10.0,3.0,,,,,,,,,,,,,,,,,,,,,,,,,,,,,,,,,,,4.0,12.0,1.0,1.0,1.0,1.0,1.0,3.0,3.0,17.0,5.0,13.0
6124,4.0,0.0,0.0,14,11,11,0,0,0,3,3.0,6.0,7.0,11.0,9.0,18.0,20.264662506490406,57.058650025961626,2.75,156.91128757139447,0.0190195500086538,8.71729375396636,1.0,,,,11.0,4.0,4.0,4.0,4.0,,,4.0,1.0,,,,1.0,,,,3.0,,6.0,,,,,,,3.0,,,,,,,,,,,,,,,,,,,,,,,,,,,,,,1.0,10.0,3.0,,,,,,,,,,,,,,,,,,,,,,,,,,,,,,,,,,,4.0,12.0,1.0,1.0,1.0,1.0,1.0,3.0,3.0,17.0,4.0,8.666666666666666
6173,3.0,0.0,0.0,20,7,7,8,8,0,5,3.0,5.0,3.0,6.0,8.0,9.0,16.36452797660028,27.0,1.8,48.6,0.009,2.7,1.0,,,2.0,7.0,2.0,2.0,9.0,9.0,,,2.0,,,1.0,,,,,,,,4.0,2.0,,,,1.0,1.0,,,,,,,,,,,,,,,,,,,,,,,,,,,,,,,2.0,8.0,13.0,,,,,,,,,,,,,,,,,,,,,,,,,,,,,,,,,,,2.0,10.0,,,1.0,2.0,0.0,2.0,3.0,8.0,4.0,5.666666666666667
6175,7.0,0.0,0.0,19,10,9,2,2,5,3,9.0,16.0,15.0,28.0,25.0,43.0,92.52932501298082,199.68581616031315,7.875,1572.5258022624662,0.0665619387201043,87.362544570137,1.0,,,3.0,10.0,4.0,4.0,11.0,11.0,,,4.0,1.0,,,2.0,,2.0,,,2.0,1.0,3.0,,,,,,,1.0,2.0,,,,,2.0,,,,,,,,,,,,,,,,,,,,,,,,11.0,2.0,4.0,,,,,,,,,,,,,,,,,,,,,,,,,,,,,,,,,,,7.0,12.0,1.0,2.0,2.0,1.0,1.0,4.0,2.0,2.0,1.0,1.5
6191,3.0,0.0,0.0,19,7,7,8,8,0,4,3.0,5.0,3.0,6.0,8.0,9.0,16.36452797660028,27.0,1.8,48.6,0.009,2.7,1.0,,,4.0,7.0,2.0,2.0,9.0,9.0,,,2.0,,,1.0,,,,,,,,4.0,2.0,,,,1.0,1.0,,,,,,,,,,,,,,,,,,,,,,,,,,,,,,,2.0,8.0,12.0,,,,,,,,,,,,,,,,,,,,,,,,,,,,,,,,,,,2.0,10.0,,,1.0,2.0,0.0,2.0,3.0,5.0,4.0,4.666666666666667
6192,3.0,0.0,0.0,19,7,7,8,8,0,4,3.0,5.0,3.0,6.0,8.0,9.0,16.36452797660028,27.0,1.8,48.6,0.009,2.7,1.0,,,4.0,7.0,2.0,2.0,9.0,9.0,,,2.0,,,1.0,,,,,,,,4.0,2.0,,,,1.0,1.0,,,,,,,,,,,,,,,,,,,,,,,,,,,,,,,2.0,8.0,12.0,,,,,,,,,,,,,,,,,,,,,,,,,,,,,,,,,,,2.0,10.0,,,1.0,2.0,0.0,2.0,3.0,5.0,4.0,4.333333333333333
6196,2.0,0.0,0.0,13,10,10,0,0,0,3,2.0,6.0,4.0,8.0,8.0,12.0,17.509775004326936,36.0,1.3333333333333333,48.0,0.012,2.6666666666666665,1.0,,,,10.0,1.0,1.0,6.0,6.0,,,1.0,,,3.0,,,,,,1.0,,8.0,,,,,,,,,,,,,,,,,,,,,,,,,,,,,,,,,,,,,2.0,2.0,3.0,,,,,,,,,,,,,,,,,,,,,,,,,,,,,,,,,,,1.0,16.0,2.0,,1.0,2.0,1.0,2.0,5.0,13.0,4.0,10.0
6197,2.0,0.0,0.0,13,10,10,0,0,0,3,2.0,6.0,4.0,8.0,8.0,12.0,17.509775004326936,36.0,1.3333333333333333,48.0,0.012,2.6666666666666665,1.0,,,,10.0,1.0,1.0,6.0,6.0,,,1.0,,,3.0,,,,,,1.0,,8.0,,,,,,,,,,,,,,,,,,,,,,,,,,,,,,,,,,,,,2.0,2.0,3.0,,,,,,,,,,,,,,,,,,,,,,,,,,,,,,,,,,,1.0,16.0,2.0,,1.0,2.0,1.0,2.0,5.0,13.0,4.0,10.0
6198,2.0,0.0,0.0,13,10,10,0,0,0,3,2.0,6.0,4.0,8.0,8.0,12.0,17.509775004326936,36.0,1.3333333333333333,48.0,0.012,2.6666666666666665,1.0,,,,10.0,1.0,1.0,6.0,6.0,,,1.0,,,3.0,,,,,,,1.0,8.0,,,,,,,,,,,,,,,,,,,,,,,,,,,,,,,,,,,,,2.0,2.0,3.0,,,,,,,,,,,,,,,,,,,,,,,,,,,,,,,,,,,1.0,16.0,2.0,,1.0,2.0,1.0,2.0,5.0,13.0,4.0,9.6
6199,2.0,0.0,0.0,13,10,10,0,0,0,3,2.0,6.0,4.0,8.0,8.0,12.0,17.509775004326936,36.0,1.3333333333333333,48.0,0.012,2.6666666666666665,1.0,,,,10.0,1.0,1.0,6.0,6.0,,,1.0,,,3.0,,,,,,,1.0,8.0,,,,,,,,,,,,,,,,,,,,,,,,,,,,,,,,,,,,,2.0,2.0,3.0,,,,,,,,,,,,,,,,,,,,,,,,,,,,,,,,,,,1.0,16.0,2.0,,1.0,2.0,1.0,2.0,5.0,13.0,4.0,10.4
6200,2.0,0.0,0.0,13,10,10,0,0,0,3,2.0,6.0,4.0,8.0,8.0,12.0,17.509775004326936,36.0,1.3333333333333333,48.0,0.012,2.6666666666666665,1.0,,,,10.0,1.0,1.0,6.0,6.0,,,1.0,,,3.0,,,,,,,1.0,8.0,,,,,,,,,,,,,,,,,,,,,,,,,,,,,,,,,,,,,2.0,2.0,3.0,,,,,,,,,,,,,,,,,,,,,,,,,,,,,,,,,,,1.0,16.0,2.0,,1.0,2.0,1.0,2.0,5.0,13.0,4.0,9.2
6201,2.0,0.0,0.0,13,10,10,0,0,0,3,2.0,6.0,4.0,8.0,8.0,12.0,17.509775004326936,36.0,1.3333333333333333,48.0,0.012,2.6666666666666665,1.0,,,,10.0,1.0,1.0,6.0,6.0,,,1.0,,,3.0,,,,,,,1.0,8.0,,,,,,,,,,,,,,,,,,,,,,,,,,,,,,,,,,,,,2.0,2.0,3.0,,,,,,,,,,,,,,,,,,,,,,,,,,,,,,,,,,,1.0,16.0,2.0,,1.0,2.0,1.0,2.0,5.0,13.0,4.0,9.2
6202,2.0,0.0,0.0,13,10,10,0,0,0,3,2.0,6.0,4.0,8.0,8.0,12.0,17.509775004326936,36.0,1.3333333333333333,48.0,0.012,2.6666666666666665,1.0,,,,10.0,1.0,1.0,6.0,6.0,,,1.0,,,3.0,,,,,,,,8.0,,,,,,,1.0,,,,,,,,,,,,,,,,,,,,,,,,,,,,,,2.0,2.0,3.0,,,,,,,,,,,,,,,,,,,,,,,,,,,,,,,,,,,1.0,16.0,2.0,,1.0,2.0,1.0,2.0,5.0,13.0,4.0,9.2
6203,2.0,0.0,0.0,13,10,10,0,0,0,3,2.0,6.0,4.0,8.0,8.0,12.0,17.509775004326936,36.0,1.3333333333333333,48.0,0.012,2.6666666666666665,1.0,,,,10.0,1.0,1.0,6.0,6.0,,,1.0,,,3.0,,,,,,1.0,,8.0,,,,,,,,,,,,,,,,,,,,,,,,,,,,,,,,,,,,,2.0,2.0,3.0,,,,,,,,,,,,,,,,,,,,,,,,,,,,,,,,,,,1.0,16.0,2.0,,1.0,2.0,1.0,2.0,5.0,13.0,4.0,9.6
6204,2.0,0.0,0.0,13,10,10,0,0,0,3,2.0,6.0,4.0,8.0,8.0,12.0,17.509775004326936,36.0,1.3333333333333333,48.0,0.012,2.6666666666666665,1.0,,,,10.0,1.0,1.0,6.0,6.0,,,1.0,,,3.0,,,,,,,1.0,8.0,,,,,,,,,,,,,,,,,,,,,,,,,,,,,,,,,,,,,2.0,2.0,3.0,,,,,,,,,,,,,,,,,,,,,,,,,,,,,,,,,,,1.0,16.0,2.0,,1.0,2.0,1.0,2.0,5.0,13.0,4.0,10.4
6206,4.0,0.0,0.0,9,7,7,0,0,0,2,6.0,8.0,6.0,11.0,14.0,17.0,39.50977500432694,64.72503367497926,4.125,266.99076390928946,0.021575011224993,14.832820217182748,1.0,,,,7.0,2.0,2.0,7.0,7.0,,,2.0,,,,1.0,,,,,,,3.0,,,,,,1.0,1.0,1.0,,,,,,1.0,,,,,,,,,,,,,,,,,,,,,,,5.0,,2.0,,,,,,,,,,,,,,,,,,,,,,,,,,,,,,,,,,,3.0,8.0,2.0,,1.0,2.0,1.0,2.0,2.0,8.0,1.0,4.5
6207,4.0,0.0,0.0,9,7,7,0,0,0,2,6.0,8.0,6.0,11.0,14.0,17.0,39.50977500432694,64.72503367497926,4.125,266.99076390928946,0.021575011224993,14.832820217182748,1.0,,,,7.0,2.0,2.0,7.0,7.0,,,2.0,,,,1.0,,,,,,,3.0,,,,,,1.0,1.0,1.0,,,,,,1.0,,,,,,,,,,,,,,,,,,,,,,,5.0,,2.0,,,,,,,,,,,,,,,,,,,,,,,,,,,,,,,,,,,3.0,8.0,2.0,,1.0,2.0,1.0,2.0,2.0,8.0,1.0,4.5
6208,4.0,0.0,0.0,9,7,7,0,0,0,2,6.0,8.0,6.0,11.0,14.0,17.0,39.50977500432694,64.72503367497926,4.125,266.99076390928946,0.021575011224993,14.832820217182748,1.0,,,,7.0,2.0,2.0,7.0,7.0,,,2.0,,,,1.0,,,,,,,3.0,,,,,,1.0,1.0,1.0,,,,,,1.0,,,,,,,,,,,,,,,,,,,,,,,5.0,,2.0,,,,,,,,,,,,,,,,,,,,,,,,,,,,,,,,,,,3.0,8.0,2.0,,1.0,2.0,1.0,2.0,2.0,8.0,1.0,4.5
6209,4.0,0.0,0.0,9,7,7,0,0,0,2,6.0,8.0,6.0,11.0,14.0,17.0,39.50977500432694,64.72503367497926,4.125,266.99076390928946,0.021575011224993,14.832820217182748,1.0,,,,7.0,2.0,2.0,7.0,7.0,,,2.0,,,,1.0,,,,,,,3.0,,,,,,1.0,1.0,1.0,,,,,,1.0,,,,,,,,,,,,,,,,,,,,,,,5.0,,2.0,,,,,,,,,,,,,,,,,,,,,,,,,,,,,,,,,,,3.0,8.0,2.0,,1.0,2.0,1.0,2.0,2.0,8.0,1.0,4.5
6210,4.0,0.0,0.0,9,7,7,0,0,0,2,6.0,8.0,6.0,11.0,14.0,17.0,39.50977500432694,64.72503367497926,4.125,266.99076390928946,0.021575011224993,14.832820217182748,1.0,,,,7.0,2.0,2.0,7.0,7.0,,,2.0,,,,1.0,,,,,,,3.0,,,,,,1.0,1.0,1.0,,,,,,1.0,,,,,,,,,,,,,,,,,,,,,,,5.0,,2.0,,,,,,,,,,,,,,,,,,,,,,,,,,,,,,,,,,,3.0,8.0,2.0,,1.0,2.0,1.0,2.0,2.0,8.0,1.0,4.5
6211,4.0,0.0,0.0,9,7,7,0,0,0,2,6.0,8.0,6.0,11.0,14.0,17.0,39.50977500432694,64.72503367497926,4.125,266.99076390928946,0.021575011224993,14.832820217182748,1.0,,,,7.0,2.0,2.0,7.0,7.0,,,2.0,,,,1.0,,,,,,,3.0,,,,,,1.0,1.0,1.0,,,,,,1.0,,,,,,,,,,,,,,,,,,,,,,,5.0,,2.0,,,,,,,,,,,,,,,,,,,,,,,,,,,,,,,,,,,3.0,8.0,2.0,,1.0,2.0,1.0,2.0,2.0,8.0,1.0,4.5
6212,4.0,0.0,0.0,9,7,7,0,0,0,2,6.0,8.0,6.0,11.0,14.0,17.0,39.50977500432694,64.72503367497926,4.125,266.99076390928946,0.021575011224993,14.832820217182748,1.0,,,,7.0,2.0,2.0,7.0,7.0,,,2.0,,,,1.0,,,,,,,3.0,,,,,,1.0,1.0,1.0,,,,,,1.0,,,,,,,,,,,,,,,,,,,,,,,5.0,,2.0,,,,,,,,,,,,,,,,,,,,,,,,,,,,,,,,,,,3.0,8.0,2.0,,1.0,2.0,1.0,2.0,2.0,8.0,1.0,4.5
6213,4.0,0.0,0.0,9,7,7,0,0,0,2,6.0,8.0,6.0,11.0,14.0,17.0,39.50977500432694,64.72503367497926,4.125,266.99076390928946,0.021575011224993,14.832820217182748,1.0,,,,7.0,2.0,2.0,7.0,7.0,,,2.0,,,,1.0,,,,,,,3.0,,,,,,1.0,1.0,1.0,,,,,,1.0,,,,,,,,,,,,,,,,,,,,,,,5.0,,2.0,,,,,,,,,,,,,,,,,,,,,,,,,,,,,,,,,,,3.0,8.0,2.0,,1.0,2.0,1.0,2.0,2.0,8.0,1.0,4.5
6214,4.0,0.0,0.0,9,7,7,0,0,0,2,6.0,8.0,6.0,11.0,14.0,17.0,39.50977500432694,64.72503367497926,4.125,266.99076390928946,0.021575011224993,14.832820217182748,1.0,,,,7.0,2.0,2.0,7.0,7.0,,,2.0,,,,1.0,,,,,,,3.0,,,,,,1.0,1.0,1.0,,,,,,1.0,,,,,,,,,,,,,,,,,,,,,,,5.0,,2.0,,,,,,,,,,,,,,,,,,,,,,,,,,,,,,,,,,,3.0,8.0,2.0,,1.0,2.0,1.0,2.0,2.0,8.0,1.0,4.5
6216,3.0,0.0,0.0,6,6,6,0,0,0,0,4.0,6.0,4.0,8.0,10.0,12.0,23.509775004326936,39.86313713864836,2.6666666666666665,106.3016990363956,0.0132877123795494,5.905649946466422,1.0,,,,6.0,2.0,2.0,5.0,5.0,,,2.0,,,1.0,,,,,,,,3.0,,1.0,,,1.0,,1.0,,,,,,,,,,,,,,,,,,,,,,,,,,,,,,3.0,,,,,,,,,,,,,,,,,,,,,,,,,,,,,,,,,,,,,2.0,8.0,2.0,,1.0,2.0,1.0,2.0,2.0,1.0,1.0,1.0
6217,3.0,0.0,0.0,6,6,6,0,0,0,0,4.0,6.0,4.0,8.0,10.0,12.0,23.509775004326936,39.86313713864836,2.6666666666666665,106.3016990363956,0.0132877123795494,5.905649946466422,1.0,,,,6.0,2.0,2.0,5.0,5.0,,,2.0,,,1.0,,,,,,,,3.0,,1.0,,,1.0,,1.0,,,,,,,,,,,,,,,,,,,,,,,,,,,,,,3.0,,,,,,,,,,,,,,,,,,,,,,,,,,,,,,,,,,,,,2.0,8.0,2.0,,1.0,2.0,1.0,2.0,2.0,1.0,1.0,1.0
6218,3.0,0.0,0.0,6,6,6,0,0,0,0,4.0,6.0,4.0,8.0,10.0,12.0,23.509775004326936,39.86313713864836,2.6666666666666665,106.3016990363956,0.0132877123795494,5.905649946466422,1.0,,,,6.0,2.0,2.0,5.0,5.0,,,2.0,,,1.0,,,,,,,,3.0,,1.0,,,1.0,,1.0,,,,,,,,,,,,,,,,,,,,,,,,,,,,,,3.0,,,,,,,,,,,,,,,,,,,,,,,,,,,,,,,,,,,,,2.0,8.0,2.0,,1.0,2.0,1.0,2.0,2.0,1.0,1.0,1.0
6219,3.0,0.0,0.0,6,6,6,0,0,0,0,4.0,6.0,4.0,8.0,10.0,12.0,23.509775004326936,39.86313713864836,2.6666666666666665,106.3016990363956,0.0132877123795494,5.905649946466422,1.0,,,,6.0,2.0,2.0,5.0,5.0,,,2.0,,,1.0,,,,,,,,3.0,,1.0,,,,1.0,1.0,,,,,,,,,,,,,,,,,,,,,,,,,,,,,,3.0,,,,,,,,,,,,,,,,,,,,,,,,,,,,,,,,,,,,,2.0,8.0,2.0,,1.0,2.0,1.0,2.0,2.0,1.0,1.0,1.0
6220,3.0,0.0,0.0,8,8,8,0,0,0,0,4.0,7.0,5.0,10.0,11.0,15.0,27.651484454403228,51.89147427955947,2.857142857142857,148.26135508445563,0.0172971580931864,8.236741949136423,1.0,,,,8.0,2.0,2.0,5.0,5.0,,,2.0,,,2.0,,,,,,,,5.0,,1.0,,,1.0,,1.0,,,,,,,,,,,,,,,,,,,,,,,,,,,,,,4.0,,,,,,,,,,,,,,,,,,,,,,,,,,,,,,,,,,,,,2.0,12.0,2.0,,1.0,2.0,1.0,2.0,3.0,4.0,1.0,2.0
6221,3.0,0.0,0.0,8,8,8,0,0,0,0,4.0,7.0,5.0,10.0,11.0,15.0,27.651484454403228,51.89147427955947,2.857142857142857,148.26135508445563,0.0172971580931864,8.236741949136423,1.0,,,,8.0,2.0,2.0,5.0,5.0,,,2.0,,,2.0,,,,,,,,5.0,,1.0,,,1.0,,1.0,,,,,,,,,,,,,,,,,,,,,,,,,,,,,,4.0,,,,,,,,,,,,,,,,,,,,,,,,,,,,,,,,,,,,,2.0,12.0,2.0,,1.0,2.0,1.0,2.0,3.0,4.0,1.0,2.0
6222,3.0,0.0,0.0,8,8,8,0,0,0,0,4.0,7.0,5.0,10.0,11.0,15.0,27.651484454403228,51.89147427955947,2.857142857142857,148.26135508445563,0.0172971580931864,8.236741949136423,1.0,,,,8.0,2.0,2.0,5.0,5.0,,,2.0,,,2.0,,,,,,,,5.0,,1.0,,,1.0,,1.0,,,,,,,,,,,,,,,,,,,,,,,,,,,,,,4.0,,,,,,,,,,,,,,,,,,,,,,,,,,,,,,,,,,,,,2.0,12.0,2.0,,1.0,2.0,1.0,2.0,3.0,4.0,1.0,2.0
6223,3.0,0.0,0.0,8,8,8,0,0,0,0,4.0,7.0,5.0,10.0,11.0,15.0,27.651484454403228,51.89147427955947,2.857142857142857,148.26135508445563,0.0172971580931864,8.236741949136423,1.0,,,,8.0,2.0,2.0,5.0,5.0,,,2.0,,,2.0,,,,,,,,5.0,,1.0,,,,1.0,1.0,,,,,,,,,,,,,,,,,,,,,,,,,,,,,,4.0,,,,,,,,,,,,,,,,,,,,,,,,,,,,,,,,,,,,,2.0,12.0,2.0,,1.0,2.0,1.0,2.0,3.0,4.0,1.0,2.0
6245,3.0,0.0,0.0,20,7,7,8,8,0,5,3.0,5.0,3.0,6.0,8.0,9.0,16.36452797660028,27.0,1.8,48.6,0.009,2.7,1.0,,,2.0,7.0,2.0,2.0,9.0,9.0,,,2.0,,,1.0,,,,,,,,4.0,2.0,,,,1.0,1.0,,,,,,,,,,,,,,,,,,,,,,,,,,,,,,,2.0,8.0,13.0,,,,,,,,,,,,,,,,,,,,,,,,,,,,,,,,,,,2.0,10.0,,,1.0,2.0,0.0,2.0,3.0,8.0,4.0,5.666666666666667
6246,3.0,0.0,0.0,20,7,7,8,8,0,5,3.0,5.0,3.0,6.0,8.0,9.0,16.36452797660028,27.0,1.8,48.6,0.009,2.7,1.0,,,2.0,7.0,2.0,2.0,9.0,9.0,,,2.0,,,1.0,,,,,,,,4.0,2.0,,,,1.0,1.0,,,,,,,,,,,,,,,,,,,,,,,,,,,,,,,2.0,8.0,13.0,,,,,,,,,,,,,,,,,,,,,,,,,,,,,,,,,,,2.0,10.0,,,1.0,2.0,0.0,2.0,3.0,8.0,4.0,5.666666666666667
6247,3.0,0.0,0.0,20,7,7,8,8,0,5,3.0,5.0,3.0,6.0,8.0,9.0,16.36452797660028,27.0,1.8,48.6,0.009,2.7,1.0,,,2.0,7.0,2.0,2.0,9.0,9.0,,,2.0,,,1.0,,,,,,,,4.0,2.0,,,,1.0,1.0,,,,,,,,,,,,,,,,,,,,,,,,,,,,,,,2.0,8.0,13.0,,,,,,,,,,,,,,,,,,,,,,,,,,,,,,,,,,,2.0,10.0,,,1.0,2.0,0.0,2.0,3.0,8.0,4.0,5.666666666666667
6248,3.0,0.0,0.0,20,7,7,8,8,0,5,3.0,5.0,3.0,6.0,8.0,9.0,16.36452797660028,27.0,1.8,48.6,0.009,2.7,1.0,,,2.0,7.0,2.0,2.0,9.0,9.0,,,2.0,,,1.0,,,,,,,,4.0,2.0,,,,1.0,1.0,,,,,,,,,,,,,,,,,,,,,,,,,,,,,,,2.0,8.0,13.0,,,,,,,,,,,,,,,,,,,,,,,,,,,,,,,,,,,2.0,10.0,,,1.0,2.0,0.0,2.0,3.0,8.0,4.0,5.666666666666667
6305,5.0,0.0,0.0,20,18,18,0,0,0,2,3.0,16.0,11.0,22.0,19.0,33.0,68.75488750216347,140.1816079436383,2.0625,289.12456638375403,0.0467272026478794,16.06247591020856,1.0,,,3.0,18.0,4.0,4.0,9.0,9.0,3.0,3.0,4.0,4.0,,,,,,,,1.0,,6.0,1.0,,,,3.0,,,,,,,,,7.0,,,,,,,,,,,,,,,,,,,,,,,10.0,3.0,2.0,,,,,,,,,,,,,,,,,,,,,,,,,,,,,,,,,,,4.0,26.0,,2.0,1.0,1.0,0.0,4.0,7.0,8.0,1.0,3.571428571428572
6306,5.0,0.0,0.0,20,18,18,0,0,0,2,3.0,16.0,11.0,22.0,19.0,33.0,68.75488750216347,140.1816079436383,2.0625,289.12456638375403,0.0467272026478794,16.06247591020856,1.0,,,3.0,18.0,4.0,4.0,9.0,9.0,3.0,3.0,4.0,4.0,,,,,,,,1.0,,6.0,1.0,,,,3.0,,,,,,,,,7.0,,,,,,,,,,,,,,,,,,,,,,,10.0,3.0,2.0,,,,,,,,,,,,,,,,,,,,,,,,,,,,,,,,,,,4.0,26.0,,2.0,1.0,1.0,0.0,4.0,7.0,8.0,1.0,3.571428571428572
6308,5.0,0.0,0.0,20,18,18,0,0,0,2,3.0,16.0,11.0,22.0,19.0,33.0,68.75488750216347,140.1816079436383,2.0625,289.12456638375403,0.0467272026478794,16.06247591020856,1.0,,,3.0,18.0,4.0,4.0,9.0,9.0,3.0,3.0,4.0,4.0,,,,,,,,1.0,,6.0,1.0,,,,3.0,,,,,,,,,7.0,,,,,,,,,,,,,,,,,,,,,,,10.0,3.0,2.0,,,,,,,,,,,,,,,,,,,,,,,,,,,,,,,,,,,4.0,26.0,,2.0,1.0,1.0,0.0,4.0,7.0,8.0,1.0,3.571428571428572
6309,5.0,0.0,0.0,20,18,18,0,0,0,2,3.0,16.0,11.0,22.0,19.0,33.0,68.75488750216347,140.1816079436383,2.0625,289.12456638375403,0.0467272026478794,16.06247591020856,1.0,,,3.0,18.0,4.0,4.0,9.0,9.0,3.0,3.0,4.0,4.0,,,,,,,,1.0,,6.0,1.0,,,,3.0,,,,,,,,,7.0,,,,,,,,,,,,,,,,,,,,,,,10.0,3.0,2.0,,,,,,,,,,,,,,,,,,,,,,,,,,,,,,,,,,,4.0,26.0,,2.0,1.0,1.0,0.0,4.0,7.0,8.0,1.0,3.571428571428572
6310,5.0,0.0,0.0,20,18,18,0,0,0,2,3.0,16.0,11.0,22.0,19.0,33.0,68.75488750216347,140.1816079436383,2.0625,289.12456638375403,0.0467272026478794,16.06247591020856,1.0,,,3.0,18.0,4.0,4.0,9.0,9.0,3.0,3.0,4.0,4.0,,,,,,,,1.0,,6.0,1.0,,,,3.0,,,,,,,,,7.0,,,,,,,,,,,,,,,,,,,,,,,10.0,3.0,2.0,,,,,,,,,,,,,,,,,,,,,,,,,,,,,,,,,,,4.0,26.0,,2.0,1.0,1.0,0.0,4.0,7.0,8.0,1.0,3.571428571428572
6311,5.0,0.0,0.0,20,18,18,0,0,0,2,3.0,16.0,11.0,22.0,19.0,33.0,68.75488750216347,140.1816079436383,2.0625,289.12456638375403,0.0467272026478794,16.06247591020856,1.0,,,3.0,18.0,4.0,4.0,9.0,9.0,3.0,3.0,4.0,4.0,,,,,,,,1.0,,6.0,1.0,,,,3.0,,,,,,,,,7.0,,,,,,,,,,,,,,,,,,,,,,,10.0,3.0,2.0,,,,,,,,,,,,,,,,,,,,,,,,,,,,,,,,,,,4.0,26.0,,2.0,1.0,1.0,0.0,4.0,7.0,8.0,1.0,3.571428571428572
6312,5.0,0.0,0.0,20,18,18,0,0,0,2,3.0,16.0,11.0,22.0,19.0,33.0,68.75488750216347,140.1816079436383,2.0625,289.12456638375403,0.0467272026478794,16.06247591020856,1.0,,,3.0,18.0,4.0,4.0,9.0,9.0,3.0,3.0,4.0,4.0,,,,,,,,1.0,,6.0,1.0,,,,3.0,,,,,,,,,7.0,,,,,,,,,,,,,,,,,,,,,,,10.0,3.0,2.0,,,,,,,,,,,,,,,,,,,,,,,,,,,,,,,,,,,4.0,26.0,,2.0,1.0,1.0,0.0,4.0,7.0,8.0,1.0,3.571428571428572
6315,5.0,0.0,0.0,20,18,18,0,0,0,2,3.0,16.0,11.0,22.0,19.0,33.0,68.75488750216347,140.1816079436383,2.0625,289.12456638375403,0.0467272026478794,16.06247591020856,1.0,,,3.0,18.0,4.0,4.0,9.0,9.0,3.0,3.0,4.0,4.0,,,,,,,,1.0,,6.0,1.0,,,,3.0,,,,,,,,,7.0,,,,,,,,,,,,,,,,,,,,,,,10.0,3.0,2.0,,,,,,,,,,,,,,,,,,,,,,,,,,,,,,,,,,,4.0,26.0,,2.0,1.0,1.0,0.0,4.0,7.0,8.0,1.0,3.571428571428572
6316,5.0,0.0,0.0,20,18,18,0,0,0,2,3.0,16.0,11.0,22.0,19.0,33.0,68.75488750216347,140.1816079436383,2.0625,289.12456638375403,0.0467272026478794,16.06247591020856,1.0,,,3.0,18.0,4.0,4.0,9.0,9.0,3.0,3.0,4.0,4.0,,,,,,,,1.0,,6.0,1.0,,,,3.0,,,,,,,,,7.0,,,,,,,,,,,,,,,,,,,,,,,10.0,3.0,2.0,,,,,,,,,,,,,,,,,,,,,,,,,,,,,,,,,,,4.0,26.0,,2.0,1.0,1.0,0.0,4.0,7.0,8.0,1.0,3.571428571428572
6342,2.0,0.0,0.0,6,5,5,0,0,0,1,1.0,2.0,1.0,2.0,3.0,3.0,2.0,4.754887502163469,0.5,2.3774437510817346,0.0015849625007211,0.1320802083934297,1.0,,,2.0,5.0,2.0,2.0,4.0,4.0,1.0,1.0,2.0,,,,,,,,,,,1.0,1.0,,,,1.0,,,,,,,,,,,,,,,,,,,,,,,,,,,,,,,,1.0,,1.0,,,,,,,,,,,,,,,,,,,,,,,,,,,,,,,,,,,2.0,4.0,,,2.0,1.0,0.0,2.0,2.0,5.0,4.0,4.5
6343,2.0,0.0,0.0,6,5,5,0,0,0,1,1.0,2.0,1.0,2.0,3.0,3.0,2.0,4.754887502163469,0.5,2.3774437510817346,0.0015849625007211,0.1320802083934297,1.0,,,2.0,5.0,2.0,2.0,4.0,4.0,1.0,1.0,2.0,,,,,,,,,,,1.0,1.0,,,,1.0,,,,,,,,,,,,,,,,,,,,,,,,,,,,,,,,1.0,,1.0,,,,,,,,,,,,,,,,,,,,,,,,,,,,,,,,,,,2.0,4.0,,,2.0,1.0,0.0,2.0,2.0,5.0,4.0,4.5
6344,2.0,0.0,0.0,6,5,5,0,0,0,1,1.0,2.0,1.0,2.0,3.0,3.0,2.0,4.754887502163469,0.5,2.3774437510817346,0.0015849625007211,0.1320802083934297,1.0,,,2.0,5.0,2.0,2.0,4.0,4.0,1.0,1.0,2.0,,,,,,,,,,,1.0,1.0,,,,1.0,,,,,,,,,,,,,,,,,,,,,,,,,,,,,,,,1.0,,1.0,,,,,,,,,,,,,,,,,,,,,,,,,,,,,,,,,,,2.0,4.0,,,2.0,1.0,0.0,2.0,2.0,5.0,4.0,4.5
6345,2.0,0.0,0.0,6,5,5,0,0,0,1,1.0,2.0,1.0,2.0,3.0,3.0,2.0,4.754887502163469,0.5,2.3774437510817346,0.0015849625007211,0.1320802083934297,1.0,,,2.0,5.0,2.0,2.0,4.0,4.0,1.0,1.0,2.0,,,,,,,,,,,1.0,1.0,,,,1.0,,,,,,,,,,,,,,,,,,,,,,,,,,,,,,,,1.0,,1.0,,,,,,,,,,,,,,,,,,,,,,,,,,,,,,,,,,,2.0,4.0,,,2.0,1.0,0.0,2.0,2.0,5.0,4.0,4.5
6346,2.0,0.0,0.0,6,5,5,0,0,0,1,1.0,2.0,1.0,2.0,3.0,3.0,2.0,4.754887502163469,0.5,2.3774437510817346,0.0015849625007211,0.1320802083934297,1.0,,,2.0,5.0,2.0,2.0,4.0,4.0,1.0,1.0,2.0,,,,,,,,,,,1.0,1.0,,,,1.0,,,,,,,,,,,,,,,,,,,,,,,,,,,,,,,,1.0,,1.0,,,,,,,,,,,,,,,,,,,,,,,,,,,,,,,,,,,2.0,4.0,,,2.0,1.0,0.0,2.0,2.0,5.0,4.0,4.5
6347,2.0,0.0,0.0,6,5,5,0,0,0,1,1.0,2.0,1.0,2.0,3.0,3.0,2.0,4.754887502163469,0.5,2.3774437510817346,0.0015849625007211,0.1320802083934297,1.0,,,2.0,5.0,2.0,2.0,4.0,4.0,1.0,1.0,2.0,,,,,,,,,,,1.0,1.0,,,,1.0,,,,,,,,,,,,,,,,,,,,,,,,,,,,,,,,1.0,,1.0,,,,,,,,,,,,,,,,,,,,,,,,,,,,,,,,,,,2.0,4.0,,,2.0,1.0,0.0,2.0,2.0,5.0,4.0,4.5
6350,2.0,0.0,0.0,6,5,5,0,0,0,1,1.0,2.0,1.0,2.0,3.0,3.0,2.0,4.754887502163469,0.5,2.3774437510817346,0.0015849625007211,0.1320802083934297,1.0,,,2.0,5.0,2.0,2.0,4.0,4.0,1.0,1.0,2.0,,,,,,,,,,,1.0,1.0,,,,1.0,,,,,,,,,,,,,,,,,,,,,,,,,,,,,,,,1.0,,1.0,,,,,,,,,,,,,,,,,,,,,,,,,,,,,,,,,,,2.0,4.0,,,2.0,1.0,0.0,2.0,2.0,5.0,4.0,4.5
6351,2.0,0.0,0.0,6,5,5,0,0,0,1,2.0,3.0,2.0,3.0,5.0,5.0,6.754887502163469,11.60964047443681,1.0,11.60964047443681,0.0038698801581456,0.6449800263576005,1.0,,,2.0,5.0,2.0,2.0,4.0,4.0,1.0,1.0,2.0,,,,1.0,,,,,,,1.0,1.0,,,,1.0,,,,,,,,,,,,,,,,,,,,,,,,,,,,,,,,1.0,,1.0,,,,,,,,,,,,,,,,,,,,,,,,,,,,,,,,,,,2.0,4.0,,,2.0,1.0,0.0,2.0,2.0,5.0,4.0,4.5
6352,2.0,0.0,0.0,6,5,5,0,0,0,1,2.0,3.0,2.0,3.0,5.0,5.0,6.754887502163469,11.60964047443681,1.0,11.60964047443681,0.0038698801581456,0.6449800263576005,1.0,,,2.0,5.0,2.0,2.0,4.0,4.0,1.0,1.0,2.0,,,,1.0,,,,,,,1.0,1.0,,,,1.0,,,,,,,,,,,,,,,,,,,,,,,,,,,,,,,,1.0,,1.0,,,,,,,,,,,,,,,,,,,,,,,,,,,,,,,,,,,2.0,4.0,,,2.0,1.0,0.0,2.0,2.0,5.0,4.0,4.5
6358,2.0,0.0,0.0,4,4,4,0,0,0,0,1.0,2.0,2.0,2.0,3.0,4.0,2.0,6.339850002884625,0.5,3.1699250014423126,0.0021132833342948,0.1761069445245729,1.0,,,1.0,4.0,1.0,1.0,5.0,5.0,,,1.0,2.0,,,2.0,,,,,,,1.0,,,,,,,,,,,,,,,,,,,,,,,,,,,,,,,,,,,,,2.0,,,,,,,,,,,,,,,,,,,,,,,,,,,,,,,,,,,,,2.0,4.0,2.0,,2.0,1.0,2.0,2.0,2.0,1.0,1.0,1.0
6359,2.0,0.0,0.0,4,4,4,0,0,0,0,1.0,2.0,2.0,2.0,3.0,4.0,2.0,6.339850002884625,0.5,3.1699250014423126,0.0021132833342948,0.1761069445245729,1.0,,,1.0,4.0,1.0,1.0,5.0,5.0,,,1.0,2.0,,,2.0,,,,,,,1.0,,,,,,,,,,,,,,,,,,,,,,,,,,,,,,,,,,,,,2.0,,,,,,,,,,,,,,,,,,,,,,,,,,,,,,,,,,,,,2.0,4.0,2.0,,2.0,1.0,2.0,2.0,2.0,1.0,1.0,1.0
6360,2.0,0.0,0.0,4,4,4,0,0,0,0,1.0,2.0,2.0,2.0,3.0,4.0,2.0,6.339850002884625,0.5,3.1699250014423126,0.0021132833342948,0.1761069445245729,1.0,,,1.0,4.0,1.0,1.0,5.0,5.0,,,1.0,2.0,,,2.0,,,,,,,1.0,,,,,,,,,,,,,,,,,,,,,,,,,,,,,,,,,,,,,2.0,,,,,,,,,,,,,,,,,,,,,,,,,,,,,,,,,,,,,2.0,4.0,2.0,,2.0,1.0,2.0,2.0,2.0,1.0,1.0,1.0
6361,2.0,0.0,0.0,4,4,4,0,0,0,0,1.0,1.0,1.0,1.0,2.0,2.0,0.0,2.0,0.5,1.0,0.0006666666666666,0.0555555555555555,1.0,,,1.0,4.0,1.0,1.0,5.0,5.0,,,1.0,2.0,,,1.0,,,,,,,1.0,,,,,,,,,,,,,,,,,,,,,,,,,,,,,,,,,,,,,2.0,,,,,,,,,,,,,,,,,,,,,,,,,,,,,,,,,,,,,2.0,4.0,2.0,,2.0,1.0,2.0,2.0,2.0,1.0,1.0,1.0
6362,2.0,0.0,0.0,4,4,4,0,0,0,0,1.0,1.0,1.0,1.0,2.0,2.0,0.0,2.0,0.5,1.0,0.0006666666666666,0.0555555555555555,1.0,,,1.0,4.0,1.0,1.0,5.0,5.0,,,1.0,2.0,,,1.0,,,,,,,1.0,,,,,,,,,,,,,,,,,,,,,,,,,,,,,,,,,,,,,2.0,,,,,,,,,,,,,,,,,,,,,,,,,,,,,,,,,,,,,2.0,4.0,2.0,,2.0,1.0,2.0,2.0,2.0,1.0,1.0,1.0
6363,2.0,0.0,0.0,4,4,4,0,0,0,0,1.0,1.0,1.0,1.0,2.0,2.0,0.0,2.0,0.5,1.0,0.0006666666666666,0.0555555555555555,1.0,,,1.0,4.0,1.0,1.0,5.0,5.0,,,1.0,2.0,,,1.0,,,,,,,1.0,,,,,,,,,,,,,,,,,,,,,,,,,,,,,,,,,,,,,2.0,,,,,,,,,,,,,,,,,,,,,,,,,,,,,,,,,,,,,2.0,4.0,2.0,,2.0,1.0,2.0,2.0,2.0,1.0,1.0,1.0
6364,2.0,0.0,0.0,4,4,4,0,0,0,0,1.0,1.0,1.0,1.0,2.0,2.0,0.0,2.0,0.5,1.0,0.0006666666666666,0.0555555555555555,1.0,,,1.0,4.0,1.0,1.0,5.0,5.0,,,1.0,2.0,,,1.0,,,,,,,1.0,,,,,,,,,,,,,,,,,,,,,,,,,,,,,,,,,,,,,2.0,,,,,,,,,,,,,,,,,,,,,,,,,,,,,,,,,,,,,2.0,4.0,2.0,,2.0,1.0,2.0,2.0,2.0,1.0,1.0,1.0
6365,2.0,0.0,0.0,4,4,4,0,0,0,0,1.0,1.0,1.0,1.0,2.0,2.0,0.0,2.0,0.5,1.0,0.0006666666666666,0.0555555555555555,1.0,,,1.0,4.0,1.0,1.0,5.0,5.0,,,1.0,2.0,,,1.0,,,,,,,1.0,,,,,,,,,,,,,,,,,,,,,,,,,,,,,,,,,,,,,2.0,,,,,,,,,,,,,,,,,,,,,,,,,,,,,,,,,,,,,2.0,4.0,2.0,,2.0,1.0,2.0,2.0,2.0,1.0,1.0,1.0
6366,2.0,0.0,0.0,4,4,4,0,0,0,0,1.0,2.0,2.0,2.0,3.0,4.0,2.0,6.339850002884625,0.5,3.1699250014423126,0.0021132833342948,0.1761069445245729,1.0,,,1.0,4.0,1.0,1.0,5.0,5.0,,,1.0,2.0,,,2.0,,,,,,,1.0,,,,,,,,,,,,,,,,,,,,,,,,,,,,,,,,,,,,,2.0,,,,,,,,,,,,,,,,,,,,,,,,,,,,,,,,,,,,,2.0,4.0,2.0,,2.0,1.0,2.0,2.0,2.0,1.0,1.0,1.0
6367,2.0,0.0,0.0,4,4,4,0,0,0,0,1.0,1.0,1.0,1.0,2.0,2.0,0.0,2.0,0.5,1.0,0.0006666666666666,0.0555555555555555,1.0,,,1.0,4.0,1.0,1.0,5.0,5.0,,,1.0,2.0,,,1.0,,,,,,,1.0,,,,,,,,,,,,,,,,,,,,,,,,,,,,,,,,,,,,,2.0,,,,,,,,,,,,,,,,,,,,,,,,,,,,,,,,,,,,,2.0,4.0,2.0,,2.0,1.0,2.0,2.0,2.0,1.0,1.0,1.0
6371,3.0,0.0,0.0,14,9,9,3,3,0,2,3.0,6.0,3.0,6.0,9.0,9.0,20.264662506490406,28.529325012980813,1.5,42.793987519471216,0.0095097750043269,2.377443751081734,1.0,,,1.0,9.0,3.0,3.0,6.0,6.0,3.0,3.0,3.0,,,,1.0,1.0,,,,,,4.0,,,,,1.0,,,,,,,,1.0,,,,,,,,,,,,,,,,,,,,,,,,4.0,3.0,5.0,,,,,,,,,,,,,,,,,,,,,,,,,,,,,,,,,,,6.0,16.0,1.0,1.0,1.0,1.0,1.0,3.0,6.0,11.0,4.0,6.0
6372,6.0,0.0,0.0,17,13,13,1,0,0,4,2.0,13.0,8.0,16.0,15.0,24.0,50.1057163358342,93.76537429460444,1.2307692307692308,115.40353759335932,0.0312551247648681,6.411307644075517,1.0,,,6.0,13.0,5.0,5.0,11.0,11.0,12.0,12.0,5.0,1.0,,4.0,,1.0,,,,,,7.0,2.0,,,,4.0,,,,,,,,,,,,,,,,,,,,,,,,,,,,,,,,13.0,1.0,4.0,,,,,,,,,,,,,,,,,,,,,,,,,,,,,,,,,,,8.0,27.0,2.0,,1.0,1.0,2.0,2.0,9.0,5.0,1.0,4.111111111111111
6373,6.0,0.0,0.0,17,13,13,1,0,0,4,2.0,13.0,8.0,16.0,15.0,24.0,50.1057163358342,93.76537429460444,1.2307692307692308,115.40353759335932,0.0312551247648681,6.411307644075517,1.0,,,6.0,13.0,5.0,5.0,11.0,11.0,12.0,12.0,5.0,1.0,,4.0,,1.0,,,,,,7.0,2.0,,,,4.0,,,,,,,,,,,,,,,,,,,,,,,,,,,,,,,,13.0,1.0,4.0,,,,,,,,,,,,,,,,,,,,,,,,,,,,,,,,,,,8.0,27.0,2.0,,1.0,1.0,2.0,2.0,9.0,5.0,1.0,4.111111111111111
6374,6.0,0.0,0.0,17,13,13,1,0,0,4,2.0,13.0,8.0,16.0,15.0,24.0,50.1057163358342,93.76537429460444,1.2307692307692308,115.40353759335932,0.0312551247648681,6.411307644075517,1.0,,,6.0,13.0,5.0,5.0,11.0,11.0,12.0,12.0,5.0,1.0,,4.0,,1.0,,,,,,7.0,2.0,,,,4.0,,,,,,,,,,,,,,,,,,,,,,,,,,,,,,,,13.0,1.0,4.0,,,,,,,,,,,,,,,,,,,,,,,,,,,,,,,,,,,8.0,27.0,2.0,,1.0,1.0,2.0,2.0,9.0,5.0,1.0,4.111111111111111
6375,6.0,0.0,0.0,17,13,13,1,0,0,4,2.0,13.0,8.0,16.0,15.0,24.0,50.1057163358342,93.76537429460444,1.2307692307692308,115.40353759335932,0.0312551247648681,6.411307644075517,1.0,,,6.0,13.0,5.0,5.0,11.0,11.0,12.0,12.0,5.0,1.0,,4.0,,1.0,,,,,,7.0,2.0,,,,4.0,,,,,,,,,,,,,,,,,,,,,,,,,,,,,,,,13.0,1.0,4.0,,,,,,,,,,,,,,,,,,,,,,,,,,,,,,,,,,,8.0,27.0,2.0,,1.0,1.0,2.0,2.0,9.0,5.0,1.0,4.111111111111111
6376,6.0,0.0,0.0,17,13,13,1,0,0,4,2.0,13.0,8.0,16.0,15.0,24.0,50.1057163358342,93.76537429460444,1.2307692307692308,115.40353759335932,0.0312551247648681,6.411307644075517,1.0,,,6.0,13.0,5.0,5.0,11.0,11.0,12.0,12.0,5.0,1.0,,4.0,,1.0,,,,,,7.0,2.0,,,,4.0,,,,,,,,,,,,,,,,,,,,,,,,,,,,,,,,13.0,1.0,4.0,,,,,,,,,,,,,,,,,,,,,,,,,,,,,,,,,,,8.0,27.0,2.0,,1.0,1.0,2.0,2.0,9.0,5.0,1.0,4.111111111111111
6377,6.0,0.0,0.0,16,13,13,1,0,0,3,2.0,13.0,8.0,16.0,15.0,24.0,50.1057163358342,93.76537429460444,1.2307692307692308,115.40353759335932,0.0312551247648681,6.411307644075517,1.0,,,6.0,13.0,5.0,5.0,11.0,11.0,12.0,12.0,5.0,1.0,,4.0,,1.0,,,,,,7.0,2.0,,,,4.0,,,,,,,,,,,,,,,,,,,,,,,,,,,,,,,,13.0,1.0,3.0,,,,,,,,,,,,,,,,,,,,,,,,,,,,,,,,,,,8.0,27.0,2.0,,1.0,1.0,2.0,2.0,9.0,5.0,1.0,4.111111111111111
6378,6.0,0.0,0.0,16,13,13,1,0,0,3,2.0,13.0,8.0,16.0,15.0,24.0,50.1057163358342,93.76537429460444,1.2307692307692308,115.40353759335932,0.0312551247648681,6.411307644075517,1.0,,,6.0,13.0,5.0,5.0,11.0,11.0,12.0,12.0,5.0,1.0,,4.0,,1.0,,,,,,7.0,2.0,,,,4.0,,,,,,,,,,,,,,,,,,,,,,,,,,,,,,,,13.0,1.0,3.0,,,,,,,,,,,,,,,,,,,,,,,,,,,,,,,,,,,8.0,27.0,2.0,,1.0,1.0,2.0,2.0,9.0,5.0,1.0,4.111111111111111
6379,7.0,0.0,0.0,18,15,15,1,0,0,3,2.0,16.0,10.0,20.0,18.0,30.0,66.0,125.09775004326936,1.25,156.3721875540867,0.0416992500144231,8.687343753004818,1.0,,,7.0,15.0,6.0,6.0,12.0,12.0,15.0,15.0,6.0,1.0,,5.0,,1.0,,,,,,8.0,2.0,,,,5.0,,,,,,,,,,,,,,,,,,,,,,,,,,,,,,,,16.0,1.0,3.0,,,,,,,,,,,,,,,,,,,,,,,,,,,,,,,,,,,9.0,31.0,2.0,,1.0,1.0,2.0,2.0,9.0,5.0,1.0,4.111111111111111
6380,6.0,0.0,0.0,16,13,13,1,0,0,3,2.0,13.0,8.0,16.0,15.0,24.0,50.1057163358342,93.76537429460444,1.2307692307692308,115.40353759335932,0.0312551247648681,6.411307644075517,1.0,,,6.0,13.0,5.0,5.0,11.0,11.0,12.0,12.0,5.0,1.0,,4.0,,1.0,,,,,,7.0,2.0,,,,4.0,,,,,,,,,,,,,,,,,,,,,,,,,,,,,,,,13.0,1.0,3.0,,,,,,,,,,,,,,,,,,,,,,,,,,,,,,,,,,,8.0,27.0,2.0,,1.0,1.0,2.0,2.0,9.0,5.0,1.0,4.111111111111111
6381,6.0,0.0,0.0,16,13,13,1,0,0,3,2.0,13.0,8.0,16.0,15.0,24.0,50.1057163358342,93.76537429460444,1.2307692307692308,115.40353759335932,0.0312551247648681,6.411307644075517,1.0,,,6.0,13.0,5.0,5.0,11.0,11.0,12.0,12.0,5.0,1.0,,4.0,,1.0,,,,,,7.0,2.0,,,,4.0,,,,,,,,,,,,,,,,,,,,,,,,,,,,,,,,13.0,1.0,3.0,,,,,,,,,,,,,,,,,,,,,,,,,,,,,,,,,,,8.0,27.0,2.0,,1.0,1.0,2.0,2.0,9.0,5.0,1.0,4.111111111111111
6382,3.0,0.0,0.0,14,9,9,3,3,0,2,3.0,6.0,3.0,6.0,9.0,9.0,20.264662506490406,28.529325012980813,1.5,42.793987519471216,0.0095097750043269,2.377443751081734,1.0,,,1.0,9.0,3.0,3.0,6.0,6.0,3.0,3.0,3.0,,,1.0,,1.0,,,,,,4.0,,,,,1.0,,,,,,,,1.0,,,,,,,,,,,,,,,,,,,,,,,,4.0,3.0,5.0,,,,,,,,,,,,,,,,,,,,,,,,,,,,,,,,,,,6.0,16.0,1.0,1.0,1.0,1.0,1.0,3.0,6.0,8.0,4.0,5.5
6391,3.0,0.0,0.0,14,9,9,3,3,0,2,3.0,6.0,3.0,6.0,9.0,9.0,20.264662506490406,28.529325012980813,1.5,42.793987519471216,0.0095097750043269,2.377443751081734,1.0,,,1.0,9.0,3.0,3.0,6.0,6.0,3.0,3.0,3.0,,,,1.0,1.0,,,,,,4.0,,,,,1.0,,,,,,,,1.0,,,,,,,,,,,,,,,,,,,,,,,,4.0,3.0,5.0,,,,,,,,,,,,,,,,,,,,,,,,,,,,,,,,,,,6.0,16.0,1.0,1.0,1.0,1.0,1.0,3.0,6.0,11.0,4.0,6.0
6393,3.0,0.0,0.0,14,9,9,3,3,0,2,3.0,6.0,3.0,6.0,9.0,9.0,20.264662506490406,28.529325012980813,1.5,42.793987519471216,0.0095097750043269,2.377443751081734,1.0,,,1.0,9.0,3.0,3.0,6.0,6.0,3.0,3.0,3.0,,,1.0,,1.0,,,,,,4.0,,,,,1.0,,,,,,,,1.0,,,,,,,,,,,,,,,,,,,,,,,,4.0,3.0,5.0,,,,,,,,,,,,,,,,,,,,,,,,,,,,,,,,,,,6.0,16.0,1.0,1.0,1.0,1.0,1.0,3.0,6.0,8.0,4.0,5.5
6394,3.0,0.0,0.0,9,8,8,1,1,0,0,2.0,4.0,2.0,4.0,6.0,6.0,10.0,15.509775004326936,1.0,15.509775004326936,0.0051699250014423,0.861654166907052,1.0,,,1.0,8.0,3.0,3.0,6.0,6.0,4.0,4.0,3.0,,,1.0,,1.0,,,,,,3.0,,,,,1.0,,,,,,,,,,,,,,,,,,,,,,,,,,,,,,,,3.0,1.0,1.0,,,,,,,,,,,,,,,,,,,,,,,,,,,,,,,,,,,6.0,15.0,1.0,1.0,1.0,1.0,1.0,3.0,5.0,6.0,4.0,5.0
6396,2.0,0.0,0.0,6,5,5,1,1,0,0,1.0,2.0,1.0,2.0,3.0,3.0,2.0,4.754887502163469,0.5,2.3774437510817346,0.0015849625007211,0.1320802083934297,1.0,,,1.0,5.0,1.0,1.0,6.0,6.0,2.0,2.0,1.0,,,,,2.0,,,,,,2.0,,,,,,,,,,,,,,,,,,,,,,,,,,,,,,,,,,,,,1.0,1.0,1.0,,,,,,,,,,,,,,,,,,,,,,,,,,,,,,,,,,,4.0,11.0,1.0,1.0,1.0,1.0,1.0,3.0,5.0,6.0,4.0,5.0
6466,1.0,0.0,0.0,6,4,4,0,0,0,2,2.0,4.0,2.0,4.0,6.0,6.0,10.0,15.509775004326936,1.0,15.509775004326936,0.0051699250014423,0.861654166907052,1.0,,,,4.0,,,7.0,7.0,,,,1.0,,,,1.0,1.0,,,,,3.0,,,,,,,,,,,,,,,,,,,,,,,,,,,,,,,,,,,,,2.0,,2.0,,,,,,,,,,,,,,,,,,,,,,,,,,,,,,,,,,,,6.0,2.0,1.0,1.0,2.0,1.0,3.0,3.0,6.0,4.0,4.666666666666667
6468,1.0,0.0,0.0,6,5,5,0,0,0,1,2.0,9.0,6.0,12.0,11.0,18.0,30.529325012980813,62.26976913547136,1.3333333333333333,83.02635884729514,0.0207565897118237,4.612575491516397,1.0,,,,5.0,,,7.0,7.0,,,,1.0,,,,4.0,3.0,,,,,3.0,,,,,,,,,,,,,,,,,,,,,,,,,,,,,,,,,,,,,5.0,,1.0,,,,,,,,,,,,,,,,,,,,,,,,,,,,,,,,,,,2.0,10.0,1.0,1.0,1.0,1.0,1.0,3.0,6.0,7.0,2.0,4.0
6469,1.0,0.0,0.0,7,5,5,0,0,0,2,2.0,9.0,5.0,10.0,11.0,15.0,30.529325012980813,51.89147427955947,1.1111111111111112,57.65719364395497,0.0172971580931864,3.203177424664165,1.0,,,,5.0,,,6.0,6.0,,,,1.0,,,,4.0,2.0,,,,,3.0,,,,,,,,,,,,,,,,,,,,,,,,,,,,,,,,,,,,,4.0,,2.0,,,,,,,,,,,,,,,,,,,,,,,,,,,,,,,,,,,2.0,10.0,1.0,1.0,1.0,1.0,1.0,3.0,6.0,7.0,2.0,4.0
6470,1.0,0.0,0.0,8,5,5,0,0,0,3,2.0,9.0,6.0,12.0,11.0,18.0,30.529325012980813,62.26976913547136,1.3333333333333333,83.02635884729514,0.0207565897118237,4.612575491516397,1.0,,,,5.0,,,7.0,7.0,,,,1.0,,,,4.0,3.0,,,,,3.0,,,,,,,,,,,,,,,,,,,,,,,,,,,,,,,,,,,,,5.0,,3.0,,,,,,,,,,,,,,,,,,,,,,,,,,,,,,,,,,,2.0,10.0,1.0,1.0,1.0,1.0,1.0,3.0,6.0,7.0,2.0,4.0
6471,1.0,0.0,0.0,8,5,5,0,0,0,3,2.0,9.0,5.0,10.0,11.0,15.0,30.529325012980813,51.89147427955947,1.1111111111111112,57.65719364395497,0.0172971580931864,3.203177424664165,1.0,,,,5.0,,,6.0,6.0,,,,1.0,,,,4.0,2.0,,,,,3.0,,,,,,,,,,,,,,,,,,,,,,,,,,,,,,,,,,,,,4.0,,3.0,,,,,,,,,,,,,,,,,,,,,,,,,,,,,,,,,,,2.0,10.0,1.0,1.0,1.0,1.0,1.0,3.0,6.0,7.0,2.0,4.0
6472,1.0,0.0,0.0,8,5,5,0,0,0,3,2.0,9.0,6.0,12.0,11.0,18.0,30.529325012980813,62.26976913547136,1.3333333333333333,83.02635884729514,0.0207565897118237,4.612575491516397,1.0,,,,5.0,,,7.0,7.0,,,,1.0,,,,4.0,3.0,,,,,3.0,,,,,,,,,,,,,,,,,,,,,,,,,,,,,,,,,,,,,5.0,,3.0,,,,,,,,,,,,,,,,,,,,,,,,,,,,,,,,,,,2.0,10.0,1.0,1.0,1.0,1.0,1.0,3.0,6.0,7.0,2.0,4.0
6473,1.0,0.0,0.0,8,5,5,0,0,0,3,2.0,9.0,5.0,10.0,11.0,15.0,30.529325012980813,51.89147427955947,1.1111111111111112,57.65719364395497,0.0172971580931864,3.203177424664165,1.0,,,,5.0,,,6.0,6.0,,,,1.0,,,,4.0,2.0,,,,,3.0,,,,,,,,,,,,,,,,,,,,,,,,,,,,,,,,,,,,,4.0,,3.0,,,,,,,,,,,,,,,,,,,,,,,,,,,,,,,,,,,2.0,10.0,1.0,1.0,1.0,1.0,1.0,3.0,6.0,7.0,2.0,4.0
6474,1.0,0.0,0.0,8,5,5,0,0,0,3,2.0,9.0,6.0,12.0,11.0,18.0,30.529325012980813,62.26976913547136,1.3333333333333333,83.02635884729514,0.0207565897118237,4.612575491516397,1.0,,,,5.0,,,7.0,7.0,,,,1.0,,,,4.0,3.0,,,,,3.0,,,,,,,,,,,,,,,,,,,,,,,,,,,,,,,,,,,,,5.0,,3.0,,,,,,,,,,,,,,,,,,,,,,,,,,,,,,,,,,,2.0,10.0,1.0,1.0,1.0,1.0,1.0,3.0,6.0,7.0,2.0,4.0
6475,1.0,0.0,0.0,8,5,5,0,0,0,3,2.0,9.0,5.0,10.0,11.0,15.0,30.529325012980813,51.89147427955947,1.1111111111111112,57.65719364395497,0.0172971580931864,3.203177424664165,1.0,,,,5.0,,,6.0,6.0,,,,1.0,,,,4.0,2.0,,,,,3.0,,,,,,,,,,,,,,,,,,,,,,,,,,,,,,,,,,,,,4.0,,3.0,,,,,,,,,,,,,,,,,,,,,,,,,,,,,,,,,,,2.0,10.0,1.0,1.0,1.0,1.0,1.0,3.0,6.0,7.0,2.0,4.0
6476,1.0,0.0,0.0,5,3,3,0,0,0,2,1.0,2.0,1.0,2.0,3.0,3.0,2.0,4.754887502163469,0.5,2.3774437510817346,0.0015849625007211,0.1320802083934297,1.0,,,,3.0,,,4.0,4.0,,,,1.0,,,,1.0,,,,,,2.0,,,,,,,,,,,,,,,,,,,,,,,,,,,,,,,,,,,,,1.0,1.0,2.0,,,,,,,,,,,,,,,,,,,,,,,,,,,,,,,,,,,,4.0,1.0,1.0,1.0,1.0,1.0,3.0,2.0,22.0,9.0,15.5
6477,1.0,0.0,0.0,5,3,3,0,0,0,2,1.0,2.0,1.0,2.0,3.0,3.0,2.0,4.754887502163469,0.5,2.3774437510817346,0.0015849625007211,0.1320802083934297,1.0,,,,3.0,,,4.0,4.0,,,,1.0,,,,1.0,,,,,,2.0,,,,,,,,,,,,,,,,,,,,,,,,,,,,,,,,,,,,,1.0,1.0,2.0,,,,,,,,,,,,,,,,,,,,,,,,,,,,,,,,,,,,4.0,1.0,1.0,1.0,1.0,1.0,3.0,2.0,20.0,9.0,14.5
6478,1.0,0.0,0.0,5,3,3,0,0,0,2,1.0,2.0,1.0,2.0,3.0,3.0,2.0,4.754887502163469,0.5,2.3774437510817346,0.0015849625007211,0.1320802083934297,1.0,,,,3.0,,,4.0,4.0,,,,1.0,,,,1.0,,,,,,2.0,,,,,,,,,,,,,,,,,,,,,,,,,,,,,,,,,,,,,1.0,1.0,2.0,,,,,,,,,,,,,,,,,,,,,,,,,,,,,,,,,,,,4.0,1.0,1.0,1.0,1.0,1.0,3.0,2.0,15.0,9.0,12.0
6479,1.0,0.0,0.0,5,3,3,0,0,0,2,1.0,2.0,1.0,2.0,3.0,3.0,2.0,4.754887502163469,0.5,2.3774437510817346,0.0015849625007211,0.1320802083934297,1.0,,,,3.0,,,4.0,4.0,,,,1.0,,,,1.0,,,,,,2.0,,,,,,,,,,,,,,,,,,,,,,,,,,,,,,,,,,,,,1.0,1.0,2.0,,,,,,,,,,,,,,,,,,,,,,,,,,,,,,,,,,,,4.0,1.0,1.0,1.0,1.0,1.0,3.0,2.0,21.0,9.0,15.0
6480,1.0,0.0,0.0,5,3,3,0,0,0,2,1.0,2.0,1.0,2.0,3.0,3.0,2.0,4.754887502163469,0.5,2.3774437510817346,0.0015849625007211,0.1320802083934297,1.0,,,,3.0,,,4.0,4.0,,,,1.0,,,,1.0,,,,,,2.0,,,,,,,,,,,,,,,,,,,,,,,,,,,,,,,,,,,,,1.0,1.0,2.0,,,,,,,,,,,,,,,,,,,,,,,,,,,,,,,,,,,,4.0,1.0,1.0,1.0,1.0,1.0,3.0,2.0,19.0,9.0,14.0
6481,1.0,0.0,0.0,5,3,3,0,0,0,2,1.0,2.0,1.0,2.0,3.0,3.0,2.0,4.754887502163469,0.5,2.3774437510817346,0.0015849625007211,0.1320802083934297,1.0,,,,3.0,,,4.0,4.0,,,,1.0,,,,1.0,,,,,,2.0,,,,,,,,,,,,,,,,,,,,,,,,,,,,,,,,,,,,,1.0,1.0,2.0,,,,,,,,,,,,,,,,,,,,,,,,,,,,,,,,,,,,4.0,1.0,1.0,1.0,1.0,1.0,3.0,2.0,21.0,9.0,15.0
6482,1.0,0.0,0.0,5,3,3,0,0,0,2,1.0,2.0,1.0,2.0,3.0,3.0,2.0,4.754887502163469,0.5,2.3774437510817346,0.0015849625007211,0.1320802083934297,1.0,,,,3.0,,,4.0,4.0,,,,1.0,,,,1.0,,,,,,2.0,,,,,,,,,,,,,,,,,,,,,,,,,,,,,,,,,,,,,1.0,1.0,2.0,,,,,,,,,,,,,,,,,,,,,,,,,,,,,,,,,,,,4.0,1.0,1.0,1.0,1.0,1.0,3.0,2.0,10.0,9.0,9.5
6483,1.0,0.0,0.0,5,3,3,0,0,0,2,1.0,2.0,1.0,2.0,3.0,3.0,2.0,4.754887502163469,0.5,2.3774437510817346,0.0015849625007211,0.1320802083934297,1.0,,,,3.0,,,4.0,4.0,,,,1.0,,,,1.0,,,,,,2.0,,,,,,,,,,,,,,,,,,,,,,,,,,,,,,,,,,,,,1.0,1.0,2.0,,,,,,,,,,,,,,,,,,,,,,,,,,,,,,,,,,,,4.0,1.0,1.0,1.0,1.0,1.0,3.0,2.0,11.0,9.0,10.0
6484,1.0,0.0,0.0,5,3,3,0,0,0,2,1.0,2.0,1.0,2.0,3.0,3.0,2.0,4.754887502163469,0.5,2.3774437510817346,0.0015849625007211,0.1320802083934297,1.0,,,,3.0,,,4.0,4.0,,,,1.0,,,,1.0,,,,,,2.0,,,,,,,,,,,,,,,,,,,,,,,,,,,,,,,,,,,,,1.0,1.0,2.0,,,,,,,,,,,,,,,,,,,,,,,,,,,,,,,,,,,,4.0,1.0,1.0,1.0,1.0,1.0,3.0,2.0,20.0,9.0,14.5
6485,1.0,0.0,0.0,5,3,3,0,0,0,2,1.0,2.0,1.0,2.0,3.0,3.0,2.0,4.754887502163469,0.5,2.3774437510817346,0.0015849625007211,0.1320802083934297,1.0,,,,3.0,,,4.0,4.0,,,,1.0,,,,1.0,,,,,,2.0,,,,,,,,,,,,,,,,,,,,,,,,,,,,,,,,,,,,,1.0,1.0,2.0,,,,,,,,,,,,,,,,,,,,,,,,,,,,,,,,,,,,4.0,1.0,1.0,1.0,1.0,1.0,3.0,2.0,19.0,9.0,14.0
6505,2.0,0.0,0.0,8,6,6,1,0,0,2,4.0,9.0,5.0,10.0,13.0,15.0,36.52932501298081,55.506595772116384,2.2222222222222223,123.34799060470309,0.0185021985907054,6.852666144705727,1.0,,,3.0,6.0,1.0,1.0,9.0,9.0,,,1.0,1.0,,,1.0,2.0,1.0,,,,,4.0,1.0,,,,1.0,,,,,,,,,,,,,,,,,,,,,,,,,,,,,,,,4.0,1.0,2.0,,,,,,,,,,,,,,,,,,,,,,,,,,,,,,,,,,,1.0,10.0,1.0,1.0,1.0,2.0,1.0,3.0,4.0,5.0,3.0,4.25
6506,2.0,0.0,0.0,9,6,6,0,0,0,3,4.0,9.0,5.0,10.0,13.0,15.0,36.52932501298081,55.506595772116384,2.2222222222222223,123.34799060470309,0.0185021985907054,6.852666144705727,1.0,,,1.0,6.0,1.0,1.0,9.0,9.0,,,1.0,1.0,,,1.0,2.0,1.0,,,,,4.0,1.0,,,,1.0,,,,,,,,,,,,,,,,,,,,,,,,,,,,,,,,4.0,,3.0,,,,,,,,,,,,,,,,,,,,,,,,,,,,,,,,,,,1.0,10.0,1.0,1.0,1.0,2.0,1.0,3.0,4.0,9.0,1.0,5.0
6509,2.0,0.0,0.0,9,6,6,0,0,0,3,4.0,9.0,5.0,10.0,13.0,15.0,36.52932501298081,55.506595772116384,2.2222222222222223,123.34799060470309,0.0185021985907054,6.852666144705727,1.0,,,,6.0,1.0,1.0,9.0,9.0,,,1.0,1.0,,,1.0,2.0,1.0,,,,,4.0,,,,,,,,1.0,,,,,,,,,,,,,,,,,,,,,,,,,,,,,4.0,1.0,3.0,,,,,,,,,,,,,,,,,,,,,,,,,,,,,,,,,,,1.0,9.0,2.0,1.0,1.0,2.0,1.0,3.0,3.0,5.0,1.0,2.333333333333333
6511,2.0,0.0,0.0,9,6,6,0,0,0,3,4.0,9.0,5.0,10.0,13.0,15.0,36.52932501298081,55.506595772116384,2.2222222222222223,123.34799060470309,0.0185021985907054,6.852666144705727,1.0,,,1.0,6.0,1.0,1.0,9.0,9.0,,,1.0,1.0,,,1.0,2.0,1.0,,,,,4.0,1.0,,,,1.0,,,,,,,,,,,,,,,,,,,,,,,,,,,,,,,,3.0,1.0,3.0,,,,,,,,,,,,,,,,,,,,,,,,,,,,,,,,,,,1.0,10.0,1.0,1.0,1.0,2.0,1.0,3.0,4.0,5.0,1.0,3.75
6514,2.0,0.0,0.0,6,5,5,0,0,0,1,1.0,2.0,1.0,2.0,3.0,3.0,2.0,4.754887502163469,0.5,2.3774437510817346,0.0015849625007211,0.1320802083934297,1.0,,,3.0,5.0,2.0,2.0,5.0,5.0,,,2.0,1.0,,,,,,,,,,1.0,1.0,,,,1.0,,,,,,,,,,,,,,,,,,,,,,,,,,,,,,,,,,1.0,,,,,,,,,,,,,,,,,,,,,,,,,,,,,,,,,,,2.0,4.0,,,2.0,1.0,0.0,2.0,2.0,5.0,4.0,4.5
6529,2.0,0.0,0.0,6,5,5,0,0,0,1,1.0,2.0,1.0,2.0,3.0,3.0,2.0,4.754887502163469,0.5,2.3774437510817346,0.0015849625007211,0.1320802083934297,1.0,,,3.0,5.0,2.0,2.0,5.0,5.0,,,2.0,1.0,,,,,,,,,,1.0,1.0,,,,1.0,,,,,,,,,,,,,,,,,,,,,,,,,,,,,,,,,,1.0,,,,,,,,,,,,,,,,,,,,,,,,,,,,,,,,,,,2.0,4.0,,,2.0,1.0,0.0,2.0,2.0,5.0,4.0,4.5
6534,2.0,0.0,0.0,6,5,5,0,0,0,1,1.0,2.0,1.0,2.0,3.0,3.0,2.0,4.754887502163469,0.5,2.3774437510817346,0.0015849625007211,0.1320802083934297,1.0,,,3.0,5.0,2.0,2.0,5.0,5.0,,,2.0,1.0,,,,,,,,,,1.0,1.0,,,,1.0,,,,,,,,,,,,,,,,,,,,,,,,,,,,,,,,,,1.0,,,,,,,,,,,,,,,,,,,,,,,,,,,,,,,,,,,2.0,4.0,,,2.0,1.0,0.0,2.0,2.0,5.0,4.0,4.5
6535,2.0,0.0,0.0,6,5,5,0,0,0,1,1.0,2.0,1.0,2.0,3.0,3.0,2.0,4.754887502163469,0.5,2.3774437510817346,0.0015849625007211,0.1320802083934297,1.0,,,3.0,5.0,2.0,2.0,5.0,5.0,,,2.0,1.0,,,,,,,,,,1.0,1.0,,,,1.0,,,,,,,,,,,,,,,,,,,,,,,,,,,,,,,,,,1.0,,,,,,,,,,,,,,,,,,,,,,,,,,,,,,,,,,,2.0,4.0,,,2.0,1.0,0.0,2.0,2.0,5.0,4.0,4.5
6548,3.0,0.0,0.0,8,7,7,0,0,0,1,2.0,2.0,2.0,4.0,4.0,6.0,4.0,12.0,2.0,24.0,0.004,1.3333333333333333,1.0,,,3.0,7.0,3.0,3.0,7.0,7.0,,,3.0,,,,,,,,,1.0,,1.0,,,,,1.0,,,,,,,,,,,,,,,,,,,,,,,,,,,,,,,,2.0,,1.0,,,,,,,,,,,,,,,,,,,,,,,,,,,,,,,,,,,3.0,3.0,1.0,,3.0,1.0,1.0,2.0,1.0,1.0,1.0,1.0
6549,3.0,0.0,0.0,8,7,7,0,0,0,1,2.0,2.0,2.0,4.0,4.0,6.0,4.0,12.0,2.0,24.0,0.004,1.3333333333333333,1.0,,,3.0,7.0,3.0,3.0,7.0,7.0,,,3.0,,,,,,,,,1.0,,1.0,,,,,1.0,,,,,,,,,,,,,,,,,,,,,,,,,,,,,,,,2.0,,1.0,,,,,,,,,,,,,,,,,,,,,,,,,,,,,,,,,,,3.0,3.0,1.0,,3.0,1.0,1.0,2.0,1.0,1.0,1.0,1.0
6561,3.0,0.0,0.0,8,7,7,0,0,0,1,2.0,2.0,2.0,4.0,4.0,6.0,4.0,12.0,2.0,24.0,0.004,1.3333333333333333,1.0,,,3.0,7.0,3.0,3.0,7.0,7.0,,,3.0,,,,,,,,,1.0,,1.0,,,,,1.0,,,,,,,,,,,,,,,,,,,,,,,,,,,,,,,,2.0,,1.0,,,,,,,,,,,,,,,,,,,,,,,,,,,,,,,,,,,3.0,3.0,1.0,,3.0,1.0,1.0,2.0,1.0,1.0,1.0,1.0
6565,3.0,0.0,0.0,11,9,9,0,0,0,2,3.0,5.0,5.0,10.0,8.0,15.0,16.36452797660028,45.0,3.0,135.0,0.015,7.5,1.0,,,1.0,9.0,3.0,3.0,6.0,6.0,,,3.0,2.0,,3.0,,,,,,1.0,,5.0,,,,,1.0,,,,,,,,,,,,,,,,,,,,,,,,,,,,,,,,4.0,3.0,2.0,,,,,,,,,,,,,,,,,,,,,,,,,,,,,,,,,,,3.0,11.0,1.0,1.0,1.0,1.0,1.0,3.0,2.0,5.0,1.0,3.0
6566,3.0,0.0,0.0,11,9,9,0,0,0,2,3.0,6.0,5.0,10.0,9.0,15.0,20.264662506490406,47.548875021634686,2.5,118.87218755408672,0.0158496250072115,6.604010419671484,1.0,,,1.0,9.0,3.0,3.0,6.0,6.0,,,3.0,2.0,,3.0,,,,,,1.0,,5.0,,,,,1.0,,,,,,,,,,,,,,,,,,,,,,,,,,,,,,,,4.0,3.0,2.0,,,,,,,,,,,,,,,,,,,,,,,,,,,,,,,,,,,3.0,11.0,1.0,1.0,1.0,1.0,1.0,3.0,2.0,5.0,1.0,3.0
6571,3.0,0.0,0.0,12,9,9,0,0,0,3,3.0,6.0,5.0,10.0,9.0,15.0,20.264662506490406,47.548875021634686,2.5,118.87218755408672,0.0158496250072115,6.604010419671484,1.0,,,1.0,9.0,3.0,3.0,4.0,4.0,,,3.0,2.0,,,,,,,,1.0,,2.0,,,,,1.0,,,,,,,,,3.0,,,,,,,,,,,,,,,,,,,,,,,4.0,3.0,3.0,,,,,,,,,,,,,,,,,,,,,,,,,,,,,,,,,,,3.0,8.0,1.0,1.0,1.0,1.0,1.0,3.0,2.0,5.0,4.0,4.5
6572,3.0,0.0,0.0,12,9,9,0,0,0,3,4.0,6.0,6.0,12.0,10.0,18.0,23.509775004326936,59.794705707972525,4.0,239.1788228318901,0.0199315685693241,13.28771237954945,1.0,,,1.0,9.0,3.0,3.0,6.0,6.0,,,3.0,2.0,,,,1.0,,,,1.0,,2.0,,,,,1.0,,,,,,,,,3.0,,,,,,,,,,,,,,,,,,,,,,,5.0,2.0,3.0,,,,,,,,,,,,,,,,,,,,,,,,,,,,,,,,,,,3.0,9.0,1.0,1.0,1.0,1.0,1.0,3.0,2.0,5.0,1.0,3.0
6598,5.0,0.0,0.0,18,17,17,0,0,0,1,3.0,12.0,8.0,16.0,15.0,24.0,47.77443751081735,93.76537429460444,2.0,187.53074858920888,0.0312551247648681,10.418374921622716,1.0,,,6.0,17.0,4.0,4.0,10.0,10.0,,,4.0,3.0,,,,,,,,1.0,,6.0,3.0,,,,3.0,,,,,,,,,4.0,,,,,,,,,,,,,,,,,,,,,,,8.0,,1.0,,,,,,,,,,,,,,,,,,,,,,,,,,,,,,,,,,,4.0,21.0,1.0,,3.0,2.0,1.0,2.0,7.0,9.0,1.0,4.857142857142857
6602,5.0,0.0,0.0,20,17,17,5,0,0,3,3.0,12.0,8.0,16.0,15.0,24.0,47.77443751081735,93.76537429460444,2.0,187.53074858920888,0.0312551247648681,10.418374921622716,1.0,,,6.0,17.0,4.0,4.0,10.0,10.0,,,4.0,3.0,,,,,,,,1.0,,6.0,3.0,,,,3.0,,,,,,,,,4.0,,,,,,,,,,,,,,,,,,,,,,,8.0,5.0,3.0,,,,,,,,,,,,,,,,,,,,,,,,,,,,,,,,,,,4.0,21.0,1.0,,3.0,2.0,1.0,2.0,7.0,5.0,1.0,3.7142857142857135
6609,3.0,0.0,0.0,7,6,6,0,0,0,1,4.0,5.0,4.0,8.0,9.0,12.0,19.60964047443681,38.03910001730775,3.2,121.72512005538482,0.0126797000057692,6.762506669743601,1.0,,,1.0,6.0,2.0,2.0,5.0,5.0,,,2.0,,,,,,,,,,,1.0,,1.0,,,1.0,,1.0,,,,,,,1.0,,,,,,,,,,,,,,,,,,,,,,,4.0,,1.0,,,,,,,,,,,,,,,,,,,,,,,,,,,,,,,,,,,2.0,5.0,1.0,,2.0,1.0,1.0,2.0,1.0,1.0,1.0,1.0
6610,3.0,0.0,0.0,9,8,8,0,0,0,1,4.0,7.0,5.0,10.0,11.0,15.0,27.651484454403228,51.89147427955947,2.857142857142857,148.26135508445563,0.0172971580931864,8.236741949136423,1.0,,,1.0,8.0,2.0,2.0,4.0,4.0,,,2.0,1.0,,,,,,,,,,3.0,,1.0,,,1.0,,1.0,,,,,,,2.0,,,,,,,,,,,,,,,,,,,,,,,5.0,,1.0,,,,,,,,,,,,,,,,,,,,,,,,,,,,,,,,,,,2.0,10.0,1.0,,1.0,1.0,1.0,2.0,3.0,4.0,1.0,2.0
6612,2.0,0.0,0.0,11,8,8,0,0,0,3,3.0,6.0,4.0,8.0,9.0,12.0,20.264662506490406,38.03910001730775,2.0,76.0782000346155,0.0126797000057692,4.226566668589751,1.0,,,1.0,8.0,1.0,1.0,4.0,4.0,,,1.0,1.0,,,,,,,,,,4.0,,,,,,,1.0,,,,,,1.0,2.0,,,,,,,,,,,,,,,,,,,,,,,4.0,,3.0,,,,,,,,,,,,,,,,,,,,,,,,,,,,,,,,,,,1.0,11.0,1.0,,1.0,1.0,1.0,2.0,4.0,8.0,1.0,3.5
6613,2.0,0.0,0.0,11,8,8,0,0,0,3,3.0,6.0,4.0,8.0,9.0,12.0,20.264662506490406,38.03910001730775,2.0,76.0782000346155,0.0126797000057692,4.226566668589751,1.0,,,1.0,8.0,1.0,1.0,4.0,4.0,,,1.0,1.0,,,,,,,,,,4.0,,,,,,,1.0,,,,,,1.0,2.0,,,,,,,,,,,,,,,,,,,,,,,4.0,,3.0,,,,,,,,,,,,,,,,,,,,,,,,,,,,,,,,,,,1.0,11.0,1.0,,1.0,1.0,1.0,2.0,4.0,4.0,1.0,2.5
6626,3.0,0.0,0.0,11,8,8,0,0,0,3,3.0,6.0,4.0,8.0,9.0,12.0,20.264662506490406,38.03910001730775,2.0,76.0782000346155,0.0126797000057692,4.226566668589751,1.0,,,2.0,8.0,2.0,2.0,5.0,5.0,1.0,1.0,2.0,,,,,,,,,1.0,,3.0,1.0,,,,1.0,,,,,,,,,2.0,,,,,,,,,,,,,,,,,,,,,,,4.0,,3.0,,,,,,,,,,,,,,,,,,,,,,,,,,,,,,,,,,,2.0,11.0,,1.0,1.0,1.0,0.0,3.0,4.0,5.0,1.0,3.75
6629,4.0,0.0,0.0,13,10,10,0,0,0,3,3.0,7.0,5.0,10.0,10.0,15.0,24.40637195656669,49.82892142331044,2.142857142857143,106.77626019280808,0.0166096404744368,5.932014455156004,1.0,,,3.0,10.0,3.0,3.0,6.0,6.0,1.0,1.0,3.0,,,,,,,,,1.0,,3.0,1.0,,,,2.0,,,,,,,,,2.0,,,,,,,,,,,,,,,,,,,,,,,5.0,,3.0,,,,,,,,,,,,,,,,,,,,,,,,,,,,,,,,,,,3.0,12.0,,1.0,2.0,1.0,0.0,3.0,4.0,5.0,1.0,3.75
6646,2.0,0.0,0.0,15,10,10,1,1,0,4,4.0,8.0,5.0,10.0,12.0,15.0,32.0,53.77443751081735,2.5,134.43609377704337,0.0179248125036057,7.468671876502409,1.0,,,,10.0,1.0,1.0,9.0,9.0,3.0,3.0,1.0,3.0,,2.0,,2.0,1.0,,,1.0,,7.0,,,,,,,,,,,,,,,,,,,,,,,,,,,,,,,,,,,,,7.0,1.0,5.0,,,,,,,,,,,,,,,,,,,,,,,,,,,,,,,,,,,3.0,22.0,,3.0,1.0,1.0,0.0,5.0,8.0,5.0,1.0,4.25
6647,2.0,0.0,0.0,15,10,10,1,1,0,4,4.0,8.0,5.0,10.0,12.0,15.0,32.0,53.77443751081735,2.5,134.43609377704337,0.0179248125036057,7.468671876502409,1.0,,,,10.0,1.0,1.0,9.0,9.0,3.0,3.0,1.0,3.0,,2.0,,2.0,1.0,,,1.0,,7.0,,,,,,,,,,,,,,,,,,,,,,,,,,,,,,,,,,,,,7.0,1.0,5.0,,,,,,,,,,,,,,,,,,,,,,,,,,,,,,,,,,,3.0,22.0,,3.0,1.0,1.0,0.0,5.0,8.0,5.0,1.0,4.25
6649,2.0,0.0,0.0,15,10,10,1,1,0,4,4.0,8.0,5.0,10.0,12.0,15.0,32.0,53.77443751081735,2.5,134.43609377704337,0.0179248125036057,7.468671876502409,1.0,,,,10.0,1.0,1.0,9.0,9.0,3.0,3.0,1.0,5.0,,2.0,,2.0,1.0,,,1.0,,7.0,,,,,,,,,,,,,,,,,,,,,,,,,,,,,,,,,,,,,9.0,1.0,5.0,,,,,,,,,,,,,,,,,,,,,,,,,,,,,,,,,,,3.0,22.0,,3.0,1.0,1.0,0.0,5.0,8.0,5.0,1.0,4.25
6650,2.0,0.0,0.0,15,10,10,1,1,0,4,4.0,8.0,5.0,10.0,12.0,15.0,32.0,53.77443751081735,2.5,134.43609377704337,0.0179248125036057,7.468671876502409,1.0,,,,10.0,1.0,1.0,9.0,9.0,3.0,3.0,1.0,2.0,,2.0,,2.0,1.0,,,1.0,,7.0,,,,,,,,,,,,,,,,,,,,,,,,,,,,,,,,,,,,,6.0,1.0,5.0,,,,,,,,,,,,,,,,,,,,,,,,,,,,,,,,,,,3.0,22.0,,3.0,1.0,1.0,0.0,5.0,8.0,5.0,1.0,4.25
6651,2.0,0.0,0.0,15,10,10,1,1,0,4,4.0,8.0,5.0,10.0,12.0,15.0,32.0,53.77443751081735,2.5,134.43609377704337,0.0179248125036057,7.468671876502409,1.0,,,,10.0,1.0,1.0,9.0,9.0,3.0,3.0,1.0,4.0,,2.0,,2.0,1.0,,,1.0,,7.0,,,,,,,,,,,,,,,,,,,,,,,,,,,,,,,,,,,,,8.0,1.0,5.0,,,,,,,,,,,,,,,,,,,,,,,,,,,,,,,,,,,3.0,22.0,,3.0,1.0,1.0,0.0,5.0,8.0,5.0,1.0,4.25
6652,2.0,0.0,0.0,15,10,10,1,1,0,4,4.0,8.0,5.0,10.0,12.0,15.0,32.0,53.77443751081735,2.5,134.43609377704337,0.0179248125036057,7.468671876502409,1.0,,,,10.0,1.0,1.0,9.0,9.0,3.0,3.0,1.0,4.0,,2.0,,2.0,1.0,,,1.0,,7.0,,,,,,,,,,,,,,,,,,,,,,,,,,,,,,,,,,,,,8.0,1.0,5.0,,,,,,,,,,,,,,,,,,,,,,,,,,,,,,,,,,,3.0,22.0,,3.0,1.0,1.0,0.0,5.0,8.0,5.0,1.0,4.25
6653,2.0,0.0,0.0,15,10,10,1,1,0,4,4.0,8.0,5.0,10.0,12.0,15.0,32.0,53.77443751081735,2.5,134.43609377704337,0.0179248125036057,7.468671876502409,1.0,,,,10.0,1.0,1.0,9.0,9.0,3.0,3.0,1.0,3.0,,2.0,,2.0,1.0,,,1.0,,7.0,,,,,,,,,,,,,,,,,,,,,,,,,,,,,,,,,,,,,7.0,1.0,5.0,,,,,,,,,,,,,,,,,,,,,,,,,,,,,,,,,,,3.0,22.0,,3.0,1.0,1.0,0.0,5.0,8.0,5.0,1.0,4.25
6654,2.0,0.0,0.0,15,10,10,1,1,0,4,4.0,8.0,5.0,10.0,12.0,15.0,32.0,53.77443751081735,2.5,134.43609377704337,0.0179248125036057,7.468671876502409,1.0,,,,10.0,1.0,1.0,9.0,9.0,3.0,3.0,1.0,4.0,,2.0,,2.0,1.0,,,1.0,,7.0,,,,,,,,,,,,,,,,,,,,,,,,,,,,,,,,,,,,,8.0,1.0,5.0,,,,,,,,,,,,,,,,,,,,,,,,,,,,,,,,,,,3.0,22.0,,3.0,1.0,1.0,0.0,5.0,8.0,5.0,1.0,4.25
6655,2.0,0.0,0.0,15,10,10,1,1,0,4,4.0,8.0,5.0,10.0,12.0,15.0,32.0,53.77443751081735,2.5,134.43609377704337,0.0179248125036057,7.468671876502409,1.0,,,,10.0,1.0,1.0,9.0,9.0,3.0,3.0,1.0,2.0,,2.0,,2.0,1.0,,,1.0,,7.0,,,,,,,,,,,,,,,,,,,,,,,,,,,,,,,,,,,,,6.0,1.0,5.0,,,,,,,,,,,,,,,,,,,,,,,,,,,,,,,,,,,3.0,22.0,,3.0,1.0,1.0,0.0,5.0,8.0,5.0,1.0,4.25
6663,4.0,0.0,0.0,16,12,12,0,0,0,4,3.0,7.0,5.0,10.0,10.0,15.0,24.40637195656669,49.82892142331044,2.142857142857143,106.77626019280808,0.0166096404744368,5.932014455156004,1.0,,,1.0,12.0,3.0,3.0,6.0,6.0,2.0,2.0,3.0,1.0,,,,1.0,1.0,,,,2.0,5.0,,,,,,,,,,,,,,2.0,,,,,,,,,,,,,,,,,,,,,,,4.0,3.0,4.0,,,,,,,,,,,,,,,,,,,,,,,,,,,,,,,,,,,6.0,19.0,1.0,2.0,1.0,1.0,1.0,4.0,7.0,6.0,1.0,4.142857142857143
6667,7.0,0.0,0.0,37,19,19,9,9,0,9,3.0,7.0,6.0,11.0,10.0,17.0,24.40637195656669,56.47277761308517,2.357142857142857,133.11440437370075,0.0188242592043617,7.3952446874278195,1.0,,,,19.0,6.0,6.0,9.0,9.0,2.0,2.0,6.0,,,,,,,,,,,8.0,2.0,,,,,,2.0,2.0,,,,,,2.0,,,,,,,,,,,,,,,,,,,,,,,8.0,9.0,18.0,,,,,,,,,,,,,,,,,,,,,,,,,,,,,,,,,,,11.0,33.0,3.0,,2.0,2.0,2.0,2.0,11.0,16.0,1.0,7.454545454545454
6670,4.0,0.0,0.0,16,12,12,0,0,0,4,3.0,7.0,5.0,10.0,10.0,15.0,24.40637195656669,49.82892142331044,2.142857142857143,106.77626019280808,0.0166096404744368,5.932014455156004,1.0,,,1.0,12.0,3.0,3.0,6.0,6.0,2.0,2.0,3.0,1.0,,,,1.0,1.0,,,,2.0,5.0,,,,,,,,,,,,,,2.0,,,,,,,,,,,,,,,,,,,,,,,4.0,3.0,4.0,,,,,,,,,,,,,,,,,,,,,,,,,,,,,,,,,,,6.0,19.0,1.0,2.0,1.0,1.0,1.0,4.0,7.0,6.0,1.0,4.142857142857143
6698,1.0,0.0,0.0,14,7,7,4,4,0,3,2.0,7.0,4.0,8.0,9.0,12.0,21.651484454403228,38.03910001730775,1.1428571428571428,43.47325716263743,0.0126797000057692,2.415180953479857,1.0,,,,7.0,,,4.0,4.0,,,,1.0,,2.0,,2.0,,,,,,6.0,,,,,,,,,,,,,,,,,,,,,,,,,,,,,,,,,,,,,1.0,7.0,7.0,,,,,,,,,,,,,,,,,,,,,,,,,,,,,,,,,,,,13.0,1.0,1.0,1.0,1.0,1.0,3.0,6.0,20.0,4.0,14.0
6699,1.0,0.0,0.0,14,7,7,4,4,0,3,2.0,7.0,4.0,8.0,9.0,12.0,21.651484454403228,38.03910001730775,1.1428571428571428,43.47325716263743,0.0126797000057692,2.415180953479857,1.0,,,,7.0,,,5.0,5.0,,,,1.0,,2.0,,2.0,,,,,,6.0,,,,,,,,,,,,,,,,,,,,,,,,,,,,,,,,,,,,,1.0,7.0,7.0,,,,,,,,,,,,,,,,,,,,,,,,,,,,,,,,,,,,13.0,1.0,1.0,1.0,1.0,1.0,3.0,6.0,24.0,4.0,15.5
6700,1.0,0.0,0.0,14,7,7,4,4,0,3,2.0,7.0,4.0,8.0,9.0,12.0,21.651484454403228,38.03910001730775,1.1428571428571428,43.47325716263743,0.0126797000057692,2.415180953479857,1.0,,,,7.0,,,5.0,5.0,,,,1.0,,2.0,,2.0,,,,,,6.0,,,,,,,,,,,,,,,,,,,,,,,,,,,,,,,,,,,,,1.0,7.0,7.0,,,,,,,,,,,,,,,,,,,,,,,,,,,,,,,,,,,,13.0,1.0,1.0,1.0,1.0,1.0,3.0,6.0,20.0,4.0,14.0
6701,1.0,0.0,0.0,13,6,6,4,4,0,3,2.0,5.0,3.0,6.0,7.0,9.0,13.60964047443681,25.26619429851844,1.2,30.319433158222125,0.0084220647661728,1.6844129532345624,1.0,,,,6.0,,,4.0,4.0,,,,1.0,,2.0,,1.0,,,,,,5.0,,,,,,,,,,,,,,,,,,,,,,,,,,,,,,,,,,,,,1.0,6.0,7.0,,,,,,,,,,,,,,,,,,,,,,,,,,,,,,,,,,,,11.0,1.0,1.0,1.0,1.0,1.0,3.0,5.0,17.0,4.0,10.2
6721,2.0,0.0,0.0,8,8,8,0,0,0,0,3.0,4.0,4.0,8.0,7.0,12.0,12.75488750216347,33.68825906469125,3.0,101.06477719407376,0.0112294196882304,5.614709844115208,1.0,,,3.0,8.0,2.0,2.0,6.0,6.0,,,2.0,,,,,,,,,,,2.0,,2.0,,,1.0,,,,,,,,,,,,,,,,,,,,1.0,,,,,,,,,,,,2.0,,,,,,,,,,,,,,,,,,,,,,,,,,,,,,,,,,,,,2.0,8.0,1.0,,4.0,1.0,1.0,2.0,2.0,1.0,1.0,1.0
6722,2.0,0.0,0.0,8,8,8,0,0,0,0,3.0,4.0,4.0,8.0,7.0,12.0,12.75488750216347,33.68825906469125,3.0,101.06477719407376,0.0112294196882304,5.614709844115208,1.0,,,3.0,8.0,2.0,2.0,6.0,6.0,,,2.0,,,,,,,,,,,2.0,,2.0,,,1.0,,,,,,,,,,,,,,,,,,,,1.0,,,,,,,,,,,,2.0,,,,,,,,,,,,,,,,,,,,,,,,,,,,,,,,,,,,,2.0,8.0,1.0,,4.0,1.0,1.0,2.0,2.0,1.0,1.0,1.0
6723,2.0,0.0,0.0,8,8,8,0,0,0,0,3.0,4.0,4.0,8.0,7.0,12.0,12.75488750216347,33.68825906469125,3.0,101.06477719407376,0.0112294196882304,5.614709844115208,1.0,,,3.0,8.0,2.0,2.0,6.0,6.0,,,2.0,,,,,,,,,,,2.0,,2.0,,,1.0,,,,,,,,,,,,,,,,,,,,1.0,,,,,,,,,,,,2.0,,,,,,,,,,,,,,,,,,,,,,,,,,,,,,,,,,,,,2.0,8.0,1.0,,4.0,1.0,1.0,2.0,2.0,1.0,1.0,1.0
6725,2.0,0.0,0.0,8,8,8,0,0,0,0,3.0,4.0,4.0,8.0,7.0,12.0,12.75488750216347,33.68825906469125,3.0,101.06477719407376,0.0112294196882304,5.614709844115208,1.0,,,3.0,8.0,2.0,2.0,6.0,6.0,,,2.0,,,,,,,,,,,2.0,,2.0,,,1.0,,,,,,,,,,,,,,,,,,,,1.0,,,,,,,,,,,,2.0,,,,,,,,,,,,,,,,,,,,,,,,,,,,,,,,,,,,,2.0,8.0,1.0,,4.0,1.0,1.0,2.0,2.0,1.0,1.0,1.0
6726,2.0,0.0,0.0,8,8,8,0,0,0,0,3.0,4.0,4.0,8.0,7.0,12.0,12.75488750216347,33.68825906469125,3.0,101.06477719407376,0.0112294196882304,5.614709844115208,1.0,,,3.0,8.0,2.0,2.0,6.0,6.0,,,2.0,,,,,,,,,,,2.0,,2.0,,,1.0,,,,,,,,,,,,,,,,,,,,1.0,,,,,,,,,,,,2.0,,,,,,,,,,,,,,,,,,,,,,,,,,,,,,,,,,,,,2.0,8.0,1.0,,4.0,1.0,1.0,2.0,2.0,1.0,1.0,1.0
6727,2.0,0.0,0.0,8,8,8,0,0,0,0,3.0,4.0,4.0,8.0,7.0,12.0,12.75488750216347,33.68825906469125,3.0,101.06477719407376,0.0112294196882304,5.614709844115208,1.0,,,3.0,8.0,2.0,2.0,6.0,6.0,,,2.0,,,,,,,,,,,2.0,,2.0,,,1.0,,,,,,,,,,,,,,,,,,,,1.0,,,,,,,,,,,,2.0,,,,,,,,,,,,,,,,,,,,,,,,,,,,,,,,,,,,,2.0,8.0,1.0,,4.0,1.0,1.0,2.0,2.0,1.0,1.0,1.0
6728,2.0,0.0,0.0,8,8,8,0,0,0,0,3.0,4.0,4.0,8.0,7.0,12.0,12.75488750216347,33.68825906469125,3.0,101.06477719407376,0.0112294196882304,5.614709844115208,1.0,,,3.0,8.0,2.0,2.0,6.0,6.0,,,2.0,,,,,,,,,,,2.0,,2.0,,,1.0,,,,,,,,,,,,,,,,,,,,1.0,,,,,,,,,,,,2.0,,,,,,,,,,,,,,,,,,,,,,,,,,,,,,,,,,,,,2.0,8.0,1.0,,4.0,1.0,1.0,2.0,2.0,1.0,1.0,1.0
6729,2.0,0.0,0.0,8,8,8,0,0,0,0,3.0,4.0,4.0,8.0,7.0,12.0,12.75488750216347,33.68825906469125,3.0,101.06477719407376,0.0112294196882304,5.614709844115208,1.0,,,3.0,8.0,2.0,2.0,6.0,6.0,,,2.0,,,,,,,,,,,2.0,,2.0,,,1.0,,,,,,,,,,,,,,,,,,,,1.0,,,,,,,,,,,,2.0,,,,,,,,,,,,,,,,,,,,,,,,,,,,,,,,,,,,,2.0,8.0,1.0,,4.0,1.0,1.0,2.0,2.0,1.0,1.0,1.0
6730,2.0,0.0,0.0,8,8,8,0,0,0,0,3.0,4.0,4.0,8.0,7.0,12.0,12.75488750216347,33.68825906469125,3.0,101.06477719407376,0.0112294196882304,5.614709844115208,1.0,,,3.0,8.0,2.0,2.0,6.0,6.0,,,2.0,,,,,,,,,,,2.0,,2.0,,,1.0,,,,,,,,,,,,,,,,,,,,1.0,,,,,,,,,,,,2.0,,,,,,,,,,,,,,,,,,,,,,,,,,,,,,,,,,,,,2.0,8.0,1.0,,4.0,1.0,1.0,2.0,2.0,1.0,1.0,1.0
6731,2.0,0.0,0.0,8,8,8,0,0,0,0,3.0,4.0,4.0,8.0,7.0,12.0,12.75488750216347,33.68825906469125,3.0,101.06477719407376,0.0112294196882304,5.614709844115208,1.0,,,3.0,8.0,2.0,2.0,6.0,6.0,,,2.0,,,,,,,,,,,2.0,,2.0,,,1.0,,,,,,,,,,,,,,,,,,,,1.0,,,,,,,,,,,,2.0,,,,,,,,,,,,,,,,,,,,,,,,,,,,,,,,,,,,,2.0,8.0,1.0,,4.0,1.0,1.0,2.0,2.0,1.0,1.0,1.0
6746,3.0,0.0,0.0,8,7,7,0,0,0,1,2.0,2.0,2.0,4.0,4.0,6.0,4.0,12.0,2.0,24.0,0.004,1.3333333333333333,1.0,,,3.0,7.0,3.0,3.0,7.0,7.0,,,3.0,,,,,,,,,1.0,,1.0,,,,,1.0,,,,,,,,,,,,,,,,,,,,,,,,,,,,,,,,2.0,,1.0,,,,,,,,,,,,,,,,,,,,,,,,,,,,,,,,,,,3.0,3.0,1.0,,3.0,1.0,1.0,2.0,1.0,1.0,1.0,1.0
6747,3.0,0.0,0.0,8,7,7,0,0,0,1,2.0,2.0,2.0,4.0,4.0,6.0,4.0,12.0,2.0,24.0,0.004,1.3333333333333333,1.0,,,3.0,7.0,3.0,3.0,7.0,7.0,,,3.0,,,,,,,,,1.0,,1.0,,,,,1.0,,,,,,,,,,,,,,,,,,,,,,,,,,,,,,,,2.0,,1.0,,,,,,,,,,,,,,,,,,,,,,,,,,,,,,,,,,,3.0,3.0,1.0,,3.0,1.0,1.0,2.0,1.0,1.0,1.0,1.0
6748,3.0,0.0,0.0,8,7,7,0,0,0,1,2.0,2.0,2.0,4.0,4.0,6.0,4.0,12.0,2.0,24.0,0.004,1.3333333333333333,1.0,,,3.0,7.0,3.0,3.0,7.0,7.0,,,3.0,,,,,,,,,1.0,,1.0,,,,,1.0,,,,,,,,,,,,,,,,,,,,,,,,,,,,,,,,2.0,,1.0,,,,,,,,,,,,,,,,,,,,,,,,,,,,,,,,,,,3.0,3.0,1.0,,3.0,1.0,1.0,2.0,1.0,1.0,1.0,1.0
6749,3.0,0.0,0.0,8,7,7,0,0,0,1,2.0,2.0,2.0,4.0,4.0,6.0,4.0,12.0,2.0,24.0,0.004,1.3333333333333333,1.0,,,3.0,7.0,3.0,3.0,7.0,7.0,,,3.0,,,,,,,,,1.0,,1.0,,,,,1.0,,,,,,,,,,,,,,,,,,,,,,,,,,,,,,,,2.0,,1.0,,,,,,,,,,,,,,,,,,,,,,,,,,,,,,,,,,,3.0,3.0,1.0,,3.0,1.0,1.0,2.0,1.0,1.0,1.0,1.0
6750,3.0,0.0,0.0,8,7,7,0,0,0,1,2.0,2.0,2.0,4.0,4.0,6.0,4.0,12.0,2.0,24.0,0.004,1.3333333333333333,1.0,,,3.0,7.0,3.0,3.0,7.0,7.0,,,3.0,,,,,,,,,1.0,,1.0,,,,,1.0,,,,,,,,,,,,,,,,,,,,,,,,,,,,,,,,2.0,,1.0,,,,,,,,,,,,,,,,,,,,,,,,,,,,,,,,,,,3.0,3.0,1.0,,3.0,1.0,1.0,2.0,1.0,1.0,1.0,1.0
6751,3.0,0.0,0.0,8,7,7,0,0,0,1,2.0,2.0,2.0,4.0,4.0,6.0,4.0,12.0,2.0,24.0,0.004,1.3333333333333333,1.0,,,3.0,7.0,3.0,3.0,7.0,7.0,,,3.0,,,,,,,,,1.0,,1.0,,,,,1.0,,,,,,,,,,,,,,,,,,,,,,,,,,,,,,,,2.0,,1.0,,,,,,,,,,,,,,,,,,,,,,,,,,,,,,,,,,,3.0,3.0,1.0,,3.0,1.0,1.0,2.0,1.0,1.0,1.0,1.0
6752,3.0,0.0,0.0,8,7,7,0,0,0,1,2.0,2.0,2.0,4.0,4.0,6.0,4.0,12.0,2.0,24.0,0.004,1.3333333333333333,1.0,,,3.0,7.0,3.0,3.0,7.0,7.0,,,3.0,,,,,,,,,1.0,,1.0,,,,,1.0,,,,,,,,,,,,,,,,,,,,,,,,,,,,,,,,2.0,,1.0,,,,,,,,,,,,,,,,,,,,,,,,,,,,,,,,,,,3.0,3.0,1.0,,3.0,1.0,1.0,2.0,1.0,1.0,1.0,1.0
6753,3.0,0.0,0.0,8,7,7,0,0,0,1,2.0,2.0,2.0,4.0,4.0,6.0,4.0,12.0,2.0,24.0,0.004,1.3333333333333333,1.0,,,3.0,7.0,3.0,3.0,7.0,7.0,,,3.0,,,,,,,,,1.0,,1.0,,,,,1.0,,,,,,,,,,,,,,,,,,,,,,,,,,,,,,,,2.0,,1.0,,,,,,,,,,,,,,,,,,,,,,,,,,,,,,,,,,,3.0,3.0,1.0,,3.0,1.0,1.0,2.0,1.0,1.0,1.0,1.0
6754,3.0,0.0,0.0,8,7,7,0,0,0,1,2.0,2.0,2.0,4.0,4.0,6.0,4.0,12.0,2.0,24.0,0.004,1.3333333333333333,1.0,,,3.0,7.0,3.0,3.0,7.0,7.0,,,3.0,,,,,,,,,1.0,,1.0,,,,,1.0,,,,,,,,,,,,,,,,,,,,,,,,,,,,,,,,2.0,,1.0,,,,,,,,,,,,,,,,,,,,,,,,,,,,,,,,,,,3.0,3.0,1.0,,3.0,1.0,1.0,2.0,1.0,1.0,1.0,1.0
6756,3.0,0.0,0.0,10,9,9,0,0,0,1,4.0,7.0,6.0,12.0,11.0,18.0,27.651484454403228,62.26976913547136,3.4285714285714284,213.4963513216161,0.0207565897118237,11.860908406756447,1.0,,,,9.0,3.0,3.0,4.0,4.0,,,3.0,1.0,,3.0,,1.0,,,,1.0,,5.0,,,,,1.0,,,,,,,,,,,,,,,,,,,,,,,,,,,,,,,,4.0,3.0,1.0,,,,,,,,,,,,,,,,,,,,,,,,,,,,,,,,,,,3.0,12.0,1.0,1.0,1.0,1.0,1.0,3.0,2.0,6.0,1.0,3.5
6757,3.0,0.0,0.0,12,9,9,0,0,0,3,4.0,6.0,6.0,12.0,10.0,18.0,23.509775004326936,59.794705707972525,4.0,239.1788228318901,0.0199315685693241,13.28771237954945,1.0,,,,9.0,3.0,3.0,6.0,6.0,,,3.0,1.0,,,,1.0,,,,1.0,,2.0,,,,,1.0,,,,,,,,,3.0,,,,,,,,,,,,,,,,,,,,,,,5.0,2.0,3.0,,,,,,,,,,,,,,,,,,,,,,,,,,,,,,,,,,,3.0,9.0,1.0,1.0,1.0,1.0,1.0,3.0,2.0,5.0,1.0,3.0
6758,3.0,0.0,0.0,10,9,9,0,0,0,1,4.0,7.0,6.0,12.0,11.0,18.0,27.651484454403228,62.26976913547136,3.4285714285714284,213.4963513216161,0.0207565897118237,11.860908406756447,1.0,,,,9.0,3.0,3.0,4.0,4.0,,,3.0,1.0,,3.0,,1.0,,,,1.0,,5.0,,,,,1.0,,,,,,,,,,,,,,,,,,,,,,,,,,,,,,,,4.0,3.0,1.0,,,,,,,,,,,,,,,,,,,,,,,,,,,,,,,,,,,3.0,12.0,1.0,1.0,1.0,1.0,1.0,3.0,2.0,6.0,1.0,3.5
6759,3.0,0.0,0.0,11,9,9,0,0,0,2,3.0,5.0,5.0,10.0,8.0,15.0,16.36452797660028,45.0,3.0,135.0,0.015,7.5,1.0,,,,9.0,3.0,3.0,6.0,6.0,,,3.0,1.0,,3.0,,,,,,1.0,,5.0,,,,,1.0,,,,,,,,,,,,,,,,,,,,,,,,,,,,,,,,4.0,3.0,2.0,,,,,,,,,,,,,,,,,,,,,,,,,,,,,,,,,,,3.0,11.0,1.0,1.0,1.0,1.0,1.0,3.0,2.0,5.0,1.0,3.0
6760,3.0,0.0,0.0,11,9,9,0,0,0,2,3.0,6.0,5.0,10.0,9.0,15.0,20.264662506490406,47.548875021634686,2.5,118.87218755408672,0.0158496250072115,6.604010419671484,1.0,,,,9.0,3.0,3.0,6.0,6.0,,,3.0,1.0,,3.0,,,,,,1.0,,5.0,,,,,1.0,,,,,,,,,,,,,,,,,,,,,,,,,,,,,,,,4.0,3.0,2.0,,,,,,,,,,,,,,,,,,,,,,,,,,,,,,,,,,,3.0,11.0,1.0,1.0,1.0,1.0,1.0,3.0,2.0,5.0,1.0,3.0
6761,3.0,0.0,0.0,10,9,9,0,0,0,1,3.0,6.0,5.0,10.0,9.0,15.0,20.264662506490406,47.548875021634686,2.5,118.87218755408672,0.0158496250072115,6.604010419671484,1.0,,,,9.0,3.0,3.0,6.0,6.0,,,3.0,1.0,,,,,,,,1.0,,2.0,,,,,1.0,,,,,,,,,3.0,,,,,,,,,,,,,,,,,,,,,,,4.0,3.0,1.0,,,,,,,,,,,,,,,,,,,,,,,,,,,,,,,,,,,3.0,8.0,1.0,1.0,1.0,1.0,1.0,3.0,2.0,5.0,1.0,3.0
6762,3.0,0.0,0.0,12,9,9,0,0,0,3,3.0,6.0,5.0,10.0,9.0,15.0,20.264662506490406,47.548875021634686,2.5,118.87218755408672,0.0158496250072115,6.604010419671484,1.0,,,,9.0,3.0,3.0,4.0,4.0,,,3.0,1.0,,,,,,,,1.0,,2.0,,,,,1.0,,,,,,,,,3.0,,,,,,,,,,,,,,,,,,,,,,,4.0,3.0,3.0,,,,,,,,,,,,,,,,,,,,,,,,,,,,,,,,,,,3.0,8.0,1.0,1.0,1.0,1.0,1.0,3.0,2.0,8.0,5.0,6.5
6763,3.0,0.0,0.0,11,9,9,0,0,0,2,3.0,6.0,5.0,10.0,9.0,15.0,20.264662506490406,47.548875021634686,2.5,118.87218755408672,0.0158496250072115,6.604010419671484,1.0,,,,9.0,3.0,3.0,5.0,5.0,,,3.0,1.0,,,,,,,,1.0,,2.0,,,,,1.0,,,,,,,,,3.0,,,,,,,,,,,,,,,,,,,,,,,4.0,3.0,2.0,,,,,,,,,,,,,,,,,,,,,,,,,,,,,,,,,,,3.0,8.0,1.0,1.0,1.0,1.0,1.0,3.0,2.0,5.0,1.0,3.0
6764,3.0,0.0,0.0,12,9,9,0,0,0,3,3.0,6.0,5.0,10.0,9.0,15.0,20.264662506490406,47.548875021634686,2.5,118.87218755408672,0.0158496250072115,6.604010419671484,1.0,,,,9.0,3.0,3.0,4.0,4.0,,,3.0,1.0,,,,,,,,1.0,,2.0,,,,,1.0,,,,,,,,,3.0,,,,,,,,,,,,,,,,,,,,,,,4.0,3.0,3.0,,,,,,,,,,,,,,,,,,,,,,,,,,,,,,,,,,,3.0,8.0,1.0,1.0,1.0,1.0,1.0,3.0,2.0,5.0,4.0,4.5
6765,5.0,0.0,0.0,30,24,24,3,3,0,3,3.0,7.0,9.0,18.0,10.0,27.0,24.40637195656669,89.69205856195879,3.857142857142857,345.9550830246982,0.0298973528539862,19.21972683470545,1.0,,,7.0,24.0,7.0,7.0,13.0,13.0,,,7.0,,,,5.0,,,,,,,8.0,1.0,,,,2.0,,,2.0,,,,,,,,,,,,,,,,,,,,,,,,,,,,,3.0,3.0,6.0,,,,,,,,,,,,,,,,,,,,,,,,,,,,,,,,,,,7.0,27.0,1.0,,9.0,2.0,1.0,2.0,7.0,14.0,4.0,9.428571428571429
6767,5.0,0.0,0.0,9,8,8,0,0,0,1,5.0,12.0,9.0,18.0,17.0,27.0,54.62919048309069,110.36149671375918,3.75,413.8556126765969,0.036787165571253,22.99197848203316,1.0,,,6.0,8.0,3.0,3.0,13.0,13.0,,,3.0,3.0,,1.0,1.0,2.0,,,,,,2.0,1.0,,,,4.0,,,,,,,,,,,,,,,,,,,,,,,,,,,,,,,,3.0,2.0,1.0,,,,,,,,,,,,,,,,,,,,,,,,,,,,,,,,,,,4.0,12.0,1.0,3.0,3.0,2.0,1.0,3.0,3.0,6.0,2.0,4.333333333333333
6772,5.0,0.0,0.0,9,8,8,0,0,0,1,5.0,12.0,9.0,18.0,17.0,27.0,54.62919048309069,110.36149671375918,3.75,413.8556126765969,0.036787165571253,22.99197848203316,1.0,,,6.0,8.0,3.0,3.0,13.0,13.0,,,3.0,3.0,,1.0,1.0,2.0,,,,,,2.0,1.0,,,,4.0,,,,,,,,,,,,,,,,,,,,,,,,,,,,,,,,3.0,2.0,1.0,,,,,,,,,,,,,,,,,,,,,,,,,,,,,,,,,,,4.0,12.0,1.0,3.0,3.0,2.0,1.0,3.0,3.0,6.0,2.0,4.333333333333333
6776,5.0,0.0,0.0,30,24,24,3,3,0,3,3.0,7.0,9.0,18.0,10.0,27.0,24.40637195656669,89.69205856195879,3.857142857142857,345.9550830246982,0.0298973528539862,19.21972683470545,1.0,,,7.0,24.0,7.0,7.0,13.0,13.0,,,7.0,,,,5.0,,,,,,,8.0,1.0,,,,2.0,,,2.0,,,,,,,,,,,,,,,,,,,,,,,,,,,,,3.0,3.0,6.0,,,,,,,,,,,,,,,,,,,,,,,,,,,,,,,,,,,7.0,27.0,1.0,,9.0,2.0,1.0,2.0,7.0,14.0,4.0,9.428571428571429
6777,5.0,0.0,0.0,30,24,24,3,3,0,3,3.0,7.0,9.0,18.0,10.0,27.0,24.40637195656669,89.69205856195879,3.857142857142857,345.9550830246982,0.0298973528539862,19.21972683470545,1.0,,,7.0,24.0,7.0,7.0,13.0,13.0,,,7.0,,,,5.0,,,,,,,8.0,1.0,,,,2.0,,,2.0,,,,,,,,,,,,,,,,,,,,,,,,,,,,,3.0,3.0,6.0,,,,,,,,,,,,,,,,,,,,,,,,,,,,,,,,,,,7.0,27.0,1.0,,9.0,2.0,1.0,2.0,7.0,14.0,4.0,9.428571428571429
6778,5.0,0.0,0.0,30,24,24,3,3,0,3,3.0,7.0,9.0,18.0,10.0,27.0,24.40637195656669,89.69205856195879,3.857142857142857,345.9550830246982,0.0298973528539862,19.21972683470545,1.0,,,7.0,24.0,7.0,7.0,13.0,13.0,,,7.0,,,,5.0,,,,,,,8.0,1.0,,,,2.0,,,2.0,,,,,,,,,,,,,,,,,,,,,,,,,,,,,3.0,3.0,6.0,,,,,,,,,,,,,,,,,,,,,,,,,,,,,,,,,,,7.0,27.0,1.0,,9.0,2.0,1.0,2.0,7.0,14.0,4.0,9.428571428571429
6779,5.0,0.0,0.0,30,24,24,3,3,0,3,3.0,7.0,9.0,18.0,10.0,27.0,24.40637195656669,89.69205856195879,3.857142857142857,345.9550830246982,0.0298973528539862,19.21972683470545,1.0,,,7.0,24.0,7.0,7.0,13.0,13.0,,,7.0,,,,5.0,,,,,,,8.0,1.0,,,,2.0,,,2.0,,,,,,,,,,,,,,,,,,,,,,,,,,,,,3.0,3.0,6.0,,,,,,,,,,,,,,,,,,,,,,,,,,,,,,,,,,,7.0,27.0,1.0,,9.0,2.0,1.0,2.0,7.0,14.0,4.0,9.428571428571429
6780,5.0,0.0,0.0,30,24,24,3,3,0,3,3.0,7.0,9.0,18.0,10.0,27.0,24.40637195656669,89.69205856195879,3.857142857142857,345.9550830246982,0.0298973528539862,19.21972683470545,1.0,,,7.0,24.0,7.0,7.0,13.0,13.0,,,7.0,,,,5.0,,,,,,,8.0,1.0,,,,2.0,,,2.0,,,,,,,,,,,,,,,,,,,,,,,,,,,,,3.0,3.0,6.0,,,,,,,,,,,,,,,,,,,,,,,,,,,,,,,,,,,7.0,27.0,1.0,,9.0,2.0,1.0,2.0,7.0,14.0,4.0,9.428571428571429
6781,5.0,0.0,0.0,30,24,24,3,3,0,3,3.0,7.0,9.0,18.0,10.0,27.0,24.40637195656669,89.69205856195879,3.857142857142857,345.9550830246982,0.0298973528539862,19.21972683470545,1.0,,,7.0,24.0,7.0,7.0,13.0,13.0,,,7.0,,,,5.0,,,,,,,8.0,1.0,,,,2.0,,,2.0,,,,,,,,,,,,,,,,,,,,,,,,,,,,,3.0,3.0,6.0,,,,,,,,,,,,,,,,,,,,,,,,,,,,,,,,,,,7.0,27.0,1.0,,9.0,2.0,1.0,2.0,7.0,14.0,4.0,9.428571428571429
6782,5.0,0.0,0.0,30,24,24,3,3,0,3,3.0,7.0,9.0,18.0,10.0,27.0,24.40637195656669,89.69205856195879,3.857142857142857,345.9550830246982,0.0298973528539862,19.21972683470545,1.0,,,7.0,24.0,7.0,7.0,13.0,13.0,,,7.0,,,,5.0,,,,,,,8.0,1.0,,,,2.0,,,2.0,,,,,,,,,,,,,,,,,,,,,,,,,,,,,3.0,3.0,6.0,,,,,,,,,,,,,,,,,,,,,,,,,,,,,,,,,,,7.0,27.0,1.0,,9.0,2.0,1.0,2.0,7.0,14.0,4.0,9.428571428571429
6783,5.0,0.0,0.0,30,24,24,3,3,0,3,3.0,7.0,9.0,18.0,10.0,27.0,24.40637195656669,89.69205856195879,3.857142857142857,345.9550830246982,0.0298973528539862,19.21972683470545,1.0,,,7.0,24.0,7.0,7.0,13.0,13.0,,,7.0,,,,5.0,,,,,,,8.0,1.0,,,,2.0,,,2.0,,,,,,,,,,,,,,,,,,,,,,,,,,,,,3.0,3.0,6.0,,,,,,,,,,,,,,,,,,,,,,,,,,,,,,,,,,,7.0,27.0,1.0,,9.0,2.0,1.0,2.0,7.0,14.0,4.0,9.428571428571429
6784,5.0,0.0,0.0,30,24,24,3,3,0,3,3.0,7.0,9.0,18.0,10.0,27.0,24.40637195656669,89.69205856195879,3.857142857142857,345.9550830246982,0.0298973528539862,19.21972683470545,1.0,,,7.0,24.0,7.0,7.0,13.0,13.0,,,7.0,,,,5.0,,,,,,,8.0,1.0,,,,2.0,,,2.0,,,,,,,,,,,,,,,,,,,,,,,,,,,,,3.0,3.0,6.0,,,,,,,,,,,,,,,,,,,,,,,,,,,,,,,,,,,7.0,27.0,1.0,,9.0,2.0,1.0,2.0,7.0,14.0,4.0,9.428571428571429
6815,2.0,0.0,0.0,11,8,8,2,2,0,1,2.0,3.0,2.0,4.0,5.0,6.0,6.754887502163469,13.931568569324174,1.3333333333333333,18.575424759098897,0.0046438561897747,1.0319680421721609,1.0,,,1.0,8.0,1.0,1.0,7.0,7.0,,,1.0,1.0,,1.0,,,,,,,,4.0,1.0,,,,,,1.0,,,,,,,,,,,,,,,,,,,,,,,,,,,,,,3.0,2.0,3.0,,,,,,,,,,,,,,,,,,,,,,,,,,,,,,,,,,,2.0,12.0,1.0,1.0,2.0,1.0,1.0,3.0,5.0,4.0,1.0,2.8
6818,2.0,0.0,0.0,8,6,6,0,0,0,2,3.0,4.0,3.0,6.0,7.0,9.0,12.75488750216347,25.26619429851844,2.25,56.848937171666485,0.0084220647661728,3.158274287314805,1.0,,,1.0,6.0,1.0,1.0,6.0,6.0,,,1.0,1.0,,1.0,,,1.0,,,,,3.0,,,,,,,1.0,,,,,,,,,,,,,,,,,,,,,,,,,,,,,,4.0,,2.0,,,,,,,,,,,,,,,,,,,,,,,,,,,,,,,,,,,1.0,7.0,1.0,1.0,2.0,1.0,1.0,3.0,2.0,1.0,1.0,1.0
6829,5.0,0.0,0.0,15,12,12,0,0,0,3,3.0,13.0,8.0,16.0,16.0,24.0,52.86060383799767,96.0,1.8461538461538465,177.23076923076923,0.032,9.846153846153848,1.0,,,3.0,12.0,4.0,4.0,9.0,9.0,3.0,3.0,4.0,1.0,,,,,,,,1.0,,3.0,1.0,,,,3.0,,,,,,,,,4.0,,,,,,,,,,,,,,,,,,,,,,,4.0,3.0,3.0,,,,,,,,,,,,,,,,,,,,,,,,,,,,,,,,,,,4.0,17.0,,2.0,1.0,1.0,0.0,4.0,4.0,8.0,1.0,4.75
6830,5.0,0.0,0.0,15,12,12,0,0,0,3,3.0,13.0,8.0,16.0,16.0,24.0,52.86060383799767,96.0,1.8461538461538465,177.23076923076923,0.032,9.846153846153848,1.0,,,3.0,12.0,4.0,4.0,9.0,9.0,3.0,3.0,4.0,1.0,,,,,,,,1.0,,3.0,1.0,,,,3.0,,,,,,,,,4.0,,,,,,,,,,,,,,,,,,,,,,,4.0,3.0,3.0,,,,,,,,,,,,,,,,,,,,,,,,,,,,,,,,,,,4.0,17.0,,2.0,1.0,1.0,0.0,4.0,4.0,8.0,1.0,4.75
6831,5.0,0.0,0.0,14,12,12,0,0,0,2,3.0,13.0,8.0,16.0,16.0,24.0,52.86060383799767,96.0,1.8461538461538465,177.23076923076923,0.032,9.846153846153848,1.0,,,3.0,12.0,4.0,4.0,9.0,9.0,3.0,3.0,4.0,1.0,,,,,,,,1.0,,3.0,1.0,,,,3.0,,,,,,,,,4.0,,,,,,,,,,,,,,,,,,,,,,,4.0,3.0,2.0,,,,,,,,,,,,,,,,,,,,,,,,,,,,,,,,,,,4.0,17.0,,2.0,1.0,1.0,0.0,4.0,4.0,8.0,1.0,4.75
6832,5.0,0.0,0.0,15,12,12,0,0,0,3,3.0,13.0,8.0,16.0,16.0,24.0,52.86060383799767,96.0,1.8461538461538465,177.23076923076923,0.032,9.846153846153848,1.0,,,3.0,12.0,4.0,4.0,9.0,9.0,3.0,3.0,4.0,1.0,,,,,,,,1.0,,3.0,1.0,,,,3.0,,,,,,,,,4.0,,,,,,,,,,,,,,,,,,,,,,,4.0,3.0,3.0,,,,,,,,,,,,,,,,,,,,,,,,,,,,,,,,,,,4.0,17.0,,2.0,1.0,1.0,0.0,4.0,4.0,8.0,1.0,4.75
6833,5.0,0.0,0.0,15,12,12,0,0,0,3,3.0,13.0,8.0,16.0,16.0,24.0,52.86060383799767,96.0,1.8461538461538465,177.23076923076923,0.032,9.846153846153848,1.0,,,3.0,12.0,4.0,4.0,9.0,9.0,3.0,3.0,4.0,1.0,,,,,,,,1.0,,3.0,1.0,,,,3.0,,,,,,,,,4.0,,,,,,,,,,,,,,,,,,,,,,,4.0,3.0,3.0,,,,,,,,,,,,,,,,,,,,,,,,,,,,,,,,,,,4.0,17.0,,2.0,1.0,1.0,0.0,4.0,4.0,8.0,1.0,4.75
6834,5.0,0.0,0.0,15,12,12,0,0,0,3,3.0,13.0,8.0,16.0,16.0,24.0,52.86060383799767,96.0,1.8461538461538465,177.23076923076923,0.032,9.846153846153848,1.0,,,3.0,12.0,4.0,4.0,9.0,9.0,3.0,3.0,4.0,1.0,,,,,,,,1.0,,3.0,1.0,,,,3.0,,,,,,,,,4.0,,,,,,,,,,,,,,,,,,,,,,,4.0,3.0,3.0,,,,,,,,,,,,,,,,,,,,,,,,,,,,,,,,,,,4.0,17.0,,2.0,1.0,1.0,0.0,4.0,4.0,8.0,1.0,4.75
6835,5.0,0.0,0.0,15,12,12,0,0,0,3,3.0,13.0,8.0,16.0,16.0,24.0,52.86060383799767,96.0,1.8461538461538465,177.23076923076923,0.032,9.846153846153848,1.0,,,3.0,12.0,4.0,4.0,9.0,9.0,3.0,3.0,4.0,1.0,,,,,,,,1.0,,3.0,1.0,,,,3.0,,,,,,,,,4.0,,,,,,,,,,,,,,,,,,,,,,,4.0,3.0,3.0,,,,,,,,,,,,,,,,,,,,,,,,,,,,,,,,,,,4.0,17.0,,2.0,1.0,1.0,0.0,4.0,4.0,8.0,1.0,4.75
6837,5.0,0.0,0.0,15,12,12,0,0,0,3,3.0,13.0,8.0,16.0,16.0,24.0,52.86060383799767,96.0,1.8461538461538465,177.23076923076923,0.032,9.846153846153848,1.0,,,3.0,12.0,4.0,4.0,9.0,9.0,3.0,3.0,4.0,1.0,,,,,,,,1.0,,3.0,1.0,,,,3.0,,,,,,,,,4.0,,,,,,,,,,,,,,,,,,,,,,,4.0,3.0,3.0,,,,,,,,,,,,,,,,,,,,,,,,,,,,,,,,,,,4.0,17.0,,2.0,1.0,1.0,0.0,4.0,4.0,8.0,1.0,4.75
6838,5.0,0.0,0.0,15,12,12,0,0,0,3,3.0,13.0,8.0,16.0,16.0,24.0,52.86060383799767,96.0,1.8461538461538465,177.23076923076923,0.032,9.846153846153848,1.0,,,3.0,12.0,4.0,4.0,9.0,9.0,3.0,3.0,4.0,1.0,,,,,,,,1.0,,3.0,1.0,,,,3.0,,,,,,,,,4.0,,,,,,,,,,,,,,,,,,,,,,,4.0,3.0,3.0,,,,,,,,,,,,,,,,,,,,,,,,,,,,,,,,,,,4.0,17.0,,2.0,1.0,1.0,0.0,4.0,4.0,8.0,1.0,4.75
