question,taxa_acerto,num_submissoes,taxa_aceitacao,num_testes,num_consultas,num_erros_lgcs,num_errors_stx,num_erros,num_eventos,num_eventos_del,tempo_implementacao,qtd_alteracoes_codigo
1164,0.8181818181818182,6.0,0.13636363636363635,11.863636363636363,17.863636363636363,3.090909090909091,2.090909090909091,5.181818181818182,514.7272727272727,54.27272727272727,570.367333333333,247.5909090909091
1023,0.9142857142857143,3.257142857142857,0.2807017543859649,5.485714285714286,8.742857142857142,1.0857142857142856,1.2571428571428571,2.342857142857143,623.7714285714286,79.42857142857143,457.6875624999993,265.2857142857143
1214,0.9473684210526315,4.315789473684211,0.21951219512195122,5.315789473684211,9.631578947368421,2.8947368421052633,0.47368421052631576,3.3684210526315788,343.10526315789474,36.26315789473684,483.78683333333333,172.57894736842104
1092,0.6621621621621622,9.14864864864865,0.0723781388478582,19.256756756756758,28.405405405405407,6.783783783783784,1.7027027027027026,8.486486486486486,961.6621621621622,115.47297297297297,610.7056530612231,598.4324324324324
1116,0.5588235294117647,7.382352941176471,0.07569721115537849,17.176470588235293,24.558823529411764,5.411764705882353,1.411764705882353,6.823529411764706,1165.6470588235295,144.97058823529412,1191.66947368421,955.3529411764706
1249,0.8260869565217391,11.652173913043478,0.0708955223880597,16.52173913043478,28.17391304347826,6.304347826086956,4.521739130434782,10.826086956521738,963.304347826087,116.21739130434783,878.3352105263153,655.2608695652174
1038,0.7954545454545454,6.204545454545454,0.1282051282051282,8.954545454545455,15.159090909090908,2.977272727272727,2.4318181818181817,5.409090909090909,596.4545454545455,93.75,256.4261999999996,264.90909090909093
1156,0.7692307692307693,2.769230769230769,0.2777777777777778,17.23076923076923,20.0,1.2307692307692308,0.7692307692307693,2.0,909.2307692307693,102.76923076923077,881.0886000000006,343.0
1118,0.8571428571428571,2.142857142857143,0.4,1.6071428571428572,3.75,1.2142857142857142,0.07142857142857142,1.2857142857142858,159.625,14.410714285714286,0.0,104.0
1285,0.8679245283018868,4.132075471698113,0.2100456621004566,12.69811320754717,16.830188679245282,1.8679245283018868,1.3962264150943395,3.2641509433962264,898.188679245283,109.52830188679245,717.004630434782,591.9245283018868
1261,0.6666666666666666,8.714285714285714,0.07650273224043716,9.80952380952381,18.523809523809526,3.0476190476190474,5.0,8.047619047619047,826.5714285714286,95.23809523809524,875.8488571428567,508.2857142857143
1200,0.782608695652174,9.652173913043478,0.08108108108108109,8.521739130434783,18.17391304347826,6.304347826086956,2.5652173913043477,8.869565217391305,503.4782608695652,48.34782608695652,507.7341111111109,219.82608695652175
1299,0.2857142857142857,11.642857142857142,0.024539877300613498,15.357142857142858,27.0,8.071428571428571,3.2857142857142856,11.357142857142858,910.0714285714286,108.5,1143.84625,594.7857142857143
1089,0.84375,8.859375,0.09523809523809523,14.359375,23.21875,5.328125,2.6875,8.015625,886.015625,117.953125,499.6895925925926,499.109375
1109,0.4666666666666667,8.083333333333334,0.0577319587628866,20.133333333333333,28.216666666666665,6.433333333333334,1.1833333333333333,7.616666666666666,1517.5666666666666,166.51666666666668,425.4193571428564,1546.1833333333334
1084,0.9104477611940298,8.343283582089553,0.10912343470483005,15.08955223880597,23.432835820895523,4.119402985074627,3.3134328358208953,7.432835820895522,862.9850746268656,99.05970149253731,408.11704918032706,409.7761194029851
1097,0.7142857142857143,7.916666666666667,0.09022556390977443,12.988095238095237,20.904761904761905,5.309523809523809,1.8928571428571428,7.2023809523809526,694.2261904761905,84.5952380952381,525.9879499999996,420.6190476190476
1026,0.8285714285714286,4.114285714285714,0.2013888888888889,1.9142857142857144,6.0285714285714285,0.4857142857142857,2.8,3.2857142857142856,463.9142857142857,70.37142857142857,279.7337241379305,186.11428571428573
1096,0.47297297297297297,10.0,0.0472972972972973,19.783783783783782,29.783783783783782,7.95945945945946,1.5675675675675675,9.527027027027026,1018.0945945945946,133.16216216216216,363.4901142857142,584.972972972973
1035,0.8260869565217391,3.260869565217391,0.25333333333333335,6.021739130434782,9.282608695652174,1.0869565217391304,1.3478260869565217,2.4347826086956523,408.39130434782606,62.28260869565217,153.20894736842055,218.52173913043478
1114,0.4642857142857143,15.035714285714286,0.030878859857482184,19.303571428571427,34.339285714285715,12.410714285714286,2.1607142857142856,14.571428571428571,1615.7142857142858,201.5,1002.7620769230768,1437.8392857142858
1086,0.9629629629629629,4.790123456790123,0.20103092783505155,10.0,14.790123456790123,2.5185185185185186,1.308641975308642,3.8271604938271606,707.6666666666666,79.07407407407408,293.3541025641023,291.25925925925924
1028,0.7870370370370371,5.907407407407407,0.13322884012539185,23.287037037037038,29.194444444444443,2.787037037037037,2.3333333333333335,5.12037037037037,1659.111111111111,131.2685185185185,190.3927294117647,541.5833333333334
1161,0.8888888888888888,11.074074074074074,0.0802675585284281,18.48148148148148,29.555555555555557,9.333333333333334,0.8518518518518519,10.185185185185185,1096.3703703703704,135.14814814814815,618.1255833333333,424.6296296296296
1212,0.8928571428571429,5.821428571428571,0.15337423312883436,13.892857142857142,19.714285714285715,3.0,1.9285714285714286,4.928571428571429,598.8214285714286,71.67857142857143,811.7483599999994,324.5
1021,0.875,2.625,0.3333333333333333,6.09375,8.71875,0.71875,1.03125,1.75,727.40625,106.65625,445.12092857142807,254.78125
1193,0.6896551724137931,7.758620689655173,0.08888888888888889,13.413793103448276,21.17241379310345,3.1379310344827585,3.9310344827586206,7.068965517241379,849.3448275862069,101.86206896551724,1029.1119999999987,523.9310344827586
1257,0.9615384615384616,7.153846153846154,0.13440860215053763,11.615384615384615,18.76923076923077,2.8076923076923075,3.3846153846153846,6.1923076923076925,888.0769230769231,103.38461538461539,1048.3886399999994,434.5
1175,0.8064516129032258,5.516129032258065,0.14619883040935672,12.935483870967742,18.451612903225808,3.4838709677419355,1.2258064516129032,4.709677419354839,589.1612903225806,61.83870967741935,633.0284399999996,307.03225806451616
1113,0.6181818181818182,7.836363636363636,0.07888631090487239,16.672727272727272,24.509090909090908,6.072727272727272,1.1454545454545455,7.218181818181818,1796.9636363636364,198.54545454545453,779.9647647058816,1888.090909090909
1262,0.8947368421052632,8.31578947368421,0.10759493670886076,6.526315789473684,14.842105263157896,4.578947368421052,2.8421052631578947,7.421052631578948,461.05263157894734,44.36842105263158,559.1533529411763,202.3684210526316
1287,0.8888888888888888,4.75,0.1871345029239766,10.88888888888889,15.63888888888889,2.75,1.1111111111111112,3.861111111111111,810.4444444444445,89.94444444444444,917.2373124999993,485.3333333333333
1082,0.9146341463414634,7.7073170731707314,0.11867088607594936,17.25609756097561,24.963414634146343,4.2073170731707314,2.5853658536585367,6.7926829268292686,950.6585365853658,101.5609756097561,497.69822666666556,598.670731707317
1307,0.5263157894736842,7.631578947368421,0.06896551724137931,11.68421052631579,19.31578947368421,3.526315789473684,3.5789473684210527,7.105263157894737,636.0,70.52631578947368,558.2886999999996,359.89473684210526
1087,0.9404761904761905,6.238095238095238,0.15076335877862596,14.011904761904763,20.25,2.3452380952380953,2.9523809523809526,5.2976190476190474,1002.1428571428571,91.58333333333333,313.63232911392356,494.0833333333333
1112,0.6206896551724138,9.03448275862069,0.06870229007633588,16.482758620689655,25.517241379310345,5.379310344827586,3.0344827586206895,8.413793103448276,1192.4827586206898,147.58620689655172,892.5802777777753,937.3793103448276
1199,0.6428571428571429,14.571428571428571,0.04411764705882353,27.357142857142858,41.92857142857143,5.357142857142857,8.571428571428571,13.928571428571429,1303.5,140.07142857142858,1180.01622222222,1038.2142857142858
1267,0.2727272727272727,8.454545454545455,0.03225806451612903,11.363636363636363,19.818181818181817,3.909090909090909,4.2727272727272725,8.181818181818182,757.7272727272727,85.63636363636364,1222.2243333333354,487.09090909090907
1211,0.84,7.48,0.11229946524064172,18.76,26.24,4.8,1.84,6.64,779.36,89.08,774.0583333333328,516.28
1115,0.5428571428571428,13.6,0.03991596638655462,24.771428571428572,38.371428571428574,10.628571428571428,2.4285714285714284,13.057142857142857,1421.2857142857142,162.04285714285714,655.0518947368408,1679.0
1088,0.958904109589041,7.219178082191781,0.13282732447817835,13.164383561643836,20.383561643835616,4.164383561643835,2.095890410958904,6.260273972602739,745.013698630137,73.79452054794521,282.8848285714283,360.1506849315069
1037,0.74,2.86,0.25874125874125875,9.06,11.92,0.7,1.42,2.12,575.3,83.36,227.70278378378356,227.52
1306,0.2631578947368421,7.105263157894737,0.037037037037037035,12.736842105263158,19.842105263157894,3.526315789473684,3.3157894736842106,6.842105263157895,1084.6315789473683,116.0,972.886999999999,879.0526315789474
1025,0.8571428571428571,3.6904761904761907,0.23225806451612904,5.666666666666667,9.357142857142858,1.4285714285714286,1.4047619047619047,2.8333333333333335,611.8809523809524,74.57142857142857,377.5057499999991,315.7142857142857
1293,0.84,5.8,0.14482758620689656,16.06,21.86,3.08,1.88,4.96,1065.26,120.48,914.7099047619042,742.36
1254,0.9473684210526315,5.2631578947368425,0.18,13.0,18.263157894736842,2.3684210526315788,1.9473684210526316,4.315789473684211,918.2105263157895,111.36842105263158,1018.1524999999986,595.3684210526316
1258,0.6521739130434783,5.6521739130434785,0.11538461538461539,7.130434782608695,12.782608695652174,3.0,2.0,5.0,675.6086956521739,67.26086956521739,782.0121333333328,394.5217391304348
1294,0.875,4.770833333333333,0.18340611353711792,12.583333333333334,17.354166666666668,2.5833333333333335,1.3125,3.8958333333333335,1071.5416666666667,127.72916666666667,1049.300999999999,715.5833333333334
1248,0.6956521739130435,6.260869565217392,0.1111111111111111,14.695652173913043,20.956521739130434,1.826086956521739,3.739130434782609,5.565217391304348,1059.608695652174,115.69565217391305,1194.082499999999,659.0869565217391
1083,0.8714285714285714,6.942857142857143,0.12551440329218108,13.742857142857142,20.685714285714287,3.8142857142857145,2.257142857142857,6.071428571428571,832.0428571428571,103.32857142857142,278.77475409836023,445.07142857142856
1309,0.6,9.0,0.06666666666666667,9.6,18.6,4.9,3.5,8.4,706.45,76.05,749.4632499999999,504.95
1091,0.8125,10.609375,0.07658321060382917,17.375,27.984375,7.921875,1.875,9.796875,666.59375,83.328125,432.10624999999953,432.515625
1033,0.7551020408163265,9.877551020408163,0.07644628099173553,10.89795918367347,20.775510204081634,4.918367346938775,4.204081632653061,9.122448979591837,643.4897959183673,98.3265306122449,248.4927027027024,331.61224489795916
1174,0.7586206896551724,6.344827586206897,0.11956521739130435,18.137931034482758,24.482758620689655,3.310344827586207,2.2758620689655173,5.586206896551724,707.6206896551724,81.51724137931035,695.8616363636363,340.6896551724138
1308,0.3,10.3,0.02912621359223301,14.7,25.0,5.9,4.1,10.0,664.6,88.4,845.5223333333333,627.4
1080,0.9295774647887324,7.197183098591549,0.12915851272015655,15.661971830985916,22.859154929577464,5.464788732394366,0.8028169014084507,6.267605633802817,854.8732394366198,86.49295774647888,301.62645454545356,464.71830985915494
1153,0.7058823529411765,3.764705882352941,0.1875,12.470588235294118,16.235294117647058,1.0,2.0588235294117645,3.0588235294117645,833.5882352941177,99.76470588235294,732.9649166666665,459.0
1247,0.8666666666666667,9.133333333333333,0.0948905109489051,17.766666666666666,26.9,3.7333333333333334,4.533333333333333,8.266666666666667,1032.1,130.6,1273.5939615384611,794.6333333333333
1119,0.875,7.1375,0.12259194395796848,11.3375,18.475,3.7375,2.525,6.2625,982.55,107.3625,477.1540142857136,738.0625
1032,0.868421052631579,5.342105263157895,0.1625615763546798,11.824561403508772,17.166666666666668,2.4210526315789473,2.0526315789473686,4.473684210526316,991.640350877193,83.10526315789474,189.6278282828282,291.20175438596493
1095,0.5945945945945946,11.0,0.05405405405405406,16.22972972972973,27.22972972972973,8.743243243243244,1.662162162162162,10.405405405405405,850.9594594594595,103.37837837837837,479.16104545454436,503.55405405405406
1024,0.8292682926829268,5.390243902439025,0.15384615384615385,5.170731707317073,10.560975609756097,2.5609756097560976,2.0,4.560975609756097,832.4878048780488,121.26829268292683,469.10770588235175,248.8780487804878
1169,0.625,7.208333333333333,0.08670520231213873,17.583333333333332,24.791666666666668,5.0,1.5833333333333333,6.583333333333333,635.4166666666666,62.916666666666664,1164.8167333333322,454.6666666666667
1203,0.7619047619047619,4.666666666666667,0.16326530612244897,13.476190476190476,18.142857142857142,2.380952380952381,1.5238095238095237,3.9047619047619047,741.4761904761905,100.52380952380952,788.1488124999997,405.9047619047619
1266,0.5555555555555556,9.166666666666666,0.06060606060606061,12.166666666666666,21.333333333333332,4.0,4.611111111111111,8.61111111111111,844.2222222222222,88.44444444444444,839.905099999999,621.7222222222222
1166,0.631578947368421,9.157894736842104,0.06896551724137931,18.894736842105264,28.05263157894737,7.684210526315789,0.8421052631578947,8.526315789473685,882.0526315789474,134.52631578947367,1021.0547500000011,633.8947368421053
1304,0.17391304347826086,9.565217391304348,0.01818181818181818,17.26086956521739,26.82608695652174,5.695652173913044,3.6956521739130435,9.391304347826088,953.2173913043479,100.91304347826087,1443.606749999998,560.3913043478261
1162,0.6666666666666666,3.388888888888889,0.19672131147540983,13.61111111111111,17.0,1.4444444444444444,1.2777777777777777,2.7222222222222223,778.7777777777778,102.33333333333333,535.183333333333,281.77777777777777
1194,0.8333333333333334,6.958333333333333,0.11976047904191617,8.833333333333334,15.791666666666666,2.4166666666666665,3.7083333333333335,6.125,597.25,65.20833333333333,697.28645,468.9583333333333
1255,0.7894736842105263,4.7368421052631575,0.16666666666666666,17.105263157894736,21.842105263157894,1.368421052631579,2.5789473684210527,3.9473684210526314,1040.2631578947369,110.10526315789474,979.5005999999988,743.2631578947369
1295,0.5,4.566666666666666,0.10948905109489052,14.9,19.466666666666665,3.066666666666667,1.0,4.066666666666666,1059.6,129.96666666666667,899.1275999999991,783.5333333333333
1158,0.8947368421052632,8.421052631578947,0.10625,29.0,37.421052631578945,5.631578947368421,1.894736842105263,7.526315789473684,1257.7894736842106,183.57894736842104,683.5134705882347,503.89473684210526
1034,0.8076923076923077,6.480769230769231,0.12462908011869436,10.23076923076923,16.71153846153846,2.7884615384615383,2.8846153846153846,5.673076923076923,580.2692307692307,93.17307692307692,264.89952380952354,305.59615384615387
1201,0.6666666666666666,4.904761904761905,0.13592233009708737,10.476190476190476,15.380952380952381,2.380952380952381,1.8571428571428572,4.238095238095238,713.3333333333334,89.19047619047619,615.9242857142852,389.4761904761905
1288,0.6764705882352942,4.0588235294117645,0.16666666666666666,15.558823529411764,19.61764705882353,2.0,1.3823529411764706,3.3823529411764706,1184.8823529411766,138.7058823529412,1392.8634347826082,815.8529411764706
1002,0.868421052631579,4.0,0.21710526315789475,3.4210526315789473,7.421052631578948,0.8947368421052632,2.236842105263158,3.1315789473684212,377.89473684210526,40.94736842105263,339.5563939393935,166.92105263157896
1253,0.8214285714285714,8.607142857142858,0.0954356846473029,17.392857142857142,26.0,3.392857142857143,4.392857142857143,7.785714285714286,964.1428571428571,109.78571428571429,868.6088260869566,528.6071428571429
1030,0.8660714285714286,5.464285714285714,0.15849673202614378,20.151785714285715,25.616071428571427,1.8303571428571428,2.767857142857143,4.598214285714286,1352.6339285714287,98.44642857142857,254.54012371134004,430.05357142857144
1094,0.6521739130434783,9.91304347826087,0.06578947368421052,23.014492753623188,32.927536231884055,7.7101449275362315,1.5507246376811594,9.26086956521739,983.9130434782609,136.55072463768116,448.4419111111106,674.2753623188406
1204,0.85,6.0,0.14166666666666666,15.0,21.0,3.2,1.95,5.15,506.15,58.35,638.017176470588,299.45
1163,0.8636363636363636,3.0454545454545454,0.2835820895522388,19.545454545454547,22.59090909090909,1.7727272727272727,0.4090909090909091,2.1818181818181817,963.3636363636364,129.5909090909091,303.8528421052629,560.0
1020,0.875,6.225,0.14056224899598393,9.0,15.225,1.725,3.625,5.35,848.025,117.2,379.9267142857135,386.375
1098,0.7534246575342466,8.684931506849315,0.08675078864353312,16.164383561643834,24.84931506849315,6.273972602739726,1.6575342465753424,7.931506849315069,676.9589041095891,82.58904109589041,372.9132363636358,450.4657534246575
1090,0.8387096774193549,7.82258064516129,0.10721649484536082,11.596774193548388,19.419354838709676,4.935483870967742,2.0483870967741935,6.983870967741935,777.3709677419355,88.06451612903226,365.81855769230754,558.3064516129032
1155,0.9047619047619048,5.190476190476191,0.1743119266055046,14.142857142857142,19.333333333333332,3.0476190476190474,1.2380952380952381,4.285714285714286,1137.1904761904761,126.47619047619048,626.0858421052627,479.8095238095238
1296,0.8064516129032258,6.709677419354839,0.1201923076923077,10.193548387096774,16.903225806451612,3.9838709677419355,1.9193548387096775,5.903225806451613,887.7258064516129,110.03225806451613,885.4998999999988,472.30645161290323
1172,0.7058823529411765,5.470588235294118,0.12903225806451613,14.529411764705882,20.0,3.411764705882353,1.3529411764705883,4.764705882352941,607.7647058823529,64.11764705882354,711.7152499999999,452.29411764705884
1202,0.5,20.363636363636363,0.024553571428571428,24.454545454545453,44.81818181818182,12.454545454545455,7.409090909090909,19.863636363636363,1165.590909090909,143.3181818181818,1411.6194545454543,998.0454545454545
1121,0.0,37.5,0.0,22.166666666666668,59.666666666666664,33.166666666666664,4.333333333333333,37.5,1603.0,167.33333333333334,,1052.8333333333333
1085,0.9135802469135802,6.0246913580246915,0.15163934426229508,13.950617283950617,19.97530864197531,2.740740740740741,2.3703703703703702,5.111111111111111,890.7283950617284,94.55555555555556,305.0550405405404,428.0
1018,0.8717948717948718,3.641025641025641,0.23943661971830985,5.897435897435898,9.538461538461538,1.794871794871795,0.9743589743589743,2.769230769230769,571.7948717948718,68.53846153846153,394.37820588235246,242.28205128205127
1170,0.6,4.5,0.13333333333333333,15.3,19.8,3.1,0.8,3.9,569.8,57.85,495.4892499999997,271.7
1250,0.8636363636363636,8.863636363636363,0.09743589743589744,12.681818181818182,21.545454545454547,4.636363636363637,3.3636363636363638,8.0,915.3181818181819,96.5909090909091,958.8977368421047,476.04545454545456
1291,0.8260869565217391,7.0,0.11801242236024845,15.152173913043478,22.152173913043477,4.173913043478261,2.0,6.173913043478261,1092.5217391304348,129.3695652173913,992.296078947368,638.0652173913044
1196,0.7391304347826086,9.478260869565217,0.0779816513761468,20.47826086956522,29.956521739130434,5.913043478260869,2.8260869565217392,8.73913043478261,906.4347826086956,102.8695652173913,833.3993529411757,982.304347826087
1213,0.8823529411764706,6.235294117647059,0.14150943396226415,10.470588235294118,16.705882352941178,4.176470588235294,1.1764705882352942,5.352941176470588,398.29411764705884,51.1764705882353,362.5535999999998,174.94117647058823
1260,0.631578947368421,8.947368421052632,0.07058823529411765,11.421052631578947,20.36842105263158,2.210526315789474,6.105263157894737,8.31578947368421,821.5263157894736,73.94736842105263,828.8448333333326,759.3157894736842
1210,0.7096774193548387,6.225806451612903,0.11398963730569948,9.741935483870968,15.96774193548387,4.096774193548387,1.4193548387096775,5.516129032258065,443.5806451612903,50.225806451612904,444.7944545454545,319.0
1298,0.6578947368421053,5.921052631578948,0.1111111111111111,11.605263157894736,17.526315789473685,2.6578947368421053,2.6052631578947367,5.2631578947368425,950.1315789473684,117.26315789473684,922.12932,483.3157894736842
1154,0.7727272727272727,2.8181818181818183,0.27419354838709675,15.727272727272727,18.545454545454547,0.8636363636363636,1.1818181818181819,2.0454545454545454,744.6363636363636,87.13636363636364,902.8015882352939,201.5
1197,0.5833333333333334,11.375,0.05128205128205128,16.5,27.875,7.375,3.4166666666666665,10.791666666666666,835.375,102.04166666666667,848.7540000000001,596.9166666666666
1207,0.8947368421052632,9.473684210526315,0.09444444444444444,14.157894736842104,23.63157894736842,4.052631578947368,4.526315789473684,8.578947368421053,668.1052631578947,88.47368421052632,567.4778235294115,344.5263157894737
1303,0.6875,4.625,0.14864864864864866,10.125,14.75,2.8125,1.125,3.9375,713.8125,95.0,755.5042727272722,348.375
1160,0.8,5.333333333333333,0.15,19.733333333333334,25.066666666666666,3.2666666666666666,1.2666666666666666,4.533333333333333,1162.8,141.06666666666666,398.80641666666656,649.2666666666667
1297,0.7941176470588235,3.0,0.2647058823529412,8.588235294117647,11.588235294117647,1.5,0.7058823529411765,2.2058823529411766,842.9705882352941,91.11764705882354,740.9484074074074,323.2647058823529
1159,0.72,5.16,0.13953488372093023,11.64,16.8,3.76,0.68,4.44,886.84,103.48,482.30861111111074,385.28
1268,0.46153846153846156,11.076923076923077,0.041666666666666664,21.153846153846153,32.23076923076923,4.538461538461538,6.076923076923077,10.615384615384615,1331.0,162.53846153846155,1128.5048333333325,790.6923076923077
1019,0.868421052631579,4.631578947368421,0.1875,4.631578947368421,9.263157894736842,1.4473684210526316,2.3157894736842106,3.763157894736842,673.6842105263158,90.86842105263158,390.1661515151511,273.7368421052632
1251,0.8260869565217391,7.391304347826087,0.11176470588235295,10.73913043478261,18.130434782608695,3.6956521739130435,2.869565217391304,6.565217391304348,748.9130434782609,86.43478260869566,934.0733157894737,353.5217391304348
1152,0.8387096774193549,2.5806451612903225,0.325,6.387096774193548,8.96774193548387,1.0,0.7419354838709677,1.7419354838709677,918.6451612903226,104.7741935483871,648.2272307692305,278.4516129032258
1301,0.18181818181818182,8.363636363636363,0.021739130434782608,20.727272727272727,29.09090909090909,5.545454545454546,2.6363636363636362,8.181818181818182,1082.909090909091,137.0909090909091,781.6104999999991,505.3636363636364
1209,1.0,4.529411764705882,0.22077922077922077,8.764705882352942,13.294117647058824,1.8235294117647058,1.7058823529411764,3.5294117647058822,516.0588235294117,57.05882352941177,632.0921764705878,190.8235294117647
1111,0.5384615384615384,7.019230769230769,0.07671232876712329,19.846153846153847,26.865384615384617,4.173076923076923,2.3076923076923075,6.480769230769231,1416.5576923076924,155.80769230769232,487.62978571428573,1518.0
1192,0.5714285714285714,26.904761904761905,0.021238938053097345,17.61904761904762,44.523809523809526,19.428571428571427,6.904761904761905,26.333333333333332,690.2380952380952,70.47619047619048,1161.8123333333335,778.6666666666666
1031,0.7864077669902912,5.446601941747573,0.1443850267379679,17.74757281553398,23.194174757281555,1.3883495145631068,3.2718446601941746,4.660194174757281,1389.5436893203882,104.9126213592233,268.3049753086411,454.252427184466
1036,0.8461538461538461,4.384615384615385,0.19298245614035087,10.461538461538462,14.846153846153847,1.7179487179487178,1.8205128205128205,3.5384615384615383,423.6923076923077,65.56410256410257,187.28333333333316,266.35897435897436
1022,0.7941176470588235,4.0,0.19852941176470587,5.0588235294117645,9.058823529411764,1.4705882352941178,1.7352941176470589,3.2058823529411766,617.7352941176471,77.79411764705883,384.38518518518475,300.61764705882354
1300,0.42857142857142855,2.5,0.17142857142857143,8.714285714285714,11.214285714285714,0.7142857142857143,1.3571428571428572,2.0714285714285716,597.0,71.0,400.7719999999999,231.35714285714286
1195,0.6,15.866666666666667,0.037815126050420166,20.933333333333334,36.8,6.133333333333334,9.133333333333333,15.266666666666667,952.0,103.93333333333334,970.7586666666654,763.6666666666666
1263,0.6111111111111112,7.055555555555555,0.08661417322834646,7.111111111111111,14.166666666666666,2.7777777777777777,3.6666666666666665,6.444444444444445,700.6666666666666,56.388888888888886,880.0625454545451,361.94444444444446
1081,0.9390243902439024,5.036585365853658,0.1864406779661017,12.573170731707316,17.609756097560975,2.1951219512195124,1.9024390243902438,4.097560975609756,852.5121951219512,93.84146341463415,293.68888311688215,368.0731707317073
1292,0.8723404255319149,4.468085106382978,0.19523809523809524,14.404255319148936,18.872340425531913,2.5319148936170213,1.0638297872340425,3.595744680851064,1027.063829787234,139.17021276595744,827.6394390243895,589.9787234042553
1168,0.5714285714285714,7.214285714285714,0.07920792079207921,26.642857142857142,33.857142857142854,6.357142857142857,0.2857142857142857,6.642857142857143,791.8571428571429,102.71428571428571,828.3408749999998,556.1428571428571
1290,0.6792452830188679,6.6415094339622645,0.10227272727272728,20.641509433962263,27.28301886792453,4.150943396226415,1.8113207547169812,5.962264150943396,1357.6603773584907,163.52830188679246,750.6217777777767,926.0188679245283
1205,0.90625,4.15625,0.21804511278195488,8.46875,12.625,1.75,1.5,3.25,564.125,68.4375,499.5631034482753,228.375
1256,0.7692307692307693,13.923076923076923,0.055248618784530384,10.923076923076923,24.846153846153847,7.076923076923077,6.076923076923077,13.153846153846153,828.3076923076923,106.3076923076923,683.4693999999996,391.9230769230769
1157,0.8620689655172413,3.4827586206896552,0.24752475247524752,8.172413793103448,11.655172413793103,2.206896551724138,0.41379310344827586,2.6206896551724137,663.4137931034483,78.06896551724138,577.8794399999997,229.58620689655172
1269,0.3157894736842105,11.473684210526315,0.027522935779816515,15.736842105263158,27.210526315789473,7.421052631578948,3.736842105263158,11.157894736842104,997.8947368421053,94.63157894736842,1613.4686666666678,557.1578947368421
1173,0.6,5.5,0.10909090909090909,30.7,36.2,4.1,0.8,4.9,735.2,82.1,1023.8496666666639,496.1
1286,0.8148148148148148,5.0,0.16296296296296298,17.62962962962963,22.62962962962963,2.7037037037037037,1.4814814814814814,4.185185185185185,1032.8148148148148,119.92592592592592,767.8209772727267,838.2407407407408
1265,0.7083333333333334,8.208333333333334,0.08629441624365482,10.333333333333334,18.541666666666668,2.7916666666666665,4.708333333333333,7.5,793.9583333333334,79.75,765.7190588235295,325.75
1246,0.7222222222222222,5.055555555555555,0.14285714285714285,21.22222222222222,26.27777777777778,1.7777777777777777,2.5555555555555554,4.333333333333333,1045.1666666666667,115.05555555555556,765.6076153846151,846.6666666666666
1289,0.7906976744186046,4.162790697674419,0.18994413407821228,13.720930232558139,17.88372093023256,1.372093023255814,2.0,3.372093023255814,1217.1860465116279,131.1627906976744,1297.9359411764704,873.6744186046511
1117,0.3333333333333333,13.166666666666666,0.02531645569620253,27.38095238095238,40.54761904761905,8.285714285714286,4.5476190476190474,12.833333333333334,2018.952380952381,233.33333333333334,974.6471428571407,3027.6666666666665
1148,0.8852459016393442,3.9672131147540983,0.2231404958677686,9.754098360655737,13.721311475409836,2.2950819672131146,0.7868852459016393,3.081967213114754,1009.2950819672132,111.04918032786885,369.2159074074069,756.2131147540983
1120,0.8214285714285714,12.107142857142858,0.06784660766961652,14.892857142857142,27.0,7.464285714285714,3.8214285714285716,11.285714285714286,995.9285714285714,116.92857142857143,580.0681304347818,578.9821428571429
1264,0.7058823529411765,4.411764705882353,0.16,10.117647058823529,14.529411764705882,2.0,1.7058823529411764,3.7058823529411766,681.0588235294117,76.23529411764706,681.5326666666664,269.11764705882354
1167,0.8333333333333334,3.4583333333333335,0.24096385542168675,17.083333333333332,20.541666666666668,2.2083333333333335,0.4166666666666667,2.625,577.0416666666666,50.5,634.6447999999993,378.625
1127,0.8793103448275862,7.275862068965517,0.12085308056872038,8.086206896551724,15.362068965517242,3.913793103448276,2.4827586206896552,6.396551724137931,975.3965517241379,126.5,461.8714313725481,553.5172413793103
1149,0.8936170212765957,5.723404255319149,0.15613382899628253,11.808510638297872,17.53191489361702,2.7872340425531914,2.0425531914893615,4.829787234042553,1010.0,120.38297872340425,357.33169047619003,724.0425531914893
1122,0.8666666666666667,4.253333333333333,0.20376175548589343,11.986666666666666,16.24,2.4133333333333336,0.9733333333333334,3.3866666666666667,1215.7733333333333,156.38666666666666,457.3836307692301,746.7866666666666
1208,0.7894736842105263,7.105263157894737,0.1111111111111111,9.68421052631579,16.789473684210527,5.052631578947368,1.263157894736842,6.315789473684211,550.421052631579,60.526315789473685,675.260066666666,198.21052631578948
1093,0.6704545454545454,8.965909090909092,0.07477820025348543,15.113636363636363,24.079545454545453,6.7272727272727275,1.5681818181818181,8.295454545454545,738.4318181818181,92.39772727272727,353.4620508474572,442.95454545454544
1198,0.7777777777777778,7.611111111111111,0.10218978102189781,12.0,19.61111111111111,3.1666666666666665,3.6666666666666665,6.833333333333333,536.8888888888889,65.0,685.9407142857142,282.94444444444446
1252,0.84375,8.34375,0.10112359550561797,11.59375,19.9375,4.15625,3.34375,7.5,1005.125,146.5625,1014.2411481481475,529.0
1126,0.8813559322033898,6.796610169491525,0.12967581047381546,11.627118644067796,18.423728813559322,4.5423728813559325,1.3728813559322033,5.915254237288136,786.2881355932203,102.84745762711864,448.16846153846075,541.5084745762712
1206,1.0,4.052631578947368,0.24675324675324675,5.526315789473684,9.578947368421053,2.473684210526316,0.5789473684210527,3.0526315789473686,437.89473684210526,38.21052631578947,543.3435789473682,158.52631578947367
1110,0.625,5.666666666666667,0.11029411764705882,15.708333333333334,21.375,3.2083333333333335,1.8333333333333333,5.041666666666667,1769.0833333333333,188.79166666666666,1418.9089999999962,1134.125
1146,0.8571428571428571,4.836734693877551,0.17721518987341772,8.755102040816327,13.591836734693878,3.0408163265306123,0.9387755102040817,3.979591836734694,1005.9183673469388,132.0612244897959,393.0779999999983,574.3265306122449
1171,0.75,5.875,0.1276595744680851,10.0,15.875,2.625,2.5,5.125,455.5,51.875,717.5166666666663,169.75
1270,0.18181818181818182,18.454545454545453,0.009852216748768473,16.09090909090909,34.54545454545455,9.181818181818182,9.090909090909092,18.272727272727273,1226.0,111.0909090909091,1804.4904999999972,978.3636363636364
1147,0.8979591836734694,5.3061224489795915,0.16923076923076924,9.408163265306122,14.714285714285714,3.63265306122449,0.7755102040816326,4.408163265306122,822.8367346938776,97.40816326530613,421.06963636363594,580.5714285714286
1125,0.9591836734693877,4.877551020408164,0.19665271966527198,8.510204081632653,13.387755102040817,2.3877551020408165,1.530612244897959,3.9183673469387754,809.795918367347,102.89795918367346,421.32742553191355,427.9795918367347
1302,0.1875,6.4375,0.02912621359223301,8.3125,14.75,2.875,3.375,6.25,1000.4375,117.9375,784.3016666666657,849.125
1029,0.7559055118110236,4.070866141732283,0.18568665377176016,20.37007874015748,24.440944881889763,1.3228346456692914,1.9921259842519685,3.3149606299212597,1578.6535433070867,112.53543307086615,215.29706249999927,449.11811023622045
1027,0.8403361344537815,5.579831932773109,0.15060240963855423,20.168067226890756,25.747899159663866,2.2016806722689077,2.53781512605042,4.739495798319328,1380.5126050420167,104.49579831932773,180.57203,394.47058823529414
1165,0.7058823529411765,7.764705882352941,0.09090909090909091,17.235294117647058,25.0,6.0588235294117645,1.0,7.0588235294117645,618.3529411764706,57.11764705882353,658.6578333333333,402.8235294117647
1305,0.5555555555555556,8.88888888888889,0.0625,10.777777777777779,19.666666666666668,5.388888888888889,2.9444444444444446,8.333333333333334,708.5555555555555,74.66666666666667,961.0649999999999,265.1111111111111
1128,0.0,6.6,0.0,21.4,28.0,4.8,1.8,6.6,1168.4,121.8,,1030.0
1124,0.0,17.75,0.0,18.875,36.625,14.5,3.25,17.75,877.5,87.875,,984.75
1123,0.0,29.5,0.0,31.5,61.0,29.0,0.5,29.5,1614.0,249.5,,1329.0
1505,0.0,23.25,0.0,20.0,43.25,20.25,3.0,23.25,1478.75,187.5,,1560.75
1491,0.9642857142857143,2.5714285714285716,0.375,6.571428571428571,9.142857142857142,0.75,0.8571428571428571,1.6071428571428572,1098.75,62.75,304.108814814812,337.64285714285717
1406,0.8409090909090909,3.25,0.25874125874125875,10.181818181818182,13.431818181818182,1.1818181818181819,1.2272727272727273,2.409090909090909,673.5227272727273,79.20454545454545,686.2114864864864,263.6363636363636
1411,0.8235294117647058,2.1176470588235294,0.3888888888888889,4.470588235294118,6.588235294117647,1.1176470588235294,0.17647058823529413,1.2941176470588236,648.2941176470588,52.411764705882355,170.1379285714282,155.8235294117647
1484,0.65,8.9,0.07303370786516854,20.95,29.85,6.7,1.55,8.25,1778.2,266.25,1026.3843076923067,2330.85
1397,0.6875,4.075,0.1687116564417178,18.6,22.675,2.7,0.6875,3.3875,939.075,98.425,300.378527272727,422.525
1481,0.75,5.666666666666667,0.1323529411764706,15.125,20.791666666666668,3.7083333333333335,1.2083333333333333,4.916666666666667,1380.625,164.875,822.8588888888864,1871.9583333333333
1416,0.75,10.0,0.075,11.0,21.0,8.75,0.5,9.25,666.25,75.25,531.3849999999996,200.0
1495,0.9545454545454546,2.0,0.4772727272727273,5.681818181818182,7.681818181818182,0.2727272727272727,0.7727272727272727,1.0454545454545454,379.54545454545456,28.5,203.13061904761898,176.0
1375,0.25,6.75,0.037037037037037035,27.625,34.375,6.125,0.375,6.5,1079.25,119.875,500.634499999999,963.625
1356,0.8214285714285714,12.25,0.06705539358600583,17.142857142857142,29.392857142857142,5.107142857142857,6.321428571428571,11.428571428571429,1384.75,145.14285714285714,571.6326956521718,723.2857142857143
1501,0.7142857142857143,8.142857142857142,0.08771929824561403,23.142857142857142,31.285714285714285,5.571428571428571,1.8571428571428572,7.428571428571429,1257.7142857142858,109.0,687.2935999999959,972.8571428571429
1403,0.8548387096774194,4.016129032258065,0.21285140562248997,10.935483870967742,14.951612903225806,2.1451612903225805,1.0161290322580645,3.161290322580645,675.1774193548387,77.16129032258064,541.5521698113204,317.9193548387097
1364,0.8867924528301887,3.9056603773584904,0.22705314009661837,14.066037735849056,17.971698113207548,0.6509433962264151,2.3679245283018866,3.018867924528302,845.5566037735849,56.424528301886795,240.32299999999958,401.3018867924528
1483,0.7,13.75,0.05090909090909091,22.95,36.7,9.9,3.15,13.05,2149.75,261.6,842.4022857142835,2811.35
1396,0.8269230769230769,5.371794871794871,0.15393794749403342,15.83974358974359,21.21153846153846,2.032051282051282,2.5128205128205128,4.544871794871795,811.5769230769231,83.0,189.61402325581395,329.6602564102564
1413,0.8571428571428571,9.142857142857142,0.09375,11.857142857142858,21.0,5.0,3.2857142857142856,8.285714285714286,590.0,85.85714285714286,313.70633333333325,193.0
1608,0.71875,3.53125,0.20353982300884957,13.21875,16.75,2.21875,0.59375,2.8125,656.625,88.28125,208.91395652173907,332.03125
1719,0.6,4.6,0.13043478260869565,30.65,35.25,2.15,1.85,4.0,1525.45,217.7,316.50058333333345,1075.65
1504,1.0,3.8,0.2631578947368421,9.0,12.8,2.8,0.0,2.8,910.8,75.0,857.0305999999979,582.4
1650,0.8709677419354839,2.967741935483871,0.29347826086956524,12.591397849462366,15.559139784946236,0.978494623655914,1.118279569892473,2.096774193548387,1103.021505376344,97.01075268817205,369.8517654320985,737.8279569892474
1597,0.8543689320388349,4.262135922330097,0.20045558086560364,14.70873786407767,18.97087378640777,1.6116504854368932,1.796116504854369,3.407766990291262,729.7184466019418,79.49514563106796,285.1614772727271,397.31067961165047
1496,0.8888888888888888,3.388888888888889,0.26229508196721313,10.555555555555555,13.944444444444445,1.8888888888888888,0.6111111111111112,2.5,860.5555555555555,56.666666666666664,175.73587499999994,383.22222222222223
1712,0.5,4.875,0.10256410256410256,15.75,20.625,2.125,2.25,4.375,870.625,113.0,554.1402499999992,411.125
1400,0.7241379310344828,6.275862068965517,0.11538461538461539,12.275862068965518,18.551724137931036,4.620689655172414,0.9310344827586207,5.551724137931035,826.8793103448276,82.13793103448276,766.8067142857135,396.6034482758621
1540,0.576271186440678,4.677966101694915,0.12318840579710146,25.661016949152543,30.338983050847457,3.542372881355932,0.559322033898305,4.101694915254237,855.542372881356,101.69491525423729,571.5289705882342,593.9322033898305
1351,0.68,4.92,0.13821138211382114,23.04,27.96,3.32,0.92,4.24,973.44,114.84,398.070588235293,596.68
1621,0.6,3.7818181818181817,0.15865384615384615,19.10909090909091,22.89090909090909,0.9272727272727272,2.2545454545454544,3.1818181818181817,1390.290909090909,180.01818181818183,965.4367272727262,1114.7272727272727
1384,1.0,1.8333333333333333,0.5454545454545454,11.333333333333334,13.166666666666666,0.8333333333333334,0.0,0.8333333333333334,826.3333333333334,68.0,620.3696666666656,476.5
1372,0.7105263157894737,2.9473684210526314,0.24107142857142858,13.394736842105264,16.342105263157894,1.0263157894736843,1.2105263157894737,2.236842105263158,1093.9473684210527,165.8684210526316,755.4887037037022,613.6315789473684
1736,0.7857142857142857,3.4642857142857144,0.2268041237113402,16.785714285714285,20.25,1.9285714285714286,0.75,2.6785714285714284,2562.4285714285716,162.5,252.75868181818007,526.25
1660,0.6666666666666666,1.0,0.6666666666666666,14.0,15.0,0.0,0.3333333333333333,0.3333333333333333,1211.3333333333333,176.66666666666666,141.606,1469.6666666666667
1530,0.6585365853658537,3.3658536585365852,0.1956521739130435,17.975609756097562,21.341463414634145,1.6585365853658536,1.048780487804878,2.707317073170732,941.560975609756,117.48780487804878,478.30948148148116,596.0
1395,0.7528089887640449,5.820224719101123,0.12934362934362933,22.269662921348313,28.089887640449437,3.842696629213483,1.2247191011235956,5.067415730337078,1150.112359550562,99.25842696629213,280.9069402985069,427.1573033707865
1727,0.6714285714285714,5.428571428571429,0.12368421052631579,20.014285714285716,25.442857142857143,1.8285714285714285,2.9285714285714284,4.757142857142857,900.6857142857143,124.72857142857143,119.72034042553186,834.1714285714286
1543,0.75,4.0,0.1875,9.75,13.75,2.0,1.25,3.25,608.0,67.25,850.4366666666659,374.5
1645,0.7714285714285715,3.552380952380952,0.21715817694369974,22.057142857142857,25.60952380952381,1.1904761904761905,1.5904761904761904,2.780952380952381,1453.1333333333334,107.37142857142857,495.53050617284146,614.8761904761905
1350,0.7931034482758621,7.206896551724138,0.11004784688995216,14.0,21.20689655172414,4.517241379310345,1.896551724137931,6.413793103448276,814.448275862069,96.55172413793103,446.61882608695606,477.9655172413793
1373,0.75,3.5,0.21428571428571427,8.25,11.75,1.25,1.5,2.75,783.0,75.25,856.6079999999982,306.0
1376,0.7272727272727273,4.7272727272727275,0.15384615384615385,21.272727272727273,26.0,3.090909090909091,0.9090909090909091,4.0,1351.090909090909,202.1818181818182,572.5978749999999,757.9090909090909
1359,0.6666666666666666,2.7916666666666665,0.23880597014925373,7.333333333333333,10.125,1.2916666666666667,0.8333333333333334,2.125,440.3333333333333,47.791666666666664,332.9119999999999,284.25
1366,0.8785046728971962,3.7850467289719627,0.23209876543209876,14.757009345794392,18.542056074766354,0.8691588785046729,2.0373831775700935,2.9065420560747666,1112.9906542056074,80.92523364485982,308.03506382978696,473.5981308411215
1409,0.7758620689655172,3.3448275862068964,0.23195876288659795,9.39655172413793,12.741379310344827,1.4137931034482758,1.1551724137931034,2.5689655172413794,719.0689655172414,76.89655172413794,686.7317999999996,409.82758620689657
1535,0.7164179104477612,5.343283582089552,0.1340782122905028,21.417910447761194,26.761194029850746,3.1641791044776117,1.462686567164179,4.626865671641791,660.179104477612,71.65671641791045,309.29537499999986,441.55223880597015
1603,0.7647058823529411,3.450980392156863,0.2215909090909091,10.509803921568627,13.96078431372549,1.9019607843137254,0.7843137254901961,2.6862745098039214,477.078431372549,60.549019607843135,326.6758461538461,496.6078431372549
1497,0.36363636363636365,13.090909090909092,0.027777777777777776,18.363636363636363,31.454545454545453,9.909090909090908,2.8181818181818183,12.727272727272727,1013.4545454545455,125.27272727272727,0.0,1304.090909090909
1371,0.75,3.0384615384615383,0.2468354430379747,14.076923076923077,17.115384615384617,0.8653846153846154,1.4230769230769231,2.2884615384615383,880.3076923076923,127.15384615384616,647.0176153846147,516.6538461538462
1646,0.8916666666666667,4.05,0.22016460905349794,21.158333333333335,25.208333333333332,1.4583333333333333,1.7,3.158333333333333,1716.25,118.71666666666667,455.11430841121506,612.9916666666667
1529,0.6571428571428571,9.685714285714285,0.06784660766961652,17.4,27.085714285714285,7.085714285714285,1.9428571428571428,9.028571428571428,972.6285714285714,120.54285714285714,528.7478260869558,521.6
1545,0.75,7.25,0.10344827586206896,24.25,31.5,4.0,2.5,6.5,1424.0,129.75,1271.914999999998,1210.75
1410,0.95,2.35,0.40425531914893614,10.55,12.9,0.55,0.85,1.4,456.1,56.45,350.2178421052624,186.1
1482,0.85,3.85,0.22077922077922077,13.05,16.9,2.5,0.5,3.0,1444.85,138.85,553.4771764705873,969.5
1596,0.7922077922077922,6.454545454545454,0.1227364185110664,24.38961038961039,30.844155844155843,4.4935064935064934,1.1688311688311688,5.662337662337662,1184.3896103896104,143.16883116883116,213.29903278688514,782.7532467532468
1391,0.9021739130434783,2.858695652173913,0.3155893536121673,7.978260869565218,10.83695652173913,1.5434782608695652,0.41304347826086957,1.9565217391304348,401.69565217391306,42.78260869565217,130.82872289156617,179.18478260869566
1417,0.7368421052631579,4.7368421052631575,0.15555555555555556,13.157894736842104,17.894736842105264,2.789473684210526,1.2105263157894737,4.0,638.578947368421,72.0,143.97957142857132,216.10526315789474
1541,0.2857142857142857,12.142857142857142,0.023529411764705882,20.857142857142858,33.0,4.142857142857143,7.714285714285714,11.857142857142858,1041.4285714285713,133.57142857142858,1287.5205,871.4285714285714
1537,0.6842105263157895,4.491228070175438,0.15234375,27.36842105263158,31.859649122807017,0.9824561403508771,2.824561403508772,3.807017543859649,763.7894736842105,79.78947368421052,461.7586666666664,596.3333333333334
1487,0.8235294117647058,11.705882352941176,0.07035175879396985,17.647058823529413,29.352941176470587,10.529411764705882,0.35294117647058826,10.882352941176471,1616.6470588235295,159.64705882352942,832.4626428571438,1957.9411764705883
1405,0.8292682926829268,3.707317073170732,0.2236842105263158,7.658536585365853,11.365853658536585,2.4146341463414633,0.4634146341463415,2.8780487804878048,534.1463414634146,58.58536585365854,473.1041176470587,228.5121951219512
1523,0.8095238095238095,7.5476190476190474,0.10725552050473186,20.833333333333332,28.38095238095238,6.0,0.7380952380952381,6.738095238095238,875.5952380952381,113.21428571428571,905.7052647058821,499.3333333333333
1506,0.7142857142857143,10.428571428571429,0.0684931506849315,18.571428571428573,29.0,7.571428571428571,2.142857142857143,9.714285714285714,1512.0,158.42857142857142,1224.3853999999974,1565.0
1494,0.8235294117647058,3.588235294117647,0.22950819672131148,12.411764705882353,16.0,1.9411764705882353,0.8235294117647058,2.764705882352941,1482.3529411764705,84.58823529411765,353.3226428571382,835.7647058823529
1657,0.8314606741573034,3.044943820224719,0.2730627306273063,10.03370786516854,13.07865168539326,1.202247191011236,1.0112359550561798,2.2134831460674156,987.4044943820224,99.24719101123596,507.0656891891887,484.9887640449438
1418,0.7272727272727273,6.5,0.11188811188811189,10.181818181818182,16.681818181818183,4.363636363636363,1.4090909090909092,5.7727272727272725,1042.5,76.31818181818181,627.3973750000017,285.22727272727275
1488,0.7916666666666666,4.791666666666667,0.16521739130434782,15.958333333333334,20.75,2.5833333333333335,1.4166666666666667,4.0,2017.8333333333333,140.83333333333334,152.21957894736786,714.125
1528,0.7105263157894737,8.526315789473685,0.08333333333333333,17.07894736842105,25.605263157894736,7.315789473684211,0.5,7.815789473684211,793.8947368421053,103.84210526315789,649.5769999999998,336.9736842105263
1726,0.6666666666666666,4.904761904761905,0.13592233009708737,20.642857142857142,25.547619047619047,2.261904761904762,1.9761904761904763,4.238095238095238,836.2857142857143,118.4047619047619,164.07317857142843,785.7619047619048
1361,0.7169811320754716,3.509433962264151,0.20430107526881722,19.0,22.50943396226415,0.8301886792452831,1.9622641509433962,2.792452830188679,1063.811320754717,121.67924528301887,781.5559473684207,812.9811320754717
1622,0.8863636363636364,2.272727272727273,0.39,6.795454545454546,9.068181818181818,0.6363636363636364,0.75,1.3863636363636365,598.6363636363636,65.86363636363636,677.03282051282,220.70454545454547
1594,0.8111111111111111,4.155555555555556,0.19518716577540107,16.055555555555557,20.211111111111112,2.188888888888889,1.1555555555555554,3.3444444444444446,612.9888888888889,86.5111111111111,212.68178082191758,407.4555555555556
1710,0.9245283018867925,3.9245283018867925,0.23557692307692307,12.924528301886792,16.849056603773583,1.2264150943396226,1.7735849056603774,3.0,628.8867924528302,81.32075471698113,287.9495510204081,489.60377358490564
1649,0.8688524590163934,3.237704918032787,0.2683544303797468,12.565573770491802,15.80327868852459,1.1557377049180328,1.2131147540983607,2.3688524590163933,1141.688524590164,105.59836065573771,531.8209811320743,687.2868852459017
1640,0.7722772277227723,2.782178217821782,0.2775800711743772,21.792079207920793,24.574257425742573,1.188118811881188,0.8217821782178217,2.00990099009901,1714.0,134.75247524752476,399.2857307692313,657.1782178217821
1402,0.875,2.6964285714285716,0.32450331125827814,9.339285714285714,12.035714285714286,1.2321428571428572,0.5892857142857143,1.8214285714285714,598.6964285714286,73.28571428571429,477.29206122448966,251.66071428571428
1546,0.3333333333333333,7.166666666666667,0.046511627906976744,21.833333333333332,29.0,4.5,2.3333333333333335,6.833333333333333,1114.8333333333333,120.66666666666667,399.2354999999997,1496.5
1735,0.7096774193548387,5.419354838709677,0.13095238095238096,28.677419354838708,34.096774193548384,3.838709677419355,0.8709677419354839,4.709677419354839,2035.3225806451612,158.93548387096774,655.0849999999962,732.9354838709677
1360,0.7692307692307693,4.0,0.19230769230769232,15.0,19.0,0.5384615384615384,2.6923076923076925,3.230769230769231,644.3076923076923,83.61538461538461,253.64779999999877,377.7692307692308
1401,0.8070175438596491,6.508771929824562,0.12398921832884097,12.912280701754385,19.42105263157895,4.666666666666667,1.0350877192982457,5.701754385964913,808.9298245614035,101.80701754385964,610.1686086956519,398.5438596491228
1525,0.6666666666666666,5.833333333333333,0.11428571428571428,16.805555555555557,22.63888888888889,5.111111111111111,0.05555555555555555,5.166666666666667,629.9722222222222,82.5,544.9023750000002,322.55555555555554
1499,0.75,3.875,0.1935483870967742,10.625,14.5,2.0,1.125,3.125,1187.375,132.125,1141.9781666666647,543.125
1362,0.9148936170212766,1.9574468085106382,0.4673913043478261,7.702127659574468,9.659574468085106,0.425531914893617,0.6170212765957447,1.0425531914893618,467.5531914893617,52.46808510638298,477.47372093023245,220.4468085106383
1408,0.875,2.5714285714285716,0.3402777777777778,7.357142857142857,9.928571428571429,1.1964285714285714,0.5,1.6964285714285714,629.9107142857143,73.17857142857143,431.57275510204045,235.83928571428572
1620,0.8857142857142857,2.238095238095238,0.39574468085106385,8.066666666666666,10.304761904761905,0.780952380952381,0.5714285714285714,1.3523809523809525,526.9809523809524,57.79047619047619,458.4955053763441,330.8
1549,0.7777777777777778,15.222222222222221,0.051094890510948905,14.777777777777779,30.0,5.0,9.444444444444445,14.444444444444445,815.1111111111111,98.33333333333333,852.6370000000014,772.4444444444445
1639,0.8620689655172413,2.9195402298850577,0.2952755905511811,20.7816091954023,23.701149425287355,1.1494252873563218,0.9080459770114943,2.057471264367816,1326.2528735632184,110.17241379310344,424.3196800000009,688.5172413793103
1602,0.8266666666666667,3.8933333333333335,0.21232876712328766,13.146666666666667,17.04,2.0533333333333332,1.0133333333333334,3.066666666666667,546.8266666666667,61.4,233.39854838709644,223.73333333333332
1721,0.75,4.916666666666667,0.15254237288135594,18.791666666666668,23.708333333333332,1.6666666666666667,2.5,4.166666666666667,783.625,109.75,185.5277777777777,677.125
1730,0.84,4.8,0.175,19.92,24.72,2.36,1.6,3.96,1940.88,131.24,745.5610476190521,615.6
1616,0.4358974358974359,4.846153846153846,0.08994708994708994,15.461538461538462,20.307692307692307,1.8974358974358974,2.5128205128205128,4.410256410256411,1091.3076923076924,127.6923076923077,909.8158235294114,1193.076923076923
1604,0.6470588235294118,3.676470588235294,0.176,11.088235294117647,14.764705882352942,2.5,0.5294117647058824,3.0294117647058822,529.7647058823529,56.970588235294116,102.06245454545446,433.29411764705884
1381,0.8571428571428571,4.0,0.21428571428571427,21.857142857142858,25.857142857142858,2.857142857142857,0.2857142857142857,3.142857142857143,1172.142857142857,132.42857142857142,982.0661666666633,559.4285714285714
1738,0.8148148148148148,5.148148148148148,0.15827338129496402,17.37037037037037,22.51851851851852,2.962962962962963,1.3703703703703705,4.333333333333333,1739.4074074074074,133.22222222222223,729.9393636363625,492.48148148148147
1367,0.5833333333333334,4.583333333333333,0.12727272727272726,17.520833333333332,22.104166666666668,3.0,1.0,4.0,1081.2291666666667,157.45833333333334,879.6577499999988,720.6875
1651,0.7752808988764045,2.8876404494382024,0.26848249027237353,14.651685393258427,17.53932584269663,0.8202247191011236,1.2921348314606742,2.1123595505617976,1389.4606741573034,115.8314606741573,375.3526811594199,854.6516853932584
1613,0.6176470588235294,5.264705882352941,0.11731843575418995,13.941176470588236,19.205882352941178,2.088235294117647,2.5588235294117645,4.647058823529412,1095.7941176470588,137.35294117647058,554.8474285714271,960.9411764705883
1493,0.7692307692307693,9.846153846153847,0.078125,25.692307692307693,35.53846153846154,8.384615384615385,0.6923076923076923,9.076923076923077,1384.2307692307693,130.23076923076923,169.05309999999923,860.9230769230769
1664,0.6,3.6,0.16666666666666666,22.2,25.8,1.8,1.2,3.0,1144.2,115.0,683.7969999999959,630.2
1414,0.8,2.6,0.3076923076923077,24.8,27.4,1.8,0.0,1.8,267.4,31.8,272.33425,91.6
1737,0.8095238095238095,5.333333333333333,0.15178571428571427,17.61904761904762,22.952380952380953,3.380952380952381,1.1428571428571428,4.523809523809524,1984.1904761904761,118.42857142857143,518.5121764705864,593.4761904761905
1382,1.0,1.3333333333333333,0.75,16.333333333333332,17.666666666666668,0.3333333333333333,0.0,0.3333333333333333,1436.0,124.33333333333333,1059.0733333333312,961.0
1611,0.7096774193548387,2.870967741935484,0.24719101123595505,21.193548387096776,24.06451612903226,1.5806451612903225,0.5806451612903226,2.161290322580645,901.8387096774194,120.90322580645162,257.5588636363637,974.2903225806451
1354,0.7142857142857143,2.7857142857142856,0.2564102564102564,12.142857142857142,14.928571428571429,1.0,1.0714285714285714,2.0714285714285716,590.1071428571429,64.25,202.19655,268.82142857142856
1539,0.7551020408163265,3.816326530612245,0.19786096256684493,17.653061224489797,21.46938775510204,2.061224489795918,1.0,3.061224489795918,567.1632653061224,58.08163265306123,601.5481081081078,330.55102040816325
1598,0.816,5.984,0.13636363636363635,20.104,26.088,3.4,1.768,5.168,922.976,96.688,167.38632352941133,657.784
1480,0.9473684210526315,6.368421052631579,0.1487603305785124,24.68421052631579,31.05263157894737,4.2105263157894735,1.2105263157894737,5.421052631578948,1831.6842105263158,212.8421052631579,805.2191666666661,2524.4210526315787
1593,0.6027397260273972,7.6438356164383565,0.07885304659498207,32.54794520547945,40.19178082191781,5.273972602739726,1.7671232876712328,7.041095890410959,1384.7671232876712,182.78082191780823,382.5645454545454,966.0410958904109
1393,0.8928571428571429,3.6964285714285716,0.24154589371980675,7.9375,11.633928571428571,2.0625,0.7410714285714286,2.8035714285714284,526.1785714285714,45.75,127.90462999999988,172.23214285714286
1368,0.5161290322580645,3.3870967741935485,0.1523809523809524,14.03225806451613,17.419354838709676,1.4516129032258065,1.4193548387096775,2.870967741935484,892.5806451612904,125.87096774193549,844.3864999999995,468.0967741935484
1536,0.5740740740740741,5.981481481481482,0.09597523219814241,28.833333333333332,34.81481481481482,4.518518518518518,0.8888888888888888,5.407407407407407,727.3148148148148,86.48148148148148,574.621709677419,568.0
1486,0.8571428571428571,4.285714285714286,0.2,21.80952380952381,26.095238095238095,2.761904761904762,0.6666666666666666,3.4285714285714284,1553.7619047619048,188.1904761904762,617.1478333333313,1664.952380952381
1394,0.8137254901960784,7.098039215686274,0.11464088397790055,17.225490196078432,24.323529411764707,5.2745098039215685,1.0098039215686274,6.284313725490196,1030.8529411764705,100.93137254901961,233.1011445783128,417.97058823529414
1615,0.5333333333333333,6.088888888888889,0.08759124087591241,18.0,24.08888888888889,3.933333333333333,1.6222222222222222,5.555555555555555,1470.4222222222222,164.11111111111111,1057.359625,1361.4222222222222
1716,0.8913043478260869,4.173913043478261,0.21354166666666666,8.021739130434783,12.195652173913043,2.608695652173913,0.6739130434782609,3.282608695652174,471.30434782608694,54.95652173913044,141.0837804878048,359.32608695652175
1374,0.75,6.5,0.11538461538461539,12.25,18.75,5.5,0.25,5.75,1277.25,137.0,1321.5223333333295,843.75
1500,0.5,11.875,0.042105263157894736,19.75,31.625,9.125,2.25,11.375,1753.25,201.75,1219.72075,1666.625
1612,0.0,8.666666666666666,0.0,14.0,22.666666666666668,3.0,5.666666666666667,8.666666666666666,736.3333333333334,112.0,,400.3333333333333
1390,0.9347826086956522,3.63768115942029,0.25697211155378485,10.166666666666666,13.804347826086957,1.3043478260869565,1.3985507246376812,2.7028985507246377,528.7028985507246,42.68840579710145,133.9685426356584,262.5072463768116
1647,0.808695652173913,5.008695652173913,0.16145833333333334,20.05217391304348,25.06086956521739,2.1478260869565218,2.0521739130434784,4.2,1658.817391304348,117.47826086956522,355.1103333333339,587.991304347826
1370,0.8409090909090909,1.9090909090909092,0.44047619047619047,6.7272727272727275,8.636363636363637,0.4772727272727273,0.5909090909090909,1.0681818181818181,562.0227272727273,60.45454545454545,547.1098108108105,249.04545454545453
1669,0.0,3.0,0.0,20.0,23.0,3.0,0.0,3.0,547.0,101.0,,250.0
1709,0.7674418604651163,4.674418604651163,0.16417910447761194,16.302325581395348,20.976744186046513,1.813953488372093,2.0930232558139537,3.9069767441860463,810.3953488372093,95.16279069767442,488.1849090909086,547.0930232558139
1502,1.0,14.0,0.07142857142857142,14.0,28.0,13.0,0.0,13.0,1011.0,95.0,1292.790999999997,575.0
1731,0.8620689655172413,5.517241379310345,0.15625,20.344827586206897,25.862068965517242,2.8620689655172415,1.793103448275862,4.655172413793103,2107.655172413793,132.79310344827587,769.5294800000041,695.5172413793103
1521,0.46875,3.875,0.12096774193548387,17.28125,21.15625,2.34375,1.0625,3.40625,866.8125,108.9375,730.107533333333,344.0
1533,0.6222222222222222,5.6,0.1111111111111111,22.355555555555554,27.955555555555556,4.2444444444444445,0.7333333333333333,4.977777777777778,679.3777777777777,73.24444444444444,544.8169642857139,462.4888888888889
1614,0.6382978723404256,4.23404255319149,0.1507537688442211,15.829787234042554,20.06382978723404,1.6595744680851063,1.9361702127659575,3.595744680851064,1370.0425531914893,157.06382978723406,1179.1402999999996,1163.9148936170213
1600,0.8679245283018868,5.10377358490566,0.17005545286506468,18.830188679245282,23.933962264150942,2.30188679245283,1.9339622641509433,4.235849056603773,1140.2075471698113,94.56603773584905,235.4967282608684,567.1132075471698
1617,0.5882352941176471,6.0588235294117645,0.0970873786407767,12.617647058823529,18.676470588235293,1.9411764705882353,3.5294117647058822,5.470588235294118,1109.4705882352941,136.14705882352942,833.9189499999993,803.8529411764706
1353,0.7142857142857143,3.4285714285714284,0.20833333333333334,8.785714285714286,12.214285714285714,1.7142857142857142,1.0,2.7142857142857144,644.0,78.0,409.3019999999989,318.92857142857144
1492,0.8823529411764706,2.4705882352941178,0.35714285714285715,10.0,12.470588235294118,0.6470588235294118,0.9411764705882353,1.588235294117647,1342.0588235294117,115.94117647058823,547.0960000000172,882.2941176470588
1379,0.75,3.7083333333333335,0.20224719101123595,10.583333333333334,14.291666666666666,2.3333333333333335,0.625,2.9583333333333335,633.625,74.29166666666667,316.5811111111108,273.0416666666667
1666,0.6666666666666666,2.6666666666666665,0.25,24.666666666666668,27.333333333333332,1.6666666666666667,0.3333333333333333,2.0,886.0,85.66666666666667,1628.387499999999,1289.6666666666667
1732,0.75,4.95,0.15151515151515152,16.35,21.3,2.05,2.15,4.2,1959.75,100.95,758.5461333333346,708.65
1724,0.76,2.32,0.3275862068965517,14.32,16.64,0.92,0.64,1.56,605.92,82.96,368.8335789473685,421.0
1498,0.5,9.0,0.05555555555555555,15.5,24.5,6.5,2.0,8.5,956.5,95.0,954.7789999999992,682.0
1601,0.8375,5.8625,0.14285714285714285,15.325,21.1875,2.3625,2.6625,5.025,783.8,87.8,402.72992537313314,332.7375
1355,0.9,2.85,0.3157894736842105,6.6,9.45,1.35,0.6,1.95,491.5,53.2,444.95049999999924,280.0
1722,0.6086956521739131,3.0869565217391304,0.19718309859154928,14.434782608695652,17.52173913043478,1.4782608695652173,1.0,2.4782608695652173,637.5217391304348,78.26086956521739,334.65871428571427,580.0
1407,0.6964285714285714,9.589285714285714,0.07262569832402235,15.035714285714286,24.625,8.160714285714286,0.7321428571428571,8.892857142857142,1014.8392857142857,118.25,916.5628974358962,437.05357142857144
1714,0.8409090909090909,3.3863636363636362,0.2483221476510067,17.613636363636363,21.0,1.3409090909090908,1.2045454545454546,2.5454545454545454,697.3181818181819,99.61363636363636,245.4432162162162,535.0454545454545
1656,0.8901098901098901,3.89010989010989,0.2288135593220339,13.241758241758241,17.13186813186813,1.4175824175824177,1.5824175824175823,3.0,1130.1538461538462,95.84615384615384,464.1219259259248,711.4945054945055
1643,0.8367346938775511,4.153061224489796,0.20147420147420148,21.20408163265306,25.357142857142858,1.1428571428571428,2.173469387755102,3.316326530612245,1459.938775510204,104.89795918367346,351.5354268292675,611.8163265306123
1399,0.7313432835820896,4.985074626865671,0.1467065868263473,18.55223880597015,23.53731343283582,3.3582089552238807,0.8955223880597015,4.253731343283582,1045.7910447761194,146.32835820895522,485.0803469387751,744.8805970149253
1717,0.8409090909090909,2.9318181818181817,0.2868217054263566,10.363636363636363,13.295454545454545,1.4545454545454546,0.6363636363636364,2.090909090909091,439.75,47.04545454545455,204.63586486486446,376.52272727272725
1398,0.859504132231405,4.231404958677686,0.203125,14.933884297520661,19.165289256198346,2.4214876033057853,0.9504132231404959,3.371900826446281,845.9256198347107,81.62809917355372,261.57147115384566,319.6528925619835
1725,0.7368421052631579,2.973684210526316,0.24778761061946902,11.078947368421053,14.052631578947368,0.7368421052631579,1.5,2.236842105263158,425.2631578947368,54.89473684210526,150.01575000000008,368.05263157894734
1654,0.8857142857142857,3.9904761904761905,0.22195704057279236,12.676190476190476,16.666666666666668,1.7904761904761906,1.3142857142857143,3.104761904761905,1165.8380952380953,118.20952380952382,437.6494301075263,745.8571428571429
1522,0.6571428571428571,3.7142857142857144,0.17692307692307693,15.485714285714286,19.2,2.7714285714285714,0.2857142857142857,3.057142857142857,789.4,95.14285714285714,650.4413913043473,307.85714285714283
1404,0.9090909090909091,3.022727272727273,0.3007518796992481,7.75,10.772727272727273,1.3636363636363635,0.75,2.1136363636363638,634.9545454545455,62.95454545454545,618.6227749999995,307.95454545454544
1606,0.46875,4.4375,0.1056338028169014,20.375,24.8125,2.90625,1.0625,3.96875,805.875,114.3125,670.1496666666645,783.40625
1531,0.5833333333333334,5.527777777777778,0.10552763819095477,31.98611111111111,37.513888888888886,4.152777777777778,0.7916666666666666,4.944444444444445,894.1388888888889,110.0,483.68838095238027,768.4861111111111
1642,0.8108108108108109,3.902702702702703,0.2077562326869806,17.054054054054053,20.956756756756757,1.5135135135135136,1.5783783783783785,3.091891891891892,1426.372972972973,99.11891891891892,447.070713333335,458.4108108108108
1380,0.7894736842105263,3.0526315789473686,0.25862068965517243,10.157894736842104,13.210526315789474,2.210526315789474,0.05263157894736842,2.263157894736842,1075.0,83.10526315789474,282.31053333333296,326.1578947368421
1365,0.8282828282828283,2.797979797979798,0.296028880866426,12.252525252525253,15.05050505050505,0.9292929292929293,1.0404040404040404,1.9696969696969697,1057.5252525252524,69.4949494949495,316.29947560975467,371.74747474747477
1655,0.8557692307692307,2.326923076923077,0.3677685950413223,11.701923076923077,14.028846153846153,0.7884615384615384,0.6826923076923077,1.4711538461538463,1001.0096153846154,94.3173076923077,427.396808988763,683.8076923076923
1599,0.8344827586206897,2.910344827586207,0.28672985781990523,15.993103448275862,18.90344827586207,0.8896551724137931,1.186206896551724,2.075862068965517,909.248275862069,86.93103448275862,226.12740495867766,460.64827586206894
1661,0.0,2.0,0.0,7.0,9.0,2.0,0.0,2.0,510.0,55.0,,199.0
1392,0.8802816901408451,3.8943661971830985,0.22603978300180833,10.084507042253522,13.97887323943662,1.3943661971830985,1.619718309859155,3.0140845070422535,762.2394366197183,69.28873239436619,224.16483199999988,228.96478873239437
1485,0.8666666666666667,3.6,0.24074074074074073,14.933333333333334,18.533333333333335,2.4,0.3333333333333333,2.7333333333333334,1158.7333333333333,119.26666666666667,698.7203076923064,1098.6666666666667
1648,0.7941176470588235,4.421568627450981,0.17960088691796008,24.147058823529413,28.568627450980394,2.235294117647059,1.392156862745098,3.627450980392157,1469.9901960784314,118.7843137254902,397.9756049382712,713.1764705882352
1652,0.8588235294117647,2.8117647058823527,0.3054393305439331,11.623529411764705,14.435294117647059,1.1176470588235294,0.8352941176470589,1.9529411764705882,924.4,81.17647058823529,424.6062465753417,671.5294117647059
1503,0.7142857142857143,4.857142857142857,0.14705882352941177,9.714285714285714,14.571428571428571,2.5714285714285716,1.5714285714285714,4.142857142857143,1144.5714285714287,91.57142857142857,672.7771999999998,469.42857142857144
1524,0.675,4.65,0.14516129032258066,14.625,19.275,3.1,0.875,3.975,672.2,88.575,598.0540370370368,313.825
1607,0.53125,5.875,0.09042553191489362,21.46875,27.34375,2.53125,2.8125,5.34375,821.53125,102.9375,476.8331764705877,693.15625
1369,0.6888888888888889,4.177777777777778,0.16489361702127658,17.177777777777777,21.355555555555554,0.9333333333333333,2.5555555555555554,3.488888888888889,1038.2444444444445,146.84444444444443,863.6849677419355,692.6888888888889
1352,0.7777777777777778,3.2222222222222223,0.2413793103448276,11.444444444444445,14.666666666666666,1.7777777777777777,0.6666666666666666,2.4444444444444446,715.6666666666666,95.33333333333333,869.5492857142845,363.0
1653,0.9081632653061225,3.5918367346938775,0.2528409090909091,12.010204081632653,15.60204081632653,1.1020408163265305,1.5816326530612246,2.683673469387755,1152.4897959183672,101.90816326530613,431.01796629213504,634.3571428571429
1550,0.0,10.9,0.0,25.6,36.5,8.8,2.1,10.9,913.0,106.0,,1140.2
1526,0.8888888888888888,2.861111111111111,0.3106796116504854,15.777777777777779,18.63888888888889,1.7777777777777777,0.19444444444444445,1.9722222222222223,672.5555555555555,92.47222222222223,726.5004687499994,299.3611111111111
1610,0.9230769230769231,1.8846153846153846,0.4897959183673469,9.5,11.384615384615385,0.3076923076923077,0.6538461538461539,0.9615384615384616,334.7307692307692,55.96153846153846,88.76370833333334,259.11538461538464
1489,1.0,1.5,0.6666666666666666,4.541666666666667,6.041666666666667,0.3333333333333333,0.16666666666666666,0.5,604.6666666666666,44.125,107.2501666666666,159.125
1609,0.3448275862068966,6.0,0.05747126436781609,27.551724137931036,33.55172413793103,3.7586206896551726,1.896551724137931,5.655172413793103,1333.7241379310344,179.89655172413794,660.3651000000007,988.8275862068965
1349,0.6956521739130435,4.739130434782608,0.14678899082568808,23.217391304347824,27.956521739130434,3.1739130434782608,0.8695652173913043,4.043478260869565,933.0869565217391,91.26086956521739,493.71856249999854,548.0869565217391
1644,0.6638655462184874,4.4789915966386555,0.14821763602251406,25.0,29.478991596638654,2.2857142857142856,1.5294117647058822,3.8151260504201683,1757.2773109243697,157.19327731092437,404.999544303797,776.1512605042017
1479,0.5882352941176471,15.882352941176471,0.037037037037037035,26.235294117647058,42.11764705882353,11.411764705882353,3.8823529411764706,15.294117647058824,2061.3529411764707,220.05882352941177,667.4479999999969,2362.470588235294
1527,0.75,6.0,0.125,16.5,22.5,4.46875,0.78125,5.25,808.625,97.125,858.3583333333332,371.40625
1544,0.3,20.7,0.014492753623188406,25.3,46.0,14.6,5.8,20.4,1080.4,112.5,1058.9376666666658,947.9
1728,0.4666666666666667,11.777777777777779,0.03962264150943396,21.8,33.577777777777776,8.222222222222221,3.088888888888889,11.311111111111112,1343.3111111111111,230.04444444444445,508.7649523809522,970.7111111111111
1507,0.25,4.75,0.05263157894736842,9.75,14.5,3.5,1.0,4.5,917.75,109.75,970.0779999999996,151.5
1538,0.5333333333333333,2.7333333333333334,0.1951219512195122,22.42222222222222,25.155555555555555,1.7333333333333334,0.4666666666666667,2.2,777.1111111111111,87.17777777777778,531.9192916666666,444.64444444444445
1641,0.6982758620689655,2.939655172413793,0.2375366568914956,21.612068965517242,24.551724137931036,1.3362068965517242,0.9051724137931034,2.2413793103448274,1968.6293103448277,142.29310344827587,464.24255555555425,643.2586206896551
1670,0.6666666666666666,3.3333333333333335,0.2,19.0,22.333333333333332,2.3333333333333335,0.3333333333333333,2.6666666666666665,1288.6666666666667,125.0,883.0639999999993,894.0
1713,0.75,3.4318181818181817,0.2185430463576159,16.136363636363637,19.568181818181817,1.4772727272727273,1.2045454545454546,2.6818181818181817,571.3181818181819,73.68181818181819,365.2357878787875,508.72727272727275
1378,0.8333333333333334,7.666666666666667,0.10869565217391304,11.0,18.666666666666668,6.333333333333333,0.5,6.833333333333333,1008.1666666666666,96.16666666666667,684.775599999998,367.5
1532,0.6833333333333333,2.8,0.24404761904761904,22.966666666666665,25.766666666666666,1.7,0.4166666666666667,2.1166666666666667,597.4833333333333,68.35,239.83970731707322,521.2666666666667
1733,0.6521739130434783,4.391304347826087,0.1485148514851485,9.565217391304348,13.956521739130435,1.173913043478261,2.5652173913043477,3.739130434782609,1350.8260869565217,72.78260869565217,599.3283999999996,328.5217391304348
1729,0.8947368421052632,2.736842105263158,0.3269230769230769,12.157894736842104,14.894736842105264,1.0526315789473684,0.7894736842105263,1.8421052631578947,1760.1052631578948,130.42105263157896,918.9904117647011,581.7368421052631
1478,0.7142857142857143,4.285714285714286,0.16666666666666666,12.142857142857142,16.428571428571427,2.5714285714285716,1.0,3.5714285714285716,1157.357142857143,131.07142857142858,812.8158,1138.5
1377,0.5,2.6666666666666665,0.1875,17.666666666666668,20.333333333333332,2.0,0.16666666666666666,2.1666666666666665,1593.0,167.83333333333334,1013.0306666666651,638.0
1547,0.5714285714285714,4.571428571428571,0.125,21.571428571428573,26.142857142857142,0.7142857142857143,3.2857142857142856,4.0,839.7142857142857,89.14285714285714,853.5547499999994,643.5714285714286
1723,0.7352941176470589,4.823529411764706,0.1524390243902439,15.294117647058824,20.11764705882353,1.7647058823529411,2.323529411764706,4.088235294117647,776.0294117647059,118.44117647058823,291.3495199999997,643.3823529411765
1534,0.7307692307692307,2.9423076923076925,0.24836601307189543,24.096153846153847,27.03846153846154,1.4807692307692308,0.7307692307692307,2.2115384615384617,691.8461538461538,78.40384615384616,366.73102631578973,583.7884615384615
1490,0.95,2.6,0.36538461538461536,7.3,9.9,0.75,0.9,1.65,1162.2,71.0,105.64226315789473,337.95
1658,0.8557692307692307,3.9423076923076925,0.21707317073170732,13.442307692307692,17.384615384615383,1.5192307692307692,1.5673076923076923,3.0865384615384617,978.2403846153846,98.64423076923077,418.1199999999998,648.6538461538462
1595,0.7341772151898734,6.8354430379746836,0.10740740740740741,19.139240506329113,25.974683544303797,4.1265822784810124,1.9746835443037976,6.10126582278481,1112.2784810126582,172.50632911392404,221.34841379310316,687.2658227848101
1605,0.7352941176470589,4.882352941176471,0.15060240963855423,16.470588235294116,21.352941176470587,3.0588235294117645,1.088235294117647,4.147058823529412,776.7352941176471,107.32352941176471,308.01816000000065,684.1764705882352
1715,0.7567567567567568,3.675675675675676,0.20588235294117646,9.324324324324325,13.0,1.4054054054054055,1.5135135135135136,2.918918918918919,438.2162162162162,58.75675675675676,288.0052142857143,295.1081081081081
1412,0.8125,4.75,0.17105263157894737,8.1875,12.9375,3.4375,0.5,3.9375,832.875,58.3125,172.43192307692306,153.5625
1415,1.0,4.333333333333333,0.23076923076923078,12.666666666666666,17.0,2.3333333333333335,1.0,3.3333333333333335,562.3333333333334,59.333333333333336,580.9450000000003,94.33333333333333
1734,0.6153846153846154,6.923076923076923,0.08888888888888889,20.692307692307693,27.615384615384617,3.576923076923077,2.730769230769231,6.3076923076923075,1807.3846153846155,89.5,880.6931875000001,337.6923076923077
1720,0.38095238095238093,9.80952380952381,0.038834951456310676,28.047619047619047,37.857142857142854,7.857142857142857,1.5714285714285714,9.428571428571429,1053.4285714285713,120.66666666666667,372.21700000000004,898.9047619047619
1383,0.75,2.75,0.2727272727272727,6.5,9.25,1.25,0.75,2.0,854.5,79.25,693.1326666666661,218.75
1618,0.26666666666666666,3.8333333333333335,0.06956521739130435,25.433333333333334,29.266666666666666,1.8333333333333333,1.7333333333333334,3.566666666666667,1252.1,162.63333333333333,1422.1329999999984,910.0
1711,0.5161290322580645,7.032258064516129,0.07339449541284404,26.29032258064516,33.32258064516129,3.903225806451613,2.6129032258064515,6.516129032258065,1154.6129032258063,145.2258064516129,410.5114375000003,973.0322580645161
1542,0.25,9.0,0.027777777777777776,23.5,32.5,6.25,2.5,8.75,1281.25,194.5,1558.5660000000007,879.75
1718,0.875,4.0,0.21875,12.125,16.125,2.175,0.95,3.125,660.425,85.25,131.87319999999985,542.425
1419,1.0,12.0,0.08333333333333333,10.0,22.0,11.0,0.0,11.0,341.0,28.0,426.07000000000016,35.0
1363,0.8723404255319149,2.8297872340425534,0.3082706766917293,11.787234042553191,14.617021276595745,1.2553191489361701,0.7021276595744681,1.9574468085106382,668.1702127659574,75.02127659574468,624.9112195121947,353.1063829787234
1548,0.3333333333333333,20.666666666666668,0.016129032258064516,22.333333333333332,43.0,0.3333333333333333,20.0,20.333333333333332,1335.3333333333333,130.33333333333334,787.8649999999959,1879.0
1619,0.5151515151515151,3.3333333333333335,0.15454545454545454,11.454545454545455,14.787878787878787,1.1818181818181819,1.6363636363636365,2.8181818181818183,974.6060606060606,130.66666666666666,819.4304705882356,600.9090909090909
1662,1.0,4.0,0.25,13.0,17.0,3.0,0.0,3.0,1188.0,162.0,1367.535999999996,796.0
1671,0.5,1.5,0.3333333333333333,6.0,7.5,0.5,0.5,1.0,588.5,66.5,314.4729999999996,227.5
2151,0.7692307692307693,2.3076923076923075,0.3333333333333333,8.384615384615385,10.692307692307692,0.5384615384615384,1.0,1.5384615384615385,873.2307692307693,112.84615384615384,869.1871999999996,342.84615384615387
1946,0.9285714285714286,3.75,0.24761904761904763,8.107142857142858,11.857142857142858,1.0714285714285714,1.75,2.8214285714285716,761.4285714285714,88.35714285714286,908.9502307692302,323.2142857142857
2123,0.9459459459459459,3.7837837837837838,0.25,10.162162162162161,13.945945945945946,1.7297297297297298,1.1081081081081081,2.8378378378378377,765.5135135135135,89.4054054054054,820.2690285714276,498.13513513513516
1990,0.8529411764705882,9.029411764705882,0.09446254071661238,14.411764705882353,23.441176470588236,7.470588235294118,0.7058823529411765,8.176470588235293,1104.9705882352941,127.05882352941177,730.9913793103439,934.3823529411765
2038,0.8518518518518519,2.691358024691358,0.3165137614678899,16.617283950617285,19.308641975308642,0.9259259259259259,0.9135802469135802,1.8395061728395061,756.0123456790124,89.91358024691358,401.928333333333,500.38271604938274
2179,0.8666666666666667,6.622222222222222,0.13087248322147652,16.622222222222224,23.244444444444444,3.4,2.3555555555555556,5.7555555555555555,1616.4888888888888,103.86666666666666,753.1872307692281,713.6444444444444
1839,0.8947368421052632,4.2368421052631575,0.2111801242236025,10.763157894736842,15.0,2.6578947368421053,0.6842105263157895,3.3421052631578947,566.4736842105264,68.60526315789474,552.0902647058819,246.0
1941,0.8823529411764706,5.411764705882353,0.16304347826086957,13.882352941176471,19.294117647058822,3.676470588235294,0.8529411764705882,4.529411764705882,852.6470588235294,115.91176470588235,850.8131666666667,436.44117647058823
2146,0.5,2.5,0.2,13.95,16.45,0.65,1.35,2.0,816.65,110.6,672.3801999999994,419.0
1986,0.7142857142857143,6.75,0.10582010582010581,16.428571428571427,23.178571428571427,5.178571428571429,0.8571428571428571,6.035714285714286,1548.4642857142858,207.10714285714286,964.5452000000005,1106.7857142857142
1977,0.7272727272727273,5.606060606060606,0.12972972972972974,8.818181818181818,14.424242424242424,4.606060606060606,0.2727272727272727,4.878787878787879,1233.6666666666667,154.8181818181818,916.6285833333324,527.1818181818181
1939,0.90625,3.59375,0.25217391304347825,11.28125,14.875,1.28125,1.40625,2.6875,791.625,95.40625,693.730206896551,417.0625
1989,0.7954545454545454,6.909090909090909,0.11513157894736842,14.75,21.65909090909091,4.818181818181818,1.2954545454545454,6.113636363636363,1084.6818181818182,138.77272727272728,852.0897142857136,611.4090909090909
2039,0.6938775510204082,2.7142857142857144,0.2556390977443609,20.224489795918366,22.93877551020408,1.0612244897959184,0.9591836734693877,2.020408163265306,717.0408163265306,101.42857142857143,339.96167647058803,606.7755102040817
2216,0.75,5.671875,0.1322314049586777,24.265625,29.9375,2.640625,2.28125,4.921875,2058.84375,133.546875,754.0793750000021,888.03125
2128,0.9,5.2,0.17307692307692307,17.933333333333334,23.133333333333333,3.0,1.3,4.3,1085.0666666666666,138.03333333333333,847.2095555555549,815.4666666666667
1834,0.8611111111111112,4.722222222222222,0.18235294117647058,11.416666666666666,16.13888888888889,1.2222222222222223,2.638888888888889,3.861111111111111,668.8888888888889,85.86111111111111,473.67129032258,339.22222222222223
2178,0.813953488372093,3.883720930232558,0.20958083832335328,10.837209302325581,14.720930232558139,1.5813953488372092,1.4883720930232558,3.0697674418604652,834.5116279069767,75.23255813953489,456.8707142857139,367.83720930232556
2153,0.8076923076923077,3.5,0.23076923076923078,11.307692307692308,14.807692307692308,1.7307692307692308,0.9615384615384616,2.6923076923076925,711.1923076923077,90.15384615384616,708.1739523809518,389.61538461538464
2037,0.7692307692307693,4.615384615384615,0.16666666666666666,19.153846153846153,23.76923076923077,3.0384615384615383,0.8076923076923077,3.8461538461538463,964.5961538461538,106.8076923076923,272.9511749999997,495.0576923076923
1981,0.7317073170731707,6.0,0.12195121951219512,14.073170731707316,20.073170731707318,4.609756097560975,0.6585365853658537,5.2682926829268295,1500.0731707317073,194.0731707317073,1136.7619333333305,933.5853658536586
2124,0.9032258064516129,4.67741935483871,0.19310344827586207,15.806451612903226,20.483870967741936,2.6774193548387095,1.096774193548387,3.774193548387097,946.9354838709677,119.0,1018.1486071428557,789.6451612903226
1994,0.7777777777777778,4.416666666666667,0.1761006289308176,11.916666666666666,16.333333333333332,3.1944444444444446,0.4444444444444444,3.638888888888889,1036.3333333333333,109.08333333333333,693.6508214285706,656.1666666666666
1982,0.8648648648648649,5.0,0.17297297297297298,12.891891891891891,17.89189189189189,3.2162162162162162,0.918918918918919,4.135135135135135,1249.5675675675675,152.51351351351352,935.2385624999978,774.4324324324324
1837,0.9310344827586207,1.6896551724137931,0.5510204081632653,4.896551724137931,6.586206896551724,0.13793103448275862,0.6206896551724138,0.7586206896551724,272.9310344827586,30.93103448275862,267.02392592592594,120.72413793103448
1942,0.8181818181818182,7.848484848484849,0.10424710424710425,18.333333333333332,26.181818181818183,4.515151515151516,2.515151515151515,7.03030303030303,941.4242424242424,129.03030303030303,843.5243703703703,468.57575757575756
1991,0.8484848484848485,5.484848484848484,0.15469613259668508,15.606060606060606,21.09090909090909,3.8484848484848486,0.7878787878787878,4.636363636363637,1208.090909090909,137.24242424242425,905.806142857141,815.2727272727273
2030,0.7021276595744681,3.3191489361702127,0.21153846153846154,20.51063829787234,23.829787234042552,1.2553191489361701,1.3617021276595744,2.617021276595745,1059.0425531914893,103.74468085106383,386.32375757575784,581.8723404255319
1992,0.825,7.925,0.10410094637223975,15.85,23.775,6.55,0.55,7.1,1098.45,131.1,1003.2404848484831,870.575
1835,0.96875,2.34375,0.41333333333333333,9.125,11.46875,0.46875,0.90625,1.375,379.28125,45.34375,386.00635483870957,153.46875
2154,0.7142857142857143,3.4285714285714284,0.20833333333333334,8.285714285714286,11.714285714285714,1.2142857142857142,1.5,2.7142857142857144,617.3571428571429,59.714285714285715,776.6700000000001,202.28571428571428
2130,0.967741935483871,3.129032258064516,0.30927835051546393,9.161290322580646,12.290322580645162,1.5483870967741935,0.6129032258064516,2.161290322580645,714.4516129032259,83.87096774193549,682.7863333333321,363.9032258064516
2127,0.8285714285714286,5.4,0.15343915343915343,15.914285714285715,21.314285714285713,3.6,0.9714285714285714,4.571428571428571,959.7714285714286,135.6,1016.7507931034477,629.3428571428572
2036,0.6923076923076923,3.173076923076923,0.21818181818181817,20.78846153846154,23.96153846153846,1.5192307692307692,0.9615384615384616,2.480769230769231,716.6153846153846,89.76923076923077,343.86919444444385,631.7884615384615
1996,0.8611111111111112,5.611111111111111,0.15346534653465346,14.916666666666666,20.52777777777778,4.166666666666667,0.5833333333333334,4.75,1089.111111111111,117.08333333333333,966.880064516128,714.25
1836,0.7837837837837838,3.891891891891892,0.2013888888888889,14.27027027027027,18.16216216216216,1.6486486486486487,1.4594594594594594,3.108108108108108,528.0,68.35135135135135,632.5471724137929,260.56756756756755
2219,0.6666666666666666,5.508771929824562,0.12101910828025478,17.68421052631579,23.19298245614035,3.0526315789473686,1.7894736842105263,4.842105263157895,1601.8947368421052,109.36842105263158,720.1010000000002,582.5087719298245
1985,0.6451612903225806,6.903225806451613,0.09345794392523364,18.774193548387096,25.677419354838708,4.903225806451613,1.3548387096774193,6.258064516129032,1793.2903225806451,235.4516129032258,1054.1948999999984,1677.3225806451612
2152,0.782608695652174,4.521739130434782,0.17307692307692307,10.521739130434783,15.043478260869565,1.826086956521739,1.9130434782608696,3.739130434782609,732.5217391304348,99.91304347826087,854.2092777777768,464.0869565217391
2031,0.8805970149253731,2.8208955223880596,0.31216931216931215,12.686567164179104,15.507462686567164,1.0746268656716418,0.8656716417910447,1.9402985074626866,710.5671641791045,65.91044776119404,347.5876610169491,356.76119402985074
1988,0.8484848484848485,6.878787878787879,0.12334801762114538,17.696969696969695,24.575757575757574,4.909090909090909,1.121212121212121,6.03030303030303,1143.7878787878788,130.75757575757575,929.6473571428553,762.7272727272727
2147,0.631578947368421,4.0,0.15789473684210525,16.473684210526315,20.473684210526315,2.4210526315789473,0.9473684210526315,3.3684210526315788,1078.5263157894738,146.52631578947367,939.5586666666649,752.6842105263158
2180,0.631578947368421,5.105263157894737,0.12371134020618557,22.18421052631579,27.289473684210527,1.631578947368421,2.8421052631578947,4.473684210526316,2092.8684210526317,145.26315789473685,1055.3527916666742,706.4736842105264
1842,0.7647058823529411,3.7941176470588234,0.20155038759689922,14.205882352941176,18.0,1.7352941176470589,1.2941176470588236,3.0294117647058822,605.4411764705883,76.23529411764706,521.7107307692302,313.02941176470586
2129,0.9393939393939394,3.3333333333333335,0.2818181818181818,9.787878787878787,13.121212121212121,1.4848484848484849,0.9090909090909091,2.393939393939394,760.5757575757576,96.18181818181819,705.3586129032249,525.4545454545455
1987,0.8285714285714286,5.914285714285715,0.14009661835748793,13.17142857142857,19.085714285714285,2.914285714285714,2.1714285714285713,5.085714285714285,1174.0,128.8,715.1916896551706,644.8
2122,0.96875,2.4375,0.3974358974358974,9.0,11.4375,0.78125,0.6875,1.46875,606.3125,68.9375,659.1320322580636,371.5
2155,0.631578947368421,5.421052631578948,0.11650485436893204,11.473684210526315,16.894736842105264,2.210526315789474,2.5789473684210527,4.7894736842105265,1615.421052631579,199.89473684210526,1469.8603333333303,1012.578947368421
1841,0.6071428571428571,7.285714285714286,0.08333333333333333,17.285714285714285,24.571428571428573,4.392857142857143,2.2857142857142856,6.678571428571429,680.8571428571429,79.42857142857143,816.3198823529398,342.17857142857144
2034,0.8571428571428571,2.9285714285714284,0.2926829268292683,12.892857142857142,15.821428571428571,1.1964285714285714,0.875,2.0714285714285716,422.375,55.82142857142857,240.7473125,284.0
1838,0.9473684210526315,2.8421052631578947,0.3333333333333333,5.973684210526316,8.81578947368421,1.5526315789473684,0.34210526315789475,1.894736842105263,484.0,46.63157894736842,400.3926944444441,231.71052631578948
1983,0.6875,5.78125,0.11891891891891893,15.90625,21.6875,4.5625,0.53125,5.09375,1503.625,166.75,970.8999090909078,1103.8125
1938,0.8857142857142857,4.0,0.22142857142857142,14.142857142857142,18.142857142857142,2.4571428571428573,0.6571428571428571,3.1142857142857143,920.1428571428571,120.02857142857142,782.6424838709672,516.1142857142858
1944,0.875,7.1875,0.12173913043478261,17.71875,24.90625,4.90625,1.40625,6.3125,910.875,112.4375,845.7297857142846,529.40625
2150,0.8571428571428571,4.809523809523809,0.1782178217821782,11.380952380952381,16.19047619047619,3.0952380952380953,0.8571428571428571,3.9523809523809526,722.6666666666666,106.66666666666667,627.7438333333336,450.85714285714283
1937,0.8461538461538461,4.435897435897436,0.1907514450867052,19.0,23.435897435897434,1.9230769230769231,1.6666666666666667,3.58974358974359,992.8205128205128,129.53846153846155,994.2564242424236,644.9230769230769
1979,0.8,3.72,0.21505376344086022,10.92,14.64,2.04,0.88,2.92,1043.68,123.76,760.9431499999993,464.68
2121,0.9411764705882353,2.8529411764705883,0.32989690721649484,8.176470588235293,11.029411764705882,0.9117647058823529,1.0,1.911764705882353,707.8235294117648,78.0,646.8969374999997,369.5882352941176
2149,0.7,2.75,0.2545454545454545,8.5,11.25,1.2,0.85,2.05,772.2,97.4,939.7744285714277,248.5
1993,0.6666666666666666,7.291666666666667,0.09142857142857143,14.708333333333334,22.0,5.041666666666667,1.5833333333333333,6.625,1075.3333333333333,117.0,781.0559999999994,816.7916666666666
1980,0.5882352941176471,5.4411764705882355,0.10810810810810811,14.0,19.441176470588236,3.264705882352941,1.588235294117647,4.852941176470588,1389.4411764705883,194.73529411764707,747.9683999999983,778.1470588235294
2182,0.7222222222222222,4.722222222222222,0.15294117647058825,17.444444444444443,22.166666666666668,2.7222222222222223,1.2777777777777777,4.0,1012.1666666666666,135.77777777777777,1142.1521538461545,501.55555555555554
1940,0.8275862068965517,5.310344827586207,0.15584415584415584,16.620689655172413,21.93103448275862,3.4482758620689653,1.0344827586206897,4.482758620689655,1030.5862068965516,141.27586206896552,950.4072499999987,467.3103448275862
2035,0.8529411764705882,2.911764705882353,0.29292929292929293,20.38235294117647,23.294117647058822,1.588235294117647,0.47058823529411764,2.0588235294117645,720.8088235294117,86.26470588235294,311.89443103448247,571.1617647058823
1995,0.7222222222222222,6.388888888888889,0.11304347826086956,16.52777777777778,22.916666666666668,4.972222222222222,0.6944444444444444,5.666666666666667,1160.2777777777778,128.13888888888889,1004.7733846153837,869.6111111111111
1943,0.8076923076923077,5.384615384615385,0.15,14.423076923076923,19.807692307692307,2.730769230769231,1.8461538461538463,4.576923076923077,1017.6923076923077,138.03846153846155,1119.9087619047614,535.4230769230769
2032,0.8076923076923077,2.8653846153846154,0.28187919463087246,19.21153846153846,22.076923076923077,1.3269230769230769,0.7307692307692307,2.0576923076923075,770.9230769230769,84.1923076923077,333.87692857142804,428.38461538461536
1840,0.7777777777777778,2.888888888888889,0.2692307692307692,10.666666666666666,13.555555555555555,0.6666666666666666,1.4444444444444444,2.111111111111111,737.3888888888889,102.25,548.1679285714282,364.80555555555554
2217,0.631578947368421,6.315789473684211,0.1,24.649122807017545,30.964912280701753,3.280701754385965,2.4035087719298245,5.684210526315789,1857.3333333333333,149.24561403508773,599.0719999999992,715.6315789473684
2183,0.6875,6.4375,0.10679611650485436,21.875,28.3125,3.0625,2.6875,5.75,1270.5,170.0625,1215.7255454545445,870.6875
1945,0.8536585365853658,5.804878048780488,0.14705882352941177,15.341463414634147,21.146341463414632,3.6341463414634148,1.3170731707317074,4.951219512195122,937.0731707317074,121.97560975609755,777.4078857142852,639.0243902439024
2126,1.0,2.96875,0.3368421052631579,8.21875,11.1875,1.0,0.96875,1.96875,654.09375,66.90625,759.2001249999996,362.6875
1984,0.6842105263157895,6.315789473684211,0.10833333333333334,13.68421052631579,20.0,4.368421052631579,1.263157894736842,5.631578947368421,1359.3157894736842,168.94736842105263,900.0757692307658,850.0
2181,0.7540983606557377,4.688524590163935,0.16083916083916083,16.704918032786885,21.39344262295082,1.639344262295082,2.2950819672131146,3.9344262295081966,1869.327868852459,121.73770491803279,703.5480652173976,548.7540983606557
1833,0.8269230769230769,4.076923076923077,0.2028301886792453,14.673076923076923,18.75,2.1346153846153846,1.1153846153846154,3.25,644.3653846153846,78.75,476.9386976744184,394.5769230769231
2033,0.78125,3.09375,0.25252525252525254,19.53125,22.625,1.1875,1.125,2.3125,915.03125,137.25,508.04675999999904,682.71875
2177,0.7321428571428571,7.553571428571429,0.09692671394799054,21.428571428571427,28.982142857142858,3.8035714285714284,3.017857142857143,6.821428571428571,2393.410714285714,153.80357142857142,662.7272682926841,675.625
1978,0.7307692307692307,8.807692307692308,0.08296943231441048,15.615384615384615,24.423076923076923,7.6923076923076925,0.38461538461538464,8.076923076923077,1416.2692307692307,160.69230769230768,1018.6854736842078,1021.0769230769231
2125,0.9565217391304348,3.5652173913043477,0.2682926829268293,14.173913043478262,17.73913043478261,1.4782608695652173,1.1304347826086956,2.608695652173913,919.9130434782609,109.91304347826087,962.7343181818168,721.3478260869565
2176,0.8181818181818182,5.136363636363637,0.1592920353982301,16.227272727272727,21.363636363636363,2.3636363636363638,1.9545454545454546,4.318181818181818,910.7727272727273,124.63636363636364,878.1752777777779,755.4545454545455
2148,1.0,2.0476190476190474,0.4883720930232558,18.476190476190474,20.523809523809526,0.9047619047619048,0.14285714285714285,1.0476190476190477,727.9047619047619,97.9047619047619,768.7576666666666,452.2857142857143
2218,0.7575757575757576,5.696969696969697,0.13297872340425532,13.151515151515152,18.848484848484848,2.6363636363636362,2.303030303030303,4.9393939393939394,806.4242424242424,97.48484848484848,661.637879999999,398.4848484848485
2326,0.9090909090909091,7.909090909090909,0.11494252873563218,19.09090909090909,27.0,6.181818181818182,0.8181818181818182,7.0,878.0909090909091,117.9090909090909,852.2598999999993,587.3636363636364
2405,1.0,2.0,0.5,13.5,15.5,0.5,0.5,1.0,708.5,101.5,763.8085000000005,666.5
2355,0.8571428571428571,1.8571428571428572,0.46153846153846156,15.285714285714286,17.142857142857142,0.7142857142857143,0.2857142857142857,1.0,1172.7142857142858,114.71428571428571,1129.5778333333312,1448.0
2318,0.8,3.3,0.24242424242424243,13.0,16.3,1.6,0.9,2.5,737.6,101.7,572.2498749999997,374.0
2336,0.8,10.1,0.07920792079207921,18.1,28.2,8.5,0.8,9.3,1238.2,120.0,1391.7404999999985,1210.4
2370,0.8,1.4,0.5714285714285714,8.0,9.4,0.6,0.0,0.6,802.4,83.4,745.400999999999,516.6
2296,1.0,1.625,0.6153846153846154,4.125,5.75,0.625,0.0,0.625,315.75,35.125,458.04825,61.125
2362,0.8333333333333334,1.5,0.5555555555555556,27.0,28.5,0.3333333333333333,0.3333333333333333,0.6666666666666666,1783.5,202.66666666666666,1510.994,2760.8333333333335
2338,0.6666666666666666,3.0,0.2222222222222222,15.444444444444445,18.444444444444443,2.0,0.3333333333333333,2.3333333333333335,1085.7777777777778,125.11111111111111,1020.220999999999,778.0
2323,0.75,3.8333333333333335,0.1956521739130435,13.083333333333334,16.916666666666668,0.5,2.5833333333333335,3.0833333333333335,596.3333333333334,111.91666666666667,300.4951111111111,352.25
2300,1.0,1.125,0.8888888888888888,10.625,11.75,0.125,0.0,0.125,580.25,69.625,710.7478749999997,272.0
2391,0.6666666666666666,2.3333333333333335,0.2857142857142857,12.333333333333334,14.666666666666666,0.8333333333333334,0.8333333333333334,1.6666666666666667,803.5,100.83333333333333,803.9142499999997,418.8333333333333
2372,1.0,1.2857142857142858,0.7777777777777778,3.142857142857143,4.428571428571429,0.2857142857142857,0.0,0.2857142857142857,488.42857142857144,47.57142857142857,347.53957142857126,189.14285714285714
2406,0.5,2.5,0.2,11.0,13.5,2.0,0.0,2.0,965.0,77.0,1030.1199999999956,975.5
2371,0.8571428571428571,1.0,0.8571428571428571,3.142857142857143,4.142857142857143,0.0,0.14285714285714285,0.14285714285714285,376.14285714285717,40.42857142857143,244.02133333333322,116.85714285714286
2325,0.6666666666666666,4.222222222222222,0.15789473684210525,24.333333333333332,28.555555555555557,3.3333333333333335,0.2222222222222222,3.5555555555555554,1216.111111111111,153.11111111111111,560.9038333333336,1138.3333333333333
2340,0.42857142857142855,13.571428571428571,0.031578947368421054,23.714285714285715,37.285714285714285,10.428571428571429,2.7142857142857144,13.142857142857142,1584.0,185.57142857142858,1672.214999999998,1988.2857142857142
2392,1.0,6.5,0.15384615384615385,5.75,12.25,0.0,5.5,5.5,456.75,39.25,610.9709999999997,232.25
2407,1.0,1.0,1.0,35.0,36.0,0.0,0.0,0.0,1405.0,285.0,1810.4539999999995,1281.0
2294,1.0,1.0,1.0,18.0,19.0,0.0,0.0,0.0,523.4285714285714,56.142857142857146,443.16242857142817,218.42857142857142
2319,0.8571428571428571,5.285714285714286,0.16216216216216217,20.142857142857142,25.428571428571427,3.857142857142857,0.5714285714285714,4.428571428571429,806.1428571428571,116.14285714285714,403.04199999999963,420.7142857142857
2396,1.0,2.5,0.4,9.75,12.25,1.25,0.25,1.5,794.25,108.0,634.1979999999996,221.25
2394,1.0,4.857142857142857,0.20588235294117646,10.428571428571429,15.285714285714286,1.4285714285714286,2.4285714285714284,3.857142857142857,787.0,98.28571428571429,794.2417142857138,472.85714285714283
2378,0.75,3.25,0.23076923076923078,12.375,15.625,1.5,1.0,2.5,932.25,106.125,894.720166666666,807.375
2284,0.5,2.1666666666666665,0.23076923076923078,8.5,10.666666666666666,1.5,0.16666666666666666,1.6666666666666667,826.6666666666666,137.16666666666666,587.0769999999981,178.66666666666666
2408,1.0,1.5,0.6666666666666666,16.5,18.0,0.5,0.0,0.5,1400.0,121.0,1162.9039999999964,1677.5
2321,0.7692307692307693,7.076923076923077,0.10869565217391304,17.76923076923077,24.846153846153847,4.6923076923076925,1.6153846153846154,6.3076923076923075,861.0,118.3076923076923,705.8930000000001,581.1538461538462
2361,1.0,4.0,0.25,13.0,17.0,1.5,1.5,3.0,794.0,74.5,869.3279999999995,2214.0
2339,0.5714285714285714,4.571428571428571,0.125,18.714285714285715,23.285714285714285,3.5714285714285716,0.42857142857142855,4.0,1419.7142857142858,154.14285714285714,553.2379999999996,1088.2857142857142
2341,1.0,3.25,0.3076923076923077,8.0,11.25,1.5,0.75,2.25,700.75,61.5,695.4894999999998,367.0
2374,0.8,1.6,0.5,9.2,10.8,0.6,0.2,0.8,653.4,75.8,625.6769999999995,321.0
2354,0.5,5.0,0.1,13.0,18.0,1.5,3.0,4.5,982.5,127.5,667.9270000000012,2776.5
2324,0.9166666666666666,2.25,0.4074074074074074,9.083333333333334,11.333333333333334,1.1666666666666667,0.16666666666666666,1.3333333333333333,445.9166666666667,55.166666666666664,422.08399999999966,184.41666666666666
2301,0.8522727272727273,2.727272727272727,0.3125,12.272727272727273,15.0,0.8522727272727273,1.0227272727272727,1.875,1314.3863636363637,61.34090909090909,311.8743200000044,407.65909090909093
2345,0.875,5.125,0.17073170731707318,10.125,15.25,3.25,1.0,4.25,773.125,75.625,644.1219999999996,613.875
2379,0.8571428571428571,3.7142857142857144,0.23076923076923078,8.714285714285714,12.428571428571429,2.857142857142857,0.0,2.857142857142857,774.8571428571429,76.14285714285714,588.6378333333317,347.0
2388,0.8571428571428571,3.2857142857142856,0.2608695652173913,9.428571428571429,12.714285714285714,1.8571428571428572,0.5714285714285714,2.4285714285714284,1032.857142857143,143.0,1051.151666666665,778.0
2337,0.6666666666666666,15.666666666666666,0.0425531914893617,16.333333333333332,32.0,15.0,0.0,15.0,1679.3333333333333,195.33333333333334,1062.3834999999922,1262.0
2358,0.5,2.0,0.25,11.25,13.25,0.25,1.25,1.5,1004.75,116.5,498.2164999999998,1038.25
2291,0.8571428571428571,2.5714285714285716,0.3333333333333333,11.857142857142858,14.428571428571429,1.0,0.7142857142857143,1.7142857142857142,616.7142857142857,80.0,370.8724999999999,264.2857142857143
2322,0.9090909090909091,2.1818181818181817,0.4166666666666667,14.272727272727273,16.454545454545453,1.0909090909090908,0.18181818181818182,1.2727272727272727,792.0,138.0909090909091,534.6290999999992,381.54545454545456
2375,0.8,2.0,0.4,19.4,21.4,0.8,0.4,1.2,934.0,113.4,677.9954999999985,953.0
2397,0.75,3.0,0.25,14.0,17.0,1.5,0.75,2.25,1104.5,132.25,1115.1426666666653,443.75
2373,0.8,1.9,0.42105263157894735,6.3,8.2,0.6,0.5,1.1,689.3,72.2,507.5633750000001,236.0
2363,1.0,1.75,0.5714285714285714,5.5,7.25,0.25,0.5,0.75,550.0,70.0,716.3060000000003,337.75
2376,0.8333333333333334,1.1666666666666667,0.7142857142857143,1.8333333333333333,3.0,0.16666666666666666,0.16666666666666666,0.3333333333333333,341.1666666666667,21.833333333333332,368.5799999999997,33.0
2342,0.4,13.2,0.030303030303030304,23.4,36.6,12.3,0.5,12.8,1241.2,148.8,784.8847499999991,845.0
2377,0.8,1.8,0.4444444444444444,6.4,8.2,1.0,0.0,1.0,718.4,98.2,878.0849999999998,520.6
2395,1.0,2.0,0.5,7.666666666666667,9.666666666666666,0.3333333333333333,0.6666666666666666,1.0,628.6666666666666,42.0,375.8873333333333,313.3333333333333
2302,0.9,1.1,0.8181818181818182,5.4,6.5,0.0,0.2,0.2,380.7,37.2,262.437777777778,247.8
2344,0.5,2.75,0.18181818181818182,11.5,14.25,2.0,0.25,2.25,835.25,89.25,367.87449999999967,544.0
2295,1.0,1.1666666666666667,0.8571428571428571,4.0,5.166666666666667,0.0,0.16666666666666666,0.16666666666666666,410.0,46.333333333333336,527.7044999999999,73.16666666666667
2303,1.0,1.4,0.7142857142857143,15.2,16.6,0.0,0.4,0.4,774.4,71.2,671.5451999999989,470.6
2297,1.0,1.0,1.0,2.6,3.6,0.0,0.0,0.0,303.2,14.2,233.47959999999998,60.0
2359,1.0,2.3333333333333335,0.42857142857142855,8.333333333333334,10.666666666666666,0.6666666666666666,0.6666666666666666,1.3333333333333333,626.0,75.66666666666667,577.0640000000002,870.6666666666666
2343,0.8888888888888888,4.777777777777778,0.18604651162790697,18.333333333333332,23.11111111111111,3.6666666666666665,0.2222222222222222,3.888888888888889,1076.5555555555557,130.44444444444446,897.9187499999977,758.2222222222222
2360,0.6666666666666666,1.3333333333333333,0.5,11.0,12.333333333333334,0.0,0.6666666666666666,0.6666666666666666,907.3333333333334,126.0,971.7080000000012,730.3333333333334
2357,0.6666666666666666,1.0,0.6666666666666666,20.666666666666668,21.666666666666668,0.3333333333333333,0.0,0.3333333333333333,1713.0,212.66666666666666,2233.0284999999976,1026.3333333333333
2389,0.6666666666666666,1.6666666666666667,0.4,3.6666666666666665,5.333333333333333,0.0,1.0,1.0,1088.3333333333333,138.33333333333334,930.4284999999982,470.6666666666667
2327,0.7142857142857143,4.142857142857143,0.1724137931034483,16.0,20.142857142857142,3.0,0.42857142857142855,3.4285714285714284,757.5714285714286,114.0,521.5939999999999,457.0
2390,1.0,1.0,1.0,5.0,6.0,0.0,0.0,0.0,,,,208.0
2393,1.0,1.5,0.6666666666666666,9.0,10.5,0.5,0.0,0.5,846.0,103.5,1044.7209999999984,395.5
2320,0.6,1.6,0.375,22.0,23.6,0.2,0.8,1.0,818.8,144.4,97.41133333333336,709.4
2435,0.8076923076923077,2.5384615384615383,0.3181818181818182,9.346153846153847,11.884615384615385,1.1538461538461537,0.5769230769230769,1.7307692307692308,249.5,32.46153846153846,42.021142857142856,282.03846153846155
2627,0.8636363636363636,2.8636363636363638,0.30158730158730157,15.5,18.363636363636363,1.4545454545454546,0.5454545454545454,2.0,648.3636363636364,83.5,61.440210526315816,478.90909090909093
2432,0.9523809523809523,1.7380952380952381,0.547945205479452,4.761904761904762,6.5,0.6666666666666666,0.11904761904761904,0.7857142857142857,234.9047619047619,32.42857142857143,43.269699999999986,184.95238095238096
2452,0.8846153846153846,4.576923076923077,0.19327731092436976,11.346153846153847,15.923076923076923,3.269230769230769,0.4230769230769231,3.6923076923076925,421.0,50.80769230769231,63.336608695652146,256.0
2429,0.8928571428571429,1.25,0.7142857142857143,7.428571428571429,8.678571428571429,0.2857142857142857,0.07142857142857142,0.35714285714285715,223.46428571428572,36.785714285714285,0.0,261.07142857142856
2624,0.84,7.72,0.10880829015544041,19.84,27.56,1.8,5.08,6.88,715.28,104.2,136.95299999999983,555.08
2530,0.6190476190476191,7.523809523809524,0.08227848101265822,32.095238095238095,39.61904761904762,6.285714285714286,0.6190476190476191,6.904761904761905,1308.1904761904761,157.66666666666666,303.7463076923071,1196.952380952381
2460,0.8846153846153846,3.5,0.25274725274725274,9.5,13.0,2.230769230769231,0.38461538461538464,2.6153846153846154,400.7692307692308,52.69230769230769,184.42317391304337,281.2307692307692
2623,0.6333333333333333,9.866666666666667,0.06418918918918919,28.5,38.36666666666667,6.433333333333334,2.8,9.233333333333333,1275.9,188.46666666666667,474.9369473684208,900.7
2537,0.36363636363636365,8.090909090909092,0.0449438202247191,23.59090909090909,31.681818181818183,6.5,1.2272727272727273,7.7272727272727275,1027.5454545454545,131.77272727272728,0.0,718.9545454545455
2488,0.7619047619047619,7.523809523809524,0.10126582278481013,24.714285714285715,32.23809523809524,5.809523809523809,0.9523809523809523,6.761904761904762,1479.952380952381,179.95238095238096,0.0,1610.142857142857
2622,0.625,7.25,0.08620689655172414,25.291666666666668,32.541666666666664,5.25,1.375,6.625,1247.0416666666667,154.41666666666666,234.05113333333324,1276.0833333333333
2433,0.8620689655172413,5.275862068965517,0.16339869281045752,12.10344827586207,17.379310344827587,3.8275862068965516,0.5862068965517241,4.413793103448276,517.6206896551724,82.82758620689656,14.14956,439.8965517241379
2625,0.6071428571428571,12.25,0.04956268221574344,16.928571428571427,29.178571428571427,8.25,3.392857142857143,11.642857142857142,742.1071428571429,110.46428571428571,195.43758823529402,753.9285714285714
2538,0.4166666666666667,3.4583333333333335,0.12048192771084337,17.958333333333332,21.416666666666668,2.2916666666666665,0.75,3.0416666666666665,871.0833333333334,116.16666666666667,872.0844999999999,708.4583333333334
2619,0.7083333333333334,7.333333333333333,0.09659090909090909,18.083333333333332,25.416666666666668,4.0,2.625,6.625,865.4166666666666,116.04166666666667,0.0,889.5833333333334
2461,0.9545454545454546,3.090909090909091,0.3088235294117647,9.954545454545455,13.045454545454545,1.8636363636363635,0.2727272727272727,2.1363636363636362,550.6818181818181,53.27272727272727,119.92195238095233,218.0909090909091
2489,0.631578947368421,7.368421052631579,0.08571428571428572,23.842105263157894,31.210526315789473,4.894736842105263,1.8421052631578947,6.7368421052631575,2518.7894736842104,251.52631578947367,282.10233333333207,4458.1578947368425
2533,0.46153846153846156,6.153846153846154,0.075,26.615384615384617,32.76923076923077,4.0,1.6923076923076923,5.6923076923076925,1246.3846153846155,193.84615384615384,148.979,961.9230769230769
2626,0.9,4.8,0.1875,13.9,18.7,2.4,1.5,3.9,558.6,62.65,377.21227777777744,430.6
2431,0.9629629629629629,2.2222222222222223,0.43333333333333335,6.888888888888889,9.11111111111111,0.7777777777777778,0.48148148148148145,1.2592592592592593,294.55555555555554,49.925925925925924,0.10407692307692308,249.85185185185185
2620,0.875,2.4583333333333335,0.3559322033898305,12.375,14.833333333333334,0.875,0.7083333333333334,1.5833333333333333,439.8333333333333,55.25,93.08114285714275,761.2083333333334
2434,0.8888888888888888,2.259259259259259,0.39344262295081966,5.185185185185185,7.444444444444445,0.5925925925925926,0.7777777777777778,1.3703703703703705,208.22222222222223,30.555555555555557,41.72737499999993,193.7037037037037
2618,0.76,4.92,0.15447154471544716,23.92,28.84,2.4,1.76,4.16,1120.56,175.4,374.58636842105216,1313.12
2532,0.5294117647058824,3.764705882352941,0.140625,33.529411764705884,37.294117647058826,2.588235294117647,0.6470588235294118,3.235294117647059,1251.8823529411766,173.8235294117647,224.77933333333354,1572.3529411764705
2457,0.9444444444444444,2.888888888888889,0.3269230769230769,6.944444444444445,9.833333333333334,1.8888888888888888,0.05555555555555555,1.9444444444444444,316.44444444444446,37.94444444444444,74.91729411764709,259.94444444444446
2458,0.8823529411764706,2.3529411764705883,0.375,12.882352941176471,15.235294117647058,1.1176470588235294,0.35294117647058826,1.4705882352941178,740.4705882352941,109.41176470588235,208.57313333333335,655.4117647058823
2437,0.5714285714285714,4.809523809523809,0.1188118811881188,17.571428571428573,22.38095238095238,4.0476190476190474,0.19047619047619047,4.238095238095238,688.8571428571429,112.23809523809524,63.77808333333337,367.35714285714283
2536,0.55,8.4,0.06547619047619048,28.45,36.85,6.9,0.95,7.85,1408.7,174.25,354.5528181818182,931.1
2430,0.9130434782608695,1.608695652173913,0.5675675675675675,9.304347826086957,10.91304347826087,0.6956521739130435,0.0,0.6956521739130435,247.2173913043478,34.04347826086956,37.044999999999995,206.08695652173913
2456,0.8571428571428571,2.0714285714285716,0.41379310344827586,15.785714285714286,17.857142857142858,0.9285714285714286,0.2857142857142857,1.2142857142857142,616.5357142857143,74.32142857142857,209.66320833333342,526.5
2436,0.7352941176470589,2.8529411764705883,0.25773195876288657,11.823529411764707,14.676470588235293,1.7352941176470589,0.38235294117647056,2.1176470588235294,361.3529411764706,57.1764705882353,112.17139999999996,318.0882352941176
2531,0.375,11.1875,0.0335195530726257,25.625,36.8125,9.4375,1.375,10.8125,1669.75,254.0,550.8733333333327,1222.0
2621,0.7083333333333334,4.833333333333333,0.14655172413793102,13.583333333333334,18.416666666666668,2.25,1.875,4.125,976.0416666666666,134.125,440.42117647058717,1263.125
2535,0.631578947368421,7.842105263157895,0.08053691275167785,13.263157894736842,21.105263157894736,5.578947368421052,1.631578947368421,7.2105263157894735,895.7368421052631,124.47368421052632,204.2419999999996,845.1052631578947
2454,0.5555555555555556,12.277777777777779,0.04524886877828054,35.833333333333336,48.111111111111114,9.833333333333334,1.8888888888888888,11.722222222222221,1445.3333333333333,170.72222222222223,460.5385999999995,1537.2222222222222
2548,0.0,5.083333333333333,0.0,23.666666666666668,28.75,2.9166666666666665,2.1666666666666665,5.083333333333333,772.8333333333334,111.83333333333333,,519.0833333333334
2534,0.6,2.5,0.24,16.9,19.4,1.3,0.6,1.9,726.8,81.2,722.2623333333332,745.8
2459,0.782608695652174,3.0869565217391304,0.2535211267605634,11.347826086956522,14.434782608695652,1.7826086956521738,0.5217391304347826,2.3043478260869565,680.7391304347826,74.30434782608695,131.01594444444436,677.0434782608696
2455,0.9523809523809523,1.9047619047619047,0.5,10.285714285714286,12.19047619047619,0.7619047619047619,0.19047619047619047,0.9523809523809523,367.5238095238095,39.857142857142854,102.21955000000008,504.5238095238095
2438,0.8709677419354839,2.5161290322580645,0.34615384615384615,4.67741935483871,7.193548387096774,0.5161290322580645,1.1290322580645162,1.6451612903225807,168.61290322580646,23.193548387096776,23.41766666666666,105.03225806451613
2539,0.8,12.2,0.06557377049180328,30.2,42.4,11.2,0.2,11.4,1230.0,131.8,399.24825000000044,1372.7
2487,0.64,3.8,0.16842105263157894,22.64,26.44,1.6,1.56,3.16,2293.04,247.16,377.5143125000001,2906.48
2591,0.6875,5.875,0.11702127659574468,25.8125,31.6875,4.625,0.5625,5.1875,1591.8125,142.5,556.0161818181849,561.5
2596,0.8823529411764706,3.3529411764705883,0.2631578947368421,13.411764705882353,16.764705882352942,1.2352941176470589,1.2352941176470589,2.4705882352941178,620.1764705882352,53.1764705882353,277.37053333333307,209.58823529411765
2556,1.0,1.75,0.5714285714285714,12.25,14.0,0.5,0.25,0.75,416.5,66.25,349.31300000000056,722.0
2551,0.6,5.6,0.10714285714285714,16.2,21.8,5.0,0.0,5.0,856.4,140.2,520.6426666666664,723.0
2588,0.625,2.9375,0.2127659574468085,17.875,20.8125,1.5,0.8125,2.3125,532.0,57.3125,36.08310000000001,492.8125
2592,0.7368421052631579,2.6315789473684212,0.28,11.736842105263158,14.368421052631579,1.631578947368421,0.2631578947368421,1.894736842105263,775.1578947368421,46.63157894736842,253.2517857142843,200.05263157894737
2549,0.5,1.0,0.5,25.5,26.5,0.5,0.0,0.5,,,,1145.5
2559,0.75,5.0,0.15,5.75,10.75,1.5,2.75,4.25,526.25,48.0,234.47699999999995,384.75
2593,0.8,2.5,0.32,11.0,13.5,1.5,0.2,1.7,864.2,55.0,192.81674999999973,293.3
2587,0.75,7.375,0.1016949152542373,15.8125,23.1875,5.8125,0.8125,6.625,829.625,63.9375,290.2951666666657,409.9375
2550,0.42857142857142855,4.571428571428571,0.09375,30.285714285714285,34.857142857142854,2.142857142857143,2.0,4.142857142857143,1368.7142857142858,178.0,103.8773333333334,1203.2857142857142
2590,0.8095238095238095,3.761904761904762,0.21518987341772153,10.904761904761905,14.666666666666666,2.5238095238095237,0.42857142857142855,2.9523809523809526,450.0952380952381,30.333333333333332,244.47411764706175,156.42857142857142
2558,0.8333333333333334,2.1666666666666665,0.38461538461538464,30.833333333333332,33.0,1.1666666666666667,0.16666666666666666,1.3333333333333333,1642.8333333333333,220.5,837.6560000000009,1555.0
2595,0.3157894736842105,5.157894736842105,0.061224489795918366,17.526315789473685,22.68421052631579,4.2631578947368425,0.5789473684210527,4.842105263157895,1269.7368421052631,114.73684210526316,0.0,362.89473684210526
2553,0.0,1.0,0.0,11.0,12.0,1.0,0.0,1.0,1635.0,148.0,,742.0
2647,1.0,1.5,0.6666666666666666,3.75,5.25,0.0,0.5,0.5,86.0,17.25,0.0,494.0
2552,0.8333333333333334,2.3333333333333335,0.35714285714285715,50.833333333333336,53.166666666666664,1.0,0.5,1.5,1922.5,289.3333333333333,0.0,3820.1666666666665
2594,0.6153846153846154,8.346153846153847,0.07373271889400922,19.384615384615383,27.73076923076923,5.346153846153846,2.3846153846153846,7.730769230769231,799.0,79.92307692307692,105.73056249999996,435.2692307692308
2555,1.0,2.0,0.5,34.0,36.0,0.0,1.0,1.0,1615.0,140.0,0.0,1326.0
2557,1.0,2.0,0.5,5.0,7.0,0.0,1.0,1.0,323.0,25.0,0.0,118.0
2589,0.7368421052631579,2.3157894736842106,0.3181818181818182,12.0,14.31578947368421,1.105263157894737,0.47368421052631576,1.5789473684210527,526.1578947368421,35.1578947368421,0.0,250.68421052631578
2462,1.0,1.2,0.8333333333333334,7.6,8.8,0.2,0.0,0.2,80.2,4.4,0.0,109.0
2672,0.9139784946236559,2.3118279569892475,0.3953488372093023,7.440860215053763,9.75268817204301,0.5483870967741935,0.8494623655913979,1.3978494623655915,527.0967741935484,24.408602150537636,48.50064705882336,190.11827956989248
2765,1.0,10.666666666666666,0.09375,11.0,21.666666666666668,9.333333333333334,0.3333333333333333,9.666666666666666,1090.6666666666667,139.0,495.6506666666664,262.6666666666667
2795,0.7777777777777778,2.4444444444444446,0.3181818181818182,13.777777777777779,16.22222222222222,1.5555555555555556,0.1111111111111111,1.6666666666666667,824.1111111111111,79.66666666666667,335.0545714285715,271.77777777777777
2669,0.875,1.125,0.7777777777777778,8.25,9.375,0.125,0.125,0.25,229.875,21.375,47.74200000000004,205.625
2847,0.9302325581395349,2.186046511627907,0.425531914893617,7.755813953488372,9.94186046511628,0.7209302325581395,0.5348837209302325,1.255813953488372,813.0813953488372,36.616279069767444,197.92354999999876,147.93023255813952
2794,0.5,4.214285714285714,0.11864406779661017,25.285714285714285,29.5,3.4285714285714284,0.2857142857142857,3.7142857142857144,1032.5,87.85714285714286,60.66085714285706,539.7142857142857
2820,0.6666666666666666,9.555555555555555,0.06976744186046512,24.0,33.55555555555556,1.7777777777777777,7.111111111111111,8.88888888888889,751.3333333333334,79.44444444444444,142.3501666666666,1054.3333333333333
2673,0.9285714285714286,1.8061224489795917,0.5141242937853108,6.63265306122449,8.438775510204081,0.336734693877551,0.5408163265306123,0.8775510204081632,403.4183673469388,19.806122448979593,37.3839999999998,121.90816326530613
2768,0.2857142857142857,29.285714285714285,0.00975609756097561,27.571428571428573,56.857142857142854,28.142857142857142,0.8571428571428571,29.0,1420.4285714285713,147.71428571428572,654.2584999999995,2314.1428571428573
2852,0.8055555555555556,3.4444444444444446,0.23387096774193547,10.75,14.194444444444445,2.0,0.6388888888888888,2.638888888888889,1653.7222222222222,89.25,582.527965517243,309.75
2827,0.9111111111111111,2.7111111111111112,0.3360655737704918,10.11111111111111,12.822222222222223,1.1111111111111112,0.6888888888888889,1.8,1209.9555555555555,63.422222222222224,313.15595121951225,383.15555555555557
2874,0.6363636363636364,7.318181818181818,0.08695652173913043,19.636363636363637,26.954545454545453,5.5,1.1818181818181819,6.681818181818182,775.5909090909091,86.72727272727273,304.61342857142785,931.4545454545455
2760,0.8333333333333334,11.833333333333334,0.07042253521126761,26.75,38.583333333333336,10.583333333333334,0.4166666666666667,11.0,1449.8333333333333,187.91666666666666,483.04020000000185,2482.75
2792,0.875,4.625,0.1891891891891892,11.5,16.125,3.125,0.625,3.75,315.5,53.875,0.0,195.375
2667,0.8125,7.3125,0.1111111111111111,17.75,25.0625,6.0625,0.4375,6.5,532.6875,75.6875,236.11815384615377,301.3125
2664,0.9,2.1,0.42857142857142855,6.0,8.1,0.6,0.6,1.2,148.8,23.3,0.0,75.5
2759,0.75,6.25,0.12,8.375,14.625,3.125,2.375,5.5,687.375,99.125,113.95983333333344,352.625
2798,0.6666666666666666,5.866666666666666,0.11363636363636363,18.0,23.866666666666667,4.8,0.4,5.2,699.0,66.66666666666667,214.1989999999997,505.73333333333335
2851,0.8205128205128205,2.923076923076923,0.2807017543859649,17.94871794871795,20.871794871794872,1.6666666666666667,0.4358974358974359,2.1025641025641026,1350.7435897435898,97.66666666666667,127.761906249999,406.12820512820514
2666,1.0,1.5454545454545454,0.6470588235294118,5.0,6.545454545454546,0.5454545454545454,0.0,0.5454545454545454,105.36363636363636,7.090909090909091,0.0,171.1818181818182
2876,0.18181818181818182,4.2727272727272725,0.0425531914893617,22.09090909090909,26.363636363636363,0.6363636363636364,3.4545454545454546,4.090909090909091,1299.909090909091,181.72727272727272,0.0,927.0909090909091
2826,0.8421052631578947,4.2894736842105265,0.19631901840490798,12.0,16.289473684210527,2.710526315789474,0.7368421052631579,3.4473684210526314,1426.2105263157894,80.55263157894737,140.55037499999895,314.9736842105263
2793,0.8666666666666667,1.6666666666666667,0.52,16.866666666666667,18.533333333333335,0.6,0.2,0.8,507.73333333333335,54.93333333333333,196.9067692307691,183.8
2836,0.0,23.0,0.0,18.0,41.0,0.0,23.0,23.0,143.0,9.0,,209.0
2764,0.3333333333333333,8.666666666666666,0.038461538461538464,36.0,44.666666666666664,8.0,0.3333333333333333,8.333333333333334,2050.1666666666665,291.3333333333333,1734.1084999999994,1978.5
2683,0.8888888888888888,9.722222222222221,0.09142857142857143,16.833333333333332,26.555555555555557,5.666666666666667,3.1666666666666665,8.833333333333334,1201.0,98.55555555555556,269.2912499999996,356.5
2819,0.8888888888888888,6.777777777777778,0.13114754098360656,18.11111111111111,24.88888888888889,0.5555555555555556,5.333333333333333,5.888888888888889,734.6666666666666,84.33333333333333,146.15875,578.4444444444445
2846,0.9206349206349206,2.984126984126984,0.30851063829787234,9.904761904761905,12.88888888888889,1.4444444444444444,0.6190476190476191,2.0634920634920637,874.6825396825396,37.19047619047619,142.5417068965507,201.36507936507937
2762,0.6666666666666666,6.444444444444445,0.10344827586206896,15.11111111111111,21.555555555555557,4.555555555555555,1.2222222222222223,5.777777777777778,1266.888888888889,127.66666666666667,144.73433333333278,792.7777777777778
2818,0.6,15.6,0.038461538461538464,26.4,42.0,10.6,4.4,15.0,656.0,59.6,238.38866666666692,742.0
2882,0.625,7.375,0.0847457627118644,19.875,27.25,5.5,1.25,6.75,2673.0,198.5,454.35459999999483,842.75
2754,1.0,1.2857142857142858,0.7777777777777778,5.571428571428571,6.857142857142857,0.2857142857142857,0.0,0.2857142857142857,70.57142857142857,6.857142857142857,138.11242857142852,447.42857142857144
2872,0.5833333333333334,2.5833333333333335,0.22580645161290322,25.833333333333332,28.416666666666668,1.25,0.75,2.0,1550.5,248.33333333333334,1111.2917142857148,830.4166666666666
2853,0.896551724137931,2.3448275862068964,0.38235294117647056,17.586206896551722,19.93103448275862,1.0,0.4482758620689655,1.4482758620689655,1351.103448275862,77.79310344827586,291.41311538461224,379.8965517241379
2824,0.75,4.75,0.15789473684210525,12.75,17.5,0.5,3.5,4.0,738.0,111.25,319.2533333333332,337.25
2849,1.0,2.257142857142857,0.4430379746835443,12.085714285714285,14.342857142857143,0.9142857142857143,0.34285714285714286,1.2571428571428571,1188.9714285714285,57.542857142857144,248.18977142856923,182.82857142857142
2767,0.6,8.4,0.07142857142857142,31.0,39.4,4.8,3.0,7.8,1490.6,193.4,359.9936666666661,2079.8
2805,0.9090909090909091,3.3636363636363638,0.2702702702702703,12.363636363636363,15.727272727272727,2.1818181818181817,0.2727272727272727,2.4545454545454546,432.09090909090907,47.90909090909091,31.413999999999977,218.0
2736,0.8571428571428571,6.142857142857143,0.13953488372093023,8.0,14.142857142857142,4.714285714285714,0.5714285714285714,5.285714285714286,459.42857142857144,66.14285714285714,225.40216666666626,262.7142857142857
2668,0.7,2.4,0.2916666666666667,8.3,10.7,1.2,0.5,1.7,147.0,24.2,0.0,114.4
2761,0.6666666666666666,5.333333333333333,0.125,15.11111111111111,20.444444444444443,2.3333333333333335,2.3333333333333335,4.666666666666667,1055.2222222222222,155.11111111111111,280.14233333333334,1091.7777777777778
2823,0.8571428571428571,2.0,0.42857142857142855,14.857142857142858,16.857142857142858,0.42857142857142855,0.7142857142857143,1.1428571428571428,1607.4285714285713,103.28571428571429,43.434999999999974,478.7142857142857
2850,0.8387096774193549,3.870967741935484,0.21666666666666667,16.0,19.870967741935484,2.3548387096774195,0.6774193548387096,3.032258064516129,1681.0645161290322,94.25806451612904,95.23053846153773,397.7741935483871
2873,0.5454545454545454,6.363636363636363,0.08571428571428572,35.36363636363637,41.72727272727273,1.9090909090909092,3.909090909090909,5.818181818181818,1309.5454545454545,182.1818181818182,82.64733333333328,1199.0
2671,0.9577464788732394,1.2394366197183098,0.7727272727272727,4.788732394366197,6.028169014084507,0.07042253521126761,0.2112676056338028,0.28169014084507044,308.3380281690141,11.070422535211268,23.204676470588286,82.70422535211267
2766,0.7272727272727273,7.2727272727272725,0.1,17.90909090909091,25.181818181818183,4.818181818181818,1.7272727272727273,6.545454545454546,962.0,122.0909090909091,185.03937499999932,1835.6363636363637
2665,0.6666666666666666,6.555555555555555,0.1016949152542373,15.222222222222221,21.77777777777778,4.222222222222222,1.6666666666666667,5.888888888888889,268.0,38.666666666666664,0.0,342.0
2791,1.0,3.4444444444444446,0.2903225806451613,14.222222222222221,17.666666666666668,2.4444444444444446,0.0,2.4444444444444446,549.7777777777778,67.55555555555556,460.7852222222221,353.6666666666667
2684,0.8333333333333334,7.25,0.11494252873563218,15.083333333333334,22.333333333333332,5.666666666666667,0.75,6.416666666666667,843.9166666666666,93.08333333333333,102.37069999999984,478.8333333333333
2670,1.0,4.3076923076923075,0.23214285714285715,6.384615384615385,10.692307692307692,1.9230769230769231,1.3846153846153846,3.3076923076923075,372.9230769230769,33.69230769230769,87.31669230769222,213.6153846153846
2848,1.0,4.1,0.24390243902439024,23.8,27.9,2.8,0.3,3.1,1435.7,97.4,313.39460000000224,664.6
1749,0.7272727272727273,8.272727272727273,0.08791208791208792,16.363636363636363,24.636363636363637,5.090909090909091,2.4545454545454546,7.545454545454546,1749.8181818181818,153.27272727272728,289.85412499999944,594.8181818181819
2763,0.5,5.25,0.09523809523809523,12.25,17.5,3.5,1.25,4.75,1247.25,139.5,523.9839999999978,1441.5
2796,1.0,4.25,0.23529411764705882,5.5,9.75,2.5,0.75,3.25,94.75,11.0,324.9977499999998,33.75
2822,1.0,1.5,0.6666666666666666,4.5,6.0,0.5,0.0,0.5,257.25,21.75,0.0,119.25
2825,1.0,2.0,0.5,1.0,3.0,0.0,1.0,1.0,272.0,29.0,0.0,1.0
2797,1.0,4.0,0.25,47.2,51.2,3.0,0.0,3.0,1031.8,161.2,0.0,842.2
196,0.6,6.5,0.09230769230769231,17.5,24.0,0.6,5.3,5.9,1011.8,140.7,0.0,454.3
2844,0.9473684210526315,3.1578947368421053,0.3,13.81578947368421,16.973684210526315,1.7105263157894737,0.5,2.210526315789474,1412.421052631579,69.71052631578948,438.63841666666735,317.10526315789474
2804,0.8260869565217391,4.043478260869565,0.20430107526881722,17.82608695652174,21.869565217391305,2.9130434782608696,0.30434782608695654,3.217391304347826,1387.2608695652175,77.08695652173913,44.944157894736726,347.4347826086956
2821,0.6666666666666666,15.666666666666666,0.0425531914893617,40.0,55.666666666666664,9.333333333333334,5.666666666666667,15.0,1406.3333333333333,170.33333333333334,0.0,1368.3333333333333
2845,0.891566265060241,5.397590361445783,0.16517857142857142,15.409638554216867,20.80722891566265,3.2771084337349397,1.2289156626506024,4.506024096385542,1828.566265060241,89.25301204819277,312.50506756756613,393.7951807228916
2756,1.0,2.0,0.5,5.0,7.0,0.5,0.5,1.0,334.5,48.0,0.0,241.0
2870,1.0,101.0,0.009900990099009901,62.0,163.0,100.0,0.0,100.0,8.0,1.0,0.0,1263.0
2929,0.8,3.6,0.2222222222222222,12.2,15.8,0.4666666666666667,2.3333333333333335,2.8,334.1333333333333,45.266666666666666,0.0,251.06666666666666
3097,0.6,5.866666666666666,0.10227272727272728,22.4,28.266666666666666,4.4,0.8666666666666667,5.266666666666667,989.6666666666666,130.0,532.2302222222245,919.2
3179,0.48148148148148145,2.4074074074074074,0.2,17.185185185185187,19.59259259259259,0.9259259259259259,1.0,1.9259259259259258,978.8518518518518,113.33333333333333,88.83669230769232,505.7037037037037
3207,0.8260869565217391,2.782608695652174,0.296875,11.869565217391305,14.652173913043478,0.782608695652174,1.173913043478261,1.9565217391304348,792.695652173913,57.130434782608695,398.5034210526299,428.0869565217391
3124,0.7297297297297297,5.1891891891891895,0.140625,13.162162162162161,18.35135135135135,1.837837837837838,2.6216216216216215,4.45945945945946,777.918918918919,64.43243243243244,125.81203703703677,313.7567567567568
3180,0.825,2.525,0.32673267326732675,11.675,14.2,0.725,0.975,1.7,853.975,60.75,128.28299999999976,288.325
2996,0.2,14.2,0.014084507042253521,39.2,53.4,12.8,1.2,14.0,93.8,2.8,188.59099999999992,798.6
3209,0.3333333333333333,8.0,0.041666666666666664,51.333333333333336,59.333333333333336,6.0,1.6666666666666667,7.666666666666667,2390.1666666666665,309.5,901.6924999999998,1832.5
3066,0.46153846153846156,28.615384615384617,0.016129032258064516,33.23076923076923,61.84615384615385,13.923076923076923,14.23076923076923,28.153846153846153,1637.923076923077,213.15384615384616,190.31083333333325,904.5384615384615
2919,0.8064516129032258,2.4516129032258065,0.32894736842105265,4.870967741935484,7.32258064516129,1.1290322580645162,0.5161290322580645,1.6451612903225807,298.51612903225805,31.322580645161292,63.71035999999998,129.41935483870967
3063,0.6774193548387096,3.935483870967742,0.1721311475409836,24.225806451612904,28.161290322580644,2.3870967741935485,0.8709677419354839,3.2580645161290325,1594.7096774193549,207.5483870967742,366.61719047619107,1137.6774193548388
3183,0.625,3.5,0.17857142857142858,29.333333333333332,32.833333333333336,1.75,1.125,2.875,946.875,120.54166666666667,271.13239999999985,494.875
3095,0.6111111111111112,11.722222222222221,0.052132701421800945,19.166666666666668,30.88888888888889,7.722222222222222,3.388888888888889,11.11111111111111,1214.7777777777778,159.11111111111111,433.8399090909077,832.8333333333334
3135,0.7647058823529411,3.0,0.2549019607843137,12.176470588235293,15.176470588235293,0.7647058823529411,1.4705882352941178,2.235294117647059,798.4117647058823,82.6470588235294,380.12438461538284,409.52941176470586
3211,0.5,2.5,0.2,12.75,15.25,1.25,0.75,2.0,1523.625,149.625,486.1815000000004,496.125
3217,0.5,6.571428571428571,0.07608695652173914,15.357142857142858,21.928571428571427,4.285714285714286,1.7857142857142858,6.071428571428571,1905.642857142857,105.71428571428571,106.02085714285718,846.1428571428571
2937,0.7647058823529411,4.823529411764706,0.15853658536585366,13.588235294117647,18.41176470588235,1.411764705882353,2.6470588235294117,4.0588235294117645,637.3529411764706,89.05882352941177,228.89715384615403,341.1764705882353
3032,0.9423076923076923,3.3653846153846154,0.28,11.826923076923077,15.192307692307692,1.4807692307692308,0.9423076923076923,2.423076923076923,1021.2692307692307,58.05769230769231,142.03493877550932,245.92307692307693
3069,0.5652173913043478,8.26086956521739,0.06842105263157895,27.217391304347824,35.47826086956522,5.478260869565218,2.217391304347826,7.695652173913044,1361.4782608695652,180.2608695652174,537.013538461538,917.4782608695652
2934,0.7333333333333333,7.666666666666667,0.09565217391304348,13.466666666666667,21.133333333333333,3.6,3.3333333333333335,6.933333333333334,459.26666666666665,60.333333333333336,170.9080000000001,319.06666666666666
2974,0.7307692307692307,6.6923076923076925,0.10919540229885058,14.384615384615385,21.076923076923077,2.8076923076923075,3.1538461538461537,5.961538461538462,842.6153846153846,116.92307692307692,248.24715789473666,328.96153846153845
3060,0.5294117647058824,6.176470588235294,0.08571428571428572,26.647058823529413,32.8235294117647,4.176470588235294,1.4705882352941178,5.647058823529412,1198.0588235294117,131.23529411764707,200.57622222222133,1023.9411764705883
3038,0.7741935483870968,3.6451612903225805,0.21238938053097345,17.161290322580644,20.806451612903224,1.7419354838709677,1.1290322580645162,2.870967741935484,929.4354838709677,50.61290322580645,139.6210000000008,318.9193548387097
3093,0.5714285714285714,4.214285714285714,0.13559322033898305,29.428571428571427,33.642857142857146,1.0,2.642857142857143,3.642857142857143,1443.7857142857142,201.42857142857142,578.0131250000015,784.6428571428571
2931,1.0,4.5,0.2222222222222222,13.409090909090908,17.90909090909091,1.0909090909090908,2.409090909090909,3.5,282.0,45.04545454545455,26.71540909090908,210.72727272727272
2927,0.7804878048780488,6.121951219512195,0.12749003984063745,11.804878048780488,17.926829268292682,2.8292682926829267,2.5121951219512195,5.341463414634147,450.390243902439,72.4390243902439,101.78590624999993,277.9024390243902
2936,0.6842105263157895,4.7368421052631575,0.14444444444444443,17.473684210526315,22.210526315789473,0.47368421052631576,3.5789473684210527,4.052631578947368,499.0,86.47368421052632,16.16161538461537,339.94736842105266
3140,0.5,8.857142857142858,0.056451612903225805,22.142857142857142,31.0,2.7857142857142856,5.571428571428571,8.357142857142858,752.7857142857143,85.21428571428571,344.87957142857186,504.2857142857143
2971,0.8260869565217391,7.304347826086956,0.1130952380952381,13.73913043478261,21.043478260869566,5.0,1.4782608695652173,6.478260869565218,562.7391304347826,73.95652173913044,138.1354210526316,325.04347826086956
2921,0.6666666666666666,7.333333333333333,0.09090909090909091,14.61111111111111,21.944444444444443,3.9722222222222223,2.6944444444444446,6.666666666666667,585.8888888888889,77.19444444444444,92.59129166666666,392.94444444444446
3033,0.9032258064516129,2.903225806451613,0.3111111111111111,12.03225806451613,14.935483870967742,1.467741935483871,0.532258064516129,2.0,801.3064516129032,45.064516129032256,28.015339285714244,230.48387096774192
3213,0.3,5.5,0.05454545454545454,35.1,40.6,2.8,2.4,5.2,2932.9,254.7,0.0,1844.7
3064,0.4666666666666667,10.133333333333333,0.046052631578947366,29.066666666666666,39.2,8.2,1.4666666666666666,9.666666666666666,1966.4,253.4,901.1987142857155,1697.2666666666667
3138,0.8181818181818182,7.363636363636363,0.1111111111111111,22.272727272727273,29.636363636363637,5.7272727272727275,0.8181818181818182,6.545454545454546,1326.4545454545455,113.13636363636364,327.6746666666688,693.9545454545455
3210,0.4375,3.4375,0.12727272727272726,15.25,18.6875,1.0,2.0,3.0,2008.6875,116.1875,172.40828571428327,788.5
2928,0.8372093023255814,5.395348837209302,0.15517241379310345,8.255813953488373,13.651162790697674,2.511627906976744,2.046511627906977,4.558139534883721,381.3720930232558,43.16279069767442,123.50938888888884,229.4418604651163
3139,0.7083333333333334,3.625,0.19540229885057472,23.291666666666668,26.916666666666668,1.7916666666666667,1.125,2.9166666666666665,971.25,117.79166666666667,164.35694117647066,483.7916666666667
2970,0.7674418604651163,3.7209302325581395,0.20625,16.790697674418606,20.511627906976745,2.186046511627907,0.7674418604651163,2.953488372093023,891.5348837209302,85.16279069767442,158.34475757575672,327.2093023255814
3039,0.6363636363636364,6.515151515151516,0.09767441860465116,23.181818181818183,29.696969696969695,4.121212121212121,1.7575757575757576,5.878787878787879,1581.6666666666667,141.3030303030303,322.9729047619051,744.030303030303
3184,0.3888888888888889,4.0,0.09722222222222222,24.61111111111111,28.61111111111111,2.5555555555555554,1.0555555555555556,3.611111111111111,1584.5555555555557,176.44444444444446,0.0,633.8888888888889
2925,0.625,5.25,0.11904761904761904,16.666666666666668,21.916666666666668,2.0416666666666665,2.5833333333333335,4.625,413.25,65.625,156.26533333333322,211.91666666666666
3068,0.5263157894736842,8.789473684210526,0.059880239520958084,28.63157894736842,37.421052631578945,6.315789473684211,1.9473684210526316,8.263157894736842,2009.7894736842106,263.89473684210526,59.27509999999967,1123.8947368421052
2975,0.7741935483870968,6.67741935483871,0.11594202898550725,11.741935483870968,18.419354838709676,3.5483870967741935,2.3548387096774195,5.903225806451613,684.7096774193549,86.93548387096774,190.1499166666666,339.48387096774195
2930,0.8064516129032258,3.838709677419355,0.21008403361344538,14.419354838709678,18.258064516129032,1.5483870967741935,1.4838709677419355,3.032258064516129,543.0322580645161,77.19354838709677,100.25155999999984,236.51612903225808
2922,0.7142857142857143,4.285714285714286,0.16666666666666666,20.61904761904762,24.904761904761905,1.1428571428571428,2.4285714285714284,3.5714285714285716,500.1904761904762,73.85714285714286,67.4607333333333,341.8095238095238
3067,0.47058823529411764,2.7058823529411766,0.17391304347826086,22.352941176470587,25.058823529411764,1.411764705882353,0.8235294117647058,2.235294117647059,1442.5294117647059,196.05882352941177,707.5558749999993,815.0
2935,0.8,5.92,0.13513513513513514,12.2,18.12,3.8,1.32,5.12,364.6,45.52,146.41015,288.6
3137,0.65625,4.09375,0.16030534351145037,17.3125,21.40625,2.0,1.4375,3.4375,1342.4375,83.375,198.8287619047598,520.0625
3181,0.8571428571428571,4.0,0.21428571428571427,14.761904761904763,18.761904761904763,2.4761904761904763,0.6666666666666666,3.142857142857143,1648.6666666666667,112.04761904761905,150.2464444444445,835.8571428571429
2967,0.723404255319149,6.212765957446808,0.11643835616438356,18.659574468085108,24.872340425531913,3.276595744680851,2.2127659574468086,5.48936170212766,1199.872340425532,99.8936170212766,263.5731176470585,446.9574468085106
3062,0.7,10.8,0.06481481481481481,16.9,27.7,8.9,1.2,10.1,1593.05,207.0,647.0022857142847,702.65
2918,0.6129032258064516,8.193548387096774,0.07480314960629922,18.870967741935484,27.06451612903226,4.451612903225806,3.129032258064516,7.580645161290323,646.7096774193549,101.6774193548387,0.0,505.3225806451613
3031,0.9444444444444444,2.4305555555555554,0.38857142857142857,9.25,11.680555555555555,1.0694444444444444,0.4166666666666667,1.4861111111111112,522.7222222222222,35.06944444444444,71.2486617647064,152.75
2972,0.8974358974358975,3.7948717948717947,0.23648648648648649,10.384615384615385,14.179487179487179,1.9743589743589745,0.9230769230769231,2.8974358974358974,728.6923076923077,68.1025641025641,276.4126000000003,240.89743589743588
2926,0.6086956521739131,6.130434782608695,0.09929078014184398,13.26086956521739,19.391304347826086,4.478260869565218,1.0434782608695652,5.521739130434782,530.695652173913,70.3913043478261,74.58385714285714,289.0
2920,0.6857142857142857,9.142857142857142,0.075,21.942857142857143,31.085714285714285,4.3428571428571425,4.114285714285714,8.457142857142857,706.0,107.62857142857143,42.30666666666665,598.8285714285714
3141,0.782608695652174,4.3478260869565215,0.18,15.869565217391305,20.217391304347824,2.630434782608696,0.9347826086956522,3.5652173913043477,1005.5217391304348,73.80434782608695,197.21222222222178,519.0217391304348
2973,0.7833333333333333,8.45,0.09270216962524655,17.883333333333333,26.333333333333332,6.9,0.7666666666666667,7.666666666666667,919.85,92.65,134.84310638297856,365.65
3134,0.7083333333333334,4.875,0.1452991452991453,15.416666666666666,20.291666666666668,2.1666666666666665,2.0,4.166666666666667,891.0,77.5,133.34217647058642,408.9166666666667
2923,0.8666666666666667,4.066666666666666,0.21311475409836064,9.333333333333334,13.4,1.0666666666666667,2.1333333333333333,3.2,268.8,38.333333333333336,154.38661538461508,218.33333333333334
3212,0.2222222222222222,4.666666666666667,0.047619047619047616,30.0,34.666666666666664,2.7777777777777777,1.6666666666666667,4.444444444444445,3718.0,193.55555555555554,871.5594999999815,1638.4444444444443
2968,0.7927927927927928,2.8828828828828827,0.275,12.36036036036036,15.243243243243244,0.7297297297297297,1.3603603603603605,2.09009009009009,1462.027027027027,97.91891891891892,208.5136250000008,406.84684684684686
3061,0.6153846153846154,5.6923076923076925,0.10810810810810811,18.615384615384617,24.307692307692307,2.3846153846153846,2.6923076923076925,5.076923076923077,1025.076923076923,157.15384615384616,273.4522499999997,789.1538461538462
3208,0.6,5.1,0.11764705882352941,39.3,44.4,3.1,1.4,4.5,2683.4,214.6,815.1503333333271,1393.2
3176,0.7941176470588235,2.235294117647059,0.35526315789473684,13.5,15.735294117647058,0.9411764705882353,0.5,1.4411764705882353,1269.3235294117646,98.61764705882354,165.7319259259258,698.7058823529412
3089,0.7916666666666666,4.833333333333333,0.16379310344827586,30.583333333333332,35.416666666666664,3.375,0.6666666666666666,4.041666666666667,1030.0,117.79166666666667,122.6532631578948,1025.25
3123,0.6666666666666666,3.888888888888889,0.17142857142857143,21.5,25.38888888888889,0.8888888888888888,2.3333333333333335,3.2222222222222223,1149.2222222222222,93.77777777777777,75.51549999999996,532.8333333333334
3041,0.8472222222222222,3.0833333333333335,0.2747747747747748,12.805555555555555,15.88888888888889,1.7361111111111112,0.5,2.236111111111111,740.4027777777778,45.111111111111114,108.43950819672125,290.4166666666667
2932,0.8695652173913043,3.608695652173913,0.24096385542168675,11.652173913043478,15.26086956521739,2.0434782608695654,0.6956521739130435,2.739130434782609,432.39130434782606,64.56521739130434,26.341899999999992,233.52173913043478
3178,0.6923076923076923,2.6923076923076925,0.2571428571428571,14.461538461538462,17.153846153846153,0.7692307692307693,1.2307692307692308,2.0,871.6153846153846,76.23076923076923,151.6551111111093,498.2307692307692
2966,0.7878787878787878,7.151515151515151,0.11016949152542373,14.030303030303031,21.181818181818183,3.515151515151515,2.8484848484848486,6.363636363636363,710.3636363636364,92.87878787878788,163.68269230769226,396.1515151515151
3036,0.9298245614035088,2.456140350877193,0.37857142857142856,7.771929824561403,10.228070175438596,0.8596491228070176,0.6666666666666666,1.5263157894736843,684.719298245614,34.70175438596491,87.38903773584845,127.59649122807018
2933,1.0,2.6,0.38461538461538464,9.066666666666666,11.666666666666666,0.4,1.2,1.6,429.26666666666665,54.8,0.0,282.4
3037,0.9420289855072463,1.9275362318840579,0.48872180451127817,6.565217391304348,8.492753623188406,0.4782608695652174,0.5072463768115942,0.9855072463768116,539.8985507246376,29.10144927536232,98.38026153846104,132.36231884057972
3088,0.36363636363636365,6.363636363636363,0.05714285714285714,22.181818181818183,28.545454545454547,5.7272727272727275,0.2727272727272727,6.0,1053.7272727272727,143.54545454545453,0.0,1104.0
3182,0.16666666666666666,2.8333333333333335,0.058823529411764705,24.166666666666668,27.0,1.75,0.9166666666666666,2.6666666666666665,2376.3333333333335,166.0,1694.1535000000017,1280.6666666666667
3091,0.21428571428571427,3.7857142857142856,0.05660377358490566,25.857142857142858,29.642857142857142,1.9285714285714286,1.6428571428571428,3.5714285714285716,1173.4285714285713,160.57142857142858,432.7283333333321,1127.2142857142858
3216,0.42857142857142855,2.0,0.21428571428571427,22.0,24.0,0.8571428571428571,0.7142857142857143,1.5714285714285714,1417.2857142857142,108.42857142857143,0.0,1010.2857142857143
3096,0.5625,3.625,0.15517241379310345,21.0,24.625,3.0625,0.0,3.0625,868.5625,105.25,434.93211111111134,911.875
3035,0.8571428571428571,3.5714285714285716,0.24,21.057142857142857,24.62857142857143,1.5714285714285714,1.1428571428571428,2.7142857142857144,1561.5714285714287,105.85714285714286,183.66643333333272,857.8
3215,0.5714285714285714,3.2857142857142856,0.17391304347826086,15.571428571428571,18.857142857142858,2.0,0.7142857142857143,2.7142857142857144,879.1428571428571,82.14285714285714,375.2439999999995,781.4285714285714
3136,0.8055555555555556,5.055555555555555,0.15934065934065933,9.055555555555555,14.11111111111111,1.0833333333333333,3.1666666666666665,4.25,893.3333333333334,66.58333333333333,290.08386206896506,217.25
3087,0.3333333333333333,7.904761904761905,0.04216867469879518,25.714285714285715,33.61904761904762,3.8095238095238093,3.761904761904762,7.571428571428571,1404.6666666666667,161.57142857142858,406.55842857142846,989.4761904761905
2924,0.8,3.422222222222222,0.23376623376623376,9.466666666666667,12.88888888888889,1.5777777777777777,1.0444444444444445,2.6222222222222222,303.24444444444447,39.37777777777778,58.44119444444425,167.64444444444445
3092,0.25,7.083333333333333,0.03529411764705882,30.25,37.333333333333336,3.9166666666666665,2.9166666666666665,6.833333333333333,1418.1666666666667,203.83333333333334,1310.5713333333345,1355.1666666666667
3058,0.9444444444444444,2.3333333333333335,0.40476190476190477,13.166666666666666,15.5,1.0555555555555556,0.3333333333333333,1.3888888888888888,845.0,61.22222222222222,195.5684117647046,599.0
3053,0.8235294117647058,2.3529411764705883,0.35,10.764705882352942,13.117647058823529,0.35294117647058826,1.1764705882352942,1.5294117647058822,947.7058823529412,61.35294117647059,183.8542142857139,369.0
3051,0.782608695652174,4.173913043478261,0.1875,12.565217391304348,16.73913043478261,2.0434782608695654,1.3478260869565217,3.391304347826087,1252.4347826086957,76.47826086956522,44.82427777777781,476.0
3057,0.8421052631578947,2.6842105263157894,0.3137254901960784,13.421052631578947,16.105263157894736,1.368421052631579,0.47368421052631576,1.8421052631578947,1299.7894736842106,81.10526315789474,462.28881250000256,572.2105263157895
2969,0.5,17.55,0.02849002849002849,26.65,44.2,13.2,3.85,17.05,1347.45,165.95,240.89179999999948,757.45
3052,0.7272727272727273,16.636363636363637,0.04371584699453552,18.181818181818183,34.81818181818182,2.3636363636363638,13.545454545454545,15.909090909090908,1635.4545454545455,101.0,612.2286249999956,422.3636363636364
3054,0.8333333333333334,1.9444444444444444,0.42857142857142855,8.38888888888889,10.333333333333334,0.4444444444444444,0.6666666666666666,1.1111111111111112,825.1666666666666,69.5,19.159800000000146,539.3333333333334
3214,0.8571428571428571,5.285714285714286,0.16216216216216217,29.714285714285715,35.0,2.857142857142857,1.5714285714285714,4.428571428571429,2800.1428571428573,213.71428571428572,882.2050000000077,2850.5714285714284
3034,0.7916666666666666,7.541666666666667,0.10497237569060773,21.833333333333332,29.375,1.5416666666666667,5.208333333333333,6.75,1265.8333333333333,93.29166666666667,437.21784210526204,538.25
3090,0.5333333333333333,3.4,0.1568627450980392,22.933333333333334,26.333333333333332,2.2666666666666666,0.6,2.8666666666666667,844.0,109.93333333333334,432.1135000000006,697.8
3055,0.8823529411764706,4.588235294117647,0.19230769230769232,15.058823529411764,19.647058823529413,2.764705882352941,0.9411764705882353,3.7058823529411766,1121.1764705882354,86.41176470588235,120.40093333333174,587.5294117647059
3059,0.6923076923076923,8.76923076923077,0.07894736842105263,24.384615384615383,33.15384615384615,6.153846153846154,1.9230769230769231,8.076923076923077,981.6923076923077,74.23076923076923,302.58422222222174,480.84615384615387
3056,0.75,1.5,0.5,15.75,17.25,0.5,0.25,0.75,450.0,33.25,0.0,492.25
3185,1.0,1.4444444444444444,0.6923076923076923,10.11111111111111,11.555555555555555,0.2222222222222222,0.2222222222222222,0.4444444444444444,531.2222222222222,42.77777777777778,134.95988888888778,200.22222222222223
3177,0.875,4.625,0.1891891891891892,13.291666666666666,17.916666666666668,2.4166666666666665,1.3333333333333333,3.75,1278.375,88.375,116.24661904761821,572.75
3065,0.625,5.8125,0.10752688172043011,56.375,62.1875,4.0,1.1875,5.1875,1288.125,169.6875,260.45050000000003,884.5
3219,0.0,2.6666666666666665,0.0,19.0,21.666666666666668,2.3333333333333335,0.3333333333333333,2.6666666666666665,895.3333333333334,70.0,,897.0
2543,0.0,4.0,0.0,74.5,78.5,3.5,0.5,4.0,2565.0,318.5,,1810.5
2940,0.9090909090909091,12.545454545454545,0.07246376811594203,10.090909090909092,22.636363636363637,4.545454545454546,7.090909090909091,11.636363636363637,376.90909090909093,49.63636363636363,375.5540999999996,189.36363636363637
2942,0.6666666666666666,2.5555555555555554,0.2608695652173913,19.0,21.555555555555557,1.3333333333333333,0.5555555555555556,1.8888888888888888,909.7777777777778,130.77777777777777,228.4131666666665,592.1111111111111
2946,0.6666666666666666,4.055555555555555,0.1643835616438356,20.444444444444443,24.5,2.3333333333333335,1.0555555555555556,3.388888888888889,724.8333333333334,111.0,0.0,496.1666666666667
2941,0.6,7.7,0.07792207792207792,16.9,24.6,5.6,1.5,7.1,592.5,92.0,56.61750000000001,299.7
2943,0.5555555555555556,6.444444444444445,0.08620689655172414,17.0,23.444444444444443,0.3333333333333333,5.555555555555555,5.888888888888889,501.6666666666667,66.0,0.0,427.22222222222223
2945,0.5454545454545454,32.63636363636363,0.016713091922005572,14.545454545454545,47.18181818181818,9.0,23.09090909090909,32.09090909090909,697.9090909090909,111.9090909090909,272.01683333333295,326.72727272727275
2944,0.75,5.625,0.13333333333333333,18.0625,23.6875,1.25,3.625,4.875,682.5,110.3125,13.732083333333337,439.375
2939,0.875,5.125,0.17073170731707318,21.0,26.125,1.875,2.375,4.25,672.5,102.0,518.7407142857139,472.625
2947,0.5,7.666666666666667,0.06521739130434782,29.333333333333332,37.0,3.3333333333333335,3.8333333333333335,7.166666666666667,1193.5,167.5,229.07233333333343,1056.3333333333333
2938,0.8461538461538461,4.076923076923077,0.20754716981132076,8.653846153846153,12.73076923076923,0.9230769230769231,2.3076923076923075,3.230769230769231,832.8846153846154,49.84615384615385,64.48563636363622,232.73076923076923
2949,0.7272727272727273,2.3636363636363638,0.3076923076923077,8.0,10.363636363636363,1.6363636363636365,0.0,1.6363636363636365,480.09090909090907,86.9090909090909,0.0,197.9090909090909
2951,0.9090909090909091,3.5454545454545454,0.2564102564102564,9.818181818181818,13.363636363636363,1.0,1.6363636363636365,2.6363636363636362,346.27272727272725,52.63636363636363,68.60169999999991,203.8181818181818
2950,1.0,5.666666666666667,0.17647058823529413,6.333333333333333,12.0,4.0,0.6666666666666666,4.666666666666667,454.0,64.33333333333333,0.0,279.3333333333333
3229,1.0,1.6097560975609757,0.6212121212121212,2.1219512195121952,3.731707317073171,0.12195121951219512,0.4878048780487805,0.6097560975609756,147.97560975609755,12.902439024390244,105.14743902439018,53.8780487804878
3371,0.8780487804878049,2.926829268292683,0.3,15.073170731707316,18.0,1.1219512195121952,0.926829268292683,2.048780487804878,1485.4878048780488,74.63414634146342,146.16913888888757,278.9512195121951
3368,0.9411764705882353,2.823529411764706,0.3333333333333333,15.117647058823529,17.941176470588236,0.7647058823529411,1.1176470588235294,1.8823529411764706,1486.8235294117646,84.05882352941177,98.22924999999913,340.11764705882354
3309,0.8656716417910447,5.417910447761194,0.15977961432506887,24.850746268656717,30.26865671641791,1.9701492537313432,2.582089552238806,4.552238805970149,2243.0,130.59701492537314,106.05387931034406,537.4925373134329
3388,0.9666666666666667,3.433333333333333,0.2815533980582524,17.233333333333334,20.666666666666668,1.7666666666666666,0.7,2.466666666666667,1504.3333333333333,69.36666666666666,194.52686206896323,437.2
3384,0.9032258064516129,3.6774193548387095,0.24561403508771928,17.741935483870968,21.419354838709676,2.032258064516129,0.7419354838709677,2.774193548387097,1751.3870967741937,90.35483870967742,260.86210714285625,305.3225806451613
3386,0.9090909090909091,9.727272727272727,0.09345794392523364,17.136363636363637,26.863636363636363,6.454545454545454,2.3636363636363638,8.818181818181818,2114.7272727272725,104.77272727272727,242.84799999999808,497.8636363636364
3370,0.875,3.4583333333333335,0.25301204819277107,16.833333333333332,20.291666666666668,1.4166666666666667,1.1666666666666667,2.5833333333333335,905.125,40.666666666666664,61.86038095238068,238.375
3385,0.8823529411764706,2.911764705882353,0.30303030303030304,15.382352941176471,18.294117647058822,1.1176470588235294,0.9117647058823529,2.0294117647058822,1501.3529411764705,77.23529411764706,10.68330000000004,337.55882352941177
3383,0.868421052631579,4.947368421052632,0.17553191489361702,11.921052631578947,16.86842105263158,2.1578947368421053,1.9210526315789473,4.078947368421052,1170.7631578947369,49.44736842105263,208.52884848484828,176.92105263157896
3387,0.9333333333333333,2.8333333333333335,0.32941176470588235,18.2,21.033333333333335,1.4333333333333333,0.4666666666666667,1.9,1530.8666666666666,75.0,150.20650000000106,354.9
3369,1.0,3.142857142857143,0.3181818181818182,11.964285714285714,15.107142857142858,1.2857142857142858,0.8571428571428571,2.142857142857143,1141.5714285714287,65.71428571428571,267.11224999999865,206.75
3590,0.9418604651162791,2.2906976744186047,0.41116751269035534,10.5,12.790697674418604,0.6976744186046512,0.6511627906976745,1.3488372093023255,1369.8837209302326,61.55813953488372,161.63564197530832,395.24418604651163
3678,0.9148936170212766,2.25531914893617,0.4056603773584906,17.425531914893618,19.680851063829788,0.8723404255319149,0.46808510638297873,1.3404255319148937,1744.4893617021276,96.38297872340425,466.17769767442974,314.63829787234044
3589,0.8666666666666667,3.188888888888889,0.27177700348432055,9.455555555555556,12.644444444444444,1.2222222222222223,1.1,2.3222222222222224,1421.8333333333333,65.5111111111111,133.42449999999872,326.68888888888887
3584,0.78125,3.1875,0.24509803921568626,13.0,16.1875,1.21875,1.1875,2.40625,1813.5,101.21875,340.26364,429.9375
3680,0.9347826086956522,2.630434782608696,0.35537190082644626,16.717391304347824,19.347826086956523,0.9130434782608695,0.782608695652174,1.6956521739130435,1758.4782608695652,82.54347826086956,277.89525581395253,292.2826086956522
3679,0.8823529411764706,2.3529411764705883,0.375,15.07843137254902,17.431372549019606,0.8627450980392157,0.6078431372549019,1.4705882352941178,1510.4901960784314,72.54901960784314,223.1686666666662,333.72549019607845
2885,0.8,5.8,0.13793103448275862,22.9,28.7,3.3,1.7,5.0,3021.7,164.9,804.7246250000247,669.2
3591,0.9305555555555556,2.0416666666666665,0.4557823129251701,7.333333333333333,9.375,0.4444444444444444,0.6666666666666666,1.1111111111111112,1164.513888888889,51.80555555555556,92.85770149253764,243.27777777777777
3586,0.9036144578313253,2.9036144578313254,0.3112033195020747,9.975903614457831,12.879518072289157,1.0240963855421688,0.9759036144578314,2.0,1414.0481927710844,72.3855421686747,44.580226666666086,320.0843373493976
3593,0.9090909090909091,2.8701298701298703,0.3167420814479638,11.194805194805195,14.064935064935066,0.948051948051948,1.0129870129870129,1.9610389610389611,1562.077922077922,70.32467532467533,167.91728571428365,404.42857142857144
3585,0.3333333333333333,4.0,0.08333333333333333,20.333333333333332,24.333333333333332,2.6666666666666665,1.0,3.6666666666666665,1819.3333333333333,74.66666666666667,0.0,895.0
3681,0.9487179487179487,2.2051282051282053,0.43023255813953487,19.41025641025641,21.615384615384617,0.38461538461538464,0.8717948717948718,1.2564102564102564,1332.5641025641025,71.56410256410257,173.17199999999843,452.56410256410254
3677,0.9545454545454546,2.6818181818181817,0.3559322033898305,11.727272727272727,14.409090909090908,0.9772727272727273,0.75,1.7272727272727273,1341.159090909091,59.95454545454545,269.65099999999705,286.8863636363636
3582,0.8285714285714286,2.7714285714285714,0.29896907216494845,11.4,14.17142857142857,1.4,0.5428571428571428,1.9428571428571428,1334.5714285714287,76.85714285714286,260.72213793103595,335.9714285714286
2884,0.75,6.75,0.1111111111111111,24.25,31.0,3.75,2.25,6.0,3675.625,209.125,0.0,824.625
3672,0.9142857142857143,2.8857142857142857,0.31683168316831684,10.342857142857143,13.228571428571428,0.9714285714285714,1.0,1.9714285714285715,1181.2285714285715,53.25714285714286,349.4044374999991,206.28571428571428
3583,0.71875,2.8125,0.25555555555555554,13.84375,16.65625,0.65625,1.4375,2.09375,1465.4375,73.71875,396.301869565216,429.21875
3592,0.8181818181818182,4.090909090909091,0.2,14.0,18.09090909090909,2.212121212121212,1.0606060606060606,3.272727272727273,2432.969696969697,135.0909090909091,343.40133333333097,604.4848484848485
3587,0.95,2.1125,0.44970414201183434,10.5375,12.65,0.7125,0.45,1.1625,1240.125,52.95,222.1834473684198,299.1125
3588,0.9024390243902439,3.4878048780487805,0.25874125874125875,9.914634146341463,13.402439024390244,1.5121951219512195,1.0731707317073171,2.5853658536585367,1331.7926829268292,58.4390243902439,214.6888648648633,318.4024390243902
3682,0.9069767441860465,2.9302325581395348,0.30952380952380953,15.813953488372093,18.74418604651163,1.1395348837209303,0.8837209302325582,2.0232558139534884,1344.6279069767443,64.55813953488372,362.3235641025638,312.30232558139534
2886,0.0,22.0,0.0,40.0,62.0,13.0,9.0,22.0,5293.0,302.3333333333333,,1378.6666666666667
3536,0.5833333333333334,5.5,0.10606060606060606,18.583333333333332,24.083333333333332,3.9166666666666665,1.0,4.916666666666667,1503.6666666666667,66.5,65.18357142857127,246.33333333333334
3581,0.8260869565217391,4.739130434782608,0.1743119266055046,19.47826086956522,24.217391304347824,3.347826086956522,0.5652173913043478,3.9130434782608696,1435.1739130434783,58.73913043478261,128.92042105263084,411.8695652173913
3673,0.8108108108108109,4.108108108108108,0.19736842105263158,23.35135135135135,27.45945945945946,1.054054054054054,2.2432432432432434,3.2972972972972974,1703.054054054054,88.48648648648648,367.5702333333347,428.4594594594595
3535,0.6666666666666666,2.0,0.3333333333333333,19.333333333333332,21.333333333333332,1.0,0.3333333333333333,1.3333333333333333,1468.5,72.0,129.3234999999998,215.66666666666666
1017,0.6666666666666666,2.0,0.3333333333333333,1.0,3.0,0.6666666666666666,0.6666666666666666,1.3333333333333333,589.0,10.333333333333334,0.0,248.33333333333334
2895,0.7272727272727273,3.1818181818181817,0.22857142857142856,2.0,5.181818181818182,1.2727272727272727,1.1818181818181819,2.4545454545454546,899.0909090909091,31.545454545454547,0.0,89.18181818181819
1014,0.8571428571428571,2.642857142857143,0.32432432432432434,1.7857142857142858,4.428571428571429,1.0714285714285714,0.7142857142857143,1.7857142857142858,441.85714285714283,24.142857142857142,97.13808333333317,40.5
2894,1.0,3.6153846153846154,0.2765957446808511,1.2307692307692308,4.846153846153846,0.9230769230769231,1.6923076923076923,2.6153846153846154,632.3846153846154,42.30769230769231,143.08369230769077,206.07692307692307
3770,1.0,1.3846153846153846,0.7222222222222222,0.23076923076923078,1.6153846153846154,0.07692307692307693,0.3076923076923077,0.38461538461538464,134.76923076923077,3.1538461538461537,14.830461538461542,7.461538461538462
3769,1.0,3.769230769230769,0.2653061224489796,1.4615384615384615,5.230769230769231,2.1538461538461537,0.6153846153846154,2.769230769230769,514.0769230769231,37.92307692307692,47.63407692307688,105.61538461538461
1015,0.9230769230769231,3.769230769230769,0.24489795918367346,1.7692307692307692,5.538461538461538,1.9230769230769231,0.9230769230769231,2.8461538461538463,1011.6923076923077,31.076923076923077,215.73391666666612,108.84615384615384
1016,0.75,6.25,0.12,2.0,8.25,0.5,5.0,5.5,925.75,39.5,50.56333333333345,217.0
1804,0.0,2.0,0.0,0.0,2.0,0.0,2.0,2.0,914.0,16.0,,71.0
4236,0.8333333333333334,1.75,0.47619047619047616,1.4166666666666667,3.1666666666666665,0.4166666666666667,0.5,0.9166666666666666,490.6666666666667,13.166666666666666,0.0,38.5
825,0.9090909090909091,3.090909090909091,0.29411764705882354,1.4545454545454546,4.545454545454546,0.2727272727272727,1.9090909090909092,2.1818181818181817,647.3636363636364,35.0,42.351799999999756,74.27272727272727
2049,0.7333333333333333,4.8,0.1527777777777778,1.8666666666666667,6.666666666666667,1.6,2.466666666666667,4.066666666666666,1034.0,56.666666666666664,68.7532727272728,75.8
3774,0.6666666666666666,3.3333333333333335,0.2,1.3333333333333333,4.666666666666667,2.5,0.16666666666666666,2.6666666666666665,541.8333333333334,12.333333333333334,75.1140000000001,13.833333333333334
2426,1.0,1.0,1.0,1.0,2.0,0.0,0.0,0.0,,,,0.0
1446,0.5,2.5,0.2,1.5,4.0,1.0,1.0,2.0,166.0,8.5,0.0,29.0
1803,0.0,1.0,0.0,1.0,2.0,0.0,1.0,1.0,1269.0,22.0,,0.0
1800,1.0,1.0,1.0,1.0,2.0,0.0,0.0,0.0,,,,0.0
1801,0.0,10.0,0.0,0.5,10.5,2.5,7.5,10.0,1536.5,102.0,,213.0
3534,1.0,1.5,0.6666666666666666,8.25,9.75,0.5,0.0,0.5,754.0,26.0,134.06599999999793,39.5
2883,0.0,16.0,0.0,12.0,28.0,15.0,1.0,16.0,2120.0,105.0,,1120.0
3334,1.0,8.0,0.125,56.0,64.0,7.0,0.0,7.0,13608.0,850.0,0.0,4647.0
1855,1.0,7.0,0.14285714285714285,69.0,76.0,5.0,1.0,6.0,6566.0,414.0,0.0,1244.0
2442,1.0,4.0,0.25,18.0,22.0,3.0,0.0,3.0,1049.0,23.0,0.0,374.0
1386,1.0,7.0,0.14285714285714285,26.0,33.0,6.0,0.0,6.0,3852.0,140.0,1574.119999999984,515.0
2703,1.0,1.0,1.0,2.0,3.0,0.0,0.0,0.0,,,,0.0
1103,1.0,11.0,0.09090909090909091,43.0,54.0,10.0,0.0,10.0,4098.0,112.0,0.0,603.0
3335,1.0,1.0,1.0,5.0,6.0,0.0,0.0,0.0,,,,0.0
652,0.0,1.0,0.0,11.0,12.0,1.0,0.0,1.0,1678.0,121.0,,145.0
2043,1.0,1.0,1.0,3.0,4.0,0.0,0.0,0.0,,,,0.0
5367,0.8823529411764706,2.588235294117647,0.3409090909090909,8.117647058823529,10.705882352941176,0.7058823529411765,1.0,1.7058823529411764,1242.1176470588234,43.411764705882355,267.96813333333137,289.70588235294116
5256,0.9,3.05,0.29508196721311475,6.4,9.45,1.95,0.2,2.15,1155.65,47.05,74.89288888888855,123.95
5291,0.95,2.35,0.40425531914893614,27.5,29.85,1.05,0.35,1.4,2408.75,124.6,212.55152631579034,1092.25
5238,1.0,5.391304347826087,0.18548387096774194,14.08695652173913,19.47826086956522,3.9130434782608696,0.4782608695652174,4.391304347826087,1910.2173913043478,88.91304347826087,337.1397391304332,394.6521739130435
5382,0.8333333333333334,2.7777777777777777,0.3,15.555555555555555,18.333333333333332,1.0555555555555556,0.8888888888888888,1.9444444444444444,2001.0,85.94444444444444,121.75086666666607,699.1111111111111
5163,0.9418604651162791,2.488372093023256,0.37850467289719625,10.55813953488372,13.046511627906977,1.0116279069767442,0.5348837209302325,1.5465116279069768,817.0813953488372,49.27906976744186,95.79004938271558,238.46511627906978
5195,0.7333333333333333,2.533333333333333,0.2894736842105263,14.666666666666666,17.2,1.5333333333333334,0.26666666666666666,1.8,1835.2666666666667,87.93333333333334,562.3089999999949,424.93333333333334
5251,0.6666666666666666,8.955555555555556,0.07444168734491315,36.666666666666664,45.62222222222222,6.8,1.488888888888889,8.28888888888889,9705.622222222222,311.6222222222222,1382.8293333333872,3937.1555555555556
5245,0.88,6.2,0.14193548387096774,21.62,27.82,4.14,1.18,5.32,4666.8,173.98,384.5947045454497,1643.76
5190,0.9130434782608695,3.4347826086956523,0.26582278481012656,10.434782608695652,13.869565217391305,2.260869565217391,0.2608695652173913,2.5217391304347827,1602.608695652174,64.91304347826087,380.0056666666634,374.1304347826087
5290,0.9655172413793104,2.9655172413793105,0.32558139534883723,18.655172413793103,21.620689655172413,1.6551724137931034,0.3448275862068966,2.0,1709.1724137931035,71.48275862068965,288.9657142857145,499.0344827586207
5370,0.7619047619047619,7.523809523809524,0.10126582278481013,25.38095238095238,32.904761904761905,4.380952380952381,2.380952380952381,6.761904761904762,2532.285714285714,128.23809523809524,481.9331250000168,729.0952380952381
5171,0.9238095238095239,3.7333333333333334,0.24744897959183673,11.352380952380953,15.085714285714285,2.2666666666666666,0.5428571428571428,2.8095238095238093,956.9428571428572,50.23809523809524,105.15786597938116,201.59047619047618
5233,0.8260869565217391,5.043478260869565,0.16379310344827586,20.565217391304348,25.608695652173914,3.0434782608695654,1.173913043478261,4.217391304347826,1991.9565217391305,100.17391304347827,314.0153157894737,411.2173913043478
5258,0.8461538461538461,2.923076923076923,0.2894736842105263,18.076923076923077,21.0,1.6923076923076923,0.38461538461538464,2.076923076923077,2204.769230769231,102.61538461538461,67.90190909090876,858.6153846153846
5388,0.8095238095238095,4.476190476190476,0.18085106382978725,16.666666666666668,21.142857142857142,2.238095238095238,1.4285714285714286,3.6666666666666665,2493.0476190476193,121.71428571428571,539.1236470588129,910.2380952380952
5164,0.9418604651162791,3.383720930232558,0.27835051546391754,9.976744186046512,13.36046511627907,1.3488372093023255,1.0930232558139534,2.441860465116279,803.7441860465116,42.96511627906977,166.34239506172787,191.3372093023256
5189,0.9230769230769231,6.230769230769231,0.14814814814814814,17.0,23.23076923076923,4.538461538461538,0.7692307692307693,5.3076923076923075,1305.3846153846155,57.92307692307692,196.10924999999818,459.3076923076923
3580,0.9375,3.0,0.3125,15.625,18.625,1.1875,0.875,2.0625,2146.1875,131.25,148.5738666666656,582.8125
5237,0.8064516129032258,5.193548387096774,0.15527950310559005,11.806451612903226,17.0,3.4838709677419355,0.9032258064516129,4.387096774193548,2060.0967741935483,86.03225806451613,212.15259999999785,449.93548387096774
5253,1.0,1.0,1.0,2.9,3.9,0.0,0.0,0.0,186.2,1.4,52.24170000000013,57.4
1225,0.8947368421052632,5.052631578947368,0.17708333333333334,12.68421052631579,17.736842105263158,2.0,2.1578947368421053,4.157894736842105,2072.7894736842104,75.05263157894737,742.6004117647004,433.89473684210526
5289,0.7619047619047619,4.809523809523809,0.15841584158415842,20.476190476190474,25.285714285714285,3.4761904761904763,0.5714285714285714,4.0476190476190474,2497.0,125.47619047619048,394.2189999999945,637.6666666666666
5371,1.0,4.8,0.20833333333333334,13.7,18.5,0.9,2.9,3.8,1734.4,75.8,891.4012000000021,392.3
5294,1.0,3.25,0.3076923076923077,26.25,29.5,2.0,0.25,2.25,905.25,35.0,0.0,364.0
5167,0.9431818181818182,2.034090909090909,0.46368715083798884,8.852272727272727,10.886363636363637,0.6931818181818182,0.3977272727272727,1.0909090909090908,895.1136363636364,55.27272727272727,127.53361445783186,194.0681818181818
5292,0.8823529411764706,4.529411764705882,0.19480519480519481,32.588235294117645,37.11764705882353,2.8823529411764706,0.7647058823529411,3.6470588235294117,2919.0588235294117,175.94117647058823,653.042000000003,908.1764705882352
5384,0.9523809523809523,3.5238095238095237,0.2702702702702703,15.523809523809524,19.047619047619047,1.380952380952381,1.1904761904761905,2.5714285714285716,2194.0476190476193,121.52380952380952,256.72204999999695,704.047619047619
5188,0.958904109589041,3.3424657534246576,0.28688524590163933,7.493150684931507,10.835616438356164,1.8082191780821917,0.5753424657534246,2.3835616438356166,1027.972602739726,45.205479452054796,67.20782857142822,188.2054794520548
5257,0.9,1.8333333333333333,0.4909090909090909,9.533333333333333,11.366666666666667,0.6333333333333333,0.3,0.9333333333333333,1527.4666666666667,65.76666666666667,173.68588888888755,301.7
5169,0.8617021276595744,3.9468085106382977,0.2183288409703504,14.340425531914894,18.28723404255319,1.925531914893617,1.1595744680851063,3.0851063829787235,1141.3297872340424,71.06382978723404,130.21393827160475,221.80851063829786
5194,0.9259259259259259,8.481481481481481,0.1091703056768559,13.666666666666666,22.14814814814815,4.592592592592593,2.962962962962963,7.555555555555555,1601.888888888889,62.77777777777778,181.58799999999894,411.85185185185185
5162,0.96875,3.96875,0.2440944881889764,15.96875,19.9375,0.90625,2.09375,3.0,1503.84375,62.40625,236.02470967741664,387.40625
5259,0.967741935483871,3.5806451612903225,0.2702702702702703,14.612903225806452,18.193548387096776,2.3548387096774195,0.25806451612903225,2.6129032258064515,2027.774193548387,95.80645161290323,273.2800333333323,436.0
5248,0.75,9.5,0.07894736842105263,20.333333333333332,29.833333333333332,7.0,1.75,8.75,5247.083333333333,221.58333333333334,185.5215555555512,1426.1666666666667
5236,0.9130434782608695,3.6956521739130435,0.24705882352941178,19.695652173913043,23.391304347826086,2.4347826086956523,0.34782608695652173,2.782608695652174,1673.1304347826087,75.26086956521739,217.17995238095162,316.5217391304348
5286,0.8125,5.125,0.15853658536585366,29.375,34.5,3.5,0.8125,4.3125,3012.25,133.625,688.197307692314,905.875
5287,1.0,2.375,0.42105263157894735,18.375,20.75,1.1875,0.1875,1.375,2841.125,153.75,297.0426874999987,511.5
5386,0.8787878787878788,2.8181818181818183,0.3118279569892473,13.181818181818182,16.0,1.0303030303030303,0.9090909090909091,1.9393939393939394,2372.151515151515,113.3030303030303,288.27465517240995,658.6363636363636
5239,1.0,4.4,0.22727272727272727,11.64,16.04,2.2,1.2,3.4,1568.76,84.16,163.7986799999987,328.56
5254,0.8809523809523809,2.6666666666666665,0.33035714285714285,14.523809523809524,17.19047619047619,1.3333333333333333,0.4523809523809524,1.7857142857142858,1937.7857142857142,82.30952380952381,266.56081081081106,676.0238095238095
5390,0.9,4.65,0.1935483870967742,20.35,25.0,1.95,1.8,3.75,2641.85,116.9,225.24350000000027,1064.9
5193,0.8333333333333334,3.466666666666667,0.2403846153846154,14.833333333333334,18.3,1.5666666666666667,1.0666666666666667,2.6333333333333333,2867.266666666667,142.93333333333334,593.2810800000008,503.6
5231,0.8571428571428571,3.8095238095238093,0.225,18.047619047619047,21.857142857142858,2.6666666666666665,0.2857142857142857,2.9523809523809526,1989.6190476190477,99.95238095238095,178.50883333333184,310.0952380952381
5369,1.0,2.5652173913043477,0.3898305084745763,6.695652173913044,9.26086956521739,0.9565217391304348,0.6086956521739131,1.565217391304348,1068.7391304347825,31.0,411.31565217391324,248.52173913043478
5288,0.8260869565217391,3.739130434782609,0.22093023255813954,20.608695652173914,24.347826086956523,2.0869565217391304,0.8260869565217391,2.9130434782608696,2672.391304347826,150.1304347826087,680.9290000000018,657.304347826087
5240,0.9166666666666666,2.625,0.3492063492063492,12.708333333333334,15.333333333333334,0.5416666666666666,1.1666666666666667,1.7083333333333333,1128.625,58.333333333333336,32.82318181818152,290.0833333333333
5247,0.9,8.933333333333334,0.10074626865671642,22.4,31.333333333333332,3.7333333333333334,4.3,8.033333333333333,5580.466666666666,229.46666666666667,436.09192592592757,1450.2333333333333
3527,1.0,6.357142857142857,0.15730337078651685,23.0,29.357142857142858,4.285714285714286,1.0714285714285714,5.357142857142857,1743.5714285714287,81.42857142857143,370.05135714285564,345.42857142857144
5166,0.8979591836734694,2.3469387755102042,0.3826086956521739,10.357142857142858,12.704081632653061,1.0,0.4489795918367347,1.4489795918367347,884.6326530612245,49.19387755102041,131.3295909090905,212.39795918367346
5172,0.9066666666666666,3.8266666666666667,0.23693379790940766,11.253333333333334,15.08,2.3866666666666667,0.5333333333333333,2.92,860.12,45.026666666666664,89.89095588235233,183.69333333333333
5168,0.9150943396226415,3.9056603773584904,0.23429951690821257,12.283018867924529,16.18867924528302,2.3867924528301887,0.6037735849056604,2.990566037735849,1098.5849056603774,63.0,82.72638144329834,228.04716981132074
5197,1.0,3.972972972972973,0.25170068027210885,7.594594594594595,11.567567567567568,2.5405405405405403,0.43243243243243246,2.972972972972973,1080.918918918919,45.54054054054054,154.78383783783644,169.75675675675674
5170,0.9,2.825,0.3185840707964602,11.375,14.2,1.3875,0.5375,1.925,1048.05,65.0,202.16402777777546,218.55
5283,0.9285714285714286,3.857142857142857,0.24074074074074073,24.607142857142858,28.464285714285715,2.6785714285714284,0.25,2.9285714285714284,2371.75,136.17857142857142,576.6901538461557,675.6428571428571
3524,0.7619047619047619,4.238095238095238,0.1797752808988764,34.333333333333336,38.57142857142857,2.857142857142857,0.6190476190476191,3.4761904761904763,2083.714285714286,83.66666666666667,736.575375000012,620.2857142857143
5303,1.0,1.35,0.7407407407407407,7.9,9.25,0.2,0.15,0.35,266.7,16.45,20.06829999999993,155.55
5385,0.9545454545454546,4.0,0.23863636363636365,10.090909090909092,14.090909090909092,1.7727272727272727,1.2727272727272727,3.0454545454545454,1558.909090909091,68.45454545454545,341.367809523805,356.8636363636364
5304,0.7777777777777778,2.888888888888889,0.2692307692307692,25.055555555555557,27.944444444444443,1.7777777777777777,0.3333333333333333,2.111111111111111,2097.1666666666665,94.66666666666667,0.0,691.0555555555555
3525,0.6666666666666666,2.2,0.30303030303030304,18.133333333333333,20.333333333333332,1.2666666666666666,0.26666666666666666,1.5333333333333334,1365.2666666666667,60.13333333333333,273.89049999999804,337.53333333333336
5234,0.9523809523809523,5.380952380952381,0.17699115044247787,19.476190476190474,24.857142857142858,3.761904761904762,0.6666666666666666,4.428571428571429,1946.2857142857142,94.52380952380952,72.4603499999996,379.7142857142857
5383,0.9615384615384616,2.8461538461538463,0.33783783783783783,20.76923076923077,23.615384615384617,1.1153846153846154,0.7692307692307693,1.8846153846153846,2900.3076923076924,132.15384615384616,276.1553599999992,1051.1538461538462
5311,0.8695652173913043,2.739130434782609,0.31746031746031744,14.478260869565217,17.217391304347824,1.3478260869565217,0.5217391304347826,1.8695652173913044,1552.608695652174,71.43478260869566,15.734900000000057,315.39130434782606
5309,0.8125,5.1875,0.1566265060240964,24.5,29.6875,3.5625,0.8125,4.375,1835.8125,97.5,329.9926153846136,348.0
5191,1.0,2.2222222222222223,0.45,8.333333333333334,10.555555555555555,1.2222222222222223,0.0,1.2222222222222223,1105.888888888889,24.11111111111111,113.66655555555447,183.66666666666666
5244,0.8666666666666667,5.2,0.16666666666666666,17.133333333333333,22.333333333333332,4.133333333333334,0.2,4.333333333333333,2691.5333333333333,114.66666666666667,672.8956153846276,547.2666666666667
5260,0.8181818181818182,3.5454545454545454,0.23076923076923078,13.545454545454545,17.09090909090909,2.272727272727273,0.45454545454545453,2.727272727272727,2473.181818181818,127.63636363636364,407.9676666666735,679.1818181818181
5299,0.75,2.4166666666666665,0.3103448275862069,18.083333333333332,20.5,1.5833333333333333,0.08333333333333333,1.6666666666666667,1405.6666666666667,61.916666666666664,283.3953333333309,534.5833333333334
5196,0.8888888888888888,5.592592592592593,0.15894039735099338,17.0,22.59259259259259,3.740740740740741,0.9629629629629629,4.703703703703703,2077.037037037037,87.14814814814815,288.5365833333306,499.2962962962963
5374,0.8695652173913043,2.260869565217391,0.38461538461538464,17.91304347826087,20.17391304347826,0.8260869565217391,0.5652173913043478,1.391304347826087,2328.0434782608695,110.82608695652173,495.9082000000006,587.5217391304348
5235,0.9310344827586207,7.241379310344827,0.12857142857142856,20.448275862068964,27.689655172413794,5.758620689655173,0.5517241379310345,6.310344827586207,2165.5862068965516,103.86206896551724,312.96014814815,505.7931034482759
5250,0.8,9.933333333333334,0.08053691275167785,20.466666666666665,30.4,7.866666666666666,1.2666666666666666,9.133333333333333,5673.666666666667,208.46666666666667,722.1135833333482,1520.7333333333333
5255,0.8709677419354839,2.225806451612903,0.391304347826087,12.096774193548388,14.32258064516129,0.967741935483871,0.3870967741935484,1.3548387096774193,2519.1290322580644,84.25806451612904,181.47881481481292,686.2903225806451
5308,0.9375,3.5,0.26785714285714285,12.6875,16.1875,1.8125,0.75,2.5625,1137.25,40.875,206.70659999999958,238.1875
5252,1.0,7.3,0.136986301369863,16.0,23.3,5.2,1.1,6.3,2983.9,107.0,502.1376999999984,459.5
5313,0.8,1.9,0.42105263157894735,10.9,12.8,1.1,0.0,1.1,532.1,21.9,84.09999999999839,135.5
5302,0.9285714285714286,2.357142857142857,0.3939393939393939,14.5,16.857142857142858,1.3571428571428572,0.07142857142857142,1.4285714285714286,1075.142857142857,63.214285714285715,120.95238461538399,243.92857142857142
5165,0.9367088607594937,3.5316455696202533,0.26523297491039427,9.873417721518987,13.405063291139241,2.0632911392405062,0.5316455696202531,2.5949367088607596,846.620253164557,49.48101265822785,75.61864864864962,177.9620253164557
5192,1.0,2.0,0.5,5.611111111111111,7.611111111111111,0.5,0.5,1.0,940.8888888888889,41.833333333333336,257.7333333333307,178.38888888888889
5269,0.65,5.15,0.1262135922330097,26.1,31.25,3.45,1.05,4.5,2925.4,155.65,37.85999999999987,795.35
3526,0.88,2.96,0.2972972972972973,11.8,14.76,1.48,0.6,2.08,1422.32,53.72,78.90186363636313,312.88
5300,0.8571428571428571,3.0714285714285716,0.27906976744186046,18.214285714285715,21.285714285714285,1.3214285714285714,0.8928571428571429,2.2142857142857144,1691.8214285714287,91.46428571428571,378.84337499999924,427.67857142857144
5307,0.7333333333333333,3.7333333333333334,0.19642857142857142,20.933333333333334,24.666666666666668,2.533333333333333,0.4666666666666667,3.0,1459.2,67.06666666666666,377.2086363636368,277.8666666666667
5246,0.7894736842105263,6.973684210526316,0.11320754716981132,22.13157894736842,29.105263157894736,4.368421052631579,1.8157894736842106,6.184210526315789,5166.394736842105,188.81578947368422,431.7025666666626,1434.2368421052631
5187,1.0,1.8333333333333333,0.5454545454545454,4.333333333333333,6.166666666666667,0.5,0.3333333333333333,0.8333333333333334,848.0,33.666666666666664,0.0,177.5
5387,0.875,2.3125,0.3783783783783784,12.1875,14.5,0.9375,0.5,1.4375,3050.375,155.0,200.9366428571398,786.5
5293,0.9047619047619048,2.6666666666666665,0.3392857142857143,13.0,15.666666666666666,1.2857142857142858,0.47619047619047616,1.7619047619047619,1843.142857142857,83.0,138.61389473684147,429.3809523809524
5306,0.9230769230769231,4.923076923076923,0.1875,16.615384615384617,21.53846153846154,1.9230769230769231,2.076923076923077,4.0,1185.1538461538462,46.15384615384615,18.898916666666683,270.53846153846155
5310,0.8125,2.5625,0.3170731707317073,15.625,18.1875,1.25,0.5,1.75,1581.6875,75.9375,248.115461538464,316.3125
5301,0.875,1.625,0.5384615384615384,10.0625,11.6875,0.6875,0.0625,0.75,618.5,30.375,69.82085714285662,143.4375
5389,0.9130434782608695,3.5217391304347827,0.25925925925925924,17.347826086956523,20.869565217391305,1.173913043478261,1.434782608695652,2.608695652173913,2363.8260869565215,94.91304347826087,379.21700000000504,916.1304347826087
5241,0.8888888888888888,2.259259259259259,0.39344262295081966,13.11111111111111,15.37037037037037,1.2592592592592593,0.1111111111111111,1.3703703703703705,1366.4814814814815,66.74074074074075,255.14474999999948,159.66666666666666
5305,0.9,4.5,0.2,27.8,32.3,3.2,0.4,3.6,2116.3,110.8,0.0,562.6
5312,0.8947368421052632,1.6842105263157894,0.53125,16.05263157894737,17.736842105263158,0.631578947368421,0.15789473684210525,0.7894736842105263,1087.6842105263158,80.10526315789474,79.29635294117594,356.89473684210526
5249,0.6206896551724138,4.655172413793103,0.13333333333333333,21.24137931034483,25.896551724137932,2.206896551724138,1.8275862068965518,4.0344827586206895,8004.0344827586205,307.51724137931035,621.9983333333414,2708.5862068965516
5296,1.0,3.0,0.3333333333333333,25.5,28.5,1.5,0.5,2.0,1864.5,67.0,0.0,269.5
5297,1.0,3.0,0.3333333333333333,24.0,27.0,2.0,0.0,2.0,1348.0,55.0,1174.3749999999943,184.0
5295,1.0,2.0,0.5,15.0,17.0,1.0,0.0,1.0,1106.5,47.0,0.0,96.0
5019,0.8571428571428571,5.095238095238095,0.16822429906542055,12.19047619047619,17.285714285714285,3.5238095238095237,0.7142857142857143,4.238095238095238,1511.4761904761904,62.142857142857146,67.77927777777766,266.42857142857144
5626,0.9710144927536232,1.9275362318840579,0.5037593984962406,7.333333333333333,9.26086956521739,0.8985507246376812,0.057971014492753624,0.9565217391304348,845.6376811594203,40.14492753623188,82.82277611940249,183.0
5623,0.9473684210526315,1.986842105263158,0.4768211920529801,6.776315789473684,8.763157894736842,0.4868421052631579,0.5526315789473685,1.0394736842105263,776.3026315789474,32.0,78.98181944444391,250.76315789473685
5624,0.9047619047619048,2.8095238095238093,0.3220338983050847,12.0,14.80952380952381,1.2857142857142858,0.6190476190476191,1.9047619047619047,1251.0,78.76190476190476,166.821105263159,298.7142857142857
5625,0.9436619718309859,2.591549295774648,0.3641304347826087,12.23943661971831,14.830985915492958,0.7887323943661971,0.8591549295774648,1.647887323943662,1511.6901408450703,78.73239436619718,90.71110447761104,417.8732394366197
5627,0.9411764705882353,2.176470588235294,0.43243243243243246,8.235294117647058,10.411764705882353,1.0,0.23529411764705882,1.2352941176470589,1294.3529411764705,50.35294117647059,101.1844374999997,232.8235294117647
5622,1.0,1.6,0.625,8.6,10.2,0.5,0.1,0.6,474.4,25.2,0.0,123.1
6337,0.75,3.25,0.23076923076923078,19.125,22.375,1.875,0.625,2.5,2089.9375,97.5,22.06866666666673,532.75
5950,0.9285714285714286,2.2857142857142856,0.40625,8.178571428571429,10.464285714285714,0.8214285714285714,0.5357142857142857,1.3571428571428572,1215.0714285714287,50.17857142857143,85.62026923076876,247.64285714285714
6325,1.0,2.4,0.4166666666666667,19.7,22.1,1.4,0.0,1.4,1099.4,55.4,59.67679999999981,350.4
6173,0.9791666666666666,2.5208333333333335,0.3884297520661157,11.75,14.270833333333334,0.4583333333333333,1.0833333333333333,1.5416666666666667,943.2291666666666,49.729166666666664,220.41889361701934,226.5
6360,0.9672131147540983,4.049180327868853,0.2388663967611336,17.75409836065574,21.80327868852459,2.377049180327869,0.7049180327868853,3.081967213114754,1062.8688524590164,49.78688524590164,62.44133898305046,328.55737704918033
6376,1.0,2.914285714285714,0.3431372549019608,13.028571428571428,15.942857142857143,0.6571428571428571,1.2571428571428571,1.9142857142857144,1829.2,87.17142857142858,286.85014285714385,373.65714285714284
5918,0.9375,1.4375,0.6521739130434783,4.375,5.8125,0.1875,0.3125,0.5,259.875,20.9375,0.0,30.25
6199,0.8923076923076924,3.6615384615384614,0.24369747899159663,11.784615384615385,15.446153846153846,1.9384615384615385,0.8307692307692308,2.769230769230769,1360.9076923076923,70.2,127.45153448275721,265.89230769230767
6146,1.0,4.266666666666667,0.234375,13.8,18.066666666666666,2.6666666666666665,0.6,3.2666666666666666,1417.1333333333334,84.73333333333333,47.220999999999975,244.93333333333334
6210,0.9285714285714286,2.8095238095238093,0.3305084745762712,9.904761904761905,12.714285714285714,1.5476190476190477,0.3333333333333333,1.880952380952381,801.1666666666666,34.476190476190474,95.24717948717888,147.21428571428572
6072,1.0,2.0,0.5,7.818181818181818,9.818181818181818,0.6363636363636364,0.36363636363636365,1.0,1063.8181818181818,91.9090909090909,27.94490909090913,170.72727272727272
6316,0.9230769230769231,2.5,0.36923076923076925,9.153846153846153,11.653846153846153,0.8076923076923077,0.7692307692307693,1.5769230769230769,1422.423076923077,61.34615384615385,282.53949999999645,352.1923076923077
5929,0.9466666666666667,2.1333333333333333,0.44375,9.746666666666666,11.88,0.6533333333333333,0.5333333333333333,1.1866666666666668,729.3066666666666,49.29333333333334,16.017971830985818,210.52
6220,0.7692307692307693,4.5,0.17094017094017094,12.346153846153847,16.846153846153847,2.3076923076923075,1.4230769230769231,3.730769230769231,987.6538461538462,48.38461538461539,25.007249999999846,185.92307692307693
6107,0.9666666666666667,2.5,0.38666666666666666,7.266666666666667,9.766666666666667,1.3666666666666667,0.16666666666666666,1.5333333333333334,896.5,33.46666666666667,92.26534482758522,135.03333333333333
6004,0.9565217391304348,2.630434782608696,0.36363636363636365,7.282608695652174,9.91304347826087,0.6304347826086957,1.0434782608695652,1.673913043478261,737.0652173913044,37.23913043478261,48.97540909090898,152.54347826086956
6371,0.9206349206349206,5.349206349206349,0.17210682492581603,15.698412698412698,21.047619047619047,2.888888888888889,1.5396825396825398,4.428571428571429,1805.2539682539682,88.42857142857143,237.65955172413706,398.93650793650795
6346,0.9512195121951219,3.1219512195121952,0.3046875,12.829268292682928,15.951219512195122,1.7317073170731707,0.43902439024390244,2.1707317073170733,1005.5853658536586,61.68292682926829,205.48002564102384,231.85365853658536
6152,0.9166666666666666,1.5833333333333333,0.5789473684210527,6.416666666666667,8.0,0.4166666666666667,0.25,0.6666666666666666,542.5833333333334,25.333333333333332,13.647727272727309,77.75
6071,1.0,1.5454545454545454,0.6470588235294118,6.181818181818182,7.7272727272727275,0.45454545454545453,0.09090909090909091,0.5454545454545454,183.54545454545453,7.2727272727272725,70.28236363636348,48.90909090909091
6361,0.9761904761904762,4.023809523809524,0.24260355029585798,19.928571428571427,23.952380952380953,2.2857142857142856,0.7619047619047619,3.0476190476190474,1060.5714285714287,65.07142857142857,209.39170731707202,261.8809523809524
6315,0.9523809523809523,2.9523809523809526,0.3225806451612903,12.80952380952381,15.761904761904763,0.9047619047619048,1.0952380952380953,2.0,1327.4761904761904,56.142857142857146,128.98219999999884,549.2380952380952
6198,0.9076923076923077,4.923076923076923,0.184375,8.953846153846154,13.876923076923077,2.8153846153846156,1.2,4.015384615384615,1234.3538461538462,58.646153846153844,124.8189491525416,256.0153846153846
5923,1.0,1.5,0.6666666666666666,4.75,6.25,0.4166666666666667,0.08333333333333333,0.5,102.16666666666667,8.666666666666666,0.0,23.416666666666668
5937,0.875,4.75,0.18421052631578946,12.5625,17.3125,2.8333333333333335,1.0416666666666667,3.875,1254.0208333333333,69.89583333333333,67.19621428571347,293.625
6352,0.8857142857142857,4.057142857142857,0.21830985915492956,11.028571428571428,15.085714285714285,1.9428571428571428,1.2285714285714286,3.1714285714285713,1083.3428571428572,59.457142857142856,33.27974193548384,242.68571428571428
5921,0.9166666666666666,1.3333333333333333,0.6875,7.333333333333333,8.666666666666666,0.08333333333333333,0.3333333333333333,0.4166666666666667,1099.5,65.5,13.462272727272763,277.8333333333333
6109,0.9615384615384616,1.1923076923076923,0.8064516129032258,6.461538461538462,7.653846153846154,0.19230769230769232,0.038461538461538464,0.23076923076923078,465.2307692307692,16.923076923076923,45.25179999999965,151.42307692307693
6330,0.5714285714285714,6.428571428571429,0.08888888888888889,23.857142857142858,30.285714285714285,1.8571428571428572,4.0,5.857142857142857,2343.5714285714284,102.28571428571429,447.15849999999125,755.5714285714286
6341,0.8571428571428571,4.0,0.21428571428571427,18.428571428571427,22.428571428571427,1.5714285714285714,1.5714285714285714,3.142857142857143,2071.714285714286,116.57142857142857,0.0,328.2857142857143
6374,0.9302325581395349,3.046511627906977,0.3053435114503817,15.255813953488373,18.302325581395348,0.9534883720930233,1.1627906976744187,2.116279069767442,1921.5581395348838,99.0,182.3875749999975,468.04651162790697
6003,1.0,2.0416666666666665,0.4897959183673469,8.416666666666666,10.458333333333334,0.6666666666666666,0.375,1.0416666666666667,658.875,29.6875,71.70618749999899,193.25
6247,1.0,2.4242424242424243,0.4125,9.696969696969697,12.121212121212121,1.0303030303030303,0.3939393939393939,1.4242424242424243,989.6969696969697,51.24242424242424,60.343424242423666,199.15151515151516
6008,0.9347826086956522,2.9130434782608696,0.3208955223880597,6.782608695652174,9.695652173913043,1.1956521739130435,0.782608695652174,1.9782608695652173,722.7391304347826,32.91304347826087,73.3416511627902,129.2826086956522
6206,0.7966101694915254,4.186440677966102,0.1902834008097166,11.932203389830509,16.11864406779661,2.1864406779661016,1.2033898305084745,3.389830508474576,1012.6271186440678,54.0,79.34097872340402,179.66101694915255
5999,0.9574468085106383,2.702127659574468,0.3543307086614173,7.553191489361702,10.25531914893617,1.1063829787234043,0.6382978723404256,1.7446808510638299,497.8936170212766,20.425531914893618,23.313266666666685,122.72340425531915
5946,0.9649122807017544,3.0,0.3216374269005848,10.473684210526315,13.473684210526315,1.1929824561403508,0.8421052631578947,2.0350877192982457,1410.561403508772,66.71929824561404,120.47927272727112,309.1578947368421
5932,0.8870967741935484,1.7903225806451613,0.4954954954954955,14.03225806451613,15.82258064516129,0.43548387096774194,0.46774193548387094,0.9032258064516129,869.0322580645161,54.854838709677416,1.719927272727274,273.3709677419355
5920,0.9230769230769231,1.5384615384615385,0.6,3.769230769230769,5.3076923076923075,0.23076923076923078,0.38461538461538464,0.6153846153846154,281.38461538461536,18.384615384615383,129.84841666666645,49.46153846153846
6328,0.875,2.0,0.4375,6.125,8.125,0.5,0.625,1.125,424.25,20.625,81.20128571428542,143.25
6222,0.7931034482758621,3.413793103448276,0.23232323232323232,20.379310344827587,23.79310344827586,1.9655172413793103,0.6551724137931034,2.6206896551724137,1838.7241379310344,120.82758620689656,152.3147826086951,298.7241379310345
6073,0.9285714285714286,2.2857142857142856,0.40625,10.785714285714286,13.071428571428571,1.1428571428571428,0.21428571428571427,1.3571428571428572,841.4285714285714,39.785714285714285,35.46930769230767,143.57142857142858
6144,1.0,2.1,0.47619047619047616,8.9,11.0,0.5,0.6,1.1,793.4,28.1,159.18899999999854,130.1
6111,0.9523809523809523,2.761904761904762,0.3448275862068966,3.1904761904761907,5.9523809523809526,0.3333333333333333,1.4761904761904763,1.8095238095238095,723.5714285714286,32.142857142857146,0.0,142.1904761904762
6213,0.9649122807017544,3.192982456140351,0.3021978021978022,8.982456140350877,12.175438596491228,1.894736842105263,0.3333333333333333,2.2280701754385963,889.0350877192982,41.473684210526315,90.65727272727206,187.56140350877192
6339,0.9166666666666666,2.9166666666666665,0.3142857142857143,15.666666666666666,18.583333333333332,1.4166666666666667,0.5833333333333334,2.0,1296.1666666666667,65.25,395.9749090909058,680.25
5935,0.9295774647887324,2.6056338028169015,0.3567567567567568,15.929577464788732,18.535211267605632,1.1830985915492958,0.49295774647887325,1.676056338028169,1152.5070422535211,65.09859154929578,45.279893939393666,422.76056338028167
6149,1.0,2.5454545454545454,0.39285714285714285,3.3636363636363638,5.909090909090909,0.9090909090909091,0.6363636363636364,1.5454545454545454,704.3636363636364,19.636363636363637,21.03718181818189,46.18181818181818
6305,0.95,2.1,0.4523809523809524,12.3,14.4,0.5,0.65,1.15,1313.15,45.95,120.23068421052392,609.0
6329,0.9166666666666666,3.4166666666666665,0.2682926829268293,18.25,21.666666666666668,1.8333333333333333,0.6666666666666666,2.5,2116.25,83.58333333333333,246.2611818181792,553.6666666666666
5952,0.9523809523809523,1.9761904761904763,0.4819277108433735,10.904761904761905,12.880952380952381,0.5714285714285714,0.4523809523809524,1.0238095238095237,1384.8809523809523,90.4047619047619,206.56002499999772,343.6666666666667
6175,0.96875,2.09375,0.4626865671641791,15.15625,17.25,0.90625,0.21875,1.125,1012.5,46.125,33.883516129032,365.15625
6207,0.9375,3.703125,0.25316455696202533,12.1875,15.890625,1.8125,0.953125,2.765625,1009.578125,48.0625,186.60113333333294,191.65625
6343,0.9722222222222222,2.6944444444444446,0.36082474226804123,10.36111111111111,13.055555555555555,1.1944444444444444,0.5277777777777778,1.7222222222222223,733.1388888888889,45.861111111111114,114.54414285714233,180.36111111111111
6192,0.8888888888888888,3.2777777777777777,0.2711864406779661,11.833333333333334,15.11111111111111,1.4444444444444444,0.9444444444444444,2.388888888888889,1091.4444444444443,63.05555555555556,72.57443749999923,179.69444444444446
6108,0.9629629629629629,3.5555555555555554,0.2708333333333333,8.37037037037037,11.925925925925926,2.037037037037037,0.5555555555555556,2.5925925925925926,1079.2592592592594,55.03703703703704,60.57284615384554,232.59259259259258
6218,0.8846153846153846,3.0,0.2948717948717949,18.53846153846154,21.53846153846154,1.7307692307692308,0.38461538461538464,2.1153846153846154,2111.269230769231,112.26923076923077,381.6993478260954,338.03846153846155
6009,0.9743589743589743,2.41025641025641,0.40425531914893614,6.538461538461538,8.948717948717949,1.2307692307692308,0.20512820512820512,1.435897435897436,625.974358974359,25.128205128205128,22.138315789473573,125.46153846153847
5915,0.9285714285714286,1.3571428571428572,0.6842105263157895,8.571428571428571,9.928571428571429,0.14285714285714285,0.2857142857142857,0.42857142857142855,633.5,60.714285714285715,119.55592307691913,554.9285714285714
6201,0.9183673469387755,3.5714285714285716,0.2571428571428571,11.673469387755102,15.244897959183673,2.2244897959183674,0.42857142857142855,2.6530612244897958,1577.2244897959183,72.75510204081633,126.69631111111026,252.18367346938774
5936,0.9206349206349206,2.2698412698412698,0.40559440559440557,13.492063492063492,15.761904761904763,0.6666666666666666,0.6825396825396826,1.3492063492063493,1054.888888888889,56.15873015873016,70.02903448275744,332.3333333333333
6373,0.9166666666666666,2.6666666666666665,0.34375,13.333333333333334,16.0,0.6666666666666666,1.0833333333333333,1.75,1757.888888888889,87.08333333333333,189.84590909090903,352.44444444444446
6321,0.5833333333333334,5.25,0.1111111111111111,13.75,19.0,3.4166666666666665,1.25,4.666666666666667,1745.6666666666667,103.41666666666667,296.81099999999776,405.25
6014,1.0,2.5517241379310347,0.3918918918918919,5.844827586206897,8.39655172413793,1.1896551724137931,0.3620689655172414,1.5517241379310345,736.7241379310345,30.82758620689655,29.382362068965335,112.87931034482759
6368,1.0,1.8333333333333333,0.5454545454545454,14.5,16.333333333333332,0.5,0.3333333333333333,0.8333333333333334,992.3333333333334,37.166666666666664,113.70099999999918,220.33333333333334
6112,1.0,2.324324324324324,0.43023255813953487,6.972972972972973,9.297297297297296,0.9459459459459459,0.3783783783783784,1.3243243243243243,739.9459459459459,23.027027027027028,109.86256756756637,152.59459459459458
6340,0.9090909090909091,2.4545454545454546,0.37037037037037035,28.09090909090909,30.545454545454547,1.2727272727272727,0.2727272727272727,1.5454545454545454,1769.090909090909,102.9090909090909,0.0,475.45454545454544
5949,0.9333333333333333,1.95,0.47863247863247865,6.816666666666666,8.766666666666667,0.5333333333333333,0.48333333333333334,1.0166666666666666,885.6666666666666,41.53333333333333,74.96101785714252,142.63333333333333
6351,0.9473684210526315,4.2894736842105265,0.22085889570552147,15.263157894736842,19.55263157894737,2.0,1.3421052631578947,3.3421052631578947,1494.9473684210527,86.07894736842105,143.513055555555,322.0
6312,0.9166666666666666,1.9166666666666667,0.4782608695652174,9.375,11.291666666666666,0.2916666666666667,0.7083333333333334,1.0,1419.4583333333333,67.58333333333333,164.91881818181568,508.0833333333333
5919,1.0,1.75,0.5714285714285714,7.125,8.875,0.25,0.5,0.75,589.5,25.75,0.0,166.25
5916,0.9375,3.3125,0.2830188679245283,16.25,19.5625,1.25,1.125,2.375,1336.25,86.5,0.0,247.8125
6000,0.9433962264150944,1.7358490566037736,0.5434782608695652,6.90566037735849,8.641509433962264,0.3584905660377358,0.4339622641509434,0.7924528301886793,584.2641509433962,37.37735849056604,79.59991999999994,118.84905660377359
6363,0.9491525423728814,2.7457627118644066,0.345679012345679,11.677966101694915,14.423728813559322,1.271186440677966,0.5254237288135594,1.7966101694915255,774.4745762711865,35.25423728813559,56.780160714285444,148.54237288135593
6209,0.9411764705882353,2.6029411764705883,0.3615819209039548,8.294117647058824,10.897058823529411,1.2794117647058822,0.38235294117647056,1.661764705882353,832.3529411764706,50.69117647058823,105.33753124999973,141.14705882352942
5922,1.0,2.5384615384615383,0.3939393939393939,3.076923076923077,5.615384615384615,0.07692307692307693,1.4615384615384615,1.5384615384615385,376.3076923076923,21.615384615384617,6.847000000000005,57.07692307692308
6391,0.8490566037735849,4.584905660377358,0.18518518518518517,14.39622641509434,18.9811320754717,2.3962264150943398,1.3396226415094339,3.7358490566037736,1484.8867924528302,80.75471698113208,272.5248222222209,281.62264150943395
6013,0.9649122807017544,1.7017543859649122,0.5670103092783505,4.140350877192983,5.842105263157895,0.6842105263157895,0.05263157894736842,0.7368421052631579,643.9298245614035,25.017543859649123,99.38199999999968,67.96491228070175
6202,0.9032258064516129,4.612903225806452,0.1958041958041958,14.46774193548387,19.080645161290324,2.6774193548387095,1.032258064516129,3.7096774193548385,1099.9032258064517,50.11290322580645,138.79617857142807,265.1290322580645
6294,0.8,9.0,0.08888888888888889,12.2,21.2,6.2,2.0,8.2,2039.0,158.2,574.52824999999,510.0
6011,0.9047619047619048,2.761904761904762,0.3275862068965517,5.833333333333333,8.595238095238095,1.5238095238095237,0.3333333333333333,1.8571428571428572,856.047619047619,38.785714285714285,73.28336842105183,127.92857142857143
6345,0.9714285714285714,3.2285714285714286,0.3008849557522124,11.142857142857142,14.371428571428572,1.2857142857142858,0.9714285714285714,2.257142857142857,1114.0285714285715,70.68571428571428,111.10005882352979,289.8
5931,0.8548387096774194,2.5806451612903225,0.33125,11.016129032258064,13.596774193548388,1.0,0.7258064516129032,1.7258064516129032,1295.1774193548388,72.33870967741936,121.77937735848897,268.0483870967742
6200,0.9387755102040817,6.530612244897959,0.14375,12.020408163265307,18.551020408163264,4.469387755102041,1.1224489795918366,5.591836734693878,1689.0204081632653,82.53061224489795,267.71913043478133,273.51020408163265
5998,0.9361702127659575,2.9148936170212765,0.32116788321167883,8.127659574468085,11.042553191489361,1.4042553191489362,0.574468085106383,1.9787234042553192,954.936170212766,46.02127659574468,121.59543181818127,208.61702127659575
6076,1.0,2.0,0.5,6.0,8.0,1.0,0.0,1.0,713.625,28.875,148.54124999999905,98.625
6380,0.9487179487179487,2.7948717948717947,0.3394495412844037,9.692307692307692,12.487179487179487,1.0,0.8461538461538461,1.8461538461538463,1349.4615384615386,54.61538461538461,153.29448648648548,311.5897435897436
6122,0.975609756097561,1.7560975609756098,0.5555555555555556,6.048780487804878,7.804878048780488,0.5365853658536586,0.24390243902439024,0.7804878048780488,665.0731707317074,23.975609756097562,79.69434999999935,117.1219512195122
6208,1.0,4.236363636363636,0.23605150214592274,8.290909090909091,12.527272727272727,2.3454545454545452,0.8909090909090909,3.2363636363636363,887.7454545454545,43.4,99.35740000000064,152.98181818181817
6359,1.0,3.5434782608695654,0.2822085889570552,18.456521739130434,22.0,2.0652173913043477,0.4782608695652174,2.5434782608695654,1228.6304347826087,69.80434782608695,149.02584782608622,277.32608695652175
6217,0.8461538461538461,3.923076923076923,0.21568627450980393,10.884615384615385,14.807692307692308,1.6538461538461537,1.4230769230769231,3.076923076923077,902.9615384615385,51.80769230769231,179.05190909090786,137.46153846153845
6382,0.9107142857142857,3.267857142857143,0.2786885245901639,14.107142857142858,17.375,1.625,0.7321428571428571,2.357142857142857,1439.857142857143,72.21428571428571,301.0903137254878,305.67857142857144
6336,0.875,3.375,0.25925925925925924,7.75,11.125,1.25,1.25,2.5,1226.25,45.375,201.05414285714093,193.875
6364,1.0,3.7058823529411766,0.2698412698412698,12.392156862745098,16.098039215686274,2.1176470588235294,0.5882352941176471,2.7058823529411766,885.6274509803922,41.3921568627451,35.43476470588227,155.88235294117646
6393,0.8604651162790697,3.441860465116279,0.25,14.86046511627907,18.302325581395348,1.9534883720930232,0.627906976744186,2.5813953488372094,1411.0,63.674418604651166,155.7980810810796,352.8139534883721
6040,0.8666666666666667,1.8,0.48148148148148145,4.133333333333334,5.933333333333334,0.26666666666666666,0.6666666666666666,0.9333333333333333,758.0666666666667,35.0,218.04392307691958,88.86666666666666
5953,0.9074074074074074,2.2037037037037037,0.4117647058823529,8.092592592592593,10.296296296296296,0.5370370370370371,0.7592592592592593,1.2962962962962963,1258.5,61.888888888888886,66.73563265306063,275.75925925925924
6362,0.9622641509433962,3.660377358490566,0.26288659793814434,13.11320754716981,16.77358490566038,1.9811320754716981,0.7169811320754716,2.69811320754717,815.433962264151,39.471698113207545,55.978411764705776,218.03773584905662
6077,1.0,1.4545454545454546,0.6875,4.818181818181818,6.2727272727272725,0.36363636363636365,0.09090909090909091,0.45454545454545453,256.1818181818182,7.545454545454546,13.620636363636363,28.0
5930,0.9814814814814815,2.5555555555555554,0.38405797101449274,5.777777777777778,8.333333333333334,1.0925925925925926,0.48148148148148145,1.5740740740740742,496.3703703703704,21.09259259259259,57.66920754716966,104.70370370370371
6221,0.8064516129032258,3.6129032258064515,0.22321428571428573,15.612903225806452,19.225806451612904,2.0,0.8064516129032258,2.806451612903226,1220.4516129032259,63.96774193548387,93.59275999999915,240.5483870967742
6248,0.9310344827586207,3.0689655172413794,0.30337078651685395,12.689655172413794,15.758620689655173,1.4482758620689655,0.6896551724137931,2.1379310344827585,999.5862068965517,47.3448275862069,83.18814814814799,279.51724137931035
6204,0.9666666666666667,2.283333333333333,0.4233576642335766,9.383333333333333,11.666666666666666,1.0666666666666667,0.25,1.3166666666666667,888.3,39.43333333333333,191.97418965517087,208.88333333333333
6214,0.9836065573770492,3.5245901639344264,0.27906976744186046,8.459016393442623,11.98360655737705,1.7540983606557377,0.7868852459016393,2.540983606557377,773.4426229508197,35.67213114754098,35.103999999999864,189.0983606557377
6153,0.9473684210526315,4.473684210526316,0.21176470588235294,7.7894736842105265,12.263157894736842,2.3684210526315788,1.1578947368421053,3.526315789473684,780.0526315789474,35.421052631578945,6.461944444444455,143.52631578947367
5947,0.9696969696969697,2.5757575757575757,0.3764705882352941,7.7727272727272725,10.348484848484848,0.6060606060606061,1.0,1.606060606060606,1395.6060606060605,72.15151515151516,51.97571874999951,272.8787878787879
6123,1.0,1.8235294117647058,0.5483870967741935,7.235294117647059,9.058823529411764,0.5588235294117647,0.2647058823529412,0.8235294117647058,513.5,18.58823529411765,54.62908823529346,152.44117647058823
6196,0.9811320754716981,5.132075471698113,0.19117647058823528,10.39622641509434,15.528301886792454,3.30188679245283,0.8490566037735849,4.150943396226415,1228.6792452830189,53.528301886792455,69.78605769230747,255.73584905660377
6211,0.8863636363636364,6.659090909090909,0.13310580204778158,9.590909090909092,16.25,4.0,1.7727272727272727,5.7727272727272725,1077.3636363636363,58.02272727272727,27.852820512820408,245.97727272727272
6246,0.9523809523809523,1.3095238095238095,0.7272727272727273,8.238095238095237,9.547619047619047,0.09523809523809523,0.2619047619047619,0.35714285714285715,492.6904761904762,30.476190476190474,43.03417499999959,215.35714285714286
6012,0.9534883720930233,2.883720930232558,0.33064516129032256,6.4186046511627906,9.30232558139535,1.4651162790697674,0.46511627906976744,1.930232558139535,722.4186046511628,37.06976744186046,61.71878048780447,169.41860465116278
6070,1.0,4.5,0.2222222222222222,8.5,13.0,1.25,2.25,3.5,1073.5,119.75,0.0,98.0
5917,1.0,1.0,1.0,1.4285714285714286,2.4285714285714284,0.0,0.0,0.0,,,,2.7142857142857144
6151,0.8888888888888888,1.5555555555555556,0.5714285714285714,7.0,8.555555555555555,0.5555555555555556,0.1111111111111111,0.6666666666666666,240.44444444444446,18.666666666666668,0.0,80.55555555555556
6002,1.0,1.8958333333333333,0.5274725274725275,8.270833333333334,10.166666666666666,0.6041666666666666,0.2916666666666667,0.8958333333333334,723.875,46.333333333333336,22.429812499999894,184.16666666666666
6110,0.9583333333333334,1.8333333333333333,0.5227272727272727,5.333333333333333,7.166666666666667,0.5,0.375,0.875,795.0,28.833333333333332,70.84247826086919,170.45833333333334
6344,0.9107142857142857,3.607142857142857,0.2524752475247525,19.446428571428573,23.053571428571427,1.7142857142857142,0.9821428571428571,2.6964285714285716,1052.7857142857142,56.0,80.47605882352906,318.07142857142856
6367,0.9821428571428571,3.0,0.3273809523809524,13.982142857142858,16.982142857142858,1.75,0.26785714285714285,2.017857142857143,843.2321428571429,47.107142857142854,43.38209090909075,218.89285714285714
6381,1.0,3.40625,0.29357798165137616,13.15625,16.5625,0.90625,1.5,2.40625,1850.625,96.0,251.84743749999794,573.71875
5925,1.0,1.3846153846153846,0.7222222222222222,2.8461538461538463,4.230769230769231,0.0,0.38461538461538464,0.38461538461538464,85.6923076923077,8.307692307692308,110.71023076922978,28.692307692307693
6245,0.9142857142857143,1.6857142857142857,0.5423728813559322,8.971428571428572,10.657142857142857,0.42857142857142855,0.34285714285714286,0.7714285714285715,989.3714285714286,50.94285714285714,157.97215625000052,287.0857142857143
6203,0.8125,2.9166666666666665,0.2785714285714286,9.9375,12.854166666666666,1.3333333333333333,0.7708333333333334,2.1041666666666665,929.0625,49.479166666666664,47.188076923076764,248.72916666666666
6075,0.9230769230769231,1.3076923076923077,0.7058823529411765,6.846153846153846,8.153846153846153,0.23076923076923078,0.15384615384615385,0.38461538461538464,672.3846153846154,32.69230769230769,0.0,107.46153846153847
6010,0.9318181818181818,3.8636363636363638,0.2411764705882353,7.590909090909091,11.454545454545455,2.2954545454545454,0.6363636363636364,2.9318181818181817,942.0909090909091,43.04545454545455,96.55329268292647,189.0
6349,0.8,3.6,0.2222222222222222,29.8,33.4,2.6,0.2,2.8,2306.0,132.4,0.0,593.4
6005,0.972972972972973,2.945945945945946,0.3302752293577982,8.486486486486486,11.432432432432432,1.2972972972972974,0.6756756756756757,1.972972972972973,882.3783783783783,54.729729729729726,102.13027777777737,154.21621621621622
6219,0.9,4.5,0.2,24.45,28.95,3.25,0.35,3.6,1576.95,93.05,0.0,364.4
6335,0.75,3.5625,0.21052631578947367,20.375,23.9375,1.4375,1.375,2.8125,2634.375,154.0,226.43683333333567,546.125
6148,1.0,1.875,0.5333333333333333,2.75,4.625,0.375,0.5,0.875,499.125,13.25,85.91312499999934,31.375
6007,0.9387755102040817,1.4489795918367347,0.647887323943662,3.693877551020408,5.142857142857143,0.1836734693877551,0.32653061224489793,0.5102040816326531,423.7959183673469,19.693877551020407,74.41026086956495,65.57142857142857
6074,1.0,1.0,1.0,4.0,5.0,0.0,0.0,0.0,,,,43.77777777777778
6338,0.9375,1.75,0.5357142857142857,13.0625,14.8125,0.5,0.3125,0.8125,1569.125,79.8125,125.4257999999988,406.5
6358,1.0,5.256410256410256,0.1902439024390244,12.743589743589743,18.0,3.1538461538461537,1.1025641025641026,4.256410256410256,1049.076923076923,52.666666666666664,204.039076923078,268.56410256410254
6394,0.9555555555555556,6.266666666666667,0.1524822695035461,14.822222222222223,21.08888888888889,3.4444444444444446,1.8666666666666667,5.311111111111111,1634.6666666666667,78.42222222222222,162.6054186046503,302.5777777777778
6306,1.0,2.227272727272727,0.4489795918367347,9.590909090909092,11.818181818181818,0.5909090909090909,0.6363636363636364,1.2272727272727273,1964.3181818181818,81.27272727272727,196.3434090909024,358.77272727272725
6299,0.8461538461538461,3.1538461538461537,0.2682926829268293,15.461538461538462,18.615384615384617,1.3076923076923077,1.0,2.3076923076923075,1957.2307692307693,85.38461538461539,370.2438181818161,442.15384615384613
6379,1.0,5.161290322580645,0.19375,12.612903225806452,17.774193548387096,1.4516129032258065,2.7096774193548385,4.161290322580645,1839.483870967742,72.74193548387096,89.18270967741866,359.4516129032258
6396,0.9183673469387755,3.183673469387755,0.28846153846153844,12.040816326530612,15.224489795918368,1.346938775510204,0.9183673469387755,2.2653061224489797,1442.7142857142858,74.93877551020408,313.4980222222211,276.81632653061223
6197,0.8974358974358975,2.8461538461538463,0.3153153153153153,14.794871794871796,17.641025641025642,1.7435897435897436,0.20512820512820512,1.9487179487179487,1596.8461538461538,82.8974358974359,104.30148571428462,372.15384615384613
6378,0.9142857142857143,2.5428571428571427,0.3595505617977528,14.6,17.142857142857142,1.0571428571428572,0.5714285714285714,1.6285714285714286,1567.5714285714287,69.74285714285715,159.2131562500007,417.25714285714287
6216,0.7916666666666666,3.7916666666666665,0.2087912087912088,18.875,22.666666666666668,1.9583333333333333,1.0416666666666667,3.0,2110.25,126.16666666666667,0.0,373.7916666666667
6147,1.0,2.0,0.5,6.222222222222222,8.222222222222221,0.6666666666666666,0.3333333333333333,1.0,1070.3333333333333,48.44444444444444,19.99922222222229,129.88888888888889
6191,0.9230769230769231,4.0256410256410255,0.22929936305732485,16.435897435897434,20.46153846153846,1.7692307692307692,1.3333333333333333,3.1025641025641026,1687.974358974359,100.48717948717949,51.23736111111082,442.87179487179486
6324,0.4444444444444444,4.0,0.1111111111111111,13.222222222222221,17.22222222222222,1.6666666666666667,1.8888888888888888,3.5555555555555554,1548.888888888889,75.0,0.0,296.1111111111111
6212,0.9655172413793104,2.6206896551724137,0.3684210526315789,8.086206896551724,10.706896551724139,1.1379310344827587,0.5172413793103449,1.6551724137931034,789.8965517241379,40.55172413793103,167.38416071428537,160.1206896551724
6372,1.0,2.1,0.47619047619047616,9.433333333333334,11.533333333333333,0.5333333333333333,0.5666666666666667,1.1,1596.3333333333333,80.6,258.49206666666504,371.53333333333336
5951,0.9615384615384616,3.2884615384615383,0.29239766081871343,10.673076923076923,13.961538461538462,1.2692307692307692,1.0576923076923077,2.326923076923077,1547.673076923077,80.0,148.02398000000093,343.7307692307692
6366,0.9215686274509803,7.627450980392157,0.12082262210796915,19.50980392156863,27.137254901960784,3.843137254901961,2.8627450980392157,6.705882352941177,1242.8431372549019,70.68627450980392,138.91363829787318,312.80392156862746
6347,0.8863636363636364,3.8863636363636362,0.22807017543859648,13.977272727272727,17.863636363636363,2.0,1.0,3.0,1350.9318181818182,71.02272727272727,114.95343589743523,285.75
6124,1.0,4.580645161290323,0.21830985915492956,12.96774193548387,17.548387096774192,3.225806451612903,0.3548387096774194,3.5806451612903225,1334.516129032258,54.74193548387097,32.65661290322553,338.0
6350,0.9387755102040817,2.8979591836734695,0.323943661971831,11.448979591836734,14.346938775510203,1.163265306122449,0.7959183673469388,1.9591836734693877,736.3265306122449,34.44897959183673,52.14876086956501,247.40816326530611
6150,1.0,2.375,0.42105263157894735,5.375,7.75,1.0,0.375,1.375,584.0,36.0,0.0,93.5
6041,0.9411764705882353,1.5294117647058822,0.6153846153846154,4.9411764705882355,6.470588235294118,0.11764705882352941,0.47058823529411764,0.5882352941176471,469.1764705882353,26.0,18.287187500000037,37.588235294117645
6342,0.9347826086956522,4.0,0.23369565217391305,11.347826086956522,15.347826086956522,2.5,0.5652173913043478,3.0652173913043477,909.0,51.08695652173913,70.37932558139462,189.34782608695653
6309,0.8947368421052632,2.0,0.4473684210526316,11.157894736842104,13.157894736842104,0.7368421052631579,0.3684210526315789,1.105263157894737,2197.157894736842,104.36842105263158,220.3214117647021,526.6315789473684
6006,0.8888888888888888,3.0277777777777777,0.29357798165137616,5.611111111111111,8.63888888888889,0.6388888888888888,1.5,2.138888888888889,659.0277777777778,28.833333333333332,39.038812499999715,137.47222222222223
6223,0.8571428571428571,3.0,0.2857142857142857,14.380952380952381,17.38095238095238,1.1428571428571428,1.0,2.142857142857143,1264.4285714285713,73.47619047619048,225.81561111111023,178.8095238095238
6365,0.9807692307692307,2.5384615384615383,0.38636363636363635,13.076923076923077,15.615384615384615,1.0384615384615385,0.5192307692307693,1.5576923076923077,796.3846153846154,40.44230769230769,61.91517647058806,205.0
6375,0.9393939393939394,1.9393939393939394,0.484375,7.9393939393939394,9.878787878787879,0.5151515151515151,0.48484848484848486,1.0,1179.060606060606,51.121212121212125,293.4611290322568,203.57575757575756
6313,0.9230769230769231,1.9230769230769231,0.48,7.846153846153846,9.76923076923077,0.8461538461538461,0.15384615384615385,1.0,1169.3846153846155,38.84615384615385,0.0,336.15384615384613
6308,0.9130434782608695,5.521739130434782,0.16535433070866143,13.043478260869565,18.565217391304348,1.9565217391304348,2.652173913043478,4.608695652173913,2437.6521739130435,114.43478260869566,165.66366666666462,566.0
6377,0.9714285714285714,2.5428571428571427,0.38202247191011235,7.685714285714286,10.228571428571428,0.5428571428571428,1.0285714285714285,1.5714285714285714,1118.6,48.371428571428574,97.55541176470446,338.22857142857146
6145,1.0,3.0,0.3333333333333333,10.4,13.4,1.6,0.4,2.0,1140.8,61.8,0.0,132.4
5924,1.0,1.6666666666666667,0.6,5.666666666666667,7.333333333333333,0.3333333333333333,0.3333333333333333,0.6666666666666666,382.8333333333333,13.166666666666666,0.0,89.66666666666667
6311,0.8636363636363636,3.9545454545454546,0.21839080459770116,13.409090909090908,17.363636363636363,1.2727272727272727,1.8181818181818181,3.090909090909091,2180.4545454545455,95.86363636363636,298.6470526315777,580.1818181818181
6001,0.8333333333333334,3.7222222222222223,0.22388059701492538,7.777777777777778,11.5,1.5,1.3888888888888888,2.888888888888889,850.1666666666666,49.333333333333336,59.05973333333271,160.72222222222223
6310,0.7272727272727273,3.1818181818181817,0.22857142857142856,12.363636363636363,15.545454545454545,0.8181818181818182,1.6363636363636365,2.4545454545454546,1896.8636363636363,95.77272727272727,160.5348124999985,526.5
5909,0.8571428571428571,2.142857142857143,0.4,4.857142857142857,7.0,0.7142857142857143,0.5714285714285714,1.2857142857142858,821.7142857142857,17.142857142857142,0.0,76.42857142857143
6475,0.9516129032258065,2.161290322580645,0.44029850746268656,10.46774193548387,12.629032258064516,0.3387096774193548,0.8709677419354839,1.2096774193548387,482.46774193548384,27.129032258064516,25.552491525423545,251.38709677419354
6675,1.0,2.0,0.5,41.0,43.0,1.0,0.0,1.0,7085.0,279.0,2772.4510000000623,2399.0
6566,1.0,3.9,0.2564102564102564,9.85,13.75,2.55,0.35,2.9,1421.7,84.3,28.372199999999815,227.65
6668,0.8333333333333334,6.777777777777778,0.12295081967213115,20.833333333333332,27.61111111111111,2.6666666666666665,3.2777777777777777,5.944444444444445,2592.0,133.55555555555554,490.3752000000025,590.2222222222222
6597,0.8666666666666667,4.2,0.20634920634920634,22.933333333333334,27.133333333333333,0.9333333333333333,2.4,3.3333333333333335,2922.866666666667,199.0,617.497846153844,1001.0
6476,0.9285714285714286,1.9523809523809523,0.47560975609756095,9.071428571428571,11.023809523809524,0.3333333333333333,0.6904761904761905,1.0238095238095237,539.6428571428571,31.857142857142858,41.073025641025474,286.3809523809524
6604,0.7777777777777778,3.0,0.25925925925925924,17.333333333333332,20.333333333333332,1.7777777777777777,0.4444444444444444,2.2222222222222223,1239.7777777777778,70.88888888888889,0.0,272.1111111111111
6555,1.0,1.1666666666666667,0.8571428571428571,3.3333333333333335,4.5,0.08333333333333333,0.08333333333333333,0.16666666666666666,226.83333333333334,8.583333333333334,126.48799999999956,22.333333333333332
6529,0.9473684210526315,9.789473684210526,0.0967741935483871,23.42105263157895,33.21052631578947,7.315789473684211,1.5263157894736843,8.842105263157896,2111.7894736842104,137.1578947368421,42.66177777777748,427.5263157894737
6478,0.96,2.28,0.42105263157894735,9.72,12.0,0.5,0.82,1.32,1002.18,78.14,79.80989583333212,234.74
6650,0.9767441860465116,1.813953488372093,0.5384615384615384,7.953488372093023,9.767441860465116,0.11627906976744186,0.7209302325581395,0.8372093023255814,730.9767441860465,27.930232558139537,149.4188095238084,201.7906976744186
6511,0.8947368421052632,7.7368421052631575,0.11564625850340136,16.105263157894736,23.842105263157894,5.2105263157894735,1.631578947368421,6.842105263157895,2815.2631578947367,138.8421052631579,213.000882352939,795.7894736842105
6603,1.0,3.4444444444444446,0.2903225806451613,17.22222222222222,20.666666666666668,0.5555555555555556,1.8888888888888888,2.4444444444444446,3147.8888888888887,139.55555555555554,259.4676666666623,1111.888888888889
6678,0.75,4.75,0.15789473684210525,22.75,27.5,1.5,2.5,4.0,4724.0,194.25,0.0,1373.0
6639,0.6875,4.375,0.15714285714285714,22.5,26.875,1.625,2.0625,3.6875,1541.5625,85.625,0.0,327.125
6661,0.7692307692307693,5.846153846153846,0.13157894736842105,30.46153846153846,36.30769230769231,4.076923076923077,1.0,5.076923076923077,3947.6923076923076,218.69230769230768,1136.298100000014,1162.6153846153845
6572,1.0,6.818181818181818,0.14666666666666667,17.454545454545453,24.272727272727273,4.909090909090909,0.9090909090909091,5.818181818181818,2112.681818181818,108.13636363636364,128.6024999999984,373.40909090909093
6559,1.0,1.4285714285714286,0.7,3.5,4.928571428571429,0.2857142857142857,0.14285714285714285,0.42857142857142855,191.78571428571428,13.285714285714286,0.0,46.0
6480,0.9772727272727273,2.2954545454545454,0.42574257425742573,14.045454545454545,16.34090909090909,0.11363636363636363,1.2045454545454546,1.3181818181818181,742.75,60.95454545454545,89.98923255813997,227.3181818181818
6477,0.9642857142857143,1.7678571428571428,0.5454545454545454,8.053571428571429,9.821428571428571,0.5178571428571429,0.2857142857142857,0.8035714285714286,548.7321428571429,38.42857142857143,87.18322222222183,176.48214285714286
6681,0.25,6.0,0.041666666666666664,23.875,29.875,3.875,1.875,5.75,5627.125,295.375,0.0,1769.75
6571,1.0,2.2222222222222223,0.45,7.777777777777778,10.0,0.8888888888888888,0.3333333333333333,1.2222222222222223,1015.1666666666666,46.888888888888886,97.3546666666661,182.55555555555554
6605,0.8888888888888888,3.0,0.2962962962962963,20.77777777777778,23.77777777777778,1.7777777777777777,0.3333333333333333,2.111111111111111,1202.888888888889,53.0,0.0,547.0
6640,0.7692307692307693,3.6153846153846154,0.2127659574468085,15.307692307692308,18.923076923076923,2.0,0.8461538461538461,2.8461538461538463,1836.6153846153845,106.6923076923077,0.0,373.3076923076923
6534,1.0,6.5,0.15384615384615385,18.363636363636363,24.863636363636363,4.2727272727272725,1.2272727272727273,5.5,1965.9545454545455,121.04545454545455,155.24390909090764,407.54545454545456
6588,1.0,4.9,0.20408163265306123,23.0,27.9,1.8,2.1,3.9,2489.2,151.8,0.0,1180.7
6473,0.95,1.85,0.5135135135135135,10.683333333333334,12.533333333333333,0.5833333333333334,0.31666666666666665,0.9,955.75,58.88333333333333,20.603912280701707,274.0833333333333
6514,0.7916666666666666,8.666666666666666,0.09134615384615384,23.875,32.541666666666664,6.916666666666667,0.9583333333333334,7.875,2348.75,145.41666666666666,171.75484210526253,507.4583333333333
6629,0.9,4.25,0.21176470588235294,18.25,22.5,1.6,1.75,3.35,1679.75,102.35,255.50277777778118,431.65
6671,0.9333333333333333,4.533333333333333,0.20588235294117646,12.066666666666666,16.6,2.066666666666667,1.5333333333333334,3.6,2600.8,139.33333333333334,0.0,507.06666666666666
6482,1.0,2.6222222222222222,0.3813559322033898,8.844444444444445,11.466666666666667,0.4222222222222222,1.2,1.6222222222222222,698.4444444444445,47.044444444444444,148.31842222222227,217.2
6646,0.975609756097561,2.975609756097561,0.32786885245901637,8.195121951219512,11.170731707317072,0.7804878048780488,1.2195121951219512,2.0,1166.1463414634147,50.78048780487805,427.7470000000015,198.26829268292684
6513,0.7647058823529411,4.470588235294118,0.17105263157894737,28.470588235294116,32.94117647058823,3.411764705882353,0.29411764705882354,3.7058823529411766,2774.6470588235293,161.7058823529412,0.0,618.8823529411765
6472,0.9464285714285714,1.4464285714285714,0.654320987654321,7.892857142857143,9.339285714285714,0.42857142857142855,0.07142857142857142,0.5,620.375,26.928571428571427,118.87773584905594,208.69642857142858
6530,0.9166666666666666,7.25,0.12643678160919541,22.833333333333332,30.083333333333332,4.833333333333333,1.5,6.333333333333333,2355.5,148.91666666666666,134.3722727272711,559.5833333333334
6663,0.9375,3.4375,0.2727272727272727,25.4375,28.875,1.8125,0.6875,2.5,3447.8125,225.6875,204.17280000000093,579.4375
6532,0.8571428571428571,6.142857142857143,0.13953488372093023,14.5,20.642857142857142,4.357142857142857,0.9285714285714286,5.285714285714286,1632.5714285714287,82.71428571428571,191.19008333333227,353.7142857142857
6485,0.94,2.78,0.3381294964028777,6.98,9.76,0.24,1.6,1.84,629.02,43.32,70.31534042553164,140.24
6655,0.9473684210526315,3.526315789473684,0.26865671641791045,11.289473684210526,14.81578947368421,0.6052631578947368,1.9736842105263157,2.5789473684210527,1950.5263157894738,99.60526315789474,231.28344444444838,435.92105263157896
6625,0.9090909090909091,2.0,0.45454545454545453,13.363636363636363,15.363636363636363,0.5454545454545454,0.5454545454545454,1.0909090909090908,923.1818181818181,52.72727272727273,247.338299999998,221.8181818181818
6557,1.0,2.2,0.45454545454545453,6.2,8.4,0.4,0.8,1.2,579.7333333333333,30.333333333333332,0.0,104.0
6506,0.8947368421052632,1.894736842105263,0.4722222222222222,10.210526315789474,12.105263157894736,0.7368421052631579,0.2631578947368421,1.0,1118.4736842105262,72.05263157894737,0.0,210.1578947368421
6474,0.9318181818181818,6.0,0.1553030303030303,13.681818181818182,19.681818181818183,2.5454545454545454,2.522727272727273,5.068181818181818,774.6136363636364,35.77272727272727,59.720365853658436,292.54545454545456
6508,0.8461538461538461,2.769230769230769,0.3055555555555556,15.692307692307692,18.46153846153846,1.7692307692307692,0.15384615384615385,1.9230769230769231,871.3846153846154,49.38461538461539,0.0,249.3846153846154
6567,0.9444444444444444,3.111111111111111,0.30357142857142855,9.277777777777779,12.38888888888889,1.8888888888888888,0.2777777777777778,2.1666666666666665,1085.5555555555557,60.22222222222222,0.0,231.83333333333334
6548,1.0,1.3478260869565217,0.7419354838709677,4.521739130434782,5.869565217391305,0.17391304347826086,0.17391304347826086,0.34782608695652173,389.8695652173913,18.869565217391305,74.95095652173835,48.52173913043478
6481,0.92,2.96,0.3108108108108108,8.6,11.56,0.44,1.6,2.04,758.32,56.22,68.53573913043428,186.58
6563,1.0,2.7058823529411766,0.3695652173913043,7.764705882352941,10.470588235294118,1.4705882352941178,0.23529411764705882,1.7058823529411764,1221.1764705882354,49.411764705882355,41.49747058823504,169.58823529411765
6504,0.8,7.866666666666666,0.1016949152542373,23.466666666666665,31.333333333333332,6.0,1.0666666666666667,7.066666666666666,1942.9333333333334,139.06666666666666,205.2011666666641,491.8
6607,1.0,4.3,0.23255813953488372,15.0,19.3,3.0,0.3,3.3,1068.5,64.0,237.48219999999873,241.3
6531,0.875,6.4375,0.13592233009708737,19.0625,25.5,4.5625,1.0,5.5625,1826.6875,107.6875,0.0,371.4375
6466,0.8421052631578947,2.9473684210526314,0.2857142857142857,10.736842105263158,13.68421052631579,1.5263157894736843,0.5789473684210527,2.1052631578947367,1269.1052631578948,89.78947368421052,0.0,222.21052631578948
6569,1.0,2.8,0.35714285714285715,14.466666666666667,17.266666666666666,1.5333333333333334,0.26666666666666666,1.8,1708.3333333333333,78.86666666666666,20.96739999999994,478.4
6507,0.8571428571428571,4.285714285714286,0.2,27.0,31.285714285714285,3.2857142857142856,0.14285714285714285,3.4285714285714284,1678.5714285714287,100.07142857142857,62.000416666666446,478.0
6469,0.9473684210526315,2.6140350877192984,0.3624161073825503,11.859649122807017,14.473684210526315,0.5964912280701754,1.0701754385964912,1.6666666666666667,1060.0877192982457,75.64912280701755,69.37772222222382,286.4035087719298
6626,1.0,1.7142857142857142,0.5833333333333334,10.75,12.464285714285714,0.5,0.21428571428571427,0.7142857142857143,717.7142857142857,38.392857142857146,210.12685714285706,215.0
6483,0.9795918367346939,1.530612244897959,0.64,4.877551020408164,6.408163265306122,0.12244897959183673,0.42857142857142855,0.5510204081632653,228.0612244897959,10.551020408163266,51.117645833333256,101.91836734693878
6608,0.7142857142857143,2.7857142857142856,0.2564102564102564,23.428571428571427,26.214285714285715,1.7857142857142858,0.2857142857142857,2.0714285714285716,1771.142857142857,117.35714285714286,580.2099000000028,452.2142857142857
6512,1.0,3.05,0.32786885245901637,18.7,21.75,1.95,0.1,2.05,1009.9,54.0,108.03569999999941,194.8
6598,0.5,3.888888888888889,0.12857142857142856,20.944444444444443,24.833333333333332,1.1666666666666667,2.2222222222222223,3.388888888888889,3126.1666666666665,180.0,0.0,1173.111111111111
6554,1.0,1.2352941176470589,0.8095238095238095,3.176470588235294,4.411764705882353,0.17647058823529413,0.058823529411764705,0.23529411764705882,311.0,15.117647058823529,12.830470588235332,17.352941176470587
6505,0.8421052631578947,5.7894736842105265,0.14545454545454545,23.157894736842106,28.94736842105263,4.052631578947368,0.8947368421052632,4.947368421052632,2816.2631578947367,159.05263157894737,125.52456249999433,668.3684210526316
6667,0.375,3.375,0.1111111111111111,16.75,20.125,1.0,2.0,3.0,4013.375,211.25,0.0,1045.75
6670,0.9047619047619048,5.476190476190476,0.16521739130434782,22.0,27.476190476190474,2.4761904761904763,2.0952380952380953,4.571428571428571,2433.4761904761904,124.80952380952381,451.18089473683636,635.3333333333334
6570,0.9230769230769231,4.0,0.23076923076923078,14.615384615384615,18.615384615384617,2.076923076923077,1.0,3.076923076923077,2152.4615384615386,97.38461538461539,147.5386666666614,621.3076923076923
6470,0.9761904761904762,3.1666666666666665,0.3082706766917293,8.261904761904763,11.428571428571429,1.8571428571428572,0.3333333333333333,2.1904761904761907,391.5238095238095,23.666666666666668,6.460853658536591,171.35714285714286
6558,1.0,1.4,0.7142857142857143,4.8,6.2,0.15,0.25,0.4,134.25,4.25,13.514450000000057,31.5
6680,0.3333333333333333,4.666666666666667,0.07142857142857142,26.833333333333332,31.5,0.6666666666666666,3.6666666666666665,4.333333333333333,3845.0,205.66666666666666,0.0,869.6666666666666
6565,0.96,4.88,0.19672131147540983,10.68,15.56,3.2,0.72,3.92,1726.44,69.92,0.0,289.92
6515,0.9375,9.3125,0.10067114093959731,32.8125,42.125,7.875,0.5,8.375,2687.4375,163.875,224.32840000000274,553.125
6613,0.75,2.1,0.35714285714285715,18.9,21.0,1.25,0.1,1.35,1336.35,86.2,107.85133333333175,246.05
6471,1.0,1.8958333333333333,0.5274725274725275,10.104166666666666,12.0,0.4166666666666667,0.4791666666666667,0.8958333333333334,603.2916666666666,31.875,95.24852083333235,234.91666666666666
6662,0.7272727272727273,10.272727272727273,0.07079646017699115,16.90909090909091,27.181818181818183,8.363636363636363,1.1818181818181819,9.545454545454545,2567.181818181818,142.0,592.9731250000045,585.6363636363636
6564,1.0,2.1666666666666665,0.46153846153846156,9.916666666666666,12.083333333333334,1.1666666666666667,0.0,1.1666666666666667,1376.0,55.833333333333336,25.38175,254.16666666666666
6561,1.0,1.173913043478261,0.8518518518518519,3.9130434782608696,5.086956521739131,0.043478260869565216,0.13043478260869565,0.17391304347826086,208.1304347826087,8.91304347826087,42.74965217391268,55.65217391304348
6628,0.95,1.6,0.59375,9.35,10.95,0.2,0.45,0.65,685.4,31.1,211.443789473682,175.7
6656,0.9375,2.8125,0.3333333333333333,12.625,15.4375,0.8125,1.0625,1.875,1662.9375,81.0,199.5036666666639,431.8125
6587,0.7692307692307693,2.769230769230769,0.2777777777777778,14.76923076923077,17.53846153846154,0.8461538461538461,1.1538461538461537,2.0,2680.4615384615386,106.53846153846153,479.5021000000029,601.7692307692307
6468,0.9393939393939394,1.303030303030303,0.7209302325581395,12.575757575757576,13.878787878787879,0.2727272727272727,0.09090909090909091,0.36363636363636365,567.3636363636364,27.151515151515152,0.0,260.6363636363636
6606,0.9090909090909091,13.818181818181818,0.06578947368421052,35.90909090909091,49.72727272727273,9.454545454545455,3.4545454545454546,12.909090909090908,2449.181818181818,140.0909090909091,308.40630000000505,627.0909090909091
6560,1.0,1.8333333333333333,0.5454545454545454,5.0,6.833333333333333,0.4166666666666667,0.4166666666666667,0.8333333333333334,337.0,15.25,14.6265833333334,141.5
6679,0.2,6.6,0.030303030303030304,10.7,17.3,1.4,5.0,6.4,3477.4,222.7,0.0,605.0
6630,0.75,4.75,0.15789473684210525,21.75,26.5,2.9375,1.0625,4.0,2621.125,212.125,274.41124999999977,643.3125
6652,0.918918918918919,2.4594594594594597,0.37362637362637363,7.054054054054054,9.513513513513514,0.16216216216216217,1.3783783783783783,1.5405405405405406,996.7297297297297,43.91891891891892,89.73947058823424,238.02702702702703
6479,0.8301886792452831,3.9622641509433962,0.20952380952380953,16.830188679245282,20.79245283018868,1.9433962264150944,1.1886792452830188,3.1320754716981134,1215.433962264151,85.67924528301887,189.58381818181832,394.07547169811323
6562,1.0,1.4375,0.6956521739130435,4.9375,6.375,0.4375,0.0,0.4375,366.875,12.3125,32.78268750000004,32.5
6510,0.8571428571428571,11.214285714285714,0.07643312101910828,25.357142857142858,36.57142857142857,9.0,1.3571428571428572,10.357142857142858,2977.214285714286,179.07142857142858,462.56624999999855,646.5
6653,0.975609756097561,2.6341463414634148,0.37037037037037035,9.24390243902439,11.878048780487806,0.3902439024390244,1.2682926829268293,1.6585365853658536,1040.658536585366,51.170731707317074,200.93157499999887,230.609756097561
6205,0.0,1.0,0.0,13.0,14.0,0.0,1.0,1.0,1407.0,59.0,,172.0
6535,0.8,7.52,0.10638297872340426,23.72,31.24,5.32,1.4,6.72,2077.76,133.92,209.19839999999778,752.36
6624,0.9375,1.9375,0.4838709677419355,10.3125,12.25,0.25,0.75,1.0,913.0,75.3125,48.95113333333316,142.75
6672,0.9166666666666666,5.416666666666667,0.16923076923076924,19.583333333333332,25.0,3.4166666666666665,1.0833333333333333,4.5,2544.75,135.58333333333334,180.55145454545138,665.0
6610,0.7333333333333333,4.0,0.18333333333333332,25.4,29.4,2.2,1.0666666666666667,3.2666666666666666,2117.5333333333333,127.66666666666667,349.97727272727025,331.3333333333333
6596,0.8,2.2,0.36363636363636365,7.3,9.5,0.3,1.1,1.4,1340.6,63.2,0.0,491.1
6654,0.918918918918919,2.972972972972973,0.3090909090909091,10.216216216216216,13.18918918918919,0.3783783783783784,1.6756756756756757,2.054054054054054,1110.945945945946,44.32432432432432,167.52988235294006,306.5405405405405
6665,0.6666666666666666,4.166666666666667,0.16,18.5,22.666666666666668,1.8333333333333333,1.6666666666666667,3.5,2636.6666666666665,127.66666666666667,715.1980000000107,644.5
6509,0.9444444444444444,1.8888888888888888,0.5,14.722222222222221,16.61111111111111,0.7777777777777778,0.16666666666666666,0.9444444444444444,1837.7777777777778,87.05555555555556,28.972823529411542,419.77777777777777
6611,0.8333333333333334,4.666666666666667,0.17857142857142858,26.416666666666668,31.083333333333332,3.0,0.8333333333333334,3.8333333333333335,1528.3333333333333,108.41666666666667,0.0,384.5
6677,0.3333333333333333,3.0,0.1111111111111111,25.0,28.0,0.7777777777777778,1.8888888888888888,2.6666666666666665,3740.222222222222,165.88888888888889,0.0,1200.6666666666667
6647,1.0,2.893617021276596,0.34558823529411764,6.595744680851064,9.48936170212766,0.9787234042553191,0.9148936170212766,1.8936170212765957,983.4893617021277,47.255319148936174,103.76623404255247,203.53191489361703
6549,1.0,2.090909090909091,0.4782608695652174,6.2272727272727275,8.318181818181818,0.3181818181818182,0.7727272727272727,1.0909090909090908,418.3636363636364,27.59090909090909,22.792181818181778,77.0
6649,0.9787234042553191,2.6595744680851063,0.368,6.574468085106383,9.23404255319149,0.7021276595744681,0.9787234042553191,1.6808510638297873,1099.127659574468,50.723404255319146,107.3644565217387,246.40425531914894
6664,0.75,6.875,0.10909090909090909,21.125,28.0,1.875,4.25,6.125,2602.75,136.5,393.8653333333438,748.0
6528,0.8571428571428571,7.142857142857143,0.12,20.142857142857142,27.285714285714285,5.0,1.2857142857142858,6.285714285714286,1712.2142857142858,114.92857142857143,117.24816666666324,462.7142857142857
6676,0.2,1.8,0.1111111111111111,5.0,6.8,0.2,1.4,1.6,1114.2,72.2,0.0,197.0
6651,0.96875,3.0625,0.3163265306122449,8.4375,11.5,0.8125,1.28125,2.09375,1421.09375,58.625,196.42193548386723,294.84375
6674,0.2857142857142857,5.571428571428571,0.05128205128205128,10.142857142857142,15.714285714285714,2.0,3.2857142857142856,5.285714285714286,2565.285714285714,75.28571428571429,0.0,448.14285714285717
6669,0.8181818181818182,5.636363636363637,0.14516129032258066,26.727272727272727,32.36363636363637,3.0,1.8181818181818181,4.818181818181818,4049.818181818182,190.36363636363637,253.69888888888636,636.7272727272727
6602,0.7894736842105263,3.0526315789473686,0.25862068965517243,22.157894736842106,25.210526315789473,1.0526315789473684,1.2105263157894737,2.263157894736842,2717.4210526315787,139.21052631578948,445.6503999999992,938.3684210526316
6682,0.75,3.125,0.24,16.75,19.875,1.125,1.25,2.375,3552.875,168.125,0.0,1181.0
6612,0.5714285714285714,7.071428571428571,0.08080808080808081,17.714285714285715,24.785714285714285,3.357142857142857,3.142857142857143,6.5,1536.2142857142858,95.35714285714286,0.0,322.2142857142857
6601,0.7,2.7,0.25925925925925924,26.9,29.6,0.8,1.2,2.0,3459.7,188.4,670.5964285714363,1554.2
6599,0.8333333333333334,1.6666666666666667,0.5,23.0,24.666666666666668,0.6666666666666666,0.16666666666666666,0.8333333333333334,2993.3333333333335,156.83333333333334,1029.44940000001,627.5
6484,0.9534883720930233,1.9069767441860466,0.5,5.395348837209302,7.3023255813953485,0.37209302325581395,0.5813953488372093,0.9534883720930233,637.0930232558139,38.55813953488372,23.566243902439005,142.53488372093022
6467,0.875,3.875,0.22580645161290322,9.9375,13.8125,2.1875,0.8125,3.0,1057.4375,63.375,0.0,231.6875
6568,0.9333333333333333,5.133333333333334,0.18181818181818182,13.0,18.133333333333333,3.1333333333333333,1.0666666666666667,4.2,2635.6,121.53333333333333,16.91421428571429,434.73333333333335
6600,0.8181818181818182,2.727272727272727,0.3,11.181818181818182,13.909090909090908,0.6363636363636364,1.2727272727272727,1.9090909090909092,1897.0,66.72727272727273,452.51622222221556,698.0909090909091
6609,0.8888888888888888,4.722222222222222,0.18823529411764706,17.333333333333332,22.055555555555557,1.8333333333333333,2.0,3.8333333333333335,1878.8333333333333,118.88888888888889,278.48243750000256,439.8888888888889
6673,0.2,2.6,0.07692307692307693,20.4,23.0,1.4,1.0,2.4,4739.6,218.6,0.0,786.0
6627,0.9583333333333334,3.6666666666666665,0.26136363636363635,11.5,15.166666666666666,1.3333333333333333,1.375,2.7083333333333335,1021.0416666666666,61.5,246.63260869565127,242.625
6641,0.875,3.75,0.23333333333333334,19.25,23.0,2.0,0.875,2.875,2433.5,116.5,693.0518571428505,892.5
6533,0.9375,5.8125,0.16129032258064516,21.3125,27.125,4.25,0.625,4.875,2393.4375,144.125,0.0,368.0
6683,1.0,3.6666666666666665,0.2727272727272727,4.666666666666667,8.333333333333334,0.6666666666666666,2.0,2.6666666666666665,1620.3333333333333,73.33333333333333,0.0,208.33333333333334
6760,0.9767441860465116,2.86046511627907,0.34146341463414637,5.209302325581396,8.069767441860465,0.9767441860465116,0.9069767441860465,1.8837209302325582,570.6279069767442,27.46511627906977,29.782999999999817,110.86046511627907
6758,0.9743589743589743,2.5128205128205128,0.3877551020408163,8.153846153846153,10.666666666666666,1.1794871794871795,0.358974358974359,1.5384615384615385,807.4615384615385,41.717948717948715,28.01621052631563,197.46153846153845
6747,0.896551724137931,2.6206896551724137,0.34210526315789475,7.103448275862069,9.724137931034482,0.3103448275862069,1.4137931034482758,1.7241379310344827,517.9310344827586,30.20689655172414,0.0,129.86206896551724
6725,0.90625,4.0,0.2265625,12.28125,16.28125,1.9375,1.15625,3.09375,944.9375,48.0,24.579103448275813,196.6875
6835,0.9310344827586207,1.5517241379310345,0.6,7.517241379310345,9.068965517241379,0.2413793103448276,0.3793103448275862,0.6206896551724138,772.7931034482758,36.51724137931034,0.0,194.48275862068965
6736,1.0,2.8181818181818183,0.3548387096774194,10.545454545454545,13.363636363636363,1.5454545454545454,0.2727272727272727,1.8181818181818181,950.1818181818181,41.27272727272727,0.0,220.72727272727272
6775,1.0,2.6666666666666665,0.375,13.5,16.166666666666668,1.1666666666666667,0.5,1.6666666666666667,1147.25,47.666666666666664,204.7748333333307,201.25
6783,0.7272727272727273,6.0,0.12121212121212122,15.863636363636363,21.863636363636363,3.590909090909091,1.6818181818181819,5.2727272727272725,3499.681818181818,166.3181818181818,190.83187500000415,885.1818181818181
6836,0.8823529411764706,4.647058823529412,0.189873417721519,9.470588235294118,14.117647058823529,1.2941176470588236,2.4705882352941178,3.764705882352941,1386.8823529411766,61.64705882352941,22.958866666666232,479.52941176470586
6813,1.0,2.3333333333333335,0.42857142857142855,29.666666666666668,32.0,1.1666666666666667,0.16666666666666666,1.3333333333333333,1612.9166666666667,87.41666666666667,463.10691666667213,434.9166666666667
6753,0.9807692307692307,1.4807692307692308,0.6623376623376623,3.6346153846153846,5.115384615384615,0.19230769230769232,0.3076923076923077,0.5,349.8269230769231,18.923076923076923,41.70109803921554,36.63461538461539
6698,0.875,2.09375,0.417910447761194,14.5,16.59375,0.46875,0.75,1.21875,1353.5625,80.375,49.66296428571389,415.53125
6761,0.9411764705882353,2.588235294117647,0.36363636363636365,6.411764705882353,9.0,0.5294117647058824,1.1176470588235294,1.6470588235294117,900.5588235294117,43.088235294117645,13.475593749999863,236.8235294117647
6779,0.8571428571428571,4.107142857142857,0.20869565217391303,15.892857142857142,20.0,2.9642857142857144,0.2857142857142857,3.25,3039.4285714285716,142.0,115.02274999999912,567.1428571428571
6756,0.9833333333333333,2.3666666666666667,0.4154929577464789,6.05,8.416666666666666,0.6166666666666667,0.7666666666666667,1.3833333333333333,1060.8666666666666,52.2,99.0909322033887,171.95
6771,0.9166666666666666,5.833333333333333,0.15714285714285714,14.25,20.083333333333332,4.333333333333333,0.5833333333333334,4.916666666666667,1814.9166666666667,79.08333333333333,0.0,639.75
6816,1.0,1.1176470588235294,0.8947368421052632,4.117647058823529,5.235294117647059,0.058823529411764705,0.058823529411764705,0.11764705882352941,220.05882352941177,10.705882352941176,24.599000000000007,77.6470588235294
6727,0.9705882352941176,3.5,0.2773109243697479,15.0,18.5,1.8529411764705883,0.6764705882352942,2.5294117647058822,1371.5,68.0,44.59418181818174,266.44117647058823
6846,1.0,2.7142857142857144,0.3684210526315789,12.857142857142858,15.571428571428571,1.7142857142857142,0.0,1.7142857142857142,1231.857142857143,78.0,0.0,398.2857142857143
6767,0.875,5.0625,0.1728395061728395,12.625,17.6875,2.875,1.3125,4.1875,1761.625,75.1875,384.4477857142811,357.875
6730,0.9444444444444444,4.777777777777778,0.19767441860465115,14.13888888888889,18.916666666666668,1.6388888888888888,2.1944444444444446,3.8333333333333335,1160.138888888889,62.05555555555556,30.06252941176461,226.5
6777,0.9714285714285714,4.371428571428571,0.2222222222222222,17.34285714285714,21.714285714285715,2.8857142857142857,0.5142857142857142,3.4,2441.4,113.91428571428571,255.01767647058853,655.0285714285715
6838,0.9230769230769231,2.1153846153846154,0.43636363636363634,7.846153846153846,9.961538461538462,0.6153846153846154,0.5769230769230769,1.1923076923076923,1220.6923076923076,56.26923076923077,351.7101666666662,327.2692307692308
6759,0.975609756097561,3.1219512195121952,0.3125,7.195121951219512,10.317073170731707,1.2926829268292683,0.8536585365853658,2.1463414634146343,664.609756097561,26.0,52.21817499999936,155.26829268292684
6737,0.9285714285714286,2.7857142857142856,0.3333333333333333,11.357142857142858,14.142857142857142,1.3571428571428572,0.5,1.8571428571428572,1314.2857142857142,88.5,171.00738461538398,418.07142857142856
6815,0.9333333333333333,2.2666666666666666,0.4117647058823529,15.0,17.266666666666666,0.9333333333333333,0.4,1.3333333333333333,1112.4666666666667,60.2,385.25128571428235,359.6
6768,1.0,3.6666666666666665,0.2727272727272727,15.88888888888889,19.555555555555557,1.2222222222222223,1.4444444444444444,2.6666666666666665,1644.888888888889,85.66666666666667,0.0,300.44444444444446
6811,0.8,4.0,0.2,25.0,29.0,2.3333333333333335,0.8666666666666667,3.2,1516.0,88.13333333333334,305.57624999999877,370.53333333333336
6726,0.9310344827586207,3.0689655172413794,0.30337078651685395,10.448275862068966,13.517241379310345,1.8275862068965518,0.3103448275862069,2.1379310344827585,830.3793103448276,40.310344827586206,21.385074074074097,187.27586206896552
6734,0.8,3.0,0.26666666666666666,13.066666666666666,16.066666666666666,0.6666666666666666,1.5333333333333334,2.2,1537.5333333333333,73.6,67.82191666666648,364.06666666666666
6833,1.0,3.8529411764705883,0.2595419847328244,9.235294117647058,13.088235294117647,0.9705882352941176,1.8823529411764706,2.8529411764705883,1532.9117647058824,85.08823529411765,92.90532352941075,350.29411764705884
6754,1.0,1.6585365853658536,0.6029411764705882,4.048780487804878,5.7073170731707314,0.34146341463414637,0.3170731707317073,0.6585365853658537,243.1219512195122,11.975609756097562,27.795902439024196,69.34146341463415
6766,1.0,2.411764705882353,0.4146341463414634,7.352941176470588,9.764705882352942,0.8235294117647058,0.5882352941176471,1.411764705882353,930.1176470588235,31.294117647058822,65.29982352941137,192.64705882352942
6746,0.9629629629629629,1.3703703703703705,0.7027027027027027,2.8518518518518516,4.222222222222222,0.07407407407407407,0.3333333333333333,0.4074074074074074,227.03703703703704,10.407407407407407,28.762769230769287,14.777777777777779
6812,0.8,2.4,0.3333333333333333,19.5,21.9,1.5,0.1,1.6,1534.5,83.0,137.03237499999935,350.0
6837,0.9047619047619048,5.238095238095238,0.17272727272727273,7.904761904761905,13.142857142857142,0.9047619047619048,3.4285714285714284,4.333333333333333,1232.8095238095239,61.23809523809524,0.0,363.6666666666667
6814,0.7333333333333333,5.066666666666666,0.14473684210526316,13.8,18.866666666666667,2.066666666666667,2.2666666666666666,4.333333333333333,1161.9333333333334,66.73333333333333,23.104454545454544,195.13333333333333
6774,0.9285714285714286,3.0714285714285716,0.3023255813953488,7.214285714285714,10.285714285714286,0.9285714285714286,1.2142857142857142,2.142857142857143,1345.4285714285713,54.857142857142854,109.80507692307603,237.07142857142858
6832,0.9722222222222222,2.0833333333333335,0.4666666666666667,10.694444444444445,12.777777777777779,0.8055555555555556,0.3055555555555556,1.1111111111111112,1000.3611111111111,39.44444444444444,63.0595999999986,340.52777777777777
6731,0.9032258064516129,3.6451612903225805,0.24778761061946902,10.35483870967742,14.0,1.5806451612903225,1.1612903225806452,2.7419354838709675,1025.6129032258063,57.25806451612903,105.82357142857049,220.6451612903226
6780,0.896551724137931,6.275862068965517,0.14285714285714285,19.862068965517242,26.137931034482758,3.9310344827586206,1.4482758620689655,5.379310344827586,3272.206896551724,154.24137931034483,416.83880769232223,983.1379310344828
6740,1.0,2.0,0.5,4.785714285714286,6.785714285714286,1.0,0.0,1.0,1288.857142857143,63.214285714285715,175.31621428571256,190.5
6722,0.8928571428571429,5.357142857142857,0.16666666666666666,15.535714285714286,20.892857142857142,3.107142857142857,1.3571428571428572,4.464285714285714,1317.9285714285713,74.92857142857143,175.9085999999992,263.14285714285717
6752,1.0,2.142857142857143,0.4666666666666667,2.5714285714285716,4.714285714285714,0.42857142857142855,0.7142857142857143,1.1428571428571428,366.75,14.821428571428571,48.5363571428569,78.0
6701,0.896551724137931,2.1379310344827585,0.41935483870967744,9.827586206896552,11.96551724137931,0.8620689655172413,0.3793103448275862,1.2413793103448276,799.448275862069,48.44827586206897,9.02865384615386,189.79310344827587
6763,0.9736842105263158,1.9736842105263157,0.49333333333333335,8.052631578947368,10.026315789473685,0.7894736842105263,0.21052631578947367,1.0,924.2631578947369,51.23684210526316,110.49248648648586,176.89473684210526
6781,0.8108108108108109,5.918918918918919,0.136986301369863,21.83783783783784,27.756756756756758,3.7837837837837838,1.3243243243243243,5.108108108108108,3629.2432432432433,174.86486486486487,113.86303333333257,788.3513513513514
6700,0.9393939393939394,1.5757575757575757,0.5961538461538461,10.181818181818182,11.757575757575758,0.48484848484848486,0.15151515151515152,0.6363636363636364,942.3636363636364,49.303030303030305,164.43574193548312,189.84848484848484
6769,1.0,2.125,0.47058823529411764,7.625,9.75,0.75,0.375,1.125,1425.75,42.625,65.85224999999906,83.75
6764,0.9736842105263158,1.9210526315789473,0.5068493150684932,6.921052631578948,8.842105263157896,0.631578947368421,0.3157894736842105,0.9473684210526315,698.578947368421,37.39473684210526,143.54086486486565,209.89473684210526
6829,0.9259259259259259,1.8148148148148149,0.5102040816326531,4.62962962962963,6.444444444444445,0.5185185185185185,0.37037037037037035,0.8888888888888888,1001.2592592592592,34.666666666666664,125.47539999999884,151.07407407407408
6818,0.9523809523809523,2.0952380952380953,0.45454545454545453,15.714285714285714,17.80952380952381,0.7142857142857143,0.42857142857142855,1.1428571428571428,923.4285714285714,51.95238095238095,367.33209999999906,247.1904761904762
6699,1.0,1.7692307692307692,0.5652173913043478,9.884615384615385,11.653846153846153,0.3076923076923077,0.46153846153846156,0.7692307692307693,727.0,49.11538461538461,10.798000000000023,276.2692307692308
6765,0.7941176470588235,4.5,0.17647058823529413,23.735294117647058,28.235294117647058,2.6470588235294117,1.0588235294117647,3.7058823529411766,3505.676470588235,174.35294117647058,307.29225925925624,766.2058823529412
6762,0.9772727272727273,2.7954545454545454,0.34959349593495936,5.068181818181818,7.863636363636363,0.8636363636363636,0.9545454545454546,1.8181818181818181,952.1363636363636,48.61363636363637,122.89690697674368,188.77272727272728
6817,0.8,3.533333333333333,0.22641509433962265,11.8,15.333333333333334,1.8666666666666667,0.8666666666666667,2.7333333333333334,825.2,49.666666666666664,31.74433333333339,118.4
6784,0.875,5.6875,0.15384615384615385,29.28125,34.96875,3.40625,1.40625,4.8125,4472.375,224.34375,212.21324999999925,1158.96875
6724,0.9333333333333333,3.533333333333333,0.2641509433962264,10.266666666666667,13.8,1.6,1.0,2.6,1445.8,51.0,127.65292857142796,274.3333333333333
6732,0.8333333333333334,3.75,0.2222222222222222,9.75,13.5,1.75,1.1666666666666667,2.9166666666666665,1599.9166666666667,70.75,273.1828999999984,282.25
6755,1.0,1.3333333333333333,0.75,5.5,6.833333333333333,0.1111111111111111,0.2222222222222222,0.3333333333333333,286.44444444444446,15.833333333333334,18.157888888888884,70.94444444444444
6757,0.9,2.075,0.43373493975903615,9.85,11.925,0.95,0.225,1.175,1035.575,49.325,43.728888888888605,213.4
6770,0.9230769230769231,2.230769230769231,0.41379310344827586,8.923076923076923,11.153846153846153,0.9230769230769231,0.38461538461538464,1.3076923076923077,1576.076923076923,79.07692307692308,111.42049999999806,257.9230769230769
6749,1.0,1.4838709677419355,0.6739130434782609,5.612903225806452,7.096774193548387,0.2903225806451613,0.1935483870967742,0.4838709677419355,389.80645161290323,11.612903225806452,21.253999999999852,30.70967741935484
6728,1.0,3.3658536585365852,0.2971014492753623,13.585365853658537,16.951219512195124,2.024390243902439,0.34146341463414637,2.3658536585365852,1051.878048780488,58.73170731707317,69.40636585365824,176.58536585365854
6776,0.8148148148148148,34.2962962962963,0.023758099352051837,24.296296296296298,58.592592592592595,27.037037037037038,6.444444444444445,33.48148148148148,4327.7037037037035,217.40740740740742,159.71395454545333,1099.9259259259259
6733,0.9166666666666666,6.166666666666667,0.14864864864864866,15.583333333333334,21.75,4.0,1.25,5.25,2139.75,96.33333333333333,371.19618181817884,421.1666666666667
6729,0.8857142857142857,5.0,0.17714285714285713,20.228571428571428,25.228571428571428,2.6857142857142855,1.4285714285714286,4.114285714285714,2101.3142857142857,159.65714285714284,149.51358064516336,305.6857142857143
6738,1.0,5.923076923076923,0.16883116883116883,11.307692307692308,17.23076923076923,4.615384615384615,0.3076923076923077,4.923076923076923,1373.3076923076924,75.53846153846153,14.360692307692338,309.9230769230769
6741,1.0,5.454545454545454,0.18333333333333332,13.909090909090908,19.363636363636363,2.6363636363636362,1.8181818181818181,4.454545454545454,1593.090909090909,82.0,190.96018181817988,352.0
6782,0.6666666666666666,5.777777777777778,0.11538461538461539,19.11111111111111,24.88888888888889,3.5,1.6111111111111112,5.111111111111111,3321.722222222222,145.38888888888889,246.7077499999972,910.1111111111111
6831,0.9523809523809523,2.5238095238095237,0.37735849056603776,7.190476190476191,9.714285714285714,0.2857142857142857,1.2857142857142858,1.5714285714285714,1404.6666666666667,58.333333333333336,203.47555000000347,176.71428571428572
6778,0.9047619047619048,3.380952380952381,0.2676056338028169,19.571428571428573,22.952380952380953,2.0952380952380953,0.38095238095238093,2.4761904761904763,3093.3333333333335,160.1904761904762,259.14673684210055,742.047619047619
6847,0.8571428571428571,2.0,0.42857142857142855,11.285714285714286,13.285714285714286,0.2857142857142857,0.8571428571428571,1.1428571428571428,2004.857142857143,87.0,0.0,388.14285714285717
6748,1.0,1.2666666666666666,0.7894736842105263,3.2,4.466666666666667,0.16666666666666666,0.1,0.26666666666666666,193.26666666666668,8.4,0.0,11.8
6772,0.9047619047619048,12.333333333333334,0.07335907335907337,20.0,32.333333333333336,5.380952380952381,6.0476190476190474,11.428571428571429,2606.714285714286,149.52380952380952,121.73926315789349,637.0
6830,0.8888888888888888,3.7037037037037037,0.24,9.518518518518519,13.222222222222221,0.8148148148148148,2.0,2.814814814814815,1221.5555555555557,57.03703703703704,97.16054166666568,381.81481481481484
6721,0.9032258064516129,4.67741935483871,0.19310344827586207,18.741935483870968,23.419354838709676,2.903225806451613,0.8709677419354839,3.774193548387097,1174.8064516129032,69.54838709677419,7.770857142857151,232.61290322580646
6735,0.875,6.25,0.14,10.25,16.5,1.25,4.125,5.375,1677.625,70.625,116.53485714285648,360.875
6834,0.8947368421052632,2.526315789473684,0.3541666666666667,7.105263157894737,9.631578947368421,0.15789473684210525,1.4736842105263157,1.631578947368421,1171.842105263158,45.68421052631579,74.96794117646998,321.89473684210526
6750,1.0,1.1851851851851851,0.84375,2.814814814814815,4.0,0.1111111111111111,0.07407407407407407,0.18518518518518517,150.4814814814815,7.185185185185185,0.0,22.555555555555557
6773,0.8333333333333334,2.0,0.4166666666666667,12.833333333333334,14.833333333333334,0.5,0.6666666666666666,1.1666666666666667,1984.4166666666667,92.5,0.0,382.4166666666667
6845,0.625,2.75,0.22727272727272727,7.125,9.875,0.875,1.25,2.125,1347.875,85.125,0.0,343.25
6848,1.0,2.4,0.4166666666666667,10.0,12.4,1.0,0.4,1.4,1188.8,54.0,354.9161999999979,417.0
6051,0.8333333333333334,1.6666666666666667,0.5,5.333333333333333,7.0,0.8333333333333334,0.0,0.8333333333333334,561.3333333333334,32.333333333333336,171.92039999999903,129.33333333333334
6751,0.972972972972973,1.3243243243243243,0.7346938775510204,8.08108108108108,9.405405405405405,0.13513513513513514,0.21621621621621623,0.35135135135135137,280.81081081081084,11.35135135135135,5.777750000000015,51.62162162162162
6723,0.9615384615384616,4.8076923076923075,0.2,14.884615384615385,19.692307692307693,2.3461538461538463,1.5,3.8461538461538463,1371.8846153846155,64.15384615384616,102.41671999999963,229.8846153846154
6195,0.9047619047619048,1.9523809523809523,0.4634146341463415,13.428571428571429,15.380952380952381,0.6666666666666666,0.38095238095238093,1.0476190476190477,1628.142857142857,98.71428571428571,203.60189473684068,316.1904761904762
6844,1.0,3.142857142857143,0.3181818181818182,12.285714285714286,15.428571428571429,2.142857142857143,0.0,2.142857142857143,1296.2857142857142,63.57142857142857,0.0,322.85714285714283
6849,0.6666666666666666,1.6666666666666667,0.4,27.333333333333332,29.0,0.0,1.0,1.0,1853.3333333333333,82.66666666666667,385.12999999999784,1210.6666666666667
7010,1.0,5.705882352941177,0.17525773195876287,20.823529411764707,26.529411764705884,3.411764705882353,1.2941176470588236,4.705882352941177,1436.4705882352941,74.47058823529412,216.5999411764701,249.47058823529412
6930,1.0,4.0,0.25,9.88888888888889,13.88888888888889,1.1111111111111112,1.8888888888888888,3.0,1434.3333333333333,52.22222222222222,223.43988888888808,290.77777777777777
6961,0.9130434782608695,2.9130434782608696,0.31343283582089554,16.652173913043477,19.565217391304348,1.3478260869565217,0.6521739130434783,2.0,622.304347826087,28.304347826086957,0.0,128.43478260869566
6938,0.7777777777777778,4.666666666666667,0.16666666666666666,19.22222222222222,23.88888888888889,1.6111111111111112,2.2777777777777777,3.888888888888889,2628.722222222222,134.11111111111111,118.42014285714147,550.5
7014,0.8947368421052632,4.7894736842105265,0.18681318681318682,22.210526315789473,27.0,3.263157894736842,0.631578947368421,3.8947368421052633,1498.7368421052631,79.89473684210526,62.06788235294087,341.57894736842104
6933,0.9230769230769231,5.461538461538462,0.16901408450704225,19.692307692307693,25.153846153846153,3.0,1.5384615384615385,4.538461538461538,3394.6923076923076,131.3846153846154,0.0,548.8461538461538
7011,0.9032258064516129,3.4193548387096775,0.2641509433962264,15.935483870967742,19.35483870967742,1.903225806451613,0.6129032258064516,2.5161290322580645,1677.9354838709678,95.3225806451613,85.05089285714219,196.48387096774192
6937,0.8888888888888888,2.8333333333333335,0.3137254901960784,19.833333333333332,22.666666666666668,1.1111111111111112,0.8333333333333334,1.9444444444444444,2649.722222222222,129.33333333333334,0.0,803.0
6939,0.9444444444444444,2.0555555555555554,0.4594594594594595,11.11111111111111,13.166666666666666,0.7222222222222222,0.3888888888888889,1.1111111111111112,1400.9444444444443,48.333333333333336,51.137823529411,274.0
7013,0.75,3.1666666666666665,0.23684210526315788,16.333333333333332,19.5,1.5833333333333333,0.8333333333333334,2.4166666666666665,2031.75,96.83333333333333,341.88433333333717,224.16666666666666
7009,0.9333333333333333,3.0,0.3111111111111111,21.2,24.2,1.9333333333333333,0.13333333333333333,2.066666666666667,921.4,42.06666666666667,484.4305714285833,245.26666666666668
6936,0.92,2.96,0.3108108108108108,14.48,17.44,0.8,1.24,2.04,2472.96,123.72,132.23143478260985,329.28
7019,1.0,3.0,0.3333333333333333,19.0,22.0,2.0,0.0,2.0,1896.0,115.5,0.0,385.0
6932,0.9166666666666666,5.083333333333333,0.18032786885245902,19.916666666666668,25.0,1.6666666666666667,2.5,4.166666666666667,2213.5833333333335,96.16666666666667,0.0,305.5833333333333
7012,1.0,2.888888888888889,0.34615384615384615,15.88888888888889,18.77777777777778,1.1111111111111112,0.7777777777777778,1.8888888888888888,1388.111111111111,64.55555555555556,142.55611111111045,277.44444444444446
6935,0.9230769230769231,3.076923076923077,0.3,11.76923076923077,14.846153846153847,1.0,1.1538461538461537,2.1538461538461537,1977.3846153846155,97.15384615384616,30.75416666666645,299.2307692307692
6960,0.8947368421052632,3.1052631578947367,0.288135593220339,16.157894736842106,19.263157894736842,2.0526315789473686,0.15789473684210525,2.210526315789474,1467.6315789473683,82.10526315789474,268.6094705882335,258.7894736842105
6931,0.8333333333333334,3.4444444444444446,0.24193548387096775,12.0,15.444444444444445,1.6111111111111112,1.0,2.611111111111111,2128.5,94.27777777777777,89.43653333333285,268.22222222222223
6934,0.7692307692307693,3.3076923076923075,0.23255813953488372,16.153846153846153,19.46153846153846,1.0,1.5384615384615385,2.5384615384615383,1959.076923076923,86.84615384615384,103.39509999999828,413.53846153846155
7050,1.0,4.294117647058823,0.2328767123287671,13.470588235294118,17.764705882352942,2.1176470588235294,1.1764705882352942,3.2941176470588234,2318.529411764706,123.41176470588235,726.5487647058793,398.8235294117647
7049,1.0,2.4705882352941178,0.40476190476190477,6.764705882352941,9.235294117647058,1.0588235294117647,0.4117647058823529,1.4705882352941178,3040.764705882353,117.11764705882354,474.4551764705814,492.29411764705884
