id,dificuldade,discriminacao,respostas,usuarios_respondidos
1002,22.50,0.55,40,"1113,1152,1160,1168,1182,1188,1199,1237,1238,1244,1273,1285,1287,1297,1309,1433,1451,1520,1561,1563,1567,1592,1639,1655,3098,3102,3107,3135,3263,3305,3306,3315,3323,3324,3325,3417,3451,3486,3489,3543"
1018,20.51,0.61,39,"1091,1114,1117,1151,1172,1173,1187,1190,1215,1246,1289,1292,1306,1307,1315,1393,1403,1449,1460,1554,1555,1642,1651,1677,1688,1704,3030,3047,3057,3076,3100,3112,3115,3119,3125,3136,3260,3322,3330"
1019,17.50,0.52,40,"1096,1102,1157,1179,1193,1194,1203,1224,1232,1240,1241,1250,1259,1278,1294,1303,1305,1448,1461,1519,1604,1610,1645,1659,1661,1662,1708,3061,3065,3070,3072,3073,3093,3117,3307,3310,3311,3321,3400,3456"
1020,16.67,0.54,42,"1105,1219,1221,1231,1234,1242,1253,1264,1281,1291,1296,1298,1299,1300,1564,1603,1612,1643,1644,1699,3048,3054,3055,3066,3069,3088,3104,3105,3106,3113,3124,3127,3128,3132,3140,3144,3266,3317,3327,3509,3511,3522"
1021,32.43,0.66,37,"1103,1111,1140,1155,1164,1191,1200,1214,1217,1236,1257,1267,1274,1293,1295,1310,1313,1431,1551,1557,1566,1601,1646,1654,1658,1668,1714,3084,3085,3089,3111,3129,3131,3418,3434,3476,3512"
1022,34.29,0.71,35,"1110,1118,1150,1174,1177,1218,1228,1249,1284,1286,1304,1311,1432,1464,1549,1559,1570,1636,1650,1652,1657,1664,1669,1676,1684,3071,3092,3137,3138,3259,3264,3304,3309,3331,3419"
1023,16.67,0.57,36,"1109,1112,1116,1176,1180,1181,1192,1196,1201,1208,1243,1251,1271,1275,1283,1302,1434,1463,1558,1687,1692,3044,3052,3081,3083,3086,3091,3097,3103,3139,3255,3258,3320,3328,3397,3508"
1024,23.26,0.59,43,"1090,1101,1108,1153,1159,1162,1166,1178,1184,1185,1186,1197,1206,1210,1225,1226,1235,1258,1270,1280,1314,1443,1450,1560,1565,1600,1637,1647,1656,1660,1663,1694,3063,3067,3077,3114,3116,3143,3318,3401,3421,3435,3538"
1025,15.79,0.56,38,"1094,1095,1097,1104,1161,1167,1216,1220,1233,1239,1263,1276,1279,1312,1384,1465,1550,1640,1649,1653,1674,1705,3049,3050,3051,3053,3058,3080,3087,3090,3095,3101,3120,3122,3133,3142,3477,3488"
1026,27.78,0.56,36,"1098,1158,1163,1165,1213,1248,1252,1254,1261,1269,1277,1308,1442,1462,1575,1608,1638,1666,1682,1691,1698,1702,1709,3045,3046,3059,3060,3064,3068,3075,3079,3130,3308,3313,3399,3495"
1027,27.00,0.39,100,"1094,1159,1203,1216,1237,1252,1267,1273,1287,1432,1462,1517,1565,1608,1640,1650,1666,1692,1705,2993,3046,3050,3066,3070,3088,3092,3097,3120,3127,3146,3166,3179,3191,3211,3219,3322,3367,3376,3378,3391,3392,3417,3495,3499,3532,3581,3607,4518,4641,4646,4653,4661,4667,4698,4699,4705,4715,4740,4758,4761,4762,4763,4769,4826,4830,4839,4864,4867,5014,5655,6013,7098,7106,7118,7119,7122,7131,7141,7146,7163,7171,7177,7178,7194,7196,7203,7209,7212,7221,7564,7591,7628,7635,7639,7643,7666,7668,7672,7673,7701"
1028,30.10,0.50,103,"1112,1114,1118,1214,1217,1218,1224,1240,1254,1284,1293,1297,1314,1449,1549,1550,1564,1567,1637,1638,1645,2514,3030,3045,3057,3061,3062,3081,3111,3124,3136,3157,3170,3176,3192,3200,3203,3267,3271,3309,3310,3373,3375,3384,3390,3439,3488,3489,3511,3555,4622,4624,4635,4650,4665,4670,4676,4685,4688,4696,4703,4722,4725,4730,4741,4742,4752,4766,4771,4774,4777,4840,4842,4843,4887,5668,5998,6011,6012,7104,7108,7123,7134,7155,7158,7174,7179,7234,7505,7506,7566,7567,7570,7576,7577,7585,7586,7623,7646,7651,7653,7657,7702"
1029,33.01,0.49,103,"1105,1157,1163,1172,1231,1232,1243,1244,1258,1264,1275,1276,1302,1465,1551,1644,1652,1660,1674,1698,3048,3063,3072,3080,3083,3116,3143,3159,3198,3214,3306,3311,3320,3379,3435,3486,3497,3595,4626,4630,4632,4640,4647,4656,4671,4675,4682,4687,4694,4695,4700,4710,4711,4720,4723,4744,4749,4756,4760,4768,4776,4827,4831,4844,4846,4854,4857,4863,6026,6071,6258,7101,7111,7133,7137,7138,7139,7148,7151,7160,7164,7166,7168,7558,7561,7565,7569,7574,7582,7583,7595,7599,7600,7601,7608,7609,7615,7618,7621,7624,7682,7685,7690"
1030,27.47,0.49,91,"1111,1116,1168,1184,1192,1270,1280,1286,1300,1308,1450,1647,3044,3047,3055,3060,3077,3100,3103,3117,3129,3148,3160,3164,3169,3187,3201,3202,3208,3216,3308,3397,3400,3443,3477,3508,4512,4631,4633,4638,4645,4651,4652,4655,4657,4672,4678,4686,4692,4701,4713,4717,4726,4738,4750,4751,4759,4778,4838,4841,5090,5536,5664,5826,6024,6059,7090,7102,7114,7116,7121,7127,7143,7154,7167,7181,7195,7563,7573,7575,7594,7603,7604,7607,7620,7640,7641,7648,7654,7656,7742"
1031,33.73,0.59,83,"1091,1113,1161,1193,1199,1200,1215,1235,1241,1246,1277,1278,1285,1295,1304,1311,1401,1520,1702,3053,3075,3113,3144,3149,3162,3175,3209,3380,3394,3419,3444,3449,4643,4659,4677,4689,4706,4753,4767,4772,4773,4825,4828,4832,4833,4835,4836,4859,5008,5687,6074,6119,6165,7097,7109,7115,7126,7144,7176,7188,7205,7229,7239,7568,7579,7593,7605,7606,7610,7611,7613,7636,7644,7647,7659,7660,7663,7671,7686,7689,7697,7725,7740"
1032,19.54,0.39,87,"1162,1190,1226,1283,1296,1461,1463,1655,1668,1699,1709,3011,3058,3065,3073,3085,3090,3130,3156,3165,3174,3188,3190,3212,3213,3313,3324,3330,3371,3374,3421,3451,3456,3485,3522,4628,4629,4639,4642,4649,4654,4673,4679,4697,4714,4732,4733,4818,4821,4829,4837,4845,4848,4849,4856,4875,5029,6157,6769,7103,7107,7125,7142,7161,7169,7175,7186,7187,7190,7193,7204,7220,7241,7510,7578,7580,7590,7592,7598,7612,7625,7626,7655,7658,7665,7704,7726"
1033,36.36,0.64,44,"1090,1096,1102,1104,1117,1152,1155,1182,1206,1210,1213,1242,1248,1259,1310,1434,1561,1566,1601,1639,1656,1682,3059,3067,3086,3135,3158,3171,3177,3182,3195,3204,3218,3307,3317,3318,3328,3383,3387,3399,3434,3440,3476,3543"
1034,21.28,0.41,47,"1151,1160,1177,1180,1181,1186,1188,1191,1197,1250,1261,1269,1281,1303,1431,1451,1554,1600,1646,1651,1657,1658,1661,1663,1684,3052,3076,3107,3119,3132,3140,3161,3172,3173,3183,3196,3199,3210,3259,3260,3263,3305,3321,3480,3483,3498,3538"
1035,28.21,0.76,39,"1095,1103,1150,1153,1164,1219,1238,1239,1298,1307,1393,1557,1558,1570,1612,1662,1691,1714,3051,3054,3068,3079,3089,3102,3104,3106,3122,3138,3163,3186,3197,3269,3325,3369,3381,3385,3388,3389,3442"
1036,23.53,0.56,34,"1097,1158,1165,1174,1187,1201,1253,1271,1305,1313,1315,1603,1643,1649,3091,3093,3096,3131,3142,3145,3180,3207,3215,3217,3221,3258,3304,3331,3370,3401,3441,3509,3512,3558"
1037,38.30,0.75,47,"1110,1140,1166,1167,1176,1178,1196,1220,1234,1251,1257,1274,1279,1291,1299,1306,1384,1403,1443,1563,1575,1592,1610,1636,1642,1690,1694,1708,3049,3069,3087,3115,3125,3139,3151,3155,3178,3181,3184,3193,3205,3264,3323,3395,3418,3502,3544"
1038,30.43,0.65,46,"1098,1101,1108,1109,1173,1179,1221,1222,1225,1228,1233,1249,1263,1289,1292,1294,1309,1433,1460,1464,1653,1654,1659,1669,1676,1704,3064,3071,3084,3095,3098,3105,3112,3133,3137,3167,3194,3255,3266,3315,3327,3368,3372,3386,3481,3531"
1080,9.43,0.36,53,"1157,1161,1162,1184,1217,1239,1251,1253,1267,1270,1284,1292,1295,1298,1322,1324,1343,1391,1403,1433,1434,1451,1461,1462,1484,1491,1506,1573,1606,1633,1634,1657,1695,1718,3064,3065,3086,3093,3165,3169,3175,3180,3234,3269,3271,3371,3372,3381,3389,3393,3447,3532,3544"
1081,13.43,0.46,67,"1110,1177,1199,1215,1233,1243,1247,1249,1278,1309,1325,1355,1431,1454,1464,1494,1519,1520,1527,1566,1592,1649,1655,1660,1666,1727,1732,3047,3058,3069,3091,3102,3107,3116,3122,3127,3134,3140,3159,3170,3171,3176,3183,3219,3230,3237,3239,3240,3243,3247,3266,3311,3321,3322,3323,3330,3368,3385,3440,3451,3476,3477,3486,3488,3511,3561,4622"
1082,9.89,0.36,64,"1103,1104,1116,1140,1160,1163,1187,1191,1194,1214,1216,1237,1242,1285,1293,1297,1304,1307,1323,1328,1335,1339,1348,1383,1392,1396,1465,1482,1486,1497,1506,1518,1543,1562,1582,1591,1616,1618,1622,1639,1643,1662,1684,3031,3050,3072,3090,3096,3106,3111,3121,3163,3189,3194,3197,3201,3211,3212,3241,3320,3376,3435,3497,3508"
1083,19.05,0.36,63,"1094,1097,1150,1182,1186,1198,1213,1226,1268,1276,1303,1305,1306,1311,1313,1352,1357,1473,1480,1498,1504,1511,1540,1608,1621,1627,1628,1635,1637,1650,1659,1668,1677,1702,3044,3048,3071,3075,3077,3100,3104,3114,3128,3132,3137,3164,3174,3191,3204,3207,3218,3236,3276,3277,3304,3308,3373,3384,3404,3482,3495,3498,3503"
1084,12.73,0.35,55,"1102,1151,1158,1178,1196,1252,1254,1283,1287,1296,1300,1302,1333,1398,1483,1487,1492,1507,1516,1533,1557,1565,1575,1578,1605,1625,1661,1663,1669,1682,1683,1699,1712,3056,3057,3066,3085,3105,3115,3125,3133,3135,3157,3160,3177,3178,3203,3210,3259,3260,3318,3395,3417,3419,3502"
1085,11.11,0.25,63,"1111,1114,1117,1173,1174,1180,1181,1185,1192,1200,1218,1231,1340,1349,1389,1395,1479,1483,1493,1502,1509,1512,1514,1522,1583,1600,1619,1631,1634,1638,1646,1653,1664,1687,1704,1719,3011,3030,3063,3068,3080,3088,3095,3101,3138,3148,3151,3196,3213,3216,3222,3231,3242,3255,3263,3264,3275,3279,3374,3399,3418,3439,3499"
1086,3.03,0.28,66,"1101,1153,1164,1165,1190,1201,1202,1224,1234,1236,1238,1240,1246,1259,1264,1289,1294,1299,1308,1327,1329,1331,1350,1441,1450,1458,1481,1488,1489,1490,1495,1500,1510,1514,1534,1549,1550,1555,1612,1636,1676,1691,1700,1703,3046,3051,3073,3081,3119,3131,3149,3162,3181,3182,3193,3202,3217,3228,3246,3248,3267,3273,3307,3327,3390,3512"
1087,7.61,0.39,70,"1091,1113,1155,1172,1197,1203,1210,1232,1244,1275,1279,1281,1330,1332,1342,1345,1351,1390,1443,1485,1501,1534,1559,1563,1567,1586,1611,1614,1645,1652,1658,1674,1705,1709,1752,3059,3061,3062,3112,3120,3136,3139,3142,3144,3156,3184,3187,3190,3198,3199,3221,3223,3224,3227,3232,3235,3258,3265,3306,3309,3325,3370,3383,3388,3392,3394,3396,3397,3401,3456"
1088,5.17,0.26,58,"1105,1118,1219,1220,1250,1255,1258,1263,1314,1326,1334,1338,1353,1358,1387,1393,1432,1437,1444,1485,1486,1495,1496,1498,1503,1615,3049,3053,3055,3079,3083,3084,3092,3126,3129,3143,3146,3155,3161,3166,3167,3179,3186,3188,3195,3214,3233,3245,3278,3305,3310,3314,3328,3331,3375,3380,3434,3444"
1089,24.86,0.48,59,"1098,1108,1109,1112,1152,1166,1168,1193,1225,1235,1248,1273,1291,1312,1386,1394,1397,1401,1448,1480,1481,1499,1512,1551,1554,1571,1610,1644,1656,1692,1701,1729,1759,3052,3054,3070,3076,3089,3103,3113,3117,3124,3215,3270,3315,3324,3367,3369,3378,3379,3387,3391,3441,3443,3484,3485,3509,3531,3538"
1090,18.52,0.54,54,"1090,1095,1096,1159,1167,1176,1179,1188,1221,1257,1261,1271,1277,1286,1310,1315,1384,1430,1460,1463,1501,1508,1541,1558,1577,1588,1598,1603,1620,1623,1640,1647,1651,1654,1694,1698,1714,3060,3097,3098,3158,3205,3209,3225,3226,3313,3317,3448,3449,3483,3489,3522,3555,3570"
1091,22.77,0.37,60,"1112,1116,1166,1185,1188,1213,1224,1232,1234,1254,1273,1283,1289,1293,1307,1349,1444,1481,1486,1508,1514,1522,1543,1549,1555,1562,1618,1634,1654,1660,1701,3053,3061,3066,3085,3091,3113,3115,3121,3142,3163,3164,3175,3189,3199,3202,3221,3235,3263,3276,3309,3320,3368,3372,3376,3385,3440,3449,3486,3555"
1092,43.20,0.56,81,"1108,1109,1117,1160,1161,1164,1168,1174,1197,1199,1203,1214,1220,1231,1264,1276,1295,1304,1306,1308,1313,1331,1338,1345,1386,1389,1398,1433,1462,1481,1484,1485,1490,1503,1504,1506,1533,1534,1540,1543,1550,1565,1588,1615,1635,1638,1644,1646,1666,1692,1702,1714,1727,1732,3044,3046,3049,3052,3072,3080,3083,3098,3127,3131,3134,3144,3145,3157,3162,3165,3190,3195,3196,3213,3240,3264,3278,3305,3331,3390,3396"
1093,39.49,0.60,92,"1098,1101,1102,1118,1140,1151,1162,1172,1178,1187,1236,1243,1250,1253,1258,1267,1278,1281,1291,1292,1298,1322,1323,1327,1335,1343,1357,1383,1390,1401,1437,1473,1486,1491,1493,1495,1501,1516,1520,1534,1600,1621,1623,1625,1631,1633,1634,1668,3055,3058,3059,3063,3069,3071,3092,3096,3097,3100,3102,3105,3112,3116,3117,3125,3132,3137,3138,3140,3167,3171,3174,3180,3181,3212,3217,3222,3234,3237,3242,3259,3307,3311,3318,3384,3387,3399,3451,3456,3477,3497,3509,3570"
1094,45.75,0.42,75,"1091,1096,1104,1105,1167,1218,1219,1233,1270,1279,1286,1296,1302,1328,1329,1330,1333,1334,1350,1391,1393,1434,1450,1461,1463,1464,1479,1480,1489,1495,1498,1502,1512,1611,1616,1640,1645,1682,1694,1705,1729,3047,3050,3075,3076,3086,3093,3095,3101,3106,3119,3124,3139,3149,3166,3186,3191,3194,3198,3209,3225,3227,3228,3236,3266,3306,3317,3322,3323,3374,3378,3485,3508,3531,3532"
1095,48.30,0.56,80,"1090,1113,1157,1163,1182,1215,1226,1238,1252,1268,1287,1300,1303,1315,1324,1326,1332,1340,1384,1394,1396,1403,1430,1431,1441,1443,1458,1465,1480,1499,1509,1541,1566,1573,1578,1586,1603,1636,1649,1650,1656,1658,1661,1662,1663,1664,1677,1683,1703,1719,1752,3060,3070,3088,3089,3122,3128,3146,3148,3156,3219,3224,3230,3239,3260,3270,3277,3308,3310,3370,3380,3391,3392,3397,3417,3448,3488,3498,3502,3511"
1096,55.67,0.54,82,"1095,1097,1111,1152,1153,1193,1200,1217,1225,1242,1247,1251,1257,1261,1275,1285,1294,1297,1309,1314,1342,1351,1355,1485,1487,1488,1492,1494,1506,1507,1511,1559,1610,1612,1627,1652,1657,1659,1669,1674,1676,1691,3011,3030,3048,3056,3077,3079,3081,3104,3111,3126,3151,3160,3179,3182,3183,3184,3187,3188,3197,3205,3208,3210,3223,3232,3245,3255,3265,3279,3315,3321,3367,3375,3379,3388,3395,3418,3419,3476,3482,3489"
1097,37.56,0.58,94,"1094,1103,1110,1114,1150,1155,1158,1184,1190,1194,1196,1201,1210,1216,1237,1240,1255,1263,1271,1284,1312,1432,1451,1483,1498,1501,1514,1518,1519,1527,1554,1557,1558,1583,1608,1614,1620,1628,1637,1639,1643,1687,1698,1700,1704,1709,1712,3051,3065,3073,3090,3103,3114,3135,3136,3158,3161,3169,3170,3176,3177,3200,3203,3204,3211,3215,3216,3218,3226,3233,3247,3273,3275,3304,3327,3328,3371,3373,3381,3383,3389,3394,3401,3404,3434,3439,3441,3444,3447,3495,3499,3503,3512,3544"
1098,38.45,0.59,78,"1165,1176,1179,1186,1192,1202,1221,1244,1246,1249,1259,1299,1305,1310,1311,1325,1339,1348,1352,1353,1358,1392,1397,1460,1482,1496,1497,1500,1510,1512,1551,1563,1567,1575,1582,1591,1592,1606,1651,1699,1718,3031,3054,3057,3064,3068,3084,3107,3120,3129,3143,3155,3159,3178,3192,3193,3201,3207,3214,3231,3241,3243,3246,3248,3267,3269,3271,3313,3314,3324,3325,3330,3369,3435,3443,3483,3484,3561"
1109,52.84,0.58,75,"1101,1105,1110,1153,1158,1166,1176,1187,1198,1206,1216,1224,1225,1237,1254,1285,1286,1298,1302,1306,1315,1346,1394,1431,1432,1441,1444,1487,1500,1511,1534,1567,1582,1629,1640,1650,1656,1698,1712,1719,3047,3054,3058,3080,3081,3084,3097,3128,3138,3142,3144,3191,3195,3200,3218,3221,3223,3240,3246,3248,3255,3258,3273,3305,3309,3310,3315,3330,3340,3344,3346,3352,3379,3397,3441"
1110,56.88,0.79,34,"1095,1161,1179,1186,1196,1232,1233,1251,1257,1261,1273,1289,1304,1308,1330,1349,1357,1384,1387,1395,1396,1463,1493,1499,1510,1592,1598,1612,1620,1639,1655,1660,1682,1699"
1111,54.77,0.68,56,"1113,1162,1252,1258,1294,1313,1334,1398,1460,1527,1586,1600,1652,1661,1663,1666,1704,1727,3044,3052,3082,3085,3092,3095,3132,3199,3205,3216,3217,3280,3307,3320,3336,3338,3347,3349,3367,3371,3376,3381,3448,3511,3645,3657,3694,3701,3747,3755,3763,3764,3801,6130,7506,7639,7648,7653"
1112,49.00,0.70,32,"1114,1118,1174,1217,1218,1239,1255,1296,1299,1309,1325,1328,1331,1333,1335,1355,1356,1358,1388,1430,1462,1489,1491,1494,1507,1543,1565,1577,1636,1658,1664,1709"
1113,44.06,0.61,62,"1103,1108,1112,1155,1160,1172,1181,1190,1202,1214,1238,1250,1253,1263,1267,1293,1329,1343,1345,1392,1437,1443,1473,1484,1485,1488,1504,1549,1557,1645,1669,1687,3046,3089,3090,3091,3103,3116,3122,3129,3137,3155,3188,3193,3196,3209,3210,3259,3264,3311,3342,3372,3378,3387,3417,3421,3451,3476,3482,3503,3522,3531"
1114,57.28,0.55,71,"1090,1097,1098,1111,1116,1150,1152,1159,1178,1210,1234,1244,1283,1284,1303,1314,1322,1339,1348,1353,1383,1386,1451,1458,1481,1496,1508,1509,1518,1522,1541,1558,1561,1562,1618,1637,1644,1651,1657,1691,1701,1702,1705,1729,3060,3075,3107,3119,3133,3139,3145,3149,3197,3214,3219,3232,3236,3238,3243,3247,3260,3276,3304,3345,3348,3359,3423,3434,3435,3443,3489"
1115,50.18,0.51,83,"1104,1117,1164,1165,1173,1180,1184,1197,1201,1213,1220,1242,1265,1278,1281,1310,1324,1326,1352,1486,1490,1497,1498,1501,1502,1506,1514,1540,1559,1563,1588,1614,1616,1625,1628,1631,1638,1649,1653,1654,1674,1694,1728,3053,3064,3065,3071,3076,3093,3098,3104,3105,3124,3126,3136,3198,3201,3202,3213,3225,3228,3237,3241,3277,3279,3321,3325,3331,3351,3362,3370,3375,3385,3386,3388,3391,3418,3449,3456,3477,3486,3495,3544"
1116,47.85,0.55,39,"1091,1109,1140,1151,1157,1167,1182,1199,1219,1221,1222,1226,1231,1243,1246,1264,1276,1291,1295,1297,1323,1327,1350,1389,1434,1465,1480,1512,1516,1533,1575,1578,1610,1635,1642,1643,1676,1677,1764"
1117,73.00,0.56,58,"1094,1102,1185,1192,1193,1194,1271,1275,1287,1292,1300,1305,1307,1342,1351,1390,1393,1433,1461,1464,1479,1482,1492,1503,1520,1550,1554,1583,1659,1668,1692,1703,1718,1732,1752,3011,3057,3106,3117,3127,3194,3222,3224,3227,3239,3266,3274,3306,3308,3314,3323,3324,3328,3350,3358,3426,3481,3488"
1118,11.93,0.02,56,"1101,1108,1109,1110,1111,1112,1113,1114,1115,1116,1140,1166,1176,1191,1192,1213,1214,1215,1216,1217,1218,1219,1220,1221,1222,1224,1225,1226,1228,1448,1449,1450,1451,1555,1557,1558,1559,1560,1561,1562,1563,1564,1592,1598,1603,1604,1685,1686,1687,1688,1690,1691,1702,1709,1712,1846"
1119,19.05,0.50,77,"1157,1163,1167,1198,1202,1217,1261,1267,1278,1285,1294,1308,1325,1335,1352,1358,1391,1393,1490,1491,1500,1504,1512,1578,1614,1636,1639,1640,1653,1655,1684,1729,3011,3044,3046,3060,3061,3069,3076,3077,3080,3085,3093,3095,3106,3130,3133,3137,3182,3198,3201,3205,3207,3210,3224,3235,3237,3243,3259,3273,3304,3313,3324,3331,3345,3350,3352,3367,3381,3385,3391,3423,3451,3476,3477,3482,3503"
1120,24.39,0.54,56,"1096,1097,1098,1104,1159,1160,1161,1162,1180,1193,1203,1246,1248,1281,1291,1305,1327,1330,1340,1343,1357,1387,1497,1498,1503,1514,1565,1582,1612,1629,1669,1698,1719,1727,1764,3058,3063,3065,3079,3096,3101,3107,3115,3122,3125,3136,3181,3192,3197,3263,3265,3349,3371,3386,3486,3522"
1122,15.09,0.32,75,"1117,1153,1185,1197,1232,1235,1242,1251,1252,1254,1255,1271,1275,1286,1295,1298,1303,1331,1342,1350,1383,1389,1397,1444,1460,1463,1483,1486,1522,1533,1541,1567,1631,1646,1650,1651,1652,1666,1692,3070,3081,3083,3088,3103,3127,3128,3134,3140,3144,3156,3158,3170,3171,3174,3177,3189,3195,3232,3247,3264,3314,3339,3344,3346,3368,3372,3383,3387,3393,3394,3434,3456,3495,3531,3561"
1125,9.02,0.17,48,"1091,1095,1102,1118,1150,1152,1186,1190,1231,1258,1264,1293,1348,1392,1395,1398,1443,1479,1510,1527,1540,1621,1637,1644,1663,1664,1703,3048,3086,3090,3124,3126,3161,3164,3165,3179,3199,3209,3211,3230,3236,3274,3315,3323,3375,3388,3497,3512"
1126,11.70,0.36,57,"1103,1155,1164,1172,1199,1257,1284,1306,1310,1313,1390,1437,1441,1484,1507,1543,1554,1588,1605,1610,1616,1627,1654,1657,1660,1668,1701,1718,3064,3068,3082,3084,3087,3131,3132,3148,3166,3175,3176,3202,3213,3234,3240,3244,3267,3305,3309,3311,3320,3325,3340,3342,3348,3419,3426,3447,3488"
1127,14.55,0.34,55,"1210,1237,1238,1283,1300,1304,1314,1315,1345,1396,1433,1465,1499,1501,1550,1611,1619,1633,1635,1647,1674,1704,1728,3053,3072,3116,3117,3129,3138,3145,3149,3151,3178,3183,3218,3222,3226,3246,3248,3260,3269,3306,3308,3310,3322,3333,3356,3359,3362,3373,3397,3421,3435,3511,3570"
1146,15.96,0.39,48,"1244,1253,1273,1297,1309,1322,1328,1334,1394,1430,1489,1502,1511,1516,1518,1519,1520,1638,1658,1699,3054,3066,3075,3111,3114,3139,3143,3184,3194,3217,3228,3231,3238,3239,3242,3276,3321,3336,3338,3347,3353,3355,3370,3379,3444,3489,3498,3544"
1147,10.87,0.22,46,"1233,1243,1276,1296,1299,1323,1333,1339,1388,1401,1434,1480,1482,1493,1496,1591,1620,1625,1628,1659,1676,1705,3030,3031,3052,3071,3092,3100,3160,3188,3203,3216,3241,3270,3271,3307,3327,3328,3335,3378,3380,3389,3440,3449,3481,3499"
1148,12.64,0.49,58,"1234,1250,1307,1324,1326,1346,1351,1461,1462,1485,1487,1492,1494,1534,1575,1577,1583,1586,1649,1682,1694,1752,3057,3089,3091,3097,3104,3119,3120,3135,3142,3159,3162,3169,3180,3187,3200,3215,3219,3223,3225,3227,3245,3255,3258,3277,3280,3317,3341,3374,3376,3384,3439,3441,3442,3448,3502,3532"
1149,16.67,0.44,48,"1239,1241,1263,1287,1289,1292,1302,1329,1349,1353,1386,1458,1464,1481,1506,1508,1509,1622,1643,1661,1732,3098,3102,3105,3146,3155,3157,3167,3190,3191,3193,3196,3204,3208,3214,3221,3266,3275,3279,3334,3337,3351,3358,3395,3418,3443,3484,3485"
1152,31.58,0.35,38,"1150,1163,1182,1201,1216,1234,1257,1276,1286,1305,1306,1309,1322,1328,1387,1390,1395,1430,1432,1483,1492,1497,1500,1512,1541,1557,1583,1586,1611,1618,1637,1646,1649,1655,1660,1666,1703,1807"
1153,60.00,0.64,25,"1091,1114,1153,1174,1217,1218,1226,1235,1244,1258,1273,1292,1313,1343,1349,1351,1358,1384,1491,1503,1508,1518,1625,1636,1676"
1154,48.48,0.68,33,"1094,1101,1194,1224,1225,1243,1248,1267,1302,1324,1340,1393,1480,1481,1484,1486,1488,1489,1490,1493,1496,1503,1504,1511,1516,1533,1582,1588,1620,1629,1682,1694,1732"
1155,38.71,0.71,31,"1117,1152,1177,1185,1186,1188,1191,1199,1219,1231,1232,1253,1255,1261,1264,1281,1333,1353,1465,1494,1499,1502,1508,1510,1514,1565,1605,1621,1638,1652,1674"
1156,57.14,0.64,21,"1095,1109,1113,1176,1193,1213,1291,1298,1310,1327,1350,1356,1464,1498,1500,1603,1610,1619,1627,1663,1664"
1157,30.30,0.50,33,"1103,1164,1165,1187,1238,1250,1275,1287,1293,1307,1326,1352,1391,1398,1479,1483,1484,1493,1494,1497,1499,1527,1551,1558,1578,1588,1616,1623,1635,1643,1703,1728,1807"
1158,38.46,0.63,26,"1096,1097,1105,1111,1159,1162,1173,1178,1196,1233,1239,1346,1431,1437,1441,1451,1481,1486,1488,1502,1504,1514,1519,1606,1633,1760"
1159,35.71,0.49,28,"1104,1157,1158,1184,1203,1215,1237,1251,1308,1315,1332,1334,1339,1348,1355,1480,1490,1492,1496,1507,1516,1522,1541,1549,1559,1563,1631,1658"
1160,50.00,0.51,24,"1110,1140,1160,1166,1168,1241,1285,1295,1383,1389,1403,1448,1463,1485,1511,1512,1533,1534,1550,1657,1668,1687,1692,1701"
1161,42.35,0.50,37,"1108,1116,1118,1172,1180,1192,1198,1206,1210,1214,1252,1289,1299,1304,1330,1357,1386,1392,1461,1462,1473,1491,1498,1501,1507,1527,1534,1543,1612,1615,1639,1645,1653,1659,1719,1727,1729"
1162,47.83,0.54,23,"1112,1151,1246,1284,1294,1303,1314,1331,1394,1396,1489,1501,1510,1520,1540,1543,1562,1582,1592,1650,1669,1677,1698"
1163,28.00,0.44,25,"1155,1221,1254,1278,1296,1300,1323,1329,1397,1433,1443,1450,1458,1479,1540,1555,1561,1577,1600,1635,1640,1651,1670,1699,1752"
1164,33.33,0.74,27,"1109,1160,1162,1217,1275,1304,1310,1324,1331,1340,1348,1387,1401,1481,1485,1510,1527,1534,1561,1577,1611,1612,1616,1635,1639,1649,1653"
1165,47.83,0.68,23,"1094,1101,1194,1201,1250,1254,1293,1296,1307,1384,1390,1461,1465,1484,1489,1500,1501,1502,1516,1533,1652,1659,1718"
1166,55.56,0.50,27,"1180,1251,1294,1313,1328,1330,1352,1353,1458,1483,1490,1492,1503,1508,1511,1514,1543,1562,1578,1582,1588,1625,1645,1670,1676,1677,1807"
1167,43.75,0.67,32,"1097,1117,1150,1151,1158,1165,1174,1232,1234,1238,1244,1276,1286,1309,1332,1339,1355,1356,1393,1398,1434,1437,1496,1498,1507,1512,1520,1541,1557,1631,1699,1704"
1168,60.00,0.71,20,"1095,1118,1161,1228,1233,1248,1255,1273,1389,1432,1441,1473,1493,1494,1497,1504,1623,1643,1666,1694"
1169,48.15,0.78,27,"1168,1190,1203,1218,1226,1231,1237,1281,1295,1302,1306,1314,1322,1327,1343,1346,1349,1388,1451,1491,1499,1519,1628,1638,1703,1727,1752"
1170,53.85,0.29,26,"1114,1140,1222,1257,1258,1284,1287,1298,1333,1350,1357,1358,1430,1443,1479,1480,1486,1488,1540,1558,1620,1637,1692,1698,1728,1760"
1171,47.62,0.40,21,"1104,1176,1253,1267,1303,1323,1326,1329,1386,1397,1462,1483,1484,1493,1504,1534,1575,1586,1621,1661,1674"
1172,42.86,0.37,21,"1102,1110,1111,1112,1219,1235,1335,1391,1490,1492,1496,1501,1503,1510,1516,1549,1619,1636,1651,1657,1729"
1173,66.67,0.65,18,"1116,1185,1191,1198,1243,1261,1285,1291,1297,1300,1351,1464,1485,1499,1629,1668,1703,1807"
1174,31.25,0.29,32,"1181,1199,1213,1225,1246,1283,1289,1299,1305,1392,1431,1479,1486,1488,1489,1498,1502,1507,1508,1512,1514,1540,1541,1543,1563,1582,1588,1610,1627,1635,1660,1719"
1175,32.35,0.70,34,"1103,1108,1113,1186,1210,1214,1308,1334,1383,1395,1396,1433,1450,1463,1480,1481,1491,1494,1497,1527,1533,1550,1565,1583,1592,1600,1605,1618,1633,1640,1646,1663,1664,1732"
1192,37.65,0.37,23,"1113,1117,1160,1190,1193,1264,1303,1329,1357,1386,1389,1391,1441,1463,1482,1491,1514,1583,1622,1635,1668,1674,1704"
1193,32.14,0.34,28,"1103,1158,1161,1168,1176,1199,1214,1231,1250,1275,1285,1333,1394,1398,1434,1462,1490,1493,1496,1507,1527,1606,1615,1619,1631,1643,1645,1698"
1194,20.00,0.61,25,"1140,1181,1235,1251,1281,1293,1313,1324,1351,1383,1390,1401,1430,1485,1489,1497,1519,1534,1562,1575,1603,1655,1658,1666,1729"
1196,36.00,0.34,25,"1111,1118,1151,1155,1181,1243,1289,1325,1326,1339,1348,1392,1431,1498,1520,1540,1558,1605,1616,1637,1644,1649,1653,1682,1699"
1197,51.18,0.45,28,"1091,1108,1162,1164,1180,1210,1215,1233,1238,1246,1248,1276,1295,1302,1335,1340,1350,1352,1464,1481,1486,1494,1503,1512,1612,1650,1663,1703"
1198,36.36,0.35,22,"1257,1267,1287,1353,1356,1388,1465,1479,1488,1577,1610,1618,1620,1621,1627,1628,1639,1656,1657,1664,1692,1694"
1199,50.00,0.39,16,"1104,1216,1220,1234,1254,1259,1310,1327,1349,1396,1454,1458,1492,1499,1623,1625"
1200,28.54,0.29,28,"1109,1112,1165,1201,1213,1255,1286,1296,1299,1304,1308,1309,1314,1331,1332,1358,1395,1397,1504,1541,1628,1638,1652,1661,1669,1684,1732,1752"
1201,50.00,0.58,24,"1116,1180,1184,1186,1226,1232,1283,1294,1300,1328,1343,1393,1451,1480,1501,1508,1559,1588,1611,1636,1646,1659,1670,1701"
1202,54.55,0.21,22,"1095,1176,1218,1219,1237,1258,1261,1273,1291,1292,1306,1315,1323,1387,1443,1510,1533,1563,1586,1627,1651,1676"
1203,36.36,0.49,22,"1095,1113,1116,1194,1226,1239,1258,1286,1292,1305,1325,1349,1356,1389,1401,1431,1509,1565,1575,1577,1619,1727"
1204,21.23,0.57,22,"1097,1165,1187,1215,1291,1328,1339,1358,1392,1393,1403,1450,1502,1503,1508,1522,1588,1610,1631,1640,1664,1698"
1205,12.12,0.46,33,"1091,1112,1190,1238,1243,1257,1293,1333,1348,1384,1390,1397,1448,1465,1479,1486,1489,1494,1496,1497,1498,1510,1512,1583,1611,1623,1638,1646,1649,1659,1660,1694,1699"
1206,26.09,0.71,23,"1140,1160,1163,1164,1185,1199,1276,1287,1308,1327,1335,1340,1396,1464,1493,1540,1561,1605,1628,1644,1666,1701,1732"
1207,14.05,0.43,19,"1108,1250,1273,1284,1296,1304,1326,1346,1352,1387,1434,1481,1485,1490,1541,1616,1627,1643,1705"
1208,18.35,0.51,20,"1161,1162,1168,1176,1210,1253,1281,1294,1299,1314,1350,1357,1386,1480,1500,1504,1612,1637,1645,1661"
1209,11.76,0.52,17,"1231,1237,1254,1283,1300,1302,1315,1324,1398,1461,1491,1534,1559,1625,1635,1653,1729"
1210,30.22,0.47,32,"1117,1153,1216,1225,1244,1248,1252,1259,1261,1289,1313,1323,1353,1430,1443,1458,1463,1482,1492,1501,1615,1621,1627,1628,1636,1639,1650,1668,1669,1670,1677,1728"
1211,11.12,0.29,24,"1178,1201,1220,1233,1255,1263,1275,1295,1298,1303,1306,1307,1329,1331,1343,1388,1451,1462,1488,1527,1620,1629,1652,1684"
1212,13.59,0.39,27,"1102,1103,1155,1213,1214,1218,1219,1232,1234,1235,1246,1394,1395,1514,1550,1562,1582,1603,1622,1628,1658,1663,1674,1676,1703,1704,1752"
1213,30.32,0.53,22,"1096,1104,1111,1118,1151,1184,1186,1193,1264,1267,1310,1383,1387,1533,1558,1563,1586,1606,1618,1656,1682,1692"
1214,7.00,0.22,19,"1109,1110,1152,1158,1251,1285,1309,1332,1351,1391,1441,1454,1499,1507,1519,1520,1651,1655,1657"
1246,31.58,0.50,19,"1103,1104,1118,1232,1253,1263,1278,1295,1298,1315,1323,1346,1352,1384,1387,1458,1503,1533,1645"
1247,17.24,0.30,29,"1110,1184,1187,1217,1225,1231,1243,1255,1264,1281,1309,1328,1329,1353,1392,1479,1482,1492,1508,1534,1559,1565,1575,1578,1603,1615,1687,1703,1732"
1248,27.57,0.31,23,"1095,1097,1159,1163,1181,1213,1237,1238,1244,1254,1261,1306,1307,1350,1357,1388,1518,1554,1611,1637,1657,1659,1660"
1249,20.83,0.42,24,"1109,1158,1178,1218,1226,1257,1294,1296,1339,1340,1351,1396,1460,1461,1498,1561,1605,1612,1618,1622,1649,1652,1653,1670"
1250,21.23,0.59,22,"1102,1111,1112,1182,1185,1246,1287,1349,1391,1398,1401,1488,1550,1567,1582,1583,1619,1638,1651,1684,1692,1752"
1251,30.89,0.64,27,"1161,1194,1248,1252,1259,1273,1293,1300,1324,1326,1327,1356,1389,1390,1430,1463,1465,1491,1509,1512,1543,1557,1606,1610,1641,1663,1698"
1252,17.24,0.54,29,"1155,1190,1201,1239,1258,1276,1286,1303,1310,1330,1331,1333,1348,1386,1394,1437,1480,1494,1507,1510,1541,1586,1588,1623,1644,1655,1669,1674,1704"
1253,15.38,0.50,26,"1113,1117,1160,1176,1186,1215,1235,1283,1285,1314,1322,1332,1343,1397,1462,1483,1502,1519,1522,1555,1563,1635,1636,1640,1643,1729"
1254,5.26,0.22,19,"1108,1116,1210,1219,1220,1234,1299,1313,1464,1489,1493,1497,1504,1520,1631,1633,1639,1676,1682"
1255,25.00,0.65,20,"1096,1162,1165,1199,1233,1291,1292,1304,1305,1383,1443,1448,1481,1484,1540,1562,1616,1646,1661,1699"
1257,7.69,0.44,26,"1153,1214,1251,1284,1302,1358,1393,1403,1431,1434,1441,1451,1485,1490,1499,1500,1501,1516,1527,1620,1621,1625,1628,1650,1664,1694"
1258,53.12,0.35,32,"1082,1095,1108,1158,1162,1176,1180,1181,1213,1237,1248,1305,1323,1333,1351,1358,1390,1392,1395,1398,1431,1460,1464,1490,1509,1605,1621,1636,1651,1660,1674,1729"
1260,47.62,0.62,21,"1082,1111,1225,1239,1283,1291,1298,1309,1314,1357,1463,1479,1502,1512,1522,1540,1557,1586,1616,1646,1653"
1261,45.83,0.37,24,"1109,1112,1199,1218,1219,1254,1303,1330,1401,1488,1489,1491,1493,1498,1507,1516,1533,1550,1565,1582,1610,1629,1644,1732"
1262,21.05,0.63,19,"1097,1103,1214,1217,1226,1281,1331,1386,1396,1451,1485,1492,1519,1541,1555,1618,1627,1645,1682"
1263,50.00,0.56,20,"1110,1160,1201,1257,1296,1304,1356,1437,1443,1480,1499,1518,1527,1534,1583,1637,1659,1664,1684,1699"
1264,38.89,0.66,18,"1096,1233,1244,1259,1293,1308,1315,1332,1343,1349,1353,1461,1514,1543,1554,1650,1663,1668"
1265,39.29,0.50,28,"1104,1118,1243,1252,1258,1300,1307,1310,1322,1328,1329,1352,1391,1394,1481,1501,1510,1520,1611,1620,1638,1640,1643,1649,1669,1670,1676,1703"
1266,50.00,0.08,20,"1116,1184,1210,1215,1246,1251,1285,1313,1324,1397,1434,1503,1504,1562,1619,1622,1633,1652,1657,1692"
1269,72.73,0.57,22,"1117,1153,1255,1273,1276,1295,1383,1387,1430,1482,1486,1508,1558,1559,1578,1623,1625,1631,1655,1661,1666,1704"
1270,87.50,0.58,16,"1231,1238,1261,1275,1284,1287,1326,1339,1393,1465,1484,1496,1588,1639,1694,1752"
1349,37.91,0.69,22,"1903,1911,1922,1948,1977,2001,2008,2016,2197,2199,2580,3650,3728,3735,3740,3753,3757,3761,3783,4749,4765,4774"
1350,33.33,0.66,24,"1900,1904,1906,1929,1958,1959,1963,1979,1980,2010,2013,2046,2511,3655,3691,3709,3726,3743,3746,3763,4660,4718,4772,4850"
1351,41.30,0.27,23,"1896,1902,1908,1935,1950,1984,2011,2019,2024,2038,2049,3620,3652,3700,3713,3715,3716,3721,3773,3774,3778,4622,4769"
1354,44.44,0.78,27,"1148,1895,1913,1926,1961,1983,1992,2012,2040,2376,2554,2616,3645,3708,3723,3725,3731,3741,3770,3776,3799,3800,3801,4758,4768,4858,4887"
1355,27.78,0.79,18,"1905,1934,1986,2004,2025,2029,2041,2198,3658,3692,3698,3729,3733,3734,3738,3759,3828,4843"
1356,35.71,0.66,28,"1892,1928,1942,1947,1952,1982,2018,2031,2034,2510,2681,3656,3693,3712,3724,3754,3775,3792,3798,3816,4722,4750,4762,4763,4766,4770,4771,4777"
1359,52.00,0.83,25,"1318,1439,1910,1924,1927,1933,1938,1941,1949,1962,1978,1987,1998,2007,2023,2054,3694,3701,3711,3730,3737,3742,3768,3769,3806"
1361,45.83,0.78,48,"1918,1923,1978,1996,2007,2119,2122,2134,2141,2146,2172,2202,2216,2229,2232,2233,2242,2272,2276,2299,2304,2314,2315,2322,2329,2358,2367,2393,2411,2419,2422,2527,2561,2615,2834,2848,2854,2880,2887,2888,2932,2941,2952,3704,3727,3734,3757,3816"
1362,28.57,0.58,42,"1148,1938,2024,2034,2040,2120,2126,2130,2149,2155,2171,2177,2179,2195,2197,2213,2224,2250,2251,2285,2286,2309,2319,2342,2348,2374,2389,2400,2530,2555,2580,2622,2822,2827,2829,2832,2853,2882,2950,3722,3737,3770"
1363,26.09,0.55,46,"1544,1950,1969,2123,2125,2132,2142,2164,2176,2188,2193,2201,2207,2227,2228,2234,2239,2241,2245,2246,2254,2263,2303,2312,2325,2384,2401,2423,2429,2463,2478,2495,2534,2557,2566,2597,2809,2819,2826,2845,2934,2937,2939,3725,3761,3781"
1364,32.35,0.46,102,"1466,1892,1902,1904,1910,1921,1963,2010,2022,2023,2148,2154,2194,2237,2244,2247,2258,2262,2265,2266,2271,2295,2313,2327,2338,2355,2399,2420,2511,2549,2552,2573,2820,2865,2875,2954,3650,3711,3712,3715,3723,3735,3739,3793,4282,4632,4635,4639,4640,4649,4650,4658,4669,4679,4686,4688,4695,4698,4710,4739,4750,4756,4765,4770,4828,4831,4844,4849,4867,5008,5536,6092,7105,7127,7140,7160,7212,7217,7584,7585,7590,7592,7611,7612,7623,7646,7655,7673,7690,7725,8181,8185,8192,8193,8210,8231,8247,8249,8290,8403,8412,8415"
1365,36.22,0.52,98,"1905,1949,1982,2012,2025,2114,2118,2129,2144,2166,2169,2192,2199,2240,2269,2282,2283,2289,2294,2353,2363,2376,2428,2432,2510,2513,2515,2540,2574,2808,2851,2855,2866,2889,2923,3658,3759,3775,3800,3964,4512,4622,4627,4633,4638,4651,4652,4656,4660,4666,4670,4672,4681,4685,4696,4706,4723,4725,4730,4741,4757,4759,4827,4843,4845,5210,5687,5826,6011,6769,7097,7108,7119,7143,7146,7179,7181,7187,7205,7505,7561,7567,7573,7579,7583,7628,7653,7671,7672,7685,7697,7776,8172,8195,8201,8244,8248,8300"
1366,26.37,0.50,91,"1439,1906,1920,1992,1998,2017,2019,2039,2102,2116,2128,2196,2208,2223,2256,2267,2284,2287,2296,2298,2300,2317,2340,2343,2386,2398,2405,2416,2479,2514,2807,2837,2863,2925,3607,3716,3740,4642,4654,4659,4668,4676,4677,4682,4694,4699,4701,4713,4719,4722,4744,4761,4763,4766,4773,4774,4781,4833,4846,4858,6024,6074,7132,7158,7161,7163,7168,7174,7177,7196,7204,7209,7221,7569,7574,7577,7594,7624,7635,7648,7650,7702,8158,8167,8168,8188,8227,8323,8325,8327,8414"
1367,56.60,0.71,53,"1895,1928,1948,1983,1984,2011,2018,2104,2105,2112,2139,2150,2174,2182,2187,2190,2200,2204,2215,2217,2225,2259,2278,2291,2293,2316,2337,2341,2352,2360,2382,2387,2390,2395,2418,2421,2425,2433,2512,2602,2811,2812,2824,2831,2846,2928,2940,3726,3728,3763,3764,3772,3855"
1368,61.13,0.68,30,"1987,2003,2029,2049,2136,2260,2261,2273,2362,2380,2383,2480,2490,2496,2497,2508,2533,2565,2583,2613,2816,2833,2850,2852,2857,2922,2929,2969,3738,3768"
1369,47.92,0.66,48,"1917,1947,1952,2016,2035,2103,2107,2108,2124,2133,2138,2156,2206,2211,2255,2275,2280,2320,2378,2392,2397,2408,2413,2426,2531,2616,2681,2813,2814,2817,2825,2828,2859,2862,2878,2881,2948,2949,2961,2971,3654,3657,3713,3729,3733,3774,3799,3801"
1370,34.04,0.72,47,"1900,1911,1930,1936,1939,1958,1986,2001,2021,2110,2117,2127,2137,2145,2175,2212,2219,2222,2235,2249,2270,2288,2290,2305,2311,2318,2344,2365,2366,2379,2388,2394,2396,2404,2409,2481,2535,2554,2815,2821,2830,2927,2938,2951,2955,3807,3828"
1371,41.51,0.74,53,"1897,1903,1929,1962,1968,2002,2004,2008,2031,2041,2051,2101,2113,2115,2121,2131,2140,2158,2159,2160,2165,2185,2220,2226,2238,2248,2253,2274,2281,2292,2301,2306,2336,2370,2372,2385,2391,2402,2407,2417,2532,2587,2806,2810,2836,2860,2933,2953,2960,3730,3758,3773,3806"
1372,45.00,0.62,40,"1896,1908,1925,1926,1951,1957,1961,1980,2111,2143,2152,2162,2167,2181,2191,2198,2210,2214,2221,2230,2252,2264,2277,2323,2324,2359,2361,2373,2375,2406,2424,2430,2431,2562,2818,2823,2856,2864,2876,3710"
1379,36.36,0.72,22,"1914,1915,1931,1937,1951,2003,2021,2192,3654,3706,3710,3748,3751,3756,3772,3805,3808,3855,4627,4662,4721,4773"
1380,41.67,0.41,18,"1936,1957,2020,2039,2204,3718,3719,3722,3744,3745,3749,3755,3796,4657,4658,4663,4778,4845"
1390,16.35,0.60,104,"1591,1914,1917,1926,1935,1941,2034,2833,2837,2856,2875,2925,2955,2976,2978,3077,3096,3119,3126,3239,3264,3266,3273,3278,3304,3308,3313,3315,3325,3327,3435,3476,3652,3735,3739,3792,3810,3817,3988,3992,4008,4016,4022,4026,4039,4042,4050,4060,4103,4104,4121,4125,4153,4154,4201,4214,4236,4237,4258,4305,4308,4339,4345,4353,4375,4381,4695,4697,4698,4699,4737,4741,6080,7109,7118,7122,7123,7132,7136,7137,7138,7142,7146,7151,7159,7164,7165,7171,7176,7185,7186,7229,7241,7508,7563,7567,7576,7583,7586,7591,7603,7605,7606,7647"
1391,19.75,0.63,81,"1893,1936,1938,1949,1950,1980,1992,2022,2806,2818,2823,2824,2848,2874,2882,2888,2929,2968,2969,3052,3056,3076,3084,3129,3137,3224,3317,3323,3328,3419,3495,3503,3570,3691,3695,3702,3714,3758,3828,4000,4003,4014,4015,4023,4029,4058,4071,4128,4130,4144,4161,4165,4211,4212,4233,4271,4322,4328,4334,4354,4357,4358,4366,4380,4384,4470,4505,4666,4671,4676,4677,4678,4685,4696,4701,4730,4731,4875,7643,7651,7655"
1392,20.00,0.52,115,"1366,1904,1927,1929,1931,1952,1962,1969,1979,2000,2013,2016,2020,2535,2600,2808,2809,2819,2820,2826,2864,3013,3058,3070,3075,3090,3093,3115,3121,3131,3225,3228,3232,3237,3240,3247,3248,3260,3307,3489,3512,3692,3698,3722,3772,4006,4031,4033,4041,4062,4078,4083,4105,4109,4131,4132,4135,4151,4205,4225,4266,4311,4312,4327,4348,4373,4382,4387,4422,4469,4477,4487,4491,4518,4529,4670,4672,4700,4712,4732,4781,4861,5090,5664,7106,7107,7108,7115,7116,7127,7154,7166,7178,7216,7220,7235,7569,7571,7573,7580,7582,7594,7596,7599,7602,7610,7618,7626,7636,7644,7653,7663,7668,7672,7742"
1393,25.29,0.58,87,"1895,1901,1903,1909,1948,1959,1981,2002,2037,2196,2197,2813,2832,2851,2853,2922,2954,2979,3053,3064,3068,3069,3081,3088,3107,3124,3322,3447,3451,3486,3488,3511,3561,3656,3703,3709,3711,3725,3740,3761,3778,3782,3783,3806,4013,4021,4034,4037,4043,4045,4059,4075,4122,4124,4134,4235,4244,4320,4359,4369,4706,4709,4710,4713,4738,4821,5816,6074,6165,7114,7133,7172,7175,7179,7221,7239,7248,7502,7566,7575,7579,7584,7617,7620,7628,7682,7740"
1394,35.64,0.67,101,"1908,1918,1937,1946,1986,2029,2046,2192,2514,2681,2831,2836,2927,2940,2971,2975,3050,3051,3055,3062,3073,3103,3104,3112,3116,3143,3235,3246,3314,3399,3456,3473,3509,3546,3645,3713,3986,3998,4009,4017,4024,4028,4049,4067,4082,4119,4136,4137,4138,4140,4148,4150,4152,4168,4199,4202,4210,4216,4219,4226,4227,4246,4254,4259,4267,4321,4347,4349,4374,4389,4413,4446,4462,4483,4622,4669,4681,4694,4867,5687,6024,6086,7103,7105,7111,7124,7125,7131,7143,7149,7163,7180,7193,7203,7565,7593,7598,7611,7615,7640,7660"
1395,31.75,0.75,63,"1896,1897,1905,1928,1961,2003,2821,2828,2862,2880,2952,3030,3046,3071,3097,3101,3117,3122,3134,3241,3320,3324,3418,3657,3707,3715,3721,3730,3763,3768,3776,3999,4054,4061,4116,4118,4120,4129,4166,4208,4232,4245,4286,4383,4726,5998,6011,6157,7090,7102,7134,7139,7141,7144,7148,7167,7174,7181,7190,7194,7204,7237,7648"
1396,21.60,0.59,125,"1439,1891,1921,1924,1925,1940,1942,1958,1964,2007,2010,2198,2580,2815,2855,2866,2878,2912,2928,2948,2950,2961,2963,3049,3059,3061,3066,3080,3083,3089,3095,3100,3106,3125,3135,3138,3139,3140,3227,3263,3306,3311,3318,3331,3401,3477,3704,3705,3723,3724,3728,3737,3755,3764,3801,3807,3808,3987,4004,4032,4038,4046,4070,4077,4079,4081,4099,4108,4126,4149,4157,4159,4213,4221,4229,4240,4264,4272,4326,4350,4355,4363,4365,4378,4385,4414,4431,4496,4667,4668,4684,4686,4687,4688,4692,4739,4857,7097,7098,7126,7128,7130,7155,7162,7168,7169,7177,7188,7192,7195,7570,7595,7601,7607,7616,7622,7624,7650,7654,7657,7659,7673,7693,7697,7748"
1397,45.57,0.69,79,"1466,1892,1902,1922,1923,1934,1939,1996,2021,2031,2051,2054,2376,2510,2554,2810,2812,2829,2834,2857,2858,2889,2932,3047,3065,3111,3133,3230,3276,3305,3321,3330,3397,3434,3508,3696,3701,3708,3710,3712,3774,3994,4005,4007,4010,4086,4097,4101,4112,4143,4145,4146,4155,4163,4198,4223,4228,4239,4265,4336,4344,4351,4362,4367,4370,4372,4379,4463,4471,4476,4488,4665,4673,4675,4679,4715,4725,4733,7642"
1398,24.27,0.53,103,"1907,1911,1915,1920,1930,1933,1963,1977,1978,1984,1998,2023,2024,2199,2371,2807,2814,2822,2876,2881,2939,2949,2993,3054,3063,3079,3085,3086,3092,3102,3105,3136,3142,3144,3223,3234,3236,3242,3243,3245,3255,3259,3277,3279,3417,3448,3595,3650,3651,3706,3716,3729,3731,3738,3855,3985,3997,4002,4044,4057,4066,4073,4076,4098,4113,4123,4127,4139,4206,4209,4234,4304,4316,4337,4352,4377,4424,4433,4445,4461,4485,4515,4682,4744,5655,6012,6071,6141,7101,7112,7121,7205,7211,7212,7214,7234,7564,7568,7639,7656,7658,7685,7702"
1399,37.14,0.71,70,"1906,1910,1919,1947,1983,2004,2008,2011,2038,2511,2816,2817,2825,2827,2830,2846,2854,2859,2936,2941,3044,3048,3057,3060,3072,3091,3098,3120,3128,3132,3222,3233,3258,3309,3310,3522,3654,3658,3697,3699,3718,3759,3781,3784,3793,3799,3989,3993,3995,4001,4011,4012,4027,4040,4047,4065,4085,4102,4106,4160,4162,4203,4207,4224,4230,4261,4310,4368,4432,4434"
1400,46.55,0.50,58,"1544,1896,1905,1928,2008,2115,2123,2131,2132,2164,2165,2176,2177,2181,2226,2227,2234,2265,2267,2269,2273,2275,2280,2282,2294,2295,2296,2298,2392,2393,2408,2425,2426,2481,2508,2517,2530,2574,2587,2631,2823,2830,2855,2878,2961,3705,3711,3712,3715,3722,3758,3759,3776,3799,3813,3855,7510,7666"
1401,26.00,0.48,50,"1897,1929,1962,2011,2016,2029,2158,2190,2195,2201,2211,2219,2233,2238,2252,2268,2289,2293,2325,2329,2336,2338,2357,2382,2397,2399,2423,2478,2510,2681,2807,2812,2818,2834,2858,2881,2963,3607,3620,3651,3703,3714,3726,3742,3748,3753,3792,7651,7654,7655"
1402,26.00,0.70,50,"1466,1961,1963,1983,2007,2114,2175,2179,2199,2224,2237,2240,2245,2246,2266,2271,2277,2287,2292,2327,2337,2348,2372,2385,2388,2391,2405,2409,2413,2417,2420,2512,2602,2810,2814,2815,2856,2866,2941,3697,3724,3729,3738,3746,3749,7642,7650,7653,7690,7740"
1403,26.42,0.73,53,"1892,1910,1914,1922,1933,1969,2022,2024,2034,2038,2101,2107,2122,2129,2166,2171,2185,2188,2200,2215,2216,2229,2239,2241,2258,2264,2274,2281,2283,2299,2312,2362,2395,2396,2416,2534,2554,2564,2566,2597,2808,2833,2940,3013,3699,3706,3735,3754,3778,5536,6013,7578,7640"
1404,25.00,0.63,48,"1927,1977,1986,1998,2037,2102,2105,2116,2144,2156,2187,2197,2207,2214,2221,2235,2251,2261,2291,2323,2324,2341,2342,2352,2411,2429,2430,2495,2511,2531,2540,2625,2634,2824,2825,2826,2854,2874,2880,2975,3701,3708,3716,3764,3793,3798,3810,7648"
1405,48.15,0.71,54,"1893,1902,1907,1937,1941,1949,1959,2010,2031,2051,2110,2133,2159,2184,2212,2232,2253,2288,2301,2304,2316,2361,2366,2367,2373,2384,2386,2389,2421,2463,2496,2565,2622,2809,2820,2821,2827,2831,2853,2864,2876,3695,3698,3710,3737,3747,3751,3782,3806,6130,7508,7639,7643,7656"
1406,33.33,0.46,39,"1895,1926,2046,2054,2112,2124,2125,2127,2130,2134,2142,2198,2210,2242,2244,2254,2262,2314,2320,2343,2371,2375,2378,2380,2402,2480,2583,2816,2819,2828,2862,2882,3709,3745,3761,3768,3772,3817,7561"
1407,50.00,0.60,56,"1906,1947,1952,1958,2002,2003,2023,2120,2121,2152,2154,2155,2174,2193,2194,2198,2206,2213,2222,2223,2230,2255,2263,2276,2284,2285,2317,2322,2360,2387,2390,2394,2401,2407,2418,2433,2550,2561,2573,2806,2813,2832,2836,2837,2851,2859,2939,3696,3707,3713,3721,3781,3784,3801,7506,7644"
1408,26.42,0.51,53,"1948,1950,1979,1981,1992,1996,2013,2020,2117,2136,2137,2141,2146,2167,2172,2220,2248,2290,2300,2305,2319,2340,2344,2363,2376,2379,2383,2400,2404,2422,2424,2428,2431,2432,2515,2535,2552,2562,2875,2922,2925,3650,3656,3657,3692,3694,3700,3702,3743,3752,3828,7558,7647"
1409,38.46,0.52,52,"1439,1919,1930,1942,1964,1978,2103,2104,2108,2118,2119,2126,2128,2143,2145,2162,2169,2192,2208,2225,2247,2249,2250,2259,2272,2286,2303,2306,2315,2318,2321,2345,2353,2398,2479,2532,2533,2580,2817,2822,2829,2857,3645,3654,3658,3691,3704,3739,3774,3805,3807,7505"
1417,33.33,0.73,18,"1893,1917,1931,1934,1947,2681,3705,3707,3710,3712,3713,3726,3733,3749,3768,3805,3806,7656"
1418,33.33,0.48,18,"1897,1903,1904,1952,2007,3607,3620,3654,3691,3698,3721,3743,3754,3758,5536,7642,7650,7654"
1481,19.00,0.58,21,"1896,1905,1907,1913,1921,1928,1931,1936,1964,1979,1986,2002,2011,2016,2024,2376,3658,3698,3704,3751,3828"
1482,38.10,0.77,21,"1897,1901,1918,1923,1938,1939,1940,1950,2007,2025,2031,2511,3735,3740,3742,3751,3774,3808,7640,7643,7644"
1483,28.77,0.77,22,"1466,1892,1904,1910,1917,1919,1927,1947,1969,1978,1992,1996,2196,2198,2204,3700,3713,3721,3735,3739,3755,3782"
1484,43.91,0.71,22,"1911,1914,1929,1952,1962,2022,2034,2038,2054,3697,3723,3725,3726,3728,3729,3737,3740,3741,3743,3768,3774,3776"
1486,34.90,0.68,21,"1903,1906,1920,1922,1925,1934,1993,2003,2010,2020,2046,2198,2631,3645,3650,3692,3750,3759,3798,3806,3807"
1487,44.44,0.79,18,"1893,1915,1930,1949,1956,1959,1961,1963,1998,2001,3699,3705,3706,3718,3738,3753,3754,3781"
1521,80.19,0.47,37,"1904,1913,1915,1917,1927,1985,2212,2296,2301,2366,2382,2808,2824,2831,2851,2856,2934,2954,2971,3993,3998,4000,4002,4174,4188,4198,4224,4228,4229,4271,4347,4358,4366,4379,4472,4483,4487"
1522,50.46,0.49,39,"1903,1906,1933,1934,1941,1979,1998,2192,2196,2219,2221,2227,2235,2280,2286,2294,2303,2386,2399,2512,2515,2531,2806,2810,2833,2853,2865,2866,2875,4008,4013,4189,4210,4214,4339,4376,4384,4429,4500"
1523,22.76,0.61,41,"1893,1919,1925,1958,2011,2016,2034,2211,2213,2215,2216,2230,2237,2238,2239,2266,2284,2353,2400,2405,2513,2625,2812,2814,2852,2854,2855,2878,2922,2928,3858,4007,4172,4199,4212,4244,4337,4354,4378,4478,4485"
1524,38.73,0.83,37,"1318,1910,1921,1969,1984,2010,2199,2224,2371,2390,2393,2398,2404,2535,2809,2815,2818,2822,2823,2825,2829,2859,2888,2952,4178,4192,4203,4205,4207,4208,4226,4227,4355,4362,4369,4431,4469"
1525,51.09,0.56,32,"1895,1897,1931,1936,2003,2241,2288,2290,2292,2299,2406,2417,2418,2631,2807,2816,2828,2834,2836,2960,3987,4004,4190,4206,4232,4312,4342,4351,4352,4370,4482,4496"
1526,27.03,0.53,37,"1922,1923,1929,1942,2024,2197,2198,2220,2281,2287,2289,2304,2306,2383,2384,2385,2387,2388,2397,2402,2517,2561,2573,2583,2826,2827,2832,2874,2881,2955,2963,3988,4011,4014,4363,4432,4479"
1527,29.41,0.45,34,"1902,1905,1938,1948,1963,1978,1980,2002,2008,2023,2029,2214,2283,2305,2376,2511,2562,2811,2820,2858,2918,2929,3986,4005,4175,4187,4194,4216,4223,4245,4382,4443,4481,4501"
1528,50.46,0.49,37,"1466,1914,1924,1926,1928,1947,1977,1992,1993,2007,2232,2234,2293,2300,2391,2392,2395,2396,2401,2408,2411,2510,2554,2565,3985,4173,4179,4181,4191,4211,4219,4225,4230,4235,4385,4413,4470"
1529,53.94,0.83,34,"1907,1920,1935,1952,2031,2046,2223,2225,2229,2240,2291,2416,2420,2566,2574,2580,2813,2817,2830,2857,2864,2882,3994,3995,3999,4003,4009,4180,4183,4213,4234,4330,4357,4368"
1530,50.46,0.65,37,"1896,1908,1909,1918,1930,1937,2051,2210,2217,2222,2226,2233,2276,2282,2295,2394,2407,2463,2615,2819,2821,4001,4171,4176,4182,4201,4233,4236,4237,4240,4246,4350,4367,4375,4380,4446,4466"
1531,55.17,0.65,84,"1907,1931,1938,1963,1998,2011,2104,2107,2142,2143,2172,2219,2241,2242,2244,2246,2251,2255,2263,2267,2272,2287,2314,2322,2327,2342,2384,2386,2397,2399,2407,2426,2428,2510,2574,2855,2856,2857,3030,3048,3049,3053,3071,3073,3084,3143,3146,3176,3192,3217,3219,3304,3313,3328,3367,3368,3376,3387,3399,3488,3531,3620,3699,3704,3705,3708,3723,3746,3758,3985,4011,4033,4083,4106,4108,4116,4162,4168,4312,4336,4389,4461,4476,4496"
1532,50.26,0.59,65,"1914,1939,1941,2121,2123,2155,2196,2212,2213,2224,2230,2258,2265,2273,2275,2300,2318,2387,2401,2405,2832,2851,2952,3059,3082,3087,3116,3119,3130,3135,3136,3165,3177,3199,3203,3271,3306,3330,3374,3386,3418,3434,3485,3497,3509,3544,3546,3561,3570,3712,3739,3986,4001,4003,4007,4034,4066,4097,4109,4112,4119,4134,4138,4159,4422"
1533,54.77,0.55,56,"1906,1952,1969,2002,2034,2114,2126,2130,2136,2167,2198,2248,2268,2278,2378,2396,2413,2424,2480,2508,2532,2622,3083,3097,3115,3131,3134,3145,3155,3156,3194,3214,3263,3267,3311,3331,3370,3371,3393,3419,3443,3651,3654,3702,3709,3759,3792,4041,4120,4130,4132,4143,4146,4151,4263,6354"
1534,51.56,0.71,64,"1366,1903,1927,1978,1985,2003,2124,2140,2145,2156,2165,2176,2200,2235,2262,2286,2305,2371,2375,2390,2398,2422,2430,2479,2831,2866,2955,3100,3111,3175,3178,3181,3183,3198,3260,3270,3308,3380,3441,3499,3652,3658,3696,3706,3738,3740,3743,3776,3828,3999,4027,4061,4062,4101,4155,4258,4267,4470,4485,6336,6446,6455,6461,6488"
1535,46.58,0.62,73,"1922,1948,2024,2031,2051,2102,2113,2115,2116,2117,2137,2177,2190,2227,2245,2266,2316,2317,2338,2340,2376,2382,2383,2393,2425,2515,2615,2625,2634,2865,2928,3054,3057,3060,3061,3063,3064,3070,3075,3076,3092,3104,3117,3144,3167,3188,3205,3209,3216,3310,3373,3394,3439,3482,3645,3650,3700,3742,3749,3750,4000,4028,4037,4058,4113,4128,4140,4145,4157,4166,4286,4304,4433"
1536,54.17,0.56,64,"1466,1905,1947,2010,2046,2103,2120,2122,2127,2134,2154,2162,2169,2170,2181,2240,2254,2269,2271,2284,2320,2324,2367,2392,2394,2411,2431,2495,2830,2833,2834,3058,3081,3089,3107,3122,3157,3180,3186,3190,3197,3204,3213,3314,3324,3390,3449,3484,3502,3522,3657,3697,3701,3710,3753,3808,3817,4013,4014,4099,4126,4148,4150,4264"
1537,51.60,0.64,73,"1893,1992,2131,2144,2158,2174,2188,2197,2205,2217,2250,2252,2329,2336,2361,2388,2395,2400,2402,2408,2418,2531,2566,2583,2836,2971,3065,3066,3079,3080,3091,3105,3126,3139,3148,3158,3164,3170,3193,3200,3201,3202,3208,3215,3264,3317,3322,3435,3444,3656,3703,3707,3713,3716,3721,3731,3737,3751,3987,4079,4102,4121,4123,4139,4161,4163,4462,4463,6388,6443,6449,6460,6481"
1538,68.42,0.62,57,"1935,1958,2105,2110,2125,2185,2198,2199,2201,2206,2261,2294,2312,2325,2337,2373,2404,2423,2478,2534,2602,2853,2854,2858,3044,3045,3069,3072,3102,3103,3112,3140,3179,3182,3187,3189,3305,3315,3321,3325,3327,3375,3379,3388,3512,3532,3692,3774,3988,4005,4023,4103,4129,4144,4149,4153,4160"
1539,55.07,0.74,69,"1895,1913,1936,1979,2029,2101,2112,2129,2152,2159,2194,2208,2214,2233,2249,2289,2341,2385,2416,2433,2517,2554,2580,2859,2864,3046,3086,3088,3093,3101,3124,3127,3142,3191,3207,3211,3221,3259,3307,3320,3378,3381,3417,3451,3476,3477,3486,3489,3691,3698,3711,3735,3745,3755,3796,3998,4004,4009,4031,4044,4060,4065,4124,4127,4137,4154,4165,4266,4469"
1540,56.67,0.61,70,"1896,1897,1909,1928,1977,2008,2108,2118,2166,2179,2187,2193,2220,2222,2232,2253,2259,2274,2276,2296,2319,2348,2421,2429,2512,2540,2555,2587,2852,2918,3077,3085,3095,3098,3106,3113,3120,3121,3138,3151,3171,3195,3196,3212,3255,3309,3389,3391,3397,3508,3730,3778,3798,3806,3807,3994,3995,4024,4026,4029,4057,4104,4105,4118,4122,4125,4136,4152,4424,4477"
1593,52.05,0.52,57,"1905,1919,1938,1964,2020,2029,3050,3054,3083,3093,3161,3171,3176,3181,3187,3197,3199,3213,3276,3328,3333,3355,3373,3384,3388,3399,3498,3544,3620,3698,3713,3988,3993,3998,4061,4062,4109,4129,4145,4148,4153,4154,4159,4177,4187,4227,4236,4246,4327,4354,4385,5816,7122,7142,7159,7166,7175"
1594,30.88,0.63,68,"1903,1948,1979,2007,2013,3049,3057,3063,3065,3080,3101,3102,3105,3112,3145,3155,3157,3158,3160,3189,3230,3236,3237,3259,3277,3315,3327,3341,3379,3387,3418,3485,3486,3489,3691,3704,3710,3778,4065,4135,4137,4155,4160,4166,4173,4191,4207,4208,4213,4258,4267,4312,4330,4337,4339,4367,4372,4431,4432,4477,4478,4491,7116,7123,7125,7151,7192,7235"
1595,32.78,0.47,59,"1925,1984,1992,2681,3070,3075,3077,3091,3103,3106,3130,3146,3149,3169,3177,3190,3203,3217,3232,3239,3260,3310,3339,3343,3345,3358,3378,3394,3522,3708,3714,3716,3751,3753,3755,3774,3986,4128,4131,4174,4175,4189,4198,4228,4232,4245,4264,4266,4347,4384,4424,4443,4470,4496,7126,7134,7168,7176,7186"
1596,34.54,0.57,56,"1901,1902,1924,1928,1958,2031,3011,3044,3079,3134,3156,3164,3174,3179,3183,3202,3204,3305,3349,3356,3419,3442,3447,3703,3705,3729,3740,3776,3806,4078,4079,4083,4114,4119,4123,4127,4138,4139,4146,4157,4182,4183,4194,4229,4240,4369,4382,4414,5998,6165,7103,7114,7133,7148,7180,7212"
1597,29.22,0.58,81,"1318,1896,1897,1906,1908,1920,1923,1926,1935,1941,1947,3053,3066,3076,3085,3089,3095,3100,3126,3131,3143,3148,3151,3162,3167,3180,3184,3194,3207,3208,3210,3215,3225,3228,3241,3244,3255,3263,3264,3271,3338,3348,3425,3440,3441,3443,3499,3503,3699,3737,3754,3792,3796,3807,3994,3995,4005,4013,4066,4082,4099,4108,4132,4140,4163,4168,4188,4216,4225,4271,4357,4387,4483,6024,7105,7106,7112,7146,7181,7185,7211"
1598,26.90,0.48,83,"1895,1907,1918,1922,1930,1978,2002,2051,3030,3097,3113,3138,3170,3192,3193,3201,3212,3221,3234,3242,3245,3278,3304,3307,3313,3350,3351,3359,3361,3374,3389,3393,3397,3476,3484,3502,3570,3652,3656,3658,3706,3828,4000,4011,4124,4136,4151,4162,4181,4199,4205,4244,4322,4351,4366,4375,4379,4389,4444,4472,4487,5008,5029,5167,5687,5817,6011,6367,6435,6444,6523,7097,7111,7121,7131,7144,7163,7171,7196,7571,7578,7636,7648"
1599,28.28,0.45,112,"1591,1910,1914,1917,1927,1933,1934,1950,1986,2001,2016,2023,2038,2636,3069,3071,3082,3084,3087,3092,3115,3135,3137,3195,3209,3214,3216,3218,3224,3235,3247,3308,3309,3314,3324,3325,3331,3337,3342,3347,3353,3368,3371,3375,3380,3434,3444,3495,3512,3531,3692,3721,3750,3989,4001,4003,4008,4097,4149,4152,4165,4170,4171,4178,4179,4203,4206,4210,4211,4212,4223,4230,4358,4378,4380,4413,4476,4481,5041,5536,5668,6080,6345,6351,6409,6412,6413,6414,6421,6434,6436,6499,7107,7127,7136,7143,7161,7174,7178,7237,7502,7561,7582,7589,7592,7594,7596,7617,7653,7656,7660,7671"
1600,29.27,0.52,82,"1952,2003,2011,2034,3046,3064,3081,3104,3124,3125,3142,3166,3182,3198,3222,3231,3265,3269,3306,3317,3362,3367,3370,3381,3390,3477,3488,3546,3651,3657,3697,3715,3722,3738,3746,3858,4004,4009,4085,4101,4103,4106,4113,4122,4126,4150,4185,4190,4192,4202,4214,4219,4237,4342,4427,4469,4501,5647,6343,6344,6404,6408,6411,6427,6439,6549,7098,7118,7119,7138,7162,7169,7190,7195,7229,7598,7603,7605,7616,7650,7651,7663"
1601,30.36,0.54,67,"1904,1936,1937,1996,1998,2024,3031,3086,3090,3139,3140,3165,3188,3211,3240,3243,3246,3311,3322,3334,3376,3385,3391,3435,3449,3481,3497,3645,3712,3735,3745,3749,3759,3783,3798,4002,4006,4007,4060,4105,4116,4118,4120,4121,4130,4143,4161,4172,4176,4180,4224,4235,4363,4368,4377,4485,5090,7124,7132,7137,7139,7154,7158,7160,7165,7204,7216"
1602,30.91,0.66,55,"1931,1939,1942,1980,2019,3058,3060,3088,3098,3111,3117,3119,3122,3136,3144,3175,3178,3191,3196,3219,3233,3238,3273,3320,3323,3330,3344,3417,3439,3483,3532,3650,3709,3784,3985,3997,4014,4125,4134,4144,4233,4349,4352,4370,4446,4518,4781,5664,7101,7102,7128,7130,7164,7167,7188"
1603,32.70,0.63,53,"1964,2020,2031,2038,2192,2198,2384,2390,2396,2625,3046,3069,3079,3086,3088,3104,3111,3122,3136,3143,3145,3169,3179,3182,3183,3184,3194,3210,3211,3215,3235,3237,3243,3265,3273,3275,3311,3317,3339,3351,3371,3381,3477,3495,3522,3698,3712,3713,3729,3735,3737,3746,3798"
1604,47.63,0.77,35,"1996,2007,2023,2387,2397,2411,3030,3058,3076,3082,3103,3137,3151,3176,3181,3224,3233,3241,3247,3264,3269,3271,3359,3368,3389,3434,3442,3476,3503,3650,3657,3699,3738,3776,3792"
1605,38.46,0.64,39,"1904,1919,1936,1958,1984,2382,2391,2405,2636,3031,3070,3071,3083,3091,3124,3146,3156,3157,3196,3204,3228,3230,3236,3309,3324,3331,3334,3337,3356,3484,3489,3499,3512,3645,3705,3723,3745,3755,3774"
1606,61.39,0.71,38,"1917,1998,2003,2389,2511,2512,2554,3087,3089,3095,3098,3113,3117,3144,3158,3161,3199,3213,3219,3232,3239,3276,3308,3310,3314,3361,3373,3441,3497,3652,3716,3721,3753,3759,3778,3807,3828,3855"
1607,59.52,0.62,42,"1901,1905,1906,1938,1942,1952,1980,2011,2029,2198,2383,2398,2404,2510,2681,3060,3080,3093,3100,3112,3125,3135,3138,3164,3170,3187,3208,3214,3259,3304,3313,3328,3330,3353,3375,3380,3388,3435,3656,3697,3710,3796"
1608,52.38,0.35,42,"1466,1896,2013,2385,2400,2402,2513,2517,2580,2583,3054,3064,3065,3081,3090,3097,3101,3102,3140,3192,3202,3218,3221,3238,3244,3306,3320,3333,3341,3342,3343,3347,3370,3378,3440,3447,3486,3502,3532,3570,3691,3704"
1609,70.64,0.36,42,"1903,1928,1935,1950,1979,2016,2019,2392,2408,3044,3057,3066,3092,3105,3119,3139,3148,3165,3175,3198,3207,3209,3216,3222,3255,3327,3344,3348,3349,3385,3387,3390,3425,3443,3449,3485,3651,3706,3714,3740,3749,3783"
1610,23.08,0.48,26,"1591,1925,1947,2024,2407,2463,3053,3063,3077,3115,3130,3188,3203,3225,3240,3246,3307,3355,3376,3379,3393,3394,3544,3658,3709,3750"
1611,47.37,0.65,38,"1895,1918,1920,1948,2002,2034,2051,2388,2393,2395,3075,3084,3085,3106,3126,3131,3155,3160,3171,3190,3201,3212,3231,3245,3277,3305,3345,3362,3367,3391,3399,3483,3488,3620,3703,3751,3754,3806"
1613,65.29,0.47,48,"1895,1931,1964,2016,2120,2122,2165,2166,2177,2206,2223,2237,2244,2265,2271,2276,2287,2314,2340,2367,2378,2478,2495,2534,2574,2836,2874,3125,3315,3338,3353,3355,3570,3986,3998,4078,4085,4199,4225,4237,4246,4258,4337,4339,4349,4368,4432,4483"
1614,47.61,0.68,49,"1927,1930,1948,2034,2051,2101,2110,2123,2156,2193,2258,2289,2336,2342,2382,2387,2391,2392,2432,2510,2806,2833,2856,2889,3112,3124,3126,3131,3139,3263,3311,3325,3328,3351,3418,3477,4004,4011,4027,4032,4061,4066,4198,4202,4230,4232,4377,4469,4487"
1615,55.36,0.58,59,"1466,1933,1958,2011,2046,2137,2162,2195,2200,2210,2224,2230,2234,2235,2263,2280,2281,2288,2290,2301,2312,2324,2384,2399,2408,2423,2532,2533,2813,2815,2822,2852,2855,2878,2918,2960,3111,3307,3308,3313,3314,3331,3345,3417,4000,4026,4037,4079,4203,4212,4216,4223,4245,4367,4379,4382,4385,4413,4431"
1616,73.08,0.47,52,"1934,1941,1986,2024,2143,2145,2176,2179,2190,2199,2212,2225,2248,2251,2260,2274,2278,2283,2291,2300,2323,2348,2388,2395,2413,2416,2580,2811,2827,2854,3113,3130,3136,3144,3305,3337,3343,3344,3349,3350,3425,3495,3993,4040,4267,4322,4363,4370,4375,4378,4387,4485"
1617,57.00,0.49,45,"1923,2002,2103,2132,2144,2158,2222,2226,2227,2239,2250,2266,2269,2275,2296,2317,2353,2361,2417,2428,2430,2535,2587,2821,2830,2936,2952,2955,3322,3342,3348,3358,3359,3473,4001,4007,4023,4031,4044,4211,4235,4244,4264,4327,4366"
1618,82.13,0.25,54,"1937,1992,2003,2023,2108,2115,2117,2121,2124,2126,2154,2192,2201,2219,2221,2240,2242,2261,2264,2267,2293,2304,2315,2320,2325,2329,2379,2385,2397,2422,2433,2565,2602,2808,2812,2859,2939,2975,3115,3137,3140,3264,3339,3476,3988,3997,4033,4039,4083,4207,4233,4358,4369,4461"
1619,67.45,0.69,42,"1947,1952,2029,2105,2172,2188,2194,2232,2241,2277,2286,2295,2337,2393,2411,2426,2480,2513,2531,2566,2573,2625,2634,2807,2818,2820,2824,2826,2954,3135,3317,3320,3356,3985,3994,4002,4003,4006,4042,4062,4065,4266"
1620,43.94,0.61,66,"1902,1978,2001,2019,2112,2118,2136,2142,2167,2175,2187,2198,2208,2213,2229,2246,2249,2252,2253,2255,2284,2294,2303,2316,2322,2373,2390,2396,2402,2407,2424,2429,2463,2508,2562,2809,2817,2819,2834,2851,3119,3138,3143,3306,3330,3334,3347,3362,3512,4024,4028,4041,4050,4073,4082,4206,4210,4213,4219,4224,4227,4236,4347,4354,4380,4446"
1621,54.02,0.60,58,"1896,1922,1924,1926,2020,2104,2131,2152,2159,2181,2185,2216,2238,2259,2268,2272,2292,2299,2305,2311,2318,2319,2366,2400,2401,2405,2409,2425,2479,2540,2561,2622,2816,2825,2881,2882,2922,2929,2971,3117,3122,3142,3310,3323,3324,3333,3341,3397,3419,3989,3995,4005,4012,4013,4214,4228,4384,4491"
1622,27.95,0.47,37,"1318,1914,1929,1998,2007,2102,2134,2155,2214,2215,2220,2233,2245,2306,2375,2389,2398,2404,2420,2421,2511,2512,2814,2823,2828,2832,2858,2875,2888,3546,4060,4208,4312,4351,4357,4389,4496"
1639,21.33,0.56,75,"1591,1919,1934,2019,2179,2395,2397,2398,2580,2615,2851,2929,3054,3058,3064,3075,3079,3091,3092,3188,3196,3210,3313,3317,3324,3327,3330,3399,3502,3699,3754,3798,3806,3855,4040,4044,4102,4118,4126,4132,4136,4152,4159,4185,4190,4194,4202,4244,4366,4367,4446,4476,5090,5121,5179,5647,6011,6165,6351,6356,6406,6415,6422,6464,6488,7116,7122,7166,7229,7577,7601,7606,7647,7666,7690"
1640,43.52,0.63,108,"1895,1903,1914,1918,1924,1928,1952,2007,2011,2396,2399,2404,2510,2554,2830,2858,2975,3149,3198,3212,3216,3240,3259,3277,3320,3322,3325,3421,3441,3443,3546,3697,3713,3745,3755,3964,4006,4079,4097,4122,4123,4130,4143,4151,4154,4180,4198,4199,4229,4399,4470,4480,4501,5013,5036,5699,6110,6124,6340,6345,6404,6414,6420,6458,6499,7108,7126,7138,7142,7165,7177,7186,7204,7502,7571,7580,7588,7616,7626,7663,8163,8180,8201,8217,9157,9171,9179,9189,9200,9201,9240,9297,9304,9666,9742,9758,9775,9780,9786,9795,9811,9823,9824,9871,9882,9889,9952,9977"
1641,41.82,0.45,110,"1902,1905,1920,1922,1923,1931,1936,1942,1979,2003,2172,2185,2208,2390,2515,2517,2833,2855,2964,3046,3048,3060,3063,3076,3093,3097,3146,3190,3191,3211,3215,3238,3245,3419,3512,3531,3705,3746,3759,3776,4080,4106,4121,4155,4160,4207,4208,4210,4219,4227,4240,4431,4483,4815,5041,5167,5210,5812,6151,6308,6343,6344,6358,6359,6360,6401,6421,6423,6433,7106,7121,7132,7137,7160,7170,7239,7510,7561,7586,7599,7628,7648,7665,8158,8171,8181,8229,8237,8325,8414,9131,9170,9181,9219,9221,9225,9227,9228,9229,9678,9690,9704,9772,9781,9782,9790,9807,9822,9837,9888"
1642,42.56,0.40,130,"1380,1769,1906,1941,1998,2165,2174,2177,2361,2391,2394,2400,2401,2408,2511,2512,2583,2859,3031,3065,3084,3085,3090,3101,3104,3195,3232,3235,3237,3435,3499,3590,3607,3706,3722,3737,3739,3750,3796,3858,3988,3994,4002,4004,4011,4039,4057,4061,4082,4108,4109,4113,4172,4206,4211,4214,4225,4246,4347,4363,4379,4382,4413,4472,5029,5036,5173,5285,5308,5817,6110,6336,6345,6394,6417,6418,6434,6444,6453,6466,7098,7118,7128,7131,7144,7161,7169,7235,7506,7575,7579,7590,7617,7660,8160,8168,8189,8204,8210,8412,9173,9176,9192,9194,9233,9237,9241,9248,9252,9274,9290,9301,9669,9680,9682,9684,9685,9688,9735,9739,9746,9762,9771,9799,9812,9816,9818,9829,9880,9957"
1643,33.34,0.64,92,"2175,2199,2383,2405,2854,3081,3086,3100,3197,3209,3219,3228,3273,3304,3306,3308,3417,3434,3595,3652,3694,3707,3716,3723,3774,3783,3807,4023,4027,4032,4060,4139,4150,4189,4216,4264,4266,4351,4385,4443,4479,4482,5292,5605,5815,5837,6080,6338,6360,6413,6417,6427,6443,6462,7101,7102,7107,7125,7158,7188,7566,7570,7600,7608,8169,8172,8188,8197,8391,9162,9180,9191,9198,9204,9214,9220,9250,9263,9273,9303,9312,9668,9709,9737,9763,9770,9776,9787,9789,9815,9890,9940"
1644,45.10,0.55,119,"1318,1366,1925,1926,1927,1980,2198,2407,2495,2834,2968,3030,3057,3080,3102,3192,3194,3199,3203,3214,3224,3231,3247,3276,3310,3311,3397,3488,3561,3613,3615,3645,3704,3709,3710,3721,3740,3743,3749,3956,3967,3985,3987,3995,3997,4001,4005,4099,4125,4131,4134,4137,4138,4140,4144,4153,4174,4212,4228,4233,4235,4236,4271,4337,4342,4380,4463,4477,4496,5121,5133,6407,6408,6410,6422,6460,6466,6484,6549,7143,7148,7174,7175,7180,7196,7589,7592,7598,7602,7603,7615,7668,7671,8187,8403,8807,9193,9197,9199,9205,9206,9209,9276,9295,9662,9672,9691,9692,9707,9738,9755,9791,9817,9819,9827,9828,9932,9954,9978"
1645,42.48,0.37,113,"1896,1904,1937,1938,1978,2034,2046,2386,2856,3044,3071,3083,3103,3148,3155,3193,3204,3207,3208,3217,3225,3236,3246,3307,3315,3331,3477,3486,3650,3691,3729,3753,3778,3992,4083,4101,4105,4124,4135,4157,4161,4168,4173,4179,4188,4203,4230,4258,4375,4444,4456,4481,4552,5473,5668,6086,6092,6354,6408,6409,6418,6425,6445,6446,6474,6523,7097,7105,7159,7185,7216,7565,7576,7618,7620,7635,7653,8183,8184,8213,8247,8321,8880,9159,9167,9168,9186,9211,9212,9226,9234,9235,9236,9244,9270,9310,9313,9665,9673,9675,9681,9705,9706,9752,9754,9774,9826,9830,9840,9876,9897,9912,9959"
1646,22.04,0.49,121,"1913,1930,1935,1947,1984,1986,2002,2031,2038,2051,2166,2167,2169,2197,2392,2625,2836,2864,2952,3053,3066,3095,3098,3105,3106,3145,3151,3213,3223,3230,3233,3234,3242,3275,3473,3692,3698,3715,3989,3998,4000,4007,4024,4026,4041,4050,4058,4116,4120,4129,4145,4146,4148,4178,4191,4213,4224,4322,4422,5012,5285,5647,5655,5664,5687,6013,6024,6351,6367,6410,6415,6420,6436,6439,6612,7111,7123,7124,7163,7190,7195,7505,7563,7573,7594,7596,7650,7659,7673,8195,8408,9163,9178,9232,9242,9264,9271,9286,9296,9663,9671,9686,9703,9708,9710,9743,9745,9764,9769,9773,9778,9783,9794,9801,9806,9821,9834,9836,9841,9850,9895"
1647,34.46,0.56,119,"1466,1901,1907,1917,1933,2176,2187,2385,2387,2388,2409,2513,2681,2853,3069,3070,3201,3222,3226,3227,3239,3278,3309,3314,3418,3489,3522,3651,3658,3738,3828,4033,4059,4066,4114,4119,4127,4163,4170,4175,4187,4223,4226,4234,4237,4345,4354,4372,4384,4389,4424,4432,4461,4469,4478,4487,4494,5628,5817,5839,5998,6172,6303,6411,6420,6424,6426,6435,6453,6670,7103,7130,7136,7171,7192,7568,7583,7593,7611,7622,7651,7658,7748,8159,8164,8170,8186,8192,8207,8236,8244,8409,9137,9147,9149,9164,9165,9174,9184,9196,9216,9255,9279,9676,9683,9694,9733,9736,9760,9785,9788,9796,9802,9832,9833,9843,9955,9956,9958"
1648,33.00,0.64,101,"1921,1929,1939,2020,2181,2382,2384,2393,2402,2852,2912,3087,3088,3089,3202,3218,3221,3265,3305,3323,3328,3447,3449,3476,3503,3657,3751,3792,4009,4013,4103,4128,4149,4171,4176,4183,4267,4282,4312,4339,4352,4357,4370,4378,4816,5008,5133,6262,6310,6359,6411,6412,6423,6455,6456,6467,6485,7112,7114,7119,7127,7133,7134,7139,7146,7162,7164,7167,7172,7178,7181,7558,7564,7567,7578,7584,7595,7605,8167,8196,8227,8300,8323,9160,9175,9217,9224,9239,9243,9267,9280,9700,9741,9753,9756,9759,9777,9779,9814,9838,9953"
1649,26.32,0.42,95,"1466,1926,1929,1938,1986,2112,2114,2154,2159,2167,2169,2185,2190,2200,2206,2212,2213,2229,2232,2240,2253,2258,2260,2267,2273,2274,2276,2283,2284,2293,2295,2304,2305,2319,2322,2336,2373,2399,2401,2417,2422,2423,2430,2510,2513,2602,2622,2806,2816,2817,2829,2960,3063,3159,3162,3171,3183,3271,3276,3278,3308,3417,3485,3489,3561,3699,3705,3710,3738,3746,3783,4202,4211,4236,4370,4470,5041,5167,5812,6351,6404,6408,6409,6458,6549,7588,7593,7595,7598,7599,7603,7615,7635,7647,7653"
1650,36.23,0.35,69,"1896,1905,1906,1920,1922,1928,2003,2034,2158,2162,2198,2230,2239,2248,2249,2251,2252,2268,2294,2317,2340,2378,2382,2416,2424,2431,2587,2615,2836,2856,2859,2864,3030,3065,3090,3098,3102,3164,3169,3227,3239,3273,3311,3399,3418,3650,3657,3698,3723,3749,3750,3988,4013,4057,4246,6013,6172,6338,6413,6420,7563,7564,7566,7571,7577,7600,7602,7658,7659"
1651,40.62,0.51,64,"1318,1895,1919,1924,1952,1984,2219,2235,2242,2250,2259,2261,2314,2315,2325,2337,2391,2396,2402,2413,2580,2815,2819,2828,2834,2881,3105,3158,3167,3184,3242,3269,3322,3325,3498,3692,3776,3798,3828,3989,3994,4008,4009,4060,4080,4312,4339,4369,4379,4487,5029,5173,5285,6343,6453,7506,7568,7570,7580,7592,7618,7650,7663,7671"
1652,29.04,0.54,70,"1921,1925,1927,1931,1934,1947,2020,2031,2123,2124,2126,2134,2142,2143,2177,2193,2245,2271,2341,2342,2375,2379,2397,2408,2425,2428,2511,2808,2813,2814,2912,3031,3066,3085,3087,3088,3092,3100,3161,3178,3225,3226,3246,3305,3435,3691,3792,3796,3807,4210,4214,4244,4375,4413,5647,5817,6354,6359,6424,6436,6443,6455,6467,7502,7558,7561,7573,7579,7589,7611"
1653,24.00,0.40,75,"1913,1914,1980,2011,2103,2113,2188,2226,2237,2247,2255,2280,2285,2366,2384,2385,2409,2480,2508,2562,2574,2809,2824,2833,2875,2964,3053,3064,3070,3075,3084,3089,3093,3095,3106,3187,3331,3434,3447,3697,3716,3721,3737,3739,3745,3751,3778,3855,4007,4207,4233,4337,4363,4367,5012,5036,5179,5839,6336,6356,6410,6417,6433,6434,6456,6461,6485,6523,7239,7510,7594,7605,7606,7617,7622"
1654,36.11,0.59,84,"1901,1917,1939,1941,1979,1998,2019,2051,2105,2107,2108,2110,2118,2122,2130,2137,2165,2197,2220,2222,2223,2224,2234,2244,2246,2282,2291,2300,2303,2318,2353,2426,2515,2531,2535,2566,2818,2820,2878,3046,3076,3080,3083,3103,3175,3177,3228,3236,3259,3307,3315,3320,3323,3421,3439,3440,3477,3503,3595,3645,3713,3729,3753,3997,4061,4082,4206,4226,4230,4345,4354,4357,4382,4469,4496,5013,6360,6415,6418,6466,7578,7583,7626,7665"
1655,25.00,0.37,64,"1907,1918,1923,1930,1933,1937,1978,2038,2116,2129,2144,2208,2233,2241,2263,2272,2287,2289,2316,2320,2367,2388,2395,2398,2432,2532,2540,2573,2681,2830,2852,2853,2882,3044,3069,3071,3081,3091,3180,3222,3245,3247,3277,3310,3419,3476,3522,3755,4001,4083,4235,4322,4351,6345,6394,6427,6435,6439,6464,7575,7601,7616,7648,7673"
1656,35.14,0.49,74,"1591,1936,2104,2131,2176,2199,2201,2205,2210,2221,2225,2254,2265,2286,2296,2329,2386,2407,2420,2495,2625,2827,3054,3058,3060,3079,3101,3104,3160,3179,3189,3223,3224,3232,3238,3240,3244,3306,3328,3397,3488,3497,3652,3709,3740,3774,3985,4011,4079,4198,4208,4213,4219,4224,4227,4352,4380,4384,4431,4446,4483,5308,5815,6151,6407,6425,6446,6474,6499,7567,7590,7596,7666,7690"
1657,31.67,0.59,60,"1904,1942,2002,2007,2102,2115,2166,2174,2181,2187,2194,2216,2238,2266,2288,2290,2301,2387,2394,2433,2478,2561,2565,2807,2822,2823,2825,3086,3097,3157,3170,3231,3313,3314,3317,3327,3651,3694,3706,3707,3715,3806,3995,4000,4002,4004,4203,4237,4271,6110,6340,6401,6411,6462,7505,7565,7576,7584,7651,7668"
1658,26.44,0.34,87,"1902,1903,1935,2046,2117,2120,2121,2125,2127,2136,2145,2152,2179,2227,2262,2264,2269,2275,2281,2292,2299,2306,2311,2323,2324,2338,2361,2383,2390,2392,2393,2400,2405,2429,2512,2533,2534,2554,2583,2812,2826,2854,2874,3057,3165,3166,3176,3181,3182,3230,3233,3234,3235,3237,3243,3265,3275,3304,3309,3324,3444,3512,3607,3658,3704,3743,3754,3759,3992,4058,4066,4199,4212,4216,4228,4229,4366,4372,5473,5837,6367,6412,6444,7608,7620,7660,7748"
1833,20.00,0.45,40,"2110,2116,2124,2125,2130,2136,2139,2143,2158,2166,2167,2185,2188,2192,2204,2215,2221,2233,2237,2242,2271,2276,2290,2312,2315,2370,2382,2393,2394,2399,2416,2463,2512,2533,2615,2830,2834,2856,2889,2971"
1834,25.81,0.44,31,"2144,2152,2174,2177,2184,2194,2225,2234,2239,2248,2262,2263,2275,2303,2337,2342,2383,2385,2402,2408,2426,2432,2510,2552,2573,2845,2853,2854,2859,2928,2950"
1835,24.24,0.58,33,"2101,2122,2126,2145,2154,2160,2206,2219,2223,2226,2229,2256,2266,2269,2281,2291,2294,2298,2299,2305,2311,2323,2325,2329,2363,2378,2380,2384,2530,2557,2561,2836,2923"
1836,38.71,0.66,31,"2129,2132,2146,2162,2165,2201,2207,2216,2240,2247,2249,2268,2280,2285,2306,2336,2343,2352,2373,2396,2406,2409,2413,2422,2478,2583,2602,2832,2927,2951,2969"
1837,30.56,0.51,36,"2107,2127,2175,2190,2191,2197,2199,2210,2212,2224,2238,2246,2267,2270,2273,2282,2293,2296,2304,2313,2319,2327,2340,2367,2379,2417,2428,2480,2481,2495,2511,2515,2531,2864,2866,2949"
1838,16.22,0.54,37,"2105,2113,2115,2118,2133,2134,2156,2176,2200,2214,2241,2244,2245,2253,2258,2261,2272,2295,2301,2338,2353,2360,2375,2376,2392,2401,2429,2479,2508,2534,2555,2574,2580,2616,2850,2851,2863"
1839,37.50,0.46,32,"1544,2102,2111,2112,2120,2148,2149,2159,2195,2211,2220,2292,2300,2314,2320,2324,2348,2389,2390,2404,2405,2420,2425,2430,2431,2490,2597,2831,2932,2934,2940,2954"
1840,38.71,0.34,31,"2104,2108,2131,2169,2171,2181,2187,2208,2228,2230,2250,2255,2265,2274,2284,2287,2322,2341,2355,2387,2411,2418,2421,2423,2513,2527,2625,2837,2857,2888,2952"
1841,64.29,0.62,42,"1466,2103,2114,2121,2123,2128,2137,2140,2155,2164,2196,2198,2213,2227,2232,2235,2252,2254,2264,2278,2283,2289,2316,2317,2318,2366,2397,2398,2400,2407,2424,2517,2532,2554,2565,2566,2622,2833,2865,2887,2925,2948"
1842,38.71,0.65,31,"2117,2141,2142,2172,2179,2193,2202,2217,2222,2251,2286,2288,2309,2361,2386,2388,2391,2395,2419,2433,2540,2549,2562,2587,2848,2852,2855,2876,2929,2941,2955"
1937,16.67,0.30,30,"2102,2105,2108,2118,2188,2190,2198,2201,2210,2233,2241,2249,2262,2275,2303,2304,2320,2321,2344,2345,2382,2386,2387,2393,2405,2417,2420,2423,2428,2432"
1938,12.50,0.55,32,"1466,2107,2134,2141,2143,2166,2207,2208,2211,2215,2221,2245,2246,2251,2254,2264,2280,2281,2290,2299,2300,2301,2317,2353,2363,2366,2389,2429,2495,2511,2531,2534"
1939,22.22,0.48,27,"2114,2115,2116,2119,2121,2126,2158,2167,2177,2200,2214,2252,2258,2260,2283,2311,2312,2319,2329,2352,2391,2409,2422,2512,2552,2565,2587"
1940,20.83,0.29,24,"2117,2122,2123,2172,2176,2193,2198,2206,2225,2230,2238,2240,2266,2269,2292,2296,2322,2324,2337,2342,2554,2566,2574,2580"
1941,29.41,0.78,34,"2124,2154,2175,2187,2196,2197,2216,2219,2220,2222,2224,2229,2234,2237,2253,2263,2315,2341,2360,2361,2383,2394,2398,2400,2407,2416,2418,2425,2481,2515,2517,2564,2573,2602"
1942,20.69,0.48,29,"2104,2125,2155,2162,2165,2212,2213,2248,2265,2268,2271,2273,2314,2327,2378,2388,2390,2395,2396,2397,2401,2408,2421,2433,2479,2496,2532,2540,2562"
1943,28.57,0.73,21,"2101,2130,2146,2152,2156,2180,2182,2250,2261,2272,2277,2325,2338,2376,2385,2402,2411,2508,2533,2561,2600"
1944,14.29,0.55,28,"1544,2127,2129,2136,2142,2169,2174,2194,2199,2232,2235,2244,2274,2282,2284,2293,2294,2305,2318,2343,2348,2380,2430,2463,2513,2530,2583,2622"
1945,18.92,0.49,37,"2103,2113,2131,2145,2164,2171,2179,2185,2192,2195,2223,2226,2227,2239,2242,2247,2255,2259,2267,2285,2286,2287,2288,2289,2295,2298,2306,2336,2340,2371,2384,2392,2399,2424,2478,2625,2634"
1946,8.33,0.48,24,"2110,2112,2120,2132,2133,2137,2144,2159,2181,2276,2291,2316,2323,2362,2367,2372,2373,2375,2404,2413,2426,2431,2480,2510"
1977,43.75,0.33,32,"2108,2120,2125,2152,2167,2203,2206,2212,2223,2247,2250,2260,2267,2269,2271,2277,2280,2318,2348,2375,2402,2413,2416,2424,2428,2433,2517,2618,2831,2858,2923,2954"
1978,48.28,0.54,29,"2122,2143,2144,2146,2148,2165,2198,2229,2230,2233,2238,2248,2252,2253,2266,2286,2288,2289,2342,2344,2376,2400,2404,2597,2615,2833,2888,2925,2929"
1979,39.29,0.57,28,"1466,2104,2105,2123,2127,2172,2176,2177,2193,2197,2204,2224,2235,2262,2263,2281,2299,2360,2379,2530,2554,2622,2634,2853,2854,2864,2952,2975"
1980,48.39,0.51,31,"2107,2132,2195,2208,2210,2213,2220,2249,2255,2282,2284,2304,2320,2353,2361,2383,2390,2392,2407,2411,2430,2495,2510,2513,2531,2587,2631,2830,2836,2856,2963"
1981,35.71,0.45,42,"2117,2126,2131,2136,2142,2145,2156,2159,2164,2179,2184,2194,2226,2237,2239,2246,2258,2273,2291,2303,2311,2329,2337,2345,2366,2384,2387,2391,2394,2398,2399,2420,2426,2534,2562,2580,2583,2855,2857,2887,2934,2936"
1982,27.27,0.44,33,"1544,2101,2124,2133,2154,2192,2198,2216,2219,2240,2242,2254,2272,2301,2316,2322,2323,2327,2336,2396,2423,2508,2511,2540,2565,2602,2625,2851,2859,2933,2940,2941,2955"
1983,52.63,0.69,38,"2103,2113,2114,2127,2129,2150,2155,2158,2170,2173,2188,2190,2196,2200,2211,2227,2264,2293,2295,2300,2312,2325,2341,2367,2378,2382,2386,2395,2417,2418,2429,2478,2479,2532,2552,2573,2834,2866"
1984,50.00,0.87,16,"2137,2181,2201,2234,2259,2287,2306,2371,2385,2393,2421,2432,2480,2512,2867,2889"
1985,46.88,0.30,32,"2130,2134,2141,2162,2166,2174,2221,2222,2241,2251,2265,2275,2283,2285,2292,2294,2305,2319,2324,2340,2355,2373,2389,2401,2405,2408,2409,2515,2561,2574,2832,2852"
1986,37.50,0.32,24,"2102,2110,2118,2121,2169,2185,2187,2199,2225,2244,2245,2261,2268,2274,2276,2290,2317,2388,2397,2425,2463,2555,2566,2862"
1987,30.00,0.56,30,"2107,2114,2124,2127,2130,2137,2156,2158,2162,2274,2275,2290,2301,2316,2340,2418,2422,2432,2433,2552,2566,2815,2819,2820,2821,2822,2853,2888,2936,2939"
1988,18.18,0.56,22,"2105,2110,2121,2125,2152,2167,2234,2252,2260,2262,2273,2284,2288,2319,2323,2324,2382,2385,2811,2825,2832,2864"
1989,19.05,0.43,42,"2101,2104,2116,2123,2165,2166,2190,2195,2199,2200,2207,2212,2225,2241,2242,2244,2248,2250,2266,2267,2269,2306,2312,2320,2361,2386,2393,2395,2405,2421,2463,2478,2530,2535,2808,2823,2824,2828,2851,2856,2874,2941"
1990,27.27,0.52,33,"2117,2144,2145,2164,2192,2197,2213,2216,2219,2226,2227,2230,2240,2253,2261,2299,2300,2303,2318,2388,2390,2401,2404,2425,2430,2555,2622,2813,2829,2831,2857,2887,2889"
1991,26.47,0.52,34,"1466,2141,2146,2170,2179,2196,2220,2223,2224,2238,2245,2246,2249,2265,2277,2295,2327,2348,2387,2391,2396,2513,2515,2517,2618,2625,2806,2834,2858,2862,2866,2878,2922,2960"
1992,34.21,0.69,38,"2131,2143,2169,2172,2174,2177,2187,2193,2194,2206,2208,2237,2268,2271,2272,2280,2286,2294,2304,2311,2329,2336,2353,2373,2383,2398,2402,2424,2428,2481,2512,2565,2634,2814,2833,2925,2952,2954"
1993,51.85,0.65,27,"1544,2113,2122,2173,2176,2210,2233,2239,2285,2291,2293,2305,2397,2400,2407,2409,2423,2532,2561,2583,2631,2809,2816,2827,2852,2855,2875"
1994,29.41,0.68,34,"2103,2108,2129,2155,2159,2188,2201,2221,2229,2254,2255,2258,2259,2281,2287,2342,2378,2392,2399,2408,2417,2420,2426,2480,2540,2574,2580,2587,2602,2615,2826,2830,2881,2940"
1995,38.71,0.61,31,"2118,2132,2134,2136,2142,2181,2251,2263,2276,2283,2289,2292,2317,2325,2344,2345,2366,2367,2375,2389,2394,2495,2508,2511,2531,2810,2817,2836,2859,2882,2963"
1996,40.00,0.56,40,"2102,2112,2120,2126,2148,2150,2154,2185,2198,2204,2211,2222,2235,2247,2264,2282,2296,2322,2337,2355,2376,2379,2384,2411,2413,2416,2479,2510,2534,2554,2562,2573,2807,2812,2837,2854,2880,2929,2955,2975"
2030,48.15,0.40,54,"2112,2114,2121,2165,2190,2267,2271,2311,2327,2394,2428,2433,2510,2587,2602,2622,2634,3082,3086,3090,3096,3142,3144,3156,3161,3162,3189,3203,3216,3240,3344,3477,3497,3570,3692,3711,3743,3817,5012,5179,5815,5837,6340,6343,6354,6356,6364,6409,6418,6427,6458,6485,6523,6533"
2031,27.54,0.25,69,"2108,2116,2120,2126,2176,2197,2246,2319,2320,2323,2325,2336,2399,2405,2411,2421,2513,2583,3095,3104,3113,3115,3130,3171,3204,3221,3225,3227,3235,3237,3246,3276,3331,3333,3338,3341,3342,3361,3399,3425,3435,3444,3485,3499,3531,3561,3656,3658,3776,3784,3798,3807,5173,5285,5812,6151,6344,6367,6393,6404,6408,6412,6413,6420,6426,6434,6439,6447,6484"
2032,43.33,0.48,60,"1591,2104,2123,2127,2152,2158,2162,2169,2177,2179,2192,2198,2205,2244,2249,2261,2274,2275,2322,2375,2393,2430,2478,3045,3057,3063,3069,3091,3105,3116,3120,3122,3145,3181,3187,3190,3226,3228,3233,3244,3267,3317,3419,3498,3750,3774,5036,5167,5839,6342,6358,6359,6411,6421,6429,6431,6455,6464,6499,6549"
2033,29.03,0.53,31,"2115,2124,2167,2181,2185,2196,2208,2361,2391,2495,3046,3053,3072,3093,3157,3188,3197,3212,3219,3242,3259,3315,3324,3348,3349,3502,3697,3702,3706,3712,3715"
2034,21.82,0.59,55,"2103,2129,2134,2142,2159,2166,2170,2277,2312,2314,2316,2318,2367,2383,2397,2400,2401,2407,2408,2422,2511,2532,3061,3066,3070,3079,3088,3101,3111,3126,3148,3177,3178,3196,3200,3208,3217,3232,3238,3245,3260,3306,3345,3350,3352,3362,3451,3495,3509,3657,3691,3703,3704,3745,3808"
2035,21.88,0.31,64,"2110,2125,2131,2144,2174,2188,2201,2245,2251,2254,2263,2268,2324,2338,2341,2388,2392,2479,2480,2517,3031,3044,3073,3085,3098,3100,3119,3165,3175,3180,3183,3194,3195,3214,3265,3273,3328,3351,3397,3440,3441,3508,3522,3532,3708,3714,3742,3751,3855,5038,5041,5121,5604,5817,5835,6350,6351,6360,6368,6394,6432,6456,6462,6520"
2036,49.21,0.46,63,"2101,2107,2143,2145,2155,2187,2248,2260,2262,2317,2342,2376,2390,2402,2413,2508,2515,2540,2550,2552,2580,3065,3071,3077,3081,3084,3087,3089,3097,3103,3112,3143,3146,3151,3179,3191,3192,3205,3210,3215,3243,3275,3308,3310,3321,3337,3339,3343,3347,3355,3423,3489,3654,3696,3705,3718,5036,5835,6382,6415,6420,6455,6670"
2037,47.69,0.46,65,"2102,2105,2113,2117,2137,2140,2156,2193,2194,2199,2252,2255,2269,2273,2340,2424,2426,2463,3060,3080,3117,3124,3158,3163,3169,3198,3207,3211,3213,3218,3230,3231,3234,3236,3255,3263,3311,3313,3314,3320,3334,3448,3449,3699,3753,5179,5473,6110,6342,6344,6351,6381,6394,6410,6414,6424,6426,6434,6435,6436,6457,6466,6467,6520,6612"
2038,25.00,0.48,76,"1466,2122,2130,2154,2195,2200,2242,2250,2258,2259,2264,2265,2272,2278,2315,2329,2337,2348,2371,2373,2382,2384,2385,2387,2396,2398,2404,2425,2534,2554,3054,3075,3102,3106,3107,3127,3138,3160,3164,3176,3201,3202,3209,3222,3223,3224,3264,3274,3277,3307,3322,3325,3327,3353,3356,3417,3418,3442,3486,3488,3645,3650,3652,3698,3701,3710,3749,3759,3778,5628,6172,6362,6417,6429,6445,6533"
2039,48.33,0.52,60,"2118,2136,2172,2198,2206,2253,2378,2386,2395,2423,2512,2555,2615,2625,2631,3030,3048,3049,3058,3059,3064,3076,3083,3092,3131,3132,3139,3140,3149,3155,3166,3167,3170,3182,3184,3199,3239,3247,3248,3271,3278,3279,3304,3305,3309,3335,3359,3434,3439,3443,3447,3512,3620,3651,3707,3709,3713,3716,3746,3755"
2121,10.34,0.37,29,"2122,2127,2137,2140,2152,2156,2165,2169,2181,2193,2225,2226,2229,2233,2258,2260,2267,2276,2280,2291,2295,2323,2389,2421,2495,2561,2565,2836,2918"
2122,0.00,0.00,26,"2118,2132,2159,2172,2200,2208,2214,2247,2252,2288,2293,2304,2316,2318,2324,2361,2366,2373,2384,2395,2420,2428,2511,2513,2831,2852"
2123,12.90,0.12,31,"2108,2112,2116,2136,2144,2177,2215,2234,2240,2259,2268,2275,2296,2303,2319,2325,2379,2382,2383,2393,2394,2397,2422,2425,2430,2531,2622,2851,2853,2936,2975"
2124,17.24,0.31,29,"2110,2120,2141,2155,2219,2242,2249,2253,2264,2271,2273,2274,2283,2287,2289,2292,2305,2306,2367,2391,2398,2399,2426,2533,2554,2573,2583,2602,2854"
2125,8.70,0.14,23,"2179,2185,2188,2194,2210,2212,2216,2220,2222,2232,2248,2261,2265,2281,2286,2290,2300,2388,2402,2409,2479,2517,2856"
2126,3.45,0.32,29,"2102,2104,2115,2162,2167,2224,2263,2266,2272,2315,2317,2320,2329,2340,2375,2378,2385,2387,2390,2407,2416,2424,2432,2463,2480,2510,2587,2634,2858"
2127,17.92,0.21,26,"2103,2107,2113,2131,2195,2198,2213,2221,2227,2237,2246,2251,2254,2262,2284,2294,2336,2400,2404,2411,2413,2417,2429,2540,2562,2834"
2128,13.64,0.54,22,"2121,2124,2126,2134,2143,2174,2206,2235,2250,2312,2314,2337,2338,2342,2478,2508,2532,2574,2625,2857,2859,2963"
2129,9.54,0.35,28,"2101,2117,2123,2142,2145,2154,2158,2166,2175,2176,2190,2199,2223,2230,2239,2245,2269,2277,2278,2301,2348,2392,2396,2401,2405,2433,2512,2566"
2130,0.00,0.00,23,"1466,2105,2125,2187,2192,2198,2201,2238,2241,2244,2255,2299,2311,2322,2353,2408,2423,2534,2580,2830,2832,2833,2855"
2146,76.67,0.54,30,"2110,2113,2115,2123,2126,2134,2137,2152,2154,2162,2167,2194,2214,2226,2230,2241,2261,2267,2281,2284,2286,2288,2342,2402,2422,2425,2495,2531,2574,2625"
2147,55.58,0.65,24,"2102,2120,2143,2158,2172,2185,2198,2210,2223,2235,2245,2282,2287,2317,2378,2385,2391,2397,2416,2433,2480,2508,2532,2615"
2148,33.33,0.66,27,"2104,2125,2127,2131,2165,2166,2212,2219,2221,2225,2237,2240,2252,2258,2285,2294,2340,2341,2382,2386,2392,2396,2398,2400,2511,2512,2566"
2149,46.95,0.37,22,"2107,2122,2136,2145,2177,2181,2220,2239,2244,2249,2255,2269,2283,2289,2293,2336,2387,2409,2424,2534,2587,2622"
2150,28.00,0.49,25,"2105,2155,2174,2187,2188,2195,2197,2199,2200,2222,2250,2268,2303,2305,2323,2325,2337,2366,2390,2399,2420,2423,2428,2478,2561"
2152,34.62,0.43,26,"2103,2112,2114,2130,2142,2176,2193,2240,2253,2262,2275,2276,2296,2299,2300,2306,2319,2329,2361,2367,2379,2383,2393,2395,2533,2573"
2153,17.96,0.51,26,"2179,2213,2216,2227,2233,2259,2266,2291,2295,2301,2304,2318,2322,2324,2384,2394,2407,2408,2426,2429,2432,2510,2513,2540,2565,2580"
2154,47.37,0.66,19,"2108,2144,2159,2175,2206,2242,2246,2265,2271,2273,2280,2290,2292,2311,2353,2373,2388,2517,2562"
2155,54.55,0.13,22,"1466,2117,2118,2121,2124,2129,2169,2190,2201,2208,2224,2238,2248,2251,2264,2272,2315,2316,2320,2404,2417,2515"
2301,25.97,0.57,77,"2812,2817,2819,2848,2880,2937,3595,3956,4399,4518,4624,4636,4645,4647,4671,4678,4689,4709,4714,4715,4717,4732,4749,4752,4758,4762,4776,4777,4818,4826,4829,4830,4832,4835,4837,4840,4848,4863,5014,5090,5500,6124,7106,7116,7138,7139,7142,7148,7149,7167,7170,7178,7192,7203,7510,7564,7568,7595,7601,7607,7608,7636,7644,7654,7682,8164,8171,8180,8182,8183,8229,8230,8232,8233,8237,8314,8391"
2429,33.33,0.69,24,"3049,3055,3083,3105,3111,3130,3144,3151,3160,3166,3172,3200,3203,3221,3259,3308,3309,3318,3324,3327,3369,3380,3390,3495"
2430,11.11,0.21,18,"3046,3060,3079,3095,3120,3131,3148,3177,3210,3307,3315,3378,3392,3477,3499,3509,3522,3555"
2431,19.05,0.61,21,"3058,3059,3061,3077,3091,3102,3115,3116,3139,3162,3164,3186,3188,3195,3208,3213,3260,3266,3313,3497,3512"
2432,8.82,0.41,34,"3048,3071,3075,3076,3081,3087,3092,3107,3113,3122,3125,3129,3142,3159,3171,3175,3176,3180,3181,3196,3214,3267,3305,3320,3322,3328,3330,3331,3376,3386,3387,3394,3434,3480"
2433,30.77,0.48,26,"3044,3052,3066,3069,3103,3117,3124,3140,3158,3178,3189,3198,3215,3218,3258,3270,3388,3391,3397,3400,3417,3421,3489,3511,3532,3558"
2434,13.64,0.43,22,"3050,3068,3073,3080,3085,3101,3106,3156,3161,3173,3179,3190,3192,3216,3304,3321,3323,3385,3444,3451,3498,3508"
2435,36.36,0.66,22,"3047,3086,3090,3096,3136,3143,3157,3183,3184,3191,3271,3306,3311,3368,3374,3375,3395,3399,3456,3483,3486,3544"
2436,34.48,0.38,29,"3045,3063,3070,3072,3089,3104,3112,3127,3137,3138,3146,3182,3194,3202,3211,3212,3217,3263,3264,3367,3373,3379,3435,3439,3449,3481,3485,3488,3538"
2437,40.62,0.56,32,"3030,3051,3053,3054,3057,3065,3067,3093,3098,3100,3119,3132,3133,3149,3155,3163,3169,3170,3193,3197,3199,3205,3207,3219,3255,3317,3389,3401,3440,3441,3476,3531"
2438,21.74,0.46,23,"3011,3062,3064,3084,3088,3097,3145,3165,3174,3201,3204,3209,3269,3310,3325,3371,3372,3381,3418,3419,3443,3502,3543"
2452,9.52,0.51,21,"3061,3079,3080,3115,3116,3128,3166,3258,3307,3315,3327,3342,3344,3345,3346,3349,3359,3387,3397,3417,3434"
2454,61.54,0.39,26,"3058,3065,3082,3101,3103,3111,3114,3157,3177,3179,3180,3184,3323,3328,3330,3358,3362,3367,3375,3376,3418,3419,3423,3477,3522,3532"
2455,22.73,0.56,22,"3044,3064,3069,3071,3075,3084,3104,3130,3144,3158,3175,3183,3260,3264,3308,3336,3368,3372,3391,3426,3497,3544"
2456,28.57,0.69,28,"3053,3054,3063,3066,3089,3093,3127,3133,3137,3138,3139,3159,3162,3171,3310,3317,3325,3331,3337,3340,3350,3383,3392,3435,3482,3485,3489,3511"
2457,22.22,0.57,18,"3060,3077,3088,3091,3134,3164,3259,3320,3321,3348,3356,3361,3380,3390,3440,3451,3476,3570"
2458,16.67,0.27,18,"3068,3070,3076,3081,3100,3107,3119,3126,3131,3167,3263,3267,3269,3309,3311,3338,3347,3386"
2459,38.46,0.63,26,"3087,3092,3097,3098,3132,3135,3160,3170,3176,3181,3255,3270,3304,3305,3306,3313,3333,3339,3341,3355,3388,3394,3395,3421,3439,3456"
2460,20.00,0.33,25,"3011,3052,3057,3083,3086,3090,3096,3105,3140,3169,3178,3187,3189,3322,3324,3334,3352,3353,3370,3378,3379,3444,3488,3495,3512"
2461,16.67,0.61,24,"3030,3046,3048,3085,3095,3102,3106,3117,3122,3124,3136,3142,3156,3165,3174,3182,3271,3314,3335,3351,3381,3486,3498,3561"
2487,40.74,0.47,27,"3048,3063,3068,3069,3070,3087,3088,3101,3111,3148,3190,3192,3207,3208,3211,3215,3230,3233,3242,3245,3313,3334,3337,3341,3395,3447,3561"
2488,41.67,0.56,24,"1591,3083,3086,3125,3130,3131,3134,3140,3143,3146,3151,3203,3204,3226,3234,3265,3322,3327,3333,3339,3389,3499,3502,3570"
2489,55.56,0.21,27,"3030,3031,3061,3066,3073,3077,3079,3096,3100,3102,3114,3115,3120,3231,3235,3263,3317,3335,3353,3355,3356,3361,3380,3390,3393,3419,3512"
2530,57.69,0.40,26,"3058,3060,3082,3104,3117,3138,3142,3195,3211,3212,3217,3224,3237,3244,3260,3310,3315,3325,3331,3347,3348,3373,3381,3386,3495,3499"
2531,77.27,0.44,22,"3031,3054,3069,3071,3083,3088,3098,3112,3121,3127,3133,3139,3191,3196,3214,3321,3388,3417,3418,3502,3512,3531"
2532,76.00,0.27,25,"3044,3070,3077,3089,3092,3107,3119,3219,3230,3245,3264,3265,3277,3320,3349,3356,3361,3371,3374,3387,3394,3423,3451,3544,3570"
2533,72.73,0.17,22,"3065,3066,3081,3101,3115,3136,3149,3194,3233,3238,3324,3344,3350,3362,3375,3380,3391,3393,3396,3441,3448,3482"
2535,42.86,0.46,21,"1591,3053,3059,3080,3096,3102,3103,3106,3111,3213,3222,3227,3246,3314,3327,3334,3337,3351,3376,3395,3425"
2536,54.55,0.50,22,"3030,3084,3122,3135,3202,3208,3221,3239,3240,3248,3255,3263,3276,3311,3313,3333,3342,3390,3443,3476,3503,3508"
2537,79.41,0.08,34,"3045,3061,3063,3073,3075,3076,3079,3093,3126,3143,3144,3192,3197,3209,3210,3215,3225,3232,3236,3273,3306,3308,3309,3322,3338,3352,3355,3370,3379,3384,3419,3434,3486,3509"
2538,69.23,0.50,26,"3048,3072,3090,3091,3100,3105,3116,3124,3140,3155,3200,3203,3204,3216,3228,3235,3242,3259,3307,3397,3447,3483,3484,3488,3489,3561"
2539,70.83,-0.11,24,"3046,3049,3064,3087,3097,3146,3148,3151,3188,3190,3193,3198,3199,3207,3304,3305,3330,3339,3343,3345,3353,3359,3385,3399"
2548,93.81,0.61,16,"3142,3149,3162,3166,3167,3191,3193,3195,3217,3263,3315,3322,3325,3418,3439,3444"
2588,56.52,0.65,23,"3058,3060,3083,3086,3091,3095,3106,3167,3184,3191,3194,3195,3199,3207,3212,3218,3219,3271,3304,3323,3331,3397,3399"
2590,29.84,0.57,19,"3063,3064,3075,3092,3098,3104,3164,3171,3181,3190,3196,3197,3435,3441,3444,3502,3522,3532,3561"
2594,64.83,0.55,18,"3046,3069,3085,3093,3149,3158,3165,3177,3179,3182,3188,3189,3192,3308,3324,3419,3443,3477"
2671,19.30,0.62,57,"3615,3710,3729,3730,3737,3759,3813,4552,4625,4626,4631,4663,4673,4721,4737,4836,4864,5664,5668,6119,6262,7103,7104,7111,7123,7133,7137,7201,7563,7565,7566,7570,7602,7603,7606,7609,7615,7616,7620,7639,7647,7660,7665,7704,8160,8161,8184,8186,8189,8190,8191,8235,8243,8245,8251,8308,8395"
2672,15.28,0.55,72,"3655,3706,3709,3715,3722,3745,3755,3761,3768,3784,3805,4641,4646,4657,4661,4667,4711,4712,4733,4751,4768,4771,4825,4839,4841,4842,4850,5654,5655,5816,6012,7098,7101,7102,7109,7118,7122,7126,7136,7141,7144,7154,7162,7164,7169,7171,7172,7175,7186,7188,7193,7211,7229,7234,7580,7586,7598,7621,7651,7666,7668,8159,8162,8194,8197,8200,8207,8305,8321,8326,8389,8408"
2673,19.72,0.54,71,"1517,1769,2912,3609,3645,3699,3712,3723,3725,3753,3799,3808,4419,4628,4629,4643,4662,4684,4687,4692,4700,4705,4718,4720,4726,4767,4769,4838,4887,5029,5998,6071,6165,7090,7107,7115,7125,7130,7151,7190,7239,7241,7506,7558,7576,7578,7596,7599,7605,7610,7617,7618,7622,7642,7657,7659,7663,7686,7701,8163,8169,8170,8187,8196,8211,8213,8228,8236,8289,8324,8409"
2804,36.36,0.65,22,"3708,3710,3755,5826,6011,6074,7097,7125,7139,7166,7506,7561,7564,7565,7578,7588,7595,7596,7602,7615,7618,7635"
2826,23.08,0.45,26,"3713,5036,5173,5837,6420,6445,6446,6449,6612,7097,7098,7118,7125,7127,7143,7161,7162,7167,7185,7188,7216,7558,7573,7635,7668,7690"
2827,17.50,0.49,40,"3705,3709,3784,3798,5138,5628,5687,5815,5816,6338,6359,6363,6410,6420,6423,6426,6432,6474,7124,7130,7132,7136,7146,7148,7151,7154,7164,7174,7190,7204,7239,7565,7568,7577,7583,7588,7595,7599,7626,7685"
2844,17.24,0.48,29,"3694,3710,3855,5036,5090,5687,6080,6345,6411,6423,7107,7112,7116,7130,7132,7136,7144,7162,7163,7180,7216,7564,7586,7595,7608,7650,7671,7673,7748"
2845,18.35,0.33,69,"5285,5292,5605,5817,6414,6417,6420,6422,7101,7118,7123,7134,7172,7175,7178,7190,7223,7505,7565,7577,7626,7659,8636,8643,8658,8681,8687,8724,8748,8760,8796,8800,8804,8806,8817,9180,9181,9214,9240,9250,9274,9280,9286,9312,9313,9668,9673,9678,9688,9704,9709,9744,9752,9754,9758,9764,9769,9774,9783,9799,9814,9828,9832,9837,9838,9888,9897,9956,9978"
2846,14.88,0.45,56,"3607,3650,3691,3692,3749,3967,5121,5537,6013,6344,6408,6413,7103,7114,7121,7166,7506,7558,7570,7584,7622,8635,8637,8638,8655,8662,8671,8674,8686,8717,8731,8740,8766,8776,8795,8809,9147,9167,9184,9226,9246,9297,9666,9690,9692,9759,9775,9776,9796,9798,9811,9827,9829,9889,9940,9958"
2847,17.50,0.50,80,"1380,3645,3698,3704,3716,3754,3759,3798,4494,5133,5647,6011,6086,6303,6351,6359,6406,6410,6415,6418,6453,6541,7119,7148,7158,7161,7167,7181,7188,7196,7204,7571,7580,7611,7620,7648,7690,8169,8188,8237,8323,8409,8412,8639,8640,8656,8668,8716,8722,8729,8741,8744,8758,8785,9131,9162,9163,9168,9178,9211,9212,9216,9232,9267,9662,9663,9680,9685,9700,9733,9735,9772,9781,9782,9786,9802,9821,9824,9834,9895"
2849,5.26,0.40,19,"2964,3745,5655,7106,7137,7142,7164,7165,7171,7561,7566,7576,7594,7599,7602,7605,7615,7635,7647"
2850,22.22,0.56,18,"3713,3743,3755,3783,5008,5668,7127,7186,7510,7567,7568,7573,7588,7590,7596,7600,7601,7666"
2851,22.64,0.41,28,"3595,3652,3705,3706,3707,3750,3751,3776,5664,5998,6130,7102,7105,7125,7131,7138,7169,7176,7195,7563,7578,7579,7593,7598,7606,7618,7658,7668"
2852,20.00,0.42,20,"3657,3699,3709,3753,3778,7097,7122,7128,7143,7159,7174,7177,7239,7583,7589,7603,7628,7653,7660,7665"
2853,14.05,0.65,19,"2912,3658,3746,5029,7098,7108,7124,7139,7146,7160,7192,7229,7502,7575,7592,7616,7617,7651,7663"
2918,44.83,0.77,29,"3986,4014,4031,4032,4040,4048,4082,4097,4107,4143,4153,4162,4185,4191,4208,4211,4214,4223,4232,4238,4326,4357,4358,4368,4369,4377,4378,4410,4422"
2919,20.00,0.52,30,"3989,3999,4001,4023,4024,4034,4044,4046,4104,4112,4117,4147,4163,4165,4171,4207,4224,4226,4230,4244,4316,4330,4344,4359,4371,4375,4424,4443,4444,4460"
2920,41.94,0.64,31,"3987,3992,3994,4009,4058,4066,4072,4073,4080,4085,4123,4134,4135,4136,4150,4168,4175,4184,4189,4209,4240,4322,4347,4349,4351,4366,4367,4381,4461,4463,4466"
2921,36.11,0.62,36,"4003,4011,4017,4039,4057,4062,4109,4118,4119,4120,4130,4138,4139,4151,4154,4166,4176,4183,4186,4202,4205,4245,4271,4320,4339,4342,4348,4353,4372,4431,4432,4446,4472,4476,4483,4491"
2922,48.15,0.83,27,"4006,4008,4019,4022,4059,4067,4078,4083,4086,4149,4188,4193,4210,4213,4221,4231,4235,4237,4337,4354,4355,4370,4374,4379,4428,4469,4478"
2923,31.25,0.69,16,"4007,4012,4027,4070,4132,4144,4157,4159,4160,4178,4180,4181,4199,4350,4382,4487"
2924,27.59,0.61,29,"4013,4047,4065,4099,4108,4110,4125,4128,4133,4137,4140,4145,4148,4155,4173,4174,4177,4179,4227,4239,4254,4334,4363,4376,4413,4414,4470,4477,4482"
2925,50.00,0.78,26,"3995,3997,4005,4016,4029,4042,4061,4069,4077,4079,4116,4124,4131,4172,4190,4195,4218,4225,4234,4246,4312,4327,4328,4352,4385,4465"
2926,50.00,0.79,26,"3988,4000,4004,4028,4043,4050,4060,4071,4076,4081,4129,4146,4198,4203,4215,4216,4219,4228,4229,4272,4305,4345,4362,4380,4384,4427"
2927,27.50,0.72,40,"3473,3858,3985,3993,3998,4002,4010,4015,4021,4026,4033,4037,4038,4041,4054,4063,4075,4106,4113,4114,4126,4127,4152,4161,4170,4182,4194,4201,4206,4212,4233,4236,4308,4311,4319,4336,4343,4383,4429,4445"
2929,31.25,0.53,16,"4024,4033,4034,4042,4102,4112,4114,4119,4128,4139,4212,4223,4236,4328,4422,4463"
2930,23.33,0.72,30,"4029,4046,4048,4062,4066,4086,4097,4103,4108,4122,4125,4129,4133,4145,4148,4159,4202,4207,4213,4215,4218,4224,4229,4245,4272,4334,4336,4424,4465,4483"
2931,13.04,0.59,23,"4017,4036,4037,4040,4054,4077,4080,4081,4104,4120,4137,4138,4144,4149,4153,4206,4214,4230,4304,4319,4339,4461,4477"
2932,20.00,0.70,20,"4023,4065,4071,4073,4075,4099,4105,4109,4131,4134,4143,4147,4151,4162,4203,4234,4238,4240,4316,4327"
2934,52.63,0.74,19,"4021,4031,4032,4050,4060,4072,4076,4078,4107,4113,4123,4136,4155,4219,4228,4246,4337,4460,4476"
2935,25.00,0.63,16,"4019,4028,4057,4061,4083,4116,4124,4150,4157,4160,4201,4211,4221,4225,4226,4305"
2936,35.29,0.71,17,"4027,4038,4039,4043,4063,4067,4074,4101,4106,4140,4154,4163,4199,4205,4210,4344,4462"
2937,31.25,0.72,16,"4022,4041,4044,4047,4058,4070,4079,4117,4121,4127,4146,4152,4195,4235,4244,4254"
2938,41.67,0.61,24,"3581,3997,4013,4174,4181,4308,4365,4366,4367,4630,4637,4653,4655,4665,4675,4697,4722,4731,4738,4772,4778,4856,4857,4875"
2946,37.50,0.67,16,"3858,3985,3987,4178,4183,4187,4188,4194,4330,4368,4369,4371,4385,4413,4478,4491"
2966,35.48,0.67,31,"3994,4001,4011,4021,4023,4070,4071,4081,4101,4122,4171,4181,4188,4199,4212,4225,4227,4228,4236,4264,4322,4347,4375,4376,4377,4383,4384,4446,4470,4477,4491"
2967,34.15,0.72,41,"2912,3988,3995,4027,4032,4034,4065,4085,4106,4124,4136,4140,4148,4153,4162,4174,4202,4211,4240,4246,4326,4330,4336,4352,4367,4385,4424,4428,4431,4461,4471,4480,7239,7583,7584,7595,7601,7611,7617,7668,7742"
2968,32.35,0.63,102,"3985,4002,4009,4016,4017,4047,4054,4076,4105,4151,4154,4155,4160,4179,4182,4183,4193,4194,4198,4210,4230,4232,4254,4310,4316,4337,4344,4345,4362,4382,4444,4476,4500,7502,7568,7569,7570,7586,7596,7598,7599,7600,7603,7610,7620,7635,7659,7663,7671,7672,7693,7702,8158,8168,8237,8314,8324,8408,8633,8640,8648,8688,8728,8749,8755,8771,8778,8789,8798,8801,8830,8834,8889,9158,9178,9179,9186,9195,9216,9236,9240,9243,9254,9279,9301,9664,9668,9675,9676,9681,9742,9746,9770,9775,9807,9828,9840,9876,9890,9928,9953,9958"
2969,68.18,0.56,22,"4000,4006,4008,4061,4073,4103,4104,4116,4130,4150,4173,4201,4209,4259,4260,4272,4311,4328,4334,4429,4478,4501"
2970,35.90,0.80,39,"1366,3473,3987,4003,4033,4043,4066,4067,4086,4123,4128,4131,4132,4134,4143,4161,4165,4180,4189,4203,4206,4239,4271,4304,4349,4357,4363,4366,4413,4427,4479,7566,7575,7576,7580,7626,7673,7704,7748"
2971,32.14,0.81,28,"3986,4012,4026,4029,4039,4040,4045,4059,4062,4078,4082,4097,4121,4127,4145,4157,4159,4177,4244,4265,4320,4339,4365,4380,4389,4433,4487,4488"
2972,14.71,0.59,34,"3546,3595,3998,4015,4028,4050,4058,4079,4099,4109,4113,4135,4139,4144,4152,4187,4245,4267,4305,4327,4348,4422,4432,4463,4466,4529,7565,7582,7588,7613,7616,7628,7657,7682"
2973,26.92,0.62,52,"3858,3989,3997,4004,4005,4007,4013,4022,4038,4057,4060,4077,4098,4112,4118,4126,4137,4138,4146,4168,4170,4172,4175,4178,4191,4205,4223,4224,4226,4229,4235,4266,4342,4351,4359,4414,4485,4505,4515,7563,7577,7579,7593,7594,7605,7606,7608,7612,7615,7624,7625,7697"
2974,43.33,0.82,30,"3999,4037,4046,4049,4083,4120,4125,4129,4163,4184,4186,4192,4207,4208,4214,4237,4258,4286,4308,4350,4354,4369,4370,4378,4379,4387,4443,4469,4472,4481"
2975,44.44,0.66,27,"3992,3993,4010,4014,4042,4102,4108,4119,4149,4166,4176,4190,4213,4216,4219,4221,4233,4261,4312,4321,4355,4358,4368,4373,4381,4445,4496"
3031,19.90,0.60,67,"3590,3609,3987,3988,3995,4011,4012,4026,4032,4041,4060,4097,4098,4103,4112,4116,4118,4122,4129,4135,4148,4153,4183,4184,4187,4198,4228,4234,4271,4272,4305,4322,4339,4342,4351,4352,4479,5167,5173,5817,5839,6262,6340,6393,6420,6427,6439,6466,6484,7217,8168,8172,8188,8189,8197,8412,8638,8669,8675,8725,8727,8733,8734,8772,8791,8809,8889"
3032,25.00,0.71,56,"4003,4004,4044,4066,4108,4128,4131,4138,4149,4154,4174,4191,4206,4209,4210,4212,4213,4224,4226,4239,4244,4267,4286,4345,4380,4382,4387,4432,4443,4444,4496,5285,5815,6356,6364,6393,6412,6461,6485,8637,8646,8717,8728,8738,8743,8747,8748,8750,8756,8767,8777,8793,8804,8820,8834,8887"
3033,14.55,0.47,55,"3454,3997,3999,4005,4007,4008,4039,4057,4105,4106,4119,4125,4136,4139,4155,4163,4185,4188,4202,4211,4369,4502,5737,8159,8160,8167,8182,8184,8185,8210,8213,8217,8227,8236,8251,8321,8633,8636,8643,8648,8654,8656,8665,8676,8677,8720,8721,8749,8755,8760,8771,8782,8800,8805,8877"
3034,50.00,0.72,30,"3858,3998,4013,4016,4024,4082,4127,4159,4173,4199,4203,4214,4216,4227,4235,4413,4485,5038,5133,6349,6354,6360,6381,6390,6414,6425,6436,6456,6481,6533"
3035,40.00,0.75,40,"3986,4001,4002,4017,4033,4059,4061,4109,4113,4146,4160,4182,4190,4219,4229,4266,4304,4363,4424,4431,4476,4487,5308,6338,6342,6367,6444,6446,6541,6549,8634,8661,8662,8673,8681,8686,8726,8730,8741,8753"
3036,16.67,0.57,54,"3615,4014,4023,4058,4062,4101,4102,4130,4143,4144,4152,4166,4175,4232,4237,4282,4350,4355,4366,4367,4372,4389,4478,4500,4501,6092,6338,6386,6436,8183,8191,8204,8228,8290,8300,8308,8326,8403,8414,8635,8659,8664,8667,8679,8685,8716,8722,8724,8731,8736,8752,8759,8787,8789"
3037,20.00,0.60,55,"4031,4050,4085,4099,4120,4207,4223,4245,4375,4377,4383,4384,4477,4480,5012,5138,5285,5537,6110,6132,6338,6354,6359,6360,6376,6382,6386,6401,6411,6432,6443,6462,6485,8158,8170,8235,8248,8331,8629,8641,8645,8668,8687,8689,8715,8735,8754,8762,8776,8783,8788,8790,8801,8810,8835"
3038,31.00,0.66,57,"2647,3413,3994,4009,4028,4037,4054,4126,4137,4145,4172,4193,4236,4258,4336,4385,4429,4461,4469,4481,4488,4505,4552,5210,5812,6151,6351,6388,6404,6432,6433,6612,8163,8164,8169,8171,8190,8196,8244,8247,8289,8323,8632,8639,8647,8723,8732,8745,8758,8764,8785,8786,8795,8806,8819,8828,8830"
3039,49.15,0.27,40,"3473,4027,4083,4121,4123,4132,4151,4162,4171,4176,4208,4225,4230,4233,4246,4264,4337,4347,4362,4376,4381,4414,4422,4463,4470,4472,4491,5023,6336,6345,6386,6415,6424,6427,6429,6431,6447,6455,6464,6531"
3041,26.56,0.64,64,"1366,3108,3546,3956,3985,3989,4000,4040,4042,4065,4073,4078,4079,4124,4134,4140,4157,4161,4168,4178,4179,4205,4261,4327,4334,4354,4357,4358,4433,4446,4483,5038,5457,5646,6349,6423,6425,6433,6435,7223,8180,8186,8187,8192,8193,8195,8211,8237,8305,8409,8651,8658,8666,8670,8729,8739,8744,8746,8779,8792,8797,8816,8876,8918"
3053,35.29,0.81,17,"4060,4083,4104,4122,4265,4286,4336,4505,5012,6354,6364,6367,6417,6449,6488,6499,6523"
3054,45.45,0.75,22,"3546,4102,4103,4106,4116,4118,4121,4266,4272,5023,5041,5628,5817,6356,6358,6359,6362,6368,6407,6410,6431,6460"
3055,18.75,0.54,16,"1366,4061,4066,4079,4099,4105,4109,4113,4120,4166,4258,4261,5179,5837,6344,6434"
3058,5.88,0.34,17,"4057,4059,4082,4108,4304,4334,4433,5036,5473,5835,6340,6394,6418,6422,6445,6457,6474"
3060,52.94,0.58,17,"4037,4054,4129,4131,4135,4140,4148,4162,4173,4184,4201,4228,4358,4427,4472,4476,4485"
3061,52.94,0.82,17,"3998,4002,4005,4014,4017,4125,4127,4128,4143,4157,4206,4213,4359,4366,4482,4487,4500"
3062,33.33,0.55,21,"3995,4013,4032,4132,4150,4159,4171,4208,4212,4214,4225,4232,4239,4337,4373,4377,4382,4413,4461,4470,4491"
3063,38.71,0.66,31,"3988,3989,3993,3994,4004,4006,4012,4016,4028,4041,4044,4137,4145,4154,4160,4163,4178,4190,4193,4198,4207,4233,4235,4244,4339,4367,4380,4384,4446,4463,4477"
3064,58.82,0.59,17,"3473,3985,4031,4050,4146,4161,4180,4183,4209,4210,4227,4229,4271,4353,4355,4375,4422"
3065,50.00,0.73,18,"3987,4008,4124,4130,4153,4155,4172,4175,4179,4185,4187,4191,4330,4347,4363,4370,4378,4379"
3066,72.22,0.78,18,"3997,4001,4024,4039,4139,4174,4182,4203,4205,4223,4305,4351,4376,4424,4429,4443,4479,4481"
3067,65.00,0.83,20,"3986,4009,4026,4086,4144,4176,4194,4226,4237,4245,4345,4350,4368,4383,4414,4432,4444,4462,4469,4488"
3068,60.87,0.69,23,"3999,4003,4023,4027,4040,4123,4149,4151,4188,4189,4199,4219,4224,4230,4234,4236,4349,4352,4381,4410,4480,4483,4501"
3069,53.85,0.71,26,"3858,4000,4007,4011,4033,4042,4126,4134,4136,4138,4152,4165,4211,4216,4246,4312,4342,4348,4354,4357,4369,4431,4460,4464,4478,4496"
3087,72.21,0.69,24,"4011,4014,4058,4119,4123,4125,4128,4130,4132,4199,4201,4207,4211,4224,4246,4264,4347,4358,4379,4389,4422,4431,4469,4483"
3088,83.33,0.61,24,"3985,3995,3999,4008,4062,4099,4106,4182,4191,4198,4219,4226,4228,4240,4330,4339,4362,4368,4376,4378,4432,4446,4466,4496"
3089,38.90,0.72,30,"4001,4004,4009,4029,4101,4104,4105,4129,4140,4145,4149,4152,4172,4178,4181,4192,4205,4216,4233,4237,4258,4266,4267,4271,4312,4369,4375,4461,4463,4476"
3091,95.24,0.37,21,"4026,4041,4082,4109,4122,4131,4136,4153,4166,4171,4180,4194,4206,4212,4232,4235,4263,4304,4336,4351,4482"
3092,83.33,0.42,18,"3998,4007,4057,4083,4108,4116,4134,4151,4162,4168,4189,4190,4230,4245,4354,4357,4429,4433"
3093,73.68,0.56,19,"3988,3993,4000,4003,4027,4037,4061,4102,4148,4150,4154,4176,4179,4188,4227,4244,4337,4385,4479"
3095,50.89,0.75,19,"3546,4023,4031,4044,4060,4112,4118,4120,4159,4173,4214,4229,4236,4366,4382,4424,4472,4487,4501"
3096,58.76,0.61,21,"1366,3858,3987,3994,4033,4034,4097,4143,4144,4146,4161,4175,4187,4210,4234,4327,4380,4384,4477,4478,4485"
3097,54.47,0.70,19,"4005,4013,4024,4028,4065,4121,4124,4139,4155,4157,4183,4208,4213,4223,4225,4342,4350,4363,4443"
3123,50.00,0.56,24,"3986,4006,4037,4042,4060,4097,4123,4128,4132,4137,4154,4172,4179,4357,4367,4368,4377,4443,4446,4483,5647,6359,6367,6433"
3124,43.83,0.53,35,"4013,4014,4024,4118,4124,4126,4139,4151,4177,4187,4188,4199,4219,4227,4237,4330,4349,4363,4375,4380,4477,4481,6024,7105,7106,7112,7123,7127,7134,7142,7146,7165,7171,7172,7186"
3134,48.28,0.69,29,"3546,3989,4000,4027,4099,4108,4129,4135,4143,4166,4176,4185,4211,4213,4246,4258,4267,4339,4427,4476,4478,4487,4496,5179,5817,6356,6360,6427,6466"
3135,47.37,0.67,19,"3998,4003,4007,4040,4044,4061,4119,4130,4140,4149,4168,4233,4414,4431,4469,4485,4501,5815,6439"
3136,36.36,0.58,33,"3858,3988,3997,4001,4011,4026,4120,4136,4163,4210,4229,4266,4327,4351,4358,4372,4384,6080,7114,7116,7119,7122,7131,7132,7159,7161,7162,7163,7167,7169,7178,7195,7196"
3137,56.76,0.64,37,"4032,4085,4122,4155,4161,4165,4170,4181,4189,4192,4206,4214,4216,4223,4224,4378,4379,4387,4422,4424,4461,5008,5012,5664,5668,6363,6432,7111,7125,7126,7136,7138,7148,7164,7166,7177,7185"
3138,40.29,0.50,24,"4005,4012,4031,4033,4050,4066,4101,4105,4114,4159,4160,4173,4178,4180,4208,4342,4366,4369,4385,4389,4413,5173,6435,6549"
3139,45.83,0.71,24,"3473,4008,4041,4079,4082,4083,4106,4134,4144,4145,4171,4174,4175,4182,4194,4228,4230,4236,4240,4322,4444,5167,6362,6425"
3140,79.17,0.55,24,"3985,3993,3994,4023,4028,4039,4109,4127,4138,4153,4157,4162,4203,4225,4232,4245,4264,4312,4382,4470,4472,5473,5628,6436"
3141,35.00,0.53,40,"3995,4004,4103,4113,4125,4131,4146,4152,4183,4191,4212,4244,4337,4347,4352,4354,4370,5041,5655,5998,6011,6086,6358,6453,6464,7128,7130,7137,7139,7143,7144,7160,7176,7180,7181,7188,7190,7192,7204,7216"
3176,37.14,0.53,35,"3995,4009,4033,4057,4080,4124,4132,4163,4172,4198,4202,4208,4211,4212,4216,4230,4266,4322,4357,4389,4413,4461,4480,5285,5837,5839,6172,6354,6360,6408,6415,6420,6423,6425,6466"
3177,48.15,0.57,27,"3858,3989,4008,4114,4123,4134,4152,4155,4174,4185,4213,4214,4264,4354,4431,4446,5121,6110,6343,6344,6345,6410,6411,6413,6418,6426,6458"
3178,65.00,0.62,20,"3985,3994,4001,4023,4099,4113,4122,4126,4153,4176,4190,4223,4237,4258,4352,4424,4481,5012,6439,6444"
3179,84.00,0.16,25,"4012,4024,4040,4101,4106,4116,4135,4168,4170,4183,4225,4227,4233,4240,4246,4363,4372,4375,4379,4382,4432,4483,4501,5013,6474"
3180,26.67,0.43,30,"4013,4039,4079,4102,4104,4125,4138,4145,4151,4157,4189,4199,4229,4236,4380,4487,5121,5133,6340,6351,6406,6414,6417,6420,6422,6427,6445,6455,6457,6466"
3181,34.62,0.60,26,"1366,3987,3997,4032,4103,4105,4108,4128,4129,4131,4146,4159,4173,4175,4206,4339,5036,5285,5812,5817,6344,6351,6356,6394,6434,6461"
3182,86.29,0.48,17,"3546,3992,4060,4118,4148,4150,4188,4219,4235,4267,4369,5179,6338,6359,6406,6435,6549"
3183,58.33,0.46,36,"3988,3998,4004,4026,4041,4044,4061,4082,4109,4119,4120,4136,4137,4143,4149,4160,4171,4179,4194,4210,4312,4337,4345,4366,4384,4444,4463,4469,4470,4478,5647,5815,6360,6433,6488,6499"
3184,82.14,0.55,28,"3473,4005,4007,4027,4050,4066,4097,4127,4130,4154,4161,4180,4187,4244,4367,4443,4482,4496,5041,5167,5173,6345,6436,6453,6464,6467,6612,6670"
3185,65.00,0.19,20,"4000,4058,4083,4121,4139,4140,4144,4191,4203,4207,4224,4228,4351,4472,4476,4477,5473,6336,6367,6446"
3309,17.78,0.51,45,"2912,4625,4636,4637,4666,4668,4669,4681,4684,4709,4712,4719,4731,4737,4739,4757,4765,4770,4781,4850,4858,5500,5816,7105,7130,7132,7136,7140,7149,7162,7165,7172,7192,7211,7502,7571,7584,7588,7596,7602,7616,7617,7622,7642,7650"
3368,7.14,0.27,28,"4672,4679,4681,4730,4731,5090,5655,5664,6071,6124,7101,7105,7127,7139,7166,7205,7237,7248,8181,8187,8192,8227,8247,8248,8305,8321,8323,8415"
3369,11.76,0.55,17,"4518,4781,7115,7142,7144,7165,7168,7190,7195,7204,7211,7220,7229,8167,8171,8289,8326"
3370,29.41,0.45,17,"3956,4677,4694,4737,4861,4867,6141,7131,7134,7143,7203,7214,8158,8163,8182,8184,8200"
3371,20.00,0.50,30,"3964,4687,4688,4733,4875,6080,7106,7108,7109,7124,7128,7136,7148,7164,7169,7171,7174,7181,7188,7192,7234,8164,8189,8193,8194,8228,8245,8308,8389,8414"
3383,13.04,0.44,23,"4666,4675,4682,4684,4706,4738,5816,5998,6086,6157,7103,7114,7116,7159,7167,7185,7186,7193,7194,8186,8188,8190,8197"
3384,21.74,0.30,23,"4670,4678,4696,4712,4715,4732,4857,6074,6092,7121,7132,7138,7172,7175,7177,8159,8201,8204,8207,8237,8324,8325,8327"
3385,33.33,0.75,24,"4665,4667,4669,4671,4676,4685,4692,4697,4699,4725,4739,4744,5210,5687,7102,7107,7111,7162,7178,8161,8169,8172,8210,8391"
3386,21.05,0.59,19,"2514,2993,4399,4686,4710,7097,7112,7122,7154,8168,8170,8195,8196,8217,8232,8233,8235,8236,8409"
3387,16.00,0.59,25,"4552,4622,4668,4695,4726,6024,7090,7098,7118,7126,7137,7155,7170,7176,7179,7212,7216,7221,8160,8183,8211,8244,8251,8290,8408"
3388,20.83,0.07,24,"4673,4700,4701,4709,4713,4741,4821,6011,6012,6165,6262,7123,7125,7130,7141,7146,7151,7163,7180,7241,8180,8185,8229,8249"
3524,45.83,0.45,24,"5998,6024,6080,7097,7105,7112,7138,7144,7146,7149,7161,7164,7235,7239,7569,7576,7584,7596,7600,7603,7622,7653,7656,7673"
3526,18.18,0.55,22,"5816,7106,7125,7131,7132,7134,7158,7159,7160,7172,7190,7195,7502,7570,7588,7594,7647,7657,7665,7668,7690,7693"
3582,21.74,0.53,23,"2964,6172,6336,6340,6360,6368,6382,6386,6394,6461,6466,6467,6484,7506,7570,7575,7601,7602,7620,7622,7658,7666,7748"
3583,32.00,0.66,25,"5012,5179,5473,5839,6013,6110,6151,6356,6417,6425,6433,6443,6456,6457,6462,6499,6670,7566,7576,7584,7608,7618,7643,7659,7665"
3584,40.00,0.85,20,"2912,5308,6354,6358,6362,6418,6443,6453,6455,6464,6481,6488,7567,7580,7590,7593,7606,7615,7628,7693"
3586,17.11,0.48,76,"5041,5699,6338,6345,6350,6351,6354,6356,6360,6435,6439,7566,7578,7584,7606,7616,7617,7622,7656,7668,7671,7673,8638,8647,8655,8656,8659,8681,8688,8732,8752,8764,8771,8783,8789,8795,8796,8817,8880,9162,9176,9193,9206,9209,9214,9225,9228,9229,9233,9240,9254,9264,9267,9269,9273,9280,9286,9690,9705,9709,9753,9763,9769,9773,9774,9788,9801,9802,9816,9823,9827,9829,9831,9834,9836,9959"
3587,15.94,0.22,69,"3454,3566,3967,4456,5138,5179,6172,6303,6358,6417,6422,6426,6432,6449,6464,6467,7239,7567,7568,7573,7588,7635,7648,7651,8634,8653,8686,8723,8748,8762,8785,8792,8828,8830,9131,9147,9167,9174,9178,9201,9211,9235,9236,9242,9243,9248,9271,9274,9297,9313,9681,9684,9685,9711,9755,9762,9777,9781,9785,9786,9791,9818,9819,9820,9843,9849,9890,9940,9958"
3588,14.08,0.38,71,"2964,3413,4815,5646,6310,6340,6404,6408,6410,6413,6420,6421,6453,6455,6457,6461,6499,6670,7502,7561,7579,7589,7593,7603,7605,7653,7659,8633,8639,8658,8665,8668,8669,8674,8724,8727,8734,8736,8738,8759,8760,8767,8772,8878,8889,9173,9191,9192,9205,9217,9221,9237,9239,9244,9301,9691,9764,9796,9807,9808,9811,9815,9817,9821,9828,9832,9841,9876,9895,9897,9977"
3589,24.36,0.51,78,"1380,4494,4816,5167,6110,6362,6368,6382,6414,6423,6433,6444,6460,6462,6481,6541,6549,6612,7506,7571,7575,7620,7628,7647,7650,7660,7693,8663,8670,8673,8685,8730,8741,8742,8743,8777,8797,8807,9161,9166,9175,9179,9194,9198,9224,9246,9312,9669,9676,9683,9692,9694,9707,9710,9733,9734,9736,9741,9752,9754,9756,9758,9759,9775,9778,9789,9806,9812,9822,9826,9837,9888,9889,9912,9954,9955,9956,9978"
3590,16.25,0.46,80,"5473,5536,5605,5628,5839,6151,6344,6367,6406,6409,6415,6418,6420,6434,6436,6446,6466,6499,7569,7576,7586,7598,7602,7615,7618,7626,7666,8637,8645,8660,8687,8716,8717,8720,8721,8722,8725,8733,8740,8755,8758,8766,8779,8782,8809,8816,8886,9137,9149,9164,9168,9170,9204,9212,9216,9220,9232,9234,9241,9278,9279,9663,9671,9673,9682,9686,9688,9703,9704,9738,9742,9745,9771,9779,9790,9833,9840,9848,9850,9953"
3591,27.54,0.46,69,"2647,2912,5012,5173,5292,5308,5457,5815,6359,6386,6425,6427,6456,6474,6488,6523,7563,7565,7577,7608,7685,8632,8635,8643,8648,8651,8662,8677,8679,8729,8744,8745,8753,8754,8776,8788,9180,9184,9199,9200,9227,9250,9255,9272,9290,9303,9304,9310,9665,9668,9672,9678,9680,9700,9706,9739,9743,9744,9746,9760,9772,9787,9794,9799,9813,9814,9830,9871,9971"
3592,20.83,0.54,24,"5029,5837,6013,6363,6407,6411,6412,6458,6520,6612,7564,7570,7580,7582,7590,7592,7594,7595,7599,7663,7665,7686,7690,7748"
3593,18.47,0.33,74,"3613,5036,5537,5647,5817,6308,6336,6343,6394,6443,6445,6484,7558,7583,7596,7601,7611,7636,7643,7644,7658,8636,8640,8644,8664,8666,8671,8726,8731,8735,8739,8746,8747,8749,8750,8756,8780,8784,8786,8790,8791,8793,8800,8804,8835,8876,8918,9159,9171,9181,9189,9196,9226,9252,9276,9295,9662,9675,9708,9735,9737,9751,9770,9780,9782,9783,9793,9795,9798,9809,9838,9880,9952,9957"
5162,20.00,0.68,25,"6026,6059,6157,7114,7121,7131,7134,7155,7165,7166,7176,7195,7220,7502,7571,7575,7582,7588,7591,7593,7600,7625,7626,7658,7726"
5163,11.27,0.47,71,"2647,3615,4518,5687,6165,7097,7114,7131,7136,7155,7158,7171,7561,7574,7577,7595,7596,7602,7625,7690,8163,8171,8190,8201,8249,8300,8325,8633,8650,8671,8679,8721,8738,8779,8807,8820,8877,9157,9167,9168,9173,9181,9199,9201,9206,9212,9214,9216,9232,9235,9236,9242,9244,9271,9287,9302,9665,9707,9711,9738,9751,9754,9755,9773,9774,9779,9793,9814,9840,9843,9889"
5164,19.72,0.50,71,"3607,5210,5482,5500,5816,6071,7107,7109,7115,7122,7125,7126,7149,7154,7162,7164,7168,7177,7178,7205,7211,7223,7239,7505,7569,7601,7603,7609,7624,7639,7644,7659,7686,8172,8187,8204,8235,8629,8644,8645,8659,8687,8733,8734,8747,8754,8757,8759,8808,8873,9131,9154,9166,9174,9184,9185,9194,9223,9241,9278,9294,9704,9747,9780,9786,9812,9818,9825,9842,9848,9871"
5165,20.29,0.43,69,"1380,3595,3613,5014,5655,6012,6308,7166,7167,7186,7188,7201,7204,7212,7564,7566,7583,7590,7604,7658,7671,8170,8207,8302,8327,8389,8395,8412,8651,8658,8673,8677,8725,8726,8729,8735,8736,8749,8767,8776,8784,8787,8794,8796,8801,8804,9137,9149,9165,9171,9186,9193,9198,9205,9227,9255,9274,9290,9310,9666,9735,9736,9741,9746,9752,9760,9806,9834,9958"
5166,19.74,0.60,76,"3413,3454,3967,5008,6074,7102,7105,7116,7119,7138,7160,7161,7181,7190,7193,7196,7241,7510,7563,7585,7599,7606,7642,7673,7685,7702,7704,8160,8183,8185,8213,8227,8228,8409,8640,8641,8647,8657,8660,8661,8667,8746,8758,8762,8764,8783,8785,8790,8809,8812,8828,9160,9163,9164,9170,9176,9202,9220,9240,9246,9269,9301,9662,9668,9734,9745,9756,9769,9772,9775,9792,9796,9807,9819,9829,9836"
5167,11.84,0.38,76,"1769,2912,3609,5087,5654,5664,5737,6024,6026,6092,6262,6541,7090,7104,7106,7118,7127,7134,7146,7170,7176,7192,7578,7610,7611,7648,7776,8169,8186,8194,8247,8251,8321,8322,8635,8638,8646,8665,8666,8681,8686,8689,8727,8739,8741,8748,8752,8760,8778,8780,8782,8810,8816,8817,8819,8834,8835,8876,8880,9162,9169,9180,9195,9221,9304,9313,9672,9700,9703,9742,9753,9766,9815,9817,9828,9876"
5168,17.07,0.49,82,"2514,4399,4816,5090,6119,6124,6157,7111,7140,7175,7187,7195,7217,7502,7558,7568,7576,7582,7586,7600,7607,7617,7623,7636,7647,7654,7697,7726,8167,8178,8181,8191,8230,8236,8403,8670,8675,8715,8744,8777,8786,8791,8793,8795,8797,8798,8886,9147,9158,9159,9175,9179,9192,9197,9209,9218,9225,9254,9264,9272,9273,9276,9280,9297,9312,9664,9706,9709,9743,9757,9758,9782,9783,9788,9791,9804,9809,9810,9813,9823,9826,9882"
5169,17.57,0.37,74,"4282,4494,4815,5029,5065,5699,5826,6011,7098,7103,7108,7130,7132,7165,7169,7174,7221,7229,7565,7570,7588,7615,7616,7643,7651,7653,7655,7668,7672,7725,8159,8162,8164,8182,8197,8233,8244,8245,8248,8391,8408,8632,8637,8653,8720,8730,8731,8740,8743,8772,8789,8799,8818,9191,9208,9219,9229,9231,9248,9263,9673,9701,9767,9778,9781,9785,9801,9811,9816,9820,9830,9850,9881,9957"
5170,14.93,0.47,67,"3566,4456,5537,6059,6303,6769,7141,7142,7151,7163,7172,7203,7209,7567,7580,7640,7646,7665,7666,7740,8168,8193,8210,8232,8243,8289,8290,8308,8324,8634,8636,8643,8669,8688,8716,8724,8737,8755,8756,8766,8788,8792,8800,8805,8811,8869,8887,9182,9189,9200,9204,9211,9233,9234,9289,9293,9296,9298,9737,9739,9759,9776,9777,9790,9795,9827,9888"
5171,14.94,0.48,87,"3108,3956,3964,4552,5536,5998,6903,7143,7179,7194,7571,7575,7579,7584,7591,7592,7598,7605,7608,7612,7618,7621,7626,7628,7635,7641,7660,7663,7682,7689,8161,8180,8184,8192,8196,8211,8229,8231,8237,8305,8314,8326,8414,8415,8639,8649,8655,8656,8662,8663,8674,8683,8685,8722,8742,8745,8750,8753,8806,8830,8874,8889,9161,9196,9228,9237,9247,9250,9275,9667,9669,9705,9708,9710,9733,9763,9764,9770,9787,9789,9794,9798,9799,9802,9822,9831,9832"
5172,22.06,0.52,68,"2068,4419,4781,5646,5668,6013,6310,7101,7121,7123,7133,7137,7139,7144,7148,7220,7506,7573,7593,7594,7613,7620,7622,7650,7656,7657,7701,7782,8158,8188,8189,8195,8200,8206,8323,8648,8654,8664,8668,8717,8723,8728,8732,8771,8870,8875,8878,9178,9210,9215,9217,9224,9226,9267,9286,9306,9663,9670,9671,9744,9762,9771,9797,9808,9821,9824,9880,9932"
5188,4.17,0.23,48,"5826,6011,6086,6165,7098,7125,7185,7211,7239,7563,7591,7592,7594,7613,7616,7657,7668,8185,8204,8217,8235,8325,8408,8632,8639,8654,8661,8662,8666,8681,8725,8742,8789,8797,8830,9684,9685,9737,9745,9746,9756,9772,9785,9809,9811,9820,9940,9953"
5190,5.00,0.38,20,"2514,2912,6080,7097,7116,7139,7141,7144,7146,7167,7168,7172,7176,7179,7195,7212,7216,7564,7580,7673"
5193,30.00,0.63,20,"6024,7101,7112,7134,7159,7180,7192,7205,7220,7577,7579,7583,7586,7607,7615,7628,7635,7671,7682,7704"
5194,27.27,0.78,22,"5998,7090,7114,7115,7138,7166,7177,7190,7241,7571,7573,7576,7582,7588,7595,7599,7600,7610,7624,7625,7663,7697"
5196,10.53,0.55,19,"5655,7118,7122,7124,7130,7178,7204,7229,7565,7569,7584,7590,7611,7617,7620,7626,7636,7659,7748"
5197,7.14,0.39,28,"3108,5090,6376,7103,7131,7186,7188,7567,7570,7575,7660,7693,7742,8163,8182,8187,8247,8644,8647,8668,8724,8731,8732,8738,8752,8756,8816,8828"
5233,22.79,0.79,19,"2912,2964,6013,6130,7108,7196,7220,7221,7502,7565,7580,7595,7596,7598,7599,7603,7639,7657,7660"
5234,25.32,0.75,25,"3595,6071,6080,7102,7103,7112,7130,7132,7133,7134,7136,7138,7141,7142,7143,7163,7167,7179,7237,7561,7583,7605,7658,7663,7704"
5235,10.59,0.53,22,"5655,5664,5816,5826,7104,7109,7124,7154,7155,7160,7239,7506,7510,7567,7568,7601,7611,7612,7615,7622,7625,7726"
5236,17.65,0.25,17,"5500,7107,7111,7114,7122,7171,7181,7186,7229,7558,7582,7636,7644,7647,7650,7690,7748"
5237,28.37,0.53,27,"5536,5687,6011,6086,6165,7106,7118,7127,7137,7149,7161,7180,7185,7188,7192,7204,7248,7505,7508,7575,7594,7606,7608,7613,7671,7689,7702"
5239,5.56,0.23,18,"5008,5029,5090,7098,7105,7131,7151,7158,7168,7570,7573,7579,7602,7628,7653,7665,7668,7742"
5240,16.67,0.40,18,"7097,7125,7126,7139,7166,7193,7195,7212,7566,7584,7592,7593,7620,7643,7654,7659,7666,7673"
5241,18.75,0.55,16,"6024,7101,7121,7159,7162,7165,7178,7211,7216,7586,7610,7616,7624,7651,7693,7697"
5245,25.71,0.61,35,"5029,5536,5826,6024,6130,7125,7133,7158,7162,7163,7169,7180,7185,7188,7196,7212,7220,7561,7565,7567,7590,7592,7595,7603,7616,7617,7618,7650,7654,7671,7682,7697,7704,7742,7748"
5246,32.26,0.48,31,"6080,7101,7103,7106,7119,7122,7131,7132,7148,7149,7178,7510,7570,7573,7574,7588,7598,7602,7605,7606,7608,7609,7612,7624,7626,7636,7651,7653,7657,7663,7726"
5247,40.62,0.80,32,"2964,5090,5816,7097,7118,7128,7134,7138,7141,7143,7179,7193,7195,7508,7568,7578,7579,7580,7582,7584,7586,7592,7593,7602,7610,7611,7613,7616,7618,7625,7654,7673"
5249,34.95,0.83,21,"3595,5500,5664,6130,7506,7508,7578,7580,7583,7586,7594,7596,7601,7611,7643,7644,7648,7658,7659,7668,7702"
5250,46.65,0.71,20,"6071,6086,7102,7108,7109,7112,7121,7123,7124,7130,7137,7159,7160,7165,7166,7171,7172,7176,7221,7235"
5251,43.69,0.64,45,"2912,4518,6013,6165,7098,7105,7111,7126,7127,7139,7151,7154,7167,7177,7181,7186,7239,7502,7505,7558,7563,7564,7566,7569,7571,7575,7577,7579,7584,7593,7599,7615,7620,7622,7628,7639,7640,7647,7660,7665,7666,7685,7689,7690,7693"
5254,20.84,0.55,32,"2964,5500,5998,6011,7098,7111,7124,7139,7141,7165,7176,7180,7181,7248,7506,7563,7564,7565,7575,7590,7599,7603,7608,7622,7624,7626,7628,7648,7663,7673,7704,7748"
5255,35.71,0.71,28,"5664,6091,7097,7103,7104,7107,7118,7133,7164,7167,7168,7188,7235,7502,7510,7561,7568,7571,7594,7595,7612,7617,7620,7640,7643,7671,7693,7697"
5256,27.12,0.57,16,"4518,4781,5090,5816,6141,6165,7105,7112,7122,7134,7144,7154,7158,7161,7178,7237"
5257,31.58,0.57,19,"6013,7127,7137,7138,7166,7169,7193,7505,7567,7573,7577,7606,7615,7658,7659,7666,7702,7726,7740"
5259,10.71,0.31,28,"3595,5029,5536,5655,5826,7106,7108,7109,7114,7123,7179,7186,7195,7229,7558,7566,7569,7570,7574,7588,7636,7644,7647,7650,7657,7668,7682,7689"
5269,41.18,0.59,17,"7090,7107,7116,7127,7131,7138,7143,7154,7172,7174,7579,7583,7598,7603,7616,7618,7666"
5283,15.79,0.64,19,"5536,6012,6165,7118,7134,7137,7141,7146,7160,7165,7196,7216,7569,7592,7594,7605,7624,7626,7660"
5287,22.22,0.70,18,"6080,7098,7105,7109,7112,7121,7130,7136,7139,7161,7211,7578,7600,7611,7625,7658,7671,7702"
5288,29.19,0.45,16,"5029,5668,7122,7151,7155,7164,7180,7193,7506,7568,7622,7628,7650,7673,7682,7689"
5289,12.50,0.50,16,"5664,5687,6024,7102,7133,7142,7144,7162,7185,7558,7567,7644,7647,7651,7690,7748"
5290,30.00,0.62,20,"2912,7097,7104,7111,7123,7125,7149,7158,7163,7167,7168,7175,7190,7204,7502,7561,7565,7575,7599,7643"
5291,33.33,0.80,18,"2964,4518,6071,6074,7132,7148,7171,7239,7571,7590,7595,7606,7615,7620,7648,7653,7657,7659"
5293,26.32,0.54,19,"5090,5816,5826,5998,7108,7124,7166,7181,7195,7563,7570,7573,7576,7577,7586,7588,7602,7656,7665"
5300,18.75,0.35,16,"5687,6071,7127,7151,7158,7159,7570,7576,7594,7647,7656,7658,7671,7685,7690,7693"
5302,31.25,0.65,16,"5090,6013,6024,7130,7141,7154,7155,7186,7195,7216,7563,7598,7628,7657,7682,7702"
5304,42.86,0.51,21,"5668,7124,7131,7132,7136,7180,7558,7580,7584,7593,7599,7600,7601,7617,7620,7643,7644,7653,7663,7666,7673"
5308,29.41,0.56,17,"5008,5687,7090,7121,7128,7151,7166,7180,7181,7564,7565,7566,7571,7599,7605,7624,7685"
5310,41.18,0.86,17,"6012,7116,7118,7133,7136,7154,7174,7186,7196,7593,7598,7618,7628,7635,7651,7659,7748"
5311,12.50,0.55,16,"2964,5816,7119,7123,7128,7142,7148,7160,7235,7567,7605,7606,7611,7650,7651,7660"
5312,25.00,0.37,16,"5029,6080,7090,7118,7174,7175,7181,7566,7571,7579,7583,7590,7592,7626,7668,7748"
5369,17.65,0.69,17,"4781,6080,7101,7107,7111,7126,7133,7134,7158,7163,7165,7166,7181,7192,7195,7211,7212"
5370,11.71,0.51,17,"5008,5664,5668,6011,7103,7105,7106,7121,7137,7139,7142,7159,7160,7171,7175,7178,7196"
5374,25.00,0.66,16,"2912,7116,7128,7131,7133,7160,7164,7237,7502,7580,7599,7603,7626,7650,7658,7685"
5383,15.79,0.37,19,"2964,5687,6011,6024,7107,7123,7132,7137,7142,7158,7188,7192,7204,7212,7239,7635,7660,7668,7748"
5385,22.22,0.31,18,"5029,5090,7097,7101,7118,7124,7144,7146,7151,7154,7163,7171,7235,7568,7590,7606,7608,7636"
5386,19.05,0.51,21,"5008,6080,7098,7111,7125,7148,7165,7185,7186,7506,7561,7565,7576,7582,7598,7617,7622,7647,7648,7659,7693"
5390,31.25,0.46,16,"5668,7106,7130,7175,7190,7211,7570,7579,7583,7584,7589,7593,7602,7611,7618,7628"
5623,15.87,0.58,63,"3566,3613,5537,5826,7567,7571,7590,7604,7618,7660,8160,8181,8190,8191,8192,8235,8248,8300,8305,8308,8323,8325,8389,8670,8685,8727,8729,8733,8734,8745,8753,8783,8787,8794,8880,9185,9204,9206,9225,9226,9227,9273,9275,9297,9302,9313,9662,9665,9683,9693,9704,9752,9753,9754,9789,9793,9796,9811,9813,9827,9880,9957,9959"
5625,14.75,0.50,61,"4815,5029,5154,5210,6132,7170,7564,7573,7591,7592,7602,7607,7622,7636,7658,7685,8170,8172,8204,8210,8233,8244,8646,8668,8686,8687,8723,8735,8738,8740,8758,8767,8804,9161,9162,9164,9176,9184,9194,9223,9235,9239,9252,9269,9276,9671,9690,9692,9751,9756,9764,9772,9776,9779,9799,9814,9821,9832,9849,9881,9942"
5626,13.33,0.55,60,"3454,3595,3956,5029,6262,7502,7593,7596,7598,7605,7606,7608,7612,7618,7622,7702,8192,8211,8251,8290,8633,8655,8663,8686,8688,8720,8722,8733,8734,8736,8739,8764,8771,8779,8790,8798,8818,8874,8889,9671,9680,9681,9686,9689,9703,9734,9736,9747,9753,9754,9775,9782,9792,9807,9816,9817,9821,9830,9834,9842"
5918,12.50,0.54,16,"1769,3615,4282,4399,8159,8170,8182,8187,8204,8227,8236,8243,8247,8251,8302,8321"
5929,22.22,0.52,72,"3413,3454,3967,4399,4552,4815,5065,5537,6541,8160,8162,8163,8178,8181,8182,8184,8188,8194,8201,8211,8247,8248,8324,8326,8395,8409,8636,8662,8677,8723,8731,8737,8743,8754,8759,8764,8797,8801,8806,8807,8808,8834,8876,9158,9168,9194,9227,9228,9244,9250,9276,9662,9668,9705,9707,9742,9751,9770,9781,9786,9794,9812,9820,9823,9827,9840,9869,9880,9881,9882,9889,9958"
5930,16.98,0.41,53,"2647,3609,5482,6303,8158,8180,8183,8200,8228,8230,8231,8233,8305,8632,8635,8639,8660,8665,8686,8687,8721,8725,8733,8742,8747,8749,8755,8767,8780,8873,9137,9157,9179,9186,9192,9196,9198,9211,9217,9220,9232,9234,9273,9710,9738,9752,9766,9771,9773,9774,9793,9821,9957"
5931,30.91,0.38,55,"5210,5737,6262,7223,8171,8190,8192,8195,8196,8229,8243,8244,8251,8300,8415,8629,8644,8656,8663,8673,8674,8716,8724,8727,8732,8738,8740,8758,8760,8772,8787,8790,8798,8810,8889,9154,9160,9166,9184,9189,9193,9208,9236,9242,9269,9271,9297,9670,9776,9780,9800,9804,9825,9848,9932"
5932,25.00,0.56,64,"1769,5087,6092,6124,6308,6310,8236,8249,8323,8389,8391,8403,8634,8646,8650,8651,8653,8664,8670,8671,8679,8681,8722,8726,8728,8734,8744,8745,8766,8771,8776,8777,8782,8783,8784,8786,8811,8812,8816,8817,8835,8875,8877,9163,9174,9178,9181,9191,9205,9224,9255,9289,9290,9294,9296,9313,9666,9700,9735,9736,9743,9757,9759,9829"
5935,11.29,0.41,62,"3108,3964,4282,4419,4456,8164,8170,8186,8187,8207,8210,8245,8289,8314,8325,8408,8637,8638,8640,8648,8683,8689,8715,8739,8748,8785,8789,8792,8795,8800,8818,8820,8830,8869,8874,8878,9162,9165,9180,9182,9195,9197,9216,9233,9286,9298,9664,9671,9673,9711,9734,9758,9779,9807,9810,9815,9818,9828,9830,9836,9876,9888"
5936,24.56,0.53,57,"2068,3566,3956,6903,7170,8169,8172,8193,8197,8227,8232,8235,8237,8302,8414,8633,8641,8643,8657,8658,8661,8666,8667,8668,8675,8685,8730,8736,8746,8750,8752,8756,8757,8762,8791,8793,8794,8799,8809,9164,9167,9202,9221,9235,9248,9267,9280,9663,9763,9764,9777,9789,9796,9798,9806,9814,9834"
5937,34.15,0.69,41,"3615,5646,5654,7217,7776,8159,8161,8167,8168,8185,8189,8191,8204,8213,8290,8308,8321,8327,8412,8645,8647,8649,8655,8659,8669,8688,8717,8720,8729,8741,8753,8779,8788,8796,8804,8805,8819,8828,8870,8886,8887"
5946,18.52,0.44,54,"3413,4494,4552,5482,6092,8182,8249,8327,8661,8662,8675,8717,8725,8739,8752,8754,8772,8791,8792,8795,9147,9180,9181,9191,9192,9197,9212,9218,9219,9224,9263,9272,9290,9303,9663,9669,9670,9684,9691,9701,9703,9705,9708,9710,9743,9745,9769,9783,9802,9804,9809,9925,9947,9952"
5947,8.20,0.39,61,"3956,3964,5292,5605,5737,6124,8164,8180,8195,8197,8200,8251,8321,8629,8644,8647,8667,8669,8673,8676,8677,8720,8730,8731,8747,8750,8776,8779,8797,8800,8809,8816,8818,8870,9137,9154,9163,9168,9171,9175,9189,9196,9200,9228,9241,9255,9261,9274,9682,9687,9709,9738,9760,9763,9778,9780,9794,9825,9829,9932,9955"
5949,13.21,0.52,53,"5699,8169,8186,8189,8193,8211,8326,8409,8414,8632,8634,8636,8645,8664,8681,8721,8722,8724,8741,8760,8780,8790,8799,8875,8887,9131,9166,9170,9173,9201,9205,9217,9220,9232,9233,9247,9250,9285,9304,9673,9686,9711,9734,9739,9758,9791,9801,9824,9826,9837,9841,9889,9895"
5950,12.24,0.40,49,"2647,4399,4816,6262,6303,6541,6903,8159,8161,8163,8183,8185,8188,8207,8228,8229,8247,8635,8637,8638,8658,8660,8737,8744,8807,8817,8835,8877,8918,9149,9159,9167,9229,9294,9735,9736,9744,9747,9755,9759,9767,9782,9815,9820,9822,9838,9850,9912,9941"
5951,19.15,0.61,47,"3108,3454,3967,5087,6310,6376,8167,8187,8196,8289,8290,8302,8643,8653,8656,8666,8671,8732,8736,8742,8766,8793,8796,8819,8828,8886,9193,9198,9209,9237,9278,9280,9677,9685,9688,9700,9707,9786,9788,9792,9795,9812,9823,9834,9843,9871,9956"
5952,17.50,0.49,40,"4456,8171,8194,8201,8227,8236,8245,8391,8655,8665,8680,8689,8726,8743,8748,8756,8764,8782,8785,8786,8820,9157,9248,9267,9286,9295,9672,9678,9680,9733,9741,9777,9781,9787,9790,9798,9806,9842,9888,9897"
5953,12.24,0.39,49,"6308,7217,7223,8184,8217,8232,8415,8639,8651,8659,8663,8674,8679,8715,8746,8759,8762,8777,8806,8874,8878,9160,9165,9174,9199,9211,9234,9244,9296,9694,9737,9757,9771,9773,9774,9785,9797,9808,9810,9816,9817,9818,9819,9830,9831,9833,9836,9848,9940"
5998,0.00,0.00,36,"3964,3967,5482,8158,8181,8192,8244,8305,9157,9158,9219,9234,9237,9239,9240,9241,9250,9303,9670,9683,9707,9709,9742,9743,9744,9773,9777,9780,9783,9796,9801,9807,9817,9833,9940,9958"
5999,18.60,0.64,43,"4399,8196,8249,8251,8325,8331,8389,8409,8414,8880,9159,9164,9189,9206,9211,9214,9225,9244,9248,9285,9294,9296,9302,9662,9663,9669,9676,9677,9684,9686,9734,9752,9756,9764,9785,9788,9798,9822,9827,9829,9897,9912,9954"
6000,9.52,0.46,42,"4816,5292,7170,8172,8182,8183,8200,8204,8210,8211,8236,8326,8408,9147,9163,9181,9193,9196,9198,9228,9252,9255,9278,9304,9675,9680,9682,9688,9733,9738,9759,9767,9769,9776,9787,9792,9802,9843,9849,9871,9880,9957"
6002,8.70,0.44,46,"4456,4815,6124,6903,8163,8167,8185,8195,8197,8228,8237,8308,8314,8415,9137,9195,9201,9212,9231,9233,9263,9269,9290,9665,9673,9692,9739,9754,9758,9760,9766,9774,9775,9778,9781,9782,9789,9790,9791,9812,9821,9836,9848,9850,9876,9941"
6003,2.44,0.21,41,"6132,6310,8169,8186,8189,8191,8201,8232,8245,8248,8300,8323,9161,9168,9184,9191,9199,9200,9204,9224,9226,9232,9301,9672,9678,9681,9691,9705,9708,9710,9745,9753,9755,9793,9797,9799,9811,9813,9820,9825,9832"
6004,2.70,0.29,37,"5210,5605,5699,6303,7217,8164,8217,8235,8247,8289,8807,9131,9149,9166,9167,9170,9216,9254,9273,9313,9668,9701,9735,9763,9772,9786,9794,9806,9814,9826,9828,9830,9881,9890,9947,9952,9953"
6005,9.68,0.44,31,"5154,6262,6308,8170,8171,8180,8190,8193,8194,8233,9154,9160,9178,9186,9209,9235,9272,9276,9279,9295,9664,9685,9693,9704,9779,9795,9808,9815,9819,9888,9959"
6006,18.52,0.54,27,"8161,8187,8188,8229,8321,8324,9171,9173,9180,9218,9227,9236,9280,9286,9711,9736,9747,9751,9816,9818,9824,9837,9840,9841,9842,9925,9928"
6007,11.63,0.53,43,"3613,3956,4494,6092,8184,8207,8302,8391,9174,9176,9194,9197,9205,9217,9247,9267,9274,9275,9297,9671,9690,9694,9700,9703,9737,9741,9746,9757,9770,9771,9804,9809,9810,9823,9831,9834,9838,9889,9895,9932,9942,9955,9956"
6008,10.26,0.46,39,"2647,4399,6124,7217,8168,8181,8200,8229,8237,8248,8249,8300,8305,8638,8643,8675,8677,8679,8748,8754,8782,8785,8834,8878,9662,9663,9668,9669,9709,9757,9769,9771,9781,9801,9810,9825,9826,9958,9959"
6009,5.88,0.36,34,"3964,5210,5537,6092,8245,8636,8640,8645,8656,8658,8673,8723,8737,8778,8792,8801,8835,9670,9672,9673,9682,9705,9744,9755,9770,9786,9787,9788,9795,9822,9824,9836,9880,9941"
6010,17.07,0.44,41,"8161,8180,8201,8210,8232,8409,8653,8665,8715,8746,8777,8784,8793,8795,8806,8817,8870,8918,9664,9676,9691,9704,9735,9742,9767,9773,9774,9789,9802,9806,9812,9814,9823,9876,9889,9890,9925,9928,9942,9954,9956"
6011,19.44,0.39,36,"5737,8158,8170,8188,8193,8197,8244,8289,8637,8676,8687,8727,8755,8766,8767,8776,8787,8794,8796,8875,8877,8887,9665,9683,9694,9711,9738,9760,9764,9778,9794,9797,9808,9813,9850,9871"
6012,5.56,0.37,36,"4552,6132,8167,8190,8194,8195,8228,8233,8236,8646,8671,8689,8726,8730,8740,8750,8762,8780,8819,9690,9708,9743,9759,9763,9777,9779,9790,9796,9798,9815,9818,9828,9832,9947,9952,9955"
6013,9.80,0.31,51,"7170,7223,8169,8171,8183,8186,8189,8321,8323,8327,8389,8629,8635,8651,8659,8660,8664,8667,8669,8685,8721,8729,8741,8743,8744,8745,8747,8749,8759,8786,8800,8804,9678,9688,9692,9693,9707,9710,9752,9780,9793,9804,9829,9838,9840,9841,9848,9849,9881,9897,9932"
6014,7.55,0.38,53,"3413,3566,6541,8159,8160,8164,8172,8184,8191,8196,8207,8227,8308,8314,8324,8326,8414,8634,8648,8670,8674,8717,8728,8735,8753,8758,8760,8772,8783,8791,8799,8809,8886,9675,9700,9701,9733,9739,9741,9751,9758,9776,9783,9791,9799,9819,9827,9831,9833,9843,9888,9895,9957"
6107,16.00,0.61,25,"2647,3413,5737,6376,7223,8161,8171,8200,8247,8289,8326,8412,8632,8644,8662,8673,8680,8717,8740,8755,8756,8766,8787,8792,8809"
6108,11.11,0.47,27,"6092,8168,8169,8172,8181,8207,8211,8245,8321,8323,8391,8635,8645,8653,8720,8722,8731,8758,8771,8772,8777,8780,8788,8793,8797,8816,8828"
6109,9.09,0.30,22,"4502,5210,5457,6124,8167,8191,8196,8204,8248,8325,8409,8664,8677,8685,8716,8736,8739,8754,8778,8784,8791,8819"
6110,15.00,0.44,20,"6541,8170,8183,8186,8190,8232,8235,8634,8640,8651,8670,8676,8733,8743,8748,8760,8796,8801,8804,8889"
6111,26.32,0.74,19,"3108,3964,7217,8213,8217,8229,8300,8308,8331,8629,8661,8679,8727,8730,8734,8762,8779,8877,8887"
6112,3.33,0.31,30,"3454,3609,3615,4552,8160,8163,8185,8187,8210,8228,8236,8414,8637,8643,8646,8656,8658,8660,8674,8728,8767,8790,8805,8806,8817,8830,8834,8835,8886,8918"
6122,3.23,0.31,31,"3590,5537,5646,6262,8164,8180,8184,8188,8237,8244,8305,8324,8633,8638,8648,8663,8669,8671,8681,8686,8715,8721,8723,8725,8726,8744,8745,8746,8747,8782,8795"
6123,3.33,0.18,30,"3956,6132,8159,8192,8193,8201,8227,8251,8403,8636,8639,8641,8647,8654,8665,8667,8668,8687,8688,8689,8741,8749,8752,8764,8776,8783,8785,8786,8820,8876"
6124,0.00,0.00,24,"4282,8158,8182,8189,8195,8197,8290,8389,8659,8666,8675,8724,8729,8732,8735,8738,8742,8750,8753,8759,8789,8800,8810,8878"
6173,5.26,0.30,38,"6124,7170,7217,8170,8183,8187,8201,8210,8247,8251,8403,8409,9690,9700,9711,9733,9737,9746,9755,9774,9776,9777,9788,9791,9793,9794,9806,9808,9824,9829,9832,9880,9895,9947,9954,9956,9959,9971"
6175,11.11,0.53,27,"3964,6124,8161,8181,8200,8201,8207,8245,8325,8389,8391,8640,8644,8653,8660,8663,8671,8674,8688,8740,8742,8766,8778,8780,8796,8817,8878"
6191,24.24,0.68,33,"3590,8158,8159,8164,8186,8191,8195,8213,8232,8324,8331,9662,9678,9681,9688,9692,9703,9743,9744,9752,9754,9770,9779,9789,9790,9795,9796,9817,9836,9838,9889,9955,9978"
6192,32.14,0.52,28,"3615,6092,6262,8167,8168,8181,8227,8237,8245,8314,8321,9663,9677,9707,9756,9760,9763,9769,9772,9775,9797,9813,9827,9834,9840,9888,9952,9958"
6196,13.04,0.26,46,"1380,1769,4816,5646,6092,6308,8170,8192,8207,8229,8251,8321,8324,8662,8720,8742,8745,8764,8767,8777,8778,8779,8792,8828,8918,9168,9176,9216,9217,9221,9229,9297,9664,9685,9701,9735,9739,9775,9779,9786,9795,9810,9826,9827,9871,9881"
6197,23.43,0.43,37,"4282,4494,5457,8190,8227,8314,8632,8666,8668,8681,8739,8741,8746,8776,8782,8810,8834,9194,9206,9220,9225,9681,9684,9686,9694,9705,9709,9733,9755,9774,9791,9824,9825,9828,9848,9888,9958"
6198,26.34,0.66,62,"2647,3108,3613,4399,4456,8181,8188,8200,8228,8325,8326,8331,8412,8659,8665,8671,8685,8721,8743,8747,8754,8766,8771,8793,8800,8806,8830,8878,8889,9166,9175,9189,9201,9226,9228,9240,9269,9271,9303,9312,9666,9668,9670,9677,9678,9703,9710,9753,9764,9773,9782,9783,9785,9790,9797,9802,9811,9818,9820,9880,9932,9940"
6199,20.31,0.43,64,"3615,5537,5737,6310,6903,8180,8197,8204,8217,8247,8248,8629,8634,8636,8638,8647,8664,8687,8730,8735,8740,8748,8749,8752,8786,8790,8816,8819,9162,9163,9192,9200,9204,9209,9232,9236,9237,9244,9246,9267,9275,9280,9663,9672,9675,9676,9688,9708,9711,9738,9744,9752,9754,9762,9772,9778,9780,9787,9794,9798,9807,9952,9957,9978"
6200,19.23,0.46,52,"8158,8159,8196,8235,8244,8289,8658,8715,8725,8728,8733,8738,8744,8750,8755,8758,8759,8785,8789,8796,8809,8817,8820,8835,9131,9147,9161,9173,9179,9191,9234,9264,9272,9273,9279,9290,9310,9662,9673,9680,9682,9736,9741,9759,9777,9788,9799,9808,9815,9830,9836,9895"
6201,20.75,0.57,53,"3413,3566,3964,3967,5699,6124,6376,8201,8210,8233,8245,8249,8308,8391,8648,8653,8688,8722,8731,8732,8734,8736,8753,8805,8818,9149,9157,9167,9171,9174,9185,9211,9227,9276,9289,9295,9734,9751,9760,9770,9771,9776,9806,9812,9813,9822,9832,9834,9837,9840,9841,9869,9876"
6202,16.13,0.60,62,"3590,3609,5210,5605,6303,7170,7217,8167,8183,8184,8186,8187,8222,8236,8300,8403,8408,8633,8635,8639,8640,8644,8663,8679,8724,8727,8729,8762,8780,8783,8787,8804,9137,9164,9178,9181,9193,9198,9215,9233,9239,9243,9248,9250,9252,9274,9313,9665,9690,9691,9707,9743,9769,9789,9816,9849,9897,9912,9953,9954,9955,9971"
6203,28.26,0.57,46,"3454,3956,5292,8160,8232,8237,8323,8409,8637,8660,8667,8669,8677,8686,8716,8717,8756,8760,8772,9184,9186,9196,9199,9205,9212,9263,9301,9304,9310,9671,9704,9737,9742,9756,9758,9763,9781,9796,9809,9817,9819,9829,9831,9850,9889,9956"
6204,13.46,0.39,52,"4552,4815,6262,6541,8164,8168,8172,8185,8189,8195,8305,8389,8643,8645,8661,8670,8676,8723,8726,8784,8788,8791,8795,8797,8807,8880,8886,9154,9180,9214,9219,9224,9235,9241,9242,9254,9278,9296,9669,9683,9692,9700,9706,9745,9746,9793,9801,9814,9838,9890,9947,9959"
6206,29.75,0.68,56,"1380,5457,5605,6092,8159,8172,8189,8204,8249,8289,8326,8632,8635,8636,8639,8660,8671,8723,8759,8782,8787,8793,8800,8804,8809,8810,8878,8918,9162,9163,9166,9175,9198,9201,9206,9211,9212,9220,9226,9240,9254,9269,9276,9295,9688,9700,9747,9764,9806,9811,9827,9831,9869,9871,9889,9971"
6207,8.49,0.36,55,"3566,3590,4815,6303,6308,8180,8184,8187,8245,8324,8403,8408,8633,8728,8747,8783,8788,8790,8830,8835,9137,9184,9193,9200,9232,9233,9234,9236,9243,9267,9296,9663,9672,9680,9683,9703,9734,9736,9743,9751,9778,9785,9789,9808,9810,9812,9824,9834,9837,9840,9849,9888,9940,9954,9956"
6208,8.16,0.41,49,"3413,3956,5737,8185,8244,8638,8686,8687,8715,8716,8722,8745,8746,8752,8756,8760,8771,8816,8880,9178,9181,9196,9204,9225,9246,9274,9301,9662,9664,9669,9691,9692,9704,9735,9737,9742,9769,9772,9776,9777,9780,9786,9787,9794,9802,9809,9820,9836,9957"
6209,8.77,0.46,57,"1769,3613,5537,6124,6262,6310,6541,7170,8158,8160,8168,8188,8192,8195,8323,8325,8643,8664,8666,8667,8668,8675,8685,8725,8726,8731,8736,8738,8758,8791,8795,8807,8820,9165,9192,9205,9216,9217,9228,9244,9248,9273,9279,9665,9673,9741,9755,9779,9798,9826,9829,9830,9841,9848,9876,9932,9955"
6210,21.98,0.48,44,"4494,6376,8181,8247,8648,8658,8661,8730,8732,8743,8754,8764,8772,8784,8792,8806,8828,9131,9199,9229,9242,9271,9272,9280,9303,9310,9666,9678,9682,9686,9690,9694,9706,9709,9746,9752,9754,9793,9807,9813,9819,9825,9958,9978"
6211,19.57,0.57,46,"3108,3454,3964,7217,8170,8183,8190,8207,8251,8391,8629,8647,8653,8665,8670,8681,8742,8749,8750,8766,8767,8785,8797,8817,9157,9164,9179,9219,9224,9290,9671,9676,9745,9753,9756,9759,9762,9763,9773,9783,9790,9822,9838,9880,9952,9953"
6212,11.10,0.36,48,"3615,4282,4456,4552,5699,8164,8196,8200,8201,8210,8217,8227,8300,8409,8640,8645,8727,8729,8733,8740,8741,8762,8789,8796,8805,8819,8834,8886,9160,9173,9194,9215,9227,9237,9252,9685,9708,9733,9739,9770,9771,9775,9791,9832,9850,9881,9912,9947"
6213,10.42,0.45,48,"3609,4399,4816,5292,6903,8186,8197,8236,8321,8331,8637,8662,8663,8669,8720,8721,8734,8739,8753,8889,9147,9149,9154,9167,9171,9180,9186,9221,9235,9241,9250,9264,9278,9297,9312,9313,9668,9677,9701,9705,9710,9711,9744,9788,9796,9801,9817,9895"
6214,10.91,0.49,55,"2647,3967,5210,5646,8167,8222,8229,8235,8237,8305,8389,8634,8644,8655,8659,8679,8688,8717,8724,8735,8744,8748,8755,8776,8779,8780,9161,9168,9176,9189,9191,9209,9304,9670,9675,9681,9684,9707,9738,9758,9760,9774,9781,9782,9795,9797,9799,9814,9815,9816,9818,9828,9890,9897,9959"
6216,30.14,0.76,21,"3967,6308,6903,8160,8186,8191,8300,8314,8324,8807,9131,9171,9178,9200,9206,9217,9224,9225,9240,9248,9290"
6217,23.81,0.70,21,"3613,3964,4815,6303,8197,8204,8217,8244,8321,8326,8880,9189,9204,9214,9215,9229,9242,9252,9276,9295,9310"
6218,22.22,0.14,27,"3956,5605,7170,8167,8189,8190,8195,8228,8245,8325,8389,8408,9149,9165,9167,9168,9184,9193,9198,9219,9236,9246,9264,9269,9274,9279,9312"
6219,22.73,0.48,22,"1769,3590,4552,6310,8164,8170,8180,8196,8201,8210,8237,9137,9157,9160,9174,9175,9186,9201,9226,9254,9303,9313"
6220,36.36,0.76,22,"1380,5210,8232,8247,8248,8249,8251,8323,9163,9181,9191,9192,9196,9199,9211,9227,9228,9233,9239,9275,9297,9304"
6221,32.14,0.54,28,"4399,4456,5699,6124,6262,7217,8158,8183,8185,8200,8207,8227,8236,8305,8403,9176,9179,9180,9194,9208,9209,9212,9216,9241,9244,9250,9273,9278"
6222,34.62,0.47,26,"3615,4282,4816,8159,8172,8188,8222,8235,8289,8331,8391,8409,9147,9154,9161,9162,9166,9205,9221,9232,9234,9243,9272,9280,9296,9301"
6223,40.00,0.49,20,"3609,4494,5292,6092,8168,8181,8184,8187,8192,8229,8308,8412,9164,9173,9220,9235,9237,9263,9267,9289"
6245,30.95,0.69,42,"3956,4552,8180,8184,8185,8190,8200,8217,8229,8233,8289,8323,8325,8326,8389,8412,9672,9673,9675,9683,9684,9691,9701,9708,9709,9734,9735,9753,9764,9780,9814,9819,9828,9830,9831,9837,9841,9849,9881,9912,9932,9957"
6246,10.34,0.36,29,"1769,3964,4282,4399,5210,8188,8189,8196,8228,8408,9665,9666,9670,9676,9705,9710,9738,9778,9781,9783,9802,9807,9810,9811,9815,9848,9850,9890,9897"
6247,13.79,0.43,29,"8160,8172,8192,8197,8236,8244,8248,8249,8300,9664,9669,9680,9682,9706,9736,9758,9771,9773,9785,9787,9801,9812,9816,9818,9820,9825,9826,9871,9940"
6248,21.43,0.59,28,"3609,8204,8207,8222,8235,8305,8308,8391,9668,9671,9685,9686,9694,9704,9741,9742,9745,9747,9751,9762,9782,9786,9798,9799,9809,9822,9876,9953"
6305,14.29,0.50,21,"3413,5537,7170,8160,8164,8167,8180,8192,8193,8245,8325,8638,8651,8660,8664,8666,8733,8741,8746,8747,8782"
6306,5.00,0.18,20,"2647,3956,6092,8185,8194,8640,8659,8663,8670,8671,8677,8726,8732,8735,8755,8759,8816,8834,8878,8918"
6308,15.79,0.57,19,"8171,8172,8188,8210,8237,8403,8644,8674,8679,8687,8738,8752,8754,8762,8766,8780,8792,8796,8820"
6309,23.53,0.63,17,"3615,8197,8213,8229,8235,8389,8391,8635,8645,8648,8725,8736,8739,8748,8779,8788,8797"
6310,45.00,0.70,20,"5210,5646,6262,8187,8204,8227,8248,8633,8636,8637,8639,8668,8721,8724,8731,8742,8750,8784,8790,8809"
6311,10.00,0.52,20,"4552,8163,8207,8643,8647,8656,8658,8669,8681,8717,8727,8728,8734,8767,8772,8786,8791,8793,8835,8876"
6312,22.22,0.64,27,"1769,3566,4399,6124,6541,8181,8186,8201,8230,8236,8321,8414,8632,8634,8653,8662,8665,8716,8720,8722,8753,8758,8785,8795,8804,8830,8886"
6315,5.88,0.42,17,"3590,8158,8169,8190,8195,8196,8244,8308,8412,8688,8745,8760,8776,8783,8800,8817,8889"
6316,21.74,0.65,23,"3964,5457,8183,8184,8189,8233,8247,8249,8290,8300,8323,8655,8673,8729,8730,8740,8743,8749,8756,8771,8777,8778,8789"
6342,14.63,0.48,41,"1769,4399,4494,4815,6092,6124,8169,8210,8321,8389,8880,9147,9154,9164,9181,9196,9204,9205,9221,9233,9271,9274,9280,9313,9672,9688,9711,9734,9736,9741,9744,9745,9751,9756,9762,9780,9840,9848,9954,9958,9971"
6343,3.57,0.33,28,"1380,6308,7217,8237,8245,9220,9224,9227,9239,9243,9244,9246,9264,9276,9304,9746,9763,9771,9776,9777,9782,9790,9798,9806,9816,9817,9843,9952"
6344,12.24,0.44,49,"5210,6303,8164,8168,8181,8183,8187,8197,8204,8403,8409,8807,9165,9175,9193,9216,9217,9226,9234,9235,9252,9301,9665,9680,9681,9682,9690,9692,9707,9708,9743,9773,9774,9781,9785,9786,9789,9795,9813,9822,9826,9827,9850,9940,9953,9955,9957,9959,9978"
6345,9.68,0.39,31,"3615,3967,5605,8158,8167,8172,8201,8244,8323,9149,9184,9191,9199,9212,9225,9237,9242,9295,9662,9671,9705,9758,9791,9802,9807,9820,9823,9834,9836,9876,9977"
6346,13.51,0.42,37,"3590,3964,4552,8160,8189,8194,8195,8235,8247,8300,8391,9131,9160,9163,9168,9171,9179,9189,9198,9241,9267,9278,9673,9683,9686,9700,9703,9759,9764,9772,9794,9799,9810,9821,9829,9849,9890"
6347,17.95,0.54,39,"3613,5699,8163,8171,8192,8196,8308,8325,9137,9166,9173,9186,9200,9206,9214,9228,9236,9240,9254,9272,9312,9675,9676,9684,9691,9701,9706,9710,9738,9752,9755,9775,9793,9809,9814,9833,9895,9897,9956"
6350,17.95,0.54,39,"4456,6310,8159,8170,8185,8207,8230,8232,8236,8290,8324,9161,9180,9194,9201,9211,9232,9248,9269,9669,9677,9678,9694,9704,9709,9735,9737,9739,9742,9787,9808,9815,9828,9831,9832,9838,9841,9880,9912"
6351,7.41,0.17,27,"3956,5292,7170,8184,8188,8193,8414,9167,9174,9250,9290,9297,9303,9310,9663,9668,9685,9760,9769,9770,9778,9783,9788,9801,9818,9888,9889"
6352,29.03,0.52,31,"4816,8213,8227,8233,8248,8326,8412,9159,9162,9170,9176,9178,9192,9209,9229,9255,9273,9279,9286,9733,9753,9754,9779,9796,9811,9812,9819,9830,9837,9871,9881"
6358,2.86,0.08,35,"3590,3964,6092,6124,8193,8300,8321,8637,8644,8646,8655,8662,8667,8721,8724,8727,8733,8752,8767,8834,8886,8889,9234,9236,9252,9663,9682,9686,9706,9771,9774,9818,9821,9836,9876"
6359,7.32,0.28,41,"4282,4815,5605,5699,8160,8227,8244,8648,8687,8722,8723,8732,8738,8746,8780,8795,9179,9189,9191,9194,9197,9239,9269,9272,9279,9297,9666,9676,9678,9745,9754,9773,9778,9785,9786,9788,9795,9802,9806,9837,9952"
6360,7.27,0.43,55,"3413,3454,7223,8186,8201,8207,8247,8409,8414,8638,8663,8664,8679,8681,8715,8730,8744,8750,8758,8764,8788,8793,8807,8828,8835,9175,9186,9205,9209,9217,9226,9240,9241,9242,9244,9255,9267,9295,9304,9688,9694,9709,9710,9746,9755,9772,9783,9790,9809,9834,9838,9882,9912,9957,9958"
6361,10.53,0.53,38,"8164,8167,8195,8205,8210,8229,8235,8236,8248,8412,8639,8658,8674,8731,8741,8772,8782,8800,9162,9212,9243,9250,9303,9310,9671,9673,9735,9736,9739,9753,9777,9780,9826,9841,9953,9954,9977,9978"
6362,6.38,0.26,47,"2647,3615,4494,6310,6376,6541,8159,8171,8305,8325,8403,8408,8634,8640,8643,8686,8717,8726,8745,8755,8760,8771,8790,8804,9163,9173,9181,9193,9200,9221,9224,9263,9264,9271,9278,9665,9704,9744,9756,9770,9799,9801,9812,9814,9819,9871,9897"
6363,2.13,0.25,47,"1380,3108,3956,3967,4399,5210,5537,5646,7170,8158,8197,8656,8669,8677,8735,8743,8778,8785,8809,8816,9147,9165,9192,9199,9228,9286,9290,9672,9680,9681,9685,9692,9701,9705,9707,9737,9742,9752,9775,9776,9796,9815,9816,9823,9830,9840,9889"
6364,0.00,0.00,40,"6262,6308,8172,8188,8189,8633,8645,8666,8720,8739,8740,8742,8749,8753,8756,8783,8784,8791,8817,9131,9170,9184,9196,9216,9232,9312,9668,9683,9684,9738,9741,9762,9779,9789,9807,9827,9832,9843,9848,9849"
6365,8.33,0.34,48,"1769,4816,6303,8170,8183,8184,8187,8192,8194,8204,8217,8629,8632,8653,8660,8665,8716,8725,8748,8759,8766,8777,8779,8806,8810,9164,9167,9171,9201,9206,9225,9227,9270,9276,9296,9301,9662,9669,9691,9733,9743,9758,9759,9763,9794,9811,9833,9850"
6366,15.98,0.29,48,"3613,5457,8163,8168,8196,8635,8636,8647,8671,8688,8734,8736,8747,8776,8789,8797,8878,8880,8918,9137,9149,9157,9159,9160,9168,9174,9176,9178,9180,9220,9235,9246,9248,9273,9280,9690,9708,9751,9760,9764,9817,9820,9822,9824,9829,9888,9895,9932"
6367,4.35,0.15,46,"3566,4456,4552,5292,8169,8180,8181,8213,8233,8237,8323,8391,8668,8670,8729,8754,8762,8786,8792,8796,9198,9204,9211,9214,9219,9229,9233,9237,9274,9313,9675,9700,9703,9769,9781,9782,9787,9791,9798,9828,9880,9890,9940,9955,9956,9959"
6371,23.11,0.51,62,"3454,4456,6124,6262,8159,8160,8163,8168,8172,8186,8187,8194,8196,8210,8247,8325,8391,8414,8632,8633,8634,8660,8665,8667,8677,8679,8721,8732,8733,8749,8756,8762,8783,8793,8810,8834,8889,9170,9189,9193,9221,9224,9279,9686,9707,9745,9746,9755,9760,9762,9777,9779,9790,9794,9819,9826,9840,9841,9849,9876,9882,9912"
6372,0.00,0.00,23,"3613,8159,8192,8196,8321,8807,9171,9176,9178,9191,9209,9224,9240,9271,9276,9301,9663,9746,9777,9780,9811,9833,9958"
6373,21.91,0.59,35,"4552,8164,8188,8213,8325,8391,8414,8880,9200,9214,9216,9217,9234,9243,9250,9252,9264,9272,9279,9286,9297,9680,9710,9735,9743,9753,9754,9759,9775,9776,9850,9876,9890,9940,9977"
6374,11.63,0.33,43,"5292,8160,8189,8195,8204,8248,9170,9174,9192,9226,9235,9239,9244,9255,9269,9278,9312,9668,9684,9692,9701,9703,9756,9758,9763,9771,9779,9785,9786,9788,9789,9790,9801,9802,9816,9828,9829,9871,9888,9889,9932,9953,9978"
6375,10.34,0.36,29,"3615,4494,5210,5699,7170,8168,9173,9179,9186,9199,9225,9232,9236,9248,9267,9310,9662,9672,9691,9751,9752,9774,9778,9809,9817,9827,9834,9954,9955"
6376,7.14,0.41,28,"4815,6124,6262,6303,6308,8193,8197,8235,8247,8305,8412,9147,9180,9198,9201,9227,9233,9295,9304,9678,9694,9706,9791,9795,9799,9824,9848,9959"
6377,13.89,0.55,36,"3964,4456,4816,8201,8229,9131,9167,9175,9181,9184,9193,9197,9204,9220,9263,9313,9666,9669,9676,9681,9682,9737,9738,9742,9762,9773,9796,9812,9815,9820,9821,9822,9826,9832,9837,9956"
6378,16.67,0.13,30,"1380,1769,3590,8167,8181,8183,8184,8186,8194,8227,8236,9137,9149,9196,9205,9211,9221,9237,9274,9705,9739,9744,9755,9764,9770,9819,9823,9843,9849,9880"
6379,3.85,0.23,26,"3956,6310,8207,8210,8217,8237,8300,8403,9157,9168,9189,9212,9219,9241,9242,9270,9273,9675,9760,9781,9787,9806,9807,9814,9818,9830"
6380,13.89,0.48,36,"3967,4399,5605,8158,8170,8171,8172,8180,8187,8244,9164,9165,9206,9228,9229,9280,9290,9303,9671,9673,9683,9686,9688,9707,9708,9709,9736,9741,9772,9782,9794,9836,9841,9897,9912,9957"
6381,7.41,0.44,27,"4282,8163,8169,8323,8408,8409,9159,9160,9162,9163,9194,9246,9296,9665,9685,9690,9700,9704,9745,9769,9783,9798,9838,9840,9882,9895,9952"
6382,16.65,0.39,52,"1769,3108,3413,3590,3964,4399,4815,8167,8180,8183,8189,8207,8244,8248,8321,8644,8645,8646,8648,8669,8723,8735,8745,8747,8750,8790,9157,9160,9174,9198,9206,9209,9217,9219,9225,9244,9270,9273,9290,9296,9301,9665,9669,9672,9683,9742,9812,9815,9836,9850,9932,9952"
6391,28.30,0.41,53,"4552,4816,6310,7170,8164,8170,8181,8184,8217,8739,8743,8746,8753,8759,8779,8791,8792,8797,8807,8886,9171,9191,9205,9233,9237,9239,9242,9248,9263,9271,9278,9671,9675,9682,9684,9694,9705,9706,9710,9741,9771,9780,9785,9787,9816,9818,9833,9843,9880,9953,9954,9955,9977"
6393,33.98,0.72,51,"3615,5457,5646,6376,8158,8171,8195,8213,8229,8235,8305,8408,8647,8666,8727,8734,8738,8755,8771,8778,8788,8789,8816,9137,9149,9164,9179,9192,9196,9201,9227,9228,9235,9252,9269,9272,9304,9676,9701,9708,9736,9739,9743,9756,9778,9795,9817,9848,9890,9957,9959"
6394,5.41,0.32,37,"3613,4282,5210,6308,8193,8201,8227,8300,8403,8663,8688,8720,8742,8772,8777,8828,8835,8880,9176,9186,9194,9199,9200,9204,9229,9234,9255,9264,9295,9737,9738,9770,9788,9789,9806,9823,9830"
6396,15.22,0.46,46,"2647,3566,3956,5699,8192,8197,8204,8236,8653,8664,8670,8715,8725,8726,8730,8736,8752,8754,8764,8767,8780,8782,8784,8786,8878,8918,9165,9173,9175,9220,9236,9241,9243,9276,9303,9310,9681,9691,9703,9753,9763,9773,9791,9801,9807,9871"
6466,18.50,0.52,18,"8632,8638,8646,8650,8663,8671,8680,8720,8726,8732,8736,8762,8788,8793,8794,8798,8801,8816"
6468,22.22,0.51,27,"2068,3108,6310,8645,8647,8664,8665,8681,8716,8743,8752,8756,8778,8780,8787,8830,8874,8880,8886,9137,9159,9166,9170,9171,9178,9199,9276"
6469,25.40,0.58,63,"1380,3566,5065,5087,5537,8637,8677,8727,8733,8734,8735,8742,8754,8758,8767,8772,8777,8783,8808,8811,8834,8873,8876,8878,9154,9157,9182,9196,9201,9212,9214,9224,9227,9240,9254,9269,9274,9275,9280,9286,9294,9302,9310,9313,9664,9672,9741,9745,9754,9758,9766,9770,9776,9781,9794,9796,9798,9817,9819,9822,9834,9880,9957"
6470,20.00,0.57,45,"8636,8649,8687,8688,8729,8731,8740,8749,8759,8779,8792,8795,8799,8804,8812,9163,9181,9225,9231,9234,9235,9237,9248,9301,9671,9703,9707,9708,9709,9710,9736,9744,9753,9756,9757,9759,9764,9769,9775,9785,9807,9824,9830,9876,9882"
6471,14.29,0.30,49,"2647,7782,8660,8668,8685,8715,8725,8739,8745,8747,8771,8785,8789,8790,8870,9149,9164,9169,9179,9186,9194,9202,9211,9244,9272,9287,9306,9665,9666,9673,9734,9735,9739,9747,9767,9773,9777,9786,9787,9797,9825,9832,9836,9842,9843,9848,9871,9888,9958"
6472,16.67,0.60,48,"3454,5699,5737,6541,7223,8655,8686,8721,8728,8741,8755,8805,8807,8820,8887,9173,9175,9191,9192,9205,9209,9215,9217,9221,9223,9232,9267,9289,9293,9663,9706,9733,9737,9742,9763,9772,9774,9779,9783,9791,9792,9806,9812,9813,9815,9826,9828,9831"
6473,12.73,0.19,55,"4815,5646,6308,6903,8629,8634,8635,8640,8643,8653,8658,8659,8661,8669,8689,8717,8722,8723,8737,8738,8750,8753,8760,9147,9161,9174,9180,9189,9200,9219,9220,9236,9241,9250,9255,9271,9278,9296,9662,9670,9705,9711,9751,9780,9782,9793,9795,9814,9816,9818,9820,9823,9840,9881,9932"
6474,20.45,0.58,44,"3413,3613,3967,4456,4494,5482,6303,8633,8644,8651,8656,8662,8744,8776,8784,8797,8819,8835,8869,8875,8889,9162,9165,9167,9168,9193,9198,9204,9216,9273,9298,9668,9700,9701,9704,9743,9746,9762,9788,9801,9810,9827,9850,9869"
6475,9.26,0.24,54,"4816,8641,8648,8654,8673,8674,8730,8746,8757,8782,8786,8800,8806,8809,8810,8817,8828,8877,9131,9158,9160,9176,9184,9195,9197,9218,9226,9228,9229,9233,9247,9263,9264,9290,9304,9312,9667,9669,9738,9752,9755,9760,9771,9778,9789,9790,9799,9804,9808,9809,9811,9821,9829,9889"
6476,12.74,0.51,34,"1380,8633,8636,8671,8722,8728,8734,8755,8767,8771,8778,8787,8795,8810,8877,9159,9163,9167,9170,9176,9186,9194,9217,9242,9247,9278,9298,9668,9743,9764,9777,9782,9824,9825"
6477,9.62,0.40,52,"3613,4815,5065,8638,8647,8649,8651,8653,8661,8668,8724,8727,8733,8741,8742,8750,8766,8779,8790,8792,8793,8797,8816,8817,8870,9157,9160,9161,9174,9184,9193,9195,9196,9205,9220,9233,9234,9272,9294,9297,9312,9700,9705,9709,9742,9745,9776,9795,9802,9806,9829,9836"
6478,9.76,0.25,41,"2068,2647,3108,8656,8662,8665,8674,8675,8677,8688,8729,8738,8743,8745,8748,8784,8785,8801,8807,8809,8834,8873,9166,9169,9198,9202,9214,9216,9235,9240,9273,9275,9276,9310,9662,9785,9787,9808,9812,9820,9848"
6479,20.83,0.60,48,"5087,5646,8632,8635,8637,8643,8650,8689,8716,8723,8730,8732,8772,8777,8799,8820,8876,8887,9168,9206,9215,9231,9236,9250,9271,9280,9290,9302,9664,9665,9672,9704,9708,9751,9752,9759,9770,9772,9792,9797,9799,9809,9827,9828,9831,9843,9880,9888"
6480,7.89,0.32,38,"7782,8629,8667,8673,8744,8780,8783,8805,8811,8835,8889,9147,9154,9164,9197,9219,9221,9223,9248,9269,9306,9669,9671,9711,9739,9746,9754,9755,9769,9771,9779,9793,9815,9821,9823,9830,9850,9957"
6481,11.36,0.45,44,"3413,3454,4494,6308,8640,8645,8654,8658,8664,8669,8686,8725,8739,8754,8758,8759,8869,8874,8878,9149,9165,9182,9189,9210,9225,9229,9254,9287,9289,9670,9706,9737,9741,9757,9758,9781,9790,9798,9800,9807,9813,9816,9834,9889"
6482,8.11,0.29,37,"6541,7223,8670,8681,8685,8731,8735,8737,8740,8747,8789,8794,8800,8808,8819,8875,9131,9162,9173,9185,9192,9200,9212,9228,9255,9296,9304,9663,9753,9760,9774,9791,9796,9804,9810,9871,9881"
6483,6.52,0.34,46,"3967,4816,5537,6310,8634,8639,8646,8660,8715,8720,8736,8746,8752,8753,8782,8786,8788,8804,8818,9171,9175,9178,9179,9180,9191,9199,9201,9224,9226,9227,9263,9264,9274,9313,9710,9738,9744,9747,9763,9766,9775,9786,9788,9789,9794,9842"
6484,13.16,0.29,38,"4456,5699,6903,8663,8666,8687,8726,8756,8791,8796,8806,8812,8828,8830,9158,9208,9218,9232,9267,9301,9666,9667,9701,9733,9734,9735,9756,9762,9767,9773,9778,9801,9817,9822,9832,9840,9932,9958"
6485,11.36,0.45,44,"3566,5482,5737,6303,8641,8644,8648,8655,8657,8659,8679,8717,8721,8749,8757,8760,8762,8764,8776,8798,8880,8886,9137,9181,9204,9209,9211,9237,9241,9244,9286,9293,9673,9703,9707,9736,9780,9783,9811,9814,9818,9819,9826,9876"
6505,10.44,0.22,16,"5737,8646,8658,8667,8668,8686,8732,8734,8742,8755,8764,8767,8782,8790,8793,8830"
6506,20.62,0.69,21,"5087,8635,8640,8645,8648,8680,8720,8730,8731,8733,8741,8744,8750,8756,8779,8780,8783,8800,8835,8870,8918"
6509,7.82,0.24,17,"2647,3413,3566,6376,7223,8660,8662,8674,8688,8689,8715,8721,8725,8735,8771,8795,8818"
6511,7.82,0.19,17,"6541,8633,8637,8639,8644,8647,8653,8664,8676,8736,8739,8762,8794,8796,8809,8817,8887"
6514,22.24,0.60,21,"3454,5537,8632,8647,8651,8663,8666,8670,8685,8729,8748,8752,8764,8778,8782,8792,8798,8801,8816,8819,8889"
6529,15.79,0.50,19,"2647,6376,6541,7223,8635,8655,8656,8662,8664,8667,8677,8740,8743,8766,8776,8791,8809,8820,8918"
6534,0.00,0.00,20,"3108,8634,8644,8653,8659,8676,8681,8725,8726,8730,8732,8753,8759,8772,8784,8787,8789,8794,8830,8834"
6535,14.52,0.53,23,"8638,8639,8643,8661,8722,8738,8739,8744,8754,8758,8771,8783,8788,8795,8796,8799,8800,8804,8828,8875,8877,8878,8886"
6548,0.00,0.00,20,"8636,8643,8646,8654,8656,8663,8673,8674,8720,8727,8734,8743,8750,8764,8776,8777,8780,8795,8797,8801"
6549,0.00,0.00,20,"5457,6376,8633,8640,8660,8667,8668,8669,8681,8687,8716,8717,8725,8736,8740,8762,8787,8793,8806,8834"
6561,0.00,0.00,20,"2647,6541,8651,8658,8661,8723,8733,8748,8755,8778,8779,8783,8791,8792,8804,8816,8820,8830,8877,8918"
6565,5.00,0.38,20,"3454,8674,8685,8717,8720,8723,8729,8736,8744,8754,8760,8762,8776,8791,8793,8817,8830,8887,8889,8918"
6566,0.00,0.00,17,"8632,8634,8661,8662,8677,8679,8686,8727,8731,8738,8740,8755,8764,8789,8804,8810,8819"
6571,0.00,0.00,17,"5646,7223,8637,8653,8667,8689,8715,8728,8735,8767,8778,8788,8795,8796,8797,8816,8878"
6572,0.00,0.00,17,"8629,8635,8639,8640,8648,8663,8670,8722,8724,8752,8766,8783,8785,8786,8800,8806,8809"
6598,57.89,0.79,19,"3454,5537,8638,8668,8671,8676,8721,8728,8734,8745,8746,8756,8760,8779,8785,8795,8797,8820,8878"
6602,36.52,0.73,21,"8629,8635,8637,8654,8669,8685,8687,8715,8733,8735,8739,8747,8750,8755,8771,8777,8780,8783,8788,8789,8835"
6609,26.32,0.44,19,"3108,3413,5457,8635,8671,8722,8724,8734,8744,8745,8746,8750,8752,8764,8780,8792,8806,8830,8834"
6610,41.69,0.80,16,"5737,8638,8666,8674,8676,8688,8720,8731,8732,8739,8756,8767,8776,8779,8782,8889"
6612,52.94,0.80,17,"5646,8644,8645,8663,8677,8726,8729,8730,8743,8758,8759,8766,8771,8790,8791,8804,8805"
6613,37.50,0.55,16,"6541,8629,8634,8636,8637,8661,8667,8715,8723,8727,8736,8762,8793,8818,8835,8918"
6626,10.53,0.50,19,"3454,5537,6376,8640,8658,8665,8721,8725,8726,8732,8738,8749,8756,8766,8767,8782,8793,8804,8834"
6629,17.65,0.21,17,"5646,8639,8655,8668,8673,8677,8681,8736,8745,8747,8755,8759,8778,8789,8791,8817,8828"
6646,27.66,0.49,47,"3967,4815,5699,8634,8656,8666,8728,8730,8744,8764,8766,8777,8800,8806,9160,9165,9170,9204,9217,9232,9242,9267,9295,9303,9671,9694,9703,9704,9708,9735,9736,9737,9745,9763,9764,9783,9788,9806,9815,9818,9830,9832,9836,9888,9954,9956,9978"
6647,6.38,0.30,47,"3613,6310,8669,8687,8721,8732,8739,8745,8750,8754,8756,8760,8771,8784,8795,8804,9149,9174,9175,9194,9212,9220,9221,9278,9663,9672,9676,9710,9741,9756,9762,9769,9770,9779,9781,9782,9795,9799,9802,9819,9822,9823,9831,9833,9849,9912,9957"
6649,10.87,0.50,46,"2647,6308,8643,8663,8668,8725,8733,8734,8746,8749,8752,8772,8786,8835,9163,9166,9181,9189,9205,9206,9211,9224,9226,9229,9252,9264,9274,9280,9673,9675,9686,9734,9739,9772,9773,9778,9798,9801,9807,9811,9812,9827,9838,9850,9889,9959"
6650,16.28,0.44,43,"4494,5605,8632,8633,8639,8653,8659,8665,8673,8716,8731,8748,8762,8785,8809,8816,8830,8878,9161,9164,9167,9180,9191,9200,9209,9214,9225,9228,9233,9235,9272,9310,9681,9691,9711,9751,9754,9774,9775,9786,9793,9828,9940"
6651,20.59,0.51,34,"3454,3566,5457,8664,8671,8722,8723,8726,8738,8778,8828,9147,9168,9234,9237,9241,9243,9248,9250,9304,9662,9678,9684,9700,9705,9707,9733,9771,9794,9808,9809,9817,9837,9880"
6652,25.00,0.30,40,"1380,4816,5292,5537,5646,6376,6541,8636,8651,8658,8660,8670,8789,8790,8792,8807,8876,9176,9184,9192,9236,9239,9240,9269,9271,9297,9301,9313,9688,9701,9706,9743,9744,9752,9758,9787,9790,9882,9897,9971"
6653,8.33,0.45,36,"4456,8637,8645,8655,8686,8688,8727,8729,8736,8741,8742,8759,8780,8793,9171,9193,9198,9227,9244,9246,9254,9276,9279,9668,9738,9746,9755,9791,9796,9820,9826,9834,9843,9876,9953,9977"
6654,15.62,0.48,32,"6303,8640,8662,8679,8776,8782,8796,8880,8889,9173,9178,9179,9199,9201,9216,9286,9669,9682,9683,9692,9753,9759,9777,9789,9816,9821,9840,9871,9890,9895,9955,9958"
6655,11.11,0.30,36,"8635,8648,8677,8681,8685,8720,8724,8735,8740,8743,8753,8755,8791,8817,8918,9131,9137,9196,9255,9273,9290,9312,9665,9685,9690,9742,9760,9776,9780,9785,9813,9814,9829,9841,9848,9952"
6663,12.50,0.41,16,"3413,5646,8638,8645,8648,8667,8687,8715,8727,8746,8752,8755,8785,8789,8817,8886"
6667,82.35,0.46,17,"2647,5457,8633,8637,8646,8669,8671,8715,8723,8733,8742,8753,8756,8779,8796,8835,8878"
6670,16.65,0.66,20,"3454,7223,8637,8646,8647,8679,8721,8723,8724,8739,8740,8742,8748,8758,8760,8766,8782,8792,8828,8835"
6698,31.03,0.69,29,"1380,7782,9161,9170,9175,9201,9206,9214,9237,9246,9274,9275,9287,9301,9302,9312,9669,9704,9744,9746,9760,9769,9785,9795,9797,9816,9822,9831,9871"
6699,10.71,0.46,28,"3613,5699,9147,9169,9171,9176,9215,9218,9229,9254,9304,9310,9703,9739,9753,9754,9756,9778,9782,9783,9787,9788,9791,9799,9801,9819,9826,9842"
6700,7.14,0.14,28,"4494,4816,8880,9131,9149,9159,9173,9209,9212,9225,9226,9263,9264,9278,9672,9706,9708,9737,9741,9747,9767,9775,9808,9809,9811,9813,9817,9824"
6701,12.50,0.56,24,"9199,9200,9204,9219,9223,9231,9241,9272,9306,9665,9667,9701,9709,9733,9745,9755,9762,9772,9790,9792,9802,9832,9843,9850"
6721,7.41,0.46,27,"4816,6903,9137,9147,9157,9159,9192,9196,9198,9223,9224,9243,9313,9675,9694,9733,9753,9770,9790,9793,9804,9810,9837,9840,9940,9953,9956"
6722,23.08,0.64,26,"9131,9165,9170,9179,9197,9206,9217,9231,9240,9254,9278,9279,9294,9301,9691,9700,9758,9773,9781,9782,9788,9789,9799,9821,9843,9897"
6723,7.69,0.28,26,"9161,9181,9200,9211,9239,9304,9306,9670,9672,9678,9710,9746,9752,9762,9764,9767,9776,9780,9795,9818,9829,9830,9848,9890,9952,9957"
6725,8.00,0.47,25,"3613,5605,9171,9178,9186,9216,9286,9297,9303,9671,9677,9743,9744,9766,9785,9792,9802,9808,9809,9816,9822,9825,9831,9833,9947"
6726,7.41,0.45,27,"3967,4815,6303,9162,9174,9204,9214,9234,9250,9252,9263,9267,9274,9664,9683,9735,9738,9755,9756,9794,9807,9813,9815,9834,9838,9912,9958"
6727,9.09,0.48,33,"4494,5699,9166,9168,9173,9189,9193,9212,9218,9235,9247,9272,9296,9662,9663,9673,9681,9685,9688,9689,9690,9693,9704,9742,9771,9786,9787,9797,9801,9811,9817,9880,9954"
6728,2.78,0.29,36,"8807,9149,9160,9164,9175,9195,9201,9228,9241,9248,9255,9280,9290,9302,9676,9682,9684,9707,9708,9741,9751,9754,9757,9763,9772,9777,9779,9796,9806,9826,9827,9842,9850,9881,9888,9942"
6729,10.34,0.53,29,"5292,5482,8880,9154,9158,9163,9185,9191,9209,9219,9225,9232,9233,9236,9244,9273,9295,9669,9686,9687,9711,9734,9737,9769,9774,9820,9849,9876,9895"
6730,6.67,0.38,30,"4456,5154,6310,9194,9199,9220,9237,9269,9276,9285,9665,9668,9692,9701,9703,9705,9739,9745,9760,9778,9783,9791,9798,9812,9824,9832,9836,9925,9928,9955"
6731,11.11,0.50,27,"6308,9167,9176,9180,9184,9205,9226,9227,9229,9261,9275,9680,9709,9736,9747,9759,9775,9814,9819,9823,9828,9841,9871,9889,9932,9941,9959"
6746,11.54,0.56,26,"4816,5065,6303,9137,9158,9167,9199,9242,9255,9271,9278,9280,9684,9707,9711,9736,9782,9789,9810,9813,9836,9838,9942,9956,9959,9978"
6747,15.38,0.49,26,"3967,5605,8880,9178,9179,9263,9296,9313,9677,9735,9741,9746,9760,9764,9807,9818,9821,9825,9840,9850,9869,9888,9895,9941,9953,9954"
6748,8.70,0.46,23,"8945,9147,9166,9181,9232,9241,9275,9279,9286,9295,9301,9662,9665,9706,9708,9709,9733,9755,9772,9779,9816,9897,9952"
6749,6.90,0.40,29,"8807,9149,9160,9163,9170,9174,9175,9180,9193,9195,9219,9239,9254,9294,9756,9781,9788,9791,9794,9802,9822,9826,9827,9829,9849,9881,9889,9890,9932"
6750,0.00,0.00,21,"4456,9220,9252,9269,9272,9302,9663,9689,9692,9693,9743,9745,9754,9795,9806,9815,9819,9830,9871,9940,9958"
6751,6.06,0.39,33,"5699,9157,9159,9171,9197,9206,9212,9216,9218,9221,9226,9236,9237,9303,9673,9686,9688,9690,9694,9737,9752,9758,9771,9778,9785,9799,9801,9808,9811,9823,9832,9834,9957"
6752,4.00,0.34,25,"9198,9208,9211,9231,9240,9264,9276,9664,9668,9685,9687,9704,9742,9780,9787,9793,9809,9814,9817,9820,9841,9842,9876,9951,9955"
6753,6.25,0.41,48,"4815,6310,6903,9131,9162,9164,9165,9184,9201,9205,9225,9227,9228,9233,9234,9243,9248,9310,9312,9669,9670,9675,9678,9680,9682,9710,9734,9739,9744,9747,9751,9753,9762,9763,9766,9769,9774,9777,9783,9790,9792,9797,9804,9824,9833,9848,9947,9977"
6754,0.00,0.00,38,"3613,6308,9173,9189,9191,9209,9214,9217,9229,9244,9246,9267,9273,9274,9671,9676,9681,9683,9691,9700,9701,9703,9705,9738,9759,9767,9770,9773,9775,9776,9786,9796,9798,9812,9828,9831,9837,9912"
6756,5.88,0.23,34,"8880,9149,9180,9221,9225,9232,9236,9247,9248,9274,9276,9280,9296,9297,9680,9685,9686,9693,9694,9709,9711,9741,9756,9763,9796,9801,9804,9807,9810,9813,9828,9829,9833,9838"
6757,13.33,0.40,30,"8945,9147,9162,9176,9255,9267,9271,9290,9295,9310,9663,9678,9703,9704,9706,9734,9736,9737,9738,9743,9752,9798,9816,9831,9840,9869,9889,9956,9958,9959"
6758,10.41,0.45,32,"4456,5605,9163,9205,9209,9216,9218,9220,9240,9263,9264,9273,9302,9677,9684,9692,9745,9754,9764,9769,9770,9772,9781,9789,9797,9802,9820,9822,9824,9834,9947,9954"
6759,9.09,0.46,33,"4816,5292,5699,6303,6308,6310,9137,9178,9181,9189,9199,9217,9219,9228,9234,9252,9279,9665,9670,9690,9733,9758,9759,9782,9814,9815,9825,9841,9842,9871,9953,9955,9957"
6760,3.45,0.32,29,"9161,9165,9191,9193,9211,9224,9227,9244,9664,9681,9682,9691,9705,9742,9751,9774,9779,9787,9799,9806,9812,9817,9823,9848,9850,9890,9897,9912,9952"
6761,15.62,0.57,32,"4494,4815,8807,9158,9164,9174,9179,9192,9195,9212,9233,9241,9243,9269,9312,9662,9688,9700,9701,9747,9755,9766,9767,9776,9777,9783,9786,9788,9791,9827,9832,9836"
6762,6.45,0.40,31,"6903,9159,9160,9170,9171,9197,9198,9204,9206,9208,9214,9229,9239,9246,9272,9275,9313,9668,9669,9673,9675,9676,9708,9753,9780,9785,9790,9795,9808,9821,9932"
6763,2.48,0.33,27,"3613,3967,9157,9166,9175,9186,9196,9200,9231,9235,9237,9242,9254,9278,9301,9671,9683,9689,9744,9760,9775,9778,9809,9819,9830,9876,9940"
6764,13.33,0.51,30,"9131,9167,9173,9184,9194,9201,9226,9286,9294,9303,9687,9707,9710,9735,9739,9746,9762,9771,9773,9793,9794,9811,9818,9826,9837,9881,9888,9895,9941,9978"
6765,30.30,0.51,33,"4456,4815,4816,5699,9192,9229,9244,9297,9303,9664,9670,9673,9677,9685,9708,9734,9752,9753,9754,9758,9759,9778,9780,9782,9783,9799,9817,9825,9833,9838,9842,9890,9940"
6767,23.53,0.69,17,"3613,4494,5065,5292,6308,6310,9174,9178,9241,9242,9243,9248,9275,9276,9279,9286,9296"
6772,18.75,0.70,16,"4456,4815,8945,9137,9164,9165,9167,9179,9191,9200,9220,9235,9246,9254,9272,9280"
6776,29.63,0.64,27,"9180,9193,9196,9200,9212,9228,9241,9269,9272,9278,9279,9295,9302,9668,9687,9700,9704,9710,9736,9738,9776,9792,9802,9806,9881,9942,9952"
6777,14.71,0.62,34,"3613,6310,6903,9171,9174,9178,9191,9199,9201,9211,9218,9220,9235,9247,9286,9290,9669,9671,9686,9701,9703,9742,9763,9793,9811,9814,9820,9829,9850,9869,9876,9932,9941,9954"
6778,32.00,0.69,25,"5065,8880,9137,9160,9170,9194,9197,9209,9219,9233,9243,9252,9267,9275,9688,9690,9692,9747,9762,9772,9781,9789,9797,9808,9871"
6779,27.59,0.45,29,"4494,6303,9162,9163,9176,9181,9204,9216,9255,9274,9312,9678,9680,9681,9683,9693,9705,9755,9779,9786,9807,9815,9826,9828,9830,9832,9834,9895,9956"
6780,21.74,0.54,23,"9159,9165,9166,9189,9206,9224,9227,9231,9273,9280,9662,9675,9676,9733,9735,9756,9769,9774,9813,9836,9889,9947,9951"
6781,25.00,0.53,36,"5292,9131,9149,9184,9205,9217,9226,9236,9242,9254,9313,9665,9682,9706,9737,9743,9744,9745,9760,9764,9767,9770,9785,9787,9790,9794,9801,9809,9816,9823,9831,9840,9848,9957,9958,9978"
6782,45.00,0.80,20,"3967,8807,9147,9157,9164,9208,9232,9263,9276,9310,9663,9711,9771,9773,9775,9795,9821,9837,9888,9912"
6783,31.82,0.51,22,"5605,9161,9175,9186,9237,9239,9246,9271,9296,9684,9694,9707,9739,9741,9777,9788,9804,9812,9819,9897,9953,9955"
6784,11.54,0.44,26,"6308,8945,9158,9167,9173,9195,9198,9221,9225,9234,9248,9264,9301,9709,9746,9751,9791,9796,9798,9810,9818,9822,9824,9827,9841,9959"
6815,29.41,0.54,17,"4456,4494,6310,8880,9157,9174,9181,9196,9215,9221,9232,9236,9241,9269,9301,9304,9310"
6818,21.05,0.62,19,"5699,9167,9173,9185,9192,9204,9211,9212,9216,9217,9219,9220,9229,9233,9246,9248,9250,9264,9276"
6829,15.38,0.46,26,"4816,9131,9147,9164,9194,9201,9232,9244,9269,9276,9683,9704,9707,9754,9760,9763,9769,9783,9808,9811,9817,9819,9820,9833,9843,9895"
6830,16.67,0.50,24,"9167,9168,9171,9174,9179,9199,9200,9234,9273,9310,9665,9701,9776,9793,9794,9795,9796,9799,9807,9809,9812,9826,9871,9956"
6831,26.32,0.58,19,"8807,8880,9193,9206,9224,9233,9241,9255,9290,9295,9743,9772,9780,9781,9788,9813,9821,9830,9849"
6832,6.85,0.16,34,"9161,9178,9212,9217,9220,9227,9229,9235,9278,9286,9671,9678,9684,9690,9705,9708,9734,9741,9742,9745,9746,9775,9777,9779,9791,9801,9818,9822,9827,9828,9888,9940,9952,9953"
6833,8.82,0.29,34,"9160,9191,9198,9204,9205,9221,9236,9239,9246,9248,9274,9304,9313,9676,9691,9692,9706,9737,9738,9759,9762,9764,9773,9786,9789,9814,9829,9832,9836,9841,9850,9890,9954,9955"
6834,26.32,0.48,19,"4456,9181,9279,9682,9685,9688,9694,9739,9751,9752,9753,9798,9831,9834,9838,9840,9848,9912,9957"
6835,24.14,0.66,29,"1380,3613,3967,4494,5292,5605,9149,9163,9173,9175,9189,9196,9216,9242,9243,9250,9264,9662,9663,9669,9686,9703,9744,9756,9770,9810,9823,9837,9971"
6837,18.18,0.54,22,"6303,9137,9180,9192,9209,9214,9228,9254,9267,9280,9301,9672,9700,9711,9735,9790,9815,9816,9876,9958,9959,9977"
6838,8.33,0.21,24,"5699,6310,9170,9176,9225,9226,9237,9252,9272,9303,9668,9673,9675,9681,9733,9755,9758,9771,9778,9782,9806,9880,9889,9897"
6931,29.41,0.56,17,"9670,9676,9680,9684,9688,9689,9692,9733,9758,9763,9775,9780,9787,9822,9841,9848,9881"
6936,24.14,0.75,29,"9668,9671,9687,9690,9711,9734,9735,9739,9746,9760,9769,9771,9782,9795,9796,9801,9807,9810,9813,9815,9817,9826,9840,9940,9942,9952,9957,9959,9978"
6938,17.65,0.52,17,"9681,9682,9701,9704,9743,9744,9747,9762,9785,9809,9834,9836,9842,9869,9889,9941,9947"
6939,15.79,0.41,19,"9665,9673,9693,9710,9738,9742,9751,9774,9777,9778,9799,9804,9811,9812,9824,9825,9876,9912,9932"
6960,15.00,0.53,20,"9665,9676,9736,9738,9744,9745,9752,9756,9770,9771,9780,9781,9797,9812,9814,9817,9818,9826,9897,9955"
6961,21.23,0.56,22,"9669,9670,9671,9678,9706,9762,9764,9774,9775,9788,9794,9810,9816,9840,9848,9849,9876,9881,9889,9895,9932,9971"
7010,18.75,0.60,16,"9672,9680,9681,9684,9691,9700,9711,9759,9763,9773,9787,9789,9791,9799,9832,9954"
7011,16.67,0.51,30,"9663,9664,9677,9710,9733,9734,9737,9741,9742,9743,9746,9758,9760,9769,9779,9782,9783,9785,9796,9801,9807,9808,9819,9825,9827,9829,9831,9841,9871,9940"
7014,30.43,0.51,23,"9662,9666,9668,9685,9690,9735,9751,9754,9778,9790,9795,9806,9809,9815,9822,9869,9880,9888,9890,9947,9956,9957,9958"
